
80
800
120
20

199: 0, 0, 0, 7, 0, 0, 0, 0, 0, 0, 0, 6, 5, 18, 24, 0, 0, 1, 0, 0, 0, 3, 7, 10, 0, 7, 7, 11, 0, 3, 5, 6, 0, 9, 0, 0, 0, 6, 3, 2, 2, 3, 5, 0, 0, 0, 0, 10, 9, 0, 0, 6, 1, 2, 8, 0, 7, 12, 1, 6, 0, 1, 0, 0, 0, 0, 0, 9, 2, 0, 3, 11, 0, 0, 5, 0, 0, 0, 2, 0, : 7, 6, 5, 18, 24, 1, 3, 7, 10, 7, 7, 11, 3, 5, 6, 9, 6, 3, 2, 2, 3, 5, 10, 9, 6, 1, 2, 8, 7, 12, 1, 6, 1, 9, 2, 3, 11, 5, 2, 
454: 5, 0, 0, 5, 0, 0, 0, 0, 2, 0, 1, 2, 0, 0, 1, 21, 0, 0, 0, 0, 4, 21, 0, 0, 2, 0, 0, 0, 0, 2, 4, 0, 0, 0, 9, 13, 0, 0, 0, 0, 0, 13, 1, 7, 3, 8, 1, 12, 0, 12, 1, 0, 14, 1, 1, 0, 0, 0, 0, 11, 0, 0, 0, 13, 0, 0, 5, 1, 3, 0, 0, 1, 1, 8, 0, 0, 0, 2, 0, 0, : 5, 5, 2, 1, 2, 1, 21, 4, 21, 2, 2, 4, 9, 13, 13, 1, 7, 3, 8, 1, 12, 12, 1, 14, 1, 1, 11, 13, 5, 1, 3, 1, 1, 8, 2, 
265: 0, 2, 0, 12, 7, 11, 0, 12, 7, 0, 0, 0, 6, 0, 3, 1, 3, 14, 9, 18, 4, 0, 0, 8, 0, 6, 1, 4, 0, 0, 0, 0, 0, 0, 0, 9, 2, 0, 4, 0, 2, 3, 0, 0, 0, 0, 0, 1, 7, 4, 12, 6, 0, 5, 13, 0, 0, 0, 1, 0, 16, 0, 7, 0, 1, 0, 0, 6, 0, 0, 7, 0, 0, 8, 0, 0, 5, 0, 4, 4, : 2, 12, 7, 11, 12, 7, 6, 3, 1, 3, 14, 9, 18, 4, 8, 6, 1, 4, 9, 2, 4, 2, 3, 1, 7, 4, 12, 6, 5, 13, 1, 16, 7, 1, 6, 7, 8, 5, 4, 4, 
318: 0, 10, 0, 5, 0, 0, 3, 0, 7, 21, 5, 0, 1, 0, 19, 3, 3, 0, 0, 0, 0, 0, 2, 0, 0, 0, 5, 15, 0, 0, 2, 0, 0, 7, 1, 0, 0, 4, 14, 0, 12, 0, 1, 0, 8, 10, 5, 3, 0, 0, 0, 6, 8, 0, 0, 0, 20, 0, 8, 3, 3, 9, 0, 2, 2, 7, 0, 1, 0, 3, 6, 0, 2, 0, 2, 0, 0, 1, 6, 18, : 10, 5, 3, 7, 21, 5, 1, 19, 3, 3, 2, 5, 15, 2, 7, 1, 4, 14, 12, 1, 8, 10, 5, 3, 6, 8, 20, 8, 3, 3, 9, 2, 2, 7, 1, 3, 6, 2, 2, 1, 6, 18, 
716: 5, 0, 8, 0, 6, 1, 0, 0, 1, 4, 0, 2, 0, 6, 1, 4, 3, 0, 0, 0, 0, 0, 6, 0, 0, 4, 0, 0, 0, 4, 1, 0, 2, 0, 0, 0, 0, 10, 6, 0, 0, 1, 1, 19, 19, 6, 9, 3, 0, 0, 0, 1, 0, 13, 2, 0, 3, 0, 14, 5, 6, 9, 0, 2, 0, 1, 0, 0, 1, 13, 2, 0, 0, 0, 0, 0, 0, 0, 8, 4, : 5, 8, 6, 1, 1, 4, 2, 6, 1, 4, 3, 6, 4, 4, 1, 2, 10, 6, 1, 1, 19, 19, 6, 9, 3, 1, 13, 2, 3, 14, 5, 6, 9, 2, 1, 1, 13, 2, 8, 4, 
135: 0, 2, 0, 5, 4, 0, 12, 0, 3, 0, 4, 6, 0, 1, 0, 0, 0, 0, 2, 7, 3, 0, 7, 0, 0, 0, 5, 1, 6, 0, 0, 0, 0, 1, 1, 0, 9, 0, 1, 23, 4, 0, 0, 0, 0, 1, 10, 6, 9, 0, 2, 4, 0, 1, 0, 0, 0, 0, 0, 1, 18, 1, 0, 0, 0, 2, 0, 0, 0, 4, 0, 21, 0, 2, 0, 24, 0, 7, 19, 1, : 2, 5, 4, 12, 3, 4, 6, 1, 2, 7, 3, 7, 5, 1, 6, 1, 1, 9, 1, 23, 4, 1, 10, 6, 9, 2, 4, 1, 1, 18, 1, 2, 4, 21, 2, 24, 7, 19, 1, 
23: 0, 0, 1, 12, 1, 20, 0, 0, 1, 0, 11, 8, 0, 0, 0, 0, 0, 0, 3, 0, 0, 0, 0, 0, 0, 1, 2, 0, 0, 0, 0, 21, 0, 0, 8, 0, 7, 0, 0, 0, 5, 1, 1, 0, 0, 3, 2, 3, 2, 2, 7, 9, 5, 1, 1, 0, 0, 0, 0, 0, 5, 0, 1, 0, 5, 2, 0, 0, 0, 0, 0, 0, 0, 0, 3, 11, 0, 4, 0, 0, : 1, 12, 1, 20, 1, 11, 8, 3, 1, 2, 21, 8, 7, 5, 1, 1, 3, 2, 3, 2, 2, 7, 9, 5, 1, 1, 5, 1, 5, 2, 3, 11, 4, 
345: 2, 22, 0, 7, 0, 0, 0, 0, 0, 0, 0, 0, 0, 1, 1, 0, 4, 0, 1, 5, 0, 0, 5, 0, 2, 5, 0, 1, 0, 0, 0, 0, 5, 0, 0, 8, 0, 0, 3, 9, 2, 7, 20, 0, 0, 0, 14, 0, 0, 0, 0, 4, 0, 9, 1, 0, 1, 23, 3, 1, 0, 0, 0, 9, 6, 0, 8, 0, 0, 0, 1, 9, 3, 0, 0, 1, 3, 1, 0, 0, : 2, 22, 7, 1, 1, 4, 1, 5, 5, 2, 5, 1, 5, 8, 3, 9, 2, 7, 20, 14, 4, 9, 1, 1, 23, 3, 1, 9, 6, 8, 1, 9, 3, 1, 3, 1, 
429: 4, 0, 0, 1, 0, 0, 0, 11, 9, 2, 7, 0, 3, 0, 0, 4, 3, 0, 0, 0, 10, 12, 1, 2, 0, 0, 0, 16, 0, 0, 0, 7, 0, 15, 0, 0, 0, 0, 0, 0, 0, 2, 0, 3, 0, 2, 4, 1, 2, 0, 4, 0, 0, 10, 0, 0, 0, 0, 8, 0, 0, 0, 0, 23, 1, 0, 2, 16, 0, 7, 0, 0, 0, 4, 0, 1, 0, 4, 0, 3, : 4, 1, 11, 9, 2, 7, 3, 4, 3, 10, 12, 1, 2, 16, 7, 15, 2, 3, 2, 4, 1, 2, 4, 10, 8, 23, 1, 2, 16, 7, 4, 1, 4, 3, 
218: 0, 9, 0, 0, 0, 25, 0, 4, 0, 1, 0, 3, 28, 19, 6, 0, 0, 0, 5, 0, 2, 6, 0, 2, 4, 0, 0, 0, 3, 18, 0, 0, 14, 0, 0, 3, 26, 5, 0, 0, 0, 0, 0, 0, 0, 0, 0, 1, 0, 4, 6, 0, 0, 17, 2, 8, 0, 0, 1, 0, 0, 0, 8, 0, 0, 0, 0, 0, 0, 11, 1, 0, 5, 7, 6, 0, 0, 7, 0, 0, : 9, 25, 4, 1, 3, 28, 19, 6, 5, 2, 6, 2, 4, 3, 18, 14, 3, 26, 5, 1, 4, 6, 17, 2, 8, 1, 8, 11, 1, 5, 7, 6, 7, 
275: 9, 7, 24, 4, 4, 0, 8, 0, 6, 0, 5, 1, 0, 5, 3, 0, 0, 0, 0, 0, 12, 0, 4, 7, 0, 0, 8, 2, 16, 2, 0, 0, 0, 0, 0, 0, 1, 14, 10, 0, 7, 2, 0, 14, 1, 0, 0, 0, 0, 6, 4, 0, 0, 0, 0, 0, 0, 0, 16, 0, 0, 0, 4, 0, 6, 0, 0, 0, 0, 0, 0, 0, 0, 3, 0, 0, 6, 12, 0, 2, : 9, 7, 24, 4, 4, 8, 6, 5, 1, 5, 3, 12, 4, 7, 8, 2, 16, 2, 1, 14, 10, 7, 2, 14, 1, 6, 4, 16, 4, 6, 3, 6, 12, 2, 
102: 15, 3, 0, 0, 0, 12, 17, 0, 5, 7, 1, 13, 6, 3, 0, 18, 9, 0, 0, 12, 5, 4, 15, 2, 0, 0, 10, 0, 2, 8, 21, 1, 4, 2, 1, 0, 1, 0, 0, 2, 0, 0, 6, 0, 0, 0, 2, 3, 1, 0, 3, 14, 0, 0, 5, 0, 0, 0, 2, 0, 17, 0, 0, 0, 4, 1, 3, 0, 6, 25, 0, 0, 8, 0, 0, 0, 0, 1, 0, 2, : 15, 3, 12, 17, 5, 7, 1, 13, 6, 3, 18, 9, 12, 5, 4, 15, 2, 10, 2, 8, 21, 1, 4, 2, 1, 1, 2, 6, 2, 3, 1, 3, 14, 5, 2, 17, 4, 1, 3, 6, 25, 8, 1, 2, 
368: 0, 0, 2, 0, 0, 0, 0, 0, 0, 4, 21, 0, 0, 2, 0, 0, 0, 0, 6, 0, 0, 0, 0, 1, 0, 0, 13, 0, 0, 0, 4, 9, 0, 0, 0, 4, 0, 0, 4, 3, 0, 3, 6, 0, 3, 0, 0, 9, 0, 0, 2, 0, 0, 0, 0, 0, 5, 3, 8, 3, 0, 15, 19, 6, 1, 5, 0, 8, 3, 0, 0, 0, 0, 3, 4, 0, 19, 0, 15, 4, : 2, 4, 21, 2, 6, 1, 13, 4, 9, 4, 4, 3, 3, 6, 3, 9, 2, 5, 3, 8, 3, 15, 19, 6, 1, 5, 8, 3, 3, 4, 19, 15, 4, 
674: 0, 0, 0, 7, 4, 8, 0, 0, 0, 13, 0, 7, 4, 0, 0, 0, 0, 18, 3, 1, 25, 1, 0, 0, 0, 0, 1, 0, 0, 0, 6, 3, 0, 12, 0, 1, 9, 1, 0, 0, 8, 5, 0, 10, 4, 0, 1, 7, 3, 0, 1, 0, 0, 2, 5, 0, 0, 0, 1, 2, 0, 0, 0, 0, 13, 0, 10, 0, 0, 2, 6, 1, 0, 1, 0, 0, 0, 13, 0, 0, : 7, 4, 8, 13, 7, 4, 18, 3, 1, 25, 1, 1, 6, 3, 12, 1, 9, 1, 8, 5, 10, 4, 1, 7, 3, 1, 2, 5, 1, 2, 13, 10, 2, 6, 1, 1, 13, 
276: 1, 2, 17, 0, 0, 3, 0, 2, 1, 4, 0, 1, 0, 0, 3, 6, 8, 3, 0, 6, 4, 1, 1, 13, 16, 1, 3, 14, 0, 1, 19, 22, 0, 0, 3, 0, 3, 0, 0, 8, 0, 0, 0, 10, 0, 13, 6, 7, 0, 12, 2, 6, 6, 10, 2, 5, 0, 0, 2, 7, 0, 0, 0, 2, 1, 13, 6, 2, 0, 16, 0, 0, 15, 4, 17, 0, 0, 9, 0, 0, : 1, 2, 17, 3, 2, 1, 4, 1, 3, 6, 8, 3, 6, 4, 1, 1, 13, 16, 1, 3, 14, 1, 19, 22, 3, 3, 8, 10, 13, 6, 7, 12, 2, 6, 6, 10, 2, 5, 2, 7, 2, 1, 13, 6, 2, 16, 15, 4, 17, 9, 
579: 1, 10, 0, 0, 5, 2, 2, 0, 3, 1, 0, 0, 1, 5, 7, 12, 9, 0, 0, 16, 0, 0, 0, 1, 0, 0, 0, 3, 0, 0, 0, 14, 0, 0, 2, 3, 0, 0, 0, 13, 15, 0, 0, 6, 0, 0, 0, 0, 0, 1, 4, 0, 0, 0, 3, 4, 7, 0, 1, 0, 0, 6, 0, 0, 0, 2, 0, 0, 7, 0, 13, 0, 2, 9, 0, 0, 0, 0, 0, 0, : 1, 10, 5, 2, 2, 3, 1, 1, 5, 7, 12, 9, 16, 1, 3, 14, 2, 3, 13, 15, 6, 1, 4, 3, 4, 7, 1, 6, 2, 7, 13, 2, 9, 
72: 3, 0, 0, 3, 2, 8, 21, 0, 0, 0, 0, 0, 0, 0, 0, 6, 8, 16, 0, 0, 0, 0, 2, 11, 1, 0, 0, 0, 7, 10, 0, 0, 0, 0, 1, 0, 2, 0, 7, 1, 0, 0, 2, 2, 0, 2, 1, 0, 0, 0, 3, 1, 12, 2, 5, 3, 0, 4, 1, 6, 0, 0, 0, 0, 0, 0, 0, 0, 9, 0, 3, 0, 9, 0, 2, 0, 0, 0, 0, 2, : 3, 3, 2, 8, 21, 6, 8, 16, 2, 11, 1, 7, 10, 1, 2, 7, 1, 2, 2, 2, 1, 3, 1, 12, 2, 5, 3, 4, 1, 6, 9, 3, 9, 2, 2, 
672: 0, 0, 0, 1, 1, 0, 5, 26, 0, 3, 0, 0, 0, 1, 7, 3, 9, 4, 5, 0, 0, 0, 3, 0, 0, 7, 10, 9, 0, 1, 2, 0, 5, 0, 1, 0, 1, 3, 0, 0, 4, 0, 15, 6, 19, 17, 4, 2, 2, 0, 0, 1, 0, 5, 0, 0, 0, 0, 1, 0, 3, 10, 0, 0, 3, 5, 1, 5, 0, 1, 2, 3, 20, 3, 13, 0, 0, 0, 0, 0, : 1, 1, 5, 26, 3, 1, 7, 3, 9, 4, 5, 3, 7, 10, 9, 1, 2, 5, 1, 1, 3, 4, 15, 6, 19, 17, 4, 2, 2, 1, 5, 1, 3, 10, 3, 5, 1, 5, 1, 2, 3, 20, 3, 13, 
596: 0, 0, 0, 2, 2, 0, 0, 19, 0, 0, 0, 0, 4, 1, 3, 1, 0, 11, 0, 5, 3, 5, 2, 0, 0, 2, 0, 0, 0, 9, 1, 0, 0, 19, 0, 1, 2, 1, 0, 8, 0, 6, 0, 0, 0, 0, 17, 3, 18, 0, 4, 5, 0, 1, 4, 2, 1, 22, 0, 0, 0, 0, 0, 0, 5, 1, 0, 0, 0, 5, 0, 0, 0, 24, 0, 0, 0, 0, 0, 8, : 2, 2, 19, 4, 1, 3, 1, 11, 5, 3, 5, 2, 2, 9, 1, 19, 1, 2, 1, 8, 6, 17, 3, 18, 4, 5, 1, 4, 2, 1, 22, 5, 1, 5, 24, 8, 
100: 0, 5, 5, 1, 0, 1, 0, 0, 0, 0, 0, 0, 4, 9, 0, 0, 3, 3, 0, 23, 0, 0, 0, 12, 0, 0, 7, 0, 0, 9, 0, 0, 0, 0, 8, 0, 0, 8, 0, 2, 4, 0, 0, 1, 7, 0, 0, 1, 3, 2, 0, 1, 0, 0, 8, 4, 3, 16, 0, 4, 0, 0, 0, 3, 11, 11, 0, 5, 0, 0, 6, 0, 0, 0, 9, 0, 0, 2, 0, 19, : 5, 5, 1, 1, 4, 9, 3, 3, 23, 12, 7, 9, 8, 8, 2, 4, 1, 7, 1, 3, 2, 1, 8, 4, 3, 16, 4, 3, 11, 11, 5, 6, 9, 2, 19, 
120: 17, 0, 4, 1, 0, 4, 18, 0, 0, 12, 1, 7, 0, 0, 6, 2, 0, 0, 2, 0, 0, 0, 6, 7, 0, 13, 3, 0, 0, 3, 0, 0, 0, 1, 0, 0, 2, 3, 5, 0, 8, 4, 0, 0, 0, 0, 3, 9, 0, 0, 0, 7, 0, 0, 5, 4, 8, 0, 7, 1, 8, 6, 11, 1, 6, 0, 0, 0, 0, 0, 0, 0, 2, 3, 0, 8, 0, 5, 2, 0, : 17, 4, 1, 4, 18, 12, 1, 7, 6, 2, 2, 6, 7, 13, 3, 3, 1, 2, 3, 5, 8, 4, 3, 9, 7, 5, 4, 8, 7, 1, 8, 6, 11, 1, 6, 2, 3, 8, 5, 2, 
184: 3, 13, 3, 0, 4, 0, 13, 10, 4, 0, 0, 0, 0, 3, 0, 0, 4, 6, 0, 2, 7, 0, 0, 5, 0, 2, 5, 7, 8, 1, 8, 0, 15, 0, 20, 0, 4, 0, 0, 0, 0, 12, 2, 9, 2, 0, 4, 0, 9, 2, 2, 0, 0, 0, 2, 17, 13, 0, 0, 17, 6, 0, 0, 6, 0, 13, 0, 0, 1, 0, 1, 0, 1, 1, 0, 0, 0, 7, 0, 1, : 3, 13, 3, 4, 13, 10, 4, 3, 4, 6, 2, 7, 5, 2, 5, 7, 8, 1, 8, 15, 20, 4, 12, 2, 9, 2, 4, 9, 2, 2, 2, 17, 13, 17, 6, 6, 13, 1, 1, 1, 1, 7, 1, 
767: 1, 11, 0, 3, 0, 0, 0, 0, 14, 0, 6, 11, 0, 0, 0, 1, 0, 7, 0, 0, 3, 0, 6, 1, 1, 6, 7, 1, 8, 0, 0, 0, 2, 1, 0, 0, 0, 3, 0, 0, 0, 0, 0, 0, 1, 2, 0, 0, 10, 3, 21, 3, 0, 6, 1, 18, 0, 0, 2, 1, 1, 21, 25, 0, 0, 1, 17, 3, 17, 0, 9, 0, 4, 0, 0, 0, 16, 7, 1, 18, : 1, 11, 3, 14, 6, 11, 1, 7, 3, 6, 1, 1, 6, 7, 1, 8, 2, 1, 3, 1, 2, 10, 3, 21, 3, 6, 1, 18, 2, 1, 1, 21, 25, 1, 17, 3, 17, 9, 4, 16, 7, 1, 18, 
87: 2, 0, 0, 0, 5, 0, 2, 0, 2, 4, 1, 0, 1, 0, 11, 8, 7, 0, 11, 0, 2, 3, 0, 2, 7, 0, 11, 3, 0, 4, 0, 0, 0, 0, 0, 0, 5, 0, 6, 0, 8, 6, 4, 0, 2, 2, 0, 2, 0, 0, 1, 0, 0, 0, 7, 0, 3, 5, 0, 2, 1, 3, 4, 0, 0, 0, 6, 4, 0, 0, 0, 1, 0, 0, 0, 0, 0, 0, 0, 0, : 2, 5, 2, 2, 4, 1, 1, 11, 8, 7, 11, 2, 3, 2, 7, 11, 3, 4, 5, 6, 8, 6, 4, 2, 2, 2, 1, 7, 3, 5, 2, 1, 3, 4, 6, 4, 1, 
572: 0, 0, 13, 0, 11, 8, 1, 0, 1, 18, 4, 0, 12, 2, 5, 4, 0, 0, 13, 0, 0, 0, 0, 0, 0, 7, 0, 1, 0, 1, 24, 2, 0, 7, 0, 0, 6, 0, 0, 0, 11, 1, 0, 0, 0, 0, 0, 0, 1, 0, 1, 1, 0, 14, 0, 17, 4, 0, 4, 1, 2, 0, 3, 0, 0, 6, 18, 8, 0, 14, 3, 0, 0, 9, 0, 0, 1, 4, 0, 0, : 13, 11, 8, 1, 1, 18, 4, 12, 2, 5, 4, 13, 7, 1, 1, 24, 2, 7, 6, 11, 1, 1, 1, 1, 14, 17, 4, 4, 1, 2, 3, 6, 18, 8, 14, 3, 9, 1, 4, 
2: 0, 8, 2, 4, 5, 0, 1, 0, 10, 1, 2, 2, 1, 0, 0, 2, 11, 0, 2, 1, 11, 15, 4, 0, 13, 0, 2, 0, 14, 1, 0, 11, 0, 0, 0, 0, 2, 13, 0, 10, 12, 0, 3, 3, 4, 16, 1, 0, 1, 0, 1, 1, 12, 0, 4, 0, 6, 0, 0, 6, 10, 14, 0, 0, 13, 0, 4, 0, 6, 2, 5, 4, 1, 1, 0, 11, 5, 9, 0, 0, : 8, 2, 4, 5, 1, 10, 1, 2, 2, 1, 2, 11, 2, 1, 11, 15, 4, 13, 2, 14, 1, 11, 2, 13, 10, 12, 3, 3, 4, 16, 1, 1, 1, 1, 12, 4, 6, 6, 10, 14, 13, 4, 6, 2, 5, 4, 1, 1, 11, 5, 9, 
776: 5, 0, 1, 2, 7, 0, 10, 10, 0, 1, 0, 4, 2, 11, 0, 0, 7, 15, 20, 0, 0, 0, 2, 0, 0, 0, 1, 0, 4, 7, 0, 3, 0, 0, 2, 18, 0, 7, 0, 0, 0, 0, 1, 2, 0, 0, 2, 0, 24, 1, 0, 6, 0, 0, 3, 0, 0, 1, 2, 4, 8, 16, 18, 0, 5, 0, 0, 2, 6, 0, 0, 0, 0, 2, 0, 0, 0, 0, 15, 0, : 5, 1, 2, 7, 10, 10, 1, 4, 2, 11, 7, 15, 20, 2, 1, 4, 7, 3, 2, 18, 7, 1, 2, 2, 24, 1, 6, 3, 1, 2, 4, 8, 16, 18, 5, 2, 6, 2, 15, 
372: 22, 0, 0, 7, 0, 6, 0, 0, 14, 0, 19, 0, 1, 0, 0, 0, 0, 0, 6, 2, 15, 11, 8, 8, 5, 17, 0, 0, 3, 0, 0, 0, 0, 1, 1, 21, 0, 0, 0, 0, 0, 0, 6, 11, 0, 0, 0, 0, 5, 19, 1, 3, 0, 1, 11, 0, 8, 2, 1, 0, 1, 0, 15, 1, 5, 0, 10, 0, 0, 0, 0, 10, 11, 1, 2, 0, 0, 1, 10, 0, : 22, 7, 6, 14, 19, 1, 6, 2, 15, 11, 8, 8, 5, 17, 3, 1, 1, 21, 6, 11, 5, 19, 1, 3, 1, 11, 8, 2, 1, 1, 15, 1, 5, 10, 10, 11, 1, 2, 1, 10, 
434: 0, 0, 0, 2, 3, 0, 0, 0, 18, 12, 6, 0, 0, 11, 0, 0, 0, 0, 0, 4, 0, 9, 1, 1, 12, 19, 1, 12, 1, 2, 0, 1, 5, 1, 0, 21, 27, 0, 0, 23, 0, 4, 5, 0, 7, 0, 11, 5, 0, 0, 8, 6, 0, 1, 2, 0, 0, 3, 2, 8, 4, 0, 0, 0, 0, 3, 15, 0, 12, 0, 7, 0, 3, 1, 0, 0, 0, 6, 6, 0, : 2, 3, 18, 12, 6, 11, 4, 9, 1, 1, 12, 19, 1, 12, 1, 2, 1, 5, 1, 21, 27, 23, 4, 5, 7, 11, 5, 8, 6, 1, 2, 3, 2, 8, 4, 3, 15, 12, 7, 3, 1, 6, 6, 
282: 0, 0, 0, 2, 0, 3, 2, 0, 0, 0, 0, 0, 2, 0, 0, 0, 6, 11, 1, 3, 0, 2, 0, 1, 0, 0, 0, 1, 4, 10, 0, 1, 0, 0, 0, 0, 0, 3, 0, 0, 0, 1, 1, 6, 0, 1, 0, 2, 0, 1, 0, 2, 0, 0, 0, 0, 1, 0, 0, 22, 0, 0, 0, 11, 1, 0, 1, 1, 0, 16, 0, 0, 0, 0, 9, 0, 0, 0, 0, 0, : 2, 3, 2, 2, 6, 11, 1, 3, 2, 1, 1, 4, 10, 1, 3, 1, 1, 6, 1, 2, 1, 2, 1, 22, 11, 1, 1, 1, 16, 9, 
397: 5, 0, 0, 2, 0, 0, 0, 0, 0, 0, 0, 1, 10, 14, 0, 0, 0, 1, 0, 0, 2, 1, 0, 0, 9, 15, 0, 8, 19, 4, 4, 0, 1, 0, 8, 0, 0, 0, 12, 1, 2, 7, 1, 3, 5, 1, 7, 0, 0, 2, 0, 4, 0, 0, 0, 10, 1, 5, 1, 0, 0, 0, 0, 0, 0, 2, 0, 3, 0, 1, 3, 0, 0, 0, 0, 1, 0, 13, 0, 0, : 5, 2, 1, 10, 14, 1, 2, 1, 9, 15, 8, 19, 4, 4, 1, 8, 12, 1, 2, 7, 1, 3, 5, 1, 7, 2, 4, 10, 1, 5, 1, 2, 3, 1, 3, 1, 13, 
678: 0, 7, 0, 5, 16, 5, 0, 2, 0, 0, 0, 2, 9, 0, 0, 0, 0, 0, 5, 0, 0, 0, 5, 0, 1, 4, 0, 0, 0, 0, 0, 0, 3, 3, 13, 0, 0, 0, 8, 0, 0, 12, 0, 3, 2, 0, 2, 1, 4, 0, 1, 1, 0, 0, 0, 24, 6, 5, 8, 1, 0, 0, 0, 7, 6, 8, 3, 0, 5, 0, 0, 0, 14, 0, 0, 15, 3, 0, 6, 13, : 7, 5, 16, 5, 2, 2, 9, 5, 5, 1, 4, 3, 3, 13, 8, 12, 3, 2, 2, 1, 4, 1, 1, 24, 6, 5, 8, 1, 7, 6, 8, 3, 5, 14, 15, 3, 6, 13, 
538: 0, 0, 0, 0, 5, 0, 0, 0, 0, 0, 11, 11, 15, 0, 0, 0, 0, 3, 0, 0, 7, 0, 2, 0, 0, 0, 0, 0, 0, 0, 0, 0, 8, 0, 0, 0, 2, 0, 0, 0, 0, 20, 0, 2, 0, 11, 3, 3, 2, 7, 2, 4, 2, 12, 0, 0, 11, 0, 1, 0, 0, 0, 0, 0, 4, 5, 2, 2, 0, 0, 0, 0, 2, 2, 0, 0, 0, 1, 0, 6, : 5, 11, 11, 15, 3, 7, 2, 8, 2, 20, 2, 11, 3, 3, 2, 7, 2, 4, 2, 12, 11, 1, 4, 5, 2, 2, 2, 2, 1, 6, 
733: 0, 0, 0, 3, 0, 0, 0, 14, 4, 0, 2, 0, 1, 5, 7, 6, 0, 6, 0, 0, 0, 13, 0, 0, 0, 4, 4, 4, 0, 17, 0, 1, 21, 0, 0, 3, 0, 3, 0, 3, 13, 0, 13, 0, 0, 1, 3, 0, 0, 0, 3, 2, 0, 0, 1, 0, 3, 12, 0, 2, 1, 0, 0, 2, 0, 0, 0, 13, 0, 0, 14, 1, 0, 3, 23, 2, 14, 0, 3, 0, : 3, 14, 4, 2, 1, 5, 7, 6, 6, 13, 4, 4, 4, 17, 1, 21, 3, 3, 3, 13, 13, 1, 3, 3, 2, 1, 3, 12, 2, 1, 2, 13, 14, 1, 3, 23, 2, 14, 3, 
383: 0, 5, 0, 0, 4, 0, 2, 0, 0, 2, 7, 0, 1, 0, 0, 6, 0, 1, 3, 6, 0, 0, 3, 2, 14, 0, 2, 7, 1, 2, 2, 0, 17, 0, 11, 0, 2, 3, 22, 0, 0, 6, 0, 2, 4, 0, 0, 7, 1, 8, 7, 0, 5, 0, 6, 3, 0, 0, 9, 0, 7, 0, 0, 6, 0, 9, 0, 15, 0, 0, 18, 0, 10, 3, 0, 3, 15, 0, 0, 1, : 5, 4, 2, 2, 7, 1, 6, 1, 3, 6, 3, 2, 14, 2, 7, 1, 2, 2, 17, 11, 2, 3, 22, 6, 2, 4, 7, 1, 8, 7, 5, 6, 3, 9, 7, 6, 9, 15, 18, 10, 3, 3, 15, 1, 
166: 0, 0, 0, 1, 2, 0, 0, 0, 2, 10, 1, 18, 0, 0, 5, 0, 0, 0, 6, 0, 0, 1, 8, 14, 6, 0, 8, 0, 0, 0, 0, 0, 0, 0, 0, 2, 0, 1, 0, 3, 0, 0, 7, 0, 0, 0, 0, 0, 0, 17, 4, 1, 0, 0, 1, 1, 3, 0, 3, 2, 0, 5, 5, 7, 0, 1, 1, 11, 4, 0, 0, 0, 2, 13, 0, 5, 0, 2, 22, 0, : 1, 2, 2, 10, 1, 18, 5, 6, 1, 8, 14, 6, 8, 2, 1, 3, 7, 17, 4, 1, 1, 1, 3, 3, 2, 5, 5, 7, 1, 1, 11, 4, 2, 13, 5, 2, 22, 
175: 1, 0, 0, 11, 0, 0, 2, 0, 0, 0, 0, 1, 1, 0, 7, 0, 0, 0, 0, 9, 1, 2, 0, 0, 0, 0, 1, 0, 5, 0, 0, 0, 0, 2, 0, 0, 3, 2, 15, 9, 0, 0, 11, 0, 23, 0, 4, 2, 0, 17, 10, 1, 8, 0, 3, 0, 0, 0, 0, 0, 1, 0, 0, 8, 7, 11, 1, 3, 15, 0, 0, 13, 4, 1, 0, 0, 21, 0, 0, 9, : 1, 11, 2, 1, 1, 7, 9, 1, 2, 1, 5, 2, 3, 2, 15, 9, 11, 23, 4, 2, 17, 10, 1, 8, 3, 1, 8, 7, 11, 1, 3, 15, 13, 4, 1, 21, 9, 
370: 15, 0, 21, 5, 9, 3, 1, 5, 1, 0, 3, 1, 0, 3, 0, 0, 16, 0, 0, 0, 0, 0, 15, 0, 5, 0, 3, 0, 0, 0, 2, 10, 18, 6, 4, 5, 4, 24, 0, 0, 1, 0, 0, 1, 6, 17, 4, 1, 0, 0, 0, 0, 0, 0, 0, 0, 5, 1, 9, 0, 2, 0, 0, 6, 0, 4, 0, 0, 23, 0, 0, 24, 1, 2, 12, 14, 0, 2, 1, 5, : 15, 21, 5, 9, 3, 1, 5, 1, 3, 1, 3, 16, 15, 5, 3, 2, 10, 18, 6, 4, 5, 4, 24, 1, 1, 6, 17, 4, 1, 5, 1, 9, 2, 6, 4, 23, 24, 1, 2, 12, 14, 2, 1, 5, 
227: 0, 4, 8, 0, 9, 0, 0, 5, 5, 0, 2, 13, 2, 0, 1, 12, 0, 0, 0, 0, 0, 5, 0, 0, 7, 0, 0, 0, 14, 0, 11, 0, 0, 19, 0, 0, 0, 6, 0, 0, 0, 1, 8, 0, 0, 7, 0, 4, 7, 0, 0, 10, 22, 0, 3, 0, 1, 6, 0, 0, 0, 0, 0, 0, 12, 5, 7, 2, 0, 0, 0, 0, 0, 1, 0, 24, 6, 0, 0, 0, : 4, 8, 9, 5, 5, 2, 13, 2, 1, 12, 5, 7, 14, 11, 19, 6, 1, 8, 7, 4, 7, 10, 22, 3, 1, 6, 12, 5, 7, 2, 1, 24, 6, 
264: 4, 0, 11, 0, 4, 0, 0, 0, 0, 0, 0, 0, 0, 0, 0, 0, 7, 0, 17, 0, 0, 5, 5, 10, 15, 0, 0, 0, 5, 1, 4, 8, 0, 14, 26, 8, 0, 0, 0, 0, 0, 0, 0, 0, 0, 0, 0, 12, 0, 0, 3, 4, 25, 7, 11, 0, 0, 0, 3, 4, 0, 4, 0, 5, 2, 2, 0, 0, 0, 0, 10, 21, 0, 1, 13, 0, 6, 0, 0, 0, : 4, 11, 4, 7, 17, 5, 5, 10, 15, 5, 1, 4, 8, 14, 26, 8, 12, 3, 4, 25, 7, 11, 3, 4, 4, 5, 2, 2, 10, 21, 1, 13, 6, 


665: 0, 7, 1, 0, 9, 5, 8, 0, 0, 8, 21, 0, 0, 0, 0, 0, 2, 0, 7, 5, 20, 3, 6, 0, 0, 3, 1, 13, 10, 0, 2, 0, 0, 0, 0, 2, 2, 4, 0, 2, 9, 8, 0, 4, 0, 4, 0, 3, 6, 11, 1, 0, 1, 0, 4, 0, 15, 14, 0, 0, 6, 0, 1, 3, 0, 11, 14, 14, 7, 1, 0, 0, 0, 0, 0, 3, 0, 6, 0, 0, : 7, 1, 9, 5, 8, 8, 21, 2, 7, 5, 20, 3, 6, 3, 1, 13, 10, 2, 2, 2, 4, 2, 9, 8, 4, 4, 3, 6, 11, 1, 1, 4, 15, 14, 6, 1, 3, 11, 14, 14, 7, 1, 3, 6, 
255: 2, 12, 0, 5, 2, 15, 1, 2, 2, 0, 0, 1, 0, 0, 0, 0, 1, 13, 2, 6, 1, 12, 0, 6, 0, 0, 2, 2, 3, 5, 5, 10, 0, 0, 0, 0, 2, 0, 0, 5, 0, 0, 0, 0, 7, 0, 0, 7, 0, 0, 0, 0, 2, 2, 0, 0, 3, 4, 9, 0, 1, 8, 0, 0, 0, 0, 9, 0, 3, 0, 5, 0, 3, 1, 9, 0, 2, 6, 0, 4, : 2, 12, 5, 2, 15, 1, 2, 2, 1, 1, 13, 2, 6, 1, 12, 6, 2, 2, 3, 5, 5, 10, 2, 5, 7, 7, 2, 2, 3, 4, 9, 1, 8, 9, 3, 5, 3, 1, 9, 2, 6, 4, 
436: 1, 3, 13, 2, 3, 6, 15, 0, 1, 0, 1, 0, 0, 0, 0, 0, 8, 0, 1, 0, 0, 19, 1, 0, 2, 5, 8, 0, 0, 0, 0, 0, 0, 1, 11, 3, 2, 5, 1, 0, 0, 0, 0, 0, 1, 0, 2, 3, 8, 9, 0, 15, 0, 3, 0, 1, 0, 0, 6, 0, 5, 4, 0, 0, 13, 0, 1, 0, 13, 0, 0, 0, 0, 4, 0, 11, 0, 4, 0, 0, : 1, 3, 13, 2, 3, 6, 15, 1, 1, 8, 1, 19, 1, 2, 5, 8, 1, 11, 3, 2, 5, 1, 1, 2, 3, 8, 9, 15, 3, 1, 6, 5, 4, 13, 1, 13, 4, 11, 4, 
617: 1, 0, 0, 0, 3, 0, 1, 0, 0, 0, 4, 4, 11, 20, 0, 18, 2, 7, 6, 11, 0, 0, 1, 12, 2, 19, 5, 4, 8, 2, 14, 4, 3, 0, 0, 1, 3, 9, 4, 7, 0, 0, 16, 0, 0, 0, 0, 8, 6, 0, 1, 0, 2, 4, 2, 1, 0, 2, 20, 0, 2, 0, 20, 0, 3, 1, 0, 1, 0, 2, 0, 0, 0, 22, 9, 0, 7, 0, 0, 0, : 1, 3, 1, 4, 4, 11, 20, 18, 2, 7, 6, 11, 1, 12, 2, 19, 5, 4, 8, 2, 14, 4, 3, 1, 3, 9, 4, 7, 16, 8, 6, 1, 2, 4, 2, 1, 2, 20, 2, 20, 3, 1, 1, 2, 22, 9, 7, 
662: 0, 0, 2, 0, 9, 1, 0, 4, 2, 0, 3, 0, 7, 0, 0, 0, 0, 0, 0, 0, 9, 2, 1, 0, 0, 4, 2, 0, 0, 1, 0, 0, 20, 0, 0, 0, 0, 2, 1, 0, 4, 5, 0, 0, 4, 0, 0, 0, 4, 0, 10, 7, 0, 0, 0, 0, 0, 4, 3, 0, 0, 0, 17, 2, 4, 3, 0, 0, 3, 0, 0, 0, 3, 0, 10, 0, 0, 0, 0, 0, : 2, 9, 1, 4, 2, 3, 7, 9, 2, 1, 4, 2, 1, 20, 2, 1, 4, 5, 4, 4, 10, 7, 4, 3, 17, 2, 4, 3, 3, 3, 10, 
697: 3, 0, 14, 0, 0, 0, 1, 0, 0, 3, 0, 7, 0, 0, 0, 0, 0, 6, 0, 0, 3, 7, 0, 0, 17, 0, 0, 0, 0, 0, 6, 5, 0, 0, 6, 6, 0, 0, 7, 0, 0, 19, 0, 0, 5, 0, 0, 1, 0, 0, 0, 0, 2, 0, 16, 8, 0, 0, 2, 0, 3, 0, 12, 0, 17, 0, 0, 5, 0, 0, 0, 25, 0, 3, 0, 4, 0, 0, 5, 0, : 3, 14, 1, 3, 7, 6, 3, 7, 17, 6, 5, 6, 6, 7, 19, 5, 1, 2, 16, 8, 2, 3, 12, 17, 5, 25, 3, 4, 5, 
326: 0, 0, 1, 6, 6, 0, 0, 4, 3, 0, 0, 3, 0, 9, 17, 0, 9, 0, 0, 2, 2, 0, 6, 16, 0, 0, 0, 22, 1, 1, 12, 0, 1, 7, 0, 0, 0, 1, 0, 6, 3, 4, 0, 4, 0, 0, 8, 3, 6, 17, 0, 0, 3, 6, 10, 0, 1, 0, 4, 0, 0, 0, 0, 9, 2, 4, 0, 0, 0, 0, 0, 0, 1, 9, 0, 0, 0, 0, 0, 4, : 1, 6, 6, 4, 3, 3, 9, 17, 9, 2, 2, 6, 16, 22, 1, 1, 12, 1, 7, 1, 6, 3, 4, 4, 8, 3, 6, 17, 3, 6, 10, 1, 4, 9, 2, 4, 1, 9, 4, 
552: 2, 0, 1, 1, 0, 5, 2, 0, 5, 0, 4, 2, 0, 0, 20, 0, 19, 5, 0, 0, 0, 4, 7, 0, 0, 6, 5, 0, 0, 1, 1, 2, 0, 11, 0, 0, 0, 0, 0, 10, 26, 0, 3, 0, 4, 15, 1, 0, 12, 2, 0, 0, 0, 0, 0, 0, 2, 0, 21, 2, 0, 15, 0, 0, 1, 0, 0, 5, 0, 1, 0, 2, 3, 3, 0, 0, 0, 16, 8, 2, : 2, 1, 1, 5, 2, 5, 4, 2, 20, 19, 5, 4, 7, 6, 5, 1, 1, 2, 11, 10, 26, 3, 4, 15, 1, 12, 2, 2, 21, 2, 15, 1, 5, 1, 2, 3, 3, 16, 8, 2, 
269: 0, 0, 0, 0, 0, 1, 0, 0, 0, 0, 3, 5, 0, 0, 0, 21, 0, 8, 16, 0, 7, 0, 0, 0, 0, 1, 6, 0, 0, 24, 1, 3, 0, 0, 0, 22, 0, 0, 4, 13, 0, 0, 5, 9, 1, 0, 0, 2, 1, 1, 9, 0, 11, 0, 2, 19, 15, 0, 2, 1, 7, 5, 0, 0, 1, 0, 1, 2, 0, 2, 26, 0, 0, 0, 4, 0, 2, 4, 1, 2, : 1, 3, 5, 21, 8, 16, 7, 1, 6, 24, 1, 3, 22, 4, 13, 5, 9, 1, 2, 1, 1, 9, 11, 2, 19, 15, 2, 1, 7, 5, 1, 1, 2, 2, 26, 4, 2, 4, 1, 2, 
794: 14, 2, 0, 0, 0, 0, 0, 0, 19, 2, 0, 12, 0, 0, 0, 1, 0, 23, 0, 0, 0, 0, 0, 0, 0, 0, 0, 0, 2, 0, 0, 23, 0, 0, 0, 4, 4, 3, 0, 9, 3, 0, 0, 12, 0, 0, 0, 11, 0, 1, 0, 0, 0, 0, 13, 0, 0, 0, 0, 20, 0, 0, 12, 1, 0, 0, 0, 16, 4, 0, 0, 3, 0, 0, 0, 0, 0, 26, 0, 1, : 14, 2, 19, 2, 12, 1, 23, 2, 23, 4, 4, 3, 9, 3, 12, 11, 1, 13, 20, 12, 1, 16, 4, 3, 26, 1, 
398: 1, 5, 1, 0, 2, 0, 3, 0, 0, 0, 1, 6, 0, 0, 9, 0, 0, 1, 0, 0, 1, 17, 0, 0, 0, 1, 0, 0, 5, 0, 5, 15, 3, 7, 0, 0, 0, 18, 2, 0, 2, 12, 0, 2, 18, 0, 0, 0, 9, 0, 4, 0, 0, 0, 1, 18, 0, 0, 0, 0, 1, 0, 0, 0, 6, 4, 6, 2, 0, 3, 22, 0, 3, 5, 0, 3, 0, 0, 1, 4, : 1, 5, 1, 2, 3, 1, 6, 9, 1, 1, 17, 1, 5, 5, 15, 3, 7, 18, 2, 2, 12, 2, 18, 9, 4, 1, 18, 1, 6, 4, 6, 2, 3, 22, 3, 5, 3, 1, 4, 
790: 3, 0, 0, 17, 1, 7, 1, 0, 0, 0, 0, 3, 0, 0, 5, 3, 11, 7, 0, 15, 0, 0, 0, 5, 0, 0, 1, 1, 0, 4, 0, 1, 6, 0, 3, 6, 0, 11, 6, 0, 0, 1, 0, 3, 2, 0, 0, 10, 1, 0, 8, 0, 0, 0, 0, 6, 3, 0, 4, 0, 1, 0, 0, 20, 6, 1, 0, 1, 0, 0, 1, 0, 1, 0, 11, 0, 15, 8, 0, 1, : 3, 17, 1, 7, 1, 3, 5, 3, 11, 7, 15, 5, 1, 1, 4, 1, 6, 3, 6, 11, 6, 1, 3, 2, 10, 1, 8, 6, 3, 4, 1, 20, 6, 1, 1, 1, 1, 11, 15, 8, 1, 
186: 0, 16, 0, 6, 19, 25, 14, 0, 0, 0, 1, 4, 0, 0, 0, 0, 0, 0, 0, 0, 0, 1, 6, 0, 0, 0, 0, 1, 0, 0, 0, 2, 2, 0, 1, 0, 7, 3, 1, 3, 5, 0, 0, 0, 16, 0, 0, 0, 1, 0, 0, 4, 0, 3, 1, 0, 11, 0, 3, 0, 3, 0, 0, 0, 4, 6, 13, 4, 11, 0, 3, 0, 3, 0, 4, 19, 0, 0, 1, 0, : 16, 6, 19, 25, 14, 1, 4, 1, 6, 1, 2, 2, 1, 7, 3, 1, 3, 5, 16, 1, 4, 3, 1, 11, 3, 3, 4, 6, 13, 4, 11, 3, 3, 4, 19, 1, 
121: 1, 6, 11, 0, 5, 3, 0, 24, 1, 2, 3, 0, 0, 0, 1, 0, 2, 0, 1, 1, 0, 5, 5, 0, 4, 0, 0, 7, 0, 10, 7, 4, 0, 4, 11, 2, 0, 0, 3, 0, 0, 1, 0, 16, 2, 0, 0, 0, 0, 0, 0, 0, 3, 0, 1, 0, 4, 10, 5, 9, 0, 0, 0, 5, 5, 1, 0, 0, 3, 0, 0, 0, 0, 1, 0, 0, 10, 0, 3, 6, : 1, 6, 11, 5, 3, 24, 1, 2, 3, 1, 2, 1, 1, 5, 5, 4, 7, 10, 7, 4, 4, 11, 2, 3, 1, 16, 2, 3, 1, 4, 10, 5, 9, 5, 5, 1, 3, 1, 10, 3, 6, 
544: 0, 0, 0, 0, 0, 1, 2, 0, 0, 0, 3, 0, 2, 0, 0, 1, 5, 0, 1, 2, 2, 2, 0, 0, 1, 3, 12, 0, 1, 5, 2, 0, 0, 0, 0, 12, 0, 7, 1, 2, 7, 0, 0, 0, 0, 5, 1, 0, 0, 0, 0, 3, 7, 3, 0, 0, 0, 0, 0, 16, 3, 3, 2, 0, 1, 0, 16, 0, 0, 9, 0, 4, 2, 0, 5, 0, 0, 0, 0, 7, : 1, 2, 3, 2, 1, 5, 1, 2, 2, 2, 1, 3, 12, 1, 5, 2, 12, 7, 1, 2, 7, 5, 1, 3, 7, 3, 16, 3, 3, 2, 1, 16, 9, 4, 2, 5, 7, 
682: 0, 0, 12, 0, 12, 0, 0, 0, 5, 0, 0, 5, 0, 0, 0, 2, 0, 0, 2, 2, 3, 11, 14, 0, 0, 0, 3, 0, 3, 2, 0, 0, 14, 0, 0, 0, 16, 0, 0, 2, 0, 2, 2, 0, 0, 2, 0, 16, 0, 0, 6, 0, 27, 0, 5, 1, 0, 0, 0, 21, 1, 0, 2, 7, 0, 0, 0, 0, 0, 0, 0, 0, 5, 8, 0, 0, 0, 3, 6, 0, : 12, 12, 5, 5, 2, 2, 2, 3, 11, 14, 3, 3, 2, 14, 16, 2, 2, 2, 2, 16, 6, 27, 5, 1, 21, 1, 2, 7, 5, 8, 3, 6, 
573: 6, 0, 9, 0, 0, 0, 0, 1, 12, 0, 2, 0, 0, 0, 0, 6, 5, 4, 14, 0, 5, 0, 0, 2, 0, 0, 0, 0, 0, 1, 3, 5, 0, 3, 0, 1, 4, 0, 0, 1, 14, 0, 20, 2, 1, 8, 0, 0, 0, 0, 1, 12, 5, 0, 0, 0, 2, 0, 0, 22, 11, 2, 0, 0, 0, 1, 0, 3, 19, 0, 0, 0, 0, 3, 0, 11, 0, 6, 0, 2, : 6, 9, 1, 12, 2, 6, 5, 4, 14, 5, 2, 1, 3, 5, 3, 1, 4, 1, 14, 20, 2, 1, 8, 1, 12, 5, 2, 22, 11, 2, 1, 3, 19, 3, 11, 6, 2, 
442: 0, 18, 0, 8, 13, 5, 2, 25, 9, 11, 0, 12, 4, 0, 1, 4, 0, 0, 9, 2, 12, 0, 0, 1, 3, 11, 2, 0, 9, 0, 0, 0, 6, 0, 1, 11, 1, 0, 5, 0, 2, 0, 3, 4, 11, 0, 15, 1, 0, 0, 4, 0, 0, 0, 6, 1, 0, 0, 2, 0, 3, 0, 0, 6, 0, 4, 15, 7, 8, 20, 2, 0, 3, 1, 0, 0, 0, 11, 0, 2, : 18, 8, 13, 5, 2, 25, 9, 11, 12, 4, 1, 4, 9, 2, 12, 1, 3, 11, 2, 9, 6, 1, 11, 1, 5, 2, 3, 4, 11, 15, 1, 4, 6, 1, 2, 3, 6, 4, 15, 7, 8, 20, 2, 3, 1, 11, 2, 
786: 2, 0, 0, 14, 2, 5, 2, 0, 4, 14, 0, 2, 1, 6, 0, 1, 0, 1, 0, 24, 0, 1, 4, 2, 8, 0, 3, 0, 0, 0, 0, 0, 0, 0, 4, 4, 19, 0, 2, 2, 0, 0, 0, 0, 13, 1, 0, 3, 3, 19, 0, 6, 0, 0, 0, 6, 0, 0, 0, 0, 5, 4, 2, 1, 5, 0, 12, 2, 9, 0, 0, 0, 1, 10, 0, 2, 0, 11, 2, 16, : 2, 14, 2, 5, 2, 4, 14, 2, 1, 6, 1, 1, 24, 1, 4, 2, 8, 3, 4, 4, 19, 2, 2, 13, 1, 3, 3, 19, 6, 6, 5, 4, 2, 1, 5, 12, 2, 9, 1, 10, 2, 11, 2, 16, 
237: 6, 3, 1, 8, 0, 1, 1, 0, 2, 7, 1, 0, 1, 0, 0, 0, 0, 0, 13, 0, 2, 0, 0, 0, 2, 1, 9, 20, 11, 0, 10, 0, 13, 16, 7, 1, 10, 0, 1, 9, 0, 11, 0, 15, 1, 0, 0, 1, 1, 0, 6, 1, 14, 0, 1, 2, 1, 1, 0, 6, 9, 9, 0, 8, 0, 0, 6, 1, 0, 0, 24, 0, 3, 3, 0, 11, 0, 0, 11, 0, : 6, 3, 1, 8, 1, 1, 2, 7, 1, 1, 13, 2, 2, 1, 9, 20, 11, 10, 13, 16, 7, 1, 10, 1, 9, 11, 15, 1, 1, 1, 6, 1, 14, 1, 2, 1, 1, 6, 9, 9, 8, 6, 1, 24, 3, 3, 11, 11, 
601: 21, 9, 0, 0, 0, 0, 8, 0, 0, 0, 0, 0, 1, 15, 0, 0, 1, 0, 6, 1, 1, 0, 0, 10, 0, 6, 3, 6, 0, 1, 10, 0, 0, 2, 3, 25, 1, 3, 9, 0, 5, 1, 0, 8, 2, 3, 0, 0, 2, 0, 0, 3, 0, 1, 17, 0, 3, 1, 4, 0, 4, 0, 0, 1, 0, 0, 0, 0, 0, 0, 7, 0, 0, 5, 1, 1, 0, 1, 2, 0, : 21, 9, 8, 1, 15, 1, 6, 1, 1, 10, 6, 3, 6, 1, 10, 2, 3, 25, 1, 3, 9, 5, 1, 8, 2, 3, 2, 3, 1, 17, 3, 1, 4, 4, 1, 7, 5, 1, 1, 1, 2, 
375: 27, 5, 0, 0, 0, 0, 0, 3, 0, 22, 0, 4, 0, 0, 0, 3, 1, 0, 0, 0, 5, 0, 1, 16, 1, 2, 5, 14, 0, 19, 0, 0, 0, 2, 1, 0, 0, 0, 5, 0, 5, 0, 0, 0, 0, 0, 0, 7, 0, 0, 1, 0, 0, 8, 0, 0, 5, 15, 9, 0, 12, 10, 0, 0, 0, 25, 0, 8, 7, 0, 2, 0, 18, 0, 0, 0, 0, 0, 13, 0, : 27, 5, 3, 22, 4, 3, 1, 5, 1, 16, 1, 2, 5, 14, 19, 2, 1, 5, 5, 7, 1, 8, 5, 15, 9, 12, 10, 25, 8, 7, 2, 18, 13, 
223: 0, 4, 2, 2, 5, 4, 1, 0, 0, 5, 1, 3, 29, 0, 0, 0, 0, 0, 0, 6, 15, 0, 0, 7, 0, 0, 5, 5, 17, 0, 0, 0, 0, 0, 0, 0, 19, 2, 8, 1, 1, 0, 0, 1, 0, 0, 10, 0, 9, 6, 0, 6, 8, 8, 0, 24, 1, 0, 0, 0, 7, 24, 0, 3, 4, 0, 0, 0, 11, 0, 0, 1, 7, 0, 1, 0, 0, 2, 12, 8, : 4, 2, 2, 5, 4, 1, 5, 1, 3, 29, 6, 15, 7, 5, 5, 17, 19, 2, 8, 1, 1, 1, 10, 9, 6, 6, 8, 8, 24, 1, 7, 24, 3, 4, 11, 1, 7, 1, 2, 12, 8, 
609: 4, 0, 25, 0, 0, 2, 2, 0, 7, 1, 3, 0, 1, 0, 0, 4, 0, 0, 0, 1, 2, 0, 4, 3, 4, 1, 2, 7, 1, 0, 0, 0, 5, 0, 0, 2, 1, 9, 3, 0, 0, 0, 0, 2, 11, 0, 19, 3, 2, 7, 17, 5, 1, 1, 0, 7, 2, 0, 1, 0, 1, 1, 2, 6, 7, 4, 0, 0, 0, 0, 0, 21, 15, 4, 1, 4, 0, 0, 1, 4, : 4, 25, 2, 2, 7, 1, 3, 1, 4, 1, 2, 4, 3, 4, 1, 2, 7, 1, 5, 2, 1, 9, 3, 2, 11, 19, 3, 2, 7, 17, 5, 1, 1, 7, 2, 1, 1, 1, 2, 6, 7, 4, 21, 15, 4, 1, 4, 1, 4, 
36: 0, 0, 3, 0, 3, 0, 5, 0, 0, 21, 0, 2, 12, 0, 0, 0, 3, 1, 1, 0, 0, 0, 15, 0, 16, 8, 0, 0, 2, 1, 0, 1, 3, 0, 10, 0, 0, 1, 4, 2, 1, 1, 0, 6, 0, 5, 9, 0, 1, 5, 1, 0, 3, 15, 1, 0, 7, 22, 3, 1, 2, 1, 0, 3, 0, 0, 0, 0, 0, 0, 1, 0, 0, 1, 0, 19, 11, 0, 0, 3, : 3, 3, 5, 21, 2, 12, 3, 1, 1, 15, 16, 8, 2, 1, 1, 3, 10, 1, 4, 2, 1, 1, 6, 5, 9, 1, 5, 1, 3, 15, 1, 7, 22, 3, 1, 2, 1, 3, 1, 1, 19, 11, 3, 
144: 1, 0, 0, 0, 0, 6, 1, 0, 0, 0, 16, 4, 2, 0, 2, 3, 0, 0, 0, 0, 0, 0, 0, 1, 0, 0, 12, 0, 2, 1, 0, 14, 8, 0, 5, 0, 0, 0, 0, 0, 3, 0, 5, 2, 0, 0, 12, 0, 2, 7, 0, 5, 7, 11, 0, 0, 6, 4, 0, 0, 0, 0, 6, 9, 1, 11, 0, 7, 3, 1, 0, 0, 0, 0, 3, 0, 18, 0, 14, 1, : 1, 6, 1, 16, 4, 2, 2, 3, 1, 12, 2, 1, 14, 8, 5, 3, 5, 2, 12, 2, 7, 5, 7, 11, 6, 4, 6, 9, 1, 11, 7, 3, 1, 3, 18, 14, 1, 
24: 3, 0, 0, 0, 12, 5, 0, 0, 21, 0, 0, 6, 0, 0, 0, 0, 12, 0, 0, 0, 0, 1, 7, 2, 0, 0, 5, 0, 2, 3, 8, 0, 11, 0, 0, 0, 0, 13, 1, 5, 1, 9, 0, 3, 0, 0, 0, 6, 14, 6, 0, 3, 0, 13, 4, 1, 4, 2, 6, 8, 8, 0, 10, 10, 11, 0, 0, 1, 0, 8, 0, 26, 0, 1, 0, 3, 6, 0, 3, 0, : 3, 12, 5, 21, 6, 12, 1, 7, 2, 5, 2, 3, 8, 11, 13, 1, 5, 1, 9, 3, 6, 14, 6, 3, 13, 4, 1, 4, 2, 6, 8, 8, 10, 10, 11, 1, 8, 26, 1, 3, 6, 3, 
507: 0, 1, 12, 1, 9, 0, 0, 0, 0, 0, 7, 10, 3, 10, 0, 3, 0, 0, 0, 0, 3, 0, 1, 0, 13, 0, 0, 0, 0, 3, 0, 2, 0, 0, 15, 18, 6, 0, 0, 3, 1, 3, 2, 0, 0, 0, 0, 0, 6, 0, 17, 0, 0, 0, 14, 0, 0, 22, 5, 0, 1, 1, 0, 2, 15, 1, 0, 0, 0, 0, 2, 0, 0, 0, 0, 0, 5, 0, 0, 0, : 1, 12, 1, 9, 7, 10, 3, 10, 3, 3, 1, 13, 3, 2, 15, 18, 6, 3, 1, 3, 2, 6, 17, 14, 22, 5, 1, 1, 2, 15, 1, 2, 5, 
686: 0, 0, 0, 0, 0, 0, 0, 11, 0, 1, 3, 0, 0, 0, 29, 0, 0, 2, 0, 4, 2, 0, 5, 0, 0, 0, 1, 10, 0, 2, 0, 0, 0, 2, 1, 0, 0, 0, 4, 13, 4, 0, 0, 4, 1, 0, 4, 0, 2, 0, 4, 0, 2, 1, 0, 0, 0, 0, 3, 0, 1, 0, 0, 0, 0, 0, 0, 6, 0, 22, 0, 2, 0, 0, 0, 0, 0, 0, 0, 9, : 11, 1, 3, 29, 2, 4, 2, 5, 1, 10, 2, 2, 1, 4, 13, 4, 4, 1, 4, 2, 4, 2, 1, 3, 1, 6, 22, 2, 9, 
8: 1, 0, 3, 5, 0, 3, 11, 0, 4, 0, 0, 0, 0, 2, 0, 0, 0, 0, 0, 7, 2, 4, 2, 7, 12, 0, 0, 0, 0, 5, 0, 2, 1, 13, 5, 0, 0, 2, 7, 4, 2, 7, 0, 0, 0, 20, 0, 0, 0, 0, 0, 0, 0, 0, 1, 0, 0, 5, 0, 0, 1, 0, 5, 0, 2, 2, 0, 6, 0, 14, 0, 3, 9, 2, 0, 16, 0, 2, 0, 19, : 1, 3, 5, 3, 11, 4, 2, 7, 2, 4, 2, 7, 12, 5, 2, 1, 13, 5, 2, 7, 4, 2, 7, 20, 1, 5, 1, 5, 2, 2, 6, 14, 3, 9, 2, 16, 2, 19, 
582: 0, 1, 1, 11, 1, 0, 0, 1, 0, 0, 0, 2, 4, 14, 1, 5, 19, 10, 0, 0, 11, 2, 1, 0, 1, 4, 5, 0, 4, 0, 4, 0, 1, 0, 0, 0, 7, 2, 0, 0, 8, 4, 17, 1, 0, 0, 0, 2, 1, 0, 0, 7, 6, 0, 2, 0, 4, 0, 0, 0, 2, 2, 2, 2, 0, 1, 0, 0, 0, 1, 5, 0, 0, 4, 0, 0, 0, 3, 0, 0, : 1, 1, 11, 1, 1, 2, 4, 14, 1, 5, 19, 10, 11, 2, 1, 1, 4, 5, 4, 4, 1, 7, 2, 8, 4, 17, 1, 2, 1, 7, 6, 2, 4, 2, 2, 2, 2, 1, 1, 5, 4, 3, 
639: 8, 0, 3, 0, 0, 2, 7, 9, 3, 0, 0, 2, 2, 7, 0, 10, 0, 0, 2, 3, 0, 0, 0, 0, 15, 21, 9, 0, 11, 7, 0, 0, 0, 1, 0, 0, 0, 0, 1, 0, 0, 2, 7, 0, 0, 0, 2, 7, 4, 3, 0, 0, 0, 13, 0, 1, 4, 0, 1, 7, 1, 0, 0, 3, 4, 0, 0, 0, 0, 1, 6, 0, 1, 0, 0, 0, 11, 0, 13, 0, : 8, 3, 2, 7, 9, 3, 2, 2, 7, 10, 2, 3, 15, 21, 9, 11, 7, 1, 1, 2, 7, 2, 7, 4, 3, 13, 1, 4, 1, 7, 1, 3, 4, 1, 6, 1, 11, 13, 
348: 0, 20, 3, 0, 2, 0, 0, 0, 18, 8, 0, 0, 13, 4, 17, 5, 4, 7, 0, 0, 0, 3, 7, 5, 0, 4, 0, 1, 0, 3, 1, 19, 0, 17, 0, 0, 0, 0, 5, 0, 2, 0, 0, 0, 0, 9, 0, 6, 0, 14, 0, 5, 4, 1, 0, 4, 15, 0, 2, 0, 3, 6, 0, 4, 0, 0, 0, 0, 0, 24, 3, 0, 2, 4, 3, 0, 0, 0, 0, 1, : 20, 3, 2, 18, 8, 13, 4, 17, 5, 4, 7, 3, 7, 5, 4, 1, 3, 1, 19, 17, 5, 2, 9, 6, 14, 5, 4, 1, 4, 15, 2, 3, 6, 4, 24, 3, 2, 4, 3, 1, 
10: 0, 0, 0, 15, 0, 0, 0, 1, 0, 9, 0, 8, 20, 0, 0, 1, 5, 12, 1, 17, 0, 0, 3, 0, 0, 1, 0, 0, 19, 2, 0, 7, 12, 0, 10, 0, 0, 15, 0, 0, 2, 0, 0, 12, 1, 3, 19, 4, 0, 0, 0, 13, 3, 8, 0, 15, 0, 6, 0, 0, 3, 5, 5, 7, 0, 16, 0, 1, 8, 11, 8, 0, 6, 10, 0, 0, 1, 0, 0, 0, : 15, 1, 9, 8, 20, 1, 5, 12, 1, 17, 3, 1, 19, 2, 7, 12, 10, 15, 2, 12, 1, 3, 19, 4, 13, 3, 8, 15, 6, 3, 5, 5, 7, 16, 1, 8, 11, 8, 6, 10, 1, 
177: 0, 3, 0, 0, 0, 2, 3, 0, 0, 2, 14, 1, 5, 15, 0, 15, 0, 0, 0, 0, 7, 0, 2, 4, 12, 5, 2, 7, 3, 9, 0, 0, 0, 0, 5, 0, 2, 1, 3, 0, 1, 1, 7, 0, 3, 2, 7, 1, 1, 0, 13, 0, 0, 0, 0, 0, 7, 0, 0, 0, 3, 0, 0, 0, 3, 0, 0, 1, 0, 0, 1, 0, 8, 3, 5, 1, 18, 0, 0, 0, : 3, 2, 3, 2, 14, 1, 5, 15, 15, 7, 2, 4, 12, 5, 2, 7, 3, 9, 5, 2, 1, 3, 1, 1, 7, 3, 2, 7, 1, 1, 13, 7, 3, 3, 1, 1, 8, 3, 5, 1, 18, 
147: 1, 5, 0, 0, 0, 15, 0, 23, 0, 2, 0, 8, 0, 0, 0, 2, 0, 0, 0, 0, 0, 1, 1, 3, 0, 0, 0, 0, 0, 2, 22, 0, 2, 1, 7, 0, 0, 0, 3, 13, 0, 1, 5, 3, 0, 21, 0, 5, 2, 0, 0, 0, 2, 8, 1, 2, 0, 5, 0, 1, 0, 0, 3, 5, 0, 24, 24, 1, 6, 0, 0, 4, 19, 9, 18, 0, 0, 0, 6, 0, : 1, 5, 15, 23, 2, 8, 2, 1, 1, 3, 2, 22, 2, 1, 7, 3, 13, 1, 5, 3, 21, 5, 2, 2, 8, 1, 2, 5, 1, 3, 5, 24, 24, 1, 6, 4, 19, 9, 18, 6, 
758: 8, 0, 0, 0, 0, 1, 8, 0, 0, 0, 0, 0, 2, 10, 0, 6, 5, 0, 12, 2, 0, 15, 6, 15, 1, 0, 11, 0, 0, 4, 0, 1, 1, 9, 1, 0, 0, 0, 8, 0, 2, 0, 27, 4, 3, 0, 3, 0, 12, 1, 0, 10, 0, 0, 0, 0, 0, 3, 2, 0, 0, 0, 5, 0, 0, 0, 3, 19, 2, 0, 0, 4, 4, 0, 2, 0, 0, 11, 1, 3, : 8, 1, 8, 2, 10, 6, 5, 12, 2, 15, 6, 15, 1, 11, 4, 1, 1, 9, 1, 8, 2, 27, 4, 3, 3, 12, 1, 10, 3, 2, 5, 3, 19, 2, 4, 4, 2, 11, 1, 3, 
468: 0, 0, 0, 3, 0, 0, 16, 0, 2, 0, 25, 4, 0, 0, 7, 0, 0, 13, 0, 0, 0, 10, 0, 2, 6, 0, 0, 0, 0, 0, 0, 0, 7, 24, 4, 0, 5, 9, 5, 2, 0, 5, 1, 0, 11, 10, 0, 10, 1, 2, 3, 0, 2, 0, 0, 0, 0, 0, 0, 0, 1, 6, 1, 0, 0, 0, 0, 0, 3, 0, 0, 14, 0, 3, 12, 0, 5, 0, 0, 8, : 3, 16, 2, 25, 4, 7, 13, 10, 2, 6, 7, 24, 4, 5, 9, 5, 2, 5, 1, 11, 10, 10, 1, 2, 3, 2, 1, 6, 1, 3, 14, 3, 12, 5, 8, 
449: 4, 0, 2, 16, 2, 0, 0, 12, 0, 2, 0, 0, 0, 8, 3, 4, 0, 0, 24, 0, 4, 0, 7, 1, 0, 9, 1, 0, 1, 2, 3, 0, 0, 0, 9, 0, 9, 0, 7, 0, 7, 19, 0, 3, 0, 6, 8, 0, 0, 9, 14, 5, 5, 0, 8, 3, 5, 0, 3, 6, 5, 10, 1, 0, 0, 0, 0, 0, 0, 0, 0, 8, 0, 0, 2, 12, 0, 0, 7, 13, : 4, 2, 16, 2, 12, 2, 8, 3, 4, 24, 4, 7, 1, 9, 1, 1, 2, 3, 9, 9, 7, 7, 19, 3, 6, 8, 9, 14, 5, 5, 8, 3, 5, 3, 6, 5, 10, 1, 8, 2, 12, 7, 13, 
578: 0, 0, 0, 0, 0, 0, 5, 0, 0, 0, 4, 0, 0, 0, 8, 2, 6, 0, 2, 9, 1, 0, 7, 0, 0, 5, 0, 0, 5, 0, 4, 0, 1, 0, 0, 0, 0, 0, 9, 6, 0, 4, 0, 0, 2, 6, 0, 0, 3, 0, 0, 10, 0, 11, 10, 0, 0, 0, 0, 0, 4, 4, 12, 3, 5, 0, 0, 7, 0, 0, 2, 3, 0, 1, 20, 0, 9, 0, 10, 0, : 5, 4, 8, 2, 6, 2, 9, 1, 7, 5, 5, 4, 1, 9, 6, 4, 2, 6, 3, 10, 11, 10, 4, 4, 12, 3, 5, 7, 2, 3, 1, 20, 9, 10, 


249: 0, 0, 0, 1, 0, 11, 0, 0, 1, 23, 0, 0, 0, 1, 0, 0, 0, 0, 0, 2, 0, 0, 5, 2, 0, 8, 0, 0, 1, 3, 5, 0, 1, 2, 5, 16, 0, 0, 0, 0, 1, 0, 0, 0, 0, 0, 2, 0, 4, 0, 0, 0, 16, 1, 5, 0, 0, 0, 2, 1, 0, 16, 2, 1, 0, 5, 0, 0, 4, 0, 0, 15, 0, 0, 2, 3, 1, 14, 0, 0, : 1, 11, 1, 23, 1, 2, 5, 2, 8, 1, 3, 5, 1, 2, 5, 16, 1, 2, 4, 16, 1, 5, 2, 1, 16, 2, 1, 5, 4, 15, 2, 3, 1, 14, 
603: 11, 2, 0, 2, 2, 10, 7, 0, 0, 0, 0, 3, 0, 8, 0, 4, 0, 0, 7, 8, 10, 1, 7, 6, 0, 0, 0, 0, 0, 9, 9, 0, 3, 2, 0, 0, 6, 0, 0, 0, 7, 0, 0, 0, 2, 0, 0, 0, 0, 14, 0, 16, 12, 6, 7, 0, 7, 2, 0, 0, 0, 0, 0, 6, 12, 22, 0, 0, 0, 5, 4, 13, 0, 0, 4, 13, 0, 0, 5, 1, : 11, 2, 2, 2, 10, 7, 3, 8, 4, 7, 8, 10, 1, 7, 6, 9, 9, 3, 2, 6, 7, 2, 14, 16, 12, 6, 7, 7, 2, 6, 12, 22, 5, 4, 13, 4, 13, 5, 1, 
228: 10, 12, 0, 0, 10, 0, 0, 0, 2, 0, 6, 0, 2, 0, 0, 10, 0, 0, 1, 0, 0, 14, 2, 5, 1, 0, 0, 0, 0, 0, 20, 10, 0, 3, 0, 0, 0, 0, 0, 0, 2, 0, 6, 0, 3, 3, 0, 1, 0, 0, 13, 0, 1, 0, 0, 0, 2, 7, 0, 16, 1, 6, 8, 0, 10, 0, 13, 0, 8, 10, 0, 0, 8, 0, 0, 0, 3, 0, 2, 1, : 10, 12, 10, 2, 6, 2, 10, 1, 14, 2, 5, 1, 20, 10, 3, 2, 6, 3, 3, 1, 13, 1, 2, 7, 16, 1, 6, 8, 10, 13, 8, 10, 8, 3, 2, 1, 
57: 0, 0, 1, 4, 0, 0, 17, 12, 3, 2, 14, 10, 0, 0, 6, 4, 0, 6, 3, 1, 5, 0, 9, 1, 3, 0, 0, 0, 0, 0, 2, 0, 8, 2, 0, 0, 0, 3, 4, 7, 2, 0, 3, 13, 4, 3, 1, 9, 11, 13, 24, 0, 2, 0, 0, 2, 23, 0, 9, 7, 18, 0, 0, 6, 6, 0, 0, 0, 13, 13, 2, 0, 6, 6, 0, 0, 7, 0, 3, 0, : 1, 4, 17, 12, 3, 2, 14, 10, 6, 4, 6, 3, 1, 5, 9, 1, 3, 2, 8, 2, 3, 4, 7, 2, 3, 13, 4, 3, 1, 9, 11, 13, 24, 2, 2, 23, 9, 7, 18, 6, 6, 13, 13, 2, 6, 6, 7, 3, 
421: 10, 4, 3, 0, 0, 0, 2, 0, 0, 0, 10, 2, 6, 0, 0, 14, 0, 0, 0, 0, 1, 12, 3, 2, 3, 0, 0, 0, 1, 0, 0, 3, 0, 0, 19, 0, 10, 0, 0, 5, 2, 0, 15, 3, 2, 1, 0, 0, 8, 0, 0, 0, 0, 2, 0, 0, 0, 1, 0, 0, 0, 28, 2, 2, 0, 7, 0, 0, 7, 0, 14, 0, 0, 1, 1, 0, 5, 0, 0, 0, : 10, 4, 3, 2, 10, 2, 6, 14, 1, 12, 3, 2, 3, 1, 3, 19, 10, 5, 2, 15, 3, 2, 1, 8, 2, 1, 28, 2, 2, 7, 7, 14, 1, 1, 5, 
679: 0, 9, 21, 23, 2, 0, 12, 13, 6, 6, 0, 9, 10, 0, 6, 2, 2, 0, 0, 24, 0, 1, 0, 0, 0, 0, 0, 17, 0, 1, 0, 22, 24, 0, 0, 11, 4, 22, 0, 3, 9, 0, 27, 0, 7, 1, 6, 7, 0, 0, 0, 2, 0, 3, 0, 6, 22, 2, 0, 0, 6, 0, 0, 7, 21, 0, 10, 0, 0, 0, 0, 2, 9, 0, 0, 8, 0, 0, 0, 0, : 9, 21, 23, 2, 12, 13, 6, 6, 9, 10, 6, 2, 2, 24, 1, 17, 1, 22, 24, 11, 4, 22, 3, 9, 27, 7, 1, 6, 7, 2, 3, 6, 22, 2, 6, 7, 21, 10, 2, 9, 8, 
280: 0, 0, 6, 0, 0, 3, 10, 0, 1, 2, 0, 9, 8, 3, 1, 0, 2, 0, 0, 0, 0, 0, 5, 1, 4, 21, 4, 16, 0, 0, 0, 16, 3, 1, 0, 23, 0, 0, 0, 19, 0, 6, 0, 0, 12, 7, 4, 0, 5, 6, 6, 0, 0, 1, 0, 0, 0, 15, 0, 0, 0, 0, 0, 13, 7, 13, 0, 17, 11, 0, 0, 10, 1, 6, 7, 1, 6, 4, 0, 1, : 6, 3, 10, 1, 2, 9, 8, 3, 1, 2, 5, 1, 4, 21, 4, 16, 16, 3, 1, 23, 19, 6, 12, 7, 4, 5, 6, 6, 1, 15, 13, 7, 13, 17, 11, 10, 1, 6, 7, 1, 6, 4, 1, 
548: 10, 5, 0, 1, 5, 11, 0, 0, 0, 0, 9, 0, 1, 8, 19, 18, 1, 0, 0, 0, 0, 0, 9, 2, 0, 0, 5, 0, 0, 2, 0, 0, 0, 4, 1, 2, 3, 9, 13, 0, 1, 1, 1, 0, 3, 10, 4, 0, 0, 13, 0, 18, 3, 4, 16, 0, 4, 2, 0, 0, 0, 4, 0, 0, 0, 0, 0, 8, 1, 8, 0, 5, 0, 6, 0, 2, 4, 1, 22, 18, : 10, 5, 1, 5, 11, 9, 1, 8, 19, 18, 1, 9, 2, 5, 2, 4, 1, 2, 3, 9, 13, 1, 1, 1, 3, 10, 4, 13, 18, 3, 4, 16, 4, 2, 4, 8, 1, 8, 5, 6, 2, 4, 1, 22, 18, 
74: 17, 0, 0, 10, 2, 0, 18, 15, 0, 17, 0, 8, 0, 3, 1, 1, 0, 0, 0, 4, 4, 3, 1, 8, 9, 3, 0, 5, 0, 13, 0, 0, 3, 3, 5, 1, 0, 0, 9, 0, 14, 1, 0, 8, 18, 0, 2, 0, 0, 0, 0, 7, 0, 0, 2, 0, 0, 11, 0, 0, 7, 3, 1, 17, 1, 4, 0, 0, 1, 0, 0, 1, 0, 0, 2, 0, 2, 0, 0, 1, : 17, 10, 2, 18, 15, 17, 8, 3, 1, 1, 4, 4, 3, 1, 8, 9, 3, 5, 13, 3, 3, 5, 1, 9, 14, 1, 8, 18, 2, 7, 2, 11, 7, 3, 1, 17, 1, 4, 1, 1, 2, 2, 1, 
197: 0, 11, 0, 3, 0, 0, 1, 0, 0, 4, 1, 1, 8, 1, 0, 0, 0, 1, 3, 0, 5, 0, 9, 0, 1, 5, 0, 4, 0, 0, 11, 4, 1, 0, 0, 6, 0, 0, 0, 5, 2, 0, 0, 2, 0, 7, 5, 3, 7, 0, 1, 0, 0, 2, 0, 0, 8, 0, 0, 0, 10, 0, 0, 0, 0, 0, 0, 0, 0, 2, 4, 1, 0, 16, 0, 0, 4, 2, 1, 0, : 11, 3, 1, 4, 1, 1, 8, 1, 1, 3, 5, 9, 1, 5, 4, 11, 4, 1, 6, 5, 2, 2, 7, 5, 3, 7, 1, 2, 8, 10, 2, 4, 1, 16, 4, 2, 1, 
354: 0, 1, 0, 13, 5, 0, 12, 0, 0, 0, 1, 0, 2, 0, 1, 10, 12, 13, 4, 2, 17, 0, 0, 0, 0, 0, 0, 0, 0, 6, 16, 0, 0, 2, 2, 0, 0, 0, 0, 19, 1, 0, 1, 10, 0, 1, 2, 0, 0, 0, 0, 0, 1, 0, 0, 0, 0, 17, 0, 6, 0, 0, 0, 17, 1, 0, 14, 4, 0, 0, 24, 1, 0, 0, 0, 0, 10, 0, 0, 0, : 1, 13, 5, 12, 1, 2, 1, 10, 12, 13, 4, 2, 17, 6, 16, 2, 2, 19, 1, 1, 10, 1, 2, 1, 17, 6, 17, 1, 14, 4, 24, 1, 10, 
481: 0, 0, 3, 0, 0, 5, 2, 24, 0, 0, 2, 3, 6, 1, 8, 1, 6, 11, 0, 19, 3, 1, 0, 1, 0, 4, 2, 0, 18, 1, 0, 0, 0, 8, 1, 0, 0, 9, 2, 0, 0, 15, 2, 10, 2, 4, 1, 2, 0, 25, 0, 1, 5, 0, 0, 0, 0, 4, 0, 1, 0, 0, 2, 0, 0, 6, 0, 0, 1, 1, 0, 0, 0, 11, 0, 0, 0, 0, 6, 0, : 3, 5, 2, 24, 2, 3, 6, 1, 8, 1, 6, 11, 19, 3, 1, 1, 4, 2, 18, 1, 8, 1, 9, 2, 15, 2, 10, 2, 4, 1, 2, 25, 1, 5, 4, 1, 2, 6, 1, 1, 11, 6, 
743: 0, 0, 0, 9, 0, 1, 4, 0, 0, 0, 3, 0, 12, 10, 0, 0, 0, 1, 0, 0, 1, 15, 0, 0, 11, 0, 0, 0, 0, 3, 0, 1, 0, 9, 0, 3, 1, 0, 0, 7, 9, 0, 5, 0, 6, 9, 0, 0, 0, 0, 0, 0, 0, 0, 0, 0, 5, 1, 2, 3, 7, 0, 6, 0, 0, 0, 20, 5, 3, 2, 3, 1, 0, 2, 16, 0, 0, 6, 1, 0, : 9, 1, 4, 3, 12, 10, 1, 1, 15, 11, 3, 1, 9, 3, 1, 7, 9, 5, 6, 9, 5, 1, 2, 3, 7, 6, 20, 5, 3, 2, 3, 1, 2, 16, 6, 1, 
306: 0, 17, 0, 1, 2, 0, 12, 5, 14, 0, 3, 0, 2, 2, 0, 0, 0, 1, 8, 0, 10, 1, 2, 12, 2, 22, 0, 0, 0, 5, 9, 5, 0, 0, 0, 1, 11, 0, 2, 3, 9, 11, 2, 3, 1, 3, 0, 4, 1, 0, 0, 5, 0, 7, 2, 0, 3, 18, 3, 0, 0, 0, 5, 0, 13, 6, 0, 2, 0, 6, 3, 6, 0, 2, 0, 0, 0, 0, 6, 0, : 17, 1, 2, 12, 5, 14, 3, 2, 2, 1, 8, 10, 1, 2, 12, 2, 22, 5, 9, 5, 1, 11, 2, 3, 9, 11, 2, 3, 1, 3, 4, 1, 5, 7, 2, 3, 18, 3, 5, 13, 6, 2, 6, 3, 6, 2, 6, 
680: 0, 0, 0, 0, 17, 0, 1, 6, 0, 8, 0, 5, 0, 0, 0, 0, 0, 24, 17, 14, 0, 10, 0, 2, 1, 0, 0, 0, 8, 13, 4, 0, 0, 9, 0, 0, 8, 20, 0, 0, 2, 7, 4, 0, 12, 4, 23, 0, 22, 13, 0, 2, 0, 2, 0, 0, 0, 15, 4, 0, 9, 0, 0, 5, 0, 0, 0, 9, 14, 10, 5, 1, 0, 6, 0, 0, 0, 0, 5, 0, : 17, 1, 6, 8, 5, 24, 17, 14, 10, 2, 1, 8, 13, 4, 9, 8, 20, 2, 7, 4, 12, 4, 23, 22, 13, 2, 2, 15, 4, 9, 5, 9, 14, 10, 5, 1, 6, 5, 
352: 0, 1, 25, 9, 5, 3, 0, 0, 5, 3, 5, 3, 2, 3, 3, 4, 0, 0, 0, 0, 0, 9, 0, 0, 6, 0, 5, 3, 0, 5, 0, 0, 0, 9, 24, 1, 0, 0, 0, 0, 2, 6, 7, 1, 14, 0, 24, 13, 0, 0, 0, 3, 0, 0, 4, 0, 2, 0, 0, 7, 0, 0, 6, 0, 10, 0, 8, 0, 0, 5, 0, 1, 4, 0, 19, 1, 15, 15, 0, 20, : 1, 25, 9, 5, 3, 5, 3, 5, 3, 2, 3, 3, 4, 9, 6, 5, 3, 5, 9, 24, 1, 2, 6, 7, 1, 14, 24, 13, 3, 4, 2, 7, 6, 10, 8, 5, 1, 4, 19, 1, 15, 15, 20, 
384: 17, 2, 0, 0, 0, 0, 0, 0, 23, 0, 0, 0, 0, 0, 0, 6, 4, 13, 0, 4, 0, 5, 0, 7, 0, 3, 8, 0, 0, 0, 0, 0, 14, 0, 0, 4, 14, 1, 1, 1, 0, 7, 0, 0, 2, 8, 2, 0, 0, 1, 0, 5, 5, 10, 4, 20, 1, 0, 0, 9, 0, 2, 0, 0, 0, 2, 0, 0, 2, 3, 0, 3, 3, 5, 0, 3, 20, 10, 0, 7, : 17, 2, 23, 6, 4, 13, 4, 5, 7, 3, 8, 14, 4, 14, 1, 1, 1, 7, 2, 8, 2, 1, 5, 5, 10, 4, 20, 1, 9, 2, 2, 2, 3, 3, 3, 5, 3, 20, 10, 7, 
403: 0, 4, 1, 0, 0, 0, 0, 0, 4, 0, 6, 0, 0, 0, 1, 2, 0, 0, 0, 0, 0, 3, 0, 0, 0, 2, 9, 0, 3, 0, 0, 11, 6, 6, 0, 1, 5, 1, 3, 0, 13, 0, 0, 0, 0, 0, 0, 0, 6, 1, 0, 2, 0, 0, 0, 26, 2, 0, 0, 0, 0, 3, 1, 2, 14, 8, 0, 0, 0, 3, 3, 0, 10, 0, 0, 0, 0, 7, 6, 3, : 4, 1, 4, 6, 1, 2, 3, 2, 9, 3, 11, 6, 6, 1, 5, 1, 3, 13, 6, 1, 2, 26, 2, 3, 1, 2, 14, 8, 3, 3, 10, 7, 6, 3, 
407: 0, 5, 5, 0, 0, 0, 2, 2, 0, 0, 9, 1, 0, 0, 3, 4, 0, 0, 3, 0, 7, 9, 0, 0, 12, 6, 24, 3, 0, 1, 0, 0, 1, 0, 0, 0, 0, 0, 2, 0, 0, 3, 0, 1, 0, 12, 0, 0, 0, 0, 0, 1, 0, 0, 5, 0, 2, 0, 0, 0, 0, 0, 10, 2, 1, 3, 6, 1, 0, 1, 2, 3, 1, 3, 17, 7, 0, 0, 0, 6, : 5, 5, 2, 2, 9, 1, 3, 4, 3, 7, 9, 12, 6, 24, 3, 1, 1, 2, 3, 1, 12, 1, 5, 2, 10, 2, 1, 3, 6, 1, 1, 2, 3, 1, 3, 17, 7, 6, 
39: 0, 0, 0, 0, 0, 2, 0, 0, 0, 0, 2, 10, 1, 0, 18, 0, 5, 11, 0, 3, 0, 0, 7, 0, 0, 1, 0, 0, 1, 0, 0, 6, 2, 0, 0, 0, 0, 0, 0, 0, 0, 1, 7, 0, 0, 2, 5, 2, 0, 0, 0, 4, 4, 0, 0, 18, 1, 0, 0, 6, 9, 0, 0, 0, 3, 6, 0, 1, 3, 0, 0, 13, 0, 0, 0, 7, 0, 5, 0, 16, : 2, 2, 10, 1, 18, 5, 11, 3, 7, 1, 1, 6, 2, 1, 7, 2, 5, 2, 4, 4, 18, 1, 6, 9, 3, 6, 1, 3, 13, 7, 5, 16, 
745: 1, 4, 6, 0, 2, 6, 0, 0, 9, 7, 0, 0, 2, 0, 0, 7, 18, 0, 4, 2, 7, 0, 0, 6, 11, 1, 0, 5, 0, 0, 3, 0, 0, 1, 0, 10, 0, 0, 13, 0, 0, 0, 0, 1, 0, 1, 1, 0, 0, 0, 10, 2, 1, 3, 0, 0, 6, 0, 10, 0, 10, 17, 12, 0, 0, 0, 0, 1, 2, 15, 0, 0, 0, 0, 1, 11, 0, 0, 19, 2, : 1, 4, 6, 2, 6, 9, 7, 2, 7, 18, 4, 2, 7, 6, 11, 1, 5, 3, 1, 10, 13, 1, 1, 1, 10, 2, 1, 3, 6, 10, 10, 17, 12, 1, 2, 15, 1, 11, 19, 2, 
715: 8, 5, 0, 0, 6, 11, 0, 13, 0, 0, 0, 0, 0, 0, 7, 0, 0, 0, 9, 0, 7, 4, 1, 9, 2, 0, 18, 21, 8, 0, 1, 3, 7, 6, 5, 1, 0, 0, 9, 0, 7, 0, 0, 0, 0, 3, 1, 3, 0, 0, 15, 1, 10, 0, 8, 1, 5, 0, 19, 14, 1, 0, 19, 0, 0, 0, 2, 9, 0, 4, 0, 0, 19, 0, 1, 3, 8, 1, 0, 0, : 8, 5, 6, 11, 13, 7, 9, 7, 4, 1, 9, 2, 18, 21, 8, 1, 3, 7, 6, 5, 1, 9, 7, 3, 1, 3, 15, 1, 10, 8, 1, 5, 19, 14, 1, 19, 2, 9, 4, 19, 1, 3, 8, 1, 
128: 6, 7, 21, 23, 20, 0, 0, 4, 0, 0, 0, 0, 5, 4, 10, 0, 0, 0, 2, 0, 4, 1, 4, 3, 3, 0, 0, 6, 16, 0, 1, 0, 2, 0, 2, 0, 0, 4, 0, 0, 4, 0, 0, 5, 0, 0, 2, 0, 5, 14, 11, 3, 5, 0, 1, 4, 0, 0, 1, 0, 0, 0, 11, 5, 0, 0, 10, 2, 0, 6, 0, 2, 0, 0, 0, 1, 0, 0, 0, 4, : 6, 7, 21, 23, 20, 4, 5, 4, 10, 2, 4, 1, 4, 3, 3, 6, 16, 1, 2, 2, 4, 4, 5, 2, 5, 14, 11, 3, 5, 1, 4, 1, 11, 5, 10, 2, 6, 2, 1, 4, 
83: 0, 3, 0, 0, 0, 24, 0, 0, 0, 3, 12, 3, 0, 13, 4, 9, 0, 0, 1, 2, 3, 0, 2, 0, 16, 0, 10, 0, 0, 11, 6, 0, 0, 1, 7, 0, 18, 2, 0, 3, 0, 5, 0, 0, 0, 1, 0, 7, 0, 0, 7, 0, 0, 0, 0, 5, 0, 0, 0, 4, 0, 0, 7, 0, 0, 1, 0, 0, 0, 0, 6, 3, 0, 0, 1, 3, 5, 0, 0, 6, : 3, 24, 3, 12, 3, 13, 4, 9, 1, 2, 3, 2, 16, 10, 11, 6, 1, 7, 18, 2, 3, 5, 1, 7, 7, 5, 4, 7, 1, 6, 3, 1, 3, 5, 6, 
159: 8, 0, 0, 8, 1, 0, 0, 0, 0, 0, 10, 0, 2, 20, 3, 4, 0, 0, 5, 3, 4, 0, 8, 0, 0, 0, 3, 0, 0, 0, 0, 3, 2, 0, 0, 6, 1, 0, 0, 0, 0, 15, 0, 0, 7, 2, 0, 18, 0, 0, 0, 9, 0, 1, 16, 0, 4, 1, 0, 0, 8, 0, 2, 0, 0, 0, 0, 0, 2, 17, 14, 3, 0, 13, 0, 6, 1, 0, 0, 5, : 8, 8, 1, 10, 2, 20, 3, 4, 5, 3, 4, 8, 3, 3, 2, 6, 1, 15, 7, 2, 18, 9, 1, 16, 4, 1, 8, 2, 2, 17, 14, 3, 13, 6, 1, 5, 
638: 5, 1, 1, 0, 0, 4, 0, 0, 20, 0, 4, 0, 4, 3, 1, 4, 0, 0, 9, 0, 0, 0, 1, 9, 0, 14, 0, 0, 21, 0, 15, 0, 1, 2, 0, 2, 0, 0, 2, 0, 9, 0, 17, 0, 3, 0, 0, 2, 2, 0, 0, 0, 11, 3, 5, 0, 0, 0, 22, 17, 1, 0, 2, 0, 0, 19, 2, 3, 6, 2, 0, 3, 0, 0, 0, 0, 0, 8, 0, 2, : 5, 1, 1, 4, 20, 4, 4, 3, 1, 4, 9, 1, 9, 14, 21, 15, 1, 2, 2, 2, 9, 17, 3, 2, 2, 11, 3, 5, 22, 17, 1, 2, 19, 2, 3, 6, 2, 3, 8, 2, 
784: 0, 0, 0, 0, 2, 3, 2, 9, 9, 0, 0, 6, 4, 0, 10, 1, 10, 7, 1, 0, 2, 0, 0, 2, 0, 0, 0, 7, 24, 1, 0, 4, 4, 1, 0, 0, 0, 8, 0, 1, 6, 0, 0, 7, 0, 0, 2, 1, 0, 0, 0, 0, 4, 0, 9, 2, 1, 1, 0, 5, 6, 4, 1, 2, 0, 0, 0, 0, 0, 0, 0, 0, 1, 5, 0, 7, 16, 14, 0, 0, : 2, 3, 2, 9, 9, 6, 4, 10, 1, 10, 7, 1, 2, 2, 7, 24, 1, 4, 4, 1, 8, 1, 6, 7, 2, 1, 4, 9, 2, 1, 1, 5, 6, 4, 1, 2, 1, 5, 7, 16, 14, 
616: 7, 3, 0, 0, 1, 0, 4, 5, 0, 4, 1, 3, 5, 0, 1, 0, 10, 0, 0, 0, 6, 0, 0, 2, 0, 0, 0, 0, 10, 0, 4, 20, 0, 8, 24, 5, 20, 0, 2, 0, 0, 10, 8, 1, 6, 3, 0, 2, 0, 1, 0, 0, 23, 0, 4, 21, 0, 1, 8, 7, 5, 0, 1, 0, 0, 0, 0, 5, 0, 2, 4, 1, 8, 4, 16, 0, 2, 0, 7, 5, : 7, 3, 1, 4, 5, 4, 1, 3, 5, 1, 10, 6, 2, 10, 4, 20, 8, 24, 5, 20, 2, 10, 8, 1, 6, 3, 2, 1, 23, 4, 21, 1, 8, 7, 5, 1, 5, 2, 4, 1, 8, 4, 16, 2, 7, 5, 
630: 0, 0, 11, 1, 0, 5, 0, 0, 5, 3, 0, 0, 9, 0, 0, 0, 3, 0, 2, 0, 0, 1, 3, 0, 0, 0, 1, 0, 0, 0, 0, 4, 6, 17, 0, 0, 1, 0, 4, 0, 0, 0, 1, 13, 3, 1, 6, 1, 14, 0, 0, 8, 0, 0, 0, 5, 0, 1, 7, 4, 0, 23, 0, 6, 0, 0, 0, 16, 1, 0, 0, 1, 0, 9, 0, 6, 0, 0, 0, 0, : 11, 1, 5, 5, 3, 9, 3, 2, 1, 3, 1, 4, 6, 17, 1, 4, 1, 13, 3, 1, 6, 1, 14, 8, 5, 1, 7, 4, 23, 6, 16, 1, 1, 9, 6, 
32: 0, 8, 0, 0, 8, 0, 0, 1, 3, 6, 1, 7, 0, 0, 9, 0, 0, 0, 0, 0, 0, 0, 2, 4, 0, 2, 0, 0, 1, 5, 0, 0, 0, 0, 1, 0, 0, 0, 4, 1, 0, 7, 0, 4, 0, 1, 0, 0, 4, 1, 9, 3, 0, 0, 0, 0, 0, 0, 1, 0, 2, 1, 0, 0, 0, 0, 0, 10, 0, 0, 0, 2, 9, 2, 0, 0, 4, 0, 7, 6, : 8, 8, 1, 3, 6, 1, 7, 9, 2, 4, 2, 1, 5, 1, 4, 1, 7, 4, 1, 4, 1, 9, 3, 1, 2, 1, 10, 2, 9, 2, 4, 7, 6, 
748: 0, 0, 0, 3, 2, 0, 0, 6, 2, 15, 1, 0, 0, 12, 0, 1, 20, 1, 10, 0, 6, 0, 5, 1, 5, 0, 3, 0, 0, 3, 0, 0, 0, 5, 0, 0, 0, 0, 0, 1, 3, 14, 1, 0, 1, 5, 0, 5, 1, 3, 0, 1, 0, 4, 4, 0, 0, 1, 0, 0, 16, 0, 0, 0, 1, 0, 16, 0, 10, 0, 7, 3, 21, 0, 0, 0, 1, 0, 6, 1, : 3, 2, 6, 2, 15, 1, 12, 1, 20, 1, 10, 6, 5, 1, 5, 3, 3, 5, 1, 3, 14, 1, 1, 5, 5, 1, 3, 1, 4, 4, 1, 16, 1, 16, 10, 7, 3, 21, 1, 6, 1, 
765: 0, 0, 5, 0, 2, 0, 4, 0, 0, 1, 1, 0, 0, 0, 2, 0, 0, 0, 1, 5, 1, 0, 0, 3, 4, 0, 0, 3, 0, 0, 4, 0, 1, 0, 16, 0, 0, 18, 0, 20, 0, 0, 1, 9, 0, 1, 0, 2, 0, 3, 1, 0, 0, 3, 0, 2, 10, 5, 13, 6, 3, 0, 0, 3, 0, 2, 0, 0, 0, 0, 0, 3, 4, 0, 0, 0, 0, 20, 0, 8, : 5, 2, 4, 1, 1, 2, 1, 5, 1, 3, 4, 3, 4, 1, 16, 18, 20, 1, 9, 1, 2, 3, 1, 3, 2, 10, 5, 13, 6, 3, 3, 2, 3, 4, 20, 8, 
391: 2, 5, 0, 2, 3, 1, 0, 0, 0, 0, 3, 2, 1, 0, 2, 0, 3, 12, 0, 11, 3, 3, 8, 6, 0, 0, 0, 0, 0, 8, 0, 0, 2, 5, 1, 3, 7, 0, 12, 1, 0, 0, 0, 15, 0, 6, 4, 0, 9, 0, 5, 0, 13, 0, 5, 3, 4, 8, 4, 0, 0, 6, 2, 5, 0, 1, 3, 10, 0, 0, 1, 0, 8, 0, 0, 0, 0, 0, 0, 0, : 2, 5, 2, 3, 1, 3, 2, 1, 2, 3, 12, 11, 3, 3, 8, 6, 8, 2, 5, 1, 3, 7, 12, 1, 15, 6, 4, 9, 5, 13, 5, 3, 4, 8, 4, 6, 2, 5, 1, 3, 10, 1, 8, 
163: 1, 0, 1, 3, 7, 9, 0, 0, 2, 0, 11, 24, 3, 0, 0, 1, 0, 19, 0, 8, 6, 0, 0, 8, 1, 22, 0, 3, 8, 0, 5, 0, 1, 2, 0, 5, 0, 3, 10, 0, 0, 3, 0, 1, 0, 0, 1, 0, 0, 0, 0, 0, 1, 11, 0, 5, 3, 0, 0, 0, 0, 0, 11, 3, 8, 0, 0, 16, 0, 0, 23, 1, 8, 0, 0, 0, 0, 0, 4, 0, : 1, 1, 3, 7, 9, 2, 11, 24, 3, 1, 19, 8, 6, 8, 1, 22, 3, 8, 5, 1, 2, 5, 3, 10, 3, 1, 1, 1, 11, 5, 3, 11, 3, 8, 16, 23, 1, 8, 4, 
751: 0, 2, 8, 3, 4, 1, 1, 0, 2, 0, 1, 0, 11, 15, 0, 2, 15, 0, 0, 1, 0, 10, 0, 2, 0, 1, 0, 4, 0, 2, 0, 3, 10, 1, 1, 0, 7, 0, 0, 0, 4, 1, 0, 1, 3, 4, 0, 16, 0, 10, 0, 6, 0, 3, 3, 0, 0, 0, 4, 5, 0, 0, 2, 0, 1, 0, 3, 0, 6, 0, 0, 2, 0, 1, 11, 1, 1, 6, 20, 0, : 2, 8, 3, 4, 1, 1, 2, 1, 11, 15, 2, 15, 1, 10, 2, 1, 4, 2, 3, 10, 1, 1, 7, 4, 1, 1, 3, 4, 16, 10, 6, 3, 3, 4, 5, 2, 1, 3, 6, 2, 1, 11, 1, 1, 6, 20, 
205: 0, 1, 0, 0, 5, 10, 9, 0, 1, 0, 0, 0, 1, 0, 0, 1, 0, 0, 6, 0, 8, 0, 4, 6, 1, 0, 0, 9, 0, 0, 1, 0, 6, 5, 6, 1, 0, 13, 0, 11, 3, 2, 6, 0, 7, 4, 0, 0, 0, 1, 2, 0, 1, 0, 0, 0, 0, 0, 3, 0, 0, 7, 4, 9, 0, 0, 3, 1, 5, 5, 1, 0, 0, 0, 2, 1, 5, 0, 0, 1, : 1, 5, 10, 9, 1, 1, 1, 6, 8, 4, 6, 1, 9, 1, 6, 5, 6, 1, 13, 11, 3, 2, 6, 7, 4, 1, 2, 1, 3, 7, 4, 9, 3, 1, 5, 5, 1, 2, 1, 5, 1, 
75: 1, 0, 0, 0, 1, 0, 0, 0, 0, 8, 0, 0, 13, 5, 2, 1, 0, 0, 0, 0, 0, 1, 3, 9, 0, 0, 0, 0, 0, 15, 0, 0, 0, 1, 0, 0, 0, 3, 0, 0, 0, 5, 0, 0, 2, 7, 0, 0, 0, 0, 10, 2, 0, 2, 4, 0, 0, 3, 0, 0, 0, 0, 0, 1, 10, 0, 10, 0, 1, 0, 0, 7, 0, 6, 0, 12, 0, 7, 0, 2, : 1, 1, 8, 13, 5, 2, 1, 1, 3, 9, 15, 1, 3, 5, 2, 7, 10, 2, 2, 4, 3, 1, 10, 10, 1, 7, 6, 12, 7, 2, 
22: 2, 0, 0, 0, 1, 0, 0, 4, 3, 0, 0, 5, 0, 0, 2, 9, 3, 0, 0, 0, 0, 15, 2, 1, 2, 0, 17, 0, 0, 9, 3, 1, 0, 0, 0, 0, 2, 0, 9, 0, 7, 0, 0, 11, 0, 2, 15, 14, 5, 1, 6, 7, 0, 14, 10, 0, 1, 4, 8, 0, 1, 0, 0, 0, 1, 4, 0, 0, 0, 0, 0, 3, 0, 3, 4, 4, 0, 0, 0, 3, : 2, 1, 4, 3, 5, 2, 9, 3, 15, 2, 1, 2, 17, 9, 3, 1, 2, 9, 7, 11, 2, 15, 14, 5, 1, 6, 7, 14, 10, 1, 4, 8, 1, 1, 4, 3, 3, 4, 4, 3, 
757: 4, 0, 2, 1, 0, 0, 0, 0, 4, 0, 0, 6, 0, 8, 0, 0, 6, 0, 24, 5, 0, 0, 18, 0, 0, 5, 11, 0, 0, 0, 0, 0, 8, 5, 0, 14, 2, 0, 15, 7, 1, 0, 3, 0, 0, 0, 7, 6, 2, 0, 0, 5, 1, 15, 5, 0, 0, 0, 0, 0, 0, 0, 1, 8, 0, 4, 0, 0, 0, 0, 0, 0, 0, 13, 1, 20, 0, 0, 0, 1, : 4, 2, 1, 4, 6, 8, 6, 24, 5, 18, 5, 11, 8, 5, 14, 2, 15, 7, 1, 3, 7, 6, 2, 5, 1, 15, 5, 1, 8, 4, 13, 1, 20, 1, 
413: 0, 8, 0, 0, 5, 0, 0, 1, 1, 8, 4, 0, 0, 0, 0, 0, 0, 0, 0, 2, 0, 1, 0, 0, 22, 0, 0, 14, 0, 4, 1, 4, 4, 0, 0, 4, 0, 4, 4, 6, 0, 0, 3, 1, 0, 4, 0, 2, 14, 0, 0, 7, 1, 23, 1, 0, 4, 0, 0, 2, 0, 0, 2, 0, 0, 7, 0, 0, 19, 0, 0, 10, 0, 0, 15, 0, 0, 0, 0, 0, : 8, 5, 1, 1, 8, 4, 2, 1, 22, 14, 4, 1, 4, 4, 4, 4, 4, 6, 3, 1, 4, 2, 14, 7, 1, 23, 1, 4, 2, 2, 7, 19, 10, 15, 


692: 2, 0, 1, 0, 0, 0, 5, 7, 0, 0, 1, 0, 13, 1, 7, 0, 14, 0, 2, 1, 0, 6, 0, 0, 13, 0, 0, 0, 10, 2, 2, 0, 10, 7, 1, 0, 1, 15, 1, 0, 16, 10, 0, 7, 4, 0, 4, 0, 0, 1, 0, 0, 0, 2, 0, 0, 1, 3, 5, 0, 0, 0, 0, 1, 0, 4, 0, 1, 3, 5, 1, 12, 7, 0, 5, 6, 5, 12, 0, 9, : 2, 1, 5, 7, 1, 13, 1, 7, 14, 2, 1, 6, 13, 10, 2, 2, 10, 7, 1, 1, 15, 1, 16, 10, 7, 4, 4, 1, 2, 1, 3, 5, 1, 4, 1, 3, 5, 1, 12, 7, 5, 6, 5, 12, 9, 
167: 13, 1, 0, 0, 1, 0, 1, 0, 14, 0, 0, 0, 0, 0, 0, 10, 0, 12, 0, 2, 2, 0, 0, 0, 8, 0, 9, 6, 0, 0, 3, 4, 0, 0, 0, 0, 1, 1, 0, 2, 0, 3, 0, 0, 0, 0, 19, 0, 0, 14, 16, 0, 20, 4, 1, 0, 2, 3, 0, 15, 9, 9, 0, 0, 0, 17, 0, 0, 0, 17, 0, 0, 1, 0, 0, 1, 2, 0, 0, 0, : 13, 1, 1, 1, 14, 10, 12, 2, 2, 8, 9, 6, 3, 4, 1, 1, 2, 3, 19, 14, 16, 20, 4, 1, 2, 3, 15, 9, 9, 17, 17, 1, 1, 2, 
476: 13, 0, 0, 13, 6, 5, 0, 8, 0, 5, 0, 1, 6, 10, 1, 11, 10, 10, 0, 2, 0, 10, 0, 22, 0, 7, 3, 4, 2, 0, 0, 3, 0, 17, 0, 8, 0, 0, 0, 3, 0, 0, 0, 4, 0, 0, 0, 3, 2, 2, 0, 0, 0, 0, 0, 0, 3, 0, 0, 0, 1, 2, 0, 0, 0, 0, 0, 11, 0, 0, 1, 1, 1, 0, 3, 0, 0, 9, 11, 0, : 13, 13, 6, 5, 8, 5, 1, 6, 10, 1, 11, 10, 10, 2, 10, 22, 7, 3, 4, 2, 3, 17, 8, 3, 4, 3, 2, 2, 3, 1, 2, 11, 1, 1, 1, 3, 9, 11, 
448: 0, 0, 0, 11, 2, 0, 0, 0, 0, 1, 0, 0, 0, 1, 0, 0, 5, 0, 1, 3, 0, 5, 11, 0, 0, 0, 0, 0, 0, 4, 0, 7, 0, 0, 7, 8, 8, 0, 11, 1, 10, 1, 0, 0, 1, 5, 0, 8, 1, 3, 0, 7, 0, 0, 1, 0, 0, 0, 6, 0, 0, 25, 0, 4, 0, 9, 7, 0, 21, 0, 4, 0, 8, 0, 3, 9, 0, 7, 0, 14, : 11, 2, 1, 1, 5, 1, 3, 5, 11, 4, 7, 7, 8, 8, 11, 1, 10, 1, 1, 5, 8, 1, 3, 7, 1, 6, 25, 4, 9, 7, 21, 4, 8, 3, 9, 7, 14, 
592: 0, 5, 0, 0, 4, 0, 18, 3, 1, 0, 0, 6, 6, 6, 6, 0, 3, 0, 23, 12, 15, 0, 0, 1, 0, 0, 0, 0, 15, 0, 7, 0, 0, 1, 0, 0, 0, 4, 3, 0, 0, 4, 0, 0, 1, 0, 4, 26, 0, 1, 0, 0, 0, 7, 6, 1, 27, 0, 3, 0, 0, 0, 0, 13, 0, 0, 0, 0, 2, 0, 0, 0, 2, 0, 0, 0, 0, 0, 2, 5, : 5, 4, 18, 3, 1, 6, 6, 6, 6, 3, 23, 12, 15, 1, 15, 7, 1, 4, 3, 4, 1, 4, 26, 1, 7, 6, 1, 27, 3, 13, 2, 2, 2, 5, 
561: 0, 0, 5, 3, 1, 0, 1, 1, 2, 7, 5, 0, 3, 1, 0, 3, 0, 6, 10, 1, 2, 4, 0, 0, 7, 0, 3, 0, 4, 0, 0, 0, 0, 0, 0, 0, 0, 4, 5, 1, 2, 7, 0, 1, 0, 9, 5, 1, 2, 0, 0, 1, 24, 1, 7, 0, 0, 0, 15, 4, 5, 10, 0, 0, 0, 0, 0, 6, 0, 0, 9, 2, 4, 11, 0, 0, 7, 0, 2, 5, : 5, 3, 1, 1, 1, 2, 7, 5, 3, 1, 3, 6, 10, 1, 2, 4, 7, 3, 4, 4, 5, 1, 2, 7, 1, 9, 5, 1, 2, 1, 24, 1, 7, 15, 4, 5, 10, 6, 9, 2, 4, 11, 7, 2, 5, 
432: 7, 12, 0, 0, 9, 1, 0, 0, 0, 0, 5, 0, 6, 1, 1, 0, 0, 2, 17, 8, 0, 3, 0, 0, 0, 6, 1, 0, 0, 0, 4, 6, 0, 5, 5, 0, 2, 0, 6, 1, 0, 0, 8, 1, 0, 1, 0, 3, 9, 2, 19, 5, 0, 0, 4, 2, 0, 0, 0, 5, 0, 3, 0, 0, 1, 0, 0, 0, 0, 0, 5, 7, 8, 0, 1, 0, 1, 0, 0, 12, : 7, 12, 9, 1, 5, 6, 1, 1, 2, 17, 8, 3, 6, 1, 4, 6, 5, 5, 2, 6, 1, 8, 1, 1, 3, 9, 2, 19, 5, 4, 2, 5, 3, 1, 5, 7, 8, 1, 1, 12, 
232: 0, 0, 8, 20, 1, 1, 2, 2, 3, 3, 9, 0, 0, 3, 3, 0, 0, 3, 2, 0, 0, 2, 0, 1, 12, 0, 0, 4, 0, 5, 2, 0, 11, 1, 0, 0, 5, 0, 0, 2, 0, 0, 0, 0, 4, 0, 3, 11, 4, 0, 0, 2, 8, 16, 0, 17, 0, 0, 14, 0, 0, 5, 1, 0, 0, 0, 0, 0, 0, 0, 6, 3, 6, 6, 5, 7, 1, 0, 24, 0, : 8, 20, 1, 1, 2, 2, 3, 3, 9, 3, 3, 3, 2, 2, 1, 12, 4, 5, 2, 11, 1, 5, 2, 4, 3, 11, 4, 2, 8, 16, 17, 14, 5, 1, 6, 3, 6, 6, 5, 7, 1, 24, 
387: 0, 19, 6, 2, 0, 5, 0, 1, 1, 2, 14, 0, 0, 0, 3, 0, 0, 16, 1, 6, 26, 0, 0, 0, 0, 4, 0, 6, 0, 0, 1, 0, 8, 0, 7, 0, 1, 10, 3, 0, 4, 6, 0, 8, 7, 0, 25, 0, 0, 0, 0, 2, 0, 8, 0, 3, 1, 0, 2, 6, 0, 0, 0, 4, 1, 2, 1, 0, 9, 0, 19, 2, 0, 0, 10, 0, 0, 0, 4, 0, : 19, 6, 2, 5, 1, 1, 2, 14, 3, 16, 1, 6, 26, 4, 6, 1, 8, 7, 1, 10, 3, 4, 6, 8, 7, 25, 2, 8, 3, 1, 2, 6, 4, 1, 2, 1, 9, 19, 2, 10, 4, 
109: 0, 3, 2, 0, 4, 0, 3, 1, 9, 0, 14, 10, 0, 6, 0, 0, 0, 5, 3, 8, 0, 0, 1, 0, 9, 2, 15, 0, 0, 0, 8, 10, 3, 0, 1, 0, 0, 1, 12, 11, 0, 19, 4, 0, 8, 4, 4, 1, 1, 2, 0, 9, 0, 0, 2, 0, 0, 10, 6, 0, 29, 0, 0, 3, 3, 0, 0, 3, 0, 1, 1, 0, 0, 0, 6, 6, 3, 0, 0, 5, : 3, 2, 4, 3, 1, 9, 14, 10, 6, 5, 3, 8, 1, 9, 2, 15, 8, 10, 3, 1, 1, 12, 11, 19, 4, 8, 4, 4, 1, 1, 2, 9, 2, 10, 6, 29, 3, 3, 3, 1, 1, 6, 6, 3, 5, 
60: 2, 9, 0, 0, 0, 0, 0, 0, 0, 0, 0, 0, 0, 3, 22, 13, 0, 0, 0, 1, 0, 15, 14, 0, 0, 6, 0, 4, 9, 0, 1, 5, 9, 0, 6, 0, 5, 0, 0, 3, 0, 0, 8, 0, 10, 6, 0, 6, 0, 6, 0, 9, 0, 0, 1, 1, 0, 8, 0, 0, 4, 0, 0, 1, 0, 0, 15, 0, 0, 0, 0, 21, 1, 5, 3, 1, 1, 11, 0, 0, : 2, 9, 3, 22, 13, 1, 15, 14, 6, 4, 9, 1, 5, 9, 6, 5, 3, 8, 10, 6, 6, 6, 9, 1, 1, 8, 4, 1, 15, 21, 1, 5, 3, 1, 1, 11, 
527: 0, 0, 19, 0, 5, 0, 2, 4, 0, 0, 0, 0, 9, 1, 0, 0, 0, 0, 1, 2, 0, 5, 1, 1, 16, 9, 4, 0, 0, 0, 0, 1, 17, 0, 0, 0, 0, 1, 4, 0, 1, 4, 0, 9, 0, 0, 12, 0, 0, 0, 0, 0, 0, 0, 8, 0, 0, 6, 5, 13, 5, 21, 19, 0, 0, 16, 0, 3, 1, 7, 0, 0, 1, 3, 0, 9, 4, 3, 0, 15, : 19, 5, 2, 4, 9, 1, 1, 2, 5, 1, 1, 16, 9, 4, 1, 17, 1, 4, 1, 4, 9, 12, 8, 6, 5, 13, 5, 21, 19, 16, 3, 1, 7, 1, 3, 9, 4, 3, 15, 
657: 2, 5, 13, 0, 4, 1, 12, 2, 0, 1, 15, 4, 0, 5, 1, 0, 5, 11, 0, 0, 0, 0, 0, 3, 1, 14, 0, 0, 2, 10, 0, 2, 2, 2, 0, 0, 0, 5, 11, 0, 0, 1, 0, 1, 0, 0, 2, 8, 0, 15, 0, 1, 22, 6, 1, 0, 0, 5, 0, 0, 16, 1, 8, 0, 17, 0, 0, 2, 0, 8, 1, 8, 2, 3, 0, 0, 0, 0, 8, 1, : 2, 5, 13, 4, 1, 12, 2, 1, 15, 4, 5, 1, 5, 11, 3, 1, 14, 2, 10, 2, 2, 2, 5, 11, 1, 1, 2, 8, 15, 1, 22, 6, 1, 5, 16, 1, 8, 17, 2, 8, 1, 8, 2, 3, 8, 1, 
717: 0, 1, 0, 11, 0, 1, 5, 11, 2, 0, 0, 0, 0, 6, 0, 0, 0, 0, 0, 2, 0, 20, 0, 0, 0, 0, 4, 0, 4, 0, 3, 3, 0, 6, 0, 0, 3, 0, 0, 9, 0, 0, 0, 0, 0, 0, 7, 0, 0, 1, 3, 1, 0, 1, 1, 0, 14, 0, 0, 4, 0, 0, 0, 22, 3, 0, 18, 0, 6, 0, 2, 0, 0, 0, 0, 1, 0, 0, 5, 8, : 1, 11, 1, 5, 11, 2, 6, 2, 20, 4, 4, 3, 3, 6, 3, 9, 7, 1, 3, 1, 1, 1, 14, 4, 22, 3, 18, 6, 2, 1, 5, 8, 
367: 19, 0, 16, 18, 0, 0, 0, 0, 0, 5, 0, 0, 1, 0, 4, 7, 2, 0, 4, 1, 0, 4, 0, 1, 1, 0, 2, 3, 0, 0, 6, 5, 7, 0, 8, 0, 9, 0, 0, 0, 0, 7, 9, 11, 0, 6, 0, 0, 0, 1, 0, 0, 0, 1, 2, 0, 0, 0, 0, 24, 3, 2, 0, 0, 2, 5, 2, 11, 15, 0, 9, 4, 0, 6, 5, 4, 18, 0, 17, 3, : 19, 16, 18, 5, 1, 4, 7, 2, 4, 1, 4, 1, 1, 2, 3, 6, 5, 7, 8, 9, 7, 9, 11, 6, 1, 1, 2, 24, 3, 2, 2, 5, 2, 11, 15, 9, 4, 6, 5, 4, 18, 17, 3, 
467: 0, 0, 0, 0, 4, 4, 3, 3, 0, 0, 0, 0, 0, 9, 0, 0, 2, 0, 0, 0, 4, 3, 2, 5, 10, 27, 12, 19, 0, 0, 1, 0, 0, 0, 8, 0, 23, 3, 0, 0, 0, 0, 3, 1, 0, 0, 0, 0, 0, 4, 0, 3, 0, 0, 7, 4, 1, 19, 14, 0, 3, 0, 0, 0, 23, 0, 0, 0, 5, 2, 0, 0, 7, 2, 0, 1, 7, 6, 0, 0, : 4, 4, 3, 3, 9, 2, 4, 3, 2, 5, 10, 27, 12, 19, 1, 8, 23, 3, 3, 1, 4, 3, 7, 4, 1, 19, 14, 3, 23, 5, 2, 7, 2, 1, 7, 6, 
3: 3, 0, 0, 0, 6, 3, 11, 0, 0, 7, 0, 0, 1, 6, 2, 0, 0, 2, 0, 4, 9, 0, 1, 0, 1, 4, 0, 0, 10, 8, 0, 14, 5, 1, 8, 0, 0, 25, 0, 0, 3, 0, 0, 0, 14, 0, 4, 0, 0, 6, 18, 2, 2, 0, 1, 3, 4, 0, 5, 3, 0, 0, 9, 0, 0, 0, 0, 0, 0, 0, 0, 0, 14, 10, 0, 0, 5, 0, 0, 11, : 3, 6, 3, 11, 7, 1, 6, 2, 2, 4, 9, 1, 1, 4, 10, 8, 14, 5, 1, 8, 25, 3, 14, 4, 6, 18, 2, 2, 1, 3, 4, 5, 3, 9, 14, 10, 5, 11, 
541: 0, 0, 0, 0, 0, 7, 3, 7, 0, 3, 0, 15, 0, 6, 5, 7, 0, 1, 3, 0, 2, 0, 0, 5, 0, 0, 2, 1, 16, 17, 1, 1, 0, 6, 3, 0, 1, 6, 0, 17, 0, 0, 5, 2, 0, 22, 0, 1, 0, 2, 0, 0, 0, 3, 6, 3, 0, 3, 0, 0, 14, 0, 12, 0, 19, 3, 0, 0, 0, 0, 0, 0, 0, 2, 3, 2, 1, 12, 0, 1, : 7, 3, 7, 3, 15, 6, 5, 7, 1, 3, 2, 5, 2, 1, 16, 17, 1, 1, 6, 3, 1, 6, 17, 5, 2, 22, 1, 2, 3, 6, 3, 3, 14, 12, 19, 3, 2, 3, 2, 1, 12, 1, 
220: 15, 0, 0, 5, 0, 0, 6, 7, 2, 1, 0, 3, 1, 2, 0, 0, 0, 10, 6, 0, 7, 0, 5, 0, 0, 0, 5, 8, 0, 0, 0, 0, 0, 0, 0, 15, 4, 3, 0, 3, 3, 5, 9, 7, 0, 0, 0, 1, 5, 7, 0, 11, 0, 0, 1, 6, 0, 0, 7, 0, 8, 15, 16, 0, 0, 1, 0, 9, 1, 0, 2, 10, 3, 8, 0, 0, 1, 0, 0, 0, : 15, 5, 6, 7, 2, 1, 3, 1, 2, 10, 6, 7, 5, 5, 8, 15, 4, 3, 3, 3, 5, 9, 7, 1, 5, 7, 11, 1, 6, 7, 8, 15, 16, 1, 9, 1, 2, 10, 3, 8, 1, 
123: 8, 0, 0, 0, 1, 3, 0, 0, 0, 4, 0, 8, 0, 13, 1, 3, 0, 0, 4, 10, 4, 0, 0, 19, 0, 6, 5, 0, 11, 3, 1, 0, 0, 7, 6, 4, 0, 0, 0, 0, 0, 6, 0, 2, 0, 0, 0, 0, 0, 0, 6, 2, 0, 0, 0, 1, 3, 8, 0, 0, 3, 0, 2, 9, 0, 0, 0, 0, 0, 4, 0, 1, 1, 0, 0, 3, 21, 6, 2, 0, : 8, 1, 3, 4, 8, 13, 1, 3, 4, 10, 4, 19, 6, 5, 11, 3, 1, 7, 6, 4, 6, 2, 6, 2, 1, 3, 8, 3, 2, 9, 4, 1, 1, 3, 21, 6, 2, 
796: 0, 13, 6, 0, 0, 0, 8, 2, 13, 5, 0, 0, 0, 0, 0, 0, 0, 2, 1, 7, 0, 1, 2, 2, 0, 0, 8, 0, 0, 0, 3, 2, 0, 0, 0, 0, 0, 5, 0, 0, 0, 0, 20, 0, 0, 0, 0, 0, 0, 4, 0, 0, 0, 3, 1, 2, 20, 0, 0, 1, 0, 0, 0, 1, 2, 2, 9, 16, 3, 3, 2, 7, 3, 0, 1, 16, 1, 1, 0, 4, : 13, 6, 8, 2, 13, 5, 2, 1, 7, 1, 2, 2, 8, 3, 2, 5, 20, 4, 3, 1, 2, 20, 1, 1, 2, 2, 9, 16, 3, 3, 2, 7, 3, 1, 16, 1, 1, 4, 
353: 0, 7, 1, 3, 2, 0, 0, 0, 8, 5, 0, 0, 0, 0, 0, 10, 0, 0, 0, 2, 0, 0, 0, 0, 0, 0, 0, 17, 0, 2, 0, 0, 0, 0, 1, 24, 0, 1, 5, 2, 4, 5, 6, 7, 0, 18, 0, 1, 14, 6, 0, 13, 9, 6, 1, 0, 7, 5, 0, 0, 0, 0, 3, 0, 8, 0, 10, 0, 0, 0, 2, 0, 1, 1, 2, 3, 0, 1, 0, 0, : 7, 1, 3, 2, 8, 5, 10, 2, 17, 2, 1, 24, 1, 5, 2, 4, 5, 6, 7, 18, 1, 14, 6, 13, 9, 6, 1, 7, 5, 3, 8, 10, 2, 1, 1, 2, 3, 1, 
246: 0, 0, 0, 0, 0, 10, 4, 0, 2, 1, 18, 9, 0, 2, 2, 2, 0, 0, 4, 0, 0, 1, 22, 0, 0, 0, 1, 0, 2, 5, 10, 13, 0, 0, 1, 8, 0, 0, 0, 0, 27, 0, 0, 7, 4, 3, 4, 4, 25, 14, 18, 16, 4, 0, 0, 0, 0, 20, 0, 0, 0, 4, 15, 12, 0, 3, 1, 3, 1, 0, 2, 0, 1, 2, 1, 8, 5, 1, 0, 3, : 10, 4, 2, 1, 18, 9, 2, 2, 2, 4, 1, 22, 1, 2, 5, 10, 13, 1, 8, 27, 7, 4, 3, 4, 4, 25, 14, 18, 16, 4, 20, 4, 15, 12, 3, 1, 3, 1, 2, 1, 2, 1, 8, 5, 1, 3, 
350: 15, 0, 1, 0, 0, 0, 4, 9, 0, 0, 0, 18, 0, 1, 0, 2, 0, 1, 0, 0, 2, 0, 3, 11, 2, 5, 0, 0, 0, 0, 6, 0, 4, 1, 7, 0, 3, 7, 3, 1, 1, 0, 0, 1, 0, 0, 0, 0, 3, 0, 0, 0, 4, 0, 0, 4, 9, 0, 0, 0, 0, 0, 0, 5, 0, 0, 2, 7, 0, 13, 5, 1, 0, 0, 8, 0, 2, 0, 0, 0, : 15, 1, 4, 9, 18, 1, 2, 1, 2, 3, 11, 2, 5, 6, 4, 1, 7, 3, 7, 3, 1, 1, 1, 3, 4, 4, 9, 5, 2, 7, 13, 5, 1, 8, 2, 
64: 2, 0, 0, 1, 0, 1, 4, 3, 0, 3, 3, 0, 6, 0, 3, 0, 6, 0, 4, 7, 0, 0, 19, 3, 0, 0, 2, 6, 0, 1, 4, 0, 0, 0, 8, 14, 0, 0, 9, 0, 6, 0, 5, 4, 0, 0, 3, 5, 6, 0, 0, 0, 0, 5, 2, 14, 0, 8, 2, 11, 0, 0, 0, 0, 0, 4, 10, 0, 0, 0, 5, 10, 10, 2, 3, 0, 0, 4, 1, 5, : 2, 1, 1, 4, 3, 3, 3, 6, 3, 6, 4, 7, 19, 3, 2, 6, 1, 4, 8, 14, 9, 6, 5, 4, 3, 5, 6, 5, 2, 14, 8, 2, 11, 4, 10, 5, 10, 10, 2, 3, 4, 1, 5, 
681: 0, 0, 10, 0, 6, 15, 0, 1, 0, 6, 0, 0, 8, 1, 1, 0, 7, 7, 0, 1, 0, 0, 0, 23, 0, 0, 7, 0, 0, 12, 1, 0, 2, 26, 3, 0, 7, 0, 2, 0, 3, 0, 0, 2, 3, 7, 3, 0, 2, 0, 0, 0, 1, 0, 0, 11, 0, 0, 8, 2, 0, 0, 0, 14, 1, 3, 13, 9, 3, 0, 0, 1, 3, 0, 0, 0, 15, 6, 0, 0, : 10, 6, 15, 1, 6, 8, 1, 1, 7, 7, 1, 23, 7, 12, 1, 2, 26, 3, 7, 2, 3, 2, 3, 7, 3, 2, 1, 11, 8, 2, 14, 1, 3, 13, 9, 3, 1, 3, 15, 6, 
247: 13, 23, 0, 0, 12, 5, 2, 1, 3, 0, 3, 25, 13, 1, 0, 0, 3, 14, 3, 1, 0, 2, 20, 0, 8, 18, 1, 0, 0, 1, 4, 2, 1, 0, 3, 1, 1, 1, 11, 4, 0, 0, 0, 9, 11, 0, 0, 0, 7, 7, 0, 1, 0, 0, 13, 0, 1, 0, 0, 0, 0, 5, 13, 0, 9, 7, 0, 3, 0, 13, 9, 0, 0, 12, 3, 0, 1, 0, 10, 0, : 13, 23, 12, 5, 2, 1, 3, 3, 25, 13, 1, 3, 14, 3, 1, 2, 20, 8, 18, 1, 1, 4, 2, 1, 3, 1, 1, 1, 11, 4, 9, 11, 7, 7, 1, 13, 1, 5, 13, 9, 7, 3, 13, 9, 12, 3, 1, 10, 
270: 0, 0, 10, 1, 11, 16, 0, 0, 1, 7, 0, 0, 7, 0, 5, 0, 11, 0, 0, 6, 0, 0, 0, 0, 0, 3, 1, 0, 0, 0, 4, 6, 0, 0, 0, 0, 1, 0, 1, 0, 0, 8, 3, 2, 1, 0, 3, 3, 0, 2, 1, 1, 0, 0, 0, 0, 0, 1, 0, 2, 0, 0, 0, 0, 0, 0, 0, 0, 7, 4, 5, 5, 2, 0, 12, 7, 2, 16, 5, 2, : 10, 1, 11, 16, 1, 7, 7, 5, 11, 6, 3, 1, 4, 6, 1, 1, 8, 3, 2, 1, 3, 3, 2, 1, 1, 1, 2, 7, 4, 5, 5, 2, 12, 7, 2, 16, 5, 2, 
422: 0, 1, 0, 0, 0, 0, 1, 0, 10, 11, 3, 0, 7, 1, 1, 0, 10, 0, 0, 1, 0, 16, 2, 2, 0, 0, 4, 22, 0, 0, 0, 9, 0, 3, 4, 2, 4, 0, 2, 18, 0, 0, 3, 7, 0, 4, 0, 0, 0, 0, 0, 0, 0, 11, 15, 21, 4, 0, 2, 0, 2, 0, 5, 1, 1, 0, 5, 7, 1, 0, 1, 1, 3, 1, 0, 0, 11, 0, 0, 3, : 1, 1, 10, 11, 3, 7, 1, 1, 10, 1, 16, 2, 2, 4, 22, 9, 3, 4, 2, 4, 2, 18, 3, 7, 4, 11, 15, 21, 4, 2, 2, 5, 1, 1, 5, 7, 1, 1, 1, 3, 1, 11, 3, 
381: 0, 0, 9, 0, 0, 15, 1, 20, 6, 0, 21, 2, 0, 5, 0, 24, 0, 0, 4, 0, 2, 9, 4, 0, 0, 0, 4, 0, 20, 22, 8, 11, 2, 0, 0, 0, 9, 2, 0, 2, 0, 2, 10, 3, 3, 12, 2, 17, 0, 0, 15, 0, 1, 2, 7, 1, 0, 13, 0, 2, 0, 0, 1, 3, 0, 13, 0, 0, 0, 0, 6, 0, 0, 1, 0, 1, 0, 0, 2, 6, : 9, 15, 1, 20, 6, 21, 2, 5, 24, 4, 2, 9, 4, 4, 20, 22, 8, 11, 2, 9, 2, 2, 2, 10, 3, 3, 12, 2, 17, 15, 1, 2, 7, 1, 13, 2, 1, 3, 13, 6, 1, 1, 2, 6, 
565: 0, 8, 1, 1, 8, 0, 0, 0, 6, 0, 0, 0, 0, 4, 2, 0, 0, 4, 8, 3, 0, 0, 0, 0, 0, 0, 1, 0, 0, 2, 13, 0, 0, 1, 8, 4, 0, 0, 11, 9, 1, 1, 1, 0, 7, 5, 1, 0, 0, 2, 0, 17, 0, 0, 1, 0, 1, 0, 2, 13, 5, 10, 0, 0, 5, 7, 1, 0, 0, 0, 0, 2, 6, 0, 2, 0, 1, 0, 0, 0, : 8, 1, 1, 8, 6, 4, 2, 4, 8, 3, 1, 2, 13, 1, 8, 4, 11, 9, 1, 1, 1, 7, 5, 1, 2, 17, 1, 1, 2, 13, 5, 10, 5, 7, 1, 2, 6, 2, 1, 
182: 0, 0, 5, 0, 13, 0, 2, 8, 4, 1, 3, 0, 1, 11, 19, 5, 0, 0, 0, 0, 8, 0, 0, 0, 0, 1, 0, 0, 0, 1, 0, 0, 1, 5, 2, 0, 7, 0, 0, 0, 3, 2, 14, 0, 2, 0, 4, 4, 8, 0, 2, 0, 2, 1, 6, 0, 0, 1, 0, 1, 0, 0, 0, 0, 3, 8, 8, 4, 0, 24, 4, 1, 0, 3, 0, 19, 1, 0, 0, 1, : 5, 13, 2, 8, 4, 1, 3, 1, 11, 19, 5, 8, 1, 1, 1, 5, 2, 7, 3, 2, 14, 2, 4, 4, 8, 2, 2, 1, 6, 1, 1, 3, 8, 8, 4, 24, 4, 1, 3, 19, 1, 1, 
708: 0, 3, 3, 6, 2, 0, 4, 4, 3, 9, 0, 0, 11, 0, 0, 0, 0, 0, 1, 1, 4, 3, 0, 0, 0, 0, 1, 0, 0, 2, 5, 1, 4, 3, 1, 16, 1, 0, 0, 4, 1, 0, 0, 1, 9, 0, 0, 4, 1, 0, 14, 0, 0, 3, 0, 0, 2, 0, 0, 1, 0, 0, 0, 0, 0, 7, 0, 5, 6, 0, 0, 0, 1, 15, 5, 0, 0, 0, 4, 0, : 3, 3, 6, 2, 4, 4, 3, 9, 11, 1, 1, 4, 3, 1, 2, 5, 1, 4, 3, 1, 16, 1, 4, 1, 1, 9, 4, 1, 14, 3, 2, 1, 7, 5, 6, 1, 15, 5, 4, 
556: 0, 0, 0, 7, 0, 9, 2, 0, 12, 1, 0, 1, 8, 0, 25, 1, 18, 8, 0, 2, 0, 0, 0, 3, 7, 6, 0, 0, 6, 0, 12, 0, 0, 4, 7, 0, 5, 3, 0, 0, 0, 1, 0, 1, 6, 0, 2, 0, 1, 0, 2, 0, 0, 6, 0, 10, 5, 6, 0, 7, 0, 0, 0, 8, 0, 0, 1, 8, 0, 0, 1, 0, 1, 0, 2, 5, 1, 16, 0, 0, : 7, 9, 2, 12, 1, 1, 8, 25, 1, 18, 8, 2, 3, 7, 6, 6, 12, 4, 7, 5, 3, 1, 1, 6, 2, 1, 2, 6, 10, 5, 6, 7, 8, 1, 8, 1, 1, 2, 5, 1, 16, 
284: 3, 7, 1, 0, 8, 5, 0, 2, 1, 1, 6, 0, 3, 5, 0, 22, 4, 0, 1, 7, 6, 0, 0, 0, 0, 1, 0, 0, 1, 3, 3, 0, 11, 0, 0, 1, 0, 0, 14, 0, 16, 0, 0, 8, 3, 0, 5, 1, 0, 0, 5, 0, 5, 5, 7, 0, 5, 0, 6, 4, 4, 1, 0, 0, 8, 6, 4, 0, 2, 2, 0, 1, 5, 0, 17, 1, 2, 0, 0, 0, : 3, 7, 1, 8, 5, 2, 1, 1, 6, 3, 5, 22, 4, 1, 7, 6, 1, 1, 3, 3, 11, 1, 14, 16, 8, 3, 5, 1, 5, 5, 5, 7, 5, 6, 4, 4, 1, 8, 6, 4, 2, 2, 1, 5, 17, 1, 2, 
316: 0, 0, 0, 0, 8, 0, 1, 3, 4, 11, 0, 6, 0, 0, 4, 0, 0, 0, 2, 12, 0, 8, 0, 0, 14, 0, 5, 0, 0, 0, 5, 2, 22, 15, 0, 0, 1, 0, 5, 9, 0, 4, 1, 1, 0, 1, 1, 4, 14, 8, 0, 1, 7, 0, 0, 1, 0, 0, 0, 0, 5, 0, 0, 0, 0, 3, 0, 0, 8, 0, 1, 0, 1, 19, 6, 1, 1, 2, 7, 1, : 8, 1, 3, 4, 11, 6, 4, 2, 12, 8, 14, 5, 5, 2, 22, 15, 1, 5, 9, 4, 1, 1, 1, 1, 4, 14, 8, 1, 7, 1, 5, 3, 8, 1, 1, 19, 6, 1, 1, 2, 7, 1, 
550: 0, 0, 0, 7, 0, 1, 3, 0, 10, 4, 0, 2, 0, 0, 0, 0, 20, 1, 13, 1, 0, 2, 0, 0, 0, 0, 1, 18, 0, 10, 0, 0, 0, 8, 5, 0, 0, 1, 0, 0, 19, 24, 0, 4, 3, 5, 0, 0, 7, 0, 0, 6, 4, 7, 17, 2, 1, 0, 0, 2, 0, 7, 7, 12, 14, 0, 0, 7, 22, 0, 4, 0, 11, 7, 4, 0, 0, 0, 0, 2, : 7, 1, 3, 10, 4, 2, 20, 1, 13, 1, 2, 1, 18, 10, 8, 5, 1, 19, 24, 4, 3, 5, 7, 6, 4, 7, 17, 2, 1, 2, 7, 7, 12, 14, 7, 22, 4, 11, 7, 4, 2, 
564: 0, 0, 0, 6, 2, 0, 10, 0, 3, 12, 0, 0, 0, 4, 0, 0, 0, 0, 2, 1, 23, 0, 0, 13, 0, 0, 2, 1, 0, 0, 0, 13, 0, 0, 8, 7, 4, 20, 0, 4, 0, 0, 0, 1, 10, 0, 0, 3, 0, 6, 0, 0, 7, 0, 0, 3, 0, 0, 0, 0, 0, 0, 0, 4, 0, 0, 0, 5, 0, 6, 10, 0, 0, 0, 6, 1, 0, 4, 0, 4, : 6, 2, 10, 3, 12, 4, 2, 1, 23, 13, 2, 1, 13, 8, 7, 4, 20, 4, 1, 10, 3, 6, 7, 3, 4, 5, 6, 10, 6, 1, 4, 4, 
756: 3, 3, 2, 0, 0, 8, 2, 3, 0, 0, 0, 0, 0, 4, 2, 0, 0, 5, 0, 5, 4, 1, 5, 5, 0, 1, 14, 1, 7, 10, 0, 0, 1, 1, 0, 0, 1, 0, 0, 11, 0, 0, 11, 8, 9, 5, 3, 0, 8, 4, 1, 0, 0, 4, 1, 8, 0, 0, 7, 0, 4, 0, 9, 0, 0, 0, 7, 0, 0, 11, 3, 0, 2, 0, 0, 1, 0, 0, 0, 0, : 3, 3, 2, 8, 2, 3, 4, 2, 5, 5, 4, 1, 5, 5, 1, 14, 1, 7, 10, 1, 1, 1, 11, 11, 8, 9, 5, 3, 8, 4, 1, 4, 1, 8, 7, 4, 9, 7, 11, 3, 2, 1, 
41: 0, 0, 1, 5, 0, 4, 0, 7, 0, 4, 0, 10, 10, 1, 0, 0, 0, 0, 0, 0, 0, 0, 8, 0, 11, 0, 3, 0, 1, 0, 2, 0, 0, 0, 2, 8, 13, 2, 1, 3, 0, 0, 0, 0, 0, 7, 0, 5, 0, 0, 0, 10, 0, 18, 0, 2, 9, 1, 11, 0, 0, 0, 0, 3, 0, 0, 6, 0, 4, 0, 0, 20, 4, 1, 4, 7, 0, 3, 16, 0, : 1, 5, 4, 7, 4, 10, 10, 1, 8, 11, 3, 1, 2, 2, 8, 13, 2, 1, 3, 7, 5, 10, 18, 2, 9, 1, 11, 3, 6, 4, 20, 4, 1, 4, 7, 3, 16, 


425: 4, 0, 9, 13, 21, 4, 0, 4, 2, 0, 12, 0, 3, 1, 4, 18, 1, 0, 0, 1, 0, 0, 17, 12, 2, 3, 4, 1, 1, 0, 2, 23, 17, 1, 0, 19, 0, 10, 0, 0, 9, 0, 12, 3, 13, 0, 0, 6, 3, 2, 0, 0, 1, 5, 1, 8, 0, 0, 7, 4, 0, 0, 0, 0, 0, 8, 0, 0, 3, 0, 0, 2, 0, 0, 11, 0, 0, 5, 0, 15, : 4, 9, 13, 21, 4, 4, 2, 12, 3, 1, 4, 18, 1, 1, 17, 12, 2, 3, 4, 1, 1, 2, 23, 17, 1, 19, 10, 9, 12, 3, 13, 6, 3, 2, 1, 5, 1, 8, 7, 4, 8, 3, 2, 11, 5, 15, 
604: 12, 3, 0, 1, 0, 1, 0, 6, 2, 0, 2, 3, 0, 14, 17, 0, 0, 6, 2, 3, 0, 0, 2, 0, 11, 7, 1, 0, 0, 1, 0, 0, 0, 0, 12, 0, 0, 1, 1, 0, 7, 0, 3, 0, 8, 2, 14, 1, 1, 0, 0, 0, 0, 5, 0, 0, 4, 0, 0, 0, 8, 0, 0, 8, 0, 0, 0, 0, 10, 0, 1, 2, 1, 0, 0, 17, 5, 2, 0, 0, : 12, 3, 1, 1, 6, 2, 2, 3, 14, 17, 6, 2, 3, 2, 11, 7, 1, 1, 12, 1, 1, 7, 3, 8, 2, 14, 1, 1, 5, 4, 8, 8, 10, 1, 2, 1, 17, 5, 2, 
362: 0, 0, 1, 0, 5, 12, 0, 2, 6, 0, 1, 0, 0, 7, 0, 12, 0, 1, 0, 0, 1, 0, 0, 2, 4, 0, 3, 0, 16, 6, 0, 3, 0, 3, 4, 2, 0, 0, 0, 0, 1, 0, 12, 2, 17, 0, 8, 0, 4, 13, 0, 0, 1, 1, 0, 0, 19, 0, 1, 6, 1, 2, 0, 0, 7, 0, 0, 6, 0, 0, 0, 0, 12, 1, 3, 10, 9, 0, 5, 6, : 1, 5, 12, 2, 6, 1, 7, 12, 1, 1, 2, 4, 3, 16, 6, 3, 3, 4, 2, 1, 12, 2, 17, 8, 4, 13, 1, 1, 19, 1, 6, 1, 2, 7, 6, 12, 1, 3, 10, 9, 5, 6, 
631: 1, 0, 1, 15, 0, 0, 2, 1, 2, 6, 0, 0, 0, 12, 24, 0, 7, 1, 1, 9, 0, 1, 0, 2, 0, 2, 1, 9, 0, 0, 13, 4, 1, 0, 0, 13, 1, 5, 0, 0, 7, 1, 0, 2, 0, 0, 5, 0, 0, 0, 6, 0, 7, 0, 2, 0, 8, 0, 3, 0, 0, 0, 1, 0, 0, 2, 1, 0, 0, 0, 4, 0, 0, 1, 0, 0, 0, 0, 6, 0, : 1, 1, 15, 2, 1, 2, 6, 12, 24, 7, 1, 1, 9, 1, 2, 2, 1, 9, 13, 4, 1, 13, 1, 5, 7, 1, 2, 5, 6, 7, 2, 8, 3, 1, 2, 1, 4, 1, 6, 
440: 2, 3, 3, 2, 0, 0, 5, 3, 0, 10, 0, 13, 0, 1, 3, 0, 0, 5, 8, 4, 0, 0, 0, 2, 0, 0, 0, 2, 1, 1, 0, 7, 1, 9, 13, 3, 5, 2, 0, 9, 11, 0, 2, 0, 0, 0, 0, 1, 2, 0, 0, 3, 7, 9, 1, 0, 5, 0, 0, 0, 2, 0, 15, 0, 0, 1, 9, 0, 0, 1, 6, 1, 3, 0, 0, 2, 2, 17, 16, 0, : 2, 3, 3, 2, 5, 3, 10, 13, 1, 3, 5, 8, 4, 2, 2, 1, 1, 7, 1, 9, 13, 3, 5, 2, 9, 11, 2, 1, 2, 3, 7, 9, 1, 5, 2, 15, 1, 9, 1, 6, 1, 3, 2, 2, 17, 16, 
153: 9, 6, 0, 2, 8, 0, 6, 0, 5, 0, 0, 7, 0, 7, 3, 0, 12, 5, 0, 1, 0, 19, 0, 2, 3, 0, 1, 0, 1, 8, 0, 0, 0, 1, 19, 0, 0, 3, 0, 10, 0, 0, 5, 6, 0, 0, 0, 0, 0, 2, 4, 11, 2, 0, 5, 0, 0, 0, 1, 2, 0, 4, 0, 3, 3, 3, 0, 0, 2, 0, 0, 0, 0, 3, 0, 0, 0, 6, 3, 0, : 9, 6, 2, 8, 6, 5, 7, 7, 3, 12, 5, 1, 19, 2, 3, 1, 1, 8, 1, 19, 3, 10, 5, 6, 2, 4, 11, 2, 5, 1, 2, 4, 3, 3, 3, 2, 3, 6, 3, 
76: 0, 6, 4, 0, 0, 9, 6, 0, 0, 0, 0, 0, 0, 0, 0, 14, 0, 5, 0, 2, 7, 21, 0, 0, 0, 6, 3, 0, 0, 0, 0, 13, 2, 0, 1, 14, 8, 3, 2, 2, 2, 3, 0, 3, 0, 4, 14, 0, 0, 1, 0, 7, 1, 0, 6, 7, 24, 2, 0, 2, 5, 8, 0, 0, 21, 0, 0, 19, 4, 3, 0, 12, 0, 2, 17, 0, 10, 0, 13, 0, : 6, 4, 9, 6, 14, 5, 2, 7, 21, 6, 3, 13, 2, 1, 14, 8, 3, 2, 2, 2, 3, 3, 4, 14, 1, 7, 1, 6, 7, 24, 2, 2, 5, 8, 21, 19, 4, 3, 12, 2, 17, 10, 13, 
474: 0, 2, 0, 9, 10, 0, 0, 0, 0, 2, 1, 14, 0, 7, 0, 0, 0, 1, 3, 1, 0, 0, 0, 14, 0, 2, 0, 6, 0, 9, 0, 3, 0, 4, 1, 0, 4, 10, 0, 0, 0, 1, 9, 6, 0, 1, 0, 0, 0, 0, 12, 9, 0, 10, 0, 1, 0, 10, 0, 0, 8, 0, 2, 0, 0, 10, 0, 0, 2, 0, 4, 0, 1, 2, 4, 3, 6, 12, 0, 4, : 2, 9, 10, 2, 1, 14, 7, 1, 3, 1, 14, 2, 6, 9, 3, 4, 1, 4, 10, 1, 9, 6, 1, 12, 9, 10, 1, 10, 8, 2, 10, 2, 4, 1, 2, 4, 3, 6, 12, 4, 
162: 1, 13, 3, 15, 1, 0, 4, 1, 1, 0, 15, 0, 20, 17, 0, 11, 0, 1, 0, 1, 8, 0, 1, 6, 1, 1, 0, 15, 0, 9, 0, 0, 0, 0, 0, 0, 2, 0, 9, 2, 0, 6, 2, 3, 2, 0, 2, 12, 0, 2, 1, 0, 0, 19, 1, 22, 1, 10, 22, 0, 2, 0, 0, 0, 1, 0, 1, 2, 0, 4, 0, 1, 0, 0, 0, 0, 7, 0, 1, 0, : 1, 13, 3, 15, 1, 4, 1, 1, 15, 20, 17, 11, 1, 1, 8, 1, 6, 1, 1, 15, 9, 2, 9, 2, 6, 2, 3, 2, 2, 12, 2, 1, 19, 1, 22, 1, 10, 22, 2, 1, 1, 2, 4, 1, 7, 1, 
103: 5, 0, 4, 0, 0, 2, 26, 0, 0, 0, 0, 0, 0, 0, 0, 0, 3, 0, 0, 3, 3, 0, 16, 0, 0, 0, 4, 0, 0, 11, 9, 5, 4, 0, 0, 0, 0, 0, 13, 0, 0, 3, 0, 0, 17, 0, 0, 0, 0, 0, 0, 0, 1, 0, 1, 1, 5, 2, 7, 10, 0, 0, 0, 0, 3, 2, 6, 0, 0, 0, 0, 2, 0, 0, 4, 0, 3, 15, 0, 5, : 5, 4, 2, 26, 3, 3, 3, 16, 4, 11, 9, 5, 4, 13, 3, 17, 1, 1, 1, 5, 2, 7, 10, 3, 2, 6, 2, 4, 3, 15, 5, 
695: 3, 0, 2, 0, 0, 0, 2, 0, 9, 0, 10, 0, 15, 1, 0, 0, 0, 0, 0, 0, 7, 0, 0, 0, 6, 12, 0, 0, 0, 0, 0, 0, 5, 11, 0, 0, 11, 0, 2, 0, 0, 0, 0, 2, 4, 0, 3, 0, 1, 0, 9, 0, 5, 0, 3, 0, 0, 2, 0, 0, 1, 10, 0, 0, 11, 0, 8, 0, 6, 0, 0, 3, 4, 0, 0, 0, 7, 0, 2, 0, : 3, 2, 2, 9, 10, 15, 1, 7, 6, 12, 5, 11, 11, 2, 2, 4, 3, 1, 9, 5, 3, 2, 1, 10, 11, 8, 6, 3, 4, 7, 2, 
659: 2, 0, 0, 3, 2, 0, 0, 0, 16, 0, 0, 0, 0, 1, 4, 0, 1, 9, 0, 2, 0, 12, 1, 0, 9, 1, 0, 1, 0, 0, 4, 0, 4, 0, 0, 0, 1, 4, 0, 0, 0, 0, 0, 1, 7, 0, 6, 0, 5, 0, 5, 0, 14, 0, 0, 0, 7, 0, 0, 1, 0, 12, 2, 4, 0, 0, 0, 8, 0, 5, 7, 3, 2, 0, 0, 25, 0, 0, 0, 3, : 2, 3, 2, 16, 1, 4, 1, 9, 2, 12, 1, 9, 1, 1, 4, 4, 1, 4, 1, 7, 6, 5, 5, 14, 7, 1, 12, 2, 4, 8, 5, 7, 3, 2, 25, 3, 
37: 2, 0, 8, 1, 0, 6, 2, 5, 0, 8, 15, 1, 0, 0, 7, 2, 14, 0, 0, 5, 15, 0, 0, 8, 0, 17, 24, 0, 0, 21, 0, 0, 3, 7, 0, 0, 0, 0, 0, 0, 18, 4, 0, 3, 0, 4, 1, 12, 7, 0, 9, 1, 2, 0, 16, 25, 0, 0, 3, 0, 8, 11, 6, 13, 5, 11, 0, 3, 0, 3, 1, 2, 0, 0, 0, 0, 0, 7, 1, 2, : 2, 8, 1, 6, 2, 5, 8, 15, 1, 7, 2, 14, 5, 15, 8, 17, 24, 21, 3, 7, 18, 4, 3, 4, 1, 12, 7, 9, 1, 2, 16, 25, 3, 8, 11, 6, 13, 5, 11, 3, 3, 1, 2, 7, 1, 2, 
533: 0, 0, 0, 0, 2, 6, 0, 0, 9, 14, 11, 21, 0, 0, 1, 3, 5, 0, 11, 6, 0, 10, 0, 4, 1, 0, 0, 0, 0, 9, 5, 12, 0, 4, 11, 0, 21, 3, 3, 10, 3, 0, 0, 0, 0, 6, 0, 0, 23, 23, 4, 0, 0, 0, 2, 0, 0, 0, 4, 16, 0, 2, 0, 0, 0, 2, 0, 0, 0, 5, 1, 7, 0, 0, 0, 1, 0, 4, 3, 2, : 2, 6, 9, 14, 11, 21, 1, 3, 5, 11, 6, 10, 4, 1, 9, 5, 12, 4, 11, 21, 3, 3, 10, 3, 6, 23, 23, 4, 2, 4, 16, 2, 2, 5, 1, 7, 1, 4, 3, 2, 
278: 1, 11, 0, 0, 4, 14, 0, 5, 4, 14, 0, 3, 0, 10, 0, 6, 0, 0, 0, 2, 0, 0, 2, 3, 0, 4, 0, 9, 26, 0, 0, 0, 0, 2, 2, 0, 0, 15, 1, 5, 0, 0, 3, 13, 16, 2, 0, 0, 7, 0, 9, 0, 0, 3, 0, 0, 0, 4, 3, 8, 8, 3, 0, 0, 23, 1, 0, 0, 2, 0, 0, 1, 8, 3, 7, 0, 0, 4, 1, 0, : 1, 11, 4, 14, 5, 4, 14, 3, 10, 6, 2, 2, 3, 4, 9, 26, 2, 2, 15, 1, 5, 3, 13, 16, 2, 7, 9, 3, 4, 3, 8, 8, 3, 23, 1, 2, 1, 8, 3, 7, 4, 1, 
285: 0, 4, 0, 10, 18, 8, 1, 0, 0, 2, 0, 0, 21, 1, 0, 10, 4, 11, 0, 0, 1, 2, 0, 1, 0, 0, 0, 0, 3, 3, 0, 0, 4, 0, 0, 1, 22, 1, 0, 0, 0, 5, 5, 2, 0, 0, 1, 7, 0, 0, 0, 4, 13, 1, 6, 0, 1, 0, 0, 0, 4, 0, 5, 0, 0, 4, 1, 1, 0, 0, 8, 5, 0, 7, 5, 18, 16, 0, 1, 0, : 4, 10, 18, 8, 1, 2, 21, 1, 10, 4, 11, 1, 2, 1, 3, 3, 4, 1, 22, 1, 5, 5, 2, 1, 7, 4, 13, 1, 6, 1, 4, 5, 4, 1, 1, 8, 5, 7, 5, 18, 16, 1, 
520: 1, 4, 4, 0, 7, 0, 3, 0, 4, 0, 3, 2, 0, 2, 0, 6, 0, 0, 0, 0, 0, 0, 23, 0, 2, 0, 0, 0, 2, 0, 3, 2, 0, 2, 14, 4, 2, 6, 2, 0, 0, 0, 7, 0, 0, 0, 0, 0, 4, 0, 0, 24, 0, 0, 2, 3, 0, 8, 4, 0, 0, 0, 12, 16, 0, 2, 0, 0, 0, 2, 9, 3, 0, 15, 0, 5, 2, 0, 0, 0, : 1, 4, 4, 7, 3, 4, 3, 2, 2, 6, 23, 2, 2, 3, 2, 2, 14, 4, 2, 6, 2, 7, 4, 24, 2, 3, 8, 4, 12, 16, 2, 2, 9, 3, 15, 5, 2, 
703: 6, 0, 0, 0, 0, 2, 0, 15, 1, 9, 0, 0, 0, 0, 0, 0, 10, 6, 12, 0, 3, 0, 0, 0, 0, 0, 10, 4, 2, 1, 4, 0, 9, 4, 2, 0, 0, 0, 2, 0, 0, 22, 2, 5, 14, 13, 7, 0, 1, 0, 0, 0, 4, 0, 10, 0, 0, 0, 0, 5, 0, 3, 1, 0, 0, 18, 0, 3, 7, 12, 9, 1, 4, 0, 0, 0, 3, 1, 0, 3, : 6, 2, 15, 1, 9, 10, 6, 12, 3, 10, 4, 2, 1, 4, 9, 4, 2, 2, 22, 2, 5, 14, 13, 7, 1, 4, 10, 5, 3, 1, 18, 3, 7, 12, 9, 1, 4, 3, 1, 3, 
732: 15, 0, 5, 3, 5, 0, 0, 10, 3, 0, 0, 0, 6, 1, 4, 0, 0, 2, 0, 8, 0, 2, 2, 0, 5, 20, 0, 1, 9, 2, 7, 0, 1, 0, 0, 8, 0, 4, 25, 1, 0, 4, 3, 0, 0, 2, 0, 7, 1, 5, 7, 15, 0, 0, 0, 0, 1, 0, 2, 2, 1, 14, 3, 4, 0, 0, 0, 8, 4, 0, 0, 0, 17, 3, 0, 0, 0, 1, 0, 0, : 15, 5, 3, 5, 10, 3, 6, 1, 4, 2, 8, 2, 2, 5, 20, 1, 9, 2, 7, 1, 8, 4, 25, 1, 4, 3, 2, 7, 1, 5, 7, 15, 1, 2, 2, 1, 14, 3, 4, 8, 4, 17, 3, 1, 
273: 0, 0, 0, 0, 1, 6, 0, 11, 0, 9, 1, 0, 0, 0, 0, 12, 10, 6, 3, 6, 0, 6, 0, 4, 4, 0, 0, 0, 6, 0, 0, 19, 1, 2, 0, 0, 0, 0, 4, 0, 0, 0, 6, 0, 0, 12, 14, 0, 9, 0, 1, 4, 0, 8, 9, 0, 7, 0, 0, 6, 15, 0, 0, 0, 0, 0, 0, 9, 7, 0, 2, 3, 0, 0, 0, 0, 0, 4, 1, 3, : 1, 6, 11, 9, 1, 12, 10, 6, 3, 6, 6, 4, 4, 6, 19, 1, 2, 4, 6, 12, 14, 9, 1, 4, 8, 9, 7, 6, 15, 9, 7, 2, 3, 4, 1, 3, 
347: 3, 0, 6, 0, 4, 0, 0, 0, 0, 0, 1, 2, 0, 0, 0, 7, 0, 2, 7, 10, 0, 15, 0, 0, 13, 0, 11, 0, 0, 0, 1, 9, 0, 0, 0, 0, 0, 2, 3, 0, 0, 0, 0, 0, 1, 0, 1, 0, 18, 0, 0, 0, 5, 0, 3, 0, 0, 0, 0, 6, 0, 0, 0, 6, 0, 0, 22, 11, 4, 15, 0, 0, 0, 8, 1, 2, 1, 3, 0, 0, : 3, 6, 4, 1, 2, 7, 2, 7, 10, 15, 13, 11, 1, 9, 2, 3, 1, 1, 18, 5, 3, 6, 6, 22, 11, 4, 15, 8, 1, 2, 1, 3, 
143: 0, 0, 23, 0, 0, 3, 0, 3, 1, 1, 0, 0, 0, 0, 0, 0, 0, 0, 0, 5, 0, 0, 0, 1, 2, 1, 3, 0, 0, 0, 0, 0, 0, 8, 0, 0, 0, 2, 16, 11, 10, 6, 0, 0, 0, 4, 0, 0, 3, 4, 0, 0, 0, 3, 0, 6, 1, 0, 10, 1, 1, 9, 1, 0, 18, 2, 5, 0, 10, 1, 1, 28, 0, 0, 3, 0, 13, 7, 0, 12, : 23, 3, 3, 1, 1, 5, 1, 2, 1, 3, 8, 2, 16, 11, 10, 6, 4, 3, 4, 3, 6, 1, 10, 1, 1, 9, 1, 18, 2, 5, 10, 1, 1, 28, 3, 13, 7, 12, 
587: 1, 6, 0, 0, 0, 12, 0, 1, 1, 0, 0, 0, 0, 0, 8, 0, 7, 4, 2, 15, 17, 11, 0, 7, 0, 0, 2, 2, 7, 0, 4, 0, 17, 8, 7, 1, 0, 0, 0, 0, 2, 9, 1, 10, 0, 0, 0, 0, 0, 7, 0, 0, 0, 1, 19, 18, 4, 9, 2, 0, 8, 0, 2, 0, 5, 0, 0, 0, 0, 1, 0, 0, 0, 3, 2, 3, 0, 1, 9, 0, : 1, 6, 12, 1, 1, 8, 7, 4, 2, 15, 17, 11, 7, 2, 2, 7, 4, 17, 8, 7, 1, 2, 9, 1, 10, 7, 1, 19, 18, 4, 9, 2, 8, 2, 5, 1, 3, 2, 3, 1, 9, 
150: 1, 18, 1, 0, 0, 1, 0, 0, 3, 0, 0, 0, 0, 0, 10, 2, 1, 0, 0, 1, 0, 0, 0, 6, 0, 4, 12, 0, 0, 6, 2, 1, 0, 0, 0, 0, 0, 0, 4, 0, 0, 8, 0, 4, 0, 0, 0, 0, 0, 12, 9, 0, 1, 0, 1, 0, 0, 7, 0, 0, 7, 1, 0, 0, 0, 6, 0, 6, 0, 1, 10, 0, 13, 2, 2, 15, 0, 0, 0, 1, : 1, 18, 1, 1, 3, 10, 2, 1, 1, 6, 4, 12, 6, 2, 1, 4, 8, 4, 12, 9, 1, 1, 7, 7, 1, 6, 6, 1, 10, 13, 2, 2, 15, 1, 
534: 1, 10, 1, 13, 0, 0, 3, 0, 0, 4, 2, 3, 0, 1, 0, 2, 0, 0, 0, 1, 19, 0, 3, 0, 3, 0, 0, 3, 11, 0, 2, 0, 1, 11, 0, 19, 1, 0, 0, 0, 0, 0, 0, 0, 3, 0, 1, 16, 6, 0, 0, 17, 0, 0, 0, 21, 0, 0, 0, 1, 0, 0, 10, 0, 1, 0, 0, 1, 5, 3, 0, 8, 13, 0, 0, 5, 0, 5, 0, 5, : 1, 10, 1, 13, 3, 4, 2, 3, 1, 2, 1, 19, 3, 3, 3, 11, 2, 1, 11, 19, 1, 3, 1, 16, 6, 17, 21, 1, 10, 1, 1, 5, 3, 8, 13, 5, 5, 5, 
113: 0, 0, 7, 7, 2, 3, 10, 3, 0, 0, 0, 0, 0, 1, 3, 0, 0, 0, 20, 0, 0, 0, 5, 9, 4, 1, 0, 6, 0, 0, 1, 0, 0, 13, 2, 0, 0, 0, 0, 0, 0, 13, 0, 3, 1, 0, 4, 0, 0, 2, 0, 3, 0, 1, 0, 0, 0, 9, 0, 0, 0, 0, 6, 8, 0, 11, 0, 3, 4, 4, 0, 4, 0, 0, 8, 0, 0, 0, 10, 0, : 7, 7, 2, 3, 10, 3, 1, 3, 20, 5, 9, 4, 1, 6, 1, 13, 2, 13, 3, 1, 4, 2, 3, 1, 9, 6, 8, 11, 3, 4, 4, 4, 8, 10, 
726: 6, 0, 0, 4, 12, 9, 5, 5, 1, 2, 0, 10, 0, 10, 0, 0, 0, 0, 0, 4, 5, 2, 18, 11, 12, 0, 6, 12, 0, 7, 1, 8, 1, 0, 0, 0, 5, 0, 0, 0, 10, 0, 0, 9, 7, 0, 0, 2, 0, 16, 0, 0, 6, 0, 11, 0, 10, 0, 0, 0, 4, 6, 19, 0, 5, 0, 1, 0, 5, 0, 11, 0, 0, 0, 15, 0, 0, 0, 2, 2, : 6, 4, 12, 9, 5, 5, 1, 2, 10, 10, 4, 5, 2, 18, 11, 12, 6, 12, 7, 1, 8, 1, 5, 10, 9, 7, 2, 16, 6, 11, 10, 4, 6, 19, 5, 1, 5, 11, 15, 2, 2, 
410: 10, 10, 0, 2, 0, 0, 10, 0, 20, 0, 0, 0, 0, 0, 0, 0, 0, 3, 0, 8, 2, 0, 0, 0, 0, 0, 2, 0, 0, 0, 0, 0, 0, 0, 0, 0, 0, 6, 0, 22, 0, 7, 0, 0, 0, 0, 4, 0, 0, 0, 0, 0, 1, 14, 0, 0, 0, 1, 2, 1, 1, 0, 9, 2, 0, 0, 0, 5, 0, 0, 6, 4, 0, 13, 1, 0, 11, 0, 0, 2, : 10, 10, 2, 10, 20, 3, 8, 2, 2, 6, 22, 7, 4, 1, 14, 1, 2, 1, 1, 9, 2, 5, 6, 4, 13, 1, 11, 2, 
388: 1, 0, 3, 0, 3, 11, 1, 0, 2, 0, 0, 4, 23, 0, 0, 0, 0, 0, 0, 3, 1, 0, 0, 1, 0, 0, 0, 22, 0, 0, 6, 0, 0, 2, 1, 0, 0, 0, 0, 0, 20, 24, 0, 3, 0, 13, 2, 0, 1, 0, 8, 0, 2, 0, 0, 0, 1, 0, 1, 4, 0, 0, 0, 0, 0, 9, 3, 2, 2, 3, 1, 2, 7, 7, 0, 7, 3, 0, 1, 9, : 1, 3, 3, 11, 1, 2, 4, 23, 3, 1, 1, 22, 6, 2, 1, 20, 24, 3, 13, 2, 1, 8, 2, 1, 1, 4, 9, 3, 2, 2, 3, 1, 2, 7, 7, 7, 3, 1, 9, 
65: 2, 0, 8, 2, 0, 5, 1, 1, 2, 2, 1, 4, 0, 3, 10, 2, 7, 0, 3, 1, 4, 1, 0, 5, 20, 0, 0, 0, 0, 4, 0, 3, 18, 0, 17, 6, 13, 13, 4, 4, 0, 0, 0, 15, 0, 2, 0, 6, 1, 0, 0, 0, 6, 2, 4, 1, 13, 0, 0, 0, 11, 0, 0, 0, 3, 0, 9, 1, 2, 1, 4, 1, 0, 4, 5, 0, 0, 4, 0, 4, : 2, 8, 2, 5, 1, 1, 2, 2, 1, 4, 3, 10, 2, 7, 3, 1, 4, 1, 5, 20, 4, 3, 18, 17, 6, 13, 13, 4, 4, 15, 2, 6, 1, 6, 2, 4, 1, 13, 11, 3, 9, 1, 2, 1, 4, 1, 4, 5, 4, 4, 
483: 2, 2, 0, 0, 0, 0, 0, 7, 0, 0, 0, 0, 0, 0, 0, 2, 2, 9, 0, 2, 2, 6, 11, 8, 0, 9, 0, 7, 23, 1, 6, 0, 0, 1, 0, 3, 0, 0, 0, 3, 5, 2, 11, 6, 0, 0, 18, 19, 1, 0, 2, 0, 1, 0, 0, 2, 4, 0, 20, 7, 0, 0, 0, 0, 8, 0, 28, 12, 7, 4, 0, 0, 2, 6, 0, 0, 2, 0, 6, 7, : 2, 2, 7, 2, 2, 9, 2, 2, 6, 11, 8, 9, 7, 23, 1, 6, 1, 3, 3, 5, 2, 11, 6, 18, 19, 1, 2, 1, 2, 4, 20, 7, 8, 28, 12, 7, 4, 2, 6, 2, 6, 7, 
710: 4, 3, 2, 0, 0, 0, 5, 1, 15, 6, 27, 15, 0, 0, 1, 3, 0, 7, 8, 2, 7, 0, 4, 0, 8, 0, 2, 7, 0, 1, 0, 2, 0, 8, 3, 4, 4, 0, 0, 0, 0, 2, 0, 1, 6, 0, 0, 0, 0, 2, 12, 0, 1, 7, 0, 0, 0, 8, 2, 0, 0, 13, 5, 25, 3, 0, 0, 1, 9, 15, 0, 0, 0, 0, 3, 0, 0, 0, 15, 4, : 4, 3, 2, 5, 1, 15, 6, 27, 15, 1, 3, 7, 8, 2, 7, 4, 8, 2, 7, 1, 2, 8, 3, 4, 4, 2, 1, 6, 2, 12, 1, 7, 8, 2, 13, 5, 25, 3, 1, 9, 15, 3, 15, 4, 
519: 7, 0, 5, 0, 0, 2, 2, 0, 1, 2, 0, 4, 10, 7, 4, 2, 0, 9, 0, 0, 0, 0, 0, 1, 8, 0, 19, 0, 2, 0, 6, 6, 0, 6, 0, 0, 4, 2, 16, 11, 0, 0, 5, 3, 1, 6, 2, 0, 0, 2, 0, 0, 0, 0, 0, 0, 0, 23, 12, 0, 5, 3, 0, 0, 0, 0, 12, 2, 6, 0, 0, 0, 0, 12, 0, 1, 0, 0, 1, 0, : 7, 5, 2, 2, 1, 2, 4, 10, 7, 4, 2, 9, 1, 8, 19, 2, 6, 6, 6, 4, 2, 16, 11, 5, 3, 1, 6, 2, 2, 23, 12, 5, 3, 12, 2, 6, 12, 1, 1, 
156: 2, 3, 5, 0, 1, 2, 0, 3, 0, 0, 0, 3, 0, 0, 0, 0, 2, 0, 12, 0, 12, 0, 0, 0, 0, 7, 3, 0, 0, 15, 0, 0, 8, 4, 0, 1, 0, 0, 0, 0, 0, 0, 16, 1, 0, 0, 0, 8, 0, 0, 0, 0, 0, 0, 9, 0, 0, 0, 6, 2, 0, 3, 0, 23, 3, 4, 2, 8, 12, 1, 19, 16, 0, 3, 0, 2, 1, 5, 0, 0, : 2, 3, 5, 1, 2, 3, 3, 2, 12, 12, 7, 3, 15, 8, 4, 1, 16, 1, 8, 9, 6, 2, 3, 23, 3, 4, 2, 8, 12, 1, 19, 16, 3, 2, 1, 5, 
189: 1, 0, 0, 1, 5, 0, 9, 0, 0, 2, 0, 0, 0, 5, 16, 2, 23, 12, 11, 4, 0, 0, 0, 0, 0, 7, 5, 0, 0, 0, 0, 0, 1, 0, 0, 12, 1, 0, 5, 9, 1, 0, 4, 0, 0, 2, 5, 14, 2, 18, 0, 9, 4, 5, 4, 0, 0, 9, 0, 0, 0, 12, 7, 0, 0, 13, 0, 0, 0, 8, 0, 4, 1, 17, 1, 0, 0, 0, 2, 3, : 1, 1, 5, 9, 2, 5, 16, 2, 23, 12, 11, 4, 7, 5, 1, 12, 1, 5, 9, 1, 4, 2, 5, 14, 2, 18, 9, 4, 5, 4, 9, 12, 7, 13, 8, 4, 1, 17, 1, 2, 3, 
614: 3, 3, 0, 14, 2, 0, 7, 0, 0, 4, 0, 1, 0, 7, 0, 4, 0, 6, 16, 1, 0, 11, 0, 0, 0, 0, 4, 0, 0, 0, 0, 0, 1, 5, 3, 0, 0, 0, 8, 0, 0, 0, 0, 6, 0, 13, 4, 6, 15, 9, 9, 0, 1, 7, 0, 0, 1, 11, 3, 3, 4, 0, 0, 1, 0, 0, 0, 0, 0, 0, 9, 0, 26, 0, 0, 0, 2, 3, 7, 6, : 3, 3, 14, 2, 7, 4, 1, 7, 4, 6, 16, 1, 11, 4, 1, 5, 3, 8, 6, 13, 4, 6, 15, 9, 9, 1, 7, 1, 11, 3, 3, 4, 1, 9, 26, 2, 3, 7, 6, 
338: 8, 3, 9, 1, 7, 0, 0, 12, 4, 0, 17, 0, 20, 0, 1, 0, 5, 5, 0, 1, 2, 0, 12, 1, 0, 0, 0, 1, 0, 0, 1, 0, 16, 3, 2, 4, 0, 7, 0, 3, 6, 0, 0, 0, 0, 7, 0, 0, 1, 0, 3, 1, 11, 0, 0, 5, 0, 0, 0, 0, 0, 0, 8, 7, 0, 0, 12, 2, 2, 0, 0, 2, 0, 1, 0, 0, 0, 7, 2, 5, : 8, 3, 9, 1, 7, 12, 4, 17, 20, 1, 5, 5, 1, 2, 12, 1, 1, 1, 16, 3, 2, 4, 7, 3, 6, 7, 1, 3, 1, 11, 5, 8, 7, 12, 2, 2, 2, 1, 7, 2, 5, 
766: 1, 1, 1, 2, 0, 2, 5, 0, 0, 12, 0, 10, 2, 0, 0, 0, 4, 0, 0, 2, 0, 1, 3, 2, 0, 0, 0, 3, 1, 5, 18, 0, 0, 0, 0, 6, 1, 3, 0, 5, 0, 0, 1, 6, 3, 10, 0, 3, 1, 0, 2, 5, 20, 0, 0, 0, 4, 0, 1, 2, 0, 3, 0, 0, 0, 3, 0, 4, 0, 16, 0, 3, 1, 7, 22, 4, 0, 6, 1, 12, : 1, 1, 1, 2, 2, 5, 12, 10, 2, 4, 2, 1, 3, 2, 3, 1, 5, 18, 6, 1, 3, 5, 1, 6, 3, 10, 3, 1, 2, 5, 20, 4, 1, 2, 3, 3, 4, 16, 3, 1, 7, 22, 4, 6, 1, 12, 
378: 0, 4, 0, 0, 0, 0, 4, 14, 4, 0, 0, 0, 0, 3, 0, 0, 2, 0, 1, 5, 0, 0, 0, 5, 2, 16, 0, 0, 9, 0, 0, 0, 5, 1, 6, 0, 14, 1, 0, 0, 3, 0, 0, 1, 0, 12, 0, 0, 3, 0, 0, 3, 1, 0, 0, 0, 0, 5, 4, 11, 15, 0, 3, 0, 0, 4, 0, 0, 5, 11, 1, 0, 1, 0, 6, 0, 17, 1, 11, 0, : 4, 4, 14, 4, 3, 2, 1, 5, 5, 2, 16, 9, 5, 1, 6, 14, 1, 3, 1, 12, 3, 3, 1, 5, 4, 11, 15, 3, 4, 5, 11, 1, 1, 6, 17, 1, 11, 
133: 3, 5, 5, 0, 0, 0, 1, 7, 2, 11, 1, 0, 0, 1, 0, 0, 0, 4, 0, 1, 4, 0, 0, 3, 0, 0, 0, 9, 0, 0, 25, 0, 0, 0, 0, 0, 0, 17, 0, 13, 5, 0, 11, 1, 0, 5, 4, 0, 0, 0, 8, 4, 2, 19, 4, 0, 0, 0, 0, 20, 1, 1, 3, 0, 0, 4, 0, 3, 0, 1, 6, 0, 4, 0, 0, 0, 0, 0, 0, 5, : 3, 5, 5, 1, 7, 2, 11, 1, 1, 4, 1, 4, 3, 9, 25, 17, 13, 5, 11, 1, 5, 4, 8, 4, 2, 19, 4, 20, 1, 1, 3, 4, 3, 1, 6, 4, 5, 


254: 0, 1, 0, 0, 20, 17, 1, 3, 3, 1, 2, 0, 4, 0, 7, 14, 0, 0, 11, 0, 8, 0, 0, 7, 9, 27, 7, 4, 6, 0, 1, 0, 0, 0, 2, 0, 0, 0, 8, 3, 0, 0, 0, 0, 9, 0, 0, 0, 3, 21, 0, 0, 0, 6, 0, 1, 0, 13, 2, 5, 1, 1, 1, 11, 0, 2, 0, 0, 0, 10, 0, 0, 0, 9, 0, 1, 14, 0, 0, 0, : 1, 20, 17, 1, 3, 3, 1, 2, 4, 7, 14, 11, 8, 7, 9, 27, 7, 4, 6, 1, 2, 8, 3, 9, 3, 21, 6, 1, 13, 2, 5, 1, 1, 1, 11, 2, 10, 9, 1, 14, 
111: 4, 21, 0, 1, 10, 7, 1, 0, 0, 0, 0, 0, 0, 0, 2, 3, 0, 0, 0, 8, 2, 2, 1, 1, 5, 0, 3, 4, 4, 1, 0, 0, 0, 0, 14, 1, 0, 0, 11, 12, 1, 0, 1, 0, 9, 1, 6, 2, 0, 3, 2, 0, 0, 0, 2, 16, 0, 0, 0, 8, 4, 0, 2, 0, 0, 0, 0, 5, 0, 22, 0, 1, 1, 0, 0, 0, 0, 4, 0, 0, : 4, 21, 1, 10, 7, 1, 2, 3, 8, 2, 2, 1, 1, 5, 3, 4, 4, 1, 14, 1, 11, 12, 1, 1, 9, 1, 6, 2, 3, 2, 2, 16, 8, 4, 2, 5, 22, 1, 1, 4, 
632: 0, 8, 2, 25, 7, 0, 0, 0, 1, 0, 6, 2, 0, 2, 0, 0, 0, 4, 0, 0, 1, 0, 0, 4, 0, 0, 0, 2, 0, 0, 2, 0, 15, 2, 0, 2, 0, 0, 0, 4, 10, 0, 4, 0, 0, 0, 5, 0, 14, 0, 9, 0, 0, 4, 1, 2, 0, 0, 0, 0, 0, 2, 2, 0, 6, 0, 4, 0, 0, 9, 9, 1, 1, 7, 4, 10, 10, 2, 7, 1, : 8, 2, 25, 7, 1, 6, 2, 2, 4, 1, 4, 2, 2, 15, 2, 2, 4, 10, 4, 5, 14, 9, 4, 1, 2, 2, 2, 6, 4, 9, 9, 1, 1, 7, 4, 10, 10, 2, 7, 1, 
475: 15, 2, 0, 5, 4, 2, 22, 4, 4, 0, 1, 0, 4, 5, 7, 19, 0, 1, 3, 0, 3, 0, 18, 0, 6, 5, 0, 0, 0, 0, 4, 0, 0, 5, 4, 28, 14, 0, 0, 4, 11, 0, 0, 0, 3, 2, 0, 0, 0, 9, 3, 0, 0, 0, 0, 1, 4, 0, 1, 22, 5, 0, 16, 0, 14, 0, 10, 18, 3, 2, 0, 0, 0, 1, 18, 8, 1, 0, 12, 0, : 15, 2, 5, 4, 2, 22, 4, 4, 1, 4, 5, 7, 19, 1, 3, 3, 18, 6, 5, 4, 5, 4, 28, 14, 4, 11, 3, 2, 9, 3, 1, 4, 1, 22, 5, 16, 14, 10, 18, 3, 2, 1, 18, 8, 1, 12, 
303: 0, 2, 0, 0, 0, 0, 4, 0, 3, 0, 1, 2, 1, 1, 0, 13, 0, 3, 0, 4, 2, 5, 24, 0, 0, 0, 0, 1, 0, 1, 2, 6, 6, 0, 0, 13, 0, 0, 3, 2, 1, 0, 0, 0, 8, 0, 1, 0, 3, 0, 0, 2, 0, 1, 0, 0, 0, 0, 0, 7, 4, 0, 4, 0, 4, 0, 0, 11, 0, 0, 0, 3, 0, 0, 8, 2, 6, 15, 10, 4, : 2, 4, 3, 1, 2, 1, 1, 13, 3, 4, 2, 5, 24, 1, 1, 2, 6, 6, 13, 3, 2, 1, 8, 1, 3, 2, 1, 7, 4, 4, 4, 11, 3, 8, 2, 6, 15, 10, 4, 
669: 9, 2, 2, 13, 1, 12, 0, 2, 1, 3, 0, 3, 4, 0, 6, 0, 6, 1, 5, 0, 8, 0, 4, 9, 0, 2, 2, 6, 1, 0, 3, 0, 7, 0, 0, 7, 19, 1, 0, 5, 0, 0, 0, 5, 3, 0, 0, 0, 3, 4, 0, 6, 9, 0, 4, 1, 8, 8, 4, 4, 0, 2, 3, 9, 0, 0, 6, 0, 0, 5, 3, 12, 0, 0, 4, 3, 0, 0, 0, 3, : 9, 2, 2, 13, 1, 12, 2, 1, 3, 3, 4, 6, 6, 1, 5, 8, 4, 9, 2, 2, 6, 1, 3, 7, 7, 19, 1, 5, 5, 3, 3, 4, 6, 9, 4, 1, 8, 8, 4, 4, 2, 3, 9, 6, 5, 3, 12, 4, 3, 3, 
408: 0, 0, 6, 0, 11, 0, 0, 0, 4, 1, 0, 0, 2, 5, 3, 1, 8, 0, 1, 9, 0, 0, 16, 0, 0, 6, 0, 3, 8, 13, 0, 0, 4, 0, 3, 0, 1, 0, 2, 1, 0, 0, 2, 12, 0, 0, 0, 0, 0, 0, 25, 0, 3, 0, 0, 4, 2, 22, 0, 0, 0, 5, 2, 3, 0, 0, 0, 0, 0, 0, 0, 0, 0, 0, 17, 0, 1, 3, 0, 0, : 6, 11, 4, 1, 2, 5, 3, 1, 8, 1, 9, 16, 6, 3, 8, 13, 4, 3, 1, 2, 1, 2, 12, 25, 3, 4, 2, 22, 5, 2, 3, 17, 1, 3, 
361: 19, 0, 7, 3, 14, 11, 6, 7, 1, 0, 1, 0, 0, 0, 0, 3, 0, 0, 0, 4, 0, 0, 5, 2, 0, 0, 3, 2, 0, 0, 0, 2, 0, 15, 4, 0, 0, 0, 4, 1, 1, 0, 2, 4, 0, 1, 10, 14, 0, 0, 7, 2, 0, 0, 0, 0, 0, 0, 1, 4, 0, 0, 0, 0, 6, 17, 7, 0, 0, 22, 0, 1, 1, 0, 1, 0, 0, 9, 0, 17, : 19, 7, 3, 14, 11, 6, 7, 1, 1, 3, 4, 5, 2, 3, 2, 2, 15, 4, 4, 1, 1, 2, 4, 1, 10, 14, 7, 2, 1, 4, 6, 17, 7, 22, 1, 1, 1, 9, 17, 
192: 0, 9, 0, 3, 1, 2, 9, 9, 3, 20, 0, 5, 11, 0, 15, 0, 0, 16, 0, 9, 4, 0, 5, 0, 5, 1, 0, 13, 8, 1, 3, 0, 0, 11, 0, 11, 0, 0, 0, 5, 1, 0, 2, 2, 4, 7, 5, 3, 7, 12, 1, 0, 0, 0, 3, 0, 0, 3, 1, 25, 1, 1, 6, 13, 0, 0, 0, 6, 8, 7, 0, 5, 13, 0, 0, 20, 12, 12, 9, 0, : 9, 3, 1, 2, 9, 9, 3, 20, 5, 11, 15, 16, 9, 4, 5, 5, 1, 13, 8, 1, 3, 11, 11, 5, 1, 2, 2, 4, 7, 5, 3, 7, 12, 1, 3, 3, 1, 25, 1, 1, 6, 13, 6, 8, 7, 5, 13, 20, 12, 12, 9, 
799: 0, 0, 0, 0, 0, 0, 3, 0, 24, 0, 8, 1, 6, 0, 3, 0, 1, 2, 8, 0, 8, 0, 11, 0, 14, 7, 0, 0, 5, 0, 1, 0, 17, 3, 3, 0, 0, 0, 0, 0, 0, 7, 1, 0, 0, 5, 4, 15, 0, 0, 0, 0, 5, 0, 6, 15, 0, 0, 0, 1, 0, 0, 0, 0, 2, 1, 4, 0, 0, 0, 0, 0, 18, 0, 6, 0, 0, 0, 0, 1, : 3, 24, 8, 1, 6, 3, 1, 2, 8, 8, 11, 14, 7, 5, 1, 17, 3, 3, 7, 1, 5, 4, 15, 5, 6, 15, 1, 2, 1, 4, 18, 6, 1, 
155: 0, 0, 0, 0, 1, 0, 0, 0, 1, 2, 0, 0, 0, 0, 1, 0, 0, 15, 9, 1, 0, 0, 0, 0, 0, 2, 16, 0, 0, 1, 2, 3, 3, 13, 0, 0, 0, 4, 2, 0, 10, 0, 0, 4, 0, 1, 0, 4, 0, 0, 9, 11, 0, 0, 0, 0, 0, 0, 2, 0, 1, 7, 0, 0, 0, 0, 2, 0, 5, 0, 0, 0, 1, 0, 4, 12, 0, 11, 0, 0, : 1, 1, 2, 1, 15, 9, 1, 2, 16, 1, 2, 3, 3, 13, 4, 2, 10, 4, 1, 4, 9, 11, 2, 1, 7, 2, 5, 1, 4, 12, 11, 
52: 5, 14, 5, 2, 0, 0, 0, 0, 13, 0, 0, 0, 0, 5, 0, 2, 0, 0, 0, 5, 1, 21, 0, 15, 18, 18, 7, 11, 3, 0, 0, 0, 0, 0, 0, 7, 24, 0, 5, 0, 0, 0, 0, 0, 9, 9, 0, 0, 0, 0, 1, 0, 29, 14, 0, 10, 1, 0, 1, 0, 1, 1, 8, 0, 0, 11, 0, 0, 0, 3, 0, 0, 0, 1, 3, 7, 0, 0, 0, 0, : 5, 14, 5, 2, 13, 5, 2, 5, 1, 21, 15, 18, 18, 7, 11, 3, 7, 24, 5, 9, 9, 1, 29, 14, 10, 1, 1, 1, 1, 8, 11, 3, 1, 3, 7, 
405: 15, 0, 2, 0, 2, 0, 0, 1, 10, 0, 2, 5, 1, 1, 0, 0, 0, 17, 8, 0, 13, 0, 0, 1, 0, 1, 0, 4, 9, 0, 0, 7, 4, 0, 12, 0, 8, 0, 0, 3, 10, 10, 0, 12, 1, 23, 1, 0, 0, 0, 0, 2, 17, 16, 2, 2, 0, 0, 3, 0, 18, 5, 0, 2, 2, 12, 0, 12, 0, 0, 3, 0, 0, 0, 8, 0, 4, 0, 0, 0, : 15, 2, 2, 1, 10, 2, 5, 1, 1, 17, 8, 13, 1, 1, 4, 9, 7, 4, 12, 8, 3, 10, 10, 12, 1, 23, 1, 2, 17, 16, 2, 2, 3, 18, 5, 2, 2, 12, 12, 3, 8, 4, 
395: 0, 0, 0, 11, 0, 0, 1, 12, 3, 0, 0, 3, 0, 11, 3, 2, 0, 0, 4, 5, 2, 0, 3, 0, 2, 0, 9, 0, 1, 2, 0, 22, 0, 15, 0, 0, 0, 8, 1, 0, 12, 6, 5, 20, 8, 0, 3, 0, 0, 0, 0, 0, 0, 0, 0, 0, 10, 0, 0, 0, 0, 2, 1, 3, 0, 7, 2, 0, 8, 0, 8, 5, 3, 0, 0, 0, 5, 0, 0, 11, : 11, 1, 12, 3, 3, 11, 3, 2, 4, 5, 2, 3, 2, 9, 1, 2, 22, 15, 8, 1, 12, 6, 5, 20, 8, 3, 10, 2, 1, 3, 7, 2, 8, 8, 5, 3, 5, 11, 
575: 0, 7, 3, 1, 0, 0, 0, 20, 0, 11, 0, 18, 0, 2, 0, 12, 0, 29, 0, 1, 0, 0, 0, 0, 8, 2, 0, 4, 0, 4, 7, 7, 0, 0, 12, 5, 0, 0, 0, 1, 0, 7, 0, 7, 1, 14, 0, 16, 15, 10, 0, 1, 7, 0, 2, 0, 0, 0, 11, 0, 3, 0, 1, 22, 1, 8, 0, 2, 0, 0, 1, 8, 4, 0, 0, 3, 0, 10, 0, 0, : 7, 3, 1, 20, 11, 18, 2, 12, 29, 1, 8, 2, 4, 4, 7, 7, 12, 5, 1, 7, 7, 1, 14, 16, 15, 10, 1, 7, 2, 11, 3, 1, 22, 1, 8, 2, 1, 8, 4, 3, 10, 
531: 2, 0, 0, 3, 0, 0, 0, 0, 5, 0, 2, 10, 1, 0, 0, 0, 0, 14, 12, 0, 0, 0, 0, 13, 0, 1, 3, 2, 0, 0, 8, 13, 0, 9, 8, 0, 0, 0, 0, 5, 4, 8, 10, 8, 0, 0, 3, 0, 0, 0, 0, 25, 7, 0, 0, 0, 0, 2, 19, 1, 0, 5, 0, 5, 2, 0, 0, 0, 22, 0, 0, 10, 11, 21, 0, 0, 0, 2, 7, 2, : 2, 3, 5, 2, 10, 1, 14, 12, 13, 1, 3, 2, 8, 13, 9, 8, 5, 4, 8, 10, 8, 3, 25, 7, 2, 19, 1, 5, 5, 2, 22, 10, 11, 21, 2, 7, 2, 
239: 0, 2, 0, 0, 0, 0, 3, 15, 11, 0, 2, 2, 0, 17, 6, 0, 1, 0, 5, 6, 0, 0, 0, 0, 0, 8, 7, 8, 6, 7, 18, 0, 0, 4, 0, 0, 17, 0, 2, 0, 0, 2, 14, 0, 0, 1, 1, 6, 0, 0, 10, 1, 0, 0, 16, 0, 6, 0, 0, 0, 0, 9, 13, 6, 0, 7, 0, 0, 0, 2, 0, 6, 0, 0, 2, 0, 15, 2, 0, 3, : 2, 3, 15, 11, 2, 2, 17, 6, 1, 5, 6, 8, 7, 8, 6, 7, 18, 4, 17, 2, 2, 14, 1, 1, 6, 10, 1, 16, 6, 9, 13, 6, 7, 2, 6, 2, 15, 2, 3, 
373: 5, 6, 0, 2, 0, 11, 18, 0, 0, 1, 4, 0, 0, 0, 11, 11, 7, 0, 4, 7, 8, 16, 0, 5, 0, 2, 1, 17, 5, 8, 9, 0, 1, 6, 1, 0, 0, 3, 0, 3, 0, 9, 0, 1, 12, 3, 19, 0, 0, 0, 2, 0, 0, 0, 0, 6, 0, 0, 0, 0, 1, 4, 0, 0, 1, 1, 8, 0, 0, 0, 2, 0, 11, 5, 5, 0, 0, 4, 0, 0, : 5, 6, 2, 11, 18, 1, 4, 11, 11, 7, 4, 7, 8, 16, 5, 2, 1, 17, 5, 8, 9, 1, 6, 1, 3, 3, 9, 1, 12, 3, 19, 2, 6, 1, 4, 1, 1, 8, 2, 11, 5, 5, 4, 
689: 19, 0, 4, 0, 0, 0, 2, 0, 2, 8, 0, 0, 0, 2, 11, 0, 1, 0, 5, 0, 0, 0, 2, 0, 0, 0, 0, 10, 0, 0, 1, 6, 0, 0, 0, 0, 0, 0, 11, 2, 0, 14, 0, 0, 0, 0, 15, 1, 0, 0, 1, 0, 0, 0, 3, 0, 0, 0, 0, 0, 1, 1, 0, 1, 8, 0, 6, 12, 16, 0, 6, 0, 2, 1, 0, 3, 0, 7, 2, 17, : 19, 4, 2, 2, 8, 2, 11, 1, 5, 2, 10, 1, 6, 11, 2, 14, 15, 1, 1, 3, 1, 1, 1, 8, 6, 12, 16, 6, 2, 1, 3, 7, 2, 17, 
493: 0, 3, 13, 0, 3, 13, 4, 0, 0, 0, 0, 2, 10, 2, 0, 0, 0, 0, 0, 2, 0, 12, 7, 6, 5, 0, 2, 0, 2, 3, 2, 0, 0, 0, 0, 0, 0, 0, 0, 6, 3, 0, 0, 0, 0, 0, 2, 5, 0, 0, 12, 0, 0, 2, 12, 13, 2, 0, 6, 0, 3, 2, 7, 3, 0, 0, 0, 0, 0, 0, 4, 0, 0, 2, 0, 0, 0, 11, 0, 3, : 3, 13, 3, 13, 4, 2, 10, 2, 2, 12, 7, 6, 5, 2, 2, 3, 2, 6, 3, 2, 5, 12, 2, 12, 13, 2, 6, 3, 2, 7, 3, 4, 2, 11, 3, 
768: 0, 0, 15, 2, 4, 6, 0, 0, 0, 0, 4, 1, 0, 4, 0, 3, 4, 0, 0, 3, 0, 8, 0, 0, 0, 0, 3, 5, 0, 7, 0, 2, 0, 4, 1, 0, 1, 0, 3, 1, 0, 7, 0, 0, 8, 7, 0, 7, 2, 0, 0, 5, 0, 6, 3, 7, 6, 0, 5, 8, 2, 1, 3, 0, 0, 2, 4, 1, 6, 0, 0, 2, 2, 0, 13, 0, 0, 0, 0, 0, : 15, 2, 4, 6, 4, 1, 4, 3, 4, 3, 8, 3, 5, 7, 2, 4, 1, 1, 3, 1, 7, 8, 7, 7, 2, 5, 6, 3, 7, 6, 5, 8, 2, 1, 3, 2, 4, 1, 6, 2, 2, 13, 
357: 1, 2, 0, 0, 3, 0, 0, 0, 3, 0, 2, 2, 0, 15, 2, 0, 6, 0, 9, 0, 5, 4, 0, 1, 0, 12, 5, 5, 0, 0, 4, 1, 0, 0, 1, 1, 0, 0, 2, 9, 0, 1, 0, 0, 8, 12, 1, 1, 2, 0, 0, 0, 2, 0, 0, 2, 5, 2, 0, 0, 11, 7, 4, 0, 4, 0, 0, 0, 0, 0, 7, 20, 0, 0, 0, 0, 0, 0, 8, 6, : 1, 2, 3, 3, 2, 2, 15, 2, 6, 9, 5, 4, 1, 12, 5, 5, 4, 1, 1, 1, 2, 9, 1, 8, 12, 1, 1, 2, 2, 2, 5, 2, 11, 7, 4, 4, 7, 20, 8, 6, 
613: 1, 0, 0, 0, 5, 0, 0, 0, 0, 2, 1, 0, 4, 2, 6, 0, 21, 0, 1, 0, 0, 14, 0, 0, 0, 0, 2, 0, 0, 19, 2, 1, 0, 7, 1, 1, 0, 0, 0, 0, 0, 2, 0, 5, 0, 1, 0, 2, 0, 0, 3, 0, 1, 10, 1, 0, 1, 0, 1, 26, 7, 2, 0, 0, 16, 0, 0, 3, 11, 1, 0, 0, 15, 0, 6, 0, 0, 0, 7, 0, : 1, 5, 2, 1, 4, 2, 6, 21, 1, 14, 2, 19, 2, 1, 7, 1, 1, 2, 5, 1, 2, 3, 1, 10, 1, 1, 1, 26, 7, 2, 16, 3, 11, 1, 15, 6, 7, 
516: 10, 0, 0, 0, 1, 3, 0, 13, 0, 0, 11, 3, 5, 0, 6, 0, 0, 0, 2, 0, 9, 0, 0, 10, 0, 2, 10, 0, 8, 20, 7, 1, 2, 0, 17, 0, 2, 0, 0, 1, 4, 17, 1, 0, 14, 1, 10, 1, 21, 0, 0, 0, 9, 0, 0, 0, 0, 11, 0, 1, 11, 4, 0, 1, 0, 0, 0, 12, 0, 0, 0, 0, 0, 8, 0, 11, 10, 1, 10, 0, : 10, 1, 3, 13, 11, 3, 5, 6, 2, 9, 10, 2, 10, 8, 20, 7, 1, 2, 17, 2, 1, 4, 17, 1, 14, 1, 10, 1, 21, 9, 11, 1, 11, 4, 1, 12, 8, 11, 10, 1, 10, 
139: 0, 9, 0, 0, 11, 0, 0, 0, 0, 0, 7, 0, 2, 12, 0, 0, 12, 0, 3, 2, 0, 0, 0, 3, 11, 6, 2, 0, 1, 1, 0, 0, 5, 0, 1, 0, 0, 18, 2, 12, 19, 4, 0, 7, 0, 6, 1, 0, 0, 0, 8, 7, 0, 0, 0, 0, 2, 0, 0, 0, 0, 3, 0, 11, 4, 0, 5, 0, 0, 8, 1, 0, 0, 0, 5, 3, 1, 5, 4, 0, : 9, 11, 7, 2, 12, 12, 3, 2, 3, 11, 6, 2, 1, 1, 5, 1, 18, 2, 12, 19, 4, 7, 6, 1, 8, 7, 2, 3, 11, 4, 5, 8, 1, 5, 3, 1, 5, 4, 
775: 0, 6, 17, 0, 0, 4, 0, 0, 0, 0, 1, 6, 3, 0, 0, 0, 1, 0, 0, 10, 4, 0, 7, 0, 0, 2, 4, 0, 0, 0, 0, 11, 2, 0, 1, 0, 0, 0, 5, 8, 5, 0, 9, 9, 4, 4, 0, 0, 0, 4, 0, 0, 0, 24, 0, 3, 18, 11, 9, 0, 0, 2, 17, 0, 3, 0, 0, 6, 2, 10, 28, 6, 0, 14, 0, 10, 0, 1, 0, 0, : 6, 17, 4, 1, 6, 3, 1, 10, 4, 7, 2, 4, 11, 2, 1, 5, 8, 5, 9, 9, 4, 4, 4, 24, 3, 18, 11, 9, 2, 17, 3, 6, 2, 10, 28, 6, 14, 10, 1, 
599: 0, 0, 0, 0, 0, 0, 0, 11, 1, 24, 2, 0, 0, 4, 2, 15, 21, 0, 0, 0, 0, 0, 7, 4, 7, 0, 0, 0, 19, 0, 2, 0, 0, 4, 0, 0, 0, 9, 4, 11, 4, 0, 7, 0, 2, 4, 0, 1, 0, 0, 0, 6, 0, 0, 0, 1, 0, 0, 8, 0, 7, 4, 5, 0, 0, 14, 1, 0, 1, 0, 0, 6, 0, 11, 1, 1, 1, 2, 21, 0, : 11, 1, 24, 2, 4, 2, 15, 21, 7, 4, 7, 19, 2, 4, 9, 4, 11, 4, 7, 2, 4, 1, 6, 1, 8, 7, 4, 5, 14, 1, 1, 6, 11, 1, 1, 1, 2, 21, 
590: 0, 0, 0, 12, 0, 0, 1, 0, 5, 5, 16, 0, 0, 0, 1, 0, 0, 0, 0, 0, 4, 3, 0, 4, 0, 0, 11, 0, 1, 7, 3, 2, 0, 0, 0, 0, 0, 0, 18, 5, 5, 0, 2, 0, 1, 0, 3, 0, 1, 1, 0, 23, 0, 0, 14, 0, 21, 2, 0, 0, 7, 11, 0, 4, 0, 4, 0, 0, 0, 0, 0, 4, 0, 5, 0, 6, 2, 3, 0, 0, : 12, 1, 5, 5, 16, 1, 4, 3, 4, 11, 1, 7, 3, 2, 18, 5, 5, 2, 1, 3, 1, 1, 23, 14, 21, 2, 7, 11, 4, 4, 4, 5, 6, 2, 3, 
412: 1, 3, 6, 0, 7, 4, 0, 3, 0, 6, 1, 1, 0, 0, 1, 0, 0, 0, 0, 6, 21, 0, 0, 3, 1, 0, 0, 0, 0, 4, 1, 5, 0, 5, 0, 0, 0, 4, 8, 1, 0, 0, 0, 13, 3, 1, 4, 5, 0, 0, 14, 17, 11, 0, 0, 7, 0, 0, 1, 0, 0, 1, 0, 0, 3, 0, 0, 0, 1, 0, 4, 0, 0, 0, 0, 3, 1, 0, 0, 3, : 1, 3, 6, 7, 4, 3, 6, 1, 1, 1, 6, 21, 3, 1, 4, 1, 5, 5, 4, 8, 1, 13, 3, 1, 4, 5, 14, 17, 11, 7, 1, 1, 3, 1, 4, 3, 1, 3, 
77: 5, 0, 1, 5, 0, 4, 19, 0, 0, 2, 3, 0, 21, 4, 1, 5, 0, 1, 0, 1, 6, 6, 0, 0, 0, 0, 2, 4, 4, 6, 1, 1, 16, 0, 0, 4, 12, 1, 7, 0, 6, 0, 4, 1, 0, 0, 0, 0, 0, 3, 0, 2, 0, 0, 0, 0, 0, 0, 2, 0, 5, 0, 0, 0, 0, 0, 4, 17, 0, 0, 7, 3, 1, 0, 0, 0, 0, 0, 0, 6, : 5, 1, 5, 4, 19, 2, 3, 21, 4, 1, 5, 1, 1, 6, 6, 2, 4, 4, 6, 1, 1, 16, 4, 12, 1, 7, 6, 4, 1, 3, 2, 2, 5, 4, 17, 7, 3, 1, 6, 
529: 1, 0, 3, 0, 2, 0, 0, 8, 7, 12, 0, 17, 15, 4, 0, 2, 0, 3, 0, 0, 2, 0, 0, 0, 0, 0, 5, 2, 0, 9, 0, 2, 14, 0, 12, 0, 1, 0, 0, 0, 0, 0, 0, 1, 3, 3, 0, 12, 14, 0, 1, 3, 5, 6, 0, 0, 0, 0, 4, 2, 2, 5, 0, 15, 6, 2, 13, 0, 0, 0, 4, 0, 0, 0, 13, 0, 0, 0, 0, 0, : 1, 3, 2, 8, 7, 12, 17, 15, 4, 2, 3, 2, 5, 2, 9, 2, 14, 12, 1, 1, 3, 3, 12, 14, 1, 3, 5, 6, 4, 2, 2, 5, 15, 6, 2, 13, 4, 13, 
44: 3, 0, 6, 0, 0, 15, 0, 0, 9, 0, 0, 5, 11, 4, 0, 8, 1, 3, 15, 0, 0, 10, 5, 0, 6, 0, 0, 1, 1, 0, 5, 1, 5, 2, 0, 0, 0, 12, 0, 0, 0, 0, 7, 0, 1, 0, 0, 5, 9, 19, 6, 0, 0, 0, 8, 0, 1, 17, 5, 0, 0, 13, 1, 2, 2, 0, 1, 2, 0, 0, 6, 0, 3, 13, 2, 2, 0, 0, 0, 1, : 3, 6, 15, 9, 5, 11, 4, 8, 1, 3, 15, 10, 5, 6, 1, 1, 5, 1, 5, 2, 12, 7, 1, 5, 9, 19, 6, 8, 1, 17, 5, 13, 1, 2, 2, 1, 2, 6, 3, 13, 2, 2, 1, 
101: 0, 0, 10, 2, 0, 0, 0, 0, 2, 1, 5, 0, 0, 5, 0, 0, 5, 0, 0, 3, 8, 0, 0, 0, 1, 0, 6, 3, 4, 0, 1, 8, 2, 0, 0, 3, 1, 0, 0, 2, 0, 1, 15, 0, 2, 1, 11, 1, 6, 2, 0, 3, 2, 0, 0, 6, 0, 0, 6, 1, 11, 6, 1, 0, 14, 0, 15, 1, 14, 11, 0, 0, 0, 9, 0, 0, 2, 10, 3, 0, : 10, 2, 2, 1, 5, 5, 5, 3, 8, 1, 6, 3, 4, 1, 8, 2, 3, 1, 2, 1, 15, 2, 1, 11, 1, 6, 2, 3, 2, 6, 6, 1, 11, 6, 1, 14, 15, 1, 14, 11, 9, 2, 10, 3, 
569: 5, 13, 1, 2, 0, 0, 0, 0, 0, 9, 8, 0, 4, 0, 5, 0, 3, 0, 0, 0, 0, 2, 0, 5, 0, 0, 0, 7, 0, 0, 2, 10, 0, 0, 0, 3, 5, 29, 0, 6, 3, 0, 0, 0, 4, 1, 0, 0, 0, 5, 0, 0, 0, 10, 1, 2, 0, 0, 0, 0, 9, 3, 1, 0, 0, 6, 7, 3, 17, 4, 0, 4, 0, 0, 0, 13, 13, 0, 7, 6, : 5, 13, 1, 2, 9, 8, 4, 5, 3, 2, 5, 7, 2, 10, 3, 5, 29, 6, 3, 4, 1, 5, 10, 1, 2, 9, 3, 1, 6, 7, 3, 17, 4, 4, 13, 13, 7, 6, 
40: 0, 5, 0, 0, 4, 3, 0, 1, 0, 0, 12, 9, 0, 10, 1, 0, 15, 0, 0, 1, 0, 0, 5, 0, 12, 0, 0, 0, 4, 2, 1, 1, 17, 4, 1, 0, 0, 0, 0, 0, 0, 1, 2, 0, 0, 3, 0, 10, 0, 21, 2, 3, 0, 0, 10, 0, 0, 3, 2, 4, 0, 2, 10, 0, 5, 9, 0, 0, 1, 0, 6, 0, 0, 1, 0, 0, 9, 0, 4, 10, : 5, 4, 3, 1, 12, 9, 10, 1, 15, 1, 5, 12, 4, 2, 1, 1, 17, 4, 1, 1, 2, 3, 10, 21, 2, 3, 10, 3, 2, 4, 2, 10, 5, 9, 1, 6, 1, 9, 4, 10, 
503: 0, 0, 0, 9, 7, 0, 2, 0, 0, 0, 0, 11, 2, 0, 3, 0, 0, 7, 0, 1, 1, 0, 0, 4, 0, 8, 1, 0, 7, 0, 1, 0, 0, 11, 1, 21, 4, 6, 6, 0, 0, 9, 0, 0, 0, 0, 6, 0, 20, 1, 0, 0, 5, 0, 1, 15, 5, 2, 16, 1, 5, 5, 0, 9, 16, 0, 20, 9, 0, 0, 5, 12, 2, 0, 0, 0, 7, 2, 7, 3, : 9, 7, 2, 11, 2, 3, 7, 1, 1, 4, 8, 1, 7, 1, 11, 1, 21, 4, 6, 6, 9, 6, 20, 1, 5, 1, 15, 5, 2, 16, 1, 5, 5, 9, 16, 20, 9, 5, 12, 2, 7, 2, 7, 3, 
714: 0, 0, 17, 0, 1, 1, 0, 10, 0, 4, 0, 0, 0, 0, 1, 7, 5, 4, 0, 0, 0, 0, 0, 10, 0, 7, 2, 0, 4, 3, 4, 1, 0, 0, 9, 13, 2, 24, 0, 2, 0, 2, 12, 0, 0, 6, 0, 9, 0, 5, 0, 0, 0, 2, 0, 0, 20, 6, 0, 0, 0, 0, 3, 0, 0, 0, 0, 0, 2, 0, 0, 0, 0, 0, 0, 0, 0, 0, 2, 0, : 17, 1, 1, 10, 4, 1, 7, 5, 4, 10, 7, 2, 4, 3, 4, 1, 9, 13, 2, 24, 2, 2, 12, 6, 9, 5, 2, 20, 6, 3, 2, 2, 
535: 0, 3, 0, 0, 0, 0, 23, 1, 0, 5, 0, 0, 1, 0, 6, 0, 0, 0, 8, 0, 0, 2, 0, 9, 0, 0, 1, 0, 0, 0, 0, 0, 0, 0, 0, 0, 0, 1, 0, 0, 5, 11, 8, 0, 1, 3, 5, 0, 0, 0, 2, 0, 8, 13, 19, 0, 0, 0, 8, 0, 0, 3, 9, 0, 0, 0, 0, 0, 0, 0, 0, 9, 8, 0, 0, 2, 0, 2, 0, 0, : 3, 23, 1, 5, 1, 6, 8, 2, 9, 1, 1, 5, 11, 8, 1, 3, 5, 2, 8, 13, 19, 8, 3, 9, 9, 8, 2, 2, 
727: 0, 0, 0, 0, 0, 0, 1, 0, 4, 0, 12, 0, 2, 3, 10, 0, 2, 0, 4, 12, 0, 14, 0, 4, 10, 1, 6, 0, 8, 0, 23, 7, 0, 0, 12, 0, 3, 0, 10, 3, 0, 2, 5, 2, 2, 0, 2, 0, 0, 0, 0, 0, 0, 6, 0, 6, 7, 18, 2, 0, 0, 1, 0, 0, 1, 6, 1, 0, 3, 3, 14, 2, 23, 10, 0, 0, 1, 2, 0, 9, : 1, 4, 12, 2, 3, 10, 2, 4, 12, 14, 4, 10, 1, 6, 8, 23, 7, 12, 3, 10, 3, 2, 5, 2, 2, 2, 6, 6, 7, 18, 2, 1, 1, 6, 1, 3, 3, 14, 2, 23, 10, 1, 2, 9, 
653: 0, 2, 0, 19, 1, 5, 0, 0, 0, 3, 6, 12, 6, 0, 0, 0, 0, 0, 3, 20, 0, 1, 0, 0, 0, 0, 0, 2, 1, 1, 0, 0, 0, 0, 0, 0, 6, 0, 6, 2, 5, 0, 7, 7, 0, 0, 2, 0, 0, 0, 2, 1, 0, 0, 12, 0, 1, 0, 0, 0, 0, 0, 0, 0, 0, 11, 0, 0, 0, 1, 2, 0, 0, 2, 0, 0, 5, 0, 0, 14, : 2, 19, 1, 5, 3, 6, 12, 6, 3, 20, 1, 2, 1, 1, 6, 6, 2, 5, 7, 7, 2, 2, 1, 12, 1, 11, 1, 2, 2, 5, 14, 


763: 8, 0, 12, 1, 0, 0, 0, 0, 2, 1, 0, 1, 4, 0, 3, 19, 1, 12, 0, 19, 6, 0, 5, 2, 0, 3, 0, 0, 0, 3, 1, 3, 0, 2, 4, 4, 2, 2, 0, 0, 3, 11, 2, 0, 9, 4, 6, 4, 10, 21, 0, 0, 4, 0, 21, 0, 2, 1, 0, 0, 0, 5, 2, 1, 1, 4, 1, 0, 0, 0, 1, 0, 0, 0, 8, 0, 0, 10, 0, 0, : 8, 12, 1, 2, 1, 1, 4, 3, 19, 1, 12, 19, 6, 5, 2, 3, 3, 1, 3, 2, 4, 4, 2, 2, 3, 11, 2, 9, 4, 6, 4, 10, 21, 4, 21, 2, 1, 5, 2, 1, 1, 4, 1, 1, 8, 10, 
510: 0, 0, 2, 0, 0, 0, 25, 2, 0, 1, 6, 16, 0, 0, 2, 23, 0, 2, 0, 8, 0, 2, 0, 0, 2, 0, 0, 0, 0, 0, 8, 12, 2, 0, 10, 8, 0, 2, 19, 8, 6, 2, 2, 0, 4, 0, 0, 0, 11, 0, 0, 2, 0, 0, 0, 0, 8, 0, 0, 0, 0, 5, 0, 0, 14, 0, 0, 0, 0, 0, 27, 0, 1, 0, 0, 2, 3, 0, 0, 2, : 2, 25, 2, 1, 6, 16, 2, 23, 2, 8, 2, 2, 8, 12, 2, 10, 8, 2, 19, 8, 6, 2, 2, 4, 11, 2, 8, 5, 14, 27, 1, 2, 3, 2, 
699: 3, 5, 8, 12, 2, 10, 0, 0, 0, 0, 0, 0, 0, 1, 5, 3, 11, 22, 0, 6, 15, 4, 0, 0, 2, 7, 20, 0, 0, 9, 1, 8, 4, 0, 3, 17, 0, 19, 0, 5, 0, 0, 7, 0, 0, 0, 1, 0, 0, 0, 0, 0, 8, 10, 0, 1, 0, 0, 0, 0, 2, 0, 0, 2, 2, 2, 0, 1, 0, 0, 0, 0, 3, 4, 0, 0, 3, 0, 11, 0, : 3, 5, 8, 12, 2, 10, 1, 5, 3, 11, 22, 6, 15, 4, 2, 7, 20, 9, 1, 8, 4, 3, 17, 19, 5, 7, 1, 8, 10, 1, 2, 2, 2, 2, 1, 3, 4, 3, 11, 
180: 12, 7, 1, 7, 8, 0, 1, 3, 0, 1, 10, 6, 15, 3, 0, 8, 0, 0, 0, 0, 6, 20, 1, 3, 22, 0, 5, 3, 2, 0, 1, 0, 4, 0, 0, 0, 0, 3, 2, 13, 4, 3, 0, 0, 7, 0, 2, 9, 0, 12, 0, 5, 2, 3, 10, 1, 1, 0, 0, 0, 0, 2, 0, 2, 16, 1, 0, 2, 0, 1, 0, 0, 13, 0, 0, 12, 0, 0, 3, 0, : 12, 7, 1, 7, 8, 1, 3, 1, 10, 6, 15, 3, 8, 6, 20, 1, 3, 22, 5, 3, 2, 1, 4, 3, 2, 13, 4, 3, 7, 2, 9, 12, 5, 2, 3, 10, 1, 1, 2, 2, 16, 1, 2, 1, 13, 12, 3, 
588: 0, 9, 9, 4, 0, 17, 0, 7, 1, 8, 3, 3, 0, 0, 0, 2, 3, 0, 0, 0, 11, 0, 3, 0, 1, 0, 3, 9, 3, 8, 0, 2, 1, 11, 0, 0, 3, 0, 2, 0, 0, 2, 13, 0, 3, 9, 18, 2, 4, 8, 1, 4, 0, 8, 0, 0, 0, 0, 0, 0, 0, 0, 9, 0, 7, 7, 9, 0, 0, 0, 3, 0, 0, 0, 0, 6, 0, 2, 7, 15, : 9, 9, 4, 17, 7, 1, 8, 3, 3, 2, 3, 11, 3, 1, 3, 9, 3, 8, 2, 1, 11, 3, 2, 2, 13, 3, 9, 18, 2, 4, 8, 1, 4, 8, 9, 7, 7, 9, 3, 6, 2, 7, 15, 
346: 0, 1, 0, 3, 0, 2, 1, 0, 0, 4, 4, 0, 0, 15, 0, 4, 0, 0, 0, 0, 1, 0, 0, 5, 3, 3, 11, 0, 8, 0, 3, 0, 0, 2, 0, 0, 2, 0, 0, 0, 5, 0, 0, 0, 1, 1, 1, 0, 4, 3, 7, 17, 3, 0, 8, 2, 2, 12, 0, 27, 16, 2, 0, 2, 4, 4, 0, 2, 1, 3, 4, 0, 0, 7, 1, 1, 0, 2, 1, 5, : 1, 3, 2, 1, 4, 4, 15, 4, 1, 5, 3, 3, 11, 8, 3, 2, 2, 5, 1, 1, 1, 4, 3, 7, 17, 3, 8, 2, 2, 12, 27, 16, 2, 2, 4, 4, 2, 1, 3, 4, 7, 1, 1, 2, 1, 5, 
122: 0, 3, 0, 0, 1, 0, 0, 6, 15, 22, 0, 2, 0, 5, 11, 1, 0, 4, 6, 2, 2, 0, 12, 6, 0, 2, 1, 0, 5, 4, 13, 0, 0, 8, 0, 13, 3, 1, 3, 16, 0, 0, 8, 0, 6, 0, 0, 0, 3, 26, 3, 4, 0, 0, 0, 5, 0, 11, 0, 0, 0, 0, 1, 0, 7, 3, 0, 0, 26, 0, 0, 0, 0, 0, 0, 10, 11, 17, 0, 0, : 3, 1, 6, 15, 22, 2, 5, 11, 1, 4, 6, 2, 2, 12, 6, 2, 1, 5, 4, 13, 8, 13, 3, 1, 3, 16, 8, 6, 3, 26, 3, 4, 5, 11, 1, 7, 3, 26, 10, 11, 17, 
539: 0, 2, 0, 0, 0, 0, 0, 1, 0, 1, 0, 0, 0, 9, 2, 0, 2, 0, 0, 0, 0, 0, 0, 9, 0, 0, 0, 0, 0, 0, 0, 0, 2, 0, 0, 0, 8, 1, 1, 1, 0, 1, 0, 6, 0, 0, 0, 0, 3, 0, 0, 8, 6, 1, 2, 0, 0, 9, 5, 0, 0, 12, 16, 2, 2, 0, 0, 0, 0, 0, 0, 0, 0, 0, 0, 6, 3, 6, 0, 0, : 2, 1, 1, 9, 2, 2, 9, 2, 8, 1, 1, 1, 1, 6, 3, 8, 6, 1, 2, 9, 5, 12, 16, 2, 2, 6, 3, 6, 
545: 0, 3, 0, 7, 0, 20, 4, 12, 0, 0, 2, 0, 0, 0, 0, 1, 1, 0, 0, 1, 15, 5, 0, 0, 2, 16, 0, 0, 0, 2, 0, 0, 0, 0, 2, 0, 0, 0, 0, 0, 5, 1, 3, 9, 2, 0, 1, 18, 0, 0, 0, 0, 4, 0, 0, 12, 0, 6, 0, 20, 0, 2, 4, 0, 2, 1, 0, 1, 2, 22, 0, 0, 2, 0, 0, 0, 0, 0, 2, 1, : 3, 7, 20, 4, 12, 2, 1, 1, 1, 15, 5, 2, 16, 2, 2, 5, 1, 3, 9, 2, 1, 18, 4, 12, 6, 20, 2, 4, 2, 1, 1, 2, 22, 2, 2, 1, 
518: 17, 0, 5, 0, 15, 0, 0, 0, 0, 1, 1, 6, 7, 0, 4, 0, 11, 0, 0, 0, 1, 13, 5, 0, 2, 0, 0, 10, 0, 0, 2, 0, 0, 5, 0, 1, 0, 10, 0, 0, 1, 0, 0, 0, 0, 0, 0, 3, 25, 0, 6, 0, 0, 0, 2, 4, 1, 0, 0, 6, 0, 0, 4, 0, 0, 0, 0, 0, 0, 0, 0, 6, 0, 21, 0, 2, 0, 12, 0, 0, : 17, 5, 15, 1, 1, 6, 7, 4, 11, 1, 13, 5, 2, 10, 2, 5, 1, 10, 1, 3, 25, 6, 2, 4, 1, 6, 4, 6, 21, 2, 12, 
705: 0, 0, 13, 0, 1, 1, 9, 0, 1, 0, 2, 1, 0, 0, 0, 2, 1, 0, 5, 1, 0, 1, 0, 0, 0, 2, 3, 0, 0, 2, 0, 0, 0, 0, 8, 1, 0, 0, 2, 25, 0, 24, 25, 0, 3, 0, 0, 3, 8, 1, 5, 2, 0, 0, 0, 0, 7, 2, 2, 4, 0, 0, 0, 0, 0, 0, 3, 1, 0, 3, 10, 0, 0, 0, 0, 0, 0, 6, 0, 4, : 13, 1, 1, 9, 1, 2, 1, 2, 1, 5, 1, 1, 2, 3, 2, 8, 1, 2, 25, 24, 25, 3, 3, 8, 1, 5, 2, 7, 2, 2, 4, 3, 1, 3, 10, 6, 4, 
363: 15, 2, 5, 0, 12, 0, 1, 0, 0, 4, 0, 0, 0, 1, 0, 3, 0, 4, 1, 1, 0, 0, 8, 0, 2, 0, 0, 0, 0, 0, 0, 8, 0, 3, 0, 5, 2, 0, 0, 0, 2, 1, 0, 0, 4, 0, 0, 0, 0, 1, 0, 0, 0, 2, 0, 1, 0, 12, 3, 0, 0, 0, 0, 0, 23, 4, 0, 2, 21, 1, 0, 1, 1, 0, 0, 0, 1, 14, 0, 0, : 15, 2, 5, 12, 1, 4, 1, 3, 4, 1, 1, 8, 2, 8, 3, 5, 2, 2, 1, 4, 1, 2, 1, 12, 3, 23, 4, 2, 21, 1, 1, 1, 1, 14, 
523: 16, 1, 0, 2, 1, 0, 0, 2, 0, 0, 2, 14, 0, 0, 0, 0, 0, 0, 0, 5, 0, 0, 1, 9, 2, 2, 0, 3, 3, 0, 3, 21, 2, 0, 0, 1, 21, 0, 7, 0, 1, 2, 0, 0, 0, 1, 0, 0, 0, 0, 2, 8, 0, 1, 0, 12, 5, 2, 16, 16, 0, 9, 0, 8, 5, 1, 16, 0, 4, 23, 15, 2, 1, 0, 0, 0, 17, 0, 0, 0, : 16, 1, 2, 1, 2, 2, 14, 5, 1, 9, 2, 2, 3, 3, 3, 21, 2, 1, 21, 7, 1, 2, 1, 2, 8, 1, 12, 5, 2, 16, 16, 9, 8, 5, 1, 16, 4, 23, 15, 2, 1, 17, 
634: 0, 7, 5, 5, 4, 0, 3, 10, 0, 4, 0, 2, 0, 0, 0, 0, 0, 15, 9, 4, 0, 0, 3, 0, 6, 19, 14, 0, 0, 18, 1, 0, 0, 0, 0, 1, 1, 0, 0, 0, 1, 0, 2, 13, 13, 2, 2, 0, 0, 9, 0, 1, 2, 7, 2, 0, 6, 2, 0, 0, 1, 7, 0, 0, 0, 3, 0, 1, 0, 0, 5, 0, 1, 12, 1, 17, 3, 0, 11, 3, : 7, 5, 5, 4, 3, 10, 4, 2, 15, 9, 4, 3, 6, 19, 14, 18, 1, 1, 1, 1, 2, 13, 13, 2, 2, 9, 1, 2, 7, 2, 6, 2, 1, 7, 3, 1, 5, 1, 12, 1, 17, 3, 11, 3, 
51: 0, 11, 0, 6, 0, 0, 2, 4, 1, 18, 12, 0, 15, 1, 0, 0, 0, 0, 5, 1, 3, 19, 0, 6, 1, 1, 0, 0, 6, 16, 0, 0, 0, 20, 0, 6, 0, 2, 0, 0, 9, 0, 0, 0, 5, 2, 8, 0, 0, 0, 5, 11, 19, 0, 0, 4, 4, 7, 1, 0, 16, 0, 0, 0, 0, 5, 0, 0, 0, 7, 0, 3, 5, 6, 5, 0, 0, 0, 0, 7, : 11, 6, 2, 4, 1, 18, 12, 15, 1, 5, 1, 3, 19, 6, 1, 1, 6, 16, 20, 6, 2, 9, 5, 2, 8, 5, 11, 19, 4, 4, 7, 1, 16, 5, 7, 3, 5, 6, 5, 7, 
718: 0, 0, 2, 0, 0, 4, 0, 0, 0, 9, 0, 3, 2, 3, 1, 8, 12, 0, 0, 0, 1, 0, 16, 0, 0, 0, 0, 2, 2, 0, 3, 17, 0, 0, 0, 0, 0, 4, 5, 10, 2, 3, 0, 14, 1, 1, 8, 0, 12, 0, 0, 3, 8, 0, 0, 3, 14, 0, 6, 0, 1, 6, 0, 0, 0, 0, 8, 4, 0, 0, 0, 19, 4, 0, 5, 0, 0, 7, 6, 1, : 2, 4, 9, 3, 2, 3, 1, 8, 12, 1, 16, 2, 2, 3, 17, 4, 5, 10, 2, 3, 14, 1, 1, 8, 12, 3, 8, 3, 14, 6, 1, 6, 8, 4, 19, 4, 5, 7, 6, 1, 
43: 0, 1, 0, 5, 10, 0, 0, 0, 8, 6, 6, 0, 0, 0, 4, 0, 0, 0, 6, 0, 7, 0, 0, 0, 0, 1, 0, 0, 8, 6, 0, 3, 0, 0, 2, 0, 1, 1, 0, 3, 5, 0, 0, 0, 0, 0, 13, 0, 0, 0, 22, 21, 1, 4, 0, 4, 7, 0, 0, 5, 6, 9, 0, 0, 0, 0, 0, 1, 0, 2, 1, 10, 0, 0, 12, 0, 0, 2, 0, 8, : 1, 5, 10, 8, 6, 6, 4, 6, 7, 1, 8, 6, 3, 2, 1, 1, 3, 5, 13, 22, 21, 1, 4, 4, 7, 5, 6, 9, 1, 2, 1, 10, 12, 2, 8, 
568: 4, 6, 0, 1, 3, 0, 0, 4, 11, 5, 1, 3, 0, 0, 0, 0, 9, 0, 5, 0, 1, 0, 0, 1, 0, 2, 1, 1, 11, 4, 3, 0, 16, 0, 0, 6, 0, 10, 0, 0, 9, 1, 1, 11, 0, 3, 24, 27, 0, 0, 0, 2, 1, 0, 0, 2, 0, 2, 3, 0, 0, 0, 7, 0, 11, 1, 4, 1, 0, 7, 0, 1, 15, 9, 1, 0, 0, 22, 0, 16, : 4, 6, 1, 3, 4, 11, 5, 1, 3, 9, 5, 1, 1, 2, 1, 1, 11, 4, 3, 16, 6, 10, 9, 1, 1, 11, 3, 24, 27, 2, 1, 2, 2, 3, 7, 11, 1, 4, 1, 7, 1, 15, 9, 1, 22, 16, 
307: 0, 2, 0, 1, 6, 16, 0, 0, 2, 1, 2, 0, 0, 0, 21, 0, 6, 4, 0, 0, 3, 0, 23, 0, 2, 0, 9, 5, 0, 0, 10, 4, 6, 24, 0, 0, 0, 1, 14, 0, 1, 9, 4, 7, 0, 0, 0, 1, 0, 0, 15, 0, 0, 0, 12, 0, 4, 0, 3, 10, 0, 0, 5, 9, 0, 0, 15, 2, 7, 0, 0, 0, 3, 0, 0, 2, 1, 0, 2, 0, : 2, 1, 6, 16, 2, 1, 2, 21, 6, 4, 3, 23, 2, 9, 5, 10, 4, 6, 24, 1, 14, 1, 9, 4, 7, 1, 15, 12, 4, 3, 10, 5, 9, 15, 2, 7, 3, 2, 1, 2, 
172: 8, 1, 6, 2, 3, 0, 0, 0, 2, 2, 15, 1, 12, 3, 1, 3, 0, 1, 10, 0, 2, 0, 0, 0, 3, 23, 0, 25, 0, 8, 0, 0, 4, 0, 0, 0, 12, 0, 0, 0, 3, 0, 2, 0, 1, 0, 0, 3, 10, 0, 0, 0, 0, 0, 0, 2, 2, 1, 23, 19, 1, 4, 10, 5, 1, 13, 0, 2, 0, 0, 0, 0, 0, 0, 5, 19, 0, 0, 0, 3, : 8, 1, 6, 2, 3, 2, 2, 15, 1, 12, 3, 1, 3, 1, 10, 2, 3, 23, 25, 8, 4, 12, 3, 2, 1, 3, 10, 2, 2, 1, 23, 19, 1, 4, 10, 5, 1, 13, 2, 5, 19, 3, 
195: 0, 1, 4, 13, 7, 0, 0, 17, 2, 2, 0, 1, 6, 0, 4, 0, 0, 0, 4, 0, 0, 18, 0, 5, 7, 12, 0, 25, 6, 2, 0, 9, 6, 0, 0, 3, 3, 0, 0, 0, 11, 0, 3, 0, 2, 0, 3, 12, 0, 0, 2, 0, 0, 0, 0, 2, 0, 0, 4, 0, 0, 0, 2, 4, 0, 14, 0, 1, 1, 0, 4, 6, 8, 0, 16, 0, 0, 3, 5, 0, : 1, 4, 13, 7, 17, 2, 2, 1, 6, 4, 4, 18, 5, 7, 12, 25, 6, 2, 9, 6, 3, 3, 11, 3, 2, 3, 12, 2, 2, 4, 2, 4, 14, 1, 1, 4, 6, 8, 16, 3, 5, 
336: 0, 0, 0, 0, 0, 0, 4, 1, 6, 1, 5, 7, 1, 0, 1, 0, 0, 0, 5, 1, 0, 17, 0, 4, 2, 4, 6, 5, 1, 0, 0, 0, 13, 1, 0, 0, 17, 11, 5, 0, 0, 0, 0, 0, 4, 10, 0, 4, 0, 0, 12, 0, 0, 0, 21, 0, 0, 0, 11, 0, 2, 0, 1, 3, 2, 1, 0, 19, 0, 9, 1, 1, 10, 7, 3, 0, 0, 0, 2, 6, : 4, 1, 6, 1, 5, 7, 1, 1, 5, 1, 17, 4, 2, 4, 6, 5, 1, 13, 1, 17, 11, 5, 4, 10, 4, 12, 21, 11, 2, 1, 3, 2, 1, 19, 9, 1, 1, 10, 7, 3, 2, 6, 
416: 0, 0, 0, 4, 11, 0, 8, 0, 3, 0, 1, 0, 1, 0, 15, 0, 15, 13, 4, 7, 0, 0, 0, 0, 0, 6, 2, 5, 0, 2, 0, 0, 1, 8, 1, 5, 1, 1, 24, 0, 0, 26, 16, 0, 0, 0, 0, 0, 4, 6, 0, 0, 0, 1, 3, 16, 6, 0, 0, 0, 20, 0, 0, 2, 0, 14, 17, 0, 0, 13, 5, 1, 0, 0, 0, 1, 0, 0, 1, 3, : 4, 11, 8, 3, 1, 1, 15, 15, 13, 4, 7, 6, 2, 5, 2, 1, 8, 1, 5, 1, 1, 24, 26, 16, 4, 6, 1, 3, 16, 6, 20, 2, 14, 17, 13, 5, 1, 1, 1, 3, 
158: 11, 6, 2, 0, 5, 0, 15, 0, 0, 0, 0, 4, 10, 2, 2, 0, 3, 0, 0, 8, 0, 0, 0, 7, 2, 0, 3, 0, 0, 0, 2, 0, 2, 11, 4, 2, 0, 1, 15, 0, 17, 2, 0, 1, 1, 1, 0, 1, 0, 0, 2, 5, 0, 0, 0, 10, 7, 1, 1, 0, 6, 0, 1, 0, 0, 3, 1, 11, 2, 1, 2, 19, 9, 1, 7, 11, 5, 0, 8, 1, : 11, 6, 2, 5, 15, 4, 10, 2, 2, 3, 8, 7, 2, 3, 2, 2, 11, 4, 2, 1, 15, 17, 2, 1, 1, 1, 1, 2, 5, 10, 7, 1, 1, 6, 1, 3, 1, 11, 2, 1, 2, 19, 9, 1, 7, 11, 5, 8, 1, 
761: 6, 14, 9, 4, 0, 13, 0, 0, 12, 4, 0, 0, 0, 3, 4, 3, 0, 0, 1, 3, 0, 0, 0, 0, 2, 0, 2, 7, 7, 1, 0, 0, 0, 0, 0, 2, 2, 0, 0, 0, 10, 0, 3, 0, 5, 3, 1, 4, 11, 16, 0, 3, 8, 6, 2, 0, 0, 18, 1, 0, 17, 15, 0, 0, 5, 2, 0, 5, 0, 0, 12, 0, 0, 3, 0, 0, 0, 4, 11, 3, : 6, 14, 9, 4, 13, 12, 4, 3, 4, 3, 1, 3, 2, 2, 7, 7, 1, 2, 2, 10, 3, 5, 3, 1, 4, 11, 16, 3, 8, 6, 2, 18, 1, 17, 15, 5, 2, 5, 12, 3, 4, 11, 3, 
127: 0, 2, 7, 2, 4, 0, 1, 0, 8, 0, 0, 0, 0, 0, 1, 0, 0, 2, 3, 7, 1, 0, 0, 23, 0, 3, 0, 0, 2, 0, 0, 2, 0, 0, 0, 1, 2, 0, 0, 0, 0, 7, 0, 11, 7, 0, 1, 1, 0, 0, 11, 0, 1, 0, 6, 0, 11, 0, 3, 0, 10, 0, 3, 10, 2, 5, 20, 4, 5, 9, 0, 4, 1, 0, 4, 0, 6, 0, 15, 1, : 2, 7, 2, 4, 1, 8, 1, 2, 3, 7, 1, 23, 3, 2, 2, 1, 2, 7, 11, 7, 1, 1, 11, 1, 6, 11, 3, 10, 3, 10, 2, 5, 20, 4, 5, 9, 4, 1, 4, 6, 15, 1, 
754: 0, 3, 0, 9, 1, 15, 16, 0, 1, 0, 9, 4, 4, 2, 0, 2, 2, 0, 10, 0, 3, 0, 0, 0, 9, 0, 0, 0, 2, 0, 4, 0, 1, 0, 9, 11, 0, 6, 0, 15, 1, 0, 11, 0, 0, 14, 6, 3, 0, 2, 3, 4, 0, 0, 2, 0, 1, 3, 1, 0, 6, 0, 18, 11, 0, 0, 6, 0, 0, 0, 3, 0, 0, 15, 1, 5, 0, 0, 5, 2, : 3, 9, 1, 15, 16, 1, 9, 4, 4, 2, 2, 2, 10, 3, 9, 2, 4, 1, 9, 11, 6, 15, 1, 11, 14, 6, 3, 2, 3, 4, 2, 1, 3, 1, 6, 18, 11, 6, 3, 15, 1, 5, 5, 2, 
597: 0, 1, 0, 2, 0, 0, 7, 0, 1, 4, 0, 13, 4, 2, 0, 0, 15, 0, 5, 23, 0, 0, 3, 2, 0, 0, 0, 0, 0, 1, 0, 0, 0, 1, 0, 2, 4, 3, 4, 0, 0, 7, 0, 0, 11, 8, 0, 0, 0, 0, 1, 1, 0, 14, 0, 0, 10, 2, 0, 0, 0, 4, 0, 0, 0, 4, 0, 0, 18, 0, 0, 23, 0, 0, 7, 0, 15, 0, 0, 0, : 1, 2, 7, 1, 4, 13, 4, 2, 15, 5, 23, 3, 2, 1, 1, 2, 4, 3, 4, 7, 11, 8, 1, 1, 14, 10, 2, 4, 4, 18, 23, 7, 15, 
271: 0, 0, 3, 0, 11, 0, 3, 2, 5, 0, 6, 0, 4, 5, 6, 0, 0, 5, 0, 0, 6, 0, 0, 11, 16, 0, 0, 7, 0, 2, 8, 0, 26, 0, 0, 0, 8, 4, 0, 2, 14, 0, 0, 13, 2, 0, 0, 0, 0, 0, 0, 0, 10, 0, 0, 8, 0, 3, 0, 0, 3, 1, 6, 3, 5, 2, 9, 3, 1, 1, 1, 0, 0, 8, 0, 3, 0, 0, 0, 0, : 3, 11, 3, 2, 5, 6, 4, 5, 6, 5, 6, 11, 16, 7, 2, 8, 26, 8, 4, 2, 14, 13, 2, 10, 8, 3, 3, 1, 6, 3, 5, 2, 9, 3, 1, 1, 1, 8, 3, 
543: 4, 4, 3, 0, 2, 0, 1, 2, 0, 0, 1, 0, 0, 0, 0, 0, 4, 6, 3, 0, 0, 0, 2, 0, 0, 0, 0, 0, 24, 0, 0, 0, 3, 0, 10, 0, 0, 2, 0, 8, 2, 0, 5, 11, 2, 0, 9, 0, 1, 8, 0, 0, 0, 1, 0, 3, 0, 0, 6, 0, 0, 1, 0, 10, 0, 1, 0, 14, 0, 0, 2, 18, 13, 0, 3, 3, 3, 0, 0, 0, : 4, 4, 3, 2, 1, 2, 1, 4, 6, 3, 2, 24, 3, 10, 2, 8, 2, 5, 11, 2, 9, 1, 8, 1, 3, 6, 1, 10, 1, 14, 2, 18, 13, 3, 3, 3, 
783: 0, 4, 3, 0, 1, 4, 0, 2, 1, 2, 0, 21, 8, 16, 0, 6, 0, 6, 3, 3, 0, 0, 0, 0, 1, 0, 0, 0, 0, 0, 23, 0, 3, 0, 3, 3, 0, 8, 0, 2, 1, 0, 0, 0, 4, 1, 1, 15, 7, 0, 0, 5, 0, 0, 13, 9, 0, 0, 3, 0, 8, 3, 4, 4, 3, 1, 0, 0, 1, 4, 0, 0, 2, 0, 21, 1, 0, 3, 3, 0, : 4, 3, 1, 4, 2, 1, 2, 21, 8, 16, 6, 6, 3, 3, 1, 23, 3, 3, 3, 8, 2, 1, 4, 1, 1, 15, 7, 5, 13, 9, 3, 8, 3, 4, 4, 3, 1, 1, 4, 2, 21, 1, 3, 3, 
204: 1, 5, 7, 1, 1, 0, 1, 0, 3, 0, 5, 0, 3, 0, 3, 1, 0, 0, 4, 0, 0, 0, 1, 7, 1, 0, 9, 6, 1, 0, 6, 0, 0, 0, 0, 4, 6, 5, 3, 3, 0, 0, 0, 11, 15, 0, 1, 0, 0, 0, 0, 0, 0, 0, 0, 2, 2, 0, 4, 0, 0, 13, 0, 1, 0, 5, 1, 6, 0, 11, 8, 0, 0, 0, 0, 0, 0, 0, 0, 0, : 1, 5, 7, 1, 1, 1, 3, 5, 3, 3, 1, 4, 1, 7, 1, 9, 6, 1, 6, 4, 6, 5, 3, 3, 11, 15, 1, 2, 2, 4, 13, 1, 5, 1, 6, 11, 8, 
390: 0, 13, 1, 0, 6, 0, 0, 1, 0, 0, 0, 0, 0, 0, 0, 1, 15, 7, 14, 0, 0, 0, 2, 0, 0, 5, 17, 0, 0, 20, 0, 0, 0, 8, 0, 22, 0, 0, 0, 0, 0, 13, 0, 0, 3, 2, 0, 2, 0, 0, 8, 0, 0, 2, 0, 0, 0, 0, 9, 0, 0, 0, 8, 12, 0, 11, 0, 0, 0, 0, 0, 0, 0, 0, 0, 7, 0, 4, 9, 8, : 13, 1, 6, 1, 1, 15, 7, 14, 2, 5, 17, 20, 8, 22, 13, 3, 2, 2, 8, 2, 9, 8, 12, 11, 7, 4, 9, 8, 
365: 13, 1, 0, 1, 1, 0, 0, 29, 2, 7, 8, 1, 0, 14, 16, 0, 3, 0, 0, 0, 0, 5, 0, 9, 3, 3, 6, 0, 6, 0, 0, 0, 3, 0, 0, 0, 2, 0, 0, 0, 2, 0, 6, 0, 1, 4, 0, 0, 2, 4, 9, 0, 27, 0, 14, 0, 4, 0, 3, 10, 2, 2, 0, 19, 3, 0, 0, 1, 5, 2, 0, 0, 0, 0, 0, 0, 5, 0, 2, 2, : 13, 1, 1, 1, 29, 2, 7, 8, 1, 14, 16, 3, 5, 9, 3, 3, 6, 6, 3, 2, 2, 6, 1, 4, 2, 4, 9, 27, 14, 4, 3, 10, 2, 2, 19, 3, 1, 5, 2, 5, 2, 2, 
108: 0, 0, 0, 1, 3, 12, 3, 0, 0, 0, 1, 3, 0, 0, 0, 0, 0, 0, 11, 0, 5, 3, 0, 2, 0, 1, 2, 0, 2, 1, 0, 10, 0, 0, 14, 0, 9, 2, 0, 0, 0, 1, 0, 0, 1, 4, 5, 2, 2, 0, 0, 0, 0, 0, 2, 1, 0, 11, 0, 0, 0, 3, 0, 2, 0, 1, 0, 2, 10, 0, 1, 0, 0, 7, 6, 2, 0, 0, 0, 0, : 1, 3, 12, 3, 1, 3, 11, 5, 3, 2, 1, 2, 2, 1, 10, 14, 9, 2, 1, 1, 4, 5, 2, 2, 2, 1, 11, 3, 2, 1, 2, 10, 1, 7, 6, 2, 
61: 1, 2, 0, 5, 0, 5, 0, 0, 12, 5, 2, 0, 0, 0, 4, 3, 6, 15, 4, 3, 0, 0, 0, 9, 18, 5, 0, 7, 6, 8, 15, 0, 0, 0, 17, 1, 5, 2, 0, 0, 0, 0, 2, 11, 1, 10, 0, 2, 3, 0, 4, 14, 0, 9, 0, 0, 5, 1, 0, 0, 0, 2, 17, 0, 0, 2, 0, 14, 0, 0, 0, 3, 5, 0, 1, 1, 0, 0, 0, 7, : 1, 2, 5, 5, 12, 5, 2, 4, 3, 6, 15, 4, 3, 9, 18, 5, 7, 6, 8, 15, 17, 1, 5, 2, 2, 11, 1, 10, 2, 3, 4, 14, 9, 5, 1, 2, 17, 2, 14, 3, 5, 1, 1, 7, 
279: 0, 0, 0, 10, 0, 0, 15, 0, 12, 0, 3, 4, 0, 17, 0, 0, 0, 0, 0, 14, 8, 12, 6, 0, 0, 0, 2, 0, 3, 2, 0, 9, 18, 1, 0, 0, 2, 4, 0, 0, 0, 0, 1, 0, 0, 0, 3, 4, 0, 0, 0, 0, 6, 0, 0, 11, 1, 0, 3, 0, 0, 1, 1, 4, 0, 0, 0, 2, 2, 0, 1, 0, 1, 0, 7, 0, 5, 0, 2, 0, : 10, 15, 12, 3, 4, 17, 14, 8, 12, 6, 2, 3, 2, 9, 18, 1, 2, 4, 1, 3, 4, 6, 11, 1, 3, 1, 1, 4, 2, 2, 1, 1, 7, 5, 2, 
649: 0, 1, 7, 10, 0, 0, 0, 4, 0, 3, 0, 2, 1, 0, 0, 9, 0, 0, 2, 0, 2, 1, 21, 0, 3, 0, 0, 0, 0, 0, 0, 0, 0, 14, 6, 1, 1, 0, 5, 0, 3, 4, 3, 2, 2, 11, 0, 0, 0, 0, 0, 0, 10, 14, 0, 1, 0, 10, 6, 3, 2, 1, 0, 1, 2, 0, 0, 8, 0, 0, 12, 0, 9, 16, 0, 0, 0, 0, 4, 0, : 1, 7, 10, 4, 3, 2, 1, 9, 2, 2, 1, 21, 3, 14, 6, 1, 1, 5, 3, 4, 3, 2, 2, 11, 10, 14, 1, 10, 6, 3, 2, 1, 1, 2, 8, 12, 9, 16, 4, 
555: 0, 2, 0, 1, 1, 0, 0, 11, 3, 4, 2, 2, 0, 0, 7, 0, 0, 2, 0, 0, 0, 0, 0, 0, 2, 0, 0, 0, 12, 1, 11, 12, 0, 0, 13, 0, 3, 15, 8, 8, 0, 0, 0, 0, 0, 0, 0, 0, 0, 0, 2, 0, 0, 25, 0, 0, 5, 3, 3, 0, 0, 11, 0, 3, 0, 5, 0, 10, 14, 1, 2, 0, 0, 4, 6, 4, 15, 0, 1, 13, : 2, 1, 1, 11, 3, 4, 2, 2, 7, 2, 2, 12, 1, 11, 12, 13, 3, 15, 8, 8, 2, 25, 5, 3, 3, 11, 3, 5, 10, 14, 1, 2, 4, 6, 4, 15, 1, 13, 
760: 1, 0, 6, 1, 0, 1, 0, 0, 6, 0, 11, 0, 23, 18, 3, 18, 0, 0, 0, 3, 21, 0, 8, 0, 4, 0, 4, 0, 0, 0, 2, 0, 3, 1, 14, 0, 0, 0, 1, 1, 2, 0, 1, 0, 0, 29, 6, 0, 0, 3, 0, 0, 0, 12, 0, 4, 5, 1, 0, 0, 1, 0, 1, 0, 3, 0, 10, 0, 0, 0, 0, 3, 13, 0, 0, 5, 24, 6, 9, 9, : 1, 6, 1, 1, 6, 11, 23, 18, 3, 18, 3, 21, 8, 4, 4, 2, 3, 1, 14, 1, 1, 2, 1, 29, 6, 3, 12, 4, 5, 1, 1, 1, 3, 10, 3, 13, 5, 24, 6, 9, 9, 


721: 8, 2, 0, 0, 0, 0, 16, 4, 18, 2, 12, 0, 0, 3, 0, 9, 0, 0, 0, 5, 0, 6, 0, 0, 5, 0, 6, 0, 14, 2, 0, 0, 5, 0, 0, 4, 3, 12, 5, 0, 0, 0, 17, 19, 0, 0, 0, 0, 1, 3, 15, 0, 0, 4, 0, 10, 3, 0, 0, 15, 6, 4, 0, 0, 3, 1, 0, 11, 10, 0, 1, 11, 0, 7, 4, 0, 9, 1, 15, 6, : 8, 2, 16, 4, 18, 2, 12, 3, 9, 5, 6, 5, 6, 14, 2, 5, 4, 3, 12, 5, 17, 19, 1, 3, 15, 4, 10, 3, 15, 6, 4, 3, 1, 11, 10, 1, 11, 7, 4, 9, 1, 15, 6, 
546: 15, 0, 0, 0, 0, 8, 0, 0, 2, 5, 2, 0, 5, 0, 0, 4, 4, 3, 0, 3, 5, 4, 12, 19, 0, 0, 0, 0, 2, 0, 9, 0, 1, 0, 0, 19, 4, 0, 8, 0, 3, 3, 1, 19, 17, 0, 0, 1, 0, 0, 0, 0, 0, 3, 0, 0, 0, 0, 0, 0, 5, 6, 0, 5, 9, 0, 1, 0, 13, 0, 0, 5, 0, 4, 2, 0, 0, 2, 6, 0, : 15, 8, 2, 5, 2, 5, 4, 4, 3, 3, 5, 4, 12, 19, 2, 9, 1, 19, 4, 8, 3, 3, 1, 19, 17, 1, 3, 5, 6, 5, 9, 1, 13, 5, 4, 2, 2, 6, 
643: 0, 4, 5, 0, 0, 0, 0, 0, 0, 1, 1, 0, 1, 7, 22, 6, 6, 17, 8, 0, 0, 0, 10, 0, 0, 7, 0, 0, 0, 0, 3, 22, 0, 0, 0, 2, 1, 0, 14, 6, 0, 0, 1, 1, 10, 0, 0, 2, 5, 0, 0, 0, 10, 0, 0, 0, 0, 1, 5, 13, 6, 0, 7, 0, 0, 8, 0, 0, 0, 0, 2, 0, 0, 6, 9, 19, 0, 4, 9, 5, : 4, 5, 1, 1, 1, 7, 22, 6, 6, 17, 8, 10, 7, 3, 22, 2, 1, 14, 6, 1, 1, 10, 2, 5, 10, 1, 5, 13, 6, 7, 8, 2, 6, 9, 19, 4, 9, 5, 
47: 1, 3, 0, 9, 1, 4, 0, 2, 4, 3, 0, 0, 14, 0, 0, 7, 4, 0, 1, 0, 2, 0, 3, 0, 8, 6, 6, 0, 25, 1, 0, 0, 2, 0, 0, 2, 0, 0, 11, 0, 0, 4, 4, 0, 0, 0, 1, 5, 10, 0, 0, 6, 0, 0, 6, 2, 0, 0, 0, 0, 0, 0, 11, 0, 0, 0, 3, 19, 1, 1, 0, 0, 0, 0, 0, 0, 0, 0, 0, 0, : 1, 3, 9, 1, 4, 2, 4, 3, 14, 7, 4, 1, 2, 3, 8, 6, 6, 25, 1, 2, 2, 11, 4, 4, 1, 5, 10, 6, 6, 2, 11, 3, 19, 1, 1, 
559: 1, 1, 0, 0, 2, 0, 1, 0, 4, 6, 0, 8, 20, 22, 0, 0, 3, 0, 0, 0, 0, 0, 3, 3, 0, 0, 7, 4, 3, 0, 1, 0, 6, 0, 6, 5, 9, 0, 0, 5, 0, 6, 4, 0, 0, 0, 22, 0, 0, 0, 0, 10, 8, 0, 0, 1, 0, 6, 0, 0, 0, 0, 15, 0, 0, 1, 10, 8, 16, 0, 0, 0, 6, 1, 4, 0, 2, 1, 0, 0, : 1, 1, 2, 1, 4, 6, 8, 20, 22, 3, 3, 3, 7, 4, 3, 1, 6, 6, 5, 9, 5, 6, 4, 22, 10, 8, 1, 6, 15, 1, 10, 8, 16, 6, 1, 4, 2, 1, 
472: 5, 0, 2, 5, 1, 0, 0, 0, 7, 12, 0, 1, 0, 0, 1, 0, 3, 0, 0, 0, 0, 7, 0, 0, 5, 0, 0, 3, 0, 2, 8, 6, 14, 0, 0, 7, 3, 2, 5, 1, 1, 21, 14, 0, 5, 3, 2, 0, 0, 4, 14, 8, 13, 6, 21, 5, 8, 3, 6, 0, 0, 0, 1, 0, 0, 0, 0, 6, 0, 0, 0, 8, 7, 0, 0, 2, 2, 11, 0, 1, : 5, 2, 5, 1, 7, 12, 1, 1, 3, 7, 5, 3, 2, 8, 6, 14, 7, 3, 2, 5, 1, 1, 21, 14, 5, 3, 2, 4, 14, 8, 13, 6, 21, 5, 8, 3, 6, 1, 6, 8, 7, 2, 2, 11, 1, 
487: 18, 10, 0, 0, 4, 16, 7, 0, 0, 6, 13, 4, 1, 1, 20, 0, 0, 12, 2, 0, 0, 0, 1, 0, 0, 0, 0, 0, 0, 0, 12, 21, 0, 18, 0, 0, 3, 4, 2, 0, 0, 10, 7, 0, 9, 0, 10, 14, 1, 0, 18, 1, 0, 3, 8, 10, 10, 0, 16, 0, 1, 0, 0, 9, 0, 1, 0, 0, 0, 0, 5, 0, 0, 4, 0, 0, 0, 0, 0, 0, : 18, 10, 4, 16, 7, 6, 13, 4, 1, 1, 20, 12, 2, 1, 12, 21, 18, 3, 4, 2, 10, 7, 9, 10, 14, 1, 18, 1, 3, 8, 10, 10, 16, 1, 9, 1, 5, 4, 
488: 3, 2, 0, 2, 0, 17, 4, 23, 0, 0, 0, 4, 12, 0, 0, 0, 0, 0, 11, 0, 0, 0, 4, 0, 0, 11, 0, 10, 0, 0, 0, 0, 0, 0, 0, 0, 0, 0, 1, 6, 0, 10, 0, 0, 0, 0, 1, 0, 0, 0, 1, 0, 0, 0, 0, 2, 0, 2, 0, 0, 0, 0, 0, 0, 0, 6, 12, 0, 0, 0, 0, 0, 10, 0, 1, 1, 11, 7, 7, 1, : 3, 2, 2, 17, 4, 23, 4, 12, 11, 4, 11, 10, 1, 6, 10, 1, 1, 2, 2, 6, 12, 10, 1, 1, 11, 7, 7, 1, 
735: 2, 0, 0, 20, 11, 0, 0, 2, 7, 0, 1, 13, 0, 15, 0, 2, 0, 4, 0, 11, 8, 0, 0, 0, 0, 10, 0, 6, 8, 5, 0, 14, 3, 0, 2, 0, 1, 9, 2, 4, 18, 8, 0, 0, 0, 2, 0, 0, 14, 0, 0, 0, 0, 0, 1, 0, 0, 0, 0, 0, 0, 8, 0, 1, 0, 0, 5, 2, 0, 0, 0, 2, 0, 0, 2, 0, 0, 1, 0, 1, : 2, 20, 11, 2, 7, 1, 13, 15, 2, 4, 11, 8, 10, 6, 8, 5, 14, 3, 2, 1, 9, 2, 4, 18, 8, 2, 14, 1, 8, 1, 5, 2, 2, 2, 1, 1, 
208: 7, 0, 0, 0, 1, 0, 0, 0, 0, 1, 12, 6, 6, 0, 0, 0, 2, 0, 0, 0, 10, 1, 8, 0, 0, 10, 0, 1, 4, 4, 0, 4, 5, 0, 2, 0, 0, 11, 0, 18, 1, 0, 0, 3, 3, 0, 0, 17, 7, 11, 0, 10, 0, 7, 0, 0, 0, 1, 14, 0, 1, 0, 0, 11, 12, 0, 0, 0, 3, 3, 0, 1, 0, 0, 9, 0, 0, 0, 6, 1, : 7, 1, 1, 12, 6, 6, 2, 10, 1, 8, 10, 1, 4, 4, 4, 5, 2, 11, 18, 1, 3, 3, 17, 7, 11, 10, 7, 1, 14, 1, 11, 12, 3, 3, 1, 9, 6, 1, 
104: 0, 0, 1, 8, 0, 0, 0, 6, 0, 0, 0, 0, 0, 0, 0, 1, 0, 5, 0, 8, 0, 0, 0, 4, 0, 0, 23, 0, 20, 0, 1, 0, 3, 2, 4, 0, 0, 0, 21, 1, 1, 0, 7, 10, 2, 2, 5, 0, 0, 0, 0, 0, 0, 0, 15, 3, 0, 3, 0, 0, 0, 0, 8, 0, 2, 1, 0, 1, 10, 5, 0, 10, 0, 1, 2, 0, 0, 0, 7, 0, : 1, 8, 6, 1, 5, 8, 4, 23, 20, 1, 3, 2, 4, 21, 1, 1, 7, 10, 2, 2, 5, 15, 3, 3, 8, 2, 1, 1, 10, 5, 10, 1, 2, 7, 
179: 2, 9, 0, 0, 0, 0, 0, 2, 0, 0, 0, 26, 0, 2, 0, 0, 25, 1, 16, 1, 3, 0, 0, 11, 1, 2, 0, 5, 0, 0, 0, 0, 1, 0, 2, 2, 1, 12, 0, 2, 1, 1, 0, 0, 0, 9, 0, 9, 6, 1, 0, 0, 11, 1, 4, 7, 0, 5, 0, 0, 17, 2, 6, 0, 0, 11, 1, 3, 0, 3, 0, 4, 0, 7, 0, 0, 0, 0, 0, 0, : 2, 9, 2, 26, 2, 25, 1, 16, 1, 3, 11, 1, 2, 5, 1, 2, 2, 1, 12, 2, 1, 1, 9, 9, 6, 1, 11, 1, 4, 7, 5, 17, 2, 6, 11, 1, 3, 3, 4, 7, 
640: 0, 0, 6, 0, 1, 0, 0, 6, 0, 0, 0, 0, 6, 0, 0, 1, 0, 0, 2, 0, 2, 26, 4, 2, 0, 8, 0, 0, 3, 12, 0, 2, 3, 0, 3, 0, 1, 0, 0, 0, 0, 1, 0, 14, 15, 0, 0, 0, 0, 7, 0, 0, 0, 3, 0, 0, 0, 0, 0, 0, 22, 3, 0, 1, 0, 0, 0, 12, 3, 2, 4, 8, 1, 0, 0, 3, 0, 8, 0, 0, : 6, 1, 6, 6, 1, 2, 2, 26, 4, 2, 8, 3, 12, 2, 3, 3, 1, 1, 14, 15, 7, 3, 22, 3, 1, 12, 3, 2, 4, 8, 1, 3, 8, 
607: 2, 6, 0, 0, 3, 0, 1, 12, 1, 0, 0, 0, 0, 1, 3, 0, 0, 0, 14, 2, 0, 0, 1, 2, 12, 3, 0, 3, 1, 0, 0, 0, 1, 0, 0, 4, 0, 3, 1, 6, 0, 0, 9, 0, 0, 0, 4, 4, 8, 0, 0, 4, 0, 0, 1, 24, 9, 22, 0, 3, 2, 0, 0, 0, 0, 0, 0, 0, 3, 0, 14, 16, 7, 0, 4, 1, 0, 10, 6, 0, : 2, 6, 3, 1, 12, 1, 1, 3, 14, 2, 1, 2, 12, 3, 3, 1, 1, 4, 3, 1, 6, 9, 4, 4, 8, 4, 1, 24, 9, 22, 3, 2, 3, 14, 16, 7, 4, 1, 10, 6, 
450: 6, 0, 0, 6, 0, 1, 5, 1, 0, 4, 7, 0, 0, 1, 0, 0, 0, 8, 18, 0, 1, 12, 0, 1, 0, 0, 1, 0, 0, 0, 14, 0, 0, 0, 6, 7, 2, 3, 0, 0, 3, 0, 0, 1, 0, 0, 1, 1, 8, 2, 3, 8, 3, 6, 2, 0, 7, 5, 0, 0, 5, 1, 0, 0, 0, 0, 1, 5, 0, 14, 0, 0, 11, 0, 0, 0, 10, 8, 6, 0, : 6, 6, 1, 5, 1, 4, 7, 1, 8, 18, 1, 12, 1, 1, 14, 6, 7, 2, 3, 3, 1, 1, 1, 8, 2, 3, 8, 3, 6, 2, 7, 5, 5, 1, 1, 5, 14, 11, 10, 8, 6, 
70: 0, 1, 0, 17, 9, 6, 0, 0, 0, 0, 0, 0, 0, 0, 1, 0, 0, 1, 9, 0, 7, 3, 0, 0, 6, 1, 4, 8, 3, 0, 0, 0, 2, 5, 0, 0, 0, 1, 1, 0, 5, 0, 0, 0, 0, 1, 6, 0, 0, 16, 0, 0, 0, 6, 0, 0, 12, 0, 0, 7, 4, 0, 5, 0, 0, 0, 0, 3, 6, 8, 0, 15, 0, 11, 0, 0, 0, 5, 1, 0, : 1, 17, 9, 6, 1, 1, 9, 7, 3, 6, 1, 4, 8, 3, 2, 5, 1, 1, 5, 1, 6, 16, 6, 12, 7, 4, 5, 3, 6, 8, 15, 11, 5, 1, 
256: 4, 0, 9, 11, 4, 2, 0, 0, 0, 3, 18, 1, 0, 1, 0, 1, 3, 0, 0, 0, 1, 0, 0, 0, 13, 7, 0, 0, 1, 1, 5, 0, 0, 12, 1, 3, 0, 0, 0, 0, 4, 2, 0, 0, 0, 0, 0, 0, 7, 0, 2, 3, 0, 3, 25, 0, 5, 0, 0, 0, 0, 0, 1, 3, 0, 0, 0, 1, 5, 0, 0, 0, 0, 5, 2, 0, 0, 4, 0, 13, : 4, 9, 11, 4, 2, 3, 18, 1, 1, 1, 3, 1, 13, 7, 1, 1, 5, 12, 1, 3, 4, 2, 7, 2, 3, 3, 25, 5, 1, 3, 1, 5, 5, 2, 4, 13, 
71: 1, 0, 0, 0, 6, 0, 3, 0, 4, 3, 5, 0, 0, 1, 13, 0, 0, 22, 3, 0, 0, 2, 3, 7, 2, 0, 0, 4, 0, 0, 0, 8, 0, 5, 0, 6, 12, 3, 0, 15, 6, 0, 0, 0, 0, 0, 12, 3, 13, 0, 14, 0, 0, 0, 5, 3, 9, 0, 0, 14, 2, 0, 0, 0, 0, 10, 1, 3, 14, 23, 8, 0, 10, 0, 15, 2, 11, 1, 0, 0, : 1, 6, 3, 4, 3, 5, 1, 13, 22, 3, 2, 3, 7, 2, 4, 8, 5, 6, 12, 3, 15, 6, 12, 3, 13, 14, 5, 3, 9, 14, 2, 10, 1, 3, 14, 23, 8, 10, 15, 2, 11, 1, 
169: 0, 0, 0, 0, 0, 0, 3, 17, 0, 0, 1, 0, 5, 0, 0, 1, 0, 0, 0, 0, 0, 0, 0, 2, 2, 0, 0, 0, 0, 0, 6, 0, 0, 0, 10, 1, 6, 2, 1, 0, 0, 0, 0, 0, 20, 5, 10, 6, 0, 2, 0, 1, 0, 8, 2, 3, 0, 13, 16, 12, 0, 8, 0, 0, 18, 0, 0, 0, 4, 0, 0, 0, 6, 6, 0, 17, 0, 1, 0, 2, : 3, 17, 1, 5, 1, 2, 2, 6, 10, 1, 6, 2, 1, 20, 5, 10, 6, 2, 1, 8, 2, 3, 13, 16, 12, 8, 18, 4, 6, 6, 17, 1, 2, 
310: 0, 0, 2, 3, 16, 0, 0, 4, 5, 0, 0, 0, 1, 1, 17, 0, 0, 0, 0, 2, 0, 0, 0, 0, 0, 0, 0, 16, 0, 0, 1, 8, 17, 0, 0, 7, 3, 5, 1, 0, 0, 1, 4, 0, 4, 0, 5, 0, 0, 13, 0, 24, 0, 1, 0, 0, 0, 6, 0, 0, 0, 0, 0, 10, 17, 0, 1, 0, 0, 0, 10, 0, 0, 11, 7, 0, 0, 1, 0, 6, : 2, 3, 16, 4, 5, 1, 1, 17, 2, 16, 1, 8, 17, 7, 3, 5, 1, 1, 4, 4, 5, 13, 24, 1, 6, 10, 17, 1, 10, 11, 7, 1, 6, 
504: 8, 0, 0, 0, 0, 0, 5, 0, 0, 0, 2, 0, 0, 5, 0, 0, 8, 3, 3, 1, 0, 0, 4, 0, 20, 2, 8, 15, 0, 20, 0, 9, 5, 4, 0, 2, 1, 1, 5, 0, 0, 7, 0, 1, 1, 0, 0, 8, 0, 0, 1, 0, 9, 0, 0, 0, 18, 0, 3, 16, 0, 0, 1, 3, 0, 0, 0, 0, 0, 2, 0, 0, 3, 0, 4, 0, 5, 0, 0, 6, : 8, 5, 2, 5, 8, 3, 3, 1, 4, 20, 2, 8, 15, 20, 9, 5, 4, 2, 1, 1, 5, 7, 1, 1, 8, 1, 9, 18, 3, 16, 1, 3, 2, 3, 4, 5, 6, 
30: 0, 1, 4, 13, 2, 3, 0, 0, 0, 11, 0, 0, 0, 2, 0, 14, 0, 1, 4, 6, 12, 4, 0, 7, 0, 9, 0, 0, 0, 2, 9, 0, 2, 0, 1, 1, 4, 0, 5, 0, 2, 0, 3, 0, 8, 1, 0, 3, 0, 0, 0, 3, 1, 0, 0, 1, 2, 2, 18, 0, 2, 1, 0, 13, 0, 0, 0, 9, 11, 16, 1, 6, 1, 3, 0, 0, 13, 5, 0, 0, : 1, 4, 13, 2, 3, 11, 2, 14, 1, 4, 6, 12, 4, 7, 9, 2, 9, 2, 1, 1, 4, 5, 2, 3, 8, 1, 3, 3, 1, 1, 2, 2, 18, 2, 1, 13, 9, 11, 16, 1, 6, 1, 3, 13, 5, 
501: 12, 0, 1, 0, 2, 7, 0, 2, 3, 0, 0, 0, 6, 0, 15, 26, 0, 18, 0, 1, 5, 0, 0, 7, 2, 0, 8, 3, 1, 0, 0, 1, 4, 0, 19, 0, 0, 0, 0, 0, 0, 0, 1, 0, 0, 9, 0, 0, 1, 0, 0, 5, 0, 1, 0, 0, 0, 0, 6, 0, 0, 0, 2, 6, 1, 0, 0, 0, 0, 3, 1, 0, 1, 0, 13, 0, 0, 12, 0, 0, : 12, 1, 2, 7, 2, 3, 6, 15, 26, 18, 1, 5, 7, 2, 8, 3, 1, 1, 4, 19, 1, 9, 1, 5, 1, 6, 2, 6, 1, 3, 1, 1, 13, 12, 
645: 4, 0, 7, 0, 0, 7, 0, 0, 2, 4, 3, 0, 5, 1, 0, 0, 0, 0, 2, 7, 1, 7, 1, 3, 0, 0, 8, 0, 0, 12, 0, 0, 3, 0, 0, 7, 1, 3, 6, 3, 0, 0, 0, 0, 0, 0, 14, 0, 0, 0, 9, 0, 3, 1, 0, 0, 0, 0, 0, 9, 0, 3, 5, 5, 7, 0, 19, 23, 1, 6, 10, 2, 4, 1, 13, 0, 0, 0, 0, 0, : 4, 7, 7, 2, 4, 3, 5, 1, 2, 7, 1, 7, 1, 3, 8, 12, 3, 7, 1, 3, 6, 3, 14, 9, 3, 1, 9, 3, 5, 5, 7, 19, 23, 1, 6, 10, 2, 4, 1, 13, 
558: 1, 0, 4, 0, 2, 0, 6, 0, 12, 0, 0, 0, 0, 5, 0, 3, 0, 0, 0, 0, 17, 0, 6, 10, 10, 0, 0, 10, 0, 0, 8, 0, 1, 10, 14, 0, 0, 0, 1, 0, 1, 0, 0, 0, 0, 15, 0, 8, 0, 7, 11, 9, 12, 2, 0, 1, 0, 0, 0, 0, 0, 2, 0, 19, 0, 2, 0, 0, 0, 6, 0, 0, 0, 22, 2, 0, 5, 11, 0, 2, : 1, 4, 2, 6, 12, 5, 3, 17, 6, 10, 10, 10, 8, 1, 10, 14, 1, 1, 15, 8, 7, 11, 9, 12, 2, 1, 2, 19, 2, 6, 22, 2, 5, 11, 2, 
231: 0, 5, 9, 1, 9, 11, 4, 1, 12, 0, 4, 0, 1, 0, 3, 1, 0, 0, 0, 0, 0, 1, 12, 0, 1, 7, 3, 0, 0, 0, 1, 7, 0, 0, 0, 1, 7, 0, 0, 4, 0, 15, 1, 17, 1, 2, 1, 0, 2, 7, 4, 0, 2, 8, 16, 6, 0, 0, 0, 0, 7, 0, 7, 0, 0, 9, 8, 0, 1, 1, 0, 3, 5, 0, 4, 3, 0, 0, 14, 15, : 5, 9, 1, 9, 11, 4, 1, 12, 4, 1, 3, 1, 1, 12, 1, 7, 3, 1, 7, 1, 7, 4, 15, 1, 17, 1, 2, 1, 2, 7, 4, 2, 8, 16, 6, 7, 7, 9, 8, 1, 1, 3, 5, 4, 3, 14, 15, 
778: 0, 2, 0, 0, 0, 7, 24, 0, 0, 0, 0, 0, 0, 5, 1, 0, 0, 3, 1, 4, 3, 0, 0, 2, 0, 1, 2, 0, 0, 0, 0, 1, 7, 0, 0, 0, 7, 0, 0, 0, 0, 6, 0, 4, 11, 5, 0, 4, 8, 6, 2, 3, 2, 0, 0, 6, 0, 0, 1, 1, 0, 2, 1, 0, 0, 2, 2, 0, 0, 0, 0, 0, 0, 2, 0, 12, 0, 2, 4, 0, : 2, 7, 24, 5, 1, 3, 1, 4, 3, 2, 1, 2, 1, 7, 7, 6, 4, 11, 5, 4, 8, 6, 2, 3, 2, 6, 1, 1, 2, 1, 2, 2, 2, 12, 2, 4, 
27: 0, 0, 0, 0, 0, 0, 15, 0, 0, 0, 0, 0, 0, 0, 0, 22, 18, 4, 0, 1, 0, 13, 4, 0, 1, 0, 0, 0, 11, 0, 0, 0, 4, 6, 8, 0, 0, 0, 2, 0, 6, 7, 15, 0, 3, 0, 0, 0, 3, 2, 4, 1, 1, 0, 0, 3, 10, 0, 9, 1, 0, 1, 0, 0, 0, 0, 0, 0, 4, 0, 0, 0, 0, 0, 2, 0, 10, 3, 0, 0, : 15, 22, 18, 4, 1, 13, 4, 1, 11, 4, 6, 8, 2, 6, 7, 15, 3, 3, 2, 4, 1, 1, 3, 10, 9, 1, 1, 4, 2, 10, 3, 
105: 0, 0, 0, 0, 9, 11, 7, 1, 0, 22, 4, 0, 0, 9, 0, 0, 0, 0, 5, 0, 22, 18, 6, 0, 0, 1, 15, 0, 8, 0, 3, 0, 4, 14, 0, 10, 0, 7, 0, 3, 0, 0, 0, 0, 0, 0, 0, 0, 0, 0, 1, 0, 0, 2, 0, 0, 0, 6, 0, 0, 0, 0, 0, 0, 9, 8, 0, 0, 0, 0, 8, 0, 0, 0, 0, 1, 3, 0, 4, 0, : 9, 11, 7, 1, 22, 4, 9, 5, 22, 18, 6, 1, 15, 8, 3, 4, 14, 10, 7, 3, 1, 2, 6, 9, 8, 8, 1, 3, 4, 
675: 0, 11, 0, 3, 15, 0, 0, 2, 0, 0, 1, 0, 0, 0, 0, 1, 1, 6, 0, 0, 0, 0, 0, 0, 0, 4, 0, 0, 0, 0, 8, 0, 0, 0, 8, 1, 0, 0, 5, 10, 0, 0, 0, 4, 0, 0, 14, 2, 0, 7, 3, 0, 25, 0, 1, 0, 3, 0, 0, 0, 0, 8, 16, 0, 6, 0, 4, 0, 3, 0, 3, 0, 5, 12, 10, 0, 4, 5, 8, 5, : 11, 3, 15, 2, 1, 1, 1, 6, 4, 8, 8, 1, 5, 10, 4, 14, 2, 7, 3, 25, 1, 3, 8, 16, 6, 4, 3, 3, 5, 12, 10, 4, 5, 8, 5, 
540: 0, 0, 1, 3, 0, 0, 0, 12, 0, 3, 2, 22, 11, 0, 0, 0, 20, 3, 0, 0, 0, 0, 19, 0, 0, 0, 3, 0, 0, 8, 0, 0, 1, 14, 0, 2, 0, 0, 0, 24, 0, 0, 2, 0, 0, 0, 1, 0, 0, 15, 0, 2, 1, 1, 3, 3, 1, 0, 0, 0, 0, 0, 0, 0, 7, 0, 0, 0, 4, 1, 8, 13, 0, 0, 4, 0, 1, 2, 0, 0, : 1, 3, 12, 3, 2, 22, 11, 20, 3, 19, 3, 8, 1, 14, 2, 24, 2, 1, 15, 2, 1, 1, 3, 3, 1, 7, 4, 1, 8, 13, 4, 1, 2, 
415: 2, 1, 0, 0, 3, 6, 0, 0, 21, 0, 5, 0, 3, 10, 0, 17, 2, 0, 2, 2, 0, 0, 0, 0, 1, 0, 0, 1, 0, 7, 0, 0, 0, 0, 5, 5, 13, 0, 1, 0, 22, 9, 0, 0, 0, 11, 2, 8, 0, 0, 2, 3, 0, 15, 1, 0, 4, 0, 9, 20, 1, 0, 0, 6, 5, 14, 1, 0, 0, 0, 6, 0, 7, 2, 0, 16, 0, 3, 0, 0, : 2, 1, 3, 6, 21, 5, 3, 10, 17, 2, 2, 2, 1, 1, 7, 5, 5, 13, 1, 22, 9, 11, 2, 8, 2, 3, 15, 1, 4, 9, 20, 1, 6, 5, 14, 1, 6, 7, 2, 16, 3, 
730: 0, 0, 14, 0, 0, 0, 0, 0, 7, 17, 0, 6, 1, 2, 0, 0, 0, 0, 6, 7, 10, 0, 3, 7, 0, 0, 4, 0, 0, 0, 0, 0, 2, 1, 4, 9, 2, 0, 6, 0, 7, 0, 3, 1, 0, 19, 2, 7, 0, 3, 3, 0, 3, 0, 1, 12, 0, 1, 0, 0, 0, 22, 0, 0, 9, 0, 3, 0, 0, 2, 0, 7, 0, 0, 0, 0, 18, 0, 0, 5, : 14, 7, 17, 6, 1, 2, 6, 7, 10, 3, 7, 4, 2, 1, 4, 9, 2, 6, 7, 3, 1, 19, 2, 7, 3, 3, 3, 1, 12, 1, 22, 9, 3, 2, 7, 18, 5, 
226: 10, 20, 1, 1, 4, 6, 0, 0, 11, 0, 2, 23, 0, 3, 0, 0, 0, 0, 0, 5, 0, 0, 12, 0, 1, 7, 8, 16, 10, 1, 8, 0, 0, 4, 8, 2, 6, 14, 2, 0, 0, 0, 1, 0, 1, 0, 0, 8, 1, 0, 3, 0, 0, 7, 0, 0, 0, 15, 0, 1, 0, 26, 0, 4, 0, 5, 14, 0, 1, 0, 0, 0, 0, 0, 0, 3, 0, 2, 0, 0, : 10, 20, 1, 1, 4, 6, 11, 2, 23, 3, 5, 12, 1, 7, 8, 16, 10, 1, 8, 4, 8, 2, 6, 14, 2, 1, 1, 8, 1, 3, 7, 15, 1, 26, 4, 5, 14, 1, 3, 2, 
677: 0, 4, 13, 0, 4, 0, 10, 4, 0, 0, 0, 6, 6, 1, 1, 0, 11, 2, 0, 0, 0, 7, 2, 6, 0, 0, 0, 10, 2, 3, 3, 3, 4, 13, 0, 2, 4, 0, 9, 12, 12, 0, 10, 6, 9, 0, 0, 3, 0, 0, 0, 0, 0, 11, 0, 0, 2, 10, 0, 6, 0, 4, 0, 7, 0, 27, 17, 0, 5, 6, 5, 7, 0, 5, 4, 0, 0, 0, 7, 0, : 4, 13, 4, 10, 4, 6, 6, 1, 1, 11, 2, 7, 2, 6, 10, 2, 3, 3, 3, 4, 13, 2, 4, 9, 12, 12, 10, 6, 9, 3, 11, 2, 10, 6, 4, 7, 27, 17, 5, 6, 5, 7, 5, 4, 7, 
59: 6, 0, 0, 0, 1, 0, 0, 0, 0, 3, 0, 0, 6, 4, 0, 0, 0, 6, 3, 9, 0, 9, 0, 9, 7, 0, 4, 0, 4, 15, 8, 9, 6, 0, 5, 1, 2, 0, 0, 0, 24, 3, 0, 18, 0, 13, 6, 0, 0, 4, 1, 18, 6, 0, 2, 8, 0, 2, 17, 0, 6, 0, 22, 0, 4, 0, 2, 11, 0, 0, 2, 0, 0, 3, 0, 9, 6, 8, 0, 0, : 6, 1, 3, 6, 4, 6, 3, 9, 9, 9, 7, 4, 4, 15, 8, 9, 6, 5, 1, 2, 24, 3, 18, 13, 6, 4, 1, 18, 6, 2, 8, 2, 17, 6, 22, 4, 2, 11, 2, 3, 9, 6, 8, 
320: 2, 1, 3, 0, 0, 1, 0, 5, 0, 2, 9, 0, 0, 0, 10, 0, 0, 0, 5, 3, 4, 0, 0, 0, 11, 0, 0, 0, 0, 0, 12, 4, 10, 0, 6, 3, 4, 5, 3, 0, 2, 0, 0, 0, 0, 23, 0, 0, 0, 2, 2, 1, 8, 14, 6, 6, 2, 0, 0, 0, 9, 1, 0, 11, 0, 0, 4, 2, 0, 0, 22, 2, 0, 4, 1, 0, 0, 1, 14, 0, : 2, 1, 3, 1, 5, 2, 9, 10, 5, 3, 4, 11, 12, 4, 10, 6, 3, 4, 5, 3, 2, 23, 2, 2, 1, 8, 14, 6, 6, 2, 9, 1, 11, 4, 2, 22, 2, 4, 1, 1, 14, 
86: 0, 0, 9, 0, 0, 0, 0, 7, 0, 0, 2, 0, 1, 10, 0, 0, 8, 1, 0, 17, 2, 0, 0, 5, 0, 0, 0, 0, 0, 0, 0, 0, 0, 0, 0, 0, 0, 1, 0, 0, 1, 0, 13, 0, 1, 0, 1, 0, 0, 0, 3, 0, 0, 2, 0, 3, 4, 0, 0, 0, 21, 14, 0, 3, 0, 4, 8, 1, 0, 5, 2, 0, 4, 0, 1, 5, 1, 0, 6, 22, : 9, 7, 2, 1, 10, 8, 1, 17, 2, 5, 1, 1, 13, 1, 1, 3, 2, 3, 4, 21, 14, 3, 4, 8, 1, 5, 2, 4, 1, 5, 1, 6, 22, 
687: 0, 24, 22, 0, 10, 2, 5, 1, 0, 0, 14, 0, 9, 1, 13, 4, 0, 0, 0, 25, 4, 0, 2, 13, 5, 24, 8, 0, 0, 24, 0, 0, 3, 12, 6, 3, 20, 7, 1, 0, 0, 1, 3, 2, 0, 0, 0, 7, 25, 2, 4, 0, 2, 2, 0, 0, 0, 0, 0, 2, 0, 0, 0, 0, 11, 2, 3, 0, 1, 4, 8, 0, 21, 3, 1, 0, 4, 1, 0, 24, : 24, 22, 10, 2, 5, 1, 14, 9, 1, 13, 4, 25, 4, 2, 13, 5, 24, 8, 24, 3, 12, 6, 3, 20, 7, 1, 1, 3, 2, 7, 25, 2, 4, 2, 2, 2, 11, 2, 3, 1, 4, 8, 21, 3, 1, 4, 1, 24, 
567: 0, 13, 7, 18, 0, 5, 4, 6, 0, 12, 0, 0, 0, 7, 0, 0, 2, 0, 5, 0, 1, 0, 0, 0, 7, 0, 2, 5, 0, 1, 0, 1, 1, 0, 0, 2, 0, 15, 1, 0, 0, 5, 0, 0, 0, 0, 0, 0, 0, 6, 0, 0, 0, 3, 0, 1, 11, 17, 0, 0, 3, 4, 12, 3, 0, 8, 0, 0, 1, 9, 0, 0, 11, 0, 0, 26, 5, 0, 0, 5, : 13, 7, 18, 5, 4, 6, 12, 7, 2, 5, 1, 7, 2, 5, 1, 1, 1, 2, 15, 1, 5, 6, 3, 1, 11, 17, 3, 4, 12, 3, 8, 1, 9, 11, 26, 5, 5, 


414: 0, 1, 4, 0, 1, 0, 4, 0, 1, 0, 6, 0, 0, 2, 0, 0, 0, 0, 0, 0, 0, 0, 0, 0, 2, 7, 0, 0, 2, 0, 0, 0, 9, 0, 0, 0, 0, 0, 0, 0, 19, 0, 13, 0, 10, 0, 2, 0, 0, 16, 5, 22, 1, 0, 0, 1, 0, 2, 2, 0, 0, 16, 13, 0, 1, 0, 0, 0, 5, 1, 1, 2, 0, 3, 0, 0, 16, 0, 11, 3, : 1, 4, 1, 4, 1, 6, 2, 2, 7, 2, 9, 19, 13, 10, 2, 16, 5, 22, 1, 1, 2, 2, 16, 13, 1, 5, 1, 1, 2, 3, 16, 11, 3, 
358: 3, 9, 0, 0, 23, 10, 1, 0, 0, 0, 0, 0, 1, 7, 0, 0, 1, 15, 0, 4, 0, 11, 0, 0, 0, 9, 0, 2, 7, 6, 0, 0, 0, 3, 15, 0, 0, 11, 12, 0, 0, 0, 2, 0, 1, 6, 0, 3, 5, 0, 0, 1, 0, 0, 0, 7, 1, 0, 0, 3, 2, 0, 6, 13, 0, 14, 0, 1, 0, 2, 1, 0, 5, 0, 0, 0, 7, 4, 17, 0, : 3, 9, 23, 10, 1, 1, 7, 1, 15, 4, 11, 9, 2, 7, 6, 3, 15, 11, 12, 2, 1, 6, 3, 5, 1, 7, 1, 3, 2, 6, 13, 14, 1, 2, 1, 5, 7, 4, 17, 
711: 0, 2, 4, 8, 11, 8, 1, 0, 9, 0, 0, 11, 0, 0, 4, 0, 0, 0, 0, 1, 11, 10, 5, 4, 6, 17, 0, 0, 0, 0, 8, 1, 0, 0, 0, 0, 0, 0, 0, 0, 11, 1, 6, 11, 1, 0, 8, 8, 16, 0, 0, 2, 0, 0, 8, 3, 28, 0, 0, 0, 0, 1, 0, 7, 0, 0, 6, 4, 2, 2, 0, 10, 10, 5, 15, 4, 0, 3, 3, 6, : 2, 4, 8, 11, 8, 1, 9, 11, 4, 1, 11, 10, 5, 4, 6, 17, 8, 1, 11, 1, 6, 11, 1, 8, 8, 16, 2, 8, 3, 28, 1, 7, 6, 4, 2, 2, 10, 10, 5, 15, 4, 3, 3, 6, 
508: 0, 11, 1, 0, 7, 6, 0, 10, 5, 13, 3, 10, 8, 1, 1, 0, 4, 0, 0, 0, 16, 0, 11, 16, 1, 1, 0, 4, 3, 0, 3, 1, 0, 2, 7, 0, 6, 0, 0, 0, 5, 4, 3, 2, 0, 0, 0, 0, 13, 0, 6, 0, 0, 0, 4, 9, 0, 4, 4, 15, 8, 0, 0, 12, 0, 1, 0, 11, 2, 1, 10, 0, 6, 0, 6, 9, 1, 1, 1, 7, : 11, 1, 7, 6, 10, 5, 13, 3, 10, 8, 1, 1, 4, 16, 11, 16, 1, 1, 4, 3, 3, 1, 2, 7, 6, 5, 4, 3, 2, 13, 6, 4, 9, 4, 4, 15, 8, 12, 1, 11, 2, 1, 10, 6, 6, 9, 1, 1, 1, 7, 
5: 0, 0, 3, 0, 0, 0, 8, 0, 8, 2, 3, 0, 15, 0, 2, 2, 0, 0, 1, 0, 0, 0, 0, 2, 4, 9, 13, 0, 3, 13, 0, 1, 1, 0, 0, 0, 5, 0, 0, 9, 0, 2, 1, 1, 7, 1, 0, 4, 5, 0, 0, 6, 0, 0, 11, 0, 2, 11, 0, 7, 1, 0, 0, 14, 0, 12, 0, 0, 1, 0, 3, 0, 4, 10, 0, 0, 3, 0, 3, 0, : 3, 8, 8, 2, 3, 15, 2, 2, 1, 2, 4, 9, 13, 3, 13, 1, 1, 5, 9, 2, 1, 1, 7, 1, 4, 5, 6, 11, 2, 11, 7, 1, 14, 12, 1, 3, 4, 10, 3, 3, 
7: 0, 1, 6, 0, 0, 6, 19, 8, 0, 8, 2, 0, 4, 2, 0, 7, 6, 0, 0, 7, 2, 0, 0, 1, 16, 0, 6, 8, 0, 4, 0, 0, 6, 0, 0, 0, 0, 7, 0, 0, 0, 2, 4, 20, 13, 1, 0, 2, 21, 13, 0, 0, 0, 15, 4, 15, 0, 4, 24, 2, 0, 3, 0, 0, 0, 4, 0, 0, 0, 0, 0, 1, 0, 0, 3, 0, 0, 0, 7, 7, : 1, 6, 6, 19, 8, 8, 2, 4, 2, 7, 6, 7, 2, 1, 16, 6, 8, 4, 6, 7, 2, 4, 20, 13, 1, 2, 21, 13, 15, 4, 15, 4, 24, 2, 3, 4, 1, 3, 7, 7, 
702: 7, 1, 12, 0, 4, 0, 2, 9, 13, 6, 8, 0, 0, 0, 1, 4, 3, 0, 0, 0, 0, 0, 0, 1, 4, 7, 1, 0, 1, 3, 0, 9, 0, 4, 0, 0, 1, 0, 14, 0, 21, 0, 3, 0, 0, 1, 0, 0, 0, 0, 7, 0, 0, 5, 16, 0, 0, 23, 9, 0, 7, 5, 3, 0, 0, 5, 0, 6, 6, 3, 3, 11, 4, 8, 0, 1, 10, 0, 0, 4, : 7, 1, 12, 4, 2, 9, 13, 6, 8, 1, 4, 3, 1, 4, 7, 1, 1, 3, 9, 4, 1, 14, 21, 3, 1, 7, 5, 16, 23, 9, 7, 5, 3, 5, 6, 6, 3, 3, 11, 4, 8, 1, 10, 4, 
724: 1, 5, 0, 0, 3, 0, 10, 0, 0, 5, 0, 8, 3, 1, 0, 0, 6, 4, 0, 5, 11, 0, 0, 0, 0, 2, 3, 2, 6, 5, 0, 11, 0, 9, 0, 14, 0, 0, 0, 0, 0, 2, 0, 2, 0, 13, 0, 6, 7, 1, 2, 0, 7, 8, 4, 26, 2, 1, 0, 0, 3, 0, 0, 8, 0, 0, 5, 0, 5, 0, 5, 0, 1, 5, 3, 2, 5, 23, 0, 0, : 1, 5, 3, 10, 5, 8, 3, 1, 6, 4, 5, 11, 2, 3, 2, 6, 5, 11, 9, 14, 2, 2, 13, 6, 7, 1, 2, 7, 8, 4, 26, 2, 1, 3, 8, 5, 5, 5, 1, 5, 3, 2, 5, 23, 
136: 0, 0, 11, 10, 0, 0, 1, 0, 0, 3, 10, 0, 2, 1, 0, 7, 0, 0, 10, 6, 0, 0, 0, 0, 3, 1, 0, 0, 6, 8, 3, 1, 5, 3, 0, 0, 0, 0, 2, 11, 0, 0, 1, 0, 16, 0, 2, 9, 3, 0, 0, 0, 7, 0, 0, 0, 0, 0, 0, 1, 0, 0, 0, 0, 5, 0, 0, 11, 0, 2, 2, 0, 0, 0, 1, 3, 1, 0, 0, 0, : 11, 10, 1, 3, 10, 2, 1, 7, 10, 6, 3, 1, 6, 8, 3, 1, 5, 3, 2, 11, 1, 16, 2, 9, 3, 7, 1, 5, 11, 2, 2, 1, 3, 1, 
309: 0, 4, 4, 4, 8, 0, 0, 0, 5, 0, 0, 0, 1, 0, 0, 0, 0, 2, 0, 0, 0, 0, 0, 0, 0, 1, 1, 0, 3, 0, 0, 5, 1, 0, 9, 20, 0, 0, 6, 1, 3, 10, 0, 0, 2, 2, 2, 0, 0, 0, 0, 0, 2, 0, 1, 0, 0, 8, 4, 1, 2, 0, 0, 2, 0, 6, 11, 1, 6, 4, 0, 0, 21, 0, 0, 5, 12, 0, 0, 0, : 4, 4, 4, 8, 5, 1, 2, 1, 1, 3, 5, 1, 9, 20, 6, 1, 3, 10, 2, 2, 2, 2, 1, 8, 4, 1, 2, 2, 6, 11, 1, 6, 4, 21, 5, 12, 
325: 18, 3, 0, 0, 0, 0, 0, 0, 7, 9, 0, 5, 14, 0, 2, 0, 0, 0, 0, 0, 14, 2, 0, 1, 0, 2, 4, 12, 0, 8, 0, 0, 0, 1, 0, 0, 0, 2, 4, 0, 8, 2, 7, 1, 1, 1, 0, 0, 0, 0, 2, 1, 0, 0, 0, 7, 0, 0, 7, 8, 0, 0, 0, 7, 14, 3, 3, 0, 0, 6, 0, 1, 4, 0, 6, 0, 0, 11, 2, 0, : 18, 3, 7, 9, 5, 14, 2, 14, 2, 1, 2, 4, 12, 8, 1, 2, 4, 8, 2, 7, 1, 1, 1, 2, 1, 7, 7, 8, 7, 14, 3, 3, 6, 1, 4, 6, 11, 2, 
712: 0, 0, 7, 0, 0, 0, 8, 2, 0, 7, 7, 0, 0, 7, 0, 3, 8, 2, 0, 0, 0, 0, 0, 3, 1, 3, 0, 21, 9, 0, 20, 5, 11, 6, 2, 0, 7, 0, 5, 7, 11, 1, 0, 0, 0, 1, 14, 1, 0, 0, 22, 1, 12, 0, 6, 17, 1, 0, 0, 0, 0, 0, 0, 2, 0, 9, 15, 0, 2, 1, 0, 12, 0, 0, 0, 0, 0, 8, 0, 2, : 7, 8, 2, 7, 7, 7, 3, 8, 2, 3, 1, 3, 21, 9, 20, 5, 11, 6, 2, 7, 5, 7, 11, 1, 1, 14, 1, 22, 1, 12, 6, 17, 1, 2, 9, 15, 2, 1, 12, 8, 2, 
424: 0, 0, 0, 0, 0, 0, 1, 0, 1, 0, 3, 0, 0, 0, 1, 8, 1, 0, 2, 5, 6, 1, 0, 3, 2, 1, 3, 17, 26, 7, 0, 0, 2, 10, 6, 0, 0, 13, 0, 0, 4, 5, 0, 0, 1, 1, 3, 0, 3, 0, 1, 2, 4, 2, 1, 0, 0, 0, 12, 0, 4, 19, 0, 0, 5, 1, 4, 0, 2, 0, 3, 1, 2, 0, 4, 0, 0, 0, 11, 0, : 1, 1, 3, 1, 8, 1, 2, 5, 6, 1, 3, 2, 1, 3, 17, 26, 7, 2, 10, 6, 13, 4, 5, 1, 1, 3, 3, 1, 2, 4, 2, 1, 12, 4, 19, 5, 1, 4, 2, 3, 1, 2, 4, 11, 
484: 0, 0, 1, 5, 6, 5, 11, 0, 0, 0, 10, 0, 0, 9, 0, 0, 0, 0, 6, 0, 0, 3, 0, 4, 0, 9, 1, 0, 1, 0, 2, 0, 3, 16, 0, 4, 0, 0, 6, 0, 1, 0, 9, 0, 0, 0, 0, 0, 0, 0, 14, 1, 1, 5, 15, 0, 8, 0, 0, 0, 5, 3, 0, 0, 21, 0, 17, 0, 6, 6, 1, 2, 22, 0, 4, 0, 0, 6, 0, 0, : 1, 5, 6, 5, 11, 10, 9, 6, 3, 4, 9, 1, 1, 2, 3, 16, 4, 6, 1, 9, 14, 1, 1, 5, 15, 8, 5, 3, 21, 17, 6, 6, 1, 2, 22, 4, 6, 
633: 0, 0, 8, 0, 2, 0, 0, 13, 0, 0, 6, 12, 0, 4, 24, 1, 0, 0, 2, 9, 0, 17, 0, 0, 3, 3, 0, 0, 1, 0, 0, 0, 2, 0, 8, 1, 0, 1, 4, 0, 0, 1, 0, 12, 3, 0, 2, 0, 3, 3, 7, 0, 10, 0, 0, 0, 0, 0, 0, 0, 0, 3, 0, 0, 0, 0, 5, 14, 14, 8, 0, 0, 2, 1, 0, 9, 0, 0, 0, 0, : 8, 2, 13, 6, 12, 4, 24, 1, 2, 9, 17, 3, 3, 1, 2, 8, 1, 1, 4, 1, 12, 3, 2, 3, 3, 7, 10, 3, 5, 14, 14, 8, 2, 1, 9, 
257: 0, 3, 2, 0, 7, 0, 2, 12, 0, 0, 0, 9, 19, 2, 0, 1, 2, 0, 0, 0, 0, 0, 4, 1, 0, 10, 0, 0, 0, 2, 15, 9, 0, 5, 0, 0, 0, 9, 0, 10, 3, 1, 8, 22, 1, 0, 22, 0, 0, 2, 0, 0, 0, 0, 0, 0, 0, 0, 0, 0, 0, 12, 0, 0, 0, 0, 2, 1, 1, 20, 16, 1, 0, 1, 2, 4, 4, 0, 4, 0, : 3, 2, 7, 2, 12, 9, 19, 2, 1, 2, 4, 1, 10, 2, 15, 9, 5, 9, 10, 3, 1, 8, 22, 1, 22, 2, 12, 2, 1, 1, 20, 16, 1, 1, 2, 4, 4, 4, 
426: 0, 1, 4, 0, 0, 12, 0, 1, 2, 6, 4, 2, 0, 7, 0, 2, 13, 15, 0, 4, 4, 0, 0, 0, 3, 0, 0, 0, 3, 5, 0, 5, 0, 0, 6, 6, 6, 22, 0, 0, 0, 2, 3, 0, 14, 2, 0, 7, 3, 6, 2, 3, 4, 0, 0, 0, 3, 5, 0, 6, 0, 0, 3, 0, 0, 1, 0, 0, 0, 22, 0, 0, 0, 2, 14, 0, 5, 0, 2, 13, : 1, 4, 12, 1, 2, 6, 4, 2, 7, 2, 13, 15, 4, 4, 3, 3, 5, 5, 6, 6, 6, 22, 2, 3, 14, 2, 7, 3, 6, 2, 3, 4, 3, 5, 6, 3, 1, 22, 2, 14, 5, 2, 13, 
515: 0, 0, 0, 19, 3, 1, 0, 0, 3, 6, 0, 19, 2, 9, 1, 4, 0, 0, 4, 0, 6, 2, 0, 5, 1, 0, 2, 0, 0, 2, 10, 1, 0, 0, 0, 0, 18, 0, 0, 0, 0, 13, 2, 1, 0, 0, 13, 0, 0, 0, 0, 5, 1, 8, 1, 0, 1, 7, 0, 4, 0, 0, 0, 0, 0, 0, 3, 0, 4, 3, 0, 0, 0, 0, 0, 0, 0, 9, 0, 0, : 19, 3, 1, 3, 6, 19, 2, 9, 1, 4, 4, 6, 2, 5, 1, 2, 2, 10, 1, 18, 13, 2, 1, 13, 5, 1, 8, 1, 1, 7, 4, 3, 4, 3, 9, 
129: 0, 0, 12, 8, 4, 6, 0, 4, 5, 7, 3, 0, 0, 0, 2, 3, 3, 0, 25, 16, 0, 3, 8, 0, 0, 2, 0, 12, 0, 2, 7, 8, 2, 11, 0, 6, 0, 0, 0, 0, 2, 0, 0, 20, 14, 0, 6, 15, 0, 14, 5, 7, 5, 26, 1, 0, 1, 3, 1, 0, 0, 7, 0, 0, 17, 0, 0, 0, 0, 1, 4, 0, 0, 3, 0, 0, 3, 0, 10, 1, : 12, 8, 4, 6, 4, 5, 7, 3, 2, 3, 3, 25, 16, 3, 8, 2, 12, 2, 7, 8, 2, 11, 6, 2, 20, 14, 6, 15, 14, 5, 7, 5, 26, 1, 1, 3, 1, 7, 17, 1, 4, 3, 3, 10, 1, 
96: 2, 9, 1, 8, 4, 0, 2, 10, 0, 2, 0, 0, 0, 0, 0, 5, 3, 8, 0, 0, 0, 0, 9, 0, 3, 0, 4, 0, 7, 5, 13, 15, 0, 0, 0, 1, 4, 0, 0, 0, 10, 1, 0, 0, 0, 0, 0, 0, 0, 0, 5, 10, 2, 0, 0, 9, 1, 0, 0, 9, 6, 0, 8, 6, 0, 0, 4, 0, 0, 4, 11, 0, 0, 18, 1, 0, 0, 0, 0, 0, : 2, 9, 1, 8, 4, 2, 10, 2, 5, 3, 8, 9, 3, 4, 7, 5, 13, 15, 1, 4, 10, 1, 5, 10, 2, 9, 1, 9, 6, 8, 6, 4, 4, 11, 18, 1, 
99: 0, 0, 0, 23, 13, 27, 0, 14, 0, 1, 1, 1, 2, 7, 7, 0, 0, 0, 11, 0, 0, 0, 5, 0, 4, 3, 17, 7, 0, 2, 0, 0, 0, 0, 10, 0, 13, 2, 0, 0, 2, 0, 8, 2, 0, 18, 1, 0, 0, 0, 2, 1, 4, 14, 0, 0, 7, 0, 0, 7, 5, 0, 0, 0, 0, 6, 0, 24, 2, 0, 0, 13, 0, 7, 0, 0, 1, 7, 2, 19, : 23, 13, 27, 14, 1, 1, 1, 2, 7, 7, 11, 5, 4, 3, 17, 7, 2, 10, 13, 2, 2, 8, 2, 18, 1, 2, 1, 4, 14, 7, 7, 5, 6, 24, 2, 13, 7, 1, 7, 2, 19, 
753: 0, 0, 1, 0, 0, 3, 1, 2, 9, 4, 6, 19, 2, 0, 13, 7, 0, 10, 0, 0, 11, 0, 5, 0, 8, 0, 0, 0, 0, 6, 0, 0, 0, 2, 5, 3, 0, 0, 0, 9, 0, 2, 0, 0, 0, 0, 0, 0, 10, 0, 2, 5, 2, 0, 2, 0, 2, 2, 0, 6, 9, 1, 2, 0, 0, 0, 0, 0, 0, 4, 2, 10, 2, 0, 0, 13, 0, 0, 3, 3, : 1, 3, 1, 2, 9, 4, 6, 19, 2, 13, 7, 10, 11, 5, 8, 6, 2, 5, 3, 9, 2, 10, 2, 5, 2, 2, 2, 2, 6, 9, 1, 2, 4, 2, 10, 2, 13, 3, 3, 
642: 5, 10, 0, 0, 0, 4, 0, 1, 1, 0, 16, 0, 0, 0, 2, 17, 9, 3, 1, 7, 0, 0, 0, 5, 5, 1, 1, 1, 3, 0, 10, 8, 3, 2, 0, 7, 9, 0, 0, 0, 0, 2, 2, 0, 11, 2, 0, 0, 0, 1, 0, 0, 2, 15, 1, 0, 0, 17, 0, 11, 1, 14, 16, 13, 0, 0, 1, 0, 1, 0, 1, 6, 0, 1, 0, 8, 1, 1, 0, 6, : 5, 10, 4, 1, 1, 16, 2, 17, 9, 3, 1, 7, 5, 5, 1, 1, 1, 3, 10, 8, 3, 2, 7, 9, 2, 2, 11, 2, 1, 2, 15, 1, 17, 11, 1, 14, 16, 13, 1, 1, 1, 6, 1, 8, 1, 1, 6, 
460: 15, 0, 0, 0, 0, 0, 0, 0, 0, 2, 0, 0, 12, 2, 1, 6, 4, 2, 3, 0, 0, 6, 1, 0, 0, 0, 4, 0, 2, 0, 4, 2, 5, 0, 1, 1, 0, 0, 0, 0, 1, 0, 0, 0, 0, 0, 11, 13, 4, 0, 7, 0, 0, 0, 8, 0, 13, 0, 1, 0, 9, 15, 12, 0, 9, 0, 20, 0, 1, 4, 0, 0, 6, 0, 0, 0, 0, 0, 0, 1, : 15, 2, 12, 2, 1, 6, 4, 2, 3, 6, 1, 4, 2, 4, 2, 5, 1, 1, 1, 11, 13, 4, 7, 8, 13, 1, 9, 15, 12, 9, 20, 1, 4, 6, 1, 
107: 0, 12, 0, 0, 0, 0, 6, 13, 8, 0, 4, 0, 11, 2, 2, 0, 0, 0, 0, 0, 1, 9, 14, 9, 12, 1, 8, 0, 0, 0, 2, 1, 5, 10, 0, 0, 5, 1, 2, 16, 2, 2, 5, 8, 0, 14, 2, 10, 4, 0, 0, 13, 3, 0, 0, 0, 0, 0, 6, 0, 0, 4, 0, 0, 0, 0, 0, 0, 2, 1, 0, 11, 0, 2, 18, 0, 8, 14, 0, 0, : 12, 6, 13, 8, 4, 11, 2, 2, 1, 9, 14, 9, 12, 1, 8, 2, 1, 5, 10, 5, 1, 2, 16, 2, 2, 5, 8, 14, 2, 10, 4, 13, 3, 6, 4, 2, 1, 11, 2, 18, 8, 14, 
644: 0, 5, 0, 0, 0, 0, 0, 0, 0, 0, 1, 0, 0, 2, 6, 0, 3, 0, 0, 16, 7, 13, 0, 1, 1, 1, 0, 0, 6, 1, 0, 7, 5, 3, 0, 0, 0, 0, 0, 0, 1, 17, 0, 0, 0, 0, 2, 5, 0, 0, 0, 4, 1, 0, 0, 0, 1, 3, 4, 2, 3, 2, 7, 0, 0, 8, 1, 0, 1, 1, 2, 0, 3, 0, 0, 9, 6, 0, 0, 2, : 5, 1, 2, 6, 3, 16, 7, 13, 1, 1, 1, 6, 1, 7, 5, 3, 1, 17, 2, 5, 4, 1, 1, 3, 4, 2, 3, 2, 7, 8, 1, 1, 1, 2, 3, 9, 6, 2, 
137: 10, 0, 0, 0, 0, 0, 0, 0, 0, 0, 0, 0, 8, 0, 18, 11, 0, 7, 23, 7, 0, 3, 0, 2, 12, 3, 6, 1, 5, 3, 0, 3, 3, 4, 3, 11, 15, 14, 5, 5, 0, 0, 1, 6, 0, 0, 1, 0, 0, 8, 0, 1, 7, 0, 9, 3, 13, 3, 2, 1, 0, 1, 1, 0, 0, 0, 0, 0, 9, 4, 0, 1, 0, 2, 0, 6, 6, 1, 0, 0, : 10, 8, 18, 11, 7, 23, 7, 3, 2, 12, 3, 6, 1, 5, 3, 3, 3, 4, 3, 11, 15, 14, 5, 5, 1, 6, 1, 8, 1, 7, 9, 3, 13, 3, 2, 1, 1, 1, 9, 4, 1, 2, 6, 6, 1, 
364: 7, 0, 0, 6, 0, 0, 1, 1, 0, 0, 3, 0, 5, 8, 0, 0, 3, 4, 9, 0, 8, 1, 0, 20, 0, 0, 0, 1, 6, 3, 0, 0, 7, 0, 28, 0, 0, 0, 0, 0, 0, 0, 2, 0, 0, 0, 0, 0, 0, 16, 5, 2, 0, 0, 6, 0, 0, 0, 0, 0, 0, 0, 0, 0, 0, 0, 4, 0, 0, 0, 2, 0, 0, 3, 0, 0, 8, 0, 11, 11, : 7, 6, 1, 1, 3, 5, 8, 3, 4, 9, 8, 1, 20, 1, 6, 3, 7, 28, 2, 16, 5, 2, 6, 4, 2, 3, 8, 11, 11, 
463: 6, 10, 1, 0, 5, 20, 0, 2, 13, 0, 0, 0, 0, 0, 7, 0, 21, 16, 0, 4, 0, 0, 0, 8, 0, 5, 0, 0, 5, 11, 0, 1, 10, 2, 11, 0, 1, 0, 17, 0, 0, 6, 0, 0, 0, 1, 7, 1, 4, 4, 0, 12, 18, 2, 0, 10, 4, 9, 0, 0, 22, 0, 0, 0, 0, 0, 0, 0, 2, 6, 2, 5, 1, 0, 7, 0, 2, 6, 0, 2, : 6, 10, 1, 5, 20, 2, 13, 7, 21, 16, 4, 8, 5, 5, 11, 1, 10, 2, 11, 1, 17, 6, 1, 7, 1, 4, 4, 12, 18, 2, 10, 4, 9, 22, 2, 6, 2, 5, 1, 7, 2, 6, 2, 
399: 11, 13, 1, 2, 8, 0, 0, 13, 0, 2, 1, 0, 1, 0, 0, 7, 1, 0, 1, 0, 0, 0, 2, 0, 12, 1, 6, 0, 1, 1, 0, 1, 1, 0, 0, 1, 0, 0, 1, 18, 0, 0, 0, 0, 0, 0, 1, 0, 0, 3, 0, 0, 3, 0, 1, 0, 0, 2, 0, 0, 0, 8, 1, 0, 0, 15, 5, 0, 8, 0, 0, 6, 4, 0, 4, 12, 0, 0, 0, 0, : 11, 13, 1, 2, 8, 13, 2, 1, 1, 7, 1, 1, 2, 12, 1, 6, 1, 1, 1, 1, 1, 1, 18, 1, 3, 3, 1, 2, 8, 1, 15, 5, 8, 6, 4, 4, 12, 
511: 12, 0, 6, 1, 0, 0, 1, 0, 3, 9, 2, 0, 2, 14, 10, 1, 6, 0, 0, 0, 0, 7, 0, 2, 0, 2, 7, 9, 0, 0, 20, 0, 1, 0, 0, 22, 0, 0, 0, 13, 6, 1, 2, 0, 9, 1, 0, 5, 0, 1, 1, 0, 4, 0, 0, 0, 4, 0, 0, 0, 4, 0, 1, 8, 6, 0, 0, 9, 20, 1, 0, 0, 1, 7, 0, 7, 4, 0, 0, 0, : 12, 6, 1, 1, 3, 9, 2, 2, 14, 10, 1, 6, 7, 2, 2, 7, 9, 20, 1, 22, 13, 6, 1, 2, 9, 1, 5, 1, 1, 4, 4, 4, 1, 8, 6, 9, 20, 1, 1, 7, 7, 4, 
62: 0, 0, 15, 0, 2, 7, 13, 1, 5, 10, 0, 0, 0, 0, 2, 1, 0, 6, 0, 0, 13, 0, 0, 0, 0, 0, 15, 19, 5, 0, 0, 17, 0, 15, 0, 0, 1, 0, 15, 0, 0, 4, 0, 0, 0, 8, 0, 5, 0, 0, 0, 0, 12, 0, 14, 3, 2, 0, 0, 1, 4, 0, 1, 0, 4, 14, 0, 3, 4, 1, 12, 12, 1, 11, 1, 12, 3, 13, 0, 7, : 15, 2, 7, 13, 1, 5, 10, 2, 1, 6, 13, 15, 19, 5, 17, 15, 1, 15, 4, 8, 5, 12, 14, 3, 2, 1, 4, 1, 4, 14, 3, 4, 1, 12, 12, 1, 11, 1, 12, 3, 13, 7, 
328: 5, 0, 1, 6, 0, 0, 12, 0, 2, 0, 0, 0, 1, 3, 0, 0, 0, 0, 0, 11, 0, 6, 23, 11, 6, 5, 0, 0, 4, 14, 0, 0, 0, 0, 0, 0, 3, 27, 6, 8, 0, 4, 14, 10, 4, 0, 1, 0, 0, 0, 0, 12, 0, 2, 0, 0, 3, 8, 0, 1, 0, 0, 0, 0, 4, 5, 0, 11, 3, 2, 0, 0, 0, 15, 0, 0, 0, 0, 7, 20, : 5, 1, 6, 12, 2, 1, 3, 11, 6, 23, 11, 6, 5, 4, 14, 3, 27, 6, 8, 4, 14, 10, 4, 1, 12, 2, 3, 8, 1, 4, 5, 11, 3, 2, 15, 7, 20, 
595: 2, 0, 7, 0, 0, 0, 3, 0, 3, 6, 17, 0, 0, 0, 0, 0, 0, 0, 5, 0, 0, 5, 5, 12, 1, 2, 1, 0, 0, 0, 0, 0, 5, 0, 4, 0, 1, 0, 0, 3, 0, 2, 2, 0, 3, 11, 3, 5, 2, 9, 14, 0, 0, 0, 0, 0, 1, 1, 0, 0, 0, 3, 24, 0, 0, 14, 0, 6, 0, 8, 5, 14, 0, 1, 19, 0, 2, 0, 10, 5, : 2, 7, 3, 3, 6, 17, 5, 5, 5, 12, 1, 2, 1, 5, 4, 1, 3, 2, 2, 3, 11, 3, 5, 2, 9, 14, 1, 1, 3, 24, 14, 6, 8, 5, 14, 1, 19, 2, 10, 5, 
404: 0, 0, 0, 8, 2, 3, 3, 3, 0, 0, 0, 0, 0, 0, 0, 0, 2, 7, 8, 0, 0, 19, 8, 8, 5, 0, 13, 0, 0, 3, 0, 0, 1, 0, 0, 0, 0, 0, 0, 0, 10, 3, 0, 0, 2, 5, 0, 1, 0, 0, 9, 0, 0, 0, 2, 0, 10, 0, 12, 18, 0, 0, 1, 0, 15, 0, 1, 0, 2, 0, 0, 1, 5, 7, 0, 0, 0, 0, 0, 0, : 8, 2, 3, 3, 3, 2, 7, 8, 19, 8, 8, 5, 13, 3, 1, 10, 3, 2, 5, 1, 9, 2, 10, 12, 18, 1, 15, 1, 2, 1, 5, 7, 
626: 15, 2, 1, 0, 0, 0, 0, 1, 0, 1, 0, 0, 0, 2, 4, 3, 9, 0, 0, 7, 1, 0, 0, 0, 0, 1, 0, 0, 1, 1, 0, 1, 0, 0, 4, 9, 0, 0, 6, 0, 0, 9, 0, 0, 0, 3, 0, 13, 2, 9, 2, 2, 0, 0, 0, 0, 7, 2, 0, 11, 0, 0, 16, 0, 0, 0, 0, 0, 0, 2, 10, 0, 2, 0, 6, 3, 0, 2, 0, 0, : 15, 2, 1, 1, 1, 2, 4, 3, 9, 7, 1, 1, 1, 1, 1, 4, 9, 6, 9, 3, 13, 2, 9, 2, 2, 7, 2, 11, 16, 2, 10, 2, 6, 3, 2, 
728: 0, 4, 0, 1, 0, 0, 0, 0, 0, 0, 0, 16, 0, 12, 2, 0, 2, 0, 1, 0, 0, 0, 1, 1, 2, 6, 0, 4, 0, 3, 0, 0, 2, 0, 0, 1, 21, 2, 15, 4, 0, 8, 16, 0, 1, 10, 14, 0, 0, 0, 0, 1, 0, 0, 0, 1, 0, 2, 13, 0, 0, 2, 4, 9, 0, 0, 1, 8, 0, 0, 4, 0, 0, 4, 0, 0, 6, 1, 0, 1, : 4, 1, 16, 12, 2, 2, 1, 1, 1, 2, 6, 4, 3, 2, 1, 21, 2, 15, 4, 8, 16, 1, 10, 14, 1, 1, 2, 13, 2, 4, 9, 1, 8, 4, 4, 6, 1, 1, 
734: 0, 5, 1, 9, 0, 2, 10, 0, 1, 1, 0, 8, 0, 12, 3, 14, 0, 6, 0, 0, 3, 0, 11, 0, 0, 0, 4, 0, 0, 1, 3, 0, 6, 0, 0, 13, 2, 0, 0, 0, 0, 4, 0, 1, 5, 6, 0, 0, 13, 10, 0, 6, 0, 0, 0, 9, 0, 0, 3, 5, 0, 0, 0, 11, 0, 0, 0, 0, 2, 0, 18, 0, 4, 0, 0, 0, 3, 10, 13, 0, : 5, 1, 9, 2, 10, 1, 1, 8, 12, 3, 14, 6, 3, 11, 4, 1, 3, 6, 13, 2, 4, 1, 5, 6, 13, 10, 6, 9, 3, 5, 11, 2, 18, 4, 3, 10, 13, 
196: 0, 9, 2, 1, 7, 0, 0, 0, 1, 0, 4, 0, 0, 4, 4, 0, 0, 13, 8, 11, 6, 2, 4, 0, 2, 5, 0, 0, 4, 1, 0, 3, 21, 12, 1, 0, 0, 7, 0, 6, 0, 0, 1, 0, 1, 12, 1, 7, 2, 0, 0, 0, 7, 5, 1, 0, 1, 1, 13, 1, 12, 1, 0, 8, 19, 2, 0, 0, 0, 0, 2, 0, 0, 0, 0, 1, 0, 0, 3, 0, : 9, 2, 1, 7, 1, 4, 4, 4, 13, 8, 11, 6, 2, 4, 2, 5, 4, 1, 3, 21, 12, 1, 7, 6, 1, 1, 12, 1, 7, 2, 7, 5, 1, 1, 1, 13, 1, 12, 1, 8, 19, 2, 2, 1, 3, 
627: 1, 0, 4, 1, 0, 0, 0, 0, 15, 10, 0, 0, 7, 0, 1, 6, 10, 0, 0, 0, 0, 0, 4, 0, 1, 0, 0, 0, 0, 0, 0, 4, 3, 0, 0, 0, 2, 2, 0, 0, 0, 9, 5, 1, 0, 0, 2, 0, 0, 4, 0, 0, 1, 13, 4, 0, 4, 2, 3, 0, 13, 0, 1, 0, 0, 0, 12, 10, 7, 0, 0, 0, 10, 4, 6, 12, 3, 0, 0, 0, : 1, 4, 1, 15, 10, 7, 1, 6, 10, 4, 1, 4, 3, 2, 2, 9, 5, 1, 2, 4, 1, 13, 4, 4, 2, 3, 13, 1, 12, 10, 7, 10, 4, 6, 12, 3, 


16: 0, 21, 10, 0, 0, 0, 0, 1, 3, 2, 13, 0, 0, 0, 0, 0, 0, 0, 0, 25, 11, 5, 0, 12, 0, 0, 0, 0, 0, 0, 0, 17, 1, 11, 0, 2, 1, 2, 4, 1, 0, 7, 12, 0, 6, 0, 0, 4, 0, 0, 8, 2, 3, 1, 2, 3, 2, 16, 0, 0, 0, 0, 19, 0, 0, 7, 0, 3, 0, 0, 0, 9, 16, 1, 5, 2, 0, 1, 0, 11, : 21, 10, 1, 3, 2, 13, 25, 11, 5, 12, 17, 1, 11, 2, 1, 2, 4, 1, 7, 12, 6, 4, 8, 2, 3, 1, 2, 3, 2, 16, 19, 7, 3, 9, 16, 1, 5, 2, 1, 11, 
498: 7, 14, 0, 0, 0, 3, 0, 6, 0, 0, 6, 0, 0, 0, 6, 2, 0, 0, 7, 1, 0, 4, 0, 0, 18, 0, 2, 0, 0, 0, 3, 10, 0, 1, 12, 7, 0, 0, 4, 18, 7, 0, 0, 7, 4, 4, 0, 3, 0, 5, 1, 0, 0, 0, 10, 0, 2, 0, 13, 0, 1, 4, 0, 0, 2, 0, 0, 0, 0, 0, 4, 4, 5, 0, 0, 11, 0, 1, 0, 3, : 7, 14, 3, 6, 6, 6, 2, 7, 1, 4, 18, 2, 3, 10, 1, 12, 7, 4, 18, 7, 7, 4, 4, 3, 5, 1, 10, 2, 13, 1, 4, 2, 4, 4, 5, 11, 1, 3, 
262: 6, 9, 2, 0, 12, 5, 0, 9, 4, 6, 0, 0, 0, 10, 0, 2, 0, 6, 3, 0, 9, 0, 9, 2, 0, 0, 0, 14, 7, 1, 0, 2, 0, 4, 0, 5, 1, 0, 0, 0, 5, 4, 8, 0, 0, 1, 1, 0, 23, 8, 0, 13, 0, 0, 0, 0, 10, 1, 4, 0, 0, 0, 1, 0, 0, 2, 4, 0, 0, 0, 3, 3, 1, 0, 6, 2, 0, 0, 0, 2, : 6, 9, 2, 12, 5, 9, 4, 6, 10, 2, 6, 3, 9, 9, 2, 14, 7, 1, 2, 4, 5, 1, 5, 4, 8, 1, 1, 23, 8, 13, 10, 1, 4, 1, 2, 4, 3, 3, 1, 6, 2, 2, 
78: 0, 0, 0, 0, 10, 0, 3, 23, 0, 5, 8, 21, 0, 0, 0, 0, 1, 1, 0, 1, 22, 5, 0, 0, 0, 0, 2, 0, 8, 18, 0, 0, 0, 0, 8, 0, 1, 1, 6, 6, 0, 1, 0, 0, 0, 0, 18, 0, 14, 19, 0, 2, 6, 0, 0, 0, 0, 0, 2, 0, 0, 0, 0, 1, 1, 0, 1, 0, 4, 0, 3, 4, 0, 13, 0, 0, 0, 0, 0, 1, : 10, 3, 23, 5, 8, 21, 1, 1, 1, 22, 5, 2, 8, 18, 8, 1, 1, 6, 6, 1, 18, 14, 19, 2, 6, 2, 1, 1, 1, 4, 3, 4, 13, 1, 
608: 0, 0, 3, 4, 1, 0, 1, 0, 2, 0, 0, 0, 0, 0, 0, 0, 0, 3, 0, 28, 13, 2, 0, 10, 0, 0, 1, 11, 2, 0, 0, 0, 0, 12, 0, 3, 0, 0, 0, 6, 0, 6, 4, 0, 0, 0, 0, 0, 0, 0, 12, 6, 0, 1, 0, 0, 0, 0, 0, 0, 11, 0, 0, 0, 0, 0, 0, 0, 4, 0, 1, 9, 8, 2, 7, 0, 0, 7, 2, 0, : 3, 4, 1, 1, 2, 3, 28, 13, 2, 10, 1, 11, 2, 12, 3, 6, 6, 4, 12, 6, 1, 11, 4, 1, 9, 8, 2, 7, 7, 2, 
229: 0, 0, 8, 0, 0, 0, 0, 1, 0, 0, 0, 1, 0, 10, 2, 0, 0, 20, 6, 5, 1, 0, 0, 3, 0, 0, 1, 6, 0, 8, 0, 16, 1, 4, 8, 2, 15, 13, 2, 0, 0, 0, 2, 2, 0, 23, 14, 0, 2, 25, 0, 3, 0, 1, 0, 14, 2, 2, 0, 0, 11, 0, 0, 9, 2, 4, 2, 13, 15, 0, 7, 3, 7, 23, 0, 2, 0, 1, 0, 13, : 8, 1, 1, 10, 2, 20, 6, 5, 1, 3, 1, 6, 8, 16, 1, 4, 8, 2, 15, 13, 2, 2, 2, 23, 14, 2, 25, 3, 1, 14, 2, 2, 11, 9, 2, 4, 2, 13, 15, 7, 3, 7, 23, 2, 1, 13, 
707: 0, 0, 2, 0, 3, 2, 2, 0, 1, 0, 2, 2, 1, 14, 0, 0, 6, 3, 8, 1, 0, 2, 2, 2, 2, 0, 0, 0, 5, 1, 0, 0, 8, 1, 1, 1, 0, 25, 4, 19, 0, 10, 7, 0, 0, 0, 10, 0, 1, 0, 1, 7, 9, 0, 3, 3, 0, 1, 0, 0, 0, 0, 0, 0, 10, 0, 0, 2, 23, 0, 1, 0, 0, 0, 8, 8, 24, 10, 0, 0, : 2, 3, 2, 2, 1, 2, 2, 1, 14, 6, 3, 8, 1, 2, 2, 2, 2, 5, 1, 8, 1, 1, 1, 25, 4, 19, 10, 7, 10, 1, 1, 7, 9, 3, 3, 1, 10, 2, 23, 1, 8, 8, 24, 10, 
241: 10, 0, 0, 5, 0, 4, 0, 2, 0, 0, 2, 0, 2, 0, 11, 6, 4, 7, 8, 1, 0, 1, 9, 0, 0, 8, 2, 9, 0, 9, 0, 0, 0, 1, 3, 0, 3, 11, 3, 0, 9, 0, 0, 0, 3, 0, 0, 0, 14, 0, 0, 0, 0, 1, 0, 1, 2, 0, 0, 0, 0, 16, 2, 0, 16, 1, 3, 6, 10, 0, 1, 1, 4, 8, 0, 1, 0, 0, 1, 2, : 10, 5, 4, 2, 2, 2, 11, 6, 4, 7, 8, 1, 1, 9, 8, 2, 9, 9, 1, 3, 3, 11, 3, 9, 3, 14, 1, 1, 2, 16, 2, 16, 1, 3, 6, 10, 1, 1, 4, 8, 1, 1, 2, 
183: 1, 9, 0, 2, 0, 0, 0, 3, 0, 0, 0, 0, 0, 0, 0, 0, 0, 0, 0, 0, 0, 6, 0, 0, 0, 16, 3, 5, 0, 0, 0, 0, 16, 1, 0, 0, 2, 4, 0, 0, 8, 2, 0, 0, 0, 4, 0, 0, 0, 3, 0, 3, 3, 0, 4, 0, 0, 0, 0, 0, 7, 7, 0, 0, 0, 0, 6, 2, 8, 0, 1, 2, 8, 3, 8, 8, 0, 14, 0, 0, : 1, 9, 2, 3, 6, 16, 3, 5, 16, 1, 2, 4, 8, 2, 4, 3, 3, 3, 4, 7, 7, 6, 2, 8, 1, 2, 8, 3, 8, 8, 14, 
268: 0, 2, 0, 0, 1, 0, 0, 5, 0, 0, 0, 0, 0, 0, 11, 0, 0, 12, 8, 16, 3, 1, 0, 4, 10, 4, 0, 0, 0, 0, 18, 0, 0, 2, 3, 17, 1, 0, 0, 0, 0, 0, 0, 0, 0, 18, 1, 4, 0, 3, 2, 0, 0, 12, 0, 24, 9, 9, 0, 0, 0, 9, 3, 2, 0, 6, 0, 0, 0, 0, 9, 8, 0, 0, 7, 1, 2, 0, 0, 11, : 2, 1, 5, 11, 12, 8, 16, 3, 1, 4, 10, 4, 18, 2, 3, 17, 1, 18, 1, 4, 3, 2, 12, 24, 9, 9, 9, 3, 2, 6, 9, 8, 7, 1, 2, 11, 
376: 0, 11, 3, 0, 0, 0, 4, 0, 16, 0, 2, 4, 0, 0, 1, 0, 1, 0, 0, 3, 0, 4, 3, 12, 1, 0, 1, 6, 0, 11, 0, 3, 0, 1, 0, 1, 0, 0, 1, 3, 0, 3, 0, 0, 9, 0, 0, 2, 0, 0, 0, 1, 6, 0, 0, 2, 4, 5, 1, 0, 0, 3, 3, 4, 0, 3, 0, 0, 0, 0, 0, 0, 13, 0, 1, 0, 3, 0, 2, 0, : 11, 3, 4, 16, 2, 4, 1, 1, 3, 4, 3, 12, 1, 1, 6, 11, 3, 1, 1, 1, 3, 3, 9, 2, 1, 6, 2, 4, 5, 1, 3, 3, 4, 3, 13, 1, 3, 2, 
92: 3, 1, 8, 16, 3, 0, 0, 1, 0, 0, 7, 1, 6, 0, 4, 1, 2, 0, 1, 4, 4, 0, 6, 14, 3, 4, 0, 8, 10, 0, 0, 10, 0, 0, 0, 0, 2, 0, 8, 0, 10, 2, 0, 5, 2, 0, 0, 10, 0, 3, 0, 8, 25, 0, 0, 4, 2, 2, 0, 15, 0, 0, 0, 0, 0, 21, 4, 7, 0, 2, 11, 5, 0, 2, 0, 9, 0, 1, 0, 3, : 3, 1, 8, 16, 3, 1, 7, 1, 6, 4, 1, 2, 1, 4, 4, 6, 14, 3, 4, 8, 10, 10, 2, 8, 10, 2, 5, 2, 10, 3, 8, 25, 4, 2, 2, 15, 21, 4, 7, 2, 11, 5, 2, 9, 1, 3, 
206: 3, 0, 0, 0, 0, 0, 6, 0, 5, 0, 0, 0, 0, 0, 0, 0, 0, 4, 0, 0, 0, 12, 0, 2, 3, 0, 1, 2, 4, 3, 14, 1, 0, 0, 0, 0, 0, 0, 0, 0, 0, 0, 0, 3, 0, 6, 3, 6, 0, 0, 2, 0, 0, 3, 9, 1, 0, 0, 0, 22, 5, 2, 3, 0, 5, 2, 1, 5, 1, 4, 3, 1, 0, 0, 0, 0, 2, 0, 2, 0, : 3, 6, 5, 4, 12, 2, 3, 1, 2, 4, 3, 14, 1, 3, 6, 3, 6, 2, 3, 9, 1, 22, 5, 2, 3, 5, 2, 1, 5, 1, 4, 3, 1, 2, 2, 
576: 4, 0, 0, 3, 0, 6, 0, 0, 0, 0, 1, 8, 0, 0, 0, 11, 21, 0, 4, 2, 0, 7, 0, 0, 0, 0, 4, 0, 0, 7, 5, 0, 0, 0, 0, 3, 0, 0, 0, 0, 0, 0, 1, 0, 3, 0, 0, 2, 8, 0, 1, 0, 0, 4, 0, 1, 0, 0, 3, 0, 1, 4, 7, 0, 5, 8, 0, 0, 2, 0, 2, 3, 2, 0, 2, 0, 0, 0, 0, 7, : 4, 3, 6, 1, 8, 11, 21, 4, 2, 7, 4, 7, 5, 3, 1, 3, 2, 8, 1, 4, 1, 3, 1, 4, 7, 5, 8, 2, 2, 3, 2, 2, 7, 
260: 3, 0, 0, 2, 0, 0, 2, 0, 13, 0, 1, 0, 0, 1, 13, 5, 0, 18, 0, 0, 7, 0, 0, 0, 15, 0, 0, 0, 2, 4, 0, 3, 14, 0, 12, 2, 5, 6, 11, 5, 0, 7, 0, 5, 16, 9, 3, 0, 0, 13, 13, 0, 1, 3, 0, 10, 3, 3, 10, 0, 2, 0, 6, 0, 0, 8, 0, 0, 0, 0, 2, 1, 15, 1, 14, 0, 1, 0, 0, 2, : 3, 2, 2, 13, 1, 1, 13, 5, 18, 7, 15, 2, 4, 3, 14, 12, 2, 5, 6, 11, 5, 7, 5, 16, 9, 3, 13, 13, 1, 3, 10, 3, 3, 10, 2, 6, 8, 2, 1, 15, 1, 14, 1, 2, 
141: 2, 13, 3, 0, 6, 0, 0, 0, 0, 14, 7, 9, 0, 9, 0, 0, 2, 12, 1, 0, 0, 10, 5, 8, 1, 8, 1, 3, 2, 0, 7, 0, 0, 0, 0, 5, 0, 0, 0, 0, 0, 0, 4, 0, 0, 0, 0, 6, 0, 3, 3, 2, 0, 0, 4, 0, 0, 7, 1, 0, 0, 0, 2, 0, 5, 0, 6, 0, 10, 0, 0, 4, 0, 0, 0, 0, 0, 1, 4, 6, : 2, 13, 3, 6, 14, 7, 9, 9, 2, 12, 1, 10, 5, 8, 1, 8, 1, 3, 2, 7, 5, 4, 6, 3, 3, 2, 4, 7, 1, 2, 5, 6, 10, 4, 1, 4, 6, 
528: 0, 0, 0, 0, 1, 0, 0, 0, 7, 3, 2, 0, 2, 7, 4, 0, 2, 0, 0, 0, 1, 13, 6, 2, 2, 0, 0, 1, 1, 0, 0, 0, 0, 10, 11, 2, 0, 0, 0, 0, 0, 4, 0, 3, 0, 5, 0, 10, 8, 0, 0, 1, 3, 4, 0, 0, 0, 0, 11, 6, 0, 26, 9, 0, 9, 1, 0, 0, 0, 0, 0, 1, 0, 0, 0, 0, 3, 10, 0, 3, : 1, 7, 3, 2, 2, 7, 4, 2, 1, 13, 6, 2, 2, 1, 1, 10, 11, 2, 4, 3, 5, 10, 8, 1, 3, 4, 11, 6, 26, 9, 9, 1, 1, 3, 10, 3, 
230: 0, 3, 7, 8, 6, 0, 8, 0, 6, 2, 0, 0, 7, 14, 0, 3, 0, 0, 0, 0, 9, 16, 0, 0, 7, 0, 0, 0, 0, 0, 1, 0, 0, 1, 0, 0, 25, 2, 11, 0, 4, 0, 0, 7, 0, 4, 0, 4, 9, 3, 0, 0, 2, 6, 0, 1, 0, 2, 0, 0, 0, 0, 3, 13, 0, 0, 12, 0, 0, 8, 3, 2, 5, 0, 2, 0, 2, 4, 0, 0, : 3, 7, 8, 6, 8, 6, 2, 7, 14, 3, 9, 16, 7, 1, 1, 25, 2, 11, 4, 7, 4, 4, 9, 3, 2, 6, 1, 2, 3, 13, 12, 8, 3, 2, 5, 2, 2, 4, 
713: 3, 0, 20, 7, 0, 1, 0, 6, 0, 29, 0, 0, 14, 2, 0, 0, 0, 4, 20, 0, 2, 0, 0, 0, 18, 0, 0, 0, 0, 8, 0, 2, 0, 7, 0, 2, 7, 2, 0, 16, 4, 0, 0, 4, 0, 6, 15, 0, 0, 0, 0, 8, 0, 1, 0, 0, 14, 22, 0, 0, 0, 0, 2, 0, 11, 0, 1, 16, 0, 16, 8, 11, 0, 0, 0, 6, 0, 2, 0, 0, : 3, 20, 7, 1, 6, 29, 14, 2, 4, 20, 2, 18, 8, 2, 7, 2, 7, 2, 16, 4, 4, 6, 15, 8, 1, 14, 22, 2, 11, 1, 16, 16, 8, 11, 6, 2, 
571: 3, 0, 0, 5, 0, 6, 1, 4, 0, 8, 11, 0, 0, 0, 14, 0, 0, 0, 0, 5, 1, 0, 1, 0, 0, 12, 0, 0, 0, 0, 25, 0, 2, 0, 0, 4, 1, 1, 3, 0, 0, 0, 0, 18, 3, 0, 0, 0, 0, 0, 0, 0, 10, 0, 3, 5, 2, 14, 0, 0, 0, 0, 1, 0, 0, 16, 5, 2, 0, 0, 2, 0, 0, 0, 0, 0, 9, 7, 6, 14, : 3, 5, 6, 1, 4, 8, 11, 14, 5, 1, 1, 12, 25, 2, 4, 1, 1, 3, 18, 3, 10, 3, 5, 2, 14, 1, 16, 5, 2, 2, 9, 7, 6, 14, 
512: 2, 7, 0, 0, 1, 7, 1, 0, 3, 0, 2, 2, 1, 0, 4, 14, 5, 0, 0, 0, 5, 1, 16, 3, 0, 0, 10, 0, 9, 0, 21, 0, 0, 4, 0, 2, 1, 1, 0, 18, 7, 16, 0, 0, 0, 1, 3, 0, 0, 2, 7, 0, 5, 19, 7, 1, 1, 0, 22, 0, 17, 0, 1, 0, 9, 1, 10, 3, 0, 0, 0, 0, 1, 2, 0, 3, 12, 0, 20, 1, : 2, 7, 1, 7, 1, 3, 2, 2, 1, 4, 14, 5, 5, 1, 16, 3, 10, 9, 21, 4, 2, 1, 1, 18, 7, 16, 1, 3, 2, 7, 5, 19, 7, 1, 1, 22, 17, 1, 9, 1, 10, 3, 1, 2, 3, 12, 20, 1, 
171: 1, 7, 0, 1, 1, 0, 0, 0, 8, 2, 4, 3, 0, 2, 0, 0, 1, 2, 0, 0, 4, 0, 13, 2, 0, 0, 6, 0, 5, 1, 0, 0, 0, 2, 1, 0, 0, 0, 7, 0, 4, 12, 2, 1, 0, 2, 6, 8, 0, 0, 23, 0, 1, 11, 1, 9, 0, 0, 0, 0, 12, 9, 0, 18, 0, 0, 1, 9, 1, 20, 0, 8, 0, 0, 4, 7, 15, 8, 0, 0, : 1, 7, 1, 1, 8, 2, 4, 3, 2, 1, 2, 4, 13, 2, 6, 5, 1, 2, 1, 7, 4, 12, 2, 1, 2, 6, 8, 23, 1, 11, 1, 9, 12, 9, 18, 1, 9, 1, 20, 8, 4, 7, 15, 8, 
469: 0, 2, 0, 0, 0, 0, 25, 1, 0, 0, 1, 17, 0, 0, 2, 2, 1, 5, 0, 1, 0, 4, 0, 1, 4, 0, 12, 0, 7, 0, 0, 3, 0, 0, 0, 3, 10, 6, 3, 0, 0, 0, 0, 0, 18, 1, 0, 0, 9, 0, 0, 2, 0, 0, 13, 13, 0, 6, 0, 0, 13, 0, 1, 4, 3, 0, 19, 6, 0, 0, 1, 2, 2, 0, 7, 3, 0, 3, 1, 5, : 2, 25, 1, 1, 17, 2, 2, 1, 5, 1, 4, 1, 4, 12, 7, 3, 3, 10, 6, 3, 18, 1, 9, 2, 13, 13, 6, 13, 1, 4, 3, 19, 6, 1, 2, 2, 7, 3, 3, 1, 5, 
356: 13, 0, 0, 0, 19, 8, 20, 4, 5, 1, 0, 0, 9, 0, 2, 15, 3, 0, 9, 4, 0, 2, 21, 3, 1, 7, 0, 1, 0, 1, 8, 4, 3, 8, 5, 5, 0, 0, 3, 2, 4, 0, 20, 11, 9, 0, 1, 0, 4, 0, 0, 0, 15, 2, 0, 0, 1, 4, 0, 0, 11, 1, 0, 0, 0, 1, 0, 0, 0, 1, 1, 4, 0, 18, 0, 0, 16, 1, 1, 3, : 13, 19, 8, 20, 4, 5, 1, 9, 2, 15, 3, 9, 4, 2, 21, 3, 1, 7, 1, 1, 8, 4, 3, 8, 5, 5, 3, 2, 4, 20, 11, 9, 1, 4, 15, 2, 1, 4, 11, 1, 1, 1, 1, 4, 18, 16, 1, 1, 3, 
419: 13, 0, 9, 12, 5, 1, 3, 7, 0, 1, 7, 0, 15, 5, 6, 0, 22, 0, 0, 4, 8, 0, 0, 0, 9, 13, 5, 11, 1, 5, 0, 8, 18, 11, 24, 0, 5, 3, 0, 2, 3, 0, 0, 0, 15, 3, 4, 15, 0, 11, 1, 7, 0, 0, 0, 0, 3, 0, 7, 0, 0, 0, 3, 28, 0, 3, 2, 2, 0, 2, 0, 0, 6, 2, 1, 20, 8, 1, 0, 0, : 13, 9, 12, 5, 1, 3, 7, 1, 7, 15, 5, 6, 22, 4, 8, 9, 13, 5, 11, 1, 5, 8, 18, 11, 24, 5, 3, 2, 3, 15, 3, 4, 15, 11, 1, 7, 3, 7, 3, 28, 3, 2, 2, 2, 6, 2, 1, 20, 8, 1, 
114: 0, 0, 0, 0, 4, 0, 2, 0, 0, 11, 2, 9, 15, 0, 0, 0, 0, 3, 2, 4, 1, 2, 1, 5, 0, 0, 26, 1, 0, 0, 4, 0, 2, 1, 0, 9, 0, 0, 4, 5, 0, 0, 13, 8, 12, 2, 0, 0, 6, 0, 0, 3, 0, 1, 0, 0, 11, 0, 1, 0, 2, 0, 0, 0, 0, 1, 1, 0, 4, 4, 8, 0, 2, 1, 1, 0, 1, 2, 0, 0, : 4, 2, 11, 2, 9, 15, 3, 2, 4, 1, 2, 1, 5, 26, 1, 4, 2, 1, 9, 4, 5, 13, 8, 12, 2, 6, 3, 1, 11, 1, 2, 1, 1, 4, 4, 8, 2, 1, 1, 1, 2, 
402: 12, 0, 0, 21, 2, 3, 0, 7, 9, 0, 1, 9, 0, 0, 6, 7, 0, 0, 2, 0, 0, 1, 0, 0, 0, 0, 0, 9, 0, 1, 3, 1, 2, 0, 2, 6, 0, 4, 4, 0, 17, 2, 0, 0, 0, 2, 16, 0, 0, 0, 0, 2, 3, 1, 1, 0, 22, 1, 2, 0, 0, 4, 1, 5, 0, 0, 2, 3, 3, 7, 1, 5, 4, 6, 5, 4, 0, 5, 22, 9, : 12, 21, 2, 3, 7, 9, 1, 9, 6, 7, 2, 1, 9, 1, 3, 1, 2, 2, 6, 4, 4, 17, 2, 2, 16, 2, 3, 1, 1, 22, 1, 2, 4, 1, 5, 2, 3, 3, 7, 1, 5, 4, 6, 5, 4, 5, 22, 9, 
73: 4, 0, 0, 3, 12, 11, 2, 0, 3, 0, 8, 5, 2, 3, 0, 0, 0, 14, 0, 0, 1, 11, 3, 9, 0, 2, 0, 0, 0, 0, 1, 0, 0, 1, 0, 0, 0, 4, 0, 4, 0, 11, 3, 4, 1, 4, 10, 0, 4, 0, 11, 6, 0, 0, 0, 4, 0, 0, 1, 3, 0, 1, 0, 6, 8, 0, 0, 0, 0, 0, 8, 0, 0, 0, 3, 0, 3, 7, 2, 3, : 4, 3, 12, 11, 2, 3, 8, 5, 2, 3, 14, 1, 11, 3, 9, 2, 1, 1, 4, 4, 11, 3, 4, 1, 4, 10, 4, 11, 6, 4, 1, 3, 1, 6, 8, 8, 3, 3, 7, 2, 3, 
236: 0, 0, 0, 12, 0, 0, 0, 0, 0, 1, 0, 0, 0, 0, 2, 12, 2, 0, 1, 0, 3, 1, 10, 3, 22, 0, 1, 5, 1, 0, 0, 0, 0, 1, 0, 7, 0, 0, 0, 0, 0, 3, 21, 2, 0, 3, 0, 0, 0, 0, 0, 0, 0, 1, 5, 0, 0, 8, 0, 2, 0, 1, 0, 5, 0, 0, 0, 0, 0, 0, 1, 0, 0, 2, 2, 4, 0, 0, 2, 3, : 12, 1, 2, 12, 2, 1, 3, 1, 10, 3, 22, 1, 5, 1, 1, 7, 3, 21, 2, 3, 1, 5, 8, 2, 1, 5, 1, 2, 2, 4, 2, 3, 
258: 0, 0, 1, 0, 4, 6, 0, 2, 3, 5, 2, 10, 3, 0, 0, 29, 5, 0, 1, 0, 0, 0, 1, 3, 1, 26, 0, 20, 13, 0, 4, 10, 0, 4, 0, 2, 0, 10, 1, 0, 0, 2, 0, 0, 0, 2, 0, 0, 0, 6, 0, 0, 7, 8, 8, 0, 0, 0, 8, 0, 0, 0, 12, 0, 0, 0, 5, 5, 0, 2, 1, 0, 0, 0, 2, 0, 0, 0, 3, 4, : 1, 4, 6, 2, 3, 5, 2, 10, 3, 29, 5, 1, 1, 3, 1, 26, 20, 13, 4, 10, 4, 2, 10, 1, 2, 2, 6, 7, 8, 8, 8, 12, 5, 5, 2, 1, 2, 3, 4, 
389: 13, 14, 1, 1, 0, 2, 21, 9, 1, 0, 12, 2, 14, 2, 3, 0, 3, 0, 0, 0, 2, 9, 0, 2, 0, 1, 0, 0, 1, 0, 2, 0, 1, 6, 0, 0, 0, 0, 6, 10, 9, 11, 0, 5, 6, 4, 0, 3, 2, 0, 0, 7, 1, 1, 0, 5, 0, 0, 0, 0, 0, 0, 1, 3, 16, 10, 21, 6, 0, 3, 10, 1, 0, 0, 5, 0, 0, 12, 0, 7, : 13, 14, 1, 1, 2, 21, 9, 1, 12, 2, 14, 2, 3, 3, 2, 9, 2, 1, 1, 2, 1, 6, 6, 10, 9, 11, 5, 6, 4, 3, 2, 7, 1, 1, 5, 1, 3, 16, 10, 21, 6, 3, 10, 1, 5, 12, 7, 
272: 0, 0, 1, 0, 0, 7, 0, 4, 0, 0, 7, 0, 0, 18, 4, 0, 8, 0, 4, 0, 1, 0, 5, 4, 0, 0, 11, 0, 22, 0, 0, 0, 0, 0, 3, 0, 8, 0, 0, 0, 0, 0, 1, 4, 0, 0, 1, 11, 0, 1, 0, 0, 0, 2, 1, 0, 0, 3, 0, 10, 2, 0, 0, 2, 12, 2, 2, 0, 19, 3, 0, 1, 0, 0, 2, 0, 0, 0, 0, 0, : 1, 7, 4, 7, 18, 4, 8, 4, 1, 5, 4, 11, 22, 3, 8, 1, 4, 1, 11, 1, 2, 1, 3, 10, 2, 2, 12, 2, 2, 19, 3, 1, 2, 
287: 0, 0, 9, 2, 1, 0, 7, 7, 0, 0, 3, 0, 3, 2, 1, 0, 0, 0, 0, 2, 1, 0, 0, 0, 2, 0, 8, 0, 0, 0, 0, 1, 27, 0, 0, 0, 0, 3, 0, 0, 5, 0, 0, 1, 4, 2, 0, 10, 0, 0, 0, 0, 7, 16, 20, 0, 1, 8, 2, 15, 2, 6, 0, 0, 0, 0, 0, 0, 0, 0, 0, 1, 1, 0, 5, 0, 1, 0, 1, 0, : 9, 2, 1, 7, 7, 3, 3, 2, 1, 2, 1, 2, 8, 1, 27, 3, 5, 1, 4, 2, 10, 7, 16, 20, 1, 8, 2, 15, 2, 6, 1, 1, 5, 1, 1, 
438: 9, 0, 13, 0, 0, 24, 0, 14, 0, 0, 4, 8, 4, 9, 4, 4, 5, 0, 3, 0, 0, 0, 0, 0, 0, 0, 0, 1, 0, 0, 0, 0, 0, 4, 24, 11, 0, 2, 5, 0, 2, 0, 1, 0, 0, 1, 4, 0, 12, 1, 2, 0, 0, 12, 19, 0, 11, 0, 0, 0, 4, 0, 0, 3, 4, 5, 11, 0, 0, 1, 0, 1, 1, 0, 0, 11, 10, 2, 0, 0, : 9, 13, 24, 14, 4, 8, 4, 9, 4, 4, 5, 3, 1, 4, 24, 11, 2, 5, 2, 1, 1, 4, 12, 1, 2, 12, 19, 11, 4, 3, 4, 5, 11, 1, 1, 1, 11, 10, 2, 
605: 1, 0, 1, 0, 0, 5, 3, 4, 16, 10, 0, 5, 17, 7, 4, 0, 6, 2, 0, 3, 0, 0, 5, 0, 0, 3, 0, 5, 2, 11, 0, 0, 1, 0, 3, 2, 7, 7, 4, 0, 14, 0, 0, 0, 0, 0, 0, 12, 0, 2, 0, 0, 1, 1, 0, 0, 0, 1, 7, 21, 8, 0, 21, 2, 0, 0, 0, 12, 0, 0, 8, 6, 2, 6, 2, 0, 0, 0, 11, 2, : 1, 1, 5, 3, 4, 16, 10, 5, 17, 7, 4, 6, 2, 3, 5, 3, 5, 2, 11, 1, 3, 2, 7, 7, 4, 14, 12, 2, 1, 1, 1, 7, 21, 8, 21, 2, 12, 8, 6, 2, 6, 2, 11, 2, 
521: 0, 0, 0, 6, 0, 14, 7, 0, 0, 1, 0, 0, 5, 1, 6, 2, 3, 0, 0, 0, 0, 0, 2, 1, 0, 0, 0, 0, 0, 4, 0, 0, 5, 0, 0, 2, 7, 3, 2, 1, 0, 5, 8, 0, 9, 5, 0, 6, 0, 0, 5, 10, 0, 3, 5, 0, 2, 2, 9, 0, 0, 0, 6, 15, 0, 10, 0, 0, 0, 12, 1, 2, 0, 2, 0, 0, 2, 12, 1, 4, : 6, 14, 7, 1, 5, 1, 6, 2, 3, 2, 1, 4, 5, 2, 7, 3, 2, 1, 5, 8, 9, 5, 6, 5, 10, 3, 5, 2, 2, 9, 6, 15, 10, 12, 1, 2, 2, 2, 12, 1, 4, 
168: 0, 0, 8, 4, 4, 4, 0, 0, 0, 4, 0, 0, 0, 0, 0, 0, 8, 4, 10, 7, 5, 0, 0, 4, 1, 3, 0, 0, 10, 3, 4, 0, 0, 8, 0, 9, 7, 10, 3, 4, 8, 11, 12, 19, 0, 0, 0, 1, 0, 10, 0, 5, 0, 2, 0, 0, 7, 3, 13, 12, 5, 12, 0, 0, 0, 0, 0, 0, 7, 3, 1, 14, 0, 0, 6, 9, 0, 1, 16, 0, : 8, 4, 4, 4, 4, 8, 4, 10, 7, 5, 4, 1, 3, 10, 3, 4, 8, 9, 7, 10, 3, 4, 8, 11, 12, 19, 1, 10, 5, 2, 7, 3, 13, 12, 5, 12, 7, 3, 1, 14, 6, 9, 1, 16, 
792: 2, 0, 1, 6, 15, 1, 0, 0, 0, 0, 0, 0, 0, 0, 0, 1, 5, 0, 19, 1, 6, 1, 0, 0, 0, 0, 18, 0, 6, 7, 0, 19, 18, 0, 0, 4, 9, 0, 5, 0, 0, 1, 0, 4, 0, 1, 0, 1, 0, 0, 28, 3, 0, 0, 3, 14, 1, 0, 0, 14, 2, 14, 5, 0, 0, 0, 1, 5, 0, 11, 7, 0, 1, 5, 4, 0, 0, 0, 3, 0, : 2, 1, 6, 15, 1, 1, 5, 19, 1, 6, 1, 18, 6, 7, 19, 18, 4, 9, 5, 1, 4, 1, 1, 28, 3, 3, 14, 1, 14, 2, 14, 5, 1, 5, 11, 7, 1, 5, 4, 3, 
690: 0, 7, 4, 0, 0, 0, 2, 0, 4, 14, 2, 0, 0, 0, 0, 4, 0, 0, 3, 0, 0, 0, 0, 0, 0, 8, 0, 2, 2, 2, 0, 10, 1, 4, 0, 2, 0, 0, 0, 0, 0, 0, 0, 4, 0, 6, 10, 0, 0, 2, 0, 15, 0, 3, 2, 0, 0, 0, 0, 0, 0, 0, 2, 0, 2, 8, 0, 3, 9, 21, 7, 2, 6, 23, 11, 4, 0, 2, 2, 1, : 7, 4, 2, 4, 14, 2, 4, 3, 8, 2, 2, 2, 10, 1, 4, 2, 4, 6, 10, 2, 15, 3, 2, 2, 2, 8, 3, 9, 21, 7, 2, 6, 23, 11, 4, 2, 2, 1, 
48: 5, 0, 6, 0, 9, 0, 0, 0, 11, 1, 3, 4, 0, 4, 10, 0, 4, 0, 0, 2, 0, 0, 2, 9, 0, 5, 5, 0, 0, 15, 0, 0, 0, 10, 0, 0, 2, 0, 16, 0, 0, 0, 1, 3, 0, 1, 0, 2, 4, 0, 0, 4, 12, 0, 0, 5, 8, 0, 3, 0, 4, 1, 6, 0, 0, 0, 0, 10, 0, 0, 4, 2, 10, 0, 0, 5, 6, 5, 18, 0, : 5, 6, 9, 11, 1, 3, 4, 4, 10, 4, 2, 2, 9, 5, 5, 15, 10, 2, 16, 1, 3, 1, 2, 4, 4, 12, 5, 8, 3, 4, 1, 6, 10, 4, 2, 10, 5, 6, 5, 18, 


331: 0, 7, 0, 17, 9, 3, 2, 2, 9, 0, 6, 8, 0, 1, 13, 4, 11, 6, 1, 4, 4, 0, 2, 8, 1, 0, 0, 0, 9, 20, 0, 0, 21, 3, 0, 0, 3, 6, 0, 19, 16, 0, 0, 9, 0, 0, 15, 0, 2, 3, 0, 0, 0, 2, 1, 0, 7, 0, 3, 4, 2, 1, 1, 0, 2, 1, 1, 8, 4, 0, 2, 1, 4, 0, 0, 1, 6, 0, 0, 10, : 7, 17, 9, 3, 2, 2, 9, 6, 8, 1, 13, 4, 11, 6, 1, 4, 4, 2, 8, 1, 9, 20, 21, 3, 3, 6, 19, 16, 9, 15, 2, 3, 2, 1, 7, 3, 4, 2, 1, 1, 2, 1, 1, 8, 4, 2, 1, 4, 1, 6, 10, 
446: 0, 9, 1, 0, 4, 5, 0, 2, 3, 4, 1, 4, 0, 0, 1, 0, 0, 5, 0, 0, 10, 1, 0, 2, 0, 0, 1, 9, 0, 0, 0, 0, 2, 0, 1, 0, 0, 5, 0, 1, 3, 0, 0, 14, 10, 2, 1, 0, 4, 3, 7, 0, 8, 2, 0, 0, 0, 1, 9, 0, 1, 3, 3, 6, 0, 0, 0, 0, 0, 0, 0, 3, 0, 0, 1, 0, 5, 1, 0, 0, : 9, 1, 4, 5, 2, 3, 4, 1, 4, 1, 5, 10, 1, 2, 1, 9, 2, 1, 5, 1, 3, 14, 10, 2, 1, 4, 3, 7, 8, 2, 1, 9, 1, 3, 3, 6, 3, 1, 5, 1, 
637: 5, 0, 2, 1, 0, 7, 0, 7, 0, 19, 0, 2, 0, 24, 2, 7, 0, 9, 0, 0, 0, 15, 0, 0, 0, 0, 5, 1, 0, 0, 11, 0, 0, 0, 0, 8, 1, 0, 20, 0, 2, 0, 0, 8, 6, 0, 0, 3, 11, 0, 0, 0, 5, 4, 8, 7, 0, 12, 4, 0, 3, 0, 0, 3, 10, 1, 0, 3, 0, 0, 0, 0, 0, 17, 0, 15, 0, 0, 0, 1, : 5, 2, 1, 7, 7, 19, 2, 24, 2, 7, 9, 15, 5, 1, 11, 8, 1, 20, 2, 8, 6, 3, 11, 5, 4, 8, 7, 12, 4, 3, 3, 10, 1, 3, 17, 15, 1, 
566: 0, 10, 6, 0, 0, 4, 0, 3, 0, 0, 0, 0, 0, 0, 1, 0, 0, 0, 4, 11, 8, 10, 0, 0, 0, 0, 2, 0, 1, 0, 0, 5, 4, 0, 0, 3, 0, 0, 6, 7, 0, 18, 3, 0, 0, 1, 0, 21, 0, 8, 0, 2, 0, 1, 0, 1, 14, 0, 12, 0, 0, 5, 3, 2, 0, 0, 0, 2, 0, 12, 0, 0, 18, 5, 0, 3, 5, 2, 14, 0, : 10, 6, 4, 3, 1, 4, 11, 8, 10, 2, 1, 5, 4, 3, 6, 7, 18, 3, 1, 21, 8, 2, 1, 1, 14, 12, 5, 3, 2, 2, 12, 18, 5, 3, 5, 2, 14, 
462: 2, 7, 7, 9, 0, 0, 2, 25, 5, 0, 1, 0, 0, 0, 0, 0, 14, 4, 7, 5, 5, 1, 0, 7, 1, 0, 0, 0, 0, 0, 0, 1, 0, 5, 0, 14, 2, 0, 0, 0, 0, 5, 0, 0, 0, 22, 2, 6, 3, 1, 0, 0, 0, 3, 1, 0, 0, 0, 0, 0, 15, 0, 10, 1, 0, 11, 1, 5, 2, 0, 0, 15, 0, 0, 1, 0, 0, 0, 0, 1, : 2, 7, 7, 9, 2, 25, 5, 1, 14, 4, 7, 5, 5, 1, 7, 1, 1, 5, 14, 2, 5, 22, 2, 6, 3, 1, 3, 1, 15, 10, 1, 11, 1, 5, 2, 15, 1, 1, 
126: 11, 16, 0, 1, 4, 5, 9, 9, 4, 2, 0, 0, 0, 0, 0, 0, 0, 0, 1, 0, 0, 0, 2, 9, 0, 0, 11, 0, 13, 0, 0, 8, 8, 1, 0, 0, 24, 3, 0, 0, 0, 0, 0, 0, 2, 1, 0, 0, 0, 6, 2, 0, 2, 0, 0, 0, 1, 0, 9, 1, 0, 7, 0, 0, 3, 3, 0, 0, 0, 0, 0, 7, 5, 20, 0, 0, 1, 13, 0, 9, : 11, 16, 1, 4, 5, 9, 9, 4, 2, 1, 2, 9, 11, 13, 8, 8, 1, 24, 3, 2, 1, 6, 2, 2, 1, 9, 1, 7, 3, 3, 7, 5, 20, 1, 13, 9, 
315: 0, 0, 6, 5, 8, 6, 0, 5, 0, 0, 0, 2, 0, 1, 0, 0, 0, 0, 6, 9, 0, 7, 20, 0, 15, 2, 5, 3, 0, 15, 8, 0, 0, 0, 16, 4, 3, 0, 0, 0, 8, 2, 0, 4, 1, 3, 0, 0, 0, 0, 3, 14, 0, 4, 2, 11, 2, 13, 0, 0, 0, 0, 17, 0, 0, 0, 6, 2, 0, 12, 0, 0, 0, 0, 0, 0, 7, 0, 1, 17, : 6, 5, 8, 6, 5, 2, 1, 6, 9, 7, 20, 15, 2, 5, 3, 15, 8, 16, 4, 3, 8, 2, 4, 1, 3, 3, 14, 4, 2, 11, 2, 13, 17, 6, 2, 12, 7, 1, 17, 
277: 18, 0, 1, 8, 0, 5, 12, 1, 0, 5, 1, 2, 8, 7, 5, 8, 0, 16, 0, 18, 18, 0, 0, 6, 0, 0, 4, 0, 0, 4, 1, 15, 0, 0, 0, 17, 0, 4, 0, 6, 0, 6, 4, 0, 0, 1, 10, 0, 0, 1, 0, 23, 4, 1, 1, 0, 5, 0, 8, 0, 2, 2, 0, 0, 0, 10, 0, 15, 0, 6, 3, 22, 2, 0, 1, 0, 11, 13, 0, 0, : 18, 1, 8, 5, 12, 1, 5, 1, 2, 8, 7, 5, 8, 16, 18, 18, 6, 4, 4, 1, 15, 17, 4, 6, 6, 4, 1, 10, 1, 23, 4, 1, 1, 5, 8, 2, 2, 10, 15, 6, 3, 22, 2, 1, 11, 13, 
741: 0, 0, 0, 12, 15, 0, 0, 4, 2, 6, 1, 0, 0, 1, 7, 0, 2, 5, 0, 2, 0, 0, 0, 2, 3, 0, 12, 9, 0, 13, 9, 4, 18, 3, 0, 6, 0, 0, 0, 0, 7, 0, 0, 0, 0, 0, 0, 0, 1, 0, 0, 1, 0, 0, 9, 0, 1, 0, 17, 0, 0, 1, 0, 7, 0, 5, 0, 10, 0, 0, 12, 2, 0, 0, 1, 1, 0, 0, 6, 3, : 12, 15, 4, 2, 6, 1, 1, 7, 2, 5, 2, 2, 3, 12, 9, 13, 9, 4, 18, 3, 6, 7, 1, 1, 9, 1, 17, 1, 7, 5, 10, 12, 2, 1, 1, 6, 3, 
433: 21, 0, 0, 5, 2, 9, 0, 0, 0, 0, 0, 0, 0, 1, 2, 0, 0, 0, 0, 3, 0, 0, 3, 2, 25, 0, 6, 0, 0, 0, 0, 0, 10, 6, 0, 10, 2, 0, 0, 2, 11, 0, 5, 0, 0, 1, 17, 5, 4, 1, 1, 5, 0, 0, 0, 0, 1, 0, 0, 0, 0, 0, 1, 0, 14, 10, 0, 0, 12, 0, 1, 0, 8, 0, 1, 0, 0, 1, 2, 0, : 21, 5, 2, 9, 1, 2, 3, 3, 2, 25, 6, 10, 6, 10, 2, 2, 11, 5, 1, 17, 5, 4, 1, 1, 5, 1, 1, 14, 10, 12, 1, 8, 1, 1, 2, 
110: 5, 0, 1, 4, 4, 7, 0, 0, 0, 0, 0, 0, 0, 2, 8, 0, 1, 2, 7, 7, 4, 3, 8, 2, 3, 0, 1, 0, 0, 0, 0, 2, 0, 14, 1, 0, 13, 0, 0, 0, 0, 11, 0, 0, 2, 1, 17, 0, 0, 1, 3, 3, 0, 6, 8, 0, 0, 0, 1, 0, 0, 5, 2, 0, 0, 5, 0, 0, 0, 16, 0, 1, 2, 0, 16, 0, 0, 3, 8, 0, : 5, 1, 4, 4, 7, 2, 8, 1, 2, 7, 7, 4, 3, 8, 2, 3, 1, 2, 14, 1, 13, 11, 2, 1, 17, 1, 3, 3, 6, 8, 1, 5, 2, 5, 16, 1, 2, 16, 3, 8, 
536: 0, 13, 6, 0, 0, 0, 0, 0, 0, 2, 0, 0, 1, 1, 4, 0, 1, 0, 0, 8, 11, 0, 0, 0, 9, 19, 0, 0, 2, 0, 4, 2, 6, 0, 4, 0, 0, 6, 0, 0, 0, 3, 0, 0, 10, 5, 0, 0, 3, 0, 1, 0, 0, 0, 1, 3, 0, 2, 0, 0, 14, 0, 4, 0, 11, 8, 1, 1, 0, 2, 2, 0, 3, 13, 0, 7, 2, 20, 0, 14, : 13, 6, 2, 1, 1, 4, 1, 8, 11, 9, 19, 2, 4, 2, 6, 4, 6, 3, 10, 5, 3, 1, 1, 3, 2, 14, 4, 11, 8, 1, 1, 2, 2, 3, 13, 7, 2, 20, 14, 
530: 3, 20, 8, 3, 17, 0, 0, 5, 0, 0, 8, 18, 20, 0, 0, 9, 0, 1, 1, 9, 0, 0, 0, 0, 0, 0, 0, 5, 8, 3, 0, 18, 1, 0, 0, 2, 0, 2, 0, 7, 0, 0, 0, 0, 0, 0, 0, 17, 1, 4, 6, 0, 6, 4, 0, 1, 0, 0, 0, 2, 0, 0, 0, 9, 0, 0, 8, 3, 0, 0, 13, 1, 2, 1, 0, 0, 0, 1, 9, 3, : 3, 20, 8, 3, 17, 5, 8, 18, 20, 9, 1, 1, 9, 5, 8, 3, 18, 1, 2, 2, 7, 17, 1, 4, 6, 6, 4, 1, 2, 9, 8, 3, 13, 1, 2, 1, 1, 9, 3, 
210: 5, 0, 5, 0, 0, 1, 0, 0, 4, 0, 0, 0, 0, 0, 9, 3, 5, 0, 0, 0, 0, 2, 0, 8, 0, 2, 1, 0, 0, 18, 5, 6, 0, 10, 0, 0, 5, 23, 0, 0, 3, 1, 0, 10, 0, 7, 0, 0, 2, 1, 1, 2, 2, 5, 0, 2, 0, 2, 0, 5, 0, 0, 0, 5, 0, 2, 4, 4, 4, 10, 0, 1, 1, 0, 0, 0, 1, 0, 0, 0, : 5, 5, 1, 4, 9, 3, 5, 2, 8, 2, 1, 18, 5, 6, 10, 5, 23, 3, 1, 10, 7, 2, 1, 1, 2, 2, 5, 2, 2, 5, 5, 2, 4, 4, 4, 10, 1, 1, 1, 
266: 2, 0, 1, 9, 0, 1, 0, 0, 13, 2, 11, 1, 4, 2, 0, 0, 0, 7, 0, 0, 0, 5, 0, 6, 22, 11, 7, 5, 20, 0, 0, 6, 0, 2, 0, 0, 0, 0, 0, 2, 0, 2, 3, 13, 4, 0, 7, 0, 0, 2, 14, 10, 13, 0, 3, 11, 7, 0, 0, 0, 1, 3, 0, 10, 0, 0, 3, 0, 0, 0, 1, 4, 0, 0, 15, 0, 7, 5, 2, 0, : 2, 1, 9, 1, 13, 2, 11, 1, 4, 2, 7, 5, 6, 22, 11, 7, 5, 20, 6, 2, 2, 2, 3, 13, 4, 7, 2, 14, 10, 13, 3, 11, 7, 1, 3, 10, 3, 1, 4, 15, 7, 5, 2, 
308: 1, 5, 0, 1, 0, 1, 0, 0, 0, 2, 0, 0, 0, 0, 0, 0, 11, 1, 0, 5, 12, 4, 0, 8, 0, 2, 9, 11, 3, 0, 0, 0, 1, 0, 15, 0, 17, 5, 0, 0, 8, 0, 17, 1, 0, 7, 0, 0, 0, 4, 2, 1, 0, 7, 0, 11, 9, 8, 29, 3, 10, 0, 13, 0, 0, 2, 0, 4, 0, 0, 0, 17, 3, 0, 0, 3, 2, 0, 4, 5, : 1, 5, 1, 1, 2, 11, 1, 5, 12, 4, 8, 2, 9, 11, 3, 1, 15, 17, 5, 8, 17, 1, 7, 4, 2, 1, 7, 11, 9, 8, 29, 3, 10, 13, 2, 4, 17, 3, 3, 2, 4, 5, 
661: 0, 1, 0, 1, 0, 0, 2, 0, 0, 0, 0, 1, 1, 0, 5, 13, 0, 0, 0, 17, 0, 5, 0, 1, 7, 10, 4, 0, 0, 0, 9, 0, 0, 9, 0, 0, 1, 0, 0, 0, 5, 1, 0, 1, 7, 9, 0, 0, 0, 4, 0, 0, 2, 15, 0, 9, 0, 0, 2, 8, 6, 8, 1, 0, 19, 0, 0, 0, 0, 0, 25, 0, 0, 0, 4, 9, 0, 2, 0, 0, : 1, 1, 2, 1, 1, 5, 13, 17, 5, 1, 7, 10, 4, 9, 9, 1, 5, 1, 1, 7, 9, 4, 2, 15, 9, 2, 8, 6, 8, 1, 19, 25, 4, 9, 2, 
334: 0, 0, 0, 0, 0, 0, 6, 0, 4, 8, 0, 1, 0, 14, 3, 1, 0, 0, 0, 0, 4, 1, 0, 0, 5, 17, 5, 0, 6, 0, 2, 1, 2, 14, 2, 0, 0, 4, 5, 1, 4, 7, 13, 0, 10, 1, 0, 1, 3, 6, 0, 0, 0, 0, 0, 1, 0, 0, 2, 0, 0, 1, 5, 5, 0, 3, 0, 0, 0, 5, 0, 3, 6, 0, 2, 0, 3, 0, 0, 7, : 6, 4, 8, 1, 14, 3, 1, 4, 1, 5, 17, 5, 6, 2, 1, 2, 14, 2, 4, 5, 1, 4, 7, 13, 10, 1, 1, 3, 6, 1, 2, 1, 5, 5, 3, 5, 3, 6, 2, 3, 7, 
670: 0, 0, 2, 5, 1, 4, 0, 0, 0, 14, 0, 3, 13, 0, 5, 0, 6, 0, 0, 0, 0, 1, 0, 2, 0, 0, 5, 7, 0, 0, 9, 5, 0, 0, 0, 3, 0, 11, 20, 0, 0, 0, 0, 5, 0, 0, 0, 0, 2, 2, 0, 0, 7, 0, 0, 0, 9, 10, 0, 20, 0, 2, 6, 0, 2, 1, 0, 4, 11, 0, 0, 1, 0, 0, 3, 0, 3, 4, 0, 0, : 2, 5, 1, 4, 14, 3, 13, 5, 6, 1, 2, 5, 7, 9, 5, 3, 11, 20, 5, 2, 2, 7, 9, 10, 20, 2, 6, 2, 1, 4, 11, 1, 3, 3, 4, 
243: 0, 0, 1, 1, 1, 5, 10, 10, 1, 0, 8, 0, 0, 3, 16, 15, 0, 3, 0, 9, 0, 0, 0, 0, 0, 0, 3, 0, 1, 0, 5, 12, 0, 0, 0, 0, 2, 1, 0, 0, 2, 6, 1, 0, 1, 0, 1, 11, 4, 11, 6, 0, 11, 0, 0, 1, 0, 1, 0, 12, 0, 0, 0, 1, 0, 4, 2, 2, 0, 0, 11, 0, 0, 0, 0, 2, 1, 2, 23, 0, : 1, 1, 1, 5, 10, 10, 1, 8, 3, 16, 15, 3, 9, 3, 1, 5, 12, 2, 1, 2, 6, 1, 1, 1, 11, 4, 11, 6, 11, 1, 1, 12, 1, 4, 2, 2, 11, 2, 1, 2, 23, 
1: 0, 0, 1, 11, 4, 0, 9, 0, 0, 0, 0, 0, 9, 0, 0, 14, 7, 0, 0, 0, 0, 2, 0, 1, 2, 3, 7, 0, 0, 0, 3, 0, 0, 0, 0, 0, 0, 0, 0, 5, 1, 1, 3, 0, 5, 0, 0, 0, 1, 1, 14, 5, 1, 0, 5, 1, 0, 0, 1, 18, 4, 0, 3, 6, 0, 5, 0, 15, 6, 5, 0, 0, 0, 0, 0, 0, 6, 0, 3, 1, : 1, 11, 4, 9, 9, 14, 7, 2, 1, 2, 3, 7, 3, 5, 1, 1, 3, 5, 1, 1, 14, 5, 1, 5, 1, 1, 18, 4, 3, 6, 5, 15, 6, 5, 6, 3, 1, 
12: 0, 0, 1, 5, 3, 0, 0, 2, 0, 0, 0, 17, 0, 6, 1, 1, 18, 11, 0, 0, 0, 11, 0, 9, 1, 0, 0, 0, 0, 0, 2, 0, 0, 1, 14, 0, 0, 15, 16, 0, 0, 0, 0, 0, 8, 10, 1, 0, 0, 2, 1, 0, 1, 0, 1, 0, 0, 0, 0, 0, 7, 6, 0, 0, 0, 11, 1, 0, 0, 0, 10, 4, 0, 0, 14, 3, 0, 0, 0, 0, : 1, 5, 3, 2, 17, 6, 1, 1, 18, 11, 11, 9, 1, 2, 1, 14, 15, 16, 8, 10, 1, 2, 1, 1, 1, 7, 6, 11, 1, 10, 4, 14, 3, 
563: 3, 12, 0, 7, 0, 6, 0, 0, 0, 9, 0, 3, 0, 3, 1, 1, 3, 0, 0, 0, 0, 2, 0, 3, 0, 0, 3, 11, 0, 0, 4, 2, 0, 1, 0, 1, 0, 0, 6, 0, 1, 0, 16, 0, 2, 10, 2, 0, 2, 1, 2, 1, 12, 0, 3, 8, 0, 1, 2, 0, 0, 5, 0, 7, 3, 0, 6, 6, 0, 0, 3, 2, 12, 0, 0, 0, 8, 0, 0, 1, : 3, 12, 7, 6, 9, 3, 3, 1, 1, 3, 2, 3, 3, 11, 4, 2, 1, 1, 6, 1, 16, 2, 10, 2, 2, 1, 2, 1, 12, 3, 8, 1, 2, 5, 7, 3, 6, 6, 3, 2, 12, 8, 1, 
68: 0, 6, 0, 1, 0, 13, 0, 5, 0, 0, 22, 0, 0, 0, 2, 0, 0, 3, 0, 0, 0, 1, 16, 0, 2, 0, 3, 5, 0, 3, 0, 0, 0, 0, 9, 0, 3, 5, 0, 0, 14, 4, 0, 15, 1, 5, 0, 8, 4, 2, 0, 2, 4, 0, 15, 1, 3, 0, 0, 1, 1, 0, 0, 1, 12, 1, 0, 15, 10, 0, 1, 0, 0, 9, 6, 0, 13, 4, 7, 4, : 6, 1, 13, 5, 22, 2, 3, 1, 16, 2, 3, 5, 3, 9, 3, 5, 14, 4, 15, 1, 5, 8, 4, 2, 2, 4, 15, 1, 3, 1, 1, 1, 12, 1, 15, 10, 1, 9, 6, 13, 4, 7, 4, 
88: 13, 0, 1, 0, 0, 2, 19, 4, 0, 1, 6, 5, 0, 0, 1, 0, 0, 2, 0, 0, 0, 0, 1, 0, 0, 0, 0, 0, 3, 2, 7, 0, 0, 0, 1, 8, 0, 4, 11, 0, 3, 4, 21, 0, 0, 0, 0, 0, 1, 7, 4, 0, 1, 4, 0, 1, 0, 6, 0, 0, 3, 0, 1, 0, 5, 3, 0, 1, 10, 0, 0, 0, 0, 0, 9, 0, 0, 2, 0, 0, : 13, 1, 2, 19, 4, 1, 6, 5, 1, 2, 1, 3, 2, 7, 1, 8, 4, 11, 3, 4, 21, 1, 7, 4, 1, 4, 1, 6, 3, 1, 5, 3, 1, 10, 9, 2, 
635: 0, 2, 20, 2, 0, 0, 1, 5, 0, 0, 1, 0, 7, 0, 1, 0, 0, 0, 14, 0, 0, 0, 14, 5, 0, 0, 2, 0, 2, 0, 0, 3, 1, 1, 0, 0, 19, 0, 12, 0, 8, 1, 0, 0, 0, 0, 0, 0, 9, 5, 3, 6, 0, 5, 18, 0, 0, 0, 15, 0, 6, 12, 0, 0, 0, 2, 0, 0, 5, 0, 0, 7, 1, 0, 1, 14, 0, 0, 0, 1, : 2, 20, 2, 1, 5, 1, 7, 1, 14, 14, 5, 2, 2, 3, 1, 1, 19, 12, 8, 1, 9, 5, 3, 6, 5, 18, 15, 6, 12, 2, 5, 7, 1, 1, 14, 1, 
377: 0, 0, 3, 0, 0, 0, 10, 0, 0, 0, 1, 0, 6, 23, 1, 5, 0, 0, 0, 1, 14, 2, 0, 1, 2, 0, 13, 0, 0, 0, 7, 2, 1, 0, 0, 0, 0, 7, 0, 12, 6, 4, 0, 0, 14, 0, 0, 0, 9, 8, 3, 12, 12, 9, 3, 0, 13, 0, 0, 2, 0, 1, 1, 1, 7, 0, 2, 3, 0, 2, 0, 0, 0, 0, 20, 21, 0, 0, 0, 0, : 3, 10, 1, 6, 23, 1, 5, 1, 14, 2, 1, 2, 13, 7, 2, 1, 7, 12, 6, 4, 14, 9, 8, 3, 12, 12, 9, 3, 13, 2, 1, 1, 1, 7, 2, 3, 2, 20, 21, 
219: 20, 6, 1, 0, 0, 3, 0, 1, 10, 0, 0, 6, 0, 0, 6, 3, 14, 4, 0, 4, 11, 6, 5, 2, 0, 16, 2, 23, 1, 0, 0, 3, 0, 8, 0, 0, 0, 0, 0, 3, 3, 0, 12, 6, 1, 7, 1, 0, 8, 1, 1, 0, 5, 4, 6, 0, 0, 0, 1, 0, 0, 2, 0, 0, 0, 2, 0, 0, 0, 0, 6, 2, 0, 9, 9, 8, 0, 3, 0, 0, : 20, 6, 1, 3, 1, 10, 6, 6, 3, 14, 4, 4, 11, 6, 5, 2, 16, 2, 23, 1, 3, 8, 3, 3, 12, 6, 1, 7, 1, 8, 1, 1, 5, 4, 6, 1, 2, 2, 6, 2, 9, 9, 8, 3, 
646: 0, 3, 1, 0, 0, 1, 4, 0, 17, 11, 0, 2, 0, 1, 0, 0, 0, 5, 27, 0, 0, 3, 0, 3, 5, 0, 4, 0, 1, 23, 4, 14, 2, 0, 16, 3, 1, 2, 1, 19, 0, 3, 0, 2, 10, 0, 0, 9, 2, 1, 0, 0, 2, 0, 0, 9, 0, 12, 0, 0, 6, 0, 0, 0, 0, 5, 0, 4, 4, 0, 1, 1, 5, 0, 5, 5, 3, 0, 2, 0, : 3, 1, 1, 4, 17, 11, 2, 1, 5, 27, 3, 3, 5, 4, 1, 23, 4, 14, 2, 16, 3, 1, 2, 1, 19, 3, 2, 10, 9, 2, 1, 2, 9, 12, 6, 5, 4, 4, 1, 1, 5, 5, 5, 3, 2, 
240: 2, 0, 5, 2, 5, 0, 0, 7, 8, 9, 14, 0, 0, 11, 2, 12, 0, 7, 0, 0, 0, 3, 8, 11, 2, 7, 0, 0, 1, 0, 1, 0, 0, 0, 0, 1, 2, 2, 0, 1, 5, 0, 7, 12, 4, 7, 1, 3, 0, 0, 0, 2, 6, 16, 0, 1, 0, 13, 0, 0, 3, 2, 3, 10, 0, 1, 0, 0, 4, 0, 3, 17, 0, 0, 7, 4, 0, 9, 4, 0, : 2, 5, 2, 5, 7, 8, 9, 14, 11, 2, 12, 7, 3, 8, 11, 2, 7, 1, 1, 1, 2, 2, 1, 5, 7, 12, 4, 7, 1, 3, 2, 6, 16, 1, 13, 3, 2, 3, 10, 1, 4, 3, 17, 7, 4, 9, 4, 
149: 0, 0, 0, 0, 6, 2, 1, 0, 0, 0, 18, 8, 6, 7, 1, 6, 0, 0, 8, 0, 0, 0, 0, 0, 1, 0, 0, 0, 0, 0, 0, 0, 2, 8, 4, 1, 2, 0, 10, 0, 0, 7, 0, 0, 9, 0, 7, 5, 3, 3, 5, 0, 0, 0, 11, 13, 2, 7, 2, 1, 0, 0, 6, 0, 0, 0, 24, 0, 0, 0, 5, 1, 0, 0, 0, 0, 12, 4, 3, 0, : 6, 2, 1, 18, 8, 6, 7, 1, 6, 8, 1, 2, 8, 4, 1, 2, 10, 7, 9, 7, 5, 3, 3, 5, 11, 13, 2, 7, 2, 1, 6, 24, 5, 1, 12, 4, 3, 
82: 0, 0, 0, 3, 19, 4, 0, 0, 0, 0, 0, 1, 3, 0, 0, 8, 0, 0, 0, 0, 0, 2, 0, 1, 0, 9, 0, 0, 4, 8, 9, 0, 3, 12, 0, 6, 0, 8, 0, 5, 0, 2, 0, 0, 1, 11, 2, 16, 4, 0, 24, 0, 1, 26, 18, 14, 1, 4, 0, 0, 3, 11, 27, 0, 0, 0, 0, 0, 0, 8, 12, 0, 0, 0, 0, 8, 0, 0, 0, 1, : 3, 19, 4, 1, 3, 8, 2, 1, 9, 4, 8, 9, 3, 12, 6, 8, 5, 2, 1, 11, 2, 16, 4, 24, 1, 26, 18, 14, 1, 4, 3, 11, 27, 8, 12, 8, 1, 
117: 0, 0, 0, 0, 0, 0, 0, 10, 11, 6, 8, 1, 0, 12, 1, 1, 0, 0, 0, 0, 0, 0, 19, 0, 2, 1, 1, 0, 9, 8, 17, 3, 12, 3, 0, 0, 0, 2, 0, 0, 0, 3, 3, 0, 0, 1, 0, 3, 4, 2, 0, 3, 1, 0, 0, 0, 25, 0, 2, 0, 11, 9, 8, 23, 0, 3, 7, 5, 14, 0, 5, 0, 18, 10, 1, 0, 4, 0, 0, 2, : 10, 11, 6, 8, 1, 12, 1, 1, 19, 2, 1, 1, 9, 8, 17, 3, 12, 3, 2, 3, 3, 1, 3, 4, 2, 3, 1, 25, 2, 11, 9, 8, 23, 3, 7, 5, 14, 5, 18, 10, 1, 4, 2, 
457: 0, 0, 3, 0, 0, 0, 18, 8, 0, 0, 5, 0, 17, 0, 9, 0, 19, 4, 23, 1, 1, 0, 0, 2, 0, 0, 0, 0, 1, 0, 0, 0, 0, 4, 2, 10, 1, 3, 0, 9, 1, 17, 0, 1, 0, 0, 1, 0, 0, 3, 0, 14, 2, 0, 0, 0, 11, 0, 0, 16, 0, 0, 0, 3, 0, 11, 0, 1, 0, 9, 0, 0, 7, 0, 3, 0, 0, 3, 0, 0, : 3, 18, 8, 5, 17, 9, 19, 4, 23, 1, 1, 2, 1, 4, 2, 10, 1, 3, 9, 1, 17, 1, 1, 3, 14, 2, 11, 16, 3, 11, 1, 9, 7, 3, 3, 
198: 0, 0, 3, 0, 0, 0, 0, 4, 2, 2, 0, 13, 3, 0, 0, 0, 4, 0, 1, 0, 3, 13, 0, 2, 0, 6, 0, 0, 28, 0, 1, 0, 0, 0, 0, 6, 0, 1, 0, 3, 0, 1, 6, 0, 6, 0, 8, 5, 0, 1, 7, 0, 0, 0, 0, 3, 0, 1, 1, 10, 13, 2, 1, 2, 6, 5, 0, 2, 0, 12, 0, 1, 4, 5, 0, 0, 0, 4, 0, 0, : 3, 4, 2, 2, 13, 3, 4, 1, 3, 13, 2, 6, 28, 1, 6, 1, 3, 1, 6, 6, 8, 5, 1, 7, 3, 1, 1, 10, 13, 2, 1, 2, 6, 5, 2, 12, 1, 4, 5, 4, 
742: 0, 3, 0, 5, 2, 0, 4, 1, 2, 0, 0, 1, 3, 0, 0, 0, 0, 4, 3, 6, 0, 9, 16, 6, 9, 0, 0, 0, 0, 0, 0, 0, 0, 2, 1, 4, 0, 0, 0, 0, 0, 2, 6, 8, 0, 0, 2, 7, 10, 6, 2, 0, 1, 1, 3, 5, 8, 0, 0, 0, 6, 4, 1, 2, 0, 5, 2, 0, 3, 0, 2, 0, 1, 0, 0, 0, 11, 7, 3, 0, : 3, 5, 2, 4, 1, 2, 1, 3, 4, 3, 6, 9, 16, 6, 9, 2, 1, 4, 2, 6, 8, 2, 7, 10, 6, 2, 1, 1, 3, 5, 8, 6, 4, 1, 2, 5, 2, 3, 2, 1, 11, 7, 3, 
213: 0, 0, 4, 0, 0, 11, 0, 0, 1, 1, 4, 6, 19, 0, 10, 3, 0, 9, 8, 0, 7, 11, 6, 3, 2, 9, 3, 18, 0, 0, 0, 0, 14, 0, 28, 2, 1, 1, 0, 0, 3, 4, 0, 9, 3, 2, 0, 0, 0, 3, 0, 3, 9, 0, 2, 0, 0, 21, 0, 16, 0, 23, 0, 0, 6, 0, 27, 1, 22, 0, 0, 0, 0, 18, 0, 4, 1, 0, 0, 12, : 4, 11, 1, 1, 4, 6, 19, 10, 3, 9, 8, 7, 11, 6, 3, 2, 9, 3, 18, 14, 28, 2, 1, 1, 3, 4, 9, 3, 2, 3, 3, 9, 2, 21, 16, 23, 6, 27, 1, 22, 18, 4, 1, 12, 
465: 0, 0, 14, 0, 8, 0, 0, 0, 18, 17, 0, 0, 0, 0, 0, 0, 0, 11, 2, 1, 7, 0, 0, 2, 0, 0, 1, 0, 7, 3, 0, 0, 5, 8, 0, 7, 9, 0, 6, 0, 3, 0, 0, 0, 0, 2, 3, 0, 7, 0, 6, 1, 1, 0, 0, 5, 0, 3, 0, 0, 0, 0, 1, 6, 8, 0, 24, 0, 9, 19, 2, 7, 12, 0, 0, 4, 8, 2, 20, 7, : 14, 8, 18, 17, 11, 2, 1, 7, 2, 1, 7, 3, 5, 8, 7, 9, 6, 3, 2, 3, 7, 6, 1, 1, 5, 3, 1, 6, 8, 24, 9, 19, 2, 7, 12, 4, 8, 2, 20, 7, 
35: 0, 0, 0, 0, 0, 1, 0, 0, 0, 0, 0, 9, 0, 0, 0, 0, 4, 1, 7, 0, 0, 0, 0, 3, 1, 6, 0, 13, 0, 0, 0, 4, 7, 5, 6, 1, 0, 0, 0, 7, 3, 4, 0, 0, 3, 4, 0, 0, 13, 5, 0, 5, 0, 1, 0, 1, 1, 0, 0, 1, 3, 0, 0, 0, 12, 0, 0, 3, 0, 2, 0, 0, 4, 13, 0, 0, 0, 12, 0, 21, : 1, 9, 4, 1, 7, 3, 1, 6, 13, 4, 7, 5, 6, 1, 7, 3, 4, 3, 4, 13, 5, 5, 1, 1, 1, 1, 3, 12, 3, 2, 4, 13, 12, 21, 
500: 9, 0, 16, 2, 8, 14, 11, 0, 6, 0, 4, 6, 0, 0, 3, 6, 0, 0, 0, 0, 1, 0, 0, 3, 0, 0, 0, 0, 0, 0, 2, 4, 0, 0, 0, 3, 9, 0, 7, 11, 0, 1, 0, 2, 0, 0, 22, 0, 3, 11, 2, 5, 1, 0, 1, 0, 0, 3, 0, 0, 0, 5, 2, 10, 0, 0, 1, 1, 0, 0, 0, 0, 2, 0, 0, 8, 0, 3, 9, 0, : 9, 16, 2, 8, 14, 11, 6, 4, 6, 3, 6, 1, 3, 2, 4, 3, 9, 7, 11, 1, 2, 22, 3, 11, 2, 5, 1, 1, 3, 5, 2, 10, 1, 1, 2, 8, 3, 9, 


759: 0, 0, 1, 3, 5, 0, 10, 3, 7, 0, 0, 0, 0, 4, 0, 4, 1, 5, 12, 0, 2, 2, 0, 1, 2, 0, 0, 11, 0, 13, 0, 1, 1, 0, 0, 0, 0, 7, 0, 0, 0, 0, 7, 0, 0, 0, 15, 0, 6, 0, 1, 0, 0, 0, 0, 0, 4, 0, 4, 0, 0, 1, 0, 0, 9, 3, 10, 0, 2, 16, 9, 3, 1, 0, 0, 0, 0, 2, 3, 0, : 1, 3, 5, 10, 3, 7, 4, 4, 1, 5, 12, 2, 2, 1, 2, 11, 13, 1, 1, 7, 7, 15, 6, 1, 4, 4, 1, 9, 3, 10, 2, 16, 9, 3, 1, 2, 3, 
221: 1, 12, 0, 0, 9, 6, 1, 3, 0, 0, 0, 5, 7, 0, 1, 4, 6, 5, 0, 2, 10, 0, 0, 7, 0, 0, 0, 15, 0, 0, 0, 0, 0, 17, 1, 4, 0, 2, 0, 0, 1, 0, 3, 8, 12, 5, 0, 2, 0, 0, 0, 0, 7, 1, 2, 0, 17, 8, 0, 2, 10, 3, 6, 0, 0, 12, 3, 0, 0, 0, 0, 0, 8, 0, 0, 6, 2, 9, 2, 0, : 1, 12, 9, 6, 1, 3, 5, 7, 1, 4, 6, 5, 2, 10, 7, 15, 17, 1, 4, 2, 1, 3, 8, 12, 5, 2, 7, 1, 2, 17, 8, 2, 10, 3, 6, 12, 3, 8, 6, 2, 9, 2, 
250: 1, 0, 13, 10, 0, 0, 0, 0, 1, 2, 2, 0, 3, 0, 9, 0, 0, 0, 11, 0, 0, 0, 0, 0, 2, 0, 0, 0, 0, 0, 0, 1, 7, 0, 0, 0, 1, 0, 1, 3, 0, 3, 1, 0, 1, 0, 15, 0, 16, 1, 14, 0, 0, 12, 7, 0, 0, 4, 1, 1, 0, 0, 4, 0, 12, 0, 3, 0, 1, 0, 9, 0, 2, 16, 0, 0, 2, 0, 0, 0, : 1, 13, 10, 1, 2, 2, 3, 9, 11, 2, 1, 7, 1, 1, 3, 3, 1, 1, 15, 16, 1, 14, 12, 7, 4, 1, 1, 4, 12, 3, 1, 9, 2, 16, 2, 
267: 0, 0, 0, 16, 0, 8, 11, 0, 3, 4, 2, 0, 0, 3, 9, 0, 3, 2, 6, 0, 0, 0, 1, 0, 0, 0, 13, 3, 0, 0, 4, 3, 2, 0, 0, 6, 0, 0, 4, 2, 2, 4, 0, 0, 1, 0, 0, 0, 0, 0, 0, 12, 0, 0, 0, 1, 0, 6, 0, 0, 0, 9, 20, 9, 0, 3, 0, 3, 2, 3, 0, 1, 2, 8, 0, 0, 8, 2, 4, 11, : 16, 8, 11, 3, 4, 2, 3, 9, 3, 2, 6, 1, 13, 3, 4, 3, 2, 6, 4, 2, 2, 4, 1, 12, 1, 6, 9, 20, 9, 3, 3, 2, 3, 1, 2, 8, 8, 2, 4, 11, 
242: 0, 0, 0, 0, 0, 8, 1, 0, 0, 0, 0, 3, 1, 0, 9, 0, 6, 0, 0, 1, 2, 0, 0, 0, 0, 0, 0, 0, 0, 0, 14, 6, 2, 1, 0, 0, 15, 8, 0, 7, 0, 0, 0, 0, 0, 0, 7, 4, 8, 0, 0, 0, 0, 0, 2, 2, 0, 6, 0, 0, 3, 17, 0, 2, 1, 0, 0, 1, 0, 0, 0, 1, 0, 13, 0, 13, 3, 0, 0, 0, : 8, 1, 3, 1, 9, 6, 1, 2, 14, 6, 2, 1, 15, 8, 7, 7, 4, 8, 2, 2, 6, 3, 17, 2, 1, 1, 1, 13, 13, 3, 
706: 10, 0, 6, 17, 2, 7, 6, 0, 6, 0, 0, 0, 2, 0, 0, 0, 0, 1, 2, 14, 0, 0, 4, 0, 0, 0, 17, 2, 0, 0, 6, 11, 6, 0, 0, 12, 0, 0, 17, 0, 0, 8, 13, 0, 0, 0, 18, 0, 0, 1, 0, 0, 28, 6, 0, 15, 0, 1, 9, 11, 0, 7, 5, 0, 1, 0, 0, 0, 2, 19, 2, 0, 0, 2, 0, 10, 0, 8, 0, 9, : 10, 6, 17, 2, 7, 6, 6, 2, 1, 2, 14, 4, 17, 2, 6, 11, 6, 12, 17, 8, 13, 18, 1, 28, 6, 15, 1, 9, 11, 7, 5, 1, 2, 19, 2, 2, 10, 8, 9, 
752: 2, 5, 0, 3, 7, 5, 3, 0, 0, 0, 2, 2, 0, 6, 2, 0, 1, 0, 6, 0, 9, 3, 0, 2, 3, 1, 0, 0, 13, 2, 14, 1, 4, 0, 0, 0, 0, 2, 12, 0, 13, 0, 1, 0, 0, 0, 3, 6, 0, 0, 14, 0, 16, 0, 2, 10, 2, 1, 1, 2, 0, 0, 2, 0, 3, 8, 3, 9, 0, 0, 0, 2, 0, 1, 13, 4, 0, 0, 4, 0, : 2, 5, 3, 7, 5, 3, 2, 2, 6, 2, 1, 6, 9, 3, 2, 3, 1, 13, 2, 14, 1, 4, 2, 12, 13, 1, 3, 6, 14, 16, 2, 10, 2, 1, 1, 2, 2, 3, 8, 3, 9, 2, 1, 13, 4, 4, 
160: 0, 0, 0, 0, 0, 0, 10, 16, 8, 0, 0, 2, 9, 1, 9, 3, 0, 0, 0, 6, 0, 0, 2, 5, 3, 4, 12, 3, 0, 18, 1, 1, 4, 0, 3, 0, 1, 0, 0, 0, 1, 0, 0, 1, 0, 11, 0, 9, 0, 10, 3, 4, 0, 1, 8, 0, 0, 18, 0, 7, 0, 20, 8, 10, 0, 3, 0, 0, 0, 10, 0, 11, 0, 0, 2, 0, 5, 1, 7, 1, : 10, 16, 8, 2, 9, 1, 9, 3, 6, 2, 5, 3, 4, 12, 3, 18, 1, 1, 4, 3, 1, 1, 1, 11, 9, 10, 3, 4, 1, 8, 18, 7, 20, 8, 10, 3, 10, 11, 2, 5, 1, 7, 1, 
478: 25, 0, 6, 18, 6, 0, 0, 0, 8, 0, 1, 0, 0, 0, 0, 0, 2, 1, 0, 22, 24, 0, 0, 0, 0, 0, 0, 10, 0, 0, 0, 0, 0, 15, 0, 4, 3, 15, 10, 5, 0, 8, 0, 0, 1, 12, 10, 2, 2, 0, 5, 0, 0, 1, 3, 0, 0, 6, 3, 0, 0, 0, 20, 0, 1, 0, 0, 0, 0, 0, 0, 3, 0, 0, 0, 0, 1, 2, 9, 0, : 25, 6, 18, 6, 8, 1, 2, 1, 22, 24, 10, 15, 4, 3, 15, 10, 5, 8, 1, 12, 10, 2, 2, 5, 1, 3, 6, 3, 20, 1, 3, 1, 2, 9, 
339: 0, 14, 0, 0, 13, 3, 0, 0, 1, 0, 2, 0, 14, 4, 0, 13, 0, 0, 5, 0, 0, 11, 0, 0, 2, 3, 0, 0, 5, 3, 0, 0, 3, 0, 9, 0, 3, 0, 0, 0, 3, 2, 15, 0, 6, 9, 0, 14, 4, 0, 0, 0, 0, 0, 0, 0, 1, 2, 0, 3, 2, 0, 2, 6, 11, 0, 1, 3, 1, 5, 0, 0, 4, 0, 0, 0, 3, 9, 3, 0, : 14, 13, 3, 1, 2, 14, 4, 13, 5, 11, 2, 3, 5, 3, 3, 9, 3, 3, 2, 15, 6, 9, 14, 4, 1, 2, 3, 2, 2, 6, 11, 1, 3, 1, 5, 4, 3, 9, 3, 
522: 0, 12, 6, 2, 3, 1, 1, 15, 0, 0, 5, 0, 10, 0, 1, 0, 2, 0, 0, 0, 0, 0, 9, 0, 11, 0, 0, 11, 0, 0, 0, 8, 2, 0, 0, 9, 1, 3, 0, 0, 0, 3, 0, 2, 0, 1, 0, 2, 6, 0, 0, 9, 0, 0, 0, 0, 19, 1, 4, 1, 9, 4, 0, 2, 0, 0, 3, 0, 8, 8, 0, 0, 4, 10, 7, 0, 1, 0, 0, 0, : 12, 6, 2, 3, 1, 1, 15, 5, 10, 1, 2, 9, 11, 11, 8, 2, 9, 1, 3, 3, 2, 1, 2, 6, 9, 19, 1, 4, 1, 9, 4, 2, 3, 8, 8, 4, 10, 7, 1, 
393: 0, 9, 0, 0, 0, 1, 23, 0, 3, 0, 1, 0, 2, 0, 0, 0, 0, 0, 0, 1, 5, 0, 10, 24, 0, 0, 1, 0, 0, 0, 3, 20, 17, 1, 1, 9, 0, 2, 6, 3, 0, 1, 1, 0, 27, 0, 0, 0, 3, 0, 2, 4, 0, 0, 0, 0, 0, 13, 0, 3, 0, 2, 0, 0, 0, 3, 0, 0, 0, 2, 1, 0, 0, 0, 19, 1, 3, 0, 0, 0, : 9, 1, 23, 3, 1, 2, 1, 5, 10, 24, 1, 3, 20, 17, 1, 1, 9, 2, 6, 3, 1, 1, 27, 3, 2, 4, 13, 3, 2, 3, 2, 1, 19, 1, 3, 
296: 0, 0, 0, 10, 1, 0, 2, 0, 0, 8, 0, 2, 10, 0, 0, 2, 8, 5, 4, 2, 0, 0, 15, 0, 1, 3, 0, 11, 0, 0, 0, 0, 3, 4, 0, 0, 8, 4, 5, 2, 5, 0, 4, 10, 5, 0, 1, 1, 0, 0, 7, 1, 0, 0, 0, 0, 0, 0, 7, 0, 2, 2, 8, 0, 0, 3, 5, 0, 5, 1, 0, 25, 0, 4, 0, 0, 0, 9, 3, 15, : 10, 1, 2, 8, 2, 10, 2, 8, 5, 4, 2, 15, 1, 3, 11, 3, 4, 8, 4, 5, 2, 5, 4, 10, 5, 1, 1, 7, 1, 7, 2, 2, 8, 3, 5, 5, 1, 25, 4, 9, 3, 15, 
26: 0, 15, 0, 4, 12, 0, 0, 13, 1, 1, 20, 0, 0, 0, 6, 0, 9, 0, 3, 2, 3, 0, 10, 0, 0, 0, 0, 0, 0, 1, 0, 6, 2, 0, 0, 0, 1, 0, 0, 0, 0, 2, 12, 1, 1, 11, 2, 9, 0, 0, 0, 0, 5, 10, 20, 8, 0, 0, 0, 0, 1, 0, 0, 2, 2, 7, 0, 7, 0, 3, 1, 0, 8, 0, 3, 17, 1, 1, 0, 0, : 15, 4, 12, 13, 1, 1, 20, 6, 9, 3, 2, 3, 10, 1, 6, 2, 1, 2, 12, 1, 1, 11, 2, 9, 5, 10, 20, 8, 1, 2, 2, 7, 7, 3, 1, 8, 3, 17, 1, 1, 
447: 0, 1, 0, 0, 1, 9, 0, 10, 9, 0, 0, 0, 0, 0, 0, 6, 2, 0, 0, 0, 3, 10, 1, 0, 0, 8, 0, 5, 2, 0, 0, 0, 8, 9, 0, 0, 13, 7, 0, 0, 7, 0, 7, 3, 0, 0, 0, 6, 0, 0, 2, 0, 0, 1, 2, 3, 0, 15, 0, 2, 2, 0, 0, 4, 0, 1, 0, 2, 0, 0, 3, 0, 8, 0, 0, 6, 2, 0, 0, 0, : 1, 1, 9, 10, 9, 6, 2, 3, 10, 1, 8, 5, 2, 8, 9, 13, 7, 7, 7, 3, 6, 2, 1, 2, 3, 15, 2, 2, 4, 1, 2, 3, 8, 6, 2, 
344: 2, 0, 0, 4, 0, 1, 1, 0, 0, 4, 13, 0, 0, 2, 0, 18, 8, 4, 9, 2, 16, 3, 3, 3, 5, 1, 19, 2, 4, 0, 0, 4, 1, 1, 0, 10, 0, 0, 0, 5, 9, 3, 19, 0, 4, 0, 13, 2, 3, 0, 4, 0, 0, 0, 0, 0, 0, 0, 0, 0, 0, 0, 0, 0, 0, 0, 4, 2, 0, 20, 0, 15, 9, 5, 4, 1, 0, 2, 0, 0, : 2, 4, 1, 1, 4, 13, 2, 18, 8, 4, 9, 2, 16, 3, 3, 3, 5, 1, 19, 2, 4, 4, 1, 1, 10, 5, 9, 3, 19, 4, 13, 2, 3, 4, 4, 2, 20, 15, 9, 5, 4, 1, 2, 
709: 5, 3, 3, 0, 12, 2, 0, 0, 0, 0, 8, 0, 7, 0, 2, 8, 0, 0, 0, 0, 9, 12, 5, 0, 3, 5, 0, 0, 0, 3, 5, 1, 1, 9, 23, 6, 2, 0, 1, 15, 0, 25, 0, 0, 0, 0, 4, 4, 15, 2, 8, 0, 11, 3, 0, 0, 1, 0, 0, 21, 0, 15, 11, 7, 6, 0, 8, 18, 6, 2, 0, 0, 0, 7, 9, 28, 2, 0, 0, 6, : 5, 3, 3, 12, 2, 8, 7, 2, 8, 9, 12, 5, 3, 5, 3, 5, 1, 1, 9, 23, 6, 2, 1, 15, 25, 4, 4, 15, 2, 8, 11, 3, 1, 21, 15, 11, 7, 6, 8, 18, 6, 2, 7, 9, 28, 2, 6, 
435: 1, 0, 0, 8, 3, 0, 0, 6, 14, 1, 0, 5, 0, 2, 0, 26, 3, 0, 0, 6, 0, 6, 0, 0, 17, 0, 0, 0, 5, 0, 0, 0, 0, 0, 7, 3, 9, 8, 0, 1, 0, 0, 0, 2, 0, 0, 0, 5, 0, 7, 0, 1, 0, 0, 0, 0, 0, 4, 0, 1, 0, 6, 0, 1, 7, 0, 1, 0, 0, 0, 2, 0, 0, 0, 0, 0, 23, 0, 1, 0, : 1, 8, 3, 6, 14, 1, 5, 2, 26, 3, 6, 6, 17, 5, 7, 3, 9, 8, 1, 2, 5, 7, 1, 4, 1, 6, 1, 7, 1, 2, 23, 1, 
458: 0, 0, 0, 0, 0, 0, 0, 5, 0, 10, 16, 0, 1, 3, 2, 0, 5, 0, 2, 0, 2, 6, 0, 9, 0, 0, 0, 0, 1, 0, 0, 10, 2, 0, 0, 19, 1, 0, 0, 1, 0, 2, 2, 0, 6, 8, 2, 0, 5, 0, 0, 0, 1, 20, 9, 1, 0, 0, 2, 2, 1, 0, 0, 0, 3, 1, 7, 0, 17, 18, 0, 0, 7, 11, 8, 5, 0, 0, 12, 1, : 5, 10, 16, 1, 3, 2, 5, 2, 2, 6, 9, 1, 10, 2, 19, 1, 1, 2, 2, 6, 8, 2, 5, 1, 20, 9, 1, 2, 2, 1, 3, 1, 7, 17, 18, 7, 11, 8, 5, 12, 1, 
598: 1, 0, 4, 4, 5, 0, 0, 5, 0, 0, 0, 0, 1, 6, 3, 0, 0, 0, 0, 0, 0, 3, 0, 0, 0, 1, 0, 6, 8, 4, 0, 0, 0, 0, 0, 1, 7, 3, 0, 0, 3, 3, 0, 12, 2, 0, 0, 0, 3, 0, 3, 0, 6, 10, 0, 18, 0, 0, 2, 9, 6, 0, 0, 0, 0, 4, 0, 11, 0, 0, 0, 13, 0, 0, 0, 0, 0, 1, 0, 5, : 1, 4, 4, 5, 5, 1, 6, 3, 3, 1, 6, 8, 4, 1, 7, 3, 3, 3, 12, 2, 3, 3, 6, 10, 18, 2, 9, 6, 4, 11, 13, 1, 5, 
496: 0, 0, 2, 0, 0, 3, 0, 0, 13, 0, 0, 9, 0, 2, 0, 2, 1, 1, 0, 0, 9, 0, 0, 0, 0, 0, 0, 0, 0, 1, 0, 0, 3, 0, 4, 0, 8, 6, 13, 0, 7, 0, 0, 0, 0, 2, 0, 3, 0, 10, 0, 24, 0, 4, 7, 0, 0, 1, 0, 0, 11, 1, 0, 0, 0, 0, 6, 1, 1, 1, 0, 0, 11, 0, 4, 2, 0, 1, 8, 0, : 2, 3, 13, 9, 2, 2, 1, 1, 9, 1, 3, 4, 8, 6, 13, 7, 2, 3, 10, 24, 4, 7, 1, 11, 1, 6, 1, 1, 1, 11, 4, 2, 1, 8, 
654: 15, 4, 0, 0, 2, 0, 5, 18, 5, 0, 0, 0, 0, 0, 0, 6, 28, 8, 1, 2, 2, 10, 5, 0, 3, 9, 0, 0, 1, 2, 21, 0, 0, 0, 0, 0, 1, 0, 0, 3, 6, 0, 1, 17, 0, 0, 0, 0, 0, 0, 0, 3, 1, 0, 2, 0, 0, 1, 1, 6, 0, 0, 0, 15, 10, 13, 2, 0, 0, 0, 0, 0, 1, 0, 0, 1, 0, 0, 1, 4, : 15, 4, 2, 5, 18, 5, 6, 28, 8, 1, 2, 2, 10, 5, 3, 9, 1, 2, 21, 1, 3, 6, 1, 17, 3, 1, 2, 1, 1, 6, 15, 10, 13, 2, 1, 1, 1, 4, 
212: 1, 11, 19, 0, 0, 26, 3, 0, 0, 0, 8, 7, 3, 0, 12, 0, 10, 0, 0, 1, 0, 0, 11, 0, 1, 14, 11, 1, 9, 2, 0, 0, 13, 0, 0, 5, 1, 2, 8, 0, 0, 3, 4, 5, 0, 0, 0, 1, 3, 11, 0, 0, 2, 3, 0, 0, 8, 0, 7, 2, 0, 0, 0, 0, 2, 2, 4, 6, 0, 0, 12, 0, 0, 2, 8, 13, 11, 0, 0, 2, : 1, 11, 19, 26, 3, 8, 7, 3, 12, 10, 1, 11, 1, 14, 11, 1, 9, 2, 13, 5, 1, 2, 8, 3, 4, 5, 1, 3, 11, 2, 3, 8, 7, 2, 2, 2, 4, 6, 12, 2, 8, 13, 11, 2, 
56: 0, 0, 6, 0, 0, 0, 15, 0, 0, 0, 0, 0, 0, 5, 0, 0, 11, 16, 22, 0, 0, 0, 0, 0, 4, 14, 0, 0, 16, 0, 0, 0, 1, 12, 0, 5, 0, 0, 0, 0, 0, 0, 0, 0, 10, 0, 7, 1, 0, 0, 11, 0, 1, 0, 2, 0, 7, 0, 12, 0, 22, 0, 3, 0, 0, 3, 0, 0, 0, 0, 10, 15, 3, 7, 1, 0, 0, 14, 4, 0, : 6, 15, 5, 11, 16, 22, 4, 14, 16, 1, 12, 5, 10, 7, 1, 11, 1, 2, 7, 12, 22, 3, 3, 10, 15, 3, 7, 1, 14, 4, 
215: 0, 0, 0, 0, 2, 0, 0, 2, 0, 22, 0, 8, 0, 2, 15, 0, 3, 1, 0, 0, 0, 22, 2, 4, 1, 0, 0, 0, 3, 0, 22, 1, 0, 0, 1, 0, 2, 4, 0, 4, 26, 0, 0, 0, 0, 0, 0, 1, 0, 0, 0, 1, 2, 1, 0, 20, 0, 4, 1, 3, 0, 0, 2, 0, 4, 7, 0, 0, 0, 1, 1, 0, 1, 8, 8, 0, 0, 0, 3, 0, : 2, 2, 22, 8, 2, 15, 3, 1, 22, 2, 4, 1, 3, 22, 1, 1, 2, 4, 4, 26, 1, 1, 2, 1, 20, 4, 1, 3, 2, 4, 7, 1, 1, 1, 8, 8, 3, 
485: 6, 0, 3, 0, 0, 1, 0, 0, 0, 9, 9, 3, 0, 0, 0, 0, 1, 0, 0, 0, 0, 17, 0, 3, 1, 5, 0, 0, 0, 0, 1, 10, 6, 8, 25, 6, 0, 6, 16, 22, 0, 0, 0, 0, 0, 0, 0, 2, 0, 4, 2, 0, 0, 0, 0, 2, 0, 0, 0, 17, 0, 0, 0, 7, 11, 8, 0, 0, 4, 0, 17, 3, 4, 0, 0, 0, 0, 7, 0, 5, : 6, 3, 1, 9, 9, 3, 1, 17, 3, 1, 5, 1, 10, 6, 8, 25, 6, 6, 16, 22, 2, 4, 2, 2, 17, 7, 11, 8, 4, 17, 3, 4, 7, 5, 
188: 1, 0, 1, 0, 11, 1, 4, 10, 0, 0, 0, 1, 0, 0, 9, 0, 0, 10, 1, 2, 0, 2, 0, 12, 12, 2, 0, 0, 3, 0, 0, 0, 8, 0, 12, 0, 4, 0, 0, 0, 0, 4, 4, 7, 0, 0, 2, 5, 15, 10, 0, 10, 0, 0, 0, 6, 6, 6, 0, 0, 4, 10, 0, 1, 1, 1, 13, 0, 2, 3, 0, 3, 0, 0, 0, 0, 0, 0, 1, 1, : 1, 1, 11, 1, 4, 10, 1, 9, 10, 1, 2, 2, 12, 12, 2, 3, 8, 12, 4, 4, 4, 7, 2, 5, 15, 10, 10, 6, 6, 6, 4, 10, 1, 1, 1, 13, 2, 3, 3, 1, 1, 
798: 0, 0, 0, 0, 1, 0, 0, 0, 0, 9, 14, 1, 10, 0, 0, 0, 0, 1, 0, 1, 0, 0, 8, 0, 0, 0, 26, 0, 0, 7, 0, 0, 9, 0, 0, 0, 1, 0, 0, 0, 0, 0, 0, 12, 7, 0, 0, 0, 0, 0, 0, 1, 15, 1, 0, 14, 8, 1, 0, 0, 0, 3, 0, 0, 13, 7, 0, 1, 0, 0, 8, 1, 13, 0, 5, 0, 0, 3, 3, 0, : 1, 9, 14, 1, 10, 1, 1, 8, 26, 7, 9, 1, 12, 7, 1, 15, 1, 14, 8, 1, 3, 13, 7, 1, 8, 1, 13, 5, 3, 3, 
263: 3, 0, 6, 0, 1, 1, 4, 0, 0, 18, 1, 0, 17, 0, 0, 0, 7, 0, 4, 0, 0, 0, 3, 0, 0, 17, 10, 24, 0, 7, 0, 12, 0, 8, 0, 0, 10, 2, 0, 2, 14, 0, 0, 0, 0, 7, 3, 0, 1, 5, 2, 0, 0, 0, 1, 1, 0, 0, 0, 7, 0, 0, 0, 12, 1, 3, 0, 0, 22, 3, 0, 3, 3, 2, 0, 0, 2, 9, 2, 2, : 3, 6, 1, 1, 4, 18, 1, 17, 7, 4, 3, 17, 10, 24, 7, 12, 8, 10, 2, 2, 14, 7, 3, 1, 5, 2, 1, 1, 7, 12, 1, 3, 22, 3, 3, 3, 2, 2, 9, 2, 2, 
668: 3, 0, 0, 0, 1, 11, 0, 0, 0, 0, 2, 23, 0, 8, 2, 1, 0, 0, 0, 0, 1, 3, 15, 0, 0, 0, 0, 5, 3, 0, 6, 2, 2, 0, 0, 0, 3, 0, 0, 10, 6, 0, 4, 0, 10, 5, 1, 9, 3, 8, 0, 0, 0, 12, 4, 18, 0, 8, 14, 1, 3, 0, 0, 0, 5, 1, 1, 1, 1, 0, 0, 8, 0, 1, 13, 0, 0, 0, 4, 4, : 3, 1, 11, 2, 23, 8, 2, 1, 1, 3, 15, 5, 3, 6, 2, 2, 3, 10, 6, 4, 10, 5, 1, 9, 3, 8, 12, 4, 18, 8, 14, 1, 3, 5, 1, 1, 1, 1, 8, 1, 13, 4, 4, 
557: 3, 0, 0, 14, 1, 6, 1, 0, 0, 0, 0, 22, 1, 0, 3, 0, 0, 13, 2, 0, 0, 6, 3, 4, 0, 0, 4, 0, 6, 0, 1, 8, 4, 4, 0, 0, 4, 2, 0, 0, 2, 5, 1, 2, 0, 0, 0, 0, 0, 0, 0, 0, 0, 4, 9, 0, 0, 0, 5, 0, 8, 10, 18, 6, 3, 3, 14, 2, 0, 0, 0, 0, 4, 0, 4, 0, 0, 0, 7, 1, : 3, 14, 1, 6, 1, 22, 1, 3, 13, 2, 6, 3, 4, 4, 6, 1, 8, 4, 4, 4, 2, 2, 5, 1, 2, 4, 9, 5, 8, 10, 18, 6, 3, 3, 14, 2, 4, 4, 7, 1, 
170: 0, 4, 2, 0, 1, 0, 0, 0, 11, 23, 0, 0, 1, 17, 1, 2, 0, 2, 0, 17, 7, 1, 0, 0, 0, 2, 0, 1, 15, 19, 0, 0, 0, 0, 0, 2, 0, 18, 4, 0, 0, 0, 0, 5, 0, 17, 0, 1, 0, 0, 0, 2, 4, 6, 1, 1, 7, 3, 0, 0, 0, 0, 0, 0, 0, 1, 0, 7, 0, 1, 0, 0, 3, 4, 0, 0, 5, 13, 9, 4, : 4, 2, 1, 11, 23, 1, 17, 1, 2, 2, 17, 7, 1, 2, 1, 15, 19, 2, 18, 4, 5, 17, 1, 2, 4, 6, 1, 1, 7, 3, 1, 7, 1, 3, 4, 5, 13, 9, 4, 
351: 4, 0, 0, 0, 5, 2, 1, 0, 0, 2, 0, 3, 9, 13, 6, 10, 0, 0, 0, 0, 0, 0, 3, 9, 13, 0, 0, 1, 7, 4, 7, 4, 0, 0, 3, 2, 0, 0, 2, 1, 0, 1, 0, 9, 2, 1, 16, 1, 7, 0, 14, 18, 0, 4, 11, 0, 6, 0, 5, 7, 16, 0, 9, 0, 1, 9, 1, 2, 0, 0, 21, 1, 7, 0, 0, 13, 2, 0, 2, 2, : 4, 5, 2, 1, 2, 3, 9, 13, 6, 10, 3, 9, 13, 1, 7, 4, 7, 4, 3, 2, 2, 1, 1, 9, 2, 1, 16, 1, 7, 14, 18, 4, 11, 6, 5, 7, 16, 9, 1, 9, 1, 2, 21, 1, 7, 13, 2, 2, 2, 
238: 0, 3, 0, 0, 0, 0, 0, 1, 0, 0, 0, 0, 1, 4, 0, 0, 0, 0, 0, 5, 7, 0, 1, 11, 0, 0, 4, 0, 0, 0, 1, 0, 8, 0, 0, 7, 0, 0, 4, 0, 0, 0, 2, 0, 0, 10, 1, 19, 0, 0, 2, 6, 7, 2, 0, 0, 0, 4, 25, 8, 0, 0, 1, 18, 4, 0, 7, 6, 13, 0, 0, 0, 1, 8, 1, 0, 7, 3, 5, 6, : 3, 1, 1, 4, 5, 7, 1, 11, 4, 1, 8, 7, 4, 2, 10, 1, 19, 2, 6, 7, 2, 4, 25, 8, 1, 18, 4, 7, 6, 13, 1, 8, 1, 7, 3, 5, 6, 
746: 3, 22, 0, 6, 0, 1, 0, 0, 12, 0, 0, 2, 9, 16, 3, 0, 0, 0, 0, 0, 0, 1, 8, 2, 0, 0, 3, 0, 0, 6, 0, 0, 1, 0, 0, 4, 0, 4, 5, 0, 2, 1, 0, 0, 1, 0, 0, 0, 13, 7, 9, 0, 4, 0, 0, 0, 14, 0, 2, 0, 4, 0, 0, 0, 0, 8, 10, 0, 0, 3, 0, 0, 0, 0, 4, 0, 5, 0, 6, 2, : 3, 22, 6, 1, 12, 2, 9, 16, 3, 1, 8, 2, 3, 6, 1, 4, 4, 5, 2, 1, 1, 13, 7, 9, 4, 14, 2, 4, 8, 10, 3, 4, 5, 6, 2, 
98: 0, 1, 0, 0, 6, 2, 3, 0, 5, 0, 0, 0, 0, 12, 0, 6, 0, 13, 1, 19, 8, 0, 0, 2, 0, 12, 0, 2, 1, 0, 0, 8, 0, 0, 0, 0, 7, 1, 0, 13, 0, 2, 0, 0, 2, 4, 0, 0, 0, 0, 1, 0, 0, 9, 12, 0, 6, 0, 0, 2, 0, 0, 0, 1, 0, 2, 5, 13, 0, 0, 19, 0, 6, 0, 2, 0, 2, 1, 5, 11, : 1, 6, 2, 3, 5, 12, 6, 13, 1, 19, 8, 2, 12, 2, 1, 8, 7, 1, 13, 2, 2, 4, 1, 9, 12, 6, 2, 1, 2, 5, 13, 19, 6, 2, 2, 1, 5, 11, 
791: 20, 4, 2, 0, 1, 0, 14, 0, 1, 0, 0, 0, 0, 4, 0, 0, 1, 1, 14, 6, 0, 2, 0, 1, 1, 1, 0, 0, 4, 18, 0, 0, 0, 0, 0, 1, 0, 6, 0, 0, 3, 22, 0, 2, 7, 8, 0, 2, 1, 1, 7, 6, 10, 6, 10, 0, 10, 0, 2, 0, 0, 0, 0, 0, 0, 0, 4, 0, 10, 0, 2, 4, 4, 2, 0, 0, 1, 4, 0, 0, : 20, 4, 2, 1, 14, 1, 4, 1, 1, 14, 6, 2, 1, 1, 1, 4, 18, 1, 6, 3, 22, 2, 7, 8, 2, 1, 1, 7, 6, 10, 6, 10, 10, 2, 4, 10, 2, 4, 4, 2, 1, 4, 
6: 3, 0, 7, 1, 2, 0, 0, 12, 0, 0, 8, 0, 0, 3, 6, 0, 0, 21, 0, 0, 1, 0, 1, 2, 11, 0, 0, 0, 1, 0, 2, 0, 0, 4, 0, 2, 11, 0, 0, 0, 10, 10, 0, 16, 12, 0, 0, 1, 3, 17, 4, 4, 0, 0, 0, 0, 1, 0, 13, 2, 0, 0, 0, 3, 9, 4, 2, 0, 4, 0, 0, 6, 0, 0, 0, 0, 0, 5, 0, 28, : 3, 7, 1, 2, 12, 8, 3, 6, 21, 1, 1, 2, 11, 1, 2, 4, 2, 11, 10, 10, 16, 12, 1, 3, 17, 4, 4, 1, 13, 2, 3, 9, 4, 2, 4, 6, 5, 28, 
142: 9, 0, 19, 0, 3, 2, 0, 1, 12, 2, 6, 3, 0, 3, 7, 9, 1, 10, 15, 9, 0, 0, 0, 5, 1, 5, 0, 4, 12, 10, 9, 2, 0, 3, 23, 3, 0, 1, 12, 21, 0, 0, 0, 6, 0, 0, 0, 4, 3, 26, 3, 14, 0, 0, 1, 0, 3, 0, 0, 0, 0, 1, 1, 0, 0, 0, 3, 15, 15, 1, 0, 0, 2, 1, 1, 0, 4, 13, 5, 0, : 9, 19, 3, 2, 1, 12, 2, 6, 3, 3, 7, 9, 1, 10, 15, 9, 5, 1, 5, 4, 12, 10, 9, 2, 3, 23, 3, 1, 12, 21, 6, 4, 3, 26, 3, 14, 1, 3, 1, 1, 3, 15, 15, 1, 2, 1, 1, 4, 13, 5, 
769: 1, 0, 14, 0, 4, 13, 1, 0, 0, 5, 0, 19, 2, 0, 3, 0, 1, 0, 0, 0, 0, 0, 0, 14, 23, 13, 0, 3, 1, 0, 3, 0, 0, 24, 8, 0, 3, 7, 0, 0, 0, 8, 19, 0, 3, 9, 0, 4, 0, 0, 2, 0, 0, 3, 5, 0, 0, 7, 0, 0, 16, 9, 0, 14, 0, 0, 0, 10, 4, 0, 3, 2, 4, 8, 4, 0, 25, 1, 7, 0, : 1, 14, 4, 13, 1, 5, 19, 2, 3, 1, 14, 23, 13, 3, 1, 3, 24, 8, 3, 7, 8, 19, 3, 9, 4, 2, 3, 5, 7, 16, 9, 14, 10, 4, 3, 2, 4, 8, 4, 25, 1, 7, 


281: 0, 6, 4, 3, 0, 0, 0, 0, 1, 0, 0, 0, 2, 11, 3, 2, 9, 3, 0, 5, 4, 1, 22, 0, 1, 0, 0, 0, 3, 0, 0, 0, 0, 0, 0, 0, 0, 0, 1, 0, 7, 5, 16, 1, 1, 21, 0, 1, 0, 0, 0, 0, 8, 0, 6, 0, 0, 3, 0, 0, 2, 8, 10, 1, 1, 4, 0, 17, 0, 0, 12, 0, 0, 0, 0, 0, 0, 1, 5, 0, : 6, 4, 3, 1, 2, 11, 3, 2, 9, 3, 5, 4, 1, 22, 1, 3, 1, 7, 5, 16, 1, 1, 21, 1, 8, 6, 3, 2, 8, 10, 1, 1, 4, 17, 12, 1, 5, 
58: 8, 10, 12, 1, 0, 0, 3, 5, 0, 0, 0, 19, 2, 1, 0, 12, 0, 0, 1, 0, 0, 5, 2, 0, 6, 6, 0, 1, 3, 0, 0, 5, 5, 14, 0, 0, 3, 0, 2, 0, 0, 1, 10, 0, 0, 7, 0, 4, 0, 15, 0, 10, 1, 0, 0, 2, 0, 8, 0, 1, 0, 13, 0, 0, 2, 24, 0, 0, 0, 9, 0, 0, 4, 0, 1, 0, 3, 0, 0, 0, : 8, 10, 12, 1, 3, 5, 19, 2, 1, 12, 1, 5, 2, 6, 6, 1, 3, 5, 5, 14, 3, 2, 1, 10, 7, 4, 15, 10, 1, 2, 8, 1, 13, 2, 24, 9, 4, 1, 3, 
629: 0, 3, 0, 4, 0, 0, 0, 1, 1, 2, 7, 5, 0, 8, 4, 23, 5, 0, 1, 0, 2, 21, 0, 11, 0, 0, 6, 6, 0, 0, 0, 17, 0, 0, 4, 13, 4, 0, 0, 0, 0, 1, 0, 0, 0, 1, 0, 1, 0, 3, 6, 0, 1, 0, 0, 3, 1, 6, 6, 0, 2, 0, 0, 2, 1, 0, 3, 0, 0, 1, 0, 15, 0, 0, 0, 0, 1, 2, 0, 3, : 3, 4, 1, 1, 2, 7, 5, 8, 4, 23, 5, 1, 2, 21, 11, 6, 6, 17, 4, 13, 4, 1, 1, 1, 3, 6, 1, 3, 1, 6, 6, 2, 2, 1, 3, 1, 15, 1, 2, 3, 
374: 4, 5, 0, 2, 0, 0, 0, 0, 8, 5, 0, 6, 2, 4, 0, 0, 7, 1, 8, 0, 6, 1, 0, 0, 22, 27, 0, 2, 12, 0, 0, 0, 0, 0, 0, 0, 3, 0, 2, 0, 2, 1, 0, 24, 0, 9, 6, 5, 1, 0, 1, 0, 1, 1, 2, 0, 0, 3, 0, 0, 1, 2, 10, 0, 0, 17, 0, 0, 0, 0, 0, 3, 0, 0, 0, 0, 8, 0, 4, 17, : 4, 5, 2, 8, 5, 6, 2, 4, 7, 1, 8, 6, 1, 22, 27, 2, 12, 3, 2, 2, 1, 24, 9, 6, 5, 1, 1, 1, 1, 2, 3, 1, 2, 10, 17, 3, 8, 4, 17, 
299: 0, 0, 18, 0, 11, 0, 3, 0, 0, 0, 5, 1, 1, 1, 1, 0, 6, 3, 0, 20, 6, 7, 6, 4, 7, 2, 0, 1, 0, 0, 0, 0, 2, 15, 1, 20, 0, 0, 0, 11, 0, 0, 1, 0, 1, 0, 0, 0, 1, 0, 2, 0, 0, 2, 0, 0, 0, 0, 15, 0, 0, 0, 2, 18, 0, 0, 0, 0, 9, 1, 1, 1, 0, 17, 0, 0, 7, 4, 2, 4, : 18, 11, 3, 5, 1, 1, 1, 1, 6, 3, 20, 6, 7, 6, 4, 7, 2, 1, 2, 15, 1, 20, 11, 1, 1, 1, 2, 2, 15, 2, 18, 9, 1, 1, 1, 17, 7, 4, 2, 4, 
317: 0, 0, 17, 1, 0, 0, 0, 0, 0, 0, 0, 3, 7, 0, 2, 0, 0, 0, 3, 4, 4, 2, 0, 0, 9, 0, 4, 6, 0, 0, 0, 0, 20, 0, 0, 0, 0, 2, 0, 0, 3, 0, 0, 0, 7, 1, 0, 5, 3, 0, 0, 1, 2, 0, 0, 0, 0, 12, 16, 0, 7, 16, 4, 0, 2, 2, 3, 9, 1, 3, 5, 0, 0, 0, 5, 1, 12, 0, 8, 9, : 17, 1, 3, 7, 2, 3, 4, 4, 2, 9, 4, 6, 20, 2, 3, 7, 1, 5, 3, 1, 2, 12, 16, 7, 16, 4, 2, 2, 3, 9, 1, 3, 5, 5, 1, 12, 8, 9, 
437: 1, 2, 1, 0, 2, 0, 0, 0, 6, 0, 0, 0, 1, 7, 3, 0, 0, 0, 2, 3, 4, 0, 0, 3, 1, 3, 12, 17, 0, 0, 14, 0, 7, 0, 1, 3, 0, 0, 0, 1, 4, 15, 3, 6, 0, 9, 0, 20, 4, 5, 0, 0, 1, 0, 0, 15, 26, 0, 0, 3, 1, 2, 0, 0, 8, 2, 5, 1, 6, 0, 0, 0, 8, 0, 2, 2, 7, 0, 0, 0, : 1, 2, 1, 2, 6, 1, 7, 3, 2, 3, 4, 3, 1, 3, 12, 17, 14, 7, 1, 3, 1, 4, 15, 3, 6, 9, 20, 4, 5, 1, 15, 26, 3, 1, 2, 8, 2, 5, 1, 6, 8, 2, 2, 7, 
116: 6, 0, 0, 3, 0, 6, 0, 0, 2, 0, 0, 1, 0, 1, 1, 0, 0, 0, 2, 1, 3, 2, 2, 2, 1, 0, 3, 1, 21, 9, 0, 2, 2, 0, 6, 0, 2, 17, 0, 0, 10, 0, 1, 0, 0, 0, 0, 0, 5, 7, 0, 0, 2, 0, 0, 7, 2, 1, 0, 3, 0, 0, 0, 0, 0, 0, 1, 0, 11, 0, 5, 0, 4, 0, 0, 0, 17, 6, 1, 4, : 6, 3, 6, 2, 1, 1, 1, 2, 1, 3, 2, 2, 2, 1, 3, 1, 21, 9, 2, 2, 6, 2, 17, 10, 1, 5, 7, 2, 7, 2, 1, 3, 1, 11, 5, 4, 17, 6, 1, 4, 
547: 5, 6, 3, 1, 5, 0, 14, 0, 1, 0, 0, 9, 2, 0, 6, 0, 0, 0, 0, 1, 0, 0, 0, 0, 1, 4, 0, 0, 0, 0, 16, 0, 0, 1, 1, 3, 0, 0, 3, 0, 6, 1, 0, 13, 0, 5, 0, 0, 2, 4, 0, 0, 4, 13, 21, 15, 0, 0, 2, 0, 0, 5, 4, 0, 2, 0, 0, 0, 9, 0, 5, 0, 1, 0, 18, 0, 0, 7, 9, 5, : 5, 6, 3, 1, 5, 14, 1, 9, 2, 6, 1, 1, 4, 16, 1, 1, 3, 3, 6, 1, 13, 5, 2, 4, 4, 13, 21, 15, 2, 5, 4, 2, 9, 5, 1, 18, 7, 9, 5, 
115: 0, 17, 1, 1, 3, 2, 0, 0, 0, 0, 0, 0, 7, 0, 5, 0, 0, 0, 5, 0, 2, 1, 0, 3, 0, 4, 0, 2, 0, 0, 8, 2, 1, 0, 0, 0, 1, 0, 0, 0, 5, 0, 0, 7, 0, 8, 15, 3, 19, 0, 1, 0, 1, 0, 0, 0, 2, 0, 0, 13, 6, 3, 4, 0, 0, 0, 0, 0, 2, 11, 0, 13, 4, 0, 10, 12, 0, 0, 8, 7, : 17, 1, 1, 3, 2, 7, 5, 5, 2, 1, 3, 4, 2, 8, 2, 1, 1, 5, 7, 8, 15, 3, 19, 1, 1, 2, 13, 6, 3, 4, 2, 11, 13, 4, 10, 12, 8, 7, 
593: 3, 0, 10, 1, 0, 0, 0, 0, 0, 0, 0, 6, 0, 0, 2, 1, 5, 0, 0, 2, 11, 11, 6, 5, 4, 0, 0, 8, 4, 0, 2, 9, 0, 0, 0, 3, 3, 0, 8, 3, 3, 0, 0, 0, 5, 0, 14, 5, 0, 0, 17, 0, 6, 1, 0, 2, 0, 2, 0, 0, 9, 0, 0, 8, 0, 0, 0, 4, 0, 3, 3, 0, 11, 7, 4, 4, 0, 1, 12, 7, : 3, 10, 1, 6, 2, 1, 5, 2, 11, 11, 6, 5, 4, 8, 4, 2, 9, 3, 3, 8, 3, 3, 5, 14, 5, 17, 6, 1, 2, 2, 9, 8, 4, 3, 3, 11, 7, 4, 4, 1, 12, 7, 
701: 3, 0, 0, 7, 3, 0, 0, 0, 11, 16, 3, 7, 7, 0, 0, 7, 3, 0, 1, 1, 1, 12, 0, 6, 0, 0, 13, 5, 0, 0, 2, 0, 0, 0, 0, 0, 5, 0, 0, 3, 7, 0, 0, 10, 0, 7, 7, 5, 0, 5, 0, 3, 3, 18, 25, 0, 7, 1, 17, 0, 0, 0, 0, 0, 1, 2, 7, 0, 1, 0, 0, 0, 17, 14, 11, 3, 0, 1, 2, 0, : 3, 7, 3, 11, 16, 3, 7, 7, 7, 3, 1, 1, 1, 12, 6, 13, 5, 2, 5, 3, 7, 10, 7, 7, 5, 5, 3, 3, 18, 25, 7, 1, 17, 1, 2, 7, 1, 17, 14, 11, 3, 1, 2, 
560: 2, 0, 0, 7, 12, 0, 0, 0, 1, 6, 0, 1, 7, 0, 2, 0, 0, 0, 6, 5, 1, 0, 0, 0, 3, 0, 0, 4, 0, 0, 0, 5, 0, 0, 0, 2, 0, 0, 10, 2, 0, 0, 0, 0, 20, 15, 0, 0, 2, 10, 13, 0, 0, 1, 0, 0, 0, 1, 0, 0, 0, 10, 3, 0, 0, 0, 0, 0, 0, 2, 0, 1, 0, 2, 0, 5, 0, 0, 1, 0, : 2, 7, 12, 1, 6, 1, 7, 2, 6, 5, 1, 3, 4, 5, 2, 10, 2, 20, 15, 2, 10, 13, 1, 1, 10, 3, 2, 1, 2, 5, 1, 
165: 0, 10, 1, 0, 0, 0, 1, 0, 1, 6, 3, 0, 2, 1, 0, 0, 0, 0, 3, 12, 14, 0, 1, 12, 1, 3, 0, 0, 3, 19, 7, 0, 4, 1, 8, 1, 1, 0, 3, 0, 0, 3, 0, 21, 8, 0, 17, 0, 13, 0, 0, 0, 4, 5, 0, 19, 4, 0, 4, 0, 2, 4, 2, 17, 0, 5, 0, 2, 2, 1, 8, 1, 4, 2, 10, 0, 0, 4, 0, 1, : 10, 1, 1, 1, 6, 3, 2, 1, 3, 12, 14, 1, 12, 1, 3, 3, 19, 7, 4, 1, 8, 1, 1, 3, 3, 21, 8, 17, 13, 4, 5, 19, 4, 4, 2, 4, 2, 17, 5, 2, 2, 1, 8, 1, 4, 2, 10, 4, 1, 
49: 0, 3, 2, 5, 0, 2, 8, 0, 0, 6, 0, 4, 1, 6, 0, 2, 0, 4, 3, 3, 1, 0, 2, 7, 0, 0, 4, 0, 4, 2, 13, 0, 0, 4, 0, 0, 2, 0, 0, 4, 0, 12, 4, 0, 0, 1, 0, 0, 6, 3, 0, 4, 1, 11, 0, 5, 0, 11, 0, 13, 0, 0, 0, 0, 5, 0, 0, 6, 1, 0, 5, 2, 7, 0, 1, 0, 0, 5, 1, 1, : 3, 2, 5, 2, 8, 6, 4, 1, 6, 2, 4, 3, 3, 1, 2, 7, 4, 4, 2, 13, 4, 2, 4, 12, 4, 1, 6, 3, 4, 1, 11, 5, 11, 13, 5, 6, 1, 5, 2, 7, 1, 5, 1, 1, 
610: 0, 10, 0, 4, 0, 0, 0, 0, 24, 0, 0, 1, 0, 5, 1, 20, 0, 7, 1, 5, 0, 3, 0, 3, 12, 3, 6, 2, 0, 0, 2, 0, 0, 0, 0, 0, 0, 0, 0, 11, 23, 0, 5, 0, 0, 0, 25, 9, 2, 11, 0, 0, 0, 0, 11, 4, 0, 0, 0, 4, 3, 0, 6, 0, 1, 0, 3, 1, 0, 0, 0, 1, 0, 0, 0, 17, 0, 4, 1, 0, : 10, 4, 24, 1, 5, 1, 20, 7, 1, 5, 3, 3, 12, 3, 6, 2, 2, 11, 23, 5, 25, 9, 2, 11, 11, 4, 4, 3, 6, 1, 3, 1, 1, 17, 4, 1, 
337: 7, 0, 0, 1, 0, 0, 9, 19, 0, 0, 5, 0, 4, 10, 4, 3, 0, 20, 3, 0, 1, 1, 1, 8, 0, 0, 0, 10, 0, 0, 1, 6, 0, 1, 4, 0, 0, 0, 0, 7, 0, 6, 16, 0, 0, 0, 0, 0, 1, 0, 2, 0, 5, 7, 0, 0, 0, 0, 1, 0, 0, 15, 4, 20, 2, 3, 0, 0, 0, 0, 0, 1, 0, 0, 0, 0, 0, 1, 4, 0, : 7, 1, 9, 19, 5, 4, 10, 4, 3, 20, 3, 1, 1, 1, 8, 10, 1, 6, 1, 4, 7, 6, 16, 1, 2, 5, 7, 1, 15, 4, 20, 2, 3, 1, 1, 4, 
379: 11, 0, 0, 1, 0, 0, 0, 9, 6, 1, 1, 0, 2, 0, 5, 6, 2, 0, 0, 1, 0, 3, 3, 0, 3, 2, 0, 1, 0, 0, 3, 4, 18, 0, 9, 6, 0, 0, 10, 0, 14, 1, 1, 0, 1, 0, 0, 15, 9, 0, 2, 11, 0, 0, 0, 5, 7, 4, 12, 1, 8, 0, 0, 0, 0, 4, 0, 0, 5, 6, 3, 5, 0, 1, 4, 1, 0, 0, 13, 5, : 11, 1, 9, 6, 1, 1, 2, 5, 6, 2, 1, 3, 3, 3, 2, 1, 3, 4, 18, 9, 6, 10, 14, 1, 1, 1, 15, 9, 2, 11, 5, 7, 4, 12, 1, 8, 4, 5, 6, 3, 5, 1, 4, 1, 13, 5, 
620: 7, 0, 0, 1, 0, 1, 3, 13, 0, 0, 0, 0, 1, 1, 3, 8, 0, 0, 1, 16, 11, 1, 0, 2, 6, 7, 20, 0, 0, 0, 0, 0, 1, 16, 3, 0, 8, 5, 0, 0, 0, 6, 0, 0, 2, 8, 0, 0, 3, 0, 4, 1, 1, 0, 0, 0, 4, 0, 4, 10, 4, 0, 0, 3, 3, 2, 0, 0, 10, 2, 0, 0, 6, 0, 0, 0, 0, 6, 0, 7, : 7, 1, 1, 3, 13, 1, 1, 3, 8, 1, 16, 11, 1, 2, 6, 7, 20, 1, 16, 3, 8, 5, 6, 2, 8, 3, 4, 1, 1, 4, 4, 10, 4, 3, 3, 2, 10, 2, 6, 6, 7, 
286: 0, 8, 0, 0, 22, 7, 2, 0, 0, 6, 6, 19, 9, 7, 0, 0, 5, 3, 1, 0, 0, 5, 3, 0, 4, 0, 0, 1, 23, 0, 0, 3, 0, 0, 3, 5, 0, 0, 0, 0, 0, 1, 1, 4, 0, 9, 0, 4, 0, 0, 0, 0, 0, 0, 0, 1, 0, 11, 0, 14, 0, 1, 5, 0, 0, 0, 1, 1, 1, 0, 6, 18, 1, 0, 0, 0, 0, 0, 6, 2, : 8, 22, 7, 2, 6, 6, 19, 9, 7, 5, 3, 1, 5, 3, 4, 1, 23, 3, 3, 5, 1, 1, 4, 9, 4, 1, 11, 14, 1, 5, 1, 1, 1, 6, 18, 1, 6, 2, 
431: 4, 9, 0, 0, 0, 0, 0, 0, 7, 2, 2, 2, 1, 7, 3, 0, 0, 1, 9, 1, 0, 4, 2, 7, 0, 0, 0, 5, 0, 0, 0, 4, 0, 9, 0, 0, 0, 0, 1, 3, 0, 11, 0, 0, 1, 0, 8, 0, 11, 2, 0, 2, 1, 3, 0, 0, 0, 6, 0, 0, 2, 0, 0, 0, 0, 0, 17, 0, 0, 0, 0, 0, 5, 0, 3, 0, 0, 1, 2, 0, : 4, 9, 7, 2, 2, 2, 1, 7, 3, 1, 9, 1, 4, 2, 7, 5, 4, 9, 1, 3, 11, 1, 8, 11, 2, 2, 1, 3, 6, 2, 17, 5, 3, 1, 2, 
323: 6, 4, 0, 17, 0, 0, 0, 0, 3, 0, 0, 0, 0, 6, 1, 0, 0, 3, 4, 0, 2, 1, 0, 0, 4, 7, 2, 1, 0, 5, 4, 4, 0, 13, 8, 0, 0, 13, 1, 6, 0, 0, 0, 0, 0, 0, 0, 2, 0, 0, 0, 28, 0, 0, 0, 0, 6, 2, 10, 0, 2, 3, 0, 0, 6, 0, 0, 5, 1, 10, 0, 0, 0, 1, 2, 0, 0, 0, 1, 2, : 6, 4, 17, 3, 6, 1, 3, 4, 2, 1, 4, 7, 2, 1, 5, 4, 4, 13, 8, 13, 1, 6, 2, 28, 6, 2, 10, 2, 3, 6, 5, 1, 10, 1, 2, 1, 2, 
497: 0, 0, 0, 9, 0, 1, 0, 19, 2, 19, 16, 4, 7, 12, 11, 0, 0, 0, 2, 2, 0, 0, 10, 0, 0, 11, 0, 12, 1, 22, 2, 0, 0, 0, 4, 0, 11, 12, 0, 4, 1, 0, 3, 0, 6, 0, 2, 13, 3, 0, 2, 0, 3, 17, 0, 0, 5, 16, 0, 0, 5, 0, 0, 12, 9, 1, 1, 8, 15, 0, 2, 8, 1, 0, 3, 0, 0, 6, 0, 0, : 9, 1, 19, 2, 19, 16, 4, 7, 12, 11, 2, 2, 10, 11, 12, 1, 22, 2, 4, 11, 12, 4, 1, 3, 6, 2, 13, 3, 2, 3, 17, 5, 16, 5, 12, 9, 1, 1, 8, 15, 2, 8, 1, 3, 6, 
25: 4, 0, 0, 0, 7, 12, 6, 1, 0, 0, 0, 6, 0, 0, 0, 0, 6, 9, 8, 0, 0, 0, 13, 0, 0, 0, 2, 2, 0, 0, 1, 0, 6, 0, 4, 0, 4, 0, 1, 0, 0, 4, 1, 3, 0, 0, 0, 1, 2, 7, 20, 5, 14, 1, 0, 3, 1, 0, 6, 0, 0, 5, 17, 0, 0, 0, 15, 0, 0, 0, 5, 0, 2, 10, 0, 2, 4, 11, 0, 1, : 4, 7, 12, 6, 1, 6, 6, 9, 8, 13, 2, 2, 1, 6, 4, 4, 1, 4, 1, 3, 1, 2, 7, 20, 5, 14, 1, 3, 1, 6, 5, 17, 15, 5, 2, 10, 2, 4, 11, 1, 
495: 9, 0, 0, 2, 0, 4, 9, 3, 0, 22, 0, 6, 2, 2, 0, 0, 1, 5, 3, 2, 0, 11, 0, 0, 0, 0, 5, 2, 0, 29, 3, 0, 12, 4, 2, 0, 0, 13, 0, 0, 2, 0, 20, 0, 0, 0, 6, 0, 3, 3, 7, 4, 4, 1, 24, 0, 4, 1, 4, 0, 2, 0, 6, 0, 9, 0, 1, 0, 2, 13, 0, 0, 0, 0, 16, 5, 0, 0, 1, 0, : 9, 2, 4, 9, 3, 22, 6, 2, 2, 1, 5, 3, 2, 11, 5, 2, 29, 3, 12, 4, 2, 13, 2, 20, 6, 3, 3, 7, 4, 4, 1, 24, 4, 1, 4, 2, 6, 9, 1, 2, 13, 16, 5, 1, 
622: 3, 0, 0, 7, 7, 0, 17, 0, 2, 2, 0, 0, 20, 1, 9, 12, 21, 0, 6, 3, 6, 3, 0, 0, 1, 9, 14, 2, 2, 9, 0, 1, 10, 0, 1, 0, 4, 0, 6, 7, 1, 0, 5, 0, 0, 0, 0, 0, 0, 2, 0, 0, 12, 0, 0, 6, 3, 0, 0, 4, 0, 0, 3, 0, 0, 1, 0, 0, 2, 4, 0, 0, 7, 0, 2, 0, 0, 3, 5, 4, : 3, 7, 7, 17, 2, 2, 20, 1, 9, 12, 21, 6, 3, 6, 3, 1, 9, 14, 2, 2, 9, 1, 10, 1, 4, 6, 7, 1, 5, 2, 12, 6, 3, 4, 3, 1, 2, 4, 7, 2, 3, 5, 4, 
489: 10, 15, 2, 1, 7, 12, 6, 0, 0, 0, 2, 1, 11, 0, 27, 9, 3, 0, 0, 0, 2, 0, 0, 0, 1, 1, 0, 0, 0, 0, 1, 6, 0, 19, 9, 3, 0, 0, 27, 0, 0, 5, 0, 0, 0, 1, 7, 0, 0, 0, 0, 0, 19, 3, 0, 1, 2, 0, 1, 14, 9, 0, 2, 0, 11, 9, 4, 0, 2, 0, 0, 18, 10, 9, 4, 5, 0, 0, 1, 1, : 10, 15, 2, 1, 7, 12, 6, 2, 1, 11, 27, 9, 3, 2, 1, 1, 1, 6, 19, 9, 3, 27, 5, 1, 7, 19, 3, 1, 2, 1, 14, 9, 2, 11, 9, 4, 2, 18, 10, 9, 4, 5, 1, 1, 
311: 0, 0, 0, 1, 12, 0, 0, 0, 1, 0, 0, 4, 0, 0, 5, 0, 0, 5, 0, 0, 0, 7, 0, 0, 11, 10, 0, 4, 1, 0, 7, 0, 13, 0, 10, 4, 0, 0, 2, 2, 9, 8, 0, 0, 0, 0, 0, 0, 0, 1, 2, 0, 0, 18, 0, 0, 0, 0, 0, 0, 1, 0, 2, 0, 5, 5, 0, 20, 0, 0, 0, 0, 2, 3, 0, 0, 19, 0, 1, 5, : 1, 12, 1, 4, 5, 5, 7, 11, 10, 4, 1, 7, 13, 10, 4, 2, 2, 9, 8, 1, 2, 18, 1, 2, 5, 5, 20, 2, 3, 19, 1, 5, 
45: 7, 0, 3, 2, 0, 0, 11, 3, 11, 1, 17, 0, 10, 0, 3, 8, 0, 0, 0, 1, 1, 0, 14, 2, 0, 0, 0, 1, 2, 0, 0, 0, 0, 0, 4, 12, 0, 0, 12, 7, 0, 1, 6, 0, 16, 0, 2, 0, 5, 0, 16, 15, 4, 0, 0, 17, 0, 7, 0, 0, 0, 0, 0, 0, 0, 7, 6, 16, 6, 12, 0, 5, 13, 0, 0, 16, 16, 0, 0, 1, : 7, 3, 2, 11, 3, 11, 1, 17, 10, 3, 8, 1, 1, 14, 2, 1, 2, 4, 12, 12, 7, 1, 6, 16, 2, 5, 16, 15, 4, 17, 7, 7, 6, 16, 6, 12, 5, 13, 16, 16, 1, 
441: 0, 0, 20, 7, 0, 0, 0, 21, 0, 3, 5, 0, 4, 9, 2, 3, 0, 2, 0, 0, 1, 1, 2, 0, 5, 0, 0, 1, 0, 0, 8, 6, 2, 0, 16, 19, 1, 0, 0, 0, 0, 6, 4, 2, 9, 3, 0, 0, 0, 4, 3, 1, 1, 0, 0, 0, 0, 0, 0, 0, 0, 1, 0, 4, 6, 0, 13, 11, 18, 0, 3, 4, 6, 3, 2, 0, 1, 21, 0, 0, : 20, 7, 21, 3, 5, 4, 9, 2, 3, 2, 1, 1, 2, 5, 1, 8, 6, 2, 16, 19, 1, 6, 4, 2, 9, 3, 4, 3, 1, 1, 1, 4, 6, 13, 11, 18, 3, 4, 6, 3, 2, 1, 21, 
31: 7, 0, 0, 4, 1, 0, 1, 0, 0, 0, 1, 0, 0, 0, 0, 0, 0, 18, 1, 0, 2, 5, 0, 3, 2, 0, 0, 0, 14, 8, 0, 1, 0, 18, 0, 0, 3, 3, 3, 23, 1, 1, 3, 0, 1, 2, 0, 1, 0, 13, 6, 0, 0, 2, 0, 0, 0, 7, 0, 5, 1, 1, 7, 2, 0, 0, 19, 0, 2, 0, 1, 0, 1, 7, 1, 0, 0, 4, 0, 0, : 7, 4, 1, 1, 1, 18, 1, 2, 5, 3, 2, 14, 8, 1, 18, 3, 3, 3, 23, 1, 1, 3, 1, 2, 1, 13, 6, 2, 7, 5, 1, 1, 7, 2, 19, 2, 1, 1, 7, 1, 4, 
461: 0, 2, 0, 13, 0, 0, 3, 24, 1, 0, 0, 1, 1, 0, 0, 0, 0, 15, 8, 0, 0, 3, 0, 12, 0, 0, 1, 3, 0, 5, 0, 5, 0, 0, 13, 0, 0, 21, 1, 0, 5, 4, 3, 5, 0, 0, 0, 0, 0, 1, 2, 1, 0, 0, 0, 4, 6, 0, 11, 0, 0, 7, 0, 0, 9, 0, 0, 6, 2, 10, 1, 0, 0, 2, 0, 16, 0, 1, 4, 2, : 2, 13, 3, 24, 1, 1, 1, 15, 8, 3, 12, 1, 3, 5, 5, 13, 21, 1, 5, 4, 3, 5, 1, 2, 1, 4, 6, 11, 7, 9, 6, 2, 10, 1, 2, 16, 1, 4, 2, 
554: 1, 0, 0, 0, 0, 0, 0, 0, 0, 5, 14, 6, 0, 0, 3, 2, 4, 6, 12, 1, 6, 1, 0, 0, 4, 0, 2, 0, 0, 8, 3, 1, 0, 0, 0, 0, 11, 0, 2, 0, 0, 1, 3, 0, 1, 0, 0, 4, 0, 0, 0, 0, 0, 0, 6, 1, 0, 0, 3, 1, 0, 0, 1, 0, 0, 3, 7, 0, 0, 11, 0, 3, 0, 0, 4, 0, 0, 20, 0, 0, : 1, 5, 14, 6, 3, 2, 4, 6, 12, 1, 6, 1, 4, 2, 8, 3, 1, 11, 2, 1, 3, 1, 4, 6, 1, 3, 1, 1, 3, 7, 11, 3, 4, 20, 
663: 1, 0, 1, 0, 0, 19, 18, 0, 10, 2, 1, 0, 0, 0, 1, 0, 5, 0, 20, 3, 2, 3, 19, 0, 0, 0, 2, 4, 0, 0, 0, 1, 0, 0, 4, 12, 12, 9, 0, 0, 0, 5, 5, 11, 21, 7, 0, 0, 6, 4, 0, 13, 3, 5, 0, 0, 15, 1, 0, 7, 0, 0, 0, 19, 6, 0, 0, 0, 0, 1, 0, 4, 0, 0, 5, 3, 4, 6, 11, 25, : 1, 1, 19, 18, 10, 2, 1, 1, 5, 20, 3, 2, 3, 19, 2, 4, 1, 4, 12, 12, 9, 5, 5, 11, 21, 7, 6, 4, 13, 3, 5, 15, 1, 7, 19, 6, 1, 4, 5, 3, 4, 6, 11, 25, 
700: 3, 0, 13, 4, 0, 26, 0, 0, 5, 0, 0, 3, 0, 0, 9, 0, 12, 1, 0, 24, 8, 0, 1, 0, 8, 4, 0, 1, 0, 0, 3, 13, 11, 5, 3, 0, 0, 0, 0, 8, 0, 2, 0, 0, 2, 3, 0, 0, 18, 2, 12, 0, 1, 1, 0, 0, 18, 0, 0, 0, 17, 12, 0, 0, 0, 13, 1, 0, 1, 5, 14, 0, 0, 3, 0, 0, 0, 0, 1, 0, : 3, 13, 4, 26, 5, 3, 9, 12, 1, 24, 8, 1, 8, 4, 1, 3, 13, 11, 5, 3, 8, 2, 2, 3, 18, 2, 12, 1, 1, 18, 17, 12, 13, 1, 1, 5, 14, 3, 1, 
739: 8, 2, 1, 0, 0, 0, 0, 0, 6, 0, 8, 0, 0, 0, 1, 0, 10, 14, 0, 0, 3, 2, 7, 15, 0, 0, 2, 2, 0, 0, 0, 10, 0, 0, 0, 11, 6, 0, 3, 14, 4, 1, 0, 0, 16, 0, 0, 0, 0, 13, 0, 2, 12, 0, 10, 3, 0, 2, 0, 23, 15, 0, 5, 3, 26, 8, 0, 0, 1, 0, 18, 0, 5, 0, 0, 0, 0, 0, 2, 0, : 8, 2, 1, 6, 8, 1, 10, 14, 3, 2, 7, 15, 2, 2, 10, 11, 6, 3, 14, 4, 1, 16, 13, 2, 12, 10, 3, 2, 23, 15, 5, 3, 26, 8, 1, 18, 5, 2, 
606: 0, 0, 0, 0, 0, 0, 0, 2, 6, 0, 19, 0, 1, 3, 1, 0, 0, 0, 3, 0, 3, 3, 0, 8, 2, 1, 3, 4, 0, 0, 0, 1, 0, 0, 0, 0, 12, 5, 0, 0, 0, 4, 9, 0, 1, 0, 0, 0, 0, 0, 1, 1, 1, 2, 0, 0, 1, 0, 3, 0, 8, 0, 8, 1, 3, 0, 0, 4, 2, 0, 12, 4, 0, 17, 0, 0, 10, 2, 5, 0, : 2, 6, 19, 1, 3, 1, 3, 3, 3, 8, 2, 1, 3, 4, 1, 12, 5, 4, 9, 1, 1, 1, 1, 2, 1, 3, 8, 8, 1, 3, 4, 2, 12, 4, 17, 10, 2, 5, 
234: 0, 8, 5, 6, 2, 8, 6, 0, 2, 11, 5, 3, 0, 0, 0, 1, 0, 0, 0, 0, 0, 0, 2, 0, 1, 1, 8, 2, 1, 0, 0, 4, 0, 0, 0, 3, 14, 17, 12, 1, 0, 10, 0, 12, 0, 0, 11, 0, 1, 1, 0, 18, 0, 0, 15, 1, 0, 14, 0, 4, 12, 11, 1, 0, 0, 8, 2, 0, 1, 0, 0, 1, 0, 0, 1, 20, 3, 0, 4, 0, : 8, 5, 6, 2, 8, 6, 2, 11, 5, 3, 1, 2, 1, 1, 8, 2, 1, 4, 3, 14, 17, 12, 1, 10, 12, 11, 1, 1, 18, 15, 1, 14, 4, 12, 11, 1, 8, 2, 1, 1, 1, 20, 3, 4, 
452: 0, 0, 6, 1, 2, 20, 0, 0, 2, 5, 0, 1, 3, 1, 0, 0, 3, 0, 3, 4, 1, 0, 0, 4, 0, 0, 0, 3, 17, 0, 13, 0, 0, 0, 2, 0, 0, 3, 10, 3, 0, 0, 0, 0, 0, 2, 0, 19, 0, 0, 1, 0, 3, 8, 0, 6, 5, 0, 1, 0, 1, 1, 0, 0, 0, 0, 7, 9, 7, 8, 3, 9, 1, 22, 6, 5, 0, 0, 5, 5, : 6, 1, 2, 20, 2, 5, 1, 3, 1, 3, 3, 4, 1, 4, 3, 17, 13, 2, 3, 10, 3, 2, 19, 1, 3, 8, 6, 5, 1, 1, 1, 7, 9, 7, 8, 3, 9, 1, 22, 6, 5, 5, 5, 
793: 0, 0, 0, 3, 24, 0, 0, 0, 0, 0, 0, 1, 3, 16, 2, 1, 13, 0, 0, 0, 12, 0, 2, 3, 0, 15, 11, 4, 9, 4, 7, 10, 6, 0, 0, 0, 10, 0, 0, 0, 13, 4, 0, 1, 1, 1, 0, 3, 0, 4, 0, 0, 1, 0, 0, 0, 1, 1, 4, 0, 0, 0, 14, 10, 2, 0, 4, 0, 0, 7, 8, 3, 0, 0, 5, 3, 8, 3, 0, 2, : 3, 24, 1, 3, 16, 2, 1, 13, 12, 2, 3, 15, 11, 4, 9, 4, 7, 10, 6, 10, 13, 4, 1, 1, 1, 3, 4, 1, 1, 1, 4, 14, 10, 2, 4, 7, 8, 3, 5, 3, 8, 3, 2, 


300: 14, 0, 0, 5, 0, 1, 0, 4, 0, 0, 1, 8, 23, 3, 0, 1, 0, 3, 0, 7, 0, 1, 0, 0, 2, 6, 0, 0, 11, 0, 0, 1, 0, 4, 9, 0, 0, 0, 2, 1, 0, 4, 7, 2, 0, 0, 0, 0, 0, 0, 0, 0, 1, 0, 3, 0, 0, 6, 0, 0, 0, 4, 0, 0, 0, 18, 0, 0, 3, 12, 0, 0, 0, 0, 0, 0, 10, 5, 20, 0, : 14, 5, 1, 4, 1, 8, 23, 3, 1, 3, 7, 1, 2, 6, 11, 1, 4, 9, 2, 1, 4, 7, 2, 1, 3, 6, 4, 18, 3, 12, 10, 5, 20, 
456: 1, 4, 2, 0, 3, 0, 0, 0, 13, 0, 8, 0, 3, 11, 6, 3, 0, 1, 1, 0, 0, 3, 0, 0, 2, 0, 1, 4, 1, 0, 8, 0, 0, 3, 0, 2, 5, 0, 2, 7, 3, 2, 5, 0, 5, 25, 1, 0, 0, 7, 0, 0, 0, 0, 19, 2, 0, 11, 0, 12, 2, 2, 0, 7, 2, 0, 1, 4, 21, 4, 2, 0, 0, 0, 0, 0, 4, 2, 7, 0, : 1, 4, 2, 3, 13, 8, 3, 11, 6, 3, 1, 1, 3, 2, 1, 4, 1, 8, 3, 2, 5, 2, 7, 3, 2, 5, 5, 25, 1, 7, 19, 2, 11, 12, 2, 2, 7, 2, 1, 4, 21, 4, 2, 4, 2, 7, 
466: 0, 0, 5, 0, 1, 0, 23, 3, 1, 1, 3, 6, 0, 0, 0, 0, 0, 0, 0, 0, 0, 0, 0, 0, 0, 5, 5, 0, 3, 0, 0, 0, 0, 0, 3, 7, 0, 0, 1, 0, 0, 2, 0, 1, 4, 6, 0, 0, 0, 0, 7, 6, 0, 4, 0, 11, 0, 0, 0, 0, 3, 0, 8, 2, 0, 0, 3, 16, 0, 0, 0, 0, 17, 2, 7, 0, 10, 5, 0, 0, : 5, 1, 23, 3, 1, 1, 3, 6, 5, 5, 3, 3, 7, 1, 2, 1, 4, 6, 7, 6, 4, 11, 3, 8, 2, 3, 16, 17, 2, 7, 10, 5, 
33: 2, 0, 0, 2, 0, 0, 0, 4, 4, 11, 0, 0, 0, 0, 5, 0, 0, 0, 0, 1, 4, 0, 5, 0, 0, 1, 0, 0, 11, 13, 0, 0, 0, 1, 0, 5, 0, 5, 1, 0, 1, 0, 6, 3, 0, 0, 0, 0, 0, 6, 5, 2, 0, 1, 3, 2, 11, 12, 0, 1, 0, 8, 0, 0, 2, 0, 0, 0, 0, 0, 0, 0, 4, 3, 14, 1, 0, 17, 4, 1, : 2, 2, 4, 4, 11, 5, 1, 4, 5, 1, 11, 13, 1, 5, 5, 1, 1, 6, 3, 6, 5, 2, 1, 3, 2, 11, 12, 1, 8, 2, 4, 3, 14, 1, 17, 4, 1, 
698: 0, 16, 1, 0, 0, 26, 0, 0, 0, 0, 1, 21, 0, 0, 0, 0, 6, 0, 0, 2, 0, 2, 11, 0, 0, 1, 0, 3, 3, 0, 3, 0, 18, 0, 0, 0, 0, 1, 0, 0, 1, 1, 3, 12, 0, 0, 3, 0, 0, 0, 15, 10, 1, 1, 1, 1, 13, 3, 0, 0, 0, 5, 3, 0, 1, 0, 7, 1, 6, 4, 0, 3, 19, 6, 0, 0, 0, 0, 6, 0, : 16, 1, 26, 1, 21, 6, 2, 2, 11, 1, 3, 3, 3, 18, 1, 1, 1, 3, 12, 3, 15, 10, 1, 1, 1, 1, 13, 3, 5, 3, 1, 7, 1, 6, 4, 3, 19, 6, 6, 
125: 0, 0, 0, 0, 0, 0, 10, 0, 22, 0, 14, 4, 0, 5, 2, 0, 1, 0, 7, 4, 15, 10, 0, 0, 0, 0, 0, 1, 15, 0, 0, 1, 15, 0, 2, 0, 0, 4, 3, 0, 14, 1, 0, 0, 0, 0, 0, 5, 4, 1, 0, 0, 0, 3, 0, 0, 0, 1, 0, 10, 9, 0, 0, 0, 0, 0, 0, 0, 0, 0, 0, 3, 0, 0, 0, 17, 0, 9, 1, 0, : 10, 22, 14, 4, 5, 2, 1, 7, 4, 15, 10, 1, 15, 1, 15, 2, 4, 3, 14, 1, 5, 4, 1, 3, 1, 10, 9, 3, 17, 9, 1, 
771: 0, 0, 7, 0, 0, 0, 5, 16, 14, 0, 0, 4, 0, 1, 0, 0, 11, 0, 0, 7, 2, 5, 16, 11, 0, 4, 0, 0, 0, 0, 0, 3, 2, 0, 0, 8, 4, 3, 2, 7, 0, 1, 1, 0, 0, 0, 3, 3, 9, 0, 0, 2, 7, 3, 0, 4, 0, 0, 0, 8, 5, 0, 0, 1, 3, 0, 0, 7, 3, 0, 1, 0, 4, 6, 1, 3, 0, 0, 17, 0, : 7, 5, 16, 14, 4, 1, 11, 7, 2, 5, 16, 11, 4, 3, 2, 8, 4, 3, 2, 7, 1, 1, 3, 3, 9, 2, 7, 3, 4, 8, 5, 1, 3, 7, 3, 1, 4, 6, 1, 3, 17, 
618: 3, 0, 4, 0, 5, 0, 12, 14, 2, 1, 0, 0, 7, 1, 15, 15, 16, 13, 1, 0, 0, 1, 0, 0, 6, 0, 5, 18, 4, 0, 3, 9, 1, 2, 0, 1, 0, 0, 11, 0, 7, 7, 3, 1, 1, 0, 0, 2, 13, 0, 0, 0, 1, 4, 0, 1, 0, 26, 1, 0, 7, 0, 13, 2, 8, 10, 6, 0, 0, 1, 15, 6, 0, 0, 0, 0, 0, 0, 3, 0, : 3, 4, 5, 12, 14, 2, 1, 7, 1, 15, 15, 16, 13, 1, 1, 6, 5, 18, 4, 3, 9, 1, 2, 1, 11, 7, 7, 3, 1, 1, 2, 13, 1, 4, 1, 26, 1, 7, 13, 2, 8, 10, 6, 1, 15, 6, 3, 
694: 1, 0, 1, 0, 13, 4, 1, 0, 0, 0, 0, 6, 0, 0, 2, 0, 0, 0, 1, 0, 24, 11, 0, 0, 26, 2, 1, 7, 0, 0, 0, 4, 0, 3, 0, 0, 0, 3, 2, 11, 0, 5, 12, 2, 15, 0, 0, 4, 0, 0, 7, 9, 0, 4, 0, 0, 0, 0, 25, 1, 0, 21, 1, 7, 0, 0, 0, 5, 3, 7, 5, 2, 0, 5, 0, 2, 0, 6, 0, 0, : 1, 1, 13, 4, 1, 6, 2, 1, 24, 11, 26, 2, 1, 7, 4, 3, 3, 2, 11, 5, 12, 2, 15, 4, 7, 9, 4, 25, 1, 21, 1, 7, 5, 3, 7, 5, 2, 5, 2, 6, 
773: 0, 7, 0, 6, 3, 0, 9, 0, 1, 0, 0, 11, 0, 1, 1, 0, 4, 13, 0, 1, 10, 1, 6, 0, 0, 25, 5, 5, 0, 24, 7, 17, 8, 5, 2, 0, 4, 13, 0, 1, 4, 0, 0, 0, 3, 0, 2, 0, 11, 6, 2, 0, 4, 0, 0, 17, 0, 0, 0, 8, 4, 1, 0, 2, 0, 0, 0, 0, 0, 3, 7, 3, 0, 0, 1, 0, 9, 9, 2, 0, : 7, 6, 3, 9, 1, 11, 1, 1, 4, 13, 1, 10, 1, 6, 25, 5, 5, 24, 7, 17, 8, 5, 2, 4, 13, 1, 4, 3, 2, 11, 6, 2, 4, 17, 8, 4, 1, 2, 3, 7, 3, 1, 9, 9, 2, 
406: 0, 0, 0, 14, 3, 0, 0, 0, 0, 0, 7, 0, 0, 7, 1, 4, 1, 2, 0, 1, 0, 3, 0, 0, 3, 1, 0, 0, 0, 0, 7, 10, 0, 10, 0, 0, 4, 0, 0, 0, 5, 2, 3, 14, 7, 9, 11, 0, 0, 0, 2, 1, 16, 0, 0, 0, 9, 0, 7, 0, 0, 0, 0, 2, 2, 0, 0, 8, 0, 0, 0, 0, 13, 0, 0, 5, 14, 0, 0, 0, : 14, 3, 7, 7, 1, 4, 1, 2, 1, 3, 3, 1, 7, 10, 10, 4, 5, 2, 3, 14, 7, 9, 11, 2, 1, 16, 9, 7, 2, 2, 8, 13, 5, 14, 
619: 19, 0, 1, 0, 0, 1, 1, 0, 0, 1, 0, 13, 0, 11, 3, 3, 6, 0, 0, 0, 0, 2, 0, 0, 1, 0, 0, 0, 9, 17, 2, 0, 13, 8, 8, 0, 0, 8, 1, 3, 3, 0, 0, 5, 0, 0, 0, 1, 0, 16, 0, 6, 0, 0, 0, 0, 0, 10, 0, 0, 4, 8, 1, 3, 7, 0, 0, 1, 0, 12, 0, 9, 0, 0, 4, 2, 0, 4, 0, 2, : 19, 1, 1, 1, 1, 13, 11, 3, 3, 6, 2, 1, 9, 17, 2, 13, 8, 8, 8, 1, 3, 3, 5, 1, 16, 6, 10, 4, 8, 1, 3, 7, 1, 12, 9, 4, 2, 4, 2, 
90: 1, 0, 3, 10, 0, 0, 4, 5, 1, 0, 0, 0, 7, 2, 0, 0, 13, 0, 0, 4, 0, 0, 0, 0, 7, 0, 11, 1, 0, 0, 1, 13, 0, 6, 12, 10, 0, 0, 11, 0, 7, 4, 5, 16, 22, 0, 0, 0, 0, 0, 0, 3, 0, 6, 0, 5, 6, 8, 17, 4, 0, 0, 6, 1, 15, 0, 4, 0, 3, 4, 1, 14, 0, 1, 0, 0, 0, 8, 0, 2, : 1, 3, 10, 4, 5, 1, 7, 2, 13, 4, 7, 11, 1, 1, 13, 6, 12, 10, 11, 7, 4, 5, 16, 22, 3, 6, 5, 6, 8, 17, 4, 6, 1, 15, 4, 3, 4, 1, 14, 1, 8, 2, 
292: 0, 1, 0, 0, 0, 0, 0, 6, 0, 0, 1, 0, 0, 1, 3, 8, 8, 0, 21, 1, 0, 5, 4, 0, 24, 0, 0, 3, 1, 0, 0, 0, 2, 4, 1, 4, 14, 0, 0, 1, 0, 0, 0, 0, 0, 2, 0, 0, 0, 0, 0, 0, 0, 0, 0, 2, 0, 12, 5, 4, 0, 11, 0, 1, 11, 0, 10, 0, 14, 1, 0, 1, 4, 1, 0, 4, 0, 0, 0, 0, : 1, 6, 1, 1, 3, 8, 8, 21, 1, 5, 4, 24, 3, 1, 2, 4, 1, 4, 14, 1, 2, 2, 12, 5, 4, 11, 1, 11, 10, 14, 1, 1, 4, 1, 4, 
21: 4, 0, 13, 0, 0, 0, 0, 0, 0, 0, 1, 5, 0, 0, 3, 10, 0, 5, 0, 0, 3, 5, 0, 0, 0, 8, 0, 0, 2, 0, 0, 0, 0, 10, 0, 9, 0, 0, 6, 0, 1, 0, 0, 1, 0, 0, 0, 2, 6, 22, 12, 0, 2, 0, 0, 2, 2, 1, 0, 4, 0, 4, 0, 9, 0, 0, 0, 21, 0, 0, 3, 0, 2, 6, 11, 2, 0, 0, 3, 25, : 4, 13, 1, 5, 3, 10, 5, 3, 5, 8, 2, 10, 9, 6, 1, 1, 2, 6, 22, 12, 2, 2, 2, 1, 4, 4, 9, 21, 3, 2, 6, 11, 2, 3, 25, 
658: 1, 0, 0, 0, 0, 0, 0, 0, 0, 0, 0, 0, 0, 0, 0, 1, 0, 5, 12, 20, 5, 0, 4, 10, 0, 0, 0, 4, 1, 0, 0, 2, 0, 0, 10, 2, 0, 2, 2, 0, 5, 2, 4, 0, 0, 11, 1, 0, 0, 1, 0, 0, 11, 17, 0, 9, 0, 0, 4, 13, 1, 1, 0, 2, 0, 3, 0, 3, 0, 0, 7, 1, 0, 13, 0, 0, 0, 0, 5, 6, : 1, 1, 5, 12, 20, 5, 4, 10, 4, 1, 2, 10, 2, 2, 2, 5, 2, 4, 11, 1, 1, 11, 17, 9, 4, 13, 1, 1, 2, 3, 3, 7, 1, 13, 5, 6, 
580: 1, 0, 2, 0, 12, 5, 0, 0, 0, 1, 10, 0, 0, 0, 7, 14, 0, 4, 0, 0, 0, 5, 0, 21, 0, 1, 2, 0, 5, 1, 0, 0, 0, 0, 0, 0, 1, 3, 6, 0, 3, 2, 1, 1, 0, 17, 3, 0, 3, 0, 2, 16, 0, 3, 5, 0, 0, 0, 0, 0, 17, 3, 5, 0, 10, 0, 21, 0, 8, 2, 0, 2, 0, 7, 0, 0, 3, 3, 2, 10, : 1, 2, 12, 5, 1, 10, 7, 14, 4, 5, 21, 1, 2, 5, 1, 1, 3, 6, 3, 2, 1, 1, 17, 3, 3, 2, 16, 3, 5, 17, 3, 5, 10, 21, 8, 2, 2, 7, 3, 3, 2, 10, 
291: 6, 5, 1, 0, 1, 22, 0, 0, 0, 4, 0, 0, 0, 12, 0, 11, 9, 0, 0, 0, 0, 0, 0, 0, 0, 0, 1, 0, 3, 2, 12, 16, 5, 0, 0, 0, 0, 14, 0, 0, 4, 4, 10, 0, 0, 1, 0, 12, 0, 0, 0, 1, 0, 8, 1, 0, 18, 0, 9, 0, 13, 12, 15, 3, 10, 0, 4, 0, 0, 0, 9, 2, 0, 2, 0, 0, 0, 0, 0, 14, : 6, 5, 1, 1, 22, 4, 12, 11, 9, 1, 3, 2, 12, 16, 5, 14, 4, 4, 10, 1, 12, 1, 8, 1, 18, 9, 13, 12, 15, 3, 10, 4, 9, 2, 2, 14, 
67: 1, 0, 2, 0, 0, 0, 0, 11, 15, 9, 0, 0, 8, 1, 0, 1, 0, 4, 1, 2, 23, 9, 0, 6, 0, 0, 0, 0, 0, 13, 6, 0, 0, 0, 0, 10, 10, 0, 3, 0, 0, 1, 2, 7, 0, 2, 0, 1, 0, 4, 0, 1, 0, 2, 0, 0, 0, 0, 14, 1, 0, 2, 0, 2, 0, 0, 0, 0, 0, 0, 4, 0, 0, 0, 0, 1, 1, 0, 2, 0, : 1, 2, 11, 15, 9, 8, 1, 1, 4, 1, 2, 23, 9, 6, 13, 6, 10, 10, 3, 1, 2, 7, 2, 1, 4, 1, 2, 14, 1, 2, 2, 4, 1, 1, 2, 
532: 0, 0, 1, 10, 1, 0, 0, 0, 0, 5, 0, 0, 0, 0, 0, 8, 7, 0, 1, 12, 1, 9, 9, 0, 8, 13, 0, 0, 17, 9, 0, 0, 0, 15, 0, 0, 5, 0, 0, 3, 0, 1, 0, 10, 0, 0, 8, 17, 3, 17, 0, 1, 14, 7, 12, 21, 13, 0, 0, 0, 0, 1, 1, 0, 6, 0, 0, 5, 3, 7, 0, 1, 0, 22, 8, 3, 1, 1, 1, 5, : 1, 10, 1, 5, 8, 7, 1, 12, 1, 9, 9, 8, 13, 17, 9, 15, 5, 3, 1, 10, 8, 17, 3, 17, 1, 14, 7, 12, 21, 13, 1, 1, 6, 5, 3, 7, 1, 22, 8, 3, 1, 1, 1, 5, 
623: 0, 3, 1, 0, 0, 7, 5, 0, 0, 0, 0, 0, 0, 0, 9, 0, 1, 2, 0, 0, 0, 4, 13, 0, 11, 0, 6, 0, 0, 0, 0, 6, 1, 0, 0, 0, 26, 2, 3, 11, 0, 0, 0, 1, 12, 2, 2, 15, 0, 1, 0, 0, 0, 0, 3, 0, 0, 2, 0, 0, 6, 1, 5, 14, 7, 0, 3, 0, 17, 2, 11, 6, 0, 2, 3, 0, 0, 6, 10, 0, : 3, 1, 7, 5, 9, 1, 2, 4, 13, 11, 6, 6, 1, 26, 2, 3, 11, 1, 12, 2, 2, 15, 1, 3, 2, 6, 1, 5, 14, 7, 3, 17, 2, 11, 6, 2, 3, 6, 10, 
94: 0, 0, 0, 0, 26, 0, 10, 0, 3, 0, 4, 0, 25, 0, 0, 0, 0, 14, 5, 8, 0, 2, 0, 0, 0, 0, 15, 4, 0, 0, 0, 0, 17, 0, 17, 6, 0, 0, 0, 5, 17, 2, 4, 0, 0, 0, 10, 0, 0, 0, 0, 17, 0, 2, 0, 0, 0, 0, 0, 5, 0, 0, 0, 1, 0, 0, 1, 0, 0, 0, 1, 10, 0, 0, 0, 0, 2, 0, 0, 1, : 26, 10, 3, 4, 25, 14, 5, 8, 2, 15, 4, 17, 17, 6, 5, 17, 2, 4, 10, 17, 2, 5, 1, 1, 1, 10, 2, 1, 
112: 0, 0, 3, 4, 11, 0, 0, 0, 1, 0, 4, 0, 0, 1, 8, 0, 0, 3, 7, 0, 3, 0, 0, 0, 1, 0, 8, 0, 3, 5, 3, 0, 8, 0, 1, 1, 3, 0, 9, 0, 0, 3, 1, 1, 2, 0, 5, 0, 18, 11, 3, 0, 0, 0, 0, 6, 0, 8, 0, 1, 0, 2, 5, 12, 0, 0, 0, 0, 0, 8, 0, 3, 4, 1, 2, 0, 14, 0, 4, 0, : 3, 4, 11, 1, 4, 1, 8, 3, 7, 3, 1, 8, 3, 5, 3, 8, 1, 1, 3, 9, 3, 1, 1, 2, 5, 18, 11, 3, 6, 8, 1, 2, 5, 12, 8, 3, 4, 1, 2, 14, 4, 
762: 8, 0, 21, 0, 0, 0, 0, 3, 0, 9, 0, 0, 12, 5, 3, 3, 4, 4, 2, 10, 0, 0, 0, 0, 4, 0, 1, 0, 0, 0, 19, 1, 0, 0, 3, 5, 0, 0, 5, 0, 2, 2, 0, 6, 9, 1, 6, 0, 0, 0, 4, 0, 28, 0, 0, 1, 0, 1, 0, 0, 4, 1, 11, 1, 1, 9, 0, 0, 0, 0, 0, 0, 0, 0, 0, 0, 0, 8, 0, 1, : 8, 21, 3, 9, 12, 5, 3, 3, 4, 4, 2, 10, 4, 1, 19, 1, 3, 5, 5, 2, 2, 6, 9, 1, 6, 4, 28, 1, 1, 4, 1, 11, 1, 1, 9, 8, 1, 
349: 0, 3, 6, 9, 0, 0, 0, 7, 14, 7, 12, 0, 2, 3, 1, 5, 0, 1, 0, 8, 0, 0, 10, 0, 0, 2, 19, 4, 0, 6, 0, 4, 1, 0, 8, 11, 0, 0, 12, 0, 6, 14, 2, 0, 0, 0, 5, 5, 2, 0, 7, 0, 0, 0, 6, 0, 0, 2, 0, 0, 25, 13, 1, 0, 0, 17, 0, 0, 5, 0, 0, 7, 10, 3, 0, 20, 0, 1, 0, 0, : 3, 6, 9, 7, 14, 7, 12, 2, 3, 1, 5, 1, 8, 10, 2, 19, 4, 6, 4, 1, 8, 11, 12, 6, 14, 2, 5, 5, 2, 7, 6, 2, 25, 13, 1, 17, 5, 7, 10, 3, 20, 1, 
53: 2, 19, 1, 0, 15, 0, 0, 7, 0, 0, 0, 1, 6, 14, 0, 1, 0, 0, 0, 2, 1, 1, 6, 0, 0, 0, 5, 1, 1, 0, 2, 9, 5, 25, 0, 0, 0, 0, 0, 5, 1, 14, 0, 0, 10, 0, 15, 4, 0, 1, 14, 0, 10, 3, 16, 5, 0, 5, 0, 0, 0, 0, 0, 1, 0, 25, 21, 0, 14, 0, 4, 0, 0, 0, 0, 2, 0, 0, 5, 0, : 2, 19, 1, 15, 7, 1, 6, 14, 1, 2, 1, 1, 6, 5, 1, 1, 2, 9, 5, 25, 5, 1, 14, 10, 15, 4, 1, 14, 10, 3, 16, 5, 5, 1, 25, 21, 14, 4, 2, 5, 
719: 7, 3, 2, 9, 0, 0, 21, 0, 0, 9, 0, 0, 0, 22, 2, 0, 4, 2, 7, 0, 0, 9, 5, 16, 1, 0, 0, 0, 5, 1, 0, 0, 2, 0, 0, 5, 0, 0, 0, 4, 15, 0, 0, 1, 0, 14, 0, 0, 1, 0, 0, 12, 0, 2, 4, 0, 0, 2, 3, 3, 1, 1, 1, 0, 0, 2, 3, 19, 1, 0, 0, 0, 4, 1, 0, 0, 19, 0, 3, 0, : 7, 3, 2, 9, 21, 9, 22, 2, 4, 2, 7, 9, 5, 16, 1, 5, 1, 2, 5, 4, 15, 1, 14, 1, 12, 2, 4, 2, 3, 3, 1, 1, 1, 2, 3, 19, 1, 4, 1, 19, 3, 
85: 0, 0, 14, 6, 3, 0, 5, 10, 0, 11, 5, 0, 0, 5, 0, 1, 8, 5, 2, 1, 1, 0, 7, 13, 0, 0, 7, 9, 1, 0, 0, 0, 2, 0, 0, 0, 1, 17, 4, 0, 0, 0, 0, 0, 0, 0, 0, 0, 0, 0, 0, 8, 0, 0, 0, 0, 0, 1, 0, 2, 3, 0, 17, 10, 2, 4, 4, 2, 6, 2, 13, 6, 12, 17, 18, 0, 0, 0, 0, 2, : 14, 6, 3, 5, 10, 11, 5, 5, 1, 8, 5, 2, 1, 1, 7, 13, 7, 9, 1, 2, 1, 17, 4, 8, 1, 2, 3, 17, 10, 2, 4, 4, 2, 6, 2, 13, 6, 12, 17, 18, 2, 
222: 8, 0, 4, 0, 4, 12, 0, 3, 3, 9, 3, 0, 0, 1, 22, 0, 0, 6, 0, 0, 1, 1, 0, 0, 0, 2, 0, 4, 0, 0, 2, 0, 1, 0, 0, 9, 0, 15, 0, 0, 2, 4, 0, 10, 1, 0, 5, 0, 0, 0, 2, 0, 3, 16, 3, 11, 11, 0, 0, 0, 0, 0, 0, 8, 0, 0, 12, 2, 0, 0, 1, 0, 14, 2, 0, 0, 0, 3, 0, 0, : 8, 4, 4, 12, 3, 3, 9, 3, 1, 22, 6, 1, 1, 2, 4, 2, 1, 9, 15, 2, 4, 10, 1, 5, 2, 3, 16, 3, 11, 11, 8, 12, 2, 1, 14, 2, 3, 
430: 3, 9, 0, 5, 4, 26, 0, 8, 4, 3, 0, 0, 10, 2, 0, 0, 12, 8, 3, 6, 1, 0, 1, 5, 1, 0, 1, 0, 1, 1, 2, 15, 0, 0, 0, 0, 0, 2, 3, 0, 0, 0, 11, 3, 2, 2, 0, 18, 15, 1, 5, 1, 0, 11, 10, 0, 12, 0, 0, 3, 8, 2, 2, 0, 0, 15, 0, 0, 0, 1, 0, 0, 0, 1, 0, 0, 2, 3, 0, 0, : 3, 9, 5, 4, 26, 8, 4, 3, 10, 2, 12, 8, 3, 6, 1, 1, 5, 1, 1, 1, 1, 2, 15, 2, 3, 11, 3, 2, 2, 18, 15, 1, 5, 1, 11, 10, 12, 3, 8, 2, 2, 15, 1, 1, 2, 3, 
444: 7, 9, 0, 1, 4, 0, 0, 0, 6, 0, 9, 11, 0, 0, 0, 2, 0, 0, 4, 4, 3, 2, 0, 27, 0, 3, 0, 4, 0, 1, 1, 1, 6, 1, 0, 17, 5, 4, 0, 6, 2, 2, 0, 2, 11, 0, 0, 5, 0, 0, 1, 9, 11, 0, 0, 0, 0, 5, 0, 0, 0, 2, 2, 11, 0, 0, 0, 6, 0, 3, 0, 0, 0, 0, 0, 0, 18, 1, 0, 0, : 7, 9, 1, 4, 6, 9, 11, 2, 4, 4, 3, 2, 27, 3, 4, 1, 1, 1, 6, 1, 17, 5, 4, 6, 2, 2, 2, 11, 5, 1, 9, 11, 5, 2, 2, 11, 6, 3, 18, 1, 
79: 0, 0, 4, 0, 0, 2, 0, 0, 0, 9, 16, 0, 13, 0, 8, 1, 0, 3, 7, 5, 0, 3, 0, 4, 0, 6, 9, 2, 3, 1, 0, 0, 5, 0, 0, 0, 0, 18, 0, 0, 2, 0, 5, 0, 3, 0, 6, 12, 3, 0, 0, 4, 1, 0, 0, 7, 0, 2, 1, 12, 0, 6, 1, 0, 4, 0, 0, 0, 0, 17, 0, 0, 0, 5, 18, 0, 0, 9, 0, 9, : 4, 2, 9, 16, 13, 8, 1, 3, 7, 5, 3, 4, 6, 9, 2, 3, 1, 5, 18, 2, 5, 3, 6, 12, 3, 4, 1, 7, 2, 1, 12, 6, 1, 4, 17, 5, 18, 9, 9, 
164: 7, 10, 6, 0, 1, 0, 0, 0, 2, 0, 16, 10, 4, 0, 1, 9, 0, 0, 9, 0, 0, 2, 0, 0, 0, 9, 12, 6, 0, 0, 0, 1, 0, 0, 5, 2, 24, 0, 5, 16, 3, 0, 9, 2, 0, 22, 1, 0, 0, 0, 17, 0, 2, 0, 0, 1, 0, 0, 3, 5, 0, 2, 0, 0, 13, 0, 0, 0, 0, 2, 0, 8, 12, 1, 1, 9, 0, 2, 10, 12, : 7, 10, 6, 1, 2, 16, 10, 4, 1, 9, 9, 2, 9, 12, 6, 1, 5, 2, 24, 5, 16, 3, 9, 2, 22, 1, 17, 2, 1, 3, 5, 2, 13, 2, 8, 12, 1, 1, 9, 2, 10, 12, 
723: 0, 0, 6, 2, 0, 4, 0, 0, 4, 0, 0, 0, 0, 1, 3, 0, 0, 4, 2, 4, 11, 1, 0, 0, 10, 14, 2, 3, 1, 0, 22, 0, 0, 0, 0, 0, 3, 0, 18, 0, 2, 3, 0, 0, 0, 6, 28, 9, 0, 0, 0, 6, 0, 1, 16, 1, 4, 0, 0, 0, 0, 0, 0, 3, 0, 1, 4, 0, 0, 2, 0, 4, 0, 0, 23, 0, 0, 2, 1, 11, : 6, 2, 4, 4, 1, 3, 4, 2, 4, 11, 1, 10, 14, 2, 3, 1, 22, 3, 18, 2, 3, 6, 28, 9, 6, 1, 16, 1, 4, 3, 1, 4, 2, 4, 23, 2, 1, 11, 
589: 1, 4, 1, 6, 0, 0, 0, 8, 1, 25, 0, 10, 0, 0, 12, 0, 5, 0, 0, 2, 0, 0, 0, 0, 0, 1, 0, 0, 1, 0, 1, 2, 5, 7, 0, 0, 0, 3, 0, 12, 3, 3, 8, 0, 0, 0, 0, 0, 0, 1, 6, 0, 0, 0, 0, 0, 0, 0, 5, 0, 0, 0, 6, 8, 0, 7, 7, 2, 0, 7, 0, 0, 0, 0, 0, 8, 1, 0, 7, 3, : 1, 4, 1, 6, 8, 1, 25, 10, 12, 5, 2, 1, 1, 1, 2, 5, 7, 3, 12, 3, 3, 8, 1, 6, 5, 6, 8, 7, 7, 2, 7, 8, 1, 7, 3, 
648: 0, 23, 0, 10, 3, 0, 0, 0, 0, 0, 0, 4, 0, 4, 0, 0, 1, 1, 2, 0, 7, 1, 2, 0, 1, 1, 0, 7, 0, 13, 0, 0, 0, 1, 13, 0, 0, 0, 4, 4, 0, 8, 1, 0, 0, 0, 3, 0, 3, 2, 0, 0, 4, 3, 1, 0, 17, 2, 0, 1, 0, 7, 0, 0, 1, 5, 0, 0, 2, 11, 12, 0, 1, 0, 1, 19, 10, 0, 0, 3, : 23, 10, 3, 4, 4, 1, 1, 2, 7, 1, 2, 1, 1, 7, 13, 1, 13, 4, 4, 8, 1, 3, 3, 2, 4, 3, 1, 17, 2, 1, 7, 1, 5, 2, 11, 12, 1, 1, 19, 10, 3, 
253: 2, 0, 0, 20, 3, 0, 11, 3, 0, 0, 1, 0, 0, 0, 0, 0, 0, 6, 1, 2, 0, 0, 1, 0, 2, 0, 0, 9, 14, 3, 2, 0, 0, 0, 1, 5, 5, 1, 0, 23, 0, 8, 1, 14, 11, 0, 0, 5, 0, 0, 1, 0, 0, 0, 0, 0, 0, 0, 0, 0, 0, 0, 0, 4, 1, 4, 0, 0, 8, 0, 3, 25, 0, 0, 0, 9, 0, 0, 0, 0, : 2, 20, 3, 11, 3, 1, 6, 1, 2, 1, 2, 9, 14, 3, 2, 1, 5, 5, 1, 23, 8, 1, 14, 11, 5, 1, 4, 1, 4, 8, 3, 25, 9, 
772: 0, 0, 7, 1, 0, 0, 1, 8, 0, 0, 0, 0, 0, 0, 0, 0, 0, 1, 0, 1, 3, 0, 0, 4, 10, 5, 3, 0, 0, 0, 8, 3, 0, 0, 0, 1, 0, 0, 4, 0, 0, 5, 0, 5, 0, 0, 2, 0, 5, 15, 0, 2, 2, 9, 11, 0, 4, 0, 5, 0, 5, 0, 0, 1, 0, 0, 0, 0, 3, 5, 21, 0, 0, 1, 0, 0, 2, 3, 5, 0, : 7, 1, 1, 8, 1, 1, 3, 4, 10, 5, 3, 8, 3, 1, 4, 5, 5, 2, 5, 15, 2, 2, 9, 11, 4, 5, 5, 1, 3, 5, 21, 1, 2, 3, 5, 
248: 11, 4, 0, 0, 0, 0, 0, 0, 9, 3, 0, 6, 0, 0, 2, 19, 3, 6, 0, 5, 1, 22, 7, 0, 0, 10, 1, 4, 4, 0, 3, 0, 0, 15, 24, 0, 2, 2, 0, 0, 0, 0, 15, 0, 0, 0, 0, 0, 24, 8, 6, 3, 0, 6, 6, 4, 0, 0, 21, 22, 3, 0, 15, 2, 7, 0, 0, 11, 0, 0, 0, 0, 0, 12, 0, 5, 0, 2, 1, 5, : 11, 4, 9, 3, 6, 2, 19, 3, 6, 5, 1, 22, 7, 10, 1, 4, 4, 3, 15, 24, 2, 2, 15, 24, 8, 6, 3, 6, 6, 4, 21, 22, 3, 15, 2, 7, 11, 12, 5, 2, 1, 5, 
207: 10, 0, 1, 0, 4, 10, 2, 0, 0, 2, 4, 0, 0, 6, 1, 0, 0, 4, 24, 0, 1, 0, 13, 3, 0, 0, 0, 17, 0, 10, 6, 2, 3, 0, 1, 0, 4, 0, 0, 0, 7, 13, 1, 0, 2, 0, 0, 0, 0, 0, 2, 0, 2, 4, 0, 7, 0, 0, 0, 0, 0, 0, 1, 0, 7, 0, 9, 7, 0, 3, 0, 4, 0, 0, 8, 8, 0, 11, 1, 8, : 10, 1, 4, 10, 2, 2, 4, 6, 1, 4, 24, 1, 13, 3, 17, 10, 6, 2, 3, 1, 4, 7, 13, 1, 2, 2, 2, 4, 7, 1, 7, 9, 7, 3, 4, 8, 8, 11, 1, 8, 


321: 0, 0, 0, 5, 0, 7, 2, 0, 0, 1, 8, 3, 0, 1, 7, 4, 0, 0, 16, 4, 0, 5, 8, 0, 0, 7, 0, 0, 0, 0, 2, 4, 0, 4, 1, 7, 19, 3, 0, 0, 6, 1, 0, 2, 0, 13, 0, 25, 10, 0, 1, 2, 0, 0, 0, 1, 0, 0, 0, 24, 1, 6, 13, 2, 3, 0, 0, 0, 22, 14, 0, 2, 0, 0, 0, 0, 19, 0, 0, 0, : 5, 7, 2, 1, 8, 3, 1, 7, 4, 16, 4, 5, 8, 7, 2, 4, 4, 1, 7, 19, 3, 6, 1, 2, 13, 25, 10, 1, 2, 1, 24, 1, 6, 13, 2, 3, 22, 14, 2, 19, 
200: 3, 12, 0, 14, 1, 0, 4, 2, 1, 0, 0, 2, 12, 0, 0, 13, 0, 0, 2, 2, 0, 0, 10, 21, 24, 13, 3, 5, 4, 0, 3, 0, 0, 0, 0, 0, 0, 10, 0, 0, 7, 4, 2, 0, 0, 0, 0, 2, 3, 3, 0, 2, 0, 1, 16, 9, 4, 16, 9, 1, 0, 0, 0, 1, 0, 14, 0, 0, 3, 5, 0, 1, 1, 9, 2, 9, 0, 3, 5, 0, : 3, 12, 14, 1, 4, 2, 1, 2, 12, 13, 2, 2, 10, 21, 24, 13, 3, 5, 4, 3, 10, 7, 4, 2, 2, 3, 3, 2, 1, 16, 9, 4, 16, 9, 1, 1, 14, 3, 5, 1, 1, 9, 2, 9, 3, 5, 
797: 0, 0, 0, 4, 6, 0, 1, 0, 10, 1, 5, 4, 0, 0, 0, 0, 0, 6, 1, 6, 0, 0, 3, 0, 0, 11, 20, 0, 1, 0, 3, 1, 3, 0, 0, 5, 3, 0, 0, 2, 0, 0, 0, 0, 14, 0, 0, 0, 5, 3, 14, 0, 0, 0, 0, 0, 0, 0, 0, 2, 0, 1, 2, 0, 0, 1, 0, 8, 0, 11, 0, 0, 0, 2, 2, 2, 0, 0, 2, 0, : 4, 6, 1, 10, 1, 5, 4, 6, 1, 6, 3, 11, 20, 1, 3, 1, 3, 5, 3, 2, 14, 5, 3, 14, 2, 1, 2, 1, 8, 11, 2, 2, 2, 2, 
20: 0, 21, 0, 0, 0, 0, 0, 2, 0, 15, 3, 0, 5, 0, 0, 1, 0, 20, 0, 6, 0, 0, 4, 0, 0, 2, 0, 4, 8, 2, 0, 1, 0, 0, 17, 0, 0, 0, 6, 5, 1, 1, 0, 0, 0, 8, 0, 4, 0, 10, 11, 0, 0, 13, 0, 0, 0, 0, 1, 4, 0, 1, 2, 4, 0, 0, 0, 0, 0, 0, 0, 0, 0, 0, 1, 5, 5, 15, 0, 0, : 21, 2, 15, 3, 5, 1, 20, 6, 4, 2, 4, 8, 2, 1, 17, 6, 5, 1, 1, 8, 4, 10, 11, 13, 1, 4, 1, 2, 4, 1, 5, 5, 15, 
203: 0, 0, 2, 0, 3, 0, 6, 0, 3, 0, 0, 10, 0, 0, 0, 0, 6, 0, 0, 0, 1, 4, 0, 0, 0, 0, 0, 0, 0, 0, 0, 9, 0, 0, 0, 0, 4, 9, 0, 2, 0, 2, 1, 11, 5, 3, 5, 0, 8, 1, 8, 0, 12, 5, 5, 0, 1, 0, 3, 21, 3, 0, 4, 0, 14, 0, 0, 1, 0, 0, 0, 0, 10, 0, 2, 13, 7, 0, 2, 5, : 2, 3, 6, 3, 10, 6, 1, 4, 9, 4, 9, 2, 2, 1, 11, 5, 3, 5, 8, 1, 8, 12, 5, 5, 1, 3, 21, 3, 4, 14, 1, 10, 2, 13, 7, 2, 5, 
443: 0, 11, 0, 0, 24, 0, 0, 10, 2, 2, 0, 5, 0, 3, 14, 0, 4, 4, 0, 0, 3, 4, 3, 0, 0, 0, 0, 3, 1, 0, 9, 1, 0, 1, 0, 9, 0, 1, 0, 0, 0, 1, 5, 12, 0, 8, 6, 0, 5, 4, 0, 0, 0, 0, 0, 0, 5, 0, 0, 0, 6, 1, 1, 0, 25, 0, 0, 0, 6, 0, 0, 0, 0, 6, 8, 10, 0, 10, 3, 0, : 11, 24, 10, 2, 2, 5, 3, 14, 4, 4, 3, 4, 3, 3, 1, 9, 1, 1, 9, 1, 1, 5, 12, 8, 6, 5, 4, 5, 6, 1, 1, 25, 6, 6, 8, 10, 10, 3, 
479: 2, 4, 0, 5, 0, 0, 0, 0, 7, 0, 0, 12, 0, 21, 0, 1, 0, 6, 0, 10, 0, 0, 1, 2, 0, 6, 12, 3, 1, 6, 0, 4, 0, 7, 0, 2, 4, 1, 0, 0, 16, 0, 0, 0, 0, 15, 5, 1, 0, 0, 0, 0, 0, 0, 1, 11, 1, 0, 3, 0, 13, 0, 0, 10, 0, 0, 0, 22, 0, 0, 12, 0, 0, 0, 2, 6, 0, 0, 6, 21, : 2, 4, 5, 7, 12, 21, 1, 6, 10, 1, 2, 6, 12, 3, 1, 6, 4, 7, 2, 4, 1, 16, 15, 5, 1, 1, 11, 1, 3, 13, 10, 22, 12, 2, 6, 6, 21, 
586: 0, 11, 0, 16, 0, 17, 0, 1, 1, 0, 4, 0, 6, 9, 0, 0, 6, 0, 0, 1, 0, 0, 5, 0, 0, 0, 0, 6, 0, 3, 0, 2, 1, 3, 1, 0, 0, 3, 0, 0, 1, 4, 0, 0, 1, 1, 1, 10, 0, 11, 0, 3, 0, 0, 0, 0, 18, 0, 2, 1, 1, 13, 7, 0, 8, 0, 0, 7, 18, 0, 9, 13, 9, 1, 3, 0, 6, 0, 0, 0, : 11, 16, 17, 1, 1, 4, 6, 9, 6, 1, 5, 6, 3, 2, 1, 3, 1, 3, 1, 4, 1, 1, 1, 10, 11, 3, 18, 2, 1, 1, 13, 7, 8, 7, 18, 9, 13, 9, 1, 3, 6, 
480: 15, 12, 0, 25, 8, 0, 0, 0, 0, 0, 5, 1, 0, 14, 0, 0, 0, 0, 0, 0, 0, 0, 0, 0, 0, 1, 19, 3, 1, 4, 0, 8, 3, 0, 0, 0, 28, 0, 0, 15, 4, 11, 5, 0, 9, 1, 0, 0, 1, 0, 0, 0, 15, 15, 6, 0, 0, 5, 0, 0, 12, 25, 2, 1, 0, 1, 0, 1, 2, 0, 4, 0, 1, 0, 0, 3, 0, 0, 0, 0, : 15, 12, 25, 8, 5, 1, 14, 1, 19, 3, 1, 4, 8, 3, 28, 15, 4, 11, 5, 9, 1, 1, 15, 15, 6, 5, 12, 25, 2, 1, 1, 1, 2, 4, 1, 3, 
66: 9, 4, 2, 3, 4, 1, 0, 0, 3, 0, 0, 0, 0, 0, 0, 0, 0, 0, 0, 0, 15, 0, 0, 3, 0, 0, 0, 6, 5, 0, 26, 0, 0, 3, 0, 0, 0, 4, 2, 0, 0, 1, 7, 0, 0, 10, 0, 0, 3, 0, 1, 0, 5, 1, 0, 6, 0, 2, 1, 0, 3, 0, 3, 0, 0, 0, 0, 0, 0, 13, 0, 3, 0, 0, 16, 0, 0, 0, 0, 0, : 9, 4, 2, 3, 4, 1, 3, 15, 3, 6, 5, 26, 3, 4, 2, 1, 7, 10, 3, 1, 5, 1, 6, 2, 1, 3, 3, 13, 3, 16, 
594: 0, 0, 16, 0, 0, 1, 2, 3, 1, 0, 0, 0, 3, 0, 0, 0, 1, 0, 0, 0, 0, 0, 0, 0, 12, 4, 7, 12, 1, 0, 2, 0, 18, 0, 0, 0, 0, 2, 0, 4, 1, 1, 0, 1, 13, 3, 20, 0, 6, 0, 0, 2, 0, 0, 2, 1, 0, 0, 0, 0, 3, 3, 1, 1, 2, 0, 0, 11, 0, 17, 0, 11, 0, 1, 0, 0, 0, 10, 0, 4, : 16, 1, 2, 3, 1, 3, 1, 12, 4, 7, 12, 1, 2, 18, 2, 4, 1, 1, 1, 13, 3, 20, 6, 2, 2, 1, 3, 3, 1, 1, 2, 11, 17, 11, 1, 10, 4, 
451: 0, 1, 19, 0, 3, 0, 0, 0, 0, 0, 0, 3, 0, 4, 5, 0, 0, 10, 1, 4, 2, 0, 0, 0, 0, 0, 0, 0, 0, 0, 0, 7, 0, 0, 1, 0, 9, 1, 0, 2, 9, 2, 4, 3, 1, 0, 0, 0, 0, 0, 0, 8, 0, 0, 0, 2, 0, 2, 0, 3, 0, 2, 10, 0, 0, 2, 0, 0, 2, 2, 14, 0, 10, 2, 0, 0, 0, 1, 5, 0, : 1, 19, 3, 3, 4, 5, 10, 1, 4, 2, 7, 1, 9, 1, 2, 9, 2, 4, 3, 1, 8, 2, 2, 3, 2, 10, 2, 2, 2, 14, 10, 2, 1, 5, 
359: 4, 0, 0, 0, 0, 0, 0, 2, 0, 0, 0, 5, 6, 3, 3, 1, 7, 1, 0, 12, 0, 6, 0, 0, 0, 1, 0, 2, 1, 0, 11, 0, 0, 17, 10, 2, 1, 0, 4, 0, 4, 2, 0, 0, 8, 0, 0, 0, 13, 10, 0, 17, 0, 9, 0, 0, 0, 0, 0, 7, 9, 0, 0, 0, 9, 0, 7, 2, 0, 0, 13, 0, 7, 6, 0, 2, 0, 1, 2, 0, : 4, 2, 5, 6, 3, 3, 1, 7, 1, 12, 6, 1, 2, 1, 11, 17, 10, 2, 1, 4, 4, 2, 8, 13, 10, 17, 9, 7, 9, 9, 7, 2, 13, 7, 6, 2, 1, 2, 
194: 5, 0, 0, 2, 0, 0, 0, 1, 2, 0, 0, 5, 5, 0, 9, 0, 3, 0, 13, 7, 0, 0, 0, 1, 8, 0, 0, 0, 1, 12, 0, 17, 0, 0, 2, 0, 0, 2, 8, 0, 0, 1, 0, 0, 1, 0, 0, 1, 1, 0, 17, 6, 2, 4, 0, 0, 1, 0, 0, 0, 3, 2, 0, 6, 0, 5, 11, 0, 0, 0, 0, 1, 0, 0, 1, 0, 0, 0, 0, 4, : 5, 2, 1, 2, 5, 5, 9, 3, 13, 7, 1, 8, 1, 12, 17, 2, 2, 8, 1, 1, 1, 1, 17, 6, 2, 4, 1, 3, 2, 6, 5, 11, 1, 1, 4, 
119: 0, 0, 0, 0, 0, 0, 0, 0, 3, 0, 0, 0, 4, 0, 2, 0, 0, 0, 9, 1, 10, 0, 15, 6, 0, 2, 0, 0, 7, 15, 15, 0, 8, 10, 0, 0, 0, 0, 1, 8, 1, 0, 0, 5, 0, 0, 0, 1, 0, 0, 9, 0, 0, 2, 0, 12, 0, 2, 0, 0, 0, 7, 5, 0, 0, 2, 26, 0, 6, 0, 0, 0, 2, 17, 4, 0, 0, 1, 0, 0, : 3, 4, 2, 9, 1, 10, 15, 6, 2, 7, 15, 15, 8, 10, 1, 8, 1, 5, 1, 9, 2, 12, 2, 7, 5, 2, 26, 6, 2, 17, 4, 1, 
380: 26, 23, 0, 0, 0, 0, 8, 16, 4, 0, 0, 0, 0, 5, 0, 0, 0, 4, 4, 0, 0, 1, 0, 0, 9, 6, 0, 13, 1, 0, 0, 4, 0, 2, 0, 0, 0, 0, 0, 0, 0, 24, 12, 6, 0, 2, 0, 4, 0, 0, 0, 14, 17, 6, 0, 0, 3, 0, 2, 10, 5, 0, 0, 0, 0, 0, 0, 0, 4, 3, 0, 0, 0, 0, 0, 0, 4, 0, 0, 1, : 26, 23, 8, 16, 4, 5, 4, 4, 1, 9, 6, 13, 1, 4, 2, 24, 12, 6, 2, 4, 14, 17, 6, 3, 2, 10, 5, 4, 3, 4, 1, 
591: 0, 0, 0, 0, 0, 0, 0, 6, 3, 0, 2, 0, 0, 1, 6, 6, 5, 0, 0, 2, 0, 9, 0, 23, 0, 0, 4, 0, 0, 0, 0, 6, 0, 0, 20, 7, 0, 0, 0, 0, 10, 0, 0, 0, 0, 1, 1, 8, 1, 0, 0, 2, 2, 4, 0, 5, 0, 0, 7, 0, 1, 0, 9, 0, 0, 2, 0, 0, 0, 0, 0, 2, 6, 13, 2, 0, 0, 12, 5, 7, : 6, 3, 2, 1, 6, 6, 5, 2, 9, 23, 4, 6, 20, 7, 10, 1, 1, 8, 1, 2, 2, 4, 5, 7, 1, 9, 2, 2, 6, 13, 2, 12, 5, 7, 
636: 0, 6, 2, 4, 1, 8, 0, 2, 0, 1, 4, 0, 6, 0, 0, 1, 1, 4, 3, 1, 0, 0, 0, 0, 0, 0, 11, 3, 3, 8, 0, 0, 10, 0, 0, 0, 0, 13, 19, 1, 2, 6, 9, 0, 7, 0, 7, 2, 0, 0, 1, 0, 0, 16, 0, 18, 0, 3, 6, 3, 1, 0, 1, 0, 0, 0, 24, 0, 5, 0, 1, 8, 0, 5, 3, 6, 0, 0, 23, 5, : 6, 2, 4, 1, 8, 2, 1, 4, 6, 1, 1, 4, 3, 1, 11, 3, 3, 8, 10, 13, 19, 1, 2, 6, 9, 7, 7, 2, 1, 16, 18, 3, 6, 3, 1, 1, 24, 5, 1, 8, 5, 3, 6, 23, 5, 
202: 0, 0, 0, 1, 0, 1, 0, 3, 5, 0, 22, 0, 4, 0, 0, 0, 0, 0, 0, 5, 7, 0, 10, 0, 0, 0, 0, 0, 8, 0, 5, 0, 0, 0, 5, 11, 10, 3, 3, 4, 0, 0, 1, 0, 0, 9, 0, 1, 4, 0, 1, 1, 0, 6, 0, 4, 0, 18, 3, 1, 1, 0, 2, 11, 0, 15, 10, 0, 2, 1, 0, 0, 0, 1, 0, 0, 7, 2, 11, 10, : 1, 1, 3, 5, 22, 4, 5, 7, 10, 8, 5, 5, 11, 10, 3, 3, 4, 1, 9, 1, 4, 1, 1, 6, 4, 18, 3, 1, 1, 2, 11, 15, 10, 2, 1, 1, 7, 2, 11, 10, 
740: 13, 0, 3, 3, 13, 21, 28, 0, 0, 7, 0, 6, 0, 1, 6, 8, 0, 0, 0, 0, 1, 0, 0, 0, 1, 2, 2, 13, 0, 0, 0, 1, 0, 0, 3, 0, 4, 0, 0, 0, 0, 3, 13, 0, 0, 8, 0, 0, 12, 0, 0, 0, 16, 1, 0, 8, 1, 0, 0, 0, 7, 0, 2, 5, 2, 1, 4, 0, 1, 1, 4, 2, 7, 2, 0, 0, 0, 1, 0, 3, : 13, 3, 3, 13, 21, 28, 7, 6, 1, 6, 8, 1, 1, 2, 2, 13, 1, 3, 4, 3, 13, 8, 12, 16, 1, 8, 1, 7, 2, 5, 2, 1, 4, 1, 1, 4, 2, 7, 2, 1, 3, 
602: 0, 0, 0, 0, 1, 0, 0, 16, 0, 0, 0, 4, 2, 0, 0, 1, 5, 7, 1, 6, 0, 3, 0, 0, 0, 0, 0, 4, 10, 0, 0, 3, 0, 0, 0, 0, 0, 3, 0, 3, 2, 2, 0, 13, 0, 0, 4, 0, 1, 0, 8, 0, 1, 0, 6, 0, 1, 11, 8, 0, 0, 0, 0, 9, 2, 0, 6, 12, 0, 0, 0, 11, 0, 1, 3, 0, 0, 0, 0, 10, : 1, 16, 4, 2, 1, 5, 7, 1, 6, 3, 4, 10, 3, 3, 3, 2, 2, 13, 4, 1, 8, 1, 6, 1, 11, 8, 9, 2, 6, 12, 11, 1, 3, 10, 
570: 0, 0, 1, 1, 0, 1, 0, 0, 0, 0, 6, 0, 0, 1, 1, 5, 2, 0, 3, 0, 0, 24, 0, 0, 0, 0, 1, 3, 1, 8, 0, 3, 2, 0, 0, 0, 2, 25, 9, 0, 0, 1, 6, 0, 5, 4, 1, 0, 0, 0, 9, 10, 0, 0, 0, 5, 6, 15, 15, 13, 1, 4, 15, 0, 3, 13, 5, 0, 0, 5, 0, 1, 4, 0, 1, 5, 4, 0, 12, 0, : 1, 1, 1, 6, 1, 1, 5, 2, 3, 24, 1, 3, 1, 8, 3, 2, 2, 25, 9, 1, 6, 5, 4, 1, 9, 10, 5, 6, 15, 15, 13, 1, 4, 15, 3, 13, 5, 5, 1, 4, 1, 5, 4, 12, 
427: 0, 0, 11, 0, 12, 0, 0, 2, 2, 0, 2, 2, 0, 1, 9, 24, 4, 0, 5, 3, 3, 15, 0, 3, 2, 0, 0, 3, 0, 0, 0, 0, 0, 1, 2, 0, 0, 1, 0, 1, 0, 1, 1, 0, 5, 0, 3, 1, 17, 0, 4, 0, 0, 2, 0, 15, 0, 0, 0, 3, 0, 0, 0, 19, 0, 3, 0, 0, 0, 0, 0, 0, 0, 6, 6, 3, 0, 0, 0, 0, : 11, 12, 2, 2, 2, 2, 1, 9, 24, 4, 5, 3, 3, 15, 3, 2, 3, 1, 2, 1, 1, 1, 1, 5, 3, 1, 17, 4, 2, 15, 3, 19, 3, 6, 6, 3, 
574: 0, 0, 0, 0, 0, 0, 0, 2, 1, 0, 0, 5, 9, 0, 0, 0, 0, 3, 5, 0, 13, 0, 10, 0, 5, 0, 1, 0, 8, 0, 1, 19, 9, 14, 2, 11, 3, 0, 0, 0, 1, 2, 8, 0, 0, 0, 24, 0, 3, 13, 0, 10, 11, 0, 0, 2, 1, 0, 0, 0, 17, 0, 0, 11, 0, 0, 0, 0, 4, 0, 17, 1, 0, 0, 0, 2, 4, 0, 1, 0, : 2, 1, 5, 9, 3, 5, 13, 10, 5, 1, 8, 1, 19, 9, 14, 2, 11, 3, 1, 2, 8, 24, 3, 13, 10, 11, 2, 1, 17, 11, 4, 17, 1, 2, 4, 1, 
342: 0, 7, 4, 0, 0, 0, 0, 0, 3, 0, 0, 0, 22, 0, 0, 6, 14, 7, 26, 11, 10, 7, 7, 17, 0, 8, 0, 0, 0, 0, 0, 5, 0, 11, 0, 0, 0, 1, 13, 8, 7, 2, 3, 9, 10, 1, 0, 1, 6, 8, 5, 1, 0, 0, 1, 0, 4, 3, 13, 16, 0, 0, 1, 0, 1, 0, 4, 6, 5, 0, 1, 5, 0, 1, 4, 5, 0, 0, 0, 0, : 7, 4, 3, 22, 6, 14, 7, 26, 11, 10, 7, 7, 17, 8, 5, 11, 1, 13, 8, 7, 2, 3, 9, 10, 1, 1, 6, 8, 5, 1, 1, 4, 3, 13, 16, 1, 1, 4, 6, 5, 1, 5, 1, 4, 5, 
290: 25, 0, 0, 0, 6, 4, 0, 0, 11, 1, 9, 7, 3, 19, 4, 0, 23, 8, 3, 2, 0, 0, 0, 17, 0, 0, 24, 1, 15, 0, 0, 9, 2, 0, 0, 8, 10, 1, 0, 2, 0, 0, 8, 4, 5, 0, 0, 0, 2, 0, 5, 0, 0, 0, 0, 0, 18, 0, 0, 0, 0, 6, 0, 0, 0, 0, 0, 0, 0, 3, 0, 4, 0, 0, 11, 0, 16, 6, 1, 2, : 25, 6, 4, 11, 1, 9, 7, 3, 19, 4, 23, 8, 3, 2, 17, 24, 1, 15, 9, 2, 8, 10, 1, 2, 8, 4, 5, 2, 5, 18, 6, 3, 4, 11, 16, 6, 1, 2, 
80: 2, 0, 0, 3, 8, 1, 18, 2, 0, 0, 1, 5, 0, 3, 0, 1, 1, 0, 1, 0, 0, 0, 1, 13, 10, 19, 0, 0, 7, 4, 0, 0, 3, 10, 6, 1, 0, 0, 0, 2, 1, 5, 6, 0, 1, 0, 5, 11, 0, 7, 0, 17, 1, 2, 8, 0, 14, 0, 13, 0, 1, 8, 1, 0, 1, 0, 2, 0, 0, 0, 15, 8, 0, 0, 0, 4, 0, 5, 0, 0, : 2, 3, 8, 1, 18, 2, 1, 5, 3, 1, 1, 1, 1, 13, 10, 19, 7, 4, 3, 10, 6, 1, 2, 1, 5, 6, 1, 5, 11, 7, 17, 1, 2, 8, 14, 13, 1, 8, 1, 1, 2, 15, 8, 4, 5, 
517: 1, 0, 1, 4, 0, 0, 5, 14, 5, 12, 0, 0, 1, 0, 6, 0, 11, 18, 3, 0, 14, 0, 0, 0, 20, 0, 2, 0, 0, 1, 0, 0, 0, 0, 6, 24, 4, 4, 2, 9, 0, 1, 1, 0, 1, 0, 0, 0, 0, 0, 0, 9, 1, 0, 0, 6, 6, 0, 7, 4, 0, 0, 4, 11, 0, 0, 0, 2, 0, 2, 0, 0, 0, 0, 3, 0, 5, 6, 12, 0, : 1, 1, 4, 5, 14, 5, 12, 1, 6, 11, 18, 3, 14, 20, 2, 1, 6, 24, 4, 4, 2, 9, 1, 1, 1, 9, 1, 6, 6, 7, 4, 4, 11, 2, 2, 3, 5, 6, 12, 
235: 0, 0, 0, 11, 5, 0, 0, 20, 11, 0, 4, 0, 0, 14, 0, 0, 12, 0, 3, 3, 1, 0, 3, 0, 0, 12, 0, 8, 0, 0, 10, 0, 0, 22, 2, 7, 1, 0, 16, 0, 1, 2, 0, 6, 0, 12, 6, 0, 0, 0, 0, 4, 0, 0, 0, 4, 1, 1, 0, 2, 0, 1, 3, 0, 0, 0, 8, 1, 1, 6, 0, 0, 19, 2, 2, 0, 0, 0, 0, 0, : 11, 5, 20, 11, 4, 14, 12, 3, 3, 1, 3, 12, 8, 10, 22, 2, 7, 1, 16, 1, 2, 6, 12, 6, 4, 4, 1, 1, 2, 1, 3, 8, 1, 1, 6, 19, 2, 2, 
788: 0, 0, 13, 0, 1, 0, 0, 4, 5, 0, 13, 1, 0, 0, 0, 29, 0, 0, 4, 0, 5, 4, 2, 0, 0, 0, 0, 0, 0, 0, 3, 3, 27, 0, 7, 0, 0, 0, 5, 0, 0, 5, 0, 0, 10, 0, 0, 10, 0, 3, 0, 0, 0, 17, 11, 5, 0, 0, 0, 0, 10, 7, 8, 1, 0, 0, 0, 0, 23, 0, 0, 4, 8, 1, 5, 0, 16, 0, 0, 16, : 13, 1, 4, 5, 13, 1, 29, 4, 5, 4, 2, 3, 3, 27, 7, 5, 5, 10, 10, 3, 17, 11, 5, 10, 7, 8, 1, 23, 4, 8, 1, 5, 16, 16, 
747: 0, 0, 0, 0, 0, 0, 2, 0, 2, 24, 0, 2, 0, 0, 0, 0, 1, 0, 3, 0, 5, 12, 6, 0, 7, 0, 0, 2, 4, 0, 0, 0, 0, 0, 0, 0, 8, 0, 0, 20, 0, 3, 11, 0, 0, 0, 7, 0, 0, 18, 0, 0, 2, 0, 0, 0, 3, 2, 8, 0, 8, 1, 2, 14, 6, 1, 0, 0, 0, 19, 9, 0, 0, 2, 3, 0, 1, 2, 0, 0, : 2, 2, 24, 2, 1, 3, 5, 12, 6, 7, 2, 4, 8, 20, 3, 11, 7, 18, 2, 3, 2, 8, 8, 1, 2, 14, 6, 1, 19, 9, 2, 3, 1, 2, 
781: 4, 0, 0, 0, 2, 0, 0, 0, 1, 0, 2, 1, 0, 2, 10, 8, 0, 0, 2, 0, 0, 10, 0, 0, 0, 0, 1, 0, 13, 7, 6, 0, 1, 0, 0, 9, 0, 3, 0, 0, 1, 7, 0, 0, 0, 0, 0, 1, 0, 14, 6, 0, 0, 3, 0, 2, 2, 0, 0, 0, 0, 2, 1, 2, 3, 0, 2, 0, 0, 0, 16, 0, 9, 0, 21, 10, 3, 25, 3, 0, : 4, 2, 1, 2, 1, 2, 10, 8, 2, 10, 1, 13, 7, 6, 1, 9, 3, 1, 7, 1, 14, 6, 3, 2, 2, 2, 1, 2, 3, 2, 16, 9, 21, 10, 3, 25, 3, 
298: 0, 5, 0, 0, 0, 24, 7, 0, 0, 0, 0, 10, 2, 2, 3, 1, 0, 0, 1, 0, 1, 11, 0, 0, 9, 8, 0, 0, 5, 5, 6, 1, 27, 5, 0, 0, 0, 2, 0, 4, 26, 2, 2, 0, 2, 1, 0, 8, 0, 0, 0, 0, 24, 1, 0, 0, 0, 1, 0, 1, 0, 0, 0, 0, 0, 1, 0, 11, 0, 6, 0, 16, 0, 11, 0, 2, 0, 0, 2, 0, : 5, 24, 7, 10, 2, 2, 3, 1, 1, 1, 11, 9, 8, 5, 5, 6, 1, 27, 5, 2, 4, 26, 2, 2, 2, 1, 8, 24, 1, 1, 1, 1, 11, 6, 16, 11, 2, 2, 
28: 0, 0, 17, 0, 8, 0, 21, 3, 0, 10, 0, 1, 0, 9, 0, 0, 0, 0, 4, 0, 10, 0, 2, 0, 6, 1, 0, 0, 0, 22, 10, 2, 0, 5, 0, 0, 0, 10, 18, 10, 0, 0, 0, 1, 0, 2, 0, 7, 8, 0, 0, 2, 0, 0, 13, 0, 0, 0, 3, 0, 4, 0, 2, 0, 15, 9, 1, 2, 0, 2, 0, 6, 1, 16, 4, 12, 0, 0, 0, 0, : 17, 8, 21, 3, 10, 1, 9, 4, 10, 2, 6, 1, 22, 10, 2, 5, 10, 18, 10, 1, 2, 7, 8, 2, 13, 3, 4, 2, 15, 9, 1, 2, 2, 6, 1, 16, 4, 12, 
360: 11, 0, 0, 0, 1, 18, 0, 5, 8, 25, 8, 0, 0, 2, 6, 4, 14, 1, 0, 18, 0, 0, 7, 0, 7, 0, 0, 0, 8, 1, 0, 0, 0, 0, 0, 0, 2, 8, 7, 14, 0, 3, 0, 10, 3, 15, 1, 0, 3, 0, 7, 3, 11, 0, 22, 1, 0, 0, 0, 1, 0, 5, 3, 0, 0, 3, 0, 0, 7, 0, 0, 4, 0, 2, 0, 0, 0, 0, 12, 1, : 11, 1, 18, 5, 8, 25, 8, 2, 6, 4, 14, 1, 18, 7, 7, 8, 1, 2, 8, 7, 14, 3, 10, 3, 15, 1, 3, 7, 3, 11, 22, 1, 1, 5, 3, 3, 7, 4, 2, 12, 1, 
17: 0, 0, 4, 3, 0, 12, 0, 0, 0, 5, 0, 22, 2, 0, 6, 0, 0, 8, 1, 4, 2, 0, 7, 5, 0, 2, 11, 0, 1, 0, 0, 1, 6, 0, 0, 2, 0, 0, 2, 4, 4, 1, 1, 0, 0, 0, 3, 0, 6, 13, 7, 6, 0, 5, 1, 0, 2, 12, 0, 2, 3, 2, 2, 0, 13, 16, 1, 0, 0, 0, 0, 0, 12, 3, 0, 1, 3, 0, 0, 0, : 4, 3, 12, 5, 22, 2, 6, 8, 1, 4, 2, 7, 5, 2, 11, 1, 1, 6, 2, 2, 4, 4, 1, 1, 3, 6, 13, 7, 6, 5, 1, 2, 12, 2, 3, 2, 2, 13, 16, 1, 12, 3, 1, 3, 
340: 0, 0, 11, 0, 10, 0, 6, 0, 0, 3, 11, 0, 1, 5, 18, 0, 0, 0, 6, 2, 5, 0, 10, 0, 0, 1, 0, 0, 0, 9, 7, 0, 0, 0, 21, 0, 5, 0, 0, 0, 0, 2, 5, 17, 0, 0, 9, 13, 0, 2, 1, 0, 0, 0, 7, 1, 6, 0, 12, 0, 2, 3, 0, 12, 0, 0, 0, 16, 9, 1, 5, 12, 0, 0, 1, 0, 14, 0, 0, 0, : 11, 10, 6, 3, 11, 1, 5, 18, 6, 2, 5, 10, 1, 9, 7, 21, 5, 2, 5, 17, 9, 13, 2, 1, 7, 1, 6, 12, 2, 3, 12, 16, 9, 1, 5, 12, 1, 14, 
600: 0, 0, 2, 2, 0, 4, 8, 1, 4, 0, 0, 0, 2, 0, 0, 6, 0, 7, 0, 6, 0, 0, 0, 0, 0, 1, 2, 2, 2, 0, 0, 0, 0, 0, 12, 11, 0, 5, 0, 0, 0, 5, 0, 17, 13, 1, 12, 9, 0, 0, 5, 0, 0, 0, 3, 0, 11, 0, 0, 0, 0, 18, 10, 0, 1, 18, 4, 0, 0, 0, 0, 2, 0, 0, 1, 0, 3, 0, 0, 1, : 2, 2, 4, 8, 1, 4, 2, 6, 7, 6, 1, 2, 2, 2, 12, 11, 5, 5, 17, 13, 1, 12, 9, 5, 3, 11, 18, 10, 1, 18, 4, 2, 1, 3, 1, 
29: 0, 3, 0, 0, 3, 0, 0, 3, 3, 0, 0, 2, 25, 0, 3, 0, 0, 2, 0, 2, 4, 5, 3, 0, 0, 13, 0, 4, 1, 0, 0, 0, 0, 0, 0, 0, 0, 5, 0, 0, 13, 0, 0, 1, 0, 2, 0, 0, 0, 0, 0, 0, 0, 5, 0, 1, 6, 15, 2, 0, 1, 2, 4, 0, 0, 13, 0, 8, 0, 0, 0, 0, 0, 7, 9, 9, 1, 0, 9, 23, : 3, 3, 3, 3, 2, 25, 3, 2, 2, 4, 5, 3, 13, 4, 1, 5, 13, 1, 2, 5, 1, 6, 15, 2, 1, 2, 4, 13, 8, 7, 9, 9, 1, 9, 23, 
173: 0, 0, 12, 14, 0, 0, 2, 0, 19, 13, 11, 2, 0, 0, 2, 0, 0, 4, 0, 2, 8, 0, 3, 9, 0, 0, 0, 20, 2, 13, 1, 9, 0, 5, 2, 4, 3, 0, 5, 0, 2, 12, 9, 2, 6, 0, 0, 0, 2, 0, 0, 1, 0, 2, 18, 1, 5, 12, 2, 1, 4, 0, 0, 0, 12, 0, 5, 10, 0, 9, 0, 3, 14, 3, 0, 11, 2, 20, 4, 7, : 12, 14, 2, 19, 13, 11, 2, 2, 4, 2, 8, 3, 9, 20, 2, 13, 1, 9, 5, 2, 4, 3, 5, 2, 12, 9, 2, 6, 2, 1, 2, 18, 1, 5, 12, 2, 1, 4, 12, 5, 10, 9, 3, 14, 3, 11, 2, 20, 4, 7, 


289: 3, 0, 2, 4, 1, 0, 0, 0, 0, 7, 1, 3, 21, 0, 0, 1, 0, 0, 0, 4, 0, 16, 0, 0, 0, 11, 0, 3, 0, 1, 17, 3, 0, 0, 0, 0, 0, 0, 0, 2, 6, 3, 1, 5, 0, 13, 13, 0, 0, 0, 14, 0, 4, 0, 4, 0, 1, 1, 4, 1, 0, 0, 0, 9, 4, 0, 0, 0, 0, 3, 1, 0, 11, 0, 3, 0, 2, 0, 0, 0, : 3, 2, 4, 1, 7, 1, 3, 21, 1, 4, 16, 11, 3, 1, 17, 3, 2, 6, 3, 1, 5, 13, 13, 14, 4, 4, 1, 1, 4, 1, 9, 4, 3, 1, 11, 3, 2, 
666: 0, 13, 10, 0, 0, 0, 6, 0, 0, 0, 16, 0, 19, 12, 4, 5, 27, 0, 0, 0, 0, 0, 10, 7, 0, 16, 0, 2, 0, 0, 0, 17, 4, 10, 0, 0, 14, 0, 0, 0, 0, 0, 4, 12, 16, 0, 0, 0, 0, 0, 0, 3, 1, 0, 0, 0, 10, 1, 1, 2, 0, 5, 4, 6, 4, 2, 11, 0, 0, 2, 1, 0, 14, 0, 4, 1, 0, 0, 4, 0, : 13, 10, 6, 16, 19, 12, 4, 5, 27, 10, 7, 16, 2, 17, 4, 10, 14, 4, 12, 16, 3, 1, 10, 1, 1, 2, 5, 4, 6, 4, 2, 11, 2, 1, 14, 4, 1, 4, 
333: 4, 15, 2, 1, 0, 0, 2, 23, 0, 1, 0, 21, 0, 0, 3, 12, 2, 8, 0, 0, 0, 0, 15, 0, 0, 9, 16, 0, 3, 4, 0, 6, 0, 14, 3, 0, 9, 0, 0, 0, 1, 0, 0, 0, 0, 2, 7, 13, 0, 12, 2, 3, 0, 0, 0, 2, 9, 0, 0, 2, 0, 0, 0, 7, 3, 5, 0, 12, 0, 2, 0, 8, 0, 0, 4, 2, 2, 5, 3, 0, : 4, 15, 2, 1, 2, 23, 1, 21, 3, 12, 2, 8, 15, 9, 16, 3, 4, 6, 14, 3, 9, 1, 2, 7, 13, 12, 2, 3, 2, 9, 2, 7, 3, 5, 12, 2, 8, 4, 2, 2, 5, 3, 
4: 2, 0, 7, 4, 0, 0, 3, 0, 2, 8, 0, 0, 0, 0, 12, 1, 0, 1, 0, 0, 0, 0, 1, 0, 1, 3, 12, 0, 2, 0, 0, 3, 7, 0, 0, 0, 12, 1, 0, 8, 0, 6, 17, 0, 0, 0, 0, 4, 0, 0, 0, 3, 3, 22, 4, 4, 0, 0, 20, 0, 0, 0, 0, 1, 0, 0, 0, 0, 8, 0, 0, 1, 0, 17, 0, 0, 15, 0, 3, 0, : 2, 7, 4, 3, 2, 8, 12, 1, 1, 1, 1, 3, 12, 2, 3, 7, 12, 1, 8, 6, 17, 4, 3, 3, 22, 4, 4, 20, 1, 8, 1, 17, 15, 3, 
611: 2, 0, 0, 12, 3, 13, 0, 8, 2, 0, 0, 0, 1, 0, 0, 1, 2, 0, 0, 0, 0, 4, 9, 3, 2, 1, 4, 0, 1, 14, 0, 2, 0, 0, 0, 0, 0, 1, 4, 13, 7, 1, 1, 0, 0, 0, 0, 0, 0, 0, 0, 0, 7, 4, 3, 10, 0, 7, 0, 3, 0, 3, 6, 3, 2, 3, 12, 0, 0, 0, 8, 0, 0, 0, 12, 0, 0, 0, 0, 1, : 2, 12, 3, 13, 8, 2, 1, 1, 2, 4, 9, 3, 2, 1, 4, 1, 14, 2, 1, 4, 13, 7, 1, 1, 7, 4, 3, 10, 7, 3, 3, 6, 3, 2, 3, 12, 8, 12, 1, 
800: 7, 0, 5, 4, 0, 11, 1, 0, 0, 1, 0, 2, 0, 1, 0, 8, 0, 0, 0, 3, 0, 0, 0, 0, 5, 2, 4, 0, 0, 0, 0, 0, 0, 0, 2, 3, 6, 7, 0, 0, 18, 0, 0, 1, 5, 8, 5, 0, 0, 0, 1, 2, 8, 0, 1, 1, 0, 0, 2, 0, 1, 0, 1, 4, 4, 4, 0, 2, 3, 12, 9, 0, 1, 4, 2, 1, 0, 0, 0, 6, : 7, 5, 4, 11, 1, 1, 2, 1, 8, 3, 5, 2, 4, 2, 3, 6, 7, 18, 1, 5, 8, 5, 1, 2, 8, 1, 1, 2, 1, 1, 4, 4, 4, 2, 3, 12, 9, 1, 4, 2, 1, 6, 
420: 6, 7, 5, 1, 0, 0, 0, 1, 23, 3, 0, 0, 12, 2, 0, 0, 2, 0, 10, 0, 0, 9, 9, 0, 0, 0, 0, 11, 13, 3, 1, 2, 0, 1, 8, 0, 0, 0, 0, 0, 0, 6, 1, 2, 7, 18, 0, 0, 0, 0, 3, 2, 0, 0, 7, 20, 0, 0, 0, 7, 25, 8, 0, 18, 4, 8, 1, 2, 0, 0, 0, 0, 0, 0, 3, 0, 5, 0, 9, 0, : 6, 7, 5, 1, 1, 23, 3, 12, 2, 2, 10, 9, 9, 11, 13, 3, 1, 2, 1, 8, 6, 1, 2, 7, 18, 3, 2, 7, 20, 7, 25, 8, 18, 4, 8, 1, 2, 3, 5, 9, 
11: 4, 0, 12, 6, 0, 0, 2, 7, 0, 12, 0, 13, 1, 0, 0, 13, 0, 2, 0, 0, 28, 5, 0, 12, 0, 3, 4, 0, 0, 0, 0, 4, 6, 0, 3, 6, 0, 4, 0, 22, 1, 0, 0, 7, 11, 0, 9, 0, 0, 0, 1, 1, 1, 18, 0, 0, 3, 0, 5, 14, 0, 0, 1, 3, 1, 9, 1, 16, 0, 4, 3, 0, 0, 9, 0, 2, 1, 0, 3, 9, : 4, 12, 6, 2, 7, 12, 13, 1, 13, 2, 28, 5, 12, 3, 4, 4, 6, 3, 6, 4, 22, 1, 7, 11, 9, 1, 1, 1, 18, 3, 5, 14, 1, 3, 1, 9, 1, 16, 4, 3, 9, 2, 1, 3, 9, 
138: 0, 13, 0, 0, 9, 2, 8, 2, 1, 19, 0, 0, 3, 0, 1, 0, 14, 0, 0, 0, 1, 20, 0, 4, 0, 7, 2, 0, 0, 0, 1, 1, 3, 0, 0, 4, 2, 0, 0, 6, 0, 0, 0, 0, 0, 0, 0, 0, 0, 0, 4, 0, 0, 3, 0, 2, 0, 3, 0, 9, 2, 0, 0, 5, 0, 3, 0, 20, 0, 3, 1, 15, 23, 0, 16, 0, 0, 0, 0, 0, : 13, 9, 2, 8, 2, 1, 19, 3, 1, 14, 1, 20, 4, 7, 2, 1, 1, 3, 4, 2, 6, 4, 3, 2, 3, 9, 2, 5, 3, 20, 3, 1, 15, 23, 16, 
50: 1, 0, 0, 0, 0, 0, 11, 0, 1, 0, 1, 14, 0, 2, 0, 0, 0, 0, 0, 13, 20, 9, 1, 0, 0, 3, 0, 0, 6, 12, 0, 23, 0, 13, 19, 7, 0, 8, 0, 0, 0, 0, 15, 0, 0, 0, 2, 0, 6, 0, 10, 1, 13, 0, 9, 2, 12, 3, 1, 0, 10, 0, 0, 4, 3, 0, 1, 3, 0, 1, 0, 0, 2, 2, 14, 0, 0, 0, 13, 0, : 1, 11, 1, 1, 14, 2, 13, 20, 9, 1, 3, 6, 12, 23, 13, 19, 7, 8, 15, 2, 6, 10, 1, 13, 9, 2, 12, 3, 1, 10, 4, 3, 1, 3, 1, 2, 2, 14, 13, 
130: 15, 8, 0, 4, 0, 0, 0, 0, 0, 10, 16, 0, 0, 23, 5, 6, 0, 0, 0, 0, 0, 0, 4, 2, 0, 5, 1, 5, 0, 0, 0, 0, 13, 0, 1, 0, 0, 0, 1, 0, 2, 0, 0, 0, 0, 4, 0, 0, 0, 3, 6, 0, 0, 2, 3, 3, 2, 6, 2, 2, 0, 1, 0, 0, 0, 5, 1, 4, 16, 0, 4, 2, 3, 8, 8, 0, 2, 0, 1, 0, : 15, 8, 4, 10, 16, 23, 5, 6, 4, 2, 5, 1, 5, 13, 1, 1, 2, 4, 3, 6, 2, 3, 3, 2, 6, 2, 2, 1, 5, 1, 4, 16, 4, 2, 3, 8, 8, 2, 1, 
445: 1, 4, 0, 0, 0, 0, 3, 0, 0, 7, 10, 8, 0, 0, 0, 5, 5, 0, 0, 4, 0, 1, 3, 0, 7, 0, 9, 8, 0, 18, 0, 2, 12, 0, 1, 10, 1, 0, 17, 0, 22, 4, 0, 0, 4, 0, 0, 4, 0, 0, 6, 2, 0, 0, 6, 1, 26, 1, 4, 1, 16, 6, 23, 0, 7, 0, 0, 1, 13, 0, 9, 1, 0, 0, 5, 8, 4, 0, 0, 0, : 1, 4, 3, 7, 10, 8, 5, 5, 4, 1, 3, 7, 9, 8, 18, 2, 12, 1, 10, 1, 17, 22, 4, 4, 4, 6, 2, 6, 1, 26, 1, 4, 1, 16, 6, 23, 7, 1, 13, 9, 1, 5, 8, 4, 
157: 0, 0, 1, 2, 0, 0, 8, 0, 10, 0, 0, 1, 0, 0, 2, 0, 3, 0, 1, 0, 20, 0, 3, 0, 0, 1, 1, 1, 0, 1, 4, 5, 0, 0, 0, 0, 0, 24, 0, 7, 6, 21, 0, 8, 0, 0, 0, 0, 0, 8, 3, 11, 21, 1, 2, 5, 0, 4, 0, 2, 0, 0, 10, 1, 0, 0, 0, 0, 0, 0, 20, 0, 0, 0, 0, 3, 0, 3, 3, 2, : 1, 2, 8, 10, 1, 2, 3, 1, 20, 3, 1, 1, 1, 1, 4, 5, 24, 7, 6, 21, 8, 8, 3, 11, 21, 1, 2, 5, 4, 2, 10, 1, 20, 3, 3, 3, 2, 
154: 8, 2, 0, 1, 0, 16, 3, 3, 7, 0, 0, 3, 0, 18, 10, 0, 0, 0, 0, 9, 3, 0, 0, 0, 3, 0, 1, 5, 0, 0, 0, 1, 12, 3, 3, 16, 0, 4, 5, 2, 0, 0, 4, 0, 0, 0, 8, 18, 0, 0, 0, 4, 0, 0, 0, 4, 5, 16, 1, 0, 0, 1, 0, 2, 3, 0, 5, 0, 9, 0, 4, 0, 0, 1, 3, 5, 1, 5, 2, 0, : 8, 2, 1, 16, 3, 3, 7, 3, 18, 10, 9, 3, 3, 1, 5, 1, 12, 3, 3, 16, 4, 5, 2, 4, 8, 18, 4, 4, 5, 16, 1, 1, 2, 3, 5, 9, 4, 1, 3, 5, 1, 5, 2, 
148: 6, 0, 0, 0, 0, 0, 0, 17, 0, 0, 4, 0, 0, 6, 15, 9, 0, 0, 0, 0, 0, 24, 27, 2, 0, 8, 0, 14, 3, 3, 0, 5, 0, 0, 0, 0, 0, 5, 0, 4, 0, 1, 12, 0, 0, 0, 1, 9, 0, 0, 0, 1, 8, 0, 0, 2, 2, 1, 7, 0, 1, 0, 0, 1, 7, 3, 3, 0, 5, 0, 0, 17, 6, 15, 0, 3, 5, 6, 0, 12, : 6, 17, 4, 6, 15, 9, 24, 27, 2, 8, 14, 3, 3, 5, 5, 4, 1, 12, 1, 9, 1, 8, 2, 2, 1, 7, 1, 1, 7, 3, 3, 5, 17, 6, 15, 3, 5, 6, 12, 
473: 0, 3, 1, 0, 0, 0, 0, 0, 4, 2, 0, 0, 12, 0, 8, 1, 23, 0, 0, 2, 0, 0, 0, 9, 7, 2, 6, 9, 6, 8, 2, 5, 0, 0, 5, 0, 0, 0, 1, 25, 13, 2, 1, 6, 0, 0, 0, 0, 0, 7, 4, 8, 3, 0, 0, 6, 5, 0, 0, 26, 1, 0, 22, 0, 0, 2, 1, 3, 1, 0, 14, 0, 0, 4, 0, 15, 0, 0, 1, 4, : 3, 1, 4, 2, 12, 8, 1, 23, 2, 9, 7, 2, 6, 9, 6, 8, 2, 5, 5, 1, 25, 13, 2, 1, 6, 7, 4, 8, 3, 6, 5, 26, 1, 22, 2, 1, 3, 1, 14, 4, 15, 1, 4, 
490: 0, 6, 0, 0, 11, 2, 1, 9, 2, 3, 4, 5, 5, 2, 0, 6, 2, 8, 0, 2, 0, 11, 0, 0, 0, 0, 0, 0, 0, 1, 10, 8, 0, 6, 0, 0, 0, 0, 0, 3, 0, 14, 0, 0, 0, 0, 3, 12, 0, 9, 0, 4, 0, 0, 0, 0, 3, 3, 0, 2, 0, 2, 0, 3, 7, 5, 1, 0, 0, 2, 0, 0, 4, 0, 0, 1, 1, 1, 0, 10, : 6, 11, 2, 1, 9, 2, 3, 4, 5, 5, 2, 6, 2, 8, 2, 11, 1, 10, 8, 6, 3, 14, 3, 12, 9, 4, 3, 3, 2, 2, 3, 7, 5, 1, 2, 4, 1, 1, 1, 10, 
482: 6, 0, 0, 0, 12, 0, 3, 2, 0, 2, 0, 0, 10, 0, 0, 6, 3, 13, 0, 0, 0, 0, 0, 0, 3, 0, 4, 5, 9, 0, 1, 0, 0, 0, 0, 0, 0, 1, 0, 3, 1, 0, 0, 0, 0, 0, 13, 8, 3, 14, 0, 5, 0, 10, 0, 4, 0, 1, 1, 1, 0, 0, 0, 5, 0, 0, 2, 1, 18, 24, 1, 1, 3, 0, 1, 0, 1, 24, 6, 1, : 6, 12, 3, 2, 2, 10, 6, 3, 13, 3, 4, 5, 9, 1, 1, 3, 1, 13, 8, 3, 14, 5, 10, 4, 1, 1, 1, 5, 2, 1, 18, 24, 1, 1, 3, 1, 1, 24, 6, 1, 
418: 4, 0, 6, 6, 0, 0, 12, 1, 14, 5, 10, 0, 0, 0, 0, 1, 0, 0, 0, 0, 2, 4, 0, 2, 2, 8, 0, 5, 0, 0, 0, 1, 0, 14, 1, 0, 0, 5, 1, 0, 1, 0, 0, 0, 11, 3, 13, 17, 0, 0, 21, 4, 0, 3, 1, 0, 0, 7, 2, 5, 0, 0, 8, 0, 8, 0, 12, 26, 0, 6, 0, 0, 2, 0, 0, 0, 0, 0, 0, 0, : 4, 6, 6, 12, 1, 14, 5, 10, 1, 2, 4, 2, 2, 8, 5, 1, 14, 1, 5, 1, 1, 11, 3, 13, 17, 21, 4, 3, 1, 7, 2, 5, 8, 8, 12, 26, 6, 2, 
423: 2, 0, 19, 0, 3, 8, 7, 15, 0, 0, 0, 0, 0, 0, 2, 0, 0, 0, 0, 0, 0, 5, 5, 2, 0, 0, 0, 6, 7, 1, 0, 0, 0, 3, 0, 1, 2, 0, 0, 0, 6, 9, 1, 2, 3, 7, 3, 0, 14, 0, 5, 2, 0, 14, 13, 0, 4, 0, 0, 1, 6, 28, 2, 2, 1, 11, 0, 2, 0, 5, 0, 4, 0, 2, 0, 16, 6, 0, 1, 17, : 2, 19, 3, 8, 7, 15, 2, 5, 5, 2, 6, 7, 1, 3, 1, 2, 6, 9, 1, 2, 3, 7, 3, 14, 5, 2, 14, 13, 4, 1, 6, 28, 2, 2, 1, 11, 2, 5, 4, 2, 16, 6, 1, 17, 
676: 0, 1, 0, 0, 0, 3, 0, 12, 1, 0, 0, 17, 1, 0, 21, 1, 6, 0, 0, 2, 14, 0, 0, 0, 7, 0, 2, 1, 2, 5, 12, 6, 18, 9, 0, 3, 0, 0, 0, 0, 0, 0, 5, 0, 0, 0, 0, 1, 3, 0, 0, 1, 7, 0, 0, 3, 0, 11, 23, 4, 0, 0, 0, 1, 7, 2, 4, 0, 0, 0, 3, 0, 11, 19, 1, 2, 2, 0, 7, 0, : 1, 3, 12, 1, 17, 1, 21, 1, 6, 2, 14, 7, 2, 1, 2, 5, 12, 6, 18, 9, 3, 5, 1, 3, 1, 7, 3, 11, 23, 4, 1, 7, 2, 4, 3, 11, 19, 1, 2, 2, 7, 
385: 1, 0, 0, 0, 1, 0, 0, 1, 8, 0, 9, 2, 3, 0, 1, 2, 14, 0, 26, 7, 0, 0, 0, 10, 15, 20, 16, 2, 1, 1, 17, 4, 26, 1, 0, 0, 0, 11, 12, 0, 0, 0, 0, 2, 7, 4, 0, 0, 12, 2, 0, 4, 2, 0, 8, 2, 0, 18, 10, 3, 0, 13, 3, 0, 0, 0, 0, 2, 4, 0, 10, 0, 0, 11, 2, 2, 3, 0, 0, 6, : 1, 1, 1, 8, 9, 2, 3, 1, 2, 14, 26, 7, 10, 15, 20, 16, 2, 1, 1, 17, 4, 26, 1, 11, 12, 2, 7, 4, 12, 2, 4, 2, 8, 2, 18, 10, 3, 13, 3, 2, 4, 10, 11, 2, 2, 3, 6, 
525: 3, 0, 5, 0, 18, 0, 0, 0, 1, 0, 0, 0, 0, 0, 2, 1, 0, 0, 0, 20, 2, 0, 0, 15, 0, 0, 0, 10, 2, 8, 0, 0, 0, 2, 0, 0, 0, 2, 0, 1, 2, 5, 3, 26, 0, 0, 2, 1, 0, 5, 15, 7, 0, 1, 7, 1, 0, 3, 3, 1, 0, 0, 3, 1, 0, 16, 1, 0, 23, 0, 0, 5, 0, 0, 6, 0, 4, 12, 3, 0, : 3, 5, 18, 1, 2, 1, 20, 2, 15, 10, 2, 8, 2, 2, 1, 2, 5, 3, 26, 2, 1, 5, 15, 7, 1, 7, 1, 3, 3, 1, 3, 1, 16, 1, 23, 5, 6, 4, 12, 3, 
394: 0, 19, 0, 3, 0, 14, 0, 0, 1, 4, 0, 0, 0, 0, 0, 1, 0, 0, 6, 22, 2, 0, 0, 0, 0, 0, 22, 0, 10, 8, 0, 0, 0, 0, 0, 0, 6, 0, 0, 0, 0, 0, 0, 0, 0, 1, 0, 0, 9, 0, 3, 13, 0, 1, 0, 4, 0, 0, 3, 2, 3, 0, 7, 2, 8, 4, 5, 2, 0, 0, 1, 6, 4, 0, 0, 0, 6, 0, 0, 2, : 19, 3, 14, 1, 4, 1, 6, 22, 2, 22, 10, 8, 6, 1, 9, 3, 13, 1, 4, 3, 2, 3, 7, 2, 8, 4, 5, 2, 1, 6, 4, 6, 2, 
641: 3, 15, 0, 0, 0, 25, 9, 0, 10, 0, 0, 1, 0, 1, 0, 2, 1, 7, 0, 3, 2, 0, 0, 0, 5, 0, 2, 0, 0, 3, 0, 0, 2, 0, 17, 0, 0, 0, 0, 0, 0, 0, 9, 20, 0, 4, 0, 0, 0, 0, 2, 1, 17, 4, 4, 0, 0, 0, 0, 5, 0, 4, 0, 10, 0, 2, 15, 0, 0, 0, 1, 5, 0, 0, 0, 5, 4, 0, 0, 0, : 3, 15, 25, 9, 10, 1, 1, 2, 1, 7, 3, 2, 5, 2, 3, 2, 17, 9, 20, 4, 2, 1, 17, 4, 4, 5, 4, 10, 2, 15, 1, 5, 5, 4, 
581: 11, 0, 3, 10, 0, 0, 4, 5, 0, 1, 0, 1, 0, 17, 0, 2, 0, 19, 0, 0, 0, 0, 2, 6, 11, 0, 6, 0, 1, 3, 0, 0, 0, 0, 14, 1, 0, 1, 1, 7, 0, 0, 0, 0, 0, 1, 0, 24, 0, 27, 0, 1, 0, 0, 4, 0, 0, 7, 1, 4, 0, 0, 1, 1, 2, 3, 0, 8, 8, 0, 2, 0, 0, 14, 3, 0, 5, 0, 0, 1, : 11, 3, 10, 4, 5, 1, 1, 17, 2, 19, 2, 6, 11, 6, 1, 3, 14, 1, 1, 1, 7, 1, 24, 27, 1, 4, 7, 1, 4, 1, 1, 2, 3, 8, 8, 2, 14, 3, 5, 1, 
343: 0, 2, 3, 0, 0, 0, 0, 1, 0, 0, 3, 1, 0, 0, 0, 11, 0, 0, 26, 3, 0, 1, 0, 0, 4, 0, 2, 3, 15, 0, 9, 0, 0, 5, 0, 2, 20, 0, 0, 0, 0, 0, 0, 5, 2, 1, 3, 0, 1, 0, 0, 4, 0, 16, 0, 13, 3, 5, 0, 0, 6, 0, 10, 0, 0, 0, 3, 0, 0, 1, 0, 6, 0, 5, 1, 1, 0, 0, 0, 0, : 2, 3, 1, 3, 1, 11, 26, 3, 1, 4, 2, 3, 15, 9, 5, 2, 20, 5, 2, 1, 3, 1, 4, 16, 13, 3, 5, 6, 10, 3, 1, 6, 5, 1, 1, 
392: 3, 4, 0, 2, 0, 0, 6, 0, 0, 0, 0, 0, 0, 3, 2, 7, 0, 3, 23, 1, 0, 0, 0, 12, 3, 3, 0, 0, 9, 1, 0, 2, 0, 0, 0, 13, 0, 0, 3, 4, 5, 4, 4, 5, 0, 13, 6, 0, 20, 0, 0, 0, 0, 0, 2, 1, 0, 2, 0, 2, 1, 2, 11, 0, 0, 0, 0, 0, 0, 0, 0, 16, 1, 2, 0, 5, 0, 0, 0, 4, : 3, 4, 2, 6, 3, 2, 7, 3, 23, 1, 12, 3, 3, 9, 1, 2, 13, 3, 4, 5, 4, 4, 5, 13, 6, 20, 2, 1, 2, 2, 1, 2, 11, 16, 1, 2, 5, 4, 
146: 4, 0, 5, 3, 0, 3, 0, 0, 0, 1, 0, 1, 3, 0, 5, 1, 0, 10, 25, 5, 1, 0, 0, 5, 0, 11, 0, 0, 5, 0, 0, 1, 6, 9, 0, 2, 0, 5, 8, 0, 2, 16, 4, 0, 0, 1, 0, 0, 0, 16, 0, 0, 0, 5, 4, 0, 0, 0, 7, 0, 0, 0, 0, 0, 17, 0, 0, 0, 0, 1, 1, 5, 7, 0, 0, 6, 5, 0, 0, 0, : 4, 5, 3, 3, 1, 1, 3, 5, 1, 10, 25, 5, 1, 5, 11, 5, 1, 6, 9, 2, 5, 8, 2, 16, 4, 1, 16, 5, 4, 7, 17, 1, 1, 5, 7, 6, 5, 
54: 0, 0, 8, 12, 0, 13, 0, 0, 0, 1, 0, 0, 0, 6, 0, 8, 0, 14, 0, 0, 0, 0, 0, 14, 16, 0, 0, 3, 1, 0, 0, 0, 0, 0, 10, 0, 6, 0, 11, 7, 16, 10, 5, 0, 23, 7, 6, 0, 3, 0, 0, 3, 14, 1, 0, 0, 0, 1, 0, 6, 10, 0, 1, 4, 10, 0, 0, 0, 0, 1, 0, 6, 7, 0, 2, 2, 1, 13, 13, 0, : 8, 12, 13, 1, 6, 8, 14, 14, 16, 3, 1, 10, 6, 11, 7, 16, 10, 5, 23, 7, 6, 3, 3, 14, 1, 1, 6, 10, 1, 4, 10, 1, 6, 7, 2, 2, 1, 13, 13, 
624: 0, 2, 0, 3, 18, 0, 0, 2, 0, 0, 4, 2, 0, 1, 1, 0, 0, 0, 0, 0, 4, 0, 0, 3, 10, 0, 0, 0, 2, 0, 3, 4, 11, 1, 0, 4, 1, 0, 0, 0, 0, 0, 0, 0, 1, 4, 8, 0, 2, 0, 3, 0, 0, 0, 0, 2, 1, 2, 8, 2, 0, 4, 0, 0, 6, 0, 0, 7, 0, 0, 11, 2, 9, 1, 5, 6, 7, 0, 7, 0, : 2, 3, 18, 2, 4, 2, 1, 1, 4, 3, 10, 2, 3, 4, 11, 1, 4, 1, 1, 4, 8, 2, 3, 2, 1, 2, 8, 2, 4, 6, 7, 11, 2, 9, 1, 5, 6, 7, 7, 
477: 0, 0, 3, 6, 0, 0, 0, 1, 19, 0, 0, 0, 10, 1, 10, 1, 10, 0, 0, 0, 1, 2, 1, 3, 0, 0, 6, 1, 0, 0, 2, 0, 0, 0, 13, 0, 15, 0, 0, 2, 0, 1, 1, 6, 1, 3, 6, 0, 5, 0, 0, 4, 0, 0, 2, 6, 4, 0, 0, 0, 16, 0, 2, 12, 0, 2, 4, 0, 0, 0, 0, 0, 2, 0, 7, 1, 7, 0, 0, 1, : 3, 6, 1, 19, 10, 1, 10, 1, 10, 1, 2, 1, 3, 6, 1, 2, 13, 15, 2, 1, 1, 6, 1, 3, 6, 5, 4, 2, 6, 4, 16, 2, 12, 2, 4, 2, 7, 1, 7, 1, 
787: 0, 0, 9, 13, 7, 0, 0, 0, 0, 0, 17, 0, 0, 1, 2, 0, 0, 0, 0, 0, 0, 0, 1, 3, 0, 0, 0, 3, 4, 3, 7, 0, 0, 0, 0, 11, 14, 10, 0, 4, 4, 0, 7, 8, 0, 12, 0, 8, 0, 8, 2, 1, 2, 4, 0, 5, 0, 0, 9, 0, 0, 3, 0, 1, 3, 0, 5, 0, 9, 0, 0, 9, 1, 0, 1, 14, 8, 0, 0, 10, : 9, 13, 7, 17, 1, 2, 1, 3, 3, 4, 3, 7, 11, 14, 10, 4, 4, 7, 8, 12, 8, 8, 2, 1, 2, 4, 5, 9, 3, 1, 3, 5, 9, 9, 1, 1, 14, 8, 10, 
524: 3, 3, 6, 7, 0, 4, 0, 0, 9, 0, 0, 3, 0, 6, 0, 2, 3, 0, 0, 0, 0, 0, 11, 0, 0, 1, 0, 0, 0, 2, 16, 1, 0, 6, 11, 0, 0, 7, 6, 0, 0, 0, 6, 4, 0, 3, 12, 0, 0, 2, 0, 13, 0, 8, 12, 4, 5, 5, 5, 1, 8, 7, 2, 0, 0, 0, 0, 5, 1, 2, 4, 0, 0, 0, 0, 7, 0, 22, 0, 0, : 3, 3, 6, 7, 4, 9, 3, 6, 2, 3, 11, 1, 2, 16, 1, 6, 11, 7, 6, 6, 4, 3, 12, 2, 13, 8, 12, 4, 5, 5, 5, 1, 8, 7, 2, 5, 1, 2, 4, 7, 22, 
132: 5, 1, 0, 2, 3, 2, 5, 2, 2, 6, 0, 0, 3, 0, 0, 0, 0, 0, 0, 0, 12, 0, 0, 1, 4, 0, 0, 1, 0, 5, 7, 6, 0, 11, 2, 3, 0, 2, 0, 0, 1, 0, 5, 0, 29, 0, 0, 0, 13, 0, 0, 0, 0, 0, 0, 0, 0, 8, 0, 0, 11, 0, 0, 1, 0, 18, 2, 0, 0, 0, 1, 2, 0, 6, 1, 2, 5, 21, 6, 0, : 5, 1, 2, 3, 2, 5, 2, 2, 6, 3, 12, 1, 4, 1, 5, 7, 6, 11, 2, 3, 2, 1, 5, 29, 13, 8, 11, 1, 18, 2, 1, 2, 6, 1, 2, 5, 21, 6, 
696: 2, 1, 0, 3, 3, 3, 2, 5, 0, 1, 0, 9, 1, 2, 7, 0, 3, 0, 0, 14, 3, 0, 0, 1, 15, 0, 0, 0, 2, 0, 7, 0, 0, 1, 6, 15, 0, 3, 8, 0, 4, 2, 3, 1, 0, 3, 0, 1, 0, 0, 0, 4, 8, 2, 0, 0, 8, 1, 1, 6, 0, 2, 0, 0, 0, 0, 0, 0, 2, 2, 0, 0, 0, 0, 0, 0, 1, 1, 10, 7, : 2, 1, 3, 3, 3, 2, 5, 1, 9, 1, 2, 7, 3, 14, 3, 1, 15, 2, 7, 1, 6, 15, 3, 8, 4, 2, 3, 1, 3, 1, 4, 8, 2, 8, 1, 1, 6, 2, 2, 2, 1, 1, 10, 7, 
509: 5, 0, 8, 7, 0, 0, 10, 3, 0, 17, 10, 11, 4, 6, 2, 1, 0, 6, 0, 3, 0, 6, 12, 1, 0, 1, 0, 6, 1, 5, 0, 6, 0, 0, 1, 12, 8, 0, 2, 0, 1, 8, 11, 0, 0, 0, 0, 0, 1, 0, 5, 0, 0, 0, 2, 12, 2, 1, 0, 1, 3, 29, 0, 5, 2, 2, 10, 1, 0, 22, 2, 0, 8, 0, 1, 7, 0, 0, 0, 1, : 5, 8, 7, 10, 3, 17, 10, 11, 4, 6, 2, 1, 6, 3, 6, 12, 1, 1, 6, 1, 5, 6, 1, 12, 8, 2, 1, 8, 11, 1, 5, 2, 12, 2, 1, 1, 3, 29, 5, 2, 2, 10, 1, 22, 2, 8, 1, 7, 1, 
553: 3, 1, 0, 0, 4, 0, 14, 0, 0, 0, 4, 1, 1, 0, 0, 4, 0, 0, 0, 0, 0, 2, 0, 0, 0, 5, 0, 4, 10, 6, 2, 1, 0, 5, 0, 0, 0, 19, 15, 0, 0, 0, 0, 0, 0, 7, 0, 0, 0, 0, 2, 1, 1, 0, 0, 0, 4, 0, 0, 0, 0, 2, 3, 2, 0, 9, 1, 3, 0, 7, 9, 0, 0, 0, 0, 3, 0, 0, 3, 0, : 3, 1, 4, 14, 4, 1, 1, 4, 2, 5, 4, 10, 6, 2, 1, 5, 19, 15, 7, 2, 1, 1, 4, 2, 3, 2, 9, 1, 3, 7, 9, 3, 3, 
319: 6, 0, 0, 2, 18, 1, 0, 0, 3, 9, 11, 0, 10, 0, 5, 1, 0, 23, 3, 0, 5, 0, 0, 1, 0, 0, 0, 12, 5, 4, 1, 0, 0, 6, 0, 7, 0, 0, 25, 0, 1, 0, 0, 0, 0, 0, 0, 0, 2, 7, 1, 1, 0, 1, 0, 1, 0, 2, 0, 4, 0, 0, 0, 0, 1, 2, 0, 0, 0, 0, 0, 9, 1, 0, 11, 0, 16, 0, 22, 9, : 6, 2, 18, 1, 3, 9, 11, 10, 5, 1, 23, 3, 5, 1, 12, 5, 4, 1, 6, 7, 25, 1, 2, 7, 1, 1, 1, 1, 2, 4, 1, 2, 9, 1, 11, 16, 22, 9, 
140: 0, 0, 0, 2, 9, 0, 0, 0, 0, 0, 0, 1, 0, 10, 0, 0, 0, 6, 0, 3, 0, 1, 6, 2, 0, 0, 0, 0, 0, 0, 1, 1, 0, 0, 0, 0, 4, 0, 0, 0, 0, 7, 0, 0, 0, 1, 0, 0, 26, 0, 7, 6, 0, 0, 22, 0, 11, 0, 0, 1, 0, 0, 0, 6, 6, 0, 19, 0, 0, 20, 0, 0, 0, 0, 4, 0, 1, 7, 0, 17, : 2, 9, 1, 10, 6, 3, 1, 6, 2, 1, 1, 4, 7, 1, 26, 7, 6, 22, 11, 1, 6, 6, 19, 20, 4, 1, 7, 17, 


9: 0, 1, 6, 12, 0, 0, 0, 0, 14, 0, 17, 1, 0, 1, 0, 6, 0, 0, 0, 0, 0, 6, 8, 4, 0, 6, 0, 0, 2, 9, 7, 16, 4, 0, 0, 0, 1, 21, 0, 1, 6, 0, 0, 12, 0, 0, 0, 11, 4, 2, 0, 27, 0, 0, 2, 0, 0, 0, 3, 13, 0, 0, 0, 0, 0, 0, 20, 5, 0, 0, 0, 0, 0, 4, 0, 14, 4, 4, 4, 0, : 1, 6, 12, 14, 17, 1, 1, 6, 6, 8, 4, 6, 2, 9, 7, 16, 4, 1, 21, 1, 6, 12, 11, 4, 2, 27, 2, 3, 13, 20, 5, 4, 14, 4, 4, 4, 
664: 4, 4, 0, 1, 13, 3, 0, 0, 3, 0, 0, 0, 0, 4, 0, 1, 0, 0, 5, 0, 5, 0, 5, 0, 0, 11, 6, 0, 0, 0, 0, 5, 0, 0, 0, 8, 2, 0, 3, 2, 1, 4, 0, 14, 0, 0, 0, 0, 18, 0, 0, 0, 1, 0, 5, 3, 0, 0, 0, 3, 0, 0, 0, 0, 16, 0, 0, 0, 0, 13, 8, 1, 1, 0, 0, 0, 4, 3, 0, 9, : 4, 4, 1, 13, 3, 3, 4, 1, 5, 5, 5, 11, 6, 5, 8, 2, 3, 2, 1, 4, 14, 18, 1, 5, 3, 3, 16, 13, 8, 1, 1, 4, 3, 9, 
691: 0, 0, 0, 0, 0, 8, 0, 0, 0, 0, 0, 0, 0, 8, 0, 0, 0, 1, 0, 0, 0, 2, 0, 2, 0, 0, 14, 9, 0, 0, 0, 6, 10, 0, 0, 11, 5, 0, 1, 0, 3, 0, 0, 6, 1, 3, 0, 19, 0, 0, 0, 0, 12, 0, 0, 9, 0, 0, 0, 0, 1, 0, 13, 12, 8, 3, 0, 8, 0, 2, 0, 0, 0, 0, 5, 0, 19, 0, 0, 1, : 8, 8, 1, 2, 2, 14, 9, 6, 10, 11, 5, 1, 3, 6, 1, 3, 19, 12, 9, 1, 13, 12, 8, 3, 8, 2, 5, 19, 1, 
542: 0, 0, 7, 1, 3, 2, 3, 2, 1, 2, 0, 2, 0, 16, 3, 0, 0, 22, 10, 4, 2, 2, 0, 19, 0, 0, 0, 0, 7, 0, 0, 0, 0, 0, 0, 11, 2, 0, 0, 1, 0, 0, 6, 0, 0, 0, 0, 8, 0, 0, 3, 0, 15, 2, 0, 5, 0, 0, 0, 16, 5, 0, 0, 2, 1, 3, 2, 14, 6, 0, 0, 4, 11, 5, 0, 3, 9, 0, 0, 0, : 7, 1, 3, 2, 3, 2, 1, 2, 2, 16, 3, 22, 10, 4, 2, 2, 19, 7, 11, 2, 1, 6, 8, 3, 15, 2, 5, 16, 5, 2, 1, 3, 2, 14, 6, 4, 11, 5, 3, 9, 
161: 0, 8, 0, 10, 4, 0, 3, 0, 0, 4, 0, 0, 16, 3, 9, 0, 0, 15, 0, 0, 0, 0, 1, 1, 0, 0, 3, 7, 8, 0, 1, 1, 0, 3, 0, 0, 0, 0, 0, 0, 0, 3, 0, 12, 3, 19, 0, 0, 0, 1, 0, 0, 1, 0, 1, 0, 0, 7, 4, 10, 0, 9, 6, 0, 0, 12, 13, 0, 12, 0, 0, 0, 1, 3, 12, 5, 14, 23, 0, 22, : 8, 10, 4, 3, 4, 16, 3, 9, 15, 1, 1, 3, 7, 8, 1, 1, 3, 3, 12, 3, 19, 1, 1, 1, 7, 4, 10, 9, 6, 12, 13, 12, 1, 3, 12, 5, 14, 23, 22, 
341: 1, 0, 0, 0, 0, 0, 3, 3, 0, 0, 0, 22, 0, 2, 1, 3, 0, 0, 0, 0, 0, 5, 8, 0, 0, 8, 7, 0, 0, 0, 1, 22, 1, 6, 0, 3, 4, 0, 0, 5, 0, 0, 0, 0, 2, 0, 0, 0, 1, 1, 6, 0, 0, 1, 0, 4, 12, 0, 5, 3, 0, 3, 0, 3, 4, 0, 2, 16, 0, 0, 0, 22, 0, 18, 0, 4, 13, 2, 11, 0, : 1, 3, 3, 22, 2, 1, 3, 5, 8, 8, 7, 1, 22, 1, 6, 3, 4, 5, 2, 1, 1, 6, 1, 4, 12, 5, 3, 3, 3, 4, 2, 16, 22, 18, 4, 13, 2, 11, 
274: 2, 0, 0, 16, 1, 2, 13, 0, 0, 1, 2, 0, 6, 0, 13, 2, 0, 7, 3, 0, 0, 0, 3, 3, 0, 1, 0, 0, 0, 0, 4, 0, 0, 10, 0, 1, 3, 0, 26, 0, 0, 12, 1, 0, 17, 11, 0, 6, 0, 13, 4, 0, 7, 1, 1, 7, 0, 0, 11, 0, 0, 1, 0, 4, 0, 1, 0, 1, 0, 0, 0, 1, 2, 0, 0, 6, 5, 7, 0, 11, : 2, 16, 1, 2, 13, 1, 2, 6, 13, 2, 7, 3, 3, 3, 1, 4, 10, 1, 3, 26, 12, 1, 17, 11, 6, 13, 4, 7, 1, 1, 7, 11, 1, 4, 1, 1, 1, 2, 6, 5, 7, 11, 
293: 4, 0, 10, 4, 0, 0, 0, 0, 3, 0, 0, 0, 8, 0, 3, 2, 8, 1, 0, 7, 3, 12, 0, 0, 0, 5, 0, 1, 12, 0, 2, 3, 5, 0, 0, 0, 4, 0, 0, 0, 5, 0, 0, 0, 0, 1, 15, 0, 13, 1, 3, 0, 0, 9, 8, 0, 0, 0, 3, 1, 0, 2, 0, 0, 0, 20, 1, 8, 0, 10, 0, 0, 0, 14, 0, 0, 6, 7, 8, 0, : 4, 10, 4, 3, 8, 3, 2, 8, 1, 7, 3, 12, 5, 1, 12, 2, 3, 5, 4, 5, 1, 15, 13, 1, 3, 9, 8, 3, 1, 2, 20, 1, 8, 10, 14, 6, 7, 8, 
305: 4, 4, 5, 4, 0, 0, 5, 0, 0, 8, 0, 0, 2, 4, 3, 4, 0, 0, 0, 4, 0, 0, 0, 11, 2, 0, 0, 8, 0, 6, 20, 0, 0, 3, 0, 17, 6, 0, 11, 0, 11, 0, 0, 0, 0, 0, 7, 0, 1, 9, 6, 5, 3, 4, 0, 2, 0, 1, 3, 0, 0, 0, 1, 10, 0, 22, 7, 3, 0, 2, 10, 0, 1, 7, 0, 0, 0, 3, 0, 0, : 4, 4, 5, 4, 5, 8, 2, 4, 3, 4, 4, 11, 2, 8, 6, 20, 3, 17, 6, 11, 11, 7, 1, 9, 6, 5, 3, 4, 2, 1, 3, 1, 10, 22, 7, 3, 2, 10, 1, 7, 3, 
683: 2, 0, 0, 12, 4, 1, 1, 4, 0, 19, 0, 27, 0, 2, 0, 12, 4, 0, 0, 8, 0, 0, 0, 5, 0, 0, 13, 2, 0, 0, 4, 0, 0, 1, 0, 0, 0, 0, 1, 6, 2, 0, 0, 0, 0, 0, 0, 0, 0, 4, 2, 0, 1, 6, 0, 0, 6, 0, 21, 0, 0, 0, 0, 9, 0, 0, 0, 0, 0, 3, 0, 5, 0, 0, 11, 0, 0, 8, 0, 0, : 2, 12, 4, 1, 1, 4, 19, 27, 2, 12, 4, 8, 5, 13, 2, 4, 1, 1, 6, 2, 4, 2, 1, 6, 6, 21, 9, 3, 5, 11, 8, 
750: 2, 8, 1, 0, 0, 0, 2, 1, 16, 1, 0, 0, 26, 5, 14, 0, 0, 6, 1, 0, 10, 8, 7, 13, 3, 6, 2, 11, 0, 0, 0, 0, 3, 5, 3, 9, 0, 1, 4, 0, 2, 0, 0, 0, 0, 0, 0, 4, 0, 2, 9, 2, 2, 3, 3, 8, 0, 3, 0, 3, 0, 0, 24, 0, 0, 0, 5, 5, 0, 10, 2, 0, 13, 3, 12, 0, 0, 0, 0, 0, : 2, 8, 1, 2, 1, 16, 1, 26, 5, 14, 6, 1, 10, 8, 7, 13, 3, 6, 2, 11, 3, 5, 3, 9, 1, 4, 2, 4, 2, 9, 2, 2, 3, 3, 8, 3, 3, 24, 5, 5, 10, 2, 13, 3, 12, 
400: 9, 1, 6, 0, 0, 9, 4, 0, 4, 0, 1, 0, 0, 2, 0, 2, 0, 0, 0, 2, 4, 0, 6, 4, 3, 2, 0, 0, 0, 0, 1, 0, 1, 7, 18, 0, 1, 0, 0, 0, 7, 3, 16, 0, 1, 0, 0, 14, 6, 1, 0, 7, 0, 0, 0, 4, 0, 1, 0, 0, 12, 19, 0, 0, 2, 2, 0, 1, 8, 0, 0, 0, 5, 0, 1, 0, 0, 0, 9, 0, : 9, 1, 6, 9, 4, 4, 1, 2, 2, 2, 4, 6, 4, 3, 2, 1, 1, 7, 18, 1, 7, 3, 16, 1, 14, 6, 1, 7, 4, 1, 12, 19, 2, 2, 1, 8, 5, 1, 9, 
455: 0, 4, 0, 1, 0, 3, 4, 0, 0, 13, 13, 11, 0, 0, 3, 6, 1, 0, 0, 0, 1, 19, 2, 0, 0, 0, 0, 0, 12, 3, 16, 0, 0, 8, 0, 9, 0, 0, 3, 0, 5, 4, 8, 1, 0, 0, 14, 0, 0, 3, 1, 5, 0, 0, 3, 1, 6, 1, 3, 0, 3, 17, 5, 7, 0, 1, 0, 1, 14, 0, 0, 0, 7, 0, 4, 0, 2, 1, 15, 0, : 4, 1, 3, 4, 13, 13, 11, 3, 6, 1, 1, 19, 2, 12, 3, 16, 8, 9, 3, 5, 4, 8, 1, 14, 3, 1, 5, 3, 1, 6, 1, 3, 3, 17, 5, 7, 1, 1, 14, 7, 4, 2, 1, 15, 
779: 0, 2, 11, 1, 10, 27, 10, 18, 0, 2, 0, 0, 2, 2, 2, 7, 0, 0, 2, 0, 10, 8, 0, 1, 0, 0, 0, 4, 6, 0, 3, 0, 17, 5, 0, 0, 23, 0, 0, 3, 0, 0, 0, 19, 5, 0, 0, 12, 0, 0, 0, 0, 0, 0, 4, 0, 0, 0, 7, 3, 18, 3, 0, 5, 0, 7, 3, 0, 0, 11, 11, 0, 1, 0, 1, 0, 0, 3, 2, 0, : 2, 11, 1, 10, 27, 10, 18, 2, 2, 2, 2, 7, 2, 10, 8, 1, 4, 6, 3, 17, 5, 23, 3, 19, 5, 12, 4, 7, 3, 18, 3, 5, 7, 3, 11, 11, 1, 1, 3, 2, 
494: 1, 4, 0, 0, 14, 0, 16, 7, 0, 4, 0, 0, 0, 6, 20, 0, 0, 0, 1, 0, 3, 0, 0, 4, 0, 0, 21, 3, 0, 18, 5, 0, 0, 10, 0, 0, 15, 15, 14, 1, 0, 0, 9, 0, 3, 21, 0, 2, 0, 12, 0, 0, 0, 0, 7, 1, 9, 1, 0, 0, 0, 0, 0, 3, 0, 0, 4, 7, 0, 19, 9, 0, 0, 0, 0, 7, 1, 0, 2, 0, : 1, 4, 14, 16, 7, 4, 6, 20, 1, 3, 4, 21, 3, 18, 5, 10, 15, 15, 14, 1, 9, 3, 21, 2, 12, 7, 1, 9, 1, 3, 4, 7, 19, 9, 7, 1, 2, 
369: 0, 0, 0, 0, 0, 0, 0, 0, 26, 21, 7, 0, 4, 0, 0, 5, 1, 0, 15, 0, 7, 0, 0, 3, 26, 1, 18, 1, 2, 0, 0, 0, 0, 5, 1, 1, 0, 0, 0, 0, 12, 0, 1, 0, 0, 6, 8, 0, 0, 3, 0, 0, 6, 4, 0, 5, 0, 0, 0, 0, 4, 7, 8, 0, 4, 0, 8, 4, 21, 0, 0, 0, 0, 0, 1, 0, 0, 0, 9, 0, : 26, 21, 7, 4, 5, 1, 15, 7, 3, 26, 1, 18, 1, 2, 5, 1, 1, 12, 1, 6, 8, 3, 6, 4, 5, 4, 7, 8, 4, 8, 4, 21, 1, 9, 
302: 1, 7, 13, 0, 0, 7, 6, 6, 0, 0, 10, 2, 3, 0, 7, 4, 3, 7, 0, 0, 6, 8, 0, 2, 7, 0, 4, 0, 0, 0, 1, 0, 3, 0, 1, 11, 9, 0, 0, 1, 0, 0, 1, 11, 11, 0, 0, 0, 4, 4, 0, 10, 15, 1, 4, 0, 0, 6, 0, 0, 2, 0, 0, 0, 4, 0, 0, 2, 1, 0, 9, 3, 0, 0, 0, 0, 7, 3, 3, 12, : 1, 7, 13, 7, 6, 6, 10, 2, 3, 7, 4, 3, 7, 6, 8, 2, 7, 4, 1, 3, 1, 11, 9, 1, 1, 11, 11, 4, 4, 10, 15, 1, 4, 6, 2, 4, 2, 1, 9, 3, 7, 3, 3, 12, 
780: 6, 0, 0, 0, 0, 0, 3, 12, 4, 0, 0, 2, 14, 0, 5, 1, 0, 1, 0, 0, 0, 1, 0, 1, 0, 9, 12, 9, 0, 0, 4, 10, 0, 0, 0, 1, 1, 0, 2, 0, 3, 1, 26, 0, 7, 4, 15, 3, 9, 0, 0, 5, 0, 4, 0, 0, 6, 4, 0, 0, 3, 3, 4, 0, 0, 2, 1, 0, 3, 0, 0, 0, 0, 0, 0, 2, 1, 8, 0, 1, : 6, 3, 12, 4, 2, 14, 5, 1, 1, 1, 1, 9, 12, 9, 4, 10, 1, 1, 2, 3, 1, 26, 7, 4, 15, 3, 9, 5, 4, 6, 4, 3, 3, 4, 2, 1, 3, 2, 1, 8, 1, 
190: 8, 0, 0, 12, 0, 0, 0, 0, 0, 0, 2, 0, 0, 0, 0, 4, 0, 9, 5, 14, 14, 0, 2, 1, 0, 2, 0, 0, 5, 0, 0, 0, 4, 8, 7, 9, 1, 0, 0, 3, 0, 0, 0, 0, 0, 1, 7, 0, 7, 1, 6, 0, 0, 1, 11, 1, 0, 0, 3, 0, 7, 4, 7, 0, 5, 2, 1, 14, 2, 1, 0, 0, 11, 7, 21, 0, 0, 7, 17, 3, : 8, 12, 2, 4, 9, 5, 14, 14, 2, 1, 2, 5, 4, 8, 7, 9, 1, 3, 1, 7, 7, 1, 6, 1, 11, 1, 3, 7, 4, 7, 5, 2, 1, 14, 2, 1, 11, 7, 21, 7, 17, 3, 
46: 0, 1, 5, 0, 0, 0, 0, 2, 3, 6, 0, 0, 6, 21, 7, 0, 0, 1, 0, 4, 0, 0, 11, 6, 9, 6, 2, 6, 4, 7, 2, 0, 7, 0, 6, 1, 1, 0, 0, 10, 0, 1, 0, 0, 2, 5, 0, 15, 9, 0, 0, 0, 6, 10, 0, 0, 3, 0, 2, 0, 12, 0, 0, 0, 6, 0, 0, 4, 1, 0, 2, 6, 0, 1, 0, 0, 0, 0, 0, 1, : 1, 5, 2, 3, 6, 6, 21, 7, 1, 4, 11, 6, 9, 6, 2, 6, 4, 7, 2, 7, 6, 1, 1, 10, 1, 2, 5, 15, 9, 6, 10, 3, 2, 12, 6, 4, 1, 2, 6, 1, 1, 
411: 3, 0, 14, 0, 11, 1, 1, 13, 2, 0, 0, 2, 0, 0, 1, 5, 15, 4, 3, 2, 9, 4, 0, 0, 0, 2, 0, 0, 0, 10, 1, 0, 5, 12, 25, 0, 0, 0, 1, 8, 0, 1, 0, 2, 0, 0, 2, 0, 9, 6, 0, 0, 0, 5, 0, 7, 0, 0, 0, 8, 6, 0, 0, 0, 0, 13, 17, 0, 7, 0, 2, 0, 4, 17, 0, 23, 0, 14, 0, 1, : 3, 14, 11, 1, 1, 13, 2, 2, 1, 5, 15, 4, 3, 2, 9, 4, 2, 10, 1, 5, 12, 25, 1, 8, 1, 2, 2, 9, 6, 5, 7, 8, 6, 13, 17, 7, 2, 4, 17, 23, 14, 1, 
134: 3, 3, 6, 13, 2, 0, 0, 0, 2, 0, 4, 0, 2, 0, 0, 1, 0, 0, 14, 9, 0, 2, 0, 4, 9, 9, 0, 0, 1, 24, 0, 19, 10, 0, 0, 0, 0, 20, 14, 3, 2, 8, 0, 0, 1, 13, 0, 2, 1, 0, 0, 0, 0, 3, 0, 1, 4, 0, 0, 1, 0, 0, 0, 0, 0, 3, 0, 0, 0, 11, 0, 0, 0, 0, 7, 0, 2, 0, 8, 0, : 3, 3, 6, 13, 2, 2, 4, 2, 1, 14, 9, 2, 4, 9, 9, 1, 24, 19, 10, 20, 14, 3, 2, 8, 1, 13, 2, 1, 3, 1, 4, 1, 3, 11, 7, 2, 8, 
14: 0, 0, 0, 4, 14, 6, 0, 4, 0, 4, 0, 0, 4, 0, 1, 7, 0, 0, 18, 0, 1, 0, 22, 2, 0, 0, 0, 0, 14, 0, 2, 0, 0, 0, 0, 0, 3, 0, 6, 5, 0, 1, 15, 0, 2, 0, 0, 0, 0, 0, 0, 10, 0, 8, 0, 0, 13, 5, 0, 0, 2, 0, 0, 2, 14, 0, 0, 1, 0, 0, 1, 19, 3, 2, 4, 0, 2, 0, 1, 0, : 4, 14, 6, 4, 4, 4, 1, 7, 18, 1, 22, 2, 14, 2, 3, 6, 5, 1, 15, 2, 10, 8, 13, 5, 2, 2, 14, 1, 1, 19, 3, 2, 4, 2, 1, 
409: 0, 5, 1, 1, 0, 0, 0, 0, 0, 10, 0, 14, 0, 0, 1, 9, 15, 0, 0, 0, 11, 3, 0, 0, 0, 0, 0, 4, 0, 0, 6, 0, 0, 0, 0, 0, 4, 0, 0, 5, 2, 3, 0, 2, 7, 0, 0, 0, 0, 6, 7, 9, 0, 0, 0, 3, 0, 16, 0, 14, 11, 0, 6, 0, 0, 8, 0, 3, 0, 5, 24, 4, 18, 4, 0, 0, 5, 6, 13, 0, : 5, 1, 1, 10, 14, 1, 9, 15, 11, 3, 4, 6, 4, 5, 2, 3, 2, 7, 6, 7, 9, 3, 16, 14, 11, 6, 8, 3, 5, 24, 4, 18, 4, 5, 6, 13, 
295: 9, 1, 0, 0, 0, 0, 12, 0, 0, 0, 0, 2, 4, 0, 5, 0, 0, 0, 1, 1, 0, 9, 7, 0, 0, 1, 0, 0, 2, 0, 1, 0, 5, 4, 0, 0, 1, 7, 2, 0, 0, 3, 2, 0, 3, 1, 22, 1, 1, 0, 0, 11, 0, 1, 22, 4, 20, 0, 0, 3, 7, 4, 0, 0, 0, 0, 27, 0, 0, 0, 1, 0, 8, 0, 2, 2, 16, 0, 0, 9, : 9, 1, 12, 2, 4, 5, 1, 1, 9, 7, 1, 2, 1, 5, 4, 1, 7, 2, 3, 2, 3, 1, 22, 1, 1, 11, 1, 22, 4, 20, 3, 7, 4, 27, 1, 8, 2, 2, 16, 9, 
288: 1, 5, 1, 0, 3, 0, 0, 22, 10, 0, 13, 0, 9, 8, 2, 2, 14, 0, 0, 12, 0, 0, 1, 4, 0, 4, 0, 14, 5, 6, 1, 2, 4, 0, 0, 0, 0, 0, 0, 17, 8, 12, 0, 1, 0, 4, 0, 4, 2, 21, 3, 0, 1, 5, 8, 23, 0, 11, 1, 0, 0, 0, 0, 23, 0, 0, 2, 5, 0, 7, 2, 13, 1, 1, 0, 0, 0, 0, 0, 0, : 1, 5, 1, 3, 22, 10, 13, 9, 8, 2, 2, 14, 12, 1, 4, 4, 14, 5, 6, 1, 2, 4, 17, 8, 12, 1, 4, 4, 2, 21, 3, 1, 5, 8, 23, 11, 1, 23, 2, 5, 7, 2, 13, 1, 1, 
470: 0, 2, 2, 0, 5, 0, 0, 0, 0, 5, 0, 0, 0, 0, 0, 7, 11, 0, 0, 0, 1, 11, 1, 1, 0, 0, 7, 2, 0, 0, 0, 0, 0, 0, 0, 0, 1, 11, 11, 2, 11, 0, 0, 0, 15, 11, 0, 0, 0, 8, 28, 2, 18, 1, 5, 5, 0, 0, 9, 5, 4, 9, 0, 0, 0, 0, 0, 0, 0, 0, 0, 0, 11, 0, 0, 0, 0, 3, 0, 0, : 2, 2, 5, 5, 7, 11, 1, 11, 1, 1, 7, 2, 1, 11, 11, 2, 11, 15, 11, 8, 28, 2, 18, 1, 5, 5, 9, 5, 4, 9, 11, 3, 
214: 1, 0, 1, 6, 0, 0, 0, 4, 0, 1, 0, 1, 0, 1, 0, 0, 0, 1, 1, 0, 0, 0, 1, 0, 0, 22, 2, 2, 8, 0, 0, 0, 0, 0, 0, 0, 0, 0, 3, 1, 4, 0, 0, 0, 0, 0, 3, 0, 1, 0, 0, 8, 0, 6, 11, 9, 0, 0, 0, 0, 0, 0, 11, 0, 0, 2, 0, 3, 4, 1, 6, 16, 0, 1, 0, 1, 1, 0, 0, 0, : 1, 1, 6, 4, 1, 1, 1, 1, 1, 1, 22, 2, 2, 8, 3, 1, 4, 3, 1, 8, 6, 11, 9, 11, 2, 3, 4, 1, 6, 16, 1, 1, 1, 
789: 0, 0, 2, 0, 1, 0, 0, 0, 0, 0, 14, 0, 4, 7, 0, 1, 8, 0, 0, 2, 2, 2, 0, 0, 2, 6, 1, 0, 4, 0, 5, 0, 0, 0, 0, 0, 0, 0, 0, 26, 0, 19, 0, 0, 4, 0, 2, 0, 0, 5, 0, 0, 6, 6, 0, 0, 10, 0, 2, 0, 5, 0, 0, 0, 3, 0, 0, 0, 10, 0, 0, 6, 2, 8, 5, 0, 0, 0, 0, 6, : 2, 1, 14, 4, 7, 1, 8, 2, 2, 2, 2, 6, 1, 4, 5, 26, 19, 4, 2, 5, 6, 6, 10, 2, 5, 3, 10, 6, 2, 8, 5, 6, 
650: 0, 0, 0, 0, 0, 2, 5, 0, 0, 2, 7, 0, 2, 2, 0, 3, 7, 27, 0, 9, 0, 7, 0, 6, 0, 0, 0, 14, 0, 0, 0, 0, 13, 0, 25, 0, 0, 0, 4, 3, 10, 6, 0, 2, 7, 2, 0, 0, 0, 0, 14, 2, 3, 6, 0, 0, 6, 23, 0, 0, 0, 0, 0, 13, 2, 0, 5, 1, 0, 0, 7, 6, 10, 1, 16, 1, 0, 0, 0, 0, : 2, 5, 2, 7, 2, 2, 3, 7, 27, 9, 7, 6, 14, 13, 25, 4, 3, 10, 6, 2, 7, 2, 14, 2, 3, 6, 6, 23, 13, 2, 5, 1, 7, 6, 10, 1, 16, 1, 
491: 2, 5, 6, 0, 1, 1, 0, 0, 10, 0, 0, 2, 0, 2, 0, 0, 0, 1, 1, 0, 5, 5, 3, 1, 0, 1, 0, 8, 1, 10, 0, 2, 0, 21, 1, 0, 14, 0, 0, 2, 0, 0, 1, 2, 0, 0, 0, 2, 0, 3, 0, 1, 0, 10, 0, 6, 0, 0, 0, 6, 0, 5, 0, 0, 0, 9, 0, 0, 1, 0, 4, 0, 0, 0, 0, 0, 0, 0, 7, 5, : 2, 5, 6, 1, 1, 10, 2, 2, 1, 1, 5, 5, 3, 1, 1, 8, 1, 10, 2, 21, 1, 14, 2, 1, 2, 2, 3, 1, 10, 6, 6, 5, 9, 1, 4, 7, 5, 
106: 4, 15, 6, 0, 4, 4, 0, 0, 0, 0, 0, 1, 1, 1, 0, 6, 0, 0, 2, 0, 8, 0, 0, 0, 5, 0, 0, 0, 0, 0, 1, 0, 3, 4, 0, 2, 0, 0, 0, 1, 10, 0, 4, 1, 15, 0, 0, 8, 0, 1, 6, 0, 13, 0, 0, 2, 0, 0, 0, 1, 0, 1, 3, 0, 0, 0, 0, 2, 6, 7, 0, 1, 0, 0, 0, 8, 1, 0, 3, 0, : 4, 15, 6, 4, 4, 1, 1, 1, 6, 2, 8, 5, 1, 3, 4, 2, 1, 10, 4, 1, 15, 8, 1, 6, 13, 2, 1, 1, 3, 2, 6, 7, 1, 8, 1, 3, 
660: 5, 16, 6, 2, 0, 0, 3, 0, 5, 1, 0, 8, 0, 3, 1, 5, 0, 3, 5, 0, 0, 0, 0, 0, 20, 1, 0, 2, 4, 0, 7, 17, 4, 0, 11, 0, 0, 0, 11, 0, 2, 0, 2, 4, 0, 1, 8, 7, 4, 0, 17, 0, 6, 0, 0, 0, 6, 0, 8, 0, 5, 0, 3, 7, 3, 5, 0, 7, 0, 0, 10, 0, 0, 0, 6, 3, 3, 5, 0, 0, : 5, 16, 6, 2, 3, 5, 1, 8, 3, 1, 5, 3, 5, 20, 1, 2, 4, 7, 17, 4, 11, 11, 2, 2, 4, 1, 8, 7, 4, 17, 6, 6, 8, 5, 3, 7, 3, 5, 7, 10, 6, 3, 3, 5, 
187: 6, 0, 0, 0, 0, 0, 0, 0, 0, 0, 0, 9, 0, 2, 0, 5, 18, 0, 4, 3, 1, 0, 19, 7, 0, 1, 0, 0, 0, 0, 3, 0, 1, 5, 6, 0, 2, 3, 0, 1, 1, 15, 1, 0, 1, 0, 0, 0, 0, 0, 5, 0, 0, 0, 4, 0, 0, 2, 0, 0, 0, 2, 16, 3, 16, 0, 0, 4, 0, 0, 0, 10, 2, 0, 3, 3, 0, 0, 0, 12, : 6, 9, 2, 5, 18, 4, 3, 1, 19, 7, 1, 3, 1, 5, 6, 2, 3, 1, 1, 15, 1, 1, 5, 4, 2, 2, 16, 3, 16, 4, 10, 2, 3, 3, 12, 
371: 10, 12, 0, 2, 0, 6, 1, 0, 0, 5, 0, 0, 1, 1, 15, 1, 2, 6, 1, 0, 0, 3, 0, 1, 3, 0, 0, 0, 0, 0, 0, 5, 2, 0, 0, 0, 0, 1, 0, 1, 1, 0, 0, 0, 11, 1, 0, 0, 0, 0, 0, 3, 0, 4, 0, 7, 0, 0, 10, 0, 0, 7, 0, 0, 0, 0, 0, 0, 5, 1, 1, 0, 0, 3, 4, 9, 0, 8, 5, 17, : 10, 12, 2, 6, 1, 5, 1, 1, 15, 1, 2, 6, 1, 3, 1, 3, 5, 2, 1, 1, 1, 11, 1, 3, 4, 7, 10, 7, 5, 1, 1, 3, 4, 9, 8, 5, 17, 
225: 3, 1, 4, 0, 3, 19, 1, 11, 1, 10, 0, 4, 3, 1, 0, 2, 0, 1, 11, 6, 0, 0, 0, 0, 0, 15, 0, 11, 6, 0, 3, 0, 0, 0, 16, 0, 0, 0, 0, 2, 0, 0, 25, 6, 0, 0, 0, 0, 25, 0, 0, 13, 0, 0, 15, 0, 0, 14, 5, 0, 0, 0, 0, 7, 0, 1, 2, 1, 0, 0, 0, 0, 0, 4, 0, 0, 0, 0, 0, 1, : 3, 1, 4, 3, 19, 1, 11, 1, 10, 4, 3, 1, 2, 1, 11, 6, 15, 11, 6, 3, 16, 2, 25, 6, 25, 13, 15, 14, 5, 7, 1, 2, 1, 4, 1, 
725: 8, 0, 4, 6, 0, 0, 14, 3, 0, 0, 0, 0, 2, 9, 0, 1, 6, 0, 0, 0, 0, 0, 5, 1, 0, 0, 0, 2, 1, 0, 16, 0, 5, 1, 0, 7, 1, 19, 1, 5, 0, 19, 0, 0, 0, 0, 0, 0, 1, 0, 0, 0, 0, 5, 1, 1, 13, 20, 6, 23, 4, 0, 0, 0, 27, 0, 0, 0, 0, 3, 2, 0, 0, 0, 0, 1, 0, 0, 0, 0, : 8, 4, 6, 14, 3, 2, 9, 1, 6, 5, 1, 2, 1, 16, 5, 1, 7, 1, 19, 1, 5, 19, 1, 5, 1, 1, 13, 20, 6, 23, 4, 27, 3, 2, 1, 
118: 2, 11, 2, 2, 13, 0, 10, 8, 0, 1, 22, 1, 1, 4, 0, 6, 5, 5, 0, 15, 16, 0, 0, 0, 0, 0, 0, 0, 0, 0, 3, 3, 7, 0, 0, 17, 16, 0, 2, 0, 4, 3, 0, 13, 2, 10, 2, 2, 0, 1, 0, 0, 0, 2, 1, 2, 0, 2, 1, 0, 0, 4, 0, 1, 0, 0, 0, 0, 0, 0, 0, 1, 3, 2, 0, 0, 3, 0, 1, 9, : 2, 11, 2, 2, 13, 10, 8, 1, 22, 1, 1, 4, 6, 5, 5, 15, 16, 3, 3, 7, 17, 16, 2, 4, 3, 13, 2, 10, 2, 2, 1, 2, 1, 2, 2, 1, 4, 1, 1, 3, 2, 3, 1, 9, 
428: 16, 0, 0, 0, 0, 0, 0, 0, 0, 0, 8, 9, 0, 1, 3, 0, 0, 2, 17, 18, 1, 0, 5, 6, 10, 1, 8, 0, 12, 5, 0, 9, 0, 2, 0, 2, 0, 0, 0, 1, 0, 2, 2, 10, 0, 0, 9, 0, 4, 9, 0, 0, 1, 3, 2, 0, 0, 0, 0, 7, 3, 3, 6, 9, 5, 0, 0, 0, 19, 1, 0, 2, 3, 15, 0, 11, 2, 5, 0, 0, : 16, 8, 9, 1, 3, 2, 17, 18, 1, 5, 6, 10, 1, 8, 12, 5, 9, 2, 2, 1, 2, 2, 10, 9, 4, 9, 1, 3, 2, 7, 3, 3, 6, 9, 5, 19, 1, 2, 3, 15, 11, 2, 5, 
301: 3, 0, 1, 10, 14, 19, 0, 0, 16, 0, 0, 0, 0, 2, 1, 0, 2, 0, 0, 0, 0, 3, 3, 7, 21, 0, 0, 0, 4, 22, 0, 0, 6, 0, 0, 0, 0, 22, 0, 4, 8, 0, 0, 2, 0, 6, 6, 0, 0, 3, 0, 0, 3, 9, 2, 0, 6, 3, 13, 0, 6, 17, 7, 0, 0, 4, 0, 0, 0, 13, 9, 0, 2, 0, 5, 17, 0, 0, 2, 0, : 3, 1, 10, 14, 19, 16, 2, 1, 2, 3, 3, 7, 21, 4, 22, 6, 22, 4, 8, 2, 6, 6, 3, 3, 9, 2, 6, 3, 13, 6, 17, 7, 4, 13, 9, 2, 5, 17, 2, 


304: 0, 3, 0, 4, 1, 2, 1, 0, 0, 22, 7, 26, 0, 2, 6, 0, 0, 0, 15, 0, 2, 4, 0, 0, 0, 0, 0, 0, 4, 4, 0, 4, 0, 1, 8, 1, 0, 0, 4, 1, 17, 0, 1, 4, 0, 5, 1, 1, 0, 18, 0, 2, 8, 0, 0, 4, 0, 1, 7, 0, 2, 1, 15, 4, 1, 0, 0, 0, 3, 0, 1, 0, 0, 0, 0, 0, 10, 4, 0, 0, : 3, 4, 1, 2, 1, 22, 7, 26, 2, 6, 15, 2, 4, 4, 4, 4, 1, 8, 1, 4, 1, 17, 1, 4, 5, 1, 1, 18, 2, 8, 4, 1, 7, 2, 1, 15, 4, 1, 3, 1, 10, 4, 
89: 0, 0, 0, 11, 0, 0, 12, 0, 2, 11, 0, 3, 1, 0, 5, 0, 1, 0, 0, 0, 0, 16, 0, 5, 7, 0, 0, 0, 8, 3, 27, 4, 0, 2, 6, 2, 6, 2, 0, 0, 0, 0, 4, 16, 0, 0, 2, 0, 5, 5, 18, 1, 6, 4, 0, 0, 2, 1, 0, 0, 2, 0, 0, 0, 2, 2, 0, 0, 0, 0, 0, 0, 0, 0, 0, 0, 2, 3, 0, 5, : 11, 12, 2, 11, 3, 1, 5, 1, 16, 5, 7, 8, 3, 27, 4, 2, 6, 2, 6, 2, 4, 16, 2, 5, 5, 18, 1, 6, 4, 2, 1, 2, 2, 2, 2, 3, 5, 
655: 0, 5, 18, 0, 0, 10, 13, 1, 1, 0, 0, 5, 0, 0, 0, 0, 3, 0, 6, 0, 5, 3, 0, 0, 1, 3, 0, 3, 3, 15, 11, 3, 8, 7, 0, 0, 0, 8, 0, 4, 6, 2, 0, 0, 2, 3, 0, 0, 0, 0, 0, 7, 6, 9, 0, 2, 0, 1, 10, 25, 0, 9, 0, 5, 5, 18, 0, 0, 7, 13, 0, 2, 15, 23, 16, 2, 0, 8, 0, 0, : 5, 18, 10, 13, 1, 1, 5, 3, 6, 5, 3, 1, 3, 3, 3, 15, 11, 3, 8, 7, 8, 4, 6, 2, 2, 3, 7, 6, 9, 2, 1, 10, 25, 9, 5, 5, 18, 7, 13, 2, 15, 23, 16, 2, 8, 
124: 16, 18, 13, 1, 12, 2, 6, 1, 2, 0, 7, 0, 1, 0, 0, 0, 11, 0, 1, 2, 10, 2, 0, 6, 0, 7, 0, 0, 1, 0, 3, 7, 0, 0, 0, 0, 0, 2, 0, 1, 0, 13, 24, 0, 0, 8, 1, 0, 0, 1, 0, 0, 1, 0, 0, 0, 2, 0, 0, 10, 0, 9, 0, 2, 1, 0, 0, 1, 1, 0, 0, 2, 10, 0, 7, 5, 1, 1, 14, 27, : 16, 18, 13, 1, 12, 2, 6, 1, 2, 7, 1, 11, 1, 2, 10, 2, 6, 7, 1, 3, 7, 2, 1, 13, 24, 8, 1, 1, 1, 2, 10, 9, 2, 1, 1, 1, 2, 10, 7, 5, 1, 1, 14, 27, 
42: 0, 8, 0, 11, 0, 0, 13, 1, 0, 4, 4, 0, 1, 8, 2, 21, 9, 3, 0, 0, 0, 0, 0, 3, 1, 0, 0, 14, 2, 0, 1, 4, 11, 1, 10, 0, 5, 5, 8, 1, 2, 7, 0, 0, 0, 0, 4, 0, 0, 9, 0, 1, 0, 0, 2, 4, 0, 0, 2, 2, 6, 7, 10, 2, 1, 2, 0, 24, 2, 0, 0, 0, 1, 4, 0, 0, 0, 3, 2, 2, : 8, 11, 13, 1, 4, 4, 1, 8, 2, 21, 9, 3, 3, 1, 14, 2, 1, 4, 11, 1, 10, 5, 5, 8, 1, 2, 7, 4, 9, 1, 2, 4, 2, 2, 6, 7, 10, 2, 1, 2, 24, 2, 1, 4, 3, 2, 2, 
770: 0, 0, 0, 4, 2, 7, 0, 0, 3, 0, 0, 8, 3, 0, 0, 0, 0, 12, 0, 0, 6, 2, 0, 0, 4, 1, 0, 0, 0, 0, 0, 1, 0, 2, 18, 3, 12, 0, 0, 0, 0, 0, 0, 0, 13, 0, 9, 5, 1, 0, 0, 0, 0, 9, 2, 2, 8, 4, 1, 0, 2, 8, 22, 0, 5, 6, 5, 0, 3, 13, 4, 0, 1, 3, 0, 0, 0, 3, 0, 0, : 4, 2, 7, 3, 8, 3, 12, 6, 2, 4, 1, 1, 2, 18, 3, 12, 13, 9, 5, 1, 9, 2, 2, 8, 4, 1, 2, 8, 22, 5, 6, 5, 3, 13, 4, 1, 3, 3, 
251: 0, 1, 3, 2, 3, 4, 2, 0, 17, 0, 15, 0, 3, 0, 0, 0, 13, 9, 3, 0, 0, 10, 20, 3, 0, 1, 0, 11, 9, 0, 0, 1, 0, 3, 0, 28, 0, 2, 13, 0, 0, 0, 0, 0, 1, 0, 0, 0, 0, 0, 0, 1, 0, 0, 0, 0, 0, 4, 0, 0, 4, 0, 0, 2, 6, 0, 0, 1, 0, 2, 0, 0, 0, 0, 0, 0, 7, 3, 6, 1, : 1, 3, 2, 3, 4, 2, 17, 15, 3, 13, 9, 3, 10, 20, 3, 1, 11, 9, 1, 3, 28, 2, 13, 1, 1, 4, 4, 2, 6, 1, 2, 7, 3, 6, 1, 
795: 0, 2, 1, 1, 0, 1, 0, 17, 0, 0, 4, 0, 1, 10, 0, 0, 1, 0, 2, 2, 0, 7, 4, 4, 0, 3, 8, 6, 0, 0, 11, 14, 2, 0, 3, 0, 6, 1, 7, 2, 0, 7, 0, 0, 0, 5, 0, 0, 0, 0, 0, 0, 0, 16, 25, 2, 0, 6, 1, 6, 0, 0, 0, 0, 1, 6, 0, 0, 0, 0, 0, 2, 1, 17, 0, 1, 4, 6, 3, 0, : 2, 1, 1, 1, 17, 4, 1, 10, 1, 2, 2, 7, 4, 4, 3, 8, 6, 11, 14, 2, 3, 6, 1, 7, 2, 7, 5, 16, 25, 2, 6, 1, 6, 1, 6, 2, 1, 17, 1, 4, 6, 3, 
91: 0, 6, 0, 2, 0, 2, 0, 8, 1, 0, 1, 0, 0, 0, 12, 2, 7, 16, 0, 0, 0, 4, 4, 0, 4, 9, 0, 0, 1, 0, 3, 2, 19, 1, 0, 0, 15, 0, 8, 1, 0, 1, 0, 6, 4, 0, 0, 2, 8, 0, 4, 0, 1, 0, 0, 0, 1, 20, 0, 0, 4, 13, 4, 0, 5, 0, 4, 2, 0, 0, 0, 5, 16, 2, 1, 0, 1, 6, 0, 8, : 6, 2, 2, 8, 1, 1, 12, 2, 7, 16, 4, 4, 4, 9, 1, 3, 2, 19, 1, 15, 8, 1, 1, 6, 4, 2, 8, 4, 1, 1, 20, 4, 13, 4, 5, 4, 2, 5, 16, 2, 1, 1, 6, 8, 
549: 11, 10, 15, 1, 4, 5, 0, 0, 0, 1, 2, 5, 2, 10, 8, 0, 7, 0, 0, 7, 9, 10, 0, 7, 2, 0, 0, 6, 1, 2, 0, 0, 7, 0, 5, 0, 0, 6, 0, 0, 0, 0, 0, 10, 11, 1, 6, 1, 0, 5, 0, 10, 1, 0, 17, 0, 3, 2, 0, 0, 22, 0, 8, 0, 3, 7, 0, 0, 3, 0, 0, 4, 0, 0, 0, 2, 0, 0, 0, 14, : 11, 10, 15, 1, 4, 5, 1, 2, 5, 2, 10, 8, 7, 7, 9, 10, 7, 2, 6, 1, 2, 7, 5, 6, 10, 11, 1, 6, 1, 5, 10, 1, 17, 3, 2, 22, 8, 3, 7, 3, 4, 2, 14, 
737: 0, 0, 0, 0, 2, 0, 0, 0, 12, 0, 9, 0, 0, 14, 0, 2, 3, 8, 0, 1, 0, 0, 4, 0, 0, 0, 1, 1, 3, 0, 11, 5, 4, 12, 3, 0, 12, 15, 0, 0, 0, 0, 0, 0, 0, 1, 1, 0, 0, 0, 0, 5, 2, 0, 0, 1, 12, 5, 15, 2, 0, 3, 0, 2, 0, 6, 2, 0, 10, 1, 0, 1, 7, 18, 0, 5, 1, 2, 20, 0, : 2, 12, 9, 14, 2, 3, 8, 1, 4, 1, 1, 3, 11, 5, 4, 12, 3, 12, 15, 1, 1, 5, 2, 1, 12, 5, 15, 2, 3, 2, 6, 2, 10, 1, 1, 7, 18, 5, 1, 2, 20, 
506: 13, 0, 0, 0, 5, 0, 0, 4, 1, 5, 2, 0, 8, 14, 11, 0, 2, 4, 6, 0, 4, 0, 17, 0, 0, 0, 0, 0, 0, 0, 0, 0, 5, 3, 4, 1, 8, 6, 0, 0, 0, 9, 2, 0, 10, 18, 0, 0, 14, 0, 0, 2, 9, 7, 0, 0, 2, 0, 0, 0, 1, 0, 8, 7, 2, 0, 17, 0, 0, 1, 0, 1, 7, 0, 0, 0, 0, 11, 0, 0, : 13, 5, 4, 1, 5, 2, 8, 14, 11, 2, 4, 6, 4, 17, 5, 3, 4, 1, 8, 6, 9, 2, 10, 18, 14, 2, 9, 7, 2, 1, 8, 7, 2, 17, 1, 1, 7, 11, 
95: 0, 0, 6, 0, 3, 1, 0, 4, 0, 14, 0, 0, 3, 4, 0, 0, 0, 0, 4, 1, 0, 8, 0, 5, 0, 20, 0, 0, 0, 17, 0, 2, 0, 1, 4, 0, 0, 6, 2, 0, 19, 2, 4, 0, 0, 20, 1, 14, 0, 0, 2, 2, 0, 3, 1, 0, 1, 0, 0, 0, 0, 12, 0, 2, 1, 0, 0, 0, 2, 0, 4, 2, 10, 0, 8, 0, 0, 5, 0, 0, : 6, 3, 1, 4, 14, 3, 4, 4, 1, 8, 5, 20, 17, 2, 1, 4, 6, 2, 19, 2, 4, 20, 1, 14, 2, 2, 3, 1, 1, 12, 2, 1, 2, 4, 2, 10, 8, 5, 
19: 3, 0, 0, 2, 1, 7, 1, 25, 5, 0, 1, 0, 6, 0, 1, 0, 3, 0, 13, 11, 0, 0, 0, 2, 2, 5, 12, 0, 0, 0, 0, 0, 0, 3, 0, 0, 0, 1, 0, 0, 2, 1, 0, 0, 0, 2, 0, 2, 16, 0, 0, 2, 0, 0, 0, 2, 2, 7, 0, 2, 0, 1, 0, 0, 6, 2, 0, 0, 23, 0, 0, 0, 1, 9, 0, 0, 0, 0, 0, 0, : 3, 2, 1, 7, 1, 25, 5, 1, 6, 1, 3, 13, 11, 2, 2, 5, 12, 3, 1, 2, 1, 2, 2, 16, 2, 2, 2, 7, 2, 1, 6, 2, 23, 1, 9, 
191: 2, 2, 0, 0, 1, 20, 2, 0, 0, 4, 0, 5, 0, 0, 5, 8, 0, 0, 0, 9, 0, 2, 3, 0, 8, 0, 0, 2, 1, 0, 4, 5, 2, 0, 8, 0, 4, 0, 0, 4, 5, 0, 25, 0, 4, 0, 3, 18, 0, 7, 4, 0, 0, 2, 1, 4, 9, 8, 0, 1, 3, 1, 0, 0, 1, 8, 1, 8, 6, 6, 1, 6, 1, 1, 0, 0, 1, 4, 0, 1, : 2, 2, 1, 20, 2, 4, 5, 5, 8, 9, 2, 3, 8, 2, 1, 4, 5, 2, 8, 4, 4, 5, 25, 4, 3, 18, 7, 4, 2, 1, 4, 9, 8, 1, 3, 1, 1, 8, 1, 8, 6, 6, 1, 6, 1, 1, 1, 4, 1, 
562: 4, 8, 0, 0, 3, 1, 7, 0, 0, 9, 0, 10, 9, 0, 0, 0, 0, 0, 1, 2, 4, 0, 20, 0, 3, 8, 12, 0, 0, 4, 0, 0, 0, 0, 0, 3, 0, 2, 22, 18, 0, 1, 4, 0, 0, 1, 0, 0, 23, 0, 0, 0, 3, 0, 16, 8, 5, 0, 5, 0, 5, 0, 10, 0, 1, 0, 0, 2, 0, 0, 11, 14, 0, 0, 18, 2, 0, 0, 0, 6, : 4, 8, 3, 1, 7, 9, 10, 9, 1, 2, 4, 20, 3, 8, 12, 4, 3, 2, 22, 18, 1, 4, 1, 23, 3, 16, 8, 5, 5, 5, 10, 1, 2, 11, 14, 18, 2, 6, 
131: 5, 4, 1, 3, 4, 0, 8, 7, 1, 3, 0, 0, 5, 18, 0, 3, 0, 0, 0, 0, 10, 11, 0, 0, 1, 0, 0, 5, 0, 0, 1, 0, 1, 5, 0, 0, 0, 8, 0, 0, 0, 4, 0, 10, 2, 0, 0, 0, 1, 1, 1, 1, 0, 0, 0, 2, 1, 10, 0, 0, 0, 0, 5, 0, 0, 0, 7, 0, 13, 0, 1, 0, 0, 4, 0, 0, 0, 4, 0, 8, : 5, 4, 1, 3, 4, 8, 7, 1, 3, 5, 18, 3, 10, 11, 1, 5, 1, 1, 5, 8, 4, 10, 2, 1, 1, 1, 1, 2, 1, 10, 5, 7, 13, 1, 4, 4, 8, 
738: 0, 0, 0, 2, 0, 7, 0, 2, 0, 1, 12, 17, 0, 0, 0, 5, 2, 12, 0, 9, 0, 11, 0, 0, 1, 0, 3, 5, 0, 0, 0, 5, 0, 5, 14, 2, 1, 12, 0, 11, 0, 3, 0, 0, 10, 0, 3, 0, 0, 0, 0, 7, 0, 4, 12, 13, 0, 0, 0, 0, 0, 1, 0, 18, 3, 11, 0, 1, 0, 6, 0, 5, 0, 0, 0, 1, 2, 2, 0, 4, : 2, 7, 2, 1, 12, 17, 5, 2, 12, 9, 11, 1, 3, 5, 5, 5, 14, 2, 1, 12, 11, 3, 10, 3, 7, 4, 12, 13, 1, 18, 3, 11, 1, 6, 5, 1, 2, 2, 4, 
585: 5, 0, 5, 2, 3, 10, 0, 0, 0, 13, 0, 0, 9, 1, 4, 2, 2, 1, 21, 4, 7, 1, 10, 0, 0, 4, 0, 0, 2, 8, 7, 0, 10, 3, 0, 1, 11, 9, 0, 8, 1, 0, 0, 0, 6, 0, 1, 0, 0, 2, 2, 0, 1, 0, 0, 4, 6, 2, 0, 0, 2, 0, 0, 2, 1, 0, 0, 12, 0, 2, 7, 0, 2, 2, 14, 9, 2, 5, 3, 0, : 5, 5, 2, 3, 10, 13, 9, 1, 4, 2, 2, 1, 21, 4, 7, 1, 10, 4, 2, 8, 7, 10, 3, 1, 11, 9, 8, 1, 6, 1, 2, 2, 1, 4, 6, 2, 2, 2, 1, 12, 2, 7, 2, 2, 14, 9, 2, 5, 3, 
386: 0, 0, 13, 3, 0, 0, 0, 0, 25, 0, 0, 16, 5, 0, 12, 1, 0, 3, 9, 0, 16, 4, 1, 2, 4, 0, 0, 0, 0, 0, 0, 0, 0, 0, 4, 2, 2, 0, 0, 1, 0, 7, 0, 0, 0, 0, 3, 10, 0, 0, 6, 4, 14, 1, 0, 0, 0, 0, 21, 0, 1, 2, 15, 6, 1, 2, 7, 1, 0, 1, 12, 13, 0, 6, 0, 0, 1, 18, 5, 0, : 13, 3, 25, 16, 5, 12, 1, 3, 9, 16, 4, 1, 2, 4, 4, 2, 2, 1, 7, 3, 10, 6, 4, 14, 1, 21, 1, 2, 15, 6, 1, 2, 7, 1, 1, 12, 13, 6, 1, 18, 5, 
464: 0, 0, 4, 4, 1, 17, 0, 0, 0, 6, 0, 7, 0, 2, 0, 0, 2, 0, 0, 0, 0, 0, 0, 0, 7, 2, 18, 12, 0, 2, 0, 0, 0, 1, 0, 0, 0, 2, 6, 11, 1, 11, 0, 0, 0, 0, 16, 0, 0, 1, 1, 0, 0, 0, 0, 2, 0, 3, 5, 13, 0, 1, 2, 7, 4, 1, 2, 0, 0, 0, 0, 0, 0, 0, 0, 0, 0, 0, 3, 0, : 4, 4, 1, 17, 6, 7, 2, 2, 7, 2, 18, 12, 2, 1, 2, 6, 11, 1, 11, 16, 1, 1, 2, 3, 5, 13, 1, 2, 7, 4, 1, 2, 3, 
201: 0, 9, 4, 1, 0, 0, 2, 3, 2, 4, 2, 0, 19, 0, 0, 28, 1, 4, 6, 15, 0, 0, 0, 13, 4, 0, 0, 4, 2, 0, 3, 0, 2, 5, 0, 5, 1, 0, 0, 0, 1, 0, 15, 0, 0, 4, 9, 0, 0, 1, 0, 18, 1, 0, 0, 4, 0, 0, 14, 0, 0, 1, 0, 2, 1, 0, 2, 0, 7, 0, 14, 5, 0, 0, 11, 6, 6, 3, 0, 5, : 9, 4, 1, 2, 3, 2, 4, 2, 19, 28, 1, 4, 6, 15, 13, 4, 4, 2, 3, 2, 5, 5, 1, 1, 15, 4, 9, 1, 18, 1, 4, 14, 1, 2, 1, 2, 7, 14, 5, 11, 6, 6, 3, 5, 
97: 15, 20, 2, 2, 0, 0, 1, 0, 3, 0, 1, 0, 0, 3, 0, 0, 1, 0, 0, 5, 0, 0, 1, 8, 6, 5, 12, 11, 0, 24, 0, 0, 4, 0, 2, 0, 0, 1, 2, 6, 0, 0, 7, 0, 2, 9, 0, 14, 3, 1, 9, 0, 6, 0, 0, 2, 9, 0, 2, 11, 0, 13, 0, 2, 1, 0, 1, 2, 2, 0, 0, 1, 1, 0, 0, 0, 3, 2, 1, 3, : 15, 20, 2, 2, 1, 3, 1, 3, 1, 5, 1, 8, 6, 5, 12, 11, 24, 4, 2, 1, 2, 6, 7, 2, 9, 14, 3, 1, 9, 6, 2, 9, 2, 11, 13, 2, 1, 1, 2, 2, 1, 1, 3, 2, 1, 3, 
224: 4, 1, 1, 0, 14, 0, 1, 11, 0, 3, 1, 0, 0, 0, 0, 0, 2, 10, 0, 0, 0, 0, 1, 0, 3, 0, 0, 2, 0, 3, 3, 1, 2, 3, 1, 13, 0, 0, 12, 7, 0, 9, 0, 21, 9, 0, 0, 7, 0, 0, 11, 0, 1, 1, 0, 4, 0, 2, 0, 0, 0, 0, 0, 2, 5, 0, 2, 0, 0, 2, 1, 3, 2, 0, 0, 16, 7, 0, 9, 3, : 4, 1, 1, 14, 1, 11, 3, 1, 2, 10, 1, 3, 2, 3, 3, 1, 2, 3, 1, 13, 12, 7, 9, 21, 9, 7, 11, 1, 1, 4, 2, 2, 5, 2, 2, 1, 3, 2, 16, 7, 9, 3, 
486: 1, 0, 0, 2, 1, 0, 9, 0, 5, 0, 4, 7, 4, 0, 11, 0, 1, 0, 0, 2, 2, 0, 0, 0, 19, 2, 0, 7, 6, 0, 0, 2, 0, 1, 0, 23, 0, 0, 7, 4, 0, 5, 0, 0, 0, 0, 0, 7, 0, 20, 0, 13, 5, 0, 2, 7, 0, 0, 0, 0, 4, 3, 0, 1, 0, 13, 5, 2, 0, 2, 7, 9, 2, 4, 5, 12, 1, 0, 26, 0, : 1, 2, 1, 9, 5, 4, 7, 4, 11, 1, 2, 2, 19, 2, 7, 6, 2, 1, 23, 7, 4, 5, 7, 20, 13, 5, 2, 7, 4, 3, 1, 13, 5, 2, 2, 7, 9, 2, 4, 5, 12, 1, 26, 
382: 0, 5, 0, 0, 2, 3, 3, 0, 2, 0, 0, 3, 6, 4, 0, 1, 1, 7, 0, 0, 13, 5, 5, 0, 0, 3, 0, 0, 0, 5, 0, 0, 0, 11, 0, 0, 1, 2, 0, 12, 0, 2, 0, 22, 0, 0, 10, 0, 0, 7, 6, 4, 2, 4, 0, 0, 1, 0, 1, 0, 4, 0, 0, 2, 20, 0, 2, 0, 1, 12, 0, 0, 3, 0, 0, 0, 5, 6, 0, 0, : 5, 2, 3, 3, 2, 3, 6, 4, 1, 1, 7, 13, 5, 5, 3, 5, 11, 1, 2, 12, 2, 22, 10, 7, 6, 4, 2, 4, 1, 1, 4, 2, 20, 2, 1, 12, 3, 5, 6, 
492: 0, 0, 2, 18, 0, 2, 0, 0, 14, 0, 1, 0, 6, 1, 0, 1, 0, 0, 0, 5, 0, 0, 0, 12, 0, 0, 0, 1, 0, 0, 11, 0, 10, 14, 0, 0, 4, 9, 0, 0, 1, 10, 10, 4, 0, 0, 2, 2, 3, 0, 15, 0, 5, 11, 14, 3, 0, 0, 0, 24, 0, 8, 0, 3, 2, 6, 0, 0, 0, 4, 3, 2, 0, 9, 0, 18, 5, 0, 0, 0, : 2, 18, 2, 14, 1, 6, 1, 1, 5, 12, 1, 11, 10, 14, 4, 9, 1, 10, 10, 4, 2, 2, 3, 15, 5, 11, 14, 3, 24, 8, 3, 2, 6, 4, 3, 2, 9, 18, 5, 
259: 3, 0, 1, 5, 13, 0, 0, 0, 0, 0, 1, 0, 0, 0, 6, 8, 0, 2, 0, 0, 7, 0, 0, 1, 8, 0, 13, 2, 8, 0, 4, 0, 0, 1, 0, 0, 2, 1, 0, 0, 19, 0, 0, 0, 0, 2, 3, 7, 11, 0, 0, 0, 2, 0, 0, 2, 5, 0, 14, 0, 14, 1, 4, 6, 4, 2, 21, 0, 0, 18, 4, 0, 10, 1, 0, 1, 0, 2, 0, 0, : 3, 1, 5, 13, 1, 6, 8, 2, 7, 1, 8, 13, 2, 8, 4, 1, 2, 1, 19, 2, 3, 7, 11, 2, 2, 5, 14, 14, 1, 4, 6, 4, 2, 21, 18, 4, 10, 1, 1, 2, 
245: 3, 6, 1, 4, 22, 0, 0, 1, 1, 13, 0, 2, 0, 1, 0, 1, 0, 0, 6, 4, 10, 0, 9, 0, 2, 12, 25, 4, 2, 20, 5, 1, 0, 3, 0, 21, 0, 3, 0, 4, 0, 0, 4, 0, 0, 3, 0, 3, 1, 10, 0, 4, 9, 13, 10, 0, 0, 0, 0, 0, 0, 2, 0, 4, 0, 0, 0, 0, 1, 12, 0, 0, 5, 0, 0, 4, 11, 0, 0, 1, : 3, 6, 1, 4, 22, 1, 1, 13, 2, 1, 1, 6, 4, 10, 9, 2, 12, 25, 4, 2, 20, 5, 1, 3, 21, 3, 4, 4, 3, 3, 1, 10, 4, 9, 13, 10, 2, 4, 1, 12, 5, 4, 11, 1, 
651: 0, 1, 0, 18, 0, 0, 1, 5, 0, 0, 12, 0, 4, 7, 0, 0, 13, 0, 0, 7, 7, 12, 0, 0, 4, 0, 12, 0, 8, 0, 0, 19, 7, 4, 3, 0, 2, 0, 0, 2, 1, 1, 3, 0, 5, 0, 9, 0, 1, 2, 1, 1, 0, 0, 1, 5, 8, 6, 0, 6, 0, 0, 0, 2, 1, 5, 19, 24, 0, 6, 0, 4, 15, 0, 0, 1, 3, 7, 0, 0, : 1, 18, 1, 5, 12, 4, 7, 13, 7, 7, 12, 4, 12, 8, 19, 7, 4, 3, 2, 2, 1, 1, 3, 5, 9, 1, 2, 1, 1, 1, 5, 8, 6, 6, 2, 1, 5, 19, 24, 6, 4, 15, 1, 3, 7, 
244: 0, 2, 6, 0, 1, 1, 0, 0, 0, 0, 0, 1, 14, 0, 0, 1, 0, 2, 0, 2, 0, 0, 6, 11, 0, 0, 0, 0, 2, 8, 0, 3, 0, 2, 0, 0, 0, 2, 4, 0, 22, 0, 4, 0, 7, 0, 7, 0, 1, 0, 15, 0, 1, 15, 16, 5, 5, 0, 0, 1, 0, 0, 5, 15, 0, 5, 2, 1, 1, 2, 8, 1, 0, 3, 0, 0, 1, 0, 3, 9, : 2, 6, 1, 1, 1, 14, 1, 2, 2, 6, 11, 2, 8, 3, 2, 2, 4, 22, 4, 7, 7, 1, 15, 1, 15, 16, 5, 5, 1, 5, 15, 5, 2, 1, 1, 2, 8, 1, 3, 1, 3, 9, 
514: 0, 1, 19, 2, 0, 0, 1, 0, 8, 0, 0, 0, 2, 3, 10, 7, 5, 6, 0, 4, 3, 0, 0, 0, 1, 3, 0, 0, 0, 0, 0, 4, 0, 6, 0, 0, 2, 0, 0, 0, 0, 16, 7, 0, 3, 1, 8, 0, 8, 9, 1, 0, 0, 0, 0, 2, 4, 0, 5, 0, 0, 0, 1, 1, 24, 1, 6, 11, 1, 0, 4, 0, 0, 1, 6, 15, 8, 0, 3, 0, : 1, 19, 2, 1, 8, 2, 3, 10, 7, 5, 6, 4, 3, 1, 3, 4, 6, 2, 16, 7, 3, 1, 8, 8, 9, 1, 2, 4, 5, 1, 1, 24, 1, 6, 11, 1, 4, 1, 6, 15, 8, 3, 
261: 2, 0, 1, 2, 0, 3, 0, 0, 0, 0, 6, 0, 0, 5, 0, 0, 4, 9, 0, 0, 1, 2, 1, 0, 2, 2, 0, 6, 2, 0, 0, 3, 0, 1, 2, 15, 0, 1, 0, 0, 0, 0, 4, 0, 0, 0, 0, 0, 0, 2, 0, 5, 0, 0, 0, 1, 0, 6, 0, 0, 3, 3, 0, 5, 1, 2, 2, 2, 0, 0, 14, 5, 3, 0, 2, 0, 13, 4, 9, 0, : 2, 1, 2, 3, 6, 5, 4, 9, 1, 2, 1, 2, 2, 6, 2, 3, 1, 2, 15, 1, 4, 2, 5, 1, 6, 3, 3, 5, 1, 2, 2, 2, 14, 5, 3, 2, 13, 4, 9, 
366: 22, 0, 0, 0, 0, 0, 0, 0, 0, 0, 2, 3, 0, 13, 0, 0, 0, 7, 0, 0, 0, 0, 0, 1, 1, 11, 0, 0, 7, 0, 7, 16, 10, 7, 4, 0, 3, 0, 0, 0, 4, 0, 0, 0, 4, 3, 5, 5, 6, 0, 6, 8, 4, 0, 0, 8, 3, 0, 0, 0, 15, 6, 6, 8, 0, 0, 0, 0, 4, 1, 0, 14, 0, 13, 0, 5, 2, 0, 3, 14, : 22, 2, 3, 13, 7, 1, 1, 11, 7, 7, 16, 10, 7, 4, 3, 4, 4, 3, 5, 5, 6, 6, 8, 4, 8, 3, 15, 6, 6, 8, 4, 1, 14, 13, 5, 2, 3, 14, 
526: 1, 1, 3, 0, 0, 0, 19, 4, 7, 0, 2, 0, 0, 0, 0, 0, 0, 0, 5, 0, 0, 0, 5, 18, 9, 10, 0, 0, 3, 0, 0, 2, 0, 0, 0, 0, 0, 0, 0, 20, 0, 7, 0, 0, 0, 7, 0, 8, 8, 14, 2, 5, 2, 3, 1, 14, 0, 13, 0, 0, 0, 0, 1, 1, 1, 11, 2, 0, 24, 14, 0, 1, 0, 0, 0, 13, 2, 0, 0, 0, : 1, 1, 3, 19, 4, 7, 2, 5, 5, 18, 9, 10, 3, 2, 20, 7, 7, 8, 8, 14, 2, 5, 2, 3, 1, 14, 13, 1, 1, 1, 11, 2, 24, 14, 1, 13, 2, 
656: 0, 0, 1, 11, 1, 0, 0, 7, 0, 0, 7, 0, 4, 0, 0, 9, 0, 1, 2, 0, 4, 0, 0, 12, 0, 7, 0, 0, 13, 0, 0, 1, 3, 1, 10, 0, 2, 11, 6, 0, 0, 0, 2, 0, 16, 12, 6, 0, 0, 0, 1, 1, 7, 1, 0, 0, 7, 2, 5, 0, 0, 8, 0, 5, 7, 0, 0, 2, 2, 0, 5, 6, 2, 0, 21, 0, 4, 2, 0, 0, : 1, 11, 1, 7, 7, 4, 9, 1, 2, 4, 12, 7, 13, 1, 3, 1, 10, 2, 11, 6, 2, 16, 12, 6, 1, 1, 7, 1, 7, 2, 5, 8, 5, 7, 2, 2, 5, 6, 2, 21, 4, 2, 
513: 0, 1, 0, 0, 13, 12, 0, 10, 0, 4, 0, 0, 4, 0, 2, 3, 0, 0, 3, 15, 0, 1, 1, 1, 0, 0, 0, 0, 3, 5, 5, 6, 1, 0, 5, 0, 21, 0, 14, 0, 4, 0, 0, 0, 0, 12, 0, 0, 2, 0, 0, 0, 6, 1, 0, 4, 11, 2, 12, 7, 1, 0, 0, 1, 1, 4, 0, 0, 0, 1, 0, 5, 2, 0, 5, 2, 0, 0, 0, 8, : 1, 13, 12, 10, 4, 4, 2, 3, 3, 15, 1, 1, 1, 3, 5, 5, 6, 1, 5, 21, 14, 4, 12, 2, 6, 1, 4, 11, 2, 12, 7, 1, 1, 1, 4, 1, 5, 2, 5, 2, 8, 
329: 2, 5, 0, 0, 0, 0, 7, 0, 0, 3, 16, 0, 0, 0, 1, 0, 4, 0, 13, 2, 0, 5, 4, 0, 5, 0, 0, 18, 23, 0, 1, 0, 3, 0, 5, 0, 0, 0, 3, 2, 8, 0, 0, 4, 7, 0, 9, 9, 5, 0, 0, 15, 1, 16, 0, 0, 0, 10, 0, 0, 0, 0, 3, 1, 1, 0, 9, 0, 4, 1, 0, 0, 0, 0, 0, 0, 0, 0, 10, 0, : 2, 5, 7, 3, 16, 1, 4, 13, 2, 5, 4, 5, 18, 23, 1, 3, 5, 3, 2, 8, 4, 7, 9, 9, 5, 15, 1, 16, 10, 3, 1, 1, 9, 4, 1, 10, 
688: 0, 1, 0, 1, 7, 3, 6, 3, 8, 0, 0, 2, 0, 0, 24, 2, 3, 3, 0, 4, 0, 0, 2, 0, 3, 0, 0, 0, 4, 0, 2, 1, 8, 3, 0, 0, 0, 3, 0, 0, 4, 0, 0, 0, 0, 2, 0, 1, 2, 5, 12, 0, 9, 0, 0, 4, 4, 0, 0, 10, 16, 0, 0, 0, 1, 0, 1, 4, 0, 0, 18, 5, 0, 0, 2, 0, 8, 1, 0, 1, : 1, 1, 7, 3, 6, 3, 8, 2, 24, 2, 3, 3, 4, 2, 3, 4, 2, 1, 8, 3, 3, 4, 2, 1, 2, 5, 12, 9, 4, 4, 10, 16, 1, 1, 4, 18, 5, 2, 8, 1, 1, 
577: 8, 0, 0, 1, 1, 0, 5, 6, 0, 0, 1, 0, 0, 0, 0, 15, 19, 1, 4, 7, 0, 0, 2, 6, 8, 2, 4, 0, 2, 0, 0, 4, 1, 8, 1, 0, 0, 0, 2, 0, 3, 2, 0, 23, 4, 1, 1, 4, 1, 0, 3, 1, 7, 0, 0, 5, 9, 5, 0, 0, 9, 7, 1, 0, 0, 0, 1, 20, 0, 0, 1, 2, 3, 0, 4, 0, 9, 5, 0, 0, : 8, 1, 1, 5, 6, 1, 15, 19, 1, 4, 7, 2, 6, 8, 2, 4, 2, 4, 1, 8, 1, 2, 3, 2, 23, 4, 1, 1, 4, 1, 3, 1, 7, 5, 9, 5, 9, 7, 1, 1, 20, 1, 2, 3, 4, 9, 5, 


584: 1, 0, 1, 0, 4, 0, 0, 1, 2, 7, 17, 2, 0, 0, 0, 0, 18, 11, 0, 5, 0, 1, 3, 9, 0, 6, 8, 1, 0, 0, 0, 0, 2, 0, 1, 0, 0, 0, 10, 0, 1, 2, 0, 0, 0, 10, 12, 1, 9, 14, 0, 12, 8, 0, 1, 7, 7, 6, 0, 1, 0, 0, 5, 0, 0, 4, 17, 5, 0, 10, 0, 0, 6, 6, 3, 2, 3, 3, 0, 0, : 1, 1, 4, 1, 2, 7, 17, 2, 18, 11, 5, 1, 3, 9, 6, 8, 1, 2, 1, 10, 1, 2, 10, 12, 1, 9, 14, 12, 8, 1, 7, 7, 6, 1, 5, 4, 17, 5, 10, 6, 6, 3, 2, 3, 3, 
312: 2, 1, 0, 2, 0, 0, 0, 3, 22, 1, 0, 4, 0, 27, 5, 1, 0, 0, 0, 2, 0, 3, 0, 2, 4, 0, 5, 2, 0, 0, 0, 11, 4, 6, 0, 14, 15, 0, 0, 4, 4, 0, 0, 7, 0, 0, 0, 0, 0, 0, 0, 0, 0, 20, 0, 2, 0, 0, 0, 0, 0, 0, 6, 3, 13, 0, 0, 0, 4, 0, 4, 0, 16, 12, 0, 1, 1, 0, 19, 0, : 2, 1, 2, 3, 22, 1, 4, 27, 5, 1, 2, 3, 2, 4, 5, 2, 11, 4, 6, 14, 15, 4, 4, 7, 20, 2, 6, 3, 13, 4, 4, 16, 12, 1, 1, 19, 
505: 5, 1, 5, 19, 3, 0, 14, 0, 0, 0, 5, 0, 1, 0, 0, 0, 0, 8, 0, 7, 10, 0, 0, 1, 7, 10, 0, 8, 6, 6, 12, 3, 0, 6, 0, 5, 0, 0, 0, 9, 0, 1, 0, 0, 0, 0, 0, 2, 0, 0, 7, 12, 9, 7, 4, 0, 0, 0, 1, 0, 0, 13, 1, 2, 0, 0, 0, 2, 5, 0, 1, 9, 5, 1, 0, 1, 0, 1, 0, 12, : 5, 1, 5, 19, 3, 14, 5, 1, 8, 7, 10, 1, 7, 10, 8, 6, 6, 12, 3, 6, 5, 9, 1, 2, 7, 12, 9, 7, 4, 1, 13, 1, 2, 2, 5, 1, 9, 5, 1, 1, 1, 12, 
417: 1, 4, 1, 2, 0, 5, 0, 2, 2, 1, 0, 0, 4, 0, 0, 0, 0, 0, 0, 3, 0, 6, 0, 0, 0, 2, 0, 20, 0, 1, 9, 0, 5, 2, 13, 16, 0, 3, 15, 0, 0, 13, 0, 0, 0, 1, 11, 3, 0, 0, 5, 1, 13, 1, 6, 0, 22, 0, 1, 2, 4, 0, 0, 2, 0, 9, 0, 3, 0, 0, 0, 0, 0, 0, 0, 0, 4, 0, 0, 0, : 1, 4, 1, 2, 5, 2, 2, 1, 4, 3, 6, 2, 20, 1, 9, 5, 2, 13, 16, 3, 15, 13, 1, 11, 3, 5, 1, 13, 1, 6, 22, 1, 2, 4, 2, 9, 3, 4, 
217: 2, 7, 0, 2, 0, 0, 4, 0, 20, 8, 3, 4, 7, 3, 14, 4, 0, 0, 0, 1, 3, 0, 10, 10, 1, 8, 0, 3, 0, 0, 0, 2, 0, 1, 0, 0, 0, 5, 5, 0, 1, 0, 0, 2, 0, 12, 0, 13, 6, 0, 11, 4, 0, 4, 0, 8, 1, 24, 0, 0, 0, 2, 1, 0, 0, 0, 0, 0, 0, 5, 10, 3, 2, 0, 0, 1, 2, 1, 0, 2, : 2, 7, 2, 4, 20, 8, 3, 4, 7, 3, 14, 4, 1, 3, 10, 10, 1, 8, 3, 2, 1, 5, 5, 1, 2, 12, 13, 6, 11, 4, 4, 8, 1, 24, 2, 1, 5, 10, 3, 2, 1, 2, 1, 2, 
324: 3, 0, 21, 0, 7, 7, 9, 0, 0, 0, 0, 0, 0, 2, 0, 9, 8, 8, 0, 0, 0, 0, 2, 0, 4, 0, 2, 16, 2, 0, 0, 4, 7, 2, 0, 0, 0, 14, 0, 0, 6, 0, 0, 0, 8, 0, 0, 0, 2, 6, 0, 0, 18, 0, 4, 0, 0, 0, 6, 0, 0, 0, 0, 0, 1, 0, 0, 0, 0, 0, 1, 5, 8, 2, 2, 1, 10, 0, 0, 20, : 3, 21, 7, 7, 9, 2, 9, 8, 8, 2, 4, 2, 16, 2, 4, 7, 2, 14, 6, 8, 2, 6, 18, 4, 6, 1, 1, 5, 8, 2, 2, 1, 10, 20, 
313: 5, 1, 4, 2, 0, 1, 0, 0, 0, 7, 0, 20, 1, 0, 0, 4, 14, 6, 2, 12, 0, 0, 8, 2, 0, 2, 0, 2, 4, 3, 1, 4, 0, 0, 7, 5, 0, 0, 0, 1, 0, 2, 0, 4, 0, 0, 7, 1, 4, 9, 0, 0, 1, 9, 25, 0, 2, 0, 0, 2, 0, 1, 0, 0, 0, 5, 2, 0, 0, 0, 0, 1, 1, 0, 21, 0, 3, 11, 0, 0, : 5, 1, 4, 2, 1, 7, 20, 1, 4, 14, 6, 2, 12, 8, 2, 2, 2, 4, 3, 1, 4, 7, 5, 1, 2, 4, 7, 1, 4, 9, 1, 9, 25, 2, 2, 1, 5, 2, 1, 1, 21, 3, 11, 
785: 7, 2, 0, 3, 2, 10, 3, 3, 0, 2, 12, 0, 1, 0, 2, 0, 0, 1, 2, 0, 0, 6, 7, 0, 0, 0, 8, 2, 0, 0, 4, 16, 13, 12, 0, 0, 10, 5, 18, 0, 1, 0, 20, 0, 0, 10, 22, 0, 3, 0, 8, 1, 3, 0, 0, 0, 9, 3, 0, 0, 1, 0, 0, 8, 0, 0, 0, 0, 0, 4, 10, 0, 3, 2, 2, 0, 0, 0, 0, 0, : 7, 2, 3, 2, 10, 3, 3, 2, 12, 1, 2, 1, 2, 6, 7, 8, 2, 4, 16, 13, 12, 10, 5, 18, 1, 20, 10, 22, 3, 8, 1, 3, 9, 3, 1, 8, 4, 10, 3, 2, 2, 
314: 0, 6, 4, 0, 16, 0, 0, 0, 2, 0, 5, 0, 1, 20, 16, 0, 8, 2, 7, 0, 1, 1, 0, 0, 1, 1, 5, 5, 0, 3, 0, 0, 0, 0, 2, 0, 1, 5, 0, 0, 9, 6, 5, 0, 0, 18, 0, 0, 5, 0, 1, 0, 0, 0, 6, 13, 0, 3, 10, 1, 0, 0, 6, 11, 0, 6, 0, 0, 3, 0, 0, 2, 7, 1, 0, 8, 6, 0, 7, 0, : 6, 4, 16, 2, 5, 1, 20, 16, 8, 2, 7, 1, 1, 1, 1, 5, 5, 3, 2, 1, 5, 9, 6, 5, 18, 5, 1, 6, 13, 3, 10, 1, 6, 11, 6, 3, 2, 7, 1, 8, 6, 7, 
55: 5, 0, 0, 9, 0, 0, 0, 2, 0, 4, 1, 0, 1, 0, 2, 1, 0, 3, 0, 6, 3, 0, 1, 10, 0, 0, 0, 0, 0, 0, 0, 0, 0, 19, 0, 0, 0, 17, 0, 0, 0, 1, 0, 3, 0, 2, 0, 0, 0, 17, 4, 0, 0, 1, 0, 1, 0, 5, 6, 0, 0, 0, 1, 16, 3, 0, 0, 0, 0, 2, 0, 0, 0, 0, 9, 15, 4, 0, 8, 1, : 5, 9, 2, 4, 1, 1, 2, 1, 3, 6, 3, 1, 10, 19, 17, 1, 3, 2, 17, 4, 1, 1, 5, 6, 1, 16, 3, 2, 9, 15, 4, 8, 1, 
185: 2, 4, 0, 0, 4, 0, 4, 4, 10, 1, 0, 0, 0, 23, 0, 0, 0, 4, 2, 0, 6, 0, 0, 0, 8, 0, 19, 0, 1, 1, 0, 0, 0, 0, 0, 0, 14, 7, 0, 0, 6, 7, 0, 2, 0, 0, 2, 2, 0, 0, 10, 0, 0, 2, 3, 6, 0, 0, 0, 0, 0, 0, 2, 0, 0, 8, 0, 0, 0, 14, 4, 2, 0, 5, 0, 0, 2, 6, 1, 0, : 2, 4, 4, 4, 4, 10, 1, 23, 4, 2, 6, 8, 19, 1, 1, 14, 7, 6, 7, 2, 2, 2, 10, 2, 3, 6, 2, 8, 14, 4, 2, 5, 2, 6, 1, 
720: 18, 1, 0, 0, 9, 0, 6, 3, 1, 4, 4, 0, 3, 17, 5, 5, 0, 6, 0, 0, 0, 0, 3, 0, 0, 0, 0, 22, 0, 0, 0, 0, 1, 8, 0, 0, 8, 3, 23, 11, 0, 0, 0, 0, 0, 0, 0, 0, 14, 0, 0, 9, 4, 7, 0, 0, 1, 10, 0, 1, 0, 0, 0, 0, 0, 2, 0, 18, 0, 0, 0, 2, 0, 0, 0, 0, 5, 0, 1, 0, : 18, 1, 9, 6, 3, 1, 4, 4, 3, 17, 5, 5, 6, 3, 22, 1, 8, 8, 3, 23, 11, 14, 9, 4, 7, 1, 10, 1, 2, 18, 2, 5, 1, 
684: 1, 1, 8, 0, 10, 0, 8, 0, 5, 11, 4, 8, 10, 0, 9, 4, 8, 0, 7, 15, 27, 22, 0, 3, 0, 0, 13, 0, 3, 2, 0, 0, 8, 1, 11, 3, 5, 19, 0, 1, 0, 0, 0, 0, 0, 15, 6, 0, 0, 3, 0, 8, 0, 11, 0, 10, 0, 13, 0, 7, 0, 20, 0, 3, 0, 1, 0, 4, 0, 0, 11, 1, 1, 0, 0, 6, 3, 1, 6, 0, : 1, 1, 8, 10, 8, 5, 11, 4, 8, 10, 9, 4, 8, 7, 15, 27, 22, 3, 13, 3, 2, 8, 1, 11, 3, 5, 19, 1, 15, 6, 3, 8, 11, 10, 13, 7, 20, 3, 1, 4, 11, 1, 1, 6, 3, 1, 6, 
774: 2, 4, 3, 9, 2, 9, 8, 17, 6, 1, 0, 5, 0, 1, 0, 20, 0, 2, 0, 0, 2, 4, 2, 2, 0, 0, 0, 11, 1, 0, 15, 0, 0, 0, 0, 8, 0, 0, 11, 0, 0, 0, 0, 0, 0, 0, 0, 0, 0, 0, 1, 5, 11, 11, 0, 0, 0, 0, 0, 0, 5, 0, 3, 0, 21, 4, 0, 5, 9, 0, 3, 1, 6, 2, 3, 2, 3, 0, 2, 0, : 2, 4, 3, 9, 2, 9, 8, 17, 6, 1, 5, 1, 20, 2, 2, 4, 2, 2, 11, 1, 15, 8, 11, 1, 5, 11, 11, 5, 3, 21, 4, 5, 9, 3, 1, 6, 2, 3, 2, 3, 2, 
93: 3, 0, 6, 2, 0, 0, 4, 0, 0, 0, 1, 0, 1, 0, 0, 4, 0, 1, 7, 0, 4, 7, 1, 1, 0, 12, 0, 9, 14, 0, 0, 0, 0, 0, 4, 0, 2, 10, 0, 0, 4, 10, 0, 2, 12, 0, 0, 23, 0, 0, 0, 1, 2, 0, 16, 1, 0, 0, 0, 15, 4, 0, 3, 9, 22, 4, 0, 0, 0, 0, 1, 10, 0, 1, 0, 0, 0, 7, 0, 0, : 3, 6, 2, 4, 1, 1, 4, 1, 7, 4, 7, 1, 1, 12, 9, 14, 4, 2, 10, 4, 10, 2, 12, 23, 1, 2, 16, 1, 15, 4, 3, 9, 22, 4, 1, 10, 1, 7, 
612: 0, 16, 1, 0, 4, 10, 0, 0, 3, 3, 0, 0, 0, 6, 5, 0, 0, 0, 10, 9, 0, 0, 9, 2, 0, 0, 2, 0, 1, 0, 2, 0, 0, 0, 9, 2, 7, 0, 0, 12, 4, 0, 0, 21, 4, 10, 5, 21, 18, 0, 18, 0, 1, 0, 0, 2, 9, 0, 8, 6, 2, 25, 0, 3, 0, 0, 6, 1, 7, 0, 1, 8, 0, 0, 4, 7, 11, 0, 2, 0, : 16, 1, 4, 10, 3, 3, 6, 5, 10, 9, 9, 2, 2, 1, 2, 9, 2, 7, 12, 4, 21, 4, 10, 5, 21, 18, 18, 1, 2, 9, 8, 6, 2, 25, 3, 6, 1, 7, 1, 8, 4, 7, 11, 2, 
84: 18, 1, 4, 2, 0, 4, 12, 0, 0, 8, 0, 17, 0, 0, 0, 0, 8, 0, 15, 6, 0, 3, 17, 5, 0, 0, 1, 0, 10, 5, 12, 12, 11, 1, 10, 0, 0, 0, 0, 0, 5, 1, 0, 0, 3, 0, 0, 3, 0, 15, 0, 11, 2, 0, 0, 1, 1, 0, 3, 0, 12, 2, 3, 6, 5, 1, 2, 3, 5, 14, 1, 8, 1, 0, 3, 0, 2, 0, 2, 0, : 18, 1, 4, 2, 4, 12, 8, 17, 8, 15, 6, 3, 17, 5, 1, 10, 5, 12, 12, 11, 1, 10, 5, 1, 3, 3, 15, 11, 2, 1, 1, 3, 12, 2, 3, 6, 5, 1, 2, 3, 5, 14, 1, 8, 1, 3, 2, 2, 
151: 0, 0, 0, 0, 0, 0, 0, 5, 5, 0, 1, 0, 0, 0, 0, 0, 5, 1, 0, 0, 5, 0, 14, 2, 0, 0, 1, 0, 0, 2, 0, 5, 0, 1, 0, 0, 0, 0, 0, 9, 3, 0, 0, 0, 0, 0, 0, 9, 0, 0, 14, 9, 0, 9, 2, 14, 8, 0, 3, 9, 1, 0, 0, 0, 1, 0, 0, 11, 0, 0, 0, 0, 3, 0, 12, 18, 3, 4, 2, 0, : 5, 5, 1, 5, 1, 5, 14, 2, 1, 2, 5, 1, 9, 3, 9, 14, 9, 9, 2, 14, 8, 3, 9, 1, 1, 11, 3, 12, 18, 3, 4, 2, 
628: 3, 0, 5, 0, 0, 0, 0, 21, 4, 17, 2, 0, 5, 5, 1, 9, 0, 1, 0, 0, 0, 0, 1, 17, 0, 0, 5, 0, 8, 0, 3, 0, 0, 0, 0, 0, 0, 0, 0, 8, 0, 0, 0, 0, 14, 13, 0, 1, 0, 2, 0, 2, 4, 8, 2, 10, 0, 0, 8, 2, 0, 0, 0, 0, 24, 0, 0, 0, 0, 0, 6, 0, 9, 0, 1, 0, 4, 0, 2, 22, : 3, 5, 21, 4, 17, 2, 5, 5, 1, 9, 1, 1, 17, 5, 8, 3, 8, 14, 13, 1, 2, 2, 4, 8, 2, 10, 8, 2, 24, 6, 9, 1, 4, 2, 22, 
621: 0, 1, 0, 2, 21, 0, 5, 4, 2, 0, 0, 17, 1, 0, 0, 8, 0, 1, 5, 7, 1, 1, 0, 1, 0, 4, 0, 0, 8, 1, 9, 28, 0, 0, 0, 3, 0, 0, 8, 5, 2, 12, 0, 10, 0, 0, 0, 3, 3, 0, 6, 0, 0, 5, 2, 0, 0, 0, 21, 2, 20, 21, 6, 0, 0, 0, 11, 4, 0, 0, 1, 0, 8, 3, 1, 0, 0, 0, 4, 29, : 1, 2, 21, 5, 4, 2, 17, 1, 8, 1, 5, 7, 1, 1, 1, 4, 8, 1, 9, 28, 3, 8, 5, 2, 12, 10, 3, 3, 6, 5, 2, 21, 2, 20, 21, 6, 11, 4, 1, 8, 3, 1, 4, 29, 
216: 0, 0, 10, 0, 0, 0, 0, 0, 0, 0, 0, 0, 0, 0, 7, 25, 6, 3, 0, 2, 1, 0, 0, 2, 10, 11, 1, 0, 0, 2, 4, 1, 15, 2, 0, 9, 12, 0, 0, 0, 1, 3, 0, 0, 0, 1, 14, 0, 9, 0, 0, 0, 0, 3, 0, 0, 0, 1, 0, 1, 0, 0, 0, 6, 5, 0, 0, 5, 6, 6, 0, 0, 1, 11, 0, 1, 2, 2, 0, 0, : 10, 7, 25, 6, 3, 2, 1, 2, 10, 11, 1, 2, 4, 1, 15, 2, 9, 12, 1, 3, 1, 14, 9, 3, 1, 1, 6, 5, 5, 6, 6, 1, 11, 1, 2, 2, 
625: 0, 6, 3, 10, 1, 1, 2, 0, 11, 1, 0, 0, 13, 0, 2, 0, 0, 2, 1, 0, 0, 0, 1, 0, 11, 15, 0, 1, 0, 9, 2, 3, 0, 2, 0, 2, 0, 0, 0, 0, 15, 0, 0, 2, 14, 0, 18, 17, 2, 0, 0, 1, 4, 0, 11, 0, 15, 0, 1, 2, 2, 2, 2, 0, 0, 8, 0, 1, 2, 21, 0, 6, 0, 1, 1, 3, 0, 9, 0, 0, : 6, 3, 10, 1, 1, 2, 11, 1, 13, 2, 2, 1, 1, 11, 15, 1, 9, 2, 3, 2, 2, 15, 2, 14, 18, 17, 2, 1, 4, 11, 15, 1, 2, 2, 2, 2, 8, 1, 2, 21, 6, 1, 1, 3, 9, 
211: 2, 9, 1, 4, 0, 0, 0, 2, 0, 5, 0, 7, 0, 0, 0, 0, 0, 3, 6, 0, 0, 0, 0, 6, 17, 8, 1, 0, 1, 0, 0, 0, 0, 16, 0, 0, 0, 1, 0, 0, 0, 0, 0, 2, 0, 0, 0, 0, 15, 0, 1, 0, 7, 0, 11, 0, 8, 8, 9, 0, 0, 0, 10, 0, 1, 1, 0, 4, 3, 0, 2, 1, 4, 0, 0, 2, 0, 0, 22, 6, : 2, 9, 1, 4, 2, 5, 7, 3, 6, 6, 17, 8, 1, 1, 16, 1, 2, 15, 1, 7, 11, 8, 8, 9, 10, 1, 1, 4, 3, 2, 1, 4, 2, 22, 6, 
777: 17, 5, 3, 6, 0, 2, 0, 0, 0, 1, 0, 0, 2, 0, 10, 3, 0, 0, 0, 0, 0, 0, 0, 0, 8, 2, 2, 0, 4, 0, 0, 0, 0, 0, 5, 1, 3, 2, 0, 4, 0, 0, 0, 0, 9, 0, 0, 0, 0, 10, 0, 4, 0, 0, 1, 0, 0, 0, 0, 11, 1, 2, 0, 0, 0, 0, 0, 12, 0, 12, 5, 14, 0, 4, 2, 12, 0, 9, 8, 2, : 17, 5, 3, 6, 2, 1, 2, 10, 3, 8, 2, 2, 4, 5, 1, 3, 2, 4, 9, 10, 4, 1, 11, 1, 2, 12, 12, 5, 14, 4, 2, 12, 9, 8, 2, 
722: 0, 7, 0, 4, 0, 0, 2, 5, 2, 0, 0, 6, 14, 0, 1, 2, 0, 0, 0, 0, 2, 16, 3, 11, 1, 2, 5, 0, 0, 13, 6, 0, 0, 12, 13, 1, 0, 0, 0, 14, 11, 3, 0, 0, 3, 0, 0, 1, 0, 0, 0, 0, 6, 0, 0, 0, 4, 0, 16, 1, 2, 1, 0, 2, 1, 0, 6, 0, 4, 1, 0, 9, 1, 5, 3, 18, 15, 1, 3, 0, : 7, 4, 2, 5, 2, 6, 14, 1, 2, 2, 16, 3, 11, 1, 2, 5, 13, 6, 12, 13, 1, 14, 11, 3, 3, 1, 6, 4, 16, 1, 2, 1, 2, 1, 6, 4, 1, 9, 1, 5, 3, 18, 15, 1, 3, 
764: 2, 0, 7, 2, 0, 0, 10, 0, 0, 9, 0, 5, 9, 0, 0, 0, 0, 0, 0, 0, 0, 1, 9, 0, 4, 0, 1, 10, 1, 4, 0, 0, 0, 0, 0, 0, 2, 0, 0, 0, 1, 0, 25, 4, 0, 0, 0, 0, 6, 1, 2, 0, 0, 3, 1, 0, 11, 0, 1, 0, 3, 8, 5, 4, 1, 14, 2, 5, 0, 0, 1, 0, 0, 0, 0, 0, 6, 5, 0, 0, : 2, 7, 2, 10, 9, 5, 9, 1, 9, 4, 1, 10, 1, 4, 2, 1, 25, 4, 6, 1, 2, 3, 1, 11, 1, 3, 8, 5, 4, 1, 14, 2, 5, 1, 6, 5, 
322: 0, 0, 3, 2, 0, 14, 0, 0, 0, 5, 7, 8, 0, 0, 8, 0, 0, 0, 0, 1, 11, 3, 3, 1, 0, 0, 0, 0, 0, 6, 7, 0, 24, 0, 0, 2, 14, 0, 10, 4, 4, 2, 0, 0, 10, 0, 0, 4, 2, 0, 6, 1, 8, 4, 0, 0, 0, 0, 0, 0, 26, 0, 5, 0, 1, 0, 15, 0, 16, 0, 17, 0, 3, 0, 0, 1, 10, 3, 0, 3, : 3, 2, 14, 5, 7, 8, 8, 1, 11, 3, 3, 1, 6, 7, 24, 2, 14, 10, 4, 4, 2, 10, 4, 2, 6, 1, 8, 4, 26, 5, 1, 15, 16, 17, 3, 1, 10, 3, 3, 
15: 2, 1, 0, 3, 0, 0, 2, 16, 0, 0, 6, 0, 0, 4, 5, 0, 0, 0, 0, 0, 5, 0, 0, 0, 12, 5, 18, 0, 15, 13, 0, 0, 0, 4, 0, 0, 0, 6, 0, 0, 13, 9, 0, 15, 2, 2, 0, 0, 0, 0, 5, 0, 0, 2, 0, 0, 0, 7, 1, 19, 0, 0, 1, 12, 0, 15, 7, 3, 26, 15, 6, 0, 4, 11, 0, 1, 12, 3, 0, 2, : 2, 1, 3, 2, 16, 6, 4, 5, 5, 12, 5, 18, 15, 13, 4, 6, 13, 9, 15, 2, 2, 5, 2, 7, 1, 19, 1, 12, 15, 7, 3, 26, 15, 6, 4, 11, 1, 12, 3, 2, 
471: 0, 0, 0, 2, 2, 6, 3, 0, 0, 0, 16, 0, 5, 0, 0, 1, 0, 2, 0, 2, 0, 0, 1, 0, 19, 0, 2, 0, 0, 4, 0, 0, 0, 0, 1, 2, 14, 0, 0, 0, 4, 1, 0, 0, 8, 0, 0, 2, 0, 9, 5, 3, 3, 0, 0, 0, 1, 0, 10, 0, 0, 0, 1, 0, 0, 4, 25, 8, 9, 0, 0, 6, 5, 0, 10, 4, 0, 19, 13, 0, : 2, 2, 6, 3, 16, 5, 1, 2, 2, 1, 19, 2, 4, 1, 2, 14, 4, 1, 8, 2, 9, 5, 3, 3, 1, 10, 1, 4, 25, 8, 9, 6, 5, 10, 4, 19, 13, 
355: 0, 5, 0, 1, 0, 0, 0, 0, 0, 13, 0, 1, 1, 0, 0, 0, 0, 0, 1, 1, 11, 0, 0, 0, 0, 0, 0, 0, 5, 0, 2, 13, 0, 0, 0, 0, 0, 0, 0, 1, 0, 27, 0, 2, 0, 0, 0, 0, 0, 0, 3, 0, 2, 0, 2, 9, 15, 2, 1, 1, 0, 19, 19, 4, 1, 0, 7, 2, 0, 1, 9, 0, 0, 25, 0, 3, 0, 0, 0, 5, : 5, 1, 13, 1, 1, 1, 1, 11, 5, 2, 13, 1, 27, 2, 3, 2, 2, 9, 15, 2, 1, 1, 19, 19, 4, 1, 7, 2, 1, 9, 25, 3, 5, 
459: 7, 0, 5, 13, 28, 0, 2, 13, 0, 0, 1, 0, 0, 0, 3, 3, 0, 0, 0, 0, 0, 2, 0, 3, 0, 0, 13, 0, 0, 0, 0, 0, 1, 0, 0, 9, 0, 4, 3, 4, 5, 2, 7, 5, 0, 10, 0, 5, 0, 0, 1, 0, 7, 0, 0, 0, 0, 4, 1, 0, 0, 0, 0, 5, 7, 3, 0, 4, 1, 3, 4, 0, 4, 0, 0, 1, 3, 5, 0, 0, : 7, 5, 13, 28, 2, 13, 1, 3, 3, 2, 3, 13, 1, 9, 4, 3, 4, 5, 2, 7, 5, 10, 5, 1, 7, 4, 1, 5, 7, 3, 4, 1, 3, 4, 4, 1, 3, 5, 
178: 0, 1, 1, 0, 1, 0, 0, 1, 0, 3, 0, 5, 8, 1, 0, 0, 2, 24, 10, 21, 0, 4, 5, 0, 8, 0, 2, 0, 14, 6, 0, 9, 0, 0, 17, 0, 2, 0, 0, 0, 9, 2, 0, 14, 0, 0, 0, 0, 8, 6, 0, 3, 0, 2, 1, 0, 0, 0, 0, 0, 4, 0, 0, 0, 2, 3, 16, 0, 0, 3, 3, 2, 1, 0, 0, 0, 0, 3, 9, 1, : 1, 1, 1, 1, 3, 5, 8, 1, 2, 24, 10, 21, 4, 5, 8, 2, 14, 6, 9, 17, 2, 9, 2, 14, 8, 6, 3, 2, 1, 4, 2, 3, 16, 3, 3, 2, 1, 3, 9, 1, 
667: 0, 0, 0, 2, 3, 10, 0, 0, 0, 0, 0, 0, 0, 0, 0, 0, 9, 0, 0, 2, 0, 0, 0, 1, 0, 0, 0, 0, 0, 0, 7, 3, 10, 0, 0, 13, 0, 1, 0, 7, 1, 0, 13, 3, 16, 0, 0, 0, 0, 1, 0, 0, 0, 0, 0, 4, 0, 1, 0, 7, 0, 0, 0, 0, 0, 1, 0, 0, 0, 0, 0, 8, 6, 3, 0, 10, 0, 0, 0, 0, : 2, 3, 10, 9, 2, 1, 7, 3, 10, 13, 1, 7, 1, 13, 3, 16, 1, 4, 1, 7, 1, 8, 6, 3, 10, 
499: 2, 13, 4, 0, 3, 2, 0, 0, 4, 1, 26, 0, 4, 0, 5, 0, 15, 26, 5, 0, 0, 0, 6, 0, 4, 0, 0, 0, 18, 13, 0, 0, 0, 11, 1, 7, 0, 0, 0, 11, 0, 0, 0, 0, 3, 4, 13, 3, 0, 6, 0, 1, 0, 0, 3, 1, 0, 8, 0, 0, 3, 3, 2, 0, 0, 7, 1, 0, 0, 0, 13, 0, 3, 9, 0, 0, 4, 1, 0, 0, : 2, 13, 4, 3, 2, 4, 1, 26, 4, 5, 15, 26, 5, 6, 4, 18, 13, 11, 1, 7, 11, 3, 4, 13, 3, 6, 1, 3, 1, 8, 3, 3, 2, 7, 1, 13, 3, 9, 4, 1, 
673: 0, 8, 0, 2, 0, 20, 0, 0, 7, 0, 0, 0, 13, 0, 1, 0, 0, 0, 4, 0, 20, 0, 11, 5, 0, 0, 0, 0, 0, 8, 2, 0, 0, 0, 6, 0, 3, 4, 0, 2, 1, 0, 0, 6, 1, 1, 0, 0, 0, 14, 1, 1, 0, 3, 1, 19, 0, 0, 0, 22, 0, 0, 12, 6, 0, 0, 0, 2, 0, 0, 1, 0, 0, 1, 0, 0, 2, 0, 5, 0, : 8, 2, 20, 7, 13, 1, 4, 20, 11, 5, 8, 2, 6, 3, 4, 2, 1, 6, 1, 1, 14, 1, 1, 3, 1, 19, 22, 12, 6, 2, 1, 1, 2, 5, 
69: 3, 0, 0, 7, 0, 0, 8, 3, 0, 0, 8, 8, 5, 11, 7, 4, 1, 1, 0, 3, 2, 0, 0, 0, 0, 17, 4, 0, 1, 0, 4, 0, 0, 0, 0, 15, 7, 2, 0, 4, 4, 0, 21, 14, 0, 0, 0, 0, 7, 3, 3, 0, 0, 0, 0, 3, 0, 13, 0, 6, 1, 0, 0, 10, 5, 7, 0, 4, 3, 0, 0, 1, 0, 1, 2, 1, 0, 16, 2, 7, : 3, 7, 8, 3, 8, 8, 5, 11, 7, 4, 1, 1, 3, 2, 17, 4, 1, 4, 15, 7, 2, 4, 4, 21, 14, 7, 3, 3, 3, 13, 6, 1, 10, 5, 7, 4, 3, 1, 1, 2, 1, 16, 2, 7, 
749: 1, 5, 0, 0, 0, 3, 0, 0, 12, 1, 0, 0, 0, 0, 2, 10, 0, 0, 17, 4, 0, 13, 0, 0, 1, 14, 1, 0, 0, 1, 2, 2, 19, 4, 0, 1, 0, 12, 15, 0, 0, 0, 9, 0, 0, 9, 0, 0, 0, 0, 0, 4, 0, 0, 0, 0, 0, 4, 0, 2, 19, 1, 10, 3, 0, 11, 0, 0, 17, 0, 1, 4, 0, 9, 11, 0, 0, 0, 0, 1, : 1, 5, 3, 12, 1, 2, 10, 17, 4, 13, 1, 14, 1, 1, 2, 2, 19, 4, 1, 12, 15, 9, 9, 4, 4, 2, 19, 1, 10, 3, 11, 17, 1, 4, 9, 11, 1, 
252: 3, 2, 2, 0, 0, 16, 0, 0, 0, 6, 1, 0, 0, 0, 10, 0, 0, 0, 0, 5, 0, 27, 3, 2, 0, 1, 1, 0, 1, 0, 9, 1, 0, 0, 4, 0, 1, 0, 2, 0, 2, 0, 20, 0, 0, 1, 0, 0, 7, 0, 0, 23, 0, 2, 2, 1, 0, 0, 0, 0, 10, 0, 1, 1, 1, 0, 0, 7, 0, 3, 0, 9, 0, 4, 0, 1, 0, 0, 0, 0, : 3, 2, 2, 16, 6, 1, 10, 5, 27, 3, 2, 1, 1, 1, 9, 1, 4, 1, 2, 2, 20, 1, 7, 23, 2, 2, 1, 10, 1, 1, 1, 7, 3, 9, 4, 1, 
152: 1, 8, 1, 8, 0, 0, 0, 15, 0, 0, 0, 0, 0, 0, 0, 3, 0, 4, 11, 6, 0, 0, 0, 22, 0, 0, 0, 8, 2, 2, 2, 3, 0, 7, 16, 1, 0, 0, 0, 2, 1, 0, 0, 2, 13, 0, 9, 0, 0, 4, 8, 4, 7, 6, 0, 6, 6, 0, 0, 0, 0, 0, 0, 4, 1, 0, 0, 5, 0, 5, 0, 2, 11, 0, 6, 0, 0, 10, 1, 0, : 1, 8, 1, 8, 15, 3, 4, 11, 6, 22, 8, 2, 2, 2, 3, 7, 16, 1, 2, 1, 2, 13, 9, 4, 8, 4, 7, 6, 6, 6, 4, 1, 5, 5, 2, 11, 6, 10, 1, 
283: 2, 0, 17, 0, 0, 0, 14, 0, 0, 0, 0, 3, 10, 0, 0, 0, 18, 0, 8, 0, 6, 0, 0, 0, 0, 0, 0, 0, 0, 15, 6, 0, 0, 3, 0, 1, 0, 0, 0, 7, 2, 16, 0, 0, 0, 1, 1, 6, 0, 0, 0, 0, 0, 0, 16, 2, 0, 8, 13, 0, 0, 0, 15, 0, 4, 2, 3, 2, 0, 1, 4, 6, 1, 1, 24, 0, 0, 0, 1, 7, : 2, 17, 14, 3, 10, 18, 8, 6, 15, 6, 3, 1, 7, 2, 16, 1, 1, 6, 16, 2, 8, 13, 15, 4, 2, 3, 2, 1, 4, 6, 1, 1, 24, 1, 7, 


294: 10, 0, 1, 5, 11, 19, 0, 0, 3, 0, 0, 0, 14, 4, 0, 2, 0, 2, 1, 19, 0, 0, 0, 1, 0, 0, 28, 0, 0, 1, 1, 0, 0, 18, 5, 0, 1, 0, 4, 0, 1, 0, 2, 3, 3, 0, 0, 0, 0, 0, 3, 0, 3, 0, 0, 2, 3, 0, 9, 0, 0, 6, 3, 0, 0, 0, 0, 12, 6, 0, 6, 0, 0, 0, 20, 15, 2, 0, 4, 7, : 10, 1, 5, 11, 19, 3, 14, 4, 2, 2, 1, 19, 1, 28, 1, 1, 18, 5, 1, 4, 1, 2, 3, 3, 3, 3, 2, 3, 9, 6, 3, 12, 6, 6, 20, 15, 2, 4, 7, 
615: 1, 10, 1, 13, 0, 0, 0, 0, 0, 1, 1, 4, 1, 0, 0, 0, 14, 0, 0, 0, 5, 0, 9, 2, 0, 1, 12, 0, 0, 0, 0, 5, 2, 0, 1, 0, 0, 15, 0, 0, 0, 1, 0, 8, 0, 4, 0, 0, 0, 6, 0, 15, 0, 15, 0, 3, 20, 0, 2, 5, 0, 1, 0, 9, 0, 0, 6, 22, 0, 0, 4, 2, 0, 0, 0, 7, 3, 7, 9, 0, : 1, 10, 1, 13, 1, 1, 4, 1, 14, 5, 9, 2, 1, 12, 5, 2, 1, 15, 1, 8, 4, 6, 15, 15, 3, 20, 2, 5, 1, 9, 6, 22, 4, 2, 7, 3, 7, 9, 
193: 9, 0, 0, 6, 0, 0, 0, 0, 0, 0, 3, 0, 0, 0, 0, 8, 0, 0, 10, 0, 0, 0, 6, 0, 0, 1, 0, 0, 0, 0, 0, 4, 1, 15, 1, 0, 9, 0, 0, 1, 5, 0, 0, 0, 0, 0, 0, 0, 12, 6, 2, 0, 0, 0, 0, 4, 0, 4, 0, 0, 1, 0, 0, 0, 0, 0, 0, 0, 0, 0, 4, 1, 1, 0, 0, 0, 0, 3, 0, 2, : 9, 6, 3, 8, 10, 6, 1, 4, 1, 15, 1, 9, 1, 5, 12, 6, 2, 4, 4, 1, 4, 1, 1, 3, 2, 
704: 0, 0, 2, 0, 6, 0, 1, 0, 0, 0, 8, 3, 2, 8, 0, 0, 9, 1, 0, 2, 0, 15, 0, 0, 0, 8, 0, 0, 0, 1, 0, 0, 0, 0, 0, 0, 6, 0, 16, 5, 0, 6, 11, 0, 0, 0, 18, 15, 0, 5, 1, 0, 1, 0, 20, 2, 1, 0, 2, 3, 21, 0, 0, 0, 0, 0, 5, 19, 4, 0, 0, 0, 0, 2, 4, 0, 0, 0, 0, 1, : 2, 6, 1, 8, 3, 2, 8, 9, 1, 2, 15, 8, 1, 6, 16, 5, 6, 11, 18, 15, 5, 1, 1, 20, 2, 1, 2, 3, 21, 5, 19, 4, 2, 4, 1, 
335: 0, 0, 0, 1, 7, 0, 0, 3, 0, 0, 6, 11, 6, 21, 0, 0, 0, 8, 10, 0, 0, 13, 0, 0, 2, 0, 8, 6, 4, 0, 23, 0, 8, 0, 0, 16, 5, 0, 0, 14, 14, 7, 1, 1, 20, 0, 2, 0, 0, 1, 13, 0, 0, 9, 0, 5, 9, 2, 0, 1, 1, 0, 0, 0, 14, 0, 1, 0, 0, 0, 0, 1, 3, 0, 0, 0, 0, 0, 0, 1, : 1, 7, 3, 6, 11, 6, 21, 8, 10, 13, 2, 8, 6, 4, 23, 8, 16, 5, 14, 14, 7, 1, 1, 20, 2, 1, 13, 9, 5, 9, 2, 1, 1, 14, 1, 1, 3, 1, 
332: 2, 0, 9, 0, 0, 0, 3, 0, 0, 0, 8, 0, 0, 1, 0, 3, 12, 0, 2, 0, 0, 0, 0, 15, 2, 1, 14, 0, 3, 0, 0, 0, 0, 10, 0, 3, 16, 0, 15, 0, 1, 3, 1, 1, 0, 0, 6, 0, 0, 4, 0, 0, 15, 0, 8, 2, 1, 1, 0, 0, 0, 4, 0, 0, 2, 0, 0, 0, 0, 1, 0, 15, 14, 0, 0, 0, 3, 0, 3, 10, : 2, 9, 3, 8, 1, 3, 12, 2, 15, 2, 1, 14, 3, 10, 3, 16, 15, 1, 3, 1, 1, 6, 4, 15, 8, 2, 1, 1, 4, 2, 1, 15, 14, 3, 3, 10, 
551: 0, 0, 0, 4, 3, 0, 4, 14, 0, 5, 0, 7, 0, 0, 20, 1, 14, 0, 3, 0, 0, 9, 0, 7, 5, 3, 2, 0, 0, 0, 3, 2, 0, 0, 3, 0, 0, 2, 0, 0, 0, 10, 23, 4, 6, 0, 6, 4, 0, 0, 0, 1, 9, 2, 5, 1, 1, 0, 23, 17, 0, 0, 0, 0, 6, 1, 2, 0, 11, 6, 0, 0, 0, 3, 5, 9, 0, 0, 0, 0, : 4, 3, 4, 14, 5, 7, 20, 1, 14, 3, 9, 7, 5, 3, 2, 3, 2, 3, 2, 10, 23, 4, 6, 6, 4, 1, 9, 2, 5, 1, 1, 23, 17, 6, 1, 2, 11, 6, 3, 5, 9, 
744: 6, 0, 0, 1, 0, 0, 0, 0, 2, 0, 1, 17, 0, 0, 14, 4, 0, 2, 0, 22, 0, 0, 0, 8, 0, 5, 2, 1, 1, 0, 0, 0, 7, 0, 0, 0, 1, 0, 4, 6, 0, 5, 13, 26, 0, 14, 0, 11, 0, 0, 0, 0, 0, 2, 0, 3, 0, 0, 0, 0, 0, 7, 15, 0, 5, 1, 0, 6, 3, 0, 0, 0, 3, 0, 0, 2, 1, 6, 10, 6, : 6, 1, 2, 1, 17, 14, 4, 2, 22, 8, 5, 2, 1, 1, 7, 1, 4, 6, 5, 13, 26, 14, 11, 2, 3, 7, 15, 5, 1, 6, 3, 3, 2, 1, 6, 10, 6, 
63: 0, 0, 0, 1, 5, 0, 0, 2, 4, 20, 3, 0, 0, 0, 2, 0, 10, 16, 1, 3, 0, 0, 2, 4, 0, 2, 0, 0, 0, 0, 16, 0, 4, 0, 0, 0, 0, 0, 10, 0, 0, 4, 0, 0, 0, 2, 0, 0, 6, 3, 2, 0, 1, 1, 23, 4, 0, 0, 2, 0, 0, 0, 7, 0, 0, 0, 9, 12, 0, 0, 0, 23, 0, 1, 3, 0, 4, 0, 0, 0, : 1, 5, 2, 4, 20, 3, 2, 10, 16, 1, 3, 2, 4, 2, 16, 4, 10, 4, 2, 6, 3, 2, 1, 1, 23, 4, 2, 7, 9, 12, 23, 1, 3, 4, 
453: 0, 0, 0, 0, 2, 0, 9, 1, 6, 0, 19, 0, 0, 0, 0, 0, 0, 6, 5, 0, 8, 0, 0, 7, 0, 0, 0, 0, 0, 1, 0, 0, 0, 20, 6, 0, 3, 0, 5, 0, 8, 0, 0, 4, 0, 0, 0, 0, 0, 9, 0, 0, 5, 0, 0, 3, 0, 0, 0, 1, 0, 0, 0, 0, 0, 14, 1, 0, 0, 23, 1, 0, 0, 0, 6, 19, 9, 0, 4, 2, : 2, 9, 1, 6, 19, 6, 5, 8, 7, 1, 20, 6, 3, 5, 8, 4, 9, 5, 3, 1, 14, 1, 23, 1, 6, 19, 9, 4, 2, 
583: 8, 16, 4, 1, 0, 3, 0, 0, 2, 0, 11, 5, 0, 0, 5, 9, 22, 2, 0, 5, 0, 6, 4, 0, 2, 9, 0, 0, 1, 6, 0, 1, 0, 6, 2, 15, 14, 0, 9, 0, 2, 6, 0, 4, 2, 2, 2, 4, 18, 9, 0, 0, 0, 3, 0, 1, 5, 9, 0, 0, 3, 0, 0, 0, 0, 0, 0, 3, 0, 0, 2, 0, 3, 0, 11, 0, 0, 0, 6, 1, : 8, 16, 4, 1, 3, 2, 11, 5, 5, 9, 22, 2, 5, 6, 4, 2, 9, 1, 6, 1, 6, 2, 15, 14, 9, 2, 6, 4, 2, 2, 2, 4, 18, 9, 3, 1, 5, 9, 3, 3, 2, 3, 11, 6, 1, 
439: 0, 0, 0, 1, 1, 13, 2, 0, 0, 4, 0, 0, 1, 2, 0, 0, 0, 0, 4, 0, 0, 0, 0, 1, 0, 0, 0, 2, 6, 7, 0, 14, 0, 0, 0, 2, 2, 0, 0, 1, 14, 0, 0, 0, 3, 0, 0, 0, 25, 0, 9, 0, 5, 1, 10, 3, 0, 0, 1, 0, 0, 0, 8, 0, 3, 5, 2, 0, 0, 8, 1, 0, 0, 0, 0, 0, 0, 0, 15, 5, : 1, 1, 13, 2, 4, 1, 2, 4, 1, 2, 6, 7, 14, 2, 2, 1, 14, 3, 25, 9, 5, 1, 10, 3, 1, 8, 3, 5, 2, 8, 1, 15, 5, 
297: 0, 0, 5, 4, 2, 3, 0, 0, 0, 0, 0, 2, 0, 2, 0, 1, 2, 0, 9, 1, 3, 0, 3, 0, 0, 1, 2, 0, 3, 0, 0, 3, 0, 0, 12, 0, 6, 17, 4, 4, 0, 0, 2, 0, 0, 11, 3, 7, 0, 0, 2, 0, 0, 0, 0, 1, 0, 1, 3, 22, 0, 11, 11, 0, 0, 3, 0, 0, 7, 0, 1, 0, 2, 0, 1, 5, 10, 0, 5, 2, : 5, 4, 2, 3, 2, 2, 1, 2, 9, 1, 3, 3, 1, 2, 3, 3, 12, 6, 17, 4, 4, 2, 11, 3, 7, 2, 1, 1, 3, 22, 11, 11, 3, 7, 1, 2, 1, 5, 10, 5, 2, 
731: 2, 4, 22, 13, 2, 22, 21, 0, 2, 6, 0, 0, 1, 3, 0, 3, 0, 0, 0, 4, 0, 3, 17, 0, 0, 0, 0, 0, 13, 1, 0, 0, 0, 0, 1, 0, 0, 22, 0, 0, 1, 0, 0, 0, 0, 0, 0, 0, 0, 2, 14, 0, 0, 3, 0, 5, 1, 5, 9, 0, 0, 0, 4, 0, 0, 10, 5, 0, 1, 0, 0, 0, 0, 3, 0, 1, 2, 0, 5, 1, : 2, 4, 22, 13, 2, 22, 21, 2, 6, 1, 3, 3, 4, 3, 17, 13, 1, 1, 22, 1, 2, 14, 3, 5, 1, 5, 9, 4, 10, 5, 1, 3, 1, 2, 5, 1, 
145: 0, 16, 7, 4, 0, 0, 0, 0, 12, 0, 0, 3, 1, 0, 0, 19, 2, 0, 27, 4, 0, 0, 1, 9, 5, 0, 0, 0, 0, 6, 0, 1, 5, 8, 8, 1, 0, 0, 0, 0, 0, 8, 4, 3, 0, 0, 0, 5, 1, 1, 2, 3, 1, 18, 0, 8, 9, 6, 1, 0, 0, 1, 6, 6, 0, 0, 0, 4, 8, 13, 0, 0, 6, 15, 2, 0, 0, 6, 0, 10, : 16, 7, 4, 12, 3, 1, 19, 2, 27, 4, 1, 9, 5, 6, 1, 5, 8, 8, 1, 8, 4, 3, 5, 1, 1, 2, 3, 1, 18, 8, 9, 6, 1, 1, 6, 6, 4, 8, 13, 6, 15, 2, 6, 10, 
18: 0, 0, 0, 0, 0, 15, 0, 0, 0, 0, 2, 2, 1, 2, 0, 4, 0, 2, 0, 0, 0, 0, 3, 2, 0, 3, 1, 0, 3, 7, 0, 0, 6, 6, 0, 0, 7, 0, 10, 12, 0, 0, 4, 0, 0, 1, 9, 6, 0, 2, 0, 8, 1, 2, 5, 8, 13, 0, 15, 0, 0, 6, 2, 4, 0, 5, 0, 0, 0, 0, 5, 0, 0, 0, 4, 0, 3, 4, 1, 0, : 15, 2, 2, 1, 2, 4, 2, 3, 2, 3, 1, 3, 7, 6, 6, 7, 10, 12, 4, 1, 9, 6, 2, 8, 1, 2, 5, 8, 13, 15, 6, 2, 4, 5, 5, 4, 3, 4, 1, 
537: 0, 0, 0, 1, 6, 5, 0, 0, 10, 0, 0, 1, 0, 0, 0, 0, 0, 0, 1, 4, 0, 0, 0, 16, 0, 3, 1, 10, 0, 0, 13, 0, 0, 0, 0, 1, 0, 0, 0, 0, 0, 4, 3, 1, 0, 0, 0, 22, 0, 13, 0, 0, 3, 6, 9, 1, 0, 0, 7, 3, 22, 1, 4, 5, 5, 2, 0, 1, 0, 0, 0, 0, 2, 2, 0, 6, 0, 0, 1, 2, : 1, 6, 5, 10, 1, 1, 4, 16, 3, 1, 10, 13, 1, 4, 3, 1, 22, 13, 3, 6, 9, 1, 7, 3, 22, 1, 4, 5, 5, 2, 1, 2, 2, 6, 1, 2, 
755: 0, 0, 0, 1, 1, 7, 0, 1, 0, 0, 0, 0, 0, 3, 18, 0, 0, 1, 0, 0, 0, 1, 0, 4, 4, 0, 1, 1, 0, 0, 3, 0, 14, 13, 8, 4, 0, 2, 0, 14, 16, 1, 8, 0, 0, 0, 5, 1, 0, 4, 0, 7, 2, 0, 0, 6, 0, 11, 4, 0, 0, 17, 2, 0, 0, 24, 0, 0, 0, 0, 2, 0, 1, 2, 3, 4, 8, 2, 0, 0, : 1, 1, 7, 1, 3, 18, 1, 1, 4, 4, 1, 1, 3, 14, 13, 8, 4, 2, 14, 16, 1, 8, 5, 1, 4, 7, 2, 6, 11, 4, 17, 2, 24, 2, 1, 2, 3, 4, 8, 2, 
396: 0, 0, 0, 1, 2, 2, 0, 20, 0, 6, 0, 0, 12, 0, 0, 8, 0, 5, 5, 1, 16, 0, 6, 7, 8, 1, 0, 14, 10, 0, 7, 11, 0, 0, 0, 0, 1, 0, 0, 8, 1, 0, 0, 1, 4, 8, 5, 0, 0, 0, 0, 10, 0, 0, 0, 1, 0, 0, 0, 4, 0, 0, 0, 23, 8, 9, 0, 1, 0, 0, 1, 5, 0, 1, 0, 1, 0, 0, 0, 0, : 1, 2, 2, 20, 6, 12, 8, 5, 5, 1, 16, 6, 7, 8, 1, 14, 10, 7, 11, 1, 8, 1, 1, 4, 8, 5, 10, 1, 4, 23, 8, 9, 1, 1, 5, 1, 1, 
81: 9, 0, 1, 0, 9, 0, 0, 0, 0, 12, 0, 10, 2, 10, 5, 0, 2, 5, 0, 0, 2, 0, 1, 0, 0, 5, 0, 2, 0, 3, 0, 0, 19, 0, 0, 0, 4, 0, 0, 16, 0, 2, 0, 0, 4, 0, 12, 0, 0, 0, 0, 0, 1, 19, 0, 4, 2, 7, 0, 1, 0, 7, 0, 0, 1, 0, 0, 2, 0, 9, 0, 0, 7, 26, 0, 2, 0, 0, 0, 0, : 9, 1, 9, 12, 10, 2, 10, 5, 2, 5, 2, 1, 5, 2, 3, 19, 4, 16, 2, 4, 12, 1, 19, 4, 2, 7, 1, 7, 1, 2, 9, 7, 26, 2, 
671: 0, 0, 1, 4, 0, 0, 1, 8, 10, 3, 1, 0, 0, 3, 0, 0, 0, 6, 4, 0, 1, 0, 0, 7, 0, 2, 0, 15, 4, 0, 0, 0, 0, 0, 2, 1, 1, 0, 14, 2, 1, 0, 1, 0, 3, 0, 1, 1, 9, 0, 0, 0, 3, 3, 0, 0, 3, 9, 0, 8, 3, 0, 0, 0, 5, 7, 2, 0, 0, 9, 27, 10, 0, 1, 4, 0, 1, 0, 5, 3, : 1, 4, 1, 8, 10, 3, 1, 3, 6, 4, 1, 7, 2, 15, 4, 2, 1, 1, 14, 2, 1, 1, 3, 1, 1, 9, 3, 3, 3, 9, 8, 3, 5, 7, 2, 9, 27, 10, 1, 4, 1, 5, 3, 
34: 6, 0, 0, 0, 8, 0, 6, 0, 0, 5, 0, 0, 0, 0, 0, 3, 0, 0, 0, 0, 5, 0, 0, 3, 3, 1, 0, 0, 10, 0, 0, 0, 0, 0, 14, 1, 2, 0, 0, 0, 0, 0, 1, 0, 2, 10, 0, 10, 0, 3, 0, 0, 1, 5, 0, 2, 1, 1, 6, 16, 25, 0, 0, 0, 0, 5, 12, 1, 0, 0, 0, 21, 1, 0, 5, 10, 0, 0, 0, 0, : 6, 8, 6, 5, 3, 5, 3, 3, 1, 10, 14, 1, 2, 1, 2, 10, 10, 3, 1, 5, 2, 1, 1, 6, 16, 25, 5, 12, 1, 21, 1, 5, 10, 
782: 2, 4, 4, 1, 4, 0, 2, 1, 8, 0, 3, 2, 5, 8, 1, 2, 0, 10, 2, 1, 9, 0, 0, 3, 24, 15, 8, 0, 0, 1, 1, 0, 1, 0, 4, 6, 0, 22, 0, 5, 0, 0, 0, 0, 0, 0, 1, 0, 10, 0, 1, 0, 0, 1, 1, 3, 5, 1, 0, 1, 0, 0, 0, 15, 7, 0, 4, 0, 18, 18, 2, 2, 0, 15, 9, 0, 1, 0, 1, 1, : 2, 4, 4, 1, 4, 2, 1, 8, 3, 2, 5, 8, 1, 2, 10, 2, 1, 9, 3, 24, 15, 8, 1, 1, 1, 4, 6, 22, 5, 1, 10, 1, 1, 1, 3, 5, 1, 1, 15, 7, 4, 18, 18, 2, 2, 15, 9, 1, 1, 1, 
176: 0, 22, 0, 0, 0, 0, 0, 3, 7, 0, 0, 8, 1, 0, 7, 0, 12, 0, 0, 0, 0, 0, 8, 0, 2, 0, 22, 10, 2, 3, 7, 0, 0, 4, 5, 0, 0, 0, 0, 0, 0, 8, 1, 6, 7, 5, 0, 6, 0, 1, 4, 0, 7, 0, 1, 1, 0, 3, 9, 0, 1, 0, 6, 7, 2, 0, 0, 10, 0, 1, 2, 0, 6, 0, 4, 0, 0, 0, 4, 5, : 22, 3, 7, 8, 1, 7, 12, 8, 2, 22, 10, 2, 3, 7, 4, 5, 8, 1, 6, 7, 5, 6, 1, 4, 7, 1, 1, 3, 9, 1, 6, 7, 2, 10, 1, 2, 6, 4, 4, 5, 
736: 0, 0, 3, 0, 10, 0, 0, 19, 0, 6, 2, 6, 2, 7, 0, 11, 0, 0, 0, 0, 26, 0, 11, 3, 8, 5, 0, 0, 0, 1, 6, 0, 12, 0, 4, 0, 12, 9, 0, 14, 0, 0, 4, 0, 0, 22, 0, 0, 0, 1, 4, 0, 5, 1, 0, 4, 3, 1, 0, 0, 4, 17, 3, 11, 6, 0, 3, 2, 7, 0, 1, 20, 0, 0, 0, 5, 0, 0, 1, 18, : 3, 10, 19, 6, 2, 6, 2, 7, 11, 26, 11, 3, 8, 5, 1, 6, 12, 4, 12, 9, 14, 4, 22, 1, 4, 5, 1, 4, 3, 1, 4, 17, 3, 11, 6, 3, 2, 7, 1, 20, 5, 1, 18, 
401: 4, 16, 20, 3, 0, 0, 4, 0, 0, 5, 0, 0, 4, 0, 6, 0, 0, 8, 0, 2, 0, 17, 2, 1, 0, 3, 0, 3, 25, 20, 3, 21, 6, 4, 0, 2, 0, 0, 1, 7, 3, 0, 1, 0, 0, 1, 0, 0, 4, 20, 1, 0, 0, 0, 0, 3, 0, 4, 0, 0, 0, 1, 0, 0, 16, 18, 0, 6, 13, 0, 1, 1, 13, 2, 2, 5, 13, 5, 0, 3, : 4, 16, 20, 3, 4, 5, 4, 6, 8, 2, 17, 2, 1, 3, 3, 25, 20, 3, 21, 6, 4, 2, 1, 7, 3, 1, 1, 4, 20, 1, 3, 4, 1, 16, 18, 6, 13, 1, 1, 13, 2, 2, 5, 13, 5, 3, 
327: 0, 0, 8, 0, 0, 0, 0, 0, 1, 3, 4, 2, 0, 0, 0, 0, 8, 0, 0, 14, 0, 0, 5, 0, 1, 1, 3, 17, 0, 0, 0, 5, 0, 0, 0, 0, 12, 13, 11, 0, 7, 11, 3, 0, 9, 0, 0, 7, 0, 1, 0, 14, 1, 1, 0, 1, 0, 0, 0, 0, 0, 2, 0, 10, 6, 0, 0, 0, 0, 0, 0, 0, 2, 1, 5, 0, 1, 6, 4, 0, : 8, 1, 3, 4, 2, 8, 14, 5, 1, 1, 3, 17, 5, 12, 13, 11, 7, 11, 3, 9, 7, 1, 14, 1, 1, 1, 2, 10, 6, 2, 1, 5, 1, 6, 4, 
209: 18, 4, 0, 10, 17, 1, 0, 9, 0, 0, 3, 6, 0, 0, 0, 3, 0, 0, 1, 0, 0, 0, 4, 2, 7, 9, 0, 1, 0, 1, 0, 6, 18, 0, 0, 0, 0, 12, 0, 0, 4, 8, 0, 6, 0, 9, 2, 5, 5, 2, 17, 19, 4, 0, 0, 1, 2, 0, 0, 0, 0, 9, 8, 2, 3, 0, 0, 0, 0, 0, 0, 0, 16, 7, 13, 4, 11, 0, 0, 0, : 18, 4, 10, 17, 1, 9, 3, 6, 3, 1, 4, 2, 7, 9, 1, 1, 6, 18, 12, 4, 8, 6, 9, 2, 5, 5, 2, 17, 19, 4, 1, 2, 9, 8, 2, 3, 16, 7, 13, 4, 11, 
647: 1, 0, 7, 0, 0, 0, 4, 0, 0, 0, 12, 16, 19, 1, 0, 12, 0, 0, 3, 16, 0, 0, 3, 2, 1, 4, 1, 5, 9, 2, 0, 0, 0, 0, 0, 22, 0, 0, 1, 1, 1, 7, 0, 3, 0, 3, 0, 0, 0, 3, 0, 17, 0, 1, 0, 4, 0, 10, 0, 4, 0, 18, 0, 0, 0, 1, 1, 2, 4, 0, 0, 4, 0, 0, 0, 2, 14, 0, 1, 0, : 1, 7, 4, 12, 16, 19, 1, 12, 3, 16, 3, 2, 1, 4, 1, 5, 9, 2, 22, 1, 1, 1, 7, 3, 3, 3, 17, 1, 4, 10, 4, 18, 1, 1, 2, 4, 4, 2, 14, 1, 
729: 0, 0, 4, 11, 2, 3, 0, 0, 0, 16, 4, 0, 0, 0, 0, 0, 0, 15, 0, 0, 1, 0, 0, 0, 6, 0, 0, 0, 0, 0, 0, 4, 0, 1, 2, 0, 0, 3, 0, 0, 6, 6, 5, 1, 15, 0, 0, 0, 0, 1, 19, 0, 12, 10, 0, 1, 0, 3, 0, 0, 0, 1, 6, 8, 0, 3, 0, 1, 25, 11, 0, 1, 16, 7, 1, 3, 15, 5, 8, 0, : 4, 11, 2, 3, 16, 4, 15, 1, 6, 4, 1, 2, 3, 6, 6, 5, 1, 15, 1, 19, 12, 10, 1, 3, 1, 6, 8, 3, 1, 25, 11, 1, 16, 7, 1, 3, 15, 5, 8, 
652: 3, 0, 2, 0, 0, 7, 1, 0, 0, 4, 3, 0, 13, 12, 0, 0, 0, 0, 8, 7, 0, 8, 0, 1, 4, 0, 0, 6, 0, 0, 0, 3, 9, 1, 0, 0, 0, 0, 3, 0, 0, 1, 0, 0, 2, 0, 0, 4, 0, 0, 7, 0, 19, 0, 21, 0, 1, 0, 1, 1, 0, 0, 5, 2, 0, 3, 14, 3, 3, 0, 2, 0, 0, 8, 0, 0, 0, 1, 0, 3, : 3, 2, 7, 1, 4, 3, 13, 12, 8, 7, 8, 1, 4, 6, 3, 9, 1, 3, 1, 2, 4, 7, 19, 21, 1, 1, 1, 5, 2, 3, 14, 3, 3, 2, 8, 1, 3, 
685: 0, 0, 0, 2, 0, 0, 26, 15, 0, 0, 0, 1, 0, 0, 0, 1, 5, 0, 0, 1, 3, 0, 0, 4, 0, 12, 0, 0, 7, 0, 18, 0, 0, 0, 16, 8, 0, 0, 0, 9, 3, 0, 1, 11, 0, 17, 2, 0, 0, 3, 2, 0, 9, 2, 4, 0, 5, 1, 0, 0, 0, 0, 3, 0, 2, 5, 16, 0, 0, 0, 11, 0, 1, 0, 0, 13, 3, 0, 5, 0, : 2, 26, 15, 1, 1, 5, 1, 3, 4, 12, 7, 18, 16, 8, 9, 3, 1, 11, 17, 2, 3, 2, 9, 2, 4, 5, 1, 3, 2, 5, 16, 11, 1, 13, 3, 5, 
38: 0, 11, 2, 1, 0, 0, 0, 0, 22, 0, 0, 1, 1, 4, 21, 0, 0, 0, 17, 0, 12, 0, 2, 0, 0, 2, 0, 8, 0, 0, 0, 2, 0, 6, 6, 15, 7, 0, 3, 0, 0, 0, 2, 12, 0, 0, 3, 5, 0, 10, 4, 2, 6, 0, 9, 2, 1, 5, 2, 0, 8, 4, 9, 0, 6, 4, 10, 0, 0, 5, 0, 0, 0, 0, 0, 0, 11, 1, 4, 0, : 11, 2, 1, 22, 1, 1, 4, 21, 17, 12, 2, 2, 8, 2, 6, 6, 15, 7, 3, 2, 12, 3, 5, 10, 4, 2, 6, 9, 2, 1, 5, 2, 8, 4, 9, 6, 4, 10, 5, 11, 1, 4, 
502: 2, 1, 5, 5, 2, 0, 0, 0, 0, 0, 1, 2, 0, 0, 0, 6, 1, 0, 0, 0, 0, 0, 10, 2, 0, 1, 6, 0, 0, 0, 0, 0, 0, 0, 0, 2, 2, 0, 2, 0, 15, 0, 6, 18, 0, 3, 0, 0, 29, 7, 7, 9, 0, 0, 0, 12, 4, 7, 15, 0, 0, 1, 0, 0, 22, 0, 0, 0, 0, 3, 3, 0, 3, 21, 1, 2, 4, 8, 15, 3, : 2, 1, 5, 5, 2, 1, 2, 6, 1, 10, 2, 1, 6, 2, 2, 2, 15, 6, 18, 3, 29, 7, 7, 9, 12, 4, 7, 15, 1, 22, 3, 3, 3, 21, 1, 2, 4, 8, 15, 3, 
693: 5, 11, 0, 2, 12, 2, 8, 0, 0, 6, 0, 1, 0, 7, 21, 1, 0, 3, 1, 2, 0, 11, 1, 0, 8, 3, 0, 1, 10, 7, 11, 14, 0, 0, 8, 5, 1, 0, 0, 0, 0, 17, 6, 0, 6, 7, 25, 7, 0, 0, 0, 0, 0, 0, 0, 5, 2, 0, 1, 0, 1, 0, 2, 0, 0, 0, 0, 6, 0, 1, 20, 5, 0, 1, 17, 0, 1, 19, 0, 2, : 5, 11, 2, 12, 2, 8, 6, 1, 7, 21, 1, 3, 1, 2, 11, 1, 8, 3, 1, 10, 7, 11, 14, 8, 5, 1, 17, 6, 6, 7, 25, 7, 5, 2, 1, 1, 2, 6, 1, 20, 5, 1, 17, 1, 19, 2, 
181: 0, 0, 11, 0, 1, 4, 4, 5, 27, 0, 1, 0, 16, 15, 0, 0, 0, 17, 0, 0, 0, 19, 2, 0, 19, 3, 1, 17, 0, 2, 2, 4, 3, 3, 2, 15, 0, 3, 8, 0, 0, 1, 11, 0, 10, 0, 0, 0, 1, 0, 0, 7, 0, 9, 1, 1, 0, 15, 0, 11, 10, 0, 16, 0, 0, 0, 16, 3, 0, 0, 11, 9, 10, 0, 0, 0, 0, 20, 0, 2, : 11, 1, 4, 4, 5, 27, 1, 16, 15, 17, 19, 2, 19, 3, 1, 17, 2, 2, 4, 3, 3, 2, 15, 3, 8, 1, 11, 10, 1, 7, 9, 1, 1, 15, 11, 10, 16, 16, 3, 11, 9, 10, 20, 2, 
330: 0, 5, 1, 11, 6, 9, 0, 0, 0, 12, 10, 2, 2, 0, 0, 18, 5, 7, 4, 1, 0, 0, 0, 0, 1, 11, 5, 0, 0, 0, 0, 2, 5, 1, 0, 0, 7, 0, 0, 0, 0, 0, 0, 1, 0, 0, 0, 0, 0, 0, 0, 0, 2, 0, 0, 4, 11, 2, 0, 0, 20, 0, 0, 11, 1, 0, 0, 0, 4, 7, 12, 0, 2, 0, 0, 0, 0, 12, 0, 4, : 5, 1, 11, 6, 9, 12, 10, 2, 2, 18, 5, 7, 4, 1, 1, 11, 5, 2, 5, 1, 7, 1, 2, 4, 11, 2, 20, 11, 1, 4, 7, 12, 2, 12, 4, 
233: 19, 0, 0, 6, 0, 2, 0, 12, 4, 0, 10, 0, 0, 0, 0, 1, 2, 4, 0, 0, 7, 6, 2, 3, 3, 4, 0, 0, 0, 13, 0, 12, 0, 1, 2, 1, 0, 0, 0, 0, 5, 4, 2, 1, 0, 1, 1, 0, 0, 0, 0, 2, 1, 0, 0, 2, 9, 10, 0, 10, 0, 1, 0, 0, 0, 0, 10, 4, 6, 0, 0, 0, 0, 0, 0, 5, 0, 5, 0, 0, : 19, 6, 2, 12, 4, 10, 1, 2, 4, 7, 6, 2, 3, 3, 4, 13, 12, 1, 2, 1, 5, 4, 2, 1, 1, 1, 2, 1, 2, 9, 10, 10, 1, 10, 4, 6, 5, 5, 
13: 13, 0, 0, 2, 0, 3, 0, 0, 0, 6, 0, 8, 16, 0, 0, 0, 0, 0, 2, 11, 13, 12, 7, 2, 5, 0, 0, 0, 0, 18, 0, 0, 0, 3, 0, 0, 0, 0, 0, 1, 3, 0, 0, 0, 0, 0, 6, 0, 0, 3, 6, 5, 3, 6, 0, 0, 5, 2, 0, 2, 0, 0, 0, 7, 0, 0, 0, 0, 0, 0, 1, 0, 8, 0, 0, 0, 0, 10, 9, 22, : 13, 2, 3, 6, 8, 16, 2, 11, 13, 12, 7, 2, 5, 18, 3, 1, 3, 6, 3, 6, 5, 3, 6, 5, 2, 2, 7, 1, 8, 10, 9, 22, 
174: 0, 0, 0, 5, 1, 0, 24, 7, 0, 0, 4, 0, 0, 7, 0, 0, 0, 0, 0, 0, 9, 0, 11, 4, 0, 1, 3, 1, 9, 19, 6, 6, 0, 0, 8, 0, 1, 0, 0, 0, 9, 0, 4, 5, 24, 0, 11, 0, 0, 0, 0, 1, 0, 0, 3, 7, 3, 0, 8, 10, 0, 5, 0, 0, 0, 0, 1, 0, 0, 5, 0, 0, 0, 2, 0, 0, 0, 0, 0, 4, : 5, 1, 24, 7, 4, 7, 9, 11, 4, 1, 3, 1, 9, 19, 6, 6, 8, 1, 9, 4, 5, 24, 11, 1, 3, 7, 3, 8, 10, 5, 1, 5, 2, 4, 


