
120
240
450
2

155: 0, 0, 2, 0, 2, 0, 0, 2, 0, 0, 0, 4, 1, 0, 0, 5, 0, 0, 3, 41, 0, 0, 0, 0, 0, 0, 43, 4, 0, 2, 3, 0, 4, 5, 0, 41, 0, 0, 0, 3, 0, 4, 2, 0, 0, 0, 5, 4, 3, 0, 0, 0, 2, 0, 0, 0, 0, 1, 0, 0, 0, 0, 5, 0, 1, 0, 5, 0, 0, 0, 4, 0, 4, 0, 0, 2, 0, 3, 2, 0, 0, 42, 0, 1, 0, 0, 0, 0, 2, 0, 0, 0, 0, 0, 0, 0, 0, 0, 0, 0, 5, 4, 2, 5, 3, 0, 1, 0, 41, 5, 0, 4, 0, 0, 0, 3, 0, 0, 0, 5, : 2, 2, 2, 4, 1, 5, 3, 41, 43, 4, 2, 3, 4, 5, 41, 3, 4, 2, 5, 4, 3, 2, 1, 5, 1, 5, 4, 4, 2, 3, 2, 42, 1, 2, 5, 4, 2, 5, 3, 1, 41, 5, 4, 3, 5, 
46: 44, 0, 40, 44, 0, 0, 1, 2, 0, 0, 0, 0, 4, 0, 3, 0, 0, 0, 0, 1, 0, 0, 2, 1, 0, 3, 0, 0, 5, 40, 2, 0, 0, 0, 5, 0, 0, 0, 0, 0, 1, 0, 3, 42, 5, 4, 0, 3, 0, 40, 0, 0, 3, 41, 0, 41, 4, 4, 0, 1, 0, 2, 5, 0, 1, 0, 1, 0, 1, 41, 0, 5, 5, 43, 41, 44, 4, 5, 0, 4, 0, 0, 44, 5, 0, 4, 0, 0, 5, 0, 4, 0, 41, 0, 0, 0, 5, 1, 5, 0, 5, 5, 4, 44, 3, 1, 2, 5, 5, 1, 0, 1, 0, 1, 3, 0, 3, 2, 0, 1, : 44, 40, 44, 1, 2, 4, 3, 1, 2, 1, 3, 5, 40, 2, 5, 1, 3, 42, 5, 4, 3, 40, 3, 41, 41, 4, 4, 1, 2, 5, 1, 1, 1, 41, 5, 5, 43, 41, 44, 4, 5, 4, 44, 5, 4, 5, 4, 41, 5, 1, 5, 5, 5, 4, 44, 3, 1, 2, 5, 5, 1, 1, 1, 3, 3, 2, 1, 
231: 1, 0, 1, 0, 3, 42, 40, 4, 4, 0, 0, 0, 43, 5, 0, 5, 0, 4, 3, 0, 0, 1, 0, 1, 44, 4, 0, 1, 43, 5, 4, 0, 0, 4, 0, 2, 5, 3, 1, 1, 0, 3, 0, 0, 0, 0, 5, 1, 1, 4, 0, 4, 0, 0, 4, 0, 3, 41, 43, 3, 0, 3, 43, 0, 0, 2, 2, 0, 4, 3, 0, 0, 2, 41, 5, 1, 1, 0, 4, 4, 2, 5, 5, 0, 0, 0, 0, 0, 0, 2, 0, 2, 2, 5, 5, 1, 0, 0, 3, 0, 2, 0, 0, 0, 1, 3, 0, 3, 0, 2, 0, 4, 0, 0, 0, 0, 1, 0, 0, 1, : 1, 1, 3, 42, 40, 4, 4, 43, 5, 5, 4, 3, 1, 1, 44, 4, 1, 43, 5, 4, 4, 2, 5, 3, 1, 1, 3, 5, 1, 1, 4, 4, 4, 3, 41, 43, 3, 3, 43, 2, 2, 4, 3, 2, 41, 5, 1, 1, 4, 4, 2, 5, 5, 2, 2, 2, 5, 5, 1, 3, 2, 1, 3, 3, 2, 4, 1, 1, 
192: 2, 4, 0, 0, 0, 3, 3, 0, 0, 0, 1, 0, 0, 1, 1, 0, 0, 2, 1, 0, 0, 0, 0, 2, 0, 5, 0, 5, 0, 2, 3, 5, 3, 0, 4, 4, 0, 5, 43, 41, 4, 4, 0, 0, 5, 0, 0, 0, 0, 2, 3, 4, 2, 0, 5, 0, 2, 4, 0, 0, 0, 0, 0, 4, 1, 0, 0, 0, 2, 2, 41, 1, 0, 1, 0, 0, 3, 1, 4, 0, 2, 0, 1, 0, 0, 1, 43, 4, 1, 4, 0, 0, 0, 0, 3, 1, 0, 40, 0, 0, 1, 1, 2, 0, 2, 0, 0, 41, 2, 3, 0, 0, 0, 1, 0, 41, 0, 5, 0, 5, : 2, 4, 3, 3, 1, 1, 1, 2, 1, 2, 5, 5, 2, 3, 5, 3, 4, 4, 5, 43, 41, 4, 4, 5, 2, 3, 4, 2, 5, 2, 4, 4, 1, 2, 2, 41, 1, 1, 3, 1, 4, 2, 1, 1, 43, 4, 1, 4, 3, 1, 40, 1, 1, 2, 2, 41, 2, 3, 1, 41, 5, 5, 
185: 4, 42, 0, 0, 0, 2, 0, 4, 0, 0, 5, 2, 3, 0, 0, 3, 0, 42, 2, 0, 0, 44, 0, 5, 5, 0, 1, 0, 0, 1, 0, 5, 44, 42, 0, 0, 3, 2, 0, 0, 2, 0, 0, 3, 0, 0, 40, 0, 5, 4, 40, 3, 0, 0, 0, 0, 0, 3, 44, 0, 4, 2, 0, 44, 5, 0, 0, 0, 43, 0, 2, 2, 2, 0, 2, 1, 0, 0, 4, 2, 0, 0, 0, 0, 0, 0, 5, 1, 0, 0, 1, 4, 44, 42, 2, 1, 0, 1, 3, 3, 3, 4, 5, 0, 2, 0, 1, 40, 0, 0, 3, 0, 0, 0, 5, 0, 0, 1, 0, 3, : 4, 42, 2, 4, 5, 2, 3, 3, 42, 2, 44, 5, 5, 1, 1, 5, 44, 42, 3, 2, 2, 3, 40, 5, 4, 40, 3, 3, 44, 4, 2, 44, 5, 43, 2, 2, 2, 2, 1, 4, 2, 5, 1, 1, 4, 44, 42, 2, 1, 1, 3, 3, 3, 4, 5, 2, 1, 40, 3, 5, 1, 3, 
69: 0, 5, 1, 40, 3, 0, 0, 2, 1, 0, 2, 0, 2, 0, 0, 4, 0, 0, 0, 4, 4, 0, 0, 4, 0, 44, 0, 5, 4, 3, 0, 4, 4, 0, 0, 2, 5, 40, 0, 2, 40, 40, 42, 1, 0, 0, 4, 0, 3, 0, 0, 1, 0, 0, 3, 0, 4, 0, 0, 3, 4, 4, 0, 0, 5, 5, 0, 3, 0, 0, 0, 0, 1, 2, 1, 0, 0, 4, 0, 1, 5, 1, 4, 0, 0, 0, 1, 0, 0, 0, 1, 5, 3, 0, 0, 0, 1, 40, 0, 0, 0, 0, 5, 1, 1, 0, 0, 0, 0, 42, 4, 5, 0, 0, 0, 0, 3, 0, 0, 5, : 5, 1, 40, 3, 2, 1, 2, 2, 4, 4, 4, 4, 44, 5, 4, 3, 4, 4, 2, 5, 40, 2, 40, 40, 42, 1, 4, 3, 1, 3, 4, 3, 4, 4, 5, 5, 3, 1, 2, 1, 4, 1, 5, 1, 4, 1, 1, 5, 3, 1, 40, 5, 1, 1, 42, 4, 5, 3, 5, 
64: 0, 1, 0, 0, 2, 0, 0, 0, 0, 0, 5, 0, 0, 0, 0, 2, 0, 4, 0, 0, 2, 0, 4, 0, 3, 1, 0, 0, 0, 0, 0, 44, 0, 0, 0, 0, 4, 0, 0, 0, 0, 2, 4, 0, 0, 0, 0, 0, 0, 0, 1, 5, 0, 3, 4, 0, 2, 3, 2, 0, 5, 3, 4, 0, 0, 0, 0, 0, 5, 0, 5, 0, 4, 4, 5, 5, 0, 2, 0, 4, 0, 42, 0, 5, 0, 4, 0, 0, 0, 0, 0, 2, 0, 1, 0, 43, 0, 40, 4, 0, 5, 0, 2, 2, 5, 0, 0, 40, 0, 0, 0, 4, 0, 5, 2, 1, 5, 0, 44, 1, : 1, 2, 5, 2, 4, 2, 4, 3, 1, 44, 4, 2, 4, 1, 5, 3, 4, 2, 3, 2, 5, 3, 4, 5, 5, 4, 4, 5, 5, 2, 4, 42, 5, 4, 2, 1, 43, 40, 4, 5, 2, 2, 5, 40, 4, 5, 2, 1, 5, 44, 1, 
225: 4, 2, 0, 0, 0, 3, 0, 2, 0, 0, 2, 0, 3, 1, 2, 2, 0, 0, 2, 0, 5, 1, 0, 1, 42, 5, 0, 4, 0, 0, 42, 0, 2, 43, 2, 1, 2, 0, 0, 3, 0, 3, 0, 3, 0, 0, 0, 0, 0, 0, 0, 44, 44, 0, 0, 0, 4, 2, 1, 0, 0, 0, 0, 3, 2, 1, 0, 0, 0, 0, 2, 3, 5, 3, 0, 4, 3, 5, 0, 0, 0, 0, 0, 0, 42, 0, 0, 0, 0, 2, 0, 3, 0, 0, 0, 4, 0, 4, 0, 0, 5, 43, 4, 4, 5, 0, 0, 2, 0, 2, 4, 0, 0, 0, 0, 5, 0, 3, 0, 5, : 4, 2, 3, 2, 2, 3, 1, 2, 2, 2, 5, 1, 1, 42, 5, 4, 42, 2, 43, 2, 1, 2, 3, 3, 3, 44, 44, 4, 2, 1, 3, 2, 1, 2, 3, 5, 3, 4, 3, 5, 42, 2, 3, 4, 4, 5, 43, 4, 4, 5, 2, 2, 4, 5, 3, 5, 
110: 41, 0, 3, 1, 0, 4, 0, 1, 0, 0, 4, 0, 5, 2, 5, 2, 42, 44, 0, 0, 2, 0, 2, 0, 1, 0, 0, 3, 5, 4, 0, 0, 0, 5, 2, 5, 4, 0, 2, 4, 0, 1, 0, 0, 0, 5, 44, 4, 2, 3, 40, 5, 0, 0, 0, 0, 0, 0, 0, 3, 0, 3, 0, 0, 0, 4, 44, 0, 5, 4, 4, 0, 5, 5, 0, 0, 1, 4, 0, 5, 0, 0, 40, 0, 5, 5, 2, 44, 0, 0, 4, 5, 0, 0, 5, 42, 0, 1, 0, 5, 5, 0, 41, 1, 4, 4, 0, 1, 0, 0, 0, 3, 0, 0, 0, 0, 0, 5, 3, 5, : 41, 3, 1, 4, 1, 4, 5, 2, 5, 2, 42, 44, 2, 2, 1, 3, 5, 4, 5, 2, 5, 4, 2, 4, 1, 5, 44, 4, 2, 3, 40, 5, 3, 3, 4, 44, 5, 4, 4, 5, 5, 1, 4, 5, 40, 5, 5, 2, 44, 4, 5, 5, 42, 1, 5, 5, 41, 1, 4, 4, 1, 3, 5, 3, 5, 
113: 41, 0, 41, 2, 0, 1, 0, 5, 0, 0, 5, 3, 0, 43, 2, 3, 0, 0, 1, 2, 5, 4, 1, 0, 0, 0, 0, 3, 3, 0, 42, 1, 1, 0, 0, 5, 0, 0, 2, 0, 0, 0, 1, 0, 0, 0, 0, 4, 2, 40, 0, 5, 0, 0, 2, 3, 2, 0, 5, 4, 0, 2, 5, 0, 5, 4, 0, 0, 0, 0, 1, 0, 41, 4, 3, 0, 0, 0, 0, 0, 5, 0, 2, 0, 0, 0, 5, 0, 0, 0, 0, 0, 3, 0, 0, 5, 0, 0, 0, 0, 3, 1, 4, 0, 1, 0, 2, 0, 5, 2, 0, 0, 0, 0, 0, 0, 5, 4, 4, 0, : 41, 41, 2, 1, 5, 5, 3, 43, 2, 3, 1, 2, 5, 4, 1, 3, 3, 42, 1, 1, 5, 2, 1, 4, 2, 40, 5, 2, 3, 2, 5, 4, 2, 5, 5, 4, 1, 41, 4, 3, 5, 2, 5, 3, 5, 3, 1, 4, 1, 2, 5, 2, 5, 4, 4, 
230: 5, 1, 0, 3, 0, 43, 0, 2, 0, 0, 0, 0, 4, 0, 1, 0, 1, 42, 1, 0, 5, 0, 0, 1, 2, 0, 40, 0, 0, 0, 3, 0, 3, 0, 0, 4, 0, 0, 2, 2, 5, 0, 2, 0, 0, 1, 0, 5, 4, 5, 5, 4, 0, 1, 0, 3, 0, 1, 3, 4, 0, 0, 0, 0, 0, 1, 3, 4, 0, 0, 0, 0, 1, 3, 5, 0, 0, 2, 4, 0, 0, 2, 2, 3, 4, 1, 0, 3, 1, 0, 1, 1, 4, 1, 0, 0, 0, 4, 4, 0, 0, 2, 4, 1, 1, 0, 0, 0, 1, 0, 0, 0, 0, 0, 0, 4, 3, 3, 42, 0, : 5, 1, 3, 43, 2, 4, 1, 1, 42, 1, 5, 1, 2, 40, 3, 3, 4, 2, 2, 5, 2, 1, 5, 4, 5, 5, 4, 1, 3, 1, 3, 4, 1, 3, 4, 1, 3, 5, 2, 4, 2, 2, 3, 4, 1, 3, 1, 1, 1, 4, 1, 4, 4, 2, 4, 1, 1, 1, 4, 3, 3, 42, 
104: 0, 0, 0, 5, 2, 2, 41, 5, 0, 0, 0, 1, 41, 0, 0, 0, 0, 0, 0, 0, 0, 1, 1, 0, 0, 0, 0, 4, 0, 0, 5, 0, 1, 5, 0, 1, 0, 4, 0, 0, 0, 1, 0, 0, 3, 44, 3, 0, 40, 4, 3, 0, 0, 3, 4, 0, 4, 4, 5, 1, 44, 0, 0, 0, 0, 5, 0, 3, 3, 44, 4, 0, 2, 0, 4, 0, 0, 2, 0, 4, 0, 0, 2, 40, 0, 5, 4, 2, 0, 0, 0, 0, 0, 5, 4, 0, 0, 2, 2, 5, 0, 5, 5, 44, 2, 0, 41, 5, 0, 5, 0, 0, 4, 4, 0, 0, 0, 4, 2, 5, : 5, 2, 2, 41, 5, 1, 41, 1, 1, 4, 5, 1, 5, 1, 4, 1, 3, 44, 3, 40, 4, 3, 3, 4, 4, 4, 5, 1, 44, 5, 3, 3, 44, 4, 2, 4, 2, 4, 2, 40, 5, 4, 2, 5, 4, 2, 2, 5, 5, 5, 44, 2, 41, 5, 5, 4, 4, 4, 2, 5, 
167: 4, 0, 0, 4, 2, 2, 0, 5, 0, 0, 0, 0, 0, 0, 1, 0, 3, 5, 0, 1, 0, 0, 5, 44, 3, 1, 0, 4, 4, 1, 4, 0, 1, 1, 0, 0, 3, 0, 1, 1, 2, 0, 5, 0, 0, 0, 2, 4, 2, 1, 3, 0, 4, 0, 5, 42, 4, 0, 0, 3, 0, 1, 0, 3, 0, 0, 0, 3, 5, 0, 40, 0, 0, 0, 42, 40, 40, 3, 2, 0, 3, 0, 4, 0, 43, 2, 41, 4, 42, 1, 0, 2, 1, 3, 0, 0, 41, 0, 1, 0, 4, 42, 0, 0, 1, 0, 1, 0, 0, 0, 0, 2, 0, 1, 1, 4, 2, 1, 0, 3, : 4, 4, 2, 2, 5, 1, 3, 5, 1, 5, 44, 3, 1, 4, 4, 1, 4, 1, 1, 3, 1, 1, 2, 5, 2, 4, 2, 1, 3, 4, 5, 42, 4, 3, 1, 3, 3, 5, 40, 42, 40, 40, 3, 2, 3, 4, 43, 2, 41, 4, 42, 1, 2, 1, 3, 41, 1, 4, 42, 1, 1, 2, 1, 1, 4, 2, 1, 3, 
87: 0, 3, 0, 0, 0, 3, 0, 0, 0, 0, 2, 44, 0, 0, 0, 2, 42, 0, 43, 1, 1, 2, 5, 5, 0, 5, 3, 3, 0, 0, 5, 0, 1, 42, 2, 0, 0, 5, 0, 4, 0, 0, 0, 0, 0, 4, 0, 0, 0, 0, 42, 43, 0, 3, 0, 43, 41, 5, 0, 0, 0, 1, 0, 0, 1, 3, 42, 0, 1, 4, 0, 43, 3, 0, 3, 0, 3, 2, 1, 0, 3, 5, 0, 0, 2, 2, 42, 0, 2, 1, 5, 2, 0, 0, 2, 4, 3, 5, 40, 0, 1, 1, 5, 2, 2, 0, 0, 0, 0, 0, 40, 0, 5, 5, 0, 0, 3, 3, 0, 0, : 3, 3, 2, 44, 2, 42, 43, 1, 1, 2, 5, 5, 5, 3, 3, 5, 1, 42, 2, 5, 4, 4, 42, 43, 3, 43, 41, 5, 1, 1, 3, 42, 1, 4, 43, 3, 3, 3, 2, 1, 3, 5, 2, 2, 42, 2, 1, 5, 2, 2, 4, 3, 5, 40, 1, 1, 5, 2, 2, 40, 5, 5, 3, 3, 
23: 0, 2, 0, 5, 4, 0, 1, 0, 0, 3, 2, 0, 0, 0, 3, 2, 0, 4, 0, 0, 3, 0, 0, 0, 4, 0, 0, 0, 0, 4, 3, 3, 1, 0, 0, 1, 0, 0, 0, 0, 2, 0, 0, 0, 0, 0, 5, 0, 0, 5, 1, 5, 1, 3, 0, 0, 2, 5, 0, 0, 1, 0, 1, 0, 4, 0, 1, 3, 0, 0, 5, 2, 5, 5, 2, 0, 3, 3, 0, 0, 0, 0, 5, 4, 0, 3, 0, 0, 0, 5, 0, 1, 0, 41, 43, 2, 0, 0, 0, 0, 2, 1, 2, 3, 1, 44, 0, 1, 2, 1, 0, 2, 0, 1, 4, 0, 0, 3, 0, 2, : 2, 5, 4, 1, 3, 2, 3, 2, 4, 3, 4, 4, 3, 3, 1, 1, 2, 5, 5, 1, 5, 1, 3, 2, 5, 1, 1, 4, 1, 3, 5, 2, 5, 5, 2, 3, 3, 5, 4, 3, 5, 1, 41, 43, 2, 2, 1, 2, 3, 1, 44, 1, 2, 1, 2, 1, 4, 3, 2, 
9: 0, 1, 43, 0, 5, 0, 3, 0, 0, 0, 0, 4, 0, 4, 0, 4, 2, 3, 0, 0, 0, 0, 1, 2, 0, 0, 0, 2, 0, 0, 1, 0, 2, 0, 0, 5, 44, 2, 0, 0, 0, 5, 2, 0, 1, 0, 2, 5, 0, 0, 5, 5, 0, 42, 1, 0, 2, 4, 0, 0, 1, 0, 0, 1, 0, 0, 0, 0, 5, 0, 5, 1, 0, 0, 2, 0, 5, 5, 5, 1, 0, 0, 0, 0, 1, 1, 2, 0, 0, 2, 3, 1, 0, 0, 5, 0, 0, 5, 3, 0, 0, 0, 0, 0, 4, 2, 0, 0, 2, 0, 43, 5, 0, 0, 0, 0, 44, 0, 0, 5, : 1, 43, 5, 3, 4, 4, 4, 2, 3, 1, 2, 2, 1, 2, 5, 44, 2, 5, 2, 1, 2, 5, 5, 5, 42, 1, 2, 4, 1, 1, 5, 5, 1, 2, 5, 5, 5, 1, 1, 1, 2, 2, 3, 1, 5, 5, 3, 4, 2, 2, 43, 5, 44, 5, 
199: 4, 0, 0, 2, 5, 2, 4, 4, 5, 41, 0, 1, 0, 5, 4, 0, 0, 5, 0, 0, 44, 0, 5, 0, 3, 5, 5, 1, 0, 0, 0, 1, 0, 1, 1, 0, 0, 44, 4, 3, 1, 44, 0, 0, 4, 0, 1, 2, 0, 0, 1, 0, 0, 0, 5, 0, 0, 0, 5, 0, 0, 0, 1, 0, 0, 3, 4, 3, 4, 43, 1, 42, 1, 0, 2, 0, 1, 3, 0, 4, 0, 0, 0, 3, 0, 0, 3, 4, 0, 0, 4, 5, 0, 4, 3, 0, 0, 0, 0, 0, 1, 0, 0, 0, 2, 0, 4, 0, 0, 0, 4, 5, 0, 0, 5, 0, 0, 1, 5, 0, : 4, 2, 5, 2, 4, 4, 5, 41, 1, 5, 4, 5, 44, 5, 3, 5, 5, 1, 1, 1, 1, 44, 4, 3, 1, 44, 4, 1, 2, 1, 5, 5, 1, 3, 4, 3, 4, 43, 1, 42, 1, 2, 1, 3, 4, 3, 3, 4, 4, 5, 4, 3, 1, 2, 4, 4, 5, 5, 1, 5, 
38: 0, 2, 4, 2, 1, 2, 5, 5, 1, 5, 0, 0, 5, 0, 0, 3, 0, 0, 3, 1, 4, 0, 2, 0, 4, 4, 0, 0, 4, 0, 1, 0, 1, 5, 0, 1, 0, 0, 40, 2, 0, 1, 0, 0, 0, 0, 0, 42, 0, 40, 0, 4, 0, 40, 0, 0, 0, 0, 2, 3, 0, 41, 2, 0, 0, 0, 2, 0, 0, 0, 0, 0, 0, 41, 0, 4, 2, 4, 0, 4, 3, 2, 5, 1, 3, 0, 2, 0, 0, 5, 2, 1, 3, 0, 0, 0, 40, 2, 4, 44, 5, 40, 5, 0, 5, 0, 2, 3, 0, 0, 0, 4, 0, 0, 0, 41, 4, 0, 0, 0, : 2, 4, 2, 1, 2, 5, 5, 1, 5, 5, 3, 3, 1, 4, 2, 4, 4, 4, 1, 1, 5, 1, 40, 2, 1, 42, 40, 4, 40, 2, 3, 41, 2, 2, 41, 4, 2, 4, 4, 3, 2, 5, 1, 3, 2, 5, 2, 1, 3, 40, 2, 4, 44, 5, 40, 5, 5, 2, 3, 4, 41, 4, 
178: 5, 0, 0, 0, 3, 0, 3, 0, 4, 5, 2, 0, 42, 1, 0, 1, 3, 0, 40, 0, 4, 0, 0, 2, 44, 0, 0, 3, 0, 0, 2, 4, 4, 0, 44, 3, 0, 5, 0, 0, 3, 0, 0, 43, 0, 41, 2, 5, 0, 1, 0, 3, 0, 0, 0, 0, 4, 2, 0, 0, 0, 0, 0, 0, 0, 0, 3, 3, 3, 0, 5, 0, 4, 0, 1, 5, 0, 2, 0, 4, 0, 0, 0, 4, 2, 1, 1, 0, 5, 5, 0, 0, 0, 0, 0, 5, 0, 0, 0, 0, 0, 4, 2, 0, 1, 0, 2, 0, 40, 0, 1, 0, 0, 5, 4, 0, 5, 0, 3, 43, : 5, 3, 3, 4, 5, 2, 42, 1, 1, 3, 40, 4, 2, 44, 3, 2, 4, 4, 44, 3, 5, 3, 43, 41, 2, 5, 1, 3, 4, 2, 3, 3, 3, 5, 4, 1, 5, 2, 4, 4, 2, 1, 1, 5, 5, 5, 4, 2, 1, 2, 40, 1, 5, 4, 5, 3, 43, 
111: 0, 0, 2, 5, 1, 3, 2, 2, 5, 4, 4, 1, 0, 0, 5, 1, 0, 0, 0, 0, 0, 3, 0, 2, 0, 0, 5, 0, 2, 0, 44, 1, 0, 3, 44, 1, 0, 0, 0, 3, 3, 0, 0, 0, 0, 3, 4, 0, 0, 4, 0, 5, 3, 0, 4, 5, 0, 3, 0, 0, 4, 0, 3, 1, 0, 0, 0, 5, 0, 0, 0, 0, 1, 0, 2, 0, 1, 1, 4, 5, 0, 0, 0, 2, 0, 5, 5, 4, 0, 4, 2, 2, 0, 5, 0, 5, 0, 4, 0, 0, 3, 1, 0, 0, 5, 0, 1, 4, 0, 5, 0, 0, 4, 0, 0, 0, 0, 0, 0, 0, : 2, 5, 1, 3, 2, 2, 5, 4, 4, 1, 5, 1, 3, 2, 5, 2, 44, 1, 3, 44, 1, 3, 3, 3, 4, 4, 5, 3, 4, 5, 3, 4, 3, 1, 5, 1, 2, 1, 1, 4, 5, 2, 5, 5, 4, 4, 2, 2, 5, 5, 4, 3, 1, 5, 1, 4, 5, 4, 
202: 0, 0, 0, 0, 1, 0, 0, 5, 0, 0, 0, 0, 0, 5, 0, 0, 0, 0, 42, 1, 0, 0, 0, 1, 0, 0, 0, 0, 0, 2, 4, 2, 0, 0, 0, 0, 0, 0, 0, 3, 2, 40, 0, 0, 0, 0, 0, 2, 5, 0, 1, 5, 42, 0, 4, 0, 1, 2, 2, 0, 0, 1, 2, 0, 0, 4, 5, 5, 43, 3, 1, 3, 3, 0, 0, 4, 0, 2, 0, 4, 0, 0, 0, 4, 5, 1, 0, 2, 0, 2, 0, 41, 4, 0, 0, 0, 1, 5, 0, 0, 4, 4, 3, 0, 4, 0, 0, 3, 0, 4, 0, 0, 0, 4, 2, 0, 0, 42, 0, 0, : 1, 5, 5, 42, 1, 1, 2, 4, 2, 3, 2, 40, 2, 5, 1, 5, 42, 4, 1, 2, 2, 1, 2, 4, 5, 5, 43, 3, 1, 3, 3, 4, 2, 4, 4, 5, 1, 2, 2, 41, 4, 1, 5, 4, 4, 3, 4, 3, 4, 4, 2, 42, 
43: 2, 1, 2, 0, 1, 4, 0, 0, 0, 0, 3, 40, 0, 4, 0, 0, 0, 1, 0, 0, 40, 0, 0, 0, 0, 4, 1, 3, 0, 0, 3, 0, 1, 0, 42, 2, 0, 0, 1, 0, 0, 2, 3, 41, 0, 0, 3, 1, 0, 3, 0, 0, 4, 0, 43, 0, 2, 1, 0, 0, 0, 0, 0, 0, 0, 2, 1, 0, 2, 0, 3, 0, 5, 4, 5, 0, 0, 1, 3, 0, 0, 0, 0, 3, 0, 5, 0, 2, 4, 0, 0, 0, 2, 0, 41, 0, 0, 2, 0, 0, 0, 3, 1, 2, 0, 0, 0, 4, 2, 0, 0, 5, 0, 4, 2, 0, 0, 4, 3, 0, : 2, 1, 2, 1, 4, 3, 40, 4, 1, 40, 4, 1, 3, 3, 1, 42, 2, 1, 2, 3, 41, 3, 1, 3, 4, 43, 2, 1, 2, 1, 2, 3, 5, 4, 5, 1, 3, 3, 5, 2, 4, 2, 41, 2, 3, 1, 2, 4, 2, 5, 4, 2, 4, 3, 
240: 0, 0, 4, 0, 3, 0, 0, 5, 5, 5, 0, 0, 0, 0, 3, 1, 0, 0, 0, 0, 3, 43, 4, 5, 0, 0, 1, 1, 0, 3, 0, 2, 0, 0, 0, 41, 1, 1, 0, 0, 0, 4, 4, 0, 2, 0, 1, 0, 0, 2, 5, 2, 5, 0, 5, 4, 4, 0, 0, 1, 0, 0, 43, 2, 0, 2, 1, 0, 40, 0, 5, 0, 0, 4, 4, 0, 0, 1, 3, 2, 5, 1, 5, 0, 4, 0, 0, 4, 0, 42, 5, 40, 5, 4, 0, 0, 0, 3, 0, 0, 0, 2, 4, 2, 5, 43, 3, 3, 0, 5, 0, 5, 0, 0, 0, 1, 3, 5, 0, 0, : 4, 3, 5, 5, 5, 3, 1, 3, 43, 4, 5, 1, 1, 3, 2, 41, 1, 1, 4, 4, 2, 1, 2, 5, 2, 5, 5, 4, 4, 1, 43, 2, 2, 1, 40, 5, 4, 4, 1, 3, 2, 5, 1, 5, 4, 4, 42, 5, 40, 5, 4, 3, 2, 4, 2, 5, 43, 3, 3, 5, 5, 1, 3, 5, 
4: 0, 0, 0, 0, 0, 0, 2, 1, 0, 0, 0, 0, 0, 5, 1, 0, 3, 0, 0, 0, 5, 3, 0, 0, 0, 4, 0, 4, 0, 3, 4, 1, 1, 0, 0, 0, 1, 0, 0, 0, 4, 0, 3, 0, 4, 5, 5, 4, 0, 0, 4, 5, 0, 0, 0, 40, 5, 5, 5, 4, 0, 3, 0, 0, 0, 3, 3, 0, 5, 0, 2, 40, 1, 3, 0, 0, 0, 4, 1, 4, 4, 0, 1, 2, 2, 1, 0, 3, 4, 5, 5, 0, 4, 0, 0, 41, 0, 0, 3, 0, 4, 5, 1, 5, 4, 0, 5, 0, 0, 0, 0, 40, 0, 0, 0, 0, 0, 0, 0, 5, : 2, 1, 5, 1, 3, 5, 3, 4, 4, 3, 4, 1, 1, 1, 4, 3, 4, 5, 5, 4, 4, 5, 40, 5, 5, 5, 4, 3, 3, 3, 5, 2, 40, 1, 3, 4, 1, 4, 4, 1, 2, 2, 1, 3, 4, 5, 5, 4, 41, 3, 4, 5, 1, 5, 4, 5, 40, 5, 
227: 2, 4, 1, 0, 3, 0, 0, 0, 0, 0, 0, 5, 0, 0, 0, 3, 0, 0, 0, 41, 40, 0, 4, 0, 0, 5, 0, 0, 0, 1, 3, 40, 0, 42, 0, 0, 4, 42, 0, 0, 0, 0, 1, 2, 0, 0, 5, 0, 2, 3, 0, 3, 0, 0, 0, 0, 0, 1, 0, 42, 0, 0, 0, 0, 41, 2, 0, 0, 0, 0, 0, 0, 0, 0, 0, 1, 2, 3, 0, 3, 0, 3, 3, 4, 1, 0, 0, 1, 41, 1, 0, 2, 0, 43, 1, 0, 4, 3, 3, 43, 43, 0, 5, 0, 2, 0, 3, 0, 3, 5, 43, 0, 0, 42, 0, 0, 0, 1, 0, 0, : 2, 4, 1, 3, 5, 3, 41, 40, 4, 5, 1, 3, 40, 42, 4, 42, 1, 2, 5, 2, 3, 3, 1, 42, 41, 2, 1, 2, 3, 3, 3, 3, 4, 1, 1, 41, 1, 2, 43, 1, 4, 3, 3, 43, 43, 5, 2, 3, 3, 5, 43, 42, 1, 
88: 0, 42, 0, 4, 0, 0, 2, 0, 41, 0, 0, 0, 0, 0, 0, 42, 0, 4, 0, 0, 2, 0, 0, 0, 4, 1, 0, 2, 1, 0, 1, 3, 2, 0, 1, 5, 0, 0, 0, 3, 0, 2, 0, 4, 0, 0, 2, 0, 42, 1, 0, 5, 2, 1, 4, 0, 3, 5, 0, 3, 0, 0, 0, 0, 2, 0, 3, 0, 0, 1, 0, 0, 4, 4, 1, 0, 5, 4, 5, 4, 0, 0, 1, 0, 4, 0, 3, 5, 0, 0, 0, 5, 0, 41, 5, 0, 0, 0, 0, 2, 0, 1, 0, 0, 0, 2, 5, 0, 1, 3, 0, 0, 1, 0, 0, 0, 2, 0, 0, 0, : 42, 4, 2, 41, 42, 4, 2, 4, 1, 2, 1, 1, 3, 2, 1, 5, 3, 2, 4, 2, 42, 1, 5, 2, 1, 4, 3, 5, 3, 2, 3, 1, 4, 4, 1, 5, 4, 5, 4, 1, 4, 3, 5, 5, 41, 5, 2, 1, 2, 5, 1, 3, 1, 2, 
117: 2, 0, 2, 0, 0, 5, 0, 1, 4, 0, 0, 0, 0, 42, 0, 5, 4, 0, 1, 2, 1, 0, 0, 0, 0, 3, 0, 3, 41, 40, 4, 0, 4, 0, 0, 1, 4, 0, 3, 41, 0, 3, 0, 0, 0, 0, 0, 0, 0, 3, 0, 1, 0, 0, 42, 2, 0, 4, 1, 0, 43, 5, 0, 0, 3, 3, 3, 4, 0, 0, 1, 0, 0, 43, 43, 40, 3, 1, 0, 0, 0, 4, 0, 0, 1, 0, 0, 0, 0, 0, 4, 1, 0, 0, 3, 2, 0, 0, 0, 0, 0, 1, 1, 0, 4, 0, 0, 4, 5, 0, 2, 4, 40, 0, 0, 5, 5, 0, 0, 5, : 2, 2, 5, 1, 4, 42, 5, 4, 1, 2, 1, 3, 3, 41, 40, 4, 4, 1, 4, 3, 41, 3, 3, 1, 42, 2, 4, 1, 43, 5, 3, 3, 3, 4, 1, 43, 43, 40, 3, 1, 4, 1, 4, 1, 3, 2, 1, 1, 4, 4, 5, 2, 4, 40, 5, 5, 5, 
223: 2, 4, 4, 0, 0, 3, 0, 0, 0, 0, 4, 0, 0, 2, 42, 2, 0, 0, 0, 0, 0, 0, 3, 2, 0, 3, 0, 2, 1, 41, 5, 4, 3, 4, 5, 0, 0, 1, 4, 0, 1, 5, 0, 41, 0, 2, 0, 5, 0, 0, 41, 2, 3, 0, 0, 2, 0, 3, 5, 5, 0, 1, 0, 0, 0, 1, 2, 2, 0, 0, 3, 3, 0, 4, 4, 0, 1, 0, 0, 0, 2, 1, 0, 1, 0, 2, 0, 3, 3, 0, 40, 2, 5, 5, 5, 3, 5, 44, 0, 0, 41, 4, 1, 2, 0, 0, 0, 5, 0, 2, 0, 1, 0, 0, 0, 4, 5, 2, 5, 2, : 2, 4, 4, 3, 4, 2, 42, 2, 3, 2, 3, 2, 1, 41, 5, 4, 3, 4, 5, 1, 4, 1, 5, 41, 2, 5, 41, 2, 3, 2, 3, 5, 5, 1, 1, 2, 2, 3, 3, 4, 4, 1, 2, 1, 1, 2, 3, 3, 40, 2, 5, 5, 5, 3, 5, 44, 41, 4, 1, 2, 5, 2, 1, 4, 5, 2, 5, 2, 
102: 2, 41, 0, 0, 0, 5, 4, 3, 0, 0, 0, 0, 4, 0, 2, 0, 3, 0, 0, 1, 4, 0, 0, 0, 0, 4, 0, 41, 0, 4, 0, 0, 5, 1, 3, 0, 5, 0, 4, 0, 0, 5, 0, 0, 0, 4, 2, 3, 1, 4, 5, 0, 0, 4, 0, 0, 1, 5, 1, 0, 2, 1, 2, 0, 0, 4, 5, 0, 0, 0, 0, 5, 1, 0, 42, 42, 44, 1, 4, 0, 42, 0, 0, 0, 0, 0, 0, 4, 0, 0, 0, 5, 0, 5, 43, 5, 0, 4, 42, 0, 0, 0, 43, 3, 2, 0, 3, 4, 0, 0, 0, 0, 0, 1, 0, 4, 4, 3, 0, 44, : 2, 41, 5, 4, 3, 4, 2, 3, 1, 4, 4, 41, 4, 5, 1, 3, 5, 4, 5, 4, 2, 3, 1, 4, 5, 4, 1, 5, 1, 2, 1, 2, 4, 5, 5, 1, 42, 42, 44, 1, 4, 42, 4, 5, 5, 43, 5, 4, 42, 43, 3, 2, 3, 4, 1, 4, 4, 3, 44, 
33: 44, 0, 0, 0, 0, 0, 4, 40, 0, 1, 3, 0, 0, 3, 0, 0, 1, 0, 5, 0, 5, 0, 5, 0, 0, 1, 0, 3, 0, 0, 3, 5, 0, 0, 0, 2, 4, 0, 0, 0, 0, 0, 0, 0, 2, 0, 5, 0, 0, 5, 0, 3, 40, 2, 2, 43, 1, 4, 0, 5, 0, 0, 0, 0, 5, 4, 2, 4, 0, 0, 0, 1, 1, 0, 3, 1, 0, 2, 2, 1, 2, 43, 1, 0, 0, 0, 0, 0, 0, 3, 4, 1, 0, 0, 0, 0, 0, 3, 4, 0, 5, 1, 4, 0, 2, 0, 43, 1, 1, 5, 4, 0, 5, 1, 1, 0, 0, 0, 1, 0, : 44, 4, 40, 1, 3, 3, 1, 5, 5, 5, 1, 3, 3, 5, 2, 4, 2, 5, 5, 3, 40, 2, 2, 43, 1, 4, 5, 5, 4, 2, 4, 1, 1, 3, 1, 2, 2, 1, 2, 43, 1, 3, 4, 1, 3, 4, 5, 1, 4, 2, 43, 1, 1, 5, 4, 5, 1, 1, 1, 
150: 0, 44, 0, 4, 4, 0, 0, 0, 0, 43, 1, 0, 2, 0, 3, 42, 1, 0, 0, 2, 4, 2, 4, 4, 0, 3, 5, 0, 1, 0, 2, 2, 4, 0, 4, 5, 4, 0, 5, 0, 0, 0, 0, 0, 41, 5, 0, 1, 0, 1, 2, 40, 4, 5, 0, 0, 0, 3, 0, 0, 44, 0, 2, 0, 0, 0, 0, 0, 4, 0, 0, 0, 0, 0, 0, 0, 0, 2, 0, 1, 3, 0, 0, 0, 0, 3, 5, 0, 1, 40, 0, 0, 0, 1, 0, 4, 0, 0, 0, 0, 0, 0, 0, 5, 4, 4, 0, 0, 1, 0, 2, 0, 0, 2, 0, 2, 0, 3, 5, 0, : 44, 4, 4, 43, 1, 2, 3, 42, 1, 2, 4, 2, 4, 4, 3, 5, 1, 2, 2, 4, 4, 5, 4, 5, 41, 5, 1, 1, 2, 40, 4, 5, 3, 44, 2, 4, 2, 1, 3, 3, 5, 1, 40, 1, 4, 5, 4, 4, 1, 2, 2, 2, 3, 5, 
32: 3, 0, 4, 1, 1, 43, 5, 5, 0, 0, 1, 1, 5, 1, 2, 0, 1, 2, 0, 0, 3, 0, 5, 41, 0, 3, 0, 0, 4, 0, 2, 0, 42, 5, 0, 5, 0, 0, 0, 4, 3, 5, 1, 0, 0, 0, 2, 0, 40, 42, 2, 0, 3, 2, 1, 2, 0, 0, 5, 5, 0, 5, 41, 0, 5, 3, 2, 0, 4, 43, 1, 3, 0, 5, 3, 0, 3, 2, 42, 1, 0, 4, 4, 2, 1, 1, 0, 3, 0, 0, 5, 3, 1, 0, 0, 5, 4, 1, 0, 1, 0, 4, 0, 1, 1, 0, 0, 0, 0, 0, 0, 5, 0, 0, 0, 0, 43, 3, 0, 4, : 3, 4, 1, 1, 43, 5, 5, 1, 1, 5, 1, 2, 1, 2, 3, 5, 41, 3, 4, 2, 42, 5, 5, 4, 3, 5, 1, 2, 40, 42, 2, 3, 2, 1, 2, 5, 5, 5, 41, 5, 3, 2, 4, 43, 1, 3, 5, 3, 3, 2, 42, 1, 4, 4, 2, 1, 1, 3, 5, 3, 1, 5, 4, 1, 1, 4, 1, 1, 5, 43, 3, 4, 
48: 5, 0, 0, 0, 40, 0, 0, 1, 1, 0, 4, 0, 4, 0, 0, 0, 0, 0, 0, 5, 5, 0, 0, 0, 5, 4, 43, 0, 1, 1, 5, 0, 3, 5, 3, 0, 5, 0, 0, 4, 0, 0, 0, 0, 42, 3, 3, 0, 5, 0, 0, 1, 0, 2, 0, 2, 0, 1, 0, 4, 0, 0, 4, 44, 0, 0, 3, 40, 0, 4, 2, 0, 4, 42, 5, 1, 44, 2, 4, 0, 5, 40, 5, 5, 0, 1, 2, 3, 0, 5, 44, 0, 4, 1, 2, 0, 2, 0, 0, 1, 0, 0, 3, 0, 5, 0, 0, 0, 0, 3, 4, 0, 0, 0, 0, 4, 0, 0, 0, 43, : 5, 40, 1, 1, 4, 4, 5, 5, 5, 4, 43, 1, 1, 5, 3, 5, 3, 5, 4, 42, 3, 3, 5, 1, 2, 2, 1, 4, 4, 44, 3, 40, 4, 2, 4, 42, 5, 1, 44, 2, 4, 5, 40, 5, 5, 1, 2, 3, 5, 44, 4, 1, 2, 2, 1, 3, 5, 3, 4, 4, 43, 
13: 0, 5, 4, 0, 0, 5, 0, 2, 0, 0, 1, 1, 0, 0, 3, 5, 5, 2, 0, 0, 2, 1, 4, 3, 1, 4, 0, 0, 0, 2, 3, 0, 5, 5, 2, 5, 1, 3, 0, 0, 1, 5, 3, 0, 0, 0, 42, 0, 0, 0, 3, 0, 2, 0, 0, 0, 5, 0, 1, 4, 5, 43, 0, 2, 0, 0, 0, 0, 2, 0, 5, 0, 0, 4, 40, 1, 0, 0, 44, 0, 0, 0, 0, 1, 2, 1, 0, 3, 0, 0, 3, 3, 3, 0, 0, 0, 2, 0, 42, 41, 0, 4, 4, 0, 4, 4, 1, 2, 4, 43, 0, 5, 41, 0, 0, 0, 43, 3, 0, 3, : 5, 4, 5, 2, 1, 1, 3, 5, 5, 2, 2, 1, 4, 3, 1, 4, 2, 3, 5, 5, 2, 5, 1, 3, 1, 5, 3, 42, 3, 2, 5, 1, 4, 5, 43, 2, 2, 5, 4, 40, 1, 44, 1, 2, 1, 3, 3, 3, 3, 2, 42, 41, 4, 4, 4, 4, 1, 2, 4, 43, 5, 41, 43, 3, 3, 
196: 0, 0, 0, 0, 0, 3, 0, 1, 0, 3, 5, 0, 43, 0, 3, 3, 2, 2, 5, 0, 3, 0, 3, 5, 0, 0, 0, 3, 0, 0, 1, 2, 3, 0, 3, 40, 1, 2, 5, 0, 0, 0, 1, 0, 2, 0, 0, 0, 0, 0, 0, 1, 1, 0, 0, 0, 3, 0, 1, 5, 43, 0, 3, 0, 3, 1, 4, 0, 0, 0, 2, 0, 40, 4, 4, 2, 0, 4, 2, 0, 0, 42, 0, 0, 0, 0, 2, 5, 0, 2, 0, 2, 3, 0, 0, 0, 2, 1, 1, 1, 0, 0, 0, 0, 0, 0, 3, 0, 41, 0, 0, 0, 3, 5, 1, 0, 0, 0, 0, 3, : 3, 1, 3, 5, 43, 3, 3, 2, 2, 5, 3, 3, 5, 3, 1, 2, 3, 3, 40, 1, 2, 5, 1, 2, 1, 1, 3, 1, 5, 43, 3, 3, 1, 4, 2, 40, 4, 4, 2, 4, 2, 42, 2, 5, 2, 2, 3, 2, 1, 1, 1, 3, 41, 3, 5, 1, 3, 
203: 0, 5, 0, 0, 0, 0, 0, 40, 0, 1, 2, 5, 0, 3, 0, 2, 0, 0, 3, 4, 0, 0, 0, 0, 0, 2, 3, 0, 4, 0, 4, 2, 0, 0, 0, 0, 0, 2, 0, 0, 0, 2, 0, 1, 0, 43, 0, 44, 2, 5, 0, 0, 4, 0, 3, 0, 0, 5, 44, 0, 0, 1, 0, 0, 0, 2, 0, 5, 5, 1, 44, 0, 0, 0, 0, 0, 0, 5, 0, 3, 5, 5, 43, 1, 0, 41, 0, 0, 0, 40, 0, 0, 0, 0, 3, 0, 4, 0, 2, 4, 4, 4, 5, 4, 4, 0, 0, 0, 41, 2, 0, 0, 0, 3, 41, 1, 1, 1, 3, 0, : 5, 40, 1, 2, 5, 3, 2, 3, 4, 2, 3, 4, 4, 2, 2, 2, 1, 43, 44, 2, 5, 4, 3, 5, 44, 1, 2, 5, 5, 1, 44, 5, 3, 5, 5, 43, 1, 41, 40, 3, 4, 2, 4, 4, 4, 5, 4, 4, 41, 2, 3, 41, 1, 1, 1, 3, 
28: 0, 0, 5, 1, 3, 0, 44, 3, 0, 43, 0, 0, 0, 0, 1, 4, 0, 0, 0, 0, 0, 1, 2, 0, 4, 5, 44, 0, 40, 5, 1, 3, 4, 3, 0, 1, 3, 4, 0, 5, 5, 0, 3, 0, 0, 0, 0, 2, 0, 0, 0, 0, 1, 0, 0, 44, 1, 5, 0, 4, 0, 3, 0, 3, 0, 0, 0, 4, 1, 0, 0, 5, 0, 0, 2, 0, 0, 0, 0, 42, 0, 1, 5, 0, 1, 5, 41, 1, 0, 3, 5, 2, 2, 1, 2, 0, 0, 3, 5, 0, 5, 1, 4, 0, 1, 0, 0, 4, 0, 0, 4, 3, 0, 0, 2, 0, 2, 0, 0, 1, : 5, 1, 3, 44, 3, 43, 1, 4, 1, 2, 4, 5, 44, 40, 5, 1, 3, 4, 3, 1, 3, 4, 5, 5, 3, 2, 1, 44, 1, 5, 4, 3, 3, 4, 1, 5, 2, 42, 1, 5, 1, 5, 41, 1, 3, 5, 2, 2, 1, 2, 3, 5, 5, 1, 4, 1, 4, 4, 3, 2, 2, 1, 
141: 2, 4, 1, 0, 2, 1, 3, 1, 4, 0, 0, 0, 0, 0, 4, 4, 0, 0, 0, 0, 1, 0, 0, 4, 0, 2, 0, 0, 0, 0, 0, 4, 0, 2, 0, 4, 0, 0, 3, 5, 0, 5, 1, 0, 0, 0, 0, 4, 2, 0, 3, 0, 0, 0, 0, 0, 1, 0, 0, 0, 0, 1, 0, 0, 0, 0, 3, 3, 44, 44, 1, 0, 3, 0, 0, 0, 0, 3, 0, 0, 5, 43, 0, 0, 0, 2, 0, 1, 0, 40, 4, 42, 2, 0, 0, 0, 0, 4, 0, 0, 41, 0, 2, 4, 3, 0, 0, 0, 3, 0, 0, 3, 41, 43, 2, 0, 4, 3, 0, 1, : 2, 4, 1, 2, 1, 3, 1, 4, 4, 4, 1, 4, 2, 4, 2, 4, 3, 5, 5, 1, 4, 2, 3, 1, 1, 3, 3, 44, 44, 1, 3, 3, 5, 43, 2, 1, 40, 4, 42, 2, 4, 41, 2, 4, 3, 3, 3, 41, 43, 2, 4, 3, 1, 
175: 0, 4, 0, 5, 4, 0, 0, 0, 0, 0, 0, 0, 0, 5, 0, 2, 0, 0, 0, 41, 1, 0, 2, 0, 5, 3, 0, 0, 0, 1, 4, 0, 5, 0, 0, 42, 0, 0, 0, 0, 2, 1, 0, 0, 0, 0, 1, 1, 2, 0, 0, 0, 0, 1, 0, 0, 4, 0, 5, 0, 0, 2, 3, 2, 0, 0, 0, 0, 0, 0, 3, 4, 3, 1, 0, 2, 0, 0, 5, 0, 1, 0, 1, 44, 0, 1, 0, 1, 3, 0, 1, 5, 5, 2, 0, 0, 1, 5, 0, 0, 0, 0, 3, 0, 3, 1, 3, 1, 4, 1, 1, 0, 0, 0, 5, 40, 3, 0, 0, 0, : 4, 5, 4, 5, 2, 41, 1, 2, 5, 3, 1, 4, 5, 42, 2, 1, 1, 1, 2, 1, 4, 5, 2, 3, 2, 3, 4, 3, 1, 2, 5, 1, 1, 44, 1, 1, 3, 1, 5, 5, 2, 1, 5, 3, 3, 1, 3, 1, 4, 1, 1, 5, 40, 3, 
133: 0, 2, 2, 0, 5, 0, 0, 3, 4, 0, 40, 43, 2, 5, 2, 0, 4, 3, 0, 0, 0, 1, 2, 4, 0, 0, 0, 0, 0, 4, 1, 0, 3, 5, 0, 1, 0, 0, 3, 5, 0, 5, 4, 0, 0, 1, 1, 1, 0, 5, 0, 0, 1, 0, 0, 0, 1, 3, 1, 0, 3, 2, 2, 2, 44, 4, 4, 1, 3, 0, 5, 1, 4, 0, 1, 0, 0, 1, 5, 0, 0, 0, 1, 0, 2, 1, 4, 0, 40, 0, 4, 43, 0, 0, 5, 0, 0, 2, 0, 0, 5, 0, 2, 1, 0, 0, 43, 0, 1, 0, 0, 0, 0, 0, 0, 0, 1, 1, 0, 0, : 2, 2, 5, 3, 4, 40, 43, 2, 5, 2, 4, 3, 1, 2, 4, 4, 1, 3, 5, 1, 3, 5, 5, 4, 1, 1, 1, 5, 1, 1, 3, 1, 3, 2, 2, 2, 44, 4, 4, 1, 3, 5, 1, 4, 1, 1, 5, 1, 2, 1, 4, 40, 4, 43, 5, 2, 5, 2, 1, 43, 1, 1, 1, 
86: 0, 3, 0, 42, 0, 2, 1, 1, 0, 5, 43, 41, 2, 1, 2, 0, 1, 3, 0, 1, 0, 41, 1, 0, 0, 5, 5, 0, 1, 1, 0, 0, 0, 0, 44, 44, 2, 0, 0, 4, 0, 0, 0, 0, 0, 0, 0, 4, 0, 0, 1, 4, 0, 0, 1, 2, 2, 3, 0, 5, 0, 1, 0, 0, 0, 0, 4, 4, 0, 0, 3, 0, 42, 0, 4, 3, 3, 40, 0, 3, 3, 0, 1, 0, 0, 4, 0, 0, 0, 1, 3, 1, 3, 0, 3, 1, 4, 0, 5, 0, 0, 0, 0, 5, 0, 0, 0, 0, 0, 2, 0, 1, 43, 0, 42, 0, 42, 0, 0, 4, : 3, 42, 2, 1, 1, 5, 43, 41, 2, 1, 2, 1, 3, 1, 41, 1, 5, 5, 1, 1, 44, 44, 2, 4, 4, 1, 4, 1, 2, 2, 3, 5, 1, 4, 4, 3, 42, 4, 3, 3, 40, 3, 3, 1, 4, 1, 3, 1, 3, 3, 1, 4, 5, 5, 2, 1, 43, 42, 42, 4, 
226: 4, 4, 0, 4, 0, 1, 0, 44, 44, 0, 1, 0, 5, 0, 4, 3, 0, 0, 0, 0, 0, 5, 5, 0, 0, 0, 0, 3, 1, 0, 0, 0, 5, 5, 0, 0, 3, 0, 0, 2, 41, 0, 3, 5, 0, 4, 0, 3, 0, 0, 4, 1, 40, 0, 0, 4, 0, 2, 0, 1, 0, 0, 0, 0, 0, 3, 4, 0, 1, 0, 5, 0, 4, 0, 0, 0, 0, 2, 0, 5, 0, 0, 4, 0, 0, 4, 1, 0, 0, 4, 3, 1, 40, 2, 0, 0, 0, 3, 0, 0, 2, 1, 3, 0, 5, 0, 0, 0, 1, 0, 3, 1, 41, 0, 40, 0, 0, 4, 0, 1, : 4, 4, 4, 1, 44, 44, 1, 5, 4, 3, 5, 5, 3, 1, 5, 5, 3, 2, 41, 3, 5, 4, 3, 4, 1, 40, 4, 2, 1, 3, 4, 1, 5, 4, 2, 5, 4, 4, 1, 4, 3, 1, 40, 2, 3, 2, 1, 3, 5, 1, 3, 1, 41, 40, 4, 1, 
12: 3, 0, 3, 0, 5, 3, 1, 0, 5, 0, 2, 0, 0, 3, 0, 2, 3, 0, 0, 2, 0, 4, 0, 0, 0, 0, 2, 0, 0, 4, 2, 41, 4, 0, 2, 0, 0, 4, 4, 0, 0, 3, 0, 0, 0, 0, 4, 3, 2, 4, 1, 1, 1, 5, 4, 0, 4, 0, 2, 4, 44, 4, 0, 0, 0, 2, 0, 0, 3, 1, 5, 0, 4, 0, 0, 5, 0, 2, 0, 0, 0, 0, 0, 0, 1, 0, 0, 3, 0, 5, 0, 0, 0, 0, 0, 0, 4, 3, 4, 0, 0, 0, 1, 1, 41, 40, 3, 5, 0, 5, 0, 0, 0, 4, 0, 0, 0, 2, 0, 3, : 3, 3, 5, 3, 1, 5, 2, 3, 2, 3, 2, 4, 2, 4, 2, 41, 4, 2, 4, 4, 3, 4, 3, 2, 4, 1, 1, 1, 5, 4, 4, 2, 4, 44, 4, 2, 3, 1, 5, 4, 5, 2, 1, 3, 5, 4, 3, 4, 1, 1, 41, 40, 3, 5, 5, 4, 2, 3, 
236: 0, 0, 3, 0, 4, 0, 0, 0, 0, 1, 1, 0, 0, 0, 44, 2, 0, 0, 0, 40, 0, 2, 0, 0, 0, 5, 0, 2, 3, 0, 0, 0, 0, 4, 5, 2, 0, 0, 0, 0, 0, 0, 0, 0, 5, 43, 2, 5, 1, 0, 0, 0, 0, 0, 3, 0, 0, 0, 42, 4, 5, 0, 0, 0, 5, 42, 0, 1, 0, 0, 0, 40, 0, 0, 5, 3, 0, 2, 0, 1, 0, 0, 0, 0, 0, 0, 3, 4, 5, 44, 0, 5, 44, 1, 5, 1, 0, 5, 1, 3, 0, 1, 1, 0, 5, 0, 2, 0, 0, 1, 4, 4, 0, 0, 1, 0, 1, 0, 0, 4, : 3, 4, 1, 1, 44, 2, 40, 2, 5, 2, 3, 4, 5, 2, 5, 43, 2, 5, 1, 3, 42, 4, 5, 5, 42, 1, 40, 5, 3, 2, 1, 3, 4, 5, 44, 5, 44, 1, 5, 1, 5, 1, 3, 1, 1, 5, 2, 1, 4, 4, 1, 1, 4, 
179: 3, 1, 3, 0, 3, 4, 0, 0, 4, 1, 1, 0, 0, 2, 0, 0, 0, 0, 40, 0, 0, 0, 1, 0, 0, 0, 0, 0, 0, 0, 1, 0, 0, 1, 0, 4, 0, 0, 0, 3, 0, 4, 0, 0, 0, 5, 0, 0, 4, 4, 5, 2, 1, 0, 3, 0, 2, 4, 1, 3, 0, 0, 0, 0, 3, 0, 44, 0, 3, 5, 4, 5, 1, 0, 0, 0, 2, 0, 2, 2, 0, 0, 0, 0, 3, 0, 0, 0, 0, 0, 2, 3, 0, 40, 1, 0, 0, 3, 3, 2, 2, 3, 3, 3, 0, 0, 41, 5, 0, 0, 0, 0, 0, 0, 0, 0, 2, 0, 4, 3, : 3, 1, 3, 3, 4, 4, 1, 1, 2, 40, 1, 1, 1, 4, 3, 4, 5, 4, 4, 5, 2, 1, 3, 2, 4, 1, 3, 3, 44, 3, 5, 4, 5, 1, 2, 2, 2, 3, 2, 3, 40, 1, 3, 3, 2, 2, 3, 3, 3, 41, 5, 2, 4, 3, 
85: 2, 4, 0, 5, 0, 4, 0, 4, 0, 0, 5, 0, 0, 0, 3, 0, 2, 0, 0, 0, 5, 0, 43, 0, 0, 4, 0, 5, 3, 0, 2, 4, 2, 0, 0, 0, 4, 42, 0, 1, 0, 2, 0, 4, 0, 0, 4, 1, 0, 0, 43, 0, 1, 0, 0, 2, 0, 3, 5, 0, 0, 1, 0, 1, 0, 0, 3, 3, 5, 0, 5, 5, 2, 0, 0, 41, 3, 1, 3, 0, 0, 5, 0, 1, 2, 5, 0, 1, 43, 0, 1, 0, 3, 0, 2, 3, 0, 4, 3, 2, 0, 2, 44, 3, 4, 0, 0, 5, 0, 0, 0, 0, 0, 44, 4, 0, 0, 0, 0, 5, : 2, 4, 5, 4, 4, 5, 3, 2, 5, 43, 4, 5, 3, 2, 4, 2, 4, 42, 1, 2, 4, 4, 1, 43, 1, 2, 3, 5, 1, 1, 3, 3, 5, 5, 5, 2, 41, 3, 1, 3, 5, 1, 2, 5, 1, 43, 1, 3, 2, 3, 4, 3, 2, 2, 44, 3, 4, 5, 44, 4, 5, 
210: 3, 1, 0, 0, 5, 5, 1, 2, 0, 0, 0, 4, 1, 0, 5, 1, 0, 0, 1, 0, 0, 0, 41, 0, 0, 2, 0, 42, 0, 0, 0, 3, 0, 0, 0, 0, 0, 0, 0, 3, 43, 1, 0, 0, 2, 1, 2, 43, 4, 0, 0, 0, 44, 0, 4, 3, 0, 2, 0, 3, 0, 3, 0, 0, 0, 0, 2, 4, 0, 0, 3, 0, 3, 0, 0, 0, 42, 4, 0, 5, 0, 2, 1, 0, 0, 3, 0, 2, 0, 4, 2, 5, 1, 0, 4, 0, 0, 1, 0, 3, 4, 5, 4, 3, 0, 0, 0, 1, 3, 0, 0, 4, 0, 4, 0, 5, 4, 0, 0, 3, : 3, 1, 5, 5, 1, 2, 4, 1, 5, 1, 1, 41, 2, 42, 3, 3, 43, 1, 2, 1, 2, 43, 4, 44, 4, 3, 2, 3, 3, 2, 4, 3, 3, 42, 4, 5, 2, 1, 3, 2, 4, 2, 5, 1, 4, 1, 3, 4, 5, 4, 3, 1, 3, 4, 4, 5, 4, 3, 
22: 40, 0, 0, 5, 0, 1, 0, 5, 0, 1, 4, 0, 4, 2, 3, 4, 0, 0, 41, 5, 0, 1, 5, 0, 0, 41, 5, 0, 5, 5, 5, 5, 0, 0, 0, 4, 0, 0, 0, 3, 0, 4, 0, 0, 42, 0, 0, 1, 0, 2, 0, 0, 0, 43, 0, 5, 0, 0, 1, 4, 0, 0, 2, 0, 0, 1, 0, 0, 3, 0, 1, 5, 1, 0, 3, 0, 40, 1, 0, 3, 5, 0, 0, 0, 2, 5, 0, 1, 4, 0, 4, 2, 3, 0, 0, 4, 0, 0, 0, 0, 5, 3, 1, 0, 4, 0, 44, 0, 0, 0, 0, 4, 2, 0, 4, 0, 5, 1, 5, 0, : 40, 5, 1, 5, 1, 4, 4, 2, 3, 4, 41, 5, 1, 5, 41, 5, 5, 5, 5, 5, 4, 3, 4, 42, 1, 2, 43, 5, 1, 4, 2, 1, 3, 1, 5, 1, 3, 40, 1, 3, 5, 2, 5, 1, 4, 4, 2, 3, 4, 5, 3, 1, 4, 44, 4, 2, 4, 5, 1, 5, 
71: 0, 0, 2, 0, 0, 2, 0, 0, 3, 2, 0, 3, 0, 1, 0, 2, 0, 0, 3, 0, 0, 0, 4, 0, 0, 5, 0, 2, 4, 0, 1, 0, 3, 0, 0, 0, 41, 0, 0, 0, 4, 0, 0, 0, 44, 5, 1, 5, 0, 2, 0, 2, 5, 5, 5, 0, 0, 0, 1, 2, 0, 40, 3, 0, 0, 0, 5, 41, 1, 2, 5, 0, 5, 5, 3, 0, 1, 3, 0, 5, 0, 0, 0, 5, 0, 0, 5, 0, 4, 0, 2, 4, 2, 0, 0, 1, 0, 0, 0, 4, 0, 0, 5, 0, 40, 0, 0, 44, 0, 0, 0, 0, 0, 0, 5, 0, 42, 0, 1, 4, : 2, 2, 3, 2, 3, 1, 2, 3, 4, 5, 2, 4, 1, 3, 41, 4, 44, 5, 1, 5, 2, 2, 5, 5, 5, 1, 2, 40, 3, 5, 41, 1, 2, 5, 5, 5, 3, 1, 3, 5, 5, 5, 4, 2, 4, 2, 1, 4, 5, 40, 44, 5, 42, 1, 4, 
208: 0, 2, 41, 42, 2, 5, 0, 0, 5, 0, 0, 0, 2, 0, 41, 0, 0, 3, 0, 2, 5, 0, 0, 0, 41, 4, 4, 3, 0, 0, 5, 5, 0, 0, 0, 2, 0, 0, 0, 3, 3, 0, 4, 2, 4, 0, 5, 0, 2, 4, 3, 4, 0, 0, 3, 0, 1, 2, 0, 0, 0, 4, 1, 0, 1, 0, 5, 0, 3, 2, 5, 3, 1, 0, 5, 3, 0, 3, 0, 0, 43, 3, 1, 0, 5, 0, 43, 2, 1, 4, 5, 3, 1, 2, 0, 3, 2, 4, 0, 0, 1, 0, 1, 3, 43, 0, 0, 0, 44, 0, 3, 0, 0, 0, 0, 0, 0, 0, 0, 0, : 2, 41, 42, 2, 5, 5, 2, 41, 3, 2, 5, 41, 4, 4, 3, 5, 5, 2, 3, 3, 4, 2, 4, 5, 2, 4, 3, 4, 3, 1, 2, 4, 1, 1, 5, 3, 2, 5, 3, 1, 5, 3, 3, 43, 3, 1, 5, 43, 2, 1, 4, 5, 3, 1, 2, 3, 2, 4, 1, 1, 3, 43, 44, 3, 
191: 2, 0, 3, 0, 0, 2, 1, 2, 0, 1, 1, 1, 2, 5, 0, 44, 0, 0, 2, 3, 0, 3, 4, 0, 0, 5, 0, 0, 0, 0, 4, 0, 0, 0, 0, 4, 3, 0, 4, 0, 2, 5, 0, 5, 0, 0, 0, 5, 2, 0, 0, 1, 3, 4, 0, 0, 1, 3, 1, 4, 4, 0, 4, 0, 0, 0, 4, 1, 2, 0, 0, 0, 0, 4, 3, 3, 0, 1, 4, 0, 5, 0, 0, 4, 0, 0, 1, 1, 0, 1, 1, 2, 0, 2, 43, 0, 2, 0, 1, 0, 0, 2, 2, 43, 3, 2, 41, 1, 2, 0, 0, 0, 0, 0, 0, 2, 0, 0, 5, 0, : 2, 3, 2, 1, 2, 1, 1, 1, 2, 5, 44, 2, 3, 3, 4, 5, 4, 4, 3, 4, 2, 5, 5, 5, 2, 1, 3, 4, 1, 3, 1, 4, 4, 4, 4, 1, 2, 4, 3, 3, 1, 4, 5, 4, 1, 1, 1, 1, 2, 2, 43, 2, 1, 2, 2, 43, 3, 2, 41, 1, 2, 2, 5, 
159: 3, 0, 0, 0, 1, 40, 43, 1, 0, 2, 0, 42, 0, 0, 3, 3, 44, 0, 1, 1, 5, 2, 1, 3, 0, 1, 44, 0, 0, 0, 1, 2, 2, 0, 0, 4, 2, 0, 0, 0, 0, 0, 2, 0, 1, 0, 0, 0, 4, 2, 1, 43, 4, 41, 5, 0, 44, 3, 0, 0, 0, 1, 2, 4, 2, 0, 40, 2, 0, 0, 0, 40, 0, 0, 0, 5, 0, 40, 0, 2, 0, 0, 0, 0, 43, 0, 5, 42, 0, 0, 0, 0, 5, 5, 0, 41, 0, 0, 0, 4, 3, 0, 5, 2, 5, 0, 0, 5, 2, 4, 5, 0, 0, 1, 0, 43, 0, 4, 0, 0, : 3, 1, 40, 43, 1, 2, 42, 3, 3, 44, 1, 1, 5, 2, 1, 3, 1, 44, 1, 2, 2, 4, 2, 2, 1, 4, 2, 1, 43, 4, 41, 5, 44, 3, 1, 2, 4, 2, 40, 2, 40, 5, 40, 2, 43, 5, 42, 5, 5, 41, 4, 3, 5, 2, 5, 5, 2, 4, 5, 1, 43, 4, 
219: 0, 5, 3, 0, 5, 1, 0, 3, 0, 0, 4, 0, 1, 0, 0, 0, 0, 0, 1, 0, 3, 5, 0, 0, 0, 0, 0, 0, 1, 0, 0, 3, 42, 4, 0, 1, 4, 0, 4, 1, 44, 0, 0, 0, 0, 42, 1, 1, 0, 0, 1, 0, 0, 0, 0, 0, 0, 3, 4, 42, 5, 3, 0, 0, 0, 2, 0, 4, 0, 0, 0, 0, 1, 0, 2, 1, 1, 4, 1, 0, 42, 1, 44, 0, 0, 0, 0, 0, 2, 0, 0, 0, 2, 3, 0, 0, 4, 2, 41, 0, 1, 3, 4, 0, 1, 4, 4, 0, 0, 4, 0, 0, 0, 0, 0, 0, 0, 0, 0, 0, : 5, 3, 5, 1, 3, 4, 1, 1, 3, 5, 1, 3, 42, 4, 1, 4, 4, 1, 44, 42, 1, 1, 1, 3, 4, 42, 5, 3, 2, 4, 1, 2, 1, 1, 4, 1, 42, 1, 44, 2, 2, 3, 4, 2, 41, 1, 3, 4, 1, 4, 4, 4, 
118: 0, 3, 0, 0, 3, 0, 43, 0, 0, 3, 1, 0, 5, 0, 41, 0, 0, 44, 0, 4, 0, 0, 1, 2, 0, 2, 0, 1, 5, 3, 40, 3, 0, 0, 0, 0, 1, 0, 0, 4, 0, 5, 0, 0, 0, 5, 0, 0, 0, 2, 0, 3, 5, 0, 0, 5, 0, 4, 0, 0, 0, 0, 0, 3, 3, 5, 5, 1, 0, 0, 3, 3, 1, 0, 3, 0, 5, 3, 0, 4, 5, 0, 3, 0, 5, 1, 0, 5, 0, 2, 5, 0, 4, 0, 0, 0, 0, 42, 1, 0, 0, 5, 4, 4, 0, 0, 1, 4, 2, 1, 0, 0, 0, 1, 0, 0, 0, 2, 0, 4, : 3, 3, 43, 3, 1, 5, 41, 44, 4, 1, 2, 2, 1, 5, 3, 40, 3, 1, 4, 5, 5, 2, 3, 5, 5, 4, 3, 3, 5, 5, 1, 3, 3, 1, 3, 5, 3, 4, 5, 3, 5, 1, 5, 2, 5, 4, 42, 1, 5, 4, 4, 1, 4, 2, 1, 1, 2, 4, 
217: 0, 0, 0, 1, 0, 5, 0, 0, 0, 0, 0, 0, 0, 5, 5, 0, 0, 0, 0, 1, 0, 0, 0, 0, 1, 4, 0, 0, 0, 1, 0, 1, 0, 0, 0, 1, 5, 0, 0, 43, 3, 1, 2, 3, 0, 44, 0, 0, 4, 0, 0, 0, 0, 2, 0, 0, 5, 4, 0, 0, 0, 0, 0, 5, 1, 43, 0, 2, 0, 0, 3, 2, 0, 0, 0, 0, 0, 4, 0, 4, 0, 2, 1, 0, 0, 0, 2, 0, 44, 3, 0, 2, 4, 0, 0, 1, 0, 1, 5, 0, 3, 44, 1, 3, 2, 0, 0, 0, 4, 42, 4, 0, 3, 0, 1, 0, 2, 3, 40, 3, : 1, 5, 5, 5, 1, 1, 4, 1, 1, 1, 5, 43, 3, 1, 2, 3, 44, 4, 2, 5, 4, 5, 1, 43, 2, 3, 2, 4, 4, 2, 1, 2, 44, 3, 2, 4, 1, 1, 5, 3, 44, 1, 3, 2, 4, 42, 4, 3, 1, 2, 3, 40, 3, 
125: 0, 0, 4, 4, 0, 2, 0, 2, 2, 1, 44, 0, 0, 0, 3, 0, 4, 3, 5, 0, 0, 0, 0, 0, 42, 4, 0, 0, 0, 0, 0, 0, 2, 0, 3, 2, 0, 0, 5, 0, 4, 0, 0, 0, 0, 0, 0, 0, 4, 0, 5, 5, 1, 0, 0, 0, 40, 3, 0, 3, 1, 4, 5, 44, 0, 4, 0, 40, 0, 0, 4, 0, 2, 2, 5, 5, 0, 2, 0, 0, 0, 0, 1, 2, 5, 1, 5, 0, 5, 0, 0, 2, 0, 1, 1, 3, 5, 2, 0, 0, 4, 0, 1, 5, 1, 0, 0, 0, 0, 0, 40, 1, 44, 0, 0, 0, 0, 4, 2, 3, : 4, 4, 2, 2, 2, 1, 44, 3, 4, 3, 5, 42, 4, 2, 3, 2, 5, 4, 4, 5, 5, 1, 40, 3, 3, 1, 4, 5, 44, 4, 40, 4, 2, 2, 5, 5, 2, 1, 2, 5, 1, 5, 5, 2, 1, 1, 3, 5, 2, 4, 1, 5, 1, 40, 1, 44, 4, 2, 3, 
239: 3, 0, 0, 3, 3, 5, 5, 0, 0, 0, 4, 0, 1, 0, 0, 0, 2, 5, 0, 0, 5, 5, 2, 44, 0, 0, 0, 3, 42, 5, 2, 2, 0, 0, 5, 1, 0, 1, 5, 0, 5, 2, 0, 0, 1, 4, 3, 3, 3, 0, 0, 1, 0, 1, 1, 0, 4, 3, 0, 3, 0, 0, 0, 0, 0, 0, 0, 3, 3, 0, 0, 0, 4, 5, 1, 3, 42, 0, 5, 2, 0, 0, 0, 3, 5, 3, 3, 0, 1, 3, 3, 4, 1, 5, 3, 2, 0, 5, 4, 1, 1, 5, 5, 0, 2, 44, 2, 2, 0, 1, 0, 2, 5, 4, 40, 0, 4, 1, 5, 0, : 3, 3, 3, 5, 5, 4, 1, 2, 5, 5, 5, 2, 44, 3, 42, 5, 2, 2, 5, 1, 1, 5, 5, 2, 1, 4, 3, 3, 3, 1, 1, 1, 4, 3, 3, 3, 3, 4, 5, 1, 3, 42, 5, 2, 3, 5, 3, 3, 1, 3, 3, 4, 1, 5, 3, 2, 5, 4, 1, 1, 5, 5, 2, 44, 2, 2, 1, 2, 5, 4, 40, 4, 1, 5, 
78: 0, 5, 0, 0, 0, 4, 1, 3, 0, 0, 1, 0, 4, 0, 0, 3, 0, 0, 4, 0, 4, 0, 5, 4, 0, 0, 0, 0, 0, 2, 3, 0, 0, 0, 44, 2, 2, 4, 0, 0, 42, 42, 5, 3, 3, 0, 3, 2, 2, 0, 1, 4, 0, 0, 0, 5, 40, 42, 0, 0, 0, 2, 40, 0, 0, 0, 0, 3, 5, 0, 5, 3, 2, 2, 0, 3, 4, 2, 4, 3, 43, 0, 3, 3, 0, 3, 0, 5, 0, 0, 0, 5, 0, 0, 5, 5, 0, 0, 0, 0, 3, 1, 2, 3, 4, 0, 0, 0, 44, 3, 0, 0, 2, 4, 0, 0, 0, 5, 0, 4, : 5, 4, 1, 3, 1, 4, 3, 4, 4, 5, 4, 2, 3, 44, 2, 2, 4, 42, 42, 5, 3, 3, 3, 2, 2, 1, 4, 5, 40, 42, 2, 40, 3, 5, 5, 3, 2, 2, 3, 4, 2, 4, 3, 43, 3, 3, 3, 5, 5, 5, 5, 3, 1, 2, 3, 4, 44, 3, 2, 4, 5, 4, 
187: 43, 0, 2, 2, 44, 0, 0, 0, 0, 0, 0, 0, 44, 0, 0, 0, 1, 1, 0, 3, 3, 1, 0, 3, 0, 3, 1, 0, 0, 0, 0, 5, 1, 41, 0, 3, 0, 5, 2, 4, 4, 4, 44, 4, 5, 5, 3, 0, 1, 1, 2, 0, 0, 0, 2, 5, 4, 5, 0, 5, 43, 3, 0, 0, 42, 40, 2, 4, 0, 0, 3, 0, 2, 0, 5, 0, 0, 1, 1, 5, 2, 0, 44, 1, 4, 0, 0, 5, 0, 3, 0, 3, 0, 0, 0, 0, 0, 43, 0, 0, 1, 5, 0, 0, 0, 1, 0, 0, 0, 2, 0, 0, 5, 2, 5, 0, 2, 5, 0, 5, : 43, 2, 2, 44, 44, 1, 1, 3, 3, 1, 3, 3, 1, 5, 1, 41, 3, 5, 2, 4, 4, 4, 44, 4, 5, 5, 3, 1, 1, 2, 2, 5, 4, 5, 5, 43, 3, 42, 40, 2, 4, 3, 2, 5, 1, 1, 5, 2, 44, 1, 4, 5, 3, 3, 43, 1, 5, 1, 2, 5, 2, 5, 2, 5, 5, 
119: 1, 1, 0, 0, 3, 0, 0, 3, 0, 2, 2, 0, 5, 0, 3, 0, 3, 5, 5, 0, 2, 4, 0, 0, 42, 4, 5, 1, 5, 1, 0, 0, 0, 0, 0, 0, 43, 0, 0, 0, 0, 3, 1, 0, 0, 3, 5, 0, 0, 5, 0, 3, 0, 0, 3, 0, 4, 5, 0, 2, 0, 0, 0, 0, 0, 0, 0, 5, 44, 0, 4, 0, 3, 0, 0, 5, 3, 5, 1, 0, 3, 5, 0, 0, 0, 0, 0, 5, 0, 0, 0, 43, 0, 0, 0, 0, 0, 1, 0, 0, 0, 0, 0, 3, 4, 0, 2, 4, 2, 4, 0, 1, 0, 0, 5, 1, 4, 4, 0, 0, : 1, 1, 3, 3, 2, 2, 5, 3, 3, 5, 5, 2, 4, 42, 4, 5, 1, 5, 1, 43, 3, 1, 3, 5, 5, 3, 3, 4, 5, 2, 5, 44, 4, 3, 5, 3, 5, 1, 3, 5, 5, 43, 1, 3, 4, 2, 4, 2, 4, 1, 5, 1, 4, 4, 
161: 2, 3, 42, 5, 3, 5, 0, 0, 0, 5, 0, 0, 1, 44, 5, 5, 42, 0, 0, 0, 0, 0, 0, 0, 0, 4, 0, 0, 0, 0, 2, 1, 0, 0, 3, 0, 0, 1, 0, 5, 0, 2, 0, 0, 3, 0, 2, 1, 0, 5, 0, 3, 3, 3, 5, 0, 0, 0, 4, 40, 0, 0, 0, 0, 41, 0, 0, 0, 2, 0, 0, 1, 0, 0, 0, 4, 42, 0, 3, 1, 3, 5, 0, 1, 1, 0, 0, 0, 0, 0, 3, 0, 0, 2, 4, 4, 0, 0, 0, 1, 0, 0, 1, 4, 5, 0, 0, 1, 0, 42, 0, 43, 0, 2, 0, 0, 4, 5, 1, 0, : 2, 3, 42, 5, 3, 5, 5, 1, 44, 5, 5, 42, 4, 2, 1, 3, 1, 5, 2, 3, 2, 1, 5, 3, 3, 3, 5, 4, 40, 41, 2, 1, 4, 42, 3, 1, 3, 5, 1, 1, 3, 2, 4, 4, 1, 1, 4, 5, 1, 42, 43, 2, 4, 5, 1, 
238: 2, 4, 3, 1, 1, 2, 0, 41, 0, 1, 1, 0, 0, 0, 0, 5, 4, 0, 0, 0, 2, 3, 0, 0, 0, 0, 0, 44, 0, 1, 5, 5, 0, 0, 1, 4, 0, 0, 4, 4, 3, 5, 4, 0, 0, 2, 0, 2, 0, 0, 2, 0, 5, 0, 4, 0, 5, 5, 0, 2, 0, 3, 0, 2, 1, 0, 0, 0, 3, 4, 4, 0, 0, 0, 3, 0, 0, 40, 0, 5, 0, 0, 0, 0, 0, 5, 0, 40, 0, 40, 0, 0, 0, 2, 0, 0, 0, 2, 0, 44, 1, 4, 3, 3, 4, 5, 0, 44, 0, 0, 0, 0, 4, 1, 0, 0, 41, 3, 0, 3, : 2, 4, 3, 1, 1, 2, 41, 1, 1, 5, 4, 2, 3, 44, 1, 5, 5, 1, 4, 4, 4, 3, 5, 4, 2, 2, 2, 5, 4, 5, 5, 2, 3, 2, 1, 3, 4, 4, 3, 40, 5, 5, 40, 40, 2, 2, 44, 1, 4, 3, 3, 4, 5, 44, 4, 1, 41, 3, 3, 
45: 0, 1, 3, 0, 0, 5, 4, 0, 0, 41, 0, 0, 0, 4, 0, 0, 0, 3, 0, 0, 0, 5, 1, 0, 0, 5, 0, 42, 0, 0, 5, 0, 2, 0, 4, 4, 0, 4, 5, 2, 3, 0, 0, 0, 0, 0, 3, 0, 1, 0, 3, 2, 1, 5, 1, 0, 0, 0, 0, 1, 0, 0, 0, 0, 41, 0, 5, 0, 5, 4, 1, 0, 2, 0, 1, 0, 0, 4, 0, 2, 0, 0, 44, 0, 0, 1, 0, 2, 2, 1, 0, 1, 0, 0, 0, 2, 41, 0, 0, 0, 4, 0, 0, 0, 1, 0, 0, 1, 0, 3, 0, 4, 1, 0, 42, 43, 0, 1, 2, 2, : 1, 3, 5, 4, 41, 4, 3, 5, 1, 5, 42, 5, 2, 4, 4, 4, 5, 2, 3, 3, 1, 3, 2, 1, 5, 1, 1, 41, 5, 5, 4, 1, 2, 1, 4, 2, 44, 1, 2, 2, 1, 1, 2, 41, 4, 1, 1, 3, 4, 1, 42, 43, 1, 2, 2, 
170: 0, 0, 0, 4, 0, 0, 4, 3, 0, 0, 3, 0, 0, 0, 3, 5, 0, 0, 0, 0, 0, 0, 0, 0, 5, 3, 0, 0, 0, 0, 3, 4, 2, 0, 0, 0, 0, 0, 0, 0, 4, 0, 5, 0, 0, 2, 5, 0, 1, 4, 5, 0, 3, 1, 0, 0, 3, 5, 4, 1, 0, 1, 40, 0, 4, 1, 44, 0, 3, 0, 1, 0, 0, 0, 5, 43, 0, 0, 4, 4, 0, 3, 4, 42, 2, 0, 3, 0, 5, 0, 1, 0, 0, 1, 1, 0, 0, 0, 0, 1, 0, 3, 0, 2, 5, 0, 0, 2, 2, 0, 0, 3, 2, 5, 0, 3, 5, 0, 4, 1, : 4, 4, 3, 3, 3, 5, 5, 3, 3, 4, 2, 4, 5, 2, 5, 1, 4, 5, 3, 1, 3, 5, 4, 1, 1, 40, 4, 1, 44, 3, 1, 5, 43, 4, 4, 3, 4, 42, 2, 3, 5, 1, 1, 1, 1, 3, 2, 5, 2, 2, 3, 2, 5, 3, 5, 4, 1, 
194: 0, 0, 0, 0, 2, 0, 0, 5, 43, 5, 2, 0, 0, 0, 5, 5, 0, 1, 1, 0, 2, 2, 0, 0, 0, 0, 0, 0, 0, 0, 1, 43, 42, 1, 5, 2, 3, 0, 0, 3, 1, 0, 0, 3, 2, 0, 1, 1, 1, 1, 4, 0, 0, 1, 1, 0, 1, 5, 0, 0, 4, 0, 0, 1, 0, 5, 0, 0, 0, 0, 5, 5, 2, 3, 0, 0, 5, 0, 4, 0, 0, 2, 3, 2, 0, 3, 0, 3, 0, 1, 1, 0, 0, 0, 0, 0, 1, 0, 5, 0, 0, 2, 3, 43, 2, 3, 0, 0, 1, 3, 4, 42, 0, 1, 0, 0, 1, 0, 1, 42, : 2, 5, 43, 5, 2, 5, 5, 1, 1, 2, 2, 1, 43, 42, 1, 5, 2, 3, 3, 1, 3, 2, 1, 1, 1, 1, 4, 1, 1, 1, 5, 4, 1, 5, 5, 5, 2, 3, 5, 4, 2, 3, 2, 3, 3, 1, 1, 1, 5, 2, 3, 43, 2, 3, 1, 3, 4, 42, 1, 1, 1, 42, 
157: 0, 0, 4, 4, 40, 2, 4, 1, 3, 0, 0, 0, 3, 0, 43, 0, 4, 0, 0, 44, 0, 5, 3, 5, 5, 3, 0, 1, 1, 1, 4, 2, 0, 0, 4, 0, 0, 0, 0, 0, 4, 5, 1, 0, 0, 2, 2, 1, 3, 0, 0, 0, 2, 3, 5, 4, 2, 1, 0, 0, 0, 0, 2, 0, 0, 42, 0, 0, 0, 0, 0, 0, 4, 4, 5, 0, 0, 1, 1, 5, 0, 0, 3, 0, 0, 1, 0, 4, 0, 0, 5, 2, 1, 0, 1, 0, 0, 0, 3, 0, 0, 2, 4, 5, 4, 0, 0, 0, 4, 5, 0, 4, 5, 0, 0, 1, 5, 5, 5, 0, : 4, 4, 40, 2, 4, 1, 3, 3, 43, 4, 44, 5, 3, 5, 5, 3, 1, 1, 1, 4, 2, 4, 4, 5, 1, 2, 2, 1, 3, 2, 3, 5, 4, 2, 1, 2, 42, 4, 4, 5, 1, 1, 5, 3, 1, 4, 5, 2, 1, 1, 3, 2, 4, 5, 4, 4, 5, 4, 5, 1, 5, 5, 5, 
123: 3, 0, 0, 3, 0, 5, 0, 4, 0, 0, 0, 42, 1, 0, 2, 0, 0, 0, 1, 5, 0, 3, 0, 0, 5, 4, 0, 3, 4, 2, 0, 3, 3, 0, 0, 4, 40, 0, 41, 1, 2, 40, 0, 1, 0, 2, 5, 5, 3, 1, 3, 5, 0, 5, 44, 5, 0, 0, 0, 0, 0, 4, 0, 0, 0, 0, 1, 4, 0, 0, 5, 2, 0, 0, 3, 5, 0, 1, 3, 1, 0, 0, 0, 0, 3, 3, 2, 2, 2, 0, 2, 5, 0, 0, 0, 0, 5, 3, 0, 0, 2, 1, 1, 3, 5, 0, 1, 1, 0, 4, 0, 0, 1, 5, 2, 0, 4, 1, 0, 4, : 3, 3, 5, 4, 42, 1, 2, 1, 5, 3, 5, 4, 3, 4, 2, 3, 3, 4, 40, 41, 1, 2, 40, 1, 2, 5, 5, 3, 1, 3, 5, 5, 44, 5, 4, 1, 4, 5, 2, 3, 5, 1, 3, 1, 3, 3, 2, 2, 2, 2, 5, 5, 3, 2, 1, 1, 3, 5, 1, 1, 4, 1, 5, 2, 4, 1, 4, 
95: 0, 0, 0, 2, 0, 0, 2, 1, 0, 0, 2, 43, 4, 4, 4, 1, 0, 41, 0, 3, 4, 5, 0, 0, 2, 5, 0, 0, 2, 2, 4, 2, 5, 0, 4, 0, 0, 0, 0, 1, 5, 0, 0, 44, 0, 0, 3, 0, 2, 0, 1, 5, 0, 0, 4, 0, 1, 0, 0, 0, 0, 1, 0, 0, 0, 0, 2, 40, 2, 0, 1, 2, 2, 42, 2, 1, 3, 1, 0, 2, 0, 2, 4, 2, 0, 2, 0, 0, 0, 0, 5, 1, 0, 0, 0, 0, 0, 3, 0, 3, 0, 1, 4, 0, 3, 0, 4, 3, 4, 5, 3, 0, 0, 0, 1, 0, 0, 5, 0, 2, : 2, 2, 1, 2, 43, 4, 4, 4, 1, 41, 3, 4, 5, 2, 5, 2, 2, 4, 2, 5, 4, 1, 5, 44, 3, 2, 1, 5, 4, 1, 1, 2, 40, 2, 1, 2, 2, 42, 2, 1, 3, 1, 2, 2, 4, 2, 2, 5, 1, 3, 3, 1, 4, 3, 4, 3, 4, 5, 3, 1, 5, 2, 
158: 3, 5, 4, 0, 0, 0, 0, 0, 0, 0, 0, 0, 0, 2, 0, 4, 0, 4, 0, 5, 5, 4, 44, 0, 0, 1, 0, 0, 0, 0, 5, 1, 5, 0, 0, 0, 0, 1, 0, 0, 4, 2, 0, 4, 4, 4, 0, 3, 1, 0, 0, 4, 4, 0, 0, 0, 5, 3, 2, 5, 0, 3, 0, 2, 4, 4, 0, 0, 0, 0, 1, 0, 0, 0, 0, 1, 0, 2, 1, 0, 0, 3, 3, 1, 3, 3, 0, 2, 40, 0, 1, 0, 0, 1, 1, 2, 0, 0, 2, 0, 0, 1, 5, 0, 4, 43, 0, 0, 1, 0, 0, 0, 0, 2, 0, 0, 0, 0, 0, 0, : 3, 5, 4, 2, 4, 4, 5, 5, 4, 44, 1, 5, 1, 5, 1, 4, 2, 4, 4, 4, 3, 1, 4, 4, 5, 3, 2, 5, 3, 2, 4, 4, 1, 1, 2, 1, 3, 3, 1, 3, 3, 2, 40, 1, 1, 1, 2, 2, 1, 5, 4, 43, 1, 2, 
11: 1, 0, 5, 0, 3, 3, 0, 0, 0, 4, 0, 0, 4, 4, 0, 1, 1, 5, 4, 4, 0, 3, 4, 0, 1, 0, 0, 0, 0, 3, 0, 3, 0, 0, 2, 3, 0, 0, 0, 0, 0, 0, 0, 5, 0, 1, 2, 0, 2, 1, 40, 5, 0, 0, 42, 0, 0, 3, 0, 1, 4, 3, 0, 0, 0, 4, 3, 2, 4, 0, 4, 0, 2, 0, 4, 0, 4, 2, 0, 0, 0, 5, 2, 3, 4, 40, 0, 4, 5, 4, 0, 0, 0, 5, 5, 3, 0, 1, 0, 0, 40, 2, 2, 4, 2, 0, 1, 5, 0, 1, 0, 3, 44, 3, 0, 3, 4, 1, 0, 43, : 1, 5, 3, 3, 4, 4, 4, 1, 1, 5, 4, 4, 3, 4, 1, 3, 3, 2, 3, 5, 1, 2, 2, 1, 40, 5, 42, 3, 1, 4, 3, 4, 3, 2, 4, 4, 2, 4, 4, 2, 5, 2, 3, 4, 40, 4, 5, 4, 5, 5, 3, 1, 40, 2, 2, 4, 2, 1, 5, 1, 3, 44, 3, 3, 4, 1, 43, 
73: 5, 0, 2, 0, 0, 0, 0, 2, 0, 0, 0, 0, 0, 0, 0, 0, 4, 40, 41, 0, 0, 0, 5, 0, 1, 0, 3, 2, 40, 0, 0, 0, 0, 0, 0, 4, 5, 1, 1, 0, 5, 1, 3, 2, 0, 2, 0, 0, 0, 0, 0, 3, 3, 0, 0, 4, 3, 0, 0, 1, 4, 3, 3, 1, 0, 0, 0, 44, 5, 0, 2, 3, 0, 0, 0, 0, 0, 1, 0, 3, 5, 0, 0, 4, 2, 3, 0, 0, 4, 3, 0, 5, 0, 0, 1, 42, 0, 2, 2, 5, 0, 0, 5, 0, 3, 2, 1, 0, 0, 0, 2, 0, 0, 0, 0, 40, 0, 4, 0, 0, : 5, 2, 2, 4, 40, 41, 5, 1, 3, 2, 40, 4, 5, 1, 1, 5, 1, 3, 2, 2, 3, 3, 4, 3, 1, 4, 3, 3, 1, 44, 5, 2, 3, 1, 3, 5, 4, 2, 3, 4, 3, 5, 1, 42, 2, 2, 5, 5, 3, 2, 1, 2, 40, 4, 
126: 0, 3, 0, 42, 41, 0, 0, 0, 0, 0, 4, 0, 0, 5, 0, 40, 0, 0, 0, 0, 3, 3, 0, 1, 0, 0, 3, 0, 4, 0, 2, 3, 0, 0, 0, 1, 0, 0, 5, 42, 1, 4, 0, 3, 2, 0, 0, 0, 0, 5, 0, 2, 5, 0, 0, 0, 1, 1, 0, 0, 0, 0, 43, 2, 0, 0, 0, 3, 0, 0, 0, 0, 41, 0, 5, 0, 0, 5, 1, 0, 0, 2, 0, 2, 5, 40, 2, 0, 0, 2, 0, 5, 43, 0, 0, 0, 2, 0, 0, 42, 5, 0, 5, 0, 5, 0, 0, 1, 3, 0, 5, 3, 0, 2, 0, 5, 1, 44, 1, 4, : 3, 42, 41, 4, 5, 40, 3, 3, 1, 3, 4, 2, 3, 1, 5, 42, 1, 4, 3, 2, 5, 2, 5, 1, 1, 43, 2, 3, 41, 5, 5, 1, 2, 2, 5, 40, 2, 2, 5, 43, 2, 42, 5, 5, 5, 1, 3, 5, 3, 2, 5, 1, 44, 1, 4, 
124: 1, 4, 0, 0, 0, 4, 4, 0, 0, 0, 0, 0, 5, 0, 4, 0, 0, 0, 3, 3, 0, 0, 0, 0, 0, 0, 0, 0, 0, 1, 0, 4, 0, 0, 40, 2, 1, 0, 2, 0, 0, 1, 44, 0, 0, 1, 0, 3, 1, 0, 0, 0, 1, 0, 0, 2, 0, 4, 0, 42, 0, 1, 0, 0, 0, 0, 2, 1, 5, 0, 3, 0, 2, 0, 0, 0, 1, 2, 0, 4, 0, 0, 0, 5, 2, 5, 5, 2, 3, 0, 0, 1, 5, 2, 0, 1, 0, 3, 5, 43, 5, 3, 0, 1, 0, 1, 2, 4, 4, 0, 5, 4, 0, 0, 2, 0, 2, 3, 0, 2, : 1, 4, 4, 4, 5, 4, 3, 3, 1, 4, 40, 2, 1, 2, 1, 44, 1, 3, 1, 1, 2, 4, 42, 1, 2, 1, 5, 3, 2, 1, 2, 4, 5, 2, 5, 5, 2, 3, 1, 5, 2, 1, 3, 5, 43, 5, 3, 1, 1, 2, 4, 4, 5, 4, 2, 2, 3, 2, 
204: 1, 0, 0, 0, 5, 2, 5, 4, 0, 1, 0, 4, 5, 5, 5, 3, 0, 4, 0, 0, 3, 3, 2, 1, 0, 2, 0, 0, 0, 0, 0, 1, 0, 0, 0, 0, 2, 5, 0, 3, 4, 1, 0, 4, 1, 5, 2, 0, 4, 0, 0, 1, 0, 5, 1, 0, 44, 3, 3, 0, 44, 0, 0, 5, 0, 2, 0, 0, 2, 0, 3, 3, 40, 0, 0, 4, 0, 5, 2, 5, 43, 0, 1, 0, 0, 1, 0, 0, 4, 1, 0, 40, 0, 0, 44, 2, 0, 4, 0, 43, 0, 2, 0, 0, 2, 1, 0, 1, 0, 0, 0, 0, 0, 0, 0, 0, 0, 0, 40, 0, : 1, 5, 2, 5, 4, 1, 4, 5, 5, 5, 3, 4, 3, 3, 2, 1, 2, 1, 2, 5, 3, 4, 1, 4, 1, 5, 2, 4, 1, 5, 1, 44, 3, 3, 44, 5, 2, 2, 3, 3, 40, 4, 5, 2, 5, 43, 1, 1, 4, 1, 40, 44, 2, 4, 43, 2, 2, 1, 1, 40, 
56: 3, 4, 0, 0, 0, 0, 1, 0, 0, 0, 2, 2, 4, 0, 1, 0, 2, 40, 0, 5, 0, 1, 1, 42, 2, 1, 43, 0, 3, 1, 2, 43, 0, 0, 0, 3, 2, 4, 0, 40, 0, 0, 42, 0, 1, 4, 0, 44, 4, 0, 0, 1, 4, 0, 2, 0, 3, 1, 0, 3, 4, 0, 4, 0, 0, 0, 2, 4, 2, 43, 3, 0, 5, 0, 0, 0, 0, 1, 1, 3, 1, 0, 0, 0, 2, 0, 2, 0, 1, 3, 2, 5, 5, 0, 0, 0, 0, 4, 3, 43, 1, 0, 3, 2, 5, 1, 3, 0, 5, 4, 0, 4, 0, 0, 0, 2, 0, 42, 0, 0, : 3, 4, 1, 2, 2, 4, 1, 2, 40, 5, 1, 1, 42, 2, 1, 43, 3, 1, 2, 43, 3, 2, 4, 40, 42, 1, 4, 44, 4, 1, 4, 2, 3, 1, 3, 4, 4, 2, 4, 2, 43, 3, 5, 1, 1, 3, 1, 2, 2, 1, 3, 2, 5, 5, 4, 3, 43, 1, 3, 2, 5, 1, 3, 5, 4, 4, 2, 42, 
121: 4, 3, 0, 5, 0, 5, 0, 0, 0, 1, 0, 0, 0, 0, 0, 0, 4, 3, 0, 0, 4, 0, 2, 0, 3, 0, 41, 0, 0, 0, 4, 1, 0, 0, 0, 4, 0, 4, 0, 2, 3, 0, 3, 0, 0, 1, 0, 3, 0, 0, 4, 1, 3, 4, 1, 2, 4, 41, 1, 3, 0, 2, 0, 2, 0, 4, 4, 4, 5, 0, 0, 3, 3, 2, 0, 2, 0, 1, 43, 1, 0, 0, 4, 4, 3, 3, 43, 0, 0, 0, 3, 0, 0, 0, 1, 3, 0, 2, 5, 0, 1, 0, 0, 0, 4, 0, 0, 0, 4, 0, 44, 3, 5, 2, 5, 1, 5, 2, 0, 0, : 4, 3, 5, 5, 1, 4, 3, 4, 2, 3, 41, 4, 1, 4, 4, 2, 3, 3, 1, 3, 4, 1, 3, 4, 1, 2, 4, 41, 1, 3, 2, 2, 4, 4, 4, 5, 3, 3, 2, 2, 1, 43, 1, 4, 4, 3, 3, 43, 3, 1, 3, 2, 5, 1, 4, 4, 44, 3, 5, 2, 5, 1, 5, 2, 
57: 0, 0, 0, 2, 0, 4, 0, 5, 43, 41, 1, 0, 2, 4, 5, 0, 5, 0, 0, 1, 5, 0, 4, 0, 0, 0, 0, 0, 0, 3, 2, 0, 0, 0, 2, 3, 0, 5, 2, 0, 0, 0, 4, 0, 0, 0, 4, 4, 1, 4, 0, 2, 4, 0, 0, 0, 0, 2, 0, 0, 0, 0, 0, 0, 0, 0, 4, 4, 0, 0, 0, 0, 3, 0, 5, 1, 0, 5, 0, 2, 4, 0, 2, 0, 0, 5, 0, 0, 3, 0, 3, 4, 3, 4, 0, 4, 0, 0, 2, 0, 0, 4, 42, 0, 3, 0, 4, 2, 0, 1, 0, 4, 0, 1, 0, 43, 2, 4, 1, 2, : 2, 4, 5, 43, 41, 1, 2, 4, 5, 5, 1, 5, 4, 3, 2, 2, 3, 5, 2, 4, 4, 4, 1, 4, 2, 4, 2, 4, 4, 3, 5, 1, 5, 2, 4, 2, 5, 3, 3, 4, 3, 4, 4, 2, 4, 42, 3, 4, 2, 1, 4, 1, 43, 2, 4, 1, 2, 
181: 1, 4, 0, 0, 42, 2, 3, 5, 0, 0, 0, 2, 0, 0, 0, 43, 44, 0, 0, 0, 5, 2, 3, 0, 2, 0, 1, 0, 0, 4, 5, 4, 2, 0, 0, 0, 2, 0, 5, 4, 0, 0, 0, 0, 3, 0, 2, 4, 0, 40, 0, 5, 5, 0, 2, 0, 0, 5, 3, 0, 0, 4, 0, 0, 5, 41, 0, 43, 5, 0, 43, 0, 0, 0, 1, 1, 0, 0, 0, 0, 3, 43, 4, 0, 0, 0, 1, 2, 4, 0, 42, 1, 0, 0, 0, 2, 0, 1, 4, 0, 2, 3, 2, 1, 5, 0, 4, 40, 0, 1, 40, 1, 0, 0, 0, 0, 0, 3, 0, 4, : 1, 4, 42, 2, 3, 5, 2, 43, 44, 5, 2, 3, 2, 1, 4, 5, 4, 2, 2, 5, 4, 3, 2, 4, 40, 5, 5, 2, 5, 3, 4, 5, 41, 43, 5, 43, 1, 1, 3, 43, 4, 1, 2, 4, 42, 1, 2, 1, 4, 2, 3, 2, 1, 5, 4, 40, 1, 40, 1, 3, 4, 
209: 3, 0, 0, 1, 0, 0, 44, 4, 0, 1, 0, 0, 0, 41, 1, 3, 0, 1, 3, 42, 0, 4, 0, 0, 0, 4, 0, 0, 3, 4, 0, 3, 0, 0, 3, 0, 0, 3, 0, 0, 0, 2, 0, 0, 5, 0, 4, 0, 43, 0, 5, 1, 0, 0, 44, 2, 0, 0, 2, 3, 0, 5, 0, 0, 0, 5, 3, 5, 3, 0, 0, 0, 2, 0, 4, 4, 0, 4, 5, 1, 0, 0, 1, 0, 2, 0, 0, 4, 0, 0, 0, 0, 3, 0, 1, 0, 0, 0, 5, 3, 2, 3, 3, 1, 0, 0, 0, 0, 0, 5, 5, 1, 0, 2, 3, 4, 0, 5, 0, 1, : 3, 1, 44, 4, 1, 41, 1, 3, 1, 3, 42, 4, 4, 3, 4, 3, 3, 3, 2, 5, 4, 43, 5, 1, 44, 2, 2, 3, 5, 5, 3, 5, 3, 2, 4, 4, 4, 5, 1, 1, 2, 4, 3, 1, 5, 3, 2, 3, 3, 1, 5, 5, 1, 2, 3, 4, 5, 1, 
172: 1, 4, 0, 5, 0, 2, 3, 0, 42, 1, 2, 0, 2, 4, 4, 0, 0, 1, 0, 2, 2, 3, 0, 0, 0, 0, 0, 4, 0, 0, 5, 0, 4, 2, 0, 1, 5, 0, 2, 2, 0, 2, 0, 0, 0, 0, 3, 0, 4, 5, 0, 3, 4, 0, 0, 1, 5, 0, 3, 3, 0, 3, 3, 0, 0, 0, 40, 0, 0, 0, 1, 3, 0, 0, 0, 0, 0, 4, 2, 0, 4, 0, 0, 4, 0, 5, 0, 3, 0, 0, 2, 0, 0, 0, 0, 0, 5, 3, 3, 0, 5, 0, 0, 5, 0, 1, 0, 4, 0, 3, 43, 43, 4, 3, 3, 0, 0, 1, 1, 1, : 1, 4, 5, 2, 3, 42, 1, 2, 2, 4, 4, 1, 2, 2, 3, 4, 5, 4, 2, 1, 5, 2, 2, 2, 3, 4, 5, 3, 4, 1, 5, 3, 3, 3, 3, 40, 1, 3, 4, 2, 4, 4, 5, 3, 2, 5, 3, 3, 5, 5, 1, 4, 3, 43, 43, 4, 3, 3, 1, 1, 1, 
93: 0, 40, 1, 5, 3, 1, 0, 0, 0, 0, 0, 3, 0, 0, 0, 3, 42, 5, 0, 40, 1, 5, 2, 0, 1, 0, 0, 0, 0, 1, 1, 0, 0, 2, 0, 4, 0, 0, 41, 2, 0, 44, 0, 0, 0, 0, 2, 1, 0, 4, 1, 2, 0, 0, 2, 0, 0, 5, 40, 5, 2, 0, 0, 0, 0, 3, 0, 0, 1, 0, 0, 1, 4, 1, 0, 5, 1, 4, 0, 43, 0, 0, 5, 0, 0, 1, 0, 2, 0, 5, 1, 3, 1, 1, 0, 3, 5, 4, 2, 0, 3, 0, 3, 0, 1, 0, 0, 0, 0, 0, 0, 5, 44, 40, 4, 3, 0, 1, 0, 0, : 40, 1, 5, 3, 1, 3, 3, 42, 5, 40, 1, 5, 2, 1, 1, 1, 2, 4, 41, 2, 44, 2, 1, 4, 1, 2, 2, 5, 40, 5, 2, 3, 1, 1, 4, 1, 5, 1, 4, 43, 5, 1, 2, 5, 1, 3, 1, 1, 3, 5, 4, 2, 3, 3, 1, 5, 44, 40, 4, 3, 1, 
168: 0, 42, 0, 0, 40, 42, 0, 4, 40, 5, 3, 0, 3, 4, 1, 1, 4, 0, 0, 0, 0, 0, 2, 40, 0, 0, 0, 0, 2, 2, 3, 0, 0, 0, 2, 1, 0, 0, 4, 0, 0, 0, 0, 0, 0, 0, 3, 0, 42, 3, 1, 3, 0, 40, 0, 3, 0, 44, 4, 3, 0, 2, 4, 0, 0, 40, 0, 0, 2, 0, 4, 3, 0, 0, 3, 4, 0, 4, 40, 0, 2, 0, 2, 0, 0, 5, 0, 0, 0, 0, 0, 1, 41, 0, 1, 4, 0, 2, 0, 0, 0, 5, 3, 2, 2, 5, 0, 3, 0, 0, 0, 43, 0, 3, 40, 0, 0, 0, 1, 2, : 42, 40, 42, 4, 40, 5, 3, 3, 4, 1, 1, 4, 2, 40, 2, 2, 3, 2, 1, 4, 3, 42, 3, 1, 3, 40, 3, 44, 4, 3, 2, 4, 40, 2, 4, 3, 3, 4, 4, 40, 2, 2, 5, 1, 41, 1, 4, 2, 5, 3, 2, 2, 5, 3, 43, 3, 40, 1, 2, 
131: 0, 0, 0, 1, 0, 0, 2, 4, 3, 42, 4, 0, 0, 1, 0, 0, 0, 0, 0, 5, 0, 43, 0, 0, 2, 40, 0, 0, 0, 2, 0, 3, 5, 0, 0, 3, 0, 0, 0, 43, 5, 4, 0, 0, 0, 1, 1, 4, 0, 0, 0, 0, 1, 0, 0, 0, 4, 3, 4, 5, 0, 0, 4, 0, 0, 0, 4, 0, 0, 0, 5, 3, 0, 0, 4, 5, 0, 4, 41, 2, 41, 0, 4, 1, 0, 1, 1, 0, 0, 0, 4, 1, 0, 0, 0, 0, 0, 0, 3, 0, 2, 1, 2, 4, 2, 2, 0, 0, 0, 0, 0, 0, 0, 0, 0, 0, 2, 0, 0, 3, : 1, 2, 4, 3, 42, 4, 1, 5, 43, 2, 40, 2, 3, 5, 3, 43, 5, 4, 1, 1, 4, 1, 4, 3, 4, 5, 4, 4, 5, 3, 4, 5, 4, 41, 2, 41, 4, 1, 1, 1, 4, 1, 3, 2, 1, 2, 4, 2, 2, 2, 3, 
68: 4, 0, 0, 0, 0, 2, 5, 0, 0, 0, 0, 0, 0, 0, 5, 0, 0, 0, 0, 1, 0, 0, 4, 0, 1, 0, 0, 0, 0, 0, 2, 1, 0, 0, 0, 0, 4, 0, 0, 3, 1, 0, 5, 3, 42, 0, 0, 0, 0, 3, 3, 5, 0, 0, 3, 2, 4, 0, 0, 0, 0, 5, 0, 44, 0, 40, 0, 4, 0, 0, 4, 0, 0, 3, 5, 0, 1, 1, 5, 2, 5, 0, 0, 42, 42, 1, 0, 3, 0, 4, 0, 0, 0, 43, 5, 2, 0, 0, 3, 0, 1, 4, 0, 5, 0, 0, 0, 5, 3, 0, 4, 0, 0, 2, 0, 5, 2, 0, 0, 0, : 4, 2, 5, 5, 1, 4, 1, 2, 1, 4, 3, 1, 5, 3, 42, 3, 3, 5, 3, 2, 4, 5, 44, 40, 4, 4, 3, 5, 1, 1, 5, 2, 5, 42, 42, 1, 3, 4, 43, 5, 2, 3, 1, 4, 5, 5, 3, 4, 2, 5, 2, 
62: 0, 0, 0, 5, 0, 4, 0, 2, 0, 4, 2, 0, 0, 2, 40, 0, 0, 0, 0, 0, 0, 1, 5, 0, 0, 0, 0, 3, 0, 0, 0, 0, 0, 0, 1, 0, 0, 0, 3, 0, 5, 4, 0, 4, 2, 4, 1, 3, 1, 1, 5, 2, 0, 0, 0, 0, 2, 1, 1, 4, 5, 3, 3, 0, 42, 0, 4, 2, 4, 0, 0, 0, 0, 0, 0, 4, 0, 0, 4, 2, 1, 0, 0, 44, 42, 0, 1, 2, 0, 41, 0, 3, 3, 0, 4, 1, 1, 5, 0, 0, 0, 40, 5, 0, 3, 0, 4, 43, 0, 0, 2, 2, 5, 0, 0, 2, 0, 2, 0, 0, : 5, 4, 2, 4, 2, 2, 40, 1, 5, 3, 1, 3, 5, 4, 4, 2, 4, 1, 3, 1, 1, 5, 2, 2, 1, 1, 4, 5, 3, 3, 42, 4, 2, 4, 4, 4, 2, 1, 44, 42, 1, 2, 41, 3, 3, 4, 1, 1, 5, 40, 5, 3, 4, 43, 2, 2, 5, 2, 2, 
76: 0, 5, 0, 0, 0, 2, 0, 5, 0, 0, 4, 0, 0, 3, 0, 5, 4, 0, 0, 1, 5, 42, 3, 41, 1, 1, 0, 4, 5, 40, 5, 5, 0, 5, 0, 1, 0, 0, 0, 0, 0, 5, 0, 0, 0, 5, 2, 0, 1, 4, 0, 5, 0, 0, 3, 4, 1, 4, 4, 0, 3, 0, 4, 42, 4, 2, 0, 0, 3, 2, 3, 0, 0, 0, 0, 44, 1, 3, 5, 0, 3, 0, 0, 0, 2, 5, 0, 4, 0, 5, 0, 0, 1, 5, 0, 4, 4, 0, 2, 0, 1, 0, 0, 4, 3, 0, 2, 5, 0, 40, 0, 0, 0, 5, 2, 0, 0, 0, 1, 0, : 5, 2, 5, 4, 3, 5, 4, 1, 5, 42, 3, 41, 1, 1, 4, 5, 40, 5, 5, 5, 1, 5, 5, 2, 1, 4, 5, 3, 4, 1, 4, 4, 3, 4, 42, 4, 2, 3, 2, 3, 44, 1, 3, 5, 3, 2, 5, 4, 5, 1, 5, 4, 4, 2, 1, 4, 3, 2, 5, 40, 5, 2, 1, 
92: 1, 4, 44, 43, 3, 0, 0, 0, 0, 5, 0, 43, 1, 1, 3, 0, 3, 3, 0, 0, 4, 0, 2, 2, 4, 5, 2, 0, 0, 42, 1, 3, 0, 0, 0, 5, 0, 0, 0, 0, 0, 0, 0, 0, 40, 0, 3, 4, 3, 0, 2, 3, 0, 4, 0, 0, 5, 5, 43, 0, 3, 0, 0, 0, 0, 0, 0, 0, 5, 0, 4, 0, 4, 0, 1, 0, 0, 0, 3, 0, 0, 3, 4, 3, 0, 0, 2, 0, 3, 0, 3, 5, 3, 5, 0, 3, 2, 0, 3, 0, 0, 0, 2, 5, 0, 0, 0, 0, 0, 0, 0, 44, 2, 0, 0, 0, 0, 3, 3, 3, : 1, 4, 44, 43, 3, 5, 43, 1, 1, 3, 3, 3, 4, 2, 2, 4, 5, 2, 42, 1, 3, 5, 40, 3, 4, 3, 2, 3, 4, 5, 5, 43, 3, 5, 4, 4, 1, 3, 3, 4, 3, 2, 3, 3, 5, 3, 5, 3, 2, 3, 2, 5, 44, 2, 3, 3, 3, 
146: 0, 0, 0, 0, 5, 0, 0, 0, 0, 2, 2, 0, 0, 41, 3, 0, 0, 4, 0, 0, 0, 3, 0, 0, 0, 0, 0, 2, 0, 0, 3, 1, 0, 0, 0, 2, 1, 40, 2, 0, 0, 0, 4, 0, 0, 3, 5, 0, 2, 0, 0, 2, 43, 2, 2, 0, 4, 3, 1, 1, 0, 5, 0, 0, 0, 2, 2, 0, 2, 0, 0, 0, 4, 0, 0, 0, 0, 3, 0, 43, 0, 0, 42, 5, 0, 4, 0, 4, 0, 0, 0, 0, 0, 44, 5, 0, 0, 1, 0, 0, 0, 3, 0, 1, 1, 0, 0, 0, 0, 4, 3, 2, 0, 0, 0, 0, 40, 0, 3, 0, : 5, 2, 2, 41, 3, 4, 3, 2, 3, 1, 2, 1, 40, 2, 4, 3, 5, 2, 2, 43, 2, 2, 4, 3, 1, 1, 5, 2, 2, 2, 4, 3, 43, 42, 5, 4, 4, 44, 5, 1, 3, 1, 1, 4, 3, 2, 40, 3, 
195: 0, 3, 0, 0, 0, 0, 0, 1, 4, 0, 2, 0, 0, 0, 0, 5, 0, 0, 0, 43, 3, 5, 0, 4, 0, 1, 0, 4, 3, 41, 0, 0, 0, 0, 0, 3, 3, 2, 2, 0, 0, 5, 0, 0, 4, 0, 0, 3, 42, 0, 4, 0, 0, 0, 0, 0, 1, 3, 1, 4, 0, 1, 0, 2, 2, 0, 0, 0, 3, 0, 4, 0, 0, 0, 42, 0, 5, 1, 0, 1, 0, 0, 0, 0, 0, 43, 0, 0, 41, 4, 0, 1, 3, 0, 4, 43, 0, 5, 0, 1, 4, 5, 41, 0, 2, 4, 0, 0, 2, 0, 0, 0, 0, 4, 2, 5, 0, 41, 0, 0, : 3, 1, 4, 2, 5, 43, 3, 5, 4, 1, 4, 3, 41, 3, 3, 2, 2, 5, 4, 3, 42, 4, 1, 3, 1, 4, 1, 2, 2, 3, 4, 42, 5, 1, 1, 43, 41, 4, 1, 3, 4, 43, 5, 1, 4, 5, 41, 2, 4, 2, 4, 2, 5, 41, 
81: 0, 0, 0, 0, 0, 0, 4, 3, 4, 0, 2, 0, 0, 0, 0, 4, 0, 4, 0, 5, 44, 5, 3, 0, 1, 3, 0, 0, 2, 1, 5, 5, 1, 43, 1, 1, 0, 3, 0, 1, 1, 5, 4, 0, 0, 0, 4, 1, 0, 0, 0, 0, 1, 0, 0, 0, 0, 2, 3, 1, 0, 42, 0, 0, 0, 4, 0, 40, 0, 0, 0, 0, 0, 0, 4, 0, 0, 5, 44, 1, 4, 2, 2, 0, 0, 4, 0, 4, 2, 0, 0, 0, 1, 0, 0, 1, 0, 5, 4, 0, 1, 4, 1, 4, 2, 0, 0, 0, 0, 0, 0, 0, 0, 0, 0, 3, 0, 0, 0, 44, : 4, 3, 4, 2, 4, 4, 5, 44, 5, 3, 1, 3, 2, 1, 5, 5, 1, 43, 1, 1, 3, 1, 1, 5, 4, 4, 1, 1, 2, 3, 1, 42, 4, 40, 4, 5, 44, 1, 4, 2, 2, 4, 4, 2, 1, 1, 5, 4, 1, 4, 1, 4, 2, 3, 44, 
94: 2, 0, 2, 0, 0, 0, 0, 0, 0, 1, 0, 5, 0, 0, 0, 5, 0, 0, 0, 0, 5, 1, 0, 0, 0, 0, 0, 5, 0, 0, 5, 4, 0, 0, 2, 41, 0, 5, 4, 1, 0, 5, 1, 2, 1, 0, 0, 3, 0, 0, 4, 0, 0, 2, 2, 0, 4, 3, 1, 2, 0, 0, 4, 0, 1, 4, 0, 0, 0, 0, 3, 44, 5, 3, 4, 0, 0, 43, 0, 0, 4, 0, 0, 0, 5, 2, 0, 1, 0, 0, 0, 0, 5, 0, 42, 2, 1, 0, 0, 3, 5, 2, 3, 5, 0, 40, 5, 0, 0, 0, 0, 0, 1, 4, 0, 3, 0, 0, 42, 0, : 2, 2, 1, 5, 5, 5, 1, 5, 5, 4, 2, 41, 5, 4, 1, 5, 1, 2, 1, 3, 4, 2, 2, 4, 3, 1, 2, 4, 1, 4, 3, 44, 5, 3, 4, 43, 4, 5, 2, 1, 5, 42, 2, 1, 3, 5, 2, 3, 5, 40, 5, 1, 4, 3, 42, 
47: 1, 0, 1, 5, 0, 4, 0, 4, 0, 4, 0, 0, 2, 0, 0, 1, 0, 0, 5, 0, 44, 4, 40, 3, 3, 2, 5, 0, 3, 0, 1, 2, 0, 1, 3, 0, 0, 0, 0, 1, 3, 0, 0, 0, 0, 1, 0, 2, 0, 3, 0, 5, 0, 0, 0, 0, 0, 0, 0, 2, 0, 0, 0, 0, 0, 0, 1, 1, 0, 1, 0, 0, 4, 3, 0, 0, 1, 4, 0, 3, 0, 0, 0, 5, 0, 0, 0, 0, 1, 1, 1, 0, 0, 2, 0, 5, 4, 5, 5, 0, 0, 5, 0, 0, 2, 0, 0, 4, 0, 0, 4, 1, 0, 0, 0, 0, 4, 4, 4, 1, : 1, 1, 5, 4, 4, 4, 2, 1, 5, 44, 4, 40, 3, 3, 2, 5, 3, 1, 2, 1, 3, 1, 3, 1, 2, 3, 5, 2, 1, 1, 1, 4, 3, 1, 4, 3, 5, 1, 1, 1, 2, 5, 4, 5, 5, 5, 2, 4, 4, 1, 4, 4, 4, 1, 
212: 0, 0, 1, 5, 1, 0, 0, 4, 0, 4, 1, 5, 0, 4, 0, 5, 5, 0, 0, 4, 0, 0, 0, 0, 1, 41, 0, 0, 0, 0, 3, 1, 0, 0, 0, 5, 41, 0, 0, 0, 0, 0, 0, 0, 44, 2, 1, 2, 1, 40, 4, 2, 0, 0, 1, 4, 5, 0, 5, 2, 0, 2, 5, 0, 0, 0, 0, 0, 0, 0, 3, 0, 0, 0, 1, 0, 3, 1, 1, 5, 1, 0, 2, 0, 1, 1, 3, 0, 0, 4, 3, 1, 3, 0, 5, 0, 44, 1, 41, 0, 2, 1, 4, 0, 5, 40, 2, 0, 44, 0, 0, 1, 2, 0, 0, 3, 0, 3, 5, 0, : 1, 5, 1, 4, 4, 1, 5, 4, 5, 5, 4, 1, 41, 3, 1, 5, 41, 44, 2, 1, 2, 1, 40, 4, 2, 1, 4, 5, 5, 2, 2, 5, 3, 1, 3, 1, 1, 5, 1, 2, 1, 1, 3, 4, 3, 1, 3, 5, 44, 1, 41, 2, 1, 4, 5, 40, 2, 44, 1, 2, 3, 3, 5, 
132: 0, 0, 2, 0, 0, 0, 0, 40, 0, 1, 2, 4, 0, 4, 0, 4, 0, 0, 0, 2, 0, 0, 5, 0, 0, 1, 3, 1, 0, 44, 1, 4, 3, 0, 0, 4, 4, 0, 44, 44, 4, 3, 0, 0, 0, 5, 5, 5, 5, 0, 3, 0, 0, 2, 0, 0, 0, 0, 3, 4, 0, 0, 1, 3, 1, 4, 1, 1, 5, 0, 2, 0, 0, 0, 0, 0, 0, 3, 0, 5, 0, 0, 0, 5, 4, 0, 43, 0, 0, 5, 2, 0, 2, 0, 0, 1, 0, 1, 1, 5, 0, 2, 0, 0, 2, 3, 0, 1, 0, 0, 0, 0, 5, 0, 2, 0, 0, 4, 0, 4, : 2, 40, 1, 2, 4, 4, 4, 2, 5, 1, 3, 1, 44, 1, 4, 3, 4, 4, 44, 44, 4, 3, 5, 5, 5, 5, 3, 2, 3, 4, 1, 3, 1, 4, 1, 1, 5, 2, 3, 5, 5, 4, 43, 5, 2, 2, 1, 1, 1, 5, 2, 2, 3, 1, 5, 2, 4, 4, 
8: 4, 0, 1, 3, 2, 0, 0, 0, 3, 0, 44, 40, 0, 0, 0, 0, 4, 0, 40, 0, 0, 40, 4, 4, 0, 0, 0, 4, 0, 0, 4, 2, 42, 0, 4, 2, 1, 0, 5, 0, 42, 5, 42, 4, 5, 0, 0, 0, 0, 4, 0, 1, 1, 0, 4, 0, 5, 0, 0, 0, 0, 1, 0, 42, 0, 4, 0, 2, 0, 0, 4, 1, 4, 0, 1, 0, 1, 0, 0, 41, 1, 0, 0, 0, 0, 0, 0, 1, 3, 2, 5, 5, 0, 0, 0, 4, 1, 5, 0, 0, 41, 0, 0, 0, 41, 4, 0, 1, 1, 0, 3, 0, 0, 2, 5, 0, 0, 0, 42, 0, : 4, 1, 3, 2, 3, 44, 40, 4, 40, 40, 4, 4, 4, 4, 2, 42, 4, 2, 1, 5, 42, 5, 42, 4, 5, 4, 1, 1, 4, 5, 1, 42, 4, 2, 4, 1, 4, 1, 1, 41, 1, 1, 3, 2, 5, 5, 4, 1, 5, 41, 41, 4, 1, 1, 3, 2, 5, 42, 
237: 0, 0, 5, 1, 2, 3, 2, 2, 4, 0, 4, 0, 4, 4, 1, 42, 0, 5, 4, 1, 2, 0, 0, 44, 0, 42, 5, 40, 43, 4, 4, 4, 5, 0, 0, 5, 5, 0, 1, 2, 0, 3, 1, 0, 2, 0, 42, 0, 4, 0, 3, 5, 4, 0, 3, 0, 5, 0, 3, 2, 4, 0, 2, 0, 0, 4, 1, 1, 2, 4, 1, 1, 0, 2, 0, 3, 0, 0, 1, 1, 0, 4, 2, 3, 43, 1, 0, 3, 5, 0, 4, 0, 43, 0, 2, 0, 4, 0, 0, 0, 0, 2, 0, 3, 0, 0, 0, 5, 2, 1, 0, 0, 0, 0, 2, 0, 0, 5, 4, 0, : 5, 1, 2, 3, 2, 2, 4, 4, 4, 4, 1, 42, 5, 4, 1, 2, 44, 42, 5, 40, 43, 4, 4, 4, 5, 5, 5, 1, 2, 3, 1, 2, 42, 4, 3, 5, 4, 3, 5, 3, 2, 4, 2, 4, 1, 1, 2, 4, 1, 1, 2, 3, 1, 1, 4, 2, 3, 43, 1, 3, 5, 4, 43, 2, 4, 2, 3, 5, 2, 1, 2, 5, 4, 
51: 0, 5, 0, 40, 3, 5, 3, 0, 3, 3, 0, 0, 4, 2, 0, 5, 0, 0, 1, 0, 0, 4, 1, 0, 0, 1, 0, 43, 0, 1, 0, 1, 4, 0, 0, 0, 0, 0, 0, 1, 0, 0, 0, 2, 0, 0, 0, 4, 0, 5, 3, 0, 4, 4, 5, 0, 4, 0, 5, 0, 1, 3, 0, 3, 3, 0, 2, 3, 0, 2, 0, 0, 0, 0, 0, 4, 0, 4, 0, 0, 1, 0, 1, 0, 1, 2, 0, 1, 3, 3, 0, 2, 1, 4, 5, 2, 0, 1, 0, 0, 3, 1, 4, 4, 3, 0, 40, 2, 0, 0, 0, 0, 0, 5, 0, 0, 3, 0, 0, 5, : 5, 40, 3, 5, 3, 3, 3, 4, 2, 5, 1, 4, 1, 1, 43, 1, 1, 4, 1, 2, 4, 5, 3, 4, 4, 5, 4, 5, 1, 3, 3, 3, 2, 3, 2, 4, 4, 1, 1, 1, 2, 1, 3, 3, 2, 1, 4, 5, 2, 1, 3, 1, 4, 4, 3, 40, 2, 5, 3, 5, 
183: 4, 2, 2, 4, 0, 0, 0, 4, 3, 0, 43, 4, 0, 0, 0, 0, 3, 0, 0, 0, 0, 1, 0, 0, 0, 3, 0, 4, 0, 0, 0, 2, 5, 4, 0, 0, 4, 0, 0, 0, 41, 3, 0, 0, 5, 4, 1, 4, 0, 0, 3, 4, 0, 0, 5, 0, 0, 0, 4, 0, 2, 0, 0, 0, 0, 2, 0, 0, 1, 4, 0, 0, 5, 0, 0, 0, 0, 2, 0, 3, 3, 2, 0, 42, 0, 0, 0, 0, 0, 2, 5, 0, 0, 0, 2, 4, 0, 0, 1, 0, 0, 3, 0, 2, 4, 0, 0, 0, 0, 0, 0, 0, 0, 4, 0, 3, 0, 40, 0, 0, : 4, 2, 2, 4, 4, 3, 43, 4, 3, 1, 3, 4, 2, 5, 4, 4, 41, 3, 5, 4, 1, 4, 3, 4, 5, 4, 2, 2, 1, 4, 5, 2, 3, 3, 2, 42, 2, 5, 2, 4, 1, 3, 2, 4, 4, 3, 40, 
72: 0, 0, 0, 0, 1, 3, 0, 0, 4, 0, 3, 0, 1, 4, 0, 3, 2, 0, 44, 1, 0, 0, 40, 3, 0, 0, 43, 4, 0, 0, 5, 42, 41, 0, 2, 1, 0, 0, 4, 4, 4, 0, 41, 0, 0, 2, 0, 0, 1, 0, 5, 4, 4, 2, 3, 4, 1, 1, 3, 5, 0, 2, 0, 0, 5, 0, 0, 0, 4, 2, 0, 1, 2, 41, 5, 0, 0, 5, 2, 1, 5, 0, 0, 0, 0, 0, 0, 3, 0, 0, 0, 0, 4, 0, 0, 4, 0, 5, 42, 4, 5, 0, 4, 5, 5, 0, 4, 0, 0, 42, 1, 3, 0, 3, 5, 3, 0, 0, 0, 5, : 1, 3, 4, 3, 1, 4, 3, 2, 44, 1, 40, 3, 43, 4, 5, 42, 41, 2, 1, 4, 4, 4, 41, 2, 1, 5, 4, 4, 2, 3, 4, 1, 1, 3, 5, 2, 5, 4, 2, 1, 2, 41, 5, 5, 2, 1, 5, 3, 4, 4, 5, 42, 4, 5, 4, 5, 5, 4, 42, 1, 3, 3, 5, 3, 5, 
66: 0, 1, 44, 0, 3, 0, 0, 1, 1, 0, 5, 0, 0, 0, 2, 1, 0, 0, 0, 0, 5, 2, 5, 0, 41, 1, 4, 5, 42, 0, 0, 3, 0, 2, 0, 2, 3, 0, 0, 2, 0, 4, 0, 43, 0, 0, 0, 3, 4, 41, 1, 3, 44, 2, 4, 0, 4, 4, 4, 0, 0, 3, 0, 0, 2, 0, 0, 0, 44, 0, 1, 0, 2, 44, 0, 5, 0, 5, 0, 2, 0, 41, 0, 1, 0, 40, 42, 0, 0, 5, 0, 0, 2, 0, 0, 2, 5, 4, 4, 0, 3, 5, 0, 5, 4, 0, 0, 0, 0, 2, 41, 41, 0, 2, 0, 0, 1, 4, 1, 0, : 1, 44, 3, 1, 1, 5, 2, 1, 5, 2, 5, 41, 1, 4, 5, 42, 3, 2, 2, 3, 2, 4, 43, 3, 4, 41, 1, 3, 44, 2, 4, 4, 4, 4, 3, 2, 44, 1, 2, 44, 5, 5, 2, 41, 1, 40, 42, 5, 2, 2, 5, 4, 4, 3, 5, 5, 4, 2, 41, 41, 2, 1, 4, 1, 
129: 0, 43, 0, 2, 3, 3, 0, 0, 0, 0, 0, 0, 0, 0, 40, 3, 0, 0, 0, 4, 3, 3, 4, 0, 0, 0, 0, 2, 0, 3, 0, 2, 0, 0, 44, 3, 4, 0, 0, 2, 5, 4, 0, 0, 0, 5, 41, 0, 0, 1, 0, 3, 0, 0, 0, 0, 40, 2, 0, 0, 0, 0, 40, 0, 0, 0, 0, 0, 0, 0, 5, 0, 2, 0, 1, 5, 0, 0, 5, 0, 0, 0, 0, 5, 0, 5, 0, 44, 4, 3, 3, 5, 4, 0, 5, 5, 0, 4, 2, 5, 1, 0, 1, 2, 3, 44, 0, 1, 4, 4, 1, 0, 0, 4, 0, 0, 0, 0, 0, 0, : 43, 2, 3, 3, 40, 3, 4, 3, 3, 4, 2, 3, 2, 44, 3, 4, 2, 5, 4, 5, 41, 1, 3, 40, 2, 40, 5, 2, 1, 5, 5, 5, 5, 44, 4, 3, 3, 5, 4, 5, 5, 4, 2, 5, 1, 1, 2, 3, 44, 1, 4, 4, 1, 4, 
180: 1, 0, 0, 0, 0, 5, 4, 2, 44, 1, 5, 0, 1, 40, 3, 3, 0, 0, 0, 5, 1, 0, 0, 0, 0, 5, 2, 0, 5, 0, 5, 0, 3, 0, 5, 0, 0, 0, 4, 0, 0, 1, 5, 0, 0, 0, 0, 5, 5, 4, 1, 3, 5, 0, 1, 0, 2, 2, 0, 5, 0, 3, 0, 43, 0, 0, 1, 4, 3, 0, 4, 3, 2, 0, 0, 0, 0, 2, 0, 0, 0, 0, 0, 3, 0, 43, 3, 1, 0, 0, 4, 0, 1, 0, 0, 5, 0, 0, 40, 0, 0, 1, 0, 0, 3, 2, 0, 0, 0, 0, 0, 1, 2, 0, 5, 5, 0, 5, 2, 0, : 1, 5, 4, 2, 44, 1, 5, 1, 40, 3, 3, 5, 1, 5, 2, 5, 5, 3, 5, 4, 1, 5, 5, 5, 4, 1, 3, 5, 1, 2, 2, 5, 3, 43, 1, 4, 3, 4, 3, 2, 2, 3, 43, 3, 1, 4, 1, 5, 40, 1, 3, 2, 1, 2, 5, 5, 5, 2, 
211: 0, 0, 0, 3, 0, 0, 0, 2, 1, 0, 1, 0, 4, 0, 1, 0, 5, 1, 0, 0, 0, 3, 0, 0, 1, 3, 5, 0, 0, 1, 2, 0, 0, 0, 0, 0, 0, 3, 4, 0, 3, 0, 1, 0, 3, 0, 1, 2, 2, 0, 0, 1, 0, 0, 5, 0, 4, 1, 0, 1, 1, 5, 0, 0, 0, 0, 1, 2, 3, 0, 0, 4, 0, 0, 0, 3, 0, 2, 3, 1, 3, 4, 5, 5, 5, 4, 0, 44, 3, 0, 5, 1, 1, 0, 0, 0, 1, 0, 0, 0, 2, 0, 0, 3, 5, 0, 2, 0, 0, 4, 0, 0, 0, 4, 1, 0, 0, 43, 43, 5, : 3, 2, 1, 1, 4, 1, 5, 1, 3, 1, 3, 5, 1, 2, 3, 4, 3, 1, 3, 1, 2, 2, 1, 5, 4, 1, 1, 1, 5, 1, 2, 3, 4, 3, 2, 3, 1, 3, 4, 5, 5, 5, 4, 44, 3, 5, 1, 1, 1, 2, 3, 5, 2, 4, 4, 1, 43, 43, 5, 
31: 0, 0, 0, 5, 2, 3, 44, 5, 4, 3, 40, 0, 3, 5, 0, 3, 0, 3, 0, 0, 3, 3, 4, 0, 3, 0, 5, 3, 42, 0, 5, 0, 0, 0, 0, 5, 5, 0, 5, 1, 0, 0, 0, 3, 0, 0, 1, 5, 0, 4, 0, 1, 4, 5, 5, 3, 0, 1, 0, 0, 0, 1, 0, 0, 3, 0, 1, 0, 0, 42, 3, 1, 43, 0, 0, 2, 5, 0, 0, 0, 3, 0, 0, 0, 0, 2, 1, 3, 0, 0, 0, 0, 0, 0, 3, 3, 0, 0, 0, 5, 5, 3, 1, 0, 4, 0, 0, 0, 1, 4, 5, 0, 4, 3, 0, 2, 0, 5, 3, 4, : 5, 2, 3, 44, 5, 4, 3, 40, 3, 5, 3, 3, 3, 3, 4, 3, 5, 3, 42, 5, 5, 5, 5, 1, 3, 1, 5, 4, 1, 4, 5, 5, 3, 1, 1, 3, 1, 42, 3, 1, 43, 2, 5, 3, 2, 1, 3, 3, 3, 5, 5, 3, 1, 4, 1, 4, 5, 4, 3, 2, 5, 3, 4, 
16: 0, 0, 3, 0, 0, 2, 0, 3, 0, 0, 0, 0, 0, 2, 0, 0, 4, 0, 0, 4, 0, 1, 3, 4, 1, 0, 2, 0, 0, 1, 1, 0, 1, 40, 0, 4, 0, 3, 44, 5, 0, 0, 3, 0, 4, 0, 3, 2, 5, 3, 4, 40, 4, 0, 1, 0, 0, 41, 2, 2, 0, 5, 5, 0, 42, 3, 0, 0, 0, 0, 0, 0, 0, 2, 4, 3, 0, 0, 0, 5, 0, 0, 3, 4, 5, 5, 0, 2, 0, 1, 5, 5, 2, 5, 1, 0, 44, 1, 0, 0, 0, 1, 4, 3, 0, 0, 41, 1, 2, 0, 0, 0, 4, 1, 0, 0, 5, 4, 0, 0, : 3, 2, 3, 2, 4, 4, 1, 3, 4, 1, 2, 1, 1, 1, 40, 4, 3, 44, 5, 3, 4, 3, 2, 5, 3, 4, 40, 4, 1, 41, 2, 2, 5, 5, 42, 3, 2, 4, 3, 5, 3, 4, 5, 5, 2, 1, 5, 5, 2, 5, 1, 44, 1, 1, 4, 3, 41, 1, 2, 4, 1, 5, 4, 
160: 1, 2, 2, 3, 0, 0, 0, 1, 0, 0, 0, 0, 0, 0, 1, 0, 0, 1, 0, 0, 4, 44, 0, 43, 4, 0, 0, 3, 0, 2, 5, 4, 0, 5, 0, 0, 1, 2, 0, 0, 1, 4, 3, 1, 0, 5, 3, 3, 0, 0, 4, 0, 2, 1, 4, 0, 3, 5, 1, 41, 4, 40, 1, 0, 2, 2, 42, 4, 0, 1, 0, 0, 0, 0, 4, 3, 43, 1, 0, 3, 0, 0, 0, 2, 4, 4, 0, 4, 0, 2, 0, 0, 0, 5, 43, 5, 0, 1, 0, 2, 1, 3, 0, 0, 4, 0, 0, 3, 0, 5, 3, 2, 5, 1, 0, 0, 1, 4, 3, 0, : 1, 2, 2, 3, 1, 1, 1, 4, 44, 43, 4, 3, 2, 5, 4, 5, 1, 2, 1, 4, 3, 1, 5, 3, 3, 4, 2, 1, 4, 3, 5, 1, 41, 4, 40, 1, 2, 2, 42, 4, 1, 4, 3, 43, 1, 3, 2, 4, 4, 4, 2, 5, 43, 5, 1, 2, 1, 3, 4, 3, 5, 3, 2, 5, 1, 1, 4, 3, 
144: 2, 0, 0, 0, 0, 0, 0, 44, 0, 42, 41, 0, 1, 2, 2, 5, 0, 0, 4, 0, 1, 0, 0, 4, 3, 4, 0, 0, 0, 3, 0, 3, 4, 2, 0, 1, 0, 0, 0, 3, 0, 0, 0, 0, 0, 0, 4, 0, 3, 0, 0, 3, 0, 1, 3, 1, 0, 1, 0, 0, 0, 0, 42, 0, 1, 4, 0, 0, 4, 0, 3, 4, 5, 0, 0, 2, 0, 1, 0, 0, 4, 3, 0, 5, 3, 1, 0, 2, 5, 4, 2, 0, 0, 0, 1, 3, 40, 5, 0, 0, 0, 0, 2, 1, 1, 0, 0, 0, 0, 5, 0, 0, 3, 0, 0, 0, 0, 0, 1, 1, : 2, 44, 42, 41, 1, 2, 2, 5, 4, 1, 4, 3, 4, 3, 3, 4, 2, 1, 3, 4, 3, 3, 1, 3, 1, 1, 42, 1, 4, 4, 3, 4, 5, 2, 1, 4, 3, 5, 3, 1, 2, 5, 4, 2, 1, 3, 40, 5, 2, 1, 1, 5, 3, 1, 1, 
107: 0, 0, 0, 1, 0, 44, 0, 2, 1, 0, 0, 0, 5, 0, 0, 0, 41, 0, 0, 0, 0, 0, 4, 3, 0, 0, 2, 2, 0, 3, 0, 1, 0, 5, 0, 1, 43, 0, 3, 0, 0, 5, 1, 4, 0, 1, 1, 4, 3, 4, 0, 5, 0, 0, 0, 41, 0, 0, 43, 0, 5, 0, 4, 0, 1, 0, 0, 5, 0, 0, 41, 0, 0, 5, 2, 0, 4, 1, 0, 42, 0, 5, 4, 0, 5, 0, 1, 4, 43, 0, 0, 2, 0, 0, 0, 5, 4, 4, 5, 5, 4, 3, 4, 0, 2, 0, 4, 0, 0, 1, 0, 0, 1, 0, 0, 1, 2, 2, 0, 0, : 1, 44, 2, 1, 5, 41, 4, 3, 2, 2, 3, 1, 5, 1, 43, 3, 5, 1, 4, 1, 1, 4, 3, 4, 5, 41, 43, 5, 4, 1, 5, 41, 5, 2, 4, 1, 42, 5, 4, 5, 1, 4, 43, 2, 5, 4, 4, 5, 5, 4, 3, 4, 2, 4, 1, 1, 1, 2, 2, 
103: 0, 0, 43, 0, 0, 0, 0, 0, 0, 41, 0, 4, 4, 1, 2, 0, 0, 0, 0, 0, 2, 3, 1, 0, 3, 0, 3, 3, 0, 1, 0, 2, 0, 0, 0, 0, 0, 0, 0, 0, 0, 2, 2, 41, 3, 4, 4, 0, 2, 0, 2, 2, 0, 5, 5, 0, 0, 0, 0, 0, 0, 0, 5, 0, 44, 0, 2, 0, 2, 0, 0, 2, 0, 3, 0, 0, 0, 0, 0, 0, 0, 2, 0, 0, 0, 1, 0, 4, 1, 0, 5, 3, 0, 0, 2, 0, 44, 4, 0, 3, 4, 0, 1, 40, 3, 0, 5, 3, 0, 0, 2, 0, 0, 0, 0, 1, 0, 0, 0, 2, : 43, 41, 4, 4, 1, 2, 2, 3, 1, 3, 3, 3, 1, 2, 2, 2, 41, 3, 4, 4, 2, 2, 2, 5, 5, 5, 44, 2, 2, 2, 3, 2, 1, 4, 1, 5, 3, 2, 44, 4, 3, 4, 1, 40, 3, 5, 3, 2, 1, 2, 
58: 3, 0, 0, 1, 5, 5, 0, 0, 0, 0, 0, 0, 1, 0, 3, 0, 2, 3, 0, 0, 0, 0, 5, 2, 44, 0, 5, 4, 0, 1, 0, 0, 3, 1, 0, 1, 43, 5, 5, 0, 4, 0, 41, 4, 0, 1, 0, 3, 1, 0, 0, 5, 0, 1, 0, 1, 3, 0, 0, 3, 1, 42, 0, 0, 0, 5, 1, 1, 0, 0, 2, 42, 5, 0, 4, 2, 0, 0, 0, 44, 0, 4, 1, 3, 0, 4, 0, 5, 0, 0, 1, 0, 0, 1, 0, 2, 0, 0, 0, 5, 5, 3, 0, 2, 2, 0, 4, 0, 4, 0, 5, 0, 2, 44, 43, 5, 0, 1, 0, 0, : 3, 1, 5, 5, 1, 3, 2, 3, 5, 2, 44, 5, 4, 1, 3, 1, 1, 43, 5, 5, 4, 41, 4, 1, 3, 1, 5, 1, 1, 3, 3, 1, 42, 5, 1, 1, 2, 42, 5, 4, 2, 44, 4, 1, 3, 4, 5, 1, 1, 2, 5, 5, 3, 2, 2, 4, 4, 5, 2, 44, 43, 5, 1, 
74: 4, 5, 0, 0, 0, 0, 0, 3, 0, 0, 3, 1, 4, 3, 0, 3, 0, 44, 0, 5, 2, 4, 1, 0, 0, 0, 0, 0, 5, 0, 0, 2, 1, 0, 0, 0, 5, 0, 4, 0, 0, 2, 43, 0, 0, 0, 4, 0, 0, 0, 0, 2, 0, 3, 3, 3, 2, 4, 0, 5, 1, 1, 0, 0, 0, 4, 0, 0, 0, 41, 0, 1, 0, 0, 5, 0, 2, 5, 0, 4, 42, 2, 0, 3, 5, 5, 0, 2, 0, 5, 0, 5, 0, 5, 0, 0, 2, 0, 4, 0, 0, 2, 0, 0, 5, 0, 0, 1, 2, 0, 0, 0, 0, 3, 0, 0, 0, 0, 3, 0, : 4, 5, 3, 3, 1, 4, 3, 3, 44, 5, 2, 4, 1, 5, 2, 1, 5, 4, 2, 43, 4, 2, 3, 3, 3, 2, 4, 5, 1, 1, 4, 41, 1, 5, 2, 5, 4, 42, 2, 3, 5, 5, 2, 5, 5, 5, 2, 4, 2, 5, 1, 2, 3, 3, 
70: 3, 0, 0, 0, 3, 4, 2, 1, 0, 0, 0, 0, 0, 0, 2, 2, 0, 0, 0, 0, 0, 0, 0, 0, 0, 0, 0, 2, 4, 0, 0, 0, 0, 0, 5, 4, 2, 0, 0, 0, 3, 4, 0, 4, 0, 0, 3, 2, 5, 0, 4, 4, 0, 0, 5, 5, 0, 0, 2, 0, 5, 3, 0, 0, 2, 5, 0, 1, 1, 4, 2, 1, 0, 0, 0, 2, 5, 5, 2, 0, 1, 0, 0, 0, 1, 5, 5, 2, 0, 2, 2, 2, 1, 0, 5, 5, 0, 4, 5, 0, 0, 0, 4, 3, 0, 0, 0, 4, 0, 0, 0, 4, 0, 0, 0, 0, 3, 0, 0, 3, : 3, 3, 4, 2, 1, 2, 2, 2, 4, 5, 4, 2, 3, 4, 4, 3, 2, 5, 4, 4, 5, 5, 2, 5, 3, 2, 5, 1, 1, 4, 2, 1, 2, 5, 5, 2, 1, 1, 5, 5, 2, 2, 2, 2, 1, 5, 5, 4, 5, 4, 3, 4, 4, 3, 3, 
216: 42, 5, 0, 3, 4, 1, 0, 5, 43, 0, 3, 0, 2, 0, 0, 5, 0, 0, 0, 0, 44, 0, 44, 0, 3, 4, 0, 0, 0, 0, 2, 4, 3, 3, 42, 4, 3, 3, 0, 0, 0, 0, 0, 5, 0, 4, 0, 0, 0, 0, 3, 1, 4, 2, 4, 4, 0, 3, 1, 43, 0, 0, 0, 0, 0, 0, 0, 2, 1, 5, 3, 0, 3, 0, 0, 0, 3, 0, 5, 0, 0, 0, 0, 1, 0, 0, 3, 0, 0, 3, 5, 3, 0, 0, 2, 4, 0, 0, 0, 0, 4, 4, 0, 5, 1, 0, 0, 0, 4, 0, 5, 4, 1, 5, 0, 42, 0, 0, 3, 0, : 42, 5, 3, 4, 1, 5, 43, 3, 2, 5, 44, 44, 3, 4, 2, 4, 3, 3, 42, 4, 3, 3, 5, 4, 3, 1, 4, 2, 4, 4, 3, 1, 43, 2, 1, 5, 3, 3, 3, 5, 1, 3, 3, 5, 3, 2, 4, 4, 4, 5, 1, 4, 5, 4, 1, 5, 42, 3, 
83: 1, 0, 0, 1, 5, 2, 4, 0, 4, 4, 2, 0, 5, 0, 0, 0, 0, 0, 41, 3, 0, 3, 4, 0, 0, 1, 0, 1, 0, 2, 4, 0, 1, 5, 0, 2, 0, 41, 44, 1, 0, 0, 0, 0, 5, 42, 4, 44, 4, 0, 0, 0, 0, 43, 0, 0, 1, 3, 0, 0, 0, 0, 0, 44, 3, 2, 4, 1, 0, 0, 3, 0, 0, 0, 0, 0, 2, 3, 0, 4, 4, 0, 0, 40, 0, 3, 5, 3, 0, 0, 3, 0, 4, 0, 4, 4, 4, 0, 0, 5, 4, 0, 2, 4, 1, 0, 0, 5, 0, 4, 2, 0, 4, 0, 2, 0, 5, 1, 42, 0, : 1, 1, 5, 2, 4, 4, 4, 2, 5, 41, 3, 3, 4, 1, 1, 2, 4, 1, 5, 2, 41, 44, 1, 5, 42, 4, 44, 4, 43, 1, 3, 44, 3, 2, 4, 1, 3, 2, 3, 4, 4, 40, 3, 5, 3, 3, 4, 4, 4, 4, 5, 4, 2, 4, 1, 5, 4, 2, 4, 2, 5, 1, 42, 
213: 4, 4, 4, 0, 0, 0, 0, 0, 0, 2, 0, 2, 0, 40, 0, 2, 42, 0, 0, 0, 3, 0, 1, 3, 4, 0, 0, 5, 0, 0, 2, 3, 3, 0, 0, 0, 0, 44, 3, 4, 3, 0, 0, 1, 0, 3, 2, 40, 0, 0, 43, 0, 0, 3, 4, 0, 0, 1, 5, 0, 3, 0, 0, 0, 5, 0, 2, 1, 0, 43, 5, 0, 5, 0, 2, 2, 0, 2, 0, 2, 0, 0, 0, 0, 2, 0, 1, 43, 0, 0, 5, 3, 0, 1, 0, 5, 4, 3, 0, 0, 0, 41, 4, 0, 0, 41, 4, 0, 0, 0, 0, 1, 2, 4, 3, 0, 0, 0, 0, 5, : 4, 4, 4, 2, 2, 40, 2, 42, 3, 1, 3, 4, 5, 2, 3, 3, 44, 3, 4, 3, 1, 3, 2, 40, 43, 3, 4, 1, 5, 3, 5, 2, 1, 43, 5, 5, 2, 2, 2, 2, 2, 1, 43, 5, 3, 1, 5, 4, 3, 41, 4, 41, 4, 1, 2, 4, 3, 5, 
143: 0, 4, 2, 4, 2, 0, 0, 4, 5, 0, 0, 0, 40, 5, 4, 0, 0, 0, 0, 0, 0, 0, 4, 0, 0, 0, 4, 2, 0, 2, 3, 3, 0, 4, 0, 0, 4, 2, 5, 1, 5, 1, 0, 5, 0, 1, 3, 0, 5, 3, 0, 0, 5, 0, 0, 0, 3, 0, 4, 5, 1, 4, 0, 44, 0, 0, 4, 2, 0, 0, 0, 4, 0, 0, 4, 0, 0, 4, 0, 0, 2, 0, 5, 0, 4, 3, 0, 0, 0, 0, 4, 0, 2, 0, 0, 0, 2, 0, 0, 5, 4, 0, 0, 42, 4, 5, 0, 0, 0, 0, 0, 0, 0, 0, 0, 0, 5, 1, 0, 0, : 4, 2, 4, 2, 4, 5, 40, 5, 4, 4, 4, 2, 2, 3, 3, 4, 4, 2, 5, 1, 5, 1, 5, 1, 3, 5, 3, 5, 3, 4, 5, 1, 4, 44, 4, 2, 4, 4, 4, 2, 5, 4, 3, 4, 2, 2, 5, 4, 42, 4, 5, 5, 1, 
142: 4, 0, 0, 0, 4, 0, 0, 0, 0, 0, 0, 0, 3, 0, 0, 4, 0, 1, 0, 0, 5, 1, 3, 3, 0, 0, 0, 42, 0, 0, 5, 4, 0, 42, 0, 1, 0, 0, 0, 5, 3, 0, 0, 42, 5, 1, 3, 0, 41, 0, 0, 0, 0, 2, 0, 41, 0, 3, 0, 4, 0, 44, 0, 0, 3, 1, 1, 3, 2, 1, 4, 0, 4, 0, 0, 5, 0, 0, 5, 0, 0, 2, 0, 2, 3, 0, 0, 0, 0, 3, 41, 2, 4, 40, 0, 5, 0, 2, 0, 0, 42, 1, 2, 3, 0, 0, 0, 0, 3, 2, 0, 3, 4, 43, 40, 0, 0, 0, 0, 1, : 4, 4, 3, 4, 1, 5, 1, 3, 3, 42, 5, 4, 42, 1, 5, 3, 42, 5, 1, 3, 41, 2, 41, 3, 4, 44, 3, 1, 1, 3, 2, 1, 4, 4, 5, 5, 2, 2, 3, 3, 41, 2, 4, 40, 5, 2, 42, 1, 2, 3, 3, 2, 3, 4, 43, 40, 1, 
206: 4, 2, 0, 4, 0, 2, 41, 0, 2, 2, 0, 0, 0, 4, 0, 0, 0, 0, 0, 0, 0, 3, 3, 0, 3, 43, 4, 0, 4, 40, 0, 1, 2, 0, 0, 4, 0, 0, 2, 5, 0, 0, 1, 5, 4, 0, 42, 5, 1, 0, 2, 5, 0, 43, 40, 2, 3, 2, 0, 2, 44, 0, 0, 0, 3, 0, 0, 0, 0, 0, 2, 0, 0, 0, 0, 0, 0, 41, 43, 0, 0, 0, 2, 2, 4, 1, 0, 5, 0, 2, 0, 3, 3, 1, 0, 3, 0, 1, 0, 1, 2, 3, 2, 0, 3, 1, 2, 2, 40, 3, 0, 0, 0, 1, 2, 0, 0, 1, 3, 1, : 4, 2, 4, 2, 41, 2, 2, 4, 3, 3, 3, 43, 4, 4, 40, 1, 2, 4, 2, 5, 1, 5, 4, 42, 5, 1, 2, 5, 43, 40, 2, 3, 2, 2, 44, 3, 2, 41, 43, 2, 2, 4, 1, 5, 2, 3, 3, 1, 3, 1, 1, 2, 3, 2, 3, 1, 2, 2, 40, 3, 1, 2, 1, 3, 1, 
15: 4, 0, 0, 0, 2, 5, 0, 3, 4, 5, 5, 0, 0, 5, 0, 3, 0, 0, 0, 2, 2, 0, 0, 0, 0, 0, 5, 0, 0, 0, 2, 1, 40, 0, 1, 1, 0, 44, 3, 0, 2, 3, 0, 4, 42, 4, 0, 2, 0, 0, 0, 2, 0, 0, 2, 3, 2, 0, 0, 0, 0, 4, 0, 0, 0, 2, 0, 0, 5, 0, 3, 42, 4, 3, 0, 0, 0, 3, 0, 0, 4, 4, 3, 0, 0, 3, 0, 0, 0, 1, 43, 1, 0, 0, 0, 5, 44, 0, 2, 4, 1, 0, 0, 2, 0, 3, 0, 0, 1, 0, 0, 0, 0, 0, 4, 4, 1, 4, 0, 0, : 4, 2, 5, 3, 4, 5, 5, 5, 3, 2, 2, 5, 2, 1, 40, 1, 1, 44, 3, 2, 3, 4, 42, 4, 2, 2, 2, 3, 2, 4, 2, 5, 3, 42, 4, 3, 3, 4, 4, 3, 3, 1, 43, 1, 5, 44, 2, 4, 1, 2, 3, 1, 4, 4, 1, 4, 
197: 5, 0, 0, 1, 42, 0, 2, 0, 0, 5, 0, 0, 42, 0, 5, 0, 2, 0, 0, 0, 2, 0, 5, 3, 0, 0, 0, 0, 0, 0, 42, 2, 0, 0, 0, 0, 1, 4, 0, 0, 0, 1, 0, 0, 0, 0, 1, 0, 0, 4, 1, 2, 1, 2, 0, 2, 0, 4, 3, 2, 0, 0, 3, 0, 0, 0, 0, 3, 0, 0, 0, 0, 2, 1, 0, 1, 3, 0, 0, 0, 5, 3, 1, 0, 40, 3, 0, 3, 0, 0, 42, 5, 1, 0, 1, 3, 0, 1, 3, 0, 0, 3, 3, 0, 2, 0, 2, 0, 0, 42, 0, 3, 4, 42, 3, 4, 0, 2, 3, 4, : 5, 1, 42, 2, 5, 42, 5, 2, 2, 5, 3, 42, 2, 1, 4, 1, 1, 4, 1, 2, 1, 2, 2, 4, 3, 2, 3, 3, 2, 1, 1, 3, 5, 3, 1, 40, 3, 3, 42, 5, 1, 1, 3, 1, 3, 3, 3, 2, 2, 42, 3, 4, 42, 3, 4, 2, 3, 4, 


152: 5, 4, 0, 0, 0, 43, 41, 0, 0, 1, 4, 0, 42, 0, 3, 0, 0, 0, 5, 0, 0, 0, 42, 0, 5, 0, 0, 44, 0, 1, 1, 3, 41, 0, 1, 0, 1, 4, 0, 2, 5, 1, 4, 1, 1, 0, 42, 4, 43, 0, 0, 4, 0, 0, 5, 2, 0, 0, 0, 1, 3, 4, 0, 0, 2, 0, 1, 3, 4, 0, 4, 0, 0, 44, 0, 4, 0, 0, 5, 3, 0, 1, 0, 0, 0, 0, 0, 0, 1, 0, 0, 1, 3, 3, 3, 2, 0, 0, 0, 43, 0, 0, 42, 0, 3, 0, 0, 3, 0, 1, 0, 5, 0, 3, 2, 0, 0, 0, 5, 0, : 5, 4, 43, 41, 1, 4, 42, 3, 5, 42, 5, 44, 1, 1, 3, 41, 1, 1, 4, 2, 5, 1, 4, 1, 1, 42, 4, 43, 4, 5, 2, 1, 3, 4, 2, 1, 3, 4, 4, 44, 4, 5, 3, 1, 1, 1, 3, 3, 3, 2, 43, 42, 3, 3, 1, 5, 3, 2, 5, 
29: 1, 0, 5, 0, 5, 5, 3, 1, 0, 5, 1, 0, 0, 1, 5, 1, 0, 40, 0, 4, 0, 0, 5, 1, 0, 0, 0, 0, 4, 1, 0, 1, 0, 0, 5, 2, 0, 3, 2, 4, 1, 0, 0, 0, 5, 4, 0, 0, 1, 0, 3, 0, 4, 0, 2, 0, 3, 1, 0, 40, 1, 1, 3, 0, 3, 41, 0, 4, 0, 0, 1, 0, 0, 0, 2, 3, 0, 0, 2, 0, 0, 0, 3, 0, 0, 0, 0, 0, 0, 40, 0, 1, 0, 3, 0, 0, 1, 1, 0, 1, 44, 0, 1, 0, 42, 0, 0, 0, 0, 0, 5, 1, 0, 0, 2, 44, 3, 0, 0, 0, : 1, 5, 5, 5, 3, 1, 5, 1, 1, 5, 1, 40, 4, 5, 1, 4, 1, 1, 5, 2, 3, 2, 4, 1, 5, 4, 1, 3, 4, 2, 3, 1, 40, 1, 1, 3, 3, 41, 4, 1, 2, 3, 2, 3, 40, 1, 3, 1, 1, 1, 44, 1, 42, 5, 1, 2, 44, 3, 
149: 2, 0, 2, 4, 0, 0, 2, 2, 0, 4, 3, 2, 0, 3, 0, 3, 3, 3, 0, 1, 2, 1, 4, 2, 0, 4, 0, 0, 5, 2, 2, 5, 0, 43, 1, 0, 44, 0, 3, 3, 1, 0, 5, 0, 0, 2, 5, 0, 0, 0, 41, 4, 2, 44, 0, 42, 0, 0, 0, 1, 2, 0, 42, 1, 1, 0, 0, 0, 0, 0, 3, 0, 5, 0, 4, 4, 0, 0, 42, 0, 0, 0, 0, 0, 40, 5, 0, 3, 43, 0, 2, 2, 2, 0, 0, 2, 0, 4, 2, 0, 5, 2, 0, 0, 0, 0, 0, 0, 0, 0, 2, 0, 0, 0, 0, 3, 41, 0, 1, 2, : 2, 2, 4, 2, 2, 4, 3, 2, 3, 3, 3, 3, 1, 2, 1, 4, 2, 4, 5, 2, 2, 5, 43, 1, 44, 3, 3, 1, 5, 2, 5, 41, 4, 2, 44, 42, 1, 2, 42, 1, 1, 3, 5, 4, 4, 42, 40, 5, 3, 43, 2, 2, 2, 2, 4, 2, 5, 2, 2, 3, 41, 1, 2, 
235: 0, 43, 0, 2, 5, 0, 41, 1, 42, 4, 0, 0, 0, 0, 0, 0, 0, 5, 41, 2, 2, 1, 2, 2, 5, 0, 4, 0, 5, 3, 4, 0, 0, 0, 0, 4, 0, 2, 0, 0, 1, 0, 3, 0, 1, 5, 2, 0, 3, 0, 1, 4, 1, 0, 3, 4, 0, 0, 0, 2, 1, 0, 2, 0, 5, 0, 0, 1, 0, 0, 0, 0, 5, 3, 2, 0, 40, 0, 2, 0, 0, 4, 0, 0, 44, 0, 0, 0, 2, 5, 5, 1, 0, 0, 0, 0, 0, 1, 0, 0, 0, 0, 4, 0, 0, 4, 0, 0, 0, 0, 4, 0, 0, 0, 0, 1, 1, 4, 0, 2, : 43, 2, 5, 41, 1, 42, 4, 5, 41, 2, 2, 1, 2, 2, 5, 4, 5, 3, 4, 4, 2, 1, 3, 1, 5, 2, 3, 1, 4, 1, 3, 4, 2, 1, 2, 5, 1, 5, 3, 2, 40, 2, 4, 44, 2, 5, 5, 1, 1, 4, 4, 4, 1, 1, 4, 2, 
153: 1, 0, 0, 1, 0, 0, 1, 3, 0, 5, 2, 0, 2, 5, 0, 3, 0, 0, 0, 0, 4, 0, 3, 42, 0, 1, 1, 0, 4, 1, 5, 0, 3, 0, 0, 0, 0, 2, 0, 5, 3, 0, 0, 0, 3, 41, 0, 0, 5, 2, 5, 1, 4, 2, 1, 0, 0, 2, 40, 0, 4, 0, 0, 0, 4, 0, 0, 1, 0, 4, 2, 0, 5, 0, 2, 42, 0, 2, 42, 1, 0, 5, 0, 3, 0, 5, 0, 2, 1, 0, 43, 3, 0, 1, 0, 0, 0, 0, 0, 0, 0, 43, 1, 0, 3, 5, 0, 0, 0, 4, 0, 5, 0, 0, 40, 4, 2, 2, 5, 5, : 1, 1, 1, 3, 5, 2, 2, 5, 3, 4, 3, 42, 1, 1, 4, 1, 5, 3, 2, 5, 3, 3, 41, 5, 2, 5, 1, 4, 2, 1, 2, 40, 4, 4, 1, 4, 2, 5, 2, 42, 2, 42, 1, 5, 3, 5, 2, 1, 43, 3, 1, 43, 1, 3, 5, 4, 5, 40, 4, 2, 2, 5, 5, 
176: 2, 0, 1, 43, 0, 3, 1, 3, 0, 0, 40, 0, 3, 3, 0, 3, 1, 0, 0, 2, 4, 0, 0, 0, 2, 3, 0, 0, 0, 0, 4, 5, 0, 3, 0, 0, 3, 2, 0, 5, 42, 0, 1, 44, 0, 1, 0, 4, 0, 1, 0, 4, 5, 0, 42, 1, 0, 0, 0, 0, 0, 5, 0, 2, 0, 0, 0, 0, 0, 5, 0, 0, 4, 0, 4, 0, 44, 0, 0, 40, 0, 0, 4, 0, 0, 0, 0, 0, 0, 1, 5, 0, 1, 3, 0, 1, 0, 4, 2, 2, 1, 4, 4, 0, 3, 0, 1, 0, 0, 0, 1, 0, 0, 0, 3, 3, 0, 0, 2, 41, : 2, 1, 43, 3, 1, 3, 40, 3, 3, 3, 1, 2, 4, 2, 3, 4, 5, 3, 3, 2, 5, 42, 1, 44, 1, 4, 1, 4, 5, 42, 1, 5, 2, 5, 4, 4, 44, 40, 4, 1, 5, 1, 3, 1, 4, 2, 2, 1, 4, 4, 3, 1, 1, 3, 3, 2, 41, 
77: 0, 0, 2, 2, 4, 0, 4, 0, 0, 0, 5, 4, 43, 4, 2, 0, 40, 0, 2, 0, 0, 0, 0, 0, 5, 0, 5, 0, 0, 5, 0, 0, 0, 0, 1, 1, 0, 3, 0, 5, 0, 0, 0, 0, 3, 0, 1, 1, 0, 0, 40, 4, 0, 3, 3, 2, 0, 2, 5, 0, 0, 4, 0, 0, 0, 42, 0, 5, 5, 5, 0, 0, 0, 4, 0, 0, 44, 0, 0, 2, 4, 0, 0, 0, 0, 3, 0, 0, 1, 2, 0, 0, 0, 5, 4, 5, 0, 2, 5, 0, 0, 5, 0, 4, 0, 0, 0, 0, 3, 0, 0, 3, 0, 4, 3, 5, 0, 2, 41, 0, : 2, 2, 4, 4, 5, 4, 43, 4, 2, 40, 2, 5, 5, 5, 1, 1, 3, 5, 3, 1, 1, 40, 4, 3, 3, 2, 2, 5, 4, 42, 5, 5, 5, 4, 44, 2, 4, 3, 1, 2, 5, 4, 5, 2, 5, 5, 4, 3, 3, 4, 3, 5, 2, 41, 
60: 4, 0, 5, 0, 1, 0, 3, 0, 41, 2, 0, 3, 0, 5, 0, 0, 0, 0, 5, 2, 4, 1, 0, 5, 3, 43, 41, 0, 4, 0, 4, 0, 0, 0, 4, 2, 42, 4, 42, 0, 3, 0, 0, 5, 1, 3, 0, 0, 0, 0, 0, 0, 41, 5, 4, 0, 0, 5, 5, 0, 5, 0, 0, 4, 3, 3, 4, 1, 5, 41, 0, 0, 0, 1, 0, 0, 0, 0, 0, 0, 5, 0, 1, 1, 0, 0, 0, 40, 3, 5, 5, 0, 2, 2, 4, 1, 0, 0, 0, 0, 0, 0, 0, 5, 1, 5, 1, 44, 3, 0, 5, 0, 0, 4, 0, 0, 0, 0, 1, 4, : 4, 5, 1, 3, 41, 2, 3, 5, 5, 2, 4, 1, 5, 3, 43, 41, 4, 4, 4, 2, 42, 4, 42, 3, 5, 1, 3, 41, 5, 4, 5, 5, 5, 4, 3, 3, 4, 1, 5, 41, 1, 5, 1, 1, 40, 3, 5, 5, 2, 2, 4, 1, 5, 1, 5, 1, 44, 3, 5, 4, 1, 4, 
165: 1, 0, 0, 1, 4, 5, 5, 5, 5, 1, 4, 3, 1, 0, 0, 41, 40, 0, 4, 1, 5, 44, 0, 5, 4, 0, 0, 0, 3, 4, 5, 43, 4, 1, 41, 3, 0, 4, 0, 0, 4, 0, 0, 0, 2, 4, 4, 0, 5, 0, 0, 1, 2, 4, 0, 0, 0, 43, 41, 2, 2, 0, 0, 5, 3, 3, 4, 5, 0, 0, 4, 0, 0, 0, 5, 4, 0, 0, 0, 0, 5, 4, 2, 0, 0, 5, 5, 3, 0, 1, 0, 0, 0, 1, 0, 0, 5, 2, 2, 5, 0, 4, 0, 0, 3, 0, 0, 0, 0, 4, 1, 43, 0, 4, 0, 0, 0, 0, 0, 0, : 1, 1, 4, 5, 5, 5, 5, 1, 4, 3, 1, 41, 40, 4, 1, 5, 44, 5, 4, 3, 4, 5, 43, 4, 1, 41, 3, 4, 4, 2, 4, 4, 5, 1, 2, 4, 43, 41, 2, 2, 5, 3, 3, 4, 5, 4, 5, 4, 5, 4, 2, 5, 5, 3, 1, 1, 5, 2, 2, 5, 4, 3, 4, 1, 43, 4, 
79: 0, 0, 4, 0, 2, 5, 0, 0, 0, 0, 3, 0, 0, 0, 2, 0, 0, 3, 0, 0, 0, 2, 0, 0, 0, 0, 0, 1, 0, 3, 0, 1, 0, 43, 1, 0, 0, 2, 0, 0, 1, 0, 4, 0, 0, 0, 2, 0, 0, 0, 0, 1, 0, 0, 0, 0, 0, 3, 0, 0, 42, 0, 0, 0, 3, 0, 40, 0, 5, 1, 5, 0, 0, 0, 0, 0, 3, 0, 0, 0, 1, 5, 41, 0, 0, 0, 0, 1, 2, 44, 5, 2, 0, 0, 0, 43, 0, 5, 1, 1, 2, 4, 0, 4, 5, 0, 0, 0, 4, 0, 0, 2, 0, 0, 4, 0, 2, 5, 5, 4, : 4, 2, 5, 3, 2, 3, 2, 1, 3, 1, 43, 1, 2, 1, 4, 2, 1, 3, 42, 3, 40, 5, 1, 5, 3, 1, 5, 41, 1, 2, 44, 5, 2, 43, 5, 1, 1, 2, 4, 4, 5, 4, 2, 4, 2, 5, 5, 4, 
140: 5, 4, 0, 0, 0, 1, 0, 2, 0, 0, 0, 0, 0, 44, 2, 0, 0, 0, 0, 0, 0, 0, 0, 4, 5, 0, 2, 0, 4, 3, 2, 3, 0, 0, 40, 2, 0, 5, 0, 3, 3, 1, 2, 2, 2, 3, 0, 0, 0, 3, 0, 0, 3, 5, 1, 5, 0, 0, 0, 2, 2, 1, 5, 2, 0, 5, 0, 2, 44, 0, 0, 0, 3, 0, 4, 2, 2, 3, 0, 1, 0, 0, 5, 5, 0, 40, 0, 0, 0, 3, 0, 0, 2, 0, 0, 5, 0, 5, 0, 2, 0, 0, 0, 2, 0, 0, 42, 1, 0, 2, 0, 1, 1, 0, 2, 0, 0, 5, 0, 0, : 5, 4, 1, 2, 44, 2, 4, 5, 2, 4, 3, 2, 3, 40, 2, 5, 3, 3, 1, 2, 2, 2, 3, 3, 3, 5, 1, 5, 2, 2, 1, 5, 2, 5, 2, 44, 3, 4, 2, 2, 3, 1, 5, 5, 40, 3, 2, 5, 5, 2, 2, 42, 1, 2, 1, 1, 2, 5, 
100: 41, 1, 3, 2, 0, 0, 4, 4, 43, 0, 1, 0, 0, 0, 0, 0, 0, 1, 41, 0, 0, 0, 0, 1, 1, 42, 0, 2, 4, 2, 41, 5, 3, 0, 0, 4, 3, 5, 0, 1, 0, 0, 0, 0, 41, 4, 3, 0, 3, 5, 0, 3, 0, 0, 0, 5, 0, 0, 40, 0, 41, 0, 0, 2, 0, 0, 1, 1, 0, 0, 0, 0, 0, 0, 3, 5, 0, 0, 0, 3, 0, 0, 0, 0, 0, 0, 0, 40, 0, 0, 4, 2, 5, 0, 0, 0, 0, 1, 4, 3, 0, 1, 4, 2, 3, 0, 5, 2, 0, 0, 2, 3, 5, 2, 0, 0, 2, 2, 1, 0, : 41, 1, 3, 2, 4, 4, 43, 1, 1, 41, 1, 1, 42, 2, 4, 2, 41, 5, 3, 4, 3, 5, 1, 41, 4, 3, 3, 5, 3, 5, 40, 41, 2, 1, 1, 3, 5, 3, 40, 4, 2, 5, 1, 4, 3, 1, 4, 2, 3, 5, 2, 2, 3, 5, 2, 2, 2, 1, 
36: 0, 0, 0, 0, 1, 42, 0, 2, 0, 4, 0, 3, 3, 2, 0, 0, 5, 0, 0, 4, 0, 5, 0, 0, 0, 0, 0, 2, 1, 0, 0, 0, 0, 0, 3, 2, 41, 0, 0, 3, 1, 0, 0, 5, 2, 0, 0, 42, 0, 3, 5, 1, 2, 2, 44, 0, 0, 0, 0, 5, 2, 0, 0, 2, 0, 0, 0, 5, 5, 1, 44, 0, 5, 0, 0, 3, 5, 0, 0, 2, 1, 2, 0, 1, 3, 0, 0, 5, 3, 0, 40, 0, 3, 3, 0, 0, 3, 0, 0, 41, 0, 41, 4, 1, 1, 5, 0, 4, 40, 0, 0, 5, 2, 1, 42, 42, 0, 2, 0, 0, : 1, 42, 2, 4, 3, 3, 2, 5, 4, 5, 2, 1, 3, 2, 41, 3, 1, 5, 2, 42, 3, 5, 1, 2, 2, 44, 5, 2, 2, 5, 5, 1, 44, 5, 3, 5, 2, 1, 2, 1, 3, 5, 3, 40, 3, 3, 3, 41, 41, 4, 1, 1, 5, 4, 40, 5, 2, 1, 42, 42, 2, 
10: 3, 0, 5, 2, 0, 2, 44, 5, 0, 4, 0, 1, 0, 0, 5, 0, 0, 0, 40, 3, 3, 0, 0, 0, 1, 0, 1, 0, 5, 0, 5, 0, 44, 0, 1, 2, 0, 44, 0, 3, 2, 0, 5, 0, 2, 1, 0, 3, 42, 3, 43, 3, 0, 5, 2, 0, 0, 5, 43, 0, 0, 2, 0, 3, 3, 2, 2, 4, 0, 0, 1, 0, 0, 3, 42, 4, 0, 5, 0, 4, 0, 5, 0, 0, 0, 3, 5, 0, 0, 0, 0, 3, 0, 0, 4, 5, 2, 4, 2, 43, 44, 0, 0, 5, 3, 2, 0, 2, 0, 1, 0, 0, 0, 3, 4, 4, 3, 0, 0, 4, : 3, 5, 2, 2, 44, 5, 4, 1, 5, 40, 3, 3, 1, 1, 5, 5, 44, 1, 2, 44, 3, 2, 5, 2, 1, 3, 42, 3, 43, 3, 5, 2, 5, 43, 2, 3, 3, 2, 2, 4, 1, 3, 42, 4, 5, 4, 5, 3, 5, 3, 4, 5, 2, 4, 2, 43, 44, 5, 3, 2, 2, 1, 3, 4, 4, 3, 4, 
120: 5, 3, 0, 0, 0, 2, 1, 3, 2, 4, 0, 0, 0, 0, 4, 0, 0, 0, 0, 1, 3, 44, 0, 1, 0, 0, 4, 0, 2, 2, 0, 0, 43, 2, 1, 5, 0, 5, 0, 3, 5, 0, 0, 44, 0, 0, 4, 4, 0, 3, 0, 5, 0, 0, 0, 1, 4, 0, 0, 5, 0, 2, 0, 0, 2, 0, 41, 0, 0, 3, 42, 0, 0, 0, 0, 1, 0, 2, 0, 1, 0, 0, 0, 0, 3, 0, 0, 1, 2, 1, 42, 0, 0, 1, 0, 5, 0, 0, 1, 0, 0, 1, 0, 0, 0, 0, 0, 2, 0, 0, 0, 0, 0, 0, 0, 42, 3, 2, 0, 0, : 5, 3, 2, 1, 3, 2, 4, 4, 1, 3, 44, 1, 4, 2, 2, 43, 2, 1, 5, 5, 3, 5, 44, 4, 4, 3, 5, 1, 4, 5, 2, 2, 41, 3, 42, 1, 2, 1, 3, 1, 2, 1, 42, 1, 5, 1, 1, 2, 42, 3, 2, 
205: 5, 0, 3, 0, 1, 2, 0, 4, 0, 5, 2, 44, 5, 3, 0, 0, 0, 0, 4, 5, 0, 0, 0, 0, 3, 0, 0, 0, 0, 5, 2, 0, 0, 0, 3, 0, 42, 5, 0, 0, 0, 42, 1, 2, 0, 0, 2, 0, 2, 1, 1, 40, 44, 3, 1, 5, 0, 1, 3, 40, 0, 0, 0, 0, 0, 0, 0, 0, 40, 0, 0, 0, 0, 4, 0, 4, 0, 2, 4, 1, 4, 0, 0, 0, 5, 0, 44, 0, 2, 0, 1, 4, 0, 3, 1, 0, 0, 0, 2, 0, 3, 3, 3, 0, 1, 4, 2, 0, 0, 0, 0, 43, 0, 3, 0, 0, 44, 0, 0, 0, : 5, 3, 1, 2, 4, 5, 2, 44, 5, 3, 4, 5, 3, 5, 2, 3, 42, 5, 42, 1, 2, 2, 2, 1, 1, 40, 44, 3, 1, 5, 1, 3, 40, 40, 4, 4, 2, 4, 1, 4, 5, 44, 2, 1, 4, 3, 1, 2, 3, 3, 3, 1, 4, 2, 43, 3, 44, 
106: 4, 0, 2, 0, 1, 3, 4, 2, 0, 2, 0, 4, 0, 5, 0, 0, 0, 0, 0, 0, 43, 3, 4, 3, 1, 4, 5, 4, 41, 5, 3, 43, 0, 0, 3, 0, 0, 0, 0, 5, 1, 0, 5, 0, 0, 0, 5, 1, 0, 0, 0, 3, 0, 5, 3, 5, 0, 2, 0, 4, 3, 5, 2, 4, 2, 0, 0, 4, 5, 0, 0, 2, 0, 3, 2, 3, 0, 44, 0, 4, 0, 0, 5, 0, 0, 0, 1, 1, 43, 0, 1, 3, 0, 0, 0, 1, 41, 0, 0, 0, 0, 40, 5, 41, 3, 0, 0, 0, 0, 0, 5, 1, 0, 4, 1, 0, 4, 0, 0, 0, : 4, 2, 1, 3, 4, 2, 2, 4, 5, 43, 3, 4, 3, 1, 4, 5, 4, 41, 5, 3, 43, 3, 5, 1, 5, 5, 1, 3, 5, 3, 5, 2, 4, 3, 5, 2, 4, 2, 4, 5, 2, 3, 2, 3, 44, 4, 5, 1, 1, 43, 1, 3, 1, 41, 40, 5, 41, 3, 5, 1, 4, 1, 4, 
189: 1, 0, 4, 0, 0, 0, 0, 2, 0, 4, 43, 5, 2, 40, 40, 0, 42, 0, 0, 4, 0, 3, 0, 43, 3, 0, 5, 1, 1, 0, 5, 0, 0, 3, 0, 3, 3, 1, 0, 3, 3, 4, 0, 0, 4, 0, 1, 5, 5, 0, 4, 0, 1, 5, 1, 0, 0, 1, 0, 3, 0, 0, 2, 3, 0, 3, 0, 3, 1, 0, 5, 0, 0, 4, 3, 0, 0, 4, 5, 0, 0, 3, 1, 0, 0, 2, 0, 0, 0, 0, 1, 4, 0, 5, 1, 1, 0, 0, 0, 0, 0, 0, 0, 0, 4, 0, 0, 4, 4, 0, 2, 0, 0, 1, 4, 0, 0, 0, 4, 0, : 1, 4, 2, 4, 43, 5, 2, 40, 40, 42, 4, 3, 43, 3, 5, 1, 1, 5, 3, 3, 3, 1, 3, 3, 4, 4, 1, 5, 5, 4, 1, 5, 1, 1, 3, 2, 3, 3, 3, 1, 5, 4, 3, 4, 5, 3, 1, 2, 1, 4, 5, 1, 1, 4, 4, 4, 2, 1, 4, 4, 
151: 4, 43, 1, 0, 0, 0, 3, 0, 2, 5, 2, 2, 3, 0, 0, 0, 2, 2, 5, 3, 0, 0, 44, 0, 0, 0, 4, 0, 2, 0, 5, 4, 0, 3, 0, 5, 0, 5, 0, 0, 2, 0, 5, 0, 4, 5, 4, 0, 4, 0, 0, 0, 1, 0, 0, 1, 0, 0, 4, 0, 0, 2, 1, 0, 0, 0, 4, 0, 0, 0, 40, 0, 0, 5, 2, 2, 0, 0, 0, 0, 0, 5, 1, 4, 42, 0, 0, 0, 5, 0, 0, 4, 4, 1, 41, 0, 0, 0, 4, 0, 41, 5, 4, 0, 0, 0, 0, 1, 0, 0, 0, 0, 0, 0, 42, 0, 0, 2, 0, 1, : 4, 43, 1, 3, 2, 5, 2, 2, 3, 2, 2, 5, 3, 44, 4, 2, 5, 4, 3, 5, 5, 2, 5, 4, 5, 4, 4, 1, 1, 4, 2, 1, 4, 40, 5, 2, 2, 5, 1, 4, 42, 5, 4, 4, 1, 41, 4, 41, 5, 4, 1, 42, 2, 1, 
101: 5, 5, 2, 0, 2, 5, 0, 1, 0, 3, 0, 0, 0, 0, 0, 0, 0, 0, 3, 5, 0, 0, 0, 1, 5, 0, 5, 1, 1, 0, 0, 0, 0, 3, 0, 0, 0, 40, 0, 0, 0, 2, 0, 0, 1, 0, 4, 4, 1, 0, 1, 0, 0, 4, 0, 0, 41, 0, 0, 4, 4, 0, 0, 4, 42, 0, 0, 3, 4, 5, 2, 0, 44, 4, 2, 1, 40, 0, 1, 1, 0, 0, 0, 0, 1, 0, 0, 2, 0, 1, 0, 0, 4, 1, 5, 0, 4, 3, 2, 1, 41, 1, 0, 4, 0, 0, 0, 42, 0, 41, 0, 5, 0, 1, 5, 0, 41, 0, 0, 0, : 5, 5, 2, 2, 5, 1, 3, 3, 5, 1, 5, 5, 1, 1, 3, 40, 2, 1, 4, 4, 1, 1, 4, 41, 4, 4, 4, 42, 3, 4, 5, 2, 44, 4, 2, 1, 40, 1, 1, 1, 2, 1, 4, 1, 5, 4, 3, 2, 1, 41, 1, 4, 42, 41, 5, 1, 5, 41, 
128: 3, 0, 1, 5, 43, 0, 3, 4, 4, 4, 5, 0, 1, 0, 0, 4, 0, 4, 1, 1, 1, 1, 0, 5, 5, 0, 40, 42, 0, 0, 0, 0, 0, 0, 5, 0, 0, 4, 3, 4, 4, 0, 41, 3, 0, 0, 1, 0, 0, 5, 0, 4, 3, 0, 41, 4, 0, 0, 0, 4, 0, 0, 2, 3, 0, 4, 0, 0, 2, 0, 44, 44, 0, 4, 0, 3, 4, 1, 0, 0, 0, 0, 0, 44, 5, 0, 41, 0, 4, 0, 42, 0, 0, 0, 0, 0, 1, 0, 0, 0, 40, 0, 0, 5, 5, 0, 4, 4, 1, 2, 3, 0, 0, 2, 4, 0, 0, 0, 4, 3, : 3, 1, 5, 43, 3, 4, 4, 4, 5, 1, 4, 4, 1, 1, 1, 1, 5, 5, 40, 42, 5, 4, 3, 4, 4, 41, 3, 1, 5, 4, 3, 41, 4, 4, 2, 3, 4, 2, 44, 44, 4, 3, 4, 1, 44, 5, 41, 4, 42, 1, 40, 5, 5, 4, 4, 1, 2, 3, 2, 4, 4, 3, 
215: 0, 1, 2, 2, 4, 0, 4, 2, 0, 40, 3, 0, 0, 0, 0, 0, 0, 0, 5, 1, 5, 4, 0, 4, 44, 4, 0, 0, 5, 1, 1, 0, 42, 1, 1, 0, 0, 5, 0, 0, 5, 1, 0, 0, 3, 0, 0, 0, 0, 1, 0, 0, 0, 4, 0, 0, 0, 0, 0, 0, 3, 0, 40, 43, 5, 1, 0, 2, 4, 0, 5, 3, 0, 5, 0, 5, 3, 2, 2, 4, 0, 0, 3, 44, 3, 2, 5, 44, 0, 0, 3, 0, 1, 44, 4, 2, 0, 2, 4, 1, 1, 0, 3, 5, 0, 41, 1, 4, 0, 5, 0, 0, 40, 3, 0, 2, 0, 4, 40, 3, : 1, 2, 2, 4, 4, 2, 40, 3, 5, 1, 5, 4, 4, 44, 4, 5, 1, 1, 42, 1, 1, 5, 5, 1, 3, 1, 4, 3, 40, 43, 5, 1, 2, 4, 5, 3, 5, 5, 3, 2, 2, 4, 3, 44, 3, 2, 5, 44, 3, 1, 44, 4, 2, 2, 4, 1, 1, 3, 5, 41, 1, 4, 5, 40, 3, 2, 4, 40, 3, 
17: 4, 5, 4, 1, 2, 0, 4, 0, 0, 2, 5, 0, 1, 3, 4, 0, 0, 2, 0, 0, 1, 5, 41, 0, 0, 4, 0, 5, 0, 5, 3, 4, 3, 0, 1, 1, 0, 0, 0, 0, 5, 0, 2, 5, 0, 0, 0, 2, 0, 2, 40, 4, 1, 0, 0, 0, 1, 5, 0, 0, 0, 0, 0, 0, 0, 0, 0, 4, 0, 0, 1, 1, 4, 3, 4, 1, 0, 0, 0, 2, 0, 0, 0, 5, 4, 4, 0, 5, 4, 0, 0, 0, 0, 0, 0, 43, 3, 2, 2, 0, 0, 4, 0, 3, 5, 1, 4, 3, 2, 0, 4, 2, 0, 4, 2, 44, 0, 3, 40, 2, : 4, 5, 4, 1, 2, 4, 2, 5, 1, 3, 4, 2, 1, 5, 41, 4, 5, 5, 3, 4, 3, 1, 1, 5, 2, 5, 2, 2, 40, 4, 1, 1, 5, 4, 1, 1, 4, 3, 4, 1, 2, 5, 4, 4, 5, 4, 43, 3, 2, 2, 4, 3, 5, 1, 4, 3, 2, 4, 2, 4, 2, 44, 3, 40, 2, 
108: 2, 0, 0, 3, 1, 0, 0, 2, 1, 0, 0, 4, 0, 0, 0, 0, 0, 0, 2, 40, 3, 0, 0, 0, 0, 5, 0, 0, 0, 0, 0, 5, 0, 0, 0, 1, 2, 0, 0, 2, 0, 44, 0, 2, 5, 4, 0, 0, 5, 0, 0, 0, 0, 2, 4, 0, 0, 0, 0, 0, 0, 0, 3, 3, 0, 1, 0, 0, 3, 4, 0, 43, 0, 0, 0, 4, 5, 3, 0, 2, 3, 0, 4, 0, 44, 44, 0, 0, 0, 3, 0, 0, 0, 0, 0, 42, 0, 1, 0, 1, 41, 0, 2, 43, 3, 0, 0, 4, 0, 0, 0, 0, 0, 2, 0, 4, 42, 3, 43, 0, : 2, 3, 1, 2, 1, 4, 2, 40, 3, 5, 5, 1, 2, 2, 44, 2, 5, 4, 5, 2, 4, 3, 3, 1, 3, 4, 43, 4, 5, 3, 2, 3, 4, 44, 44, 3, 42, 1, 1, 41, 2, 43, 3, 4, 2, 4, 42, 3, 43, 
162: 2, 0, 3, 0, 5, 0, 5, 3, 5, 5, 0, 0, 0, 1, 0, 0, 3, 3, 1, 0, 2, 0, 3, 0, 2, 1, 3, 0, 1, 2, 4, 0, 5, 0, 0, 0, 0, 0, 0, 0, 0, 0, 2, 0, 0, 1, 4, 0, 0, 0, 0, 2, 0, 2, 2, 0, 0, 0, 0, 1, 0, 44, 0, 0, 2, 40, 0, 0, 0, 42, 5, 0, 0, 4, 0, 0, 0, 0, 40, 0, 0, 0, 0, 0, 4, 42, 3, 40, 5, 0, 2, 1, 43, 2, 3, 0, 0, 1, 0, 0, 0, 0, 0, 0, 1, 4, 0, 0, 5, 4, 1, 0, 0, 5, 0, 2, 0, 0, 4, 43, : 2, 3, 5, 5, 3, 5, 5, 1, 3, 3, 1, 2, 3, 2, 1, 3, 1, 2, 4, 5, 2, 1, 4, 2, 2, 2, 1, 44, 2, 40, 42, 5, 4, 40, 4, 42, 3, 40, 5, 2, 1, 43, 2, 3, 1, 1, 4, 5, 4, 1, 5, 2, 4, 43, 
136: 0, 1, 0, 1, 0, 3, 2, 0, 1, 0, 0, 0, 4, 4, 0, 0, 0, 0, 0, 4, 0, 3, 0, 0, 3, 0, 0, 0, 2, 5, 0, 1, 0, 0, 0, 4, 0, 3, 4, 3, 3, 4, 0, 1, 5, 0, 0, 3, 3, 0, 0, 4, 0, 4, 0, 0, 4, 0, 0, 2, 0, 1, 2, 0, 0, 2, 0, 0, 0, 5, 1, 42, 0, 0, 0, 40, 0, 1, 0, 0, 0, 0, 2, 0, 4, 2, 2, 5, 5, 0, 2, 5, 0, 0, 2, 3, 4, 0, 3, 0, 0, 44, 1, 0, 2, 0, 0, 0, 0, 3, 0, 0, 1, 4, 0, 40, 2, 0, 3, 1, : 1, 1, 3, 2, 1, 4, 4, 4, 3, 3, 2, 5, 1, 4, 3, 4, 3, 3, 4, 1, 5, 3, 3, 4, 4, 4, 2, 1, 2, 2, 5, 1, 42, 40, 1, 2, 4, 2, 2, 5, 5, 2, 5, 2, 3, 4, 3, 44, 1, 2, 3, 1, 4, 40, 2, 3, 1, 
220: 1, 0, 0, 0, 44, 2, 4, 0, 0, 4, 0, 0, 0, 0, 0, 0, 0, 0, 3, 5, 1, 0, 0, 0, 3, 0, 0, 0, 42, 0, 5, 0, 2, 0, 0, 4, 2, 4, 0, 0, 1, 1, 2, 5, 3, 0, 42, 0, 0, 0, 0, 4, 3, 0, 0, 1, 0, 0, 0, 0, 5, 1, 0, 0, 3, 0, 5, 0, 0, 0, 0, 0, 0, 41, 0, 0, 0, 0, 3, 0, 0, 0, 41, 2, 0, 0, 5, 2, 4, 4, 3, 4, 0, 2, 0, 2, 0, 3, 4, 0, 5, 5, 5, 4, 5, 0, 0, 42, 0, 1, 4, 43, 0, 4, 0, 0, 0, 0, 0, 0, : 1, 44, 2, 4, 4, 3, 5, 1, 3, 42, 5, 2, 4, 2, 4, 1, 1, 2, 5, 3, 42, 4, 3, 1, 5, 1, 3, 5, 41, 3, 41, 2, 5, 2, 4, 4, 3, 4, 2, 2, 3, 4, 5, 5, 5, 4, 5, 42, 1, 4, 43, 4, 
222: 1, 1, 3, 0, 2, 0, 0, 4, 0, 0, 2, 0, 2, 0, 4, 0, 0, 41, 5, 41, 4, 5, 0, 0, 1, 0, 0, 4, 4, 1, 0, 40, 0, 0, 5, 0, 4, 0, 0, 1, 3, 0, 1, 0, 0, 0, 4, 0, 4, 0, 0, 2, 2, 5, 1, 0, 0, 44, 42, 5, 3, 3, 0, 5, 5, 0, 4, 5, 0, 0, 0, 1, 1, 3, 4, 0, 0, 0, 1, 1, 0, 4, 0, 0, 0, 0, 0, 2, 1, 41, 3, 3, 0, 0, 0, 0, 0, 3, 1, 41, 2, 0, 1, 2, 0, 0, 0, 0, 0, 40, 3, 1, 0, 2, 2, 2, 0, 1, 0, 0, : 1, 1, 3, 2, 4, 2, 2, 4, 41, 5, 41, 4, 5, 1, 4, 4, 1, 40, 5, 4, 1, 3, 1, 4, 4, 2, 2, 5, 1, 44, 42, 5, 3, 3, 5, 5, 4, 5, 1, 1, 3, 4, 1, 1, 4, 2, 1, 41, 3, 3, 3, 1, 41, 2, 1, 2, 40, 3, 1, 2, 2, 2, 1, 
214: 0, 1, 0, 0, 1, 4, 0, 0, 0, 0, 4, 0, 0, 0, 4, 5, 0, 0, 5, 3, 0, 1, 44, 0, 1, 0, 0, 0, 41, 4, 2, 0, 0, 0, 0, 1, 1, 0, 4, 5, 3, 0, 4, 0, 4, 0, 5, 4, 3, 40, 0, 4, 2, 0, 0, 41, 0, 3, 40, 4, 4, 44, 3, 42, 0, 0, 5, 5, 1, 0, 2, 40, 4, 0, 0, 3, 0, 2, 5, 0, 1, 5, 1, 0, 0, 0, 3, 2, 0, 0, 3, 3, 3, 3, 5, 2, 0, 0, 0, 1, 0, 3, 1, 1, 2, 5, 0, 42, 5, 0, 1, 0, 0, 2, 0, 0, 2, 4, 41, 43, : 1, 1, 4, 4, 4, 5, 5, 3, 1, 44, 1, 41, 4, 2, 1, 1, 4, 5, 3, 4, 4, 5, 4, 3, 40, 4, 2, 41, 3, 40, 4, 4, 44, 3, 42, 5, 5, 1, 2, 40, 4, 3, 2, 5, 1, 5, 1, 3, 2, 3, 3, 3, 3, 5, 2, 1, 3, 1, 1, 2, 5, 42, 5, 1, 2, 2, 4, 41, 43, 
105: 0, 0, 0, 0, 0, 3, 4, 2, 42, 0, 2, 0, 0, 5, 1, 0, 0, 0, 1, 2, 1, 0, 4, 2, 0, 0, 5, 0, 2, 43, 5, 1, 0, 0, 4, 3, 42, 0, 40, 2, 0, 0, 0, 4, 3, 0, 1, 2, 0, 0, 5, 0, 4, 0, 5, 3, 0, 0, 0, 0, 3, 5, 0, 5, 2, 0, 0, 0, 2, 0, 0, 0, 0, 0, 0, 1, 42, 0, 0, 2, 3, 44, 3, 0, 0, 3, 5, 0, 2, 1, 0, 0, 0, 0, 1, 3, 0, 4, 5, 0, 0, 3, 0, 0, 0, 40, 1, 2, 0, 0, 2, 0, 3, 0, 5, 0, 0, 5, 0, 1, : 3, 4, 2, 42, 2, 5, 1, 1, 2, 1, 4, 2, 5, 2, 43, 5, 1, 4, 3, 42, 40, 2, 4, 3, 1, 2, 5, 4, 5, 3, 3, 5, 5, 2, 2, 1, 42, 2, 3, 44, 3, 3, 5, 2, 1, 1, 3, 4, 5, 3, 40, 1, 2, 2, 3, 5, 5, 1, 
50: 2, 0, 0, 3, 5, 0, 0, 2, 2, 0, 0, 4, 5, 0, 0, 0, 0, 0, 4, 1, 41, 0, 0, 0, 40, 0, 0, 0, 5, 4, 2, 43, 0, 0, 0, 0, 2, 0, 0, 4, 5, 0, 42, 1, 2, 1, 2, 5, 5, 2, 0, 1, 4, 2, 43, 5, 0, 0, 0, 0, 3, 3, 0, 0, 4, 0, 4, 0, 1, 0, 0, 4, 3, 44, 0, 4, 0, 0, 0, 0, 0, 0, 0, 0, 1, 0, 0, 0, 4, 0, 3, 1, 4, 0, 0, 3, 5, 3, 0, 4, 0, 1, 4, 0, 0, 0, 0, 0, 0, 2, 0, 4, 0, 1, 1, 2, 3, 42, 0, 1, : 2, 3, 5, 2, 2, 4, 5, 4, 1, 41, 40, 5, 4, 2, 43, 2, 4, 5, 42, 1, 2, 1, 2, 5, 5, 2, 1, 4, 2, 43, 5, 3, 3, 4, 4, 1, 4, 3, 44, 4, 1, 4, 3, 1, 4, 3, 5, 3, 4, 1, 4, 2, 4, 1, 1, 2, 3, 42, 1, 
224: 4, 0, 0, 0, 1, 2, 0, 4, 1, 0, 2, 5, 0, 0, 5, 0, 0, 0, 0, 2, 5, 0, 0, 0, 1, 1, 0, 0, 2, 5, 0, 0, 5, 3, 0, 0, 0, 0, 4, 0, 3, 0, 4, 42, 42, 0, 3, 0, 0, 0, 0, 0, 0, 0, 41, 0, 0, 2, 0, 2, 0, 0, 3, 0, 0, 0, 0, 0, 3, 1, 2, 0, 0, 0, 0, 0, 0, 0, 0, 41, 2, 1, 0, 0, 0, 0, 41, 4, 1, 0, 5, 2, 2, 4, 0, 0, 2, 41, 0, 5, 0, 5, 2, 4, 43, 0, 5, 0, 5, 4, 0, 2, 0, 1, 0, 43, 0, 0, 0, 5, : 4, 1, 2, 4, 1, 2, 5, 5, 2, 5, 1, 1, 2, 5, 5, 3, 4, 3, 4, 42, 42, 3, 41, 2, 2, 3, 3, 1, 2, 41, 2, 1, 41, 4, 1, 5, 2, 2, 4, 2, 41, 5, 5, 2, 4, 43, 5, 5, 4, 2, 1, 43, 5, 
134: 3, 0, 0, 3, 0, 1, 0, 0, 4, 0, 0, 2, 1, 0, 1, 0, 43, 4, 2, 5, 2, 4, 3, 2, 5, 0, 0, 0, 5, 5, 0, 1, 0, 1, 4, 4, 0, 5, 5, 1, 43, 2, 2, 0, 3, 0, 0, 0, 4, 0, 0, 0, 0, 3, 0, 0, 0, 2, 43, 1, 3, 0, 0, 0, 1, 0, 0, 0, 0, 0, 0, 5, 5, 0, 4, 0, 0, 2, 0, 1, 1, 3, 2, 0, 0, 0, 4, 1, 5, 2, 44, 0, 0, 0, 0, 4, 0, 0, 0, 0, 4, 0, 1, 0, 0, 0, 5, 0, 0, 3, 1, 4, 0, 4, 0, 0, 4, 4, 5, 0, : 3, 3, 1, 4, 2, 1, 1, 43, 4, 2, 5, 2, 4, 3, 2, 5, 5, 5, 1, 1, 4, 4, 5, 5, 1, 43, 2, 2, 3, 4, 3, 2, 43, 1, 3, 1, 5, 5, 4, 2, 1, 1, 3, 2, 4, 1, 5, 2, 44, 4, 4, 1, 5, 3, 1, 4, 4, 4, 4, 5, 
34: 0, 0, 0, 3, 1, 42, 1, 4, 0, 2, 0, 0, 1, 0, 2, 0, 3, 0, 0, 0, 4, 44, 2, 40, 0, 2, 0, 4, 0, 2, 1, 1, 0, 0, 44, 5, 0, 0, 0, 5, 2, 0, 42, 0, 1, 0, 2, 4, 0, 2, 0, 0, 5, 4, 0, 1, 0, 0, 42, 0, 0, 3, 4, 2, 5, 0, 4, 3, 4, 0, 2, 0, 1, 0, 4, 2, 0, 43, 0, 3, 0, 0, 4, 0, 0, 1, 1, 3, 0, 0, 1, 0, 4, 5, 1, 0, 4, 0, 5, 3, 3, 0, 0, 5, 5, 0, 0, 0, 2, 0, 0, 0, 0, 0, 3, 0, 4, 41, 3, 0, : 3, 1, 42, 1, 4, 2, 1, 2, 3, 4, 44, 2, 40, 2, 4, 2, 1, 1, 44, 5, 5, 2, 42, 1, 2, 4, 2, 5, 4, 1, 42, 3, 4, 2, 5, 4, 3, 4, 2, 1, 4, 2, 43, 3, 4, 1, 1, 3, 1, 4, 5, 1, 4, 5, 3, 3, 5, 5, 2, 3, 4, 41, 3, 
52: 4, 4, 42, 0, 0, 0, 0, 0, 0, 0, 41, 0, 0, 0, 0, 0, 0, 0, 3, 3, 0, 2, 0, 0, 2, 0, 0, 40, 0, 1, 4, 0, 0, 5, 5, 3, 1, 2, 0, 0, 0, 0, 0, 0, 0, 2, 2, 0, 1, 0, 0, 0, 1, 2, 3, 2, 0, 2, 0, 2, 0, 0, 4, 5, 0, 2, 0, 1, 0, 4, 0, 0, 0, 1, 2, 0, 5, 0, 0, 2, 0, 0, 2, 0, 0, 0, 40, 0, 2, 2, 0, 0, 0, 4, 3, 1, 0, 5, 0, 0, 0, 0, 0, 3, 0, 0, 0, 0, 0, 5, 0, 4, 0, 44, 5, 0, 0, 5, 1, 0, : 4, 4, 42, 41, 3, 3, 2, 2, 40, 1, 4, 5, 5, 3, 1, 2, 2, 2, 1, 1, 2, 3, 2, 2, 2, 4, 5, 2, 1, 4, 1, 2, 5, 2, 2, 40, 2, 2, 4, 3, 1, 5, 3, 5, 4, 44, 5, 5, 1, 
75: 0, 2, 4, 3, 0, 0, 2, 4, 0, 3, 2, 0, 4, 41, 3, 5, 0, 0, 0, 3, 42, 0, 0, 3, 0, 0, 2, 0, 2, 2, 3, 4, 0, 2, 0, 0, 0, 5, 0, 4, 0, 0, 5, 44, 0, 41, 4, 0, 0, 0, 3, 0, 1, 5, 0, 42, 0, 0, 0, 1, 0, 2, 0, 0, 0, 0, 0, 0, 4, 3, 0, 0, 0, 4, 0, 0, 0, 0, 0, 0, 2, 0, 0, 0, 2, 0, 0, 4, 0, 1, 0, 0, 4, 0, 0, 4, 3, 4, 0, 4, 4, 0, 5, 3, 3, 0, 3, 0, 4, 1, 1, 0, 0, 0, 5, 0, 0, 3, 0, 0, : 2, 4, 3, 2, 4, 3, 2, 4, 41, 3, 5, 3, 42, 3, 2, 2, 2, 3, 4, 2, 5, 4, 5, 44, 41, 4, 3, 1, 5, 42, 1, 2, 4, 3, 4, 2, 2, 4, 1, 4, 4, 3, 4, 4, 4, 5, 3, 3, 3, 4, 1, 1, 5, 3, 
145: 2, 1, 3, 0, 3, 5, 3, 5, 0, 5, 2, 0, 4, 0, 0, 4, 0, 0, 0, 4, 2, 0, 0, 1, 0, 1, 0, 0, 0, 5, 5, 0, 0, 5, 0, 1, 0, 1, 0, 42, 5, 0, 0, 0, 5, 5, 1, 0, 0, 1, 2, 41, 1, 2, 5, 1, 5, 0, 0, 0, 0, 0, 2, 1, 0, 1, 0, 40, 4, 0, 3, 0, 0, 0, 0, 1, 0, 0, 0, 0, 0, 0, 44, 40, 2, 0, 44, 4, 4, 0, 0, 1, 1, 0, 0, 0, 0, 2, 5, 3, 0, 0, 4, 0, 1, 5, 0, 0, 0, 0, 1, 43, 0, 3, 2, 0, 0, 0, 0, 0, : 2, 1, 3, 3, 5, 3, 5, 5, 2, 4, 4, 4, 2, 1, 1, 5, 5, 5, 1, 1, 42, 5, 5, 5, 1, 1, 2, 41, 1, 2, 5, 1, 5, 2, 1, 1, 40, 4, 3, 1, 44, 40, 2, 44, 4, 4, 1, 1, 2, 5, 3, 4, 1, 5, 1, 43, 3, 2, 
19: 0, 4, 0, 0, 0, 0, 5, 5, 0, 0, 0, 0, 0, 0, 0, 0, 0, 0, 0, 1, 1, 0, 0, 3, 2, 0, 0, 43, 0, 1, 3, 0, 1, 42, 0, 1, 0, 44, 2, 5, 0, 5, 4, 1, 4, 4, 0, 2, 0, 0, 1, 0, 1, 4, 0, 0, 2, 0, 1, 0, 0, 5, 3, 5, 0, 42, 0, 2, 0, 0, 1, 1, 0, 0, 5, 0, 0, 0, 0, 2, 4, 0, 4, 0, 0, 1, 1, 4, 5, 4, 0, 5, 1, 4, 44, 1, 2, 44, 0, 0, 0, 0, 0, 3, 4, 0, 0, 0, 0, 0, 1, 0, 0, 0, 0, 0, 2, 0, 0, 2, : 4, 5, 5, 1, 1, 3, 2, 43, 1, 3, 1, 42, 1, 44, 2, 5, 5, 4, 1, 4, 4, 2, 1, 1, 4, 2, 1, 5, 3, 5, 42, 2, 1, 1, 5, 2, 4, 4, 1, 1, 4, 5, 4, 5, 1, 4, 44, 1, 2, 44, 3, 4, 1, 2, 2, 
40: 5, 0, 3, 1, 2, 0, 0, 3, 1, 2, 2, 0, 0, 0, 0, 0, 0, 0, 0, 5, 4, 2, 0, 2, 5, 0, 2, 0, 0, 0, 5, 0, 2, 0, 2, 2, 0, 0, 5, 4, 0, 3, 0, 0, 1, 0, 1, 0, 1, 2, 0, 1, 0, 0, 0, 0, 3, 3, 0, 4, 0, 0, 41, 43, 0, 3, 1, 0, 3, 0, 0, 0, 3, 1, 0, 3, 0, 0, 0, 0, 1, 0, 3, 0, 0, 3, 4, 5, 2, 1, 5, 0, 0, 0, 0, 41, 0, 1, 0, 4, 0, 1, 0, 2, 0, 2, 0, 0, 0, 2, 5, 0, 0, 0, 1, 0, 0, 0, 0, 0, : 5, 3, 1, 2, 3, 1, 2, 2, 5, 4, 2, 2, 5, 2, 5, 2, 2, 2, 5, 4, 3, 1, 1, 1, 2, 1, 3, 3, 4, 41, 43, 3, 1, 3, 3, 1, 3, 1, 3, 3, 4, 5, 2, 1, 5, 41, 1, 4, 1, 2, 2, 2, 5, 1, 
201: 0, 1, 5, 0, 0, 0, 5, 4, 0, 3, 0, 1, 0, 0, 4, 2, 0, 2, 0, 0, 0, 3, 4, 0, 0, 0, 0, 0, 43, 2, 5, 0, 0, 0, 1, 0, 4, 0, 0, 5, 1, 0, 0, 0, 2, 4, 5, 4, 5, 0, 0, 4, 2, 0, 1, 3, 0, 0, 0, 2, 0, 1, 0, 0, 0, 1, 0, 0, 0, 0, 2, 0, 0, 4, 2, 0, 0, 0, 1, 0, 1, 4, 0, 44, 0, 0, 0, 0, 0, 5, 3, 0, 2, 0, 2, 0, 0, 0, 0, 3, 0, 0, 3, 5, 3, 0, 2, 0, 0, 1, 5, 0, 0, 4, 0, 0, 0, 0, 0, 1, : 1, 5, 5, 4, 3, 1, 4, 2, 2, 3, 4, 43, 2, 5, 1, 4, 5, 1, 2, 4, 5, 4, 5, 4, 2, 1, 3, 2, 1, 1, 2, 4, 2, 1, 1, 4, 44, 5, 3, 2, 2, 3, 3, 5, 3, 2, 1, 5, 4, 1, 
114: 4, 0, 0, 0, 2, 0, 0, 0, 0, 1, 4, 3, 4, 0, 40, 0, 43, 5, 1, 0, 4, 42, 3, 0, 2, 3, 0, 0, 5, 5, 0, 0, 0, 0, 0, 4, 0, 0, 0, 2, 5, 0, 4, 2, 3, 4, 0, 0, 3, 0, 3, 5, 5, 0, 0, 0, 0, 0, 0, 0, 0, 0, 4, 0, 1, 0, 41, 1, 0, 0, 1, 3, 0, 1, 0, 0, 5, 0, 0, 2, 40, 0, 5, 0, 0, 42, 4, 0, 0, 0, 3, 3, 0, 0, 0, 0, 4, 5, 2, 0, 0, 0, 43, 0, 0, 4, 0, 3, 5, 0, 0, 0, 5, 4, 0, 2, 3, 1, 0, 1, : 4, 2, 1, 4, 3, 4, 40, 43, 5, 1, 4, 42, 3, 2, 3, 5, 5, 4, 2, 5, 4, 2, 3, 4, 3, 3, 5, 5, 4, 1, 41, 1, 1, 3, 1, 5, 2, 40, 5, 42, 4, 3, 3, 4, 5, 2, 43, 4, 3, 5, 5, 4, 2, 3, 1, 1, 
137: 1, 1, 0, 0, 3, 0, 0, 0, 5, 0, 0, 0, 5, 0, 0, 0, 2, 0, 0, 2, 44, 0, 0, 0, 3, 4, 40, 0, 0, 4, 0, 0, 0, 0, 0, 0, 5, 5, 0, 0, 0, 3, 0, 0, 5, 0, 0, 3, 0, 0, 44, 0, 5, 1, 0, 0, 0, 4, 0, 0, 3, 0, 2, 1, 4, 0, 2, 0, 42, 1, 0, 0, 0, 0, 0, 41, 0, 3, 0, 0, 4, 0, 3, 0, 0, 0, 0, 0, 1, 2, 1, 4, 1, 0, 0, 0, 3, 0, 0, 0, 1, 1, 3, 4, 0, 0, 0, 0, 0, 0, 2, 0, 2, 3, 3, 0, 0, 2, 0, 0, : 1, 1, 3, 5, 5, 2, 2, 44, 3, 4, 40, 4, 5, 5, 3, 5, 3, 44, 5, 1, 4, 3, 2, 1, 4, 2, 42, 1, 41, 3, 4, 3, 1, 2, 1, 4, 1, 3, 1, 1, 3, 4, 2, 2, 3, 3, 2, 
59: 1, 3, 0, 0, 2, 0, 1, 43, 2, 0, 0, 0, 0, 5, 5, 0, 0, 1, 0, 0, 0, 0, 4, 0, 0, 0, 0, 3, 0, 5, 0, 0, 1, 0, 0, 3, 0, 4, 1, 0, 0, 2, 0, 3, 5, 1, 1, 1, 2, 0, 0, 0, 0, 0, 2, 2, 43, 2, 0, 1, 41, 5, 4, 1, 3, 1, 2, 0, 2, 5, 2, 0, 2, 4, 0, 0, 4, 0, 0, 5, 0, 0, 0, 0, 1, 3, 0, 1, 4, 0, 0, 0, 4, 5, 5, 0, 2, 0, 4, 3, 4, 0, 0, 5, 0, 0, 0, 3, 0, 0, 5, 0, 0, 1, 0, 0, 0, 0, 4, 0, : 1, 3, 2, 1, 43, 2, 5, 5, 1, 4, 3, 5, 1, 3, 4, 1, 2, 3, 5, 1, 1, 1, 2, 2, 2, 43, 2, 1, 41, 5, 4, 1, 3, 1, 2, 2, 5, 2, 2, 4, 4, 5, 1, 3, 1, 4, 4, 5, 5, 2, 4, 3, 4, 5, 3, 5, 1, 4, 
39: 5, 0, 0, 0, 0, 0, 0, 4, 0, 0, 40, 0, 43, 5, 3, 0, 0, 0, 0, 1, 1, 5, 1, 0, 0, 2, 1, 0, 5, 4, 2, 0, 0, 0, 0, 1, 0, 0, 0, 0, 1, 41, 1, 1, 0, 0, 1, 0, 1, 0, 5, 3, 4, 0, 0, 2, 0, 0, 0, 3, 3, 0, 0, 5, 0, 0, 0, 0, 5, 0, 1, 4, 5, 1, 3, 0, 0, 0, 42, 0, 1, 4, 0, 0, 5, 0, 0, 0, 3, 5, 0, 0, 3, 3, 2, 0, 44, 5, 4, 0, 0, 0, 0, 0, 41, 4, 0, 0, 44, 0, 2, 41, 0, 3, 3, 0, 0, 0, 0, 40, : 5, 4, 40, 43, 5, 3, 1, 1, 5, 1, 2, 1, 5, 4, 2, 1, 1, 41, 1, 1, 1, 1, 5, 3, 4, 2, 3, 3, 5, 5, 1, 4, 5, 1, 3, 42, 1, 4, 5, 3, 5, 3, 3, 2, 44, 5, 4, 41, 4, 44, 2, 41, 3, 3, 40, 
173: 0, 0, 3, 2, 4, 44, 0, 5, 0, 5, 1, 2, 4, 1, 0, 1, 1, 42, 0, 0, 4, 0, 0, 3, 0, 0, 3, 0, 5, 5, 4, 1, 0, 3, 0, 0, 0, 2, 0, 3, 1, 0, 0, 0, 0, 0, 5, 5, 5, 2, 44, 3, 0, 0, 1, 0, 0, 3, 5, 3, 0, 2, 44, 0, 5, 4, 2, 2, 1, 0, 0, 0, 3, 0, 0, 0, 0, 0, 0, 5, 0, 1, 2, 0, 0, 3, 0, 3, 44, 0, 4, 2, 0, 3, 0, 43, 3, 4, 4, 0, 4, 1, 0, 4, 1, 0, 5, 0, 0, 42, 0, 1, 5, 0, 0, 0, 0, 0, 1, 5, : 3, 2, 4, 44, 5, 5, 1, 2, 4, 1, 1, 1, 42, 4, 3, 3, 5, 5, 4, 1, 3, 2, 3, 1, 5, 5, 5, 2, 44, 3, 1, 3, 5, 3, 2, 44, 5, 4, 2, 2, 1, 3, 5, 1, 2, 3, 3, 44, 4, 2, 3, 43, 3, 4, 4, 4, 1, 4, 1, 5, 42, 1, 5, 1, 5, 
1: 4, 0, 0, 0, 3, 0, 0, 5, 5, 40, 5, 0, 0, 0, 5, 0, 0, 0, 1, 0, 0, 0, 4, 0, 1, 5, 1, 0, 0, 0, 1, 1, 1, 3, 0, 2, 3, 0, 3, 0, 1, 0, 2, 0, 0, 1, 0, 3, 0, 1, 2, 2, 2, 4, 0, 4, 0, 5, 0, 0, 1, 5, 2, 0, 2, 0, 0, 0, 4, 0, 0, 0, 42, 0, 1, 2, 0, 0, 0, 5, 0, 1, 3, 0, 0, 0, 1, 0, 40, 1, 4, 0, 1, 0, 0, 5, 0, 0, 0, 0, 3, 0, 0, 3, 0, 0, 1, 0, 0, 0, 0, 0, 0, 4, 0, 5, 0, 0, 5, 3, : 4, 3, 5, 5, 40, 5, 5, 1, 4, 1, 5, 1, 1, 1, 1, 3, 2, 3, 3, 1, 2, 1, 3, 1, 2, 2, 2, 4, 4, 5, 1, 5, 2, 2, 4, 42, 1, 2, 5, 1, 3, 1, 40, 1, 4, 1, 5, 3, 3, 1, 4, 5, 5, 3, 
41: 5, 0, 2, 0, 0, 0, 3, 40, 0, 1, 3, 0, 5, 4, 1, 4, 0, 0, 4, 5, 5, 0, 0, 0, 0, 0, 44, 0, 3, 4, 0, 0, 2, 0, 3, 41, 0, 0, 3, 0, 2, 0, 1, 4, 1, 0, 0, 2, 3, 0, 0, 4, 1, 0, 0, 0, 1, 1, 0, 5, 5, 1, 0, 0, 3, 5, 0, 4, 0, 0, 1, 0, 0, 2, 5, 0, 0, 1, 4, 0, 0, 5, 0, 3, 3, 0, 0, 5, 0, 0, 5, 0, 3, 41, 0, 5, 40, 0, 5, 0, 2, 44, 3, 0, 0, 0, 0, 0, 0, 1, 0, 0, 0, 0, 1, 0, 0, 5, 3, 1, : 5, 2, 3, 40, 1, 3, 5, 4, 1, 4, 4, 5, 5, 44, 3, 4, 2, 3, 41, 3, 2, 1, 4, 1, 2, 3, 4, 1, 1, 1, 5, 5, 1, 3, 5, 4, 1, 2, 5, 1, 4, 5, 3, 3, 5, 5, 3, 41, 5, 40, 5, 2, 44, 3, 1, 1, 5, 3, 1, 
163: 0, 0, 0, 4, 0, 0, 3, 0, 0, 3, 3, 5, 0, 0, 2, 0, 43, 41, 0, 2, 0, 2, 0, 2, 2, 0, 2, 0, 0, 3, 4, 0, 3, 4, 0, 5, 2, 0, 5, 2, 3, 0, 2, 0, 0, 0, 1, 1, 5, 43, 3, 1, 5, 0, 0, 2, 0, 0, 0, 2, 0, 2, 1, 4, 4, 0, 5, 1, 0, 0, 5, 0, 0, 0, 0, 0, 0, 4, 0, 0, 0, 0, 2, 4, 0, 40, 0, 0, 0, 5, 0, 2, 0, 2, 0, 0, 3, 2, 4, 5, 43, 3, 5, 5, 1, 41, 2, 0, 0, 0, 0, 2, 0, 3, 44, 3, 1, 5, 0, 0, : 4, 3, 3, 3, 5, 2, 43, 41, 2, 2, 2, 2, 2, 3, 4, 3, 4, 5, 2, 5, 2, 3, 2, 1, 1, 5, 43, 3, 1, 5, 2, 2, 2, 1, 4, 4, 5, 1, 5, 4, 2, 4, 40, 5, 2, 2, 3, 2, 4, 5, 43, 3, 5, 5, 1, 41, 2, 2, 3, 44, 3, 1, 5, 
148: 0, 0, 0, 0, 0, 0, 0, 0, 0, 0, 1, 0, 0, 1, 1, 1, 0, 0, 41, 0, 3, 0, 0, 0, 0, 3, 0, 2, 0, 2, 5, 0, 1, 0, 2, 0, 5, 2, 0, 0, 1, 0, 0, 5, 4, 0, 0, 0, 0, 0, 0, 1, 5, 1, 0, 0, 3, 5, 4, 0, 3, 0, 4, 42, 4, 0, 1, 0, 2, 41, 0, 0, 0, 43, 3, 4, 0, 0, 0, 3, 0, 0, 0, 0, 0, 1, 4, 1, 4, 0, 2, 0, 0, 4, 0, 4, 2, 3, 5, 3, 0, 2, 42, 3, 3, 0, 3, 5, 0, 3, 0, 5, 3, 2, 0, 4, 2, 2, 4, 0, : 1, 1, 1, 1, 41, 3, 3, 2, 2, 5, 1, 2, 5, 2, 1, 5, 4, 1, 5, 1, 3, 5, 4, 3, 4, 42, 4, 1, 2, 41, 43, 3, 4, 3, 1, 4, 1, 4, 2, 4, 4, 2, 3, 5, 3, 2, 42, 3, 3, 3, 5, 3, 5, 3, 2, 4, 2, 2, 4, 
44: 3, 3, 0, 0, 0, 0, 0, 0, 0, 3, 3, 0, 3, 5, 0, 0, 0, 0, 2, 5, 0, 1, 0, 0, 5, 42, 1, 0, 4, 43, 1, 0, 5, 0, 0, 0, 40, 5, 0, 5, 4, 0, 0, 1, 1, 0, 0, 0, 0, 0, 0, 5, 1, 3, 0, 2, 3, 1, 0, 0, 5, 1, 4, 43, 0, 0, 1, 4, 0, 0, 0, 0, 1, 0, 2, 5, 0, 0, 4, 0, 0, 0, 5, 0, 0, 0, 0, 0, 1, 4, 2, 0, 5, 2, 0, 0, 1, 0, 1, 0, 0, 0, 44, 0, 0, 0, 1, 2, 0, 5, 0, 0, 0, 0, 1, 0, 0, 1, 0, 0, : 3, 3, 3, 3, 3, 5, 2, 5, 1, 5, 42, 1, 4, 43, 1, 5, 40, 5, 5, 4, 1, 1, 5, 1, 3, 2, 3, 1, 5, 1, 4, 43, 1, 4, 1, 2, 5, 4, 5, 1, 4, 2, 5, 2, 1, 1, 44, 1, 2, 5, 1, 1, 
30: 0, 0, 4, 4, 1, 3, 2, 42, 4, 1, 3, 0, 3, 0, 0, 0, 0, 0, 5, 0, 2, 0, 1, 0, 3, 0, 0, 0, 0, 1, 1, 3, 0, 2, 0, 2, 0, 3, 4, 0, 1, 0, 0, 5, 5, 0, 0, 41, 0, 0, 4, 0, 3, 4, 0, 0, 2, 0, 0, 0, 2, 1, 4, 0, 40, 5, 0, 2, 0, 0, 0, 41, 0, 0, 4, 0, 0, 0, 0, 0, 0, 0, 0, 0, 44, 3, 0, 2, 1, 3, 0, 44, 3, 3, 0, 2, 4, 5, 0, 4, 5, 0, 0, 1, 1, 2, 2, 0, 0, 0, 41, 0, 0, 0, 4, 2, 3, 0, 3, 3, : 4, 4, 1, 3, 2, 42, 4, 1, 3, 3, 5, 2, 1, 3, 1, 1, 3, 2, 2, 3, 4, 1, 5, 5, 41, 4, 3, 4, 2, 2, 1, 4, 40, 5, 2, 41, 4, 44, 3, 2, 1, 3, 44, 3, 3, 2, 4, 5, 4, 5, 1, 1, 2, 2, 41, 4, 2, 3, 3, 3, 
84: 0, 0, 5, 1, 0, 1, 5, 0, 0, 5, 1, 0, 0, 3, 0, 44, 0, 3, 0, 1, 0, 0, 0, 0, 1, 0, 0, 41, 0, 0, 0, 1, 0, 5, 2, 0, 1, 43, 5, 5, 5, 0, 5, 0, 0, 0, 0, 0, 0, 44, 0, 0, 5, 0, 0, 3, 0, 4, 3, 0, 0, 0, 5, 0, 0, 43, 2, 3, 0, 1, 0, 0, 0, 2, 2, 0, 5, 0, 0, 0, 0, 4, 3, 0, 0, 0, 0, 0, 2, 2, 3, 42, 1, 4, 0, 1, 0, 1, 0, 0, 0, 2, 5, 3, 5, 2, 0, 0, 4, 0, 0, 3, 0, 3, 4, 0, 0, 0, 1, 0, : 5, 1, 1, 5, 5, 1, 3, 44, 3, 1, 1, 41, 1, 5, 2, 1, 43, 5, 5, 5, 5, 44, 5, 3, 4, 3, 5, 43, 2, 3, 1, 2, 2, 5, 4, 3, 2, 2, 3, 42, 1, 4, 1, 1, 2, 5, 3, 5, 2, 4, 3, 3, 4, 1, 
186: 1, 0, 0, 0, 0, 4, 3, 0, 0, 0, 0, 0, 3, 0, 3, 0, 0, 1, 5, 1, 1, 0, 1, 0, 1, 5, 42, 0, 0, 0, 0, 0, 5, 0, 4, 2, 0, 2, 0, 1, 1, 0, 2, 0, 1, 0, 5, 0, 0, 0, 0, 0, 2, 1, 0, 0, 0, 0, 0, 3, 0, 4, 0, 2, 1, 1, 1, 0, 0, 3, 0, 4, 0, 3, 3, 0, 0, 44, 0, 0, 0, 3, 2, 0, 5, 1, 1, 0, 5, 3, 0, 5, 0, 0, 0, 0, 0, 0, 41, 1, 0, 0, 0, 0, 5, 0, 0, 0, 3, 3, 2, 0, 3, 4, 0, 0, 0, 5, 0, 43, : 1, 4, 3, 3, 3, 1, 5, 1, 1, 1, 1, 5, 42, 5, 4, 2, 2, 1, 1, 2, 1, 5, 2, 1, 3, 4, 2, 1, 1, 1, 3, 4, 3, 3, 44, 3, 2, 5, 1, 1, 5, 3, 5, 41, 1, 5, 3, 3, 2, 3, 4, 5, 43, 
198: 0, 0, 5, 0, 0, 1, 3, 0, 0, 43, 4, 2, 43, 0, 5, 0, 0, 0, 2, 2, 4, 5, 0, 0, 0, 2, 4, 1, 0, 5, 5, 1, 2, 0, 0, 0, 4, 0, 5, 0, 40, 0, 0, 0, 0, 0, 0, 0, 0, 2, 3, 3, 0, 4, 0, 0, 0, 0, 0, 0, 1, 43, 4, 0, 0, 0, 0, 0, 0, 0, 0, 0, 0, 0, 2, 4, 0, 0, 5, 2, 1, 0, 0, 3, 0, 4, 41, 0, 0, 0, 5, 0, 3, 2, 2, 0, 0, 4, 0, 0, 0, 0, 0, 0, 0, 0, 44, 0, 0, 1, 4, 0, 0, 0, 5, 2, 0, 5, 1, 0, : 5, 1, 3, 43, 4, 2, 43, 5, 2, 2, 4, 5, 2, 4, 1, 5, 5, 1, 2, 4, 5, 40, 2, 3, 3, 4, 1, 43, 4, 2, 4, 5, 2, 1, 3, 4, 41, 5, 3, 2, 2, 4, 44, 1, 4, 5, 2, 5, 1, 
35: 0, 0, 1, 43, 5, 1, 0, 3, 0, 40, 0, 2, 0, 3, 5, 0, 0, 0, 0, 0, 0, 3, 4, 0, 41, 0, 1, 0, 0, 5, 2, 4, 0, 1, 0, 42, 0, 5, 3, 0, 0, 0, 0, 0, 2, 4, 1, 1, 0, 2, 0, 3, 0, 2, 0, 0, 0, 5, 0, 0, 5, 0, 4, 0, 0, 0, 0, 4, 0, 0, 3, 2, 0, 2, 3, 0, 3, 0, 0, 0, 0, 0, 2, 0, 0, 0, 0, 1, 1, 2, 0, 5, 0, 4, 2, 0, 1, 2, 5, 5, 1, 2, 0, 2, 43, 5, 1, 0, 5, 0, 0, 0, 0, 0, 0, 0, 0, 0, 0, 1, : 1, 43, 5, 1, 3, 40, 2, 3, 5, 3, 4, 41, 1, 5, 2, 4, 1, 42, 5, 3, 2, 4, 1, 1, 2, 3, 2, 5, 5, 4, 4, 3, 2, 2, 3, 3, 2, 1, 1, 2, 5, 4, 2, 1, 2, 5, 5, 1, 2, 2, 43, 5, 1, 5, 1, 
96: 0, 4, 1, 0, 5, 2, 0, 1, 5, 2, 0, 44, 0, 0, 40, 3, 0, 0, 0, 3, 5, 4, 0, 4, 2, 2, 0, 0, 2, 4, 0, 0, 0, 0, 40, 4, 0, 1, 0, 0, 5, 41, 5, 0, 0, 0, 3, 1, 0, 1, 5, 44, 0, 0, 0, 0, 2, 0, 0, 1, 40, 1, 4, 2, 0, 0, 2, 5, 0, 0, 5, 0, 0, 2, 4, 3, 0, 44, 4, 3, 0, 0, 2, 42, 0, 1, 0, 0, 0, 0, 0, 3, 3, 4, 4, 2, 2, 2, 3, 2, 0, 5, 0, 0, 0, 3, 0, 5, 0, 5, 5, 4, 2, 2, 2, 43, 0, 0, 2, 43, : 4, 1, 5, 2, 1, 5, 2, 44, 40, 3, 3, 5, 4, 4, 2, 2, 2, 4, 40, 4, 1, 5, 41, 5, 3, 1, 1, 5, 44, 2, 1, 40, 1, 4, 2, 2, 5, 5, 2, 4, 3, 44, 4, 3, 2, 42, 1, 3, 3, 4, 4, 2, 2, 2, 3, 2, 5, 3, 5, 5, 5, 4, 2, 2, 2, 43, 2, 43, 
67: 0, 0, 1, 1, 0, 0, 0, 0, 5, 2, 41, 0, 0, 0, 0, 3, 0, 0, 0, 1, 4, 0, 0, 5, 0, 0, 0, 0, 5, 1, 1, 0, 4, 0, 5, 0, 4, 0, 0, 4, 0, 5, 43, 3, 5, 0, 41, 0, 0, 0, 0, 2, 0, 2, 2, 0, 42, 2, 0, 3, 1, 2, 0, 0, 2, 0, 0, 2, 3, 0, 4, 0, 1, 1, 0, 42, 0, 0, 0, 3, 0, 4, 1, 0, 0, 0, 0, 0, 4, 0, 1, 42, 1, 4, 3, 4, 0, 0, 4, 4, 3, 3, 0, 42, 3, 2, 0, 0, 0, 1, 1, 1, 0, 0, 0, 0, 0, 2, 4, 0, : 1, 1, 5, 2, 41, 3, 1, 4, 5, 5, 1, 1, 4, 5, 4, 4, 5, 43, 3, 5, 41, 2, 2, 2, 42, 2, 3, 1, 2, 2, 2, 3, 4, 1, 1, 42, 3, 4, 1, 4, 1, 42, 1, 4, 3, 4, 4, 4, 3, 3, 42, 3, 2, 1, 1, 1, 2, 4, 
99: 0, 0, 0, 0, 44, 0, 0, 0, 0, 0, 0, 5, 0, 1, 2, 2, 4, 1, 2, 1, 0, 1, 0, 0, 3, 0, 5, 42, 0, 0, 1, 0, 42, 0, 0, 0, 0, 0, 0, 3, 5, 1, 0, 3, 5, 0, 2, 40, 0, 3, 2, 0, 5, 0, 0, 0, 2, 4, 0, 2, 0, 2, 5, 0, 0, 4, 0, 5, 3, 4, 0, 3, 0, 0, 2, 4, 1, 0, 0, 0, 3, 3, 0, 42, 0, 0, 0, 2, 2, 0, 0, 5, 1, 0, 0, 3, 40, 0, 1, 1, 1, 40, 3, 2, 3, 0, 5, 1, 44, 0, 0, 5, 0, 1, 0, 0, 2, 3, 2, 5, : 44, 5, 1, 2, 2, 4, 1, 2, 1, 1, 3, 5, 42, 1, 42, 3, 5, 1, 3, 5, 2, 40, 3, 2, 5, 2, 4, 2, 2, 5, 4, 5, 3, 4, 3, 2, 4, 1, 3, 3, 42, 2, 2, 5, 1, 3, 40, 1, 1, 1, 40, 3, 2, 3, 5, 1, 44, 5, 1, 2, 3, 2, 5, 
7: 0, 5, 2, 5, 5, 0, 3, 0, 3, 3, 0, 0, 2, 44, 1, 0, 0, 0, 5, 2, 1, 0, 1, 1, 2, 2, 0, 0, 1, 0, 3, 0, 1, 0, 2, 0, 2, 0, 0, 5, 0, 0, 0, 0, 41, 0, 0, 0, 5, 5, 0, 0, 2, 2, 2, 0, 0, 2, 4, 0, 0, 0, 0, 0, 0, 0, 0, 2, 5, 0, 3, 5, 0, 0, 0, 4, 0, 0, 0, 5, 5, 3, 3, 0, 5, 0, 0, 5, 1, 0, 4, 0, 42, 0, 0, 4, 2, 4, 3, 2, 0, 0, 0, 42, 0, 0, 0, 4, 0, 0, 0, 5, 0, 0, 1, 0, 3, 0, 3, 0, : 5, 2, 5, 5, 3, 3, 3, 2, 44, 1, 5, 2, 1, 1, 1, 2, 2, 1, 3, 1, 2, 2, 5, 41, 5, 5, 2, 2, 2, 2, 4, 2, 5, 3, 5, 4, 5, 5, 3, 3, 5, 5, 1, 4, 42, 4, 2, 4, 3, 2, 42, 4, 5, 1, 3, 3, 
193: 3, 2, 42, 0, 0, 0, 0, 5, 0, 0, 0, 0, 0, 0, 1, 2, 0, 0, 0, 4, 2, 3, 0, 4, 1, 0, 0, 4, 0, 1, 4, 2, 0, 0, 0, 0, 0, 0, 0, 2, 2, 0, 0, 0, 0, 0, 0, 0, 40, 0, 0, 4, 1, 2, 0, 2, 0, 41, 0, 0, 0, 0, 3, 0, 40, 0, 2, 0, 0, 3, 3, 0, 0, 1, 0, 0, 4, 0, 4, 4, 3, 0, 2, 0, 41, 3, 0, 1, 0, 0, 2, 0, 0, 1, 0, 4, 40, 3, 0, 2, 0, 3, 0, 5, 0, 0, 0, 0, 0, 0, 0, 4, 5, 0, 3, 0, 0, 0, 43, 0, : 3, 2, 42, 5, 1, 2, 4, 2, 3, 4, 1, 4, 1, 4, 2, 2, 2, 40, 4, 1, 2, 2, 41, 3, 40, 2, 3, 3, 1, 4, 4, 4, 3, 2, 41, 3, 1, 2, 1, 4, 40, 3, 2, 3, 5, 4, 5, 3, 43, 
82: 5, 3, 0, 3, 2, 0, 0, 0, 0, 2, 0, 0, 2, 0, 5, 0, 1, 0, 3, 0, 4, 4, 44, 0, 4, 0, 0, 0, 3, 3, 5, 1, 2, 0, 0, 3, 0, 0, 0, 0, 3, 42, 3, 1, 1, 5, 0, 0, 1, 0, 0, 2, 2, 3, 1, 5, 1, 1, 1, 1, 3, 0, 0, 0, 5, 5, 4, 0, 0, 2, 0, 0, 0, 1, 0, 0, 0, 0, 1, 0, 5, 0, 1, 3, 3, 5, 5, 5, 1, 2, 1, 0, 3, 1, 2, 1, 0, 0, 2, 0, 0, 4, 0, 2, 41, 0, 2, 0, 1, 0, 1, 0, 0, 5, 40, 0, 0, 4, 0, 0, : 5, 3, 3, 2, 2, 2, 5, 1, 3, 4, 4, 44, 4, 3, 3, 5, 1, 2, 3, 3, 42, 3, 1, 1, 5, 1, 2, 2, 3, 1, 5, 1, 1, 1, 1, 3, 5, 5, 4, 2, 1, 1, 5, 1, 3, 3, 5, 5, 5, 1, 2, 1, 3, 1, 2, 1, 2, 4, 2, 41, 2, 1, 1, 5, 40, 4, 
138: 5, 0, 5, 3, 44, 0, 0, 1, 0, 1, 0, 0, 1, 0, 2, 0, 0, 0, 0, 0, 3, 1, 1, 0, 5, 1, 5, 0, 4, 1, 1, 4, 42, 0, 4, 0, 0, 5, 0, 0, 0, 1, 3, 0, 3, 0, 0, 41, 0, 42, 2, 1, 3, 0, 0, 0, 0, 0, 0, 4, 2, 0, 3, 0, 0, 4, 0, 1, 1, 3, 0, 3, 1, 0, 0, 1, 40, 4, 3, 2, 1, 0, 3, 3, 0, 4, 0, 40, 2, 0, 0, 2, 0, 2, 4, 0, 5, 0, 3, 0, 0, 4, 1, 3, 0, 0, 4, 0, 0, 0, 0, 4, 0, 4, 0, 0, 4, 2, 0, 2, : 5, 5, 3, 44, 1, 1, 1, 2, 3, 1, 1, 5, 1, 5, 4, 1, 1, 4, 42, 4, 5, 1, 3, 3, 41, 42, 2, 1, 3, 4, 2, 3, 4, 1, 1, 3, 3, 1, 1, 40, 4, 3, 2, 1, 3, 3, 4, 40, 2, 2, 2, 4, 5, 3, 4, 1, 3, 4, 4, 4, 4, 2, 2, 
127: 4, 0, 0, 0, 4, 0, 5, 2, 42, 2, 0, 5, 0, 3, 1, 0, 0, 3, 0, 0, 5, 5, 0, 1, 3, 3, 0, 0, 5, 4, 44, 0, 0, 0, 0, 1, 0, 0, 0, 1, 0, 2, 4, 0, 2, 41, 5, 5, 2, 0, 0, 42, 0, 2, 5, 1, 0, 0, 0, 1, 0, 0, 3, 0, 0, 1, 0, 0, 1, 4, 0, 0, 0, 0, 0, 2, 0, 0, 0, 44, 0, 0, 0, 4, 5, 0, 0, 0, 3, 2, 5, 44, 42, 44, 0, 5, 0, 3, 2, 0, 0, 2, 0, 4, 5, 0, 5, 0, 2, 0, 44, 0, 0, 4, 0, 0, 2, 0, 0, 0, : 4, 4, 5, 2, 42, 2, 5, 3, 1, 3, 5, 5, 1, 3, 3, 5, 4, 44, 1, 1, 2, 4, 2, 41, 5, 5, 2, 42, 2, 5, 1, 1, 3, 1, 1, 4, 2, 44, 4, 5, 3, 2, 5, 44, 42, 44, 5, 3, 2, 2, 4, 5, 5, 2, 44, 4, 2, 
6: 0, 0, 0, 0, 2, 4, 4, 2, 0, 3, 3, 0, 4, 4, 1, 41, 0, 0, 0, 4, 1, 0, 5, 0, 3, 0, 0, 0, 1, 0, 0, 0, 0, 0, 1, 4, 1, 0, 0, 0, 0, 0, 3, 0, 1, 0, 0, 1, 3, 0, 0, 3, 3, 0, 3, 0, 0, 5, 2, 0, 0, 3, 3, 0, 1, 5, 0, 4, 0, 0, 4, 0, 0, 1, 0, 2, 0, 0, 0, 5, 4, 3, 2, 0, 3, 0, 0, 1, 0, 4, 4, 5, 0, 3, 3, 0, 0, 4, 2, 0, 4, 5, 0, 2, 0, 0, 0, 1, 2, 0, 4, 0, 0, 3, 0, 0, 0, 2, 0, 0, : 2, 4, 4, 2, 3, 3, 4, 4, 1, 41, 4, 1, 5, 3, 1, 1, 4, 1, 3, 1, 1, 3, 3, 3, 3, 5, 2, 3, 3, 1, 5, 4, 4, 1, 2, 5, 4, 3, 2, 3, 1, 4, 4, 5, 3, 3, 4, 2, 4, 5, 2, 1, 2, 4, 3, 2, 
229: 0, 40, 4, 0, 5, 0, 0, 0, 40, 5, 0, 5, 2, 3, 0, 5, 41, 0, 0, 4, 5, 2, 0, 41, 0, 0, 1, 0, 0, 4, 0, 0, 0, 0, 0, 44, 0, 43, 5, 0, 0, 1, 0, 5, 0, 2, 4, 0, 4, 0, 0, 0, 40, 0, 2, 5, 40, 0, 0, 0, 2, 0, 0, 1, 1, 0, 0, 3, 1, 0, 1, 41, 0, 2, 0, 1, 0, 5, 4, 1, 43, 2, 0, 4, 0, 5, 0, 0, 4, 1, 2, 3, 0, 4, 0, 1, 0, 3, 5, 42, 4, 1, 3, 4, 5, 0, 0, 42, 0, 5, 0, 0, 0, 5, 2, 0, 0, 0, 0, 0, : 40, 4, 5, 40, 5, 5, 2, 3, 5, 41, 4, 5, 2, 41, 1, 4, 44, 43, 5, 1, 5, 2, 4, 4, 40, 2, 5, 40, 2, 1, 1, 3, 1, 1, 41, 2, 1, 5, 4, 1, 43, 2, 4, 5, 4, 1, 2, 3, 4, 1, 3, 5, 42, 4, 1, 3, 4, 5, 42, 5, 5, 2, 
164: 0, 43, 0, 0, 0, 0, 0, 1, 0, 5, 0, 3, 0, 4, 4, 5, 0, 40, 41, 0, 0, 0, 0, 0, 0, 3, 0, 0, 2, 0, 2, 1, 0, 4, 5, 0, 3, 1, 0, 0, 41, 0, 0, 0, 1, 5, 1, 5, 0, 0, 0, 2, 3, 3, 0, 5, 0, 5, 1, 0, 1, 5, 0, 0, 0, 0, 0, 0, 1, 0, 0, 0, 2, 4, 0, 5, 0, 0, 2, 4, 3, 42, 0, 0, 4, 0, 4, 3, 4, 2, 2, 0, 40, 0, 0, 5, 44, 42, 1, 1, 0, 0, 4, 0, 0, 0, 0, 42, 0, 0, 4, 0, 40, 4, 0, 0, 5, 3, 0, 0, : 43, 1, 5, 3, 4, 4, 5, 40, 41, 3, 2, 2, 1, 4, 5, 3, 1, 41, 1, 5, 1, 5, 2, 3, 3, 5, 5, 1, 1, 5, 1, 2, 4, 5, 2, 4, 3, 42, 4, 4, 3, 4, 2, 2, 40, 5, 44, 42, 1, 1, 4, 42, 4, 40, 4, 5, 3, 
49: 1, 0, 0, 3, 2, 0, 0, 4, 5, 0, 3, 44, 5, 2, 2, 1, 0, 0, 0, 4, 1, 42, 0, 1, 0, 0, 3, 0, 0, 43, 5, 4, 0, 0, 43, 5, 0, 2, 0, 3, 4, 0, 5, 5, 0, 0, 0, 3, 3, 0, 0, 0, 5, 1, 5, 3, 0, 0, 0, 41, 2, 2, 40, 0, 3, 5, 0, 0, 1, 5, 0, 0, 0, 0, 44, 0, 0, 0, 0, 2, 4, 1, 0, 1, 2, 0, 0, 2, 4, 1, 0, 0, 0, 0, 42, 2, 5, 1, 0, 0, 5, 0, 44, 4, 0, 5, 0, 0, 0, 0, 41, 0, 2, 43, 4, 5, 0, 0, 0, 0, : 1, 3, 2, 4, 5, 3, 44, 5, 2, 2, 1, 4, 1, 42, 1, 3, 43, 5, 4, 43, 5, 2, 3, 4, 5, 5, 3, 3, 5, 1, 5, 3, 41, 2, 2, 40, 3, 5, 1, 5, 44, 2, 4, 1, 1, 2, 2, 4, 1, 42, 2, 5, 1, 5, 44, 4, 5, 41, 2, 43, 4, 5, 
26: 3, 3, 2, 0, 2, 0, 0, 3, 0, 1, 3, 0, 0, 5, 0, 0, 0, 0, 0, 2, 0, 2, 0, 0, 2, 0, 0, 0, 1, 0, 41, 0, 4, 41, 5, 0, 4, 4, 0, 4, 0, 0, 5, 0, 1, 1, 5, 0, 0, 0, 4, 5, 0, 0, 0, 5, 0, 0, 0, 3, 0, 0, 0, 0, 0, 0, 3, 1, 0, 5, 2, 0, 1, 43, 0, 3, 5, 5, 2, 0, 4, 0, 0, 2, 3, 4, 4, 4, 4, 1, 3, 5, 43, 0, 1, 2, 5, 2, 0, 0, 0, 0, 4, 2, 1, 41, 41, 1, 1, 0, 0, 5, 0, 2, 1, 5, 0, 0, 43, 3, : 3, 3, 2, 2, 3, 1, 3, 5, 2, 2, 2, 1, 41, 4, 41, 5, 4, 4, 4, 5, 1, 1, 5, 4, 5, 5, 3, 3, 1, 5, 2, 1, 43, 3, 5, 5, 2, 4, 2, 3, 4, 4, 4, 4, 1, 3, 5, 43, 1, 2, 5, 2, 4, 2, 1, 41, 41, 1, 1, 5, 2, 1, 5, 43, 3, 
154: 2, 0, 3, 0, 2, 3, 1, 2, 2, 4, 1, 0, 2, 2, 2, 0, 0, 0, 3, 0, 4, 43, 2, 0, 3, 1, 0, 42, 5, 0, 1, 0, 0, 0, 0, 0, 0, 0, 3, 3, 0, 0, 0, 1, 5, 3, 5, 0, 0, 2, 0, 0, 0, 1, 0, 43, 0, 4, 0, 4, 2, 1, 0, 0, 0, 0, 0, 1, 0, 0, 44, 4, 0, 4, 0, 5, 0, 0, 2, 0, 2, 0, 1, 1, 0, 0, 0, 0, 2, 0, 0, 0, 5, 0, 0, 2, 1, 40, 5, 2, 1, 4, 3, 0, 0, 1, 0, 0, 3, 4, 0, 0, 0, 0, 0, 0, 3, 3, 0, 0, : 2, 3, 2, 3, 1, 2, 2, 4, 1, 2, 2, 2, 3, 4, 43, 2, 3, 1, 42, 5, 1, 3, 3, 1, 5, 3, 5, 2, 1, 43, 4, 4, 2, 1, 1, 44, 4, 4, 5, 2, 2, 1, 1, 2, 5, 2, 1, 40, 5, 2, 1, 4, 3, 1, 3, 4, 3, 3, 
5: 0, 3, 0, 3, 1, 2, 3, 40, 0, 4, 0, 2, 40, 0, 41, 0, 0, 0, 0, 1, 4, 0, 3, 3, 0, 0, 1, 0, 3, 1, 5, 0, 0, 0, 5, 1, 0, 1, 4, 0, 0, 2, 0, 0, 5, 0, 2, 0, 2, 0, 5, 0, 1, 0, 2, 0, 0, 2, 0, 4, 0, 43, 0, 2, 1, 0, 0, 1, 0, 2, 0, 1, 2, 40, 4, 0, 0, 0, 0, 0, 0, 0, 0, 5, 0, 0, 4, 0, 5, 3, 0, 0, 0, 2, 0, 5, 2, 3, 5, 0, 0, 0, 5, 2, 0, 0, 0, 0, 0, 3, 5, 0, 0, 2, 4, 44, 44, 0, 0, 3, : 3, 3, 1, 2, 3, 40, 4, 2, 40, 41, 1, 4, 3, 3, 1, 3, 1, 5, 5, 1, 1, 4, 2, 5, 2, 2, 5, 1, 2, 2, 4, 43, 2, 1, 1, 2, 1, 2, 40, 4, 5, 4, 5, 3, 2, 5, 2, 3, 5, 5, 2, 3, 5, 2, 4, 44, 44, 3, 
65: 3, 4, 2, 0, 0, 2, 1, 3, 0, 1, 0, 0, 0, 2, 5, 0, 0, 2, 0, 2, 0, 0, 0, 0, 5, 4, 4, 4, 0, 0, 41, 3, 0, 0, 40, 3, 2, 1, 5, 41, 3, 4, 43, 1, 2, 3, 3, 4, 0, 5, 0, 0, 3, 0, 41, 0, 0, 0, 0, 4, 1, 0, 0, 2, 2, 0, 0, 43, 2, 0, 3, 1, 0, 4, 0, 0, 0, 2, 1, 5, 5, 0, 2, 5, 0, 0, 2, 40, 4, 2, 1, 5, 3, 4, 0, 0, 0, 0, 42, 3, 0, 0, 0, 5, 0, 0, 0, 0, 0, 41, 0, 2, 0, 0, 0, 0, 0, 4, 0, 1, : 3, 4, 2, 2, 1, 3, 1, 2, 5, 2, 2, 5, 4, 4, 4, 41, 3, 40, 3, 2, 1, 5, 41, 3, 4, 43, 1, 2, 3, 3, 4, 5, 3, 41, 4, 1, 2, 2, 43, 2, 3, 1, 4, 2, 1, 5, 5, 2, 5, 2, 40, 4, 2, 1, 5, 3, 4, 42, 3, 5, 41, 2, 4, 1, 
109: 3, 0, 1, 0, 0, 4, 0, 1, 3, 1, 2, 1, 4, 0, 0, 0, 4, 0, 0, 5, 0, 1, 1, 4, 4, 0, 0, 0, 3, 3, 0, 1, 0, 43, 2, 0, 3, 4, 0, 0, 3, 2, 5, 4, 1, 0, 3, 0, 0, 4, 0, 0, 0, 5, 4, 0, 43, 4, 0, 2, 3, 1, 0, 5, 0, 1, 0, 40, 0, 5, 0, 2, 1, 0, 2, 4, 0, 0, 0, 4, 1, 0, 2, 42, 0, 0, 0, 0, 0, 0, 0, 0, 0, 42, 1, 3, 3, 0, 44, 0, 1, 0, 5, 4, 0, 1, 0, 0, 0, 43, 0, 2, 1, 42, 4, 4, 0, 0, 0, 0, : 3, 1, 4, 1, 3, 1, 2, 1, 4, 4, 5, 1, 1, 4, 4, 3, 3, 1, 43, 2, 3, 4, 3, 2, 5, 4, 1, 3, 4, 5, 4, 43, 4, 2, 3, 1, 5, 1, 40, 5, 2, 1, 2, 4, 4, 1, 2, 42, 42, 1, 3, 3, 44, 1, 5, 4, 1, 43, 2, 1, 42, 4, 4, 
54: 0, 0, 4, 5, 1, 5, 5, 1, 42, 2, 3, 41, 0, 0, 0, 41, 0, 0, 0, 0, 0, 4, 0, 0, 0, 1, 1, 0, 0, 0, 0, 0, 1, 0, 0, 3, 2, 0, 0, 1, 5, 0, 2, 2, 3, 5, 2, 0, 1, 0, 43, 4, 5, 4, 1, 0, 0, 42, 0, 0, 0, 4, 42, 0, 0, 0, 0, 5, 0, 0, 0, 0, 0, 0, 0, 0, 0, 0, 0, 3, 3, 0, 5, 40, 3, 3, 0, 0, 3, 0, 44, 0, 2, 1, 0, 0, 0, 0, 0, 2, 4, 1, 0, 4, 2, 0, 3, 0, 40, 0, 0, 0, 2, 3, 1, 0, 0, 0, 0, 0, : 4, 5, 1, 5, 5, 1, 42, 2, 3, 41, 41, 4, 1, 1, 1, 3, 2, 1, 5, 2, 2, 3, 5, 2, 1, 43, 4, 5, 4, 1, 42, 4, 42, 5, 3, 3, 5, 40, 3, 3, 3, 44, 2, 1, 2, 4, 1, 4, 2, 3, 40, 2, 3, 1, 
80: 3, 0, 0, 0, 0, 0, 0, 0, 2, 2, 0, 44, 0, 2, 0, 4, 0, 5, 3, 1, 4, 4, 0, 0, 2, 1, 0, 0, 0, 4, 2, 3, 0, 0, 1, 0, 0, 2, 0, 3, 44, 4, 5, 0, 0, 0, 0, 0, 4, 0, 0, 0, 3, 1, 0, 0, 0, 0, 42, 1, 0, 0, 0, 1, 5, 0, 0, 3, 1, 0, 1, 40, 0, 0, 2, 0, 2, 44, 4, 4, 0, 0, 0, 0, 0, 0, 0, 4, 4, 2, 4, 0, 2, 3, 0, 0, 0, 1, 0, 4, 5, 5, 0, 4, 0, 0, 0, 0, 0, 1, 42, 43, 1, 0, 1, 2, 0, 5, 0, 2, : 3, 2, 2, 44, 2, 4, 5, 3, 1, 4, 4, 2, 1, 4, 2, 3, 1, 2, 3, 44, 4, 5, 4, 3, 1, 42, 1, 1, 5, 3, 1, 1, 40, 2, 2, 44, 4, 4, 4, 4, 2, 4, 2, 3, 1, 4, 5, 5, 4, 1, 42, 43, 1, 1, 2, 5, 2, 
184: 0, 2, 5, 1, 2, 0, 1, 0, 0, 4, 5, 0, 2, 1, 1, 0, 0, 0, 0, 5, 43, 0, 0, 0, 0, 0, 1, 0, 0, 0, 1, 41, 2, 4, 3, 0, 4, 0, 0, 3, 40, 0, 1, 4, 3, 5, 5, 1, 0, 43, 5, 2, 0, 43, 3, 0, 0, 5, 0, 44, 5, 3, 0, 4, 43, 5, 1, 4, 0, 0, 4, 41, 0, 2, 0, 0, 4, 0, 0, 0, 43, 0, 43, 3, 0, 0, 5, 5, 0, 2, 3, 0, 5, 44, 0, 0, 0, 1, 1, 1, 0, 4, 0, 0, 0, 2, 0, 0, 2, 0, 0, 0, 41, 0, 0, 0, 1, 0, 0, 0, : 2, 5, 1, 2, 1, 4, 5, 2, 1, 1, 5, 43, 1, 1, 41, 2, 4, 3, 4, 3, 40, 1, 4, 3, 5, 5, 1, 43, 5, 2, 43, 3, 5, 44, 5, 3, 4, 43, 5, 1, 4, 4, 41, 2, 4, 43, 43, 3, 5, 5, 2, 3, 5, 44, 1, 1, 1, 4, 2, 2, 41, 1, 
169: 3, 2, 3, 0, 0, 0, 1, 4, 0, 1, 5, 0, 0, 5, 0, 0, 4, 0, 0, 0, 4, 1, 0, 2, 1, 0, 1, 2, 0, 0, 43, 0, 0, 0, 2, 1, 2, 0, 3, 0, 0, 0, 4, 0, 3, 5, 5, 0, 0, 0, 0, 1, 3, 0, 0, 5, 1, 0, 2, 2, 5, 0, 0, 3, 0, 0, 2, 0, 5, 5, 5, 0, 1, 0, 43, 0, 0, 2, 4, 43, 0, 1, 0, 1, 0, 5, 3, 0, 5, 3, 0, 0, 0, 1, 0, 0, 0, 2, 44, 2, 0, 4, 0, 0, 0, 0, 41, 5, 0, 0, 0, 5, 4, 5, 0, 1, 0, 43, 0, 0, : 3, 2, 3, 1, 4, 1, 5, 5, 4, 4, 1, 2, 1, 1, 2, 43, 2, 1, 2, 3, 4, 3, 5, 5, 1, 3, 5, 1, 2, 2, 5, 3, 2, 5, 5, 5, 1, 43, 2, 4, 43, 1, 1, 5, 3, 5, 3, 1, 2, 44, 2, 4, 41, 5, 5, 4, 5, 1, 43, 
188: 2, 0, 0, 44, 3, 0, 0, 0, 0, 0, 0, 0, 40, 0, 0, 0, 3, 0, 5, 1, 1, 0, 0, 0, 4, 41, 42, 0, 1, 4, 4, 0, 0, 0, 2, 3, 0, 2, 0, 5, 5, 0, 2, 0, 0, 0, 4, 0, 1, 5, 0, 40, 3, 0, 2, 0, 0, 3, 0, 4, 0, 0, 0, 0, 0, 3, 0, 42, 0, 0, 2, 0, 0, 1, 0, 0, 0, 0, 0, 4, 0, 0, 4, 0, 1, 0, 2, 4, 4, 4, 2, 4, 2, 3, 0, 0, 0, 3, 3, 2, 5, 0, 4, 2, 0, 0, 0, 0, 0, 4, 0, 1, 0, 0, 0, 3, 0, 43, 0, 0, : 2, 44, 3, 40, 3, 5, 1, 1, 4, 41, 42, 1, 4, 4, 2, 3, 2, 5, 5, 2, 4, 1, 5, 40, 3, 2, 3, 4, 3, 42, 2, 1, 4, 4, 1, 2, 4, 4, 4, 2, 4, 2, 3, 3, 3, 2, 5, 4, 2, 4, 1, 3, 43, 
147: 0, 40, 0, 0, 0, 0, 0, 0, 0, 1, 0, 5, 0, 0, 5, 0, 0, 0, 0, 0, 1, 0, 1, 3, 3, 0, 0, 0, 0, 3, 2, 0, 0, 0, 4, 40, 0, 2, 0, 0, 0, 0, 0, 40, 2, 0, 40, 5, 42, 0, 5, 0, 2, 4, 0, 2, 0, 0, 3, 0, 5, 42, 3, 3, 0, 4, 3, 0, 5, 2, 0, 0, 0, 0, 0, 1, 0, 0, 40, 1, 2, 1, 2, 0, 0, 3, 0, 1, 3, 1, 4, 1, 0, 0, 0, 0, 0, 3, 0, 4, 0, 0, 4, 0, 0, 0, 0, 0, 2, 0, 0, 4, 0, 2, 4, 4, 43, 5, 0, 0, : 40, 1, 5, 5, 1, 1, 3, 3, 3, 2, 4, 40, 2, 40, 2, 40, 5, 42, 5, 2, 4, 2, 3, 5, 42, 3, 3, 4, 3, 5, 2, 1, 40, 1, 2, 1, 2, 3, 1, 3, 1, 4, 1, 3, 4, 4, 2, 4, 2, 4, 4, 43, 5, 
25: 4, 0, 0, 3, 5, 1, 3, 3, 4, 4, 2, 5, 4, 0, 0, 0, 0, 0, 3, 4, 3, 5, 0, 0, 5, 0, 0, 3, 0, 2, 0, 0, 0, 1, 0, 0, 0, 1, 2, 1, 0, 0, 3, 0, 0, 4, 4, 3, 42, 5, 0, 2, 0, 44, 1, 2, 0, 1, 0, 0, 0, 0, 0, 0, 0, 0, 0, 0, 2, 4, 1, 0, 3, 0, 0, 5, 0, 5, 44, 0, 0, 0, 4, 0, 0, 0, 5, 0, 0, 5, 2, 0, 5, 2, 3, 2, 0, 0, 3, 1, 0, 1, 0, 1, 0, 2, 42, 0, 0, 3, 0, 0, 0, 5, 2, 0, 0, 41, 0, 0, : 4, 3, 5, 1, 3, 3, 4, 4, 2, 5, 4, 3, 4, 3, 5, 5, 3, 2, 1, 1, 2, 1, 3, 4, 4, 3, 42, 5, 2, 44, 1, 2, 1, 2, 4, 1, 3, 5, 5, 44, 4, 5, 5, 2, 5, 2, 3, 2, 3, 1, 1, 1, 2, 42, 3, 5, 2, 41, 
115: 0, 4, 2, 0, 1, 42, 3, 3, 1, 4, 0, 3, 0, 0, 5, 44, 0, 40, 3, 1, 0, 0, 1, 40, 4, 0, 0, 5, 0, 0, 1, 0, 0, 0, 5, 0, 3, 3, 0, 0, 3, 0, 4, 3, 2, 0, 0, 0, 3, 1, 0, 2, 1, 2, 0, 0, 0, 0, 2, 0, 4, 0, 5, 4, 1, 0, 0, 5, 2, 0, 0, 0, 0, 0, 2, 3, 0, 3, 0, 0, 0, 3, 2, 0, 5, 0, 0, 3, 0, 0, 0, 3, 3, 5, 0, 3, 0, 3, 4, 4, 4, 0, 2, 2, 0, 0, 4, 5, 1, 0, 0, 5, 0, 3, 2, 0, 0, 2, 2, 2, : 4, 2, 1, 42, 3, 3, 1, 4, 3, 5, 44, 40, 3, 1, 1, 40, 4, 5, 1, 5, 3, 3, 3, 4, 3, 2, 3, 1, 2, 1, 2, 2, 4, 5, 4, 1, 5, 2, 2, 3, 3, 3, 2, 5, 3, 3, 3, 5, 3, 3, 4, 4, 4, 2, 2, 4, 5, 1, 5, 3, 2, 2, 2, 2, 
221: 5, 4, 0, 0, 0, 40, 5, 43, 0, 5, 0, 4, 0, 4, 1, 1, 4, 0, 1, 0, 2, 0, 0, 0, 1, 0, 0, 0, 0, 4, 4, 0, 2, 0, 0, 0, 0, 0, 2, 2, 4, 0, 0, 0, 1, 0, 1, 3, 0, 3, 0, 3, 3, 42, 0, 0, 0, 1, 0, 4, 0, 2, 0, 2, 1, 1, 0, 0, 0, 0, 5, 0, 0, 5, 2, 3, 43, 0, 4, 0, 0, 2, 0, 3, 0, 0, 5, 1, 3, 0, 0, 0, 2, 1, 44, 5, 0, 41, 2, 3, 0, 0, 0, 0, 0, 0, 0, 0, 42, 5, 2, 0, 0, 0, 0, 0, 3, 1, 0, 0, : 5, 4, 40, 5, 43, 5, 4, 4, 1, 1, 4, 1, 2, 1, 4, 4, 2, 2, 2, 4, 1, 1, 3, 3, 3, 3, 42, 1, 4, 2, 2, 1, 1, 5, 5, 2, 3, 43, 4, 2, 3, 5, 1, 3, 2, 1, 44, 5, 41, 2, 3, 42, 5, 2, 3, 1, 
20: 40, 0, 3, 0, 4, 0, 3, 2, 2, 5, 0, 0, 0, 4, 0, 0, 0, 0, 5, 2, 4, 0, 0, 42, 0, 0, 4, 0, 0, 0, 1, 0, 2, 0, 4, 43, 0, 0, 0, 3, 0, 2, 4, 5, 0, 4, 1, 4, 4, 2, 0, 2, 0, 2, 0, 0, 0, 0, 0, 1, 1, 0, 0, 3, 5, 0, 0, 0, 40, 0, 0, 0, 0, 5, 1, 1, 0, 2, 0, 2, 1, 2, 1, 0, 0, 0, 1, 0, 3, 0, 4, 0, 0, 0, 43, 1, 3, 5, 4, 41, 0, 0, 2, 2, 0, 0, 4, 0, 0, 5, 0, 0, 0, 0, 4, 0, 0, 1, 2, 0, : 40, 3, 4, 3, 2, 2, 5, 4, 5, 2, 4, 42, 4, 1, 2, 4, 43, 3, 2, 4, 5, 4, 1, 4, 4, 2, 2, 2, 1, 1, 3, 5, 40, 5, 1, 1, 2, 2, 1, 2, 1, 1, 3, 4, 43, 1, 3, 5, 4, 41, 2, 2, 4, 5, 4, 1, 2, 
233: 1, 3, 0, 0, 4, 5, 0, 0, 3, 4, 0, 3, 2, 3, 0, 0, 0, 0, 0, 3, 0, 0, 3, 4, 0, 2, 3, 0, 2, 1, 3, 0, 0, 0, 0, 0, 5, 0, 0, 0, 3, 0, 0, 0, 42, 4, 3, 0, 4, 0, 0, 2, 5, 1, 0, 0, 4, 0, 0, 1, 0, 0, 0, 1, 0, 0, 0, 0, 0, 0, 0, 0, 1, 0, 4, 4, 2, 3, 0, 0, 0, 42, 0, 0, 0, 0, 0, 4, 0, 0, 0, 0, 0, 2, 0, 0, 0, 4, 1, 0, 43, 1, 2, 0, 0, 5, 0, 0, 4, 0, 40, 0, 1, 3, 40, 0, 0, 2, 4, 0, : 1, 3, 4, 5, 3, 4, 3, 2, 3, 3, 3, 4, 2, 3, 2, 1, 3, 5, 3, 42, 4, 3, 4, 2, 5, 1, 4, 1, 1, 1, 4, 4, 2, 3, 42, 4, 2, 4, 1, 43, 1, 2, 5, 4, 40, 1, 3, 40, 2, 4, 
182: 0, 0, 0, 3, 1, 4, 3, 0, 0, 0, 41, 0, 0, 0, 5, 0, 1, 2, 0, 0, 0, 2, 0, 40, 40, 0, 0, 1, 3, 0, 3, 42, 2, 0, 4, 1, 0, 0, 4, 4, 0, 0, 40, 0, 1, 2, 42, 5, 0, 4, 1, 2, 3, 5, 0, 0, 0, 4, 0, 4, 0, 0, 5, 2, 3, 0, 3, 3, 2, 0, 0, 0, 1, 5, 4, 4, 0, 0, 5, 2, 2, 0, 1, 5, 0, 43, 0, 0, 5, 5, 3, 1, 0, 0, 0, 0, 1, 0, 1, 0, 0, 0, 2, 0, 5, 3, 5, 0, 0, 3, 0, 2, 0, 0, 5, 0, 3, 2, 4, 3, : 3, 1, 4, 3, 41, 5, 1, 2, 2, 40, 40, 1, 3, 3, 42, 2, 4, 1, 4, 4, 40, 1, 2, 42, 5, 4, 1, 2, 3, 5, 4, 4, 5, 2, 3, 3, 3, 2, 1, 5, 4, 4, 5, 2, 2, 1, 5, 43, 5, 5, 3, 1, 1, 1, 2, 5, 3, 5, 3, 2, 5, 3, 2, 4, 3, 
166: 42, 0, 40, 0, 0, 0, 4, 4, 0, 0, 2, 0, 5, 2, 0, 0, 4, 0, 3, 40, 0, 5, 2, 0, 1, 4, 1, 0, 0, 4, 3, 2, 3, 0, 2, 1, 43, 0, 1, 0, 3, 0, 2, 0, 0, 5, 0, 5, 0, 0, 0, 40, 0, 2, 2, 0, 4, 0, 0, 0, 3, 0, 5, 40, 2, 1, 0, 4, 0, 5, 0, 0, 0, 0, 2, 0, 0, 0, 0, 0, 1, 1, 0, 0, 0, 0, 1, 1, 1, 1, 4, 0, 3, 0, 0, 0, 0, 0, 43, 5, 0, 4, 0, 1, 3, 3, 0, 0, 0, 0, 3, 0, 2, 0, 0, 0, 0, 5, 0, 0, : 42, 40, 4, 4, 2, 5, 2, 4, 3, 40, 5, 2, 1, 4, 1, 4, 3, 2, 3, 2, 1, 43, 1, 3, 2, 5, 5, 40, 2, 2, 4, 3, 5, 40, 2, 1, 4, 5, 2, 1, 1, 1, 1, 1, 1, 4, 3, 43, 5, 4, 1, 3, 3, 3, 2, 5, 
63: 2, 43, 0, 0, 0, 0, 0, 0, 0, 1, 1, 0, 4, 5, 1, 0, 0, 1, 3, 3, 4, 4, 0, 0, 1, 0, 0, 0, 0, 2, 2, 0, 42, 0, 0, 0, 0, 2, 0, 0, 0, 0, 2, 4, 0, 5, 0, 2, 3, 4, 0, 5, 2, 3, 0, 40, 0, 0, 1, 43, 4, 4, 0, 3, 0, 0, 40, 0, 0, 4, 1, 44, 4, 1, 1, 0, 0, 0, 0, 4, 5, 4, 0, 0, 0, 0, 40, 4, 0, 3, 0, 41, 5, 2, 0, 0, 4, 3, 1, 0, 0, 0, 0, 2, 43, 0, 0, 0, 0, 3, 0, 5, 0, 0, 0, 5, 2, 3, 5, 1, : 2, 43, 1, 1, 4, 5, 1, 1, 3, 3, 4, 4, 1, 2, 2, 42, 2, 2, 4, 5, 2, 3, 4, 5, 2, 3, 40, 1, 43, 4, 4, 3, 40, 4, 1, 44, 4, 1, 1, 4, 5, 4, 40, 4, 3, 41, 5, 2, 4, 3, 1, 2, 43, 3, 5, 5, 2, 3, 5, 1, 
24: 4, 5, 1, 0, 4, 0, 0, 0, 4, 4, 4, 3, 4, 2, 0, 0, 0, 42, 0, 5, 1, 0, 0, 0, 0, 3, 2, 1, 0, 5, 3, 0, 0, 0, 0, 0, 5, 2, 0, 1, 0, 2, 2, 0, 0, 0, 4, 5, 3, 3, 0, 1, 43, 0, 0, 0, 3, 0, 0, 3, 0, 1, 3, 1, 0, 3, 4, 1, 0, 0, 0, 2, 0, 1, 2, 2, 0, 0, 0, 1, 0, 0, 0, 4, 0, 41, 0, 0, 1, 0, 3, 3, 3, 1, 0, 3, 1, 1, 0, 4, 0, 4, 1, 0, 1, 0, 0, 5, 0, 0, 0, 3, 42, 0, 1, 3, 0, 3, 0, 0, : 4, 5, 1, 4, 4, 4, 4, 3, 4, 2, 42, 5, 1, 3, 2, 1, 5, 3, 5, 2, 1, 2, 2, 4, 5, 3, 3, 1, 43, 3, 3, 1, 3, 1, 3, 4, 1, 2, 1, 2, 2, 1, 4, 41, 1, 3, 3, 3, 1, 3, 1, 1, 4, 4, 1, 1, 5, 3, 42, 1, 3, 3, 
18: 3, 0, 0, 0, 1, 5, 0, 3, 0, 3, 2, 43, 5, 0, 5, 0, 4, 41, 0, 4, 0, 0, 2, 41, 5, 0, 0, 0, 0, 2, 0, 0, 5, 41, 3, 0, 0, 41, 3, 0, 0, 0, 4, 1, 0, 0, 1, 0, 0, 0, 5, 5, 0, 0, 0, 2, 2, 2, 3, 2, 0, 3, 0, 0, 0, 1, 4, 4, 4, 5, 5, 0, 0, 0, 0, 0, 0, 0, 1, 4, 4, 0, 0, 0, 2, 1, 4, 0, 3, 42, 0, 4, 0, 0, 0, 4, 0, 0, 1, 2, 0, 0, 1, 0, 4, 0, 1, 0, 4, 1, 0, 3, 0, 0, 2, 0, 0, 0, 0, 0, : 3, 1, 5, 3, 3, 2, 43, 5, 5, 4, 41, 4, 2, 41, 5, 2, 5, 41, 3, 41, 3, 4, 1, 1, 5, 5, 2, 2, 2, 3, 2, 3, 1, 4, 4, 4, 5, 5, 1, 4, 4, 2, 1, 4, 3, 42, 4, 4, 1, 2, 1, 4, 1, 4, 1, 3, 2, 
135: 4, 0, 1, 0, 0, 4, 0, 0, 0, 1, 4, 2, 2, 1, 3, 41, 0, 0, 3, 1, 0, 0, 0, 1, 5, 2, 0, 0, 1, 5, 2, 0, 0, 0, 3, 2, 0, 1, 0, 0, 0, 0, 0, 4, 0, 3, 4, 4, 0, 0, 1, 0, 2, 0, 43, 0, 0, 3, 5, 0, 43, 4, 0, 0, 44, 0, 0, 2, 0, 0, 0, 0, 0, 5, 0, 0, 4, 0, 5, 3, 43, 42, 43, 0, 40, 0, 3, 0, 5, 41, 0, 0, 0, 5, 0, 0, 0, 0, 5, 0, 0, 5, 0, 3, 3, 2, 43, 0, 1, 41, 0, 0, 3, 2, 0, 0, 0, 4, 4, 0, : 4, 1, 4, 1, 4, 2, 2, 1, 3, 41, 3, 1, 1, 5, 2, 1, 5, 2, 3, 2, 1, 4, 3, 4, 4, 1, 2, 43, 3, 5, 43, 4, 44, 2, 5, 4, 5, 3, 43, 42, 43, 40, 3, 5, 41, 5, 5, 5, 3, 3, 2, 43, 1, 41, 3, 2, 4, 4, 
2: 0, 0, 1, 0, 2, 1, 1, 2, 2, 0, 2, 2, 2, 0, 4, 0, 0, 2, 5, 4, 5, 0, 0, 0, 40, 0, 0, 0, 4, 0, 1, 0, 0, 1, 2, 0, 0, 2, 44, 2, 0, 0, 5, 4, 2, 40, 0, 0, 2, 1, 0, 0, 1, 2, 1, 4, 0, 4, 0, 0, 0, 0, 0, 4, 2, 4, 0, 4, 0, 1, 41, 0, 0, 0, 0, 4, 44, 0, 44, 4, 4, 0, 0, 0, 0, 0, 0, 0, 3, 3, 0, 4, 0, 2, 0, 3, 0, 1, 0, 0, 2, 0, 3, 1, 0, 42, 1, 4, 0, 0, 0, 0, 0, 44, 4, 3, 1, 1, 0, 0, : 1, 2, 1, 1, 2, 2, 2, 2, 2, 4, 2, 5, 4, 5, 40, 4, 1, 1, 2, 2, 44, 2, 5, 4, 2, 40, 2, 1, 1, 2, 1, 4, 4, 4, 2, 4, 4, 1, 41, 4, 44, 44, 4, 4, 3, 3, 4, 2, 3, 1, 2, 3, 1, 42, 1, 4, 44, 4, 3, 1, 1, 
228: 0, 3, 0, 1, 5, 4, 5, 5, 0, 0, 2, 0, 0, 44, 2, 2, 0, 0, 0, 0, 0, 3, 0, 0, 0, 0, 0, 5, 3, 4, 0, 0, 41, 0, 4, 44, 0, 0, 40, 0, 0, 0, 3, 0, 2, 0, 5, 42, 0, 0, 43, 2, 3, 3, 1, 2, 3, 0, 0, 0, 0, 3, 1, 0, 0, 0, 0, 0, 4, 44, 0, 0, 0, 2, 0, 1, 4, 0, 0, 0, 0, 1, 1, 0, 0, 5, 0, 5, 0, 4, 2, 2, 3, 0, 0, 43, 2, 0, 1, 0, 0, 4, 1, 5, 4, 0, 3, 0, 0, 1, 42, 0, 3, 0, 3, 0, 3, 0, 0, 0, : 3, 1, 5, 4, 5, 5, 2, 44, 2, 2, 3, 5, 3, 4, 41, 4, 44, 40, 3, 2, 5, 42, 43, 2, 3, 3, 1, 2, 3, 3, 1, 4, 44, 2, 1, 4, 1, 1, 5, 5, 4, 2, 2, 3, 43, 2, 1, 4, 1, 5, 4, 3, 1, 42, 3, 3, 3, 
112: 0, 0, 0, 3, 1, 0, 3, 3, 0, 4, 1, 0, 0, 0, 0, 0, 0, 0, 1, 2, 0, 0, 0, 1, 5, 41, 5, 0, 3, 1, 1, 43, 0, 0, 5, 0, 0, 0, 0, 0, 0, 0, 0, 0, 0, 0, 0, 0, 1, 0, 1, 0, 0, 0, 0, 0, 1, 0, 0, 0, 2, 0, 3, 5, 1, 0, 0, 0, 1, 0, 0, 0, 0, 5, 2, 0, 0, 2, 5, 5, 4, 0, 41, 3, 1, 0, 0, 2, 4, 4, 3, 4, 0, 1, 0, 4, 3, 2, 0, 0, 0, 0, 5, 43, 0, 0, 0, 1, 0, 3, 0, 4, 0, 4, 0, 4, 0, 0, 0, 0, : 3, 1, 3, 3, 4, 1, 1, 2, 1, 5, 41, 5, 3, 1, 1, 43, 5, 1, 1, 1, 2, 3, 5, 1, 1, 5, 2, 2, 5, 5, 4, 41, 3, 1, 2, 4, 4, 3, 4, 1, 4, 3, 2, 5, 43, 1, 3, 4, 4, 4, 
53: 0, 4, 2, 0, 0, 3, 2, 0, 0, 4, 0, 1, 0, 1, 0, 0, 0, 44, 5, 4, 0, 1, 4, 4, 0, 2, 0, 0, 3, 0, 4, 2, 0, 0, 0, 1, 0, 1, 0, 0, 5, 0, 0, 1, 0, 0, 5, 0, 2, 40, 0, 0, 0, 2, 0, 5, 0, 1, 0, 0, 0, 3, 0, 0, 0, 0, 0, 5, 0, 5, 2, 5, 0, 0, 4, 1, 0, 0, 0, 3, 1, 3, 0, 0, 2, 4, 0, 42, 5, 0, 2, 3, 2, 0, 0, 3, 0, 0, 2, 0, 0, 0, 4, 0, 0, 0, 1, 41, 3, 0, 0, 5, 0, 5, 2, 0, 1, 0, 1, 4, : 4, 2, 3, 2, 4, 1, 1, 44, 5, 4, 1, 4, 4, 2, 3, 4, 2, 1, 1, 5, 1, 5, 2, 40, 2, 5, 1, 3, 5, 5, 2, 5, 4, 1, 3, 1, 3, 2, 4, 42, 5, 2, 3, 2, 3, 2, 4, 1, 41, 3, 5, 5, 2, 1, 1, 4, 
61: 1, 0, 0, 1, 1, 0, 0, 5, 0, 5, 0, 2, 0, 4, 1, 0, 0, 0, 1, 0, 1, 0, 4, 3, 4, 0, 0, 0, 3, 4, 1, 1, 5, 0, 4, 4, 0, 0, 4, 0, 0, 0, 0, 3, 5, 5, 0, 1, 40, 0, 0, 0, 0, 5, 3, 0, 0, 0, 1, 41, 1, 0, 5, 0, 4, 0, 2, 4, 41, 4, 1, 0, 0, 0, 40, 2, 0, 0, 0, 0, 0, 0, 2, 2, 0, 0, 0, 2, 4, 1, 0, 0, 3, 0, 0, 4, 0, 5, 2, 5, 1, 0, 0, 3, 0, 43, 0, 2, 43, 44, 2, 0, 1, 0, 3, 2, 0, 41, 0, 2, : 1, 1, 1, 5, 5, 2, 4, 1, 1, 1, 4, 3, 4, 3, 4, 1, 1, 5, 4, 4, 4, 3, 5, 5, 1, 40, 5, 3, 1, 41, 1, 5, 4, 2, 4, 41, 4, 1, 40, 2, 2, 2, 2, 4, 1, 3, 4, 5, 2, 5, 1, 3, 43, 2, 43, 44, 2, 1, 3, 2, 41, 2, 
27: 0, 0, 42, 0, 40, 0, 0, 43, 0, 0, 3, 4, 0, 0, 0, 0, 0, 0, 0, 5, 3, 4, 2, 0, 2, 0, 0, 0, 2, 3, 5, 0, 2, 3, 0, 5, 0, 3, 0, 0, 0, 0, 0, 1, 0, 0, 1, 0, 0, 0, 0, 2, 1, 0, 0, 0, 0, 0, 0, 2, 0, 2, 1, 0, 0, 0, 5, 1, 0, 0, 0, 1, 5, 0, 0, 3, 0, 3, 5, 2, 5, 0, 0, 4, 0, 0, 0, 1, 1, 2, 5, 2, 2, 0, 4, 5, 0, 0, 44, 0, 5, 0, 5, 0, 1, 1, 3, 3, 0, 0, 0, 0, 0, 0, 2, 0, 0, 0, 0, 2, : 42, 40, 43, 3, 4, 5, 3, 4, 2, 2, 2, 3, 5, 2, 3, 5, 3, 1, 1, 2, 1, 2, 2, 1, 5, 1, 1, 5, 3, 3, 5, 2, 5, 4, 1, 1, 2, 5, 2, 2, 4, 5, 44, 5, 5, 1, 1, 3, 3, 2, 2, 
55: 4, 0, 3, 0, 4, 3, 0, 0, 0, 3, 3, 3, 3, 0, 0, 41, 2, 0, 2, 0, 5, 0, 0, 2, 0, 0, 4, 5, 3, 5, 0, 42, 0, 3, 3, 0, 0, 2, 0, 0, 5, 0, 5, 0, 4, 0, 1, 4, 3, 0, 3, 3, 0, 3, 0, 5, 3, 0, 0, 3, 41, 0, 3, 0, 0, 0, 1, 0, 2, 5, 5, 0, 0, 4, 41, 0, 0, 5, 0, 4, 0, 0, 3, 2, 0, 0, 0, 3, 0, 0, 0, 5, 5, 0, 0, 0, 2, 0, 2, 5, 0, 0, 5, 0, 0, 0, 1, 0, 3, 5, 0, 3, 41, 4, 0, 0, 1, 0, 42, 0, : 4, 3, 4, 3, 3, 3, 3, 3, 41, 2, 2, 5, 2, 4, 5, 3, 5, 42, 3, 3, 2, 5, 5, 4, 1, 4, 3, 3, 3, 3, 5, 3, 3, 41, 3, 1, 2, 5, 5, 4, 41, 5, 4, 3, 2, 3, 5, 5, 2, 2, 5, 5, 1, 3, 5, 3, 41, 4, 1, 42, 
90: 2, 0, 1, 0, 43, 0, 0, 5, 0, 4, 0, 5, 2, 0, 4, 0, 0, 3, 0, 3, 0, 0, 0, 0, 0, 43, 0, 0, 0, 0, 1, 3, 0, 5, 5, 5, 0, 0, 0, 3, 4, 0, 0, 0, 40, 4, 0, 2, 0, 0, 0, 0, 0, 1, 1, 3, 5, 1, 0, 1, 5, 44, 2, 3, 0, 1, 0, 0, 0, 5, 3, 0, 40, 0, 1, 0, 0, 43, 0, 3, 0, 0, 1, 3, 4, 0, 0, 5, 5, 40, 1, 0, 0, 0, 2, 0, 0, 4, 0, 3, 0, 2, 4, 0, 0, 0, 0, 4, 1, 5, 3, 1, 0, 2, 3, 0, 3, 40, 0, 2, : 2, 1, 43, 5, 4, 5, 2, 4, 3, 3, 43, 1, 3, 5, 5, 5, 3, 4, 40, 4, 2, 1, 1, 3, 5, 1, 1, 5, 44, 2, 3, 1, 5, 3, 40, 1, 43, 3, 1, 3, 4, 5, 5, 40, 1, 2, 4, 3, 2, 4, 4, 1, 5, 3, 1, 2, 3, 3, 40, 2, 
232: 3, 40, 2, 44, 5, 3, 2, 0, 3, 2, 1, 3, 0, 0, 0, 0, 4, 5, 0, 0, 1, 0, 0, 3, 3, 0, 0, 5, 1, 3, 2, 0, 0, 0, 2, 0, 0, 0, 0, 3, 2, 42, 5, 5, 0, 0, 0, 0, 0, 1, 0, 5, 1, 4, 0, 1, 2, 0, 5, 0, 0, 4, 2, 3, 0, 4, 2, 0, 1, 0, 0, 0, 3, 0, 1, 0, 0, 1, 0, 0, 40, 1, 3, 2, 2, 5, 40, 0, 3, 3, 3, 0, 0, 0, 1, 0, 0, 2, 4, 0, 0, 0, 5, 3, 4, 4, 4, 0, 2, 0, 41, 5, 0, 1, 44, 0, 0, 0, 4, 0, : 3, 40, 2, 44, 5, 3, 2, 3, 2, 1, 3, 4, 5, 1, 3, 3, 5, 1, 3, 2, 2, 3, 2, 42, 5, 5, 1, 5, 1, 4, 1, 2, 5, 4, 2, 3, 4, 2, 1, 3, 1, 1, 40, 1, 3, 2, 2, 5, 40, 3, 3, 3, 1, 2, 4, 5, 3, 4, 4, 4, 2, 41, 5, 1, 44, 4, 
234: 2, 0, 4, 5, 0, 0, 42, 0, 0, 1, 0, 3, 0, 0, 0, 0, 42, 0, 0, 0, 0, 5, 0, 0, 5, 2, 41, 5, 5, 5, 3, 0, 0, 0, 3, 1, 0, 0, 0, 0, 2, 0, 0, 3, 0, 3, 40, 4, 4, 0, 5, 0, 4, 0, 3, 0, 40, 0, 1, 2, 0, 0, 1, 0, 0, 0, 0, 3, 3, 3, 4, 0, 1, 3, 0, 0, 0, 0, 0, 0, 3, 5, 3, 0, 3, 0, 0, 0, 4, 0, 0, 4, 1, 3, 4, 2, 0, 3, 0, 0, 1, 3, 43, 0, 0, 1, 2, 0, 0, 1, 0, 0, 43, 2, 3, 5, 4, 0, 2, 3, : 2, 4, 5, 42, 1, 3, 42, 5, 5, 2, 41, 5, 5, 5, 3, 3, 1, 2, 3, 3, 40, 4, 4, 5, 4, 3, 40, 1, 2, 1, 3, 3, 3, 4, 1, 3, 3, 5, 3, 3, 4, 4, 1, 3, 4, 2, 3, 1, 3, 43, 1, 2, 1, 43, 2, 3, 5, 4, 2, 3, 
207: 4, 0, 4, 1, 0, 2, 3, 2, 1, 2, 0, 0, 5, 1, 40, 1, 0, 0, 0, 3, 2, 0, 44, 2, 2, 0, 4, 0, 1, 0, 5, 3, 0, 0, 0, 0, 0, 5, 0, 0, 4, 0, 2, 3, 2, 0, 0, 40, 0, 0, 0, 4, 4, 4, 0, 1, 0, 1, 0, 1, 2, 0, 0, 4, 44, 0, 0, 4, 0, 2, 0, 0, 0, 5, 0, 1, 0, 0, 0, 3, 40, 5, 0, 0, 0, 0, 2, 3, 41, 5, 2, 0, 0, 5, 4, 4, 3, 0, 0, 2, 0, 2, 3, 2, 2, 3, 0, 5, 5, 1, 0, 0, 5, 0, 0, 0, 0, 0, 3, 0, : 4, 4, 1, 2, 3, 2, 1, 2, 5, 1, 40, 1, 3, 2, 44, 2, 2, 4, 1, 5, 3, 5, 4, 2, 3, 2, 40, 4, 4, 4, 1, 1, 1, 2, 4, 44, 4, 2, 5, 1, 3, 40, 5, 2, 3, 41, 5, 2, 5, 4, 4, 3, 2, 2, 3, 2, 2, 3, 5, 5, 1, 5, 3, 
37: 5, 0, 0, 5, 5, 3, 4, 0, 0, 4, 4, 2, 0, 1, 1, 0, 2, 0, 0, 4, 1, 1, 0, 0, 0, 0, 4, 43, 0, 1, 4, 0, 2, 0, 5, 0, 5, 0, 4, 41, 3, 5, 0, 3, 5, 0, 0, 5, 3, 0, 0, 2, 3, 0, 0, 5, 42, 0, 3, 3, 3, 0, 2, 0, 44, 2, 1, 3, 3, 0, 2, 0, 0, 0, 5, 0, 0, 0, 0, 3, 4, 0, 1, 0, 1, 0, 0, 3, 0, 3, 0, 0, 3, 1, 3, 0, 1, 0, 2, 0, 0, 3, 0, 5, 0, 3, 0, 0, 2, 0, 0, 0, 42, 43, 0, 0, 0, 0, 0, 0, : 5, 5, 5, 3, 4, 4, 4, 2, 1, 1, 2, 4, 1, 1, 4, 43, 1, 4, 2, 5, 5, 4, 41, 3, 5, 3, 5, 5, 3, 2, 3, 5, 42, 3, 3, 3, 2, 44, 2, 1, 3, 3, 2, 5, 3, 4, 1, 1, 3, 3, 3, 1, 3, 1, 2, 3, 5, 3, 2, 42, 43, 
122: 5, 5, 0, 1, 1, 4, 0, 0, 0, 2, 0, 2, 0, 5, 0, 0, 0, 0, 3, 0, 2, 2, 0, 0, 1, 5, 41, 0, 4, 0, 2, 4, 0, 0, 5, 0, 0, 0, 40, 0, 0, 0, 5, 0, 2, 0, 2, 0, 1, 3, 0, 1, 1, 0, 0, 3, 43, 0, 0, 1, 0, 2, 2, 0, 3, 0, 41, 4, 3, 1, 44, 0, 0, 0, 0, 2, 0, 0, 0, 2, 5, 0, 0, 2, 0, 1, 0, 4, 0, 0, 5, 0, 2, 1, 43, 0, 40, 3, 0, 0, 0, 0, 3, 0, 0, 0, 0, 3, 44, 1, 0, 42, 0, 0, 1, 0, 2, 0, 0, 0, : 5, 5, 1, 1, 4, 2, 2, 5, 3, 2, 2, 1, 5, 41, 4, 2, 4, 5, 40, 5, 2, 2, 1, 3, 1, 1, 3, 43, 1, 2, 2, 3, 41, 4, 3, 1, 44, 2, 2, 5, 2, 1, 4, 5, 2, 1, 43, 40, 3, 3, 3, 44, 1, 42, 1, 2, 
89: 0, 0, 0, 0, 4, 0, 4, 0, 0, 2, 3, 0, 0, 0, 0, 0, 0, 0, 4, 0, 1, 3, 0, 0, 1, 0, 4, 0, 0, 3, 5, 4, 0, 0, 0, 2, 1, 4, 0, 5, 1, 0, 0, 0, 0, 4, 0, 0, 0, 0, 2, 2, 3, 3, 3, 0, 0, 5, 0, 1, 41, 42, 3, 1, 0, 42, 5, 0, 2, 3, 0, 0, 44, 4, 0, 0, 0, 0, 0, 1, 1, 0, 1, 3, 0, 42, 4, 0, 2, 2, 0, 1, 0, 5, 0, 5, 0, 4, 2, 2, 0, 0, 0, 1, 3, 43, 0, 0, 4, 5, 4, 0, 0, 0, 2, 0, 0, 0, 2, 1, : 4, 4, 2, 3, 4, 1, 3, 1, 4, 3, 5, 4, 2, 1, 4, 5, 1, 4, 2, 2, 3, 3, 3, 5, 1, 41, 42, 3, 1, 42, 5, 2, 3, 44, 4, 1, 1, 1, 3, 42, 4, 2, 2, 1, 5, 5, 4, 2, 2, 1, 3, 43, 4, 5, 4, 2, 2, 1, 
14: 2, 5, 42, 0, 0, 4, 0, 4, 1, 0, 42, 1, 0, 0, 1, 0, 1, 3, 1, 0, 0, 1, 0, 0, 0, 0, 3, 0, 2, 2, 0, 5, 3, 0, 4, 0, 3, 0, 2, 5, 3, 0, 2, 0, 1, 0, 3, 2, 0, 0, 0, 0, 0, 0, 2, 4, 0, 0, 0, 0, 5, 0, 0, 41, 5, 0, 43, 3, 0, 0, 0, 3, 0, 1, 5, 0, 0, 3, 0, 1, 0, 0, 0, 0, 1, 0, 1, 3, 1, 3, 3, 3, 1, 4, 0, 0, 4, 4, 1, 5, 0, 0, 4, 3, 0, 2, 0, 0, 0, 0, 0, 1, 4, 0, 0, 0, 5, 0, 0, 0, : 2, 5, 42, 4, 4, 1, 42, 1, 1, 1, 3, 1, 1, 3, 2, 2, 5, 3, 4, 3, 2, 5, 3, 2, 1, 3, 2, 2, 4, 5, 41, 5, 43, 3, 3, 1, 5, 3, 1, 1, 1, 3, 1, 3, 3, 3, 1, 4, 4, 4, 1, 5, 4, 3, 2, 1, 4, 5, 
139: 0, 1, 0, 40, 0, 41, 3, 4, 5, 0, 1, 3, 2, 4, 0, 0, 3, 1, 2, 4, 5, 2, 0, 0, 0, 0, 2, 0, 0, 2, 0, 0, 0, 0, 2, 3, 0, 4, 0, 3, 0, 0, 2, 3, 4, 41, 5, 0, 2, 0, 0, 0, 0, 0, 2, 2, 1, 4, 0, 0, 1, 2, 0, 4, 0, 43, 0, 4, 3, 0, 0, 0, 0, 0, 42, 1, 0, 40, 0, 5, 2, 1, 0, 0, 2, 0, 0, 0, 1, 2, 0, 2, 43, 0, 41, 1, 3, 0, 0, 43, 2, 3, 0, 2, 42, 43, 2, 0, 1, 0, 0, 0, 4, 4, 0, 1, 0, 2, 0, 5, : 1, 40, 41, 3, 4, 5, 1, 3, 2, 4, 3, 1, 2, 4, 5, 2, 2, 2, 2, 3, 4, 3, 2, 3, 4, 41, 5, 2, 2, 2, 1, 4, 1, 2, 4, 43, 4, 3, 42, 1, 40, 5, 2, 1, 2, 1, 2, 2, 43, 41, 1, 3, 43, 2, 3, 2, 42, 43, 2, 1, 4, 4, 1, 2, 5, 
116: 0, 1, 0, 5, 3, 4, 2, 5, 2, 0, 0, 0, 0, 0, 42, 0, 4, 0, 44, 5, 0, 42, 2, 4, 40, 5, 0, 0, 0, 2, 0, 0, 5, 1, 0, 0, 0, 0, 43, 0, 0, 0, 2, 0, 44, 3, 1, 0, 2, 4, 1, 4, 0, 2, 2, 2, 1, 0, 0, 0, 0, 2, 0, 1, 3, 2, 0, 1, 0, 1, 1, 0, 43, 0, 44, 1, 0, 0, 0, 4, 5, 0, 0, 0, 0, 0, 0, 1, 3, 0, 0, 0, 4, 5, 1, 0, 0, 0, 2, 5, 0, 41, 0, 3, 2, 1, 0, 43, 0, 4, 0, 0, 0, 0, 0, 0, 0, 5, 3, 2, : 1, 5, 3, 4, 2, 5, 2, 42, 4, 44, 5, 42, 2, 4, 40, 5, 2, 5, 1, 43, 2, 44, 3, 1, 2, 4, 1, 4, 2, 2, 2, 1, 2, 1, 3, 2, 1, 1, 1, 43, 44, 1, 4, 5, 1, 3, 4, 5, 1, 2, 5, 41, 3, 2, 1, 43, 4, 5, 3, 2, 
130: 3, 0, 0, 0, 0, 5, 4, 0, 42, 44, 3, 0, 0, 2, 0, 42, 5, 0, 0, 2, 0, 2, 0, 5, 4, 0, 0, 42, 1, 1, 5, 5, 5, 0, 4, 3, 0, 2, 0, 0, 0, 2, 0, 4, 0, 0, 2, 40, 1, 0, 0, 0, 0, 0, 0, 42, 1, 44, 0, 4, 4, 0, 5, 5, 2, 0, 3, 3, 0, 0, 0, 1, 5, 0, 5, 0, 0, 0, 3, 4, 3, 0, 0, 0, 4, 0, 0, 5, 2, 1, 2, 0, 0, 3, 2, 4, 0, 3, 1, 0, 0, 2, 5, 0, 0, 1, 4, 3, 0, 0, 40, 3, 0, 1, 0, 0, 5, 0, 0, 0, : 3, 5, 4, 42, 44, 3, 2, 42, 5, 2, 2, 5, 4, 42, 1, 1, 5, 5, 5, 4, 3, 2, 2, 4, 2, 40, 1, 42, 1, 44, 4, 4, 5, 5, 2, 3, 3, 1, 5, 5, 3, 4, 3, 4, 5, 2, 1, 2, 3, 2, 4, 3, 1, 2, 5, 1, 4, 3, 40, 3, 1, 5, 
174: 0, 42, 5, 1, 0, 1, 4, 0, 0, 1, 0, 0, 3, 1, 0, 0, 0, 0, 0, 4, 0, 0, 5, 0, 0, 0, 0, 0, 0, 5, 1, 0, 3, 0, 4, 0, 0, 5, 5, 41, 0, 0, 0, 40, 1, 4, 1, 0, 2, 0, 1, 4, 44, 3, 0, 40, 3, 4, 3, 0, 2, 4, 4, 2, 0, 0, 0, 0, 0, 4, 0, 5, 5, 0, 4, 0, 0, 5, 0, 3, 2, 40, 0, 1, 0, 1, 3, 0, 4, 0, 0, 0, 0, 0, 42, 4, 0, 3, 2, 0, 0, 1, 4, 0, 3, 4, 4, 0, 0, 5, 0, 0, 0, 0, 3, 0, 44, 3, 0, 0, : 42, 5, 1, 1, 4, 1, 3, 1, 4, 5, 5, 1, 3, 4, 5, 5, 41, 40, 1, 4, 1, 2, 1, 4, 44, 3, 40, 3, 4, 3, 2, 4, 4, 2, 4, 5, 5, 4, 5, 3, 2, 40, 1, 1, 3, 4, 42, 4, 3, 2, 1, 4, 3, 4, 4, 5, 3, 44, 3, 
42: 40, 3, 0, 3, 0, 2, 43, 4, 0, 3, 2, 5, 5, 0, 0, 1, 0, 5, 5, 1, 5, 1, 3, 0, 2, 42, 0, 0, 43, 42, 5, 0, 0, 0, 5, 44, 0, 1, 1, 2, 4, 0, 0, 2, 0, 44, 0, 5, 2, 2, 0, 5, 0, 0, 5, 2, 0, 4, 0, 4, 2, 0, 0, 0, 2, 0, 43, 1, 1, 0, 0, 0, 5, 0, 2, 41, 0, 0, 0, 0, 0, 0, 5, 0, 0, 1, 0, 0, 3, 2, 0, 0, 40, 0, 0, 0, 0, 0, 0, 1, 1, 2, 0, 40, 0, 4, 0, 0, 40, 3, 2, 0, 5, 3, 0, 0, 0, 0, 0, 0, : 40, 3, 3, 2, 43, 4, 3, 2, 5, 5, 1, 5, 5, 1, 5, 1, 3, 2, 42, 43, 42, 5, 5, 44, 1, 1, 2, 4, 2, 44, 5, 2, 2, 5, 5, 2, 4, 4, 2, 2, 43, 1, 1, 5, 2, 41, 5, 1, 3, 2, 40, 1, 1, 2, 40, 4, 40, 3, 2, 5, 3, 
98: 0, 0, 44, 0, 5, 0, 0, 1, 4, 3, 3, 43, 4, 42, 3, 0, 0, 0, 4, 0, 2, 2, 41, 1, 0, 2, 0, 0, 5, 0, 0, 0, 0, 0, 0, 1, 0, 3, 42, 5, 0, 0, 5, 2, 3, 3, 5, 2, 0, 41, 0, 4, 3, 44, 0, 3, 0, 0, 0, 0, 5, 4, 4, 4, 1, 43, 0, 3, 2, 5, 0, 0, 0, 0, 0, 41, 0, 0, 43, 3, 5, 0, 5, 0, 43, 0, 0, 0, 2, 0, 0, 0, 0, 0, 1, 5, 0, 3, 0, 0, 3, 0, 5, 2, 0, 0, 0, 0, 0, 0, 0, 0, 41, 1, 1, 5, 1, 5, 0, 0, : 44, 5, 1, 4, 3, 3, 43, 4, 42, 3, 4, 2, 2, 41, 1, 2, 5, 1, 3, 42, 5, 5, 2, 3, 3, 5, 2, 41, 4, 3, 44, 3, 5, 4, 4, 4, 1, 43, 3, 2, 5, 41, 43, 3, 5, 5, 43, 2, 1, 5, 3, 3, 5, 2, 41, 1, 1, 5, 1, 5, 
156: 0, 2, 43, 41, 3, 0, 0, 2, 0, 5, 5, 5, 0, 0, 3, 42, 0, 0, 0, 41, 4, 0, 5, 0, 0, 0, 0, 0, 5, 42, 0, 0, 4, 0, 3, 1, 0, 4, 0, 1, 5, 4, 0, 41, 3, 43, 0, 1, 0, 0, 3, 0, 0, 5, 0, 2, 0, 42, 0, 2, 0, 4, 0, 0, 4, 5, 0, 0, 0, 5, 3, 0, 0, 0, 0, 40, 0, 0, 5, 1, 0, 0, 5, 0, 0, 5, 4, 0, 2, 42, 2, 0, 0, 0, 2, 0, 0, 4, 1, 0, 0, 5, 0, 2, 0, 0, 1, 3, 5, 0, 5, 0, 0, 5, 4, 0, 0, 0, 0, 0, : 2, 43, 41, 3, 2, 5, 5, 5, 3, 42, 41, 4, 5, 5, 42, 4, 3, 1, 4, 1, 5, 4, 41, 3, 43, 1, 3, 5, 2, 42, 2, 4, 4, 5, 5, 3, 40, 5, 1, 5, 5, 4, 2, 42, 2, 2, 4, 1, 5, 2, 1, 3, 5, 5, 5, 4, 
177: 41, 2, 0, 0, 5, 0, 42, 0, 1, 1, 0, 1, 0, 4, 3, 1, 2, 0, 0, 40, 1, 5, 43, 0, 0, 1, 0, 0, 44, 1, 1, 0, 3, 42, 3, 4, 0, 0, 0, 40, 0, 2, 5, 4, 0, 0, 2, 0, 0, 0, 0, 0, 5, 0, 0, 2, 0, 2, 2, 2, 0, 0, 0, 3, 0, 1, 40, 2, 3, 40, 0, 0, 5, 0, 0, 0, 0, 1, 0, 0, 40, 40, 2, 0, 0, 5, 0, 0, 0, 0, 5, 0, 0, 5, 0, 4, 3, 42, 3, 1, 0, 3, 0, 0, 4, 0, 43, 0, 0, 1, 4, 5, 0, 1, 3, 4, 2, 0, 2, 0, : 41, 2, 5, 42, 1, 1, 1, 4, 3, 1, 2, 40, 1, 5, 43, 1, 44, 1, 1, 3, 42, 3, 4, 40, 2, 5, 4, 2, 5, 2, 2, 2, 2, 3, 1, 40, 2, 3, 40, 5, 1, 40, 40, 2, 5, 5, 5, 4, 3, 42, 3, 1, 3, 4, 43, 1, 4, 5, 1, 3, 4, 2, 2, 
91: 0, 0, 0, 0, 0, 0, 0, 5, 3, 3, 0, 0, 2, 1, 0, 5, 0, 0, 0, 2, 0, 3, 1, 0, 4, 1, 0, 1, 0, 4, 1, 0, 0, 40, 0, 0, 0, 1, 4, 3, 0, 0, 0, 4, 0, 0, 2, 1, 40, 41, 4, 4, 0, 0, 0, 0, 0, 3, 4, 0, 0, 0, 0, 0, 0, 1, 4, 5, 44, 1, 0, 0, 43, 0, 0, 4, 0, 40, 1, 0, 4, 41, 0, 1, 0, 1, 0, 0, 5, 2, 0, 44, 0, 1, 0, 3, 0, 1, 0, 4, 1, 0, 0, 1, 0, 4, 0, 0, 0, 4, 0, 4, 0, 4, 0, 1, 0, 2, 0, 5, : 5, 3, 3, 2, 1, 5, 2, 3, 1, 4, 1, 1, 4, 1, 40, 1, 4, 3, 4, 2, 1, 40, 41, 4, 4, 3, 4, 1, 4, 5, 44, 1, 43, 4, 40, 1, 4, 41, 1, 1, 5, 2, 44, 1, 3, 1, 4, 1, 1, 4, 4, 4, 4, 1, 2, 5, 
97: 40, 0, 0, 0, 5, 5, 1, 0, 4, 1, 0, 0, 4, 5, 5, 0, 0, 0, 4, 0, 0, 0, 0, 0, 2, 43, 0, 0, 0, 5, 2, 0, 0, 0, 0, 0, 44, 0, 0, 4, 4, 43, 0, 4, 1, 0, 0, 0, 0, 0, 0, 0, 3, 42, 41, 0, 41, 0, 0, 2, 3, 0, 40, 0, 0, 0, 1, 0, 1, 0, 2, 0, 0, 2, 0, 0, 0, 2, 0, 4, 4, 0, 5, 0, 0, 0, 0, 2, 1, 2, 2, 0, 1, 0, 3, 0, 1, 2, 1, 1, 5, 1, 0, 0, 2, 0, 4, 5, 2, 5, 0, 0, 0, 0, 0, 0, 0, 1, 2, 0, : 40, 5, 5, 1, 4, 1, 4, 5, 5, 4, 2, 43, 5, 2, 44, 4, 4, 43, 4, 1, 3, 42, 41, 41, 2, 3, 40, 1, 1, 2, 2, 2, 4, 4, 5, 2, 1, 2, 2, 1, 3, 1, 2, 1, 1, 5, 1, 2, 4, 5, 2, 5, 1, 2, 
21: 5, 0, 0, 0, 4, 0, 4, 0, 0, 1, 0, 0, 1, 0, 0, 0, 0, 0, 0, 0, 0, 2, 2, 5, 0, 4, 0, 0, 0, 1, 2, 0, 0, 0, 4, 3, 5, 1, 0, 0, 2, 42, 0, 0, 0, 0, 2, 4, 0, 0, 0, 2, 1, 0, 0, 0, 0, 43, 4, 0, 0, 0, 0, 0, 0, 0, 5, 44, 0, 4, 0, 0, 0, 44, 0, 0, 0, 5, 0, 42, 5, 0, 40, 0, 0, 0, 0, 0, 0, 2, 0, 0, 2, 4, 0, 1, 0, 0, 0, 0, 0, 3, 5, 0, 0, 0, 41, 0, 0, 2, 0, 0, 0, 2, 0, 0, 4, 0, 0, 43, : 5, 4, 4, 1, 1, 2, 2, 5, 4, 1, 2, 4, 3, 5, 1, 2, 42, 2, 4, 2, 1, 43, 4, 5, 44, 4, 44, 5, 42, 5, 40, 2, 2, 4, 1, 3, 5, 41, 2, 2, 4, 43, 
3: 0, 0, 0, 2, 2, 1, 0, 0, 2, 2, 0, 0, 0, 0, 5, 1, 0, 2, 0, 0, 1, 0, 3, 0, 2, 0, 0, 0, 0, 0, 5, 2, 0, 1, 3, 0, 0, 3, 0, 3, 1, 0, 5, 3, 5, 0, 5, 0, 4, 4, 0, 5, 3, 5, 0, 0, 0, 0, 0, 40, 0, 5, 0, 0, 0, 2, 0, 5, 0, 43, 3, 2, 0, 0, 0, 0, 1, 0, 0, 5, 0, 0, 1, 5, 2, 0, 1, 0, 2, 0, 0, 0, 4, 3, 4, 5, 42, 3, 5, 0, 0, 0, 0, 1, 0, 0, 0, 3, 0, 0, 0, 0, 1, 1, 0, 0, 40, 0, 0, 0, : 2, 2, 1, 2, 2, 5, 1, 2, 1, 3, 2, 5, 2, 1, 3, 3, 3, 1, 5, 3, 5, 5, 4, 4, 5, 3, 5, 40, 5, 2, 5, 43, 3, 2, 1, 5, 1, 5, 2, 1, 2, 4, 3, 4, 5, 42, 3, 5, 1, 3, 1, 1, 40, 
218: 1, 0, 4, 1, 3, 1, 5, 2, 3, 4, 0, 0, 0, 0, 0, 0, 2, 0, 0, 0, 1, 2, 2, 0, 5, 0, 0, 0, 0, 1, 0, 2, 0, 0, 2, 0, 4, 2, 0, 3, 0, 5, 3, 0, 4, 4, 5, 0, 0, 2, 0, 4, 1, 0, 1, 3, 5, 0, 0, 0, 0, 2, 2, 2, 4, 2, 0, 4, 0, 0, 5, 0, 42, 5, 0, 0, 0, 4, 3, 3, 0, 0, 0, 0, 0, 0, 2, 0, 2, 1, 5, 42, 1, 44, 0, 1, 0, 2, 0, 2, 0, 0, 0, 3, 0, 0, 0, 0, 0, 5, 0, 2, 4, 0, 0, 0, 0, 0, 0, 3, : 1, 4, 1, 3, 1, 5, 2, 3, 4, 2, 1, 2, 2, 5, 1, 2, 2, 4, 2, 3, 5, 3, 4, 4, 5, 2, 4, 1, 1, 3, 5, 2, 2, 2, 4, 2, 4, 5, 42, 5, 4, 3, 3, 2, 2, 1, 5, 42, 1, 44, 1, 2, 2, 3, 5, 2, 4, 3, 
171: 4, 0, 0, 0, 4, 5, 2, 0, 1, 0, 2, 2, 43, 40, 0, 0, 0, 0, 0, 4, 44, 0, 0, 4, 0, 0, 0, 0, 5, 1, 5, 2, 5, 0, 0, 1, 3, 4, 44, 3, 0, 0, 3, 0, 2, 1, 0, 5, 4, 3, 0, 1, 5, 0, 0, 3, 0, 0, 0, 4, 1, 0, 0, 2, 5, 0, 5, 0, 43, 41, 3, 0, 3, 0, 0, 0, 40, 4, 1, 3, 0, 0, 2, 5, 0, 0, 0, 0, 0, 1, 2, 1, 0, 1, 0, 3, 0, 2, 5, 0, 0, 0, 2, 0, 0, 0, 1, 0, 5, 0, 0, 0, 0, 0, 0, 1, 5, 0, 0, 3, : 4, 4, 5, 2, 1, 2, 2, 43, 40, 4, 44, 4, 5, 1, 5, 2, 5, 1, 3, 4, 44, 3, 3, 2, 1, 5, 4, 3, 1, 5, 3, 4, 1, 2, 5, 5, 43, 41, 3, 3, 40, 4, 1, 3, 2, 5, 1, 2, 1, 1, 3, 2, 5, 2, 1, 5, 1, 5, 3, 
190: 0, 1, 0, 43, 0, 0, 5, 0, 1, 2, 2, 0, 4, 0, 0, 0, 0, 0, 43, 41, 3, 0, 0, 0, 2, 5, 0, 0, 4, 0, 0, 4, 0, 2, 3, 2, 5, 0, 2, 44, 1, 40, 1, 2, 3, 0, 3, 0, 5, 4, 2, 0, 1, 2, 0, 0, 0, 5, 0, 4, 0, 0, 0, 0, 0, 0, 4, 0, 5, 0, 0, 5, 43, 0, 0, 4, 0, 5, 0, 4, 2, 44, 2, 4, 0, 0, 0, 3, 5, 4, 2, 0, 1, 3, 4, 2, 0, 0, 4, 4, 5, 0, 2, 0, 2, 0, 0, 0, 0, 5, 0, 0, 0, 0, 0, 0, 0, 0, 0, 5, : 1, 43, 5, 1, 2, 2, 4, 43, 41, 3, 2, 5, 4, 4, 2, 3, 2, 5, 2, 44, 1, 40, 1, 2, 3, 3, 5, 4, 2, 1, 2, 5, 4, 4, 5, 5, 43, 4, 5, 4, 2, 44, 2, 4, 3, 5, 4, 2, 1, 3, 4, 2, 4, 4, 5, 2, 2, 5, 5, 
200: 0, 0, 2, 43, 1, 1, 5, 0, 0, 5, 1, 0, 0, 0, 42, 0, 42, 5, 0, 1, 0, 0, 0, 2, 1, 3, 0, 0, 5, 0, 0, 0, 0, 40, 2, 0, 0, 5, 0, 0, 5, 0, 0, 0, 5, 4, 0, 4, 1, 2, 4, 1, 42, 0, 5, 5, 0, 0, 0, 0, 0, 2, 0, 0, 0, 0, 0, 41, 4, 0, 4, 1, 0, 0, 5, 0, 2, 0, 0, 40, 0, 0, 0, 0, 3, 0, 0, 0, 3, 0, 4, 0, 2, 5, 0, 1, 1, 4, 0, 0, 0, 0, 3, 0, 5, 0, 0, 0, 2, 1, 0, 0, 40, 41, 0, 0, 0, 0, 0, 40, : 2, 43, 1, 1, 5, 5, 1, 42, 42, 5, 1, 2, 1, 3, 5, 40, 2, 5, 5, 5, 4, 4, 1, 2, 4, 1, 42, 5, 5, 2, 41, 4, 4, 1, 5, 2, 40, 3, 3, 4, 2, 5, 1, 1, 4, 3, 5, 2, 1, 40, 41, 40, 


