
120
600
450
5

338: 3, 0, 4, 0, 0, 5, 0, 0, 42, 2, 40, 0, 1, 4, 0, 0, 0, 0, 0, 0, 0, 0, 0, 0, 3, 0, 2, 0, 2, 3, 4, 3, 2, 2, 5, 0, 1, 4, 1, 0, 43, 0, 4, 41, 0, 0, 0, 1, 41, 5, 0, 0, 0, 0, 4, 0, 1, 5, 2, 4, 0, 3, 4, 0, 0, 1, 5, 0, 5, 43, 2, 0, 1, 0, 2, 0, 0, 1, 0, 2, 4, 5, 0, 4, 0, 0, 1, 0, 3, 0, 0, 0, 0, 0, 0, 2, 0, 1, 0, 0, 5, 0, 0, 0, 0, 5, 1, 4, 5, 3, 3, 0, 1, 42, 2, 2, 1, 4, 4, 3, : 3, 4, 5, 42, 2, 40, 1, 4, 3, 2, 2, 3, 4, 3, 2, 2, 5, 1, 4, 1, 43, 4, 41, 1, 41, 5, 4, 1, 5, 2, 4, 3, 4, 1, 5, 5, 43, 2, 1, 2, 1, 2, 4, 5, 4, 1, 3, 2, 1, 5, 5, 1, 4, 5, 3, 3, 1, 42, 2, 2, 1, 4, 4, 3, 
212: 0, 0, 0, 3, 0, 0, 0, 5, 0, 0, 4, 0, 0, 0, 0, 0, 0, 0, 0, 1, 0, 1, 42, 3, 5, 0, 0, 2, 0, 0, 4, 5, 1, 0, 0, 1, 41, 4, 5, 0, 0, 4, 0, 0, 0, 0, 3, 0, 3, 0, 0, 0, 0, 4, 4, 0, 0, 0, 5, 2, 0, 0, 0, 0, 0, 0, 3, 2, 0, 0, 3, 0, 0, 0, 0, 0, 0, 0, 4, 0, 0, 0, 3, 3, 0, 0, 0, 0, 0, 3, 5, 0, 1, 40, 0, 5, 0, 0, 0, 0, 5, 1, 0, 0, 1, 3, 0, 4, 0, 3, 4, 41, 0, 5, 1, 5, 3, 42, 0, 0, : 3, 5, 4, 1, 1, 42, 3, 5, 2, 4, 5, 1, 1, 41, 4, 5, 4, 3, 3, 4, 4, 5, 2, 3, 2, 3, 4, 3, 3, 3, 5, 1, 40, 5, 5, 1, 1, 3, 4, 3, 4, 41, 5, 1, 5, 3, 42, 
192: 5, 4, 0, 0, 0, 40, 5, 1, 0, 4, 2, 41, 0, 0, 0, 0, 4, 3, 1, 4, 2, 1, 0, 1, 0, 1, 4, 3, 1, 0, 5, 2, 0, 3, 4, 5, 0, 0, 2, 5, 4, 0, 0, 5, 4, 0, 0, 40, 2, 0, 2, 43, 2, 41, 2, 5, 1, 40, 3, 0, 2, 2, 2, 3, 0, 4, 0, 43, 2, 40, 4, 3, 3, 4, 0, 0, 0, 0, 0, 4, 2, 0, 0, 0, 43, 0, 3, 5, 0, 1, 1, 4, 0, 5, 2, 0, 2, 43, 0, 2, 0, 0, 0, 0, 2, 0, 3, 3, 5, 3, 5, 2, 0, 5, 0, 1, 0, 1, 0, 5, : 5, 4, 40, 5, 1, 4, 2, 41, 4, 3, 1, 4, 2, 1, 1, 1, 4, 3, 1, 5, 2, 3, 4, 5, 2, 5, 4, 5, 4, 40, 2, 2, 43, 2, 41, 2, 5, 1, 40, 3, 2, 2, 2, 3, 4, 43, 2, 40, 4, 3, 3, 4, 4, 2, 43, 3, 5, 1, 1, 4, 5, 2, 2, 43, 2, 2, 3, 3, 5, 3, 5, 2, 5, 1, 1, 5, 
592: 2, 0, 0, 2, 2, 1, 0, 1, 0, 3, 3, 0, 0, 2, 3, 0, 2, 0, 0, 0, 2, 0, 0, 0, 2, 5, 0, 0, 0, 5, 4, 0, 5, 0, 0, 1, 0, 0, 2, 4, 0, 0, 5, 0, 0, 4, 0, 0, 40, 0, 5, 0, 0, 0, 2, 0, 0, 5, 0, 0, 3, 0, 5, 0, 0, 2, 2, 0, 4, 0, 4, 0, 0, 3, 2, 0, 40, 0, 0, 1, 0, 0, 0, 2, 5, 0, 0, 2, 0, 0, 0, 0, 0, 3, 3, 0, 5, 1, 4, 3, 0, 1, 0, 0, 0, 44, 0, 2, 2, 0, 2, 5, 0, 0, 3, 0, 0, 0, 1, 44, : 2, 2, 2, 1, 1, 3, 3, 2, 3, 2, 2, 2, 5, 5, 4, 5, 1, 2, 4, 5, 4, 40, 5, 2, 5, 3, 5, 2, 2, 4, 4, 3, 2, 40, 1, 2, 5, 2, 3, 3, 5, 1, 4, 3, 1, 44, 2, 2, 2, 5, 3, 1, 44, 
252: 5, 0, 0, 3, 0, 0, 4, 0, 4, 1, 2, 0, 0, 4, 0, 44, 0, 0, 0, 0, 0, 5, 3, 0, 2, 0, 1, 4, 0, 0, 1, 1, 5, 0, 5, 0, 2, 2, 0, 0, 0, 2, 5, 0, 0, 0, 0, 2, 0, 0, 1, 3, 4, 2, 4, 0, 5, 0, 5, 2, 5, 0, 0, 0, 2, 4, 0, 0, 0, 2, 3, 5, 3, 3, 0, 40, 1, 5, 0, 0, 0, 2, 0, 0, 0, 3, 1, 2, 3, 0, 5, 0, 0, 3, 1, 0, 0, 5, 0, 0, 0, 4, 1, 0, 3, 0, 3, 5, 1, 4, 0, 0, 0, 0, 0, 1, 0, 0, 0, 0, : 5, 3, 4, 4, 1, 2, 4, 44, 5, 3, 2, 1, 4, 1, 1, 5, 5, 2, 2, 2, 5, 2, 1, 3, 4, 2, 4, 5, 5, 2, 5, 2, 4, 2, 3, 5, 3, 3, 40, 1, 5, 2, 3, 1, 2, 3, 5, 3, 1, 5, 4, 1, 3, 3, 5, 1, 4, 1, 
309: 0, 3, 0, 1, 5, 0, 0, 5, 4, 0, 0, 0, 5, 0, 0, 5, 0, 5, 0, 3, 0, 0, 0, 0, 3, 40, 0, 0, 1, 1, 4, 5, 0, 0, 1, 0, 5, 0, 41, 2, 0, 4, 3, 3, 0, 40, 44, 42, 5, 0, 0, 1, 3, 0, 0, 0, 0, 0, 1, 0, 5, 0, 0, 0, 40, 5, 0, 0, 0, 0, 40, 2, 3, 4, 0, 0, 0, 3, 5, 0, 5, 1, 5, 0, 0, 0, 3, 5, 2, 5, 0, 2, 1, 4, 0, 0, 4, 3, 3, 0, 2, 3, 0, 0, 5, 0, 0, 5, 3, 5, 5, 2, 5, 0, 5, 0, 4, 0, 0, 0, : 3, 1, 5, 5, 4, 5, 5, 5, 3, 3, 40, 1, 1, 4, 5, 1, 5, 41, 2, 4, 3, 3, 40, 44, 42, 5, 1, 3, 1, 5, 40, 5, 40, 2, 3, 4, 3, 5, 5, 1, 5, 3, 5, 2, 5, 2, 1, 4, 4, 3, 3, 2, 3, 5, 5, 3, 5, 5, 2, 5, 5, 4, 
446: 0, 42, 0, 4, 3, 0, 3, 2, 1, 0, 2, 1, 2, 0, 0, 0, 3, 0, 0, 3, 0, 2, 5, 2, 41, 0, 0, 0, 0, 0, 4, 1, 0, 0, 3, 0, 2, 5, 5, 4, 0, 44, 2, 1, 0, 5, 3, 2, 0, 0, 0, 4, 5, 0, 40, 0, 5, 4, 0, 2, 2, 0, 5, 0, 5, 40, 1, 4, 1, 2, 0, 41, 1, 0, 3, 43, 5, 0, 0, 42, 3, 1, 0, 0, 3, 1, 5, 0, 0, 0, 0, 0, 0, 3, 0, 0, 0, 0, 0, 0, 0, 1, 0, 5, 3, 2, 5, 5, 41, 0, 2, 4, 1, 0, 3, 0, 1, 0, 5, 0, : 42, 4, 3, 3, 2, 1, 2, 1, 2, 3, 3, 2, 5, 2, 41, 4, 1, 3, 2, 5, 5, 4, 44, 2, 1, 5, 3, 2, 4, 5, 40, 5, 4, 2, 2, 5, 5, 40, 1, 4, 1, 2, 41, 1, 3, 43, 5, 42, 3, 1, 3, 1, 5, 3, 1, 5, 3, 2, 5, 5, 41, 2, 4, 1, 3, 1, 5, 
127: 0, 42, 0, 0, 0, 0, 2, 3, 0, 1, 2, 0, 1, 5, 0, 1, 40, 0, 0, 0, 0, 0, 4, 2, 0, 43, 0, 0, 3, 0, 41, 1, 4, 0, 0, 1, 5, 4, 2, 0, 40, 1, 0, 0, 0, 0, 0, 0, 3, 0, 0, 2, 2, 40, 2, 0, 0, 0, 1, 1, 0, 41, 0, 0, 0, 1, 4, 0, 1, 0, 5, 0, 0, 0, 0, 0, 0, 0, 0, 3, 0, 0, 4, 0, 1, 1, 0, 0, 2, 0, 0, 2, 0, 3, 0, 0, 2, 1, 0, 0, 0, 4, 0, 0, 2, 3, 5, 5, 4, 3, 0, 0, 40, 2, 4, 3, 0, 0, 1, 1, : 42, 2, 3, 1, 2, 1, 5, 1, 40, 4, 2, 43, 3, 41, 1, 4, 1, 5, 4, 2, 40, 1, 3, 2, 2, 40, 2, 1, 1, 41, 1, 4, 1, 5, 3, 4, 1, 1, 2, 2, 3, 2, 1, 4, 2, 3, 5, 5, 4, 3, 40, 2, 4, 3, 1, 1, 
32: 2, 0, 0, 3, 0, 0, 0, 0, 1, 0, 2, 0, 0, 1, 0, 5, 3, 43, 0, 0, 42, 40, 2, 2, 1, 0, 0, 4, 0, 41, 0, 1, 2, 5, 3, 2, 1, 0, 5, 0, 0, 0, 4, 0, 0, 0, 0, 5, 42, 0, 2, 2, 0, 0, 1, 0, 4, 0, 3, 4, 0, 4, 3, 4, 4, 5, 0, 1, 3, 0, 0, 0, 0, 1, 0, 3, 0, 0, 0, 0, 0, 3, 0, 40, 4, 0, 3, 4, 0, 5, 0, 0, 2, 0, 3, 0, 0, 0, 4, 2, 0, 2, 1, 0, 0, 0, 0, 5, 5, 1, 0, 0, 3, 0, 0, 0, 4, 0, 0, 0, : 2, 3, 1, 2, 1, 5, 3, 43, 42, 40, 2, 2, 1, 4, 41, 1, 2, 5, 3, 2, 1, 5, 4, 5, 42, 2, 2, 1, 4, 3, 4, 4, 3, 4, 4, 5, 1, 3, 1, 3, 3, 40, 4, 3, 4, 5, 2, 3, 4, 2, 2, 1, 5, 5, 1, 3, 4, 
23: 0, 0, 1, 5, 0, 2, 3, 1, 1, 0, 1, 4, 2, 3, 3, 0, 4, 0, 1, 3, 0, 0, 0, 3, 1, 0, 3, 0, 2, 0, 5, 4, 2, 44, 2, 2, 0, 0, 0, 5, 5, 1, 2, 2, 0, 0, 0, 1, 0, 41, 3, 3, 2, 0, 3, 0, 1, 0, 2, 0, 0, 3, 2, 0, 1, 3, 2, 3, 2, 0, 43, 0, 0, 0, 2, 2, 0, 1, 2, 0, 3, 4, 4, 3, 0, 5, 5, 0, 0, 2, 3, 0, 2, 4, 0, 5, 1, 40, 3, 40, 0, 0, 0, 0, 2, 0, 4, 0, 1, 0, 2, 42, 0, 0, 0, 0, 0, 1, 4, 0, : 1, 5, 2, 3, 1, 1, 1, 4, 2, 3, 3, 4, 1, 3, 3, 1, 3, 2, 5, 4, 2, 44, 2, 2, 5, 5, 1, 2, 2, 1, 41, 3, 3, 2, 3, 1, 2, 3, 2, 1, 3, 2, 3, 2, 43, 2, 2, 1, 2, 3, 4, 4, 3, 5, 5, 2, 3, 2, 4, 5, 1, 40, 3, 40, 2, 4, 1, 2, 42, 1, 4, 
8: 0, 0, 2, 0, 0, 0, 3, 0, 0, 1, 1, 0, 1, 2, 0, 0, 0, 0, 3, 2, 0, 0, 0, 0, 3, 1, 40, 42, 0, 0, 3, 0, 0, 0, 4, 0, 3, 4, 5, 1, 0, 0, 0, 0, 0, 0, 4, 0, 0, 0, 44, 0, 0, 0, 0, 0, 5, 2, 5, 0, 0, 0, 4, 0, 2, 0, 40, 0, 0, 3, 0, 0, 0, 0, 3, 4, 4, 0, 1, 0, 0, 0, 0, 3, 3, 2, 0, 0, 0, 0, 0, 0, 0, 5, 0, 0, 0, 0, 2, 1, 4, 3, 0, 0, 1, 4, 3, 1, 1, 4, 0, 0, 0, 1, 5, 2, 0, 0, 0, 0, : 2, 3, 1, 1, 1, 2, 3, 2, 3, 1, 40, 42, 3, 4, 3, 4, 5, 1, 4, 44, 5, 2, 5, 4, 2, 40, 3, 3, 4, 4, 1, 3, 3, 2, 5, 2, 1, 4, 3, 1, 4, 3, 1, 1, 4, 1, 5, 2, 
416: 4, 1, 0, 0, 0, 0, 0, 0, 3, 4, 0, 43, 0, 2, 1, 0, 0, 0, 0, 0, 0, 0, 0, 0, 5, 0, 0, 42, 44, 0, 3, 2, 0, 1, 0, 0, 5, 5, 0, 5, 0, 0, 1, 0, 42, 1, 3, 44, 0, 0, 0, 3, 0, 0, 1, 0, 0, 0, 2, 5, 0, 0, 44, 3, 0, 5, 0, 0, 4, 0, 2, 0, 0, 1, 3, 4, 0, 5, 4, 2, 4, 4, 0, 0, 0, 2, 0, 3, 0, 2, 0, 0, 1, 3, 3, 0, 2, 0, 0, 2, 3, 1, 0, 2, 0, 1, 0, 3, 0, 2, 0, 4, 3, 5, 0, 0, 0, 2, 43, 0, : 4, 1, 3, 4, 43, 2, 1, 5, 42, 44, 3, 2, 1, 5, 5, 5, 1, 42, 1, 3, 44, 3, 1, 2, 5, 44, 3, 5, 4, 2, 1, 3, 4, 5, 4, 2, 4, 4, 2, 3, 2, 1, 3, 3, 2, 2, 3, 1, 2, 1, 3, 2, 4, 3, 5, 2, 43, 
200: 5, 0, 43, 2, 1, 0, 0, 2, 0, 0, 4, 44, 2, 0, 0, 3, 0, 1, 40, 4, 0, 5, 1, 2, 0, 0, 0, 0, 2, 0, 3, 5, 0, 4, 0, 1, 1, 5, 5, 2, 0, 5, 0, 0, 0, 0, 0, 0, 4, 0, 0, 3, 5, 0, 5, 0, 0, 0, 0, 2, 0, 0, 0, 0, 0, 0, 44, 0, 0, 2, 0, 2, 0, 1, 0, 3, 0, 0, 40, 0, 2, 4, 5, 0, 1, 5, 3, 0, 4, 0, 1, 5, 5, 4, 5, 41, 2, 0, 5, 5, 0, 4, 2, 0, 0, 4, 0, 0, 0, 0, 0, 0, 0, 0, 0, 2, 3, 0, 5, 1, : 5, 43, 2, 1, 2, 4, 44, 2, 3, 1, 40, 4, 5, 1, 2, 2, 3, 5, 4, 1, 1, 5, 5, 2, 5, 4, 3, 5, 5, 2, 44, 2, 2, 1, 3, 40, 2, 4, 5, 1, 5, 3, 4, 1, 5, 5, 4, 5, 41, 2, 5, 5, 4, 2, 4, 2, 3, 5, 1, 
389: 5, 2, 0, 40, 0, 0, 5, 2, 5, 5, 41, 1, 0, 5, 0, 5, 0, 0, 0, 0, 0, 2, 3, 0, 4, 40, 4, 0, 4, 5, 3, 5, 0, 3, 5, 0, 5, 0, 4, 1, 1, 0, 3, 1, 3, 0, 2, 2, 0, 0, 2, 0, 0, 0, 4, 0, 1, 0, 1, 3, 5, 3, 0, 0, 0, 0, 0, 0, 0, 0, 4, 0, 4, 1, 0, 0, 0, 40, 0, 0, 0, 0, 0, 0, 1, 5, 2, 0, 0, 0, 0, 4, 3, 42, 0, 0, 43, 0, 5, 1, 5, 4, 0, 0, 0, 5, 0, 4, 1, 1, 43, 0, 0, 0, 1, 0, 0, 0, 5, 0, : 5, 2, 40, 5, 2, 5, 5, 41, 1, 5, 5, 2, 3, 4, 40, 4, 4, 5, 3, 5, 3, 5, 5, 4, 1, 1, 3, 1, 3, 2, 2, 2, 4, 1, 1, 3, 5, 3, 4, 4, 1, 40, 1, 5, 2, 4, 3, 42, 43, 5, 1, 5, 4, 5, 4, 1, 1, 43, 1, 5, 
259: 0, 5, 0, 2, 0, 40, 5, 0, 0, 4, 5, 0, 1, 0, 0, 2, 1, 4, 0, 2, 0, 5, 0, 5, 0, 0, 0, 5, 0, 0, 5, 3, 0, 5, 3, 0, 5, 1, 2, 4, 0, 3, 0, 2, 0, 0, 2, 0, 1, 0, 1, 2, 4, 0, 5, 3, 0, 0, 0, 0, 0, 1, 2, 0, 0, 2, 0, 0, 44, 2, 2, 2, 0, 4, 0, 0, 5, 4, 3, 0, 0, 3, 3, 1, 4, 0, 5, 4, 0, 0, 2, 0, 3, 0, 0, 0, 2, 2, 3, 0, 0, 43, 3, 5, 1, 0, 0, 0, 0, 1, 41, 0, 1, 5, 2, 0, 3, 0, 5, 5, : 5, 2, 40, 5, 4, 5, 1, 2, 1, 4, 2, 5, 5, 5, 5, 3, 5, 3, 5, 1, 2, 4, 3, 2, 2, 1, 1, 2, 4, 5, 3, 1, 2, 2, 44, 2, 2, 2, 4, 5, 4, 3, 3, 3, 1, 4, 5, 4, 2, 3, 2, 2, 3, 43, 3, 5, 1, 1, 41, 1, 5, 2, 3, 5, 5, 
553: 4, 0, 0, 0, 0, 5, 0, 3, 0, 5, 0, 0, 0, 0, 2, 0, 0, 2, 1, 0, 0, 1, 1, 0, 0, 0, 0, 0, 4, 0, 5, 0, 2, 0, 3, 1, 5, 0, 3, 4, 4, 0, 0, 0, 0, 4, 0, 0, 0, 0, 2, 5, 3, 1, 5, 0, 2, 0, 3, 43, 4, 4, 0, 0, 5, 5, 0, 2, 4, 4, 0, 0, 0, 0, 0, 0, 0, 5, 2, 3, 0, 0, 44, 0, 0, 0, 2, 0, 40, 4, 4, 0, 0, 5, 5, 3, 0, 0, 0, 5, 5, 3, 0, 44, 0, 0, 4, 0, 1, 1, 0, 1, 1, 0, 5, 0, 0, 3, 0, 0, : 4, 5, 3, 5, 2, 2, 1, 1, 1, 4, 5, 2, 3, 1, 5, 3, 4, 4, 4, 2, 5, 3, 1, 5, 2, 3, 43, 4, 4, 5, 5, 2, 4, 4, 5, 2, 3, 44, 2, 40, 4, 4, 5, 5, 3, 5, 5, 3, 44, 4, 1, 1, 1, 1, 5, 3, 
543: 0, 0, 0, 0, 0, 4, 41, 0, 0, 0, 0, 0, 2, 0, 3, 0, 0, 0, 3, 1, 0, 0, 0, 0, 1, 43, 3, 2, 5, 5, 2, 0, 4, 4, 42, 0, 0, 0, 0, 0, 0, 0, 3, 0, 2, 0, 0, 42, 1, 0, 0, 5, 0, 5, 2, 4, 0, 0, 4, 3, 0, 0, 3, 5, 0, 5, 0, 3, 0, 4, 0, 1, 0, 1, 3, 1, 1, 0, 2, 0, 3, 0, 0, 3, 0, 43, 0, 41, 4, 0, 5, 2, 0, 1, 1, 0, 0, 4, 4, 0, 0, 2, 2, 0, 1, 5, 0, 0, 0, 0, 0, 3, 0, 0, 0, 2, 2, 5, 0, 0, : 4, 41, 2, 3, 3, 1, 1, 43, 3, 2, 5, 5, 2, 4, 4, 42, 3, 2, 42, 1, 5, 5, 2, 4, 4, 3, 3, 5, 5, 3, 4, 1, 1, 3, 1, 1, 2, 3, 3, 43, 41, 4, 5, 2, 1, 1, 4, 4, 2, 2, 1, 5, 3, 2, 2, 5, 
161: 0, 0, 1, 0, 1, 4, 0, 2, 3, 4, 43, 4, 0, 0, 0, 0, 0, 0, 5, 2, 0, 43, 0, 5, 4, 0, 0, 0, 0, 4, 0, 4, 0, 1, 44, 0, 0, 1, 0, 3, 0, 0, 0, 5, 5, 0, 4, 0, 4, 0, 0, 4, 1, 0, 0, 0, 5, 0, 42, 0, 0, 4, 0, 5, 0, 4, 3, 5, 2, 1, 4, 0, 0, 0, 4, 0, 0, 0, 1, 0, 3, 4, 3, 4, 0, 0, 41, 2, 2, 1, 0, 5, 0, 3, 0, 1, 0, 4, 0, 41, 0, 3, 0, 4, 0, 5, 0, 5, 0, 5, 1, 0, 3, 41, 4, 0, 1, 1, 0, 4, : 1, 1, 4, 2, 3, 4, 43, 4, 5, 2, 43, 5, 4, 4, 4, 1, 44, 1, 3, 5, 5, 4, 4, 4, 1, 5, 42, 4, 5, 4, 3, 5, 2, 1, 4, 4, 1, 3, 4, 3, 4, 41, 2, 2, 1, 5, 3, 1, 4, 41, 3, 4, 5, 5, 5, 1, 3, 41, 4, 1, 1, 4, 
133: 3, 0, 0, 0, 1, 0, 0, 0, 3, 2, 4, 0, 0, 2, 5, 1, 0, 0, 0, 0, 0, 0, 0, 41, 5, 0, 0, 0, 1, 0, 0, 0, 0, 0, 1, 0, 0, 0, 40, 40, 0, 5, 2, 0, 3, 0, 43, 1, 0, 0, 5, 4, 0, 5, 0, 1, 0, 40, 1, 4, 0, 3, 3, 0, 0, 42, 0, 0, 4, 2, 4, 0, 0, 2, 0, 3, 0, 0, 0, 3, 0, 2, 1, 0, 0, 5, 3, 0, 0, 0, 0, 0, 0, 1, 0, 5, 3, 0, 2, 0, 3, 0, 5, 1, 3, 5, 4, 0, 4, 4, 0, 0, 3, 1, 2, 4, 0, 0, 0, 1, : 3, 1, 3, 2, 4, 2, 5, 1, 41, 5, 1, 1, 40, 40, 5, 2, 3, 43, 1, 5, 4, 5, 1, 40, 1, 4, 3, 3, 42, 4, 2, 4, 2, 3, 3, 2, 1, 5, 3, 1, 5, 3, 2, 3, 5, 1, 3, 5, 4, 4, 4, 3, 1, 2, 4, 1, 
52: 0, 0, 4, 0, 4, 0, 0, 2, 5, 5, 1, 4, 0, 0, 3, 0, 4, 0, 0, 0, 0, 1, 3, 0, 5, 4, 0, 41, 0, 5, 0, 0, 2, 0, 5, 0, 1, 0, 0, 0, 4, 0, 3, 0, 0, 40, 3, 0, 0, 0, 0, 2, 0, 0, 0, 0, 43, 0, 1, 2, 0, 4, 0, 0, 0, 4, 0, 3, 0, 0, 0, 0, 0, 0, 2, 0, 3, 0, 3, 1, 0, 2, 5, 0, 3, 1, 0, 2, 0, 0, 43, 0, 43, 0, 0, 4, 4, 5, 0, 0, 1, 5, 1, 2, 0, 0, 3, 4, 1, 3, 0, 0, 0, 0, 0, 0, 0, 0, 0, 0, : 4, 4, 2, 5, 5, 1, 4, 3, 4, 1, 3, 5, 4, 41, 5, 2, 5, 1, 4, 3, 40, 3, 2, 43, 1, 2, 4, 4, 3, 2, 3, 3, 1, 2, 5, 3, 1, 2, 43, 43, 4, 4, 5, 1, 5, 1, 2, 3, 4, 1, 3, 
585: 1, 0, 4, 1, 4, 2, 0, 1, 5, 1, 0, 0, 1, 0, 0, 0, 0, 0, 3, 0, 0, 3, 0, 2, 0, 0, 0, 1, 0, 0, 3, 0, 1, 0, 3, 5, 4, 3, 0, 0, 0, 0, 0, 42, 5, 5, 3, 3, 1, 0, 0, 0, 1, 0, 3, 1, 0, 0, 0, 5, 2, 5, 1, 5, 0, 0, 0, 0, 4, 5, 44, 42, 0, 2, 1, 0, 5, 5, 3, 1, 0, 0, 2, 1, 0, 0, 0, 1, 0, 1, 0, 5, 0, 4, 1, 2, 1, 0, 42, 4, 1, 3, 0, 0, 0, 5, 2, 0, 1, 0, 0, 4, 0, 0, 0, 5, 4, 3, 0, 0, : 1, 4, 1, 4, 2, 1, 5, 1, 1, 3, 3, 2, 1, 3, 1, 3, 5, 4, 3, 42, 5, 5, 3, 3, 1, 1, 3, 1, 5, 2, 5, 1, 5, 4, 5, 44, 42, 2, 1, 5, 5, 3, 1, 2, 1, 1, 1, 5, 4, 1, 2, 1, 42, 4, 1, 3, 5, 2, 1, 4, 5, 4, 3, 
151: 0, 0, 0, 4, 0, 0, 42, 0, 0, 5, 2, 0, 0, 5, 0, 3, 0, 4, 0, 0, 0, 40, 0, 0, 1, 5, 0, 0, 0, 3, 3, 3, 0, 0, 0, 4, 5, 0, 0, 5, 0, 2, 0, 0, 0, 41, 0, 1, 3, 0, 0, 2, 0, 5, 2, 43, 0, 3, 0, 0, 4, 3, 0, 0, 0, 3, 4, 4, 0, 0, 4, 43, 3, 3, 0, 0, 0, 0, 5, 0, 0, 0, 0, 0, 0, 0, 2, 0, 0, 2, 0, 0, 2, 3, 0, 0, 0, 2, 5, 5, 0, 2, 5, 0, 0, 44, 0, 0, 3, 2, 0, 2, 2, 0, 3, 0, 0, 1, 40, 4, : 4, 42, 5, 2, 5, 3, 4, 40, 1, 5, 3, 3, 3, 4, 5, 5, 2, 41, 1, 3, 2, 5, 2, 43, 3, 4, 3, 3, 4, 4, 4, 43, 3, 3, 5, 2, 2, 2, 3, 2, 5, 5, 2, 5, 44, 3, 2, 2, 2, 3, 1, 40, 4, 
258: 3, 0, 0, 5, 0, 5, 0, 0, 0, 0, 0, 0, 0, 4, 0, 0, 1, 0, 0, 5, 1, 0, 1, 1, 1, 44, 0, 3, 0, 0, 40, 1, 0, 0, 4, 0, 0, 0, 1, 1, 0, 3, 0, 40, 4, 0, 0, 0, 44, 0, 4, 0, 1, 0, 3, 0, 1, 3, 0, 43, 4, 0, 2, 0, 0, 1, 0, 0, 1, 0, 0, 4, 0, 0, 0, 0, 0, 0, 2, 1, 3, 4, 4, 5, 2, 41, 2, 42, 0, 0, 5, 0, 0, 0, 4, 0, 5, 2, 3, 1, 2, 2, 0, 5, 5, 0, 2, 5, 4, 0, 2, 4, 0, 0, 0, 2, 0, 0, 3, 40, : 3, 5, 5, 4, 1, 5, 1, 1, 1, 1, 44, 3, 40, 1, 4, 1, 1, 3, 40, 4, 44, 4, 1, 3, 1, 3, 43, 4, 2, 1, 1, 4, 2, 1, 3, 4, 4, 5, 2, 41, 2, 42, 5, 4, 5, 2, 3, 1, 2, 2, 5, 5, 2, 5, 4, 2, 4, 2, 3, 40, 
225: 44, 0, 0, 0, 5, 1, 2, 1, 3, 5, 2, 0, 1, 0, 2, 0, 1, 4, 0, 0, 4, 3, 5, 2, 0, 1, 0, 4, 0, 3, 0, 3, 0, 0, 1, 3, 0, 5, 5, 0, 0, 0, 0, 0, 0, 0, 0, 5, 0, 2, 0, 1, 4, 1, 0, 0, 42, 0, 0, 0, 5, 0, 0, 0, 5, 4, 0, 0, 0, 1, 0, 5, 1, 1, 1, 0, 4, 0, 0, 0, 0, 3, 41, 0, 2, 0, 0, 1, 0, 41, 0, 0, 4, 4, 0, 0, 0, 0, 40, 1, 0, 0, 0, 0, 0, 0, 0, 2, 0, 5, 4, 0, 4, 0, 5, 1, 0, 5, 4, 2, : 44, 5, 1, 2, 1, 3, 5, 2, 1, 2, 1, 4, 4, 3, 5, 2, 1, 4, 3, 3, 1, 3, 5, 5, 5, 2, 1, 4, 1, 42, 5, 5, 4, 1, 5, 1, 1, 1, 4, 3, 41, 2, 1, 41, 4, 4, 40, 1, 2, 5, 4, 4, 5, 1, 5, 4, 2, 
231: 3, 0, 4, 0, 0, 0, 2, 0, 0, 0, 1, 3, 0, 2, 0, 0, 44, 5, 0, 0, 0, 1, 4, 5, 3, 5, 0, 0, 4, 0, 0, 1, 5, 0, 0, 1, 3, 1, 3, 0, 3, 3, 1, 0, 0, 4, 1, 0, 5, 1, 0, 0, 4, 1, 0, 0, 0, 0, 0, 0, 43, 1, 2, 0, 0, 0, 0, 2, 4, 0, 0, 0, 3, 43, 0, 2, 0, 0, 0, 0, 0, 1, 0, 0, 2, 0, 3, 5, 0, 0, 3, 4, 44, 3, 4, 0, 0, 0, 1, 41, 1, 5, 0, 1, 5, 41, 1, 44, 5, 0, 0, 1, 0, 0, 44, 5, 0, 0, 5, 0, : 3, 4, 2, 1, 3, 2, 44, 5, 1, 4, 5, 3, 5, 4, 1, 5, 1, 3, 1, 3, 3, 3, 1, 4, 1, 5, 1, 4, 1, 43, 1, 2, 2, 4, 3, 43, 2, 1, 2, 3, 5, 3, 4, 44, 3, 4, 1, 41, 1, 5, 1, 5, 41, 1, 44, 5, 1, 44, 5, 5, 
59: 1, 5, 0, 0, 0, 0, 0, 0, 0, 0, 0, 3, 0, 0, 0, 0, 2, 3, 2, 0, 0, 0, 3, 5, 44, 0, 5, 0, 0, 4, 4, 3, 1, 5, 1, 0, 3, 0, 0, 1, 0, 4, 0, 0, 0, 0, 0, 5, 5, 40, 42, 0, 0, 0, 4, 0, 0, 0, 3, 1, 0, 5, 0, 0, 0, 44, 0, 1, 1, 2, 0, 3, 4, 0, 0, 44, 2, 0, 0, 0, 0, 1, 0, 4, 2, 0, 4, 4, 4, 5, 0, 3, 0, 1, 4, 0, 0, 1, 0, 4, 5, 1, 0, 0, 0, 3, 0, 4, 5, 4, 0, 3, 0, 3, 0, 4, 1, 1, 2, 5, : 1, 5, 3, 2, 3, 2, 3, 5, 44, 5, 4, 4, 3, 1, 5, 1, 3, 1, 4, 5, 5, 40, 42, 4, 3, 1, 5, 44, 1, 1, 2, 3, 4, 44, 2, 1, 4, 2, 4, 4, 4, 5, 3, 1, 4, 1, 4, 5, 1, 3, 4, 5, 4, 3, 3, 4, 1, 1, 2, 5, 
93: 3, 0, 1, 0, 0, 5, 0, 4, 2, 0, 1, 0, 1, 3, 5, 0, 5, 42, 3, 3, 5, 0, 0, 0, 5, 0, 44, 5, 3, 0, 0, 5, 4, 0, 2, 3, 1, 0, 3, 0, 0, 1, 4, 1, 0, 0, 5, 0, 3, 0, 0, 0, 1, 42, 0, 3, 3, 0, 0, 1, 1, 1, 0, 0, 0, 0, 0, 3, 0, 1, 2, 0, 0, 2, 2, 0, 0, 1, 1, 0, 0, 44, 5, 4, 2, 0, 0, 0, 0, 0, 0, 2, 0, 5, 5, 41, 0, 4, 3, 43, 0, 2, 1, 0, 0, 0, 5, 0, 0, 0, 0, 5, 0, 42, 0, 5, 0, 0, 4, 0, : 3, 1, 5, 4, 2, 1, 1, 3, 5, 5, 42, 3, 3, 5, 5, 44, 5, 3, 5, 4, 2, 3, 1, 3, 1, 4, 1, 5, 3, 1, 42, 3, 3, 1, 1, 1, 3, 1, 2, 2, 2, 1, 1, 44, 5, 4, 2, 2, 5, 5, 41, 4, 3, 43, 2, 1, 5, 5, 42, 5, 4, 
306: 5, 0, 0, 0, 5, 0, 3, 5, 43, 4, 40, 0, 0, 5, 3, 3, 0, 0, 2, 0, 0, 0, 2, 1, 2, 0, 5, 2, 0, 3, 0, 0, 5, 0, 0, 5, 0, 0, 4, 1, 0, 43, 0, 0, 1, 0, 3, 0, 0, 5, 0, 4, 0, 0, 4, 4, 1, 0, 44, 40, 0, 43, 0, 0, 0, 0, 0, 0, 0, 5, 2, 0, 5, 0, 1, 0, 5, 0, 0, 4, 0, 5, 5, 5, 5, 42, 4, 0, 41, 4, 4, 43, 0, 2, 0, 0, 0, 0, 5, 2, 0, 5, 0, 3, 5, 3, 0, 0, 0, 2, 4, 0, 0, 3, 1, 0, 0, 0, 0, 3, : 5, 5, 3, 5, 43, 4, 40, 5, 3, 3, 2, 2, 1, 2, 5, 2, 3, 5, 5, 4, 1, 43, 1, 3, 5, 4, 4, 4, 1, 44, 40, 43, 5, 2, 5, 1, 5, 4, 5, 5, 5, 5, 42, 4, 41, 4, 4, 43, 2, 5, 2, 5, 3, 5, 3, 2, 4, 3, 1, 3, 
554: 0, 0, 0, 0, 0, 42, 2, 42, 0, 0, 3, 0, 0, 1, 1, 0, 0, 0, 0, 0, 0, 0, 2, 3, 4, 0, 0, 4, 2, 4, 0, 5, 4, 0, 0, 0, 0, 41, 0, 1, 0, 0, 1, 2, 0, 0, 2, 3, 43, 0, 0, 3, 0, 0, 0, 0, 3, 3, 1, 3, 0, 0, 0, 0, 1, 0, 2, 1, 1, 4, 0, 0, 43, 0, 4, 0, 2, 4, 2, 3, 0, 5, 2, 40, 4, 3, 3, 0, 0, 5, 0, 0, 0, 5, 2, 0, 3, 4, 0, 2, 1, 0, 0, 1, 40, 0, 2, 3, 0, 0, 3, 0, 3, 4, 0, 0, 0, 0, 0, 0, : 42, 2, 42, 3, 1, 1, 2, 3, 4, 4, 2, 4, 5, 4, 41, 1, 1, 2, 2, 3, 43, 3, 3, 3, 1, 3, 1, 2, 1, 1, 4, 43, 4, 2, 4, 2, 3, 5, 2, 40, 4, 3, 3, 5, 5, 2, 3, 4, 2, 1, 1, 40, 2, 3, 3, 3, 4, 
16: 4, 0, 1, 0, 0, 4, 0, 1, 0, 0, 1, 2, 0, 44, 0, 0, 0, 3, 3, 2, 1, 3, 3, 0, 1, 0, 0, 0, 41, 0, 0, 1, 0, 0, 0, 0, 0, 42, 0, 2, 0, 2, 43, 0, 0, 3, 1, 0, 4, 4, 0, 1, 3, 1, 4, 0, 2, 0, 1, 2, 5, 0, 1, 1, 0, 3, 0, 0, 0, 0, 0, 0, 4, 4, 0, 0, 0, 0, 0, 0, 42, 41, 1, 0, 0, 0, 4, 5, 0, 0, 0, 4, 0, 0, 0, 0, 4, 4, 40, 4, 2, 1, 1, 1, 0, 5, 4, 0, 5, 0, 5, 0, 2, 2, 4, 0, 42, 0, 2, 0, : 4, 1, 4, 1, 1, 2, 44, 3, 3, 2, 1, 3, 3, 1, 41, 1, 42, 2, 2, 43, 3, 1, 4, 4, 1, 3, 1, 4, 2, 1, 2, 5, 1, 1, 3, 4, 4, 42, 41, 1, 4, 5, 4, 4, 4, 40, 4, 2, 1, 1, 1, 5, 4, 5, 5, 2, 2, 4, 42, 2, 
300: 5, 5, 41, 1, 5, 0, 4, 3, 4, 0, 0, 0, 1, 5, 2, 0, 0, 0, 0, 2, 0, 1, 0, 5, 5, 2, 0, 0, 0, 0, 3, 0, 4, 0, 3, 42, 1, 5, 5, 0, 0, 0, 0, 2, 2, 43, 0, 0, 0, 0, 4, 0, 5, 0, 4, 0, 1, 0, 2, 0, 0, 2, 0, 0, 0, 44, 0, 4, 0, 1, 5, 2, 3, 4, 0, 43, 0, 0, 2, 0, 0, 1, 2, 5, 3, 0, 0, 0, 0, 0, 0, 0, 0, 0, 0, 0, 5, 2, 0, 4, 5, 4, 3, 0, 3, 0, 5, 0, 0, 0, 4, 5, 2, 0, 0, 0, 5, 1, 2, 0, : 5, 5, 41, 1, 5, 4, 3, 4, 1, 5, 2, 2, 1, 5, 5, 2, 3, 4, 3, 42, 1, 5, 5, 2, 2, 43, 4, 5, 4, 1, 2, 2, 44, 4, 1, 5, 2, 3, 4, 43, 2, 1, 2, 5, 3, 5, 2, 4, 5, 4, 3, 3, 5, 4, 5, 2, 5, 1, 2, 
432: 2, 0, 0, 0, 2, 5, 2, 44, 0, 1, 0, 0, 3, 1, 1, 0, 0, 4, 0, 4, 0, 1, 0, 43, 4, 0, 5, 0, 5, 44, 1, 5, 0, 0, 1, 4, 0, 0, 2, 3, 0, 3, 1, 4, 0, 0, 2, 4, 0, 0, 43, 2, 2, 0, 2, 1, 0, 5, 1, 2, 0, 0, 0, 4, 3, 0, 0, 1, 0, 0, 0, 2, 0, 0, 0, 0, 2, 0, 5, 1, 0, 4, 3, 3, 5, 0, 0, 0, 5, 2, 4, 0, 2, 4, 5, 0, 3, 0, 2, 0, 0, 0, 4, 0, 0, 0, 1, 3, 0, 0, 0, 0, 0, 0, 0, 42, 0, 2, 0, 0, : 2, 2, 5, 2, 44, 1, 3, 1, 1, 4, 4, 1, 43, 4, 5, 5, 44, 1, 5, 1, 4, 2, 3, 3, 1, 4, 2, 4, 43, 2, 2, 2, 1, 5, 1, 2, 4, 3, 1, 2, 2, 5, 1, 4, 3, 3, 5, 5, 2, 4, 2, 4, 5, 3, 2, 4, 1, 3, 42, 2, 
335: 1, 0, 4, 0, 40, 3, 5, 43, 5, 0, 0, 44, 0, 3, 0, 0, 5, 0, 0, 5, 0, 0, 5, 4, 42, 0, 1, 0, 0, 0, 0, 0, 0, 0, 0, 2, 0, 0, 0, 3, 0, 5, 0, 0, 0, 1, 4, 1, 1, 1, 0, 4, 0, 0, 3, 2, 2, 41, 0, 0, 3, 0, 2, 2, 3, 5, 0, 0, 4, 0, 0, 3, 2, 0, 40, 0, 0, 3, 0, 0, 0, 0, 1, 0, 1, 5, 2, 0, 5, 0, 3, 5, 0, 1, 3, 0, 0, 0, 0, 4, 0, 0, 0, 0, 0, 0, 0, 41, 5, 1, 0, 5, 43, 0, 0, 0, 0, 41, 3, 44, : 1, 4, 40, 3, 5, 43, 5, 44, 3, 5, 5, 5, 4, 42, 1, 2, 3, 5, 1, 4, 1, 1, 1, 4, 3, 2, 2, 41, 3, 2, 2, 3, 5, 4, 3, 2, 40, 3, 1, 1, 5, 2, 5, 3, 5, 1, 3, 4, 41, 5, 1, 5, 43, 41, 3, 44, 
162: 0, 0, 3, 1, 0, 0, 0, 2, 0, 3, 0, 0, 1, 4, 0, 0, 0, 0, 42, 0, 1, 4, 0, 0, 0, 0, 0, 0, 5, 0, 5, 0, 2, 2, 3, 3, 4, 3, 2, 4, 4, 0, 4, 0, 5, 2, 0, 0, 0, 4, 41, 0, 1, 0, 4, 0, 1, 0, 0, 0, 0, 0, 3, 5, 0, 2, 0, 41, 2, 3, 0, 2, 0, 43, 0, 5, 0, 41, 1, 0, 0, 2, 0, 1, 4, 0, 4, 5, 2, 0, 5, 0, 0, 3, 0, 0, 0, 3, 1, 0, 44, 0, 0, 0, 0, 0, 44, 0, 1, 0, 0, 1, 0, 0, 3, 0, 0, 0, 4, 0, : 3, 1, 2, 3, 1, 4, 42, 1, 4, 5, 5, 2, 2, 3, 3, 4, 3, 2, 4, 4, 4, 5, 2, 4, 41, 1, 4, 1, 3, 5, 2, 41, 2, 3, 2, 43, 5, 41, 1, 2, 1, 4, 4, 5, 2, 5, 3, 3, 1, 44, 44, 1, 1, 3, 4, 
138: 2, 0, 5, 0, 1, 3, 1, 3, 0, 2, 5, 0, 0, 0, 3, 1, 0, 0, 0, 2, 5, 0, 5, 1, 0, 41, 0, 1, 3, 0, 0, 0, 1, 1, 0, 0, 44, 0, 1, 0, 0, 0, 41, 0, 0, 0, 0, 0, 0, 41, 2, 0, 1, 0, 0, 0, 1, 1, 4, 4, 0, 0, 0, 0, 2, 0, 0, 0, 0, 0, 1, 5, 2, 0, 2, 41, 5, 0, 2, 0, 0, 3, 4, 2, 3, 0, 0, 3, 1, 4, 0, 0, 3, 1, 0, 0, 1, 42, 0, 44, 3, 5, 2, 5, 0, 0, 0, 2, 4, 0, 0, 3, 0, 0, 0, 0, 0, 43, 0, 0, : 2, 5, 1, 3, 1, 3, 2, 5, 3, 1, 2, 5, 5, 1, 41, 1, 3, 1, 1, 44, 1, 41, 41, 2, 1, 1, 1, 4, 4, 2, 1, 5, 2, 2, 41, 5, 2, 3, 4, 2, 3, 3, 1, 4, 3, 1, 1, 42, 44, 3, 5, 2, 5, 2, 4, 3, 43, 
29: 0, 2, 2, 4, 0, 0, 1, 0, 2, 2, 2, 0, 3, 0, 0, 2, 1, 0, 0, 2, 0, 0, 2, 0, 0, 0, 1, 2, 0, 0, 5, 0, 0, 2, 3, 4, 2, 4, 0, 42, 1, 0, 41, 0, 0, 5, 1, 0, 0, 0, 2, 2, 5, 43, 4, 3, 0, 5, 1, 0, 2, 1, 0, 0, 0, 3, 0, 5, 40, 0, 0, 2, 1, 4, 0, 0, 2, 0, 0, 0, 0, 0, 0, 0, 2, 0, 3, 2, 4, 0, 0, 0, 0, 1, 3, 1, 5, 2, 0, 0, 0, 0, 4, 0, 0, 0, 0, 3, 0, 0, 4, 0, 0, 0, 3, 42, 1, 0, 1, 0, : 2, 2, 4, 1, 2, 2, 2, 3, 2, 1, 2, 2, 1, 2, 5, 2, 3, 4, 2, 4, 42, 1, 41, 5, 1, 2, 2, 5, 43, 4, 3, 5, 1, 2, 1, 3, 5, 40, 2, 1, 4, 2, 2, 3, 2, 4, 1, 3, 1, 5, 2, 4, 3, 4, 3, 42, 1, 1, 
49: 0, 2, 4, 0, 4, 0, 0, 3, 4, 5, 3, 0, 0, 42, 0, 44, 0, 0, 0, 3, 0, 5, 5, 5, 0, 2, 1, 5, 0, 0, 0, 1, 0, 0, 0, 3, 3, 0, 0, 0, 1, 0, 0, 44, 0, 40, 0, 0, 3, 0, 0, 0, 0, 0, 2, 0, 4, 0, 5, 1, 2, 1, 0, 0, 0, 1, 0, 2, 0, 2, 43, 5, 4, 2, 0, 0, 0, 4, 0, 0, 0, 1, 1, 0, 4, 0, 42, 0, 3, 0, 0, 0, 0, 4, 43, 2, 0, 2, 0, 1, 4, 3, 3, 0, 2, 3, 43, 5, 5, 5, 44, 0, 0, 43, 1, 3, 0, 0, 0, 1, : 2, 4, 4, 3, 4, 5, 3, 42, 44, 3, 5, 5, 5, 2, 1, 5, 1, 3, 3, 1, 44, 40, 3, 2, 4, 5, 1, 2, 1, 1, 2, 2, 43, 5, 4, 2, 4, 1, 1, 4, 42, 3, 4, 43, 2, 2, 1, 4, 3, 3, 2, 3, 43, 5, 5, 5, 44, 43, 1, 3, 1, 
517: 0, 0, 40, 2, 0, 0, 0, 1, 0, 4, 5, 0, 3, 5, 0, 0, 0, 0, 2, 5, 43, 0, 0, 0, 41, 4, 0, 3, 0, 44, 5, 5, 0, 0, 0, 1, 1, 0, 0, 4, 40, 0, 41, 1, 0, 1, 1, 0, 0, 0, 0, 0, 0, 0, 2, 0, 0, 2, 4, 0, 0, 5, 2, 0, 1, 0, 0, 3, 0, 0, 3, 0, 3, 4, 1, 5, 2, 0, 2, 41, 44, 1, 0, 0, 0, 2, 4, 0, 4, 0, 2, 5, 3, 0, 0, 1, 2, 42, 1, 4, 0, 4, 0, 4, 4, 5, 1, 0, 0, 0, 0, 0, 1, 5, 0, 0, 0, 0, 40, 1, : 40, 2, 1, 4, 5, 3, 5, 2, 5, 43, 41, 4, 3, 44, 5, 5, 1, 1, 4, 40, 41, 1, 1, 1, 2, 2, 4, 5, 2, 1, 3, 3, 3, 4, 1, 5, 2, 2, 41, 44, 1, 2, 4, 4, 2, 5, 3, 1, 2, 42, 1, 4, 4, 4, 4, 5, 1, 1, 5, 40, 1, 
479: 3, 0, 0, 0, 0, 0, 4, 0, 2, 0, 0, 0, 3, 4, 3, 0, 0, 4, 4, 0, 0, 0, 3, 0, 0, 0, 0, 1, 3, 0, 1, 0, 44, 0, 0, 1, 3, 3, 0, 0, 2, 0, 41, 0, 0, 1, 0, 0, 4, 4, 0, 0, 0, 0, 5, 42, 3, 0, 0, 2, 42, 0, 0, 44, 43, 0, 3, 40, 0, 1, 3, 3, 0, 0, 0, 0, 0, 4, 0, 1, 0, 0, 0, 5, 5, 1, 0, 0, 0, 0, 0, 0, 4, 0, 3, 2, 0, 5, 0, 4, 0, 0, 3, 3, 0, 0, 0, 2, 5, 2, 0, 0, 0, 0, 0, 0, 4, 3, 0, 0, : 3, 4, 2, 3, 4, 3, 4, 4, 3, 1, 3, 1, 44, 1, 3, 3, 2, 41, 1, 4, 4, 5, 42, 3, 2, 42, 44, 43, 3, 40, 1, 3, 3, 4, 1, 5, 5, 1, 4, 3, 2, 5, 4, 3, 3, 2, 5, 2, 4, 3, 
147: 0, 0, 5, 0, 4, 0, 0, 0, 5, 1, 4, 1, 0, 2, 4, 0, 5, 42, 0, 5, 0, 0, 41, 5, 0, 4, 0, 5, 5, 43, 2, 0, 0, 2, 5, 4, 3, 0, 2, 0, 0, 2, 3, 0, 3, 3, 1, 0, 0, 5, 2, 0, 2, 0, 3, 0, 4, 1, 0, 0, 0, 0, 43, 0, 0, 0, 0, 5, 4, 5, 1, 3, 2, 42, 0, 0, 0, 1, 0, 0, 0, 2, 0, 0, 0, 0, 0, 2, 0, 40, 0, 0, 0, 0, 5, 3, 3, 0, 43, 0, 4, 1, 4, 0, 0, 0, 0, 0, 0, 0, 1, 5, 4, 0, 0, 4, 0, 0, 0, 0, : 5, 4, 5, 1, 4, 1, 2, 4, 5, 42, 5, 41, 5, 4, 5, 5, 43, 2, 2, 5, 4, 3, 2, 2, 3, 3, 3, 1, 5, 2, 2, 3, 4, 1, 43, 5, 4, 5, 1, 3, 2, 42, 1, 2, 2, 40, 5, 3, 3, 43, 4, 1, 4, 1, 5, 4, 4, 
514: 43, 0, 2, 0, 0, 44, 2, 2, 0, 5, 0, 0, 0, 2, 0, 0, 0, 1, 1, 4, 0, 0, 3, 0, 2, 0, 3, 0, 1, 0, 0, 0, 3, 2, 5, 3, 0, 0, 0, 0, 0, 0, 0, 0, 0, 0, 0, 0, 0, 0, 4, 1, 3, 5, 1, 0, 0, 0, 0, 5, 3, 0, 0, 0, 40, 0, 41, 0, 4, 0, 1, 0, 0, 41, 41, 0, 4, 0, 2, 0, 0, 2, 41, 0, 0, 0, 2, 0, 0, 5, 0, 0, 2, 0, 1, 44, 0, 44, 3, 0, 0, 1, 0, 0, 0, 5, 3, 0, 4, 1, 0, 0, 1, 0, 3, 43, 5, 4, 41, 2, : 43, 2, 44, 2, 2, 5, 2, 1, 1, 4, 3, 2, 3, 1, 3, 2, 5, 3, 4, 1, 3, 5, 1, 5, 3, 40, 41, 4, 1, 41, 41, 4, 2, 2, 41, 2, 5, 2, 1, 44, 44, 3, 1, 5, 3, 4, 1, 1, 3, 43, 5, 4, 41, 2, 
370: 43, 3, 0, 1, 0, 0, 5, 0, 4, 0, 0, 44, 2, 0, 1, 4, 0, 2, 4, 4, 4, 0, 1, 3, 0, 0, 0, 3, 0, 0, 3, 2, 3, 44, 4, 0, 5, 0, 0, 5, 0, 0, 0, 0, 2, 1, 0, 2, 0, 0, 2, 2, 42, 4, 0, 2, 2, 3, 0, 5, 4, 0, 42, 2, 0, 0, 5, 0, 0, 1, 0, 2, 42, 0, 0, 1, 3, 0, 3, 0, 3, 5, 0, 0, 4, 0, 0, 4, 5, 0, 4, 42, 40, 5, 1, 0, 5, 0, 2, 1, 0, 0, 0, 3, 5, 1, 0, 0, 2, 0, 1, 0, 0, 0, 1, 5, 1, 0, 0, 0, : 43, 3, 1, 5, 4, 44, 2, 1, 4, 2, 4, 4, 4, 1, 3, 3, 3, 2, 3, 44, 4, 5, 5, 2, 1, 2, 2, 2, 42, 4, 2, 2, 3, 5, 4, 42, 2, 5, 1, 2, 42, 1, 3, 3, 3, 5, 4, 4, 5, 4, 42, 40, 5, 1, 5, 2, 1, 3, 5, 1, 2, 1, 1, 5, 1, 
369: 3, 41, 3, 0, 0, 0, 0, 1, 2, 4, 5, 0, 1, 42, 4, 2, 0, 0, 0, 0, 0, 44, 4, 0, 0, 2, 0, 0, 0, 0, 1, 0, 0, 0, 0, 5, 3, 1, 1, 1, 3, 1, 4, 0, 0, 5, 2, 4, 0, 44, 0, 2, 40, 5, 4, 3, 0, 0, 4, 1, 1, 0, 42, 43, 1, 5, 3, 1, 5, 0, 0, 0, 2, 0, 0, 0, 0, 0, 0, 0, 0, 2, 0, 0, 1, 0, 0, 4, 40, 0, 0, 0, 2, 1, 0, 0, 0, 5, 0, 5, 2, 0, 0, 0, 42, 0, 4, 1, 0, 42, 1, 0, 4, 0, 0, 0, 4, 0, 1, 4, : 3, 41, 3, 1, 2, 4, 5, 1, 42, 4, 2, 44, 4, 2, 1, 5, 3, 1, 1, 1, 3, 1, 4, 5, 2, 4, 44, 2, 40, 5, 4, 3, 4, 1, 1, 42, 43, 1, 5, 3, 1, 5, 2, 2, 1, 4, 40, 2, 1, 5, 5, 2, 42, 4, 1, 42, 1, 4, 4, 1, 4, 
83: 3, 0, 5, 2, 0, 0, 0, 5, 3, 0, 0, 0, 0, 0, 5, 0, 4, 1, 0, 0, 0, 0, 0, 1, 4, 0, 0, 3, 0, 0, 0, 0, 0, 2, 5, 0, 0, 1, 0, 0, 1, 0, 0, 0, 2, 5, 0, 0, 4, 0, 5, 4, 0, 0, 5, 0, 0, 0, 2, 2, 41, 3, 0, 0, 0, 0, 0, 0, 4, 3, 4, 40, 0, 0, 0, 0, 0, 0, 2, 0, 0, 0, 2, 43, 4, 5, 0, 4, 4, 2, 0, 0, 2, 0, 3, 41, 0, 5, 0, 0, 5, 1, 0, 0, 0, 0, 0, 0, 0, 5, 2, 5, 0, 3, 3, 0, 3, 2, 0, 0, : 3, 5, 2, 5, 3, 5, 4, 1, 1, 4, 3, 2, 5, 1, 1, 2, 5, 4, 5, 4, 5, 2, 2, 41, 3, 4, 3, 4, 40, 2, 2, 43, 4, 5, 4, 4, 2, 2, 3, 41, 5, 5, 1, 5, 2, 5, 3, 3, 3, 2, 
163: 3, 1, 0, 0, 0, 0, 2, 0, 2, 2, 0, 0, 0, 1, 0, 3, 0, 0, 4, 2, 1, 4, 42, 5, 0, 0, 3, 5, 0, 0, 2, 4, 0, 4, 5, 4, 4, 0, 1, 0, 2, 0, 3, 0, 2, 3, 0, 0, 1, 0, 0, 4, 0, 2, 0, 0, 5, 0, 0, 3, 5, 1, 2, 44, 0, 5, 0, 1, 0, 0, 0, 5, 0, 3, 42, 0, 0, 0, 2, 0, 0, 0, 0, 3, 0, 0, 5, 1, 1, 0, 0, 42, 0, 3, 5, 0, 3, 1, 0, 4, 2, 3, 0, 0, 3, 0, 0, 0, 2, 3, 1, 0, 0, 0, 4, 0, 0, 1, 0, 0, : 3, 1, 2, 2, 2, 1, 3, 4, 2, 1, 4, 42, 5, 3, 5, 2, 4, 4, 5, 4, 4, 1, 2, 3, 2, 3, 1, 4, 2, 5, 3, 5, 1, 2, 44, 5, 1, 5, 3, 42, 2, 3, 5, 1, 1, 42, 3, 5, 3, 1, 4, 2, 3, 3, 2, 3, 1, 4, 1, 
120: 0, 1, 3, 40, 44, 0, 0, 3, 0, 4, 1, 0, 1, 0, 1, 0, 0, 0, 0, 0, 40, 0, 0, 0, 0, 5, 0, 0, 0, 0, 0, 41, 0, 5, 0, 1, 1, 0, 4, 0, 4, 42, 0, 0, 0, 5, 0, 0, 4, 0, 4, 4, 43, 0, 5, 5, 5, 0, 0, 0, 0, 0, 0, 0, 0, 0, 0, 0, 1, 41, 0, 41, 1, 2, 0, 43, 0, 0, 1, 0, 3, 1, 0, 4, 0, 0, 4, 0, 2, 1, 5, 1, 1, 3, 4, 1, 0, 2, 0, 2, 5, 2, 0, 40, 40, 5, 0, 0, 0, 1, 4, 4, 0, 1, 0, 3, 0, 4, 5, 1, : 1, 3, 40, 44, 3, 4, 1, 1, 1, 40, 5, 41, 5, 1, 1, 4, 4, 42, 5, 4, 4, 4, 43, 5, 5, 5, 1, 41, 41, 1, 2, 43, 1, 3, 1, 4, 4, 2, 1, 5, 1, 1, 3, 4, 1, 2, 2, 5, 2, 40, 40, 5, 1, 4, 4, 1, 3, 4, 5, 1, 
515: 5, 0, 4, 0, 4, 0, 0, 0, 1, 1, 41, 0, 0, 0, 5, 0, 0, 4, 0, 4, 5, 0, 2, 0, 5, 0, 4, 5, 0, 0, 4, 0, 5, 4, 5, 5, 3, 0, 5, 2, 0, 0, 0, 2, 0, 0, 4, 0, 1, 0, 0, 1, 4, 0, 4, 0, 42, 4, 5, 2, 0, 0, 5, 0, 5, 1, 5, 3, 5, 5, 4, 0, 0, 0, 0, 0, 0, 0, 4, 0, 4, 1, 2, 2, 0, 5, 0, 5, 0, 0, 0, 0, 3, 5, 0, 0, 0, 0, 4, 0, 4, 3, 0, 0, 42, 5, 3, 0, 3, 2, 5, 1, 0, 0, 3, 0, 42, 0, 0, 5, : 5, 4, 4, 1, 1, 41, 5, 4, 4, 5, 2, 5, 4, 5, 4, 5, 4, 5, 5, 3, 5, 2, 2, 4, 1, 1, 4, 4, 42, 4, 5, 2, 5, 5, 1, 5, 3, 5, 5, 4, 4, 4, 1, 2, 2, 5, 5, 3, 5, 4, 4, 3, 42, 5, 3, 3, 2, 5, 1, 3, 42, 5, 
573: 5, 0, 0, 0, 5, 2, 1, 0, 5, 3, 1, 0, 43, 0, 0, 0, 5, 5, 0, 0, 0, 0, 5, 5, 0, 0, 0, 1, 0, 0, 0, 0, 4, 1, 3, 0, 5, 0, 1, 4, 0, 0, 40, 3, 5, 5, 0, 0, 0, 0, 0, 44, 2, 0, 5, 42, 0, 0, 5, 0, 0, 0, 0, 5, 5, 4, 3, 0, 0, 0, 0, 0, 0, 0, 0, 3, 0, 0, 0, 0, 0, 0, 3, 0, 1, 0, 0, 2, 0, 5, 0, 5, 0, 1, 0, 5, 4, 0, 5, 0, 0, 0, 0, 0, 0, 4, 0, 40, 2, 0, 2, 3, 2, 0, 0, 0, 0, 0, 0, 0, : 5, 5, 2, 1, 5, 3, 1, 43, 5, 5, 5, 5, 1, 4, 1, 3, 5, 1, 4, 40, 3, 5, 5, 44, 2, 5, 42, 5, 5, 5, 4, 3, 3, 3, 1, 2, 5, 5, 1, 5, 4, 5, 4, 40, 2, 2, 3, 2, 
551: 4, 0, 1, 0, 5, 0, 2, 43, 0, 0, 2, 5, 0, 3, 0, 0, 3, 43, 0, 0, 2, 0, 5, 0, 4, 0, 0, 0, 2, 0, 0, 0, 43, 0, 0, 5, 0, 0, 42, 0, 0, 0, 2, 44, 2, 0, 0, 44, 5, 1, 0, 0, 1, 0, 5, 0, 4, 3, 4, 0, 0, 0, 0, 0, 0, 4, 4, 2, 0, 0, 3, 5, 0, 0, 0, 0, 43, 2, 0, 0, 0, 4, 3, 0, 0, 3, 0, 3, 1, 0, 0, 5, 0, 43, 3, 0, 5, 3, 3, 0, 0, 0, 0, 5, 4, 1, 4, 0, 1, 5, 0, 0, 42, 0, 3, 0, 0, 0, 0, 5, : 4, 1, 5, 2, 43, 2, 5, 3, 3, 43, 2, 5, 4, 2, 43, 5, 42, 2, 44, 2, 44, 5, 1, 1, 5, 4, 3, 4, 4, 4, 2, 3, 5, 43, 2, 4, 3, 3, 3, 1, 5, 43, 3, 5, 3, 3, 5, 4, 1, 4, 1, 5, 42, 3, 5, 
117: 3, 41, 0, 0, 0, 3, 3, 0, 0, 0, 0, 0, 0, 0, 2, 4, 0, 0, 0, 2, 40, 0, 4, 42, 4, 42, 0, 5, 44, 0, 1, 0, 1, 5, 1, 42, 0, 0, 1, 0, 0, 0, 0, 0, 0, 0, 1, 2, 0, 0, 0, 0, 4, 0, 1, 0, 0, 0, 0, 0, 2, 0, 0, 1, 0, 0, 0, 40, 0, 42, 1, 4, 0, 0, 3, 0, 0, 0, 4, 4, 0, 3, 2, 0, 0, 0, 0, 1, 0, 4, 2, 0, 3, 3, 1, 3, 0, 0, 3, 3, 0, 2, 3, 0, 0, 0, 0, 42, 2, 0, 0, 0, 44, 1, 3, 4, 0, 4, 44, 3, : 3, 41, 3, 3, 2, 4, 2, 40, 4, 42, 4, 42, 5, 44, 1, 1, 5, 1, 42, 1, 1, 2, 4, 1, 2, 1, 40, 42, 1, 4, 3, 4, 4, 3, 2, 1, 4, 2, 3, 3, 1, 3, 3, 3, 2, 3, 42, 2, 44, 1, 3, 4, 4, 44, 3, 
508: 0, 0, 4, 1, 5, 2, 0, 2, 0, 5, 0, 0, 4, 3, 5, 4, 3, 0, 40, 0, 0, 0, 5, 3, 0, 0, 0, 5, 0, 0, 2, 0, 4, 42, 1, 0, 5, 5, 0, 4, 5, 0, 0, 0, 1, 0, 0, 3, 0, 0, 3, 5, 0, 0, 0, 0, 5, 1, 1, 2, 0, 0, 43, 2, 0, 4, 1, 0, 2, 1, 3, 0, 2, 4, 3, 0, 0, 41, 0, 0, 3, 5, 5, 0, 0, 0, 40, 2, 0, 3, 0, 0, 0, 0, 1, 0, 0, 2, 0, 0, 4, 0, 0, 4, 0, 5, 4, 1, 5, 2, 2, 0, 0, 4, 2, 5, 0, 0, 0, 0, : 4, 1, 5, 2, 2, 5, 4, 3, 5, 4, 3, 40, 5, 3, 5, 2, 4, 42, 1, 5, 5, 4, 5, 1, 3, 3, 5, 5, 1, 1, 2, 43, 2, 4, 1, 2, 1, 3, 2, 4, 3, 41, 3, 5, 5, 40, 2, 3, 1, 2, 4, 4, 5, 4, 1, 5, 2, 2, 4, 2, 5, 
383: 0, 0, 4, 0, 0, 0, 0, 0, 3, 0, 0, 0, 42, 0, 2, 4, 4, 0, 0, 4, 0, 0, 0, 0, 0, 0, 0, 0, 43, 0, 0, 0, 0, 44, 4, 4, 2, 0, 0, 3, 0, 40, 0, 0, 0, 0, 0, 0, 0, 2, 2, 0, 0, 1, 2, 0, 1, 0, 5, 4, 40, 5, 0, 0, 3, 0, 0, 0, 2, 0, 0, 4, 4, 40, 1, 5, 2, 0, 0, 2, 0, 2, 0, 3, 0, 2, 0, 1, 43, 0, 0, 1, 1, 1, 0, 1, 0, 1, 0, 41, 4, 2, 2, 0, 5, 1, 0, 0, 1, 1, 4, 0, 5, 5, 0, 0, 0, 0, 5, 0, : 4, 3, 42, 2, 4, 4, 4, 43, 44, 4, 4, 2, 3, 40, 2, 2, 1, 2, 1, 5, 4, 40, 5, 3, 2, 4, 4, 40, 1, 5, 2, 2, 2, 3, 2, 1, 43, 1, 1, 1, 1, 1, 41, 4, 2, 2, 5, 1, 1, 1, 4, 5, 5, 5, 
597: 0, 0, 2, 4, 1, 0, 1, 0, 0, 0, 0, 0, 0, 0, 3, 5, 0, 5, 0, 0, 0, 0, 3, 0, 41, 0, 0, 0, 0, 1, 0, 40, 0, 0, 5, 4, 0, 0, 0, 1, 0, 0, 0, 0, 4, 40, 3, 5, 0, 0, 5, 2, 5, 0, 0, 3, 0, 5, 2, 0, 1, 0, 0, 5, 5, 0, 2, 2, 3, 0, 5, 1, 1, 2, 3, 0, 5, 0, 4, 0, 0, 0, 0, 0, 1, 0, 0, 2, 0, 1, 1, 2, 0, 4, 2, 0, 0, 0, 1, 0, 44, 0, 3, 5, 3, 0, 0, 0, 41, 5, 2, 5, 0, 0, 1, 4, 42, 43, 0, 0, : 2, 4, 1, 1, 3, 5, 5, 3, 41, 1, 40, 5, 4, 1, 4, 40, 3, 5, 5, 2, 5, 3, 5, 2, 1, 5, 5, 2, 2, 3, 5, 1, 1, 2, 3, 5, 4, 1, 2, 1, 1, 2, 4, 2, 1, 44, 3, 5, 3, 41, 5, 2, 5, 1, 4, 42, 43, 
447: 0, 0, 0, 0, 1, 0, 0, 0, 2, 5, 0, 0, 0, 0, 0, 3, 0, 0, 3, 44, 0, 0, 0, 2, 3, 0, 0, 2, 0, 0, 0, 2, 44, 0, 4, 0, 4, 0, 41, 0, 43, 0, 0, 0, 0, 0, 0, 4, 0, 0, 1, 0, 40, 0, 0, 0, 5, 0, 0, 41, 0, 40, 1, 4, 4, 0, 0, 0, 5, 1, 0, 0, 5, 0, 0, 1, 0, 5, 4, 0, 0, 1, 3, 0, 0, 0, 2, 0, 1, 41, 0, 0, 41, 1, 0, 4, 5, 3, 0, 0, 3, 2, 0, 0, 0, 0, 5, 2, 5, 0, 5, 3, 2, 4, 40, 0, 0, 0, 41, 1, : 1, 2, 5, 3, 3, 44, 2, 3, 2, 2, 44, 4, 4, 41, 43, 4, 1, 40, 5, 41, 40, 1, 4, 4, 5, 1, 5, 1, 5, 4, 1, 3, 2, 1, 41, 41, 1, 4, 5, 3, 3, 2, 5, 2, 5, 5, 3, 2, 4, 40, 41, 1, 
3: 1, 40, 4, 0, 4, 4, 0, 0, 0, 42, 0, 0, 0, 0, 3, 0, 2, 0, 0, 2, 0, 0, 1, 1, 0, 0, 41, 5, 0, 0, 0, 0, 2, 1, 0, 1, 1, 44, 0, 0, 2, 0, 0, 0, 0, 0, 0, 0, 4, 1, 0, 1, 4, 0, 5, 41, 40, 40, 5, 2, 1, 0, 0, 0, 1, 2, 0, 0, 0, 4, 1, 2, 5, 1, 3, 0, 2, 0, 0, 40, 1, 0, 0, 2, 1, 5, 0, 1, 3, 0, 5, 4, 3, 4, 0, 0, 0, 4, 0, 3, 5, 3, 0, 42, 0, 1, 0, 1, 3, 5, 0, 0, 0, 0, 0, 5, 3, 0, 1, 0, : 1, 40, 4, 4, 4, 42, 3, 2, 2, 1, 1, 41, 5, 2, 1, 1, 1, 44, 2, 4, 1, 1, 4, 5, 41, 40, 40, 5, 2, 1, 1, 2, 4, 1, 2, 5, 1, 3, 2, 40, 1, 2, 1, 5, 1, 3, 5, 4, 3, 4, 4, 3, 5, 3, 42, 1, 1, 3, 5, 5, 3, 1, 
531: 0, 1, 1, 0, 4, 0, 1, 0, 1, 0, 0, 1, 0, 1, 0, 5, 0, 3, 0, 0, 0, 0, 2, 2, 0, 5, 0, 5, 0, 0, 2, 4, 0, 0, 0, 4, 2, 0, 0, 0, 0, 3, 2, 0, 0, 0, 0, 0, 2, 5, 43, 0, 0, 0, 0, 0, 2, 2, 0, 0, 0, 1, 0, 0, 5, 2, 42, 0, 5, 0, 1, 0, 0, 0, 4, 0, 2, 0, 1, 1, 0, 0, 1, 4, 1, 0, 5, 3, 0, 0, 0, 4, 0, 3, 44, 0, 0, 2, 4, 5, 4, 0, 4, 0, 0, 0, 3, 0, 4, 0, 5, 0, 3, 0, 1, 41, 0, 0, 0, 0, : 1, 1, 4, 1, 1, 1, 1, 5, 3, 2, 2, 5, 5, 2, 4, 4, 2, 3, 2, 2, 5, 43, 2, 2, 1, 5, 2, 42, 5, 1, 4, 2, 1, 1, 1, 4, 1, 5, 3, 4, 3, 44, 2, 4, 5, 4, 4, 3, 4, 5, 3, 1, 41, 
326: 2, 0, 0, 4, 43, 0, 0, 4, 0, 4, 0, 0, 0, 2, 0, 5, 4, 44, 0, 4, 4, 0, 0, 0, 0, 0, 1, 5, 0, 0, 0, 0, 0, 0, 1, 1, 3, 0, 2, 1, 5, 1, 4, 0, 0, 0, 0, 0, 0, 0, 0, 1, 0, 0, 0, 5, 2, 0, 5, 2, 0, 1, 0, 0, 44, 0, 0, 0, 0, 0, 0, 0, 1, 0, 0, 0, 0, 2, 3, 43, 0, 5, 0, 4, 3, 44, 3, 3, 4, 1, 5, 0, 4, 41, 0, 0, 43, 4, 0, 1, 0, 4, 2, 0, 0, 3, 40, 0, 0, 43, 0, 3, 5, 4, 0, 0, 4, 3, 4, 0, : 2, 4, 43, 4, 4, 2, 5, 4, 44, 4, 4, 1, 5, 1, 1, 3, 2, 1, 5, 1, 4, 1, 5, 2, 5, 2, 1, 44, 1, 2, 3, 43, 5, 4, 3, 44, 3, 3, 4, 1, 5, 4, 41, 43, 4, 1, 4, 2, 3, 40, 43, 3, 5, 4, 4, 3, 4, 
54: 3, 0, 5, 44, 0, 0, 1, 4, 0, 1, 0, 0, 0, 4, 0, 4, 0, 2, 0, 40, 0, 3, 1, 2, 0, 2, 0, 0, 5, 0, 5, 0, 0, 0, 0, 0, 2, 0, 0, 0, 3, 0, 0, 0, 3, 0, 0, 2, 0, 0, 0, 0, 0, 0, 0, 0, 42, 0, 0, 0, 2, 41, 0, 1, 4, 0, 43, 5, 0, 0, 0, 2, 5, 3, 5, 2, 2, 0, 0, 0, 4, 0, 4, 0, 0, 0, 0, 2, 2, 0, 1, 1, 5, 4, 3, 0, 0, 0, 3, 0, 1, 0, 0, 0, 0, 0, 3, 4, 5, 0, 3, 0, 3, 0, 4, 0, 3, 43, 1, 0, : 3, 5, 44, 1, 4, 1, 4, 4, 2, 40, 3, 1, 2, 2, 5, 5, 2, 3, 3, 2, 42, 2, 41, 1, 4, 43, 5, 2, 5, 3, 5, 2, 2, 4, 4, 2, 2, 1, 1, 5, 4, 3, 3, 1, 3, 4, 5, 3, 3, 4, 3, 43, 1, 
89: 2, 2, 4, 1, 1, 3, 1, 0, 0, 0, 0, 0, 0, 2, 0, 0, 4, 0, 0, 3, 0, 0, 1, 4, 3, 3, 40, 0, 5, 0, 4, 5, 0, 5, 1, 2, 5, 5, 1, 0, 0, 4, 5, 0, 2, 5, 0, 3, 5, 0, 0, 5, 0, 5, 0, 0, 1, 44, 3, 5, 0, 4, 2, 1, 0, 0, 4, 4, 4, 5, 5, 0, 1, 2, 43, 1, 0, 0, 3, 1, 0, 0, 0, 40, 5, 0, 43, 0, 44, 0, 5, 0, 0, 0, 1, 0, 0, 5, 0, 0, 1, 0, 43, 0, 2, 0, 5, 0, 3, 0, 0, 0, 3, 0, 0, 0, 0, 0, 0, 4, : 2, 2, 4, 1, 1, 3, 1, 2, 4, 3, 1, 4, 3, 3, 40, 5, 4, 5, 5, 1, 2, 5, 5, 1, 4, 5, 2, 5, 3, 5, 5, 5, 1, 44, 3, 5, 4, 2, 1, 4, 4, 4, 5, 5, 1, 2, 43, 1, 3, 1, 40, 5, 43, 44, 5, 1, 5, 1, 43, 2, 5, 3, 3, 4, 
465: 0, 0, 0, 0, 5, 41, 40, 2, 0, 1, 5, 42, 0, 1, 0, 2, 5, 0, 3, 1, 2, 0, 4, 2, 4, 0, 0, 0, 0, 4, 1, 0, 0, 0, 0, 5, 0, 2, 0, 4, 0, 0, 0, 0, 0, 0, 5, 5, 1, 0, 0, 0, 0, 3, 3, 0, 0, 0, 0, 2, 41, 2, 4, 2, 2, 0, 0, 0, 1, 2, 3, 0, 0, 4, 41, 0, 43, 0, 0, 0, 3, 2, 0, 2, 0, 0, 0, 3, 1, 1, 44, 0, 41, 4, 0, 2, 0, 0, 0, 0, 1, 1, 4, 0, 0, 5, 0, 4, 2, 3, 5, 0, 0, 0, 2, 42, 0, 3, 4, 1, : 5, 41, 40, 2, 1, 5, 42, 1, 2, 5, 3, 1, 2, 4, 2, 4, 4, 1, 5, 2, 4, 5, 5, 1, 3, 3, 2, 41, 2, 4, 2, 2, 1, 2, 3, 4, 41, 43, 3, 2, 2, 3, 1, 1, 44, 41, 4, 2, 1, 1, 4, 5, 4, 2, 3, 5, 2, 42, 3, 4, 1, 
105: 0, 1, 0, 3, 0, 2, 0, 0, 3, 0, 0, 0, 40, 2, 1, 0, 3, 5, 0, 4, 0, 0, 3, 5, 1, 0, 1, 2, 44, 1, 2, 4, 3, 0, 1, 0, 1, 0, 0, 5, 0, 3, 0, 0, 40, 1, 0, 2, 40, 0, 4, 0, 0, 0, 0, 3, 0, 0, 1, 0, 40, 1, 1, 0, 2, 0, 0, 42, 3, 0, 2, 0, 0, 2, 3, 0, 5, 42, 0, 4, 0, 1, 3, 4, 4, 1, 0, 2, 0, 42, 42, 0, 1, 5, 43, 0, 0, 0, 42, 5, 0, 3, 0, 3, 5, 42, 0, 0, 3, 3, 1, 0, 1, 0, 0, 4, 42, 0, 0, 2, : 1, 3, 2, 3, 40, 2, 1, 3, 5, 4, 3, 5, 1, 1, 2, 44, 1, 2, 4, 3, 1, 1, 5, 3, 40, 1, 2, 40, 4, 3, 1, 40, 1, 1, 2, 42, 3, 2, 2, 3, 5, 42, 4, 1, 3, 4, 4, 1, 2, 42, 42, 1, 5, 43, 42, 5, 3, 3, 5, 42, 3, 3, 1, 1, 4, 42, 2, 
28: 0, 0, 3, 0, 0, 2, 0, 0, 4, 2, 0, 1, 0, 0, 0, 4, 2, 0, 5, 4, 0, 1, 0, 0, 5, 5, 5, 40, 0, 5, 5, 5, 0, 1, 1, 1, 0, 3, 0, 0, 0, 4, 0, 0, 0, 0, 1, 0, 1, 0, 0, 2, 5, 0, 1, 4, 4, 1, 0, 1, 43, 40, 5, 0, 0, 5, 5, 3, 2, 0, 5, 0, 0, 4, 5, 2, 0, 0, 2, 0, 2, 0, 41, 0, 1, 0, 0, 0, 0, 0, 41, 4, 0, 0, 0, 0, 0, 5, 1, 3, 2, 0, 5, 0, 0, 4, 0, 0, 1, 4, 5, 0, 0, 0, 2, 0, 0, 0, 0, 0, : 3, 2, 4, 2, 1, 4, 2, 5, 4, 1, 5, 5, 5, 40, 5, 5, 5, 1, 1, 1, 3, 4, 1, 1, 2, 5, 1, 4, 4, 1, 1, 43, 40, 5, 5, 5, 3, 2, 5, 4, 5, 2, 2, 2, 41, 1, 41, 4, 5, 1, 3, 2, 5, 4, 1, 4, 5, 2, 
590: 3, 0, 4, 0, 5, 3, 1, 0, 5, 0, 3, 0, 4, 2, 2, 5, 0, 0, 0, 1, 0, 0, 3, 1, 0, 0, 1, 0, 2, 0, 4, 0, 2, 1, 5, 0, 0, 0, 0, 0, 0, 0, 0, 2, 0, 0, 0, 2, 0, 0, 2, 0, 0, 4, 2, 0, 43, 3, 1, 0, 1, 0, 42, 0, 0, 0, 5, 0, 0, 4, 5, 0, 0, 0, 0, 0, 0, 5, 3, 0, 0, 5, 0, 4, 3, 4, 43, 41, 0, 2, 5, 3, 5, 1, 0, 0, 0, 2, 2, 0, 0, 2, 0, 0, 0, 0, 0, 3, 2, 4, 4, 3, 4, 0, 3, 0, 0, 0, 0, 0, : 3, 4, 5, 3, 1, 5, 3, 4, 2, 2, 5, 1, 3, 1, 1, 2, 4, 2, 1, 5, 2, 2, 2, 4, 2, 43, 3, 1, 1, 42, 5, 4, 5, 5, 3, 5, 4, 3, 4, 43, 41, 2, 5, 3, 5, 1, 2, 2, 2, 3, 2, 4, 4, 3, 4, 3, 
582: 5, 0, 0, 1, 5, 0, 0, 0, 40, 1, 0, 1, 1, 2, 0, 4, 5, 0, 44, 0, 1, 0, 0, 0, 2, 0, 3, 41, 1, 2, 2, 5, 0, 0, 2, 0, 0, 0, 0, 2, 5, 41, 0, 0, 3, 0, 5, 0, 0, 0, 0, 3, 0, 44, 0, 0, 1, 1, 1, 0, 0, 3, 3, 0, 4, 41, 1, 1, 0, 0, 3, 0, 0, 0, 1, 0, 0, 44, 0, 0, 0, 0, 44, 0, 0, 4, 0, 3, 0, 0, 0, 0, 0, 4, 0, 4, 5, 5, 41, 0, 0, 2, 4, 0, 4, 1, 0, 5, 3, 0, 3, 2, 43, 0, 40, 2, 40, 0, 0, 3, : 5, 1, 5, 40, 1, 1, 1, 2, 4, 5, 44, 1, 2, 3, 41, 1, 2, 2, 5, 2, 2, 5, 41, 3, 5, 3, 44, 1, 1, 1, 3, 3, 4, 41, 1, 1, 3, 1, 44, 44, 4, 3, 4, 4, 5, 5, 41, 2, 4, 4, 1, 5, 3, 3, 2, 43, 40, 2, 40, 3, 
474: 0, 40, 4, 0, 3, 5, 0, 0, 0, 41, 5, 0, 0, 4, 44, 0, 4, 0, 0, 4, 1, 4, 1, 0, 1, 0, 0, 0, 0, 0, 1, 1, 0, 2, 2, 1, 4, 4, 5, 1, 0, 3, 0, 40, 0, 0, 1, 0, 0, 0, 2, 5, 42, 4, 3, 40, 0, 1, 0, 2, 0, 0, 0, 5, 3, 43, 2, 0, 1, 0, 4, 0, 5, 0, 0, 0, 0, 5, 0, 1, 5, 0, 2, 0, 1, 0, 3, 3, 0, 0, 3, 0, 0, 1, 0, 44, 2, 1, 0, 5, 4, 1, 0, 0, 2, 5, 0, 0, 2, 44, 0, 4, 2, 0, 5, 0, 5, 0, 0, 0, : 40, 4, 3, 5, 41, 5, 4, 44, 4, 4, 1, 4, 1, 1, 1, 1, 2, 2, 1, 4, 4, 5, 1, 3, 40, 1, 2, 5, 42, 4, 3, 40, 1, 2, 5, 3, 43, 2, 1, 4, 5, 5, 1, 5, 2, 1, 3, 3, 3, 1, 44, 2, 1, 5, 4, 1, 2, 5, 2, 44, 4, 2, 5, 5, 
323: 2, 0, 0, 0, 0, 4, 0, 0, 1, 43, 0, 3, 4, 3, 0, 0, 5, 4, 1, 41, 0, 0, 4, 3, 0, 0, 0, 4, 0, 0, 0, 0, 0, 0, 0, 0, 0, 0, 2, 3, 43, 5, 0, 2, 2, 1, 0, 0, 0, 0, 5, 5, 3, 3, 1, 0, 0, 1, 0, 4, 3, 4, 2, 5, 0, 0, 2, 0, 0, 2, 1, 0, 4, 2, 0, 0, 0, 0, 5, 0, 0, 2, 1, 1, 1, 0, 2, 5, 0, 0, 4, 41, 0, 3, 2, 1, 0, 3, 5, 4, 3, 0, 4, 41, 44, 0, 5, 3, 2, 0, 4, 0, 0, 0, 2, 0, 0, 0, 1, 0, : 2, 4, 1, 43, 3, 4, 3, 5, 4, 1, 41, 4, 3, 4, 2, 3, 43, 5, 2, 2, 1, 5, 5, 3, 3, 1, 1, 4, 3, 4, 2, 5, 2, 2, 1, 4, 2, 5, 2, 1, 1, 1, 2, 5, 4, 41, 3, 2, 1, 3, 5, 4, 3, 4, 41, 44, 5, 3, 2, 4, 2, 1, 
344: 2, 0, 0, 2, 4, 0, 3, 0, 44, 0, 0, 5, 4, 0, 0, 0, 5, 4, 4, 3, 0, 0, 0, 0, 1, 0, 1, 0, 0, 0, 44, 0, 0, 1, 0, 2, 3, 4, 4, 41, 1, 0, 0, 3, 0, 0, 0, 2, 4, 0, 0, 2, 0, 1, 0, 1, 0, 0, 1, 0, 0, 5, 0, 2, 0, 0, 3, 42, 0, 2, 3, 4, 0, 0, 1, 0, 4, 0, 2, 0, 1, 0, 0, 4, 0, 0, 0, 2, 0, 0, 1, 0, 5, 0, 1, 0, 0, 0, 1, 0, 0, 0, 0, 0, 0, 2, 4, 3, 0, 3, 44, 0, 4, 3, 2, 0, 4, 0, 0, 1, : 2, 2, 4, 3, 44, 5, 4, 5, 4, 4, 3, 1, 1, 44, 1, 2, 3, 4, 4, 41, 1, 3, 2, 4, 2, 1, 1, 1, 5, 2, 3, 42, 2, 3, 4, 1, 4, 2, 1, 4, 2, 1, 5, 1, 1, 2, 4, 3, 3, 44, 4, 3, 2, 4, 1, 
266: 4, 3, 0, 5, 3, 0, 5, 43, 0, 0, 2, 42, 41, 5, 3, 0, 1, 42, 4, 0, 5, 3, 3, 0, 0, 0, 0, 1, 1, 0, 4, 4, 0, 0, 4, 0, 0, 2, 2, 0, 1, 4, 2, 0, 0, 0, 43, 5, 3, 0, 0, 1, 0, 3, 0, 0, 0, 0, 5, 3, 3, 0, 3, 42, 0, 0, 0, 0, 3, 0, 0, 0, 1, 0, 3, 4, 0, 1, 42, 1, 4, 0, 0, 3, 0, 0, 0, 4, 0, 1, 5, 0, 0, 3, 5, 0, 0, 5, 0, 0, 0, 0, 0, 2, 0, 5, 0, 0, 0, 0, 1, 2, 4, 0, 0, 0, 0, 4, 0, 2, : 4, 3, 5, 3, 5, 43, 2, 42, 41, 5, 3, 1, 42, 4, 5, 3, 3, 1, 1, 4, 4, 4, 2, 2, 1, 4, 2, 43, 5, 3, 1, 3, 5, 3, 3, 3, 42, 3, 1, 3, 4, 1, 42, 1, 4, 3, 4, 1, 5, 3, 5, 5, 2, 5, 1, 2, 4, 4, 2, 
549: 1, 0, 5, 0, 0, 0, 0, 3, 0, 42, 0, 0, 0, 0, 41, 4, 3, 0, 2, 43, 0, 0, 1, 0, 2, 0, 5, 4, 0, 0, 3, 0, 2, 1, 0, 0, 0, 0, 5, 5, 1, 0, 0, 0, 42, 3, 40, 0, 0, 43, 0, 1, 0, 0, 5, 0, 41, 0, 0, 0, 3, 0, 1, 0, 0, 0, 1, 4, 0, 5, 0, 41, 3, 0, 44, 5, 0, 0, 1, 0, 0, 3, 0, 2, 2, 44, 1, 1, 40, 0, 0, 0, 1, 4, 2, 0, 40, 5, 0, 0, 41, 3, 0, 5, 4, 0, 0, 1, 0, 4, 2, 43, 4, 0, 0, 0, 0, 0, 40, 0, : 1, 5, 3, 42, 41, 4, 3, 2, 43, 1, 2, 5, 4, 3, 2, 1, 5, 5, 1, 42, 3, 40, 43, 1, 5, 41, 3, 1, 1, 4, 5, 41, 3, 44, 5, 1, 3, 2, 2, 44, 1, 1, 40, 1, 4, 2, 40, 5, 41, 3, 5, 4, 1, 4, 2, 43, 4, 40, 
382: 3, 4, 3, 41, 0, 42, 0, 0, 0, 4, 0, 0, 0, 0, 0, 0, 5, 0, 0, 1, 0, 2, 2, 2, 0, 0, 0, 5, 3, 0, 5, 1, 43, 0, 0, 0, 44, 0, 0, 41, 1, 0, 2, 0, 0, 4, 3, 0, 0, 0, 0, 41, 0, 0, 4, 5, 0, 0, 0, 3, 2, 0, 3, 42, 1, 0, 5, 0, 43, 5, 40, 1, 4, 0, 4, 4, 0, 0, 4, 2, 3, 1, 4, 0, 43, 0, 0, 0, 0, 2, 2, 0, 0, 0, 0, 3, 2, 0, 0, 0, 1, 0, 0, 4, 0, 1, 0, 0, 1, 44, 0, 0, 2, 3, 0, 0, 5, 0, 1, 3, : 3, 4, 3, 41, 42, 4, 5, 1, 2, 2, 2, 5, 3, 5, 1, 43, 44, 41, 1, 2, 4, 3, 41, 4, 5, 3, 2, 3, 42, 1, 5, 43, 5, 40, 1, 4, 4, 4, 4, 2, 3, 1, 4, 43, 2, 2, 3, 2, 1, 4, 1, 1, 44, 2, 3, 5, 1, 3, 
90: 2, 42, 0, 0, 0, 0, 5, 2, 4, 0, 0, 0, 0, 0, 5, 43, 42, 1, 0, 5, 0, 44, 4, 0, 3, 0, 0, 3, 1, 0, 3, 0, 1, 0, 1, 44, 1, 0, 5, 5, 4, 4, 3, 41, 42, 2, 0, 5, 2, 0, 0, 1, 1, 0, 1, 5, 0, 0, 1, 4, 4, 0, 3, 3, 3, 4, 4, 0, 4, 0, 0, 1, 0, 1, 3, 0, 0, 4, 0, 0, 0, 3, 1, 0, 0, 0, 1, 1, 3, 0, 0, 0, 0, 4, 0, 4, 4, 2, 0, 3, 42, 0, 4, 3, 3, 3, 5, 4, 0, 1, 2, 0, 0, 0, 0, 0, 3, 1, 0, 0, : 2, 42, 5, 2, 4, 5, 43, 42, 1, 5, 44, 4, 3, 3, 1, 3, 1, 1, 44, 1, 5, 5, 4, 4, 3, 41, 42, 2, 5, 2, 1, 1, 1, 5, 1, 4, 4, 3, 3, 3, 4, 4, 4, 1, 1, 3, 4, 3, 1, 1, 1, 3, 4, 4, 4, 2, 3, 42, 4, 3, 3, 3, 5, 4, 1, 2, 3, 1, 
502: 42, 0, 0, 0, 0, 1, 0, 1, 4, 41, 0, 0, 44, 0, 0, 0, 2, 0, 0, 5, 0, 0, 4, 0, 0, 0, 0, 0, 2, 4, 0, 1, 0, 2, 0, 0, 4, 5, 1, 2, 3, 0, 0, 0, 3, 0, 2, 5, 0, 0, 0, 0, 4, 0, 0, 5, 0, 0, 3, 42, 1, 0, 3, 0, 2, 0, 2, 3, 0, 0, 1, 0, 40, 4, 0, 0, 5, 1, 4, 0, 0, 3, 2, 44, 3, 0, 2, 4, 0, 2, 3, 4, 2, 3, 2, 5, 3, 0, 3, 3, 0, 3, 0, 0, 44, 0, 42, 2, 5, 0, 4, 0, 0, 0, 4, 3, 0, 0, 2, 0, : 42, 1, 1, 4, 41, 44, 2, 5, 4, 2, 4, 1, 2, 4, 5, 1, 2, 3, 3, 2, 5, 4, 5, 3, 42, 1, 3, 2, 2, 3, 1, 40, 4, 5, 1, 4, 3, 2, 44, 3, 2, 4, 2, 3, 4, 2, 3, 2, 5, 3, 3, 3, 3, 44, 42, 2, 5, 4, 4, 3, 2, 
172: 0, 0, 4, 1, 0, 5, 41, 0, 0, 5, 0, 0, 42, 1, 0, 2, 2, 0, 0, 0, 2, 3, 5, 0, 0, 0, 0, 0, 0, 41, 0, 41, 0, 0, 2, 2, 41, 0, 1, 3, 0, 42, 1, 0, 0, 41, 0, 0, 4, 0, 0, 0, 4, 5, 5, 0, 0, 0, 4, 0, 0, 3, 0, 0, 5, 0, 0, 3, 2, 0, 0, 0, 1, 44, 1, 0, 3, 2, 0, 5, 40, 4, 0, 4, 1, 0, 2, 0, 0, 5, 3, 0, 0, 4, 0, 0, 5, 2, 0, 0, 0, 0, 42, 0, 0, 1, 44, 0, 0, 4, 4, 5, 2, 4, 1, 0, 0, 0, 1, 0, : 4, 1, 5, 41, 5, 42, 1, 2, 2, 2, 3, 5, 41, 41, 2, 2, 41, 1, 3, 42, 1, 41, 4, 4, 5, 5, 4, 3, 5, 3, 2, 1, 44, 1, 3, 2, 5, 40, 4, 4, 1, 2, 5, 3, 4, 5, 2, 42, 1, 44, 4, 4, 5, 2, 4, 1, 1, 
574: 2, 5, 2, 4, 3, 0, 3, 3, 4, 0, 0, 0, 44, 1, 0, 0, 0, 3, 0, 0, 0, 0, 4, 1, 5, 0, 3, 0, 5, 4, 5, 1, 0, 5, 3, 44, 3, 0, 3, 0, 3, 0, 2, 0, 1, 5, 2, 0, 2, 0, 3, 1, 0, 0, 4, 44, 0, 0, 2, 0, 3, 3, 4, 4, 2, 0, 0, 0, 0, 3, 2, 4, 3, 0, 3, 0, 4, 0, 1, 1, 0, 2, 3, 44, 3, 0, 0, 4, 5, 3, 0, 42, 0, 4, 2, 0, 44, 0, 0, 0, 1, 2, 42, 0, 5, 3, 0, 0, 0, 2, 2, 44, 0, 42, 5, 3, 40, 4, 0, 5, : 2, 5, 2, 4, 3, 3, 3, 4, 44, 1, 3, 4, 1, 5, 3, 5, 4, 5, 1, 5, 3, 44, 3, 3, 3, 2, 1, 5, 2, 2, 3, 1, 4, 44, 2, 3, 3, 4, 4, 2, 3, 2, 4, 3, 3, 4, 1, 1, 2, 3, 44, 3, 4, 5, 3, 42, 4, 2, 44, 1, 2, 42, 5, 3, 2, 2, 44, 42, 5, 3, 40, 4, 5, 
22: 1, 0, 3, 4, 0, 0, 3, 2, 2, 0, 5, 0, 3, 0, 0, 3, 1, 0, 0, 1, 0, 0, 0, 3, 0, 0, 5, 3, 0, 0, 0, 0, 5, 0, 0, 0, 3, 0, 4, 0, 4, 0, 0, 0, 0, 3, 1, 4, 1, 0, 0, 4, 5, 0, 1, 0, 0, 44, 0, 0, 0, 4, 4, 4, 0, 0, 0, 0, 0, 0, 0, 0, 1, 0, 3, 0, 0, 0, 0, 0, 0, 3, 5, 3, 0, 0, 0, 1, 40, 3, 0, 0, 0, 1, 1, 0, 3, 3, 4, 0, 4, 4, 0, 0, 4, 1, 1, 0, 43, 3, 0, 0, 0, 0, 2, 2, 0, 0, 5, 0, : 1, 3, 4, 3, 2, 2, 5, 3, 3, 1, 1, 3, 5, 3, 5, 3, 4, 4, 3, 1, 4, 1, 4, 5, 1, 44, 4, 4, 4, 1, 3, 3, 5, 3, 1, 40, 3, 1, 1, 3, 3, 4, 4, 4, 4, 1, 1, 43, 3, 2, 2, 5, 
387: 0, 0, 0, 0, 2, 5, 4, 1, 2, 5, 0, 0, 41, 3, 42, 4, 5, 0, 0, 0, 0, 0, 5, 0, 0, 0, 0, 0, 0, 5, 0, 2, 0, 4, 0, 0, 3, 4, 5, 0, 5, 0, 3, 0, 0, 0, 0, 0, 5, 2, 0, 4, 0, 0, 5, 0, 0, 3, 4, 0, 1, 5, 2, 0, 0, 2, 3, 1, 0, 0, 3, 0, 0, 3, 3, 0, 4, 0, 5, 2, 0, 43, 2, 0, 1, 5, 0, 1, 0, 4, 43, 0, 0, 0, 4, 0, 0, 44, 5, 0, 4, 0, 2, 0, 0, 44, 0, 4, 1, 3, 3, 0, 0, 0, 1, 3, 3, 4, 3, 0, : 2, 5, 4, 1, 2, 5, 41, 3, 42, 4, 5, 5, 5, 2, 4, 3, 4, 5, 5, 3, 5, 2, 4, 5, 3, 4, 1, 5, 2, 2, 3, 1, 3, 3, 3, 4, 5, 2, 43, 2, 1, 5, 1, 4, 43, 4, 44, 5, 4, 2, 44, 4, 1, 3, 3, 1, 3, 3, 4, 3, 
566: 3, 0, 43, 0, 0, 0, 5, 3, 3, 0, 1, 0, 5, 44, 1, 3, 0, 0, 1, 5, 5, 4, 2, 2, 0, 0, 0, 3, 0, 0, 5, 2, 0, 0, 3, 0, 0, 0, 1, 0, 0, 0, 5, 0, 0, 0, 0, 0, 0, 0, 0, 0, 0, 0, 0, 5, 0, 3, 0, 0, 0, 0, 0, 0, 5, 0, 0, 2, 0, 4, 0, 5, 3, 5, 0, 3, 0, 0, 5, 0, 4, 0, 0, 0, 5, 0, 5, 2, 4, 3, 0, 0, 0, 3, 4, 2, 0, 3, 2, 1, 0, 4, 4, 0, 0, 2, 1, 3, 5, 0, 4, 0, 5, 0, 43, 1, 0, 40, 1, 0, : 3, 43, 5, 3, 3, 1, 5, 44, 1, 3, 1, 5, 5, 4, 2, 2, 3, 5, 2, 3, 1, 5, 5, 3, 5, 2, 4, 5, 3, 5, 3, 5, 4, 5, 5, 2, 4, 3, 3, 4, 2, 3, 2, 1, 4, 4, 2, 1, 3, 5, 4, 5, 43, 1, 40, 1, 
423: 0, 0, 0, 44, 0, 0, 5, 3, 2, 5, 4, 0, 0, 4, 2, 4, 41, 0, 0, 3, 0, 4, 1, 2, 0, 0, 3, 0, 2, 4, 2, 0, 0, 0, 1, 0, 4, 0, 3, 0, 0, 0, 1, 1, 5, 41, 0, 44, 2, 3, 5, 0, 2, 0, 2, 1, 0, 0, 5, 5, 5, 5, 2, 41, 1, 0, 0, 0, 0, 5, 5, 5, 0, 0, 0, 0, 3, 3, 43, 0, 0, 4, 2, 5, 0, 0, 42, 0, 2, 2, 1, 3, 3, 1, 5, 5, 4, 0, 0, 0, 4, 2, 0, 0, 1, 2, 2, 5, 4, 3, 2, 0, 2, 0, 0, 0, 5, 0, 0, 41, : 44, 5, 3, 2, 5, 4, 4, 2, 4, 41, 3, 4, 1, 2, 3, 2, 4, 2, 1, 4, 3, 1, 1, 5, 41, 44, 2, 3, 5, 2, 2, 1, 5, 5, 5, 5, 2, 41, 1, 5, 5, 5, 3, 3, 43, 4, 2, 5, 42, 2, 2, 1, 3, 3, 1, 5, 5, 4, 4, 2, 1, 2, 2, 5, 4, 3, 2, 2, 5, 41, 
359: 2, 0, 0, 0, 0, 3, 3, 0, 0, 4, 1, 0, 0, 0, 1, 0, 2, 1, 0, 0, 0, 3, 0, 3, 0, 0, 2, 5, 5, 0, 1, 5, 0, 4, 0, 0, 2, 0, 0, 0, 0, 4, 0, 2, 0, 0, 0, 0, 0, 0, 0, 3, 0, 2, 5, 0, 0, 0, 0, 3, 0, 1, 0, 0, 0, 0, 0, 5, 0, 5, 1, 5, 2, 0, 0, 4, 3, 4, 0, 0, 0, 4, 0, 0, 3, 4, 0, 4, 0, 2, 4, 0, 3, 0, 4, 3, 42, 1, 0, 2, 3, 0, 40, 0, 0, 0, 0, 0, 2, 0, 3, 4, 1, 0, 0, 0, 0, 0, 3, 1, : 2, 3, 3, 4, 1, 1, 2, 1, 3, 3, 2, 5, 5, 1, 5, 4, 2, 4, 2, 3, 2, 5, 3, 1, 5, 5, 1, 5, 2, 4, 3, 4, 4, 3, 4, 4, 2, 4, 3, 4, 3, 42, 1, 2, 3, 40, 2, 3, 4, 1, 3, 1, 
599: 43, 3, 0, 0, 4, 0, 0, 1, 0, 0, 4, 0, 4, 1, 42, 0, 0, 42, 5, 0, 0, 0, 0, 0, 3, 41, 0, 2, 0, 0, 0, 42, 0, 0, 0, 1, 40, 41, 0, 0, 0, 0, 4, 0, 0, 3, 40, 4, 0, 0, 0, 0, 0, 0, 0, 0, 0, 0, 43, 0, 0, 41, 3, 40, 0, 0, 1, 0, 44, 1, 0, 0, 0, 0, 2, 0, 0, 0, 5, 2, 0, 5, 1, 1, 5, 0, 4, 2, 0, 4, 1, 0, 0, 4, 0, 0, 5, 1, 0, 0, 0, 3, 0, 2, 3, 2, 2, 0, 2, 3, 0, 0, 5, 2, 0, 0, 0, 0, 4, 0, : 43, 3, 4, 1, 4, 4, 1, 42, 42, 5, 3, 41, 2, 42, 1, 40, 41, 4, 3, 40, 4, 43, 41, 3, 40, 1, 44, 1, 2, 5, 2, 5, 1, 1, 5, 4, 2, 4, 1, 4, 5, 1, 3, 2, 3, 2, 2, 2, 3, 5, 2, 4, 
325: 1, 0, 1, 0, 0, 1, 4, 4, 2, 0, 1, 0, 0, 4, 0, 0, 0, 0, 2, 0, 0, 0, 3, 2, 1, 0, 0, 41, 0, 0, 0, 0, 0, 0, 0, 3, 1, 0, 2, 0, 4, 0, 2, 0, 0, 0, 2, 2, 1, 0, 0, 43, 5, 0, 0, 0, 0, 41, 3, 5, 0, 0, 0, 0, 4, 5, 4, 0, 0, 1, 2, 4, 41, 1, 0, 0, 0, 2, 0, 3, 0, 2, 0, 0, 5, 0, 2, 2, 1, 2, 0, 0, 1, 5, 0, 0, 0, 3, 0, 5, 2, 5, 5, 3, 2, 5, 0, 1, 5, 0, 5, 3, 0, 0, 0, 4, 0, 2, 0, 4, : 1, 1, 1, 4, 4, 2, 1, 4, 2, 3, 2, 1, 41, 3, 1, 2, 4, 2, 2, 2, 1, 43, 5, 41, 3, 5, 4, 5, 4, 1, 2, 4, 41, 1, 2, 3, 2, 5, 2, 2, 1, 2, 1, 5, 3, 5, 2, 5, 5, 3, 2, 5, 1, 5, 5, 3, 4, 2, 4, 
346: 2, 4, 0, 0, 5, 0, 2, 5, 0, 0, 0, 2, 4, 0, 0, 0, 0, 0, 4, 3, 0, 0, 1, 1, 3, 3, 0, 0, 3, 5, 0, 1, 0, 41, 1, 0, 5, 43, 2, 0, 0, 5, 2, 2, 3, 1, 0, 0, 0, 0, 0, 4, 2, 0, 4, 0, 3, 2, 0, 0, 4, 0, 0, 0, 40, 0, 0, 0, 0, 2, 1, 0, 2, 0, 2, 5, 5, 4, 44, 0, 0, 4, 0, 0, 0, 0, 5, 0, 0, 0, 0, 3, 0, 3, 0, 2, 42, 4, 3, 5, 5, 3, 0, 0, 5, 42, 0, 0, 2, 41, 0, 2, 3, 1, 0, 1, 0, 0, 2, 0, : 2, 4, 5, 2, 5, 2, 4, 4, 3, 1, 1, 3, 3, 3, 5, 1, 41, 1, 5, 43, 2, 5, 2, 2, 3, 1, 4, 2, 4, 3, 2, 4, 40, 2, 1, 2, 2, 5, 5, 4, 44, 4, 5, 3, 3, 2, 42, 4, 3, 5, 5, 3, 5, 42, 2, 41, 2, 3, 1, 1, 2, 
341: 0, 0, 41, 0, 0, 3, 0, 0, 0, 5, 43, 0, 0, 4, 0, 0, 4, 0, 5, 0, 0, 0, 40, 4, 4, 0, 1, 0, 0, 0, 5, 0, 3, 0, 3, 4, 0, 4, 0, 0, 0, 2, 4, 0, 5, 0, 0, 5, 1, 42, 2, 0, 1, 0, 0, 0, 3, 0, 4, 41, 5, 2, 3, 5, 0, 1, 4, 0, 4, 1, 2, 5, 44, 0, 5, 3, 3, 0, 4, 0, 3, 2, 0, 0, 44, 44, 0, 0, 0, 5, 0, 0, 3, 5, 1, 0, 1, 0, 1, 5, 3, 4, 3, 0, 0, 3, 0, 0, 5, 2, 2, 3, 0, 0, 41, 3, 4, 0, 2, 3, : 41, 3, 5, 43, 4, 4, 5, 40, 4, 4, 1, 5, 3, 3, 4, 4, 2, 4, 5, 5, 1, 42, 2, 1, 3, 4, 41, 5, 2, 3, 5, 1, 4, 4, 1, 2, 5, 44, 5, 3, 3, 4, 3, 2, 44, 44, 5, 3, 5, 1, 1, 1, 5, 3, 4, 3, 3, 5, 2, 2, 3, 41, 3, 4, 2, 3, 
422: 4, 0, 1, 0, 0, 0, 2, 0, 0, 5, 1, 40, 0, 0, 1, 1, 0, 1, 0, 5, 0, 0, 3, 0, 0, 0, 0, 0, 2, 0, 0, 0, 40, 0, 0, 5, 0, 1, 2, 3, 4, 0, 1, 0, 3, 3, 0, 0, 0, 0, 0, 5, 4, 5, 2, 0, 0, 1, 0, 1, 2, 5, 0, 0, 0, 0, 42, 0, 0, 3, 4, 0, 1, 42, 0, 5, 0, 0, 4, 5, 2, 0, 40, 0, 0, 0, 0, 5, 1, 3, 0, 0, 0, 3, 3, 2, 0, 0, 0, 0, 4, 0, 0, 43, 4, 4, 0, 2, 5, 0, 0, 0, 0, 0, 0, 0, 0, 3, 4, 1, : 4, 1, 2, 5, 1, 40, 1, 1, 1, 5, 3, 2, 40, 5, 1, 2, 3, 4, 1, 3, 3, 5, 4, 5, 2, 1, 1, 2, 5, 42, 3, 4, 1, 42, 5, 4, 5, 2, 40, 5, 1, 3, 3, 3, 2, 4, 43, 4, 4, 2, 5, 3, 4, 1, 
464: 4, 0, 0, 3, 0, 3, 1, 0, 4, 0, 0, 1, 0, 2, 3, 4, 5, 0, 0, 0, 0, 1, 5, 0, 0, 0, 5, 0, 0, 2, 0, 0, 4, 0, 2, 5, 40, 0, 2, 42, 0, 5, 0, 0, 0, 4, 0, 0, 2, 0, 0, 5, 40, 2, 0, 3, 0, 1, 0, 0, 0, 0, 2, 0, 0, 0, 0, 0, 0, 0, 3, 0, 0, 3, 0, 1, 0, 40, 42, 0, 0, 1, 44, 0, 0, 41, 0, 1, 0, 3, 0, 0, 0, 0, 0, 0, 4, 0, 0, 4, 5, 0, 43, 1, 5, 2, 4, 5, 0, 3, 4, 3, 40, 43, 0, 4, 3, 3, 0, 0, : 4, 3, 3, 1, 4, 1, 2, 3, 4, 5, 1, 5, 5, 2, 4, 2, 5, 40, 2, 42, 5, 4, 2, 5, 40, 2, 3, 1, 2, 3, 3, 1, 40, 42, 1, 44, 41, 1, 3, 4, 4, 5, 43, 1, 5, 2, 4, 5, 3, 4, 3, 40, 43, 4, 3, 3, 
39: 2, 0, 2, 3, 4, 0, 0, 3, 0, 0, 0, 0, 0, 0, 0, 1, 0, 0, 43, 3, 0, 40, 1, 2, 3, 0, 41, 0, 0, 0, 1, 5, 1, 0, 0, 0, 2, 1, 5, 3, 1, 0, 4, 0, 0, 5, 0, 0, 0, 0, 3, 0, 0, 0, 5, 5, 5, 5, 4, 2, 0, 2, 5, 0, 0, 0, 0, 0, 3, 0, 0, 4, 0, 3, 5, 0, 3, 1, 3, 0, 0, 0, 0, 0, 4, 0, 1, 2, 0, 0, 43, 0, 0, 1, 3, 0, 3, 3, 0, 2, 4, 0, 0, 2, 0, 3, 0, 5, 3, 1, 0, 0, 0, 0, 4, 0, 0, 0, 1, 0, : 2, 2, 3, 4, 3, 1, 43, 3, 40, 1, 2, 3, 41, 1, 5, 1, 2, 1, 5, 3, 1, 4, 5, 3, 5, 5, 5, 5, 4, 2, 2, 5, 3, 4, 3, 5, 3, 1, 3, 4, 1, 2, 43, 1, 3, 3, 3, 2, 4, 2, 3, 5, 3, 1, 4, 1, 
198: 3, 0, 3, 4, 2, 0, 0, 2, 43, 4, 0, 5, 5, 1, 0, 0, 0, 1, 2, 41, 0, 5, 0, 0, 0, 44, 0, 0, 0, 41, 3, 40, 0, 0, 3, 0, 0, 0, 5, 1, 0, 0, 0, 4, 0, 0, 2, 2, 4, 0, 0, 1, 1, 0, 3, 4, 0, 2, 2, 0, 4, 1, 0, 0, 0, 0, 0, 0, 5, 4, 3, 3, 40, 0, 3, 0, 4, 4, 0, 3, 2, 0, 1, 0, 1, 3, 0, 3, 1, 1, 1, 0, 3, 3, 2, 1, 0, 0, 4, 0, 4, 2, 3, 0, 3, 0, 0, 0, 40, 0, 3, 2, 0, 0, 0, 0, 0, 0, 4, 0, : 3, 3, 4, 2, 2, 43, 4, 5, 5, 1, 1, 2, 41, 5, 44, 41, 3, 40, 3, 5, 1, 4, 2, 2, 4, 1, 1, 3, 4, 2, 2, 4, 1, 5, 4, 3, 3, 40, 3, 4, 4, 3, 2, 1, 1, 3, 3, 1, 1, 1, 3, 3, 2, 1, 4, 4, 2, 3, 3, 40, 3, 2, 4, 
571: 3, 5, 0, 0, 0, 5, 4, 4, 0, 0, 2, 1, 1, 0, 4, 1, 0, 0, 4, 2, 0, 0, 2, 0, 2, 0, 3, 0, 1, 0, 0, 41, 0, 3, 4, 0, 0, 0, 2, 3, 0, 1, 0, 0, 43, 0, 3, 2, 3, 0, 0, 0, 1, 44, 0, 1, 0, 0, 5, 0, 1, 2, 2, 0, 0, 3, 0, 0, 0, 0, 0, 4, 0, 0, 0, 0, 42, 0, 5, 2, 42, 0, 4, 0, 3, 1, 0, 0, 0, 40, 1, 41, 0, 0, 41, 0, 0, 0, 0, 1, 4, 3, 1, 40, 0, 3, 0, 0, 1, 1, 1, 4, 0, 2, 0, 0, 0, 0, 3, 5, : 3, 5, 5, 4, 4, 2, 1, 1, 4, 1, 4, 2, 2, 2, 3, 1, 41, 3, 4, 2, 3, 1, 43, 3, 2, 3, 1, 44, 1, 5, 1, 2, 2, 3, 4, 42, 5, 2, 42, 4, 3, 1, 40, 1, 41, 41, 1, 4, 3, 1, 40, 3, 1, 1, 1, 4, 2, 3, 5, 
481: 0, 3, 0, 0, 0, 0, 4, 0, 5, 0, 0, 2, 0, 0, 5, 0, 41, 0, 3, 2, 0, 0, 0, 0, 2, 0, 4, 5, 0, 0, 0, 1, 0, 3, 4, 3, 0, 0, 1, 0, 3, 0, 0, 5, 0, 0, 0, 5, 0, 0, 3, 0, 0, 0, 4, 0, 3, 2, 3, 4, 4, 3, 0, 0, 4, 3, 0, 4, 0, 44, 5, 0, 5, 4, 0, 1, 4, 1, 5, 0, 0, 0, 0, 2, 0, 0, 0, 0, 2, 1, 44, 0, 1, 1, 5, 0, 2, 0, 0, 0, 0, 0, 4, 0, 3, 0, 0, 4, 5, 0, 0, 0, 0, 0, 1, 0, 0, 0, 3, 0, : 3, 4, 5, 2, 5, 41, 3, 2, 2, 4, 5, 1, 3, 4, 3, 1, 3, 5, 5, 3, 4, 3, 2, 3, 4, 4, 3, 4, 3, 4, 44, 5, 5, 4, 1, 4, 1, 5, 2, 2, 1, 44, 1, 1, 5, 2, 4, 3, 4, 5, 1, 3, 
456: 41, 0, 3, 5, 4, 1, 3, 2, 5, 3, 4, 0, 5, 4, 0, 0, 40, 2, 2, 0, 1, 1, 4, 0, 3, 0, 1, 0, 0, 0, 1, 4, 3, 0, 0, 4, 4, 4, 0, 0, 0, 0, 0, 0, 3, 3, 0, 3, 3, 44, 0, 5, 0, 0, 4, 0, 1, 0, 0, 0, 0, 0, 1, 0, 1, 0, 0, 5, 42, 0, 0, 5, 0, 5, 3, 3, 41, 41, 4, 0, 2, 1, 0, 2, 3, 1, 3, 5, 0, 4, 1, 0, 1, 2, 0, 41, 0, 0, 0, 0, 41, 1, 0, 4, 0, 0, 0, 42, 1, 4, 2, 0, 3, 0, 2, 0, 1, 1, 0, 2, : 41, 3, 5, 4, 1, 3, 2, 5, 3, 4, 5, 4, 40, 2, 2, 1, 1, 4, 3, 1, 1, 4, 3, 4, 4, 4, 3, 3, 3, 3, 44, 5, 4, 1, 1, 1, 5, 42, 5, 5, 3, 3, 41, 41, 4, 2, 1, 2, 3, 1, 3, 5, 4, 1, 1, 2, 41, 41, 1, 4, 42, 1, 4, 2, 3, 2, 1, 1, 2, 
170: 0, 0, 0, 5, 1, 4, 0, 2, 0, 0, 0, 0, 0, 1, 3, 42, 0, 44, 0, 4, 2, 0, 2, 3, 2, 0, 0, 0, 5, 0, 0, 5, 3, 0, 3, 3, 2, 0, 0, 2, 0, 0, 3, 1, 0, 0, 1, 0, 4, 0, 0, 0, 0, 0, 4, 0, 0, 0, 44, 2, 1, 0, 0, 5, 4, 0, 1, 0, 0, 0, 4, 0, 1, 4, 0, 0, 0, 1, 0, 0, 0, 4, 0, 2, 4, 1, 1, 0, 4, 0, 0, 2, 44, 0, 0, 0, 3, 0, 5, 0, 0, 4, 0, 0, 0, 0, 0, 5, 40, 0, 0, 0, 0, 2, 44, 0, 0, 0, 3, 0, : 5, 1, 4, 2, 1, 3, 42, 44, 4, 2, 2, 3, 2, 5, 5, 3, 3, 3, 2, 2, 3, 1, 1, 4, 4, 44, 2, 1, 5, 4, 1, 4, 1, 4, 1, 4, 2, 4, 1, 1, 4, 2, 44, 3, 5, 4, 5, 40, 2, 44, 3, 
132: 0, 0, 0, 2, 44, 4, 0, 3, 3, 0, 4, 4, 0, 0, 5, 1, 1, 0, 0, 0, 0, 0, 2, 5, 0, 0, 0, 0, 5, 1, 2, 0, 3, 0, 1, 5, 0, 0, 3, 5, 0, 4, 2, 40, 0, 3, 2, 0, 0, 0, 4, 1, 4, 2, 1, 0, 4, 40, 44, 0, 0, 0, 4, 1, 0, 2, 0, 0, 0, 2, 0, 0, 2, 0, 0, 0, 5, 0, 2, 42, 0, 3, 1, 0, 4, 4, 0, 0, 0, 5, 0, 0, 0, 0, 1, 0, 0, 2, 0, 41, 1, 2, 0, 0, 0, 2, 0, 0, 0, 0, 43, 3, 0, 0, 1, 0, 0, 0, 0, 40, : 2, 44, 4, 3, 3, 4, 4, 5, 1, 1, 2, 5, 5, 1, 2, 3, 1, 5, 3, 5, 4, 2, 40, 3, 2, 4, 1, 4, 2, 1, 4, 40, 44, 4, 1, 2, 2, 2, 5, 2, 42, 3, 1, 4, 4, 5, 1, 2, 41, 1, 2, 2, 43, 3, 1, 40, 
504: 1, 0, 0, 41, 0, 0, 0, 0, 1, 0, 0, 0, 0, 4, 2, 0, 0, 0, 0, 3, 44, 0, 3, 40, 0, 0, 0, 0, 0, 0, 5, 0, 44, 0, 4, 0, 0, 3, 5, 4, 0, 0, 3, 0, 0, 0, 5, 3, 0, 0, 44, 1, 4, 0, 0, 0, 0, 0, 5, 0, 0, 0, 0, 2, 4, 0, 0, 4, 0, 0, 0, 0, 0, 0, 0, 0, 0, 2, 0, 4, 3, 0, 4, 3, 1, 0, 1, 41, 0, 0, 0, 0, 0, 0, 5, 0, 0, 0, 4, 2, 0, 0, 0, 4, 0, 0, 2, 40, 0, 0, 0, 0, 0, 3, 0, 0, 0, 3, 0, 0, : 1, 41, 1, 4, 2, 3, 44, 3, 40, 5, 44, 4, 3, 5, 4, 3, 5, 3, 44, 1, 4, 5, 2, 4, 4, 2, 4, 3, 4, 3, 1, 1, 41, 5, 4, 2, 4, 2, 40, 3, 3, 
379: 0, 0, 0, 0, 1, 42, 40, 4, 3, 0, 1, 0, 0, 3, 5, 3, 0, 0, 1, 5, 0, 0, 3, 0, 0, 2, 0, 5, 0, 42, 0, 3, 0, 0, 5, 5, 0, 0, 0, 0, 0, 1, 0, 0, 0, 2, 4, 2, 5, 5, 0, 5, 0, 1, 3, 1, 0, 4, 4, 0, 5, 2, 0, 0, 41, 2, 0, 2, 0, 2, 0, 4, 0, 0, 0, 0, 2, 0, 0, 2, 0, 1, 0, 1, 2, 0, 0, 0, 2, 2, 0, 1, 0, 4, 0, 3, 0, 4, 5, 2, 0, 1, 3, 1, 2, 0, 0, 3, 5, 5, 1, 3, 5, 5, 0, 4, 2, 4, 0, 0, : 1, 42, 40, 4, 3, 1, 3, 5, 3, 1, 5, 3, 2, 5, 42, 3, 5, 5, 1, 2, 4, 2, 5, 5, 5, 1, 3, 1, 4, 4, 5, 2, 41, 2, 2, 2, 4, 2, 2, 1, 1, 2, 2, 2, 1, 4, 3, 4, 5, 2, 1, 3, 1, 2, 3, 5, 5, 1, 3, 5, 5, 4, 2, 4, 
9: 0, 0, 0, 0, 0, 4, 0, 0, 0, 3, 0, 0, 0, 2, 3, 5, 0, 0, 0, 0, 0, 3, 5, 1, 0, 0, 0, 1, 0, 0, 0, 4, 5, 0, 0, 5, 0, 41, 44, 1, 0, 5, 0, 0, 2, 0, 0, 0, 0, 0, 1, 1, 1, 0, 0, 0, 3, 0, 0, 0, 4, 4, 0, 1, 4, 0, 1, 3, 1, 0, 0, 2, 0, 0, 0, 0, 0, 4, 5, 44, 44, 4, 0, 2, 0, 0, 0, 0, 0, 1, 2, 0, 0, 5, 5, 0, 2, 0, 2, 0, 4, 1, 0, 40, 0, 0, 2, 2, 5, 5, 0, 2, 5, 40, 4, 1, 0, 0, 0, 44, : 4, 3, 2, 3, 5, 3, 5, 1, 1, 4, 5, 5, 41, 44, 1, 5, 2, 1, 1, 1, 3, 4, 4, 1, 4, 1, 3, 1, 2, 4, 5, 44, 44, 4, 2, 1, 2, 5, 5, 2, 2, 4, 1, 40, 2, 2, 5, 5, 2, 5, 40, 4, 1, 44, 
6: 2, 0, 1, 0, 4, 1, 3, 0, 0, 0, 4, 0, 0, 1, 2, 0, 0, 0, 3, 4, 0, 0, 5, 0, 5, 0, 0, 0, 0, 1, 42, 0, 2, 3, 0, 2, 0, 4, 0, 40, 0, 0, 5, 0, 0, 0, 2, 0, 1, 0, 0, 42, 3, 0, 4, 5, 2, 0, 4, 0, 3, 5, 2, 0, 5, 4, 5, 4, 0, 0, 3, 0, 4, 0, 0, 4, 0, 0, 0, 3, 5, 3, 0, 2, 0, 0, 0, 0, 3, 1, 4, 3, 4, 1, 3, 41, 0, 0, 3, 0, 2, 4, 3, 0, 0, 5, 0, 0, 1, 5, 4, 0, 0, 1, 1, 0, 4, 0, 0, 0, : 2, 1, 4, 1, 3, 4, 1, 2, 3, 4, 5, 5, 1, 42, 2, 3, 2, 4, 40, 5, 2, 1, 42, 3, 4, 5, 2, 4, 3, 5, 2, 5, 4, 5, 4, 3, 4, 4, 3, 5, 3, 2, 3, 1, 4, 3, 4, 1, 3, 41, 3, 2, 4, 3, 5, 1, 5, 4, 1, 1, 4, 
223: 0, 0, 3, 4, 0, 0, 3, 0, 0, 4, 0, 1, 1, 5, 0, 40, 0, 1, 0, 2, 1, 4, 5, 0, 0, 0, 1, 0, 4, 4, 5, 4, 0, 0, 2, 2, 4, 4, 0, 0, 0, 42, 0, 0, 0, 0, 0, 0, 4, 5, 0, 5, 0, 3, 5, 0, 0, 4, 0, 0, 5, 0, 4, 0, 0, 3, 0, 3, 0, 4, 0, 0, 2, 3, 0, 43, 0, 2, 0, 3, 41, 42, 1, 5, 2, 0, 0, 3, 1, 0, 4, 0, 0, 0, 0, 4, 0, 1, 0, 0, 2, 5, 0, 0, 0, 5, 4, 0, 2, 0, 0, 40, 5, 0, 1, 4, 4, 0, 0, 5, : 3, 4, 3, 4, 1, 1, 5, 40, 1, 2, 1, 4, 5, 1, 4, 4, 5, 4, 2, 2, 4, 4, 42, 4, 5, 5, 3, 5, 4, 5, 4, 3, 3, 4, 2, 3, 43, 2, 3, 41, 42, 1, 5, 2, 3, 1, 4, 4, 1, 2, 5, 5, 4, 2, 40, 5, 1, 4, 4, 5, 
438: 5, 0, 0, 0, 0, 0, 0, 40, 0, 3, 0, 0, 0, 0, 41, 0, 0, 0, 0, 0, 0, 3, 0, 44, 1, 1, 4, 2, 0, 2, 3, 5, 0, 40, 0, 43, 4, 5, 0, 3, 43, 0, 0, 4, 5, 0, 3, 0, 4, 0, 0, 1, 0, 5, 0, 3, 5, 4, 0, 0, 0, 2, 2, 3, 2, 0, 0, 0, 3, 41, 3, 0, 3, 5, 1, 0, 5, 0, 0, 0, 3, 1, 0, 0, 0, 0, 4, 1, 0, 0, 0, 0, 0, 0, 0, 0, 0, 1, 4, 0, 4, 4, 40, 5, 5, 2, 1, 1, 1, 41, 0, 0, 5, 0, 42, 2, 0, 0, 3, 1, : 5, 40, 3, 41, 3, 44, 1, 1, 4, 2, 2, 3, 5, 40, 43, 4, 5, 3, 43, 4, 5, 3, 4, 1, 5, 3, 5, 4, 2, 2, 3, 2, 3, 41, 3, 3, 5, 1, 5, 3, 1, 4, 1, 1, 4, 4, 4, 40, 5, 5, 2, 1, 1, 1, 41, 5, 42, 2, 3, 1, 
247: 0, 0, 1, 0, 0, 0, 4, 0, 0, 40, 2, 2, 5, 5, 5, 2, 44, 0, 1, 5, 4, 0, 1, 44, 0, 0, 1, 2, 4, 0, 43, 0, 0, 0, 0, 0, 5, 0, 0, 0, 0, 1, 0, 0, 42, 0, 0, 2, 0, 4, 41, 2, 4, 0, 1, 0, 1, 4, 2, 0, 0, 0, 0, 0, 3, 0, 0, 1, 4, 40, 4, 5, 0, 5, 2, 0, 5, 0, 0, 0, 0, 3, 4, 1, 5, 0, 0, 2, 3, 0, 2, 0, 0, 3, 5, 3, 0, 5, 0, 2, 2, 0, 0, 2, 0, 1, 43, 2, 2, 1, 1, 0, 3, 42, 2, 4, 0, 0, 4, 41, : 1, 4, 40, 2, 2, 5, 5, 5, 2, 44, 1, 5, 4, 1, 44, 1, 2, 4, 43, 5, 1, 42, 2, 4, 41, 2, 4, 1, 1, 4, 2, 3, 1, 4, 40, 4, 5, 5, 2, 5, 3, 4, 1, 5, 2, 3, 2, 3, 5, 3, 5, 2, 2, 2, 1, 43, 2, 2, 1, 1, 3, 42, 2, 4, 4, 41, 
165: 2, 42, 0, 0, 2, 5, 3, 0, 0, 0, 0, 0, 0, 1, 44, 4, 5, 0, 0, 3, 0, 0, 41, 2, 2, 0, 0, 1, 0, 0, 4, 4, 0, 0, 1, 1, 4, 0, 1, 43, 0, 0, 0, 0, 0, 1, 0, 3, 1, 2, 0, 0, 0, 3, 43, 0, 1, 0, 0, 2, 0, 5, 3, 0, 3, 0, 0, 4, 0, 0, 0, 0, 41, 2, 4, 0, 2, 0, 0, 0, 1, 0, 5, 1, 0, 0, 1, 4, 0, 3, 4, 43, 3, 0, 0, 0, 4, 0, 0, 0, 0, 5, 0, 4, 0, 2, 0, 0, 4, 3, 41, 3, 0, 0, 2, 0, 0, 0, 0, 0, : 2, 42, 2, 5, 3, 1, 44, 4, 5, 3, 41, 2, 2, 1, 4, 4, 1, 1, 4, 1, 43, 1, 3, 1, 2, 3, 43, 1, 2, 5, 3, 3, 4, 41, 2, 4, 2, 1, 5, 1, 1, 4, 3, 4, 43, 3, 4, 5, 4, 2, 4, 3, 41, 3, 2, 
203: 2, 0, 5, 0, 0, 3, 0, 1, 0, 3, 2, 0, 2, 0, 5, 0, 0, 0, 0, 4, 4, 41, 0, 0, 0, 0, 44, 0, 5, 4, 5, 4, 0, 0, 43, 5, 3, 0, 0, 1, 0, 0, 4, 0, 5, 0, 0, 0, 0, 0, 1, 3, 5, 0, 2, 0, 5, 0, 4, 0, 5, 0, 0, 0, 1, 4, 0, 0, 2, 0, 3, 0, 0, 0, 4, 0, 0, 42, 0, 0, 44, 0, 0, 4, 5, 0, 3, 1, 0, 0, 0, 0, 0, 0, 5, 0, 4, 3, 0, 3, 0, 42, 0, 0, 3, 0, 0, 0, 5, 0, 0, 0, 0, 1, 0, 0, 41, 0, 4, 0, : 2, 5, 3, 1, 3, 2, 2, 5, 4, 4, 41, 44, 5, 4, 5, 4, 43, 5, 3, 1, 4, 5, 1, 3, 5, 2, 5, 4, 5, 1, 4, 2, 3, 4, 42, 44, 4, 5, 3, 1, 5, 4, 3, 3, 42, 3, 5, 1, 41, 4, 
11: 1, 3, 0, 0, 2, 0, 5, 2, 0, 1, 5, 0, 0, 3, 41, 1, 0, 0, 1, 0, 0, 4, 0, 0, 5, 5, 5, 3, 0, 0, 0, 0, 0, 0, 1, 4, 0, 5, 4, 0, 0, 0, 4, 0, 0, 0, 0, 1, 0, 0, 0, 1, 2, 1, 0, 41, 4, 0, 0, 0, 5, 0, 1, 0, 0, 0, 4, 0, 0, 3, 3, 4, 5, 0, 0, 0, 4, 0, 0, 4, 0, 5, 4, 1, 1, 44, 3, 0, 4, 3, 0, 2, 0, 3, 0, 1, 0, 1, 0, 5, 0, 41, 0, 0, 0, 1, 41, 4, 0, 1, 0, 0, 41, 5, 0, 3, 0, 3, 3, 1, : 1, 3, 2, 5, 2, 1, 5, 3, 41, 1, 1, 4, 5, 5, 5, 3, 1, 4, 5, 4, 4, 1, 1, 2, 1, 41, 4, 5, 1, 4, 3, 3, 4, 5, 4, 4, 5, 4, 1, 1, 44, 3, 4, 3, 2, 3, 1, 1, 5, 41, 1, 41, 4, 1, 41, 5, 3, 3, 3, 1, 
418: 0, 0, 1, 0, 2, 5, 0, 2, 0, 2, 4, 1, 0, 2, 0, 4, 0, 0, 3, 1, 0, 4, 4, 0, 44, 0, 0, 1, 1, 0, 0, 5, 42, 0, 0, 2, 3, 3, 5, 0, 0, 0, 0, 0, 1, 0, 0, 1, 0, 3, 3, 3, 0, 41, 40, 4, 0, 1, 1, 5, 0, 1, 2, 0, 2, 0, 0, 2, 4, 0, 3, 0, 1, 0, 3, 40, 44, 0, 0, 0, 0, 0, 3, 0, 4, 1, 0, 0, 5, 1, 0, 0, 2, 1, 44, 4, 1, 0, 5, 0, 0, 2, 0, 0, 5, 5, 0, 2, 1, 0, 0, 43, 0, 0, 4, 0, 4, 1, 0, 0, : 1, 2, 5, 2, 2, 4, 1, 2, 4, 3, 1, 4, 4, 44, 1, 1, 5, 42, 2, 3, 3, 5, 1, 1, 3, 3, 3, 41, 40, 4, 1, 1, 5, 1, 2, 2, 2, 4, 3, 1, 3, 40, 44, 3, 4, 1, 5, 1, 2, 1, 44, 4, 1, 5, 2, 5, 5, 2, 1, 43, 4, 4, 1, 
146: 0, 3, 40, 40, 0, 2, 2, 0, 0, 5, 4, 42, 2, 2, 5, 0, 4, 0, 1, 0, 0, 0, 0, 0, 5, 0, 0, 0, 0, 1, 3, 5, 1, 0, 43, 2, 0, 4, 1, 3, 1, 1, 1, 2, 0, 3, 0, 0, 0, 0, 0, 3, 0, 1, 42, 1, 2, 0, 4, 3, 4, 0, 0, 1, 0, 0, 0, 4, 0, 5, 4, 4, 2, 0, 0, 4, 3, 0, 0, 4, 0, 1, 0, 4, 2, 0, 0, 0, 0, 3, 0, 3, 43, 5, 1, 1, 0, 4, 0, 0, 3, 4, 0, 4, 0, 0, 0, 3, 0, 2, 0, 43, 0, 5, 0, 4, 5, 3, 0, 0, : 3, 40, 40, 2, 2, 5, 4, 42, 2, 2, 5, 4, 1, 5, 1, 3, 5, 1, 43, 2, 4, 1, 3, 1, 1, 1, 2, 3, 3, 1, 42, 1, 2, 4, 3, 4, 1, 4, 5, 4, 4, 2, 4, 3, 4, 1, 4, 2, 3, 3, 43, 5, 1, 1, 4, 3, 4, 4, 3, 2, 43, 5, 4, 5, 3, 
226: 4, 1, 0, 0, 2, 4, 1, 0, 0, 0, 0, 0, 0, 0, 0, 43, 1, 4, 3, 0, 41, 0, 0, 3, 2, 0, 0, 0, 43, 5, 0, 0, 1, 0, 0, 0, 5, 0, 1, 0, 1, 1, 4, 5, 0, 0, 0, 1, 4, 0, 0, 3, 3, 0, 43, 0, 0, 1, 3, 44, 0, 0, 5, 44, 1, 2, 40, 4, 2, 4, 0, 0, 2, 5, 1, 0, 0, 0, 3, 43, 0, 2, 4, 0, 0, 0, 3, 5, 0, 41, 0, 4, 3, 43, 0, 0, 0, 5, 0, 0, 0, 0, 41, 3, 0, 0, 0, 5, 0, 5, 0, 4, 3, 0, 1, 3, 0, 0, 0, 0, : 4, 1, 2, 4, 1, 43, 1, 4, 3, 41, 3, 2, 43, 5, 1, 5, 1, 1, 1, 4, 5, 1, 4, 3, 3, 43, 1, 3, 44, 5, 44, 1, 2, 40, 4, 2, 4, 2, 5, 1, 3, 43, 2, 4, 3, 5, 41, 4, 3, 43, 5, 41, 3, 5, 5, 4, 3, 1, 3, 
345: 0, 0, 0, 0, 2, 4, 2, 1, 0, 0, 0, 0, 0, 0, 2, 0, 0, 4, 44, 3, 0, 0, 41, 4, 4, 0, 41, 0, 0, 0, 0, 1, 0, 0, 3, 0, 0, 5, 2, 0, 0, 40, 2, 0, 2, 3, 0, 0, 4, 0, 0, 2, 0, 0, 5, 1, 0, 0, 3, 1, 0, 0, 0, 0, 43, 5, 5, 0, 0, 3, 1, 0, 0, 1, 2, 5, 0, 0, 2, 5, 0, 0, 0, 0, 4, 0, 0, 0, 1, 0, 5, 42, 0, 2, 2, 0, 0, 3, 0, 3, 0, 0, 0, 0, 0, 0, 3, 4, 3, 0, 5, 1, 0, 0, 2, 0, 4, 5, 0, 1, : 2, 4, 2, 1, 2, 4, 44, 3, 41, 4, 4, 41, 1, 3, 5, 2, 40, 2, 2, 3, 4, 2, 5, 1, 3, 1, 43, 5, 5, 3, 1, 1, 2, 5, 2, 5, 4, 1, 5, 42, 2, 2, 3, 3, 3, 4, 3, 5, 1, 2, 4, 5, 1, 
227: 1, 0, 0, 0, 3, 2, 41, 5, 0, 0, 0, 1, 0, 0, 4, 4, 0, 0, 0, 5, 4, 0, 5, 1, 3, 0, 0, 0, 1, 0, 1, 5, 0, 1, 0, 1, 0, 0, 3, 0, 1, 2, 3, 0, 0, 0, 0, 4, 5, 0, 0, 0, 41, 0, 5, 0, 4, 5, 0, 0, 0, 2, 1, 0, 5, 41, 1, 44, 43, 5, 1, 0, 1, 0, 4, 3, 0, 0, 5, 0, 4, 44, 0, 0, 4, 0, 44, 44, 0, 3, 4, 2, 1, 2, 1, 2, 0, 0, 0, 0, 0, 5, 3, 0, 4, 0, 0, 2, 0, 0, 1, 0, 0, 1, 0, 0, 0, 0, 0, 0, : 1, 3, 2, 41, 5, 1, 4, 4, 5, 4, 5, 1, 3, 1, 1, 5, 1, 1, 3, 1, 2, 3, 4, 5, 41, 5, 4, 5, 2, 1, 5, 41, 1, 44, 43, 5, 1, 1, 4, 3, 5, 4, 44, 4, 44, 44, 3, 4, 2, 1, 2, 1, 2, 5, 3, 4, 2, 1, 1, 
164: 0, 0, 1, 3, 0, 0, 0, 3, 4, 1, 0, 0, 1, 0, 0, 0, 0, 0, 42, 43, 42, 0, 0, 0, 3, 0, 4, 2, 3, 0, 0, 0, 0, 0, 0, 4, 0, 44, 5, 0, 0, 0, 0, 0, 0, 2, 41, 2, 1, 0, 0, 3, 4, 2, 2, 0, 4, 0, 0, 1, 0, 40, 2, 0, 2, 0, 0, 0, 41, 3, 1, 0, 5, 0, 1, 0, 41, 3, 4, 4, 0, 0, 0, 2, 1, 4, 0, 3, 0, 0, 0, 0, 0, 1, 4, 0, 0, 4, 0, 2, 5, 0, 3, 0, 2, 4, 4, 0, 2, 2, 2, 0, 0, 0, 1, 5, 0, 3, 0, 0, : 1, 3, 3, 4, 1, 1, 42, 43, 42, 3, 4, 2, 3, 4, 44, 5, 2, 41, 2, 1, 3, 4, 2, 2, 4, 1, 40, 2, 2, 41, 3, 1, 5, 1, 41, 3, 4, 4, 2, 1, 4, 3, 1, 4, 4, 2, 5, 3, 2, 4, 4, 2, 2, 2, 1, 5, 3, 
417: 4, 0, 0, 41, 0, 5, 3, 0, 0, 5, 2, 0, 2, 5, 5, 0, 0, 1, 3, 0, 0, 4, 1, 1, 5, 0, 0, 0, 3, 4, 0, 5, 4, 0, 4, 0, 0, 0, 2, 1, 0, 0, 5, 2, 0, 0, 0, 0, 0, 0, 44, 0, 0, 4, 3, 0, 1, 0, 2, 0, 0, 0, 2, 3, 0, 1, 0, 5, 2, 2, 0, 0, 5, 0, 0, 0, 2, 3, 4, 40, 0, 2, 0, 0, 2, 0, 0, 0, 0, 2, 2, 0, 1, 0, 4, 3, 0, 0, 0, 4, 4, 0, 0, 0, 0, 0, 3, 0, 0, 0, 2, 0, 2, 4, 0, 0, 2, 42, 0, 1, : 4, 41, 5, 3, 5, 2, 2, 5, 5, 1, 3, 4, 1, 1, 5, 3, 4, 5, 4, 4, 2, 1, 5, 2, 44, 4, 3, 1, 2, 2, 3, 1, 5, 2, 2, 5, 2, 3, 4, 40, 2, 2, 2, 2, 1, 4, 3, 4, 4, 3, 2, 2, 4, 2, 42, 1, 
539: 0, 0, 0, 2, 0, 0, 0, 44, 1, 4, 0, 0, 3, 1, 5, 4, 0, 0, 2, 0, 0, 0, 0, 0, 0, 0, 0, 1, 2, 0, 0, 3, 4, 40, 5, 4, 0, 5, 5, 0, 0, 0, 0, 1, 0, 1, 0, 1, 4, 42, 0, 0, 0, 3, 3, 0, 2, 4, 1, 0, 0, 0, 4, 2, 0, 0, 1, 1, 3, 0, 1, 41, 0, 5, 4, 4, 0, 0, 41, 0, 0, 0, 2, 2, 0, 0, 1, 41, 0, 0, 0, 5, 0, 2, 5, 0, 0, 0, 0, 0, 1, 42, 0, 0, 5, 0, 0, 5, 3, 0, 0, 0, 0, 5, 1, 0, 0, 42, 4, 2, : 2, 44, 1, 4, 3, 1, 5, 4, 2, 1, 2, 3, 4, 40, 5, 4, 5, 5, 1, 1, 1, 4, 42, 3, 3, 2, 4, 1, 4, 2, 1, 1, 3, 1, 41, 5, 4, 4, 41, 2, 2, 1, 41, 5, 2, 5, 1, 42, 5, 5, 3, 5, 1, 42, 4, 2, 
409: 3, 0, 5, 0, 0, 1, 40, 0, 42, 0, 0, 0, 3, 2, 0, 0, 3, 0, 1, 1, 41, 0, 0, 1, 0, 0, 1, 4, 0, 0, 4, 3, 0, 3, 44, 0, 0, 4, 0, 2, 5, 0, 3, 2, 42, 0, 4, 0, 0, 0, 2, 5, 1, 0, 3, 44, 0, 0, 0, 0, 0, 5, 0, 0, 5, 1, 0, 4, 0, 4, 0, 0, 2, 1, 0, 2, 0, 1, 4, 2, 0, 0, 0, 3, 4, 2, 0, 0, 0, 3, 0, 0, 43, 0, 2, 0, 0, 3, 0, 0, 0, 0, 0, 0, 0, 1, 2, 0, 2, 5, 4, 0, 0, 0, 2, 40, 42, 0, 3, 0, : 3, 5, 1, 40, 42, 3, 2, 3, 1, 1, 41, 1, 1, 4, 4, 3, 3, 44, 4, 2, 5, 3, 2, 42, 4, 2, 5, 1, 3, 44, 5, 5, 1, 4, 4, 2, 1, 2, 1, 4, 2, 3, 4, 2, 3, 43, 2, 3, 1, 2, 2, 5, 4, 2, 40, 42, 3, 
171: 1, 0, 0, 1, 44, 1, 0, 0, 0, 5, 0, 0, 0, 3, 0, 0, 0, 2, 2, 2, 40, 0, 0, 2, 0, 0, 4, 0, 0, 0, 0, 0, 4, 0, 0, 3, 2, 0, 5, 0, 0, 1, 0, 41, 5, 0, 40, 4, 0, 41, 0, 0, 0, 0, 2, 5, 0, 0, 0, 0, 0, 5, 0, 4, 0, 3, 0, 0, 0, 0, 5, 0, 4, 0, 5, 0, 3, 0, 3, 0, 41, 2, 0, 0, 4, 0, 5, 5, 1, 5, 5, 0, 0, 4, 0, 0, 0, 2, 3, 0, 1, 0, 0, 2, 43, 0, 1, 5, 2, 5, 5, 5, 0, 0, 0, 3, 0, 0, 1, 3, : 1, 1, 44, 1, 5, 3, 2, 2, 2, 40, 2, 4, 4, 3, 2, 5, 1, 41, 5, 40, 4, 41, 2, 5, 5, 4, 3, 5, 4, 5, 3, 3, 41, 2, 4, 5, 5, 1, 5, 5, 4, 2, 3, 1, 2, 43, 1, 5, 2, 5, 5, 5, 3, 1, 3, 
522: 1, 2, 0, 4, 3, 0, 0, 4, 0, 5, 1, 0, 1, 5, 0, 1, 4, 0, 0, 1, 3, 5, 0, 0, 3, 0, 0, 0, 5, 0, 0, 5, 0, 0, 0, 3, 0, 0, 0, 4, 3, 0, 0, 0, 0, 0, 2, 40, 1, 0, 0, 3, 0, 0, 0, 1, 0, 3, 0, 2, 4, 0, 0, 0, 3, 2, 40, 0, 0, 0, 2, 0, 0, 0, 4, 3, 0, 3, 4, 3, 5, 0, 2, 0, 43, 5, 0, 5, 40, 0, 0, 0, 0, 5, 3, 1, 3, 3, 3, 0, 0, 0, 40, 0, 0, 4, 0, 1, 4, 0, 0, 2, 2, 3, 4, 44, 0, 0, 0, 2, : 1, 2, 4, 3, 4, 5, 1, 1, 5, 1, 4, 1, 3, 5, 3, 5, 5, 3, 4, 3, 2, 40, 1, 3, 1, 3, 2, 4, 3, 2, 40, 2, 4, 3, 3, 4, 3, 5, 2, 43, 5, 5, 40, 5, 3, 1, 3, 3, 3, 40, 4, 1, 4, 2, 2, 3, 4, 44, 2, 
500: 3, 0, 4, 0, 0, 0, 0, 1, 0, 5, 2, 0, 0, 1, 0, 43, 0, 0, 0, 0, 0, 1, 1, 42, 1, 0, 0, 0, 3, 0, 0, 1, 4, 5, 0, 0, 0, 5, 0, 0, 1, 0, 5, 0, 0, 1, 44, 5, 0, 0, 0, 5, 2, 2, 1, 0, 0, 3, 0, 1, 5, 3, 41, 0, 0, 0, 0, 2, 0, 0, 4, 0, 0, 0, 5, 0, 1, 5, 5, 3, 0, 43, 1, 42, 42, 0, 0, 5, 0, 0, 0, 0, 0, 1, 5, 0, 1, 0, 42, 1, 2, 5, 5, 1, 0, 4, 5, 0, 5, 0, 4, 0, 0, 0, 5, 3, 0, 5, 5, 0, : 3, 4, 1, 5, 2, 1, 43, 1, 1, 42, 1, 3, 1, 4, 5, 5, 1, 5, 1, 44, 5, 5, 2, 2, 1, 3, 1, 5, 3, 41, 2, 4, 5, 1, 5, 5, 3, 43, 1, 42, 42, 5, 1, 5, 1, 42, 1, 2, 5, 5, 1, 4, 5, 5, 4, 5, 3, 5, 5, 
384: 0, 0, 5, 0, 42, 2, 0, 0, 2, 1, 4, 0, 0, 0, 0, 0, 5, 5, 0, 5, 5, 0, 1, 1, 1, 0, 0, 3, 2, 0, 0, 1, 5, 0, 3, 1, 5, 0, 3, 2, 4, 1, 42, 0, 0, 2, 2, 0, 43, 0, 0, 0, 0, 0, 0, 4, 3, 0, 1, 0, 0, 2, 0, 0, 3, 0, 0, 4, 0, 0, 0, 0, 1, 5, 1, 3, 0, 3, 5, 0, 2, 5, 0, 0, 5, 0, 4, 3, 0, 0, 0, 0, 0, 0, 0, 1, 5, 3, 4, 0, 42, 44, 0, 4, 2, 1, 5, 0, 0, 2, 2, 0, 3, 0, 3, 4, 0, 0, 0, 0, : 5, 42, 2, 2, 1, 4, 5, 5, 5, 5, 1, 1, 1, 3, 2, 1, 5, 3, 1, 5, 3, 2, 4, 1, 42, 2, 2, 43, 4, 3, 1, 2, 3, 4, 1, 5, 1, 3, 3, 5, 2, 5, 5, 4, 3, 1, 5, 3, 4, 42, 44, 4, 2, 1, 5, 2, 2, 3, 3, 4, 
10: 3, 0, 0, 0, 0, 0, 4, 0, 40, 0, 43, 0, 1, 5, 1, 0, 0, 4, 40, 0, 0, 0, 1, 3, 5, 0, 42, 0, 0, 1, 41, 3, 2, 4, 0, 0, 2, 2, 1, 3, 0, 0, 0, 1, 44, 0, 0, 0, 0, 0, 0, 0, 2, 5, 1, 1, 3, 0, 0, 4, 0, 5, 0, 0, 4, 0, 0, 1, 5, 1, 5, 0, 0, 0, 0, 0, 0, 0, 3, 0, 1, 0, 0, 4, 0, 2, 0, 2, 5, 4, 3, 0, 0, 2, 0, 44, 5, 0, 0, 0, 5, 0, 0, 0, 0, 1, 0, 1, 3, 0, 3, 5, 4, 0, 1, 3, 1, 4, 3, 41, : 3, 4, 40, 43, 1, 5, 1, 4, 40, 1, 3, 5, 42, 1, 41, 3, 2, 4, 2, 2, 1, 3, 1, 44, 2, 5, 1, 1, 3, 4, 5, 4, 1, 5, 1, 5, 3, 1, 4, 2, 2, 5, 4, 3, 2, 44, 5, 5, 1, 1, 3, 3, 5, 4, 1, 3, 1, 4, 3, 41, 
588: 5, 4, 2, 0, 0, 2, 3, 0, 0, 0, 5, 0, 0, 0, 0, 2, 0, 0, 0, 0, 0, 0, 0, 0, 3, 0, 3, 0, 1, 0, 0, 0, 2, 0, 1, 1, 1, 0, 4, 3, 3, 0, 0, 0, 0, 0, 0, 0, 2, 0, 4, 1, 3, 0, 0, 0, 0, 3, 1, 3, 0, 1, 0, 0, 0, 0, 0, 0, 2, 0, 0, 5, 0, 5, 42, 0, 1, 0, 0, 5, 0, 1, 0, 2, 0, 0, 0, 2, 0, 0, 0, 0, 5, 0, 2, 2, 0, 4, 0, 0, 0, 0, 0, 0, 3, 0, 4, 0, 2, 5, 0, 0, 5, 0, 0, 0, 0, 0, 0, 2, : 5, 4, 2, 2, 3, 5, 2, 3, 3, 1, 2, 1, 1, 1, 4, 3, 3, 2, 4, 1, 3, 3, 1, 3, 1, 2, 5, 5, 42, 1, 5, 1, 2, 2, 5, 2, 2, 4, 3, 4, 2, 5, 5, 2, 
510: 2, 0, 0, 5, 4, 3, 0, 4, 0, 0, 1, 0, 2, 43, 0, 0, 3, 0, 0, 4, 0, 4, 0, 2, 2, 5, 0, 0, 3, 0, 0, 0, 4, 0, 0, 4, 1, 0, 42, 1, 2, 0, 3, 4, 0, 0, 0, 5, 0, 4, 1, 40, 2, 0, 0, 0, 5, 0, 44, 5, 0, 1, 4, 0, 2, 2, 0, 3, 4, 0, 0, 4, 0, 0, 3, 0, 0, 0, 0, 0, 2, 2, 0, 0, 0, 0, 0, 1, 0, 0, 0, 0, 0, 0, 5, 0, 0, 5, 0, 0, 0, 0, 0, 0, 1, 1, 1, 1, 5, 0, 0, 1, 0, 0, 0, 2, 0, 5, 2, 0, : 2, 5, 4, 3, 4, 1, 2, 43, 3, 4, 4, 2, 2, 5, 3, 4, 4, 1, 42, 1, 2, 3, 4, 5, 4, 1, 40, 2, 5, 44, 5, 1, 4, 2, 2, 3, 4, 4, 3, 2, 2, 1, 5, 5, 1, 1, 1, 1, 5, 1, 2, 5, 2, 
419: 0, 42, 5, 0, 41, 0, 0, 0, 4, 2, 4, 5, 4, 44, 0, 0, 3, 0, 1, 0, 0, 3, 0, 0, 5, 0, 0, 0, 44, 5, 3, 5, 0, 0, 5, 5, 0, 0, 0, 0, 41, 0, 3, 0, 5, 0, 5, 4, 0, 4, 0, 0, 0, 44, 3, 0, 0, 0, 2, 0, 0, 0, 0, 0, 0, 2, 0, 0, 0, 0, 44, 1, 2, 0, 5, 0, 0, 0, 2, 3, 2, 3, 0, 1, 40, 0, 4, 3, 2, 43, 0, 0, 1, 1, 0, 0, 43, 0, 3, 2, 1, 43, 0, 0, 0, 0, 0, 5, 5, 4, 5, 0, 3, 2, 0, 0, 0, 0, 1, 0, : 42, 5, 41, 4, 2, 4, 5, 4, 44, 3, 1, 3, 5, 44, 5, 3, 5, 5, 5, 41, 3, 5, 5, 4, 4, 44, 3, 2, 2, 44, 1, 2, 5, 2, 3, 2, 3, 1, 40, 4, 3, 2, 43, 1, 1, 43, 3, 2, 1, 43, 5, 5, 4, 5, 3, 2, 1, 
241: 0, 0, 44, 2, 0, 1, 0, 4, 3, 0, 5, 4, 4, 4, 0, 4, 0, 0, 1, 2, 0, 41, 0, 0, 0, 0, 5, 41, 4, 44, 0, 0, 4, 43, 40, 41, 0, 0, 3, 0, 42, 0, 4, 0, 0, 0, 0, 2, 0, 0, 0, 3, 0, 0, 0, 0, 0, 1, 1, 0, 0, 0, 5, 0, 0, 0, 2, 4, 0, 0, 5, 3, 3, 5, 0, 0, 5, 0, 0, 1, 3, 0, 5, 0, 0, 4, 2, 0, 0, 5, 0, 0, 0, 1, 44, 4, 1, 0, 4, 0, 0, 3, 0, 42, 0, 0, 0, 3, 2, 0, 1, 5, 3, 0, 0, 4, 0, 2, 4, 3, : 44, 2, 1, 4, 3, 5, 4, 4, 4, 4, 1, 2, 41, 5, 41, 4, 44, 4, 43, 40, 41, 3, 42, 4, 2, 3, 1, 1, 5, 2, 4, 5, 3, 3, 5, 5, 1, 3, 5, 4, 2, 5, 1, 44, 4, 1, 4, 3, 42, 3, 2, 1, 5, 3, 4, 2, 4, 3, 


169: 0, 0, 0, 4, 4, 5, 0, 0, 0, 0, 0, 0, 3, 1, 0, 0, 0, 1, 40, 3, 1, 0, 5, 0, 5, 0, 0, 0, 5, 0, 0, 3, 5, 3, 5, 0, 0, 0, 3, 4, 0, 0, 0, 0, 3, 4, 4, 3, 0, 0, 0, 0, 0, 0, 5, 5, 0, 3, 5, 1, 1, 43, 0, 2, 3, 4, 0, 0, 1, 43, 0, 4, 1, 0, 2, 5, 2, 1, 2, 4, 0, 0, 0, 4, 44, 0, 5, 5, 3, 0, 5, 44, 2, 40, 0, 5, 4, 0, 0, 4, 0, 0, 0, 0, 1, 1, 5, 0, 2, 0, 0, 2, 0, 0, 0, 0, 0, 0, 0, 0, : 4, 4, 5, 3, 1, 1, 40, 3, 1, 5, 5, 5, 3, 5, 3, 5, 3, 4, 3, 4, 4, 3, 5, 5, 3, 5, 1, 1, 43, 2, 3, 4, 1, 43, 4, 1, 2, 5, 2, 1, 2, 4, 4, 44, 5, 5, 3, 5, 44, 2, 40, 5, 4, 4, 1, 1, 5, 2, 2, 
444: 44, 0, 0, 0, 0, 3, 4, 0, 0, 0, 0, 3, 4, 3, 0, 0, 1, 1, 0, 0, 0, 1, 0, 3, 0, 0, 2, 0, 3, 2, 1, 1, 3, 0, 0, 3, 42, 5, 0, 0, 1, 0, 43, 5, 4, 4, 1, 3, 0, 0, 42, 3, 0, 0, 0, 5, 0, 0, 0, 3, 5, 0, 0, 0, 40, 2, 1, 4, 5, 2, 43, 4, 0, 0, 2, 2, 0, 1, 1, 0, 0, 1, 0, 0, 1, 0, 1, 0, 0, 5, 0, 0, 2, 0, 0, 0, 1, 0, 1, 0, 0, 0, 4, 0, 3, 1, 0, 0, 3, 0, 0, 1, 2, 0, 0, 4, 0, 0, 41, 0, : 44, 3, 4, 3, 4, 3, 1, 1, 1, 3, 2, 3, 2, 1, 1, 3, 3, 42, 5, 1, 43, 5, 4, 4, 1, 3, 42, 3, 5, 3, 5, 40, 2, 1, 4, 5, 2, 43, 4, 2, 2, 1, 1, 1, 1, 1, 5, 2, 1, 1, 4, 3, 1, 3, 1, 2, 4, 41, 
67: 0, 4, 0, 0, 43, 0, 0, 0, 0, 4, 0, 0, 0, 3, 0, 0, 0, 1, 0, 0, 5, 0, 43, 5, 40, 3, 44, 0, 43, 0, 0, 2, 0, 2, 5, 0, 0, 0, 0, 4, 1, 1, 0, 0, 2, 4, 1, 0, 0, 1, 0, 0, 0, 0, 0, 1, 0, 0, 0, 0, 1, 0, 0, 0, 0, 4, 1, 0, 2, 0, 4, 4, 0, 5, 0, 0, 1, 3, 5, 0, 5, 0, 0, 3, 0, 0, 2, 0, 0, 2, 0, 1, 0, 3, 0, 2, 3, 41, 0, 1, 0, 2, 1, 0, 0, 1, 5, 0, 0, 4, 1, 0, 0, 0, 5, 4, 1, 2, 41, 2, : 4, 43, 4, 3, 1, 5, 43, 5, 40, 3, 44, 43, 2, 2, 5, 4, 1, 1, 2, 4, 1, 1, 1, 1, 4, 1, 2, 4, 4, 5, 1, 3, 5, 5, 3, 2, 2, 1, 3, 2, 3, 41, 1, 2, 1, 1, 5, 4, 1, 5, 4, 1, 2, 41, 2, 
177: 0, 0, 4, 5, 0, 1, 5, 3, 1, 0, 2, 0, 2, 0, 0, 2, 0, 5, 0, 0, 3, 0, 0, 5, 2, 3, 0, 4, 0, 2, 41, 1, 0, 2, 0, 3, 0, 3, 0, 4, 2, 0, 0, 2, 4, 0, 3, 2, 2, 0, 1, 1, 0, 4, 0, 44, 0, 0, 0, 0, 43, 5, 0, 0, 1, 4, 0, 3, 0, 0, 40, 0, 0, 43, 0, 0, 3, 1, 3, 3, 0, 1, 43, 0, 4, 0, 0, 0, 1, 3, 1, 2, 0, 1, 0, 0, 0, 4, 2, 4, 0, 0, 4, 0, 2, 5, 0, 0, 0, 0, 43, 3, 2, 0, 0, 0, 4, 0, 0, 3, : 4, 5, 1, 5, 3, 1, 2, 2, 2, 5, 3, 5, 2, 3, 4, 2, 41, 1, 2, 3, 3, 4, 2, 2, 4, 3, 2, 2, 1, 1, 4, 44, 43, 5, 1, 4, 3, 40, 43, 3, 1, 3, 3, 1, 43, 4, 1, 3, 1, 2, 1, 4, 2, 4, 4, 2, 5, 43, 3, 2, 4, 3, 
113: 1, 2, 2, 0, 4, 1, 3, 0, 5, 4, 0, 2, 0, 2, 41, 0, 1, 1, 0, 4, 0, 0, 5, 0, 0, 2, 2, 1, 0, 4, 4, 3, 1, 2, 4, 1, 4, 0, 4, 0, 0, 3, 0, 0, 0, 0, 0, 0, 4, 1, 43, 0, 0, 0, 0, 0, 3, 0, 0, 0, 3, 42, 0, 0, 42, 43, 0, 5, 0, 1, 40, 0, 0, 0, 3, 5, 0, 1, 5, 3, 0, 0, 2, 0, 1, 0, 0, 1, 0, 0, 5, 5, 0, 41, 0, 0, 0, 0, 2, 4, 4, 0, 4, 43, 0, 4, 4, 0, 0, 3, 44, 0, 5, 5, 0, 2, 1, 0, 0, 3, : 1, 2, 2, 4, 1, 3, 5, 4, 2, 2, 41, 1, 1, 4, 5, 2, 2, 1, 4, 4, 3, 1, 2, 4, 1, 4, 4, 3, 4, 1, 43, 3, 3, 42, 42, 43, 5, 1, 40, 3, 5, 1, 5, 3, 2, 1, 1, 5, 5, 41, 2, 4, 4, 4, 43, 4, 4, 3, 44, 5, 5, 2, 1, 3, 
180: 0, 2, 3, 0, 2, 4, 0, 5, 0, 0, 41, 0, 44, 2, 5, 0, 4, 0, 4, 0, 4, 0, 2, 4, 1, 2, 5, 2, 0, 2, 2, 0, 0, 2, 2, 3, 4, 0, 0, 0, 0, 2, 0, 0, 0, 0, 4, 3, 0, 0, 0, 0, 4, 0, 0, 0, 4, 5, 3, 5, 0, 0, 3, 3, 5, 2, 43, 0, 0, 4, 0, 0, 3, 5, 0, 4, 0, 0, 5, 4, 1, 0, 0, 5, 5, 0, 5, 2, 40, 0, 4, 4, 0, 4, 42, 40, 2, 0, 0, 0, 5, 4, 4, 1, 4, 1, 2, 0, 0, 0, 0, 4, 0, 5, 0, 41, 0, 1, 4, 2, : 2, 3, 2, 4, 5, 41, 44, 2, 5, 4, 4, 4, 2, 4, 1, 2, 5, 2, 2, 2, 2, 2, 3, 4, 2, 4, 3, 4, 4, 5, 3, 5, 3, 3, 5, 2, 43, 4, 3, 5, 4, 5, 4, 1, 5, 5, 5, 2, 40, 4, 4, 4, 42, 40, 2, 5, 4, 4, 1, 4, 1, 2, 4, 5, 41, 1, 4, 2, 
356: 1, 0, 0, 1, 0, 41, 0, 0, 0, 1, 4, 0, 43, 3, 0, 1, 2, 0, 1, 4, 40, 0, 2, 0, 4, 4, 2, 4, 0, 1, 0, 4, 0, 0, 0, 0, 2, 1, 3, 1, 4, 0, 42, 0, 43, 0, 0, 3, 5, 5, 0, 1, 4, 4, 2, 3, 0, 0, 1, 4, 42, 0, 0, 0, 0, 2, 2, 43, 0, 4, 2, 0, 1, 3, 0, 0, 0, 5, 3, 2, 1, 0, 0, 2, 1, 0, 0, 0, 0, 0, 0, 0, 0, 3, 0, 3, 0, 1, 40, 3, 0, 0, 0, 2, 41, 0, 0, 2, 0, 1, 0, 1, 5, 0, 0, 2, 0, 40, 2, 1, : 1, 1, 41, 1, 4, 43, 3, 1, 2, 1, 4, 40, 2, 4, 4, 2, 4, 1, 4, 2, 1, 3, 1, 4, 42, 43, 3, 5, 5, 1, 4, 4, 2, 3, 1, 4, 42, 2, 2, 43, 4, 2, 1, 3, 5, 3, 2, 1, 2, 1, 3, 3, 1, 40, 3, 2, 41, 2, 1, 1, 5, 2, 40, 2, 1, 
307: 0, 0, 4, 5, 0, 44, 2, 1, 2, 0, 3, 0, 0, 1, 5, 4, 44, 0, 4, 0, 0, 44, 0, 0, 5, 0, 0, 3, 1, 3, 4, 3, 0, 1, 4, 2, 0, 1, 1, 4, 0, 3, 0, 5, 0, 3, 0, 0, 0, 0, 1, 0, 0, 4, 1, 5, 0, 42, 2, 0, 2, 1, 3, 43, 43, 5, 1, 0, 0, 1, 0, 0, 1, 5, 3, 0, 3, 3, 3, 2, 5, 0, 0, 3, 4, 5, 3, 2, 0, 3, 3, 0, 3, 0, 0, 0, 0, 1, 2, 3, 3, 5, 1, 0, 0, 0, 0, 1, 4, 0, 0, 0, 3, 3, 0, 2, 2, 0, 0, 0, : 4, 5, 44, 2, 1, 2, 3, 1, 5, 4, 44, 4, 44, 5, 3, 1, 3, 4, 3, 1, 4, 2, 1, 1, 4, 3, 5, 3, 1, 4, 1, 5, 42, 2, 2, 1, 3, 43, 43, 5, 1, 1, 1, 5, 3, 3, 3, 3, 2, 5, 3, 4, 5, 3, 2, 3, 3, 3, 1, 2, 3, 3, 5, 1, 1, 4, 3, 3, 2, 2, 
205: 0, 0, 2, 0, 0, 0, 0, 1, 0, 5, 0, 0, 0, 5, 0, 0, 0, 5, 0, 0, 2, 0, 0, 3, 4, 0, 3, 0, 0, 0, 0, 2, 0, 5, 0, 4, 0, 4, 1, 2, 4, 0, 0, 0, 0, 3, 2, 4, 0, 2, 0, 3, 43, 0, 2, 2, 2, 0, 3, 0, 0, 2, 0, 0, 2, 5, 0, 0, 5, 0, 0, 0, 4, 0, 0, 3, 0, 4, 4, 0, 4, 0, 0, 5, 1, 4, 0, 1, 5, 0, 43, 3, 0, 0, 0, 41, 1, 0, 2, 2, 1, 1, 0, 0, 2, 5, 1, 0, 0, 0, 42, 0, 0, 0, 0, 0, 0, 0, 3, 0, : 2, 1, 5, 5, 5, 2, 3, 4, 3, 2, 5, 4, 4, 1, 2, 4, 3, 2, 4, 2, 3, 43, 2, 2, 2, 3, 2, 2, 5, 5, 4, 3, 4, 4, 4, 5, 1, 4, 1, 5, 43, 3, 41, 1, 2, 2, 1, 1, 2, 5, 1, 42, 3, 
96: 2, 0, 1, 2, 0, 0, 0, 3, 0, 4, 3, 43, 5, 5, 1, 2, 4, 0, 0, 5, 43, 0, 0, 0, 5, 4, 0, 0, 0, 4, 2, 0, 0, 42, 0, 0, 5, 1, 0, 0, 1, 2, 0, 0, 1, 0, 1, 3, 3, 0, 3, 0, 3, 0, 0, 0, 0, 0, 42, 0, 0, 0, 0, 5, 5, 1, 0, 0, 0, 3, 0, 1, 0, 0, 3, 2, 1, 0, 0, 0, 0, 4, 0, 0, 4, 0, 3, 0, 0, 2, 0, 0, 5, 3, 0, 0, 1, 0, 0, 5, 2, 0, 5, 0, 3, 4, 0, 0, 4, 4, 0, 0, 0, 0, 0, 0, 3, 4, 4, 0, : 2, 1, 2, 3, 4, 3, 43, 5, 5, 1, 2, 4, 5, 43, 5, 4, 4, 2, 42, 5, 1, 1, 2, 1, 1, 3, 3, 3, 3, 42, 5, 5, 1, 3, 1, 3, 2, 1, 4, 4, 3, 2, 5, 3, 1, 5, 2, 5, 3, 4, 4, 4, 3, 4, 4, 
398: 0, 0, 0, 0, 0, 4, 0, 0, 3, 3, 5, 0, 0, 1, 4, 4, 0, 4, 0, 42, 0, 0, 0, 0, 41, 0, 5, 5, 44, 0, 0, 3, 0, 4, 4, 0, 0, 0, 42, 3, 0, 1, 3, 2, 0, 3, 44, 3, 2, 44, 0, 0, 0, 1, 0, 0, 2, 3, 5, 3, 1, 44, 0, 0, 0, 0, 4, 1, 0, 0, 1, 3, 0, 44, 3, 2, 0, 1, 0, 44, 3, 2, 0, 5, 0, 1, 5, 0, 4, 2, 5, 0, 3, 0, 2, 4, 2, 0, 0, 3, 0, 3, 0, 0, 2, 5, 3, 2, 0, 0, 0, 3, 1, 0, 44, 0, 0, 1, 0, 2, : 4, 3, 3, 5, 1, 4, 4, 4, 42, 41, 5, 5, 44, 3, 4, 4, 42, 3, 1, 3, 2, 3, 44, 3, 2, 44, 1, 2, 3, 5, 3, 1, 44, 4, 1, 1, 3, 44, 3, 2, 1, 44, 3, 2, 5, 1, 5, 4, 2, 5, 3, 2, 4, 2, 3, 3, 2, 5, 3, 2, 3, 1, 44, 1, 2, 
316: 43, 3, 0, 5, 0, 5, 44, 2, 5, 5, 4, 0, 0, 1, 0, 0, 0, 3, 4, 0, 3, 2, 0, 0, 4, 3, 0, 0, 0, 0, 0, 1, 2, 1, 2, 3, 0, 5, 0, 0, 5, 0, 2, 0, 4, 0, 0, 3, 1, 4, 0, 0, 2, 0, 0, 5, 3, 0, 4, 0, 5, 0, 0, 1, 0, 0, 5, 0, 0, 0, 0, 1, 0, 41, 1, 5, 0, 2, 0, 2, 0, 1, 0, 2, 44, 3, 2, 1, 5, 5, 5, 3, 0, 1, 0, 4, 0, 0, 3, 0, 0, 3, 0, 0, 4, 2, 1, 0, 5, 4, 5, 0, 3, 0, 4, 0, 0, 44, 1, 3, : 43, 3, 5, 5, 44, 2, 5, 5, 4, 1, 3, 4, 3, 2, 4, 3, 1, 2, 1, 2, 3, 5, 5, 2, 4, 3, 1, 4, 2, 5, 3, 4, 5, 1, 5, 1, 41, 1, 5, 2, 2, 1, 2, 44, 3, 2, 1, 5, 5, 5, 3, 1, 4, 3, 3, 4, 2, 1, 5, 4, 5, 3, 4, 44, 1, 3, 
116: 1, 0, 0, 0, 2, 0, 2, 0, 0, 0, 1, 0, 0, 5, 0, 2, 0, 0, 0, 5, 4, 0, 1, 0, 1, 0, 0, 0, 1, 2, 3, 1, 5, 0, 5, 5, 0, 0, 5, 1, 1, 1, 3, 0, 0, 4, 1, 4, 1, 0, 0, 2, 0, 0, 4, 0, 0, 1, 0, 2, 0, 2, 0, 0, 0, 0, 5, 3, 2, 4, 41, 0, 0, 2, 5, 4, 0, 5, 0, 0, 5, 0, 0, 0, 2, 4, 0, 1, 1, 1, 1, 0, 1, 1, 2, 0, 5, 0, 44, 5, 0, 5, 5, 44, 4, 5, 0, 0, 0, 0, 0, 0, 0, 2, 0, 0, 0, 0, 4, 0, : 1, 2, 2, 1, 5, 2, 5, 4, 1, 1, 1, 2, 3, 1, 5, 5, 5, 5, 1, 1, 1, 3, 4, 1, 4, 1, 2, 4, 1, 2, 2, 5, 3, 2, 4, 41, 2, 5, 4, 5, 5, 2, 4, 1, 1, 1, 1, 1, 1, 2, 5, 44, 5, 5, 5, 44, 4, 5, 2, 4, 
337: 0, 3, 0, 4, 1, 4, 3, 0, 0, 0, 4, 0, 0, 4, 5, 5, 0, 1, 1, 3, 2, 0, 0, 0, 4, 3, 0, 0, 3, 0, 4, 2, 1, 1, 44, 0, 4, 3, 2, 3, 0, 41, 0, 5, 0, 2, 4, 42, 0, 0, 4, 0, 0, 3, 0, 0, 2, 0, 0, 4, 0, 4, 2, 0, 5, 0, 3, 4, 2, 4, 1, 0, 0, 5, 0, 0, 0, 0, 0, 0, 5, 2, 3, 4, 0, 1, 0, 42, 0, 0, 0, 2, 0, 0, 0, 0, 40, 0, 5, 0, 4, 0, 5, 5, 0, 0, 5, 0, 44, 4, 0, 5, 0, 5, 0, 0, 0, 5, 40, 0, : 3, 4, 1, 4, 3, 4, 4, 5, 5, 1, 1, 3, 2, 4, 3, 3, 4, 2, 1, 1, 44, 4, 3, 2, 3, 41, 5, 2, 4, 42, 4, 3, 2, 4, 4, 2, 5, 3, 4, 2, 4, 1, 5, 5, 2, 3, 4, 1, 42, 2, 40, 5, 4, 5, 5, 5, 44, 4, 5, 5, 5, 40, 
529: 40, 0, 0, 2, 0, 5, 0, 1, 0, 1, 0, 0, 0, 1, 4, 0, 0, 1, 2, 3, 3, 0, 0, 4, 0, 2, 0, 0, 4, 0, 0, 2, 2, 0, 0, 0, 5, 0, 0, 1, 0, 2, 1, 2, 41, 4, 3, 43, 0, 42, 4, 0, 0, 0, 0, 0, 0, 0, 0, 0, 5, 0, 0, 2, 4, 1, 0, 0, 4, 43, 4, 2, 0, 3, 5, 0, 0, 0, 2, 1, 0, 0, 4, 0, 5, 0, 4, 0, 3, 0, 1, 0, 0, 4, 4, 0, 0, 0, 0, 1, 2, 42, 0, 0, 5, 3, 4, 0, 0, 0, 3, 4, 1, 0, 0, 0, 0, 0, 0, 0, : 40, 2, 5, 1, 1, 1, 4, 1, 2, 3, 3, 4, 2, 4, 2, 2, 5, 1, 2, 1, 2, 41, 4, 3, 43, 42, 4, 5, 2, 4, 1, 4, 43, 4, 2, 3, 5, 2, 1, 4, 5, 4, 3, 1, 4, 4, 1, 2, 42, 5, 3, 4, 3, 4, 1, 
270: 2, 1, 0, 4, 0, 2, 1, 0, 0, 0, 4, 4, 0, 2, 3, 0, 0, 0, 40, 1, 0, 3, 0, 5, 3, 0, 3, 2, 3, 2, 1, 3, 0, 1, 1, 4, 1, 2, 0, 5, 0, 0, 0, 2, 0, 0, 5, 3, 5, 0, 1, 0, 5, 4, 5, 3, 0, 4, 5, 5, 0, 0, 0, 5, 2, 0, 2, 0, 3, 2, 1, 3, 0, 1, 0, 0, 0, 0, 0, 0, 40, 44, 0, 0, 42, 0, 1, 1, 0, 0, 0, 4, 0, 0, 0, 2, 0, 0, 0, 0, 40, 2, 0, 1, 0, 4, 1, 0, 0, 5, 1, 40, 40, 0, 0, 1, 2, 0, 5, 3, : 2, 1, 4, 2, 1, 4, 4, 2, 3, 40, 1, 3, 5, 3, 3, 2, 3, 2, 1, 3, 1, 1, 4, 1, 2, 5, 2, 5, 3, 5, 1, 5, 4, 5, 3, 4, 5, 5, 5, 2, 2, 3, 2, 1, 3, 1, 40, 44, 42, 1, 1, 4, 2, 40, 2, 1, 4, 1, 5, 1, 40, 40, 1, 2, 5, 3, 
454: 5, 0, 1, 4, 5, 0, 0, 0, 40, 43, 0, 0, 5, 1, 40, 0, 0, 3, 3, 0, 0, 43, 4, 3, 3, 3, 0, 0, 5, 0, 0, 0, 0, 0, 0, 2, 4, 1, 0, 0, 1, 40, 0, 4, 0, 0, 1, 2, 0, 0, 2, 0, 0, 5, 4, 0, 44, 0, 0, 0, 0, 0, 4, 40, 0, 0, 1, 0, 0, 4, 0, 40, 0, 2, 0, 1, 0, 0, 0, 0, 0, 0, 2, 0, 42, 0, 1, 43, 1, 1, 0, 0, 0, 0, 0, 1, 5, 0, 1, 4, 0, 1, 0, 0, 44, 0, 0, 0, 3, 0, 0, 0, 0, 2, 5, 43, 0, 0, 2, 4, : 5, 1, 4, 5, 40, 43, 5, 1, 40, 3, 3, 43, 4, 3, 3, 3, 5, 2, 4, 1, 1, 40, 4, 1, 2, 2, 5, 4, 44, 4, 40, 1, 4, 40, 2, 1, 2, 42, 1, 43, 1, 1, 1, 5, 1, 4, 1, 44, 3, 2, 5, 43, 2, 4, 
328: 0, 2, 0, 0, 0, 0, 0, 42, 0, 4, 3, 0, 0, 1, 0, 3, 3, 0, 1, 0, 4, 43, 0, 0, 0, 0, 0, 0, 0, 3, 0, 0, 0, 3, 0, 4, 0, 0, 0, 4, 0, 4, 0, 0, 5, 2, 0, 0, 3, 0, 0, 0, 0, 0, 4, 0, 0, 41, 2, 3, 3, 5, 0, 0, 4, 2, 1, 0, 0, 0, 2, 0, 2, 0, 0, 0, 0, 0, 5, 4, 3, 0, 0, 0, 0, 40, 1, 2, 0, 1, 3, 44, 2, 0, 0, 1, 0, 43, 0, 2, 0, 0, 0, 1, 0, 2, 3, 3, 4, 44, 0, 0, 2, 0, 41, 0, 0, 0, 4, 4, : 2, 42, 4, 3, 1, 3, 3, 1, 4, 43, 3, 3, 4, 4, 4, 5, 2, 3, 4, 41, 2, 3, 3, 5, 4, 2, 1, 2, 2, 5, 4, 3, 40, 1, 2, 1, 3, 44, 2, 1, 43, 2, 1, 2, 3, 3, 4, 44, 2, 41, 4, 4, 
157: 0, 5, 0, 0, 0, 0, 2, 0, 3, 44, 4, 0, 2, 4, 44, 5, 3, 0, 0, 0, 0, 0, 0, 4, 2, 0, 0, 0, 1, 0, 0, 0, 0, 2, 0, 3, 0, 4, 0, 43, 3, 4, 0, 0, 3, 0, 42, 0, 2, 4, 4, 0, 2, 0, 0, 1, 4, 0, 0, 4, 0, 0, 1, 0, 0, 4, 4, 0, 2, 2, 0, 0, 3, 0, 5, 1, 0, 2, 0, 4, 0, 0, 0, 43, 1, 5, 0, 0, 1, 1, 0, 0, 0, 0, 0, 5, 3, 0, 0, 0, 1, 0, 1, 0, 1, 0, 0, 3, 4, 0, 41, 0, 0, 4, 4, 0, 0, 5, 0, 5, : 5, 2, 3, 44, 4, 2, 4, 44, 5, 3, 4, 2, 1, 2, 3, 4, 43, 3, 4, 3, 42, 2, 4, 4, 2, 1, 4, 4, 1, 4, 4, 2, 2, 3, 5, 1, 2, 4, 43, 1, 5, 1, 1, 5, 3, 1, 1, 1, 3, 4, 41, 4, 4, 5, 5, 
291: 2, 0, 3, 0, 5, 3, 0, 5, 5, 4, 5, 1, 44, 1, 0, 3, 0, 0, 0, 40, 3, 41, 4, 3, 2, 0, 0, 0, 2, 2, 0, 5, 0, 0, 0, 0, 0, 3, 0, 0, 5, 0, 0, 0, 0, 3, 2, 0, 0, 0, 0, 0, 1, 0, 5, 5, 0, 0, 0, 2, 0, 0, 0, 5, 4, 5, 3, 1, 2, 0, 1, 0, 0, 4, 0, 0, 1, 0, 5, 1, 0, 0, 0, 5, 1, 5, 0, 41, 3, 3, 0, 4, 0, 3, 5, 0, 44, 5, 0, 1, 4, 1, 5, 0, 3, 1, 0, 3, 0, 0, 0, 0, 0, 0, 0, 0, 0, 2, 1, 5, : 2, 3, 5, 3, 5, 5, 4, 5, 1, 44, 1, 3, 40, 3, 41, 4, 3, 2, 2, 2, 5, 3, 5, 3, 2, 1, 5, 5, 2, 5, 4, 5, 3, 1, 2, 1, 4, 1, 5, 1, 5, 1, 5, 41, 3, 3, 4, 3, 5, 44, 5, 1, 4, 1, 5, 3, 1, 3, 2, 1, 5, 
568: 4, 2, 0, 0, 5, 0, 0, 0, 4, 0, 0, 0, 1, 0, 0, 0, 0, 41, 0, 1, 0, 0, 0, 2, 4, 0, 1, 0, 0, 1, 0, 0, 3, 5, 3, 4, 0, 2, 44, 40, 1, 2, 0, 5, 5, 5, 0, 4, 0, 44, 0, 0, 43, 1, 0, 1, 0, 5, 4, 0, 5, 40, 0, 0, 40, 0, 1, 0, 0, 0, 0, 0, 0, 0, 0, 0, 0, 4, 5, 0, 0, 0, 5, 5, 41, 0, 3, 43, 0, 3, 0, 0, 0, 42, 41, 0, 0, 44, 0, 3, 2, 0, 2, 0, 5, 2, 1, 44, 0, 0, 0, 5, 0, 4, 0, 2, 5, 0, 4, 0, : 4, 2, 5, 4, 1, 41, 1, 2, 4, 1, 1, 3, 5, 3, 4, 2, 44, 40, 1, 2, 5, 5, 5, 4, 44, 43, 1, 1, 5, 4, 5, 40, 40, 1, 4, 5, 5, 5, 41, 3, 43, 3, 42, 41, 44, 3, 2, 2, 5, 2, 1, 44, 5, 4, 2, 5, 4, 
74: 0, 4, 0, 0, 0, 0, 1, 0, 0, 0, 0, 0, 0, 3, 0, 0, 2, 0, 3, 0, 1, 0, 3, 0, 4, 1, 0, 0, 5, 0, 0, 0, 0, 2, 0, 4, 0, 2, 0, 0, 4, 1, 5, 0, 3, 4, 5, 2, 2, 2, 5, 4, 0, 4, 5, 5, 0, 0, 3, 1, 4, 0, 0, 0, 0, 0, 0, 0, 0, 3, 2, 0, 43, 0, 5, 3, 4, 4, 0, 3, 0, 40, 0, 4, 0, 0, 4, 0, 2, 2, 0, 0, 0, 0, 1, 1, 4, 0, 3, 0, 2, 0, 0, 0, 3, 2, 0, 4, 2, 0, 0, 0, 0, 0, 5, 3, 0, 4, 0, 5, : 4, 1, 3, 2, 3, 1, 3, 4, 1, 5, 2, 4, 2, 4, 1, 5, 3, 4, 5, 2, 2, 2, 5, 4, 4, 5, 5, 3, 1, 4, 3, 2, 43, 5, 3, 4, 4, 3, 40, 4, 4, 2, 2, 1, 1, 4, 3, 2, 3, 2, 4, 2, 5, 3, 4, 5, 
216: 1, 4, 4, 0, 41, 0, 5, 0, 0, 0, 5, 5, 0, 1, 3, 0, 5, 0, 4, 0, 5, 2, 1, 3, 4, 0, 41, 0, 1, 5, 0, 1, 0, 1, 0, 0, 41, 0, 4, 2, 0, 0, 4, 3, 5, 40, 5, 0, 2, 0, 1, 0, 2, 0, 2, 0, 0, 0, 0, 4, 0, 0, 44, 0, 41, 0, 2, 0, 0, 40, 0, 2, 1, 0, 4, 0, 0, 0, 2, 0, 0, 0, 41, 0, 0, 0, 0, 5, 0, 0, 4, 2, 4, 0, 0, 0, 0, 3, 0, 0, 0, 0, 1, 0, 4, 3, 0, 3, 2, 0, 5, 0, 0, 2, 3, 2, 1, 0, 0, 4, : 1, 4, 4, 41, 5, 5, 5, 1, 3, 5, 4, 5, 2, 1, 3, 4, 41, 1, 5, 1, 1, 41, 4, 2, 4, 3, 5, 40, 5, 2, 1, 2, 2, 4, 44, 41, 2, 40, 2, 1, 4, 2, 41, 5, 4, 2, 4, 3, 1, 4, 3, 3, 2, 5, 2, 3, 2, 1, 4, 
26: 0, 0, 2, 0, 2, 0, 0, 0, 2, 0, 41, 0, 5, 2, 0, 0, 0, 0, 2, 4, 0, 0, 5, 5, 2, 2, 0, 0, 2, 0, 1, 0, 2, 0, 4, 3, 0, 0, 0, 3, 1, 0, 0, 5, 0, 0, 2, 4, 0, 0, 1, 0, 0, 0, 43, 0, 41, 0, 43, 2, 4, 0, 40, 1, 0, 5, 5, 0, 5, 2, 3, 0, 2, 3, 0, 0, 4, 0, 0, 1, 5, 4, 0, 1, 4, 40, 3, 0, 4, 0, 0, 0, 4, 0, 43, 3, 0, 0, 0, 5, 0, 0, 4, 0, 40, 0, 2, 0, 3, 0, 4, 3, 1, 2, 44, 3, 2, 0, 4, 0, : 2, 2, 2, 41, 5, 2, 2, 4, 5, 5, 2, 2, 2, 1, 2, 4, 3, 3, 1, 5, 2, 4, 1, 43, 41, 43, 2, 4, 40, 1, 5, 5, 5, 2, 3, 2, 3, 4, 1, 5, 4, 1, 4, 40, 3, 4, 4, 43, 3, 5, 4, 40, 2, 3, 4, 3, 1, 2, 44, 3, 2, 4, 
552: 2, 1, 2, 0, 0, 0, 1, 3, 40, 5, 0, 5, 1, 1, 0, 3, 0, 0, 0, 1, 0, 0, 4, 3, 0, 0, 5, 0, 2, 0, 0, 0, 0, 44, 43, 3, 0, 40, 2, 1, 2, 0, 0, 0, 0, 1, 4, 4, 0, 0, 3, 3, 43, 0, 0, 2, 3, 0, 0, 43, 0, 0, 0, 0, 0, 0, 1, 0, 0, 1, 0, 0, 41, 0, 2, 0, 0, 0, 0, 0, 3, 0, 3, 0, 2, 4, 2, 5, 0, 4, 3, 5, 0, 0, 0, 0, 0, 1, 1, 3, 0, 0, 2, 0, 5, 5, 0, 0, 5, 0, 0, 3, 0, 5, 4, 3, 2, 0, 0, 43, : 2, 1, 2, 1, 3, 40, 5, 5, 1, 1, 3, 1, 4, 3, 5, 2, 44, 43, 3, 40, 2, 1, 2, 1, 4, 4, 3, 3, 43, 2, 3, 43, 1, 1, 41, 2, 3, 3, 2, 4, 2, 5, 4, 3, 5, 1, 1, 3, 2, 5, 5, 5, 3, 5, 4, 3, 2, 43, 
321: 0, 43, 5, 0, 0, 0, 0, 1, 0, 0, 3, 1, 0, 2, 2, 2, 0, 0, 0, 0, 3, 42, 4, 0, 1, 0, 0, 3, 0, 0, 3, 3, 0, 0, 41, 1, 0, 1, 0, 1, 5, 0, 4, 0, 4, 4, 4, 0, 3, 4, 0, 1, 0, 0, 0, 0, 0, 0, 0, 5, 4, 0, 0, 0, 0, 4, 0, 0, 5, 2, 5, 5, 0, 0, 3, 1, 4, 5, 42, 0, 43, 3, 5, 2, 0, 0, 0, 0, 0, 0, 2, 2, 0, 5, 3, 0, 1, 0, 0, 2, 0, 0, 0, 0, 5, 0, 3, 1, 1, 0, 0, 0, 1, 0, 0, 1, 1, 0, 43, 0, : 43, 5, 1, 3, 1, 2, 2, 2, 3, 42, 4, 1, 3, 3, 3, 41, 1, 1, 1, 5, 4, 4, 4, 4, 3, 4, 1, 5, 4, 4, 5, 2, 5, 5, 3, 1, 4, 5, 42, 43, 3, 5, 2, 2, 2, 5, 3, 1, 2, 5, 3, 1, 1, 1, 1, 1, 43, 
174: 3, 40, 0, 5, 4, 0, 5, 0, 2, 4, 5, 40, 0, 4, 0, 0, 0, 0, 0, 0, 1, 0, 0, 1, 41, 4, 3, 4, 0, 0, 5, 0, 0, 2, 0, 1, 0, 0, 0, 0, 0, 44, 2, 40, 0, 3, 1, 0, 0, 0, 0, 2, 3, 0, 1, 0, 2, 0, 3, 41, 3, 4, 0, 0, 0, 0, 0, 1, 1, 0, 0, 0, 0, 4, 0, 0, 0, 42, 0, 0, 0, 3, 0, 4, 4, 0, 0, 0, 1, 2, 1, 1, 0, 0, 0, 0, 0, 0, 0, 0, 4, 5, 0, 4, 0, 3, 5, 3, 0, 4, 3, 0, 0, 1, 0, 5, 0, 42, 1, 0, : 3, 40, 5, 4, 5, 2, 4, 5, 40, 4, 1, 1, 41, 4, 3, 4, 5, 2, 1, 44, 2, 40, 3, 1, 2, 3, 1, 2, 3, 41, 3, 4, 1, 1, 4, 42, 3, 4, 4, 1, 2, 1, 1, 4, 5, 4, 3, 5, 3, 4, 3, 1, 5, 42, 1, 
403: 0, 0, 0, 3, 0, 0, 4, 4, 0, 0, 3, 0, 44, 5, 0, 0, 0, 0, 0, 3, 0, 0, 0, 43, 3, 0, 3, 0, 0, 44, 0, 0, 0, 2, 0, 1, 0, 1, 1, 0, 2, 0, 5, 5, 0, 0, 4, 3, 0, 2, 2, 41, 0, 1, 0, 5, 0, 0, 0, 1, 0, 4, 2, 4, 3, 2, 1, 0, 2, 0, 0, 0, 0, 2, 0, 0, 43, 3, 0, 1, 42, 41, 0, 4, 0, 0, 0, 0, 3, 40, 2, 40, 5, 5, 0, 0, 0, 0, 42, 0, 0, 0, 0, 0, 5, 2, 5, 40, 0, 0, 0, 0, 1, 3, 4, 3, 2, 4, 0, 3, : 3, 4, 4, 3, 44, 5, 3, 43, 3, 3, 44, 2, 1, 1, 1, 2, 5, 5, 4, 3, 2, 2, 41, 1, 5, 1, 4, 2, 4, 3, 2, 1, 2, 2, 43, 3, 1, 42, 41, 4, 3, 40, 2, 40, 5, 5, 42, 5, 2, 5, 40, 1, 3, 4, 3, 2, 4, 3, 
268: 0, 0, 0, 0, 0, 0, 5, 1, 0, 0, 40, 0, 0, 1, 0, 0, 0, 0, 0, 0, 0, 0, 3, 0, 3, 3, 2, 3, 4, 1, 2, 4, 3, 2, 0, 0, 0, 5, 2, 0, 0, 0, 0, 4, 1, 4, 4, 0, 0, 0, 0, 0, 1, 2, 3, 0, 2, 0, 1, 0, 2, 2, 0, 0, 3, 5, 1, 4, 0, 4, 0, 2, 0, 0, 4, 0, 0, 4, 0, 0, 2, 0, 0, 0, 0, 5, 0, 41, 0, 1, 2, 1, 2, 0, 1, 0, 0, 0, 0, 4, 0, 0, 0, 0, 0, 1, 1, 1, 0, 5, 0, 0, 0, 0, 0, 44, 4, 0, 2, 3, : 5, 1, 40, 1, 3, 3, 3, 2, 3, 4, 1, 2, 4, 3, 2, 5, 2, 4, 1, 4, 4, 1, 2, 3, 2, 1, 2, 2, 3, 5, 1, 4, 4, 2, 4, 4, 2, 5, 41, 1, 2, 1, 2, 1, 4, 1, 1, 1, 5, 44, 4, 2, 3, 
329: 3, 2, 0, 2, 0, 4, 0, 2, 0, 1, 0, 0, 0, 3, 2, 1, 0, 0, 0, 0, 43, 0, 0, 4, 0, 4, 0, 1, 0, 4, 41, 4, 4, 5, 0, 4, 0, 0, 5, 4, 0, 0, 0, 3, 4, 0, 0, 0, 2, 4, 0, 1, 3, 0, 2, 0, 0, 0, 4, 0, 2, 0, 0, 41, 2, 0, 3, 0, 1, 4, 0, 0, 0, 0, 0, 3, 1, 40, 0, 0, 0, 0, 0, 1, 0, 0, 1, 3, 0, 1, 5, 1, 1, 5, 0, 0, 42, 0, 3, 3, 3, 0, 1, 44, 5, 0, 3, 1, 0, 43, 5, 0, 1, 5, 0, 5, 0, 0, 1, 0, : 3, 2, 2, 4, 2, 1, 3, 2, 1, 43, 4, 4, 1, 4, 41, 4, 4, 5, 4, 5, 4, 3, 4, 2, 4, 1, 3, 2, 4, 2, 41, 2, 3, 1, 4, 3, 1, 40, 1, 1, 3, 1, 5, 1, 1, 5, 42, 3, 3, 3, 1, 44, 5, 3, 1, 43, 5, 1, 5, 5, 1, 
65: 0, 3, 0, 4, 3, 2, 0, 42, 0, 43, 0, 0, 4, 2, 2, 0, 0, 40, 0, 0, 2, 5, 0, 0, 5, 1, 0, 0, 2, 5, 0, 41, 2, 0, 0, 0, 2, 0, 0, 3, 3, 0, 0, 0, 42, 5, 1, 0, 0, 3, 0, 0, 4, 2, 4, 1, 0, 4, 1, 1, 4, 0, 4, 42, 1, 0, 0, 2, 2, 0, 3, 0, 4, 1, 1, 0, 0, 2, 4, 1, 44, 0, 0, 0, 0, 0, 1, 2, 4, 4, 0, 3, 0, 0, 2, 5, 5, 5, 3, 1, 2, 0, 0, 0, 0, 2, 0, 0, 0, 0, 0, 0, 4, 0, 0, 0, 0, 5, 3, 2, : 3, 4, 3, 2, 42, 43, 4, 2, 2, 40, 2, 5, 5, 1, 2, 5, 41, 2, 2, 3, 3, 42, 5, 1, 3, 4, 2, 4, 1, 4, 1, 1, 4, 4, 42, 1, 2, 2, 3, 4, 1, 1, 2, 4, 1, 44, 1, 2, 4, 4, 3, 2, 5, 5, 5, 3, 1, 2, 2, 4, 5, 3, 2, 
251: 3, 0, 5, 0, 0, 0, 0, 0, 3, 0, 3, 43, 0, 3, 0, 0, 0, 0, 3, 0, 3, 0, 3, 0, 0, 0, 0, 0, 1, 2, 3, 0, 0, 0, 41, 0, 0, 5, 44, 3, 1, 0, 0, 1, 0, 0, 0, 4, 40, 0, 1, 41, 0, 41, 0, 1, 1, 0, 1, 4, 1, 4, 0, 0, 5, 3, 0, 0, 4, 3, 2, 0, 0, 0, 5, 4, 0, 0, 4, 0, 5, 0, 0, 4, 2, 3, 2, 0, 5, 0, 0, 0, 5, 5, 0, 2, 0, 0, 3, 3, 0, 0, 5, 1, 4, 3, 0, 0, 4, 5, 0, 0, 3, 0, 2, 0, 0, 1, 0, 40, : 3, 5, 3, 3, 43, 3, 3, 3, 3, 1, 2, 3, 41, 5, 44, 3, 1, 1, 4, 40, 1, 41, 41, 1, 1, 1, 4, 1, 4, 5, 3, 4, 3, 2, 5, 4, 4, 5, 4, 2, 3, 2, 5, 5, 5, 2, 3, 3, 5, 1, 4, 3, 4, 5, 3, 2, 1, 40, 
406: 4, 0, 0, 0, 2, 4, 0, 2, 1, 5, 3, 0, 0, 3, 0, 0, 0, 2, 1, 0, 0, 0, 0, 43, 0, 42, 2, 40, 0, 5, 0, 0, 0, 1, 0, 3, 0, 44, 0, 4, 1, 1, 0, 0, 3, 0, 0, 40, 0, 3, 5, 0, 3, 0, 2, 5, 0, 3, 0, 3, 0, 0, 0, 0, 0, 0, 5, 0, 5, 2, 5, 0, 2, 0, 0, 0, 0, 5, 0, 0, 2, 0, 0, 0, 0, 0, 5, 2, 0, 0, 0, 0, 0, 1, 3, 40, 0, 3, 5, 4, 41, 0, 0, 0, 1, 0, 0, 5, 0, 44, 0, 0, 0, 0, 3, 0, 0, 0, 2, 3, : 4, 2, 4, 2, 1, 5, 3, 3, 2, 1, 43, 42, 2, 40, 5, 1, 3, 44, 4, 1, 1, 3, 40, 3, 5, 3, 2, 5, 3, 3, 5, 5, 2, 5, 2, 5, 2, 5, 2, 1, 3, 40, 3, 5, 4, 41, 1, 5, 44, 3, 2, 3, 
373: 41, 2, 4, 0, 0, 0, 0, 0, 0, 0, 0, 0, 0, 3, 0, 3, 5, 0, 41, 0, 4, 0, 0, 0, 5, 0, 5, 2, 0, 0, 2, 0, 0, 5, 42, 0, 0, 0, 3, 0, 0, 4, 0, 41, 1, 5, 2, 0, 5, 2, 3, 0, 3, 0, 0, 0, 0, 0, 1, 4, 1, 5, 4, 0, 0, 0, 4, 0, 4, 0, 1, 0, 0, 0, 0, 0, 0, 1, 1, 5, 40, 4, 0, 2, 0, 0, 0, 1, 5, 3, 0, 2, 3, 2, 2, 3, 2, 2, 0, 0, 0, 3, 3, 5, 1, 4, 2, 0, 3, 2, 1, 4, 42, 1, 5, 0, 0, 0, 0, 0, : 41, 2, 4, 3, 3, 5, 41, 4, 5, 5, 2, 2, 5, 42, 3, 4, 41, 1, 5, 2, 5, 2, 3, 3, 1, 4, 1, 5, 4, 4, 4, 1, 1, 1, 5, 40, 4, 2, 1, 5, 3, 2, 3, 2, 2, 3, 2, 2, 3, 3, 5, 1, 4, 2, 3, 2, 1, 4, 42, 1, 5, 
437: 0, 0, 0, 1, 4, 2, 0, 5, 0, 5, 0, 0, 0, 3, 1, 0, 3, 0, 2, 0, 0, 0, 2, 0, 5, 0, 0, 0, 2, 2, 0, 0, 0, 5, 0, 1, 0, 1, 0, 3, 40, 3, 0, 2, 5, 0, 3, 3, 0, 3, 0, 0, 1, 1, 0, 0, 44, 0, 0, 1, 0, 0, 0, 0, 4, 0, 4, 0, 44, 0, 0, 0, 0, 4, 0, 4, 1, 5, 43, 0, 3, 0, 2, 0, 0, 40, 4, 0, 5, 2, 0, 40, 3, 0, 0, 3, 2, 0, 0, 0, 2, 2, 0, 42, 2, 3, 1, 0, 42, 0, 0, 0, 0, 40, 0, 0, 0, 0, 0, 0, : 1, 4, 2, 5, 5, 3, 1, 3, 2, 2, 5, 2, 2, 5, 1, 1, 3, 40, 3, 2, 5, 3, 3, 3, 1, 1, 44, 1, 4, 4, 44, 4, 4, 1, 5, 43, 3, 2, 40, 4, 5, 2, 40, 3, 3, 2, 2, 2, 42, 2, 3, 1, 42, 40, 
548: 0, 0, 0, 4, 4, 42, 0, 0, 3, 4, 3, 0, 0, 4, 0, 3, 0, 0, 0, 0, 3, 0, 2, 5, 0, 3, 0, 5, 3, 2, 0, 1, 2, 2, 2, 4, 3, 2, 2, 5, 0, 40, 0, 2, 3, 0, 4, 0, 40, 0, 5, 0, 2, 0, 0, 0, 2, 0, 0, 0, 0, 0, 0, 0, 5, 0, 2, 2, 0, 0, 0, 0, 1, 3, 41, 3, 0, 0, 4, 4, 3, 0, 0, 3, 2, 4, 4, 3, 1, 2, 2, 5, 0, 0, 0, 3, 0, 5, 0, 0, 1, 0, 3, 0, 4, 5, 4, 5, 0, 4, 5, 0, 2, 4, 5, 0, 0, 0, 2, 0, : 4, 4, 42, 3, 4, 3, 4, 3, 3, 2, 5, 3, 5, 3, 2, 1, 2, 2, 2, 4, 3, 2, 2, 5, 40, 2, 3, 4, 40, 5, 2, 2, 5, 2, 2, 1, 3, 41, 3, 4, 4, 3, 3, 2, 4, 4, 3, 1, 2, 2, 5, 3, 5, 1, 3, 4, 5, 4, 5, 4, 5, 2, 4, 5, 2, 
88: 1, 0, 0, 0, 40, 5, 1, 0, 0, 0, 3, 0, 3, 4, 0, 5, 3, 0, 0, 1, 40, 0, 5, 0, 0, 0, 0, 0, 5, 0, 0, 0, 1, 3, 5, 4, 0, 0, 0, 3, 0, 0, 4, 3, 2, 0, 2, 5, 0, 3, 0, 0, 0, 0, 0, 4, 5, 0, 0, 4, 0, 2, 0, 3, 4, 4, 1, 5, 0, 0, 0, 1, 44, 0, 4, 5, 0, 0, 1, 0, 0, 0, 0, 0, 0, 1, 4, 5, 0, 2, 0, 0, 0, 0, 5, 0, 42, 4, 40, 2, 0, 2, 0, 44, 5, 44, 1, 4, 42, 2, 1, 42, 0, 5, 1, 3, 0, 0, 4, 4, : 1, 40, 5, 1, 3, 3, 4, 5, 3, 1, 40, 5, 5, 1, 3, 5, 4, 3, 4, 3, 2, 2, 5, 3, 4, 5, 4, 2, 3, 4, 4, 1, 5, 1, 44, 4, 5, 1, 1, 4, 5, 2, 5, 42, 4, 40, 2, 2, 44, 5, 44, 1, 4, 42, 2, 1, 42, 5, 1, 3, 4, 4, 
108: 44, 43, 0, 4, 1, 2, 3, 0, 0, 0, 0, 0, 0, 5, 0, 0, 5, 0, 0, 44, 1, 1, 0, 0, 3, 0, 0, 0, 3, 0, 3, 0, 0, 40, 4, 2, 0, 5, 0, 0, 0, 3, 0, 4, 3, 1, 3, 2, 0, 0, 4, 2, 4, 2, 1, 3, 0, 1, 5, 0, 1, 0, 0, 0, 1, 0, 0, 0, 0, 0, 44, 0, 0, 0, 4, 0, 5, 0, 1, 3, 0, 0, 0, 4, 0, 1, 0, 2, 0, 1, 0, 4, 0, 0, 2, 5, 4, 0, 42, 0, 0, 0, 5, 1, 3, 1, 0, 0, 0, 0, 0, 0, 1, 0, 0, 4, 0, 2, 0, 4, : 44, 43, 4, 1, 2, 3, 5, 5, 44, 1, 1, 3, 3, 3, 40, 4, 2, 5, 3, 4, 3, 1, 3, 2, 4, 2, 4, 2, 1, 3, 1, 5, 1, 1, 44, 4, 5, 1, 3, 4, 1, 2, 1, 4, 2, 5, 4, 42, 5, 1, 3, 1, 1, 4, 2, 4, 
160: 0, 0, 2, 0, 0, 0, 0, 5, 0, 0, 3, 5, 2, 3, 0, 4, 4, 0, 5, 0, 0, 0, 0, 0, 0, 41, 0, 3, 0, 3, 2, 0, 5, 3, 4, 3, 5, 4, 0, 0, 0, 2, 43, 5, 4, 0, 3, 2, 44, 0, 0, 0, 3, 1, 0, 5, 3, 43, 4, 0, 4, 0, 0, 5, 0, 0, 0, 0, 0, 5, 2, 2, 42, 0, 5, 1, 0, 0, 0, 0, 4, 0, 0, 2, 0, 0, 0, 0, 0, 2, 2, 0, 40, 0, 2, 0, 0, 0, 5, 1, 44, 1, 0, 0, 2, 3, 0, 0, 3, 0, 1, 4, 0, 0, 0, 0, 0, 0, 5, 2, : 2, 5, 3, 5, 2, 3, 4, 4, 5, 41, 3, 3, 2, 5, 3, 4, 3, 5, 4, 2, 43, 5, 4, 3, 2, 44, 3, 1, 5, 3, 43, 4, 4, 5, 5, 2, 2, 42, 5, 1, 4, 2, 2, 2, 40, 2, 5, 1, 44, 1, 2, 3, 3, 1, 4, 5, 2, 
140: 3, 3, 0, 0, 0, 0, 0, 0, 0, 2, 0, 0, 3, 4, 0, 5, 0, 40, 1, 0, 0, 0, 2, 0, 3, 1, 0, 0, 0, 3, 0, 0, 41, 1, 0, 3, 3, 4, 4, 41, 2, 0, 0, 5, 0, 0, 1, 0, 0, 0, 0, 0, 0, 0, 3, 0, 0, 41, 2, 0, 0, 0, 42, 0, 0, 3, 3, 0, 0, 0, 0, 0, 0, 4, 0, 0, 2, 4, 40, 3, 3, 5, 1, 1, 0, 4, 2, 0, 0, 5, 2, 0, 5, 5, 3, 40, 0, 0, 0, 2, 0, 41, 0, 2, 5, 0, 1, 0, 0, 5, 4, 4, 0, 0, 0, 2, 5, 0, 3, 0, : 3, 3, 2, 3, 4, 5, 40, 1, 2, 3, 1, 3, 41, 1, 3, 3, 4, 4, 41, 2, 5, 1, 3, 41, 2, 42, 3, 3, 4, 2, 4, 40, 3, 3, 5, 1, 1, 4, 2, 5, 2, 5, 5, 3, 40, 2, 41, 2, 5, 1, 5, 4, 4, 2, 5, 3, 
519: 0, 0, 0, 44, 5, 1, 0, 0, 0, 0, 2, 3, 3, 2, 1, 43, 2, 0, 0, 42, 0, 0, 0, 2, 5, 0, 0, 0, 43, 0, 0, 2, 0, 0, 1, 0, 41, 0, 5, 0, 5, 0, 0, 0, 41, 1, 3, 0, 0, 0, 0, 2, 5, 0, 0, 3, 0, 0, 0, 2, 0, 5, 2, 5, 2, 3, 2, 3, 0, 3, 3, 1, 2, 1, 4, 1, 2, 4, 0, 0, 0, 0, 42, 0, 2, 0, 1, 5, 3, 3, 0, 0, 1, 3, 0, 5, 0, 4, 0, 0, 0, 0, 4, 5, 1, 4, 0, 0, 0, 0, 2, 0, 0, 0, 2, 4, 0, 1, 0, 0, : 44, 5, 1, 2, 3, 3, 2, 1, 43, 2, 42, 2, 5, 43, 2, 1, 41, 5, 5, 41, 1, 3, 2, 5, 3, 2, 5, 2, 5, 2, 3, 2, 3, 3, 3, 1, 2, 1, 4, 1, 2, 4, 42, 2, 1, 5, 3, 3, 1, 3, 5, 4, 4, 5, 1, 4, 2, 2, 4, 1, 
334: 3, 0, 0, 44, 4, 0, 1, 2, 0, 0, 0, 0, 0, 2, 0, 0, 5, 5, 42, 0, 0, 42, 0, 0, 0, 0, 3, 0, 1, 3, 5, 5, 40, 5, 4, 0, 1, 0, 0, 5, 2, 0, 0, 0, 0, 3, 0, 41, 0, 0, 0, 0, 4, 0, 0, 3, 0, 0, 0, 4, 0, 4, 0, 3, 2, 0, 0, 42, 40, 1, 0, 5, 4, 0, 3, 0, 1, 3, 0, 5, 0, 3, 0, 5, 0, 0, 40, 2, 4, 0, 5, 1, 0, 0, 0, 0, 0, 0, 5, 3, 40, 0, 0, 1, 0, 3, 5, 1, 4, 0, 0, 0, 3, 0, 0, 4, 0, 1, 0, 2, : 3, 44, 4, 1, 2, 2, 5, 5, 42, 42, 3, 1, 3, 5, 5, 40, 5, 4, 1, 5, 2, 3, 41, 4, 3, 4, 4, 3, 2, 42, 40, 1, 5, 4, 3, 1, 3, 5, 3, 5, 40, 2, 4, 5, 1, 5, 3, 40, 1, 3, 5, 1, 4, 3, 4, 1, 2, 
495: 0, 4, 0, 0, 5, 5, 5, 0, 5, 0, 5, 42, 2, 44, 0, 44, 0, 0, 0, 0, 0, 0, 1, 0, 0, 0, 4, 5, 0, 0, 3, 3, 0, 0, 1, 43, 0, 0, 40, 5, 1, 1, 0, 0, 2, 4, 0, 1, 4, 0, 5, 0, 5, 1, 0, 41, 0, 0, 0, 3, 1, 0, 0, 2, 0, 5, 43, 0, 2, 0, 0, 0, 1, 0, 4, 4, 42, 0, 1, 1, 1, 0, 3, 0, 0, 0, 2, 5, 1, 1, 3, 0, 0, 0, 0, 2, 2, 0, 0, 41, 3, 0, 3, 0, 0, 4, 3, 0, 0, 0, 0, 0, 5, 4, 1, 0, 0, 1, 0, 0, : 4, 5, 5, 5, 5, 5, 42, 2, 44, 44, 1, 4, 5, 3, 3, 1, 43, 40, 5, 1, 1, 2, 4, 1, 4, 5, 5, 1, 41, 3, 1, 2, 5, 43, 2, 1, 4, 4, 42, 1, 1, 1, 3, 2, 5, 1, 1, 3, 2, 2, 41, 3, 3, 4, 3, 5, 4, 1, 1, 
303: 0, 0, 0, 5, 0, 0, 0, 5, 0, 0, 5, 0, 0, 2, 0, 0, 0, 3, 0, 0, 0, 0, 0, 0, 2, 3, 0, 0, 5, 41, 0, 0, 5, 41, 0, 0, 3, 3, 2, 3, 1, 4, 0, 0, 0, 0, 0, 0, 4, 0, 0, 0, 40, 4, 2, 0, 2, 0, 0, 0, 0, 0, 0, 2, 2, 41, 5, 0, 44, 4, 0, 0, 0, 0, 2, 5, 0, 0, 3, 0, 0, 0, 3, 43, 0, 3, 1, 3, 44, 5, 0, 0, 2, 0, 42, 44, 0, 0, 41, 1, 0, 0, 2, 0, 0, 0, 0, 44, 1, 3, 42, 5, 0, 44, 4, 0, 0, 0, 44, 0, : 5, 5, 5, 2, 3, 2, 3, 5, 41, 5, 41, 3, 3, 2, 3, 1, 4, 4, 40, 4, 2, 2, 2, 2, 41, 5, 44, 4, 2, 5, 3, 3, 43, 3, 1, 3, 44, 5, 2, 42, 44, 41, 1, 2, 44, 1, 3, 42, 5, 44, 4, 44, 
71: 0, 4, 0, 0, 0, 0, 0, 1, 0, 1, 2, 5, 0, 4, 0, 3, 0, 0, 0, 0, 0, 0, 2, 0, 1, 0, 1, 0, 3, 0, 2, 1, 0, 2, 5, 4, 0, 4, 0, 0, 0, 44, 0, 4, 0, 0, 1, 0, 4, 5, 0, 5, 1, 40, 4, 4, 0, 4, 1, 42, 1, 0, 0, 2, 5, 4, 2, 2, 42, 4, 0, 0, 0, 0, 4, 2, 0, 2, 0, 0, 0, 0, 0, 0, 0, 0, 3, 3, 0, 5, 2, 0, 0, 1, 0, 5, 0, 2, 0, 0, 0, 0, 0, 1, 2, 3, 0, 5, 0, 0, 0, 0, 3, 41, 0, 0, 5, 0, 0, 3, : 4, 1, 1, 2, 5, 4, 3, 2, 1, 1, 3, 2, 1, 2, 5, 4, 4, 44, 4, 1, 4, 5, 5, 1, 40, 4, 4, 4, 1, 42, 1, 2, 5, 4, 2, 2, 42, 4, 4, 2, 2, 3, 3, 5, 2, 1, 5, 2, 1, 2, 3, 5, 3, 41, 5, 3, 
185: 0, 0, 0, 1, 0, 0, 44, 0, 0, 0, 3, 5, 5, 5, 0, 0, 0, 2, 0, 4, 0, 0, 40, 1, 40, 0, 2, 0, 3, 1, 5, 5, 44, 4, 0, 0, 0, 4, 5, 0, 5, 0, 4, 0, 2, 0, 5, 0, 0, 4, 44, 5, 0, 43, 0, 44, 0, 0, 0, 5, 2, 4, 3, 0, 1, 5, 4, 3, 0, 2, 0, 0, 3, 0, 5, 2, 2, 3, 0, 43, 0, 0, 0, 0, 0, 4, 0, 0, 5, 0, 0, 1, 0, 4, 2, 5, 0, 0, 0, 0, 4, 5, 0, 40, 0, 0, 0, 0, 0, 1, 3, 0, 0, 0, 0, 44, 0, 0, 2, 2, : 1, 44, 3, 5, 5, 5, 2, 4, 40, 1, 40, 2, 3, 1, 5, 5, 44, 4, 4, 5, 5, 4, 2, 5, 4, 44, 5, 43, 44, 5, 2, 4, 3, 1, 5, 4, 3, 2, 3, 5, 2, 2, 3, 43, 4, 5, 1, 4, 2, 5, 4, 5, 40, 1, 3, 44, 2, 2, 
294: 3, 1, 0, 0, 1, 0, 5, 0, 0, 0, 5, 0, 0, 4, 1, 0, 44, 0, 4, 0, 2, 1, 2, 0, 5, 1, 3, 0, 0, 5, 3, 42, 0, 3, 0, 3, 0, 2, 0, 5, 1, 5, 0, 0, 0, 0, 3, 0, 5, 2, 43, 3, 2, 0, 4, 1, 0, 0, 0, 1, 1, 0, 1, 5, 0, 0, 1, 4, 0, 0, 0, 0, 0, 5, 0, 4, 5, 41, 40, 0, 0, 0, 0, 0, 0, 0, 0, 2, 5, 1, 42, 0, 0, 1, 3, 0, 5, 0, 3, 1, 4, 3, 4, 2, 1, 3, 0, 1, 2, 5, 40, 5, 2, 0, 3, 0, 0, 2, 2, 0, : 3, 1, 1, 5, 5, 4, 1, 44, 4, 2, 1, 2, 5, 1, 3, 5, 3, 42, 3, 3, 2, 5, 1, 5, 3, 5, 2, 43, 3, 2, 4, 1, 1, 1, 1, 5, 1, 4, 5, 4, 5, 41, 40, 2, 5, 1, 42, 1, 3, 5, 3, 1, 4, 3, 4, 2, 1, 3, 1, 2, 5, 40, 5, 2, 3, 2, 2, 
277: 2, 3, 42, 0, 4, 0, 1, 0, 0, 1, 2, 0, 0, 5, 0, 0, 41, 1, 0, 5, 3, 0, 4, 43, 1, 5, 0, 43, 42, 5, 2, 0, 0, 3, 0, 42, 43, 1, 0, 2, 5, 0, 3, 0, 3, 0, 2, 5, 0, 0, 2, 0, 0, 0, 3, 0, 1, 0, 0, 0, 1, 1, 0, 0, 0, 0, 0, 4, 4, 0, 4, 0, 0, 0, 0, 5, 0, 0, 5, 0, 4, 5, 4, 0, 42, 42, 0, 0, 0, 3, 5, 5, 0, 0, 0, 0, 0, 5, 0, 4, 2, 5, 41, 5, 0, 4, 0, 3, 5, 0, 0, 0, 2, 3, 4, 2, 3, 1, 0, 0, : 2, 3, 42, 4, 1, 1, 2, 5, 41, 1, 5, 3, 4, 43, 1, 5, 43, 42, 5, 2, 3, 42, 43, 1, 2, 5, 3, 3, 2, 5, 2, 3, 1, 1, 1, 4, 4, 4, 5, 5, 4, 5, 4, 42, 42, 3, 5, 5, 5, 4, 2, 5, 41, 5, 4, 3, 5, 2, 3, 4, 2, 3, 1, 
411: 1, 4, 0, 41, 1, 0, 0, 0, 3, 0, 5, 0, 4, 1, 0, 0, 0, 0, 2, 0, 3, 0, 44, 0, 2, 5, 0, 0, 0, 0, 4, 0, 0, 1, 0, 0, 1, 3, 0, 0, 3, 1, 0, 1, 0, 0, 1, 3, 0, 5, 40, 4, 0, 0, 5, 5, 0, 2, 0, 42, 5, 0, 1, 0, 2, 0, 41, 0, 0, 2, 0, 44, 5, 2, 0, 0, 0, 0, 3, 1, 0, 0, 0, 0, 0, 0, 4, 0, 0, 0, 42, 0, 0, 0, 0, 3, 0, 0, 0, 0, 2, 0, 4, 4, 0, 0, 5, 1, 0, 0, 0, 44, 2, 4, 0, 4, 0, 4, 0, 0, : 1, 4, 41, 1, 3, 5, 4, 1, 2, 3, 44, 2, 5, 4, 1, 1, 3, 3, 1, 1, 1, 3, 5, 40, 4, 5, 5, 2, 42, 5, 1, 2, 41, 2, 44, 5, 2, 3, 1, 4, 42, 3, 2, 4, 4, 5, 1, 44, 2, 4, 4, 4, 
511: 0, 0, 0, 0, 0, 0, 0, 0, 0, 0, 0, 0, 0, 2, 0, 0, 0, 5, 1, 1, 0, 2, 0, 5, 0, 0, 0, 0, 4, 1, 1, 0, 3, 0, 4, 0, 2, 5, 0, 5, 1, 0, 0, 0, 2, 5, 3, 1, 0, 0, 0, 0, 3, 0, 44, 0, 0, 1, 0, 1, 2, 3, 3, 0, 2, 1, 1, 1, 3, 0, 0, 0, 0, 0, 0, 1, 5, 4, 1, 3, 2, 0, 0, 1, 1, 0, 0, 5, 0, 3, 0, 0, 0, 0, 1, 0, 0, 3, 4, 5, 43, 3, 0, 0, 2, 3, 0, 0, 3, 0, 0, 0, 0, 1, 0, 0, 0, 0, 0, 5, : 2, 5, 1, 1, 2, 5, 4, 1, 1, 3, 4, 2, 5, 5, 1, 2, 5, 3, 1, 3, 44, 1, 1, 2, 3, 3, 2, 1, 1, 1, 3, 1, 5, 4, 1, 3, 2, 1, 1, 5, 3, 1, 3, 4, 5, 43, 3, 2, 3, 3, 1, 5, 
534: 0, 1, 0, 0, 0, 2, 1, 0, 2, 5, 4, 2, 0, 3, 2, 0, 0, 2, 2, 0, 0, 0, 0, 0, 3, 4, 0, 0, 0, 4, 3, 2, 0, 3, 0, 5, 4, 5, 0, 4, 0, 0, 2, 4, 0, 1, 0, 0, 0, 1, 0, 0, 1, 0, 0, 2, 4, 0, 43, 5, 0, 0, 0, 2, 3, 3, 4, 0, 0, 0, 0, 1, 1, 0, 0, 3, 0, 0, 4, 3, 4, 3, 1, 2, 0, 0, 2, 0, 3, 0, 0, 0, 3, 0, 0, 0, 0, 0, 0, 4, 0, 0, 0, 0, 1, 0, 0, 0, 0, 2, 0, 5, 4, 1, 4, 0, 3, 0, 2, 0, : 1, 2, 1, 2, 5, 4, 2, 3, 2, 2, 2, 3, 4, 4, 3, 2, 3, 5, 4, 5, 4, 2, 4, 1, 1, 1, 2, 4, 43, 5, 2, 3, 3, 4, 1, 1, 3, 4, 3, 4, 3, 1, 2, 2, 3, 3, 4, 1, 2, 5, 4, 1, 4, 3, 2, 
48: 0, 0, 0, 0, 5, 3, 4, 2, 0, 0, 1, 0, 0, 0, 0, 0, 44, 0, 3, 2, 0, 0, 0, 0, 5, 0, 0, 0, 2, 0, 0, 5, 0, 1, 0, 5, 2, 2, 40, 5, 2, 0, 0, 0, 0, 0, 44, 0, 0, 0, 0, 42, 3, 0, 2, 2, 1, 0, 1, 40, 0, 41, 0, 0, 5, 0, 3, 0, 2, 2, 1, 0, 3, 0, 5, 0, 0, 4, 0, 2, 4, 42, 0, 41, 0, 40, 0, 5, 4, 0, 3, 0, 2, 0, 0, 2, 41, 1, 4, 3, 3, 5, 2, 4, 0, 2, 2, 0, 0, 0, 5, 1, 0, 2, 0, 0, 0, 0, 0, 2, : 5, 3, 4, 2, 1, 44, 3, 2, 5, 2, 5, 1, 5, 2, 2, 40, 5, 2, 44, 42, 3, 2, 2, 1, 1, 40, 41, 5, 3, 2, 2, 1, 3, 5, 4, 2, 4, 42, 41, 40, 5, 4, 3, 2, 2, 41, 1, 4, 3, 3, 5, 2, 4, 2, 2, 5, 1, 2, 2, 
513: 0, 0, 3, 4, 40, 0, 2, 0, 0, 0, 4, 0, 1, 3, 3, 40, 0, 0, 0, 3, 3, 0, 0, 5, 43, 0, 0, 0, 0, 0, 2, 3, 1, 0, 5, 3, 4, 4, 2, 4, 3, 0, 3, 0, 4, 0, 5, 0, 5, 0, 41, 0, 5, 0, 4, 0, 0, 5, 3, 1, 0, 0, 2, 0, 0, 5, 0, 41, 1, 0, 0, 0, 0, 0, 4, 0, 0, 1, 1, 0, 0, 0, 0, 4, 2, 1, 3, 0, 0, 5, 2, 0, 5, 0, 0, 0, 0, 0, 0, 44, 0, 0, 1, 2, 1, 4, 0, 0, 5, 5, 0, 4, 0, 0, 3, 0, 0, 0, 4, 0, : 3, 4, 40, 2, 4, 1, 3, 3, 40, 3, 3, 5, 43, 2, 3, 1, 5, 3, 4, 4, 2, 4, 3, 3, 4, 5, 5, 41, 5, 4, 5, 3, 1, 2, 5, 41, 1, 4, 1, 1, 4, 2, 1, 3, 5, 2, 5, 44, 1, 2, 1, 4, 5, 5, 4, 3, 4, 
490: 1, 0, 0, 0, 4, 0, 0, 1, 0, 0, 4, 0, 4, 3, 5, 5, 2, 41, 0, 43, 4, 0, 4, 0, 2, 3, 3, 0, 4, 0, 4, 3, 2, 0, 0, 5, 0, 4, 4, 0, 3, 0, 0, 0, 3, 0, 3, 0, 2, 42, 1, 44, 0, 0, 3, 5, 0, 1, 1, 0, 0, 4, 0, 0, 3, 0, 0, 0, 5, 0, 0, 1, 0, 0, 0, 43, 0, 1, 0, 0, 0, 0, 0, 5, 0, 0, 0, 0, 0, 41, 2, 0, 3, 0, 0, 0, 2, 0, 5, 1, 0, 0, 0, 1, 0, 40, 42, 0, 3, 0, 0, 1, 0, 2, 5, 3, 41, 0, 3, 0, : 1, 4, 1, 4, 4, 3, 5, 5, 2, 41, 43, 4, 4, 2, 3, 3, 4, 4, 3, 2, 5, 4, 4, 3, 3, 3, 2, 42, 1, 44, 3, 5, 1, 1, 4, 3, 5, 1, 43, 1, 5, 41, 2, 3, 2, 5, 1, 1, 40, 42, 3, 1, 2, 5, 3, 41, 3, 
40: 0, 2, 0, 0, 1, 0, 5, 0, 0, 0, 0, 0, 2, 5, 0, 2, 0, 40, 5, 0, 0, 0, 3, 3, 1, 3, 2, 0, 0, 5, 42, 0, 0, 0, 0, 0, 0, 5, 0, 5, 1, 4, 1, 0, 3, 5, 2, 5, 0, 0, 0, 0, 0, 4, 0, 4, 1, 0, 0, 3, 0, 0, 1, 0, 5, 0, 5, 0, 0, 0, 0, 3, 0, 4, 5, 0, 0, 0, 44, 1, 0, 5, 0, 0, 0, 43, 3, 4, 40, 0, 0, 0, 0, 0, 5, 0, 5, 0, 1, 4, 40, 3, 0, 0, 3, 0, 40, 5, 1, 0, 0, 3, 3, 0, 40, 0, 0, 4, 4, 1, : 2, 1, 5, 2, 5, 2, 40, 5, 3, 3, 1, 3, 2, 5, 42, 5, 5, 1, 4, 1, 3, 5, 2, 5, 4, 4, 1, 3, 1, 5, 5, 3, 4, 5, 44, 1, 5, 43, 3, 4, 40, 5, 5, 1, 4, 40, 3, 3, 40, 5, 1, 3, 3, 40, 4, 4, 1, 
235: 5, 1, 5, 0, 0, 0, 1, 5, 0, 0, 2, 0, 41, 5, 0, 3, 0, 0, 1, 0, 1, 2, 0, 0, 0, 5, 0, 0, 0, 4, 5, 1, 3, 0, 0, 3, 43, 4, 0, 0, 5, 3, 4, 2, 0, 5, 3, 0, 0, 0, 0, 3, 0, 1, 0, 0, 0, 0, 0, 5, 0, 0, 3, 0, 0, 1, 41, 0, 42, 3, 1, 0, 40, 5, 0, 0, 0, 2, 0, 0, 0, 4, 2, 0, 0, 0, 0, 5, 4, 3, 0, 4, 0, 0, 0, 1, 0, 0, 1, 4, 3, 2, 40, 1, 41, 5, 5, 3, 5, 0, 0, 2, 0, 1, 1, 4, 0, 4, 0, 1, : 5, 1, 5, 1, 5, 2, 41, 5, 3, 1, 1, 2, 5, 4, 5, 1, 3, 3, 43, 4, 5, 3, 4, 2, 5, 3, 3, 1, 5, 3, 1, 41, 42, 3, 1, 40, 5, 2, 4, 2, 5, 4, 3, 4, 1, 1, 4, 3, 2, 40, 1, 41, 5, 5, 3, 5, 2, 1, 1, 4, 4, 1, 
112: 4, 1, 1, 0, 0, 0, 5, 3, 3, 0, 2, 0, 0, 1, 0, 0, 4, 1, 0, 0, 0, 0, 0, 0, 0, 0, 5, 0, 0, 0, 40, 0, 3, 4, 0, 0, 2, 0, 1, 5, 43, 0, 0, 4, 0, 0, 3, 44, 0, 0, 3, 0, 0, 4, 4, 2, 0, 0, 3, 1, 0, 1, 4, 5, 1, 0, 0, 3, 5, 5, 0, 2, 0, 0, 0, 0, 0, 0, 0, 5, 2, 0, 0, 3, 0, 0, 5, 3, 3, 5, 2, 0, 5, 1, 0, 0, 0, 2, 0, 0, 2, 1, 0, 0, 0, 0, 5, 0, 4, 0, 4, 1, 5, 1, 0, 1, 0, 3, 0, 1, : 4, 1, 1, 5, 3, 3, 2, 1, 4, 1, 5, 40, 3, 4, 2, 1, 5, 43, 4, 3, 44, 3, 4, 4, 2, 3, 1, 1, 4, 5, 1, 3, 5, 5, 2, 5, 2, 3, 5, 3, 3, 5, 2, 5, 1, 2, 2, 1, 5, 4, 4, 1, 5, 1, 1, 3, 1, 
57: 0, 4, 5, 0, 0, 0, 0, 5, 40, 0, 3, 5, 41, 3, 0, 2, 42, 0, 4, 0, 42, 0, 0, 0, 2, 2, 0, 4, 1, 0, 3, 5, 41, 3, 2, 43, 0, 5, 4, 0, 1, 0, 0, 2, 0, 3, 1, 3, 4, 1, 5, 0, 0, 5, 0, 0, 0, 1, 0, 0, 2, 0, 0, 0, 0, 43, 0, 0, 3, 4, 0, 0, 0, 2, 0, 0, 5, 0, 3, 4, 0, 0, 2, 0, 1, 0, 41, 0, 0, 5, 1, 0, 3, 0, 0, 4, 3, 2, 1, 0, 0, 1, 0, 2, 5, 0, 0, 2, 5, 1, 0, 0, 0, 0, 1, 1, 2, 2, 5, 0, : 4, 5, 5, 40, 3, 5, 41, 3, 2, 42, 4, 42, 2, 2, 4, 1, 3, 5, 41, 3, 2, 43, 5, 4, 1, 2, 3, 1, 3, 4, 1, 5, 5, 1, 2, 43, 3, 4, 2, 5, 3, 4, 2, 1, 41, 5, 1, 3, 4, 3, 2, 1, 1, 2, 5, 2, 5, 1, 1, 1, 2, 2, 5, 
363: 0, 0, 3, 0, 0, 4, 2, 0, 0, 2, 0, 0, 4, 2, 1, 0, 0, 0, 0, 1, 4, 4, 0, 0, 0, 0, 4, 0, 0, 0, 4, 3, 4, 2, 5, 1, 0, 5, 0, 0, 0, 0, 3, 0, 0, 1, 3, 0, 1, 0, 0, 0, 0, 0, 3, 0, 2, 0, 0, 1, 4, 0, 3, 0, 0, 3, 1, 4, 0, 2, 4, 5, 1, 4, 0, 0, 3, 2, 0, 0, 0, 0, 1, 0, 0, 4, 3, 2, 0, 4, 0, 0, 4, 44, 2, 0, 0, 0, 0, 5, 0, 0, 0, 0, 3, 4, 5, 0, 0, 1, 0, 0, 2, 0, 3, 0, 2, 3, 5, 1, : 3, 4, 2, 2, 4, 2, 1, 1, 4, 4, 4, 4, 3, 4, 2, 5, 1, 5, 3, 1, 3, 1, 3, 2, 1, 4, 3, 3, 1, 4, 2, 4, 5, 1, 4, 3, 2, 1, 4, 3, 2, 4, 4, 44, 2, 5, 3, 4, 5, 1, 2, 3, 2, 3, 5, 1, 
199: 0, 0, 0, 5, 1, 0, 0, 0, 0, 0, 5, 0, 0, 0, 0, 0, 0, 4, 0, 2, 1, 1, 0, 0, 0, 1, 4, 0, 0, 0, 4, 4, 3, 0, 2, 0, 2, 0, 0, 5, 0, 1, 4, 44, 5, 1, 0, 0, 0, 0, 0, 3, 0, 1, 41, 1, 4, 0, 0, 1, 3, 5, 0, 4, 5, 0, 3, 41, 0, 1, 2, 0, 0, 5, 1, 3, 0, 4, 1, 0, 0, 0, 2, 0, 0, 5, 4, 0, 2, 0, 5, 5, 1, 2, 0, 3, 1, 0, 0, 0, 3, 43, 0, 0, 1, 0, 0, 0, 0, 1, 5, 0, 1, 43, 5, 0, 3, 0, 0, 0, : 5, 1, 5, 4, 2, 1, 1, 1, 4, 4, 4, 3, 2, 2, 5, 1, 4, 44, 5, 1, 3, 1, 41, 1, 4, 1, 3, 5, 4, 5, 3, 41, 1, 2, 5, 1, 3, 4, 1, 2, 5, 4, 2, 5, 5, 1, 2, 3, 1, 3, 43, 1, 1, 5, 1, 43, 5, 3, 
509: 2, 3, 0, 2, 0, 0, 0, 0, 5, 0, 0, 0, 2, 0, 5, 40, 5, 0, 0, 4, 0, 0, 4, 1, 3, 1, 5, 0, 5, 0, 0, 2, 5, 0, 4, 2, 5, 1, 3, 0, 44, 44, 0, 1, 2, 0, 3, 0, 0, 0, 4, 0, 4, 0, 4, 0, 4, 0, 0, 3, 5, 2, 3, 3, 0, 0, 0, 5, 3, 0, 3, 5, 2, 1, 0, 41, 4, 0, 1, 42, 0, 0, 2, 5, 0, 0, 0, 4, 1, 0, 4, 41, 0, 0, 1, 0, 0, 2, 1, 0, 0, 0, 3, 0, 2, 4, 3, 4, 41, 5, 0, 0, 4, 40, 0, 5, 0, 0, 0, 1, : 2, 3, 2, 5, 2, 5, 40, 5, 4, 4, 1, 3, 1, 5, 5, 2, 5, 4, 2, 5, 1, 3, 44, 44, 1, 2, 3, 4, 4, 4, 4, 3, 5, 2, 3, 3, 5, 3, 3, 5, 2, 1, 41, 4, 1, 42, 2, 5, 4, 1, 4, 41, 1, 2, 1, 3, 2, 4, 3, 4, 41, 5, 4, 40, 5, 1, 
575: 0, 0, 0, 0, 5, 0, 4, 41, 0, 0, 0, 5, 0, 4, 0, 0, 41, 0, 0, 0, 4, 0, 1, 0, 0, 3, 1, 0, 0, 0, 4, 42, 0, 3, 0, 0, 0, 4, 3, 2, 0, 2, 0, 0, 1, 1, 4, 3, 0, 3, 0, 0, 0, 0, 1, 0, 5, 0, 0, 3, 3, 5, 4, 3, 5, 3, 3, 0, 3, 0, 4, 0, 1, 0, 0, 3, 0, 2, 0, 0, 0, 0, 0, 4, 0, 5, 3, 0, 0, 0, 41, 5, 0, 0, 0, 2, 0, 0, 0, 5, 0, 3, 2, 0, 0, 0, 41, 0, 0, 0, 0, 0, 0, 0, 5, 0, 0, 0, 40, 2, : 5, 4, 41, 5, 4, 41, 4, 1, 3, 1, 4, 42, 3, 4, 3, 2, 2, 1, 1, 4, 3, 3, 1, 5, 3, 3, 5, 4, 3, 5, 3, 3, 3, 4, 1, 3, 2, 4, 5, 3, 41, 5, 2, 5, 3, 2, 41, 5, 40, 2, 
274: 43, 0, 0, 0, 40, 5, 0, 0, 1, 0, 0, 0, 4, 2, 1, 40, 2, 44, 4, 0, 3, 0, 3, 0, 5, 3, 1, 0, 3, 41, 2, 2, 0, 0, 5, 1, 42, 0, 5, 0, 0, 0, 0, 0, 0, 1, 2, 2, 0, 0, 0, 0, 3, 0, 0, 1, 43, 2, 3, 0, 0, 0, 0, 0, 5, 0, 0, 5, 0, 2, 42, 42, 0, 2, 0, 1, 41, 0, 0, 5, 0, 0, 0, 0, 1, 0, 3, 0, 42, 0, 44, 0, 4, 0, 0, 0, 0, 3, 0, 0, 0, 3, 4, 2, 5, 0, 41, 0, 0, 0, 0, 4, 2, 0, 1, 4, 0, 0, 0, 0, : 43, 40, 5, 1, 4, 2, 1, 40, 2, 44, 4, 3, 3, 5, 3, 1, 3, 41, 2, 2, 5, 1, 42, 5, 1, 2, 2, 3, 1, 43, 2, 3, 5, 5, 2, 42, 42, 2, 1, 41, 5, 1, 3, 42, 44, 4, 3, 3, 4, 2, 5, 41, 4, 2, 1, 4, 
361: 0, 43, 0, 43, 4, 0, 5, 0, 5, 0, 43, 0, 0, 1, 0, 0, 2, 0, 3, 3, 0, 43, 2, 0, 4, 1, 2, 0, 5, 0, 2, 0, 2, 0, 0, 0, 0, 0, 1, 0, 1, 0, 0, 0, 4, 3, 3, 0, 0, 2, 0, 5, 0, 1, 0, 4, 0, 0, 0, 2, 0, 0, 0, 0, 3, 5, 3, 0, 2, 3, 4, 0, 0, 0, 2, 0, 5, 5, 0, 0, 0, 5, 0, 0, 1, 0, 4, 3, 1, 0, 5, 5, 0, 0, 0, 0, 3, 0, 0, 0, 0, 2, 0, 0, 0, 0, 5, 0, 42, 4, 0, 0, 5, 0, 0, 1, 42, 0, 0, 0, : 43, 43, 4, 5, 5, 43, 1, 2, 3, 3, 43, 2, 4, 1, 2, 5, 2, 2, 1, 1, 4, 3, 3, 2, 5, 1, 4, 2, 3, 5, 3, 2, 3, 4, 2, 5, 5, 5, 1, 4, 3, 1, 5, 5, 3, 2, 5, 42, 4, 5, 1, 42, 
230: 0, 5, 0, 0, 0, 3, 0, 40, 0, 0, 0, 5, 0, 2, 0, 0, 0, 1, 2, 0, 0, 4, 1, 0, 2, 1, 3, 0, 0, 0, 4, 0, 0, 4, 2, 3, 4, 2, 1, 0, 3, 2, 0, 0, 0, 1, 0, 2, 1, 0, 0, 3, 0, 1, 3, 1, 0, 0, 43, 0, 4, 0, 0, 0, 0, 2, 0, 2, 5, 0, 0, 0, 1, 0, 0, 0, 0, 1, 1, 0, 0, 0, 3, 0, 0, 41, 1, 2, 5, 4, 0, 3, 0, 40, 0, 0, 42, 0, 3, 4, 0, 4, 42, 2, 0, 5, 0, 0, 2, 0, 0, 0, 0, 0, 0, 0, 0, 0, 0, 1, : 5, 3, 40, 5, 2, 1, 2, 4, 1, 2, 1, 3, 4, 4, 2, 3, 4, 2, 1, 3, 2, 1, 2, 1, 3, 1, 3, 1, 43, 4, 2, 2, 5, 1, 1, 1, 3, 41, 1, 2, 5, 4, 3, 40, 42, 3, 4, 4, 42, 2, 5, 2, 1, 
580: 0, 0, 1, 0, 2, 1, 0, 43, 0, 5, 0, 0, 0, 1, 0, 0, 1, 0, 0, 5, 44, 0, 2, 0, 0, 5, 1, 0, 0, 44, 1, 3, 5, 0, 0, 0, 3, 3, 0, 1, 0, 0, 0, 0, 0, 0, 5, 0, 5, 4, 3, 5, 4, 0, 0, 4, 42, 0, 1, 0, 0, 0, 1, 1, 0, 5, 5, 43, 0, 0, 2, 0, 0, 0, 43, 5, 40, 4, 2, 2, 5, 0, 2, 3, 5, 0, 5, 0, 4, 0, 1, 0, 3, 0, 0, 0, 0, 0, 0, 42, 0, 0, 4, 0, 0, 1, 4, 0, 0, 3, 0, 0, 4, 0, 1, 0, 0, 40, 2, 0, : 1, 2, 1, 43, 5, 1, 1, 5, 44, 2, 5, 1, 44, 1, 3, 5, 3, 3, 1, 5, 5, 4, 3, 5, 4, 4, 42, 1, 1, 1, 5, 5, 43, 2, 43, 5, 40, 4, 2, 2, 5, 2, 3, 5, 5, 4, 1, 3, 42, 4, 1, 4, 3, 4, 1, 40, 2, 
214: 0, 1, 0, 0, 0, 0, 0, 0, 1, 5, 0, 5, 3, 5, 3, 0, 0, 0, 0, 0, 0, 0, 0, 0, 3, 4, 42, 0, 1, 5, 0, 2, 0, 5, 1, 4, 0, 0, 0, 0, 0, 0, 0, 2, 2, 3, 0, 2, 2, 0, 0, 4, 2, 42, 0, 0, 0, 0, 44, 0, 5, 0, 5, 0, 2, 1, 4, 0, 0, 1, 0, 1, 4, 0, 5, 0, 0, 4, 3, 1, 0, 2, 0, 0, 0, 0, 4, 5, 4, 1, 1, 0, 0, 5, 0, 0, 5, 3, 0, 2, 0, 5, 4, 1, 0, 1, 40, 4, 0, 0, 0, 2, 2, 0, 0, 0, 4, 4, 4, 40, : 1, 1, 5, 5, 3, 5, 3, 3, 4, 42, 1, 5, 2, 5, 1, 4, 2, 2, 3, 2, 2, 4, 2, 42, 44, 5, 5, 2, 1, 4, 1, 1, 4, 5, 4, 3, 1, 2, 4, 5, 4, 1, 1, 5, 5, 3, 2, 5, 4, 1, 1, 40, 4, 2, 2, 4, 4, 4, 40, 
360: 0, 0, 0, 0, 3, 0, 4, 0, 0, 44, 0, 0, 4, 5, 1, 0, 0, 0, 2, 0, 0, 0, 5, 0, 1, 0, 0, 0, 1, 2, 4, 0, 2, 3, 0, 0, 0, 42, 2, 1, 0, 5, 4, 4, 0, 0, 4, 1, 0, 0, 4, 1, 3, 3, 5, 44, 4, 0, 0, 2, 0, 0, 3, 0, 42, 0, 5, 0, 41, 4, 2, 43, 0, 3, 4, 3, 0, 0, 1, 41, 1, 40, 0, 0, 0, 0, 3, 3, 0, 0, 0, 0, 3, 0, 0, 3, 5, 0, 0, 44, 5, 0, 0, 0, 4, 5, 40, 1, 42, 0, 0, 2, 5, 4, 0, 0, 0, 2, 1, 3, : 3, 4, 44, 4, 5, 1, 2, 5, 1, 1, 2, 4, 2, 3, 42, 2, 1, 5, 4, 4, 4, 1, 4, 1, 3, 3, 5, 44, 4, 2, 3, 42, 5, 41, 4, 2, 43, 3, 4, 3, 1, 41, 1, 40, 3, 3, 3, 3, 5, 44, 5, 4, 5, 40, 1, 42, 2, 5, 4, 2, 1, 3, 
182: 0, 0, 0, 4, 0, 1, 0, 5, 0, 0, 2, 5, 0, 3, 0, 0, 0, 0, 0, 1, 0, 3, 5, 0, 4, 0, 2, 5, 4, 0, 2, 1, 3, 1, 44, 3, 0, 0, 0, 0, 0, 0, 0, 0, 0, 0, 5, 0, 4, 2, 0, 0, 0, 5, 0, 5, 5, 0, 41, 5, 0, 0, 0, 0, 2, 0, 0, 4, 0, 0, 0, 0, 0, 5, 0, 0, 0, 0, 3, 1, 5, 0, 0, 0, 0, 42, 3, 4, 4, 3, 1, 3, 0, 4, 0, 0, 0, 42, 0, 4, 0, 4, 40, 40, 5, 4, 5, 5, 0, 2, 4, 4, 0, 1, 2, 1, 40, 3, 1, 0, : 4, 1, 5, 2, 5, 3, 1, 3, 5, 4, 2, 5, 4, 2, 1, 3, 1, 44, 3, 5, 4, 2, 5, 5, 5, 41, 5, 2, 4, 5, 3, 1, 5, 42, 3, 4, 4, 3, 1, 3, 4, 42, 4, 4, 40, 40, 5, 4, 5, 5, 2, 4, 4, 1, 2, 1, 40, 3, 1, 
134: 0, 0, 0, 0, 5, 4, 42, 1, 4, 2, 0, 0, 4, 4, 0, 4, 0, 0, 0, 0, 0, 0, 1, 0, 3, 4, 1, 4, 0, 0, 2, 0, 0, 1, 0, 44, 0, 44, 5, 5, 0, 2, 0, 0, 1, 4, 0, 0, 0, 4, 0, 0, 0, 0, 0, 0, 0, 0, 0, 41, 4, 0, 0, 0, 0, 5, 0, 0, 1, 5, 0, 2, 4, 1, 5, 0, 0, 0, 1, 2, 0, 0, 1, 0, 0, 4, 4, 0, 0, 0, 5, 0, 2, 0, 0, 0, 0, 0, 0, 0, 0, 5, 4, 0, 0, 4, 4, 3, 0, 2, 2, 2, 3, 4, 0, 0, 0, 0, 4, 0, : 5, 4, 42, 1, 4, 2, 4, 4, 4, 1, 3, 4, 1, 4, 2, 1, 44, 44, 5, 5, 2, 1, 4, 4, 41, 4, 5, 1, 5, 2, 4, 1, 5, 1, 2, 1, 4, 4, 5, 2, 5, 4, 4, 4, 3, 2, 2, 2, 3, 4, 4, 
298: 0, 0, 5, 4, 4, 3, 5, 1, 3, 0, 2, 4, 0, 40, 1, 0, 0, 0, 0, 0, 1, 41, 2, 0, 0, 4, 0, 0, 0, 0, 0, 0, 2, 0, 0, 3, 0, 0, 0, 4, 4, 0, 2, 4, 2, 40, 0, 0, 4, 0, 41, 4, 5, 5, 4, 5, 0, 0, 0, 0, 2, 0, 5, 5, 0, 5, 5, 0, 2, 0, 5, 0, 1, 0, 3, 0, 1, 0, 0, 0, 0, 40, 0, 0, 1, 5, 3, 0, 0, 0, 0, 0, 40, 0, 0, 0, 3, 0, 0, 0, 2, 3, 4, 4, 0, 0, 5, 2, 1, 4, 4, 44, 0, 0, 2, 0, 3, 0, 0, 1, : 5, 4, 4, 3, 5, 1, 3, 2, 4, 40, 1, 1, 41, 2, 4, 2, 3, 4, 4, 2, 4, 2, 40, 4, 41, 4, 5, 5, 4, 5, 2, 5, 5, 5, 5, 2, 5, 1, 3, 1, 40, 1, 5, 3, 40, 3, 2, 3, 4, 4, 5, 2, 1, 4, 4, 44, 2, 3, 1, 
351: 0, 0, 3, 0, 0, 0, 44, 41, 0, 0, 1, 0, 1, 3, 3, 0, 1, 4, 3, 0, 4, 0, 3, 3, 0, 5, 2, 0, 0, 0, 0, 4, 43, 0, 0, 2, 4, 5, 0, 0, 0, 5, 0, 0, 0, 3, 0, 5, 0, 3, 0, 0, 0, 0, 0, 0, 0, 40, 0, 0, 0, 0, 0, 0, 2, 1, 2, 0, 0, 0, 0, 0, 1, 1, 0, 3, 0, 4, 0, 0, 0, 0, 0, 1, 1, 0, 4, 0, 0, 0, 0, 0, 0, 2, 0, 0, 0, 0, 0, 0, 2, 1, 0, 0, 1, 4, 0, 0, 0, 0, 0, 0, 0, 0, 0, 0, 0, 0, 2, 0, : 3, 44, 41, 1, 1, 3, 3, 1, 4, 3, 4, 3, 3, 5, 2, 4, 43, 2, 4, 5, 5, 3, 5, 3, 40, 2, 1, 2, 1, 1, 3, 4, 1, 1, 4, 2, 2, 1, 1, 4, 2, 
562: 0, 0, 1, 2, 4, 0, 4, 0, 0, 0, 3, 0, 0, 41, 0, 0, 0, 0, 0, 0, 0, 0, 41, 0, 4, 44, 3, 3, 1, 1, 0, 1, 3, 4, 0, 0, 0, 1, 1, 5, 0, 5, 0, 4, 5, 2, 5, 0, 1, 0, 4, 0, 0, 0, 0, 2, 1, 0, 42, 0, 0, 0, 0, 4, 2, 0, 1, 5, 0, 0, 2, 1, 5, 0, 0, 0, 0, 0, 0, 2, 3, 2, 5, 41, 0, 0, 4, 0, 2, 3, 1, 0, 40, 0, 4, 5, 0, 0, 41, 1, 0, 0, 0, 4, 3, 2, 5, 5, 1, 42, 0, 0, 2, 0, 0, 2, 0, 0, 0, 1, : 1, 2, 4, 4, 3, 41, 41, 4, 44, 3, 3, 1, 1, 1, 3, 4, 1, 1, 5, 5, 4, 5, 2, 5, 1, 4, 2, 1, 42, 4, 2, 1, 5, 2, 1, 5, 2, 3, 2, 5, 41, 4, 2, 3, 1, 40, 4, 5, 41, 1, 4, 3, 2, 5, 5, 1, 42, 2, 2, 1, 
467: 0, 0, 44, 2, 0, 0, 5, 0, 0, 0, 5, 2, 1, 5, 44, 0, 0, 1, 0, 0, 0, 0, 2, 0, 0, 0, 2, 0, 3, 0, 0, 3, 43, 1, 2, 0, 0, 4, 5, 0, 0, 42, 0, 5, 0, 5, 1, 4, 4, 0, 5, 4, 0, 4, 1, 4, 0, 0, 0, 0, 0, 2, 0, 0, 1, 5, 4, 3, 0, 0, 0, 0, 0, 0, 1, 0, 0, 0, 0, 4, 0, 1, 5, 0, 0, 0, 3, 0, 4, 43, 2, 1, 40, 0, 3, 0, 0, 0, 0, 3, 5, 2, 0, 0, 0, 2, 0, 0, 0, 0, 0, 1, 4, 0, 0, 0, 0, 41, 0, 0, : 44, 2, 5, 5, 2, 1, 5, 44, 1, 2, 2, 3, 3, 43, 1, 2, 4, 5, 42, 5, 5, 1, 4, 4, 5, 4, 4, 1, 4, 2, 1, 5, 4, 3, 1, 4, 1, 5, 3, 4, 43, 2, 1, 40, 3, 3, 5, 2, 2, 1, 4, 41, 
256: 2, 0, 1, 0, 0, 42, 0, 0, 0, 0, 4, 0, 0, 2, 0, 0, 0, 5, 2, 0, 4, 0, 0, 2, 0, 0, 0, 0, 0, 0, 44, 43, 44, 5, 4, 0, 5, 2, 2, 1, 4, 0, 0, 1, 1, 2, 44, 0, 0, 0, 0, 0, 0, 4, 1, 0, 43, 0, 0, 0, 0, 0, 0, 0, 0, 0, 3, 0, 4, 42, 0, 0, 0, 0, 1, 2, 0, 0, 0, 4, 44, 0, 0, 0, 4, 1, 3, 0, 43, 0, 0, 0, 0, 0, 41, 2, 0, 3, 0, 42, 4, 4, 0, 0, 2, 0, 0, 4, 3, 0, 5, 0, 0, 1, 3, 1, 2, 41, 0, 0, : 2, 1, 42, 4, 2, 5, 2, 4, 2, 44, 43, 44, 5, 4, 5, 2, 2, 1, 4, 1, 1, 2, 44, 4, 1, 43, 3, 4, 42, 1, 2, 4, 44, 4, 1, 3, 43, 41, 2, 3, 42, 4, 4, 2, 4, 3, 5, 1, 3, 1, 2, 41, 
44: 0, 0, 0, 0, 5, 5, 0, 40, 0, 0, 0, 44, 5, 4, 0, 0, 0, 2, 44, 0, 5, 4, 4, 0, 4, 4, 0, 0, 5, 3, 1, 4, 0, 4, 3, 3, 4, 4, 41, 0, 1, 0, 5, 0, 4, 3, 2, 0, 3, 0, 0, 0, 44, 0, 0, 4, 3, 0, 1, 1, 0, 0, 2, 0, 4, 0, 5, 0, 2, 0, 0, 0, 0, 5, 3, 3, 1, 1, 0, 2, 1, 0, 0, 0, 0, 0, 3, 5, 0, 0, 1, 4, 1, 0, 0, 0, 3, 0, 0, 0, 44, 4, 2, 0, 1, 42, 0, 43, 0, 0, 2, 0, 0, 1, 2, 43, 5, 0, 3, 3, : 5, 5, 40, 44, 5, 4, 2, 44, 5, 4, 4, 4, 4, 5, 3, 1, 4, 4, 3, 3, 4, 4, 41, 1, 5, 4, 3, 2, 3, 44, 4, 3, 1, 1, 2, 4, 5, 2, 5, 3, 3, 1, 1, 2, 1, 3, 5, 1, 4, 1, 3, 44, 4, 2, 1, 42, 43, 2, 1, 2, 43, 5, 3, 3, 
257: 3, 44, 44, 0, 0, 0, 0, 0, 5, 40, 5, 0, 3, 5, 5, 0, 0, 0, 0, 0, 4, 0, 3, 0, 0, 1, 0, 44, 40, 4, 5, 0, 2, 3, 5, 0, 0, 0, 4, 0, 40, 0, 0, 4, 2, 2, 5, 0, 0, 2, 2, 0, 3, 1, 0, 0, 4, 0, 0, 0, 40, 4, 0, 3, 3, 5, 2, 2, 42, 4, 3, 2, 0, 1, 5, 0, 0, 0, 0, 0, 2, 4, 42, 5, 4, 3, 2, 2, 3, 42, 0, 2, 4, 0, 0, 4, 0, 0, 0, 2, 0, 0, 5, 3, 0, 1, 2, 0, 2, 5, 1, 0, 0, 0, 0, 0, 4, 2, 0, 0, : 3, 44, 44, 5, 40, 5, 3, 5, 5, 4, 3, 1, 44, 40, 4, 5, 2, 3, 5, 4, 40, 4, 2, 2, 5, 2, 2, 3, 1, 4, 40, 4, 3, 3, 5, 2, 2, 42, 4, 3, 2, 1, 5, 2, 4, 42, 5, 4, 3, 2, 2, 3, 42, 2, 4, 4, 2, 5, 3, 1, 2, 2, 5, 1, 4, 2, 
475: 0, 44, 0, 41, 3, 2, 0, 3, 0, 0, 0, 0, 0, 0, 0, 4, 3, 0, 1, 3, 42, 0, 3, 0, 0, 2, 0, 0, 0, 0, 0, 0, 0, 5, 0, 0, 0, 2, 1, 4, 0, 2, 4, 0, 0, 4, 4, 0, 1, 0, 1, 0, 0, 4, 1, 0, 0, 4, 0, 0, 2, 4, 4, 0, 1, 0, 0, 0, 0, 0, 0, 0, 0, 3, 0, 0, 0, 3, 0, 0, 0, 5, 4, 4, 5, 5, 44, 4, 5, 0, 0, 3, 44, 0, 4, 3, 3, 0, 1, 4, 0, 5, 3, 0, 0, 3, 0, 42, 0, 1, 0, 5, 0, 3, 3, 5, 4, 0, 3, 5, : 44, 41, 3, 2, 3, 4, 3, 1, 3, 42, 3, 2, 5, 2, 1, 4, 2, 4, 4, 4, 1, 1, 4, 1, 4, 2, 4, 4, 1, 3, 3, 5, 4, 4, 5, 5, 44, 4, 5, 3, 44, 4, 3, 3, 1, 4, 5, 3, 3, 42, 1, 5, 3, 3, 5, 4, 3, 5, 
211: 0, 0, 41, 0, 0, 0, 0, 2, 0, 0, 2, 3, 0, 5, 0, 0, 5, 3, 41, 0, 0, 0, 0, 0, 4, 5, 0, 1, 5, 2, 0, 0, 4, 4, 0, 4, 0, 0, 0, 5, 0, 0, 0, 0, 2, 0, 0, 2, 0, 0, 4, 2, 2, 0, 3, 5, 0, 0, 0, 2, 0, 0, 40, 0, 5, 1, 0, 0, 0, 4, 1, 0, 0, 0, 3, 1, 5, 5, 0, 2, 0, 0, 0, 3, 41, 0, 1, 0, 4, 0, 1, 40, 0, 41, 42, 4, 2, 0, 0, 4, 0, 2, 0, 2, 0, 5, 0, 0, 0, 2, 41, 0, 44, 3, 5, 0, 0, 1, 3, 3, : 41, 2, 2, 3, 5, 5, 3, 41, 4, 5, 1, 5, 2, 4, 4, 4, 5, 2, 2, 4, 2, 2, 3, 5, 2, 40, 5, 1, 4, 1, 3, 1, 5, 5, 2, 3, 41, 1, 4, 1, 40, 41, 42, 4, 2, 4, 2, 2, 5, 2, 41, 44, 3, 5, 1, 3, 3, 
494: 0, 5, 4, 0, 0, 1, 1, 3, 0, 0, 4, 5, 3, 5, 1, 0, 0, 1, 0, 4, 0, 5, 44, 4, 1, 0, 0, 0, 0, 0, 43, 1, 2, 1, 4, 1, 1, 2, 0, 0, 1, 5, 0, 0, 3, 3, 0, 1, 0, 0, 3, 43, 0, 0, 40, 1, 0, 1, 2, 0, 5, 0, 40, 4, 0, 0, 0, 4, 0, 0, 0, 0, 0, 3, 44, 4, 3, 1, 1, 1, 1, 0, 43, 5, 1, 2, 5, 1, 2, 41, 0, 3, 0, 0, 0, 0, 0, 0, 3, 1, 0, 42, 3, 0, 4, 3, 0, 0, 0, 0, 0, 0, 0, 5, 0, 5, 0, 4, 5, 0, : 5, 4, 1, 1, 3, 4, 5, 3, 5, 1, 1, 4, 5, 44, 4, 1, 43, 1, 2, 1, 4, 1, 1, 2, 1, 5, 3, 3, 1, 3, 43, 40, 1, 1, 2, 5, 40, 4, 4, 3, 44, 4, 3, 1, 1, 1, 1, 43, 5, 1, 2, 5, 1, 2, 41, 3, 3, 1, 42, 3, 4, 3, 5, 5, 4, 5, 
271: 2, 0, 44, 3, 4, 0, 3, 43, 0, 42, 0, 4, 1, 5, 0, 3, 0, 3, 0, 0, 0, 0, 5, 0, 0, 3, 0, 0, 1, 4, 0, 1, 5, 1, 4, 0, 0, 4, 5, 0, 0, 0, 0, 0, 2, 0, 0, 0, 0, 1, 4, 0, 4, 1, 2, 2, 0, 1, 0, 0, 43, 0, 0, 42, 0, 4, 5, 2, 3, 0, 3, 0, 0, 4, 42, 0, 5, 3, 2, 4, 0, 2, 2, 3, 0, 0, 4, 0, 4, 5, 0, 0, 0, 0, 41, 5, 0, 0, 4, 4, 2, 2, 2, 4, 3, 41, 0, 0, 0, 40, 0, 5, 0, 0, 0, 0, 0, 4, 0, 0, : 2, 44, 3, 4, 3, 43, 42, 4, 1, 5, 3, 3, 5, 3, 1, 4, 1, 5, 1, 4, 4, 5, 2, 1, 4, 4, 1, 2, 2, 1, 43, 42, 4, 5, 2, 3, 3, 4, 42, 5, 3, 2, 4, 2, 2, 3, 4, 4, 5, 41, 5, 4, 4, 2, 2, 2, 4, 3, 41, 40, 5, 4, 
565: 0, 0, 0, 0, 4, 5, 0, 2, 0, 3, 40, 3, 2, 3, 1, 0, 1, 2, 1, 4, 0, 0, 0, 40, 0, 0, 5, 42, 2, 0, 0, 4, 0, 3, 0, 0, 0, 0, 5, 4, 0, 0, 0, 0, 1, 4, 4, 0, 40, 0, 5, 3, 5, 4, 0, 3, 3, 0, 0, 0, 0, 0, 0, 0, 0, 1, 3, 0, 0, 4, 0, 4, 0, 5, 0, 1, 0, 1, 0, 1, 1, 0, 0, 0, 5, 5, 5, 0, 5, 0, 0, 41, 0, 0, 3, 0, 3, 0, 0, 4, 0, 3, 0, 0, 5, 0, 0, 2, 2, 0, 0, 0, 0, 0, 0, 0, 1, 0, 0, 0, : 4, 5, 2, 3, 40, 3, 2, 3, 1, 1, 2, 1, 4, 40, 5, 42, 2, 4, 3, 5, 4, 1, 4, 4, 40, 5, 3, 5, 4, 3, 3, 1, 3, 4, 4, 5, 1, 1, 1, 1, 5, 5, 5, 5, 41, 3, 3, 4, 3, 5, 2, 2, 1, 
528: 2, 1, 4, 3, 3, 3, 0, 0, 4, 0, 0, 0, 2, 2, 0, 0, 0, 0, 0, 0, 0, 1, 4, 44, 3, 42, 0, 0, 0, 3, 0, 0, 0, 2, 0, 0, 0, 5, 0, 43, 0, 4, 0, 0, 3, 0, 5, 0, 4, 0, 4, 0, 0, 0, 0, 2, 5, 4, 0, 2, 0, 0, 0, 1, 0, 43, 4, 5, 2, 0, 0, 2, 5, 0, 0, 0, 0, 3, 0, 0, 0, 0, 1, 0, 0, 5, 5, 3, 0, 0, 1, 1, 0, 0, 2, 0, 0, 4, 0, 1, 2, 0, 0, 0, 0, 3, 0, 4, 1, 0, 0, 0, 1, 0, 41, 4, 2, 0, 0, 0, : 2, 1, 4, 3, 3, 3, 4, 2, 2, 1, 4, 44, 3, 42, 3, 2, 5, 43, 4, 3, 5, 4, 4, 2, 5, 4, 2, 1, 43, 4, 5, 2, 2, 5, 3, 1, 5, 5, 3, 1, 1, 2, 4, 1, 2, 3, 4, 1, 1, 41, 4, 2, 
243: 5, 0, 0, 5, 2, 0, 3, 0, 0, 0, 0, 2, 1, 4, 44, 43, 0, 3, 43, 0, 0, 3, 1, 3, 2, 1, 42, 1, 5, 0, 1, 40, 0, 0, 0, 1, 0, 0, 0, 0, 0, 0, 0, 1, 1, 3, 2, 4, 0, 0, 2, 0, 1, 0, 0, 2, 1, 0, 0, 1, 0, 0, 0, 0, 0, 0, 3, 0, 0, 4, 0, 0, 4, 1, 42, 44, 0, 4, 1, 0, 0, 5, 0, 0, 40, 0, 0, 0, 1, 5, 0, 1, 41, 0, 4, 0, 0, 0, 5, 5, 1, 5, 1, 2, 0, 2, 4, 4, 2, 0, 0, 2, 0, 5, 4, 0, 42, 4, 44, 4, : 5, 5, 2, 3, 2, 1, 4, 44, 43, 3, 43, 3, 1, 3, 2, 1, 42, 1, 5, 1, 40, 1, 1, 1, 3, 2, 4, 2, 1, 2, 1, 1, 3, 4, 4, 1, 42, 44, 4, 1, 5, 40, 1, 5, 1, 41, 4, 5, 5, 1, 5, 1, 2, 2, 4, 4, 2, 2, 5, 4, 42, 4, 44, 4, 
497: 2, 3, 5, 0, 0, 41, 41, 0, 0, 0, 0, 0, 0, 1, 1, 1, 5, 0, 5, 0, 1, 0, 0, 0, 5, 3, 0, 0, 1, 44, 2, 0, 4, 3, 1, 2, 0, 4, 2, 0, 0, 0, 0, 0, 4, 0, 5, 0, 0, 4, 0, 4, 2, 0, 1, 0, 0, 42, 0, 0, 0, 3, 0, 3, 2, 42, 4, 3, 5, 4, 0, 0, 1, 0, 1, 2, 3, 0, 0, 40, 0, 0, 0, 0, 0, 0, 40, 3, 5, 5, 0, 5, 0, 0, 44, 0, 2, 1, 0, 4, 0, 5, 0, 4, 4, 0, 1, 4, 0, 0, 1, 3, 3, 1, 5, 0, 0, 0, 0, 1, : 2, 3, 5, 41, 41, 1, 1, 1, 5, 5, 1, 5, 3, 1, 44, 2, 4, 3, 1, 2, 4, 2, 4, 5, 4, 4, 2, 1, 42, 3, 3, 2, 42, 4, 3, 5, 4, 1, 1, 2, 3, 40, 40, 3, 5, 5, 5, 44, 2, 1, 4, 5, 4, 4, 1, 4, 1, 3, 3, 1, 5, 1, 
390: 0, 0, 40, 0, 3, 4, 0, 1, 3, 5, 4, 0, 0, 3, 0, 5, 42, 0, 0, 44, 0, 0, 4, 4, 4, 2, 0, 0, 0, 0, 2, 0, 0, 4, 0, 3, 2, 2, 0, 0, 3, 0, 42, 42, 0, 2, 2, 0, 0, 44, 0, 0, 4, 0, 0, 0, 40, 0, 4, 0, 0, 40, 5, 0, 2, 0, 0, 0, 5, 0, 3, 0, 0, 42, 2, 0, 4, 4, 0, 0, 0, 3, 1, 41, 2, 1, 0, 0, 0, 4, 3, 0, 3, 0, 0, 0, 40, 2, 0, 0, 0, 2, 0, 0, 1, 3, 2, 5, 4, 0, 0, 0, 4, 0, 0, 0, 42, 5, 1, 0, : 40, 3, 4, 1, 3, 5, 4, 3, 5, 42, 44, 4, 4, 4, 2, 2, 4, 3, 2, 2, 3, 42, 42, 2, 2, 44, 4, 40, 4, 40, 5, 2, 5, 3, 42, 2, 4, 4, 3, 1, 41, 2, 1, 4, 3, 3, 40, 2, 2, 1, 3, 2, 5, 4, 4, 42, 5, 1, 
547: 5, 44, 0, 0, 1, 4, 4, 0, 0, 0, 1, 1, 0, 3, 0, 0, 0, 0, 4, 42, 0, 0, 0, 1, 2, 5, 5, 1, 0, 0, 0, 42, 2, 4, 3, 5, 0, 4, 0, 0, 3, 0, 0, 5, 5, 5, 0, 0, 3, 42, 3, 0, 0, 0, 0, 0, 2, 3, 0, 3, 0, 5, 41, 0, 0, 0, 1, 5, 0, 43, 42, 41, 4, 0, 1, 3, 0, 3, 0, 3, 0, 0, 0, 0, 0, 0, 0, 0, 0, 4, 1, 2, 0, 3, 0, 41, 0, 0, 0, 3, 5, 1, 0, 0, 4, 0, 1, 0, 0, 1, 3, 1, 3, 0, 0, 40, 42, 0, 0, 4, : 5, 44, 1, 4, 4, 1, 1, 3, 4, 42, 1, 2, 5, 5, 1, 42, 2, 4, 3, 5, 4, 3, 5, 5, 5, 3, 42, 3, 2, 3, 3, 5, 41, 1, 5, 43, 42, 41, 4, 1, 3, 3, 3, 4, 1, 2, 3, 41, 3, 5, 1, 4, 1, 1, 3, 1, 3, 40, 42, 4, 
471: 0, 0, 5, 0, 0, 0, 4, 0, 2, 1, 4, 5, 0, 5, 0, 0, 0, 1, 0, 0, 2, 0, 1, 41, 1, 5, 2, 44, 1, 5, 3, 0, 1, 0, 0, 0, 5, 1, 0, 0, 5, 0, 0, 0, 1, 0, 5, 0, 5, 0, 0, 2, 3, 42, 0, 2, 4, 42, 1, 0, 0, 0, 2, 3, 3, 2, 0, 3, 0, 0, 0, 1, 0, 0, 2, 0, 0, 0, 3, 3, 0, 3, 0, 4, 0, 0, 0, 0, 5, 41, 0, 5, 0, 0, 0, 0, 5, 4, 0, 0, 3, 0, 5, 1, 4, 2, 0, 2, 5, 0, 1, 5, 0, 1, 0, 0, 41, 0, 1, 43, : 5, 4, 2, 1, 4, 5, 5, 1, 2, 1, 41, 1, 5, 2, 44, 1, 5, 3, 1, 5, 1, 5, 1, 5, 5, 2, 3, 42, 2, 4, 42, 1, 2, 3, 3, 2, 3, 1, 2, 3, 3, 3, 4, 5, 41, 5, 5, 4, 3, 5, 1, 4, 2, 2, 5, 1, 5, 1, 41, 1, 43, 
476: 0, 0, 0, 0, 43, 1, 40, 0, 42, 0, 0, 0, 4, 4, 1, 3, 0, 3, 0, 0, 0, 2, 1, 0, 3, 3, 0, 4, 0, 0, 0, 0, 5, 0, 0, 3, 0, 0, 4, 0, 41, 44, 2, 4, 0, 4, 5, 0, 5, 0, 3, 0, 0, 42, 40, 4, 0, 3, 0, 0, 0, 0, 0, 1, 0, 4, 42, 0, 3, 0, 2, 0, 3, 40, 4, 41, 1, 0, 4, 0, 1, 2, 0, 0, 0, 0, 0, 4, 44, 2, 0, 0, 1, 0, 1, 0, 0, 44, 0, 0, 3, 0, 0, 1, 1, 2, 0, 0, 0, 0, 0, 0, 42, 0, 0, 3, 0, 0, 3, 2, : 43, 1, 40, 42, 4, 4, 1, 3, 3, 2, 1, 3, 3, 4, 5, 3, 4, 41, 44, 2, 4, 4, 5, 5, 3, 42, 40, 4, 3, 1, 4, 42, 3, 2, 3, 40, 4, 41, 1, 4, 1, 2, 4, 44, 2, 1, 1, 44, 3, 1, 1, 2, 42, 3, 3, 2, 
357: 0, 0, 42, 5, 4, 3, 0, 0, 5, 0, 2, 0, 0, 2, 43, 0, 0, 3, 1, 4, 5, 0, 0, 0, 3, 40, 3, 44, 2, 3, 43, 0, 5, 0, 0, 1, 1, 4, 0, 5, 0, 1, 0, 4, 1, 43, 1, 2, 2, 0, 4, 43, 2, 5, 0, 43, 4, 0, 0, 2, 0, 5, 0, 41, 0, 3, 0, 0, 2, 5, 3, 5, 0, 41, 0, 1, 1, 42, 1, 44, 1, 5, 43, 5, 1, 0, 5, 0, 1, 2, 0, 0, 0, 0, 0, 0, 1, 0, 5, 0, 5, 0, 3, 0, 1, 4, 0, 3, 0, 4, 0, 2, 0, 4, 0, 3, 0, 5, 2, 1, : 42, 5, 4, 3, 5, 2, 2, 43, 3, 1, 4, 5, 3, 40, 3, 44, 2, 3, 43, 5, 1, 1, 4, 5, 1, 4, 1, 43, 1, 2, 2, 4, 43, 2, 5, 43, 4, 2, 5, 41, 3, 2, 5, 3, 5, 41, 1, 1, 42, 1, 44, 1, 5, 43, 5, 1, 5, 1, 2, 1, 5, 5, 3, 1, 4, 3, 4, 2, 4, 3, 5, 2, 1, 
141: 0, 0, 4, 0, 0, 0, 0, 0, 0, 0, 0, 0, 5, 4, 2, 0, 0, 2, 0, 0, 4, 2, 3, 0, 3, 0, 0, 2, 0, 5, 2, 1, 1, 0, 42, 5, 0, 3, 0, 1, 5, 0, 42, 0, 4, 3, 1, 5, 0, 0, 0, 0, 0, 0, 0, 5, 3, 0, 0, 4, 0, 0, 0, 0, 5, 3, 4, 41, 0, 3, 0, 5, 0, 0, 0, 1, 5, 3, 0, 0, 1, 0, 0, 0, 0, 0, 5, 0, 2, 4, 0, 0, 0, 0, 5, 3, 0, 2, 0, 0, 0, 0, 0, 0, 3, 4, 0, 4, 0, 0, 0, 0, 4, 0, 0, 0, 3, 0, 0, 0, : 4, 5, 4, 2, 2, 4, 2, 3, 3, 2, 5, 2, 1, 1, 42, 5, 3, 1, 5, 42, 4, 3, 1, 5, 5, 3, 4, 5, 3, 4, 41, 3, 5, 1, 5, 3, 1, 5, 2, 4, 5, 3, 2, 3, 4, 4, 4, 3, 
87: 4, 2, 0, 0, 2, 2, 0, 0, 0, 0, 0, 0, 43, 0, 3, 40, 0, 0, 0, 0, 0, 5, 42, 5, 4, 4, 42, 0, 2, 0, 4, 0, 0, 0, 0, 0, 5, 0, 0, 0, 0, 5, 0, 0, 2, 2, 44, 0, 43, 0, 0, 1, 5, 0, 2, 0, 3, 0, 0, 0, 43, 3, 4, 40, 5, 5, 0, 0, 2, 0, 0, 0, 0, 0, 44, 3, 0, 0, 4, 0, 3, 0, 5, 0, 2, 0, 3, 3, 0, 5, 4, 3, 2, 0, 1, 5, 3, 1, 0, 1, 0, 0, 0, 0, 5, 1, 44, 0, 0, 1, 0, 0, 1, 0, 0, 0, 1, 0, 1, 5, : 4, 2, 2, 2, 43, 3, 40, 5, 42, 5, 4, 4, 42, 2, 4, 5, 5, 2, 2, 44, 43, 1, 5, 2, 3, 43, 3, 4, 40, 5, 5, 2, 44, 3, 4, 3, 5, 2, 3, 3, 5, 4, 3, 2, 1, 5, 3, 1, 1, 5, 1, 44, 1, 1, 1, 1, 5, 
4: 2, 0, 0, 0, 2, 0, 4, 0, 0, 0, 4, 0, 3, 4, 44, 44, 0, 0, 0, 4, 0, 0, 5, 0, 0, 0, 0, 3, 0, 0, 0, 2, 3, 4, 0, 3, 44, 3, 0, 5, 4, 0, 0, 40, 4, 40, 5, 1, 2, 0, 0, 40, 4, 0, 3, 0, 2, 0, 3, 4, 0, 0, 0, 0, 2, 0, 5, 40, 0, 0, 41, 0, 0, 4, 0, 44, 0, 4, 0, 1, 0, 5, 0, 0, 0, 1, 1, 0, 1, 0, 42, 4, 5, 1, 2, 5, 3, 0, 0, 1, 3, 2, 0, 0, 40, 42, 3, 0, 0, 2, 0, 0, 0, 3, 4, 3, 0, 0, 0, 2, : 2, 2, 4, 4, 3, 4, 44, 44, 4, 5, 3, 2, 3, 4, 3, 44, 3, 5, 4, 40, 4, 40, 5, 1, 2, 40, 4, 3, 2, 3, 4, 2, 5, 40, 41, 4, 44, 4, 1, 5, 1, 1, 1, 42, 4, 5, 1, 2, 5, 3, 1, 3, 2, 40, 42, 3, 2, 3, 4, 3, 2, 
253: 0, 2, 0, 4, 0, 5, 0, 0, 4, 41, 0, 0, 0, 1, 3, 2, 44, 1, 0, 0, 0, 5, 0, 0, 2, 4, 0, 3, 2, 4, 2, 4, 0, 5, 0, 0, 0, 3, 5, 0, 0, 0, 43, 0, 1, 2, 1, 1, 5, 0, 0, 0, 43, 0, 3, 0, 2, 0, 0, 3, 2, 0, 4, 4, 2, 1, 0, 0, 4, 2, 2, 2, 0, 0, 4, 43, 4, 44, 0, 2, 4, 1, 0, 0, 0, 0, 3, 5, 2, 3, 1, 4, 3, 0, 0, 0, 2, 41, 4, 0, 0, 0, 0, 4, 5, 0, 5, 3, 0, 0, 0, 0, 0, 41, 5, 0, 44, 0, 0, 1, : 2, 4, 5, 4, 41, 1, 3, 2, 44, 1, 5, 2, 4, 3, 2, 4, 2, 4, 5, 3, 5, 43, 1, 2, 1, 1, 5, 43, 3, 2, 3, 2, 4, 4, 2, 1, 4, 2, 2, 2, 4, 43, 4, 44, 2, 4, 1, 3, 5, 2, 3, 1, 4, 3, 2, 41, 4, 4, 5, 5, 3, 41, 5, 44, 1, 
555: 3, 0, 0, 41, 0, 0, 1, 0, 44, 1, 2, 2, 0, 3, 0, 0, 1, 2, 41, 0, 0, 0, 4, 0, 0, 0, 0, 0, 43, 0, 0, 1, 0, 0, 0, 3, 2, 3, 0, 0, 0, 0, 4, 40, 4, 0, 2, 2, 0, 0, 0, 0, 40, 0, 0, 2, 0, 0, 43, 0, 0, 0, 0, 0, 4, 4, 0, 4, 0, 0, 1, 5, 0, 5, 3, 1, 40, 5, 5, 0, 5, 0, 0, 41, 1, 0, 0, 0, 0, 0, 44, 0, 2, 5, 1, 0, 0, 0, 0, 0, 1, 0, 0, 0, 0, 1, 0, 2, 0, 3, 1, 1, 2, 42, 0, 3, 0, 0, 3, 2, : 3, 41, 1, 44, 1, 2, 2, 3, 1, 2, 41, 4, 43, 1, 3, 2, 3, 4, 40, 4, 2, 2, 40, 2, 43, 4, 4, 4, 1, 5, 5, 3, 1, 40, 5, 5, 5, 41, 1, 44, 2, 5, 1, 1, 1, 2, 3, 1, 1, 2, 42, 3, 3, 2, 
107: 0, 0, 0, 4, 5, 3, 0, 5, 3, 0, 0, 41, 4, 4, 5, 0, 0, 1, 0, 0, 4, 0, 2, 0, 4, 0, 4, 5, 0, 4, 0, 0, 4, 0, 3, 41, 0, 0, 0, 5, 0, 1, 0, 0, 0, 3, 2, 5, 5, 4, 2, 0, 0, 0, 4, 4, 4, 41, 0, 0, 3, 42, 5, 0, 0, 0, 0, 0, 2, 0, 1, 0, 42, 0, 0, 0, 5, 0, 3, 2, 0, 0, 0, 0, 4, 0, 0, 0, 3, 1, 0, 3, 2, 5, 0, 4, 0, 4, 2, 0, 0, 0, 2, 3, 5, 3, 0, 1, 1, 1, 0, 0, 0, 2, 0, 5, 5, 3, 0, 0, : 4, 5, 3, 5, 3, 41, 4, 4, 5, 1, 4, 2, 4, 4, 5, 4, 4, 3, 41, 5, 1, 3, 2, 5, 5, 4, 2, 4, 4, 4, 41, 3, 42, 5, 2, 1, 42, 5, 3, 2, 4, 3, 1, 3, 2, 5, 4, 4, 2, 2, 3, 5, 3, 1, 1, 1, 2, 5, 5, 3, 
459: 0, 1, 0, 4, 42, 0, 43, 0, 0, 1, 0, 0, 0, 1, 4, 3, 0, 0, 0, 0, 4, 0, 0, 0, 0, 0, 0, 4, 0, 0, 0, 0, 0, 0, 0, 43, 0, 43, 0, 0, 3, 1, 0, 2, 5, 0, 3, 0, 3, 0, 3, 3, 0, 0, 0, 2, 3, 0, 0, 0, 2, 5, 0, 0, 0, 42, 0, 4, 1, 3, 0, 0, 0, 0, 0, 2, 42, 1, 3, 0, 4, 0, 5, 0, 2, 0, 3, 43, 4, 5, 0, 5, 3, 0, 2, 5, 0, 0, 2, 0, 1, 0, 1, 0, 3, 4, 0, 0, 0, 5, 1, 1, 0, 1, 3, 5, 0, 0, 2, 2, : 1, 4, 42, 43, 1, 1, 4, 3, 4, 4, 43, 43, 3, 1, 2, 5, 3, 3, 3, 3, 2, 3, 2, 5, 42, 4, 1, 3, 2, 42, 1, 3, 4, 5, 2, 3, 43, 4, 5, 5, 3, 2, 5, 2, 1, 1, 3, 4, 5, 1, 1, 1, 3, 5, 2, 2, 
234: 0, 0, 4, 0, 0, 5, 0, 5, 0, 0, 0, 0, 1, 1, 0, 0, 5, 0, 1, 0, 0, 0, 5, 0, 3, 4, 5, 0, 4, 0, 0, 0, 0, 2, 3, 1, 0, 1, 5, 5, 2, 0, 4, 2, 4, 0, 0, 4, 3, 44, 0, 5, 2, 0, 42, 0, 5, 0, 0, 44, 0, 0, 4, 0, 0, 4, 1, 5, 0, 0, 0, 0, 4, 0, 0, 1, 0, 0, 2, 0, 0, 3, 43, 0, 0, 0, 5, 0, 0, 5, 0, 0, 4, 0, 4, 1, 4, 0, 1, 0, 0, 5, 4, 1, 0, 0, 0, 2, 2, 5, 0, 40, 3, 0, 0, 0, 0, 42, 3, 2, : 4, 5, 5, 1, 1, 5, 1, 5, 3, 4, 5, 4, 2, 3, 1, 1, 5, 5, 2, 4, 2, 4, 4, 3, 44, 5, 2, 42, 5, 44, 4, 4, 1, 5, 4, 1, 2, 3, 43, 5, 5, 4, 4, 1, 4, 1, 5, 4, 1, 2, 2, 5, 40, 3, 42, 3, 2, 
518: 0, 0, 0, 0, 0, 1, 1, 5, 0, 0, 0, 0, 0, 1, 0, 0, 2, 0, 0, 0, 3, 0, 0, 0, 0, 2, 5, 0, 0, 0, 0, 0, 0, 0, 2, 2, 0, 1, 0, 2, 0, 2, 5, 0, 1, 5, 1, 41, 0, 0, 2, 0, 0, 0, 5, 0, 0, 0, 0, 5, 43, 0, 0, 0, 4, 0, 0, 3, 0, 0, 0, 0, 1, 1, 3, 5, 1, 5, 5, 0, 0, 0, 0, 0, 0, 0, 0, 1, 1, 1, 1, 0, 0, 0, 1, 0, 0, 0, 0, 0, 3, 40, 1, 44, 5, 0, 0, 0, 4, 40, 3, 4, 0, 1, 5, 1, 1, 0, 0, 5, : 1, 1, 5, 1, 2, 3, 2, 5, 2, 2, 1, 2, 2, 5, 1, 5, 1, 41, 2, 5, 5, 43, 4, 3, 1, 1, 3, 5, 1, 5, 5, 1, 1, 1, 1, 1, 3, 40, 1, 44, 5, 4, 40, 3, 4, 1, 5, 1, 1, 5, 
473: 4, 0, 0, 3, 1, 4, 3, 1, 4, 0, 3, 0, 5, 1, 0, 2, 0, 3, 0, 4, 0, 0, 5, 0, 0, 0, 0, 0, 4, 0, 0, 2, 1, 41, 4, 2, 0, 0, 2, 1, 0, 0, 3, 0, 1, 0, 3, 0, 0, 5, 0, 3, 0, 0, 1, 1, 5, 0, 0, 0, 1, 0, 0, 1, 1, 0, 3, 0, 3, 1, 0, 2, 1, 0, 3, 0, 40, 3, 1, 0, 0, 5, 0, 0, 4, 4, 0, 0, 5, 2, 0, 0, 4, 2, 3, 5, 1, 0, 43, 40, 0, 0, 0, 0, 1, 0, 0, 41, 1, 3, 0, 5, 0, 0, 40, 0, 0, 3, 4, 3, : 4, 3, 1, 4, 3, 1, 4, 3, 5, 1, 2, 3, 4, 5, 4, 2, 1, 41, 4, 2, 2, 1, 3, 1, 3, 5, 3, 1, 1, 5, 1, 1, 1, 3, 3, 1, 2, 1, 3, 40, 3, 1, 5, 4, 4, 5, 2, 4, 2, 3, 5, 1, 43, 40, 1, 41, 1, 3, 5, 40, 3, 4, 3, 
544: 0, 0, 0, 0, 0, 0, 2, 0, 1, 0, 0, 0, 0, 3, 0, 0, 0, 0, 4, 0, 0, 0, 2, 0, 1, 0, 0, 0, 1, 40, 0, 0, 3, 2, 0, 0, 0, 3, 0, 0, 3, 5, 0, 0, 0, 0, 0, 0, 0, 0, 0, 0, 0, 1, 0, 0, 3, 40, 0, 0, 4, 0, 0, 0, 0, 3, 0, 3, 3, 0, 0, 0, 0, 1, 2, 0, 42, 0, 0, 4, 0, 0, 0, 1, 0, 0, 4, 0, 2, 0, 0, 2, 0, 0, 2, 0, 0, 0, 0, 0, 0, 0, 3, 3, 5, 3, 0, 1, 0, 5, 0, 5, 44, 3, 4, 0, 0, 0, 0, 3, : 2, 1, 3, 4, 2, 1, 1, 40, 3, 2, 3, 3, 5, 1, 3, 40, 4, 3, 3, 3, 1, 2, 42, 4, 1, 4, 2, 2, 2, 3, 3, 5, 3, 1, 5, 5, 44, 3, 4, 3, 
577: 0, 3, 0, 2, 0, 3, 0, 0, 0, 41, 5, 3, 0, 4, 0, 0, 2, 1, 0, 0, 4, 0, 3, 43, 0, 5, 1, 0, 42, 41, 0, 4, 0, 0, 0, 0, 0, 5, 4, 0, 0, 0, 0, 0, 1, 0, 0, 0, 1, 0, 0, 0, 0, 3, 0, 0, 0, 3, 0, 2, 3, 0, 0, 0, 0, 0, 0, 1, 0, 0, 2, 1, 0, 0, 0, 0, 2, 4, 5, 0, 0, 0, 3, 0, 1, 5, 42, 4, 1, 1, 1, 5, 1, 0, 4, 0, 0, 3, 0, 5, 0, 2, 40, 0, 2, 4, 1, 0, 0, 0, 5, 0, 0, 2, 0, 4, 0, 0, 2, 0, : 3, 2, 3, 41, 5, 3, 4, 2, 1, 4, 3, 43, 5, 1, 42, 41, 4, 5, 4, 1, 1, 3, 3, 2, 3, 1, 2, 1, 2, 4, 5, 3, 1, 5, 42, 4, 1, 1, 1, 5, 1, 4, 3, 5, 2, 40, 2, 4, 1, 5, 2, 4, 2, 
441: 0, 0, 0, 5, 2, 3, 0, 0, 0, 2, 3, 3, 5, 1, 5, 1, 2, 2, 0, 5, 5, 0, 5, 0, 0, 3, 5, 0, 1, 2, 0, 1, 2, 3, 3, 5, 0, 5, 5, 1, 1, 0, 1, 0, 0, 5, 1, 0, 3, 3, 0, 0, 4, 4, 3, 2, 3, 3, 0, 0, 0, 0, 44, 0, 0, 0, 2, 4, 0, 0, 4, 3, 5, 1, 4, 0, 2, 0, 3, 2, 3, 0, 0, 0, 1, 0, 0, 1, 0, 1, 1, 3, 0, 0, 0, 0, 4, 44, 0, 0, 0, 5, 0, 5, 0, 4, 0, 0, 2, 4, 0, 0, 4, 0, 0, 0, 5, 3, 0, 0, : 5, 2, 3, 2, 3, 3, 5, 1, 5, 1, 2, 2, 5, 5, 5, 3, 5, 1, 2, 1, 2, 3, 3, 5, 5, 5, 1, 1, 1, 5, 1, 3, 3, 4, 4, 3, 2, 3, 3, 44, 2, 4, 4, 3, 5, 1, 4, 2, 3, 2, 3, 1, 1, 1, 1, 3, 4, 44, 5, 5, 4, 2, 4, 4, 5, 3, 
7: 5, 0, 0, 0, 2, 0, 1, 0, 0, 0, 0, 0, 3, 3, 0, 0, 4, 5, 2, 0, 1, 0, 0, 0, 4, 0, 3, 5, 0, 3, 0, 0, 0, 2, 0, 0, 0, 3, 0, 1, 3, 0, 0, 1, 5, 0, 4, 2, 2, 0, 0, 0, 0, 41, 44, 1, 5, 0, 4, 0, 42, 0, 0, 0, 0, 4, 0, 0, 0, 2, 0, 0, 0, 0, 1, 0, 4, 5, 43, 0, 0, 0, 0, 1, 0, 0, 2, 0, 0, 4, 5, 0, 5, 0, 4, 0, 5, 0, 0, 0, 0, 0, 2, 2, 0, 1, 3, 4, 5, 0, 0, 2, 4, 0, 2, 0, 1, 0, 0, 5, : 5, 2, 1, 3, 3, 4, 5, 2, 1, 4, 3, 5, 3, 2, 3, 1, 3, 1, 5, 4, 2, 2, 41, 44, 1, 5, 4, 42, 4, 2, 1, 4, 5, 43, 1, 2, 4, 5, 5, 4, 5, 2, 2, 1, 3, 4, 5, 2, 4, 2, 1, 5, 
119: 44, 0, 0, 4, 0, 3, 0, 0, 0, 4, 3, 0, 0, 4, 0, 0, 0, 4, 0, 0, 0, 0, 3, 0, 4, 1, 0, 0, 0, 0, 0, 5, 0, 3, 0, 3, 0, 2, 1, 0, 0, 0, 0, 2, 1, 0, 0, 1, 0, 0, 0, 0, 0, 0, 3, 0, 0, 1, 3, 0, 1, 0, 5, 5, 5, 0, 0, 0, 0, 2, 4, 43, 2, 4, 3, 5, 0, 0, 0, 1, 0, 4, 5, 0, 0, 0, 0, 0, 1, 0, 4, 4, 0, 0, 4, 0, 5, 44, 0, 0, 2, 4, 1, 0, 3, 1, 0, 41, 5, 0, 0, 4, 0, 2, 0, 2, 5, 3, 0, 42, : 44, 4, 3, 4, 3, 4, 4, 3, 4, 1, 5, 3, 3, 2, 1, 2, 1, 1, 3, 1, 3, 1, 5, 5, 5, 2, 4, 43, 2, 4, 3, 5, 1, 4, 5, 1, 4, 4, 4, 5, 44, 2, 4, 1, 3, 1, 41, 5, 4, 2, 2, 5, 3, 42, 
238: 2, 1, 4, 3, 4, 0, 2, 4, 0, 3, 0, 0, 5, 5, 3, 0, 0, 0, 2, 3, 0, 0, 2, 0, 5, 4, 0, 5, 1, 5, 2, 0, 5, 0, 3, 0, 0, 2, 3, 0, 0, 0, 0, 0, 0, 4, 1, 44, 40, 1, 0, 0, 0, 0, 5, 2, 0, 2, 2, 4, 0, 0, 5, 2, 5, 0, 0, 5, 0, 0, 0, 0, 3, 0, 4, 0, 0, 4, 1, 2, 0, 0, 4, 3, 0, 0, 1, 1, 4, 0, 0, 0, 1, 5, 0, 0, 0, 0, 2, 3, 5, 2, 0, 0, 0, 2, 5, 0, 4, 5, 5, 41, 1, 5, 0, 1, 0, 43, 5, 1, : 2, 1, 4, 3, 4, 2, 4, 3, 5, 5, 3, 2, 3, 2, 5, 4, 5, 1, 5, 2, 5, 3, 2, 3, 4, 1, 44, 40, 1, 5, 2, 2, 2, 4, 5, 2, 5, 5, 3, 4, 4, 1, 2, 4, 3, 1, 1, 4, 1, 5, 2, 3, 5, 2, 2, 5, 4, 5, 5, 41, 1, 5, 1, 43, 5, 1, 
204: 0, 0, 2, 0, 3, 40, 4, 3, 0, 5, 1, 0, 3, 1, 0, 0, 1, 4, 0, 4, 5, 4, 0, 0, 3, 0, 44, 3, 0, 0, 3, 0, 0, 5, 0, 1, 0, 0, 5, 0, 2, 1, 0, 0, 44, 3, 0, 0, 0, 40, 0, 0, 5, 0, 0, 4, 0, 2, 5, 0, 5, 0, 42, 3, 0, 0, 0, 0, 0, 1, 0, 2, 0, 5, 0, 0, 0, 4, 0, 2, 5, 0, 0, 0, 0, 0, 2, 0, 0, 5, 5, 0, 4, 0, 0, 4, 4, 4, 0, 3, 3, 0, 0, 0, 1, 4, 0, 0, 0, 0, 0, 0, 0, 5, 0, 4, 1, 0, 0, 3, : 2, 3, 40, 4, 3, 5, 1, 3, 1, 1, 4, 4, 5, 4, 3, 44, 3, 3, 5, 1, 5, 2, 1, 44, 3, 40, 5, 4, 2, 5, 5, 42, 3, 1, 2, 5, 4, 2, 5, 2, 5, 5, 4, 4, 4, 4, 3, 3, 1, 4, 5, 4, 1, 3, 
537: 0, 42, 43, 3, 0, 0, 0, 0, 0, 0, 0, 0, 0, 5, 0, 1, 0, 0, 4, 5, 4, 0, 4, 44, 4, 5, 0, 0, 2, 2, 1, 44, 0, 0, 0, 1, 0, 1, 0, 41, 3, 0, 0, 0, 0, 0, 4, 2, 0, 0, 2, 3, 0, 0, 0, 4, 0, 0, 0, 0, 5, 0, 0, 0, 2, 0, 4, 3, 0, 0, 5, 2, 4, 5, 5, 41, 1, 0, 0, 0, 0, 0, 3, 0, 0, 0, 4, 4, 0, 1, 1, 0, 5, 0, 0, 1, 2, 1, 0, 5, 5, 0, 0, 0, 5, 2, 0, 1, 0, 2, 0, 0, 5, 0, 0, 0, 0, 0, 0, 0, : 42, 43, 3, 5, 1, 4, 5, 4, 4, 44, 4, 5, 2, 2, 1, 44, 1, 1, 41, 3, 4, 2, 2, 3, 4, 5, 2, 4, 3, 5, 2, 4, 5, 5, 41, 1, 3, 4, 4, 1, 1, 5, 1, 2, 1, 5, 5, 5, 2, 1, 2, 5, 
559: 5, 0, 1, 0, 0, 0, 4, 2, 44, 0, 3, 3, 0, 5, 0, 2, 0, 0, 5, 0, 0, 0, 0, 0, 5, 4, 1, 0, 1, 0, 3, 1, 2, 1, 0, 4, 0, 1, 0, 0, 3, 3, 4, 2, 0, 4, 3, 0, 0, 2, 0, 44, 0, 0, 0, 0, 3, 2, 0, 0, 1, 0, 0, 0, 1, 0, 5, 5, 0, 1, 2, 0, 1, 0, 3, 0, 0, 3, 0, 1, 0, 0, 3, 4, 5, 1, 0, 1, 0, 1, 1, 1, 0, 43, 1, 4, 2, 0, 3, 0, 4, 0, 42, 0, 1, 3, 0, 0, 4, 0, 0, 4, 0, 4, 0, 0, 3, 0, 4, 4, : 5, 1, 4, 2, 44, 3, 3, 5, 2, 5, 5, 4, 1, 1, 3, 1, 2, 1, 4, 1, 3, 3, 4, 2, 4, 3, 2, 44, 3, 2, 1, 1, 5, 5, 1, 2, 1, 3, 3, 1, 3, 4, 5, 1, 1, 1, 1, 1, 43, 1, 4, 2, 3, 4, 42, 1, 3, 4, 4, 4, 3, 4, 4, 
281: 3, 0, 0, 0, 0, 0, 3, 0, 40, 0, 0, 0, 1, 5, 1, 5, 0, 5, 0, 0, 0, 0, 0, 0, 3, 0, 3, 44, 0, 0, 0, 0, 0, 3, 0, 4, 0, 4, 0, 0, 0, 0, 5, 1, 1, 0, 0, 5, 4, 0, 3, 2, 0, 0, 0, 3, 5, 1, 5, 0, 0, 0, 0, 0, 1, 0, 3, 0, 1, 0, 3, 44, 0, 2, 0, 0, 0, 42, 1, 5, 3, 1, 0, 0, 0, 0, 5, 0, 0, 5, 5, 5, 5, 0, 0, 3, 0, 0, 5, 1, 0, 41, 1, 0, 4, 0, 0, 2, 1, 0, 0, 0, 3, 0, 3, 5, 0, 1, 0, 0, : 3, 3, 40, 1, 5, 1, 5, 5, 3, 3, 44, 3, 4, 4, 5, 1, 1, 5, 4, 3, 2, 3, 5, 1, 5, 1, 3, 1, 3, 44, 2, 42, 1, 5, 3, 1, 5, 5, 5, 5, 5, 3, 5, 1, 41, 1, 4, 2, 1, 3, 3, 5, 1, 
267: 3, 0, 0, 5, 0, 42, 2, 4, 4, 0, 0, 5, 4, 2, 3, 0, 1, 43, 2, 0, 0, 3, 4, 0, 3, 2, 1, 0, 0, 0, 0, 2, 0, 2, 0, 0, 3, 0, 5, 0, 0, 0, 3, 4, 3, 4, 1, 0, 0, 1, 0, 4, 0, 43, 0, 4, 0, 1, 0, 0, 3, 0, 0, 0, 3, 2, 0, 0, 0, 3, 0, 0, 4, 43, 2, 0, 0, 0, 0, 3, 4, 44, 0, 0, 0, 0, 0, 3, 5, 0, 0, 0, 0, 0, 0, 0, 2, 2, 0, 1, 4, 0, 0, 0, 5, 3, 0, 0, 4, 5, 0, 42, 1, 3, 2, 0, 0, 0, 0, 0, : 3, 5, 42, 2, 4, 4, 5, 4, 2, 3, 1, 43, 2, 3, 4, 3, 2, 1, 2, 2, 3, 5, 3, 4, 3, 4, 1, 1, 4, 43, 4, 1, 3, 3, 2, 3, 4, 43, 2, 3, 4, 44, 3, 5, 2, 2, 1, 4, 5, 3, 4, 5, 42, 1, 3, 2, 
35: 0, 3, 0, 1, 0, 1, 0, 0, 0, 0, 4, 0, 0, 1, 43, 0, 1, 0, 0, 0, 5, 5, 3, 0, 2, 1, 4, 0, 5, 5, 0, 0, 1, 0, 0, 0, 1, 2, 0, 5, 0, 0, 0, 0, 1, 2, 0, 0, 0, 4, 5, 4, 0, 1, 2, 4, 0, 0, 2, 0, 0, 5, 1, 0, 4, 1, 3, 3, 5, 0, 0, 5, 0, 3, 4, 3, 0, 5, 1, 5, 4, 0, 3, 5, 1, 5, 1, 0, 0, 2, 0, 1, 5, 5, 2, 0, 5, 5, 5, 0, 4, 2, 4, 0, 3, 3, 2, 3, 0, 41, 2, 0, 0, 0, 0, 3, 2, 2, 0, 0, : 3, 1, 1, 4, 1, 43, 1, 5, 5, 3, 2, 1, 4, 5, 5, 1, 1, 2, 5, 1, 2, 4, 5, 4, 1, 2, 4, 2, 5, 1, 4, 1, 3, 3, 5, 5, 3, 4, 3, 5, 1, 5, 4, 3, 5, 1, 5, 1, 2, 1, 5, 5, 2, 5, 5, 5, 4, 2, 4, 3, 3, 2, 3, 41, 2, 3, 2, 2, 
24: 0, 0, 0, 0, 0, 0, 1, 2, 1, 0, 0, 41, 0, 2, 0, 0, 0, 1, 5, 0, 2, 0, 0, 5, 4, 3, 1, 0, 0, 1, 4, 4, 3, 4, 2, 0, 0, 4, 5, 2, 41, 0, 44, 0, 2, 3, 0, 0, 1, 0, 5, 1, 4, 2, 0, 4, 1, 2, 0, 0, 0, 0, 0, 4, 0, 2, 4, 2, 2, 0, 0, 44, 43, 0, 0, 0, 0, 0, 0, 0, 4, 0, 0, 3, 5, 0, 3, 42, 0, 1, 0, 0, 0, 4, 0, 3, 0, 5, 2, 3, 2, 0, 5, 0, 5, 2, 2, 2, 0, 3, 4, 0, 4, 5, 0, 1, 0, 0, 0, 0, : 1, 2, 1, 41, 2, 1, 5, 2, 5, 4, 3, 1, 1, 4, 4, 3, 4, 2, 4, 5, 2, 41, 44, 2, 3, 1, 5, 1, 4, 2, 4, 1, 2, 4, 2, 4, 2, 2, 44, 43, 4, 3, 5, 3, 42, 1, 4, 3, 5, 2, 3, 2, 5, 5, 2, 2, 2, 3, 4, 4, 5, 1, 
593: 0, 2, 0, 44, 0, 0, 0, 0, 4, 0, 41, 0, 0, 2, 0, 0, 0, 0, 0, 0, 1, 0, 3, 3, 0, 0, 44, 43, 3, 1, 4, 0, 0, 44, 3, 0, 0, 0, 1, 42, 0, 0, 0, 4, 44, 2, 0, 0, 5, 0, 0, 1, 0, 0, 0, 0, 0, 0, 0, 3, 5, 43, 3, 0, 2, 3, 44, 0, 0, 5, 0, 0, 1, 0, 0, 3, 0, 0, 1, 43, 44, 5, 0, 3, 0, 0, 5, 0, 3, 0, 5, 0, 40, 5, 0, 0, 4, 5, 0, 3, 3, 2, 1, 3, 3, 2, 0, 0, 42, 0, 3, 3, 5, 5, 0, 0, 0, 3, 4, 1, : 2, 44, 4, 41, 2, 1, 3, 3, 44, 43, 3, 1, 4, 44, 3, 1, 42, 4, 44, 2, 5, 1, 3, 5, 43, 3, 2, 3, 44, 5, 1, 3, 1, 43, 44, 5, 3, 5, 3, 5, 40, 5, 4, 5, 3, 3, 2, 1, 3, 3, 2, 42, 3, 3, 5, 5, 3, 4, 1, 
453: 40, 4, 0, 4, 5, 4, 3, 0, 41, 0, 0, 1, 0, 4, 1, 3, 2, 4, 0, 0, 0, 0, 3, 0, 0, 40, 0, 4, 1, 0, 1, 5, 0, 0, 3, 0, 0, 2, 0, 1, 4, 0, 3, 4, 1, 41, 4, 5, 4, 2, 1, 0, 0, 0, 5, 0, 0, 0, 0, 4, 0, 0, 4, 0, 0, 4, 2, 2, 1, 0, 0, 1, 4, 1, 0, 1, 4, 3, 5, 0, 0, 0, 43, 0, 2, 0, 3, 0, 1, 3, 0, 2, 1, 5, 1, 0, 5, 0, 1, 5, 2, 1, 0, 3, 2, 5, 2, 0, 5, 0, 0, 5, 5, 5, 4, 0, 0, 3, 0, 43, : 40, 4, 4, 5, 4, 3, 41, 1, 4, 1, 3, 2, 4, 3, 40, 4, 1, 1, 5, 3, 2, 1, 4, 3, 4, 1, 41, 4, 5, 4, 2, 1, 5, 4, 4, 4, 2, 2, 1, 1, 4, 1, 1, 4, 3, 5, 43, 2, 3, 1, 3, 2, 1, 5, 1, 5, 1, 5, 2, 1, 3, 2, 5, 2, 5, 5, 5, 5, 4, 3, 43, 
246: 0, 1, 0, 2, 0, 2, 0, 1, 0, 0, 0, 0, 0, 4, 0, 5, 0, 0, 2, 43, 0, 41, 5, 0, 0, 5, 0, 0, 0, 0, 0, 0, 1, 1, 0, 4, 0, 4, 2, 3, 44, 1, 0, 5, 4, 4, 2, 0, 4, 0, 3, 0, 1, 1, 0, 0, 0, 0, 0, 0, 0, 0, 0, 41, 5, 0, 0, 4, 2, 1, 0, 0, 2, 0, 0, 0, 1, 1, 0, 0, 2, 2, 2, 43, 0, 0, 4, 0, 4, 4, 0, 4, 5, 0, 1, 43, 3, 0, 2, 4, 0, 2, 0, 0, 4, 5, 0, 4, 2, 5, 0, 5, 0, 0, 44, 1, 1, 0, 4, 41, : 1, 2, 2, 1, 4, 5, 2, 43, 41, 5, 5, 1, 1, 4, 4, 2, 3, 44, 1, 5, 4, 4, 2, 4, 3, 1, 1, 41, 5, 4, 2, 1, 2, 1, 1, 2, 2, 2, 43, 4, 4, 4, 4, 5, 1, 43, 3, 2, 4, 2, 4, 5, 4, 2, 5, 5, 44, 1, 1, 4, 41, 
1: 0, 0, 0, 0, 0, 3, 0, 0, 2, 0, 0, 0, 1, 4, 0, 0, 1, 0, 0, 0, 0, 0, 3, 0, 3, 4, 0, 0, 0, 0, 3, 3, 1, 1, 5, 5, 43, 3, 0, 2, 2, 0, 0, 0, 1, 0, 2, 2, 2, 0, 4, 0, 1, 1, 0, 0, 5, 0, 4, 0, 2, 3, 0, 0, 3, 2, 0, 0, 5, 4, 0, 3, 0, 0, 0, 3, 0, 0, 2, 4, 0, 0, 1, 0, 0, 0, 4, 0, 0, 0, 0, 0, 2, 0, 2, 5, 5, 0, 0, 0, 0, 0, 43, 4, 5, 0, 0, 4, 0, 1, 3, 1, 0, 0, 0, 1, 3, 0, 0, 0, : 3, 2, 1, 4, 1, 3, 3, 4, 3, 3, 1, 1, 5, 5, 43, 3, 2, 2, 1, 2, 2, 2, 4, 1, 1, 5, 4, 2, 3, 3, 2, 5, 4, 3, 3, 2, 4, 1, 4, 2, 2, 5, 5, 43, 4, 5, 4, 1, 3, 1, 1, 3, 
413: 0, 0, 4, 3, 0, 0, 0, 0, 2, 0, 1, 1, 5, 3, 1, 0, 0, 0, 0, 0, 0, 0, 0, 0, 3, 1, 3, 0, 0, 3, 0, 0, 3, 0, 0, 0, 0, 0, 0, 3, 2, 1, 40, 2, 5, 4, 0, 1, 40, 0, 4, 0, 2, 0, 0, 0, 2, 0, 0, 2, 0, 0, 1, 0, 0, 5, 1, 0, 0, 41, 0, 0, 0, 0, 1, 0, 1, 5, 42, 3, 4, 3, 0, 0, 0, 0, 0, 0, 2, 1, 0, 0, 1, 4, 0, 3, 0, 0, 1, 1, 0, 0, 3, 0, 4, 0, 0, 5, 0, 0, 43, 3, 43, 1, 5, 1, 0, 0, 2, 0, : 4, 3, 2, 1, 1, 5, 3, 1, 3, 1, 3, 3, 3, 3, 2, 1, 40, 2, 5, 4, 1, 40, 4, 2, 2, 2, 1, 5, 1, 41, 1, 1, 5, 42, 3, 4, 3, 2, 1, 1, 4, 3, 1, 1, 3, 4, 5, 43, 3, 43, 1, 5, 1, 2, 
314: 0, 2, 0, 1, 0, 3, 0, 0, 4, 5, 5, 2, 0, 4, 0, 0, 0, 43, 0, 1, 0, 0, 2, 0, 4, 4, 0, 1, 0, 0, 0, 2, 4, 0, 1, 3, 0, 4, 42, 0, 1, 0, 0, 2, 0, 44, 2, 4, 1, 0, 1, 0, 0, 5, 0, 0, 0, 0, 1, 0, 0, 2, 1, 1, 5, 4, 0, 1, 0, 0, 2, 3, 40, 0, 2, 5, 2, 0, 3, 1, 2, 0, 0, 0, 4, 3, 5, 0, 5, 0, 1, 0, 5, 41, 2, 0, 2, 0, 0, 0, 5, 40, 0, 0, 2, 2, 4, 0, 2, 2, 1, 0, 41, 2, 0, 4, 2, 0, 0, 2, : 2, 1, 3, 4, 5, 5, 2, 4, 43, 1, 2, 4, 4, 1, 2, 4, 1, 3, 4, 42, 1, 2, 44, 2, 4, 1, 1, 5, 1, 2, 1, 1, 5, 4, 1, 2, 3, 40, 2, 5, 2, 3, 1, 2, 4, 3, 5, 5, 1, 5, 41, 2, 2, 5, 40, 2, 2, 4, 2, 2, 1, 41, 2, 4, 2, 2, 
484: 0, 0, 1, 0, 0, 0, 0, 0, 0, 0, 4, 41, 0, 1, 3, 0, 3, 0, 0, 0, 3, 0, 0, 0, 4, 0, 3, 1, 0, 0, 0, 0, 3, 0, 0, 0, 3, 3, 0, 5, 5, 0, 5, 42, 4, 0, 0, 0, 3, 0, 0, 0, 0, 1, 5, 42, 1, 0, 0, 1, 4, 0, 0, 3, 0, 0, 0, 3, 0, 40, 0, 0, 2, 5, 2, 0, 0, 0, 0, 2, 5, 41, 5, 0, 1, 0, 4, 1, 0, 3, 2, 1, 0, 0, 0, 0, 0, 0, 0, 0, 4, 1, 0, 0, 0, 0, 1, 3, 0, 0, 5, 3, 0, 0, 0, 43, 5, 0, 0, 0, : 1, 4, 41, 1, 3, 3, 3, 4, 3, 1, 3, 3, 3, 5, 5, 5, 42, 4, 3, 1, 5, 42, 1, 1, 4, 3, 3, 40, 2, 5, 2, 2, 5, 41, 5, 1, 4, 1, 3, 2, 1, 4, 1, 1, 3, 5, 3, 43, 5, 


486: 4, 1, 0, 5, 2, 0, 1, 0, 1, 0, 1, 0, 42, 0, 43, 0, 0, 0, 3, 0, 0, 2, 1, 0, 1, 0, 2, 2, 0, 1, 1, 0, 1, 0, 2, 0, 4, 43, 1, 0, 1, 0, 1, 0, 40, 3, 0, 0, 0, 0, 0, 5, 1, 0, 0, 5, 3, 2, 0, 5, 1, 42, 2, 5, 43, 5, 0, 5, 4, 0, 2, 1, 0, 42, 5, 5, 0, 1, 1, 1, 2, 5, 0, 0, 0, 3, 0, 0, 4, 0, 0, 2, 1, 0, 5, 0, 0, 0, 2, 3, 0, 0, 2, 2, 0, 1, 0, 1, 2, 0, 40, 41, 43, 4, 0, 4, 5, 0, 0, 0, : 4, 1, 5, 2, 1, 1, 1, 42, 43, 3, 2, 1, 1, 2, 2, 1, 1, 1, 2, 4, 43, 1, 1, 1, 40, 3, 5, 1, 5, 3, 2, 5, 1, 42, 2, 5, 43, 5, 5, 4, 2, 1, 42, 5, 5, 1, 1, 1, 2, 5, 3, 4, 2, 1, 5, 2, 3, 2, 2, 1, 1, 2, 40, 41, 43, 4, 4, 5, 
208: 1, 2, 0, 1, 0, 0, 0, 0, 5, 3, 42, 1, 0, 0, 0, 0, 0, 4, 5, 0, 0, 2, 0, 0, 0, 1, 43, 0, 0, 2, 42, 5, 0, 0, 4, 0, 0, 0, 2, 0, 0, 5, 0, 0, 4, 0, 0, 0, 0, 0, 0, 5, 5, 0, 3, 4, 1, 0, 0, 0, 0, 0, 1, 0, 43, 5, 0, 0, 0, 0, 0, 5, 1, 1, 0, 0, 3, 0, 43, 0, 1, 0, 3, 1, 0, 0, 5, 3, 0, 0, 0, 1, 4, 0, 1, 3, 5, 5, 0, 0, 0, 4, 1, 2, 0, 0, 0, 5, 0, 0, 0, 5, 1, 4, 0, 4, 0, 0, 5, 3, : 1, 2, 1, 5, 3, 42, 1, 4, 5, 2, 1, 43, 2, 42, 5, 4, 2, 5, 4, 5, 5, 3, 4, 1, 1, 43, 5, 5, 1, 1, 3, 43, 1, 3, 1, 5, 3, 1, 4, 1, 3, 5, 5, 4, 1, 2, 5, 5, 1, 4, 4, 5, 3, 
452: 0, 3, 3, 0, 3, 0, 4, 42, 0, 1, 0, 5, 0, 0, 0, 4, 0, 3, 0, 4, 0, 2, 1, 4, 3, 0, 2, 0, 0, 40, 1, 0, 0, 1, 0, 2, 41, 0, 0, 0, 0, 5, 2, 1, 0, 0, 0, 1, 5, 3, 0, 0, 40, 0, 0, 3, 0, 0, 2, 3, 0, 0, 4, 0, 4, 4, 0, 0, 0, 0, 0, 0, 2, 3, 44, 5, 5, 0, 4, 0, 0, 2, 5, 0, 0, 3, 0, 0, 5, 2, 0, 41, 0, 3, 2, 2, 40, 3, 0, 5, 0, 4, 4, 0, 2, 0, 2, 5, 0, 0, 40, 0, 43, 0, 0, 1, 0, 4, 44, 0, : 3, 3, 3, 4, 42, 1, 5, 4, 3, 4, 2, 1, 4, 3, 2, 40, 1, 1, 2, 41, 5, 2, 1, 1, 5, 3, 40, 3, 2, 3, 4, 4, 4, 2, 3, 44, 5, 5, 4, 2, 5, 3, 5, 2, 41, 3, 2, 2, 40, 3, 5, 4, 4, 2, 2, 5, 40, 43, 1, 4, 44, 
433: 0, 0, 0, 0, 3, 0, 1, 0, 0, 0, 0, 0, 3, 2, 2, 0, 41, 0, 3, 4, 4, 2, 0, 5, 0, 4, 0, 42, 4, 2, 3, 2, 0, 4, 0, 0, 0, 0, 0, 0, 3, 40, 3, 0, 0, 2, 2, 43, 2, 0, 4, 0, 0, 1, 0, 4, 40, 1, 1, 4, 0, 44, 43, 0, 5, 0, 0, 0, 0, 1, 1, 0, 3, 0, 0, 0, 0, 3, 0, 3, 0, 5, 0, 0, 0, 5, 3, 0, 0, 1, 0, 42, 3, 1, 4, 0, 1, 0, 1, 0, 40, 0, 3, 2, 4, 0, 0, 3, 0, 0, 42, 0, 1, 0, 5, 5, 0, 0, 0, 0, : 3, 1, 3, 2, 2, 41, 3, 4, 4, 2, 5, 4, 42, 4, 2, 3, 2, 4, 3, 40, 3, 2, 2, 43, 2, 4, 1, 4, 40, 1, 1, 4, 44, 43, 5, 1, 1, 3, 3, 3, 5, 5, 3, 1, 42, 3, 1, 4, 1, 1, 40, 3, 2, 4, 3, 42, 1, 5, 5, 
233: 1, 3, 3, 0, 3, 41, 4, 1, 0, 4, 0, 3, 0, 1, 0, 5, 0, 0, 0, 4, 43, 1, 0, 0, 0, 0, 5, 5, 4, 3, 0, 1, 3, 43, 0, 0, 0, 0, 2, 2, 1, 0, 0, 4, 5, 2, 0, 5, 4, 0, 0, 0, 42, 0, 0, 3, 0, 0, 0, 0, 0, 1, 0, 0, 2, 1, 4, 0, 0, 2, 0, 0, 0, 3, 0, 0, 5, 42, 0, 1, 1, 0, 44, 3, 0, 0, 2, 0, 5, 1, 0, 1, 0, 0, 0, 0, 0, 0, 4, 0, 1, 2, 5, 44, 2, 0, 5, 4, 0, 0, 0, 2, 43, 0, 5, 0, 0, 0, 0, 5, : 1, 3, 3, 3, 41, 4, 1, 4, 3, 1, 5, 4, 43, 1, 5, 5, 4, 3, 1, 3, 43, 2, 2, 1, 4, 5, 2, 5, 4, 42, 3, 1, 2, 1, 4, 2, 3, 5, 42, 1, 1, 44, 3, 2, 5, 1, 1, 4, 1, 2, 5, 44, 2, 5, 4, 2, 43, 5, 5, 
330: 0, 1, 0, 1, 41, 2, 0, 5, 0, 2, 0, 0, 0, 2, 0, 4, 43, 0, 0, 3, 0, 1, 4, 0, 1, 0, 1, 0, 4, 5, 0, 0, 1, 0, 2, 40, 0, 0, 4, 3, 4, 0, 4, 0, 4, 0, 1, 2, 0, 5, 4, 4, 3, 0, 0, 2, 0, 2, 0, 1, 0, 0, 2, 0, 5, 0, 0, 5, 2, 2, 41, 0, 4, 1, 1, 0, 0, 41, 3, 5, 5, 0, 0, 0, 0, 3, 4, 0, 2, 3, 5, 2, 0, 1, 1, 0, 0, 0, 1, 0, 0, 0, 2, 1, 1, 5, 0, 41, 1, 0, 0, 3, 0, 0, 0, 4, 0, 0, 0, 0, : 1, 1, 41, 2, 5, 2, 2, 4, 43, 3, 1, 4, 1, 1, 4, 5, 1, 2, 40, 4, 3, 4, 4, 4, 1, 2, 5, 4, 4, 3, 2, 2, 1, 2, 5, 5, 2, 2, 41, 4, 1, 1, 41, 3, 5, 5, 3, 4, 2, 3, 5, 2, 1, 1, 1, 2, 1, 1, 5, 41, 1, 3, 4, 
293: 3, 4, 2, 0, 4, 0, 0, 0, 1, 3, 1, 2, 1, 3, 5, 0, 0, 0, 0, 1, 0, 4, 0, 3, 0, 2, 0, 0, 42, 0, 0, 3, 0, 0, 1, 0, 42, 0, 0, 0, 0, 3, 40, 4, 0, 5, 3, 5, 0, 5, 0, 3, 2, 1, 0, 0, 0, 4, 3, 2, 3, 0, 2, 0, 0, 0, 0, 0, 0, 0, 4, 5, 0, 2, 5, 0, 3, 0, 0, 0, 1, 4, 2, 1, 0, 0, 0, 0, 43, 0, 0, 5, 5, 0, 1, 41, 1, 0, 3, 0, 0, 4, 3, 4, 1, 3, 0, 0, 0, 4, 0, 1, 43, 5, 0, 0, 0, 4, 0, 0, : 3, 4, 2, 4, 1, 3, 1, 2, 1, 3, 5, 1, 4, 3, 2, 42, 3, 1, 42, 3, 40, 4, 5, 3, 5, 5, 3, 2, 1, 4, 3, 2, 3, 2, 4, 5, 2, 5, 3, 1, 4, 2, 1, 43, 5, 5, 1, 41, 1, 3, 4, 3, 4, 1, 3, 4, 1, 43, 5, 4, 
158: 0, 4, 0, 0, 2, 2, 4, 0, 2, 5, 0, 40, 0, 4, 2, 4, 0, 5, 0, 0, 4, 0, 0, 5, 2, 0, 3, 0, 0, 1, 0, 5, 0, 3, 0, 0, 1, 0, 41, 5, 0, 0, 0, 42, 0, 41, 0, 5, 0, 0, 0, 0, 0, 5, 1, 5, 0, 4, 0, 3, 0, 43, 3, 0, 0, 0, 5, 3, 4, 43, 43, 0, 0, 5, 4, 5, 1, 4, 0, 1, 5, 0, 1, 2, 0, 5, 0, 0, 1, 0, 0, 4, 0, 0, 0, 1, 4, 2, 5, 4, 1, 3, 0, 0, 2, 0, 3, 0, 2, 40, 0, 1, 1, 1, 0, 4, 2, 0, 3, 0, : 4, 2, 2, 4, 2, 5, 40, 4, 2, 4, 5, 4, 5, 2, 3, 1, 5, 3, 1, 41, 5, 42, 41, 5, 5, 1, 5, 4, 3, 43, 3, 5, 3, 4, 43, 43, 5, 4, 5, 1, 4, 1, 5, 1, 2, 5, 1, 4, 1, 4, 2, 5, 4, 1, 3, 2, 3, 2, 40, 1, 1, 1, 4, 2, 3, 
193: 40, 5, 2, 4, 3, 5, 1, 4, 0, 40, 0, 2, 0, 2, 0, 3, 4, 0, 4, 0, 0, 0, 4, 1, 0, 0, 0, 0, 5, 3, 0, 2, 1, 0, 2, 0, 2, 0, 0, 0, 4, 0, 5, 43, 0, 4, 0, 1, 0, 0, 0, 0, 3, 2, 0, 3, 0, 0, 0, 0, 1, 0, 0, 0, 0, 0, 0, 0, 0, 3, 0, 5, 0, 0, 1, 0, 0, 0, 1, 2, 0, 1, 3, 0, 4, 5, 0, 41, 2, 0, 1, 1, 0, 0, 4, 0, 42, 0, 5, 1, 0, 44, 0, 3, 0, 0, 4, 3, 5, 4, 40, 3, 3, 0, 5, 5, 3, 0, 0, 0, : 40, 5, 2, 4, 3, 5, 1, 4, 40, 2, 2, 3, 4, 4, 4, 1, 5, 3, 2, 1, 2, 2, 4, 5, 43, 4, 1, 3, 2, 3, 1, 3, 5, 1, 1, 2, 1, 3, 4, 5, 41, 2, 1, 1, 4, 42, 5, 1, 44, 3, 4, 3, 5, 4, 40, 3, 3, 5, 5, 3, 
339: 0, 1, 0, 0, 2, 0, 1, 1, 4, 0, 0, 0, 0, 3, 0, 0, 2, 2, 2, 42, 4, 5, 1, 1, 0, 4, 0, 2, 0, 3, 5, 0, 2, 0, 0, 2, 0, 5, 0, 1, 0, 0, 1, 0, 4, 1, 0, 2, 5, 0, 0, 0, 3, 1, 0, 1, 0, 3, 5, 1, 0, 5, 0, 0, 2, 5, 4, 4, 0, 2, 0, 0, 0, 4, 4, 0, 0, 5, 3, 0, 1, 1, 0, 0, 0, 0, 5, 0, 4, 0, 4, 0, 0, 41, 0, 0, 2, 1, 4, 44, 0, 5, 2, 0, 0, 0, 2, 1, 0, 0, 0, 3, 2, 0, 0, 3, 0, 4, 0, 5, : 1, 2, 1, 1, 4, 3, 2, 2, 2, 42, 4, 5, 1, 1, 4, 2, 3, 5, 2, 2, 5, 1, 1, 4, 1, 2, 5, 3, 1, 1, 3, 5, 1, 5, 2, 5, 4, 4, 2, 4, 4, 5, 3, 1, 1, 5, 4, 4, 41, 2, 1, 4, 44, 5, 2, 2, 1, 3, 2, 3, 4, 5, 
186: 0, 4, 0, 5, 5, 0, 0, 5, 2, 1, 4, 0, 0, 41, 0, 5, 3, 0, 5, 0, 5, 0, 3, 0, 0, 5, 3, 0, 0, 0, 42, 0, 0, 4, 0, 3, 0, 5, 0, 0, 0, 0, 0, 1, 4, 4, 0, 2, 0, 0, 0, 1, 0, 0, 44, 4, 4, 1, 3, 0, 1, 5, 2, 0, 0, 5, 41, 0, 0, 0, 0, 1, 0, 0, 0, 0, 3, 1, 0, 2, 1, 1, 4, 1, 0, 0, 2, 0, 0, 0, 0, 0, 4, 1, 0, 2, 1, 5, 0, 0, 4, 0, 0, 0, 4, 3, 0, 0, 0, 1, 4, 1, 0, 0, 0, 2, 1, 0, 0, 40, : 4, 5, 5, 5, 2, 1, 4, 41, 5, 3, 5, 5, 3, 5, 3, 42, 4, 3, 5, 1, 4, 4, 2, 1, 44, 4, 4, 1, 3, 1, 5, 2, 5, 41, 1, 3, 1, 2, 1, 1, 4, 1, 2, 4, 1, 2, 1, 5, 4, 4, 3, 1, 4, 1, 2, 1, 40, 
396: 1, 5, 0, 3, 42, 2, 2, 1, 0, 4, 0, 0, 0, 4, 0, 0, 0, 0, 0, 0, 0, 1, 0, 0, 4, 0, 3, 0, 0, 4, 4, 3, 0, 2, 1, 0, 42, 0, 2, 0, 0, 0, 0, 0, 4, 0, 1, 3, 1, 0, 0, 2, 0, 2, 1, 0, 4, 2, 0, 3, 0, 0, 40, 2, 1, 5, 0, 2, 2, 5, 1, 0, 41, 3, 0, 0, 5, 0, 0, 0, 0, 5, 2, 0, 5, 0, 0, 0, 4, 1, 4, 0, 2, 0, 2, 0, 0, 0, 4, 0, 2, 2, 0, 0, 2, 0, 4, 0, 0, 0, 0, 3, 0, 2, 0, 4, 0, 0, 42, 4, : 1, 5, 3, 42, 2, 2, 1, 4, 4, 1, 4, 3, 4, 4, 3, 2, 1, 42, 2, 4, 1, 3, 1, 2, 2, 1, 4, 2, 3, 40, 2, 1, 5, 2, 2, 5, 1, 41, 3, 5, 5, 2, 5, 4, 1, 4, 2, 2, 4, 2, 2, 2, 4, 3, 2, 4, 42, 4, 
460: 0, 0, 0, 0, 0, 5, 42, 5, 0, 2, 0, 0, 44, 0, 0, 4, 5, 2, 0, 3, 4, 2, 3, 40, 4, 0, 0, 43, 1, 1, 0, 3, 3, 2, 2, 0, 2, 0, 5, 5, 0, 0, 0, 2, 2, 0, 0, 0, 2, 0, 0, 0, 0, 5, 3, 0, 0, 0, 0, 0, 1, 2, 0, 0, 0, 0, 3, 0, 0, 1, 2, 0, 0, 40, 0, 1, 0, 41, 0, 5, 3, 4, 0, 0, 0, 1, 0, 1, 4, 3, 4, 2, 0, 0, 42, 3, 5, 0, 4, 5, 5, 0, 5, 4, 3, 4, 1, 0, 0, 0, 3, 0, 0, 0, 2, 0, 1, 0, 2, 0, : 5, 42, 5, 2, 44, 4, 5, 2, 3, 4, 2, 3, 40, 4, 43, 1, 1, 3, 3, 2, 2, 2, 5, 5, 2, 2, 2, 5, 3, 1, 2, 3, 1, 2, 40, 1, 41, 5, 3, 4, 1, 1, 4, 3, 4, 2, 42, 3, 5, 4, 5, 5, 5, 4, 3, 4, 1, 3, 2, 1, 2, 
542: 2, 2, 4, 0, 2, 2, 5, 2, 1, 0, 0, 0, 0, 0, 40, 4, 2, 5, 3, 5, 0, 2, 4, 5, 2, 0, 1, 40, 0, 0, 0, 5, 1, 4, 4, 1, 0, 3, 0, 0, 0, 0, 4, 1, 0, 0, 0, 5, 4, 1, 4, 5, 0, 0, 0, 1, 1, 4, 1, 0, 44, 5, 0, 3, 0, 44, 0, 4, 0, 4, 1, 5, 0, 0, 0, 44, 0, 3, 2, 44, 1, 0, 0, 0, 1, 0, 0, 5, 41, 2, 0, 0, 3, 3, 1, 41, 1, 0, 43, 5, 2, 1, 1, 0, 1, 0, 1, 0, 2, 2, 5, 4, 2, 3, 0, 5, 0, 0, 0, 41, : 2, 2, 4, 2, 2, 5, 2, 1, 40, 4, 2, 5, 3, 5, 2, 4, 5, 2, 1, 40, 5, 1, 4, 4, 1, 3, 4, 1, 5, 4, 1, 4, 5, 1, 1, 4, 1, 44, 5, 3, 44, 4, 4, 1, 5, 44, 3, 2, 44, 1, 1, 5, 41, 2, 3, 3, 1, 41, 1, 43, 5, 2, 1, 1, 1, 1, 2, 2, 5, 4, 2, 3, 5, 41, 
586: 0, 5, 0, 1, 0, 3, 0, 0, 4, 0, 1, 0, 5, 0, 0, 0, 0, 0, 0, 5, 0, 44, 5, 1, 2, 0, 3, 0, 0, 1, 0, 3, 0, 0, 1, 4, 0, 0, 2, 0, 4, 5, 0, 4, 0, 0, 40, 0, 0, 3, 3, 0, 0, 0, 0, 0, 0, 0, 0, 1, 3, 4, 0, 0, 0, 0, 0, 0, 43, 2, 0, 5, 0, 1, 4, 0, 0, 0, 0, 3, 0, 0, 5, 0, 5, 2, 3, 0, 4, 0, 5, 0, 0, 0, 0, 1, 0, 2, 5, 3, 0, 0, 0, 1, 0, 0, 4, 0, 0, 3, 0, 0, 0, 5, 0, 4, 0, 0, 0, 0, : 5, 1, 3, 4, 1, 5, 5, 44, 5, 1, 2, 3, 1, 3, 1, 4, 2, 4, 5, 4, 40, 3, 3, 1, 3, 4, 43, 2, 5, 1, 4, 3, 5, 5, 2, 3, 4, 5, 1, 2, 5, 3, 1, 4, 3, 5, 4, 
407: 4, 44, 1, 2, 2, 2, 1, 0, 3, 0, 5, 0, 0, 0, 43, 0, 5, 3, 4, 0, 0, 0, 3, 2, 0, 0, 42, 0, 2, 4, 0, 0, 1, 0, 0, 0, 5, 0, 3, 0, 3, 2, 0, 0, 0, 0, 4, 0, 0, 0, 0, 0, 1, 0, 2, 5, 5, 3, 0, 0, 0, 2, 3, 4, 0, 1, 0, 0, 2, 3, 0, 0, 0, 1, 0, 0, 5, 0, 0, 1, 4, 0, 43, 1, 0, 0, 3, 1, 2, 5, 5, 2, 4, 5, 0, 3, 0, 0, 0, 0, 0, 42, 43, 0, 1, 5, 2, 1, 3, 2, 2, 2, 0, 2, 2, 1, 0, 0, 0, 3, : 4, 44, 1, 2, 2, 2, 1, 3, 5, 43, 5, 3, 4, 3, 2, 42, 2, 4, 1, 5, 3, 3, 2, 4, 1, 2, 5, 5, 3, 2, 3, 4, 1, 2, 3, 1, 5, 1, 4, 43, 1, 3, 1, 2, 5, 5, 2, 4, 5, 3, 42, 43, 1, 5, 2, 1, 3, 2, 2, 2, 2, 2, 1, 3, 
368: 0, 5, 3, 0, 3, 0, 0, 40, 0, 4, 1, 0, 3, 0, 0, 0, 5, 2, 0, 2, 5, 0, 0, 1, 0, 0, 4, 0, 0, 4, 0, 5, 5, 0, 0, 0, 0, 0, 0, 5, 0, 0, 5, 1, 0, 0, 0, 0, 0, 0, 0, 5, 4, 5, 4, 0, 0, 5, 4, 2, 0, 5, 3, 4, 0, 0, 5, 0, 0, 0, 0, 3, 0, 2, 1, 0, 2, 40, 5, 0, 1, 2, 0, 1, 0, 0, 3, 4, 1, 0, 0, 5, 0, 0, 0, 0, 4, 4, 42, 42, 4, 4, 0, 0, 41, 0, 0, 0, 5, 43, 0, 2, 2, 5, 1, 0, 0, 5, 0, 2, : 5, 3, 3, 40, 4, 1, 3, 5, 2, 2, 5, 1, 4, 4, 5, 5, 5, 5, 1, 5, 4, 5, 4, 5, 4, 2, 5, 3, 4, 5, 3, 2, 1, 2, 40, 5, 1, 2, 1, 3, 4, 1, 5, 4, 4, 42, 42, 4, 4, 41, 5, 43, 2, 2, 5, 1, 5, 2, 
254: 0, 5, 0, 5, 0, 0, 0, 0, 4, 5, 0, 1, 42, 44, 0, 1, 0, 0, 2, 44, 4, 0, 2, 0, 0, 0, 3, 42, 0, 0, 0, 1, 41, 4, 1, 0, 0, 0, 5, 0, 0, 0, 0, 2, 0, 3, 3, 5, 0, 2, 0, 2, 0, 0, 3, 1, 3, 4, 1, 4, 40, 4, 5, 1, 0, 0, 3, 5, 2, 3, 0, 4, 0, 0, 2, 1, 3, 0, 3, 0, 0, 5, 0, 1, 4, 0, 0, 4, 1, 3, 0, 5, 1, 5, 5, 1, 3, 0, 2, 1, 3, 1, 1, 0, 2, 0, 4, 0, 0, 0, 0, 0, 0, 0, 0, 3, 0, 44, 0, 0, : 5, 5, 4, 5, 1, 42, 44, 1, 2, 44, 4, 2, 3, 42, 1, 41, 4, 1, 5, 2, 3, 3, 5, 2, 2, 3, 1, 3, 4, 1, 4, 40, 4, 5, 1, 3, 5, 2, 3, 4, 2, 1, 3, 3, 5, 1, 4, 4, 1, 3, 5, 1, 5, 5, 1, 3, 2, 1, 3, 1, 1, 2, 4, 3, 44, 
100: 0, 2, 0, 0, 0, 0, 0, 0, 0, 1, 0, 0, 0, 1, 1, 4, 0, 4, 1, 0, 0, 2, 42, 5, 1, 5, 0, 1, 0, 1, 1, 0, 4, 2, 41, 0, 2, 0, 0, 5, 44, 0, 4, 0, 2, 0, 0, 0, 0, 0, 2, 44, 4, 2, 0, 4, 0, 43, 4, 3, 0, 0, 0, 1, 4, 0, 0, 5, 4, 0, 0, 2, 0, 0, 3, 0, 3, 1, 0, 4, 0, 0, 1, 0, 0, 5, 4, 0, 41, 0, 0, 4, 3, 0, 0, 5, 0, 0, 2, 0, 1, 43, 1, 44, 0, 3, 1, 43, 40, 0, 0, 0, 0, 5, 3, 0, 0, 0, 0, 0, : 2, 1, 1, 1, 4, 4, 1, 2, 42, 5, 1, 5, 1, 1, 1, 4, 2, 41, 2, 5, 44, 4, 2, 2, 44, 4, 2, 4, 43, 4, 3, 1, 4, 5, 4, 2, 3, 3, 1, 4, 1, 5, 4, 41, 4, 3, 5, 2, 1, 43, 1, 44, 3, 1, 43, 40, 5, 3, 
282: 0, 4, 0, 5, 2, 0, 0, 2, 0, 0, 1, 4, 0, 2, 4, 0, 0, 3, 0, 0, 3, 0, 44, 4, 3, 0, 4, 3, 2, 0, 0, 4, 0, 0, 5, 2, 0, 0, 2, 44, 5, 0, 0, 0, 3, 0, 0, 1, 4, 0, 2, 0, 2, 0, 0, 1, 42, 4, 0, 0, 2, 5, 0, 0, 0, 0, 0, 4, 0, 1, 0, 0, 2, 0, 5, 2, 3, 1, 0, 0, 4, 2, 0, 5, 0, 4, 0, 0, 0, 0, 0, 1, 1, 0, 0, 0, 5, 0, 2, 0, 1, 0, 4, 4, 42, 0, 3, 0, 3, 0, 5, 0, 4, 5, 0, 5, 3, 3, 0, 0, : 4, 5, 2, 2, 1, 4, 2, 4, 3, 3, 44, 4, 3, 4, 3, 2, 4, 5, 2, 2, 44, 5, 3, 1, 4, 2, 2, 1, 42, 4, 2, 5, 4, 1, 2, 5, 2, 3, 1, 4, 2, 5, 4, 1, 1, 5, 2, 1, 4, 4, 42, 3, 3, 5, 4, 5, 5, 3, 3, 
21: 0, 3, 4, 0, 2, 0, 2, 3, 0, 2, 0, 0, 3, 4, 0, 5, 1, 4, 0, 0, 2, 5, 1, 2, 4, 41, 2, 0, 4, 2, 0, 0, 3, 0, 0, 1, 0, 0, 1, 0, 2, 0, 0, 0, 1, 3, 0, 40, 0, 0, 2, 0, 0, 0, 40, 0, 0, 44, 2, 0, 0, 0, 4, 0, 0, 0, 0, 0, 4, 0, 0, 0, 1, 1, 0, 0, 5, 2, 42, 0, 0, 1, 0, 0, 0, 0, 0, 0, 0, 40, 0, 1, 0, 0, 5, 0, 0, 0, 3, 0, 0, 1, 3, 3, 0, 1, 0, 0, 1, 4, 5, 0, 0, 0, 0, 2, 0, 5, 0, 0, : 3, 4, 2, 2, 3, 2, 3, 4, 5, 1, 4, 2, 5, 1, 2, 4, 41, 2, 4, 2, 3, 1, 1, 2, 1, 3, 40, 2, 40, 44, 2, 4, 4, 1, 1, 5, 2, 42, 1, 40, 1, 5, 3, 1, 3, 3, 1, 1, 4, 5, 2, 5, 
408: 41, 0, 0, 4, 1, 3, 3, 1, 0, 5, 0, 0, 0, 2, 0, 3, 0, 42, 42, 0, 0, 2, 2, 0, 0, 0, 0, 0, 0, 0, 0, 40, 5, 0, 0, 0, 42, 0, 0, 4, 0, 0, 0, 42, 0, 0, 5, 0, 1, 3, 4, 0, 0, 4, 0, 0, 1, 44, 0, 3, 0, 0, 0, 0, 0, 4, 0, 0, 41, 5, 0, 2, 0, 2, 0, 0, 2, 2, 42, 5, 1, 2, 0, 5, 4, 5, 0, 4, 42, 44, 0, 4, 2, 0, 5, 3, 0, 0, 41, 4, 5, 0, 3, 1, 5, 0, 0, 0, 0, 0, 2, 0, 3, 0, 5, 1, 5, 43, 0, 0, : 41, 4, 1, 3, 3, 1, 5, 2, 3, 42, 42, 2, 2, 40, 5, 42, 4, 42, 5, 1, 3, 4, 4, 1, 44, 3, 4, 41, 5, 2, 2, 2, 2, 42, 5, 1, 2, 5, 4, 5, 4, 42, 44, 4, 2, 5, 3, 41, 4, 5, 3, 1, 5, 2, 3, 5, 1, 5, 43, 
392: 3, 40, 0, 0, 2, 0, 3, 0, 0, 3, 3, 1, 0, 1, 0, 0, 0, 0, 44, 0, 0, 0, 0, 0, 0, 0, 3, 0, 5, 0, 0, 2, 1, 0, 0, 0, 0, 0, 0, 0, 5, 5, 0, 3, 0, 4, 0, 0, 0, 0, 0, 1, 1, 0, 0, 3, 4, 5, 0, 0, 0, 3, 0, 43, 5, 0, 0, 0, 0, 0, 0, 41, 4, 0, 0, 0, 0, 0, 0, 1, 0, 4, 0, 5, 0, 44, 0, 40, 5, 0, 5, 0, 5, 0, 0, 3, 4, 0, 2, 0, 0, 0, 1, 0, 2, 4, 0, 2, 4, 0, 4, 5, 0, 4, 5, 3, 0, 1, 0, 0, : 3, 40, 2, 3, 3, 3, 1, 1, 44, 3, 5, 2, 1, 5, 5, 3, 4, 1, 1, 3, 4, 5, 3, 43, 5, 41, 4, 1, 4, 5, 44, 40, 5, 5, 5, 3, 4, 2, 1, 2, 4, 2, 4, 4, 5, 4, 5, 3, 1, 
135: 0, 2, 0, 0, 3, 0, 1, 40, 2, 0, 0, 0, 0, 2, 0, 0, 2, 0, 2, 40, 44, 4, 0, 0, 2, 0, 3, 41, 5, 1, 3, 44, 43, 1, 3, 2, 3, 0, 0, 3, 0, 0, 0, 0, 0, 2, 0, 3, 0, 0, 0, 0, 5, 0, 4, 1, 0, 3, 0, 2, 2, 0, 2, 0, 0, 0, 0, 0, 3, 0, 3, 0, 0, 5, 44, 0, 0, 4, 1, 3, 0, 2, 0, 4, 4, 1, 0, 0, 3, 0, 0, 1, 3, 2, 2, 5, 1, 0, 0, 4, 0, 0, 0, 0, 0, 2, 5, 0, 0, 1, 0, 0, 0, 0, 0, 44, 0, 2, 0, 2, : 2, 3, 1, 40, 2, 2, 2, 2, 40, 44, 4, 2, 3, 41, 5, 1, 3, 44, 43, 1, 3, 2, 3, 3, 2, 3, 5, 4, 1, 3, 2, 2, 2, 3, 3, 5, 44, 4, 1, 3, 2, 4, 4, 1, 3, 1, 3, 2, 2, 5, 1, 4, 2, 5, 1, 44, 2, 2, 
488: 4, 1, 2, 43, 3, 0, 0, 0, 2, 3, 41, 5, 0, 2, 4, 0, 0, 0, 0, 3, 3, 4, 5, 4, 0, 0, 5, 0, 5, 3, 0, 0, 0, 0, 0, 0, 0, 2, 41, 1, 0, 0, 0, 0, 0, 0, 0, 2, 2, 2, 0, 4, 5, 5, 5, 3, 2, 3, 0, 2, 0, 42, 0, 4, 5, 0, 44, 2, 4, 5, 5, 0, 2, 3, 5, 43, 3, 0, 3, 5, 1, 4, 0, 5, 0, 5, 4, 0, 0, 5, 1, 0, 2, 4, 3, 0, 0, 0, 0, 1, 1, 0, 1, 0, 2, 0, 0, 1, 0, 5, 0, 1, 0, 2, 0, 4, 1, 4, 0, 1, : 4, 1, 2, 43, 3, 2, 3, 41, 5, 2, 4, 3, 3, 4, 5, 4, 5, 5, 3, 2, 41, 1, 2, 2, 2, 4, 5, 5, 5, 3, 2, 3, 2, 42, 4, 5, 44, 2, 4, 5, 5, 2, 3, 5, 43, 3, 3, 5, 1, 4, 5, 5, 4, 5, 1, 2, 4, 3, 1, 1, 1, 2, 1, 5, 1, 2, 4, 1, 4, 1, 
62: 0, 2, 0, 3, 4, 0, 0, 0, 0, 1, 1, 0, 0, 1, 0, 3, 0, 0, 0, 0, 5, 0, 2, 4, 5, 0, 4, 0, 1, 1, 5, 0, 0, 0, 0, 40, 0, 0, 3, 3, 0, 40, 0, 2, 1, 3, 0, 1, 0, 0, 1, 42, 43, 0, 40, 0, 2, 0, 5, 0, 0, 0, 0, 43, 0, 0, 0, 0, 0, 3, 0, 0, 0, 4, 0, 0, 0, 0, 0, 4, 0, 5, 0, 0, 0, 0, 0, 0, 2, 0, 2, 0, 2, 0, 0, 4, 2, 3, 1, 4, 1, 2, 0, 4, 0, 3, 0, 40, 0, 0, 0, 5, 1, 41, 4, 0, 3, 0, 0, 0, : 2, 3, 4, 1, 1, 1, 3, 5, 2, 4, 5, 4, 1, 1, 5, 40, 3, 3, 40, 2, 1, 3, 1, 1, 42, 43, 40, 2, 5, 43, 3, 4, 4, 5, 2, 2, 2, 4, 2, 3, 1, 4, 1, 2, 4, 3, 40, 5, 1, 41, 4, 3, 
173: 42, 4, 4, 1, 0, 0, 0, 4, 1, 0, 5, 0, 0, 0, 5, 0, 0, 3, 3, 3, 0, 1, 0, 3, 0, 2, 5, 0, 5, 1, 0, 0, 0, 5, 42, 0, 2, 0, 1, 2, 0, 0, 0, 5, 43, 5, 4, 1, 43, 0, 0, 0, 5, 0, 5, 0, 2, 1, 2, 1, 0, 1, 0, 5, 0, 0, 0, 5, 0, 0, 0, 43, 5, 3, 0, 0, 4, 2, 0, 0, 2, 5, 4, 0, 0, 3, 5, 0, 0, 0, 0, 5, 0, 3, 0, 0, 43, 3, 0, 2, 0, 0, 0, 2, 0, 0, 0, 0, 0, 0, 0, 3, 0, 0, 0, 3, 0, 0, 5, 0, : 42, 4, 4, 1, 4, 1, 5, 5, 3, 3, 3, 1, 3, 2, 5, 5, 1, 5, 42, 2, 1, 2, 5, 43, 5, 4, 1, 43, 5, 5, 2, 1, 2, 1, 1, 5, 5, 43, 5, 3, 4, 2, 2, 5, 4, 3, 5, 5, 3, 43, 3, 2, 2, 3, 3, 5, 
122: 1, 0, 0, 1, 5, 0, 5, 5, 0, 43, 0, 0, 5, 1, 0, 1, 0, 2, 0, 0, 0, 0, 2, 4, 0, 0, 4, 4, 0, 3, 0, 0, 3, 4, 3, 1, 1, 2, 0, 0, 0, 0, 5, 3, 0, 2, 0, 0, 3, 1, 0, 0, 2, 0, 0, 3, 1, 1, 0, 0, 0, 1, 4, 0, 4, 0, 0, 0, 0, 1, 2, 0, 0, 0, 0, 0, 0, 2, 0, 3, 0, 5, 3, 1, 40, 3, 2, 2, 0, 3, 0, 2, 3, 0, 40, 0, 0, 0, 2, 2, 1, 0, 3, 4, 1, 5, 0, 5, 41, 0, 0, 0, 0, 4, 40, 3, 0, 0, 4, 0, : 1, 1, 5, 5, 5, 43, 5, 1, 1, 2, 2, 4, 4, 4, 3, 3, 4, 3, 1, 1, 2, 5, 3, 2, 3, 1, 2, 3, 1, 1, 1, 4, 4, 1, 2, 2, 3, 5, 3, 1, 40, 3, 2, 2, 3, 2, 3, 40, 2, 2, 1, 3, 4, 1, 5, 5, 41, 4, 40, 3, 4, 
295: 0, 2, 0, 1, 0, 0, 0, 42, 2, 5, 0, 0, 0, 0, 0, 0, 3, 2, 4, 5, 0, 0, 1, 4, 0, 0, 1, 4, 0, 1, 5, 3, 4, 2, 0, 1, 2, 0, 0, 0, 0, 0, 0, 0, 0, 1, 1, 3, 0, 1, 0, 41, 4, 0, 0, 41, 2, 0, 3, 4, 0, 1, 0, 5, 0, 0, 2, 3, 1, 0, 41, 1, 5, 5, 0, 44, 2, 0, 0, 0, 5, 5, 0, 3, 0, 0, 4, 0, 3, 43, 0, 0, 0, 0, 3, 0, 4, 4, 0, 1, 0, 0, 0, 0, 1, 0, 0, 5, 0, 0, 1, 0, 0, 5, 0, 0, 3, 42, 42, 0, : 2, 1, 42, 2, 5, 3, 2, 4, 5, 1, 4, 1, 4, 1, 5, 3, 4, 2, 1, 2, 1, 1, 3, 1, 41, 4, 41, 2, 3, 4, 1, 5, 2, 3, 1, 41, 1, 5, 5, 44, 2, 5, 5, 3, 4, 3, 43, 3, 4, 4, 1, 1, 5, 1, 5, 3, 42, 42, 
550: 0, 0, 0, 0, 5, 3, 0, 2, 0, 5, 0, 0, 0, 0, 3, 0, 5, 2, 5, 4, 0, 0, 0, 4, 0, 0, 0, 4, 0, 1, 0, 0, 2, 2, 0, 5, 0, 0, 0, 2, 5, 3, 0, 0, 43, 0, 4, 5, 0, 2, 0, 5, 0, 0, 0, 0, 4, 4, 40, 5, 2, 0, 0, 0, 0, 3, 0, 2, 1, 0, 1, 0, 0, 3, 5, 0, 1, 0, 2, 0, 3, 2, 0, 1, 0, 4, 2, 5, 5, 0, 0, 1, 0, 0, 5, 5, 3, 4, 1, 0, 0, 0, 4, 2, 4, 0, 0, 3, 0, 0, 0, 0, 44, 0, 42, 4, 2, 4, 5, 44, : 5, 3, 2, 5, 3, 5, 2, 5, 4, 4, 4, 1, 2, 2, 5, 2, 5, 3, 43, 4, 5, 2, 5, 4, 4, 40, 5, 2, 3, 2, 1, 1, 3, 5, 1, 2, 3, 2, 1, 4, 2, 5, 5, 1, 5, 5, 3, 4, 1, 4, 2, 4, 3, 44, 42, 4, 2, 4, 5, 44, 
556: 4, 2, 0, 5, 44, 5, 4, 0, 3, 0, 41, 0, 0, 1, 0, 0, 0, 0, 0, 0, 0, 1, 3, 0, 4, 0, 0, 5, 5, 4, 4, 3, 0, 0, 2, 0, 3, 1, 2, 5, 1, 0, 0, 0, 5, 0, 2, 0, 0, 1, 0, 0, 4, 5, 1, 0, 4, 0, 0, 5, 0, 0, 0, 0, 0, 0, 3, 2, 5, 1, 43, 0, 0, 40, 4, 3, 0, 1, 2, 3, 5, 0, 0, 0, 2, 0, 0, 0, 1, 0, 0, 0, 1, 1, 0, 2, 3, 0, 1, 0, 5, 1, 3, 3, 4, 1, 40, 2, 0, 4, 0, 4, 0, 0, 5, 3, 1, 2, 44, 5, : 4, 2, 5, 44, 5, 4, 3, 41, 1, 1, 3, 4, 5, 5, 4, 4, 3, 2, 3, 1, 2, 5, 1, 5, 2, 1, 4, 5, 1, 4, 5, 3, 2, 5, 1, 43, 40, 4, 3, 1, 2, 3, 5, 2, 1, 1, 1, 2, 3, 1, 5, 1, 3, 3, 4, 1, 40, 2, 4, 4, 5, 3, 1, 2, 44, 5, 
499: 3, 0, 0, 0, 4, 2, 0, 0, 0, 44, 2, 0, 0, 0, 0, 0, 3, 0, 5, 1, 0, 1, 0, 0, 0, 0, 5, 0, 0, 0, 0, 2, 0, 0, 0, 5, 4, 0, 0, 3, 0, 0, 0, 1, 0, 0, 4, 0, 1, 4, 0, 1, 0, 2, 4, 0, 3, 0, 5, 3, 0, 3, 5, 0, 0, 5, 2, 2, 0, 0, 0, 0, 0, 2, 0, 44, 0, 3, 1, 4, 40, 5, 4, 0, 42, 3, 5, 0, 1, 4, 3, 2, 0, 0, 40, 0, 3, 3, 0, 0, 0, 1, 1, 0, 2, 0, 0, 3, 1, 0, 0, 5, 0, 5, 0, 0, 0, 5, 0, 0, : 3, 4, 2, 44, 2, 3, 5, 1, 1, 5, 2, 5, 4, 3, 1, 4, 1, 4, 1, 2, 4, 3, 5, 3, 3, 5, 5, 2, 2, 2, 44, 3, 1, 4, 40, 5, 4, 42, 3, 5, 1, 4, 3, 2, 40, 3, 3, 1, 1, 2, 3, 1, 5, 5, 5, 
516: 0, 4, 0, 2, 0, 5, 0, 2, 1, 5, 2, 4, 0, 4, 0, 0, 2, 1, 0, 1, 0, 5, 4, 3, 1, 1, 1, 0, 0, 43, 0, 0, 40, 0, 0, 5, 41, 0, 0, 0, 4, 3, 0, 0, 5, 2, 0, 3, 0, 0, 3, 0, 3, 3, 0, 0, 1, 0, 4, 0, 5, 1, 5, 0, 5, 0, 0, 0, 0, 3, 0, 0, 2, 43, 0, 0, 0, 0, 5, 0, 44, 0, 3, 0, 5, 44, 4, 0, 0, 1, 0, 0, 0, 0, 0, 0, 0, 3, 5, 0, 4, 0, 0, 4, 3, 42, 5, 0, 0, 0, 0, 40, 2, 5, 41, 1, 3, 4, 0, 4, : 4, 2, 5, 2, 1, 5, 2, 4, 4, 2, 1, 1, 5, 4, 3, 1, 1, 1, 43, 40, 5, 41, 4, 3, 5, 2, 3, 3, 3, 3, 1, 4, 5, 1, 5, 5, 3, 2, 43, 5, 44, 3, 5, 44, 4, 1, 3, 5, 4, 4, 3, 42, 5, 40, 2, 5, 41, 1, 3, 4, 4, 
115: 0, 3, 0, 5, 0, 3, 43, 5, 5, 1, 3, 1, 0, 0, 0, 0, 0, 1, 4, 0, 0, 3, 0, 4, 4, 0, 4, 0, 3, 3, 5, 2, 0, 0, 1, 0, 1, 2, 0, 0, 4, 0, 1, 0, 3, 1, 0, 3, 4, 1, 4, 3, 1, 3, 0, 2, 0, 4, 0, 1, 0, 3, 0, 0, 44, 5, 2, 1, 0, 0, 0, 0, 0, 1, 1, 0, 0, 2, 3, 1, 0, 0, 0, 4, 2, 3, 0, 0, 3, 4, 0, 5, 0, 2, 0, 1, 0, 0, 0, 1, 0, 0, 4, 2, 3, 4, 5, 2, 43, 0, 1, 1, 0, 0, 4, 1, 4, 5, 42, 0, : 3, 5, 3, 43, 5, 5, 1, 3, 1, 1, 4, 3, 4, 4, 4, 3, 3, 5, 2, 1, 1, 2, 4, 1, 3, 1, 3, 4, 1, 4, 3, 1, 3, 2, 4, 1, 3, 44, 5, 2, 1, 1, 1, 2, 3, 1, 4, 2, 3, 3, 4, 5, 2, 1, 1, 4, 2, 3, 4, 5, 2, 43, 1, 1, 4, 1, 4, 5, 42, 
523: 0, 2, 0, 0, 3, 0, 41, 2, 3, 4, 0, 43, 0, 0, 0, 0, 0, 0, 2, 0, 0, 4, 3, 1, 5, 0, 0, 0, 0, 2, 0, 4, 5, 0, 2, 1, 0, 0, 1, 0, 0, 0, 0, 42, 5, 1, 0, 0, 1, 42, 5, 1, 2, 4, 0, 0, 41, 4, 3, 3, 1, 0, 1, 44, 2, 0, 0, 0, 2, 0, 0, 0, 0, 5, 0, 0, 5, 0, 3, 3, 5, 0, 0, 0, 0, 0, 0, 2, 1, 0, 0, 0, 2, 0, 0, 3, 1, 3, 0, 40, 0, 2, 1, 0, 3, 3, 0, 0, 1, 0, 5, 0, 0, 0, 0, 0, 0, 0, 0, 0, : 2, 3, 41, 2, 3, 4, 43, 2, 4, 3, 1, 5, 2, 4, 5, 2, 1, 1, 42, 5, 1, 1, 42, 5, 1, 2, 4, 41, 4, 3, 3, 1, 1, 44, 2, 2, 5, 5, 3, 3, 5, 2, 1, 2, 3, 1, 3, 40, 2, 1, 3, 3, 1, 5, 
491: 5, 1, 0, 3, 0, 0, 2, 0, 2, 5, 3, 0, 0, 0, 4, 0, 44, 0, 1, 0, 0, 3, 5, 0, 40, 0, 0, 2, 5, 0, 43, 3, 3, 0, 0, 3, 0, 3, 40, 3, 0, 0, 1, 0, 43, 0, 0, 0, 0, 0, 0, 1, 1, 3, 0, 5, 0, 0, 3, 2, 4, 5, 2, 2, 2, 0, 0, 0, 0, 0, 0, 2, 0, 0, 0, 4, 0, 5, 3, 4, 3, 1, 0, 0, 2, 2, 0, 1, 5, 0, 3, 1, 0, 44, 4, 40, 3, 0, 44, 0, 2, 0, 4, 2, 1, 0, 0, 2, 0, 0, 0, 0, 0, 5, 0, 4, 3, 5, 0, 44, : 5, 1, 3, 2, 2, 5, 3, 4, 44, 1, 3, 5, 40, 2, 5, 43, 3, 3, 3, 3, 40, 3, 1, 43, 1, 1, 3, 5, 3, 2, 4, 5, 2, 2, 2, 2, 4, 5, 3, 4, 3, 1, 2, 2, 1, 5, 3, 1, 44, 4, 40, 3, 44, 2, 4, 2, 1, 2, 5, 4, 3, 5, 44, 
524: 0, 3, 5, 3, 5, 0, 0, 0, 0, 0, 2, 0, 0, 1, 0, 2, 1, 5, 5, 0, 1, 3, 0, 0, 0, 0, 3, 1, 4, 2, 4, 4, 0, 4, 0, 0, 0, 44, 0, 0, 1, 4, 4, 2, 4, 0, 1, 2, 4, 0, 2, 0, 1, 0, 0, 5, 2, 0, 0, 2, 4, 42, 3, 2, 42, 3, 0, 3, 5, 5, 0, 0, 0, 3, 2, 0, 0, 1, 2, 1, 0, 0, 2, 5, 4, 0, 0, 41, 4, 0, 0, 2, 0, 3, 0, 1, 3, 0, 0, 4, 0, 1, 0, 4, 5, 4, 0, 40, 0, 3, 0, 0, 0, 3, 0, 3, 5, 0, 3, 2, : 3, 5, 3, 5, 2, 1, 2, 1, 5, 5, 1, 3, 3, 1, 4, 2, 4, 4, 4, 44, 1, 4, 4, 2, 4, 1, 2, 4, 2, 1, 5, 2, 2, 4, 42, 3, 2, 42, 3, 3, 5, 5, 3, 2, 1, 2, 1, 2, 5, 4, 41, 4, 2, 3, 1, 3, 4, 1, 4, 5, 4, 40, 3, 3, 3, 5, 3, 2, 
301: 2, 4, 0, 4, 5, 2, 4, 1, 0, 4, 0, 3, 0, 1, 3, 0, 0, 1, 0, 5, 5, 2, 0, 0, 0, 4, 0, 5, 0, 3, 0, 3, 0, 0, 1, 0, 0, 0, 0, 0, 0, 4, 43, 1, 0, 5, 5, 0, 1, 0, 3, 0, 0, 1, 0, 3, 2, 1, 2, 1, 3, 1, 5, 42, 0, 0, 0, 4, 0, 0, 0, 41, 0, 5, 4, 4, 0, 4, 1, 0, 0, 3, 0, 1, 0, 5, 0, 4, 5, 4, 0, 5, 43, 3, 0, 0, 2, 0, 0, 0, 2, 0, 1, 4, 0, 5, 0, 0, 1, 0, 0, 1, 0, 0, 0, 1, 44, 2, 4, 0, : 2, 4, 4, 5, 2, 4, 1, 4, 3, 1, 3, 1, 5, 5, 2, 4, 5, 3, 3, 1, 4, 43, 1, 5, 5, 1, 3, 1, 3, 2, 1, 2, 1, 3, 1, 5, 42, 4, 41, 5, 4, 4, 4, 1, 3, 1, 5, 4, 5, 4, 5, 43, 3, 2, 2, 1, 4, 5, 1, 1, 1, 44, 2, 4, 
38: 0, 4, 5, 0, 0, 3, 0, 2, 0, 4, 0, 4, 0, 0, 0, 0, 3, 4, 0, 0, 0, 4, 4, 0, 0, 4, 0, 0, 4, 1, 0, 0, 40, 1, 0, 5, 3, 5, 3, 0, 0, 0, 0, 4, 0, 0, 0, 4, 0, 40, 4, 1, 0, 0, 0, 5, 5, 4, 5, 1, 2, 4, 43, 40, 1, 0, 0, 0, 1, 0, 0, 0, 44, 3, 0, 0, 0, 2, 1, 1, 0, 4, 0, 0, 0, 0, 42, 2, 0, 0, 1, 43, 2, 0, 42, 2, 0, 4, 0, 0, 1, 0, 2, 0, 0, 4, 0, 0, 0, 0, 43, 1, 2, 41, 0, 0, 0, 1, 1, 0, : 4, 5, 3, 2, 4, 4, 3, 4, 4, 4, 4, 4, 1, 40, 1, 5, 3, 5, 3, 4, 4, 40, 4, 1, 5, 5, 4, 5, 1, 2, 4, 43, 40, 1, 1, 44, 3, 2, 1, 1, 4, 42, 2, 1, 43, 2, 42, 2, 4, 1, 2, 4, 43, 1, 2, 41, 1, 1, 
228: 0, 4, 4, 2, 4, 0, 0, 1, 0, 2, 0, 0, 0, 3, 0, 4, 0, 0, 1, 0, 3, 3, 0, 0, 0, 0, 0, 0, 0, 1, 44, 5, 3, 0, 0, 1, 3, 0, 0, 2, 0, 41, 5, 0, 0, 0, 0, 0, 0, 0, 42, 4, 4, 0, 1, 3, 0, 3, 0, 0, 0, 1, 0, 2, 0, 3, 0, 0, 0, 0, 0, 0, 1, 4, 3, 3, 0, 3, 5, 2, 0, 1, 0, 0, 3, 2, 0, 44, 5, 4, 43, 1, 0, 1, 0, 0, 1, 3, 0, 4, 5, 0, 0, 4, 2, 3, 0, 3, 0, 0, 0, 0, 2, 5, 44, 2, 0, 4, 0, 0, : 4, 4, 2, 4, 1, 2, 3, 4, 1, 3, 3, 1, 44, 5, 3, 1, 3, 2, 41, 5, 42, 4, 4, 1, 3, 3, 1, 2, 3, 1, 4, 3, 3, 3, 5, 2, 1, 3, 2, 44, 5, 4, 43, 1, 1, 1, 3, 4, 5, 4, 2, 3, 3, 2, 5, 44, 2, 4, 
352: 3, 0, 4, 1, 2, 4, 3, 5, 0, 0, 0, 0, 0, 3, 3, 0, 0, 0, 0, 42, 5, 4, 0, 2, 0, 0, 0, 5, 0, 0, 0, 0, 0, 0, 43, 4, 41, 1, 0, 1, 0, 0, 0, 3, 0, 0, 0, 4, 0, 0, 2, 1, 4, 2, 0, 0, 1, 0, 4, 2, 2, 0, 0, 44, 3, 2, 2, 1, 0, 3, 0, 2, 1, 5, 3, 3, 3, 0, 2, 0, 4, 5, 0, 0, 0, 5, 0, 0, 0, 0, 0, 2, 5, 0, 4, 2, 3, 0, 1, 3, 2, 5, 3, 0, 0, 4, 0, 2, 0, 0, 3, 0, 0, 0, 0, 3, 5, 0, 4, 0, : 3, 4, 1, 2, 4, 3, 5, 3, 3, 42, 5, 4, 2, 5, 43, 4, 41, 1, 1, 3, 4, 2, 1, 4, 2, 1, 4, 2, 2, 44, 3, 2, 2, 1, 3, 2, 1, 5, 3, 3, 3, 2, 4, 5, 5, 2, 5, 4, 2, 3, 1, 3, 2, 5, 3, 4, 2, 3, 3, 5, 4, 
378: 44, 2, 2, 0, 2, 0, 0, 1, 5, 0, 0, 4, 43, 0, 0, 40, 2, 42, 44, 3, 0, 4, 0, 0, 3, 0, 5, 0, 0, 5, 0, 2, 0, 5, 0, 0, 0, 1, 0, 4, 1, 0, 2, 0, 0, 0, 0, 1, 0, 2, 1, 0, 0, 42, 1, 2, 0, 5, 0, 3, 3, 1, 0, 0, 1, 0, 42, 0, 0, 0, 4, 5, 4, 1, 2, 0, 0, 0, 41, 0, 0, 1, 0, 0, 0, 2, 40, 1, 4, 44, 0, 41, 0, 2, 0, 4, 3, 3, 2, 5, 5, 4, 1, 0, 1, 4, 0, 0, 0, 0, 0, 0, 5, 5, 0, 2, 1, 0, 5, 2, : 44, 2, 2, 2, 1, 5, 4, 43, 40, 2, 42, 44, 3, 4, 3, 5, 5, 2, 5, 1, 4, 1, 2, 1, 2, 1, 42, 1, 2, 5, 3, 3, 1, 1, 42, 4, 5, 4, 1, 2, 41, 1, 2, 40, 1, 4, 44, 41, 2, 4, 3, 3, 2, 5, 5, 4, 1, 1, 4, 5, 5, 2, 1, 5, 2, 
78: 0, 4, 0, 0, 2, 4, 0, 42, 0, 0, 42, 5, 0, 3, 43, 0, 3, 0, 0, 0, 0, 3, 0, 4, 0, 0, 4, 2, 0, 0, 3, 0, 1, 0, 0, 0, 0, 0, 0, 2, 0, 0, 0, 0, 0, 5, 0, 2, 4, 0, 0, 0, 0, 0, 5, 1, 2, 0, 0, 1, 0, 3, 0, 2, 4, 3, 40, 2, 0, 0, 0, 0, 0, 0, 1, 0, 42, 5, 0, 2, 0, 0, 42, 0, 0, 3, 2, 0, 3, 0, 0, 0, 0, 0, 0, 1, 2, 0, 1, 4, 3, 1, 1, 0, 2, 0, 0, 4, 3, 2, 0, 0, 3, 0, 0, 5, 5, 0, 0, 2, : 4, 2, 4, 42, 42, 5, 3, 43, 3, 3, 4, 4, 2, 3, 1, 2, 5, 2, 4, 5, 1, 2, 1, 3, 2, 4, 3, 40, 2, 1, 42, 5, 2, 42, 3, 2, 3, 1, 2, 1, 4, 3, 1, 1, 2, 4, 3, 2, 3, 5, 5, 2, 
318: 3, 0, 0, 0, 2, 0, 0, 1, 0, 0, 4, 0, 0, 2, 41, 43, 0, 0, 0, 5, 0, 3, 3, 1, 0, 0, 2, 4, 0, 0, 0, 4, 0, 3, 3, 5, 0, 0, 0, 4, 0, 0, 5, 0, 0, 0, 0, 0, 1, 1, 0, 5, 4, 0, 3, 0, 0, 2, 5, 1, 0, 0, 1, 2, 4, 5, 3, 0, 0, 1, 5, 0, 0, 0, 0, 3, 0, 0, 0, 2, 5, 3, 41, 2, 0, 2, 0, 0, 0, 5, 0, 1, 41, 0, 0, 2, 4, 4, 0, 0, 3, 44, 3, 2, 5, 0, 2, 2, 4, 0, 0, 1, 0, 0, 41, 0, 0, 4, 1, 0, : 3, 2, 1, 4, 2, 41, 43, 5, 3, 3, 1, 2, 4, 4, 3, 3, 5, 4, 5, 1, 1, 5, 4, 3, 2, 5, 1, 1, 2, 4, 5, 3, 1, 5, 3, 2, 5, 3, 41, 2, 2, 5, 1, 41, 2, 4, 4, 3, 44, 3, 2, 5, 2, 2, 4, 1, 41, 4, 1, 
558: 0, 0, 4, 3, 0, 3, 0, 3, 4, 2, 5, 40, 0, 4, 1, 5, 0, 0, 1, 43, 0, 1, 0, 3, 0, 44, 4, 2, 0, 0, 0, 3, 5, 0, 3, 5, 5, 0, 0, 0, 4, 0, 0, 2, 0, 4, 0, 5, 5, 0, 44, 0, 2, 0, 2, 0, 5, 0, 5, 0, 3, 4, 1, 3, 0, 0, 3, 4, 0, 3, 0, 44, 1, 5, 0, 4, 0, 3, 0, 4, 0, 0, 41, 0, 1, 0, 44, 0, 0, 4, 0, 0, 3, 0, 0, 5, 0, 0, 3, 2, 1, 3, 1, 0, 5, 4, 3, 42, 0, 0, 0, 5, 0, 1, 0, 2, 0, 4, 0, 1, : 4, 3, 3, 3, 4, 2, 5, 40, 4, 1, 5, 1, 43, 1, 3, 44, 4, 2, 3, 5, 3, 5, 5, 4, 2, 4, 5, 5, 44, 2, 2, 5, 5, 3, 4, 1, 3, 3, 4, 3, 44, 1, 5, 4, 3, 4, 41, 1, 44, 4, 3, 5, 3, 2, 1, 3, 1, 5, 4, 3, 42, 5, 1, 2, 4, 1, 
578: 4, 3, 0, 1, 1, 4, 2, 1, 1, 1, 4, 0, 0, 1, 0, 3, 0, 43, 2, 0, 0, 3, 3, 0, 0, 0, 4, 4, 44, 0, 0, 3, 5, 0, 2, 0, 2, 0, 0, 4, 0, 43, 44, 2, 0, 0, 0, 0, 40, 0, 3, 41, 1, 40, 0, 41, 0, 0, 5, 4, 3, 3, 1, 0, 2, 0, 0, 1, 0, 0, 0, 3, 5, 40, 0, 2, 1, 2, 0, 3, 2, 0, 3, 1, 0, 0, 1, 2, 1, 0, 0, 4, 0, 2, 0, 0, 0, 0, 0, 0, 42, 4, 5, 0, 0, 2, 1, 5, 3, 3, 0, 0, 0, 0, 0, 4, 40, 0, 2, 0, : 4, 3, 1, 1, 4, 2, 1, 1, 1, 4, 1, 3, 43, 2, 3, 3, 4, 4, 44, 3, 5, 2, 2, 4, 43, 44, 2, 40, 3, 41, 1, 40, 41, 5, 4, 3, 3, 1, 2, 1, 3, 5, 40, 2, 1, 2, 3, 2, 3, 1, 1, 2, 1, 4, 2, 42, 4, 5, 2, 1, 5, 3, 3, 4, 40, 2, 
449: 0, 1, 1, 0, 0, 2, 1, 4, 0, 0, 1, 4, 40, 0, 5, 0, 5, 0, 41, 4, 1, 4, 5, 0, 3, 0, 3, 0, 43, 3, 0, 4, 1, 0, 1, 2, 0, 4, 5, 5, 1, 0, 0, 0, 0, 4, 0, 2, 0, 3, 0, 0, 1, 0, 4, 0, 3, 4, 2, 4, 1, 0, 0, 0, 2, 0, 0, 43, 5, 1, 0, 0, 0, 3, 3, 0, 2, 3, 0, 3, 42, 0, 0, 0, 0, 1, 0, 0, 2, 0, 0, 3, 0, 4, 2, 0, 0, 2, 3, 0, 0, 0, 3, 0, 1, 2, 5, 0, 0, 42, 4, 0, 3, 0, 0, 0, 5, 4, 0, 0, : 1, 1, 2, 1, 4, 1, 4, 40, 5, 5, 41, 4, 1, 4, 5, 3, 3, 43, 3, 4, 1, 1, 2, 4, 5, 5, 1, 4, 2, 3, 1, 4, 3, 4, 2, 4, 1, 2, 43, 5, 1, 3, 3, 2, 3, 3, 42, 1, 2, 3, 4, 2, 2, 3, 3, 1, 2, 5, 42, 4, 3, 5, 4, 
82: 0, 2, 0, 3, 0, 1, 2, 0, 1, 0, 5, 0, 0, 0, 42, 0, 2, 0, 3, 5, 40, 0, 4, 2, 0, 0, 43, 3, 1, 0, 0, 0, 0, 5, 0, 0, 3, 0, 1, 1, 42, 0, 0, 0, 3, 4, 0, 1, 0, 4, 0, 0, 1, 0, 44, 0, 4, 0, 0, 3, 3, 0, 0, 3, 42, 44, 0, 0, 0, 0, 0, 4, 0, 3, 44, 43, 5, 1, 0, 0, 3, 0, 0, 0, 0, 1, 4, 0, 0, 2, 2, 2, 0, 0, 2, 0, 0, 0, 2, 3, 0, 0, 4, 1, 2, 5, 2, 0, 2, 0, 0, 1, 0, 0, 0, 1, 2, 5, 3, 0, : 2, 3, 1, 2, 1, 5, 42, 2, 3, 5, 40, 4, 2, 43, 3, 1, 5, 3, 1, 1, 42, 3, 4, 1, 4, 1, 44, 4, 3, 3, 3, 42, 44, 4, 3, 44, 43, 5, 1, 3, 1, 4, 2, 2, 2, 2, 2, 3, 4, 1, 2, 5, 2, 2, 1, 1, 2, 5, 3, 
315: 0, 0, 0, 0, 42, 0, 5, 3, 0, 4, 2, 0, 0, 0, 0, 2, 1, 0, 1, 0, 1, 41, 0, 0, 0, 0, 0, 0, 0, 0, 0, 4, 2, 0, 0, 0, 0, 0, 4, 2, 40, 1, 0, 0, 0, 0, 4, 0, 0, 4, 0, 0, 0, 1, 2, 2, 0, 0, 4, 0, 1, 1, 0, 0, 0, 4, 0, 0, 0, 0, 2, 4, 43, 3, 5, 1, 5, 0, 0, 2, 5, 0, 0, 5, 3, 0, 0, 0, 1, 0, 5, 4, 0, 41, 3, 3, 2, 2, 0, 40, 5, 0, 0, 2, 2, 0, 3, 4, 2, 40, 0, 3, 2, 4, 3, 1, 0, 0, 5, 0, : 42, 5, 3, 4, 2, 2, 1, 1, 1, 41, 4, 2, 4, 2, 40, 1, 4, 4, 1, 2, 2, 4, 1, 1, 4, 2, 4, 43, 3, 5, 1, 5, 2, 5, 5, 3, 1, 5, 4, 41, 3, 3, 2, 2, 40, 5, 2, 2, 3, 4, 2, 40, 3, 2, 4, 3, 1, 5, 
310: 2, 0, 43, 4, 2, 4, 3, 3, 0, 4, 0, 0, 0, 1, 3, 43, 0, 0, 2, 0, 5, 3, 0, 0, 1, 0, 3, 0, 0, 2, 5, 1, 1, 5, 1, 0, 4, 0, 0, 2, 44, 0, 0, 0, 0, 3, 0, 3, 0, 0, 0, 0, 0, 0, 0, 2, 0, 3, 4, 1, 44, 5, 0, 0, 5, 0, 3, 3, 4, 4, 4, 0, 0, 0, 0, 2, 2, 3, 5, 0, 1, 3, 0, 4, 0, 3, 3, 1, 5, 2, 3, 0, 3, 0, 1, 0, 41, 0, 0, 4, 0, 0, 0, 0, 0, 0, 0, 0, 0, 0, 0, 0, 0, 44, 44, 5, 2, 4, 43, 0, : 2, 43, 4, 2, 4, 3, 3, 4, 1, 3, 43, 2, 5, 3, 1, 3, 2, 5, 1, 1, 5, 1, 4, 2, 44, 3, 3, 2, 3, 4, 1, 44, 5, 5, 3, 3, 4, 4, 4, 2, 2, 3, 5, 1, 3, 4, 3, 3, 1, 5, 2, 3, 3, 1, 41, 4, 44, 44, 5, 2, 4, 43, 
322: 0, 1, 0, 0, 4, 1, 0, 1, 0, 3, 1, 5, 0, 41, 3, 0, 41, 0, 1, 0, 0, 4, 3, 5, 2, 41, 0, 0, 0, 4, 0, 5, 0, 4, 42, 5, 2, 0, 0, 5, 2, 0, 0, 4, 0, 0, 4, 0, 0, 0, 0, 3, 0, 5, 1, 0, 3, 0, 0, 0, 1, 3, 1, 0, 0, 0, 44, 5, 0, 0, 0, 0, 0, 3, 0, 2, 0, 0, 2, 2, 0, 1, 0, 5, 0, 3, 4, 0, 0, 4, 1, 0, 3, 2, 5, 1, 1, 0, 0, 3, 5, 1, 0, 2, 5, 0, 0, 0, 2, 0, 0, 0, 4, 0, 0, 1, 0, 0, 0, 0, : 1, 4, 1, 1, 3, 1, 5, 41, 3, 41, 1, 4, 3, 5, 2, 41, 4, 5, 4, 42, 5, 2, 5, 2, 4, 4, 3, 5, 1, 3, 1, 3, 1, 44, 5, 3, 2, 2, 2, 1, 5, 3, 4, 4, 1, 3, 2, 5, 1, 1, 3, 5, 1, 2, 5, 2, 4, 1, 
530: 3, 0, 0, 0, 3, 0, 0, 3, 0, 40, 3, 0, 0, 3, 1, 0, 4, 4, 3, 0, 0, 2, 4, 0, 0, 4, 3, 0, 0, 0, 0, 3, 0, 1, 4, 0, 0, 41, 0, 0, 4, 0, 0, 4, 0, 0, 0, 2, 1, 0, 44, 40, 1, 44, 1, 1, 0, 3, 5, 43, 0, 0, 3, 40, 0, 5, 0, 0, 44, 3, 0, 4, 0, 4, 0, 5, 0, 4, 0, 40, 0, 0, 0, 0, 0, 0, 0, 0, 4, 3, 5, 5, 0, 0, 3, 3, 0, 3, 1, 0, 5, 0, 2, 0, 1, 0, 0, 0, 0, 0, 0, 0, 0, 5, 0, 1, 0, 0, 0, 0, : 3, 3, 3, 40, 3, 3, 1, 4, 4, 3, 2, 4, 4, 3, 3, 1, 4, 41, 4, 4, 2, 1, 44, 40, 1, 44, 1, 1, 3, 5, 43, 3, 40, 5, 44, 3, 4, 4, 5, 4, 40, 4, 3, 5, 5, 3, 3, 3, 1, 5, 2, 1, 5, 1, 
353: 0, 2, 1, 0, 0, 4, 2, 3, 0, 1, 4, 1, 0, 4, 0, 0, 1, 0, 3, 2, 5, 0, 5, 0, 4, 1, 5, 0, 2, 41, 0, 42, 5, 0, 40, 4, 0, 42, 0, 44, 42, 1, 2, 5, 4, 5, 2, 3, 3, 0, 0, 5, 1, 4, 0, 0, 0, 0, 1, 3, 0, 0, 3, 3, 0, 5, 3, 43, 0, 0, 0, 0, 0, 0, 0, 0, 0, 0, 0, 0, 0, 0, 0, 0, 1, 0, 0, 0, 0, 2, 0, 1, 5, 0, 0, 3, 5, 0, 0, 0, 5, 3, 0, 1, 0, 4, 5, 4, 0, 42, 0, 2, 1, 0, 4, 1, 3, 4, 2, 5, : 2, 1, 4, 2, 3, 1, 4, 1, 4, 1, 3, 2, 5, 5, 4, 1, 5, 2, 41, 42, 5, 40, 4, 42, 44, 42, 1, 2, 5, 4, 5, 2, 3, 3, 5, 1, 4, 1, 3, 3, 3, 5, 3, 43, 1, 2, 1, 5, 3, 5, 5, 3, 1, 4, 5, 4, 42, 2, 1, 4, 1, 3, 4, 2, 5, 
195: 3, 1, 4, 0, 1, 0, 3, 4, 0, 1, 0, 0, 0, 1, 0, 2, 3, 3, 0, 5, 0, 5, 2, 4, 0, 0, 0, 0, 5, 0, 0, 0, 0, 1, 2, 5, 4, 0, 0, 5, 0, 0, 0, 0, 0, 5, 1, 5, 0, 4, 4, 1, 4, 4, 0, 0, 0, 0, 40, 3, 0, 4, 0, 5, 1, 0, 0, 2, 0, 1, 0, 0, 0, 4, 0, 0, 2, 0, 4, 3, 5, 0, 0, 4, 0, 2, 2, 0, 1, 2, 41, 1, 0, 0, 0, 0, 5, 5, 0, 0, 2, 2, 0, 3, 1, 0, 1, 0, 3, 5, 1, 44, 2, 3, 0, 2, 0, 0, 0, 41, : 3, 1, 4, 1, 3, 4, 1, 1, 2, 3, 3, 5, 5, 2, 4, 5, 1, 2, 5, 4, 5, 5, 1, 5, 4, 4, 1, 4, 4, 40, 3, 4, 5, 1, 2, 1, 4, 2, 4, 3, 5, 4, 2, 2, 1, 2, 41, 1, 5, 5, 2, 2, 3, 1, 1, 3, 5, 1, 44, 2, 3, 2, 41, 
144: 0, 0, 44, 1, 3, 0, 0, 41, 2, 5, 0, 0, 0, 2, 0, 5, 5, 3, 40, 3, 4, 0, 1, 4, 4, 1, 0, 0, 2, 43, 0, 2, 0, 3, 0, 1, 0, 0, 0, 0, 0, 0, 0, 0, 0, 3, 0, 0, 0, 0, 0, 5, 1, 0, 0, 0, 0, 0, 43, 5, 0, 0, 2, 0, 1, 5, 5, 4, 0, 0, 2, 0, 1, 3, 1, 0, 3, 0, 0, 3, 0, 5, 1, 42, 44, 5, 0, 0, 0, 0, 5, 0, 3, 2, 0, 42, 0, 5, 0, 0, 0, 0, 0, 3, 2, 44, 1, 0, 0, 0, 2, 41, 0, 0, 1, 4, 4, 5, 3, 0, : 44, 1, 3, 41, 2, 5, 2, 5, 5, 3, 40, 3, 4, 1, 4, 4, 1, 2, 43, 2, 3, 1, 3, 5, 1, 43, 5, 2, 1, 5, 5, 4, 2, 1, 3, 1, 3, 3, 5, 1, 42, 44, 5, 5, 3, 2, 42, 5, 3, 2, 44, 1, 2, 41, 1, 4, 4, 5, 3, 
194: 3, 5, 4, 0, 0, 0, 0, 2, 0, 0, 0, 0, 0, 0, 0, 0, 0, 2, 5, 3, 0, 4, 1, 2, 0, 4, 3, 0, 0, 3, 0, 3, 0, 0, 0, 0, 0, 42, 0, 5, 0, 0, 0, 1, 0, 1, 1, 3, 3, 0, 0, 1, 0, 40, 0, 5, 1, 40, 0, 42, 5, 4, 0, 0, 0, 3, 0, 0, 3, 0, 0, 5, 0, 5, 2, 0, 0, 2, 1, 5, 0, 0, 3, 4, 0, 0, 0, 0, 0, 0, 0, 2, 3, 40, 0, 0, 42, 0, 42, 2, 4, 0, 0, 0, 4, 3, 0, 3, 0, 0, 0, 0, 3, 40, 0, 40, 2, 0, 2, 5, : 3, 5, 4, 2, 2, 5, 3, 4, 1, 2, 4, 3, 3, 3, 42, 5, 1, 1, 1, 3, 3, 1, 40, 5, 1, 40, 42, 5, 4, 3, 3, 5, 5, 2, 2, 1, 5, 3, 4, 2, 3, 40, 42, 42, 2, 4, 4, 3, 3, 3, 40, 40, 2, 2, 5, 
265: 4, 5, 3, 3, 0, 4, 1, 0, 41, 4, 2, 0, 3, 2, 0, 5, 5, 0, 0, 2, 0, 4, 4, 4, 0, 5, 0, 0, 0, 2, 4, 0, 4, 4, 0, 0, 4, 0, 2, 3, 40, 0, 0, 0, 0, 0, 0, 1, 4, 5, 3, 0, 4, 3, 1, 42, 4, 0, 0, 0, 2, 0, 3, 1, 2, 0, 44, 3, 4, 0, 5, 0, 4, 0, 0, 0, 3, 0, 0, 4, 0, 0, 0, 40, 42, 5, 0, 0, 0, 2, 2, 4, 0, 0, 5, 0, 0, 5, 3, 4, 5, 0, 0, 42, 0, 3, 0, 0, 0, 0, 4, 0, 44, 0, 0, 0, 0, 0, 0, 4, : 4, 5, 3, 3, 4, 1, 41, 4, 2, 3, 2, 5, 5, 2, 4, 4, 4, 5, 2, 4, 4, 4, 4, 2, 3, 40, 1, 4, 5, 3, 4, 3, 1, 42, 4, 2, 3, 1, 2, 44, 3, 4, 5, 4, 3, 4, 40, 42, 5, 2, 2, 4, 5, 5, 3, 4, 5, 42, 3, 4, 44, 4, 
278: 3, 0, 0, 0, 0, 1, 44, 5, 44, 3, 0, 2, 5, 0, 1, 3, 0, 0, 0, 0, 0, 4, 1, 0, 0, 0, 1, 0, 2, 0, 5, 2, 0, 3, 1, 1, 0, 0, 0, 0, 3, 0, 3, 5, 5, 4, 4, 0, 0, 0, 0, 5, 2, 1, 0, 0, 0, 3, 5, 3, 5, 0, 0, 0, 0, 0, 4, 5, 43, 0, 43, 44, 0, 0, 0, 0, 1, 0, 3, 0, 0, 0, 0, 2, 1, 5, 0, 2, 4, 0, 1, 0, 0, 0, 0, 2, 1, 1, 0, 0, 1, 40, 3, 5, 0, 0, 42, 0, 0, 1, 3, 4, 3, 0, 2, 0, 5, 0, 0, 5, : 3, 1, 44, 5, 44, 3, 2, 5, 1, 3, 4, 1, 1, 2, 5, 2, 3, 1, 1, 3, 3, 5, 5, 4, 4, 5, 2, 1, 3, 5, 3, 5, 4, 5, 43, 43, 44, 1, 3, 2, 1, 5, 2, 4, 1, 2, 1, 1, 1, 40, 3, 5, 42, 1, 3, 4, 3, 2, 5, 5, 
505: 0, 2, 0, 0, 5, 4, 5, 3, 2, 2, 4, 43, 2, 4, 0, 1, 3, 0, 0, 3, 2, 3, 0, 0, 0, 40, 0, 0, 5, 1, 0, 4, 42, 2, 43, 1, 0, 0, 0, 0, 1, 4, 2, 3, 0, 2, 0, 1, 0, 0, 0, 0, 3, 1, 2, 0, 0, 5, 5, 5, 0, 0, 2, 43, 3, 0, 0, 2, 0, 1, 0, 0, 0, 2, 4, 43, 0, 0, 3, 4, 0, 4, 0, 41, 5, 0, 2, 0, 0, 0, 3, 3, 42, 0, 1, 0, 2, 3, 0, 3, 3, 0, 2, 1, 1, 3, 3, 2, 0, 0, 0, 0, 4, 43, 0, 2, 5, 0, 2, 0, : 2, 5, 4, 5, 3, 2, 2, 4, 43, 2, 4, 1, 3, 3, 2, 3, 40, 5, 1, 4, 42, 2, 43, 1, 1, 4, 2, 3, 2, 1, 3, 1, 2, 5, 5, 5, 2, 43, 3, 2, 1, 2, 4, 43, 3, 4, 4, 41, 5, 2, 3, 3, 42, 1, 2, 3, 3, 3, 2, 1, 1, 3, 3, 2, 4, 43, 2, 5, 2, 
397: 1, 0, 0, 44, 0, 5, 5, 4, 1, 2, 0, 0, 5, 0, 0, 3, 0, 2, 3, 0, 1, 5, 3, 0, 2, 3, 0, 0, 5, 0, 0, 2, 3, 0, 0, 4, 4, 0, 4, 0, 1, 42, 0, 0, 4, 1, 1, 5, 5, 0, 1, 0, 42, 4, 0, 3, 0, 0, 0, 1, 0, 3, 4, 1, 4, 0, 5, 0, 3, 2, 0, 0, 5, 0, 0, 0, 3, 0, 0, 5, 5, 0, 3, 0, 5, 41, 3, 5, 41, 0, 0, 0, 2, 4, 0, 0, 5, 4, 1, 0, 0, 0, 42, 0, 0, 0, 0, 4, 2, 4, 0, 2, 0, 3, 4, 1, 3, 0, 1, 0, : 1, 44, 5, 5, 4, 1, 2, 5, 3, 2, 3, 1, 5, 3, 2, 3, 5, 2, 3, 4, 4, 4, 1, 42, 4, 1, 1, 5, 5, 1, 42, 4, 3, 1, 3, 4, 1, 4, 5, 3, 2, 5, 3, 5, 5, 3, 5, 41, 3, 5, 41, 2, 4, 5, 4, 1, 42, 4, 2, 4, 2, 3, 4, 1, 3, 1, 
60: 0, 4, 0, 1, 2, 43, 0, 0, 41, 0, 4, 0, 0, 4, 0, 0, 42, 0, 5, 0, 2, 1, 4, 0, 41, 0, 0, 0, 0, 2, 0, 4, 5, 0, 0, 0, 0, 0, 0, 3, 0, 0, 41, 5, 4, 0, 0, 0, 0, 0, 4, 0, 4, 1, 0, 0, 4, 3, 0, 3, 0, 0, 43, 0, 5, 0, 0, 0, 0, 5, 0, 2, 0, 2, 0, 0, 44, 5, 0, 4, 2, 3, 0, 4, 4, 0, 2, 0, 5, 40, 1, 4, 40, 0, 0, 0, 1, 0, 0, 2, 2, 3, 2, 41, 5, 4, 0, 0, 0, 0, 5, 40, 0, 1, 2, 0, 4, 0, 5, 0, : 4, 1, 2, 43, 41, 4, 4, 42, 5, 2, 1, 4, 41, 2, 4, 5, 3, 41, 5, 4, 4, 4, 1, 4, 3, 3, 43, 5, 5, 2, 2, 44, 5, 4, 2, 3, 4, 4, 2, 5, 40, 1, 4, 40, 1, 2, 2, 3, 2, 41, 5, 4, 5, 40, 1, 2, 4, 5, 
101: 4, 5, 0, 0, 0, 0, 5, 0, 1, 0, 3, 0, 0, 0, 0, 0, 0, 5, 0, 3, 5, 4, 2, 2, 0, 2, 2, 1, 43, 0, 0, 5, 0, 1, 2, 42, 40, 1, 42, 2, 0, 0, 0, 0, 4, 5, 0, 0, 3, 0, 0, 0, 0, 3, 43, 0, 4, 5, 0, 0, 0, 0, 0, 3, 1, 2, 1, 0, 40, 2, 0, 0, 0, 0, 0, 0, 1, 5, 0, 5, 1, 4, 0, 0, 0, 2, 0, 0, 0, 2, 4, 0, 5, 43, 0, 2, 2, 5, 4, 0, 0, 40, 0, 4, 3, 0, 4, 1, 0, 3, 0, 3, 0, 0, 0, 0, 41, 4, 0, 0, : 4, 5, 5, 1, 3, 5, 3, 5, 4, 2, 2, 2, 2, 1, 43, 5, 1, 2, 42, 40, 1, 42, 2, 4, 5, 3, 3, 43, 4, 5, 3, 1, 2, 1, 40, 2, 1, 5, 5, 1, 4, 2, 2, 4, 5, 43, 2, 2, 5, 4, 40, 4, 3, 4, 1, 3, 3, 41, 4, 
275: 3, 2, 0, 0, 0, 4, 0, 0, 0, 4, 3, 3, 5, 0, 1, 3, 0, 0, 0, 0, 0, 4, 40, 0, 41, 1, 0, 0, 1, 5, 0, 3, 2, 4, 1, 0, 1, 0, 0, 4, 5, 2, 0, 0, 0, 5, 0, 1, 0, 0, 1, 3, 4, 3, 0, 0, 0, 4, 0, 0, 1, 0, 0, 0, 0, 0, 0, 2, 41, 4, 41, 1, 3, 3, 0, 0, 0, 4, 0, 2, 2, 44, 5, 0, 0, 5, 4, 0, 0, 2, 0, 0, 2, 0, 1, 3, 0, 43, 1, 0, 0, 0, 1, 2, 2, 0, 4, 0, 41, 1, 1, 0, 0, 1, 0, 1, 4, 0, 1, 0, : 3, 2, 4, 4, 3, 3, 5, 1, 3, 4, 40, 41, 1, 1, 5, 3, 2, 4, 1, 1, 4, 5, 2, 5, 1, 1, 3, 4, 3, 4, 1, 2, 41, 4, 41, 1, 3, 3, 4, 2, 2, 44, 5, 5, 4, 2, 2, 1, 3, 43, 1, 1, 2, 2, 4, 41, 1, 1, 1, 1, 4, 1, 
124: 0, 1, 0, 3, 2, 0, 2, 2, 1, 5, 43, 1, 1, 0, 0, 0, 1, 4, 2, 5, 5, 2, 0, 1, 0, 0, 3, 0, 0, 0, 0, 42, 0, 0, 4, 2, 0, 5, 0, 1, 0, 0, 0, 0, 0, 4, 0, 1, 0, 0, 0, 3, 0, 0, 5, 0, 0, 2, 40, 1, 0, 0, 0, 2, 0, 0, 0, 40, 3, 3, 0, 42, 0, 40, 2, 0, 0, 0, 4, 4, 1, 3, 0, 0, 5, 1, 0, 1, 5, 0, 1, 0, 0, 4, 0, 4, 4, 3, 0, 5, 2, 4, 4, 3, 0, 1, 3, 1, 0, 0, 40, 0, 1, 2, 3, 2, 0, 0, 4, 0, : 1, 3, 2, 2, 2, 1, 5, 43, 1, 1, 1, 4, 2, 5, 5, 2, 1, 3, 42, 4, 2, 5, 1, 4, 1, 3, 5, 2, 40, 1, 2, 40, 3, 3, 42, 40, 2, 4, 4, 1, 3, 5, 1, 1, 5, 1, 4, 4, 4, 3, 5, 2, 4, 4, 3, 1, 3, 1, 40, 1, 2, 3, 2, 4, 
86: 4, 2, 0, 0, 1, 1, 3, 4, 42, 1, 0, 0, 5, 0, 44, 1, 3, 0, 0, 2, 0, 0, 0, 2, 0, 1, 4, 0, 2, 2, 2, 3, 0, 5, 0, 0, 4, 41, 42, 40, 0, 4, 0, 0, 0, 1, 1, 0, 5, 42, 44, 0, 0, 0, 0, 44, 44, 4, 0, 5, 2, 5, 5, 0, 4, 3, 0, 0, 2, 0, 0, 0, 0, 3, 3, 0, 0, 0, 42, 5, 0, 0, 0, 0, 4, 1, 4, 1, 1, 2, 0, 0, 0, 0, 0, 40, 0, 4, 0, 4, 4, 5, 0, 1, 3, 5, 0, 1, 0, 1, 5, 1, 5, 2, 0, 4, 2, 0, 1, 4, : 4, 2, 1, 1, 3, 4, 42, 1, 5, 44, 1, 3, 2, 2, 1, 4, 2, 2, 2, 3, 5, 4, 41, 42, 40, 4, 1, 1, 5, 42, 44, 44, 44, 4, 5, 2, 5, 5, 4, 3, 2, 3, 3, 42, 5, 4, 1, 4, 1, 1, 2, 40, 4, 4, 4, 5, 1, 3, 5, 1, 1, 5, 1, 5, 2, 4, 2, 1, 4, 
469: 5, 1, 0, 2, 4, 4, 0, 1, 2, 1, 0, 0, 0, 4, 2, 0, 4, 3, 2, 0, 0, 3, 0, 5, 1, 0, 1, 0, 0, 1, 43, 1, 0, 0, 3, 0, 0, 0, 0, 1, 0, 0, 0, 4, 0, 0, 0, 3, 0, 0, 2, 42, 0, 0, 3, 0, 4, 0, 5, 0, 0, 4, 1, 0, 0, 3, 0, 0, 0, 4, 2, 0, 0, 0, 3, 0, 4, 0, 0, 0, 3, 3, 0, 43, 3, 1, 0, 4, 40, 0, 0, 0, 0, 0, 0, 44, 0, 2, 0, 0, 4, 3, 1, 2, 0, 4, 0, 0, 0, 0, 0, 4, 2, 1, 1, 4, 0, 4, 0, 3, : 5, 1, 2, 4, 4, 1, 2, 1, 4, 2, 4, 3, 2, 3, 5, 1, 1, 1, 43, 1, 3, 1, 4, 3, 2, 42, 3, 4, 5, 4, 1, 3, 4, 2, 3, 4, 3, 3, 43, 3, 1, 4, 40, 44, 2, 4, 3, 1, 2, 4, 4, 2, 1, 1, 4, 4, 3, 
498: 0, 4, 0, 4, 0, 0, 1, 0, 0, 1, 0, 0, 0, 0, 4, 4, 3, 3, 4, 1, 4, 44, 1, 0, 0, 3, 44, 0, 5, 3, 0, 4, 0, 0, 0, 4, 0, 3, 5, 0, 0, 3, 5, 0, 2, 0, 0, 5, 0, 4, 0, 0, 0, 0, 0, 0, 0, 1, 2, 4, 0, 3, 3, 4, 0, 3, 0, 3, 0, 4, 0, 0, 0, 0, 4, 0, 5, 3, 0, 0, 3, 0, 0, 1, 0, 0, 5, 0, 0, 5, 4, 1, 4, 0, 0, 5, 0, 0, 4, 0, 5, 0, 2, 1, 3, 0, 3, 0, 2, 0, 2, 5, 0, 0, 0, 1, 0, 0, 3, 1, : 4, 4, 1, 1, 4, 4, 3, 3, 4, 1, 4, 44, 1, 3, 44, 5, 3, 4, 4, 3, 5, 3, 5, 2, 5, 4, 1, 2, 4, 3, 3, 4, 3, 3, 4, 4, 5, 3, 3, 1, 5, 5, 4, 1, 4, 5, 4, 5, 2, 1, 3, 3, 2, 2, 5, 1, 3, 1, 
598: 4, 0, 5, 3, 4, 0, 44, 0, 0, 3, 3, 0, 0, 0, 2, 1, 0, 0, 0, 2, 0, 43, 0, 3, 0, 0, 43, 0, 0, 4, 0, 0, 0, 0, 0, 0, 1, 0, 5, 3, 0, 0, 0, 3, 0, 2, 2, 0, 0, 0, 0, 5, 4, 0, 3, 0, 3, 0, 1, 1, 0, 0, 40, 0, 0, 0, 0, 2, 0, 41, 43, 0, 0, 0, 2, 0, 5, 42, 5, 0, 5, 0, 0, 0, 3, 0, 1, 0, 3, 2, 0, 0, 0, 5, 0, 5, 2, 0, 0, 0, 1, 1, 3, 0, 2, 0, 5, 4, 0, 0, 2, 4, 0, 4, 0, 2, 0, 0, 2, 0, : 4, 5, 3, 4, 44, 3, 3, 2, 1, 2, 43, 3, 43, 4, 1, 5, 3, 3, 2, 2, 5, 4, 3, 3, 1, 1, 40, 2, 41, 43, 2, 5, 42, 5, 5, 3, 1, 3, 2, 5, 5, 2, 1, 1, 3, 2, 5, 4, 2, 4, 4, 2, 2, 
20: 4, 3, 4, 40, 0, 2, 0, 0, 0, 0, 0, 0, 3, 4, 4, 5, 0, 0, 0, 0, 0, 0, 0, 5, 0, 0, 5, 0, 0, 4, 0, 1, 0, 0, 0, 1, 41, 0, 0, 2, 0, 0, 4, 0, 4, 42, 0, 3, 1, 2, 44, 2, 5, 3, 5, 3, 41, 5, 0, 3, 4, 1, 1, 0, 0, 2, 44, 40, 0, 1, 0, 3, 4, 1, 4, 3, 0, 0, 0, 0, 0, 0, 0, 2, 4, 0, 5, 2, 0, 0, 0, 0, 0, 1, 0, 5, 2, 43, 1, 0, 42, 5, 0, 4, 5, 0, 0, 2, 0, 0, 0, 0, 2, 3, 2, 1, 0, 0, 2, 1, : 4, 3, 4, 40, 2, 3, 4, 4, 5, 5, 5, 4, 1, 1, 41, 2, 4, 4, 42, 3, 1, 2, 44, 2, 5, 3, 5, 3, 41, 5, 3, 4, 1, 1, 2, 44, 40, 1, 3, 4, 1, 4, 3, 2, 4, 5, 2, 1, 5, 2, 43, 1, 42, 5, 4, 5, 2, 2, 3, 2, 1, 2, 1, 
25: 0, 41, 0, 0, 0, 2, 0, 0, 0, 1, 0, 0, 0, 40, 0, 3, 3, 4, 0, 1, 0, 5, 2, 1, 0, 5, 0, 0, 0, 5, 0, 5, 0, 0, 0, 0, 0, 0, 0, 4, 0, 0, 0, 4, 0, 3, 1, 4, 2, 0, 1, 0, 2, 3, 0, 44, 1, 0, 2, 3, 5, 0, 5, 0, 0, 0, 0, 0, 1, 5, 0, 0, 0, 1, 0, 5, 2, 0, 0, 0, 0, 40, 2, 3, 0, 5, 0, 42, 0, 0, 3, 4, 41, 0, 5, 2, 0, 3, 1, 0, 0, 5, 1, 0, 2, 0, 3, 5, 0, 2, 0, 0, 1, 1, 0, 0, 4, 5, 0, 0, : 41, 2, 1, 40, 3, 3, 4, 1, 5, 2, 1, 5, 5, 5, 4, 4, 3, 1, 4, 2, 1, 2, 3, 44, 1, 2, 3, 5, 5, 1, 5, 1, 5, 2, 40, 2, 3, 5, 42, 3, 4, 41, 5, 2, 3, 1, 5, 1, 2, 3, 5, 2, 1, 1, 4, 5, 
421: 3, 5, 0, 0, 0, 41, 4, 5, 0, 0, 0, 0, 0, 5, 0, 0, 0, 3, 0, 3, 4, 0, 5, 0, 4, 0, 0, 1, 0, 2, 3, 0, 0, 0, 0, 1, 0, 0, 5, 40, 0, 4, 0, 0, 0, 0, 0, 3, 0, 2, 0, 0, 1, 0, 0, 4, 0, 43, 2, 0, 0, 1, 0, 1, 0, 0, 0, 44, 3, 5, 0, 0, 0, 1, 44, 5, 0, 4, 0, 4, 1, 1, 0, 0, 0, 0, 0, 0, 0, 5, 0, 2, 0, 5, 2, 0, 2, 3, 0, 0, 0, 0, 0, 5, 2, 1, 0, 1, 0, 3, 0, 0, 1, 4, 0, 2, 5, 0, 0, 4, : 3, 5, 41, 4, 5, 5, 3, 3, 4, 5, 4, 1, 2, 3, 1, 5, 40, 4, 3, 2, 1, 4, 43, 2, 1, 1, 44, 3, 5, 1, 44, 5, 4, 4, 1, 1, 5, 2, 5, 2, 2, 3, 5, 2, 1, 1, 3, 1, 4, 2, 5, 4, 
276: 5, 2, 0, 3, 5, 0, 0, 0, 41, 0, 4, 1, 0, 1, 5, 1, 0, 0, 3, 1, 43, 0, 3, 0, 44, 2, 0, 5, 3, 0, 1, 0, 0, 5, 4, 3, 0, 0, 0, 1, 44, 0, 4, 0, 0, 0, 0, 5, 0, 0, 0, 1, 4, 0, 0, 1, 0, 0, 5, 0, 0, 0, 0, 1, 1, 0, 1, 0, 0, 5, 0, 0, 0, 5, 5, 0, 4, 4, 0, 5, 0, 1, 0, 0, 2, 5, 0, 3, 2, 0, 0, 3, 0, 1, 4, 1, 3, 2, 0, 0, 4, 0, 0, 0, 0, 4, 0, 2, 0, 4, 0, 0, 1, 3, 3, 1, 0, 3, 4, 0, : 5, 2, 3, 5, 41, 4, 1, 1, 5, 1, 3, 1, 43, 3, 44, 2, 5, 3, 1, 5, 4, 3, 1, 44, 4, 5, 1, 4, 1, 5, 1, 1, 1, 5, 5, 5, 4, 4, 5, 1, 2, 5, 3, 2, 3, 1, 4, 1, 3, 2, 4, 4, 2, 4, 1, 3, 3, 1, 3, 4, 
365: 0, 0, 1, 0, 4, 0, 44, 4, 0, 0, 2, 0, 0, 2, 0, 40, 5, 44, 0, 5, 44, 4, 0, 0, 0, 2, 3, 0, 0, 5, 0, 0, 4, 40, 0, 3, 0, 0, 0, 4, 3, 0, 0, 0, 0, 0, 4, 0, 2, 43, 5, 0, 3, 0, 0, 0, 3, 3, 3, 0, 0, 0, 4, 3, 3, 0, 0, 2, 1, 3, 5, 40, 5, 2, 3, 0, 0, 0, 5, 1, 43, 2, 5, 2, 0, 0, 1, 0, 5, 5, 0, 2, 1, 1, 0, 0, 5, 2, 0, 43, 4, 0, 2, 4, 1, 0, 5, 1, 1, 0, 0, 0, 4, 0, 0, 3, 0, 42, 3, 4, : 1, 4, 44, 4, 2, 2, 40, 5, 44, 5, 44, 4, 2, 3, 5, 4, 40, 3, 4, 3, 4, 2, 43, 5, 3, 3, 3, 3, 4, 3, 3, 2, 1, 3, 5, 40, 5, 2, 3, 5, 1, 43, 2, 5, 2, 1, 5, 5, 2, 1, 1, 5, 2, 43, 4, 2, 4, 1, 5, 1, 1, 4, 3, 42, 3, 4, 
181: 5, 0, 0, 42, 0, 3, 4, 0, 1, 0, 5, 0, 0, 4, 2, 1, 1, 0, 0, 5, 0, 5, 4, 1, 0, 0, 0, 2, 41, 5, 0, 0, 5, 0, 0, 0, 0, 0, 42, 0, 0, 1, 5, 0, 0, 2, 0, 1, 4, 43, 0, 3, 3, 4, 0, 1, 5, 2, 3, 2, 4, 5, 0, 4, 0, 44, 0, 0, 0, 0, 0, 0, 4, 4, 3, 0, 0, 4, 0, 0, 41, 0, 0, 2, 0, 0, 0, 0, 1, 3, 0, 0, 4, 0, 2, 0, 1, 41, 0, 0, 0, 0, 4, 4, 3, 4, 2, 0, 5, 3, 0, 4, 0, 0, 2, 44, 0, 3, 0, 4, : 5, 42, 3, 4, 1, 5, 4, 2, 1, 1, 5, 5, 4, 1, 2, 41, 5, 5, 42, 1, 5, 2, 1, 4, 43, 3, 3, 4, 1, 5, 2, 3, 2, 4, 5, 4, 44, 4, 4, 3, 4, 41, 2, 1, 3, 4, 2, 1, 41, 4, 4, 3, 4, 2, 5, 3, 4, 2, 44, 3, 4, 
239: 0, 3, 42, 0, 0, 0, 5, 3, 5, 4, 0, 0, 1, 0, 0, 4, 41, 0, 0, 3, 2, 0, 43, 4, 0, 3, 1, 0, 4, 0, 2, 2, 0, 5, 3, 0, 0, 5, 0, 40, 0, 0, 3, 43, 3, 3, 0, 5, 4, 0, 0, 0, 5, 1, 5, 1, 3, 2, 2, 3, 5, 0, 0, 0, 0, 2, 1, 0, 1, 4, 0, 0, 0, 0, 0, 1, 1, 0, 1, 5, 0, 0, 2, 4, 0, 0, 5, 0, 2, 2, 3, 4, 0, 0, 40, 0, 0, 0, 0, 5, 2, 2, 4, 5, 5, 43, 40, 0, 0, 1, 0, 0, 0, 0, 0, 5, 3, 0, 2, 0, : 3, 42, 5, 3, 5, 4, 1, 4, 41, 3, 2, 43, 4, 3, 1, 4, 2, 2, 5, 3, 5, 40, 3, 43, 3, 3, 5, 4, 5, 1, 5, 1, 3, 2, 2, 3, 5, 2, 1, 1, 4, 1, 1, 1, 5, 2, 4, 5, 2, 2, 3, 4, 40, 5, 2, 2, 4, 5, 5, 43, 40, 1, 5, 3, 2, 
507: 0, 5, 4, 42, 2, 0, 3, 0, 1, 3, 0, 4, 0, 0, 5, 3, 0, 5, 0, 0, 0, 2, 1, 0, 0, 0, 5, 0, 4, 2, 3, 2, 4, 2, 43, 0, 0, 0, 3, 2, 0, 0, 0, 0, 5, 2, 5, 2, 3, 0, 43, 0, 5, 2, 0, 0, 5, 5, 2, 3, 0, 4, 1, 0, 0, 4, 3, 0, 0, 3, 0, 0, 0, 5, 5, 0, 0, 0, 0, 41, 4, 0, 3, 0, 0, 0, 1, 4, 5, 1, 5, 5, 41, 0, 42, 0, 2, 0, 0, 4, 0, 2, 5, 0, 0, 0, 1, 0, 0, 44, 0, 3, 2, 3, 2, 43, 0, 0, 0, 0, : 5, 4, 42, 2, 3, 1, 3, 4, 5, 3, 5, 2, 1, 5, 4, 2, 3, 2, 4, 2, 43, 3, 2, 5, 2, 5, 2, 3, 43, 5, 2, 5, 5, 2, 3, 4, 1, 4, 3, 3, 5, 5, 41, 4, 3, 1, 4, 5, 1, 5, 5, 41, 42, 2, 4, 2, 5, 1, 44, 3, 2, 3, 2, 43, 
14: 0, 0, 0, 2, 0, 0, 0, 4, 5, 2, 0, 3, 0, 0, 0, 3, 0, 5, 0, 3, 5, 1, 0, 2, 0, 0, 3, 0, 3, 2, 0, 4, 0, 40, 3, 5, 0, 4, 0, 1, 0, 0, 0, 1, 2, 3, 0, 3, 1, 2, 0, 1, 41, 0, 0, 3, 44, 5, 0, 0, 2, 3, 1, 0, 1, 5, 4, 1, 5, 1, 0, 0, 3, 0, 2, 3, 2, 0, 4, 0, 1, 0, 1, 0, 0, 0, 5, 5, 0, 0, 2, 4, 3, 3, 0, 0, 2, 2, 2, 2, 0, 0, 41, 0, 0, 5, 4, 2, 4, 0, 2, 0, 2, 5, 0, 5, 0, 1, 1, 0, : 2, 4, 5, 2, 3, 3, 5, 3, 5, 1, 2, 3, 3, 2, 4, 40, 3, 5, 4, 1, 1, 2, 3, 3, 1, 2, 1, 41, 3, 44, 5, 2, 3, 1, 1, 5, 4, 1, 5, 1, 3, 2, 3, 2, 4, 1, 1, 5, 5, 2, 4, 3, 3, 2, 2, 2, 2, 41, 5, 4, 2, 4, 2, 2, 5, 5, 1, 1, 
450: 2, 42, 0, 4, 1, 1, 3, 0, 43, 2, 0, 5, 40, 1, 0, 42, 0, 0, 2, 0, 1, 4, 0, 0, 0, 0, 0, 0, 0, 1, 0, 4, 0, 5, 1, 3, 1, 5, 0, 0, 2, 0, 0, 0, 0, 0, 0, 3, 0, 3, 0, 5, 3, 0, 0, 5, 3, 0, 0, 0, 5, 4, 0, 2, 0, 0, 41, 2, 1, 1, 0, 0, 1, 2, 0, 0, 4, 0, 40, 0, 0, 2, 2, 0, 0, 1, 0, 1, 0, 1, 5, 0, 1, 1, 0, 0, 0, 0, 0, 0, 0, 0, 1, 5, 2, 4, 1, 5, 0, 0, 0, 5, 2, 0, 5, 1, 0, 0, 5, 0, : 2, 42, 4, 1, 1, 3, 43, 2, 5, 40, 1, 42, 2, 1, 4, 1, 4, 5, 1, 3, 1, 5, 2, 3, 3, 5, 3, 5, 3, 5, 4, 2, 41, 2, 1, 1, 1, 2, 4, 40, 2, 2, 1, 1, 1, 5, 1, 1, 1, 5, 2, 4, 1, 5, 5, 2, 5, 1, 5, 
478: 44, 2, 40, 0, 1, 0, 4, 3, 0, 2, 0, 3, 0, 1, 0, 0, 0, 1, 0, 0, 0, 4, 3, 0, 0, 0, 0, 1, 0, 0, 0, 3, 5, 0, 4, 0, 0, 1, 5, 1, 0, 0, 3, 0, 5, 5, 2, 5, 5, 3, 5, 0, 2, 2, 0, 4, 0, 0, 5, 4, 5, 2, 5, 0, 0, 0, 0, 0, 0, 0, 0, 0, 1, 0, 0, 0, 0, 0, 3, 1, 0, 3, 0, 4, 0, 0, 0, 0, 4, 0, 5, 4, 0, 0, 0, 0, 5, 1, 5, 3, 41, 5, 5, 0, 3, 0, 0, 0, 41, 2, 0, 2, 0, 1, 0, 1, 0, 0, 1, 0, : 44, 2, 40, 1, 4, 3, 2, 3, 1, 1, 4, 3, 1, 3, 5, 4, 1, 5, 1, 3, 5, 5, 2, 5, 5, 3, 5, 2, 2, 4, 5, 4, 5, 2, 5, 1, 3, 1, 3, 4, 4, 5, 4, 5, 1, 5, 3, 41, 5, 5, 3, 41, 2, 2, 1, 1, 1, 
31: 3, 1, 0, 2, 0, 42, 0, 0, 5, 2, 0, 0, 0, 0, 2, 0, 1, 0, 0, 2, 2, 0, 5, 5, 5, 5, 0, 44, 2, 5, 0, 3, 0, 3, 0, 0, 4, 2, 42, 2, 0, 43, 0, 0, 0, 3, 0, 5, 0, 1, 0, 0, 1, 0, 0, 0, 0, 0, 1, 4, 42, 3, 2, 0, 3, 0, 0, 0, 3, 5, 0, 4, 0, 0, 0, 0, 5, 2, 0, 0, 3, 0, 2, 4, 0, 1, 44, 0, 3, 5, 2, 3, 1, 2, 3, 0, 0, 0, 5, 0, 5, 0, 2, 1, 1, 0, 4, 1, 40, 0, 2, 0, 5, 1, 0, 0, 2, 0, 5, 0, : 3, 1, 2, 42, 5, 2, 2, 1, 2, 2, 5, 5, 5, 5, 44, 2, 5, 3, 3, 4, 2, 42, 2, 43, 3, 5, 1, 1, 1, 4, 42, 3, 2, 3, 3, 5, 4, 5, 2, 3, 2, 4, 1, 44, 3, 5, 2, 3, 1, 2, 3, 5, 5, 2, 1, 1, 4, 1, 40, 2, 5, 1, 2, 5, 
427: 4, 4, 4, 5, 5, 1, 0, 0, 0, 3, 2, 3, 0, 0, 0, 1, 1, 0, 1, 0, 0, 1, 5, 0, 0, 0, 43, 3, 2, 3, 0, 1, 1, 2, 1, 0, 0, 0, 0, 0, 0, 1, 1, 0, 0, 1, 0, 1, 1, 1, 0, 0, 0, 2, 1, 1, 0, 0, 2, 4, 0, 4, 0, 1, 2, 0, 0, 0, 0, 0, 0, 0, 5, 0, 0, 0, 0, 5, 0, 0, 5, 2, 0, 44, 1, 1, 0, 5, 4, 2, 1, 3, 0, 0, 0, 1, 0, 0, 2, 2, 4, 0, 41, 1, 2, 4, 2, 5, 0, 0, 5, 0, 0, 3, 0, 0, 41, 0, 1, 2, : 4, 4, 4, 5, 5, 1, 3, 2, 3, 1, 1, 1, 1, 5, 43, 3, 2, 3, 1, 1, 2, 1, 1, 1, 1, 1, 1, 1, 2, 1, 1, 2, 4, 4, 1, 2, 5, 5, 5, 2, 44, 1, 1, 5, 4, 2, 1, 3, 1, 2, 2, 4, 41, 1, 2, 4, 2, 5, 5, 3, 41, 1, 2, 
73: 0, 5, 0, 0, 1, 2, 3, 0, 0, 2, 0, 5, 4, 0, 0, 0, 0, 1, 1, 0, 0, 0, 2, 2, 0, 0, 0, 0, 0, 0, 4, 0, 5, 0, 0, 1, 0, 0, 1, 5, 0, 0, 0, 0, 0, 1, 40, 1, 0, 44, 2, 0, 1, 5, 0, 5, 1, 1, 0, 2, 1, 5, 0, 0, 3, 2, 0, 1, 42, 2, 0, 0, 0, 1, 2, 0, 4, 1, 4, 40, 2, 4, 0, 1, 2, 0, 0, 0, 3, 4, 0, 4, 5, 5, 1, 0, 0, 5, 0, 4, 0, 0, 2, 3, 0, 0, 5, 44, 0, 0, 0, 5, 44, 0, 0, 4, 0, 0, 0, 0, : 5, 1, 2, 3, 2, 5, 4, 1, 1, 2, 2, 4, 5, 1, 1, 5, 1, 40, 1, 44, 2, 1, 5, 5, 1, 1, 2, 1, 5, 3, 2, 1, 42, 2, 1, 2, 4, 1, 4, 40, 2, 4, 1, 2, 3, 4, 4, 5, 5, 1, 5, 4, 2, 3, 5, 44, 5, 44, 4, 
536: 0, 3, 0, 0, 2, 2, 4, 0, 0, 0, 0, 0, 44, 2, 3, 0, 0, 1, 2, 2, 2, 2, 5, 4, 0, 40, 0, 0, 3, 2, 42, 0, 2, 0, 0, 0, 4, 0, 0, 1, 0, 0, 3, 1, 4, 5, 0, 4, 0, 0, 0, 5, 5, 40, 0, 0, 5, 2, 0, 0, 0, 5, 2, 0, 0, 0, 0, 0, 0, 0, 0, 0, 0, 5, 5, 40, 1, 1, 4, 0, 4, 5, 0, 4, 0, 2, 3, 2, 0, 42, 0, 0, 2, 0, 0, 5, 5, 5, 0, 4, 4, 3, 0, 0, 2, 0, 0, 0, 5, 0, 0, 0, 3, 4, 0, 1, 4, 0, 0, 0, : 3, 2, 2, 4, 44, 2, 3, 1, 2, 2, 2, 2, 5, 4, 40, 3, 2, 42, 2, 4, 1, 3, 1, 4, 5, 4, 5, 5, 40, 5, 2, 5, 2, 5, 5, 40, 1, 1, 4, 4, 5, 4, 2, 3, 2, 42, 2, 5, 5, 5, 4, 4, 3, 2, 5, 3, 4, 1, 4, 
279: 0, 3, 2, 4, 3, 1, 1, 2, 0, 1, 0, 2, 0, 3, 0, 5, 0, 2, 0, 1, 5, 0, 0, 1, 0, 0, 1, 3, 0, 3, 0, 0, 5, 0, 4, 4, 0, 5, 0, 5, 2, 1, 0, 5, 2, 0, 3, 3, 4, 1, 0, 4, 0, 5, 0, 0, 0, 0, 44, 4, 1, 1, 43, 0, 1, 0, 3, 0, 0, 4, 0, 4, 1, 4, 41, 0, 3, 1, 2, 0, 1, 41, 0, 0, 0, 3, 1, 42, 0, 0, 0, 4, 4, 40, 0, 0, 0, 1, 0, 3, 0, 2, 2, 2, 1, 2, 0, 0, 41, 0, 3, 0, 2, 0, 0, 4, 0, 0, 0, 3, : 3, 2, 4, 3, 1, 1, 2, 1, 2, 3, 5, 2, 1, 5, 1, 1, 3, 3, 5, 4, 4, 5, 5, 2, 1, 5, 2, 3, 3, 4, 1, 4, 5, 44, 4, 1, 1, 43, 1, 3, 4, 4, 1, 4, 41, 3, 1, 2, 1, 41, 3, 1, 42, 4, 4, 40, 1, 3, 2, 2, 2, 1, 2, 41, 3, 2, 4, 3, 
213: 5, 0, 2, 5, 0, 0, 2, 0, 0, 4, 0, 5, 0, 0, 0, 1, 0, 0, 2, 3, 0, 2, 0, 43, 0, 0, 0, 0, 1, 0, 0, 2, 0, 0, 0, 5, 0, 0, 1, 2, 1, 1, 0, 1, 0, 3, 0, 0, 4, 0, 2, 0, 1, 0, 0, 5, 0, 0, 0, 3, 2, 1, 5, 0, 0, 41, 0, 0, 4, 5, 0, 0, 42, 0, 0, 0, 1, 1, 5, 40, 4, 1, 0, 3, 0, 4, 0, 2, 0, 0, 0, 5, 0, 0, 5, 4, 3, 0, 3, 4, 4, 3, 2, 3, 1, 2, 3, 0, 0, 4, 3, 4, 3, 0, 0, 0, 0, 43, 0, 1, : 5, 2, 5, 2, 4, 5, 1, 2, 3, 2, 43, 1, 2, 5, 1, 2, 1, 1, 1, 3, 4, 2, 1, 5, 3, 2, 1, 5, 41, 4, 5, 42, 1, 1, 5, 40, 4, 1, 3, 4, 2, 5, 5, 4, 3, 3, 4, 4, 3, 2, 3, 1, 2, 3, 4, 3, 4, 3, 43, 1, 
354: 0, 0, 4, 0, 1, 4, 2, 5, 41, 4, 0, 0, 0, 0, 0, 5, 0, 0, 0, 5, 4, 41, 3, 44, 0, 0, 4, 43, 0, 0, 1, 5, 2, 1, 1, 0, 0, 0, 44, 1, 0, 0, 41, 2, 0, 0, 3, 3, 0, 0, 0, 0, 0, 1, 0, 43, 42, 5, 2, 0, 0, 5, 1, 2, 0, 0, 0, 5, 0, 40, 0, 0, 41, 1, 0, 4, 0, 0, 0, 3, 5, 5, 0, 3, 2, 0, 5, 0, 0, 0, 0, 1, 0, 3, 4, 4, 4, 0, 44, 3, 0, 5, 0, 2, 1, 3, 0, 0, 4, 0, 0, 4, 4, 0, 40, 3, 44, 0, 1, 0, : 4, 1, 4, 2, 5, 41, 4, 5, 5, 4, 41, 3, 44, 4, 43, 1, 5, 2, 1, 1, 44, 1, 41, 2, 3, 3, 1, 43, 42, 5, 2, 5, 1, 2, 5, 40, 41, 1, 4, 3, 5, 5, 3, 2, 5, 1, 3, 4, 4, 4, 44, 3, 5, 2, 1, 3, 4, 4, 4, 40, 3, 44, 1, 
219: 0, 1, 3, 43, 43, 2, 4, 0, 0, 0, 0, 1, 1, 4, 0, 0, 0, 0, 0, 5, 2, 4, 44, 5, 0, 0, 2, 4, 44, 4, 5, 2, 3, 0, 0, 1, 1, 5, 0, 1, 0, 0, 0, 4, 5, 3, 0, 2, 5, 1, 0, 3, 1, 1, 0, 2, 1, 5, 1, 0, 0, 4, 1, 0, 0, 0, 1, 1, 2, 2, 0, 0, 0, 2, 1, 41, 0, 0, 3, 42, 2, 3, 0, 4, 1, 3, 0, 44, 4, 40, 0, 0, 0, 5, 4, 0, 3, 0, 0, 0, 0, 4, 0, 2, 41, 1, 0, 0, 0, 0, 0, 0, 3, 0, 1, 2, 2, 4, 0, 0, : 1, 3, 43, 43, 2, 4, 1, 1, 4, 5, 2, 4, 44, 5, 2, 4, 44, 4, 5, 2, 3, 1, 1, 5, 1, 4, 5, 3, 2, 5, 1, 3, 1, 1, 2, 1, 5, 1, 4, 1, 1, 1, 2, 2, 2, 1, 41, 3, 42, 2, 3, 4, 1, 3, 44, 4, 40, 5, 4, 3, 4, 2, 41, 1, 3, 1, 2, 2, 4, 
442: 3, 4, 0, 0, 0, 0, 4, 0, 4, 0, 4, 0, 0, 5, 2, 0, 0, 0, 0, 0, 3, 3, 0, 0, 1, 0, 5, 0, 0, 4, 0, 0, 5, 0, 4, 2, 0, 0, 0, 5, 0, 3, 44, 0, 0, 41, 0, 0, 0, 0, 0, 0, 4, 3, 3, 0, 0, 3, 0, 0, 5, 1, 0, 3, 0, 0, 4, 0, 5, 0, 0, 1, 40, 0, 43, 0, 0, 0, 0, 0, 5, 0, 0, 4, 0, 2, 0, 0, 1, 0, 0, 2, 0, 0, 5, 3, 0, 42, 4, 3, 0, 0, 5, 2, 5, 44, 3, 4, 5, 0, 1, 2, 3, 4, 4, 1, 3, 1, 0, 44, : 3, 4, 4, 4, 4, 5, 2, 3, 3, 1, 5, 4, 5, 4, 2, 5, 3, 44, 41, 4, 3, 3, 3, 5, 1, 3, 4, 5, 1, 40, 43, 5, 4, 2, 1, 2, 5, 3, 42, 4, 3, 5, 2, 5, 44, 3, 4, 5, 1, 2, 3, 4, 4, 1, 3, 1, 44, 
348: 1, 1, 0, 1, 1, 0, 0, 4, 1, 4, 0, 0, 0, 40, 44, 0, 5, 0, 2, 4, 0, 1, 0, 42, 4, 0, 0, 3, 0, 3, 0, 3, 1, 43, 4, 1, 1, 0, 0, 0, 0, 0, 0, 0, 1, 0, 0, 0, 3, 1, 5, 0, 0, 0, 0, 1, 3, 0, 5, 0, 2, 0, 4, 0, 1, 0, 0, 0, 0, 41, 41, 0, 3, 0, 1, 2, 40, 1, 0, 4, 0, 0, 0, 0, 0, 1, 4, 0, 0, 1, 0, 0, 0, 0, 0, 43, 0, 0, 0, 0, 4, 3, 4, 0, 4, 0, 0, 0, 0, 0, 0, 0, 0, 3, 0, 5, 0, 3, 4, 0, : 1, 1, 1, 1, 4, 1, 4, 40, 44, 5, 2, 4, 1, 42, 4, 3, 3, 3, 1, 43, 4, 1, 1, 1, 3, 1, 5, 1, 3, 5, 2, 4, 1, 41, 41, 3, 1, 2, 40, 1, 4, 1, 4, 1, 43, 4, 3, 4, 4, 3, 5, 3, 4, 
189: 43, 5, 4, 0, 0, 0, 0, 0, 0, 1, 0, 0, 0, 0, 2, 0, 0, 3, 0, 5, 3, 0, 0, 0, 40, 0, 0, 0, 0, 3, 2, 0, 0, 0, 5, 1, 2, 3, 0, 2, 0, 0, 5, 3, 42, 0, 42, 2, 0, 0, 3, 0, 0, 0, 0, 4, 0, 2, 4, 2, 44, 0, 4, 0, 0, 0, 0, 5, 1, 0, 5, 1, 0, 0, 0, 0, 2, 4, 3, 0, 4, 1, 40, 0, 0, 0, 0, 0, 3, 5, 3, 1, 4, 0, 4, 3, 4, 5, 0, 0, 0, 0, 0, 44, 1, 0, 0, 0, 0, 0, 4, 3, 0, 4, 0, 5, 0, 1, 0, 2, : 43, 5, 4, 1, 2, 3, 5, 3, 40, 3, 2, 5, 1, 2, 3, 2, 5, 3, 42, 42, 2, 3, 4, 2, 4, 2, 44, 4, 5, 1, 5, 1, 2, 4, 3, 4, 1, 40, 3, 5, 3, 1, 4, 4, 3, 4, 5, 44, 1, 4, 3, 4, 5, 1, 2, 
546: 0, 5, 0, 4, 0, 0, 1, 4, 5, 0, 5, 0, 0, 0, 0, 2, 40, 5, 0, 5, 0, 3, 0, 4, 3, 0, 0, 5, 0, 0, 0, 4, 0, 0, 0, 43, 0, 5, 3, 5, 0, 2, 0, 3, 0, 0, 1, 0, 44, 0, 0, 0, 3, 0, 2, 2, 0, 4, 0, 4, 4, 0, 0, 5, 2, 0, 5, 0, 0, 0, 0, 0, 0, 2, 2, 0, 4, 0, 40, 5, 5, 43, 4, 0, 0, 0, 0, 1, 4, 1, 4, 2, 0, 4, 0, 1, 0, 0, 44, 0, 4, 1, 0, 0, 40, 5, 0, 0, 3, 5, 0, 4, 0, 0, 0, 0, 3, 4, 0, 0, : 5, 4, 1, 4, 5, 5, 2, 40, 5, 5, 3, 4, 3, 5, 4, 43, 5, 3, 5, 2, 3, 1, 44, 3, 2, 2, 4, 4, 4, 5, 2, 5, 2, 2, 4, 40, 5, 5, 43, 4, 1, 4, 1, 4, 2, 4, 1, 44, 4, 1, 40, 5, 3, 5, 4, 3, 4, 
428: 0, 1, 42, 1, 1, 4, 0, 0, 1, 0, 44, 5, 5, 3, 0, 0, 0, 1, 5, 1, 0, 0, 5, 5, 1, 4, 0, 0, 0, 0, 4, 3, 0, 3, 5, 0, 0, 3, 3, 5, 5, 0, 0, 43, 5, 44, 44, 1, 0, 1, 3, 2, 1, 0, 42, 5, 1, 0, 3, 1, 4, 5, 0, 0, 4, 1, 0, 0, 0, 3, 0, 0, 1, 1, 5, 3, 0, 1, 1, 2, 0, 2, 0, 0, 0, 0, 0, 0, 5, 1, 0, 5, 0, 2, 5, 0, 4, 0, 0, 0, 3, 43, 2, 5, 0, 0, 0, 0, 1, 0, 1, 2, 2, 0, 0, 3, 2, 0, 0, 0, : 1, 42, 1, 1, 4, 1, 44, 5, 5, 3, 1, 5, 1, 5, 5, 1, 4, 4, 3, 3, 5, 3, 3, 5, 5, 43, 5, 44, 44, 1, 1, 3, 2, 1, 42, 5, 1, 3, 1, 4, 5, 4, 1, 3, 1, 1, 5, 3, 1, 1, 2, 2, 5, 1, 5, 2, 5, 4, 3, 43, 2, 5, 1, 1, 2, 2, 3, 2, 
308: 0, 0, 0, 5, 0, 1, 0, 0, 4, 0, 0, 2, 0, 0, 1, 40, 4, 0, 2, 2, 0, 4, 1, 5, 0, 0, 1, 0, 3, 3, 1, 4, 0, 2, 4, 2, 2, 0, 0, 1, 1, 0, 0, 5, 0, 2, 4, 1, 5, 1, 0, 3, 5, 44, 0, 5, 3, 0, 4, 44, 0, 4, 3, 4, 0, 40, 5, 44, 0, 0, 0, 4, 4, 0, 0, 5, 0, 3, 0, 0, 43, 5, 4, 1, 42, 1, 43, 0, 1, 2, 3, 0, 2, 0, 0, 1, 1, 1, 2, 0, 1, 0, 0, 0, 3, 0, 2, 3, 4, 44, 41, 0, 3, 1, 1, 3, 3, 3, 2, 0, : 5, 1, 4, 2, 1, 40, 4, 2, 2, 4, 1, 5, 1, 3, 3, 1, 4, 2, 4, 2, 2, 1, 1, 5, 2, 4, 1, 5, 1, 3, 5, 44, 5, 3, 4, 44, 4, 3, 4, 40, 5, 44, 4, 4, 5, 3, 43, 5, 4, 1, 42, 1, 43, 1, 2, 3, 2, 1, 1, 1, 2, 1, 3, 2, 3, 4, 44, 41, 3, 1, 1, 3, 3, 3, 2, 
468: 5, 5, 3, 0, 0, 0, 5, 5, 5, 3, 0, 0, 0, 4, 0, 4, 0, 0, 1, 5, 0, 3, 1, 5, 1, 42, 4, 41, 0, 1, 3, 5, 3, 4, 2, 2, 4, 2, 2, 5, 0, 0, 0, 1, 0, 0, 0, 1, 1, 0, 41, 0, 1, 0, 3, 0, 3, 0, 2, 5, 1, 1, 1, 0, 0, 1, 0, 43, 0, 5, 0, 0, 0, 0, 0, 2, 4, 0, 3, 3, 4, 2, 42, 0, 0, 1, 0, 0, 0, 2, 4, 4, 42, 0, 4, 2, 0, 0, 0, 0, 0, 1, 5, 1, 3, 43, 0, 2, 3, 0, 0, 0, 4, 5, 0, 0, 0, 0, 1, 3, : 5, 5, 3, 5, 5, 5, 3, 4, 4, 1, 5, 3, 1, 5, 1, 42, 4, 41, 1, 3, 5, 3, 4, 2, 2, 4, 2, 2, 5, 1, 1, 1, 41, 1, 3, 3, 2, 5, 1, 1, 1, 1, 43, 5, 2, 4, 3, 3, 4, 2, 42, 1, 2, 4, 4, 42, 4, 2, 1, 5, 1, 3, 43, 2, 3, 4, 5, 1, 3, 
153: 3, 0, 0, 0, 0, 0, 2, 0, 0, 0, 0, 43, 4, 0, 0, 2, 4, 1, 0, 0, 3, 5, 0, 0, 0, 5, 0, 0, 0, 0, 2, 0, 5, 0, 0, 43, 0, 0, 0, 4, 1, 0, 0, 0, 0, 0, 2, 0, 1, 4, 0, 5, 2, 0, 3, 2, 0, 1, 1, 4, 0, 0, 0, 0, 0, 3, 1, 1, 0, 4, 0, 1, 0, 5, 1, 0, 3, 41, 5, 5, 3, 1, 2, 0, 0, 2, 2, 5, 5, 3, 3, 4, 0, 0, 40, 4, 44, 4, 4, 3, 0, 0, 5, 0, 0, 0, 2, 0, 0, 0, 3, 3, 1, 0, 5, 0, 0, 0, 0, 4, : 3, 2, 43, 4, 2, 4, 1, 3, 5, 5, 2, 5, 43, 4, 1, 2, 1, 4, 5, 2, 3, 2, 1, 1, 4, 3, 1, 1, 4, 1, 5, 1, 3, 41, 5, 5, 3, 1, 2, 2, 2, 5, 5, 3, 3, 4, 40, 4, 44, 4, 4, 3, 5, 2, 3, 3, 1, 5, 4, 
290: 3, 3, 0, 0, 0, 0, 5, 1, 0, 2, 0, 0, 0, 0, 0, 2, 3, 5, 3, 1, 0, 0, 5, 4, 41, 0, 0, 0, 40, 0, 0, 3, 0, 0, 0, 0, 5, 0, 0, 0, 0, 0, 0, 0, 0, 1, 4, 0, 5, 0, 0, 2, 2, 4, 0, 4, 3, 0, 0, 4, 4, 0, 0, 1, 2, 2, 0, 0, 0, 0, 0, 0, 40, 0, 3, 0, 2, 0, 0, 4, 2, 4, 0, 0, 42, 0, 0, 40, 0, 0, 40, 0, 0, 2, 4, 0, 3, 2, 1, 2, 0, 0, 3, 1, 0, 41, 0, 2, 0, 0, 0, 0, 0, 0, 3, 5, 0, 0, 0, 3, : 3, 3, 5, 1, 2, 2, 3, 5, 3, 1, 5, 4, 41, 40, 3, 5, 1, 4, 5, 2, 2, 4, 4, 3, 4, 4, 1, 2, 2, 40, 3, 2, 4, 2, 4, 42, 40, 40, 2, 4, 3, 2, 1, 2, 3, 1, 41, 2, 3, 5, 3, 
424: 3, 0, 0, 40, 0, 1, 5, 2, 1, 0, 0, 0, 1, 2, 0, 0, 0, 4, 0, 0, 0, 2, 1, 0, 1, 0, 2, 0, 0, 0, 1, 3, 5, 5, 4, 0, 0, 0, 3, 1, 0, 0, 1, 3, 3, 0, 0, 0, 0, 0, 0, 43, 0, 5, 4, 0, 2, 2, 0, 0, 44, 4, 0, 0, 0, 3, 3, 0, 2, 0, 0, 0, 3, 0, 2, 5, 5, 2, 0, 1, 5, 1, 0, 0, 0, 4, 0, 0, 0, 3, 41, 0, 0, 0, 1, 0, 0, 40, 5, 0, 4, 0, 1, 0, 0, 0, 43, 5, 0, 5, 0, 0, 4, 40, 0, 0, 5, 0, 0, 5, : 3, 40, 1, 5, 2, 1, 1, 2, 4, 2, 1, 1, 2, 1, 3, 5, 5, 4, 3, 1, 1, 3, 3, 43, 5, 4, 2, 2, 44, 4, 3, 3, 2, 3, 2, 5, 5, 2, 1, 5, 1, 4, 3, 41, 1, 40, 5, 4, 1, 43, 5, 5, 4, 40, 5, 5, 
545: 0, 0, 0, 2, 3, 4, 2, 0, 0, 2, 0, 0, 0, 0, 1, 0, 3, 5, 0, 3, 0, 1, 4, 2, 5, 2, 0, 1, 0, 0, 0, 0, 0, 0, 0, 0, 0, 0, 0, 0, 0, 0, 0, 5, 0, 0, 0, 2, 4, 0, 0, 4, 0, 0, 5, 0, 0, 5, 2, 4, 0, 1, 1, 0, 3, 3, 0, 0, 4, 2, 5, 0, 0, 0, 1, 0, 0, 0, 3, 0, 2, 1, 0, 4, 3, 4, 0, 0, 1, 0, 0, 4, 4, 0, 0, 0, 2, 41, 0, 0, 0, 5, 4, 0, 2, 0, 1, 1, 2, 2, 4, 0, 0, 0, 0, 2, 0, 0, 0, 0, : 2, 3, 4, 2, 2, 1, 3, 5, 3, 1, 4, 2, 5, 2, 1, 5, 2, 4, 4, 5, 5, 2, 4, 1, 1, 3, 3, 4, 2, 5, 1, 3, 2, 1, 4, 3, 4, 1, 4, 4, 2, 41, 5, 4, 2, 1, 1, 2, 2, 4, 2, 
560: 1, 3, 0, 0, 0, 5, 5, 0, 40, 0, 0, 0, 0, 0, 0, 0, 0, 1, 41, 0, 0, 0, 4, 0, 2, 1, 0, 0, 4, 0, 44, 3, 3, 0, 1, 4, 0, 0, 5, 0, 0, 0, 0, 5, 2, 4, 0, 0, 0, 0, 1, 0, 0, 3, 5, 1, 0, 0, 4, 0, 1, 0, 1, 0, 42, 43, 0, 5, 0, 0, 0, 0, 3, 4, 0, 0, 2, 0, 0, 0, 1, 0, 0, 1, 3, 2, 0, 0, 0, 0, 42, 40, 3, 40, 0, 0, 0, 0, 0, 0, 3, 0, 2, 5, 3, 0, 0, 3, 0, 0, 3, 41, 0, 4, 3, 3, 1, 4, 1, 1, : 1, 3, 5, 5, 40, 1, 41, 4, 2, 1, 4, 44, 3, 3, 1, 4, 5, 5, 2, 4, 1, 3, 5, 1, 4, 1, 1, 42, 43, 5, 3, 4, 2, 1, 1, 3, 2, 42, 40, 3, 40, 3, 2, 5, 3, 3, 3, 41, 4, 3, 3, 1, 4, 1, 1, 
34: 0, 0, 41, 0, 43, 0, 0, 0, 2, 1, 0, 40, 1, 0, 0, 1, 5, 5, 5, 0, 0, 0, 0, 1, 42, 2, 1, 0, 0, 40, 0, 5, 44, 40, 5, 4, 0, 0, 0, 40, 0, 0, 0, 2, 0, 42, 42, 1, 3, 0, 0, 0, 3, 2, 5, 2, 0, 1, 0, 44, 5, 2, 4, 0, 0, 0, 0, 2, 1, 4, 0, 0, 0, 1, 0, 0, 5, 5, 1, 0, 0, 3, 3, 1, 0, 0, 5, 2, 5, 5, 0, 0, 0, 0, 5, 1, 0, 1, 3, 0, 0, 0, 0, 2, 0, 0, 0, 0, 0, 4, 0, 0, 4, 2, 4, 3, 0, 0, 0, 0, : 41, 43, 2, 1, 40, 1, 1, 5, 5, 5, 1, 42, 2, 1, 40, 5, 44, 40, 5, 4, 40, 2, 42, 42, 1, 3, 3, 2, 5, 2, 1, 44, 5, 2, 4, 2, 1, 4, 1, 5, 5, 1, 3, 3, 1, 5, 2, 5, 5, 5, 1, 1, 3, 2, 4, 4, 2, 4, 3, 
36: 0, 2, 0, 5, 1, 0, 4, 0, 0, 3, 2, 3, 43, 0, 0, 0, 3, 4, 0, 5, 0, 1, 5, 0, 42, 0, 2, 1, 0, 3, 0, 4, 3, 1, 0, 41, 0, 2, 3, 0, 0, 0, 0, 5, 0, 4, 0, 1, 0, 3, 0, 4, 5, 1, 0, 2, 0, 0, 2, 0, 0, 0, 41, 0, 0, 0, 4, 0, 2, 3, 0, 0, 0, 3, 0, 0, 2, 0, 1, 0, 4, 0, 2, 1, 0, 2, 0, 4, 0, 3, 0, 4, 0, 0, 0, 2, 1, 0, 5, 0, 2, 1, 4, 1, 3, 3, 2, 43, 0, 0, 0, 2, 0, 0, 0, 3, 0, 0, 1, 0, : 2, 5, 1, 4, 3, 2, 3, 43, 3, 4, 5, 1, 5, 42, 2, 1, 3, 4, 3, 1, 41, 2, 3, 5, 4, 1, 3, 4, 5, 1, 2, 2, 41, 4, 2, 3, 3, 2, 1, 4, 2, 1, 2, 4, 3, 4, 2, 1, 5, 2, 1, 4, 1, 3, 3, 2, 43, 2, 3, 1, 
79: 2, 0, 1, 3, 3, 5, 5, 0, 0, 2, 0, 0, 0, 1, 0, 0, 5, 0, 0, 0, 0, 0, 40, 4, 0, 3, 0, 0, 0, 0, 3, 3, 0, 0, 4, 44, 0, 0, 5, 2, 4, 1, 41, 1, 4, 0, 0, 1, 1, 0, 0, 1, 0, 0, 0, 5, 5, 1, 0, 3, 0, 0, 0, 0, 2, 4, 5, 2, 0, 5, 0, 3, 3, 0, 0, 0, 0, 5, 3, 2, 0, 0, 0, 0, 2, 0, 2, 4, 0, 0, 2, 0, 4, 41, 0, 0, 2, 0, 2, 0, 0, 0, 3, 5, 3, 4, 0, 3, 2, 1, 0, 4, 3, 5, 0, 3, 1, 0, 4, 0, : 2, 1, 3, 3, 5, 5, 2, 1, 5, 40, 4, 3, 3, 3, 4, 44, 5, 2, 4, 1, 41, 1, 4, 1, 1, 1, 5, 5, 1, 3, 2, 4, 5, 2, 5, 3, 3, 5, 3, 2, 2, 2, 4, 2, 4, 41, 2, 2, 3, 5, 3, 4, 3, 2, 1, 4, 3, 5, 3, 1, 4, 
355: 0, 4, 43, 4, 4, 0, 1, 0, 0, 3, 0, 1, 0, 0, 0, 3, 4, 0, 1, 2, 1, 3, 1, 0, 0, 0, 2, 0, 0, 0, 0, 3, 1, 3, 3, 4, 5, 4, 0, 2, 0, 0, 42, 5, 0, 43, 0, 1, 3, 4, 1, 0, 0, 0, 0, 2, 0, 0, 5, 2, 2, 0, 0, 0, 4, 0, 0, 0, 0, 2, 0, 0, 0, 1, 0, 3, 42, 0, 3, 1, 0, 43, 5, 4, 0, 0, 41, 5, 0, 0, 0, 4, 0, 0, 5, 3, 0, 0, 0, 0, 2, 5, 4, 2, 5, 0, 0, 1, 3, 0, 1, 0, 0, 4, 0, 1, 0, 3, 0, 0, : 4, 43, 4, 4, 1, 3, 1, 3, 4, 1, 2, 1, 3, 1, 2, 3, 1, 3, 3, 4, 5, 4, 2, 42, 5, 43, 1, 3, 4, 1, 2, 5, 2, 2, 4, 2, 1, 3, 42, 3, 1, 43, 5, 4, 41, 5, 4, 5, 3, 2, 5, 4, 2, 5, 1, 3, 1, 4, 1, 3, 
42: 0, 1, 0, 0, 0, 0, 2, 0, 0, 1, 0, 0, 0, 0, 0, 3, 0, 0, 3, 3, 4, 1, 2, 4, 2, 0, 5, 5, 5, 0, 0, 0, 41, 3, 4, 1, 1, 0, 0, 5, 1, 41, 5, 41, 0, 5, 41, 0, 0, 0, 1, 2, 3, 5, 0, 0, 2, 1, 0, 0, 1, 41, 1, 0, 0, 0, 0, 0, 0, 5, 0, 0, 0, 0, 0, 0, 1, 5, 0, 0, 2, 0, 5, 0, 0, 0, 2, 0, 4, 0, 1, 5, 5, 0, 0, 0, 0, 3, 0, 5, 0, 0, 2, 0, 2, 1, 2, 2, 3, 0, 0, 0, 4, 0, 0, 40, 3, 44, 0, 44, : 1, 2, 1, 3, 3, 3, 4, 1, 2, 4, 2, 5, 5, 5, 41, 3, 4, 1, 1, 5, 1, 41, 5, 41, 5, 41, 1, 2, 3, 5, 2, 1, 1, 41, 1, 5, 1, 5, 2, 5, 2, 4, 1, 5, 5, 3, 5, 2, 2, 1, 2, 2, 3, 4, 40, 3, 44, 44, 
187: 3, 2, 0, 0, 5, 1, 0, 2, 0, 2, 0, 0, 1, 5, 4, 4, 0, 0, 1, 0, 0, 5, 1, 4, 0, 43, 0, 0, 0, 4, 0, 4, 0, 0, 4, 1, 4, 5, 0, 0, 0, 0, 5, 0, 42, 0, 4, 43, 0, 0, 0, 3, 0, 0, 0, 3, 2, 0, 0, 2, 3, 1, 0, 0, 2, 0, 0, 0, 0, 1, 2, 0, 0, 0, 44, 2, 0, 2, 0, 4, 1, 0, 0, 0, 0, 3, 0, 0, 4, 0, 3, 2, 5, 0, 4, 4, 5, 0, 4, 2, 1, 0, 1, 5, 3, 4, 43, 0, 0, 0, 0, 43, 0, 3, 4, 1, 44, 0, 2, 3, : 3, 2, 5, 1, 2, 2, 1, 5, 4, 4, 1, 5, 1, 4, 43, 4, 4, 4, 1, 4, 5, 5, 42, 4, 43, 3, 3, 2, 2, 3, 1, 2, 1, 2, 44, 2, 2, 4, 1, 3, 4, 3, 2, 5, 4, 4, 5, 4, 2, 1, 1, 5, 3, 4, 43, 43, 3, 4, 1, 44, 2, 3, 
166: 0, 2, 0, 0, 4, 1, 4, 0, 0, 5, 0, 5, 0, 2, 0, 0, 0, 43, 0, 0, 0, 3, 1, 0, 0, 0, 4, 0, 0, 4, 0, 4, 0, 1, 0, 4, 3, 0, 0, 4, 0, 0, 0, 1, 0, 0, 40, 4, 0, 0, 0, 0, 4, 2, 40, 3, 0, 0, 2, 0, 2, 0, 5, 0, 2, 0, 0, 5, 0, 0, 0, 0, 0, 0, 0, 3, 5, 1, 5, 0, 3, 0, 0, 3, 44, 5, 5, 5, 0, 5, 2, 0, 5, 4, 0, 0, 4, 0, 4, 0, 4, 0, 0, 4, 4, 0, 0, 0, 0, 5, 0, 5, 0, 2, 5, 4, 2, 0, 4, 0, : 2, 4, 1, 4, 5, 5, 2, 43, 3, 1, 4, 4, 4, 1, 4, 3, 4, 1, 40, 4, 4, 2, 40, 3, 2, 2, 5, 2, 5, 3, 5, 1, 5, 3, 3, 44, 5, 5, 5, 5, 2, 5, 4, 4, 4, 4, 4, 4, 5, 5, 2, 5, 4, 2, 4, 
27: 0, 1, 0, 0, 2, 40, 0, 0, 5, 0, 0, 0, 2, 0, 0, 40, 0, 0, 4, 0, 5, 3, 3, 0, 0, 3, 0, 0, 0, 0, 0, 0, 0, 2, 0, 0, 0, 0, 0, 0, 0, 0, 1, 0, 0, 0, 4, 0, 43, 44, 2, 0, 0, 3, 0, 2, 2, 0, 1, 5, 0, 5, 2, 0, 4, 3, 0, 2, 0, 4, 0, 0, 1, 2, 0, 0, 44, 0, 2, 0, 4, 1, 0, 0, 0, 4, 0, 0, 0, 0, 44, 0, 0, 2, 0, 0, 3, 1, 2, 0, 5, 0, 0, 43, 42, 0, 4, 0, 3, 0, 0, 0, 2, 4, 5, 0, 1, 0, 5, 0, : 1, 2, 40, 5, 2, 40, 4, 5, 3, 3, 3, 2, 1, 4, 43, 44, 2, 3, 2, 2, 1, 5, 5, 2, 4, 3, 2, 4, 1, 2, 44, 2, 4, 1, 4, 44, 2, 3, 1, 2, 5, 43, 42, 4, 3, 2, 4, 5, 1, 5, 
149: 0, 3, 0, 0, 3, 40, 0, 1, 0, 41, 0, 0, 0, 0, 2, 0, 4, 41, 4, 5, 0, 0, 0, 41, 0, 5, 0, 3, 4, 1, 1, 2, 0, 0, 0, 0, 0, 43, 0, 0, 4, 0, 0, 0, 0, 3, 4, 5, 41, 0, 0, 1, 4, 0, 0, 2, 5, 4, 0, 1, 0, 2, 0, 3, 43, 5, 0, 0, 0, 0, 0, 4, 1, 4, 0, 0, 3, 3, 0, 0, 4, 4, 0, 1, 2, 4, 4, 0, 0, 0, 2, 0, 5, 0, 4, 0, 2, 0, 3, 0, 2, 2, 3, 0, 1, 0, 41, 5, 3, 2, 0, 5, 0, 1, 0, 0, 0, 0, 0, 0, : 3, 3, 40, 1, 41, 2, 4, 41, 4, 5, 41, 5, 3, 4, 1, 1, 2, 43, 4, 3, 4, 5, 41, 1, 4, 2, 5, 4, 1, 2, 3, 43, 5, 4, 1, 4, 3, 3, 4, 4, 1, 2, 4, 4, 2, 5, 4, 2, 3, 2, 2, 3, 1, 41, 5, 3, 2, 5, 1, 
376: 43, 43, 0, 0, 5, 4, 3, 44, 0, 0, 0, 0, 0, 5, 0, 0, 0, 0, 40, 0, 0, 0, 1, 1, 3, 1, 5, 1, 3, 3, 0, 1, 0, 3, 4, 3, 0, 5, 2, 4, 4, 0, 0, 4, 43, 0, 0, 41, 5, 5, 0, 0, 1, 0, 41, 1, 0, 0, 3, 5, 2, 5, 2, 2, 1, 2, 0, 0, 0, 4, 1, 2, 5, 5, 1, 0, 1, 0, 2, 3, 0, 0, 4, 4, 3, 0, 0, 0, 0, 0, 3, 2, 0, 1, 0, 0, 4, 0, 0, 41, 4, 0, 41, 0, 2, 2, 5, 0, 0, 1, 1, 0, 0, 0, 2, 0, 0, 0, 0, 0, : 43, 43, 5, 4, 3, 44, 5, 40, 1, 1, 3, 1, 5, 1, 3, 3, 1, 3, 4, 3, 5, 2, 4, 4, 4, 43, 41, 5, 5, 1, 41, 1, 3, 5, 2, 5, 2, 2, 1, 2, 4, 1, 2, 5, 5, 1, 1, 2, 3, 4, 4, 3, 3, 2, 1, 4, 41, 4, 41, 2, 2, 5, 1, 1, 2, 
150: 0, 5, 4, 0, 0, 1, 0, 0, 0, 0, 0, 3, 42, 1, 4, 4, 1, 0, 0, 40, 0, 5, 0, 1, 0, 0, 0, 1, 0, 2, 0, 4, 0, 4, 2, 4, 4, 5, 0, 2, 1, 0, 0, 3, 5, 4, 5, 0, 0, 4, 5, 0, 0, 0, 3, 1, 0, 2, 3, 5, 0, 4, 0, 0, 0, 0, 2, 0, 0, 1, 0, 3, 0, 5, 0, 0, 40, 5, 5, 0, 0, 0, 3, 0, 0, 1, 0, 0, 0, 2, 1, 42, 3, 3, 0, 0, 1, 5, 0, 0, 1, 3, 1, 4, 2, 0, 5, 0, 0, 43, 0, 5, 0, 2, 0, 3, 4, 5, 4, 1, : 5, 4, 1, 3, 42, 1, 4, 4, 1, 40, 5, 1, 1, 2, 4, 4, 2, 4, 4, 5, 2, 1, 3, 5, 4, 5, 4, 5, 3, 1, 2, 3, 5, 4, 2, 1, 3, 5, 40, 5, 5, 3, 1, 2, 1, 42, 3, 3, 1, 5, 1, 3, 1, 4, 2, 5, 43, 5, 2, 3, 4, 5, 4, 1, 
206: 0, 1, 0, 3, 0, 0, 0, 0, 0, 0, 1, 41, 0, 1, 3, 1, 5, 0, 0, 0, 0, 2, 2, 1, 0, 0, 5, 0, 3, 1, 4, 0, 2, 44, 5, 4, 0, 0, 0, 2, 0, 5, 2, 0, 5, 4, 44, 0, 0, 0, 0, 2, 3, 0, 0, 0, 3, 0, 1, 2, 0, 0, 1, 0, 0, 1, 2, 5, 4, 5, 0, 0, 3, 0, 0, 0, 3, 44, 0, 0, 0, 5, 0, 0, 0, 44, 0, 0, 0, 0, 4, 0, 5, 0, 0, 3, 3, 5, 3, 2, 0, 0, 1, 0, 0, 2, 0, 0, 42, 0, 4, 1, 5, 3, 0, 1, 0, 0, 2, 0, : 1, 3, 1, 41, 1, 3, 1, 5, 2, 2, 1, 5, 3, 1, 4, 2, 44, 5, 4, 2, 5, 2, 5, 4, 44, 2, 3, 3, 1, 2, 1, 1, 2, 5, 4, 5, 3, 3, 44, 5, 44, 4, 5, 3, 3, 5, 3, 2, 1, 2, 42, 4, 1, 5, 3, 1, 2, 
600: 0, 4, 0, 0, 0, 3, 4, 0, 0, 0, 43, 0, 0, 0, 4, 4, 1, 0, 0, 0, 44, 4, 0, 1, 3, 44, 0, 5, 0, 3, 5, 0, 2, 0, 3, 1, 0, 1, 0, 2, 1, 0, 0, 3, 3, 3, 0, 4, 0, 0, 0, 3, 2, 0, 0, 0, 1, 5, 3, 4, 43, 0, 0, 0, 5, 0, 1, 0, 1, 1, 0, 0, 2, 2, 3, 0, 2, 0, 3, 4, 2, 0, 0, 43, 41, 0, 0, 0, 5, 0, 5, 3, 0, 4, 5, 0, 0, 0, 0, 0, 0, 0, 40, 5, 0, 5, 0, 5, 4, 0, 3, 0, 0, 3, 40, 2, 1, 1, 0, 0, : 4, 3, 4, 43, 4, 4, 1, 44, 4, 1, 3, 44, 5, 3, 5, 2, 3, 1, 1, 2, 1, 3, 3, 3, 4, 3, 2, 1, 5, 3, 4, 43, 5, 1, 1, 1, 2, 2, 3, 2, 3, 4, 2, 43, 41, 5, 5, 3, 4, 5, 40, 5, 5, 5, 4, 3, 3, 40, 2, 1, 1, 
312: 4, 0, 3, 1, 1, 0, 2, 1, 1, 4, 4, 40, 0, 0, 0, 0, 0, 0, 0, 5, 0, 0, 2, 0, 3, 2, 2, 0, 0, 1, 0, 1, 0, 0, 0, 0, 0, 42, 5, 0, 41, 0, 0, 0, 0, 1, 5, 0, 3, 3, 0, 4, 4, 2, 0, 5, 0, 0, 5, 5, 0, 1, 0, 0, 0, 44, 0, 0, 40, 44, 4, 4, 41, 0, 1, 0, 4, 1, 0, 2, 5, 4, 0, 2, 0, 2, 41, 5, 0, 0, 0, 0, 0, 0, 4, 0, 2, 0, 0, 2, 44, 4, 5, 0, 44, 0, 42, 4, 0, 5, 1, 0, 0, 0, 0, 0, 0, 0, 5, 43, : 4, 3, 1, 1, 2, 1, 1, 4, 4, 40, 5, 2, 3, 2, 2, 1, 1, 42, 5, 41, 1, 5, 3, 3, 4, 4, 2, 5, 5, 5, 1, 44, 40, 44, 4, 4, 41, 1, 4, 1, 2, 5, 4, 2, 2, 41, 5, 4, 2, 2, 44, 4, 5, 44, 42, 4, 5, 1, 5, 43, 
224: 0, 1, 40, 0, 0, 4, 0, 0, 0, 40, 40, 0, 0, 1, 4, 0, 0, 0, 0, 0, 0, 1, 1, 0, 0, 0, 2, 5, 3, 5, 0, 5, 4, 1, 5, 0, 4, 0, 0, 0, 0, 40, 0, 1, 0, 1, 0, 5, 40, 0, 40, 0, 0, 0, 0, 2, 0, 1, 0, 3, 3, 0, 0, 0, 4, 0, 0, 1, 0, 1, 1, 0, 5, 3, 2, 0, 0, 3, 0, 0, 0, 0, 0, 0, 0, 40, 4, 2, 1, 5, 5, 3, 0, 3, 0, 0, 0, 0, 0, 0, 1, 2, 1, 1, 0, 2, 0, 1, 3, 0, 2, 0, 5, 0, 0, 4, 44, 0, 1, 0, : 1, 40, 4, 40, 40, 1, 4, 1, 1, 2, 5, 3, 5, 5, 4, 1, 5, 4, 40, 1, 1, 5, 40, 40, 2, 1, 3, 3, 4, 1, 1, 1, 5, 3, 2, 3, 40, 4, 2, 1, 5, 5, 3, 3, 1, 2, 1, 1, 2, 1, 3, 2, 5, 4, 44, 1, 
64: 3, 0, 0, 0, 2, 4, 1, 0, 0, 0, 2, 0, 0, 4, 2, 2, 0, 3, 5, 5, 1, 4, 0, 5, 0, 5, 2, 0, 3, 5, 0, 1, 3, 5, 1, 0, 0, 0, 0, 0, 0, 5, 2, 0, 0, 5, 0, 0, 0, 0, 0, 0, 40, 3, 0, 5, 0, 5, 3, 40, 0, 2, 2, 2, 3, 0, 0, 0, 0, 42, 4, 41, 0, 1, 0, 0, 2, 0, 1, 3, 3, 1, 0, 0, 0, 1, 0, 0, 0, 0, 2, 2, 3, 0, 0, 0, 2, 3, 0, 0, 4, 1, 2, 3, 0, 5, 0, 0, 0, 0, 3, 0, 3, 2, 0, 0, 0, 3, 41, 0, : 3, 2, 4, 1, 2, 4, 2, 2, 3, 5, 5, 1, 4, 5, 5, 2, 3, 5, 1, 3, 5, 1, 5, 2, 5, 40, 3, 5, 5, 3, 40, 2, 2, 2, 3, 42, 4, 41, 1, 2, 1, 3, 3, 1, 1, 2, 2, 3, 2, 3, 4, 1, 2, 3, 5, 3, 3, 2, 3, 41, 
401: 2, 0, 1, 0, 0, 0, 4, 0, 0, 0, 0, 5, 0, 5, 0, 0, 3, 0, 4, 3, 42, 4, 2, 40, 0, 0, 4, 0, 0, 5, 0, 41, 0, 2, 0, 0, 0, 0, 0, 3, 0, 2, 0, 0, 4, 4, 0, 43, 43, 0, 4, 2, 1, 5, 0, 0, 0, 0, 0, 2, 4, 1, 5, 0, 3, 0, 0, 3, 0, 0, 0, 0, 0, 0, 0, 0, 3, 0, 4, 0, 4, 3, 44, 4, 0, 0, 0, 3, 3, 2, 2, 0, 0, 0, 4, 0, 4, 40, 0, 41, 2, 5, 1, 1, 5, 4, 0, 0, 5, 0, 44, 0, 0, 3, 0, 1, 4, 41, 1, 0, : 2, 1, 4, 5, 5, 3, 4, 3, 42, 4, 2, 40, 4, 5, 41, 2, 3, 2, 4, 4, 43, 43, 4, 2, 1, 5, 2, 4, 1, 5, 3, 3, 3, 4, 4, 3, 44, 4, 3, 3, 2, 2, 4, 4, 40, 41, 2, 5, 1, 1, 5, 4, 5, 44, 3, 1, 4, 41, 1, 
280: 0, 0, 2, 0, 4, 0, 0, 0, 0, 0, 0, 0, 0, 41, 0, 1, 0, 5, 2, 5, 0, 3, 0, 2, 5, 1, 1, 0, 0, 0, 41, 3, 0, 2, 2, 5, 0, 4, 0, 0, 3, 0, 2, 0, 5, 0, 1, 0, 1, 4, 0, 0, 0, 0, 0, 2, 0, 1, 43, 5, 0, 0, 5, 2, 5, 3, 0, 3, 3, 3, 0, 3, 0, 4, 0, 0, 3, 0, 1, 2, 0, 44, 0, 43, 0, 3, 1, 0, 0, 0, 0, 0, 0, 3, 0, 5, 2, 0, 0, 5, 0, 0, 0, 4, 0, 4, 0, 0, 1, 3, 0, 0, 0, 1, 1, 5, 0, 2, 2, 0, : 2, 4, 41, 1, 5, 2, 5, 3, 2, 5, 1, 1, 41, 3, 2, 2, 5, 4, 3, 2, 5, 1, 1, 4, 2, 1, 43, 5, 5, 2, 5, 3, 3, 3, 3, 3, 4, 3, 1, 2, 44, 43, 3, 1, 3, 5, 2, 5, 4, 4, 1, 3, 1, 1, 5, 2, 2, 
451: 2, 2, 2, 4, 4, 41, 0, 0, 2, 0, 0, 3, 0, 5, 0, 0, 0, 3, 1, 0, 1, 0, 5, 1, 3, 2, 0, 0, 5, 4, 4, 3, 0, 0, 0, 0, 0, 0, 1, 5, 5, 0, 0, 0, 0, 4, 0, 43, 2, 42, 0, 1, 0, 0, 1, 0, 0, 4, 1, 5, 5, 2, 0, 0, 0, 1, 2, 0, 1, 0, 1, 0, 0, 3, 0, 5, 0, 0, 0, 0, 0, 3, 0, 2, 4, 5, 0, 1, 3, 4, 44, 4, 0, 0, 0, 3, 0, 2, 4, 0, 4, 3, 1, 4, 2, 2, 3, 2, 0, 0, 5, 2, 0, 0, 0, 5, 0, 0, 5, 0, : 2, 2, 2, 4, 4, 41, 2, 3, 5, 3, 1, 1, 5, 1, 3, 2, 5, 4, 4, 3, 1, 5, 5, 4, 43, 2, 42, 1, 1, 4, 1, 5, 5, 2, 1, 2, 1, 1, 3, 5, 3, 2, 4, 5, 1, 3, 4, 44, 4, 3, 2, 4, 4, 3, 1, 4, 2, 2, 3, 2, 5, 2, 5, 5, 
75: 0, 4, 0, 3, 5, 5, 0, 2, 0, 5, 0, 0, 0, 4, 1, 0, 2, 1, 0, 0, 5, 1, 1, 1, 0, 0, 0, 2, 0, 43, 0, 0, 0, 5, 0, 0, 3, 3, 3, 0, 1, 40, 0, 4, 0, 5, 2, 3, 0, 0, 0, 0, 0, 42, 0, 4, 0, 0, 5, 5, 0, 0, 0, 5, 1, 5, 1, 5, 1, 3, 0, 1, 0, 1, 0, 2, 5, 0, 0, 4, 0, 1, 3, 0, 3, 3, 3, 0, 1, 0, 0, 0, 0, 2, 0, 5, 3, 1, 0, 3, 44, 0, 2, 0, 2, 5, 2, 0, 3, 3, 0, 4, 0, 3, 0, 5, 1, 2, 0, 0, : 4, 3, 5, 5, 2, 5, 4, 1, 2, 1, 5, 1, 1, 1, 2, 43, 5, 3, 3, 3, 1, 40, 4, 5, 2, 3, 42, 4, 5, 5, 5, 1, 5, 1, 5, 1, 3, 1, 1, 2, 5, 4, 1, 3, 3, 3, 3, 1, 2, 5, 3, 1, 3, 44, 2, 2, 5, 2, 3, 3, 4, 3, 5, 1, 2, 
155: 0, 0, 1, 0, 0, 0, 3, 4, 1, 3, 0, 0, 1, 43, 0, 3, 4, 40, 3, 0, 5, 0, 2, 5, 5, 5, 0, 4, 0, 1, 0, 1, 1, 40, 0, 0, 0, 0, 1, 0, 5, 0, 4, 0, 5, 2, 3, 0, 5, 3, 0, 4, 5, 5, 1, 0, 0, 43, 0, 4, 0, 2, 0, 1, 0, 1, 0, 2, 0, 4, 40, 5, 4, 0, 0, 0, 2, 3, 0, 5, 0, 3, 4, 4, 1, 43, 0, 0, 2, 0, 0, 0, 0, 0, 0, 2, 5, 0, 0, 0, 1, 5, 4, 1, 1, 4, 2, 2, 0, 4, 0, 0, 4, 3, 0, 0, 1, 1, 5, 0, : 1, 3, 4, 1, 3, 1, 43, 3, 4, 40, 3, 5, 2, 5, 5, 5, 4, 1, 1, 1, 40, 1, 5, 4, 5, 2, 3, 5, 3, 4, 5, 5, 1, 43, 4, 2, 1, 1, 2, 4, 40, 5, 4, 2, 3, 5, 3, 4, 4, 1, 43, 2, 2, 5, 1, 5, 4, 1, 1, 4, 2, 2, 4, 4, 3, 1, 1, 5, 


372: 3, 0, 0, 4, 5, 0, 1, 1, 42, 2, 0, 0, 0, 5, 1, 0, 5, 1, 0, 2, 0, 0, 40, 1, 0, 0, 0, 3, 43, 1, 4, 0, 0, 0, 0, 2, 0, 3, 2, 0, 44, 0, 3, 0, 5, 3, 40, 2, 0, 0, 1, 5, 1, 0, 1, 44, 0, 0, 0, 3, 4, 42, 0, 5, 0, 3, 0, 1, 0, 2, 4, 0, 0, 0, 0, 0, 0, 0, 0, 0, 0, 0, 5, 0, 0, 43, 0, 0, 3, 0, 43, 0, 1, 0, 0, 0, 2, 3, 0, 5, 3, 1, 41, 0, 3, 0, 2, 4, 0, 0, 5, 0, 0, 0, 5, 2, 0, 0, 0, 4, : 3, 4, 5, 1, 1, 42, 2, 5, 1, 5, 1, 2, 40, 1, 3, 43, 1, 4, 2, 3, 2, 44, 3, 5, 3, 40, 2, 1, 5, 1, 1, 44, 3, 4, 42, 5, 3, 1, 2, 4, 5, 43, 3, 43, 1, 2, 3, 5, 3, 1, 41, 3, 2, 4, 5, 5, 2, 4, 
305: 5, 40, 5, 0, 0, 1, 1, 1, 43, 1, 0, 3, 0, 3, 0, 0, 1, 2, 0, 0, 0, 1, 2, 0, 0, 3, 0, 0, 1, 5, 2, 0, 4, 0, 0, 2, 0, 4, 2, 5, 1, 2, 2, 0, 5, 4, 0, 2, 0, 0, 1, 0, 0, 2, 0, 0, 0, 0, 1, 0, 0, 2, 0, 0, 0, 0, 0, 0, 3, 0, 4, 0, 0, 40, 0, 5, 2, 3, 0, 0, 0, 0, 1, 1, 1, 0, 0, 0, 0, 0, 0, 5, 0, 0, 0, 0, 0, 0, 0, 0, 2, 0, 0, 0, 0, 0, 0, 5, 2, 1, 0, 4, 5, 0, 0, 0, 5, 4, 0, 0, : 5, 40, 5, 1, 1, 1, 43, 1, 3, 3, 1, 2, 1, 2, 3, 1, 5, 2, 4, 2, 4, 2, 5, 1, 2, 2, 5, 4, 2, 1, 2, 1, 2, 3, 4, 40, 5, 2, 3, 1, 1, 1, 5, 2, 5, 2, 1, 4, 5, 5, 4, 
483: 1, 0, 5, 5, 1, 5, 40, 2, 0, 5, 42, 0, 0, 0, 3, 4, 0, 5, 4, 1, 3, 5, 0, 5, 40, 44, 41, 0, 0, 0, 5, 0, 0, 0, 43, 0, 0, 0, 0, 0, 0, 1, 1, 4, 0, 0, 3, 5, 0, 0, 3, 0, 3, 4, 2, 0, 4, 0, 0, 2, 0, 0, 0, 3, 2, 4, 0, 0, 0, 2, 0, 4, 0, 0, 2, 0, 0, 0, 40, 0, 0, 2, 5, 0, 0, 0, 0, 0, 0, 5, 0, 3, 0, 42, 0, 0, 0, 0, 0, 0, 0, 1, 2, 0, 1, 1, 41, 0, 1, 0, 0, 0, 4, 0, 0, 2, 2, 2, 0, 1, : 1, 5, 5, 1, 5, 40, 2, 5, 42, 3, 4, 5, 4, 1, 3, 5, 5, 40, 44, 41, 5, 43, 1, 1, 4, 3, 5, 3, 3, 4, 2, 4, 2, 3, 2, 4, 2, 4, 2, 40, 2, 5, 5, 3, 42, 1, 2, 1, 1, 41, 1, 4, 2, 2, 2, 1, 
394: 1, 3, 0, 0, 0, 0, 0, 1, 0, 0, 3, 1, 0, 5, 3, 0, 4, 0, 4, 0, 0, 4, 0, 3, 0, 0, 0, 0, 3, 0, 0, 0, 1, 0, 4, 0, 41, 0, 3, 0, 0, 4, 0, 2, 1, 5, 5, 2, 0, 5, 0, 0, 5, 1, 1, 0, 4, 5, 0, 0, 2, 2, 5, 3, 0, 0, 3, 0, 0, 5, 1, 3, 0, 0, 2, 0, 4, 41, 1, 1, 0, 0, 0, 0, 1, 1, 0, 2, 0, 0, 0, 0, 5, 5, 1, 0, 0, 0, 0, 0, 0, 0, 1, 4, 4, 3, 3, 0, 0, 0, 0, 0, 5, 0, 1, 0, 3, 0, 2, 0, : 1, 3, 1, 3, 1, 5, 3, 4, 4, 4, 3, 3, 1, 4, 41, 3, 4, 2, 1, 5, 5, 2, 5, 5, 1, 1, 4, 5, 2, 2, 5, 3, 3, 5, 1, 3, 2, 4, 41, 1, 1, 1, 1, 2, 5, 5, 1, 1, 4, 4, 3, 3, 5, 1, 3, 2, 
400: 5, 1, 43, 5, 3, 0, 3, 44, 0, 0, 0, 0, 0, 0, 1, 5, 1, 0, 4, 4, 5, 0, 4, 0, 40, 4, 0, 0, 1, 0, 0, 0, 3, 0, 0, 0, 44, 0, 2, 0, 3, 4, 0, 0, 3, 0, 1, 44, 0, 0, 0, 1, 4, 0, 5, 3, 0, 0, 0, 0, 0, 42, 0, 0, 2, 3, 0, 0, 2, 0, 0, 0, 2, 3, 3, 2, 5, 40, 2, 5, 0, 4, 0, 4, 4, 0, 0, 0, 0, 2, 0, 0, 0, 0, 44, 0, 5, 1, 0, 0, 1, 0, 0, 1, 4, 1, 5, 0, 2, 0, 0, 41, 0, 0, 0, 4, 5, 2, 0, 0, : 5, 1, 43, 5, 3, 3, 44, 1, 5, 1, 4, 4, 5, 4, 40, 4, 1, 3, 44, 2, 3, 4, 3, 1, 44, 1, 4, 5, 3, 42, 2, 3, 2, 2, 3, 3, 2, 5, 40, 2, 5, 4, 4, 4, 2, 44, 5, 1, 1, 1, 4, 1, 5, 2, 41, 4, 5, 2, 
145: 0, 1, 4, 1, 1, 2, 0, 5, 44, 5, 0, 42, 0, 4, 2, 43, 43, 0, 1, 0, 0, 0, 5, 0, 0, 5, 0, 0, 42, 0, 1, 3, 5, 0, 0, 1, 0, 3, 5, 2, 0, 5, 0, 0, 4, 3, 2, 3, 0, 0, 0, 41, 4, 0, 0, 4, 2, 41, 0, 0, 0, 2, 0, 0, 0, 0, 0, 0, 3, 0, 1, 2, 3, 0, 0, 3, 3, 0, 0, 4, 0, 2, 0, 2, 0, 0, 0, 0, 0, 0, 4, 0, 5, 0, 4, 5, 4, 0, 44, 0, 5, 0, 0, 5, 0, 1, 1, 40, 3, 0, 1, 0, 0, 40, 4, 4, 5, 3, 5, 0, : 1, 4, 1, 1, 2, 5, 44, 5, 42, 4, 2, 43, 43, 1, 5, 5, 42, 1, 3, 5, 1, 3, 5, 2, 5, 4, 3, 2, 3, 41, 4, 4, 2, 41, 2, 3, 1, 2, 3, 3, 3, 4, 2, 2, 4, 5, 4, 5, 4, 44, 5, 5, 1, 1, 40, 3, 1, 40, 4, 4, 5, 3, 5, 
5: 3, 42, 0, 3, 0, 3, 2, 1, 2, 0, 3, 5, 0, 2, 5, 1, 5, 0, 5, 0, 0, 0, 0, 0, 0, 0, 3, 0, 5, 0, 5, 3, 2, 0, 0, 5, 0, 0, 2, 2, 3, 0, 3, 0, 0, 0, 0, 0, 0, 4, 0, 4, 1, 0, 1, 0, 1, 0, 4, 1, 2, 3, 0, 4, 0, 0, 0, 5, 3, 0, 0, 2, 0, 0, 0, 0, 3, 0, 0, 0, 0, 0, 3, 0, 5, 4, 0, 4, 5, 0, 3, 4, 41, 0, 0, 41, 0, 0, 0, 0, 0, 5, 0, 2, 0, 0, 1, 0, 5, 5, 0, 4, 5, 3, 0, 0, 3, 0, 1, 0, : 3, 42, 3, 3, 2, 1, 2, 3, 5, 2, 5, 1, 5, 5, 3, 5, 5, 3, 2, 5, 2, 2, 3, 3, 4, 4, 1, 1, 1, 4, 1, 2, 3, 4, 5, 3, 2, 3, 3, 5, 4, 4, 5, 3, 4, 41, 41, 5, 2, 1, 5, 5, 4, 5, 3, 3, 1, 
41: 0, 1, 4, 0, 0, 4, 4, 5, 43, 2, 3, 41, 0, 2, 0, 5, 3, 1, 0, 0, 5, 0, 0, 0, 43, 0, 0, 0, 1, 4, 0, 3, 0, 0, 0, 0, 3, 4, 4, 3, 4, 41, 0, 1, 0, 5, 2, 0, 0, 0, 0, 0, 2, 5, 4, 2, 4, 1, 2, 3, 2, 5, 0, 3, 0, 0, 2, 0, 0, 42, 5, 0, 2, 1, 3, 3, 0, 5, 0, 2, 1, 0, 0, 0, 0, 4, 2, 2, 0, 41, 0, 0, 0, 0, 0, 0, 1, 0, 0, 0, 4, 0, 3, 0, 0, 2, 5, 3, 0, 2, 0, 41, 0, 0, 0, 0, 4, 0, 0, 0, : 1, 4, 4, 4, 5, 43, 2, 3, 41, 2, 5, 3, 1, 5, 43, 1, 4, 3, 3, 4, 4, 3, 4, 41, 1, 5, 2, 2, 5, 4, 2, 4, 1, 2, 3, 2, 5, 3, 2, 42, 5, 2, 1, 3, 3, 5, 2, 1, 4, 2, 2, 41, 1, 4, 3, 2, 5, 3, 2, 41, 4, 
319: 4, 4, 0, 0, 43, 1, 5, 0, 0, 2, 0, 0, 41, 0, 3, 0, 0, 0, 0, 2, 0, 2, 5, 0, 0, 2, 0, 0, 0, 0, 0, 0, 4, 0, 1, 0, 0, 2, 0, 41, 0, 5, 1, 4, 4, 0, 3, 1, 2, 0, 3, 3, 2, 43, 0, 0, 43, 0, 5, 0, 0, 0, 0, 4, 0, 0, 5, 2, 0, 0, 4, 3, 0, 3, 0, 2, 0, 0, 0, 2, 0, 44, 0, 0, 2, 1, 5, 2, 0, 5, 0, 0, 2, 0, 0, 5, 0, 0, 5, 3, 43, 2, 4, 5, 1, 5, 0, 0, 0, 0, 1, 0, 4, 0, 3, 0, 0, 0, 3, 5, : 4, 4, 43, 1, 5, 2, 41, 3, 2, 2, 5, 2, 4, 1, 2, 41, 5, 1, 4, 4, 3, 1, 2, 3, 3, 2, 43, 43, 5, 4, 5, 2, 4, 3, 3, 2, 2, 44, 2, 1, 5, 2, 5, 2, 5, 5, 3, 43, 2, 4, 5, 1, 5, 1, 4, 3, 3, 5, 
220: 4, 5, 3, 2, 0, 0, 0, 0, 0, 2, 0, 3, 0, 0, 2, 2, 0, 0, 3, 0, 0, 40, 0, 0, 0, 0, 0, 0, 0, 0, 2, 0, 1, 0, 0, 0, 0, 41, 0, 1, 0, 5, 1, 3, 0, 0, 3, 0, 0, 0, 0, 0, 5, 0, 0, 0, 0, 1, 0, 0, 0, 3, 0, 43, 4, 3, 0, 42, 4, 2, 5, 3, 5, 41, 44, 4, 4, 0, 4, 4, 2, 0, 5, 0, 0, 4, 0, 0, 5, 0, 1, 5, 3, 0, 0, 0, 0, 1, 0, 2, 0, 0, 2, 0, 0, 0, 0, 0, 0, 0, 0, 5, 0, 1, 0, 2, 0, 0, 0, 0, : 4, 5, 3, 2, 2, 3, 2, 2, 3, 40, 2, 1, 41, 1, 5, 1, 3, 3, 5, 1, 3, 43, 4, 3, 42, 4, 2, 5, 3, 5, 41, 44, 4, 4, 4, 4, 2, 5, 4, 5, 1, 5, 3, 1, 2, 2, 5, 1, 2, 
331: 5, 3, 5, 2, 40, 0, 0, 4, 4, 5, 42, 3, 0, 41, 0, 0, 0, 3, 0, 2, 0, 3, 0, 0, 0, 0, 0, 0, 0, 0, 0, 0, 0, 0, 1, 4, 1, 5, 4, 0, 0, 2, 0, 0, 0, 0, 4, 5, 41, 0, 0, 0, 5, 3, 4, 0, 0, 44, 0, 2, 5, 5, 0, 0, 0, 0, 0, 0, 5, 0, 44, 0, 1, 3, 0, 3, 1, 0, 2, 0, 0, 0, 0, 0, 0, 0, 0, 4, 0, 1, 0, 3, 0, 0, 43, 0, 3, 1, 0, 2, 2, 5, 4, 1, 0, 5, 0, 4, 0, 1, 0, 5, 0, 40, 41, 4, 0, 0, 5, 1, : 5, 3, 5, 2, 40, 4, 4, 5, 42, 3, 41, 3, 2, 3, 1, 4, 1, 5, 4, 2, 4, 5, 41, 5, 3, 4, 44, 2, 5, 5, 5, 44, 1, 3, 3, 1, 2, 4, 1, 3, 43, 3, 1, 2, 2, 5, 4, 1, 5, 4, 1, 5, 40, 41, 4, 5, 1, 
347: 0, 0, 1, 1, 4, 0, 5, 0, 4, 0, 0, 0, 3, 4, 2, 0, 0, 0, 41, 3, 0, 43, 42, 40, 0, 4, 3, 44, 5, 0, 0, 0, 0, 1, 0, 0, 0, 4, 4, 2, 0, 0, 0, 41, 2, 3, 0, 0, 0, 0, 1, 0, 4, 3, 0, 0, 0, 0, 2, 0, 0, 3, 5, 0, 2, 0, 0, 3, 0, 0, 5, 0, 5, 3, 2, 0, 0, 4, 0, 1, 0, 5, 5, 0, 0, 3, 0, 1, 2, 0, 0, 0, 3, 0, 0, 43, 3, 0, 0, 0, 2, 4, 0, 1, 5, 0, 5, 1, 0, 0, 3, 41, 2, 3, 4, 1, 0, 43, 4, 0, : 1, 1, 4, 5, 4, 3, 4, 2, 41, 3, 43, 42, 40, 4, 3, 44, 5, 1, 4, 4, 2, 41, 2, 3, 1, 4, 3, 2, 3, 5, 2, 3, 5, 5, 3, 2, 4, 1, 5, 5, 3, 1, 2, 3, 43, 3, 2, 4, 1, 5, 5, 1, 3, 41, 2, 3, 4, 1, 43, 4, 
77: 5, 0, 1, 0, 5, 0, 5, 1, 0, 0, 0, 1, 5, 0, 40, 3, 0, 0, 0, 2, 0, 0, 0, 5, 0, 3, 0, 0, 0, 1, 2, 0, 0, 0, 0, 0, 1, 0, 4, 3, 0, 0, 40, 0, 0, 4, 4, 1, 2, 1, 0, 0, 0, 3, 0, 0, 5, 0, 0, 0, 0, 0, 4, 0, 0, 0, 2, 3, 0, 0, 3, 0, 0, 0, 0, 0, 0, 1, 0, 5, 0, 1, 40, 0, 2, 0, 0, 0, 1, 0, 41, 1, 0, 5, 2, 0, 1, 0, 0, 0, 1, 2, 0, 2, 0, 0, 0, 0, 1, 1, 1, 0, 3, 0, 0, 1, 0, 5, 4, 0, : 5, 1, 5, 5, 1, 1, 5, 40, 3, 2, 5, 3, 1, 2, 1, 4, 3, 40, 4, 4, 1, 2, 1, 3, 5, 4, 2, 3, 3, 1, 5, 1, 40, 2, 1, 41, 1, 5, 2, 1, 1, 2, 2, 1, 1, 1, 3, 1, 5, 4, 
435: 3, 5, 0, 0, 5, 0, 5, 0, 44, 4, 4, 4, 3, 2, 4, 2, 0, 0, 5, 3, 4, 0, 3, 0, 0, 2, 0, 44, 3, 0, 0, 0, 2, 0, 2, 0, 0, 0, 0, 4, 4, 2, 3, 4, 0, 2, 3, 4, 0, 4, 5, 0, 5, 0, 4, 0, 1, 0, 0, 0, 0, 0, 2, 5, 42, 0, 0, 0, 3, 1, 0, 5, 4, 2, 0, 44, 0, 42, 0, 0, 4, 0, 0, 3, 5, 0, 0, 4, 2, 4, 0, 5, 3, 0, 0, 0, 2, 2, 2, 0, 1, 41, 0, 1, 0, 0, 0, 0, 0, 5, 0, 0, 3, 0, 2, 42, 0, 1, 5, 3, : 3, 5, 5, 5, 44, 4, 4, 4, 3, 2, 4, 2, 5, 3, 4, 3, 2, 44, 3, 2, 2, 4, 4, 2, 3, 4, 2, 3, 4, 4, 5, 5, 4, 1, 2, 5, 42, 3, 1, 5, 4, 2, 44, 42, 4, 3, 5, 4, 2, 4, 5, 3, 2, 2, 2, 1, 41, 1, 5, 3, 2, 42, 1, 5, 3, 
581: 1, 3, 3, 0, 41, 0, 0, 0, 4, 2, 44, 0, 0, 44, 0, 0, 4, 5, 0, 3, 5, 0, 0, 4, 0, 3, 0, 5, 5, 0, 0, 0, 2, 3, 3, 3, 0, 0, 1, 5, 0, 0, 1, 2, 5, 0, 5, 5, 43, 0, 0, 0, 2, 2, 4, 5, 2, 1, 0, 0, 0, 42, 0, 4, 3, 0, 43, 5, 0, 0, 0, 0, 0, 0, 4, 0, 0, 0, 4, 1, 0, 0, 0, 1, 0, 0, 3, 0, 1, 3, 0, 0, 0, 3, 5, 2, 2, 0, 2, 3, 0, 0, 4, 5, 2, 0, 0, 0, 0, 3, 3, 0, 4, 0, 0, 0, 3, 5, 3, 42, : 1, 3, 3, 41, 4, 2, 44, 44, 4, 5, 3, 5, 4, 3, 5, 5, 2, 3, 3, 3, 1, 5, 1, 2, 5, 5, 5, 43, 2, 2, 4, 5, 2, 1, 42, 4, 3, 43, 5, 4, 4, 1, 1, 3, 1, 3, 3, 5, 2, 2, 2, 3, 4, 5, 2, 3, 3, 4, 3, 5, 3, 42, 
92: 2, 0, 0, 3, 2, 0, 0, 0, 0, 42, 2, 1, 0, 2, 0, 4, 4, 2, 0, 4, 0, 0, 41, 0, 0, 0, 0, 4, 5, 0, 2, 0, 3, 0, 5, 0, 1, 0, 2, 3, 0, 0, 0, 0, 0, 0, 5, 3, 0, 0, 0, 0, 4, 1, 2, 2, 0, 1, 1, 0, 0, 0, 0, 0, 4, 0, 0, 5, 4, 0, 5, 42, 4, 5, 0, 0, 0, 0, 0, 3, 44, 0, 0, 1, 0, 1, 43, 1, 0, 0, 3, 2, 0, 0, 0, 1, 0, 0, 4, 5, 2, 0, 0, 0, 0, 1, 0, 0, 0, 0, 0, 0, 4, 5, 0, 0, 2, 1, 0, 1, : 2, 3, 2, 42, 2, 1, 2, 4, 4, 2, 4, 41, 4, 5, 2, 3, 5, 1, 2, 3, 5, 3, 4, 1, 2, 2, 1, 1, 4, 5, 4, 5, 42, 4, 5, 3, 44, 1, 1, 43, 1, 3, 2, 1, 4, 5, 2, 1, 4, 5, 2, 1, 1, 
299: 40, 0, 0, 0, 0, 0, 2, 3, 0, 5, 1, 0, 0, 0, 2, 2, 2, 1, 0, 0, 0, 0, 0, 3, 0, 5, 0, 1, 3, 3, 44, 4, 1, 2, 0, 1, 0, 4, 0, 0, 0, 2, 0, 1, 0, 0, 2, 0, 0, 0, 0, 0, 0, 3, 0, 0, 1, 0, 1, 0, 0, 0, 0, 0, 4, 0, 0, 3, 3, 0, 44, 0, 4, 0, 0, 4, 4, 0, 5, 0, 0, 2, 0, 43, 0, 0, 0, 3, 1, 0, 0, 3, 2, 0, 0, 0, 40, 0, 0, 0, 0, 0, 0, 5, 0, 43, 2, 0, 0, 0, 5, 0, 3, 0, 0, 43, 3, 0, 0, 0, : 40, 2, 3, 5, 1, 2, 2, 2, 1, 3, 5, 1, 3, 3, 44, 4, 1, 2, 1, 4, 2, 1, 2, 3, 1, 1, 4, 3, 3, 44, 4, 4, 4, 5, 2, 43, 3, 1, 3, 2, 40, 5, 43, 2, 5, 3, 43, 3, 
13: 44, 0, 0, 1, 0, 0, 0, 3, 0, 40, 0, 0, 0, 1, 0, 0, 1, 3, 5, 3, 1, 0, 5, 4, 0, 0, 0, 0, 2, 0, 0, 0, 3, 0, 1, 43, 0, 0, 0, 0, 0, 3, 0, 3, 0, 4, 0, 1, 0, 0, 0, 0, 2, 5, 0, 0, 0, 3, 1, 2, 0, 4, 0, 2, 3, 0, 0, 0, 0, 1, 0, 0, 0, 1, 0, 0, 3, 0, 0, 0, 3, 0, 0, 5, 1, 0, 0, 0, 1, 0, 0, 0, 0, 0, 0, 1, 1, 0, 0, 5, 4, 43, 0, 44, 1, 0, 0, 0, 0, 2, 1, 4, 0, 0, 1, 0, 4, 5, 2, 40, : 44, 1, 3, 40, 1, 1, 3, 5, 3, 1, 5, 4, 2, 3, 1, 43, 3, 3, 4, 1, 2, 5, 3, 1, 2, 4, 2, 3, 1, 1, 3, 3, 5, 1, 1, 1, 1, 5, 4, 43, 44, 1, 2, 1, 4, 1, 4, 5, 2, 40, 
480: 2, 1, 3, 0, 0, 4, 43, 0, 5, 2, 0, 0, 0, 2, 0, 0, 0, 1, 2, 0, 0, 0, 0, 0, 1, 4, 3, 1, 2, 0, 2, 0, 0, 0, 5, 4, 0, 2, 0, 4, 41, 0, 1, 0, 2, 3, 3, 1, 0, 41, 0, 2, 4, 5, 0, 42, 1, 43, 5, 0, 0, 0, 1, 0, 0, 0, 5, 0, 0, 2, 0, 0, 0, 2, 0, 5, 44, 0, 0, 0, 4, 5, 0, 5, 0, 1, 0, 0, 0, 3, 0, 0, 5, 1, 0, 0, 0, 41, 3, 5, 2, 0, 2, 1, 0, 41, 0, 0, 0, 0, 0, 2, 0, 0, 0, 3, 0, 0, 0, 0, : 2, 1, 3, 4, 43, 5, 2, 2, 1, 2, 1, 4, 3, 1, 2, 2, 5, 4, 2, 4, 41, 1, 2, 3, 3, 1, 41, 2, 4, 5, 42, 1, 43, 5, 1, 5, 2, 2, 5, 44, 4, 5, 5, 1, 3, 5, 1, 41, 3, 5, 2, 2, 1, 41, 2, 3, 
503: 4, 0, 5, 0, 4, 0, 0, 0, 0, 0, 0, 5, 0, 4, 0, 2, 2, 4, 0, 2, 0, 2, 0, 0, 0, 1, 2, 5, 5, 3, 0, 0, 0, 0, 0, 1, 2, 0, 4, 0, 4, 0, 5, 4, 0, 0, 0, 4, 44, 0, 0, 0, 5, 0, 44, 41, 0, 0, 2, 0, 0, 4, 3, 3, 4, 2, 0, 0, 3, 0, 2, 2, 3, 0, 0, 5, 1, 0, 0, 0, 0, 3, 0, 0, 0, 0, 0, 0, 4, 4, 4, 0, 44, 0, 0, 0, 0, 2, 3, 44, 4, 4, 0, 3, 0, 0, 3, 42, 3, 1, 5, 0, 44, 0, 4, 0, 5, 3, 0, 0, : 4, 5, 4, 5, 4, 2, 2, 4, 2, 2, 1, 2, 5, 5, 3, 1, 2, 4, 4, 5, 4, 4, 44, 5, 44, 41, 2, 4, 3, 3, 4, 2, 3, 2, 2, 3, 5, 1, 3, 4, 4, 4, 44, 2, 3, 44, 4, 4, 3, 3, 42, 3, 1, 5, 44, 4, 5, 3, 
391: 0, 5, 1, 4, 3, 3, 0, 5, 0, 1, 0, 0, 3, 0, 3, 4, 4, 4, 0, 0, 2, 0, 0, 43, 0, 2, 0, 0, 2, 5, 3, 0, 0, 44, 5, 2, 0, 5, 0, 0, 3, 0, 0, 0, 0, 1, 0, 4, 40, 0, 0, 0, 0, 4, 0, 40, 0, 0, 3, 3, 0, 0, 41, 2, 2, 0, 0, 0, 0, 0, 0, 1, 0, 1, 0, 0, 0, 0, 1, 1, 0, 0, 2, 2, 0, 5, 0, 1, 0, 0, 2, 4, 43, 0, 5, 0, 0, 5, 0, 5, 0, 0, 4, 2, 0, 1, 0, 0, 5, 0, 1, 0, 0, 0, 2, 5, 2, 0, 0, 0, : 5, 1, 4, 3, 3, 5, 1, 3, 3, 4, 4, 4, 2, 43, 2, 2, 5, 3, 44, 5, 2, 5, 3, 1, 4, 40, 4, 40, 3, 3, 41, 2, 2, 1, 1, 1, 1, 2, 2, 5, 1, 2, 4, 43, 5, 5, 5, 4, 2, 1, 5, 1, 2, 5, 2, 
137: 4, 43, 0, 1, 0, 4, 5, 0, 0, 0, 0, 0, 40, 2, 0, 3, 0, 5, 3, 4, 0, 3, 0, 0, 0, 4, 0, 0, 0, 0, 5, 0, 0, 0, 0, 2, 2, 0, 2, 0, 40, 0, 43, 3, 0, 40, 3, 0, 0, 0, 4, 44, 1, 0, 0, 0, 2, 0, 0, 0, 0, 0, 0, 1, 0, 0, 0, 3, 3, 0, 0, 0, 2, 0, 0, 0, 5, 0, 0, 0, 3, 0, 0, 43, 0, 0, 4, 0, 0, 0, 5, 2, 5, 43, 0, 0, 4, 0, 0, 1, 0, 0, 0, 4, 4, 3, 5, 40, 0, 3, 0, 5, 0, 0, 44, 0, 3, 3, 4, 0, : 4, 43, 1, 4, 5, 40, 2, 3, 5, 3, 4, 3, 4, 5, 2, 2, 2, 40, 43, 3, 40, 3, 4, 44, 1, 2, 1, 3, 3, 2, 5, 3, 43, 4, 5, 2, 5, 43, 4, 1, 4, 4, 3, 5, 40, 3, 5, 44, 3, 3, 4, 
30: 0, 3, 0, 2, 0, 5, 0, 3, 0, 0, 5, 0, 0, 0, 0, 5, 0, 0, 4, 0, 0, 0, 0, 0, 0, 2, 0, 0, 0, 0, 0, 3, 2, 0, 0, 3, 0, 1, 0, 43, 0, 0, 1, 0, 0, 0, 3, 3, 1, 0, 0, 0, 3, 4, 0, 0, 0, 0, 5, 0, 0, 1, 2, 0, 0, 1, 0, 43, 0, 0, 0, 5, 0, 41, 5, 5, 0, 0, 0, 0, 0, 5, 44, 0, 0, 2, 5, 44, 0, 0, 0, 0, 5, 0, 4, 0, 0, 0, 0, 0, 0, 2, 40, 3, 0, 5, 2, 0, 2, 0, 5, 0, 0, 0, 0, 1, 0, 5, 41, 3, : 3, 2, 5, 3, 5, 5, 4, 2, 3, 2, 3, 1, 43, 1, 3, 3, 1, 3, 4, 5, 1, 2, 1, 43, 5, 41, 5, 5, 5, 44, 2, 5, 44, 5, 4, 2, 40, 3, 5, 2, 2, 5, 1, 5, 41, 3, 
381: 4, 0, 1, 2, 3, 0, 1, 0, 1, 0, 0, 5, 0, 1, 44, 1, 2, 0, 0, 5, 0, 0, 0, 0, 0, 4, 0, 0, 0, 1, 3, 5, 0, 1, 0, 0, 0, 43, 1, 0, 0, 0, 1, 5, 5, 0, 2, 4, 0, 0, 4, 5, 0, 0, 0, 0, 0, 0, 0, 0, 3, 2, 0, 0, 1, 0, 0, 0, 4, 44, 0, 0, 2, 5, 0, 0, 1, 0, 0, 2, 41, 1, 1, 0, 41, 3, 0, 0, 2, 0, 3, 2, 0, 0, 4, 5, 3, 0, 0, 4, 4, 0, 0, 1, 0, 1, 1, 3, 0, 2, 5, 0, 1, 0, 2, 5, 5, 0, 4, 2, : 4, 1, 2, 3, 1, 1, 5, 1, 44, 1, 2, 5, 4, 1, 3, 5, 1, 43, 1, 1, 5, 5, 2, 4, 4, 5, 3, 2, 1, 4, 44, 2, 5, 1, 2, 41, 1, 1, 41, 3, 2, 3, 2, 4, 5, 3, 4, 4, 1, 1, 1, 3, 2, 5, 1, 2, 5, 5, 4, 2, 
336: 0, 0, 5, 0, 0, 0, 0, 4, 0, 43, 2, 0, 0, 2, 3, 41, 0, 0, 0, 0, 5, 0, 0, 0, 1, 42, 0, 0, 3, 3, 44, 0, 2, 41, 3, 1, 0, 1, 0, 0, 0, 0, 5, 5, 3, 4, 1, 0, 0, 0, 0, 42, 2, 2, 5, 40, 5, 4, 3, 5, 0, 0, 4, 0, 42, 1, 43, 4, 0, 0, 4, 4, 1, 3, 0, 42, 2, 2, 0, 3, 0, 1, 4, 4, 5, 0, 5, 42, 2, 2, 0, 0, 0, 0, 2, 0, 4, 0, 0, 3, 0, 0, 0, 4, 5, 0, 0, 0, 0, 0, 1, 3, 0, 2, 2, 2, 0, 0, 0, 0, : 5, 4, 43, 2, 2, 3, 41, 5, 1, 42, 3, 3, 44, 2, 41, 3, 1, 1, 5, 5, 3, 4, 1, 42, 2, 2, 5, 40, 5, 4, 3, 5, 4, 42, 1, 43, 4, 4, 4, 1, 3, 42, 2, 2, 3, 1, 4, 4, 5, 5, 42, 2, 2, 2, 4, 3, 4, 5, 1, 3, 2, 2, 2, 
69: 0, 0, 4, 4, 0, 3, 0, 2, 1, 5, 1, 0, 5, 0, 0, 2, 3, 1, 0, 4, 1, 0, 0, 2, 0, 0, 0, 2, 5, 0, 0, 0, 5, 4, 0, 0, 4, 0, 0, 0, 2, 0, 0, 1, 0, 4, 1, 42, 4, 0, 2, 0, 1, 4, 4, 0, 3, 0, 1, 0, 2, 1, 43, 44, 0, 41, 0, 1, 4, 43, 3, 40, 5, 3, 3, 0, 0, 0, 0, 0, 3, 0, 5, 0, 0, 4, 2, 5, 5, 5, 0, 5, 1, 1, 0, 0, 0, 5, 44, 0, 4, 5, 0, 0, 1, 4, 0, 5, 0, 5, 0, 0, 4, 0, 2, 0, 1, 43, 0, 0, : 4, 4, 3, 2, 1, 5, 1, 5, 2, 3, 1, 4, 1, 2, 2, 5, 5, 4, 4, 2, 1, 4, 1, 42, 4, 2, 1, 4, 4, 3, 1, 2, 1, 43, 44, 41, 1, 4, 43, 3, 40, 5, 3, 3, 3, 5, 4, 2, 5, 5, 5, 5, 1, 1, 5, 44, 4, 5, 1, 4, 5, 5, 4, 2, 1, 43, 
540: 0, 0, 0, 0, 0, 0, 5, 4, 3, 42, 1, 3, 0, 3, 1, 0, 4, 2, 3, 2, 0, 2, 3, 0, 3, 0, 5, 0, 2, 5, 0, 2, 1, 0, 0, 3, 40, 4, 0, 5, 4, 4, 0, 1, 0, 0, 0, 3, 0, 0, 0, 0, 42, 3, 0, 0, 0, 40, 42, 0, 5, 1, 4, 2, 5, 0, 0, 0, 5, 0, 0, 2, 0, 1, 0, 0, 0, 0, 0, 5, 0, 0, 1, 4, 43, 0, 0, 0, 2, 0, 0, 3, 0, 0, 5, 0, 0, 0, 3, 42, 0, 0, 0, 2, 0, 0, 0, 41, 2, 5, 0, 0, 0, 3, 3, 4, 5, 4, 0, 4, : 5, 4, 3, 42, 1, 3, 3, 1, 4, 2, 3, 2, 2, 3, 3, 5, 2, 5, 2, 1, 3, 40, 4, 5, 4, 4, 1, 3, 42, 3, 40, 42, 5, 1, 4, 2, 5, 5, 2, 1, 5, 1, 4, 43, 2, 3, 5, 3, 42, 2, 41, 2, 5, 3, 3, 4, 5, 4, 4, 
385: 0, 0, 5, 2, 1, 0, 0, 3, 0, 3, 4, 4, 4, 5, 3, 0, 0, 4, 0, 2, 0, 0, 2, 2, 0, 2, 0, 0, 2, 4, 3, 0, 2, 0, 0, 1, 0, 43, 0, 42, 1, 0, 0, 0, 2, 5, 3, 1, 0, 0, 5, 3, 0, 0, 2, 0, 0, 0, 0, 3, 0, 4, 5, 0, 2, 0, 4, 2, 0, 0, 2, 0, 0, 5, 3, 0, 0, 0, 5, 0, 0, 5, 0, 4, 5, 0, 43, 41, 4, 3, 1, 0, 4, 0, 0, 4, 0, 0, 0, 42, 5, 5, 1, 1, 4, 44, 5, 0, 0, 0, 0, 1, 0, 1, 0, 0, 0, 0, 0, 0, : 5, 2, 1, 3, 3, 4, 4, 4, 5, 3, 4, 2, 2, 2, 2, 2, 4, 3, 2, 1, 43, 42, 1, 2, 5, 3, 1, 5, 3, 2, 3, 4, 5, 2, 4, 2, 2, 5, 3, 5, 5, 4, 5, 43, 41, 4, 3, 1, 4, 4, 42, 5, 5, 1, 1, 4, 44, 5, 1, 1, 
439: 1, 0, 3, 0, 0, 0, 0, 1, 0, 4, 0, 0, 5, 2, 0, 0, 5, 4, 0, 4, 0, 44, 1, 2, 5, 5, 44, 0, 0, 0, 0, 0, 1, 0, 1, 3, 0, 0, 0, 0, 0, 40, 0, 4, 0, 0, 0, 0, 0, 1, 0, 0, 1, 4, 0, 0, 0, 0, 0, 1, 1, 0, 0, 44, 3, 40, 5, 0, 3, 3, 5, 0, 0, 0, 2, 5, 2, 5, 0, 2, 2, 0, 2, 0, 0, 0, 0, 5, 0, 4, 2, 4, 4, 4, 0, 4, 3, 0, 41, 1, 2, 0, 40, 4, 0, 0, 43, 0, 5, 0, 5, 0, 0, 0, 2, 0, 1, 0, 4, 0, : 1, 3, 1, 4, 5, 2, 5, 4, 4, 44, 1, 2, 5, 5, 44, 1, 1, 3, 40, 4, 1, 1, 4, 1, 1, 44, 3, 40, 5, 3, 3, 5, 2, 5, 2, 5, 2, 2, 2, 5, 4, 2, 4, 4, 4, 4, 3, 41, 1, 2, 40, 4, 43, 5, 5, 2, 1, 4, 
288: 0, 5, 3, 0, 0, 0, 0, 44, 0, 1, 0, 2, 0, 0, 0, 0, 5, 0, 0, 2, 0, 3, 0, 5, 0, 3, 0, 0, 0, 0, 0, 0, 0, 0, 4, 3, 0, 0, 0, 0, 3, 4, 4, 3, 0, 0, 3, 1, 0, 0, 4, 0, 5, 0, 0, 3, 41, 0, 0, 0, 0, 5, 2, 0, 44, 0, 0, 0, 0, 0, 3, 4, 5, 0, 4, 5, 3, 0, 0, 0, 0, 5, 0, 3, 3, 2, 2, 2, 2, 5, 0, 1, 0, 0, 4, 0, 0, 1, 2, 0, 2, 0, 0, 0, 1, 0, 0, 0, 1, 5, 3, 2, 1, 0, 41, 0, 1, 0, 3, 0, : 5, 3, 44, 1, 2, 5, 2, 3, 5, 3, 4, 3, 3, 4, 4, 3, 3, 1, 4, 5, 3, 41, 5, 2, 44, 3, 4, 5, 4, 5, 3, 5, 3, 3, 2, 2, 2, 2, 5, 1, 4, 1, 2, 2, 1, 1, 5, 3, 2, 1, 41, 1, 3, 
210: 5, 3, 0, 4, 3, 2, 4, 0, 4, 4, 5, 4, 0, 5, 0, 1, 0, 2, 2, 1, 2, 0, 0, 0, 0, 2, 0, 0, 4, 0, 0, 0, 0, 1, 0, 0, 4, 0, 5, 2, 42, 0, 0, 0, 0, 0, 0, 0, 3, 0, 0, 0, 1, 5, 0, 0, 1, 0, 2, 0, 4, 0, 42, 0, 3, 0, 0, 0, 3, 0, 3, 5, 3, 1, 5, 0, 0, 4, 0, 2, 0, 1, 0, 2, 1, 0, 0, 0, 0, 0, 2, 0, 4, 3, 4, 0, 2, 2, 0, 0, 5, 0, 0, 5, 2, 0, 3, 4, 0, 0, 3, 40, 0, 3, 0, 0, 44, 2, 3, 3, : 5, 3, 4, 3, 2, 4, 4, 4, 5, 4, 5, 1, 2, 2, 1, 2, 2, 4, 1, 4, 5, 2, 42, 3, 1, 5, 1, 2, 4, 42, 3, 3, 3, 5, 3, 1, 5, 4, 2, 1, 2, 1, 2, 4, 3, 4, 2, 2, 5, 5, 2, 3, 4, 3, 40, 3, 44, 2, 3, 3, 
304: 1, 1, 3, 0, 5, 0, 0, 4, 0, 1, 0, 0, 0, 1, 1, 0, 4, 3, 3, 0, 2, 0, 1, 5, 1, 0, 0, 0, 0, 2, 0, 5, 0, 0, 1, 40, 0, 0, 3, 3, 2, 0, 3, 0, 1, 1, 5, 0, 0, 0, 0, 0, 5, 2, 0, 0, 0, 0, 0, 3, 1, 5, 4, 3, 3, 0, 5, 1, 43, 0, 3, 0, 0, 0, 0, 1, 3, 5, 0, 4, 0, 0, 1, 4, 0, 2, 0, 0, 4, 0, 2, 4, 0, 2, 0, 0, 5, 4, 0, 1, 0, 0, 5, 4, 0, 0, 0, 0, 0, 0, 2, 0, 0, 0, 0, 2, 0, 0, 0, 4, : 1, 1, 3, 5, 4, 1, 1, 1, 4, 3, 3, 2, 1, 5, 1, 2, 5, 1, 40, 3, 3, 2, 3, 1, 1, 5, 5, 2, 3, 1, 5, 4, 3, 3, 5, 1, 43, 3, 1, 3, 5, 4, 1, 4, 2, 4, 2, 4, 2, 5, 4, 1, 5, 4, 2, 2, 4, 
178: 5, 1, 0, 0, 41, 0, 44, 5, 0, 0, 44, 0, 0, 2, 2, 0, 43, 0, 40, 2, 3, 2, 1, 1, 3, 1, 0, 3, 0, 0, 0, 3, 5, 0, 0, 0, 0, 0, 5, 1, 0, 0, 3, 1, 0, 0, 0, 0, 0, 4, 1, 2, 1, 44, 4, 0, 0, 0, 5, 5, 0, 0, 0, 0, 4, 4, 1, 2, 4, 0, 0, 0, 1, 0, 0, 0, 44, 0, 0, 0, 0, 40, 42, 4, 0, 1, 0, 0, 0, 0, 4, 0, 0, 0, 2, 0, 2, 2, 0, 2, 0, 2, 5, 42, 2, 3, 44, 2, 44, 4, 4, 0, 0, 4, 1, 5, 0, 2, 43, 3, : 5, 1, 41, 44, 5, 44, 2, 2, 43, 40, 2, 3, 2, 1, 1, 3, 1, 3, 3, 5, 5, 1, 3, 1, 4, 1, 2, 1, 44, 4, 5, 5, 4, 4, 1, 2, 4, 1, 44, 40, 42, 4, 1, 4, 2, 2, 2, 2, 2, 5, 42, 2, 3, 44, 2, 44, 4, 4, 4, 1, 5, 2, 43, 3, 
404: 3, 2, 43, 2, 4, 5, 4, 0, 0, 0, 0, 5, 2, 0, 4, 0, 4, 2, 0, 2, 0, 0, 0, 1, 0, 0, 0, 0, 0, 0, 0, 0, 3, 0, 3, 3, 0, 0, 5, 0, 4, 2, 3, 5, 3, 2, 5, 4, 0, 0, 40, 3, 5, 43, 2, 5, 4, 0, 44, 0, 3, 0, 1, 4, 0, 0, 4, 4, 0, 0, 2, 3, 0, 0, 42, 42, 0, 0, 0, 1, 0, 0, 0, 0, 0, 0, 0, 5, 0, 40, 1, 0, 4, 0, 0, 4, 41, 42, 0, 0, 1, 3, 3, 0, 41, 0, 3, 3, 0, 0, 0, 4, 0, 0, 1, 5, 0, 1, 4, 0, : 3, 2, 43, 2, 4, 5, 4, 5, 2, 4, 4, 2, 2, 1, 3, 3, 3, 5, 4, 2, 3, 5, 3, 2, 5, 4, 40, 3, 5, 43, 2, 5, 4, 44, 3, 1, 4, 4, 4, 2, 3, 42, 42, 1, 5, 40, 1, 4, 4, 41, 42, 1, 3, 3, 41, 3, 3, 4, 1, 5, 1, 4, 
99: 0, 4, 5, 0, 0, 3, 0, 5, 2, 0, 0, 40, 0, 0, 0, 0, 0, 44, 5, 0, 0, 3, 0, 2, 0, 4, 0, 0, 1, 0, 0, 40, 2, 1, 3, 0, 4, 1, 5, 5, 0, 0, 0, 3, 40, 5, 5, 3, 42, 0, 0, 0, 1, 0, 1, 0, 2, 0, 0, 0, 0, 3, 0, 0, 5, 2, 0, 0, 4, 1, 3, 5, 2, 2, 40, 0, 2, 2, 4, 0, 0, 1, 0, 0, 0, 0, 0, 0, 0, 0, 5, 5, 0, 0, 0, 44, 1, 0, 4, 5, 0, 0, 40, 0, 2, 0, 0, 0, 4, 0, 4, 0, 0, 0, 4, 0, 0, 0, 2, 5, : 4, 5, 3, 5, 2, 40, 44, 5, 3, 2, 4, 1, 40, 2, 1, 3, 4, 1, 5, 5, 3, 40, 5, 5, 3, 42, 1, 1, 2, 3, 5, 2, 4, 1, 3, 5, 2, 2, 40, 2, 2, 4, 1, 5, 5, 44, 1, 4, 5, 40, 2, 4, 4, 4, 2, 5, 
176: 1, 0, 1, 42, 0, 0, 0, 2, 0, 3, 0, 0, 2, 0, 1, 3, 0, 5, 5, 2, 0, 3, 1, 0, 0, 0, 0, 0, 5, 0, 0, 0, 43, 5, 3, 0, 0, 40, 0, 5, 0, 0, 0, 0, 1, 0, 5, 3, 1, 43, 4, 0, 3, 0, 0, 0, 4, 44, 41, 2, 0, 3, 1, 1, 0, 1, 4, 0, 3, 0, 2, 0, 4, 0, 5, 0, 5, 2, 40, 0, 3, 4, 42, 0, 40, 0, 0, 1, 5, 0, 40, 2, 0, 1, 0, 0, 5, 3, 40, 2, 0, 0, 0, 4, 0, 3, 0, 2, 0, 0, 2, 0, 2, 41, 0, 0, 0, 0, 3, 0, : 1, 1, 42, 2, 3, 2, 1, 3, 5, 5, 2, 3, 1, 5, 43, 5, 3, 40, 5, 1, 5, 3, 1, 43, 4, 3, 4, 44, 41, 2, 3, 1, 1, 1, 4, 3, 2, 4, 5, 5, 2, 40, 3, 4, 42, 40, 1, 5, 40, 2, 1, 5, 3, 40, 2, 4, 3, 2, 2, 2, 41, 3, 
375: 0, 0, 0, 0, 0, 0, 0, 5, 0, 0, 0, 41, 5, 4, 0, 5, 0, 0, 0, 2, 5, 0, 0, 2, 0, 4, 0, 2, 0, 0, 2, 0, 2, 0, 42, 3, 0, 2, 1, 0, 0, 0, 3, 5, 0, 0, 0, 4, 0, 0, 3, 0, 2, 2, 2, 1, 2, 1, 4, 0, 0, 0, 1, 0, 0, 0, 0, 0, 0, 0, 3, 2, 0, 0, 0, 5, 2, 0, 0, 0, 5, 2, 0, 0, 2, 0, 0, 4, 42, 5, 2, 44, 0, 0, 0, 0, 0, 0, 0, 3, 3, 0, 0, 5, 3, 0, 2, 0, 3, 1, 0, 0, 3, 0, 3, 5, 0, 5, 3, 0, : 5, 41, 5, 4, 5, 2, 5, 2, 4, 2, 2, 2, 42, 3, 2, 1, 3, 5, 4, 3, 2, 2, 2, 1, 2, 1, 4, 1, 3, 2, 5, 2, 5, 2, 2, 4, 42, 5, 2, 44, 3, 3, 5, 3, 2, 3, 1, 3, 3, 5, 5, 3, 
156: 3, 1, 43, 0, 0, 4, 0, 3, 2, 0, 1, 0, 0, 2, 0, 4, 5, 0, 2, 5, 5, 2, 0, 40, 0, 4, 2, 5, 2, 5, 0, 0, 3, 41, 0, 0, 0, 2, 3, 2, 5, 0, 0, 0, 0, 4, 2, 5, 0, 3, 0, 0, 3, 2, 0, 3, 0, 0, 0, 0, 0, 4, 0, 0, 0, 1, 0, 0, 1, 0, 2, 5, 40, 0, 0, 3, 2, 0, 0, 1, 0, 0, 4, 0, 0, 0, 1, 0, 0, 0, 3, 0, 0, 0, 0, 0, 4, 0, 0, 0, 3, 5, 4, 0, 0, 0, 1, 0, 0, 0, 0, 1, 1, 0, 0, 3, 0, 2, 3, 0, : 3, 1, 43, 4, 3, 2, 1, 2, 4, 5, 2, 5, 5, 2, 40, 4, 2, 5, 2, 5, 3, 41, 2, 3, 2, 5, 4, 2, 5, 3, 3, 2, 3, 4, 1, 1, 2, 5, 40, 3, 2, 1, 4, 1, 3, 4, 3, 5, 4, 1, 1, 1, 3, 2, 3, 
232: 0, 2, 0, 1, 5, 0, 43, 4, 41, 0, 0, 0, 0, 1, 0, 0, 4, 2, 1, 1, 4, 0, 3, 5, 0, 0, 0, 0, 0, 0, 0, 0, 3, 0, 41, 2, 0, 41, 2, 2, 0, 1, 0, 4, 5, 0, 3, 0, 41, 0, 0, 1, 5, 1, 5, 4, 2, 1, 0, 4, 5, 4, 0, 0, 3, 5, 2, 3, 5, 1, 1, 3, 0, 0, 0, 3, 0, 0, 0, 0, 0, 3, 5, 0, 2, 1, 0, 41, 3, 0, 3, 0, 5, 0, 2, 0, 5, 5, 0, 0, 5, 0, 0, 2, 0, 0, 0, 3, 0, 3, 2, 0, 1, 0, 3, 2, 0, 0, 0, 0, : 2, 1, 5, 43, 4, 41, 1, 4, 2, 1, 1, 4, 3, 5, 3, 41, 2, 41, 2, 2, 1, 4, 5, 3, 41, 1, 5, 1, 5, 4, 2, 1, 4, 5, 4, 3, 5, 2, 3, 5, 1, 1, 3, 3, 3, 5, 2, 1, 41, 3, 3, 5, 2, 5, 5, 5, 2, 3, 3, 2, 1, 3, 2, 
143: 3, 1, 0, 0, 41, 43, 2, 0, 0, 1, 0, 0, 0, 0, 0, 2, 0, 1, 4, 42, 0, 1, 41, 2, 2, 5, 41, 0, 2, 0, 0, 0, 3, 0, 0, 0, 4, 1, 0, 0, 4, 3, 5, 4, 44, 2, 4, 3, 0, 0, 42, 0, 0, 2, 0, 0, 0, 0, 3, 2, 0, 0, 3, 3, 3, 0, 2, 2, 4, 0, 0, 0, 0, 0, 4, 1, 0, 0, 0, 4, 2, 0, 0, 0, 43, 4, 0, 4, 3, 0, 1, 3, 0, 0, 1, 3, 0, 0, 4, 0, 0, 44, 2, 0, 4, 0, 0, 1, 0, 2, 1, 0, 0, 0, 4, 0, 0, 2, 0, 0, : 3, 1, 41, 43, 2, 1, 2, 1, 4, 42, 1, 41, 2, 2, 5, 41, 2, 3, 4, 1, 4, 3, 5, 4, 44, 2, 4, 3, 42, 2, 3, 2, 3, 3, 3, 2, 2, 4, 4, 1, 4, 2, 43, 4, 4, 3, 1, 3, 1, 3, 4, 44, 2, 4, 1, 2, 1, 4, 2, 
249: 0, 0, 2, 0, 0, 0, 5, 1, 0, 0, 0, 0, 0, 5, 0, 0, 0, 2, 3, 0, 3, 1, 0, 0, 0, 3, 0, 44, 0, 0, 0, 0, 0, 0, 0, 0, 0, 0, 0, 5, 2, 0, 0, 4, 0, 4, 40, 2, 0, 0, 3, 4, 4, 1, 0, 0, 0, 0, 2, 1, 1, 1, 5, 0, 0, 4, 0, 3, 1, 42, 0, 0, 4, 0, 0, 1, 5, 0, 0, 2, 0, 5, 0, 0, 3, 0, 3, 2, 0, 0, 1, 4, 0, 4, 3, 0, 43, 0, 1, 4, 1, 2, 4, 0, 42, 0, 0, 0, 4, 2, 1, 0, 4, 43, 3, 3, 2, 1, 2, 5, : 2, 5, 1, 5, 2, 3, 3, 1, 3, 44, 5, 2, 4, 4, 40, 2, 3, 4, 4, 1, 2, 1, 1, 1, 5, 4, 3, 1, 42, 4, 1, 5, 2, 5, 3, 3, 2, 1, 4, 4, 3, 43, 1, 4, 1, 2, 4, 42, 4, 2, 1, 4, 43, 3, 3, 2, 1, 2, 5, 
596: 0, 0, 0, 0, 5, 0, 4, 0, 0, 5, 0, 4, 0, 4, 3, 2, 0, 2, 5, 4, 0, 0, 44, 0, 0, 0, 0, 4, 0, 0, 0, 2, 2, 2, 0, 3, 0, 5, 2, 0, 0, 0, 44, 2, 0, 0, 0, 4, 0, 0, 0, 3, 4, 5, 5, 0, 0, 4, 0, 1, 2, 4, 0, 0, 4, 0, 4, 0, 0, 0, 5, 0, 0, 0, 0, 2, 2, 4, 0, 0, 3, 1, 0, 0, 0, 0, 2, 0, 4, 3, 1, 2, 1, 0, 0, 4, 40, 4, 1, 0, 4, 0, 3, 0, 0, 3, 1, 0, 3, 41, 0, 0, 5, 0, 1, 0, 0, 42, 3, 1, : 5, 4, 5, 4, 4, 3, 2, 2, 5, 4, 44, 4, 2, 2, 2, 3, 5, 2, 44, 2, 4, 3, 4, 5, 5, 4, 1, 2, 4, 4, 4, 5, 2, 2, 4, 3, 1, 2, 4, 3, 1, 2, 1, 4, 40, 4, 1, 4, 3, 3, 1, 3, 41, 5, 1, 42, 3, 1, 
68: 0, 5, 4, 0, 0, 4, 0, 4, 3, 0, 5, 0, 5, 5, 4, 0, 0, 0, 0, 0, 0, 3, 0, 0, 0, 3, 44, 0, 5, 0, 2, 0, 0, 0, 0, 3, 0, 5, 3, 0, 0, 0, 0, 0, 41, 5, 5, 5, 0, 3, 0, 0, 0, 4, 0, 0, 0, 0, 0, 0, 0, 0, 5, 0, 0, 0, 0, 0, 0, 0, 0, 0, 0, 0, 0, 2, 4, 0, 0, 4, 0, 0, 2, 0, 0, 5, 1, 0, 4, 2, 43, 0, 0, 0, 4, 0, 2, 0, 43, 0, 5, 0, 0, 4, 0, 0, 0, 0, 0, 2, 0, 5, 0, 0, 0, 5, 5, 0, 0, 2, : 5, 4, 4, 4, 3, 5, 5, 5, 4, 3, 3, 44, 5, 2, 3, 5, 3, 41, 5, 5, 5, 3, 4, 5, 2, 4, 4, 2, 5, 1, 4, 2, 43, 4, 2, 43, 5, 4, 2, 5, 5, 5, 2, 
430: 0, 0, 4, 2, 0, 0, 0, 5, 3, 0, 0, 0, 0, 1, 0, 5, 1, 5, 0, 1, 0, 40, 4, 3, 0, 0, 0, 5, 5, 0, 2, 0, 41, 0, 0, 3, 44, 0, 1, 5, 1, 2, 5, 43, 3, 0, 5, 0, 3, 2, 5, 1, 2, 0, 41, 0, 2, 0, 3, 2, 0, 2, 3, 0, 0, 0, 0, 0, 0, 0, 1, 5, 5, 0, 0, 0, 0, 2, 2, 2, 0, 0, 4, 0, 44, 4, 5, 0, 1, 0, 0, 5, 0, 0, 3, 0, 1, 0, 0, 4, 0, 1, 5, 2, 3, 4, 0, 0, 0, 2, 0, 0, 0, 0, 0, 1, 0, 0, 5, 0, : 4, 2, 5, 3, 1, 5, 1, 5, 1, 40, 4, 3, 5, 5, 2, 41, 3, 44, 1, 5, 1, 2, 5, 43, 3, 5, 3, 2, 5, 1, 2, 41, 2, 3, 2, 2, 3, 1, 5, 5, 2, 2, 2, 4, 44, 4, 5, 1, 5, 3, 1, 4, 1, 5, 2, 3, 4, 2, 1, 5, 
557: 1, 5, 0, 0, 0, 0, 0, 1, 0, 0, 0, 0, 2, 41, 2, 0, 43, 0, 0, 4, 2, 0, 0, 0, 0, 5, 0, 0, 1, 0, 2, 0, 4, 2, 4, 0, 0, 0, 0, 2, 0, 40, 5, 0, 42, 0, 5, 0, 0, 0, 0, 42, 0, 4, 5, 0, 0, 0, 0, 4, 0, 0, 0, 0, 5, 4, 5, 2, 0, 0, 2, 2, 0, 0, 0, 4, 4, 5, 40, 0, 0, 0, 2, 2, 0, 0, 0, 3, 0, 2, 5, 5, 0, 0, 1, 0, 0, 3, 0, 3, 0, 5, 44, 0, 0, 3, 0, 0, 0, 1, 2, 0, 1, 0, 5, 0, 4, 0, 0, 0, : 1, 5, 1, 2, 41, 2, 43, 4, 2, 5, 1, 2, 4, 2, 4, 2, 40, 5, 42, 5, 42, 4, 5, 4, 5, 4, 5, 2, 2, 2, 4, 4, 5, 40, 2, 2, 3, 2, 5, 5, 1, 3, 3, 5, 44, 3, 1, 2, 1, 5, 4, 
167: 1, 0, 1, 42, 0, 3, 0, 4, 0, 0, 0, 0, 4, 0, 1, 0, 4, 0, 1, 0, 0, 1, 0, 0, 0, 2, 0, 0, 4, 5, 0, 1, 0, 3, 0, 0, 0, 0, 40, 0, 0, 0, 0, 1, 42, 42, 2, 0, 0, 0, 5, 1, 5, 4, 0, 2, 41, 42, 1, 0, 0, 0, 4, 0, 0, 1, 5, 5, 0, 4, 4, 0, 2, 1, 0, 1, 3, 0, 0, 0, 3, 3, 44, 0, 0, 0, 0, 0, 4, 0, 0, 44, 0, 0, 0, 0, 2, 3, 0, 0, 0, 42, 0, 2, 0, 2, 0, 1, 5, 4, 3, 0, 0, 0, 4, 0, 5, 40, 4, 0, : 1, 1, 42, 3, 4, 4, 1, 4, 1, 1, 2, 4, 5, 1, 3, 40, 1, 42, 42, 2, 5, 1, 5, 4, 2, 41, 42, 1, 4, 1, 5, 5, 4, 4, 2, 1, 1, 3, 3, 3, 44, 4, 44, 2, 3, 42, 2, 2, 1, 5, 4, 3, 4, 5, 40, 4, 
240: 1, 5, 0, 0, 0, 0, 0, 0, 3, 0, 0, 0, 1, 0, 5, 4, 0, 0, 0, 2, 5, 0, 0, 0, 0, 3, 0, 42, 5, 0, 4, 2, 3, 0, 0, 0, 0, 0, 2, 44, 42, 0, 4, 3, 4, 41, 5, 3, 2, 0, 2, 0, 1, 2, 3, 3, 1, 5, 0, 42, 0, 0, 0, 0, 0, 3, 0, 0, 0, 3, 0, 3, 0, 0, 0, 0, 0, 0, 0, 41, 0, 0, 40, 0, 0, 0, 3, 0, 0, 43, 0, 0, 0, 5, 0, 0, 0, 5, 0, 4, 0, 0, 0, 0, 2, 0, 43, 0, 0, 2, 0, 0, 0, 0, 2, 3, 3, 1, 0, 0, : 1, 5, 3, 1, 5, 4, 2, 5, 3, 42, 5, 4, 2, 3, 2, 44, 42, 4, 3, 4, 41, 5, 3, 2, 2, 1, 2, 3, 3, 1, 5, 42, 3, 3, 3, 41, 40, 3, 43, 5, 5, 4, 2, 43, 2, 2, 3, 3, 1, 
17: 0, 1, 5, 0, 5, 0, 0, 0, 0, 4, 0, 0, 4, 4, 0, 1, 0, 0, 5, 0, 0, 4, 2, 0, 0, 5, 0, 0, 0, 43, 0, 0, 2, 0, 5, 0, 0, 0, 4, 0, 4, 0, 3, 0, 1, 0, 2, 41, 0, 0, 0, 0, 1, 4, 4, 0, 42, 0, 1, 0, 0, 0, 0, 0, 0, 0, 0, 2, 2, 3, 0, 3, 0, 5, 0, 0, 0, 5, 1, 0, 2, 2, 2, 0, 0, 2, 0, 0, 0, 4, 0, 2, 41, 0, 4, 0, 1, 0, 4, 2, 0, 0, 3, 0, 1, 0, 0, 0, 1, 0, 1, 0, 3, 1, 5, 3, 0, 1, 4, 0, : 1, 5, 5, 4, 4, 4, 1, 5, 4, 2, 5, 43, 2, 5, 4, 4, 3, 1, 2, 41, 1, 4, 4, 42, 1, 2, 2, 3, 3, 5, 5, 1, 2, 2, 2, 2, 4, 2, 41, 4, 1, 4, 2, 3, 1, 1, 1, 3, 1, 5, 3, 1, 4, 
272: 4, 4, 0, 0, 2, 0, 0, 0, 0, 4, 3, 4, 3, 0, 0, 0, 2, 5, 0, 4, 0, 0, 4, 43, 3, 5, 0, 0, 0, 42, 0, 0, 42, 0, 0, 0, 3, 0, 0, 4, 4, 0, 3, 4, 0, 4, 1, 0, 0, 0, 2, 1, 1, 4, 0, 0, 0, 0, 0, 1, 1, 3, 4, 3, 3, 42, 0, 4, 0, 0, 1, 2, 5, 5, 4, 0, 5, 0, 43, 3, 3, 0, 0, 0, 0, 0, 0, 44, 0, 0, 0, 42, 0, 0, 0, 0, 0, 1, 0, 2, 3, 0, 5, 2, 0, 43, 1, 43, 1, 5, 0, 0, 0, 0, 1, 2, 0, 0, 0, 43, : 4, 4, 2, 4, 3, 4, 3, 2, 5, 4, 4, 43, 3, 5, 42, 42, 3, 4, 4, 3, 4, 4, 1, 2, 1, 1, 4, 1, 1, 3, 4, 3, 3, 42, 4, 1, 2, 5, 5, 4, 5, 43, 3, 3, 44, 42, 1, 2, 3, 5, 2, 43, 1, 43, 1, 5, 1, 2, 43, 
426: 0, 2, 1, 5, 5, 0, 1, 0, 2, 0, 0, 0, 0, 0, 0, 0, 4, 0, 0, 43, 0, 0, 0, 0, 0, 0, 4, 3, 1, 0, 0, 3, 2, 0, 5, 3, 0, 0, 2, 0, 3, 0, 0, 1, 0, 0, 4, 0, 0, 0, 0, 1, 5, 0, 1, 3, 0, 0, 0, 0, 4, 1, 0, 0, 0, 2, 3, 3, 0, 2, 4, 40, 0, 2, 1, 4, 5, 0, 0, 0, 0, 2, 0, 0, 0, 5, 0, 0, 1, 0, 0, 0, 2, 0, 0, 0, 2, 1, 0, 0, 0, 1, 2, 0, 44, 0, 5, 0, 0, 3, 1, 0, 0, 0, 5, 4, 0, 0, 0, 3, : 2, 1, 5, 5, 1, 2, 4, 43, 4, 3, 1, 3, 2, 5, 3, 2, 3, 1, 4, 1, 5, 1, 3, 4, 1, 2, 3, 3, 2, 4, 40, 2, 1, 4, 5, 2, 5, 1, 2, 2, 1, 1, 2, 44, 5, 3, 1, 5, 4, 3, 
380: 1, 0, 0, 0, 0, 0, 0, 1, 2, 0, 1, 0, 0, 41, 0, 0, 5, 3, 3, 0, 4, 5, 4, 4, 0, 1, 0, 4, 2, 44, 1, 0, 0, 0, 0, 0, 0, 0, 2, 0, 0, 2, 0, 3, 0, 0, 0, 0, 5, 0, 4, 43, 43, 1, 0, 0, 2, 0, 3, 0, 0, 1, 43, 0, 0, 4, 2, 43, 4, 3, 2, 1, 0, 0, 43, 1, 0, 4, 3, 1, 4, 2, 2, 43, 0, 0, 0, 0, 0, 44, 5, 0, 0, 0, 0, 1, 4, 3, 0, 0, 2, 0, 4, 0, 0, 0, 5, 0, 0, 0, 0, 2, 41, 0, 2, 0, 4, 0, 0, 1, : 1, 1, 2, 1, 41, 5, 3, 3, 4, 5, 4, 4, 1, 4, 2, 44, 1, 2, 2, 3, 5, 4, 43, 43, 1, 2, 3, 1, 43, 4, 2, 43, 4, 3, 2, 1, 43, 1, 4, 3, 1, 4, 2, 2, 43, 44, 5, 1, 4, 3, 2, 4, 5, 2, 41, 2, 4, 1, 
563: 0, 0, 0, 0, 0, 2, 5, 0, 0, 43, 0, 4, 0, 3, 42, 1, 1, 0, 0, 2, 2, 0, 3, 43, 5, 0, 0, 0, 0, 0, 0, 4, 4, 0, 0, 2, 2, 42, 0, 0, 1, 1, 0, 2, 2, 0, 3, 0, 1, 0, 0, 0, 0, 0, 0, 3, 0, 0, 0, 3, 2, 0, 0, 0, 0, 0, 41, 5, 0, 0, 3, 4, 0, 0, 0, 4, 44, 3, 3, 0, 5, 3, 0, 0, 1, 5, 4, 42, 5, 41, 0, 0, 0, 0, 0, 4, 5, 0, 4, 5, 5, 43, 0, 4, 0, 0, 5, 0, 0, 0, 0, 0, 3, 0, 0, 1, 0, 4, 0, 1, : 2, 5, 43, 4, 3, 42, 1, 1, 2, 2, 3, 43, 5, 4, 4, 2, 2, 42, 1, 1, 2, 2, 3, 1, 3, 3, 2, 41, 5, 3, 4, 4, 44, 3, 3, 5, 3, 1, 5, 4, 42, 5, 41, 4, 5, 4, 5, 5, 43, 4, 5, 3, 1, 4, 1, 
95: 0, 5, 0, 0, 0, 4, 0, 3, 0, 0, 0, 4, 1, 5, 2, 0, 1, 3, 0, 4, 1, 2, 4, 0, 0, 2, 0, 0, 0, 0, 5, 4, 3, 1, 0, 3, 0, 0, 1, 0, 43, 5, 44, 5, 0, 0, 4, 1, 0, 0, 4, 0, 0, 3, 0, 0, 0, 0, 0, 4, 5, 0, 5, 4, 2, 2, 0, 0, 3, 41, 0, 3, 0, 3, 0, 0, 1, 0, 41, 0, 40, 5, 0, 0, 0, 0, 41, 0, 1, 0, 0, 0, 0, 0, 3, 4, 0, 2, 0, 2, 5, 0, 2, 0, 0, 1, 4, 5, 0, 1, 40, 0, 3, 0, 4, 0, 0, 0, 5, 2, : 5, 4, 3, 4, 1, 5, 2, 1, 3, 4, 1, 2, 4, 2, 5, 4, 3, 1, 3, 1, 43, 5, 44, 5, 4, 1, 4, 3, 4, 5, 5, 4, 2, 2, 3, 41, 3, 3, 1, 41, 40, 5, 41, 1, 3, 4, 2, 2, 5, 2, 1, 4, 5, 1, 40, 3, 4, 5, 2, 
358: 2, 2, 5, 1, 0, 1, 0, 0, 0, 0, 1, 0, 0, 0, 4, 0, 44, 5, 0, 5, 40, 1, 0, 0, 0, 0, 0, 5, 44, 44, 1, 0, 0, 4, 1, 0, 2, 1, 0, 4, 5, 0, 5, 0, 0, 2, 0, 0, 1, 0, 1, 0, 5, 5, 0, 0, 2, 0, 0, 0, 0, 5, 0, 0, 0, 1, 40, 3, 44, 0, 0, 5, 0, 5, 5, 1, 0, 2, 0, 0, 5, 0, 0, 0, 0, 0, 5, 42, 2, 41, 0, 0, 0, 0, 3, 2, 1, 1, 0, 0, 3, 5, 0, 41, 43, 0, 0, 0, 0, 0, 0, 0, 0, 0, 2, 0, 0, 0, 4, 0, : 2, 2, 5, 1, 1, 1, 4, 44, 5, 5, 40, 1, 5, 44, 44, 1, 4, 1, 2, 1, 4, 5, 5, 2, 1, 1, 5, 5, 2, 5, 1, 40, 3, 44, 5, 5, 5, 1, 2, 5, 5, 42, 2, 41, 3, 2, 1, 1, 3, 5, 41, 43, 2, 4, 
97: 1, 0, 1, 1, 0, 0, 4, 0, 43, 0, 0, 0, 0, 2, 1, 1, 1, 4, 0, 3, 0, 0, 5, 0, 0, 5, 0, 1, 1, 1, 0, 0, 1, 0, 0, 43, 0, 1, 5, 5, 5, 0, 4, 0, 0, 3, 42, 3, 0, 0, 0, 0, 0, 3, 5, 0, 0, 3, 3, 5, 5, 0, 44, 4, 0, 0, 5, 1, 4, 5, 5, 0, 5, 1, 0, 1, 0, 0, 0, 4, 0, 0, 0, 0, 4, 41, 0, 0, 41, 0, 5, 0, 0, 0, 3, 0, 2, 0, 0, 0, 3, 0, 0, 0, 41, 0, 5, 0, 0, 3, 1, 0, 0, 3, 0, 2, 2, 0, 5, 1, : 1, 1, 1, 4, 43, 2, 1, 1, 1, 4, 3, 5, 5, 1, 1, 1, 1, 43, 1, 5, 5, 5, 4, 3, 42, 3, 3, 5, 3, 3, 5, 5, 44, 4, 5, 1, 4, 5, 5, 5, 1, 1, 4, 4, 41, 41, 5, 3, 2, 3, 41, 5, 3, 1, 3, 2, 2, 5, 1, 
103: 1, 0, 0, 0, 0, 0, 0, 1, 0, 44, 0, 3, 0, 0, 3, 2, 1, 5, 3, 0, 44, 0, 0, 40, 0, 2, 3, 1, 1, 0, 3, 0, 44, 0, 0, 0, 2, 0, 44, 5, 2, 0, 0, 5, 1, 0, 1, 2, 0, 0, 0, 0, 2, 3, 4, 1, 3, 0, 5, 3, 4, 0, 5, 0, 0, 5, 4, 0, 4, 0, 0, 0, 0, 2, 0, 0, 5, 42, 0, 0, 0, 5, 0, 1, 1, 0, 0, 4, 3, 0, 0, 40, 0, 0, 0, 0, 0, 2, 40, 0, 4, 3, 1, 0, 1, 0, 3, 1, 0, 2, 0, 43, 4, 0, 0, 41, 42, 0, 0, 0, : 1, 1, 44, 3, 3, 2, 1, 5, 3, 44, 40, 2, 3, 1, 1, 3, 44, 2, 44, 5, 2, 5, 1, 1, 2, 2, 3, 4, 1, 3, 5, 3, 4, 5, 5, 4, 4, 2, 5, 42, 5, 1, 1, 4, 3, 40, 2, 40, 4, 3, 1, 1, 3, 1, 2, 43, 4, 41, 42, 
58: 0, 5, 0, 43, 1, 0, 0, 0, 0, 1, 5, 0, 0, 0, 2, 2, 0, 4, 0, 44, 0, 3, 5, 0, 0, 3, 0, 0, 4, 0, 3, 0, 5, 40, 44, 0, 0, 41, 3, 0, 5, 2, 2, 1, 0, 0, 3, 4, 0, 0, 2, 5, 3, 4, 0, 0, 1, 3, 0, 0, 0, 5, 4, 0, 42, 4, 5, 0, 4, 2, 0, 0, 0, 0, 0, 0, 41, 0, 1, 43, 0, 0, 0, 5, 0, 4, 0, 2, 40, 2, 2, 0, 0, 0, 0, 2, 0, 2, 0, 0, 0, 0, 0, 5, 2, 5, 0, 2, 0, 5, 2, 0, 0, 2, 1, 2, 2, 0, 0, 1, : 5, 43, 1, 1, 5, 2, 2, 4, 44, 3, 5, 3, 4, 3, 5, 40, 44, 41, 3, 5, 2, 2, 1, 3, 4, 2, 5, 3, 4, 1, 3, 5, 4, 42, 4, 5, 4, 2, 41, 1, 43, 5, 4, 2, 40, 2, 2, 2, 2, 5, 2, 5, 2, 5, 2, 2, 1, 2, 2, 1, 
47: 1, 5, 0, 0, 0, 0, 0, 1, 0, 1, 0, 1, 0, 4, 1, 0, 0, 0, 1, 0, 0, 5, 0, 0, 0, 0, 5, 0, 5, 42, 0, 0, 0, 0, 0, 4, 0, 0, 2, 4, 3, 1, 0, 0, 1, 2, 1, 0, 0, 41, 0, 3, 4, 1, 0, 0, 5, 2, 4, 0, 4, 5, 0, 0, 2, 0, 0, 2, 2, 0, 0, 0, 0, 0, 44, 1, 0, 0, 0, 4, 1, 0, 3, 4, 0, 1, 0, 0, 4, 42, 0, 0, 1, 3, 44, 0, 0, 0, 0, 0, 2, 0, 0, 2, 0, 3, 4, 0, 4, 0, 3, 1, 4, 42, 0, 43, 4, 3, 44, 42, : 1, 5, 1, 1, 1, 4, 1, 1, 5, 5, 5, 42, 4, 2, 4, 3, 1, 1, 2, 1, 41, 3, 4, 1, 5, 2, 4, 4, 5, 2, 2, 2, 44, 1, 4, 1, 3, 4, 1, 4, 42, 1, 3, 44, 2, 2, 3, 4, 4, 3, 1, 4, 42, 43, 4, 3, 44, 42, 
129: 4, 0, 4, 0, 3, 0, 0, 0, 4, 1, 2, 0, 0, 0, 5, 3, 2, 0, 4, 1, 0, 2, 3, 3, 0, 0, 2, 1, 0, 0, 0, 0, 0, 5, 0, 1, 0, 0, 1, 0, 4, 0, 0, 2, 3, 5, 0, 2, 0, 0, 41, 1, 2, 2, 4, 0, 3, 0, 0, 0, 2, 4, 0, 0, 0, 5, 0, 0, 2, 1, 0, 2, 5, 0, 0, 0, 0, 0, 0, 0, 3, 0, 0, 1, 0, 4, 0, 0, 4, 0, 0, 0, 0, 41, 0, 5, 3, 4, 0, 0, 2, 4, 0, 1, 0, 0, 3, 5, 0, 3, 0, 0, 0, 0, 1, 0, 4, 0, 0, 0, : 4, 4, 3, 4, 1, 2, 5, 3, 2, 4, 1, 2, 3, 3, 2, 1, 5, 1, 1, 4, 2, 3, 5, 2, 41, 1, 2, 2, 4, 3, 2, 4, 5, 2, 1, 2, 5, 3, 1, 4, 4, 41, 5, 3, 4, 2, 4, 1, 3, 5, 3, 1, 4, 
583: 40, 0, 5, 0, 0, 5, 0, 3, 2, 0, 0, 0, 0, 0, 0, 2, 0, 4, 0, 1, 4, 2, 0, 0, 1, 0, 0, 0, 0, 0, 0, 0, 0, 0, 3, 1, 41, 0, 1, 0, 4, 40, 5, 4, 0, 2, 1, 4, 0, 0, 0, 0, 0, 0, 5, 0, 0, 0, 5, 4, 0, 4, 3, 4, 0, 40, 0, 44, 41, 0, 3, 43, 0, 2, 4, 0, 0, 0, 0, 4, 0, 0, 4, 44, 0, 0, 0, 5, 3, 5, 0, 4, 0, 40, 44, 3, 0, 0, 0, 3, 1, 0, 0, 4, 3, 0, 0, 0, 0, 41, 4, 0, 5, 2, 0, 42, 1, 2, 0, 0, : 40, 5, 5, 3, 2, 2, 4, 1, 4, 2, 1, 3, 1, 41, 1, 4, 40, 5, 4, 2, 1, 4, 5, 5, 4, 4, 3, 4, 40, 44, 41, 3, 43, 2, 4, 4, 4, 44, 5, 3, 5, 4, 40, 44, 3, 3, 1, 4, 3, 41, 4, 5, 2, 42, 1, 2, 
327: 1, 0, 2, 0, 0, 0, 2, 1, 0, 0, 0, 40, 0, 0, 1, 0, 0, 0, 0, 43, 3, 2, 43, 0, 0, 4, 43, 0, 4, 3, 0, 5, 0, 40, 0, 2, 40, 1, 1, 0, 4, 0, 2, 4, 0, 0, 5, 5, 2, 0, 0, 0, 0, 0, 0, 0, 1, 0, 5, 41, 40, 0, 0, 0, 4, 5, 0, 2, 0, 43, 0, 0, 0, 2, 3, 0, 4, 0, 0, 4, 3, 0, 2, 0, 0, 2, 0, 0, 0, 0, 3, 0, 0, 4, 0, 0, 0, 5, 0, 3, 0, 0, 0, 0, 41, 0, 0, 0, 42, 0, 44, 0, 3, 0, 4, 2, 2, 0, 41, 5, : 1, 2, 2, 1, 40, 1, 43, 3, 2, 43, 4, 43, 4, 3, 5, 40, 2, 40, 1, 1, 4, 2, 4, 5, 5, 2, 1, 5, 41, 40, 4, 5, 2, 43, 2, 3, 4, 4, 3, 2, 2, 3, 4, 5, 3, 41, 42, 44, 3, 4, 2, 2, 41, 5, 
572: 1, 5, 3, 2, 0, 1, 5, 42, 4, 1, 0, 0, 0, 44, 5, 0, 2, 0, 4, 0, 42, 1, 0, 0, 0, 0, 0, 0, 4, 0, 2, 0, 0, 2, 0, 0, 1, 1, 0, 0, 2, 5, 0, 1, 0, 3, 0, 0, 0, 40, 1, 0, 0, 2, 2, 0, 0, 0, 0, 0, 1, 0, 0, 0, 3, 1, 0, 0, 0, 5, 5, 3, 0, 2, 0, 0, 3, 0, 0, 2, 0, 0, 0, 0, 0, 0, 1, 2, 0, 0, 1, 3, 1, 0, 4, 40, 4, 3, 0, 0, 0, 2, 0, 0, 2, 0, 0, 2, 0, 44, 0, 0, 0, 4, 5, 0, 2, 0, 3, 0, : 1, 5, 3, 2, 1, 5, 42, 4, 1, 44, 5, 2, 4, 42, 1, 4, 2, 2, 1, 1, 2, 5, 1, 3, 40, 1, 2, 2, 1, 3, 1, 5, 5, 3, 2, 3, 2, 1, 2, 1, 3, 1, 4, 40, 4, 3, 2, 2, 2, 44, 4, 5, 2, 3, 
98: 5, 1, 0, 0, 0, 4, 1, 2, 0, 2, 43, 41, 4, 3, 41, 40, 2, 3, 3, 2, 0, 1, 0, 0, 0, 0, 0, 0, 0, 2, 5, 0, 0, 0, 0, 0, 0, 2, 0, 2, 0, 0, 1, 1, 0, 0, 3, 0, 0, 5, 0, 0, 4, 2, 2, 0, 1, 0, 0, 4, 0, 0, 0, 0, 0, 0, 0, 0, 3, 3, 0, 0, 0, 2, 0, 4, 4, 0, 3, 1, 4, 5, 1, 0, 0, 0, 5, 0, 41, 4, 0, 40, 2, 4, 4, 5, 0, 0, 3, 0, 5, 2, 2, 0, 0, 0, 0, 2, 4, 0, 1, 0, 1, 0, 3, 0, 0, 0, 0, 41, : 5, 1, 4, 1, 2, 2, 43, 41, 4, 3, 41, 40, 2, 3, 3, 2, 1, 2, 5, 2, 2, 1, 1, 3, 5, 4, 2, 2, 1, 4, 3, 3, 2, 4, 4, 3, 1, 4, 5, 1, 5, 41, 4, 40, 2, 4, 4, 5, 3, 5, 2, 2, 2, 4, 1, 1, 3, 41, 
126: 1, 0, 43, 0, 0, 2, 0, 4, 0, 0, 0, 4, 0, 3, 0, 0, 40, 4, 0, 3, 3, 0, 2, 0, 0, 42, 4, 0, 0, 0, 5, 0, 0, 0, 0, 4, 3, 0, 0, 2, 5, 0, 0, 0, 5, 0, 0, 0, 5, 0, 5, 0, 1, 0, 0, 0, 0, 0, 0, 0, 0, 1, 0, 0, 3, 41, 0, 4, 41, 0, 0, 4, 4, 0, 4, 2, 5, 44, 1, 2, 2, 0, 0, 1, 3, 5, 2, 0, 0, 0, 2, 3, 1, 0, 0, 3, 0, 1, 0, 0, 2, 0, 4, 43, 0, 0, 4, 4, 0, 0, 0, 0, 3, 0, 3, 0, 4, 0, 0, 0, : 1, 43, 2, 4, 4, 3, 40, 4, 3, 3, 2, 42, 4, 5, 4, 3, 2, 5, 5, 5, 5, 1, 1, 3, 41, 4, 41, 4, 4, 4, 2, 5, 44, 1, 2, 2, 1, 3, 5, 2, 2, 3, 1, 3, 1, 2, 4, 43, 4, 4, 3, 3, 4, 
487: 5, 1, 0, 0, 2, 0, 4, 3, 0, 0, 40, 0, 0, 2, 1, 5, 0, 1, 1, 5, 2, 5, 0, 0, 0, 3, 0, 2, 44, 0, 0, 0, 0, 3, 0, 0, 0, 2, 1, 0, 3, 3, 1, 4, 0, 3, 0, 2, 0, 43, 0, 3, 5, 1, 43, 43, 4, 0, 2, 4, 43, 4, 0, 2, 2, 3, 43, 0, 3, 0, 5, 0, 1, 0, 3, 0, 0, 2, 42, 4, 0, 1, 4, 4, 0, 3, 4, 0, 5, 4, 0, 1, 0, 0, 0, 0, 0, 5, 40, 0, 0, 5, 2, 0, 0, 0, 0, 1, 0, 3, 1, 0, 4, 0, 0, 0, 5, 5, 0, 0, : 5, 1, 2, 4, 3, 40, 2, 1, 5, 1, 1, 5, 2, 5, 3, 2, 44, 3, 2, 1, 3, 3, 1, 4, 3, 2, 43, 3, 5, 1, 43, 43, 4, 2, 4, 43, 4, 2, 2, 3, 43, 3, 5, 1, 3, 2, 42, 4, 1, 4, 4, 3, 4, 5, 4, 1, 5, 40, 5, 2, 1, 3, 1, 4, 5, 5, 
37: 2, 0, 0, 44, 0, 0, 0, 0, 3, 4, 4, 0, 3, 1, 0, 1, 4, 2, 3, 3, 0, 0, 44, 3, 40, 4, 0, 0, 3, 4, 3, 2, 0, 41, 0, 0, 0, 0, 4, 0, 1, 0, 44, 3, 3, 0, 0, 0, 5, 1, 0, 3, 3, 0, 4, 0, 0, 0, 0, 4, 0, 0, 0, 0, 5, 2, 0, 5, 0, 5, 2, 0, 2, 0, 1, 0, 4, 0, 0, 2, 0, 3, 0, 0, 0, 0, 0, 0, 1, 0, 1, 0, 0, 1, 3, 0, 5, 0, 2, 0, 0, 5, 42, 0, 0, 5, 0, 0, 5, 43, 40, 0, 0, 0, 0, 0, 1, 2, 3, 1, : 2, 44, 3, 4, 4, 3, 1, 1, 4, 2, 3, 3, 44, 3, 40, 4, 3, 4, 3, 2, 41, 4, 1, 44, 3, 3, 5, 1, 3, 3, 4, 4, 5, 2, 5, 5, 2, 2, 1, 4, 2, 3, 1, 1, 1, 3, 5, 2, 5, 42, 5, 5, 43, 40, 1, 2, 3, 1, 
570: 2, 4, 0, 43, 1, 43, 0, 0, 0, 0, 5, 0, 5, 0, 41, 5, 5, 44, 5, 1, 0, 0, 3, 0, 0, 0, 0, 1, 4, 0, 3, 0, 40, 0, 0, 3, 0, 0, 3, 3, 0, 0, 0, 5, 0, 0, 0, 1, 0, 4, 1, 1, 5, 1, 0, 5, 0, 3, 5, 0, 44, 0, 3, 2, 1, 5, 2, 0, 2, 0, 2, 0, 1, 2, 0, 0, 5, 0, 0, 1, 0, 0, 4, 0, 0, 2, 0, 4, 2, 5, 41, 0, 0, 0, 0, 1, 0, 0, 0, 0, 0, 0, 0, 1, 5, 0, 43, 0, 0, 0, 3, 0, 0, 3, 5, 0, 0, 5, 0, 0, : 2, 4, 43, 1, 43, 5, 5, 41, 5, 5, 44, 5, 1, 3, 1, 4, 3, 40, 3, 3, 3, 5, 1, 4, 1, 1, 5, 1, 5, 3, 5, 44, 3, 2, 1, 5, 2, 2, 2, 1, 2, 5, 1, 4, 2, 4, 2, 5, 41, 1, 1, 5, 43, 3, 3, 5, 5, 
521: 4, 0, 0, 0, 4, 0, 0, 1, 1, 4, 0, 3, 0, 4, 5, 0, 0, 2, 0, 0, 3, 0, 3, 1, 0, 4, 41, 0, 0, 1, 0, 41, 5, 1, 3, 0, 4, 0, 44, 2, 4, 0, 0, 5, 3, 3, 4, 0, 0, 0, 5, 0, 0, 0, 0, 4, 0, 2, 4, 5, 0, 5, 0, 0, 0, 5, 3, 2, 2, 0, 2, 1, 0, 0, 0, 2, 0, 40, 3, 1, 0, 0, 0, 0, 0, 0, 0, 0, 0, 0, 0, 1, 5, 2, 1, 0, 0, 3, 3, 0, 0, 2, 1, 0, 0, 0, 0, 43, 43, 4, 0, 0, 5, 3, 2, 1, 1, 0, 1, 0, : 4, 4, 1, 1, 4, 3, 4, 5, 2, 3, 3, 1, 4, 41, 1, 41, 5, 1, 3, 4, 44, 2, 4, 5, 3, 3, 4, 5, 4, 2, 4, 5, 5, 5, 3, 2, 2, 2, 1, 2, 40, 3, 1, 1, 5, 2, 1, 3, 3, 2, 1, 43, 43, 4, 5, 3, 2, 1, 1, 1, 
445: 2, 4, 4, 0, 0, 0, 3, 0, 0, 2, 4, 0, 1, 1, 0, 3, 0, 0, 2, 0, 0, 0, 3, 3, 0, 0, 0, 2, 5, 2, 3, 0, 2, 0, 5, 5, 0, 0, 3, 0, 3, 3, 5, 40, 2, 1, 3, 2, 1, 0, 0, 5, 4, 2, 0, 0, 0, 0, 0, 0, 0, 4, 3, 0, 1, 0, 4, 1, 4, 0, 0, 5, 0, 0, 1, 0, 0, 0, 0, 43, 42, 0, 0, 0, 2, 1, 3, 0, 0, 0, 0, 0, 2, 43, 0, 40, 0, 1, 0, 0, 4, 0, 2, 4, 1, 0, 3, 1, 0, 3, 0, 0, 4, 0, 0, 0, 0, 4, 0, 0, : 2, 4, 4, 3, 2, 4, 1, 1, 3, 2, 3, 3, 2, 5, 2, 3, 2, 5, 5, 3, 3, 3, 5, 40, 2, 1, 3, 2, 1, 5, 4, 2, 4, 3, 1, 4, 1, 4, 5, 1, 43, 42, 2, 1, 3, 2, 43, 40, 1, 4, 2, 4, 1, 3, 1, 3, 4, 4, 
104: 4, 3, 2, 0, 0, 0, 0, 3, 5, 0, 0, 5, 1, 0, 0, 0, 0, 1, 0, 0, 3, 2, 1, 40, 0, 3, 0, 5, 5, 0, 3, 2, 0, 1, 0, 0, 0, 0, 5, 0, 0, 43, 2, 2, 1, 4, 2, 1, 0, 0, 0, 41, 1, 0, 0, 0, 0, 0, 4, 5, 3, 0, 4, 0, 0, 0, 5, 0, 5, 42, 0, 0, 0, 3, 3, 0, 0, 0, 0, 5, 0, 44, 1, 0, 0, 2, 0, 2, 0, 0, 1, 0, 0, 5, 0, 0, 1, 0, 2, 0, 1, 1, 0, 5, 40, 2, 1, 0, 0, 0, 3, 0, 0, 0, 4, 0, 0, 0, 0, 2, : 4, 3, 2, 3, 5, 5, 1, 1, 3, 2, 1, 40, 3, 5, 5, 3, 2, 1, 5, 43, 2, 2, 1, 4, 2, 1, 41, 1, 4, 5, 3, 4, 5, 5, 42, 3, 3, 5, 44, 1, 2, 2, 1, 5, 1, 2, 1, 1, 5, 40, 2, 1, 3, 4, 2, 
84: 4, 0, 1, 0, 0, 0, 4, 0, 4, 1, 5, 0, 1, 0, 0, 0, 3, 0, 44, 42, 0, 0, 5, 2, 0, 0, 0, 4, 0, 0, 0, 41, 2, 1, 3, 4, 0, 0, 0, 2, 0, 0, 0, 42, 0, 1, 0, 0, 3, 0, 0, 0, 3, 5, 0, 3, 40, 0, 0, 40, 1, 0, 2, 0, 0, 5, 3, 4, 0, 2, 4, 1, 0, 1, 0, 2, 44, 0, 0, 0, 42, 5, 1, 44, 0, 2, 5, 0, 4, 4, 44, 0, 0, 0, 3, 0, 0, 0, 42, 2, 4, 0, 0, 0, 0, 3, 4, 2, 0, 0, 3, 0, 0, 0, 4, 0, 2, 0, 1, 0, : 4, 1, 4, 4, 1, 5, 1, 3, 44, 42, 5, 2, 4, 41, 2, 1, 3, 4, 2, 42, 1, 3, 3, 5, 3, 40, 40, 1, 2, 5, 3, 4, 2, 4, 1, 1, 2, 44, 42, 5, 1, 44, 2, 5, 4, 4, 44, 3, 42, 2, 4, 3, 4, 2, 3, 4, 2, 1, 
244: 0, 5, 41, 1, 44, 0, 0, 3, 0, 3, 5, 5, 4, 3, 5, 0, 5, 0, 5, 4, 0, 0, 0, 0, 0, 0, 0, 41, 5, 0, 0, 40, 0, 0, 42, 5, 0, 0, 0, 0, 5, 0, 0, 0, 42, 0, 4, 0, 0, 0, 5, 0, 3, 5, 2, 3, 0, 40, 1, 0, 0, 4, 2, 44, 0, 0, 2, 0, 1, 1, 0, 0, 0, 3, 3, 0, 5, 0, 0, 0, 4, 2, 2, 1, 0, 0, 0, 0, 5, 4, 0, 0, 0, 0, 0, 0, 3, 0, 0, 0, 1, 1, 43, 0, 0, 5, 0, 0, 0, 4, 0, 0, 1, 0, 2, 2, 42, 5, 43, 0, : 5, 41, 1, 44, 3, 3, 5, 5, 4, 3, 5, 5, 5, 4, 41, 5, 40, 42, 5, 5, 42, 4, 5, 3, 5, 2, 3, 40, 1, 4, 2, 44, 2, 1, 1, 3, 3, 5, 4, 2, 2, 1, 5, 4, 3, 1, 1, 43, 5, 4, 1, 2, 2, 42, 5, 43, 
215: 44, 1, 0, 4, 0, 0, 0, 2, 1, 2, 3, 0, 0, 0, 0, 4, 40, 3, 41, 1, 0, 1, 0, 0, 0, 3, 0, 4, 0, 0, 5, 42, 0, 0, 0, 5, 0, 0, 0, 0, 0, 0, 3, 0, 0, 0, 1, 5, 41, 44, 3, 0, 44, 4, 42, 0, 0, 3, 1, 1, 1, 43, 0, 3, 0, 3, 2, 5, 2, 0, 5, 0, 0, 0, 1, 0, 5, 2, 5, 40, 1, 0, 0, 0, 0, 2, 4, 0, 1, 3, 0, 0, 0, 44, 5, 5, 0, 0, 0, 0, 0, 0, 0, 0, 0, 0, 0, 0, 0, 4, 0, 0, 0, 0, 4, 44, 0, 4, 3, 0, : 44, 1, 4, 2, 1, 2, 3, 4, 40, 3, 41, 1, 1, 3, 4, 5, 42, 5, 3, 1, 5, 41, 44, 3, 44, 4, 42, 3, 1, 1, 1, 43, 3, 3, 2, 5, 2, 5, 1, 5, 2, 5, 40, 1, 2, 4, 1, 3, 44, 5, 5, 4, 4, 44, 4, 3, 
364: 0, 1, 1, 3, 0, 1, 0, 0, 0, 0, 1, 0, 2, 0, 2, 3, 2, 1, 0, 0, 0, 0, 0, 3, 41, 0, 0, 0, 3, 5, 44, 0, 3, 0, 0, 0, 0, 3, 5, 5, 0, 5, 0, 3, 0, 0, 0, 1, 0, 0, 4, 5, 0, 3, 0, 1, 0, 0, 4, 44, 0, 0, 4, 4, 0, 5, 0, 43, 0, 0, 0, 5, 5, 0, 0, 40, 3, 5, 0, 1, 2, 0, 0, 0, 3, 0, 1, 0, 0, 0, 0, 40, 2, 0, 0, 0, 0, 2, 0, 1, 2, 0, 0, 2, 5, 0, 2, 4, 0, 0, 2, 0, 0, 42, 0, 0, 0, 0, 42, 0, : 1, 1, 3, 1, 1, 2, 2, 3, 2, 1, 3, 41, 3, 5, 44, 3, 3, 5, 5, 5, 3, 1, 4, 5, 3, 1, 4, 44, 4, 4, 5, 43, 5, 5, 40, 3, 5, 1, 2, 3, 1, 40, 2, 2, 1, 2, 2, 5, 2, 4, 2, 42, 42, 
91: 5, 42, 0, 0, 2, 44, 0, 0, 4, 3, 0, 0, 0, 0, 0, 0, 0, 41, 0, 4, 3, 0, 1, 5, 0, 2, 0, 0, 2, 5, 2, 0, 0, 0, 0, 41, 0, 0, 0, 0, 3, 2, 1, 2, 0, 0, 1, 4, 0, 0, 4, 0, 43, 3, 0, 4, 0, 0, 0, 0, 4, 1, 2, 1, 0, 0, 0, 0, 0, 2, 3, 0, 0, 0, 2, 1, 0, 4, 0, 1, 4, 0, 0, 0, 0, 0, 0, 0, 0, 0, 0, 0, 0, 0, 1, 0, 0, 0, 1, 2, 2, 2, 3, 2, 0, 4, 3, 0, 2, 5, 1, 0, 0, 5, 2, 0, 0, 0, 0, 2, : 5, 42, 2, 44, 4, 3, 41, 4, 3, 1, 5, 2, 2, 5, 2, 41, 3, 2, 1, 2, 1, 4, 4, 43, 3, 4, 4, 1, 2, 1, 2, 3, 2, 1, 4, 1, 4, 1, 1, 2, 2, 2, 3, 2, 4, 3, 2, 5, 1, 5, 2, 2, 
313: 4, 0, 0, 0, 4, 4, 0, 0, 0, 4, 0, 3, 4, 2, 0, 0, 0, 4, 42, 4, 0, 4, 4, 0, 0, 0, 0, 5, 0, 2, 0, 0, 3, 0, 5, 4, 0, 0, 4, 44, 0, 0, 4, 0, 5, 40, 4, 4, 0, 0, 0, 0, 0, 0, 0, 0, 41, 0, 0, 2, 0, 0, 2, 0, 0, 4, 1, 0, 0, 0, 0, 2, 2, 5, 0, 40, 0, 0, 0, 5, 5, 0, 4, 0, 3, 4, 0, 1, 0, 0, 3, 0, 4, 0, 0, 0, 0, 5, 0, 3, 0, 4, 0, 2, 0, 4, 2, 4, 4, 4, 2, 0, 0, 0, 0, 0, 1, 0, 0, 4, : 4, 4, 4, 4, 3, 4, 2, 4, 42, 4, 4, 4, 5, 2, 3, 5, 4, 4, 44, 4, 5, 40, 4, 4, 41, 2, 2, 4, 1, 2, 2, 5, 40, 5, 5, 4, 3, 4, 1, 3, 4, 5, 3, 4, 2, 4, 2, 4, 4, 4, 2, 1, 4, 
462: 1, 3, 5, 0, 0, 41, 0, 3, 0, 2, 0, 0, 40, 41, 0, 0, 1, 2, 44, 3, 0, 0, 2, 1, 0, 1, 44, 5, 0, 0, 4, 1, 0, 0, 0, 5, 0, 1, 0, 0, 2, 0, 2, 4, 0, 2, 4, 0, 0, 0, 0, 0, 4, 5, 0, 1, 0, 0, 3, 0, 4, 3, 0, 2, 0, 1, 0, 2, 0, 0, 0, 0, 0, 0, 4, 0, 2, 4, 0, 0, 1, 0, 4, 0, 1, 44, 0, 0, 2, 0, 0, 0, 0, 0, 0, 41, 0, 1, 0, 4, 0, 0, 0, 3, 0, 0, 0, 0, 0, 0, 0, 0, 5, 5, 0, 0, 2, 0, 0, 0, : 1, 3, 5, 41, 3, 2, 40, 41, 1, 2, 44, 3, 2, 1, 1, 44, 5, 4, 1, 5, 1, 2, 2, 4, 2, 4, 4, 5, 1, 3, 4, 3, 2, 1, 2, 4, 2, 4, 1, 4, 1, 44, 2, 41, 1, 4, 3, 5, 5, 2, 
410: 1, 3, 4, 44, 0, 2, 0, 3, 1, 0, 2, 0, 3, 1, 0, 2, 0, 3, 2, 0, 2, 0, 0, 1, 0, 4, 0, 0, 0, 3, 0, 0, 2, 0, 0, 0, 3, 0, 0, 4, 1, 0, 0, 40, 1, 0, 2, 2, 0, 0, 2, 0, 0, 0, 0, 41, 0, 0, 2, 4, 1, 2, 1, 0, 44, 0, 40, 1, 0, 0, 2, 0, 0, 1, 4, 0, 1, 5, 0, 0, 0, 0, 0, 0, 0, 0, 0, 0, 0, 4, 5, 5, 5, 0, 3, 0, 0, 0, 0, 0, 4, 2, 0, 0, 0, 2, 0, 0, 3, 43, 2, 0, 5, 5, 4, 0, 2, 0, 0, 5, : 1, 3, 4, 44, 2, 3, 1, 2, 3, 1, 2, 3, 2, 2, 1, 4, 3, 2, 3, 4, 1, 40, 1, 2, 2, 2, 41, 2, 4, 1, 2, 1, 44, 40, 1, 2, 1, 4, 1, 5, 4, 5, 5, 5, 3, 4, 2, 2, 3, 43, 2, 5, 5, 4, 2, 5, 
255: 5, 0, 0, 0, 0, 0, 0, 0, 1, 0, 0, 0, 0, 4, 3, 5, 0, 0, 2, 0, 0, 0, 0, 1, 0, 5, 42, 1, 2, 0, 44, 0, 3, 2, 0, 3, 0, 4, 1, 2, 5, 1, 0, 0, 3, 0, 42, 0, 0, 0, 0, 0, 0, 3, 0, 0, 2, 0, 4, 0, 0, 5, 4, 0, 0, 0, 3, 0, 0, 4, 1, 1, 44, 40, 1, 2, 0, 0, 2, 1, 0, 5, 3, 1, 0, 0, 0, 0, 2, 0, 4, 1, 0, 4, 1, 5, 44, 0, 0, 0, 4, 0, 0, 3, 1, 0, 2, 0, 0, 1, 4, 0, 4, 41, 1, 0, 5, 0, 3, 0, : 5, 1, 4, 3, 5, 2, 1, 5, 42, 1, 2, 44, 3, 2, 3, 4, 1, 2, 5, 1, 3, 42, 3, 2, 4, 5, 4, 3, 4, 1, 1, 44, 40, 1, 2, 2, 1, 5, 3, 1, 2, 4, 1, 4, 1, 5, 44, 4, 3, 1, 2, 1, 4, 4, 41, 1, 5, 3, 
63: 4, 5, 0, 0, 41, 3, 4, 1, 0, 1, 0, 1, 0, 5, 5, 0, 0, 1, 3, 0, 42, 41, 5, 0, 0, 2, 0, 2, 2, 42, 0, 2, 5, 1, 0, 0, 43, 0, 1, 2, 1, 4, 2, 0, 5, 40, 0, 0, 0, 0, 4, 5, 1, 0, 5, 4, 0, 4, 5, 0, 0, 1, 0, 0, 0, 4, 0, 0, 2, 0, 2, 0, 3, 0, 4, 0, 4, 0, 41, 4, 0, 5, 0, 0, 0, 0, 1, 0, 4, 3, 1, 0, 0, 0, 0, 1, 0, 0, 0, 0, 0, 41, 0, 2, 0, 0, 1, 0, 44, 1, 1, 41, 0, 0, 0, 5, 5, 2, 2, 0, : 4, 5, 41, 3, 4, 1, 1, 1, 5, 5, 1, 3, 42, 41, 5, 2, 2, 2, 42, 2, 5, 1, 43, 1, 2, 1, 4, 2, 5, 40, 4, 5, 1, 5, 4, 4, 5, 1, 4, 2, 2, 3, 4, 4, 41, 4, 5, 1, 4, 3, 1, 1, 41, 2, 1, 44, 1, 1, 41, 5, 5, 2, 2, 
263: 0, 0, 5, 4, 0, 41, 4, 5, 0, 3, 0, 0, 0, 0, 44, 43, 0, 5, 1, 5, 0, 2, 1, 0, 0, 5, 0, 0, 0, 4, 1, 0, 3, 5, 0, 0, 0, 0, 0, 0, 0, 0, 0, 0, 0, 0, 5, 1, 0, 0, 0, 0, 1, 0, 0, 2, 0, 0, 1, 3, 0, 4, 41, 0, 3, 1, 0, 4, 5, 3, 0, 0, 5, 0, 5, 0, 4, 0, 1, 2, 3, 0, 1, 0, 0, 3, 5, 0, 0, 0, 0, 0, 0, 0, 0, 0, 4, 0, 0, 5, 44, 2, 0, 2, 0, 0, 5, 0, 0, 3, 0, 0, 0, 0, 5, 5, 3, 0, 2, 44, : 5, 4, 41, 4, 5, 3, 44, 43, 5, 1, 5, 2, 1, 5, 4, 1, 3, 5, 5, 1, 1, 2, 1, 3, 4, 41, 3, 1, 4, 5, 3, 5, 5, 4, 1, 2, 3, 1, 3, 5, 4, 5, 44, 2, 2, 5, 3, 5, 5, 3, 2, 44, 
594: 0, 3, 0, 4, 0, 0, 0, 0, 0, 0, 0, 0, 3, 3, 4, 0, 0, 0, 0, 1, 0, 40, 3, 1, 0, 0, 0, 2, 3, 1, 0, 0, 4, 0, 0, 5, 0, 0, 0, 3, 0, 2, 4, 0, 2, 1, 0, 1, 43, 0, 0, 0, 1, 3, 2, 0, 1, 0, 0, 4, 4, 5, 0, 0, 2, 0, 0, 0, 4, 0, 43, 0, 1, 1, 5, 4, 3, 0, 40, 0, 0, 4, 0, 2, 3, 0, 0, 0, 42, 0, 0, 4, 2, 0, 41, 0, 0, 3, 5, 0, 40, 3, 0, 3, 40, 0, 2, 0, 40, 0, 0, 0, 0, 1, 3, 0, 43, 3, 0, 0, : 3, 4, 3, 3, 4, 1, 40, 3, 1, 2, 3, 1, 4, 5, 3, 2, 4, 2, 1, 1, 43, 1, 3, 2, 1, 4, 4, 5, 2, 4, 43, 1, 1, 5, 4, 3, 40, 4, 2, 3, 42, 4, 2, 41, 3, 5, 40, 3, 3, 40, 2, 40, 1, 3, 43, 3, 
110: 0, 3, 2, 0, 0, 0, 0, 2, 0, 42, 2, 41, 3, 5, 5, 4, 2, 3, 3, 0, 0, 4, 0, 0, 0, 0, 0, 0, 0, 3, 2, 0, 43, 0, 0, 1, 0, 0, 2, 1, 0, 4, 1, 0, 1, 0, 4, 44, 0, 0, 0, 0, 1, 2, 0, 2, 0, 0, 0, 2, 3, 0, 0, 0, 0, 0, 0, 0, 0, 3, 1, 0, 1, 4, 0, 2, 0, 0, 0, 0, 0, 5, 4, 42, 41, 0, 0, 1, 0, 0, 5, 5, 0, 3, 0, 0, 0, 2, 0, 5, 1, 3, 0, 0, 3, 0, 0, 0, 2, 2, 0, 5, 3, 0, 44, 0, 42, 4, 2, 44, : 3, 2, 2, 42, 2, 41, 3, 5, 5, 4, 2, 3, 3, 4, 3, 2, 43, 1, 2, 1, 4, 1, 1, 4, 44, 1, 2, 2, 2, 3, 3, 1, 1, 4, 2, 5, 4, 42, 41, 1, 5, 5, 3, 2, 5, 1, 3, 3, 2, 2, 5, 3, 44, 42, 4, 2, 44, 
209: 3, 0, 0, 3, 0, 0, 2, 0, 3, 0, 0, 0, 0, 4, 2, 0, 0, 5, 0, 0, 0, 0, 0, 1, 0, 5, 0, 0, 0, 0, 0, 0, 0, 0, 0, 0, 0, 3, 2, 1, 1, 0, 0, 3, 0, 0, 4, 5, 0, 3, 0, 5, 4, 5, 4, 0, 0, 0, 0, 1, 2, 0, 5, 5, 4, 1, 4, 1, 3, 0, 2, 0, 3, 5, 0, 0, 0, 0, 0, 0, 0, 42, 3, 0, 0, 0, 0, 5, 0, 0, 1, 3, 0, 0, 1, 1, 2, 5, 0, 0, 0, 2, 0, 0, 1, 0, 0, 4, 2, 4, 4, 0, 3, 0, 0, 0, 0, 43, 1, 0, : 3, 3, 2, 3, 4, 2, 5, 1, 5, 3, 2, 1, 1, 3, 4, 5, 3, 5, 4, 5, 4, 1, 2, 5, 5, 4, 1, 4, 1, 3, 2, 3, 5, 42, 3, 5, 1, 3, 1, 1, 2, 5, 2, 1, 4, 2, 4, 4, 3, 43, 1, 
221: 2, 3, 44, 1, 40, 0, 5, 4, 0, 5, 0, 0, 1, 3, 0, 5, 0, 5, 0, 4, 0, 4, 2, 0, 0, 2, 0, 0, 0, 0, 0, 0, 0, 43, 0, 2, 0, 1, 0, 0, 1, 0, 0, 0, 3, 42, 4, 0, 0, 0, 0, 0, 3, 0, 1, 0, 0, 0, 1, 0, 2, 4, 0, 0, 5, 0, 2, 40, 2, 43, 0, 0, 0, 3, 2, 4, 2, 4, 0, 40, 2, 5, 4, 0, 0, 0, 0, 0, 43, 0, 0, 3, 0, 0, 43, 0, 0, 1, 0, 0, 3, 0, 4, 1, 2, 1, 0, 1, 0, 3, 0, 0, 0, 0, 1, 0, 0, 1, 0, 2, : 2, 3, 44, 1, 40, 5, 4, 5, 1, 3, 5, 5, 4, 4, 2, 2, 43, 2, 1, 1, 3, 42, 4, 3, 1, 1, 2, 4, 5, 2, 40, 2, 43, 3, 2, 4, 2, 4, 40, 2, 5, 4, 43, 3, 43, 1, 3, 4, 1, 2, 1, 1, 3, 1, 1, 2, 
324: 0, 3, 0, 0, 0, 0, 0, 1, 0, 0, 2, 1, 0, 0, 4, 0, 4, 0, 0, 2, 1, 0, 0, 0, 0, 1, 5, 0, 0, 1, 4, 0, 3, 0, 42, 44, 0, 0, 0, 0, 0, 0, 0, 0, 3, 2, 2, 0, 3, 0, 0, 0, 1, 4, 2, 0, 3, 0, 4, 44, 0, 2, 1, 0, 42, 0, 2, 5, 0, 5, 1, 42, 1, 0, 0, 2, 0, 40, 3, 0, 1, 0, 0, 0, 0, 2, 0, 0, 0, 0, 0, 0, 0, 3, 3, 4, 4, 2, 1, 2, 4, 0, 0, 3, 0, 42, 5, 4, 5, 0, 0, 0, 0, 2, 0, 4, 5, 0, 3, 0, : 3, 1, 2, 1, 4, 4, 2, 1, 1, 5, 1, 4, 3, 42, 44, 3, 2, 2, 3, 1, 4, 2, 3, 4, 44, 2, 1, 42, 2, 5, 5, 1, 42, 1, 2, 40, 3, 1, 2, 3, 3, 4, 4, 2, 1, 2, 4, 3, 42, 5, 4, 5, 2, 4, 5, 3, 
159: 3, 0, 0, 4, 0, 0, 0, 0, 0, 0, 0, 0, 3, 0, 0, 0, 0, 40, 1, 0, 43, 4, 0, 0, 5, 1, 0, 0, 0, 0, 0, 0, 3, 5, 3, 5, 0, 0, 5, 0, 3, 0, 5, 3, 0, 0, 3, 3, 1, 0, 1, 0, 1, 3, 0, 0, 4, 0, 4, 1, 4, 0, 0, 0, 43, 5, 0, 0, 0, 2, 0, 0, 0, 41, 44, 2, 2, 1, 0, 2, 0, 0, 3, 4, 0, 0, 5, 5, 0, 1, 0, 0, 3, 0, 0, 4, 3, 0, 0, 0, 3, 0, 42, 0, 0, 0, 2, 41, 0, 3, 1, 0, 0, 43, 4, 4, 4, 0, 0, 0, : 3, 4, 3, 40, 1, 43, 4, 5, 1, 3, 5, 3, 5, 5, 3, 5, 3, 3, 3, 1, 1, 1, 3, 4, 4, 1, 4, 43, 5, 2, 41, 44, 2, 2, 1, 2, 3, 4, 5, 5, 1, 3, 4, 3, 3, 42, 2, 41, 3, 1, 43, 4, 4, 4, 
569: 0, 0, 0, 0, 0, 0, 5, 0, 4, 0, 0, 0, 0, 0, 0, 3, 4, 5, 0, 4, 3, 0, 1, 0, 0, 2, 0, 42, 0, 1, 5, 1, 40, 0, 4, 5, 0, 0, 4, 0, 0, 0, 3, 0, 0, 1, 40, 5, 0, 4, 5, 0, 5, 3, 4, 43, 0, 0, 0, 0, 2, 1, 0, 0, 1, 0, 2, 2, 0, 0, 1, 3, 0, 0, 2, 0, 2, 0, 2, 0, 0, 3, 5, 0, 0, 5, 0, 0, 0, 0, 2, 0, 0, 4, 0, 4, 2, 43, 0, 0, 3, 0, 2, 0, 2, 2, 2, 0, 0, 3, 3, 0, 5, 0, 0, 1, 0, 0, 0, 2, : 5, 4, 3, 4, 5, 4, 3, 1, 2, 42, 1, 5, 1, 40, 4, 5, 4, 3, 1, 40, 5, 4, 5, 5, 3, 4, 43, 2, 1, 1, 2, 2, 1, 3, 2, 2, 2, 3, 5, 5, 2, 4, 4, 2, 43, 3, 2, 2, 2, 2, 3, 3, 5, 1, 2, 
131: 3, 0, 3, 3, 1, 0, 0, 3, 0, 1, 0, 0, 40, 0, 0, 1, 2, 5, 0, 4, 42, 4, 5, 1, 0, 2, 0, 0, 0, 0, 0, 0, 3, 0, 0, 3, 3, 0, 0, 0, 0, 0, 44, 0, 1, 2, 2, 0, 0, 3, 0, 0, 2, 3, 0, 0, 0, 0, 0, 0, 40, 0, 4, 0, 0, 5, 0, 0, 1, 5, 0, 0, 40, 4, 0, 4, 2, 0, 0, 0, 0, 2, 0, 0, 2, 4, 0, 0, 0, 0, 0, 5, 1, 0, 3, 40, 4, 0, 4, 41, 3, 1, 2, 0, 0, 2, 41, 4, 3, 5, 2, 0, 1, 2, 3, 2, 0, 0, 0, 0, : 3, 3, 3, 1, 3, 1, 40, 1, 2, 5, 4, 42, 4, 5, 1, 2, 3, 3, 3, 44, 1, 2, 2, 3, 2, 3, 40, 4, 5, 1, 5, 40, 4, 4, 2, 2, 2, 4, 5, 1, 3, 40, 4, 4, 41, 3, 1, 2, 2, 41, 4, 3, 5, 2, 1, 2, 3, 2, 
485: 0, 0, 0, 2, 3, 0, 5, 0, 0, 5, 0, 0, 0, 5, 1, 0, 5, 3, 3, 0, 0, 1, 0, 0, 0, 0, 3, 44, 0, 0, 4, 0, 1, 1, 0, 3, 0, 0, 5, 2, 0, 0, 0, 0, 3, 3, 1, 5, 0, 0, 42, 4, 3, 3, 0, 2, 0, 0, 0, 1, 0, 5, 0, 5, 5, 4, 0, 0, 3, 0, 0, 3, 4, 0, 0, 0, 0, 0, 0, 3, 0, 0, 0, 2, 0, 2, 0, 0, 3, 0, 0, 44, 0, 0, 1, 43, 1, 0, 0, 43, 4, 4, 0, 0, 0, 43, 1, 1, 0, 0, 4, 2, 2, 0, 2, 2, 5, 5, 2, 0, : 2, 3, 5, 5, 5, 1, 5, 3, 3, 1, 3, 44, 4, 1, 1, 3, 5, 2, 3, 3, 1, 5, 42, 4, 3, 3, 2, 1, 5, 5, 5, 4, 3, 3, 4, 3, 2, 2, 3, 44, 1, 43, 1, 43, 4, 4, 43, 1, 1, 4, 2, 2, 2, 2, 5, 5, 2, 
455: 1, 0, 0, 0, 0, 0, 4, 0, 0, 5, 4, 1, 44, 0, 3, 0, 4, 0, 0, 0, 0, 3, 0, 0, 0, 3, 0, 0, 5, 0, 5, 1, 0, 0, 1, 0, 2, 0, 0, 43, 0, 0, 4, 0, 5, 0, 5, 3, 0, 1, 5, 0, 1, 0, 3, 0, 0, 0, 40, 2, 4, 0, 4, 0, 3, 0, 0, 2, 3, 0, 0, 0, 0, 0, 0, 4, 0, 0, 0, 3, 5, 4, 0, 4, 0, 0, 42, 0, 0, 0, 0, 2, 0, 4, 0, 3, 0, 0, 3, 1, 5, 0, 0, 3, 0, 0, 1, 0, 1, 5, 0, 0, 0, 0, 0, 0, 0, 0, 4, 3, : 1, 4, 5, 4, 1, 44, 3, 4, 3, 3, 5, 5, 1, 1, 2, 43, 4, 5, 5, 3, 1, 5, 1, 3, 40, 2, 4, 4, 3, 2, 3, 4, 3, 5, 4, 4, 42, 2, 4, 3, 3, 1, 5, 3, 1, 1, 5, 4, 3, 
50: 0, 3, 0, 0, 0, 3, 3, 1, 0, 4, 0, 0, 0, 1, 3, 0, 1, 0, 0, 0, 1, 4, 1, 0, 0, 42, 0, 1, 1, 3, 0, 43, 1, 2, 4, 5, 0, 0, 2, 4, 1, 0, 4, 2, 0, 42, 0, 0, 0, 0, 0, 4, 0, 0, 0, 5, 4, 2, 0, 4, 0, 42, 4, 0, 0, 0, 3, 2, 43, 1, 2, 1, 0, 0, 0, 0, 2, 4, 0, 0, 0, 0, 0, 2, 0, 0, 4, 3, 2, 40, 5, 0, 1, 0, 5, 0, 3, 4, 0, 1, 3, 0, 4, 5, 1, 0, 3, 3, 5, 0, 0, 0, 4, 0, 44, 42, 3, 0, 0, 0, : 3, 3, 3, 1, 4, 1, 3, 1, 1, 4, 1, 42, 1, 1, 3, 43, 1, 2, 4, 5, 2, 4, 1, 4, 2, 42, 4, 5, 4, 2, 4, 42, 4, 3, 2, 43, 1, 2, 1, 2, 4, 2, 4, 3, 2, 40, 5, 1, 5, 3, 4, 1, 3, 4, 5, 1, 3, 3, 5, 4, 44, 42, 3, 
443: 0, 2, 3, 0, 3, 0, 41, 44, 0, 0, 5, 0, 0, 0, 0, 1, 0, 2, 0, 0, 5, 0, 0, 0, 0, 0, 0, 0, 0, 0, 0, 4, 0, 4, 1, 2, 4, 2, 1, 0, 2, 1, 0, 0, 5, 4, 2, 0, 2, 0, 5, 0, 5, 3, 5, 2, 2, 0, 0, 0, 2, 1, 0, 5, 0, 3, 5, 5, 2, 0, 4, 0, 0, 40, 2, 0, 1, 0, 4, 0, 0, 0, 5, 0, 0, 0, 3, 0, 1, 2, 0, 2, 0, 3, 0, 0, 1, 42, 0, 3, 4, 4, 0, 3, 0, 5, 0, 1, 2, 1, 2, 0, 0, 0, 4, 5, 0, 5, 0, 1, : 2, 3, 3, 41, 44, 5, 1, 2, 5, 4, 4, 1, 2, 4, 2, 1, 2, 1, 5, 4, 2, 2, 5, 5, 3, 5, 2, 2, 2, 1, 5, 3, 5, 5, 2, 4, 40, 2, 1, 4, 5, 3, 1, 2, 2, 3, 1, 42, 3, 4, 4, 3, 5, 1, 2, 1, 2, 4, 5, 5, 1, 
148: 0, 5, 2, 42, 3, 0, 1, 4, 1, 4, 0, 0, 0, 1, 4, 2, 0, 0, 0, 2, 3, 0, 4, 0, 0, 0, 0, 4, 2, 0, 0, 2, 0, 0, 0, 5, 0, 42, 0, 0, 0, 0, 0, 4, 1, 0, 3, 0, 5, 0, 4, 4, 0, 1, 44, 0, 3, 4, 0, 0, 3, 0, 3, 42, 2, 4, 0, 0, 4, 5, 0, 5, 4, 0, 4, 2, 0, 5, 0, 0, 40, 0, 0, 0, 0, 0, 41, 0, 0, 0, 0, 3, 41, 2, 0, 0, 3, 3, 0, 1, 0, 5, 0, 0, 0, 0, 0, 2, 0, 3, 41, 5, 41, 3, 1, 0, 0, 0, 0, 0, : 5, 2, 42, 3, 1, 4, 1, 4, 1, 4, 2, 2, 3, 4, 4, 2, 2, 5, 42, 4, 1, 3, 5, 4, 4, 1, 44, 3, 4, 3, 3, 42, 2, 4, 4, 5, 5, 4, 4, 2, 5, 40, 41, 3, 41, 2, 3, 3, 1, 5, 2, 3, 41, 5, 41, 3, 1, 
128: 3, 2, 5, 0, 0, 0, 4, 2, 4, 0, 0, 0, 0, 2, 40, 0, 0, 1, 2, 1, 44, 3, 3, 1, 0, 0, 0, 1, 0, 0, 42, 0, 0, 0, 0, 3, 0, 0, 0, 1, 0, 0, 0, 0, 0, 0, 2, 43, 5, 0, 0, 0, 5, 0, 3, 4, 0, 42, 0, 0, 0, 2, 2, 1, 0, 4, 4, 0, 0, 3, 4, 0, 4, 4, 5, 5, 1, 5, 0, 0, 40, 3, 0, 3, 41, 0, 40, 0, 0, 0, 0, 4, 0, 4, 0, 0, 0, 0, 0, 3, 3, 0, 1, 1, 0, 0, 0, 0, 0, 5, 4, 0, 0, 0, 2, 0, 3, 0, 0, 0, : 3, 2, 5, 4, 2, 4, 2, 40, 1, 2, 1, 44, 3, 3, 1, 1, 42, 3, 1, 2, 43, 5, 5, 3, 4, 42, 2, 2, 1, 4, 4, 3, 4, 4, 4, 5, 5, 1, 5, 40, 3, 3, 41, 40, 4, 4, 3, 3, 1, 1, 5, 4, 2, 3, 
535: 1, 42, 0, 0, 3, 0, 0, 3, 0, 3, 0, 0, 0, 0, 0, 0, 4, 0, 0, 0, 0, 4, 3, 2, 41, 0, 0, 0, 4, 0, 3, 0, 0, 0, 0, 1, 0, 1, 3, 4, 4, 0, 0, 0, 1, 5, 2, 0, 0, 0, 0, 0, 1, 1, 0, 0, 0, 0, 5, 0, 0, 41, 0, 40, 0, 2, 5, 0, 5, 0, 1, 0, 0, 0, 0, 0, 0, 0, 0, 0, 0, 0, 2, 0, 43, 3, 0, 0, 5, 0, 0, 2, 0, 5, 0, 0, 41, 4, 0, 0, 1, 4, 0, 2, 2, 0, 0, 0, 0, 4, 41, 0, 0, 0, 0, 5, 2, 0, 0, 0, : 1, 42, 3, 3, 3, 4, 4, 3, 2, 41, 4, 3, 1, 1, 3, 4, 4, 1, 5, 2, 1, 1, 5, 41, 40, 2, 5, 5, 1, 2, 43, 3, 5, 2, 5, 41, 4, 1, 4, 2, 2, 4, 41, 5, 2, 
527: 4, 5, 5, 0, 0, 2, 0, 2, 2, 0, 5, 0, 0, 0, 2, 1, 1, 0, 5, 1, 0, 0, 3, 2, 1, 0, 0, 0, 1, 2, 4, 0, 2, 0, 0, 5, 0, 2, 5, 0, 0, 0, 0, 3, 4, 4, 0, 3, 0, 0, 0, 3, 40, 1, 0, 1, 3, 4, 3, 3, 42, 0, 0, 0, 5, 1, 0, 0, 0, 0, 0, 4, 0, 5, 42, 40, 0, 0, 0, 3, 2, 4, 3, 3, 0, 0, 0, 5, 0, 0, 5, 0, 0, 44, 4, 3, 4, 3, 0, 1, 0, 0, 2, 2, 0, 0, 0, 0, 2, 0, 1, 0, 41, 0, 5, 1, 4, 1, 5, 4, : 4, 5, 5, 2, 2, 2, 5, 2, 1, 1, 5, 1, 3, 2, 1, 1, 2, 4, 2, 5, 2, 5, 3, 4, 4, 3, 3, 40, 1, 1, 3, 4, 3, 3, 42, 5, 1, 4, 5, 42, 40, 3, 2, 4, 3, 3, 5, 5, 44, 4, 3, 4, 3, 1, 2, 2, 2, 1, 41, 5, 1, 4, 1, 5, 4, 
179: 2, 2, 1, 0, 0, 43, 0, 2, 5, 3, 0, 0, 2, 0, 0, 0, 0, 0, 0, 4, 0, 5, 0, 0, 2, 44, 4, 0, 1, 0, 3, 0, 0, 0, 0, 5, 0, 3, 5, 0, 1, 5, 0, 0, 0, 5, 0, 4, 0, 40, 0, 0, 0, 3, 0, 3, 42, 0, 4, 4, 5, 0, 0, 40, 0, 41, 0, 40, 0, 0, 0, 0, 0, 40, 0, 0, 3, 5, 0, 0, 0, 4, 4, 0, 0, 4, 2, 0, 4, 1, 5, 4, 0, 0, 4, 0, 3, 0, 40, 0, 0, 5, 0, 2, 5, 4, 0, 5, 2, 4, 2, 5, 0, 0, 0, 0, 5, 3, 0, 0, : 2, 2, 1, 43, 2, 5, 3, 2, 4, 5, 2, 44, 4, 1, 3, 5, 3, 5, 1, 5, 5, 4, 40, 3, 3, 42, 4, 4, 5, 40, 41, 40, 40, 3, 5, 4, 4, 4, 2, 4, 1, 5, 4, 4, 3, 40, 5, 2, 5, 4, 5, 2, 4, 2, 5, 5, 3, 
589: 0, 4, 2, 1, 4, 40, 0, 0, 0, 0, 44, 0, 3, 0, 0, 0, 5, 2, 0, 4, 5, 1, 0, 0, 0, 0, 3, 0, 0, 0, 0, 0, 0, 0, 40, 1, 4, 0, 0, 4, 0, 4, 0, 3, 1, 0, 4, 1, 3, 0, 4, 0, 0, 3, 0, 1, 0, 1, 0, 3, 0, 4, 0, 2, 5, 1, 0, 0, 0, 1, 3, 3, 4, 0, 4, 4, 0, 0, 2, 0, 0, 0, 4, 0, 1, 0, 0, 0, 4, 0, 0, 0, 0, 0, 41, 0, 3, 2, 5, 4, 0, 0, 4, 5, 0, 0, 2, 4, 0, 0, 0, 0, 2, 0, 5, 0, 2, 0, 0, 0, : 4, 2, 1, 4, 40, 44, 3, 5, 2, 4, 5, 1, 3, 40, 1, 4, 4, 4, 3, 1, 4, 1, 3, 4, 3, 1, 1, 3, 4, 2, 5, 1, 1, 3, 3, 4, 4, 4, 2, 4, 1, 4, 41, 3, 2, 5, 4, 4, 5, 2, 4, 2, 5, 2, 
19: 1, 4, 3, 0, 0, 1, 0, 1, 1, 0, 0, 4, 43, 2, 2, 41, 1, 43, 0, 5, 5, 0, 0, 3, 0, 0, 0, 2, 5, 5, 0, 0, 0, 0, 0, 0, 0, 0, 0, 0, 0, 0, 0, 43, 0, 0, 3, 2, 0, 0, 0, 2, 1, 1, 3, 2, 0, 4, 2, 4, 3, 1, 4, 0, 0, 0, 0, 0, 2, 1, 0, 0, 0, 0, 0, 1, 5, 3, 0, 1, 0, 0, 2, 0, 0, 1, 0, 3, 2, 0, 5, 0, 5, 42, 1, 0, 3, 0, 0, 2, 0, 5, 0, 0, 0, 0, 0, 3, 0, 0, 0, 41, 4, 0, 0, 1, 3, 3, 0, 1, : 1, 4, 3, 1, 1, 1, 4, 43, 2, 2, 41, 1, 43, 5, 5, 3, 2, 5, 5, 43, 3, 2, 2, 1, 1, 3, 2, 4, 2, 4, 3, 1, 4, 2, 1, 1, 5, 3, 1, 2, 1, 3, 2, 5, 5, 42, 1, 3, 2, 5, 3, 41, 4, 1, 3, 3, 1, 
283: 0, 2, 3, 0, 0, 4, 4, 2, 0, 0, 3, 0, 43, 4, 0, 0, 4, 0, 0, 3, 0, 43, 0, 0, 42, 0, 0, 4, 4, 4, 2, 0, 1, 1, 5, 0, 0, 5, 3, 0, 3, 1, 0, 0, 3, 5, 4, 2, 0, 0, 2, 0, 0, 0, 3, 0, 0, 0, 40, 3, 0, 3, 0, 0, 0, 4, 0, 1, 3, 0, 4, 0, 0, 0, 0, 0, 2, 2, 0, 4, 0, 42, 2, 4, 0, 2, 0, 0, 0, 0, 1, 0, 0, 0, 5, 0, 0, 5, 3, 43, 4, 0, 0, 4, 1, 0, 3, 0, 1, 0, 3, 5, 1, 4, 0, 1, 0, 0, 0, 0, : 2, 3, 4, 4, 2, 3, 43, 4, 4, 3, 43, 42, 4, 4, 4, 2, 1, 1, 5, 5, 3, 3, 1, 3, 5, 4, 2, 2, 3, 40, 3, 3, 4, 1, 3, 4, 2, 2, 4, 42, 2, 4, 2, 1, 5, 5, 3, 43, 4, 4, 1, 3, 1, 3, 5, 1, 4, 1, 
414: 0, 0, 0, 0, 5, 0, 4, 3, 1, 0, 4, 0, 0, 5, 0, 1, 0, 4, 0, 2, 0, 4, 0, 0, 0, 0, 1, 0, 0, 0, 0, 40, 0, 44, 0, 3, 1, 0, 0, 0, 0, 3, 0, 0, 1, 3, 1, 0, 4, 5, 3, 3, 1, 5, 3, 4, 43, 0, 2, 0, 0, 0, 1, 0, 0, 5, 3, 0, 5, 1, 4, 0, 5, 0, 5, 2, 0, 0, 0, 3, 0, 1, 2, 0, 0, 43, 3, 0, 0, 0, 3, 3, 0, 0, 1, 0, 0, 40, 0, 0, 3, 0, 0, 0, 0, 0, 3, 0, 0, 1, 43, 0, 0, 1, 0, 3, 0, 0, 0, 4, : 5, 4, 3, 1, 4, 5, 1, 4, 2, 4, 1, 40, 44, 3, 1, 3, 1, 3, 1, 4, 5, 3, 3, 1, 5, 3, 4, 43, 2, 1, 5, 3, 5, 1, 4, 5, 5, 2, 3, 1, 2, 43, 3, 3, 3, 1, 40, 3, 3, 1, 43, 1, 3, 4, 
190: 0, 5, 0, 1, 0, 0, 40, 5, 0, 0, 0, 0, 4, 0, 0, 5, 3, 0, 0, 1, 4, 5, 2, 5, 41, 0, 0, 0, 0, 2, 0, 43, 0, 0, 3, 2, 3, 0, 0, 3, 0, 0, 0, 4, 1, 5, 5, 1, 0, 40, 0, 4, 1, 0, 5, 0, 0, 41, 0, 0, 2, 2, 0, 41, 3, 0, 0, 1, 0, 0, 41, 0, 3, 0, 0, 0, 0, 0, 0, 0, 0, 2, 0, 3, 0, 0, 0, 2, 4, 0, 3, 0, 0, 1, 0, 0, 2, 3, 0, 0, 4, 0, 0, 0, 4, 4, 0, 0, 0, 0, 1, 0, 2, 42, 0, 0, 3, 5, 43, 3, : 5, 1, 40, 5, 4, 5, 3, 1, 4, 5, 2, 5, 41, 2, 43, 3, 2, 3, 3, 4, 1, 5, 5, 1, 40, 4, 1, 5, 41, 2, 2, 41, 3, 1, 41, 3, 2, 3, 2, 4, 3, 1, 2, 3, 4, 4, 4, 1, 2, 42, 3, 5, 43, 3, 
264: 3, 0, 2, 41, 0, 0, 1, 1, 5, 2, 0, 0, 0, 0, 1, 0, 0, 2, 0, 5, 4, 1, 4, 0, 0, 0, 0, 0, 0, 40, 43, 1, 0, 0, 0, 3, 0, 1, 4, 0, 0, 0, 40, 2, 5, 0, 1, 0, 43, 2, 1, 4, 5, 4, 0, 0, 4, 0, 0, 0, 43, 1, 0, 0, 0, 0, 2, 0, 4, 0, 43, 0, 4, 5, 3, 0, 43, 2, 5, 0, 3, 0, 4, 40, 0, 4, 5, 3, 44, 0, 2, 2, 0, 3, 0, 2, 0, 0, 0, 3, 0, 4, 0, 3, 0, 1, 40, 41, 0, 2, 5, 0, 0, 0, 3, 0, 0, 4, 1, 0, : 3, 2, 41, 1, 1, 5, 2, 1, 2, 5, 4, 1, 4, 40, 43, 1, 3, 1, 4, 40, 2, 5, 1, 43, 2, 1, 4, 5, 4, 4, 43, 1, 2, 4, 43, 4, 5, 3, 43, 2, 5, 3, 4, 40, 4, 5, 3, 44, 2, 2, 3, 2, 3, 4, 3, 1, 40, 41, 2, 5, 3, 4, 1, 
2: 0, 5, 5, 3, 0, 0, 0, 3, 5, 0, 0, 2, 0, 5, 0, 0, 3, 0, 0, 1, 4, 0, 0, 2, 0, 0, 2, 41, 0, 0, 0, 1, 2, 5, 0, 5, 41, 0, 0, 0, 41, 0, 2, 5, 3, 4, 3, 2, 1, 0, 0, 44, 4, 1, 0, 0, 0, 1, 0, 4, 0, 0, 1, 0, 0, 0, 5, 2, 41, 5, 4, 2, 0, 0, 2, 1, 0, 0, 0, 5, 2, 0, 0, 0, 0, 1, 0, 0, 5, 0, 5, 0, 0, 0, 0, 0, 1, 5, 0, 1, 0, 0, 0, 5, 0, 0, 0, 0, 0, 4, 0, 0, 43, 0, 4, 0, 0, 4, 4, 0, : 5, 5, 3, 3, 5, 2, 5, 3, 1, 4, 2, 2, 41, 1, 2, 5, 5, 41, 41, 2, 5, 3, 4, 3, 2, 1, 44, 4, 1, 1, 4, 1, 5, 2, 41, 5, 4, 2, 2, 1, 5, 2, 1, 5, 5, 1, 5, 1, 5, 4, 43, 4, 4, 4, 
106: 3, 2, 3, 0, 0, 0, 0, 2, 0, 1, 0, 2, 3, 2, 3, 3, 1, 2, 0, 2, 0, 5, 4, 2, 0, 0, 0, 0, 0, 0, 0, 0, 1, 0, 0, 42, 0, 0, 41, 0, 0, 0, 3, 1, 0, 0, 4, 0, 0, 0, 0, 0, 4, 0, 0, 0, 0, 0, 4, 0, 44, 3, 0, 0, 0, 0, 2, 0, 5, 0, 0, 4, 42, 1, 4, 0, 0, 0, 1, 0, 0, 2, 0, 0, 0, 43, 0, 0, 0, 0, 4, 0, 0, 0, 5, 1, 1, 0, 2, 4, 1, 0, 0, 5, 0, 0, 1, 2, 1, 0, 0, 0, 0, 0, 2, 0, 0, 2, 1, 0, : 3, 2, 3, 2, 1, 2, 3, 2, 3, 3, 1, 2, 2, 5, 4, 2, 1, 42, 41, 3, 1, 4, 4, 4, 44, 3, 2, 5, 4, 42, 1, 4, 1, 2, 43, 4, 5, 1, 1, 2, 4, 1, 5, 1, 2, 1, 2, 2, 1, 
55: 0, 4, 0, 0, 0, 4, 0, 2, 0, 0, 0, 0, 0, 2, 3, 5, 0, 3, 5, 0, 5, 3, 1, 5, 0, 2, 5, 0, 43, 0, 0, 0, 0, 4, 5, 2, 0, 5, 4, 0, 1, 0, 5, 5, 3, 0, 3, 3, 0, 0, 3, 43, 2, 4, 0, 0, 0, 0, 3, 0, 1, 0, 0, 0, 0, 2, 1, 5, 0, 0, 0, 0, 0, 0, 0, 43, 4, 1, 0, 2, 0, 0, 0, 0, 3, 0, 2, 0, 0, 0, 0, 5, 2, 0, 4, 0, 4, 4, 0, 5, 5, 0, 0, 5, 0, 0, 0, 0, 0, 0, 4, 0, 2, 0, 2, 3, 3, 0, 0, 0, : 4, 4, 2, 2, 3, 5, 3, 5, 5, 3, 1, 5, 2, 5, 43, 4, 5, 2, 5, 4, 1, 5, 5, 3, 3, 3, 3, 43, 2, 4, 3, 1, 2, 1, 5, 43, 4, 1, 2, 3, 2, 5, 2, 4, 4, 4, 5, 5, 5, 4, 2, 2, 3, 3, 
366: 5, 0, 2, 0, 0, 2, 3, 0, 0, 0, 0, 5, 3, 3, 3, 1, 5, 0, 5, 3, 3, 4, 2, 3, 41, 0, 1, 2, 4, 5, 4, 0, 0, 0, 5, 1, 41, 1, 44, 3, 3, 4, 0, 0, 0, 0, 3, 4, 0, 0, 0, 0, 0, 5, 40, 0, 0, 0, 2, 0, 5, 4, 0, 0, 3, 4, 0, 0, 2, 4, 40, 41, 4, 0, 4, 4, 1, 0, 0, 0, 0, 44, 0, 0, 0, 5, 0, 40, 0, 0, 0, 0, 43, 0, 0, 0, 0, 3, 0, 44, 41, 1, 0, 42, 2, 0, 2, 4, 0, 3, 2, 0, 0, 0, 0, 0, 2, 0, 2, 4, : 5, 2, 2, 3, 5, 3, 3, 3, 1, 5, 5, 3, 3, 4, 2, 3, 41, 1, 2, 4, 5, 4, 5, 1, 41, 1, 44, 3, 3, 4, 3, 4, 5, 40, 2, 5, 4, 3, 4, 2, 4, 40, 41, 4, 4, 4, 1, 44, 5, 40, 43, 3, 44, 41, 1, 42, 2, 2, 4, 3, 2, 2, 2, 4, 
405: 0, 0, 0, 0, 0, 1, 1, 4, 0, 0, 0, 40, 0, 3, 0, 0, 0, 5, 2, 4, 0, 5, 0, 0, 43, 2, 0, 0, 2, 0, 0, 0, 4, 0, 0, 5, 0, 3, 0, 0, 0, 0, 0, 1, 4, 0, 0, 1, 1, 3, 42, 0, 0, 2, 5, 0, 0, 0, 0, 42, 4, 2, 41, 1, 1, 0, 3, 4, 0, 2, 5, 4, 43, 0, 0, 0, 4, 0, 0, 0, 0, 1, 4, 0, 0, 0, 0, 0, 0, 3, 4, 3, 1, 4, 1, 0, 0, 0, 0, 0, 3, 4, 2, 2, 0, 40, 0, 1, 41, 4, 2, 42, 0, 3, 1, 0, 44, 0, 0, 40, : 1, 1, 4, 40, 3, 5, 2, 4, 5, 43, 2, 2, 4, 5, 3, 1, 4, 1, 1, 3, 42, 2, 5, 42, 4, 2, 41, 1, 1, 3, 4, 2, 5, 4, 43, 4, 1, 4, 3, 4, 3, 1, 4, 1, 3, 4, 2, 2, 40, 1, 41, 4, 2, 42, 3, 1, 44, 40, 
591: 0, 5, 0, 4, 3, 0, 0, 3, 0, 4, 0, 5, 4, 3, 0, 0, 0, 0, 4, 0, 3, 4, 3, 0, 0, 0, 0, 0, 3, 0, 3, 0, 0, 0, 0, 1, 0, 4, 4, 3, 0, 42, 2, 0, 0, 0, 1, 0, 0, 0, 0, 3, 0, 3, 0, 0, 4, 1, 0, 0, 3, 5, 3, 1, 1, 0, 41, 0, 2, 0, 0, 1, 0, 0, 3, 0, 0, 0, 0, 5, 0, 2, 0, 4, 0, 5, 0, 0, 0, 4, 0, 0, 43, 5, 4, 0, 0, 0, 0, 0, 3, 0, 0, 44, 0, 5, 0, 2, 0, 5, 0, 0, 0, 0, 0, 5, 0, 5, 0, 0, : 5, 4, 3, 3, 4, 5, 4, 3, 4, 3, 4, 3, 3, 3, 1, 4, 4, 3, 42, 2, 1, 3, 3, 4, 1, 3, 5, 3, 1, 1, 41, 2, 1, 3, 5, 2, 4, 5, 4, 43, 5, 4, 3, 44, 5, 2, 5, 5, 5, 
207: 0, 42, 0, 0, 0, 41, 0, 2, 0, 0, 0, 4, 2, 0, 3, 1, 4, 5, 0, 0, 0, 0, 4, 1, 0, 0, 0, 0, 3, 2, 0, 0, 4, 0, 0, 0, 5, 4, 2, 0, 0, 0, 0, 5, 1, 5, 0, 0, 2, 4, 2, 0, 2, 5, 3, 0, 0, 0, 41, 0, 5, 5, 0, 0, 1, 2, 0, 3, 0, 0, 0, 2, 0, 0, 0, 1, 5, 0, 42, 1, 0, 0, 5, 3, 0, 5, 0, 0, 0, 0, 0, 0, 0, 3, 2, 0, 3, 41, 0, 3, 0, 0, 0, 1, 2, 0, 0, 2, 0, 0, 5, 4, 4, 0, 0, 0, 0, 0, 0, 0, : 42, 41, 2, 4, 2, 3, 1, 4, 5, 4, 1, 3, 2, 4, 5, 4, 2, 5, 1, 5, 2, 4, 2, 2, 5, 3, 41, 5, 5, 1, 2, 3, 2, 1, 5, 42, 1, 5, 3, 5, 3, 2, 3, 41, 3, 1, 2, 2, 5, 4, 4, 
269: 41, 0, 0, 0, 0, 0, 0, 0, 0, 0, 0, 4, 1, 0, 0, 2, 3, 0, 0, 0, 0, 0, 0, 0, 0, 0, 0, 3, 0, 0, 0, 2, 5, 0, 0, 3, 2, 0, 43, 0, 5, 1, 2, 2, 5, 0, 3, 41, 0, 0, 3, 0, 1, 0, 0, 0, 1, 0, 0, 0, 5, 2, 0, 0, 4, 40, 0, 2, 0, 0, 1, 1, 5, 0, 0, 3, 0, 0, 0, 0, 0, 2, 0, 44, 0, 4, 0, 0, 2, 1, 5, 0, 2, 0, 3, 0, 44, 3, 0, 0, 0, 2, 0, 0, 5, 0, 0, 0, 0, 1, 41, 0, 3, 0, 0, 0, 0, 1, 5, 0, : 41, 4, 1, 2, 3, 3, 2, 5, 3, 2, 43, 5, 1, 2, 2, 5, 3, 41, 3, 1, 1, 5, 2, 4, 40, 2, 1, 1, 5, 3, 2, 44, 4, 2, 1, 5, 2, 3, 44, 3, 2, 5, 1, 41, 3, 1, 5, 
362: 44, 0, 5, 0, 1, 0, 5, 0, 0, 0, 0, 3, 0, 5, 0, 0, 4, 1, 5, 0, 5, 0, 0, 0, 0, 3, 0, 1, 0, 0, 43, 5, 0, 0, 4, 0, 0, 0, 4, 0, 0, 4, 0, 0, 0, 2, 4, 3, 0, 4, 1, 0, 0, 3, 0, 2, 4, 2, 1, 40, 1, 2, 2, 3, 0, 5, 3, 0, 5, 0, 0, 1, 44, 1, 0, 5, 0, 5, 5, 44, 2, 4, 0, 0, 0, 0, 5, 2, 1, 2, 2, 0, 3, 1, 0, 0, 0, 0, 0, 0, 40, 0, 0, 0, 0, 0, 4, 0, 5, 0, 0, 0, 0, 2, 0, 1, 1, 3, 2, 0, : 44, 5, 1, 5, 3, 5, 4, 1, 5, 5, 3, 1, 43, 5, 4, 4, 4, 2, 4, 3, 4, 1, 3, 2, 4, 2, 1, 40, 1, 2, 2, 3, 5, 3, 5, 1, 44, 1, 5, 5, 5, 44, 2, 4, 5, 2, 1, 2, 2, 3, 1, 40, 4, 5, 2, 1, 1, 3, 2, 
66: 3, 0, 3, 0, 0, 1, 1, 41, 0, 0, 2, 0, 42, 0, 0, 0, 0, 44, 0, 0, 2, 3, 4, 0, 2, 5, 41, 0, 5, 1, 5, 41, 0, 0, 0, 3, 0, 0, 0, 3, 0, 3, 0, 3, 1, 0, 0, 0, 1, 0, 4, 0, 3, 5, 0, 0, 1, 0, 0, 5, 0, 0, 0, 5, 5, 4, 0, 0, 1, 0, 0, 4, 0, 0, 4, 0, 4, 0, 0, 44, 42, 40, 2, 3, 0, 41, 40, 0, 0, 0, 0, 0, 0, 0, 5, 2, 3, 5, 0, 0, 0, 3, 0, 0, 1, 5, 3, 0, 0, 4, 2, 0, 0, 0, 1, 1, 1, 0, 0, 0, : 3, 3, 1, 1, 41, 2, 42, 44, 2, 3, 4, 2, 5, 41, 5, 1, 5, 41, 3, 3, 3, 3, 1, 1, 4, 3, 5, 1, 5, 5, 5, 4, 1, 4, 4, 4, 44, 42, 40, 2, 3, 41, 40, 5, 2, 3, 5, 3, 1, 5, 3, 4, 2, 1, 1, 1, 
317: 5, 0, 5, 5, 0, 3, 0, 0, 0, 0, 0, 0, 0, 0, 4, 43, 5, 3, 0, 2, 1, 0, 0, 0, 0, 3, 4, 1, 0, 0, 0, 2, 0, 0, 0, 0, 0, 0, 0, 0, 0, 43, 0, 0, 5, 0, 0, 1, 1, 0, 0, 0, 5, 40, 0, 5, 0, 1, 0, 0, 4, 1, 5, 0, 0, 0, 0, 0, 0, 0, 5, 3, 4, 0, 0, 0, 4, 44, 2, 5, 5, 0, 3, 0, 0, 0, 0, 0, 0, 1, 4, 0, 3, 0, 1, 5, 0, 0, 0, 0, 0, 0, 0, 4, 4, 0, 1, 2, 0, 0, 1, 42, 0, 0, 4, 5, 4, 41, 0, 4, : 5, 5, 5, 3, 4, 43, 5, 3, 2, 1, 3, 4, 1, 2, 43, 5, 1, 1, 5, 40, 5, 1, 4, 1, 5, 5, 3, 4, 4, 44, 2, 5, 5, 3, 1, 4, 3, 1, 5, 4, 4, 1, 2, 1, 42, 4, 5, 4, 41, 4, 
123: 0, 0, 0, 5, 0, 0, 43, 1, 42, 5, 0, 2, 0, 0, 0, 5, 0, 0, 42, 2, 5, 0, 0, 0, 1, 0, 3, 0, 1, 44, 0, 1, 0, 0, 0, 0, 2, 4, 0, 44, 0, 0, 0, 5, 0, 0, 2, 2, 0, 0, 44, 0, 0, 0, 2, 3, 2, 0, 2, 5, 5, 0, 0, 0, 0, 0, 5, 4, 2, 0, 3, 43, 43, 2, 0, 5, 0, 0, 4, 0, 0, 0, 0, 0, 0, 43, 0, 3, 0, 3, 42, 4, 41, 3, 0, 0, 0, 1, 0, 2, 0, 0, 2, 1, 0, 0, 3, 0, 2, 4, 5, 1, 40, 0, 0, 0, 1, 5, 4, 4, : 5, 43, 1, 42, 5, 2, 5, 42, 2, 5, 1, 3, 1, 44, 1, 2, 4, 44, 5, 2, 2, 44, 2, 3, 2, 2, 5, 5, 5, 4, 2, 3, 43, 43, 2, 5, 4, 43, 3, 3, 42, 4, 41, 3, 1, 2, 2, 1, 3, 2, 4, 5, 1, 40, 1, 5, 4, 4, 
76: 2, 1, 0, 1, 0, 2, 0, 40, 0, 0, 1, 0, 0, 5, 0, 0, 4, 0, 0, 1, 0, 0, 0, 2, 0, 44, 0, 0, 0, 0, 0, 0, 2, 40, 0, 0, 3, 0, 4, 0, 0, 1, 5, 4, 0, 0, 0, 1, 0, 3, 2, 0, 2, 0, 3, 3, 0, 1, 1, 1, 0, 5, 0, 0, 0, 0, 0, 3, 4, 0, 5, 3, 0, 0, 0, 4, 0, 0, 0, 0, 0, 0, 1, 0, 5, 2, 2, 0, 1, 0, 0, 0, 2, 2, 0, 5, 0, 3, 0, 0, 41, 0, 5, 0, 0, 40, 2, 0, 3, 44, 0, 3, 0, 0, 5, 4, 0, 1, 0, 3, : 2, 1, 1, 2, 40, 1, 5, 4, 1, 2, 44, 2, 40, 3, 4, 1, 5, 4, 1, 3, 2, 2, 3, 3, 1, 1, 1, 5, 3, 4, 5, 3, 4, 1, 5, 2, 2, 1, 2, 2, 5, 3, 41, 5, 40, 2, 3, 44, 3, 5, 4, 1, 3, 
139: 3, 1, 2, 0, 5, 5, 0, 1, 0, 0, 0, 0, 0, 3, 2, 0, 5, 1, 0, 0, 0, 0, 3, 42, 1, 4, 2, 1, 4, 0, 0, 0, 0, 3, 42, 4, 0, 0, 0, 0, 0, 1, 3, 3, 0, 0, 0, 3, 0, 44, 41, 0, 1, 44, 0, 3, 1, 0, 0, 4, 0, 3, 4, 0, 0, 0, 2, 4, 1, 0, 0, 0, 0, 1, 0, 1, 3, 0, 0, 0, 0, 0, 0, 1, 40, 0, 2, 5, 4, 0, 0, 0, 0, 4, 0, 5, 0, 3, 0, 1, 1, 5, 1, 1, 4, 0, 2, 0, 4, 0, 2, 0, 40, 0, 5, 2, 0, 4, 0, 0, : 3, 1, 2, 5, 5, 1, 3, 2, 5, 1, 3, 42, 1, 4, 2, 1, 4, 3, 42, 4, 1, 3, 3, 3, 44, 41, 1, 44, 3, 1, 4, 3, 4, 2, 4, 1, 1, 1, 3, 1, 40, 2, 5, 4, 4, 5, 3, 1, 1, 5, 1, 1, 4, 2, 4, 2, 40, 5, 2, 4, 
197: 3, 0, 4, 0, 0, 1, 4, 4, 2, 0, 0, 0, 0, 0, 0, 4, 5, 0, 0, 2, 2, 5, 0, 0, 0, 0, 0, 0, 4, 0, 2, 0, 2, 0, 0, 2, 0, 2, 2, 0, 3, 42, 0, 0, 43, 1, 0, 0, 0, 5, 5, 3, 0, 2, 41, 3, 3, 5, 4, 0, 1, 0, 0, 1, 0, 0, 4, 0, 3, 4, 3, 0, 0, 0, 0, 0, 0, 0, 0, 5, 4, 0, 41, 0, 0, 4, 44, 0, 0, 0, 4, 0, 1, 0, 3, 0, 0, 0, 0, 0, 0, 44, 0, 0, 2, 0, 1, 0, 41, 4, 0, 0, 2, 0, 0, 0, 5, 0, 0, 4, : 3, 4, 1, 4, 4, 2, 4, 5, 2, 2, 5, 4, 2, 2, 2, 2, 2, 3, 42, 43, 1, 5, 5, 3, 2, 41, 3, 3, 5, 4, 1, 1, 4, 3, 4, 3, 5, 4, 41, 4, 44, 4, 1, 3, 44, 2, 1, 41, 4, 2, 5, 4, 
201: 1, 5, 4, 0, 0, 0, 4, 5, 0, 4, 42, 1, 0, 4, 3, 44, 0, 0, 0, 41, 0, 0, 3, 4, 1, 0, 0, 0, 40, 0, 0, 0, 0, 0, 0, 0, 0, 2, 5, 0, 0, 0, 0, 0, 0, 3, 1, 5, 2, 0, 5, 0, 2, 0, 0, 0, 0, 0, 42, 5, 0, 0, 0, 2, 1, 0, 0, 0, 0, 0, 4, 0, 0, 40, 2, 0, 0, 0, 0, 0, 3, 0, 0, 0, 0, 0, 0, 2, 0, 0, 0, 0, 0, 0, 0, 0, 5, 43, 0, 3, 4, 2, 0, 4, 2, 0, 0, 0, 40, 2, 1, 0, 0, 0, 42, 0, 4, 43, 0, 0, : 1, 5, 4, 4, 5, 4, 42, 1, 4, 3, 44, 41, 3, 4, 1, 40, 2, 5, 3, 1, 5, 2, 5, 2, 42, 5, 2, 1, 4, 40, 2, 3, 2, 5, 43, 3, 4, 2, 4, 2, 40, 2, 1, 42, 4, 43, 


15: 0, 1, 0, 0, 0, 5, 0, 0, 4, 0, 0, 1, 2, 4, 0, 1, 0, 0, 1, 2, 0, 1, 2, 0, 43, 3, 5, 3, 0, 43, 0, 2, 2, 3, 3, 0, 0, 0, 2, 0, 0, 0, 5, 3, 2, 0, 0, 0, 41, 0, 0, 0, 0, 0, 1, 2, 0, 0, 1, 0, 0, 0, 0, 0, 0, 0, 3, 0, 4, 42, 0, 0, 0, 0, 4, 0, 40, 1, 1, 0, 5, 0, 0, 0, 0, 0, 0, 0, 42, 1, 2, 4, 0, 0, 0, 0, 0, 0, 0, 2, 0, 0, 0, 0, 4, 0, 2, 0, 0, 0, 0, 0, 42, 0, 0, 1, 0, 4, 5, 2, : 1, 5, 4, 1, 2, 4, 1, 1, 2, 1, 2, 43, 3, 5, 3, 43, 2, 2, 3, 3, 2, 5, 3, 2, 41, 1, 2, 1, 3, 4, 42, 4, 40, 1, 1, 5, 42, 1, 2, 4, 2, 4, 2, 42, 1, 4, 5, 2, 
202: 0, 5, 1, 0, 4, 0, 43, 5, 2, 4, 0, 0, 0, 1, 0, 4, 0, 40, 0, 5, 0, 0, 0, 0, 0, 5, 0, 2, 0, 42, 0, 5, 0, 0, 0, 0, 0, 0, 0, 0, 40, 1, 0, 3, 4, 0, 3, 3, 0, 0, 2, 42, 0, 5, 0, 0, 0, 2, 5, 5, 3, 0, 0, 0, 0, 0, 3, 0, 0, 0, 1, 0, 4, 1, 1, 0, 3, 1, 1, 0, 0, 4, 0, 0, 2, 0, 0, 0, 4, 2, 0, 5, 0, 3, 0, 0, 2, 0, 0, 1, 0, 0, 4, 0, 4, 0, 2, 0, 5, 42, 44, 44, 0, 4, 0, 3, 5, 3, 0, 0, : 5, 1, 4, 43, 5, 2, 4, 1, 4, 40, 5, 5, 2, 42, 5, 40, 1, 3, 4, 3, 3, 2, 42, 5, 2, 5, 5, 3, 3, 1, 4, 1, 1, 3, 1, 1, 4, 2, 4, 2, 5, 3, 2, 1, 4, 4, 2, 5, 42, 44, 44, 4, 3, 5, 3, 
43: 4, 0, 0, 0, 44, 0, 0, 0, 0, 0, 0, 0, 2, 0, 5, 41, 1, 0, 1, 0, 44, 1, 0, 44, 3, 3, 0, 0, 0, 0, 0, 4, 0, 4, 0, 5, 0, 0, 1, 0, 1, 0, 3, 3, 0, 42, 4, 4, 0, 2, 5, 0, 0, 1, 0, 5, 2, 0, 0, 2, 0, 2, 4, 0, 0, 1, 4, 0, 0, 0, 1, 0, 44, 0, 0, 2, 0, 3, 0, 0, 41, 2, 0, 2, 1, 3, 1, 0, 0, 0, 5, 1, 5, 0, 0, 4, 2, 4, 0, 4, 0, 0, 4, 40, 0, 5, 0, 0, 1, 2, 0, 1, 4, 0, 0, 5, 0, 43, 0, 0, : 4, 44, 2, 5, 41, 1, 1, 44, 1, 44, 3, 3, 4, 4, 5, 1, 1, 3, 3, 42, 4, 4, 2, 5, 1, 5, 2, 2, 2, 4, 1, 4, 1, 44, 2, 3, 41, 2, 2, 1, 3, 1, 5, 1, 5, 4, 2, 4, 4, 4, 40, 5, 1, 2, 1, 4, 5, 43, 
196: 5, 43, 0, 0, 0, 0, 2, 2, 0, 3, 0, 4, 0, 0, 1, 0, 5, 2, 0, 0, 0, 0, 0, 0, 0, 2, 0, 4, 0, 0, 0, 4, 0, 1, 43, 0, 0, 5, 0, 0, 0, 0, 0, 4, 0, 0, 0, 1, 4, 0, 1, 0, 3, 0, 0, 4, 5, 44, 0, 2, 1, 5, 0, 0, 0, 1, 4, 0, 2, 0, 0, 0, 3, 0, 44, 0, 2, 2, 0, 0, 2, 5, 5, 2, 2, 42, 0, 5, 2, 0, 0, 0, 0, 2, 0, 0, 2, 0, 3, 0, 0, 43, 2, 0, 0, 0, 0, 0, 1, 5, 0, 0, 0, 3, 0, 3, 0, 5, 42, 0, : 5, 43, 2, 2, 3, 4, 1, 5, 2, 2, 4, 4, 1, 43, 5, 4, 1, 4, 1, 3, 4, 5, 44, 2, 1, 5, 1, 4, 2, 3, 44, 2, 2, 2, 5, 5, 2, 2, 42, 5, 2, 2, 2, 3, 43, 2, 1, 5, 3, 3, 5, 42, 
526: 0, 0, 0, 0, 0, 2, 0, 0, 0, 0, 1, 4, 0, 1, 4, 0, 3, 5, 0, 4, 0, 4, 0, 4, 0, 5, 0, 1, 4, 0, 0, 0, 0, 3, 3, 0, 0, 5, 3, 2, 0, 0, 5, 2, 0, 0, 3, 40, 0, 2, 0, 3, 0, 5, 0, 0, 0, 3, 5, 2, 5, 44, 3, 0, 0, 5, 0, 5, 44, 1, 0, 0, 0, 5, 5, 1, 5, 0, 0, 0, 3, 2, 0, 0, 2, 0, 4, 5, 4, 2, 44, 0, 0, 42, 4, 0, 0, 2, 0, 5, 41, 0, 0, 0, 0, 0, 0, 0, 3, 0, 0, 41, 0, 5, 2, 2, 5, 0, 0, 3, : 2, 1, 4, 1, 4, 3, 5, 4, 4, 4, 5, 1, 4, 3, 3, 5, 3, 2, 5, 2, 3, 40, 2, 3, 5, 3, 5, 2, 5, 44, 3, 5, 5, 44, 1, 5, 5, 1, 5, 3, 2, 2, 4, 5, 4, 2, 44, 42, 4, 2, 5, 41, 3, 41, 5, 2, 2, 5, 3, 
229: 0, 0, 0, 0, 43, 4, 2, 2, 0, 3, 0, 2, 0, 0, 44, 0, 4, 0, 3, 3, 0, 0, 0, 0, 0, 0, 0, 0, 0, 5, 0, 5, 0, 0, 0, 4, 1, 1, 1, 1, 0, 0, 4, 0, 0, 0, 0, 0, 4, 3, 5, 3, 4, 0, 1, 1, 0, 0, 3, 4, 1, 5, 0, 0, 2, 3, 4, 4, 0, 0, 1, 0, 4, 1, 3, 0, 0, 3, 2, 0, 5, 2, 0, 0, 1, 3, 0, 42, 0, 0, 0, 0, 0, 0, 0, 0, 1, 4, 0, 2, 0, 0, 4, 1, 44, 0, 1, 0, 5, 0, 4, 4, 1, 3, 5, 0, 3, 0, 5, 0, : 43, 4, 2, 2, 3, 2, 44, 4, 3, 3, 5, 5, 4, 1, 1, 1, 1, 4, 4, 3, 5, 3, 4, 1, 1, 3, 4, 1, 5, 2, 3, 4, 4, 1, 4, 1, 3, 3, 2, 5, 2, 1, 3, 42, 1, 4, 2, 4, 1, 44, 1, 5, 4, 4, 1, 3, 5, 3, 5, 
493: 0, 0, 2, 0, 1, 5, 2, 0, 1, 0, 0, 5, 2, 5, 0, 0, 0, 0, 1, 0, 43, 5, 0, 0, 0, 0, 0, 1, 0, 0, 0, 2, 0, 0, 2, 0, 2, 0, 0, 1, 1, 0, 5, 0, 0, 0, 0, 0, 1, 42, 0, 4, 5, 1, 41, 3, 0, 0, 2, 0, 0, 2, 1, 44, 40, 1, 4, 0, 1, 0, 1, 4, 1, 2, 0, 2, 0, 2, 5, 0, 0, 40, 0, 4, 3, 0, 0, 0, 0, 0, 0, 5, 5, 0, 0, 3, 0, 0, 0, 40, 0, 0, 0, 4, 4, 0, 0, 2, 0, 4, 0, 4, 0, 0, 4, 2, 40, 0, 0, 0, : 2, 1, 5, 2, 1, 5, 2, 5, 1, 43, 5, 1, 2, 2, 2, 1, 1, 5, 1, 42, 4, 5, 1, 41, 3, 2, 2, 1, 44, 40, 1, 4, 1, 1, 4, 1, 2, 2, 2, 5, 40, 4, 3, 5, 5, 3, 40, 4, 4, 2, 4, 4, 4, 2, 40, 
237: 42, 0, 0, 2, 1, 0, 0, 3, 0, 0, 4, 0, 0, 3, 0, 0, 0, 0, 3, 0, 2, 0, 0, 0, 0, 0, 4, 4, 0, 1, 42, 4, 3, 0, 5, 0, 5, 0, 1, 0, 0, 2, 0, 1, 4, 0, 1, 2, 0, 0, 5, 0, 3, 40, 0, 2, 5, 0, 0, 4, 1, 0, 0, 0, 0, 4, 40, 0, 2, 5, 0, 0, 0, 2, 3, 0, 0, 2, 0, 0, 1, 2, 0, 0, 0, 0, 1, 42, 0, 0, 0, 40, 0, 0, 0, 0, 0, 2, 0, 0, 0, 1, 0, 0, 0, 2, 0, 5, 1, 4, 3, 0, 0, 4, 40, 0, 2, 1, 43, 0, : 42, 2, 1, 3, 4, 3, 3, 2, 4, 4, 1, 42, 4, 3, 5, 5, 1, 2, 1, 4, 1, 2, 5, 3, 40, 2, 5, 4, 1, 4, 40, 2, 5, 2, 3, 2, 1, 2, 1, 42, 40, 2, 1, 2, 5, 1, 4, 3, 4, 40, 2, 1, 43, 
168: 0, 4, 0, 40, 0, 2, 3, 0, 5, 0, 40, 1, 0, 0, 5, 40, 1, 2, 3, 0, 0, 0, 2, 0, 0, 2, 44, 1, 5, 5, 0, 2, 5, 0, 43, 4, 0, 0, 0, 0, 0, 3, 3, 3, 0, 5, 2, 2, 0, 44, 3, 4, 5, 0, 5, 0, 5, 4, 0, 1, 0, 0, 1, 0, 3, 1, 4, 0, 0, 0, 0, 5, 2, 1, 44, 40, 0, 5, 0, 3, 0, 0, 44, 0, 3, 0, 4, 3, 43, 0, 1, 42, 0, 2, 0, 0, 0, 3, 0, 5, 0, 0, 0, 1, 0, 0, 0, 2, 4, 0, 0, 0, 0, 0, 0, 0, 0, 0, 0, 3, : 4, 40, 2, 3, 5, 40, 1, 5, 40, 1, 2, 3, 2, 2, 44, 1, 5, 5, 2, 5, 43, 4, 3, 3, 3, 5, 2, 2, 44, 3, 4, 5, 5, 5, 4, 1, 1, 3, 1, 4, 5, 2, 1, 44, 40, 5, 3, 44, 3, 4, 3, 43, 1, 42, 2, 3, 5, 1, 2, 4, 3, 
587: 5, 4, 0, 0, 0, 4, 0, 0, 0, 0, 43, 3, 5, 0, 41, 2, 2, 0, 1, 0, 2, 0, 44, 0, 0, 4, 3, 0, 0, 0, 0, 4, 5, 42, 2, 0, 5, 0, 3, 1, 0, 1, 0, 1, 0, 0, 41, 40, 0, 5, 0, 1, 0, 0, 0, 3, 0, 0, 5, 1, 0, 0, 40, 0, 0, 1, 0, 0, 5, 3, 4, 0, 2, 0, 0, 0, 0, 0, 4, 42, 0, 2, 0, 0, 5, 0, 2, 0, 0, 2, 1, 4, 0, 44, 2, 0, 2, 4, 1, 1, 0, 41, 0, 2, 2, 0, 5, 0, 3, 0, 0, 0, 1, 0, 5, 0, 2, 0, 0, 5, : 5, 4, 4, 43, 3, 5, 41, 2, 2, 1, 2, 44, 4, 3, 4, 5, 42, 2, 5, 3, 1, 1, 1, 41, 40, 5, 1, 3, 5, 1, 40, 1, 5, 3, 4, 2, 4, 42, 2, 5, 2, 2, 1, 4, 44, 2, 2, 4, 1, 1, 41, 2, 2, 5, 3, 1, 5, 2, 5, 
109: 0, 0, 0, 44, 3, 0, 2, 1, 2, 0, 4, 0, 0, 4, 0, 0, 0, 0, 0, 4, 0, 44, 1, 0, 4, 5, 0, 5, 1, 0, 3, 4, 0, 0, 0, 2, 2, 0, 0, 4, 0, 3, 0, 1, 3, 40, 42, 5, 4, 0, 0, 1, 43, 0, 5, 3, 0, 1, 0, 4, 4, 3, 2, 0, 1, 4, 0, 2, 0, 2, 3, 2, 1, 2, 0, 0, 2, 0, 2, 0, 3, 4, 5, 0, 0, 0, 0, 0, 3, 4, 3, 4, 5, 3, 0, 2, 1, 2, 0, 0, 0, 0, 0, 0, 4, 0, 43, 0, 0, 0, 5, 41, 0, 0, 2, 0, 0, 0, 0, 0, : 44, 3, 2, 1, 2, 4, 4, 4, 44, 1, 4, 5, 5, 1, 3, 4, 2, 2, 4, 3, 1, 3, 40, 42, 5, 4, 1, 43, 5, 3, 1, 4, 4, 3, 2, 1, 4, 2, 2, 3, 2, 1, 2, 2, 2, 3, 4, 5, 3, 4, 3, 4, 5, 3, 2, 1, 2, 4, 43, 5, 41, 2, 
94: 43, 1, 0, 0, 0, 3, 0, 5, 0, 0, 1, 0, 0, 2, 40, 3, 0, 0, 1, 0, 0, 0, 0, 42, 2, 0, 0, 2, 2, 1, 5, 0, 0, 0, 0, 0, 3, 5, 3, 2, 2, 0, 4, 1, 3, 0, 41, 0, 0, 1, 0, 1, 0, 0, 0, 40, 42, 2, 2, 5, 2, 3, 0, 0, 0, 0, 0, 0, 3, 43, 4, 0, 0, 2, 0, 0, 0, 2, 1, 0, 3, 0, 5, 42, 40, 0, 44, 1, 1, 1, 2, 2, 5, 3, 0, 4, 0, 2, 0, 0, 0, 5, 2, 4, 0, 0, 0, 0, 0, 4, 3, 5, 5, 1, 4, 2, 1, 4, 0, 0, : 43, 1, 3, 5, 1, 2, 40, 3, 1, 42, 2, 2, 2, 1, 5, 3, 5, 3, 2, 2, 4, 1, 3, 41, 1, 1, 40, 42, 2, 2, 5, 2, 3, 3, 43, 4, 2, 2, 1, 3, 5, 42, 40, 44, 1, 1, 1, 2, 2, 5, 3, 4, 2, 5, 2, 4, 4, 3, 5, 5, 1, 4, 2, 1, 4, 
466: 4, 1, 0, 0, 41, 5, 0, 0, 0, 0, 0, 0, 40, 0, 1, 5, 0, 3, 0, 5, 41, 0, 3, 0, 5, 2, 0, 4, 0, 3, 0, 0, 5, 0, 0, 0, 5, 1, 5, 43, 5, 5, 3, 0, 1, 0, 0, 3, 1, 1, 5, 5, 2, 0, 2, 0, 0, 0, 4, 5, 0, 0, 0, 0, 0, 4, 3, 4, 3, 0, 0, 3, 3, 3, 4, 0, 5, 41, 0, 44, 5, 4, 3, 1, 1, 0, 0, 0, 0, 3, 0, 0, 0, 0, 0, 0, 0, 4, 0, 0, 0, 0, 43, 4, 0, 0, 2, 0, 0, 3, 0, 0, 4, 0, 0, 0, 0, 4, 0, 0, : 4, 1, 41, 5, 40, 1, 5, 3, 5, 41, 3, 5, 2, 4, 3, 5, 5, 1, 5, 43, 5, 5, 3, 1, 3, 1, 1, 5, 5, 2, 2, 4, 5, 4, 3, 4, 3, 3, 3, 3, 4, 5, 41, 44, 5, 4, 3, 1, 1, 3, 4, 43, 4, 2, 3, 4, 4, 
118: 0, 0, 0, 0, 2, 0, 0, 5, 0, 4, 0, 0, 0, 2, 44, 1, 5, 0, 0, 2, 0, 2, 0, 5, 4, 0, 0, 5, 0, 0, 0, 3, 0, 3, 0, 1, 0, 0, 0, 2, 0, 2, 0, 1, 0, 41, 2, 1, 2, 0, 3, 0, 2, 0, 4, 4, 42, 0, 0, 2, 4, 3, 0, 0, 0, 0, 4, 1, 5, 5, 1, 0, 5, 1, 3, 0, 0, 4, 2, 0, 0, 0, 0, 0, 5, 0, 0, 0, 40, 5, 2, 41, 0, 0, 1, 2, 40, 2, 0, 2, 0, 0, 2, 2, 5, 0, 0, 0, 0, 4, 0, 1, 3, 5, 1, 3, 5, 5, 0, 44, : 2, 5, 4, 2, 44, 1, 5, 2, 2, 5, 4, 5, 3, 3, 1, 2, 2, 1, 41, 2, 1, 2, 3, 2, 4, 4, 42, 2, 4, 3, 4, 1, 5, 5, 1, 5, 1, 3, 4, 2, 5, 40, 5, 2, 41, 1, 2, 40, 2, 2, 2, 2, 5, 4, 1, 3, 5, 1, 3, 5, 5, 44, 
45: 0, 0, 3, 43, 0, 0, 4, 0, 0, 1, 0, 0, 5, 0, 0, 0, 0, 40, 0, 3, 3, 5, 1, 0, 4, 3, 0, 5, 0, 5, 0, 0, 5, 0, 5, 1, 0, 42, 1, 4, 5, 0, 4, 0, 44, 5, 0, 1, 40, 0, 0, 0, 2, 0, 4, 4, 0, 41, 0, 0, 0, 0, 0, 2, 0, 5, 0, 0, 40, 5, 0, 3, 2, 42, 5, 0, 0, 0, 3, 0, 0, 0, 42, 0, 0, 0, 4, 4, 3, 0, 0, 4, 42, 5, 3, 1, 43, 2, 3, 0, 0, 0, 3, 2, 2, 3, 0, 0, 44, 5, 4, 0, 0, 0, 42, 0, 0, 0, 1, 4, : 3, 43, 4, 1, 5, 40, 3, 3, 5, 1, 4, 3, 5, 5, 5, 5, 1, 42, 1, 4, 5, 4, 44, 5, 1, 40, 2, 4, 4, 41, 2, 5, 40, 5, 3, 2, 42, 5, 3, 42, 4, 4, 3, 4, 42, 5, 3, 1, 43, 2, 3, 3, 2, 2, 3, 44, 5, 4, 42, 1, 4, 
46: 0, 1, 1, 0, 2, 2, 0, 0, 0, 0, 5, 4, 4, 5, 0, 1, 1, 0, 1, 0, 0, 0, 3, 3, 0, 4, 4, 0, 0, 5, 0, 3, 2, 0, 0, 0, 0, 0, 0, 0, 0, 0, 4, 4, 42, 0, 0, 1, 0, 2, 43, 0, 0, 4, 0, 0, 44, 3, 4, 0, 5, 5, 42, 0, 0, 2, 40, 0, 0, 0, 0, 0, 0, 0, 2, 0, 0, 4, 0, 1, 5, 2, 0, 0, 3, 0, 0, 0, 0, 0, 42, 3, 0, 1, 0, 3, 0, 0, 0, 2, 1, 0, 1, 0, 0, 0, 1, 1, 3, 0, 1, 3, 0, 3, 0, 0, 0, 42, 0, 0, : 1, 1, 2, 2, 5, 4, 4, 5, 1, 1, 1, 3, 3, 4, 4, 5, 3, 2, 4, 4, 42, 1, 2, 43, 4, 44, 3, 4, 5, 5, 42, 2, 40, 2, 4, 1, 5, 2, 3, 42, 3, 1, 3, 2, 1, 1, 1, 1, 3, 1, 3, 3, 42, 
286: 2, 5, 3, 3, 2, 1, 0, 0, 44, 1, 4, 5, 4, 0, 0, 0, 0, 0, 3, 5, 5, 0, 3, 0, 1, 0, 0, 41, 0, 0, 1, 5, 2, 3, 0, 0, 1, 0, 42, 1, 0, 0, 3, 42, 1, 0, 1, 0, 0, 5, 0, 3, 0, 5, 0, 0, 4, 0, 5, 3, 5, 5, 41, 1, 0, 0, 0, 0, 3, 0, 0, 0, 0, 4, 2, 0, 0, 2, 3, 0, 5, 3, 0, 0, 0, 0, 0, 0, 0, 2, 0, 0, 4, 2, 2, 0, 5, 0, 1, 4, 0, 2, 1, 0, 0, 5, 4, 0, 0, 0, 3, 0, 43, 4, 0, 0, 0, 41, 0, 0, : 2, 5, 3, 3, 2, 1, 44, 1, 4, 5, 4, 3, 5, 5, 3, 1, 41, 1, 5, 2, 3, 1, 42, 1, 3, 42, 1, 1, 5, 3, 5, 4, 5, 3, 5, 5, 41, 1, 3, 4, 2, 2, 3, 5, 3, 2, 4, 2, 2, 5, 1, 4, 2, 1, 5, 4, 3, 43, 4, 41, 
53: 0, 43, 0, 2, 1, 0, 0, 2, 44, 0, 3, 3, 0, 2, 0, 0, 4, 0, 0, 0, 0, 3, 0, 3, 0, 44, 0, 0, 40, 0, 0, 2, 4, 0, 0, 0, 3, 0, 2, 0, 3, 0, 1, 5, 0, 2, 4, 3, 0, 1, 5, 4, 0, 0, 2, 0, 0, 0, 5, 4, 0, 0, 1, 2, 2, 1, 42, 2, 1, 5, 0, 0, 0, 0, 0, 0, 0, 0, 4, 2, 0, 1, 0, 0, 0, 0, 0, 0, 2, 0, 0, 5, 0, 43, 0, 0, 0, 5, 3, 0, 5, 0, 0, 1, 0, 0, 0, 0, 0, 4, 0, 0, 0, 0, 0, 0, 0, 4, 3, 2, : 43, 2, 1, 2, 44, 3, 3, 2, 4, 3, 3, 44, 40, 2, 4, 3, 2, 3, 1, 5, 2, 4, 3, 1, 5, 4, 2, 5, 4, 1, 2, 2, 1, 42, 2, 1, 5, 4, 2, 1, 2, 5, 43, 5, 3, 5, 1, 4, 4, 3, 2, 
332: 2, 0, 2, 0, 0, 4, 0, 0, 5, 5, 0, 5, 0, 44, 0, 0, 0, 0, 3, 1, 0, 0, 5, 0, 43, 0, 0, 5, 0, 5, 0, 2, 2, 0, 0, 0, 5, 0, 2, 3, 3, 0, 4, 5, 0, 0, 0, 4, 0, 0, 5, 1, 2, 0, 2, 1, 0, 1, 4, 3, 3, 0, 2, 0, 4, 0, 0, 0, 1, 0, 3, 2, 0, 3, 0, 1, 0, 1, 4, 0, 0, 2, 0, 42, 4, 3, 0, 1, 4, 2, 0, 4, 0, 1, 2, 5, 0, 2, 4, 3, 2, 0, 41, 1, 0, 2, 0, 3, 2, 0, 3, 4, 0, 3, 0, 4, 0, 0, 0, 0, : 2, 2, 4, 5, 5, 5, 44, 3, 1, 5, 43, 5, 5, 2, 2, 5, 2, 3, 3, 4, 5, 4, 5, 1, 2, 2, 1, 1, 4, 3, 3, 2, 4, 1, 3, 2, 3, 1, 1, 4, 2, 42, 4, 3, 1, 4, 2, 4, 1, 2, 5, 2, 4, 3, 2, 41, 1, 2, 3, 2, 3, 4, 3, 4, 
512: 0, 1, 1, 0, 0, 42, 44, 0, 5, 0, 0, 42, 0, 0, 0, 4, 1, 0, 0, 3, 2, 1, 4, 3, 2, 41, 0, 4, 4, 5, 0, 2, 1, 0, 4, 0, 2, 1, 0, 5, 40, 5, 4, 5, 0, 3, 3, 0, 0, 1, 4, 0, 0, 5, 0, 3, 0, 0, 2, 0, 0, 0, 2, 5, 5, 2, 4, 3, 4, 3, 0, 0, 43, 0, 4, 0, 5, 1, 1, 0, 0, 0, 0, 0, 0, 3, 0, 0, 2, 0, 4, 1, 0, 0, 0, 5, 0, 0, 0, 5, 0, 0, 0, 0, 0, 2, 0, 0, 0, 1, 2, 0, 0, 0, 0, 0, 0, 5, 3, 4, : 1, 1, 42, 44, 5, 42, 4, 1, 3, 2, 1, 4, 3, 2, 41, 4, 4, 5, 2, 1, 4, 2, 1, 5, 40, 5, 4, 5, 3, 3, 1, 4, 5, 3, 2, 2, 5, 5, 2, 4, 3, 4, 3, 43, 4, 5, 1, 1, 3, 2, 4, 1, 5, 5, 2, 1, 2, 5, 3, 4, 
576: 0, 0, 0, 0, 0, 5, 2, 4, 1, 0, 0, 3, 0, 3, 0, 0, 0, 0, 0, 0, 1, 0, 2, 0, 0, 4, 0, 0, 0, 0, 0, 1, 4, 0, 0, 3, 2, 0, 41, 0, 2, 3, 5, 4, 0, 4, 2, 0, 1, 2, 0, 0, 2, 2, 0, 3, 0, 2, 3, 3, 0, 0, 3, 41, 0, 0, 2, 0, 1, 0, 4, 0, 5, 0, 41, 0, 0, 1, 44, 44, 0, 5, 3, 1, 1, 4, 0, 0, 44, 43, 5, 5, 4, 0, 3, 0, 0, 0, 0, 44, 0, 0, 0, 0, 0, 0, 0, 0, 1, 0, 1, 1, 0, 0, 2, 0, 4, 0, 0, 0, : 5, 2, 4, 1, 3, 3, 1, 2, 4, 1, 4, 3, 2, 41, 2, 3, 5, 4, 4, 2, 1, 2, 2, 2, 3, 2, 3, 3, 3, 41, 2, 1, 4, 5, 41, 1, 44, 44, 5, 3, 1, 1, 4, 44, 43, 5, 5, 4, 3, 44, 1, 1, 1, 2, 4, 
114: 0, 4, 3, 5, 4, 5, 0, 1, 0, 0, 0, 2, 42, 2, 42, 3, 3, 0, 0, 0, 2, 1, 2, 0, 4, 4, 3, 3, 0, 0, 0, 0, 0, 3, 0, 0, 0, 0, 0, 0, 0, 5, 0, 0, 0, 0, 0, 4, 0, 3, 0, 0, 0, 0, 5, 0, 0, 4, 2, 0, 2, 3, 0, 1, 0, 0, 4, 0, 41, 5, 0, 0, 0, 43, 0, 0, 0, 2, 0, 4, 3, 1, 0, 0, 2, 5, 44, 43, 0, 5, 3, 1, 0, 0, 0, 1, 2, 2, 0, 0, 0, 0, 0, 0, 0, 2, 0, 4, 3, 1, 4, 0, 0, 0, 0, 0, 0, 0, 0, 3, : 4, 3, 5, 4, 5, 1, 2, 42, 2, 42, 3, 3, 2, 1, 2, 4, 4, 3, 3, 3, 5, 4, 3, 5, 4, 2, 2, 3, 1, 4, 41, 5, 43, 2, 4, 3, 1, 2, 5, 44, 43, 5, 3, 1, 1, 2, 2, 2, 4, 3, 1, 4, 3, 
532: 0, 2, 1, 3, 0, 0, 1, 0, 0, 3, 1, 0, 2, 0, 3, 0, 0, 0, 0, 2, 1, 0, 0, 5, 0, 1, 0, 0, 0, 0, 0, 0, 0, 0, 0, 0, 0, 0, 3, 0, 5, 5, 4, 5, 0, 4, 0, 0, 0, 0, 1, 2, 3, 0, 5, 0, 40, 0, 1, 0, 1, 4, 0, 0, 1, 5, 42, 4, 2, 0, 0, 2, 0, 4, 0, 3, 0, 0, 2, 0, 4, 0, 0, 5, 3, 2, 0, 0, 4, 0, 0, 0, 1, 0, 0, 0, 44, 40, 5, 0, 0, 0, 42, 2, 2, 42, 0, 0, 3, 5, 4, 0, 42, 2, 0, 0, 0, 0, 0, 0, : 2, 1, 3, 1, 3, 1, 2, 3, 2, 1, 5, 1, 3, 5, 5, 4, 5, 4, 1, 2, 3, 5, 40, 1, 1, 4, 1, 5, 42, 4, 2, 2, 4, 3, 2, 4, 5, 3, 2, 4, 1, 44, 40, 5, 42, 2, 2, 42, 3, 5, 4, 42, 2, 
579: 4, 0, 2, 0, 5, 4, 5, 5, 0, 1, 0, 0, 1, 0, 41, 0, 0, 0, 1, 1, 0, 0, 4, 0, 41, 3, 0, 5, 5, 0, 42, 3, 0, 3, 1, 0, 0, 0, 41, 0, 0, 3, 0, 3, 0, 0, 2, 40, 4, 0, 3, 3, 0, 0, 3, 2, 0, 3, 3, 2, 5, 3, 0, 1, 0, 0, 1, 0, 3, 1, 4, 0, 2, 3, 5, 0, 0, 4, 40, 41, 43, 3, 0, 0, 5, 4, 0, 0, 0, 0, 2, 3, 0, 0, 4, 4, 4, 3, 5, 0, 43, 4, 0, 4, 0, 40, 1, 3, 5, 3, 3, 0, 0, 4, 0, 5, 0, 3, 1, 4, : 4, 2, 5, 4, 5, 5, 1, 1, 41, 1, 1, 4, 41, 3, 5, 5, 42, 3, 3, 1, 41, 3, 3, 2, 40, 4, 3, 3, 3, 2, 3, 3, 2, 5, 3, 1, 1, 3, 1, 4, 2, 3, 5, 4, 40, 41, 43, 3, 5, 4, 2, 3, 4, 4, 4, 3, 5, 43, 4, 4, 40, 1, 3, 5, 3, 3, 4, 5, 3, 1, 4, 
222: 0, 0, 0, 0, 0, 0, 0, 0, 4, 0, 0, 2, 0, 0, 0, 4, 0, 0, 0, 4, 0, 42, 4, 3, 0, 1, 3, 0, 5, 0, 0, 4, 0, 0, 0, 0, 0, 0, 0, 4, 3, 0, 2, 5, 1, 0, 0, 0, 0, 5, 0, 2, 0, 0, 1, 3, 0, 3, 4, 5, 2, 0, 4, 0, 0, 2, 0, 0, 0, 0, 1, 0, 40, 5, 0, 0, 0, 0, 0, 0, 0, 5, 0, 5, 0, 0, 0, 2, 0, 0, 0, 3, 4, 0, 5, 0, 1, 0, 1, 0, 0, 1, 3, 0, 0, 0, 0, 0, 44, 0, 2, 4, 1, 2, 0, 5, 0, 4, 3, 43, : 4, 2, 4, 4, 42, 4, 3, 1, 3, 5, 4, 4, 3, 2, 5, 1, 5, 2, 1, 3, 3, 4, 5, 2, 4, 2, 1, 40, 5, 5, 5, 2, 3, 4, 5, 1, 1, 1, 3, 44, 2, 4, 1, 2, 5, 4, 3, 43, 
561: 0, 0, 0, 3, 3, 4, 2, 3, 0, 5, 0, 0, 5, 41, 4, 4, 40, 0, 4, 2, 0, 4, 3, 1, 0, 2, 0, 0, 2, 0, 0, 4, 0, 5, 0, 0, 0, 2, 0, 2, 5, 44, 43, 2, 0, 0, 0, 0, 0, 0, 0, 0, 0, 42, 0, 0, 0, 0, 0, 0, 5, 4, 0, 0, 0, 4, 5, 0, 3, 4, 1, 5, 0, 0, 1, 5, 0, 0, 5, 4, 2, 4, 5, 5, 0, 4, 0, 0, 1, 3, 0, 2, 5, 1, 43, 0, 0, 0, 1, 0, 0, 0, 0, 0, 3, 5, 5, 2, 0, 4, 0, 5, 1, 1, 40, 0, 0, 2, 0, 1, : 3, 3, 4, 2, 3, 5, 5, 41, 4, 4, 40, 4, 2, 4, 3, 1, 2, 2, 4, 5, 2, 2, 5, 44, 43, 2, 42, 5, 4, 4, 5, 3, 4, 1, 5, 1, 5, 5, 4, 2, 4, 5, 5, 4, 1, 3, 2, 5, 1, 43, 1, 3, 5, 5, 2, 4, 5, 1, 1, 40, 2, 1, 
297: 5, 2, 0, 43, 0, 1, 5, 5, 0, 1, 1, 0, 0, 4, 5, 0, 44, 0, 4, 3, 2, 3, 42, 1, 3, 4, 1, 4, 0, 2, 0, 1, 0, 0, 5, 0, 2, 2, 0, 3, 4, 0, 4, 43, 0, 0, 1, 1, 5, 2, 0, 2, 5, 0, 3, 40, 0, 0, 0, 2, 4, 0, 0, 0, 0, 40, 1, 0, 0, 0, 3, 0, 3, 0, 0, 3, 5, 4, 0, 5, 2, 2, 40, 2, 3, 2, 4, 0, 0, 0, 3, 4, 2, 0, 5, 0, 0, 0, 44, 40, 0, 0, 40, 0, 44, 0, 0, 0, 0, 5, 4, 0, 0, 1, 0, 1, 44, 0, 0, 0, : 5, 2, 43, 1, 5, 5, 1, 1, 4, 5, 44, 4, 3, 2, 3, 42, 1, 3, 4, 1, 4, 2, 1, 5, 2, 2, 3, 4, 4, 43, 1, 1, 5, 2, 2, 5, 3, 40, 2, 4, 40, 1, 3, 3, 3, 5, 4, 5, 2, 2, 40, 2, 3, 2, 4, 3, 4, 2, 5, 44, 40, 40, 44, 5, 4, 1, 1, 44, 
184: 0, 1, 0, 0, 0, 1, 0, 0, 0, 2, 0, 2, 0, 40, 0, 3, 0, 0, 1, 1, 0, 0, 0, 0, 3, 0, 5, 2, 3, 0, 0, 0, 0, 0, 4, 1, 0, 2, 44, 0, 1, 0, 0, 4, 3, 1, 5, 2, 0, 3, 0, 0, 0, 2, 1, 1, 5, 0, 3, 42, 0, 2, 0, 43, 0, 42, 2, 2, 5, 2, 0, 2, 3, 5, 0, 4, 0, 1, 0, 0, 1, 1, 4, 2, 0, 0, 44, 0, 0, 0, 0, 2, 0, 3, 0, 0, 0, 1, 0, 5, 0, 0, 0, 0, 0, 0, 4, 0, 5, 1, 0, 5, 1, 0, 0, 4, 0, 0, 0, 0, : 1, 1, 2, 2, 40, 3, 1, 1, 3, 5, 2, 3, 4, 1, 2, 44, 1, 4, 3, 1, 5, 2, 3, 2, 1, 1, 5, 3, 42, 2, 43, 42, 2, 2, 5, 2, 2, 3, 5, 4, 1, 1, 1, 4, 2, 44, 2, 3, 1, 5, 4, 5, 1, 5, 1, 4, 
154: 2, 3, 5, 0, 1, 42, 5, 0, 0, 2, 0, 4, 0, 0, 3, 0, 42, 0, 0, 1, 0, 5, 0, 3, 0, 1, 0, 4, 0, 4, 5, 2, 3, 0, 5, 0, 4, 0, 0, 0, 0, 0, 1, 0, 0, 0, 1, 0, 1, 1, 1, 5, 4, 41, 0, 4, 0, 2, 0, 1, 0, 1, 0, 0, 0, 4, 2, 0, 1, 0, 5, 4, 0, 0, 0, 4, 0, 2, 0, 0, 3, 5, 0, 0, 4, 0, 2, 0, 0, 0, 0, 0, 0, 3, 0, 43, 1, 0, 0, 2, 0, 4, 0, 0, 3, 3, 0, 2, 0, 0, 43, 1, 0, 4, 1, 5, 0, 0, 3, 5, : 2, 3, 5, 1, 42, 5, 2, 4, 3, 42, 1, 5, 3, 1, 4, 4, 5, 2, 3, 5, 4, 1, 1, 1, 1, 1, 5, 4, 41, 4, 2, 1, 1, 4, 2, 1, 5, 4, 4, 2, 3, 5, 4, 2, 3, 43, 1, 2, 4, 3, 3, 2, 43, 1, 4, 1, 5, 3, 5, 
81: 4, 4, 1, 0, 0, 0, 0, 0, 0, 0, 4, 2, 0, 3, 0, 1, 0, 0, 2, 3, 4, 0, 0, 4, 1, 3, 0, 0, 0, 1, 0, 40, 0, 0, 3, 0, 2, 2, 3, 0, 4, 0, 3, 0, 0, 3, 0, 0, 0, 3, 5, 4, 0, 0, 3, 1, 44, 0, 0, 0, 1, 1, 5, 5, 0, 4, 0, 0, 1, 0, 5, 0, 4, 0, 3, 3, 0, 1, 3, 4, 2, 5, 0, 0, 5, 0, 3, 0, 0, 2, 0, 0, 0, 0, 0, 0, 1, 0, 0, 0, 0, 1, 2, 0, 0, 2, 0, 3, 5, 0, 0, 0, 1, 5, 44, 0, 2, 0, 0, 0, : 4, 4, 1, 4, 2, 3, 1, 2, 3, 4, 4, 1, 3, 1, 40, 3, 2, 2, 3, 4, 3, 3, 3, 5, 4, 3, 1, 44, 1, 1, 5, 5, 4, 1, 5, 4, 3, 3, 1, 3, 4, 2, 5, 5, 3, 2, 1, 1, 2, 2, 3, 5, 1, 5, 44, 2, 
183: 0, 0, 40, 0, 4, 0, 44, 0, 0, 0, 0, 0, 1, 0, 0, 5, 4, 3, 0, 1, 0, 2, 1, 0, 0, 2, 0, 0, 5, 0, 0, 40, 0, 1, 0, 0, 0, 0, 0, 44, 4, 4, 3, 0, 4, 0, 0, 0, 0, 42, 3, 0, 0, 0, 1, 0, 0, 0, 2, 2, 0, 4, 4, 0, 0, 0, 5, 0, 3, 0, 0, 5, 0, 0, 0, 0, 0, 0, 40, 0, 2, 5, 2, 0, 2, 2, 0, 0, 0, 43, 4, 0, 0, 2, 0, 0, 2, 0, 0, 0, 5, 2, 2, 0, 0, 5, 3, 0, 5, 1, 0, 0, 0, 4, 0, 0, 0, 0, 5, 5, : 40, 4, 44, 1, 5, 4, 3, 1, 2, 1, 2, 5, 40, 1, 44, 4, 4, 3, 4, 42, 3, 1, 2, 2, 4, 4, 5, 3, 5, 40, 2, 5, 2, 2, 2, 43, 4, 2, 2, 5, 2, 2, 5, 3, 5, 1, 4, 5, 5, 
520: 0, 2, 0, 43, 0, 43, 5, 0, 40, 2, 0, 42, 0, 1, 0, 1, 0, 0, 2, 0, 1, 1, 5, 2, 3, 0, 42, 0, 0, 5, 0, 0, 3, 0, 1, 0, 4, 0, 0, 1, 0, 0, 4, 5, 0, 4, 41, 0, 3, 0, 0, 4, 3, 0, 42, 2, 0, 0, 1, 0, 2, 0, 1, 0, 0, 5, 2, 0, 0, 41, 0, 0, 5, 4, 2, 0, 3, 0, 4, 0, 4, 4, 0, 3, 1, 43, 0, 0, 2, 1, 5, 5, 1, 0, 0, 5, 0, 0, 0, 1, 43, 2, 4, 4, 0, 1, 5, 0, 4, 0, 1, 41, 3, 0, 2, 0, 44, 0, 0, 2, : 2, 43, 43, 5, 40, 2, 42, 1, 1, 2, 1, 1, 5, 2, 3, 42, 5, 3, 1, 4, 1, 4, 5, 4, 41, 3, 4, 3, 42, 2, 1, 2, 1, 5, 2, 41, 5, 4, 2, 3, 4, 4, 4, 3, 1, 43, 2, 1, 5, 5, 1, 5, 1, 43, 2, 4, 4, 1, 5, 4, 1, 41, 3, 2, 44, 2, 
33: 0, 0, 0, 0, 5, 1, 1, 40, 2, 5, 2, 4, 0, 4, 0, 2, 4, 4, 0, 0, 0, 2, 3, 4, 0, 0, 0, 0, 0, 0, 0, 1, 4, 0, 1, 0, 3, 4, 0, 2, 3, 0, 1, 1, 4, 2, 0, 2, 0, 3, 0, 3, 1, 0, 0, 0, 0, 0, 1, 3, 0, 1, 0, 3, 0, 2, 5, 0, 0, 0, 0, 0, 1, 0, 4, 4, 2, 5, 0, 5, 3, 1, 0, 0, 2, 5, 43, 1, 4, 0, 0, 5, 0, 0, 0, 0, 3, 0, 4, 1, 3, 0, 0, 3, 2, 0, 0, 0, 4, 0, 0, 0, 0, 0, 4, 3, 0, 0, 0, 0, : 5, 1, 1, 40, 2, 5, 2, 4, 4, 2, 4, 4, 2, 3, 4, 1, 4, 1, 3, 4, 2, 3, 1, 1, 4, 2, 2, 3, 3, 1, 1, 3, 1, 3, 2, 5, 1, 4, 4, 2, 5, 5, 3, 1, 2, 5, 43, 1, 4, 5, 3, 4, 1, 3, 3, 2, 4, 4, 3, 
72: 0, 0, 0, 4, 0, 4, 3, 0, 0, 4, 5, 0, 0, 0, 4, 4, 0, 4, 5, 5, 0, 4, 0, 0, 0, 3, 0, 4, 0, 0, 0, 2, 0, 3, 0, 0, 4, 2, 0, 1, 4, 4, 4, 0, 0, 43, 2, 4, 0, 2, 2, 4, 1, 0, 0, 0, 0, 5, 3, 1, 5, 2, 0, 0, 0, 0, 1, 1, 4, 0, 4, 5, 1, 3, 0, 0, 3, 1, 3, 5, 2, 2, 0, 0, 2, 3, 0, 0, 0, 2, 0, 2, 1, 0, 0, 4, 5, 3, 4, 5, 0, 3, 0, 2, 5, 4, 0, 3, 3, 4, 3, 43, 0, 0, 0, 1, 40, 1, 3, 0, : 4, 4, 3, 4, 5, 4, 4, 4, 5, 5, 4, 3, 4, 2, 3, 4, 2, 1, 4, 4, 4, 43, 2, 4, 2, 2, 4, 1, 5, 3, 1, 5, 2, 1, 1, 4, 4, 5, 1, 3, 3, 1, 3, 5, 2, 2, 2, 3, 2, 2, 1, 4, 5, 3, 4, 5, 3, 2, 5, 4, 3, 3, 4, 3, 43, 1, 40, 1, 3, 
121: 0, 3, 3, 0, 5, 3, 3, 3, 0, 0, 4, 0, 4, 43, 0, 3, 0, 42, 0, 0, 0, 0, 1, 4, 0, 0, 0, 0, 5, 2, 0, 5, 0, 0, 1, 44, 0, 40, 1, 2, 40, 0, 2, 0, 3, 2, 0, 2, 1, 4, 1, 0, 0, 0, 2, 0, 0, 4, 0, 0, 0, 2, 1, 0, 1, 3, 0, 0, 3, 0, 1, 2, 0, 4, 5, 0, 0, 1, 42, 0, 2, 3, 0, 1, 0, 0, 0, 1, 0, 4, 0, 2, 0, 1, 0, 0, 0, 4, 0, 0, 0, 2, 2, 2, 0, 0, 2, 0, 1, 0, 1, 4, 0, 5, 0, 0, 4, 1, 3, 5, : 3, 3, 5, 3, 3, 3, 4, 4, 43, 3, 42, 1, 4, 5, 2, 5, 1, 44, 40, 1, 2, 40, 2, 3, 2, 2, 1, 4, 1, 2, 4, 2, 1, 1, 3, 3, 1, 2, 4, 5, 1, 42, 2, 3, 1, 1, 4, 2, 1, 4, 2, 2, 2, 2, 1, 1, 4, 5, 4, 1, 3, 5, 
250: 0, 0, 4, 0, 0, 0, 0, 0, 0, 3, 0, 1, 0, 0, 0, 0, 3, 0, 0, 0, 0, 0, 40, 1, 0, 0, 2, 42, 2, 0, 0, 2, 0, 0, 4, 0, 4, 0, 0, 2, 5, 1, 0, 0, 0, 0, 2, 1, 0, 0, 0, 4, 3, 0, 43, 0, 0, 40, 0, 0, 1, 2, 0, 0, 5, 1, 5, 43, 1, 0, 0, 0, 0, 1, 0, 0, 0, 1, 0, 5, 1, 1, 0, 5, 5, 5, 0, 2, 0, 4, 1, 4, 0, 3, 0, 4, 0, 0, 0, 1, 0, 5, 0, 3, 1, 3, 0, 1, 5, 5, 0, 4, 1, 0, 1, 0, 0, 1, 2, 4, : 4, 3, 1, 3, 40, 1, 2, 42, 2, 2, 4, 4, 2, 5, 1, 2, 1, 4, 3, 43, 40, 1, 2, 5, 1, 5, 43, 1, 1, 1, 5, 1, 1, 5, 5, 5, 2, 4, 1, 4, 3, 4, 1, 5, 3, 1, 3, 1, 5, 5, 4, 1, 1, 1, 2, 4, 
142: 0, 42, 2, 0, 0, 4, 0, 0, 4, 0, 0, 0, 0, 0, 0, 44, 1, 0, 0, 3, 0, 0, 3, 0, 0, 44, 3, 3, 1, 0, 0, 0, 0, 2, 5, 0, 1, 0, 1, 3, 2, 0, 2, 4, 0, 0, 1, 4, 1, 4, 1, 2, 1, 2, 0, 0, 2, 3, 3, 0, 0, 0, 0, 0, 0, 1, 43, 0, 4, 0, 0, 3, 5, 42, 2, 1, 0, 1, 0, 5, 4, 2, 0, 0, 0, 4, 3, 0, 4, 0, 0, 4, 40, 0, 40, 1, 0, 44, 0, 2, 0, 0, 1, 4, 0, 0, 41, 5, 0, 0, 5, 0, 5, 0, 0, 4, 5, 3, 0, 44, : 42, 2, 4, 4, 44, 1, 3, 3, 44, 3, 3, 1, 2, 5, 1, 1, 3, 2, 2, 4, 1, 4, 1, 4, 1, 2, 1, 2, 2, 3, 3, 1, 43, 4, 3, 5, 42, 2, 1, 1, 5, 4, 2, 4, 3, 4, 4, 40, 40, 1, 44, 2, 1, 4, 41, 5, 5, 5, 4, 5, 3, 44, 
80: 3, 1, 0, 5, 4, 1, 0, 2, 0, 0, 1, 0, 4, 1, 5, 2, 4, 4, 2, 4, 2, 1, 3, 3, 0, 0, 0, 44, 0, 0, 1, 2, 4, 4, 0, 0, 0, 44, 0, 3, 0, 5, 0, 0, 43, 0, 0, 2, 0, 0, 0, 1, 4, 0, 5, 2, 0, 1, 43, 0, 1, 2, 0, 0, 5, 1, 0, 0, 0, 0, 5, 0, 5, 0, 2, 0, 3, 4, 5, 0, 4, 5, 0, 1, 1, 3, 0, 0, 1, 4, 2, 2, 5, 5, 0, 5, 3, 5, 0, 0, 0, 0, 0, 3, 0, 4, 0, 5, 4, 2, 0, 3, 0, 5, 0, 0, 0, 0, 0, 0, : 3, 1, 5, 4, 1, 2, 1, 4, 1, 5, 2, 4, 4, 2, 4, 2, 1, 3, 3, 44, 1, 2, 4, 4, 44, 3, 5, 43, 2, 1, 4, 5, 2, 1, 43, 1, 2, 5, 1, 5, 5, 2, 3, 4, 5, 4, 5, 1, 1, 3, 1, 4, 2, 2, 5, 5, 5, 3, 5, 3, 4, 5, 4, 2, 3, 5, 
461: 1, 0, 0, 0, 0, 5, 0, 0, 5, 0, 1, 42, 2, 43, 0, 2, 0, 0, 2, 41, 0, 4, 2, 2, 3, 5, 1, 5, 0, 2, 0, 4, 0, 0, 0, 0, 5, 4, 3, 0, 5, 40, 3, 4, 44, 5, 5, 0, 5, 1, 0, 43, 0, 0, 0, 2, 0, 0, 3, 0, 4, 1, 0, 0, 0, 2, 0, 1, 2, 0, 2, 40, 0, 0, 0, 0, 0, 1, 1, 42, 2, 5, 41, 0, 1, 4, 0, 5, 1, 0, 4, 0, 4, 0, 0, 4, 0, 3, 0, 0, 0, 2, 5, 0, 2, 0, 3, 0, 4, 4, 0, 0, 1, 0, 0, 1, 1, 3, 0, 0, : 1, 5, 5, 1, 42, 2, 43, 2, 2, 41, 4, 2, 2, 3, 5, 1, 5, 2, 4, 5, 4, 3, 5, 40, 3, 4, 44, 5, 5, 5, 1, 43, 2, 3, 4, 1, 2, 1, 2, 2, 40, 1, 1, 42, 2, 5, 41, 1, 4, 5, 1, 4, 4, 4, 3, 2, 5, 2, 3, 4, 4, 1, 1, 1, 3, 
402: 5, 2, 0, 3, 4, 2, 0, 4, 3, 0, 42, 0, 0, 0, 0, 0, 5, 0, 2, 3, 1, 0, 0, 4, 4, 0, 0, 5, 4, 4, 0, 0, 0, 0, 5, 0, 0, 4, 5, 0, 3, 3, 0, 0, 4, 41, 1, 1, 3, 0, 3, 0, 0, 4, 0, 1, 0, 5, 0, 0, 2, 5, 3, 0, 3, 0, 2, 3, 3, 0, 0, 0, 5, 1, 5, 0, 5, 5, 0, 0, 1, 3, 0, 44, 0, 0, 4, 4, 0, 0, 0, 0, 1, 4, 0, 4, 0, 0, 0, 0, 0, 0, 1, 0, 0, 2, 0, 5, 0, 44, 0, 1, 3, 5, 3, 0, 0, 0, 0, 0, : 5, 2, 3, 4, 2, 4, 3, 42, 5, 2, 3, 1, 4, 4, 5, 4, 4, 5, 4, 5, 3, 3, 4, 41, 1, 1, 3, 3, 4, 1, 5, 2, 5, 3, 3, 2, 3, 3, 5, 1, 5, 5, 5, 1, 3, 44, 4, 4, 1, 4, 4, 1, 2, 5, 44, 1, 3, 5, 3, 
412: 0, 2, 0, 5, 0, 0, 44, 4, 2, 1, 4, 0, 0, 2, 4, 0, 0, 0, 0, 4, 0, 0, 5, 0, 0, 3, 0, 0, 0, 0, 0, 0, 0, 0, 0, 0, 2, 0, 0, 0, 5, 2, 42, 5, 0, 0, 0, 1, 0, 1, 0, 5, 4, 0, 3, 1, 1, 3, 2, 0, 0, 2, 0, 0, 0, 0, 1, 4, 2, 4, 2, 4, 1, 0, 0, 0, 1, 5, 4, 2, 0, 0, 2, 1, 0, 0, 3, 0, 1, 2, 2, 3, 0, 0, 0, 0, 0, 5, 44, 1, 0, 43, 1, 1, 4, 2, 0, 1, 0, 0, 4, 3, 2, 3, 0, 0, 1, 4, 0, 2, : 2, 5, 44, 4, 2, 1, 4, 2, 4, 4, 5, 3, 2, 5, 2, 42, 5, 1, 1, 5, 4, 3, 1, 1, 3, 2, 2, 1, 4, 2, 4, 2, 4, 1, 1, 5, 4, 2, 2, 1, 3, 1, 2, 2, 3, 5, 44, 1, 43, 1, 1, 4, 2, 1, 4, 3, 2, 3, 1, 4, 2, 
541: 2, 2, 1, 0, 0, 3, 0, 0, 42, 0, 0, 1, 1, 1, 4, 1, 0, 0, 3, 0, 0, 2, 0, 5, 0, 0, 44, 1, 0, 1, 43, 43, 2, 4, 4, 0, 3, 3, 0, 0, 0, 0, 0, 40, 1, 3, 40, 42, 0, 0, 3, 0, 43, 0, 5, 44, 0, 3, 0, 4, 1, 3, 0, 2, 0, 3, 2, 0, 2, 0, 0, 3, 2, 3, 3, 0, 0, 0, 0, 0, 0, 1, 43, 0, 3, 41, 0, 1, 2, 0, 0, 1, 0, 0, 0, 3, 0, 1, 5, 0, 5, 0, 0, 0, 0, 1, 0, 41, 5, 2, 0, 0, 0, 1, 2, 0, 0, 0, 2, 3, : 2, 2, 1, 3, 42, 1, 1, 1, 4, 1, 3, 2, 5, 44, 1, 1, 43, 43, 2, 4, 4, 3, 3, 40, 1, 3, 40, 42, 3, 43, 5, 44, 3, 4, 1, 3, 2, 3, 2, 2, 3, 2, 3, 3, 1, 43, 3, 41, 1, 2, 1, 3, 1, 5, 5, 1, 41, 5, 2, 1, 2, 2, 3, 
463: 1, 0, 0, 0, 0, 0, 3, 0, 0, 0, 0, 0, 0, 0, 0, 1, 0, 0, 1, 0, 0, 0, 1, 0, 0, 0, 0, 0, 41, 42, 2, 4, 0, 0, 0, 0, 0, 0, 5, 5, 0, 0, 4, 3, 1, 2, 0, 1, 3, 5, 1, 5, 0, 2, 0, 1, 0, 0, 0, 0, 43, 1, 0, 0, 5, 5, 2, 0, 0, 40, 0, 0, 5, 4, 0, 4, 0, 5, 3, 4, 5, 4, 44, 0, 0, 43, 0, 5, 0, 2, 0, 1, 3, 5, 0, 3, 0, 5, 0, 3, 0, 0, 0, 0, 0, 40, 0, 0, 0, 2, 0, 0, 5, 2, 1, 0, 2, 0, 0, 3, : 1, 3, 1, 1, 1, 41, 42, 2, 4, 5, 5, 4, 3, 1, 2, 1, 3, 5, 1, 5, 2, 1, 43, 1, 5, 5, 2, 40, 5, 4, 4, 5, 3, 4, 5, 4, 44, 43, 5, 2, 1, 3, 5, 3, 5, 3, 40, 2, 5, 2, 1, 2, 3, 
489: 4, 1, 0, 0, 2, 42, 4, 0, 1, 5, 0, 1, 0, 1, 5, 0, 0, 0, 4, 0, 0, 2, 0, 0, 3, 2, 1, 0, 0, 3, 0, 2, 0, 0, 0, 0, 3, 0, 0, 1, 42, 2, 4, 0, 0, 0, 2, 1, 0, 41, 0, 4, 41, 5, 3, 0, 3, 0, 0, 0, 0, 0, 0, 2, 0, 2, 0, 2, 4, 0, 0, 1, 5, 0, 0, 1, 41, 0, 1, 0, 5, 2, 0, 0, 0, 0, 0, 5, 1, 1, 0, 1, 0, 0, 5, 0, 3, 4, 0, 0, 5, 1, 0, 2, 0, 3, 0, 0, 0, 0, 0, 0, 3, 0, 0, 0, 0, 5, 0, 0, : 4, 1, 2, 42, 4, 1, 5, 1, 1, 5, 4, 2, 3, 2, 1, 3, 2, 3, 1, 42, 2, 4, 2, 1, 41, 4, 41, 5, 3, 3, 2, 2, 2, 4, 1, 5, 1, 41, 1, 5, 2, 5, 1, 1, 1, 5, 3, 4, 5, 1, 2, 3, 3, 5, 
448: 0, 0, 0, 0, 5, 4, 2, 4, 42, 0, 0, 0, 0, 0, 2, 5, 0, 0, 0, 0, 0, 0, 4, 0, 0, 0, 0, 4, 43, 0, 42, 5, 42, 0, 0, 0, 0, 2, 0, 5, 2, 0, 1, 0, 3, 0, 0, 0, 5, 0, 0, 1, 3, 3, 2, 0, 0, 0, 0, 0, 5, 0, 0, 3, 3, 2, 3, 0, 4, 3, 0, 0, 5, 0, 2, 0, 3, 43, 0, 1, 0, 0, 5, 0, 4, 5, 0, 42, 2, 1, 43, 2, 3, 0, 0, 5, 0, 1, 0, 4, 4, 0, 0, 5, 4, 0, 3, 0, 0, 1, 0, 0, 0, 2, 2, 0, 3, 0, 1, 4, : 5, 4, 2, 4, 42, 2, 5, 4, 4, 43, 42, 5, 42, 2, 5, 2, 1, 3, 5, 1, 3, 3, 2, 5, 3, 3, 2, 3, 4, 3, 5, 2, 3, 43, 1, 5, 4, 5, 42, 2, 1, 43, 2, 3, 5, 1, 4, 4, 5, 4, 3, 1, 2, 2, 3, 1, 4, 
191: 0, 5, 0, 0, 0, 1, 5, 0, 1, 4, 0, 0, 4, 0, 5, 1, 5, 43, 42, 0, 5, 0, 1, 3, 0, 4, 1, 0, 0, 0, 5, 1, 0, 4, 2, 0, 5, 0, 4, 0, 4, 2, 1, 0, 3, 4, 2, 0, 41, 0, 5, 5, 5, 42, 5, 4, 0, 0, 1, 0, 43, 0, 4, 2, 0, 1, 0, 0, 0, 2, 40, 0, 5, 0, 0, 2, 41, 5, 0, 1, 0, 0, 0, 0, 1, 4, 0, 0, 0, 1, 0, 0, 0, 1, 0, 1, 42, 4, 0, 0, 42, 5, 0, 3, 0, 3, 3, 3, 3, 0, 3, 1, 0, 0, 0, 5, 3, 4, 1, 2, : 5, 1, 5, 1, 4, 4, 5, 1, 5, 43, 42, 5, 1, 3, 4, 1, 5, 1, 4, 2, 5, 4, 4, 2, 1, 3, 4, 2, 41, 5, 5, 5, 42, 5, 4, 1, 43, 4, 2, 1, 2, 40, 5, 2, 41, 5, 1, 1, 4, 1, 1, 1, 42, 4, 42, 5, 3, 3, 3, 3, 3, 3, 1, 5, 3, 4, 1, 2, 
242: 2, 5, 0, 5, 1, 2, 0, 0, 0, 0, 3, 4, 0, 0, 0, 0, 2, 0, 1, 0, 0, 1, 0, 4, 2, 0, 1, 1, 0, 0, 2, 3, 0, 0, 2, 5, 0, 0, 5, 0, 0, 2, 1, 0, 0, 0, 5, 1, 0, 3, 3, 4, 0, 0, 0, 5, 2, 3, 42, 0, 0, 0, 0, 0, 0, 3, 2, 0, 0, 0, 0, 0, 0, 0, 0, 0, 5, 3, 0, 3, 1, 5, 0, 0, 3, 5, 5, 0, 0, 1, 0, 5, 3, 5, 2, 1, 1, 0, 40, 0, 0, 3, 0, 0, 3, 0, 4, 1, 4, 1, 0, 5, 43, 3, 3, 0, 3, 1, 2, 0, : 2, 5, 5, 1, 2, 3, 4, 2, 1, 1, 4, 2, 1, 1, 2, 3, 2, 5, 5, 2, 1, 5, 1, 3, 3, 4, 5, 2, 3, 42, 3, 2, 5, 3, 3, 1, 5, 3, 5, 5, 1, 5, 3, 5, 2, 1, 1, 40, 3, 3, 4, 1, 4, 1, 5, 43, 3, 3, 3, 1, 2, 
333: 4, 0, 0, 3, 0, 1, 3, 0, 0, 0, 1, 0, 0, 0, 0, 0, 0, 0, 0, 0, 4, 3, 3, 0, 3, 1, 0, 4, 0, 0, 0, 5, 0, 0, 3, 0, 1, 1, 0, 3, 0, 0, 0, 4, 0, 0, 2, 4, 0, 3, 43, 0, 4, 43, 0, 4, 0, 3, 2, 0, 0, 2, 0, 4, 2, 5, 5, 3, 1, 4, 0, 0, 0, 42, 0, 4, 0, 0, 43, 0, 3, 0, 1, 5, 0, 0, 0, 0, 0, 2, 0, 4, 0, 0, 44, 1, 5, 0, 4, 0, 0, 0, 4, 0, 0, 0, 4, 0, 0, 1, 0, 0, 0, 3, 0, 5, 4, 0, 0, 1, : 4, 3, 1, 3, 1, 4, 3, 3, 3, 1, 4, 5, 3, 1, 1, 3, 4, 2, 4, 3, 43, 4, 43, 4, 3, 2, 2, 4, 2, 5, 5, 3, 1, 4, 42, 4, 43, 3, 1, 5, 2, 4, 44, 1, 5, 4, 4, 4, 1, 3, 5, 4, 1, 
136: 4, 4, 0, 0, 0, 3, 0, 0, 41, 5, 44, 40, 3, 1, 0, 1, 3, 0, 1, 0, 0, 1, 3, 0, 4, 0, 0, 1, 42, 0, 0, 3, 4, 0, 44, 1, 0, 0, 0, 2, 3, 0, 0, 44, 1, 1, 0, 0, 1, 0, 3, 4, 0, 4, 2, 2, 0, 0, 0, 5, 1, 1, 0, 2, 5, 5, 3, 1, 4, 0, 5, 0, 3, 0, 0, 0, 40, 3, 0, 5, 4, 0, 0, 3, 5, 2, 0, 0, 5, 3, 3, 3, 0, 3, 0, 0, 0, 5, 1, 5, 0, 0, 3, 1, 0, 3, 2, 41, 0, 0, 5, 2, 0, 0, 0, 5, 0, 0, 1, 0, : 4, 4, 3, 41, 5, 44, 40, 3, 1, 1, 3, 1, 1, 3, 4, 1, 42, 3, 4, 44, 1, 2, 3, 44, 1, 1, 1, 3, 4, 4, 2, 2, 5, 1, 1, 2, 5, 5, 3, 1, 4, 5, 3, 40, 3, 5, 4, 3, 5, 2, 5, 3, 3, 3, 3, 5, 1, 5, 3, 1, 3, 2, 41, 5, 2, 5, 1, 
492: 1, 2, 0, 1, 4, 0, 5, 0, 0, 3, 0, 5, 0, 0, 5, 3, 0, 0, 2, 1, 0, 0, 3, 0, 3, 4, 5, 0, 5, 5, 0, 4, 1, 0, 0, 0, 1, 5, 1, 0, 3, 5, 0, 1, 0, 0, 0, 0, 0, 1, 0, 5, 0, 0, 0, 5, 0, 0, 2, 0, 1, 43, 0, 0, 0, 1, 4, 1, 5, 3, 0, 5, 1, 0, 0, 0, 0, 0, 0, 0, 2, 4, 0, 4, 5, 5, 0, 0, 2, 2, 0, 4, 0, 0, 0, 1, 1, 0, 0, 4, 2, 4, 0, 0, 1, 0, 0, 0, 0, 44, 0, 0, 3, 0, 0, 3, 1, 5, 0, 2, : 1, 2, 1, 4, 5, 3, 5, 5, 3, 2, 1, 3, 3, 4, 5, 5, 5, 4, 1, 1, 5, 1, 3, 5, 1, 1, 5, 5, 2, 1, 43, 1, 4, 1, 5, 3, 5, 1, 2, 4, 4, 5, 5, 2, 2, 4, 1, 1, 4, 2, 4, 1, 44, 3, 3, 1, 5, 2, 
342: 0, 1, 0, 0, 2, 2, 0, 3, 0, 0, 0, 0, 0, 0, 0, 0, 0, 0, 2, 0, 4, 0, 2, 0, 1, 0, 0, 3, 40, 0, 0, 4, 0, 0, 0, 3, 5, 4, 0, 1, 5, 4, 41, 41, 0, 0, 0, 3, 0, 0, 0, 0, 2, 0, 0, 0, 0, 2, 0, 40, 1, 44, 0, 0, 4, 3, 0, 0, 4, 0, 5, 0, 0, 0, 0, 41, 0, 41, 1, 2, 0, 0, 0, 0, 0, 4, 41, 0, 5, 0, 5, 0, 0, 0, 0, 0, 1, 4, 41, 2, 2, 3, 0, 4, 0, 1, 5, 0, 4, 0, 0, 0, 0, 5, 1, 40, 3, 2, 2, 43, : 1, 2, 2, 3, 2, 4, 2, 1, 3, 40, 4, 3, 5, 4, 1, 5, 4, 41, 41, 3, 2, 2, 40, 1, 44, 4, 3, 4, 5, 41, 41, 1, 2, 4, 41, 5, 5, 1, 4, 41, 2, 2, 3, 4, 1, 5, 4, 5, 1, 40, 3, 2, 2, 43, 
436: 4, 5, 3, 42, 3, 0, 2, 0, 0, 0, 5, 3, 0, 0, 3, 3, 4, 0, 41, 0, 2, 1, 0, 0, 0, 3, 1, 1, 0, 1, 3, 3, 0, 42, 0, 40, 2, 42, 0, 0, 5, 0, 2, 0, 4, 0, 2, 5, 0, 42, 4, 42, 5, 0, 0, 2, 5, 0, 5, 1, 3, 41, 0, 5, 2, 1, 2, 0, 5, 0, 5, 4, 3, 0, 0, 0, 0, 1, 4, 0, 2, 0, 5, 0, 4, 0, 0, 0, 40, 0, 43, 4, 0, 0, 0, 2, 0, 4, 41, 0, 0, 4, 0, 2, 0, 2, 0, 5, 0, 1, 4, 0, 3, 4, 0, 4, 3, 0, 4, 0, : 4, 5, 3, 42, 3, 2, 5, 3, 3, 3, 4, 41, 2, 1, 3, 1, 1, 1, 3, 3, 42, 40, 2, 42, 5, 2, 4, 2, 5, 42, 4, 42, 5, 2, 5, 5, 1, 3, 41, 5, 2, 1, 2, 5, 5, 4, 3, 1, 4, 2, 5, 4, 40, 43, 4, 2, 4, 41, 4, 2, 2, 5, 1, 4, 3, 4, 4, 3, 4, 
567: 2, 2, 2, 0, 3, 5, 0, 0, 2, 1, 0, 3, 2, 0, 0, 0, 0, 0, 0, 0, 0, 0, 4, 0, 0, 0, 0, 0, 0, 40, 0, 0, 0, 1, 0, 0, 0, 0, 0, 4, 0, 2, 5, 2, 4, 0, 0, 0, 0, 0, 2, 4, 0, 44, 5, 1, 1, 0, 0, 5, 5, 1, 3, 0, 0, 2, 4, 2, 0, 0, 0, 3, 41, 0, 5, 40, 0, 5, 4, 4, 5, 5, 1, 1, 3, 0, 1, 0, 5, 3, 0, 3, 3, 3, 0, 0, 0, 3, 3, 0, 0, 1, 0, 3, 0, 0, 0, 0, 1, 3, 0, 0, 5, 3, 0, 0, 0, 0, 0, 0, : 2, 2, 2, 3, 5, 2, 1, 3, 2, 4, 40, 1, 4, 2, 5, 2, 4, 2, 4, 44, 5, 1, 1, 5, 5, 1, 3, 2, 4, 2, 3, 41, 5, 40, 5, 4, 4, 5, 5, 1, 1, 3, 1, 5, 3, 3, 3, 3, 3, 3, 1, 3, 1, 3, 5, 3, 
343: 0, 0, 5, 0, 1, 3, 3, 1, 0, 4, 0, 2, 3, 5, 0, 4, 0, 0, 5, 4, 0, 4, 0, 2, 4, 5, 2, 0, 0, 0, 0, 0, 3, 0, 0, 3, 0, 0, 0, 0, 0, 2, 5, 1, 3, 0, 4, 0, 3, 2, 2, 3, 3, 0, 0, 0, 3, 3, 0, 42, 4, 5, 3, 5, 0, 4, 1, 40, 1, 0, 0, 4, 43, 0, 0, 0, 3, 4, 0, 0, 3, 0, 0, 4, 43, 1, 4, 0, 0, 0, 0, 0, 0, 0, 0, 4, 0, 1, 0, 2, 0, 0, 5, 0, 0, 2, 0, 42, 0, 0, 41, 0, 41, 5, 0, 0, 5, 5, 0, 4, : 5, 1, 3, 3, 1, 4, 2, 3, 5, 4, 5, 4, 4, 2, 4, 5, 2, 3, 3, 2, 5, 1, 3, 4, 3, 2, 2, 3, 3, 3, 3, 42, 4, 5, 3, 5, 4, 1, 40, 1, 4, 43, 3, 4, 3, 4, 43, 1, 4, 4, 1, 2, 5, 2, 42, 41, 41, 5, 5, 5, 4, 
296: 0, 5, 0, 0, 1, 44, 0, 0, 0, 4, 0, 0, 1, 5, 0, 0, 0, 0, 4, 0, 0, 0, 5, 0, 2, 4, 5, 3, 0, 0, 0, 3, 3, 0, 0, 0, 4, 0, 0, 40, 44, 5, 44, 1, 4, 44, 0, 5, 0, 0, 2, 43, 4, 0, 4, 0, 0, 0, 5, 4, 0, 0, 0, 0, 1, 4, 2, 3, 0, 0, 0, 43, 0, 0, 0, 40, 0, 1, 4, 0, 2, 41, 0, 0, 2, 0, 1, 4, 3, 4, 0, 1, 3, 40, 42, 4, 1, 0, 4, 0, 0, 0, 0, 0, 0, 3, 2, 3, 0, 2, 0, 0, 0, 0, 0, 3, 0, 0, 0, 4, : 5, 1, 44, 4, 1, 5, 4, 5, 2, 4, 5, 3, 3, 3, 4, 40, 44, 5, 44, 1, 4, 44, 5, 2, 43, 4, 4, 5, 4, 1, 4, 2, 3, 43, 40, 1, 4, 2, 41, 2, 1, 4, 3, 4, 1, 3, 40, 42, 4, 1, 4, 3, 2, 3, 2, 3, 4, 
472: 2, 1, 5, 0, 3, 2, 4, 0, 0, 3, 3, 0, 0, 1, 0, 0, 0, 0, 0, 5, 0, 0, 0, 2, 0, 1, 5, 0, 0, 0, 5, 0, 41, 4, 4, 0, 0, 0, 0, 2, 0, 0, 4, 2, 0, 0, 4, 2, 4, 0, 1, 2, 3, 2, 0, 1, 0, 3, 2, 5, 5, 1, 0, 44, 2, 2, 0, 3, 0, 3, 0, 3, 1, 3, 1, 0, 4, 4, 2, 0, 0, 4, 0, 5, 3, 1, 3, 5, 4, 0, 0, 0, 0, 4, 0, 44, 1, 2, 0, 4, 3, 0, 0, 2, 0, 44, 41, 0, 4, 0, 0, 0, 5, 2, 0, 1, 3, 2, 0, 4, : 2, 1, 5, 3, 2, 4, 3, 3, 1, 5, 2, 1, 5, 5, 41, 4, 4, 2, 4, 2, 4, 2, 4, 1, 2, 3, 2, 1, 3, 2, 5, 5, 1, 44, 2, 2, 3, 3, 3, 1, 3, 1, 4, 4, 2, 4, 5, 3, 1, 3, 5, 4, 4, 44, 1, 2, 4, 3, 2, 44, 41, 4, 5, 2, 1, 3, 2, 4, 
584: 3, 0, 40, 3, 2, 0, 4, 2, 2, 1, 2, 0, 3, 2, 5, 2, 0, 0, 1, 4, 0, 0, 0, 0, 0, 4, 0, 2, 0, 0, 0, 0, 1, 0, 4, 0, 0, 1, 2, 2, 2, 3, 0, 0, 0, 0, 5, 2, 1, 0, 5, 5, 3, 0, 0, 0, 4, 0, 4, 0, 2, 2, 43, 5, 5, 0, 0, 0, 0, 0, 5, 1, 2, 4, 0, 0, 1, 1, 4, 0, 1, 3, 0, 0, 5, 0, 0, 0, 2, 5, 0, 0, 3, 0, 0, 0, 4, 44, 0, 0, 0, 0, 4, 2, 0, 41, 3, 0, 0, 4, 0, 2, 3, 4, 3, 0, 3, 0, 5, 5, : 3, 40, 3, 2, 4, 2, 2, 1, 2, 3, 2, 5, 2, 1, 4, 4, 2, 1, 4, 1, 2, 2, 2, 3, 5, 2, 1, 5, 5, 3, 4, 4, 2, 2, 43, 5, 5, 5, 1, 2, 4, 1, 1, 4, 1, 3, 5, 2, 5, 3, 4, 44, 4, 2, 41, 3, 4, 2, 3, 4, 3, 3, 5, 5, 
61: 0, 2, 3, 0, 2, 4, 0, 43, 0, 5, 0, 0, 0, 43, 3, 4, 4, 5, 0, 2, 0, 40, 3, 3, 5, 2, 1, 0, 0, 3, 0, 5, 0, 0, 0, 0, 5, 0, 0, 0, 5, 0, 0, 3, 0, 0, 0, 0, 1, 0, 2, 4, 1, 0, 0, 1, 0, 0, 4, 0, 0, 5, 0, 44, 4, 1, 0, 0, 4, 4, 1, 3, 0, 1, 5, 1, 5, 4, 0, 3, 4, 5, 0, 0, 0, 1, 0, 0, 4, 0, 40, 0, 3, 0, 3, 0, 1, 1, 2, 0, 2, 0, 2, 5, 3, 0, 1, 4, 0, 41, 5, 0, 1, 5, 4, 0, 0, 0, 0, 0, : 2, 3, 2, 4, 43, 5, 43, 3, 4, 4, 5, 2, 40, 3, 3, 5, 2, 1, 3, 5, 5, 5, 3, 1, 2, 4, 1, 1, 4, 5, 44, 4, 1, 4, 4, 1, 3, 1, 5, 1, 5, 4, 3, 4, 5, 1, 4, 40, 3, 3, 1, 1, 2, 2, 2, 5, 3, 1, 4, 41, 5, 1, 5, 4, 
287: 1, 5, 0, 3, 0, 0, 0, 4, 0, 5, 0, 0, 0, 2, 2, 1, 44, 0, 0, 0, 0, 4, 2, 2, 0, 0, 0, 4, 5, 0, 44, 0, 42, 0, 2, 40, 0, 0, 0, 5, 1, 3, 0, 2, 0, 44, 3, 0, 0, 0, 0, 0, 0, 3, 0, 0, 0, 1, 1, 0, 1, 3, 0, 41, 44, 3, 0, 2, 3, 0, 3, 0, 0, 0, 1, 0, 0, 1, 0, 0, 2, 3, 0, 0, 2, 0, 3, 0, 0, 3, 5, 5, 0, 5, 2, 2, 3, 5, 0, 0, 0, 0, 0, 41, 5, 0, 0, 0, 41, 3, 5, 0, 0, 5, 4, 0, 0, 0, 0, 0, : 1, 5, 3, 4, 5, 2, 2, 1, 44, 4, 2, 2, 4, 5, 44, 42, 2, 40, 5, 1, 3, 2, 44, 3, 3, 1, 1, 1, 3, 41, 44, 3, 2, 3, 3, 1, 1, 2, 3, 2, 3, 3, 5, 5, 5, 2, 2, 3, 5, 41, 5, 41, 3, 5, 5, 4, 
395: 2, 1, 0, 0, 0, 5, 5, 0, 0, 41, 0, 0, 0, 0, 0, 2, 0, 0, 0, 0, 44, 0, 3, 1, 0, 2, 0, 1, 40, 0, 4, 0, 0, 0, 3, 2, 42, 4, 0, 1, 2, 2, 0, 0, 0, 0, 0, 4, 0, 5, 5, 2, 5, 2, 1, 1, 0, 4, 3, 1, 3, 0, 0, 3, 0, 1, 0, 0, 3, 0, 3, 1, 0, 2, 0, 1, 0, 2, 2, 2, 0, 4, 2, 2, 2, 3, 0, 3, 0, 0, 3, 1, 0, 2, 0, 3, 4, 1, 1, 0, 43, 3, 5, 5, 1, 5, 2, 0, 5, 2, 1, 2, 4, 4, 0, 1, 0, 1, 5, 4, : 2, 1, 5, 5, 41, 2, 44, 3, 1, 2, 1, 40, 4, 3, 2, 42, 4, 1, 2, 2, 4, 5, 5, 2, 5, 2, 1, 1, 4, 3, 1, 3, 3, 1, 3, 3, 1, 2, 1, 2, 2, 2, 4, 2, 2, 2, 3, 3, 3, 1, 2, 3, 4, 1, 1, 43, 3, 5, 5, 1, 5, 2, 5, 2, 1, 2, 4, 4, 1, 1, 5, 4, 
470: 44, 0, 0, 0, 1, 0, 44, 0, 0, 2, 0, 0, 4, 0, 5, 5, 2, 0, 2, 0, 0, 0, 4, 42, 0, 5, 0, 0, 3, 0, 0, 1, 0, 0, 5, 0, 0, 0, 3, 1, 5, 0, 0, 0, 0, 0, 0, 4, 0, 0, 4, 2, 5, 0, 44, 1, 43, 0, 4, 5, 0, 5, 1, 0, 0, 3, 2, 4, 1, 0, 0, 1, 2, 3, 1, 41, 1, 0, 4, 2, 0, 4, 0, 0, 2, 4, 4, 0, 0, 5, 1, 4, 5, 2, 2, 1, 5, 5, 0, 0, 0, 1, 0, 0, 0, 44, 0, 4, 0, 3, 0, 1, 0, 0, 2, 0, 0, 0, 0, 3, : 44, 1, 44, 2, 4, 5, 5, 2, 2, 4, 42, 5, 3, 1, 5, 3, 1, 5, 4, 4, 2, 5, 44, 1, 43, 4, 5, 5, 1, 3, 2, 4, 1, 1, 2, 3, 1, 41, 1, 4, 2, 4, 2, 4, 4, 5, 1, 4, 5, 2, 2, 1, 5, 5, 1, 44, 4, 3, 1, 2, 3, 
429: 1, 2, 0, 0, 0, 2, 0, 0, 0, 1, 0, 1, 0, 43, 0, 43, 5, 0, 2, 44, 0, 0, 5, 42, 0, 0, 0, 0, 0, 5, 0, 2, 5, 0, 3, 0, 0, 5, 2, 5, 0, 0, 2, 3, 1, 1, 0, 5, 41, 0, 3, 2, 3, 0, 5, 2, 4, 0, 0, 3, 0, 0, 2, 0, 0, 0, 5, 0, 5, 0, 1, 0, 0, 0, 0, 0, 1, 0, 4, 0, 5, 1, 0, 0, 0, 0, 3, 3, 1, 0, 0, 5, 0, 0, 1, 0, 0, 0, 0, 0, 1, 0, 0, 0, 4, 2, 0, 2, 0, 0, 0, 0, 1, 5, 1, 1, 0, 3, 44, 0, : 1, 2, 2, 1, 1, 43, 43, 5, 2, 44, 5, 42, 5, 2, 5, 3, 5, 2, 5, 2, 3, 1, 1, 5, 41, 3, 2, 3, 5, 2, 4, 3, 2, 5, 5, 1, 1, 4, 5, 1, 3, 3, 1, 5, 1, 1, 4, 2, 2, 1, 5, 1, 1, 3, 44, 
538: 5, 0, 0, 0, 0, 0, 5, 0, 1, 4, 0, 5, 0, 2, 0, 44, 3, 0, 5, 5, 0, 44, 0, 5, 3, 0, 0, 0, 0, 0, 0, 0, 0, 2, 0, 0, 1, 0, 0, 0, 3, 0, 0, 3, 5, 0, 0, 0, 0, 1, 3, 0, 0, 0, 42, 0, 0, 5, 0, 43, 1, 0, 3, 0, 0, 44, 5, 5, 3, 0, 4, 1, 3, 0, 0, 0, 0, 2, 0, 4, 3, 5, 4, 3, 1, 0, 2, 0, 1, 4, 2, 2, 3, 2, 0, 3, 0, 4, 0, 44, 3, 0, 0, 4, 1, 4, 0, 0, 0, 44, 0, 1, 2, 44, 42, 0, 3, 2, 0, 0, : 5, 5, 1, 4, 5, 2, 44, 3, 5, 5, 44, 5, 3, 2, 1, 3, 3, 5, 1, 3, 42, 5, 43, 1, 3, 44, 5, 5, 3, 4, 1, 3, 2, 4, 3, 5, 4, 3, 1, 2, 1, 4, 2, 2, 3, 2, 3, 4, 44, 3, 4, 1, 4, 44, 1, 2, 44, 42, 3, 2, 
525: 3, 3, 2, 0, 0, 0, 1, 0, 0, 2, 5, 0, 0, 1, 2, 2, 2, 0, 0, 44, 0, 0, 3, 1, 0, 42, 0, 0, 0, 4, 0, 0, 0, 5, 0, 0, 0, 4, 1, 0, 1, 41, 3, 5, 3, 0, 3, 0, 4, 4, 0, 3, 0, 0, 0, 1, 5, 1, 1, 0, 1, 0, 44, 0, 2, 1, 0, 0, 0, 2, 41, 1, 5, 2, 0, 0, 3, 1, 0, 3, 3, 3, 1, 2, 3, 4, 5, 2, 0, 0, 3, 1, 4, 3, 5, 0, 0, 0, 0, 41, 2, 0, 1, 0, 0, 0, 0, 41, 5, 0, 0, 42, 0, 41, 0, 4, 0, 5, 0, 0, : 3, 3, 2, 1, 2, 5, 1, 2, 2, 2, 44, 3, 1, 42, 4, 5, 4, 1, 1, 41, 3, 5, 3, 3, 4, 4, 3, 1, 5, 1, 1, 1, 44, 2, 1, 2, 41, 1, 5, 2, 3, 1, 3, 3, 3, 1, 2, 3, 4, 5, 2, 3, 1, 4, 3, 5, 41, 2, 1, 41, 5, 42, 41, 4, 5, 
236: 0, 0, 4, 0, 0, 3, 0, 0, 1, 0, 0, 1, 2, 1, 0, 0, 0, 0, 0, 5, 0, 1, 1, 0, 0, 5, 43, 0, 0, 4, 2, 2, 0, 0, 0, 0, 1, 2, 0, 2, 0, 5, 2, 1, 4, 0, 2, 4, 0, 0, 0, 0, 0, 0, 0, 44, 0, 0, 1, 4, 0, 4, 0, 4, 0, 5, 0, 5, 5, 0, 4, 0, 3, 42, 2, 0, 3, 5, 0, 3, 4, 5, 4, 0, 4, 0, 3, 0, 1, 1, 3, 41, 0, 0, 1, 44, 0, 1, 0, 0, 0, 0, 42, 0, 2, 5, 0, 0, 0, 5, 0, 0, 4, 0, 3, 3, 0, 1, 0, 0, : 4, 3, 1, 1, 2, 1, 5, 1, 1, 5, 43, 4, 2, 2, 1, 2, 2, 5, 2, 1, 4, 2, 4, 44, 1, 4, 4, 4, 5, 5, 5, 4, 3, 42, 2, 3, 5, 3, 4, 5, 4, 4, 3, 1, 1, 3, 41, 1, 44, 1, 42, 2, 5, 5, 4, 3, 3, 1, 
399: 5, 5, 0, 0, 5, 0, 2, 5, 3, 0, 0, 0, 0, 0, 0, 0, 0, 0, 4, 4, 44, 0, 40, 1, 43, 0, 0, 0, 0, 4, 0, 1, 0, 0, 0, 2, 0, 0, 0, 2, 1, 0, 2, 0, 0, 0, 1, 41, 0, 5, 1, 4, 2, 3, 0, 4, 0, 1, 40, 0, 5, 2, 43, 0, 41, 5, 0, 4, 1, 0, 0, 5, 0, 1, 40, 0, 0, 2, 5, 0, 5, 2, 2, 5, 1, 0, 3, 0, 3, 0, 1, 1, 0, 0, 0, 0, 3, 2, 0, 1, 0, 2, 41, 0, 0, 0, 2, 0, 4, 0, 0, 0, 0, 0, 0, 43, 0, 0, 0, 0, : 5, 5, 5, 2, 5, 3, 4, 4, 44, 40, 1, 43, 4, 1, 2, 2, 1, 2, 1, 41, 5, 1, 4, 2, 3, 4, 1, 40, 5, 2, 43, 41, 5, 4, 1, 5, 1, 40, 2, 5, 5, 2, 2, 5, 1, 3, 3, 1, 1, 3, 2, 1, 2, 41, 2, 4, 43, 
425: 3, 4, 0, 0, 0, 0, 2, 0, 0, 0, 0, 0, 0, 1, 0, 1, 42, 0, 0, 2, 5, 3, 5, 1, 0, 0, 0, 0, 43, 40, 2, 1, 1, 40, 4, 0, 4, 0, 0, 3, 0, 0, 5, 3, 4, 0, 2, 0, 5, 5, 0, 3, 4, 43, 1, 2, 0, 0, 0, 5, 0, 0, 0, 0, 0, 3, 0, 0, 5, 3, 0, 0, 43, 5, 0, 0, 0, 41, 1, 0, 0, 0, 0, 0, 4, 0, 1, 0, 0, 2, 4, 42, 0, 0, 0, 5, 0, 0, 4, 44, 0, 0, 0, 4, 0, 0, 44, 0, 0, 0, 0, 0, 2, 0, 0, 5, 0, 5, 0, 0, : 3, 4, 2, 1, 1, 42, 2, 5, 3, 5, 1, 43, 40, 2, 1, 1, 40, 4, 4, 3, 5, 3, 4, 2, 5, 5, 3, 4, 43, 1, 2, 5, 3, 5, 3, 43, 5, 41, 1, 4, 1, 2, 4, 42, 5, 4, 44, 4, 44, 2, 5, 5, 
595: 0, 40, 0, 3, 2, 5, 5, 0, 3, 0, 0, 4, 0, 5, 0, 0, 1, 0, 3, 2, 43, 1, 2, 0, 0, 3, 0, 5, 0, 0, 4, 1, 2, 0, 3, 0, 0, 4, 5, 0, 5, 0, 2, 0, 5, 0, 0, 0, 1, 1, 0, 5, 1, 5, 0, 3, 4, 0, 0, 44, 0, 4, 0, 0, 0, 0, 0, 0, 0, 0, 0, 0, 0, 0, 0, 3, 0, 3, 2, 0, 3, 5, 0, 3, 2, 0, 2, 0, 2, 0, 0, 0, 0, 4, 2, 0, 0, 0, 2, 0, 0, 0, 4, 5, 0, 0, 0, 43, 0, 1, 0, 0, 0, 44, 0, 0, 1, 0, 0, 0, : 40, 3, 2, 5, 5, 3, 4, 5, 1, 3, 2, 43, 1, 2, 3, 5, 4, 1, 2, 3, 4, 5, 5, 2, 5, 1, 1, 5, 1, 5, 3, 4, 44, 4, 3, 3, 2, 3, 5, 3, 2, 2, 2, 4, 2, 2, 4, 5, 43, 1, 44, 1, 
388: 0, 1, 0, 0, 0, 0, 0, 0, 0, 40, 1, 0, 4, 3, 0, 3, 4, 40, 3, 1, 0, 0, 5, 42, 0, 0, 44, 0, 0, 4, 0, 0, 0, 0, 2, 0, 2, 3, 0, 5, 5, 2, 4, 1, 0, 0, 3, 1, 0, 0, 2, 0, 0, 0, 2, 4, 0, 3, 0, 0, 3, 0, 0, 0, 40, 2, 43, 0, 3, 0, 0, 0, 3, 0, 42, 5, 5, 0, 4, 1, 5, 0, 43, 0, 1, 0, 0, 1, 1, 43, 0, 0, 0, 5, 0, 5, 4, 0, 0, 0, 0, 0, 2, 0, 0, 0, 1, 0, 0, 1, 42, 0, 0, 0, 3, 4, 0, 42, 0, 44, : 1, 40, 1, 4, 3, 3, 4, 40, 3, 1, 5, 42, 44, 4, 2, 2, 3, 5, 5, 2, 4, 1, 3, 1, 2, 2, 4, 3, 3, 40, 2, 43, 3, 3, 42, 5, 5, 4, 1, 5, 43, 1, 1, 1, 43, 5, 5, 4, 2, 1, 1, 42, 3, 4, 42, 44, 
284: 0, 5, 4, 5, 0, 0, 0, 42, 0, 0, 44, 3, 3, 0, 0, 5, 0, 0, 1, 2, 1, 0, 3, 4, 44, 1, 0, 0, 0, 0, 0, 5, 41, 3, 0, 0, 2, 0, 0, 0, 0, 5, 4, 4, 5, 0, 1, 1, 0, 2, 3, 1, 44, 0, 1, 0, 4, 0, 5, 0, 0, 4, 0, 0, 0, 2, 0, 0, 4, 0, 4, 43, 3, 3, 1, 0, 0, 2, 0, 0, 0, 2, 5, 0, 3, 2, 44, 0, 0, 0, 1, 4, 4, 0, 0, 0, 0, 1, 2, 0, 2, 0, 0, 0, 0, 0, 41, 0, 2, 3, 0, 4, 5, 1, 3, 0, 0, 5, 0, 40, : 5, 4, 5, 42, 44, 3, 3, 5, 1, 2, 1, 3, 4, 44, 1, 5, 41, 3, 2, 5, 4, 4, 5, 1, 1, 2, 3, 1, 44, 1, 4, 5, 4, 2, 4, 4, 43, 3, 3, 1, 2, 2, 5, 3, 2, 44, 1, 4, 4, 1, 2, 2, 41, 2, 3, 4, 5, 1, 3, 5, 40, 
262: 0, 4, 2, 5, 0, 1, 0, 0, 4, 0, 4, 3, 1, 1, 4, 3, 5, 0, 0, 0, 0, 0, 5, 0, 42, 0, 2, 0, 0, 0, 0, 2, 0, 4, 5, 41, 42, 0, 1, 0, 2, 2, 2, 0, 0, 1, 41, 0, 2, 41, 42, 1, 5, 2, 5, 1, 2, 0, 4, 2, 0, 4, 0, 0, 0, 1, 0, 0, 0, 0, 3, 0, 0, 1, 0, 0, 5, 5, 0, 3, 0, 5, 0, 0, 0, 0, 0, 5, 3, 0, 0, 0, 3, 0, 0, 43, 1, 0, 4, 0, 5, 1, 0, 3, 0, 2, 0, 3, 0, 0, 0, 3, 5, 3, 0, 1, 1, 0, 0, 0, : 4, 2, 5, 1, 4, 4, 3, 1, 1, 4, 3, 5, 5, 42, 2, 2, 4, 5, 41, 42, 1, 2, 2, 2, 1, 41, 2, 41, 42, 1, 5, 2, 5, 1, 2, 4, 2, 4, 1, 3, 1, 5, 5, 3, 5, 5, 3, 3, 43, 1, 4, 5, 1, 3, 2, 3, 3, 5, 3, 1, 1, 
85: 0, 3, 0, 4, 0, 0, 0, 2, 0, 40, 0, 0, 0, 3, 43, 0, 0, 4, 41, 0, 2, 0, 1, 0, 40, 44, 0, 0, 0, 4, 0, 0, 0, 0, 5, 3, 0, 43, 0, 0, 0, 2, 3, 0, 4, 0, 0, 2, 0, 1, 2, 0, 3, 1, 0, 1, 0, 0, 3, 0, 0, 43, 0, 0, 41, 3, 0, 0, 0, 5, 4, 3, 0, 0, 0, 0, 0, 2, 5, 0, 2, 0, 0, 0, 1, 0, 0, 0, 0, 0, 1, 3, 2, 0, 3, 2, 2, 0, 0, 0, 1, 3, 3, 42, 0, 0, 0, 0, 3, 0, 5, 0, 4, 5, 0, 1, 0, 0, 3, 0, : 3, 4, 2, 40, 3, 43, 4, 41, 2, 1, 40, 44, 4, 5, 3, 43, 2, 3, 4, 2, 1, 2, 3, 1, 1, 3, 43, 41, 3, 5, 4, 3, 2, 5, 2, 1, 1, 3, 2, 3, 2, 2, 1, 3, 3, 42, 3, 5, 4, 5, 1, 3, 
377: 0, 2, 1, 4, 3, 0, 0, 0, 0, 2, 2, 2, 0, 3, 0, 1, 3, 40, 0, 3, 0, 0, 3, 0, 2, 0, 2, 5, 0, 2, 0, 4, 0, 0, 3, 0, 44, 0, 1, 0, 4, 0, 4, 5, 2, 0, 0, 3, 0, 0, 4, 42, 41, 0, 1, 0, 0, 0, 3, 40, 5, 0, 40, 0, 0, 0, 5, 0, 2, 44, 0, 4, 0, 0, 2, 0, 3, 2, 0, 3, 40, 4, 0, 0, 5, 44, 0, 2, 1, 4, 0, 5, 41, 4, 0, 4, 2, 0, 0, 2, 0, 2, 5, 0, 4, 0, 0, 0, 2, 4, 0, 0, 0, 3, 0, 1, 0, 0, 0, 0, : 2, 1, 4, 3, 2, 2, 2, 3, 1, 3, 40, 3, 3, 2, 2, 5, 2, 4, 3, 44, 1, 4, 4, 5, 2, 3, 4, 42, 41, 1, 3, 40, 5, 40, 5, 2, 44, 4, 2, 3, 2, 3, 40, 4, 5, 44, 2, 1, 4, 5, 41, 4, 4, 2, 2, 2, 5, 4, 2, 4, 3, 1, 
393: 2, 1, 5, 1, 4, 4, 1, 4, 0, 0, 1, 41, 0, 2, 0, 0, 0, 0, 2, 4, 2, 0, 0, 1, 2, 44, 0, 5, 0, 3, 0, 1, 4, 5, 0, 0, 0, 0, 1, 4, 1, 1, 0, 0, 0, 2, 0, 0, 1, 0, 1, 0, 5, 0, 1, 0, 3, 2, 0, 0, 4, 0, 5, 4, 42, 0, 0, 5, 4, 0, 0, 0, 0, 5, 0, 5, 0, 0, 0, 0, 0, 4, 0, 4, 2, 0, 0, 41, 0, 0, 0, 0, 5, 0, 0, 3, 0, 0, 4, 2, 0, 0, 5, 5, 0, 4, 0, 5, 2, 2, 0, 0, 0, 1, 1, 41, 0, 0, 4, 5, : 2, 1, 5, 1, 4, 4, 1, 4, 1, 41, 2, 2, 4, 2, 1, 2, 44, 5, 3, 1, 4, 5, 1, 4, 1, 1, 2, 1, 1, 5, 1, 3, 2, 4, 5, 4, 42, 5, 4, 5, 5, 4, 4, 2, 41, 5, 3, 4, 2, 5, 5, 4, 5, 2, 2, 1, 1, 41, 4, 5, 
349: 41, 0, 2, 0, 0, 0, 0, 0, 4, 5, 4, 2, 0, 0, 2, 4, 0, 1, 0, 44, 0, 5, 4, 0, 0, 1, 0, 2, 0, 2, 0, 1, 0, 2, 0, 0, 0, 0, 0, 4, 4, 0, 4, 3, 0, 0, 5, 0, 0, 0, 1, 0, 0, 0, 4, 0, 0, 0, 4, 0, 0, 0, 0, 0, 0, 0, 2, 0, 3, 0, 0, 5, 5, 1, 4, 0, 2, 3, 0, 0, 4, 0, 0, 0, 0, 0, 1, 0, 1, 0, 2, 4, 0, 42, 1, 1, 4, 2, 0, 5, 0, 0, 0, 41, 0, 4, 0, 0, 0, 0, 0, 3, 0, 0, 0, 0, 0, 0, 3, 0, : 41, 2, 4, 5, 4, 2, 2, 4, 1, 44, 5, 4, 1, 2, 2, 1, 2, 4, 4, 4, 3, 5, 1, 4, 4, 2, 3, 5, 5, 1, 4, 2, 3, 4, 1, 1, 2, 4, 42, 1, 1, 4, 2, 5, 41, 4, 3, 3, 
431: 0, 0, 1, 0, 4, 3, 0, 0, 5, 0, 0, 0, 5, 0, 0, 1, 4, 2, 0, 2, 0, 0, 0, 0, 4, 0, 2, 5, 0, 0, 0, 5, 40, 0, 1, 0, 0, 0, 0, 3, 3, 40, 0, 2, 3, 4, 2, 2, 0, 0, 2, 5, 0, 0, 4, 4, 0, 4, 1, 3, 0, 0, 3, 5, 0, 3, 0, 0, 40, 0, 41, 0, 3, 3, 0, 0, 5, 1, 0, 1, 0, 41, 1, 44, 4, 0, 0, 0, 0, 0, 0, 3, 0, 2, 0, 0, 0, 0, 44, 2, 0, 40, 2, 0, 0, 0, 5, 0, 1, 1, 0, 5, 0, 2, 0, 5, 0, 0, 4, 3, : 1, 4, 3, 5, 5, 1, 4, 2, 2, 4, 2, 5, 5, 40, 1, 3, 3, 40, 2, 3, 4, 2, 2, 2, 5, 4, 4, 4, 1, 3, 3, 5, 3, 40, 41, 3, 3, 5, 1, 1, 41, 1, 44, 4, 3, 2, 44, 2, 40, 2, 5, 1, 1, 5, 2, 5, 4, 3, 
482: 44, 3, 2, 0, 5, 0, 2, 3, 5, 5, 5, 0, 0, 0, 0, 0, 0, 0, 0, 43, 2, 0, 2, 0, 0, 2, 4, 4, 0, 0, 4, 5, 0, 2, 0, 0, 2, 1, 0, 5, 0, 1, 5, 0, 44, 1, 0, 0, 44, 41, 0, 3, 0, 0, 1, 1, 0, 1, 3, 0, 42, 0, 1, 0, 0, 3, 2, 0, 1, 5, 0, 0, 0, 0, 0, 0, 0, 3, 2, 0, 1, 3, 5, 4, 1, 40, 0, 3, 4, 0, 3, 1, 0, 0, 2, 1, 0, 4, 0, 4, 40, 44, 0, 0, 0, 2, 0, 0, 3, 0, 4, 2, 0, 5, 0, 0, 0, 0, 5, 5, : 44, 3, 2, 5, 2, 3, 5, 5, 5, 43, 2, 2, 2, 4, 4, 4, 5, 2, 2, 1, 5, 1, 5, 44, 1, 44, 41, 3, 1, 1, 1, 3, 42, 1, 3, 2, 1, 5, 3, 2, 1, 3, 5, 4, 1, 40, 3, 4, 3, 1, 2, 1, 4, 4, 40, 44, 2, 3, 4, 2, 5, 5, 5, 
457: 5, 0, 0, 0, 0, 0, 2, 0, 0, 1, 1, 2, 0, 0, 4, 4, 0, 5, 5, 43, 0, 0, 5, 0, 0, 5, 0, 41, 3, 0, 5, 4, 0, 43, 5, 44, 4, 0, 0, 43, 5, 0, 5, 0, 0, 5, 3, 0, 4, 2, 42, 0, 3, 5, 4, 0, 0, 0, 4, 0, 3, 0, 0, 0, 0, 1, 0, 42, 1, 0, 3, 0, 0, 0, 43, 2, 0, 3, 43, 1, 0, 4, 0, 0, 0, 4, 4, 0, 1, 2, 0, 2, 2, 0, 2, 0, 1, 0, 2, 4, 0, 0, 0, 41, 5, 3, 0, 4, 0, 3, 5, 2, 1, 0, 0, 5, 0, 0, 3, 0, : 5, 2, 1, 1, 2, 4, 4, 5, 5, 43, 5, 5, 41, 3, 5, 4, 43, 5, 44, 4, 43, 5, 5, 5, 3, 4, 2, 42, 3, 5, 4, 4, 3, 1, 42, 1, 3, 43, 2, 3, 43, 1, 4, 4, 4, 1, 2, 2, 2, 2, 1, 2, 4, 41, 5, 3, 4, 3, 5, 2, 1, 5, 3, 
320: 0, 4, 41, 43, 1, 5, 1, 0, 0, 0, 44, 2, 2, 0, 1, 2, 0, 3, 0, 4, 0, 0, 4, 3, 1, 0, 5, 4, 2, 0, 0, 5, 0, 0, 0, 1, 5, 0, 43, 2, 1, 0, 1, 0, 5, 4, 4, 4, 0, 0, 4, 0, 4, 1, 0, 5, 0, 0, 2, 0, 3, 0, 2, 4, 44, 2, 0, 0, 5, 0, 4, 2, 3, 2, 0, 1, 0, 0, 42, 0, 1, 3, 0, 3, 2, 0, 3, 1, 0, 4, 41, 2, 0, 1, 0, 1, 0, 0, 0, 0, 0, 1, 5, 1, 2, 0, 0, 0, 0, 5, 1, 0, 0, 4, 0, 0, 0, 0, 42, 5, : 4, 41, 43, 1, 5, 1, 44, 2, 2, 1, 2, 3, 4, 4, 3, 1, 5, 4, 2, 5, 1, 5, 43, 2, 1, 1, 5, 4, 4, 4, 4, 4, 1, 5, 2, 3, 2, 4, 44, 2, 5, 4, 2, 3, 2, 1, 42, 1, 3, 3, 2, 3, 1, 4, 41, 2, 1, 1, 1, 5, 1, 2, 5, 1, 4, 42, 5, 
420: 0, 3, 0, 0, 3, 0, 1, 0, 0, 3, 0, 5, 44, 2, 0, 0, 4, 0, 0, 4, 0, 2, 4, 2, 1, 0, 0, 5, 5, 2, 0, 0, 0, 5, 0, 0, 3, 2, 40, 0, 0, 4, 0, 0, 42, 0, 1, 0, 4, 0, 4, 0, 0, 3, 41, 0, 5, 0, 0, 0, 0, 1, 1, 0, 0, 43, 2, 41, 4, 2, 3, 4, 5, 1, 0, 3, 0, 2, 0, 3, 1, 2, 0, 0, 0, 3, 1, 2, 0, 42, 4, 0, 4, 4, 0, 2, 40, 1, 4, 4, 5, 1, 4, 5, 0, 0, 0, 0, 0, 0, 0, 43, 1, 0, 0, 0, 0, 4, 41, 0, : 3, 3, 1, 3, 5, 44, 2, 4, 4, 2, 4, 2, 1, 5, 5, 2, 5, 3, 2, 40, 4, 42, 1, 4, 4, 3, 41, 5, 1, 1, 43, 2, 41, 4, 2, 3, 4, 5, 1, 3, 2, 3, 1, 2, 3, 1, 2, 42, 4, 4, 4, 2, 40, 1, 4, 4, 5, 1, 4, 5, 43, 1, 4, 41, 
12: 0, 4, 2, 4, 1, 0, 2, 0, 0, 3, 0, 2, 40, 5, 5, 2, 0, 0, 3, 0, 0, 0, 0, 0, 0, 0, 0, 2, 0, 0, 0, 0, 3, 0, 5, 0, 0, 43, 4, 0, 0, 0, 1, 2, 0, 0, 1, 1, 0, 0, 2, 0, 0, 0, 5, 2, 0, 1, 4, 0, 1, 3, 0, 5, 0, 0, 0, 0, 1, 3, 1, 0, 0, 40, 1, 1, 0, 4, 0, 1, 4, 0, 4, 0, 0, 0, 0, 0, 5, 2, 0, 4, 0, 5, 0, 0, 44, 3, 0, 1, 0, 4, 2, 0, 0, 2, 0, 3, 1, 2, 40, 0, 3, 0, 5, 0, 0, 0, 0, 4, : 4, 2, 4, 1, 2, 3, 2, 40, 5, 5, 2, 3, 2, 3, 5, 43, 4, 1, 2, 1, 1, 2, 5, 2, 1, 4, 1, 3, 5, 1, 3, 1, 40, 1, 1, 4, 1, 4, 4, 5, 2, 4, 5, 44, 3, 1, 4, 2, 2, 3, 1, 2, 40, 3, 5, 4, 
506: 3, 0, 0, 0, 4, 2, 5, 1, 0, 0, 0, 0, 0, 5, 5, 5, 44, 5, 0, 0, 0, 0, 0, 0, 0, 1, 43, 1, 4, 1, 5, 4, 0, 0, 4, 5, 42, 0, 0, 0, 0, 1, 4, 4, 0, 0, 1, 2, 4, 0, 0, 4, 0, 0, 3, 3, 0, 0, 0, 2, 2, 1, 0, 0, 42, 2, 1, 0, 4, 0, 0, 42, 1, 0, 3, 41, 0, 5, 0, 0, 5, 4, 1, 1, 3, 0, 3, 1, 0, 5, 3, 4, 40, 0, 0, 5, 5, 44, 0, 2, 0, 2, 0, 0, 4, 3, 0, 1, 5, 3, 0, 1, 1, 2, 4, 0, 0, 0, 0, 0, : 3, 4, 2, 5, 1, 5, 5, 5, 44, 5, 1, 43, 1, 4, 1, 5, 4, 4, 5, 42, 1, 4, 4, 1, 2, 4, 4, 3, 3, 2, 2, 1, 42, 2, 1, 4, 42, 1, 3, 41, 5, 5, 4, 1, 1, 3, 3, 1, 5, 3, 4, 40, 5, 5, 44, 2, 2, 4, 3, 1, 5, 3, 1, 1, 2, 4, 
56: 2, 3, 2, 0, 0, 0, 0, 0, 0, 0, 2, 0, 0, 3, 2, 0, 0, 43, 3, 4, 2, 0, 3, 0, 0, 4, 1, 0, 0, 0, 0, 0, 0, 3, 4, 41, 1, 0, 3, 5, 5, 0, 1, 4, 0, 0, 0, 0, 3, 4, 0, 5, 2, 0, 5, 5, 0, 3, 3, 0, 0, 0, 5, 2, 0, 0, 3, 3, 4, 2, 43, 44, 0, 4, 4, 5, 4, 41, 0, 4, 0, 3, 3, 0, 3, 0, 3, 4, 0, 0, 4, 5, 2, 0, 0, 0, 0, 0, 0, 0, 0, 0, 44, 0, 0, 5, 0, 0, 0, 1, 1, 0, 2, 3, 0, 1, 4, 40, 2, 0, : 2, 3, 2, 2, 3, 2, 43, 3, 4, 2, 3, 4, 1, 3, 4, 41, 1, 3, 5, 5, 1, 4, 3, 4, 5, 2, 5, 5, 3, 3, 5, 2, 3, 3, 4, 2, 43, 44, 4, 4, 5, 4, 41, 4, 3, 3, 3, 3, 4, 4, 5, 2, 44, 5, 1, 1, 2, 3, 1, 4, 40, 2, 
217: 0, 1, 3, 3, 4, 0, 3, 3, 40, 0, 3, 0, 40, 0, 0, 4, 0, 0, 0, 4, 0, 43, 0, 2, 0, 4, 1, 2, 0, 41, 0, 3, 0, 40, 0, 0, 0, 0, 0, 2, 1, 4, 2, 0, 0, 0, 1, 0, 44, 0, 0, 0, 0, 0, 0, 1, 42, 5, 4, 4, 1, 1, 0, 1, 0, 5, 0, 4, 0, 0, 3, 0, 0, 0, 0, 0, 0, 1, 1, 0, 4, 5, 0, 0, 0, 0, 4, 0, 0, 0, 2, 1, 0, 3, 0, 0, 3, 1, 0, 1, 0, 0, 2, 4, 1, 0, 0, 0, 3, 4, 3, 1, 4, 0, 0, 3, 0, 0, 3, 1, : 1, 3, 3, 4, 3, 3, 40, 3, 40, 4, 4, 43, 2, 4, 1, 2, 41, 3, 40, 2, 1, 4, 2, 1, 44, 1, 42, 5, 4, 4, 1, 1, 1, 5, 4, 3, 1, 1, 4, 5, 4, 2, 1, 3, 3, 1, 1, 2, 4, 1, 3, 4, 3, 1, 4, 3, 3, 1, 
458: 41, 5, 40, 1, 0, 2, 0, 4, 2, 0, 0, 0, 0, 0, 1, 0, 1, 0, 4, 3, 43, 0, 3, 0, 4, 0, 1, 0, 0, 3, 0, 5, 5, 2, 5, 1, 0, 44, 4, 0, 0, 41, 4, 2, 0, 0, 0, 2, 1, 3, 43, 4, 0, 0, 3, 3, 0, 0, 5, 2, 0, 1, 1, 0, 1, 3, 0, 0, 2, 41, 0, 1, 3, 1, 1, 5, 0, 1, 0, 40, 42, 3, 4, 0, 3, 0, 1, 2, 1, 0, 0, 0, 0, 44, 0, 0, 4, 3, 4, 2, 0, 0, 0, 0, 0, 0, 0, 2, 43, 3, 0, 0, 41, 1, 0, 41, 0, 3, 0, 0, : 41, 5, 40, 1, 2, 4, 2, 1, 1, 4, 3, 43, 3, 4, 1, 3, 5, 5, 2, 5, 1, 44, 4, 41, 4, 2, 2, 1, 3, 43, 4, 3, 3, 5, 2, 1, 1, 1, 3, 2, 41, 1, 3, 1, 1, 5, 1, 40, 42, 3, 4, 3, 1, 2, 1, 44, 4, 3, 4, 2, 2, 43, 3, 41, 1, 41, 3, 
260: 3, 5, 0, 2, 4, 2, 0, 0, 0, 1, 3, 0, 3, 4, 0, 0, 4, 0, 3, 0, 4, 0, 1, 0, 0, 5, 2, 5, 5, 1, 43, 0, 4, 0, 1, 0, 1, 0, 0, 0, 2, 40, 0, 1, 0, 1, 2, 0, 44, 2, 4, 3, 3, 3, 0, 0, 0, 2, 0, 2, 1, 4, 5, 4, 5, 5, 0, 0, 4, 41, 4, 4, 3, 0, 2, 4, 5, 0, 0, 0, 0, 4, 0, 3, 3, 3, 0, 43, 0, 0, 0, 1, 4, 1, 0, 4, 3, 3, 5, 0, 0, 2, 2, 0, 0, 0, 0, 0, 3, 0, 3, 0, 5, 3, 0, 0, 0, 0, 42, 0, : 3, 5, 2, 4, 2, 1, 3, 3, 4, 4, 3, 4, 1, 5, 2, 5, 5, 1, 43, 4, 1, 1, 2, 40, 1, 1, 2, 44, 2, 4, 3, 3, 3, 2, 2, 1, 4, 5, 4, 5, 5, 4, 41, 4, 4, 3, 2, 4, 5, 4, 3, 3, 3, 43, 1, 4, 1, 4, 3, 3, 5, 2, 2, 3, 3, 5, 3, 42, 
371: 4, 0, 0, 0, 2, 3, 0, 0, 0, 2, 3, 0, 0, 2, 0, 0, 1, 0, 0, 1, 0, 0, 1, 0, 0, 0, 0, 4, 0, 5, 44, 3, 4, 0, 2, 0, 0, 0, 5, 0, 0, 4, 0, 2, 5, 3, 0, 5, 0, 0, 3, 0, 0, 1, 3, 1, 4, 42, 0, 0, 5, 2, 0, 1, 4, 0, 3, 0, 4, 1, 4, 0, 2, 0, 0, 4, 4, 5, 0, 0, 2, 1, 0, 0, 3, 0, 0, 0, 4, 3, 1, 3, 0, 0, 0, 4, 0, 4, 1, 0, 2, 5, 2, 2, 41, 1, 0, 5, 0, 0, 0, 1, 4, 2, 4, 4, 0, 0, 1, 0, : 4, 2, 3, 2, 3, 2, 1, 1, 1, 4, 5, 44, 3, 4, 2, 5, 4, 2, 5, 3, 5, 3, 1, 3, 1, 4, 42, 5, 2, 1, 4, 3, 4, 1, 4, 2, 4, 4, 5, 2, 1, 3, 4, 3, 1, 3, 4, 4, 1, 2, 5, 2, 2, 41, 1, 5, 1, 4, 2, 4, 4, 1, 
533: 0, 40, 42, 0, 0, 0, 0, 41, 3, 0, 2, 2, 2, 0, 4, 0, 0, 0, 43, 4, 1, 2, 1, 0, 3, 0, 1, 40, 4, 5, 0, 4, 0, 0, 2, 4, 3, 0, 0, 3, 0, 0, 1, 0, 0, 0, 0, 0, 5, 0, 2, 5, 5, 5, 0, 44, 1, 3, 42, 3, 4, 0, 4, 0, 1, 0, 2, 2, 4, 0, 3, 3, 3, 5, 0, 1, 5, 0, 5, 4, 0, 3, 0, 0, 2, 3, 5, 0, 0, 0, 0, 5, 0, 0, 0, 0, 0, 4, 5, 2, 1, 0, 4, 5, 0, 0, 3, 0, 0, 0, 0, 0, 0, 0, 0, 0, 3, 3, 41, 1, : 40, 42, 41, 3, 2, 2, 2, 4, 43, 4, 1, 2, 1, 3, 1, 40, 4, 5, 4, 2, 4, 3, 3, 1, 5, 2, 5, 5, 5, 44, 1, 3, 42, 3, 4, 4, 1, 2, 2, 4, 3, 3, 3, 5, 1, 5, 5, 4, 3, 2, 3, 5, 5, 4, 5, 2, 1, 4, 5, 3, 3, 3, 41, 1, 
496: 2, 0, 0, 0, 0, 1, 0, 0, 0, 2, 4, 5, 4, 0, 0, 0, 0, 0, 2, 1, 43, 0, 0, 0, 0, 5, 0, 4, 0, 0, 0, 3, 1, 3, 0, 0, 1, 0, 0, 3, 3, 3, 0, 0, 0, 4, 0, 0, 0, 0, 0, 0, 1, 0, 0, 0, 0, 0, 1, 0, 4, 3, 40, 0, 1, 4, 2, 0, 4, 5, 0, 0, 5, 0, 0, 0, 2, 5, 0, 0, 0, 2, 0, 0, 41, 0, 0, 2, 0, 0, 2, 5, 0, 0, 0, 0, 1, 0, 0, 0, 41, 0, 5, 0, 44, 1, 0, 1, 0, 5, 44, 5, 3, 0, 0, 1, 3, 0, 0, 0, : 2, 1, 2, 4, 5, 4, 2, 1, 43, 5, 4, 3, 1, 3, 1, 3, 3, 3, 4, 1, 1, 4, 3, 40, 1, 4, 2, 4, 5, 5, 2, 5, 2, 41, 2, 2, 5, 1, 41, 5, 44, 1, 1, 5, 44, 5, 3, 1, 3, 
477: 0, 1, 0, 2, 0, 3, 0, 0, 0, 0, 4, 0, 0, 0, 0, 3, 0, 0, 0, 3, 0, 0, 0, 1, 5, 0, 0, 4, 0, 5, 0, 2, 0, 3, 42, 42, 0, 5, 43, 3, 0, 0, 0, 2, 1, 1, 3, 0, 0, 0, 3, 1, 4, 0, 5, 5, 0, 5, 1, 5, 0, 0, 0, 0, 0, 4, 3, 0, 0, 5, 2, 3, 0, 0, 0, 1, 0, 0, 5, 5, 2, 2, 0, 0, 1, 0, 2, 44, 0, 0, 1, 0, 0, 2, 0, 5, 0, 3, 0, 0, 0, 3, 0, 1, 0, 0, 0, 0, 3, 0, 2, 0, 0, 4, 2, 0, 3, 5, 0, 3, : 1, 2, 3, 4, 3, 3, 1, 5, 4, 5, 2, 3, 42, 42, 5, 43, 3, 2, 1, 1, 3, 3, 1, 4, 5, 5, 5, 1, 5, 4, 3, 5, 2, 3, 1, 5, 5, 2, 2, 1, 2, 44, 1, 2, 5, 3, 3, 1, 3, 2, 4, 2, 3, 5, 3, 
386: 0, 0, 0, 0, 0, 0, 3, 5, 3, 41, 0, 3, 0, 2, 0, 0, 1, 0, 41, 5, 3, 0, 5, 0, 5, 4, 2, 0, 4, 2, 0, 3, 1, 41, 0, 0, 0, 0, 0, 0, 5, 2, 1, 5, 0, 2, 5, 0, 2, 0, 5, 0, 5, 0, 2, 0, 5, 3, 1, 0, 3, 0, 0, 0, 0, 0, 1, 40, 0, 0, 40, 44, 0, 5, 3, 0, 2, 3, 0, 0, 4, 0, 0, 0, 0, 4, 0, 3, 4, 0, 0, 0, 4, 4, 43, 5, 5, 2, 0, 0, 0, 0, 0, 0, 40, 0, 0, 1, 0, 1, 4, 0, 0, 0, 0, 0, 43, 4, 5, 0, : 3, 5, 3, 41, 3, 2, 1, 41, 5, 3, 5, 5, 4, 2, 4, 2, 3, 1, 41, 5, 2, 1, 5, 2, 5, 2, 5, 5, 2, 5, 3, 1, 3, 1, 40, 40, 44, 5, 3, 2, 3, 4, 4, 3, 4, 4, 4, 43, 5, 5, 2, 40, 1, 1, 4, 43, 4, 5, 
70: 0, 0, 1, 1, 4, 1, 0, 0, 0, 5, 2, 0, 0, 0, 0, 0, 0, 0, 0, 0, 0, 1, 40, 5, 0, 0, 0, 0, 0, 1, 0, 4, 0, 0, 0, 2, 3, 0, 0, 1, 3, 4, 0, 2, 4, 3, 0, 4, 44, 0, 4, 3, 4, 0, 4, 2, 5, 1, 0, 5, 2, 0, 0, 2, 0, 41, 5, 0, 1, 0, 3, 0, 0, 0, 3, 3, 0, 3, 0, 0, 2, 4, 0, 2, 1, 0, 0, 0, 2, 0, 4, 2, 5, 1, 1, 2, 0, 1, 0, 4, 2, 0, 4, 41, 0, 0, 0, 0, 0, 5, 1, 0, 0, 0, 0, 0, 0, 4, 40, 0, : 1, 1, 4, 1, 5, 2, 1, 40, 5, 1, 4, 2, 3, 1, 3, 4, 2, 4, 3, 4, 44, 4, 3, 4, 4, 2, 5, 1, 5, 2, 2, 41, 5, 1, 3, 3, 3, 3, 2, 4, 2, 1, 2, 4, 2, 5, 1, 1, 2, 1, 4, 2, 4, 41, 5, 1, 4, 40, 
289: 0, 1, 0, 0, 42, 4, 0, 3, 0, 0, 2, 0, 0, 0, 1, 0, 0, 5, 4, 0, 5, 2, 0, 0, 0, 0, 0, 5, 0, 1, 40, 1, 41, 0, 2, 2, 41, 0, 0, 5, 44, 0, 3, 3, 4, 0, 1, 42, 0, 0, 1, 4, 0, 0, 0, 0, 0, 5, 0, 0, 40, 2, 0, 2, 0, 5, 0, 5, 3, 0, 2, 3, 0, 0, 5, 0, 0, 1, 4, 3, 1, 0, 0, 0, 0, 0, 0, 0, 1, 43, 4, 0, 4, 0, 43, 43, 2, 1, 1, 5, 0, 5, 0, 5, 5, 5, 0, 0, 5, 5, 0, 4, 2, 4, 5, 0, 0, 1, 0, 4, : 1, 42, 4, 3, 2, 1, 5, 4, 5, 2, 5, 1, 40, 1, 41, 2, 2, 41, 5, 44, 3, 3, 4, 1, 42, 1, 4, 5, 40, 2, 2, 5, 5, 3, 2, 3, 5, 1, 4, 3, 1, 1, 43, 4, 4, 43, 43, 2, 1, 1, 5, 5, 5, 5, 5, 5, 5, 4, 2, 4, 5, 1, 4, 
374: 2, 0, 4, 4, 2, 0, 5, 0, 3, 1, 0, 5, 0, 0, 0, 0, 4, 0, 3, 0, 0, 5, 2, 41, 2, 1, 5, 1, 3, 0, 0, 0, 0, 0, 0, 40, 3, 0, 4, 5, 5, 3, 4, 5, 2, 0, 5, 1, 0, 0, 4, 1, 0, 0, 0, 3, 0, 0, 0, 1, 3, 0, 0, 0, 0, 4, 5, 0, 4, 3, 1, 0, 0, 5, 0, 0, 0, 0, 0, 0, 1, 4, 0, 0, 2, 5, 2, 0, 4, 0, 4, 3, 3, 0, 0, 0, 1, 0, 0, 1, 0, 0, 0, 0, 0, 4, 3, 0, 2, 4, 2, 0, 0, 0, 0, 5, 0, 4, 0, 0, : 2, 4, 4, 2, 5, 3, 1, 5, 4, 3, 5, 2, 41, 2, 1, 5, 1, 3, 40, 3, 4, 5, 5, 3, 4, 5, 2, 5, 1, 4, 1, 3, 1, 3, 4, 5, 4, 3, 1, 5, 1, 4, 2, 5, 2, 4, 4, 3, 3, 1, 1, 4, 3, 2, 4, 2, 5, 4, 
125: 0, 5, 5, 0, 3, 4, 0, 0, 5, 44, 0, 0, 2, 0, 2, 0, 0, 44, 5, 0, 0, 0, 2, 0, 5, 4, 2, 4, 1, 0, 0, 0, 1, 0, 40, 0, 5, 0, 1, 4, 4, 42, 2, 1, 43, 0, 4, 0, 0, 5, 0, 1, 1, 0, 0, 0, 2, 0, 0, 0, 40, 3, 4, 43, 4, 0, 0, 3, 42, 0, 0, 44, 0, 3, 2, 5, 4, 4, 1, 0, 4, 0, 0, 2, 0, 0, 3, 0, 4, 0, 0, 0, 5, 3, 0, 0, 1, 0, 4, 1, 0, 0, 3, 0, 0, 1, 0, 0, 3, 0, 0, 0, 0, 5, 0, 0, 0, 0, 3, 2, : 5, 5, 3, 4, 5, 44, 2, 2, 44, 5, 2, 5, 4, 2, 4, 1, 1, 40, 5, 1, 4, 4, 42, 2, 1, 43, 4, 5, 1, 1, 2, 40, 3, 4, 43, 4, 3, 42, 44, 3, 2, 5, 4, 4, 1, 4, 2, 3, 4, 5, 3, 1, 4, 1, 3, 1, 3, 5, 3, 2, 
130: 5, 2, 5, 42, 2, 3, 0, 0, 0, 2, 0, 3, 0, 2, 1, 0, 0, 0, 0, 5, 0, 0, 0, 5, 2, 5, 0, 4, 43, 0, 2, 0, 0, 0, 2, 0, 0, 1, 2, 5, 0, 1, 0, 0, 4, 43, 0, 0, 0, 0, 0, 1, 0, 0, 4, 0, 2, 0, 5, 4, 5, 5, 0, 0, 3, 0, 3, 4, 2, 0, 3, 0, 0, 0, 0, 0, 0, 4, 1, 0, 5, 3, 0, 0, 1, 5, 1, 1, 0, 0, 4, 1, 5, 0, 0, 4, 0, 4, 0, 0, 40, 0, 3, 4, 0, 2, 43, 44, 0, 0, 1, 0, 4, 0, 0, 5, 0, 3, 0, 0, : 5, 2, 5, 42, 2, 3, 2, 3, 2, 1, 5, 5, 2, 5, 4, 43, 2, 2, 1, 2, 5, 1, 4, 43, 1, 4, 2, 5, 4, 5, 5, 3, 3, 4, 2, 3, 4, 1, 5, 3, 1, 5, 1, 1, 4, 1, 5, 4, 4, 40, 3, 4, 2, 43, 44, 1, 4, 5, 3, 
501: 0, 4, 40, 0, 0, 3, 0, 0, 1, 0, 3, 0, 0, 4, 1, 0, 0, 0, 3, 0, 0, 0, 0, 0, 4, 0, 0, 1, 0, 0, 0, 0, 2, 0, 0, 0, 0, 0, 0, 4, 0, 2, 1, 2, 1, 0, 2, 1, 1, 3, 0, 4, 5, 1, 1, 0, 2, 1, 0, 4, 0, 0, 0, 0, 0, 3, 0, 5, 1, 4, 0, 4, 4, 4, 1, 5, 5, 0, 0, 2, 2, 5, 0, 4, 5, 0, 1, 0, 0, 1, 2, 5, 0, 5, 2, 0, 5, 41, 1, 4, 0, 0, 0, 1, 0, 4, 4, 3, 2, 0, 0, 0, 4, 3, 1, 3, 3, 0, 1, 5, : 4, 40, 3, 1, 3, 4, 1, 3, 4, 1, 2, 4, 2, 1, 2, 1, 2, 1, 1, 3, 4, 5, 1, 1, 2, 1, 4, 3, 5, 1, 4, 4, 4, 4, 1, 5, 5, 2, 2, 5, 4, 5, 1, 1, 2, 5, 5, 2, 5, 41, 1, 4, 1, 4, 4, 3, 2, 4, 3, 1, 3, 3, 1, 5, 
188: 4, 4, 41, 0, 0, 0, 0, 43, 0, 0, 0, 1, 0, 4, 0, 0, 0, 0, 5, 0, 0, 2, 43, 0, 0, 0, 3, 0, 0, 0, 0, 0, 40, 0, 0, 0, 4, 2, 1, 2, 4, 0, 0, 40, 0, 0, 0, 5, 0, 0, 0, 5, 0, 0, 3, 4, 0, 0, 0, 3, 0, 2, 3, 2, 3, 0, 0, 0, 0, 0, 1, 0, 5, 0, 5, 5, 0, 5, 0, 3, 2, 1, 0, 4, 43, 0, 5, 43, 3, 0, 1, 2, 0, 4, 0, 3, 4, 3, 0, 5, 0, 2, 0, 0, 43, 0, 41, 5, 4, 1, 3, 4, 44, 0, 3, 0, 2, 3, 1, 0, : 4, 4, 41, 43, 1, 4, 5, 2, 43, 3, 40, 4, 2, 1, 2, 4, 40, 5, 5, 3, 4, 3, 2, 3, 2, 3, 1, 5, 5, 5, 5, 3, 2, 1, 4, 43, 5, 43, 3, 1, 2, 4, 3, 4, 3, 5, 2, 43, 41, 5, 4, 1, 3, 4, 44, 3, 2, 3, 1, 
292: 0, 5, 0, 4, 41, 0, 0, 2, 1, 0, 2, 2, 0, 0, 2, 0, 0, 3, 0, 0, 0, 5, 1, 3, 0, 4, 3, 2, 0, 2, 0, 5, 0, 0, 5, 0, 0, 0, 2, 2, 0, 0, 4, 0, 4, 0, 1, 0, 0, 0, 0, 2, 2, 0, 5, 5, 2, 0, 1, 0, 40, 3, 0, 0, 0, 1, 0, 42, 2, 0, 4, 0, 0, 2, 0, 3, 44, 4, 1, 5, 5, 5, 0, 0, 2, 4, 4, 2, 0, 4, 0, 0, 0, 0, 0, 0, 4, 0, 1, 0, 0, 0, 4, 5, 0, 0, 41, 0, 5, 0, 0, 0, 2, 43, 0, 3, 0, 0, 2, 42, : 5, 4, 41, 2, 1, 2, 2, 2, 3, 5, 1, 3, 4, 3, 2, 2, 5, 5, 2, 2, 4, 4, 1, 2, 2, 5, 5, 2, 1, 40, 3, 1, 42, 2, 4, 2, 3, 44, 4, 1, 5, 5, 5, 2, 4, 4, 2, 4, 4, 1, 4, 5, 41, 5, 2, 43, 3, 2, 42, 
248: 5, 0, 0, 0, 0, 5, 0, 0, 0, 4, 2, 40, 0, 4, 5, 4, 1, 0, 0, 5, 4, 3, 1, 0, 0, 0, 0, 5, 0, 0, 0, 0, 2, 0, 0, 0, 0, 2, 0, 0, 1, 4, 0, 0, 0, 0, 0, 2, 0, 0, 0, 1, 5, 0, 1, 0, 0, 0, 0, 3, 5, 5, 1, 0, 0, 4, 3, 43, 1, 0, 0, 0, 4, 1, 3, 0, 3, 1, 1, 43, 5, 0, 0, 3, 2, 0, 1, 0, 3, 0, 0, 2, 0, 0, 0, 4, 0, 0, 4, 2, 4, 0, 1, 0, 1, 1, 4, 0, 0, 0, 4, 0, 4, 2, 4, 0, 0, 0, 2, 0, : 5, 5, 4, 2, 40, 4, 5, 4, 1, 5, 4, 3, 1, 5, 2, 2, 1, 4, 2, 1, 5, 1, 3, 5, 5, 1, 4, 3, 43, 1, 4, 1, 3, 3, 1, 1, 43, 5, 3, 2, 1, 3, 2, 4, 4, 2, 4, 1, 1, 1, 4, 4, 4, 2, 4, 2, 
218: 0, 0, 0, 0, 0, 0, 0, 2, 0, 0, 4, 3, 0, 3, 0, 0, 3, 0, 0, 0, 5, 0, 2, 5, 5, 0, 42, 0, 5, 44, 0, 1, 3, 0, 40, 0, 0, 2, 0, 2, 0, 1, 0, 0, 0, 5, 3, 4, 2, 0, 4, 5, 0, 1, 2, 5, 5, 42, 0, 0, 0, 2, 0, 0, 5, 0, 0, 0, 1, 0, 0, 5, 0, 0, 0, 0, 0, 4, 5, 0, 4, 0, 0, 41, 1, 5, 0, 0, 0, 0, 0, 2, 5, 0, 40, 1, 1, 4, 0, 0, 0, 41, 3, 0, 0, 0, 5, 0, 5, 4, 0, 2, 0, 5, 0, 0, 0, 0, 0, 0, : 2, 4, 3, 3, 3, 5, 2, 5, 5, 42, 5, 44, 1, 3, 40, 2, 2, 1, 5, 3, 4, 2, 4, 5, 1, 2, 5, 5, 42, 2, 5, 1, 5, 4, 5, 4, 41, 1, 5, 2, 5, 40, 1, 1, 4, 41, 3, 5, 5, 4, 2, 5, 
367: 1, 1, 1, 0, 43, 4, 0, 0, 40, 4, 1, 3, 5, 0, 0, 5, 3, 0, 3, 4, 0, 0, 0, 4, 5, 0, 0, 0, 3, 0, 1, 5, 0, 0, 2, 2, 0, 2, 1, 4, 0, 0, 3, 1, 0, 0, 4, 0, 0, 0, 4, 4, 5, 2, 3, 4, 0, 4, 43, 4, 4, 5, 0, 0, 0, 4, 0, 5, 4, 1, 0, 1, 1, 0, 0, 0, 5, 0, 4, 4, 0, 0, 0, 1, 0, 3, 44, 0, 0, 4, 4, 0, 1, 0, 0, 0, 0, 4, 1, 0, 0, 0, 0, 4, 4, 0, 0, 0, 4, 0, 2, 4, 0, 1, 0, 3, 1, 0, 4, 0, : 1, 1, 1, 43, 4, 40, 4, 1, 3, 5, 5, 3, 3, 4, 4, 5, 3, 1, 5, 2, 2, 2, 1, 4, 3, 1, 4, 4, 4, 5, 2, 3, 4, 4, 43, 4, 4, 5, 4, 5, 4, 1, 1, 1, 5, 4, 4, 1, 3, 44, 4, 4, 1, 4, 1, 4, 4, 4, 2, 4, 1, 3, 1, 4, 
111: 4, 0, 0, 0, 0, 4, 0, 44, 3, 0, 2, 4, 0, 0, 0, 0, 0, 0, 0, 0, 0, 0, 5, 0, 5, 0, 0, 2, 2, 0, 0, 5, 1, 3, 0, 0, 42, 0, 0, 40, 0, 0, 0, 5, 4, 0, 2, 2, 0, 1, 1, 0, 4, 3, 4, 1, 0, 4, 3, 3, 0, 2, 2, 5, 0, 4, 4, 1, 4, 0, 0, 0, 1, 1, 5, 40, 3, 0, 0, 4, 5, 0, 0, 0, 2, 0, 0, 3, 2, 0, 0, 0, 0, 5, 0, 0, 3, 1, 0, 2, 0, 3, 2, 3, 2, 0, 0, 41, 0, 4, 5, 0, 0, 0, 0, 0, 0, 1, 0, 5, : 4, 4, 44, 3, 2, 4, 5, 5, 2, 2, 5, 1, 3, 42, 40, 5, 4, 2, 2, 1, 1, 4, 3, 4, 1, 4, 3, 3, 2, 2, 5, 4, 4, 1, 4, 1, 1, 5, 40, 3, 4, 5, 2, 3, 2, 5, 3, 1, 2, 3, 2, 3, 2, 41, 4, 5, 1, 5, 
340: 0, 0, 2, 0, 2, 3, 0, 0, 0, 1, 3, 42, 0, 2, 0, 44, 0, 44, 0, 1, 0, 0, 1, 0, 5, 0, 5, 1, 0, 1, 0, 3, 0, 0, 2, 5, 1, 0, 2, 4, 1, 2, 0, 0, 2, 5, 1, 2, 0, 4, 2, 3, 0, 0, 0, 3, 0, 0, 1, 4, 4, 0, 0, 0, 5, 4, 0, 1, 0, 1, 0, 0, 2, 0, 3, 0, 0, 3, 0, 0, 42, 4, 0, 3, 4, 1, 0, 0, 0, 0, 2, 1, 0, 0, 0, 3, 1, 1, 0, 5, 0, 0, 4, 0, 5, 0, 0, 0, 0, 44, 2, 0, 3, 0, 42, 0, 0, 0, 5, 4, : 2, 2, 3, 1, 3, 42, 2, 44, 44, 1, 1, 5, 5, 1, 1, 3, 2, 5, 1, 2, 4, 1, 2, 2, 5, 1, 2, 4, 2, 3, 3, 1, 4, 4, 5, 4, 1, 1, 2, 3, 3, 42, 4, 3, 4, 1, 2, 1, 3, 1, 1, 5, 4, 5, 44, 2, 3, 42, 5, 4, 
51: 0, 5, 41, 2, 0, 2, 0, 2, 0, 0, 0, 4, 0, 5, 4, 0, 4, 0, 0, 0, 5, 0, 5, 4, 0, 4, 1, 42, 0, 0, 0, 5, 0, 42, 5, 0, 0, 0, 0, 0, 0, 0, 1, 5, 0, 0, 40, 1, 0, 5, 2, 1, 2, 0, 0, 2, 0, 4, 2, 0, 0, 1, 4, 1, 4, 0, 0, 0, 0, 0, 0, 3, 0, 3, 0, 0, 1, 2, 1, 5, 2, 5, 0, 2, 1, 0, 2, 0, 43, 1, 0, 5, 0, 4, 44, 2, 0, 1, 0, 2, 2, 0, 1, 0, 40, 0, 5, 0, 1, 0, 41, 0, 0, 0, 5, 44, 3, 5, 0, 0, : 5, 41, 2, 2, 2, 4, 5, 4, 4, 5, 5, 4, 4, 1, 42, 5, 42, 5, 1, 5, 40, 1, 5, 2, 1, 2, 2, 4, 2, 1, 4, 1, 4, 3, 3, 1, 2, 1, 5, 2, 5, 2, 1, 2, 43, 1, 5, 4, 44, 2, 1, 2, 2, 1, 40, 5, 1, 41, 5, 44, 3, 5, 
152: 2, 2, 0, 0, 0, 5, 4, 0, 0, 0, 5, 4, 0, 0, 0, 0, 2, 2, 0, 1, 0, 1, 0, 3, 0, 3, 2, 4, 0, 0, 0, 5, 40, 4, 5, 0, 0, 0, 0, 0, 4, 0, 5, 3, 0, 0, 5, 5, 3, 4, 1, 0, 0, 1, 4, 0, 0, 0, 41, 5, 5, 5, 0, 0, 0, 5, 5, 0, 5, 0, 0, 5, 0, 0, 0, 0, 3, 4, 0, 0, 1, 4, 4, 0, 0, 0, 0, 0, 2, 3, 0, 0, 1, 43, 0, 3, 3, 5, 1, 4, 0, 0, 0, 0, 0, 0, 0, 2, 3, 1, 0, 0, 1, 0, 42, 1, 40, 4, 1, 0, : 2, 2, 5, 4, 5, 4, 2, 2, 1, 1, 3, 3, 2, 4, 5, 40, 4, 5, 4, 5, 3, 5, 5, 3, 4, 1, 1, 4, 41, 5, 5, 5, 5, 5, 5, 5, 3, 4, 1, 4, 4, 2, 3, 1, 43, 3, 3, 5, 1, 4, 2, 3, 1, 1, 42, 1, 40, 4, 1, 
311: 0, 0, 2, 0, 0, 0, 0, 43, 4, 42, 41, 1, 0, 1, 3, 0, 0, 0, 43, 5, 0, 0, 0, 5, 0, 5, 0, 0, 0, 0, 0, 4, 4, 0, 2, 2, 0, 0, 1, 5, 1, 3, 2, 5, 0, 5, 0, 41, 0, 0, 1, 3, 0, 4, 5, 4, 0, 0, 2, 2, 5, 3, 5, 0, 4, 1, 0, 0, 4, 0, 0, 0, 2, 4, 0, 0, 3, 3, 0, 5, 1, 0, 4, 0, 1, 0, 1, 5, 2, 3, 5, 4, 5, 0, 0, 0, 3, 0, 42, 3, 0, 0, 4, 0, 3, 4, 0, 0, 0, 0, 0, 1, 0, 0, 0, 0, 1, 0, 0, 0, : 2, 43, 4, 42, 41, 1, 1, 3, 43, 5, 5, 5, 4, 4, 2, 2, 1, 5, 1, 3, 2, 5, 5, 41, 1, 3, 4, 5, 4, 2, 2, 5, 3, 5, 4, 1, 4, 2, 4, 3, 3, 5, 1, 4, 1, 1, 5, 2, 3, 5, 4, 5, 3, 42, 3, 4, 3, 4, 1, 1, 
415: 0, 0, 0, 4, 0, 4, 0, 0, 5, 4, 1, 0, 5, 2, 3, 40, 4, 0, 3, 5, 1, 0, 2, 3, 1, 0, 0, 0, 3, 3, 5, 4, 1, 40, 2, 2, 2, 2, 0, 4, 0, 0, 1, 0, 0, 5, 0, 0, 1, 0, 4, 5, 1, 0, 0, 4, 4, 42, 5, 0, 3, 3, 2, 0, 0, 2, 1, 0, 0, 0, 40, 0, 0, 0, 1, 5, 1, 1, 0, 2, 2, 4, 5, 40, 2, 2, 0, 0, 5, 40, 5, 3, 4, 0, 0, 5, 1, 0, 0, 0, 0, 0, 2, 0, 0, 0, 0, 0, 4, 0, 5, 0, 0, 0, 0, 2, 0, 4, 0, 1, : 4, 4, 5, 4, 1, 5, 2, 3, 40, 4, 3, 5, 1, 2, 3, 1, 3, 3, 5, 4, 1, 40, 2, 2, 2, 2, 4, 1, 5, 1, 4, 5, 1, 4, 4, 42, 5, 3, 3, 2, 2, 1, 40, 1, 5, 1, 1, 2, 2, 4, 5, 40, 2, 2, 5, 40, 5, 3, 4, 5, 1, 2, 4, 5, 2, 4, 1, 
302: 0, 0, 4, 0, 0, 0, 2, 0, 0, 0, 0, 0, 40, 3, 5, 5, 5, 3, 44, 3, 4, 0, 3, 2, 4, 1, 0, 0, 0, 2, 0, 2, 5, 2, 4, 0, 1, 0, 41, 3, 0, 4, 41, 2, 2, 0, 4, 0, 0, 4, 3, 4, 1, 0, 5, 0, 43, 0, 1, 3, 3, 1, 0, 0, 0, 5, 0, 2, 0, 3, 0, 0, 3, 3, 4, 0, 43, 0, 4, 4, 3, 3, 5, 0, 40, 0, 4, 0, 3, 0, 4, 5, 0, 3, 0, 5, 3, 2, 2, 0, 0, 41, 0, 0, 0, 1, 0, 0, 1, 0, 0, 0, 3, 3, 2, 3, 42, 43, 2, 0, : 4, 2, 40, 3, 5, 5, 5, 3, 44, 3, 4, 3, 2, 4, 1, 2, 2, 5, 2, 4, 1, 41, 3, 4, 41, 2, 2, 4, 4, 3, 4, 1, 5, 43, 1, 3, 3, 1, 5, 2, 3, 3, 3, 4, 43, 4, 4, 3, 3, 5, 40, 4, 3, 4, 5, 3, 5, 3, 2, 2, 41, 1, 1, 3, 3, 2, 3, 42, 43, 2, 
273: 0, 3, 0, 5, 1, 0, 1, 43, 4, 0, 4, 5, 0, 0, 3, 1, 5, 0, 4, 1, 0, 41, 0, 0, 0, 5, 1, 0, 0, 4, 0, 0, 4, 1, 0, 5, 0, 0, 1, 0, 0, 0, 4, 4, 0, 0, 0, 0, 0, 4, 0, 0, 0, 5, 3, 3, 4, 0, 2, 4, 0, 2, 0, 0, 5, 2, 4, 1, 5, 4, 0, 0, 2, 2, 2, 2, 44, 0, 3, 0, 3, 3, 4, 0, 1, 0, 4, 0, 0, 2, 0, 3, 0, 5, 0, 5, 1, 3, 0, 2, 0, 0, 0, 4, 42, 3, 4, 0, 41, 0, 1, 0, 0, 0, 2, 2, 43, 0, 0, 1, : 3, 5, 1, 1, 43, 4, 4, 5, 3, 1, 5, 4, 1, 41, 5, 1, 4, 4, 1, 5, 1, 4, 4, 4, 5, 3, 3, 4, 2, 4, 2, 5, 2, 4, 1, 5, 4, 2, 2, 2, 2, 44, 3, 3, 3, 4, 1, 4, 2, 3, 5, 5, 1, 3, 2, 4, 42, 3, 4, 41, 1, 2, 2, 43, 1, 
350: 0, 4, 0, 4, 0, 0, 0, 0, 0, 0, 2, 1, 0, 2, 3, 0, 2, 5, 3, 0, 0, 1, 0, 0, 5, 2, 0, 0, 3, 4, 0, 0, 0, 5, 3, 0, 4, 3, 3, 0, 0, 3, 3, 0, 0, 1, 0, 4, 2, 3, 2, 2, 2, 43, 5, 40, 0, 4, 0, 3, 5, 5, 0, 3, 0, 0, 4, 0, 3, 1, 2, 2, 0, 1, 42, 0, 0, 4, 0, 5, 0, 5, 0, 0, 1, 0, 2, 0, 2, 5, 0, 3, 0, 0, 1, 5, 42, 4, 0, 0, 0, 0, 2, 4, 0, 1, 0, 3, 2, 0, 0, 0, 1, 0, 0, 0, 2, 0, 0, 0, : 4, 4, 2, 1, 2, 3, 2, 5, 3, 1, 5, 2, 3, 4, 5, 3, 4, 3, 3, 3, 3, 1, 4, 2, 3, 2, 2, 2, 43, 5, 40, 4, 3, 5, 5, 3, 4, 3, 1, 2, 2, 1, 42, 4, 5, 5, 1, 2, 2, 5, 3, 1, 5, 42, 4, 2, 4, 1, 3, 2, 1, 2, 
564: 0, 4, 4, 0, 0, 1, 0, 0, 0, 1, 0, 0, 0, 0, 0, 5, 0, 0, 1, 5, 3, 5, 0, 0, 0, 0, 0, 2, 3, 2, 0, 42, 0, 0, 5, 0, 4, 44, 0, 42, 0, 4, 1, 2, 5, 2, 3, 1, 0, 2, 2, 1, 0, 0, 0, 4, 0, 3, 0, 0, 0, 0, 3, 0, 0, 5, 3, 0, 4, 0, 5, 0, 4, 1, 5, 0, 0, 4, 0, 2, 0, 3, 0, 43, 1, 5, 0, 1, 0, 42, 0, 0, 4, 3, 0, 41, 0, 0, 0, 0, 1, 0, 0, 0, 0, 2, 3, 0, 4, 5, 2, 0, 3, 41, 5, 1, 0, 1, 0, 1, : 4, 4, 1, 1, 5, 1, 5, 3, 5, 2, 3, 2, 42, 5, 4, 44, 42, 4, 1, 2, 5, 2, 3, 1, 2, 2, 1, 4, 3, 3, 5, 3, 4, 5, 4, 1, 5, 4, 2, 3, 43, 1, 5, 1, 42, 4, 3, 41, 1, 2, 3, 4, 5, 2, 3, 41, 5, 1, 1, 1, 
245: 0, 0, 2, 0, 0, 0, 1, 5, 0, 43, 0, 0, 44, 1, 4, 0, 4, 0, 2, 0, 0, 0, 2, 4, 0, 0, 0, 1, 0, 0, 0, 0, 0, 0, 1, 0, 42, 0, 5, 2, 1, 0, 0, 1, 2, 0, 5, 0, 0, 3, 3, 0, 4, 0, 2, 1, 0, 4, 5, 3, 0, 43, 5, 0, 0, 3, 4, 0, 0, 0, 5, 0, 5, 4, 3, 0, 2, 0, 3, 0, 1, 3, 0, 0, 3, 1, 4, 0, 2, 5, 0, 3, 43, 1, 0, 2, 0, 0, 4, 1, 0, 0, 0, 0, 1, 5, 0, 0, 0, 4, 0, 0, 0, 0, 2, 0, 0, 0, 0, 1, : 2, 1, 5, 43, 44, 1, 4, 4, 2, 2, 4, 1, 1, 42, 5, 2, 1, 1, 2, 5, 3, 3, 4, 2, 1, 4, 5, 3, 43, 5, 3, 4, 5, 5, 4, 3, 2, 3, 1, 3, 3, 1, 4, 2, 5, 3, 43, 1, 2, 4, 1, 1, 5, 4, 2, 1, 
434: 0, 4, 4, 0, 0, 0, 3, 0, 1, 0, 2, 0, 41, 1, 4, 0, 0, 0, 2, 0, 0, 0, 1, 5, 4, 0, 3, 2, 2, 2, 0, 43, 0, 5, 0, 0, 0, 4, 0, 4, 1, 1, 5, 2, 0, 0, 3, 5, 1, 0, 0, 0, 0, 3, 2, 3, 0, 5, 1, 1, 0, 0, 0, 4, 0, 5, 0, 0, 3, 0, 5, 2, 0, 0, 0, 0, 5, 3, 0, 0, 2, 1, 0, 0, 0, 5, 0, 0, 4, 0, 3, 2, 3, 0, 1, 0, 3, 2, 0, 0, 0, 5, 0, 0, 0, 5, 4, 5, 2, 2, 5, 41, 0, 0, 4, 4, 4, 0, 0, 0, : 4, 4, 3, 1, 2, 41, 1, 4, 2, 1, 5, 4, 3, 2, 2, 2, 43, 5, 4, 4, 1, 1, 5, 2, 3, 5, 1, 3, 2, 3, 5, 1, 1, 4, 5, 3, 5, 2, 5, 3, 2, 1, 5, 4, 3, 2, 3, 1, 3, 2, 5, 5, 4, 5, 2, 2, 5, 41, 4, 4, 4, 
285: 43, 0, 0, 0, 5, 1, 44, 0, 0, 3, 4, 4, 2, 0, 1, 0, 3, 2, 0, 0, 0, 42, 0, 4, 0, 0, 1, 0, 0, 0, 0, 0, 0, 0, 4, 0, 0, 4, 0, 0, 0, 0, 2, 0, 0, 0, 4, 3, 3, 0, 0, 1, 42, 2, 0, 2, 0, 1, 0, 4, 4, 2, 1, 0, 0, 1, 4, 44, 0, 0, 0, 4, 4, 0, 0, 40, 3, 3, 2, 0, 1, 5, 44, 0, 1, 0, 0, 0, 42, 4, 4, 1, 1, 0, 0, 5, 0, 0, 1, 1, 2, 1, 0, 3, 0, 3, 3, 41, 43, 5, 0, 0, 3, 0, 41, 44, 0, 40, 1, 3, : 43, 5, 1, 44, 3, 4, 4, 2, 1, 3, 2, 42, 4, 1, 4, 4, 2, 4, 3, 3, 1, 42, 2, 2, 1, 4, 4, 2, 1, 1, 4, 44, 4, 4, 40, 3, 3, 2, 1, 5, 44, 1, 42, 4, 4, 1, 1, 5, 1, 1, 2, 1, 3, 3, 3, 41, 43, 5, 3, 41, 44, 40, 1, 3, 
440: 3, 0, 0, 0, 4, 0, 4, 0, 1, 5, 0, 0, 3, 5, 0, 3, 0, 0, 0, 1, 4, 1, 2, 0, 4, 0, 3, 0, 0, 4, 0, 5, 0, 0, 4, 4, 0, 0, 0, 4, 2, 0, 5, 0, 0, 4, 0, 0, 0, 4, 1, 3, 0, 0, 0, 3, 0, 0, 1, 2, 0, 0, 0, 0, 4, 0, 0, 0, 0, 0, 0, 0, 4, 2, 0, 1, 2, 5, 0, 2, 4, 4, 4, 0, 4, 0, 2, 1, 5, 3, 3, 0, 0, 0, 43, 0, 5, 1, 1, 0, 40, 5, 2, 3, 3, 40, 0, 3, 0, 2, 1, 0, 0, 40, 0, 0, 0, 0, 0, 0, : 3, 4, 4, 1, 5, 3, 5, 3, 1, 4, 1, 2, 4, 3, 4, 5, 4, 4, 4, 2, 5, 4, 4, 1, 3, 3, 1, 2, 4, 4, 2, 1, 2, 5, 2, 4, 4, 4, 4, 2, 1, 5, 3, 3, 43, 5, 1, 1, 40, 5, 2, 3, 3, 40, 3, 2, 1, 40, 
261: 4, 0, 0, 0, 44, 3, 0, 0, 0, 0, 0, 3, 3, 0, 0, 1, 0, 0, 0, 2, 0, 0, 4, 3, 0, 0, 0, 0, 0, 5, 0, 0, 2, 5, 2, 0, 0, 0, 5, 1, 5, 5, 1, 0, 0, 0, 2, 4, 0, 5, 0, 3, 0, 0, 0, 5, 0, 42, 1, 4, 1, 4, 0, 0, 0, 1, 0, 0, 2, 44, 0, 0, 0, 0, 1, 0, 2, 3, 3, 0, 0, 1, 0, 0, 0, 1, 4, 5, 0, 0, 0, 0, 2, 1, 1, 0, 1, 3, 0, 0, 4, 43, 3, 1, 0, 3, 0, 1, 1, 2, 4, 0, 1, 0, 0, 0, 0, 5, 0, 1, : 4, 44, 3, 3, 3, 1, 2, 4, 3, 5, 2, 5, 2, 5, 1, 5, 5, 1, 2, 4, 5, 3, 5, 42, 1, 4, 1, 4, 1, 2, 44, 1, 2, 3, 3, 1, 1, 4, 5, 2, 1, 1, 1, 3, 4, 43, 3, 1, 3, 1, 1, 2, 4, 1, 5, 1, 
175: 5, 41, 4, 0, 0, 0, 5, 0, 0, 2, 5, 0, 2, 0, 0, 0, 0, 0, 0, 0, 5, 5, 2, 40, 0, 0, 0, 0, 0, 0, 0, 0, 0, 0, 5, 43, 2, 0, 0, 1, 0, 0, 3, 2, 0, 0, 0, 2, 1, 4, 44, 5, 1, 4, 0, 3, 0, 0, 4, 2, 3, 2, 2, 0, 0, 3, 2, 3, 1, 0, 0, 1, 4, 0, 5, 5, 0, 4, 0, 0, 4, 41, 1, 0, 0, 0, 0, 0, 0, 4, 0, 3, 41, 0, 0, 0, 3, 4, 41, 4, 0, 0, 0, 0, 0, 0, 0, 0, 0, 5, 1, 0, 5, 4, 0, 42, 5, 0, 0, 1, : 5, 41, 4, 5, 2, 5, 2, 5, 5, 2, 40, 5, 43, 2, 1, 3, 2, 2, 1, 4, 44, 5, 1, 4, 3, 4, 2, 3, 2, 2, 3, 2, 3, 1, 1, 4, 5, 5, 4, 4, 41, 1, 4, 3, 41, 3, 4, 41, 4, 5, 1, 5, 4, 42, 5, 1, 
18: 0, 5, 4, 0, 5, 0, 40, 0, 4, 0, 0, 0, 5, 0, 0, 0, 42, 2, 0, 0, 4, 42, 0, 3, 0, 2, 0, 0, 0, 1, 0, 0, 0, 0, 0, 0, 0, 0, 0, 1, 4, 0, 5, 0, 3, 3, 0, 0, 0, 0, 0, 4, 4, 0, 0, 4, 0, 4, 3, 4, 3, 0, 2, 44, 0, 2, 5, 0, 4, 0, 4, 0, 0, 4, 0, 4, 0, 4, 0, 0, 3, 1, 0, 1, 41, 40, 4, 3, 1, 0, 0, 5, 0, 3, 0, 1, 0, 41, 0, 40, 1, 3, 0, 0, 0, 0, 0, 0, 3, 0, 5, 4, 0, 0, 0, 3, 2, 2, 0, 0, : 5, 4, 5, 40, 4, 5, 42, 2, 4, 42, 3, 2, 1, 1, 4, 5, 3, 3, 4, 4, 4, 4, 3, 4, 3, 2, 44, 2, 5, 4, 4, 4, 4, 4, 3, 1, 1, 41, 40, 4, 3, 1, 5, 3, 1, 41, 40, 1, 3, 3, 5, 4, 3, 2, 2, 
102: 1, 3, 0, 2, 1, 42, 0, 0, 0, 4, 5, 0, 2, 2, 0, 2, 3, 0, 5, 0, 0, 0, 0, 1, 0, 4, 40, 3, 5, 2, 44, 0, 0, 5, 1, 0, 0, 0, 0, 3, 1, 0, 5, 0, 3, 0, 1, 0, 3, 0, 0, 2, 3, 0, 4, 0, 0, 5, 1, 0, 0, 0, 3, 4, 0, 2, 5, 0, 3, 0, 40, 4, 0, 43, 0, 3, 0, 3, 0, 0, 3, 3, 0, 40, 2, 3, 0, 1, 0, 4, 43, 0, 40, 0, 0, 0, 5, 4, 0, 1, 0, 5, 4, 44, 1, 2, 0, 0, 0, 2, 0, 1, 2, 2, 0, 0, 0, 0, 0, 1, : 1, 3, 2, 1, 42, 4, 5, 2, 2, 2, 3, 5, 1, 4, 40, 3, 5, 2, 44, 5, 1, 3, 1, 5, 3, 1, 3, 2, 3, 4, 5, 1, 3, 4, 2, 5, 3, 40, 4, 43, 3, 3, 3, 3, 40, 2, 3, 1, 4, 43, 40, 5, 4, 1, 5, 4, 44, 1, 2, 2, 1, 2, 2, 1, 


