
40
800
120
20

696: 0, 0, 0, 1, 40, 0, 0, 0, 2, 40, 1, 0, 3, 2, 3, 0, 3, 1, 5, 4, 0, 0, 2, 2, 4, 3, 0, 1, 42, 3, 0, 0, 0, 3, 5, 0, 5, 0, 0, 43, : 1, 40, 2, 40, 1, 3, 2, 3, 3, 1, 5, 4, 2, 2, 4, 3, 1, 42, 3, 3, 5, 5, 43, 
165: 4, 2, 0, 1, 0, 1, 0, 1, 0, 0, 1, 4, 2, 0, 0, 0, 4, 0, 1, 0, 0, 0, 0, 0, 0, 0, 5, 2, 0, 0, 0, 5, 0, 4, 0, 0, 1, 2, 0, 0, : 4, 2, 1, 1, 1, 1, 4, 2, 4, 1, 5, 2, 5, 4, 1, 2, 
258: 1, 0, 0, 2, 0, 3, 0, 0, 3, 3, 44, 3, 1, 0, 0, 0, 2, 4, 5, 0, 0, 0, 43, 0, 0, 0, 3, 0, 0, 4, 1, 3, 0, 2, 3, 0, 0, 0, 0, 0, : 1, 2, 3, 3, 3, 44, 3, 1, 2, 4, 5, 43, 3, 4, 1, 3, 2, 3, 
555: 0, 42, 0, 1, 0, 0, 0, 2, 2, 2, 0, 1, 0, 4, 3, 1, 2, 1, 2, 1, 0, 0, 0, 4, 0, 0, 0, 0, 0, 5, 5, 0, 3, 0, 0, 0, 2, 0, 0, 0, : 42, 1, 2, 2, 2, 1, 4, 3, 1, 2, 1, 2, 1, 4, 5, 5, 3, 2, 
14: 0, 0, 2, 43, 0, 0, 2, 2, 3, 0, 0, 0, 2, 4, 0, 0, 1, 2, 0, 2, 0, 3, 0, 0, 0, 0, 0, 4, 0, 2, 0, 4, 4, 0, 4, 3, 3, 0, 5, 0, : 2, 43, 2, 2, 3, 2, 4, 1, 2, 2, 3, 4, 2, 4, 4, 4, 3, 3, 5, 
204: 0, 0, 0, 0, 0, 0, 0, 4, 1, 0, 0, 5, 3, 44, 0, 0, 2, 3, 0, 1, 0, 0, 0, 0, 4, 0, 0, 5, 0, 4, 0, 0, 0, 0, 5, 0, 0, 0, 0, 2, : 4, 1, 5, 3, 44, 2, 3, 1, 4, 5, 4, 5, 2, 
222: 0, 2, 4, 1, 0, 0, 0, 0, 0, 4, 5, 1, 41, 0, 0, 0, 42, 2, 2, 0, 5, 0, 4, 1, 0, 0, 0, 1, 0, 2, 0, 44, 0, 0, 1, 44, 0, 1, 0, 0, : 2, 4, 1, 4, 5, 1, 41, 42, 2, 2, 5, 4, 1, 1, 2, 44, 1, 44, 1, 
270: 0, 4, 0, 1, 0, 3, 4, 5, 5, 1, 0, 0, 4, 0, 0, 0, 0, 2, 0, 5, 0, 0, 0, 3, 41, 0, 0, 0, 40, 0, 0, 1, 0, 2, 0, 5, 0, 2, 2, 0, : 4, 1, 3, 4, 5, 5, 1, 4, 2, 5, 3, 41, 40, 1, 2, 5, 2, 2, 
218: 2, 0, 0, 1, 2, 0, 0, 2, 1, 0, 1, 2, 3, 0, 0, 0, 0, 2, 0, 4, 2, 0, 0, 0, 2, 1, 42, 0, 0, 3, 0, 0, 0, 0, 5, 0, 0, 4, 1, 0, : 2, 1, 2, 2, 1, 1, 2, 3, 2, 4, 2, 2, 1, 42, 3, 5, 4, 1, 
550: 0, 0, 0, 2, 0, 0, 0, 5, 4, 5, 0, 1, 1, 5, 4, 5, 2, 4, 0, 4, 0, 0, 0, 3, 0, 0, 0, 0, 2, 0, 2, 2, 1, 2, 0, 0, 5, 4, 0, 4, : 2, 5, 4, 5, 1, 1, 5, 4, 5, 2, 4, 4, 3, 2, 2, 2, 1, 2, 5, 4, 4, 
763: 3, 0, 1, 1, 0, 0, 0, 0, 3, 0, 3, 0, 0, 0, 2, 2, 1, 2, 0, 0, 4, 2, 2, 0, 0, 0, 3, 3, 0, 2, 0, 3, 0, 42, 1, 0, 2, 0, 0, 4, : 3, 1, 1, 3, 3, 2, 2, 1, 2, 4, 2, 2, 3, 3, 2, 3, 42, 1, 2, 4, 
489: 4, 0, 0, 5, 0, 0, 0, 0, 2, 3, 0, 0, 3, 3, 0, 0, 2, 4, 1, 4, 3, 2, 3, 5, 0, 4, 4, 5, 0, 0, 0, 0, 0, 0, 1, 5, 0, 41, 40, 0, : 4, 5, 2, 3, 3, 3, 2, 4, 1, 4, 3, 2, 3, 5, 4, 4, 5, 1, 5, 41, 40, 
581: 0, 5, 0, 0, 5, 1, 2, 5, 0, 4, 0, 4, 1, 43, 0, 4, 5, 5, 44, 0, 1, 1, 3, 3, 0, 0, 0, 0, 2, 1, 0, 0, 43, 0, 5, 0, 4, 3, 0, 2, : 5, 5, 1, 2, 5, 4, 4, 1, 43, 4, 5, 5, 44, 1, 1, 3, 3, 2, 1, 43, 5, 4, 3, 2, 
752: 5, 4, 3, 3, 0, 3, 0, 1, 3, 4, 2, 4, 0, 0, 0, 0, 4, 1, 0, 0, 1, 0, 0, 41, 0, 4, 0, 1, 0, 0, 41, 0, 1, 1, 2, 4, 2, 5, 4, 0, : 5, 4, 3, 3, 3, 1, 3, 4, 2, 4, 4, 1, 1, 41, 4, 1, 41, 1, 1, 2, 4, 2, 5, 4, 
546: 2, 0, 0, 4, 0, 0, 0, 4, 4, 1, 0, 0, 0, 0, 0, 2, 0, 5, 0, 4, 0, 2, 0, 0, 0, 0, 3, 5, 0, 4, 0, 2, 0, 3, 0, 4, 3, 1, 0, 0, : 2, 4, 4, 4, 1, 2, 5, 4, 2, 3, 5, 4, 2, 3, 4, 3, 1, 
524: 0, 3, 0, 5, 0, 0, 0, 0, 3, 3, 0, 4, 1, 0, 0, 42, 0, 1, 0, 4, 0, 3, 0, 0, 0, 1, 0, 3, 0, 2, 0, 0, 0, 0, 0, 0, 0, 0, 0, 0, : 3, 5, 3, 3, 4, 1, 42, 1, 4, 3, 1, 3, 2, 
627: 0, 0, 0, 2, 0, 1, 0, 40, 5, 4, 0, 0, 5, 3, 42, 0, 5, 1, 1, 3, 0, 0, 0, 0, 0, 0, 0, 3, 4, 5, 5, 0, 0, 0, 0, 0, 0, 0, 0, 0, : 2, 1, 40, 5, 4, 5, 3, 42, 5, 1, 1, 3, 3, 4, 5, 5, 
599: 0, 42, 3, 3, 0, 2, 4, 4, 4, 3, 5, 1, 3, 0, 4, 4, 2, 0, 0, 5, 2, 3, 1, 5, 0, 0, 0, 1, 5, 3, 0, 0, 5, 0, 5, 0, 4, 0, 4, 0, : 42, 3, 3, 2, 4, 4, 4, 3, 5, 1, 3, 4, 4, 2, 5, 2, 3, 1, 5, 1, 5, 3, 5, 5, 4, 4, 
306: 0, 2, 5, 1, 0, 40, 3, 2, 0, 0, 3, 41, 3, 0, 2, 4, 1, 0, 1, 2, 0, 0, 0, 4, 1, 0, 0, 0, 0, 1, 0, 0, 0, 44, 2, 0, 43, 0, 0, 1, : 2, 5, 1, 40, 3, 2, 3, 41, 3, 2, 4, 1, 1, 2, 4, 1, 1, 44, 2, 43, 1, 
582: 0, 2, 0, 1, 0, 0, 0, 1, 2, 3, 5, 0, 2, 0, 5, 0, 2, 4, 41, 0, 1, 0, 0, 0, 1, 0, 0, 2, 0, 3, 5, 0, 1, 0, 3, 0, 0, 0, 0, 0, : 2, 1, 1, 2, 3, 5, 2, 5, 2, 4, 41, 1, 1, 2, 3, 5, 1, 3, 
393: 5, 0, 42, 5, 3, 4, 43, 2, 40, 4, 3, 0, 1, 0, 2, 5, 5, 2, 0, 0, 0, 0, 43, 0, 0, 0, 0, 3, 0, 3, 42, 0, 0, 2, 2, 0, 1, 0, 5, 0, : 5, 42, 5, 3, 4, 43, 2, 40, 4, 3, 1, 2, 5, 5, 2, 43, 3, 3, 42, 2, 2, 1, 5, 
620: 2, 0, 3, 2, 0, 2, 0, 4, 2, 1, 3, 5, 0, 0, 44, 40, 4, 3, 0, 5, 4, 0, 0, 0, 1, 0, 3, 5, 0, 1, 0, 0, 0, 0, 0, 0, 5, 0, 0, 43, : 2, 3, 2, 2, 4, 2, 1, 3, 5, 44, 40, 4, 3, 5, 4, 1, 3, 5, 1, 5, 43, 
202: 0, 2, 3, 4, 4, 0, 40, 0, 0, 4, 3, 4, 0, 0, 0, 0, 3, 3, 2, 1, 0, 0, 0, 1, 1, 2, 0, 0, 0, 1, 4, 0, 1, 2, 0, 0, 4, 0, 0, 0, : 2, 3, 4, 4, 40, 4, 3, 4, 3, 3, 2, 1, 1, 1, 2, 1, 4, 1, 2, 4, 
264: 43, 0, 0, 2, 0, 0, 0, 1, 5, 4, 0, 4, 3, 4, 0, 1, 0, 1, 3, 0, 0, 0, 4, 0, 3, 0, 0, 2, 5, 0, 0, 2, 3, 2, 5, 0, 4, 3, 0, 0, : 43, 2, 1, 5, 4, 4, 3, 4, 1, 1, 3, 4, 3, 2, 5, 2, 3, 2, 5, 4, 3, 
552: 0, 3, 0, 2, 41, 0, 0, 1, 0, 0, 0, 0, 4, 1, 0, 0, 5, 1, 0, 1, 4, 2, 0, 0, 43, 0, 2, 1, 0, 0, 1, 0, 3, 1, 0, 0, 0, 0, 1, 3, : 3, 2, 41, 1, 4, 1, 5, 1, 1, 4, 2, 43, 2, 1, 1, 3, 1, 1, 3, 
79: 0, 1, 0, 5, 1, 2, 0, 0, 0, 3, 2, 5, 2, 0, 0, 4, 0, 2, 0, 4, 3, 0, 0, 0, 5, 1, 4, 44, 0, 3, 0, 1, 0, 0, 3, 1, 0, 0, 0, 4, : 1, 5, 1, 2, 3, 2, 5, 2, 4, 2, 4, 3, 5, 1, 4, 44, 3, 1, 3, 1, 4, 
635: 0, 0, 0, 0, 3, 4, 0, 0, 1, 0, 2, 3, 0, 3, 0, 0, 0, 0, 4, 0, 0, 5, 3, 2, 0, 41, 0, 0, 0, 0, 5, 2, 0, 0, 3, 41, 4, 0, 0, 3, : 3, 4, 1, 2, 3, 3, 4, 5, 3, 2, 41, 5, 2, 3, 41, 4, 3, 
580: 2, 0, 1, 1, 0, 0, 2, 0, 0, 0, 5, 2, 5, 1, 0, 0, 0, 5, 0, 0, 0, 4, 0, 0, 2, 0, 0, 5, 0, 0, 3, 2, 2, 4, 2, 0, 0, 0, 0, 5, : 2, 1, 1, 2, 5, 2, 5, 1, 5, 4, 2, 5, 3, 2, 2, 4, 2, 5, 
2: 0, 5, 40, 0, 2, 0, 0, 0, 0, 4, 0, 5, 3, 0, 0, 0, 3, 3, 4, 3, 0, 1, 5, 0, 0, 43, 0, 2, 2, 2, 0, 0, 0, 0, 1, 0, 1, 5, 0, 0, : 5, 40, 2, 4, 5, 3, 3, 3, 4, 3, 1, 5, 43, 2, 2, 2, 1, 1, 5, 
124: 0, 1, 0, 1, 3, 0, 0, 3, 0, 3, 0, 0, 0, 0, 1, 0, 3, 3, 0, 0, 40, 1, 3, 1, 0, 4, 0, 3, 0, 0, 0, 0, 0, 0, 3, 0, 4, 0, 0, 3, : 1, 1, 3, 3, 3, 1, 3, 3, 40, 1, 3, 1, 4, 3, 3, 4, 3, 
731: 0, 0, 0, 0, 0, 4, 0, 5, 0, 3, 4, 4, 1, 0, 0, 0, 1, 3, 0, 3, 2, 0, 0, 3, 0, 5, 1, 0, 0, 5, 0, 0, 3, 4, 0, 1, 3, 0, 0, 0, : 4, 5, 3, 4, 4, 1, 1, 3, 3, 2, 3, 5, 1, 5, 3, 4, 1, 3, 
300: 0, 0, 0, 3, 3, 0, 5, 3, 2, 0, 4, 0, 4, 1, 0, 0, 5, 1, 0, 1, 0, 4, 0, 1, 0, 5, 2, 1, 0, 0, 3, 1, 0, 0, 3, 0, 0, 4, 0, 0, : 3, 3, 5, 3, 2, 4, 4, 1, 5, 1, 1, 4, 1, 5, 2, 1, 3, 1, 3, 4, 
330: 3, 0, 0, 2, 0, 0, 1, 3, 5, 5, 0, 1, 2, 0, 4, 0, 0, 1, 0, 5, 2, 0, 0, 0, 0, 0, 1, 2, 0, 0, 0, 0, 1, 0, 3, 4, 3, 0, 2, 1, : 3, 2, 1, 3, 5, 5, 1, 2, 4, 1, 5, 2, 1, 2, 1, 3, 4, 3, 2, 1, 
790: 0, 0, 0, 2, 0, 0, 2, 5, 4, 0, 5, 0, 5, 0, 3, 0, 2, 0, 0, 41, 0, 0, 0, 0, 0, 0, 0, 2, 0, 3, 0, 4, 0, 0, 40, 5, 0, 0, 0, 0, : 2, 2, 5, 4, 5, 5, 3, 2, 41, 2, 3, 4, 40, 5, 
170: 2, 0, 0, 4, 3, 2, 1, 2, 2, 5, 0, 1, 2, 2, 0, 1, 0, 3, 2, 5, 0, 0, 1, 0, 5, 0, 5, 0, 0, 2, 3, 0, 0, 0, 1, 3, 3, 2, 5, 0, : 2, 4, 3, 2, 1, 2, 2, 5, 1, 2, 2, 1, 3, 2, 5, 1, 5, 5, 2, 3, 1, 3, 3, 2, 5, 
789: 0, 0, 5, 1, 2, 0, 5, 5, 2, 4, 4, 5, 1, 0, 0, 5, 5, 2, 0, 0, 1, 1, 3, 41, 1, 2, 0, 3, 5, 4, 0, 0, 1, 2, 2, 0, 5, 43, 0, 0, : 5, 1, 2, 5, 5, 2, 4, 4, 5, 1, 5, 5, 2, 1, 1, 3, 41, 1, 2, 3, 5, 4, 1, 2, 2, 5, 43, 
378: 40, 0, 0, 3, 0, 3, 0, 4, 2, 0, 3, 5, 3, 0, 0, 0, 2, 0, 0, 3, 1, 3, 0, 0, 4, 0, 40, 0, 5, 3, 0, 2, 1, 0, 1, 0, 3, 0, 2, 0, : 40, 3, 3, 4, 2, 3, 5, 3, 2, 3, 1, 3, 4, 40, 5, 3, 2, 1, 1, 3, 2, 
778: 1, 0, 3, 5, 4, 0, 2, 0, 2, 0, 4, 0, 0, 0, 0, 0, 1, 0, 0, 3, 4, 43, 0, 0, 0, 0, 0, 3, 3, 44, 0, 0, 3, 0, 2, 0, 0, 0, 3, 2, : 1, 3, 5, 4, 2, 2, 4, 1, 3, 4, 43, 3, 3, 44, 3, 2, 3, 2, 
532: 1, 0, 0, 0, 2, 1, 3, 2, 5, 0, 3, 4, 4, 0, 0, 0, 0, 42, 0, 2, 40, 40, 0, 0, 2, 4, 0, 3, 5, 2, 0, 0, 2, 0, 3, 0, 3, 0, 2, 0, : 1, 2, 1, 3, 2, 5, 3, 4, 4, 42, 2, 40, 40, 2, 4, 3, 5, 2, 2, 3, 3, 2, 
132: 0, 0, 5, 0, 2, 44, 1, 2, 1, 0, 5, 1, 2, 0, 1, 0, 1, 1, 2, 0, 0, 0, 0, 0, 0, 0, 2, 5, 0, 3, 0, 42, 42, 0, 4, 0, 3, 0, 44, 0, : 5, 2, 44, 1, 2, 1, 5, 1, 2, 1, 1, 1, 2, 2, 5, 3, 42, 42, 4, 3, 44, 


21: 0, 0, 0, 2, 42, 40, 0, 0, 40, 0, 4, 2, 0, 0, 0, 0, 3, 0, 0, 3, 0, 0, 0, 40, 40, 0, 0, 0, 3, 0, 2, 0, 0, 5, 0, 2, 41, 1, 2, 0, : 2, 42, 40, 40, 4, 2, 3, 3, 40, 40, 3, 2, 5, 2, 41, 1, 2, 
623: 41, 0, 0, 3, 0, 0, 0, 0, 4, 4, 3, 0, 0, 1, 0, 1, 1, 0, 5, 3, 0, 2, 0, 0, 4, 3, 0, 1, 0, 0, 0, 0, 4, 3, 0, 2, 0, 2, 0, 0, : 41, 3, 4, 4, 3, 1, 1, 1, 5, 3, 2, 4, 3, 1, 4, 3, 2, 2, 
382: 0, 42, 0, 0, 4, 1, 4, 41, 2, 5, 1, 3, 0, 4, 0, 0, 5, 0, 0, 0, 0, 0, 0, 0, 0, 2, 0, 0, 1, 0, 0, 0, 2, 1, 0, 43, 0, 40, 0, 0, : 42, 4, 1, 4, 41, 2, 5, 1, 3, 4, 5, 2, 1, 2, 1, 43, 40, 
268: 0, 4, 2, 5, 1, 0, 0, 4, 5, 3, 0, 1, 2, 5, 2, 0, 0, 1, 0, 42, 5, 2, 0, 0, 5, 0, 0, 4, 0, 4, 0, 4, 1, 0, 4, 3, 4, 0, 0, 5, : 4, 2, 5, 1, 4, 5, 3, 1, 2, 5, 2, 1, 42, 5, 2, 5, 4, 4, 4, 1, 4, 3, 4, 5, 
622: 0, 0, 0, 0, 0, 4, 5, 0, 5, 0, 2, 1, 1, 5, 3, 5, 0, 0, 0, 0, 0, 2, 2, 0, 0, 0, 2, 0, 5, 4, 0, 0, 5, 1, 44, 0, 1, 0, 0, 1, : 4, 5, 5, 2, 1, 1, 5, 3, 5, 2, 2, 2, 5, 4, 5, 1, 44, 1, 1, 
18: 3, 0, 1, 0, 2, 0, 5, 3, 5, 44, 0, 5, 0, 0, 0, 0, 0, 5, 0, 2, 2, 0, 1, 0, 1, 0, 0, 2, 0, 5, 0, 40, 0, 42, 44, 5, 1, 0, 44, 0, : 3, 1, 2, 5, 3, 5, 44, 5, 5, 2, 2, 1, 1, 2, 5, 40, 42, 44, 5, 1, 44, 
578: 0, 0, 1, 5, 0, 0, 1, 2, 0, 0, 3, 0, 0, 0, 0, 0, 2, 3, 1, 1, 0, 1, 4, 0, 0, 0, 2, 0, 0, 1, 0, 0, 2, 3, 5, 0, 0, 0, 0, 0, : 1, 5, 1, 2, 3, 2, 3, 1, 1, 1, 4, 2, 1, 2, 3, 5, 
73: 3, 0, 4, 3, 0, 1, 1, 0, 2, 0, 2, 2, 0, 3, 0, 0, 0, 3, 0, 0, 2, 1, 5, 5, 5, 4, 1, 0, 0, 3, 2, 5, 0, 0, 0, 0, 0, 0, 4, 0, : 3, 4, 3, 1, 1, 2, 2, 2, 3, 3, 2, 1, 5, 5, 5, 4, 1, 3, 2, 5, 4, 
708: 2, 0, 3, 1, 0, 3, 0, 3, 0, 0, 0, 0, 0, 0, 0, 5, 4, 4, 44, 0, 0, 3, 0, 1, 3, 41, 0, 1, 2, 0, 0, 0, 0, 0, 3, 0, 0, 0, 5, 0, : 2, 3, 1, 3, 3, 5, 4, 4, 44, 3, 1, 3, 41, 1, 2, 3, 5, 
134: 0, 4, 0, 4, 2, 0, 5, 0, 4, 2, 0, 1, 0, 41, 4, 0, 0, 0, 4, 0, 0, 3, 0, 0, 4, 0, 0, 1, 2, 0, 0, 1, 2, 0, 0, 0, 2, 0, 1, 40, : 4, 4, 2, 5, 4, 2, 1, 41, 4, 4, 3, 4, 1, 2, 1, 2, 2, 1, 40, 
353: 0, 3, 5, 0, 0, 0, 43, 0, 0, 1, 2, 0, 2, 2, 0, 0, 0, 44, 1, 0, 2, 4, 0, 0, 0, 1, 0, 4, 0, 3, 3, 3, 5, 0, 0, 0, 3, 0, 1, 2, : 3, 5, 43, 1, 2, 2, 2, 44, 1, 2, 4, 1, 4, 3, 3, 3, 5, 3, 1, 2, 
531: 0, 0, 0, 2, 0, 5, 0, 1, 2, 3, 1, 40, 0, 0, 1, 0, 40, 0, 0, 0, 0, 41, 0, 0, 0, 1, 0, 0, 0, 4, 1, 0, 2, 0, 3, 4, 3, 0, 0, 2, : 2, 5, 1, 2, 3, 1, 40, 1, 40, 41, 1, 4, 1, 2, 3, 4, 3, 2, 
583: 1, 0, 0, 0, 0, 0, 0, 0, 0, 5, 0, 0, 3, 2, 0, 5, 0, 2, 0, 0, 0, 0, 2, 0, 5, 2, 0, 0, 5, 4, 5, 0, 4, 0, 0, 0, 4, 4, 5, 0, : 1, 5, 3, 2, 5, 2, 2, 5, 2, 5, 4, 5, 4, 4, 4, 5, 
107: 1, 2, 0, 4, 0, 0, 0, 0, 5, 0, 5, 2, 1, 3, 3, 0, 42, 4, 0, 0, 4, 0, 0, 0, 4, 3, 2, 0, 0, 2, 0, 4, 0, 0, 0, 41, 4, 3, 44, 1, : 1, 2, 4, 5, 5, 2, 1, 3, 3, 42, 4, 4, 4, 3, 2, 2, 4, 41, 4, 3, 44, 1, 
674: 0, 0, 0, 2, 0, 0, 0, 0, 0, 0, 2, 0, 42, 3, 0, 0, 0, 5, 0, 5, 3, 2, 42, 1, 1, 0, 3, 5, 2, 0, 1, 1, 1, 0, 0, 0, 0, 0, 4, 2, : 2, 2, 42, 3, 5, 5, 3, 2, 42, 1, 1, 3, 5, 2, 1, 1, 1, 4, 2, 
319: 4, 2, 0, 2, 0, 3, 0, 0, 2, 0, 0, 2, 0, 42, 0, 0, 0, 2, 5, 0, 4, 0, 5, 5, 5, 4, 3, 42, 3, 0, 0, 0, 2, 0, 0, 0, 0, 4, 0, 0, : 4, 2, 2, 3, 2, 2, 42, 2, 5, 4, 5, 5, 5, 4, 3, 42, 3, 2, 4, 
683: 0, 0, 0, 3, 1, 0, 0, 0, 5, 0, 5, 0, 0, 0, 0, 0, 0, 0, 1, 3, 3, 0, 1, 0, 0, 2, 0, 1, 2, 5, 0, 0, 3, 0, 0, 0, 4, 0, 0, 42, : 3, 1, 5, 5, 1, 3, 3, 1, 2, 1, 2, 5, 3, 4, 42, 
216: 0, 0, 0, 4, 0, 1, 0, 0, 5, 0, 0, 0, 3, 0, 0, 40, 3, 3, 0, 0, 0, 0, 0, 3, 0, 0, 0, 2, 0, 1, 1, 0, 3, 0, 1, 1, 5, 4, 0, 5, : 4, 1, 5, 3, 40, 3, 3, 3, 2, 1, 1, 3, 1, 1, 5, 4, 5, 
587: 5, 3, 0, 40, 0, 4, 0, 5, 0, 0, 1, 0, 0, 0, 3, 2, 4, 4, 0, 0, 2, 0, 1, 3, 1, 3, 1, 4, 5, 3, 0, 4, 0, 0, 1, 0, 5, 0, 0, 0, : 5, 3, 40, 4, 5, 1, 3, 2, 4, 4, 2, 1, 3, 1, 3, 1, 4, 5, 3, 4, 1, 5, 
561: 1, 0, 44, 3, 0, 0, 0, 41, 2, 0, 5, 0, 0, 0, 0, 0, 0, 1, 0, 0, 5, 4, 5, 0, 1, 0, 4, 0, 4, 0, 0, 1, 4, 42, 0, 0, 5, 0, 0, 1, : 1, 44, 3, 41, 2, 5, 1, 5, 4, 5, 1, 4, 4, 1, 4, 42, 5, 1, 
366: 0, 0, 3, 0, 0, 0, 0, 3, 1, 0, 4, 4, 5, 0, 4, 0, 0, 1, 1, 0, 2, 3, 0, 0, 5, 0, 2, 0, 0, 5, 0, 0, 0, 1, 0, 1, 4, 0, 0, 0, : 3, 3, 1, 4, 4, 5, 4, 1, 1, 2, 3, 5, 2, 5, 1, 1, 4, 
435: 0, 1, 0, 0, 2, 0, 0, 0, 0, 0, 0, 0, 0, 0, 1, 0, 0, 5, 5, 1, 0, 0, 2, 0, 3, 0, 0, 1, 0, 3, 2, 1, 4, 4, 1, 0, 3, 0, 0, 0, : 1, 2, 1, 5, 5, 1, 2, 3, 1, 3, 2, 1, 4, 4, 1, 3, 
175: 0, 0, 1, 1, 4, 0, 3, 0, 2, 0, 3, 40, 3, 0, 43, 0, 0, 3, 0, 0, 3, 40, 1, 0, 2, 0, 0, 3, 0, 3, 0, 0, 3, 0, 0, 0, 0, 42, 0, 0, : 1, 1, 4, 3, 2, 3, 40, 3, 43, 3, 3, 40, 1, 2, 3, 3, 3, 42, 
729: 0, 0, 0, 0, 0, 0, 0, 0, 0, 0, 1, 0, 0, 0, 1, 0, 2, 0, 0, 0, 5, 0, 42, 5, 2, 0, 0, 0, 0, 40, 1, 0, 1, 0, 0, 2, 0, 2, 0, 0, : 1, 1, 2, 5, 42, 5, 2, 40, 1, 1, 2, 2, 
304: 0, 0, 2, 5, 3, 0, 0, 1, 1, 0, 0, 1, 0, 1, 0, 0, 3, 5, 0, 0, 3, 0, 2, 0, 3, 0, 42, 0, 0, 3, 3, 0, 2, 0, 0, 0, 4, 0, 0, 4, : 2, 5, 3, 1, 1, 1, 1, 3, 5, 3, 2, 3, 42, 3, 3, 2, 4, 4, 
192: 0, 5, 5, 4, 0, 1, 5, 0, 4, 0, 0, 0, 5, 0, 0, 0, 0, 0, 4, 0, 0, 0, 0, 2, 2, 0, 0, 0, 0, 0, 44, 0, 4, 1, 0, 0, 1, 0, 0, 0, : 5, 5, 4, 1, 5, 4, 5, 4, 2, 2, 44, 4, 1, 1, 
455: 1, 42, 0, 0, 0, 5, 0, 0, 0, 1, 1, 0, 0, 0, 0, 0, 0, 4, 0, 4, 5, 5, 0, 42, 1, 0, 1, 0, 0, 0, 0, 0, 0, 0, 0, 0, 0, 0, 0, 0, : 1, 42, 5, 1, 1, 4, 4, 5, 5, 42, 1, 1, 
213: 3, 1, 41, 2, 0, 0, 0, 0, 0, 0, 5, 4, 0, 0, 2, 0, 0, 0, 0, 3, 4, 4, 0, 0, 3, 0, 4, 1, 0, 5, 3, 1, 5, 0, 1, 5, 4, 1, 0, 1, : 3, 1, 41, 2, 5, 4, 2, 3, 4, 4, 3, 4, 1, 5, 3, 1, 5, 1, 5, 4, 1, 1, 
594: 43, 0, 2, 0, 5, 5, 0, 1, 4, 1, 4, 0, 4, 1, 0, 2, 0, 2, 0, 0, 43, 0, 0, 0, 1, 0, 2, 0, 3, 0, 0, 0, 5, 5, 0, 0, 1, 0, 0, 0, : 43, 2, 5, 5, 1, 4, 1, 4, 4, 1, 2, 2, 43, 1, 2, 3, 5, 5, 1, 
116: 4, 0, 5, 5, 4, 0, 0, 3, 0, 1, 2, 1, 0, 0, 0, 5, 0, 0, 1, 0, 0, 0, 0, 0, 5, 41, 2, 3, 0, 0, 1, 0, 0, 0, 0, 0, 3, 2, 1, 0, : 4, 5, 5, 4, 3, 1, 2, 1, 5, 1, 5, 41, 2, 3, 1, 3, 2, 1, 
610: 0, 0, 0, 1, 2, 4, 0, 4, 0, 0, 5, 1, 2, 0, 5, 3, 0, 0, 41, 3, 4, 0, 0, 0, 0, 4, 42, 40, 0, 0, 0, 0, 0, 0, 0, 1, 5, 0, 2, 2, : 1, 2, 4, 4, 5, 1, 2, 5, 3, 41, 3, 4, 4, 42, 40, 1, 5, 2, 2, 
401: 0, 3, 0, 0, 0, 2, 0, 5, 5, 0, 5, 2, 0, 0, 0, 1, 3, 2, 0, 1, 2, 0, 0, 0, 0, 0, 1, 0, 0, 3, 0, 4, 42, 5, 0, 5, 1, 3, 0, 5, : 3, 2, 5, 5, 5, 2, 1, 3, 2, 1, 2, 1, 3, 4, 42, 5, 5, 1, 3, 5, 
154: 3, 0, 0, 4, 0, 0, 4, 0, 1, 4, 0, 5, 0, 0, 0, 4, 0, 0, 0, 41, 3, 0, 0, 3, 1, 0, 3, 0, 40, 2, 2, 0, 4, 1, 3, 4, 3, 0, 0, 0, : 3, 4, 4, 1, 4, 5, 4, 41, 3, 3, 1, 3, 40, 2, 2, 4, 1, 3, 4, 3, 
88: 5, 4, 1, 0, 0, 0, 0, 0, 5, 0, 5, 0, 0, 0, 0, 0, 3, 0, 3, 0, 0, 0, 0, 1, 1, 0, 1, 2, 0, 4, 4, 0, 1, 0, 0, 0, 0, 3, 3, 0, : 5, 4, 1, 5, 5, 3, 3, 1, 1, 1, 2, 4, 4, 1, 3, 3, 
174: 0, 2, 0, 0, 2, 0, 0, 0, 0, 0, 0, 0, 4, 0, 44, 42, 0, 1, 0, 0, 3, 0, 0, 4, 0, 3, 0, 0, 0, 2, 0, 4, 3, 5, 0, 0, 4, 5, 0, 0, : 2, 2, 4, 44, 42, 1, 3, 4, 3, 2, 4, 3, 5, 4, 5, 
349: 0, 0, 0, 2, 0, 41, 0, 0, 4, 2, 5, 0, 40, 0, 3, 3, 0, 3, 4, 5, 0, 0, 0, 1, 3, 3, 0, 0, 0, 5, 4, 0, 2, 0, 0, 0, 0, 0, 0, 4, : 2, 41, 4, 2, 5, 40, 3, 3, 3, 4, 5, 1, 3, 3, 5, 4, 2, 4, 
794: 0, 1, 0, 2, 5, 0, 42, 0, 1, 43, 0, 0, 0, 3, 0, 0, 0, 3, 0, 0, 5, 1, 0, 4, 3, 0, 0, 0, 0, 1, 0, 41, 0, 0, 0, 0, 5, 0, 0, 0, : 1, 2, 5, 42, 1, 43, 3, 3, 5, 1, 4, 3, 1, 41, 5, 
312: 0, 1, 0, 5, 0, 0, 0, 0, 0, 1, 0, 0, 2, 4, 0, 1, 5, 5, 0, 0, 1, 0, 3, 0, 3, 3, 2, 0, 40, 3, 41, 4, 0, 0, 5, 0, 0, 0, 0, 0, : 1, 5, 1, 2, 4, 1, 5, 5, 1, 3, 3, 3, 2, 40, 3, 41, 4, 5, 
30: 0, 0, 0, 2, 41, 0, 2, 0, 4, 0, 42, 0, 1, 0, 0, 1, 0, 0, 0, 3, 0, 0, 0, 0, 1, 0, 0, 0, 2, 0, 0, 0, 2, 0, 2, 0, 0, 4, 4, 0, : 2, 41, 2, 4, 42, 1, 1, 3, 1, 2, 2, 2, 4, 4, 
359: 0, 0, 0, 4, 0, 0, 0, 3, 0, 0, 2, 3, 0, 0, 1, 0, 0, 5, 0, 0, 5, 2, 2, 0, 2, 0, 0, 3, 1, 2, 0, 2, 2, 1, 3, 1, 0, 0, 0, 3, : 4, 3, 2, 3, 1, 5, 5, 2, 2, 2, 3, 1, 2, 2, 2, 1, 3, 1, 3, 


159: 2, 4, 0, 3, 4, 5, 0, 1, 0, 0, 2, 1, 2, 1, 2, 41, 0, 0, 4, 5, 0, 1, 5, 0, 0, 0, 0, 0, 0, 5, 0, 4, 0, 0, 0, 42, 0, 4, 1, 4, : 2, 4, 3, 4, 5, 1, 2, 1, 2, 1, 2, 41, 4, 5, 1, 5, 5, 4, 42, 4, 1, 4, 
19: 0, 1, 1, 1, 3, 0, 0, 3, 5, 0, 0, 4, 1, 0, 0, 0, 0, 0, 3, 1, 1, 0, 0, 1, 0, 0, 2, 0, 42, 5, 3, 4, 3, 5, 0, 0, 0, 0, 0, 1, : 1, 1, 1, 3, 3, 5, 4, 1, 3, 1, 1, 1, 2, 42, 5, 3, 4, 3, 5, 1, 
698: 0, 1, 4, 0, 2, 0, 43, 1, 0, 0, 3, 0, 3, 0, 0, 1, 4, 0, 0, 5, 0, 0, 1, 0, 4, 0, 0, 1, 3, 3, 5, 3, 0, 0, 43, 0, 0, 0, 3, 0, : 1, 4, 2, 43, 1, 3, 3, 1, 4, 5, 1, 4, 1, 3, 3, 5, 3, 43, 3, 
381: 4, 5, 0, 0, 1, 0, 0, 0, 4, 0, 0, 0, 5, 4, 4, 0, 2, 0, 42, 0, 0, 4, 0, 0, 0, 2, 0, 0, 1, 0, 0, 0, 0, 1, 44, 0, 0, 2, 0, 5, : 4, 5, 1, 4, 5, 4, 4, 2, 42, 4, 2, 1, 1, 44, 2, 5, 
447: 2, 2, 1, 2, 1, 2, 1, 3, 4, 0, 0, 0, 3, 3, 0, 0, 4, 2, 1, 0, 4, 0, 0, 0, 4, 0, 0, 5, 0, 1, 2, 3, 0, 2, 0, 0, 4, 0, 0, 2, : 2, 2, 1, 2, 1, 2, 1, 3, 4, 3, 3, 4, 2, 1, 4, 4, 5, 1, 2, 3, 2, 4, 2, 
37: 0, 3, 0, 0, 4, 0, 0, 2, 3, 0, 0, 1, 3, 2, 0, 0, 0, 0, 0, 0, 0, 0, 2, 0, 1, 5, 5, 0, 1, 5, 2, 5, 0, 5, 0, 4, 0, 0, 4, 0, : 3, 4, 2, 3, 1, 3, 2, 2, 1, 5, 5, 1, 5, 2, 5, 5, 4, 4, 
523: 1, 0, 1, 5, 2, 2, 1, 2, 5, 3, 3, 41, 2, 43, 0, 0, 1, 0, 0, 3, 0, 0, 0, 41, 0, 1, 4, 0, 0, 2, 2, 1, 1, 3, 2, 0, 0, 5, 0, 0, : 1, 1, 5, 2, 2, 1, 2, 5, 3, 3, 41, 2, 43, 1, 3, 41, 1, 4, 2, 2, 1, 1, 3, 2, 5, 
413: 1, 0, 5, 0, 3, 1, 4, 0, 40, 0, 4, 0, 1, 2, 0, 0, 0, 0, 0, 41, 0, 4, 0, 0, 4, 3, 0, 43, 1, 0, 0, 0, 2, 5, 0, 0, 0, 0, 2, 0, : 1, 5, 3, 1, 4, 40, 4, 1, 2, 41, 4, 4, 3, 43, 1, 2, 5, 2, 
123: 0, 0, 1, 4, 5, 0, 4, 3, 1, 0, 5, 5, 0, 1, 4, 0, 0, 0, 2, 3, 0, 3, 0, 0, 3, 3, 0, 0, 0, 5, 2, 4, 0, 3, 0, 0, 0, 4, 0, 3, : 1, 4, 5, 4, 3, 1, 5, 5, 1, 4, 2, 3, 3, 3, 3, 5, 2, 4, 3, 4, 3, 
69: 41, 3, 5, 2, 0, 44, 0, 1, 0, 4, 0, 0, 2, 5, 43, 0, 1, 0, 0, 0, 0, 0, 2, 3, 2, 0, 4, 0, 0, 0, 3, 5, 1, 0, 0, 0, 42, 0, 5, 0, : 41, 3, 5, 2, 44, 1, 4, 2, 5, 43, 1, 2, 3, 2, 4, 3, 5, 1, 42, 5, 
770: 4, 0, 2, 5, 1, 4, 3, 2, 0, 0, 4, 0, 41, 0, 0, 0, 1, 5, 0, 5, 2, 0, 40, 5, 40, 1, 4, 0, 0, 2, 3, 5, 2, 3, 0, 2, 0, 0, 4, 4, : 4, 2, 5, 1, 4, 3, 2, 4, 41, 1, 5, 5, 2, 40, 5, 40, 1, 4, 2, 3, 5, 2, 3, 2, 4, 4, 
560: 2, 2, 5, 0, 1, 43, 0, 3, 0, 41, 0, 4, 2, 0, 0, 4, 5, 2, 0, 2, 0, 3, 0, 2, 5, 0, 0, 1, 1, 5, 2, 0, 0, 0, 5, 4, 4, 5, 2, 5, : 2, 2, 5, 1, 43, 3, 41, 4, 2, 4, 5, 2, 2, 3, 2, 5, 1, 1, 5, 2, 5, 4, 4, 5, 2, 5, 
321: 0, 2, 4, 4, 3, 1, 5, 0, 2, 0, 1, 0, 5, 4, 0, 4, 1, 1, 0, 0, 3, 0, 0, 0, 0, 3, 0, 44, 0, 0, 0, 43, 0, 1, 2, 4, 0, 3, 3, 0, : 2, 4, 4, 3, 1, 5, 2, 1, 5, 4, 4, 1, 1, 3, 3, 44, 43, 1, 2, 4, 3, 3, 
105: 3, 3, 5, 0, 2, 0, 0, 43, 2, 4, 4, 0, 0, 2, 0, 0, 0, 0, 0, 0, 0, 0, 0, 1, 5, 4, 0, 4, 4, 0, 1, 4, 5, 3, 0, 0, 5, 0, 2, 0, : 3, 3, 5, 2, 43, 2, 4, 4, 2, 1, 5, 4, 4, 4, 1, 4, 5, 3, 5, 2, 
153: 1, 5, 0, 0, 1, 0, 3, 1, 5, 0, 0, 0, 1, 3, 0, 0, 0, 0, 0, 0, 1, 0, 0, 0, 5, 0, 2, 0, 0, 0, 4, 0, 0, 5, 5, 0, 0, 0, 5, 1, : 1, 5, 1, 3, 1, 5, 1, 3, 1, 5, 2, 4, 5, 5, 5, 1, 
542: 3, 3, 4, 5, 1, 0, 0, 0, 3, 40, 0, 0, 3, 3, 0, 3, 0, 0, 5, 1, 0, 0, 0, 1, 0, 0, 0, 5, 4, 1, 40, 0, 0, 0, 0, 2, 0, 2, 0, 0, : 3, 3, 4, 5, 1, 3, 40, 3, 3, 3, 5, 1, 1, 5, 4, 1, 40, 2, 2, 
423: 5, 5, 0, 5, 4, 0, 0, 2, 0, 3, 0, 1, 2, 2, 0, 0, 0, 0, 0, 0, 0, 0, 0, 5, 4, 0, 0, 0, 2, 3, 0, 3, 4, 1, 4, 44, 0, 0, 0, 1, : 5, 5, 5, 4, 2, 3, 1, 2, 2, 5, 4, 2, 3, 3, 4, 1, 4, 44, 1, 
15: 2, 2, 5, 5, 44, 3, 0, 3, 3, 0, 0, 0, 0, 5, 5, 0, 0, 0, 0, 0, 0, 0, 0, 3, 5, 2, 0, 0, 0, 0, 5, 5, 1, 3, 0, 3, 0, 1, 0, 0, : 2, 2, 5, 5, 44, 3, 3, 3, 5, 5, 3, 5, 2, 5, 5, 1, 3, 3, 1, 
120: 0, 2, 1, 0, 1, 0, 0, 3, 1, 0, 0, 0, 0, 0, 0, 0, 0, 5, 0, 1, 0, 42, 0, 40, 2, 0, 0, 1, 1, 3, 1, 1, 3, 4, 0, 3, 1, 0, 0, 0, : 2, 1, 1, 3, 1, 5, 1, 42, 40, 2, 1, 1, 3, 1, 1, 3, 4, 3, 1, 
642: 3, 3, 5, 3, 3, 0, 3, 3, 0, 0, 0, 5, 5, 3, 0, 0, 0, 3, 3, 0, 4, 0, 1, 0, 0, 41, 0, 0, 0, 1, 0, 1, 4, 0, 0, 0, 4, 0, 1, 0, : 3, 3, 5, 3, 3, 3, 3, 5, 5, 3, 3, 3, 4, 1, 41, 1, 1, 4, 4, 1, 
302: 2, 0, 0, 0, 4, 0, 0, 5, 1, 2, 0, 0, 0, 5, 0, 0, 0, 1, 3, 5, 0, 2, 43, 0, 0, 0, 0, 0, 0, 4, 1, 3, 0, 0, 4, 0, 0, 0, 42, 0, : 2, 4, 5, 1, 2, 5, 1, 3, 5, 2, 43, 4, 1, 3, 4, 42, 
346: 4, 44, 0, 3, 0, 0, 0, 5, 0, 0, 0, 0, 3, 4, 0, 0, 1, 0, 0, 5, 4, 42, 0, 0, 4, 2, 0, 0, 4, 0, 0, 0, 43, 40, 0, 0, 0, 0, 5, 0, : 4, 44, 3, 5, 3, 4, 1, 5, 4, 42, 4, 2, 4, 43, 40, 5, 
351: 5, 5, 2, 4, 0, 2, 0, 1, 1, 0, 2, 0, 1, 0, 0, 4, 0, 0, 0, 0, 4, 0, 0, 0, 2, 0, 0, 0, 0, 0, 3, 0, 2, 0, 1, 2, 3, 5, 1, 44, : 5, 5, 2, 4, 2, 1, 1, 2, 1, 4, 4, 2, 3, 2, 1, 2, 3, 5, 1, 44, 
150: 0, 3, 0, 4, 2, 0, 1, 4, 1, 5, 0, 0, 5, 0, 42, 0, 1, 0, 0, 3, 0, 3, 0, 4, 0, 0, 44, 0, 2, 0, 1, 0, 0, 1, 0, 0, 2, 41, 4, 5, : 3, 4, 2, 1, 4, 1, 5, 5, 42, 1, 3, 3, 4, 44, 2, 1, 1, 2, 41, 4, 5, 
690: 4, 0, 0, 3, 2, 0, 0, 1, 4, 3, 0, 3, 0, 0, 4, 2, 44, 0, 5, 0, 0, 5, 2, 0, 0, 0, 2, 0, 0, 1, 5, 1, 0, 0, 0, 0, 0, 0, 2, 3, : 4, 3, 2, 1, 4, 3, 3, 4, 2, 44, 5, 5, 2, 2, 1, 5, 1, 2, 3, 
527: 0, 1, 5, 4, 1, 4, 1, 3, 0, 0, 0, 0, 5, 1, 0, 40, 0, 4, 0, 4, 3, 1, 0, 0, 4, 0, 0, 0, 0, 0, 0, 0, 0, 3, 0, 0, 0, 0, 4, 5, : 1, 5, 4, 1, 4, 1, 3, 5, 1, 40, 4, 4, 3, 1, 4, 3, 4, 5, 
495: 4, 2, 0, 5, 3, 4, 4, 3, 5, 0, 3, 1, 0, 0, 4, 0, 0, 0, 0, 2, 0, 0, 0, 4, 0, 0, 2, 0, 5, 3, 5, 3, 2, 4, 2, 1, 2, 0, 3, 0, : 4, 2, 5, 3, 4, 4, 3, 5, 3, 1, 4, 2, 4, 2, 5, 3, 5, 3, 2, 4, 2, 1, 2, 3, 
238: 5, 1, 5, 0, 1, 0, 3, 3, 3, 5, 5, 0, 0, 3, 0, 0, 0, 0, 0, 0, 0, 0, 5, 3, 3, 0, 1, 5, 0, 44, 0, 0, 2, 5, 5, 0, 0, 5, 1, 1, : 5, 1, 5, 1, 3, 3, 3, 5, 5, 3, 5, 3, 3, 1, 5, 44, 2, 5, 5, 5, 1, 1, 
707: 0, 2, 2, 3, 2, 0, 1, 0, 3, 0, 41, 0, 3, 4, 0, 3, 0, 5, 0, 2, 0, 4, 2, 0, 0, 0, 42, 0, 0, 5, 5, 0, 0, 4, 0, 3, 0, 0, 5, 4, : 2, 2, 3, 2, 1, 3, 41, 3, 4, 3, 5, 2, 4, 2, 42, 5, 5, 4, 3, 5, 4, 
771: 5, 1, 0, 2, 3, 0, 0, 2, 2, 5, 0, 0, 5, 0, 3, 0, 0, 1, 0, 1, 0, 4, 0, 2, 3, 0, 0, 5, 41, 3, 3, 5, 0, 1, 0, 0, 1, 3, 2, 3, : 5, 1, 2, 3, 2, 2, 5, 5, 3, 1, 1, 4, 2, 3, 5, 41, 3, 3, 5, 1, 1, 3, 2, 3, 
492: 1, 5, 2, 1, 2, 0, 0, 0, 0, 0, 0, 0, 0, 0, 0, 4, 5, 0, 0, 5, 0, 0, 0, 0, 2, 0, 3, 1, 0, 5, 0, 1, 0, 3, 0, 0, 4, 0, 0, 0, : 1, 5, 2, 1, 2, 4, 5, 5, 2, 3, 1, 5, 1, 3, 4, 
483: 4, 0, 5, 0, 0, 2, 0, 5, 0, 0, 0, 0, 5, 1, 4, 5, 0, 43, 4, 4, 5, 0, 0, 1, 3, 0, 0, 0, 0, 1, 4, 2, 0, 3, 0, 1, 1, 0, 0, 4, : 4, 5, 2, 5, 5, 1, 4, 5, 43, 4, 4, 5, 1, 3, 1, 4, 2, 3, 1, 1, 4, 
39: 5, 0, 0, 1, 1, 0, 0, 0, 0, 0, 0, 42, 0, 0, 0, 5, 5, 42, 0, 4, 2, 0, 4, 0, 3, 2, 0, 0, 0, 4, 5, 0, 0, 0, 2, 0, 0, 0, 5, 3, : 5, 1, 1, 42, 5, 5, 42, 4, 2, 4, 3, 2, 4, 5, 2, 5, 3, 
100: 0, 0, 3, 0, 0, 0, 40, 0, 1, 0, 0, 0, 1, 0, 0, 0, 2, 0, 3, 1, 0, 2, 3, 4, 0, 0, 0, 0, 0, 0, 3, 3, 40, 0, 0, 5, 0, 0, 4, 5, : 3, 40, 1, 1, 2, 3, 1, 2, 3, 4, 3, 3, 40, 5, 4, 5, 
487: 0, 2, 0, 0, 0, 0, 2, 0, 5, 0, 3, 4, 4, 5, 4, 0, 43, 2, 0, 4, 0, 0, 1, 0, 2, 0, 0, 2, 0, 3, 0, 3, 5, 2, 0, 0, 2, 0, 3, 2, : 2, 2, 5, 3, 4, 4, 5, 4, 43, 2, 4, 1, 2, 2, 3, 3, 5, 2, 2, 3, 2, 
496: 2, 4, 40, 0, 3, 0, 0, 4, 4, 0, 0, 4, 3, 4, 0, 0, 0, 1, 0, 5, 1, 0, 0, 0, 1, 3, 0, 0, 0, 0, 1, 5, 0, 3, 1, 0, 1, 0, 5, 4, : 2, 4, 40, 3, 4, 4, 4, 3, 4, 1, 5, 1, 1, 3, 1, 5, 3, 1, 1, 5, 4, 
54: 0, 0, 0, 1, 3, 0, 0, 1, 2, 0, 0, 0, 3, 0, 0, 0, 0, 0, 2, 2, 42, 0, 4, 0, 4, 5, 0, 0, 0, 0, 2, 0, 0, 0, 0, 0, 42, 0, 0, 1, : 1, 3, 1, 2, 3, 2, 2, 42, 4, 4, 5, 2, 42, 1, 
446: 0, 2, 2, 2, 3, 0, 0, 4, 5, 0, 0, 0, 1, 2, 0, 0, 0, 0, 42, 5, 44, 0, 0, 0, 0, 3, 0, 0, 4, 2, 0, 1, 0, 0, 0, 0, 0, 0, 0, 3, : 2, 2, 2, 3, 4, 5, 1, 2, 42, 5, 44, 3, 4, 2, 1, 3, 
595: 0, 0, 0, 40, 3, 0, 1, 0, 1, 5, 0, 4, 0, 3, 0, 4, 0, 0, 0, 1, 0, 0, 3, 0, 4, 0, 5, 0, 4, 0, 5, 0, 0, 3, 0, 0, 2, 40, 2, 3, : 40, 3, 1, 1, 5, 4, 3, 4, 1, 3, 4, 5, 4, 5, 3, 2, 40, 2, 3, 
8: 5, 2, 5, 3, 1, 3, 0, 3, 4, 0, 40, 0, 0, 5, 1, 0, 0, 3, 1, 0, 0, 0, 2, 0, 1, 40, 0, 3, 0, 4, 2, 2, 0, 4, 0, 0, 0, 0, 0, 4, : 5, 2, 5, 3, 1, 3, 3, 4, 40, 5, 1, 3, 1, 2, 1, 40, 3, 4, 2, 2, 4, 4, 


591: 1, 0, 0, 3, 1, 5, 2, 3, 2, 0, 0, 5, 0, 0, 0, 0, 4, 40, 3, 3, 0, 0, 0, 0, 5, 2, 5, 5, 3, 1, 0, 0, 0, 1, 0, 3, 0, 0, 5, 0, : 1, 3, 1, 5, 2, 3, 2, 5, 4, 40, 3, 3, 5, 2, 5, 5, 3, 1, 1, 3, 5, 
491: 1, 0, 44, 0, 43, 0, 0, 3, 5, 0, 1, 0, 0, 1, 0, 0, 4, 0, 0, 5, 0, 2, 41, 0, 0, 0, 2, 4, 4, 1, 5, 0, 1, 3, 0, 0, 2, 0, 0, 0, : 1, 44, 43, 3, 5, 1, 1, 4, 5, 2, 41, 2, 4, 4, 1, 5, 1, 3, 2, 
80: 0, 0, 0, 0, 0, 5, 43, 2, 0, 0, 1, 1, 0, 1, 0, 1, 0, 2, 2, 3, 3, 0, 1, 0, 0, 3, 1, 1, 0, 0, 0, 0, 2, 3, 42, 0, 0, 3, 0, 0, : 5, 43, 2, 1, 1, 1, 1, 2, 2, 3, 3, 1, 3, 1, 1, 2, 3, 42, 3, 
417: 0, 0, 0, 5, 0, 4, 2, 1, 40, 0, 0, 0, 0, 0, 0, 0, 0, 0, 0, 3, 0, 5, 0, 4, 1, 0, 42, 1, 0, 0, 5, 0, 0, 0, 4, 0, 0, 4, 0, 2, : 5, 4, 2, 1, 40, 3, 5, 4, 1, 42, 1, 5, 4, 4, 2, 
461: 5, 0, 3, 0, 0, 3, 0, 0, 0, 0, 0, 1, 0, 5, 0, 0, 0, 0, 40, 3, 3, 0, 0, 44, 2, 0, 5, 1, 1, 0, 0, 0, 0, 0, 0, 0, 2, 3, 0, 3, : 5, 3, 3, 1, 5, 40, 3, 3, 44, 2, 5, 1, 1, 2, 3, 3, 
182: 0, 0, 0, 5, 0, 0, 0, 3, 1, 1, 5, 3, 0, 0, 1, 0, 3, 5, 1, 0, 5, 1, 0, 0, 4, 3, 0, 3, 2, 1, 1, 1, 0, 1, 0, 3, 0, 0, 0, 0, : 5, 3, 1, 1, 5, 3, 1, 3, 5, 1, 5, 1, 4, 3, 3, 2, 1, 1, 1, 1, 3, 
260: 0, 3, 0, 4, 1, 1, 0, 3, 0, 0, 0, 3, 0, 0, 0, 5, 0, 0, 0, 2, 5, 4, 0, 0, 0, 2, 2, 1, 0, 0, 40, 1, 2, 0, 0, 0, 1, 0, 1, 0, : 3, 4, 1, 1, 3, 3, 5, 2, 5, 4, 2, 2, 1, 40, 1, 2, 1, 1, 
307: 1, 43, 0, 2, 4, 0, 0, 2, 41, 5, 0, 4, 4, 0, 1, 0, 4, 3, 0, 4, 3, 3, 0, 0, 41, 0, 2, 41, 3, 0, 0, 1, 0, 4, 0, 0, 2, 0, 0, 1, : 1, 43, 2, 4, 2, 41, 5, 4, 4, 1, 4, 3, 4, 3, 3, 41, 2, 41, 3, 1, 4, 2, 1, 
724: 0, 0, 0, 2, 0, 4, 0, 5, 4, 0, 0, 0, 0, 0, 4, 0, 3, 2, 0, 0, 1, 0, 3, 0, 2, 0, 0, 0, 5, 5, 0, 5, 0, 3, 5, 0, 0, 0, 5, 0, : 2, 4, 5, 4, 4, 3, 2, 1, 3, 2, 5, 5, 5, 3, 5, 5, 
57: 44, 0, 4, 1, 0, 2, 0, 2, 0, 0, 0, 4, 2, 0, 4, 41, 0, 0, 0, 2, 4, 4, 0, 0, 4, 5, 3, 1, 4, 1, 1, 0, 2, 2, 4, 0, 1, 0, 5, 0, : 44, 4, 1, 2, 2, 4, 2, 4, 41, 2, 4, 4, 4, 5, 3, 1, 4, 1, 1, 2, 2, 4, 1, 5, 
715: 0, 2, 2, 4, 0, 0, 0, 2, 0, 0, 0, 4, 0, 0, 0, 0, 4, 0, 0, 0, 5, 0, 44, 0, 3, 0, 2, 0, 0, 3, 1, 1, 0, 4, 0, 0, 0, 0, 2, 4, : 2, 2, 4, 2, 4, 4, 5, 44, 3, 2, 3, 1, 1, 4, 2, 4, 
418: 4, 0, 0, 0, 0, 4, 0, 3, 2, 4, 40, 1, 0, 5, 0, 0, 1, 0, 0, 5, 40, 1, 0, 1, 1, 0, 4, 4, 3, 1, 1, 5, 0, 4, 0, 0, 0, 1, 3, 0, : 4, 4, 3, 2, 4, 40, 1, 5, 1, 5, 40, 1, 1, 1, 4, 4, 3, 1, 1, 5, 4, 1, 3, 
4: 0, 1, 41, 3, 0, 0, 0, 1, 0, 44, 4, 0, 0, 0, 1, 2, 0, 5, 5, 1, 0, 4, 0, 4, 0, 4, 0, 0, 4, 4, 0, 2, 44, 4, 0, 1, 0, 0, 0, 2, : 1, 41, 3, 1, 44, 4, 1, 2, 5, 5, 1, 4, 4, 4, 4, 4, 2, 44, 4, 1, 2, 
143: 0, 0, 0, 5, 0, 0, 0, 42, 0, 4, 0, 0, 0, 0, 0, 3, 2, 0, 5, 0, 1, 0, 0, 0, 4, 0, 5, 5, 5, 5, 1, 0, 0, 1, 1, 2, 0, 0, 0, 4, : 5, 42, 4, 3, 2, 5, 1, 4, 5, 5, 5, 5, 1, 1, 1, 2, 4, 
584: 0, 5, 0, 3, 0, 5, 0, 1, 4, 5, 0, 0, 3, 0, 0, 0, 2, 0, 0, 0, 5, 0, 0, 0, 3, 2, 4, 5, 3, 4, 1, 0, 41, 0, 0, 0, 0, 3, 0, 0, : 5, 3, 5, 1, 4, 5, 3, 2, 5, 3, 2, 4, 5, 3, 4, 1, 41, 3, 
50: 5, 0, 0, 5, 0, 0, 0, 0, 0, 3, 5, 1, 0, 0, 0, 3, 0, 0, 0, 0, 5, 4, 0, 0, 3, 0, 0, 3, 2, 0, 0, 0, 3, 3, 2, 0, 0, 0, 0, 2, : 5, 5, 3, 5, 1, 3, 5, 4, 3, 3, 2, 3, 3, 2, 2, 
638: 1, 0, 2, 2, 0, 3, 0, 3, 0, 0, 3, 4, 5, 0, 0, 0, 4, 0, 0, 0, 0, 0, 0, 0, 0, 1, 5, 1, 0, 5, 4, 2, 0, 3, 0, 0, 0, 43, 0, 0, : 1, 2, 2, 3, 3, 3, 4, 5, 4, 1, 5, 1, 5, 4, 2, 3, 43, 
760: 2, 1, 0, 0, 1, 4, 5, 1, 0, 1, 0, 0, 0, 5, 41, 0, 5, 4, 0, 0, 4, 5, 4, 3, 0, 0, 4, 0, 0, 3, 0, 5, 0, 3, 42, 0, 5, 0, 0, 0, : 2, 1, 1, 4, 5, 1, 1, 5, 41, 5, 4, 4, 5, 4, 3, 4, 3, 5, 3, 42, 5, 
508: 0, 0, 0, 0, 0, 0, 0, 5, 0, 0, 0, 44, 0, 3, 0, 0, 5, 0, 2, 5, 0, 2, 5, 42, 0, 0, 3, 4, 0, 2, 0, 40, 0, 4, 0, 0, 40, 0, 0, 3, : 5, 44, 3, 5, 2, 5, 2, 5, 42, 3, 4, 2, 40, 4, 40, 3, 
716: 3, 4, 0, 1, 0, 0, 1, 5, 0, 0, 0, 4, 0, 0, 5, 0, 2, 0, 0, 2, 5, 1, 0, 0, 4, 0, 2, 3, 3, 5, 43, 5, 1, 2, 3, 1, 0, 0, 42, 0, : 3, 4, 1, 1, 5, 4, 5, 2, 2, 5, 1, 4, 2, 3, 3, 5, 43, 5, 1, 2, 3, 1, 42, 
271: 0, 4, 0, 1, 0, 0, 0, 0, 0, 0, 0, 0, 0, 41, 40, 0, 0, 0, 0, 3, 3, 0, 3, 5, 0, 0, 0, 0, 2, 5, 0, 0, 0, 4, 0, 0, 1, 0, 5, 0, : 4, 1, 41, 40, 3, 3, 3, 5, 2, 5, 4, 1, 5, 
506: 0, 0, 0, 2, 5, 0, 2, 4, 3, 40, 0, 0, 0, 0, 1, 0, 0, 0, 0, 0, 0, 0, 0, 0, 5, 0, 4, 4, 1, 4, 0, 0, 1, 1, 0, 1, 5, 0, 1, 4, : 2, 5, 2, 4, 3, 40, 1, 5, 4, 4, 1, 4, 1, 1, 1, 5, 1, 4, 
156: 0, 0, 0, 3, 0, 0, 1, 0, 0, 0, 0, 2, 1, 0, 1, 0, 43, 1, 0, 1, 4, 1, 0, 0, 1, 42, 0, 0, 4, 44, 0, 2, 5, 4, 0, 0, 0, 1, 0, 0, : 3, 1, 2, 1, 1, 43, 1, 1, 4, 1, 1, 42, 4, 44, 2, 5, 4, 1, 
663: 0, 0, 0, 1, 0, 0, 0, 0, 0, 0, 0, 4, 0, 2, 4, 0, 2, 0, 0, 3, 1, 2, 5, 5, 5, 2, 4, 0, 0, 1, 4, 0, 0, 0, 1, 5, 0, 0, 0, 0, : 1, 4, 2, 4, 2, 3, 1, 2, 5, 5, 5, 2, 4, 1, 4, 1, 5, 
629: 0, 0, 0, 3, 42, 2, 0, 5, 2, 3, 0, 0, 3, 3, 0, 0, 1, 0, 0, 5, 0, 3, 0, 2, 4, 0, 2, 4, 1, 0, 0, 4, 2, 5, 0, 0, 0, 0, 1, 0, : 3, 42, 2, 5, 2, 3, 3, 3, 1, 5, 3, 2, 4, 2, 4, 1, 4, 2, 5, 1, 
598: 0, 0, 4, 4, 1, 2, 3, 1, 0, 3, 0, 1, 5, 0, 0, 4, 1, 0, 0, 43, 4, 4, 0, 0, 0, 40, 2, 1, 0, 3, 0, 0, 0, 3, 1, 0, 0, 0, 0, 0, : 4, 4, 1, 2, 3, 1, 3, 1, 5, 4, 1, 43, 4, 4, 40, 2, 1, 3, 3, 1, 
135: 0, 0, 0, 0, 0, 2, 4, 2, 0, 0, 5, 0, 0, 0, 1, 0, 5, 0, 2, 1, 2, 1, 0, 0, 5, 2, 0, 0, 1, 1, 0, 0, 0, 0, 2, 40, 0, 40, 3, 0, : 2, 4, 2, 5, 1, 5, 2, 1, 2, 1, 5, 2, 1, 1, 2, 40, 40, 3, 
717: 1, 0, 0, 0, 0, 5, 0, 0, 3, 0, 0, 5, 2, 0, 0, 0, 4, 0, 43, 5, 4, 5, 0, 1, 4, 4, 0, 0, 0, 2, 0, 0, 2, 40, 0, 2, 3, 0, 0, 42, : 1, 5, 3, 5, 2, 4, 43, 5, 4, 5, 1, 4, 4, 2, 2, 40, 2, 3, 42, 
136: 1, 0, 0, 0, 3, 5, 4, 5, 3, 0, 0, 5, 43, 5, 0, 1, 1, 1, 4, 3, 2, 0, 0, 1, 3, 0, 4, 4, 0, 4, 0, 0, 0, 2, 0, 0, 44, 2, 1, 1, : 1, 3, 5, 4, 5, 3, 5, 43, 5, 1, 1, 1, 4, 3, 2, 1, 3, 4, 4, 4, 2, 44, 2, 1, 1, 
722: 0, 5, 0, 0, 0, 43, 2, 4, 0, 0, 2, 0, 44, 0, 0, 5, 1, 0, 0, 1, 0, 44, 3, 0, 0, 0, 1, 5, 2, 0, 0, 0, 2, 1, 0, 0, 1, 5, 41, 0, : 5, 43, 2, 4, 2, 44, 5, 1, 1, 44, 3, 1, 5, 2, 2, 1, 1, 5, 41, 
64: 2, 0, 5, 43, 0, 1, 4, 0, 0, 3, 0, 5, 0, 0, 5, 4, 4, 4, 5, 0, 3, 5, 0, 0, 4, 0, 0, 0, 4, 5, 5, 0, 1, 1, 0, 0, 0, 4, 0, 0, : 2, 5, 43, 1, 4, 3, 5, 5, 4, 4, 4, 5, 3, 5, 4, 4, 5, 5, 1, 1, 4, 
5: 0, 0, 5, 5, 4, 1, 3, 0, 4, 0, 2, 5, 0, 0, 1, 0, 0, 0, 0, 2, 3, 3, 0, 2, 1, 2, 3, 4, 3, 0, 0, 2, 0, 1, 0, 0, 2, 0, 5, 0, : 5, 5, 4, 1, 3, 4, 2, 5, 1, 2, 3, 3, 2, 1, 2, 3, 4, 3, 2, 1, 2, 5, 
750: 0, 0, 0, 0, 0, 5, 1, 3, 0, 0, 0, 0, 0, 41, 4, 0, 1, 0, 0, 1, 0, 1, 2, 0, 4, 0, 0, 4, 3, 0, 0, 42, 4, 1, 0, 0, 0, 0, 0, 0, : 5, 1, 3, 41, 4, 1, 1, 1, 2, 4, 4, 3, 42, 4, 1, 
44: 0, 0, 3, 0, 1, 5, 0, 1, 5, 0, 0, 0, 1, 4, 0, 0, 5, 1, 2, 5, 0, 0, 0, 1, 0, 0, 0, 0, 5, 0, 3, 0, 5, 3, 5, 0, 3, 0, 0, 43, : 3, 1, 5, 1, 5, 1, 4, 5, 1, 2, 5, 1, 5, 3, 5, 3, 5, 3, 43, 
142: 0, 1, 3, 4, 3, 0, 0, 0, 0, 0, 0, 1, 0, 0, 1, 2, 0, 1, 2, 1, 1, 5, 0, 0, 4, 0, 0, 1, 5, 5, 0, 0, 2, 4, 0, 5, 0, 1, 0, 4, : 1, 3, 4, 3, 1, 1, 2, 1, 2, 1, 1, 5, 4, 1, 5, 5, 2, 4, 5, 1, 4, 
600: 44, 0, 0, 2, 1, 3, 42, 0, 0, 0, 5, 1, 4, 0, 0, 5, 0, 0, 4, 1, 3, 5, 1, 0, 0, 1, 1, 5, 43, 2, 0, 0, 0, 0, 0, 43, 5, 0, 0, 0, : 44, 2, 1, 3, 42, 5, 1, 4, 5, 4, 1, 3, 5, 1, 1, 1, 5, 43, 2, 43, 5, 
350: 2, 5, 4, 2, 3, 0, 0, 0, 1, 0, 0, 2, 3, 0, 0, 0, 4, 44, 0, 1, 0, 0, 4, 0, 2, 0, 0, 0, 0, 0, 0, 0, 0, 1, 3, 2, 1, 5, 0, 0, : 2, 5, 4, 2, 3, 1, 2, 3, 4, 44, 1, 4, 2, 1, 3, 2, 1, 5, 
439: 3, 43, 0, 0, 5, 3, 0, 1, 0, 4, 0, 5, 0, 0, 2, 4, 5, 3, 0, 0, 1, 3, 4, 0, 0, 4, 0, 3, 0, 0, 5, 0, 0, 3, 5, 4, 2, 4, 0, 5, : 3, 43, 5, 3, 1, 4, 5, 2, 4, 5, 3, 1, 3, 4, 4, 3, 5, 3, 5, 4, 2, 4, 5, 
6: 0, 0, 0, 1, 2, 3, 1, 5, 0, 0, 44, 5, 0, 0, 1, 0, 0, 4, 0, 3, 0, 2, 0, 0, 1, 1, 5, 1, 3, 2, 0, 2, 0, 0, 0, 5, 0, 0, 0, 0, : 1, 2, 3, 1, 5, 44, 5, 1, 4, 3, 2, 1, 1, 5, 1, 3, 2, 2, 5, 
749: 0, 3, 0, 4, 0, 0, 0, 2, 0, 0, 3, 0, 0, 4, 2, 40, 0, 0, 0, 3, 0, 0, 0, 5, 0, 0, 3, 1, 1, 1, 0, 0, 0, 1, 0, 3, 0, 1, 0, 0, : 3, 4, 2, 3, 4, 2, 40, 3, 5, 3, 1, 1, 1, 1, 3, 1, 


766: 0, 0, 0, 0, 0, 0, 2, 0, 5, 0, 5, 0, 0, 3, 0, 0, 2, 5, 2, 0, 0, 0, 0, 1, 0, 3, 5, 3, 0, 3, 5, 44, 0, 0, 0, 0, 43, 1, 2, 42, : 2, 5, 5, 3, 2, 5, 2, 1, 3, 5, 3, 3, 5, 44, 43, 1, 2, 42, 
102: 5, 4, 3, 5, 4, 5, 0, 5, 0, 0, 3, 0, 0, 0, 0, 0, 4, 0, 44, 0, 0, 5, 0, 0, 2, 0, 4, 4, 1, 0, 0, 0, 0, 0, 0, 0, 0, 4, 5, 1, : 5, 4, 3, 5, 4, 5, 5, 3, 4, 44, 5, 2, 4, 4, 1, 4, 5, 1, 
616: 3, 0, 3, 3, 1, 1, 0, 0, 0, 3, 0, 2, 0, 3, 0, 1, 2, 5, 1, 0, 0, 3, 44, 4, 0, 0, 2, 1, 0, 0, 1, 0, 2, 0, 2, 5, 3, 4, 0, 3, : 3, 3, 3, 1, 1, 3, 2, 3, 1, 2, 5, 1, 3, 44, 4, 2, 1, 1, 2, 2, 5, 3, 4, 3, 
380: 1, 0, 44, 0, 0, 0, 5, 4, 0, 0, 4, 0, 5, 0, 0, 0, 0, 2, 0, 1, 0, 0, 2, 0, 0, 5, 2, 3, 0, 0, 0, 2, 1, 0, 0, 0, 0, 0, 0, 0, : 1, 44, 5, 4, 4, 5, 2, 1, 2, 5, 2, 3, 2, 1, 
776: 0, 0, 0, 40, 0, 2, 0, 0, 0, 0, 1, 0, 0, 0, 4, 0, 5, 0, 0, 2, 0, 0, 0, 3, 0, 0, 5, 1, 5, 2, 4, 5, 0, 0, 0, 0, 0, 5, 1, 0, : 40, 2, 1, 4, 5, 2, 3, 5, 1, 5, 2, 4, 5, 5, 1, 
467: 2, 0, 0, 0, 0, 0, 0, 3, 5, 0, 0, 4, 0, 0, 0, 0, 0, 5, 2, 5, 4, 5, 0, 0, 0, 2, 2, 0, 1, 0, 1, 4, 0, 1, 5, 0, 0, 2, 1, 0, : 2, 3, 5, 4, 5, 2, 5, 4, 5, 2, 2, 1, 1, 4, 1, 5, 2, 1, 
177: 0, 0, 0, 3, 0, 0, 0, 1, 0, 0, 2, 2, 0, 4, 0, 2, 0, 0, 0, 0, 0, 0, 0, 5, 0, 1, 2, 4, 5, 1, 2, 4, 0, 0, 0, 0, 4, 0, 1, 4, : 3, 1, 2, 2, 4, 2, 5, 1, 2, 4, 5, 1, 2, 4, 4, 1, 4, 
219: 0, 0, 0, 1, 1, 0, 4, 4, 0, 0, 2, 5, 43, 0, 0, 5, 0, 5, 0, 0, 0, 4, 0, 0, 0, 0, 3, 2, 0, 0, 0, 0, 0, 0, 41, 2, 0, 3, 2, 0, : 1, 1, 4, 4, 2, 5, 43, 5, 5, 4, 3, 2, 41, 2, 3, 2, 
189: 3, 0, 0, 0, 0, 4, 4, 4, 0, 1, 0, 3, 2, 42, 0, 4, 3, 4, 1, 1, 44, 5, 41, 2, 0, 0, 4, 0, 0, 0, 0, 0, 5, 0, 0, 0, 0, 0, 3, 0, : 3, 4, 4, 4, 1, 3, 2, 42, 4, 3, 4, 1, 1, 44, 5, 41, 2, 4, 5, 3, 
363: 4, 42, 3, 1, 0, 3, 0, 0, 0, 0, 4, 2, 5, 0, 0, 0, 1, 5, 1, 41, 0, 3, 2, 0, 0, 0, 0, 3, 0, 1, 1, 0, 0, 5, 3, 0, 0, 1, 2, 0, : 4, 42, 3, 1, 3, 4, 2, 5, 1, 5, 1, 41, 3, 2, 3, 1, 1, 5, 3, 1, 2, 
566: 0, 5, 2, 1, 0, 3, 0, 0, 0, 4, 2, 4, 0, 0, 5, 0, 2, 2, 2, 0, 0, 0, 1, 0, 4, 0, 5, 0, 0, 0, 4, 0, 0, 0, 5, 0, 0, 1, 0, 0, : 5, 2, 1, 3, 4, 2, 4, 5, 2, 2, 2, 1, 4, 5, 4, 5, 1, 
538: 5, 4, 0, 3, 1, 0, 0, 1, 0, 0, 1, 0, 3, 0, 0, 0, 1, 5, 0, 42, 3, 4, 0, 0, 0, 0, 4, 0, 0, 2, 3, 0, 4, 0, 0, 43, 0, 0, 3, 0, : 5, 4, 3, 1, 1, 1, 3, 1, 5, 42, 3, 4, 4, 2, 3, 4, 43, 3, 
395: 4, 3, 0, 2, 0, 0, 5, 2, 1, 5, 2, 0, 2, 0, 0, 4, 5, 4, 0, 0, 0, 5, 1, 0, 5, 0, 4, 5, 0, 0, 0, 0, 0, 0, 0, 0, 0, 4, 3, 0, : 4, 3, 2, 5, 2, 1, 5, 2, 2, 4, 5, 4, 5, 1, 5, 4, 5, 4, 3, 
333: 1, 0, 2, 0, 0, 0, 0, 1, 0, 3, 0, 1, 0, 1, 0, 0, 1, 5, 0, 4, 0, 1, 3, 0, 4, 0, 1, 4, 2, 0, 5, 0, 42, 0, 0, 0, 3, 1, 2, 0, : 1, 2, 1, 3, 1, 1, 1, 5, 4, 1, 3, 4, 1, 4, 2, 5, 42, 3, 1, 2, 
686: 0, 0, 4, 4, 44, 0, 0, 0, 1, 0, 1, 2, 1, 0, 1, 41, 0, 0, 0, 0, 0, 0, 0, 0, 44, 2, 2, 42, 0, 3, 3, 0, 0, 3, 0, 0, 0, 1, 5, 0, : 4, 4, 44, 1, 1, 2, 1, 1, 41, 44, 2, 2, 42, 3, 3, 3, 1, 5, 
788: 3, 2, 0, 4, 0, 0, 0, 3, 0, 0, 2, 1, 0, 0, 4, 3, 2, 0, 0, 2, 0, 3, 0, 0, 1, 0, 1, 0, 0, 1, 3, 40, 0, 4, 2, 0, 0, 4, 2, 2, : 3, 2, 4, 3, 2, 1, 4, 3, 2, 2, 3, 1, 1, 1, 3, 40, 4, 2, 4, 2, 2, 
141: 40, 0, 0, 4, 0, 0, 0, 0, 2, 0, 1, 0, 0, 1, 0, 0, 43, 0, 0, 1, 42, 0, 0, 0, 0, 5, 4, 0, 3, 0, 4, 2, 0, 43, 0, 0, 1, 0, 1, 0, : 40, 4, 2, 1, 1, 43, 1, 42, 5, 4, 3, 4, 2, 43, 1, 1, 
119: 2, 0, 5, 3, 1, 0, 3, 4, 0, 41, 1, 5, 4, 0, 2, 0, 1, 3, 4, 0, 0, 2, 0, 0, 0, 1, 5, 1, 2, 4, 5, 3, 3, 0, 44, 4, 0, 0, 2, 40, : 2, 5, 3, 1, 3, 4, 41, 1, 5, 4, 2, 1, 3, 4, 2, 1, 5, 1, 2, 4, 5, 3, 3, 44, 4, 2, 40, 
137: 3, 0, 2, 4, 42, 0, 0, 2, 2, 0, 0, 1, 0, 0, 0, 42, 3, 0, 0, 0, 0, 0, 0, 0, 1, 3, 1, 0, 2, 0, 5, 0, 43, 3, 2, 1, 0, 3, 2, 4, : 3, 2, 4, 42, 2, 2, 1, 42, 3, 1, 3, 1, 2, 5, 43, 3, 2, 1, 3, 2, 4, 
426: 4, 3, 3, 2, 4, 0, 0, 0, 1, 3, 3, 4, 0, 0, 0, 0, 5, 0, 44, 3, 0, 2, 0, 0, 0, 0, 2, 1, 0, 43, 2, 2, 2, 0, 0, 0, 0, 41, 1, 0, : 4, 3, 3, 2, 4, 1, 3, 3, 4, 5, 44, 3, 2, 2, 1, 43, 2, 2, 2, 41, 1, 
221: 3, 0, 0, 0, 4, 0, 0, 1, 0, 4, 1, 43, 5, 0, 0, 0, 0, 0, 0, 0, 0, 42, 1, 5, 0, 0, 4, 4, 1, 0, 1, 1, 0, 0, 0, 0, 3, 0, 3, 0, : 3, 4, 1, 4, 1, 43, 5, 42, 1, 5, 4, 4, 1, 1, 1, 3, 3, 
387: 0, 0, 0, 1, 0, 0, 0, 5, 0, 44, 5, 3, 0, 4, 43, 0, 0, 0, 0, 0, 0, 5, 0, 0, 0, 0, 1, 3, 5, 0, 0, 0, 0, 0, 0, 4, 0, 4, 1, 0, : 1, 5, 44, 5, 3, 4, 43, 5, 1, 3, 5, 4, 4, 1, 
590: 0, 0, 1, 2, 3, 0, 0, 2, 3, 5, 3, 1, 0, 0, 0, 2, 0, 4, 4, 0, 4, 2, 0, 0, 0, 0, 1, 0, 0, 0, 0, 0, 4, 3, 0, 4, 2, 4, 4, 0, : 1, 2, 3, 2, 3, 5, 3, 1, 2, 4, 4, 4, 2, 1, 4, 3, 4, 2, 4, 4, 
500: 0, 0, 5, 2, 0, 4, 0, 2, 1, 0, 3, 0, 3, 0, 0, 0, 3, 0, 0, 0, 0, 0, 1, 0, 0, 2, 5, 1, 0, 0, 3, 0, 0, 0, 0, 0, 5, 5, 3, 0, : 5, 2, 4, 2, 1, 3, 3, 3, 1, 2, 5, 1, 3, 5, 5, 3, 
779: 5, 0, 4, 0, 0, 5, 3, 2, 0, 0, 5, 0, 0, 0, 0, 5, 4, 2, 4, 2, 0, 0, 4, 0, 0, 2, 3, 5, 0, 4, 0, 0, 2, 0, 0, 0, 0, 4, 2, 0, : 5, 4, 5, 3, 2, 5, 5, 4, 2, 4, 2, 4, 2, 3, 5, 4, 2, 4, 2, 
630: 0, 5, 0, 3, 3, 0, 43, 0, 0, 0, 2, 5, 0, 4, 4, 2, 0, 0, 0, 0, 0, 0, 0, 3, 0, 5, 3, 4, 2, 0, 4, 1, 1, 0, 0, 0, 0, 2, 1, 2, : 5, 3, 3, 43, 2, 5, 4, 4, 2, 3, 5, 3, 4, 2, 4, 1, 1, 2, 1, 2, 
16: 5, 0, 3, 1, 0, 3, 0, 5, 0, 0, 0, 2, 0, 5, 0, 0, 4, 5, 0, 1, 0, 4, 0, 0, 0, 0, 3, 3, 0, 0, 0, 0, 0, 5, 0, 0, 1, 3, 40, 0, : 5, 3, 1, 3, 5, 2, 5, 4, 5, 1, 4, 3, 3, 5, 1, 3, 40, 
617: 4, 2, 3, 4, 0, 0, 43, 0, 0, 0, 0, 4, 0, 43, 3, 0, 1, 0, 1, 0, 2, 5, 0, 0, 42, 2, 1, 0, 4, 4, 41, 0, 1, 1, 2, 0, 0, 1, 5, 2, : 4, 2, 3, 4, 43, 4, 43, 3, 1, 1, 2, 5, 42, 2, 1, 4, 4, 41, 1, 1, 2, 1, 5, 2, 
512: 5, 0, 0, 2, 1, 40, 0, 0, 43, 1, 0, 0, 3, 0, 0, 2, 0, 4, 1, 0, 5, 0, 0, 1, 0, 41, 4, 2, 0, 0, 2, 0, 0, 0, 0, 2, 4, 4, 0, 0, : 5, 2, 1, 40, 43, 1, 3, 2, 4, 1, 5, 1, 41, 4, 2, 2, 2, 4, 4, 
396: 2, 0, 4, 0, 1, 0, 1, 4, 1, 0, 5, 5, 0, 1, 3, 0, 0, 5, 0, 4, 0, 0, 2, 0, 0, 0, 5, 0, 1, 0, 3, 0, 4, 0, 0, 5, 0, 0, 0, 0, : 2, 4, 1, 1, 4, 1, 5, 5, 1, 3, 5, 4, 2, 5, 1, 3, 4, 5, 
121: 1, 0, 5, 5, 0, 0, 0, 1, 5, 0, 4, 2, 0, 0, 42, 0, 0, 2, 3, 2, 0, 5, 1, 40, 4, 0, 5, 1, 43, 0, 1, 5, 0, 0, 5, 0, 0, 5, 0, 0, : 1, 5, 5, 1, 5, 4, 2, 42, 2, 3, 2, 5, 1, 40, 4, 5, 1, 43, 1, 5, 5, 5, 
427: 0, 4, 2, 4, 1, 0, 0, 3, 0, 2, 4, 0, 0, 0, 4, 0, 4, 1, 0, 0, 0, 0, 0, 0, 3, 0, 3, 0, 0, 0, 1, 0, 4, 0, 1, 0, 0, 0, 3, 5, : 4, 2, 4, 1, 3, 2, 4, 4, 4, 1, 3, 3, 1, 4, 1, 3, 5, 
291: 0, 0, 4, 2, 0, 44, 4, 5, 0, 0, 41, 4, 0, 0, 0, 0, 2, 2, 1, 4, 4, 3, 2, 1, 5, 42, 5, 4, 2, 0, 1, 3, 0, 5, 0, 0, 44, 3, 3, 0, : 4, 2, 44, 4, 5, 41, 4, 2, 2, 1, 4, 4, 3, 2, 1, 5, 42, 5, 4, 2, 1, 3, 5, 44, 3, 3, 
31: 1, 0, 1, 1, 0, 0, 0, 2, 1, 0, 0, 2, 1, 0, 3, 0, 0, 0, 0, 0, 3, 2, 1, 5, 0, 2, 4, 2, 0, 5, 5, 0, 0, 0, 5, 4, 5, 0, 3, 5, : 1, 1, 1, 2, 1, 2, 1, 3, 3, 2, 1, 5, 2, 4, 2, 5, 5, 5, 4, 5, 3, 5, 
609: 3, 0, 5, 3, 0, 0, 0, 2, 0, 0, 3, 1, 1, 0, 0, 0, 5, 2, 0, 0, 0, 0, 1, 0, 0, 0, 4, 2, 0, 3, 0, 0, 0, 1, 0, 43, 0, 1, 4, 3, : 3, 5, 3, 2, 3, 1, 1, 5, 2, 1, 4, 2, 3, 1, 43, 1, 4, 3, 
98: 0, 0, 2, 2, 0, 0, 0, 3, 43, 0, 0, 3, 0, 2, 0, 4, 3, 40, 0, 0, 5, 0, 0, 4, 0, 0, 3, 3, 0, 0, 4, 0, 0, 0, 0, 0, 0, 1, 1, 2, : 2, 2, 3, 43, 3, 2, 4, 3, 40, 5, 4, 3, 3, 4, 1, 1, 2, 
689: 5, 0, 3, 1, 4, 0, 0, 40, 0, 1, 4, 5, 0, 0, 1, 3, 4, 2, 0, 5, 0, 0, 4, 0, 0, 0, 2, 2, 1, 1, 0, 0, 0, 0, 0, 0, 0, 0, 5, 2, : 5, 3, 1, 4, 40, 1, 4, 5, 1, 3, 4, 2, 5, 4, 2, 2, 1, 1, 5, 2, 
733: 1, 0, 0, 4, 3, 4, 3, 5, 5, 3, 0, 2, 42, 1, 0, 0, 2, 0, 0, 0, 0, 2, 0, 0, 0, 2, 1, 0, 0, 43, 3, 0, 0, 43, 0, 0, 0, 0, 0, 3, : 1, 4, 3, 4, 3, 5, 5, 3, 2, 42, 1, 2, 2, 2, 1, 43, 3, 43, 3, 
703: 3, 44, 5, 2, 0, 0, 0, 1, 1, 0, 5, 1, 0, 4, 1, 0, 3, 1, 0, 0, 0, 5, 4, 44, 0, 0, 2, 5, 40, 0, 3, 0, 0, 3, 3, 0, 0, 3, 2, 0, : 3, 44, 5, 2, 1, 1, 5, 1, 4, 1, 3, 1, 5, 4, 44, 2, 5, 40, 3, 3, 3, 3, 2, 
737: 2, 2, 2, 1, 2, 2, 0, 3, 0, 0, 1, 1, 0, 2, 0, 0, 5, 0, 5, 0, 4, 3, 5, 2, 5, 0, 3, 5, 0, 0, 0, 4, 2, 0, 0, 3, 2, 5, 2, 0, : 2, 2, 2, 1, 2, 2, 3, 1, 1, 2, 5, 5, 4, 3, 5, 2, 5, 3, 5, 4, 2, 3, 2, 5, 2, 


525: 1, 5, 1, 0, 0, 40, 44, 0, 1, 4, 0, 0, 3, 0, 1, 0, 0, 1, 4, 3, 0, 41, 0, 5, 0, 0, 1, 0, 3, 0, 0, 0, 0, 0, 0, 0, 4, 2, 0, 3, : 1, 5, 1, 40, 44, 1, 4, 3, 1, 1, 4, 3, 41, 5, 1, 3, 4, 2, 3, 
411: 5, 0, 0, 0, 41, 3, 0, 2, 3, 2, 40, 0, 0, 0, 0, 0, 0, 5, 0, 3, 0, 0, 0, 3, 0, 0, 0, 0, 0, 4, 1, 43, 0, 0, 0, 0, 0, 3, 0, 1, : 5, 41, 3, 2, 3, 2, 40, 5, 3, 3, 4, 1, 43, 3, 1, 
548: 1, 0, 0, 0, 1, 0, 0, 3, 0, 5, 0, 0, 0, 40, 5, 0, 1, 1, 3, 2, 0, 5, 4, 5, 0, 0, 0, 4, 0, 3, 0, 0, 4, 4, 0, 1, 0, 2, 0, 5, : 1, 1, 3, 5, 40, 5, 1, 1, 3, 2, 5, 4, 5, 4, 3, 4, 4, 1, 2, 5, 
554: 2, 0, 0, 0, 0, 0, 2, 1, 3, 5, 0, 3, 1, 0, 0, 2, 1, 2, 1, 2, 1, 2, 2, 1, 5, 0, 0, 0, 0, 1, 2, 0, 0, 0, 0, 0, 0, 1, 0, 0, : 2, 2, 1, 3, 5, 3, 1, 2, 1, 2, 1, 2, 1, 2, 2, 1, 5, 1, 2, 1, 
140: 0, 41, 0, 1, 0, 0, 0, 0, 0, 5, 0, 3, 0, 0, 5, 0, 5, 0, 2, 0, 4, 3, 3, 1, 2, 2, 2, 0, 40, 1, 0, 5, 0, 0, 2, 0, 0, 2, 0, 0, : 41, 1, 5, 3, 5, 5, 2, 4, 3, 3, 1, 2, 2, 2, 40, 1, 5, 2, 2, 
569: 0, 0, 2, 0, 0, 0, 0, 2, 1, 4, 0, 0, 2, 3, 1, 42, 2, 0, 4, 5, 3, 0, 3, 1, 4, 4, 0, 42, 5, 4, 0, 44, 0, 1, 0, 0, 5, 2, 0, 0, : 2, 2, 1, 4, 2, 3, 1, 42, 2, 4, 5, 3, 3, 1, 4, 4, 42, 5, 4, 44, 1, 5, 2, 
193: 0, 0, 0, 1, 0, 0, 0, 2, 0, 2, 0, 0, 0, 4, 0, 0, 0, 3, 5, 3, 42, 5, 4, 0, 0, 0, 5, 2, 0, 3, 0, 0, 0, 0, 41, 0, 0, 0, 5, 0, : 1, 2, 2, 4, 3, 5, 3, 42, 5, 4, 5, 2, 3, 41, 5, 
129: 3, 3, 3, 0, 41, 0, 0, 0, 42, 0, 0, 0, 0, 44, 0, 0, 0, 0, 1, 1, 0, 0, 4, 1, 0, 0, 1, 0, 0, 3, 0, 0, 0, 0, 5, 0, 2, 0, 43, 0, : 3, 3, 3, 41, 42, 44, 1, 1, 4, 1, 1, 3, 5, 2, 43, 
377: 0, 2, 0, 0, 0, 2, 0, 0, 5, 2, 0, 0, 0, 4, 5, 4, 1, 0, 1, 1, 1, 3, 3, 4, 5, 1, 3, 0, 0, 0, 4, 2, 0, 5, 0, 0, 3, 3, 2, 1, : 2, 2, 5, 2, 4, 5, 4, 1, 1, 1, 1, 3, 3, 4, 5, 1, 3, 4, 2, 5, 3, 3, 2, 1, 
791: 43, 0, 1, 0, 0, 4, 0, 0, 5, 3, 0, 0, 0, 4, 43, 0, 4, 0, 5, 0, 4, 1, 0, 5, 0, 1, 4, 1, 0, 4, 5, 0, 0, 0, 0, 0, 0, 1, 2, 0, : 43, 1, 4, 5, 3, 4, 43, 4, 5, 4, 1, 5, 1, 4, 1, 4, 5, 1, 2, 
408: 0, 0, 0, 0, 0, 0, 4, 1, 0, 5, 5, 0, 4, 0, 0, 0, 0, 2, 1, 4, 2, 5, 0, 3, 0, 5, 0, 2, 0, 2, 0, 1, 4, 4, 2, 1, 0, 3, 2, 0, : 4, 1, 5, 5, 4, 2, 1, 4, 2, 5, 3, 5, 2, 2, 1, 4, 4, 2, 1, 3, 2, 
772: 0, 0, 5, 0, 0, 2, 0, 0, 1, 0, 0, 0, 0, 0, 0, 3, 4, 0, 5, 0, 3, 2, 2, 0, 1, 1, 0, 0, 0, 2, 0, 4, 1, 0, 1, 0, 0, 1, 0, 0, : 5, 2, 1, 3, 4, 5, 3, 2, 2, 1, 1, 2, 4, 1, 1, 1, 
263: 0, 41, 43, 0, 1, 0, 0, 0, 4, 0, 5, 0, 4, 4, 0, 0, 0, 0, 0, 4, 4, 5, 0, 2, 0, 44, 5, 0, 0, 5, 0, 5, 0, 40, 2, 0, 0, 1, 0, 3, : 41, 43, 1, 4, 5, 4, 4, 4, 4, 5, 2, 44, 5, 5, 5, 40, 2, 1, 3, 
338: 4, 0, 0, 0, 0, 1, 0, 42, 5, 2, 0, 5, 0, 0, 0, 0, 5, 1, 4, 0, 0, 4, 4, 0, 0, 44, 0, 2, 5, 4, 1, 3, 0, 5, 5, 5, 0, 5, 40, 0, : 4, 1, 42, 5, 2, 5, 5, 1, 4, 4, 4, 44, 2, 5, 4, 1, 3, 5, 5, 5, 5, 40, 
117: 0, 0, 0, 1, 0, 0, 1, 5, 1, 1, 0, 0, 0, 0, 0, 0, 3, 2, 0, 1, 4, 0, 0, 0, 2, 0, 0, 0, 0, 2, 0, 0, 0, 0, 5, 0, 0, 5, 0, 0, : 1, 1, 5, 1, 1, 3, 2, 1, 4, 2, 2, 5, 5, 
27: 5, 0, 43, 5, 0, 0, 3, 0, 2, 0, 5, 0, 0, 0, 1, 0, 5, 5, 3, 1, 5, 0, 5, 1, 2, 0, 41, 4, 0, 4, 0, 1, 1, 0, 0, 5, 0, 1, 0, 0, : 5, 43, 5, 3, 2, 5, 1, 5, 5, 3, 1, 5, 5, 1, 2, 41, 4, 4, 1, 1, 5, 1, 
151: 2, 4, 0, 5, 4, 0, 0, 0, 1, 4, 0, 0, 1, 0, 0, 0, 2, 5, 0, 5, 3, 4, 42, 4, 0, 0, 0, 1, 0, 5, 1, 0, 0, 0, 1, 0, 0, 3, 1, 0, : 2, 4, 5, 4, 1, 4, 1, 2, 5, 5, 3, 4, 42, 4, 1, 5, 1, 1, 3, 1, 
400: 0, 3, 1, 4, 4, 1, 0, 0, 1, 4, 0, 5, 3, 0, 0, 2, 3, 2, 4, 0, 3, 2, 2, 42, 0, 0, 0, 0, 4, 4, 0, 0, 5, 0, 0, 0, 0, 4, 1, 0, : 3, 1, 4, 4, 1, 1, 4, 5, 3, 2, 3, 2, 4, 3, 2, 2, 42, 4, 4, 5, 4, 1, 
641: 0, 0, 0, 0, 2, 1, 0, 1, 2, 0, 0, 0, 0, 0, 0, 0, 1, 2, 0, 2, 3, 4, 0, 5, 0, 4, 2, 0, 0, 5, 0, 0, 0, 2, 0, 4, 0, 4, 0, 3, : 2, 1, 1, 2, 1, 2, 2, 3, 4, 5, 4, 2, 5, 2, 4, 4, 3, 
47: 0, 3, 0, 5, 3, 2, 3, 0, 5, 5, 0, 0, 3, 0, 4, 0, 0, 4, 1, 5, 1, 2, 2, 1, 0, 0, 2, 1, 1, 5, 0, 0, 1, 0, 3, 4, 0, 0, 0, 0, : 3, 5, 3, 2, 3, 5, 5, 3, 4, 4, 1, 5, 1, 2, 2, 1, 2, 1, 1, 5, 1, 3, 4, 
163: 43, 0, 0, 1, 0, 0, 0, 4, 4, 4, 3, 2, 2, 0, 0, 2, 5, 3, 0, 44, 5, 1, 2, 1, 0, 0, 1, 42, 0, 4, 0, 0, 0, 2, 2, 0, 0, 4, 0, 5, : 43, 1, 4, 4, 4, 3, 2, 2, 2, 5, 3, 44, 5, 1, 2, 1, 1, 42, 4, 2, 2, 4, 5, 
345: 0, 4, 0, 0, 2, 0, 0, 2, 1, 1, 0, 0, 0, 0, 0, 0, 0, 5, 4, 4, 0, 5, 5, 5, 3, 4, 0, 2, 0, 3, 43, 0, 2, 0, 0, 0, 4, 40, 0, 0, : 4, 2, 2, 1, 1, 5, 4, 4, 5, 5, 5, 3, 4, 2, 3, 43, 2, 4, 40, 
402: 0, 0, 0, 44, 0, 0, 0, 2, 1, 0, 0, 3, 4, 0, 40, 0, 5, 4, 5, 0, 2, 0, 2, 1, 0, 0, 41, 0, 0, 2, 0, 0, 5, 0, 0, 3, 3, 1, 3, 0, : 44, 2, 1, 3, 4, 40, 5, 4, 5, 2, 2, 1, 41, 2, 5, 3, 3, 1, 3, 
412: 0, 0, 0, 0, 0, 0, 3, 1, 1, 2, 1, 0, 0, 1, 0, 5, 43, 4, 1, 2, 0, 2, 0, 0, 0, 0, 0, 0, 43, 5, 41, 0, 0, 0, 4, 1, 4, 0, 2, 0, : 3, 1, 1, 2, 1, 1, 5, 43, 4, 1, 2, 2, 43, 5, 41, 4, 1, 4, 2, 
205: 0, 0, 0, 5, 3, 5, 0, 1, 1, 0, 3, 4, 0, 2, 2, 0, 0, 0, 0, 2, 3, 3, 5, 0, 0, 0, 0, 0, 0, 3, 2, 0, 0, 0, 1, 0, 0, 0, 0, 0, : 5, 3, 5, 1, 1, 3, 4, 2, 2, 2, 3, 3, 5, 3, 2, 1, 
230: 2, 2, 4, 0, 2, 0, 2, 0, 2, 0, 0, 0, 1, 0, 0, 0, 5, 5, 0, 1, 0, 0, 0, 5, 44, 0, 0, 3, 0, 5, 0, 0, 1, 41, 0, 3, 2, 5, 0, 0, : 2, 2, 4, 2, 2, 2, 1, 5, 5, 1, 5, 44, 3, 5, 1, 41, 3, 2, 5, 
419: 4, 5, 0, 0, 0, 0, 0, 0, 0, 5, 0, 1, 1, 0, 0, 0, 0, 1, 4, 0, 2, 0, 1, 0, 0, 0, 0, 0, 0, 4, 4, 3, 0, 3, 0, 0, 0, 2, 3, 2, : 4, 5, 5, 1, 1, 1, 4, 2, 1, 4, 4, 3, 3, 2, 3, 2, 
570: 0, 0, 2, 0, 3, 0, 1, 5, 3, 2, 0, 0, 0, 0, 5, 42, 2, 1, 2, 2, 0, 1, 0, 0, 0, 0, 1, 5, 2, 1, 4, 0, 4, 0, 3, 0, 1, 0, 0, 0, : 2, 3, 1, 5, 3, 2, 5, 42, 2, 1, 2, 2, 1, 1, 5, 2, 1, 4, 4, 3, 1, 
22: 0, 0, 0, 0, 0, 5, 5, 0, 1, 0, 41, 0, 2, 0, 0, 0, 4, 2, 0, 0, 0, 0, 0, 5, 0, 0, 0, 0, 5, 3, 0, 0, 2, 2, 0, 4, 41, 1, 3, 3, : 5, 5, 1, 41, 2, 4, 2, 5, 5, 3, 2, 2, 4, 41, 1, 3, 3, 
655: 0, 0, 3, 0, 4, 41, 0, 41, 1, 1, 0, 0, 40, 0, 0, 3, 0, 5, 4, 1, 2, 5, 5, 0, 0, 5, 0, 2, 3, 2, 0, 0, 0, 1, 0, 0, 3, 3, 0, 5, : 3, 4, 41, 41, 1, 1, 40, 3, 5, 4, 1, 2, 5, 5, 5, 2, 3, 2, 1, 3, 3, 5, 
284: 0, 0, 1, 0, 0, 0, 0, 0, 3, 41, 0, 0, 0, 3, 0, 4, 2, 0, 0, 3, 0, 1, 1, 1, 43, 0, 3, 2, 0, 1, 4, 0, 0, 4, 41, 3, 0, 4, 2, 0, : 1, 3, 41, 3, 4, 2, 3, 1, 1, 1, 43, 3, 2, 1, 4, 4, 41, 3, 4, 2, 
145: 0, 0, 0, 2, 1, 0, 0, 0, 3, 2, 3, 41, 1, 0, 4, 1, 2, 0, 3, 3, 1, 0, 2, 3, 0, 0, 0, 0, 0, 4, 2, 5, 44, 0, 0, 0, 0, 0, 4, 1, : 2, 1, 3, 2, 3, 41, 1, 4, 1, 2, 3, 3, 1, 2, 3, 4, 2, 5, 44, 4, 1, 
166: 0, 2, 1, 42, 0, 4, 1, 0, 4, 2, 2, 3, 0, 0, 0, 0, 5, 2, 5, 1, 5, 0, 0, 1, 0, 0, 0, 0, 1, 4, 0, 0, 0, 0, 0, 0, 0, 1, 0, 1, : 2, 1, 42, 4, 1, 4, 2, 2, 3, 5, 2, 5, 1, 5, 1, 1, 4, 1, 1, 
332: 0, 0, 0, 0, 0, 0, 4, 0, 0, 0, 2, 40, 5, 5, 0, 0, 3, 44, 0, 2, 4, 3, 0, 1, 0, 4, 4, 0, 2, 1, 0, 0, 0, 1, 0, 0, 0, 5, 5, 5, : 4, 2, 40, 5, 5, 3, 44, 2, 4, 3, 1, 4, 4, 2, 1, 1, 5, 5, 5, 
713: 0, 0, 0, 2, 5, 0, 0, 0, 1, 0, 1, 5, 0, 0, 0, 0, 2, 0, 1, 2, 3, 0, 5, 1, 2, 0, 4, 5, 5, 3, 0, 0, 5, 1, 0, 1, 0, 0, 0, 0, : 2, 5, 1, 1, 5, 2, 1, 2, 3, 5, 1, 2, 4, 5, 5, 3, 5, 1, 1, 
586: 0, 0, 0, 0, 0, 0, 0, 1, 3, 0, 2, 0, 42, 0, 0, 2, 1, 1, 2, 4, 0, 0, 5, 1, 0, 0, 0, 0, 0, 1, 0, 4, 0, 0, 0, 5, 0, 4, 0, 0, : 1, 3, 2, 42, 2, 1, 1, 2, 4, 5, 1, 1, 4, 5, 4, 
59: 0, 0, 5, 0, 0, 3, 0, 0, 4, 0, 0, 0, 1, 0, 1, 0, 0, 0, 2, 3, 0, 2, 4, 0, 2, 0, 0, 0, 0, 2, 1, 0, 0, 0, 2, 40, 3, 5, 0, 0, : 5, 3, 4, 1, 1, 2, 3, 2, 4, 2, 2, 1, 2, 40, 3, 5, 
798: 1, 0, 0, 1, 0, 0, 42, 0, 0, 4, 4, 0, 0, 1, 0, 2, 0, 0, 0, 1, 5, 3, 1, 5, 0, 0, 0, 0, 0, 4, 0, 0, 41, 0, 0, 0, 41, 1, 1, 0, : 1, 1, 42, 4, 4, 1, 2, 1, 5, 3, 1, 5, 4, 41, 41, 1, 1, 
344: 4, 0, 0, 1, 0, 1, 0, 4, 3, 1, 0, 3, 0, 5, 3, 3, 4, 4, 2, 0, 5, 5, 0, 1, 5, 1, 0, 0, 1, 2, 0, 0, 0, 4, 0, 40, 1, 0, 1, 42, : 4, 1, 1, 4, 3, 1, 3, 5, 3, 3, 4, 4, 2, 5, 5, 1, 5, 1, 1, 2, 4, 40, 1, 1, 42, 
157: 0, 5, 5, 0, 3, 5, 5, 0, 2, 2, 3, 2, 0, 0, 0, 3, 0, 4, 41, 3, 0, 1, 2, 5, 0, 0, 0, 0, 0, 5, 5, 0, 0, 0, 0, 0, 3, 1, 0, 40, : 5, 5, 3, 5, 5, 2, 2, 3, 2, 3, 4, 41, 3, 1, 2, 5, 5, 5, 3, 1, 40, 


384: 0, 1, 41, 0, 5, 0, 3, 0, 0, 0, 0, 5, 3, 4, 0, 4, 3, 0, 0, 5, 0, 0, 3, 2, 1, 4, 0, 0, 3, 0, 0, 0, 5, 0, 2, 5, 0, 2, 2, 3, : 1, 41, 5, 3, 5, 3, 4, 4, 3, 5, 3, 2, 1, 4, 3, 5, 2, 5, 2, 2, 3, 
676: 0, 3, 0, 5, 0, 0, 0, 0, 1, 5, 1, 0, 2, 0, 0, 0, 1, 0, 0, 4, 0, 2, 2, 1, 0, 0, 0, 0, 1, 44, 0, 0, 3, 0, 3, 0, 3, 3, 0, 3, : 3, 5, 1, 5, 1, 2, 1, 4, 2, 2, 1, 1, 44, 3, 3, 3, 3, 3, 
453: 0, 5, 1, 0, 0, 3, 0, 0, 3, 2, 0, 3, 0, 0, 0, 5, 1, 0, 2, 3, 1, 1, 0, 1, 4, 0, 43, 0, 0, 0, 0, 1, 2, 1, 0, 1, 1, 43, 0, 2, : 5, 1, 3, 3, 2, 3, 5, 1, 2, 3, 1, 1, 1, 4, 43, 1, 2, 1, 1, 1, 43, 2, 
90: 0, 4, 0, 0, 0, 43, 0, 0, 0, 3, 3, 0, 5, 0, 1, 5, 0, 0, 3, 4, 4, 1, 0, 0, 1, 2, 2, 0, 0, 5, 0, 0, 0, 0, 0, 2, 1, 0, 0, 0, : 4, 43, 3, 3, 5, 1, 5, 3, 4, 4, 1, 1, 2, 2, 5, 2, 1, 
468: 0, 0, 0, 0, 0, 0, 2, 2, 0, 5, 5, 0, 5, 2, 0, 5, 4, 5, 2, 1, 0, 4, 0, 4, 1, 4, 0, 0, 4, 0, 0, 0, 0, 3, 5, 3, 2, 4, 5, 40, : 2, 2, 5, 5, 5, 2, 5, 4, 5, 2, 1, 4, 4, 1, 4, 4, 3, 5, 3, 2, 4, 5, 40, 
632: 4, 3, 0, 2, 3, 0, 0, 43, 0, 2, 1, 3, 0, 3, 0, 4, 0, 0, 5, 1, 0, 2, 0, 0, 0, 4, 1, 0, 1, 0, 0, 5, 0, 0, 2, 3, 4, 0, 0, 3, : 4, 3, 2, 3, 43, 2, 1, 3, 3, 4, 5, 1, 2, 4, 1, 1, 5, 2, 3, 4, 3, 
198: 0, 0, 0, 0, 0, 1, 0, 2, 0, 3, 0, 1, 0, 0, 5, 5, 1, 0, 0, 4, 0, 5, 1, 4, 0, 0, 3, 5, 0, 0, 3, 5, 3, 5, 1, 1, 0, 0, 0, 0, : 1, 2, 3, 1, 5, 5, 1, 4, 5, 1, 4, 3, 5, 3, 5, 3, 5, 1, 1, 
172: 2, 4, 4, 0, 5, 0, 0, 0, 0, 3, 5, 0, 1, 41, 0, 0, 5, 1, 42, 1, 0, 1, 4, 0, 5, 5, 1, 1, 0, 1, 0, 0, 3, 0, 0, 5, 0, 0, 0, 3, : 2, 4, 4, 5, 3, 5, 1, 41, 5, 1, 42, 1, 1, 4, 5, 5, 1, 1, 1, 3, 5, 3, 
631: 5, 0, 3, 0, 0, 0, 0, 0, 0, 5, 0, 3, 0, 0, 2, 1, 0, 0, 0, 0, 4, 0, 1, 0, 5, 0, 0, 0, 3, 0, 0, 0, 5, 3, 0, 2, 0, 2, 0, 1, : 5, 3, 5, 3, 2, 1, 4, 1, 5, 3, 5, 3, 2, 2, 1, 
479: 0, 5, 3, 0, 2, 0, 0, 0, 0, 4, 5, 0, 0, 0, 0, 0, 0, 1, 2, 0, 0, 3, 0, 0, 0, 3, 1, 0, 2, 1, 1, 4, 2, 44, 0, 0, 43, 0, 0, 1, : 5, 3, 2, 4, 5, 1, 2, 3, 3, 1, 2, 1, 1, 4, 2, 44, 43, 1, 
305: 0, 1, 0, 0, 1, 0, 0, 0, 0, 3, 2, 0, 2, 0, 0, 5, 0, 0, 0, 5, 2, 5, 0, 2, 5, 5, 0, 3, 0, 5, 41, 0, 1, 0, 4, 44, 0, 0, 0, 4, : 1, 1, 3, 2, 2, 5, 5, 2, 5, 2, 5, 5, 3, 5, 41, 1, 4, 44, 4, 
775: 41, 2, 0, 3, 0, 0, 0, 1, 0, 0, 0, 0, 2, 0, 0, 4, 0, 0, 40, 3, 0, 1, 0, 0, 2, 4, 0, 0, 4, 0, 0, 4, 4, 1, 1, 0, 1, 1, 0, 0, : 41, 2, 3, 1, 2, 4, 40, 3, 1, 2, 4, 4, 4, 4, 1, 1, 1, 1, 
780: 0, 0, 0, 0, 42, 2, 4, 0, 0, 0, 4, 0, 2, 3, 0, 0, 2, 5, 0, 3, 42, 2, 42, 3, 4, 0, 2, 4, 4, 0, 4, 0, 3, 0, 0, 0, 0, 0, 1, 2, : 42, 2, 4, 4, 2, 3, 2, 5, 3, 42, 2, 42, 3, 4, 2, 4, 4, 4, 3, 1, 2, 
215: 3, 0, 2, 2, 3, 0, 0, 4, 0, 0, 0, 0, 0, 0, 0, 0, 4, 5, 0, 1, 0, 5, 0, 3, 3, 3, 2, 0, 44, 3, 1, 5, 0, 0, 1, 0, 5, 42, 3, 2, : 3, 2, 2, 3, 4, 4, 5, 1, 5, 3, 3, 3, 2, 44, 3, 1, 5, 1, 5, 42, 3, 2, 
687: 1, 1, 5, 0, 2, 0, 0, 0, 0, 2, 4, 0, 0, 2, 0, 1, 4, 0, 0, 0, 0, 3, 0, 1, 5, 3, 0, 0, 2, 1, 5, 0, 5, 41, 0, 4, 0, 0, 0, 0, : 1, 1, 5, 2, 2, 4, 2, 1, 4, 3, 1, 5, 3, 2, 1, 5, 5, 41, 4, 
373: 3, 3, 0, 0, 0, 3, 0, 0, 1, 5, 3, 0, 0, 0, 2, 0, 0, 0, 0, 0, 0, 1, 42, 2, 3, 0, 0, 0, 0, 0, 0, 2, 2, 0, 5, 0, 0, 0, 40, 2, : 3, 3, 3, 1, 5, 3, 2, 1, 42, 2, 3, 2, 2, 5, 40, 2, 
320: 1, 1, 0, 0, 0, 0, 0, 0, 0, 40, 5, 1, 0, 3, 3, 1, 1, 40, 5, 0, 0, 5, 0, 1, 4, 1, 0, 0, 0, 0, 1, 41, 44, 0, 0, 1, 0, 0, 1, 0, : 1, 1, 40, 5, 1, 3, 3, 1, 1, 40, 5, 5, 1, 4, 1, 1, 41, 44, 1, 1, 
53: 0, 1, 5, 0, 0, 0, 0, 0, 0, 0, 40, 0, 5, 0, 1, 2, 2, 0, 1, 0, 0, 0, 4, 1, 4, 0, 0, 0, 3, 0, 0, 41, 0, 4, 0, 4, 0, 0, 0, 5, : 1, 5, 40, 5, 1, 2, 2, 1, 4, 1, 4, 3, 41, 4, 4, 5, 
518: 5, 1, 0, 0, 0, 0, 0, 0, 5, 0, 0, 0, 5, 3, 0, 1, 0, 0, 0, 0, 0, 3, 0, 0, 1, 4, 0, 41, 3, 0, 0, 4, 0, 4, 3, 5, 5, 0, 0, 0, : 5, 1, 5, 5, 3, 1, 3, 1, 4, 41, 3, 4, 4, 3, 5, 5, 
240: 43, 1, 0, 0, 3, 0, 0, 0, 5, 0, 3, 0, 0, 0, 2, 0, 3, 0, 0, 5, 2, 4, 0, 5, 0, 0, 0, 4, 0, 0, 5, 0, 4, 2, 0, 2, 3, 0, 0, 4, : 43, 1, 3, 5, 3, 2, 3, 5, 2, 4, 5, 4, 5, 4, 2, 2, 3, 4, 
183: 0, 1, 0, 0, 2, 0, 0, 0, 5, 0, 4, 5, 0, 5, 0, 0, 44, 1, 0, 5, 0, 0, 0, 4, 0, 2, 0, 4, 3, 0, 0, 0, 2, 1, 0, 0, 0, 0, 0, 0, : 1, 2, 5, 4, 5, 5, 44, 1, 5, 4, 2, 4, 3, 2, 1, 
613: 0, 5, 0, 0, 0, 0, 1, 0, 0, 0, 1, 0, 0, 0, 0, 2, 5, 0, 0, 0, 1, 0, 2, 42, 0, 3, 1, 0, 5, 2, 1, 1, 0, 0, 40, 1, 0, 0, 4, 5, : 5, 1, 1, 2, 5, 1, 2, 42, 3, 1, 5, 2, 1, 1, 40, 1, 4, 5, 
130: 0, 2, 0, 0, 3, 0, 3, 0, 0, 0, 3, 0, 0, 0, 44, 1, 5, 0, 0, 0, 0, 4, 0, 1, 2, 3, 0, 0, 0, 0, 44, 0, 2, 0, 0, 2, 0, 0, 0, 0, : 2, 3, 3, 3, 44, 1, 5, 4, 1, 2, 3, 44, 2, 2, 
275: 0, 41, 1, 0, 41, 3, 0, 0, 0, 0, 0, 4, 0, 0, 3, 3, 4, 0, 2, 3, 0, 0, 0, 1, 5, 5, 0, 0, 0, 0, 0, 0, 3, 2, 0, 0, 0, 0, 1, 2, : 41, 1, 41, 3, 4, 3, 3, 4, 2, 3, 1, 5, 5, 3, 2, 1, 2, 
274: 1, 4, 4, 40, 0, 3, 1, 0, 0, 1, 0, 4, 0, 0, 0, 0, 2, 0, 0, 4, 3, 1, 4, 5, 0, 0, 3, 0, 5, 1, 1, 0, 1, 0, 0, 5, 0, 4, 3, 1, : 1, 4, 4, 40, 3, 1, 1, 4, 2, 4, 3, 1, 4, 5, 3, 5, 1, 1, 1, 5, 4, 3, 1, 
91: 0, 0, 3, 0, 4, 43, 0, 5, 44, 5, 0, 0, 0, 0, 1, 0, 5, 5, 0, 3, 0, 0, 1, 0, 4, 44, 5, 0, 0, 0, 0, 0, 3, 0, 1, 3, 0, 2, 0, 5, : 3, 4, 43, 5, 44, 5, 1, 5, 5, 3, 1, 4, 44, 5, 3, 1, 3, 2, 5, 
619: 0, 2, 0, 2, 0, 2, 4, 5, 0, 2, 4, 0, 0, 0, 0, 0, 0, 0, 0, 3, 0, 1, 0, 5, 0, 0, 3, 0, 4, 2, 0, 0, 0, 0, 40, 1, 0, 0, 44, 0, : 2, 2, 2, 4, 5, 2, 4, 3, 1, 5, 3, 4, 2, 40, 1, 44, 
390: 0, 5, 1, 3, 0, 5, 43, 0, 0, 3, 3, 40, 0, 2, 41, 4, 1, 43, 0, 5, 0, 1, 3, 4, 2, 3, 0, 1, 0, 5, 5, 0, 3, 0, 1, 2, 3, 1, 0, 4, : 5, 1, 3, 5, 43, 3, 3, 40, 2, 41, 4, 1, 43, 5, 1, 3, 4, 2, 3, 1, 5, 5, 3, 1, 2, 3, 1, 4, 
626: 4, 1, 2, 40, 1, 0, 1, 0, 3, 3, 4, 0, 0, 0, 0, 5, 0, 4, 0, 1, 0, 2, 0, 0, 0, 0, 0, 0, 1, 4, 0, 0, 2, 0, 1, 0, 2, 0, 0, 5, : 4, 1, 2, 40, 1, 1, 3, 3, 4, 5, 4, 1, 2, 1, 4, 2, 1, 2, 5, 
335: 0, 1, 0, 0, 0, 0, 0, 0, 3, 3, 2, 0, 0, 0, 5, 5, 4, 0, 0, 0, 0, 5, 0, 5, 42, 0, 1, 4, 0, 1, 0, 1, 2, 0, 0, 2, 0, 5, 5, 3, : 1, 3, 3, 2, 5, 5, 4, 5, 5, 42, 1, 4, 1, 1, 2, 2, 5, 5, 3, 
357: 0, 1, 0, 5, 0, 5, 5, 5, 0, 0, 1, 0, 2, 3, 0, 3, 0, 1, 2, 0, 5, 2, 0, 3, 1, 1, 0, 0, 5, 0, 0, 3, 3, 0, 0, 2, 0, 0, 2, 0, : 1, 5, 5, 5, 5, 1, 2, 3, 3, 1, 2, 5, 2, 3, 1, 1, 5, 3, 3, 2, 2, 
84: 1, 2, 0, 0, 0, 0, 43, 5, 0, 5, 0, 0, 0, 0, 2, 0, 0, 0, 1, 1, 5, 44, 0, 4, 5, 0, 3, 4, 4, 40, 1, 0, 2, 0, 2, 4, 1, 1, 0, 0, : 1, 2, 43, 5, 5, 2, 1, 1, 5, 44, 4, 5, 3, 4, 4, 40, 1, 2, 2, 4, 1, 1, 
74: 0, 4, 40, 0, 0, 0, 0, 1, 1, 0, 0, 5, 42, 1, 0, 3, 5, 1, 1, 5, 0, 3, 4, 2, 1, 4, 0, 2, 5, 0, 0, 0, 0, 4, 0, 1, 0, 0, 2, 5, : 4, 40, 1, 1, 5, 42, 1, 3, 5, 1, 1, 5, 3, 4, 2, 1, 4, 2, 5, 4, 1, 2, 5, 
60: 0, 2, 0, 3, 0, 0, 0, 0, 41, 3, 0, 4, 44, 0, 0, 0, 0, 5, 0, 0, 41, 4, 0, 1, 0, 1, 1, 0, 2, 4, 0, 0, 0, 1, 0, 4, 0, 0, 0, 5, : 2, 3, 41, 3, 4, 44, 5, 41, 4, 1, 1, 1, 2, 4, 1, 4, 5, 
685: 1, 0, 0, 5, 0, 1, 0, 0, 1, 5, 1, 41, 0, 0, 5, 2, 0, 2, 1, 1, 3, 2, 0, 3, 3, 3, 0, 4, 3, 0, 4, 0, 2, 0, 0, 0, 0, 0, 0, 0, : 1, 5, 1, 1, 5, 1, 41, 5, 2, 2, 1, 1, 3, 2, 3, 3, 3, 4, 3, 4, 2, 
732: 1, 3, 0, 4, 0, 1, 0, 5, 2, 0, 5, 0, 0, 43, 0, 0, 5, 0, 0, 44, 0, 1, 0, 0, 3, 0, 0, 0, 0, 1, 2, 0, 4, 0, 0, 4, 0, 5, 2, 3, : 1, 3, 4, 1, 5, 2, 5, 43, 5, 44, 1, 3, 1, 2, 4, 4, 5, 2, 3, 
403: 0, 3, 5, 4, 0, 0, 5, 0, 0, 2, 5, 0, 0, 0, 0, 40, 1, 0, 3, 0, 5, 0, 1, 1, 0, 0, 44, 0, 2, 0, 0, 0, 1, 0, 0, 2, 3, 0, 0, 4, : 3, 5, 4, 5, 2, 5, 40, 1, 3, 5, 1, 1, 44, 2, 1, 2, 3, 4, 
92: 2, 4, 0, 0, 0, 5, 0, 0, 0, 4, 1, 0, 0, 0, 3, 4, 5, 0, 3, 5, 0, 1, 2, 5, 3, 3, 3, 0, 0, 0, 1, 1, 3, 0, 0, 3, 43, 2, 5, 2, : 2, 4, 5, 4, 1, 3, 4, 5, 3, 5, 1, 2, 5, 3, 3, 3, 1, 1, 3, 3, 43, 2, 5, 2, 
281: 2, 0, 0, 2, 3, 0, 0, 0, 1, 2, 2, 0, 0, 0, 0, 2, 0, 1, 0, 0, 0, 0, 0, 4, 0, 5, 0, 43, 4, 0, 0, 2, 0, 4, 4, 1, 0, 0, 0, 1, : 2, 2, 3, 1, 2, 2, 2, 1, 4, 5, 43, 4, 2, 4, 4, 1, 1, 
374: 0, 3, 0, 0, 0, 0, 5, 42, 4, 0, 3, 1, 0, 5, 0, 3, 3, 0, 5, 0, 2, 1, 4, 0, 1, 1, 1, 0, 3, 0, 0, 0, 1, 0, 4, 1, 0, 3, 0, 0, : 3, 5, 42, 4, 3, 1, 5, 3, 3, 5, 2, 1, 4, 1, 1, 1, 3, 1, 4, 1, 3, 


759: 0, 4, 3, 0, 0, 0, 0, 1, 3, 0, 0, 2, 1, 0, 41, 5, 0, 0, 3, 2, 4, 2, 0, 4, 0, 0, 0, 0, 0, 42, 0, 0, 0, 0, 1, 0, 0, 2, 0, 0, : 4, 3, 1, 3, 2, 1, 41, 5, 3, 2, 4, 2, 4, 42, 1, 2, 
194: 3, 3, 0, 0, 0, 0, 0, 0, 5, 0, 3, 2, 4, 1, 5, 4, 3, 0, 0, 1, 4, 0, 5, 0, 4, 0, 0, 5, 0, 0, 1, 0, 0, 4, 4, 5, 0, 0, 0, 1, : 3, 3, 5, 3, 2, 4, 1, 5, 4, 3, 1, 4, 5, 4, 5, 1, 4, 4, 5, 1, 
653: 0, 5, 0, 2, 3, 1, 2, 4, 1, 0, 0, 0, 2, 0, 4, 4, 0, 1, 5, 3, 0, 0, 0, 5, 1, 42, 1, 0, 0, 3, 0, 4, 0, 1, 4, 3, 1, 0, 0, 0, : 5, 2, 3, 1, 2, 4, 1, 2, 4, 4, 1, 5, 3, 5, 1, 42, 1, 3, 4, 1, 4, 3, 1, 
406: 0, 44, 0, 0, 0, 2, 0, 2, 0, 0, 0, 0, 1, 1, 2, 0, 3, 4, 0, 2, 0, 0, 0, 44, 0, 0, 2, 4, 0, 1, 0, 4, 0, 5, 4, 0, 1, 0, 0, 0, : 44, 2, 2, 1, 1, 2, 3, 4, 2, 44, 2, 4, 1, 4, 5, 4, 1, 
269: 0, 4, 0, 1, 4, 2, 0, 0, 0, 5, 0, 4, 3, 2, 2, 3, 2, 0, 1, 4, 0, 0, 0, 4, 4, 0, 0, 2, 5, 1, 0, 0, 0, 0, 2, 0, 0, 0, 0, 0, : 4, 1, 4, 2, 5, 4, 3, 2, 2, 3, 2, 1, 4, 4, 4, 2, 5, 1, 2, 
564: 0, 0, 1, 5, 0, 1, 4, 2, 0, 2, 0, 5, 0, 1, 0, 1, 0, 0, 2, 5, 0, 0, 0, 1, 0, 2, 0, 1, 4, 0, 2, 0, 0, 4, 0, 0, 0, 1, 0, 4, : 1, 5, 1, 4, 2, 2, 5, 1, 1, 2, 5, 1, 2, 1, 4, 2, 4, 1, 4, 
364: 0, 5, 0, 3, 0, 0, 0, 0, 5, 3, 1, 0, 5, 4, 0, 0, 0, 44, 2, 2, 0, 0, 0, 0, 0, 2, 4, 3, 0, 1, 4, 3, 40, 0, 0, 4, 0, 0, 5, 1, : 5, 3, 5, 3, 1, 5, 4, 44, 2, 2, 2, 4, 3, 1, 4, 3, 40, 4, 5, 1, 
360: 4, 0, 0, 0, 1, 0, 0, 0, 3, 0, 0, 0, 0, 0, 0, 2, 2, 3, 4, 1, 1, 0, 2, 0, 2, 0, 3, 0, 0, 0, 0, 0, 0, 0, 4, 0, 4, 3, 2, 0, : 4, 1, 3, 2, 2, 3, 4, 1, 1, 2, 2, 3, 4, 4, 3, 2, 
29: 42, 3, 0, 1, 0, 4, 0, 0, 3, 5, 3, 0, 0, 0, 0, 2, 0, 3, 0, 4, 0, 0, 0, 4, 1, 0, 40, 5, 2, 5, 4, 3, 2, 1, 3, 3, 0, 0, 0, 0, : 42, 3, 1, 4, 3, 5, 3, 2, 3, 4, 4, 1, 40, 5, 2, 5, 4, 3, 2, 1, 3, 3, 
200: 0, 0, 4, 2, 1, 5, 4, 4, 1, 2, 0, 0, 5, 0, 4, 5, 0, 0, 0, 4, 0, 3, 0, 0, 0, 0, 5, 5, 0, 0, 0, 2, 0, 4, 1, 2, 0, 0, 0, 0, : 4, 2, 1, 5, 4, 4, 1, 2, 5, 4, 5, 4, 3, 5, 5, 2, 4, 1, 2, 
89: 2, 0, 0, 1, 0, 0, 2, 5, 0, 0, 0, 0, 0, 2, 2, 4, 3, 5, 2, 0, 1, 4, 3, 0, 5, 1, 0, 0, 40, 0, 0, 0, 0, 5, 1, 0, 0, 2, 0, 0, : 2, 1, 2, 5, 2, 2, 4, 3, 5, 2, 1, 4, 3, 5, 1, 40, 5, 1, 2, 
718: 0, 5, 0, 3, 42, 0, 0, 2, 0, 5, 0, 0, 4, 0, 2, 0, 0, 0, 5, 5, 0, 5, 2, 0, 0, 0, 1, 4, 2, 0, 0, 0, 4, 0, 4, 1, 0, 0, 0, 41, : 5, 3, 42, 2, 5, 4, 2, 5, 5, 5, 2, 1, 4, 2, 4, 4, 1, 41, 
432: 0, 0, 43, 0, 3, 0, 0, 44, 3, 3, 0, 42, 40, 0, 2, 0, 41, 0, 3, 3, 5, 0, 2, 0, 4, 43, 4, 0, 0, 0, 0, 40, 43, 2, 0, 0, 0, 5, 5, 2, : 43, 3, 44, 3, 3, 42, 40, 2, 41, 3, 3, 5, 2, 4, 43, 4, 40, 43, 2, 5, 5, 2, 
115: 0, 5, 0, 1, 44, 0, 0, 0, 4, 5, 5, 4, 0, 0, 5, 0, 0, 0, 4, 0, 0, 0, 0, 1, 1, 0, 5, 5, 0, 3, 5, 0, 1, 5, 3, 0, 0, 0, 3, 0, : 5, 1, 44, 4, 5, 5, 4, 5, 4, 1, 1, 5, 5, 3, 5, 1, 5, 3, 3, 
777: 0, 2, 1, 4, 0, 0, 42, 0, 0, 2, 5, 3, 0, 0, 0, 0, 5, 0, 0, 2, 0, 4, 2, 0, 1, 0, 4, 5, 0, 2, 0, 0, 1, 0, 4, 0, 0, 5, 0, 2, : 2, 1, 4, 42, 2, 5, 3, 5, 2, 4, 2, 1, 4, 5, 2, 1, 4, 5, 2, 
681: 0, 1, 2, 3, 0, 1, 0, 2, 0, 5, 2, 0, 1, 0, 4, 0, 0, 0, 1, 3, 0, 42, 0, 0, 0, 0, 5, 2, 2, 0, 1, 1, 1, 1, 1, 41, 0, 0, 0, 0, : 1, 2, 3, 1, 2, 5, 2, 1, 4, 1, 3, 42, 5, 2, 2, 1, 1, 1, 1, 1, 41, 
719: 2, 1, 1, 3, 0, 0, 1, 3, 5, 0, 4, 0, 5, 1, 1, 2, 0, 0, 42, 0, 1, 0, 1, 0, 0, 5, 1, 5, 5, 0, 0, 2, 0, 3, 2, 1, 42, 0, 0, 3, : 2, 1, 1, 3, 1, 3, 5, 4, 5, 1, 1, 2, 42, 1, 1, 5, 1, 5, 5, 2, 3, 2, 1, 42, 3, 
276: 0, 5, 0, 0, 0, 0, 0, 3, 0, 1, 0, 0, 3, 0, 2, 0, 2, 0, 1, 0, 43, 1, 0, 0, 0, 0, 3, 0, 0, 3, 0, 0, 0, 0, 1, 0, 0, 0, 0, 0, : 5, 3, 1, 3, 2, 2, 1, 43, 1, 3, 3, 1, 
726: 0, 0, 3, 4, 0, 0, 0, 3, 3, 1, 1, 0, 0, 0, 0, 2, 0, 0, 0, 0, 3, 0, 1, 0, 0, 4, 5, 0, 0, 0, 0, 0, 2, 0, 3, 2, 5, 2, 0, 0, : 3, 4, 3, 3, 1, 1, 2, 3, 1, 4, 5, 2, 3, 2, 5, 2, 
191: 0, 0, 2, 3, 3, 0, 0, 2, 5, 4, 3, 0, 0, 0, 3, 41, 41, 0, 0, 3, 2, 0, 0, 0, 0, 5, 3, 4, 4, 3, 4, 3, 3, 2, 0, 1, 0, 0, 44, 0, : 2, 3, 3, 2, 5, 4, 3, 3, 41, 41, 3, 2, 5, 3, 4, 4, 3, 4, 3, 3, 2, 1, 44, 
706: 4, 0, 0, 5, 2, 2, 4, 3, 43, 2, 5, 0, 4, 42, 5, 4, 0, 1, 0, 1, 0, 0, 0, 0, 0, 2, 5, 5, 0, 0, 1, 2, 0, 1, 0, 0, 0, 0, 3, 0, : 4, 5, 2, 2, 4, 3, 43, 2, 5, 4, 42, 5, 4, 1, 1, 2, 5, 5, 1, 2, 1, 3, 
559: 4, 3, 0, 0, 1, 0, 0, 3, 2, 5, 0, 0, 4, 0, 3, 2, 3, 5, 1, 1, 3, 0, 3, 0, 0, 1, 0, 5, 0, 40, 0, 0, 0, 5, 0, 0, 5, 2, 0, 5, : 4, 3, 1, 3, 2, 5, 4, 3, 2, 3, 5, 1, 1, 3, 3, 1, 5, 40, 5, 5, 2, 5, 
254: 0, 5, 3, 3, 0, 1, 0, 1, 2, 4, 1, 0, 4, 3, 3, 0, 0, 0, 3, 4, 0, 3, 0, 0, 0, 0, 1, 0, 0, 0, 4, 0, 1, 41, 1, 0, 0, 41, 0, 5, : 5, 3, 3, 1, 1, 2, 4, 1, 4, 3, 3, 3, 4, 3, 1, 4, 1, 41, 1, 41, 5, 
693: 0, 1, 0, 1, 0, 4, 5, 4, 2, 5, 41, 0, 1, 1, 3, 4, 0, 1, 5, 1, 0, 0, 0, 4, 0, 2, 4, 0, 3, 3, 0, 1, 0, 2, 4, 0, 5, 0, 0, 1, : 1, 1, 4, 5, 4, 2, 5, 41, 1, 1, 3, 4, 1, 5, 1, 4, 2, 4, 3, 3, 1, 2, 4, 5, 1, 
429: 0, 0, 3, 5, 0, 1, 2, 1, 5, 3, 0, 1, 1, 5, 3, 0, 0, 0, 0, 4, 0, 3, 40, 0, 0, 0, 1, 0, 2, 0, 43, 3, 2, 0, 0, 0, 5, 3, 0, 0, : 3, 5, 1, 2, 1, 5, 3, 1, 1, 5, 3, 4, 3, 40, 1, 2, 43, 3, 2, 5, 3, 
152: 4, 0, 0, 0, 0, 0, 0, 1, 5, 0, 0, 43, 3, 0, 1, 4, 4, 0, 2, 2, 0, 0, 40, 0, 5, 0, 1, 44, 1, 0, 0, 0, 4, 5, 3, 0, 0, 0, 2, 0, : 4, 1, 5, 43, 3, 1, 4, 4, 2, 2, 40, 5, 1, 44, 1, 4, 5, 3, 2, 
294: 0, 0, 0, 1, 0, 0, 0, 0, 0, 0, 0, 0, 1, 0, 0, 4, 4, 1, 2, 40, 0, 0, 0, 40, 0, 0, 0, 0, 4, 3, 0, 0, 0, 0, 5, 5, 4, 0, 0, 0, : 1, 1, 4, 4, 1, 2, 40, 40, 4, 3, 5, 5, 4, 
670: 0, 1, 1, 5, 0, 0, 0, 0, 0, 0, 0, 0, 2, 2, 5, 4, 0, 0, 2, 4, 0, 5, 0, 4, 41, 0, 0, 0, 0, 5, 0, 3, 0, 0, 4, 44, 0, 2, 3, 40, : 1, 1, 5, 2, 2, 5, 4, 2, 4, 5, 4, 41, 5, 3, 4, 44, 2, 3, 40, 
433: 5, 0, 0, 2, 0, 0, 2, 0, 2, 1, 0, 0, 2, 0, 5, 1, 0, 0, 0, 3, 2, 0, 2, 5, 0, 3, 4, 3, 0, 0, 0, 0, 0, 5, 0, 3, 0, 0, 0, 0, : 5, 2, 2, 2, 1, 2, 5, 1, 3, 2, 2, 5, 3, 4, 3, 5, 3, 
661: 1, 0, 0, 0, 0, 0, 0, 2, 0, 0, 0, 0, 5, 4, 2, 5, 5, 2, 1, 1, 0, 0, 3, 4, 42, 3, 5, 0, 3, 0, 0, 1, 2, 2, 2, 1, 0, 3, 1, 5, : 1, 2, 5, 4, 2, 5, 5, 2, 1, 1, 3, 4, 42, 3, 5, 3, 1, 2, 2, 2, 1, 3, 1, 5, 
452: 0, 0, 0, 5, 4, 5, 40, 4, 0, 0, 0, 0, 0, 40, 0, 5, 1, 0, 3, 0, 0, 0, 0, 0, 3, 0, 1, 1, 0, 0, 0, 0, 3, 0, 1, 0, 5, 40, 0, 1, : 5, 4, 5, 40, 4, 40, 5, 1, 3, 3, 1, 1, 3, 1, 5, 40, 1, 
553: 0, 3, 4, 0, 0, 0, 0, 4, 0, 1, 0, 1, 0, 3, 0, 1, 0, 0, 5, 0, 4, 41, 0, 0, 0, 0, 2, 0, 42, 0, 3, 0, 1, 5, 43, 0, 2, 0, 0, 0, : 3, 4, 4, 1, 1, 3, 1, 5, 4, 41, 2, 42, 3, 1, 5, 43, 2, 
605: 0, 0, 0, 4, 0, 40, 0, 0, 4, 4, 3, 4, 0, 4, 1, 0, 0, 1, 0, 4, 0, 3, 0, 0, 0, 0, 0, 0, 0, 0, 2, 0, 3, 0, 0, 0, 0, 0, 0, 4, : 4, 40, 4, 4, 3, 4, 4, 1, 1, 4, 3, 2, 3, 4, 
549: 0, 0, 40, 5, 0, 0, 3, 2, 3, 0, 0, 0, 5, 4, 0, 2, 0, 0, 5, 5, 0, 4, 4, 0, 2, 0, 1, 0, 0, 0, 0, 0, 1, 4, 0, 1, 0, 0, 5, 0, : 40, 5, 3, 2, 3, 5, 4, 2, 5, 5, 4, 4, 2, 1, 1, 4, 1, 5, 
421: 4, 3, 0, 4, 3, 0, 0, 0, 1, 0, 0, 0, 0, 0, 0, 4, 0, 2, 0, 0, 40, 0, 4, 0, 3, 0, 2, 5, 0, 0, 0, 40, 0, 3, 3, 0, 0, 3, 44, 1, : 4, 3, 4, 3, 1, 4, 2, 40, 4, 3, 2, 5, 40, 3, 3, 3, 44, 1, 
573: 1, 5, 4, 40, 1, 0, 0, 0, 4, 0, 0, 1, 1, 0, 4, 3, 0, 0, 5, 0, 0, 0, 0, 0, 0, 0, 2, 0, 0, 4, 0, 5, 0, 0, 0, 0, 0, 5, 0, 0, : 1, 5, 4, 40, 1, 4, 1, 1, 4, 3, 5, 2, 4, 5, 5, 
48: 0, 5, 2, 1, 0, 4, 2, 5, 3, 4, 43, 3, 4, 0, 0, 2, 0, 43, 1, 1, 2, 0, 4, 0, 1, 0, 4, 1, 1, 1, 2, 0, 0, 0, 2, 0, 0, 0, 0, 4, : 5, 2, 1, 4, 2, 5, 3, 4, 43, 3, 4, 2, 43, 1, 1, 2, 4, 1, 4, 1, 1, 1, 2, 2, 4, 
528: 40, 5, 0, 3, 0, 4, 2, 3, 0, 44, 0, 0, 0, 0, 3, 0, 1, 4, 1, 0, 5, 0, 0, 0, 0, 0, 0, 0, 0, 0, 0, 1, 3, 5, 3, 0, 0, 0, 0, 0, : 40, 5, 3, 4, 2, 3, 44, 3, 1, 4, 1, 5, 1, 3, 5, 3, 
181: 0, 0, 0, 0, 4, 43, 4, 5, 0, 4, 0, 0, 5, 0, 3, 0, 0, 0, 4, 0, 0, 0, 2, 0, 0, 0, 1, 1, 0, 0, 43, 2, 3, 1, 4, 3, 0, 1, 3, 0, : 4, 43, 4, 5, 4, 5, 3, 4, 2, 1, 1, 43, 2, 3, 1, 4, 3, 1, 3, 
537: 4, 2, 3, 0, 4, 0, 1, 5, 3, 0, 0, 5, 4, 0, 0, 0, 0, 0, 5, 5, 0, 0, 0, 0, 0, 5, 0, 5, 0, 0, 1, 0, 0, 4, 3, 0, 41, 0, 0, 0, : 4, 2, 3, 4, 1, 5, 3, 5, 4, 5, 5, 5, 5, 1, 4, 3, 41, 


10: 0, 0, 2, 0, 0, 41, 1, 1, 0, 0, 4, 4, 2, 0, 4, 0, 3, 0, 2, 0, 2, 5, 0, 4, 4, 5, 0, 5, 0, 0, 1, 3, 0, 4, 1, 3, 3, 5, 0, 4, : 2, 41, 1, 1, 4, 4, 2, 4, 3, 2, 2, 5, 4, 4, 5, 5, 1, 3, 4, 1, 3, 3, 5, 4, 
340: 0, 0, 3, 2, 0, 0, 40, 5, 3, 0, 2, 5, 0, 0, 0, 41, 0, 44, 0, 0, 0, 3, 0, 2, 1, 0, 43, 5, 1, 1, 0, 2, 0, 5, 3, 0, 3, 1, 3, 1, : 3, 2, 40, 5, 3, 2, 5, 41, 44, 3, 2, 1, 43, 5, 1, 1, 2, 5, 3, 3, 1, 3, 1, 
545: 0, 2, 3, 3, 0, 0, 2, 40, 0, 40, 0, 5, 0, 0, 0, 0, 0, 0, 4, 0, 0, 5, 0, 5, 0, 0, 2, 0, 0, 0, 0, 0, 0, 4, 0, 0, 0, 0, 5, 1, : 2, 3, 3, 2, 40, 40, 5, 4, 5, 5, 2, 4, 5, 1, 
544: 0, 1, 3, 4, 0, 0, 0, 0, 1, 4, 5, 3, 0, 0, 4, 0, 3, 0, 0, 0, 1, 4, 0, 5, 5, 4, 1, 5, 0, 0, 3, 0, 4, 0, 0, 0, 4, 2, 1, 2, : 1, 3, 4, 1, 4, 5, 3, 4, 3, 1, 4, 5, 5, 4, 1, 5, 3, 4, 4, 2, 1, 2, 
440: 0, 2, 0, 0, 3, 5, 3, 3, 0, 0, 0, 3, 0, 0, 3, 4, 0, 0, 0, 3, 3, 0, 0, 1, 2, 0, 3, 1, 0, 0, 1, 0, 0, 41, 0, 3, 0, 2, 1, 4, : 2, 3, 5, 3, 3, 3, 3, 4, 3, 3, 1, 2, 3, 1, 1, 41, 3, 2, 1, 4, 
62: 0, 3, 3, 5, 1, 0, 1, 5, 0, 0, 0, 2, 4, 0, 1, 5, 0, 0, 0, 4, 0, 2, 43, 5, 3, 0, 0, 0, 3, 5, 1, 0, 0, 0, 1, 0, 1, 3, 0, 2, : 3, 3, 5, 1, 1, 5, 2, 4, 1, 5, 4, 2, 43, 5, 3, 3, 5, 1, 1, 1, 3, 2, 
699: 0, 1, 2, 0, 0, 3, 0, 5, 41, 0, 0, 43, 3, 0, 0, 0, 0, 2, 0, 40, 0, 0, 1, 4, 0, 1, 0, 4, 0, 43, 0, 0, 0, 1, 44, 42, 0, 0, 0, 1, : 1, 2, 3, 5, 41, 43, 3, 2, 40, 1, 4, 1, 4, 43, 1, 44, 42, 1, 
665: 0, 0, 1, 0, 0, 0, 5, 1, 0, 0, 5, 4, 0, 4, 2, 0, 2, 0, 2, 0, 2, 0, 0, 1, 5, 4, 0, 0, 0, 0, 1, 5, 0, 40, 0, 0, 5, 0, 0, 1, : 1, 5, 1, 5, 4, 4, 2, 2, 2, 2, 1, 5, 4, 1, 5, 40, 5, 1, 
415: 44, 0, 4, 2, 3, 0, 0, 0, 0, 0, 0, 1, 1, 3, 4, 2, 1, 0, 1, 0, 5, 0, 0, 3, 3, 0, 2, 0, 2, 2, 0, 2, 0, 1, 0, 0, 0, 0, 1, 4, : 44, 4, 2, 3, 1, 1, 3, 4, 2, 1, 1, 5, 3, 3, 2, 2, 2, 2, 1, 1, 4, 
471: 5, 5, 3, 0, 5, 0, 3, 4, 0, 4, 0, 2, 0, 0, 2, 0, 0, 0, 0, 0, 2, 1, 4, 5, 1, 0, 0, 1, 4, 0, 5, 0, 0, 0, 1, 0, 3, 0, 2, 1, : 5, 5, 3, 5, 3, 4, 4, 2, 2, 2, 1, 4, 5, 1, 1, 4, 5, 1, 3, 2, 1, 
456: 0, 0, 0, 5, 5, 0, 0, 0, 0, 0, 3, 3, 1, 2, 2, 0, 5, 0, 0, 0, 0, 0, 0, 2, 3, 4, 2, 2, 0, 0, 0, 4, 1, 3, 0, 0, 0, 0, 5, 3, : 5, 5, 3, 3, 1, 2, 2, 5, 2, 3, 4, 2, 2, 4, 1, 3, 5, 3, 
697: 4, 1, 3, 0, 0, 0, 1, 0, 0, 2, 0, 5, 4, 0, 2, 0, 0, 0, 0, 0, 0, 0, 0, 4, 1, 0, 1, 0, 0, 0, 5, 0, 40, 0, 0, 0, 2, 4, 0, 4, : 4, 1, 3, 1, 2, 5, 4, 2, 4, 1, 1, 5, 40, 2, 4, 4, 
404: 0, 0, 1, 4, 41, 0, 2, 0, 4, 0, 0, 0, 2, 0, 5, 0, 0, 0, 0, 3, 3, 40, 0, 5, 2, 43, 0, 4, 0, 4, 0, 44, 3, 0, 2, 0, 0, 1, 1, 1, : 1, 4, 41, 2, 4, 2, 5, 3, 3, 40, 5, 2, 43, 4, 4, 44, 3, 2, 1, 1, 1, 
257: 0, 40, 4, 42, 1, 0, 5, 5, 1, 0, 1, 1, 0, 0, 0, 0, 0, 0, 0, 44, 0, 1, 0, 1, 5, 0, 4, 0, 0, 0, 0, 0, 0, 0, 44, 0, 1, 0, 5, 1, : 40, 4, 42, 1, 5, 5, 1, 1, 1, 44, 1, 1, 5, 4, 44, 1, 5, 1, 
122: 0, 0, 0, 0, 0, 3, 1, 4, 0, 0, 40, 0, 0, 0, 0, 0, 0, 2, 5, 0, 41, 41, 0, 2, 3, 0, 44, 0, 3, 2, 0, 0, 0, 0, 0, 0, 2, 3, 5, 1, : 3, 1, 4, 40, 2, 5, 41, 41, 2, 3, 44, 3, 2, 2, 3, 5, 1, 
327: 0, 0, 3, 1, 0, 0, 4, 5, 0, 0, 0, 0, 2, 0, 2, 3, 40, 4, 0, 0, 1, 0, 0, 3, 0, 3, 0, 0, 2, 0, 0, 0, 0, 2, 0, 0, 4, 1, 0, 2, : 3, 1, 4, 5, 2, 2, 3, 40, 4, 1, 3, 3, 2, 2, 4, 1, 2, 
144: 3, 0, 5, 2, 0, 0, 0, 2, 4, 0, 0, 0, 1, 0, 1, 40, 0, 0, 0, 5, 5, 0, 0, 1, 3, 4, 0, 0, 3, 0, 0, 0, 0, 2, 0, 0, 5, 4, 1, 4, : 3, 5, 2, 2, 4, 1, 1, 40, 5, 5, 1, 3, 4, 3, 2, 5, 4, 1, 4, 
289: 5, 5, 4, 0, 0, 4, 2, 2, 3, 2, 1, 0, 0, 0, 42, 5, 5, 2, 0, 0, 4, 0, 0, 5, 3, 0, 1, 0, 0, 0, 3, 4, 0, 0, 4, 0, 1, 1, 2, 0, : 5, 5, 4, 4, 2, 2, 3, 2, 1, 42, 5, 5, 2, 4, 5, 3, 1, 3, 4, 4, 1, 1, 2, 
51: 0, 2, 2, 3, 3, 0, 3, 5, 0, 1, 1, 0, 0, 44, 5, 0, 0, 5, 3, 0, 4, 0, 0, 2, 4, 0, 0, 0, 0, 0, 5, 44, 2, 0, 5, 2, 4, 0, 4, 4, : 2, 2, 3, 3, 3, 5, 1, 1, 44, 5, 5, 3, 4, 2, 4, 5, 44, 2, 5, 2, 4, 4, 4, 
700: 0, 0, 1, 1, 1, 0, 3, 5, 0, 0, 3, 3, 0, 4, 5, 0, 0, 5, 0, 0, 3, 0, 2, 3, 0, 2, 0, 0, 41, 0, 0, 0, 4, 1, 0, 0, 4, 0, 0, 4, : 1, 1, 1, 3, 5, 3, 3, 4, 5, 5, 3, 2, 3, 2, 41, 4, 1, 4, 4, 
280: 0, 1, 1, 4, 0, 4, 4, 0, 1, 4, 0, 3, 0, 0, 3, 0, 0, 0, 1, 0, 0, 2, 1, 2, 0, 0, 1, 0, 0, 44, 0, 1, 42, 0, 2, 4, 44, 3, 2, 2, : 1, 1, 4, 4, 4, 1, 4, 3, 3, 1, 2, 1, 2, 1, 44, 1, 42, 2, 4, 44, 3, 2, 2, 
287: 0, 40, 5, 4, 3, 2, 3, 1, 2, 40, 0, 3, 0, 2, 4, 0, 2, 0, 4, 2, 2, 0, 0, 5, 4, 4, 3, 42, 4, 0, 0, 0, 0, 0, 0, 0, 3, 5, 1, 0, : 40, 5, 4, 3, 2, 3, 1, 2, 40, 3, 2, 4, 2, 4, 2, 2, 5, 4, 4, 3, 42, 4, 3, 5, 1, 
196: 0, 0, 3, 0, 0, 0, 0, 0, 0, 0, 0, 4, 1, 5, 0, 3, 2, 2, 0, 0, 5, 0, 0, 2, 2, 1, 1, 40, 0, 0, 0, 0, 2, 4, 5, 4, 2, 3, 1, 42, : 3, 4, 1, 5, 3, 2, 2, 5, 2, 2, 1, 1, 40, 2, 4, 5, 4, 2, 3, 1, 42, 
207: 5, 0, 0, 3, 0, 0, 0, 3, 2, 1, 0, 0, 0, 0, 1, 0, 41, 0, 0, 0, 3, 2, 3, 2, 0, 0, 0, 0, 0, 0, 4, 3, 5, 0, 0, 0, 0, 43, 3, 4, : 5, 3, 3, 2, 1, 1, 41, 3, 2, 3, 2, 4, 3, 5, 43, 3, 4, 
114: 0, 0, 5, 2, 0, 3, 3, 0, 3, 5, 43, 2, 3, 3, 0, 0, 0, 3, 0, 1, 5, 0, 2, 1, 0, 0, 0, 0, 0, 5, 43, 0, 0, 0, 0, 0, 4, 4, 1, 0, : 5, 2, 3, 3, 3, 5, 43, 2, 3, 3, 3, 1, 5, 2, 1, 5, 43, 4, 4, 1, 
664: 0, 0, 5, 1, 0, 0, 3, 5, 0, 0, 5, 2, 0, 0, 0, 0, 0, 0, 42, 5, 2, 3, 0, 3, 0, 1, 0, 0, 0, 0, 0, 1, 0, 4, 0, 0, 3, 0, 3, 3, : 5, 1, 3, 5, 5, 2, 42, 5, 2, 3, 3, 1, 1, 4, 3, 3, 3, 
773: 0, 0, 0, 3, 0, 0, 0, 0, 0, 0, 0, 3, 3, 0, 2, 4, 0, 0, 0, 0, 1, 4, 1, 1, 3, 0, 0, 0, 4, 0, 0, 0, 2, 5, 0, 1, 0, 1, 2, 3, : 3, 3, 3, 2, 4, 1, 4, 1, 1, 3, 4, 2, 5, 1, 1, 2, 3, 
12: 0, 2, 1, 0, 0, 4, 3, 0, 0, 0, 0, 0, 0, 0, 4, 5, 0, 1, 0, 0, 0, 0, 2, 3, 5, 0, 0, 2, 0, 0, 43, 4, 4, 0, 0, 41, 4, 3, 2, 1, : 2, 1, 4, 3, 4, 5, 1, 2, 3, 5, 2, 43, 4, 4, 41, 4, 3, 2, 1, 
133: 4, 2, 42, 4, 44, 2, 0, 0, 0, 0, 0, 1, 0, 44, 1, 0, 0, 0, 44, 0, 1, 0, 0, 3, 5, 0, 2, 0, 0, 5, 0, 2, 0, 0, 1, 0, 1, 0, 5, 0, : 4, 2, 42, 4, 44, 2, 1, 44, 1, 44, 1, 3, 5, 2, 5, 2, 1, 1, 5, 
245: 3, 0, 2, 0, 0, 1, 3, 0, 1, 0, 0, 3, 0, 0, 2, 4, 0, 1, 0, 0, 4, 0, 1, 4, 0, 0, 0, 0, 0, 3, 2, 0, 0, 0, 0, 0, 0, 4, 4, 3, : 3, 2, 1, 3, 1, 3, 2, 4, 1, 4, 1, 4, 3, 2, 4, 4, 3, 
656: 0, 0, 2, 2, 0, 3, 1, 5, 0, 0, 2, 1, 42, 0, 4, 0, 0, 0, 0, 3, 5, 0, 43, 3, 5, 3, 0, 0, 0, 0, 0, 0, 0, 0, 0, 0, 1, 5, 43, 1, : 2, 2, 3, 1, 5, 2, 1, 42, 4, 3, 5, 43, 3, 5, 3, 1, 5, 43, 1, 
33: 0, 0, 1, 0, 5, 0, 2, 5, 4, 2, 0, 2, 4, 0, 0, 0, 0, 0, 0, 0, 1, 0, 5, 3, 0, 0, 0, 0, 2, 0, 0, 0, 4, 0, 3, 5, 5, 0, 2, 1, : 1, 5, 2, 5, 4, 2, 2, 4, 1, 5, 3, 2, 4, 3, 5, 5, 2, 1, 
128: 0, 4, 0, 5, 0, 2, 0, 2, 4, 0, 0, 0, 0, 5, 0, 0, 1, 0, 0, 3, 5, 0, 3, 4, 0, 0, 0, 1, 0, 0, 0, 0, 3, 0, 2, 0, 0, 0, 0, 4, : 4, 5, 2, 2, 4, 5, 1, 3, 5, 3, 4, 1, 3, 2, 4, 
278: 0, 2, 0, 5, 3, 0, 2, 4, 0, 3, 0, 0, 0, 0, 5, 0, 2, 0, 2, 2, 2, 5, 0, 5, 0, 0, 0, 0, 0, 0, 0, 0, 4, 3, 0, 5, 0, 5, 0, 1, : 2, 5, 3, 2, 4, 3, 5, 2, 2, 2, 2, 5, 5, 4, 3, 5, 5, 1, 
792: 5, 0, 1, 0, 2, 41, 4, 0, 0, 0, 0, 2, 0, 0, 1, 0, 0, 3, 0, 2, 0, 0, 0, 1, 3, 0, 3, 2, 44, 0, 0, 0, 0, 0, 0, 0, 0, 5, 4, 0, : 5, 1, 2, 41, 4, 2, 1, 3, 2, 1, 3, 3, 2, 44, 5, 4, 
443: 0, 0, 1, 0, 0, 0, 4, 2, 3, 0, 0, 4, 0, 0, 4, 0, 0, 0, 0, 0, 0, 2, 4, 5, 0, 0, 3, 0, 0, 0, 0, 0, 0, 0, 1, 0, 0, 1, 5, 4, : 1, 4, 2, 3, 4, 4, 2, 4, 5, 3, 1, 1, 5, 4, 
740: 0, 0, 0, 4, 0, 0, 3, 0, 0, 4, 0, 0, 41, 0, 0, 0, 0, 0, 5, 0, 2, 0, 5, 5, 4, 41, 0, 1, 5, 0, 3, 0, 0, 0, 0, 4, 0, 5, 2, 0, : 4, 3, 4, 41, 5, 2, 5, 5, 4, 41, 1, 5, 3, 4, 5, 2, 
7: 0, 3, 2, 0, 0, 0, 5, 0, 43, 0, 4, 0, 4, 4, 0, 1, 4, 1, 1, 0, 3, 0, 0, 3, 0, 0, 0, 0, 2, 1, 0, 0, 0, 0, 0, 1, 2, 4, 4, 1, : 3, 2, 5, 43, 4, 4, 4, 1, 4, 1, 1, 3, 3, 2, 1, 1, 2, 4, 4, 1, 
756: 0, 4, 0, 4, 0, 2, 1, 1, 0, 5, 1, 2, 2, 0, 3, 0, 4, 41, 4, 3, 3, 0, 0, 1, 0, 0, 4, 4, 0, 0, 0, 1, 0, 0, 0, 0, 4, 2, 0, 3, : 4, 4, 2, 1, 1, 5, 1, 2, 2, 3, 4, 41, 4, 3, 3, 1, 4, 4, 1, 4, 2, 3, 
485: 42, 0, 2, 5, 0, 0, 3, 0, 0, 3, 0, 4, 0, 0, 2, 3, 5, 4, 0, 0, 0, 0, 0, 1, 41, 0, 0, 1, 0, 5, 0, 0, 0, 0, 1, 5, 5, 0, 0, 2, : 42, 2, 5, 3, 3, 4, 2, 3, 5, 4, 1, 41, 1, 5, 1, 5, 5, 2, 


23: 4, 3, 4, 1, 0, 1, 42, 0, 1, 1, 4, 0, 4, 1, 0, 0, 2, 0, 0, 4, 3, 0, 0, 0, 1, 4, 0, 0, 5, 4, 0, 0, 2, 2, 0, 0, 0, 2, 0, 1, : 4, 3, 4, 1, 1, 42, 1, 1, 4, 4, 1, 2, 4, 3, 1, 4, 5, 4, 2, 2, 2, 1, 
576: 5, 3, 0, 5, 0, 3, 0, 3, 4, 3, 1, 0, 0, 0, 1, 4, 0, 0, 0, 0, 1, 43, 3, 0, 0, 0, 5, 3, 2, 0, 2, 0, 0, 4, 3, 0, 0, 41, 41, 0, : 5, 3, 5, 3, 3, 4, 3, 1, 1, 4, 1, 43, 3, 5, 3, 2, 2, 4, 3, 41, 41, 
464: 0, 40, 5, 5, 0, 0, 1, 0, 1, 3, 0, 0, 0, 0, 0, 0, 41, 1, 2, 3, 0, 0, 0, 0, 0, 42, 0, 4, 0, 4, 5, 5, 0, 41, 2, 0, 0, 0, 0, 0, : 40, 5, 5, 1, 1, 3, 41, 1, 2, 3, 42, 4, 4, 5, 5, 41, 2, 
688: 4, 4, 3, 0, 0, 0, 3, 0, 2, 0, 0, 0, 0, 0, 0, 2, 4, 2, 2, 0, 0, 0, 1, 0, 2, 1, 0, 0, 42, 0, 0, 0, 0, 4, 0, 0, 0, 40, 0, 1, : 4, 4, 3, 3, 2, 2, 4, 2, 2, 1, 2, 1, 42, 4, 40, 1, 
414: 0, 0, 0, 2, 0, 0, 2, 4, 1, 2, 44, 0, 5, 4, 0, 0, 0, 0, 2, 0, 2, 0, 0, 0, 0, 0, 0, 4, 4, 2, 0, 1, 3, 0, 0, 0, 1, 0, 2, 2, : 2, 2, 4, 1, 2, 44, 5, 4, 2, 2, 4, 4, 2, 1, 3, 1, 2, 2, 
155: 0, 0, 4, 1, 4, 2, 0, 1, 3, 4, 2, 0, 3, 0, 5, 41, 5, 0, 0, 3, 4, 0, 0, 4, 2, 1, 0, 0, 1, 0, 0, 3, 3, 3, 42, 42, 0, 0, 3, 1, : 4, 1, 4, 2, 1, 3, 4, 2, 3, 5, 41, 5, 3, 4, 4, 2, 1, 1, 3, 3, 3, 42, 42, 3, 1, 
234: 0, 0, 0, 5, 3, 4, 0, 0, 5, 0, 3, 0, 0, 5, 0, 3, 2, 0, 1, 0, 3, 4, 4, 0, 0, 2, 4, 0, 5, 5, 0, 4, 40, 3, 0, 0, 0, 0, 0, 1, : 5, 3, 4, 5, 3, 5, 3, 2, 1, 3, 4, 4, 2, 4, 5, 5, 4, 40, 3, 1, 
247: 1, 0, 2, 0, 0, 0, 0, 0, 2, 0, 3, 0, 0, 4, 2, 0, 0, 0, 3, 0, 0, 0, 0, 4, 0, 0, 0, 0, 2, 1, 0, 3, 0, 0, 0, 4, 0, 0, 3, 43, : 1, 2, 2, 3, 4, 2, 3, 4, 2, 1, 3, 4, 3, 43, 
358: 3, 5, 4, 3, 0, 0, 0, 2, 2, 0, 0, 5, 0, 0, 0, 0, 0, 0, 0, 2, 1, 4, 0, 1, 1, 0, 5, 0, 0, 1, 0, 0, 4, 0, 5, 3, 2, 0, 0, 3, : 3, 5, 4, 3, 2, 2, 5, 2, 1, 4, 1, 1, 5, 1, 4, 5, 3, 2, 3, 
397: 2, 1, 0, 1, 0, 2, 0, 2, 2, 2, 0, 0, 4, 0, 42, 0, 3, 0, 0, 0, 1, 0, 0, 4, 3, 0, 0, 5, 5, 5, 0, 0, 0, 5, 0, 0, 44, 2, 4, 0, : 2, 1, 1, 2, 2, 2, 2, 4, 42, 3, 1, 4, 3, 5, 5, 5, 5, 44, 2, 4, 
774: 0, 0, 44, 5, 0, 5, 1, 0, 5, 2, 2, 0, 0, 0, 3, 0, 5, 41, 0, 2, 0, 0, 3, 40, 4, 4, 0, 0, 4, 0, 0, 1, 0, 0, 5, 0, 3, 0, 0, 3, : 44, 5, 5, 1, 5, 2, 2, 3, 5, 41, 2, 3, 40, 4, 4, 4, 1, 5, 3, 3, 
660: 0, 40, 5, 3, 3, 0, 1, 40, 1, 2, 42, 4, 3, 44, 0, 0, 3, 0, 1, 3, 3, 0, 0, 0, 0, 0, 0, 4, 3, 2, 0, 0, 3, 3, 0, 5, 0, 2, 0, 0, : 40, 5, 3, 3, 1, 40, 1, 2, 42, 4, 3, 44, 3, 1, 3, 3, 4, 3, 2, 3, 3, 5, 2, 
322: 1, 0, 5, 4, 0, 0, 0, 0, 0, 0, 0, 0, 3, 0, 0, 0, 4, 0, 40, 0, 0, 5, 0, 1, 0, 1, 0, 0, 1, 5, 2, 0, 1, 5, 0, 0, 3, 0, 3, 2, : 1, 5, 4, 3, 4, 40, 5, 1, 1, 1, 5, 2, 1, 5, 3, 3, 2, 
317: 0, 0, 0, 2, 0, 3, 2, 0, 4, 5, 3, 4, 3, 0, 0, 0, 3, 2, 0, 0, 1, 0, 5, 0, 0, 0, 0, 41, 2, 4, 0, 0, 0, 5, 0, 0, 0, 0, 0, 1, : 2, 3, 2, 4, 5, 3, 4, 3, 3, 2, 1, 5, 41, 2, 4, 5, 1, 
592: 1, 0, 1, 5, 44, 4, 1, 0, 3, 5, 0, 44, 3, 0, 0, 0, 3, 3, 5, 4, 4, 43, 0, 5, 0, 0, 0, 3, 3, 44, 2, 0, 0, 3, 0, 4, 0, 0, 0, 1, : 1, 1, 5, 44, 4, 1, 3, 5, 44, 3, 3, 3, 5, 4, 4, 43, 5, 3, 3, 44, 2, 3, 4, 1, 
475: 2, 0, 0, 5, 5, 3, 0, 4, 0, 5, 5, 0, 5, 3, 5, 5, 0, 4, 0, 0, 0, 4, 0, 2, 0, 0, 3, 3, 4, 3, 42, 0, 40, 4, 0, 0, 0, 0, 0, 2, : 2, 5, 5, 3, 4, 5, 5, 5, 3, 5, 5, 4, 4, 2, 3, 3, 4, 3, 42, 40, 4, 2, 
365: 0, 0, 0, 0, 0, 0, 0, 2, 0, 0, 0, 0, 43, 0, 3, 0, 0, 0, 0, 4, 3, 0, 5, 0, 3, 0, 0, 0, 0, 5, 0, 0, 1, 3, 0, 0, 0, 3, 4, 4, : 2, 43, 3, 4, 3, 5, 3, 5, 1, 3, 3, 4, 4, 
162: 1, 1, 0, 3, 2, 0, 0, 0, 2, 0, 0, 0, 5, 40, 0, 0, 4, 0, 3, 2, 5, 0, 0, 0, 3, 0, 0, 0, 0, 2, 4, 0, 0, 0, 0, 5, 0, 0, 0, 0, : 1, 1, 3, 2, 2, 5, 40, 4, 3, 2, 5, 3, 2, 4, 5, 
113: 0, 5, 1, 0, 0, 0, 3, 0, 0, 0, 0, 0, 3, 2, 0, 0, 4, 0, 0, 3, 42, 3, 0, 4, 0, 1, 2, 3, 0, 0, 0, 0, 0, 4, 5, 0, 0, 0, 41, 5, : 5, 1, 3, 3, 2, 4, 3, 42, 3, 4, 1, 2, 3, 4, 5, 41, 5, 
26: 0, 0, 5, 1, 0, 3, 0, 4, 1, 44, 0, 3, 0, 0, 0, 1, 0, 0, 41, 4, 0, 0, 0, 0, 43, 5, 0, 1, 0, 5, 0, 0, 0, 3, 1, 0, 4, 0, 1, 5, : 5, 1, 3, 4, 1, 44, 3, 1, 41, 4, 43, 5, 1, 5, 3, 1, 4, 1, 5, 
78: 0, 0, 0, 5, 0, 0, 3, 3, 4, 1, 0, 0, 0, 0, 0, 4, 0, 2, 0, 5, 1, 0, 0, 0, 0, 5, 0, 5, 3, 4, 4, 5, 3, 0, 0, 1, 4, 2, 0, 0, : 5, 3, 3, 4, 1, 4, 2, 5, 1, 5, 5, 3, 4, 4, 5, 3, 1, 4, 2, 
148: 0, 0, 0, 0, 0, 0, 0, 0, 2, 0, 0, 0, 3, 0, 0, 0, 5, 0, 0, 0, 2, 0, 0, 2, 0, 2, 0, 2, 1, 0, 1, 5, 0, 0, 0, 3, 1, 0, 1, 3, : 2, 3, 5, 2, 2, 2, 2, 1, 1, 5, 3, 1, 1, 3, 
188: 0, 0, 5, 1, 0, 0, 2, 3, 0, 2, 0, 2, 3, 0, 0, 0, 1, 3, 0, 42, 2, 0, 0, 0, 1, 1, 2, 2, 3, 0, 0, 0, 0, 5, 2, 0, 5, 0, 0, 3, : 5, 1, 2, 3, 2, 2, 3, 1, 3, 42, 2, 1, 1, 2, 2, 3, 5, 2, 5, 3, 
551: 0, 3, 1, 1, 3, 0, 0, 0, 1, 1, 0, 0, 0, 0, 0, 3, 0, 3, 0, 0, 3, 0, 4, 0, 0, 0, 0, 0, 3, 2, 43, 0, 2, 5, 0, 0, 0, 0, 0, 5, : 3, 1, 1, 3, 1, 1, 3, 3, 3, 4, 3, 2, 43, 2, 5, 5, 
657: 2, 0, 5, 0, 42, 0, 5, 0, 5, 2, 1, 1, 0, 0, 0, 2, 3, 0, 0, 0, 1, 0, 0, 0, 0, 5, 0, 0, 0, 0, 0, 5, 0, 2, 5, 0, 0, 5, 3, 0, : 2, 5, 42, 5, 5, 2, 1, 1, 2, 3, 1, 5, 5, 2, 5, 5, 3, 
106: 0, 0, 4, 0, 0, 40, 4, 5, 3, 1, 0, 0, 0, 2, 0, 2, 1, 1, 0, 5, 1, 0, 0, 0, 0, 3, 0, 5, 0, 0, 0, 42, 5, 1, 0, 3, 5, 1, 0, 1, : 4, 40, 4, 5, 3, 1, 2, 2, 1, 1, 5, 1, 3, 5, 42, 5, 1, 3, 5, 1, 1, 
511: 0, 3, 3, 43, 0, 43, 0, 0, 4, 5, 0, 0, 2, 0, 0, 44, 2, 0, 0, 5, 4, 2, 3, 42, 4, 5, 0, 5, 0, 2, 0, 0, 2, 2, 43, 0, 0, 0, 0, 5, : 3, 3, 43, 43, 4, 5, 2, 44, 2, 5, 4, 2, 3, 42, 4, 5, 5, 2, 2, 2, 43, 5, 
104: 0, 0, 0, 3, 3, 0, 0, 0, 0, 4, 0, 0, 5, 1, 0, 0, 3, 2, 3, 1, 2, 0, 0, 1, 0, 4, 0, 4, 5, 4, 0, 0, 0, 0, 0, 0, 0, 0, 1, 0, : 3, 3, 4, 5, 1, 3, 2, 3, 1, 2, 1, 4, 4, 5, 4, 1, 
458: 44, 0, 5, 0, 0, 0, 0, 0, 4, 4, 0, 4, 3, 3, 0, 0, 2, 3, 0, 1, 5, 1, 0, 0, 2, 2, 1, 3, 1, 1, 0, 0, 0, 0, 0, 0, 0, 0, 0, 5, : 44, 5, 4, 4, 4, 3, 3, 2, 3, 1, 5, 1, 2, 2, 1, 3, 1, 1, 5, 
445: 41, 4, 3, 0, 2, 0, 42, 0, 3, 4, 0, 5, 4, 0, 3, 0, 0, 2, 0, 0, 3, 0, 1, 0, 0, 5, 40, 4, 2, 0, 3, 0, 2, 0, 0, 4, 0, 5, 0, 1, : 41, 4, 3, 2, 42, 3, 4, 5, 4, 3, 2, 3, 1, 5, 40, 4, 2, 3, 2, 4, 5, 1, 
40: 4, 0, 0, 0, 0, 0, 0, 0, 0, 0, 3, 1, 2, 0, 0, 0, 3, 41, 0, 4, 5, 0, 1, 0, 0, 3, 2, 0, 5, 0, 1, 0, 1, 3, 0, 0, 3, 1, 5, 2, : 4, 3, 1, 2, 3, 41, 4, 5, 1, 3, 2, 5, 1, 1, 3, 3, 1, 5, 2, 
692: 0, 0, 0, 1, 0, 2, 0, 5, 3, 3, 0, 4, 0, 0, 0, 5, 0, 3, 0, 4, 1, 0, 0, 4, 1, 3, 44, 2, 0, 0, 5, 41, 0, 3, 5, 0, 0, 0, 0, 3, : 1, 2, 5, 3, 3, 4, 5, 3, 4, 1, 4, 1, 3, 44, 2, 5, 41, 3, 5, 3, 
497: 5, 4, 1, 0, 5, 0, 2, 0, 2, 1, 0, 0, 1, 0, 0, 0, 3, 0, 0, 0, 4, 4, 44, 4, 0, 1, 0, 0, 5, 3, 0, 0, 0, 0, 0, 0, 0, 0, 5, 1, : 5, 4, 1, 5, 2, 2, 1, 1, 3, 4, 4, 44, 4, 1, 5, 3, 5, 1, 
255: 0, 0, 0, 2, 0, 0, 5, 0, 1, 0, 0, 1, 0, 1, 0, 4, 2, 0, 1, 3, 5, 1, 0, 0, 0, 0, 4, 0, 1, 1, 0, 0, 0, 3, 0, 42, 0, 0, 0, 2, : 2, 5, 1, 1, 1, 4, 2, 1, 3, 5, 1, 4, 1, 1, 3, 42, 2, 
785: 0, 0, 4, 0, 0, 0, 0, 0, 2, 2, 3, 42, 3, 4, 5, 0, 2, 5, 0, 1, 3, 5, 2, 0, 4, 4, 0, 3, 2, 5, 0, 2, 0, 1, 0, 0, 41, 0, 2, 4, : 4, 2, 2, 3, 42, 3, 4, 5, 2, 5, 1, 3, 5, 2, 4, 4, 3, 2, 5, 2, 1, 41, 2, 4, 
469: 0, 0, 1, 0, 4, 0, 1, 41, 3, 2, 0, 0, 4, 0, 2, 0, 0, 0, 5, 5, 0, 0, 0, 0, 0, 5, 5, 3, 2, 0, 0, 0, 5, 0, 0, 4, 0, 0, 0, 3, : 1, 4, 1, 41, 3, 2, 4, 2, 5, 5, 5, 5, 3, 2, 5, 4, 3, 
370: 0, 0, 5, 5, 0, 0, 0, 0, 40, 1, 0, 0, 3, 0, 42, 0, 0, 0, 4, 5, 0, 0, 0, 0, 4, 5, 0, 4, 1, 1, 1, 0, 3, 0, 0, 0, 4, 5, 1, 4, : 5, 5, 40, 1, 3, 42, 4, 5, 4, 5, 4, 1, 1, 1, 3, 4, 5, 1, 4, 
138: 0, 0, 0, 3, 0, 0, 0, 0, 0, 4, 4, 0, 3, 1, 5, 0, 4, 1, 2, 0, 2, 1, 44, 2, 0, 1, 3, 4, 3, 0, 4, 0, 0, 0, 0, 0, 0, 4, 0, 0, : 3, 4, 4, 3, 1, 5, 4, 1, 2, 2, 1, 44, 2, 1, 3, 4, 3, 4, 4, 
535: 0, 4, 0, 1, 0, 4, 0, 0, 2, 5, 0, 0, 0, 5, 2, 0, 5, 0, 1, 2, 3, 0, 0, 0, 42, 4, 0, 3, 0, 5, 0, 0, 0, 2, 1, 0, 0, 3, 0, 2, : 4, 1, 4, 2, 5, 5, 2, 5, 1, 2, 3, 42, 4, 3, 5, 2, 1, 3, 2, 
534: 0, 0, 0, 4, 0, 1, 0, 1, 2, 0, 0, 0, 0, 0, 0, 0, 1, 1, 4, 3, 0, 0, 0, 0, 0, 1, 0, 0, 0, 0, 1, 3, 0, 1, 1, 0, 0, 4, 0, 1, : 4, 1, 1, 2, 1, 1, 4, 3, 1, 1, 3, 1, 1, 4, 1, 


615: 0, 0, 4, 2, 3, 1, 0, 0, 3, 0, 2, 0, 4, 4, 0, 0, 2, 0, 0, 0, 2, 3, 0, 0, 1, 0, 0, 42, 0, 4, 1, 1, 0, 0, 1, 1, 0, 5, 2, 0, : 4, 2, 3, 1, 3, 2, 4, 4, 2, 2, 3, 1, 42, 4, 1, 1, 1, 1, 5, 2, 
71: 5, 4, 1, 5, 0, 3, 0, 0, 3, 43, 5, 0, 0, 0, 4, 0, 4, 0, 0, 2, 0, 1, 3, 0, 0, 42, 0, 4, 0, 0, 0, 0, 40, 1, 44, 3, 5, 2, 0, 0, : 5, 4, 1, 5, 3, 3, 43, 5, 4, 4, 2, 1, 3, 42, 4, 40, 1, 44, 3, 5, 2, 
336: 0, 5, 5, 1, 0, 4, 5, 4, 0, 0, 0, 0, 0, 0, 0, 0, 0, 1, 0, 43, 0, 0, 0, 0, 3, 3, 5, 0, 0, 0, 1, 5, 3, 1, 0, 5, 0, 0, 2, 4, : 5, 5, 1, 4, 5, 4, 1, 43, 3, 3, 5, 1, 5, 3, 1, 5, 2, 4, 
139: 0, 0, 2, 0, 2, 2, 4, 2, 5, 0, 2, 0, 0, 0, 0, 1, 40, 5, 0, 1, 0, 4, 5, 0, 0, 4, 0, 0, 0, 0, 4, 0, 0, 0, 0, 1, 0, 0, 5, 0, : 2, 2, 2, 4, 2, 5, 2, 1, 40, 5, 1, 4, 5, 4, 4, 1, 5, 
337: 0, 0, 3, 2, 0, 0, 5, 0, 3, 0, 5, 0, 0, 0, 0, 0, 4, 0, 40, 0, 0, 1, 5, 0, 2, 2, 44, 0, 5, 0, 0, 0, 1, 3, 2, 0, 0, 3, 2, 0, : 3, 2, 5, 3, 5, 4, 40, 1, 5, 2, 2, 44, 5, 1, 3, 2, 3, 2, 
341: 5, 0, 4, 0, 43, 0, 4, 0, 0, 5, 1, 0, 5, 4, 0, 0, 0, 1, 0, 0, 0, 0, 3, 5, 0, 4, 1, 0, 0, 0, 5, 0, 2, 0, 4, 3, 0, 0, 0, 44, : 5, 4, 43, 4, 5, 1, 5, 4, 1, 3, 5, 4, 1, 5, 2, 4, 3, 44, 
738: 0, 1, 4, 5, 0, 41, 42, 0, 1, 0, 0, 3, 1, 2, 42, 2, 4, 0, 0, 0, 0, 0, 1, 0, 1, 5, 0, 5, 2, 3, 0, 0, 0, 4, 0, 0, 0, 0, 5, 0, : 1, 4, 5, 41, 42, 1, 3, 1, 2, 42, 2, 4, 1, 1, 5, 5, 2, 3, 4, 5, 
38: 4, 0, 5, 4, 0, 2, 4, 44, 40, 0, 0, 0, 0, 4, 0, 0, 3, 2, 0, 0, 0, 4, 5, 0, 0, 0, 1, 0, 1, 4, 40, 0, 2, 1, 4, 0, 3, 41, 2, 0, : 4, 5, 4, 2, 4, 44, 40, 4, 3, 2, 4, 5, 1, 1, 4, 40, 2, 1, 4, 3, 41, 2, 
248: 0, 0, 5, 2, 0, 1, 0, 0, 0, 0, 2, 2, 0, 1, 0, 0, 0, 0, 0, 2, 0, 3, 3, 5, 0, 1, 2, 5, 0, 2, 0, 4, 0, 2, 3, 2, 1, 0, 4, 0, : 5, 2, 1, 2, 2, 1, 2, 3, 3, 5, 1, 2, 5, 2, 4, 2, 3, 2, 1, 4, 
34: 4, 0, 3, 0, 0, 2, 5, 1, 0, 4, 2, 44, 0, 1, 0, 0, 4, 4, 3, 2, 0, 4, 5, 0, 4, 0, 0, 5, 4, 0, 0, 2, 0, 2, 0, 5, 1, 5, 4, 3, : 4, 3, 2, 5, 1, 4, 2, 44, 1, 4, 4, 3, 2, 4, 5, 4, 5, 4, 2, 2, 5, 1, 5, 4, 3, 
55: 0, 0, 3, 0, 0, 4, 4, 0, 0, 0, 0, 4, 0, 3, 0, 0, 2, 0, 0, 0, 4, 5, 5, 0, 4, 2, 2, 0, 0, 0, 0, 3, 1, 0, 3, 0, 0, 0, 2, 0, : 3, 4, 4, 4, 3, 2, 4, 5, 5, 4, 2, 2, 3, 1, 3, 2, 
292: 1, 0, 2, 3, 0, 2, 0, 0, 5, 0, 5, 2, 0, 0, 0, 0, 3, 42, 0, 0, 0, 2, 0, 0, 4, 4, 0, 4, 40, 1, 0, 3, 0, 4, 1, 0, 0, 5, 4, 5, : 1, 2, 3, 2, 5, 5, 2, 3, 42, 2, 4, 4, 4, 40, 1, 3, 4, 1, 5, 4, 5, 
515: 0, 1, 4, 2, 0, 2, 0, 0, 0, 5, 4, 0, 4, 4, 0, 0, 0, 1, 5, 2, 4, 2, 4, 0, 5, 3, 5, 5, 1, 3, 0, 0, 41, 3, 0, 1, 0, 0, 5, 0, : 1, 4, 2, 2, 5, 4, 4, 4, 1, 5, 2, 4, 2, 4, 5, 3, 5, 5, 1, 3, 41, 3, 1, 5, 
25: 0, 0, 5, 0, 1, 0, 2, 0, 1, 5, 0, 1, 2, 0, 3, 5, 3, 0, 4, 0, 2, 0, 0, 3, 5, 1, 0, 4, 2, 0, 0, 2, 0, 3, 0, 5, 42, 0, 0, 0, : 5, 1, 2, 1, 5, 1, 2, 3, 5, 3, 4, 2, 3, 5, 1, 4, 2, 2, 3, 5, 42, 
797: 0, 0, 5, 3, 0, 1, 0, 1, 3, 0, 0, 0, 1, 2, 0, 2, 1, 0, 0, 0, 0, 5, 1, 0, 0, 1, 0, 2, 4, 0, 0, 4, 0, 0, 3, 3, 0, 1, 0, 0, : 5, 3, 1, 1, 3, 1, 2, 2, 1, 5, 1, 1, 2, 4, 4, 3, 3, 1, 
493: 0, 0, 4, 1, 41, 5, 0, 0, 0, 2, 0, 0, 0, 0, 5, 0, 0, 4, 3, 42, 0, 2, 0, 2, 4, 3, 0, 1, 0, 2, 0, 5, 0, 0, 5, 5, 0, 0, 3, 0, : 4, 1, 41, 5, 2, 5, 4, 3, 42, 2, 2, 4, 3, 1, 2, 5, 5, 5, 3, 
481: 0, 3, 1, 5, 0, 0, 3, 2, 2, 0, 1, 41, 0, 2, 0, 0, 0, 0, 0, 3, 0, 1, 0, 0, 2, 1, 0, 0, 0, 0, 1, 1, 5, 4, 5, 4, 0, 0, 2, 0, : 3, 1, 5, 3, 2, 2, 1, 41, 2, 3, 1, 2, 1, 1, 1, 5, 4, 5, 4, 2, 
295: 5, 0, 1, 4, 2, 1, 2, 4, 4, 4, 4, 0, 4, 2, 1, 3, 3, 0, 5, 0, 4, 5, 1, 0, 0, 3, 0, 3, 0, 0, 0, 0, 2, 0, 0, 0, 0, 0, 0, 0, : 5, 1, 4, 2, 1, 2, 4, 4, 4, 4, 4, 2, 1, 3, 3, 5, 4, 5, 1, 3, 3, 2, 
372: 0, 0, 2, 3, 4, 0, 3, 0, 0, 0, 2, 2, 43, 0, 0, 0, 0, 0, 0, 0, 0, 5, 0, 0, 0, 2, 3, 0, 0, 0, 0, 2, 0, 3, 1, 0, 0, 0, 3, 0, : 2, 3, 4, 3, 2, 2, 43, 5, 2, 3, 2, 3, 1, 3, 
76: 0, 0, 2, 1, 0, 3, 0, 0, 0, 41, 1, 0, 0, 5, 4, 0, 0, 5, 43, 0, 0, 2, 3, 4, 2, 3, 40, 0, 0, 40, 0, 0, 0, 4, 3, 0, 0, 0, 1, 0, : 2, 1, 3, 41, 1, 5, 4, 5, 43, 2, 3, 4, 2, 3, 40, 40, 4, 3, 1, 
425: 0, 43, 1, 5, 1, 4, 5, 0, 1, 0, 3, 2, 0, 2, 0, 2, 4, 0, 0, 0, 41, 42, 0, 41, 0, 4, 0, 2, 0, 0, 1, 5, 0, 5, 4, 0, 0, 0, 2, 0, : 43, 1, 5, 1, 4, 5, 1, 3, 2, 2, 2, 4, 41, 42, 41, 4, 2, 1, 5, 5, 4, 2, 
672: 44, 0, 2, 0, 2, 1, 0, 1, 1, 0, 0, 0, 0, 2, 3, 0, 3, 2, 0, 0, 3, 0, 0, 4, 4, 0, 4, 4, 0, 0, 0, 3, 0, 0, 0, 1, 0, 1, 0, 3, : 44, 2, 2, 1, 1, 1, 2, 3, 3, 2, 3, 4, 4, 4, 4, 3, 1, 1, 3, 
49: 0, 3, 1, 0, 0, 2, 2, 5, 5, 0, 2, 2, 0, 0, 0, 42, 4, 2, 0, 2, 0, 0, 5, 0, 2, 0, 2, 0, 0, 0, 0, 1, 0, 0, 0, 1, 0, 0, 3, 0, : 3, 1, 2, 2, 5, 5, 2, 2, 42, 4, 2, 2, 5, 2, 2, 1, 1, 3, 
465: 0, 2, 2, 4, 0, 1, 5, 0, 0, 0, 3, 0, 4, 5, 41, 1, 0, 44, 0, 2, 5, 1, 4, 2, 2, 1, 2, 5, 0, 1, 0, 4, 0, 0, 5, 3, 4, 0, 0, 43, : 2, 2, 4, 1, 5, 3, 4, 5, 41, 1, 44, 2, 5, 1, 4, 2, 2, 1, 2, 5, 1, 4, 5, 3, 4, 43, 
473: 0, 4, 2, 41, 1, 3, 0, 0, 3, 2, 5, 3, 4, 2, 0, 0, 3, 0, 0, 0, 0, 0, 2, 2, 0, 0, 0, 2, 0, 1, 0, 5, 0, 1, 2, 0, 0, 2, 3, 0, : 4, 2, 41, 1, 3, 3, 2, 5, 3, 4, 2, 3, 2, 2, 2, 1, 5, 1, 2, 2, 3, 
585: 5, 0, 5, 0, 0, 1, 4, 3, 3, 5, 3, 0, 0, 5, 0, 3, 1, 0, 0, 5, 0, 0, 5, 0, 5, 5, 1, 0, 3, 0, 0, 3, 0, 5, 4, 0, 0, 0, 4, 0, : 5, 5, 1, 4, 3, 3, 5, 3, 5, 3, 1, 5, 5, 5, 5, 1, 3, 3, 5, 4, 4, 
125: 0, 0, 2, 2, 0, 5, 0, 0, 5, 0, 5, 2, 0, 0, 0, 3, 4, 4, 0, 0, 0, 0, 2, 1, 2, 2, 0, 0, 0, 0, 0, 2, 1, 3, 2, 5, 0, 0, 0, 0, : 2, 2, 5, 5, 5, 2, 3, 4, 4, 2, 1, 2, 2, 2, 1, 3, 2, 5, 
256: 0, 3, 2, 3, 2, 1, 0, 2, 0, 0, 1, 3, 1, 2, 3, 2, 5, 2, 2, 4, 4, 0, 44, 0, 41, 0, 1, 0, 0, 2, 3, 1, 0, 1, 4, 3, 42, 0, 0, 1, : 3, 2, 3, 2, 1, 2, 1, 3, 1, 2, 3, 2, 5, 2, 2, 4, 4, 44, 41, 1, 2, 3, 1, 1, 4, 3, 42, 1, 
758: 3, 1, 1, 0, 3, 0, 0, 0, 4, 0, 0, 0, 0, 4, 3, 0, 3, 0, 1, 0, 3, 3, 3, 0, 3, 1, 0, 4, 42, 3, 0, 0, 0, 5, 2, 4, 4, 5, 0, 0, : 3, 1, 1, 3, 4, 4, 3, 3, 1, 3, 3, 3, 3, 1, 4, 42, 3, 5, 2, 4, 4, 5, 
83: 0, 0, 5, 4, 0, 2, 1, 0, 3, 0, 2, 0, 0, 5, 3, 3, 5, 0, 0, 0, 0, 0, 0, 0, 4, 0, 0, 0, 3, 4, 43, 42, 5, 0, 4, 1, 0, 2, 4, 4, : 5, 4, 2, 1, 3, 2, 5, 3, 3, 5, 4, 3, 4, 43, 42, 5, 4, 1, 2, 4, 4, 
339: 0, 2, 5, 5, 2, 0, 1, 0, 4, 3, 40, 0, 0, 0, 0, 0, 4, 0, 5, 0, 0, 1, 1, 0, 0, 4, 2, 0, 2, 0, 0, 3, 0, 5, 1, 0, 4, 0, 0, 3, : 2, 5, 5, 2, 1, 4, 3, 40, 4, 5, 1, 1, 4, 2, 2, 3, 5, 1, 4, 3, 
259: 0, 0, 4, 0, 4, 5, 0, 0, 3, 0, 0, 3, 0, 0, 0, 0, 0, 0, 0, 0, 2, 3, 0, 0, 4, 0, 3, 2, 3, 42, 0, 3, 0, 3, 2, 5, 0, 0, 2, 1, : 4, 4, 5, 3, 3, 2, 3, 4, 3, 2, 3, 42, 3, 3, 2, 5, 2, 1, 
799: 1, 0, 2, 0, 0, 5, 5, 4, 4, 0, 0, 0, 0, 4, 3, 3, 4, 0, 0, 4, 0, 0, 0, 1, 2, 5, 0, 0, 3, 0, 5, 5, 5, 5, 1, 0, 3, 0, 5, 0, : 1, 2, 5, 5, 4, 4, 4, 3, 3, 4, 4, 1, 2, 5, 3, 5, 5, 5, 5, 1, 3, 5, 
753: 2, 0, 1, 1, 5, 2, 5, 42, 0, 1, 4, 0, 0, 40, 0, 0, 2, 1, 4, 0, 0, 5, 5, 0, 0, 0, 0, 5, 0, 2, 0, 0, 3, 3, 1, 2, 0, 0, 3, 4, : 2, 1, 1, 5, 2, 5, 42, 1, 4, 40, 2, 1, 4, 5, 5, 5, 2, 3, 3, 1, 2, 3, 4, 
624: 0, 43, 3, 0, 0, 3, 0, 5, 1, 0, 3, 4, 42, 4, 0, 2, 2, 0, 0, 3, 0, 4, 5, 41, 0, 4, 0, 5, 1, 0, 2, 0, 5, 5, 0, 41, 5, 4, 2, 5, : 43, 3, 3, 5, 1, 3, 4, 42, 4, 2, 2, 3, 4, 5, 41, 4, 5, 1, 2, 5, 5, 41, 5, 4, 2, 5, 
513: 0, 0, 4, 5, 1, 5, 0, 0, 2, 0, 4, 0, 0, 0, 0, 4, 0, 0, 0, 0, 0, 5, 0, 0, 5, 2, 0, 3, 0, 2, 4, 2, 0, 44, 4, 2, 0, 0, 0, 0, : 4, 5, 1, 5, 2, 4, 4, 5, 5, 2, 3, 2, 4, 2, 44, 4, 2, 
765: 0, 0, 4, 3, 1, 2, 1, 0, 4, 0, 4, 2, 0, 5, 5, 1, 0, 0, 0, 0, 41, 5, 0, 5, 1, 1, 0, 2, 0, 1, 4, 1, 3, 0, 4, 3, 4, 0, 0, 0, : 4, 3, 1, 2, 1, 4, 4, 2, 5, 5, 1, 41, 5, 5, 1, 1, 2, 1, 4, 1, 3, 4, 3, 4, 
354: 41, 5, 4, 1, 2, 2, 1, 0, 3, 0, 0, 0, 5, 0, 0, 41, 3, 0, 1, 0, 5, 0, 0, 0, 3, 4, 0, 5, 0, 3, 0, 5, 0, 0, 1, 5, 2, 0, 0, 0, : 41, 5, 4, 1, 2, 2, 1, 3, 5, 41, 3, 1, 5, 3, 4, 5, 3, 5, 1, 5, 2, 
285: 0, 0, 1, 2, 0, 1, 2, 0, 0, 0, 3, 0, 0, 5, 0, 0, 0, 0, 4, 0, 0, 0, 0, 4, 3, 0, 2, 1, 4, 0, 4, 0, 1, 0, 0, 5, 0, 44, 5, 0, : 1, 2, 1, 2, 3, 5, 4, 4, 3, 2, 1, 4, 4, 1, 5, 44, 5, 
147: 0, 0, 4, 1, 0, 1, 5, 0, 4, 0, 2, 0, 0, 1, 0, 0, 0, 0, 0, 3, 0, 2, 0, 0, 2, 3, 0, 0, 0, 0, 2, 3, 0, 0, 0, 1, 0, 0, 41, 0, : 4, 1, 1, 5, 4, 2, 1, 3, 2, 2, 3, 2, 3, 1, 41, 


450: 1, 0, 5, 0, 0, 5, 0, 0, 1, 3, 0, 0, 0, 0, 1, 3, 0, 0, 0, 0, 1, 0, 42, 0, 1, 0, 4, 3, 1, 0, 0, 0, 1, 0, 0, 0, 0, 0, 0, 0, : 1, 5, 5, 1, 3, 1, 3, 1, 42, 1, 4, 3, 1, 1, 
675: 0, 1, 5, 0, 0, 0, 0, 0, 1, 1, 5, 0, 0, 0, 3, 1, 0, 0, 0, 3, 5, 2, 0, 42, 2, 0, 0, 3, 4, 0, 0, 0, 3, 0, 3, 3, 2, 2, 0, 4, : 1, 5, 1, 1, 5, 3, 1, 3, 5, 2, 42, 2, 3, 4, 3, 3, 3, 2, 2, 4, 
97: 3, 4, 5, 0, 0, 0, 0, 0, 1, 4, 5, 1, 3, 0, 3, 0, 0, 43, 2, 0, 0, 1, 0, 0, 1, 0, 1, 2, 2, 0, 0, 4, 4, 4, 1, 1, 0, 0, 5, 0, : 3, 4, 5, 1, 4, 5, 1, 3, 3, 43, 2, 1, 1, 1, 2, 2, 4, 4, 4, 1, 1, 5, 
24: 0, 0, 2, 0, 0, 0, 0, 0, 1, 5, 0, 5, 5, 0, 4, 1, 1, 0, 0, 4, 0, 3, 3, 0, 4, 0, 4, 0, 0, 0, 0, 4, 5, 2, 43, 4, 2, 43, 2, 2, : 2, 1, 5, 5, 5, 4, 1, 1, 4, 3, 3, 4, 4, 4, 5, 2, 43, 4, 2, 43, 2, 2, 
614: 0, 0, 0, 0, 0, 43, 0, 43, 0, 1, 0, 5, 0, 5, 0, 4, 0, 2, 0, 3, 4, 4, 0, 0, 2, 0, 0, 3, 0, 0, 3, 0, 0, 0, 5, 4, 0, 5, 0, 0, : 43, 43, 1, 5, 5, 4, 2, 3, 4, 4, 2, 3, 3, 5, 4, 5, 
734: 2, 0, 1, 0, 0, 40, 0, 0, 2, 5, 5, 2, 0, 0, 1, 0, 0, 0, 0, 0, 1, 0, 0, 5, 5, 3, 5, 3, 1, 2, 0, 0, 1, 0, 0, 1, 0, 2, 0, 3, : 2, 1, 40, 2, 5, 5, 2, 1, 1, 5, 5, 3, 5, 3, 1, 2, 1, 1, 2, 3, 
662: 0, 0, 41, 40, 0, 0, 4, 0, 5, 0, 3, 40, 3, 2, 0, 0, 4, 0, 0, 1, 41, 1, 1, 0, 5, 3, 4, 3, 0, 0, 0, 0, 0, 1, 0, 0, 0, 4, 0, 0, : 41, 40, 4, 5, 3, 40, 3, 2, 4, 1, 41, 1, 1, 5, 3, 4, 3, 1, 4, 
565: 0, 2, 1, 0, 0, 3, 0, 1, 41, 3, 0, 1, 0, 0, 0, 43, 2, 0, 0, 2, 1, 3, 3, 0, 0, 3, 4, 1, 5, 5, 0, 0, 5, 0, 0, 5, 2, 0, 0, 0, : 2, 1, 3, 1, 41, 3, 1, 43, 2, 2, 1, 3, 3, 3, 4, 1, 5, 5, 5, 5, 2, 
168: 0, 3, 1, 3, 3, 3, 4, 0, 3, 1, 0, 5, 0, 2, 0, 0, 4, 4, 0, 3, 0, 42, 1, 0, 1, 5, 5, 4, 3, 5, 0, 0, 0, 5, 0, 4, 0, 2, 0, 0, : 3, 1, 3, 3, 3, 4, 3, 1, 5, 2, 4, 4, 3, 42, 1, 1, 5, 5, 4, 3, 5, 5, 4, 2, 
103: 0, 0, 3, 0, 0, 0, 0, 0, 5, 2, 1, 1, 0, 0, 0, 0, 4, 0, 3, 0, 0, 0, 0, 0, 0, 5, 1, 5, 5, 0, 0, 1, 5, 1, 0, 0, 0, 3, 0, 5, : 3, 5, 2, 1, 1, 4, 3, 5, 1, 5, 5, 1, 5, 1, 3, 5, 
190: 0, 1, 0, 1, 3, 0, 0, 0, 0, 2, 4, 1, 0, 41, 0, 0, 2, 1, 0, 3, 5, 0, 0, 0, 0, 0, 4, 0, 0, 0, 2, 0, 4, 0, 0, 5, 3, 5, 4, 0, : 1, 1, 3, 2, 4, 1, 41, 2, 1, 3, 5, 4, 2, 4, 5, 3, 5, 4, 
659: 2, 5, 5, 5, 1, 4, 2, 0, 4, 5, 0, 0, 1, 0, 1, 4, 3, 5, 1, 4, 3, 2, 0, 0, 4, 2, 0, 1, 4, 0, 0, 4, 1, 0, 0, 4, 2, 5, 0, 0, : 2, 5, 5, 5, 1, 4, 2, 4, 5, 1, 1, 4, 3, 5, 1, 4, 3, 2, 4, 2, 1, 4, 4, 1, 4, 2, 5, 
223: 1, 1, 5, 0, 4, 0, 5, 0, 0, 0, 0, 1, 0, 0, 2, 3, 0, 0, 0, 43, 4, 5, 0, 0, 0, 0, 5, 0, 5, 0, 0, 0, 0, 0, 0, 0, 0, 1, 0, 1, : 1, 1, 5, 4, 5, 1, 2, 3, 43, 4, 5, 5, 5, 1, 1, 
593: 0, 3, 1, 42, 1, 4, 41, 0, 0, 4, 1, 5, 0, 0, 5, 4, 5, 0, 0, 3, 2, 3, 0, 0, 4, 0, 5, 0, 0, 1, 2, 4, 4, 1, 3, 0, 3, 0, 0, 0, : 3, 1, 42, 1, 4, 41, 4, 1, 5, 5, 4, 5, 3, 2, 3, 4, 5, 1, 2, 4, 4, 1, 3, 3, 
376: 5, 0, 0, 4, 0, 0, 0, 1, 0, 2, 0, 5, 2, 3, 2, 3, 0, 0, 0, 5, 0, 5, 5, 4, 1, 4, 1, 40, 1, 3, 44, 1, 3, 5, 0, 0, 0, 5, 0, 0, : 5, 4, 1, 2, 5, 2, 3, 2, 3, 5, 5, 5, 4, 1, 4, 1, 40, 1, 3, 44, 1, 3, 5, 5, 
488: 2, 0, 0, 5, 0, 3, 1, 2, 0, 5, 3, 2, 1, 0, 0, 2, 0, 0, 0, 4, 0, 2, 0, 0, 4, 1, 0, 4, 0, 3, 4, 0, 5, 0, 0, 0, 4, 0, 0, 2, : 2, 5, 3, 1, 2, 5, 3, 2, 1, 2, 4, 2, 4, 1, 4, 3, 4, 5, 4, 2, 
388: 0, 0, 0, 0, 0, 0, 0, 0, 1, 0, 1, 3, 0, 0, 0, 0, 0, 40, 0, 5, 0, 0, 2, 0, 5, 0, 0, 5, 3, 5, 0, 4, 2, 4, 0, 0, 2, 5, 0, 1, : 1, 1, 3, 40, 5, 2, 5, 5, 3, 5, 4, 2, 4, 2, 5, 1, 
710: 0, 0, 2, 0, 0, 2, 0, 0, 4, 0, 0, 0, 0, 0, 0, 3, 4, 0, 0, 4, 2, 1, 5, 2, 5, 0, 0, 3, 0, 0, 0, 4, 1, 1, 0, 5, 1, 3, 42, 1, : 2, 2, 4, 3, 4, 4, 2, 1, 5, 2, 5, 3, 4, 1, 1, 5, 1, 3, 42, 1, 
310: 0, 0, 1, 0, 0, 3, 4, 2, 0, 1, 0, 4, 2, 42, 0, 3, 5, 2, 0, 0, 0, 4, 0, 4, 0, 0, 1, 0, 3, 0, 0, 0, 0, 4, 1, 4, 0, 3, 0, 4, : 1, 3, 4, 2, 1, 4, 2, 42, 3, 5, 2, 4, 4, 1, 3, 4, 1, 4, 3, 4, 
682: 0, 0, 0, 0, 4, 0, 0, 0, 5, 2, 0, 4, 0, 0, 42, 3, 3, 3, 2, 0, 0, 5, 0, 3, 3, 0, 5, 0, 2, 0, 0, 0, 5, 5, 0, 0, 0, 0, 5, 0, : 4, 5, 2, 4, 42, 3, 3, 3, 2, 5, 3, 3, 5, 2, 5, 5, 5, 
297: 0, 2, 5, 0, 0, 0, 2, 0, 3, 3, 0, 0, 0, 0, 0, 2, 0, 5, 3, 1, 0, 0, 0, 0, 2, 0, 4, 1, 1, 0, 0, 0, 0, 3, 4, 0, 0, 3, 0, 0, : 2, 5, 2, 3, 3, 2, 5, 3, 1, 2, 4, 1, 1, 3, 4, 3, 
558: 3, 0, 4, 0, 42, 0, 0, 0, 5, 4, 0, 0, 5, 0, 2, 0, 2, 0, 0, 0, 1, 1, 1, 0, 0, 44, 3, 0, 4, 0, 0, 0, 2, 5, 0, 0, 5, 0, 2, 0, : 3, 4, 42, 5, 4, 5, 2, 2, 1, 1, 1, 44, 3, 4, 2, 5, 5, 2, 
239: 0, 0, 0, 0, 1, 1, 2, 0, 3, 2, 0, 5, 2, 0, 0, 1, 3, 1, 0, 4, 0, 0, 0, 0, 3, 0, 1, 5, 44, 0, 5, 0, 3, 3, 5, 3, 0, 1, 3, 0, : 1, 1, 2, 3, 2, 5, 2, 1, 3, 1, 4, 3, 1, 5, 44, 5, 3, 3, 5, 3, 1, 3, 
231: 4, 0, 0, 5, 0, 0, 0, 5, 2, 5, 0, 0, 0, 0, 0, 5, 4, 0, 0, 1, 1, 0, 1, 1, 1, 0, 0, 2, 4, 0, 3, 0, 4, 0, 2, 5, 43, 2, 1, 0, : 4, 5, 5, 2, 5, 5, 4, 1, 1, 1, 1, 1, 2, 4, 3, 4, 2, 5, 43, 2, 1, 
579: 0, 0, 0, 1, 3, 0, 0, 0, 3, 0, 1, 2, 5, 0, 0, 2, 4, 0, 0, 4, 0, 4, 1, 0, 5, 0, 0, 4, 5, 0, 0, 0, 0, 3, 1, 4, 0, 4, 0, 0, : 1, 3, 3, 1, 2, 5, 2, 4, 4, 4, 1, 5, 4, 5, 3, 1, 4, 4, 
85: 0, 0, 5, 1, 2, 0, 0, 5, 2, 0, 0, 1, 1, 0, 1, 4, 0, 0, 1, 1, 0, 4, 42, 0, 0, 0, 2, 0, 3, 0, 1, 0, 40, 1, 4, 0, 0, 5, 0, 0, : 5, 1, 2, 5, 2, 1, 1, 1, 4, 1, 1, 4, 42, 2, 3, 1, 40, 1, 4, 5, 
158: 41, 41, 5, 0, 1, 0, 0, 0, 2, 4, 0, 1, 4, 5, 1, 0, 2, 3, 0, 0, 1, 5, 0, 5, 0, 0, 0, 0, 4, 0, 3, 42, 4, 3, 0, 1, 1, 2, 0, 5, : 41, 41, 5, 1, 2, 4, 1, 4, 5, 1, 2, 3, 1, 5, 5, 4, 3, 42, 4, 3, 1, 1, 2, 5, 
526: 0, 0, 2, 0, 5, 0, 0, 2, 4, 40, 0, 5, 0, 0, 0, 5, 0, 1, 0, 0, 0, 2, 5, 0, 4, 42, 4, 2, 0, 2, 0, 0, 0, 0, 1, 0, 41, 0, 42, 1, : 2, 5, 2, 4, 40, 5, 5, 1, 2, 5, 4, 42, 4, 2, 2, 1, 41, 42, 1, 
441: 0, 5, 0, 0, 3, 0, 0, 5, 3, 3, 42, 0, 40, 4, 0, 2, 5, 1, 0, 2, 4, 0, 0, 0, 0, 5, 2, 0, 0, 0, 5, 0, 3, 1, 0, 0, 0, 0, 2, 0, : 5, 3, 5, 3, 3, 42, 40, 4, 2, 5, 1, 2, 4, 5, 2, 5, 3, 1, 2, 
684: 0, 0, 0, 0, 41, 3, 2, 43, 5, 2, 2, 5, 0, 4, 1, 3, 0, 5, 0, 0, 0, 1, 0, 0, 1, 0, 0, 2, 0, 0, 4, 0, 3, 0, 3, 2, 4, 0, 0, 40, : 41, 3, 2, 43, 5, 2, 2, 5, 4, 1, 3, 5, 1, 1, 2, 4, 3, 3, 2, 4, 40, 
448: 0, 3, 5, 4, 0, 0, 44, 0, 2, 0, 1, 3, 1, 0, 0, 2, 4, 0, 5, 0, 0, 2, 4, 3, 5, 0, 3, 2, 4, 0, 0, 0, 0, 4, 0, 3, 0, 0, 0, 40, : 3, 5, 4, 44, 2, 1, 3, 1, 2, 4, 5, 2, 4, 3, 5, 3, 2, 4, 4, 3, 40, 
226: 0, 0, 5, 0, 0, 2, 0, 0, 1, 4, 44, 0, 0, 4, 3, 0, 1, 1, 4, 0, 0, 2, 0, 0, 4, 0, 3, 5, 0, 41, 3, 0, 1, 5, 0, 2, 0, 1, 0, 4, : 5, 2, 1, 4, 44, 4, 3, 1, 1, 4, 2, 4, 3, 5, 41, 3, 1, 5, 2, 1, 4, 
11: 0, 0, 0, 0, 0, 0, 0, 0, 0, 0, 0, 5, 0, 1, 0, 1, 0, 0, 0, 0, 40, 0, 0, 42, 0, 0, 0, 2, 0, 0, 0, 0, 0, 4, 0, 5, 0, 4, 0, 0, : 5, 1, 1, 40, 42, 2, 4, 5, 4, 
743: 4, 5, 0, 4, 0, 0, 3, 4, 4, 0, 0, 0, 1, 0, 5, 2, 3, 0, 41, 3, 0, 5, 1, 1, 1, 0, 4, 1, 5, 0, 0, 5, 0, 3, 1, 0, 0, 5, 5, 2, : 4, 5, 4, 3, 4, 4, 1, 5, 2, 3, 41, 3, 5, 1, 1, 1, 4, 1, 5, 5, 3, 1, 5, 5, 2, 
498: 1, 0, 0, 0, 0, 0, 0, 0, 0, 1, 0, 0, 43, 5, 0, 1, 44, 1, 4, 0, 1, 2, 0, 0, 0, 0, 0, 2, 3, 4, 41, 42, 3, 42, 0, 41, 0, 0, 0, 0, : 1, 1, 43, 5, 1, 44, 1, 4, 1, 2, 2, 3, 4, 41, 42, 3, 42, 41, 
463: 0, 0, 4, 0, 1, 0, 0, 0, 3, 0, 0, 1, 0, 0, 1, 4, 5, 0, 0, 5, 0, 4, 0, 0, 1, 0, 4, 2, 1, 5, 0, 0, 0, 5, 0, 2, 0, 0, 0, 3, : 4, 1, 3, 1, 1, 4, 5, 5, 4, 1, 4, 2, 1, 5, 5, 2, 3, 
286: 4, 42, 4, 0, 0, 0, 5, 2, 0, 0, 0, 5, 0, 2, 40, 1, 4, 0, 4, 0, 3, 2, 0, 5, 3, 0, 0, 2, 0, 0, 0, 0, 2, 4, 0, 1, 3, 4, 0, 0, : 4, 42, 4, 5, 2, 5, 2, 40, 1, 4, 4, 3, 2, 5, 3, 2, 2, 4, 1, 3, 4, 
348: 5, 2, 3, 0, 0, 0, 0, 0, 3, 1, 2, 0, 1, 0, 2, 2, 0, 2, 2, 3, 0, 0, 2, 0, 2, 0, 0, 1, 0, 0, 0, 5, 3, 0, 43, 5, 2, 0, 3, 0, : 5, 2, 3, 3, 1, 2, 1, 2, 2, 2, 2, 3, 2, 2, 1, 5, 3, 43, 5, 2, 3, 
562: 42, 0, 0, 0, 5, 4, 1, 0, 1, 4, 0, 2, 0, 0, 0, 1, 1, 0, 5, 4, 0, 1, 1, 0, 0, 0, 41, 3, 3, 43, 0, 0, 3, 1, 0, 4, 0, 1, 4, 0, : 42, 5, 4, 1, 1, 4, 2, 1, 1, 5, 4, 1, 1, 41, 3, 3, 43, 3, 1, 4, 1, 4, 
208: 0, 0, 0, 5, 0, 0, 0, 5, 0, 1, 0, 0, 0, 0, 0, 5, 1, 0, 43, 5, 0, 2, 0, 3, 41, 3, 0, 4, 0, 1, 0, 0, 0, 0, 0, 2, 0, 0, 0, 2, : 5, 5, 1, 5, 1, 43, 5, 2, 3, 41, 3, 4, 1, 2, 2, 


313: 4, 4, 0, 0, 0, 0, 5, 0, 0, 2, 0, 43, 5, 0, 0, 2, 3, 0, 42, 4, 0, 0, 0, 0, 0, 2, 0, 0, 0, 0, 0, 1, 1, 0, 0, 2, 0, 1, 0, 0, : 4, 4, 5, 2, 43, 5, 2, 3, 42, 4, 2, 1, 1, 2, 1, 
509: 0, 2, 1, 0, 0, 0, 5, 0, 1, 1, 0, 1, 0, 2, 5, 1, 2, 0, 0, 5, 0, 4, 0, 3, 0, 0, 0, 0, 0, 0, 3, 0, 4, 0, 42, 0, 0, 0, 1, 0, : 2, 1, 5, 1, 1, 1, 2, 5, 1, 2, 5, 4, 3, 3, 4, 42, 1, 
519: 4, 44, 0, 1, 0, 4, 0, 0, 3, 0, 0, 3, 0, 4, 0, 6, 4, 3, 0, 0, 0, 0, 0, 0, 4, 4, 0, 3, 0, 0, 5, 1, 2, 4, 0, 0, 3, 2, 1, 1, : 4, 44, 1, 4, 3, 3, 4, 6, 4, 3, 4, 4, 3, 5, 1, 2, 4, 3, 2, 1, 1, 
251: 0, 0, 0, 0, 44, 4, 0, 1, 1, 0, 1, 0, 0, 2, 0, 4, 2, 4, 0, 0, 0, 5, 0, 0, 5, 2, 4, 0, 5, 0, 1, 3, 2, 0, 0, 0, 0, 5, 0, 0, : 44, 4, 1, 1, 1, 2, 4, 2, 4, 5, 5, 2, 4, 5, 1, 3, 2, 5, 
470: 0, 0, 3, 0, 43, 0, 0, 5, 0, 40, 2, 0, 0, 0, 0, 3, 0, 5, 2, 3, 0, 2, 2, 3, 0, 0, 1, 0, 0, 0, 5, 3, 1, 0, 0, 0, 0, 3, 5, 0, : 3, 43, 5, 40, 2, 3, 5, 2, 3, 2, 2, 3, 1, 5, 3, 1, 3, 5, 
529: 0, 0, 0, 0, 1, 3, 1, 0, 0, 3, 2, 0, 0, 0, 0, 1, 4, 0, 0, 0, 0, 0, 0, 5, 0, 4, 0, 1, 4, 0, 1, 1, 41, 1, 1, 4, 0, 1, 1, 43, : 1, 3, 1, 3, 2, 1, 4, 5, 4, 1, 4, 1, 1, 41, 1, 1, 4, 1, 1, 43, 
228: 2, 4, 0, 2, 0, 0, 1, 0, 0, 0, 0, 0, 3, 1, 3, 3, 1, 0, 5, 2, 5, 0, 0, 5, 0, 5, 0, 3, 4, 0, 2, 4, 3, 40, 5, 0, 3, 0, 2, 0, : 2, 4, 2, 1, 3, 1, 3, 3, 1, 5, 2, 5, 5, 5, 3, 4, 2, 4, 3, 40, 5, 3, 2, 
714: 4, 0, 0, 0, 0, 0, 0, 0, 4, 0, 0, 0, 2, 0, 0, 4, 41, 0, 2, 0, 0, 0, 0, 0, 4, 0, 0, 0, 4, 0, 0, 44, 3, 2, 0, 4, 0, 0, 0, 2, : 4, 4, 2, 4, 41, 2, 4, 4, 44, 3, 2, 4, 2, 
666: 1, 0, 1, 1, 0, 4, 0, 0, 0, 1, 0, 0, 0, 1, 0, 2, 2, 0, 0, 40, 0, 4, 3, 5, 3, 5, 0, 0, 4, 0, 0, 1, 4, 0, 5, 0, 0, 0, 0, 2, : 1, 1, 1, 4, 1, 1, 2, 2, 40, 4, 3, 5, 3, 5, 4, 1, 4, 5, 2, 
466: 0, 0, 5, 4, 0, 2, 0, 0, 0, 0, 0, 0, 43, 43, 1, 8, 0, 1, 0, 3, 5, 0, 3, 5, 0, 1, 2, 0, 1, 0, 0, 5, 0, 0, 0, 0, 3, 42, 5, 0, : 5, 4, 2, 43, 43, 1, 8, 1, 3, 5, 3, 5, 1, 2, 1, 5, 3, 42, 5, 
347: 2, 3, 1, 0, 2, 0, 41, 0, 1, 4, 1, 0, 2, 4, 0, 1, 4, 0, 0, 4, 2, 1, 1, 5, 0, 0, 4, 1, 3, 0, 5, 5, 3, 0, 0, 0, 0, 0, 3, 0, : 2, 3, 1, 2, 41, 1, 4, 1, 2, 4, 1, 4, 4, 2, 1, 1, 5, 4, 1, 3, 5, 5, 3, 3, 
95: 0, 0, 1, 0, 4, 0, 43, 1, 0, 5, 0, 0, 1, 0, 4, 1, 0, 43, 1, 0, 0, 41, 1, 0, 1, 2, 0, 2, 0, 4, 4, 2, 1, 0, 0, 0, 3, 41, 1, 0, : 1, 4, 43, 1, 5, 1, 4, 1, 43, 1, 41, 1, 1, 2, 2, 4, 4, 2, 1, 3, 41, 1, 
416: 5, 4, 1, 0, 0, 0, 0, 0, 3, 0, 0, 0, 0, 1, 2, 2, 1, 0, 0, 0, 0, 0, 0, 4, 0, 0, 2, 41, 1, 40, 0, 0, 0, 0, 4, 3, 0, 0, 0, 5, : 5, 4, 1, 3, 1, 2, 2, 1, 4, 2, 41, 1, 40, 4, 3, 5, 
409: 0, 0, 0, 0, 0, 3, 0, 0, 1, 5, 0, 1, 0, 0, 1, 4, 3, 0, 0, 0, 0, 1, 3, 0, 2, 5, 0, 0, 5, 43, 3, 0, 0, 0, 0, 3, 0, 0, 1, 0, : 3, 1, 5, 1, 1, 4, 3, 1, 3, 2, 5, 5, 43, 3, 3, 1, 
63: 0, 1, 4, 0, 0, 2, 0, 1, 2, 0, 1, 0, 0, 5, 2, 4, 0, 0, 0, 0, 0, 0, 1, 0, 0, 0, 3, 2, 0, 0, 0, 0, 4, 0, 0, 2, 0, 0, 1, 0, : 1, 4, 2, 1, 2, 1, 5, 2, 4, 1, 3, 2, 4, 2, 1, 
540: 42, 2, 2, 0, 0, 0, 1, 0, 5, 3, 3, 0, 0, 3, 3, 1, 1, 0, 0, 5, 0, 3, 0, 2, 1, 4, 3, 0, 0, 0, 2, 5, 0, 0, 1, 0, 0, 0, 0, 0, : 42, 2, 2, 1, 5, 3, 3, 3, 3, 1, 1, 5, 3, 2, 1, 4, 3, 2, 5, 1, 
96: 0, 0, 5, 5, 2, 0, 0, 4, 5, 0, 0, 0, 0, 5, 0, 2, 4, 5, 1, 0, 3, 0, 3, 1, 0, 1, 0, 1, 5, 3, 0, 2, 4, 5, 0, 0, 5, 0, 0, 3, : 5, 5, 2, 4, 5, 5, 2, 4, 5, 1, 3, 3, 1, 1, 1, 5, 3, 2, 4, 5, 5, 3, 
436: 4, 0, 0, 1, 1, 0, 0, 0, 3, 3, 2, 4, 1, 0, 0, 1, 4, 0, 0, 0, 41, 0, 0, 5, 0, 4, 0, 1, 1, 0, 2, 3, 0, 5, 0, 0, 44, 3, 4, 5, : 4, 1, 1, 3, 3, 2, 4, 1, 1, 4, 41, 5, 4, 1, 1, 2, 3, 5, 44, 3, 4, 5, 
217: 0, 0, 1, 41, 0, 0, 0, 0, 3, 0, 0, 0, 0, 2, 0, 3, 0, 0, 5, 0, 0, 0, 2, 1, 2, 0, 2, 1, 1, 2, 3, 3, 0, 2, 0, 2, 0, 5, 0, 0, : 1, 41, 3, 2, 3, 5, 2, 1, 2, 2, 1, 1, 2, 3, 3, 2, 2, 5, 
56: 0, 0, 0, 40, 0, 0, 0, 4, 0, 0, 4, 0, 0, 2, 0, 5, 3, 0, 0, 0, 0, 44, 0, 2, 3, 4, 41, 0, 5, 0, 2, 1, 2, 0, 42, 0, 0, 0, 2, 0, : 40, 4, 4, 2, 5, 3, 44, 2, 3, 4, 41, 5, 2, 1, 2, 42, 2, 
383: 1, 1, 0, 0, 2, 0, 2, 5, 2, 0, 0, 4, 1, 3, 0, 7, 0, 0, 0, 40, 0, 3, 4, 4, 2, 3, 0, 2, 5, 0, 3, 5, 5, 0, 0, 0, 0, 1, 5, 0, : 1, 1, 2, 2, 5, 2, 4, 1, 3, 7, 40, 3, 4, 4, 2, 3, 2, 5, 3, 5, 5, 1, 5, 
41: 0, 4, 2, 0, 0, 5, 4, 0, 3, 1, 3, 0, 0, 5, 42, 3, 2, 0, 4, 0, 0, 0, 0, 0, 42, 4, 0, 1, 0, 0, 41, 0, 2, 0, 0, 0, 4, 0, 2, 4, : 4, 2, 5, 4, 3, 1, 3, 5, 42, 3, 2, 4, 42, 4, 1, 41, 2, 4, 2, 4, 
94: 0, 0, 0, 0, 0, 0, 0, 0, 2, 0, 0, 1, 43, 4, 1, 4, 1, 0, 0, 0, 0, 0, 0, 0, 2, 0, 0, 0, 1, 4, 0, 0, 1, 0, 0, 1, 0, 0, 1, 2, : 2, 1, 43, 4, 1, 4, 1, 2, 1, 4, 1, 1, 1, 2, 
503: 0, 0, 0, 5, 5, 44, 5, 2, 0, 0, 0, 0, 0, 4, 2, 4, 2, 0, 0, 0, 4, 0, 0, 0, 1, 0, 1, 2, 44, 4, 4, 0, 2, 0, 0, 0, 0, 0, 44, 0, : 5, 5, 44, 5, 2, 4, 2, 4, 2, 4, 1, 1, 2, 44, 4, 4, 2, 44, 
761: 1, 0, 0, 0, 3, 0, 0, 0, 4, 0, 42, 43, 4, 0, 0, 4, 0, 0, 0, 3, 1, 1, 0, 43, 0, 1, 0, 0, 1, 0, 5, 1, 1, 4, 0, 0, 0, 2, 3, 0, : 1, 3, 4, 42, 43, 4, 4, 3, 1, 1, 43, 1, 1, 5, 1, 1, 4, 2, 3, 
246: 0, 0, 0, 0, 0, 0, 0, 43, 0, 0, 0, 0, 0, 1, 3, 1, 0, 1, 0, 0, 5, 0, 4, 1, 2, 0, 0, 43, 0, 0, 0, 2, 5, 0, 4, 0, 0, 1, 3, 1, : 43, 1, 3, 1, 1, 5, 4, 1, 2, 43, 2, 5, 4, 1, 3, 1, 
679: 40, 0, 0, 0, 2, 0, 0, 0, 0, 2, 3, 0, 2, 1, 5, 2, 1, 41, 0, 0, 0, 0, 0, 2, 0, 2, 0, 1, 3, 0, 3, 3, 5, 3, 4, 0, 44, 1, 0, 0, : 40, 2, 2, 3, 2, 1, 5, 2, 1, 41, 2, 2, 1, 3, 3, 3, 5, 3, 4, 44, 1, 
342: 2, 3, 2, 0, 0, 0, 0, 0, 1, 4, 0, 0, 0, 5, 0, 2, 0, 0, 0, 0, 0, 1, 44, 2, 0, 3, 1, 0, 3, 4, 1, 1, 0, 0, 0, 1, 0, 0, 4, 3, : 2, 3, 2, 1, 4, 5, 2, 1, 44, 2, 3, 1, 3, 4, 1, 1, 1, 4, 3, 
431: 0, 0, 3, 4, 1, 0, 2, 4, 3, 0, 0, 0, 4, 3, 5, 1, 5, 1, 5, 0, 0, 0, 42, 0, 0, 0, 0, 0, 2, 1, 0, 5, 4, 3, 1, 3, 0, 2, 2, 0, : 3, 4, 1, 2, 4, 3, 4, 3, 5, 1, 5, 1, 5, 42, 2, 1, 5, 4, 3, 1, 3, 2, 2, 
459: 0, 0, 0, 0, 0, 0, 4, 41, 3, 0, 0, 5, 0, 0, 0, 1, 4, 1, 0, 1, 2, 5, 5, 0, 0, 0, 0, 0, 4, 0, 1, 3, 1, 2, 4, 42, 0, 0, 5, 0, : 4, 41, 3, 5, 1, 4, 1, 1, 2, 5, 5, 4, 1, 3, 1, 2, 4, 42, 5, 
442: 3, 1, 1, 2, 0, 0, 2, 0, 0, 0, 0, 0, 0, 2, 0, 4, 2, 0, 0, 3, 0, 0, 0, 5, 0, 4, 3, 0, 0, 0, 3, 4, 0, 5, 0, 0, 2, 0, 0, 2, : 3, 1, 1, 2, 2, 2, 4, 2, 3, 5, 4, 3, 3, 4, 5, 2, 2, 
293: 0, 3, 0, 0, 0, 42, 0, 0, 2, 2, 43, 0, 0, 2, 0, 2, 0, 5, 4, 0, 3, 0, 1, 4, 0, 4, 41, 0, 2, 3, 2, 4, 4, 0, 3, 0, 0, 0, 5, 0, : 3, 42, 2, 2, 43, 2, 2, 5, 4, 3, 1, 4, 4, 41, 2, 3, 2, 4, 4, 3, 5, 
702: 0, 0, 0, 0, 0, 2, 0, 0, 4, 1, 1, 0, 0, 2, 0, 4, 3, 5, 0, 0, 0, 0, 0, 0, 1, 3, 0, 0, 2, 5, 0, 0, 0, 0, 4, 42, 0, 0, 4, 3, : 2, 4, 1, 1, 2, 4, 3, 5, 1, 3, 2, 5, 4, 42, 4, 3, 
32: 0, 0, 0, 3, 0, 0, 0, 4, 3, 0, 1, 3, 2, 5, 0, 5, 5, 5, 0, 0, 4, 0, 0, 2, 41, 3, 0, 0, 0, 2, 3, 0, 5, 1, 0, 0, 4, 2, 0, 43, : 3, 4, 3, 1, 3, 2, 5, 5, 5, 5, 4, 2, 41, 3, 2, 3, 5, 1, 4, 2, 43, 
652: 0, 0, 0, 0, 5, 0, 0, 2, 4, 0, 3, 0, 0, 3, 0, 3, 0, 0, 0, 0, 1, 2, 0, 4, 0, 4, 2, 0, 4, 0, 4, 4, 4, 0, 0, 0, 0, 0, 3, 0, : 5, 2, 4, 3, 3, 3, 1, 2, 4, 4, 2, 4, 4, 4, 4, 3, 
288: 1, 0, 40, 4, 5, 5, 0, 1, 2, 0, 5, 5, 0, 0, 0, 4, 0, 0, 4, 0, 0, 0, 0, 0, 0, 0, 4, 5, 0, 0, 4, 0, 2, 40, 0, 5, 5, 0, 1, 0, : 1, 40, 4, 5, 5, 1, 2, 5, 5, 4, 4, 4, 5, 4, 2, 40, 5, 5, 1, 
323: 0, 44, 3, 0, 0, 0, 3, 0, 44, 41, 0, 3, 0, 0, 0, 1, 5, 0, 1, 5, 0, 0, 1, 4, 0, 3, 0, 0, 5, 0, 3, 0, 0, 0, 0, 0, 0, 0, 1, 0, : 44, 3, 3, 44, 41, 3, 1, 5, 1, 5, 1, 4, 3, 5, 3, 1, 
728: 2, 0, 1, 2, 0, 0, 0, 0, 5, 0, 3, 4, 4, 0, 41, 4, 4, 0, 0, 0, 1, 0, 0, 0, 0, 43, 2, 3, 1, 0, 5, 4, 4, 0, 0, 3, 0, 3, 5, 1, : 2, 1, 2, 5, 3, 4, 4, 41, 4, 4, 1, 43, 2, 3, 1, 5, 4, 4, 3, 3, 5, 1, 
754: 2, 0, 43, 1, 0, 0, 0, 2, 3, 2, 0, 0, 3, 0, 0, 3, 5, 0, 0, 2, 0, 2, 0, 3, 0, 0, 0, 2, 0, 5, 0, 0, 0, 0, 0, 3, 0, 1, 1, 0, : 2, 43, 1, 2, 3, 2, 3, 3, 5, 2, 2, 3, 2, 5, 3, 1, 1, 
516: 0, 0, 0, 4, 0, 0, 1, 0, 3, 0, 0, 0, 0, 5, 0, 3, 2, 0, 44, 0, 43, 1, 0, 0, 4, 0, 4, 5, 0, 0, 0, 0, 0, 3, 0, 0, 0, 4, 4, 0, : 4, 1, 3, 5, 3, 2, 44, 43, 1, 4, 4, 5, 3, 4, 4, 


533: 1, 2, 5, 4, 0, 0, 0, 1, 2, 4, 3, 42, 0, 3, 2, 0, 4, 3, 4, 0, 0, 5, 0, 1, 0, 1, 0, 2, 3, 43, 0, 5, 0, 0, 44, 2, 3, 0, 2, 0, : 1, 2, 5, 4, 1, 2, 4, 3, 42, 3, 2, 4, 3, 4, 5, 1, 1, 2, 3, 43, 5, 44, 2, 3, 2, 
261: 0, 4, 0, 2, 5, 0, 1, 1, 0, 0, 0, 0, 2, 4, 0, 3, 0, 42, 0, 0, 0, 0, 2, 40, 0, 5, 0, 0, 0, 1, 40, 5, 0, 0, 1, 0, 0, 1, 1, 0, : 4, 2, 5, 1, 1, 2, 4, 3, 42, 2, 40, 5, 1, 40, 5, 1, 1, 1, 
167: 3, 0, 0, 3, 5, 0, 4, 0, 0, 0, 5, 0, 3, 2, 3, 0, 0, 0, 5, 0, 0, 0, 1, 3, 3, 5, 0, 2, 4, 3, 0, 2, 0, 4, 5, 1, 0, 5, 44, 3, : 3, 3, 5, 4, 5, 3, 2, 3, 5, 1, 3, 3, 5, 2, 4, 3, 2, 4, 5, 1, 5, 44, 3, 
36: 3, 0, 1, 5, 0, 0, 5, 2, 1, 0, 0, 1, 0, 1, 0, 4, 0, 0, 0, 0, 3, 0, 0, 2, 0, 1, 4, 0, 0, 0, 5, 3, 0, 3, 0, 2, 1, 0, 4, 0, : 3, 1, 5, 5, 2, 1, 1, 1, 4, 3, 2, 1, 4, 5, 3, 3, 2, 1, 4, 
422: 3, 0, 3, 1, 1, 0, 1, 0, 2, 2, 5, 0, 0, 1, 4, 0, 44, 4, 1, 0, 0, 0, 2, 0, 4, 4, 0, 5, 1, 0, 0, 5, 0, 0, 1, 0, 0, 0, 2, 0, : 3, 3, 1, 1, 1, 2, 2, 5, 1, 4, 44, 4, 1, 2, 4, 4, 5, 1, 5, 1, 2, 
556: 5, 0, 3, 0, 0, 0, 5, 0, 5, 0, 0, 44, 0, 1, 0, 3, 0, 4, 0, 0, 5, 0, 2, 3, 0, 4, 0, 0, 0, 0, 0, 4, 0, 0, 1, 4, 5, 0, 1, 0, : 5, 3, 5, 5, 44, 1, 3, 4, 5, 2, 3, 4, 4, 1, 4, 5, 1, 
343: 5, 4, 1, 1, 0, 2, 0, 0, 5, 2, 0, 5, 2, 4, 1, 4, 0, 0, 4, 0, 0, 2, 5, 1, 0, 1, 2, 1, 0, 0, 43, 4, 0, 1, 3, 5, 0, 0, 2, 0, : 5, 4, 1, 1, 2, 5, 2, 5, 2, 4, 1, 4, 4, 2, 5, 1, 1, 2, 1, 43, 4, 1, 3, 5, 2, 
369: 4, 41, 40, 3, 4, 0, 0, 1, 0, 1, 2, 0, 0, 5, 0, 4, 4, 0, 0, 0, 0, 0, 43, 3, 0, 5, 0, 0, 0, 0, 5, 1, 3, 0, 0, 0, 1, 0, 5, 0, : 4, 41, 40, 3, 4, 1, 1, 2, 5, 4, 4, 43, 3, 5, 5, 1, 3, 1, 5, 
767: 0, 1, 0, 4, 5, 5, 1, 0, 0, 5, 2, 3, 0, 5, 0, 0, 0, 0, 0, 1, 3, 0, 0, 1, 43, 0, 5, 0, 0, 41, 0, 2, 5, 0, 1, 2, 0, 0, 1, 0, : 1, 4, 5, 5, 1, 5, 2, 3, 5, 1, 3, 1, 43, 5, 41, 2, 5, 1, 2, 1, 
454: 0, 0, 0, 41, 5, 0, 1, 2, 0, 3, 0, 0, 0, 4, 40, 5, 0, 0, 42, 5, 0, 2, 0, 1, 0, 1, 0, 42, 0, 0, 2, 3, 40, 0, 0, 1, 3, 0, 2, 43, : 41, 5, 1, 2, 3, 4, 40, 5, 42, 5, 2, 1, 1, 42, 2, 3, 40, 1, 3, 2, 43, 
379: 2, 5, 2, 0, 3, 3, 0, 1, 5, 0, 4, 0, 0, 4, 0, 3, 0, 0, 0, 0, 0, 1, 0, 1, 0, 5, 1, 42, 0, 0, 0, 3, 0, 0, 5, 1, 0, 0, 0, 0, : 2, 5, 2, 3, 3, 1, 5, 4, 4, 3, 1, 1, 5, 1, 42, 3, 5, 1, 
17: 1, 0, 0, 0, 4, 0, 1, 0, 0, 5, 4, 1, 0, 4, 0, 40, 0, 3, 0, 0, 0, 0, 0, 4, 3, 1, 0, 0, 0, 1, 0, 5, 0, 0, 0, 1, 0, 2, 0, 3, : 1, 4, 1, 5, 4, 1, 4, 40, 3, 4, 3, 1, 1, 5, 1, 2, 3, 
209: 1, 0, 0, 3, 1, 0, 3, 4, 0, 0, 5, 4, 4, 5, 3, 4, 5, 5, 43, 0, 2, 3, 0, 0, 40, 3, 1, 0, 0, 3, 0, 2, 1, 3, 40, 1, 0, 4, 4, 0, : 1, 3, 1, 3, 4, 5, 4, 4, 5, 3, 4, 5, 5, 43, 2, 3, 40, 3, 1, 3, 2, 1, 3, 40, 1, 4, 4, 
214: 2, 40, 5, 4, 0, 0, 3, 0, 44, 41, 2, 0, 0, 1, 0, 2, 0, 0, 0, 5, 5, 3, 0, 4, 0, 3, 0, 0, 0, 5, 1, 4, 0, 5, 0, 0, 0, 0, 1, 1, : 2, 40, 5, 4, 3, 44, 41, 2, 1, 2, 5, 5, 3, 4, 3, 5, 1, 4, 5, 1, 1, 
197: 0, 0, 41, 0, 0, 0, 43, 0, 0, 3, 1, 1, 0, 2, 1, 3, 5, 3, 4, 41, 0, 0, 0, 1, 0, 3, 40, 0, 41, 0, 0, 5, 0, 0, 0, 0, 1, 0, 3, 5, : 41, 43, 3, 1, 1, 2, 1, 3, 5, 3, 4, 41, 1, 3, 40, 41, 5, 1, 3, 5, 
602: 0, 0, 1, 1, 3, 4, 0, 0, 0, 1, 2, 0, 0, 1, 1, 2, 0, 0, 2, 2, 0, 0, 0, 5, 0, 5, 42, 1, 0, 0, 0, 1, 5, 0, 0, 4, 0, 0, 3, 0, : 1, 1, 3, 4, 1, 2, 1, 1, 2, 2, 2, 5, 5, 42, 1, 1, 5, 4, 3, 
449: 5, 0, 1, 4, 0, 0, 4, 3, 2, 1, 1, 0, 5, 3, 0, 0, 0, 0, 0, 0, 0, 5, 1, 1, 0, 5, 2, 3, 0, 0, 0, 4, 0, 2, 0, 0, 0, 0, 4, 0, : 5, 1, 4, 4, 3, 2, 1, 1, 5, 3, 5, 1, 1, 5, 2, 3, 4, 2, 4, 
66: 0, 2, 0, 0, 3, 0, 1, 42, 0, 1, 1, 0, 0, 0, 0, 2, 0, 0, 0, 0, 0, 0, 1, 0, 0, 1, 2, 0, 0, 0, 1, 2, 0, 1, 0, 0, 0, 0, 1, 0, : 2, 3, 1, 42, 1, 1, 2, 1, 1, 2, 1, 2, 1, 1, 
438: 4, 1, 0, 0, 4, 40, 0, 5, 0, 1, 0, 0, 0, 3, 1, 4, 0, 40, 0, 2, 0, 0, 0, 4, 3, 2, 0, 0, 0, 0, 0, 5, 0, 0, 0, 0, 0, 0, 0, 0, : 4, 1, 4, 40, 5, 1, 3, 1, 4, 40, 2, 4, 3, 2, 5, 
331: 5, 5, 0, 0, 0, 44, 1, 0, 0, 1, 0, 0, 5, 2, 0, 0, 0, 0, 0, 1, 0, 0, 0, 0, 1, 3, 0, 0, 1, 0, 0, 5, 1, 43, 2, 0, 0, 0, 2, 0, : 5, 5, 44, 1, 1, 5, 2, 1, 1, 3, 1, 5, 1, 43, 2, 2, 
398: 0, 0, 0, 0, 3, 2, 5, 0, 0, 4, 4, 4, 0, 1, 0, 1, 0, 0, 0, 0, 5, 3, 0, 0, 3, 1, 1, 0, 5, 4, 0, 1, 5, 0, 5, 4, 1, 0, 4, 0, : 3, 2, 5, 4, 4, 4, 1, 1, 5, 3, 3, 1, 1, 5, 4, 1, 5, 5, 4, 1, 4, 
298: 5, 0, 3, 0, 5, 0, 5, 43, 0, 2, 1, 0, 0, 1, 3, 0, 0, 0, 0, 2, 0, 0, 0, 5, 0, 5, 0, 0, 0, 0, 0, 2, 0, 0, 5, 0, 0, 0, 2, 2, : 5, 3, 5, 5, 43, 2, 1, 1, 3, 2, 5, 5, 2, 5, 2, 2, 
315: 3, 0, 0, 0, 2, 0, 1, 0, 0, 0, 1, 3, 0, 5, 0, 5, 1, 3, 0, 2, 2, 1, 0, 2, 0, 2, 0, 0, 0, 0, 4, 2, 0, 5, 0, 1, 4, 44, 1, 43, : 3, 2, 1, 1, 3, 5, 5, 1, 3, 2, 2, 1, 2, 2, 4, 2, 5, 1, 4, 44, 1, 43, 
541: 3, 0, 0, 0, 3, 0, 0, 0, 0, 0, 5, 0, 0, 3, 0, 4, 2, 0, 0, 3, 2, 3, 3, 2, 0, 0, 0, 4, 0, 0, 0, 5, 0, 0, 0, 0, 3, 0, 3, 5, : 3, 3, 5, 3, 4, 2, 3, 2, 3, 3, 2, 4, 5, 3, 3, 5, 
667: 0, 0, 3, 5, 2, 0, 5, 2, 4, 5, 5, 4, 0, 4, 0, 0, 0, 0, 0, 1, 5, 42, 0, 0, 0, 5, 0, 5, 0, 0, 0, 5, 0, 0, 4, 0, 0, 5, 5, 0, : 3, 5, 2, 5, 2, 4, 5, 5, 4, 4, 1, 5, 42, 5, 5, 5, 4, 5, 5, 
267: 5, 2, 0, 3, 0, 0, 4, 2, 0, 0, 3, 5, 0, 5, 0, 0, 0, 5, 5, 3, 0, 0, 2, 3, 0, 4, 2, 0, 5, 0, 5, 3, 0, 0, 0, 0, 0, 3, 2, 0, : 5, 2, 3, 4, 2, 3, 5, 5, 5, 5, 3, 2, 3, 4, 2, 5, 5, 3, 3, 2, 
505: 1, 0, 0, 1, 0, 0, 3, 0, 4, 5, 0, 0, 0, 5, 4, 0, 0, 1, 1, 0, 0, 0, 4, 3, 0, 1, 3, 0, 5, 0, 2, 3, 0, 3, 0, 0, 40, 41, 0, 0, : 1, 1, 3, 4, 5, 5, 4, 1, 1, 4, 3, 1, 3, 5, 2, 3, 3, 40, 41, 
606: 2, 3, 4, 5, 0, 0, 0, 0, 0, 5, 2, 1, 0, 1, 5, 3, 0, 0, 2, 0, 0, 0, 0, 1, 0, 5, 0, 0, 0, 1, 0, 2, 0, 0, 0, 2, 44, 0, 2, 2, : 2, 3, 4, 5, 5, 2, 1, 1, 5, 3, 2, 1, 5, 1, 2, 2, 44, 2, 2, 
93: 1, 0, 0, 4, 0, 0, 1, 0, 0, 2, 4, 0, 0, 2, 3, 4, 0, 3, 0, 3, 41, 0, 0, 0, 2, 4, 4, 0, 0, 0, 0, 3, 0, 2, 0, 0, 4, 0, 0, 0, : 1, 4, 1, 2, 4, 2, 3, 4, 3, 3, 41, 2, 4, 4, 3, 2, 4, 
203: 1, 0, 0, 5, 5, 0, 2, 0, 0, 5, 0, 0, 2, 4, 0, 0, 5, 1, 0, 0, 1, 0, 0, 1, 2, 1, 4, 0, 4, 0, 0, 1, 2, 0, 0, 0, 2, 0, 4, 3, : 1, 5, 5, 2, 5, 2, 4, 5, 1, 1, 1, 2, 1, 4, 4, 1, 2, 2, 4, 3, 
186: 2, 5, 0, 5, 2, 0, 0, 4, 0, 0, 41, 0, 2, 5, 0, 0, 43, 0, 2, 3, 3, 4, 2, 0, 0, 5, 0, 0, 0, 5, 0, 5, 44, 0, 0, 40, 0, 4, 1, 2, : 2, 5, 5, 2, 4, 41, 2, 5, 43, 2, 3, 3, 4, 2, 5, 5, 5, 44, 40, 4, 1, 2, 
326: 0, 0, 1, 1, 3, 0, 3, 0, 4, 4, 0, 1, 3, 5, 0, 3, 4, 2, 5, 0, 40, 1, 42, 5, 5, 5, 3, 0, 0, 0, 2, 1, 0, 0, 0, 0, 0, 0, 4, 1, : 1, 1, 3, 3, 4, 4, 1, 3, 5, 3, 4, 2, 5, 40, 1, 42, 5, 5, 5, 3, 2, 1, 4, 1, 
673: 5, 0, 0, 4, 0, 4, 1, 2, 1, 1, 2, 0, 5, 5, 0, 4, 3, 0, 0, 3, 0, 0, 0, 4, 4, 0, 0, 0, 40, 0, 0, 1, 1, 0, 1, 1, 4, 0, 0, 2, : 5, 4, 4, 1, 2, 1, 1, 2, 5, 5, 4, 3, 3, 4, 4, 40, 1, 1, 1, 1, 4, 2, 
745: 1, 0, 0, 2, 3, 2, 1, 0, 0, 1, 3, 0, 1, 4, 2, 3, 0, 0, 0, 0, 0, 0, 4, 2, 0, 5, 0, 4, 2, 5, 0, 1, 0, 0, 0, 42, 2, 1, 0, 1, : 1, 2, 3, 2, 1, 1, 3, 1, 4, 2, 3, 4, 2, 5, 4, 2, 5, 1, 42, 2, 1, 1, 
178: 0, 1, 0, 4, 42, 4, 5, 0, 0, 5, 0, 0, 0, 2, 0, 1, 0, 0, 0, 43, 1, 1, 1, 4, 0, 2, 0, 0, 0, 0, 4, 3, 4, 5, 0, 0, 0, 5, 0, 0, : 1, 4, 42, 4, 5, 5, 2, 1, 43, 1, 1, 1, 4, 2, 4, 3, 4, 5, 5, 
127: 4, 4, 1, 3, 0, 4, 3, 2, 40, 2, 2, 1, 44, 4, 43, 5, 0, 1, 0, 0, 1, 0, 5, 5, 2, 5, 3, 3, 0, 0, 0, 1, 4, 1, 0, 0, 0, 0, 3, 0, : 4, 4, 1, 3, 4, 3, 2, 40, 2, 2, 1, 44, 4, 43, 5, 1, 1, 5, 5, 2, 5, 3, 3, 1, 4, 1, 3, 
399: 42, 0, 5, 0, 4, 0, 1, 1, 0, 0, 0, 0, 1, 2, 0, 0, 0, 0, 0, 0, 0, 0, 0, 0, 0, 4, 0, 0, 0, 5, 5, 2, 0, 42, 0, 5, 0, 0, 4, 0, : 42, 5, 4, 1, 1, 1, 2, 4, 5, 5, 2, 42, 5, 4, 
705: 1, 0, 0, 2, 0, 2, 1, 0, 0, 2, 4, 0, 41, 5, 0, 0, 0, 0, 0, 0, 0, 0, 0, 3, 5, 2, 0, 0, 5, 3, 0, 4, 0, 0, 0, 1, 2, 0, 0, 0, : 1, 2, 2, 1, 2, 4, 41, 5, 3, 5, 2, 5, 3, 4, 1, 2, 
691: 0, 0, 0, 0, 0, 0, 5, 1, 0, 4, 3, 0, 0, 1, 0, 4, 0, 0, 0, 0, 0, 44, 0, 1, 0, 1, 0, 5, 0, 0, 0, 2, 0, 0, 0, 0, 0, 2, 0, 0, : 5, 1, 4, 3, 1, 4, 44, 1, 1, 5, 2, 2, 
646: 0, 0, 0, 0, 3, 4, 0, 1, 1, 2, 3, 0, 0, 1, 4, 0, 0, 0, 0, 0, 1, 0, 0, 4, 0, 5, 1, 1, 4, 0, 1, 3, 5, 0, 2, 0, 0, 3, 3, 4, : 3, 4, 1, 1, 2, 3, 1, 4, 1, 4, 5, 1, 1, 4, 1, 3, 5, 2, 3, 3, 4, 


520: 0, 0, 0, 0, 3, 2, 4, 0, 0, 0, 0, 0, 0, 0, 2, 2, 1, 1, 5, 2, 0, 4, 0, 2, 0, 3, 3, 0, 0, 0, 0, 5, 2, 3, 3, 0, 0, 0, 0, 1, : 3, 2, 4, 2, 2, 1, 1, 5, 2, 4, 2, 3, 3, 5, 2, 3, 3, 1, 
747: 0, 0, 5, 0, 0, 0, 0, 3, 0, 0, 5, 0, 2, 0, 2, 0, 0, 0, 0, 0, 0, 4, 0, 43, 0, 0, 1, 42, 0, 0, 0, 3, 2, 2, 4, 42, 3, 4, 0, 0, : 5, 3, 5, 2, 2, 4, 43, 1, 42, 3, 2, 2, 4, 42, 3, 4, 
112: 3, 5, 1, 5, 1, 3, 2, 5, 0, 5, 2, 0, 3, 0, 5, 0, 2, 0, 0, 4, 43, 5, 0, 1, 0, 5, 43, 0, 5, 0, 0, 5, 1, 4, 0, 0, 1, 0, 0, 5, : 3, 5, 1, 5, 1, 3, 2, 5, 5, 2, 3, 5, 2, 4, 43, 5, 1, 5, 43, 5, 5, 1, 4, 1, 5, 
741: 5, 0, 1, 44, 5, 0, 4, 0, 4, 0, 0, 40, 5, 1, 0, 1, 0, 4, 0, 5, 4, 1, 0, 0, 0, 5, 0, 0, 0, 3, 1, 1, 0, 5, 3, 0, 0, 40, 0, 4, : 5, 1, 44, 5, 4, 4, 40, 5, 1, 1, 4, 5, 4, 1, 5, 3, 1, 1, 5, 3, 40, 4, 
131: 0, 0, 1, 2, 4, 0, 0, 3, 2, 0, 0, 0, 0, 0, 0, 5, 5, 4, 0, 3, 40, 0, 0, 5, 5, 1, 0, 0, 2, 0, 2, 0, 0, 1, 2, 0, 0, 1, 0, 0, : 1, 2, 4, 3, 2, 5, 5, 4, 3, 40, 5, 5, 1, 2, 2, 1, 2, 1, 
736: 0, 0, 5, 4, 3, 0, 0, 0, 0, 43, 0, 0, 4, 0, 4, 2, 2, 5, 0, 0, 0, 4, 1, 0, 0, 0, 2, 1, 2, 1, 0, 0, 0, 0, 0, 0, 44, 0, 0, 0, : 5, 4, 3, 43, 4, 4, 2, 2, 5, 4, 1, 2, 1, 2, 1, 44, 
612: 0, 0, 3, 1, 1, 5, 2, 0, 0, 5, 0, 2, 0, 1, 2, 42, 0, 1, 0, 0, 3, 1, 0, 0, 0, 3, 41, 2, 0, 44, 1, 4, 0, 0, 3, 0, 2, 0, 3, 0, : 3, 1, 1, 5, 2, 5, 2, 1, 2, 42, 1, 3, 1, 3, 41, 2, 44, 1, 4, 3, 2, 3, 
557: 0, 4, 2, 1, 5, 0, 0, 0, 0, 0, 3, 0, 4, 0, 4, 0, 0, 2, 2, 4, 0, 0, 5, 4, 2, 5, 0, 0, 1, 3, 0, 0, 2, 1, 0, 2, 0, 0, 41, 4, : 4, 2, 1, 5, 3, 4, 4, 2, 2, 4, 5, 4, 2, 5, 1, 3, 2, 1, 2, 41, 4, 
501: 0, 5, 42, 4, 3, 1, 1, 3, 0, 0, 42, 0, 4, 0, 2, 0, 2, 0, 5, 0, 0, 2, 1, 0, 0, 0, 3, 0, 0, 0, 5, 0, 0, 2, 0, 0, 43, 0, 0, 0, : 5, 42, 4, 3, 1, 1, 3, 42, 4, 2, 2, 5, 2, 1, 3, 5, 2, 43, 
235: 1, 0, 0, 5, 1, 3, 0, 3, 5, 0, 1, 4, 5, 0, 3, 4, 0, 0, 2, 5, 0, 3, 2, 0, 0, 2, 0, 0, 0, 0, 0, 4, 0, 1, 5, 0, 0, 0, 0, 0, : 1, 5, 1, 3, 3, 5, 1, 4, 5, 3, 4, 2, 5, 3, 2, 2, 4, 1, 5, 
628: 1, 1, 3, 1, 1, 0, 0, 0, 0, 0, 1, 0, 0, 1, 1, 4, 0, 0, 0, 0, 5, 0, 0, 0, 0, 0, 0, 1, 0, 0, 3, 41, 5, 0, 0, 3, 0, 3, 1, 0, : 1, 1, 3, 1, 1, 1, 1, 1, 4, 5, 1, 3, 41, 5, 3, 3, 1, 
227: 0, 0, 1, 3, 1, 0, 0, 0, 4, 0, 0, 5, 5, 42, 5, 0, 0, 1, 0, 0, 0, 2, 42, 0, 0, 5, 2, 0, 5, 0, 3, 5, 0, 41, 2, 2, 0, 2, 2, 0, : 1, 3, 1, 4, 5, 5, 42, 5, 1, 2, 42, 5, 2, 5, 3, 5, 41, 2, 2, 2, 2, 
164: 0, 0, 4, 4, 0, 0, 0, 0, 0, 0, 0, 0, 1, 0, 2, 0, 0, 0, 0, 1, 0, 0, 4, 0, 2, 0, 0, 0, 5, 4, 2, 2, 43, 4, 0, 0, 4, 0, 1, 0, : 4, 4, 1, 2, 1, 4, 2, 5, 4, 2, 2, 43, 4, 4, 1, 
510: 0, 0, 3, 5, 43, 2, 5, 4, 0, 1, 0, 2, 0, 0, 0, 0, 4, 0, 1, 0, 4, 0, 0, 5, 0, 3, 0, 4, 0, 4, 0, 0, 3, 4, 0, 2, 0, 0, 4, 42, : 3, 5, 43, 2, 5, 4, 1, 2, 4, 1, 4, 5, 3, 4, 4, 3, 4, 2, 4, 42, 
184: 0, 0, 0, 0, 3, 2, 0, 40, 0, 0, 0, 0, 0, 1, 3, 0, 0, 5, 1, 4, 1, 5, 0, 0, 0, 0, 0, 2, 0, 1, 0, 0, 0, 5, 2, 3, 0, 4, 0, 0, : 3, 2, 40, 1, 3, 5, 1, 4, 1, 5, 2, 1, 5, 2, 3, 4, 
782: 0, 0, 0, 0, 5, 1, 42, 0, 0, 0, 0, 0, 1, 0, 0, 0, 43, 0, 0, 4, 3, 0, 0, 3, 0, 0, 4, 0, 41, 2, 0, 1, 0, 0, 1, 5, 0, 3, 3, 0, : 5, 1, 42, 1, 43, 4, 3, 3, 4, 41, 2, 1, 1, 5, 3, 3, 
460: 5, 0, 0, 1, 0, 41, 0, 1, 5, 0, 0, 0, 2, 1, 0, 0, 2, 5, 0, 3, 0, 5, 0, 0, 0, 1, 1, 0, 0, 0, 0, 4, 0, 1, 2, 1, 4, 0, 0, 5, : 5, 1, 41, 1, 5, 2, 1, 2, 5, 3, 5, 1, 1, 4, 1, 2, 1, 4, 5, 
800: 0, 3, 3, 0, 0, 0, 1, 0, 0, 0, 0, 5, 5, 3, 2, 3, 0, 0, 0, 0, 0, 0, 4, 0, 42, 0, 0, 4, 0, 0, 41, 3, 4, 0, 3, 0, 5, 0, 0, 0, : 3, 3, 1, 5, 5, 3, 2, 3, 4, 42, 4, 41, 3, 4, 3, 5, 
654: 1, 3, 5, 0, 5, 0, 2, 0, 0, 3, 0, 0, 0, 5, 1, 3, 0, 0, 3, 2, 0, 1, 2, 3, 0, 3, 3, 3, 4, 3, 4, 2, 0, 1, 43, 0, 0, 0, 0, 0, : 1, 3, 5, 5, 2, 3, 5, 1, 3, 3, 2, 1, 2, 3, 3, 3, 3, 4, 3, 4, 2, 1, 43, 
70: 0, 5, 0, 0, 0, 4, 0, 3, 0, 0, 0, 0, 4, 1, 3, 0, 3, 1, 1, 5, 0, 0, 0, 0, 0, 5, 2, 0, 0, 0, 0, 1, 2, 1, 0, 3, 0, 0, 43, 0, : 5, 4, 3, 4, 1, 3, 3, 1, 1, 5, 5, 2, 1, 2, 1, 3, 43, 
210: 44, 0, 5, 0, 1, 0, 0, 0, 0, 0, 0, 44, 2, 0, 0, 0, 0, 3, 0, 41, 0, 2, 0, 0, 0, 0, 0, 1, 0, 0, 0, 0, 42, 1, 0, 0, 0, 0, 0, 0, : 44, 5, 1, 44, 2, 3, 41, 2, 1, 42, 1, 
199: 0, 0, 0, 5, 2, 0, 3, 0, 42, 40, 2, 0, 0, 1, 5, 0, 41, 4, 1, 0, 0, 5, 0, 0, 3, 0, 4, 0, 0, 2, 0, 3, 0, 1, 5, 0, 2, 0, 0, 3, : 5, 2, 3, 42, 40, 2, 1, 5, 41, 4, 1, 5, 3, 4, 2, 3, 1, 5, 2, 3, 
126: 0, 0, 0, 5, 2, 40, 0, 3, 0, 0, 0, 0, 0, 0, 3, 1, 0, 1, 1, 2, 3, 43, 0, 0, 4, 0, 0, 0, 0, 5, 1, 3, 0, 0, 1, 0, 0, 0, 4, 0, : 5, 2, 40, 3, 3, 1, 1, 1, 2, 3, 43, 4, 5, 1, 3, 1, 4, 
236: 0, 0, 2, 2, 1, 1, 0, 3, 0, 4, 3, 0, 1, 0, 0, 0, 1, 4, 0, 0, 1, 5, 0, 5, 4, 4, 0, 0, 0, 0, 0, 1, 0, 1, 0, 0, 0, 0, 4, 3, : 2, 2, 1, 1, 3, 4, 3, 1, 1, 4, 1, 5, 5, 4, 4, 1, 1, 4, 3, 
536: 3, 0, 0, 4, 5, 0, 0, 0, 2, 0, 0, 0, 1, 2, 2, 1, 1, 4, 1, 4, 0, 2, 5, 0, 0, 1, 1, 0, 3, 0, 0, 0, 0, 4, 2, 4, 0, 0, 0, 3, : 3, 4, 5, 2, 1, 2, 2, 1, 1, 4, 1, 4, 2, 5, 1, 1, 3, 4, 2, 4, 3, 
746: 0, 0, 2, 0, 5, 0, 0, 1, 0, 0, 43, 0, 0, 2, 2, 2, 0, 0, 0, 2, 0, 1, 0, 0, 40, 2, 0, 0, 0, 0, 1, 4, 0, 0, 1, 0, 0, 4, 0, 0, : 2, 5, 1, 43, 2, 2, 2, 2, 1, 40, 2, 1, 4, 1, 4, 
391: 4, 44, 0, 0, 1, 0, 4, 0, 0, 3, 0, 0, 5, 0, 1, 0, 4, 3, 1, 5, 0, 2, 0, 0, 0, 0, 0, 4, 0, 2, 42, 3, 0, 5, 0, 5, 0, 0, 0, 0, : 4, 44, 1, 4, 3, 5, 1, 4, 3, 1, 5, 2, 4, 2, 42, 3, 5, 5, 
232: 5, 0, 1, 0, 1, 0, 0, 0, 0, 1, 2, 4, 0, 0, 0, 0, 0, 3, 0, 3, 0, 5, 0, 0, 3, 4, 2, 0, 3, 1, 2, 0, 5, 4, 2, 4, 0, 2, 2, 0, : 5, 1, 1, 1, 2, 4, 3, 3, 5, 3, 4, 2, 3, 1, 2, 5, 4, 2, 4, 2, 2, 
521: 40, 0, 1, 5, 0, 0, 0, 1, 5, 2, 0, 1, 1, 2, 1, 0, 3, 0, 0, 0, 1, 0, 0, 0, 0, 2, 0, 0, 0, 0, 0, 2, 0, 2, 4, 0, 0, 5, 2, 0, : 40, 1, 5, 1, 5, 2, 1, 1, 2, 1, 3, 1, 2, 2, 2, 4, 5, 2, 
266: 0, 0, 0, 3, 5, 0, 2, 0, 0, 0, 0, 0, 3, 0, 3, 0, 0, 0, 0, 0, 1, 0, 43, 0, 1, 1, 0, 2, 1, 0, 0, 3, 0, 4, 2, 0, 3, 1, 4, 0, : 3, 5, 2, 3, 3, 1, 43, 1, 1, 2, 1, 3, 4, 2, 3, 1, 4, 
283: 0, 1, 2, 0, 5, 0, 0, 0, 0, 0, 5, 1, 3, 1, 5, 0, 0, 44, 0, 3, 0, 4, 0, 42, 0, 5, 0, 0, 0, 0, 2, 3, 0, 0, 3, 1, 0, 0, 0, 2, : 1, 2, 5, 5, 1, 3, 1, 5, 44, 3, 4, 42, 5, 2, 3, 3, 1, 2, 
762: 0, 0, 5, 0, 4, 5, 0, 0, 3, 4, 1, 0, 4, 4, 2, 0, 2, 5, 0, 0, 5, 1, 0, 0, 5, 0, 0, 0, 0, 0, 0, 3, 2, 0, 5, 0, 2, 3, 0, 0, : 5, 4, 5, 3, 4, 1, 4, 4, 2, 2, 5, 5, 1, 5, 3, 2, 5, 2, 3, 
472: 3, 0, 3, 0, 0, 2, 0, 2, 0, 0, 0, 0, 2, 0, 0, 2, 0, 5, 0, 5, 5, 0, 1, 5, 1, 5, 0, 44, 3, 0, 0, 1, 3, 5, 4, 1, 0, 0, 0, 44, : 3, 3, 2, 2, 2, 2, 5, 5, 5, 1, 5, 1, 5, 44, 3, 1, 3, 5, 4, 1, 44, 
405: 0, 1, 2, 1, 0, 0, 0, 40, 5, 0, 2, 4, 41, 44, 5, 0, 2, 1, 2, 0, 0, 0, 0, 0, 3, 4, 4, 0, 3, 0, 0, 0, 4, 1, 5, 0, 1, 3, 0, 0, : 1, 2, 1, 40, 5, 2, 4, 41, 44, 5, 2, 1, 2, 3, 4, 4, 3, 4, 1, 5, 1, 3, 
755: 0, 5, 1, 0, 0, 0, 0, 0, 3, 0, 3, 0, 0, 0, 0, 0, 1, 5, 2, 0, 0, 2, 0, 2, 0, 41, 1, 2, 0, 0, 0, 0, 0, 0, 4, 0, 1, 0, 2, 2, : 5, 1, 3, 3, 1, 5, 2, 2, 2, 41, 1, 2, 4, 1, 2, 2, 
169: 1, 43, 2, 5, 0, 4, 44, 3, 0, 0, 0, 0, 4, 3, 1, 44, 0, 0, 0, 4, 0, 2, 4, 0, 2, 5, 0, 0, 0, 43, 1, 0, 0, 4, 4, 0, 1, 44, 0, 0, : 1, 43, 2, 5, 4, 44, 3, 4, 3, 1, 44, 4, 2, 4, 2, 5, 43, 1, 4, 4, 1, 44, 
301: 0, 0, 4, 3, 0, 0, 0, 2, 0, 5, 0, 4, 3, 1, 1, 1, 0, 1, 44, 2, 0, 5, 0, 0, 0, 0, 0, 0, 42, 1, 4, 4, 0, 2, 0, 42, 0, 0, 0, 0, : 4, 3, 2, 5, 4, 3, 1, 1, 1, 1, 44, 2, 5, 42, 1, 4, 4, 2, 42, 
742: 0, 0, 3, 4, 4, 1, 0, 0, 0, 0, 0, 0, 0, 0, 4, 0, 0, 0, 43, 2, 1, 1, 2, 0, 0, 5, 0, 4, 0, 0, 5, 2, 0, 2, 5, 0, 4, 1, 0, 0, : 3, 4, 4, 1, 4, 43, 2, 1, 1, 2, 5, 4, 5, 2, 2, 5, 4, 1, 
212: 0, 0, 3, 0, 0, 2, 2, 0, 0, 4, 0, 0, 5, 1, 0, 3, 0, 4, 2, 5, 0, 3, 0, 0, 3, 0, 3, 4, 0, 1, 0, 2, 0, 5, 0, 0, 0, 0, 0, 2, : 3, 2, 2, 4, 5, 1, 3, 4, 2, 5, 3, 3, 3, 4, 1, 2, 5, 2, 
603: 4, 0, 5, 3, 0, 1, 2, 0, 40, 0, 5, 4, 0, 3, 44, 0, 1, 4, 3, 0, 0, 0, 4, 0, 0, 0, 0, 0, 0, 0, 0, 5, 0, 3, 0, 0, 0, 0, 4, 0, : 4, 5, 3, 1, 2, 40, 5, 4, 3, 44, 1, 4, 3, 4, 5, 3, 4, 


277: 44, 1, 0, 2, 0, 0, 0, 0, 0, 0, 1, 0, 4, 0, 1, 0, 0, 1, 4, 5, 0, 0, 3, 2, 0, 0, 0, 0, 2, 0, 1, 2, 0, 1, 0, 4, 4, 1, 3, 4, : 44, 1, 2, 1, 4, 1, 1, 4, 5, 3, 2, 2, 1, 2, 1, 4, 4, 1, 3, 4, 
61: 0, 3, 0, 0, 3, 0, 40, 5, 0, 0, 0, 0, 0, 0, 5, 0, 0, 0, 1, 1, 5, 0, 2, 3, 0, 4, 0, 0, 0, 0, 3, 2, 0, 1, 0, 0, 5, 0, 0, 3, : 3, 3, 40, 5, 5, 1, 1, 5, 2, 3, 4, 3, 2, 1, 5, 3, 
362: 0, 0, 0, 0, 0, 0, 1, 3, 1, 0, 0, 4, 0, 0, 2, 4, 0, 0, 3, 2, 0, 5, 0, 4, 5, 2, 1, 0, 0, 0, 2, 3, 0, 4, 0, 4, 0, 1, 5, 5, : 1, 3, 1, 4, 2, 4, 3, 2, 5, 4, 5, 2, 1, 2, 3, 4, 4, 1, 5, 5, 
539: 0, 5, 0, 0, 0, 44, 0, 4, 3, 0, 5, 1, 0, 0, 1, 0, 3, 0, 1, 0, 0, 0, 1, 4, 0, 2, 0, 0, 1, 3, 0, 0, 0, 0, 5, 1, 4, 0, 3, 1, : 5, 44, 4, 3, 5, 1, 1, 3, 1, 1, 4, 2, 1, 3, 5, 1, 4, 3, 1, 
87: 0, 3, 0, 0, 2, 0, 40, 0, 0, 0, 0, 0, 0, 0, 0, 0, 2, 0, 5, 4, 3, 0, 0, 3, 0, 0, 1, 43, 0, 0, 3, 0, 0, 0, 0, 0, 0, 1, 44, 4, : 3, 2, 40, 2, 5, 4, 3, 3, 1, 43, 3, 1, 44, 4, 
334: 1, 5, 0, 0, 0, 4, 0, 4, 0, 0, 4, 0, 4, 1, 0, 0, 0, 0, 0, 5, 0, 5, 1, 0, 0, 4, 0, 0, 0, 0, 4, 3, 0, 0, 0, 0, 0, 0, 0, 0, : 1, 5, 4, 4, 4, 4, 1, 5, 5, 1, 4, 4, 3, 
739: 0, 3, 0, 0, 43, 0, 5, 0, 0, 0, 0, 5, 3, 0, 1, 0, 0, 1, 4, 4, 0, 0, 3, 0, 0, 0, 0, 1, 4, 0, 1, 0, 0, 0, 1, 0, 2, 0, 3, 2, : 3, 43, 5, 5, 3, 1, 1, 4, 4, 3, 1, 4, 1, 1, 2, 3, 2, 
67: 0, 2, 0, 0, 0, 4, 0, 0, 0, 0, 0, 0, 0, 0, 0, 2, 0, 0, 41, 0, 4, 4, 0, 4, 0, 5, 0, 0, 0, 0, 1, 0, 3, 0, 1, 2, 0, 0, 5, 0, : 2, 4, 2, 41, 4, 4, 4, 5, 1, 3, 1, 2, 5, 
712: 2, 2, 0, 0, 0, 0, 3, 0, 0, 0, 0, 0, 0, 0, 0, 4, 2, 0, 0, 1, 5, 5, 3, 1, 0, 0, 0, 0, 0, 0, 1, 0, 42, 0, 2, 0, 0, 0, 2, 5, : 2, 2, 3, 4, 2, 1, 5, 5, 3, 1, 1, 42, 2, 2, 5, 
574: 0, 0, 0, 2, 0, 0, 0, 4, 5, 0, 0, 0, 5, 0, 0, 0, 3, 0, 0, 0, 0, 0, 2, 2, 4, 0, 1, 2, 0, 3, 1, 0, 0, 0, 3, 0, 1, 0, 4, 0, : 2, 4, 5, 5, 3, 2, 2, 4, 1, 2, 3, 1, 3, 1, 4, 
543: 0, 5, 5, 0, 42, 0, 0, 3, 5, 0, 4, 0, 0, 0, 41, 0, 0, 0, 0, 1, 0, 0, 1, 2, 0, 1, 0, 0, 0, 0, 0, 0, 0, 40, 4, 2, 0, 44, 0, 0, : 5, 5, 42, 3, 5, 4, 41, 1, 1, 2, 1, 40, 4, 2, 44, 
110: 0, 0, 40, 5, 0, 0, 3, 0, 0, 0, 42, 5, 1, 5, 0, 0, 0, 0, 3, 2, 2, 2, 5, 4, 0, 5, 0, 4, 0, 4, 1, 43, 41, 0, 5, 0, 4, 0, 2, 0, : 40, 5, 3, 42, 5, 1, 5, 3, 2, 2, 2, 5, 4, 5, 4, 4, 1, 43, 41, 5, 4, 2, 
517: 4, 0, 0, 0, 1, 0, 3, 0, 0, 0, 5, 0, 0, 0, 5, 0, 1, 0, 2, 3, 0, 2, 5, 0, 0, 0, 0, 44, 0, 0, 2, 43, 0, 3, 0, 0, 1, 1, 2, 3, : 4, 1, 3, 5, 5, 1, 2, 3, 2, 5, 44, 2, 43, 3, 1, 1, 2, 3, 
290: 3, 1, 0, 0, 5, 0, 2, 5, 4, 0, 0, 0, 0, 0, 0, 0, 44, 1, 0, 0, 0, 4, 5, 3, 3, 2, 0, 0, 0, 0, 3, 0, 3, 0, 2, 3, 2, 1, 2, 0, : 3, 1, 5, 2, 5, 4, 44, 1, 4, 5, 3, 3, 2, 3, 3, 2, 3, 2, 1, 2, 
368: 2, 1, 5, 5, 0, 0, 0, 2, 3, 0, 0, 0, 0, 0, 0, 0, 3, 0, 0, 2, 0, 0, 1, 3, 0, 4, 3, 0, 5, 0, 3, 1, 2, 5, 2, 0, 5, 0, 0, 2, : 2, 1, 5, 5, 2, 3, 3, 2, 1, 3, 4, 3, 5, 3, 1, 2, 5, 2, 5, 2, 
474: 5, 3, 0, 2, 0, 5, 0, 4, 0, 0, 0, 1, 0, 0, 4, 0, 1, 2, 0, 4, 4, 0, 0, 2, 2, 3, 5, 1, 0, 0, 1, 3, 0, 0, 44, 0, 0, 4, 1, 3, : 5, 3, 2, 5, 4, 1, 4, 1, 2, 4, 4, 2, 2, 3, 5, 1, 1, 3, 44, 4, 1, 3, 
621: 0, 0, 0, 2, 5, 0, 0, 5, 3, 0, 0, 3, 0, 5, 4, 0, 0, 0, 0, 4, 0, 4, 0, 4, 1, 2, 43, 0, 0, 0, 4, 1, 0, 5, 2, 0, 40, 3, 1, 5, : 2, 5, 5, 3, 3, 5, 4, 4, 4, 4, 1, 2, 43, 4, 1, 5, 2, 40, 3, 1, 5, 
109: 0, 42, 4, 3, 3, 0, 0, 0, 3, 4, 0, 40, 0, 0, 2, 5, 2, 4, 0, 0, 2, 3, 2, 0, 0, 0, 0, 0, 2, 0, 4, 0, 1, 5, 2, 0, 0, 1, 0, 4, : 42, 4, 3, 3, 3, 4, 40, 2, 5, 2, 4, 2, 3, 2, 2, 4, 1, 5, 2, 1, 4, 
1: 0, 0, 1, 41, 0, 0, 2, 0, 5, 0, 0, 0, 3, 0, 2, 3, 0, 1, 0, 0, 0, 0, 2, 2, 0, 1, 0, 0, 0, 3, 40, 4, 0, 0, 5, 43, 2, 4, 3, 4, : 1, 41, 2, 5, 3, 2, 3, 1, 2, 2, 1, 3, 40, 4, 5, 43, 2, 4, 3, 4, 
647: 0, 4, 0, 0, 5, 0, 0, 42, 0, 3, 0, 0, 44, 4, 0, 1, 41, 0, 44, 1, 0, 0, 2, 3, 4, 2, 0, 0, 0, 0, 0, 0, 0, 0, 3, 0, 1, 0, 0, 0, : 4, 5, 42, 3, 44, 4, 1, 41, 44, 1, 2, 3, 4, 2, 3, 1, 
253: 4, 1, 1, 0, 2, 2, 1, 2, 0, 41, 5, 0, 0, 4, 0, 2, 0, 0, 0, 40, 2, 4, 4, 1, 1, 3, 3, 5, 0, 0, 3, 0, 0, 0, 3, 1, 0, 4, 1, 0, : 4, 1, 1, 2, 2, 1, 2, 41, 5, 4, 2, 40, 2, 4, 4, 1, 1, 3, 3, 5, 3, 3, 1, 4, 1, 
434: 4, 2, 0, 0, 4, 5, 0, 0, 0, 0, 0, 5, 0, 1, 2, 0, 0, 0, 0, 1, 40, 0, 0, 0, 0, 1, 0, 0, 0, 4, 5, 0, 5, 0, 1, 0, 0, 0, 2, 42, : 4, 2, 4, 5, 5, 1, 2, 1, 40, 1, 4, 5, 5, 1, 2, 42, 
589: 0, 2, 5, 0, 0, 5, 4, 3, 4, 2, 0, 0, 0, 4, 0, 44, 0, 3, 0, 0, 0, 5, 2, 4, 0, 5, 2, 0, 0, 0, 2, 1, 0, 0, 0, 0, 1, 0, 1, 0, : 2, 5, 5, 4, 3, 4, 2, 4, 44, 3, 5, 2, 4, 5, 2, 2, 1, 1, 1, 
588: 0, 0, 0, 1, 0, 0, 3, 2, 5, 0, 41, 0, 3, 0, 4, 0, 3, 0, 0, 3, 5, 3, 0, 4, 0, 44, 0, 0, 44, 0, 0, 0, 5, 0, 0, 0, 0, 0, 3, 4, : 1, 3, 2, 5, 41, 3, 4, 3, 3, 5, 3, 4, 44, 44, 5, 3, 4, 
420: 4, 0, 4, 3, 1, 4, 0, 1, 0, 0, 0, 5, 2, 0, 1, 0, 2, 1, 0, 5, 1, 4, 1, 43, 3, 0, 0, 0, 4, 0, 2, 0, 1, 0, 1, 1, 0, 0, 1, 5, : 4, 4, 3, 1, 4, 1, 5, 2, 1, 2, 1, 5, 1, 4, 1, 43, 3, 4, 2, 1, 1, 1, 1, 5, 
601: 0, 0, 41, 2, 0, 0, 0, 4, 0, 0, 3, 1, 0, 3, 2, 0, 0, 2, 1, 0, 3, 2, 2, 0, 0, 4, 5, 1, 0, 0, 2, 1, 1, 1, 4, 0, 1, 1, 4, 4, : 41, 2, 4, 3, 1, 3, 2, 2, 1, 3, 2, 2, 4, 5, 1, 2, 1, 1, 1, 4, 1, 1, 4, 4, 
781: 0, 1, 0, 0, 0, 0, 0, 0, 5, 5, 5, 0, 4, 3, 0, 1, 0, 0, 0, 5, 0, 1, 1, 4, 0, 4, 0, 0, 0, 40, 2, 0, 0, 3, 0, 0, 0, 0, 0, 0, : 1, 5, 5, 5, 4, 3, 1, 5, 1, 1, 4, 4, 40, 2, 3, 
783: 0, 4, 0, 0, 0, 41, 1, 3, 4, 3, 0, 0, 0, 0, 0, 0, 4, 2, 0, 5, 40, 4, 5, 2, 2, 0, 43, 0, 4, 4, 2, 0, 4, 0, 0, 0, 0, 1, 5, 0, : 4, 41, 1, 3, 4, 3, 4, 2, 5, 40, 4, 5, 2, 2, 43, 4, 4, 2, 4, 1, 5, 
649: 0, 1, 4, 5, 0, 0, 0, 1, 1, 0, 0, 1, 0, 0, 0, 0, 0, 0, 0, 3, 0, 0, 1, 4, 2, 5, 0, 1, 0, 5, 5, 0, 2, 0, 4, 3, 0, 0, 4, 0, : 1, 4, 5, 1, 1, 1, 3, 1, 4, 2, 5, 1, 5, 5, 2, 4, 3, 4, 
568: 42, 4, 0, 1, 0, 0, 0, 5, 4, 3, 0, 3, 40, 0, 1, 1, 0, 43, 3, 4, 0, 2, 5, 4, 0, 3, 0, 4, 2, 0, 0, 0, 1, 0, 5, 0, 0, 0, 0, 4, : 42, 4, 1, 5, 4, 3, 3, 40, 1, 1, 43, 3, 4, 2, 5, 4, 3, 4, 2, 1, 5, 4, 
46: 1, 5, 0, 0, 0, 0, 0, 2, 3, 0, 0, 0, 0, 1, 0, 41, 1, 0, 0, 0, 0, 4, 3, 0, 0, 0, 5, 0, 4, 2, 2, 0, 0, 1, 3, 0, 0, 0, 3, 0, : 1, 5, 2, 3, 1, 41, 1, 4, 3, 5, 4, 2, 2, 1, 3, 3, 
367: 0, 3, 0, 0, 0, 5, 0, 1, 5, 5, 0, 0, 0, 0, 0, 0, 0, 0, 0, 1, 0, 0, 5, 0, 43, 5, 0, 0, 0, 1, 1, 3, 4, 0, 4, 41, 0, 0, 4, 4, : 3, 5, 1, 5, 5, 1, 5, 43, 5, 1, 1, 3, 4, 4, 41, 4, 4, 
20: 0, 0, 0, 3, 0, 0, 1, 4, 5, 41, 0, 42, 1, 0, 0, 0, 0, 5, 3, 0, 4, 42, 1, 0, 2, 1, 2, 2, 2, 1, 1, 0, 0, 5, 5, 0, 0, 2, 0, 2, : 3, 1, 4, 5, 41, 42, 1, 5, 3, 4, 42, 1, 2, 1, 2, 2, 2, 1, 1, 5, 5, 2, 2, 
179: 4, 5, 3, 1, 0, 0, 4, 0, 1, 3, 0, 0, 0, 5, 40, 5, 0, 2, 0, 4, 0, 0, 1, 0, 0, 0, 0, 0, 44, 0, 0, 0, 0, 3, 0, 0, 44, 0, 3, 1, : 4, 5, 3, 1, 4, 1, 3, 5, 40, 5, 2, 4, 1, 44, 3, 44, 3, 1, 
694: 0, 0, 2, 0, 0, 1, 0, 0, 1, 0, 0, 3, 4, 0, 0, 0, 0, 3, 5, 1, 0, 3, 0, 0, 0, 1, 0, 5, 2, 5, 2, 1, 0, 40, 0, 2, 0, 2, 1, 0, : 2, 1, 1, 3, 4, 3, 5, 1, 3, 1, 5, 2, 5, 2, 1, 40, 2, 2, 1, 
108: 0, 3, 0, 41, 1, 0, 2, 2, 1, 5, 0, 1, 1, 0, 0, 0, 2, 4, 0, 4, 0, 4, 42, 0, 0, 2, 1, 4, 0, 40, 1, 2, 0, 0, 3, 5, 0, 3, 5, 1, : 3, 41, 1, 2, 2, 1, 5, 1, 1, 2, 4, 4, 4, 42, 2, 1, 4, 40, 1, 2, 3, 5, 3, 5, 1, 
725: 0, 2, 0, 0, 0, 0, 5, 2, 42, 5, 0, 0, 0, 43, 0, 4, 5, 0, 0, 0, 0, 4, 1, 4, 5, 0, 0, 3, 0, 0, 1, 0, 5, 0, 1, 5, 1, 42, 1, 3, : 2, 5, 2, 42, 5, 43, 4, 5, 4, 1, 4, 5, 3, 1, 5, 1, 5, 1, 42, 1, 3, 
650: 0, 4, 0, 0, 2, 0, 0, 0, 0, 0, 0, 0, 0, 1, 0, 0, 1, 41, 0, 0, 0, 1, 4, 0, 43, 0, 0, 0, 0, 0, 4, 0, 0, 0, 1, 0, 2, 4, 0, 1, : 4, 2, 1, 1, 41, 1, 4, 43, 4, 1, 2, 4, 1, 
242: 0, 3, 0, 0, 1, 0, 0, 3, 3, 0, 5, 0, 0, 0, 2, 0, 0, 2, 0, 4, 0, 0, 3, 4, 0, 0, 0, 0, 0, 0, 5, 5, 0, 3, 4, 2, 0, 0, 1, 4, : 3, 1, 3, 3, 5, 2, 2, 4, 3, 4, 5, 5, 3, 4, 2, 1, 4, 
220: 0, 0, 5, 1, 0, 0, 0, 4, 4, 0, 0, 0, 1, 40, 0, 3, 0, 2, 0, 1, 0, 3, 1, 0, 0, 5, 5, 0, 0, 5, 5, 2, 0, 0, 0, 1, 0, 0, 1, 0, : 5, 1, 4, 4, 1, 40, 3, 2, 1, 3, 1, 5, 5, 5, 5, 2, 1, 1, 


522: 4, 0, 2, 0, 5, 0, 0, 0, 0, 1, 5, 1, 0, 5, 3, 2, 2, 5, 3, 4, 0, 3, 0, 4, 0, 4, 0, 5, 5, 0, 0, 0, 0, 1, 0, 0, 4, 0, 2, 0, : 4, 2, 5, 1, 5, 1, 5, 3, 2, 2, 5, 3, 4, 3, 4, 4, 5, 5, 1, 4, 2, 
428: 4, 0, 1, 0, 0, 4, 0, 0, 1, 1, 0, 3, 4, 0, 4, 0, 3, 1, 0, 2, 0, 5, 0, 43, 0, 0, 0, 0, 0, 0, 0, 1, 1, 2, 0, 1, 0, 4, 1, 0, : 4, 1, 4, 1, 1, 3, 4, 4, 3, 1, 2, 5, 43, 1, 1, 2, 1, 4, 1, 
786: 0, 1, 3, 4, 3, 3, 5, 0, 0, 0, 1, 0, 0, 0, 0, 0, 0, 3, 0, 2, 0, 1, 0, 0, 0, 0, 0, 0, 5, 0, 1, 43, 3, 0, 5, 0, 0, 3, 0, 1, : 1, 3, 4, 3, 3, 5, 1, 3, 2, 1, 5, 1, 43, 3, 5, 3, 1, 
720: 4, 4, 0, 1, 5, 2, 2, 0, 2, 5, 2, 0, 0, 0, 1, 2, 2, 3, 0, 0, 1, 0, 0, 0, 0, 1, 0, 0, 0, 1, 0, 0, 0, 0, 0, 0, 0, 0, 0, 2, : 4, 4, 1, 5, 2, 2, 2, 5, 2, 1, 2, 2, 3, 1, 1, 1, 2, 
171: 0, 0, 0, 0, 0, 0, 1, 44, 2, 0, 4, 0, 0, 0, 3, 0, 4, 2, 1, 0, 0, 1, 0, 0, 0, 3, 3, 0, 0, 41, 0, 0, 0, 0, 0, 0, 2, 2, 3, 5, : 1, 44, 2, 4, 3, 4, 2, 1, 1, 3, 3, 41, 2, 2, 3, 5, 
723: 2, 1, 2, 0, 3, 2, 0, 4, 43, 0, 0, 1, 0, 0, 3, 5, 5, 2, 0, 0, 0, 5, 4, 0, 40, 5, 40, 0, 0, 0, 1, 0, 0, 4, 1, 4, 0, 0, 2, 1, : 2, 1, 2, 3, 2, 4, 43, 1, 3, 5, 5, 2, 5, 4, 40, 5, 40, 1, 4, 1, 4, 2, 1, 
784: 0, 0, 3, 0, 4, 2, 44, 2, 0, 0, 3, 0, 0, 0, 2, 5, 3, 0, 0, 0, 0, 0, 0, 0, 1, 0, 3, 0, 5, 3, 0, 0, 43, 4, 43, 0, 5, 0, 0, 5, : 3, 4, 2, 44, 2, 3, 2, 5, 3, 1, 3, 5, 3, 43, 4, 43, 5, 5, 
494: 0, 0, 43, 3, 2, 2, 1, 0, 0, 0, 5, 2, 3, 5, 0, 4, 1, 5, 40, 0, 1, 1, 0, 0, 0, 1, 0, 4, 3, 0, 3, 0, 0, 0, 0, 0, 1, 2, 4, 4, : 43, 3, 2, 2, 1, 5, 2, 3, 5, 4, 1, 5, 40, 1, 1, 1, 4, 3, 3, 1, 2, 4, 4, 
480: 0, 0, 2, 0, 0, 5, 1, 0, 1, 40, 0, 0, 44, 0, 0, 40, 0, 1, 4, 0, 0, 3, 0, 0, 0, 40, 3, 1, 42, 0, 0, 2, 4, 5, 1, 0, 0, 0, 0, 3, : 2, 5, 1, 1, 40, 44, 40, 1, 4, 3, 40, 3, 1, 42, 2, 4, 5, 1, 3, 
658: 3, 0, 4, 0, 4, 0, 0, 0, 3, 4, 3, 0, 0, 1, 1, 0, 3, 1, 0, 0, 0, 0, 0, 0, 1, 0, 0, 0, 2, 0, 3, 0, 0, 0, 0, 41, 5, 0, 3, 0, : 3, 4, 4, 3, 4, 3, 1, 1, 3, 1, 1, 2, 3, 41, 5, 3, 
299: 0, 0, 2, 5, 3, 1, 0, 2, 3, 4, 5, 5, 43, 43, 0, 0, 1, 44, 0, 4, 0, 2, 2, 0, 0, 4, 0, 1, 0, 0, 1, 0, 3, 1, 0, 1, 0, 3, 5, 40, : 2, 5, 3, 1, 2, 3, 4, 5, 5, 43, 43, 1, 44, 4, 2, 2, 4, 1, 1, 3, 1, 1, 3, 5, 40, 
787: 0, 1, 0, 0, 4, 44, 2, 0, 0, 2, 42, 1, 0, 3, 0, 0, 5, 0, 3, 0, 2, 2, 0, 2, 0, 0, 0, 0, 0, 0, 0, 0, 0, 1, 0, 0, 0, 3, 2, 0, : 1, 4, 44, 2, 2, 42, 1, 3, 5, 3, 2, 2, 2, 1, 3, 2, 
451: 2, 0, 3, 0, 0, 4, 0, 0, 0, 1, 0, 0, 0, 2, 3, 1, 42, 0, 4, 1, 0, 4, 0, 4, 0, 2, 3, 4, 2, 5, 0, 0, 0, 0, 0, 1, 0, 5, 5, 0, : 2, 3, 4, 1, 2, 3, 1, 42, 4, 1, 4, 4, 2, 3, 4, 2, 5, 1, 5, 5, 
490: 0, 0, 5, 0, 4, 0, 0, 2, 0, 0, 0, 0, 0, 0, 0, 0, 4, 3, 5, 2, 0, 0, 0, 0, 43, 0, 4, 4, 0, 3, 3, 5, 4, 40, 1, 2, 41, 2, 4, 0, : 5, 4, 2, 4, 3, 5, 2, 43, 4, 4, 3, 3, 5, 4, 40, 1, 2, 41, 2, 4, 
77: 0, 0, 4, 1, 0, 4, 3, 3, 0, 5, 1, 5, 4, 0, 2, 5, 3, 4, 1, 0, 0, 1, 0, 0, 5, 0, 0, 2, 5, 0, 0, 0, 0, 2, 0, 2, 0, 4, 0, 5, : 4, 1, 4, 3, 3, 5, 1, 5, 4, 2, 5, 3, 4, 1, 1, 5, 2, 5, 2, 2, 4, 5, 
118: 0, 2, 2, 0, 0, 2, 5, 0, 5, 0, 0, 3, 4, 5, 5, 0, 1, 0, 0, 0, 0, 43, 2, 1, 0, 0, 3, 0, 0, 5, 5, 4, 0, 0, 4, 5, 0, 5, 0, 4, : 2, 2, 2, 5, 5, 3, 4, 5, 5, 1, 43, 2, 1, 3, 5, 5, 4, 4, 5, 5, 4, 
486: 2, 0, 4, 2, 3, 5, 4, 0, 5, 0, 3, 0, 0, 0, 2, 0, 2, 5, 4, 1, 5, 5, 3, 5, 0, 0, 2, 4, 0, 4, 0, 0, 4, 0, 0, 0, 4, 0, 0, 2, : 2, 4, 2, 3, 5, 4, 5, 3, 2, 2, 5, 4, 1, 5, 5, 3, 5, 2, 4, 4, 4, 4, 2, 
567: 42, 0, 4, 0, 1, 0, 0, 0, 0, 0, 4, 1, 0, 0, 5, 0, 5, 5, 0, 0, 4, 1, 0, 0, 0, 0, 0, 0, 0, 0, 43, 0, 0, 0, 1, 41, 0, 1, 5, 0, : 42, 4, 1, 4, 1, 5, 5, 5, 4, 1, 43, 1, 41, 1, 5, 
99: 43, 1, 0, 5, 0, 4, 0, 0, 3, 0, 1, 0, 0, 0, 40, 0, 3, 0, 3, 0, 0, 5, 5, 0, 0, 0, 4, 0, 0, 0, 0, 3, 0, 2, 0, 3, 43, 4, 1, 5, : 43, 1, 5, 4, 3, 1, 40, 3, 3, 5, 5, 4, 3, 2, 3, 43, 4, 1, 5, 
504: 0, 5, 0, 0, 0, 0, 0, 4, 0, 0, 2, 0, 0, 0, 4, 0, 1, 0, 3, 0, 0, 5, 0, 0, 2, 0, 0, 4, 0, 0, 0, 0, 0, 0, 5, 0, 2, 0, 2, 4, : 5, 4, 2, 4, 1, 3, 5, 2, 4, 5, 2, 2, 4, 
282: 0, 2, 4, 44, 2, 0, 0, 0, 2, 0, 4, 0, 0, 4, 2, 0, 1, 1, 0, 4, 0, 1, 3, 0, 5, 0, 0, 4, 42, 1, 1, 0, 0, 0, 0, 2, 0, 0, 1, 0, : 2, 4, 44, 2, 2, 4, 4, 2, 1, 1, 4, 1, 3, 5, 4, 42, 1, 1, 2, 1, 
530: 0, 5, 5, 3, 1, 0, 44, 0, 4, 1, 1, 0, 1, 3, 2, 0, 2, 3, 1, 1, 0, 5, 1, 0, 1, 0, 4, 4, 0, 0, 0, 0, 0, 0, 0, 2, 0, 4, 3, 1, : 5, 5, 3, 1, 44, 4, 1, 1, 1, 3, 2, 2, 3, 1, 1, 5, 1, 1, 4, 4, 2, 4, 3, 1, 
42: 0, 1, 3, 0, 0, 5, 3, 0, 3, 0, 4, 0, 0, 0, 5, 0, 4, 3, 0, 4, 4, 0, 0, 0, 5, 0, 0, 2, 1, 0, 0, 0, 0, 4, 0, 0, 0, 3, 4, 4, : 1, 3, 5, 3, 3, 4, 5, 4, 3, 4, 4, 5, 2, 1, 4, 3, 4, 4, 
201: 0, 1, 0, 40, 0, 0, 0, 1, 0, 4, 0, 3, 4, 0, 1, 1, 5, 0, 0, 0, 0, 1, 5, 0, 5, 0, 0, 0, 0, 0, 0, 44, 0, 0, 1, 1, 5, 1, 0, 1, : 1, 40, 1, 4, 3, 4, 1, 1, 5, 1, 5, 5, 44, 1, 1, 5, 1, 1, 
648: 5, 0, 2, 0, 5, 5, 2, 0, 2, 0, 1, 3, 0, 0, 1, 1, 0, 0, 0, 43, 0, 3, 1, 0, 2, 3, 0, 0, 0, 5, 0, 0, 0, 0, 44, 1, 2, 4, 1, 0, : 5, 2, 5, 5, 2, 2, 1, 3, 1, 1, 43, 3, 1, 2, 3, 5, 44, 1, 2, 4, 1, 
86: 0, 0, 0, 0, 0, 3, 0, 5, 3, 0, 2, 0, 5, 3, 3, 42, 2, 0, 0, 0, 0, 5, 3, 3, 0, 2, 0, 1, 0, 0, 0, 0, 0, 0, 4, 0, 0, 0, 0, 3, : 3, 5, 3, 2, 5, 3, 3, 42, 2, 5, 3, 3, 2, 1, 4, 3, 
243: 0, 41, 1, 1, 4, 4, 0, 2, 0, 2, 0, 43, 0, 0, 5, 1, 0, 0, 0, 2, 4, 0, 41, 0, 0, 0, 0, 5, 0, 0, 0, 2, 0, 41, 0, 1, 1, 5, 4, 2, : 41, 1, 1, 4, 4, 2, 2, 43, 5, 1, 2, 4, 41, 5, 2, 41, 1, 1, 5, 4, 2, 
751: 0, 0, 2, 0, 2, 1, 0, 0, 5, 0, 5, 1, 0, 0, 2, 1, 1, 3, 0, 0, 0, 3, 1, 1, 0, 0, 4, 5, 0, 0, 0, 0, 0, 0, 0, 0, 0, 0, 1, 0, : 2, 2, 1, 5, 5, 1, 2, 1, 1, 3, 3, 1, 1, 4, 5, 1, 
757: 0, 41, 0, 5, 2, 2, 1, 5, 5, 5, 2, 1, 2, 5, 0, 0, 2, 0, 0, 5, 1, 1, 0, 0, 0, 0, 0, 0, 0, 44, 43, 0, 5, 0, 0, 0, 2, 5, 1, 0, : 41, 5, 2, 2, 1, 5, 5, 5, 2, 1, 2, 5, 2, 5, 1, 1, 44, 43, 5, 2, 5, 1, 
678: 0, 1, 0, 0, 0, 4, 0, 0, 2, 0, 4, 0, 0, 0, 5, 1, 2, 2, 2, 0, 0, 2, 0, 0, 3, 0, 0, 5, 0, 0, 3, 4, 0, 0, 0, 0, 0, 3, 0, 0, : 1, 4, 2, 4, 5, 1, 2, 2, 2, 2, 3, 5, 3, 4, 3, 
187: 3, 0, 1, 0, 1, 0, 2, 43, 2, 40, 0, 0, 3, 0, 2, 3, 0, 2, 0, 0, 42, 0, 40, 5, 1, 5, 0, 5, 0, 5, 0, 1, 0, 1, 3, 1, 0, 5, 2, 3, : 3, 1, 1, 2, 43, 2, 40, 3, 2, 3, 2, 42, 40, 5, 1, 5, 5, 5, 1, 1, 3, 1, 5, 2, 3, 
608: 0, 0, 4, 5, 4, 4, 0, 0, 5, 0, 0, 0, 0, 40, 0, 0, 1, 1, 0, 2, 0, 3, 4, 0, 0, 1, 0, 1, 4, 3, 0, 0, 0, 3, 0, 0, 1, 1, 4, 3, : 4, 5, 4, 4, 5, 40, 1, 1, 2, 3, 4, 1, 1, 4, 3, 3, 1, 1, 4, 3, 
711: 0, 5, 1, 0, 40, 0, 0, 0, 1, 3, 0, 4, 3, 0, 0, 0, 1, 5, 3, 0, 0, 4, 0, 0, 1, 0, 0, 4, 0, 0, 4, 0, 1, 0, 0, 4, 0, 0, 0, 0, : 5, 1, 40, 1, 3, 4, 3, 1, 5, 3, 4, 1, 4, 4, 1, 4, 
643: 0, 0, 2, 0, 1, 2, 0, 0, 0, 0, 4, 0, 0, 0, 4, 4, 0, 1, 43, 40, 3, 1, 0, 3, 4, 0, 1, 0, 0, 0, 1, 0, 0, 2, 3, 0, 0, 4, 5, 5, : 2, 1, 2, 4, 4, 4, 1, 43, 40, 3, 1, 3, 4, 1, 1, 2, 3, 4, 5, 5, 
764: 4, 0, 2, 0, 2, 1, 0, 0, 5, 2, 2, 0, 0, 0, 4, 0, 0, 0, 0, 0, 0, 1, 3, 0, 0, 0, 4, 5, 0, 0, 0, 0, 41, 2, 0, 1, 0, 3, 42, 5, : 4, 2, 2, 1, 5, 2, 2, 4, 1, 3, 4, 5, 41, 2, 1, 3, 42, 5, 
768: 0, 1, 1, 0, 5, 0, 0, 3, 4, 0, 2, 41, 0, 1, 1, 0, 2, 0, 0, 3, 2, 0, 0, 5, 0, 0, 0, 0, 0, 0, 3, 0, 2, 0, 0, 1, 0, 0, 3, 0, : 1, 1, 5, 3, 4, 2, 41, 1, 1, 2, 3, 2, 5, 3, 2, 1, 3, 
386: 1, 5, 4, 1, 4, 0, 0, 0, 0, 0, 2, 0, 0, 0, 5, 0, 1, 3, 0, 0, 5, 0, 0, 0, 0, 42, 2, 0, 4, 0, 0, 5, 0, 1, 3, 0, 0, 1, 2, 3, : 1, 5, 4, 1, 4, 2, 5, 1, 3, 5, 42, 2, 4, 5, 1, 3, 1, 2, 3, 
651: 1, 0, 4, 0, 1, 2, 0, 0, 4, 0, 3, 0, 0, 0, 0, 0, 4, 5, 0, 0, 43, 3, 0, 0, 0, 2, 0, 3, 0, 0, 5, 5, 4, 0, 0, 0, 2, 1, 1, 2, : 1, 4, 1, 2, 4, 3, 4, 5, 43, 3, 2, 3, 5, 5, 4, 2, 1, 1, 2, 
730: 0, 0, 0, 0, 5, 1, 0, 0, 2, 0, 3, 2, 0, 0, 0, 0, 2, 5, 0, 0, 0, 0, 0, 44, 1, 2, 40, 42, 0, 0, 0, 1, 5, 0, 0, 3, 0, 42, 4, 2, : 5, 1, 2, 3, 2, 2, 5, 44, 1, 2, 40, 42, 1, 5, 3, 42, 4, 2, 
499: 0, 2, 0, 0, 0, 2, 0, 0, 3, 0, 0, 0, 0, 0, 0, 2, 0, 2, 0, 0, 3, 0, 2, 0, 0, 3, 0, 5, 0, 0, 0, 0, 0, 4, 1, 2, 0, 0, 3, 5, : 2, 2, 3, 2, 2, 3, 2, 3, 5, 4, 1, 2, 3, 5, 


577: 4, 41, 5, 0, 2, 0, 2, 3, 3, 0, 0, 0, 4, 5, 0, 3, 1, 0, 0, 1, 0, 4, 0, 5, 0, 0, 0, 4, 0, 4, 0, 1, 5, 3, 0, 4, 5, 0, 0, 2, : 4, 41, 5, 2, 2, 3, 3, 4, 5, 3, 1, 1, 4, 5, 4, 4, 1, 5, 3, 4, 5, 2, 
769: 1, 0, 0, 4, 0, 5, 0, 5, 1, 0, 3, 0, 0, 3, 0, 0, 1, 0, 0, 2, 0, 1, 1, 1, 5, 0, 2, 5, 0, 3, 3, 0, 3, 0, 0, 0, 0, 4, 1, 0, : 1, 4, 5, 5, 1, 3, 3, 1, 2, 1, 1, 1, 5, 2, 5, 3, 3, 3, 4, 1, 
173: 2, 4, 0, 4, 3, 0, 0, 1, 4, 0, 0, 44, 3, 1, 5, 4, 2, 2, 0, 40, 0, 4, 0, 4, 0, 5, 4, 5, 0, 3, 5, 2, 2, 0, 0, 2, 0, 2, 5, 4, : 2, 4, 4, 3, 1, 4, 44, 3, 1, 5, 4, 2, 2, 40, 4, 4, 5, 4, 5, 3, 5, 2, 2, 2, 2, 5, 4, 
180: 5, 0, 0, 0, 0, 5, 3, 1, 1, 0, 0, 0, 0, 1, 0, 2, 3, 4, 0, 4, 0, 5, 0, 1, 0, 2, 0, 0, 2, 5, 0, 2, 0, 1, 5, 4, 4, 0, 0, 0, : 5, 5, 3, 1, 1, 1, 2, 3, 4, 4, 5, 1, 2, 2, 5, 2, 1, 5, 4, 4, 
424: 0, 0, 1, 0, 4, 2, 2, 0, 4, 0, 2, 0, 0, 0, 0, 5, 4, 3, 0, 0, 1, 1, 0, 1, 0, 0, 0, 0, 5, 2, 3, 3, 1, 0, 0, 1, 0, 0, 0, 2, : 1, 4, 2, 2, 4, 2, 5, 4, 3, 1, 1, 1, 5, 2, 3, 3, 1, 1, 2, 
476: 1, 4, 0, 1, 0, 4, 0, 3, 3, 0, 0, 0, 1, 0, 0, 0, 3, 4, 0, 0, 0, 3, 5, 0, 0, 0, 4, 0, 42, 1, 1, 0, 5, 5, 0, 3, 0, 0, 0, 2, : 1, 4, 1, 4, 3, 3, 1, 3, 4, 3, 5, 4, 42, 1, 1, 5, 5, 3, 2, 
625: 2, 0, 3, 5, 3, 5, 0, 5, 2, 5, 5, 0, 0, 0, 40, 1, 1, 0, 0, 0, 0, 4, 1, 0, 0, 0, 3, 41, 2, 0, 0, 2, 1, 0, 0, 0, 0, 2, 0, 4, : 2, 3, 5, 3, 5, 5, 2, 5, 5, 40, 1, 1, 4, 1, 3, 41, 2, 2, 1, 2, 4, 
250: 3, 0, 0, 3, 5, 4, 0, 4, 5, 0, 0, 0, 42, 0, 0, 0, 0, 2, 0, 0, 0, 4, 1, 3, 2, 0, 40, 0, 0, 4, 0, 1, 42, 44, 0, 0, 1, 0, 0, 42, : 3, 3, 5, 4, 4, 5, 42, 2, 4, 1, 3, 2, 40, 4, 1, 42, 44, 1, 42, 
149: 2, 0, 0, 4, 0, 3, 0, 1, 1, 2, 0, 0, 5, 4, 0, 0, 0, 0, 1, 0, 0, 4, 0, 0, 0, 0, 4, 40, 0, 2, 3, 2, 2, 2, 4, 0, 0, 0, 0, 1, : 2, 4, 3, 1, 1, 2, 5, 4, 1, 4, 4, 40, 2, 3, 2, 2, 2, 4, 1, 
637: 0, 5, 44, 3, 2, 3, 0, 5, 0, 4, 3, 0, 3, 0, 3, 1, 5, 2, 2, 1, 4, 0, 0, 0, 0, 2, 0, 0, 0, 0, 0, 3, 2, 2, 0, 0, 0, 1, 0, 1, : 5, 44, 3, 2, 3, 5, 4, 3, 3, 3, 1, 5, 2, 2, 1, 4, 2, 3, 2, 2, 1, 1, 
457: 5, 2, 0, 0, 2, 3, 0, 1, 3, 0, 0, 2, 1, 0, 1, 5, 5, 0, 1, 4, 5, 4, 41, 0, 0, 1, 0, 0, 0, 1, 3, 0, 2, 0, 0, 0, 4, 0, 2, 2, : 5, 2, 2, 3, 1, 3, 2, 1, 1, 5, 5, 1, 4, 5, 4, 41, 1, 1, 3, 2, 4, 2, 2, 
575: 1, 4, 3, 0, 0, 0, 0, 0, 1, 0, 0, 0, 0, 0, 2, 0, 0, 0, 0, 4, 0, 4, 3, 0, 0, 0, 0, 0, 1, 0, 0, 1, 3, 3, 0, 0, 0, 0, 0, 1, : 1, 4, 3, 1, 2, 4, 4, 3, 1, 1, 3, 3, 1, 
502: 0, 0, 0, 0, 4, 0, 3, 3, 1, 3, 0, 0, 1, 5, 1, 0, 0, 2, 4, 2, 42, 4, 0, 0, 0, 0, 0, 1, 4, 0, 0, 5, 0, 1, 0, 41, 0, 1, 0, 3, : 4, 3, 3, 1, 3, 1, 5, 1, 2, 4, 2, 42, 4, 1, 4, 5, 1, 41, 1, 3, 
704: 43, 0, 0, 42, 0, 5, 0, 4, 4, 0, 40, 5, 1, 4, 0, 2, 1, 0, 1, 0, 0, 5, 2, 0, 0, 0, 0, 0, 42, 4, 0, 0, 1, 3, 2, 0, 4, 0, 2, 0, : 43, 42, 5, 4, 4, 40, 5, 1, 4, 2, 1, 1, 5, 2, 42, 4, 1, 3, 2, 4, 2, 
45: 0, 5, 5, 0, 1, 5, 2, 0, 4, 0, 44, 4, 2, 1, 1, 0, 3, 0, 5, 0, 41, 1, 2, 3, 5, 0, 0, 2, 3, 0, 0, 3, 2, 0, 0, 0, 5, 0, 40, 1, : 5, 5, 1, 5, 2, 4, 44, 4, 2, 1, 1, 3, 5, 41, 1, 2, 3, 5, 2, 3, 3, 2, 5, 40, 1, 
392: 4, 0, 2, 0, 4, 0, 0, 4, 4, 43, 0, 5, 0, 0, 3, 1, 2, 1, 5, 0, 0, 2, 42, 0, 0, 3, 0, 3, 0, 3, 1, 0, 0, 0, 3, 2, 0, 0, 4, 4, : 4, 2, 4, 4, 4, 43, 5, 3, 1, 2, 1, 5, 2, 42, 3, 3, 3, 1, 3, 2, 4, 4, 
563: 0, 0, 0, 0, 4, 0, 0, 0, 2, 0, 0, 1, 0, 0, 0, 2, 2, 0, 1, 4, 0, 5, 0, 0, 0, 0, 0, 0, 0, 2, 2, 42, 1, 4, 0, 0, 0, 0, 0, 0, : 4, 2, 1, 2, 2, 1, 4, 5, 2, 2, 42, 1, 4, 
325: 0, 0, 4, 0, 0, 2, 2, 4, 4, 0, 0, 4, 0, 3, 0, 0, 0, 1, 3, 0, 0, 5, 2, 5, 1, 44, 0, 0, 0, 3, 4, 0, 1, 1, 0, 2, 0, 0, 4, 2, : 4, 2, 2, 4, 4, 4, 3, 1, 3, 5, 2, 5, 1, 44, 3, 4, 1, 1, 2, 4, 2, 
477: 2, 0, 5, 0, 4, 1, 4, 1, 4, 3, 0, 0, 0, 4, 0, 2, 2, 0, 0, 0, 2, 3, 0, 0, 0, 0, 1, 0, 0, 5, 5, 1, 1, 0, 4, 1, 0, 0, 3, 1, : 2, 5, 4, 1, 4, 1, 4, 3, 4, 2, 2, 2, 3, 1, 5, 5, 1, 1, 4, 1, 3, 1, 
604: 0, 5, 0, 0, 3, 2, 0, 0, 4, 0, 4, 3, 0, 3, 0, 4, 3, 5, 0, 0, 0, 4, 3, 1, 0, 0, 0, 2, 0, 0, 2, 5, 1, 3, 1, 2, 1, 3, 2, 0, : 5, 3, 2, 4, 4, 3, 3, 4, 3, 5, 4, 3, 1, 2, 2, 5, 1, 3, 1, 2, 1, 3, 2, 
249: 1, 3, 0, 1, 1, 0, 1, 4, 3, 0, 0, 0, 0, 5, 0, 5, 3, 0, 0, 0, 0, 1, 2, 0, 2, 3, 0, 1, 0, 1, 3, 3, 3, 3, 0, 4, 44, 0, 0, 1, : 1, 3, 1, 1, 1, 4, 3, 5, 5, 3, 1, 2, 2, 3, 1, 1, 3, 3, 3, 3, 4, 44, 1, 
68: 2, 1, 0, 0, 0, 4, 0, 0, 3, 5, 4, 0, 40, 4, 5, 3, 3, 3, 3, 0, 0, 5, 0, 0, 0, 0, 5, 2, 1, 0, 40, 5, 4, 0, 0, 0, 0, 0, 0, 4, : 2, 1, 4, 3, 5, 4, 40, 4, 5, 3, 3, 3, 3, 5, 5, 2, 1, 40, 5, 4, 4, 
176: 5, 0, 0, 0, 0, 3, 0, 0, 1, 0, 0, 0, 0, 0, 0, 3, 2, 0, 2, 0, 3, 2, 0, 3, 0, 4, 0, 3, 0, 0, 5, 0, 2, 3, 5, 0, 0, 1, 0, 4, : 5, 3, 1, 3, 2, 2, 3, 2, 3, 4, 3, 5, 2, 3, 5, 1, 4, 
185: 4, 0, 0, 0, 5, 0, 0, 1, 4, 0, 0, 0, 0, 0, 0, 0, 0, 0, 0, 0, 5, 2, 1, 0, 1, 0, 0, 0, 0, 2, 1, 4, 5, 5, 0, 1, 4, 4, 0, 0, : 4, 5, 1, 4, 5, 2, 1, 1, 2, 1, 4, 5, 5, 1, 4, 4, 
82: 0, 0, 1, 0, 5, 0, 0, 0, 5, 1, 0, 0, 0, 3, 0, 0, 3, 0, 0, 43, 0, 4, 0, 0, 0, 0, 0, 2, 0, 4, 4, 2, 5, 0, 2, 0, 0, 4, 0, 4, : 1, 5, 5, 1, 3, 3, 43, 4, 2, 4, 4, 2, 5, 2, 4, 4, 
329: 2, 0, 0, 0, 3, 2, 3, 2, 3, 0, 0, 0, 0, 2, 0, 0, 5, 1, 3, 0, 0, 0, 0, 3, 5, 0, 0, 0, 0, 5, 2, 4, 5, 0, 42, 2, 0, 1, 0, 5, : 2, 3, 2, 3, 2, 3, 2, 5, 1, 3, 3, 5, 5, 2, 4, 5, 42, 2, 1, 5, 
111: 0, 0, 0, 43, 5, 5, 4, 4, 4, 4, 0, 0, 1, 4, 0, 0, 3, 0, 0, 0, 3, 2, 0, 44, 0, 1, 0, 0, 5, 3, 1, 4, 2, 3, 0, 0, 43, 0, 0, 0, : 43, 5, 5, 4, 4, 4, 4, 1, 4, 3, 3, 2, 44, 1, 5, 3, 1, 4, 2, 3, 43, 
444: 2, 0, 2, 0, 2, 41, 5, 0, 5, 0, 1, 0, 0, 0, 0, 44, 41, 0, 4, 0, 1, 5, 0, 0, 1, 5, 5, 0, 0, 0, 5, 2, 0, 1, 0, 0, 0, 0, 41, 4, : 2, 2, 2, 41, 5, 5, 1, 44, 41, 4, 1, 5, 1, 5, 5, 5, 2, 1, 41, 4, 
668: 2, 0, 0, 2, 42, 2, 1, 2, 0, 0, 4, 0, 0, 3, 3, 0, 0, 0, 0, 4, 0, 4, 1, 0, 0, 1, 0, 1, 3, 0, 1, 0, 4, 5, 0, 0, 0, 41, 4, 1, : 2, 2, 42, 2, 1, 2, 4, 3, 3, 4, 4, 1, 1, 1, 3, 1, 4, 5, 41, 4, 1, 
3: 4, 0, 0, 0, 0, 0, 0, 40, 5, 2, 0, 4, 5, 0, 0, 5, 4, 41, 0, 4, 0, 1, 0, 0, 4, 42, 1, 0, 0, 0, 2, 5, 0, 5, 1, 0, 0, 0, 4, 0, : 4, 40, 5, 2, 4, 5, 5, 4, 41, 4, 1, 4, 42, 1, 2, 5, 5, 1, 4, 
241: 1, 0, 0, 0, 1, 2, 1, 5, 1, 0, 0, 0, 0, 3, 0, 0, 1, 2, 0, 1, 5, 4, 2, 41, 4, 0, 0, 0, 0, 2, 2, 2, 0, 5, 4, 0, 0, 43, 0, 4, : 1, 1, 2, 1, 5, 1, 3, 1, 2, 1, 5, 4, 2, 41, 4, 2, 2, 2, 5, 4, 43, 4, 
52: 5, 0, 0, 0, 0, 0, 0, 3, 5, 0, 0, 2, 0, 4, 5, 0, 1, 41, 0, 0, 0, 4, 1, 0, 0, 0, 1, 3, 0, 0, 4, 0, 0, 0, 0, 0, 0, 0, 0, 3, : 5, 3, 5, 2, 4, 5, 1, 41, 4, 1, 1, 3, 4, 3, 
640: 5, 0, 0, 1, 2, 1, 2, 0, 3, 0, 0, 0, 0, 0, 1, 5, 0, 0, 0, 0, 0, 2, 2, 1, 0, 0, 40, 1, 0, 0, 5, 1, 4, 4, 5, 0, 0, 2, 0, 5, : 5, 1, 2, 1, 2, 3, 1, 5, 2, 2, 1, 40, 1, 5, 1, 4, 4, 5, 2, 5, 
644: 3, 0, 0, 0, 1, 0, 0, 1, 3, 4, 0, 0, 4, 4, 40, 5, 2, 3, 0, 3, 5, 3, 2, 1, 42, 0, 0, 0, 4, 5, 0, 1, 3, 3, 0, 0, 0, 0, 0, 0, : 3, 1, 1, 3, 4, 4, 4, 40, 5, 2, 3, 3, 5, 3, 2, 1, 42, 4, 5, 1, 3, 3, 
695: 4, 1, 0, 0, 0, 2, 0, 4, 5, 0, 2, 0, 2, 4, 0, 3, 0, 0, 44, 3, 0, 0, 0, 0, 41, 4, 4, 0, 0, 5, 3, 2, 3, 5, 1, 4, 0, 0, 0, 2, : 4, 1, 2, 4, 5, 2, 2, 4, 3, 44, 3, 41, 4, 4, 5, 3, 2, 3, 5, 1, 4, 2, 
28: 4, 0, 0, 0, 3, 2, 0, 0, 4, 0, 3, 41, 0, 0, 5, 5, 4, 1, 0, 0, 3, 3, 1, 0, 5, 0, 0, 1, 0, 3, 0, 0, 0, 0, 41, 43, 5, 5, 1, 3, : 4, 3, 2, 4, 3, 41, 5, 5, 4, 1, 3, 3, 1, 5, 1, 3, 41, 43, 5, 5, 1, 3, 
636: 1, 0, 44, 0, 1, 0, 41, 0, 2, 44, 0, 3, 0, 43, 0, 5, 1, 0, 41, 0, 0, 3, 5, 0, 0, 1, 0, 0, 5, 4, 2, 1, 2, 2, 0, 0, 0, 2, 4, 0, : 1, 44, 1, 41, 2, 44, 3, 43, 5, 1, 41, 3, 5, 1, 5, 4, 2, 1, 2, 2, 2, 4, 
639: 0, 0, 1, 0, 3, 3, 0, 4, 4, 0, 0, 0, 5, 1, 5, 3, 2, 0, 0, 0, 0, 0, 0, 1, 2, 2, 0, 1, 0, 1, 0, 5, 0, 0, 0, 4, 0, 3, 1, 3, : 1, 3, 3, 4, 4, 5, 1, 5, 3, 2, 1, 2, 2, 1, 1, 5, 4, 3, 1, 3, 
244: 0, 42, 0, 4, 0, 0, 0, 0, 3, 0, 5, 0, 0, 5, 0, 1, 4, 2, 0, 0, 0, 3, 0, 1, 0, 0, 4, 2, 0, 0, 4, 2, 2, 4, 0, 0, 0, 0, 2, 1, : 42, 4, 3, 5, 5, 1, 4, 2, 3, 1, 4, 2, 4, 2, 2, 4, 2, 1, 
709: 0, 3, 0, 3, 5, 4, 44, 5, 2, 0, 0, 2, 0, 1, 0, 1, 3, 0, 0, 0, 0, 5, 0, 1, 0, 0, 2, 0, 1, 43, 4, 4, 1, 0, 0, 0, 0, 1, 0, 4, : 3, 3, 5, 4, 44, 5, 2, 2, 1, 1, 3, 5, 1, 2, 1, 43, 4, 4, 1, 1, 4, 


596: 1, 3, 0, 3, 0, 0, 0, 4, 0, 0, 0, 1, 2, 41, 3, 0, 0, 0, 0, 0, 0, 0, 3, 3, 4, 0, 0, 4, 2, 0, 0, 2, 2, 3, 3, 1, 0, 0, 5, 4, : 1, 3, 3, 4, 1, 2, 41, 3, 3, 3, 4, 4, 2, 2, 2, 3, 3, 1, 5, 4, 
81: 2, 1, 0, 3, 3, 1, 0, 5, 0, 5, 5, 4, 1, 0, 0, 0, 0, 0, 1, 0, 0, 0, 0, 2, 5, 5, 0, 0, 0, 43, 0, 0, 2, 0, 0, 5, 0, 4, 0, 5, : 2, 1, 3, 3, 1, 5, 5, 5, 4, 1, 1, 2, 5, 5, 43, 2, 5, 4, 5, 
75: 5, 0, 1, 2, 5, 0, 4, 0, 5, 2, 1, 5, 5, 0, 2, 0, 3, 41, 41, 0, 0, 0, 1, 2, 5, 0, 3, 0, 0, 4, 0, 0, 40, 0, 0, 4, 0, 2, 1, 2, : 5, 1, 2, 5, 4, 5, 2, 1, 5, 5, 2, 3, 41, 41, 1, 2, 5, 3, 4, 40, 4, 2, 1, 2, 
671: 4, 3, 0, 5, 0, 0, 0, 2, 2, 1, 5, 44, 4, 3, 3, 3, 0, 0, 1, 0, 0, 2, 0, 3, 3, 41, 2, 0, 0, 0, 1, 4, 0, 0, 1, 0, 0, 1, 5, 5, : 4, 3, 5, 2, 2, 1, 5, 44, 4, 3, 3, 3, 1, 2, 3, 3, 41, 2, 1, 4, 1, 1, 5, 5, 
618: 4, 4, 0, 0, 3, 4, 5, 0, 0, 4, 0, 5, 2, 0, 41, 0, 0, 0, 0, 41, 4, 0, 0, 0, 0, 4, 0, 5, 0, 0, 4, 0, 0, 4, 0, 1, 3, 5, 4, 4, : 4, 4, 3, 4, 5, 4, 5, 2, 41, 41, 4, 4, 5, 4, 4, 1, 3, 5, 4, 4, 
634: 4, 3, 1, 5, 5, 3, 0, 1, 0, 3, 0, 5, 0, 0, 3, 0, 40, 0, 0, 2, 0, 0, 0, 2, 2, 4, 5, 0, 4, 4, 5, 0, 0, 0, 5, 3, 0, 3, 43, 1, : 4, 3, 1, 5, 5, 3, 1, 3, 5, 3, 40, 2, 2, 2, 4, 5, 4, 4, 5, 5, 3, 3, 43, 1, 
611: 3, 1, 0, 3, 0, 0, 1, 0, 1, 1, 2, 0, 3, 0, 43, 3, 0, 1, 0, 0, 0, 3, 0, 2, 1, 0, 0, 0, 0, 5, 0, 0, 0, 0, 3, 1, 5, 2, 1, 5, : 3, 1, 3, 1, 1, 1, 2, 3, 43, 3, 1, 3, 2, 1, 5, 3, 1, 5, 2, 1, 5, 
273: 3, 5, 5, 5, 0, 0, 0, 0, 5, 3, 0, 3, 1, 0, 0, 4, 0, 3, 0, 1, 4, 5, 0, 0, 0, 5, 0, 0, 0, 0, 0, 40, 0, 0, 1, 2, 0, 4, 0, 1, : 3, 5, 5, 5, 5, 3, 3, 1, 4, 3, 1, 4, 5, 5, 40, 1, 2, 4, 1, 
35: 4, 4, 0, 1, 2, 43, 0, 0, 2, 40, 0, 0, 0, 0, 4, 3, 0, 0, 5, 5, 1, 2, 44, 4, 5, 0, 42, 0, 0, 0, 40, 0, 0, 0, 1, 2, 0, 2, 3, 4, : 4, 4, 1, 2, 43, 2, 40, 4, 3, 5, 5, 1, 2, 44, 4, 5, 42, 40, 1, 2, 2, 3, 4, 
793: 1, 3, 0, 4, 5, 0, 0, 3, 5, 4, 0, 2, 2, 0, 0, 5, 0, 1, 0, 0, 0, 0, 0, 5, 4, 1, 0, 0, 2, 4, 0, 0, 2, 1, 0, 2, 0, 0, 0, 1, : 1, 3, 4, 5, 3, 5, 4, 2, 2, 5, 1, 5, 4, 1, 2, 4, 2, 1, 2, 1, 
272: 0, 0, 0, 1, 4, 0, 0, 0, 1, 0, 0, 3, 2, 5, 2, 41, 0, 0, 0, 1, 3, 0, 0, 0, 2, 0, 0, 0, 0, 2, 2, 0, 2, 0, 5, 2, 0, 0, 4, 1, : 1, 4, 1, 3, 2, 5, 2, 41, 1, 3, 2, 2, 2, 2, 5, 2, 4, 1, 
389: 0, 5, 40, 40, 4, 0, 44, 2, 3, 0, 5, 2, 3, 0, 0, 0, 0, 2, 1, 0, 0, 5, 3, 1, 4, 4, 0, 0, 0, 0, 0, 0, 40, 0, 0, 0, 0, 0, 0, 1, : 5, 40, 40, 4, 44, 2, 3, 5, 2, 3, 2, 1, 5, 3, 1, 4, 4, 40, 1, 
547: 4, 43, 1, 5, 3, 5, 2, 2, 0, 4, 0, 0, 1, 1, 0, 5, 2, 2, 0, 0, 44, 1, 2, 2, 4, 0, 0, 3, 0, 0, 0, 0, 0, 0, 0, 3, 0, 5, 5, 1, : 4, 43, 1, 5, 3, 5, 2, 2, 4, 1, 1, 5, 2, 2, 44, 1, 2, 2, 4, 3, 3, 5, 5, 1, 
65: 41, 0, 4, 1, 1, 2, 0, 1, 0, 0, 0, 2, 42, 5, 0, 3, 4, 0, 0, 3, 0, 0, 0, 43, 2, 0, 0, 0, 42, 0, 0, 0, 5, 0, 0, 0, 0, 3, 4, 1, : 41, 4, 1, 1, 2, 1, 2, 42, 5, 3, 4, 3, 43, 2, 42, 5, 3, 4, 1, 
265: 0, 4, 0, 4, 0, 1, 0, 5, 41, 0, 0, 1, 4, 0, 0, 0, 1, 2, 5, 5, 5, 0, 0, 1, 5, 2, 0, 0, 5, 0, 5, 2, 0, 0, 2, 1, 0, 4, 3, 1, : 4, 4, 1, 5, 41, 1, 4, 1, 2, 5, 5, 5, 1, 5, 2, 5, 5, 2, 2, 1, 4, 3, 1, 
352: 0, 1, 0, 0, 1, 4, 0, 4, 0, 2, 0, 1, 0, 0, 0, 5, 2, 0, 3, 0, 41, 0, 0, 0, 0, 41, 0, 0, 0, 0, 0, 0, 0, 0, 0, 0, 0, 5, 0, 1, : 1, 1, 4, 4, 2, 1, 5, 2, 3, 41, 41, 5, 1, 
206: 0, 4, 0, 0, 0, 0, 0, 3, 0, 0, 0, 3, 3, 3, 2, 2, 1, 5, 3, 0, 0, 5, 2, 0, 5, 1, 0, 0, 1, 4, 0, 1, 0, 0, 1, 0, 0, 4, 2, 1, : 4, 3, 3, 3, 3, 2, 2, 1, 5, 3, 5, 2, 5, 1, 1, 4, 1, 1, 4, 2, 1, 
482: 1, 3, 3, 0, 5, 0, 0, 40, 0, 1, 0, 0, 2, 0, 0, 0, 3, 2, 5, 43, 0, 0, 2, 5, 1, 0, 1, 4, 0, 0, 3, 4, 2, 0, 40, 3, 0, 0, 0, 0, : 1, 3, 3, 5, 40, 1, 2, 3, 2, 5, 43, 2, 5, 1, 1, 4, 3, 4, 2, 40, 3, 
101: 4, 0, 0, 2, 2, 0, 0, 4, 0, 0, 2, 0, 5, 2, 0, 2, 1, 0, 0, 3, 5, 0, 0, 1, 0, 0, 0, 0, 0, 0, 0, 0, 3, 0, 2, 0, 0, 3, 2, 4, : 4, 2, 2, 4, 2, 5, 2, 2, 1, 3, 5, 1, 3, 2, 3, 2, 4, 
252: 0, 5, 4, 4, 0, 0, 1, 0, 0, 2, 0, 0, 5, 0, 0, 4, 4, 1, 0, 4, 0, 0, 0, 0, 0, 0, 1, 0, 0, 0, 0, 0, 0, 4, 0, 5, 0, 0, 2, 0, : 5, 4, 4, 1, 2, 5, 4, 4, 1, 4, 1, 4, 5, 2, 
571: 2, 3, 4, 0, 2, 0, 5, 4, 0, 3, 0, 4, 1, 3, 0, 0, 0, 3, 0, 0, 0, 0, 4, 2, 0, 0, 0, 43, 0, 0, 0, 2, 0, 1, 0, 2, 0, 2, 4, 1, : 2, 3, 4, 2, 5, 4, 3, 4, 1, 3, 3, 4, 2, 43, 2, 1, 2, 2, 4, 1, 
324: 5, 1, 0, 4, 1, 0, 5, 0, 0, 3, 0, 0, 0, 0, 0, 5, 0, 0, 0, 0, 0, 0, 1, 5, 3, 0, 0, 0, 0, 0, 0, 5, 0, 0, 0, 2, 41, 5, 0, 0, : 5, 1, 4, 1, 5, 3, 5, 1, 5, 3, 5, 2, 41, 5, 
410: 0, 0, 0, 0, 4, 1, 2, 5, 0, 2, 0, 1, 3, 0, 1, 4, 41, 0, 0, 0, 2, 40, 0, 0, 3, 0, 0, 0, 3, 5, 0, 2, 2, 5, 0, 3, 5, 0, 5, 3, : 4, 1, 2, 5, 2, 1, 3, 1, 4, 41, 2, 40, 3, 3, 5, 2, 2, 5, 3, 5, 5, 3, 
224: 0, 5, 0, 4, 0, 0, 0, 2, 0, 5, 0, 4, 3, 0, 3, 2, 1, 2, 0, 0, 0, 5, 1, 5, 42, 0, 4, 4, 0, 0, 0, 0, 0, 0, 1, 4, 1, 42, 3, 2, : 5, 4, 2, 5, 4, 3, 3, 2, 1, 2, 5, 1, 5, 42, 4, 4, 1, 4, 1, 42, 3, 2, 
58: 0, 0, 4, 1, 0, 0, 0, 2, 0, 1, 2, 5, 0, 0, 1, 0, 3, 0, 0, 5, 0, 0, 2, 2, 0, 2, 0, 0, 2, 0, 5, 4, 0, 0, 2, 1, 3, 0, 0, 3, : 4, 1, 2, 1, 2, 5, 1, 3, 5, 2, 2, 2, 2, 5, 4, 2, 1, 3, 3, 
394: 4, 2, 0, 0, 4, 0, 0, 4, 1, 1, 0, 1, 0, 0, 0, 4, 0, 0, 0, 0, 0, 3, 4, 4, 1, 1, 4, 4, 43, 0, 0, 0, 0, 0, 0, 2, 4, 0, 1, 0, : 4, 2, 4, 4, 1, 1, 1, 4, 3, 4, 4, 1, 1, 4, 4, 43, 2, 4, 1, 
13: 2, 2, 0, 3, 0, 0, 0, 0, 1, 3, 0, 0, 5, 0, 3, 2, 3, 0, 0, 0, 5, 0, 41, 5, 0, 0, 5, 3, 0, 0, 0, 0, 3, 0, 41, 1, 0, 0, 3, 5, : 2, 2, 3, 1, 3, 5, 3, 2, 3, 5, 41, 5, 5, 3, 3, 41, 1, 3, 5, 
677: 0, 2, 0, 4, 1, 0, 0, 4, 0, 1, 0, 5, 2, 0, 0, 1, 0, 0, 5, 0, 0, 0, 0, 3, 1, 0, 3, 0, 3, 40, 0, 3, 0, 0, 0, 43, 0, 0, 5, 1, : 2, 4, 1, 4, 1, 5, 2, 1, 5, 3, 1, 3, 3, 40, 3, 43, 5, 1, 
430: 1, 5, 2, 2, 4, 2, 1, 0, 42, 3, 5, 5, 0, 44, 0, 4, 3, 0, 3, 0, 0, 0, 5, 0, 2, 0, 0, 43, 2, 0, 4, 40, 5, 40, 2, 0, 5, 0, 0, 5, : 1, 5, 2, 2, 4, 2, 1, 42, 3, 5, 5, 44, 4, 3, 3, 5, 2, 43, 2, 4, 40, 5, 40, 2, 5, 5, 
161: 1, 0, 43, 0, 5, 3, 0, 0, 0, 4, 0, 0, 0, 4, 2, 1, 0, 0, 0, 0, 0, 3, 0, 5, 1, 0, 5, 0, 0, 0, 0, 5, 4, 44, 0, 5, 0, 5, 0, 1, : 1, 43, 5, 3, 4, 4, 2, 1, 3, 5, 1, 5, 5, 4, 44, 5, 5, 1, 
701: 2, 1, 0, 0, 0, 0, 0, 3, 0, 1, 1, 1, 3, 0, 0, 1, 0, 1, 44, 0, 0, 0, 0, 2, 1, 4, 0, 0, 5, 0, 0, 4, 0, 0, 0, 0, 0, 0, 1, 42, : 2, 1, 3, 1, 1, 1, 3, 1, 1, 44, 2, 1, 4, 5, 4, 1, 42, 
680: 4, 2, 1, 1, 4, 42, 2, 0, 0, 3, 0, 0, 0, 3, 0, 1, 0, 0, 0, 0, 0, 4, 0, 0, 4, 0, 2, 0, 0, 3, 4, 0, 0, 4, 0, 3, 0, 2, 1, 1, : 4, 2, 1, 1, 4, 42, 2, 3, 3, 1, 4, 4, 2, 3, 4, 4, 3, 2, 1, 1, 
407: 1, 0, 0, 0, 0, 0, 4, 3, 4, 0, 1, 0, 0, 0, 0, 0, 0, 0, 0, 0, 0, 0, 0, 4, 2, 0, 0, 0, 0, 0, 0, 0, 4, 0, 2, 1, 4, 0, 0, 3, : 1, 4, 3, 4, 1, 4, 2, 4, 2, 1, 4, 3, 
279: 4, 0, 0, 0, 0, 3, 0, 2, 0, 5, 4, 0, 2, 4, 3, 0, 2, 2, 0, 0, 0, 0, 0, 0, 3, 0, 0, 5, 3, 0, 4, 0, 1, 0, 1, 3, 0, 0, 5, 2, : 4, 3, 2, 5, 4, 2, 4, 3, 2, 2, 3, 5, 3, 4, 1, 1, 3, 5, 2, 
645: 3, 1, 0, 0, 4, 0, 0, 5, 0, 0, 0, 3, 1, 0, 0, 1, 0, 3, 3, 5, 2, 0, 0, 0, 5, 5, 0, 0, 2, 5, 0, 0, 0, 5, 5, 3, 43, 5, 1, 1, : 3, 1, 4, 5, 3, 1, 1, 3, 3, 5, 2, 5, 5, 2, 5, 5, 5, 3, 43, 5, 1, 1, 
735: 1, 4, 0, 2, 1, 4, 3, 4, 0, 2, 42, 5, 0, 0, 1, 2, 0, 2, 0, 2, 0, 0, 1, 0, 0, 0, 43, 0, 0, 0, 43, 0, 0, 0, 0, 0, 4, 0, 5, 2, : 1, 4, 2, 1, 4, 3, 4, 2, 42, 5, 1, 2, 2, 2, 1, 43, 43, 4, 5, 2, 
462: 5, 0, 0, 4, 1, 0, 41, 4, 2, 2, 40, 4, 4, 0, 0, 3, 5, 4, 0, 0, 0, 42, 1, 0, 0, 0, 0, 1, 0, 0, 0, 2, 3, 0, 0, 5, 0, 3, 0, 0, : 5, 4, 1, 41, 4, 2, 2, 40, 4, 4, 3, 5, 4, 42, 1, 1, 2, 3, 5, 3, 
160: 2, 0, 0, 2, 0, 2, 0, 0, 5, 2, 0, 0, 3, 0, 2, 4, 0, 40, 0, 0, 0, 0, 3, 5, 0, 0, 0, 0, 0, 1, 0, 0, 0, 5, 0, 3, 0, 4, 1, 3, : 2, 2, 2, 5, 2, 3, 2, 4, 40, 3, 5, 1, 5, 3, 4, 1, 3, 
478: 0, 0, 5, 1, 4, 0, 0, 2, 0, 4, 5, 1, 2, 1, 0, 0, 0, 1, 0, 0, 0, 0, 0, 2, 0, 0, 0, 0, 1, 0, 0, 0, 0, 0, 0, 0, 2, 5, 1, 0, : 5, 1, 4, 2, 4, 5, 1, 2, 1, 1, 2, 1, 2, 5, 1, 
385: 2, 0, 2, 4, 42, 0, 0, 0, 0, 3, 0, 0, 4, 1, 1, 5, 1, 2, 0, 0, 4, 0, 0, 0, 0, 0, 0, 1, 0, 0, 0, 0, 0, 4, 2, 4, 0, 0, 0, 2, : 2, 2, 4, 42, 3, 4, 1, 1, 5, 1, 2, 4, 1, 4, 2, 4, 2, 


484: 0, 0, 2, 0, 0, 3, 0, 0, 1, 0, 0, 0, 0, 1, 0, 1, 1, 0, 0, 2, 0, 0, 0, 0, 2, 0, 0, 0, 3, 0, 0, 3, 5, 4, 2, 0, 0, 0, 2, 0, : 2, 3, 1, 1, 1, 1, 2, 2, 3, 3, 5, 4, 2, 2, 
296: 0, 4, 2, 5, 1, 2, 43, 1, 5, 0, 0, 0, 0, 0, 1, 1, 0, 3, 0, 42, 0, 0, 5, 0, 1, 3, 0, 0, 4, 0, 0, 0, 1, 3, 1, 1, 0, 3, 3, 0, : 4, 2, 5, 1, 2, 43, 1, 5, 1, 1, 3, 42, 5, 1, 3, 4, 1, 3, 1, 1, 3, 3, 
607: 2, 2, 4, 2, 0, 0, 3, 40, 4, 0, 4, 0, 0, 1, 1, 1, 1, 1, 2, 4, 0, 0, 0, 0, 0, 0, 0, 1, 5, 0, 3, 2, 3, 3, 4, 0, 0, 0, 4, 3, : 2, 2, 4, 2, 3, 40, 4, 4, 1, 1, 1, 1, 1, 2, 4, 1, 5, 3, 2, 3, 3, 4, 4, 3, 
314: 4, 0, 1, 0, 0, 1, 0, 0, 1, 3, 4, 0, 5, 0, 3, 0, 0, 0, 0, 3, 3, 0, 0, 2, 0, 0, 4, 0, 0, 0, 0, 0, 40, 4, 1, 0, 0, 0, 0, 5, : 4, 1, 1, 1, 3, 4, 5, 3, 3, 3, 2, 4, 40, 4, 1, 5, 
721: 0, 2, 1, 0, 5, 0, 0, 0, 1, 0, 0, 0, 3, 0, 4, 0, 0, 0, 0, 0, 1, 0, 0, 0, 0, 40, 0, 0, 0, 4, 0, 0, 3, 0, 5, 0, 0, 0, 0, 3, : 2, 1, 5, 1, 3, 4, 1, 40, 4, 3, 5, 3, 
669: 0, 0, 5, 5, 0, 0, 1, 2, 0, 0, 0, 0, 0, 0, 5, 5, 4, 0, 5, 0, 0, 3, 4, 0, 0, 0, 0, 0, 1, 0, 0, 0, 0, 5, 3, 2, 4, 0, 0, 43, : 5, 5, 1, 2, 5, 5, 4, 5, 3, 4, 1, 5, 3, 2, 4, 43, 
72: 0, 0, 0, 5, 0, 2, 0, 4, 4, 0, 2, 4, 0, 3, 4, 0, 0, 5, 0, 0, 1, 0, 43, 0, 0, 0, 1, 0, 5, 0, 0, 0, 5, 2, 4, 5, 4, 3, 3, 0, : 5, 2, 4, 4, 2, 4, 3, 4, 5, 1, 43, 1, 5, 5, 2, 4, 5, 4, 3, 3, 
262: 5, 5, 41, 0, 2, 0, 2, 0, 0, 0, 1, 0, 0, 0, 1, 3, 2, 0, 0, 0, 0, 0, 1, 0, 0, 0, 0, 3, 1, 1, 5, 3, 0, 0, 3, 2, 0, 0, 0, 4, : 5, 5, 41, 2, 2, 1, 1, 3, 2, 1, 3, 1, 1, 5, 3, 3, 2, 4, 
437: 0, 1, 4, 0, 0, 0, 3, 0, 4, 0, 2, 3, 5, 0, 4, 0, 41, 0, 4, 0, 0, 2, 0, 0, 1, 5, 0, 3, 3, 0, 0, 0, 1, 0, 0, 0, 0, 0, 0, 1, : 1, 4, 3, 4, 2, 3, 5, 4, 41, 4, 2, 1, 5, 3, 3, 1, 1, 
303: 0, 3, 0, 3, 0, 3, 0, 0, 1, 0, 5, 0, 0, 0, 2, 0, 0, 1, 4, 0, 5, 42, 0, 0, 0, 0, 2, 5, 4, 0, 0, 0, 44, 0, 5, 0, 5, 0, 0, 5, : 3, 3, 3, 1, 5, 2, 1, 4, 5, 42, 2, 5, 4, 44, 5, 5, 5, 
311: 2, 0, 3, 0, 5, 0, 0, 0, 3, 0, 1, 0, 3, 1, 5, 0, 0, 0, 0, 0, 0, 0, 3, 0, 0, 0, 1, 0, 0, 1, 0, 0, 4, 1, 40, 1, 2, 2, 0, 4, : 2, 3, 5, 3, 1, 3, 1, 5, 3, 1, 1, 4, 1, 40, 1, 2, 2, 4, 
507: 0, 0, 4, 2, 0, 3, 0, 0, 4, 0, 1, 0, 1, 0, 2, 0, 0, 0, 0, 1, 0, 0, 0, 0, 41, 0, 3, 42, 1, 1, 1, 0, 0, 0, 0, 0, 0, 2, 0, 0, : 4, 2, 3, 4, 1, 1, 2, 1, 41, 3, 42, 1, 1, 1, 2, 
9: 0, 44, 5, 1, 0, 40, 0, 5, 0, 0, 4, 40, 0, 0, 4, 0, 0, 5, 4, 40, 0, 2, 0, 0, 1, 0, 2, 0, 3, 3, 0, 1, 0, 0, 2, 0, 0, 0, 4, 5, : 44, 5, 1, 40, 5, 4, 40, 4, 5, 4, 40, 2, 1, 2, 3, 3, 1, 2, 4, 5, 
229: 4, 4, 0, 0, 0, 3, 2, 0, 3, 2, 1, 0, 43, 0, 4, 0, 0, 0, 5, 0, 4, 0, 0, 0, 4, 0, 0, 0, 2, 0, 0, 3, 4, 5, 4, 1, 0, 2, 0, 0, : 4, 4, 3, 2, 3, 2, 1, 43, 4, 5, 4, 4, 2, 3, 4, 5, 4, 1, 2, 
237: 43, 0, 3, 0, 0, 2, 0, 0, 4, 0, 5, 0, 0, 3, 3, 0, 0, 4, 0, 2, 0, 0, 0, 0, 0, 0, 0, 0, 2, 0, 0, 5, 0, 3, 0, 0, 0, 1, 1, 5, : 43, 3, 2, 4, 5, 3, 3, 4, 2, 2, 5, 3, 1, 1, 5, 
308: 0, 3, 3, 0, 1, 0, 1, 1, 0, 0, 2, 0, 1, 4, 3, 43, 0, 0, 1, 0, 0, 0, 1, 43, 2, 1, 2, 2, 5, 41, 0, 0, 0, 0, 2, 5, 0, 2, 0, 0, : 3, 3, 1, 1, 1, 2, 1, 4, 3, 43, 1, 1, 43, 2, 1, 2, 2, 5, 41, 2, 5, 2, 
318: 0, 4, 1, 0, 0, 0, 2, 0, 3, 3, 3, 0, 0, 0, 0, 0, 0, 2, 4, 5, 2, 0, 1, 5, 2, 0, 4, 0, 5, 3, 0, 0, 0, 5, 5, 0, 0, 0, 2, 0, : 4, 1, 2, 3, 3, 3, 2, 4, 5, 2, 1, 5, 2, 4, 5, 3, 5, 5, 2, 
309: 0, 3, 0, 1, 0, 2, 3, 0, 0, 0, 1, 3, 0, 2, 0, 3, 2, 42, 0, 5, 0, 1, 1, 5, 40, 0, 5, 0, 2, 3, 0, 3, 4, 3, 1, 0, 2, 4, 0, 0, : 3, 1, 2, 3, 1, 3, 2, 3, 2, 42, 5, 1, 1, 5, 40, 5, 2, 3, 3, 4, 3, 1, 2, 4, 
225: 0, 1, 2, 0, 1, 0, 0, 2, 2, 44, 5, 0, 1, 0, 1, 0, 0, 42, 2, 2, 3, 5, 0, 2, 1, 5, 0, 2, 0, 1, 0, 0, 1, 0, 0, 1, 0, 3, 44, 0, : 1, 2, 1, 2, 2, 44, 5, 1, 1, 42, 2, 2, 3, 5, 2, 1, 5, 2, 1, 1, 1, 3, 44, 
233: 0, 0, 3, 0, 0, 0, 5, 41, 0, 0, 4, 44, 2, 0, 0, 0, 43, 0, 0, 0, 2, 2, 3, 0, 0, 0, 0, 0, 0, 0, 42, 0, 0, 4, 4, 3, 4, 0, 0, 2, : 3, 5, 41, 4, 44, 2, 43, 2, 2, 3, 42, 4, 4, 3, 4, 2, 
361: 0, 0, 3, 0, 0, 4, 0, 0, 4, 0, 4, 0, 0, 44, 3, 0, 3, 0, 0, 1, 0, 1, 0, 0, 3, 44, 3, 0, 0, 0, 0, 0, 0, 0, 1, 0, 0, 41, 2, 5, : 3, 4, 4, 4, 44, 3, 3, 1, 1, 3, 44, 3, 1, 41, 2, 5, 
597: 4, 0, 0, 0, 42, 0, 0, 0, 4, 3, 0, 0, 0, 0, 0, 0, 0, 0, 0, 0, 5, 0, 0, 5, 0, 0, 0, 2, 4, 0, 3, 0, 0, 4, 0, 0, 0, 0, 5, 1, : 4, 42, 4, 3, 5, 5, 2, 4, 3, 4, 5, 1, 
146: 0, 0, 1, 0, 43, 0, 0, 3, 0, 0, 0, 0, 0, 0, 3, 1, 4, 1, 0, 5, 1, 2, 5, 0, 1, 0, 0, 0, 0, 1, 43, 0, 3, 0, 0, 42, 44, 0, 0, 3, : 1, 43, 3, 3, 1, 4, 1, 5, 1, 2, 5, 1, 1, 43, 3, 42, 44, 3, 
355: 0, 0, 5, 0, 0, 1, 0, 2, 3, 0, 0, 0, 0, 1, 3, 1, 0, 0, 2, 1, 5, 4, 0, 0, 1, 0, 1, 5, 0, 1, 1, 5, 0, 1, 3, 0, 2, 0, 2, 1, : 5, 1, 2, 3, 1, 3, 1, 2, 1, 5, 4, 1, 1, 5, 1, 1, 5, 1, 3, 2, 2, 1, 
328: 0, 3, 4, 0, 1, 1, 0, 0, 2, 0, 0, 1, 0, 0, 5, 0, 0, 1, 0, 0, 0, 1, 0, 0, 1, 5, 0, 0, 5, 2, 1, 0, 0, 4, 0, 1, 0, 43, 0, 1, : 3, 4, 1, 1, 2, 1, 5, 1, 1, 1, 5, 5, 2, 1, 4, 1, 43, 1, 
371: 0, 1, 2, 0, 4, 1, 0, 0, 3, 0, 5, 0, 0, 0, 0, 0, 4, 0, 0, 0, 3, 0, 44, 4, 3, 0, 0, 1, 4, 3, 0, 0, 0, 3, 1, 4, 0, 0, 0, 4, : 1, 2, 4, 1, 3, 5, 4, 3, 44, 4, 3, 1, 4, 3, 3, 1, 4, 4, 
195: 0, 5, 1, 0, 0, 1, 0, 5, 3, 4, 1, 5, 1, 0, 0, 0, 0, 1, 41, 0, 0, 0, 0, 0, 0, 0, 0, 4, 1, 2, 3, 42, 0, 0, 0, 0, 0, 0, 0, 0, : 5, 1, 1, 5, 3, 4, 1, 5, 1, 1, 41, 4, 1, 2, 3, 42, 
633: 0, 2, 2, 0, 3, 0, 0, 4, 40, 0, 5, 0, 1, 0, 2, 0, 0, 5, 2, 0, 0, 1, 0, 2, 3, 0, 1, 0, 43, 0, 0, 0, 0, 5, 0, 0, 3, 2, 1, 0, : 2, 2, 3, 4, 40, 5, 1, 2, 5, 2, 1, 2, 3, 1, 43, 5, 3, 2, 1, 
514: 5, 2, 0, 0, 1, 0, 0, 0, 0, 0, 0, 5, 5, 5, 0, 43, 0, 1, 41, 0, 3, 0, 5, 0, 5, 3, 0, 2, 0, 1, 0, 0, 0, 3, 0, 0, 0, 4, 0, 3, : 5, 2, 1, 5, 5, 5, 43, 1, 41, 3, 5, 5, 3, 2, 1, 3, 4, 3, 
316: 0, 4, 0, 4, 0, 0, 3, 2, 3, 44, 1, 3, 0, 2, 1, 0, 3, 0, 0, 0, 0, 0, 0, 0, 1, 5, 0, 0, 1, 0, 0, 0, 1, 1, 5, 0, 0, 0, 0, 2, : 4, 4, 3, 2, 3, 44, 1, 3, 2, 1, 3, 1, 5, 1, 1, 1, 5, 2, 
375: 2, 4, 0, 0, 0, 0, 0, 0, 2, 2, 4, 0, 0, 0, 3, 2, 0, 1, 0, 0, 1, 41, 2, 0, 0, 0, 0, 1, 4, 5, 0, 5, 0, 5, 3, 41, 5, 0, 0, 0, : 2, 4, 2, 2, 4, 3, 2, 1, 1, 41, 2, 1, 4, 5, 5, 5, 3, 41, 5, 
744: 4, 2, 1, 5, 0, 42, 0, 0, 2, 0, 1, 0, 0, 0, 0, 5, 5, 0, 0, 0, 0, 5, 0, 0, 1, 1, 0, 0, 5, 0, 0, 41, 0, 3, 0, 0, 0, 0, 0, 1, : 4, 2, 1, 5, 42, 2, 1, 5, 5, 5, 1, 1, 5, 41, 3, 1, 
795: 0, 3, 2, 43, 0, 2, 0, 0, 2, 0, 0, 5, 40, 0, 0, 5, 0, 0, 0, 0, 0, 0, 0, 44, 0, 3, 1, 0, 0, 0, 0, 3, 0, 3, 0, 4, 0, 0, 0, 0, : 3, 2, 43, 2, 2, 5, 40, 5, 44, 3, 1, 3, 3, 4, 
211: 0, 1, 0, 0, 2, 0, 0, 1, 0, 0, 1, 2, 0, 3, 3, 1, 3, 0, 0, 5, 0, 0, 0, 0, 3, 3, 44, 44, 0, 0, 3, 0, 0, 1, 3, 0, 0, 0, 41, 4, : 1, 2, 1, 1, 2, 3, 3, 1, 3, 5, 3, 3, 44, 44, 3, 1, 3, 41, 4, 
748: 0, 5, 3, 0, 0, 0, 0, 2, 2, 5, 1, 0, 4, 43, 0, 0, 0, 0, 0, 0, 41, 4, 1, 4, 0, 0, 0, 0, 0, 0, 0, 0, 1, 0, 3, 0, 0, 1, 5, 4, : 5, 3, 2, 2, 5, 1, 4, 43, 41, 4, 1, 4, 1, 3, 1, 5, 4, 
796: 4, 0, 0, 43, 0, 0, 43, 0, 2, 0, 42, 4, 0, 0, 2, 4, 0, 0, 0, 0, 0, 0, 0, 0, 0, 0, 3, 0, 3, 1, 4, 1, 0, 0, 5, 3, 0, 0, 0, 1, : 4, 43, 43, 2, 42, 4, 2, 4, 3, 3, 1, 4, 1, 5, 3, 1, 
43: 41, 5, 2, 0, 0, 0, 4, 0, 0, 4, 5, 0, 1, 0, 2, 1, 0, 5, 0, 0, 40, 0, 0, 0, 1, 1, 43, 1, 0, 2, 0, 0, 0, 1, 2, 0, 1, 3, 0, 0, : 41, 5, 2, 4, 4, 5, 1, 2, 1, 5, 40, 1, 1, 43, 1, 2, 1, 2, 1, 3, 
727: 0, 1, 3, 0, 5, 1, 5, 5, 5, 0, 5, 1, 0, 3, 0, 0, 0, 0, 0, 0, 0, 4, 0, 0, 0, 0, 0, 0, 1, 0, 4, 3, 0, 0, 0, 0, 0, 0, 0, 5, : 1, 3, 5, 1, 5, 5, 5, 5, 1, 3, 4, 1, 4, 3, 5, 
572: 0, 1, 3, 0, 0, 2, 0, 0, 0, 3, 0, 0, 0, 4, 42, 0, 4, 0, 0, 1, 0, 0, 1, 0, 2, 1, 0, 2, 1, 43, 2, 0, 0, 1, 5, 0, 0, 0, 0, 4, : 1, 3, 2, 3, 4, 42, 4, 1, 1, 2, 1, 2, 1, 43, 2, 1, 5, 4, 
356: 0, 5, 4, 1, 4, 4, 0, 0, 3, 3, 0, 0, 4, 0, 4, 0, 0, 0, 3, 1, 0, 0, 0, 4, 0, 0, 0, 0, 2, 1, 5, 0, 0, 43, 3, 4, 44, 4, 1, 1, : 5, 4, 1, 4, 4, 3, 3, 4, 4, 3, 1, 4, 2, 1, 5, 43, 3, 4, 44, 4, 1, 1, 


