
120
800
405
10

102: 0, 0, 0, 10, 0, 0, 10, 10, 0, 0, 10, 0, 10, 0, 10, 0, 0, 0, 10, 0, 10, 0, 0, 0, 0, 0, 10, 10, 10, 10, 0, 10, 0, 10, 0, 0, 0, 0, 10, 10, 0, 10, 10, 0, 0, 10, 0, 0, 10, 0, 0, 0, 0, 10, 0, 10, 0, 10, 10, 0, 0, 10, 0, 0, 0, 16, 10, 10, 10, 10, 10, 0, 0, 0, 10, 10, 0, 0, 0, 0, 10, 3, 10, 10, 0, 10, 10, 0, 10, 0, 0, 0, 0, 13, 10, 0, 0, 0, 0, 10, 10, 10, 0, 0, 10, 0, 10, 10, 10, 10, 0, 0, 10, 0, 10, 10, 0, 10, 0, 10, : 10, 10, 10, 10, 10, 10, 10, 10, 10, 10, 10, 10, 10, 10, 10, 10, 10, 10, 10, 10, 10, 10, 10, 10, 10, 16, 10, 10, 10, 10, 10, 10, 10, 10, 3, 10, 10, 10, 10, 10, 13, 10, 10, 10, 10, 10, 10, 10, 10, 10, 10, 10, 10, 10, 10, 
498: 10, 10, 0, 10, 10, 10, 10, 10, 10, 10, 10, 10, 10, 10, 0, 0, 0, 10, 0, 0, 10, 0, 10, 10, 10, 0, 0, 0, 18, 10, 10, 10, 10, 0, 0, 0, 0, 10, 0, 10, 10, 0, 0, 10, 10, 0, 0, 0, 10, 0, 10, 10, 0, 10, 7, 0, 7, 0, 0, 10, 10, 10, 10, 0, 10, 0, 10, 0, 2, 0, 0, 10, 0, 10, 0, 0, 15, 0, 0, 0, 0, 0, 10, 0, 0, 10, 0, 10, 0, 0, 1, 10, 10, 0, 0, 3, 10, 0, 10, 1, 0, 0, 0, 10, 10, 10, 10, 10, 0, 10, 0, 10, 1, 0, 0, 10, 10, 10, 10, 0, : 10, 10, 10, 10, 10, 10, 10, 10, 10, 10, 10, 10, 10, 10, 10, 10, 10, 10, 18, 10, 10, 10, 10, 10, 10, 10, 10, 10, 10, 10, 10, 10, 7, 7, 10, 10, 10, 10, 10, 10, 2, 10, 10, 15, 10, 10, 10, 1, 10, 10, 3, 10, 10, 1, 10, 10, 10, 10, 10, 10, 10, 1, 10, 10, 10, 10, 
7: 10, 10, 10, 0, 0, 10, 10, 1, 0, 0, 10, 0, 0, 0, 10, 0, 10, 10, 0, 10, 0, 0, 0, 0, 0, 0, 0, 10, 10, 0, 0, 0, 0, 10, 1, 10, 10, 0, 10, 10, 10, 10, 0, 0, 0, 0, 0, 0, 10, 10, 10, 18, 0, 0, 0, 0, 10, 1, 0, 0, 10, 10, 0, 0, 0, 10, 0, 10, 0, 0, 10, 10, 10, 10, 10, 2, 10, 10, 0, 10, 10, 10, 10, 10, 10, 0, 10, 0, 10, 0, 0, 0, 10, 10, 10, 0, 10, 0, 10, 10, 0, 0, 0, 10, 10, 0, 0, 10, 0, 0, 0, 10, 0, 0, 10, 10, 0, 10, 10, 10, : 10, 10, 10, 10, 10, 1, 10, 10, 10, 10, 10, 10, 10, 10, 1, 10, 10, 10, 10, 10, 10, 10, 10, 10, 18, 10, 1, 10, 10, 10, 10, 10, 10, 10, 10, 10, 2, 10, 10, 10, 10, 10, 10, 10, 10, 10, 10, 10, 10, 10, 10, 10, 10, 10, 10, 10, 10, 10, 10, 10, 10, 10, 
486: 10, 10, 10, 10, 0, 0, 10, 0, 0, 3, 0, 0, 0, 10, 2, 0, 10, 0, 0, 10, 0, 0, 0, 0, 10, 0, 10, 0, 0, 10, 0, 10, 0, 10, 10, 0, 10, 0, 10, 10, 0, 10, 10, 10, 0, 0, 0, 10, 0, 0, 10, 0, 0, 10, 10, 10, 1, 0, 0, 0, 0, 10, 0, 3, 0, 0, 10, 0, 0, 10, 10, 10, 0, 0, 10, 0, 10, 0, 10, 10, 10, 10, 10, 0, 10, 0, 0, 10, 0, 0, 3, 10, 0, 10, 10, 1, 0, 0, 3, 0, 10, 0, 0, 0, 10, 10, 0, 1, 15, 0, 20, 10, 0, 10, 0, 10, 10, 10, 0, 0, : 10, 10, 10, 10, 10, 3, 10, 2, 10, 10, 10, 10, 10, 10, 10, 10, 10, 10, 10, 10, 10, 10, 10, 10, 10, 10, 10, 1, 10, 3, 10, 10, 10, 10, 10, 10, 10, 10, 10, 10, 10, 10, 10, 3, 10, 10, 10, 1, 3, 10, 10, 10, 1, 15, 20, 10, 10, 10, 10, 10, 
192: 0, 0, 10, 0, 0, 10, 10, 0, 0, 0, 10, 0, 0, 10, 10, 10, 10, 10, 10, 10, 10, 10, 10, 0, 10, 10, 0, 10, 10, 0, 0, 10, 10, 0, 10, 10, 10, 0, 17, 10, 0, 0, 10, 0, 10, 0, 10, 10, 0, 0, 0, 0, 10, 0, 10, 0, 0, 10, 10, 0, 10, 10, 10, 0, 10, 0, 0, 10, 0, 0, 0, 10, 0, 0, 0, 0, 10, 10, 10, 0, 0, 1, 10, 10, 10, 10, 0, 0, 10, 10, 0, 0, 0, 10, 0, 0, 0, 0, 0, 0, 10, 10, 20, 10, 0, 10, 10, 10, 0, 0, 10, 0, 0, 10, 0, 10, 0, 0, 0, 0, : 10, 10, 10, 10, 10, 10, 10, 10, 10, 10, 10, 10, 10, 10, 10, 10, 10, 10, 10, 10, 10, 10, 10, 17, 10, 10, 10, 10, 10, 10, 10, 10, 10, 10, 10, 10, 10, 10, 10, 10, 10, 10, 1, 10, 10, 10, 10, 10, 10, 10, 10, 10, 20, 10, 10, 10, 10, 10, 10, 10, 
17: 10, 0, 10, 10, 10, 0, 0, 10, 10, 0, 10, 10, 10, 10, 10, 10, 0, 10, 5, 10, 0, 10, 10, 0, 10, 10, 0, 10, 5, 0, 10, 0, 10, 10, 0, 0, 0, 0, 10, 0, 10, 0, 0, 10, 0, 0, 10, 0, 0, 10, 0, 10, 0, 10, 0, 0, 10, 10, 0, 10, 10, 10, 10, 0, 0, 10, 0, 0, 0, 0, 0, 0, 0, 10, 0, 0, 10, 10, 0, 8, 10, 0, 10, 10, 0, 10, 0, 10, 10, 0, 10, 0, 10, 0, 0, 10, 0, 10, 10, 10, 0, 10, 0, 10, 10, 0, 10, 0, 0, 0, 10, 6, 0, 0, 0, 10, 10, 10, 10, 10, : 10, 10, 10, 10, 10, 10, 10, 10, 10, 10, 10, 10, 10, 5, 10, 10, 10, 10, 10, 10, 5, 10, 10, 10, 10, 10, 10, 10, 10, 10, 10, 10, 10, 10, 10, 10, 10, 10, 10, 10, 10, 8, 10, 10, 10, 10, 10, 10, 10, 10, 10, 10, 10, 10, 10, 10, 10, 10, 10, 6, 10, 10, 10, 10, 10, 
598: 10, 10, 10, 10, 10, 10, 10, 0, 10, 10, 0, 0, 10, 10, 10, 0, 0, 0, 0, 10, 0, 10, 10, 0, 10, 10, 0, 10, 10, 10, 10, 0, 0, 0, 10, 2, 0, 10, 0, 0, 10, 10, 10, 10, 0, 0, 10, 0, 10, 0, 0, 0, 10, 0, 10, 0, 10, 0, 0, 10, 10, 10, 10, 0, 0, 10, 10, 0, 10, 10, 10, 0, 10, 10, 1, 0, 0, 5, 8, 0, 0, 0, 10, 10, 0, 0, 0, 10, 10, 0, 10, 0, 10, 0, 10, 0, 0, 10, 0, 10, 0, 10, 10, 0, 0, 0, 10, 0, 0, 5, 10, 10, 0, 10, 0, 0, 10, 10, 10, 0, : 10, 10, 10, 10, 10, 10, 10, 10, 10, 10, 10, 10, 10, 10, 10, 10, 10, 10, 10, 10, 10, 10, 2, 10, 10, 10, 10, 10, 10, 10, 10, 10, 10, 10, 10, 10, 10, 10, 10, 10, 10, 10, 10, 10, 1, 5, 8, 10, 10, 10, 10, 10, 10, 10, 10, 10, 10, 10, 10, 5, 10, 10, 10, 10, 10, 10, 
546: 10, 0, 10, 0, 0, 10, 0, 10, 10, 0, 0, 0, 5, 0, 10, 0, 0, 0, 0, 10, 0, 10, 10, 10, 0, 0, 10, 0, 10, 0, 10, 0, 10, 0, 15, 0, 10, 0, 0, 10, 10, 10, 10, 10, 0, 0, 10, 10, 0, 10, 0, 10, 0, 10, 0, 0, 0, 10, 10, 0, 0, 10, 10, 0, 0, 0, 0, 10, 10, 10, 10, 0, 0, 10, 1, 10, 10, 10, 10, 0, 10, 0, 19, 10, 10, 0, 0, 10, 0, 0, 10, 10, 10, 0, 10, 10, 10, 10, 10, 0, 0, 10, 10, 10, 0, 0, 0, 0, 10, 10, 0, 0, 0, 0, 10, 10, 0, 10, 0, 0, : 10, 10, 10, 10, 10, 5, 10, 10, 10, 10, 10, 10, 10, 10, 10, 15, 10, 10, 10, 10, 10, 10, 10, 10, 10, 10, 10, 10, 10, 10, 10, 10, 10, 10, 10, 10, 1, 10, 10, 10, 10, 10, 19, 10, 10, 10, 10, 10, 10, 10, 10, 10, 10, 10, 10, 10, 10, 10, 10, 10, 10, 10, 
454: 10, 10, 10, 0, 0, 10, 0, 10, 10, 10, 0, 10, 10, 0, 0, 10, 0, 10, 0, 0, 10, 0, 10, 0, 0, 0, 10, 10, 10, 0, 10, 0, 10, 10, 10, 0, 1, 10, 0, 0, 10, 10, 0, 10, 10, 10, 0, 0, 0, 0, 0, 10, 0, 0, 0, 10, 10, 0, 0, 0, 0, 0, 0, 10, 0, 10, 10, 10, 10, 10, 10, 10, 0, 10, 0, 10, 0, 10, 0, 0, 0, 10, 0, 0, 10, 0, 10, 10, 0, 10, 10, 10, 0, 0, 0, 10, 10, 10, 0, 8, 10, 0, 0, 10, 6, 10, 0, 10, 10, 10, 10, 10, 10, 0, 10, 10, 10, 0, 10, 0, : 10, 10, 10, 10, 10, 10, 10, 10, 10, 10, 10, 10, 10, 10, 10, 10, 10, 10, 10, 10, 1, 10, 10, 10, 10, 10, 10, 10, 10, 10, 10, 10, 10, 10, 10, 10, 10, 10, 10, 10, 10, 10, 10, 10, 10, 10, 10, 10, 10, 10, 10, 8, 10, 10, 6, 10, 10, 10, 10, 10, 10, 10, 10, 10, 10, 10, 
198: 0, 10, 0, 0, 10, 0, 10, 0, 10, 10, 0, 10, 0, 10, 0, 10, 0, 10, 10, 18, 10, 0, 0, 10, 10, 0, 10, 0, 0, 10, 10, 0, 10, 10, 0, 0, 0, 10, 10, 0, 10, 0, 10, 0, 0, 10, 10, 0, 0, 10, 10, 0, 0, 10, 0, 10, 0, 10, 0, 0, 0, 0, 10, 0, 1, 10, 10, 0, 10, 10, 0, 10, 10, 0, 10, 10, 0, 10, 0, 0, 10, 10, 10, 10, 0, 10, 0, 16, 10, 0, 10, 1, 0, 0, 10, 10, 10, 0, 0, 0, 10, 10, 0, 10, 0, 0, 1, 0, 10, 10, 10, 0, 0, 0, 0, 10, 0, 10, 10, 10, : 10, 10, 10, 10, 10, 10, 10, 10, 10, 10, 18, 10, 10, 10, 10, 10, 10, 10, 10, 10, 10, 10, 10, 10, 10, 10, 10, 10, 10, 10, 10, 1, 10, 10, 10, 10, 10, 10, 10, 10, 10, 10, 10, 10, 10, 10, 16, 10, 10, 1, 10, 10, 10, 10, 10, 10, 1, 10, 10, 10, 10, 10, 10, 10, 
191: 10, 10, 2, 10, 10, 0, 0, 10, 0, 10, 10, 10, 0, 10, 0, 10, 1, 10, 10, 0, 10, 2, 10, 0, 0, 10, 0, 10, 0, 0, 10, 0, 1, 10, 10, 0, 0, 10, 10, 0, 0, 0, 0, 10, 10, 0, 10, 10, 10, 6, 0, 10, 10, 10, 0, 0, 0, 0, 10, 0, 0, 10, 10, 10, 10, 0, 10, 10, 0, 10, 0, 10, 10, 10, 10, 8, 0, 0, 10, 10, 10, 0, 0, 0, 0, 10, 10, 10, 10, 10, 0, 0, 0, 10, 10, 0, 10, 0, 0, 10, 0, 10, 0, 10, 10, 0, 10, 0, 13, 0, 0, 10, 0, 0, 10, 0, 0, 0, 10, 10, : 10, 10, 2, 10, 10, 10, 10, 10, 10, 10, 10, 1, 10, 10, 10, 2, 10, 10, 10, 10, 1, 10, 10, 10, 10, 10, 10, 10, 10, 10, 6, 10, 10, 10, 10, 10, 10, 10, 10, 10, 10, 10, 10, 10, 10, 10, 8, 10, 10, 10, 10, 10, 10, 10, 10, 10, 10, 10, 10, 10, 10, 10, 10, 13, 10, 10, 10, 10, 
128: 0, 0, 10, 0, 0, 10, 0, 10, 0, 0, 0, 0, 10, 10, 10, 10, 10, 5, 10, 10, 10, 0, 10, 0, 0, 10, 10, 0, 0, 10, 0, 10, 10, 0, 10, 10, 10, 0, 0, 0, 10, 0, 10, 10, 0, 0, 10, 10, 0, 10, 10, 10, 0, 0, 0, 10, 10, 0, 10, 0, 10, 0, 10, 0, 10, 0, 10, 10, 0, 7, 10, 10, 10, 10, 10, 10, 10, 10, 0, 0, 0, 10, 0, 12, 10, 10, 10, 10, 10, 0, 1, 10, 0, 0, 10, 10, 10, 10, 0, 10, 10, 10, 10, 10, 10, 0, 0, 0, 10, 10, 10, 0, 0, 8, 0, 10, 10, 10, 10, 0, : 10, 10, 10, 10, 10, 10, 10, 10, 5, 10, 10, 10, 10, 10, 10, 10, 10, 10, 10, 10, 10, 10, 10, 10, 10, 10, 10, 10, 10, 10, 10, 10, 10, 10, 10, 10, 10, 7, 10, 10, 10, 10, 10, 10, 10, 10, 10, 12, 10, 10, 10, 10, 10, 1, 10, 10, 10, 10, 10, 10, 10, 10, 10, 10, 10, 10, 10, 10, 8, 10, 10, 10, 10, 
532: 10, 0, 10, 10, 10, 0, 0, 10, 10, 10, 0, 0, 10, 10, 10, 0, 0, 0, 10, 10, 10, 10, 0, 0, 0, 0, 0, 0, 10, 0, 0, 10, 10, 10, 0, 0, 10, 0, 10, 0, 10, 10, 10, 10, 10, 0, 0, 10, 0, 0, 10, 10, 0, 10, 10, 10, 10, 1, 10, 0, 10, 10, 10, 10, 0, 10, 10, 0, 10, 0, 10, 0, 0, 0, 10, 0, 10, 0, 10, 10, 0, 10, 0, 10, 10, 0, 0, 0, 0, 0, 0, 0, 0, 0, 0, 0, 0, 4, 18, 0, 0, 0, 10, 10, 0, 0, 10, 10, 0, 10, 0, 1, 0, 10, 0, 10, 0, 0, 10, 0, : 10, 10, 10, 10, 10, 10, 10, 10, 10, 10, 10, 10, 10, 10, 10, 10, 10, 10, 10, 10, 10, 10, 10, 10, 10, 10, 10, 10, 10, 10, 10, 10, 1, 10, 10, 10, 10, 10, 10, 10, 10, 10, 10, 10, 10, 10, 10, 10, 10, 4, 18, 10, 10, 10, 10, 10, 1, 10, 10, 10, 
693: 10, 10, 0, 10, 10, 0, 0, 0, 0, 0, 10, 0, 0, 0, 10, 0, 10, 10, 0, 0, 10, 0, 10, 10, 10, 10, 10, 10, 0, 10, 0, 0, 0, 0, 9, 0, 0, 10, 10, 10, 0, 10, 0, 10, 10, 10, 0, 10, 0, 0, 0, 10, 6, 10, 10, 10, 10, 0, 10, 0, 0, 10, 10, 10, 0, 10, 10, 10, 10, 10, 10, 13, 0, 0, 10, 10, 0, 10, 0, 10, 10, 0, 0, 0, 0, 5, 10, 10, 10, 10, 10, 10, 5, 10, 10, 10, 10, 10, 0, 10, 0, 10, 0, 0, 0, 0, 0, 0, 0, 0, 10, 10, 0, 10, 10, 4, 10, 0, 0, 0, : 10, 10, 10, 10, 10, 10, 10, 10, 10, 10, 10, 10, 10, 10, 10, 10, 9, 10, 10, 10, 10, 10, 10, 10, 10, 10, 6, 10, 10, 10, 10, 10, 10, 10, 10, 10, 10, 10, 10, 10, 10, 13, 10, 10, 10, 10, 10, 5, 10, 10, 10, 10, 10, 10, 5, 10, 10, 10, 10, 10, 10, 10, 10, 10, 10, 10, 4, 10, 
678: 0, 10, 0, 0, 0, 0, 0, 0, 10, 10, 0, 0, 10, 0, 0, 0, 10, 0, 0, 0, 0, 10, 10, 18, 10, 0, 10, 5, 10, 0, 10, 10, 10, 12, 0, 10, 0, 0, 10, 10, 10, 0, 10, 10, 10, 0, 10, 10, 10, 10, 10, 0, 0, 0, 10, 0, 0, 0, 10, 10, 10, 10, 10, 0, 10, 10, 0, 10, 10, 10, 0, 0, 10, 10, 0, 0, 10, 0, 10, 1, 0, 10, 0, 0, 10, 0, 0, 10, 0, 0, 10, 0, 0, 10, 0, 10, 0, 10, 1, 4, 0, 10, 10, 0, 10, 0, 0, 10, 0, 10, 0, 10, 0, 10, 0, 10, 0, 10, 10, 0, : 10, 10, 10, 10, 10, 10, 10, 18, 10, 10, 5, 10, 10, 10, 10, 12, 10, 10, 10, 10, 10, 10, 10, 10, 10, 10, 10, 10, 10, 10, 10, 10, 10, 10, 10, 10, 10, 10, 10, 10, 10, 10, 10, 1, 10, 10, 10, 10, 10, 10, 10, 1, 4, 10, 10, 10, 10, 10, 10, 10, 10, 10, 10, 
241: 10, 10, 10, 0, 0, 14, 10, 0, 0, 0, 10, 0, 0, 0, 3, 0, 10, 10, 10, 0, 0, 10, 10, 10, 10, 10, 10, 0, 0, 1, 10, 0, 10, 10, 0, 10, 0, 10, 10, 10, 0, 0, 0, 0, 10, 0, 0, 10, 10, 10, 0, 0, 10, 10, 0, 10, 0, 10, 0, 10, 0, 0, 10, 0, 10, 0, 10, 10, 10, 10, 10, 11, 0, 10, 0, 10, 0, 10, 10, 0, 10, 0, 0, 0, 0, 10, 0, 0, 0, 10, 10, 0, 10, 0, 0, 0, 0, 10, 0, 0, 0, 0, 14, 0, 10, 0, 10, 13, 0, 0, 0, 0, 10, 10, 10, 10, 10, 0, 10, 10, : 10, 10, 10, 14, 10, 10, 3, 10, 10, 10, 10, 10, 10, 10, 10, 10, 1, 10, 10, 10, 10, 10, 10, 10, 10, 10, 10, 10, 10, 10, 10, 10, 10, 10, 10, 10, 10, 10, 10, 10, 11, 10, 10, 10, 10, 10, 10, 10, 10, 10, 10, 14, 10, 10, 13, 10, 10, 10, 10, 10, 10, 10, 
667: 10, 0, 10, 10, 10, 0, 0, 10, 4, 10, 0, 10, 10, 10, 10, 0, 0, 0, 0, 10, 0, 10, 0, 10, 10, 10, 0, 3, 0, 0, 10, 10, 10, 10, 0, 0, 0, 0, 10, 10, 10, 10, 10, 10, 0, 10, 10, 0, 0, 0, 10, 10, 0, 10, 10, 0, 0, 10, 10, 0, 10, 0, 10, 0, 10, 10, 0, 10, 10, 1, 0, 0, 10, 0, 0, 10, 10, 0, 10, 0, 10, 10, 10, 0, 0, 15, 10, 0, 0, 10, 0, 0, 0, 10, 10, 0, 1, 10, 0, 0, 10, 0, 10, 0, 0, 0, 0, 10, 0, 0, 10, 0, 10, 10, 0, 10, 10, 0, 0, 0, : 10, 10, 10, 10, 10, 4, 10, 10, 10, 10, 10, 10, 10, 10, 10, 10, 3, 10, 10, 10, 10, 10, 10, 10, 10, 10, 10, 10, 10, 10, 10, 10, 10, 10, 10, 10, 10, 10, 10, 10, 10, 1, 10, 10, 10, 10, 10, 10, 10, 15, 10, 10, 10, 10, 1, 10, 10, 10, 10, 10, 10, 10, 10, 10, 
202: 0, 0, 10, 0, 0, 0, 0, 10, 10, 10, 0, 0, 0, 0, 0, 10, 0, 0, 0, 10, 10, 10, 4, 0, 1, 0, 0, 0, 10, 1, 10, 10, 0, 0, 0, 10, 10, 10, 0, 0, 0, 0, 0, 2, 0, 0, 10, 1, 0, 0, 0, 10, 10, 0, 0, 10, 10, 10, 10, 10, 10, 0, 0, 0, 10, 0, 0, 0, 10, 0, 0, 10, 10, 10, 10, 10, 0, 0, 4, 10, 10, 10, 10, 18, 10, 11, 10, 0, 0, 0, 0, 0, 0, 10, 0, 0, 10, 0, 0, 10, 10, 0, 10, 0, 10, 10, 10, 0, 12, 10, 0, 10, 10, 0, 0, 0, 10, 10, 10, 10, : 10, 10, 10, 10, 10, 10, 10, 10, 4, 1, 10, 1, 10, 10, 10, 10, 10, 2, 10, 1, 10, 10, 10, 10, 10, 10, 10, 10, 10, 10, 10, 10, 10, 10, 10, 4, 10, 10, 10, 10, 18, 10, 11, 10, 10, 10, 10, 10, 10, 10, 10, 10, 12, 10, 10, 10, 10, 10, 10, 10, 
635: 10, 0, 0, 0, 0, 0, 0, 10, 0, 10, 0, 10, 10, 10, 0, 0, 0, 10, 10, 0, 10, 10, 0, 10, 0, 10, 10, 0, 0, 10, 0, 10, 10, 0, 10, 3, 0, 0, 0, 10, 0, 10, 0, 10, 10, 10, 10, 0, 10, 0, 10, 10, 10, 0, 0, 0, 10, 0, 0, 0, 1, 1, 0, 10, 10, 10, 9, 10, 0, 0, 0, 0, 0, 10, 10, 10, 0, 10, 0, 10, 0, 10, 0, 0, 10, 0, 0, 2, 0, 10, 0, 0, 10, 10, 10, 10, 10, 0, 10, 10, 0, 10, 10, 10, 0, 10, 0, 10, 10, 10, 0, 10, 10, 0, 0, 0, 0, 0, 0, 3, : 10, 10, 10, 10, 10, 10, 10, 10, 10, 10, 10, 10, 10, 10, 10, 10, 10, 3, 10, 10, 10, 10, 10, 10, 10, 10, 10, 10, 10, 1, 1, 10, 10, 10, 9, 10, 10, 10, 10, 10, 10, 10, 10, 2, 10, 10, 10, 10, 10, 10, 10, 10, 10, 10, 10, 10, 10, 10, 10, 10, 10, 3, 
184: 4, 0, 10, 10, 10, 1, 10, 0, 0, 10, 0, 10, 10, 10, 10, 10, 10, 10, 10, 0, 0, 10, 10, 10, 10, 0, 10, 0, 0, 0, 0, 0, 0, 0, 1, 10, 10, 0, 0, 10, 10, 0, 0, 10, 10, 0, 10, 10, 10, 10, 0, 0, 0, 10, 0, 10, 0, 0, 10, 10, 10, 0, 0, 10, 10, 0, 10, 0, 10, 10, 0, 10, 0, 10, 10, 0, 10, 0, 0, 10, 0, 0, 10, 0, 0, 10, 0, 10, 0, 10, 0, 0, 10, 0, 10, 10, 10, 0, 3, 0, 10, 0, 3, 10, 10, 0, 10, 10, 0, 0, 0, 10, 10, 0, 10, 10, 0, 10, 10, 10, : 4, 10, 10, 10, 1, 10, 10, 10, 10, 10, 10, 10, 10, 10, 10, 10, 10, 10, 10, 10, 1, 10, 10, 10, 10, 10, 10, 10, 10, 10, 10, 10, 10, 10, 10, 10, 10, 10, 10, 10, 10, 10, 10, 10, 10, 10, 10, 10, 10, 10, 10, 10, 10, 10, 3, 10, 3, 10, 10, 10, 10, 10, 10, 10, 10, 10, 10, 10, 
164: 0, 10, 10, 4, 0, 10, 0, 0, 10, 0, 0, 10, 10, 10, 10, 0, 10, 10, 0, 0, 0, 10, 0, 10, 10, 10, 10, 0, 0, 10, 20, 0, 0, 0, 0, 0, 0, 0, 10, 10, 10, 0, 10, 0, 10, 10, 10, 1, 0, 0, 10, 0, 10, 0, 0, 10, 10, 10, 0, 0, 0, 0, 0, 0, 0, 10, 10, 10, 0, 0, 10, 6, 10, 10, 10, 0, 10, 10, 10, 10, 0, 0, 10, 10, 0, 0, 10, 0, 10, 10, 10, 10, 0, 0, 0, 0, 0, 0, 0, 10, 10, 10, 10, 3, 10, 10, 10, 10, 0, 10, 5, 0, 0, 10, 10, 0, 0, 0, 0, 0, : 10, 10, 4, 10, 10, 10, 10, 10, 10, 10, 10, 10, 10, 10, 10, 10, 10, 20, 10, 10, 10, 10, 10, 10, 10, 1, 10, 10, 10, 10, 10, 10, 10, 10, 10, 6, 10, 10, 10, 10, 10, 10, 10, 10, 10, 10, 10, 10, 10, 10, 10, 10, 10, 10, 3, 10, 10, 10, 10, 10, 5, 10, 10, 
683: 10, 10, 10, 10, 10, 0, 5, 0, 10, 10, 0, 0, 10, 10, 0, 0, 0, 10, 10, 10, 0, 2, 0, 0, 3, 0, 0, 10, 10, 3, 15, 0, 0, 10, 10, 10, 0, 0, 10, 10, 10, 0, 10, 0, 0, 0, 10, 10, 0, 10, 0, 10, 10, 10, 10, 10, 0, 0, 10, 0, 0, 0, 0, 0, 10, 10, 0, 10, 12, 10, 0, 10, 0, 0, 0, 10, 0, 0, 0, 10, 0, 10, 0, 10, 10, 1, 10, 10, 1, 0, 10, 0, 0, 0, 10, 10, 0, 0, 10, 0, 10, 10, 0, 0, 10, 10, 10, 10, 0, 10, 0, 0, 10, 10, 0, 10, 2, 10, 0, 0, : 10, 10, 10, 10, 10, 5, 10, 10, 10, 10, 10, 10, 10, 2, 3, 10, 10, 3, 15, 10, 10, 10, 10, 10, 10, 10, 10, 10, 10, 10, 10, 10, 10, 10, 10, 10, 10, 10, 12, 10, 10, 10, 10, 10, 10, 10, 1, 10, 10, 1, 10, 10, 10, 10, 10, 10, 10, 10, 10, 10, 10, 10, 10, 10, 2, 10, 
95: 10, 0, 10, 0, 10, 0, 0, 0, 10, 0, 10, 0, 10, 10, 0, 10, 0, 0, 0, 0, 0, 0, 0, 10, 10, 10, 0, 10, 10, 0, 0, 0, 10, 20, 0, 10, 10, 10, 0, 10, 0, 10, 10, 10, 0, 0, 0, 10, 0, 0, 10, 1, 10, 10, 10, 0, 0, 0, 10, 10, 0, 0, 10, 0, 0, 10, 0, 10, 0, 10, 0, 0, 0, 0, 0, 1, 10, 10, 0, 10, 10, 0, 0, 10, 10, 0, 12, 0, 0, 10, 0, 10, 0, 0, 10, 0, 0, 10, 10, 10, 0, 10, 0, 10, 10, 0, 10, 0, 0, 10, 10, 10, 0, 0, 0, 10, 0, 10, 10, 9, : 10, 10, 10, 10, 10, 10, 10, 10, 10, 10, 10, 10, 10, 10, 20, 10, 10, 10, 10, 10, 10, 10, 10, 10, 1, 10, 10, 10, 10, 10, 10, 10, 10, 10, 1, 10, 10, 10, 10, 10, 10, 12, 10, 10, 10, 10, 10, 10, 10, 10, 10, 10, 10, 10, 10, 10, 10, 10, 9, 
329: 0, 0, 10, 10, 0, 10, 0, 10, 0, 10, 0, 10, 10, 10, 10, 10, 10, 10, 10, 0, 10, 0, 10, 10, 0, 3, 10, 10, 0, 0, 0, 10, 10, 0, 10, 10, 10, 0, 0, 0, 0, 0, 10, 0, 0, 10, 10, 0, 0, 10, 0, 10, 0, 10, 0, 10, 0, 0, 10, 0, 10, 0, 10, 0, 0, 10, 0, 1, 10, 10, 10, 10, 10, 0, 10, 10, 0, 0, 0, 0, 0, 10, 3, 0, 0, 1, 0, 10, 10, 0, 10, 0, 0, 0, 0, 10, 10, 0, 10, 10, 10, 0, 10, 10, 0, 10, 10, 0, 10, 10, 10, 10, 0, 0, 0, 10, 0, 0, 0, 0, : 10, 10, 10, 10, 10, 10, 10, 10, 10, 10, 10, 10, 10, 10, 10, 10, 3, 10, 10, 10, 10, 10, 10, 10, 10, 10, 10, 10, 10, 10, 10, 10, 10, 10, 10, 1, 10, 10, 10, 10, 10, 10, 10, 10, 3, 1, 10, 10, 10, 10, 10, 10, 10, 10, 10, 10, 10, 10, 10, 10, 10, 10, 10, 
694: 10, 10, 0, 10, 0, 10, 0, 0, 10, 0, 10, 0, 10, 10, 0, 10, 10, 0, 10, 10, 10, 0, 0, 10, 10, 10, 0, 0, 0, 0, 10, 0, 0, 0, 0, 10, 0, 0, 10, 10, 10, 0, 0, 10, 10, 10, 10, 10, 0, 10, 5, 11, 10, 10, 10, 0, 10, 10, 10, 0, 0, 10, 10, 0, 10, 10, 10, 0, 10, 0, 0, 0, 10, 0, 0, 0, 0, 0, 0, 10, 10, 0, 10, 10, 0, 0, 0, 0, 0, 0, 10, 10, 10, 10, 0, 0, 0, 0, 0, 0, 0, 10, 0, 0, 10, 10, 10, 0, 10, 0, 0, 0, 0, 0, 10, 0, 10, 0, 10, 0, : 10, 10, 10, 10, 10, 10, 10, 10, 10, 10, 10, 10, 10, 10, 10, 10, 10, 10, 10, 10, 10, 10, 10, 10, 10, 10, 10, 5, 11, 10, 10, 10, 10, 10, 10, 10, 10, 10, 10, 10, 10, 10, 10, 10, 10, 10, 10, 10, 10, 10, 10, 10, 10, 10, 10, 10, 10, 10, 
703: 10, 0, 0, 10, 0, 10, 0, 10, 0, 10, 0, 0, 0, 0, 0, 0, 0, 10, 1, 10, 10, 10, 0, 10, 10, 0, 0, 10, 0, 10, 0, 0, 10, 10, 0, 0, 0, 0, 10, 10, 0, 0, 10, 10, 10, 0, 0, 0, 10, 0, 10, 0, 0, 10, 10, 10, 10, 10, 0, 0, 0, 0, 0, 0, 10, 10, 1, 1, 0, 0, 10, 0, 8, 10, 0, 10, 10, 0, 0, 10, 10, 0, 0, 10, 10, 0, 10, 10, 10, 10, 0, 10, 10, 0, 0, 10, 10, 0, 10, 0, 10, 0, 10, 0, 10, 0, 10, 10, 10, 0, 10, 10, 10, 12, 0, 0, 0, 10, 10, 10, : 10, 10, 10, 10, 10, 10, 1, 10, 10, 10, 10, 10, 10, 10, 10, 10, 10, 10, 10, 10, 10, 10, 10, 10, 10, 10, 10, 10, 10, 10, 1, 1, 10, 8, 10, 10, 10, 10, 10, 10, 10, 10, 10, 10, 10, 10, 10, 10, 10, 10, 10, 10, 10, 10, 10, 10, 10, 10, 10, 12, 10, 10, 10, 
162: 0, 10, 10, 0, 2, 0, 10, 0, 10, 10, 10, 0, 0, 0, 0, 10, 10, 10, 10, 10, 10, 0, 0, 0, 10, 0, 0, 10, 0, 10, 0, 10, 10, 10, 10, 0, 10, 0, 15, 0, 10, 0, 0, 10, 10, 10, 10, 10, 17, 10, 0, 0, 10, 10, 10, 0, 0, 10, 10, 0, 0, 0, 0, 10, 0, 10, 0, 10, 10, 0, 0, 0, 10, 0, 10, 10, 10, 10, 10, 0, 0, 10, 0, 0, 10, 0, 10, 0, 0, 10, 10, 0, 19, 0, 10, 10, 0, 10, 10, 0, 0, 0, 0, 10, 0, 10, 0, 10, 10, 10, 0, 0, 0, 0, 10, 1, 10, 0, 10, 0, : 10, 10, 2, 10, 10, 10, 10, 10, 10, 10, 10, 10, 10, 10, 10, 10, 10, 10, 10, 10, 10, 15, 10, 10, 10, 10, 10, 10, 17, 10, 10, 10, 10, 10, 10, 10, 10, 10, 10, 10, 10, 10, 10, 10, 10, 10, 10, 10, 10, 10, 19, 10, 10, 10, 10, 10, 10, 10, 10, 10, 10, 1, 10, 10, 
542: 10, 0, 0, 10, 10, 0, 10, 0, 10, 0, 10, 10, 10, 10, 0, 0, 0, 10, 0, 0, 10, 0, 2, 10, 0, 10, 0, 10, 0, 0, 0, 10, 0, 10, 10, 10, 0, 0, 0, 10, 1, 10, 10, 0, 0, 10, 11, 1, 1, 10, 1, 7, 10, 0, 0, 10, 10, 0, 0, 10, 0, 10, 10, 10, 1, 10, 0, 10, 0, 0, 0, 0, 10, 0, 0, 0, 0, 10, 0, 10, 0, 10, 10, 0, 10, 10, 10, 10, 10, 1, 0, 4, 0, 0, 2, 0, 0, 0, 0, 10, 0, 10, 10, 0, 0, 0, 0, 10, 10, 0, 12, 10, 10, 0, 0, 0, 10, 0, 0, 0, : 10, 10, 10, 10, 10, 10, 10, 10, 10, 10, 10, 2, 10, 10, 10, 10, 10, 10, 10, 10, 1, 10, 10, 10, 11, 1, 1, 10, 1, 7, 10, 10, 10, 10, 10, 10, 10, 1, 10, 10, 10, 10, 10, 10, 10, 10, 10, 10, 10, 10, 1, 4, 2, 10, 10, 10, 10, 10, 12, 10, 10, 10, 
537: 0, 10, 0, 0, 0, 10, 0, 0, 0, 0, 13, 10, 0, 0, 10, 10, 0, 0, 10, 0, 0, 0, 10, 10, 0, 0, 10, 0, 0, 10, 0, 10, 0, 10, 0, 10, 0, 10, 10, 0, 10, 10, 0, 0, 10, 10, 0, 2, 0, 10, 10, 10, 10, 0, 10, 0, 10, 10, 0, 10, 10, 10, 0, 10, 10, 10, 10, 10, 10, 0, 0, 10, 10, 0, 0, 10, 0, 10, 10, 10, 10, 10, 10, 10, 0, 10, 0, 10, 10, 4, 10, 10, 10, 0, 10, 10, 10, 0, 10, 0, 10, 10, 10, 10, 0, 10, 10, 10, 10, 10, 0, 0, 10, 1, 10, 0, 10, 16, 0, 0, : 10, 10, 13, 10, 10, 10, 10, 10, 10, 10, 10, 10, 10, 10, 10, 10, 10, 10, 10, 10, 2, 10, 10, 10, 10, 10, 10, 10, 10, 10, 10, 10, 10, 10, 10, 10, 10, 10, 10, 10, 10, 10, 10, 10, 10, 10, 10, 10, 10, 10, 4, 10, 10, 10, 10, 10, 10, 10, 10, 10, 10, 10, 10, 10, 10, 10, 10, 10, 1, 10, 10, 16, 
714: 10, 10, 0, 0, 0, 0, 0, 0, 0, 10, 10, 0, 10, 1, 10, 10, 10, 10, 10, 10, 0, 10, 0, 10, 0, 0, 0, 0, 10, 0, 0, 0, 0, 0, 0, 10, 10, 0, 0, 0, 0, 0, 10, 10, 10, 0, 10, 0, 10, 10, 0, 10, 1, 0, 10, 0, 0, 0, 0, 4, 0, 0, 0, 0, 0, 10, 0, 0, 0, 10, 2, 0, 0, 10, 0, 0, 0, 10, 10, 10, 10, 10, 0, 10, 10, 1, 10, 0, 10, 10, 0, 10, 0, 10, 10, 10, 0, 0, 10, 0, 10, 10, 0, 0, 0, 2, 0, 0, 0, 0, 10, 0, 10, 10, 10, 0, 0, 0, 0, 0, : 10, 10, 10, 10, 10, 1, 10, 10, 10, 10, 10, 10, 10, 10, 10, 10, 10, 10, 10, 10, 10, 10, 10, 10, 1, 10, 4, 10, 10, 2, 10, 10, 10, 10, 10, 10, 10, 10, 1, 10, 10, 10, 10, 10, 10, 10, 10, 10, 10, 2, 10, 10, 10, 10, 
771: 10, 0, 0, 0, 0, 0, 0, 10, 0, 10, 0, 0, 10, 10, 0, 0, 0, 10, 0, 0, 0, 0, 10, 0, 0, 10, 0, 1, 1, 10, 0, 0, 0, 10, 10, 10, 1, 10, 0, 0, 10, 10, 10, 10, 0, 2, 10, 10, 10, 0, 10, 0, 10, 10, 10, 0, 0, 0, 0, 0, 0, 10, 10, 10, 10, 0, 0, 0, 0, 10, 10, 10, 0, 0, 10, 10, 10, 0, 10, 10, 10, 10, 0, 0, 10, 0, 0, 0, 10, 0, 10, 0, 10, 0, 10, 0, 0, 0, 10, 10, 10, 0, 10, 10, 10, 10, 10, 10, 0, 0, 13, 0, 10, 10, 10, 0, 10, 10, 0, 0, : 10, 10, 10, 10, 10, 10, 10, 10, 1, 1, 10, 10, 10, 10, 1, 10, 10, 10, 10, 10, 2, 10, 10, 10, 10, 10, 10, 10, 10, 10, 10, 10, 10, 10, 10, 10, 10, 10, 10, 10, 10, 10, 10, 10, 10, 10, 10, 10, 10, 10, 10, 10, 10, 10, 10, 10, 13, 10, 10, 10, 10, 10, 
369: 0, 10, 0, 10, 0, 10, 0, 0, 0, 10, 10, 10, 0, 10, 10, 0, 0, 0, 0, 0, 0, 0, 10, 10, 0, 10, 10, 10, 10, 10, 0, 0, 10, 10, 10, 10, 10, 10, 0, 0, 0, 10, 10, 0, 10, 10, 10, 10, 10, 0, 10, 0, 10, 0, 0, 10, 0, 10, 10, 10, 9, 10, 10, 0, 10, 0, 0, 10, 0, 10, 10, 0, 10, 0, 0, 0, 0, 0, 10, 0, 10, 10, 10, 10, 0, 0, 10, 0, 0, 0, 0, 0, 10, 10, 0, 0, 10, 10, 10, 0, 0, 0, 0, 0, 0, 10, 0, 0, 10, 0, 0, 0, 10, 10, 0, 0, 0, 10, 0, 10, : 10, 10, 10, 10, 10, 10, 10, 10, 10, 10, 10, 10, 10, 10, 10, 10, 10, 10, 10, 10, 10, 10, 10, 10, 10, 10, 10, 10, 10, 10, 10, 10, 10, 10, 9, 10, 10, 10, 10, 10, 10, 10, 10, 10, 10, 10, 10, 10, 10, 10, 10, 10, 10, 10, 10, 10, 10, 10, 10, 
581: 10, 0, 0, 10, 10, 0, 10, 0, 10, 0, 0, 10, 0, 0, 10, 0, 10, 0, 10, 0, 0, 10, 0, 3, 0, 1, 0, 0, 1, 20, 0, 0, 10, 10, 10, 10, 10, 10, 0, 0, 10, 5, 10, 10, 0, 0, 10, 0, 0, 10, 10, 0, 0, 0, 0, 0, 19, 10, 10, 0, 10, 0, 0, 10, 10, 10, 10, 10, 10, 0, 0, 10, 10, 0, 0, 0, 10, 10, 10, 10, 0, 0, 10, 0, 0, 10, 10, 10, 0, 10, 0, 10, 10, 10, 10, 0, 10, 10, 0, 0, 0, 0, 10, 10, 10, 10, 10, 0, 0, 0, 1, 0, 0, 0, 0, 0, 10, 0, 0, 10, : 10, 10, 10, 10, 10, 10, 10, 10, 10, 10, 3, 1, 1, 20, 10, 10, 10, 10, 10, 10, 10, 5, 10, 10, 10, 10, 10, 19, 10, 10, 10, 10, 10, 10, 10, 10, 10, 10, 10, 10, 10, 10, 10, 10, 10, 10, 10, 10, 10, 10, 10, 10, 10, 10, 10, 10, 10, 10, 10, 1, 10, 10, 
669: 10, 10, 0, 0, 0, 0, 10, 10, 0, 10, 10, 10, 0, 10, 10, 10, 0, 10, 0, 0, 0, 0, 0, 0, 10, 10, 5, 0, 0, 10, 0, 0, 10, 0, 1, 0, 10, 10, 0, 10, 0, 10, 0, 0, 10, 10, 10, 10, 10, 0, 0, 0, 10, 0, 0, 10, 0, 0, 10, 0, 10, 10, 0, 0, 10, 10, 9, 10, 10, 0, 0, 10, 10, 0, 10, 0, 0, 0, 0, 10, 0, 10, 10, 10, 0, 0, 0, 0, 0, 0, 10, 10, 10, 10, 10, 0, 0, 10, 10, 10, 10, 0, 0, 10, 10, 0, 0, 0, 0, 0, 2, 10, 10, 10, 0, 0, 10, 10, 10, 10, : 10, 10, 10, 10, 10, 10, 10, 10, 10, 10, 10, 10, 10, 5, 10, 10, 1, 10, 10, 10, 10, 10, 10, 10, 10, 10, 10, 10, 10, 10, 10, 10, 10, 9, 10, 10, 10, 10, 10, 10, 10, 10, 10, 10, 10, 10, 10, 10, 10, 10, 10, 10, 10, 10, 2, 10, 10, 10, 10, 10, 10, 10, 
755: 0, 0, 10, 0, 10, 10, 10, 10, 10, 0, 10, 0, 0, 0, 0, 0, 10, 10, 0, 0, 0, 1, 10, 10, 10, 0, 10, 0, 0, 10, 0, 10, 10, 10, 0, 0, 0, 18, 0, 10, 10, 10, 0, 10, 10, 10, 18, 10, 10, 10, 0, 10, 10, 0, 0, 0, 10, 0, 0, 10, 0, 0, 10, 10, 0, 0, 5, 10, 0, 4, 0, 0, 0, 10, 0, 10, 10, 0, 10, 0, 0, 0, 10, 10, 0, 10, 10, 0, 0, 10, 0, 0, 10, 0, 0, 0, 10, 0, 10, 0, 0, 0, 10, 10, 0, 0, 10, 10, 10, 10, 10, 0, 10, 0, 10, 0, 0, 0, 0, 0, : 10, 10, 10, 10, 10, 10, 10, 10, 10, 1, 10, 10, 10, 10, 10, 10, 10, 10, 18, 10, 10, 10, 10, 10, 10, 18, 10, 10, 10, 10, 10, 10, 10, 10, 10, 5, 10, 4, 10, 10, 10, 10, 10, 10, 10, 10, 10, 10, 10, 10, 10, 10, 10, 10, 10, 10, 10, 10, 10, 
111: 0, 0, 10, 0, 10, 10, 10, 0, 7, 0, 10, 10, 0, 0, 0, 10, 0, 0, 10, 10, 0, 0, 0, 10, 0, 10, 0, 0, 0, 0, 10, 0, 10, 0, 10, 10, 10, 0, 0, 10, 10, 10, 0, 10, 0, 10, 0, 10, 0, 0, 10, 0, 2, 0, 0, 10, 0, 10, 0, 0, 0, 10, 0, 10, 10, 0, 0, 0, 0, 0, 10, 0, 0, 0, 10, 10, 1, 0, 0, 0, 10, 0, 10, 10, 5, 10, 10, 0, 10, 10, 10, 10, 0, 0, 0, 10, 10, 0, 10, 10, 0, 10, 0, 0, 10, 10, 0, 10, 0, 0, 0, 10, 10, 0, 0, 10, 10, 10, 10, 1, : 10, 10, 10, 10, 7, 10, 10, 10, 10, 10, 10, 10, 10, 10, 10, 10, 10, 10, 10, 10, 10, 10, 10, 10, 2, 10, 10, 10, 10, 10, 10, 10, 10, 1, 10, 10, 10, 5, 10, 10, 10, 10, 10, 10, 10, 10, 10, 10, 10, 10, 10, 10, 10, 10, 10, 10, 10, 10, 1, 
89: 0, 1, 10, 0, 10, 0, 0, 10, 0, 0, 10, 0, 10, 10, 10, 10, 10, 0, 10, 10, 0, 10, 10, 10, 0, 0, 10, 0, 10, 10, 10, 10, 10, 0, 10, 10, 0, 10, 10, 0, 0, 10, 0, 0, 0, 10, 10, 0, 0, 10, 15, 0, 10, 10, 10, 0, 10, 12, 10, 10, 0, 0, 10, 10, 10, 0, 10, 10, 0, 0, 0, 10, 0, 0, 0, 0, 0, 10, 11, 10, 10, 10, 10, 0, 0, 0, 0, 10, 0, 10, 0, 0, 10, 10, 0, 10, 0, 0, 0, 0, 10, 10, 10, 1, 0, 0, 10, 0, 10, 0, 0, 0, 2, 10, 0, 10, 10, 0, 10, 10, : 1, 10, 10, 10, 10, 10, 10, 10, 10, 10, 10, 10, 10, 10, 10, 10, 10, 10, 10, 10, 10, 10, 10, 10, 10, 10, 10, 10, 10, 15, 10, 10, 10, 10, 12, 10, 10, 10, 10, 10, 10, 10, 10, 10, 11, 10, 10, 10, 10, 10, 10, 10, 10, 10, 10, 10, 10, 1, 10, 10, 2, 10, 10, 10, 10, 10, 
470: 0, 4, 10, 0, 0, 10, 0, 0, 0, 0, 10, 10, 10, 10, 0, 0, 0, 0, 0, 10, 10, 0, 10, 0, 0, 10, 0, 5, 10, 10, 10, 0, 0, 0, 10, 10, 0, 0, 0, 0, 10, 0, 0, 10, 10, 10, 0, 10, 0, 0, 0, 0, 10, 10, 10, 2, 10, 10, 10, 10, 2, 0, 0, 0, 0, 0, 0, 0, 10, 10, 3, 0, 10, 10, 0, 0, 10, 0, 0, 0, 3, 0, 10, 0, 0, 0, 10, 0, 0, 10, 0, 0, 0, 10, 10, 10, 0, 0, 10, 10, 0, 0, 0, 0, 0, 0, 10, 10, 0, 8, 0, 10, 0, 10, 0, 0, 0, 10, 0, 10, : 4, 10, 10, 10, 10, 10, 10, 10, 10, 10, 10, 5, 10, 10, 10, 10, 10, 10, 10, 10, 10, 10, 10, 10, 10, 2, 10, 10, 10, 10, 2, 10, 10, 3, 10, 10, 10, 3, 10, 10, 10, 10, 10, 10, 10, 10, 10, 10, 8, 10, 10, 10, 10, 
253: 1, 0, 0, 10, 0, 0, 10, 10, 10, 0, 10, 0, 10, 0, 10, 6, 10, 10, 0, 10, 10, 5, 0, 0, 0, 19, 0, 0, 0, 10, 0, 10, 0, 10, 8, 0, 10, 0, 0, 0, 0, 10, 10, 10, 0, 10, 0, 0, 10, 10, 10, 0, 10, 0, 10, 10, 10, 10, 10, 0, 0, 10, 0, 0, 0, 0, 10, 0, 10, 10, 10, 10, 0, 0, 10, 10, 0, 0, 10, 0, 10, 0, 0, 0, 0, 10, 10, 7, 10, 10, 10, 10, 0, 10, 10, 0, 10, 10, 0, 2, 0, 10, 6, 10, 0, 0, 10, 0, 0, 0, 10, 10, 0, 0, 10, 0, 0, 12, 0, 10, : 1, 10, 10, 10, 10, 10, 10, 10, 6, 10, 10, 10, 10, 5, 19, 10, 10, 10, 8, 10, 10, 10, 10, 10, 10, 10, 10, 10, 10, 10, 10, 10, 10, 10, 10, 10, 10, 10, 10, 10, 10, 10, 10, 10, 10, 7, 10, 10, 10, 10, 10, 10, 10, 10, 2, 10, 6, 10, 10, 10, 10, 10, 12, 10, 
270: 10, 10, 10, 10, 10, 10, 0, 6, 0, 0, 0, 10, 0, 10, 0, 0, 0, 0, 0, 0, 10, 10, 0, 0, 0, 0, 10, 10, 0, 0, 10, 0, 0, 0, 0, 0, 10, 10, 10, 10, 0, 0, 0, 0, 10, 10, 0, 0, 0, 10, 10, 0, 10, 10, 10, 10, 0, 10, 10, 0, 10, 0, 10, 10, 0, 10, 0, 0, 0, 10, 10, 0, 0, 10, 0, 10, 0, 0, 10, 10, 10, 10, 10, 0, 0, 10, 10, 10, 10, 10, 10, 0, 0, 10, 10, 0, 4, 1, 10, 10, 10, 10, 0, 10, 0, 2, 0, 0, 0, 10, 0, 10, 12, 0, 10, 0, 10, 10, 10, 10, : 10, 10, 10, 10, 10, 10, 6, 10, 10, 10, 10, 10, 10, 10, 10, 10, 10, 10, 10, 10, 10, 10, 10, 10, 10, 10, 10, 10, 10, 10, 10, 10, 10, 10, 10, 10, 10, 10, 10, 10, 10, 10, 10, 10, 10, 10, 10, 10, 10, 4, 1, 10, 10, 10, 10, 10, 2, 10, 10, 12, 10, 10, 10, 10, 10, 
503: 0, 0, 10, 10, 0, 0, 10, 11, 0, 10, 1, 0, 0, 0, 0, 10, 10, 0, 10, 10, 10, 0, 0, 10, 10, 10, 10, 10, 10, 0, 0, 0, 0, 0, 0, 10, 0, 10, 10, 0, 0, 10, 10, 10, 0, 10, 0, 0, 10, 0, 0, 10, 0, 10, 10, 0, 0, 0, 5, 10, 10, 0, 10, 10, 0, 10, 0, 0, 0, 10, 0, 0, 10, 0, 0, 0, 10, 10, 0, 0, 0, 10, 1, 10, 10, 0, 0, 0, 10, 0, 10, 10, 0, 0, 0, 0, 0, 1, 10, 10, 10, 10, 10, 10, 0, 10, 0, 0, 0, 0, 0, 10, 10, 0, 0, 0, 0, 0, 0, 0, : 10, 10, 10, 11, 10, 1, 10, 10, 10, 10, 10, 10, 10, 10, 10, 10, 10, 10, 10, 10, 10, 10, 10, 10, 10, 10, 10, 10, 5, 10, 10, 10, 10, 10, 10, 10, 10, 10, 10, 1, 10, 10, 10, 10, 10, 1, 10, 10, 10, 10, 10, 10, 10, 10, 10, 
632: 0, 0, 0, 10, 10, 10, 0, 10, 0, 0, 0, 10, 0, 0, 0, 10, 10, 10, 0, 10, 0, 10, 0, 0, 10, 10, 0, 0, 10, 0, 10, 0, 0, 10, 0, 0, 1, 0, 0, 0, 0, 3, 10, 10, 0, 10, 10, 0, 0, 9, 0, 0, 10, 0, 0, 10, 10, 0, 10, 0, 10, 0, 10, 10, 0, 10, 0, 0, 1, 10, 10, 0, 10, 0, 10, 0, 0, 0, 10, 0, 10, 10, 10, 0, 10, 0, 10, 10, 10, 10, 10, 10, 0, 10, 10, 10, 10, 0, 20, 0, 10, 0, 0, 10, 10, 10, 10, 10, 10, 0, 0, 10, 10, 0, 0, 10, 10, 0, 0, 10, : 10, 10, 10, 10, 10, 10, 10, 10, 10, 10, 10, 10, 10, 10, 10, 1, 3, 10, 10, 10, 10, 9, 10, 10, 10, 10, 10, 10, 10, 10, 1, 10, 10, 10, 10, 10, 10, 10, 10, 10, 10, 10, 10, 10, 10, 10, 10, 10, 10, 10, 20, 10, 10, 10, 10, 10, 10, 10, 10, 10, 10, 10, 10, 
267: 10, 10, 0, 0, 2, 0, 10, 0, 10, 0, 10, 10, 10, 10, 0, 0, 10, 0, 10, 0, 0, 10, 0, 10, 0, 10, 10, 0, 0, 10, 0, 10, 0, 0, 10, 0, 0, 1, 10, 10, 0, 0, 0, 0, 0, 0, 0, 0, 0, 0, 3, 0, 0, 10, 10, 0, 0, 0, 10, 10, 10, 0, 10, 10, 10, 10, 0, 10, 10, 0, 10, 10, 10, 10, 0, 10, 10, 0, 0, 0, 0, 10, 10, 0, 10, 10, 10, 10, 0, 0, 10, 10, 10, 10, 10, 0, 0, 10, 10, 4, 16, 0, 0, 0, 0, 10, 0, 0, 0, 0, 10, 0, 10, 0, 10, 10, 10, 0, 10, 10, : 10, 10, 2, 10, 10, 10, 10, 10, 10, 10, 10, 10, 10, 10, 10, 10, 10, 10, 1, 10, 10, 3, 10, 10, 10, 10, 10, 10, 10, 10, 10, 10, 10, 10, 10, 10, 10, 10, 10, 10, 10, 10, 10, 10, 10, 10, 10, 10, 10, 10, 10, 10, 4, 16, 10, 10, 10, 10, 10, 10, 10, 10, 
165: 10, 10, 0, 0, 10, 10, 10, 0, 0, 10, 10, 10, 0, 10, 10, 10, 10, 10, 1, 0, 10, 5, 0, 0, 10, 0, 20, 10, 10, 10, 0, 0, 0, 0, 10, 0, 10, 10, 0, 10, 0, 0, 10, 0, 10, 0, 10, 4, 1, 10, 10, 10, 10, 1, 0, 0, 0, 0, 0, 10, 0, 10, 10, 0, 0, 0, 10, 10, 10, 10, 10, 10, 0, 0, 0, 10, 0, 10, 0, 10, 10, 10, 0, 10, 10, 10, 10, 10, 0, 0, 0, 10, 10, 10, 10, 0, 10, 0, 0, 0, 10, 10, 0, 0, 0, 10, 0, 10, 10, 0, 10, 10, 0, 0, 10, 10, 0, 0, 0, 10, : 10, 10, 10, 10, 10, 10, 10, 10, 10, 10, 10, 10, 10, 1, 10, 5, 10, 20, 10, 10, 10, 10, 10, 10, 10, 10, 10, 10, 4, 1, 10, 10, 10, 10, 1, 10, 10, 10, 10, 10, 10, 10, 10, 10, 10, 10, 10, 10, 10, 10, 10, 10, 10, 10, 10, 10, 10, 10, 10, 10, 10, 10, 10, 10, 10, 10, 10, 10, 10, 
311: 0, 10, 0, 0, 10, 0, 0, 0, 10, 0, 10, 0, 10, 10, 0, 0, 10, 0, 10, 10, 10, 0, 10, 10, 0, 0, 0, 0, 10, 0, 0, 10, 2, 0, 10, 0, 10, 2, 0, 10, 10, 0, 10, 10, 0, 10, 10, 10, 0, 10, 0, 0, 10, 0, 10, 10, 0, 0, 0, 10, 10, 10, 10, 0, 0, 0, 0, 10, 10, 0, 10, 0, 10, 10, 10, 4, 0, 10, 0, 0, 0, 0, 0, 10, 0, 10, 0, 10, 10, 0, 0, 0, 0, 10, 10, 10, 0, 0, 10, 0, 0, 10, 10, 0, 0, 0, 0, 10, 10, 0, 0, 0, 0, 10, 0, 0, 10, 10, 0, 10, : 10, 10, 10, 10, 10, 10, 10, 10, 10, 10, 10, 10, 10, 10, 2, 10, 10, 2, 10, 10, 10, 10, 10, 10, 10, 10, 10, 10, 10, 10, 10, 10, 10, 10, 10, 10, 10, 10, 10, 4, 10, 10, 10, 10, 10, 10, 10, 10, 10, 10, 10, 10, 10, 10, 10, 10, 10, 
679: 0, 10, 10, 0, 0, 10, 10, 0, 0, 0, 0, 0, 0, 1, 0, 0, 0, 0, 0, 5, 0, 0, 0, 0, 10, 0, 0, 0, 0, 10, 10, 10, 0, 0, 10, 0, 10, 10, 0, 10, 10, 10, 10, 0, 0, 0, 10, 0, 0, 10, 10, 0, 0, 0, 10, 10, 10, 10, 10, 10, 10, 0, 10, 0, 10, 0, 10, 0, 0, 0, 0, 5, 0, 10, 0, 10, 19, 10, 0, 0, 10, 0, 0, 10, 10, 10, 10, 10, 10, 0, 10, 0, 10, 0, 0, 10, 0, 10, 10, 10, 0, 10, 10, 10, 10, 10, 0, 0, 10, 0, 10, 0, 10, 10, 0, 10, 0, 10, 0, 10, : 10, 10, 10, 10, 1, 5, 10, 10, 10, 10, 10, 10, 10, 10, 10, 10, 10, 10, 10, 10, 10, 10, 10, 10, 10, 10, 10, 10, 10, 10, 5, 10, 10, 19, 10, 10, 10, 10, 10, 10, 10, 10, 10, 10, 10, 10, 10, 10, 10, 10, 10, 10, 10, 10, 10, 10, 10, 10, 10, 10, 
774: 0, 0, 10, 10, 10, 10, 0, 0, 0, 0, 11, 3, 0, 0, 0, 10, 0, 10, 10, 0, 0, 10, 10, 10, 0, 0, 10, 0, 10, 0, 10, 10, 10, 0, 10, 10, 0, 10, 0, 10, 0, 10, 0, 2, 10, 10, 0, 10, 0, 0, 10, 10, 0, 0, 10, 10, 0, 0, 10, 10, 0, 10, 0, 0, 10, 0, 10, 10, 10, 0, 10, 0, 0, 0, 0, 10, 0, 10, 10, 0, 10, 10, 10, 10, 10, 10, 0, 10, 0, 0, 10, 10, 0, 10, 0, 10, 0, 10, 10, 0, 0, 0, 10, 1, 0, 0, 0, 0, 10, 0, 0, 0, 10, 10, 0, 0, 10, 10, 10, 0, : 10, 10, 10, 10, 11, 3, 10, 10, 10, 10, 10, 10, 10, 10, 10, 10, 10, 10, 10, 10, 10, 10, 2, 10, 10, 10, 10, 10, 10, 10, 10, 10, 10, 10, 10, 10, 10, 10, 10, 10, 10, 10, 10, 10, 10, 10, 10, 10, 10, 10, 10, 10, 10, 10, 10, 1, 10, 10, 10, 10, 10, 10, 
524: 0, 10, 2, 0, 0, 0, 0, 10, 0, 0, 0, 0, 0, 0, 0, 10, 10, 0, 10, 10, 10, 10, 10, 0, 1, 0, 0, 10, 0, 0, 10, 10, 10, 0, 10, 10, 10, 0, 10, 10, 0, 10, 10, 0, 0, 10, 0, 0, 0, 10, 10, 10, 0, 0, 10, 10, 10, 0, 0, 10, 0, 10, 10, 10, 0, 0, 0, 0, 10, 10, 0, 10, 10, 0, 0, 0, 0, 0, 0, 0, 10, 0, 0, 0, 0, 0, 0, 0, 0, 10, 10, 0, 1, 10, 10, 10, 10, 0, 0, 0, 10, 0, 10, 10, 10, 10, 0, 10, 8, 10, 0, 0, 0, 10, 0, 0, 0, 10, 10, 10, : 10, 2, 10, 10, 10, 10, 10, 10, 10, 10, 1, 10, 10, 10, 10, 10, 10, 10, 10, 10, 10, 10, 10, 10, 10, 10, 10, 10, 10, 10, 10, 10, 10, 10, 10, 10, 10, 10, 10, 10, 1, 10, 10, 10, 10, 10, 10, 10, 10, 10, 10, 8, 10, 10, 10, 10, 10, 
147: 0, 0, 10, 1, 0, 10, 0, 0, 10, 10, 0, 10, 10, 0, 10, 10, 10, 10, 0, 10, 10, 10, 0, 0, 0, 10, 10, 10, 0, 10, 0, 10, 10, 10, 10, 0, 10, 0, 0, 0, 10, 0, 0, 0, 10, 2, 10, 0, 0, 0, 10, 0, 0, 0, 2, 10, 0, 10, 10, 10, 10, 10, 10, 10, 10, 0, 10, 10, 0, 0, 10, 0, 0, 0, 0, 0, 0, 10, 0, 10, 10, 0, 0, 0, 10, 10, 0, 0, 10, 10, 0, 10, 10, 1, 0, 10, 10, 0, 10, 10, 10, 0, 10, 10, 10, 0, 10, 0, 0, 10, 10, 10, 10, 0, 0, 10, 0, 10, 10, 0, : 10, 1, 10, 10, 10, 10, 10, 10, 10, 10, 10, 10, 10, 10, 10, 10, 10, 10, 10, 10, 10, 10, 10, 10, 10, 2, 10, 10, 2, 10, 10, 10, 10, 10, 10, 10, 10, 10, 10, 10, 10, 10, 10, 10, 10, 10, 10, 10, 10, 10, 1, 10, 10, 10, 10, 10, 10, 10, 10, 10, 10, 10, 10, 10, 10, 10, 10, 
413: 0, 10, 10, 10, 10, 0, 10, 10, 10, 0, 0, 10, 0, 10, 10, 0, 1, 10, 10, 10, 10, 10, 10, 0, 0, 0, 0, 1, 0, 10, 10, 0, 10, 0, 10, 0, 10, 0, 10, 10, 0, 0, 0, 0, 10, 10, 0, 10, 0, 10, 10, 10, 0, 10, 0, 0, 10, 10, 10, 2, 10, 0, 10, 10, 10, 0, 10, 0, 0, 0, 0, 10, 10, 10, 10, 10, 0, 10, 10, 0, 10, 0, 0, 10, 10, 10, 10, 0, 10, 0, 10, 10, 10, 10, 10, 10, 10, 10, 0, 0, 10, 0, 0, 10, 0, 10, 0, 10, 10, 10, 10, 0, 0, 0, 10, 10, 0, 1, 0, 10, : 10, 10, 10, 10, 10, 10, 10, 10, 10, 10, 1, 10, 10, 10, 10, 10, 10, 1, 10, 10, 10, 10, 10, 10, 10, 10, 10, 10, 10, 10, 10, 10, 10, 10, 10, 2, 10, 10, 10, 10, 10, 10, 10, 10, 10, 10, 10, 10, 10, 10, 10, 10, 10, 10, 10, 10, 10, 10, 10, 10, 10, 10, 10, 10, 10, 10, 10, 10, 10, 10, 10, 1, 10, 
501: 10, 0, 10, 10, 0, 10, 10, 1, 10, 0, 0, 0, 10, 0, 0, 10, 10, 0, 10, 10, 10, 10, 0, 0, 10, 10, 10, 0, 0, 10, 10, 0, 10, 0, 10, 0, 10, 10, 10, 10, 0, 0, 0, 0, 0, 10, 0, 0, 10, 0, 10, 0, 0, 0, 0, 0, 0, 0, 0, 0, 0, 5, 0, 0, 10, 10, 0, 0, 10, 3, 0, 0, 10, 3, 10, 10, 10, 10, 10, 10, 10, 10, 0, 13, 0, 0, 0, 0, 0, 10, 10, 0, 10, 0, 0, 10, 10, 0, 0, 6, 0, 10, 10, 0, 10, 0, 3, 0, 0, 10, 10, 0, 10, 0, 9, 10, 0, 10, 5, 10, : 10, 10, 10, 10, 10, 1, 10, 10, 10, 10, 10, 10, 10, 10, 10, 10, 10, 10, 10, 10, 10, 10, 10, 10, 10, 10, 10, 10, 5, 10, 10, 10, 3, 10, 3, 10, 10, 10, 10, 10, 10, 10, 10, 13, 10, 10, 10, 10, 10, 6, 10, 10, 10, 3, 10, 10, 10, 9, 10, 10, 5, 10, 
568: 10, 0, 0, 10, 0, 0, 0, 0, 10, 0, 0, 0, 10, 0, 10, 10, 10, 10, 10, 0, 2, 0, 10, 0, 0, 10, 0, 10, 10, 0, 10, 10, 10, 17, 0, 10, 10, 0, 10, 0, 10, 10, 10, 10, 0, 0, 10, 1, 0, 0, 10, 0, 10, 0, 0, 0, 0, 10, 0, 1, 0, 10, 0, 0, 10, 10, 10, 10, 0, 0, 10, 10, 10, 10, 10, 0, 10, 10, 0, 10, 10, 0, 10, 0, 0, 11, 0, 0, 10, 10, 10, 10, 10, 0, 0, 10, 0, 10, 0, 10, 10, 0, 10, 0, 10, 10, 1, 10, 0, 10, 10, 0, 0, 0, 10, 10, 0, 4, 0, 0, : 10, 10, 10, 10, 10, 10, 10, 10, 10, 2, 10, 10, 10, 10, 10, 10, 10, 17, 10, 10, 10, 10, 10, 10, 10, 10, 1, 10, 10, 10, 1, 10, 10, 10, 10, 10, 10, 10, 10, 10, 10, 10, 10, 10, 10, 10, 11, 10, 10, 10, 10, 10, 10, 10, 10, 10, 10, 10, 10, 1, 10, 10, 10, 10, 10, 4, 
300: 10, 10, 0, 10, 0, 10, 10, 10, 10, 10, 0, 17, 0, 0, 10, 0, 0, 0, 0, 10, 10, 0, 0, 0, 10, 10, 0, 10, 10, 10, 10, 10, 0, 0, 0, 10, 11, 10, 10, 0, 10, 10, 4, 0, 10, 0, 0, 0, 10, 0, 10, 2, 10, 0, 0, 10, 10, 0, 0, 0, 10, 10, 10, 10, 10, 10, 0, 10, 0, 10, 10, 10, 10, 0, 10, 0, 0, 17, 10, 10, 1, 0, 1, 10, 0, 0, 10, 10, 0, 10, 0, 10, 0, 0, 10, 0, 10, 10, 10, 10, 0, 14, 0, 0, 10, 0, 0, 0, 10, 10, 10, 10, 0, 10, 0, 10, 10, 0, 0, 10, : 10, 10, 10, 10, 10, 10, 10, 10, 17, 10, 10, 10, 10, 10, 10, 10, 10, 10, 10, 10, 11, 10, 10, 10, 10, 4, 10, 10, 10, 2, 10, 10, 10, 10, 10, 10, 10, 10, 10, 10, 10, 10, 10, 10, 10, 17, 10, 10, 1, 1, 10, 10, 10, 10, 10, 10, 10, 10, 10, 10, 14, 10, 10, 10, 10, 10, 10, 10, 10, 10, 
221: 0, 0, 10, 10, 0, 0, 0, 10, 0, 0, 0, 10, 0, 0, 0, 0, 1, 0, 10, 10, 10, 0, 10, 0, 10, 0, 10, 10, 10, 10, 0, 10, 0, 6, 0, 10, 10, 10, 0, 0, 10, 3, 0, 0, 10, 10, 0, 10, 10, 10, 0, 10, 0, 0, 10, 10, 10, 10, 10, 10, 10, 0, 0, 10, 10, 7, 10, 0, 0, 0, 10, 10, 10, 10, 0, 10, 0, 0, 10, 10, 10, 0, 10, 2, 10, 10, 0, 0, 0, 10, 0, 10, 10, 0, 0, 0, 10, 0, 0, 10, 0, 0, 10, 0, 10, 0, 0, 0, 10, 10, 10, 10, 0, 10, 10, 0, 0, 0, 0, 0, : 10, 10, 10, 10, 1, 10, 10, 10, 10, 10, 10, 10, 10, 10, 10, 6, 10, 10, 10, 10, 3, 10, 10, 10, 10, 10, 10, 10, 10, 10, 10, 10, 10, 10, 10, 10, 7, 10, 10, 10, 10, 10, 10, 10, 10, 10, 10, 2, 10, 10, 10, 10, 10, 10, 10, 10, 10, 10, 10, 10, 10, 10, 10, 
465: 10, 0, 0, 0, 1, 0, 0, 0, 0, 10, 10, 10, 10, 0, 10, 10, 10, 0, 0, 0, 0, 10, 0, 10, 0, 10, 10, 0, 10, 0, 10, 0, 0, 0, 10, 0, 0, 6, 10, 10, 10, 10, 1, 10, 0, 10, 10, 0, 10, 10, 10, 10, 10, 0, 10, 0, 10, 10, 10, 10, 0, 10, 0, 0, 0, 0, 0, 10, 10, 10, 0, 0, 0, 10, 10, 0, 10, 9, 10, 10, 10, 0, 1, 0, 10, 0, 0, 0, 0, 0, 0, 10, 0, 10, 10, 0, 10, 10, 0, 10, 0, 10, 0, 0, 0, 0, 10, 10, 10, 10, 0, 10, 0, 10, 10, 10, 10, 0, 10, 10, : 10, 1, 10, 10, 10, 10, 10, 10, 10, 10, 10, 10, 10, 10, 10, 10, 6, 10, 10, 10, 10, 1, 10, 10, 10, 10, 10, 10, 10, 10, 10, 10, 10, 10, 10, 10, 10, 10, 10, 10, 10, 10, 9, 10, 10, 10, 1, 10, 10, 10, 10, 10, 10, 10, 10, 10, 10, 10, 10, 10, 10, 10, 10, 10, 10, 10, 
764: 0, 10, 10, 0, 10, 0, 10, 0, 0, 10, 10, 10, 10, 10, 10, 10, 10, 0, 10, 9, 10, 10, 10, 0, 10, 0, 0, 10, 10, 0, 0, 10, 10, 10, 0, 10, 0, 10, 10, 10, 10, 0, 0, 1, 10, 0, 10, 0, 10, 10, 0, 0, 10, 10, 10, 10, 0, 10, 10, 0, 10, 0, 0, 10, 10, 0, 10, 10, 0, 0, 1, 0, 10, 0, 0, 10, 10, 10, 0, 10, 0, 10, 0, 0, 10, 0, 10, 10, 0, 10, 10, 0, 10, 0, 10, 10, 0, 10, 10, 0, 10, 10, 10, 0, 2, 10, 10, 10, 10, 2, 10, 10, 10, 10, 0, 0, 10, 0, 0, 0, : 10, 10, 10, 10, 10, 10, 10, 10, 10, 10, 10, 10, 10, 9, 10, 10, 10, 10, 10, 10, 10, 10, 10, 10, 10, 10, 10, 10, 1, 10, 10, 10, 10, 10, 10, 10, 10, 10, 10, 10, 10, 10, 10, 10, 1, 10, 10, 10, 10, 10, 10, 10, 10, 10, 10, 10, 10, 10, 10, 10, 10, 10, 10, 10, 2, 10, 10, 10, 10, 2, 10, 10, 10, 10, 10, 
700: 10, 10, 10, 10, 10, 10, 0, 0, 10, 0, 10, 10, 0, 10, 10, 10, 10, 10, 0, 10, 10, 10, 10, 10, 0, 10, 10, 0, 0, 10, 10, 10, 0, 10, 10, 0, 0, 0, 0, 0, 10, 0, 10, 0, 10, 10, 0, 10, 16, 10, 10, 10, 10, 10, 0, 10, 10, 10, 0, 0, 13, 0, 0, 10, 10, 0, 10, 10, 0, 10, 10, 10, 10, 10, 10, 0, 0, 0, 10, 10, 0, 0, 0, 10, 10, 10, 0, 10, 10, 10, 0, 0, 0, 10, 3, 0, 0, 10, 10, 10, 10, 10, 0, 0, 0, 10, 0, 0, 0, 0, 0, 0, 10, 10, 0, 10, 0, 10, 1, 10, : 10, 10, 10, 10, 10, 10, 10, 10, 10, 10, 10, 10, 10, 10, 10, 10, 10, 10, 10, 10, 10, 10, 10, 10, 10, 10, 10, 10, 10, 10, 10, 16, 10, 10, 10, 10, 10, 10, 10, 10, 13, 10, 10, 10, 10, 10, 10, 10, 10, 10, 10, 10, 10, 10, 10, 10, 10, 10, 10, 10, 3, 10, 10, 10, 10, 10, 10, 10, 10, 10, 10, 1, 10, 
800: 10, 10, 0, 0, 10, 0, 10, 10, 0, 0, 0, 0, 0, 0, 10, 0, 10, 0, 0, 0, 0, 10, 0, 0, 0, 10, 10, 0, 0, 0, 10, 0, 0, 0, 10, 10, 0, 10, 0, 0, 0, 10, 0, 0, 10, 0, 0, 10, 10, 0, 0, 10, 0, 0, 0, 0, 0, 0, 0, 0, 10, 10, 0, 10, 10, 0, 0, 0, 0, 10, 10, 0, 0, 0, 0, 0, 10, 0, 0, 0, 0, 0, 0, 0, 0, 0, 10, 0, 4, 10, 0, 0, 0, 10, 0, 10, 0, 0, 0, 10, 0, 10, 10, 0, 10, 10, 0, 10, 0, 10, 10, 10, 10, 10, 0, 0, 10, 10, 2, 10, : 10, 10, 10, 10, 10, 10, 10, 10, 10, 10, 10, 10, 10, 10, 10, 10, 10, 10, 10, 10, 10, 10, 10, 10, 10, 10, 10, 4, 10, 10, 10, 10, 10, 10, 10, 10, 10, 10, 10, 10, 10, 10, 10, 10, 2, 10, 
706: 0, 0, 0, 0, 0, 0, 10, 0, 0, 10, 0, 0, 10, 3, 10, 10, 0, 10, 0, 0, 0, 10, 0, 14, 10, 0, 0, 10, 10, 0, 10, 0, 0, 0, 0, 10, 0, 0, 0, 10, 0, 0, 0, 10, 10, 0, 7, 10, 0, 10, 0, 0, 10, 0, 10, 10, 10, 10, 0, 10, 10, 10, 0, 0, 3, 0, 10, 0, 10, 10, 10, 0, 10, 1, 10, 0, 10, 0, 0, 10, 10, 0, 0, 0, 10, 0, 0, 10, 0, 0, 10, 0, 0, 10, 0, 0, 0, 10, 0, 0, 0, 0, 0, 10, 0, 0, 10, 0, 0, 10, 0, 0, 0, 0, 10, 10, 0, 10, 0, 10, : 10, 10, 10, 3, 10, 10, 10, 10, 14, 10, 10, 10, 10, 10, 10, 10, 10, 7, 10, 10, 10, 10, 10, 10, 10, 10, 10, 10, 3, 10, 10, 10, 10, 10, 1, 10, 10, 10, 10, 10, 10, 10, 10, 10, 10, 10, 10, 10, 10, 10, 10, 
444: 0, 0, 0, 10, 10, 0, 0, 10, 10, 0, 10, 10, 0, 0, 0, 10, 0, 10, 0, 1, 10, 0, 0, 10, 10, 0, 0, 0, 10, 10, 10, 10, 0, 0, 10, 10, 0, 10, 10, 0, 10, 0, 10, 0, 0, 0, 0, 10, 10, 0, 10, 10, 10, 10, 0, 10, 0, 10, 0, 10, 0, 0, 10, 0, 0, 0, 10, 10, 19, 10, 10, 0, 10, 0, 10, 0, 10, 0, 10, 10, 0, 0, 10, 10, 0, 10, 10, 0, 10, 10, 0, 10, 10, 0, 0, 0, 10, 0, 10, 0, 10, 10, 1, 0, 10, 0, 0, 0, 0, 0, 10, 10, 10, 10, 0, 10, 3, 0, 10, 0, : 10, 10, 10, 10, 10, 10, 10, 10, 1, 10, 10, 10, 10, 10, 10, 10, 10, 10, 10, 10, 10, 10, 10, 10, 10, 10, 10, 10, 10, 10, 10, 10, 10, 10, 19, 10, 10, 10, 10, 10, 10, 10, 10, 10, 10, 10, 10, 10, 10, 10, 10, 10, 10, 10, 1, 10, 10, 10, 10, 10, 10, 3, 10, 
122: 0, 10, 10, 10, 0, 10, 0, 10, 10, 10, 0, 0, 10, 0, 10, 10, 10, 0, 10, 10, 0, 0, 10, 0, 0, 0, 10, 10, 10, 10, 0, 10, 10, 0, 10, 0, 10, 0, 0, 0, 10, 1, 10, 10, 10, 10, 0, 0, 10, 0, 0, 10, 0, 0, 6, 0, 0, 10, 0, 0, 10, 10, 0, 0, 10, 10, 0, 10, 10, 0, 19, 0, 0, 0, 0, 0, 0, 10, 0, 0, 0, 10, 0, 10, 0, 10, 10, 10, 10, 10, 0, 0, 0, 0, 10, 0, 0, 10, 0, 0, 10, 0, 10, 10, 10, 0, 0, 0, 0, 10, 10, 0, 10, 10, 0, 10, 0, 0, 10, 10, : 10, 10, 10, 10, 10, 10, 10, 10, 10, 10, 10, 10, 10, 10, 10, 10, 10, 10, 10, 10, 10, 10, 10, 1, 10, 10, 10, 10, 10, 10, 6, 10, 10, 10, 10, 10, 10, 10, 19, 10, 10, 10, 10, 10, 10, 10, 10, 10, 10, 10, 10, 10, 10, 10, 10, 10, 10, 10, 10, 10, 
57: 0, 10, 10, 10, 10, 10, 10, 10, 0, 0, 10, 0, 10, 0, 10, 10, 10, 10, 0, 0, 10, 10, 0, 0, 0, 10, 10, 10, 0, 0, 10, 0, 10, 0, 0, 10, 10, 10, 0, 10, 10, 3, 10, 0, 0, 0, 0, 10, 0, 0, 0, 0, 10, 0, 10, 1, 10, 0, 10, 10, 0, 10, 0, 10, 0, 0, 1, 0, 0, 0, 10, 10, 10, 0, 10, 0, 0, 0, 10, 0, 10, 10, 0, 10, 0, 10, 0, 10, 10, 0, 0, 10, 10, 0, 0, 0, 10, 10, 0, 10, 0, 10, 10, 10, 0, 10, 0, 0, 0, 10, 10, 10, 0, 10, 10, 10, 0, 0, 0, 10, : 10, 10, 10, 10, 10, 10, 10, 10, 10, 10, 10, 10, 10, 10, 10, 10, 10, 10, 10, 10, 10, 10, 10, 10, 10, 3, 10, 10, 10, 10, 1, 10, 10, 10, 10, 10, 1, 10, 10, 10, 10, 10, 10, 10, 10, 10, 10, 10, 10, 10, 10, 10, 10, 10, 10, 10, 10, 10, 10, 10, 10, 10, 10, 10, 
490: 10, 10, 0, 0, 10, 10, 0, 0, 10, 10, 10, 10, 0, 0, 0, 0, 0, 0, 6, 0, 10, 10, 0, 10, 10, 0, 10, 10, 10, 0, 0, 10, 0, 10, 0, 0, 0, 10, 3, 0, 10, 10, 0, 0, 0, 0, 0, 0, 0, 0, 0, 0, 10, 0, 10, 0, 10, 0, 10, 10, 0, 0, 10, 10, 0, 10, 10, 0, 10, 10, 0, 10, 10, 10, 10, 0, 10, 0, 0, 0, 0, 10, 0, 10, 0, 10, 10, 0, 0, 10, 10, 0, 10, 10, 0, 10, 0, 0, 0, 10, 10, 10, 10, 10, 10, 10, 10, 0, 10, 0, 0, 0, 0, 0, 10, 0, 10, 0, 10, 10, : 10, 10, 10, 10, 10, 10, 10, 10, 6, 10, 10, 10, 10, 10, 10, 10, 10, 10, 10, 3, 10, 10, 10, 10, 10, 10, 10, 10, 10, 10, 10, 10, 10, 10, 10, 10, 10, 10, 10, 10, 10, 10, 10, 10, 10, 10, 10, 10, 10, 10, 10, 10, 10, 10, 10, 10, 10, 10, 10, 10, 
749: 10, 10, 0, 0, 10, 10, 10, 10, 10, 0, 10, 0, 0, 10, 10, 10, 4, 0, 0, 10, 0, 0, 10, 0, 10, 0, 10, 10, 0, 10, 0, 10, 10, 10, 10, 0, 10, 0, 0, 10, 10, 10, 0, 10, 10, 0, 0, 0, 0, 0, 0, 10, 0, 10, 0, 0, 10, 10, 0, 10, 10, 0, 0, 10, 0, 10, 0, 0, 1, 10, 0, 0, 0, 10, 10, 10, 10, 0, 0, 0, 0, 10, 10, 0, 10, 0, 0, 10, 0, 0, 10, 10, 10, 10, 0, 10, 10, 10, 0, 0, 10, 0, 10, 0, 0, 10, 10, 0, 0, 10, 0, 10, 0, 10, 0, 0, 10, 10, 12, 10, : 10, 10, 10, 10, 10, 10, 10, 10, 10, 10, 10, 4, 10, 10, 10, 10, 10, 10, 10, 10, 10, 10, 10, 10, 10, 10, 10, 10, 10, 10, 10, 10, 10, 10, 10, 10, 1, 10, 10, 10, 10, 10, 10, 10, 10, 10, 10, 10, 10, 10, 10, 10, 10, 10, 10, 10, 10, 10, 10, 10, 10, 10, 12, 10, 
10: 0, 0, 15, 0, 0, 0, 0, 0, 10, 10, 10, 0, 10, 10, 0, 0, 0, 10, 10, 0, 0, 10, 10, 0, 10, 10, 0, 10, 0, 10, 0, 10, 0, 10, 10, 10, 0, 10, 0, 0, 0, 10, 10, 0, 0, 10, 10, 10, 10, 0, 0, 0, 0, 10, 0, 10, 0, 10, 0, 0, 0, 10, 10, 0, 10, 10, 0, 10, 10, 0, 10, 10, 0, 10, 10, 0, 10, 10, 10, 10, 10, 0, 0, 10, 0, 10, 0, 0, 10, 10, 0, 10, 0, 10, 10, 0, 0, 10, 0, 0, 0, 0, 10, 0, 0, 10, 0, 10, 10, 0, 0, 0, 0, 10, 10, 10, 0, 10, 0, 0, : 15, 10, 10, 10, 10, 10, 10, 10, 10, 10, 10, 10, 10, 10, 10, 10, 10, 10, 10, 10, 10, 10, 10, 10, 10, 10, 10, 10, 10, 10, 10, 10, 10, 10, 10, 10, 10, 10, 10, 10, 10, 10, 10, 10, 10, 10, 10, 10, 10, 10, 10, 10, 10, 10, 10, 10, 10, 10, 10, 
416: 0, 0, 10, 10, 10, 0, 10, 16, 0, 8, 0, 0, 0, 0, 10, 0, 0, 0, 10, 0, 10, 10, 1, 10, 10, 0, 0, 10, 0, 10, 0, 0, 10, 10, 0, 10, 10, 10, 10, 0, 10, 10, 0, 10, 0, 10, 10, 0, 10, 10, 0, 10, 0, 10, 10, 0, 0, 0, 10, 10, 0, 9, 0, 10, 10, 0, 0, 0, 10, 10, 10, 10, 0, 10, 0, 0, 10, 3, 10, 10, 10, 10, 10, 0, 10, 0, 10, 10, 0, 0, 10, 10, 0, 10, 0, 0, 0, 10, 0, 0, 0, 0, 0, 0, 0, 0, 10, 10, 2, 10, 10, 0, 10, 10, 10, 0, 0, 0, 0, 0, : 10, 10, 10, 10, 16, 8, 10, 10, 10, 10, 1, 10, 10, 10, 10, 10, 10, 10, 10, 10, 10, 10, 10, 10, 10, 10, 10, 10, 10, 10, 10, 10, 10, 9, 10, 10, 10, 10, 10, 10, 10, 10, 3, 10, 10, 10, 10, 10, 10, 10, 10, 10, 10, 10, 10, 10, 10, 2, 10, 10, 10, 10, 10, 
442: 0, 10, 0, 0, 10, 10, 10, 0, 0, 10, 0, 0, 10, 0, 10, 0, 0, 0, 0, 0, 10, 0, 20, 10, 0, 10, 0, 10, 10, 0, 0, 2, 10, 0, 0, 10, 0, 0, 10, 10, 10, 0, 10, 10, 10, 10, 0, 2, 10, 10, 0, 0, 10, 10, 10, 10, 10, 0, 0, 0, 0, 0, 10, 10, 0, 10, 10, 0, 0, 0, 0, 10, 0, 10, 10, 10, 0, 10, 0, 10, 10, 0, 0, 0, 10, 10, 1, 10, 10, 0, 10, 10, 0, 0, 0, 10, 0, 10, 0, 0, 0, 10, 10, 0, 10, 1, 10, 10, 0, 0, 0, 0, 0, 0, 10, 10, 10, 0, 0, 10, : 10, 10, 10, 10, 10, 10, 10, 10, 20, 10, 10, 10, 10, 2, 10, 10, 10, 10, 10, 10, 10, 10, 10, 2, 10, 10, 10, 10, 10, 10, 10, 10, 10, 10, 10, 10, 10, 10, 10, 10, 10, 10, 10, 10, 1, 10, 10, 10, 10, 10, 10, 10, 10, 10, 1, 10, 10, 10, 10, 10, 10, 
381: 10, 0, 0, 10, 10, 0, 10, 10, 10, 0, 0, 15, 0, 10, 0, 0, 10, 10, 2, 0, 0, 10, 0, 10, 10, 10, 0, 0, 10, 0, 0, 10, 0, 0, 0, 0, 1, 10, 10, 10, 0, 10, 10, 10, 10, 0, 0, 10, 10, 10, 0, 0, 10, 10, 0, 0, 0, 0, 0, 10, 0, 0, 0, 10, 0, 0, 0, 10, 0, 10, 10, 0, 0, 10, 0, 0, 0, 0, 10, 0, 0, 10, 10, 10, 0, 0, 0, 10, 0, 0, 0, 0, 10, 10, 0, 10, 10, 9, 10, 10, 0, 0, 10, 0, 10, 0, 10, 10, 0, 0, 0, 0, 10, 10, 10, 0, 10, 10, 10, 10, : 10, 10, 10, 10, 10, 10, 15, 10, 10, 10, 2, 10, 10, 10, 10, 10, 10, 1, 10, 10, 10, 10, 10, 10, 10, 10, 10, 10, 10, 10, 10, 10, 10, 10, 10, 10, 10, 10, 10, 10, 10, 10, 10, 10, 10, 9, 10, 10, 10, 10, 10, 10, 10, 10, 10, 10, 10, 10, 10, 
371: 0, 0, 0, 10, 0, 10, 10, 10, 0, 10, 0, 0, 0, 0, 10, 0, 0, 9, 0, 10, 10, 0, 0, 0, 10, 2, 10, 0, 10, 0, 10, 10, 10, 0, 0, 0, 10, 10, 10, 0, 0, 0, 10, 10, 10, 10, 0, 10, 10, 10, 0, 0, 10, 0, 0, 0, 8, 0, 0, 10, 10, 10, 1, 0, 0, 0, 0, 0, 10, 0, 0, 10, 7, 0, 10, 10, 0, 0, 10, 10, 0, 10, 0, 0, 0, 10, 10, 0, 0, 0, 14, 0, 10, 0, 10, 0, 10, 0, 10, 0, 1, 10, 0, 0, 6, 10, 10, 0, 10, 10, 0, 10, 10, 10, 10, 10, 10, 0, 15, 10, : 10, 10, 10, 10, 10, 10, 9, 10, 10, 10, 2, 10, 10, 10, 10, 10, 10, 10, 10, 10, 10, 10, 10, 10, 10, 10, 10, 8, 10, 10, 10, 1, 10, 10, 7, 10, 10, 10, 10, 10, 10, 10, 14, 10, 10, 10, 10, 1, 10, 6, 10, 10, 10, 10, 10, 10, 10, 10, 10, 10, 15, 10, 
265: 10, 10, 0, 0, 10, 10, 0, 10, 0, 10, 0, 10, 0, 0, 10, 10, 0, 0, 10, 2, 10, 0, 0, 10, 10, 10, 0, 10, 0, 0, 10, 0, 0, 10, 0, 10, 0, 10, 10, 0, 0, 0, 10, 0, 0, 10, 17, 10, 0, 0, 0, 10, 10, 10, 10, 2, 10, 0, 0, 0, 10, 0, 0, 10, 0, 10, 10, 0, 0, 0, 0, 0, 10, 10, 0, 10, 10, 10, 0, 6, 0, 0, 10, 0, 10, 0, 0, 0, 0, 0, 0, 10, 10, 10, 10, 10, 10, 10, 10, 10, 0, 0, 0, 10, 10, 10, 0, 0, 10, 10, 10, 10, 10, 0, 10, 0, 10, 10, 10, 0, : 10, 10, 10, 10, 10, 10, 10, 10, 10, 10, 2, 10, 10, 10, 10, 10, 10, 10, 10, 10, 10, 10, 10, 17, 10, 10, 10, 10, 10, 2, 10, 10, 10, 10, 10, 10, 10, 10, 10, 10, 6, 10, 10, 10, 10, 10, 10, 10, 10, 10, 10, 10, 10, 10, 10, 10, 10, 10, 10, 10, 10, 10, 10, 10, 
492: 0, 10, 0, 10, 10, 10, 0, 0, 10, 4, 0, 0, 0, 10, 0, 10, 10, 10, 10, 10, 0, 10, 10, 0, 10, 10, 0, 0, 0, 10, 10, 3, 10, 10, 0, 10, 10, 10, 10, 0, 0, 10, 0, 0, 10, 1, 0, 10, 10, 0, 10, 0, 0, 0, 10, 10, 0, 1, 10, 10, 10, 10, 10, 10, 0, 0, 0, 0, 10, 10, 0, 10, 0, 10, 0, 10, 0, 10, 2, 10, 10, 10, 0, 10, 10, 0, 2, 0, 10, 10, 0, 10, 10, 10, 0, 0, 10, 10, 10, 10, 10, 0, 0, 0, 0, 10, 10, 1, 0, 0, 10, 7, 10, 0, 10, 0, 10, 0, 10, 0, : 10, 10, 10, 10, 10, 4, 10, 10, 10, 10, 10, 10, 10, 10, 10, 10, 10, 10, 3, 10, 10, 10, 10, 10, 10, 10, 10, 1, 10, 10, 10, 10, 10, 1, 10, 10, 10, 10, 10, 10, 10, 10, 10, 10, 10, 10, 2, 10, 10, 10, 10, 10, 2, 10, 10, 10, 10, 10, 10, 10, 10, 10, 10, 10, 10, 1, 10, 7, 10, 10, 10, 10, 
509: 10, 0, 0, 0, 10, 0, 0, 10, 10, 10, 0, 10, 10, 10, 10, 0, 13, 0, 0, 10, 10, 0, 10, 0, 10, 0, 10, 0, 0, 10, 10, 10, 0, 10, 0, 0, 0, 0, 0, 0, 10, 10, 0, 0, 0, 10, 0, 0, 0, 10, 0, 10, 6, 10, 0, 0, 10, 0, 10, 0, 10, 0, 10, 4, 10, 10, 10, 0, 0, 10, 0, 10, 0, 0, 0, 10, 0, 0, 0, 0, 10, 0, 10, 10, 0, 0, 0, 0, 10, 10, 0, 10, 0, 0, 0, 10, 0, 0, 0, 10, 10, 0, 0, 10, 10, 10, 10, 10, 0, 0, 0, 10, 10, 0, 10, 0, 10, 0, 10, 10, : 10, 10, 10, 10, 10, 10, 10, 10, 10, 13, 10, 10, 10, 10, 10, 10, 10, 10, 10, 10, 10, 10, 10, 10, 6, 10, 10, 10, 10, 10, 4, 10, 10, 10, 10, 10, 10, 10, 10, 10, 10, 10, 10, 10, 10, 10, 10, 10, 10, 10, 10, 10, 10, 10, 10, 10, 10, 
414: 0, 10, 10, 0, 10, 10, 10, 0, 0, 10, 10, 10, 0, 10, 10, 0, 10, 10, 10, 10, 0, 10, 0, 10, 10, 0, 10, 10, 10, 0, 0, 0, 0, 10, 0, 0, 10, 10, 0, 10, 0, 10, 0, 0, 0, 0, 0, 10, 10, 0, 0, 10, 0, 10, 10, 10, 10, 10, 10, 10, 0, 10, 0, 0, 10, 10, 10, 0, 10, 10, 0, 10, 10, 10, 10, 0, 10, 10, 10, 0, 0, 10, 10, 0, 0, 0, 0, 10, 10, 10, 10, 10, 0, 0, 10, 0, 10, 0, 0, 0, 10, 10, 0, 10, 10, 10, 0, 10, 10, 10, 0, 10, 0, 0, 10, 0, 10, 0, 10, 12, : 10, 10, 10, 10, 10, 10, 10, 10, 10, 10, 10, 10, 10, 10, 10, 10, 10, 10, 10, 10, 10, 10, 10, 10, 10, 10, 10, 10, 10, 10, 10, 10, 10, 10, 10, 10, 10, 10, 10, 10, 10, 10, 10, 10, 10, 10, 10, 10, 10, 10, 10, 10, 10, 10, 10, 10, 10, 10, 10, 10, 10, 10, 10, 10, 10, 10, 10, 10, 10, 12, 
382: 0, 0, 0, 0, 0, 10, 10, 10, 10, 0, 10, 10, 0, 0, 10, 10, 0, 0, 10, 0, 0, 10, 0, 10, 0, 10, 10, 10, 0, 10, 0, 10, 2, 10, 0, 0, 10, 8, 10, 0, 2, 0, 0, 0, 0, 0, 0, 10, 10, 10, 10, 10, 0, 10, 10, 10, 0, 10, 0, 10, 10, 10, 4, 10, 0, 0, 10, 0, 0, 10, 0, 0, 10, 2, 10, 0, 0, 0, 0, 0, 0, 1, 10, 0, 10, 0, 10, 0, 10, 0, 10, 10, 0, 10, 10, 10, 0, 10, 0, 10, 8, 0, 0, 10, 10, 10, 0, 10, 10, 10, 10, 0, 10, 14, 10, 0, 0, 2, 0, 10, : 10, 10, 10, 10, 10, 10, 10, 10, 10, 10, 10, 10, 10, 10, 10, 10, 2, 10, 10, 8, 10, 2, 10, 10, 10, 10, 10, 10, 10, 10, 10, 10, 10, 10, 4, 10, 10, 10, 10, 2, 10, 1, 10, 10, 10, 10, 10, 10, 10, 10, 10, 10, 10, 8, 10, 10, 10, 10, 10, 10, 10, 10, 14, 10, 2, 10, 
471: 10, 10, 6, 0, 10, 10, 10, 0, 16, 10, 10, 10, 10, 10, 0, 10, 0, 1, 10, 0, 10, 10, 10, 10, 0, 10, 10, 0, 10, 0, 0, 0, 10, 10, 10, 10, 0, 0, 10, 0, 10, 10, 10, 0, 0, 10, 10, 10, 10, 0, 10, 10, 0, 10, 0, 10, 10, 10, 0, 18, 0, 0, 10, 10, 10, 0, 10, 0, 0, 0, 10, 10, 0, 10, 10, 10, 10, 1, 10, 10, 1, 0, 0, 10, 0, 10, 0, 0, 10, 0, 1, 0, 10, 10, 0, 1, 10, 10, 0, 10, 0, 1, 0, 0, 0, 10, 10, 0, 10, 10, 10, 0, 0, 10, 10, 0, 10, 0, 0, 0, : 10, 10, 6, 10, 10, 10, 16, 10, 10, 10, 10, 10, 10, 1, 10, 10, 10, 10, 10, 10, 10, 10, 10, 10, 10, 10, 10, 10, 10, 10, 10, 10, 10, 10, 10, 10, 10, 10, 10, 10, 18, 10, 10, 10, 10, 10, 10, 10, 10, 10, 10, 1, 10, 10, 1, 10, 10, 10, 1, 10, 10, 1, 10, 10, 10, 1, 10, 10, 10, 10, 10, 10, 10, 10, 
768: 10, 10, 10, 10, 0, 10, 10, 10, 0, 10, 0, 0, 0, 10, 0, 10, 0, 0, 10, 10, 3, 0, 10, 0, 0, 0, 10, 10, 0, 0, 10, 10, 10, 0, 10, 10, 0, 0, 10, 5, 0, 0, 0, 10, 10, 10, 0, 0, 0, 0, 10, 10, 0, 14, 0, 10, 10, 10, 10, 10, 10, 0, 0, 0, 0, 0, 10, 0, 10, 10, 10, 0, 10, 0, 10, 10, 10, 20, 10, 0, 0, 0, 10, 0, 10, 10, 10, 0, 0, 0, 0, 0, 10, 10, 10, 10, 0, 10, 10, 10, 10, 0, 0, 10, 10, 0, 10, 0, 5, 0, 0, 10, 10, 10, 0, 0, 10, 10, 10, 0, : 10, 10, 10, 10, 10, 10, 10, 10, 10, 10, 10, 10, 3, 10, 10, 10, 10, 10, 10, 10, 10, 10, 5, 10, 10, 10, 10, 10, 14, 10, 10, 10, 10, 10, 10, 10, 10, 10, 10, 10, 10, 10, 10, 20, 10, 10, 10, 10, 10, 10, 10, 10, 10, 10, 10, 10, 10, 10, 10, 10, 5, 10, 10, 10, 10, 10, 10, 
207: 10, 0, 0, 10, 10, 10, 10, 0, 0, 10, 10, 10, 10, 0, 0, 0, 10, 10, 0, 0, 10, 0, 10, 10, 10, 0, 0, 0, 10, 0, 10, 0, 0, 10, 10, 0, 10, 0, 0, 0, 0, 0, 10, 10, 10, 0, 0, 10, 10, 10, 1, 0, 10, 0, 10, 10, 0, 0, 10, 0, 0, 0, 0, 0, 0, 10, 0, 10, 10, 0, 10, 10, 0, 19, 10, 10, 10, 0, 0, 0, 0, 10, 0, 0, 10, 0, 10, 10, 10, 10, 10, 10, 0, 0, 0, 0, 10, 10, 10, 0, 0, 0, 1, 10, 0, 0, 0, 10, 10, 10, 2, 1, 0, 0, 6, 10, 10, 0, 0, 0, : 10, 10, 10, 10, 10, 10, 10, 10, 10, 10, 10, 10, 10, 10, 10, 10, 10, 10, 10, 10, 10, 10, 10, 10, 10, 10, 1, 10, 10, 10, 10, 10, 10, 10, 10, 10, 19, 10, 10, 10, 10, 10, 10, 10, 10, 10, 10, 10, 10, 10, 10, 1, 10, 10, 10, 10, 2, 1, 6, 10, 10, 
106: 0, 0, 10, 10, 10, 0, 10, 10, 10, 10, 10, 10, 10, 10, 0, 10, 0, 0, 0, 0, 0, 0, 10, 0, 0, 0, 10, 10, 10, 10, 0, 10, 0, 0, 0, 10, 10, 0, 0, 10, 0, 10, 0, 0, 10, 0, 10, 10, 10, 10, 10, 10, 0, 0, 0, 0, 0, 10, 0, 0, 0, 10, 0, 10, 0, 2, 0, 0, 0, 0, 0, 0, 0, 10, 13, 10, 0, 10, 10, 10, 0, 10, 10, 0, 10, 10, 10, 0, 0, 10, 5, 0, 10, 1, 10, 10, 10, 10, 0, 0, 0, 0, 10, 0, 1, 10, 10, 10, 10, 0, 10, 0, 10, 10, 0, 0, 0, 10, 0, 0, : 10, 10, 10, 10, 10, 10, 10, 10, 10, 10, 10, 10, 10, 10, 10, 10, 10, 10, 10, 10, 10, 10, 10, 10, 10, 10, 10, 10, 10, 10, 10, 10, 2, 10, 13, 10, 10, 10, 10, 10, 10, 10, 10, 10, 10, 5, 10, 1, 10, 10, 10, 10, 10, 1, 10, 10, 10, 10, 10, 10, 10, 10, 
573: 10, 0, 0, 10, 0, 10, 10, 10, 8, 0, 10, 0, 10, 0, 0, 0, 15, 10, 10, 0, 0, 10, 0, 10, 0, 10, 0, 10, 10, 10, 10, 10, 10, 0, 0, 10, 10, 10, 0, 0, 0, 10, 0, 10, 0, 10, 0, 3, 10, 10, 10, 3, 0, 10, 0, 0, 0, 10, 0, 10, 10, 10, 0, 10, 10, 0, 10, 13, 0, 0, 0, 0, 10, 0, 0, 10, 10, 0, 10, 0, 0, 0, 0, 0, 0, 0, 10, 0, 10, 0, 0, 0, 10, 0, 0, 10, 10, 10, 10, 10, 10, 10, 0, 10, 0, 0, 0, 0, 0, 10, 10, 10, 0, 0, 10, 0, 0, 10, 10, 0, : 10, 10, 10, 10, 10, 8, 10, 10, 15, 10, 10, 10, 10, 10, 10, 10, 10, 10, 10, 10, 10, 10, 10, 10, 10, 10, 3, 10, 10, 10, 3, 10, 10, 10, 10, 10, 10, 10, 10, 13, 10, 10, 10, 10, 10, 10, 10, 10, 10, 10, 10, 10, 10, 10, 10, 10, 10, 10, 10, 10, 10, 
334: 0, 10, 0, 10, 10, 0, 10, 10, 10, 10, 10, 10, 10, 10, 0, 9, 10, 10, 10, 10, 0, 0, 18, 0, 10, 10, 0, 10, 10, 0, 0, 0, 10, 0, 10, 0, 10, 10, 0, 10, 2, 0, 10, 0, 5, 0, 2, 0, 0, 0, 10, 3, 10, 0, 10, 0, 10, 10, 0, 10, 10, 0, 10, 18, 10, 0, 0, 10, 0, 0, 0, 0, 0, 0, 0, 0, 0, 0, 10, 0, 0, 10, 0, 0, 10, 10, 0, 10, 10, 10, 10, 10, 0, 0, 0, 10, 0, 0, 0, 10, 10, 10, 0, 10, 0, 10, 10, 10, 10, 0, 0, 10, 10, 0, 10, 10, 0, 0, 10, 0, : 10, 10, 10, 10, 10, 10, 10, 10, 10, 10, 10, 9, 10, 10, 10, 10, 18, 10, 10, 10, 10, 10, 10, 10, 10, 10, 2, 10, 5, 2, 10, 3, 10, 10, 10, 10, 10, 10, 10, 18, 10, 10, 10, 10, 10, 10, 10, 10, 10, 10, 10, 10, 10, 10, 10, 10, 10, 10, 10, 10, 10, 10, 10, 10, 10, 


592: 8, 10, 10, 10, 10, 0, 0, 10, 10, 0, 10, 0, 10, 10, 10, 0, 10, 0, 10, 10, 10, 10, 10, 10, 0, 0, 0, 0, 0, 10, 10, 0, 0, 0, 10, 0, 0, 0, 10, 10, 0, 0, 0, 1, 0, 10, 10, 0, 1, 10, 0, 10, 10, 10, 10, 10, 10, 0, 0, 0, 10, 0, 1, 10, 0, 0, 10, 0, 0, 0, 10, 10, 10, 10, 10, 10, 10, 10, 0, 0, 10, 10, 10, 10, 0, 0, 0, 10, 10, 10, 10, 10, 0, 10, 8, 0, 0, 10, 0, 10, 0, 10, 10, 10, 0, 10, 8, 0, 10, 10, 10, 10, 10, 10, 10, 10, 0, 0, 10, 0, : 8, 10, 10, 10, 10, 10, 10, 10, 10, 10, 10, 10, 10, 10, 10, 10, 10, 10, 10, 10, 10, 10, 10, 1, 10, 10, 1, 10, 10, 10, 10, 10, 10, 10, 10, 1, 10, 10, 10, 10, 10, 10, 10, 10, 10, 10, 10, 10, 10, 10, 10, 10, 10, 10, 10, 10, 8, 10, 10, 10, 10, 10, 10, 8, 10, 10, 10, 10, 10, 10, 10, 10, 10, 
412: 10, 0, 0, 0, 10, 0, 10, 10, 10, 1, 10, 10, 0, 10, 0, 0, 0, 10, 10, 0, 0, 0, 5, 10, 0, 10, 10, 0, 0, 10, 0, 0, 0, 0, 0, 1, 0, 10, 10, 0, 0, 0, 10, 10, 10, 0, 0, 0, 0, 10, 1, 2, 10, 0, 10, 10, 10, 0, 0, 10, 0, 0, 10, 0, 10, 10, 10, 0, 10, 10, 10, 0, 0, 10, 10, 10, 0, 0, 10, 0, 10, 10, 10, 0, 9, 0, 2, 10, 10, 0, 10, 0, 0, 0, 10, 10, 10, 0, 14, 10, 10, 0, 0, 0, 0, 0, 0, 10, 0, 10, 0, 0, 10, 10, 10, 10, 0, 10, 1, 0, : 10, 10, 10, 10, 10, 1, 10, 10, 10, 10, 10, 5, 10, 10, 10, 10, 1, 10, 10, 10, 10, 10, 10, 1, 2, 10, 10, 10, 10, 10, 10, 10, 10, 10, 10, 10, 10, 10, 10, 10, 10, 10, 10, 10, 9, 2, 10, 10, 10, 10, 10, 10, 14, 10, 10, 10, 10, 10, 10, 10, 10, 10, 1, 
199: 1, 10, 0, 0, 0, 10, 3, 10, 0, 10, 10, 10, 0, 10, 0, 0, 0, 0, 10, 0, 10, 10, 10, 0, 0, 10, 10, 0, 10, 0, 1, 0, 10, 0, 10, 10, 0, 10, 0, 10, 0, 10, 0, 0, 0, 0, 10, 10, 10, 0, 10, 10, 10, 10, 10, 10, 10, 10, 0, 0, 0, 0, 0, 0, 10, 0, 10, 10, 10, 0, 10, 0, 10, 0, 10, 0, 0, 10, 0, 10, 0, 10, 10, 10, 0, 0, 0, 0, 10, 10, 10, 0, 0, 0, 0, 10, 0, 0, 10, 10, 10, 10, 10, 0, 10, 10, 0, 10, 0, 10, 0, 10, 10, 10, 0, 0, 10, 10, 10, 10, : 1, 10, 10, 3, 10, 10, 10, 10, 10, 10, 10, 10, 10, 10, 10, 10, 1, 10, 10, 10, 10, 10, 10, 10, 10, 10, 10, 10, 10, 10, 10, 10, 10, 10, 10, 10, 10, 10, 10, 10, 10, 10, 10, 10, 10, 10, 10, 10, 10, 10, 10, 10, 10, 10, 10, 10, 10, 10, 10, 10, 10, 10, 10, 10, 10, 10, 
380: 10, 0, 10, 0, 0, 0, 10, 10, 4, 0, 0, 0, 10, 0, 10, 10, 10, 0, 0, 10, 10, 10, 0, 10, 10, 0, 0, 10, 10, 10, 0, 0, 10, 0, 0, 10, 0, 0, 0, 0, 0, 10, 0, 10, 10, 10, 0, 10, 10, 10, 0, 1, 10, 3, 10, 10, 0, 10, 0, 0, 10, 10, 13, 10, 0, 0, 10, 10, 0, 0, 0, 10, 10, 10, 10, 0, 10, 0, 10, 10, 0, 0, 10, 10, 0, 0, 0, 10, 0, 10, 10, 0, 0, 10, 0, 0, 10, 10, 10, 0, 0, 0, 0, 0, 0, 0, 0, 0, 0, 0, 0, 10, 0, 10, 0, 10, 0, 10, 10, 0, : 10, 10, 10, 10, 4, 10, 10, 10, 10, 10, 10, 10, 10, 10, 10, 10, 10, 10, 10, 10, 10, 10, 10, 10, 10, 10, 1, 10, 3, 10, 10, 10, 10, 10, 13, 10, 10, 10, 10, 10, 10, 10, 10, 10, 10, 10, 10, 10, 10, 10, 10, 10, 10, 10, 10, 10, 10, 10, 10, 
467: 10, 0, 0, 0, 0, 10, 0, 0, 10, 10, 10, 10, 0, 0, 10, 0, 10, 15, 10, 10, 0, 0, 10, 0, 10, 10, 10, 10, 10, 10, 17, 0, 10, 10, 0, 0, 0, 0, 10, 10, 0, 10, 0, 0, 10, 0, 0, 1, 10, 10, 10, 10, 10, 1, 0, 0, 10, 0, 0, 10, 10, 0, 10, 10, 10, 10, 10, 10, 10, 10, 0, 10, 10, 0, 0, 10, 10, 0, 10, 10, 10, 4, 10, 0, 20, 4, 10, 10, 0, 10, 10, 0, 0, 0, 10, 10, 0, 0, 10, 0, 10, 10, 0, 10, 0, 10, 10, 0, 10, 10, 0, 0, 0, 10, 10, 0, 0, 0, 0, 10, : 10, 10, 10, 10, 10, 10, 10, 10, 15, 10, 10, 10, 10, 10, 10, 10, 10, 10, 17, 10, 10, 10, 10, 10, 10, 1, 10, 10, 10, 10, 10, 1, 10, 10, 10, 10, 10, 10, 10, 10, 10, 10, 10, 10, 10, 10, 10, 10, 10, 10, 4, 10, 20, 4, 10, 10, 10, 10, 10, 10, 10, 10, 10, 10, 10, 10, 10, 10, 10, 10, 10, 
168: 0, 10, 0, 10, 0, 10, 10, 0, 0, 0, 1, 10, 10, 0, 10, 0, 0, 0, 10, 10, 0, 10, 10, 10, 0, 0, 10, 0, 0, 10, 3, 10, 0, 10, 0, 10, 0, 0, 10, 0, 0, 0, 10, 0, 10, 10, 10, 0, 0, 0, 0, 0, 0, 10, 3, 10, 2, 10, 0, 0, 10, 0, 0, 0, 10, 10, 10, 0, 10, 0, 0, 0, 0, 0, 10, 10, 0, 0, 10, 0, 0, 0, 10, 0, 10, 0, 0, 0, 10, 10, 0, 1, 0, 0, 10, 0, 10, 2, 1, 0, 0, 10, 0, 10, 5, 10, 0, 0, 0, 10, 10, 10, 0, 10, 10, 0, 10, 0, 0, 10, : 10, 10, 10, 10, 1, 10, 10, 10, 10, 10, 10, 10, 10, 10, 10, 3, 10, 10, 10, 10, 10, 10, 10, 10, 10, 3, 10, 2, 10, 10, 10, 10, 10, 10, 10, 10, 10, 10, 10, 10, 10, 1, 10, 10, 2, 1, 10, 10, 5, 10, 10, 10, 10, 10, 10, 10, 10, 
770: 0, 10, 10, 10, 0, 0, 0, 0, 10, 10, 10, 5, 10, 10, 10, 0, 0, 0, 10, 10, 10, 10, 10, 0, 10, 0, 10, 0, 0, 10, 10, 10, 0, 10, 10, 10, 0, 10, 0, 10, 18, 10, 0, 0, 0, 0, 0, 10, 10, 0, 10, 10, 10, 0, 10, 10, 10, 0, 10, 0, 10, 0, 0, 10, 10, 10, 0, 10, 0, 0, 0, 0, 0, 0, 10, 0, 10, 10, 10, 0, 0, 10, 10, 3, 10, 10, 0, 10, 10, 10, 0, 10, 0, 1, 0, 0, 10, 10, 10, 0, 0, 0, 0, 0, 0, 10, 10, 0, 0, 10, 0, 10, 0, 10, 10, 10, 0, 10, 0, 0, : 10, 10, 10, 10, 10, 10, 5, 10, 10, 10, 10, 10, 10, 10, 10, 10, 10, 10, 10, 10, 10, 10, 10, 10, 10, 18, 10, 10, 10, 10, 10, 10, 10, 10, 10, 10, 10, 10, 10, 10, 10, 10, 10, 10, 10, 10, 10, 3, 10, 10, 10, 10, 10, 10, 1, 10, 10, 10, 10, 10, 10, 10, 10, 10, 10, 10, 
449: 10, 0, 10, 16, 10, 10, 10, 0, 0, 3, 10, 10, 0, 0, 0, 0, 10, 10, 0, 0, 0, 10, 10, 0, 0, 0, 0, 10, 0, 10, 10, 10, 0, 10, 10, 10, 0, 10, 10, 0, 0, 10, 0, 0, 10, 0, 0, 10, 0, 0, 10, 10, 0, 0, 10, 2, 0, 0, 10, 0, 0, 10, 10, 10, 10, 10, 0, 10, 0, 0, 10, 10, 10, 0, 10, 0, 10, 10, 10, 0, 10, 0, 0, 10, 0, 10, 8, 0, 10, 1, 10, 10, 10, 10, 0, 10, 10, 10, 0, 0, 10, 10, 0, 10, 10, 0, 2, 10, 4, 10, 10, 0, 0, 0, 10, 10, 0, 0, 10, 0, : 10, 10, 16, 10, 10, 10, 3, 10, 10, 10, 10, 10, 10, 10, 10, 10, 10, 10, 10, 10, 10, 10, 10, 10, 10, 10, 10, 10, 2, 10, 10, 10, 10, 10, 10, 10, 10, 10, 10, 10, 10, 10, 10, 10, 10, 10, 8, 10, 1, 10, 10, 10, 10, 10, 10, 10, 10, 10, 10, 10, 2, 10, 4, 10, 10, 10, 10, 10, 
396: 10, 10, 0, 0, 10, 10, 10, 10, 10, 0, 0, 0, 10, 0, 0, 10, 0, 19, 0, 0, 10, 10, 0, 10, 0, 0, 10, 10, 0, 10, 0, 0, 0, 0, 0, 0, 0, 0, 0, 0, 0, 0, 0, 10, 10, 0, 0, 0, 10, 0, 10, 13, 0, 0, 0, 2, 10, 10, 0, 0, 10, 0, 10, 10, 0, 0, 0, 10, 10, 10, 0, 10, 0, 10, 0, 0, 0, 10, 10, 0, 0, 10, 10, 10, 0, 0, 10, 10, 0, 0, 0, 1, 0, 0, 0, 10, 10, 0, 10, 0, 10, 0, 0, 0, 10, 0, 10, 0, 10, 0, 10, 0, 10, 10, 0, 10, 10, 0, 0, 0, : 10, 10, 10, 10, 10, 10, 10, 10, 10, 19, 10, 10, 10, 10, 10, 10, 10, 10, 10, 10, 13, 2, 10, 10, 10, 10, 10, 10, 10, 10, 10, 10, 10, 10, 10, 10, 10, 10, 10, 1, 10, 10, 10, 10, 10, 10, 10, 10, 10, 10, 10, 10, 
439: 10, 10, 10, 10, 0, 10, 0, 10, 10, 0, 10, 0, 0, 0, 0, 0, 10, 0, 0, 10, 0, 0, 0, 0, 0, 10, 10, 11, 0, 10, 10, 7, 0, 10, 10, 0, 10, 5, 10, 10, 10, 0, 0, 0, 0, 10, 10, 10, 0, 10, 10, 0, 0, 10, 10, 10, 0, 0, 0, 3, 0, 10, 10, 10, 0, 10, 10, 0, 0, 10, 0, 10, 0, 0, 10, 6, 0, 0, 0, 10, 0, 10, 0, 10, 10, 0, 0, 0, 10, 0, 0, 10, 10, 10, 10, 10, 0, 10, 10, 0, 10, 0, 10, 10, 10, 0, 4, 10, 10, 0, 10, 17, 0, 10, 0, 10, 0, 2, 10, 0, : 10, 10, 10, 10, 10, 10, 10, 10, 10, 10, 10, 10, 11, 10, 10, 7, 10, 10, 10, 5, 10, 10, 10, 10, 10, 10, 10, 10, 10, 10, 10, 3, 10, 10, 10, 10, 10, 10, 10, 10, 6, 10, 10, 10, 10, 10, 10, 10, 10, 10, 10, 10, 10, 10, 10, 10, 10, 4, 10, 10, 10, 17, 10, 10, 2, 10, 
229: 0, 0, 0, 10, 0, 0, 0, 10, 0, 0, 10, 0, 10, 10, 10, 10, 0, 0, 3, 10, 0, 0, 0, 10, 10, 0, 0, 0, 10, 0, 0, 0, 10, 10, 1, 10, 10, 10, 10, 10, 0, 0, 10, 10, 10, 0, 10, 0, 0, 0, 0, 5, 10, 10, 0, 10, 0, 10, 0, 0, 10, 0, 10, 10, 0, 0, 0, 10, 10, 10, 10, 0, 0, 10, 10, 10, 0, 10, 10, 10, 0, 10, 0, 0, 0, 10, 0, 10, 10, 0, 0, 10, 0, 1, 10, 0, 10, 10, 9, 0, 1, 10, 10, 0, 0, 0, 10, 0, 10, 0, 0, 2, 0, 10, 0, 0, 10, 0, 0, 0, : 10, 10, 10, 10, 10, 10, 10, 3, 10, 10, 10, 10, 10, 10, 1, 10, 10, 10, 10, 10, 10, 10, 10, 10, 5, 10, 10, 10, 10, 10, 10, 10, 10, 10, 10, 10, 10, 10, 10, 10, 10, 10, 10, 10, 10, 10, 10, 1, 10, 10, 10, 9, 1, 10, 10, 10, 10, 2, 10, 10, 
77: 0, 0, 0, 10, 10, 10, 10, 10, 10, 10, 10, 0, 10, 10, 0, 10, 0, 10, 1, 10, 0, 0, 20, 0, 0, 3, 10, 10, 0, 0, 10, 10, 0, 10, 10, 10, 10, 10, 10, 10, 10, 10, 0, 10, 10, 0, 0, 10, 10, 10, 10, 0, 0, 0, 0, 1, 10, 10, 0, 10, 1, 10, 0, 0, 0, 0, 0, 10, 0, 0, 4, 10, 10, 0, 10, 10, 10, 0, 10, 7, 0, 10, 10, 10, 0, 10, 10, 10, 10, 10, 10, 0, 0, 0, 10, 0, 3, 0, 0, 10, 10, 10, 0, 0, 10, 0, 0, 10, 0, 0, 10, 10, 0, 0, 0, 0, 10, 10, 0, 10, : 10, 10, 10, 10, 10, 10, 10, 10, 10, 10, 10, 10, 1, 10, 20, 3, 10, 10, 10, 10, 10, 10, 10, 10, 10, 10, 10, 10, 10, 10, 10, 10, 10, 10, 10, 1, 10, 10, 10, 1, 10, 10, 4, 10, 10, 10, 10, 10, 10, 7, 10, 10, 10, 10, 10, 10, 10, 10, 10, 10, 3, 10, 10, 10, 10, 10, 10, 10, 10, 10, 10, 
783: 10, 0, 0, 0, 10, 0, 10, 0, 5, 10, 10, 1, 10, 10, 0, 10, 0, 0, 0, 10, 0, 10, 0, 0, 0, 0, 10, 0, 4, 0, 10, 0, 0, 0, 10, 2, 10, 0, 0, 0, 0, 0, 0, 0, 0, 0, 0, 0, 10, 0, 0, 0, 10, 17, 0, 0, 10, 0, 10, 0, 0, 10, 0, 10, 10, 0, 10, 0, 0, 10, 0, 0, 10, 10, 0, 0, 10, 0, 10, 10, 10, 0, 10, 3, 10, 10, 10, 7, 0, 0, 10, 0, 10, 10, 10, 10, 10, 0, 0, 10, 0, 0, 0, 10, 10, 0, 0, 10, 10, 0, 10, 18, 1, 17, 10, 10, 10, 10, 10, 10, : 10, 10, 10, 5, 10, 10, 1, 10, 10, 10, 10, 10, 10, 4, 10, 10, 2, 10, 10, 10, 17, 10, 10, 10, 10, 10, 10, 10, 10, 10, 10, 10, 10, 10, 10, 3, 10, 10, 10, 7, 10, 10, 10, 10, 10, 10, 10, 10, 10, 10, 10, 10, 18, 1, 17, 10, 10, 10, 10, 10, 10, 
723: 10, 0, 10, 10, 10, 10, 0, 10, 0, 0, 1, 10, 0, 0, 10, 10, 0, 10, 10, 10, 0, 0, 10, 0, 10, 10, 10, 10, 10, 10, 10, 10, 10, 0, 0, 0, 0, 10, 4, 0, 10, 10, 10, 0, 10, 0, 0, 0, 0, 10, 10, 0, 10, 10, 10, 10, 10, 10, 2, 10, 10, 0, 10, 0, 10, 0, 10, 0, 10, 0, 10, 10, 0, 10, 0, 0, 0, 10, 10, 1, 0, 0, 10, 10, 0, 0, 0, 0, 10, 10, 10, 0, 10, 10, 0, 0, 0, 10, 0, 0, 0, 0, 0, 0, 10, 0, 10, 10, 10, 10, 0, 0, 10, 10, 0, 0, 10, 0, 0, 10, : 10, 10, 10, 10, 10, 10, 1, 10, 10, 10, 10, 10, 10, 10, 10, 10, 10, 10, 10, 10, 10, 10, 10, 10, 4, 10, 10, 10, 10, 10, 10, 10, 10, 10, 10, 10, 10, 2, 10, 10, 10, 10, 10, 10, 10, 10, 10, 10, 10, 1, 10, 10, 10, 10, 10, 10, 10, 10, 10, 10, 10, 10, 10, 10, 10, 10, 10, 
274: 10, 10, 0, 10, 0, 0, 0, 10, 10, 10, 10, 0, 0, 0, 0, 10, 10, 0, 10, 0, 0, 0, 0, 0, 0, 0, 10, 10, 10, 10, 10, 10, 10, 10, 10, 10, 10, 10, 0, 0, 10, 0, 0, 0, 0, 0, 10, 10, 10, 0, 0, 10, 10, 10, 10, 10, 0, 10, 0, 10, 10, 10, 0, 10, 0, 0, 0, 17, 0, 0, 10, 10, 0, 10, 10, 10, 10, 10, 10, 10, 0, 0, 10, 0, 10, 0, 10, 10, 0, 10, 1, 10, 0, 0, 10, 0, 0, 10, 10, 10, 10, 10, 10, 10, 10, 0, 10, 0, 10, 10, 0, 10, 10, 10, 10, 10, 0, 10, 0, 0, : 10, 10, 10, 10, 10, 10, 10, 10, 10, 10, 10, 10, 10, 10, 10, 10, 10, 10, 10, 10, 10, 10, 10, 10, 10, 10, 10, 10, 10, 10, 10, 10, 10, 10, 10, 10, 17, 10, 10, 10, 10, 10, 10, 10, 10, 10, 10, 10, 10, 10, 10, 1, 10, 10, 10, 10, 10, 10, 10, 10, 10, 10, 10, 10, 10, 10, 10, 10, 10, 10, 10, 
590: 10, 0, 0, 0, 10, 0, 10, 10, 0, 10, 0, 10, 10, 11, 10, 10, 0, 0, 10, 10, 0, 10, 10, 10, 0, 0, 10, 0, 10, 0, 10, 10, 10, 0, 0, 0, 0, 0, 10, 10, 10, 10, 10, 10, 10, 10, 10, 10, 0, 0, 0, 10, 1, 10, 0, 10, 10, 0, 0, 1, 10, 10, 0, 10, 0, 1, 0, 10, 10, 10, 10, 0, 10, 10, 0, 10, 10, 1, 10, 10, 10, 13, 10, 0, 0, 10, 1, 0, 10, 0, 6, 0, 10, 0, 10, 10, 10, 10, 0, 0, 0, 10, 0, 10, 10, 10, 10, 10, 10, 10, 10, 0, 0, 10, 10, 0, 0, 1, 0, 10, : 10, 10, 10, 10, 10, 10, 10, 11, 10, 10, 10, 10, 10, 10, 10, 10, 10, 10, 10, 10, 10, 10, 10, 10, 10, 10, 10, 10, 10, 10, 10, 1, 10, 10, 10, 1, 10, 10, 10, 1, 10, 10, 10, 10, 10, 10, 10, 10, 1, 10, 10, 10, 13, 10, 10, 1, 10, 6, 10, 10, 10, 10, 10, 10, 10, 10, 10, 10, 10, 10, 10, 10, 10, 10, 1, 10, 
62: 10, 0, 10, 0, 4, 0, 10, 10, 0, 10, 10, 0, 10, 10, 10, 10, 10, 10, 0, 10, 0, 0, 10, 10, 10, 10, 10, 0, 0, 6, 0, 10, 10, 0, 0, 10, 0, 0, 0, 10, 10, 10, 0, 10, 0, 0, 10, 0, 10, 10, 0, 1, 0, 10, 0, 0, 10, 0, 14, 0, 0, 0, 10, 10, 10, 10, 10, 0, 10, 0, 0, 10, 10, 10, 0, 0, 0, 10, 10, 10, 0, 10, 10, 0, 0, 4, 0, 10, 10, 0, 0, 10, 10, 10, 0, 10, 10, 10, 10, 10, 10, 10, 10, 10, 10, 0, 10, 0, 0, 10, 10, 10, 10, 0, 0, 0, 10, 0, 16, 10, : 10, 10, 4, 10, 10, 10, 10, 10, 10, 10, 10, 10, 10, 10, 10, 10, 10, 10, 10, 6, 10, 10, 10, 10, 10, 10, 10, 10, 10, 10, 1, 10, 10, 14, 10, 10, 10, 10, 10, 10, 10, 10, 10, 10, 10, 10, 10, 10, 4, 10, 10, 10, 10, 10, 10, 10, 10, 10, 10, 10, 10, 10, 10, 10, 10, 10, 10, 10, 10, 10, 16, 10, 
203: 10, 10, 16, 0, 1, 0, 10, 10, 0, 10, 10, 0, 0, 10, 10, 0, 0, 16, 10, 0, 10, 10, 10, 0, 0, 0, 10, 10, 10, 0, 0, 10, 10, 0, 10, 0, 10, 10, 0, 10, 10, 0, 10, 10, 10, 0, 0, 0, 0, 10, 0, 10, 0, 10, 10, 0, 10, 0, 0, 0, 0, 2, 10, 10, 10, 10, 10, 10, 10, 10, 10, 10, 10, 0, 0, 10, 10, 10, 10, 0, 0, 10, 0, 0, 0, 10, 10, 0, 10, 11, 0, 5, 10, 0, 0, 10, 10, 0, 10, 10, 0, 0, 0, 10, 10, 0, 10, 0, 0, 10, 10, 0, 10, 0, 0, 0, 0, 10, 4, 10, : 10, 10, 16, 1, 10, 10, 10, 10, 10, 10, 16, 10, 10, 10, 10, 10, 10, 10, 10, 10, 10, 10, 10, 10, 10, 10, 10, 10, 10, 10, 10, 10, 10, 2, 10, 10, 10, 10, 10, 10, 10, 10, 10, 10, 10, 10, 10, 10, 10, 10, 10, 10, 10, 11, 5, 10, 10, 10, 10, 10, 10, 10, 10, 10, 10, 10, 10, 4, 10, 
724: 10, 0, 0, 10, 0, 0, 0, 0, 10, 10, 10, 0, 0, 10, 0, 10, 10, 0, 10, 10, 1, 0, 10, 10, 10, 0, 0, 0, 10, 0, 10, 0, 10, 10, 10, 10, 10, 0, 10, 10, 10, 0, 0, 10, 10, 0, 10, 10, 10, 0, 0, 10, 10, 1, 0, 10, 0, 0, 10, 10, 10, 0, 10, 0, 0, 0, 0, 10, 10, 0, 0, 10, 10, 10, 0, 0, 10, 10, 10, 0, 10, 0, 0, 0, 10, 0, 10, 0, 0, 10, 10, 0, 0, 10, 10, 0, 10, 0, 10, 10, 10, 10, 10, 10, 0, 12, 10, 10, 0, 0, 0, 10, 0, 10, 0, 10, 10, 10, 0, 0, : 10, 10, 10, 10, 10, 10, 10, 10, 10, 10, 1, 10, 10, 10, 10, 10, 10, 10, 10, 10, 10, 10, 10, 10, 10, 10, 10, 10, 10, 10, 10, 1, 10, 10, 10, 10, 10, 10, 10, 10, 10, 10, 10, 10, 10, 10, 10, 10, 10, 10, 10, 10, 10, 10, 10, 10, 10, 10, 10, 12, 10, 10, 10, 10, 10, 10, 10, 
121: 0, 10, 0, 0, 10, 0, 10, 10, 10, 0, 10, 0, 0, 0, 10, 10, 0, 10, 0, 10, 0, 10, 10, 10, 0, 10, 10, 10, 0, 0, 0, 10, 10, 0, 0, 0, 10, 0, 0, 0, 2, 10, 10, 10, 10, 10, 10, 10, 10, 0, 0, 19, 0, 10, 0, 0, 10, 0, 0, 0, 10, 0, 0, 10, 10, 10, 0, 0, 0, 0, 0, 10, 10, 10, 0, 0, 10, 0, 0, 0, 10, 10, 0, 0, 0, 0, 0, 10, 0, 10, 10, 10, 10, 0, 10, 10, 0, 0, 10, 10, 10, 0, 0, 10, 0, 10, 0, 10, 8, 10, 0, 4, 0, 10, 10, 0, 10, 0, 9, 10, : 10, 10, 10, 10, 10, 10, 10, 10, 10, 10, 10, 10, 10, 10, 10, 10, 10, 10, 10, 2, 10, 10, 10, 10, 10, 10, 10, 10, 19, 10, 10, 10, 10, 10, 10, 10, 10, 10, 10, 10, 10, 10, 10, 10, 10, 10, 10, 10, 10, 10, 10, 10, 10, 10, 8, 10, 4, 10, 10, 10, 9, 10, 
530: 0, 5, 10, 0, 0, 10, 1, 0, 10, 10, 0, 10, 10, 1, 10, 0, 0, 10, 10, 0, 10, 0, 0, 0, 0, 0, 10, 10, 0, 10, 10, 0, 0, 20, 0, 10, 10, 10, 0, 10, 0, 10, 10, 1, 0, 10, 0, 10, 0, 10, 10, 10, 10, 0, 10, 10, 10, 10, 10, 10, 10, 10, 0, 0, 10, 10, 0, 0, 10, 10, 0, 0, 10, 10, 10, 0, 10, 2, 10, 7, 0, 10, 10, 0, 0, 0, 10, 10, 0, 0, 10, 0, 10, 10, 0, 0, 0, 10, 10, 0, 10, 10, 10, 0, 0, 0, 0, 0, 0, 10, 10, 10, 10, 0, 0, 0, 10, 0, 0, 5, : 5, 10, 10, 1, 10, 10, 10, 10, 1, 10, 10, 10, 10, 10, 10, 10, 10, 20, 10, 10, 10, 10, 10, 10, 1, 10, 10, 10, 10, 10, 10, 10, 10, 10, 10, 10, 10, 10, 10, 10, 10, 10, 10, 10, 10, 10, 10, 2, 10, 7, 10, 10, 10, 10, 10, 10, 10, 10, 10, 10, 10, 10, 10, 10, 10, 10, 10, 5, 
682: 0, 10, 0, 10, 10, 0, 10, 10, 10, 0, 10, 10, 10, 10, 0, 10, 10, 0, 0, 10, 10, 4, 0, 10, 10, 10, 0, 10, 0, 0, 10, 0, 0, 10, 0, 10, 0, 0, 10, 0, 0, 10, 5, 0, 0, 10, 10, 0, 10, 0, 10, 0, 0, 2, 0, 0, 10, 0, 10, 10, 0, 0, 0, 0, 0, 0, 11, 10, 0, 10, 0, 10, 10, 10, 10, 0, 0, 0, 10, 0, 1, 10, 0, 0, 1, 1, 10, 0, 10, 0, 10, 10, 10, 10, 10, 10, 0, 0, 0, 0, 10, 0, 0, 0, 10, 10, 10, 10, 0, 0, 0, 10, 10, 10, 0, 10, 0, 0, 0, 0, : 10, 10, 10, 10, 10, 10, 10, 10, 10, 10, 10, 10, 10, 10, 4, 10, 10, 10, 10, 10, 10, 10, 10, 10, 5, 10, 10, 10, 10, 2, 10, 10, 10, 11, 10, 10, 10, 10, 10, 10, 10, 1, 10, 1, 1, 10, 10, 10, 10, 10, 10, 10, 10, 10, 10, 10, 10, 10, 10, 10, 10, 10, 
245: 0, 0, 10, 10, 0, 10, 10, 0, 10, 5, 10, 0, 0, 10, 0, 0, 10, 1, 0, 10, 10, 10, 10, 0, 10, 10, 0, 0, 0, 0, 10, 0, 0, 10, 0, 10, 0, 10, 0, 10, 0, 10, 0, 0, 10, 10, 6, 10, 0, 0, 10, 10, 0, 10, 10, 0, 10, 0, 0, 10, 10, 0, 0, 0, 0, 0, 10, 0, 0, 0, 0, 10, 0, 0, 0, 0, 0, 1, 4, 10, 10, 1, 10, 10, 10, 0, 1, 0, 0, 10, 10, 13, 0, 10, 0, 0, 10, 10, 0, 10, 10, 0, 0, 0, 0, 0, 10, 0, 10, 0, 0, 2, 0, 10, 10, 0, 0, 10, 10, 0, : 10, 10, 10, 10, 10, 5, 10, 10, 10, 1, 10, 10, 10, 10, 10, 10, 10, 10, 10, 10, 10, 10, 10, 10, 6, 10, 10, 10, 10, 10, 10, 10, 10, 10, 10, 1, 4, 10, 10, 1, 10, 10, 10, 1, 10, 10, 13, 10, 10, 10, 10, 10, 10, 10, 2, 10, 10, 10, 10, 
504: 0, 10, 0, 10, 0, 10, 10, 10, 10, 0, 0, 10, 10, 0, 0, 0, 0, 10, 0, 0, 10, 10, 10, 10, 0, 0, 0, 10, 10, 0, 3, 0, 10, 0, 0, 0, 0, 0, 0, 10, 10, 10, 10, 10, 1, 0, 0, 0, 0, 0, 2, 0, 0, 10, 0, 10, 0, 10, 10, 10, 0, 10, 0, 10, 10, 10, 3, 0, 10, 0, 10, 0, 0, 0, 1, 10, 10, 0, 0, 10, 0, 10, 0, 0, 10, 10, 10, 10, 0, 0, 0, 0, 0, 10, 10, 10, 0, 0, 10, 0, 10, 10, 10, 10, 10, 0, 1, 10, 10, 0, 0, 0, 0, 10, 0, 10, 10, 0, 10, 10, : 10, 10, 10, 10, 10, 10, 10, 10, 10, 10, 10, 10, 10, 10, 10, 3, 10, 10, 10, 10, 10, 10, 1, 2, 10, 10, 10, 10, 10, 10, 10, 10, 10, 3, 10, 10, 1, 10, 10, 10, 10, 10, 10, 10, 10, 10, 10, 10, 10, 10, 10, 10, 10, 10, 1, 10, 10, 10, 10, 10, 10, 10, 
114: 10, 10, 10, 0, 0, 0, 0, 2, 0, 10, 8, 10, 0, 0, 10, 0, 10, 10, 10, 0, 10, 0, 0, 10, 10, 0, 10, 0, 0, 0, 10, 10, 0, 0, 0, 7, 10, 0, 10, 0, 10, 1, 0, 0, 10, 10, 0, 0, 10, 10, 10, 0, 10, 0, 0, 0, 0, 10, 10, 10, 0, 0, 0, 0, 10, 10, 0, 10, 10, 10, 10, 10, 0, 0, 0, 0, 10, 0, 0, 10, 10, 0, 10, 10, 0, 10, 0, 10, 10, 10, 0, 0, 0, 10, 0, 0, 0, 0, 0, 10, 10, 10, 10, 10, 0, 0, 0, 10, 10, 1, 0, 10, 1, 0, 10, 0, 0, 10, 8, 0, : 10, 10, 10, 2, 10, 8, 10, 10, 10, 10, 10, 10, 10, 10, 10, 10, 10, 7, 10, 10, 10, 1, 10, 10, 10, 10, 10, 10, 10, 10, 10, 10, 10, 10, 10, 10, 10, 10, 10, 10, 10, 10, 10, 10, 10, 10, 10, 10, 10, 10, 10, 10, 10, 10, 10, 1, 10, 1, 10, 10, 8, 
597: 3, 10, 0, 10, 10, 0, 0, 10, 10, 10, 1, 10, 10, 0, 10, 10, 10, 10, 0, 10, 10, 10, 0, 10, 10, 10, 10, 10, 10, 10, 10, 10, 10, 0, 0, 0, 0, 0, 0, 10, 0, 0, 10, 10, 10, 0, 0, 0, 10, 10, 10, 0, 0, 10, 1, 10, 10, 10, 10, 10, 0, 0, 0, 10, 10, 10, 0, 10, 0, 10, 1, 0, 10, 10, 0, 10, 10, 10, 0, 10, 10, 0, 0, 10, 10, 0, 0, 0, 10, 0, 10, 0, 10, 0, 10, 10, 0, 10, 10, 0, 0, 19, 0, 10, 0, 10, 0, 0, 10, 0, 10, 0, 0, 0, 0, 10, 8, 1, 10, 10, : 3, 10, 10, 10, 10, 10, 10, 1, 10, 10, 10, 10, 10, 10, 10, 10, 10, 10, 10, 10, 10, 10, 10, 10, 10, 10, 10, 10, 10, 10, 10, 10, 10, 10, 10, 1, 10, 10, 10, 10, 10, 10, 10, 10, 10, 10, 1, 10, 10, 10, 10, 10, 10, 10, 10, 10, 10, 10, 10, 10, 10, 10, 10, 19, 10, 10, 10, 10, 10, 8, 1, 10, 10, 
185: 0, 0, 5, 0, 10, 0, 0, 10, 0, 10, 0, 0, 0, 0, 0, 0, 10, 0, 0, 0, 10, 0, 0, 0, 0, 0, 0, 10, 10, 10, 10, 10, 10, 10, 10, 0, 0, 10, 10, 4, 0, 10, 10, 10, 10, 2, 0, 0, 10, 0, 10, 10, 0, 0, 10, 10, 0, 10, 10, 10, 3, 0, 10, 0, 0, 10, 10, 0, 0, 10, 10, 10, 0, 10, 10, 5, 10, 0, 10, 10, 10, 0, 10, 10, 10, 2, 10, 10, 0, 10, 0, 10, 10, 10, 3, 10, 10, 10, 10, 4, 0, 10, 10, 10, 0, 0, 10, 0, 0, 10, 0, 10, 10, 10, 0, 0, 10, 0, 0, 10, : 5, 10, 10, 10, 10, 10, 10, 10, 10, 10, 10, 10, 10, 10, 10, 10, 4, 10, 10, 10, 10, 2, 10, 10, 10, 10, 10, 10, 10, 10, 3, 10, 10, 10, 10, 10, 10, 10, 10, 5, 10, 10, 10, 10, 10, 10, 10, 2, 10, 10, 10, 10, 10, 10, 3, 10, 10, 10, 10, 4, 10, 10, 10, 10, 10, 10, 10, 10, 10, 10, 
685: 10, 10, 0, 0, 10, 10, 0, 10, 10, 0, 0, 0, 10, 0, 0, 10, 10, 10, 0, 15, 10, 10, 10, 10, 0, 10, 10, 10, 10, 10, 0, 10, 10, 0, 17, 0, 10, 10, 10, 10, 0, 0, 0, 0, 10, 0, 0, 10, 10, 1, 0, 0, 10, 0, 10, 10, 0, 0, 10, 10, 0, 0, 10, 0, 0, 0, 1, 10, 0, 0, 10, 10, 10, 10, 10, 0, 10, 1, 0, 10, 0, 10, 0, 0, 0, 10, 0, 0, 10, 10, 10, 10, 18, 0, 0, 0, 10, 10, 10, 0, 0, 0, 10, 10, 0, 15, 10, 10, 0, 10, 10, 0, 2, 10, 0, 0, 10, 10, 0, 0, : 10, 10, 10, 10, 10, 10, 10, 10, 10, 10, 15, 10, 10, 10, 10, 10, 10, 10, 10, 10, 10, 10, 17, 10, 10, 10, 10, 10, 10, 10, 1, 10, 10, 10, 10, 10, 10, 1, 10, 10, 10, 10, 10, 10, 10, 1, 10, 10, 10, 10, 10, 10, 10, 18, 10, 10, 10, 10, 10, 15, 10, 10, 10, 10, 2, 10, 10, 10, 
159: 0, 10, 0, 10, 10, 10, 1, 10, 0, 0, 0, 10, 0, 10, 10, 10, 5, 10, 0, 8, 10, 10, 0, 0, 10, 10, 10, 0, 10, 0, 10, 10, 10, 0, 0, 10, 10, 0, 10, 10, 2, 0, 10, 10, 0, 10, 0, 0, 0, 10, 10, 0, 0, 10, 0, 0, 10, 10, 10, 10, 1, 0, 10, 0, 7, 1, 10, 0, 0, 0, 0, 0, 10, 1, 0, 0, 0, 0, 0, 0, 0, 10, 0, 10, 0, 10, 6, 0, 0, 10, 0, 0, 10, 10, 10, 10, 0, 0, 10, 10, 10, 0, 0, 3, 10, 10, 10, 0, 10, 0, 0, 0, 0, 10, 0, 0, 10, 0, 10, 10, : 10, 10, 10, 10, 1, 10, 10, 10, 10, 10, 5, 10, 8, 10, 10, 10, 10, 10, 10, 10, 10, 10, 10, 10, 10, 10, 2, 10, 10, 10, 10, 10, 10, 10, 10, 10, 10, 1, 10, 7, 1, 10, 10, 1, 10, 10, 10, 6, 10, 10, 10, 10, 10, 10, 10, 10, 3, 10, 10, 10, 10, 10, 10, 10, 10, 
84: 0, 10, 10, 10, 10, 10, 9, 0, 0, 0, 10, 0, 15, 10, 0, 10, 0, 0, 10, 0, 0, 10, 10, 10, 0, 10, 10, 10, 0, 10, 12, 0, 10, 10, 10, 0, 6, 0, 0, 0, 0, 10, 10, 10, 0, 0, 0, 10, 0, 0, 0, 0, 0, 0, 0, 0, 0, 0, 0, 0, 10, 10, 0, 0, 0, 0, 0, 10, 10, 10, 0, 0, 0, 0, 0, 10, 10, 0, 0, 10, 10, 0, 10, 10, 0, 10, 0, 10, 0, 10, 10, 0, 14, 10, 10, 10, 10, 0, 10, 10, 10, 0, 0, 10, 0, 0, 0, 0, 10, 0, 0, 0, 10, 0, 10, 2, 3, 0, 14, 1, : 10, 10, 10, 10, 10, 9, 10, 15, 10, 10, 10, 10, 10, 10, 10, 10, 10, 10, 12, 10, 10, 10, 6, 10, 10, 10, 10, 10, 10, 10, 10, 10, 10, 10, 10, 10, 10, 10, 10, 10, 10, 10, 14, 10, 10, 10, 10, 10, 10, 10, 10, 10, 10, 10, 2, 3, 14, 1, 
71: 0, 10, 0, 10, 0, 0, 1, 0, 10, 0, 0, 0, 10, 10, 10, 0, 10, 0, 0, 10, 0, 0, 10, 10, 10, 10, 0, 0, 0, 0, 0, 10, 0, 10, 0, 10, 0, 10, 10, 10, 10, 10, 10, 0, 0, 11, 10, 10, 10, 10, 0, 10, 10, 0, 0, 0, 0, 0, 0, 10, 0, 2, 10, 0, 10, 10, 10, 10, 0, 10, 10, 10, 0, 10, 0, 10, 1, 10, 0, 0, 0, 0, 0, 10, 10, 0, 10, 10, 0, 10, 4, 0, 10, 0, 10, 0, 0, 0, 10, 0, 0, 10, 10, 0, 10, 0, 10, 0, 0, 1, 10, 10, 10, 10, 0, 10, 10, 0, 10, 0, : 10, 10, 1, 10, 10, 10, 10, 10, 10, 10, 10, 10, 10, 10, 10, 10, 10, 10, 10, 10, 10, 10, 11, 10, 10, 10, 10, 10, 10, 10, 2, 10, 10, 10, 10, 10, 10, 10, 10, 10, 10, 1, 10, 10, 10, 10, 10, 10, 4, 10, 10, 10, 10, 10, 10, 10, 1, 10, 10, 10, 10, 10, 10, 10, 
47: 0, 10, 10, 1, 10, 10, 0, 0, 0, 10, 0, 10, 0, 0, 0, 10, 10, 0, 10, 1, 0, 0, 10, 0, 0, 0, 10, 0, 0, 0, 0, 0, 10, 0, 10, 10, 0, 0, 0, 0, 0, 0, 10, 10, 0, 10, 0, 10, 0, 10, 10, 0, 10, 0, 0, 10, 0, 0, 0, 0, 0, 20, 10, 10, 10, 10, 0, 0, 0, 10, 10, 10, 10, 0, 0, 0, 10, 0, 10, 0, 10, 12, 0, 0, 10, 0, 0, 0, 0, 0, 0, 10, 10, 10, 0, 10, 10, 10, 0, 0, 0, 10, 10, 0, 10, 0, 0, 10, 0, 1, 0, 10, 10, 0, 10, 10, 10, 10, 0, 0, : 10, 10, 1, 10, 10, 10, 10, 10, 10, 10, 1, 10, 10, 10, 10, 10, 10, 10, 10, 10, 10, 10, 10, 10, 20, 10, 10, 10, 10, 10, 10, 10, 10, 10, 10, 10, 12, 10, 10, 10, 10, 10, 10, 10, 10, 10, 10, 10, 1, 10, 10, 10, 10, 10, 10, 
72: 10, 10, 10, 10, 0, 10, 10, 10, 10, 0, 0, 10, 0, 0, 0, 0, 0, 0, 0, 0, 10, 0, 0, 16, 4, 0, 0, 0, 10, 10, 0, 10, 0, 10, 0, 5, 0, 10, 0, 10, 10, 10, 0, 0, 10, 10, 10, 0, 10, 0, 0, 10, 0, 0, 10, 1, 0, 0, 10, 0, 0, 0, 0, 0, 10, 10, 10, 10, 0, 0, 10, 0, 0, 0, 10, 2, 3, 10, 10, 10, 0, 10, 0, 10, 0, 0, 10, 10, 0, 1, 10, 1, 0, 0, 4, 0, 0, 10, 10, 10, 0, 0, 0, 10, 10, 0, 0, 10, 9, 0, 10, 0, 10, 0, 10, 10, 10, 10, 10, 0, : 10, 10, 10, 10, 10, 10, 10, 10, 10, 10, 16, 4, 10, 10, 10, 10, 5, 10, 10, 10, 10, 10, 10, 10, 10, 10, 10, 1, 10, 10, 10, 10, 10, 10, 10, 2, 3, 10, 10, 10, 10, 10, 10, 10, 1, 10, 1, 4, 10, 10, 10, 10, 10, 10, 9, 10, 10, 10, 10, 10, 10, 10, 
540: 0, 0, 0, 2, 10, 10, 10, 10, 9, 0, 0, 0, 1, 10, 0, 10, 13, 10, 0, 0, 10, 0, 0, 0, 10, 2, 0, 0, 10, 0, 10, 10, 0, 0, 0, 0, 0, 0, 10, 0, 0, 0, 10, 0, 10, 10, 0, 0, 0, 10, 10, 0, 10, 0, 10, 10, 10, 0, 10, 0, 0, 8, 0, 10, 0, 10, 0, 0, 0, 10, 10, 0, 0, 0, 0, 0, 0, 0, 10, 10, 10, 10, 10, 0, 10, 10, 10, 0, 10, 10, 0, 0, 10, 10, 10, 0, 0, 10, 0, 0, 10, 0, 0, 3, 10, 10, 0, 10, 0, 10, 10, 0, 10, 0, 10, 10, 10, 10, 10, 10, : 2, 10, 10, 10, 10, 9, 1, 10, 10, 13, 10, 10, 10, 2, 10, 10, 10, 10, 10, 10, 10, 10, 10, 10, 10, 10, 10, 10, 8, 10, 10, 10, 10, 10, 10, 10, 10, 10, 10, 10, 10, 10, 10, 10, 10, 10, 10, 10, 3, 10, 10, 10, 10, 10, 10, 10, 10, 10, 10, 10, 10, 
556: 0, 0, 10, 0, 10, 10, 10, 7, 10, 0, 0, 0, 10, 10, 0, 10, 10, 10, 1, 10, 0, 0, 10, 0, 10, 10, 10, 10, 0, 10, 10, 0, 0, 10, 10, 0, 0, 10, 0, 10, 10, 3, 0, 0, 0, 10, 10, 10, 2, 10, 10, 1, 0, 20, 10, 0, 10, 10, 10, 0, 10, 0, 10, 0, 10, 10, 10, 0, 10, 10, 0, 1, 0, 10, 0, 10, 10, 10, 0, 10, 10, 0, 0, 10, 10, 0, 10, 0, 10, 10, 0, 10, 10, 0, 0, 10, 0, 10, 10, 10, 0, 0, 0, 0, 10, 10, 0, 10, 0, 10, 0, 0, 10, 0, 10, 0, 10, 10, 0, 1, : 10, 10, 10, 10, 7, 10, 10, 10, 10, 10, 10, 1, 10, 10, 10, 10, 10, 10, 10, 10, 10, 10, 10, 10, 10, 3, 10, 10, 10, 2, 10, 10, 1, 20, 10, 10, 10, 10, 10, 10, 10, 10, 10, 10, 10, 1, 10, 10, 10, 10, 10, 10, 10, 10, 10, 10, 10, 10, 10, 10, 10, 10, 10, 10, 10, 10, 10, 10, 10, 10, 10, 1, 
424: 0, 10, 10, 10, 0, 10, 0, 10, 0, 0, 0, 0, 10, 10, 0, 0, 0, 10, 10, 0, 10, 0, 7, 7, 10, 0, 10, 10, 10, 10, 10, 10, 0, 0, 0, 0, 10, 0, 10, 0, 0, 0, 10, 10, 0, 10, 0, 10, 1, 10, 10, 0, 10, 10, 10, 0, 10, 0, 10, 10, 10, 0, 0, 10, 0, 10, 0, 0, 10, 4, 0, 0, 10, 10, 0, 0, 0, 0, 0, 10, 10, 10, 10, 10, 10, 10, 10, 0, 10, 0, 10, 0, 10, 0, 0, 0, 0, 10, 0, 0, 0, 10, 0, 0, 10, 10, 10, 10, 0, 10, 10, 0, 10, 0, 0, 10, 10, 10, 3, 0, : 10, 10, 10, 10, 10, 10, 10, 10, 10, 10, 7, 7, 10, 10, 10, 10, 10, 10, 10, 10, 10, 10, 10, 10, 10, 1, 10, 10, 10, 10, 10, 10, 10, 10, 10, 10, 10, 10, 4, 10, 10, 10, 10, 10, 10, 10, 10, 10, 10, 10, 10, 10, 10, 10, 10, 10, 10, 10, 10, 10, 10, 10, 10, 10, 3, 
643: 10, 0, 0, 10, 10, 10, 0, 0, 10, 10, 0, 10, 10, 10, 0, 0, 0, 0, 0, 10, 0, 10, 10, 0, 0, 10, 0, 10, 10, 0, 10, 0, 10, 10, 0, 10, 10, 0, 0, 0, 10, 10, 0, 10, 10, 10, 20, 0, 10, 10, 10, 0, 0, 1, 10, 0, 0, 10, 0, 10, 10, 10, 10, 10, 10, 10, 0, 10, 0, 10, 10, 10, 0, 10, 0, 10, 10, 10, 0, 0, 10, 0, 10, 10, 10, 10, 10, 10, 0, 0, 0, 10, 0, 10, 10, 10, 10, 0, 0, 0, 0, 0, 4, 0, 10, 10, 10, 0, 0, 10, 0, 10, 10, 0, 4, 10, 0, 10, 10, 0, : 10, 10, 10, 10, 10, 10, 10, 10, 10, 10, 10, 10, 10, 10, 10, 10, 10, 10, 10, 10, 10, 10, 10, 10, 10, 20, 10, 10, 10, 1, 10, 10, 10, 10, 10, 10, 10, 10, 10, 10, 10, 10, 10, 10, 10, 10, 10, 10, 10, 10, 10, 10, 10, 10, 10, 10, 10, 10, 10, 4, 10, 10, 10, 10, 10, 10, 4, 10, 10, 10, 
670: 10, 0, 0, 10, 0, 10, 10, 0, 10, 10, 10, 10, 0, 0, 0, 10, 0, 0, 10, 10, 0, 0, 0, 10, 10, 10, 0, 10, 10, 0, 10, 10, 0, 10, 1, 0, 10, 0, 10, 0, 0, 0, 10, 0, 18, 0, 10, 10, 10, 10, 0, 0, 0, 10, 10, 10, 10, 0, 10, 10, 10, 0, 0, 0, 10, 10, 10, 0, 0, 0, 0, 10, 7, 0, 0, 10, 10, 0, 10, 0, 10, 10, 10, 0, 10, 0, 10, 0, 0, 0, 0, 10, 4, 10, 10, 0, 0, 0, 0, 10, 0, 10, 0, 10, 0, 10, 10, 10, 0, 0, 0, 10, 0, 0, 0, 0, 10, 0, 0, 10, : 10, 10, 10, 10, 10, 10, 10, 10, 10, 10, 10, 10, 10, 10, 10, 10, 10, 10, 10, 1, 10, 10, 10, 18, 10, 10, 10, 10, 10, 10, 10, 10, 10, 10, 10, 10, 10, 10, 10, 7, 10, 10, 10, 10, 10, 10, 10, 10, 10, 4, 10, 10, 10, 10, 10, 10, 10, 10, 10, 10, 10, 
186: 0, 10, 10, 0, 10, 10, 0, 10, 0, 0, 10, 10, 2, 10, 0, 10, 10, 0, 0, 10, 10, 0, 0, 0, 10, 0, 0, 0, 0, 0, 10, 10, 0, 10, 0, 0, 10, 10, 10, 0, 10, 0, 10, 10, 10, 10, 0, 0, 10, 0, 0, 10, 0, 0, 0, 0, 10, 0, 10, 0, 0, 0, 10, 10, 10, 10, 0, 10, 0, 0, 10, 10, 0, 10, 10, 0, 0, 10, 0, 0, 0, 0, 0, 0, 10, 10, 0, 0, 0, 10, 10, 0, 3, 10, 10, 0, 0, 10, 10, 10, 10, 10, 0, 10, 0, 10, 10, 10, 0, 10, 0, 10, 0, 10, 0, 0, 10, 0, 10, 18, : 10, 10, 10, 10, 10, 10, 10, 2, 10, 10, 10, 10, 10, 10, 10, 10, 10, 10, 10, 10, 10, 10, 10, 10, 10, 10, 10, 10, 10, 10, 10, 10, 10, 10, 10, 10, 10, 10, 10, 10, 10, 10, 10, 3, 10, 10, 10, 10, 10, 10, 10, 10, 10, 10, 10, 10, 10, 10, 10, 10, 18, 
149: 10, 0, 10, 0, 0, 10, 10, 10, 0, 10, 10, 10, 10, 7, 10, 10, 1, 0, 0, 0, 1, 10, 10, 10, 10, 10, 0, 10, 10, 10, 0, 3, 0, 10, 10, 10, 10, 0, 10, 10, 10, 10, 10, 10, 10, 10, 0, 10, 0, 0, 0, 10, 0, 0, 10, 10, 0, 10, 10, 10, 10, 0, 0, 10, 10, 10, 0, 0, 0, 0, 10, 0, 0, 0, 0, 10, 0, 10, 0, 10, 1, 10, 10, 0, 10, 0, 0, 10, 10, 10, 0, 0, 0, 0, 0, 0, 10, 10, 0, 0, 7, 0, 10, 0, 10, 10, 0, 4, 10, 10, 10, 0, 10, 10, 0, 10, 0, 10, 10, 10, : 10, 10, 10, 10, 10, 10, 10, 10, 10, 7, 10, 10, 1, 1, 10, 10, 10, 10, 10, 10, 10, 10, 3, 10, 10, 10, 10, 10, 10, 10, 10, 10, 10, 10, 10, 10, 10, 10, 10, 10, 10, 10, 10, 10, 10, 10, 10, 10, 10, 10, 1, 10, 10, 10, 10, 10, 10, 10, 10, 7, 10, 10, 10, 4, 10, 10, 10, 10, 10, 10, 10, 10, 10, 
228: 0, 0, 0, 6, 10, 0, 0, 0, 0, 0, 0, 0, 0, 0, 0, 0, 10, 0, 10, 10, 0, 0, 2, 10, 0, 10, 0, 10, 10, 10, 0, 10, 0, 10, 0, 0, 0, 10, 0, 0, 0, 10, 0, 10, 0, 0, 0, 0, 0, 10, 0, 10, 0, 0, 10, 0, 0, 10, 10, 0, 0, 10, 0, 14, 0, 0, 10, 0, 10, 10, 0, 10, 0, 0, 10, 0, 10, 10, 0, 0, 0, 0, 10, 3, 0, 10, 0, 10, 0, 0, 10, 10, 0, 0, 0, 10, 10, 0, 0, 10, 10, 0, 10, 10, 0, 10, 0, 10, 0, 0, 10, 0, 10, 0, 0, 1, 0, 10, 0, 0, : 6, 10, 10, 10, 10, 2, 10, 10, 10, 10, 10, 10, 10, 10, 10, 10, 10, 10, 10, 10, 10, 10, 14, 10, 10, 10, 10, 10, 10, 10, 10, 3, 10, 10, 10, 10, 10, 10, 10, 10, 10, 10, 10, 10, 10, 10, 1, 10, 
264: 10, 10, 0, 10, 10, 10, 10, 10, 0, 0, 0, 10, 0, 10, 10, 0, 10, 0, 10, 1, 0, 10, 0, 10, 0, 10, 0, 0, 10, 0, 2, 10, 0, 0, 0, 10, 10, 10, 10, 10, 10, 0, 0, 10, 0, 0, 0, 0, 0, 2, 10, 0, 0, 0, 0, 10, 0, 0, 10, 0, 10, 0, 10, 0, 0, 0, 0, 0, 10, 0, 10, 0, 10, 0, 3, 10, 10, 10, 10, 10, 0, 10, 10, 10, 10, 0, 10, 0, 10, 0, 10, 0, 0, 10, 10, 10, 0, 0, 10, 10, 10, 0, 10, 10, 10, 0, 0, 0, 0, 0, 0, 0, 3, 0, 10, 10, 0, 0, 0, 10, : 10, 10, 10, 10, 10, 10, 10, 10, 10, 10, 10, 10, 1, 10, 10, 10, 10, 2, 10, 10, 10, 10, 10, 10, 10, 10, 2, 10, 10, 10, 10, 10, 10, 10, 10, 3, 10, 10, 10, 10, 10, 10, 10, 10, 10, 10, 10, 10, 10, 10, 10, 10, 10, 10, 10, 10, 10, 3, 10, 10, 10, 
138: 10, 10, 10, 10, 0, 10, 10, 0, 0, 0, 0, 0, 10, 6, 0, 0, 10, 10, 0, 0, 0, 10, 0, 0, 10, 10, 10, 0, 10, 10, 10, 10, 0, 0, 10, 10, 5, 10, 0, 0, 10, 10, 10, 0, 0, 10, 0, 0, 10, 10, 0, 0, 0, 0, 0, 4, 10, 0, 0, 0, 10, 15, 0, 10, 10, 10, 10, 10, 10, 10, 0, 10, 10, 0, 10, 10, 10, 0, 10, 10, 0, 0, 10, 0, 10, 10, 10, 0, 0, 10, 0, 10, 10, 10, 0, 0, 10, 10, 10, 0, 0, 0, 0, 10, 10, 0, 10, 10, 10, 10, 0, 0, 0, 10, 0, 10, 10, 0, 10, 0, : 10, 10, 10, 10, 10, 10, 10, 6, 10, 10, 10, 10, 10, 10, 10, 10, 10, 10, 10, 10, 5, 10, 10, 10, 10, 10, 10, 10, 4, 10, 10, 15, 10, 10, 10, 10, 10, 10, 10, 10, 10, 10, 10, 10, 10, 10, 10, 10, 10, 10, 10, 10, 10, 10, 10, 10, 10, 10, 10, 10, 10, 10, 10, 10, 10, 10, 10, 
353: 10, 1, 0, 10, 10, 0, 10, 0, 0, 0, 10, 10, 0, 0, 3, 0, 0, 0, 10, 0, 10, 0, 10, 2, 0, 10, 10, 0, 0, 10, 3, 0, 12, 10, 10, 1, 14, 0, 0, 0, 10, 10, 0, 10, 0, 0, 10, 10, 0, 0, 10, 0, 0, 0, 0, 10, 3, 0, 10, 0, 17, 10, 10, 0, 10, 10, 10, 0, 10, 10, 10, 10, 0, 0, 0, 0, 0, 10, 0, 0, 10, 10, 0, 0, 10, 3, 10, 0, 10, 10, 10, 0, 10, 0, 0, 10, 0, 0, 0, 10, 0, 0, 10, 0, 0, 16, 0, 0, 0, 0, 5, 10, 0, 0, 10, 10, 0, 10, 0, 10, : 10, 1, 10, 10, 10, 10, 10, 3, 10, 10, 10, 2, 10, 10, 10, 3, 12, 10, 10, 1, 14, 10, 10, 10, 10, 10, 10, 10, 3, 10, 17, 10, 10, 10, 10, 10, 10, 10, 10, 10, 10, 10, 10, 10, 3, 10, 10, 10, 10, 10, 10, 10, 10, 16, 5, 10, 10, 10, 10, 10, 
33: 0, 0, 10, 0, 10, 0, 0, 0, 0, 2, 10, 0, 0, 10, 10, 10, 0, 0, 10, 0, 0, 0, 0, 0, 0, 0, 10, 0, 0, 10, 0, 0, 10, 10, 0, 0, 0, 0, 0, 0, 0, 0, 10, 10, 10, 10, 0, 0, 0, 0, 0, 10, 10, 10, 10, 0, 10, 0, 10, 0, 0, 0, 0, 0, 0, 0, 10, 0, 0, 0, 10, 0, 0, 0, 0, 10, 0, 10, 10, 10, 0, 10, 0, 0, 0, 10, 10, 0, 0, 0, 0, 10, 10, 0, 0, 0, 0, 0, 10, 10, 10, 10, 10, 10, 10, 10, 10, 10, 0, 10, 10, 10, 10, 0, 10, 10, 0, 0, 10, 0, : 10, 10, 2, 10, 10, 10, 10, 10, 10, 10, 10, 10, 10, 10, 10, 10, 10, 10, 10, 10, 10, 10, 10, 10, 10, 10, 10, 10, 10, 10, 10, 10, 10, 10, 10, 10, 10, 10, 10, 10, 10, 10, 10, 10, 10, 10, 10, 10, 10, 10, 
544: 10, 10, 10, 0, 10, 0, 0, 0, 10, 0, 0, 19, 0, 1, 0, 0, 10, 0, 0, 0, 13, 10, 10, 0, 0, 0, 0, 10, 0, 10, 0, 0, 0, 0, 10, 9, 10, 10, 0, 10, 10, 10, 0, 10, 0, 0, 10, 0, 0, 0, 11, 10, 10, 10, 10, 0, 10, 10, 0, 10, 0, 10, 0, 10, 10, 0, 0, 10, 0, 10, 0, 10, 0, 10, 2, 0, 10, 0, 10, 0, 10, 0, 10, 10, 0, 10, 10, 10, 0, 10, 10, 10, 10, 10, 0, 0, 10, 0, 0, 10, 10, 0, 0, 0, 0, 0, 0, 0, 10, 10, 10, 0, 0, 10, 0, 10, 0, 10, 10, 0, : 10, 10, 10, 10, 10, 19, 1, 10, 13, 10, 10, 10, 10, 10, 9, 10, 10, 10, 10, 10, 10, 10, 11, 10, 10, 10, 10, 10, 10, 10, 10, 10, 10, 10, 10, 10, 10, 2, 10, 10, 10, 10, 10, 10, 10, 10, 10, 10, 10, 10, 10, 10, 10, 10, 10, 10, 10, 10, 10, 10, 10, 
499: 10, 0, 0, 0, 0, 13, 0, 10, 10, 10, 0, 0, 10, 10, 10, 0, 0, 0, 0, 0, 10, 10, 0, 0, 10, 0, 14, 0, 10, 10, 0, 0, 10, 0, 10, 10, 10, 10, 0, 0, 0, 0, 10, 1, 10, 0, 0, 0, 0, 0, 0, 0, 10, 0, 10, 10, 10, 10, 0, 0, 0, 10, 10, 0, 0, 10, 0, 0, 0, 10, 0, 10, 10, 0, 10, 0, 0, 0, 0, 0, 0, 0, 0, 0, 0, 10, 10, 0, 10, 10, 10, 10, 0, 0, 10, 10, 10, 10, 10, 0, 0, 5, 10, 10, 0, 10, 0, 10, 10, 10, 0, 0, 10, 0, 10, 0, 0, 10, 0, 10, : 10, 13, 10, 10, 10, 10, 10, 10, 10, 10, 10, 14, 10, 10, 10, 10, 10, 10, 10, 10, 1, 10, 10, 10, 10, 10, 10, 10, 10, 10, 10, 10, 10, 10, 10, 10, 10, 10, 10, 10, 10, 10, 10, 10, 10, 5, 10, 10, 10, 10, 10, 10, 10, 10, 10, 10, 
295: 10, 10, 0, 10, 0, 10, 0, 0, 0, 0, 10, 10, 0, 0, 10, 10, 10, 10, 10, 0, 0, 10, 0, 10, 0, 0, 0, 10, 0, 10, 1, 0, 10, 10, 0, 10, 10, 10, 10, 10, 10, 0, 0, 0, 10, 10, 0, 10, 0, 0, 10, 0, 10, 10, 10, 0, 0, 0, 10, 10, 0, 10, 0, 0, 1, 10, 10, 16, 0, 0, 10, 10, 0, 0, 0, 10, 10, 10, 0, 10, 0, 0, 10, 10, 10, 0, 0, 0, 10, 10, 10, 0, 0, 10, 0, 0, 10, 0, 10, 10, 10, 10, 10, 0, 0, 10, 0, 0, 0, 10, 10, 0, 0, 10, 10, 10, 10, 0, 0, 10, : 10, 10, 10, 10, 10, 10, 10, 10, 10, 10, 10, 10, 10, 10, 10, 1, 10, 10, 10, 10, 10, 10, 10, 10, 10, 10, 10, 10, 10, 10, 10, 10, 10, 10, 1, 10, 10, 16, 10, 10, 10, 10, 10, 10, 10, 10, 10, 10, 10, 10, 10, 10, 10, 10, 10, 10, 10, 10, 10, 10, 10, 10, 10, 10, 10, 
586: 10, 2, 10, 0, 0, 0, 10, 0, 0, 10, 0, 0, 0, 10, 0, 10, 10, 0, 10, 0, 1, 10, 1, 0, 10, 0, 10, 10, 0, 10, 10, 10, 10, 0, 10, 10, 0, 0, 0, 10, 0, 10, 10, 10, 7, 10, 0, 0, 10, 0, 10, 10, 10, 10, 10, 0, 0, 10, 0, 10, 10, 0, 0, 18, 0, 0, 10, 5, 0, 0, 10, 0, 10, 10, 10, 10, 10, 0, 10, 0, 10, 10, 0, 0, 0, 10, 0, 10, 0, 0, 0, 10, 10, 0, 0, 10, 0, 10, 10, 0, 10, 0, 10, 0, 0, 10, 0, 10, 4, 10, 0, 0, 10, 0, 10, 0, 10, 10, 10, 0, : 10, 2, 10, 10, 10, 10, 10, 10, 10, 1, 10, 1, 10, 10, 10, 10, 10, 10, 10, 10, 10, 10, 10, 10, 10, 7, 10, 10, 10, 10, 10, 10, 10, 10, 10, 10, 18, 10, 5, 10, 10, 10, 10, 10, 10, 10, 10, 10, 10, 10, 10, 10, 10, 10, 10, 10, 10, 10, 10, 4, 10, 10, 10, 10, 10, 10, 
200: 10, 10, 19, 0, 10, 0, 0, 0, 10, 0, 10, 10, 10, 19, 10, 10, 10, 10, 10, 0, 10, 10, 0, 10, 10, 10, 0, 3, 0, 0, 0, 10, 10, 0, 10, 10, 10, 10, 0, 0, 10, 10, 0, 0, 0, 0, 10, 10, 10, 2, 0, 0, 10, 0, 0, 10, 10, 0, 0, 0, 0, 0, 0, 10, 10, 10, 0, 10, 10, 0, 10, 0, 10, 0, 0, 10, 10, 0, 1, 0, 0, 10, 0, 10, 0, 0, 10, 0, 10, 2, 10, 0, 0, 0, 0, 0, 0, 0, 10, 10, 0, 0, 0, 0, 11, 10, 0, 0, 10, 10, 10, 10, 10, 0, 0, 10, 10, 10, 10, 0, : 10, 10, 19, 10, 10, 10, 10, 10, 19, 10, 10, 10, 10, 10, 10, 10, 10, 10, 10, 3, 10, 10, 10, 10, 10, 10, 10, 10, 10, 10, 10, 2, 10, 10, 10, 10, 10, 10, 10, 10, 10, 10, 10, 10, 1, 10, 10, 10, 10, 2, 10, 10, 10, 11, 10, 10, 10, 10, 10, 10, 10, 10, 10, 10, 
358: 0, 10, 0, 0, 0, 10, 10, 0, 0, 10, 0, 0, 10, 10, 0, 0, 10, 10, 0, 0, 10, 0, 0, 10, 10, 0, 10, 10, 0, 16, 10, 0, 10, 10, 0, 10, 10, 10, 10, 10, 10, 10, 10, 10, 0, 0, 10, 10, 0, 0, 0, 0, 0, 10, 10, 10, 0, 0, 10, 10, 0, 0, 10, 10, 0, 0, 0, 10, 0, 10, 10, 0, 0, 10, 10, 10, 0, 10, 0, 0, 0, 10, 10, 0, 10, 10, 0, 10, 0, 10, 0, 0, 10, 0, 10, 0, 10, 0, 0, 0, 0, 10, 1, 10, 10, 10, 0, 10, 10, 0, 10, 10, 10, 0, 0, 0, 4, 10, 10, 0, : 10, 10, 10, 10, 10, 10, 10, 10, 10, 10, 10, 10, 10, 16, 10, 10, 10, 10, 10, 10, 10, 10, 10, 10, 10, 10, 10, 10, 10, 10, 10, 10, 10, 10, 10, 10, 10, 10, 10, 10, 10, 10, 10, 10, 10, 10, 10, 10, 10, 10, 10, 10, 1, 10, 10, 10, 10, 10, 10, 10, 10, 4, 10, 10, 
550: 10, 10, 1, 10, 10, 0, 10, 0, 0, 0, 0, 10, 10, 0, 0, 0, 0, 0, 10, 10, 0, 10, 0, 10, 10, 10, 0, 1, 10, 0, 10, 10, 0, 10, 10, 0, 0, 10, 10, 10, 0, 0, 10, 0, 0, 10, 10, 10, 10, 10, 1, 10, 10, 10, 10, 10, 0, 10, 10, 0, 10, 0, 0, 0, 10, 0, 0, 0, 18, 0, 0, 0, 0, 0, 10, 10, 10, 10, 0, 0, 10, 10, 0, 10, 10, 0, 0, 10, 10, 10, 0, 0, 10, 0, 0, 10, 0, 3, 0, 10, 10, 10, 10, 10, 10, 10, 0, 10, 0, 0, 0, 0, 8, 10, 0, 0, 10, 10, 10, 10, : 10, 10, 1, 10, 10, 10, 10, 10, 10, 10, 10, 10, 10, 10, 1, 10, 10, 10, 10, 10, 10, 10, 10, 10, 10, 10, 10, 10, 10, 1, 10, 10, 10, 10, 10, 10, 10, 10, 10, 18, 10, 10, 10, 10, 10, 10, 10, 10, 10, 10, 10, 10, 10, 3, 10, 10, 10, 10, 10, 10, 10, 10, 8, 10, 10, 10, 10, 10, 
557: 10, 0, 10, 10, 0, 10, 10, 16, 0, 10, 0, 10, 0, 0, 0, 0, 10, 0, 10, 0, 10, 0, 0, 0, 0, 0, 6, 0, 0, 0, 10, 10, 10, 11, 10, 0, 10, 0, 10, 10, 10, 10, 0, 0, 0, 0, 10, 10, 10, 0, 0, 10, 0, 10, 0, 0, 10, 10, 0, 10, 0, 0, 0, 10, 10, 10, 10, 10, 10, 10, 10, 0, 10, 0, 10, 10, 0, 10, 0, 0, 0, 10, 5, 0, 0, 0, 0, 14, 2, 10, 10, 10, 0, 2, 0, 0, 0, 10, 0, 0, 10, 0, 10, 0, 10, 10, 0, 10, 0, 10, 0, 10, 10, 0, 0, 10, 10, 1, 10, 0, : 10, 10, 10, 10, 10, 16, 10, 10, 10, 10, 10, 6, 10, 10, 10, 11, 10, 10, 10, 10, 10, 10, 10, 10, 10, 10, 10, 10, 10, 10, 10, 10, 10, 10, 10, 10, 10, 10, 10, 10, 10, 10, 10, 5, 14, 2, 10, 10, 10, 2, 10, 10, 10, 10, 10, 10, 10, 10, 10, 10, 10, 1, 10, 
630: 0, 0, 10, 10, 10, 0, 0, 0, 0, 4, 10, 0, 10, 0, 10, 0, 0, 0, 0, 0, 0, 10, 10, 0, 10, 0, 10, 0, 10, 1, 10, 10, 0, 10, 1, 0, 10, 0, 0, 0, 10, 0, 10, 0, 10, 10, 10, 10, 10, 10, 0, 0, 10, 0, 10, 0, 10, 16, 0, 10, 10, 17, 0, 10, 0, 0, 0, 0, 10, 10, 10, 0, 19, 10, 0, 10, 0, 10, 0, 0, 10, 0, 0, 10, 10, 10, 0, 0, 0, 10, 0, 0, 0, 10, 10, 0, 10, 0, 0, 0, 10, 0, 10, 0, 0, 10, 10, 0, 10, 10, 0, 0, 10, 0, 0, 10, 0, 10, 10, 10, : 10, 10, 10, 4, 10, 10, 10, 10, 10, 10, 10, 10, 1, 10, 10, 10, 1, 10, 10, 10, 10, 10, 10, 10, 10, 10, 10, 10, 10, 16, 10, 10, 17, 10, 10, 10, 10, 19, 10, 10, 10, 10, 10, 10, 10, 10, 10, 10, 10, 10, 10, 10, 10, 10, 10, 10, 10, 10, 10, 10, 
3: 10, 0, 0, 10, 10, 0, 10, 0, 10, 10, 0, 0, 0, 0, 10, 0, 0, 0, 0, 0, 10, 10, 10, 0, 0, 10, 10, 0, 10, 0, 0, 0, 10, 0, 10, 10, 10, 10, 0, 0, 10, 0, 10, 10, 0, 10, 10, 0, 0, 10, 0, 0, 0, 0, 10, 10, 10, 10, 10, 10, 10, 1, 0, 0, 0, 0, 10, 0, 10, 0, 0, 10, 0, 0, 10, 10, 0, 10, 10, 0, 10, 10, 0, 0, 0, 10, 0, 0, 0, 10, 10, 0, 10, 10, 10, 0, 0, 10, 0, 0, 0, 0, 0, 0, 10, 0, 0, 0, 10, 10, 0, 10, 10, 0, 10, 0, 0, 0, 10, 10, : 10, 10, 10, 10, 10, 10, 10, 10, 10, 10, 10, 10, 10, 10, 10, 10, 10, 10, 10, 10, 10, 10, 10, 10, 10, 10, 10, 10, 10, 10, 10, 1, 10, 10, 10, 10, 10, 10, 10, 10, 10, 10, 10, 10, 10, 10, 10, 10, 10, 10, 10, 10, 10, 10, 10, 10, 
215: 10, 10, 10, 10, 10, 10, 0, 0, 10, 0, 10, 0, 10, 10, 10, 10, 10, 10, 10, 0, 10, 10, 0, 0, 0, 10, 10, 0, 1, 10, 0, 10, 0, 10, 10, 0, 0, 10, 10, 0, 10, 10, 0, 0, 10, 10, 10, 10, 0, 10, 10, 10, 0, 0, 10, 0, 10, 1, 13, 0, 10, 10, 10, 0, 0, 0, 0, 0, 10, 10, 0, 0, 10, 0, 10, 10, 0, 10, 10, 0, 0, 0, 0, 0, 0, 0, 10, 0, 10, 0, 0, 10, 10, 0, 0, 10, 10, 0, 0, 2, 10, 0, 10, 0, 0, 0, 10, 10, 10, 10, 10, 0, 0, 0, 10, 10, 10, 10, 0, 10, : 10, 10, 10, 10, 10, 10, 10, 10, 10, 10, 10, 10, 10, 10, 10, 10, 10, 10, 10, 1, 10, 10, 10, 10, 10, 10, 10, 10, 10, 10, 10, 10, 10, 10, 10, 10, 10, 1, 13, 10, 10, 10, 10, 10, 10, 10, 10, 10, 10, 10, 10, 10, 10, 10, 10, 2, 10, 10, 10, 10, 10, 10, 10, 10, 10, 10, 10, 10, 
688: 10, 0, 10, 10, 10, 10, 10, 0, 0, 10, 10, 0, 0, 0, 0, 0, 0, 10, 10, 0, 0, 10, 0, 10, 10, 0, 0, 0, 0, 2, 0, 0, 10, 0, 0, 0, 10, 0, 0, 10, 10, 10, 10, 0, 10, 10, 10, 10, 10, 10, 10, 0, 10, 10, 10, 0, 9, 10, 7, 0, 0, 10, 1, 0, 0, 10, 0, 0, 10, 10, 0, 10, 0, 0, 0, 10, 0, 10, 0, 0, 10, 10, 10, 10, 10, 0, 10, 0, 10, 10, 0, 10, 10, 10, 0, 0, 10, 10, 0, 10, 0, 0, 0, 0, 0, 2, 10, 10, 10, 0, 10, 0, 0, 0, 10, 0, 10, 10, 0, 10, : 10, 10, 10, 10, 10, 10, 10, 10, 10, 10, 10, 10, 10, 2, 10, 10, 10, 10, 10, 10, 10, 10, 10, 10, 10, 10, 10, 10, 10, 10, 9, 10, 7, 10, 1, 10, 10, 10, 10, 10, 10, 10, 10, 10, 10, 10, 10, 10, 10, 10, 10, 10, 10, 10, 10, 2, 10, 10, 10, 10, 10, 10, 10, 10, 
776: 0, 10, 10, 0, 0, 10, 0, 0, 0, 0, 10, 10, 0, 10, 10, 0, 0, 10, 10, 10, 10, 0, 10, 10, 0, 0, 0, 0, 0, 10, 10, 0, 10, 10, 0, 0, 10, 10, 0, 7, 10, 0, 0, 10, 0, 0, 10, 10, 0, 0, 10, 0, 10, 0, 10, 0, 0, 0, 0, 0, 0, 10, 10, 3, 10, 0, 10, 0, 0, 0, 10, 0, 0, 10, 10, 0, 10, 10, 0, 10, 10, 0, 10, 10, 0, 10, 10, 10, 0, 0, 10, 0, 10, 10, 10, 10, 10, 10, 0, 10, 0, 0, 0, 0, 0, 10, 0, 10, 10, 0, 10, 10, 10, 10, 10, 0, 10, 10, 10, 10, : 10, 10, 10, 10, 10, 10, 10, 10, 10, 10, 10, 10, 10, 10, 10, 10, 10, 10, 10, 7, 10, 10, 10, 10, 10, 10, 10, 10, 10, 3, 10, 10, 10, 10, 10, 10, 10, 10, 10, 10, 10, 10, 10, 10, 10, 10, 10, 10, 10, 10, 10, 10, 10, 10, 10, 10, 10, 10, 10, 10, 10, 10, 10, 10, 
677: 10, 10, 0, 0, 0, 0, 0, 10, 10, 10, 0, 0, 10, 0, 0, 0, 10, 10, 0, 10, 0, 10, 0, 10, 0, 10, 10, 0, 10, 0, 10, 0, 0, 10, 2, 10, 0, 0, 0, 0, 0, 10, 0, 0, 0, 0, 6, 0, 10, 10, 10, 10, 0, 0, 10, 0, 0, 10, 10, 0, 3, 10, 0, 0, 13, 10, 10, 10, 10, 10, 0, 0, 10, 10, 10, 0, 10, 0, 0, 10, 10, 1, 0, 10, 0, 0, 10, 10, 10, 0, 0, 0, 10, 10, 10, 10, 10, 10, 10, 10, 0, 0, 0, 10, 0, 10, 10, 10, 10, 0, 10, 0, 10, 10, 10, 1, 0, 0, 10, 0, : 10, 10, 10, 10, 10, 10, 10, 10, 10, 10, 10, 10, 10, 10, 10, 10, 2, 10, 10, 6, 10, 10, 10, 10, 10, 10, 10, 3, 10, 13, 10, 10, 10, 10, 10, 10, 10, 10, 10, 10, 10, 1, 10, 10, 10, 10, 10, 10, 10, 10, 10, 10, 10, 10, 10, 10, 10, 10, 10, 10, 10, 10, 10, 1, 10, 
578: 0, 10, 0, 0, 0, 10, 10, 0, 0, 10, 0, 0, 0, 10, 10, 5, 0, 0, 0, 10, 0, 0, 10, 10, 10, 10, 0, 10, 10, 0, 0, 10, 10, 10, 10, 0, 0, 10, 10, 0, 0, 0, 10, 10, 0, 0, 0, 0, 0, 10, 0, 10, 10, 10, 10, 10, 0, 0, 0, 0, 10, 0, 10, 0, 0, 10, 10, 10, 10, 10, 10, 0, 10, 10, 10, 10, 0, 10, 10, 10, 0, 0, 0, 0, 0, 0, 10, 10, 10, 10, 0, 0, 0, 10, 0, 0, 10, 0, 10, 0, 10, 0, 10, 0, 7, 0, 0, 0, 10, 0, 10, 0, 0, 0, 10, 10, 10, 0, 0, 0, : 10, 10, 10, 10, 10, 10, 5, 10, 10, 10, 10, 10, 10, 10, 10, 10, 10, 10, 10, 10, 10, 10, 10, 10, 10, 10, 10, 10, 10, 10, 10, 10, 10, 10, 10, 10, 10, 10, 10, 10, 10, 10, 10, 10, 10, 10, 10, 10, 10, 10, 10, 10, 7, 10, 10, 10, 10, 10, 
385: 0, 10, 10, 10, 0, 10, 0, 10, 0, 11, 0, 0, 10, 0, 10, 0, 10, 10, 10, 10, 10, 10, 0, 10, 10, 10, 0, 10, 10, 0, 2, 0, 10, 0, 10, 0, 10, 0, 10, 10, 10, 0, 10, 0, 0, 2, 10, 10, 10, 10, 10, 10, 0, 10, 10, 10, 0, 10, 0, 10, 10, 0, 10, 10, 2, 0, 10, 0, 3, 0, 10, 0, 0, 10, 0, 0, 0, 0, 0, 0, 10, 0, 10, 10, 10, 10, 0, 0, 0, 0, 3, 0, 0, 10, 10, 0, 10, 10, 0, 10, 0, 0, 10, 0, 10, 0, 10, 0, 10, 10, 10, 0, 0, 0, 10, 0, 0, 0, 10, 0, : 10, 10, 10, 10, 10, 11, 10, 10, 10, 10, 10, 10, 10, 10, 10, 10, 10, 10, 10, 2, 10, 10, 10, 10, 10, 10, 10, 2, 10, 10, 10, 10, 10, 10, 10, 10, 10, 10, 10, 10, 10, 10, 2, 10, 3, 10, 10, 10, 10, 10, 10, 10, 3, 10, 10, 10, 10, 10, 10, 10, 10, 10, 10, 10, 10, 10, 
343: 0, 5, 0, 0, 10, 10, 10, 0, 0, 10, 20, 10, 0, 10, 10, 10, 0, 10, 10, 0, 0, 10, 10, 10, 0, 10, 0, 0, 10, 10, 0, 0, 10, 2, 0, 0, 10, 10, 0, 10, 10, 10, 10, 10, 10, 0, 10, 10, 0, 10, 10, 10, 0, 10, 0, 10, 10, 0, 0, 0, 10, 10, 0, 0, 10, 10, 10, 0, 0, 10, 0, 0, 0, 0, 0, 0, 10, 0, 0, 0, 10, 10, 0, 0, 0, 0, 10, 0, 10, 0, 10, 1, 0, 10, 0, 10, 0, 0, 1, 0, 0, 0, 10, 10, 10, 0, 0, 10, 0, 0, 0, 0, 10, 0, 10, 10, 0, 10, 0, 10, : 5, 10, 10, 10, 10, 20, 10, 10, 10, 10, 10, 10, 10, 10, 10, 10, 10, 10, 10, 2, 10, 10, 10, 10, 10, 10, 10, 10, 10, 10, 10, 10, 10, 10, 10, 10, 10, 10, 10, 10, 10, 10, 10, 10, 10, 10, 10, 10, 1, 10, 10, 1, 10, 10, 10, 10, 10, 10, 10, 10, 10, 
743: 2, 0, 10, 0, 10, 0, 10, 0, 0, 1, 0, 10, 10, 0, 10, 0, 0, 10, 0, 10, 10, 10, 0, 0, 10, 0, 0, 0, 0, 0, 0, 10, 10, 10, 0, 10, 0, 10, 10, 10, 10, 10, 10, 10, 0, 10, 0, 0, 1, 0, 10, 10, 10, 10, 0, 0, 0, 10, 10, 10, 0, 10, 10, 10, 10, 10, 0, 10, 10, 0, 0, 10, 10, 0, 10, 10, 10, 0, 10, 0, 0, 4, 10, 10, 0, 0, 0, 10, 10, 10, 0, 10, 10, 0, 10, 0, 10, 0, 10, 10, 10, 10, 10, 0, 6, 0, 0, 0, 0, 0, 10, 12, 0, 0, 0, 0, 0, 10, 10, 10, : 2, 10, 10, 10, 1, 10, 10, 10, 10, 10, 10, 10, 10, 10, 10, 10, 10, 10, 10, 10, 10, 10, 10, 10, 10, 1, 10, 10, 10, 10, 10, 10, 10, 10, 10, 10, 10, 10, 10, 10, 10, 10, 10, 10, 10, 10, 4, 10, 10, 10, 10, 10, 10, 10, 10, 10, 10, 10, 10, 10, 10, 6, 10, 12, 10, 10, 10, 
711: 10, 10, 0, 0, 0, 0, 0, 10, 0, 10, 0, 10, 10, 0, 10, 10, 10, 0, 10, 0, 0, 10, 0, 10, 10, 0, 10, 0, 10, 10, 0, 10, 0, 0, 10, 10, 0, 10, 10, 0, 0, 10, 0, 0, 10, 10, 0, 10, 10, 0, 0, 10, 10, 10, 10, 10, 0, 10, 0, 0, 10, 0, 0, 0, 0, 2, 0, 0, 10, 10, 10, 10, 2, 0, 10, 10, 0, 0, 0, 0, 0, 0, 0, 12, 0, 0, 0, 10, 10, 0, 0, 10, 0, 0, 10, 10, 10, 0, 0, 10, 10, 10, 0, 0, 6, 0, 10, 0, 0, 0, 0, 10, 0, 0, 0, 10, 0, 10, 10, 0, : 10, 10, 10, 10, 10, 10, 10, 10, 10, 10, 10, 10, 10, 10, 10, 10, 10, 10, 10, 10, 10, 10, 10, 10, 10, 10, 10, 10, 10, 10, 10, 10, 10, 2, 10, 10, 10, 10, 2, 10, 10, 12, 10, 10, 10, 10, 10, 10, 10, 10, 10, 6, 10, 10, 10, 10, 10, 
716: 0, 0, 4, 0, 10, 0, 0, 0, 10, 0, 10, 10, 1, 10, 10, 0, 10, 0, 0, 0, 0, 0, 0, 0, 0, 0, 0, 10, 0, 0, 0, 0, 2, 0, 10, 0, 0, 0, 10, 10, 0, 0, 0, 10, 0, 10, 3, 10, 10, 10, 10, 1, 10, 0, 10, 0, 0, 10, 10, 10, 10, 10, 10, 0, 0, 10, 10, 10, 0, 0, 10, 0, 10, 10, 10, 10, 0, 10, 0, 10, 10, 0, 10, 10, 10, 10, 0, 10, 0, 0, 10, 10, 10, 10, 10, 0, 0, 0, 0, 10, 0, 10, 0, 0, 10, 0, 0, 1, 10, 0, 0, 0, 10, 10, 0, 0, 10, 0, 10, 10, : 4, 10, 10, 10, 10, 1, 10, 10, 10, 10, 2, 10, 10, 10, 10, 10, 3, 10, 10, 10, 10, 1, 10, 10, 10, 10, 10, 10, 10, 10, 10, 10, 10, 10, 10, 10, 10, 10, 10, 10, 10, 10, 10, 10, 10, 10, 10, 10, 10, 10, 10, 10, 10, 10, 1, 10, 10, 10, 10, 10, 10, 
150: 0, 0, 10, 10, 0, 0, 10, 0, 17, 10, 4, 0, 0, 0, 0, 10, 13, 0, 0, 10, 10, 10, 10, 10, 0, 10, 0, 10, 10, 0, 10, 0, 10, 10, 10, 0, 10, 0, 1, 0, 0, 0, 10, 0, 0, 10, 0, 10, 0, 0, 10, 0, 5, 10, 0, 10, 0, 0, 10, 13, 0, 0, 0, 0, 10, 0, 0, 10, 0, 10, 0, 0, 0, 0, 10, 10, 0, 10, 10, 10, 20, 10, 10, 0, 0, 10, 7, 0, 1, 0, 0, 10, 0, 10, 10, 0, 0, 10, 0, 10, 10, 0, 0, 0, 0, 0, 10, 10, 0, 10, 0, 10, 0, 10, 10, 0, 0, 10, 0, 0, : 10, 10, 10, 17, 10, 4, 10, 13, 10, 10, 10, 10, 10, 10, 10, 10, 10, 10, 10, 10, 10, 1, 10, 10, 10, 10, 5, 10, 10, 10, 13, 10, 10, 10, 10, 10, 10, 10, 10, 20, 10, 10, 10, 7, 1, 10, 10, 10, 10, 10, 10, 10, 10, 10, 10, 10, 10, 10, 
347: 0, 0, 0, 0, 0, 10, 0, 0, 10, 10, 10, 0, 0, 0, 1, 10, 10, 10, 0, 10, 10, 0, 10, 0, 10, 10, 10, 10, 10, 0, 0, 0, 0, 0, 2, 0, 0, 0, 10, 0, 10, 10, 10, 10, 0, 0, 0, 0, 0, 0, 10, 0, 10, 0, 0, 10, 10, 0, 0, 0, 0, 10, 0, 10, 0, 10, 0, 0, 10, 10, 10, 0, 0, 10, 10, 0, 10, 10, 10, 10, 10, 0, 0, 10, 10, 0, 0, 0, 10, 0, 0, 10, 0, 0, 0, 10, 10, 0, 0, 10, 10, 10, 10, 10, 10, 0, 10, 0, 0, 2, 10, 10, 10, 0, 10, 0, 0, 0, 0, 0, : 10, 10, 10, 10, 1, 10, 10, 10, 10, 10, 10, 10, 10, 10, 10, 10, 2, 10, 10, 10, 10, 10, 10, 10, 10, 10, 10, 10, 10, 10, 10, 10, 10, 10, 10, 10, 10, 10, 10, 10, 10, 10, 10, 10, 10, 10, 10, 10, 10, 10, 10, 10, 2, 10, 10, 10, 10, 
130: 10, 1, 10, 0, 10, 0, 10, 0, 0, 0, 0, 10, 10, 10, 10, 10, 10, 2, 10, 10, 0, 10, 0, 10, 0, 10, 0, 0, 10, 10, 0, 10, 0, 10, 10, 10, 0, 10, 10, 0, 10, 0, 0, 0, 0, 0, 10, 0, 0, 10, 0, 10, 5, 0, 0, 15, 0, 10, 0, 0, 0, 10, 10, 0, 0, 1, 10, 10, 0, 0, 10, 0, 0, 0, 10, 0, 0, 10, 10, 10, 0, 10, 10, 0, 15, 10, 0, 10, 10, 10, 10, 13, 0, 0, 10, 10, 0, 10, 0, 0, 5, 0, 10, 10, 0, 0, 10, 10, 10, 0, 0, 10, 10, 0, 10, 0, 10, 10, 0, 0, : 10, 1, 10, 10, 10, 10, 10, 10, 10, 10, 10, 2, 10, 10, 10, 10, 10, 10, 10, 10, 10, 10, 10, 10, 10, 10, 10, 10, 10, 5, 15, 10, 10, 10, 1, 10, 10, 10, 10, 10, 10, 10, 10, 10, 15, 10, 10, 10, 10, 10, 13, 10, 10, 10, 5, 10, 10, 10, 10, 10, 10, 10, 10, 10, 10, 
223: 0, 0, 10, 0, 0, 2, 10, 10, 10, 15, 10, 0, 10, 0, 10, 0, 10, 10, 0, 0, 0, 0, 0, 0, 1, 0, 0, 10, 10, 0, 0, 2, 10, 0, 1, 0, 0, 0, 10, 0, 0, 0, 0, 0, 10, 10, 10, 10, 10, 0, 0, 10, 10, 10, 10, 10, 0, 10, 0, 0, 10, 0, 10, 0, 0, 0, 10, 10, 0, 0, 10, 10, 10, 10, 0, 0, 1, 0, 10, 0, 1, 10, 0, 10, 0, 10, 10, 10, 10, 0, 0, 10, 0, 0, 0, 10, 10, 0, 0, 0, 10, 10, 10, 10, 0, 0, 10, 0, 10, 0, 10, 10, 10, 0, 10, 10, 10, 0, 0, 10, : 10, 2, 10, 10, 10, 15, 10, 10, 10, 10, 10, 1, 10, 10, 2, 10, 1, 10, 10, 10, 10, 10, 10, 10, 10, 10, 10, 10, 10, 10, 10, 10, 10, 10, 10, 10, 10, 1, 10, 1, 10, 10, 10, 10, 10, 10, 10, 10, 10, 10, 10, 10, 10, 10, 10, 10, 10, 10, 10, 10, 10, 10, 
338: 0, 10, 10, 10, 0, 0, 0, 0, 10, 10, 0, 10, 10, 10, 10, 10, 0, 10, 0, 0, 10, 0, 10, 0, 10, 0, 0, 0, 10, 0, 0, 0, 0, 0, 10, 10, 10, 10, 10, 0, 0, 0, 0, 2, 0, 0, 0, 10, 0, 0, 10, 10, 10, 10, 0, 10, 0, 10, 0, 10, 0, 10, 10, 10, 0, 10, 0, 10, 10, 10, 0, 10, 7, 10, 10, 0, 10, 10, 0, 10, 10, 0, 10, 0, 10, 10, 10, 10, 10, 10, 10, 0, 10, 0, 0, 0, 10, 10, 10, 0, 10, 0, 10, 10, 0, 10, 10, 0, 10, 10, 10, 0, 0, 0, 0, 0, 0, 0, 0, 10, : 10, 10, 10, 10, 10, 10, 10, 10, 10, 10, 10, 10, 10, 10, 10, 10, 10, 10, 10, 10, 2, 10, 10, 10, 10, 10, 10, 10, 10, 10, 10, 10, 10, 10, 10, 10, 10, 7, 10, 10, 10, 10, 10, 10, 10, 10, 10, 10, 10, 10, 10, 10, 10, 10, 10, 10, 10, 10, 10, 10, 10, 10, 10, 10, 10, 
230: 0, 10, 0, 10, 0, 0, 0, 10, 0, 0, 0, 0, 0, 10, 10, 10, 0, 10, 10, 0, 10, 0, 10, 0, 10, 10, 0, 10, 10, 10, 0, 10, 1, 0, 10, 0, 0, 10, 10, 10, 3, 0, 10, 10, 10, 10, 10, 0, 0, 10, 0, 0, 0, 10, 0, 0, 0, 10, 10, 0, 10, 0, 20, 10, 10, 10, 0, 10, 0, 0, 0, 10, 10, 10, 0, 0, 10, 0, 10, 10, 2, 0, 0, 0, 0, 10, 0, 3, 0, 0, 10, 10, 0, 10, 10, 10, 0, 0, 0, 18, 0, 10, 10, 10, 0, 10, 10, 0, 10, 0, 10, 10, 0, 7, 0, 0, 0, 0, 0, 10, : 10, 10, 10, 10, 10, 10, 10, 10, 10, 10, 10, 10, 10, 10, 10, 10, 1, 10, 10, 10, 10, 3, 10, 10, 10, 10, 10, 10, 10, 10, 10, 10, 20, 10, 10, 10, 10, 10, 10, 10, 10, 10, 10, 2, 10, 3, 10, 10, 10, 10, 10, 18, 10, 10, 10, 10, 10, 10, 10, 10, 7, 10, 
238: 0, 0, 0, 10, 10, 0, 0, 0, 10, 10, 10, 10, 10, 10, 0, 10, 10, 10, 10, 10, 0, 0, 0, 0, 0, 0, 0, 10, 0, 0, 0, 10, 0, 1, 0, 0, 10, 10, 0, 10, 10, 1, 0, 0, 10, 0, 10, 10, 0, 10, 0, 10, 0, 10, 0, 10, 0, 0, 0, 10, 0, 10, 10, 10, 10, 0, 0, 10, 10, 10, 10, 0, 0, 0, 0, 10, 0, 0, 10, 10, 10, 0, 0, 14, 0, 10, 0, 10, 1, 0, 10, 0, 10, 10, 0, 5, 0, 0, 10, 0, 0, 0, 10, 6, 10, 0, 10, 0, 10, 0, 10, 0, 0, 10, 1, 10, 10, 0, 0, 0, : 10, 10, 10, 10, 10, 10, 10, 10, 10, 10, 10, 10, 10, 10, 10, 1, 10, 10, 10, 10, 1, 10, 10, 10, 10, 10, 10, 10, 10, 10, 10, 10, 10, 10, 10, 10, 10, 10, 10, 10, 10, 14, 10, 10, 1, 10, 10, 10, 5, 10, 10, 6, 10, 10, 10, 10, 10, 1, 10, 10, 
520: 10, 0, 0, 10, 10, 10, 10, 0, 10, 10, 0, 0, 0, 10, 0, 10, 0, 10, 10, 0, 19, 0, 10, 0, 10, 10, 10, 0, 0, 10, 1, 0, 0, 0, 10, 10, 0, 0, 10, 0, 0, 0, 0, 10, 10, 10, 0, 0, 10, 10, 10, 0, 10, 0, 1, 0, 10, 10, 19, 10, 10, 10, 0, 10, 0, 0, 0, 0, 0, 0, 10, 10, 0, 10, 0, 2, 10, 0, 10, 10, 0, 0, 10, 0, 10, 0, 10, 0, 0, 10, 10, 10, 0, 10, 0, 10, 0, 10, 10, 0, 0, 16, 10, 10, 0, 0, 10, 10, 0, 0, 0, 10, 10, 0, 0, 10, 0, 0, 10, 10, : 10, 10, 10, 10, 10, 10, 10, 10, 10, 10, 10, 19, 10, 10, 10, 10, 10, 1, 10, 10, 10, 10, 10, 10, 10, 10, 10, 10, 1, 10, 10, 19, 10, 10, 10, 10, 10, 10, 10, 2, 10, 10, 10, 10, 10, 10, 10, 10, 10, 10, 10, 10, 10, 16, 10, 10, 10, 10, 10, 10, 10, 10, 10, 
757: 0, 10, 10, 0, 10, 10, 10, 10, 10, 10, 0, 10, 6, 0, 10, 0, 0, 2, 10, 10, 0, 0, 0, 10, 10, 0, 0, 0, 10, 0, 10, 0, 10, 0, 10, 10, 0, 10, 10, 0, 10, 0, 10, 0, 0, 0, 10, 0, 10, 0, 0, 10, 8, 0, 0, 0, 10, 10, 0, 18, 0, 10, 10, 0, 0, 0, 10, 10, 0, 10, 0, 0, 0, 10, 9, 0, 0, 10, 0, 0, 0, 0, 0, 10, 0, 10, 0, 0, 0, 0, 0, 10, 0, 10, 0, 10, 0, 10, 0, 0, 0, 18, 10, 3, 0, 0, 10, 10, 0, 10, 10, 10, 0, 0, 0, 10, 0, 0, 10, 0, : 10, 10, 10, 10, 10, 10, 10, 10, 10, 6, 10, 2, 10, 10, 10, 10, 10, 10, 10, 10, 10, 10, 10, 10, 10, 10, 10, 10, 8, 10, 10, 18, 10, 10, 10, 10, 10, 10, 9, 10, 10, 10, 10, 10, 10, 10, 18, 10, 3, 10, 10, 10, 10, 10, 10, 10, 
602: 0, 0, 10, 10, 0, 0, 0, 10, 0, 0, 0, 10, 0, 10, 0, 0, 0, 0, 0, 10, 0, 1, 10, 0, 10, 10, 5, 10, 10, 0, 10, 10, 0, 0, 0, 0, 10, 10, 0, 10, 0, 10, 0, 0, 10, 10, 0, 0, 10, 10, 0, 2, 6, 10, 0, 0, 1, 10, 0, 10, 10, 10, 10, 10, 0, 0, 10, 0, 10, 1, 0, 10, 10, 0, 10, 0, 0, 0, 10, 10, 10, 0, 0, 0, 10, 10, 10, 10, 1, 10, 0, 0, 10, 0, 10, 10, 0, 0, 0, 1, 2, 0, 0, 0, 10, 10, 10, 0, 10, 0, 10, 0, 0, 10, 0, 1, 0, 0, 0, 10, : 10, 10, 10, 10, 10, 10, 1, 10, 10, 10, 5, 10, 10, 10, 10, 10, 10, 10, 10, 10, 10, 10, 10, 2, 6, 10, 1, 10, 10, 10, 10, 10, 10, 10, 10, 1, 10, 10, 10, 10, 10, 10, 10, 10, 10, 10, 1, 10, 10, 10, 10, 1, 2, 10, 10, 10, 10, 10, 10, 1, 10, 
19: 1, 10, 0, 0, 0, 0, 0, 0, 0, 10, 10, 0, 10, 0, 0, 0, 0, 10, 0, 10, 10, 0, 10, 0, 10, 10, 0, 10, 0, 10, 0, 0, 0, 0, 10, 10, 0, 0, 10, 0, 10, 10, 0, 10, 0, 10, 0, 0, 10, 10, 10, 10, 0, 0, 0, 10, 0, 8, 10, 10, 0, 10, 10, 0, 10, 0, 10, 0, 14, 0, 0, 0, 10, 10, 0, 0, 10, 0, 0, 0, 0, 0, 0, 0, 0, 1, 10, 10, 0, 0, 0, 0, 0, 1, 0, 0, 2, 10, 10, 10, 0, 10, 0, 10, 0, 0, 0, 10, 0, 10, 10, 10, 0, 1, 10, 0, 0, 0, 0, 10, : 1, 10, 10, 10, 10, 10, 10, 10, 10, 10, 10, 10, 10, 10, 10, 10, 10, 10, 10, 10, 10, 10, 10, 10, 10, 8, 10, 10, 10, 10, 10, 10, 14, 10, 10, 10, 1, 10, 10, 1, 2, 10, 10, 10, 10, 10, 10, 10, 10, 10, 1, 10, 10, 
463: 10, 10, 10, 0, 0, 10, 10, 10, 10, 0, 10, 0, 0, 0, 10, 10, 0, 0, 10, 0, 10, 10, 10, 10, 0, 10, 10, 0, 0, 10, 10, 3, 10, 10, 10, 10, 10, 0, 0, 10, 0, 10, 10, 10, 0, 0, 10, 4, 10, 10, 0, 10, 0, 0, 0, 0, 0, 0, 10, 10, 10, 10, 0, 10, 2, 0, 0, 0, 10, 10, 0, 10, 10, 10, 0, 10, 0, 0, 0, 10, 10, 10, 0, 10, 10, 10, 0, 0, 0, 0, 10, 10, 0, 0, 0, 10, 10, 10, 0, 0, 0, 17, 0, 0, 0, 10, 0, 0, 0, 10, 0, 0, 10, 10, 10, 10, 10, 10, 0, 0, : 10, 10, 10, 10, 10, 10, 10, 10, 10, 10, 10, 10, 10, 10, 10, 10, 10, 10, 10, 3, 10, 10, 10, 10, 10, 10, 10, 10, 10, 10, 4, 10, 10, 10, 10, 10, 10, 10, 10, 2, 10, 10, 10, 10, 10, 10, 10, 10, 10, 10, 10, 10, 10, 10, 10, 10, 10, 17, 10, 10, 10, 10, 10, 10, 10, 10, 
720: 10, 0, 0, 0, 10, 0, 0, 10, 10, 0, 10, 10, 10, 0, 1, 10, 10, 10, 10, 0, 0, 0, 0, 10, 10, 0, 10, 10, 0, 0, 0, 10, 0, 10, 10, 10, 10, 0, 0, 4, 10, 0, 10, 10, 10, 0, 10, 0, 0, 0, 10, 0, 10, 0, 0, 0, 10, 10, 0, 0, 0, 10, 10, 0, 0, 0, 10, 0, 10, 0, 10, 0, 10, 4, 10, 10, 0, 10, 0, 10, 10, 10, 0, 0, 0, 0, 0, 10, 0, 0, 10, 10, 0, 10, 10, 0, 10, 10, 10, 10, 10, 10, 0, 10, 0, 10, 0, 10, 0, 10, 0, 10, 0, 10, 10, 0, 0, 10, 0, 10, : 10, 10, 10, 10, 10, 10, 10, 1, 10, 10, 10, 10, 10, 10, 10, 10, 10, 10, 10, 10, 10, 4, 10, 10, 10, 10, 10, 10, 10, 10, 10, 10, 10, 10, 10, 10, 10, 4, 10, 10, 10, 10, 10, 10, 10, 10, 10, 10, 10, 10, 10, 10, 10, 10, 10, 10, 10, 10, 10, 10, 10, 10, 10, 10, 
739: 0, 1, 0, 0, 0, 10, 10, 10, 0, 10, 10, 10, 0, 0, 10, 10, 2, 0, 0, 10, 10, 0, 10, 0, 10, 10, 0, 10, 0, 0, 10, 10, 10, 10, 0, 10, 10, 0, 0, 10, 0, 10, 10, 0, 9, 10, 10, 10, 10, 10, 10, 0, 10, 0, 0, 0, 10, 0, 0, 0, 0, 10, 0, 0, 10, 10, 0, 0, 0, 0, 0, 10, 10, 0, 0, 0, 0, 0, 0, 0, 10, 0, 0, 10, 10, 10, 10, 0, 10, 0, 0, 10, 6, 0, 10, 10, 10, 0, 0, 10, 10, 10, 10, 0, 10, 10, 0, 0, 10, 0, 10, 0, 10, 10, 10, 10, 0, 10, 10, 0, : 1, 10, 10, 10, 10, 10, 10, 10, 10, 2, 10, 10, 10, 10, 10, 10, 10, 10, 10, 10, 10, 10, 10, 10, 10, 9, 10, 10, 10, 10, 10, 10, 10, 10, 10, 10, 10, 10, 10, 10, 10, 10, 10, 10, 10, 10, 6, 10, 10, 10, 10, 10, 10, 10, 10, 10, 10, 10, 10, 10, 10, 10, 10, 10, 
745: 10, 0, 10, 10, 10, 0, 10, 10, 10, 3, 0, 10, 10, 0, 10, 10, 1, 10, 10, 10, 10, 10, 0, 10, 0, 10, 0, 10, 0, 10, 0, 0, 10, 1, 0, 10, 10, 10, 0, 10, 0, 10, 0, 10, 0, 10, 10, 10, 10, 0, 0, 0, 0, 0, 0, 0, 10, 0, 10, 10, 10, 0, 10, 0, 10, 0, 10, 7, 0, 10, 0, 4, 0, 10, 10, 10, 0, 10, 0, 0, 0, 0, 10, 10, 10, 10, 10, 1, 10, 0, 1, 10, 10, 0, 10, 0, 0, 10, 10, 0, 0, 0, 10, 10, 10, 10, 10, 0, 10, 0, 0, 0, 0, 10, 10, 10, 10, 10, 0, 10, : 10, 10, 10, 10, 10, 10, 10, 3, 10, 10, 10, 10, 1, 10, 10, 10, 10, 10, 10, 10, 10, 10, 10, 1, 10, 10, 10, 10, 10, 10, 10, 10, 10, 10, 10, 10, 10, 10, 10, 10, 10, 7, 10, 4, 10, 10, 10, 10, 10, 10, 10, 10, 10, 1, 10, 1, 10, 10, 10, 10, 10, 10, 10, 10, 10, 10, 10, 10, 10, 10, 10, 10, 10, 


193: 10, 10, 0, 10, 10, 10, 10, 0, 10, 0, 10, 10, 10, 0, 10, 10, 10, 10, 10, 0, 0, 10, 10, 10, 10, 10, 0, 0, 10, 10, 10, 10, 0, 10, 0, 10, 0, 10, 0, 10, 0, 10, 0, 10, 10, 10, 10, 0, 0, 10, 0, 10, 0, 0, 10, 10, 0, 0, 0, 10, 10, 0, 10, 10, 0, 10, 0, 10, 0, 0, 0, 0, 0, 10, 0, 0, 10, 0, 0, 10, 0, 0, 10, 10, 0, 10, 0, 0, 10, 10, 10, 10, 0, 10, 0, 10, 6, 10, 0, 10, 10, 12, 0, 10, 0, 0, 0, 0, 0, 0, 0, 10, 0, 10, 10, 0, 0, 10, 0, 10, : 10, 10, 10, 10, 10, 10, 10, 10, 10, 10, 10, 10, 10, 10, 10, 10, 10, 10, 10, 10, 10, 10, 10, 10, 10, 10, 10, 10, 10, 10, 10, 10, 10, 10, 10, 10, 10, 10, 10, 10, 10, 10, 10, 10, 10, 10, 10, 10, 10, 10, 10, 10, 10, 10, 10, 6, 10, 10, 10, 12, 10, 10, 10, 10, 10, 10, 
408: 0, 0, 10, 0, 0, 10, 0, 10, 0, 0, 0, 0, 0, 10, 10, 0, 10, 0, 10, 0, 10, 10, 2, 10, 10, 10, 0, 10, 10, 10, 0, 0, 0, 10, 0, 0, 10, 0, 0, 0, 10, 10, 0, 0, 0, 0, 10, 0, 0, 0, 10, 1, 0, 0, 0, 0, 10, 0, 0, 13, 0, 10, 10, 10, 0, 10, 10, 10, 2, 10, 10, 10, 0, 0, 10, 0, 0, 0, 10, 10, 0, 0, 0, 10, 10, 10, 7, 10, 10, 0, 0, 0, 10, 0, 1, 10, 8, 0, 10, 10, 10, 1, 10, 10, 0, 10, 0, 10, 0, 10, 10, 0, 0, 10, 10, 10, 10, 0, 0, 0, : 10, 10, 10, 10, 10, 10, 10, 10, 10, 2, 10, 10, 10, 10, 10, 10, 10, 10, 10, 10, 10, 10, 1, 10, 13, 10, 10, 10, 10, 10, 10, 2, 10, 10, 10, 10, 10, 10, 10, 10, 10, 7, 10, 10, 10, 1, 10, 8, 10, 10, 10, 1, 10, 10, 10, 10, 10, 10, 10, 10, 10, 10, 
55: 0, 10, 10, 0, 0, 10, 0, 0, 10, 0, 0, 10, 10, 10, 10, 10, 0, 10, 0, 0, 0, 0, 0, 0, 0, 0, 0, 0, 0, 10, 0, 0, 0, 10, 0, 0, 10, 0, 10, 10, 0, 10, 10, 10, 10, 10, 0, 0, 10, 10, 11, 10, 10, 0, 0, 0, 0, 10, 10, 0, 1, 10, 0, 0, 0, 10, 0, 10, 0, 10, 10, 10, 0, 0, 0, 0, 0, 10, 10, 10, 10, 0, 0, 0, 10, 0, 10, 0, 10, 10, 10, 0, 0, 10, 0, 1, 0, 10, 0, 0, 10, 0, 0, 10, 10, 3, 10, 10, 10, 1, 10, 10, 10, 0, 10, 10, 0, 0, 0, 10, : 10, 10, 10, 10, 10, 10, 10, 10, 10, 10, 10, 10, 10, 10, 10, 10, 10, 10, 10, 10, 10, 10, 11, 10, 10, 10, 10, 1, 10, 10, 10, 10, 10, 10, 10, 10, 10, 10, 10, 10, 10, 10, 10, 10, 1, 10, 10, 10, 10, 3, 10, 10, 10, 1, 10, 10, 10, 10, 10, 10, 
589: 0, 0, 10, 0, 0, 0, 0, 0, 0, 0, 0, 10, 4, 10, 10, 0, 10, 0, 10, 0, 0, 10, 0, 0, 10, 7, 0, 10, 0, 0, 0, 0, 10, 10, 10, 0, 10, 0, 10, 10, 10, 10, 0, 0, 0, 0, 10, 0, 10, 0, 10, 0, 10, 0, 0, 10, 0, 10, 0, 10, 10, 10, 10, 10, 0, 0, 0, 10, 10, 10, 10, 10, 0, 10, 10, 10, 0, 0, 0, 0, 0, 0, 0, 10, 0, 0, 0, 0, 0, 0, 10, 0, 10, 10, 10, 0, 0, 10, 10, 10, 10, 0, 0, 10, 10, 2, 10, 0, 0, 10, 0, 10, 0, 10, 10, 10, 10, 10, 10, 10, : 10, 10, 4, 10, 10, 10, 10, 10, 10, 7, 10, 10, 10, 10, 10, 10, 10, 10, 10, 10, 10, 10, 10, 10, 10, 10, 10, 10, 10, 10, 10, 10, 10, 10, 10, 10, 10, 10, 10, 10, 10, 10, 10, 10, 10, 10, 10, 10, 10, 2, 10, 10, 10, 10, 10, 10, 10, 10, 10, 10, 
374: 0, 10, 0, 10, 10, 10, 0, 10, 0, 0, 10, 10, 0, 0, 0, 10, 10, 10, 10, 10, 10, 0, 10, 0, 0, 10, 0, 10, 0, 10, 10, 0, 10, 10, 0, 10, 0, 10, 0, 0, 10, 0, 10, 0, 0, 10, 10, 1, 0, 0, 0, 0, 0, 10, 10, 0, 10, 10, 10, 0, 0, 0, 10, 0, 0, 0, 0, 0, 10, 10, 0, 0, 0, 0, 0, 10, 0, 10, 0, 10, 0, 10, 10, 10, 10, 0, 0, 0, 10, 0, 0, 0, 0, 10, 0, 10, 10, 10, 0, 0, 1, 10, 6, 10, 0, 10, 5, 0, 2, 10, 0, 10, 10, 10, 0, 10, 10, 4, 0, 0, : 10, 10, 10, 10, 10, 10, 10, 10, 10, 10, 10, 10, 10, 10, 10, 10, 10, 10, 10, 10, 10, 10, 10, 10, 10, 10, 1, 10, 10, 10, 10, 10, 10, 10, 10, 10, 10, 10, 10, 10, 10, 10, 10, 10, 10, 10, 10, 1, 10, 6, 10, 10, 5, 2, 10, 10, 10, 10, 10, 10, 4, 
182: 0, 0, 10, 10, 0, 10, 0, 10, 10, 4, 0, 0, 0, 0, 4, 10, 10, 10, 10, 10, 10, 10, 10, 1, 0, 10, 10, 6, 2, 0, 10, 0, 0, 7, 10, 0, 10, 0, 0, 0, 6, 10, 10, 10, 0, 10, 0, 10, 0, 10, 1, 10, 10, 10, 0, 10, 10, 10, 10, 10, 0, 10, 0, 0, 10, 10, 0, 0, 10, 0, 0, 10, 0, 0, 10, 0, 10, 10, 10, 10, 0, 0, 10, 10, 0, 0, 10, 0, 10, 0, 10, 0, 10, 12, 10, 0, 0, 10, 0, 10, 0, 0, 10, 0, 10, 10, 10, 10, 10, 18, 0, 0, 10, 0, 10, 0, 10, 10, 10, 10, : 10, 10, 10, 10, 10, 4, 4, 10, 10, 10, 10, 10, 10, 10, 10, 1, 10, 10, 6, 2, 10, 7, 10, 10, 6, 10, 10, 10, 10, 10, 10, 1, 10, 10, 10, 10, 10, 10, 10, 10, 10, 10, 10, 10, 10, 10, 10, 10, 10, 10, 10, 10, 10, 10, 10, 10, 12, 10, 10, 10, 10, 10, 10, 10, 10, 10, 18, 10, 10, 10, 10, 10, 10, 
275: 0, 10, 10, 10, 0, 0, 0, 10, 0, 0, 0, 10, 10, 10, 0, 0, 0, 0, 10, 10, 10, 0, 10, 10, 0, 10, 10, 0, 10, 10, 10, 10, 10, 0, 0, 0, 10, 10, 10, 0, 1, 10, 10, 0, 10, 10, 0, 10, 10, 10, 0, 10, 10, 0, 0, 0, 10, 10, 0, 0, 0, 10, 9, 10, 10, 0, 10, 10, 8, 4, 0, 0, 0, 10, 10, 10, 0, 10, 10, 0, 0, 10, 0, 18, 0, 10, 0, 10, 10, 0, 0, 0, 0, 10, 10, 0, 0, 0, 10, 0, 1, 0, 10, 0, 0, 0, 0, 10, 10, 0, 0, 0, 10, 10, 20, 0, 10, 0, 11, 0, : 10, 10, 10, 10, 10, 10, 10, 10, 10, 10, 10, 10, 10, 10, 10, 10, 10, 10, 10, 10, 10, 10, 1, 10, 10, 10, 10, 10, 10, 10, 10, 10, 10, 10, 10, 9, 10, 10, 10, 10, 8, 4, 10, 10, 10, 10, 10, 10, 18, 10, 10, 10, 10, 10, 10, 1, 10, 10, 10, 10, 10, 20, 10, 11, 
141: 0, 10, 10, 10, 2, 0, 10, 10, 10, 18, 10, 10, 0, 10, 0, 4, 10, 0, 10, 0, 10, 10, 0, 0, 10, 10, 10, 0, 0, 0, 0, 10, 0, 10, 0, 0, 0, 0, 10, 0, 0, 0, 0, 10, 10, 0, 0, 10, 10, 0, 2, 10, 10, 0, 3, 1, 0, 0, 10, 10, 10, 10, 0, 0, 10, 10, 10, 10, 10, 10, 0, 0, 0, 0, 0, 0, 0, 0, 10, 10, 8, 0, 0, 10, 0, 4, 0, 0, 10, 0, 0, 10, 0, 0, 10, 10, 0, 0, 10, 0, 10, 10, 10, 10, 10, 10, 0, 10, 0, 0, 0, 0, 10, 10, 0, 0, 0, 10, 0, 10, : 10, 10, 10, 2, 10, 10, 10, 18, 10, 10, 10, 4, 10, 10, 10, 10, 10, 10, 10, 10, 10, 10, 10, 10, 10, 10, 2, 10, 10, 3, 1, 10, 10, 10, 10, 10, 10, 10, 10, 10, 10, 10, 10, 8, 10, 4, 10, 10, 10, 10, 10, 10, 10, 10, 10, 10, 10, 10, 10, 10, 10, 10, 
655: 0, 0, 10, 0, 10, 10, 10, 0, 0, 10, 10, 10, 1, 10, 10, 5, 0, 10, 0, 10, 0, 0, 10, 10, 15, 10, 0, 1, 0, 10, 10, 0, 0, 0, 10, 0, 10, 0, 0, 0, 0, 10, 10, 10, 0, 2, 10, 0, 0, 0, 0, 2, 0, 10, 0, 10, 10, 0, 0, 0, 10, 0, 0, 10, 1, 10, 0, 0, 0, 10, 0, 0, 10, 10, 0, 10, 10, 10, 0, 10, 10, 0, 10, 10, 10, 0, 10, 10, 10, 10, 0, 1, 10, 10, 0, 10, 0, 10, 10, 0, 10, 0, 10, 0, 3, 0, 0, 10, 10, 0, 10, 0, 6, 0, 10, 10, 10, 0, 0, 0, : 10, 10, 10, 10, 10, 10, 10, 1, 10, 10, 5, 10, 10, 10, 10, 15, 10, 1, 10, 10, 10, 10, 10, 10, 10, 2, 10, 2, 10, 10, 10, 10, 10, 1, 10, 10, 10, 10, 10, 10, 10, 10, 10, 10, 10, 10, 10, 10, 10, 10, 1, 10, 10, 10, 10, 10, 10, 10, 3, 10, 10, 10, 6, 10, 10, 10, 
175: 0, 0, 10, 10, 10, 10, 3, 10, 0, 10, 0, 10, 10, 0, 0, 10, 10, 10, 0, 0, 10, 0, 10, 10, 10, 10, 10, 0, 0, 0, 10, 0, 10, 0, 0, 0, 10, 0, 10, 10, 10, 2, 13, 0, 0, 0, 0, 0, 10, 10, 0, 0, 10, 0, 10, 0, 0, 10, 0, 10, 10, 10, 0, 10, 10, 0, 0, 0, 0, 0, 10, 0, 0, 0, 10, 10, 0, 0, 10, 10, 10, 10, 10, 0, 0, 10, 10, 0, 0, 10, 10, 10, 10, 0, 10, 10, 0, 1, 10, 0, 0, 0, 7, 0, 0, 0, 10, 0, 0, 10, 10, 10, 0, 0, 10, 0, 0, 10, 0, 10, : 10, 10, 10, 10, 3, 10, 10, 10, 10, 10, 10, 10, 10, 10, 10, 10, 10, 10, 10, 10, 10, 10, 10, 10, 2, 13, 10, 10, 10, 10, 10, 10, 10, 10, 10, 10, 10, 10, 10, 10, 10, 10, 10, 10, 10, 10, 10, 10, 10, 10, 10, 10, 1, 10, 7, 10, 10, 10, 10, 10, 10, 10, 
204: 10, 0, 0, 0, 10, 0, 10, 0, 0, 0, 1, 0, 0, 0, 0, 0, 10, 10, 0, 1, 10, 10, 10, 10, 0, 10, 10, 0, 0, 10, 10, 10, 0, 10, 10, 10, 10, 0, 0, 10, 10, 0, 0, 10, 10, 0, 0, 10, 0, 10, 10, 0, 10, 10, 10, 0, 0, 10, 10, 10, 0, 10, 10, 10, 10, 0, 10, 10, 0, 10, 10, 10, 1, 0, 0, 0, 0, 10, 0, 0, 10, 0, 0, 10, 10, 0, 0, 10, 10, 0, 10, 0, 1, 0, 10, 0, 10, 10, 0, 10, 0, 10, 10, 10, 2, 10, 0, 0, 10, 10, 0, 0, 10, 10, 0, 10, 0, 0, 0, 0, : 10, 10, 10, 1, 10, 10, 1, 10, 10, 10, 10, 10, 10, 10, 10, 10, 10, 10, 10, 10, 10, 10, 10, 10, 10, 10, 10, 10, 10, 10, 10, 10, 10, 10, 10, 10, 10, 10, 10, 10, 10, 10, 1, 10, 10, 10, 10, 10, 10, 10, 1, 10, 10, 10, 10, 10, 10, 10, 2, 10, 10, 10, 10, 10, 10, 
752: 0, 10, 0, 10, 10, 10, 0, 10, 0, 0, 10, 10, 10, 10, 0, 0, 0, 0, 10, 10, 0, 10, 10, 10, 0, 0, 10, 0, 0, 0, 10, 10, 0, 0, 10, 0, 10, 0, 10, 10, 0, 0, 10, 10, 0, 0, 10, 10, 10, 10, 10, 0, 10, 10, 0, 0, 10, 10, 0, 0, 0, 0, 0, 0, 10, 10, 0, 10, 0, 10, 10, 10, 10, 10, 10, 10, 10, 10, 0, 10, 0, 0, 0, 10, 10, 10, 10, 0, 3, 10, 10, 10, 10, 0, 10, 10, 0, 0, 10, 10, 10, 10, 10, 0, 10, 0, 0, 0, 0, 10, 2, 0, 0, 0, 10, 0, 0, 0, 0, 0, : 10, 10, 10, 10, 10, 10, 10, 10, 10, 10, 10, 10, 10, 10, 10, 10, 10, 10, 10, 10, 10, 10, 10, 10, 10, 10, 10, 10, 10, 10, 10, 10, 10, 10, 10, 10, 10, 10, 10, 10, 10, 10, 10, 10, 10, 10, 10, 10, 10, 3, 10, 10, 10, 10, 10, 10, 10, 10, 10, 10, 10, 10, 10, 2, 10, 
575: 0, 10, 10, 0, 10, 0, 10, 0, 10, 0, 10, 10, 0, 0, 10, 10, 0, 10, 10, 0, 0, 5, 10, 0, 0, 10, 10, 10, 10, 3, 0, 10, 10, 10, 0, 0, 0, 10, 10, 10, 10, 0, 10, 0, 4, 10, 10, 0, 0, 0, 10, 0, 10, 0, 10, 10, 0, 0, 0, 0, 0, 1, 0, 0, 10, 10, 0, 0, 10, 10, 10, 0, 10, 0, 2, 10, 10, 10, 0, 10, 10, 0, 0, 10, 0, 10, 10, 0, 10, 10, 0, 0, 0, 10, 0, 0, 0, 10, 10, 0, 0, 10, 0, 10, 10, 0, 0, 0, 0, 10, 0, 10, 0, 10, 10, 0, 10, 10, 0, 10, : 10, 10, 10, 10, 10, 10, 10, 10, 10, 10, 10, 5, 10, 10, 10, 10, 10, 3, 10, 10, 10, 10, 10, 10, 10, 10, 4, 10, 10, 10, 10, 10, 10, 1, 10, 10, 10, 10, 10, 10, 2, 10, 10, 10, 10, 10, 10, 10, 10, 10, 10, 10, 10, 10, 10, 10, 10, 10, 10, 10, 10, 10, 10, 10, 
754: 10, 10, 0, 10, 10, 10, 10, 10, 0, 10, 10, 0, 10, 10, 10, 10, 0, 10, 0, 10, 0, 10, 12, 10, 10, 10, 0, 0, 10, 0, 10, 10, 0, 0, 10, 10, 10, 0, 10, 0, 0, 0, 0, 0, 10, 10, 10, 10, 10, 0, 0, 0, 0, 0, 1, 0, 10, 0, 0, 10, 0, 0, 0, 10, 10, 10, 0, 10, 0, 0, 0, 0, 10, 10, 0, 0, 10, 0, 0, 10, 0, 0, 10, 10, 10, 10, 10, 10, 10, 10, 0, 10, 10, 10, 0, 10, 10, 0, 10, 10, 0, 10, 10, 10, 10, 0, 0, 10, 0, 3, 10, 10, 10, 0, 0, 0, 0, 0, 10, 10, : 10, 10, 10, 10, 10, 10, 10, 10, 10, 10, 10, 10, 10, 10, 10, 10, 12, 10, 10, 10, 10, 10, 10, 10, 10, 10, 10, 10, 10, 10, 10, 10, 1, 10, 10, 10, 10, 10, 10, 10, 10, 10, 10, 10, 10, 10, 10, 10, 10, 10, 10, 10, 10, 10, 10, 10, 10, 10, 10, 10, 10, 10, 10, 3, 10, 10, 10, 10, 10, 
290: 10, 0, 0, 0, 0, 2, 10, 0, 10, 0, 1, 0, 0, 0, 0, 10, 10, 10, 10, 10, 10, 0, 10, 0, 0, 0, 10, 0, 10, 0, 10, 0, 10, 10, 10, 0, 0, 10, 10, 0, 10, 0, 10, 10, 10, 10, 0, 0, 0, 10, 0, 10, 10, 0, 0, 10, 1, 10, 0, 10, 10, 10, 0, 10, 10, 10, 10, 10, 0, 10, 0, 0, 0, 10, 0, 0, 0, 10, 0, 0, 10, 10, 10, 10, 10, 10, 10, 0, 0, 10, 0, 0, 5, 0, 0, 0, 10, 10, 0, 0, 0, 10, 0, 10, 0, 0, 0, 10, 0, 10, 0, 10, 0, 10, 1, 0, 10, 0, 0, 0, : 10, 2, 10, 10, 1, 10, 10, 10, 10, 10, 10, 10, 10, 10, 10, 10, 10, 10, 10, 10, 10, 10, 10, 10, 10, 10, 10, 10, 10, 1, 10, 10, 10, 10, 10, 10, 10, 10, 10, 10, 10, 10, 10, 10, 10, 10, 10, 10, 10, 10, 5, 10, 10, 10, 10, 10, 10, 10, 10, 1, 10, 
429: 0, 0, 0, 0, 10, 0, 0, 0, 10, 0, 0, 0, 0, 10, 10, 0, 18, 0, 10, 0, 0, 0, 0, 10, 0, 10, 9, 0, 0, 10, 0, 10, 10, 10, 0, 0, 0, 10, 0, 10, 10, 0, 10, 10, 0, 10, 0, 0, 0, 10, 0, 10, 10, 10, 10, 10, 10, 10, 10, 0, 10, 10, 0, 10, 0, 0, 0, 10, 0, 0, 10, 0, 10, 0, 10, 10, 0, 10, 0, 10, 10, 10, 10, 0, 10, 0, 0, 10, 0, 0, 0, 0, 0, 0, 0, 0, 0, 10, 0, 10, 10, 0, 0, 0, 0, 0, 0, 10, 10, 10, 10, 0, 0, 10, 0, 0, 0, 0, 0, 10, : 10, 10, 10, 10, 18, 10, 10, 10, 9, 10, 10, 10, 10, 10, 10, 10, 10, 10, 10, 10, 10, 10, 10, 10, 10, 10, 10, 10, 10, 10, 10, 10, 10, 10, 10, 10, 10, 10, 10, 10, 10, 10, 10, 10, 10, 10, 10, 10, 10, 10, 10, 10, 
181: 10, 10, 0, 0, 17, 10, 13, 0, 0, 0, 10, 0, 0, 0, 10, 10, 0, 10, 10, 10, 0, 0, 10, 0, 0, 10, 0, 0, 0, 10, 1, 10, 0, 10, 10, 0, 0, 0, 0, 10, 10, 10, 10, 13, 10, 10, 10, 10, 10, 0, 0, 0, 10, 0, 10, 10, 10, 0, 10, 10, 10, 10, 0, 10, 0, 0, 10, 0, 0, 0, 0, 10, 0, 10, 0, 10, 0, 0, 10, 10, 10, 10, 10, 0, 10, 0, 10, 10, 0, 0, 0, 0, 10, 10, 10, 10, 0, 0, 10, 10, 0, 0, 10, 10, 0, 10, 10, 0, 10, 0, 0, 0, 0, 10, 10, 10, 10, 10, 10, 0, : 10, 10, 17, 10, 13, 10, 10, 10, 10, 10, 10, 10, 10, 10, 1, 10, 10, 10, 10, 10, 10, 10, 13, 10, 10, 10, 10, 10, 10, 10, 10, 10, 10, 10, 10, 10, 10, 10, 10, 10, 10, 10, 10, 10, 10, 10, 10, 10, 10, 10, 10, 10, 10, 10, 10, 10, 10, 10, 10, 10, 10, 10, 10, 10, 10, 10, 
173: 0, 10, 10, 10, 0, 10, 0, 10, 10, 0, 0, 10, 0, 10, 0, 0, 0, 0, 10, 10, 0, 0, 10, 10, 0, 10, 10, 10, 0, 10, 10, 0, 0, 10, 0, 10, 0, 10, 0, 0, 10, 0, 0, 0, 18, 1, 0, 0, 0, 0, 0, 0, 10, 0, 10, 0, 10, 0, 0, 0, 0, 0, 10, 0, 10, 10, 0, 10, 10, 10, 0, 10, 0, 10, 10, 2, 10, 0, 0, 10, 10, 0, 10, 10, 0, 10, 0, 10, 10, 0, 10, 10, 10, 0, 10, 10, 0, 0, 0, 10, 10, 0, 0, 0, 10, 0, 10, 10, 10, 0, 0, 10, 0, 10, 0, 0, 0, 10, 0, 0, : 10, 10, 10, 10, 10, 10, 10, 10, 10, 10, 10, 10, 10, 10, 10, 10, 10, 10, 10, 10, 10, 18, 1, 10, 10, 10, 10, 10, 10, 10, 10, 10, 10, 10, 10, 2, 10, 10, 10, 10, 10, 10, 10, 10, 10, 10, 10, 10, 10, 10, 10, 10, 10, 10, 10, 10, 10, 10, 
799: 0, 0, 0, 0, 10, 0, 0, 0, 0, 10, 10, 0, 0, 10, 0, 0, 0, 0, 10, 0, 10, 10, 0, 0, 0, 0, 0, 10, 10, 10, 0, 10, 10, 0, 0, 10, 0, 0, 10, 10, 0, 0, 10, 10, 0, 0, 0, 0, 0, 0, 10, 10, 0, 0, 10, 0, 10, 0, 10, 0, 10, 10, 10, 0, 10, 0, 10, 0, 10, 10, 0, 10, 10, 0, 10, 0, 10, 0, 1, 10, 1, 0, 10, 10, 10, 10, 0, 10, 10, 10, 10, 0, 0, 10, 10, 0, 10, 0, 10, 10, 10, 10, 10, 10, 0, 10, 0, 1, 0, 10, 10, 0, 10, 10, 0, 0, 0, 0, 0, 0, : 10, 10, 10, 10, 10, 10, 10, 10, 10, 10, 10, 10, 10, 10, 10, 10, 10, 10, 10, 10, 10, 10, 10, 10, 10, 10, 10, 10, 10, 10, 10, 10, 10, 1, 10, 1, 10, 10, 10, 10, 10, 10, 10, 10, 10, 10, 10, 10, 10, 10, 10, 10, 10, 10, 1, 10, 10, 10, 10, 
255: 10, 0, 10, 0, 0, 0, 10, 0, 10, 0, 0, 0, 10, 10, 10, 10, 10, 18, 10, 0, 0, 10, 1, 10, 2, 10, 10, 0, 10, 0, 10, 0, 10, 10, 10, 10, 10, 10, 0, 10, 10, 10, 0, 10, 0, 10, 0, 0, 0, 0, 0, 10, 0, 0, 10, 10, 10, 0, 1, 0, 10, 0, 0, 10, 10, 10, 0, 10, 0, 10, 10, 10, 0, 0, 10, 1, 10, 10, 0, 0, 10, 10, 10, 4, 0, 10, 0, 10, 10, 10, 0, 0, 0, 10, 0, 10, 10, 7, 10, 0, 10, 0, 0, 0, 0, 0, 0, 10, 0, 0, 10, 0, 10, 0, 1, 10, 10, 10, 0, 0, : 10, 10, 10, 10, 10, 10, 10, 10, 10, 18, 10, 10, 1, 10, 2, 10, 10, 10, 10, 10, 10, 10, 10, 10, 10, 10, 10, 10, 10, 10, 10, 10, 10, 10, 1, 10, 10, 10, 10, 10, 10, 10, 10, 10, 1, 10, 10, 10, 10, 10, 4, 10, 10, 10, 10, 10, 10, 10, 7, 10, 10, 10, 10, 10, 1, 10, 10, 10, 
722: 0, 0, 10, 4, 0, 10, 4, 0, 10, 10, 10, 0, 10, 10, 10, 10, 0, 0, 0, 0, 0, 10, 0, 0, 10, 0, 10, 0, 10, 0, 0, 10, 0, 0, 10, 0, 10, 0, 10, 10, 0, 10, 0, 10, 10, 10, 10, 2, 0, 10, 0, 10, 0, 10, 10, 0, 0, 10, 0, 0, 10, 0, 0, 0, 10, 10, 3, 0, 10, 0, 0, 0, 10, 0, 0, 10, 10, 0, 0, 0, 10, 0, 0, 10, 10, 0, 10, 6, 0, 1, 10, 10, 10, 0, 10, 0, 10, 4, 0, 0, 10, 10, 10, 10, 10, 0, 0, 3, 10, 0, 10, 10, 0, 0, 0, 10, 10, 1, 0, 0, : 10, 4, 10, 4, 10, 10, 10, 10, 10, 10, 10, 10, 10, 10, 10, 10, 10, 10, 10, 10, 10, 10, 10, 10, 10, 2, 10, 10, 10, 10, 10, 10, 10, 10, 3, 10, 10, 10, 10, 10, 10, 10, 10, 6, 1, 10, 10, 10, 10, 10, 4, 10, 10, 10, 10, 10, 3, 10, 10, 10, 10, 10, 1, 
505: 0, 10, 0, 0, 0, 10, 10, 10, 0, 10, 10, 10, 0, 10, 10, 10, 10, 0, 0, 0, 10, 0, 10, 10, 17, 0, 0, 0, 10, 0, 0, 0, 10, 0, 10, 10, 0, 0, 0, 0, 9, 0, 10, 10, 0, 10, 0, 10, 10, 10, 0, 0, 0, 0, 10, 0, 10, 10, 0, 10, 10, 0, 10, 0, 0, 0, 0, 0, 7, 5, 10, 10, 10, 10, 10, 10, 10, 10, 10, 10, 0, 10, 0, 0, 1, 0, 0, 0, 0, 10, 0, 0, 1, 10, 10, 0, 10, 10, 10, 0, 10, 2, 10, 0, 0, 10, 0, 0, 0, 10, 0, 10, 10, 0, 0, 10, 0, 10, 10, 10, : 10, 10, 10, 10, 10, 10, 10, 10, 10, 10, 10, 10, 10, 10, 17, 10, 10, 10, 10, 9, 10, 10, 10, 10, 10, 10, 10, 10, 10, 10, 10, 10, 7, 5, 10, 10, 10, 10, 10, 10, 10, 10, 10, 10, 10, 1, 10, 1, 10, 10, 10, 10, 10, 10, 2, 10, 10, 10, 10, 10, 10, 10, 10, 10, 
626: 10, 0, 0, 0, 0, 0, 10, 0, 0, 10, 0, 0, 0, 10, 10, 10, 0, 13, 0, 0, 10, 0, 0, 10, 0, 10, 0, 10, 10, 0, 0, 10, 0, 0, 0, 0, 0, 10, 10, 0, 0, 10, 10, 0, 10, 10, 10, 0, 0, 0, 10, 10, 10, 0, 10, 0, 0, 0, 0, 0, 10, 10, 10, 10, 10, 0, 0, 4, 0, 0, 10, 0, 10, 1, 2, 0, 10, 0, 0, 10, 10, 0, 0, 0, 10, 10, 10, 10, 0, 0, 0, 10, 10, 10, 10, 0, 10, 0, 0, 10, 10, 0, 0, 0, 0, 0, 10, 0, 10, 0, 0, 10, 0, 10, 10, 10, 0, 0, 0, 0, : 10, 10, 10, 10, 10, 10, 13, 10, 10, 10, 10, 10, 10, 10, 10, 10, 10, 10, 10, 10, 10, 10, 10, 10, 10, 10, 10, 10, 10, 4, 10, 10, 1, 2, 10, 10, 10, 10, 10, 10, 10, 10, 10, 10, 10, 10, 10, 10, 10, 10, 10, 10, 10, 10, 
231: 0, 10, 10, 10, 10, 10, 0, 10, 0, 0, 0, 0, 0, 0, 10, 2, 0, 10, 10, 0, 5, 0, 10, 0, 0, 0, 0, 0, 1, 0, 0, 0, 10, 0, 0, 0, 10, 10, 10, 0, 10, 0, 1, 0, 0, 0, 0, 0, 10, 0, 0, 0, 0, 10, 10, 0, 10, 0, 10, 0, 0, 10, 0, 0, 10, 10, 0, 1, 10, 10, 5, 10, 10, 10, 0, 0, 10, 0, 10, 0, 10, 3, 10, 0, 10, 0, 2, 0, 0, 0, 0, 3, 0, 10, 10, 10, 0, 10, 10, 10, 0, 0, 10, 10, 0, 10, 0, 0, 0, 0, 10, 10, 0, 0, 0, 0, 0, 10, 10, 10, : 10, 10, 10, 10, 10, 10, 10, 2, 10, 10, 5, 10, 1, 10, 10, 10, 10, 10, 1, 10, 10, 10, 10, 10, 10, 10, 10, 1, 10, 10, 5, 10, 10, 10, 10, 10, 10, 3, 10, 10, 2, 3, 10, 10, 10, 10, 10, 10, 10, 10, 10, 10, 10, 10, 10, 10, 
708: 0, 10, 10, 10, 10, 10, 0, 10, 0, 0, 10, 10, 0, 0, 10, 10, 10, 0, 0, 10, 2, 10, 10, 0, 0, 10, 0, 0, 0, 0, 10, 0, 0, 10, 10, 10, 0, 0, 0, 10, 0, 10, 10, 10, 10, 0, 0, 0, 10, 10, 10, 0, 0, 10, 10, 0, 0, 7, 10, 10, 0, 0, 0, 0, 10, 0, 10, 0, 12, 10, 10, 0, 10, 10, 10, 10, 0, 10, 0, 0, 0, 0, 0, 0, 0, 0, 10, 10, 10, 0, 10, 0, 0, 0, 0, 0, 0, 0, 0, 10, 0, 0, 0, 0, 10, 0, 1, 0, 0, 10, 0, 10, 0, 0, 0, 10, 10, 10, 10, 10, : 10, 10, 10, 10, 10, 10, 10, 10, 10, 10, 10, 10, 2, 10, 10, 10, 10, 10, 10, 10, 10, 10, 10, 10, 10, 10, 10, 10, 10, 10, 7, 10, 10, 10, 10, 12, 10, 10, 10, 10, 10, 10, 10, 10, 10, 10, 10, 10, 10, 1, 10, 10, 10, 10, 10, 10, 10, 
746: 0, 0, 0, 0, 10, 0, 10, 10, 10, 10, 10, 0, 0, 0, 0, 0, 0, 10, 10, 10, 0, 0, 10, 1, 0, 10, 0, 10, 10, 0, 10, 0, 10, 0, 0, 0, 10, 0, 10, 0, 0, 10, 10, 0, 10, 2, 10, 0, 0, 0, 10, 0, 0, 10, 10, 17, 1, 0, 10, 10, 10, 0, 0, 10, 10, 10, 10, 10, 10, 0, 0, 0, 0, 10, 10, 4, 1, 0, 10, 10, 0, 10, 10, 0, 0, 0, 0, 10, 10, 0, 10, 10, 10, 0, 0, 10, 10, 10, 0, 10, 0, 10, 0, 0, 10, 10, 10, 10, 0, 10, 0, 10, 0, 10, 10, 0, 10, 0, 2, 0, : 10, 10, 10, 10, 10, 10, 10, 10, 10, 10, 1, 10, 10, 10, 10, 10, 10, 10, 10, 10, 10, 2, 10, 10, 10, 10, 17, 1, 10, 10, 10, 10, 10, 10, 10, 10, 10, 10, 10, 4, 1, 10, 10, 10, 10, 10, 10, 10, 10, 10, 10, 10, 10, 10, 10, 10, 10, 10, 10, 10, 10, 10, 10, 10, 2, 
452: 10, 1, 0, 10, 0, 0, 10, 0, 10, 10, 10, 10, 0, 0, 11, 10, 0, 10, 0, 10, 0, 0, 10, 10, 10, 10, 0, 10, 0, 10, 0, 10, 0, 10, 0, 0, 0, 0, 0, 0, 0, 10, 10, 0, 10, 10, 0, 10, 10, 10, 10, 10, 0, 10, 10, 0, 10, 0, 10, 10, 10, 0, 0, 10, 4, 10, 10, 10, 10, 10, 10, 10, 0, 1, 0, 0, 10, 0, 0, 10, 0, 10, 0, 0, 10, 10, 10, 0, 0, 0, 0, 10, 10, 10, 0, 10, 0, 0, 0, 10, 10, 10, 0, 0, 0, 10, 0, 10, 10, 10, 10, 0, 10, 10, 0, 0, 12, 10, 0, 10, : 10, 1, 10, 10, 10, 10, 10, 10, 11, 10, 10, 10, 10, 10, 10, 10, 10, 10, 10, 10, 10, 10, 10, 10, 10, 10, 10, 10, 10, 10, 10, 10, 10, 10, 10, 10, 4, 10, 10, 10, 10, 10, 10, 10, 1, 10, 10, 10, 10, 10, 10, 10, 10, 10, 10, 10, 10, 10, 10, 10, 10, 10, 10, 10, 10, 12, 10, 10, 
157: 10, 10, 16, 0, 0, 0, 10, 0, 4, 0, 0, 0, 10, 10, 10, 10, 1, 0, 10, 10, 0, 0, 0, 10, 10, 0, 10, 0, 10, 0, 10, 10, 10, 0, 10, 10, 10, 0, 0, 0, 10, 0, 10, 10, 0, 10, 10, 10, 0, 0, 0, 0, 0, 10, 0, 10, 10, 10, 10, 10, 10, 10, 10, 10, 0, 10, 10, 0, 0, 0, 2, 0, 0, 0, 0, 17, 10, 10, 0, 0, 0, 10, 10, 10, 10, 10, 10, 0, 0, 0, 10, 10, 0, 10, 0, 10, 0, 0, 0, 0, 0, 10, 10, 10, 10, 10, 0, 0, 0, 10, 0, 10, 10, 10, 0, 0, 0, 0, 0, 0, : 10, 10, 16, 10, 4, 10, 10, 10, 10, 1, 10, 10, 10, 10, 10, 10, 10, 10, 10, 10, 10, 10, 10, 10, 10, 10, 10, 10, 10, 10, 10, 10, 10, 10, 10, 10, 10, 10, 10, 10, 2, 17, 10, 10, 10, 10, 10, 10, 10, 10, 10, 10, 10, 10, 10, 10, 10, 10, 10, 10, 10, 10, 10, 
644: 10, 0, 10, 0, 0, 10, 10, 0, 0, 10, 10, 0, 10, 10, 10, 0, 0, 10, 10, 10, 10, 10, 0, 0, 10, 0, 10, 10, 0, 0, 0, 10, 0, 10, 10, 10, 10, 10, 0, 0, 0, 6, 0, 1, 0, 10, 0, 10, 0, 0, 19, 0, 0, 0, 0, 0, 0, 10, 10, 0, 0, 10, 10, 10, 0, 10, 10, 0, 10, 10, 0, 12, 2, 0, 10, 0, 10, 0, 0, 0, 10, 0, 0, 10, 10, 0, 0, 10, 0, 10, 0, 0, 10, 0, 10, 10, 0, 0, 0, 10, 10, 0, 10, 10, 0, 10, 10, 0, 0, 10, 0, 0, 0, 10, 0, 0, 10, 0, 10, 0, : 10, 10, 10, 10, 10, 10, 10, 10, 10, 10, 10, 10, 10, 10, 10, 10, 10, 10, 10, 10, 10, 10, 10, 6, 1, 10, 10, 19, 10, 10, 10, 10, 10, 10, 10, 10, 10, 12, 2, 10, 10, 10, 10, 10, 10, 10, 10, 10, 10, 10, 10, 10, 10, 10, 10, 10, 10, 10, 10, 
109: 0, 0, 0, 10, 0, 10, 0, 0, 10, 0, 0, 10, 0, 0, 0, 10, 0, 4, 0, 10, 10, 0, 0, 0, 10, 0, 0, 10, 10, 10, 6, 10, 0, 0, 10, 10, 10, 0, 10, 0, 0, 10, 0, 0, 10, 10, 0, 10, 10, 0, 10, 10, 0, 0, 10, 0, 10, 10, 0, 10, 0, 10, 0, 10, 0, 10, 0, 10, 10, 0, 0, 10, 10, 10, 0, 10, 0, 10, 1, 0, 0, 10, 0, 0, 10, 10, 2, 10, 10, 10, 10, 20, 10, 10, 0, 10, 10, 0, 10, 0, 0, 0, 10, 0, 10, 0, 10, 0, 0, 10, 10, 0, 10, 10, 0, 10, 0, 10, 10, 0, : 10, 10, 10, 10, 10, 4, 10, 10, 10, 10, 10, 10, 6, 10, 10, 10, 10, 10, 10, 10, 10, 10, 10, 10, 10, 10, 10, 10, 10, 10, 10, 10, 10, 10, 10, 10, 10, 10, 10, 1, 10, 10, 10, 2, 10, 10, 10, 10, 20, 10, 10, 10, 10, 10, 10, 10, 10, 10, 10, 10, 10, 10, 10, 10, 
665: 0, 10, 10, 10, 20, 0, 10, 10, 10, 0, 10, 10, 0, 10, 10, 10, 0, 0, 10, 0, 0, 0, 10, 10, 0, 10, 0, 0, 0, 10, 10, 0, 0, 1, 0, 10, 10, 0, 0, 10, 0, 10, 0, 0, 10, 0, 10, 0, 10, 10, 0, 10, 10, 10, 10, 10, 0, 10, 0, 10, 10, 10, 0, 0, 0, 0, 10, 10, 10, 0, 0, 0, 10, 0, 0, 10, 10, 10, 10, 10, 0, 3, 0, 0, 10, 0, 0, 10, 0, 0, 10, 10, 0, 10, 0, 10, 10, 0, 6, 10, 10, 10, 0, 10, 10, 0, 10, 0, 10, 0, 10, 0, 0, 10, 0, 10, 0, 0, 2, 0, : 10, 10, 10, 20, 10, 10, 10, 10, 10, 10, 10, 10, 10, 10, 10, 10, 10, 10, 1, 10, 10, 10, 10, 10, 10, 10, 10, 10, 10, 10, 10, 10, 10, 10, 10, 10, 10, 10, 10, 10, 10, 10, 10, 10, 10, 3, 10, 10, 10, 10, 10, 10, 10, 6, 10, 10, 10, 10, 10, 10, 10, 10, 10, 10, 2, 
631: 10, 0, 10, 10, 0, 0, 0, 0, 0, 10, 0, 10, 10, 0, 0, 10, 10, 0, 0, 10, 10, 0, 0, 10, 10, 10, 0, 10, 10, 10, 10, 0, 0, 0, 10, 0, 4, 10, 0, 0, 0, 10, 10, 0, 0, 10, 10, 0, 10, 10, 0, 10, 0, 10, 0, 10, 10, 10, 0, 0, 10, 0, 0, 10, 10, 0, 0, 0, 1, 10, 0, 10, 10, 10, 10, 10, 0, 10, 0, 0, 1, 0, 0, 0, 0, 0, 10, 0, 0, 0, 0, 10, 10, 10, 0, 0, 10, 0, 19, 0, 0, 10, 0, 0, 10, 0, 10, 0, 16, 10, 0, 0, 10, 10, 0, 0, 0, 0, 0, 3, : 10, 10, 10, 10, 10, 10, 10, 10, 10, 10, 10, 10, 10, 10, 10, 10, 10, 10, 4, 10, 10, 10, 10, 10, 10, 10, 10, 10, 10, 10, 10, 10, 10, 10, 1, 10, 10, 10, 10, 10, 10, 10, 1, 10, 10, 10, 10, 10, 19, 10, 10, 10, 16, 10, 10, 10, 3, 
180: 10, 0, 0, 0, 0, 0, 10, 18, 0, 0, 10, 0, 10, 0, 0, 10, 10, 10, 0, 10, 0, 10, 0, 10, 10, 0, 10, 10, 10, 0, 0, 10, 10, 0, 0, 10, 10, 10, 0, 0, 10, 0, 0, 10, 10, 0, 0, 0, 0, 10, 0, 0, 16, 0, 10, 10, 10, 10, 10, 10, 10, 0, 10, 0, 0, 10, 10, 10, 10, 0, 10, 10, 10, 0, 0, 10, 0, 3, 0, 0, 0, 0, 0, 10, 0, 0, 0, 10, 0, 10, 0, 10, 0, 0, 10, 0, 0, 0, 0, 0, 10, 10, 10, 10, 10, 0, 0, 0, 4, 10, 0, 10, 0, 0, 10, 0, 19, 10, 10, 10, : 10, 10, 18, 10, 10, 10, 10, 10, 10, 10, 10, 10, 10, 10, 10, 10, 10, 10, 10, 10, 10, 10, 10, 10, 16, 10, 10, 10, 10, 10, 10, 10, 10, 10, 10, 10, 10, 10, 10, 10, 10, 3, 10, 10, 10, 10, 10, 10, 10, 10, 10, 10, 4, 10, 10, 10, 19, 10, 10, 10, 
187: 10, 0, 10, 10, 10, 0, 10, 0, 10, 10, 0, 0, 10, 0, 0, 0, 0, 10, 10, 0, 0, 0, 10, 2, 10, 0, 0, 0, 1, 0, 0, 10, 0, 10, 10, 10, 10, 10, 10, 10, 0, 0, 10, 10, 0, 10, 10, 10, 10, 10, 10, 2, 0, 0, 10, 0, 0, 5, 0, 10, 10, 0, 10, 10, 10, 10, 0, 0, 10, 0, 0, 0, 10, 0, 10, 10, 0, 10, 10, 0, 10, 10, 10, 0, 0, 10, 0, 0, 0, 10, 10, 10, 10, 10, 10, 10, 10, 0, 10, 3, 0, 0, 10, 10, 10, 10, 10, 10, 10, 10, 10, 10, 10, 0, 0, 10, 0, 10, 0, 10, : 10, 10, 10, 10, 10, 10, 10, 10, 10, 10, 10, 2, 10, 1, 10, 10, 10, 10, 10, 10, 10, 10, 10, 10, 10, 10, 10, 10, 10, 10, 2, 10, 5, 10, 10, 10, 10, 10, 10, 10, 10, 10, 10, 10, 10, 10, 10, 10, 10, 10, 10, 10, 10, 10, 10, 10, 10, 10, 3, 10, 10, 10, 10, 10, 10, 10, 10, 10, 10, 10, 10, 10, 10, 
756: 0, 10, 0, 0, 0, 0, 0, 10, 10, 0, 10, 10, 10, 0, 10, 10, 0, 10, 2, 0, 0, 0, 10, 10, 10, 0, 10, 18, 10, 0, 0, 0, 10, 10, 10, 10, 10, 10, 10, 1, 1, 10, 10, 0, 0, 10, 10, 10, 0, 0, 10, 10, 0, 0, 0, 19, 10, 0, 10, 10, 10, 0, 10, 0, 0, 10, 0, 0, 10, 10, 10, 10, 10, 0, 10, 0, 0, 10, 0, 0, 10, 0, 10, 10, 1, 10, 10, 0, 10, 10, 0, 10, 10, 0, 10, 10, 0, 10, 0, 0, 10, 0, 0, 0, 10, 10, 10, 10, 10, 10, 0, 0, 0, 0, 0, 10, 10, 0, 10, 0, : 10, 10, 10, 10, 10, 10, 10, 10, 10, 2, 10, 10, 10, 10, 18, 10, 10, 10, 10, 10, 10, 10, 10, 1, 1, 10, 10, 10, 10, 10, 10, 10, 19, 10, 10, 10, 10, 10, 10, 10, 10, 10, 10, 10, 10, 10, 10, 10, 10, 1, 10, 10, 10, 10, 10, 10, 10, 10, 10, 10, 10, 10, 10, 10, 10, 10, 10, 10, 10, 
110: 10, 0, 0, 10, 0, 10, 10, 0, 10, 10, 0, 10, 10, 0, 10, 0, 0, 10, 10, 10, 10, 0, 0, 10, 0, 10, 0, 0, 0, 0, 0, 0, 0, 0, 0, 10, 0, 10, 0, 10, 0, 10, 10, 10, 10, 10, 10, 0, 0, 10, 0, 10, 0, 0, 10, 10, 0, 10, 0, 1, 10, 2, 0, 0, 10, 10, 0, 0, 10, 0, 0, 10, 10, 0, 10, 0, 10, 10, 10, 10, 10, 10, 0, 10, 10, 0, 10, 0, 0, 0, 10, 10, 0, 0, 10, 10, 0, 10, 0, 10, 10, 10, 10, 10, 0, 0, 7, 0, 10, 0, 10, 0, 10, 10, 10, 10, 0, 0, 10, 0, : 10, 10, 10, 10, 10, 10, 10, 10, 10, 10, 10, 10, 10, 10, 10, 10, 10, 10, 10, 10, 10, 10, 10, 10, 10, 10, 10, 10, 10, 1, 10, 2, 10, 10, 10, 10, 10, 10, 10, 10, 10, 10, 10, 10, 10, 10, 10, 10, 10, 10, 10, 10, 10, 10, 10, 10, 10, 7, 10, 10, 10, 10, 10, 10, 10, 
617: 10, 0, 10, 0, 0, 0, 0, 10, 10, 2, 10, 0, 10, 0, 0, 0, 3, 0, 0, 10, 10, 10, 0, 0, 0, 0, 10, 0, 0, 0, 10, 0, 10, 10, 10, 0, 0, 0, 10, 0, 10, 10, 10, 10, 10, 10, 0, 10, 0, 10, 0, 10, 10, 10, 0, 0, 2, 10, 0, 0, 10, 10, 10, 0, 10, 10, 0, 10, 0, 10, 10, 10, 0, 0, 0, 10, 0, 0, 10, 0, 10, 0, 10, 0, 0, 0, 10, 10, 0, 0, 10, 10, 0, 0, 3, 0, 10, 0, 0, 10, 10, 10, 10, 0, 10, 10, 10, 10, 0, 0, 10, 10, 0, 0, 0, 10, 0, 10, 0, 0, : 10, 10, 10, 10, 2, 10, 10, 3, 10, 10, 10, 10, 10, 10, 10, 10, 10, 10, 10, 10, 10, 10, 10, 10, 10, 10, 10, 10, 2, 10, 10, 10, 10, 10, 10, 10, 10, 10, 10, 10, 10, 10, 10, 10, 10, 10, 10, 3, 10, 10, 10, 10, 10, 10, 10, 10, 10, 10, 10, 10, 10, 
44: 0, 10, 10, 10, 10, 0, 0, 10, 0, 10, 10, 0, 0, 0, 0, 10, 0, 0, 0, 0, 10, 0, 0, 0, 10, 0, 10, 10, 10, 0, 0, 0, 10, 10, 10, 4, 10, 10, 0, 10, 0, 5, 7, 0, 0, 10, 10, 0, 0, 10, 10, 0, 10, 10, 0, 0, 0, 0, 10, 0, 0, 10, 0, 0, 10, 10, 10, 10, 0, 0, 10, 10, 0, 10, 0, 0, 0, 0, 0, 10, 10, 10, 6, 10, 10, 10, 10, 0, 10, 10, 10, 0, 10, 0, 10, 0, 10, 0, 0, 10, 10, 0, 0, 10, 10, 10, 0, 0, 10, 10, 11, 0, 0, 10, 0, 0, 10, 0, 0, 10, : 10, 10, 10, 10, 10, 10, 10, 10, 10, 10, 10, 10, 10, 10, 10, 10, 4, 10, 10, 10, 5, 7, 10, 10, 10, 10, 10, 10, 10, 10, 10, 10, 10, 10, 10, 10, 10, 10, 10, 10, 6, 10, 10, 10, 10, 10, 10, 10, 10, 10, 10, 10, 10, 10, 10, 10, 10, 10, 11, 10, 10, 10, 
240: 0, 10, 10, 0, 10, 10, 10, 0, 0, 0, 0, 10, 0, 0, 0, 0, 10, 10, 0, 10, 10, 0, 0, 0, 0, 2, 10, 10, 0, 10, 10, 0, 10, 10, 10, 10, 10, 10, 10, 0, 0, 10, 10, 0, 10, 10, 0, 0, 10, 0, 0, 10, 10, 10, 10, 0, 10, 0, 10, 0, 0, 10, 0, 10, 0, 0, 10, 0, 10, 0, 0, 10, 10, 0, 0, 10, 10, 0, 0, 10, 0, 10, 10, 0, 10, 10, 0, 10, 10, 10, 9, 0, 0, 10, 0, 0, 0, 0, 0, 10, 0, 0, 10, 16, 10, 10, 0, 1, 0, 10, 10, 10, 10, 0, 10, 10, 10, 10, 0, 0, : 10, 10, 10, 10, 10, 10, 10, 10, 10, 10, 2, 10, 10, 10, 10, 10, 10, 10, 10, 10, 10, 10, 10, 10, 10, 10, 10, 10, 10, 10, 10, 10, 10, 10, 10, 10, 10, 10, 10, 10, 10, 10, 10, 10, 10, 10, 10, 10, 10, 9, 10, 10, 10, 16, 10, 10, 1, 10, 10, 10, 10, 10, 10, 10, 10, 
595: 10, 10, 0, 10, 10, 0, 1, 0, 10, 10, 10, 10, 0, 10, 10, 10, 0, 0, 0, 10, 0, 0, 0, 10, 10, 0, 0, 0, 0, 10, 0, 10, 10, 10, 0, 10, 0, 10, 10, 0, 0, 0, 10, 10, 10, 0, 10, 10, 10, 10, 10, 10, 10, 0, 0, 10, 0, 0, 0, 0, 0, 0, 10, 0, 0, 0, 10, 0, 10, 0, 10, 0, 10, 10, 0, 0, 0, 10, 10, 10, 10, 10, 10, 0, 10, 0, 10, 10, 10, 0, 10, 10, 10, 10, 10, 10, 3, 10, 10, 0, 0, 0, 10, 0, 10, 0, 10, 0, 10, 0, 0, 0, 0, 10, 0, 0, 10, 0, 0, 0, : 10, 10, 10, 10, 1, 10, 10, 10, 10, 10, 10, 10, 10, 10, 10, 10, 10, 10, 10, 10, 10, 10, 10, 10, 10, 10, 10, 10, 10, 10, 10, 10, 10, 10, 10, 10, 10, 10, 10, 10, 10, 10, 10, 10, 10, 10, 10, 10, 10, 10, 10, 10, 10, 10, 10, 3, 10, 10, 10, 10, 10, 10, 10, 10, 
244: 10, 0, 10, 10, 10, 0, 10, 10, 0, 10, 0, 0, 10, 10, 0, 10, 0, 0, 10, 0, 10, 10, 0, 0, 10, 10, 10, 10, 10, 0, 0, 10, 0, 0, 0, 0, 10, 14, 0, 10, 10, 0, 0, 0, 10, 0, 10, 0, 10, 10, 0, 0, 10, 0, 0, 0, 0, 0, 0, 10, 10, 10, 10, 0, 10, 0, 0, 0, 0, 0, 0, 0, 10, 10, 0, 10, 0, 0, 10, 0, 0, 10, 0, 1, 0, 0, 0, 10, 10, 10, 0, 10, 0, 10, 0, 10, 0, 0, 10, 10, 0, 0, 10, 0, 10, 10, 0, 10, 10, 10, 0, 10, 10, 0, 10, 10, 10, 0, 10, 10, : 10, 10, 10, 10, 10, 10, 10, 10, 10, 10, 10, 10, 10, 10, 10, 10, 10, 10, 10, 10, 14, 10, 10, 10, 10, 10, 10, 10, 10, 10, 10, 10, 10, 10, 10, 10, 10, 10, 1, 10, 10, 10, 10, 10, 10, 10, 10, 10, 10, 10, 10, 10, 10, 10, 10, 10, 10, 10, 10, 10, 
409: 0, 9, 0, 10, 0, 10, 0, 0, 10, 10, 0, 0, 10, 10, 0, 10, 10, 0, 10, 10, 10, 10, 10, 10, 0, 10, 6, 0, 10, 0, 0, 0, 4, 0, 10, 10, 0, 10, 10, 10, 0, 10, 0, 0, 0, 0, 0, 10, 10, 2, 2, 10, 10, 10, 0, 10, 10, 0, 14, 0, 0, 0, 10, 10, 10, 10, 0, 10, 10, 10, 10, 0, 10, 10, 10, 0, 0, 0, 10, 0, 0, 10, 0, 10, 0, 0, 0, 0, 10, 10, 0, 0, 10, 10, 0, 10, 10, 0, 0, 0, 0, 10, 10, 0, 10, 10, 10, 0, 0, 10, 10, 10, 0, 0, 0, 1, 10, 0, 10, 10, : 9, 10, 10, 10, 10, 10, 10, 10, 10, 10, 10, 10, 10, 10, 10, 10, 6, 10, 4, 10, 10, 10, 10, 10, 10, 10, 10, 2, 2, 10, 10, 10, 10, 10, 14, 10, 10, 10, 10, 10, 10, 10, 10, 10, 10, 10, 10, 10, 10, 10, 10, 10, 10, 10, 10, 10, 10, 10, 10, 10, 10, 10, 10, 1, 10, 10, 10, 
488: 10, 0, 10, 10, 10, 10, 10, 10, 0, 0, 0, 0, 10, 10, 0, 10, 10, 0, 0, 0, 0, 10, 10, 0, 10, 1, 10, 0, 10, 10, 10, 0, 0, 0, 15, 0, 10, 10, 0, 0, 3, 10, 1, 10, 0, 0, 0, 0, 10, 10, 0, 10, 10, 10, 0, 10, 0, 10, 0, 0, 10, 0, 0, 10, 0, 0, 0, 10, 10, 0, 10, 0, 0, 0, 10, 10, 10, 0, 10, 0, 0, 10, 0, 0, 10, 10, 10, 0, 10, 14, 0, 0, 0, 0, 0, 10, 0, 10, 0, 10, 0, 10, 0, 10, 10, 10, 0, 10, 0, 10, 0, 0, 10, 10, 0, 10, 0, 10, 0, 10, : 10, 10, 10, 10, 10, 10, 10, 10, 10, 10, 10, 10, 10, 10, 1, 10, 10, 10, 10, 15, 10, 10, 3, 10, 1, 10, 10, 10, 10, 10, 10, 10, 10, 10, 10, 10, 10, 10, 10, 10, 10, 10, 10, 10, 10, 10, 10, 14, 10, 10, 10, 10, 10, 10, 10, 10, 10, 10, 10, 10, 10, 10, 
753: 10, 10, 0, 10, 10, 0, 0, 10, 10, 10, 10, 10, 0, 12, 0, 10, 10, 10, 0, 10, 10, 10, 10, 0, 10, 10, 10, 0, 0, 10, 10, 10, 10, 0, 0, 10, 10, 10, 10, 10, 2, 0, 0, 10, 0, 10, 0, 0, 0, 10, 10, 10, 10, 5, 10, 10, 0, 0, 0, 0, 2, 0, 0, 0, 0, 10, 10, 10, 0, 0, 0, 10, 10, 10, 10, 0, 0, 0, 10, 10, 10, 10, 0, 0, 13, 10, 0, 0, 0, 10, 10, 10, 5, 0, 10, 10, 0, 10, 10, 0, 10, 10, 0, 0, 0, 0, 10, 0, 10, 0, 10, 0, 3, 10, 3, 0, 10, 10, 0, 10, : 10, 10, 10, 10, 10, 10, 10, 10, 10, 12, 10, 10, 10, 10, 10, 10, 10, 10, 10, 10, 10, 10, 10, 10, 10, 10, 10, 10, 10, 2, 10, 10, 10, 10, 10, 10, 5, 10, 10, 2, 10, 10, 10, 10, 10, 10, 10, 10, 10, 10, 10, 13, 10, 10, 10, 10, 5, 10, 10, 10, 10, 10, 10, 10, 10, 10, 3, 10, 3, 10, 10, 10, 
491: 0, 10, 0, 0, 0, 10, 10, 5, 14, 10, 10, 0, 0, 10, 0, 0, 0, 0, 0, 0, 10, 10, 0, 0, 10, 0, 0, 10, 0, 0, 0, 1, 0, 10, 0, 0, 0, 10, 10, 0, 10, 10, 0, 10, 10, 0, 10, 0, 0, 0, 0, 0, 0, 10, 10, 10, 0, 0, 16, 0, 10, 0, 0, 0, 10, 0, 10, 10, 0, 0, 10, 10, 0, 10, 10, 0, 0, 10, 0, 0, 0, 0, 10, 0, 0, 10, 0, 0, 0, 10, 0, 0, 10, 0, 0, 0, 10, 10, 0, 0, 10, 10, 0, 10, 0, 10, 0, 0, 0, 0, 0, 0, 10, 0, 10, 10, 10, 4, 20, 0, : 10, 10, 10, 5, 14, 10, 10, 10, 10, 10, 10, 10, 1, 10, 10, 10, 10, 10, 10, 10, 10, 10, 10, 10, 16, 10, 10, 10, 10, 10, 10, 10, 10, 10, 10, 10, 10, 10, 10, 10, 10, 10, 10, 10, 10, 10, 10, 10, 4, 20, 
53: 3, 10, 10, 0, 10, 0, 10, 0, 0, 10, 0, 10, 0, 10, 10, 0, 10, 10, 10, 10, 0, 10, 0, 10, 0, 10, 10, 10, 0, 10, 10, 10, 0, 0, 0, 10, 0, 0, 0, 16, 0, 0, 0, 0, 0, 0, 10, 10, 10, 0, 10, 0, 10, 10, 3, 0, 10, 0, 0, 0, 10, 10, 10, 0, 10, 0, 0, 10, 0, 10, 10, 0, 10, 0, 10, 0, 0, 0, 0, 0, 10, 0, 10, 10, 0, 0, 0, 10, 0, 0, 10, 10, 10, 10, 10, 10, 0, 0, 0, 10, 10, 10, 10, 0, 0, 10, 0, 0, 0, 10, 10, 0, 0, 0, 0, 10, 10, 0, 10, 0, : 3, 10, 10, 10, 10, 10, 10, 10, 10, 10, 10, 10, 10, 10, 10, 10, 10, 10, 10, 10, 10, 10, 16, 10, 10, 10, 10, 10, 10, 3, 10, 10, 10, 10, 10, 10, 10, 10, 10, 10, 10, 10, 10, 10, 10, 10, 10, 10, 10, 10, 10, 10, 10, 10, 10, 10, 10, 10, 10, 10, 
410: 10, 0, 10, 0, 10, 10, 10, 10, 0, 10, 10, 10, 10, 3, 10, 10, 10, 10, 10, 10, 10, 0, 0, 10, 10, 10, 10, 0, 1, 0, 10, 0, 0, 10, 0, 10, 10, 10, 10, 10, 10, 10, 0, 10, 0, 0, 0, 10, 10, 10, 10, 0, 0, 10, 10, 10, 0, 0, 10, 0, 0, 10, 0, 10, 0, 10, 0, 10, 10, 0, 0, 1, 1, 7, 0, 1, 0, 0, 10, 10, 10, 10, 10, 10, 0, 0, 0, 0, 10, 0, 10, 10, 10, 0, 0, 10, 0, 10, 10, 0, 10, 10, 10, 0, 0, 10, 0, 10, 0, 10, 10, 10, 10, 10, 0, 10, 10, 0, 0, 0, : 10, 10, 10, 10, 10, 10, 10, 10, 10, 10, 3, 10, 10, 10, 10, 10, 10, 10, 10, 10, 10, 10, 1, 10, 10, 10, 10, 10, 10, 10, 10, 10, 10, 10, 10, 10, 10, 10, 10, 10, 10, 10, 10, 10, 10, 10, 1, 1, 7, 1, 10, 10, 10, 10, 10, 10, 10, 10, 10, 10, 10, 10, 10, 10, 10, 10, 10, 10, 10, 10, 10, 10, 10, 10, 10, 
209: 0, 0, 10, 0, 0, 10, 0, 0, 10, 10, 0, 0, 10, 0, 10, 0, 0, 10, 10, 10, 0, 10, 10, 10, 0, 0, 0, 0, 10, 10, 0, 0, 1, 10, 0, 10, 0, 0, 10, 10, 10, 10, 0, 0, 10, 10, 10, 10, 1, 0, 10, 10, 10, 0, 0, 10, 10, 10, 0, 0, 0, 0, 6, 0, 10, 0, 10, 10, 0, 10, 10, 10, 10, 10, 10, 10, 10, 0, 10, 13, 0, 10, 0, 0, 0, 10, 0, 7, 0, 10, 6, 10, 10, 10, 0, 0, 0, 10, 10, 0, 10, 10, 0, 1, 10, 10, 10, 0, 10, 10, 10, 0, 0, 10, 10, 0, 10, 0, 10, 0, : 10, 10, 10, 10, 10, 10, 10, 10, 10, 10, 10, 10, 10, 10, 1, 10, 10, 10, 10, 10, 10, 10, 10, 10, 10, 1, 10, 10, 10, 10, 10, 10, 6, 10, 10, 10, 10, 10, 10, 10, 10, 10, 10, 10, 10, 13, 10, 10, 7, 10, 6, 10, 10, 10, 10, 10, 10, 10, 1, 10, 10, 10, 10, 10, 10, 10, 10, 10, 10, 
539: 0, 10, 0, 0, 0, 10, 0, 0, 10, 0, 0, 10, 10, 0, 0, 10, 10, 0, 10, 3, 0, 10, 10, 10, 0, 10, 10, 0, 10, 10, 10, 10, 0, 10, 10, 10, 10, 0, 10, 0, 10, 0, 0, 0, 10, 10, 0, 10, 10, 0, 10, 0, 10, 0, 10, 10, 10, 0, 0, 10, 0, 10, 0, 10, 0, 10, 0, 0, 0, 10, 10, 0, 0, 10, 0, 10, 10, 10, 0, 10, 0, 10, 7, 10, 0, 10, 10, 0, 0, 10, 10, 0, 10, 0, 0, 0, 10, 10, 10, 2, 0, 10, 0, 0, 0, 10, 10, 10, 10, 10, 0, 0, 10, 10, 0, 10, 10, 0, 0, 10, : 10, 10, 10, 10, 10, 10, 10, 10, 3, 10, 10, 10, 10, 10, 10, 10, 10, 10, 10, 10, 10, 10, 10, 10, 10, 10, 10, 10, 10, 10, 10, 10, 10, 10, 10, 10, 10, 10, 10, 10, 10, 10, 10, 10, 10, 7, 10, 10, 10, 10, 10, 10, 10, 10, 10, 2, 10, 10, 10, 10, 10, 10, 10, 10, 10, 10, 10, 
507: 10, 0, 10, 10, 4, 10, 10, 0, 0, 19, 0, 0, 10, 0, 0, 10, 10, 10, 0, 0, 10, 10, 0, 10, 10, 0, 10, 10, 0, 10, 0, 4, 10, 10, 0, 0, 0, 0, 0, 0, 0, 10, 0, 0, 0, 0, 10, 0, 10, 0, 10, 10, 0, 10, 3, 0, 0, 0, 0, 10, 0, 0, 0, 10, 0, 0, 0, 0, 0, 16, 0, 0, 10, 1, 0, 10, 10, 10, 10, 0, 0, 0, 0, 0, 10, 10, 4, 10, 0, 10, 0, 0, 0, 0, 10, 10, 0, 10, 0, 10, 10, 10, 10, 0, 0, 0, 10, 10, 0, 10, 10, 10, 10, 0, 10, 10, 0, 0, 0, 10, : 10, 10, 10, 4, 10, 10, 19, 10, 10, 10, 10, 10, 10, 10, 10, 10, 10, 10, 4, 10, 10, 10, 10, 10, 10, 10, 10, 3, 10, 10, 16, 10, 1, 10, 10, 10, 10, 10, 10, 4, 10, 10, 10, 10, 10, 10, 10, 10, 10, 10, 10, 10, 10, 10, 10, 10, 10, 10, 
562: 10, 0, 0, 0, 0, 0, 10, 10, 0, 10, 0, 10, 10, 10, 0, 10, 10, 10, 0, 0, 0, 10, 10, 0, 10, 10, 10, 0, 0, 10, 10, 10, 10, 10, 10, 10, 0, 10, 10, 10, 0, 0, 0, 10, 10, 10, 0, 10, 0, 10, 10, 10, 0, 10, 0, 10, 0, 10, 10, 1, 0, 0, 10, 10, 10, 10, 0, 0, 0, 0, 10, 10, 10, 0, 10, 0, 10, 10, 10, 0, 10, 0, 10, 1, 0, 10, 0, 11, 0, 10, 0, 10, 0, 0, 0, 0, 0, 3, 10, 0, 0, 10, 0, 10, 0, 0, 0, 10, 0, 0, 0, 0, 10, 0, 0, 4, 10, 0, 10, 0, : 10, 10, 10, 10, 10, 10, 10, 10, 10, 10, 10, 10, 10, 10, 10, 10, 10, 10, 10, 10, 10, 10, 10, 10, 10, 10, 10, 10, 10, 10, 10, 10, 10, 10, 10, 10, 1, 10, 10, 10, 10, 10, 10, 10, 10, 10, 10, 10, 10, 10, 1, 10, 11, 10, 10, 3, 10, 10, 10, 10, 10, 4, 10, 10, 
696: 10, 0, 0, 10, 0, 10, 0, 10, 10, 0, 10, 10, 10, 0, 10, 0, 10, 0, 0, 10, 10, 10, 10, 0, 0, 10, 0, 10, 10, 0, 10, 10, 10, 10, 10, 0, 0, 0, 0, 10, 3, 10, 0, 10, 10, 0, 10, 10, 10, 10, 10, 0, 10, 10, 0, 10, 10, 10, 0, 10, 0, 0, 10, 0, 10, 10, 10, 10, 0, 10, 10, 0, 0, 10, 10, 10, 10, 0, 0, 10, 10, 0, 0, 0, 0, 0, 0, 0, 10, 0, 0, 0, 0, 3, 10, 10, 10, 10, 0, 10, 10, 10, 0, 10, 1, 0, 10, 10, 10, 10, 10, 0, 10, 10, 10, 0, 0, 10, 0, 10, : 10, 10, 10, 10, 10, 10, 10, 10, 10, 10, 10, 10, 10, 10, 10, 10, 10, 10, 10, 10, 10, 10, 10, 3, 10, 10, 10, 10, 10, 10, 10, 10, 10, 10, 10, 10, 10, 10, 10, 10, 10, 10, 10, 10, 10, 10, 10, 10, 10, 10, 10, 10, 3, 10, 10, 10, 10, 10, 10, 10, 10, 1, 10, 10, 10, 10, 10, 10, 10, 10, 10, 10, 
48: 0, 0, 0, 0, 10, 0, 10, 10, 10, 0, 0, 0, 0, 0, 10, 1, 0, 0, 0, 0, 5, 10, 0, 10, 0, 0, 10, 0, 10, 10, 10, 0, 10, 0, 10, 10, 0, 0, 0, 0, 10, 0, 0, 0, 0, 0, 0, 10, 10, 0, 0, 0, 10, 0, 10, 10, 0, 10, 0, 0, 0, 0, 0, 2, 10, 10, 10, 10, 0, 0, 0, 0, 10, 10, 10, 0, 0, 0, 10, 0, 10, 10, 0, 0, 10, 10, 0, 0, 10, 0, 10, 0, 10, 0, 10, 0, 17, 10, 10, 0, 0, 0, 10, 0, 0, 0, 2, 10, 0, 10, 0, 1, 0, 10, 10, 0, 0, 10, 10, 10, : 10, 10, 10, 10, 10, 1, 5, 10, 10, 10, 10, 10, 10, 10, 10, 10, 10, 10, 10, 10, 10, 10, 10, 2, 10, 10, 10, 10, 10, 10, 10, 10, 10, 10, 10, 10, 10, 10, 10, 10, 17, 10, 10, 10, 2, 10, 10, 1, 10, 10, 10, 10, 10, 
155: 10, 10, 10, 1, 10, 0, 0, 10, 10, 0, 0, 0, 0, 10, 0, 0, 10, 10, 10, 1, 0, 0, 10, 10, 0, 0, 0, 0, 0, 0, 0, 10, 0, 0, 10, 10, 0, 10, 0, 0, 10, 0, 3, 10, 0, 0, 10, 0, 1, 0, 10, 10, 0, 0, 10, 10, 0, 0, 1, 0, 0, 10, 0, 0, 10, 0, 10, 0, 10, 0, 10, 0, 0, 0, 0, 10, 0, 10, 10, 0, 0, 10, 10, 10, 0, 10, 10, 0, 10, 0, 0, 10, 12, 0, 10, 10, 10, 0, 10, 10, 10, 0, 0, 0, 1, 10, 10, 0, 10, 0, 10, 0, 10, 10, 10, 10, 0, 0, 0, 10, : 10, 10, 10, 1, 10, 10, 10, 10, 10, 10, 10, 1, 10, 10, 10, 10, 10, 10, 10, 3, 10, 10, 1, 10, 10, 10, 10, 1, 10, 10, 10, 10, 10, 10, 10, 10, 10, 10, 10, 10, 10, 10, 10, 12, 10, 10, 10, 10, 10, 10, 1, 10, 10, 10, 10, 10, 10, 10, 10, 10, 
785: 10, 0, 1, 0, 10, 10, 0, 0, 0, 10, 0, 3, 10, 10, 10, 0, 4, 0, 0, 10, 10, 0, 0, 0, 10, 0, 10, 0, 10, 0, 0, 0, 10, 10, 0, 0, 0, 0, 0, 0, 10, 10, 10, 10, 10, 10, 10, 10, 10, 10, 10, 10, 0, 10, 10, 10, 0, 10, 10, 0, 10, 10, 10, 3, 10, 0, 0, 0, 0, 10, 0, 18, 10, 10, 0, 0, 10, 0, 0, 10, 0, 10, 10, 10, 0, 0, 10, 10, 10, 10, 10, 0, 10, 10, 10, 0, 0, 10, 0, 0, 0, 0, 0, 10, 0, 0, 10, 10, 10, 10, 10, 10, 0, 0, 0, 10, 4, 0, 10, 0, : 10, 1, 10, 10, 10, 3, 10, 10, 10, 4, 10, 10, 10, 10, 10, 10, 10, 10, 10, 10, 10, 10, 10, 10, 10, 10, 10, 10, 10, 10, 10, 10, 10, 10, 10, 10, 10, 3, 10, 10, 18, 10, 10, 10, 10, 10, 10, 10, 10, 10, 10, 10, 10, 10, 10, 10, 10, 10, 10, 10, 10, 10, 10, 10, 10, 4, 10, 
445: 10, 10, 0, 10, 0, 0, 0, 0, 0, 0, 10, 10, 10, 0, 0, 0, 0, 10, 10, 10, 10, 0, 10, 0, 10, 0, 0, 10, 10, 10, 0, 10, 10, 0, 10, 0, 10, 10, 0, 0, 10, 0, 10, 0, 10, 10, 10, 0, 10, 10, 10, 0, 0, 0, 10, 0, 0, 10, 0, 10, 0, 10, 10, 10, 10, 0, 0, 0, 0, 0, 10, 0, 0, 0, 10, 0, 10, 10, 10, 10, 0, 10, 0, 0, 10, 1, 10, 10, 10, 10, 10, 10, 1, 10, 10, 0, 0, 10, 0, 0, 10, 10, 10, 10, 10, 0, 10, 0, 0, 0, 0, 0, 10, 0, 10, 10, 10, 10, 10, 10, : 10, 10, 10, 10, 10, 10, 10, 10, 10, 10, 10, 10, 10, 10, 10, 10, 10, 10, 10, 10, 10, 10, 10, 10, 10, 10, 10, 10, 10, 10, 10, 10, 10, 10, 10, 10, 10, 10, 10, 10, 10, 10, 10, 1, 10, 10, 10, 10, 10, 10, 1, 10, 10, 10, 10, 10, 10, 10, 10, 10, 10, 10, 10, 10, 10, 10, 10, 
216: 10, 0, 0, 10, 10, 0, 10, 0, 10, 10, 10, 0, 10, 10, 0, 10, 20, 0, 0, 0, 0, 0, 0, 0, 10, 17, 10, 10, 0, 0, 1, 10, 0, 10, 0, 0, 0, 10, 0, 10, 0, 10, 10, 0, 10, 10, 10, 10, 10, 3, 0, 0, 10, 10, 0, 0, 0, 10, 10, 10, 0, 0, 0, 10, 10, 0, 9, 0, 0, 0, 0, 10, 10, 10, 0, 0, 10, 10, 13, 0, 0, 0, 0, 10, 0, 0, 0, 0, 10, 0, 0, 10, 10, 10, 0, 0, 10, 0, 10, 10, 10, 0, 2, 0, 0, 10, 10, 10, 10, 0, 12, 0, 0, 0, 10, 0, 10, 0, 10, 10, : 10, 10, 10, 10, 10, 10, 10, 10, 10, 10, 20, 10, 17, 10, 10, 1, 10, 10, 10, 10, 10, 10, 10, 10, 10, 10, 10, 3, 10, 10, 10, 10, 10, 10, 10, 9, 10, 10, 10, 10, 10, 13, 10, 10, 10, 10, 10, 10, 10, 10, 10, 2, 10, 10, 10, 10, 12, 10, 10, 10, 10, 
64: 10, 10, 10, 10, 10, 0, 10, 10, 10, 0, 0, 0, 0, 0, 10, 10, 1, 0, 0, 0, 10, 10, 0, 10, 0, 10, 0, 10, 0, 10, 10, 10, 0, 10, 10, 10, 10, 0, 0, 0, 10, 0, 0, 0, 2, 0, 10, 10, 0, 0, 0, 0, 0, 0, 10, 10, 10, 10, 10, 10, 10, 10, 20, 10, 0, 0, 0, 10, 10, 10, 0, 0, 10, 0, 0, 10, 10, 10, 0, 10, 0, 0, 10, 0, 10, 0, 0, 10, 0, 0, 0, 0, 0, 0, 0, 0, 10, 10, 0, 10, 0, 10, 0, 10, 0, 0, 0, 0, 10, 0, 10, 0, 0, 10, 10, 0, 0, 5, 10, 10, : 10, 10, 10, 10, 10, 10, 10, 10, 10, 10, 1, 10, 10, 10, 10, 10, 10, 10, 10, 10, 10, 10, 10, 10, 2, 10, 10, 10, 10, 10, 10, 10, 10, 10, 10, 20, 10, 10, 10, 10, 10, 10, 10, 10, 10, 10, 10, 10, 10, 10, 10, 10, 10, 10, 10, 10, 10, 5, 10, 10, 
563: 2, 10, 10, 10, 0, 10, 10, 0, 10, 10, 10, 0, 10, 10, 10, 0, 10, 10, 10, 0, 0, 10, 0, 0, 10, 10, 0, 10, 0, 0, 0, 10, 10, 0, 10, 1, 0, 10, 10, 0, 0, 1, 0, 0, 10, 10, 0, 20, 10, 0, 10, 10, 0, 0, 10, 10, 0, 10, 10, 10, 0, 0, 0, 10, 0, 10, 10, 10, 0, 0, 0, 0, 0, 10, 0, 0, 10, 0, 0, 0, 2, 0, 10, 10, 0, 10, 10, 0, 10, 0, 0, 0, 10, 0, 1, 0, 10, 10, 0, 10, 10, 0, 10, 0, 10, 10, 0, 0, 3, 0, 10, 20, 0, 10, 10, 0, 0, 10, 10, 0, : 2, 10, 10, 10, 10, 10, 10, 10, 10, 10, 10, 10, 10, 10, 10, 10, 10, 10, 10, 10, 10, 10, 1, 10, 10, 1, 10, 10, 20, 10, 10, 10, 10, 10, 10, 10, 10, 10, 10, 10, 10, 10, 10, 2, 10, 10, 10, 10, 10, 10, 1, 10, 10, 10, 10, 10, 10, 10, 3, 10, 20, 10, 10, 10, 10, 
41: 0, 10, 0, 10, 10, 10, 10, 0, 0, 10, 10, 1, 10, 10, 0, 0, 0, 10, 10, 0, 10, 0, 10, 0, 0, 0, 0, 10, 10, 10, 0, 10, 0, 0, 10, 10, 10, 0, 10, 10, 10, 0, 10, 10, 10, 10, 0, 10, 0, 10, 10, 10, 0, 0, 0, 0, 0, 0, 10, 10, 10, 10, 10, 10, 0, 0, 10, 0, 10, 10, 10, 13, 10, 10, 10, 10, 10, 10, 0, 10, 0, 10, 10, 0, 10, 10, 0, 10, 10, 10, 0, 0, 10, 10, 10, 0, 10, 10, 10, 0, 0, 10, 10, 10, 0, 10, 0, 0, 10, 1, 10, 0, 10, 0, 0, 0, 0, 0, 10, 10, : 10, 10, 10, 10, 10, 10, 10, 1, 10, 10, 10, 10, 10, 10, 10, 10, 10, 10, 10, 10, 10, 10, 10, 10, 10, 10, 10, 10, 10, 10, 10, 10, 10, 10, 10, 10, 10, 10, 10, 10, 10, 10, 13, 10, 10, 10, 10, 10, 10, 10, 10, 10, 10, 10, 10, 10, 10, 10, 10, 10, 10, 10, 10, 10, 10, 10, 10, 10, 1, 10, 10, 10, 10, 
603: 10, 10, 10, 0, 2, 10, 0, 0, 10, 10, 10, 10, 10, 10, 10, 0, 8, 0, 10, 0, 10, 0, 10, 0, 0, 0, 0, 10, 0, 0, 0, 0, 0, 0, 0, 0, 0, 10, 10, 10, 10, 0, 0, 0, 0, 0, 0, 10, 10, 10, 10, 0, 0, 10, 0, 0, 1, 0, 10, 0, 10, 0, 0, 0, 0, 0, 10, 10, 17, 10, 10, 1, 0, 0, 0, 10, 0, 10, 0, 0, 0, 10, 10, 1, 0, 10, 10, 0, 10, 0, 10, 10, 0, 0, 0, 0, 10, 0, 0, 0, 0, 0, 0, 2, 10, 0, 0, 10, 0, 0, 10, 10, 10, 10, 10, 10, 10, 10, 0, 0, : 10, 10, 10, 2, 10, 10, 10, 10, 10, 10, 10, 10, 8, 10, 10, 10, 10, 10, 10, 10, 10, 10, 10, 10, 10, 10, 1, 10, 10, 10, 10, 17, 10, 10, 1, 10, 10, 10, 10, 1, 10, 10, 10, 10, 10, 10, 2, 10, 10, 10, 10, 10, 10, 10, 10, 10, 10, 
312: 0, 0, 0, 10, 0, 10, 0, 10, 10, 10, 0, 0, 10, 0, 10, 0, 10, 10, 10, 10, 10, 0, 10, 10, 0, 0, 0, 10, 10, 0, 10, 10, 10, 10, 0, 0, 10, 0, 10, 0, 0, 10, 10, 10, 0, 0, 10, 10, 0, 0, 10, 0, 10, 10, 5, 0, 0, 0, 0, 0, 10, 0, 10, 10, 0, 10, 10, 10, 0, 10, 0, 10, 1, 10, 0, 0, 10, 10, 0, 10, 0, 10, 0, 0, 0, 10, 10, 0, 0, 10, 0, 0, 0, 0, 10, 10, 0, 0, 10, 0, 0, 0, 0, 10, 0, 10, 0, 10, 0, 0, 0, 10, 10, 5, 10, 0, 10, 10, 10, 10, : 10, 10, 10, 10, 10, 10, 10, 10, 10, 10, 10, 10, 10, 10, 10, 10, 10, 10, 10, 10, 10, 10, 10, 10, 10, 10, 10, 10, 10, 10, 5, 10, 10, 10, 10, 10, 10, 10, 10, 1, 10, 10, 10, 10, 10, 10, 10, 10, 10, 10, 10, 10, 10, 10, 10, 10, 5, 10, 10, 10, 10, 10, 
797: 10, 0, 0, 0, 0, 0, 0, 0, 10, 0, 10, 0, 0, 10, 10, 0, 10, 10, 10, 10, 0, 10, 0, 10, 0, 0, 10, 0, 0, 10, 0, 10, 10, 0, 0, 10, 0, 10, 10, 0, 0, 10, 10, 10, 10, 0, 10, 0, 10, 10, 0, 10, 0, 10, 0, 0, 10, 0, 10, 0, 0, 0, 10, 0, 0, 10, 0, 0, 0, 10, 8, 0, 10, 10, 10, 10, 0, 10, 0, 0, 11, 10, 0, 0, 10, 0, 10, 1, 0, 10, 0, 10, 0, 0, 0, 0, 10, 0, 10, 0, 10, 10, 0, 0, 10, 10, 10, 0, 0, 0, 0, 10, 10, 10, 10, 10, 0, 10, 0, 10, : 10, 10, 10, 10, 10, 10, 10, 10, 10, 10, 10, 10, 10, 10, 10, 10, 10, 10, 10, 10, 10, 10, 10, 10, 10, 10, 10, 10, 10, 10, 10, 10, 8, 10, 10, 10, 10, 10, 11, 10, 10, 10, 1, 10, 10, 10, 10, 10, 10, 10, 10, 10, 10, 10, 10, 10, 10, 10, 10, 
426: 10, 10, 0, 10, 0, 10, 0, 10, 0, 0, 0, 10, 0, 10, 0, 10, 10, 0, 10, 10, 0, 0, 10, 10, 10, 6, 0, 0, 10, 0, 0, 10, 10, 0, 0, 10, 0, 10, 10, 0, 0, 0, 10, 0, 10, 0, 10, 10, 0, 0, 10, 0, 0, 10, 0, 10, 0, 10, 10, 10, 0, 0, 10, 0, 10, 0, 0, 0, 10, 10, 0, 10, 0, 10, 10, 0, 10, 10, 10, 0, 0, 10, 10, 0, 10, 10, 0, 0, 0, 10, 10, 1, 10, 0, 0, 0, 10, 0, 10, 10, 10, 10, 0, 10, 0, 0, 10, 10, 0, 0, 0, 10, 10, 0, 10, 0, 0, 10, 0, 10, : 10, 10, 10, 10, 10, 10, 10, 10, 10, 10, 10, 10, 10, 10, 6, 10, 10, 10, 10, 10, 10, 10, 10, 10, 10, 10, 10, 10, 10, 10, 10, 10, 10, 10, 10, 10, 10, 10, 10, 10, 10, 10, 10, 10, 10, 10, 10, 1, 10, 10, 10, 10, 10, 10, 10, 10, 10, 10, 10, 10, 10, 10, 
604: 0, 0, 0, 0, 10, 0, 10, 10, 0, 0, 10, 10, 0, 0, 0, 10, 0, 10, 0, 0, 10, 10, 10, 10, 10, 0, 10, 0, 10, 10, 10, 0, 0, 0, 0, 0, 10, 10, 0, 10, 0, 0, 0, 4, 0, 0, 5, 6, 3, 10, 10, 10, 0, 0, 0, 5, 10, 10, 10, 10, 0, 10, 10, 10, 10, 0, 10, 0, 0, 0, 0, 0, 0, 0, 10, 0, 0, 0, 10, 10, 10, 0, 10, 0, 10, 0, 0, 10, 10, 0, 10, 10, 0, 0, 0, 0, 10, 10, 0, 0, 0, 0, 0, 0, 17, 0, 10, 10, 10, 0, 10, 0, 10, 0, 0, 0, 0, 10, 0, 10, : 10, 10, 10, 10, 10, 10, 10, 10, 10, 10, 10, 10, 10, 10, 10, 10, 10, 10, 10, 4, 5, 6, 3, 10, 10, 10, 5, 10, 10, 10, 10, 10, 10, 10, 10, 10, 10, 10, 10, 10, 10, 10, 10, 10, 10, 10, 10, 10, 17, 10, 10, 10, 10, 10, 10, 10, 
433: 0, 10, 0, 10, 0, 0, 0, 10, 0, 0, 10, 10, 10, 10, 10, 0, 0, 0, 0, 0, 2, 0, 0, 0, 0, 10, 10, 0, 0, 10, 1, 10, 10, 0, 0, 10, 10, 0, 10, 10, 10, 10, 0, 10, 0, 0, 0, 0, 0, 0, 10, 0, 10, 10, 10, 0, 10, 0, 10, 10, 10, 10, 10, 0, 0, 0, 13, 1, 10, 10, 0, 0, 10, 10, 0, 10, 10, 0, 0, 0, 10, 10, 10, 0, 0, 0, 0, 10, 0, 0, 10, 0, 0, 0, 0, 10, 0, 10, 1, 0, 0, 0, 0, 0, 0, 10, 10, 0, 10, 1, 0, 10, 10, 0, 0, 10, 0, 0, 10, 0, : 10, 10, 10, 10, 10, 10, 10, 10, 2, 10, 10, 10, 1, 10, 10, 10, 10, 10, 10, 10, 10, 10, 10, 10, 10, 10, 10, 10, 10, 10, 10, 10, 13, 1, 10, 10, 10, 10, 10, 10, 10, 10, 10, 10, 10, 10, 10, 1, 10, 10, 10, 1, 10, 10, 10, 10, 
721: 10, 0, 0, 0, 0, 2, 0, 0, 0, 10, 10, 0, 10, 0, 10, 0, 0, 0, 10, 0, 0, 10, 10, 0, 10, 14, 0, 10, 10, 0, 0, 0, 10, 10, 0, 0, 10, 10, 4, 10, 10, 0, 10, 0, 0, 0, 10, 0, 0, 10, 0, 10, 10, 10, 0, 0, 10, 10, 0, 0, 0, 10, 0, 0, 0, 0, 0, 10, 10, 0, 10, 0, 0, 10, 0, 10, 1, 0, 10, 0, 0, 0, 10, 0, 0, 10, 10, 0, 0, 0, 10, 0, 0, 0, 10, 0, 10, 0, 10, 10, 0, 0, 10, 10, 11, 10, 0, 10, 10, 0, 10, 0, 1, 0, 10, 0, 10, 10, 10, 10, : 10, 2, 10, 10, 10, 10, 10, 10, 10, 10, 14, 10, 10, 10, 10, 10, 10, 4, 10, 10, 10, 10, 10, 10, 10, 10, 10, 10, 10, 10, 10, 10, 10, 10, 1, 10, 10, 10, 10, 10, 10, 10, 10, 10, 10, 10, 11, 10, 10, 10, 10, 1, 10, 10, 10, 10, 10, 
345: 10, 18, 10, 10, 10, 0, 10, 12, 11, 2, 10, 10, 0, 0, 0, 10, 0, 0, 10, 10, 10, 0, 0, 0, 10, 0, 10, 10, 10, 10, 5, 0, 10, 10, 10, 0, 0, 0, 0, 18, 10, 1, 10, 0, 10, 0, 0, 10, 10, 10, 10, 10, 10, 10, 10, 0, 0, 0, 10, 0, 0, 1, 0, 10, 0, 3, 10, 0, 18, 0, 10, 0, 10, 0, 0, 0, 10, 0, 10, 0, 12, 10, 10, 10, 0, 10, 10, 10, 0, 10, 10, 0, 10, 0, 0, 0, 10, 10, 10, 10, 10, 10, 10, 0, 0, 0, 10, 0, 10, 10, 0, 0, 0, 0, 0, 0, 0, 0, 10, 0, : 10, 18, 10, 10, 10, 10, 12, 11, 2, 10, 10, 10, 10, 10, 10, 10, 10, 10, 10, 10, 5, 10, 10, 10, 18, 10, 1, 10, 10, 10, 10, 10, 10, 10, 10, 10, 10, 10, 1, 10, 3, 10, 18, 10, 10, 10, 10, 12, 10, 10, 10, 10, 10, 10, 10, 10, 10, 10, 10, 10, 10, 10, 10, 10, 10, 10, 10, 10, 
417: 10, 0, 0, 0, 10, 0, 0, 10, 0, 0, 10, 10, 10, 10, 10, 0, 10, 10, 0, 10, 10, 10, 0, 10, 0, 0, 0, 10, 0, 10, 0, 10, 10, 0, 0, 10, 10, 1, 0, 0, 0, 10, 10, 0, 0, 10, 10, 0, 0, 0, 0, 10, 10, 10, 0, 10, 10, 3, 10, 10, 0, 10, 0, 0, 0, 2, 10, 0, 0, 0, 10, 10, 0, 10, 0, 10, 10, 0, 10, 2, 10, 9, 10, 10, 10, 10, 10, 10, 10, 10, 0, 0, 0, 10, 10, 0, 0, 0, 0, 10, 0, 0, 10, 10, 0, 0, 0, 10, 10, 10, 10, 10, 10, 0, 10, 10, 10, 10, 10, 0, : 10, 10, 10, 10, 10, 10, 10, 10, 10, 10, 10, 10, 10, 10, 10, 10, 10, 10, 10, 10, 1, 10, 10, 10, 10, 10, 10, 10, 10, 10, 3, 10, 10, 10, 2, 10, 10, 10, 10, 10, 10, 10, 2, 10, 9, 10, 10, 10, 10, 10, 10, 10, 10, 10, 10, 10, 10, 10, 10, 10, 10, 10, 10, 10, 10, 10, 10, 10, 10, 
766: 10, 0, 0, 0, 0, 10, 0, 10, 10, 0, 0, 10, 10, 10, 10, 0, 0, 0, 10, 10, 0, 0, 0, 10, 10, 0, 10, 10, 10, 10, 10, 10, 10, 10, 10, 10, 0, 0, 10, 0, 10, 10, 0, 10, 0, 10, 0, 10, 0, 10, 0, 0, 10, 10, 0, 10, 10, 10, 0, 10, 0, 0, 10, 0, 0, 10, 10, 19, 0, 10, 10, 10, 0, 0, 10, 0, 0, 10, 0, 10, 10, 0, 0, 0, 0, 10, 10, 0, 0, 0, 10, 10, 10, 10, 10, 13, 10, 10, 10, 10, 10, 0, 10, 10, 10, 10, 10, 10, 0, 0, 0, 10, 0, 0, 0, 10, 10, 10, 10, 2, : 10, 10, 10, 10, 10, 10, 10, 10, 10, 10, 10, 10, 10, 10, 10, 10, 10, 10, 10, 10, 10, 10, 10, 10, 10, 10, 10, 10, 10, 10, 10, 10, 10, 10, 10, 10, 10, 10, 19, 10, 10, 10, 10, 10, 10, 10, 10, 10, 10, 10, 10, 10, 10, 13, 10, 10, 10, 10, 10, 10, 10, 10, 10, 10, 10, 10, 10, 10, 10, 10, 2, 
87: 0, 10, 10, 10, 0, 10, 10, 0, 0, 0, 10, 10, 0, 10, 10, 3, 10, 0, 0, 10, 1, 0, 10, 0, 0, 0, 10, 10, 10, 10, 10, 0, 0, 0, 0, 1, 0, 0, 0, 10, 10, 10, 0, 0, 0, 10, 10, 10, 0, 10, 0, 0, 0, 0, 0, 0, 10, 0, 13, 10, 10, 10, 0, 10, 0, 0, 10, 10, 10, 10, 0, 0, 0, 5, 10, 0, 10, 10, 0, 0, 10, 10, 0, 10, 0, 0, 0, 10, 10, 0, 0, 10, 10, 10, 0, 0, 10, 0, 0, 10, 10, 10, 10, 0, 10, 10, 0, 10, 0, 0, 10, 10, 0, 0, 10, 0, 0, 10, 10, 0, : 10, 10, 10, 10, 10, 10, 10, 10, 10, 3, 10, 10, 1, 10, 10, 10, 10, 10, 10, 1, 10, 10, 10, 10, 10, 10, 10, 10, 13, 10, 10, 10, 10, 10, 10, 10, 10, 5, 10, 10, 10, 10, 10, 10, 10, 10, 10, 10, 10, 10, 10, 10, 10, 10, 10, 10, 10, 10, 10, 10, 10, 10, 
287: 0, 7, 0, 0, 0, 10, 0, 10, 0, 10, 10, 0, 0, 10, 0, 0, 10, 0, 0, 10, 10, 10, 0, 10, 0, 0, 0, 0, 10, 10, 10, 0, 10, 10, 0, 10, 0, 10, 10, 0, 10, 10, 0, 0, 1, 0, 10, 10, 10, 10, 0, 0, 0, 0, 0, 10, 10, 10, 0, 10, 10, 0, 10, 0, 0, 10, 10, 0, 0, 0, 0, 10, 0, 10, 0, 0, 0, 10, 10, 0, 10, 0, 0, 10, 0, 0, 10, 10, 0, 10, 0, 0, 0, 10, 10, 10, 1, 10, 0, 0, 10, 10, 0, 0, 0, 0, 0, 10, 10, 0, 0, 0, 5, 10, 10, 10, 10, 10, 0, 10, : 7, 10, 10, 10, 10, 10, 10, 10, 10, 10, 10, 10, 10, 10, 10, 10, 10, 10, 10, 10, 10, 1, 10, 10, 10, 10, 10, 10, 10, 10, 10, 10, 10, 10, 10, 10, 10, 10, 10, 10, 10, 10, 10, 10, 10, 10, 1, 10, 10, 10, 10, 10, 5, 10, 10, 10, 10, 10, 10, 
370: 10, 10, 0, 10, 10, 0, 0, 0, 10, 10, 0, 0, 0, 0, 0, 0, 10, 0, 0, 0, 0, 10, 10, 10, 0, 0, 0, 10, 0, 10, 10, 0, 0, 0, 10, 0, 10, 10, 0, 10, 10, 10, 0, 17, 0, 10, 10, 0, 10, 0, 0, 10, 1, 10, 0, 0, 10, 10, 10, 0, 10, 11, 0, 0, 0, 0, 10, 0, 10, 10, 10, 0, 0, 0, 10, 10, 3, 0, 10, 10, 10, 0, 0, 10, 10, 0, 10, 0, 10, 10, 10, 10, 0, 10, 0, 10, 10, 0, 0, 0, 0, 10, 0, 0, 10, 10, 10, 10, 0, 0, 0, 10, 0, 10, 10, 10, 0, 1, 0, 0, : 10, 10, 10, 10, 10, 10, 10, 10, 10, 10, 10, 10, 10, 10, 10, 10, 10, 10, 10, 17, 10, 10, 10, 10, 1, 10, 10, 10, 10, 10, 11, 10, 10, 10, 10, 10, 10, 3, 10, 10, 10, 10, 10, 10, 10, 10, 10, 10, 10, 10, 10, 10, 10, 10, 10, 10, 10, 10, 10, 10, 1, 
132: 10, 10, 0, 10, 0, 10, 0, 0, 0, 10, 10, 10, 10, 0, 0, 0, 10, 0, 0, 0, 10, 10, 10, 0, 10, 10, 0, 10, 10, 10, 0, 10, 0, 10, 0, 0, 10, 10, 10, 10, 10, 0, 10, 0, 0, 0, 0, 5, 10, 0, 10, 10, 0, 0, 10, 0, 0, 0, 0, 10, 10, 0, 10, 10, 0, 0, 10, 0, 10, 0, 10, 10, 10, 0, 10, 0, 0, 0, 0, 10, 0, 0, 0, 10, 0, 0, 10, 10, 0, 10, 10, 10, 10, 0, 10, 0, 10, 0, 10, 10, 3, 10, 10, 10, 10, 10, 10, 10, 10, 0, 0, 10, 10, 0, 10, 10, 0, 10, 10, 0, : 10, 10, 10, 10, 10, 10, 10, 10, 10, 10, 10, 10, 10, 10, 10, 10, 10, 10, 10, 10, 10, 10, 10, 10, 10, 5, 10, 10, 10, 10, 10, 10, 10, 10, 10, 10, 10, 10, 10, 10, 10, 10, 10, 10, 10, 10, 10, 10, 10, 10, 10, 10, 3, 10, 10, 10, 10, 10, 10, 10, 10, 10, 10, 10, 10, 10, 10, 
56: 10, 0, 10, 0, 0, 0, 0, 10, 0, 0, 10, 0, 10, 10, 0, 0, 0, 0, 0, 10, 10, 10, 0, 0, 10, 10, 0, 10, 0, 2, 10, 10, 0, 0, 10, 10, 10, 10, 0, 10, 0, 10, 10, 0, 0, 0, 0, 10, 10, 0, 0, 0, 10, 10, 10, 0, 10, 10, 10, 0, 0, 0, 0, 0, 0, 0, 0, 10, 0, 0, 0, 10, 0, 0, 10, 10, 10, 10, 10, 0, 10, 10, 0, 0, 10, 10, 0, 0, 10, 10, 0, 10, 0, 0, 10, 10, 10, 0, 10, 0, 0, 10, 0, 0, 10, 0, 10, 0, 10, 10, 10, 10, 10, 0, 0, 0, 0, 0, 0, 10, : 10, 10, 10, 10, 10, 10, 10, 10, 10, 10, 10, 10, 2, 10, 10, 10, 10, 10, 10, 10, 10, 10, 10, 10, 10, 10, 10, 10, 10, 10, 10, 10, 10, 10, 10, 10, 10, 10, 10, 10, 10, 10, 10, 10, 10, 10, 10, 10, 10, 10, 10, 10, 10, 10, 10, 10, 10, 
9: 10, 10, 10, 10, 10, 10, 0, 10, 6, 0, 0, 10, 0, 0, 10, 0, 0, 0, 10, 10, 0, 10, 10, 10, 10, 0, 10, 10, 0, 10, 10, 0, 0, 10, 10, 9, 0, 10, 10, 0, 0, 0, 0, 10, 10, 0, 0, 10, 0, 10, 10, 0, 10, 0, 0, 3, 0, 10, 10, 0, 0, 0, 10, 10, 10, 10, 0, 0, 0, 10, 0, 10, 0, 10, 10, 0, 0, 10, 10, 0, 10, 10, 10, 10, 10, 10, 0, 10, 0, 0, 0, 0, 0, 10, 10, 1, 0, 10, 0, 0, 0, 0, 10, 10, 10, 0, 10, 0, 10, 0, 10, 0, 0, 0, 10, 0, 10, 10, 10, 10, : 10, 10, 10, 10, 10, 10, 10, 6, 10, 10, 10, 10, 10, 10, 10, 10, 10, 10, 10, 10, 10, 10, 9, 10, 10, 10, 10, 10, 10, 10, 10, 3, 10, 10, 10, 10, 10, 10, 10, 10, 10, 10, 10, 10, 10, 10, 10, 10, 10, 10, 10, 10, 10, 1, 10, 10, 10, 10, 10, 10, 10, 10, 10, 10, 10, 10, 
435: 0, 10, 17, 0, 10, 10, 10, 0, 0, 10, 0, 0, 10, 0, 10, 10, 0, 10, 2, 10, 0, 0, 0, 10, 0, 8, 10, 10, 10, 0, 10, 0, 10, 0, 10, 0, 0, 0, 1, 10, 0, 0, 10, 10, 10, 0, 0, 0, 0, 10, 0, 10, 0, 0, 0, 10, 10, 10, 0, 10, 10, 10, 10, 10, 10, 0, 10, 10, 0, 0, 0, 0, 10, 10, 10, 10, 0, 1, 10, 0, 0, 10, 10, 0, 10, 0, 0, 10, 7, 0, 10, 10, 0, 10, 0, 10, 0, 10, 0, 0, 0, 0, 0, 0, 0, 0, 10, 0, 10, 10, 10, 0, 0, 10, 0, 10, 0, 10, 10, 10, : 10, 17, 10, 10, 10, 10, 10, 10, 10, 10, 2, 10, 10, 8, 10, 10, 10, 10, 10, 10, 1, 10, 10, 10, 10, 10, 10, 10, 10, 10, 10, 10, 10, 10, 10, 10, 10, 10, 10, 10, 10, 10, 1, 10, 10, 10, 10, 10, 7, 10, 10, 10, 10, 10, 10, 10, 10, 10, 10, 10, 10, 10, 10, 
606: 0, 0, 11, 10, 10, 1, 10, 10, 10, 10, 0, 1, 10, 0, 0, 10, 0, 0, 0, 0, 10, 0, 0, 0, 10, 0, 0, 10, 0, 0, 10, 10, 10, 0, 20, 0, 1, 0, 10, 10, 10, 0, 0, 0, 10, 10, 10, 0, 10, 0, 10, 0, 10, 0, 10, 10, 10, 0, 0, 10, 10, 10, 10, 10, 10, 10, 10, 0, 10, 10, 10, 10, 10, 0, 1, 10, 10, 10, 10, 10, 0, 0, 2, 0, 10, 10, 10, 10, 0, 10, 0, 0, 10, 10, 0, 0, 10, 10, 0, 10, 0, 0, 10, 10, 0, 0, 10, 10, 0, 0, 0, 3, 10, 0, 10, 10, 0, 0, 10, 10, : 11, 10, 10, 1, 10, 10, 10, 10, 1, 10, 10, 10, 10, 10, 10, 10, 10, 20, 1, 10, 10, 10, 10, 10, 10, 10, 10, 10, 10, 10, 10, 10, 10, 10, 10, 10, 10, 10, 10, 10, 10, 10, 10, 10, 1, 10, 10, 10, 10, 10, 2, 10, 10, 10, 10, 10, 10, 10, 10, 10, 10, 10, 10, 10, 10, 3, 10, 10, 10, 10, 10, 
214: 10, 10, 10, 10, 0, 10, 10, 10, 10, 0, 0, 10, 0, 0, 0, 0, 0, 10, 1, 0, 0, 10, 0, 1, 0, 0, 10, 0, 10, 10, 1, 0, 10, 5, 0, 10, 0, 0, 0, 10, 10, 0, 10, 10, 10, 0, 0, 0, 0, 0, 0, 10, 0, 10, 0, 0, 10, 0, 10, 10, 2, 10, 10, 0, 10, 0, 10, 0, 10, 0, 10, 0, 10, 10, 0, 0, 0, 0, 10, 10, 10, 0, 0, 10, 0, 0, 10, 0, 0, 0, 10, 0, 10, 10, 10, 10, 0, 0, 19, 10, 10, 0, 0, 10, 0, 10, 10, 10, 10, 1, 0, 10, 10, 0, 0, 0, 0, 10, 10, 0, : 10, 10, 10, 10, 10, 10, 10, 10, 10, 10, 1, 10, 1, 10, 10, 10, 1, 10, 5, 10, 10, 10, 10, 10, 10, 10, 10, 10, 10, 10, 2, 10, 10, 10, 10, 10, 10, 10, 10, 10, 10, 10, 10, 10, 10, 10, 10, 10, 10, 19, 10, 10, 10, 10, 10, 10, 10, 1, 10, 10, 10, 10, 
174: 0, 0, 0, 0, 10, 0, 14, 0, 10, 10, 3, 10, 0, 0, 0, 10, 10, 10, 0, 0, 10, 10, 0, 0, 1, 0, 10, 0, 10, 0, 10, 0, 10, 2, 0, 10, 10, 0, 10, 0, 10, 0, 0, 10, 0, 10, 0, 1, 10, 0, 0, 10, 8, 10, 10, 10, 0, 0, 0, 0, 10, 10, 10, 0, 0, 10, 0, 10, 0, 0, 10, 10, 10, 0, 10, 10, 10, 1, 10, 0, 10, 0, 10, 10, 10, 0, 10, 10, 5, 0, 10, 10, 0, 0, 10, 10, 0, 10, 10, 0, 0, 0, 0, 6, 10, 10, 0, 10, 0, 0, 10, 11, 0, 10, 0, 10, 10, 10, 10, 10, : 10, 14, 10, 10, 3, 10, 10, 10, 10, 10, 10, 1, 10, 10, 10, 10, 2, 10, 10, 10, 10, 10, 10, 1, 10, 10, 8, 10, 10, 10, 10, 10, 10, 10, 10, 10, 10, 10, 10, 10, 10, 1, 10, 10, 10, 10, 10, 10, 10, 5, 10, 10, 10, 10, 10, 10, 6, 10, 10, 10, 10, 11, 10, 10, 10, 10, 10, 10, 


252: 10, 10, 0, 1, 0, 10, 0, 0, 0, 10, 0, 0, 10, 10, 17, 10, 10, 10, 0, 10, 1, 10, 0, 10, 10, 0, 0, 10, 10, 0, 10, 10, 10, 10, 10, 10, 10, 0, 10, 0, 0, 0, 0, 10, 2, 10, 10, 10, 10, 3, 0, 10, 0, 10, 0, 0, 0, 10, 15, 10, 10, 10, 10, 10, 10, 0, 0, 0, 10, 10, 10, 0, 0, 10, 10, 3, 10, 0, 10, 10, 0, 10, 10, 10, 0, 10, 10, 0, 10, 0, 0, 0, 10, 0, 10, 10, 6, 0, 0, 0, 0, 10, 0, 0, 0, 0, 10, 10, 10, 0, 0, 10, 10, 10, 0, 10, 10, 0, 0, 10, : 10, 10, 1, 10, 10, 10, 10, 17, 10, 10, 10, 10, 1, 10, 10, 10, 10, 10, 10, 10, 10, 10, 10, 10, 10, 10, 10, 2, 10, 10, 10, 10, 3, 10, 10, 10, 15, 10, 10, 10, 10, 10, 10, 10, 10, 10, 10, 10, 3, 10, 10, 10, 10, 10, 10, 10, 10, 10, 10, 10, 10, 6, 10, 10, 10, 10, 10, 10, 10, 10, 10, 10, 
354: 10, 10, 3, 0, 10, 10, 0, 10, 10, 10, 0, 0, 10, 0, 0, 14, 0, 0, 9, 0, 0, 10, 0, 10, 10, 10, 10, 0, 10, 0, 10, 0, 0, 10, 0, 10, 10, 1, 0, 10, 0, 10, 0, 1, 0, 0, 0, 10, 10, 10, 0, 0, 10, 10, 0, 10, 10, 0, 10, 10, 0, 0, 0, 0, 10, 0, 10, 10, 10, 2, 0, 0, 10, 0, 10, 0, 1, 0, 0, 0, 10, 0, 10, 0, 0, 0, 0, 0, 0, 0, 10, 10, 0, 10, 10, 10, 10, 0, 0, 10, 10, 10, 10, 0, 10, 0, 10, 3, 5, 0, 10, 0, 10, 10, 0, 0, 2, 0, 10, 0, : 10, 10, 3, 10, 10, 10, 10, 10, 10, 14, 9, 10, 10, 10, 10, 10, 10, 10, 10, 10, 10, 1, 10, 10, 1, 10, 10, 10, 10, 10, 10, 10, 10, 10, 10, 10, 10, 10, 2, 10, 10, 1, 10, 10, 10, 10, 10, 10, 10, 10, 10, 10, 10, 10, 10, 10, 3, 5, 10, 10, 10, 2, 10, 
160: 0, 0, 10, 0, 0, 10, 10, 10, 0, 10, 10, 10, 10, 0, 19, 10, 10, 0, 10, 0, 10, 0, 0, 0, 10, 10, 10, 0, 10, 10, 0, 0, 0, 0, 10, 10, 10, 10, 10, 10, 10, 0, 0, 0, 0, 0, 0, 0, 0, 0, 0, 10, 10, 0, 0, 10, 10, 0, 0, 10, 0, 0, 0, 0, 10, 0, 0, 0, 0, 0, 10, 6, 10, 0, 10, 10, 10, 10, 1, 0, 0, 0, 10, 0, 10, 10, 0, 10, 10, 10, 10, 0, 13, 0, 0, 0, 10, 15, 10, 10, 0, 0, 10, 10, 10, 10, 10, 10, 10, 0, 10, 10, 10, 10, 0, 1, 10, 0, 0, 0, : 10, 10, 10, 10, 10, 10, 10, 10, 19, 10, 10, 10, 10, 10, 10, 10, 10, 10, 10, 10, 10, 10, 10, 10, 10, 10, 10, 10, 10, 10, 10, 10, 6, 10, 10, 10, 10, 10, 1, 10, 10, 10, 10, 10, 10, 10, 13, 10, 15, 10, 10, 10, 10, 10, 10, 10, 10, 10, 10, 10, 10, 10, 1, 10, 
340: 10, 10, 10, 0, 10, 10, 1, 10, 10, 0, 0, 10, 0, 10, 10, 0, 1, 0, 0, 10, 10, 10, 10, 0, 10, 10, 10, 10, 0, 0, 0, 10, 10, 0, 0, 10, 0, 10, 10, 10, 10, 10, 10, 1, 0, 10, 0, 0, 10, 10, 10, 0, 10, 10, 10, 10, 10, 10, 10, 10, 0, 0, 0, 0, 10, 0, 0, 10, 0, 0, 10, 0, 10, 0, 10, 10, 0, 10, 10, 10, 1, 0, 0, 0, 0, 0, 0, 0, 0, 0, 10, 10, 0, 0, 10, 10, 10, 10, 10, 0, 10, 10, 10, 0, 10, 0, 0, 10, 0, 0, 0, 10, 10, 0, 0, 0, 0, 0, 10, 10, : 10, 10, 10, 10, 10, 1, 10, 10, 10, 10, 10, 1, 10, 10, 10, 10, 10, 10, 10, 10, 10, 10, 10, 10, 10, 10, 10, 10, 10, 1, 10, 10, 10, 10, 10, 10, 10, 10, 10, 10, 10, 10, 10, 10, 10, 10, 10, 10, 10, 10, 10, 1, 10, 10, 10, 10, 10, 10, 10, 10, 10, 10, 10, 10, 10, 10, 10, 10, 
126: 10, 0, 0, 10, 10, 10, 0, 10, 10, 0, 10, 10, 10, 0, 0, 10, 10, 10, 10, 0, 10, 0, 10, 0, 10, 0, 10, 10, 10, 10, 0, 0, 0, 0, 0, 0, 0, 0, 0, 10, 10, 10, 0, 10, 10, 10, 0, 0, 0, 0, 10, 0, 10, 0, 0, 10, 16, 0, 10, 0, 0, 10, 10, 0, 0, 10, 0, 10, 0, 10, 10, 0, 10, 0, 10, 10, 10, 0, 0, 0, 10, 1, 10, 10, 10, 0, 10, 10, 0, 10, 10, 0, 0, 0, 0, 10, 10, 10, 0, 10, 10, 10, 10, 0, 10, 0, 0, 10, 10, 10, 10, 10, 10, 10, 0, 0, 10, 0, 0, 0, : 10, 10, 10, 10, 10, 10, 10, 10, 10, 10, 10, 10, 10, 10, 10, 10, 10, 10, 10, 10, 10, 10, 10, 10, 10, 10, 10, 10, 10, 16, 10, 10, 10, 10, 10, 10, 10, 10, 10, 10, 10, 10, 1, 10, 10, 10, 10, 10, 10, 10, 10, 10, 10, 10, 10, 10, 10, 10, 10, 10, 10, 10, 10, 10, 10, 10, 
310: 10, 10, 10, 0, 0, 10, 0, 10, 10, 10, 0, 10, 0, 0, 10, 0, 0, 10, 10, 0, 10, 0, 0, 0, 10, 0, 0, 10, 10, 10, 10, 10, 10, 0, 0, 10, 0, 0, 0, 10, 0, 0, 10, 10, 10, 10, 10, 10, 10, 10, 0, 10, 10, 10, 10, 10, 0, 0, 10, 10, 10, 10, 0, 10, 10, 0, 0, 8, 10, 0, 10, 0, 0, 10, 0, 10, 10, 10, 0, 10, 0, 0, 10, 10, 10, 10, 0, 10, 10, 10, 0, 0, 0, 10, 0, 10, 0, 10, 10, 0, 0, 10, 10, 10, 0, 10, 0, 10, 0, 10, 10, 10, 0, 10, 10, 10, 10, 10, 0, 10, : 10, 10, 10, 10, 10, 10, 10, 10, 10, 10, 10, 10, 10, 10, 10, 10, 10, 10, 10, 10, 10, 10, 10, 10, 10, 10, 10, 10, 10, 10, 10, 10, 10, 10, 10, 10, 10, 10, 10, 10, 8, 10, 10, 10, 10, 10, 10, 10, 10, 10, 10, 10, 10, 10, 10, 10, 10, 10, 10, 10, 10, 10, 10, 10, 10, 10, 10, 10, 10, 10, 10, 10, 10, 
366: 0, 0, 10, 0, 0, 10, 0, 10, 0, 0, 0, 10, 0, 10, 0, 0, 10, 0, 10, 0, 0, 0, 0, 0, 0, 0, 10, 0, 0, 10, 10, 10, 10, 10, 0, 0, 6, 0, 10, 10, 1, 10, 0, 0, 0, 0, 10, 0, 10, 0, 3, 0, 0, 10, 10, 10, 10, 10, 10, 10, 10, 0, 10, 10, 0, 10, 10, 0, 8, 10, 0, 10, 10, 10, 0, 0, 10, 10, 10, 0, 0, 10, 10, 0, 10, 10, 0, 10, 10, 0, 14, 10, 0, 10, 0, 0, 10, 0, 0, 10, 0, 0, 10, 0, 0, 0, 0, 0, 0, 10, 0, 10, 0, 10, 0, 0, 0, 10, 0, 10, : 10, 10, 10, 10, 10, 10, 10, 10, 10, 10, 10, 10, 10, 6, 10, 10, 1, 10, 10, 10, 3, 10, 10, 10, 10, 10, 10, 10, 10, 10, 10, 10, 10, 8, 10, 10, 10, 10, 10, 10, 10, 10, 10, 10, 10, 10, 10, 14, 10, 10, 10, 10, 10, 10, 10, 10, 10, 10, 
61: 10, 10, 0, 0, 10, 0, 10, 10, 0, 10, 0, 0, 0, 10, 10, 10, 0, 10, 1, 10, 0, 0, 10, 10, 0, 10, 0, 0, 0, 0, 0, 10, 0, 10, 10, 0, 0, 10, 10, 10, 0, 0, 10, 0, 10, 10, 0, 10, 0, 10, 13, 10, 10, 10, 10, 10, 10, 0, 0, 10, 0, 0, 10, 10, 0, 10, 0, 0, 10, 0, 0, 0, 0, 10, 10, 0, 10, 10, 0, 10, 10, 10, 2, 10, 0, 10, 10, 0, 10, 0, 0, 10, 0, 0, 10, 0, 0, 10, 0, 0, 0, 10, 10, 10, 0, 5, 10, 1, 10, 0, 10, 10, 0, 0, 0, 0, 10, 6, 10, 1, : 10, 10, 10, 10, 10, 10, 10, 10, 10, 10, 1, 10, 10, 10, 10, 10, 10, 10, 10, 10, 10, 10, 10, 10, 10, 10, 13, 10, 10, 10, 10, 10, 10, 10, 10, 10, 10, 10, 10, 10, 10, 10, 10, 10, 10, 2, 10, 10, 10, 10, 10, 10, 10, 10, 10, 10, 5, 10, 1, 10, 10, 10, 10, 6, 10, 1, 
134: 0, 10, 4, 10, 0, 10, 10, 10, 10, 10, 10, 10, 0, 10, 0, 0, 0, 17, 0, 10, 10, 10, 0, 0, 10, 0, 10, 10, 10, 0, 10, 0, 7, 0, 10, 0, 10, 10, 10, 10, 10, 10, 10, 0, 0, 0, 0, 0, 10, 10, 0, 10, 10, 0, 0, 10, 10, 10, 0, 10, 0, 0, 10, 10, 0, 10, 10, 0, 0, 0, 0, 0, 0, 0, 10, 10, 0, 10, 0, 0, 10, 10, 0, 10, 0, 0, 10, 10, 10, 10, 0, 3, 10, 0, 10, 0, 10, 15, 10, 0, 10, 0, 0, 0, 0, 10, 10, 0, 10, 4, 10, 10, 10, 10, 0, 10, 0, 0, 10, 10, : 10, 4, 10, 10, 10, 10, 10, 10, 10, 10, 10, 17, 10, 10, 10, 10, 10, 10, 10, 10, 7, 10, 10, 10, 10, 10, 10, 10, 10, 10, 10, 10, 10, 10, 10, 10, 10, 10, 10, 10, 10, 10, 10, 10, 10, 10, 10, 10, 10, 10, 10, 3, 10, 10, 10, 15, 10, 10, 10, 10, 10, 4, 10, 10, 10, 10, 10, 10, 10, 
493: 13, 0, 0, 10, 10, 0, 10, 0, 0, 0, 10, 0, 10, 0, 10, 10, 10, 10, 10, 0, 10, 10, 0, 12, 0, 0, 0, 10, 10, 10, 10, 10, 0, 0, 0, 10, 10, 0, 0, 10, 10, 0, 0, 10, 0, 10, 10, 0, 10, 10, 0, 10, 10, 10, 10, 0, 0, 10, 10, 0, 10, 0, 0, 0, 10, 1, 0, 0, 10, 13, 10, 10, 10, 0, 10, 0, 0, 10, 10, 0, 10, 10, 10, 0, 0, 0, 10, 10, 0, 0, 0, 0, 0, 10, 0, 10, 0, 0, 10, 10, 0, 10, 0, 0, 10, 0, 10, 10, 10, 10, 0, 3, 0, 0, 0, 10, 10, 10, 0, 10, : 13, 10, 10, 10, 10, 10, 10, 10, 10, 10, 10, 10, 10, 12, 10, 10, 10, 10, 10, 10, 10, 10, 10, 10, 10, 10, 10, 10, 10, 10, 10, 10, 10, 10, 10, 10, 1, 10, 13, 10, 10, 10, 10, 10, 10, 10, 10, 10, 10, 10, 10, 10, 10, 10, 10, 10, 10, 10, 10, 10, 3, 10, 10, 10, 10, 
394: 0, 10, 0, 0, 10, 10, 10, 10, 10, 10, 0, 0, 0, 0, 10, 0, 10, 0, 0, 1, 0, 10, 0, 10, 10, 10, 10, 3, 10, 0, 10, 0, 10, 10, 0, 0, 0, 10, 10, 10, 10, 0, 10, 10, 0, 0, 0, 0, 0, 0, 10, 0, 0, 0, 10, 10, 0, 0, 0, 10, 0, 10, 0, 10, 10, 0, 0, 0, 0, 0, 10, 0, 10, 10, 10, 0, 10, 10, 10, 10, 10, 0, 10, 10, 0, 10, 0, 10, 0, 10, 10, 10, 10, 10, 10, 10, 10, 0, 10, 0, 0, 0, 10, 0, 0, 10, 0, 10, 10, 10, 10, 3, 0, 0, 0, 0, 10, 0, 0, 10, : 10, 10, 10, 10, 10, 10, 10, 10, 10, 1, 10, 10, 10, 10, 10, 3, 10, 10, 10, 10, 10, 10, 10, 10, 10, 10, 10, 10, 10, 10, 10, 10, 10, 10, 10, 10, 10, 10, 10, 10, 10, 10, 10, 10, 10, 10, 10, 10, 10, 10, 10, 10, 10, 10, 10, 10, 10, 10, 10, 10, 10, 3, 10, 10, 
330: 0, 10, 0, 10, 1, 0, 0, 10, 10, 0, 10, 0, 10, 0, 15, 0, 0, 0, 10, 0, 0, 0, 10, 10, 0, 0, 0, 10, 10, 10, 0, 0, 0, 1, 0, 10, 0, 0, 10, 10, 10, 0, 0, 10, 0, 0, 0, 0, 10, 0, 10, 0, 0, 10, 0, 10, 0, 10, 0, 10, 10, 0, 10, 0, 0, 10, 10, 10, 10, 10, 4, 10, 0, 0, 0, 10, 0, 0, 10, 10, 3, 0, 0, 0, 10, 0, 10, 10, 2, 0, 10, 10, 10, 10, 10, 0, 10, 10, 0, 0, 0, 0, 0, 0, 10, 0, 0, 0, 0, 0, 0, 0, 0, 10, 1, 0, 0, 0, 1, 0, : 10, 10, 1, 10, 10, 10, 10, 15, 10, 10, 10, 10, 10, 10, 1, 10, 10, 10, 10, 10, 10, 10, 10, 10, 10, 10, 10, 10, 10, 10, 10, 10, 10, 4, 10, 10, 10, 10, 3, 10, 10, 10, 2, 10, 10, 10, 10, 10, 10, 10, 10, 10, 1, 1, 
344: 0, 10, 0, 10, 0, 0, 10, 0, 0, 0, 10, 10, 1, 10, 0, 2, 0, 0, 0, 0, 0, 0, 10, 0, 0, 10, 10, 10, 0, 0, 0, 0, 0, 0, 0, 10, 10, 0, 0, 10, 10, 0, 1, 0, 3, 0, 0, 10, 11, 0, 10, 0, 0, 0, 10, 0, 10, 0, 10, 10, 1, 0, 0, 0, 10, 3, 10, 10, 0, 10, 10, 0, 0, 10, 0, 0, 10, 0, 0, 0, 0, 0, 0, 0, 10, 1, 10, 0, 10, 10, 0, 0, 10, 10, 0, 10, 0, 0, 0, 10, 10, 0, 0, 0, 10, 0, 0, 10, 0, 0, 0, 10, 10, 10, 10, 0, 0, 10, 10, 10, : 10, 10, 10, 10, 10, 1, 10, 2, 10, 10, 10, 10, 10, 10, 10, 10, 1, 3, 10, 11, 10, 10, 10, 10, 10, 1, 10, 3, 10, 10, 10, 10, 10, 10, 10, 1, 10, 10, 10, 10, 10, 10, 10, 10, 10, 10, 10, 10, 10, 10, 10, 10, 10, 
226: 0, 0, 10, 0, 0, 0, 0, 10, 10, 10, 0, 0, 0, 0, 10, 10, 0, 10, 10, 10, 10, 10, 0, 0, 10, 10, 0, 10, 10, 10, 10, 10, 0, 0, 0, 10, 10, 10, 0, 10, 0, 0, 10, 10, 0, 10, 0, 0, 0, 0, 0, 0, 10, 15, 0, 0, 10, 0, 0, 0, 0, 0, 0, 10, 0, 0, 0, 0, 10, 10, 10, 0, 0, 0, 10, 18, 0, 10, 0, 10, 0, 10, 0, 0, 10, 10, 10, 10, 10, 0, 0, 0, 2, 0, 0, 0, 10, 3, 0, 10, 10, 0, 10, 10, 10, 0, 10, 10, 0, 0, 10, 18, 0, 10, 10, 0, 0, 1, 10, 10, : 10, 10, 10, 10, 10, 10, 10, 10, 10, 10, 10, 10, 10, 10, 10, 10, 10, 10, 10, 10, 10, 10, 10, 10, 10, 10, 15, 10, 10, 10, 10, 10, 10, 18, 10, 10, 10, 10, 10, 10, 10, 10, 2, 10, 3, 10, 10, 10, 10, 10, 10, 10, 10, 18, 10, 10, 1, 10, 10, 
583: 10, 0, 10, 10, 10, 0, 0, 12, 10, 10, 0, 10, 10, 0, 0, 0, 10, 0, 10, 10, 10, 10, 10, 0, 10, 0, 3, 10, 10, 10, 10, 10, 0, 10, 0, 10, 10, 0, 10, 10, 0, 0, 0, 4, 0, 0, 10, 10, 0, 10, 10, 0, 1, 0, 0, 6, 0, 10, 10, 0, 10, 0, 10, 0, 10, 0, 10, 10, 0, 15, 10, 10, 0, 10, 0, 10, 0, 0, 10, 20, 0, 10, 10, 0, 10, 0, 10, 0, 0, 10, 10, 0, 10, 0, 10, 10, 0, 10, 10, 10, 10, 10, 1, 10, 10, 0, 0, 10, 10, 10, 0, 10, 0, 10, 0, 0, 10, 0, 0, 10, : 10, 10, 10, 10, 12, 10, 10, 10, 10, 10, 10, 10, 10, 10, 10, 10, 3, 10, 10, 10, 10, 10, 10, 10, 10, 10, 10, 4, 10, 10, 10, 10, 1, 6, 10, 10, 10, 10, 10, 10, 10, 15, 10, 10, 10, 10, 10, 20, 10, 10, 10, 10, 10, 10, 10, 10, 10, 10, 10, 10, 10, 10, 1, 10, 10, 10, 10, 10, 10, 10, 10, 10, 
651: 2, 0, 10, 0, 0, 0, 10, 10, 0, 0, 0, 8, 0, 0, 10, 1, 10, 10, 0, 0, 0, 10, 0, 10, 0, 10, 10, 10, 10, 10, 0, 0, 10, 0, 10, 0, 10, 0, 0, 4, 0, 10, 10, 0, 0, 0, 0, 10, 0, 0, 0, 10, 8, 0, 10, 10, 10, 0, 0, 10, 0, 0, 0, 0, 10, 10, 0, 0, 0, 10, 0, 0, 3, 0, 1, 0, 10, 10, 10, 10, 10, 10, 10, 10, 0, 7, 10, 0, 10, 10, 10, 10, 0, 10, 10, 0, 0, 0, 0, 10, 0, 0, 0, 0, 10, 0, 0, 10, 10, 10, 10, 10, 10, 0, 0, 0, 0, 10, 10, 0, : 2, 10, 10, 10, 8, 10, 1, 10, 10, 10, 10, 10, 10, 10, 10, 10, 10, 10, 10, 4, 10, 10, 10, 10, 8, 10, 10, 10, 10, 10, 10, 10, 3, 1, 10, 10, 10, 10, 10, 10, 10, 10, 7, 10, 10, 10, 10, 10, 10, 10, 10, 10, 10, 10, 10, 10, 10, 10, 10, 10, 
614: 10, 0, 10, 0, 10, 0, 1, 0, 0, 0, 10, 0, 10, 10, 0, 0, 0, 0, 1, 0, 10, 0, 0, 10, 10, 10, 0, 10, 0, 0, 0, 0, 10, 0, 10, 10, 0, 0, 10, 0, 10, 0, 0, 0, 0, 10, 0, 10, 10, 10, 1, 10, 10, 0, 10, 10, 10, 10, 0, 0, 10, 0, 0, 0, 0, 10, 10, 10, 10, 0, 10, 0, 10, 0, 0, 0, 10, 0, 0, 0, 10, 6, 0, 10, 10, 0, 10, 10, 0, 0, 1, 0, 0, 0, 10, 10, 10, 0, 0, 0, 0, 10, 10, 10, 0, 0, 10, 0, 10, 10, 0, 1, 10, 0, 0, 10, 0, 0, 0, 10, : 10, 10, 10, 1, 10, 10, 10, 1, 10, 10, 10, 10, 10, 10, 10, 10, 10, 10, 10, 10, 10, 10, 1, 10, 10, 10, 10, 10, 10, 10, 10, 10, 10, 10, 10, 10, 10, 10, 6, 10, 10, 10, 10, 1, 10, 10, 10, 10, 10, 10, 10, 10, 10, 1, 10, 10, 10, 
285: 10, 0, 0, 10, 10, 0, 0, 0, 10, 10, 0, 10, 0, 10, 10, 10, 0, 0, 10, 10, 0, 10, 10, 10, 10, 0, 0, 10, 10, 0, 10, 0, 0, 18, 10, 10, 0, 10, 0, 10, 10, 10, 0, 10, 0, 10, 10, 10, 10, 0, 10, 0, 10, 10, 0, 0, 18, 0, 10, 10, 10, 0, 10, 10, 0, 10, 10, 0, 10, 10, 10, 10, 10, 0, 10, 0, 0, 0, 0, 0, 0, 10, 10, 0, 10, 10, 0, 0, 10, 10, 0, 0, 10, 10, 3, 0, 0, 10, 0, 0, 10, 10, 10, 10, 0, 10, 10, 10, 10, 0, 0, 10, 0, 0, 10, 0, 0, 0, 10, 0, : 10, 10, 10, 10, 10, 10, 10, 10, 10, 10, 10, 10, 10, 10, 10, 10, 10, 10, 18, 10, 10, 10, 10, 10, 10, 10, 10, 10, 10, 10, 10, 10, 10, 18, 10, 10, 10, 10, 10, 10, 10, 10, 10, 10, 10, 10, 10, 10, 10, 10, 10, 10, 10, 10, 10, 3, 10, 10, 10, 10, 10, 10, 10, 10, 10, 10, 10, 10, 
689: 10, 0, 10, 10, 0, 10, 0, 0, 10, 10, 0, 10, 0, 10, 10, 10, 0, 10, 10, 10, 0, 10, 0, 10, 10, 10, 10, 0, 0, 0, 0, 0, 10, 10, 10, 10, 0, 10, 0, 0, 10, 3, 10, 0, 0, 10, 0, 10, 10, 0, 0, 0, 10, 10, 10, 0, 10, 0, 0, 10, 10, 0, 0, 10, 10, 0, 10, 0, 0, 10, 0, 0, 0, 0, 0, 0, 0, 10, 10, 10, 0, 10, 0, 0, 10, 10, 0, 10, 0, 10, 10, 10, 0, 10, 0, 0, 0, 0, 0, 0, 10, 0, 10, 10, 10, 0, 0, 10, 0, 10, 10, 0, 10, 0, 10, 0, 10, 10, 10, 10, : 10, 10, 10, 10, 10, 10, 10, 10, 10, 10, 10, 10, 10, 10, 10, 10, 10, 10, 10, 10, 10, 10, 10, 10, 3, 10, 10, 10, 10, 10, 10, 10, 10, 10, 10, 10, 10, 10, 10, 10, 10, 10, 10, 10, 10, 10, 10, 10, 10, 10, 10, 10, 10, 10, 10, 10, 10, 10, 10, 10, 10, 10, 10, 
605: 10, 10, 10, 0, 10, 10, 0, 0, 0, 0, 10, 0, 10, 0, 0, 0, 0, 0, 10, 10, 0, 0, 10, 10, 10, 10, 10, 0, 10, 0, 10, 1, 10, 0, 0, 0, 0, 10, 10, 0, 10, 0, 0, 10, 10, 1, 0, 0, 0, 10, 10, 10, 10, 10, 10, 0, 0, 10, 10, 0, 0, 0, 10, 10, 17, 10, 0, 10, 0, 10, 10, 0, 0, 10, 0, 10, 0, 0, 0, 0, 10, 0, 0, 0, 0, 10, 0, 0, 0, 0, 10, 0, 0, 0, 10, 0, 10, 0, 10, 6, 10, 0, 0, 13, 10, 10, 10, 10, 0, 10, 0, 0, 0, 10, 10, 0, 0, 0, 0, 10, : 10, 10, 10, 10, 10, 10, 10, 10, 10, 10, 10, 10, 10, 10, 10, 10, 1, 10, 10, 10, 10, 10, 10, 1, 10, 10, 10, 10, 10, 10, 10, 10, 10, 10, 17, 10, 10, 10, 10, 10, 10, 10, 10, 10, 10, 10, 10, 6, 10, 13, 10, 10, 10, 10, 10, 10, 10, 10, 
372: 10, 10, 10, 0, 10, 10, 10, 10, 0, 0, 10, 10, 10, 0, 10, 0, 0, 10, 0, 0, 0, 10, 0, 10, 10, 0, 10, 0, 10, 10, 0, 10, 10, 10, 10, 10, 10, 10, 10, 5, 10, 10, 10, 0, 10, 10, 10, 10, 10, 10, 10, 10, 10, 10, 0, 2, 0, 0, 10, 10, 0, 10, 10, 10, 10, 0, 10, 0, 0, 10, 10, 0, 10, 0, 0, 10, 10, 0, 10, 0, 10, 0, 10, 10, 0, 10, 10, 0, 0, 0, 0, 0, 0, 10, 0, 0, 10, 10, 1, 0, 10, 0, 0, 0, 8, 10, 0, 0, 10, 0, 10, 10, 0, 10, 10, 0, 10, 10, 0, 10, : 10, 10, 10, 10, 10, 10, 10, 10, 10, 10, 10, 10, 10, 10, 10, 10, 10, 10, 10, 10, 10, 10, 10, 10, 10, 10, 5, 10, 10, 10, 10, 10, 10, 10, 10, 10, 10, 10, 10, 10, 2, 10, 10, 10, 10, 10, 10, 10, 10, 10, 10, 10, 10, 10, 10, 10, 10, 10, 10, 10, 10, 10, 1, 10, 8, 10, 10, 10, 10, 10, 10, 10, 10, 10, 
21: 10, 0, 0, 10, 0, 0, 10, 0, 10, 10, 0, 10, 0, 0, 10, 10, 0, 0, 10, 0, 10, 0, 10, 10, 10, 0, 0, 10, 10, 0, 0, 0, 10, 10, 0, 1, 10, 0, 10, 0, 0, 0, 10, 0, 10, 10, 10, 10, 0, 10, 10, 0, 16, 10, 10, 10, 0, 10, 10, 10, 10, 0, 0, 10, 0, 10, 10, 0, 0, 10, 10, 2, 0, 0, 10, 0, 10, 9, 0, 0, 1, 0, 10, 10, 10, 10, 2, 0, 0, 0, 0, 10, 10, 0, 0, 0, 0, 10, 10, 0, 10, 0, 10, 10, 0, 10, 10, 10, 0, 0, 0, 0, 10, 10, 10, 10, 0, 0, 0, 10, : 10, 10, 10, 10, 10, 10, 10, 10, 10, 10, 10, 10, 10, 10, 10, 10, 10, 1, 10, 10, 10, 10, 10, 10, 10, 10, 10, 16, 10, 10, 10, 10, 10, 10, 10, 10, 10, 10, 10, 10, 2, 10, 10, 9, 1, 10, 10, 10, 10, 2, 10, 10, 10, 10, 10, 10, 10, 10, 10, 10, 10, 10, 10, 10, 10, 
495: 10, 10, 2, 0, 10, 10, 0, 0, 10, 9, 10, 0, 0, 10, 10, 10, 0, 0, 4, 10, 10, 0, 0, 10, 0, 0, 0, 0, 0, 10, 0, 0, 10, 10, 10, 0, 10, 0, 0, 10, 10, 10, 10, 10, 10, 0, 0, 10, 10, 0, 10, 0, 0, 0, 0, 10, 0, 0, 0, 10, 10, 0, 10, 0, 10, 10, 2, 0, 0, 10, 10, 10, 0, 10, 10, 0, 10, 10, 10, 10, 0, 8, 10, 10, 0, 0, 0, 0, 0, 0, 10, 10, 10, 10, 10, 10, 0, 0, 10, 10, 0, 0, 10, 10, 10, 0, 0, 0, 10, 0, 10, 0, 0, 0, 0, 10, 0, 0, 0, 0, : 10, 10, 2, 10, 10, 10, 9, 10, 10, 10, 10, 4, 10, 10, 10, 10, 10, 10, 10, 10, 10, 10, 10, 10, 10, 10, 10, 10, 10, 10, 10, 10, 10, 10, 10, 2, 10, 10, 10, 10, 10, 10, 10, 10, 10, 8, 10, 10, 10, 10, 10, 10, 10, 10, 10, 10, 10, 10, 10, 10, 10, 10, 
378: 0, 10, 10, 10, 0, 10, 0, 10, 0, 0, 0, 10, 0, 0, 0, 0, 0, 0, 10, 0, 10, 0, 10, 10, 10, 0, 0, 0, 1, 0, 0, 0, 0, 10, 10, 0, 10, 10, 10, 0, 0, 10, 10, 0, 10, 10, 0, 10, 10, 10, 0, 0, 0, 0, 2, 0, 0, 0, 2, 0, 10, 10, 10, 0, 0, 1, 1, 0, 0, 10, 0, 0, 0, 0, 0, 10, 10, 10, 10, 10, 0, 10, 10, 0, 0, 10, 10, 10, 10, 10, 0, 10, 0, 10, 10, 0, 10, 10, 0, 10, 0, 0, 10, 10, 0, 10, 0, 10, 0, 0, 0, 10, 0, 0, 0, 0, 10, 10, 0, 0, : 10, 10, 10, 10, 10, 10, 10, 10, 10, 10, 10, 1, 10, 10, 10, 10, 10, 10, 10, 10, 10, 10, 10, 10, 2, 2, 10, 10, 10, 1, 1, 10, 10, 10, 10, 10, 10, 10, 10, 10, 10, 10, 10, 10, 10, 10, 10, 10, 10, 10, 10, 10, 10, 10, 10, 10, 10, 
561: 0, 10, 0, 0, 10, 0, 0, 0, 0, 0, 0, 0, 0, 10, 0, 0, 0, 0, 10, 8, 14, 10, 10, 0, 10, 10, 0, 10, 10, 10, 2, 10, 10, 0, 0, 10, 10, 0, 0, 0, 10, 0, 0, 0, 0, 10, 10, 2, 0, 10, 10, 10, 10, 0, 0, 0, 0, 0, 10, 10, 0, 0, 0, 10, 0, 10, 10, 10, 10, 10, 0, 10, 0, 0, 10, 10, 0, 10, 0, 0, 0, 10, 0, 10, 0, 0, 0, 1, 0, 0, 0, 0, 10, 0, 0, 10, 10, 10, 1, 3, 10, 10, 10, 10, 0, 0, 10, 0, 10, 10, 10, 0, 0, 10, 10, 10, 10, 10, 0, 0, : 10, 10, 10, 10, 8, 14, 10, 10, 10, 10, 10, 10, 10, 2, 10, 10, 10, 10, 10, 10, 10, 2, 10, 10, 10, 10, 10, 10, 10, 10, 10, 10, 10, 10, 10, 10, 10, 10, 10, 10, 1, 10, 10, 10, 10, 1, 3, 10, 10, 10, 10, 10, 10, 10, 10, 10, 10, 10, 10, 10, 
30: 10, 0, 6, 10, 0, 0, 0, 0, 3, 10, 10, 0, 10, 0, 0, 10, 0, 0, 0, 0, 10, 0, 0, 0, 10, 0, 0, 0, 10, 10, 10, 10, 10, 10, 0, 0, 0, 1, 1, 0, 10, 10, 10, 10, 10, 18, 10, 10, 0, 10, 0, 10, 0, 10, 0, 0, 10, 10, 0, 0, 0, 10, 10, 10, 10, 10, 10, 0, 10, 0, 10, 0, 10, 10, 10, 0, 0, 10, 0, 0, 0, 0, 10, 10, 10, 10, 10, 0, 10, 0, 0, 0, 0, 10, 0, 10, 0, 10, 10, 0, 10, 2, 0, 10, 0, 10, 0, 10, 10, 0, 0, 10, 0, 10, 10, 10, 0, 10, 10, 0, : 10, 6, 10, 3, 10, 10, 10, 10, 10, 10, 10, 10, 10, 10, 10, 10, 1, 1, 10, 10, 10, 10, 10, 18, 10, 10, 10, 10, 10, 10, 10, 10, 10, 10, 10, 10, 10, 10, 10, 10, 10, 10, 10, 10, 10, 10, 10, 10, 10, 10, 10, 10, 10, 10, 2, 10, 10, 10, 10, 10, 10, 10, 10, 10, 10, 
65: 10, 10, 10, 10, 10, 0, 0, 0, 0, 10, 10, 0, 0, 10, 0, 0, 10, 10, 0, 10, 10, 0, 0, 10, 10, 0, 0, 0, 10, 10, 0, 0, 10, 0, 0, 10, 10, 0, 10, 10, 2, 2, 10, 0, 10, 0, 1, 0, 0, 0, 10, 0, 10, 0, 10, 10, 1, 0, 0, 10, 0, 10, 0, 0, 10, 0, 0, 10, 0, 0, 0, 10, 0, 0, 0, 0, 10, 10, 10, 0, 10, 10, 0, 10, 0, 10, 10, 0, 10, 12, 10, 0, 10, 10, 0, 0, 0, 10, 10, 10, 0, 1, 10, 0, 0, 10, 0, 10, 0, 10, 0, 16, 10, 10, 10, 10, 10, 5, 10, 0, : 10, 10, 10, 10, 10, 10, 10, 10, 10, 10, 10, 10, 10, 10, 10, 10, 10, 10, 10, 10, 10, 2, 2, 10, 10, 1, 10, 10, 10, 10, 1, 10, 10, 10, 10, 10, 10, 10, 10, 10, 10, 10, 10, 10, 10, 12, 10, 10, 10, 10, 10, 10, 1, 10, 10, 10, 10, 16, 10, 10, 10, 10, 10, 5, 10, 
434: 10, 10, 0, 10, 0, 10, 10, 0, 0, 0, 10, 0, 0, 10, 10, 0, 10, 0, 0, 0, 10, 10, 0, 8, 0, 10, 10, 10, 0, 0, 0, 0, 0, 0, 10, 10, 0, 10, 10, 10, 0, 10, 0, 10, 10, 10, 10, 10, 10, 10, 10, 10, 0, 0, 0, 0, 10, 0, 0, 0, 10, 10, 0, 10, 10, 0, 0, 2, 10, 10, 0, 0, 10, 10, 4, 10, 0, 0, 0, 10, 10, 0, 0, 10, 10, 0, 10, 0, 0, 0, 10, 0, 10, 0, 10, 0, 10, 10, 10, 9, 10, 0, 10, 10, 10, 10, 15, 0, 0, 0, 10, 0, 0, 0, 10, 0, 0, 10, 10, 0, : 10, 10, 10, 10, 10, 10, 10, 10, 10, 10, 10, 8, 10, 10, 10, 10, 10, 10, 10, 10, 10, 10, 10, 10, 10, 10, 10, 10, 10, 10, 10, 10, 10, 10, 10, 2, 10, 10, 10, 10, 4, 10, 10, 10, 10, 10, 10, 10, 10, 10, 10, 10, 10, 9, 10, 10, 10, 10, 10, 15, 10, 10, 10, 10, 
316: 10, 0, 0, 0, 10, 10, 10, 10, 0, 0, 10, 0, 0, 0, 0, 0, 0, 10, 0, 0, 10, 10, 10, 10, 0, 10, 10, 10, 0, 0, 0, 10, 10, 10, 10, 10, 0, 10, 0, 0, 10, 0, 10, 10, 0, 0, 10, 10, 10, 0, 10, 10, 10, 0, 0, 0, 0, 0, 10, 10, 0, 0, 10, 0, 0, 10, 0, 10, 0, 10, 10, 10, 0, 0, 0, 10, 0, 0, 0, 0, 0, 0, 10, 0, 0, 0, 10, 0, 10, 10, 0, 10, 0, 0, 0, 10, 10, 10, 0, 10, 10, 10, 0, 0, 0, 0, 10, 10, 10, 10, 10, 15, 10, 10, 0, 4, 0, 0, 0, 10, : 10, 10, 10, 10, 10, 10, 10, 10, 10, 10, 10, 10, 10, 10, 10, 10, 10, 10, 10, 10, 10, 10, 10, 10, 10, 10, 10, 10, 10, 10, 10, 10, 10, 10, 10, 10, 10, 10, 10, 10, 10, 10, 10, 10, 10, 10, 10, 10, 10, 10, 10, 10, 10, 10, 15, 10, 10, 4, 10, 
769: 17, 0, 0, 0, 10, 0, 10, 0, 10, 0, 10, 0, 10, 10, 10, 0, 10, 0, 10, 0, 10, 10, 10, 0, 0, 0, 0, 0, 0, 10, 10, 10, 0, 10, 10, 10, 0, 10, 10, 10, 0, 0, 1, 10, 10, 10, 0, 10, 0, 0, 0, 0, 0, 0, 0, 10, 0, 0, 10, 0, 10, 10, 0, 10, 0, 0, 10, 10, 10, 0, 0, 10, 10, 0, 10, 10, 0, 10, 10, 10, 10, 0, 0, 0, 0, 10, 0, 0, 10, 10, 0, 0, 10, 10, 10, 0, 0, 0, 3, 10, 10, 0, 1, 0, 10, 10, 0, 0, 0, 10, 0, 0, 0, 0, 0, 0, 0, 10, 0, 0, : 17, 10, 10, 10, 10, 10, 10, 10, 10, 10, 10, 10, 10, 10, 10, 10, 10, 10, 10, 10, 10, 10, 1, 10, 10, 10, 10, 10, 10, 10, 10, 10, 10, 10, 10, 10, 10, 10, 10, 10, 10, 10, 10, 10, 10, 10, 10, 10, 10, 3, 10, 10, 1, 10, 10, 10, 10, 
482: 0, 0, 10, 10, 10, 0, 0, 10, 0, 10, 0, 10, 0, 10, 0, 20, 14, 10, 0, 10, 10, 0, 0, 0, 0, 0, 1, 0, 10, 0, 0, 10, 10, 0, 0, 0, 10, 10, 0, 0, 10, 10, 10, 10, 0, 0, 0, 0, 10, 0, 0, 10, 0, 10, 0, 10, 0, 0, 10, 0, 10, 0, 0, 0, 15, 10, 1, 10, 17, 0, 10, 0, 0, 10, 0, 0, 0, 10, 10, 2, 10, 10, 10, 10, 10, 10, 0, 10, 0, 10, 10, 0, 10, 10, 10, 0, 0, 0, 10, 10, 0, 0, 10, 0, 10, 0, 0, 0, 0, 10, 0, 0, 10, 0, 0, 10, 0, 10, 10, 0, : 10, 10, 10, 10, 10, 10, 10, 20, 14, 10, 10, 10, 1, 10, 10, 10, 10, 10, 10, 10, 10, 10, 10, 10, 10, 10, 10, 10, 15, 10, 1, 10, 17, 10, 10, 10, 10, 2, 10, 10, 10, 10, 10, 10, 10, 10, 10, 10, 10, 10, 10, 10, 10, 10, 10, 10, 10, 10, 10, 
35: 0, 10, 0, 10, 0, 0, 0, 10, 10, 0, 0, 0, 10, 10, 10, 10, 0, 10, 10, 20, 0, 0, 0, 10, 0, 0, 0, 10, 0, 0, 0, 0, 10, 10, 0, 0, 10, 0, 0, 10, 1, 10, 0, 0, 0, 0, 10, 0, 0, 10, 0, 10, 3, 0, 0, 10, 0, 10, 0, 10, 0, 10, 10, 4, 0, 0, 10, 0, 10, 0, 0, 0, 10, 10, 0, 0, 0, 0, 10, 0, 10, 10, 0, 5, 10, 10, 10, 0, 10, 0, 0, 10, 0, 10, 0, 10, 10, 0, 0, 0, 10, 0, 10, 0, 10, 10, 10, 0, 0, 0, 10, 10, 0, 10, 0, 10, 0, 10, 10, 0, : 10, 10, 10, 10, 10, 10, 10, 10, 10, 10, 20, 10, 10, 10, 10, 10, 10, 1, 10, 10, 10, 10, 3, 10, 10, 10, 10, 10, 4, 10, 10, 10, 10, 10, 10, 10, 5, 10, 10, 10, 10, 10, 10, 10, 10, 10, 10, 10, 10, 10, 10, 10, 10, 10, 10, 10, 
383: 0, 10, 10, 10, 10, 10, 10, 1, 0, 0, 10, 10, 10, 0, 10, 0, 0, 10, 0, 10, 0, 10, 3, 10, 0, 0, 0, 0, 0, 10, 10, 10, 0, 10, 0, 0, 10, 10, 10, 10, 10, 10, 10, 10, 0, 0, 10, 0, 10, 0, 0, 0, 10, 10, 10, 10, 0, 0, 0, 10, 10, 10, 10, 10, 0, 10, 10, 0, 0, 0, 0, 10, 10, 10, 0, 10, 0, 0, 10, 10, 10, 10, 0, 10, 0, 0, 0, 10, 1, 10, 0, 10, 19, 10, 0, 2, 14, 10, 10, 0, 0, 10, 0, 10, 0, 10, 10, 10, 0, 10, 10, 0, 10, 0, 10, 10, 0, 0, 0, 10, : 10, 10, 10, 10, 10, 10, 1, 10, 10, 10, 10, 10, 10, 10, 3, 10, 10, 10, 10, 10, 10, 10, 10, 10, 10, 10, 10, 10, 10, 10, 10, 10, 10, 10, 10, 10, 10, 10, 10, 10, 10, 10, 10, 10, 10, 10, 10, 10, 10, 10, 10, 1, 10, 10, 19, 10, 2, 14, 10, 10, 10, 10, 10, 10, 10, 10, 10, 10, 10, 10, 10, 
763: 0, 0, 0, 10, 0, 10, 10, 0, 10, 10, 10, 0, 16, 0, 10, 10, 10, 10, 0, 10, 10, 10, 0, 0, 10, 10, 10, 10, 10, 0, 0, 0, 0, 0, 10, 0, 10, 10, 0, 0, 10, 10, 10, 0, 10, 0, 0, 0, 0, 10, 0, 10, 10, 0, 10, 0, 10, 10, 0, 10, 10, 0, 10, 10, 0, 0, 0, 10, 10, 10, 10, 10, 10, 0, 0, 3, 10, 0, 10, 10, 0, 10, 0, 10, 0, 0, 10, 0, 0, 10, 10, 0, 0, 0, 0, 10, 10, 0, 0, 0, 10, 0, 20, 0, 10, 10, 0, 0, 10, 10, 0, 10, 10, 0, 1, 10, 0, 10, 0, 10, : 10, 10, 10, 10, 10, 10, 16, 10, 10, 10, 10, 10, 10, 10, 10, 10, 10, 10, 10, 10, 10, 10, 10, 10, 10, 10, 10, 10, 10, 10, 10, 10, 10, 10, 10, 10, 10, 10, 10, 10, 10, 10, 3, 10, 10, 10, 10, 10, 10, 10, 10, 10, 10, 10, 20, 10, 10, 10, 10, 10, 10, 1, 10, 10, 10, 
2: 0, 10, 10, 10, 0, 0, 1, 0, 0, 0, 10, 10, 0, 10, 0, 0, 10, 10, 0, 0, 0, 10, 0, 10, 10, 0, 10, 0, 4, 10, 10, 0, 0, 0, 0, 0, 10, 10, 10, 10, 0, 0, 0, 14, 2, 10, 10, 10, 10, 0, 10, 0, 10, 0, 0, 0, 0, 0, 10, 0, 10, 10, 0, 10, 10, 0, 0, 10, 10, 0, 0, 10, 10, 0, 10, 0, 10, 10, 0, 10, 0, 10, 10, 0, 10, 10, 0, 10, 10, 10, 10, 0, 0, 10, 0, 10, 10, 6, 10, 10, 0, 10, 10, 10, 0, 10, 0, 1, 10, 0, 10, 10, 10, 10, 10, 0, 0, 10, 10, 0, : 10, 10, 10, 1, 10, 10, 10, 10, 10, 10, 10, 10, 10, 4, 10, 10, 10, 10, 10, 10, 14, 2, 10, 10, 10, 10, 10, 10, 10, 10, 10, 10, 10, 10, 10, 10, 10, 10, 10, 10, 10, 10, 10, 10, 10, 10, 10, 10, 10, 10, 10, 10, 6, 10, 10, 10, 10, 10, 10, 1, 10, 10, 10, 10, 10, 10, 10, 10, 
195: 10, 10, 10, 0, 10, 0, 10, 1, 10, 0, 10, 10, 0, 10, 0, 0, 10, 10, 10, 0, 10, 10, 0, 0, 10, 0, 0, 0, 10, 10, 10, 10, 10, 0, 0, 0, 1, 10, 10, 10, 10, 0, 10, 10, 0, 10, 0, 10, 0, 10, 10, 10, 10, 10, 10, 0, 0, 10, 0, 10, 0, 0, 10, 0, 10, 0, 10, 0, 0, 0, 10, 10, 0, 0, 0, 0, 10, 0, 10, 10, 10, 0, 10, 10, 0, 10, 10, 10, 0, 10, 0, 10, 0, 0, 0, 10, 10, 10, 10, 10, 10, 10, 0, 0, 0, 10, 0, 10, 0, 10, 0, 10, 10, 0, 0, 10, 0, 0, 0, 0, : 10, 10, 10, 10, 10, 1, 10, 10, 10, 10, 10, 10, 10, 10, 10, 10, 10, 10, 10, 10, 10, 1, 10, 10, 10, 10, 10, 10, 10, 10, 10, 10, 10, 10, 10, 10, 10, 10, 10, 10, 10, 10, 10, 10, 10, 10, 10, 10, 10, 10, 10, 10, 10, 10, 10, 10, 10, 10, 10, 10, 10, 10, 10, 10, 10, 10, 10, 
705: 10, 0, 10, 10, 1, 0, 0, 1, 10, 10, 0, 10, 10, 0, 0, 10, 10, 10, 0, 10, 0, 10, 10, 0, 0, 10, 10, 0, 10, 10, 0, 10, 10, 0, 10, 10, 10, 0, 10, 1, 0, 10, 10, 10, 10, 0, 0, 0, 10, 0, 0, 10, 0, 0, 0, 0, 10, 0, 0, 0, 10, 10, 0, 0, 10, 10, 10, 10, 0, 10, 0, 10, 0, 10, 10, 10, 0, 0, 0, 10, 0, 0, 10, 0, 0, 0, 0, 10, 0, 10, 0, 0, 0, 0, 2, 0, 1, 10, 0, 0, 1, 10, 10, 10, 0, 0, 10, 0, 0, 0, 10, 0, 10, 0, 0, 0, 10, 0, 0, 0, : 10, 10, 10, 1, 1, 10, 10, 10, 10, 10, 10, 10, 10, 10, 10, 10, 10, 10, 10, 10, 10, 10, 10, 10, 10, 1, 10, 10, 10, 10, 10, 10, 10, 10, 10, 10, 10, 10, 10, 10, 10, 10, 10, 10, 10, 10, 10, 10, 2, 1, 10, 1, 10, 10, 10, 10, 10, 10, 10, 
533: 10, 0, 10, 10, 10, 0, 10, 0, 10, 0, 0, 10, 0, 10, 0, 10, 10, 0, 0, 0, 10, 10, 0, 10, 0, 10, 0, 0, 10, 10, 10, 0, 0, 10, 0, 10, 0, 10, 10, 0, 0, 10, 10, 10, 0, 0, 10, 0, 0, 0, 0, 10, 0, 10, 10, 0, 10, 10, 0, 0, 10, 10, 10, 0, 0, 0, 0, 3, 10, 10, 0, 10, 0, 10, 0, 1, 10, 10, 10, 10, 10, 10, 0, 0, 0, 10, 0, 10, 10, 0, 10, 10, 10, 1, 10, 0, 10, 10, 0, 10, 10, 10, 10, 10, 0, 10, 0, 10, 0, 10, 5, 10, 10, 0, 10, 10, 8, 0, 10, 10, : 10, 10, 10, 10, 10, 10, 10, 10, 10, 10, 10, 10, 10, 10, 10, 10, 10, 10, 10, 10, 10, 10, 10, 10, 10, 10, 10, 10, 10, 10, 10, 10, 10, 3, 10, 10, 10, 10, 1, 10, 10, 10, 10, 10, 10, 10, 10, 10, 10, 10, 10, 1, 10, 10, 10, 10, 10, 10, 10, 10, 10, 10, 10, 5, 10, 10, 10, 10, 8, 10, 10, 
658: 10, 2, 10, 10, 0, 10, 10, 10, 0, 10, 1, 10, 0, 0, 0, 0, 10, 0, 10, 10, 0, 0, 10, 10, 10, 10, 0, 0, 0, 0, 2, 0, 10, 10, 10, 10, 10, 10, 10, 0, 0, 10, 10, 10, 10, 10, 0, 10, 10, 0, 10, 10, 10, 0, 0, 10, 10, 0, 10, 0, 0, 10, 0, 0, 0, 0, 0, 10, 0, 0, 0, 0, 0, 0, 0, 0, 0, 10, 10, 0, 10, 10, 0, 10, 10, 0, 0, 10, 10, 10, 10, 10, 10, 10, 0, 0, 10, 0, 0, 0, 10, 0, 10, 0, 10, 0, 10, 10, 10, 1, 0, 10, 0, 10, 10, 0, 10, 0, 10, 10, : 10, 2, 10, 10, 10, 10, 10, 10, 1, 10, 10, 10, 10, 10, 10, 10, 10, 2, 10, 10, 10, 10, 10, 10, 10, 10, 10, 10, 10, 10, 10, 10, 10, 10, 10, 10, 10, 10, 10, 10, 10, 10, 10, 10, 10, 10, 10, 10, 10, 10, 10, 10, 10, 10, 10, 10, 10, 10, 10, 10, 1, 10, 10, 10, 10, 10, 10, 
742: 0, 0, 0, 0, 10, 10, 17, 0, 0, 10, 10, 0, 10, 0, 0, 0, 0, 10, 10, 10, 0, 0, 0, 0, 10, 10, 10, 5, 0, 10, 0, 10, 6, 10, 0, 0, 10, 0, 0, 10, 0, 10, 10, 10, 10, 10, 0, 0, 10, 0, 0, 0, 10, 10, 0, 10, 10, 10, 10, 0, 10, 10, 10, 0, 1, 0, 10, 0, 0, 4, 0, 10, 0, 10, 10, 10, 0, 0, 10, 0, 0, 0, 0, 0, 0, 0, 10, 10, 10, 0, 0, 10, 10, 10, 0, 10, 0, 10, 10, 1, 0, 10, 0, 10, 0, 0, 10, 5, 10, 10, 10, 10, 10, 0, 0, 10, 10, 0, 10, 3, : 10, 10, 17, 10, 10, 10, 10, 10, 10, 10, 10, 10, 5, 10, 10, 6, 10, 10, 10, 10, 10, 10, 10, 10, 10, 10, 10, 10, 10, 10, 10, 10, 10, 10, 1, 10, 4, 10, 10, 10, 10, 10, 10, 10, 10, 10, 10, 10, 10, 10, 10, 1, 10, 10, 10, 5, 10, 10, 10, 10, 10, 10, 10, 10, 3, 
515: 0, 0, 10, 10, 0, 0, 0, 0, 0, 10, 0, 0, 0, 10, 10, 10, 0, 10, 10, 0, 0, 10, 0, 0, 0, 10, 10, 0, 10, 10, 10, 10, 0, 10, 10, 10, 0, 10, 10, 10, 0, 0, 10, 0, 10, 10, 0, 10, 0, 10, 10, 10, 0, 10, 0, 0, 10, 10, 8, 0, 10, 0, 0, 0, 10, 10, 10, 10, 10, 0, 10, 10, 10, 10, 0, 0, 10, 0, 0, 6, 10, 10, 0, 10, 10, 10, 19, 0, 0, 10, 0, 10, 10, 0, 10, 0, 10, 0, 10, 0, 0, 0, 10, 0, 16, 10, 10, 0, 10, 10, 10, 0, 0, 0, 0, 10, 10, 0, 0, 10, : 10, 10, 10, 10, 10, 10, 10, 10, 10, 10, 10, 10, 10, 10, 10, 10, 10, 10, 10, 10, 10, 10, 10, 10, 10, 10, 10, 10, 10, 10, 10, 8, 10, 10, 10, 10, 10, 10, 10, 10, 10, 10, 10, 6, 10, 10, 10, 10, 10, 19, 10, 10, 10, 10, 10, 10, 10, 16, 10, 10, 10, 10, 10, 10, 10, 10, 
582: 0, 10, 10, 0, 16, 0, 10, 10, 0, 10, 10, 0, 10, 10, 10, 16, 10, 10, 10, 10, 0, 0, 10, 10, 0, 10, 10, 0, 0, 2, 10, 0, 10, 10, 0, 10, 10, 10, 0, 0, 10, 10, 10, 10, 10, 10, 0, 10, 0, 0, 10, 0, 10, 10, 10, 0, 10, 10, 10, 0, 10, 10, 0, 10, 0, 0, 10, 0, 10, 10, 0, 0, 10, 10, 0, 10, 0, 10, 0, 0, 0, 0, 10, 0, 10, 0, 10, 10, 0, 10, 10, 0, 10, 0, 0, 10, 0, 10, 0, 10, 1, 0, 0, 0, 0, 0, 0, 0, 0, 10, 0, 10, 0, 0, 10, 0, 10, 0, 0, 0, : 10, 10, 16, 10, 10, 10, 10, 10, 10, 10, 16, 10, 10, 10, 10, 10, 10, 10, 10, 2, 10, 10, 10, 10, 10, 10, 10, 10, 10, 10, 10, 10, 10, 10, 10, 10, 10, 10, 10, 10, 10, 10, 10, 10, 10, 10, 10, 10, 10, 10, 10, 10, 10, 10, 10, 10, 10, 10, 10, 10, 1, 10, 10, 10, 10, 
254: 0, 0, 1, 0, 0, 0, 0, 10, 10, 0, 10, 0, 10, 0, 0, 0, 0, 10, 0, 10, 10, 10, 10, 0, 10, 0, 10, 0, 1, 10, 11, 10, 10, 0, 10, 10, 0, 10, 10, 10, 10, 0, 0, 0, 10, 0, 0, 0, 0, 10, 10, 10, 0, 1, 10, 10, 10, 10, 0, 0, 10, 10, 10, 10, 0, 10, 10, 10, 10, 0, 0, 0, 10, 10, 10, 10, 0, 0, 0, 10, 10, 10, 10, 10, 10, 10, 6, 10, 0, 10, 10, 0, 0, 10, 0, 10, 0, 0, 0, 0, 0, 0, 10, 1, 0, 10, 0, 10, 10, 0, 5, 0, 0, 0, 0, 10, 10, 0, 10, 10, : 1, 10, 10, 10, 10, 10, 10, 10, 10, 10, 10, 10, 1, 10, 11, 10, 10, 10, 10, 10, 10, 10, 10, 10, 10, 10, 10, 1, 10, 10, 10, 10, 10, 10, 10, 10, 10, 10, 10, 10, 10, 10, 10, 10, 10, 10, 10, 10, 10, 10, 10, 6, 10, 10, 10, 10, 10, 10, 1, 10, 10, 10, 5, 10, 10, 10, 10, 
728: 0, 0, 10, 0, 0, 0, 0, 0, 0, 10, 0, 0, 7, 0, 10, 0, 10, 10, 0, 17, 0, 10, 0, 10, 0, 10, 0, 10, 2, 10, 0, 10, 0, 0, 10, 10, 0, 10, 10, 0, 10, 0, 10, 0, 0, 0, 0, 2, 10, 0, 0, 10, 10, 0, 0, 0, 10, 10, 0, 10, 0, 2, 0, 10, 0, 10, 10, 1, 10, 0, 4, 5, 10, 10, 10, 10, 10, 10, 10, 0, 10, 10, 10, 0, 10, 10, 10, 0, 0, 0, 0, 10, 10, 10, 0, 10, 10, 10, 10, 0, 10, 10, 0, 0, 10, 0, 10, 10, 0, 0, 0, 0, 0, 0, 10, 0, 0, 10, 0, 0, : 10, 10, 7, 10, 10, 10, 17, 10, 10, 10, 10, 2, 10, 10, 10, 10, 10, 10, 10, 10, 2, 10, 10, 10, 10, 10, 10, 2, 10, 10, 10, 1, 10, 4, 5, 10, 10, 10, 10, 10, 10, 10, 10, 10, 10, 10, 10, 10, 10, 10, 10, 10, 10, 10, 10, 10, 10, 10, 10, 10, 10, 10, 
403: 10, 0, 0, 0, 10, 0, 0, 0, 10, 10, 0, 0, 10, 0, 0, 10, 10, 0, 0, 10, 0, 0, 0, 0, 5, 10, 0, 10, 2, 10, 10, 0, 0, 0, 4, 0, 10, 0, 0, 0, 10, 10, 0, 10, 10, 0, 10, 10, 7, 10, 8, 12, 0, 0, 10, 0, 0, 0, 0, 10, 0, 0, 10, 10, 0, 0, 10, 10, 10, 10, 10, 10, 10, 0, 0, 10, 0, 10, 0, 10, 0, 0, 10, 0, 10, 0, 0, 10, 2, 0, 0, 0, 10, 0, 10, 0, 0, 0, 10, 10, 0, 0, 10, 10, 0, 0, 10, 10, 10, 10, 0, 0, 0, 4, 10, 10, 0, 10, 10, 10, : 10, 10, 10, 10, 10, 10, 10, 10, 5, 10, 10, 2, 10, 10, 4, 10, 10, 10, 10, 10, 10, 10, 7, 10, 8, 12, 10, 10, 10, 10, 10, 10, 10, 10, 10, 10, 10, 10, 10, 10, 10, 10, 10, 2, 10, 10, 10, 10, 10, 10, 10, 10, 10, 10, 4, 10, 10, 10, 10, 10, 
153: 0, 10, 0, 0, 10, 10, 10, 0, 1, 10, 10, 0, 10, 0, 10, 10, 0, 10, 10, 10, 0, 0, 0, 0, 0, 0, 0, 0, 0, 0, 10, 10, 0, 0, 11, 10, 10, 0, 0, 1, 0, 0, 0, 0, 10, 0, 10, 0, 10, 10, 0, 2, 10, 10, 0, 0, 0, 10, 0, 10, 0, 10, 10, 0, 0, 10, 0, 10, 0, 0, 0, 10, 10, 10, 0, 0, 0, 10, 10, 10, 10, 0, 20, 10, 0, 0, 10, 10, 0, 10, 10, 10, 0, 0, 0, 0, 0, 10, 10, 0, 10, 10, 10, 0, 0, 10, 10, 10, 0, 0, 0, 0, 1, 0, 10, 10, 10, 10, 10, 10, : 10, 10, 10, 10, 1, 10, 10, 10, 10, 10, 10, 10, 10, 10, 10, 11, 10, 10, 1, 10, 10, 10, 10, 2, 10, 10, 10, 10, 10, 10, 10, 10, 10, 10, 10, 10, 10, 10, 10, 20, 10, 10, 10, 10, 10, 10, 10, 10, 10, 10, 10, 10, 10, 10, 1, 10, 10, 10, 10, 10, 10, 
304: 0, 0, 3, 10, 10, 10, 10, 0, 10, 0, 0, 10, 10, 10, 0, 10, 10, 0, 0, 10, 10, 1, 10, 0, 10, 0, 10, 0, 8, 10, 10, 10, 10, 10, 0, 0, 0, 0, 0, 10, 10, 0, 2, 0, 10, 0, 10, 2, 0, 10, 10, 10, 10, 10, 0, 10, 0, 10, 10, 0, 10, 10, 10, 0, 0, 0, 1, 10, 0, 0, 0, 0, 0, 0, 10, 10, 10, 10, 10, 0, 0, 10, 10, 0, 10, 0, 0, 10, 10, 10, 10, 0, 10, 10, 0, 10, 0, 10, 10, 0, 0, 10, 0, 1, 10, 0, 10, 0, 0, 10, 10, 0, 3, 10, 0, 10, 10, 10, 1, 0, : 3, 10, 10, 10, 10, 10, 10, 10, 10, 10, 10, 10, 10, 1, 10, 10, 10, 8, 10, 10, 10, 10, 10, 10, 10, 2, 10, 10, 2, 10, 10, 10, 10, 10, 10, 10, 10, 10, 10, 10, 1, 10, 10, 10, 10, 10, 10, 10, 10, 10, 10, 10, 10, 10, 10, 10, 10, 10, 10, 10, 1, 10, 10, 10, 10, 3, 10, 10, 10, 10, 1, 
133: 0, 0, 10, 0, 0, 10, 1, 10, 10, 0, 0, 10, 10, 0, 0, 10, 10, 0, 0, 0, 10, 0, 2, 0, 0, 10, 10, 10, 0, 10, 10, 0, 0, 2, 10, 10, 10, 10, 10, 11, 10, 0, 10, 0, 10, 10, 10, 0, 0, 10, 0, 10, 0, 0, 10, 0, 10, 10, 10, 10, 0, 10, 0, 10, 0, 10, 10, 10, 0, 10, 10, 10, 2, 0, 0, 10, 10, 0, 10, 0, 0, 14, 0, 0, 10, 10, 0, 0, 10, 0, 0, 0, 10, 10, 10, 0, 0, 0, 0, 10, 0, 0, 10, 10, 10, 0, 0, 10, 0, 0, 0, 10, 10, 0, 0, 0, 0, 0, 10, 0, : 10, 10, 1, 10, 10, 10, 10, 10, 10, 10, 2, 10, 10, 10, 10, 10, 2, 10, 10, 10, 10, 10, 11, 10, 10, 10, 10, 10, 10, 10, 10, 10, 10, 10, 10, 10, 10, 10, 10, 10, 10, 10, 10, 2, 10, 10, 10, 14, 10, 10, 10, 10, 10, 10, 10, 10, 10, 10, 10, 10, 10, 10, 
377: 10, 10, 10, 0, 10, 0, 0, 10, 0, 10, 0, 10, 10, 10, 10, 10, 10, 0, 10, 0, 10, 0, 0, 10, 10, 2, 0, 0, 0, 0, 10, 10, 10, 10, 0, 0, 10, 10, 0, 10, 0, 0, 0, 10, 10, 10, 0, 0, 0, 10, 0, 10, 0, 0, 10, 10, 0, 10, 0, 0, 0, 11, 10, 10, 0, 10, 0, 10, 0, 0, 0, 0, 0, 0, 0, 0, 0, 0, 10, 10, 10, 0, 0, 10, 0, 10, 0, 10, 0, 10, 10, 10, 0, 10, 0, 0, 0, 0, 0, 10, 0, 10, 0, 0, 10, 10, 1, 5, 0, 0, 0, 10, 10, 10, 0, 0, 10, 10, 10, 10, : 10, 10, 10, 10, 10, 10, 10, 10, 10, 10, 10, 10, 10, 10, 10, 10, 2, 10, 10, 10, 10, 10, 10, 10, 10, 10, 10, 10, 10, 10, 10, 10, 11, 10, 10, 10, 10, 10, 10, 10, 10, 10, 10, 10, 10, 10, 10, 10, 10, 10, 10, 1, 5, 10, 10, 10, 10, 10, 10, 10, 
496: 0, 10, 10, 0, 10, 0, 10, 10, 10, 0, 10, 0, 0, 0, 10, 10, 10, 10, 0, 10, 0, 0, 0, 10, 10, 0, 10, 0, 0, 10, 10, 0, 10, 0, 0, 10, 0, 10, 0, 0, 10, 13, 10, 0, 0, 0, 0, 0, 10, 0, 10, 10, 0, 10, 10, 10, 0, 0, 0, 0, 0, 0, 10, 0, 0, 0, 0, 10, 0, 10, 10, 10, 0, 0, 10, 2, 10, 10, 10, 0, 10, 10, 0, 0, 10, 0, 0, 0, 0, 10, 10, 10, 0, 0, 10, 10, 2, 0, 10, 10, 10, 10, 10, 10, 0, 0, 10, 10, 7, 10, 10, 0, 0, 10, 10, 10, 10, 10, 10, 0, : 10, 10, 10, 10, 10, 10, 10, 10, 10, 10, 10, 10, 10, 10, 10, 10, 10, 10, 10, 10, 10, 13, 10, 10, 10, 10, 10, 10, 10, 10, 10, 10, 10, 10, 10, 2, 10, 10, 10, 10, 10, 10, 10, 10, 10, 10, 10, 2, 10, 10, 10, 10, 10, 10, 10, 10, 7, 10, 10, 10, 10, 10, 10, 10, 10, 
620: 10, 0, 10, 10, 0, 10, 10, 10, 10, 0, 10, 10, 0, 0, 10, 10, 10, 0, 10, 10, 10, 0, 0, 0, 0, 0, 10, 10, 0, 0, 0, 10, 10, 10, 0, 0, 10, 10, 0, 10, 10, 10, 0, 10, 10, 10, 0, 10, 0, 0, 10, 0, 0, 10, 1, 0, 10, 0, 0, 10, 4, 10, 0, 0, 10, 0, 10, 0, 10, 10, 10, 10, 0, 10, 10, 10, 10, 10, 10, 0, 0, 10, 10, 10, 10, 0, 10, 1, 10, 0, 0, 10, 0, 0, 10, 0, 0, 10, 0, 6, 10, 10, 0, 10, 10, 10, 0, 10, 10, 10, 10, 10, 10, 0, 0, 0, 10, 10, 13, 10, : 10, 10, 10, 10, 10, 10, 10, 10, 10, 10, 10, 10, 10, 10, 10, 10, 10, 10, 10, 10, 10, 10, 10, 10, 10, 10, 10, 10, 10, 10, 10, 1, 10, 10, 4, 10, 10, 10, 10, 10, 10, 10, 10, 10, 10, 10, 10, 10, 10, 10, 10, 10, 10, 1, 10, 10, 10, 10, 6, 10, 10, 10, 10, 10, 10, 10, 10, 10, 10, 10, 10, 10, 13, 10, 
208: 0, 10, 0, 10, 10, 10, 10, 0, 10, 0, 10, 7, 10, 10, 10, 0, 10, 0, 10, 0, 0, 10, 10, 14, 10, 10, 0, 0, 0, 10, 10, 0, 0, 3, 0, 0, 0, 0, 0, 1, 10, 10, 0, 0, 0, 10, 0, 10, 0, 0, 0, 10, 0, 0, 0, 0, 10, 10, 0, 0, 10, 0, 0, 10, 0, 10, 0, 10, 10, 10, 10, 0, 10, 10, 0, 16, 10, 0, 10, 10, 0, 10, 10, 0, 0, 0, 0, 0, 10, 0, 10, 10, 10, 10, 10, 1, 0, 6, 10, 0, 0, 10, 0, 10, 0, 10, 0, 10, 0, 0, 10, 10, 10, 10, 10, 0, 10, 10, 0, 10, : 10, 10, 10, 10, 10, 10, 10, 7, 10, 10, 10, 10, 10, 10, 10, 14, 10, 10, 10, 10, 3, 1, 10, 10, 10, 10, 10, 10, 10, 10, 10, 10, 10, 10, 10, 10, 10, 10, 16, 10, 10, 10, 10, 10, 10, 10, 10, 10, 10, 10, 1, 6, 10, 10, 10, 10, 10, 10, 10, 10, 10, 10, 10, 10, 10, 
375: 0, 0, 0, 0, 0, 0, 0, 0, 10, 10, 10, 10, 1, 10, 0, 0, 10, 0, 0, 0, 0, 10, 10, 10, 10, 10, 10, 0, 0, 0, 0, 0, 10, 0, 10, 10, 0, 10, 0, 10, 0, 0, 0, 10, 10, 0, 10, 0, 10, 0, 0, 0, 10, 10, 0, 10, 0, 10, 10, 0, 10, 0, 0, 10, 10, 0, 10, 0, 10, 10, 0, 2, 10, 4, 0, 10, 10, 10, 0, 10, 0, 0, 0, 10, 0, 0, 0, 3, 10, 10, 10, 10, 10, 0, 10, 10, 10, 0, 10, 10, 0, 10, 0, 0, 10, 0, 7, 10, 0, 10, 10, 0, 0, 0, 10, 0, 10, 10, 0, 0, : 10, 10, 10, 10, 1, 10, 10, 10, 10, 10, 10, 10, 10, 10, 10, 10, 10, 10, 10, 10, 10, 10, 10, 10, 10, 10, 10, 10, 10, 10, 10, 10, 10, 2, 10, 4, 10, 10, 10, 10, 10, 3, 10, 10, 10, 10, 10, 10, 10, 10, 10, 10, 10, 10, 7, 10, 10, 10, 10, 10, 10, 
387: 0, 0, 0, 10, 10, 10, 10, 0, 10, 10, 0, 10, 10, 0, 10, 10, 10, 10, 10, 0, 0, 10, 10, 0, 0, 10, 10, 5, 10, 10, 10, 10, 10, 10, 10, 10, 16, 0, 0, 10, 10, 10, 1, 0, 0, 10, 20, 10, 0, 0, 10, 0, 0, 0, 0, 10, 10, 10, 10, 10, 10, 0, 10, 10, 10, 10, 10, 10, 2, 0, 10, 10, 10, 10, 0, 0, 0, 10, 0, 0, 0, 10, 10, 10, 10, 10, 10, 0, 10, 10, 0, 10, 0, 0, 0, 10, 10, 0, 10, 10, 0, 0, 0, 0, 10, 10, 0, 10, 10, 0, 0, 0, 0, 10, 10, 0, 10, 10, 10, 10, : 10, 10, 10, 10, 10, 10, 10, 10, 10, 10, 10, 10, 10, 10, 10, 10, 10, 5, 10, 10, 10, 10, 10, 10, 10, 10, 16, 10, 10, 10, 1, 10, 20, 10, 10, 10, 10, 10, 10, 10, 10, 10, 10, 10, 10, 10, 10, 2, 10, 10, 10, 10, 10, 10, 10, 10, 10, 10, 10, 10, 10, 10, 10, 10, 10, 10, 10, 10, 10, 10, 10, 10, 10, 10, 10, 10, 
346: 0, 10, 10, 0, 10, 3, 0, 0, 10, 0, 10, 0, 0, 10, 0, 0, 0, 10, 0, 0, 0, 0, 10, 10, 0, 3, 10, 10, 0, 0, 0, 0, 10, 0, 0, 10, 0, 0, 10, 0, 0, 7, 10, 10, 10, 10, 5, 10, 0, 10, 10, 0, 10, 10, 10, 0, 10, 0, 0, 0, 0, 0, 0, 10, 0, 0, 10, 0, 1, 0, 10, 0, 10, 1, 0, 0, 0, 10, 0, 6, 10, 10, 0, 0, 0, 10, 10, 10, 10, 0, 0, 0, 10, 11, 10, 10, 1, 0, 10, 10, 0, 8, 10, 10, 10, 0, 10, 0, 10, 10, 0, 0, 0, 0, 10, 10, 0, 0, 10, 10, : 10, 10, 10, 3, 10, 10, 10, 10, 10, 10, 3, 10, 10, 10, 10, 10, 7, 10, 10, 10, 10, 5, 10, 10, 10, 10, 10, 10, 10, 10, 10, 1, 10, 10, 1, 10, 6, 10, 10, 10, 10, 10, 10, 10, 11, 10, 10, 1, 10, 10, 8, 10, 10, 10, 10, 10, 10, 10, 10, 10, 10, 
29: 10, 10, 0, 10, 0, 0, 10, 10, 0, 10, 10, 10, 10, 0, 0, 0, 0, 10, 0, 10, 10, 0, 0, 10, 10, 10, 0, 0, 10, 0, 0, 10, 10, 0, 10, 0, 0, 10, 10, 10, 10, 10, 10, 0, 0, 0, 10, 0, 0, 0, 10, 0, 10, 20, 0, 10, 0, 10, 0, 0, 10, 1, 0, 0, 0, 10, 0, 0, 10, 6, 0, 10, 0, 10, 10, 10, 0, 10, 0, 0, 10, 10, 0, 0, 0, 0, 10, 10, 10, 10, 10, 10, 10, 10, 0, 10, 10, 0, 0, 10, 0, 10, 10, 0, 0, 10, 10, 0, 0, 10, 0, 2, 10, 10, 10, 0, 10, 0, 10, 10, : 10, 10, 10, 10, 10, 10, 10, 10, 10, 10, 10, 10, 10, 10, 10, 10, 10, 10, 10, 10, 10, 10, 10, 10, 10, 10, 10, 10, 20, 10, 10, 10, 1, 10, 10, 6, 10, 10, 10, 10, 10, 10, 10, 10, 10, 10, 10, 10, 10, 10, 10, 10, 10, 10, 10, 10, 10, 10, 10, 2, 10, 10, 10, 10, 10, 10, 
477: 10, 0, 0, 10, 0, 2, 0, 0, 0, 0, 0, 0, 10, 0, 8, 0, 0, 0, 0, 10, 0, 0, 10, 0, 0, 0, 0, 0, 0, 10, 10, 0, 0, 10, 0, 0, 10, 0, 0, 0, 10, 10, 0, 10, 0, 0, 0, 0, 10, 0, 0, 10, 0, 10, 10, 0, 10, 10, 0, 1, 10, 10, 10, 0, 10, 10, 0, 10, 0, 10, 10, 10, 10, 0, 0, 0, 10, 0, 0, 0, 0, 0, 0, 0, 0, 10, 10, 0, 10, 10, 10, 0, 0, 10, 10, 10, 10, 0, 0, 10, 0, 10, 0, 10, 0, 10, 0, 0, 0, 0, 10, 10, 0, 10, 0, 10, 10, 0, 10, 0, : 10, 10, 2, 10, 8, 10, 10, 10, 10, 10, 10, 10, 10, 10, 10, 10, 10, 10, 10, 10, 1, 10, 10, 10, 10, 10, 10, 10, 10, 10, 10, 10, 10, 10, 10, 10, 10, 10, 10, 10, 10, 10, 10, 10, 10, 10, 10, 10, 10, 10, 10, 
277: 0, 10, 0, 0, 0, 10, 10, 0, 10, 0, 0, 0, 0, 10, 0, 10, 0, 2, 10, 10, 10, 10, 0, 10, 10, 10, 0, 10, 10, 10, 0, 4, 0, 0, 0, 10, 10, 0, 10, 0, 0, 10, 10, 0, 0, 0, 18, 10, 0, 10, 0, 0, 10, 10, 10, 0, 10, 10, 10, 0, 0, 0, 0, 0, 10, 10, 10, 0, 10, 0, 10, 10, 0, 10, 0, 0, 0, 10, 0, 0, 10, 10, 0, 10, 10, 0, 0, 10, 0, 0, 0, 10, 10, 10, 0, 0, 10, 10, 0, 10, 10, 0, 1, 0, 10, 0, 0, 10, 0, 10, 0, 10, 0, 0, 10, 0, 0, 10, 10, 10, : 10, 10, 10, 10, 10, 10, 2, 10, 10, 10, 10, 10, 10, 10, 10, 10, 10, 4, 10, 10, 10, 10, 10, 18, 10, 10, 10, 10, 10, 10, 10, 10, 10, 10, 10, 10, 10, 10, 10, 10, 10, 10, 10, 10, 10, 10, 10, 10, 10, 10, 10, 10, 1, 10, 10, 10, 10, 10, 10, 10, 10, 
115: 0, 0, 5, 10, 0, 13, 0, 0, 0, 0, 0, 0, 10, 0, 10, 10, 10, 10, 0, 3, 0, 0, 10, 10, 0, 10, 0, 10, 2, 0, 10, 10, 0, 0, 10, 0, 0, 0, 0, 0, 0, 0, 10, 0, 10, 0, 0, 10, 6, 10, 0, 0, 10, 0, 10, 10, 0, 10, 0, 10, 10, 10, 0, 1, 10, 10, 0, 10, 0, 0, 0, 0, 0, 0, 0, 10, 10, 10, 0, 10, 10, 10, 0, 0, 10, 0, 10, 10, 0, 0, 0, 10, 10, 0, 10, 0, 0, 10, 10, 0, 10, 0, 10, 0, 0, 10, 10, 0, 0, 10, 0, 0, 0, 10, 10, 10, 10, 0, 0, 0, : 5, 10, 13, 10, 10, 10, 10, 10, 3, 10, 10, 10, 10, 2, 10, 10, 10, 10, 10, 10, 6, 10, 10, 10, 10, 10, 10, 10, 10, 1, 10, 10, 10, 10, 10, 10, 10, 10, 10, 10, 10, 10, 10, 10, 10, 10, 10, 10, 10, 10, 10, 10, 10, 10, 10, 10, 
778: 0, 10, 0, 0, 0, 0, 0, 10, 0, 0, 10, 10, 0, 10, 4, 0, 0, 10, 10, 0, 0, 10, 10, 10, 0, 10, 10, 10, 10, 10, 0, 0, 0, 10, 10, 0, 10, 0, 10, 0, 10, 10, 0, 0, 0, 10, 10, 0, 10, 0, 10, 10, 0, 0, 10, 10, 0, 0, 10, 10, 10, 10, 0, 10, 0, 10, 0, 0, 10, 0, 0, 0, 10, 0, 10, 2, 10, 0, 0, 0, 0, 0, 0, 10, 10, 0, 10, 0, 10, 10, 0, 0, 0, 10, 0, 0, 1, 0, 10, 10, 0, 0, 0, 10, 0, 0, 1, 0, 10, 0, 10, 0, 10, 10, 10, 10, 10, 0, 10, 0, : 10, 10, 10, 10, 10, 4, 10, 10, 10, 10, 10, 10, 10, 10, 10, 10, 10, 10, 10, 10, 10, 10, 10, 10, 10, 10, 10, 10, 10, 10, 10, 10, 10, 10, 10, 10, 10, 10, 2, 10, 10, 10, 10, 10, 10, 10, 1, 10, 10, 10, 1, 10, 10, 10, 10, 10, 10, 10, 10, 
243: 10, 0, 10, 10, 0, 10, 0, 10, 0, 10, 0, 0, 10, 0, 0, 10, 0, 0, 10, 0, 10, 10, 10, 10, 10, 10, 0, 10, 0, 10, 0, 0, 0, 0, 10, 10, 0, 0, 10, 0, 10, 0, 10, 10, 8, 10, 10, 0, 10, 10, 10, 0, 0, 10, 10, 10, 0, 0, 0, 10, 10, 10, 0, 10, 0, 0, 0, 0, 0, 10, 0, 0, 10, 10, 10, 10, 10, 0, 4, 10, 0, 0, 0, 0, 4, 10, 0, 10, 0, 10, 0, 10, 10, 10, 10, 10, 0, 10, 10, 0, 0, 10, 1, 10, 0, 10, 0, 10, 10, 10, 0, 0, 0, 10, 0, 10, 0, 0, 0, 10, : 10, 10, 10, 10, 10, 10, 10, 10, 10, 10, 10, 10, 10, 10, 10, 10, 10, 10, 10, 10, 10, 10, 10, 8, 10, 10, 10, 10, 10, 10, 10, 10, 10, 10, 10, 10, 10, 10, 10, 10, 10, 10, 4, 10, 4, 10, 10, 10, 10, 10, 10, 10, 10, 10, 10, 10, 1, 10, 10, 10, 10, 10, 10, 10, 10, 
704: 0, 0, 10, 0, 10, 10, 0, 10, 0, 3, 1, 0, 0, 10, 0, 10, 0, 0, 0, 0, 10, 10, 0, 1, 0, 0, 10, 1, 0, 10, 0, 0, 0, 10, 10, 10, 9, 10, 0, 10, 10, 10, 0, 0, 0, 0, 0, 0, 0, 10, 0, 0, 10, 0, 0, 0, 0, 0, 10, 0, 0, 10, 10, 10, 10, 10, 0, 0, 0, 2, 10, 0, 10, 10, 0, 10, 10, 2, 0, 10, 10, 0, 0, 10, 10, 10, 0, 10, 0, 0, 10, 10, 10, 0, 0, 10, 0, 0, 10, 10, 10, 10, 10, 10, 10, 10, 10, 0, 0, 0, 0, 0, 10, 10, 16, 10, 10, 10, 0, 10, : 10, 10, 10, 10, 3, 1, 10, 10, 10, 10, 1, 10, 1, 10, 10, 10, 10, 9, 10, 10, 10, 10, 10, 10, 10, 10, 10, 10, 10, 10, 2, 10, 10, 10, 10, 10, 2, 10, 10, 10, 10, 10, 10, 10, 10, 10, 10, 10, 10, 10, 10, 10, 10, 10, 10, 10, 10, 10, 16, 10, 10, 10, 10, 
250: 0, 10, 0, 0, 9, 10, 10, 10, 0, 10, 10, 0, 10, 5, 10, 0, 0, 0, 0, 10, 10, 0, 10, 0, 0, 10, 0, 10, 0, 0, 0, 10, 0, 10, 10, 1, 0, 10, 0, 0, 0, 10, 0, 10, 10, 0, 10, 10, 10, 0, 10, 10, 0, 8, 0, 0, 0, 0, 0, 0, 10, 10, 10, 10, 10, 10, 0, 10, 0, 10, 7, 0, 10, 10, 10, 0, 0, 0, 10, 10, 10, 10, 0, 0, 10, 10, 0, 10, 10, 10, 0, 10, 0, 0, 0, 10, 10, 10, 0, 0, 10, 0, 0, 10, 17, 0, 10, 0, 10, 0, 10, 0, 10, 10, 0, 10, 10, 10, 0, 0, : 10, 9, 10, 10, 10, 10, 10, 10, 5, 10, 10, 10, 10, 10, 10, 10, 10, 10, 1, 10, 10, 10, 10, 10, 10, 10, 10, 10, 8, 10, 10, 10, 10, 10, 10, 10, 10, 7, 10, 10, 10, 10, 10, 10, 10, 10, 10, 10, 10, 10, 10, 10, 10, 10, 10, 10, 17, 10, 10, 10, 10, 10, 10, 10, 10, 
419: 10, 0, 0, 0, 1, 10, 0, 10, 10, 0, 10, 10, 10, 10, 0, 2, 0, 10, 0, 10, 10, 0, 0, 0, 10, 0, 0, 0, 10, 0, 0, 10, 10, 10, 10, 0, 1, 10, 14, 0, 0, 10, 0, 0, 10, 10, 0, 0, 0, 2, 10, 10, 10, 10, 10, 10, 0, 0, 0, 10, 0, 10, 10, 10, 0, 0, 10, 10, 0, 0, 0, 0, 10, 10, 0, 0, 0, 0, 0, 10, 10, 10, 0, 10, 0, 10, 0, 0, 10, 0, 10, 0, 0, 0, 10, 10, 10, 10, 10, 10, 5, 10, 10, 0, 0, 10, 0, 0, 10, 0, 10, 10, 10, 0, 10, 10, 0, 10, 10, 0, : 10, 1, 10, 10, 10, 10, 10, 10, 10, 2, 10, 10, 10, 10, 10, 10, 10, 10, 10, 1, 10, 14, 10, 10, 10, 2, 10, 10, 10, 10, 10, 10, 10, 10, 10, 10, 10, 10, 10, 10, 10, 10, 10, 10, 10, 10, 10, 10, 10, 10, 10, 10, 10, 5, 10, 10, 10, 10, 10, 10, 10, 10, 10, 10, 10, 
747: 10, 3, 10, 0, 0, 0, 10, 10, 0, 10, 0, 10, 0, 10, 10, 10, 10, 0, 10, 0, 10, 10, 10, 0, 0, 0, 10, 10, 10, 0, 10, 0, 10, 10, 0, 1, 2, 10, 0, 0, 0, 0, 10, 0, 0, 10, 0, 10, 10, 10, 0, 0, 0, 0, 10, 0, 0, 0, 0, 0, 0, 10, 0, 0, 10, 0, 0, 0, 10, 10, 10, 10, 10, 0, 10, 10, 10, 10, 10, 10, 10, 0, 0, 0, 0, 10, 0, 10, 10, 0, 0, 10, 10, 1, 0, 10, 10, 10, 10, 10, 0, 10, 10, 10, 10, 0, 0, 0, 10, 0, 10, 0, 10, 0, 10, 0, 10, 0, 10, 0, : 10, 3, 10, 10, 10, 10, 10, 10, 10, 10, 10, 10, 10, 10, 10, 10, 10, 10, 10, 10, 10, 1, 2, 10, 10, 10, 10, 10, 10, 10, 10, 10, 10, 10, 10, 10, 10, 10, 10, 10, 10, 10, 10, 10, 10, 10, 10, 10, 10, 1, 10, 10, 10, 10, 10, 10, 10, 10, 10, 10, 10, 10, 10, 10, 10, 
553: 0, 10, 10, 0, 0, 10, 10, 10, 10, 0, 0, 10, 0, 10, 10, 10, 0, 0, 10, 6, 0, 10, 10, 0, 10, 10, 10, 10, 0, 0, 10, 10, 0, 10, 0, 0, 0, 0, 10, 10, 0, 0, 0, 10, 0, 10, 10, 10, 0, 0, 0, 10, 10, 0, 0, 0, 0, 2, 10, 10, 0, 10, 10, 0, 10, 10, 10, 0, 7, 0, 0, 10, 10, 0, 10, 0, 10, 4, 10, 10, 10, 0, 0, 0, 10, 0, 0, 0, 0, 0, 0, 10, 0, 10, 10, 10, 0, 10, 10, 0, 10, 0, 10, 0, 0, 10, 0, 0, 10, 0, 0, 0, 0, 0, 0, 10, 5, 10, 0, 10, : 10, 10, 10, 10, 10, 10, 10, 10, 10, 10, 10, 6, 10, 10, 10, 10, 10, 10, 10, 10, 10, 10, 10, 10, 10, 10, 10, 10, 10, 2, 10, 10, 10, 10, 10, 10, 10, 7, 10, 10, 10, 10, 4, 10, 10, 10, 10, 10, 10, 10, 10, 10, 10, 10, 10, 10, 10, 10, 5, 10, 10, 
525: 0, 10, 10, 0, 0, 16, 10, 10, 0, 0, 10, 0, 10, 10, 0, 10, 10, 0, 0, 0, 0, 0, 10, 10, 0, 0, 10, 10, 0, 0, 10, 10, 10, 0, 10, 0, 0, 0, 10, 10, 0, 10, 0, 0, 10, 0, 10, 0, 10, 10, 0, 0, 0, 0, 0, 10, 10, 0, 10, 0, 10, 0, 0, 10, 10, 0, 0, 10, 0, 10, 10, 10, 0, 0, 0, 10, 10, 10, 10, 10, 10, 0, 0, 10, 10, 0, 10, 10, 10, 0, 0, 0, 0, 0, 10, 0, 10, 0, 10, 10, 10, 0, 0, 10, 0, 0, 10, 0, 10, 10, 0, 10, 10, 10, 10, 10, 10, 10, 0, 0, : 10, 10, 16, 10, 10, 10, 10, 10, 10, 10, 10, 10, 10, 10, 10, 10, 10, 10, 10, 10, 10, 10, 10, 10, 10, 10, 10, 10, 10, 10, 10, 10, 10, 10, 10, 10, 10, 10, 10, 10, 10, 10, 10, 10, 10, 10, 10, 10, 10, 10, 10, 10, 10, 10, 10, 10, 10, 10, 10, 10, 10, 10, 
303: 10, 0, 0, 10, 10, 0, 10, 0, 10, 10, 0, 10, 0, 10, 10, 10, 0, 10, 0, 10, 10, 10, 0, 0, 0, 0, 1, 10, 0, 0, 0, 10, 0, 10, 10, 0, 10, 0, 0, 0, 0, 0, 0, 0, 10, 10, 1, 0, 10, 10, 10, 0, 0, 10, 0, 0, 10, 10, 10, 10, 0, 10, 4, 10, 10, 10, 10, 0, 0, 0, 0, 0, 0, 10, 10, 0, 0, 0, 10, 10, 0, 0, 1, 0, 0, 10, 0, 10, 10, 10, 10, 0, 0, 0, 10, 0, 10, 10, 0, 0, 0, 10, 0, 0, 10, 10, 10, 0, 0, 10, 10, 1, 0, 10, 7, 10, 0, 10, 10, 0, : 10, 10, 10, 10, 10, 10, 10, 10, 10, 10, 10, 10, 10, 10, 1, 10, 10, 10, 10, 10, 10, 10, 1, 10, 10, 10, 10, 10, 10, 10, 10, 10, 4, 10, 10, 10, 10, 10, 10, 10, 10, 1, 10, 10, 10, 10, 10, 10, 10, 10, 10, 10, 10, 10, 10, 10, 1, 10, 7, 10, 10, 10, 
69: 0, 10, 10, 0, 0, 0, 10, 0, 0, 10, 0, 0, 0, 0, 0, 0, 0, 10, 10, 0, 0, 10, 10, 0, 0, 10, 10, 10, 0, 0, 10, 0, 2, 10, 10, 10, 0, 10, 10, 0, 0, 0, 10, 0, 10, 0, 0, 10, 0, 0, 10, 10, 0, 10, 10, 2, 10, 10, 0, 0, 10, 0, 10, 0, 2, 0, 0, 10, 0, 3, 0, 10, 10, 10, 0, 0, 10, 0, 10, 0, 10, 10, 10, 10, 0, 10, 0, 0, 0, 10, 10, 0, 0, 0, 10, 10, 0, 0, 10, 10, 0, 0, 0, 0, 10, 0, 1, 10, 10, 10, 10, 0, 0, 10, 10, 0, 0, 0, 10, 0, : 10, 10, 10, 10, 10, 10, 10, 10, 10, 10, 10, 10, 2, 10, 10, 10, 10, 10, 10, 10, 10, 10, 10, 10, 10, 2, 10, 10, 10, 10, 2, 10, 3, 10, 10, 10, 10, 10, 10, 10, 10, 10, 10, 10, 10, 10, 10, 10, 10, 10, 1, 10, 10, 10, 10, 10, 10, 10, 
54: 10, 0, 10, 0, 10, 0, 18, 10, 10, 10, 10, 10, 10, 0, 0, 10, 10, 0, 0, 10, 0, 10, 10, 0, 0, 10, 0, 10, 0, 10, 0, 10, 0, 10, 0, 0, 0, 10, 0, 0, 0, 0, 10, 10, 10, 0, 10, 10, 0, 10, 10, 0, 0, 0, 10, 10, 0, 4, 10, 0, 10, 0, 10, 10, 0, 0, 10, 10, 10, 10, 10, 10, 0, 0, 10, 0, 0, 0, 10, 0, 10, 0, 10, 10, 11, 10, 0, 0, 10, 10, 10, 0, 10, 0, 0, 10, 0, 0, 0, 0, 10, 10, 0, 10, 10, 10, 0, 0, 10, 10, 1, 0, 3, 10, 0, 0, 0, 10, 0, 0, : 10, 10, 10, 18, 10, 10, 10, 10, 10, 10, 10, 10, 10, 10, 10, 10, 10, 10, 10, 10, 10, 10, 10, 10, 10, 10, 10, 10, 10, 10, 4, 10, 10, 10, 10, 10, 10, 10, 10, 10, 10, 10, 10, 10, 10, 10, 11, 10, 10, 10, 10, 10, 10, 10, 10, 10, 10, 10, 10, 10, 1, 3, 10, 10, 
709: 7, 0, 10, 0, 10, 10, 1, 0, 10, 0, 0, 10, 0, 0, 0, 0, 0, 6, 10, 10, 0, 10, 10, 0, 0, 0, 10, 0, 10, 2, 10, 10, 10, 10, 10, 0, 10, 10, 10, 12, 0, 10, 10, 10, 0, 0, 9, 10, 0, 10, 0, 0, 0, 0, 0, 0, 0, 10, 10, 0, 0, 10, 10, 10, 0, 0, 10, 0, 0, 0, 0, 0, 0, 0, 10, 10, 10, 0, 10, 0, 10, 10, 10, 10, 0, 0, 10, 0, 0, 10, 0, 10, 0, 10, 10, 0, 0, 10, 0, 10, 0, 10, 0, 10, 10, 0, 0, 10, 10, 0, 10, 0, 10, 0, 0, 10, 0, 0, 10, 0, : 7, 10, 10, 10, 1, 10, 10, 6, 10, 10, 10, 10, 10, 10, 2, 10, 10, 10, 10, 10, 10, 10, 10, 12, 10, 10, 10, 9, 10, 10, 10, 10, 10, 10, 10, 10, 10, 10, 10, 10, 10, 10, 10, 10, 10, 10, 10, 10, 10, 10, 10, 10, 10, 10, 10, 10, 10, 10, 10, 10, 
427: 10, 10, 0, 10, 10, 10, 0, 0, 0, 10, 10, 10, 0, 0, 10, 0, 10, 10, 0, 10, 10, 0, 10, 10, 10, 10, 10, 0, 10, 0, 10, 10, 0, 1, 0, 10, 0, 0, 0, 0, 0, 10, 0, 5, 10, 10, 0, 0, 0, 0, 10, 10, 0, 0, 10, 5, 0, 10, 10, 10, 0, 10, 10, 0, 10, 10, 10, 10, 10, 0, 0, 0, 0, 10, 10, 0, 0, 0, 10, 0, 0, 0, 10, 10, 0, 10, 10, 10, 10, 0, 10, 10, 10, 0, 10, 0, 10, 0, 0, 0, 10, 10, 0, 10, 0, 0, 10, 0, 0, 10, 0, 10, 0, 0, 10, 10, 10, 10, 0, 1, : 10, 10, 10, 10, 10, 10, 10, 10, 10, 10, 10, 10, 10, 10, 10, 10, 10, 10, 10, 10, 10, 1, 10, 10, 5, 10, 10, 10, 10, 10, 5, 10, 10, 10, 10, 10, 10, 10, 10, 10, 10, 10, 10, 10, 10, 10, 10, 10, 10, 10, 10, 10, 10, 10, 10, 10, 10, 10, 10, 10, 10, 10, 10, 10, 10, 1, 
328: 0, 10, 0, 10, 0, 10, 10, 10, 10, 0, 0, 0, 10, 10, 0, 0, 0, 0, 10, 10, 10, 0, 10, 0, 10, 0, 10, 10, 10, 10, 0, 10, 10, 0, 10, 10, 0, 3, 0, 0, 10, 0, 10, 10, 10, 10, 1, 10, 10, 10, 0, 0, 0, 10, 15, 10, 10, 10, 0, 0, 0, 0, 10, 0, 0, 10, 10, 10, 10, 0, 10, 10, 0, 10, 0, 0, 10, 0, 0, 10, 0, 0, 10, 10, 10, 10, 0, 10, 0, 3, 10, 10, 1, 0, 0, 10, 10, 0, 0, 0, 8, 10, 0, 10, 1, 10, 10, 0, 10, 0, 13, 0, 10, 1, 0, 10, 0, 11, 10, 10, : 10, 10, 10, 10, 10, 10, 10, 10, 10, 10, 10, 10, 10, 10, 10, 10, 10, 10, 10, 10, 10, 3, 10, 10, 10, 10, 10, 1, 10, 10, 10, 10, 15, 10, 10, 10, 10, 10, 10, 10, 10, 10, 10, 10, 10, 10, 10, 10, 10, 10, 10, 3, 10, 10, 1, 10, 10, 8, 10, 10, 1, 10, 10, 10, 13, 10, 1, 10, 11, 10, 10, 
242: 0, 0, 1, 10, 10, 0, 10, 0, 10, 16, 0, 0, 10, 10, 0, 10, 10, 10, 0, 0, 0, 10, 10, 10, 0, 10, 0, 0, 10, 10, 0, 0, 0, 0, 10, 0, 10, 0, 0, 0, 10, 10, 0, 0, 10, 5, 10, 0, 1, 10, 0, 1, 17, 0, 10, 0, 10, 10, 10, 10, 10, 0, 1, 0, 10, 10, 0, 10, 10, 0, 0, 10, 10, 10, 10, 0, 0, 0, 0, 1, 10, 3, 0, 0, 10, 0, 7, 0, 10, 0, 0, 0, 0, 0, 10, 0, 10, 0, 0, 0, 10, 10, 0, 0, 0, 10, 0, 0, 10, 10, 10, 0, 10, 10, 10, 0, 0, 10, 0, 10, : 1, 10, 10, 10, 10, 16, 10, 10, 10, 10, 10, 10, 10, 10, 10, 10, 10, 10, 10, 10, 10, 10, 5, 10, 1, 10, 1, 17, 10, 10, 10, 10, 10, 10, 1, 10, 10, 10, 10, 10, 10, 10, 10, 1, 10, 3, 10, 7, 10, 10, 10, 10, 10, 10, 10, 10, 10, 10, 10, 10, 10, 10, 
450: 0, 10, 0, 19, 3, 1, 0, 10, 10, 0, 17, 10, 0, 10, 0, 0, 10, 10, 10, 0, 10, 4, 10, 0, 0, 0, 0, 0, 0, 0, 10, 10, 0, 0, 10, 1, 0, 10, 0, 10, 0, 0, 10, 0, 0, 0, 10, 0, 0, 10, 0, 10, 0, 10, 0, 10, 10, 10, 10, 0, 0, 1, 10, 10, 10, 10, 0, 0, 0, 10, 0, 10, 0, 10, 10, 10, 10, 10, 0, 0, 0, 1, 10, 10, 10, 0, 0, 0, 10, 0, 10, 0, 0, 0, 10, 0, 10, 10, 0, 10, 0, 0, 0, 10, 0, 10, 10, 0, 10, 10, 10, 10, 10, 10, 0, 10, 0, 10, 0, 0, : 10, 19, 3, 1, 10, 10, 17, 10, 10, 10, 10, 10, 10, 4, 10, 10, 10, 10, 1, 10, 10, 10, 10, 10, 10, 10, 10, 10, 10, 10, 1, 10, 10, 10, 10, 10, 10, 10, 10, 10, 10, 10, 1, 10, 10, 10, 10, 10, 10, 10, 10, 10, 10, 10, 10, 10, 10, 10, 10, 10, 10, 10, 10, 
476: 10, 10, 0, 0, 0, 0, 4, 10, 0, 0, 10, 0, 0, 0, 2, 0, 10, 10, 10, 0, 10, 0, 10, 10, 0, 0, 0, 10, 10, 10, 10, 10, 10, 0, 10, 10, 0, 0, 10, 0, 0, 10, 0, 10, 10, 0, 10, 0, 10, 10, 0, 0, 0, 0, 7, 10, 0, 10, 0, 4, 0, 10, 10, 0, 10, 0, 10, 0, 0, 0, 10, 0, 10, 0, 10, 10, 14, 10, 0, 0, 0, 0, 0, 10, 0, 7, 0, 10, 0, 0, 10, 10, 0, 2, 0, 10, 0, 0, 0, 0, 0, 4, 10, 0, 3, 0, 0, 10, 0, 0, 10, 6, 11, 0, 0, 0, 10, 2, 10, 10, : 10, 10, 4, 10, 10, 2, 10, 10, 10, 10, 10, 10, 10, 10, 10, 10, 10, 10, 10, 10, 10, 10, 10, 10, 10, 10, 10, 7, 10, 10, 4, 10, 10, 10, 10, 10, 10, 10, 10, 14, 10, 10, 7, 10, 10, 10, 2, 10, 4, 10, 3, 10, 10, 6, 11, 10, 2, 10, 10, 
222: 16, 0, 0, 10, 0, 0, 10, 10, 10, 10, 6, 10, 10, 10, 0, 0, 0, 0, 10, 0, 0, 0, 10, 0, 0, 10, 10, 1, 10, 0, 0, 0, 10, 10, 10, 0, 0, 0, 0, 0, 10, 0, 0, 10, 0, 10, 10, 7, 10, 0, 0, 0, 0, 1, 10, 0, 10, 0, 10, 10, 10, 10, 0, 10, 10, 0, 0, 10, 10, 0, 0, 10, 0, 10, 0, 0, 0, 0, 0, 10, 0, 0, 10, 0, 0, 0, 1, 0, 0, 10, 0, 10, 0, 10, 10, 12, 0, 0, 0, 0, 10, 0, 0, 0, 10, 0, 10, 0, 0, 0, 10, 0, 10, 10, 10, 0, 0, 0, 10, 10, : 16, 10, 10, 10, 10, 10, 6, 10, 10, 10, 10, 10, 10, 10, 1, 10, 10, 10, 10, 10, 10, 10, 10, 7, 10, 1, 10, 10, 10, 10, 10, 10, 10, 10, 10, 10, 10, 10, 10, 10, 1, 10, 10, 10, 10, 12, 10, 10, 10, 10, 10, 10, 10, 10, 10, 
645: 10, 10, 10, 10, 4, 10, 0, 10, 0, 7, 10, 10, 10, 0, 0, 0, 10, 0, 10, 0, 0, 0, 0, 0, 10, 0, 10, 10, 0, 10, 10, 10, 0, 0, 0, 10, 10, 0, 10, 0, 1, 0, 0, 0, 0, 1, 10, 10, 10, 0, 10, 10, 0, 10, 10, 10, 0, 0, 10, 0, 0, 10, 0, 0, 0, 10, 0, 10, 10, 10, 10, 10, 0, 0, 10, 0, 0, 0, 0, 0, 10, 10, 10, 0, 0, 0, 10, 10, 10, 0, 10, 0, 10, 10, 0, 0, 0, 10, 10, 10, 10, 0, 1, 0, 0, 10, 10, 10, 0, 10, 0, 0, 0, 0, 10, 10, 0, 0, 0, 10, : 10, 10, 10, 10, 4, 10, 10, 7, 10, 10, 10, 10, 10, 10, 10, 10, 10, 10, 10, 10, 10, 10, 1, 1, 10, 10, 10, 10, 10, 10, 10, 10, 10, 10, 10, 10, 10, 10, 10, 10, 10, 10, 10, 10, 10, 10, 10, 10, 10, 10, 10, 10, 10, 10, 1, 10, 10, 10, 10, 10, 10, 10, 
555: 0, 10, 10, 10, 10, 10, 10, 0, 10, 10, 10, 10, 0, 10, 10, 10, 10, 10, 10, 0, 10, 10, 0, 0, 10, 0, 10, 10, 0, 1, 0, 0, 10, 0, 0, 1, 0, 0, 0, 0, 0, 10, 10, 10, 10, 10, 10, 10, 10, 10, 10, 0, 10, 0, 0, 0, 10, 8, 10, 0, 0, 0, 10, 0, 0, 0, 10, 0, 10, 10, 10, 10, 10, 10, 10, 10, 0, 0, 10, 10, 0, 0, 2, 0, 0, 0, 10, 0, 0, 0, 10, 0, 10, 10, 10, 0, 0, 0, 10, 0, 10, 10, 0, 10, 0, 0, 10, 0, 3, 0, 1, 10, 7, 0, 10, 0, 10, 0, 10, 10, : 10, 10, 10, 10, 10, 10, 10, 10, 10, 10, 10, 10, 10, 10, 10, 10, 10, 10, 10, 10, 10, 1, 10, 1, 10, 10, 10, 10, 10, 10, 10, 10, 10, 10, 10, 10, 8, 10, 10, 10, 10, 10, 10, 10, 10, 10, 10, 10, 10, 10, 2, 10, 10, 10, 10, 10, 10, 10, 10, 10, 10, 3, 1, 10, 7, 10, 10, 10, 10, 
629: 0, 10, 0, 15, 10, 0, 1, 0, 1, 0, 0, 0, 10, 10, 10, 0, 10, 0, 0, 10, 0, 0, 10, 10, 0, 10, 0, 0, 15, 0, 10, 0, 0, 10, 0, 0, 10, 10, 10, 10, 10, 0, 0, 10, 0, 0, 10, 2, 0, 0, 10, 10, 0, 0, 10, 10, 0, 1, 0, 10, 10, 10, 0, 0, 0, 10, 10, 1, 10, 0, 0, 10, 10, 10, 10, 10, 0, 10, 0, 0, 0, 2, 10, 10, 10, 0, 10, 0, 0, 0, 0, 2, 10, 10, 10, 0, 0, 0, 10, 0, 10, 0, 0, 10, 10, 10, 10, 0, 0, 0, 0, 0, 10, 0, 0, 10, 10, 10, 0, 0, : 10, 15, 10, 1, 1, 10, 10, 10, 10, 10, 10, 10, 10, 15, 10, 10, 10, 10, 10, 10, 10, 10, 10, 2, 10, 10, 10, 10, 1, 10, 10, 10, 10, 10, 1, 10, 10, 10, 10, 10, 10, 10, 2, 10, 10, 10, 10, 2, 10, 10, 10, 10, 10, 10, 10, 10, 10, 10, 10, 10, 10, 


322: 0, 0, 10, 1, 10, 10, 10, 6, 10, 19, 10, 0, 10, 10, 0, 0, 10, 10, 10, 10, 0, 0, 0, 0, 10, 0, 0, 10, 0, 10, 0, 10, 0, 0, 0, 0, 14, 0, 10, 10, 0, 10, 10, 10, 10, 4, 0, 10, 0, 10, 10, 10, 10, 10, 10, 10, 10, 10, 0, 10, 10, 0, 0, 0, 0, 0, 0, 0, 0, 2, 0, 0, 0, 10, 10, 0, 10, 10, 10, 10, 10, 4, 10, 10, 0, 0, 0, 1, 10, 10, 10, 10, 2, 0, 10, 0, 0, 0, 2, 10, 10, 10, 10, 0, 0, 0, 10, 10, 10, 0, 0, 0, 10, 10, 10, 10, 10, 0, 10, 0, : 10, 1, 10, 10, 10, 6, 10, 19, 10, 10, 10, 10, 10, 10, 10, 10, 10, 10, 10, 14, 10, 10, 10, 10, 10, 10, 4, 10, 10, 10, 10, 10, 10, 10, 10, 10, 10, 10, 10, 2, 10, 10, 10, 10, 10, 10, 10, 4, 10, 10, 1, 10, 10, 10, 10, 2, 10, 2, 10, 10, 10, 10, 10, 10, 10, 10, 10, 10, 10, 10, 10, 
565: 10, 0, 10, 0, 0, 0, 0, 0, 10, 10, 10, 10, 10, 0, 10, 10, 10, 10, 0, 0, 0, 0, 0, 10, 10, 0, 0, 10, 0, 0, 10, 10, 10, 10, 10, 10, 10, 12, 0, 10, 4, 0, 10, 0, 10, 0, 0, 0, 10, 10, 1, 0, 10, 10, 0, 0, 10, 10, 0, 10, 0, 10, 10, 10, 0, 10, 0, 0, 10, 10, 10, 0, 0, 10, 0, 0, 10, 0, 0, 0, 0, 0, 0, 0, 10, 10, 10, 0, 0, 0, 10, 0, 0, 10, 10, 0, 10, 10, 10, 0, 3, 0, 0, 10, 10, 10, 10, 0, 0, 0, 0, 0, 0, 2, 10, 0, 10, 1, 0, 0, : 10, 10, 10, 10, 10, 10, 10, 10, 10, 10, 10, 10, 10, 10, 10, 10, 10, 10, 10, 10, 10, 12, 10, 4, 10, 10, 10, 10, 1, 10, 10, 10, 10, 10, 10, 10, 10, 10, 10, 10, 10, 10, 10, 10, 10, 10, 10, 10, 10, 10, 10, 10, 3, 10, 10, 10, 10, 2, 10, 10, 1, 
527: 10, 10, 0, 10, 10, 10, 10, 0, 0, 10, 10, 10, 0, 10, 0, 1, 10, 10, 0, 10, 0, 10, 0, 10, 0, 10, 0, 10, 10, 10, 0, 10, 10, 10, 10, 10, 0, 10, 4, 0, 10, 10, 10, 10, 10, 0, 0, 10, 0, 0, 10, 10, 10, 0, 0, 10, 10, 0, 10, 0, 10, 10, 0, 10, 10, 10, 10, 9, 10, 0, 10, 10, 0, 10, 0, 0, 10, 10, 10, 10, 10, 10, 0, 0, 0, 0, 0, 10, 0, 10, 10, 10, 10, 10, 10, 10, 10, 0, 0, 0, 10, 0, 10, 10, 5, 10, 10, 3, 10, 10, 0, 10, 0, 10, 0, 10, 0, 0, 10, 10, : 10, 10, 10, 10, 10, 10, 10, 10, 10, 10, 1, 10, 10, 10, 10, 10, 10, 10, 10, 10, 10, 10, 10, 10, 10, 10, 4, 10, 10, 10, 10, 10, 10, 10, 10, 10, 10, 10, 10, 10, 10, 10, 10, 10, 10, 9, 10, 10, 10, 10, 10, 10, 10, 10, 10, 10, 10, 10, 10, 10, 10, 10, 10, 10, 10, 10, 10, 10, 5, 10, 10, 3, 10, 10, 10, 10, 10, 10, 10, 
654: 0, 0, 0, 10, 0, 0, 10, 10, 10, 10, 10, 0, 0, 0, 0, 10, 10, 10, 10, 10, 0, 0, 10, 0, 12, 0, 0, 0, 0, 10, 10, 10, 10, 0, 10, 10, 0, 0, 0, 0, 0, 0, 10, 0, 0, 0, 10, 0, 10, 0, 10, 10, 0, 10, 0, 0, 0, 0, 0, 10, 0, 10, 10, 0, 10, 10, 10, 10, 0, 0, 0, 0, 10, 0, 10, 10, 1, 0, 1, 0, 10, 10, 0, 10, 13, 0, 10, 18, 0, 10, 0, 0, 10, 10, 0, 0, 10, 10, 10, 10, 10, 10, 10, 10, 0, 0, 0, 0, 10, 10, 10, 10, 10, 10, 0, 0, 10, 10, 10, 10, : 10, 10, 10, 10, 10, 10, 10, 10, 10, 10, 10, 10, 12, 10, 10, 10, 10, 10, 10, 10, 10, 10, 10, 10, 10, 10, 10, 10, 10, 10, 10, 10, 10, 10, 10, 1, 1, 10, 10, 10, 13, 10, 18, 10, 10, 10, 10, 10, 10, 10, 10, 10, 10, 10, 10, 10, 10, 10, 10, 10, 10, 10, 10, 10, 
217: 10, 10, 10, 0, 0, 10, 9, 10, 0, 0, 10, 0, 0, 0, 10, 0, 0, 0, 10, 0, 0, 10, 0, 0, 0, 10, 0, 0, 10, 10, 3, 7, 10, 0, 10, 10, 10, 10, 10, 0, 0, 10, 10, 0, 0, 0, 0, 10, 10, 10, 0, 0, 10, 0, 0, 10, 0, 0, 0, 0, 10, 0, 10, 0, 10, 10, 0, 0, 10, 0, 10, 19, 0, 10, 10, 14, 10, 6, 0, 10, 0, 10, 10, 0, 0, 0, 0, 10, 10, 10, 0, 10, 0, 0, 10, 0, 10, 0, 0, 0, 0, 10, 10, 0, 11, 0, 0, 10, 10, 10, 1, 0, 0, 10, 10, 9, 10, 0, 0, 0, : 10, 10, 10, 10, 9, 10, 10, 10, 10, 10, 10, 10, 10, 3, 7, 10, 10, 10, 10, 10, 10, 10, 10, 10, 10, 10, 10, 10, 10, 10, 10, 10, 10, 10, 19, 10, 10, 14, 10, 6, 10, 10, 10, 10, 10, 10, 10, 10, 10, 10, 10, 11, 10, 10, 10, 1, 10, 10, 9, 10, 
474: 10, 20, 10, 0, 10, 0, 0, 10, 0, 0, 10, 0, 0, 0, 0, 0, 10, 10, 0, 0, 0, 10, 0, 0, 0, 0, 10, 10, 10, 0, 10, 10, 10, 10, 0, 0, 10, 0, 0, 0, 0, 0, 0, 10, 0, 0, 10, 0, 10, 0, 0, 10, 0, 0, 10, 10, 10, 0, 10, 0, 10, 10, 0, 10, 10, 10, 0, 10, 10, 0, 0, 0, 10, 10, 10, 10, 10, 10, 10, 0, 10, 0, 10, 10, 0, 10, 0, 0, 0, 0, 0, 0, 10, 0, 10, 10, 0, 10, 0, 0, 0, 0, 0, 10, 0, 5, 0, 0, 0, 10, 0, 10, 0, 10, 10, 10, 10, 10, 16, 0, : 10, 20, 10, 10, 10, 10, 10, 10, 10, 10, 10, 10, 10, 10, 10, 10, 10, 10, 10, 10, 10, 10, 10, 10, 10, 10, 10, 10, 10, 10, 10, 10, 10, 10, 10, 10, 10, 10, 10, 10, 10, 10, 10, 10, 10, 10, 10, 10, 5, 10, 10, 10, 10, 10, 10, 10, 16, 
648: 10, 5, 0, 10, 10, 10, 10, 0, 6, 0, 10, 0, 4, 0, 10, 10, 0, 0, 10, 10, 0, 0, 0, 0, 0, 2, 0, 10, 0, 0, 10, 10, 10, 10, 10, 10, 0, 0, 0, 2, 0, 0, 10, 10, 0, 10, 0, 0, 10, 0, 0, 10, 0, 10, 0, 10, 0, 10, 0, 0, 0, 10, 0, 0, 10, 10, 10, 10, 10, 0, 0, 10, 0, 0, 10, 0, 10, 0, 10, 0, 0, 0, 0, 10, 0, 0, 10, 0, 0, 0, 0, 0, 0, 10, 10, 0, 10, 10, 10, 0, 10, 0, 10, 10, 10, 0, 10, 0, 0, 10, 10, 10, 10, 10, 0, 10, 10, 10, 0, 0, : 10, 5, 10, 10, 10, 10, 6, 10, 4, 10, 10, 10, 10, 2, 10, 10, 10, 10, 10, 10, 10, 2, 10, 10, 10, 10, 10, 10, 10, 10, 10, 10, 10, 10, 10, 10, 10, 10, 10, 10, 10, 10, 10, 10, 10, 10, 10, 10, 10, 10, 10, 10, 10, 10, 10, 10, 10, 10, 10, 10, 
294: 0, 0, 0, 2, 0, 10, 10, 0, 0, 10, 0, 0, 0, 10, 0, 10, 0, 4, 0, 0, 10, 10, 0, 10, 0, 10, 0, 0, 10, 10, 10, 0, 10, 10, 10, 0, 10, 0, 0, 0, 10, 10, 10, 10, 10, 10, 10, 0, 0, 10, 0, 10, 10, 10, 0, 10, 0, 10, 10, 0, 0, 10, 10, 10, 10, 10, 10, 10, 0, 10, 0, 10, 0, 0, 10, 0, 10, 10, 0, 1, 10, 10, 10, 10, 0, 10, 0, 10, 10, 0, 10, 0, 0, 0, 0, 10, 0, 10, 10, 10, 10, 10, 0, 10, 0, 0, 0, 10, 10, 0, 10, 0, 0, 10, 0, 10, 0, 10, 10, 0, : 2, 10, 10, 10, 10, 10, 4, 10, 10, 10, 10, 10, 10, 10, 10, 10, 10, 10, 10, 10, 10, 10, 10, 10, 10, 10, 10, 10, 10, 10, 10, 10, 10, 10, 10, 10, 10, 10, 10, 10, 10, 10, 10, 10, 1, 10, 10, 10, 10, 10, 10, 10, 10, 10, 10, 10, 10, 10, 10, 10, 10, 10, 10, 10, 10, 10, 10, 
798: 10, 0, 10, 10, 0, 0, 10, 10, 0, 0, 0, 10, 10, 0, 10, 10, 0, 0, 10, 0, 10, 10, 10, 0, 0, 10, 10, 10, 0, 10, 0, 0, 10, 10, 10, 10, 0, 0, 10, 0, 0, 10, 0, 0, 10, 10, 10, 19, 0, 10, 10, 10, 10, 0, 10, 0, 0, 0, 10, 0, 0, 10, 10, 0, 0, 0, 0, 10, 0, 0, 9, 0, 0, 0, 0, 0, 20, 10, 0, 10, 0, 0, 0, 0, 0, 0, 10, 10, 0, 0, 10, 10, 0, 0, 0, 10, 10, 10, 1, 10, 0, 10, 0, 10, 0, 10, 0, 10, 0, 0, 0, 0, 10, 10, 0, 10, 0, 10, 0, 1, : 10, 10, 10, 10, 10, 10, 10, 10, 10, 10, 10, 10, 10, 10, 10, 10, 10, 10, 10, 10, 10, 10, 10, 10, 10, 10, 19, 10, 10, 10, 10, 10, 10, 10, 10, 10, 9, 20, 10, 10, 10, 10, 10, 10, 10, 10, 10, 1, 10, 10, 10, 10, 10, 10, 10, 10, 10, 1, 
698: 10, 0, 10, 0, 10, 0, 0, 0, 0, 10, 10, 10, 10, 10, 10, 10, 0, 10, 10, 10, 4, 0, 0, 10, 0, 0, 8, 10, 10, 0, 10, 0, 0, 0, 10, 0, 10, 2, 10, 10, 0, 0, 10, 10, 10, 10, 10, 0, 0, 0, 0, 10, 0, 0, 0, 10, 0, 0, 10, 10, 0, 10, 10, 0, 0, 0, 10, 10, 0, 0, 0, 0, 0, 0, 0, 0, 10, 10, 10, 0, 10, 0, 10, 10, 10, 10, 10, 0, 0, 0, 0, 10, 10, 0, 10, 10, 0, 10, 10, 0, 10, 0, 10, 0, 10, 0, 10, 0, 0, 10, 10, 0, 0, 1, 0, 10, 0, 0, 10, 0, : 10, 10, 10, 10, 10, 10, 10, 10, 10, 10, 10, 10, 10, 4, 10, 8, 10, 10, 10, 10, 10, 2, 10, 10, 10, 10, 10, 10, 10, 10, 10, 10, 10, 10, 10, 10, 10, 10, 10, 10, 10, 10, 10, 10, 10, 10, 10, 10, 10, 10, 10, 10, 10, 10, 10, 10, 10, 10, 1, 10, 10, 
453: 0, 0, 10, 10, 10, 10, 10, 10, 0, 0, 0, 0, 10, 10, 10, 10, 3, 10, 0, 0, 10, 0, 10, 0, 0, 10, 10, 0, 10, 0, 0, 10, 0, 0, 1, 0, 10, 10, 10, 0, 10, 10, 0, 10, 10, 1, 10, 0, 0, 0, 0, 10, 10, 0, 0, 0, 10, 10, 10, 10, 0, 0, 10, 0, 10, 0, 10, 0, 0, 10, 10, 3, 10, 10, 10, 10, 10, 10, 10, 10, 0, 10, 10, 0, 0, 10, 10, 2, 10, 10, 10, 0, 10, 10, 0, 0, 10, 10, 0, 0, 10, 0, 10, 0, 10, 10, 0, 0, 0, 10, 0, 10, 10, 0, 10, 10, 0, 0, 10, 10, : 10, 10, 10, 10, 10, 10, 10, 10, 10, 10, 3, 10, 10, 10, 10, 10, 10, 10, 1, 10, 10, 10, 10, 10, 10, 10, 1, 10, 10, 10, 10, 10, 10, 10, 10, 10, 10, 10, 10, 3, 10, 10, 10, 10, 10, 10, 10, 10, 10, 10, 10, 10, 2, 10, 10, 10, 10, 10, 10, 10, 10, 10, 10, 10, 10, 10, 10, 10, 10, 10, 10, 
690: 10, 10, 10, 0, 0, 10, 0, 0, 0, 10, 0, 0, 0, 0, 0, 10, 0, 0, 0, 10, 0, 10, 10, 10, 10, 10, 0, 0, 10, 10, 10, 0, 0, 10, 0, 3, 10, 0, 10, 10, 10, 10, 0, 0, 10, 0, 10, 0, 0, 0, 10, 10, 10, 0, 0, 10, 0, 0, 10, 10, 1, 0, 0, 10, 10, 10, 3, 10, 10, 10, 10, 0, 0, 10, 10, 10, 10, 10, 10, 10, 3, 10, 10, 0, 0, 0, 0, 10, 0, 0, 0, 10, 10, 2, 0, 10, 10, 10, 10, 1, 10, 10, 0, 0, 10, 0, 10, 0, 10, 0, 10, 0, 0, 10, 0, 0, 0, 0, 0, 0, : 10, 10, 10, 10, 10, 10, 10, 10, 10, 10, 10, 10, 10, 10, 10, 10, 3, 10, 10, 10, 10, 10, 10, 10, 10, 10, 10, 10, 10, 10, 1, 10, 10, 10, 3, 10, 10, 10, 10, 10, 10, 10, 10, 10, 10, 10, 3, 10, 10, 10, 10, 10, 2, 10, 10, 10, 10, 1, 10, 10, 10, 10, 10, 10, 10, 
108: 10, 0, 13, 0, 0, 10, 10, 0, 10, 0, 0, 10, 5, 0, 10, 10, 0, 0, 0, 0, 0, 10, 10, 0, 0, 15, 0, 0, 0, 10, 10, 10, 10, 0, 19, 10, 0, 10, 10, 0, 10, 8, 0, 10, 0, 10, 10, 10, 10, 10, 0, 0, 0, 10, 10, 0, 0, 0, 10, 10, 10, 10, 0, 10, 10, 10, 10, 10, 4, 10, 10, 10, 0, 10, 10, 10, 10, 10, 10, 0, 10, 1, 10, 0, 10, 0, 0, 0, 10, 0, 10, 10, 0, 10, 10, 10, 10, 10, 0, 0, 0, 0, 0, 1, 7, 17, 10, 10, 0, 0, 0, 10, 0, 0, 0, 10, 10, 0, 10, 1, : 10, 13, 10, 10, 10, 10, 5, 10, 10, 10, 10, 15, 10, 10, 10, 10, 19, 10, 10, 10, 10, 8, 10, 10, 10, 10, 10, 10, 10, 10, 10, 10, 10, 10, 10, 10, 10, 10, 10, 4, 10, 10, 10, 10, 10, 10, 10, 10, 10, 10, 1, 10, 10, 10, 10, 10, 10, 10, 10, 10, 10, 1, 7, 17, 10, 10, 10, 10, 10, 10, 1, 
455: 10, 0, 0, 10, 0, 0, 0, 0, 0, 0, 0, 10, 10, 15, 0, 0, 10, 10, 0, 0, 10, 17, 10, 10, 10, 0, 10, 0, 10, 10, 10, 10, 0, 0, 10, 0, 0, 10, 10, 10, 10, 0, 10, 0, 0, 0, 0, 0, 0, 0, 10, 0, 0, 10, 10, 0, 10, 10, 0, 10, 10, 0, 10, 0, 0, 10, 10, 0, 0, 10, 0, 0, 0, 0, 0, 10, 10, 10, 0, 0, 10, 10, 0, 10, 10, 10, 10, 11, 0, 0, 10, 0, 0, 0, 0, 10, 10, 10, 10, 10, 0, 0, 0, 0, 0, 10, 10, 0, 10, 10, 10, 0, 10, 0, 10, 0, 10, 10, 0, 0, : 10, 10, 10, 10, 15, 10, 10, 10, 17, 10, 10, 10, 10, 10, 10, 10, 10, 10, 10, 10, 10, 10, 10, 10, 10, 10, 10, 10, 10, 10, 10, 10, 10, 10, 10, 10, 10, 10, 10, 10, 10, 10, 10, 11, 10, 10, 10, 10, 10, 10, 10, 10, 10, 10, 10, 10, 10, 10, 10, 
261: 10, 0, 0, 0, 10, 10, 0, 0, 0, 0, 10, 0, 10, 10, 0, 0, 10, 0, 10, 0, 0, 0, 10, 10, 10, 0, 10, 10, 0, 10, 10, 0, 0, 10, 0, 10, 10, 10, 10, 10, 10, 0, 10, 0, 0, 0, 10, 10, 0, 0, 0, 10, 0, 10, 10, 10, 10, 10, 10, 10, 10, 0, 10, 10, 10, 0, 10, 10, 17, 10, 10, 10, 10, 0, 10, 10, 0, 10, 0, 0, 0, 10, 1, 10, 10, 10, 10, 10, 10, 0, 0, 10, 0, 10, 0, 0, 0, 0, 0, 10, 10, 10, 10, 10, 0, 10, 0, 10, 0, 10, 0, 10, 0, 0, 2, 10, 10, 0, 0, 10, : 10, 10, 10, 10, 10, 10, 10, 10, 10, 10, 10, 10, 10, 10, 10, 10, 10, 10, 10, 10, 10, 10, 10, 10, 10, 10, 10, 10, 10, 10, 10, 10, 10, 10, 10, 10, 10, 10, 10, 17, 10, 10, 10, 10, 10, 10, 10, 10, 1, 10, 10, 10, 10, 10, 10, 10, 10, 10, 10, 10, 10, 10, 10, 10, 10, 10, 2, 10, 10, 10, 
314: 0, 10, 0, 0, 0, 0, 0, 10, 0, 0, 0, 0, 0, 0, 0, 10, 2, 10, 8, 2, 10, 10, 0, 0, 10, 10, 10, 0, 0, 10, 10, 10, 10, 10, 0, 0, 0, 10, 0, 0, 0, 10, 10, 0, 0, 0, 0, 0, 10, 10, 0, 0, 10, 10, 10, 10, 10, 0, 10, 0, 10, 0, 10, 10, 0, 0, 10, 10, 10, 10, 0, 0, 0, 0, 10, 0, 10, 0, 10, 2, 10, 0, 10, 17, 0, 8, 0, 17, 10, 0, 0, 10, 0, 0, 0, 0, 0, 0, 10, 10, 10, 10, 0, 10, 10, 10, 10, 0, 1, 10, 0, 10, 0, 10, 10, 0, 0, 10, 10, 0, : 10, 10, 10, 2, 10, 8, 2, 10, 10, 10, 10, 10, 10, 10, 10, 10, 10, 10, 10, 10, 10, 10, 10, 10, 10, 10, 10, 10, 10, 10, 10, 10, 10, 10, 10, 10, 10, 10, 2, 10, 10, 17, 8, 17, 10, 10, 10, 10, 10, 10, 10, 10, 10, 10, 1, 10, 10, 10, 10, 10, 10, 
610: 0, 3, 1, 0, 10, 10, 0, 10, 0, 10, 0, 10, 0, 10, 10, 10, 0, 10, 0, 10, 0, 0, 10, 0, 10, 10, 10, 10, 10, 10, 10, 10, 0, 10, 0, 0, 10, 0, 0, 0, 0, 10, 10, 10, 0, 10, 2, 10, 10, 0, 10, 10, 0, 0, 10, 10, 10, 0, 0, 10, 0, 0, 0, 0, 0, 10, 0, 10, 10, 10, 10, 10, 10, 10, 0, 10, 0, 10, 10, 10, 10, 10, 10, 10, 0, 10, 10, 10, 0, 0, 0, 0, 0, 0, 10, 16, 0, 10, 0, 10, 0, 0, 10, 10, 0, 10, 10, 10, 10, 10, 10, 0, 10, 0, 10, 0, 0, 10, 0, 0, : 3, 1, 10, 10, 10, 10, 10, 10, 10, 10, 10, 10, 10, 10, 10, 10, 10, 10, 10, 10, 10, 10, 10, 10, 10, 10, 10, 2, 10, 10, 10, 10, 10, 10, 10, 10, 10, 10, 10, 10, 10, 10, 10, 10, 10, 10, 10, 10, 10, 10, 10, 10, 10, 10, 10, 10, 16, 10, 10, 10, 10, 10, 10, 10, 10, 10, 10, 10, 10, 10, 
94: 10, 2, 0, 10, 0, 10, 10, 10, 0, 10, 9, 0, 10, 0, 10, 0, 0, 10, 10, 10, 0, 0, 2, 10, 0, 0, 10, 0, 0, 0, 10, 10, 0, 0, 0, 10, 10, 16, 0, 0, 10, 0, 0, 0, 10, 10, 10, 0, 0, 0, 0, 10, 0, 0, 0, 0, 0, 10, 0, 10, 0, 10, 0, 10, 10, 10, 10, 10, 0, 10, 10, 19, 0, 10, 10, 10, 0, 0, 10, 10, 0, 0, 10, 10, 10, 0, 10, 10, 10, 10, 10, 10, 10, 0, 0, 0, 10, 0, 1, 10, 0, 10, 10, 10, 0, 10, 0, 0, 10, 0, 0, 10, 10, 10, 0, 0, 1, 10, 10, 10, : 10, 2, 10, 10, 10, 10, 10, 9, 10, 10, 10, 10, 10, 2, 10, 10, 10, 10, 10, 10, 16, 10, 10, 10, 10, 10, 10, 10, 10, 10, 10, 10, 10, 10, 10, 10, 19, 10, 10, 10, 10, 10, 10, 10, 10, 10, 10, 10, 10, 10, 10, 10, 10, 1, 10, 10, 10, 10, 10, 10, 10, 10, 10, 1, 10, 10, 10, 
357: 0, 10, 6, 10, 0, 10, 0, 10, 5, 10, 0, 10, 10, 0, 10, 0, 10, 0, 10, 0, 10, 0, 10, 0, 10, 10, 10, 10, 0, 10, 0, 0, 0, 0, 10, 10, 0, 10, 10, 10, 0, 0, 0, 10, 10, 0, 10, 10, 10, 0, 0, 10, 0, 0, 0, 0, 0, 0, 0, 0, 10, 0, 0, 10, 10, 0, 0, 10, 10, 10, 0, 0, 0, 0, 0, 10, 0, 10, 0, 0, 7, 0, 0, 0, 10, 10, 10, 10, 0, 10, 10, 0, 0, 0, 10, 10, 10, 10, 0, 10, 9, 10, 0, 0, 10, 10, 0, 10, 10, 0, 10, 0, 10, 0, 0, 10, 10, 0, 10, 10, : 10, 6, 10, 10, 10, 5, 10, 10, 10, 10, 10, 10, 10, 10, 10, 10, 10, 10, 10, 10, 10, 10, 10, 10, 10, 10, 10, 10, 10, 10, 10, 10, 10, 10, 10, 10, 10, 10, 7, 10, 10, 10, 10, 10, 10, 10, 10, 10, 10, 10, 9, 10, 10, 10, 10, 10, 10, 10, 10, 10, 10, 10, 
421: 10, 0, 10, 10, 0, 10, 0, 10, 10, 10, 3, 4, 0, 0, 0, 0, 10, 0, 10, 10, 6, 0, 0, 0, 0, 0, 18, 10, 0, 10, 10, 0, 0, 10, 0, 0, 10, 0, 0, 0, 10, 10, 10, 10, 10, 10, 10, 10, 0, 10, 10, 10, 0, 0, 10, 10, 10, 10, 10, 10, 10, 10, 10, 0, 10, 0, 10, 4, 10, 0, 10, 10, 10, 0, 0, 10, 10, 10, 0, 10, 10, 10, 10, 0, 19, 0, 0, 10, 10, 0, 0, 0, 10, 0, 10, 0, 10, 0, 0, 10, 0, 0, 0, 10, 0, 10, 0, 10, 10, 10, 0, 0, 10, 10, 14, 0, 10, 10, 10, 10, : 10, 10, 10, 10, 10, 10, 10, 3, 4, 10, 10, 10, 6, 18, 10, 10, 10, 10, 10, 10, 10, 10, 10, 10, 10, 10, 10, 10, 10, 10, 10, 10, 10, 10, 10, 10, 10, 10, 10, 10, 10, 4, 10, 10, 10, 10, 10, 10, 10, 10, 10, 10, 10, 19, 10, 10, 10, 10, 10, 10, 10, 10, 10, 10, 10, 10, 10, 14, 10, 10, 10, 10, 
531: 10, 10, 10, 0, 0, 0, 10, 0, 0, 0, 0, 10, 10, 10, 0, 10, 0, 0, 10, 0, 10, 10, 0, 10, 1, 10, 0, 0, 10, 10, 0, 0, 10, 0, 0, 0, 3, 0, 10, 10, 10, 10, 0, 0, 10, 10, 14, 0, 0, 10, 10, 0, 10, 10, 0, 0, 10, 10, 0, 1, 1, 10, 0, 0, 10, 0, 10, 10, 0, 10, 10, 10, 10, 10, 10, 10, 0, 0, 0, 10, 0, 10, 10, 0, 10, 10, 10, 0, 0, 0, 0, 10, 10, 0, 0, 0, 0, 10, 10, 10, 0, 0, 10, 0, 10, 1, 10, 10, 0, 0, 10, 10, 0, 5, 10, 0, 10, 0, 10, 0, : 10, 10, 10, 10, 10, 10, 10, 10, 10, 10, 10, 10, 1, 10, 10, 10, 10, 3, 10, 10, 10, 10, 10, 10, 14, 10, 10, 10, 10, 10, 10, 1, 1, 10, 10, 10, 10, 10, 10, 10, 10, 10, 10, 10, 10, 10, 10, 10, 10, 10, 10, 10, 10, 10, 10, 10, 10, 1, 10, 10, 10, 10, 5, 10, 10, 10, 
288: 0, 0, 10, 2, 0, 10, 10, 0, 10, 0, 0, 0, 2, 10, 10, 0, 0, 10, 10, 10, 0, 0, 1, 0, 0, 0, 10, 0, 10, 10, 10, 0, 10, 10, 0, 0, 0, 0, 10, 0, 10, 10, 10, 10, 0, 0, 0, 0, 0, 10, 0, 10, 10, 10, 0, 0, 10, 0, 0, 10, 10, 10, 10, 10, 10, 0, 5, 10, 0, 0, 10, 18, 10, 10, 0, 0, 10, 0, 10, 0, 10, 0, 0, 0, 1, 10, 10, 0, 10, 5, 0, 0, 0, 10, 10, 0, 0, 10, 10, 0, 0, 10, 0, 10, 10, 0, 0, 10, 10, 10, 10, 10, 0, 5, 1, 10, 10, 0, 10, 0, : 10, 2, 10, 10, 10, 2, 10, 10, 10, 10, 10, 1, 10, 10, 10, 10, 10, 10, 10, 10, 10, 10, 10, 10, 10, 10, 10, 10, 10, 10, 10, 10, 10, 10, 5, 10, 10, 18, 10, 10, 10, 10, 10, 1, 10, 10, 10, 5, 10, 10, 10, 10, 10, 10, 10, 10, 10, 10, 10, 10, 5, 1, 10, 10, 10, 
494: 10, 10, 2, 0, 0, 10, 0, 0, 0, 0, 0, 10, 10, 0, 10, 10, 10, 0, 0, 0, 0, 0, 0, 10, 0, 0, 0, 10, 10, 0, 0, 10, 0, 10, 10, 0, 0, 10, 10, 10, 0, 10, 0, 10, 0, 0, 10, 0, 12, 10, 10, 0, 10, 0, 1, 10, 10, 10, 0, 0, 0, 0, 0, 0, 0, 10, 0, 10, 0, 10, 10, 0, 10, 10, 10, 0, 10, 10, 0, 10, 10, 10, 10, 0, 0, 0, 10, 0, 10, 0, 0, 0, 0, 0, 10, 0, 10, 0, 0, 0, 10, 10, 0, 10, 0, 10, 0, 0, 0, 10, 10, 0, 10, 0, 10, 10, 0, 10, 6, 10, : 10, 10, 2, 10, 10, 10, 10, 10, 10, 10, 10, 10, 10, 10, 10, 10, 10, 10, 10, 10, 10, 12, 10, 10, 10, 1, 10, 10, 10, 10, 10, 10, 10, 10, 10, 10, 10, 10, 10, 10, 10, 10, 10, 10, 10, 10, 10, 10, 10, 10, 10, 10, 10, 10, 10, 10, 6, 10, 
36: 16, 10, 0, 10, 10, 0, 10, 10, 0, 10, 0, 10, 0, 3, 10, 0, 0, 10, 0, 0, 0, 0, 10, 0, 10, 10, 10, 0, 0, 0, 0, 0, 0, 10, 10, 0, 0, 0, 0, 10, 0, 10, 10, 10, 10, 10, 10, 10, 10, 10, 10, 10, 10, 0, 10, 10, 10, 10, 0, 10, 10, 10, 0, 10, 0, 0, 0, 10, 0, 0, 0, 10, 10, 0, 0, 10, 0, 10, 0, 10, 0, 10, 0, 0, 0, 2, 1, 10, 0, 10, 0, 0, 10, 8, 10, 10, 0, 10, 10, 10, 0, 10, 0, 10, 10, 3, 10, 10, 10, 0, 0, 0, 0, 0, 10, 10, 10, 10, 0, 0, : 16, 10, 10, 10, 10, 10, 10, 10, 3, 10, 10, 10, 10, 10, 10, 10, 10, 10, 10, 10, 10, 10, 10, 10, 10, 10, 10, 10, 10, 10, 10, 10, 10, 10, 10, 10, 10, 10, 10, 10, 10, 10, 10, 10, 10, 2, 1, 10, 10, 10, 8, 10, 10, 10, 10, 10, 10, 10, 10, 3, 10, 10, 10, 10, 10, 10, 10, 
775: 0, 20, 0, 10, 0, 0, 0, 10, 10, 10, 0, 10, 10, 10, 0, 10, 10, 0, 0, 10, 10, 0, 10, 0, 10, 0, 0, 0, 10, 0, 10, 10, 0, 10, 0, 10, 0, 0, 0, 10, 0, 0, 0, 10, 10, 10, 10, 13, 0, 0, 0, 10, 0, 10, 0, 10, 1, 8, 10, 0, 10, 0, 10, 10, 0, 0, 0, 10, 10, 19, 0, 10, 10, 0, 10, 0, 0, 0, 0, 0, 10, 0, 10, 10, 10, 10, 10, 0, 10, 10, 0, 0, 0, 10, 0, 0, 10, 10, 0, 0, 0, 0, 0, 0, 10, 0, 0, 10, 0, 0, 10, 2, 0, 0, 0, 0, 0, 10, 0, 0, : 20, 10, 10, 10, 10, 10, 10, 10, 10, 10, 10, 10, 10, 10, 10, 10, 10, 10, 10, 10, 10, 10, 10, 10, 13, 10, 10, 10, 1, 8, 10, 10, 10, 10, 10, 10, 19, 10, 10, 10, 10, 10, 10, 10, 10, 10, 10, 10, 10, 10, 10, 10, 10, 10, 2, 10, 
45: 10, 10, 0, 0, 0, 0, 0, 10, 0, 0, 0, 10, 0, 10, 0, 0, 1, 10, 0, 10, 0, 0, 10, 10, 0, 0, 10, 5, 10, 0, 0, 10, 10, 0, 10, 6, 10, 10, 10, 10, 10, 10, 0, 10, 10, 10, 0, 0, 0, 10, 0, 10, 10, 0, 0, 0, 7, 0, 10, 10, 10, 10, 10, 0, 0, 0, 0, 9, 10, 10, 10, 10, 10, 7, 10, 0, 10, 0, 0, 0, 0, 10, 10, 10, 0, 0, 0, 10, 0, 0, 10, 10, 10, 10, 10, 10, 0, 0, 10, 0, 10, 10, 0, 0, 0, 0, 10, 0, 10, 0, 10, 0, 10, 10, 0, 0, 0, 10, 10, 10, : 10, 10, 10, 10, 10, 1, 10, 10, 10, 10, 10, 5, 10, 10, 10, 10, 6, 10, 10, 10, 10, 10, 10, 10, 10, 10, 10, 10, 10, 7, 10, 10, 10, 10, 10, 9, 10, 10, 10, 10, 10, 7, 10, 10, 10, 10, 10, 10, 10, 10, 10, 10, 10, 10, 10, 10, 10, 10, 10, 10, 10, 10, 10, 10, 10, 
420: 0, 10, 10, 0, 10, 10, 10, 10, 10, 10, 0, 10, 10, 0, 10, 10, 0, 10, 0, 10, 10, 10, 10, 0, 0, 10, 10, 10, 10, 10, 0, 0, 12, 0, 0, 10, 19, 10, 10, 10, 10, 0, 10, 0, 0, 10, 10, 0, 3, 0, 10, 0, 10, 10, 10, 0, 10, 0, 10, 10, 0, 0, 0, 0, 0, 10, 0, 10, 0, 0, 0, 0, 10, 10, 0, 10, 10, 0, 0, 10, 0, 10, 0, 0, 0, 0, 0, 10, 0, 10, 0, 10, 10, 0, 0, 10, 0, 10, 0, 0, 0, 0, 15, 0, 10, 0, 10, 0, 10, 10, 0, 10, 0, 0, 10, 0, 0, 0, 10, 0, : 10, 10, 10, 10, 10, 10, 10, 10, 10, 10, 10, 10, 10, 10, 10, 10, 10, 10, 10, 10, 10, 10, 12, 10, 19, 10, 10, 10, 10, 10, 10, 10, 3, 10, 10, 10, 10, 10, 10, 10, 10, 10, 10, 10, 10, 10, 10, 10, 10, 10, 10, 10, 10, 10, 15, 10, 10, 10, 10, 10, 10, 10, 
571: 0, 0, 0, 10, 0, 0, 4, 0, 0, 0, 10, 1, 0, 0, 10, 10, 10, 10, 0, 0, 0, 0, 0, 0, 10, 10, 10, 10, 10, 2, 0, 0, 10, 10, 0, 0, 10, 0, 0, 0, 0, 10, 0, 10, 10, 10, 0, 0, 10, 10, 10, 10, 10, 10, 4, 0, 10, 10, 10, 10, 0, 0, 10, 10, 10, 0, 0, 10, 0, 10, 10, 0, 6, 1, 10, 10, 10, 0, 0, 10, 0, 10, 0, 10, 10, 0, 10, 0, 10, 10, 10, 10, 0, 10, 10, 10, 0, 0, 0, 10, 10, 0, 10, 10, 10, 0, 1, 0, 0, 10, 0, 10, 10, 10, 10, 0, 0, 10, 0, 10, : 10, 4, 10, 1, 10, 10, 10, 10, 10, 10, 10, 10, 10, 2, 10, 10, 10, 10, 10, 10, 10, 10, 10, 10, 10, 10, 10, 4, 10, 10, 10, 10, 10, 10, 10, 10, 10, 10, 6, 1, 10, 10, 10, 10, 10, 10, 10, 10, 10, 10, 10, 10, 10, 10, 10, 10, 10, 10, 10, 10, 1, 10, 10, 10, 10, 10, 10, 10, 
500: 10, 10, 10, 0, 10, 0, 0, 0, 10, 0, 0, 0, 10, 1, 8, 0, 0, 10, 1, 0, 12, 10, 0, 0, 10, 10, 10, 10, 0, 0, 10, 10, 10, 10, 0, 10, 0, 10, 10, 0, 10, 10, 0, 10, 0, 10, 0, 10, 0, 0, 0, 10, 0, 0, 10, 3, 10, 0, 0, 10, 0, 10, 0, 10, 10, 10, 10, 0, 10, 0, 10, 0, 10, 0, 0, 10, 10, 0, 10, 0, 10, 10, 10, 0, 0, 10, 10, 0, 10, 0, 10, 0, 0, 20, 0, 2, 10, 0, 0, 0, 0, 10, 10, 0, 0, 0, 0, 10, 0, 0, 0, 10, 10, 0, 4, 0, 10, 10, 10, 3, : 10, 10, 10, 10, 10, 10, 1, 8, 10, 1, 12, 10, 10, 10, 10, 10, 10, 10, 10, 10, 10, 10, 10, 10, 10, 10, 10, 10, 10, 10, 3, 10, 10, 10, 10, 10, 10, 10, 10, 10, 10, 10, 10, 10, 10, 10, 10, 10, 10, 10, 10, 20, 2, 10, 10, 10, 10, 10, 10, 4, 10, 10, 10, 3, 
81: 10, 0, 0, 0, 10, 10, 0, 0, 0, 10, 10, 0, 10, 10, 10, 10, 0, 0, 0, 10, 10, 0, 0, 0, 0, 0, 0, 10, 10, 0, 0, 10, 0, 0, 10, 0, 10, 0, 10, 10, 0, 10, 10, 0, 10, 10, 0, 10, 0, 10, 10, 0, 10, 0, 10, 0, 0, 0, 10, 0, 10, 0, 0, 0, 0, 0, 0, 10, 0, 10, 10, 0, 10, 10, 0, 0, 0, 0, 10, 10, 0, 10, 10, 10, 10, 0, 0, 10, 10, 0, 0, 10, 10, 10, 10, 10, 0, 10, 10, 0, 0, 10, 0, 0, 0, 10, 10, 0, 1, 4, 18, 10, 10, 0, 3, 10, 0, 0, 0, 0, : 10, 10, 10, 10, 10, 10, 10, 10, 10, 10, 10, 10, 10, 10, 10, 10, 10, 10, 10, 10, 10, 10, 10, 10, 10, 10, 10, 10, 10, 10, 10, 10, 10, 10, 10, 10, 10, 10, 10, 10, 10, 10, 10, 10, 10, 10, 10, 10, 10, 10, 10, 10, 1, 4, 18, 10, 10, 3, 10, 
788: 10, 0, 10, 10, 10, 0, 10, 10, 0, 0, 10, 0, 10, 10, 0, 10, 10, 10, 0, 0, 10, 10, 10, 10, 0, 0, 0, 0, 10, 10, 10, 10, 10, 0, 0, 0, 10, 1, 0, 0, 10, 10, 10, 0, 0, 0, 0, 0, 0, 0, 10, 10, 10, 10, 10, 0, 0, 10, 10, 10, 0, 10, 10, 0, 0, 10, 10, 10, 10, 0, 0, 10, 10, 10, 10, 0, 10, 10, 10, 10, 10, 10, 10, 10, 10, 4, 10, 0, 0, 10, 0, 4, 10, 5, 10, 10, 0, 10, 10, 10, 10, 10, 10, 0, 10, 0, 10, 10, 10, 10, 10, 0, 0, 10, 5, 10, 10, 10, 0, 0, : 10, 10, 10, 10, 10, 10, 10, 10, 10, 10, 10, 10, 10, 10, 10, 10, 10, 10, 10, 10, 10, 10, 1, 10, 10, 10, 10, 10, 10, 10, 10, 10, 10, 10, 10, 10, 10, 10, 10, 10, 10, 10, 10, 10, 10, 10, 10, 10, 10, 10, 10, 10, 10, 4, 10, 10, 4, 10, 5, 10, 10, 10, 10, 10, 10, 10, 10, 10, 10, 10, 10, 10, 10, 10, 5, 10, 10, 10, 
777: 10, 0, 10, 0, 10, 0, 10, 10, 10, 0, 10, 0, 10, 10, 0, 0, 0, 0, 10, 0, 0, 10, 0, 10, 0, 0, 0, 0, 0, 10, 10, 1, 2, 10, 0, 10, 0, 0, 10, 10, 3, 10, 10, 10, 0, 0, 10, 10, 0, 0, 10, 10, 0, 10, 0, 0, 7, 10, 10, 0, 10, 0, 10, 0, 10, 10, 0, 10, 5, 10, 0, 10, 0, 0, 0, 10, 10, 0, 10, 0, 10, 0, 0, 10, 10, 10, 10, 0, 0, 0, 0, 10, 0, 0, 10, 0, 0, 10, 10, 10, 0, 10, 10, 10, 10, 10, 0, 0, 0, 10, 2, 0, 10, 0, 10, 0, 1, 5, 10, 10, : 10, 10, 10, 10, 10, 10, 10, 10, 10, 10, 10, 10, 10, 10, 1, 2, 10, 10, 10, 10, 3, 10, 10, 10, 10, 10, 10, 10, 10, 7, 10, 10, 10, 10, 10, 10, 10, 5, 10, 10, 10, 10, 10, 10, 10, 10, 10, 10, 10, 10, 10, 10, 10, 10, 10, 10, 10, 10, 10, 2, 10, 10, 1, 5, 10, 10, 
179: 0, 0, 10, 0, 0, 0, 0, 0, 10, 0, 0, 0, 10, 10, 0, 10, 0, 0, 0, 0, 0, 7, 10, 10, 0, 10, 10, 0, 10, 10, 2, 10, 0, 10, 0, 10, 10, 10, 10, 10, 0, 0, 0, 10, 10, 10, 10, 10, 0, 10, 10, 0, 0, 0, 0, 10, 0, 10, 10, 0, 10, 0, 0, 0, 0, 10, 0, 10, 10, 10, 0, 0, 10, 0, 10, 10, 0, 10, 0, 10, 0, 10, 0, 0, 10, 10, 0, 0, 10, 0, 10, 10, 10, 0, 10, 10, 10, 0, 10, 10, 0, 0, 10, 0, 10, 0, 0, 0, 10, 0, 10, 10, 10, 10, 0, 10, 0, 10, 4, 10, : 10, 10, 10, 10, 10, 7, 10, 10, 10, 10, 10, 10, 2, 10, 10, 10, 10, 10, 10, 10, 10, 10, 10, 10, 10, 10, 10, 10, 10, 10, 10, 10, 10, 10, 10, 10, 10, 10, 10, 10, 10, 10, 10, 10, 10, 10, 10, 10, 10, 10, 10, 10, 10, 10, 10, 10, 10, 10, 10, 10, 10, 4, 10, 
103: 10, 10, 0, 10, 1, 0, 10, 0, 10, 2, 10, 10, 10, 0, 0, 10, 10, 10, 10, 0, 10, 0, 0, 0, 0, 10, 0, 10, 0, 0, 0, 0, 0, 0, 10, 10, 0, 10, 10, 10, 10, 0, 0, 0, 10, 0, 10, 0, 10, 0, 10, 0, 10, 0, 10, 10, 10, 10, 10, 0, 10, 10, 10, 10, 10, 0, 0, 0, 10, 0, 10, 0, 10, 10, 10, 0, 10, 6, 10, 10, 0, 0, 10, 10, 0, 0, 10, 0, 0, 10, 10, 0, 0, 10, 0, 10, 0, 0, 10, 0, 0, 0, 0, 10, 0, 1, 0, 10, 0, 10, 10, 0, 0, 10, 0, 10, 0, 10, 10, 0, : 10, 10, 10, 1, 10, 10, 2, 10, 10, 10, 10, 10, 10, 10, 10, 10, 10, 10, 10, 10, 10, 10, 10, 10, 10, 10, 10, 10, 10, 10, 10, 10, 10, 10, 10, 10, 10, 10, 10, 10, 10, 10, 10, 10, 6, 10, 10, 10, 10, 10, 10, 10, 10, 10, 10, 10, 1, 10, 10, 10, 10, 10, 10, 10, 
297: 0, 5, 10, 10, 0, 0, 0, 10, 10, 0, 0, 10, 0, 0, 0, 10, 0, 10, 10, 1, 0, 10, 10, 10, 10, 0, 10, 0, 10, 0, 0, 10, 10, 10, 10, 0, 10, 0, 0, 0, 0, 0, 10, 0, 10, 10, 0, 10, 10, 10, 0, 0, 10, 10, 10, 10, 0, 0, 10, 10, 10, 10, 10, 10, 10, 10, 10, 0, 0, 0, 0, 10, 0, 0, 0, 0, 0, 10, 10, 10, 10, 0, 0, 0, 10, 10, 10, 10, 10, 0, 10, 0, 0, 10, 0, 10, 0, 10, 10, 10, 10, 0, 0, 16, 0, 0, 0, 0, 0, 0, 10, 10, 0, 10, 10, 0, 0, 10, 0, 0, : 5, 10, 10, 10, 10, 10, 10, 10, 10, 1, 10, 10, 10, 10, 10, 10, 10, 10, 10, 10, 10, 10, 10, 10, 10, 10, 10, 10, 10, 10, 10, 10, 10, 10, 10, 10, 10, 10, 10, 10, 10, 10, 10, 10, 10, 10, 10, 10, 10, 10, 10, 10, 10, 10, 10, 10, 10, 16, 10, 10, 10, 10, 10, 
633: 0, 10, 0, 10, 10, 0, 0, 0, 10, 0, 0, 10, 10, 10, 10, 10, 0, 10, 10, 10, 0, 10, 10, 10, 0, 10, 20, 0, 10, 0, 0, 0, 0, 0, 10, 10, 10, 10, 0, 10, 10, 0, 2, 10, 0, 10, 0, 10, 0, 10, 0, 10, 0, 10, 10, 0, 10, 0, 10, 0, 10, 10, 0, 0, 0, 0, 10, 0, 10, 0, 0, 0, 3, 0, 10, 10, 0, 0, 10, 10, 10, 0, 0, 0, 0, 0, 0, 0, 0, 10, 10, 10, 0, 0, 0, 10, 0, 0, 10, 10, 0, 10, 0, 0, 0, 10, 10, 0, 10, 0, 10, 10, 1, 0, 10, 10, 0, 0, 0, 0, : 10, 10, 10, 10, 10, 10, 10, 10, 10, 10, 10, 10, 10, 10, 10, 10, 20, 10, 10, 10, 10, 10, 10, 10, 2, 10, 10, 10, 10, 10, 10, 10, 10, 10, 10, 10, 10, 10, 3, 10, 10, 10, 10, 10, 10, 10, 10, 10, 10, 10, 10, 10, 10, 10, 10, 10, 1, 10, 10, 
656: 0, 0, 10, 10, 10, 10, 10, 0, 10, 0, 0, 10, 10, 0, 0, 10, 0, 0, 0, 1, 10, 10, 10, 0, 0, 0, 10, 10, 0, 10, 10, 10, 10, 10, 0, 0, 10, 10, 10, 10, 0, 0, 10, 1, 10, 0, 10, 10, 0, 0, 0, 0, 0, 0, 0, 0, 0, 0, 0, 10, 0, 0, 0, 10, 0, 0, 10, 0, 10, 0, 0, 0, 10, 0, 10, 10, 10, 10, 0, 0, 10, 0, 10, 10, 10, 10, 0, 10, 0, 10, 10, 0, 0, 10, 10, 0, 10, 10, 10, 0, 0, 4, 0, 7, 10, 0, 10, 10, 10, 10, 0, 10, 0, 0, 10, 10, 10, 10, 10, 10, : 10, 10, 10, 10, 10, 10, 10, 10, 10, 1, 10, 10, 10, 10, 10, 10, 10, 10, 10, 10, 10, 10, 10, 10, 10, 1, 10, 10, 10, 10, 10, 10, 10, 10, 10, 10, 10, 10, 10, 10, 10, 10, 10, 10, 10, 10, 10, 10, 10, 10, 10, 4, 7, 10, 10, 10, 10, 10, 10, 10, 10, 10, 10, 10, 10, 
83: 10, 10, 0, 0, 10, 10, 10, 10, 10, 0, 10, 10, 0, 0, 10, 0, 10, 10, 10, 10, 10, 0, 0, 0, 0, 10, 0, 10, 10, 0, 10, 10, 5, 10, 10, 0, 10, 0, 10, 0, 10, 10, 10, 0, 0, 0, 10, 0, 10, 10, 10, 0, 1, 0, 0, 10, 10, 0, 10, 0, 0, 10, 10, 0, 10, 10, 10, 10, 0, 10, 10, 10, 0, 0, 10, 10, 10, 10, 0, 10, 10, 10, 0, 1, 0, 10, 17, 10, 0, 10, 10, 0, 0, 10, 10, 10, 0, 10, 10, 0, 10, 10, 0, 0, 10, 10, 0, 10, 10, 0, 10, 0, 10, 10, 10, 0, 10, 10, 0, 10, : 10, 10, 10, 10, 10, 10, 10, 10, 10, 10, 10, 10, 10, 10, 10, 10, 10, 10, 10, 10, 5, 10, 10, 10, 10, 10, 10, 10, 10, 10, 10, 10, 1, 10, 10, 10, 10, 10, 10, 10, 10, 10, 10, 10, 10, 10, 10, 10, 10, 10, 10, 10, 1, 10, 17, 10, 10, 10, 10, 10, 10, 10, 10, 10, 10, 10, 10, 10, 10, 10, 10, 10, 10, 10, 10, 10, 
127: 0, 10, 0, 10, 0, 0, 0, 10, 10, 10, 10, 10, 0, 0, 0, 10, 0, 0, 0, 10, 10, 0, 10, 10, 0, 10, 0, 10, 0, 10, 10, 0, 10, 3, 10, 10, 10, 10, 10, 0, 10, 10, 0, 0, 0, 10, 10, 0, 10, 10, 10, 0, 0, 10, 10, 10, 0, 10, 0, 0, 0, 10, 0, 0, 0, 0, 0, 0, 10, 10, 0, 10, 0, 0, 0, 0, 0, 0, 0, 10, 0, 10, 10, 0, 10, 0, 10, 10, 0, 10, 0, 10, 10, 0, 10, 10, 0, 10, 0, 10, 10, 10, 0, 0, 10, 0, 10, 10, 10, 0, 0, 0, 0, 0, 0, 0, 10, 0, 0, 0, : 10, 10, 10, 10, 10, 10, 10, 10, 10, 10, 10, 10, 10, 10, 10, 10, 10, 3, 10, 10, 10, 10, 10, 10, 10, 10, 10, 10, 10, 10, 10, 10, 10, 10, 10, 10, 10, 10, 10, 10, 10, 10, 10, 10, 10, 10, 10, 10, 10, 10, 10, 10, 10, 10, 10, 10, 10, 10, 
738: 0, 0, 0, 10, 10, 0, 0, 10, 0, 0, 1, 10, 0, 10, 0, 10, 10, 0, 0, 1, 10, 10, 0, 10, 10, 10, 10, 10, 0, 1, 0, 0, 0, 2, 0, 10, 10, 10, 0, 0, 10, 0, 0, 0, 10, 0, 10, 0, 0, 0, 0, 0, 10, 1, 0, 0, 0, 0, 0, 0, 0, 0, 10, 10, 10, 0, 0, 10, 0, 0, 10, 10, 10, 0, 10, 10, 10, 10, 10, 10, 10, 0, 10, 0, 10, 0, 0, 10, 10, 0, 2, 10, 0, 0, 10, 10, 10, 4, 10, 10, 10, 10, 10, 0, 0, 0, 0, 10, 10, 0, 10, 0, 0, 0, 10, 0, 0, 7, 0, 0, : 10, 10, 10, 1, 10, 10, 10, 10, 1, 10, 10, 10, 10, 10, 10, 10, 1, 2, 10, 10, 10, 10, 10, 10, 10, 1, 10, 10, 10, 10, 10, 10, 10, 10, 10, 10, 10, 10, 10, 10, 10, 10, 10, 10, 2, 10, 10, 10, 10, 4, 10, 10, 10, 10, 10, 10, 10, 10, 10, 7, 
194: 0, 0, 10, 0, 0, 0, 10, 0, 10, 10, 0, 0, 10, 0, 0, 10, 10, 10, 0, 10, 10, 0, 0, 10, 10, 10, 0, 0, 10, 0, 0, 10, 0, 10, 10, 10, 0, 0, 0, 0, 0, 0, 0, 0, 0, 0, 0, 10, 10, 10, 0, 0, 0, 10, 0, 10, 0, 10, 10, 10, 10, 0, 10, 10, 0, 10, 10, 0, 10, 10, 10, 10, 0, 0, 10, 10, 0, 0, 10, 0, 10, 10, 0, 10, 0, 0, 0, 0, 10, 10, 10, 10, 10, 10, 0, 10, 10, 0, 10, 10, 10, 0, 0, 10, 0, 0, 0, 0, 0, 12, 10, 10, 0, 0, 10, 0, 10, 10, 0, 10, : 10, 10, 10, 10, 10, 10, 10, 10, 10, 10, 10, 10, 10, 10, 10, 10, 10, 10, 10, 10, 10, 10, 10, 10, 10, 10, 10, 10, 10, 10, 10, 10, 10, 10, 10, 10, 10, 10, 10, 10, 10, 10, 10, 10, 10, 10, 10, 10, 10, 10, 10, 10, 10, 12, 10, 10, 10, 10, 10, 10, 
34: 10, 0, 0, 0, 0, 10, 10, 0, 0, 0, 10, 0, 10, 10, 10, 0, 2, 0, 0, 10, 0, 0, 10, 0, 10, 0, 10, 10, 10, 10, 0, 10, 10, 0, 0, 0, 10, 10, 0, 0, 10, 0, 10, 10, 1, 0, 0, 15, 0, 0, 10, 0, 10, 10, 10, 10, 10, 9, 0, 0, 10, 0, 10, 4, 0, 0, 10, 10, 10, 0, 0, 10, 10, 0, 10, 10, 0, 10, 10, 10, 10, 0, 1, 0, 0, 10, 0, 10, 10, 0, 10, 0, 0, 0, 10, 0, 0, 0, 10, 10, 10, 0, 10, 0, 10, 3, 10, 0, 10, 0, 10, 10, 0, 10, 10, 0, 10, 0, 0, 10, : 10, 10, 10, 10, 10, 10, 10, 2, 10, 10, 10, 10, 10, 10, 10, 10, 10, 10, 10, 10, 10, 10, 1, 15, 10, 10, 10, 10, 10, 10, 9, 10, 10, 4, 10, 10, 10, 10, 10, 10, 10, 10, 10, 10, 10, 1, 10, 10, 10, 10, 10, 10, 10, 10, 10, 10, 3, 10, 10, 10, 10, 10, 10, 10, 10, 
364: 10, 10, 0, 10, 0, 10, 10, 10, 0, 0, 0, 10, 0, 10, 1, 10, 10, 10, 0, 10, 10, 10, 0, 10, 10, 0, 0, 0, 10, 0, 10, 0, 6, 0, 0, 10, 0, 10, 0, 0, 0, 0, 0, 0, 10, 10, 10, 0, 10, 0, 10, 0, 10, 0, 10, 0, 0, 0, 10, 10, 0, 7, 0, 10, 10, 10, 0, 10, 0, 0, 10, 0, 0, 0, 0, 0, 10, 10, 1, 0, 10, 0, 10, 10, 0, 0, 10, 10, 0, 10, 0, 10, 10, 0, 10, 10, 10, 10, 0, 10, 10, 0, 10, 0, 10, 0, 10, 10, 0, 0, 0, 10, 0, 0, 0, 1, 10, 1, 0, 10, : 10, 10, 10, 10, 10, 10, 10, 10, 1, 10, 10, 10, 10, 10, 10, 10, 10, 10, 10, 6, 10, 10, 10, 10, 10, 10, 10, 10, 10, 10, 10, 7, 10, 10, 10, 10, 10, 10, 10, 1, 10, 10, 10, 10, 10, 10, 10, 10, 10, 10, 10, 10, 10, 10, 10, 10, 10, 10, 10, 1, 10, 1, 10, 
767: 0, 0, 0, 0, 10, 10, 0, 10, 10, 0, 10, 10, 0, 0, 10, 0, 10, 0, 10, 10, 10, 0, 0, 10, 10, 10, 10, 10, 0, 10, 10, 0, 0, 0, 0, 10, 0, 0, 1, 0, 10, 10, 0, 10, 10, 0, 10, 0, 0, 10, 0, 10, 0, 0, 0, 0, 0, 0, 0, 0, 0, 10, 10, 10, 0, 0, 10, 0, 0, 0, 0, 10, 0, 0, 0, 0, 0, 10, 10, 10, 1, 10, 0, 10, 0, 0, 10, 10, 10, 0, 10, 10, 0, 0, 0, 0, 10, 10, 10, 0, 10, 10, 10, 0, 0, 10, 10, 10, 5, 0, 10, 10, 0, 10, 0, 10, 0, 10, 10, 0, : 10, 10, 10, 10, 10, 10, 10, 10, 10, 10, 10, 10, 10, 10, 10, 10, 10, 10, 10, 1, 10, 10, 10, 10, 10, 10, 10, 10, 10, 10, 10, 10, 10, 10, 10, 1, 10, 10, 10, 10, 10, 10, 10, 10, 10, 10, 10, 10, 10, 10, 10, 10, 5, 10, 10, 10, 10, 10, 10, 
668: 10, 0, 10, 0, 10, 10, 10, 10, 0, 10, 10, 10, 10, 10, 2, 0, 0, 10, 10, 0, 10, 10, 0, 0, 0, 10, 10, 0, 0, 10, 0, 0, 10, 0, 10, 10, 0, 10, 0, 10, 10, 0, 10, 10, 10, 10, 0, 10, 10, 0, 10, 0, 2, 0, 10, 0, 0, 0, 10, 0, 0, 10, 10, 10, 0, 6, 0, 10, 0, 0, 0, 0, 0, 10, 0, 0, 0, 0, 10, 0, 10, 10, 10, 0, 10, 0, 0, 0, 10, 10, 0, 0, 10, 0, 0, 5, 0, 0, 12, 0, 10, 0, 0, 10, 10, 0, 0, 10, 0, 0, 4, 10, 0, 11, 10, 10, 10, 10, 0, 0, : 10, 10, 10, 10, 10, 10, 10, 10, 10, 10, 10, 2, 10, 10, 10, 10, 10, 10, 10, 10, 10, 10, 10, 10, 10, 10, 10, 10, 10, 10, 10, 10, 2, 10, 10, 10, 10, 10, 6, 10, 10, 10, 10, 10, 10, 10, 10, 10, 10, 5, 12, 10, 10, 10, 10, 4, 10, 11, 10, 10, 10, 10, 
607: 0, 0, 10, 10, 10, 10, 0, 10, 0, 10, 10, 10, 1, 0, 0, 10, 10, 10, 0, 10, 0, 10, 2, 10, 0, 10, 0, 0, 10, 10, 10, 0, 10, 10, 10, 0, 0, 0, 0, 0, 10, 1, 3, 0, 0, 0, 10, 10, 10, 10, 0, 4, 10, 10, 0, 10, 10, 0, 0, 10, 10, 0, 0, 0, 10, 0, 10, 10, 0, 10, 0, 0, 10, 0, 10, 0, 0, 0, 10, 0, 0, 0, 0, 10, 0, 0, 0, 0, 0, 0, 0, 10, 10, 0, 0, 0, 2, 0, 0, 0, 0, 10, 10, 10, 0, 10, 0, 10, 0, 0, 10, 10, 6, 0, 10, 10, 0, 0, 19, 10, : 10, 10, 10, 10, 10, 10, 10, 10, 1, 10, 10, 10, 10, 10, 2, 10, 10, 10, 10, 10, 10, 10, 10, 10, 1, 3, 10, 10, 10, 10, 4, 10, 10, 10, 10, 10, 10, 10, 10, 10, 10, 10, 10, 10, 10, 10, 10, 2, 10, 10, 10, 10, 10, 10, 10, 6, 10, 10, 19, 10, 
188: 10, 10, 10, 0, 0, 0, 0, 10, 0, 0, 0, 0, 10, 0, 10, 0, 1, 0, 10, 0, 10, 0, 0, 10, 0, 10, 0, 0, 1, 10, 0, 0, 10, 0, 10, 10, 0, 10, 10, 0, 10, 10, 0, 10, 10, 0, 10, 10, 10, 10, 0, 0, 0, 10, 0, 10, 0, 10, 0, 0, 10, 0, 0, 0, 0, 10, 0, 0, 0, 0, 10, 0, 0, 10, 0, 0, 10, 10, 0, 2, 0, 10, 10, 0, 0, 10, 10, 10, 10, 0, 0, 10, 10, 0, 0, 10, 10, 10, 0, 0, 10, 0, 0, 0, 0, 0, 0, 0, 10, 0, 0, 0, 10, 10, 10, 10, 10, 0, 0, 10, : 10, 10, 10, 10, 10, 10, 1, 10, 10, 10, 10, 1, 10, 10, 10, 10, 10, 10, 10, 10, 10, 10, 10, 10, 10, 10, 10, 10, 10, 10, 10, 10, 10, 10, 10, 2, 10, 10, 10, 10, 10, 10, 10, 10, 10, 10, 10, 10, 10, 10, 10, 10, 10, 10, 10, 
787: 10, 10, 10, 0, 10, 10, 0, 0, 10, 0, 10, 10, 10, 10, 10, 0, 10, 0, 10, 0, 10, 10, 0, 0, 0, 10, 0, 10, 0, 10, 0, 0, 0, 0, 10, 10, 10, 0, 10, 10, 1, 10, 0, 0, 10, 10, 10, 10, 10, 10, 0, 1, 10, 0, 0, 0, 0, 10, 10, 0, 10, 0, 10, 0, 10, 0, 10, 0, 10, 0, 0, 0, 10, 10, 0, 10, 10, 0, 0, 0, 0, 0, 0, 0, 0, 0, 0, 0, 0, 0, 10, 0, 10, 10, 10, 10, 10, 0, 0, 4, 0, 10, 10, 10, 10, 10, 0, 0, 0, 0, 0, 10, 10, 10, 0, 0, 10, 0, 0, 10, : 10, 10, 10, 10, 10, 10, 10, 10, 10, 10, 10, 10, 10, 10, 10, 10, 10, 10, 10, 10, 10, 10, 10, 1, 10, 10, 10, 10, 10, 10, 10, 1, 10, 10, 10, 10, 10, 10, 10, 10, 10, 10, 10, 10, 10, 10, 10, 10, 10, 10, 4, 10, 10, 10, 10, 10, 10, 10, 10, 10, 10, 
24: 0, 10, 0, 10, 0, 0, 2, 0, 10, 9, 0, 0, 3, 10, 0, 0, 10, 10, 10, 0, 10, 10, 0, 0, 10, 0, 0, 0, 10, 0, 0, 0, 10, 10, 0, 10, 10, 0, 10, 10, 0, 10, 10, 0, 10, 0, 0, 0, 10, 10, 0, 10, 10, 0, 10, 10, 10, 10, 0, 10, 10, 0, 0, 10, 10, 17, 0, 0, 0, 0, 10, 0, 4, 10, 10, 0, 0, 0, 0, 10, 10, 0, 0, 10, 10, 10, 0, 0, 10, 10, 10, 10, 10, 10, 0, 0, 10, 0, 0, 10, 1, 10, 10, 0, 17, 0, 0, 10, 10, 0, 0, 13, 10, 0, 10, 0, 0, 10, 0, 10, : 10, 10, 2, 10, 9, 3, 10, 10, 10, 10, 10, 10, 10, 10, 10, 10, 10, 10, 10, 10, 10, 10, 10, 10, 10, 10, 10, 10, 10, 10, 10, 10, 10, 10, 10, 17, 10, 4, 10, 10, 10, 10, 10, 10, 10, 10, 10, 10, 10, 10, 10, 10, 10, 1, 10, 10, 17, 10, 10, 13, 10, 10, 10, 10, 
652: 0, 10, 0, 10, 10, 10, 0, 0, 10, 0, 10, 10, 0, 10, 10, 10, 10, 0, 10, 10, 10, 10, 10, 10, 10, 0, 0, 10, 10, 10, 10, 13, 0, 10, 0, 0, 0, 10, 0, 0, 0, 10, 10, 0, 10, 10, 10, 4, 10, 10, 0, 0, 10, 0, 0, 2, 0, 0, 0, 4, 10, 10, 10, 0, 10, 10, 0, 10, 0, 10, 10, 10, 0, 0, 0, 0, 0, 0, 10, 10, 0, 0, 0, 0, 10, 10, 0, 10, 10, 0, 10, 0, 3, 10, 10, 0, 0, 0, 10, 10, 0, 10, 0, 0, 10, 0, 10, 10, 10, 0, 0, 0, 0, 2, 0, 0, 10, 10, 10, 10, : 10, 10, 10, 10, 10, 10, 10, 10, 10, 10, 10, 10, 10, 10, 10, 10, 10, 10, 10, 10, 10, 10, 13, 10, 10, 10, 10, 10, 10, 10, 4, 10, 10, 10, 2, 4, 10, 10, 10, 10, 10, 10, 10, 10, 10, 10, 10, 10, 10, 10, 10, 10, 3, 10, 10, 10, 10, 10, 10, 10, 10, 10, 2, 10, 10, 10, 10, 
637: 0, 0, 10, 0, 0, 0, 10, 0, 10, 10, 0, 0, 10, 10, 10, 0, 0, 10, 0, 10, 8, 10, 10, 10, 10, 0, 0, 10, 10, 10, 0, 0, 0, 10, 10, 0, 0, 10, 10, 0, 10, 10, 0, 10, 0, 10, 0, 0, 10, 10, 10, 0, 10, 10, 10, 10, 0, 10, 10, 0, 0, 10, 0, 10, 0, 10, 0, 0, 0, 10, 0, 0, 10, 0, 10, 0, 0, 0, 0, 10, 0, 0, 0, 0, 10, 10, 10, 10, 10, 10, 10, 10, 0, 10, 10, 0, 10, 0, 0, 10, 0, 10, 10, 0, 0, 10, 10, 0, 1, 10, 0, 10, 0, 0, 0, 10, 10, 10, 10, 0, : 10, 10, 10, 10, 10, 10, 10, 10, 10, 8, 10, 10, 10, 10, 10, 10, 10, 10, 10, 10, 10, 10, 10, 10, 10, 10, 10, 10, 10, 10, 10, 10, 10, 10, 10, 10, 10, 10, 10, 10, 10, 10, 10, 10, 10, 10, 10, 10, 10, 10, 10, 10, 10, 10, 10, 10, 10, 1, 10, 10, 10, 10, 10, 10, 
317: 0, 0, 0, 0, 10, 10, 0, 0, 10, 10, 0, 0, 0, 0, 10, 0, 10, 0, 0, 10, 10, 10, 0, 12, 10, 10, 10, 10, 0, 10, 10, 0, 10, 0, 0, 0, 0, 4, 0, 10, 8, 0, 0, 10, 10, 10, 7, 0, 0, 0, 0, 10, 8, 0, 10, 10, 10, 0, 10, 10, 0, 10, 10, 10, 0, 0, 0, 0, 10, 10, 0, 10, 10, 10, 0, 0, 10, 0, 0, 0, 10, 0, 0, 10, 10, 0, 0, 0, 0, 10, 0, 10, 0, 0, 0, 0, 0, 10, 0, 10, 10, 10, 0, 10, 0, 10, 10, 10, 10, 0, 10, 0, 10, 0, 0, 10, 10, 0, 0, 10, : 10, 10, 10, 10, 10, 10, 10, 10, 10, 12, 10, 10, 10, 10, 10, 10, 10, 4, 10, 8, 10, 10, 10, 7, 10, 8, 10, 10, 10, 10, 10, 10, 10, 10, 10, 10, 10, 10, 10, 10, 10, 10, 10, 10, 10, 10, 10, 10, 10, 10, 10, 10, 10, 10, 10, 10, 10, 10, 10, 
356: 0, 0, 10, 10, 10, 0, 0, 0, 0, 10, 0, 10, 10, 0, 0, 0, 10, 10, 0, 10, 0, 0, 10, 10, 10, 0, 0, 0, 10, 0, 0, 5, 0, 0, 0, 10, 10, 0, 10, 10, 0, 0, 0, 10, 0, 0, 0, 1, 10, 0, 10, 10, 10, 0, 0, 0, 10, 10, 10, 10, 10, 0, 10, 0, 0, 0, 0, 0, 10, 10, 0, 0, 10, 10, 0, 0, 0, 10, 0, 0, 10, 10, 10, 0, 10, 10, 10, 10, 0, 0, 0, 0, 0, 10, 10, 0, 10, 0, 0, 10, 10, 10, 10, 10, 10, 0, 0, 0, 10, 10, 10, 10, 0, 10, 0, 10, 0, 10, 0, 0, : 10, 10, 10, 10, 10, 10, 10, 10, 10, 10, 10, 10, 10, 5, 10, 10, 10, 10, 10, 1, 10, 10, 10, 10, 10, 10, 10, 10, 10, 10, 10, 10, 10, 10, 10, 10, 10, 10, 10, 10, 10, 10, 10, 10, 10, 10, 10, 10, 10, 10, 10, 10, 10, 10, 10, 10, 10, 10, 
458: 0, 0, 0, 0, 10, 0, 0, 0, 10, 10, 0, 0, 0, 10, 0, 3, 0, 0, 10, 10, 0, 10, 0, 10, 10, 0, 1, 10, 0, 0, 10, 0, 0, 10, 0, 10, 0, 10, 10, 10, 10, 0, 0, 0, 10, 10, 0, 0, 10, 10, 10, 0, 0, 10, 0, 10, 10, 10, 10, 0, 0, 10, 1, 10, 0, 0, 0, 0, 0, 10, 10, 10, 0, 0, 0, 10, 10, 0, 0, 0, 0, 10, 0, 0, 1, 0, 10, 10, 0, 10, 10, 0, 0, 10, 10, 10, 10, 0, 3, 0, 10, 10, 10, 10, 0, 10, 10, 0, 0, 0, 0, 10, 0, 0, 10, 0, 0, 0, 10, 10, : 10, 10, 10, 10, 3, 10, 10, 10, 10, 10, 1, 10, 10, 10, 10, 10, 10, 10, 10, 10, 10, 10, 10, 10, 10, 10, 10, 10, 10, 10, 1, 10, 10, 10, 10, 10, 10, 10, 1, 10, 10, 10, 10, 10, 10, 10, 10, 3, 10, 10, 10, 10, 10, 10, 10, 10, 10, 10, 
140: 10, 10, 10, 10, 0, 0, 20, 10, 0, 10, 0, 0, 0, 10, 10, 0, 10, 0, 10, 0, 10, 10, 0, 1, 10, 0, 0, 10, 10, 10, 0, 10, 10, 0, 10, 0, 9, 10, 0, 0, 19, 0, 0, 0, 0, 10, 0, 0, 0, 10, 0, 0, 0, 0, 10, 10, 0, 0, 0, 10, 10, 10, 0, 0, 0, 0, 0, 0, 0, 0, 10, 0, 0, 10, 10, 1, 10, 0, 10, 0, 0, 0, 10, 10, 10, 0, 0, 0, 10, 0, 0, 0, 10, 0, 0, 0, 0, 0, 17, 10, 10, 0, 10, 0, 10, 2, 10, 0, 0, 10, 0, 10, 0, 0, 0, 0, 10, 0, 10, 0, : 10, 10, 10, 10, 20, 10, 10, 10, 10, 10, 10, 10, 10, 1, 10, 10, 10, 10, 10, 10, 10, 9, 10, 19, 10, 10, 10, 10, 10, 10, 10, 10, 10, 10, 1, 10, 10, 10, 10, 10, 10, 10, 17, 10, 10, 10, 10, 2, 10, 10, 10, 10, 10, 
750: 0, 10, 0, 10, 10, 0, 0, 7, 10, 10, 10, 10, 0, 10, 0, 10, 10, 0, 10, 0, 0, 0, 10, 10, 10, 10, 10, 0, 10, 0, 0, 10, 10, 10, 10, 1, 0, 10, 10, 0, 10, 0, 10, 0, 0, 0, 10, 0, 0, 1, 0, 0, 0, 10, 0, 0, 10, 10, 10, 10, 10, 10, 10, 1, 10, 10, 10, 0, 10, 0, 10, 0, 0, 10, 20, 0, 0, 10, 10, 10, 0, 10, 0, 10, 10, 0, 0, 0, 0, 0, 10, 0, 10, 0, 10, 0, 10, 0, 10, 10, 10, 10, 0, 0, 10, 0, 0, 10, 0, 10, 0, 0, 0, 10, 10, 10, 10, 10, 0, 10, : 10, 10, 10, 7, 10, 10, 10, 10, 10, 10, 10, 10, 10, 10, 10, 10, 10, 10, 10, 10, 10, 10, 1, 10, 10, 10, 10, 10, 1, 10, 10, 10, 10, 10, 10, 10, 10, 1, 10, 10, 10, 10, 10, 10, 20, 10, 10, 10, 10, 10, 10, 10, 10, 10, 10, 10, 10, 10, 10, 10, 10, 10, 10, 10, 10, 10, 10, 10, 
567: 0, 0, 0, 0, 10, 10, 10, 0, 10, 0, 10, 0, 10, 10, 10, 0, 0, 0, 0, 10, 10, 10, 10, 0, 0, 0, 0, 0, 10, 0, 10, 0, 0, 10, 10, 0, 0, 0, 10, 10, 0, 10, 10, 0, 10, 0, 0, 10, 0, 16, 10, 10, 10, 10, 0, 10, 10, 0, 0, 10, 10, 0, 0, 10, 0, 0, 0, 10, 10, 0, 0, 1, 10, 0, 10, 10, 10, 0, 10, 10, 0, 0, 10, 0, 10, 10, 10, 10, 0, 10, 0, 10, 10, 10, 0, 10, 10, 0, 10, 0, 10, 1, 10, 10, 0, 0, 10, 0, 10, 10, 10, 10, 10, 9, 0, 0, 10, 10, 0, 10, : 10, 10, 10, 10, 10, 10, 10, 10, 10, 10, 10, 10, 10, 10, 10, 10, 10, 10, 10, 10, 10, 10, 16, 10, 10, 10, 10, 10, 10, 10, 10, 10, 10, 10, 1, 10, 10, 10, 10, 10, 10, 10, 10, 10, 10, 10, 10, 10, 10, 10, 10, 10, 10, 10, 1, 10, 10, 10, 10, 10, 10, 10, 10, 9, 10, 10, 10, 
129: 0, 10, 10, 10, 0, 10, 10, 0, 0, 0, 10, 0, 0, 0, 0, 10, 10, 0, 0, 10, 10, 10, 10, 0, 10, 0, 0, 0, 3, 0, 10, 0, 10, 10, 19, 0, 10, 10, 0, 10, 10, 10, 10, 0, 0, 0, 0, 10, 0, 0, 0, 0, 10, 10, 10, 0, 0, 10, 10, 10, 10, 0, 10, 10, 0, 15, 10, 10, 0, 0, 0, 10, 10, 0, 12, 0, 0, 10, 0, 10, 0, 10, 1, 10, 10, 10, 0, 10, 10, 0, 10, 0, 10, 0, 5, 0, 0, 0, 0, 10, 10, 10, 0, 2, 0, 10, 10, 10, 0, 10, 0, 10, 10, 0, 0, 10, 10, 0, 0, 0, : 10, 10, 10, 10, 10, 10, 10, 10, 10, 10, 10, 10, 10, 3, 10, 10, 10, 19, 10, 10, 10, 10, 10, 10, 10, 10, 10, 10, 10, 10, 10, 10, 10, 10, 15, 10, 10, 10, 10, 12, 10, 10, 10, 1, 10, 10, 10, 10, 10, 10, 10, 5, 10, 10, 10, 2, 10, 10, 10, 10, 10, 10, 10, 10, 
16: 0, 0, 0, 10, 10, 0, 0, 10, 0, 10, 10, 10, 0, 10, 10, 10, 0, 0, 10, 10, 10, 10, 10, 10, 0, 0, 0, 10, 0, 0, 0, 0, 0, 0, 0, 0, 0, 0, 10, 10, 0, 0, 0, 10, 0, 0, 10, 10, 0, 10, 0, 10, 0, 10, 10, 0, 10, 10, 0, 0, 0, 10, 4, 0, 0, 10, 0, 10, 10, 0, 10, 10, 10, 10, 10, 0, 0, 0, 10, 9, 4, 10, 10, 0, 5, 0, 10, 0, 0, 10, 10, 0, 0, 10, 0, 0, 10, 10, 0, 10, 10, 10, 0, 0, 10, 10, 10, 0, 0, 0, 10, 0, 0, 10, 0, 0, 0, 0, 0, 10, : 10, 10, 10, 10, 10, 10, 10, 10, 10, 10, 10, 10, 10, 10, 10, 10, 10, 10, 10, 10, 10, 10, 10, 10, 10, 10, 10, 10, 4, 10, 10, 10, 10, 10, 10, 10, 10, 10, 9, 4, 10, 10, 5, 10, 10, 10, 10, 10, 10, 10, 10, 10, 10, 10, 10, 10, 10, 10, 
392: 0, 0, 10, 10, 0, 0, 0, 10, 0, 10, 10, 10, 10, 10, 0, 10, 0, 1, 0, 10, 0, 0, 0, 0, 10, 10, 10, 10, 0, 0, 0, 0, 10, 10, 0, 0, 10, 0, 10, 10, 10, 10, 10, 0, 0, 0, 10, 0, 0, 0, 10, 10, 0, 0, 10, 0, 10, 10, 1, 0, 0, 0, 10, 0, 10, 10, 0, 0, 19, 10, 0, 0, 0, 0, 0, 10, 0, 10, 10, 10, 0, 10, 1, 10, 0, 0, 10, 10, 10, 0, 0, 0, 0, 10, 0, 0, 0, 10, 10, 0, 10, 0, 10, 10, 10, 10, 0, 2, 0, 0, 0, 10, 10, 0, 10, 0, 0, 0, 10, 10, : 10, 10, 10, 10, 10, 10, 10, 10, 10, 1, 10, 10, 10, 10, 10, 10, 10, 10, 10, 10, 10, 10, 10, 10, 10, 10, 10, 10, 10, 1, 10, 10, 10, 19, 10, 10, 10, 10, 10, 10, 1, 10, 10, 10, 10, 10, 10, 10, 10, 10, 10, 10, 10, 2, 10, 10, 10, 10, 10, 
331: 0, 10, 3, 0, 10, 4, 10, 10, 10, 0, 10, 0, 0, 6, 10, 0, 0, 10, 10, 0, 0, 0, 10, 10, 10, 0, 10, 0, 0, 0, 0, 10, 0, 10, 0, 0, 0, 10, 0, 0, 0, 10, 10, 10, 0, 10, 10, 0, 10, 0, 0, 0, 0, 0, 10, 0, 10, 0, 4, 0, 0, 10, 0, 0, 0, 0, 10, 10, 10, 0, 0, 10, 0, 10, 3, 0, 10, 0, 0, 0, 10, 0, 10, 0, 0, 0, 17, 0, 10, 0, 10, 10, 10, 0, 10, 10, 2, 0, 0, 10, 0, 0, 10, 0, 0, 13, 0, 10, 10, 0, 10, 0, 10, 0, 10, 0, 10, 0, 10, 10, : 10, 3, 10, 4, 10, 10, 10, 10, 6, 10, 10, 10, 10, 10, 10, 10, 10, 10, 10, 10, 10, 10, 10, 10, 10, 10, 10, 4, 10, 10, 10, 10, 10, 10, 3, 10, 10, 10, 17, 10, 10, 10, 10, 10, 10, 2, 10, 10, 13, 10, 10, 10, 10, 10, 10, 10, 10, 
508: 0, 0, 0, 10, 0, 0, 0, 10, 0, 0, 10, 0, 10, 0, 0, 10, 0, 10, 10, 10, 0, 10, 0, 10, 10, 0, 18, 0, 0, 0, 0, 0, 0, 0, 0, 10, 10, 10, 10, 10, 0, 0, 10, 0, 0, 10, 0, 10, 0, 0, 10, 10, 0, 10, 10, 10, 10, 10, 0, 0, 0, 0, 10, 0, 0, 0, 4, 0, 0, 10, 0, 6, 10, 0, 10, 0, 0, 10, 10, 10, 10, 0, 10, 0, 0, 0, 10, 10, 10, 0, 0, 0, 10, 0, 0, 10, 0, 10, 0, 10, 0, 0, 10, 0, 0, 10, 0, 10, 0, 10, 10, 10, 10, 10, 0, 13, 10, 0, 0, 10, : 10, 10, 10, 10, 10, 10, 10, 10, 10, 10, 10, 18, 10, 10, 10, 10, 10, 10, 10, 10, 10, 10, 10, 10, 10, 10, 10, 10, 4, 10, 6, 10, 10, 10, 10, 10, 10, 10, 10, 10, 10, 10, 10, 10, 10, 10, 10, 10, 10, 10, 10, 10, 10, 13, 10, 10, 
315: 0, 10, 0, 10, 0, 0, 0, 0, 10, 15, 10, 0, 0, 0, 10, 0, 10, 0, 0, 0, 0, 10, 0, 10, 10, 10, 0, 0, 10, 10, 10, 2, 0, 10, 10, 10, 10, 10, 0, 0, 10, 10, 0, 10, 0, 10, 2, 10, 0, 10, 10, 10, 10, 0, 0, 0, 0, 0, 10, 10, 10, 0, 0, 0, 10, 10, 11, 10, 10, 0, 0, 0, 0, 10, 0, 10, 0, 0, 10, 0, 0, 10, 10, 10, 10, 1, 0, 10, 10, 10, 10, 10, 10, 0, 0, 10, 0, 10, 10, 0, 0, 0, 10, 10, 0, 10, 0, 0, 10, 10, 10, 0, 10, 10, 10, 9, 1, 10, 10, 10, : 10, 10, 10, 15, 10, 10, 10, 10, 10, 10, 10, 10, 10, 10, 2, 10, 10, 10, 10, 10, 10, 10, 10, 10, 2, 10, 10, 10, 10, 10, 10, 10, 10, 10, 10, 11, 10, 10, 10, 10, 10, 10, 10, 10, 10, 1, 10, 10, 10, 10, 10, 10, 10, 10, 10, 10, 10, 10, 10, 10, 10, 10, 10, 10, 9, 1, 10, 10, 10, 
600: 0, 10, 10, 10, 0, 10, 0, 2, 2, 0, 10, 0, 0, 0, 0, 10, 16, 10, 10, 10, 0, 0, 10, 10, 12, 10, 0, 10, 0, 10, 10, 10, 10, 0, 10, 0, 10, 0, 0, 0, 0, 10, 0, 10, 0, 10, 10, 10, 10, 0, 0, 0, 10, 10, 0, 10, 10, 0, 0, 0, 3, 0, 0, 0, 10, 10, 0, 3, 0, 0, 10, 10, 10, 0, 0, 10, 10, 10, 0, 0, 0, 0, 0, 0, 0, 0, 0, 0, 10, 10, 0, 10, 0, 10, 0, 0, 10, 10, 19, 0, 0, 0, 0, 0, 0, 0, 10, 10, 7, 0, 0, 0, 10, 0, 0, 0, 0, 0, 0, 0, : 10, 10, 10, 10, 2, 2, 10, 10, 16, 10, 10, 10, 10, 10, 12, 10, 10, 10, 10, 10, 10, 10, 10, 10, 10, 10, 10, 10, 10, 10, 10, 10, 10, 3, 10, 10, 3, 10, 10, 10, 10, 10, 10, 10, 10, 10, 10, 10, 10, 19, 10, 10, 7, 10, 
406: 10, 0, 0, 0, 10, 0, 0, 0, 10, 0, 10, 0, 10, 10, 2, 0, 0, 10, 0, 10, 0, 1, 0, 10, 10, 10, 10, 0, 10, 0, 0, 0, 10, 10, 10, 10, 10, 10, 0, 3, 0, 10, 0, 0, 10, 0, 0, 0, 10, 0, 10, 10, 10, 10, 10, 10, 10, 0, 0, 10, 10, 0, 0, 0, 10, 0, 10, 10, 0, 0, 10, 0, 0, 0, 0, 0, 10, 10, 10, 10, 0, 10, 10, 10, 10, 0, 0, 0, 10, 0, 10, 10, 0, 10, 0, 10, 10, 10, 0, 0, 0, 0, 0, 10, 0, 10, 0, 0, 10, 1, 0, 0, 10, 0, 10, 10, 0, 10, 0, 0, : 10, 10, 10, 10, 10, 10, 2, 10, 10, 1, 10, 10, 10, 10, 10, 10, 10, 10, 10, 10, 10, 3, 10, 10, 10, 10, 10, 10, 10, 10, 10, 10, 10, 10, 10, 10, 10, 10, 10, 10, 10, 10, 10, 10, 10, 10, 10, 10, 10, 10, 10, 10, 10, 10, 10, 10, 1, 10, 10, 10, 10, 
105: 10, 10, 10, 0, 10, 10, 10, 0, 10, 10, 10, 10, 10, 0, 10, 0, 0, 0, 10, 10, 0, 10, 10, 10, 0, 0, 10, 10, 0, 0, 10, 0, 0, 0, 10, 4, 0, 10, 0, 0, 0, 0, 0, 10, 4, 0, 10, 10, 10, 8, 0, 0, 0, 10, 10, 10, 10, 0, 0, 0, 0, 7, 10, 10, 5, 0, 0, 0, 0, 0, 0, 0, 0, 10, 0, 10, 0, 0, 0, 10, 10, 0, 10, 0, 0, 17, 10, 0, 10, 10, 10, 10, 10, 0, 0, 0, 1, 10, 10, 0, 0, 0, 10, 10, 2, 0, 10, 0, 10, 10, 0, 10, 0, 0, 10, 0, 0, 0, 10, 10, : 10, 10, 10, 10, 10, 10, 10, 10, 10, 10, 10, 10, 10, 10, 10, 10, 10, 10, 10, 10, 10, 4, 10, 10, 4, 10, 10, 10, 8, 10, 10, 10, 10, 7, 10, 10, 5, 10, 10, 10, 10, 10, 17, 10, 10, 10, 10, 10, 10, 1, 10, 10, 10, 10, 2, 10, 10, 10, 10, 10, 10, 10, 
206: 10, 0, 0, 10, 0, 0, 10, 0, 10, 0, 10, 10, 10, 0, 10, 0, 10, 10, 10, 0, 0, 0, 10, 0, 10, 0, 10, 10, 10, 10, 0, 0, 0, 10, 6, 0, 10, 0, 0, 0, 10, 10, 10, 0, 0, 10, 0, 10, 0, 0, 10, 10, 0, 10, 10, 0, 0, 10, 10, 10, 0, 1, 0, 10, 0, 7, 0, 0, 0, 10, 0, 10, 2, 10, 10, 10, 0, 10, 0, 0, 10, 0, 0, 10, 0, 10, 10, 0, 10, 0, 3, 0, 0, 0, 0, 10, 10, 10, 0, 0, 10, 0, 10, 0, 0, 10, 10, 10, 0, 10, 0, 0, 10, 10, 10, 10, 2, 10, 0, 10, : 10, 10, 10, 10, 10, 10, 10, 10, 10, 10, 10, 10, 10, 10, 10, 10, 10, 10, 6, 10, 10, 10, 10, 10, 10, 10, 10, 10, 10, 10, 10, 10, 1, 10, 7, 10, 10, 2, 10, 10, 10, 10, 10, 10, 10, 10, 10, 3, 10, 10, 10, 10, 10, 10, 10, 10, 10, 10, 10, 10, 10, 2, 10, 10, 
646: 0, 10, 0, 0, 10, 10, 10, 0, 0, 10, 10, 10, 0, 0, 10, 10, 10, 10, 0, 0, 10, 10, 10, 0, 0, 10, 10, 10, 0, 0, 10, 17, 10, 0, 0, 10, 10, 0, 10, 10, 10, 0, 0, 0, 0, 10, 0, 0, 0, 0, 0, 0, 0, 0, 0, 10, 10, 10, 0, 0, 0, 10, 10, 10, 0, 0, 10, 0, 10, 10, 10, 0, 0, 10, 10, 10, 10, 10, 0, 0, 0, 0, 10, 10, 0, 10, 10, 10, 3, 10, 10, 0, 0, 10, 10, 10, 0, 0, 0, 0, 0, 10, 0, 10, 0, 10, 0, 10, 10, 10, 0, 0, 10, 10, 0, 10, 0, 10, 0, 0, : 10, 10, 10, 10, 10, 10, 10, 10, 10, 10, 10, 10, 10, 10, 10, 10, 10, 10, 17, 10, 10, 10, 10, 10, 10, 10, 10, 10, 10, 10, 10, 10, 10, 10, 10, 10, 10, 10, 10, 10, 10, 10, 10, 10, 10, 10, 3, 10, 10, 10, 10, 10, 10, 10, 10, 10, 10, 10, 10, 10, 10, 10, 
123: 10, 0, 0, 10, 10, 0, 10, 10, 0, 0, 0, 0, 0, 10, 10, 0, 10, 10, 10, 0, 10, 0, 0, 0, 10, 10, 0, 0, 10, 0, 0, 10, 10, 0, 10, 0, 0, 0, 10, 10, 0, 10, 10, 0, 10, 10, 0, 0, 10, 0, 9, 0, 10, 1, 0, 10, 0, 10, 0, 10, 10, 0, 10, 0, 10, 0, 10, 0, 10, 4, 16, 10, 10, 0, 0, 0, 4, 10, 10, 10, 10, 0, 10, 0, 10, 10, 0, 0, 0, 10, 10, 10, 0, 0, 10, 10, 10, 0, 10, 10, 10, 10, 0, 10, 10, 10, 4, 10, 10, 10, 10, 0, 0, 0, 5, 0, 10, 10, 10, 10, : 10, 10, 10, 10, 10, 10, 10, 10, 10, 10, 10, 10, 10, 10, 10, 10, 10, 10, 10, 10, 10, 10, 10, 10, 9, 10, 1, 10, 10, 10, 10, 10, 10, 10, 10, 4, 16, 10, 10, 4, 10, 10, 10, 10, 10, 10, 10, 10, 10, 10, 10, 10, 10, 10, 10, 10, 10, 10, 10, 10, 4, 10, 10, 10, 10, 5, 10, 10, 10, 10, 
472: 10, 10, 10, 10, 0, 10, 10, 10, 0, 10, 0, 10, 0, 0, 0, 10, 10, 0, 0, 10, 10, 10, 10, 0, 0, 0, 0, 10, 0, 10, 10, 0, 0, 0, 10, 0, 0, 0, 0, 10, 0, 0, 10, 4, 0, 0, 0, 0, 10, 10, 0, 0, 10, 0, 10, 10, 0, 0, 0, 0, 0, 0, 10, 10, 10, 10, 10, 0, 0, 10, 0, 19, 10, 0, 0, 10, 0, 10, 0, 1, 10, 0, 10, 10, 10, 10, 0, 0, 0, 10, 10, 10, 10, 10, 10, 0, 10, 0, 10, 0, 10, 10, 10, 0, 10, 0, 10, 10, 0, 10, 10, 0, 10, 10, 10, 10, 10, 1, 0, 10, : 10, 10, 10, 10, 10, 10, 10, 10, 10, 10, 10, 10, 10, 10, 10, 10, 10, 10, 10, 10, 10, 4, 10, 10, 10, 10, 10, 10, 10, 10, 10, 10, 10, 19, 10, 10, 10, 1, 10, 10, 10, 10, 10, 10, 10, 10, 10, 10, 10, 10, 10, 10, 10, 10, 10, 10, 10, 10, 10, 10, 10, 10, 10, 10, 1, 10, 
793: 18, 0, 10, 10, 4, 10, 0, 10, 10, 10, 10, 10, 10, 10, 0, 0, 0, 0, 10, 0, 0, 0, 10, 10, 0, 10, 0, 10, 0, 0, 10, 10, 0, 10, 0, 10, 0, 0, 0, 0, 0, 0, 0, 10, 0, 10, 0, 10, 10, 10, 10, 10, 0, 10, 10, 0, 0, 5, 0, 0, 10, 0, 0, 10, 0, 10, 10, 0, 10, 10, 0, 10, 10, 0, 0, 10, 0, 2, 0, 0, 0, 10, 1, 0, 0, 13, 0, 0, 0, 10, 10, 0, 10, 0, 0, 10, 0, 10, 0, 0, 10, 0, 0, 10, 10, 10, 10, 0, 0, 8, 10, 10, 10, 10, 10, 10, 10, 10, 0, 0, : 18, 10, 10, 4, 10, 10, 10, 10, 10, 10, 10, 10, 10, 10, 10, 10, 10, 10, 10, 10, 10, 10, 10, 10, 10, 10, 10, 10, 10, 10, 5, 10, 10, 10, 10, 10, 10, 10, 10, 10, 2, 10, 1, 13, 10, 10, 10, 10, 10, 10, 10, 10, 10, 10, 8, 10, 10, 10, 10, 10, 10, 10, 10, 
224: 10, 10, 0, 0, 10, 10, 10, 10, 10, 10, 2, 0, 0, 0, 0, 10, 10, 10, 0, 0, 4, 0, 10, 0, 0, 0, 0, 0, 0, 10, 0, 10, 0, 10, 0, 1, 10, 10, 0, 10, 0, 0, 10, 10, 10, 0, 10, 10, 10, 0, 0, 0, 0, 13, 10, 0, 10, 10, 10, 10, 0, 0, 10, 10, 10, 10, 10, 10, 10, 0, 10, 0, 10, 10, 0, 10, 0, 0, 10, 0, 0, 10, 0, 0, 10, 10, 0, 0, 20, 0, 10, 0, 10, 10, 0, 10, 0, 11, 0, 10, 2, 10, 0, 0, 10, 0, 10, 10, 0, 10, 0, 0, 9, 0, 0, 10, 0, 10, 10, 0, : 10, 10, 10, 10, 10, 10, 10, 10, 2, 10, 10, 10, 4, 10, 10, 10, 10, 1, 10, 10, 10, 10, 10, 10, 10, 10, 10, 13, 10, 10, 10, 10, 10, 10, 10, 10, 10, 10, 10, 10, 10, 10, 10, 10, 10, 10, 10, 10, 20, 10, 10, 10, 10, 11, 10, 2, 10, 10, 10, 10, 10, 9, 10, 10, 10, 
25: 0, 0, 10, 0, 10, 0, 0, 10, 2, 0, 0, 0, 0, 0, 10, 0, 10, 0, 0, 0, 10, 10, 10, 10, 10, 6, 10, 0, 10, 2, 0, 0, 0, 0, 0, 10, 0, 0, 0, 10, 10, 10, 0, 10, 10, 0, 10, 0, 10, 0, 5, 10, 0, 10, 10, 0, 0, 10, 10, 0, 10, 10, 0, 10, 0, 0, 10, 0, 0, 10, 0, 0, 10, 7, 10, 0, 0, 0, 10, 0, 0, 0, 0, 10, 10, 10, 0, 6, 10, 10, 10, 0, 0, 0, 0, 1, 10, 0, 0, 0, 0, 0, 0, 0, 0, 0, 0, 0, 10, 0, 10, 0, 19, 0, 1, 0, 0, 0, 10, 10, : 10, 10, 10, 2, 10, 10, 10, 10, 10, 10, 10, 6, 10, 10, 2, 10, 10, 10, 10, 10, 10, 10, 10, 5, 10, 10, 10, 10, 10, 10, 10, 10, 10, 10, 10, 7, 10, 10, 10, 10, 10, 6, 10, 10, 10, 1, 10, 10, 10, 19, 1, 10, 10, 
70: 10, 0, 10, 10, 10, 10, 0, 10, 20, 10, 10, 0, 10, 10, 0, 0, 10, 10, 0, 10, 10, 10, 0, 0, 0, 10, 0, 0, 0, 0, 10, 10, 0, 0, 0, 10, 0, 10, 0, 0, 0, 0, 0, 0, 10, 0, 0, 10, 10, 10, 10, 0, 10, 10, 10, 0, 0, 0, 0, 10, 0, 10, 0, 0, 10, 10, 10, 0, 10, 0, 10, 0, 0, 10, 0, 0, 0, 10, 10, 0, 10, 10, 0, 10, 0, 10, 0, 0, 10, 10, 0, 1, 10, 10, 10, 0, 10, 0, 0, 10, 10, 10, 10, 19, 10, 0, 0, 10, 10, 10, 10, 0, 0, 10, 0, 10, 0, 0, 10, 10, : 10, 10, 10, 10, 10, 10, 20, 10, 10, 10, 10, 10, 10, 10, 10, 10, 10, 10, 10, 10, 10, 10, 10, 10, 10, 10, 10, 10, 10, 10, 10, 10, 10, 10, 10, 10, 10, 10, 10, 10, 10, 10, 10, 10, 10, 1, 10, 10, 10, 10, 10, 10, 10, 10, 19, 10, 10, 10, 10, 10, 10, 10, 10, 10, 
773: 1, 10, 10, 0, 0, 10, 0, 0, 0, 0, 10, 0, 10, 10, 0, 10, 10, 0, 10, 10, 10, 0, 10, 10, 0, 0, 10, 0, 0, 0, 10, 0, 0, 0, 0, 0, 0, 0, 0, 10, 0, 5, 10, 10, 0, 10, 0, 0, 0, 0, 0, 0, 0, 10, 0, 10, 10, 10, 0, 10, 0, 10, 10, 10, 10, 0, 10, 0, 10, 0, 10, 0, 10, 10, 0, 0, 0, 0, 10, 0, 10, 0, 10, 10, 0, 0, 0, 0, 0, 10, 0, 0, 10, 0, 10, 0, 0, 0, 0, 10, 10, 10, 0, 10, 10, 10, 10, 0, 0, 10, 0, 0, 10, 10, 0, 0, 10, 0, 10, 0, : 1, 10, 10, 10, 10, 10, 10, 10, 10, 10, 10, 10, 10, 10, 10, 10, 10, 5, 10, 10, 10, 10, 10, 10, 10, 10, 10, 10, 10, 10, 10, 10, 10, 10, 10, 10, 10, 10, 10, 10, 10, 10, 10, 10, 10, 10, 10, 10, 10, 10, 10, 10, 10, 10, 
473: 10, 0, 0, 10, 0, 0, 10, 10, 10, 10, 0, 0, 0, 10, 12, 0, 0, 0, 10, 10, 10, 0, 0, 0, 10, 10, 10, 0, 0, 0, 0, 10, 10, 0, 10, 20, 0, 10, 10, 10, 0, 0, 0, 0, 10, 10, 0, 10, 10, 10, 10, 10, 0, 0, 0, 0, 0, 10, 10, 0, 0, 0, 0, 0, 10, 0, 10, 0, 0, 10, 10, 0, 0, 10, 10, 10, 0, 1, 10, 10, 0, 0, 0, 0, 10, 10, 0, 10, 0, 0, 0, 0, 10, 10, 0, 0, 0, 0, 10, 0, 0, 0, 0, 0, 0, 0, 10, 10, 10, 0, 10, 10, 10, 0, 10, 0, 0, 0, 10, 10, : 10, 10, 10, 10, 10, 10, 10, 12, 10, 10, 10, 10, 10, 10, 10, 10, 10, 20, 10, 10, 10, 10, 10, 10, 10, 10, 10, 10, 10, 10, 10, 10, 10, 10, 10, 10, 10, 1, 10, 10, 10, 10, 10, 10, 10, 10, 10, 10, 10, 10, 10, 10, 10, 10, 10, 
362: 0, 10, 10, 0, 0, 10, 10, 10, 0, 0, 0, 10, 0, 10, 10, 0, 0, 10, 10, 10, 1, 10, 0, 0, 10, 10, 0, 10, 10, 10, 0, 0, 10, 0, 0, 10, 0, 0, 0, 0, 10, 1, 0, 10, 10, 10, 0, 10, 0, 0, 10, 10, 0, 0, 0, 10, 10, 10, 0, 10, 0, 10, 0, 10, 0, 10, 2, 0, 0, 0, 10, 10, 0, 10, 0, 10, 0, 0, 3, 0, 0, 10, 10, 10, 0, 10, 10, 0, 0, 10, 0, 10, 10, 10, 10, 0, 10, 0, 0, 0, 0, 0, 10, 0, 0, 10, 10, 0, 10, 0, 10, 0, 0, 10, 0, 0, 10, 0, 0, 10, : 10, 10, 10, 10, 10, 10, 10, 10, 10, 10, 10, 1, 10, 10, 10, 10, 10, 10, 10, 10, 10, 1, 10, 10, 10, 10, 10, 10, 10, 10, 10, 10, 10, 10, 10, 2, 10, 10, 10, 10, 3, 10, 10, 10, 10, 10, 10, 10, 10, 10, 10, 10, 10, 10, 10, 10, 10, 10, 10, 10, 
152: 0, 0, 0, 0, 10, 1, 10, 10, 10, 10, 0, 10, 0, 10, 0, 0, 0, 0, 0, 0, 0, 0, 10, 10, 0, 0, 0, 0, 0, 10, 10, 10, 10, 0, 10, 0, 0, 0, 10, 10, 10, 0, 10, 0, 0, 0, 0, 0, 0, 10, 10, 10, 14, 0, 10, 0, 0, 0, 0, 10, 10, 10, 0, 0, 10, 0, 0, 0, 0, 10, 0, 0, 10, 10, 0, 0, 10, 0, 0, 0, 0, 0, 0, 7, 0, 0, 0, 10, 2, 10, 0, 10, 10, 10, 10, 1, 10, 0, 10, 0, 0, 0, 10, 10, 0, 0, 0, 10, 0, 10, 0, 0, 10, 0, 10, 0, 0, 0, 10, 0, : 10, 1, 10, 10, 10, 10, 10, 10, 10, 10, 10, 10, 10, 10, 10, 10, 10, 10, 10, 10, 10, 10, 14, 10, 10, 10, 10, 10, 10, 10, 10, 10, 7, 10, 2, 10, 10, 10, 10, 10, 1, 10, 10, 10, 10, 10, 10, 10, 10, 10, 
172: 10, 20, 10, 10, 10, 10, 10, 0, 10, 10, 10, 10, 10, 0, 10, 10, 0, 0, 16, 0, 0, 0, 10, 2, 0, 2, 10, 10, 1, 0, 10, 10, 10, 10, 0, 0, 0, 0, 10, 10, 10, 0, 10, 10, 0, 0, 10, 10, 10, 10, 10, 0, 10, 0, 0, 10, 0, 3, 10, 0, 10, 0, 0, 10, 0, 10, 10, 0, 10, 10, 0, 0, 10, 10, 0, 10, 0, 0, 0, 10, 10, 10, 0, 10, 16, 10, 10, 0, 0, 10, 0, 10, 10, 10, 0, 10, 0, 0, 0, 10, 0, 0, 10, 0, 10, 10, 10, 0, 0, 0, 0, 10, 0, 10, 0, 13, 10, 10, 0, 0, : 10, 20, 10, 10, 10, 10, 10, 10, 10, 10, 10, 10, 10, 10, 16, 10, 2, 2, 10, 10, 1, 10, 10, 10, 10, 10, 10, 10, 10, 10, 10, 10, 10, 10, 10, 10, 10, 3, 10, 10, 10, 10, 10, 10, 10, 10, 10, 10, 10, 10, 10, 10, 16, 10, 10, 10, 10, 10, 10, 10, 10, 10, 10, 10, 10, 10, 10, 13, 10, 10, 
686: 0, 10, 10, 10, 10, 10, 10, 0, 0, 10, 0, 10, 10, 0, 10, 1, 10, 10, 10, 0, 10, 0, 10, 0, 10, 0, 0, 10, 10, 10, 0, 10, 10, 10, 0, 10, 10, 10, 10, 10, 0, 10, 10, 10, 10, 10, 0, 3, 10, 0, 10, 0, 0, 10, 10, 0, 0, 0, 10, 0, 10, 10, 10, 10, 10, 0, 0, 0, 0, 10, 10, 10, 0, 10, 0, 0, 0, 10, 0, 10, 10, 10, 0, 0, 0, 0, 0, 0, 0, 10, 0, 10, 0, 10, 0, 0, 0, 10, 0, 0, 0, 0, 0, 10, 3, 10, 0, 0, 0, 10, 0, 10, 0, 10, 0, 0, 0, 0, 10, 10, : 10, 10, 10, 10, 10, 10, 10, 10, 10, 10, 1, 10, 10, 10, 10, 10, 10, 10, 10, 10, 10, 10, 10, 10, 10, 10, 10, 10, 10, 10, 10, 10, 10, 3, 10, 10, 10, 10, 10, 10, 10, 10, 10, 10, 10, 10, 10, 10, 10, 10, 10, 10, 10, 10, 10, 10, 10, 3, 10, 10, 10, 10, 10, 10, 


731: 0, 10, 0, 0, 10, 0, 10, 10, 10, 10, 0, 0, 10, 10, 0, 0, 0, 0, 0, 0, 0, 0, 10, 10, 10, 10, 0, 0, 10, 10, 10, 10, 0, 10, 0, 0, 0, 10, 10, 0, 10, 10, 10, 0, 0, 0, 0, 10, 0, 0, 0, 0, 0, 0, 0, 0, 0, 10, 10, 0, 0, 10, 10, 10, 10, 10, 10, 10, 10, 0, 0, 0, 0, 10, 0, 10, 10, 10, 0, 10, 10, 0, 10, 0, 0, 10, 0, 10, 0, 10, 0, 10, 10, 0, 10, 0, 0, 0, 0, 10, 0, 0, 0, 0, 0, 0, 0, 0, 10, 10, 0, 10, 10, 10, 10, 10, 0, 10, 0, 0, : 10, 10, 10, 10, 10, 10, 10, 10, 10, 10, 10, 10, 10, 10, 10, 10, 10, 10, 10, 10, 10, 10, 10, 10, 10, 10, 10, 10, 10, 10, 10, 10, 10, 10, 10, 10, 10, 10, 10, 10, 10, 10, 10, 10, 10, 10, 10, 10, 10, 10, 10, 10, 10, 10, 10, 
735: 10, 0, 0, 10, 0, 1, 10, 10, 10, 10, 10, 0, 10, 0, 0, 0, 0, 10, 0, 10, 10, 0, 10, 10, 10, 10, 10, 0, 0, 0, 10, 0, 0, 0, 10, 10, 10, 0, 0, 0, 10, 10, 10, 10, 10, 0, 10, 0, 10, 0, 10, 10, 0, 0, 0, 0, 0, 10, 0, 10, 0, 0, 1, 10, 10, 0, 10, 0, 0, 10, 3, 0, 10, 0, 10, 10, 10, 10, 10, 0, 10, 0, 10, 10, 0, 10, 10, 0, 0, 10, 10, 0, 10, 10, 10, 0, 0, 0, 0, 0, 0, 0, 0, 0, 10, 10, 0, 10, 10, 10, 10, 10, 0, 10, 10, 0, 0, 10, 10, 10, : 10, 10, 1, 10, 10, 10, 10, 10, 10, 10, 10, 10, 10, 10, 10, 10, 10, 10, 10, 10, 10, 10, 10, 10, 10, 10, 10, 10, 10, 10, 10, 10, 1, 10, 10, 10, 10, 3, 10, 10, 10, 10, 10, 10, 10, 10, 10, 10, 10, 10, 10, 10, 10, 10, 10, 10, 10, 10, 10, 10, 10, 10, 10, 10, 10, 10, 
50: 10, 10, 10, 10, 10, 0, 0, 10, 0, 0, 10, 10, 10, 0, 10, 10, 10, 10, 0, 0, 0, 10, 10, 10, 0, 0, 10, 0, 0, 10, 0, 10, 10, 0, 10, 0, 0, 10, 10, 10, 10, 10, 10, 0, 0, 0, 0, 10, 0, 0, 0, 9, 10, 0, 0, 10, 0, 0, 0, 0, 0, 10, 10, 10, 10, 10, 0, 0, 10, 10, 0, 0, 10, 2, 0, 10, 10, 0, 0, 0, 10, 10, 10, 10, 0, 10, 10, 10, 10, 0, 10, 6, 0, 0, 0, 0, 10, 10, 0, 0, 1, 10, 0, 1, 10, 10, 0, 10, 10, 10, 10, 10, 10, 0, 10, 10, 0, 0, 0, 0, : 10, 10, 10, 10, 10, 10, 10, 10, 10, 10, 10, 10, 10, 10, 10, 10, 10, 10, 10, 10, 10, 10, 10, 10, 10, 10, 10, 10, 9, 10, 10, 10, 10, 10, 10, 10, 10, 10, 10, 2, 10, 10, 10, 10, 10, 10, 10, 10, 10, 10, 10, 6, 10, 10, 1, 10, 1, 10, 10, 10, 10, 10, 10, 10, 10, 10, 10, 
352: 0, 10, 0, 0, 0, 0, 10, 0, 10, 10, 0, 0, 0, 0, 3, 10, 0, 2, 0, 10, 10, 0, 10, 10, 10, 10, 0, 0, 10, 0, 10, 0, 10, 10, 0, 10, 10, 10, 0, 10, 10, 9, 0, 10, 10, 10, 10, 0, 10, 0, 0, 0, 0, 10, 0, 0, 0, 0, 10, 0, 0, 10, 0, 0, 10, 0, 0, 10, 0, 10, 0, 0, 0, 10, 0, 0, 0, 10, 0, 0, 0, 10, 0, 10, 0, 10, 0, 10, 10, 10, 0, 10, 10, 10, 0, 0, 10, 10, 10, 10, 0, 1, 10, 0, 0, 10, 0, 10, 10, 0, 10, 10, 10, 0, 0, 0, 10, 0, 10, 0, : 10, 10, 10, 10, 3, 10, 2, 10, 10, 10, 10, 10, 10, 10, 10, 10, 10, 10, 10, 10, 10, 10, 9, 10, 10, 10, 10, 10, 10, 10, 10, 10, 10, 10, 10, 10, 10, 10, 10, 10, 10, 10, 10, 10, 10, 10, 10, 10, 10, 1, 10, 10, 10, 10, 10, 10, 10, 10, 10, 
210: 10, 0, 0, 0, 1, 10, 10, 10, 0, 0, 0, 0, 10, 0, 0, 17, 0, 10, 10, 0, 0, 0, 0, 0, 10, 1, 10, 0, 0, 10, 0, 10, 0, 0, 0, 10, 0, 0, 10, 10, 10, 10, 0, 0, 0, 10, 10, 0, 10, 0, 10, 0, 1, 10, 10, 10, 0, 10, 4, 10, 10, 15, 10, 0, 8, 10, 10, 10, 0, 10, 10, 0, 10, 0, 0, 10, 0, 10, 0, 0, 0, 10, 10, 10, 0, 0, 10, 10, 10, 10, 0, 0, 10, 0, 0, 10, 0, 3, 0, 10, 10, 10, 10, 10, 0, 0, 10, 10, 0, 0, 0, 10, 0, 0, 0, 0, 0, 0, 0, 10, : 10, 1, 10, 10, 10, 10, 17, 10, 10, 10, 1, 10, 10, 10, 10, 10, 10, 10, 10, 10, 10, 10, 10, 1, 10, 10, 10, 10, 4, 10, 10, 15, 10, 8, 10, 10, 10, 10, 10, 10, 10, 10, 10, 10, 10, 10, 10, 10, 10, 10, 10, 3, 10, 10, 10, 10, 10, 10, 10, 10, 10, 
327: 1, 10, 10, 10, 0, 0, 1, 0, 0, 10, 10, 0, 0, 10, 10, 0, 0, 0, 10, 10, 10, 10, 0, 0, 10, 0, 10, 0, 10, 10, 10, 0, 0, 1, 10, 0, 0, 10, 0, 0, 0, 10, 10, 10, 0, 10, 0, 10, 1, 0, 0, 10, 10, 0, 10, 10, 0, 10, 10, 10, 0, 0, 0, 10, 0, 10, 0, 5, 10, 0, 0, 12, 10, 1, 0, 10, 10, 0, 0, 10, 0, 0, 10, 2, 0, 0, 10, 10, 1, 0, 0, 10, 0, 0, 10, 10, 0, 0, 10, 10, 0, 10, 0, 0, 10, 10, 10, 0, 10, 10, 0, 10, 0, 10, 10, 1, 10, 0, 0, 0, : 1, 10, 10, 10, 1, 10, 10, 10, 10, 10, 10, 10, 10, 10, 10, 10, 10, 10, 1, 10, 10, 10, 10, 10, 10, 10, 1, 10, 10, 10, 10, 10, 10, 10, 10, 10, 5, 10, 12, 10, 1, 10, 10, 10, 10, 2, 10, 10, 1, 10, 10, 10, 10, 10, 10, 10, 10, 10, 10, 10, 10, 10, 10, 1, 10, 
636: 10, 0, 10, 0, 10, 0, 0, 10, 1, 0, 10, 0, 0, 10, 0, 0, 10, 0, 0, 0, 0, 10, 10, 0, 4, 0, 10, 10, 0, 10, 10, 0, 10, 7, 0, 0, 0, 10, 0, 0, 0, 1, 10, 10, 10, 0, 10, 0, 0, 10, 0, 5, 0, 10, 0, 0, 10, 1, 0, 10, 0, 10, 0, 0, 0, 0, 0, 0, 10, 0, 10, 0, 0, 0, 0, 0, 0, 0, 0, 10, 0, 0, 0, 0, 10, 10, 10, 0, 0, 0, 10, 0, 10, 0, 0, 0, 10, 10, 10, 10, 0, 0, 0, 0, 0, 0, 10, 10, 0, 10, 0, 0, 10, 0, 10, 10, 0, 5, 0, 10, : 10, 10, 10, 10, 1, 10, 10, 10, 10, 10, 4, 10, 10, 10, 10, 10, 7, 10, 1, 10, 10, 10, 10, 10, 5, 10, 10, 1, 10, 10, 10, 10, 10, 10, 10, 10, 10, 10, 10, 10, 10, 10, 10, 10, 10, 10, 10, 10, 5, 10, 
20: 10, 0, 0, 0, 0, 10, 0, 10, 10, 0, 0, 0, 10, 10, 1, 0, 10, 10, 10, 0, 10, 10, 0, 0, 0, 0, 10, 10, 10, 0, 10, 0, 0, 10, 10, 10, 10, 10, 10, 10, 0, 10, 10, 0, 0, 10, 0, 0, 0, 0, 10, 0, 0, 10, 10, 1, 10, 10, 0, 10, 10, 10, 10, 10, 0, 10, 10, 10, 0, 10, 10, 0, 0, 10, 10, 0, 0, 0, 10, 10, 10, 0, 0, 10, 10, 0, 10, 10, 0, 10, 0, 10, 0, 10, 0, 10, 10, 10, 0, 0, 0, 0, 10, 10, 10, 10, 10, 10, 10, 0, 0, 10, 10, 0, 10, 0, 1, 10, 0, 0, : 10, 10, 10, 10, 10, 10, 1, 10, 10, 10, 10, 10, 10, 10, 10, 10, 10, 10, 10, 10, 10, 10, 10, 10, 10, 10, 10, 10, 10, 1, 10, 10, 10, 10, 10, 10, 10, 10, 10, 10, 10, 10, 10, 10, 10, 10, 10, 10, 10, 10, 10, 10, 10, 10, 10, 10, 10, 10, 10, 10, 10, 10, 10, 10, 10, 10, 10, 1, 10, 
552: 10, 10, 10, 10, 10, 0, 0, 0, 0, 0, 10, 0, 10, 0, 0, 10, 10, 0, 0, 10, 0, 10, 10, 10, 10, 0, 10, 10, 10, 0, 10, 0, 10, 0, 10, 10, 10, 10, 10, 10, 10, 0, 0, 0, 0, 10, 10, 10, 10, 10, 10, 10, 10, 0, 10, 0, 10, 3, 10, 10, 0, 10, 10, 0, 10, 0, 0, 0, 10, 0, 10, 10, 10, 0, 10, 0, 0, 0, 0, 10, 0, 0, 0, 10, 10, 0, 10, 0, 0, 0, 10, 10, 0, 10, 10, 10, 3, 0, 10, 0, 0, 10, 0, 10, 17, 10, 10, 3, 0, 10, 10, 0, 0, 10, 0, 10, 0, 0, 10, 10, : 10, 10, 10, 10, 10, 10, 10, 10, 10, 10, 10, 10, 10, 10, 10, 10, 10, 10, 10, 10, 10, 10, 10, 10, 10, 10, 10, 10, 10, 10, 10, 10, 10, 10, 10, 10, 3, 10, 10, 10, 10, 10, 10, 10, 10, 10, 10, 10, 10, 10, 10, 10, 10, 10, 10, 10, 3, 10, 10, 10, 17, 10, 10, 3, 10, 10, 10, 10, 10, 10, 
497: 10, 10, 0, 10, 0, 0, 10, 0, 10, 10, 0, 0, 10, 0, 10, 0, 10, 0, 0, 0, 10, 10, 0, 10, 10, 10, 0, 10, 0, 10, 10, 0, 10, 10, 0, 10, 0, 10, 10, 0, 0, 0, 10, 0, 10, 10, 0, 0, 0, 0, 0, 10, 10, 10, 0, 10, 0, 10, 10, 0, 0, 10, 0, 10, 0, 10, 0, 0, 10, 10, 0, 0, 10, 0, 10, 0, 10, 10, 10, 0, 10, 0, 0, 10, 10, 10, 0, 0, 0, 0, 10, 10, 0, 10, 10, 2, 0, 0, 10, 10, 10, 0, 0, 0, 10, 0, 0, 0, 0, 0, 10, 0, 10, 10, 10, 0, 10, 0, 0, 0, : 10, 10, 10, 10, 10, 10, 10, 10, 10, 10, 10, 10, 10, 10, 10, 10, 10, 10, 10, 10, 10, 10, 10, 10, 10, 10, 10, 10, 10, 10, 10, 10, 10, 10, 10, 10, 10, 10, 10, 10, 10, 10, 10, 10, 10, 10, 10, 10, 10, 2, 10, 10, 10, 10, 10, 10, 10, 10, 10, 
579: 0, 0, 0, 10, 0, 0, 10, 10, 0, 10, 10, 0, 10, 10, 10, 10, 0, 1, 10, 10, 10, 10, 10, 1, 10, 9, 0, 10, 10, 0, 10, 0, 10, 0, 0, 0, 0, 10, 0, 10, 10, 10, 10, 10, 10, 0, 0, 10, 10, 10, 0, 0, 10, 10, 0, 10, 7, 0, 0, 10, 10, 10, 10, 0, 10, 10, 0, 0, 0, 0, 0, 10, 10, 0, 0, 10, 10, 0, 10, 10, 0, 10, 0, 0, 10, 10, 0, 0, 10, 1, 0, 0, 10, 10, 0, 10, 0, 10, 0, 10, 0, 0, 0, 0, 10, 10, 0, 0, 10, 10, 2, 10, 0, 10, 0, 0, 1, 0, 10, 0, : 10, 10, 10, 10, 10, 10, 10, 10, 10, 1, 10, 10, 10, 10, 10, 1, 10, 9, 10, 10, 10, 10, 10, 10, 10, 10, 10, 10, 10, 10, 10, 10, 10, 10, 10, 7, 10, 10, 10, 10, 10, 10, 10, 10, 10, 10, 10, 10, 10, 10, 10, 10, 1, 10, 10, 10, 10, 10, 10, 10, 10, 10, 2, 10, 10, 1, 10, 
279: 10, 10, 0, 10, 10, 0, 0, 0, 0, 2, 0, 0, 10, 10, 0, 0, 10, 0, 0, 0, 0, 0, 5, 10, 10, 0, 10, 0, 0, 0, 10, 10, 10, 10, 10, 10, 0, 0, 0, 10, 0, 0, 10, 0, 10, 0, 10, 0, 0, 0, 0, 10, 10, 0, 3, 10, 10, 10, 10, 0, 10, 10, 0, 0, 0, 10, 10, 10, 0, 10, 10, 0, 0, 18, 10, 0, 0, 0, 10, 10, 6, 0, 0, 10, 10, 10, 10, 0, 10, 10, 0, 0, 0, 10, 0, 0, 0, 0, 10, 0, 10, 10, 0, 0, 0, 10, 10, 0, 2, 10, 10, 10, 0, 10, 0, 10, 0, 10, 10, 10, : 10, 10, 10, 10, 2, 10, 10, 10, 5, 10, 10, 10, 10, 10, 10, 10, 10, 10, 10, 10, 10, 10, 10, 10, 3, 10, 10, 10, 10, 10, 10, 10, 10, 10, 10, 10, 18, 10, 10, 10, 6, 10, 10, 10, 10, 10, 10, 10, 10, 10, 10, 10, 10, 2, 10, 10, 10, 10, 10, 10, 10, 10, 
219: 10, 0, 0, 10, 10, 0, 0, 0, 10, 0, 10, 10, 10, 0, 0, 0, 10, 0, 10, 10, 10, 0, 0, 10, 10, 20, 0, 10, 0, 0, 0, 0, 12, 10, 0, 0, 0, 0, 10, 10, 10, 10, 10, 0, 10, 10, 0, 0, 0, 10, 10, 10, 10, 0, 10, 6, 10, 10, 10, 0, 10, 0, 10, 0, 10, 0, 10, 10, 0, 0, 0, 1, 0, 10, 0, 0, 10, 0, 10, 10, 10, 0, 10, 10, 0, 0, 10, 10, 10, 10, 0, 0, 10, 0, 10, 10, 10, 10, 0, 10, 10, 0, 10, 0, 0, 10, 10, 10, 0, 1, 1, 10, 10, 0, 0, 10, 0, 0, 0, 0, : 10, 10, 10, 10, 10, 10, 10, 10, 10, 10, 10, 10, 10, 20, 10, 12, 10, 10, 10, 10, 10, 10, 10, 10, 10, 10, 10, 10, 10, 6, 10, 10, 10, 10, 10, 10, 10, 10, 1, 10, 10, 10, 10, 10, 10, 10, 10, 10, 10, 10, 10, 10, 10, 10, 10, 10, 10, 10, 10, 10, 10, 1, 1, 10, 10, 10, 
456: 10, 0, 0, 3, 0, 10, 11, 10, 0, 10, 0, 0, 1, 0, 0, 10, 0, 10, 10, 10, 0, 10, 10, 0, 4, 10, 10, 10, 10, 10, 10, 0, 10, 10, 10, 10, 0, 0, 0, 10, 10, 0, 0, 0, 10, 0, 10, 0, 0, 10, 10, 10, 10, 18, 0, 0, 10, 10, 0, 10, 10, 0, 10, 10, 10, 0, 0, 0, 10, 10, 10, 10, 0, 0, 10, 0, 0, 0, 0, 10, 0, 10, 0, 10, 0, 10, 0, 10, 0, 1, 10, 10, 10, 0, 0, 10, 10, 10, 10, 0, 0, 10, 0, 0, 2, 10, 10, 0, 10, 10, 10, 10, 0, 10, 0, 10, 10, 10, 0, 10, : 10, 3, 10, 11, 10, 10, 1, 10, 10, 10, 10, 10, 10, 4, 10, 10, 10, 10, 10, 10, 10, 10, 10, 10, 10, 10, 10, 10, 10, 10, 10, 10, 18, 10, 10, 10, 10, 10, 10, 10, 10, 10, 10, 10, 10, 10, 10, 10, 10, 10, 1, 10, 10, 10, 10, 10, 10, 10, 10, 2, 10, 10, 10, 10, 10, 10, 10, 10, 10, 10, 10, 
601: 0, 10, 10, 10, 0, 10, 10, 10, 10, 10, 0, 10, 0, 10, 0, 0, 10, 10, 10, 0, 18, 0, 10, 10, 0, 10, 10, 10, 0, 0, 2, 0, 0, 0, 0, 10, 10, 0, 10, 0, 0, 10, 0, 10, 10, 10, 10, 10, 10, 10, 1, 10, 0, 0, 0, 0, 0, 10, 10, 0, 10, 0, 5, 0, 10, 0, 10, 10, 1, 10, 0, 10, 10, 0, 10, 10, 10, 10, 10, 10, 10, 10, 10, 10, 10, 4, 0, 0, 10, 0, 1, 0, 0, 13, 10, 0, 10, 10, 0, 10, 0, 0, 10, 0, 0, 10, 0, 10, 0, 0, 10, 0, 10, 0, 10, 10, 0, 2, 1, 0, : 10, 10, 10, 10, 10, 10, 10, 10, 10, 10, 10, 10, 10, 18, 10, 10, 10, 10, 10, 2, 10, 10, 10, 10, 10, 10, 10, 10, 10, 10, 10, 1, 10, 10, 10, 10, 5, 10, 10, 10, 1, 10, 10, 10, 10, 10, 10, 10, 10, 10, 10, 10, 10, 10, 10, 4, 10, 1, 13, 10, 10, 10, 10, 10, 10, 10, 10, 10, 10, 10, 2, 1, 
502: 9, 10, 0, 0, 10, 10, 0, 0, 10, 10, 10, 10, 10, 2, 0, 10, 10, 0, 0, 0, 10, 0, 10, 10, 10, 10, 10, 0, 0, 10, 0, 0, 0, 0, 0, 0, 1, 0, 0, 10, 0, 10, 0, 0, 0, 0, 10, 10, 0, 10, 0, 0, 10, 0, 0, 0, 10, 0, 0, 10, 10, 0, 10, 10, 10, 0, 0, 10, 10, 10, 0, 10, 10, 10, 0, 10, 10, 10, 0, 10, 0, 10, 0, 0, 0, 0, 10, 10, 10, 10, 0, 10, 0, 10, 0, 0, 10, 10, 0, 0, 0, 10, 4, 10, 10, 0, 10, 10, 10, 10, 10, 0, 1, 0, 10, 0, 0, 10, 10, 10, : 9, 10, 10, 10, 10, 10, 10, 10, 10, 2, 10, 10, 10, 10, 10, 10, 10, 10, 10, 1, 10, 10, 10, 10, 10, 10, 10, 10, 10, 10, 10, 10, 10, 10, 10, 10, 10, 10, 10, 10, 10, 10, 10, 10, 10, 10, 10, 10, 10, 10, 10, 10, 4, 10, 10, 10, 10, 10, 10, 10, 1, 10, 10, 10, 10, 
161: 10, 0, 10, 0, 10, 10, 10, 0, 10, 0, 0, 2, 10, 10, 10, 10, 10, 0, 0, 10, 0, 0, 0, 0, 10, 10, 0, 10, 0, 10, 0, 10, 0, 0, 10, 0, 0, 0, 10, 0, 0, 0, 10, 10, 10, 10, 10, 4, 10, 0, 10, 10, 4, 10, 0, 10, 10, 0, 0, 10, 0, 11, 0, 10, 0, 0, 10, 10, 0, 10, 10, 10, 0, 0, 10, 0, 10, 10, 0, 0, 0, 10, 10, 0, 0, 0, 0, 4, 10, 10, 10, 10, 0, 0, 10, 1, 10, 10, 10, 10, 10, 10, 0, 10, 10, 0, 0, 10, 10, 0, 0, 10, 0, 10, 10, 0, 0, 0, 10, 0, : 10, 10, 10, 10, 10, 10, 2, 10, 10, 10, 10, 10, 10, 10, 10, 10, 10, 10, 10, 10, 10, 10, 10, 10, 10, 4, 10, 10, 10, 4, 10, 10, 10, 10, 11, 10, 10, 10, 10, 10, 10, 10, 10, 10, 10, 10, 4, 10, 10, 10, 10, 10, 1, 10, 10, 10, 10, 10, 10, 10, 10, 10, 10, 10, 10, 10, 10, 
386: 10, 10, 0, 10, 0, 0, 0, 0, 10, 10, 10, 10, 0, 10, 10, 0, 0, 10, 10, 0, 0, 0, 10, 10, 0, 15, 10, 0, 10, 10, 0, 0, 10, 0, 10, 10, 0, 0, 10, 10, 0, 10, 0, 10, 10, 10, 10, 10, 10, 10, 10, 10, 0, 10, 10, 10, 0, 0, 10, 10, 10, 0, 0, 5, 10, 0, 0, 10, 10, 10, 10, 10, 10, 10, 10, 10, 0, 0, 10, 0, 0, 10, 0, 0, 10, 10, 0, 0, 0, 10, 10, 10, 0, 0, 10, 0, 0, 10, 5, 10, 0, 10, 10, 0, 10, 10, 0, 10, 0, 0, 0, 10, 0, 10, 10, 10, 10, 10, 10, 10, : 10, 10, 10, 10, 10, 10, 10, 10, 10, 10, 10, 10, 10, 15, 10, 10, 10, 10, 10, 10, 10, 10, 10, 10, 10, 10, 10, 10, 10, 10, 10, 10, 10, 10, 10, 10, 10, 10, 5, 10, 10, 10, 10, 10, 10, 10, 10, 10, 10, 10, 10, 10, 10, 10, 10, 10, 10, 10, 5, 10, 10, 10, 10, 10, 10, 10, 10, 10, 10, 10, 10, 10, 10, 
390: 0, 0, 10, 10, 0, 10, 10, 0, 10, 0, 0, 10, 0, 0, 10, 0, 0, 0, 10, 0, 10, 10, 0, 10, 0, 0, 10, 0, 0, 0, 0, 0, 0, 17, 10, 10, 10, 10, 0, 0, 10, 10, 10, 0, 10, 10, 10, 0, 19, 0, 10, 0, 0, 0, 10, 0, 0, 0, 0, 0, 0, 0, 1, 10, 0, 2, 0, 10, 10, 0, 10, 10, 10, 10, 0, 10, 0, 10, 0, 10, 0, 0, 0, 0, 10, 10, 10, 0, 10, 0, 10, 10, 10, 0, 0, 10, 10, 10, 0, 10, 10, 0, 0, 10, 10, 10, 10, 0, 10, 10, 0, 10, 10, 0, 0, 0, 3, 0, 10, 10, : 10, 10, 10, 10, 10, 10, 10, 10, 10, 10, 10, 10, 17, 10, 10, 10, 10, 10, 10, 10, 10, 10, 10, 19, 10, 10, 1, 10, 2, 10, 10, 10, 10, 10, 10, 10, 10, 10, 10, 10, 10, 10, 10, 10, 10, 10, 10, 10, 10, 10, 10, 10, 10, 10, 10, 10, 10, 10, 3, 10, 10, 
233: 0, 0, 10, 0, 10, 0, 0, 10, 0, 10, 10, 0, 0, 0, 0, 10, 0, 10, 10, 0, 10, 10, 0, 10, 0, 0, 1, 10, 0, 10, 10, 0, 0, 0, 0, 10, 5, 0, 0, 0, 0, 0, 0, 0, 0, 10, 10, 0, 10, 10, 0, 0, 10, 1, 0, 0, 0, 0, 0, 10, 0, 10, 0, 0, 10, 0, 10, 0, 10, 0, 0, 0, 2, 3, 10, 0, 10, 10, 10, 0, 10, 10, 0, 0, 10, 10, 0, 10, 0, 0, 0, 10, 0, 0, 10, 0, 10, 10, 10, 1, 10, 0, 10, 0, 0, 0, 0, 10, 0, 10, 0, 0, 10, 0, 0, 10, 10, 0, 10, 10, : 10, 10, 10, 10, 10, 10, 10, 10, 10, 10, 10, 1, 10, 10, 10, 10, 5, 10, 10, 10, 10, 10, 1, 10, 10, 10, 10, 10, 2, 3, 10, 10, 10, 10, 10, 10, 10, 10, 10, 10, 10, 10, 10, 10, 1, 10, 10, 10, 10, 10, 10, 10, 10, 10, 
131: 0, 10, 10, 0, 0, 10, 0, 0, 0, 10, 0, 10, 0, 10, 10, 0, 10, 0, 0, 10, 0, 1, 10, 10, 0, 10, 0, 10, 10, 10, 10, 10, 10, 0, 10, 10, 0, 0, 3, 10, 10, 10, 0, 10, 10, 10, 0, 10, 0, 10, 0, 10, 10, 10, 0, 10, 0, 1, 0, 10, 0, 10, 10, 0, 0, 0, 0, 0, 0, 0, 0, 10, 10, 0, 0, 10, 0, 0, 0, 10, 10, 0, 0, 0, 0, 10, 0, 0, 10, 0, 10, 10, 0, 10, 0, 10, 10, 10, 0, 0, 0, 0, 10, 0, 10, 0, 10, 0, 0, 10, 10, 10, 0, 0, 0, 0, 10, 10, 0, 0, : 10, 10, 10, 10, 10, 10, 10, 10, 10, 1, 10, 10, 10, 10, 10, 10, 10, 10, 10, 10, 10, 3, 10, 10, 10, 10, 10, 10, 10, 10, 10, 10, 10, 10, 1, 10, 10, 10, 10, 10, 10, 10, 10, 10, 10, 10, 10, 10, 10, 10, 10, 10, 10, 10, 10, 10, 10, 10, 10, 
744: 10, 0, 0, 10, 10, 10, 0, 10, 0, 0, 10, 10, 10, 10, 10, 10, 0, 0, 0, 10, 10, 10, 0, 10, 10, 10, 10, 0, 0, 0, 10, 10, 0, 10, 10, 10, 0, 10, 0, 10, 0, 0, 10, 0, 0, 0, 0, 10, 10, 10, 0, 0, 0, 0, 0, 10, 0, 0, 10, 0, 10, 0, 10, 10, 0, 0, 10, 0, 10, 10, 0, 0, 0, 0, 0, 0, 0, 0, 10, 10, 0, 0, 15, 10, 10, 10, 20, 0, 10, 8, 20, 0, 0, 0, 20, 10, 1, 0, 10, 1, 0, 10, 10, 0, 0, 0, 10, 10, 10, 0, 10, 10, 0, 10, 0, 0, 10, 10, 14, 0, : 10, 10, 10, 10, 10, 10, 10, 10, 10, 10, 10, 10, 10, 10, 10, 10, 10, 10, 10, 10, 10, 10, 10, 10, 10, 10, 10, 10, 10, 10, 10, 10, 10, 10, 10, 10, 10, 10, 10, 15, 10, 10, 10, 20, 10, 8, 20, 20, 10, 1, 10, 1, 10, 10, 10, 10, 10, 10, 10, 10, 10, 10, 14, 
324: 10, 10, 0, 10, 0, 0, 10, 0, 0, 10, 0, 10, 0, 0, 10, 10, 19, 0, 10, 0, 0, 0, 0, 10, 10, 10, 10, 10, 10, 0, 0, 10, 10, 0, 0, 0, 10, 0, 10, 2, 10, 0, 0, 10, 10, 0, 10, 10, 0, 0, 10, 0, 10, 10, 0, 0, 10, 0, 10, 10, 0, 10, 10, 0, 10, 10, 0, 10, 0, 0, 10, 10, 10, 10, 0, 10, 0, 10, 0, 0, 0, 0, 10, 0, 0, 0, 0, 10, 0, 2, 10, 10, 0, 10, 10, 0, 11, 10, 10, 0, 10, 10, 10, 10, 10, 10, 10, 0, 10, 0, 10, 10, 0, 0, 10, 0, 0, 10, 10, 10, : 10, 10, 10, 10, 10, 10, 10, 10, 19, 10, 10, 10, 10, 10, 10, 10, 10, 10, 10, 10, 2, 10, 10, 10, 10, 10, 10, 10, 10, 10, 10, 10, 10, 10, 10, 10, 10, 10, 10, 10, 10, 10, 10, 10, 10, 2, 10, 10, 10, 10, 11, 10, 10, 10, 10, 10, 10, 10, 10, 10, 10, 10, 10, 10, 10, 10, 10, 
368: 0, 10, 0, 0, 0, 10, 0, 10, 0, 10, 0, 10, 0, 10, 0, 10, 10, 0, 10, 10, 10, 10, 10, 0, 10, 0, 0, 0, 10, 10, 0, 0, 0, 10, 10, 0, 0, 0, 10, 0, 0, 0, 0, 10, 10, 0, 0, 10, 0, 10, 0, 10, 0, 10, 10, 0, 10, 0, 0, 0, 10, 10, 10, 0, 0, 10, 0, 10, 0, 0, 10, 0, 0, 0, 10, 0, 10, 2, 0, 0, 0, 10, 0, 10, 10, 0, 10, 10, 0, 10, 0, 10, 0, 10, 10, 10, 10, 0, 10, 10, 0, 10, 10, 10, 10, 0, 8, 2, 0, 10, 0, 0, 0, 0, 10, 10, 0, 10, 10, 0, : 10, 10, 10, 10, 10, 10, 10, 10, 10, 10, 10, 10, 10, 10, 10, 10, 10, 10, 10, 10, 10, 10, 10, 10, 10, 10, 10, 10, 10, 10, 10, 10, 10, 10, 10, 2, 10, 10, 10, 10, 10, 10, 10, 10, 10, 10, 10, 10, 10, 10, 10, 10, 10, 8, 2, 10, 10, 10, 10, 10, 
616: 0, 10, 10, 0, 10, 10, 10, 0, 10, 10, 10, 0, 10, 0, 0, 0, 0, 0, 0, 10, 0, 10, 1, 0, 0, 10, 0, 10, 0, 10, 0, 0, 10, 10, 0, 0, 0, 10, 0, 0, 10, 0, 10, 10, 10, 0, 10, 0, 0, 0, 10, 0, 0, 0, 10, 0, 0, 10, 10, 10, 10, 10, 0, 10, 0, 0, 10, 10, 10, 0, 0, 10, 0, 0, 0, 0, 0, 0, 10, 0, 10, 0, 10, 10, 0, 10, 0, 0, 10, 10, 10, 10, 10, 10, 0, 10, 0, 10, 10, 10, 10, 10, 10, 0, 0, 0, 0, 0, 0, 10, 0, 4, 10, 10, 10, 10, 10, 10, 0, 10, : 10, 10, 10, 10, 10, 10, 10, 10, 10, 10, 10, 1, 10, 10, 10, 10, 10, 10, 10, 10, 10, 10, 10, 10, 10, 10, 10, 10, 10, 10, 10, 10, 10, 10, 10, 10, 10, 10, 10, 10, 10, 10, 10, 10, 10, 10, 10, 10, 10, 10, 10, 10, 10, 10, 4, 10, 10, 10, 10, 10, 10, 10, 
519: 0, 0, 0, 10, 0, 0, 0, 0, 10, 10, 0, 0, 10, 10, 0, 0, 0, 10, 0, 10, 10, 0, 2, 0, 10, 0, 0, 10, 0, 10, 0, 5, 10, 0, 10, 0, 0, 10, 10, 10, 10, 4, 10, 0, 0, 10, 0, 0, 0, 0, 0, 0, 0, 10, 10, 10, 19, 10, 10, 0, 0, 0, 10, 10, 0, 10, 0, 0, 10, 0, 10, 10, 10, 0, 10, 10, 10, 10, 10, 0, 0, 0, 10, 10, 0, 10, 0, 10, 10, 0, 0, 0, 0, 0, 0, 0, 0, 10, 0, 0, 10, 0, 0, 0, 0, 1, 2, 0, 0, 0, 0, 0, 0, 0, 10, 10, 10, 10, 10, 10, : 10, 10, 10, 10, 10, 10, 10, 10, 2, 10, 10, 10, 5, 10, 10, 10, 10, 10, 10, 4, 10, 10, 10, 10, 10, 19, 10, 10, 10, 10, 10, 10, 10, 10, 10, 10, 10, 10, 10, 10, 10, 10, 10, 10, 10, 10, 10, 1, 2, 10, 10, 10, 10, 10, 10, 
671: 0, 10, 3, 0, 10, 0, 10, 10, 10, 10, 0, 0, 0, 0, 0, 0, 10, 10, 10, 0, 10, 10, 10, 0, 10, 0, 0, 0, 0, 10, 10, 0, 10, 10, 0, 10, 10, 10, 0, 0, 0, 0, 0, 10, 10, 10, 0, 10, 10, 10, 10, 0, 0, 0, 10, 0, 10, 0, 2, 9, 10, 0, 0, 0, 10, 10, 0, 10, 0, 10, 0, 10, 10, 0, 10, 0, 0, 10, 0, 6, 10, 10, 10, 10, 10, 10, 10, 0, 10, 0, 0, 0, 10, 10, 1, 10, 0, 0, 0, 0, 0, 0, 10, 10, 0, 10, 0, 0, 0, 0, 10, 10, 10, 0, 0, 0, 10, 0, 0, 10, : 10, 3, 10, 10, 10, 10, 10, 10, 10, 10, 10, 10, 10, 10, 10, 10, 10, 10, 10, 10, 10, 10, 10, 10, 10, 10, 10, 10, 10, 10, 2, 9, 10, 10, 10, 10, 10, 10, 10, 10, 10, 6, 10, 10, 10, 10, 10, 10, 10, 10, 10, 10, 1, 10, 10, 10, 10, 10, 10, 10, 10, 10, 
305: 0, 10, 10, 0, 0, 10, 10, 0, 5, 0, 0, 10, 10, 10, 10, 10, 10, 0, 10, 10, 10, 10, 0, 10, 0, 0, 0, 10, 0, 10, 0, 10, 10, 1, 10, 0, 10, 9, 10, 0, 10, 0, 10, 10, 0, 0, 0, 10, 10, 10, 0, 3, 10, 10, 0, 0, 0, 0, 10, 10, 0, 0, 10, 10, 10, 10, 0, 0, 0, 1, 0, 0, 10, 10, 0, 10, 10, 10, 10, 10, 10, 10, 10, 10, 0, 10, 0, 0, 0, 0, 10, 0, 0, 10, 0, 10, 0, 10, 0, 10, 10, 10, 10, 10, 0, 10, 0, 0, 0, 0, 0, 2, 10, 10, 0, 10, 10, 10, 0, 0, : 10, 10, 10, 10, 5, 10, 10, 10, 10, 10, 10, 10, 10, 10, 10, 10, 10, 10, 10, 10, 1, 10, 10, 9, 10, 10, 10, 10, 10, 10, 10, 3, 10, 10, 10, 10, 10, 10, 10, 10, 1, 10, 10, 10, 10, 10, 10, 10, 10, 10, 10, 10, 10, 10, 10, 10, 10, 10, 10, 10, 10, 10, 10, 2, 10, 10, 10, 10, 10, 
46: 0, 10, 10, 10, 10, 10, 10, 10, 0, 0, 0, 2, 0, 0, 10, 10, 0, 10, 0, 10, 0, 10, 10, 0, 0, 0, 0, 10, 0, 10, 0, 0, 10, 0, 0, 10, 0, 10, 10, 10, 10, 0, 0, 10, 10, 0, 10, 10, 0, 10, 0, 0, 0, 0, 3, 0, 0, 10, 10, 10, 0, 0, 0, 10, 10, 0, 0, 10, 0, 0, 10, 2, 0, 10, 10, 0, 10, 10, 0, 0, 10, 0, 10, 0, 0, 0, 10, 0, 10, 10, 10, 10, 10, 10, 10, 10, 10, 10, 0, 10, 10, 9, 10, 10, 10, 0, 1, 10, 10, 10, 0, 10, 0, 0, 10, 10, 10, 0, 10, 0, : 10, 10, 10, 10, 10, 10, 10, 2, 10, 10, 10, 10, 10, 10, 10, 10, 10, 10, 10, 10, 10, 10, 10, 10, 10, 10, 10, 3, 10, 10, 10, 10, 10, 10, 10, 2, 10, 10, 10, 10, 10, 10, 10, 10, 10, 10, 10, 10, 10, 10, 10, 10, 10, 10, 10, 9, 10, 10, 10, 1, 10, 10, 10, 10, 10, 10, 10, 10, 
260: 0, 0, 10, 10, 0, 12, 0, 0, 10, 0, 10, 10, 10, 0, 0, 0, 0, 10, 10, 10, 0, 10, 4, 10, 10, 0, 0, 0, 0, 10, 10, 0, 10, 0, 10, 0, 0, 0, 0, 10, 10, 1, 10, 0, 5, 10, 10, 10, 0, 0, 10, 0, 0, 0, 10, 10, 10, 10, 0, 1, 10, 10, 10, 10, 10, 10, 10, 10, 10, 10, 0, 0, 0, 0, 2, 10, 0, 10, 10, 10, 10, 0, 0, 0, 0, 0, 6, 0, 0, 10, 0, 0, 10, 0, 0, 0, 10, 0, 10, 10, 0, 0, 0, 10, 0, 10, 10, 10, 10, 10, 10, 0, 0, 10, 0, 0, 0, 0, 0, 0, : 10, 10, 12, 10, 10, 10, 10, 10, 10, 10, 10, 4, 10, 10, 10, 10, 10, 10, 10, 10, 1, 10, 5, 10, 10, 10, 10, 10, 10, 10, 10, 1, 10, 10, 10, 10, 10, 10, 10, 10, 10, 10, 2, 10, 10, 10, 10, 10, 6, 10, 10, 10, 10, 10, 10, 10, 10, 10, 10, 10, 10, 10, 
680: 0, 0, 10, 10, 10, 0, 10, 0, 10, 0, 0, 0, 0, 1, 10, 0, 0, 10, 10, 0, 0, 10, 0, 10, 0, 10, 0, 0, 0, 0, 10, 10, 0, 0, 10, 0, 0, 10, 0, 10, 10, 10, 0, 0, 0, 0, 0, 10, 0, 10, 0, 0, 10, 0, 10, 0, 3, 10, 10, 0, 0, 0, 0, 0, 1, 10, 10, 10, 10, 0, 0, 10, 0, 0, 0, 0, 3, 10, 10, 10, 0, 1, 0, 10, 10, 0, 10, 0, 10, 10, 10, 0, 10, 10, 0, 1, 0, 0, 10, 10, 0, 10, 0, 10, 0, 1, 0, 0, 10, 0, 0, 10, 10, 0, 10, 0, 0, 10, 0, 10, : 10, 10, 10, 10, 10, 1, 10, 10, 10, 10, 10, 10, 10, 10, 10, 10, 10, 10, 10, 10, 10, 10, 10, 3, 10, 10, 1, 10, 10, 10, 10, 10, 3, 10, 10, 10, 1, 10, 10, 10, 10, 10, 10, 10, 10, 1, 10, 10, 10, 10, 1, 10, 10, 10, 10, 10, 10, 
125: 10, 0, 10, 10, 1, 0, 10, 0, 0, 10, 0, 10, 10, 10, 0, 0, 10, 4, 0, 0, 10, 0, 0, 0, 10, 0, 10, 0, 0, 0, 10, 10, 10, 0, 10, 0, 10, 10, 10, 10, 10, 10, 3, 10, 0, 10, 0, 10, 0, 0, 10, 0, 0, 10, 10, 0, 0, 10, 0, 10, 0, 0, 0, 0, 10, 0, 10, 0, 10, 0, 10, 10, 10, 0, 10, 1, 0, 0, 10, 10, 10, 10, 10, 10, 0, 10, 10, 10, 10, 0, 10, 0, 0, 0, 0, 0, 10, 10, 0, 0, 10, 10, 10, 0, 10, 0, 10, 10, 0, 0, 0, 0, 10, 0, 10, 10, 0, 0, 10, 10, : 10, 10, 10, 1, 10, 10, 10, 10, 10, 10, 4, 10, 10, 10, 10, 10, 10, 10, 10, 10, 10, 10, 10, 10, 3, 10, 10, 10, 10, 10, 10, 10, 10, 10, 10, 10, 10, 10, 10, 10, 1, 10, 10, 10, 10, 10, 10, 10, 10, 10, 10, 10, 10, 10, 10, 10, 10, 10, 10, 10, 10, 10, 10, 10, 10, 
663: 10, 0, 10, 10, 10, 10, 10, 10, 0, 0, 10, 10, 10, 13, 10, 10, 7, 0, 0, 0, 10, 0, 0, 0, 10, 0, 0, 0, 10, 10, 0, 10, 10, 0, 0, 5, 0, 0, 0, 10, 0, 10, 0, 10, 10, 10, 10, 10, 0, 10, 2, 10, 10, 10, 10, 0, 0, 0, 10, 0, 10, 10, 10, 0, 10, 10, 0, 10, 18, 10, 0, 0, 10, 0, 0, 10, 1, 0, 10, 0, 0, 10, 10, 0, 10, 0, 10, 0, 0, 0, 10, 0, 0, 0, 0, 10, 0, 0, 0, 2, 10, 10, 10, 10, 10, 10, 10, 0, 10, 10, 12, 0, 10, 10, 0, 0, 0, 0, 10, 10, : 10, 10, 10, 10, 10, 10, 10, 10, 10, 10, 13, 10, 10, 7, 10, 10, 10, 10, 10, 10, 5, 10, 10, 10, 10, 10, 10, 10, 10, 2, 10, 10, 10, 10, 10, 10, 10, 10, 10, 10, 10, 18, 10, 10, 10, 1, 10, 10, 10, 10, 10, 10, 10, 2, 10, 10, 10, 10, 10, 10, 10, 10, 10, 12, 10, 10, 10, 10, 
609: 10, 10, 10, 10, 10, 0, 0, 0, 10, 10, 10, 0, 0, 3, 0, 10, 0, 0, 10, 10, 10, 10, 10, 5, 10, 10, 0, 0, 10, 0, 10, 10, 0, 0, 0, 10, 10, 10, 10, 10, 10, 10, 0, 0, 10, 0, 0, 10, 10, 0, 10, 0, 0, 0, 0, 0, 10, 0, 0, 10, 1, 10, 0, 10, 0, 10, 10, 10, 0, 0, 10, 0, 10, 0, 0, 10, 10, 10, 10, 10, 10, 1, 1, 0, 0, 10, 0, 0, 10, 10, 10, 0, 0, 0, 7, 10, 10, 0, 10, 10, 10, 0, 0, 10, 0, 10, 10, 10, 10, 0, 0, 1, 0, 10, 0, 0, 10, 0, 0, 10, : 10, 10, 10, 10, 10, 10, 10, 10, 3, 10, 10, 10, 10, 10, 10, 5, 10, 10, 10, 10, 10, 10, 10, 10, 10, 10, 10, 10, 10, 10, 10, 10, 10, 10, 1, 10, 10, 10, 10, 10, 10, 10, 10, 10, 10, 10, 10, 10, 1, 1, 10, 10, 10, 10, 7, 10, 10, 10, 10, 10, 10, 10, 10, 10, 10, 1, 10, 10, 10, 
402: 0, 10, 0, 0, 10, 10, 10, 10, 10, 0, 0, 0, 0, 10, 0, 10, 0, 0, 0, 0, 0, 0, 10, 10, 0, 0, 0, 10, 0, 0, 10, 0, 0, 0, 0, 10, 10, 10, 0, 10, 10, 0, 10, 10, 0, 10, 10, 0, 0, 0, 10, 10, 0, 10, 19, 10, 0, 10, 0, 0, 10, 0, 10, 19, 0, 10, 0, 10, 0, 0, 10, 0, 1, 10, 10, 10, 0, 0, 10, 0, 1, 1, 10, 10, 10, 0, 0, 10, 0, 10, 10, 0, 10, 0, 0, 0, 0, 0, 0, 0, 0, 0, 10, 0, 0, 10, 10, 0, 0, 10, 10, 0, 10, 10, 10, 0, 10, 0, 0, 0, : 10, 10, 10, 10, 10, 10, 10, 10, 10, 10, 10, 10, 10, 10, 10, 10, 10, 10, 10, 10, 10, 10, 10, 10, 19, 10, 10, 10, 10, 19, 10, 10, 10, 1, 10, 10, 10, 10, 1, 1, 10, 10, 10, 10, 10, 10, 10, 10, 10, 10, 10, 10, 10, 10, 10, 10, 
335: 0, 10, 10, 10, 0, 0, 0, 10, 0, 10, 0, 0, 10, 0, 10, 10, 10, 10, 10, 0, 3, 0, 0, 0, 10, 10, 10, 10, 10, 10, 10, 0, 0, 0, 10, 0, 0, 10, 10, 1, 0, 0, 1, 0, 0, 0, 0, 10, 10, 10, 0, 0, 0, 10, 10, 0, 10, 10, 0, 0, 10, 10, 0, 0, 0, 0, 0, 10, 10, 0, 0, 0, 0, 10, 0, 0, 0, 0, 0, 0, 0, 10, 10, 10, 10, 0, 10, 10, 10, 10, 10, 19, 10, 10, 10, 10, 10, 10, 10, 0, 0, 10, 10, 0, 0, 0, 0, 10, 10, 0, 0, 0, 10, 0, 0, 0, 10, 10, 0, 0, : 10, 10, 10, 10, 10, 10, 10, 10, 10, 10, 10, 3, 10, 10, 10, 10, 10, 10, 10, 10, 10, 10, 1, 1, 10, 10, 10, 10, 10, 10, 10, 10, 10, 10, 10, 10, 10, 10, 10, 10, 10, 10, 10, 10, 10, 19, 10, 10, 10, 10, 10, 10, 10, 10, 10, 10, 10, 10, 10, 10, 
791: 0, 0, 10, 0, 0, 0, 0, 10, 0, 0, 10, 10, 0, 10, 10, 10, 10, 0, 1, 0, 0, 10, 10, 10, 0, 10, 10, 10, 10, 0, 10, 10, 10, 10, 13, 10, 10, 0, 0, 0, 0, 0, 0, 10, 0, 10, 10, 10, 10, 10, 0, 0, 0, 10, 0, 13, 10, 0, 0, 0, 0, 10, 10, 10, 6, 10, 2, 0, 1, 0, 10, 0, 10, 10, 10, 0, 0, 0, 1, 0, 10, 0, 10, 10, 0, 0, 0, 0, 0, 10, 0, 10, 10, 10, 0, 10, 10, 0, 0, 0, 0, 10, 0, 0, 10, 0, 10, 0, 0, 10, 0, 10, 10, 10, 0, 0, 10, 10, 10, 0, : 10, 10, 10, 10, 10, 10, 10, 10, 1, 10, 10, 10, 10, 10, 10, 10, 10, 10, 10, 10, 13, 10, 10, 10, 10, 10, 10, 10, 10, 10, 13, 10, 10, 10, 10, 6, 10, 2, 1, 10, 10, 10, 10, 1, 10, 10, 10, 10, 10, 10, 10, 10, 10, 10, 10, 10, 10, 10, 10, 10, 10, 10, 10, 
466: 10, 10, 10, 0, 10, 10, 0, 10, 10, 0, 10, 10, 10, 0, 10, 10, 10, 0, 0, 10, 10, 0, 0, 0, 0, 10, 10, 4, 10, 0, 10, 0, 0, 0, 10, 0, 10, 0, 0, 0, 10, 0, 0, 0, 0, 0, 10, 0, 10, 10, 0, 10, 10, 0, 0, 0, 10, 10, 0, 0, 0, 0, 10, 0, 10, 0, 0, 0, 0, 0, 10, 10, 0, 0, 0, 0, 0, 10, 10, 10, 10, 0, 10, 0, 10, 10, 10, 10, 10, 10, 0, 10, 0, 0, 10, 0, 0, 0, 10, 10, 0, 0, 0, 10, 10, 10, 10, 10, 10, 0, 10, 0, 0, 0, 10, 0, 3, 10, 10, 10, : 10, 10, 10, 10, 10, 10, 10, 10, 10, 10, 10, 10, 10, 10, 10, 10, 10, 4, 10, 10, 10, 10, 10, 10, 10, 10, 10, 10, 10, 10, 10, 10, 10, 10, 10, 10, 10, 10, 10, 10, 10, 10, 10, 10, 10, 10, 10, 10, 10, 10, 10, 10, 10, 10, 10, 10, 10, 3, 10, 10, 10, 
481: 0, 0, 0, 0, 10, 0, 0, 0, 10, 0, 0, 10, 10, 10, 0, 10, 0, 10, 10, 10, 0, 10, 0, 0, 10, 0, 0, 0, 5, 10, 0, 0, 0, 10, 0, 10, 10, 0, 0, 2, 0, 0, 10, 0, 0, 0, 10, 10, 4, 10, 10, 7, 10, 0, 0, 10, 0, 0, 10, 0, 0, 0, 0, 0, 0, 10, 0, 10, 10, 10, 0, 0, 0, 10, 0, 0, 2, 0, 10, 0, 0, 0, 10, 10, 10, 0, 0, 0, 0, 0, 0, 10, 10, 10, 0, 0, 10, 10, 0, 10, 0, 10, 10, 10, 1, 10, 0, 10, 10, 0, 10, 10, 0, 10, 10, 0, 0, 10, 8, 10, : 10, 10, 10, 10, 10, 10, 10, 10, 10, 10, 10, 5, 10, 10, 10, 10, 2, 10, 10, 10, 4, 10, 10, 7, 10, 10, 10, 10, 10, 10, 10, 10, 2, 10, 10, 10, 10, 10, 10, 10, 10, 10, 10, 10, 10, 10, 1, 10, 10, 10, 10, 10, 10, 10, 10, 8, 10, 
18: 10, 10, 0, 0, 10, 0, 10, 0, 10, 0, 0, 0, 0, 0, 10, 0, 10, 10, 0, 0, 0, 10, 10, 10, 0, 0, 10, 10, 0, 10, 0, 10, 10, 10, 0, 0, 10, 10, 0, 0, 10, 10, 0, 0, 10, 0, 10, 0, 1, 0, 0, 10, 0, 0, 10, 10, 0, 0, 0, 10, 10, 0, 0, 0, 0, 10, 0, 10, 0, 10, 0, 10, 10, 10, 10, 2, 0, 10, 10, 0, 0, 6, 8, 10, 0, 10, 0, 10, 0, 0, 0, 0, 10, 0, 10, 10, 0, 0, 10, 0, 17, 0, 10, 10, 0, 0, 10, 10, 0, 10, 10, 0, 10, 0, 0, 10, 0, 10, 10, 10, : 10, 10, 10, 10, 10, 10, 10, 10, 10, 10, 10, 10, 10, 10, 10, 10, 10, 10, 10, 10, 10, 10, 10, 1, 10, 10, 10, 10, 10, 10, 10, 10, 10, 10, 10, 10, 2, 10, 10, 6, 8, 10, 10, 10, 10, 10, 10, 10, 17, 10, 10, 10, 10, 10, 10, 10, 10, 10, 10, 10, 
349: 10, 0, 0, 1, 10, 0, 0, 0, 0, 10, 10, 0, 0, 0, 10, 0, 0, 10, 0, 0, 10, 0, 10, 0, 0, 10, 10, 0, 0, 0, 0, 10, 0, 0, 0, 11, 0, 0, 10, 10, 10, 0, 0, 10, 10, 10, 10, 0, 0, 10, 10, 10, 10, 10, 0, 10, 10, 0, 0, 0, 10, 0, 10, 10, 10, 10, 0, 0, 10, 0, 16, 0, 10, 0, 3, 0, 0, 0, 10, 10, 0, 10, 10, 0, 10, 0, 0, 10, 0, 15, 0, 10, 10, 10, 10, 10, 2, 0, 0, 10, 10, 0, 0, 10, 10, 10, 10, 10, 10, 10, 0, 0, 10, 0, 0, 10, 10, 0, 3, 10, : 10, 1, 10, 10, 10, 10, 10, 10, 10, 10, 10, 10, 11, 10, 10, 10, 10, 10, 10, 10, 10, 10, 10, 10, 10, 10, 10, 10, 10, 10, 10, 10, 10, 16, 10, 3, 10, 10, 10, 10, 10, 10, 15, 10, 10, 10, 10, 10, 2, 10, 10, 10, 10, 10, 10, 10, 10, 10, 10, 10, 10, 3, 10, 
75: 10, 0, 10, 0, 10, 0, 10, 10, 10, 0, 0, 10, 10, 10, 10, 0, 10, 0, 0, 10, 0, 0, 0, 0, 10, 0, 0, 10, 10, 0, 0, 10, 0, 0, 10, 18, 0, 10, 2, 10, 0, 10, 15, 0, 10, 0, 0, 10, 0, 10, 0, 10, 10, 0, 12, 10, 0, 10, 10, 0, 0, 10, 10, 10, 10, 0, 14, 0, 0, 0, 0, 0, 10, 0, 10, 10, 10, 0, 0, 0, 10, 10, 10, 10, 10, 0, 10, 10, 0, 10, 0, 0, 10, 0, 10, 10, 0, 0, 10, 10, 10, 10, 0, 10, 0, 0, 0, 0, 10, 0, 10, 0, 0, 10, 10, 10, 0, 1, 0, 0, : 10, 10, 10, 10, 10, 10, 10, 10, 10, 10, 10, 10, 10, 10, 10, 10, 10, 18, 10, 2, 10, 10, 15, 10, 10, 10, 10, 10, 12, 10, 10, 10, 10, 10, 10, 10, 14, 10, 10, 10, 10, 10, 10, 10, 10, 10, 10, 10, 10, 10, 10, 10, 10, 10, 10, 10, 10, 10, 10, 10, 10, 10, 1, 
309: 10, 0, 1, 10, 0, 10, 0, 10, 10, 0, 0, 0, 0, 10, 0, 0, 0, 0, 10, 0, 0, 10, 0, 0, 0, 0, 0, 10, 0, 0, 0, 10, 10, 10, 0, 0, 0, 10, 10, 10, 0, 10, 0, 10, 0, 0, 0, 10, 10, 10, 0, 10, 10, 10, 10, 10, 0, 10, 0, 10, 10, 10, 16, 10, 0, 10, 8, 0, 0, 10, 0, 0, 0, 10, 0, 10, 10, 10, 10, 10, 10, 10, 0, 0, 0, 10, 0, 0, 10, 0, 0, 0, 0, 0, 0, 10, 10, 10, 0, 0, 10, 0, 10, 10, 0, 10, 0, 0, 0, 10, 0, 10, 0, 10, 0, 10, 10, 10, 0, 10, : 10, 1, 10, 10, 10, 10, 10, 10, 10, 10, 10, 10, 10, 10, 10, 10, 10, 10, 10, 10, 10, 10, 10, 10, 10, 10, 10, 10, 10, 10, 16, 10, 10, 8, 10, 10, 10, 10, 10, 10, 10, 10, 10, 10, 10, 10, 10, 10, 10, 10, 10, 10, 10, 10, 10, 10, 10, 10, 10, 
672: 0, 10, 10, 0, 10, 0, 0, 10, 1, 0, 10, 0, 0, 0, 10, 10, 0, 0, 10, 10, 0, 10, 0, 0, 10, 10, 10, 10, 10, 0, 0, 10, 10, 10, 10, 10, 0, 0, 0, 0, 10, 10, 10, 0, 0, 4, 10, 10, 10, 10, 10, 1, 0, 10, 10, 10, 10, 0, 10, 0, 4, 10, 0, 10, 10, 0, 10, 10, 10, 10, 1, 0, 0, 10, 10, 0, 10, 10, 0, 10, 10, 10, 0, 10, 0, 10, 0, 0, 3, 0, 10, 0, 14, 0, 10, 10, 0, 0, 0, 10, 0, 0, 0, 10, 10, 0, 10, 10, 0, 0, 0, 0, 2, 4, 0, 0, 10, 0, 10, 0, : 10, 10, 10, 10, 1, 10, 10, 10, 10, 10, 10, 10, 10, 10, 10, 10, 10, 10, 10, 10, 10, 10, 10, 10, 4, 10, 10, 10, 10, 10, 1, 10, 10, 10, 10, 10, 4, 10, 10, 10, 10, 10, 10, 10, 1, 10, 10, 10, 10, 10, 10, 10, 10, 10, 3, 10, 14, 10, 10, 10, 10, 10, 10, 10, 2, 4, 10, 10, 
535: 0, 10, 10, 0, 0, 10, 0, 10, 10, 0, 10, 0, 10, 10, 10, 10, 10, 10, 10, 10, 3, 0, 0, 0, 10, 10, 0, 0, 0, 10, 0, 0, 10, 10, 10, 10, 0, 0, 10, 0, 10, 0, 10, 0, 0, 0, 0, 0, 10, 0, 10, 0, 0, 10, 0, 10, 0, 0, 0, 0, 10, 10, 0, 0, 10, 10, 10, 10, 10, 0, 0, 0, 0, 0, 10, 0, 10, 0, 0, 0, 16, 0, 0, 10, 0, 10, 0, 10, 10, 0, 0, 0, 0, 10, 0, 10, 10, 0, 10, 10, 10, 10, 0, 10, 0, 0, 10, 0, 10, 0, 0, 0, 10, 0, 10, 0, 0, 0, 10, 0, : 10, 10, 10, 10, 10, 10, 10, 10, 10, 10, 10, 10, 10, 10, 3, 10, 10, 10, 10, 10, 10, 10, 10, 10, 10, 10, 10, 10, 10, 10, 10, 10, 10, 10, 10, 10, 10, 10, 16, 10, 10, 10, 10, 10, 10, 10, 10, 10, 10, 10, 10, 10, 10, 10, 10, 10, 
692: 10, 0, 1, 10, 0, 10, 10, 0, 0, 0, 10, 0, 0, 10, 10, 10, 10, 1, 2, 0, 10, 0, 0, 0, 10, 10, 0, 6, 10, 0, 0, 0, 10, 19, 0, 10, 10, 10, 10, 10, 10, 0, 10, 0, 10, 0, 10, 10, 10, 0, 10, 10, 10, 0, 10, 10, 10, 10, 0, 10, 10, 0, 10, 0, 0, 1, 0, 10, 0, 0, 0, 10, 0, 10, 10, 10, 0, 0, 0, 0, 10, 0, 0, 0, 10, 0, 10, 10, 6, 0, 0, 0, 10, 10, 10, 10, 10, 0, 10, 16, 10, 10, 0, 0, 0, 0, 3, 0, 0, 10, 0, 10, 0, 10, 10, 12, 0, 10, 10, 10, : 10, 1, 10, 10, 10, 10, 10, 10, 10, 10, 1, 2, 10, 10, 10, 6, 10, 10, 19, 10, 10, 10, 10, 10, 10, 10, 10, 10, 10, 10, 10, 10, 10, 10, 10, 10, 10, 10, 10, 10, 1, 10, 10, 10, 10, 10, 10, 10, 10, 10, 6, 10, 10, 10, 10, 10, 10, 16, 10, 10, 3, 10, 10, 10, 10, 12, 10, 10, 10, 
101: 0, 0, 0, 10, 0, 10, 0, 10, 10, 0, 10, 18, 10, 10, 0, 3, 10, 0, 10, 0, 10, 10, 10, 6, 0, 0, 0, 10, 0, 10, 0, 0, 10, 10, 10, 0, 0, 16, 10, 10, 10, 10, 0, 0, 0, 10, 10, 10, 0, 0, 10, 0, 0, 0, 10, 10, 10, 10, 0, 10, 0, 0, 0, 0, 10, 18, 0, 10, 0, 10, 10, 10, 0, 0, 0, 10, 0, 10, 1, 10, 10, 0, 0, 10, 0, 0, 10, 1, 10, 0, 10, 0, 0, 10, 10, 0, 0, 10, 0, 1, 0, 0, 1, 0, 10, 0, 0, 0, 10, 0, 0, 10, 2, 10, 10, 0, 10, 10, 0, 4, : 10, 10, 10, 10, 10, 18, 10, 10, 3, 10, 10, 10, 10, 10, 6, 10, 10, 10, 10, 10, 16, 10, 10, 10, 10, 10, 10, 10, 10, 10, 10, 10, 10, 10, 10, 18, 10, 10, 10, 10, 10, 10, 1, 10, 10, 10, 10, 1, 10, 10, 10, 10, 10, 1, 1, 10, 10, 10, 2, 10, 10, 10, 10, 4, 
76: 0, 10, 0, 10, 10, 10, 10, 10, 0, 10, 10, 0, 10, 0, 10, 0, 0, 10, 1, 3, 0, 10, 10, 10, 10, 0, 10, 0, 10, 10, 10, 0, 0, 10, 10, 0, 10, 0, 0, 0, 0, 0, 0, 10, 0, 10, 10, 10, 0, 17, 10, 10, 10, 10, 0, 0, 0, 10, 10, 10, 10, 0, 0, 10, 0, 0, 0, 0, 0, 10, 0, 10, 10, 10, 0, 0, 10, 10, 10, 10, 0, 10, 10, 10, 10, 10, 10, 0, 10, 10, 10, 10, 10, 10, 0, 0, 4, 10, 10, 10, 10, 10, 10, 10, 10, 10, 10, 0, 0, 0, 0, 10, 0, 10, 10, 0, 16, 0, 0, 2, : 10, 10, 10, 10, 10, 10, 10, 10, 10, 10, 10, 1, 3, 10, 10, 10, 10, 10, 10, 10, 10, 10, 10, 10, 10, 10, 10, 10, 17, 10, 10, 10, 10, 10, 10, 10, 10, 10, 10, 10, 10, 10, 10, 10, 10, 10, 10, 10, 10, 10, 10, 10, 10, 10, 10, 10, 10, 10, 4, 10, 10, 10, 10, 10, 10, 10, 10, 10, 10, 10, 10, 10, 16, 2, 
549: 0, 10, 0, 0, 0, 0, 10, 0, 10, 0, 0, 1, 10, 0, 0, 10, 0, 10, 10, 10, 0, 0, 0, 10, 10, 0, 10, 0, 0, 0, 10, 10, 10, 10, 10, 10, 0, 0, 10, 0, 10, 10, 0, 10, 10, 10, 0, 10, 10, 10, 0, 10, 0, 0, 0, 10, 0, 10, 10, 10, 10, 0, 10, 0, 0, 0, 10, 10, 10, 0, 0, 10, 0, 1, 10, 10, 10, 10, 6, 10, 0, 0, 0, 3, 0, 10, 0, 10, 10, 10, 10, 0, 0, 10, 10, 0, 0, 0, 10, 10, 0, 0, 10, 0, 0, 10, 10, 0, 0, 0, 0, 10, 10, 10, 0, 4, 0, 0, 10, 0, : 10, 10, 10, 1, 10, 10, 10, 10, 10, 10, 10, 10, 10, 10, 10, 10, 10, 10, 10, 10, 10, 10, 10, 10, 10, 10, 10, 10, 10, 10, 10, 10, 10, 10, 10, 10, 10, 10, 1, 10, 10, 10, 10, 6, 10, 3, 10, 10, 10, 10, 10, 10, 10, 10, 10, 10, 10, 10, 10, 10, 10, 4, 10, 
460: 0, 10, 0, 0, 0, 10, 10, 10, 10, 10, 0, 10, 10, 2, 0, 10, 10, 10, 10, 0, 10, 0, 0, 0, 0, 0, 0, 5, 10, 10, 10, 10, 10, 0, 10, 10, 10, 10, 10, 10, 0, 10, 10, 10, 0, 0, 10, 10, 0, 0, 0, 10, 0, 10, 2, 10, 0, 10, 10, 0, 0, 0, 10, 0, 0, 10, 10, 10, 0, 0, 0, 10, 0, 10, 10, 0, 0, 0, 0, 0, 10, 0, 0, 0, 10, 0, 10, 10, 0, 0, 10, 10, 0, 0, 0, 8, 10, 10, 10, 1, 3, 0, 0, 10, 0, 10, 10, 10, 0, 10, 0, 0, 10, 0, 5, 0, 0, 2, 0, 10, : 10, 10, 10, 10, 10, 10, 10, 10, 2, 10, 10, 10, 10, 10, 5, 10, 10, 10, 10, 10, 10, 10, 10, 10, 10, 10, 10, 10, 10, 10, 10, 10, 10, 2, 10, 10, 10, 10, 10, 10, 10, 10, 10, 10, 10, 10, 10, 10, 10, 10, 8, 10, 10, 10, 1, 3, 10, 10, 10, 10, 10, 10, 5, 2, 10, 
15: 10, 0, 10, 10, 0, 0, 0, 0, 10, 10, 10, 0, 0, 10, 10, 10, 10, 10, 10, 10, 1, 10, 10, 0, 0, 10, 0, 0, 10, 0, 2, 0, 0, 10, 0, 0, 10, 0, 10, 0, 0, 10, 10, 10, 0, 0, 10, 0, 10, 10, 10, 0, 10, 16, 0, 0, 0, 0, 10, 10, 10, 0, 10, 0, 0, 0, 10, 0, 0, 10, 0, 10, 0, 0, 0, 10, 10, 0, 10, 0, 0, 10, 10, 10, 0, 10, 0, 10, 5, 0, 0, 0, 0, 2, 0, 0, 0, 0, 0, 0, 10, 10, 10, 0, 10, 0, 0, 0, 10, 10, 10, 0, 0, 10, 0, 0, 10, 0, 0, 0, : 10, 10, 10, 10, 10, 10, 10, 10, 10, 10, 10, 10, 10, 1, 10, 10, 10, 10, 2, 10, 10, 10, 10, 10, 10, 10, 10, 10, 10, 10, 16, 10, 10, 10, 10, 10, 10, 10, 10, 10, 10, 10, 10, 10, 10, 10, 5, 2, 10, 10, 10, 10, 10, 10, 10, 10, 10, 
158: 10, 0, 10, 10, 0, 10, 0, 0, 10, 0, 10, 10, 10, 0, 0, 0, 0, 0, 10, 0, 0, 0, 10, 0, 0, 0, 0, 0, 10, 7, 0, 0, 10, 10, 10, 10, 10, 0, 0, 10, 0, 0, 0, 10, 0, 10, 0, 10, 10, 0, 0, 0, 10, 10, 10, 0, 0, 0, 10, 10, 0, 10, 0, 10, 10, 10, 0, 0, 10, 10, 0, 0, 0, 0, 10, 2, 0, 0, 16, 0, 0, 0, 0, 10, 0, 0, 10, 0, 0, 0, 10, 0, 10, 10, 5, 0, 0, 0, 0, 10, 10, 10, 3, 0, 0, 0, 0, 10, 0, 10, 10, 0, 0, 0, 0, 10, 10, 0, 0, 1, : 10, 10, 10, 10, 10, 10, 10, 10, 10, 10, 10, 7, 10, 10, 10, 10, 10, 10, 10, 10, 10, 10, 10, 10, 10, 10, 10, 10, 10, 10, 10, 10, 10, 10, 2, 16, 10, 10, 10, 10, 10, 5, 10, 10, 10, 3, 10, 10, 10, 10, 10, 1, 
12: 10, 10, 0, 10, 10, 10, 10, 10, 10, 10, 10, 5, 1, 3, 0, 0, 0, 0, 10, 0, 0, 0, 0, 10, 0, 0, 10, 0, 0, 0, 0, 10, 0, 0, 10, 0, 10, 0, 0, 10, 0, 0, 0, 10, 10, 0, 0, 0, 10, 0, 10, 0, 10, 10, 0, 0, 10, 10, 0, 14, 0, 0, 0, 10, 10, 0, 10, 0, 10, 0, 0, 10, 0, 0, 0, 10, 10, 0, 10, 10, 0, 10, 10, 10, 10, 10, 10, 10, 0, 10, 2, 0, 0, 10, 10, 0, 0, 10, 10, 0, 2, 0, 0, 10, 0, 10, 10, 10, 0, 10, 10, 10, 10, 0, 10, 0, 10, 10, 0, 0, : 10, 10, 10, 10, 10, 10, 10, 10, 10, 10, 5, 1, 3, 10, 10, 10, 10, 10, 10, 10, 10, 10, 10, 10, 10, 10, 10, 10, 14, 10, 10, 10, 10, 10, 10, 10, 10, 10, 10, 10, 10, 10, 10, 10, 10, 10, 2, 10, 10, 10, 10, 2, 10, 10, 10, 10, 10, 10, 10, 10, 10, 10, 10, 
321: 10, 10, 10, 0, 0, 0, 0, 3, 0, 10, 0, 10, 0, 1, 10, 0, 10, 0, 0, 10, 0, 0, 0, 0, 0, 10, 10, 0, 0, 0, 0, 10, 10, 0, 0, 10, 10, 0, 0, 10, 0, 10, 10, 10, 0, 10, 0, 0, 0, 10, 10, 0, 10, 10, 0, 10, 0, 10, 10, 0, 10, 0, 0, 10, 10, 0, 0, 0, 10, 10, 0, 0, 10, 0, 10, 10, 10, 10, 10, 10, 10, 0, 1, 10, 10, 0, 0, 0, 10, 0, 10, 0, 10, 0, 0, 0, 10, 10, 0, 0, 10, 0, 0, 10, 10, 0, 0, 10, 10, 0, 10, 0, 10, 18, 0, 10, 10, 0, 10, 10, : 10, 10, 10, 3, 10, 10, 1, 10, 10, 10, 10, 10, 10, 10, 10, 10, 10, 10, 10, 10, 10, 10, 10, 10, 10, 10, 10, 10, 10, 10, 10, 10, 10, 10, 10, 10, 10, 10, 10, 10, 10, 1, 10, 10, 10, 10, 10, 10, 10, 10, 10, 10, 10, 10, 10, 10, 18, 10, 10, 10, 10, 
301: 10, 6, 10, 0, 3, 10, 0, 10, 0, 0, 0, 0, 0, 10, 10, 0, 0, 10, 1, 0, 10, 0, 0, 10, 10, 0, 0, 0, 10, 0, 10, 10, 0, 0, 0, 10, 0, 0, 10, 10, 0, 0, 0, 10, 0, 10, 10, 0, 10, 10, 10, 10, 0, 0, 10, 10, 0, 0, 10, 10, 10, 0, 10, 0, 10, 0, 0, 10, 10, 0, 18, 10, 10, 10, 10, 10, 10, 10, 10, 0, 10, 10, 10, 0, 0, 10, 10, 10, 0, 0, 1, 0, 0, 10, 0, 0, 0, 0, 10, 0, 10, 10, 0, 0, 10, 10, 10, 0, 1, 4, 0, 0, 0, 0, 10, 0, 0, 10, 0, 0, : 10, 6, 10, 3, 10, 10, 10, 10, 10, 1, 10, 10, 10, 10, 10, 10, 10, 10, 10, 10, 10, 10, 10, 10, 10, 10, 10, 10, 10, 10, 10, 10, 10, 10, 10, 18, 10, 10, 10, 10, 10, 10, 10, 10, 10, 10, 10, 10, 10, 10, 1, 10, 10, 10, 10, 10, 10, 10, 1, 4, 10, 10, 
39: 0, 0, 10, 0, 1, 0, 10, 0, 10, 13, 10, 10, 0, 0, 0, 0, 10, 10, 10, 10, 0, 0, 0, 0, 10, 0, 0, 10, 10, 10, 0, 10, 10, 10, 0, 0, 0, 10, 10, 10, 0, 10, 10, 0, 10, 10, 10, 0, 10, 10, 0, 0, 10, 10, 10, 10, 10, 10, 0, 0, 10, 10, 10, 10, 10, 10, 0, 10, 0, 10, 1, 0, 10, 10, 10, 0, 10, 0, 0, 10, 10, 10, 0, 0, 10, 0, 19, 10, 10, 10, 10, 10, 0, 10, 10, 0, 0, 0, 0, 5, 0, 10, 10, 4, 1, 0, 0, 2, 0, 0, 10, 18, 10, 10, 0, 10, 10, 0, 0, 10, : 10, 1, 10, 10, 13, 10, 10, 10, 10, 10, 10, 10, 10, 10, 10, 10, 10, 10, 10, 10, 10, 10, 10, 10, 10, 10, 10, 10, 10, 10, 10, 10, 10, 10, 10, 10, 10, 10, 10, 10, 10, 10, 1, 10, 10, 10, 10, 10, 10, 10, 10, 19, 10, 10, 10, 10, 10, 10, 10, 5, 10, 10, 4, 1, 2, 10, 18, 10, 10, 10, 10, 10, 
166: 0, 0, 10, 0, 0, 10, 10, 0, 0, 10, 0, 10, 3, 0, 0, 0, 0, 10, 0, 10, 10, 10, 10, 10, 0, 10, 0, 10, 10, 0, 0, 10, 0, 10, 10, 0, 10, 10, 10, 10, 10, 10, 10, 3, 0, 10, 10, 0, 0, 0, 0, 0, 10, 0, 10, 10, 0, 0, 0, 1, 10, 0, 10, 10, 0, 10, 0, 10, 0, 10, 10, 10, 0, 10, 10, 0, 10, 10, 0, 0, 10, 0, 0, 0, 0, 10, 0, 0, 10, 10, 10, 0, 10, 0, 10, 10, 10, 10, 10, 0, 10, 0, 10, 10, 10, 0, 0, 10, 10, 0, 10, 0, 0, 10, 10, 10, 0, 0, 0, 10, : 10, 10, 10, 10, 10, 3, 10, 10, 10, 10, 10, 10, 10, 10, 10, 10, 10, 10, 10, 10, 10, 10, 10, 10, 10, 3, 10, 10, 10, 10, 10, 1, 10, 10, 10, 10, 10, 10, 10, 10, 10, 10, 10, 10, 10, 10, 10, 10, 10, 10, 10, 10, 10, 10, 10, 10, 10, 10, 10, 10, 10, 10, 10, 10, 10, 10, 
107: 10, 0, 10, 0, 10, 10, 0, 10, 10, 10, 10, 7, 10, 10, 10, 0, 0, 10, 10, 0, 0, 10, 0, 10, 0, 0, 0, 10, 10, 0, 0, 0, 0, 0, 0, 0, 10, 10, 10, 10, 0, 10, 10, 0, 0, 0, 10, 0, 10, 10, 10, 10, 0, 0, 6, 0, 0, 0, 0, 10, 0, 0, 0, 0, 0, 0, 10, 0, 0, 10, 10, 0, 10, 10, 0, 0, 0, 10, 0, 0, 0, 10, 10, 0, 10, 0, 0, 10, 0, 10, 0, 10, 0, 0, 10, 0, 0, 0, 10, 10, 10, 10, 0, 10, 19, 10, 0, 10, 10, 0, 0, 0, 10, 0, 10, 5, 0, 0, 10, 0, : 10, 10, 10, 10, 10, 10, 10, 10, 7, 10, 10, 10, 10, 10, 10, 10, 10, 10, 10, 10, 10, 10, 10, 10, 10, 10, 10, 10, 10, 6, 10, 10, 10, 10, 10, 10, 10, 10, 10, 10, 10, 10, 10, 10, 10, 10, 10, 10, 10, 19, 10, 10, 10, 10, 10, 5, 10, 
564: 0, 10, 10, 0, 10, 1, 10, 10, 0, 0, 10, 10, 10, 10, 0, 0, 10, 10, 0, 10, 10, 10, 0, 0, 10, 0, 0, 10, 10, 0, 10, 10, 10, 10, 0, 1, 10, 10, 10, 0, 3, 0, 10, 10, 0, 10, 4, 0, 0, 10, 12, 10, 0, 10, 0, 0, 0, 10, 10, 10, 0, 0, 0, 10, 0, 0, 10, 10, 10, 10, 17, 0, 10, 0, 10, 0, 10, 0, 1, 17, 0, 0, 10, 0, 0, 10, 0, 10, 0, 10, 0, 0, 10, 0, 10, 10, 10, 0, 10, 0, 10, 0, 10, 0, 10, 10, 0, 0, 10, 0, 10, 0, 0, 10, 10, 10, 0, 0, 10, 10, : 10, 10, 10, 1, 10, 10, 10, 10, 10, 10, 10, 10, 10, 10, 10, 10, 10, 10, 10, 10, 10, 10, 1, 10, 10, 10, 3, 10, 10, 10, 4, 10, 12, 10, 10, 10, 10, 10, 10, 10, 10, 10, 10, 17, 10, 10, 10, 1, 17, 10, 10, 10, 10, 10, 10, 10, 10, 10, 10, 10, 10, 10, 10, 10, 10, 10, 10, 10, 10, 
91: 0, 0, 0, 0, 0, 10, 0, 0, 10, 10, 0, 0, 0, 10, 0, 10, 0, 10, 0, 10, 0, 0, 0, 10, 10, 0, 14, 0, 10, 0, 10, 0, 0, 0, 10, 0, 10, 0, 0, 0, 10, 10, 0, 0, 10, 0, 0, 0, 10, 10, 10, 0, 0, 0, 0, 0, 0, 0, 0, 10, 0, 10, 10, 10, 10, 0, 10, 10, 0, 10, 10, 0, 10, 0, 10, 0, 0, 10, 0, 2, 0, 10, 10, 0, 7, 0, 0, 0, 10, 10, 0, 0, 1, 10, 10, 10, 10, 10, 10, 0, 0, 0, 0, 10, 0, 0, 10, 0, 0, 0, 8, 10, 10, 0, 0, 0, 10, 10, 0, 0, : 10, 10, 10, 10, 10, 10, 10, 10, 10, 14, 10, 10, 10, 10, 10, 10, 10, 10, 10, 10, 10, 10, 10, 10, 10, 10, 10, 10, 10, 10, 10, 10, 2, 10, 10, 7, 10, 10, 1, 10, 10, 10, 10, 10, 10, 10, 10, 8, 10, 10, 10, 10, 
376: 10, 9, 10, 10, 10, 10, 10, 10, 0, 10, 0, 10, 10, 0, 10, 10, 10, 10, 10, 0, 10, 10, 10, 10, 0, 10, 10, 0, 0, 0, 10, 0, 0, 0, 10, 10, 0, 0, 0, 0, 10, 10, 10, 10, 10, 0, 0, 0, 10, 0, 10, 10, 10, 10, 10, 10, 0, 0, 0, 0, 10, 0, 1, 0, 0, 0, 10, 0, 10, 0, 0, 10, 10, 10, 10, 10, 10, 10, 0, 0, 10, 0, 10, 10, 10, 0, 10, 10, 10, 10, 0, 10, 10, 0, 0, 10, 10, 10, 1, 0, 10, 0, 10, 0, 10, 5, 0, 10, 0, 10, 10, 10, 10, 10, 10, 10, 0, 10, 0, 10, : 10, 9, 10, 10, 10, 10, 10, 10, 10, 10, 10, 10, 10, 10, 10, 10, 10, 10, 10, 10, 10, 10, 10, 10, 10, 10, 10, 10, 10, 10, 10, 10, 10, 10, 10, 10, 10, 10, 1, 10, 10, 10, 10, 10, 10, 10, 10, 10, 10, 10, 10, 10, 10, 10, 10, 10, 10, 10, 10, 10, 10, 1, 10, 10, 10, 5, 10, 10, 10, 10, 10, 10, 10, 10, 10, 10, 
712: 10, 0, 3, 10, 11, 10, 0, 0, 8, 4, 10, 0, 0, 10, 0, 5, 0, 0, 0, 10, 10, 0, 10, 3, 10, 10, 10, 0, 0, 10, 0, 10, 0, 10, 10, 10, 10, 10, 0, 10, 10, 10, 0, 10, 10, 10, 10, 0, 18, 0, 10, 10, 10, 10, 0, 0, 17, 10, 6, 10, 10, 10, 0, 10, 0, 10, 10, 0, 0, 10, 10, 0, 0, 10, 10, 10, 10, 0, 0, 10, 0, 6, 0, 0, 10, 0, 10, 0, 10, 10, 0, 0, 10, 10, 0, 0, 0, 0, 10, 0, 0, 0, 0, 0, 10, 10, 1, 0, 10, 10, 10, 10, 10, 0, 0, 0, 10, 0, 10, 0, : 10, 3, 10, 11, 10, 8, 4, 10, 10, 5, 10, 10, 10, 3, 10, 10, 10, 10, 10, 10, 10, 10, 10, 10, 10, 10, 10, 10, 10, 10, 10, 18, 10, 10, 10, 10, 17, 10, 6, 10, 10, 10, 10, 10, 10, 10, 10, 10, 10, 10, 10, 10, 6, 10, 10, 10, 10, 10, 10, 10, 10, 10, 1, 10, 10, 10, 10, 10, 10, 10, 
389: 10, 0, 0, 0, 0, 10, 10, 2, 10, 0, 13, 10, 0, 10, 10, 0, 10, 10, 0, 0, 10, 0, 10, 0, 17, 0, 0, 10, 0, 0, 10, 10, 0, 10, 0, 0, 19, 0, 0, 10, 0, 0, 0, 0, 10, 0, 0, 10, 10, 10, 10, 10, 10, 0, 10, 10, 10, 10, 3, 0, 10, 0, 0, 0, 0, 10, 10, 0, 5, 0, 0, 0, 0, 10, 0, 0, 0, 0, 10, 0, 0, 10, 0, 10, 10, 0, 0, 10, 0, 10, 1, 10, 0, 0, 2, 0, 10, 10, 10, 0, 10, 10, 10, 0, 10, 0, 10, 10, 10, 10, 10, 10, 10, 0, 10, 0, 10, 10, 1, 0, : 10, 10, 10, 2, 10, 13, 10, 10, 10, 10, 10, 10, 10, 17, 10, 10, 10, 10, 19, 10, 10, 10, 10, 10, 10, 10, 10, 10, 10, 10, 10, 3, 10, 10, 10, 5, 10, 10, 10, 10, 10, 10, 10, 1, 10, 2, 10, 10, 10, 10, 10, 10, 10, 10, 10, 10, 10, 10, 10, 10, 10, 10, 10, 1, 
391: 10, 10, 0, 10, 10, 1, 1, 0, 0, 10, 10, 10, 10, 0, 10, 0, 0, 0, 0, 10, 0, 0, 0, 0, 10, 10, 10, 10, 10, 0, 10, 10, 0, 0, 0, 0, 10, 10, 0, 0, 10, 10, 10, 2, 0, 0, 0, 10, 10, 0, 10, 10, 0, 10, 0, 0, 10, 10, 10, 10, 0, 0, 0, 0, 10, 10, 10, 0, 10, 10, 10, 10, 0, 0, 10, 0, 0, 10, 10, 0, 0, 10, 0, 0, 10, 10, 10, 10, 0, 0, 10, 10, 10, 10, 10, 10, 10, 2, 0, 10, 10, 10, 10, 0, 10, 0, 10, 10, 0, 0, 0, 10, 10, 0, 0, 0, 10, 10, 10, 10, : 10, 10, 10, 10, 1, 1, 10, 10, 10, 10, 10, 10, 10, 10, 10, 10, 10, 10, 10, 10, 10, 10, 10, 10, 2, 10, 10, 10, 10, 10, 10, 10, 10, 10, 10, 10, 10, 10, 10, 10, 10, 10, 10, 10, 10, 10, 10, 10, 10, 10, 10, 10, 10, 10, 10, 10, 2, 10, 10, 10, 10, 10, 10, 10, 10, 10, 10, 10, 10, 10, 
98: 10, 10, 0, 10, 0, 10, 10, 10, 10, 10, 2, 10, 0, 0, 0, 10, 0, 0, 0, 10, 0, 0, 10, 10, 10, 10, 10, 10, 10, 0, 0, 10, 10, 0, 5, 10, 0, 0, 0, 0, 10, 0, 0, 10, 0, 0, 0, 10, 10, 0, 10, 0, 0, 10, 0, 10, 0, 10, 10, 0, 0, 10, 10, 0, 0, 10, 0, 0, 0, 0, 10, 0, 0, 10, 0, 10, 0, 0, 10, 10, 10, 10, 10, 0, 10, 0, 0, 0, 0, 0, 0, 0, 0, 10, 0, 10, 0, 10, 2, 0, 0, 5, 0, 10, 10, 0, 0, 0, 0, 10, 10, 0, 10, 0, 10, 0, 10, 0, 10, 10, : 10, 10, 10, 10, 10, 10, 10, 10, 2, 10, 10, 10, 10, 10, 10, 10, 10, 10, 10, 10, 10, 5, 10, 10, 10, 10, 10, 10, 10, 10, 10, 10, 10, 10, 10, 10, 10, 10, 10, 10, 10, 10, 10, 10, 10, 10, 10, 2, 5, 10, 10, 10, 10, 10, 10, 10, 10, 10, 
730: 0, 10, 0, 10, 10, 0, 0, 10, 0, 10, 10, 10, 0, 10, 0, 20, 10, 0, 10, 0, 10, 10, 10, 10, 0, 0, 10, 0, 10, 10, 0, 10, 0, 10, 0, 0, 10, 10, 0, 0, 0, 10, 0, 0, 0, 10, 1, 10, 2, 8, 0, 10, 0, 0, 10, 0, 10, 0, 0, 0, 0, 10, 0, 0, 0, 10, 10, 10, 10, 10, 10, 10, 0, 0, 10, 0, 10, 10, 0, 10, 10, 10, 0, 0, 10, 10, 0, 0, 10, 10, 10, 0, 10, 0, 10, 0, 0, 10, 10, 0, 0, 10, 0, 0, 0, 10, 10, 0, 10, 10, 0, 0, 10, 10, 0, 10, 0, 10, 0, 0, : 10, 10, 10, 10, 10, 10, 10, 10, 20, 10, 10, 10, 10, 10, 10, 10, 10, 10, 10, 10, 10, 10, 10, 10, 1, 10, 2, 8, 10, 10, 10, 10, 10, 10, 10, 10, 10, 10, 10, 10, 10, 10, 10, 10, 10, 10, 10, 10, 10, 10, 10, 10, 10, 10, 10, 10, 10, 10, 10, 10, 10, 10, 10, 
638: 0, 0, 16, 10, 10, 10, 0, 0, 0, 0, 10, 10, 10, 0, 0, 10, 10, 10, 0, 10, 10, 0, 10, 0, 10, 0, 0, 10, 0, 0, 10, 0, 10, 0, 10, 10, 10, 0, 10, 10, 10, 0, 10, 10, 0, 10, 0, 0, 0, 0, 0, 10, 0, 0, 10, 10, 10, 0, 10, 0, 10, 0, 0, 0, 10, 0, 0, 10, 10, 10, 0, 0, 10, 10, 0, 10, 10, 10, 0, 10, 10, 10, 0, 10, 10, 10, 10, 10, 0, 0, 0, 10, 10, 0, 10, 0, 0, 10, 7, 18, 0, 10, 0, 10, 0, 10, 10, 0, 10, 0, 0, 0, 10, 10, 0, 10, 0, 10, 10, 0, : 16, 10, 10, 10, 10, 10, 10, 10, 10, 10, 10, 10, 10, 10, 10, 10, 10, 10, 10, 10, 10, 10, 10, 10, 10, 10, 10, 10, 10, 10, 10, 10, 10, 10, 10, 10, 10, 10, 10, 10, 10, 10, 10, 10, 10, 10, 10, 10, 10, 10, 10, 10, 10, 7, 18, 10, 10, 10, 10, 10, 10, 10, 10, 10, 10, 
459: 0, 0, 10, 0, 10, 10, 0, 10, 0, 0, 10, 10, 0, 0, 10, 10, 10, 10, 0, 10, 10, 0, 10, 0, 0, 0, 10, 10, 10, 0, 10, 10, 10, 10, 0, 0, 0, 10, 10, 0, 0, 0, 0, 0, 0, 0, 0, 10, 0, 0, 10, 10, 0, 0, 0, 0, 10, 10, 10, 0, 10, 0, 10, 10, 10, 10, 10, 10, 0, 10, 0, 10, 0, 0, 10, 0, 0, 3, 10, 0, 10, 0, 10, 0, 10, 0, 0, 10, 0, 10, 10, 0, 0, 0, 10, 10, 10, 0, 10, 10, 10, 0, 0, 10, 10, 2, 0, 10, 0, 0, 0, 10, 10, 10, 0, 10, 0, 10, 10, 0, : 10, 10, 10, 10, 10, 10, 10, 10, 10, 10, 10, 10, 10, 10, 10, 10, 10, 10, 10, 10, 10, 10, 10, 10, 10, 10, 10, 10, 10, 10, 10, 10, 10, 10, 10, 10, 10, 10, 3, 10, 10, 10, 10, 10, 10, 10, 10, 10, 10, 10, 10, 10, 10, 10, 2, 10, 10, 10, 10, 10, 10, 10, 
167: 0, 10, 10, 10, 10, 10, 10, 0, 0, 10, 0, 10, 0, 10, 0, 0, 9, 10, 10, 10, 0, 0, 10, 10, 0, 0, 10, 10, 10, 17, 0, 10, 0, 10, 0, 0, 10, 10, 10, 0, 0, 0, 0, 10, 10, 0, 10, 0, 0, 10, 10, 0, 10, 10, 0, 10, 10, 0, 10, 0, 10, 10, 10, 0, 0, 0, 1, 0, 10, 10, 10, 10, 10, 10, 10, 0, 0, 10, 10, 0, 0, 0, 10, 0, 1, 0, 10, 0, 10, 8, 10, 10, 10, 2, 0, 10, 0, 10, 10, 10, 0, 0, 10, 10, 10, 10, 10, 10, 0, 10, 10, 10, 0, 10, 10, 10, 10, 10, 10, 10, : 10, 10, 10, 10, 10, 10, 10, 10, 10, 9, 10, 10, 10, 10, 10, 10, 10, 10, 17, 10, 10, 10, 10, 10, 10, 10, 10, 10, 10, 10, 10, 10, 10, 10, 10, 10, 10, 1, 10, 10, 10, 10, 10, 10, 10, 10, 10, 10, 1, 10, 10, 8, 10, 10, 10, 2, 10, 10, 10, 10, 10, 10, 10, 10, 10, 10, 10, 10, 10, 10, 10, 10, 10, 10, 10, 10, 
201: 0, 10, 10, 10, 0, 0, 10, 0, 10, 10, 0, 10, 0, 0, 10, 0, 10, 1, 0, 0, 10, 10, 3, 0, 0, 10, 0, 0, 0, 10, 5, 0, 0, 10, 10, 10, 0, 0, 0, 0, 1, 10, 10, 10, 0, 0, 0, 0, 0, 0, 0, 0, 10, 10, 0, 0, 10, 10, 10, 10, 0, 10, 10, 10, 0, 0, 10, 10, 0, 0, 10, 10, 10, 0, 10, 10, 10, 10, 0, 0, 10, 0, 10, 0, 0, 0, 0, 10, 10, 0, 10, 10, 0, 0, 0, 0, 0, 0, 0, 0, 0, 0, 10, 10, 0, 10, 0, 18, 10, 10, 0, 0, 0, 3, 0, 10, 10, 5, 0, 0, : 10, 10, 10, 10, 10, 10, 10, 10, 10, 1, 10, 10, 3, 10, 10, 5, 10, 10, 10, 1, 10, 10, 10, 10, 10, 10, 10, 10, 10, 10, 10, 10, 10, 10, 10, 10, 10, 10, 10, 10, 10, 10, 10, 10, 10, 10, 10, 10, 10, 10, 18, 10, 10, 3, 10, 10, 5, 
248: 0, 0, 0, 10, 10, 0, 10, 10, 0, 10, 0, 0, 10, 10, 10, 0, 10, 10, 10, 10, 10, 9, 10, 0, 0, 0, 10, 0, 10, 1, 10, 10, 0, 0, 0, 0, 0, 0, 0, 0, 10, 10, 0, 10, 10, 10, 0, 10, 0, 0, 0, 0, 10, 0, 10, 0, 10, 10, 10, 0, 10, 0, 0, 0, 10, 4, 10, 0, 0, 0, 9, 10, 0, 10, 0, 10, 10, 10, 10, 10, 10, 0, 10, 10, 0, 10, 10, 10, 10, 0, 10, 10, 0, 0, 0, 10, 10, 0, 0, 0, 10, 0, 0, 0, 0, 5, 10, 0, 10, 0, 10, 0, 0, 0, 0, 10, 10, 10, 0, 0, : 10, 10, 10, 10, 10, 10, 10, 10, 10, 10, 10, 10, 10, 9, 10, 10, 10, 1, 10, 10, 10, 10, 10, 10, 10, 10, 10, 10, 10, 10, 10, 10, 10, 4, 10, 9, 10, 10, 10, 10, 10, 10, 10, 10, 10, 10, 10, 10, 10, 10, 10, 10, 10, 10, 10, 5, 10, 10, 10, 10, 10, 10, 
729: 0, 10, 0, 0, 14, 10, 0, 10, 0, 10, 10, 0, 0, 0, 0, 0, 0, 10, 0, 10, 10, 10, 0, 0, 0, 10, 0, 0, 0, 10, 6, 10, 0, 10, 10, 0, 10, 0, 10, 0, 0, 10, 10, 0, 10, 10, 10, 0, 0, 0, 0, 0, 10, 0, 0, 0, 10, 0, 0, 10, 0, 9, 0, 0, 0, 10, 0, 0, 10, 0, 10, 10, 10, 10, 0, 10, 10, 10, 0, 0, 0, 10, 10, 0, 7, 0, 0, 0, 10, 0, 0, 0, 0, 10, 0, 10, 0, 10, 0, 10, 10, 0, 0, 0, 0, 10, 10, 0, 10, 10, 0, 0, 10, 0, 10, 10, 10, 0, 10, 10, : 10, 14, 10, 10, 10, 10, 10, 10, 10, 10, 10, 10, 6, 10, 10, 10, 10, 10, 10, 10, 10, 10, 10, 10, 10, 10, 9, 10, 10, 10, 10, 10, 10, 10, 10, 10, 10, 10, 7, 10, 10, 10, 10, 10, 10, 10, 10, 10, 10, 10, 10, 10, 10, 10, 10, 
762: 0, 10, 1, 10, 0, 0, 2, 0, 10, 0, 10, 0, 10, 10, 0, 10, 0, 10, 0, 2, 10, 10, 10, 10, 0, 0, 0, 0, 0, 10, 0, 10, 10, 10, 0, 0, 0, 0, 10, 0, 0, 0, 10, 0, 0, 0, 0, 0, 10, 10, 0, 10, 10, 10, 10, 10, 0, 0, 0, 10, 0, 10, 10, 10, 0, 0, 0, 10, 0, 10, 0, 10, 10, 10, 0, 10, 10, 10, 0, 10, 10, 0, 0, 10, 0, 10, 10, 0, 10, 0, 10, 10, 10, 18, 10, 0, 10, 0, 10, 10, 10, 10, 10, 0, 0, 0, 0, 10, 0, 10, 2, 10, 0, 0, 10, 10, 10, 10, 0, 10, : 10, 1, 10, 2, 10, 10, 10, 10, 10, 10, 2, 10, 10, 10, 10, 10, 10, 10, 10, 10, 10, 10, 10, 10, 10, 10, 10, 10, 10, 10, 10, 10, 10, 10, 10, 10, 10, 10, 10, 10, 10, 10, 10, 10, 10, 10, 10, 10, 10, 18, 10, 10, 10, 10, 10, 10, 10, 10, 10, 2, 10, 10, 10, 10, 10, 10, 
536: 4, 10, 0, 11, 10, 0, 10, 0, 0, 0, 10, 10, 10, 10, 10, 10, 0, 10, 10, 0, 0, 10, 0, 0, 0, 10, 0, 10, 10, 10, 0, 0, 0, 0, 3, 10, 10, 10, 0, 0, 1, 10, 0, 0, 10, 10, 0, 0, 0, 0, 10, 10, 10, 0, 0, 0, 0, 0, 0, 0, 10, 10, 10, 10, 10, 10, 10, 0, 0, 4, 10, 10, 10, 10, 10, 10, 10, 0, 10, 0, 0, 0, 0, 10, 0, 10, 10, 0, 0, 10, 0, 0, 10, 0, 10, 10, 10, 10, 10, 0, 12, 10, 10, 10, 0, 0, 10, 0, 0, 10, 10, 0, 0, 0, 0, 10, 0, 10, 10, 10, : 4, 10, 11, 10, 10, 10, 10, 10, 10, 10, 10, 10, 10, 10, 10, 10, 10, 10, 3, 10, 10, 10, 1, 10, 10, 10, 10, 10, 10, 10, 10, 10, 10, 10, 10, 10, 4, 10, 10, 10, 10, 10, 10, 10, 10, 10, 10, 10, 10, 10, 10, 10, 10, 10, 10, 12, 10, 10, 10, 10, 10, 10, 10, 10, 10, 10, 
124: 10, 0, 0, 0, 0, 0, 0, 10, 0, 6, 0, 0, 0, 0, 10, 10, 0, 10, 10, 10, 0, 10, 0, 0, 10, 10, 10, 10, 0, 10, 10, 0, 10, 0, 0, 10, 10, 0, 0, 0, 0, 0, 10, 10, 10, 10, 0, 0, 10, 10, 0, 0, 10, 0, 10, 0, 10, 10, 0, 0, 10, 10, 10, 0, 10, 10, 10, 0, 10, 10, 0, 0, 0, 10, 0, 10, 0, 0, 0, 10, 0, 10, 0, 0, 10, 0, 0, 10, 0, 0, 0, 10, 10, 0, 10, 10, 0, 10, 0, 0, 10, 10, 7, 0, 5, 1, 0, 10, 0, 10, 10, 0, 0, 0, 0, 0, 1, 0, 10, 0, : 10, 10, 6, 10, 10, 10, 10, 10, 10, 10, 10, 10, 10, 10, 10, 10, 10, 10, 10, 10, 10, 10, 10, 10, 10, 10, 10, 10, 10, 10, 10, 10, 10, 10, 10, 10, 10, 10, 10, 10, 10, 10, 10, 10, 10, 10, 10, 10, 10, 7, 5, 1, 10, 10, 10, 1, 10, 
475: 0, 0, 0, 10, 0, 10, 10, 10, 10, 0, 10, 0, 0, 0, 10, 10, 0, 6, 10, 0, 10, 15, 0, 10, 0, 10, 10, 10, 10, 10, 0, 10, 0, 0, 10, 10, 10, 10, 0, 0, 0, 0, 10, 0, 10, 10, 0, 10, 10, 0, 0, 10, 0, 0, 0, 0, 0, 10, 10, 10, 0, 10, 10, 10, 0, 0, 10, 0, 0, 0, 0, 10, 10, 0, 0, 0, 0, 0, 10, 10, 0, 10, 0, 0, 0, 1, 0, 10, 0, 10, 0, 10, 10, 0, 0, 0, 0, 0, 0, 10, 10, 10, 10, 10, 10, 10, 0, 0, 10, 0, 10, 0, 0, 10, 10, 10, 10, 0, 10, 0, : 10, 10, 10, 10, 10, 10, 10, 10, 6, 10, 10, 15, 10, 10, 10, 10, 10, 10, 10, 10, 10, 10, 10, 10, 10, 10, 10, 10, 10, 10, 10, 10, 10, 10, 10, 10, 10, 10, 10, 10, 10, 1, 10, 10, 10, 10, 10, 10, 10, 10, 10, 10, 10, 10, 10, 10, 10, 10, 10, 10, 
675: 10, 0, 10, 0, 0, 10, 0, 0, 0, 10, 0, 10, 10, 0, 1, 10, 0, 10, 0, 0, 0, 10, 10, 10, 0, 0, 10, 10, 10, 10, 0, 0, 3, 10, 0, 0, 10, 0, 10, 10, 0, 0, 10, 0, 10, 10, 0, 0, 0, 0, 10, 0, 20, 10, 10, 10, 10, 0, 10, 0, 10, 10, 0, 10, 0, 0, 10, 0, 10, 0, 20, 0, 10, 10, 0, 10, 3, 0, 0, 10, 0, 10, 0, 0, 10, 0, 10, 10, 10, 0, 0, 10, 10, 10, 0, 10, 14, 0, 0, 10, 0, 0, 0, 10, 10, 0, 0, 10, 10, 0, 10, 0, 10, 10, 0, 0, 0, 10, 0, 11, : 10, 10, 10, 10, 10, 10, 1, 10, 10, 10, 10, 10, 10, 10, 10, 10, 3, 10, 10, 10, 10, 10, 10, 10, 10, 20, 10, 10, 10, 10, 10, 10, 10, 10, 10, 10, 20, 10, 10, 10, 3, 10, 10, 10, 10, 10, 10, 10, 10, 10, 10, 14, 10, 10, 10, 10, 10, 10, 10, 10, 10, 11, 
514: 11, 0, 0, 0, 10, 10, 10, 0, 0, 0, 10, 10, 10, 10, 10, 0, 10, 0, 10, 0, 0, 0, 10, 10, 0, 10, 0, 0, 10, 0, 10, 0, 0, 10, 4, 0, 10, 10, 10, 10, 10, 0, 6, 10, 0, 1, 10, 0, 0, 10, 0, 10, 0, 0, 10, 10, 10, 0, 10, 10, 10, 0, 1, 0, 0, 0, 0, 0, 0, 0, 10, 10, 0, 0, 10, 0, 6, 10, 0, 0, 2, 10, 0, 10, 0, 10, 0, 0, 0, 0, 0, 10, 10, 10, 10, 0, 0, 0, 10, 0, 0, 10, 10, 0, 0, 10, 10, 10, 2, 0, 10, 10, 10, 0, 0, 0, 10, 0, 0, 17, : 11, 10, 10, 10, 10, 10, 10, 10, 10, 10, 10, 10, 10, 10, 10, 10, 10, 4, 10, 10, 10, 10, 10, 6, 10, 1, 10, 10, 10, 10, 10, 10, 10, 10, 10, 1, 10, 10, 10, 6, 10, 2, 10, 10, 10, 10, 10, 10, 10, 10, 10, 10, 10, 10, 10, 2, 10, 10, 10, 10, 17, 
60: 10, 10, 10, 0, 10, 0, 10, 10, 0, 0, 0, 10, 0, 10, 10, 0, 0, 0, 10, 10, 10, 0, 10, 10, 0, 10, 10, 0, 0, 0, 10, 10, 10, 0, 0, 0, 0, 0, 10, 0, 10, 0, 0, 0, 10, 0, 10, 0, 10, 0, 10, 10, 0, 0, 10, 15, 19, 10, 10, 0, 0, 0, 0, 1, 10, 10, 10, 0, 10, 10, 0, 10, 2, 10, 0, 10, 10, 0, 0, 0, 10, 10, 0, 0, 0, 0, 0, 0, 0, 10, 10, 0, 0, 0, 10, 0, 10, 10, 0, 0, 0, 0, 10, 10, 0, 0, 0, 0, 10, 0, 0, 0, 0, 10, 10, 10, 0, 10, 8, 0, : 10, 10, 10, 10, 10, 10, 10, 10, 10, 10, 10, 10, 10, 10, 10, 10, 10, 10, 10, 10, 10, 10, 10, 10, 10, 10, 10, 15, 19, 10, 10, 1, 10, 10, 10, 10, 10, 10, 2, 10, 10, 10, 10, 10, 10, 10, 10, 10, 10, 10, 10, 10, 10, 10, 10, 10, 8, 
286: 10, 0, 10, 0, 4, 0, 10, 10, 10, 0, 0, 0, 10, 10, 10, 0, 10, 0, 10, 10, 0, 0, 10, 10, 0, 10, 10, 10, 10, 10, 10, 10, 10, 10, 10, 10, 0, 10, 10, 10, 10, 10, 0, 10, 10, 10, 10, 11, 0, 0, 0, 0, 0, 0, 10, 10, 0, 0, 0, 0, 0, 10, 0, 10, 10, 0, 10, 0, 10, 10, 10, 0, 10, 10, 0, 10, 0, 0, 10, 0, 10, 10, 10, 0, 10, 10, 0, 0, 0, 0, 10, 10, 0, 10, 0, 3, 10, 0, 0, 0, 0, 10, 10, 10, 0, 0, 0, 0, 0, 10, 10, 10, 0, 10, 10, 13, 0, 10, 10, 10, : 10, 10, 4, 10, 10, 10, 10, 10, 10, 10, 10, 10, 10, 10, 10, 10, 10, 10, 10, 10, 10, 10, 10, 10, 10, 10, 10, 10, 10, 10, 10, 10, 10, 10, 11, 10, 10, 10, 10, 10, 10, 10, 10, 10, 10, 10, 10, 10, 10, 10, 10, 10, 10, 10, 10, 10, 3, 10, 10, 10, 10, 10, 10, 10, 10, 10, 13, 10, 10, 10, 


273: 0, 0, 0, 10, 10, 10, 0, 10, 10, 10, 1, 10, 10, 1, 10, 0, 0, 0, 10, 10, 0, 0, 0, 0, 10, 2, 10, 0, 0, 11, 0, 10, 0, 10, 10, 10, 10, 0, 10, 0, 10, 10, 10, 10, 0, 10, 0, 0, 10, 10, 10, 0, 0, 10, 10, 10, 10, 0, 10, 0, 0, 0, 0, 10, 10, 10, 0, 10, 0, 10, 0, 10, 0, 0, 0, 10, 10, 0, 0, 0, 0, 0, 0, 10, 10, 10, 10, 3, 10, 10, 17, 0, 0, 10, 10, 10, 0, 10, 0, 0, 0, 0, 0, 0, 10, 10, 0, 0, 0, 6, 0, 0, 10, 10, 0, 0, 0, 0, 2, 10, : 10, 10, 10, 10, 10, 10, 1, 10, 10, 1, 10, 10, 10, 10, 2, 10, 11, 10, 10, 10, 10, 10, 10, 10, 10, 10, 10, 10, 10, 10, 10, 10, 10, 10, 10, 10, 10, 10, 10, 10, 10, 10, 10, 10, 10, 10, 10, 10, 3, 10, 10, 17, 10, 10, 10, 10, 10, 10, 6, 10, 10, 2, 10, 
196: 10, 10, 0, 0, 0, 10, 10, 0, 10, 0, 0, 10, 0, 0, 10, 10, 0, 0, 0, 10, 0, 10, 10, 0, 0, 0, 0, 10, 0, 0, 10, 0, 10, 10, 0, 10, 10, 0, 0, 10, 10, 0, 0, 10, 10, 0, 0, 10, 10, 10, 10, 10, 0, 10, 10, 0, 10, 1, 10, 0, 10, 10, 0, 10, 10, 10, 0, 10, 10, 6, 0, 0, 10, 0, 10, 10, 0, 0, 0, 0, 0, 0, 0, 10, 0, 10, 10, 0, 10, 0, 10, 0, 0, 0, 0, 10, 3, 0, 1, 10, 10, 0, 0, 0, 10, 0, 10, 10, 0, 10, 0, 10, 0, 0, 0, 0, 10, 10, 0, 0, : 10, 10, 10, 10, 10, 10, 10, 10, 10, 10, 10, 10, 10, 10, 10, 10, 10, 10, 10, 10, 10, 10, 10, 10, 10, 10, 10, 10, 10, 1, 10, 10, 10, 10, 10, 10, 10, 10, 6, 10, 10, 10, 10, 10, 10, 10, 10, 10, 3, 1, 10, 10, 10, 10, 10, 10, 10, 10, 10, 
135: 0, 0, 0, 0, 10, 0, 0, 10, 10, 0, 10, 10, 0, 10, 0, 0, 0, 10, 0, 0, 0, 0, 16, 10, 0, 0, 10, 10, 10, 10, 10, 10, 10, 0, 10, 10, 0, 10, 10, 10, 10, 0, 0, 10, 0, 0, 5, 10, 0, 0, 10, 0, 10, 0, 10, 1, 10, 10, 10, 0, 10, 10, 10, 10, 10, 0, 0, 0, 10, 0, 15, 10, 11, 0, 0, 0, 0, 0, 0, 0, 10, 10, 10, 0, 10, 10, 10, 10, 0, 0, 10, 0, 10, 10, 10, 10, 10, 10, 0, 10, 10, 10, 10, 0, 0, 0, 10, 10, 10, 10, 0, 0, 10, 1, 10, 0, 0, 3, 0, 0, : 10, 10, 10, 10, 10, 10, 10, 16, 10, 10, 10, 10, 10, 10, 10, 10, 10, 10, 10, 10, 10, 10, 10, 5, 10, 10, 10, 10, 1, 10, 10, 10, 10, 10, 10, 10, 10, 10, 15, 10, 11, 10, 10, 10, 10, 10, 10, 10, 10, 10, 10, 10, 10, 10, 10, 10, 10, 10, 10, 10, 10, 10, 10, 10, 1, 10, 3, 
142: 0, 10, 10, 0, 0, 0, 10, 10, 10, 0, 10, 10, 10, 0, 0, 10, 0, 0, 0, 0, 10, 10, 0, 10, 0, 10, 0, 0, 0, 10, 10, 0, 0, 10, 10, 0, 0, 0, 0, 10, 10, 0, 10, 0, 0, 0, 0, 0, 0, 0, 10, 10, 0, 10, 10, 10, 0, 10, 10, 10, 10, 0, 0, 0, 10, 10, 0, 0, 10, 0, 10, 10, 0, 0, 0, 10, 10, 10, 0, 10, 0, 0, 0, 0, 10, 0, 1, 10, 0, 0, 10, 0, 10, 0, 10, 0, 10, 0, 10, 0, 10, 0, 0, 0, 0, 0, 0, 0, 10, 10, 0, 10, 10, 0, 0, 0, 10, 10, 0, 10, : 10, 10, 10, 10, 10, 10, 10, 10, 10, 10, 10, 10, 10, 10, 10, 10, 10, 10, 10, 10, 10, 10, 10, 10, 10, 10, 10, 10, 10, 10, 10, 10, 10, 10, 10, 10, 10, 10, 10, 1, 10, 10, 10, 10, 10, 10, 10, 10, 10, 10, 10, 10, 10, 10, 
269: 10, 10, 10, 10, 0, 10, 0, 0, 0, 10, 0, 0, 10, 0, 0, 0, 10, 10, 0, 10, 10, 10, 0, 10, 0, 10, 10, 10, 10, 0, 0, 18, 0, 10, 10, 10, 0, 0, 0, 0, 0, 10, 1, 0, 0, 10, 10, 10, 19, 0, 0, 0, 10, 0, 10, 0, 0, 10, 0, 0, 0, 0, 0, 0, 10, 10, 10, 0, 0, 10, 3, 0, 0, 0, 0, 10, 0, 16, 10, 1, 10, 10, 0, 0, 10, 0, 0, 10, 0, 0, 10, 0, 0, 10, 10, 10, 10, 0, 10, 10, 10, 10, 10, 0, 0, 0, 10, 10, 0, 10, 0, 0, 0, 10, 10, 10, 10, 0, 10, 0, : 10, 10, 10, 10, 10, 10, 10, 10, 10, 10, 10, 10, 10, 10, 10, 10, 10, 18, 10, 10, 10, 10, 1, 10, 10, 10, 19, 10, 10, 10, 10, 10, 10, 10, 3, 10, 16, 10, 1, 10, 10, 10, 10, 10, 10, 10, 10, 10, 10, 10, 10, 10, 10, 10, 10, 10, 10, 10, 10, 10, 10, 
596: 0, 0, 0, 10, 10, 0, 10, 0, 0, 0, 0, 10, 0, 10, 10, 0, 10, 10, 0, 10, 1, 0, 1, 0, 0, 0, 0, 0, 0, 0, 0, 10, 10, 0, 0, 10, 0, 0, 10, 0, 10, 10, 10, 10, 10, 0, 10, 0, 0, 10, 0, 0, 10, 0, 0, 0, 0, 2, 10, 10, 0, 10, 0, 10, 0, 0, 10, 10, 0, 10, 0, 0, 10, 10, 0, 10, 10, 10, 0, 0, 10, 0, 0, 0, 10, 0, 10, 10, 10, 10, 10, 0, 10, 0, 10, 0, 10, 10, 10, 0, 0, 10, 10, 0, 10, 10, 0, 0, 10, 0, 10, 10, 0, 10, 0, 0, 0, 10, 0, 10, : 10, 10, 10, 10, 10, 10, 10, 10, 10, 1, 1, 10, 10, 10, 10, 10, 10, 10, 10, 10, 10, 10, 10, 2, 10, 10, 10, 10, 10, 10, 10, 10, 10, 10, 10, 10, 10, 10, 10, 10, 10, 10, 10, 10, 10, 10, 10, 10, 10, 10, 10, 10, 10, 10, 10, 10, 10, 10, 
289: 0, 10, 0, 10, 0, 10, 10, 10, 10, 2, 0, 0, 0, 10, 10, 10, 0, 0, 10, 0, 0, 10, 0, 0, 0, 10, 0, 0, 10, 10, 10, 10, 10, 10, 0, 10, 10, 0, 0, 10, 10, 10, 10, 10, 0, 10, 10, 10, 0, 0, 0, 10, 0, 3, 0, 10, 0, 0, 10, 0, 10, 0, 10, 10, 10, 10, 0, 10, 10, 10, 0, 0, 0, 10, 0, 10, 2, 10, 0, 10, 0, 0, 0, 10, 10, 10, 0, 0, 0, 10, 0, 0, 10, 0, 10, 4, 10, 10, 4, 0, 0, 10, 0, 0, 10, 0, 10, 0, 0, 10, 0, 3, 0, 0, 10, 0, 10, 0, 10, 0, : 10, 10, 10, 10, 10, 10, 2, 10, 10, 10, 10, 10, 10, 10, 10, 10, 10, 10, 10, 10, 10, 10, 10, 10, 10, 10, 10, 10, 10, 10, 3, 10, 10, 10, 10, 10, 10, 10, 10, 10, 10, 10, 10, 2, 10, 10, 10, 10, 10, 10, 10, 10, 4, 10, 10, 4, 10, 10, 10, 10, 3, 10, 10, 10, 
422: 0, 0, 0, 10, 10, 10, 10, 5, 10, 0, 0, 0, 10, 0, 10, 0, 10, 10, 0, 0, 0, 0, 0, 0, 0, 0, 0, 2, 0, 10, 10, 10, 0, 0, 2, 10, 10, 0, 1, 10, 10, 10, 8, 10, 0, 10, 10, 10, 0, 10, 0, 0, 1, 10, 0, 10, 10, 0, 10, 0, 10, 0, 10, 10, 10, 0, 0, 0, 10, 10, 10, 10, 0, 0, 0, 0, 0, 10, 10, 0, 10, 0, 10, 10, 10, 0, 10, 10, 0, 0, 0, 10, 0, 0, 0, 0, 0, 0, 0, 10, 10, 6, 0, 0, 10, 10, 10, 10, 0, 10, 1, 10, 0, 10, 9, 10, 0, 0, 0, 0, : 10, 10, 10, 10, 5, 10, 10, 10, 10, 10, 2, 10, 10, 10, 2, 10, 10, 1, 10, 10, 10, 8, 10, 10, 10, 10, 10, 1, 10, 10, 10, 10, 10, 10, 10, 10, 10, 10, 10, 10, 10, 10, 10, 10, 10, 10, 10, 10, 10, 10, 10, 6, 10, 10, 10, 10, 10, 1, 10, 10, 9, 10, 
176: 10, 10, 0, 0, 0, 0, 0, 10, 1, 10, 10, 0, 0, 10, 10, 10, 10, 10, 10, 10, 10, 10, 0, 10, 10, 10, 10, 2, 0, 0, 10, 10, 0, 8, 10, 0, 0, 10, 0, 10, 1, 0, 0, 10, 10, 0, 10, 10, 0, 0, 0, 10, 10, 10, 10, 0, 0, 10, 0, 10, 10, 10, 0, 0, 0, 10, 10, 0, 0, 0, 20, 10, 0, 0, 0, 0, 0, 10, 10, 10, 0, 0, 0, 10, 0, 10, 0, 10, 10, 10, 10, 0, 10, 10, 0, 10, 0, 0, 10, 0, 3, 0, 10, 1, 10, 0, 10, 0, 10, 0, 0, 10, 10, 0, 0, 0, 0, 0, 0, 0, : 10, 10, 10, 1, 10, 10, 10, 10, 10, 10, 10, 10, 10, 10, 10, 10, 10, 10, 10, 2, 10, 10, 8, 10, 10, 10, 1, 10, 10, 10, 10, 10, 10, 10, 10, 10, 10, 10, 10, 10, 10, 20, 10, 10, 10, 10, 10, 10, 10, 10, 10, 10, 10, 10, 10, 10, 3, 10, 1, 10, 10, 10, 10, 10, 
765: 10, 10, 0, 16, 10, 10, 10, 0, 10, 0, 0, 0, 10, 10, 20, 0, 0, 0, 18, 10, 10, 10, 10, 10, 10, 0, 0, 10, 10, 10, 0, 0, 0, 0, 10, 0, 10, 10, 10, 10, 10, 0, 0, 0, 10, 10, 10, 0, 10, 17, 0, 10, 0, 0, 10, 5, 10, 0, 10, 1, 0, 10, 0, 0, 10, 10, 10, 3, 6, 10, 10, 0, 10, 10, 0, 0, 0, 10, 0, 3, 0, 0, 0, 0, 0, 10, 0, 0, 10, 10, 10, 0, 10, 10, 0, 10, 10, 0, 0, 0, 10, 0, 10, 10, 0, 10, 10, 0, 10, 0, 10, 10, 10, 10, 10, 10, 10, 10, 0, 0, : 10, 10, 16, 10, 10, 10, 10, 10, 10, 20, 18, 10, 10, 10, 10, 10, 10, 10, 10, 10, 10, 10, 10, 10, 10, 10, 10, 10, 10, 10, 17, 10, 10, 5, 10, 10, 1, 10, 10, 10, 10, 3, 6, 10, 10, 10, 10, 10, 3, 10, 10, 10, 10, 10, 10, 10, 10, 10, 10, 10, 10, 10, 10, 10, 10, 10, 10, 10, 10, 10, 10, 
293: 10, 0, 10, 0, 10, 10, 0, 0, 0, 0, 0, 0, 10, 10, 0, 10, 0, 10, 10, 10, 0, 0, 0, 0, 10, 0, 10, 10, 0, 0, 10, 0, 10, 10, 10, 10, 10, 1, 0, 0, 10, 10, 10, 10, 0, 0, 3, 2, 10, 10, 10, 10, 10, 10, 2, 10, 10, 10, 0, 10, 10, 10, 10, 2, 2, 10, 0, 10, 10, 0, 10, 10, 0, 10, 10, 0, 10, 10, 0, 0, 10, 0, 0, 0, 0, 1, 0, 10, 10, 0, 10, 10, 10, 0, 10, 10, 0, 0, 0, 0, 0, 10, 10, 10, 0, 0, 1, 10, 0, 10, 0, 10, 0, 0, 10, 0, 0, 10, 10, 10, : 10, 10, 10, 10, 10, 10, 10, 10, 10, 10, 10, 10, 10, 10, 10, 10, 10, 10, 10, 1, 10, 10, 10, 10, 3, 2, 10, 10, 10, 10, 10, 10, 2, 10, 10, 10, 10, 10, 10, 10, 2, 2, 10, 10, 10, 10, 10, 10, 10, 10, 10, 10, 1, 10, 10, 10, 10, 10, 10, 10, 10, 10, 10, 1, 10, 10, 10, 10, 10, 10, 10, 
461: 0, 10, 10, 0, 0, 0, 0, 10, 10, 0, 1, 10, 0, 10, 0, 10, 0, 5, 0, 0, 0, 2, 0, 0, 10, 0, 0, 0, 10, 0, 10, 10, 10, 3, 0, 0, 10, 0, 0, 10, 0, 10, 10, 10, 10, 0, 0, 0, 10, 0, 10, 10, 0, 10, 10, 10, 10, 10, 10, 10, 0, 10, 0, 0, 10, 10, 0, 0, 10, 10, 0, 0, 0, 0, 0, 10, 10, 10, 10, 10, 10, 10, 0, 5, 10, 4, 10, 0, 0, 0, 10, 10, 0, 10, 0, 10, 0, 10, 10, 0, 5, 0, 0, 0, 0, 10, 10, 10, 0, 10, 10, 0, 0, 10, 0, 10, 0, 10, 10, 10, : 10, 10, 10, 10, 1, 10, 10, 10, 5, 2, 10, 10, 10, 10, 10, 3, 10, 10, 10, 10, 10, 10, 10, 10, 10, 10, 10, 10, 10, 10, 10, 10, 10, 10, 10, 10, 10, 10, 10, 10, 10, 10, 10, 10, 5, 10, 4, 10, 10, 10, 10, 10, 10, 10, 5, 10, 10, 10, 10, 10, 10, 10, 10, 10, 10, 
423: 0, 0, 10, 10, 0, 0, 10, 10, 2, 0, 0, 0, 10, 0, 0, 0, 0, 10, 10, 3, 0, 10, 10, 10, 10, 10, 10, 10, 0, 0, 10, 2, 10, 10, 0, 0, 10, 10, 10, 10, 0, 0, 10, 10, 10, 0, 10, 0, 0, 10, 0, 10, 10, 0, 0, 10, 0, 0, 10, 10, 0, 0, 10, 0, 0, 0, 0, 10, 10, 0, 10, 10, 10, 0, 10, 0, 10, 10, 0, 10, 10, 10, 2, 0, 0, 0, 10, 0, 0, 10, 10, 0, 0, 10, 0, 10, 10, 0, 10, 10, 10, 0, 10, 10, 0, 9, 0, 0, 0, 0, 10, 10, 10, 0, 0, 10, 10, 10, 0, 0, : 10, 10, 10, 10, 2, 10, 10, 10, 3, 10, 10, 10, 10, 10, 10, 10, 10, 2, 10, 10, 10, 10, 10, 10, 10, 10, 10, 10, 10, 10, 10, 10, 10, 10, 10, 10, 10, 10, 10, 10, 10, 10, 10, 10, 10, 10, 2, 10, 10, 10, 10, 10, 10, 10, 10, 10, 10, 10, 9, 10, 10, 10, 10, 10, 10, 
342: 10, 3, 0, 0, 0, 10, 0, 10, 0, 10, 10, 10, 10, 0, 10, 0, 0, 10, 0, 10, 10, 10, 10, 10, 10, 10, 10, 0, 0, 10, 10, 10, 0, 10, 0, 0, 10, 10, 0, 10, 10, 0, 0, 10, 6, 10, 10, 10, 10, 10, 20, 10, 0, 0, 0, 10, 10, 0, 3, 10, 3, 10, 10, 10, 0, 0, 10, 10, 15, 0, 10, 0, 10, 0, 0, 0, 0, 10, 10, 0, 10, 10, 0, 0, 10, 10, 0, 0, 0, 10, 10, 0, 0, 10, 0, 0, 10, 0, 0, 10, 0, 0, 6, 0, 10, 10, 0, 0, 10, 0, 0, 0, 0, 0, 10, 10, 10, 10, 10, 10, : 10, 3, 10, 10, 10, 10, 10, 10, 10, 10, 10, 10, 10, 10, 10, 10, 10, 10, 10, 10, 10, 10, 10, 10, 10, 10, 10, 6, 10, 10, 10, 10, 10, 20, 10, 10, 10, 3, 10, 3, 10, 10, 10, 10, 10, 15, 10, 10, 10, 10, 10, 10, 10, 10, 10, 10, 10, 10, 10, 6, 10, 10, 10, 10, 10, 10, 10, 10, 10, 
137: 0, 0, 0, 10, 0, 0, 10, 10, 3, 10, 0, 10, 0, 10, 10, 0, 0, 10, 10, 10, 0, 0, 0, 0, 10, 0, 10, 0, 10, 10, 10, 10, 0, 0, 0, 10, 10, 0, 0, 10, 0, 10, 0, 10, 20, 0, 10, 10, 0, 10, 0, 10, 0, 0, 10, 0, 10, 10, 0, 10, 0, 0, 2, 16, 0, 0, 10, 0, 7, 0, 0, 10, 10, 0, 10, 10, 0, 0, 10, 10, 10, 0, 0, 0, 0, 0, 10, 0, 0, 10, 10, 0, 10, 10, 0, 10, 10, 10, 0, 0, 10, 0, 0, 0, 0, 2, 10, 0, 0, 0, 10, 10, 0, 0, 0, 10, 10, 10, 10, 10, : 10, 10, 10, 3, 10, 10, 10, 10, 10, 10, 10, 10, 10, 10, 10, 10, 10, 10, 10, 10, 10, 10, 20, 10, 10, 10, 10, 10, 10, 10, 10, 2, 16, 10, 7, 10, 10, 10, 10, 10, 10, 10, 10, 10, 10, 10, 10, 10, 10, 10, 10, 2, 10, 10, 10, 10, 10, 10, 10, 10, 
661: 10, 10, 10, 0, 0, 10, 10, 18, 10, 2, 10, 0, 10, 0, 10, 0, 0, 0, 0, 0, 10, 0, 10, 12, 0, 0, 10, 10, 10, 0, 10, 10, 0, 10, 0, 10, 0, 0, 10, 10, 10, 10, 10, 0, 0, 0, 0, 0, 0, 10, 10, 10, 0, 0, 10, 0, 0, 10, 0, 10, 0, 0, 0, 10, 0, 0, 10, 19, 0, 10, 0, 0, 0, 10, 0, 0, 10, 10, 0, 10, 0, 10, 0, 0, 0, 7, 0, 10, 2, 0, 10, 10, 0, 0, 10, 10, 10, 10, 0, 10, 10, 10, 0, 10, 10, 0, 4, 10, 10, 0, 0, 10, 0, 10, 4, 0, 0, 0, 10, 0, : 10, 10, 10, 10, 10, 18, 10, 2, 10, 10, 10, 10, 10, 12, 10, 10, 10, 10, 10, 10, 10, 10, 10, 10, 10, 10, 10, 10, 10, 10, 10, 10, 10, 10, 19, 10, 10, 10, 10, 10, 10, 7, 10, 2, 10, 10, 10, 10, 10, 10, 10, 10, 10, 10, 10, 4, 10, 10, 10, 10, 4, 10, 
119: 0, 0, 10, 0, 10, 10, 0, 2, 10, 10, 10, 0, 0, 10, 0, 10, 0, 0, 10, 0, 0, 0, 0, 0, 0, 1, 10, 0, 0, 7, 0, 0, 10, 0, 9, 0, 10, 0, 0, 10, 0, 0, 0, 0, 10, 0, 0, 0, 0, 0, 0, 10, 0, 10, 10, 10, 10, 0, 0, 0, 10, 10, 10, 0, 0, 0, 10, 10, 0, 10, 0, 10, 10, 10, 10, 0, 10, 0, 10, 10, 0, 10, 0, 0, 10, 0, 10, 10, 7, 10, 0, 0, 10, 0, 10, 10, 0, 0, 10, 10, 10, 0, 0, 10, 0, 0, 10, 10, 10, 0, 10, 2, 0, 10, 10, 19, 0, 10, 0, 0, : 10, 10, 10, 2, 10, 10, 10, 10, 10, 10, 1, 10, 7, 10, 9, 10, 10, 10, 10, 10, 10, 10, 10, 10, 10, 10, 10, 10, 10, 10, 10, 10, 10, 10, 10, 10, 10, 10, 10, 10, 7, 10, 10, 10, 10, 10, 10, 10, 10, 10, 10, 10, 10, 2, 10, 10, 19, 10, 
66: 0, 0, 0, 0, 0, 10, 0, 0, 0, 0, 0, 2, 0, 0, 0, 10, 0, 0, 10, 0, 0, 0, 0, 0, 0, 10, 0, 10, 10, 0, 0, 10, 10, 10, 10, 0, 10, 0, 0, 10, 10, 10, 10, 0, 0, 10, 1, 0, 3, 10, 10, 1, 10, 10, 0, 0, 10, 10, 0, 10, 0, 5, 2, 0, 0, 0, 10, 0, 10, 10, 10, 0, 10, 0, 10, 0, 10, 0, 10, 0, 10, 10, 0, 0, 10, 10, 10, 0, 10, 10, 10, 10, 10, 0, 5, 0, 0, 0, 0, 0, 10, 10, 0, 10, 10, 10, 0, 10, 10, 8, 10, 10, 10, 10, 0, 10, 10, 0, 1, 10, : 10, 2, 10, 10, 10, 10, 10, 10, 10, 10, 10, 10, 10, 10, 10, 10, 10, 1, 3, 10, 10, 1, 10, 10, 10, 10, 10, 5, 2, 10, 10, 10, 10, 10, 10, 10, 10, 10, 10, 10, 10, 10, 10, 10, 10, 10, 10, 5, 10, 10, 10, 10, 10, 10, 10, 8, 10, 10, 10, 10, 10, 10, 1, 10, 
748: 0, 0, 0, 0, 10, 5, 0, 10, 0, 0, 10, 0, 10, 10, 0, 0, 0, 10, 10, 10, 10, 0, 10, 0, 0, 10, 0, 0, 10, 0, 0, 1, 10, 0, 0, 0, 0, 0, 0, 0, 0, 0, 4, 0, 0, 10, 10, 0, 0, 0, 10, 0, 0, 10, 0, 10, 0, 10, 10, 10, 1, 0, 0, 10, 0, 10, 0, 0, 0, 0, 10, 0, 0, 0, 0, 10, 0, 0, 10, 0, 0, 10, 10, 10, 10, 0, 0, 6, 10, 10, 10, 10, 10, 10, 0, 10, 10, 10, 0, 0, 1, 10, 0, 0, 10, 10, 10, 0, 0, 10, 10, 10, 10, 10, 10, 10, 0, 0, 10, 10, : 10, 5, 10, 10, 10, 10, 10, 10, 10, 10, 10, 10, 10, 1, 10, 4, 10, 10, 10, 10, 10, 10, 10, 10, 1, 10, 10, 10, 10, 10, 10, 10, 10, 10, 6, 10, 10, 10, 10, 10, 10, 10, 10, 10, 1, 10, 10, 10, 10, 10, 10, 10, 10, 10, 10, 10, 10, 10, 
178: 0, 0, 2, 2, 0, 0, 1, 0, 0, 10, 10, 0, 10, 0, 0, 0, 10, 0, 10, 0, 0, 10, 0, 10, 0, 10, 10, 10, 10, 0, 10, 10, 0, 0, 0, 10, 0, 10, 10, 10, 0, 10, 0, 0, 10, 10, 10, 0, 0, 0, 10, 0, 0, 0, 10, 10, 10, 0, 10, 10, 10, 0, 10, 0, 10, 10, 0, 0, 0, 10, 0, 10, 18, 0, 0, 10, 10, 0, 10, 10, 10, 0, 0, 10, 0, 10, 0, 10, 0, 0, 10, 10, 10, 0, 15, 10, 0, 8, 10, 10, 0, 0, 10, 10, 10, 0, 10, 0, 10, 10, 0, 10, 0, 0, 0, 10, 10, 10, 0, 10, : 2, 2, 1, 10, 10, 10, 10, 10, 10, 10, 10, 10, 10, 10, 10, 10, 10, 10, 10, 10, 10, 10, 10, 10, 10, 10, 10, 10, 10, 10, 10, 10, 10, 10, 10, 10, 18, 10, 10, 10, 10, 10, 10, 10, 10, 10, 10, 10, 15, 10, 8, 10, 10, 10, 10, 10, 10, 10, 10, 10, 10, 10, 10, 10, 
725: 10, 0, 10, 0, 10, 10, 0, 10, 10, 10, 0, 0, 10, 10, 10, 10, 10, 0, 10, 0, 0, 10, 10, 10, 0, 0, 0, 0, 0, 10, 10, 10, 0, 0, 0, 0, 0, 10, 10, 10, 0, 10, 0, 10, 10, 0, 10, 10, 10, 10, 10, 0, 10, 10, 0, 10, 0, 0, 0, 0, 10, 10, 10, 10, 0, 10, 10, 0, 2, 0, 0, 0, 0, 10, 10, 10, 10, 10, 0, 10, 10, 10, 10, 10, 0, 0, 0, 0, 10, 0, 0, 10, 0, 10, 10, 0, 10, 0, 10, 0, 10, 10, 0, 10, 10, 10, 10, 0, 10, 10, 0, 10, 10, 10, 10, 0, 10, 0, 0, 10, : 10, 10, 10, 10, 10, 10, 10, 10, 10, 10, 10, 10, 10, 10, 10, 10, 10, 10, 10, 10, 10, 10, 10, 10, 10, 10, 10, 10, 10, 10, 10, 10, 10, 10, 10, 10, 10, 10, 10, 2, 10, 10, 10, 10, 10, 10, 10, 10, 10, 10, 10, 10, 10, 10, 10, 10, 10, 10, 10, 10, 10, 10, 10, 10, 10, 10, 10, 10, 10, 10, 
559: 0, 10, 10, 10, 0, 10, 10, 0, 10, 0, 10, 10, 10, 0, 10, 10, 10, 0, 10, 10, 10, 0, 10, 2, 0, 10, 0, 0, 10, 10, 0, 0, 4, 10, 10, 10, 10, 0, 1, 10, 0, 10, 0, 0, 0, 0, 0, 0, 10, 0, 10, 10, 10, 0, 10, 0, 0, 10, 10, 0, 0, 10, 10, 10, 10, 10, 10, 0, 10, 10, 10, 0, 0, 10, 0, 0, 10, 10, 10, 0, 3, 0, 10, 10, 10, 0, 0, 10, 0, 0, 0, 10, 10, 10, 10, 10, 0, 10, 10, 0, 10, 0, 10, 0, 1, 0, 0, 0, 0, 10, 0, 10, 0, 10, 0, 10, 0, 10, 10, 10, : 10, 10, 10, 10, 10, 10, 10, 10, 10, 10, 10, 10, 10, 10, 10, 10, 2, 10, 10, 10, 4, 10, 10, 10, 10, 1, 10, 10, 10, 10, 10, 10, 10, 10, 10, 10, 10, 10, 10, 10, 10, 10, 10, 10, 10, 10, 10, 10, 3, 10, 10, 10, 10, 10, 10, 10, 10, 10, 10, 10, 10, 10, 1, 10, 10, 10, 10, 10, 10, 10, 
541: 0, 0, 10, 0, 0, 0, 10, 10, 6, 10, 10, 10, 0, 0, 10, 10, 0, 0, 0, 10, 0, 0, 2, 10, 10, 0, 10, 0, 0, 0, 0, 10, 0, 0, 10, 10, 0, 10, 10, 0, 10, 0, 0, 0, 10, 10, 0, 2, 10, 10, 0, 0, 10, 0, 0, 0, 10, 0, 0, 10, 0, 0, 10, 11, 10, 10, 0, 0, 0, 10, 0, 0, 10, 10, 0, 0, 0, 0, 0, 0, 0, 10, 10, 0, 0, 10, 3, 10, 4, 10, 10, 10, 10, 10, 0, 0, 10, 0, 10, 10, 10, 0, 10, 0, 10, 0, 0, 10, 0, 0, 10, 0, 10, 10, 0, 0, 0, 10, 0, 10, : 10, 10, 10, 6, 10, 10, 10, 10, 10, 10, 2, 10, 10, 10, 10, 10, 10, 10, 10, 10, 10, 10, 2, 10, 10, 10, 10, 10, 10, 11, 10, 10, 10, 10, 10, 10, 10, 10, 3, 10, 4, 10, 10, 10, 10, 10, 10, 10, 10, 10, 10, 10, 10, 10, 10, 10, 10, 10, 
37: 10, 2, 10, 0, 0, 2, 10, 0, 0, 10, 10, 10, 10, 0, 10, 0, 10, 10, 2, 0, 10, 0, 10, 8, 10, 10, 10, 10, 10, 10, 0, 0, 10, 10, 0, 0, 10, 0, 0, 0, 10, 0, 0, 0, 3, 10, 10, 0, 10, 0, 10, 10, 0, 0, 10, 10, 10, 0, 10, 0, 0, 0, 0, 0, 10, 10, 0, 0, 0, 0, 10, 10, 0, 0, 10, 10, 10, 0, 0, 0, 0, 10, 0, 10, 10, 0, 10, 0, 10, 0, 0, 10, 0, 10, 10, 0, 10, 2, 0, 10, 0, 0, 0, 10, 10, 0, 0, 0, 0, 0, 0, 0, 0, 0, 10, 10, 10, 10, 10, 0, : 10, 2, 10, 2, 10, 10, 10, 10, 10, 10, 10, 10, 2, 10, 10, 8, 10, 10, 10, 10, 10, 10, 10, 10, 10, 10, 3, 10, 10, 10, 10, 10, 10, 10, 10, 10, 10, 10, 10, 10, 10, 10, 10, 10, 10, 10, 10, 10, 10, 10, 10, 10, 2, 10, 10, 10, 10, 10, 10, 10, 10, 
608: 10, 0, 0, 0, 10, 10, 10, 10, 0, 0, 0, 10, 0, 0, 0, 2, 0, 10, 0, 0, 0, 0, 10, 0, 10, 10, 0, 10, 0, 0, 0, 10, 10, 0, 0, 10, 0, 13, 0, 10, 0, 0, 10, 10, 10, 0, 0, 1, 10, 0, 10, 0, 0, 10, 10, 0, 10, 0, 10, 0, 10, 10, 10, 10, 0, 0, 10, 10, 0, 0, 0, 10, 10, 0, 0, 0, 10, 0, 0, 10, 0, 0, 0, 10, 0, 10, 10, 16, 10, 1, 0, 0, 0, 0, 10, 0, 10, 1, 10, 10, 0, 0, 4, 10, 0, 0, 0, 0, 0, 10, 10, 10, 10, 0, 10, 0, 10, 0, 10, 5, : 10, 10, 10, 10, 10, 10, 2, 10, 10, 10, 10, 10, 10, 10, 10, 13, 10, 10, 10, 10, 1, 10, 10, 10, 10, 10, 10, 10, 10, 10, 10, 10, 10, 10, 10, 10, 10, 10, 10, 10, 16, 10, 1, 10, 10, 1, 10, 10, 4, 10, 10, 10, 10, 10, 10, 10, 10, 5, 
100: 0, 0, 0, 10, 0, 10, 0, 10, 0, 10, 0, 10, 10, 10, 0, 0, 0, 10, 5, 0, 0, 0, 0, 10, 2, 10, 10, 10, 10, 0, 10, 0, 10, 10, 0, 10, 0, 0, 1, 10, 0, 10, 10, 10, 10, 0, 10, 0, 10, 10, 10, 0, 0, 0, 10, 0, 0, 0, 0, 10, 0, 10, 10, 10, 10, 0, 10, 10, 10, 0, 0, 10, 0, 10, 10, 0, 0, 10, 0, 1, 0, 0, 7, 10, 10, 10, 0, 0, 10, 1, 10, 10, 10, 0, 0, 10, 0, 10, 10, 10, 10, 0, 0, 0, 10, 10, 10, 10, 0, 10, 0, 0, 10, 10, 0, 10, 10, 0, 0, 0, : 10, 10, 10, 10, 10, 10, 10, 10, 5, 10, 2, 10, 10, 10, 10, 10, 10, 10, 10, 1, 10, 10, 10, 10, 10, 10, 10, 10, 10, 10, 10, 10, 10, 10, 10, 10, 10, 10, 10, 10, 10, 10, 1, 7, 10, 10, 10, 10, 1, 10, 10, 10, 10, 10, 10, 10, 10, 10, 10, 10, 10, 10, 10, 10, 10, 10, 
759: 10, 0, 10, 10, 10, 0, 0, 0, 0, 0, 10, 0, 0, 0, 0, 10, 0, 0, 0, 0, 10, 0, 10, 10, 10, 10, 0, 0, 0, 10, 10, 10, 0, 0, 10, 0, 10, 0, 0, 0, 10, 0, 0, 10, 14, 10, 0, 0, 10, 0, 0, 10, 10, 10, 0, 10, 0, 0, 10, 10, 10, 0, 0, 10, 0, 0, 10, 0, 0, 10, 10, 0, 10, 10, 10, 10, 10, 10, 0, 10, 0, 10, 10, 0, 0, 0, 10, 10, 10, 10, 0, 10, 10, 10, 0, 10, 0, 0, 0, 10, 10, 0, 10, 10, 0, 10, 0, 0, 0, 0, 10, 0, 0, 10, 0, 0, 10, 0, 10, 10, : 10, 10, 10, 10, 10, 10, 10, 10, 10, 10, 10, 10, 10, 10, 10, 10, 10, 10, 14, 10, 10, 10, 10, 10, 10, 10, 10, 10, 10, 10, 10, 10, 10, 10, 10, 10, 10, 10, 10, 10, 10, 10, 10, 10, 10, 10, 10, 10, 10, 10, 10, 10, 10, 10, 10, 10, 10, 10, 10, 
789: 10, 10, 0, 0, 10, 10, 0, 0, 0, 10, 10, 0, 0, 0, 10, 1, 10, 0, 0, 10, 10, 0, 0, 10, 10, 0, 10, 10, 0, 0, 10, 0, 10, 10, 10, 10, 10, 5, 10, 9, 0, 0, 10, 10, 0, 10, 10, 0, 0, 10, 0, 10, 10, 0, 10, 10, 10, 10, 0, 0, 10, 10, 0, 0, 0, 0, 0, 0, 10, 5, 0, 10, 0, 8, 10, 10, 10, 10, 10, 0, 10, 10, 0, 0, 10, 0, 10, 2, 10, 10, 0, 10, 0, 10, 10, 0, 0, 0, 10, 0, 0, 0, 10, 10, 0, 0, 0, 10, 10, 10, 10, 0, 0, 0, 0, 0, 10, 0, 10, 10, : 10, 10, 10, 10, 10, 10, 10, 1, 10, 10, 10, 10, 10, 10, 10, 10, 10, 10, 10, 10, 10, 5, 10, 9, 10, 10, 10, 10, 10, 10, 10, 10, 10, 10, 10, 10, 10, 10, 5, 10, 8, 10, 10, 10, 10, 10, 10, 10, 10, 10, 2, 10, 10, 10, 10, 10, 10, 10, 10, 10, 10, 10, 10, 10, 10, 10, 
634: 0, 10, 0, 0, 10, 0, 0, 0, 10, 0, 0, 10, 0, 0, 0, 10, 10, 10, 10, 10, 0, 10, 10, 0, 10, 10, 10, 0, 10, 0, 9, 0, 10, 0, 0, 0, 0, 0, 10, 0, 10, 0, 0, 0, 1, 10, 0, 10, 10, 10, 0, 10, 0, 0, 0, 0, 1, 10, 10, 0, 0, 10, 10, 10, 2, 0, 0, 0, 0, 0, 10, 10, 0, 0, 0, 10, 0, 0, 0, 0, 0, 0, 10, 0, 0, 0, 0, 10, 0, 10, 10, 0, 10, 10, 10, 10, 0, 0, 10, 0, 0, 0, 10, 10, 0, 10, 0, 0, 0, 10, 10, 0, 10, 10, 10, 0, 0, 10, 10, 0, : 10, 10, 10, 10, 10, 10, 10, 10, 10, 10, 10, 10, 10, 10, 10, 9, 10, 10, 10, 1, 10, 10, 10, 10, 10, 1, 10, 10, 10, 10, 10, 2, 10, 10, 10, 10, 10, 10, 10, 10, 10, 10, 10, 10, 10, 10, 10, 10, 10, 10, 10, 10, 10, 10, 
92: 10, 10, 10, 0, 10, 10, 0, 10, 10, 0, 10, 0, 0, 10, 10, 0, 0, 10, 0, 0, 0, 10, 10, 10, 0, 0, 10, 10, 10, 10, 10, 10, 10, 10, 0, 0, 0, 10, 0, 0, 0, 10, 10, 0, 0, 10, 0, 10, 10, 10, 10, 0, 0, 0, 0, 10, 0, 0, 0, 10, 10, 0, 0, 10, 0, 0, 0, 0, 10, 10, 10, 0, 0, 0, 10, 0, 10, 10, 10, 0, 0, 0, 10, 0, 0, 0, 10, 0, 10, 0, 0, 10, 10, 0, 0, 0, 4, 0, 0, 10, 20, 0, 0, 0, 10, 0, 10, 0, 10, 0, 0, 0, 10, 10, 0, 0, 10, 10, 0, 0, : 10, 10, 10, 10, 10, 10, 10, 10, 10, 10, 10, 10, 10, 10, 10, 10, 10, 10, 10, 10, 10, 10, 10, 10, 10, 10, 10, 10, 10, 10, 10, 10, 10, 10, 10, 10, 10, 10, 10, 10, 10, 10, 10, 10, 10, 10, 4, 10, 20, 10, 10, 10, 10, 10, 10, 10, 
487: 10, 10, 0, 10, 0, 10, 0, 0, 0, 10, 0, 10, 10, 10, 0, 0, 10, 10, 10, 0, 10, 10, 0, 10, 0, 2, 0, 10, 10, 0, 0, 10, 10, 0, 0, 0, 0, 10, 10, 0, 0, 10, 14, 0, 10, 10, 10, 0, 0, 0, 1, 3, 10, 10, 0, 0, 10, 0, 0, 1, 0, 10, 0, 0, 0, 0, 0, 0, 0, 10, 10, 10, 10, 10, 10, 0, 0, 10, 10, 10, 0, 0, 10, 10, 10, 10, 10, 10, 10, 0, 9, 10, 0, 0, 10, 10, 10, 0, 0, 0, 10, 10, 0, 0, 10, 10, 10, 10, 10, 10, 10, 0, 10, 10, 10, 10, 0, 0, 10, 0, : 10, 10, 10, 10, 10, 10, 10, 10, 10, 10, 10, 10, 10, 10, 2, 10, 10, 10, 10, 10, 10, 10, 14, 10, 10, 10, 1, 3, 10, 10, 10, 1, 10, 10, 10, 10, 10, 10, 10, 10, 10, 10, 10, 10, 10, 10, 10, 10, 10, 9, 10, 10, 10, 10, 10, 10, 10, 10, 10, 10, 10, 10, 10, 10, 10, 10, 10, 10, 
73: 10, 10, 10, 10, 10, 10, 0, 10, 0, 10, 0, 0, 0, 10, 10, 10, 10, 10, 0, 0, 10, 10, 0, 0, 10, 0, 10, 10, 4, 10, 10, 0, 0, 10, 0, 10, 10, 10, 10, 10, 0, 0, 0, 10, 10, 0, 10, 10, 1, 0, 0, 10, 10, 10, 10, 0, 0, 10, 0, 0, 0, 0, 0, 10, 10, 2, 10, 10, 0, 0, 0, 0, 0, 0, 10, 10, 0, 0, 10, 0, 10, 3, 10, 10, 0, 0, 10, 10, 0, 10, 10, 0, 0, 10, 10, 1, 0, 10, 10, 0, 0, 10, 10, 10, 10, 10, 0, 10, 10, 10, 0, 10, 0, 0, 10, 0, 10, 10, 0, 0, : 10, 10, 10, 10, 10, 10, 10, 10, 10, 10, 10, 10, 10, 10, 10, 10, 10, 10, 4, 10, 10, 10, 10, 10, 10, 10, 10, 10, 10, 10, 10, 1, 10, 10, 10, 10, 10, 10, 10, 2, 10, 10, 10, 10, 10, 10, 3, 10, 10, 10, 10, 10, 10, 10, 10, 1, 10, 10, 10, 10, 10, 10, 10, 10, 10, 10, 10, 10, 10, 10, 
517: 10, 10, 0, 10, 10, 0, 10, 10, 0, 10, 10, 0, 0, 10, 10, 0, 10, 10, 10, 10, 0, 0, 10, 0, 0, 10, 0, 10, 0, 10, 0, 2, 0, 0, 0, 0, 0, 0, 0, 0, 10, 10, 10, 0, 0, 10, 0, 0, 10, 10, 10, 4, 10, 10, 0, 10, 10, 0, 0, 0, 0, 10, 0, 10, 10, 10, 0, 10, 10, 10, 10, 0, 0, 10, 0, 10, 10, 10, 10, 10, 0, 10, 0, 0, 0, 10, 0, 10, 0, 10, 0, 10, 0, 0, 0, 0, 0, 0, 0, 10, 10, 1, 10, 10, 10, 10, 10, 0, 9, 0, 10, 10, 10, 10, 10, 10, 10, 0, 10, 0, : 10, 10, 10, 10, 10, 10, 10, 10, 10, 10, 10, 10, 10, 10, 10, 10, 10, 10, 2, 10, 10, 10, 10, 10, 10, 10, 4, 10, 10, 10, 10, 10, 10, 10, 10, 10, 10, 10, 10, 10, 10, 10, 10, 10, 10, 10, 10, 10, 10, 10, 10, 10, 1, 10, 10, 10, 10, 10, 9, 10, 10, 10, 10, 10, 10, 10, 10, 
569: 0, 10, 10, 10, 2, 0, 0, 0, 10, 10, 0, 10, 10, 10, 0, 0, 10, 10, 0, 10, 10, 0, 10, 0, 10, 0, 0, 0, 10, 10, 10, 10, 10, 10, 10, 10, 10, 0, 0, 0, 10, 10, 18, 14, 1, 0, 10, 0, 10, 10, 0, 0, 10, 10, 10, 10, 0, 0, 10, 10, 0, 10, 0, 10, 0, 10, 0, 0, 10, 0, 10, 10, 10, 0, 10, 0, 17, 0, 0, 0, 0, 10, 10, 0, 10, 0, 10, 1, 0, 10, 10, 0, 10, 10, 0, 0, 10, 0, 10, 10, 0, 10, 10, 10, 10, 10, 0, 10, 10, 0, 0, 0, 0, 0, 0, 10, 0, 4, 0, 0, : 10, 10, 10, 2, 10, 10, 10, 10, 10, 10, 10, 10, 10, 10, 10, 10, 10, 10, 10, 10, 10, 10, 10, 10, 10, 10, 18, 14, 1, 10, 10, 10, 10, 10, 10, 10, 10, 10, 10, 10, 10, 10, 10, 10, 10, 10, 17, 10, 10, 10, 10, 1, 10, 10, 10, 10, 10, 10, 10, 10, 10, 10, 10, 10, 10, 10, 10, 4, 
405: 13, 0, 10, 10, 10, 2, 0, 0, 10, 0, 0, 10, 10, 0, 0, 10, 10, 10, 0, 10, 10, 0, 0, 10, 10, 0, 10, 10, 0, 10, 0, 10, 10, 0, 10, 10, 10, 10, 0, 10, 0, 10, 10, 0, 10, 10, 10, 10, 0, 0, 0, 0, 0, 0, 0, 10, 0, 10, 10, 0, 10, 10, 0, 10, 10, 0, 4, 1, 0, 10, 10, 10, 0, 10, 1, 10, 10, 0, 0, 0, 10, 10, 10, 10, 10, 10, 10, 0, 0, 10, 0, 0, 2, 10, 0, 10, 0, 10, 0, 10, 0, 10, 10, 0, 0, 10, 3, 10, 10, 0, 10, 0, 10, 10, 10, 0, 0, 0, 0, 10, : 13, 10, 10, 10, 2, 10, 10, 10, 10, 10, 10, 10, 10, 10, 10, 10, 10, 10, 10, 10, 10, 10, 10, 10, 10, 10, 10, 10, 10, 10, 10, 10, 10, 10, 10, 10, 10, 10, 4, 1, 10, 10, 10, 10, 1, 10, 10, 10, 10, 10, 10, 10, 10, 10, 10, 2, 10, 10, 10, 10, 10, 10, 10, 3, 10, 10, 10, 10, 10, 10, 10, 
220: 0, 0, 0, 10, 10, 0, 10, 0, 10, 10, 0, 10, 0, 0, 0, 2, 0, 10, 0, 0, 10, 10, 10, 0, 0, 0, 0, 10, 0, 0, 0, 10, 10, 0, 0, 0, 10, 10, 10, 0, 0, 10, 10, 1, 0, 10, 0, 10, 10, 0, 10, 10, 0, 0, 10, 10, 0, 10, 0, 0, 0, 10, 10, 0, 10, 0, 0, 0, 0, 10, 10, 0, 0, 0, 0, 10, 10, 10, 0, 10, 10, 10, 10, 10, 10, 0, 0, 0, 0, 10, 0, 5, 0, 0, 0, 0, 0, 0, 10, 10, 0, 10, 10, 0, 0, 0, 0, 10, 10, 0, 10, 10, 0, 3, 0, 10, 0, 0, 2, 10, : 10, 10, 10, 10, 10, 10, 2, 10, 10, 10, 10, 10, 10, 10, 10, 10, 10, 10, 10, 1, 10, 10, 10, 10, 10, 10, 10, 10, 10, 10, 10, 10, 10, 10, 10, 10, 10, 10, 10, 10, 10, 10, 10, 5, 10, 10, 10, 10, 10, 10, 10, 10, 3, 10, 2, 10, 
163: 10, 10, 10, 10, 0, 10, 0, 10, 0, 10, 10, 10, 0, 0, 10, 10, 0, 0, 0, 10, 4, 10, 0, 10, 10, 10, 0, 10, 0, 10, 0, 0, 0, 10, 10, 10, 0, 10, 10, 0, 0, 0, 0, 0, 10, 0, 10, 0, 10, 10, 0, 10, 10, 10, 10, 0, 10, 10, 10, 10, 10, 0, 0, 10, 0, 0, 0, 10, 10, 0, 0, 10, 10, 0, 10, 0, 0, 10, 0, 0, 10, 0, 0, 0, 5, 0, 0, 10, 0, 10, 0, 10, 0, 0, 10, 0, 10, 10, 0, 10, 10, 10, 0, 10, 0, 0, 10, 10, 10, 0, 0, 0, 0, 0, 0, 10, 0, 10, 10, 10, : 10, 10, 10, 10, 10, 10, 10, 10, 10, 10, 10, 10, 4, 10, 10, 10, 10, 10, 10, 10, 10, 10, 10, 10, 10, 10, 10, 10, 10, 10, 10, 10, 10, 10, 10, 10, 10, 10, 10, 10, 10, 10, 10, 10, 10, 5, 10, 10, 10, 10, 10, 10, 10, 10, 10, 10, 10, 10, 10, 10, 10, 10, 10, 
67: 3, 10, 10, 10, 10, 0, 10, 0, 10, 0, 0, 0, 0, 10, 4, 0, 0, 8, 0, 0, 10, 10, 0, 10, 10, 0, 10, 10, 0, 10, 0, 10, 0, 10, 10, 10, 0, 0, 0, 10, 0, 0, 0, 0, 10, 10, 2, 10, 0, 1, 0, 10, 0, 10, 10, 0, 0, 0, 0, 10, 0, 0, 10, 10, 1, 0, 10, 10, 3, 10, 0, 0, 0, 0, 10, 10, 10, 0, 10, 10, 10, 10, 10, 10, 0, 0, 10, 0, 10, 0, 0, 10, 0, 0, 10, 0, 10, 0, 10, 0, 0, 0, 0, 10, 0, 10, 0, 0, 10, 0, 10, 0, 10, 0, 10, 10, 5, 10, 0, 10, : 3, 10, 10, 10, 10, 10, 10, 10, 4, 8, 10, 10, 10, 10, 10, 10, 10, 10, 10, 10, 10, 10, 10, 10, 2, 10, 1, 10, 10, 10, 10, 10, 10, 1, 10, 10, 3, 10, 10, 10, 10, 10, 10, 10, 10, 10, 10, 10, 10, 10, 10, 10, 10, 10, 10, 10, 10, 10, 10, 10, 5, 10, 10, 
726: 0, 0, 0, 10, 0, 0, 6, 10, 0, 10, 10, 0, 10, 10, 10, 0, 10, 0, 0, 0, 10, 0, 0, 0, 0, 0, 10, 0, 10, 0, 0, 0, 0, 0, 0, 10, 0, 10, 10, 5, 10, 3, 10, 0, 10, 0, 10, 10, 10, 10, 10, 0, 0, 10, 0, 10, 10, 10, 0, 0, 10, 0, 0, 10, 0, 0, 10, 10, 0, 10, 10, 0, 1, 10, 0, 10, 10, 0, 10, 10, 10, 0, 10, 0, 10, 0, 0, 0, 10, 10, 10, 10, 10, 10, 10, 10, 10, 10, 0, 0, 10, 10, 2, 10, 10, 10, 0, 0, 0, 12, 10, 10, 10, 0, 10, 10, 10, 0, 0, 0, : 10, 6, 10, 10, 10, 10, 10, 10, 10, 10, 10, 10, 10, 10, 10, 5, 10, 3, 10, 10, 10, 10, 10, 10, 10, 10, 10, 10, 10, 10, 10, 10, 10, 10, 10, 1, 10, 10, 10, 10, 10, 10, 10, 10, 10, 10, 10, 10, 10, 10, 10, 10, 10, 10, 10, 10, 2, 10, 10, 10, 12, 10, 10, 10, 10, 10, 10, 
782: 10, 10, 0, 10, 10, 0, 10, 10, 0, 0, 10, 0, 5, 0, 10, 0, 0, 0, 10, 0, 0, 10, 10, 10, 10, 10, 10, 10, 10, 0, 10, 10, 10, 0, 10, 10, 0, 10, 10, 0, 0, 0, 0, 10, 0, 10, 0, 0, 0, 0, 10, 10, 10, 0, 10, 0, 0, 10, 0, 0, 10, 0, 0, 0, 10, 10, 0, 10, 10, 10, 0, 0, 0, 10, 0, 1, 0, 10, 10, 10, 0, 10, 10, 0, 0, 10, 0, 0, 0, 0, 10, 10, 10, 10, 0, 0, 10, 10, 0, 10, 10, 10, 10, 0, 0, 10, 10, 10, 10, 10, 10, 10, 0, 0, 10, 10, 10, 0, 0, 10, : 10, 10, 10, 10, 10, 10, 10, 5, 10, 10, 10, 10, 10, 10, 10, 10, 10, 10, 10, 10, 10, 10, 10, 10, 10, 10, 10, 10, 10, 10, 10, 10, 10, 10, 10, 10, 10, 10, 10, 1, 10, 10, 10, 10, 10, 10, 10, 10, 10, 10, 10, 10, 10, 10, 10, 10, 10, 10, 10, 10, 10, 10, 10, 10, 10, 10, 10, 
96: 0, 10, 10, 10, 0, 10, 0, 10, 10, 0, 10, 0, 0, 0, 0, 10, 0, 10, 0, 10, 10, 10, 16, 0, 10, 10, 0, 10, 0, 10, 0, 0, 0, 10, 10, 0, 10, 10, 0, 10, 0, 0, 0, 10, 0, 10, 10, 10, 10, 0, 0, 0, 0, 10, 0, 10, 0, 10, 10, 0, 0, 0, 10, 0, 0, 10, 10, 0, 10, 0, 0, 10, 0, 10, 10, 0, 10, 10, 0, 0, 10, 0, 10, 0, 10, 0, 10, 10, 0, 0, 10, 10, 0, 10, 10, 0, 0, 0, 0, 10, 0, 0, 0, 10, 0, 0, 10, 3, 0, 10, 0, 10, 0, 10, 0, 10, 0, 10, 10, 0, : 10, 10, 10, 10, 10, 10, 10, 10, 10, 10, 10, 10, 16, 10, 10, 10, 10, 10, 10, 10, 10, 10, 10, 10, 10, 10, 10, 10, 10, 10, 10, 10, 10, 10, 10, 10, 10, 10, 10, 10, 10, 10, 10, 10, 10, 10, 10, 10, 10, 10, 10, 10, 3, 10, 10, 10, 10, 10, 10, 
144: 10, 10, 0, 10, 10, 10, 10, 0, 0, 10, 10, 0, 10, 10, 0, 10, 10, 10, 10, 0, 0, 0, 10, 10, 0, 10, 10, 10, 0, 10, 10, 10, 10, 10, 0, 10, 10, 0, 0, 1, 0, 0, 0, 10, 10, 10, 0, 10, 10, 10, 0, 10, 10, 0, 0, 0, 0, 10, 10, 0, 1, 10, 10, 10, 0, 10, 10, 17, 0, 0, 10, 10, 0, 10, 0, 0, 10, 0, 15, 0, 0, 0, 0, 10, 10, 10, 0, 10, 10, 10, 0, 0, 1, 2, 10, 10, 16, 3, 10, 10, 10, 0, 0, 0, 0, 10, 10, 0, 0, 0, 10, 0, 0, 10, 0, 0, 10, 10, 0, 10, : 10, 10, 10, 10, 10, 10, 10, 10, 10, 10, 10, 10, 10, 10, 10, 10, 10, 10, 10, 10, 10, 10, 10, 10, 10, 10, 1, 10, 10, 10, 10, 10, 10, 10, 10, 10, 10, 1, 10, 10, 10, 10, 10, 17, 10, 10, 10, 10, 15, 10, 10, 10, 10, 10, 10, 1, 2, 10, 10, 16, 3, 10, 10, 10, 10, 10, 10, 10, 10, 10, 10, 
190: 10, 10, 0, 0, 0, 10, 0, 0, 0, 0, 0, 0, 10, 10, 10, 0, 10, 10, 10, 0, 10, 10, 0, 0, 0, 10, 0, 0, 0, 10, 10, 10, 10, 0, 0, 10, 0, 10, 0, 10, 0, 0, 0, 10, 10, 0, 0, 10, 0, 10, 10, 10, 0, 10, 0, 18, 10, 0, 0, 0, 10, 0, 10, 0, 0, 10, 0, 0, 10, 0, 0, 0, 10, 17, 0, 0, 0, 0, 10, 10, 1, 10, 0, 0, 10, 2, 10, 5, 0, 2, 10, 1, 10, 10, 0, 10, 0, 10, 10, 10, 10, 0, 10, 10, 10, 0, 10, 10, 10, 0, 10, 0, 0, 0, 10, 0, 10, 0, 10, 0, : 10, 10, 10, 10, 10, 10, 10, 10, 10, 10, 10, 10, 10, 10, 10, 10, 10, 10, 10, 10, 10, 10, 10, 10, 10, 10, 18, 10, 10, 10, 10, 10, 10, 17, 10, 10, 1, 10, 10, 2, 10, 5, 2, 10, 1, 10, 10, 10, 10, 10, 10, 10, 10, 10, 10, 10, 10, 10, 10, 10, 10, 10, 
325: 8, 10, 0, 10, 10, 10, 0, 10, 0, 10, 10, 10, 10, 10, 0, 0, 10, 10, 0, 10, 10, 0, 0, 0, 10, 0, 10, 0, 0, 0, 0, 10, 0, 10, 10, 0, 10, 0, 0, 0, 0, 10, 0, 10, 0, 0, 10, 10, 0, 7, 0, 0, 0, 10, 0, 0, 10, 0, 10, 10, 10, 10, 0, 10, 0, 10, 10, 0, 10, 10, 0, 0, 10, 10, 0, 10, 0, 10, 0, 0, 0, 0, 0, 10, 0, 10, 10, 0, 10, 10, 10, 10, 0, 10, 0, 0, 10, 0, 10, 10, 10, 0, 0, 1, 0, 0, 0, 10, 1, 0, 0, 0, 10, 0, 0, 10, 10, 9, 10, 10, : 8, 10, 10, 10, 10, 10, 10, 10, 10, 10, 10, 10, 10, 10, 10, 10, 10, 10, 10, 10, 10, 10, 10, 10, 10, 7, 10, 10, 10, 10, 10, 10, 10, 10, 10, 10, 10, 10, 10, 10, 10, 10, 10, 10, 10, 10, 10, 10, 10, 10, 10, 10, 10, 1, 10, 1, 10, 10, 10, 9, 10, 10, 
259: 0, 0, 10, 0, 10, 0, 10, 10, 10, 10, 10, 0, 10, 2, 0, 0, 0, 10, 10, 0, 0, 10, 0, 0, 0, 10, 10, 0, 0, 0, 0, 10, 10, 0, 10, 0, 4, 10, 0, 10, 10, 0, 10, 10, 0, 10, 10, 2, 0, 0, 10, 0, 0, 10, 10, 0, 10, 10, 0, 13, 10, 0, 10, 10, 10, 0, 10, 10, 0, 0, 10, 10, 10, 10, 0, 0, 0, 10, 10, 10, 0, 0, 10, 0, 0, 10, 0, 10, 0, 10, 10, 1, 10, 10, 0, 0, 10, 0, 0, 0, 0, 10, 0, 10, 0, 0, 0, 10, 0, 0, 10, 0, 10, 0, 10, 0, 0, 0, 0, 1, : 10, 10, 10, 10, 10, 10, 10, 10, 2, 10, 10, 10, 10, 10, 10, 10, 10, 4, 10, 10, 10, 10, 10, 10, 10, 2, 10, 10, 10, 10, 10, 13, 10, 10, 10, 10, 10, 10, 10, 10, 10, 10, 10, 10, 10, 10, 10, 10, 10, 10, 1, 10, 10, 10, 10, 10, 10, 10, 10, 10, 1, 
14: 10, 0, 0, 0, 10, 0, 0, 0, 0, 10, 10, 10, 10, 10, 0, 10, 10, 10, 0, 10, 10, 10, 10, 0, 10, 0, 0, 0, 10, 10, 10, 10, 10, 0, 6, 10, 0, 2, 20, 10, 10, 10, 0, 10, 10, 0, 10, 10, 10, 10, 10, 0, 10, 0, 9, 10, 10, 0, 0, 0, 10, 0, 10, 10, 0, 10, 10, 10, 10, 0, 10, 10, 10, 10, 0, 0, 10, 10, 0, 10, 10, 0, 10, 10, 0, 10, 0, 10, 0, 10, 0, 0, 0, 10, 10, 0, 10, 10, 10, 4, 10, 10, 10, 10, 10, 10, 2, 0, 0, 0, 10, 10, 10, 0, 10, 10, 0, 0, 10, 0, : 10, 10, 10, 10, 10, 10, 10, 10, 10, 10, 10, 10, 10, 10, 10, 10, 10, 10, 10, 10, 6, 10, 2, 20, 10, 10, 10, 10, 10, 10, 10, 10, 10, 10, 10, 9, 10, 10, 10, 10, 10, 10, 10, 10, 10, 10, 10, 10, 10, 10, 10, 10, 10, 10, 10, 10, 10, 10, 10, 10, 10, 10, 10, 4, 10, 10, 10, 10, 10, 10, 2, 10, 10, 10, 10, 10, 10, 
418: 0, 1, 10, 10, 9, 0, 10, 10, 10, 10, 0, 10, 0, 10, 10, 0, 0, 10, 10, 10, 10, 10, 10, 10, 10, 10, 10, 0, 0, 10, 0, 10, 3, 10, 10, 10, 10, 0, 10, 10, 10, 10, 10, 10, 10, 0, 1, 10, 0, 10, 10, 10, 0, 0, 0, 0, 14, 0, 0, 10, 0, 0, 0, 3, 10, 10, 0, 10, 10, 0, 0, 0, 19, 0, 0, 0, 0, 0, 10, 0, 10, 0, 0, 10, 10, 0, 0, 0, 0, 0, 0, 0, 2, 0, 10, 10, 10, 0, 0, 10, 0, 10, 0, 0, 10, 0, 10, 0, 0, 10, 10, 10, 10, 0, 2, 10, 0, 0, 10, 10, : 1, 10, 10, 9, 10, 10, 10, 10, 10, 10, 10, 10, 10, 10, 10, 10, 10, 10, 10, 10, 10, 10, 10, 3, 10, 10, 10, 10, 10, 10, 10, 10, 10, 10, 10, 1, 10, 10, 10, 10, 14, 10, 3, 10, 10, 10, 10, 19, 10, 10, 10, 10, 2, 10, 10, 10, 10, 10, 10, 10, 10, 10, 10, 10, 2, 10, 10, 10, 
284: 10, 10, 5, 10, 0, 0, 0, 0, 10, 0, 10, 10, 0, 10, 0, 0, 10, 10, 10, 0, 0, 0, 10, 10, 10, 0, 2, 10, 19, 0, 0, 10, 10, 0, 17, 10, 10, 10, 10, 0, 10, 0, 10, 0, 0, 10, 10, 0, 0, 0, 0, 10, 10, 10, 0, 10, 10, 10, 10, 0, 10, 10, 0, 0, 10, 10, 10, 0, 10, 0, 0, 0, 0, 10, 10, 10, 10, 0, 10, 10, 10, 0, 10, 0, 0, 10, 0, 0, 10, 0, 0, 10, 0, 0, 0, 10, 3, 10, 10, 0, 10, 10, 10, 0, 10, 1, 0, 10, 0, 10, 0, 0, 0, 10, 10, 0, 10, 10, 10, 0, : 10, 10, 5, 10, 10, 10, 10, 10, 10, 10, 10, 10, 10, 10, 2, 10, 19, 10, 10, 17, 10, 10, 10, 10, 10, 10, 10, 10, 10, 10, 10, 10, 10, 10, 10, 10, 10, 10, 10, 10, 10, 10, 10, 10, 10, 10, 10, 10, 10, 10, 10, 10, 10, 3, 10, 10, 10, 10, 10, 10, 1, 10, 10, 10, 10, 10, 10, 10, 
624: 10, 10, 10, 10, 10, 10, 10, 10, 0, 0, 10, 10, 0, 10, 0, 0, 10, 10, 0, 10, 10, 11, 10, 0, 10, 10, 10, 0, 0, 1, 10, 10, 0, 10, 0, 5, 0, 0, 0, 0, 10, 0, 10, 0, 0, 0, 0, 0, 0, 10, 10, 4, 10, 0, 10, 0, 10, 0, 10, 0, 10, 10, 10, 10, 0, 0, 10, 0, 0, 4, 0, 0, 7, 10, 10, 10, 10, 0, 10, 10, 0, 0, 0, 10, 0, 0, 10, 10, 0, 0, 0, 0, 10, 10, 0, 10, 0, 10, 0, 0, 0, 0, 0, 1, 10, 10, 0, 0, 0, 0, 0, 10, 10, 10, 0, 0, 10, 0, 10, 0, : 10, 10, 10, 10, 10, 10, 10, 10, 10, 10, 10, 10, 10, 10, 10, 11, 10, 10, 10, 10, 1, 10, 10, 10, 5, 10, 10, 10, 10, 4, 10, 10, 10, 10, 10, 10, 10, 10, 10, 4, 7, 10, 10, 10, 10, 10, 10, 10, 10, 10, 10, 10, 10, 10, 1, 10, 10, 10, 10, 10, 10, 10, 
484: 10, 0, 0, 0, 0, 10, 10, 10, 0, 10, 10, 10, 10, 2, 10, 0, 0, 0, 10, 0, 0, 0, 10, 10, 0, 10, 0, 0, 10, 10, 10, 0, 0, 0, 0, 0, 10, 0, 1, 0, 10, 10, 10, 10, 10, 0, 10, 0, 10, 10, 0, 10, 10, 10, 0, 10, 0, 0, 10, 10, 0, 0, 10, 1, 10, 10, 10, 10, 10, 10, 0, 10, 10, 0, 10, 10, 0, 0, 0, 10, 0, 10, 0, 0, 10, 10, 0, 10, 10, 0, 10, 0, 10, 0, 6, 0, 0, 0, 10, 10, 0, 10, 0, 10, 0, 0, 10, 0, 10, 10, 0, 0, 2, 0, 10, 0, 0, 0, 0, 0, : 10, 10, 10, 10, 10, 10, 10, 10, 2, 10, 10, 10, 10, 10, 10, 10, 10, 10, 1, 10, 10, 10, 10, 10, 10, 10, 10, 10, 10, 10, 10, 10, 10, 10, 1, 10, 10, 10, 10, 10, 10, 10, 10, 10, 10, 10, 10, 10, 10, 10, 10, 10, 10, 6, 10, 10, 10, 10, 10, 10, 10, 2, 10, 
611: 0, 0, 10, 10, 0, 0, 0, 10, 0, 10, 10, 10, 0, 10, 10, 0, 0, 0, 10, 10, 0, 0, 0, 10, 10, 10, 0, 0, 10, 0, 10, 10, 10, 0, 0, 0, 10, 10, 10, 10, 10, 2, 0, 0, 10, 10, 10, 10, 10, 10, 0, 10, 10, 0, 0, 0, 0, 0, 10, 10, 0, 10, 10, 0, 10, 10, 0, 0, 10, 10, 10, 10, 10, 10, 10, 10, 0, 10, 0, 0, 0, 16, 0, 0, 0, 10, 1, 10, 10, 10, 0, 10, 10, 0, 0, 0, 0, 10, 0, 0, 0, 10, 10, 10, 0, 0, 0, 0, 10, 10, 0, 10, 10, 10, 0, 10, 0, 0, 0, 10, : 10, 10, 10, 10, 10, 10, 10, 10, 10, 10, 10, 10, 10, 10, 10, 10, 10, 10, 10, 10, 10, 10, 2, 10, 10, 10, 10, 10, 10, 10, 10, 10, 10, 10, 10, 10, 10, 10, 10, 10, 10, 10, 10, 10, 10, 10, 16, 10, 1, 10, 10, 10, 10, 10, 10, 10, 10, 10, 10, 10, 10, 10, 10, 10, 10, 
113: 7, 10, 10, 0, 0, 10, 0, 0, 0, 10, 10, 0, 10, 0, 2, 10, 0, 0, 10, 10, 0, 0, 10, 0, 0, 0, 0, 0, 0, 0, 2, 10, 0, 0, 10, 0, 0, 10, 0, 0, 10, 10, 10, 0, 0, 0, 0, 10, 0, 10, 10, 10, 0, 0, 0, 0, 0, 10, 10, 10, 10, 10, 0, 0, 0, 0, 10, 1, 0, 10, 0, 0, 0, 10, 0, 0, 0, 0, 0, 10, 0, 10, 0, 0, 10, 10, 10, 10, 0, 10, 0, 0, 10, 0, 0, 0, 0, 10, 10, 10, 2, 10, 10, 0, 0, 10, 0, 10, 10, 10, 10, 10, 10, 0, 20, 10, 10, 10, 10, 10, : 7, 10, 10, 10, 10, 10, 10, 2, 10, 10, 10, 10, 2, 10, 10, 10, 10, 10, 10, 10, 10, 10, 10, 10, 10, 10, 10, 10, 10, 1, 10, 10, 10, 10, 10, 10, 10, 10, 10, 10, 10, 10, 10, 2, 10, 10, 10, 10, 10, 10, 10, 10, 10, 20, 10, 10, 10, 10, 10, 
339: 0, 0, 10, 0, 0, 10, 0, 0, 0, 1, 0, 0, 10, 10, 10, 0, 0, 0, 10, 10, 0, 0, 0, 0, 10, 0, 10, 10, 0, 0, 10, 0, 10, 0, 10, 10, 0, 10, 0, 10, 10, 0, 0, 0, 0, 10, 10, 10, 8, 0, 0, 0, 10, 10, 0, 10, 0, 10, 0, 10, 0, 10, 10, 10, 10, 0, 10, 10, 0, 0, 10, 0, 0, 10, 0, 10, 0, 0, 10, 0, 10, 0, 15, 10, 10, 10, 10, 10, 7, 10, 10, 20, 10, 0, 10, 10, 10, 10, 0, 0, 0, 10, 0, 10, 0, 0, 0, 0, 8, 3, 0, 10, 10, 10, 0, 10, 0, 10, 10, 6, : 10, 10, 1, 10, 10, 10, 10, 10, 10, 10, 10, 10, 10, 10, 10, 10, 10, 10, 10, 10, 10, 8, 10, 10, 10, 10, 10, 10, 10, 10, 10, 10, 10, 10, 10, 10, 10, 10, 15, 10, 10, 10, 10, 10, 7, 10, 10, 20, 10, 10, 10, 10, 10, 10, 10, 8, 3, 10, 10, 10, 10, 10, 10, 6, 
266: 0, 10, 10, 0, 10, 10, 3, 0, 10, 0, 0, 0, 0, 10, 10, 10, 10, 0, 10, 10, 0, 10, 10, 10, 0, 10, 10, 10, 10, 0, 10, 0, 0, 0, 10, 0, 10, 0, 0, 0, 0, 10, 10, 0, 10, 10, 0, 10, 0, 10, 3, 1, 10, 10, 0, 0, 10, 0, 0, 10, 10, 0, 10, 0, 0, 0, 0, 10, 0, 10, 0, 0, 0, 0, 10, 0, 0, 0, 10, 0, 10, 0, 0, 10, 10, 0, 1, 0, 10, 0, 0, 0, 10, 10, 10, 0, 0, 10, 6, 0, 0, 10, 10, 0, 10, 0, 10, 7, 7, 6, 10, 0, 0, 10, 0, 0, 0, 10, 0, 10, : 10, 10, 10, 10, 3, 10, 10, 10, 10, 10, 10, 10, 10, 10, 10, 10, 10, 10, 10, 10, 10, 10, 10, 10, 10, 10, 10, 10, 3, 1, 10, 10, 10, 10, 10, 10, 10, 10, 10, 10, 10, 10, 10, 1, 10, 10, 10, 10, 10, 6, 10, 10, 10, 10, 7, 7, 6, 10, 10, 10, 10, 
584: 0, 0, 0, 0, 10, 0, 9, 0, 10, 0, 10, 0, 0, 0, 0, 0, 6, 0, 0, 0, 0, 0, 0, 0, 10, 0, 10, 10, 10, 0, 0, 0, 10, 0, 10, 0, 10, 0, 10, 0, 0, 10, 0, 10, 10, 5, 10, 0, 0, 0, 10, 10, 10, 0, 0, 10, 0, 0, 0, 0, 0, 10, 10, 10, 10, 0, 10, 0, 0, 0, 1, 0, 10, 0, 0, 10, 0, 10, 10, 10, 0, 0, 10, 9, 10, 10, 10, 0, 10, 0, 0, 0, 0, 0, 10, 10, 0, 0, 0, 0, 10, 0, 0, 10, 10, 0, 10, 0, 10, 0, 10, 10, 10, 10, 0, 10, 0, 10, 0, 10, : 10, 9, 10, 10, 6, 10, 10, 10, 10, 10, 10, 10, 10, 10, 10, 10, 5, 10, 10, 10, 10, 10, 10, 10, 10, 10, 10, 1, 10, 10, 10, 10, 10, 10, 9, 10, 10, 10, 10, 10, 10, 10, 10, 10, 10, 10, 10, 10, 10, 10, 10, 10, 10, 
68: 0, 10, 0, 10, 0, 10, 0, 10, 10, 10, 0, 10, 10, 0, 10, 0, 0, 0, 10, 2, 10, 0, 10, 10, 0, 10, 0, 10, 10, 0, 0, 0, 0, 10, 10, 0, 0, 7, 0, 0, 10, 0, 0, 0, 10, 0, 10, 0, 10, 10, 10, 10, 10, 10, 1, 0, 10, 10, 0, 10, 10, 10, 10, 0, 10, 10, 10, 10, 0, 10, 0, 0, 0, 0, 0, 4, 10, 10, 0, 0, 0, 10, 9, 10, 0, 0, 0, 1, 10, 10, 0, 10, 0, 0, 0, 10, 10, 10, 0, 0, 0, 10, 10, 10, 10, 10, 0, 10, 0, 10, 10, 10, 10, 0, 10, 10, 0, 10, 0, 0, : 10, 10, 10, 10, 10, 10, 10, 10, 10, 10, 2, 10, 10, 10, 10, 10, 10, 10, 10, 7, 10, 10, 10, 10, 10, 10, 10, 10, 10, 1, 10, 10, 10, 10, 10, 10, 10, 10, 10, 10, 10, 4, 10, 10, 10, 9, 10, 1, 10, 10, 10, 10, 10, 10, 10, 10, 10, 10, 10, 10, 10, 10, 10, 10, 10, 10, 10, 
588: 10, 0, 0, 0, 10, 0, 10, 10, 0, 10, 3, 10, 0, 0, 10, 0, 0, 0, 10, 10, 10, 0, 0, 10, 0, 10, 0, 10, 0, 0, 0, 0, 0, 10, 0, 10, 10, 10, 10, 0, 0, 10, 0, 10, 10, 10, 0, 10, 0, 10, 0, 10, 10, 0, 0, 10, 0, 10, 0, 10, 0, 0, 10, 1, 0, 0, 10, 0, 0, 0, 0, 0, 0, 10, 10, 0, 2, 0, 0, 0, 0, 0, 10, 0, 10, 0, 0, 0, 10, 0, 0, 0, 0, 10, 9, 0, 0, 10, 10, 0, 0, 0, 10, 0, 0, 0, 10, 15, 0, 0, 11, 0, 0, 0, 10, 10, 10, 0, 10, 0, : 10, 10, 10, 10, 10, 3, 10, 10, 10, 10, 10, 10, 10, 10, 10, 10, 10, 10, 10, 10, 10, 10, 10, 10, 10, 10, 10, 10, 10, 10, 10, 1, 10, 10, 10, 2, 10, 10, 10, 10, 9, 10, 10, 10, 10, 15, 11, 10, 10, 10, 10, 
272: 10, 10, 17, 0, 10, 0, 10, 0, 10, 0, 0, 10, 0, 10, 10, 0, 10, 0, 0, 0, 10, 0, 10, 10, 5, 0, 0, 10, 0, 0, 0, 10, 10, 1, 0, 0, 10, 10, 0, 10, 3, 10, 0, 0, 0, 10, 0, 10, 0, 0, 0, 10, 0, 10, 0, 10, 10, 0, 2, 0, 10, 10, 10, 0, 0, 10, 0, 10, 10, 0, 0, 10, 0, 10, 10, 0, 10, 0, 10, 0, 10, 10, 10, 10, 10, 10, 3, 0, 0, 0, 0, 10, 10, 0, 0, 0, 0, 10, 0, 10, 0, 0, 0, 10, 0, 10, 0, 10, 0, 0, 0, 0, 0, 10, 10, 10, 10, 10, 10, 10, : 10, 10, 17, 10, 10, 10, 10, 10, 10, 10, 10, 10, 10, 5, 10, 10, 10, 1, 10, 10, 10, 3, 10, 10, 10, 10, 10, 10, 10, 2, 10, 10, 10, 10, 10, 10, 10, 10, 10, 10, 10, 10, 10, 10, 10, 10, 10, 3, 10, 10, 10, 10, 10, 10, 10, 10, 10, 10, 10, 10, 10, 10, 
263: 0, 0, 0, 10, 10, 0, 10, 10, 0, 0, 10, 10, 10, 10, 0, 10, 0, 0, 0, 10, 10, 0, 0, 0, 10, 10, 0, 10, 12, 10, 0, 0, 0, 6, 10, 10, 10, 10, 10, 10, 0, 10, 10, 0, 0, 10, 0, 10, 0, 0, 10, 0, 10, 0, 0, 10, 10, 10, 10, 0, 10, 0, 10, 10, 0, 0, 10, 10, 0, 10, 2, 5, 0, 10, 10, 0, 4, 0, 0, 0, 10, 0, 10, 0, 10, 0, 0, 10, 0, 10, 0, 0, 0, 0, 0, 10, 10, 0, 10, 0, 0, 0, 10, 0, 10, 0, 10, 10, 10, 0, 0, 0, 0, 10, 0, 0, 10, 10, 0, 0, : 10, 10, 10, 10, 10, 10, 10, 10, 10, 10, 10, 10, 10, 10, 12, 10, 6, 10, 10, 10, 10, 10, 10, 10, 10, 10, 10, 10, 10, 10, 10, 10, 10, 10, 10, 10, 10, 10, 10, 2, 5, 10, 10, 4, 10, 10, 10, 10, 10, 10, 10, 10, 10, 10, 10, 10, 10, 10, 10, 10, 
425: 10, 10, 0, 7, 0, 0, 0, 10, 10, 10, 10, 0, 10, 0, 10, 10, 0, 10, 10, 10, 10, 10, 0, 10, 0, 0, 0, 10, 0, 10, 0, 0, 0, 0, 0, 0, 0, 10, 0, 0, 0, 0, 10, 0, 10, 10, 10, 0, 10, 0, 0, 10, 0, 0, 10, 10, 10, 10, 0, 10, 0, 0, 10, 0, 10, 10, 0, 0, 0, 0, 0, 10, 10, 0, 10, 10, 10, 0, 0, 0, 10, 10, 10, 0, 10, 10, 10, 0, 0, 0, 0, 18, 10, 10, 0, 0, 0, 10, 0, 10, 0, 10, 0, 10, 0, 0, 10, 0, 10, 10, 0, 0, 0, 0, 0, 10, 10, 4, 0, 10, : 10, 10, 7, 10, 10, 10, 10, 10, 10, 10, 10, 10, 10, 10, 10, 10, 10, 10, 10, 10, 10, 10, 10, 10, 10, 10, 10, 10, 10, 10, 10, 10, 10, 10, 10, 10, 10, 10, 10, 10, 10, 10, 10, 10, 18, 10, 10, 10, 10, 10, 10, 10, 10, 10, 10, 10, 4, 10, 
148: 10, 10, 10, 0, 10, 0, 10, 0, 0, 10, 10, 10, 0, 10, 10, 20, 10, 0, 0, 10, 0, 10, 0, 10, 10, 10, 10, 0, 0, 0, 0, 10, 10, 0, 10, 10, 0, 10, 10, 0, 10, 0, 0, 0, 10, 0, 2, 18, 0, 0, 0, 0, 10, 10, 10, 10, 0, 10, 10, 10, 10, 9, 0, 0, 0, 10, 10, 0, 0, 10, 10, 0, 0, 10, 10, 10, 10, 10, 10, 0, 10, 10, 10, 10, 0, 10, 10, 0, 10, 0, 0, 10, 0, 10, 0, 0, 0, 10, 10, 0, 10, 10, 10, 0, 10, 0, 0, 10, 0, 10, 0, 10, 10, 10, 0, 0, 0, 0, 10, 10, : 10, 10, 10, 10, 10, 10, 10, 10, 10, 10, 20, 10, 10, 10, 10, 10, 10, 10, 10, 10, 10, 10, 10, 10, 10, 10, 2, 18, 10, 10, 10, 10, 10, 10, 10, 10, 9, 10, 10, 10, 10, 10, 10, 10, 10, 10, 10, 10, 10, 10, 10, 10, 10, 10, 10, 10, 10, 10, 10, 10, 10, 10, 10, 10, 10, 10, 10, 10, 10, 
432: 10, 0, 1, 10, 2, 0, 10, 0, 10, 10, 10, 10, 10, 0, 0, 10, 10, 2, 0, 0, 0, 10, 10, 10, 10, 0, 0, 10, 10, 10, 0, 0, 0, 10, 10, 0, 10, 10, 10, 0, 10, 10, 0, 10, 0, 10, 10, 0, 10, 10, 0, 0, 10, 10, 0, 10, 0, 0, 0, 10, 0, 10, 0, 1, 10, 10, 10, 0, 10, 0, 4, 10, 10, 0, 0, 10, 10, 0, 10, 10, 10, 0, 0, 10, 0, 10, 10, 0, 1, 10, 10, 0, 0, 1, 10, 10, 0, 10, 4, 0, 0, 0, 10, 10, 10, 0, 0, 0, 0, 10, 0, 0, 10, 0, 10, 0, 0, 10, 10, 0, : 10, 1, 10, 2, 10, 10, 10, 10, 10, 10, 10, 10, 2, 10, 10, 10, 10, 10, 10, 10, 10, 10, 10, 10, 10, 10, 10, 10, 10, 10, 10, 10, 10, 10, 10, 10, 10, 1, 10, 10, 10, 10, 4, 10, 10, 10, 10, 10, 10, 10, 10, 10, 10, 1, 10, 10, 1, 10, 10, 10, 4, 10, 10, 10, 10, 10, 10, 10, 10, 
431: 4, 0, 0, 10, 10, 10, 10, 0, 10, 10, 10, 10, 10, 10, 0, 10, 0, 10, 10, 2, 10, 10, 0, 3, 10, 0, 0, 0, 10, 10, 0, 0, 0, 10, 10, 10, 10, 10, 10, 0, 0, 10, 0, 0, 0, 0, 0, 0, 0, 0, 0, 10, 0, 0, 10, 10, 10, 0, 10, 10, 10, 0, 0, 0, 0, 10, 0, 10, 0, 0, 10, 10, 0, 10, 0, 10, 0, 10, 0, 10, 10, 10, 6, 18, 0, 0, 2, 0, 10, 10, 9, 0, 10, 10, 10, 10, 10, 0, 10, 0, 14, 0, 0, 10, 10, 10, 0, 10, 10, 0, 3, 0, 0, 0, 10, 0, 0, 0, 0, 0, : 4, 10, 10, 10, 10, 10, 10, 10, 10, 10, 10, 10, 10, 10, 2, 10, 10, 3, 10, 10, 10, 10, 10, 10, 10, 10, 10, 10, 10, 10, 10, 10, 10, 10, 10, 10, 10, 10, 10, 10, 10, 10, 10, 10, 10, 6, 18, 2, 10, 10, 9, 10, 10, 10, 10, 10, 10, 14, 10, 10, 10, 10, 10, 3, 10, 
464: 0, 0, 0, 0, 10, 0, 0, 0, 0, 0, 0, 3, 10, 0, 10, 10, 19, 0, 10, 0, 10, 10, 10, 10, 0, 10, 10, 0, 10, 10, 0, 2, 0, 0, 0, 10, 0, 0, 0, 10, 10, 0, 0, 0, 0, 10, 0, 10, 10, 0, 10, 0, 4, 10, 10, 10, 10, 0, 10, 10, 10, 10, 10, 0, 10, 0, 10, 10, 10, 10, 10, 0, 10, 0, 0, 0, 0, 0, 0, 10, 0, 10, 16, 0, 10, 0, 14, 0, 10, 10, 0, 0, 10, 0, 10, 0, 9, 0, 10, 0, 0, 10, 10, 10, 0, 10, 0, 0, 0, 0, 0, 0, 2, 10, 0, 10, 10, 0, 10, 10, : 10, 3, 10, 10, 10, 19, 10, 10, 10, 10, 10, 10, 10, 10, 10, 2, 10, 10, 10, 10, 10, 10, 10, 4, 10, 10, 10, 10, 10, 10, 10, 10, 10, 10, 10, 10, 10, 10, 10, 10, 10, 10, 16, 10, 14, 10, 10, 10, 10, 9, 10, 10, 10, 10, 10, 2, 10, 10, 10, 10, 10, 
615: 10, 0, 10, 0, 10, 0, 10, 10, 10, 0, 10, 0, 10, 0, 0, 10, 10, 0, 0, 10, 10, 10, 0, 10, 0, 0, 0, 0, 0, 0, 10, 0, 10, 10, 0, 0, 0, 0, 10, 10, 10, 10, 0, 10, 10, 0, 1, 0, 10, 0, 0, 0, 10, 10, 0, 0, 0, 10, 10, 0, 10, 0, 10, 0, 10, 10, 1, 2, 10, 0, 10, 10, 0, 10, 0, 0, 10, 0, 10, 0, 1, 10, 10, 0, 10, 0, 0, 0, 10, 10, 0, 0, 0, 10, 0, 0, 10, 0, 0, 0, 0, 10, 10, 10, 0, 3, 0, 0, 10, 10, 10, 10, 10, 0, 10, 0, 10, 10, 10, 10, : 10, 10, 10, 10, 10, 10, 10, 10, 10, 10, 10, 10, 10, 10, 10, 10, 10, 10, 10, 10, 10, 10, 10, 1, 10, 10, 10, 10, 10, 10, 10, 10, 10, 1, 2, 10, 10, 10, 10, 10, 10, 1, 10, 10, 10, 10, 10, 10, 10, 10, 10, 10, 3, 10, 10, 10, 10, 10, 10, 10, 10, 10, 10, 
333: 0, 0, 10, 10, 0, 10, 10, 10, 9, 0, 0, 0, 10, 0, 10, 10, 10, 10, 0, 10, 0, 0, 10, 10, 0, 0, 10, 0, 0, 7, 0, 0, 1, 0, 0, 0, 10, 0, 10, 0, 10, 10, 10, 0, 10, 0, 0, 0, 10, 10, 10, 0, 10, 1, 0, 0, 0, 0, 10, 0, 10, 10, 0, 10, 10, 10, 10, 10, 10, 10, 10, 0, 10, 0, 10, 10, 0, 0, 0, 10, 0, 0, 0, 10, 10, 10, 10, 0, 14, 0, 10, 0, 0, 10, 0, 10, 10, 10, 10, 0, 10, 10, 10, 12, 0, 10, 10, 10, 0, 0, 10, 10, 10, 10, 0, 10, 10, 10, 0, 0, : 10, 10, 10, 10, 10, 9, 10, 10, 10, 10, 10, 10, 10, 10, 10, 7, 1, 10, 10, 10, 10, 10, 10, 10, 10, 10, 10, 1, 10, 10, 10, 10, 10, 10, 10, 10, 10, 10, 10, 10, 10, 10, 10, 10, 10, 10, 10, 14, 10, 10, 10, 10, 10, 10, 10, 10, 10, 12, 10, 10, 10, 10, 10, 10, 10, 10, 10, 10, 
674: 10, 10, 10, 10, 0, 10, 0, 10, 0, 0, 10, 10, 0, 10, 0, 10, 10, 10, 0, 10, 10, 10, 10, 0, 10, 0, 10, 10, 0, 0, 0, 0, 0, 10, 0, 0, 10, 0, 10, 10, 10, 10, 10, 0, 0, 10, 10, 0, 0, 0, 0, 0, 0, 10, 10, 0, 0, 10, 10, 0, 10, 0, 10, 0, 0, 0, 0, 10, 0, 10, 10, 10, 0, 10, 0, 0, 10, 1, 10, 0, 0, 10, 0, 10, 0, 0, 10, 10, 0, 0, 0, 0, 10, 0, 10, 10, 0, 10, 0, 0, 0, 8, 10, 10, 10, 0, 10, 0, 0, 0, 10, 10, 0, 10, 0, 6, 0, 0, 10, 10, : 10, 10, 10, 10, 10, 10, 10, 10, 10, 10, 10, 10, 10, 10, 10, 10, 10, 10, 10, 10, 10, 10, 10, 10, 10, 10, 10, 10, 10, 10, 10, 10, 10, 10, 10, 10, 10, 10, 10, 10, 1, 10, 10, 10, 10, 10, 10, 10, 10, 10, 8, 10, 10, 10, 10, 10, 10, 10, 6, 10, 10, 
74: 10, 10, 0, 10, 0, 10, 10, 0, 10, 0, 0, 10, 0, 0, 10, 10, 10, 10, 10, 10, 0, 0, 0, 10, 10, 10, 10, 0, 10, 10, 0, 10, 10, 0, 10, 0, 0, 10, 0, 0, 10, 0, 10, 0, 0, 0, 0, 0, 10, 0, 10, 0, 0, 0, 10, 0, 0, 10, 10, 0, 10, 1, 0, 10, 10, 10, 0, 10, 0, 0, 0, 10, 0, 0, 10, 0, 10, 18, 0, 10, 10, 10, 0, 10, 10, 10, 10, 10, 0, 0, 10, 10, 10, 0, 10, 0, 0, 0, 10, 10, 10, 10, 0, 0, 0, 0, 10, 0, 0, 0, 0, 0, 0, 10, 10, 10, 0, 3, 0, 0, : 10, 10, 10, 10, 10, 10, 10, 10, 10, 10, 10, 10, 10, 10, 10, 10, 10, 10, 10, 10, 10, 10, 10, 10, 10, 10, 10, 10, 10, 10, 10, 1, 10, 10, 10, 10, 10, 10, 10, 18, 10, 10, 10, 10, 10, 10, 10, 10, 10, 10, 10, 10, 10, 10, 10, 10, 10, 10, 10, 10, 3, 
576: 0, 10, 10, 0, 0, 4, 10, 0, 10, 10, 0, 0, 0, 0, 0, 10, 10, 0, 0, 3, 10, 10, 10, 0, 0, 0, 10, 0, 0, 2, 10, 0, 0, 0, 0, 10, 0, 10, 0, 0, 0, 0, 0, 10, 10, 0, 0, 10, 10, 0, 0, 0, 10, 0, 10, 0, 10, 10, 0, 10, 0, 10, 10, 10, 10, 0, 10, 0, 0, 0, 0, 0, 10, 0, 10, 10, 10, 0, 10, 10, 10, 0, 10, 10, 0, 10, 10, 0, 0, 0, 0, 10, 0, 0, 10, 10, 10, 10, 10, 10, 10, 0, 0, 0, 10, 10, 10, 10, 0, 10, 0, 0, 10, 10, 10, 0, 10, 0, 10, 0, : 10, 10, 4, 10, 10, 10, 10, 10, 3, 10, 10, 10, 10, 2, 10, 10, 10, 10, 10, 10, 10, 10, 10, 10, 10, 10, 10, 10, 10, 10, 10, 10, 10, 10, 10, 10, 10, 10, 10, 10, 10, 10, 10, 10, 10, 10, 10, 10, 10, 10, 10, 10, 10, 10, 10, 10, 10, 10, 10, 10, 
628: 0, 0, 10, 0, 10, 10, 10, 0, 7, 0, 10, 0, 10, 10, 0, 10, 10, 0, 10, 0, 10, 10, 0, 0, 0, 10, 0, 10, 10, 10, 10, 0, 0, 0, 10, 0, 0, 10, 10, 0, 10, 0, 10, 0, 0, 10, 0, 0, 0, 0, 0, 2, 0, 0, 10, 0, 0, 10, 10, 0, 10, 10, 1, 10, 0, 0, 10, 10, 10, 0, 10, 0, 10, 0, 10, 10, 0, 10, 0, 10, 10, 10, 0, 1, 0, 10, 0, 1, 10, 1, 0, 10, 0, 0, 10, 0, 0, 0, 0, 10, 0, 10, 0, 10, 10, 0, 10, 0, 10, 10, 10, 0, 10, 10, 0, 0, 10, 0, 0, 10, : 10, 10, 10, 10, 7, 10, 10, 10, 10, 10, 10, 10, 10, 10, 10, 10, 10, 10, 10, 10, 10, 10, 10, 10, 2, 10, 10, 10, 10, 10, 1, 10, 10, 10, 10, 10, 10, 10, 10, 10, 10, 10, 10, 1, 10, 1, 10, 1, 10, 10, 10, 10, 10, 10, 10, 10, 10, 10, 10, 10, 10, 10, 
306: 10, 10, 0, 10, 0, 2, 0, 0, 0, 10, 10, 10, 10, 10, 9, 0, 10, 0, 10, 0, 0, 10, 0, 0, 10, 10, 10, 10, 0, 10, 10, 10, 0, 0, 10, 10, 0, 0, 0, 0, 0, 0, 10, 10, 10, 10, 0, 10, 10, 0, 0, 10, 10, 0, 10, 0, 0, 2, 0, 10, 0, 10, 0, 0, 0, 2, 0, 10, 0, 10, 10, 10, 10, 0, 10, 10, 0, 0, 0, 0, 0, 6, 10, 0, 0, 10, 0, 0, 0, 0, 10, 10, 10, 1, 0, 0, 10, 10, 0, 10, 0, 0, 10, 0, 0, 10, 10, 10, 10, 0, 10, 10, 10, 10, 0, 0, 10, 10, 0, 0, : 10, 10, 10, 2, 10, 10, 10, 10, 10, 9, 10, 10, 10, 10, 10, 10, 10, 10, 10, 10, 10, 10, 10, 10, 10, 10, 10, 10, 10, 10, 10, 2, 10, 10, 2, 10, 10, 10, 10, 10, 10, 10, 6, 10, 10, 10, 10, 10, 1, 10, 10, 10, 10, 10, 10, 10, 10, 10, 10, 10, 10, 10, 10, 
469: 0, 0, 0, 10, 10, 0, 10, 10, 10, 0, 0, 10, 10, 0, 10, 0, 10, 0, 0, 10, 10, 10, 10, 0, 0, 10, 0, 0, 10, 0, 10, 0, 10, 0, 0, 0, 0, 0, 11, 10, 11, 10, 0, 0, 10, 0, 0, 0, 4, 10, 10, 10, 0, 0, 10, 0, 0, 10, 10, 0, 0, 0, 10, 0, 10, 0, 0, 0, 10, 10, 0, 10, 10, 10, 10, 0, 0, 10, 10, 10, 10, 10, 10, 10, 0, 1, 10, 10, 10, 10, 0, 10, 10, 10, 0, 0, 0, 0, 0, 10, 10, 0, 0, 0, 10, 10, 10, 10, 0, 10, 10, 0, 10, 10, 10, 0, 10, 10, 10, 0, : 10, 10, 10, 10, 10, 10, 10, 10, 10, 10, 10, 10, 10, 10, 10, 10, 10, 11, 10, 11, 10, 10, 4, 10, 10, 10, 10, 10, 10, 10, 10, 10, 10, 10, 10, 10, 10, 10, 10, 10, 10, 10, 10, 10, 1, 10, 10, 10, 10, 10, 10, 10, 10, 10, 10, 10, 10, 10, 10, 10, 10, 10, 10, 10, 10, 10, 
26: 10, 0, 0, 0, 0, 0, 0, 0, 0, 10, 0, 0, 0, 10, 10, 0, 10, 10, 0, 10, 10, 10, 0, 0, 10, 10, 0, 10, 10, 10, 0, 0, 0, 10, 10, 0, 10, 10, 10, 10, 0, 0, 0, 10, 0, 10, 10, 10, 0, 0, 0, 0, 0, 0, 0, 0, 0, 0, 0, 10, 0, 0, 10, 10, 10, 10, 0, 10, 0, 10, 10, 10, 10, 10, 10, 0, 0, 0, 10, 10, 10, 10, 0, 10, 0, 10, 10, 10, 0, 0, 10, 0, 0, 10, 0, 10, 0, 10, 0, 0, 0, 0, 10, 10, 0, 0, 0, 10, 0, 0, 0, 0, 0, 0, 10, 0, 0, 1, 10, 10, : 10, 10, 10, 10, 10, 10, 10, 10, 10, 10, 10, 10, 10, 10, 10, 10, 10, 10, 10, 10, 10, 10, 10, 10, 10, 10, 10, 10, 10, 10, 10, 10, 10, 10, 10, 10, 10, 10, 10, 10, 10, 10, 10, 10, 10, 10, 10, 10, 10, 10, 10, 10, 1, 10, 10, 
440: 10, 19, 10, 0, 0, 0, 6, 0, 10, 10, 10, 0, 0, 0, 0, 10, 10, 0, 0, 10, 0, 10, 0, 0, 0, 0, 3, 1, 10, 0, 10, 10, 17, 17, 10, 10, 0, 0, 10, 0, 10, 10, 10, 10, 0, 0, 0, 10, 0, 10, 10, 10, 10, 1, 10, 10, 0, 0, 10, 0, 0, 10, 10, 0, 10, 1, 0, 10, 0, 0, 10, 10, 10, 0, 0, 0, 0, 10, 10, 0, 0, 0, 10, 10, 10, 10, 0, 10, 10, 0, 10, 10, 10, 0, 0, 10, 0, 10, 10, 10, 10, 10, 10, 0, 0, 10, 0, 0, 10, 0, 0, 10, 10, 0, 10, 0, 0, 0, 10, 0, : 10, 19, 10, 6, 10, 10, 10, 10, 10, 10, 10, 3, 1, 10, 10, 10, 17, 17, 10, 10, 10, 10, 10, 10, 10, 10, 10, 10, 10, 10, 1, 10, 10, 10, 10, 10, 10, 1, 10, 10, 10, 10, 10, 10, 10, 10, 10, 10, 10, 10, 10, 10, 10, 10, 10, 10, 10, 10, 10, 10, 10, 10, 10, 10, 10, 10, 
430: 0, 0, 10, 10, 2, 0, 10, 10, 0, 0, 10, 10, 0, 10, 0, 10, 0, 0, 0, 0, 0, 0, 10, 0, 0, 10, 10, 0, 0, 10, 0, 0, 10, 10, 1, 10, 10, 0, 10, 0, 0, 0, 10, 10, 0, 10, 10, 0, 10, 0, 10, 0, 0, 0, 10, 10, 10, 0, 0, 10, 10, 0, 10, 0, 0, 10, 0, 0, 10, 0, 0, 10, 0, 0, 10, 10, 0, 0, 0, 10, 10, 20, 0, 0, 0, 10, 0, 10, 0, 10, 10, 0, 0, 0, 10, 10, 10, 10, 10, 10, 0, 0, 0, 10, 0, 10, 10, 0, 10, 10, 10, 10, 1, 1, 10, 10, 0, 0, 0, 3, : 10, 10, 2, 10, 10, 10, 10, 10, 10, 10, 10, 10, 10, 10, 10, 1, 10, 10, 10, 10, 10, 10, 10, 10, 10, 10, 10, 10, 10, 10, 10, 10, 10, 10, 10, 10, 10, 10, 20, 10, 10, 10, 10, 10, 10, 10, 10, 10, 10, 10, 10, 10, 10, 10, 10, 10, 1, 1, 10, 10, 3, 
547: 10, 10, 10, 0, 0, 0, 10, 10, 0, 10, 0, 0, 10, 0, 0, 10, 0, 10, 10, 0, 10, 10, 0, 10, 10, 10, 10, 10, 10, 10, 4, 0, 10, 10, 0, 10, 10, 0, 20, 0, 0, 0, 0, 10, 0, 0, 10, 10, 10, 10, 10, 0, 10, 10, 10, 1, 10, 10, 0, 0, 0, 10, 0, 0, 10, 0, 10, 0, 0, 0, 0, 0, 19, 10, 0, 10, 0, 0, 10, 10, 10, 10, 10, 0, 0, 0, 0, 0, 10, 10, 0, 0, 10, 0, 10, 0, 10, 10, 0, 0, 10, 10, 0, 0, 0, 10, 0, 10, 10, 10, 10, 10, 0, 0, 0, 0, 10, 10, 0, 10, : 10, 10, 10, 10, 10, 10, 10, 10, 10, 10, 10, 10, 10, 10, 10, 10, 10, 10, 10, 4, 10, 10, 10, 10, 20, 10, 10, 10, 10, 10, 10, 10, 10, 10, 1, 10, 10, 10, 10, 10, 19, 10, 10, 10, 10, 10, 10, 10, 10, 10, 10, 10, 10, 10, 10, 10, 10, 10, 10, 10, 10, 10, 10, 10, 10, 
136: 0, 10, 0, 10, 10, 10, 0, 0, 10, 10, 0, 10, 0, 10, 10, 10, 0, 10, 10, 10, 10, 2, 10, 0, 0, 0, 10, 0, 10, 10, 10, 0, 0, 10, 0, 10, 1, 0, 0, 10, 0, 10, 0, 0, 0, 0, 10, 10, 0, 10, 1, 0, 10, 10, 3, 10, 10, 10, 0, 0, 10, 0, 0, 10, 10, 10, 10, 10, 10, 0, 0, 10, 10, 10, 10, 10, 10, 10, 10, 10, 10, 0, 0, 0, 0, 0, 10, 10, 10, 10, 0, 10, 0, 10, 0, 10, 10, 0, 10, 1, 0, 10, 10, 0, 10, 10, 5, 10, 10, 10, 0, 0, 0, 0, 10, 0, 0, 10, 0, 10, : 10, 10, 10, 10, 10, 10, 10, 10, 10, 10, 10, 10, 10, 10, 2, 10, 10, 10, 10, 10, 10, 10, 1, 10, 10, 10, 10, 10, 1, 10, 10, 3, 10, 10, 10, 10, 10, 10, 10, 10, 10, 10, 10, 10, 10, 10, 10, 10, 10, 10, 10, 10, 10, 10, 10, 10, 10, 10, 10, 10, 10, 1, 10, 10, 10, 10, 5, 10, 10, 10, 10, 10, 10, 
681: 0, 0, 10, 0, 10, 10, 0, 0, 0, 10, 0, 10, 0, 0, 0, 10, 0, 0, 0, 0, 0, 0, 0, 10, 0, 0, 0, 0, 10, 10, 10, 0, 10, 10, 10, 0, 10, 18, 10, 10, 0, 10, 10, 10, 0, 10, 10, 10, 0, 0, 0, 0, 10, 10, 0, 0, 10, 10, 0, 10, 0, 0, 0, 0, 0, 10, 0, 10, 12, 10, 0, 0, 0, 10, 14, 0, 10, 10, 0, 0, 0, 0, 10, 10, 0, 0, 0, 10, 0, 0, 10, 0, 10, 10, 10, 0, 10, 10, 10, 10, 0, 10, 0, 10, 10, 10, 10, 10, 10, 0, 0, 10, 0, 0, 0, 0, 0, 11, 10, 10, : 10, 10, 10, 10, 10, 10, 10, 10, 10, 10, 10, 10, 10, 10, 18, 10, 10, 10, 10, 10, 10, 10, 10, 10, 10, 10, 10, 10, 10, 10, 12, 10, 10, 14, 10, 10, 10, 10, 10, 10, 10, 10, 10, 10, 10, 10, 10, 10, 10, 10, 10, 10, 10, 10, 10, 11, 10, 10, 
400: 10, 0, 10, 0, 10, 10, 10, 0, 17, 0, 0, 0, 0, 0, 0, 0, 10, 10, 10, 5, 0, 10, 10, 10, 0, 0, 0, 0, 10, 0, 10, 0, 10, 10, 10, 0, 0, 10, 0, 10, 10, 0, 10, 0, 0, 0, 0, 10, 10, 10, 10, 0, 0, 10, 0, 0, 10, 10, 10, 10, 0, 10, 0, 0, 10, 0, 0, 0, 10, 10, 10, 10, 0, 0, 10, 0, 0, 10, 10, 10, 10, 0, 10, 2, 0, 10, 0, 10, 10, 0, 0, 10, 0, 1, 0, 10, 0, 1, 10, 10, 10, 0, 3, 0, 10, 10, 0, 10, 10, 10, 10, 0, 10, 10, 0, 0, 0, 0, 10, 10, : 10, 10, 10, 10, 10, 17, 10, 10, 10, 5, 10, 10, 10, 10, 10, 10, 10, 10, 10, 10, 10, 10, 10, 10, 10, 10, 10, 10, 10, 10, 10, 10, 10, 10, 10, 10, 10, 10, 10, 10, 10, 10, 10, 2, 10, 10, 10, 10, 1, 10, 1, 10, 10, 10, 3, 10, 10, 10, 10, 10, 10, 10, 10, 10, 10, 
63: 0, 10, 10, 0, 0, 10, 10, 10, 10, 0, 0, 0, 10, 10, 0, 10, 10, 0, 10, 0, 10, 0, 10, 0, 18, 10, 0, 10, 0, 7, 10, 0, 0, 10, 0, 0, 0, 9, 10, 0, 0, 10, 10, 10, 10, 0, 0, 0, 0, 0, 10, 10, 0, 10, 10, 0, 0, 0, 0, 0, 10, 0, 0, 0, 0, 0, 10, 2, 10, 10, 10, 10, 10, 0, 10, 10, 0, 0, 0, 10, 0, 0, 0, 10, 10, 0, 10, 0, 0, 10, 0, 0, 0, 10, 0, 0, 0, 10, 0, 10, 10, 10, 10, 0, 4, 10, 10, 0, 0, 0, 10, 10, 10, 0, 0, 10, 10, 10, 10, 0, : 10, 10, 10, 10, 10, 10, 10, 10, 10, 10, 10, 10, 10, 18, 10, 10, 7, 10, 10, 9, 10, 10, 10, 10, 10, 10, 10, 10, 10, 10, 10, 2, 10, 10, 10, 10, 10, 10, 10, 10, 10, 10, 10, 10, 10, 10, 10, 10, 10, 10, 4, 10, 10, 10, 10, 10, 10, 10, 10, 10, 


664: 10, 0, 10, 10, 10, 10, 0, 0, 4, 10, 10, 10, 10, 0, 0, 10, 10, 10, 10, 0, 0, 0, 0, 10, 0, 0, 17, 0, 10, 10, 10, 1, 2, 10, 0, 20, 10, 10, 0, 10, 5, 0, 10, 0, 10, 0, 10, 0, 10, 10, 0, 10, 0, 10, 10, 0, 10, 10, 0, 0, 10, 0, 0, 1, 0, 0, 10, 20, 10, 0, 10, 0, 10, 10, 0, 3, 19, 0, 10, 10, 0, 0, 10, 0, 0, 0, 0, 10, 10, 10, 0, 0, 0, 0, 10, 0, 10, 10, 10, 0, 0, 10, 0, 0, 10, 10, 10, 10, 0, 0, 0, 10, 10, 0, 0, 0, 3, 10, 0, 10, : 10, 10, 10, 10, 10, 4, 10, 10, 10, 10, 10, 10, 10, 10, 10, 17, 10, 10, 10, 1, 2, 10, 20, 10, 10, 10, 5, 10, 10, 10, 10, 10, 10, 10, 10, 10, 10, 10, 1, 10, 20, 10, 10, 10, 10, 3, 19, 10, 10, 10, 10, 10, 10, 10, 10, 10, 10, 10, 10, 10, 10, 10, 10, 10, 3, 10, 10, 
551: 10, 0, 10, 0, 0, 1, 10, 0, 10, 0, 10, 10, 10, 0, 10, 0, 0, 0, 10, 10, 10, 10, 10, 10, 10, 10, 0, 10, 0, 0, 10, 10, 10, 0, 1, 0, 0, 7, 0, 0, 10, 0, 0, 0, 10, 10, 10, 0, 0, 10, 10, 10, 10, 0, 0, 0, 10, 0, 10, 10, 0, 10, 0, 10, 10, 10, 0, 0, 0, 0, 10, 0, 10, 10, 0, 0, 0, 10, 0, 1, 0, 10, 0, 10, 2, 0, 10, 10, 0, 0, 10, 10, 10, 10, 10, 0, 10, 0, 0, 10, 0, 0, 10, 0, 10, 0, 10, 10, 0, 0, 10, 0, 0, 10, 0, 0, 10, 0, 0, 0, : 10, 10, 1, 10, 10, 10, 10, 10, 10, 10, 10, 10, 10, 10, 10, 10, 10, 10, 10, 10, 10, 1, 7, 10, 10, 10, 10, 10, 10, 10, 10, 10, 10, 10, 10, 10, 10, 10, 10, 10, 10, 10, 1, 10, 10, 2, 10, 10, 10, 10, 10, 10, 10, 10, 10, 10, 10, 10, 10, 10, 10, 10, 
32: 10, 10, 0, 10, 0, 10, 0, 0, 0, 10, 10, 0, 10, 10, 0, 0, 10, 0, 0, 10, 10, 10, 0, 0, 10, 0, 0, 10, 0, 0, 0, 0, 10, 0, 0, 6, 10, 10, 10, 0, 0, 10, 10, 0, 10, 10, 10, 0, 10, 10, 0, 19, 0, 0, 0, 0, 0, 10, 0, 0, 10, 10, 10, 10, 10, 0, 0, 0, 0, 10, 10, 10, 10, 0, 10, 0, 10, 0, 10, 0, 0, 0, 0, 10, 0, 10, 10, 0, 0, 0, 0, 10, 0, 10, 10, 10, 0, 10, 10, 0, 0, 10, 10, 0, 0, 10, 0, 10, 10, 10, 0, 10, 0, 10, 10, 0, 10, 10, 0, 0, : 10, 10, 10, 10, 10, 10, 10, 10, 10, 10, 10, 10, 10, 10, 10, 6, 10, 10, 10, 10, 10, 10, 10, 10, 10, 10, 19, 10, 10, 10, 10, 10, 10, 10, 10, 10, 10, 10, 10, 10, 10, 10, 10, 10, 10, 10, 10, 10, 10, 10, 10, 10, 10, 10, 10, 10, 10, 10, 10, 10, 
523: 0, 0, 10, 0, 10, 0, 10, 10, 10, 0, 10, 10, 0, 0, 10, 10, 0, 0, 10, 10, 0, 0, 1, 0, 10, 0, 10, 0, 10, 0, 10, 10, 0, 10, 10, 10, 10, 10, 10, 0, 0, 10, 10, 4, 10, 0, 10, 10, 0, 0, 8, 0, 10, 10, 10, 0, 10, 0, 0, 10, 10, 10, 0, 0, 10, 10, 10, 0, 10, 10, 0, 0, 0, 10, 10, 10, 10, 10, 0, 10, 6, 0, 10, 0, 10, 10, 10, 10, 10, 0, 0, 0, 0, 0, 10, 10, 10, 10, 10, 10, 0, 0, 10, 10, 10, 0, 10, 10, 0, 0, 10, 0, 0, 10, 0, 0, 0, 10, 0, 0, : 10, 10, 10, 10, 10, 10, 10, 10, 10, 10, 10, 1, 10, 10, 10, 10, 10, 10, 10, 10, 10, 10, 10, 10, 10, 4, 10, 10, 10, 8, 10, 10, 10, 10, 10, 10, 10, 10, 10, 10, 10, 10, 10, 10, 10, 10, 10, 10, 6, 10, 10, 10, 10, 10, 10, 10, 10, 10, 10, 10, 10, 10, 10, 10, 10, 10, 10, 10, 10, 
143: 0, 10, 0, 0, 2, 0, 0, 10, 0, 10, 10, 0, 10, 0, 0, 0, 0, 10, 0, 0, 0, 10, 0, 10, 0, 0, 0, 0, 10, 10, 0, 0, 10, 0, 10, 10, 0, 0, 0, 0, 10, 0, 0, 10, 0, 0, 10, 0, 10, 10, 10, 0, 1, 0, 0, 10, 0, 10, 0, 0, 10, 0, 4, 10, 0, 10, 0, 0, 10, 0, 10, 0, 10, 10, 10, 10, 0, 0, 10, 0, 10, 10, 10, 10, 10, 0, 10, 10, 10, 2, 10, 0, 10, 10, 19, 10, 10, 0, 0, 0, 10, 10, 0, 10, 0, 0, 0, 0, 0, 10, 10, 10, 10, 0, 0, 10, 10, 0, 10, 10, : 10, 2, 10, 10, 10, 10, 10, 10, 10, 10, 10, 10, 10, 10, 10, 10, 10, 10, 10, 10, 1, 10, 10, 10, 4, 10, 10, 10, 10, 10, 10, 10, 10, 10, 10, 10, 10, 10, 10, 10, 10, 10, 2, 10, 10, 10, 19, 10, 10, 10, 10, 10, 10, 10, 10, 10, 10, 10, 10, 10, 
262: 0, 1, 10, 0, 10, 10, 0, 2, 10, 19, 0, 0, 10, 2, 0, 10, 0, 10, 0, 0, 0, 10, 0, 10, 0, 0, 0, 10, 0, 0, 0, 10, 10, 10, 10, 10, 0, 10, 10, 0, 10, 10, 10, 10, 10, 10, 0, 0, 0, 0, 0, 0, 0, 0, 10, 0, 0, 0, 10, 10, 0, 10, 10, 10, 10, 0, 0, 0, 0, 0, 0, 10, 0, 10, 0, 10, 0, 10, 0, 10, 10, 10, 0, 10, 10, 10, 0, 0, 0, 10, 10, 0, 10, 0, 0, 18, 0, 0, 10, 10, 0, 10, 10, 0, 0, 0, 0, 0, 10, 10, 0, 10, 0, 10, 4, 10, 10, 10, 0, 0, : 1, 10, 10, 10, 2, 10, 19, 10, 2, 10, 10, 10, 10, 10, 10, 10, 10, 10, 10, 10, 10, 10, 10, 10, 10, 10, 10, 10, 10, 10, 10, 10, 10, 10, 10, 10, 10, 10, 10, 10, 10, 10, 10, 10, 10, 10, 10, 18, 10, 10, 10, 10, 10, 10, 10, 10, 4, 10, 10, 10, 
717: 10, 10, 10, 10, 2, 10, 10, 0, 1, 0, 10, 10, 0, 0, 1, 10, 0, 10, 10, 10, 0, 10, 0, 0, 0, 10, 0, 0, 0, 10, 0, 0, 0, 10, 0, 10, 10, 0, 10, 10, 10, 0, 10, 10, 10, 0, 0, 0, 10, 0, 0, 0, 10, 5, 10, 0, 0, 10, 10, 0, 11, 0, 0, 0, 10, 10, 0, 0, 0, 10, 0, 10, 10, 10, 10, 0, 10, 0, 10, 10, 10, 0, 0, 0, 0, 0, 10, 0, 0, 0, 10, 10, 10, 0, 0, 10, 10, 10, 10, 0, 0, 10, 10, 10, 1, 0, 0, 10, 0, 10, 10, 10, 10, 0, 0, 10, 0, 10, 0, 0, : 10, 10, 10, 10, 2, 10, 10, 1, 10, 10, 1, 10, 10, 10, 10, 10, 10, 10, 10, 10, 10, 10, 10, 10, 10, 10, 10, 10, 10, 5, 10, 10, 10, 11, 10, 10, 10, 10, 10, 10, 10, 10, 10, 10, 10, 10, 10, 10, 10, 10, 10, 10, 10, 10, 10, 10, 1, 10, 10, 10, 10, 10, 10, 10, 
320: 0, 10, 0, 10, 0, 10, 0, 10, 10, 0, 0, 0, 10, 0, 10, 10, 0, 10, 10, 0, 10, 0, 0, 1, 10, 10, 0, 0, 10, 10, 10, 10, 10, 10, 0, 0, 10, 10, 0, 10, 10, 0, 0, 10, 10, 10, 10, 0, 10, 0, 10, 10, 10, 10, 10, 10, 10, 0, 0, 0, 10, 0, 10, 0, 0, 10, 10, 0, 0, 0, 0, 0, 10, 0, 0, 0, 0, 0, 3, 20, 0, 4, 10, 10, 10, 20, 0, 0, 0, 10, 0, 10, 10, 6, 1, 0, 0, 10, 10, 10, 0, 10, 0, 10, 10, 10, 10, 0, 10, 0, 10, 10, 10, 4, 10, 0, 4, 10, 10, 10, : 10, 10, 10, 10, 10, 10, 10, 10, 10, 10, 10, 1, 10, 10, 10, 10, 10, 10, 10, 10, 10, 10, 10, 10, 10, 10, 10, 10, 10, 10, 10, 10, 10, 10, 10, 10, 10, 10, 10, 10, 10, 3, 20, 4, 10, 10, 10, 20, 10, 10, 10, 6, 1, 10, 10, 10, 10, 10, 10, 10, 10, 10, 10, 10, 10, 4, 10, 4, 10, 10, 10, 
211: 0, 0, 10, 10, 10, 0, 10, 10, 0, 0, 10, 0, 10, 0, 10, 0, 10, 10, 0, 0, 10, 1, 10, 0, 0, 10, 0, 10, 10, 10, 0, 0, 10, 10, 10, 5, 10, 0, 0, 0, 0, 10, 0, 10, 0, 0, 0, 0, 10, 0, 10, 10, 10, 10, 0, 10, 10, 10, 0, 10, 10, 7, 10, 0, 0, 10, 10, 0, 0, 0, 10, 0, 0, 0, 0, 0, 0, 0, 10, 0, 0, 10, 10, 0, 0, 10, 0, 0, 0, 0, 0, 0, 10, 10, 10, 10, 11, 3, 0, 0, 10, 10, 10, 0, 0, 10, 0, 10, 10, 10, 0, 0, 10, 10, 0, 0, 10, 10, 10, 0, : 10, 10, 10, 10, 10, 10, 10, 10, 10, 10, 10, 1, 10, 10, 10, 10, 10, 10, 10, 10, 5, 10, 10, 10, 10, 10, 10, 10, 10, 10, 10, 10, 10, 10, 7, 10, 10, 10, 10, 10, 10, 10, 10, 10, 10, 10, 10, 11, 3, 10, 10, 10, 10, 10, 10, 10, 10, 10, 10, 10, 10, 
734: 0, 2, 0, 0, 0, 10, 10, 10, 10, 10, 10, 10, 0, 0, 0, 10, 10, 0, 13, 10, 0, 0, 10, 10, 0, 10, 0, 10, 0, 10, 0, 3, 0, 10, 0, 0, 0, 10, 19, 0, 0, 0, 10, 10, 10, 10, 0, 10, 0, 10, 0, 0, 10, 10, 10, 10, 10, 10, 10, 10, 10, 2, 10, 10, 0, 0, 10, 10, 10, 10, 0, 0, 0, 0, 10, 10, 10, 0, 0, 0, 0, 10, 10, 0, 0, 0, 10, 10, 10, 0, 10, 10, 0, 0, 0, 0, 10, 0, 0, 10, 10, 10, 0, 10, 0, 10, 10, 10, 0, 0, 0, 10, 0, 10, 0, 10, 10, 8, 0, 0, : 2, 10, 10, 10, 10, 10, 10, 10, 10, 10, 13, 10, 10, 10, 10, 10, 10, 3, 10, 10, 19, 10, 10, 10, 10, 10, 10, 10, 10, 10, 10, 10, 10, 10, 10, 10, 2, 10, 10, 10, 10, 10, 10, 10, 10, 10, 10, 10, 10, 10, 10, 10, 10, 10, 10, 10, 10, 10, 10, 10, 10, 10, 10, 10, 10, 8, 
58: 0, 0, 10, 0, 0, 0, 10, 0, 0, 0, 0, 0, 0, 0, 0, 10, 0, 10, 10, 0, 18, 0, 10, 10, 10, 10, 10, 0, 10, 10, 0, 0, 0, 0, 4, 10, 0, 10, 10, 10, 1, 10, 10, 0, 0, 0, 0, 10, 0, 0, 10, 8, 0, 10, 10, 0, 0, 1, 10, 0, 0, 10, 0, 10, 10, 0, 0, 10, 10, 10, 10, 10, 10, 0, 10, 0, 0, 10, 10, 10, 10, 0, 0, 10, 10, 10, 0, 0, 0, 0, 10, 10, 10, 0, 10, 10, 0, 10, 10, 0, 0, 10, 10, 10, 10, 10, 1, 0, 10, 10, 10, 0, 10, 12, 10, 10, 0, 0, 10, 0, : 10, 10, 10, 10, 10, 18, 10, 10, 10, 10, 10, 10, 10, 4, 10, 10, 10, 10, 1, 10, 10, 10, 10, 8, 10, 10, 1, 10, 10, 10, 10, 10, 10, 10, 10, 10, 10, 10, 10, 10, 10, 10, 10, 10, 10, 10, 10, 10, 10, 10, 10, 10, 10, 10, 10, 10, 10, 1, 10, 10, 10, 10, 12, 10, 10, 10, 
621: 10, 10, 0, 0, 0, 10, 10, 0, 10, 10, 0, 10, 0, 0, 0, 10, 0, 0, 10, 0, 0, 0, 10, 0, 0, 10, 10, 0, 0, 10, 0, 0, 0, 10, 10, 10, 10, 10, 10, 0, 10, 0, 10, 10, 0, 10, 10, 10, 0, 10, 10, 10, 10, 0, 0, 10, 10, 10, 0, 10, 0, 10, 0, 10, 0, 0, 10, 10, 10, 0, 0, 10, 10, 0, 0, 9, 10, 10, 10, 10, 0, 0, 0, 0, 10, 10, 10, 0, 0, 10, 10, 10, 10, 0, 10, 10, 10, 10, 0, 10, 10, 0, 10, 0, 0, 0, 5, 2, 10, 10, 10, 2, 0, 10, 10, 3, 0, 0, 10, 0, : 10, 10, 10, 10, 10, 10, 10, 10, 10, 10, 10, 10, 10, 10, 10, 10, 10, 10, 10, 10, 10, 10, 10, 10, 10, 10, 10, 10, 10, 10, 10, 10, 10, 10, 10, 10, 10, 10, 10, 10, 9, 10, 10, 10, 10, 10, 10, 10, 10, 10, 10, 10, 10, 10, 10, 10, 10, 10, 10, 5, 2, 10, 10, 10, 2, 10, 10, 3, 10, 
146: 0, 0, 10, 10, 10, 10, 0, 2, 10, 10, 0, 10, 5, 10, 0, 10, 10, 0, 10, 10, 10, 10, 10, 0, 0, 10, 0, 10, 0, 10, 0, 0, 10, 0, 0, 0, 10, 10, 0, 10, 10, 0, 0, 0, 0, 0, 10, 10, 0, 10, 10, 10, 0, 10, 0, 0, 0, 0, 10, 0, 0, 10, 10, 0, 10, 0, 0, 0, 10, 0, 10, 10, 0, 10, 0, 0, 10, 10, 0, 10, 0, 10, 10, 10, 0, 0, 10, 1, 10, 10, 10, 0, 0, 0, 10, 0, 0, 0, 0, 0, 10, 10, 10, 10, 0, 0, 0, 10, 10, 8, 10, 10, 10, 10, 10, 10, 0, 10, 0, 10, : 10, 10, 10, 10, 2, 10, 10, 10, 5, 10, 10, 10, 10, 10, 10, 10, 10, 10, 10, 10, 10, 10, 10, 10, 10, 10, 10, 10, 10, 10, 10, 10, 10, 10, 10, 10, 10, 10, 10, 10, 10, 10, 10, 10, 10, 10, 1, 10, 10, 10, 10, 10, 10, 10, 10, 10, 10, 8, 10, 10, 10, 10, 10, 10, 10, 10, 
116: 10, 10, 0, 0, 10, 10, 0, 0, 0, 10, 0, 0, 0, 0, 0, 0, 0, 10, 0, 0, 0, 0, 10, 10, 0, 10, 1, 0, 10, 10, 10, 10, 0, 10, 10, 0, 10, 10, 0, 10, 10, 10, 0, 0, 0, 0, 0, 0, 0, 5, 0, 10, 0, 0, 0, 0, 0, 10, 0, 0, 3, 0, 10, 10, 0, 0, 0, 10, 7, 10, 0, 10, 0, 0, 0, 10, 0, 0, 0, 0, 10, 10, 10, 0, 10, 0, 0, 10, 10, 18, 1, 0, 0, 0, 0, 10, 0, 0, 0, 0, 0, 10, 10, 10, 10, 1, 10, 0, 10, 11, 0, 3, 0, 2, 0, 10, 0, 0, 1, 0, : 10, 10, 10, 10, 10, 10, 10, 10, 10, 1, 10, 10, 10, 10, 10, 10, 10, 10, 10, 10, 10, 5, 10, 10, 3, 10, 10, 10, 7, 10, 10, 10, 10, 10, 10, 10, 10, 10, 18, 1, 10, 10, 10, 10, 10, 1, 10, 10, 11, 3, 2, 10, 1, 
591: 10, 0, 10, 0, 0, 10, 0, 10, 0, 10, 10, 0, 0, 10, 10, 0, 0, 0, 10, 0, 0, 0, 0, 10, 10, 10, 10, 0, 0, 10, 10, 0, 0, 0, 0, 10, 10, 0, 4, 0, 0, 10, 10, 10, 10, 10, 0, 0, 0, 10, 0, 2, 10, 10, 10, 10, 0, 13, 10, 0, 0, 10, 10, 10, 10, 0, 10, 0, 0, 10, 0, 10, 0, 10, 10, 10, 0, 10, 10, 10, 10, 10, 0, 10, 1, 0, 10, 10, 10, 0, 0, 10, 10, 0, 0, 6, 0, 0, 10, 10, 10, 2, 10, 0, 10, 0, 0, 10, 10, 0, 0, 0, 10, 0, 0, 0, 10, 0, 10, 10, : 10, 10, 10, 10, 10, 10, 10, 10, 10, 10, 10, 10, 10, 10, 10, 10, 10, 4, 10, 10, 10, 10, 10, 10, 2, 10, 10, 10, 10, 13, 10, 10, 10, 10, 10, 10, 10, 10, 10, 10, 10, 10, 10, 10, 10, 10, 10, 1, 10, 10, 10, 10, 10, 6, 10, 10, 10, 2, 10, 10, 10, 10, 10, 10, 10, 10, 
462: 10, 10, 0, 10, 10, 12, 0, 10, 0, 10, 10, 0, 3, 0, 0, 0, 0, 0, 0, 0, 0, 0, 10, 0, 0, 0, 0, 0, 0, 10, 0, 10, 0, 11, 10, 10, 0, 10, 10, 0, 10, 0, 0, 0, 10, 10, 10, 10, 10, 0, 10, 0, 0, 0, 0, 10, 10, 10, 0, 10, 10, 0, 10, 10, 10, 0, 10, 10, 10, 0, 0, 10, 10, 0, 0, 10, 10, 0, 1, 0, 0, 10, 10, 0, 0, 10, 10, 0, 10, 10, 0, 0, 0, 0, 3, 0, 10, 10, 10, 0, 0, 10, 10, 0, 0, 10, 0, 10, 10, 0, 0, 0, 10, 10, 10, 10, 0, 10, 0, 0, : 10, 10, 10, 10, 12, 10, 10, 10, 3, 10, 10, 10, 11, 10, 10, 10, 10, 10, 10, 10, 10, 10, 10, 10, 10, 10, 10, 10, 10, 10, 10, 10, 10, 10, 10, 10, 10, 10, 10, 1, 10, 10, 10, 10, 10, 10, 3, 10, 10, 10, 10, 10, 10, 10, 10, 10, 10, 10, 10, 10, 
6: 0, 10, 10, 10, 10, 10, 0, 10, 10, 10, 10, 10, 0, 0, 10, 0, 0, 10, 10, 10, 0, 0, 0, 0, 10, 10, 10, 10, 10, 0, 10, 10, 10, 10, 17, 10, 10, 0, 0, 10, 10, 0, 0, 0, 0, 0, 10, 10, 0, 10, 0, 0, 0, 10, 10, 0, 10, 10, 10, 0, 0, 10, 0, 10, 10, 10, 10, 10, 10, 0, 10, 0, 0, 10, 0, 0, 10, 0, 0, 0, 10, 0, 10, 10, 10, 10, 10, 0, 0, 0, 10, 0, 10, 10, 0, 0, 0, 0, 10, 10, 10, 0, 2, 0, 10, 10, 0, 10, 8, 10, 0, 0, 0, 10, 0, 0, 10, 0, 0, 10, : 10, 10, 10, 10, 10, 10, 10, 10, 10, 10, 10, 10, 10, 10, 10, 10, 10, 10, 10, 10, 10, 10, 10, 17, 10, 10, 10, 10, 10, 10, 10, 10, 10, 10, 10, 10, 10, 10, 10, 10, 10, 10, 10, 10, 10, 10, 10, 10, 10, 10, 10, 10, 10, 10, 10, 10, 10, 10, 2, 10, 10, 10, 8, 10, 10, 10, 10, 
282: 0, 0, 0, 0, 0, 10, 10, 0, 10, 10, 0, 0, 0, 0, 4, 10, 10, 10, 10, 10, 10, 10, 0, 0, 10, 10, 10, 0, 10, 10, 0, 10, 0, 0, 10, 0, 10, 0, 0, 10, 10, 0, 1, 0, 0, 1, 6, 0, 10, 10, 0, 0, 0, 0, 0, 10, 0, 0, 10, 0, 1, 10, 10, 3, 0, 10, 0, 0, 10, 0, 0, 0, 0, 10, 10, 10, 10, 10, 10, 3, 0, 10, 4, 10, 10, 0, 0, 6, 10, 0, 10, 19, 1, 0, 0, 0, 10, 0, 10, 3, 0, 10, 0, 2, 0, 10, 0, 10, 0, 10, 10, 0, 10, 0, 10, 0, 0, 10, 10, 0, : 10, 10, 10, 10, 4, 10, 10, 10, 10, 10, 10, 10, 10, 10, 10, 10, 10, 10, 10, 10, 10, 10, 1, 1, 6, 10, 10, 10, 10, 1, 10, 10, 3, 10, 10, 10, 10, 10, 10, 10, 10, 3, 10, 4, 10, 10, 6, 10, 10, 19, 1, 10, 10, 3, 10, 2, 10, 10, 10, 10, 10, 10, 10, 10, 
736: 10, 10, 0, 0, 10, 0, 10, 0, 0, 10, 0, 10, 0, 1, 10, 0, 0, 0, 0, 0, 0, 10, 10, 10, 10, 10, 10, 10, 10, 10, 10, 10, 0, 10, 0, 10, 0, 10, 10, 10, 10, 10, 0, 10, 0, 10, 0, 10, 0, 10, 0, 10, 0, 10, 10, 10, 10, 0, 0, 0, 10, 10, 0, 10, 0, 10, 10, 0, 10, 0, 10, 0, 0, 1, 10, 10, 10, 0, 10, 0, 10, 0, 0, 10, 10, 6, 10, 10, 10, 10, 10, 10, 0, 0, 0, 3, 10, 0, 10, 0, 10, 0, 0, 10, 0, 10, 10, 0, 10, 0, 10, 10, 10, 10, 1, 4, 0, 0, 17, 0, : 10, 10, 10, 10, 10, 10, 1, 10, 10, 10, 10, 10, 10, 10, 10, 10, 10, 10, 10, 10, 10, 10, 10, 10, 10, 10, 10, 10, 10, 10, 10, 10, 10, 10, 10, 10, 10, 10, 10, 10, 10, 10, 1, 10, 10, 10, 10, 10, 10, 10, 6, 10, 10, 10, 10, 10, 10, 3, 10, 10, 10, 10, 10, 10, 10, 10, 10, 10, 10, 1, 4, 17, 
518: 0, 10, 0, 0, 0, 10, 0, 0, 0, 10, 10, 0, 0, 10, 10, 0, 10, 0, 10, 0, 10, 10, 0, 10, 10, 10, 0, 0, 0, 0, 10, 0, 10, 10, 0, 0, 10, 0, 10, 0, 10, 0, 0, 10, 10, 0, 10, 10, 0, 10, 10, 10, 0, 10, 10, 10, 10, 0, 10, 0, 0, 10, 0, 10, 0, 0, 0, 0, 0, 0, 10, 10, 10, 10, 10, 0, 0, 0, 10, 0, 10, 0, 10, 10, 10, 0, 10, 10, 0, 0, 10, 0, 10, 0, 0, 10, 0, 0, 0, 10, 10, 0, 0, 0, 0, 0, 0, 10, 10, 10, 0, 0, 0, 10, 0, 10, 0, 0, 0, 0, : 10, 10, 10, 10, 10, 10, 10, 10, 10, 10, 10, 10, 10, 10, 10, 10, 10, 10, 10, 10, 10, 10, 10, 10, 10, 10, 10, 10, 10, 10, 10, 10, 10, 10, 10, 10, 10, 10, 10, 10, 10, 10, 10, 10, 10, 10, 10, 10, 10, 10, 10, 10, 10, 10, 10, 
737: 0, 0, 0, 0, 0, 10, 0, 0, 1, 0, 0, 0, 10, 10, 10, 0, 0, 0, 0, 0, 10, 10, 0, 10, 0, 0, 0, 10, 0, 0, 10, 10, 10, 10, 10, 0, 0, 10, 10, 0, 10, 10, 0, 10, 0, 0, 0, 2, 10, 0, 0, 0, 10, 10, 10, 10, 0, 0, 10, 10, 0, 6, 0, 0, 10, 10, 10, 10, 0, 10, 10, 0, 10, 10, 0, 0, 10, 10, 0, 0, 0, 10, 10, 0, 6, 0, 10, 0, 0, 0, 0, 0, 10, 10, 0, 0, 0, 10, 0, 0, 0, 0, 0, 10, 10, 10, 0, 0, 10, 0, 0, 0, 10, 10, 10, 10, 0, 0, 0, 10, : 10, 1, 10, 10, 10, 10, 10, 10, 10, 10, 10, 10, 10, 10, 10, 10, 10, 10, 10, 2, 10, 10, 10, 10, 10, 10, 10, 6, 10, 10, 10, 10, 10, 10, 10, 10, 10, 10, 10, 10, 6, 10, 10, 10, 10, 10, 10, 10, 10, 10, 10, 10, 10, 10, 
145: 10, 0, 0, 10, 10, 0, 10, 16, 10, 10, 0, 10, 0, 10, 10, 10, 10, 0, 0, 0, 0, 10, 0, 10, 0, 10, 10, 10, 10, 0, 10, 0, 10, 10, 0, 0, 10, 0, 10, 10, 0, 10, 0, 10, 10, 0, 10, 10, 10, 0, 0, 0, 10, 0, 0, 0, 10, 10, 10, 10, 10, 10, 10, 1, 0, 10, 10, 0, 10, 0, 10, 0, 0, 10, 0, 0, 10, 0, 0, 0, 0, 0, 0, 0, 10, 10, 0, 0, 0, 0, 10, 10, 0, 0, 10, 10, 0, 0, 0, 10, 0, 0, 0, 10, 0, 8, 10, 10, 10, 0, 10, 0, 0, 0, 10, 0, 10, 12, 0, 10, : 10, 10, 10, 10, 16, 10, 10, 10, 10, 10, 10, 10, 10, 10, 10, 10, 10, 10, 10, 10, 10, 10, 10, 10, 10, 10, 10, 10, 10, 10, 10, 10, 10, 10, 10, 10, 10, 10, 1, 10, 10, 10, 10, 10, 10, 10, 10, 10, 10, 10, 10, 10, 10, 8, 10, 10, 10, 10, 10, 10, 12, 10, 
640: 1, 0, 0, 10, 10, 0, 10, 10, 0, 10, 0, 0, 10, 0, 0, 10, 10, 10, 10, 0, 0, 10, 0, 10, 0, 10, 0, 10, 10, 10, 0, 10, 0, 10, 0, 0, 10, 10, 10, 10, 0, 10, 10, 0, 10, 0, 10, 10, 10, 0, 10, 10, 0, 0, 0, 0, 0, 10, 10, 0, 10, 10, 1, 0, 10, 4, 10, 0, 0, 10, 0, 10, 0, 0, 1, 10, 0, 10, 0, 0, 10, 10, 0, 10, 0, 10, 0, 10, 10, 0, 0, 0, 10, 10, 0, 10, 10, 10, 10, 10, 0, 10, 10, 0, 0, 10, 10, 10, 10, 0, 10, 0, 0, 0, 10, 0, 0, 0, 0, 0, : 1, 10, 10, 10, 10, 10, 10, 10, 10, 10, 10, 10, 10, 10, 10, 10, 10, 10, 10, 10, 10, 10, 10, 10, 10, 10, 10, 10, 10, 10, 10, 10, 10, 10, 10, 1, 10, 4, 10, 10, 10, 1, 10, 10, 10, 10, 10, 10, 10, 10, 10, 10, 10, 10, 10, 10, 10, 10, 10, 10, 10, 10, 10, 10, 10, 
560: 10, 0, 10, 0, 0, 10, 10, 10, 10, 0, 10, 0, 10, 10, 10, 0, 10, 10, 0, 0, 0, 10, 0, 0, 0, 10, 10, 0, 10, 0, 0, 10, 16, 10, 10, 10, 10, 0, 10, 10, 10, 0, 0, 10, 0, 10, 0, 10, 10, 10, 0, 0, 0, 0, 0, 10, 0, 10, 0, 10, 0, 0, 10, 10, 0, 10, 0, 10, 0, 10, 0, 10, 0, 10, 10, 0, 0, 0, 0, 0, 10, 0, 0, 10, 10, 10, 10, 10, 0, 0, 10, 10, 0, 10, 0, 10, 10, 0, 0, 10, 0, 0, 10, 10, 0, 0, 0, 10, 0, 0, 10, 0, 0, 10, 0, 0, 10, 0, 10, 10, : 10, 10, 10, 10, 10, 10, 10, 10, 10, 10, 10, 10, 10, 10, 10, 10, 10, 16, 10, 10, 10, 10, 10, 10, 10, 10, 10, 10, 10, 10, 10, 10, 10, 10, 10, 10, 10, 10, 10, 10, 10, 10, 10, 10, 10, 10, 10, 10, 10, 10, 10, 10, 10, 10, 10, 10, 10, 10, 10, 10, 10, 
256: 0, 10, 10, 0, 0, 0, 0, 0, 10, 10, 0, 10, 10, 0, 0, 10, 0, 0, 0, 1, 10, 0, 0, 10, 0, 0, 0, 10, 0, 0, 10, 0, 10, 0, 7, 10, 10, 0, 10, 10, 0, 0, 10, 10, 0, 10, 10, 10, 0, 0, 0, 1, 10, 0, 10, 10, 10, 10, 0, 10, 10, 0, 10, 10, 0, 0, 7, 10, 10, 10, 10, 10, 0, 3, 10, 0, 12, 10, 10, 0, 2, 2, 10, 0, 0, 0, 10, 10, 0, 10, 0, 10, 0, 10, 0, 0, 10, 0, 10, 10, 0, 10, 10, 0, 10, 0, 10, 0, 0, 0, 5, 0, 0, 0, 10, 0, 10, 0, 0, 10, : 10, 10, 10, 10, 10, 10, 10, 1, 10, 10, 10, 10, 10, 7, 10, 10, 10, 10, 10, 10, 10, 10, 10, 1, 10, 10, 10, 10, 10, 10, 10, 10, 10, 7, 10, 10, 10, 10, 10, 3, 10, 12, 10, 10, 2, 2, 10, 10, 10, 10, 10, 10, 10, 10, 10, 10, 10, 10, 10, 5, 10, 10, 10, 
627: 10, 10, 0, 10, 10, 0, 1, 0, 10, 0, 10, 10, 10, 10, 10, 10, 10, 0, 10, 0, 10, 0, 10, 0, 10, 10, 0, 0, 0, 10, 10, 0, 10, 0, 10, 10, 10, 0, 10, 10, 0, 10, 0, 0, 0, 10, 10, 0, 0, 10, 0, 10, 0, 10, 0, 0, 0, 0, 10, 10, 10, 0, 10, 0, 10, 0, 0, 10, 10, 10, 0, 10, 10, 10, 0, 0, 0, 10, 10, 0, 0, 0, 0, 0, 0, 10, 0, 10, 0, 10, 10, 10, 0, 0, 0, 0, 10, 10, 0, 10, 0, 0, 10, 10, 10, 0, 0, 0, 10, 10, 10, 10, 10, 0, 0, 10, 10, 10, 10, 0, : 10, 10, 10, 10, 1, 10, 10, 10, 10, 10, 10, 10, 10, 10, 10, 10, 10, 10, 10, 10, 10, 10, 10, 10, 10, 10, 10, 10, 10, 10, 10, 10, 10, 10, 10, 10, 10, 10, 10, 10, 10, 10, 10, 10, 10, 10, 10, 10, 10, 10, 10, 10, 10, 10, 10, 10, 10, 10, 10, 10, 10, 10, 10, 10, 10, 
428: 0, 10, 0, 0, 10, 0, 10, 10, 10, 0, 0, 4, 10, 0, 10, 10, 10, 10, 2, 10, 0, 0, 0, 10, 10, 0, 10, 0, 18, 0, 10, 0, 10, 10, 10, 0, 0, 0, 0, 0, 0, 10, 10, 10, 10, 0, 10, 10, 10, 0, 10, 2, 0, 0, 0, 0, 0, 10, 0, 10, 10, 10, 0, 0, 0, 0, 0, 10, 1, 0, 0, 10, 10, 0, 10, 10, 0, 0, 10, 10, 0, 10, 0, 10, 10, 0, 10, 0, 10, 10, 0, 10, 0, 10, 0, 10, 0, 0, 10, 10, 10, 3, 1, 10, 0, 0, 0, 0, 0, 0, 0, 10, 0, 10, 0, 0, 0, 0, 10, 10, : 10, 10, 10, 10, 10, 4, 10, 10, 10, 10, 10, 2, 10, 10, 10, 10, 18, 10, 10, 10, 10, 10, 10, 10, 10, 10, 10, 10, 10, 2, 10, 10, 10, 10, 10, 1, 10, 10, 10, 10, 10, 10, 10, 10, 10, 10, 10, 10, 10, 10, 10, 10, 10, 10, 3, 1, 10, 10, 10, 10, 10, 
625: 10, 0, 10, 0, 0, 1, 0, 0, 0, 0, 0, 10, 10, 0, 10, 0, 0, 10, 10, 0, 10, 10, 10, 10, 0, 0, 10, 1, 0, 0, 10, 0, 0, 0, 0, 0, 0, 10, 0, 10, 10, 0, 10, 10, 0, 10, 10, 0, 10, 10, 0, 10, 10, 0, 0, 0, 9, 10, 10, 10, 10, 10, 10, 0, 10, 0, 10, 10, 10, 10, 0, 0, 10, 10, 10, 10, 0, 0, 10, 10, 0, 0, 10, 0, 10, 10, 0, 0, 10, 0, 0, 10, 0, 10, 0, 0, 10, 0, 0, 10, 0, 10, 10, 0, 0, 0, 10, 10, 10, 2, 0, 10, 0, 0, 0, 10, 0, 0, 17, 10, : 10, 10, 1, 10, 10, 10, 10, 10, 10, 10, 10, 10, 10, 1, 10, 10, 10, 10, 10, 10, 10, 10, 10, 10, 10, 10, 9, 10, 10, 10, 10, 10, 10, 10, 10, 10, 10, 10, 10, 10, 10, 10, 10, 10, 10, 10, 10, 10, 10, 10, 10, 10, 10, 10, 10, 10, 10, 2, 10, 10, 17, 10, 
622: 10, 10, 10, 10, 0, 0, 10, 0, 0, 10, 0, 10, 10, 13, 0, 0, 10, 10, 0, 0, 10, 10, 0, 0, 10, 0, 10, 10, 3, 0, 0, 0, 0, 0, 10, 2, 10, 0, 0, 0, 0, 10, 10, 0, 0, 0, 0, 0, 10, 0, 10, 10, 10, 0, 10, 10, 0, 0, 0, 0, 10, 10, 0, 0, 0, 0, 0, 0, 0, 0, 10, 0, 0, 10, 0, 0, 10, 10, 10, 0, 10, 0, 0, 10, 0, 0, 10, 0, 0, 0, 10, 0, 10, 10, 10, 10, 0, 0, 0, 0, 0, 0, 0, 10, 10, 0, 0, 10, 0, 0, 0, 0, 0, 10, 10, 10, 7, 10, 10, 10, : 10, 10, 10, 10, 10, 10, 10, 10, 13, 10, 10, 10, 10, 10, 10, 10, 3, 10, 2, 10, 10, 10, 10, 10, 10, 10, 10, 10, 10, 10, 10, 10, 10, 10, 10, 10, 10, 10, 10, 10, 10, 10, 10, 10, 10, 10, 10, 10, 10, 7, 10, 10, 10, 
727: 10, 10, 10, 0, 0, 10, 2, 0, 10, 10, 10, 0, 0, 10, 0, 10, 0, 10, 0, 10, 0, 0, 10, 0, 10, 0, 0, 10, 0, 10, 10, 10, 17, 10, 0, 0, 0, 10, 0, 0, 0, 0, 10, 10, 10, 10, 10, 0, 10, 10, 0, 0, 10, 0, 10, 10, 10, 0, 10, 10, 10, 0, 10, 10, 0, 10, 10, 0, 10, 10, 0, 0, 0, 0, 10, 10, 0, 10, 0, 0, 10, 0, 0, 10, 10, 10, 0, 0, 0, 10, 10, 10, 0, 10, 0, 0, 0, 10, 0, 10, 0, 3, 0, 10, 19, 0, 10, 10, 0, 0, 0, 0, 10, 0, 0, 0, 10, 10, 10, 10, : 10, 10, 10, 10, 2, 10, 10, 10, 10, 10, 10, 10, 10, 10, 10, 10, 10, 10, 17, 10, 10, 10, 10, 10, 10, 10, 10, 10, 10, 10, 10, 10, 10, 10, 10, 10, 10, 10, 10, 10, 10, 10, 10, 10, 10, 10, 10, 10, 10, 10, 10, 10, 10, 10, 3, 10, 19, 10, 10, 10, 10, 10, 10, 10, 
451: 1, 0, 0, 0, 0, 0, 10, 10, 10, 3, 0, 0, 1, 10, 0, 10, 0, 0, 10, 10, 0, 10, 0, 0, 0, 0, 0, 10, 10, 0, 10, 10, 10, 0, 10, 10, 0, 0, 0, 0, 0, 0, 0, 10, 10, 0, 0, 10, 10, 0, 0, 0, 10, 10, 10, 10, 0, 0, 15, 10, 0, 0, 0, 0, 10, 0, 0, 10, 10, 10, 10, 0, 0, 0, 0, 0, 16, 0, 0, 0, 0, 17, 10, 0, 10, 0, 10, 10, 0, 10, 10, 2, 10, 10, 0, 10, 0, 10, 0, 0, 10, 0, 0, 0, 10, 10, 10, 0, 0, 0, 0, 10, 10, 0, 7, 0, 0, 1, 0, 0, : 1, 10, 10, 10, 3, 1, 10, 10, 10, 10, 10, 10, 10, 10, 10, 10, 10, 10, 10, 10, 10, 10, 10, 10, 10, 10, 15, 10, 10, 10, 10, 10, 10, 16, 17, 10, 10, 10, 10, 10, 10, 2, 10, 10, 10, 10, 10, 10, 10, 10, 10, 10, 7, 1, 
393: 0, 0, 0, 10, 10, 0, 10, 10, 0, 10, 10, 10, 0, 10, 10, 10, 0, 0, 10, 0, 0, 10, 10, 10, 0, 10, 0, 10, 0, 15, 10, 10, 10, 10, 0, 10, 0, 10, 10, 0, 0, 5, 10, 0, 10, 10, 0, 0, 0, 10, 0, 0, 10, 0, 0, 0, 10, 10, 0, 0, 10, 10, 10, 0, 0, 10, 0, 10, 10, 0, 10, 10, 0, 10, 10, 0, 0, 3, 0, 10, 10, 10, 0, 0, 1, 0, 10, 10, 10, 0, 10, 0, 10, 0, 0, 0, 10, 10, 0, 0, 1, 10, 10, 0, 0, 10, 0, 0, 0, 10, 10, 10, 10, 0, 0, 0, 10, 0, 10, 0, : 10, 10, 10, 10, 10, 10, 10, 10, 10, 10, 10, 10, 10, 10, 10, 10, 15, 10, 10, 10, 10, 10, 10, 10, 5, 10, 10, 10, 10, 10, 10, 10, 10, 10, 10, 10, 10, 10, 10, 10, 10, 10, 3, 10, 10, 10, 1, 10, 10, 10, 10, 10, 10, 10, 1, 10, 10, 10, 10, 10, 10, 10, 10, 10, 
247: 0, 10, 10, 0, 10, 10, 0, 0, 0, 10, 10, 10, 0, 10, 10, 10, 10, 0, 10, 10, 0, 10, 10, 10, 0, 0, 0, 0, 0, 0, 10, 0, 0, 0, 10, 0, 10, 0, 10, 10, 0, 10, 10, 0, 10, 10, 0, 10, 0, 10, 10, 1, 0, 0, 10, 0, 10, 10, 0, 10, 10, 0, 0, 0, 10, 0, 10, 0, 0, 0, 0, 10, 10, 0, 10, 10, 10, 0, 0, 0, 0, 10, 0, 10, 10, 3, 10, 10, 10, 0, 0, 10, 10, 10, 10, 0, 10, 0, 0, 10, 0, 0, 10, 0, 10, 10, 0, 10, 6, 10, 0, 0, 10, 0, 0, 10, 10, 10, 10, 10, : 10, 10, 10, 10, 10, 10, 10, 10, 10, 10, 10, 10, 10, 10, 10, 10, 10, 10, 10, 10, 10, 10, 10, 10, 10, 10, 10, 10, 1, 10, 10, 10, 10, 10, 10, 10, 10, 10, 10, 10, 10, 10, 10, 10, 3, 10, 10, 10, 10, 10, 10, 10, 10, 10, 10, 10, 10, 10, 6, 10, 10, 10, 10, 10, 10, 10, 
112: 0, 10, 0, 10, 0, 0, 0, 0, 10, 0, 0, 10, 10, 0, 0, 10, 10, 0, 0, 10, 0, 0, 0, 0, 10, 10, 0, 0, 0, 10, 0, 10, 0, 0, 0, 10, 10, 10, 10, 0, 0, 10, 0, 0, 0, 10, 0, 10, 10, 0, 10, 0, 10, 0, 10, 0, 10, 10, 10, 0, 0, 0, 0, 0, 10, 0, 0, 10, 0, 10, 0, 0, 10, 0, 0, 2, 10, 10, 10, 10, 10, 10, 0, 0, 0, 0, 0, 10, 0, 10, 10, 0, 0, 0, 0, 10, 0, 0, 10, 10, 10, 10, 10, 10, 0, 10, 10, 10, 10, 10, 10, 0, 0, 0, 10, 10, 10, 0, 0, 0, : 10, 10, 10, 10, 10, 10, 10, 10, 10, 10, 10, 10, 10, 10, 10, 10, 10, 10, 10, 10, 10, 10, 10, 10, 10, 10, 10, 10, 10, 10, 2, 10, 10, 10, 10, 10, 10, 10, 10, 10, 10, 10, 10, 10, 10, 10, 10, 10, 10, 10, 10, 10, 10, 10, 10, 10, 
780: 0, 11, 10, 10, 10, 9, 0, 10, 10, 10, 0, 0, 10, 10, 7, 10, 5, 0, 10, 10, 10, 4, 10, 0, 10, 10, 0, 10, 10, 0, 0, 10, 10, 10, 0, 10, 0, 0, 0, 10, 0, 0, 0, 10, 0, 10, 10, 10, 0, 10, 10, 10, 10, 0, 0, 0, 10, 10, 0, 10, 0, 0, 0, 10, 0, 0, 0, 10, 10, 10, 10, 0, 0, 0, 0, 10, 0, 10, 10, 0, 10, 0, 10, 0, 10, 10, 0, 10, 10, 10, 0, 0, 10, 10, 0, 0, 10, 0, 0, 10, 10, 0, 0, 10, 0, 0, 10, 10, 10, 0, 0, 10, 10, 0, 10, 0, 0, 10, 10, 10, : 11, 10, 10, 10, 9, 10, 10, 10, 10, 10, 7, 10, 5, 10, 10, 10, 4, 10, 10, 10, 10, 10, 10, 10, 10, 10, 10, 10, 10, 10, 10, 10, 10, 10, 10, 10, 10, 10, 10, 10, 10, 10, 10, 10, 10, 10, 10, 10, 10, 10, 10, 10, 10, 10, 10, 10, 10, 10, 10, 10, 10, 10, 10, 10, 10, 10, 10, 10, 
398: 10, 10, 10, 10, 10, 0, 0, 0, 0, 0, 0, 10, 0, 10, 0, 0, 10, 10, 0, 10, 10, 10, 0, 10, 10, 10, 0, 0, 10, 10, 0, 0, 0, 0, 0, 10, 0, 10, 0, 0, 10, 0, 10, 0, 10, 10, 0, 10, 10, 0, 10, 10, 4, 10, 10, 0, 0, 0, 0, 10, 10, 0, 1, 0, 0, 10, 0, 0, 15, 10, 0, 10, 10, 0, 10, 0, 10, 10, 0, 10, 10, 0, 10, 0, 10, 0, 0, 10, 10, 0, 0, 0, 0, 10, 10, 0, 10, 2, 10, 10, 0, 0, 0, 10, 10, 0, 0, 10, 0, 10, 0, 0, 0, 0, 0, 0, 10, 0, 10, 0, : 10, 10, 10, 10, 10, 10, 10, 10, 10, 10, 10, 10, 10, 10, 10, 10, 10, 10, 10, 10, 10, 10, 10, 10, 10, 10, 10, 4, 10, 10, 10, 10, 1, 10, 15, 10, 10, 10, 10, 10, 10, 10, 10, 10, 10, 10, 10, 10, 10, 10, 2, 10, 10, 10, 10, 10, 10, 10, 10, 
239: 10, 10, 10, 0, 10, 10, 10, 0, 10, 0, 0, 0, 10, 10, 10, 10, 10, 10, 10, 0, 10, 0, 0, 0, 0, 0, 0, 10, 1, 0, 10, 0, 15, 10, 10, 10, 10, 1, 10, 4, 0, 0, 0, 0, 0, 10, 10, 10, 0, 0, 10, 0, 10, 0, 10, 10, 10, 10, 0, 0, 0, 0, 10, 10, 0, 10, 10, 1, 0, 0, 10, 0, 10, 0, 0, 10, 0, 10, 10, 0, 10, 0, 10, 10, 10, 10, 0, 10, 0, 0, 0, 0, 10, 0, 0, 0, 0, 10, 10, 10, 0, 0, 0, 0, 10, 10, 10, 10, 10, 10, 10, 10, 10, 0, 10, 10, 0, 10, 10, 10, : 10, 10, 10, 10, 10, 10, 10, 10, 10, 10, 10, 10, 10, 10, 10, 10, 1, 10, 15, 10, 10, 10, 10, 1, 10, 4, 10, 10, 10, 10, 10, 10, 10, 10, 10, 10, 10, 10, 10, 1, 10, 10, 10, 10, 10, 10, 10, 10, 10, 10, 10, 10, 10, 10, 10, 10, 10, 10, 10, 10, 10, 10, 10, 10, 10, 10, 10, 10, 10, 
761: 10, 10, 0, 10, 0, 0, 0, 10, 10, 0, 0, 10, 10, 10, 0, 0, 1, 0, 10, 10, 0, 0, 0, 10, 0, 10, 10, 0, 0, 10, 0, 10, 0, 0, 0, 10, 0, 10, 0, 10, 0, 10, 0, 10, 10, 0, 10, 0, 0, 10, 0, 10, 10, 0, 0, 0, 0, 10, 10, 10, 10, 0, 10, 10, 0, 0, 0, 10, 10, 0, 0, 10, 0, 10, 0, 0, 1, 10, 0, 0, 10, 10, 0, 10, 0, 0, 10, 10, 10, 10, 10, 0, 0, 10, 10, 10, 0, 0, 10, 10, 1, 10, 10, 10, 0, 10, 10, 0, 0, 10, 10, 0, 10, 0, 10, 10, 10, 10, 10, 0, : 10, 10, 10, 10, 10, 10, 10, 10, 1, 10, 10, 10, 10, 10, 10, 10, 10, 10, 10, 10, 10, 10, 10, 10, 10, 10, 10, 10, 10, 10, 10, 10, 10, 10, 10, 10, 1, 10, 10, 10, 10, 10, 10, 10, 10, 10, 10, 10, 10, 10, 10, 1, 10, 10, 10, 10, 10, 10, 10, 10, 10, 10, 10, 10, 10, 
684: 0, 0, 10, 10, 1, 0, 10, 0, 0, 10, 10, 10, 0, 10, 0, 0, 0, 10, 10, 0, 0, 10, 0, 10, 0, 10, 10, 10, 0, 0, 0, 0, 3, 0, 0, 10, 0, 10, 0, 0, 0, 0, 10, 10, 0, 4, 0, 0, 0, 10, 10, 0, 0, 10, 0, 10, 10, 10, 0, 10, 0, 10, 10, 0, 0, 0, 0, 0, 0, 0, 10, 0, 10, 0, 10, 10, 0, 10, 0, 10, 7, 0, 0, 10, 0, 10, 0, 10, 0, 10, 0, 0, 0, 10, 10, 7, 10, 0, 10, 0, 10, 0, 10, 10, 10, 0, 10, 10, 1, 10, 0, 10, 10, 0, 0, 10, 10, 0, 0, 10, : 10, 10, 1, 10, 10, 10, 10, 10, 10, 10, 10, 10, 10, 10, 10, 3, 10, 10, 10, 10, 4, 10, 10, 10, 10, 10, 10, 10, 10, 10, 10, 10, 10, 10, 10, 10, 7, 10, 10, 10, 10, 10, 10, 7, 10, 10, 10, 10, 10, 10, 10, 10, 1, 10, 10, 10, 10, 10, 10, 
299: 10, 0, 0, 0, 10, 10, 0, 0, 0, 0, 0, 0, 10, 10, 10, 10, 0, 10, 0, 10, 10, 0, 10, 10, 10, 0, 10, 0, 10, 10, 0, 10, 0, 0, 0, 10, 10, 10, 0, 10, 10, 10, 0, 0, 0, 7, 0, 0, 0, 0, 10, 10, 10, 10, 0, 0, 10, 10, 10, 0, 0, 10, 0, 10, 10, 0, 0, 10, 10, 3, 10, 10, 0, 0, 0, 0, 0, 0, 10, 10, 10, 0, 10, 10, 10, 0, 10, 10, 0, 0, 10, 0, 10, 0, 0, 0, 10, 0, 10, 10, 10, 0, 0, 0, 0, 0, 10, 0, 10, 10, 10, 0, 10, 10, 10, 0, 10, 10, 10, 10, : 10, 10, 10, 10, 10, 10, 10, 10, 10, 10, 10, 10, 10, 10, 10, 10, 10, 10, 10, 10, 10, 10, 10, 7, 10, 10, 10, 10, 10, 10, 10, 10, 10, 10, 10, 10, 3, 10, 10, 10, 10, 10, 10, 10, 10, 10, 10, 10, 10, 10, 10, 10, 10, 10, 10, 10, 10, 10, 10, 10, 10, 10, 10, 10, 
660: 0, 10, 10, 10, 0, 0, 0, 10, 10, 0, 0, 0, 10, 0, 10, 0, 0, 10, 10, 3, 1, 10, 0, 0, 5, 10, 0, 0, 0, 0, 0, 10, 10, 1, 10, 0, 0, 10, 0, 10, 0, 0, 10, 10, 10, 0, 0, 10, 10, 0, 10, 10, 0, 10, 0, 10, 10, 10, 0, 0, 0, 10, 0, 10, 10, 0, 0, 10, 10, 0, 10, 10, 10, 0, 0, 0, 0, 0, 0, 10, 10, 10, 10, 10, 0, 10, 10, 10, 12, 0, 0, 0, 10, 20, 0, 10, 0, 10, 10, 10, 10, 0, 0, 0, 0, 0, 10, 10, 0, 0, 10, 10, 10, 10, 10, 10, 0, 10, 10, 0, : 10, 10, 10, 10, 10, 10, 10, 10, 10, 3, 1, 10, 5, 10, 10, 10, 1, 10, 10, 10, 10, 10, 10, 10, 10, 10, 10, 10, 10, 10, 10, 10, 10, 10, 10, 10, 10, 10, 10, 10, 10, 10, 10, 10, 10, 10, 10, 12, 10, 20, 10, 10, 10, 10, 10, 10, 10, 10, 10, 10, 10, 10, 10, 10, 10, 
641: 0, 0, 10, 0, 0, 10, 0, 0, 0, 10, 10, 10, 0, 10, 10, 0, 10, 10, 10, 10, 10, 10, 10, 0, 10, 10, 10, 0, 10, 10, 10, 10, 0, 0, 10, 10, 0, 0, 0, 0, 10, 10, 10, 0, 10, 0, 10, 0, 0, 10, 0, 0, 10, 0, 0, 10, 0, 0, 10, 0, 10, 10, 10, 10, 10, 10, 10, 0, 10, 0, 0, 10, 0, 10, 10, 10, 0, 0, 0, 10, 10, 0, 10, 10, 14, 10, 10, 10, 0, 10, 10, 10, 0, 0, 0, 0, 0, 10, 10, 0, 10, 0, 0, 10, 10, 0, 10, 10, 0, 0, 0, 10, 10, 10, 0, 18, 0, 0, 0, 0, : 10, 10, 10, 10, 10, 10, 10, 10, 10, 10, 10, 10, 10, 10, 10, 10, 10, 10, 10, 10, 10, 10, 10, 10, 10, 10, 10, 10, 10, 10, 10, 10, 10, 10, 10, 10, 10, 10, 10, 10, 10, 10, 10, 10, 10, 10, 10, 10, 14, 10, 10, 10, 10, 10, 10, 10, 10, 10, 10, 10, 10, 10, 10, 10, 10, 18, 
90: 0, 10, 10, 10, 10, 0, 10, 10, 10, 10, 0, 0, 10, 0, 10, 0, 10, 0, 0, 0, 10, 0, 10, 0, 10, 3, 10, 0, 10, 0, 10, 0, 1, 10, 7, 2, 0, 10, 0, 10, 0, 0, 10, 10, 10, 0, 10, 10, 0, 10, 0, 10, 0, 0, 10, 0, 0, 1, 10, 0, 10, 0, 0, 0, 0, 10, 10, 10, 0, 10, 0, 10, 10, 1, 0, 10, 10, 10, 10, 0, 10, 9, 10, 0, 0, 10, 0, 10, 10, 10, 10, 10, 0, 0, 10, 10, 0, 10, 10, 10, 0, 0, 10, 10, 1, 10, 0, 0, 10, 10, 0, 10, 10, 10, 0, 10, 0, 10, 0, 0, : 10, 10, 10, 10, 10, 10, 10, 10, 10, 10, 10, 10, 10, 10, 3, 10, 10, 10, 1, 10, 7, 2, 10, 10, 10, 10, 10, 10, 10, 10, 10, 10, 1, 10, 10, 10, 10, 10, 10, 10, 10, 1, 10, 10, 10, 10, 10, 9, 10, 10, 10, 10, 10, 10, 10, 10, 10, 10, 10, 10, 10, 10, 1, 10, 10, 10, 10, 10, 10, 10, 10, 
323: 0, 5, 0, 0, 0, 0, 0, 10, 0, 0, 0, 0, 10, 10, 0, 10, 0, 10, 0, 10, 10, 10, 10, 0, 10, 0, 7, 0, 10, 10, 0, 10, 10, 0, 0, 0, 9, 10, 10, 0, 10, 10, 0, 0, 10, 10, 10, 0, 10, 0, 10, 0, 0, 10, 10, 10, 0, 0, 0, 0, 0, 10, 0, 0, 0, 0, 0, 0, 0, 0, 0, 10, 4, 10, 10, 0, 10, 0, 0, 0, 0, 10, 0, 10, 0, 0, 10, 10, 0, 10, 0, 11, 0, 10, 0, 10, 0, 0, 0, 10, 10, 0, 0, 10, 10, 10, 10, 3, 0, 0, 10, 0, 10, 0, 0, 10, 0, 10, 10, 10, : 5, 10, 10, 10, 10, 10, 10, 10, 10, 10, 10, 7, 10, 10, 10, 10, 9, 10, 10, 10, 10, 10, 10, 10, 10, 10, 10, 10, 10, 10, 10, 4, 10, 10, 10, 10, 10, 10, 10, 10, 11, 10, 10, 10, 10, 10, 10, 10, 10, 3, 10, 10, 10, 10, 10, 10, 
13: 10, 0, 10, 0, 0, 0, 10, 10, 10, 0, 10, 10, 10, 10, 0, 0, 0, 10, 0, 10, 10, 0, 0, 10, 0, 0, 0, 10, 0, 10, 0, 10, 10, 0, 10, 0, 0, 0, 0, 10, 10, 10, 10, 10, 10, 20, 0, 10, 10, 0, 10, 0, 0, 0, 10, 0, 0, 0, 3, 10, 10, 0, 10, 12, 0, 0, 10, 0, 10, 0, 10, 0, 10, 10, 10, 10, 0, 10, 0, 10, 0, 0, 10, 0, 10, 10, 0, 10, 10, 10, 0, 0, 0, 10, 10, 10, 0, 10, 5, 10, 0, 0, 0, 0, 10, 0, 10, 10, 0, 0, 0, 0, 0, 10, 0, 0, 10, 0, 10, 10, : 10, 10, 10, 10, 10, 10, 10, 10, 10, 10, 10, 10, 10, 10, 10, 10, 10, 10, 10, 10, 10, 10, 10, 10, 20, 10, 10, 10, 10, 3, 10, 10, 10, 12, 10, 10, 10, 10, 10, 10, 10, 10, 10, 10, 10, 10, 10, 10, 10, 10, 10, 10, 10, 5, 10, 10, 10, 10, 10, 10, 10, 10, 
529: 0, 10, 10, 0, 10, 10, 10, 0, 12, 10, 10, 10, 8, 10, 10, 10, 10, 10, 0, 10, 5, 0, 10, 0, 10, 0, 10, 0, 0, 0, 0, 10, 0, 10, 0, 0, 0, 10, 10, 10, 10, 10, 0, 0, 10, 0, 0, 10, 10, 10, 10, 10, 10, 10, 0, 10, 5, 10, 0, 10, 10, 10, 10, 0, 0, 10, 0, 10, 0, 0, 0, 10, 10, 0, 0, 0, 10, 0, 10, 10, 10, 10, 0, 0, 0, 0, 0, 0, 0, 0, 0, 0, 0, 0, 10, 10, 0, 0, 10, 10, 10, 10, 0, 0, 10, 10, 0, 10, 10, 0, 0, 10, 0, 10, 10, 0, 10, 0, 0, 0, : 10, 10, 10, 10, 10, 12, 10, 10, 10, 8, 10, 10, 10, 10, 10, 10, 5, 10, 10, 10, 10, 10, 10, 10, 10, 10, 10, 10, 10, 10, 10, 10, 10, 10, 10, 10, 5, 10, 10, 10, 10, 10, 10, 10, 10, 10, 10, 10, 10, 10, 10, 10, 10, 10, 10, 10, 10, 10, 10, 10, 10, 10, 10, 10, 10, 
715: 10, 0, 10, 10, 10, 10, 0, 0, 10, 0, 1, 0, 0, 0, 0, 0, 10, 0, 10, 10, 10, 0, 0, 10, 10, 10, 10, 10, 10, 10, 0, 0, 0, 0, 14, 10, 0, 0, 10, 10, 10, 0, 4, 10, 0, 0, 0, 10, 10, 10, 10, 0, 0, 0, 0, 10, 0, 0, 10, 0, 10, 0, 0, 0, 0, 10, 10, 0, 10, 10, 10, 0, 10, 10, 0, 10, 0, 0, 10, 0, 0, 10, 10, 0, 0, 0, 0, 0, 10, 0, 0, 10, 10, 10, 10, 0, 10, 10, 10, 0, 0, 10, 0, 0, 0, 0, 10, 0, 0, 0, 10, 0, 0, 10, 10, 10, 10, 4, 0, 10, : 10, 10, 10, 10, 10, 10, 1, 10, 10, 10, 10, 10, 10, 10, 10, 10, 10, 10, 14, 10, 10, 10, 10, 4, 10, 10, 10, 10, 10, 10, 10, 10, 10, 10, 10, 10, 10, 10, 10, 10, 10, 10, 10, 10, 10, 10, 10, 10, 10, 10, 10, 10, 10, 10, 10, 10, 10, 10, 4, 10, 
647: 10, 10, 0, 10, 10, 10, 10, 10, 7, 10, 10, 10, 2, 10, 2, 0, 0, 10, 10, 10, 0, 10, 10, 10, 10, 0, 0, 0, 10, 3, 0, 0, 10, 0, 0, 0, 0, 10, 10, 10, 0, 0, 0, 0, 0, 10, 10, 0, 0, 0, 10, 0, 0, 0, 10, 10, 10, 10, 0, 10, 10, 0, 0, 0, 10, 0, 10, 0, 0, 10, 10, 6, 10, 0, 10, 0, 10, 0, 10, 10, 0, 0, 0, 0, 1, 10, 0, 10, 0, 10, 0, 10, 10, 10, 0, 0, 10, 0, 1, 0, 10, 0, 10, 0, 0, 10, 2, 0, 10, 10, 0, 0, 0, 10, 10, 20, 0, 10, 0, 0, : 10, 10, 10, 10, 10, 10, 10, 7, 10, 10, 10, 2, 10, 2, 10, 10, 10, 10, 10, 10, 10, 10, 3, 10, 10, 10, 10, 10, 10, 10, 10, 10, 10, 10, 10, 10, 10, 10, 10, 10, 6, 10, 10, 10, 10, 10, 1, 10, 10, 10, 10, 10, 10, 10, 1, 10, 10, 10, 2, 10, 10, 10, 10, 20, 10, 
779: 0, 0, 10, 0, 0, 0, 10, 0, 10, 0, 0, 0, 0, 0, 0, 0, 10, 10, 10, 0, 10, 10, 0, 10, 0, 10, 0, 0, 0, 10, 10, 10, 0, 0, 10, 0, 0, 10, 6, 10, 10, 0, 0, 3, 10, 10, 0, 10, 0, 0, 12, 10, 0, 0, 10, 0, 10, 0, 0, 10, 0, 10, 0, 0, 10, 20, 10, 10, 0, 10, 10, 0, 10, 0, 0, 10, 0, 0, 10, 10, 0, 10, 0, 0, 0, 10, 10, 10, 0, 0, 10, 10, 10, 0, 10, 10, 2, 10, 0, 0, 13, 0, 0, 10, 10, 10, 10, 0, 0, 0, 0, 10, 10, 0, 10, 0, 0, 0, 10, 10, : 10, 10, 10, 10, 10, 10, 10, 10, 10, 10, 10, 10, 10, 10, 10, 6, 10, 10, 3, 10, 10, 10, 12, 10, 10, 10, 10, 10, 10, 20, 10, 10, 10, 10, 10, 10, 10, 10, 10, 10, 10, 10, 10, 10, 10, 10, 10, 2, 10, 13, 10, 10, 10, 10, 10, 10, 10, 10, 10, 
82: 10, 10, 0, 0, 0, 10, 10, 0, 10, 0, 0, 10, 0, 0, 0, 0, 10, 10, 10, 10, 10, 10, 0, 10, 10, 10, 10, 10, 1, 10, 0, 10, 0, 0, 0, 10, 10, 10, 0, 10, 10, 0, 0, 0, 10, 10, 0, 10, 10, 0, 0, 10, 10, 10, 0, 10, 0, 0, 1, 10, 0, 10, 10, 0, 0, 0, 10, 10, 0, 10, 0, 0, 0, 0, 0, 1, 10, 10, 0, 10, 0, 10, 10, 1, 10, 0, 10, 10, 10, 0, 0, 0, 0, 0, 10, 10, 10, 0, 0, 0, 0, 10, 0, 0, 10, 10, 10, 0, 0, 0, 10, 0, 0, 0, 10, 0, 10, 10, 10, 10, : 10, 10, 10, 10, 10, 10, 10, 10, 10, 10, 10, 10, 10, 10, 10, 10, 10, 1, 10, 10, 10, 10, 10, 10, 10, 10, 10, 10, 10, 10, 10, 10, 10, 1, 10, 10, 10, 10, 10, 10, 1, 10, 10, 10, 10, 10, 1, 10, 10, 10, 10, 10, 10, 10, 10, 10, 10, 10, 10, 10, 10, 10, 10, 10, 
177: 0, 0, 10, 10, 10, 0, 10, 0, 0, 10, 10, 10, 10, 0, 10, 10, 3, 0, 10, 10, 0, 10, 10, 10, 0, 0, 10, 10, 10, 10, 3, 10, 0, 0, 10, 0, 10, 10, 0, 0, 0, 10, 10, 10, 10, 0, 0, 0, 0, 10, 2, 0, 10, 0, 10, 0, 0, 10, 0, 0, 0, 10, 0, 10, 14, 1, 0, 10, 10, 10, 10, 0, 0, 0, 10, 10, 0, 0, 0, 10, 0, 0, 10, 0, 10, 0, 10, 10, 0, 10, 0, 14, 0, 10, 10, 0, 0, 10, 0, 0, 0, 10, 10, 0, 0, 10, 0, 0, 0, 10, 0, 19, 10, 10, 10, 0, 0, 10, 0, 10, : 10, 10, 10, 10, 10, 10, 10, 10, 10, 10, 3, 10, 10, 10, 10, 10, 10, 10, 10, 10, 3, 10, 10, 10, 10, 10, 10, 10, 10, 10, 2, 10, 10, 10, 10, 10, 14, 1, 10, 10, 10, 10, 10, 10, 10, 10, 10, 10, 10, 10, 14, 10, 10, 10, 10, 10, 10, 10, 19, 10, 10, 10, 10, 10, 
511: 10, 16, 0, 10, 0, 0, 0, 6, 10, 0, 10, 0, 0, 10, 0, 10, 0, 0, 0, 10, 10, 0, 0, 10, 0, 10, 10, 4, 10, 0, 0, 10, 10, 0, 10, 0, 0, 0, 10, 10, 10, 10, 10, 10, 10, 0, 10, 0, 10, 10, 0, 10, 0, 0, 0, 0, 0, 0, 0, 10, 0, 0, 10, 10, 0, 10, 10, 1, 10, 10, 0, 0, 0, 10, 0, 0, 10, 10, 1, 10, 10, 0, 1, 0, 0, 10, 0, 10, 10, 0, 0, 10, 10, 10, 10, 10, 0, 10, 10, 10, 0, 10, 0, 10, 0, 10, 0, 0, 10, 10, 10, 0, 0, 10, 10, 10, 0, 0, 0, 10, : 10, 16, 10, 6, 10, 10, 10, 10, 10, 10, 10, 10, 10, 4, 10, 10, 10, 10, 10, 10, 10, 10, 10, 10, 10, 10, 10, 10, 10, 10, 10, 10, 10, 10, 1, 10, 10, 10, 10, 10, 1, 10, 10, 1, 10, 10, 10, 10, 10, 10, 10, 10, 10, 10, 10, 10, 10, 10, 10, 10, 10, 10, 10, 10, 10, 
189: 10, 0, 0, 10, 0, 10, 10, 10, 0, 0, 19, 0, 0, 0, 0, 10, 10, 10, 10, 0, 0, 0, 0, 10, 0, 10, 10, 10, 0, 0, 10, 0, 0, 0, 10, 0, 0, 0, 0, 0, 10, 10, 0, 0, 10, 0, 0, 0, 0, 10, 10, 10, 0, 10, 10, 0, 0, 0, 10, 10, 0, 0, 0, 10, 10, 10, 10, 0, 0, 10, 0, 10, 10, 0, 10, 0, 10, 0, 0, 10, 0, 0, 0, 0, 0, 10, 3, 0, 10, 0, 0, 0, 0, 0, 10, 0, 10, 10, 0, 4, 10, 1, 10, 0, 4, 10, 10, 0, 10, 0, 10, 10, 10, 0, 10, 10, 0, 10, 10, 10, : 10, 10, 10, 10, 10, 19, 10, 10, 10, 10, 10, 10, 10, 10, 10, 10, 10, 10, 10, 10, 10, 10, 10, 10, 10, 10, 10, 10, 10, 10, 10, 10, 10, 10, 10, 10, 10, 3, 10, 10, 10, 10, 4, 10, 1, 10, 4, 10, 10, 10, 10, 10, 10, 10, 10, 10, 10, 10, 
51: 0, 0, 10, 10, 10, 0, 0, 0, 10, 10, 10, 0, 0, 0, 0, 10, 0, 0, 0, 10, 0, 10, 0, 0, 10, 0, 10, 10, 0, 0, 0, 10, 10, 10, 10, 0, 0, 0, 6, 0, 5, 0, 0, 10, 0, 0, 10, 0, 10, 10, 0, 0, 10, 10, 10, 10, 0, 10, 10, 10, 10, 10, 0, 1, 0, 10, 10, 0, 10, 10, 0, 10, 0, 10, 10, 0, 0, 10, 0, 0, 0, 0, 0, 0, 0, 10, 0, 10, 10, 0, 0, 10, 10, 10, 0, 10, 10, 0, 10, 10, 10, 10, 0, 10, 0, 0, 10, 10, 10, 10, 10, 0, 0, 0, 0, 0, 0, 0, 10, 0, : 10, 10, 10, 10, 10, 10, 10, 10, 10, 10, 10, 10, 10, 10, 10, 10, 6, 5, 10, 10, 10, 10, 10, 10, 10, 10, 10, 10, 10, 10, 10, 1, 10, 10, 10, 10, 10, 10, 10, 10, 10, 10, 10, 10, 10, 10, 10, 10, 10, 10, 10, 10, 10, 10, 10, 10, 10, 10, 10, 
437: 0, 10, 0, 0, 0, 0, 10, 10, 0, 0, 10, 10, 10, 10, 10, 5, 10, 0, 1, 0, 0, 10, 3, 0, 0, 2, 10, 10, 10, 10, 10, 10, 0, 10, 0, 0, 10, 0, 0, 0, 10, 0, 0, 10, 10, 0, 0, 10, 10, 10, 0, 0, 10, 10, 10, 0, 10, 0, 10, 0, 10, 10, 0, 0, 10, 0, 0, 0, 0, 0, 10, 10, 0, 10, 0, 10, 0, 10, 10, 0, 10, 10, 10, 0, 10, 0, 0, 7, 10, 20, 10, 0, 4, 0, 10, 0, 0, 0, 10, 10, 0, 0, 4, 0, 10, 10, 0, 10, 0, 10, 10, 10, 10, 0, 10, 10, 10, 0, 10, 0, : 10, 10, 10, 10, 10, 10, 10, 10, 5, 10, 1, 10, 3, 2, 10, 10, 10, 10, 10, 10, 10, 10, 10, 10, 10, 10, 10, 10, 10, 10, 10, 10, 10, 10, 10, 10, 10, 10, 10, 10, 10, 10, 10, 10, 10, 10, 7, 10, 20, 10, 4, 10, 10, 10, 4, 10, 10, 10, 10, 10, 10, 10, 10, 10, 10, 10, 
566: 2, 10, 0, 10, 0, 0, 2, 0, 0, 0, 10, 1, 0, 0, 0, 0, 10, 0, 10, 0, 10, 10, 10, 10, 0, 10, 10, 10, 10, 10, 0, 0, 10, 10, 10, 10, 0, 10, 10, 0, 10, 10, 0, 0, 10, 0, 9, 8, 5, 10, 0, 10, 10, 10, 10, 10, 0, 10, 10, 10, 10, 0, 0, 0, 10, 10, 10, 10, 10, 12, 10, 10, 0, 10, 1, 0, 0, 10, 10, 0, 10, 0, 10, 7, 10, 10, 0, 0, 0, 10, 10, 0, 10, 10, 10, 0, 0, 10, 0, 0, 0, 10, 10, 10, 10, 10, 0, 10, 0, 10, 10, 0, 10, 0, 10, 10, 0, 10, 10, 0, : 2, 10, 10, 2, 10, 1, 10, 10, 10, 10, 10, 10, 10, 10, 10, 10, 10, 10, 10, 10, 10, 10, 10, 10, 10, 10, 9, 8, 5, 10, 10, 10, 10, 10, 10, 10, 10, 10, 10, 10, 10, 10, 10, 10, 12, 10, 10, 10, 1, 10, 10, 10, 10, 7, 10, 10, 10, 10, 10, 10, 10, 10, 10, 10, 10, 10, 10, 10, 10, 10, 10, 10, 10, 10, 10, 
318: 0, 10, 0, 10, 10, 10, 10, 10, 10, 3, 10, 10, 0, 0, 0, 0, 0, 10, 0, 10, 10, 0, 0, 0, 0, 0, 0, 10, 10, 0, 10, 0, 0, 10, 10, 0, 0, 0, 10, 0, 0, 10, 10, 10, 0, 10, 10, 10, 0, 10, 2, 10, 0, 10, 10, 0, 0, 0, 10, 0, 0, 0, 10, 0, 0, 10, 0, 10, 10, 10, 10, 10, 0, 0, 10, 10, 10, 0, 0, 0, 10, 10, 10, 0, 0, 0, 10, 0, 10, 13, 1, 4, 10, 8, 10, 10, 10, 10, 0, 10, 0, 0, 18, 10, 0, 0, 0, 10, 9, 10, 0, 0, 0, 10, 10, 0, 10, 10, 0, 10, : 10, 10, 10, 10, 10, 10, 10, 3, 10, 10, 10, 10, 10, 10, 10, 10, 10, 10, 10, 10, 10, 10, 10, 10, 10, 10, 2, 10, 10, 10, 10, 10, 10, 10, 10, 10, 10, 10, 10, 10, 10, 10, 10, 10, 10, 10, 13, 1, 4, 10, 8, 10, 10, 10, 10, 10, 18, 10, 10, 9, 10, 10, 10, 10, 10, 10, 
271: 10, 0, 10, 10, 0, 0, 0, 0, 10, 0, 0, 10, 0, 10, 10, 0, 10, 10, 0, 10, 0, 0, 1, 10, 0, 10, 0, 10, 10, 0, 10, 10, 0, 10, 10, 10, 10, 0, 0, 0, 10, 10, 10, 0, 0, 10, 0, 10, 10, 0, 0, 0, 10, 10, 10, 0, 10, 10, 0, 10, 0, 0, 0, 0, 10, 0, 10, 10, 0, 10, 0, 10, 0, 0, 0, 10, 10, 10, 10, 0, 10, 0, 10, 0, 10, 0, 10, 10, 10, 10, 0, 0, 10, 10, 10, 10, 10, 10, 10, 0, 10, 10, 10, 0, 0, 0, 10, 0, 0, 0, 0, 0, 0, 10, 10, 10, 0, 0, 0, 10, : 10, 10, 10, 10, 10, 10, 10, 10, 10, 10, 1, 10, 10, 10, 10, 10, 10, 10, 10, 10, 10, 10, 10, 10, 10, 10, 10, 10, 10, 10, 10, 10, 10, 10, 10, 10, 10, 10, 10, 10, 10, 10, 10, 10, 10, 10, 10, 10, 10, 10, 10, 10, 10, 10, 10, 10, 10, 10, 10, 10, 10, 10, 10, 10, 
384: 10, 0, 10, 10, 10, 10, 10, 10, 10, 0, 10, 0, 0, 0, 10, 0, 10, 10, 10, 0, 0, 10, 20, 0, 0, 0, 10, 0, 0, 0, 10, 0, 10, 10, 10, 0, 0, 10, 0, 0, 0, 0, 10, 1, 0, 10, 0, 10, 10, 0, 10, 10, 10, 10, 14, 10, 0, 0, 10, 0, 10, 10, 0, 0, 10, 0, 10, 10, 10, 0, 10, 0, 10, 10, 10, 10, 10, 0, 0, 10, 0, 10, 10, 10, 10, 0, 10, 0, 10, 0, 10, 0, 0, 10, 0, 10, 10, 0, 0, 0, 10, 1, 10, 0, 10, 10, 0, 10, 0, 10, 10, 10, 0, 10, 0, 0, 10, 0, 0, 0, : 10, 10, 10, 10, 10, 10, 10, 10, 10, 10, 10, 10, 10, 10, 20, 10, 10, 10, 10, 10, 10, 10, 1, 10, 10, 10, 10, 10, 10, 10, 14, 10, 10, 10, 10, 10, 10, 10, 10, 10, 10, 10, 10, 10, 10, 10, 10, 10, 10, 10, 10, 10, 10, 10, 10, 10, 10, 1, 10, 10, 10, 10, 10, 10, 10, 10, 10, 
42: 10, 10, 0, 3, 10, 10, 10, 10, 0, 10, 0, 10, 10, 0, 10, 0, 0, 10, 10, 10, 10, 0, 10, 0, 10, 10, 0, 0, 0, 0, 10, 1, 10, 0, 10, 0, 10, 10, 0, 10, 10, 0, 0, 0, 0, 0, 10, 0, 10, 0, 10, 0, 10, 10, 1, 10, 10, 0, 10, 5, 0, 10, 0, 0, 10, 10, 0, 0, 0, 10, 10, 0, 10, 10, 10, 0, 0, 0, 0, 10, 0, 10, 10, 10, 10, 0, 10, 0, 0, 0, 10, 10, 10, 0, 10, 0, 10, 10, 10, 0, 0, 0, 0, 10, 10, 0, 0, 10, 10, 10, 0, 10, 0, 0, 10, 20, 10, 0, 10, 10, : 10, 10, 3, 10, 10, 10, 10, 10, 10, 10, 10, 10, 10, 10, 10, 10, 10, 10, 10, 1, 10, 10, 10, 10, 10, 10, 10, 10, 10, 10, 10, 1, 10, 10, 10, 5, 10, 10, 10, 10, 10, 10, 10, 10, 10, 10, 10, 10, 10, 10, 10, 10, 10, 10, 10, 10, 10, 10, 10, 10, 10, 10, 10, 10, 20, 10, 10, 10, 
283: 0, 10, 0, 10, 10, 10, 0, 10, 0, 10, 10, 10, 10, 10, 0, 0, 0, 0, 10, 0, 10, 10, 10, 10, 0, 0, 10, 0, 1, 0, 10, 10, 10, 10, 5, 10, 0, 10, 10, 10, 0, 10, 0, 10, 0, 0, 10, 0, 0, 0, 10, 0, 0, 0, 10, 0, 10, 0, 10, 0, 10, 10, 0, 10, 10, 0, 10, 10, 10, 0, 10, 0, 10, 10, 10, 0, 0, 10, 0, 10, 10, 0, 0, 10, 0, 0, 0, 0, 0, 0, 0, 10, 10, 0, 0, 10, 10, 10, 0, 8, 10, 0, 10, 0, 10, 0, 10, 0, 10, 10, 0, 10, 0, 10, 10, 0, 0, 10, 0, 10, : 10, 10, 10, 10, 10, 10, 10, 10, 10, 10, 10, 10, 10, 10, 10, 10, 1, 10, 10, 10, 10, 5, 10, 10, 10, 10, 10, 10, 10, 10, 10, 10, 10, 10, 10, 10, 10, 10, 10, 10, 10, 10, 10, 10, 10, 10, 10, 10, 10, 10, 10, 10, 10, 8, 10, 10, 10, 10, 10, 10, 10, 10, 10, 10, 10, 
411: 10, 0, 10, 10, 0, 10, 10, 10, 0, 0, 10, 10, 10, 11, 1, 10, 0, 10, 0, 0, 0, 0, 10, 0, 0, 10, 10, 10, 10, 0, 10, 0, 0, 0, 0, 0, 0, 2, 10, 0, 10, 0, 0, 0, 10, 0, 10, 0, 10, 10, 0, 0, 10, 0, 10, 0, 0, 0, 0, 0, 0, 0, 10, 0, 0, 10, 10, 10, 10, 0, 0, 10, 0, 10, 10, 10, 0, 0, 10, 0, 10, 0, 0, 7, 0, 0, 0, 0, 0, 10, 10, 0, 10, 0, 10, 0, 10, 10, 10, 0, 10, 10, 0, 0, 0, 0, 17, 0, 0, 0, 0, 10, 0, 0, 0, 0, 0, 0, 10, 0, : 10, 10, 10, 10, 10, 10, 10, 10, 10, 11, 1, 10, 10, 10, 10, 10, 10, 10, 10, 2, 10, 10, 10, 10, 10, 10, 10, 10, 10, 10, 10, 10, 10, 10, 10, 10, 10, 10, 10, 7, 10, 10, 10, 10, 10, 10, 10, 10, 10, 17, 10, 10, 
457: 13, 0, 0, 10, 10, 0, 10, 10, 0, 0, 0, 0, 10, 10, 0, 10, 0, 0, 0, 0, 10, 0, 10, 10, 0, 0, 0, 10, 0, 10, 0, 0, 10, 10, 0, 0, 10, 0, 0, 10, 0, 10, 0, 0, 10, 10, 0, 0, 0, 0, 0, 0, 10, 0, 0, 0, 10, 10, 10, 10, 0, 0, 10, 10, 0, 2, 0, 10, 0, 10, 10, 10, 0, 10, 10, 0, 10, 10, 10, 10, 0, 10, 0, 10, 0, 10, 1, 0, 10, 0, 10, 0, 10, 10, 2, 0, 10, 0, 10, 0, 10, 0, 0, 0, 0, 5, 0, 0, 10, 10, 10, 10, 0, 10, 0, 10, 10, 0, 0, 10, : 13, 10, 10, 10, 10, 10, 10, 10, 10, 10, 10, 10, 10, 10, 10, 10, 10, 10, 10, 10, 10, 10, 10, 10, 10, 10, 10, 2, 10, 10, 10, 10, 10, 10, 10, 10, 10, 10, 10, 10, 10, 1, 10, 10, 10, 10, 2, 10, 10, 10, 5, 10, 10, 10, 10, 10, 10, 10, 10, 
446: 0, 0, 10, 0, 10, 0, 0, 0, 0, 10, 5, 0, 0, 0, 10, 10, 0, 0, 0, 10, 10, 10, 10, 0, 10, 0, 0, 0, 0, 0, 10, 0, 0, 10, 10, 10, 10, 0, 0, 19, 10, 0, 10, 0, 0, 10, 10, 10, 10, 10, 0, 10, 0, 10, 0, 0, 0, 10, 1, 0, 10, 0, 10, 10, 0, 10, 0, 10, 10, 0, 10, 10, 0, 0, 0, 10, 0, 0, 0, 10, 0, 10, 0, 0, 0, 0, 10, 10, 0, 10, 10, 0, 0, 10, 0, 0, 10, 10, 0, 0, 10, 10, 0, 0, 10, 10, 10, 0, 0, 10, 0, 10, 2, 0, 10, 10, 0, 10, 10, 10, : 10, 10, 10, 5, 10, 10, 10, 10, 10, 10, 10, 10, 10, 10, 10, 10, 19, 10, 10, 10, 10, 10, 10, 10, 10, 10, 10, 1, 10, 10, 10, 10, 10, 10, 10, 10, 10, 10, 10, 10, 10, 10, 10, 10, 10, 10, 10, 10, 10, 10, 10, 10, 10, 2, 10, 10, 10, 10, 10, 
397: 10, 0, 10, 10, 10, 0, 10, 0, 10, 10, 10, 0, 10, 10, 0, 10, 10, 0, 0, 10, 10, 10, 10, 0, 0, 0, 0, 10, 0, 0, 0, 10, 0, 10, 0, 0, 10, 10, 0, 0, 10, 10, 0, 0, 0, 0, 0, 10, 0, 0, 0, 10, 10, 10, 0, 10, 0, 0, 0, 10, 0, 10, 10, 10, 0, 0, 10, 0, 0, 0, 0, 10, 10, 10, 0, 0, 0, 0, 0, 10, 10, 10, 10, 10, 10, 8, 0, 0, 0, 10, 0, 0, 0, 10, 10, 10, 0, 10, 10, 10, 10, 10, 0, 0, 0, 0, 0, 0, 10, 10, 10, 0, 10, 3, 0, 0, 10, 10, 0, 0, : 10, 10, 10, 10, 10, 10, 10, 10, 10, 10, 10, 10, 10, 10, 10, 10, 10, 10, 10, 10, 10, 10, 10, 10, 10, 10, 10, 10, 10, 10, 10, 10, 10, 10, 10, 10, 10, 10, 10, 10, 10, 10, 8, 10, 10, 10, 10, 10, 10, 10, 10, 10, 10, 10, 10, 10, 3, 10, 10, 
599: 10, 10, 0, 10, 10, 10, 0, 0, 10, 0, 0, 0, 10, 18, 10, 0, 10, 0, 10, 0, 10, 0, 10, 10, 0, 0, 10, 0, 0, 10, 10, 10, 1, 10, 10, 0, 10, 0, 10, 0, 10, 10, 10, 0, 0, 10, 0, 0, 0, 0, 10, 10, 0, 0, 0, 10, 0, 10, 1, 10, 10, 10, 0, 0, 10, 8, 0, 0, 0, 0, 10, 10, 11, 10, 10, 0, 10, 0, 0, 10, 10, 10, 0, 10, 0, 0, 0, 0, 0, 10, 10, 0, 0, 1, 10, 10, 0, 10, 10, 0, 0, 0, 10, 10, 0, 10, 10, 10, 0, 0, 0, 0, 0, 10, 0, 10, 10, 0, 0, 10, : 10, 10, 10, 10, 10, 10, 10, 18, 10, 10, 10, 10, 10, 10, 10, 10, 10, 10, 1, 10, 10, 10, 10, 10, 10, 10, 10, 10, 10, 10, 10, 1, 10, 10, 10, 10, 8, 10, 10, 11, 10, 10, 10, 10, 10, 10, 10, 10, 10, 1, 10, 10, 10, 10, 10, 10, 10, 10, 10, 10, 10, 10, 10, 
225: 10, 10, 10, 0, 10, 0, 0, 10, 10, 0, 10, 0, 0, 10, 0, 0, 10, 0, 0, 10, 0, 0, 0, 0, 10, 0, 10, 10, 10, 10, 10, 10, 10, 0, 0, 10, 0, 0, 0, 0, 0, 10, 0, 10, 0, 10, 10, 0, 0, 10, 0, 10, 0, 0, 0, 10, 0, 10, 10, 0, 10, 10, 10, 0, 10, 10, 0, 10, 10, 10, 10, 10, 10, 0, 10, 10, 10, 0, 10, 1, 10, 0, 0, 0, 0, 10, 0, 0, 10, 10, 10, 10, 0, 0, 10, 0, 0, 10, 0, 0, 0, 10, 10, 0, 0, 10, 0, 10, 10, 0, 10, 10, 0, 0, 10, 0, 10, 10, 0, 10, : 10, 10, 10, 10, 10, 10, 10, 10, 10, 10, 10, 10, 10, 10, 10, 10, 10, 10, 10, 10, 10, 10, 10, 10, 10, 10, 10, 10, 10, 10, 10, 10, 10, 10, 10, 10, 10, 10, 10, 10, 10, 10, 10, 1, 10, 10, 10, 10, 10, 10, 10, 10, 10, 10, 10, 10, 10, 10, 10, 10, 10, 10, 10, 
23: 10, 10, 0, 0, 10, 10, 0, 10, 10, 0, 0, 10, 10, 10, 10, 0, 10, 0, 10, 1, 0, 10, 0, 0, 10, 0, 10, 10, 20, 0, 0, 0, 10, 10, 10, 0, 16, 5, 10, 10, 10, 0, 10, 10, 0, 10, 0, 0, 0, 0, 0, 0, 0, 10, 0, 0, 1, 10, 10, 0, 10, 0, 10, 4, 10, 10, 0, 0, 0, 0, 0, 0, 0, 0, 10, 10, 0, 10, 0, 10, 10, 2, 0, 10, 10, 10, 10, 10, 0, 0, 10, 0, 10, 0, 10, 1, 10, 10, 0, 0, 10, 10, 0, 10, 10, 0, 10, 10, 1, 10, 10, 1, 10, 0, 10, 0, 0, 0, 0, 5, : 10, 10, 10, 10, 10, 10, 10, 10, 10, 10, 10, 10, 1, 10, 10, 10, 10, 20, 10, 10, 10, 16, 5, 10, 10, 10, 10, 10, 10, 10, 1, 10, 10, 10, 10, 4, 10, 10, 10, 10, 10, 10, 10, 2, 10, 10, 10, 10, 10, 10, 10, 10, 1, 10, 10, 10, 10, 10, 10, 10, 10, 1, 10, 10, 1, 10, 10, 5, 
713: 0, 0, 1, 0, 0, 10, 10, 0, 10, 0, 0, 10, 10, 10, 10, 0, 0, 0, 0, 10, 1, 10, 0, 0, 0, 0, 10, 0, 10, 10, 0, 0, 0, 10, 0, 0, 10, 0, 0, 10, 0, 0, 10, 10, 10, 10, 0, 0, 10, 0, 10, 0, 0, 0, 0, 10, 10, 0, 10, 0, 10, 0, 19, 0, 0, 10, 10, 3, 0, 0, 0, 0, 10, 10, 0, 0, 0, 0, 0, 0, 10, 10, 10, 10, 10, 0, 10, 0, 2, 10, 10, 10, 0, 10, 0, 10, 0, 0, 2, 0, 10, 0, 10, 10, 0, 0, 10, 0, 10, 0, 10, 10, 10, 3, 0, 10, 0, 10, 0, 10, : 1, 10, 10, 10, 10, 10, 10, 10, 10, 1, 10, 10, 10, 10, 10, 10, 10, 10, 10, 10, 10, 10, 10, 10, 10, 10, 10, 19, 10, 10, 3, 10, 10, 10, 10, 10, 10, 10, 10, 2, 10, 10, 10, 10, 10, 2, 10, 10, 10, 10, 10, 10, 10, 10, 3, 10, 10, 10, 
623: 4, 0, 3, 0, 0, 10, 0, 19, 0, 10, 0, 0, 10, 10, 0, 10, 0, 10, 0, 0, 10, 0, 10, 0, 10, 10, 10, 10, 10, 0, 10, 0, 0, 0, 0, 0, 0, 0, 10, 10, 0, 10, 10, 10, 10, 0, 0, 10, 10, 10, 0, 1, 0, 10, 10, 0, 0, 10, 10, 10, 10, 0, 10, 14, 10, 10, 0, 0, 0, 0, 0, 0, 0, 0, 10, 10, 0, 10, 0, 10, 0, 0, 0, 0, 10, 0, 1, 0, 10, 2, 0, 10, 0, 10, 10, 10, 0, 0, 10, 0, 0, 10, 10, 0, 10, 10, 0, 0, 0, 0, 10, 10, 10, 10, 10, 10, 10, 0, 10, 0, : 4, 3, 10, 19, 10, 10, 10, 10, 10, 10, 10, 10, 10, 10, 10, 10, 10, 10, 10, 10, 10, 10, 10, 10, 10, 10, 1, 10, 10, 10, 10, 10, 10, 10, 14, 10, 10, 10, 10, 10, 10, 10, 1, 10, 2, 10, 10, 10, 10, 10, 10, 10, 10, 10, 10, 10, 10, 10, 10, 10, 10, 10, 
480: 0, 0, 0, 0, 10, 0, 0, 10, 0, 0, 10, 0, 1, 0, 10, 10, 10, 0, 0, 10, 0, 10, 10, 4, 10, 10, 10, 10, 10, 0, 0, 10, 0, 0, 0, 10, 10, 0, 0, 0, 0, 10, 10, 0, 5, 0, 0, 5, 10, 10, 10, 10, 0, 10, 0, 10, 0, 10, 0, 10, 0, 0, 10, 10, 10, 0, 8, 10, 10, 10, 10, 0, 10, 10, 0, 10, 10, 10, 10, 0, 10, 10, 0, 10, 0, 0, 0, 0, 4, 0, 0, 10, 10, 0, 10, 0, 10, 10, 0, 10, 0, 10, 0, 10, 10, 10, 0, 0, 0, 10, 0, 10, 10, 0, 10, 0, 10, 10, 0, 0, : 10, 10, 10, 1, 10, 10, 10, 10, 10, 10, 4, 10, 10, 10, 10, 10, 10, 10, 10, 10, 10, 5, 5, 10, 10, 10, 10, 10, 10, 10, 10, 10, 10, 10, 8, 10, 10, 10, 10, 10, 10, 10, 10, 10, 10, 10, 10, 10, 4, 10, 10, 10, 10, 10, 10, 10, 10, 10, 10, 10, 10, 10, 10, 10, 10, 
8: 4, 10, 10, 0, 10, 10, 10, 10, 0, 10, 0, 0, 10, 0, 10, 0, 10, 0, 0, 0, 10, 10, 10, 10, 10, 0, 0, 10, 10, 10, 0, 10, 10, 0, 0, 0, 10, 10, 10, 2, 10, 10, 0, 0, 0, 0, 10, 0, 0, 0, 0, 0, 10, 10, 0, 0, 10, 10, 0, 10, 0, 0, 0, 0, 0, 0, 10, 10, 0, 10, 10, 10, 10, 10, 10, 10, 0, 10, 0, 10, 0, 0, 10, 10, 10, 10, 0, 1, 10, 10, 10, 10, 10, 0, 0, 0, 0, 0, 1, 0, 10, 10, 10, 10, 10, 1, 0, 0, 0, 10, 0, 0, 13, 10, 0, 10, 10, 10, 10, 0, : 4, 10, 10, 10, 10, 10, 10, 10, 10, 10, 10, 10, 10, 10, 10, 10, 10, 10, 10, 10, 10, 10, 10, 10, 2, 10, 10, 10, 10, 10, 10, 10, 10, 10, 10, 10, 10, 10, 10, 10, 10, 10, 10, 10, 10, 10, 10, 10, 1, 10, 10, 10, 10, 10, 1, 10, 10, 10, 10, 10, 1, 10, 13, 10, 10, 10, 10, 10, 
587: 0, 0, 10, 1, 0, 0, 0, 10, 0, 10, 10, 10, 0, 0, 10, 10, 10, 10, 0, 0, 0, 0, 0, 0, 0, 0, 10, 0, 0, 7, 10, 0, 0, 0, 0, 10, 10, 10, 10, 0, 0, 10, 10, 0, 0, 8, 10, 0, 0, 0, 10, 0, 0, 0, 0, 10, 10, 0, 0, 10, 0, 10, 10, 10, 10, 10, 0, 10, 0, 10, 10, 8, 10, 10, 0, 0, 10, 10, 10, 0, 10, 1, 0, 10, 10, 10, 10, 0, 0, 0, 3, 10, 10, 0, 10, 0, 10, 0, 0, 0, 10, 0, 0, 10, 0, 10, 0, 0, 10, 10, 10, 10, 10, 0, 0, 0, 0, 10, 10, 0, : 10, 1, 10, 10, 10, 10, 10, 10, 10, 10, 10, 7, 10, 10, 10, 10, 10, 10, 10, 8, 10, 10, 10, 10, 10, 10, 10, 10, 10, 10, 10, 10, 10, 8, 10, 10, 10, 10, 10, 10, 1, 10, 10, 10, 10, 3, 10, 10, 10, 10, 10, 10, 10, 10, 10, 10, 10, 10, 10, 10, 
585: 10, 0, 10, 10, 0, 0, 0, 10, 0, 10, 0, 0, 5, 10, 10, 10, 0, 10, 2, 10, 10, 0, 0, 10, 10, 0, 0, 10, 0, 0, 10, 0, 0, 0, 0, 10, 10, 0, 10, 0, 0, 0, 0, 10, 0, 1, 10, 10, 10, 0, 10, 11, 0, 10, 0, 10, 10, 0, 0, 0, 0, 0, 10, 10, 10, 10, 10, 0, 2, 0, 1, 0, 10, 10, 0, 10, 0, 0, 8, 10, 10, 0, 10, 0, 0, 0, 10, 10, 10, 0, 10, 0, 0, 10, 0, 0, 0, 0, 0, 0, 10, 10, 0, 10, 0, 10, 10, 0, 0, 0, 0, 0, 0, 1, 3, 0, 10, 0, 0, 10, : 10, 10, 10, 10, 10, 5, 10, 10, 10, 10, 2, 10, 10, 10, 10, 10, 10, 10, 10, 10, 10, 1, 10, 10, 10, 10, 11, 10, 10, 10, 10, 10, 10, 10, 10, 2, 1, 10, 10, 10, 8, 10, 10, 10, 10, 10, 10, 10, 10, 10, 10, 10, 10, 10, 1, 3, 10, 10, 
691: 10, 0, 10, 11, 10, 10, 10, 0, 10, 10, 0, 10, 10, 10, 10, 10, 10, 0, 0, 10, 0, 0, 10, 0, 10, 10, 10, 0, 10, 0, 10, 0, 10, 10, 10, 10, 0, 0, 10, 10, 4, 0, 0, 13, 10, 4, 0, 10, 10, 0, 1, 10, 0, 10, 0, 10, 10, 0, 0, 10, 0, 10, 10, 10, 10, 10, 0, 0, 0, 10, 0, 10, 0, 10, 0, 0, 10, 2, 10, 10, 0, 10, 10, 10, 10, 10, 0, 0, 16, 0, 10, 10, 0, 0, 0, 0, 10, 10, 0, 10, 10, 10, 10, 0, 10, 0, 10, 0, 0, 7, 10, 10, 0, 0, 0, 0, 10, 10, 0, 0, : 10, 10, 11, 10, 10, 10, 10, 10, 10, 10, 10, 10, 10, 10, 10, 10, 10, 10, 10, 10, 10, 10, 10, 10, 10, 10, 10, 4, 13, 10, 4, 10, 10, 1, 10, 10, 10, 10, 10, 10, 10, 10, 10, 10, 10, 10, 10, 10, 2, 10, 10, 10, 10, 10, 10, 10, 16, 10, 10, 10, 10, 10, 10, 10, 10, 10, 10, 7, 10, 10, 10, 10, 
741: 10, 10, 0, 10, 10, 10, 10, 10, 0, 0, 10, 10, 0, 0, 10, 10, 0, 5, 10, 10, 0, 10, 10, 10, 10, 0, 0, 10, 0, 0, 10, 10, 10, 10, 10, 10, 0, 0, 0, 10, 10, 10, 10, 0, 10, 10, 10, 10, 0, 0, 10, 10, 10, 10, 10, 0, 10, 0, 0, 0, 0, 10, 10, 10, 10, 0, 10, 0, 0, 10, 0, 0, 2, 0, 0, 10, 4, 10, 10, 0, 0, 0, 10, 0, 0, 0, 10, 0, 0, 10, 0, 10, 10, 10, 0, 10, 10, 0, 6, 0, 10, 0, 0, 10, 10, 0, 10, 0, 10, 7, 10, 10, 0, 10, 0, 0, 0, 10, 10, 10, : 10, 10, 10, 10, 10, 10, 10, 10, 10, 10, 10, 5, 10, 10, 10, 10, 10, 10, 10, 10, 10, 10, 10, 10, 10, 10, 10, 10, 10, 10, 10, 10, 10, 10, 10, 10, 10, 10, 10, 10, 10, 10, 10, 10, 10, 2, 10, 4, 10, 10, 10, 10, 10, 10, 10, 10, 10, 10, 6, 10, 10, 10, 10, 10, 7, 10, 10, 10, 10, 10, 10, 
543: 10, 0, 10, 10, 10, 0, 10, 0, 0, 10, 10, 10, 10, 10, 0, 0, 10, 0, 10, 10, 10, 0, 10, 0, 10, 10, 0, 0, 10, 10, 10, 0, 0, 0, 0, 10, 0, 0, 10, 10, 0, 10, 10, 14, 0, 10, 10, 0, 10, 10, 10, 10, 10, 0, 10, 10, 10, 0, 10, 0, 0, 0, 0, 10, 1, 0, 0, 10, 10, 0, 0, 1, 0, 0, 4, 10, 10, 10, 12, 10, 0, 10, 10, 10, 0, 0, 0, 10, 11, 10, 10, 0, 10, 10, 10, 0, 0, 0, 0, 10, 10, 0, 0, 10, 0, 10, 0, 10, 10, 0, 0, 0, 0, 10, 0, 0, 0, 0, 10, 10, : 10, 10, 10, 10, 10, 10, 10, 10, 10, 10, 10, 10, 10, 10, 10, 10, 10, 10, 10, 10, 10, 10, 10, 10, 10, 14, 10, 10, 10, 10, 10, 10, 10, 10, 10, 10, 10, 10, 1, 10, 10, 1, 4, 10, 10, 10, 12, 10, 10, 10, 10, 10, 11, 10, 10, 10, 10, 10, 10, 10, 10, 10, 10, 10, 10, 10, 10, 
545: 10, 0, 1, 10, 0, 0, 0, 0, 0, 0, 0, 0, 0, 0, 10, 0, 16, 10, 7, 0, 10, 0, 0, 0, 10, 0, 0, 0, 0, 10, 0, 10, 10, 0, 0, 0, 0, 0, 10, 0, 10, 0, 10, 0, 0, 10, 0, 0, 10, 10, 10, 0, 10, 0, 10, 10, 10, 0, 10, 0, 0, 0, 0, 0, 10, 10, 0, 0, 0, 10, 0, 0, 0, 0, 10, 10, 10, 10, 10, 0, 0, 10, 0, 0, 0, 10, 0, 0, 10, 0, 0, 10, 0, 0, 0, 0, 0, 10, 10, 10, 0, 10, 0, 0, 10, 0, 0, 10, 10, 0, 0, 0, 0, 10, 10, 0, 10, 0, 0, 0, : 10, 1, 10, 10, 16, 10, 7, 10, 10, 10, 10, 10, 10, 10, 10, 10, 10, 10, 10, 10, 10, 10, 10, 10, 10, 10, 10, 10, 10, 10, 10, 10, 10, 10, 10, 10, 10, 10, 10, 10, 10, 10, 10, 10, 10, 10, 
702: 0, 10, 0, 0, 0, 2, 10, 10, 0, 0, 0, 10, 0, 0, 10, 10, 0, 10, 0, 10, 0, 10, 10, 10, 10, 0, 0, 10, 0, 10, 2, 0, 0, 0, 10, 10, 0, 10, 0, 0, 0, 0, 10, 10, 10, 0, 10, 10, 0, 0, 10, 0, 10, 10, 0, 5, 10, 0, 10, 10, 0, 10, 0, 0, 0, 0, 10, 10, 10, 10, 14, 0, 8, 0, 19, 0, 10, 10, 10, 0, 0, 0, 10, 0, 10, 18, 10, 0, 10, 10, 0, 5, 10, 0, 10, 10, 0, 10, 10, 0, 10, 0, 10, 10, 10, 0, 10, 0, 0, 0, 10, 0, 10, 0, 10, 0, 10, 0, 10, 0, : 10, 2, 10, 10, 10, 10, 10, 10, 10, 10, 10, 10, 10, 10, 10, 2, 10, 10, 10, 10, 10, 10, 10, 10, 10, 10, 10, 5, 10, 10, 10, 10, 10, 10, 10, 10, 14, 8, 19, 10, 10, 10, 10, 10, 18, 10, 10, 10, 5, 10, 10, 10, 10, 10, 10, 10, 10, 10, 10, 10, 10, 10, 10, 10, 
40: 0, 10, 0, 0, 0, 10, 10, 0, 10, 0, 10, 10, 0, 0, 0, 0, 10, 10, 0, 0, 10, 0, 10, 10, 10, 10, 10, 0, 1, 0, 0, 10, 10, 13, 0, 0, 10, 10, 0, 10, 0, 10, 10, 0, 0, 0, 0, 10, 0, 10, 0, 10, 10, 10, 10, 10, 10, 0, 4, 0, 10, 0, 0, 19, 0, 10, 10, 0, 0, 0, 0, 0, 10, 0, 0, 10, 3, 10, 10, 0, 0, 10, 0, 10, 0, 10, 0, 0, 0, 10, 0, 0, 0, 0, 0, 10, 2, 10, 10, 10, 10, 15, 10, 3, 10, 10, 0, 0, 10, 0, 10, 10, 10, 10, 0, 10, 1, 10, 0, 10, : 10, 10, 10, 10, 10, 10, 10, 10, 10, 10, 10, 10, 10, 10, 1, 10, 10, 13, 10, 10, 10, 10, 10, 10, 10, 10, 10, 10, 10, 10, 10, 4, 10, 19, 10, 10, 10, 10, 3, 10, 10, 10, 10, 10, 10, 10, 2, 10, 10, 10, 10, 15, 10, 3, 10, 10, 10, 10, 10, 10, 10, 10, 1, 10, 10, 


594: 10, 10, 0, 0, 10, 0, 10, 10, 0, 1, 10, 10, 0, 10, 0, 10, 0, 0, 10, 10, 0, 10, 10, 10, 0, 0, 10, 10, 10, 0, 0, 0, 1, 0, 10, 0, 0, 0, 10, 0, 0, 10, 5, 10, 4, 0, 0, 0, 0, 0, 10, 0, 18, 10, 0, 0, 10, 0, 0, 10, 10, 10, 0, 10, 10, 0, 10, 10, 0, 0, 0, 10, 0, 0, 0, 0, 10, 3, 0, 10, 0, 0, 0, 0, 0, 0, 0, 0, 0, 0, 0, 10, 0, 0, 10, 0, 10, 10, 10, 10, 0, 0, 0, 10, 0, 10, 0, 0, 2, 10, 0, 0, 0, 10, 0, 0, 0, 10, 10, 0, : 10, 10, 10, 10, 10, 1, 10, 10, 10, 10, 10, 10, 10, 10, 10, 10, 10, 10, 1, 10, 10, 10, 5, 10, 4, 10, 18, 10, 10, 10, 10, 10, 10, 10, 10, 10, 10, 10, 3, 10, 10, 10, 10, 10, 10, 10, 10, 10, 2, 10, 10, 10, 10, 
251: 10, 0, 0, 0, 10, 10, 4, 0, 10, 0, 10, 0, 0, 10, 0, 10, 0, 10, 0, 0, 0, 0, 10, 0, 10, 0, 0, 10, 10, 0, 0, 10, 10, 10, 0, 10, 10, 10, 0, 10, 0, 0, 10, 10, 10, 10, 10, 0, 0, 10, 0, 10, 0, 10, 10, 10, 10, 0, 10, 10, 0, 0, 10, 10, 0, 10, 10, 0, 0, 2, 10, 0, 0, 0, 0, 10, 10, 0, 10, 0, 10, 0, 10, 0, 0, 0, 10, 0, 10, 0, 0, 0, 10, 10, 0, 10, 0, 0, 1, 10, 10, 10, 0, 0, 0, 10, 0, 0, 0, 10, 10, 0, 0, 10, 0, 10, 0, 10, 0, 10, : 10, 10, 10, 4, 10, 10, 10, 10, 10, 10, 10, 10, 10, 10, 10, 10, 10, 10, 10, 10, 10, 10, 10, 10, 10, 10, 10, 10, 10, 10, 10, 10, 10, 10, 10, 10, 10, 2, 10, 10, 10, 10, 10, 10, 10, 10, 10, 10, 10, 1, 10, 10, 10, 10, 10, 10, 10, 10, 10, 10, 
291: 0, 0, 0, 10, 0, 0, 10, 0, 0, 0, 0, 0, 10, 0, 0, 10, 0, 10, 0, 0, 1, 10, 0, 10, 0, 0, 0, 10, 0, 10, 0, 10, 0, 10, 10, 10, 10, 10, 0, 10, 0, 10, 10, 0, 10, 10, 0, 0, 10, 10, 10, 0, 0, 10, 0, 0, 0, 10, 0, 0, 0, 0, 10, 10, 10, 10, 10, 0, 10, 11, 0, 10, 10, 0, 10, 10, 10, 0, 10, 10, 0, 0, 0, 10, 10, 10, 10, 10, 0, 10, 10, 0, 0, 10, 0, 0, 10, 0, 10, 0, 0, 10, 0, 0, 10, 10, 10, 0, 10, 10, 0, 10, 10, 10, 10, 0, 10, 0, 0, 0, : 10, 10, 10, 10, 10, 1, 10, 10, 10, 10, 10, 10, 10, 10, 10, 10, 10, 10, 10, 10, 10, 10, 10, 10, 10, 10, 10, 10, 10, 10, 10, 10, 11, 10, 10, 10, 10, 10, 10, 10, 10, 10, 10, 10, 10, 10, 10, 10, 10, 10, 10, 10, 10, 10, 10, 10, 10, 10, 10, 10, 10, 
237: 0, 0, 10, 10, 0, 10, 0, 0, 10, 0, 0, 10, 10, 10, 0, 10, 0, 0, 0, 0, 10, 10, 10, 10, 10, 0, 10, 0, 10, 0, 10, 0, 0, 0, 10, 0, 10, 1, 10, 0, 0, 10, 0, 10, 10, 0, 0, 10, 0, 0, 0, 0, 10, 10, 10, 10, 10, 10, 0, 5, 10, 0, 10, 0, 10, 0, 0, 1, 0, 0, 10, 10, 0, 10, 0, 0, 0, 0, 10, 0, 10, 10, 10, 0, 0, 0, 10, 0, 10, 0, 10, 0, 0, 0, 0, 10, 0, 0, 0, 0, 10, 0, 0, 0, 0, 0, 10, 0, 0, 10, 0, 0, 15, 10, 0, 0, 0, 0, 0, 10, : 10, 10, 10, 10, 10, 10, 10, 10, 10, 10, 10, 10, 10, 10, 10, 10, 10, 10, 1, 10, 10, 10, 10, 10, 10, 10, 10, 10, 10, 10, 5, 10, 10, 10, 1, 10, 10, 10, 10, 10, 10, 10, 10, 10, 10, 10, 10, 10, 10, 15, 10, 10, 
258: 0, 10, 0, 10, 10, 0, 10, 0, 10, 0, 0, 0, 10, 10, 0, 0, 10, 0, 10, 10, 0, 10, 10, 0, 10, 0, 10, 10, 0, 10, 10, 10, 10, 0, 10, 5, 10, 0, 0, 5, 2, 0, 10, 0, 10, 10, 0, 0, 0, 10, 10, 10, 0, 10, 0, 10, 10, 10, 0, 10, 10, 0, 0, 10, 10, 0, 0, 10, 10, 10, 10, 3, 10, 10, 10, 0, 0, 0, 10, 10, 0, 0, 0, 0, 0, 10, 0, 10, 10, 10, 10, 0, 10, 0, 10, 0, 0, 10, 10, 0, 10, 0, 0, 0, 10, 0, 0, 10, 0, 0, 10, 0, 10, 10, 10, 0, 0, 10, 0, 0, : 10, 10, 10, 10, 10, 10, 10, 10, 10, 10, 10, 10, 10, 10, 10, 10, 10, 10, 10, 10, 5, 10, 5, 2, 10, 10, 10, 10, 10, 10, 10, 10, 10, 10, 10, 10, 10, 10, 10, 10, 10, 10, 3, 10, 10, 10, 10, 10, 10, 10, 10, 10, 10, 10, 10, 10, 10, 10, 10, 10, 10, 10, 10, 10, 10, 
772: 10, 10, 19, 0, 0, 0, 0, 10, 0, 10, 0, 0, 0, 0, 3, 0, 0, 10, 10, 2, 0, 10, 0, 0, 10, 0, 0, 0, 10, 0, 10, 10, 0, 0, 2, 0, 0, 10, 10, 0, 0, 10, 10, 1, 10, 0, 0, 1, 10, 10, 10, 0, 0, 2, 10, 10, 0, 0, 10, 0, 10, 0, 0, 0, 10, 10, 0, 10, 10, 10, 0, 0, 0, 0, 0, 0, 0, 0, 10, 10, 10, 10, 0, 0, 10, 4, 10, 10, 10, 10, 12, 10, 0, 10, 0, 10, 0, 10, 0, 10, 0, 10, 0, 10, 10, 0, 0, 0, 10, 10, 10, 10, 10, 0, 10, 0, 0, 0, 10, 0, : 10, 10, 19, 10, 10, 3, 10, 10, 2, 10, 10, 10, 10, 10, 2, 10, 10, 10, 10, 1, 10, 1, 10, 10, 10, 2, 10, 10, 10, 10, 10, 10, 10, 10, 10, 10, 10, 10, 10, 10, 4, 10, 10, 10, 10, 12, 10, 10, 10, 10, 10, 10, 10, 10, 10, 10, 10, 10, 10, 10, 10, 
733: 10, 10, 10, 10, 10, 10, 0, 10, 0, 0, 0, 10, 10, 10, 10, 10, 10, 0, 0, 10, 10, 10, 0, 10, 10, 0, 0, 10, 10, 10, 0, 0, 10, 0, 10, 0, 10, 0, 0, 0, 0, 10, 10, 0, 10, 10, 0, 0, 10, 10, 0, 0, 5, 0, 0, 10, 10, 0, 0, 10, 0, 0, 10, 10, 0, 10, 10, 10, 10, 10, 0, 10, 10, 0, 0, 10, 10, 0, 0, 0, 10, 10, 0, 0, 10, 10, 0, 0, 10, 0, 10, 0, 10, 10, 10, 10, 10, 0, 10, 2, 10, 0, 0, 0, 0, 10, 10, 10, 10, 0, 0, 10, 0, 10, 0, 10, 0, 0, 0, 0, : 10, 10, 10, 10, 10, 10, 10, 10, 10, 10, 10, 10, 10, 10, 10, 10, 10, 10, 10, 10, 10, 10, 10, 10, 10, 10, 10, 10, 10, 10, 5, 10, 10, 10, 10, 10, 10, 10, 10, 10, 10, 10, 10, 10, 10, 10, 10, 10, 10, 10, 10, 10, 10, 10, 10, 10, 10, 2, 10, 10, 10, 10, 10, 10, 10, 10, 
360: 10, 10, 0, 0, 0, 10, 10, 1, 0, 10, 10, 10, 0, 0, 10, 10, 10, 0, 10, 0, 10, 10, 0, 0, 10, 10, 10, 10, 10, 10, 10, 0, 10, 0, 9, 0, 10, 10, 10, 0, 0, 0, 1, 10, 10, 10, 10, 10, 0, 0, 0, 10, 10, 0, 2, 0, 10, 10, 0, 10, 10, 10, 13, 5, 0, 10, 0, 0, 0, 10, 0, 1, 10, 0, 0, 10, 0, 10, 0, 0, 0, 0, 10, 10, 0, 0, 10, 10, 0, 10, 10, 10, 10, 0, 0, 10, 0, 0, 0, 10, 0, 0, 10, 0, 1, 10, 10, 0, 0, 10, 0, 10, 0, 0, 0, 10, 10, 0, 0, 0, : 10, 10, 10, 10, 1, 10, 10, 10, 10, 10, 10, 10, 10, 10, 10, 10, 10, 10, 10, 10, 10, 10, 9, 10, 10, 10, 1, 10, 10, 10, 10, 10, 10, 10, 2, 10, 10, 10, 10, 10, 13, 5, 10, 10, 1, 10, 10, 10, 10, 10, 10, 10, 10, 10, 10, 10, 10, 10, 10, 1, 10, 10, 10, 10, 10, 10, 
97: 10, 0, 10, 10, 10, 10, 10, 10, 0, 10, 10, 10, 10, 0, 10, 10, 10, 0, 0, 0, 10, 0, 10, 10, 0, 0, 0, 0, 0, 10, 0, 10, 10, 0, 0, 0, 10, 0, 0, 0, 10, 10, 0, 10, 10, 10, 10, 0, 10, 10, 0, 10, 0, 10, 10, 10, 0, 0, 0, 0, 10, 10, 0, 10, 10, 1, 0, 10, 10, 10, 10, 0, 10, 8, 0, 10, 10, 10, 0, 10, 0, 2, 10, 10, 10, 10, 10, 0, 10, 0, 10, 0, 10, 0, 0, 10, 10, 0, 10, 0, 10, 0, 3, 10, 0, 10, 0, 0, 10, 0, 10, 10, 0, 10, 10, 10, 0, 0, 0, 0, : 10, 10, 10, 10, 10, 10, 10, 10, 10, 10, 10, 10, 10, 10, 10, 10, 10, 10, 10, 10, 10, 10, 10, 10, 10, 10, 10, 10, 10, 10, 10, 10, 10, 10, 10, 10, 10, 1, 10, 10, 10, 10, 10, 8, 10, 10, 10, 10, 2, 10, 10, 10, 10, 10, 10, 10, 10, 10, 10, 10, 10, 3, 10, 10, 10, 10, 10, 10, 10, 10, 
784: 10, 10, 10, 10, 10, 10, 10, 10, 10, 10, 10, 0, 0, 10, 10, 10, 10, 3, 0, 10, 10, 10, 0, 2, 0, 10, 0, 4, 0, 10, 1, 0, 10, 10, 10, 10, 10, 10, 0, 0, 10, 0, 10, 10, 0, 0, 10, 10, 10, 0, 10, 10, 0, 10, 4, 0, 0, 0, 10, 0, 0, 10, 0, 0, 10, 10, 0, 10, 0, 10, 0, 10, 0, 10, 0, 10, 10, 0, 10, 0, 0, 0, 0, 10, 0, 10, 0, 10, 0, 0, 10, 10, 0, 0, 0, 0, 0, 10, 10, 10, 0, 10, 10, 0, 10, 0, 0, 10, 0, 2, 1, 10, 10, 18, 10, 0, 10, 0, 0, 10, : 10, 10, 10, 10, 10, 10, 10, 10, 10, 10, 10, 10, 10, 10, 10, 3, 10, 10, 10, 2, 10, 4, 10, 1, 10, 10, 10, 10, 10, 10, 10, 10, 10, 10, 10, 10, 10, 10, 10, 4, 10, 10, 10, 10, 10, 10, 10, 10, 10, 10, 10, 10, 10, 10, 10, 10, 10, 10, 10, 10, 10, 10, 10, 2, 1, 10, 10, 18, 10, 10, 10, 
513: 10, 0, 0, 10, 0, 0, 0, 10, 10, 10, 10, 0, 0, 10, 0, 0, 10, 10, 10, 0, 18, 0, 0, 1, 0, 3, 0, 10, 10, 10, 0, 0, 0, 10, 0, 0, 10, 10, 10, 0, 10, 10, 10, 0, 0, 0, 0, 10, 0, 10, 10, 10, 10, 0, 10, 10, 0, 0, 6, 0, 0, 10, 10, 0, 0, 10, 0, 0, 0, 10, 0, 0, 0, 10, 10, 10, 0, 0, 0, 10, 10, 10, 10, 0, 14, 10, 10, 0, 0, 10, 0, 0, 10, 0, 0, 10, 0, 0, 0, 1, 0, 10, 0, 0, 2, 10, 10, 0, 0, 0, 10, 0, 10, 10, 10, 10, 0, 0, 0, 0, : 10, 10, 10, 10, 10, 10, 10, 10, 10, 10, 18, 1, 3, 10, 10, 10, 10, 10, 10, 10, 10, 10, 10, 10, 10, 10, 10, 10, 10, 10, 6, 10, 10, 10, 10, 10, 10, 10, 10, 10, 10, 10, 14, 10, 10, 10, 10, 10, 1, 10, 2, 10, 10, 10, 10, 10, 10, 10, 
359: 0, 0, 0, 0, 0, 10, 10, 10, 10, 0, 0, 10, 10, 0, 10, 10, 10, 10, 10, 10, 10, 10, 0, 10, 1, 1, 0, 10, 0, 0, 10, 10, 10, 0, 10, 0, 0, 10, 10, 0, 10, 0, 10, 10, 10, 0, 0, 0, 0, 10, 0, 10, 10, 0, 0, 10, 0, 10, 10, 10, 0, 10, 0, 0, 5, 0, 0, 10, 10, 10, 10, 0, 10, 10, 10, 0, 0, 10, 2, 10, 10, 10, 10, 10, 0, 0, 0, 10, 10, 10, 10, 0, 0, 0, 10, 0, 10, 0, 0, 0, 0, 10, 10, 0, 10, 10, 10, 0, 10, 0, 0, 0, 10, 0, 10, 10, 10, 10, 10, 10, : 10, 10, 10, 10, 10, 10, 10, 10, 10, 10, 10, 10, 10, 10, 10, 1, 1, 10, 10, 10, 10, 10, 10, 10, 10, 10, 10, 10, 10, 10, 10, 10, 10, 10, 10, 10, 5, 10, 10, 10, 10, 10, 10, 10, 10, 2, 10, 10, 10, 10, 10, 10, 10, 10, 10, 10, 10, 10, 10, 10, 10, 10, 10, 10, 10, 10, 10, 10, 10, 10, 
441: 10, 0, 0, 0, 10, 0, 0, 0, 0, 0, 10, 0, 10, 10, 10, 10, 0, 10, 10, 0, 10, 0, 10, 10, 10, 10, 10, 0, 0, 10, 0, 0, 10, 0, 0, 10, 0, 10, 0, 10, 10, 10, 10, 10, 10, 0, 0, 0, 0, 0, 0, 0, 10, 10, 4, 0, 10, 10, 0, 0, 10, 10, 10, 10, 10, 0, 10, 0, 0, 0, 0, 10, 10, 10, 10, 0, 0, 10, 10, 0, 0, 10, 10, 0, 0, 10, 10, 0, 0, 10, 10, 0, 0, 0, 0, 1, 0, 0, 0, 0, 10, 10, 10, 0, 10, 10, 10, 10, 0, 0, 0, 5, 10, 10, 0, 0, 10, 0, 10, 3, : 10, 10, 10, 10, 10, 10, 10, 10, 10, 10, 10, 10, 10, 10, 10, 10, 10, 10, 10, 10, 10, 10, 10, 10, 10, 10, 10, 4, 10, 10, 10, 10, 10, 10, 10, 10, 10, 10, 10, 10, 10, 10, 10, 10, 10, 10, 10, 10, 1, 10, 10, 10, 10, 10, 10, 10, 5, 10, 10, 10, 10, 3, 
572: 10, 0, 10, 10, 0, 10, 0, 10, 10, 10, 1, 0, 10, 0, 0, 0, 0, 10, 10, 0, 10, 10, 0, 0, 10, 0, 10, 10, 10, 0, 0, 10, 0, 10, 10, 10, 10, 10, 0, 0, 0, 2, 0, 0, 10, 0, 10, 0, 0, 10, 4, 0, 10, 10, 0, 10, 10, 0, 0, 4, 10, 0, 10, 0, 10, 0, 10, 0, 0, 10, 10, 10, 10, 0, 10, 0, 0, 10, 10, 10, 0, 0, 10, 10, 0, 10, 0, 10, 0, 0, 0, 0, 0, 10, 10, 10, 10, 7, 10, 10, 10, 0, 10, 10, 0, 10, 10, 10, 0, 10, 10, 10, 10, 0, 10, 10, 10, 10, 10, 0, : 10, 10, 10, 10, 10, 10, 10, 1, 10, 10, 10, 10, 10, 10, 10, 10, 10, 10, 10, 10, 10, 10, 10, 2, 10, 10, 10, 4, 10, 10, 10, 10, 4, 10, 10, 10, 10, 10, 10, 10, 10, 10, 10, 10, 10, 10, 10, 10, 10, 10, 10, 10, 10, 7, 10, 10, 10, 10, 10, 10, 10, 10, 10, 10, 10, 10, 10, 10, 10, 10, 10, 
395: 0, 10, 10, 0, 0, 0, 10, 10, 10, 10, 10, 10, 10, 3, 0, 0, 0, 10, 10, 0, 17, 10, 10, 0, 0, 0, 10, 0, 0, 10, 0, 10, 0, 0, 0, 0, 0, 10, 0, 0, 0, 10, 0, 0, 0, 0, 0, 0, 10, 10, 0, 10, 0, 0, 0, 0, 0, 10, 10, 0, 0, 10, 0, 0, 0, 10, 0, 0, 10, 0, 10, 0, 0, 10, 10, 0, 10, 0, 10, 10, 0, 10, 0, 10, 0, 10, 10, 10, 10, 0, 0, 10, 10, 0, 0, 10, 10, 10, 10, 0, 10, 0, 0, 0, 10, 10, 0, 0, 2, 10, 10, 10, 10, 10, 0, 10, 10, 10, 10, 10, : 10, 10, 10, 10, 10, 10, 10, 10, 10, 3, 10, 10, 17, 10, 10, 10, 10, 10, 10, 10, 10, 10, 10, 10, 10, 10, 10, 10, 10, 10, 10, 10, 10, 10, 10, 10, 10, 10, 10, 10, 10, 10, 10, 10, 10, 10, 10, 10, 10, 2, 10, 10, 10, 10, 10, 10, 10, 10, 10, 10, 
570: 0, 0, 10, 0, 10, 10, 10, 0, 10, 0, 0, 0, 10, 0, 10, 9, 10, 0, 0, 10, 0, 10, 2, 0, 10, 10, 0, 0, 0, 0, 0, 10, 10, 10, 0, 0, 0, 0, 0, 10, 10, 0, 10, 10, 10, 0, 0, 0, 10, 10, 0, 0, 0, 10, 10, 10, 10, 10, 0, 10, 1, 10, 1, 10, 10, 10, 10, 15, 10, 0, 0, 0, 6, 10, 10, 10, 0, 10, 10, 10, 10, 10, 10, 0, 10, 0, 10, 10, 10, 0, 10, 0, 10, 0, 10, 0, 10, 0, 10, 0, 14, 10, 10, 3, 0, 10, 0, 10, 10, 10, 0, 0, 10, 0, 4, 0, 0, 10, 10, 10, : 10, 10, 10, 10, 10, 10, 10, 9, 10, 10, 10, 2, 10, 10, 10, 10, 10, 10, 10, 10, 10, 10, 10, 10, 10, 10, 10, 10, 10, 10, 1, 10, 1, 10, 10, 10, 10, 15, 10, 6, 10, 10, 10, 10, 10, 10, 10, 10, 10, 10, 10, 10, 10, 10, 10, 10, 10, 10, 14, 10, 10, 3, 10, 10, 10, 10, 10, 4, 10, 10, 10, 
234: 0, 0, 0, 10, 10, 10, 10, 0, 1, 10, 10, 0, 10, 10, 10, 10, 10, 0, 12, 0, 10, 10, 0, 0, 10, 0, 0, 0, 0, 0, 0, 0, 0, 0, 10, 10, 0, 0, 10, 10, 10, 10, 0, 10, 1, 10, 0, 0, 10, 0, 10, 10, 10, 0, 10, 0, 10, 10, 0, 0, 10, 10, 0, 0, 0, 10, 0, 10, 0, 0, 10, 0, 0, 0, 0, 0, 0, 0, 0, 0, 10, 10, 0, 10, 0, 10, 0, 0, 0, 10, 0, 10, 0, 10, 0, 10, 0, 0, 10, 10, 10, 10, 10, 10, 10, 10, 0, 0, 10, 0, 10, 0, 0, 10, 0, 10, 0, 10, 0, 0, : 10, 10, 10, 10, 1, 10, 10, 10, 10, 10, 10, 10, 12, 10, 10, 10, 10, 10, 10, 10, 10, 10, 10, 1, 10, 10, 10, 10, 10, 10, 10, 10, 10, 10, 10, 10, 10, 10, 10, 10, 10, 10, 10, 10, 10, 10, 10, 10, 10, 10, 10, 10, 10, 10, 10, 10, 10, 10, 
613: 10, 0, 10, 0, 0, 10, 10, 10, 0, 10, 0, 0, 10, 0, 10, 10, 1, 10, 0, 10, 10, 0, 10, 0, 10, 3, 10, 10, 6, 10, 10, 10, 0, 10, 0, 10, 0, 0, 10, 0, 10, 0, 10, 10, 10, 0, 1, 10, 0, 10, 0, 0, 1, 10, 0, 10, 0, 0, 10, 10, 0, 10, 0, 8, 0, 10, 0, 10, 0, 10, 10, 10, 10, 0, 10, 0, 0, 10, 0, 0, 0, 10, 10, 17, 10, 1, 0, 0, 10, 0, 0, 10, 0, 10, 0, 0, 10, 10, 10, 0, 0, 0, 10, 10, 0, 0, 0, 0, 10, 10, 0, 0, 1, 10, 0, 0, 2, 10, 0, 10, : 10, 10, 10, 10, 10, 10, 10, 10, 10, 1, 10, 10, 10, 10, 10, 3, 10, 10, 6, 10, 10, 10, 10, 10, 10, 10, 10, 10, 10, 1, 10, 10, 1, 10, 10, 10, 10, 10, 8, 10, 10, 10, 10, 10, 10, 10, 10, 10, 10, 17, 10, 1, 10, 10, 10, 10, 10, 10, 10, 10, 10, 10, 1, 10, 2, 10, 10, 
612: 6, 10, 0, 10, 0, 0, 0, 10, 0, 10, 0, 0, 0, 0, 3, 0, 10, 0, 10, 0, 0, 0, 0, 10, 10, 0, 10, 10, 0, 0, 10, 10, 10, 0, 0, 0, 3, 0, 10, 10, 0, 10, 10, 0, 0, 10, 0, 10, 0, 0, 10, 10, 0, 10, 10, 0, 10, 0, 2, 10, 10, 0, 0, 0, 0, 0, 0, 10, 10, 10, 10, 0, 10, 0, 0, 10, 10, 0, 0, 10, 10, 10, 0, 10, 10, 1, 0, 0, 3, 0, 10, 0, 10, 0, 10, 0, 10, 2, 0, 10, 10, 10, 0, 0, 10, 10, 0, 10, 0, 0, 10, 10, 10, 0, 0, 0, 10, 0, 10, 10, : 6, 10, 10, 10, 10, 3, 10, 10, 10, 10, 10, 10, 10, 10, 10, 3, 10, 10, 10, 10, 10, 10, 10, 10, 10, 10, 10, 2, 10, 10, 10, 10, 10, 10, 10, 10, 10, 10, 10, 10, 10, 10, 1, 3, 10, 10, 10, 10, 2, 10, 10, 10, 10, 10, 10, 10, 10, 10, 10, 10, 10, 
710: 0, 0, 0, 10, 10, 10, 10, 16, 10, 0, 10, 10, 0, 0, 10, 0, 0, 10, 0, 0, 1, 10, 10, 10, 0, 15, 10, 0, 0, 2, 10, 0, 0, 0, 0, 0, 0, 0, 0, 0, 10, 0, 10, 10, 10, 0, 0, 10, 0, 10, 10, 0, 10, 0, 0, 10, 0, 0, 9, 10, 0, 0, 10, 0, 0, 0, 0, 10, 10, 10, 10, 0, 3, 10, 0, 10, 10, 0, 0, 0, 10, 0, 10, 10, 10, 10, 10, 10, 10, 0, 10, 0, 10, 10, 10, 5, 0, 10, 0, 10, 10, 10, 0, 10, 0, 0, 10, 0, 10, 0, 10, 0, 10, 10, 10, 0, 10, 0, 10, 10, : 10, 10, 10, 10, 16, 10, 10, 10, 10, 10, 1, 10, 10, 10, 15, 10, 2, 10, 10, 10, 10, 10, 10, 10, 10, 10, 10, 9, 10, 10, 10, 10, 10, 10, 3, 10, 10, 10, 10, 10, 10, 10, 10, 10, 10, 10, 10, 10, 10, 10, 5, 10, 10, 10, 10, 10, 10, 10, 10, 10, 10, 10, 10, 10, 10, 
781: 10, 0, 10, 10, 0, 10, 0, 0, 0, 10, 10, 0, 10, 10, 10, 10, 0, 0, 0, 10, 0, 10, 10, 10, 0, 10, 10, 10, 0, 10, 10, 10, 10, 0, 0, 0, 1, 10, 10, 0, 0, 10, 10, 0, 0, 10, 10, 0, 10, 10, 0, 10, 10, 3, 0, 0, 10, 0, 0, 0, 0, 10, 10, 0, 0, 10, 10, 2, 2, 0, 0, 0, 10, 10, 10, 0, 0, 10, 10, 10, 10, 10, 14, 10, 10, 0, 0, 10, 10, 0, 10, 0, 0, 10, 10, 10, 0, 10, 0, 10, 0, 0, 0, 10, 0, 0, 10, 10, 10, 0, 0, 0, 0, 10, 0, 10, 10, 0, 10, 0, : 10, 10, 10, 10, 10, 10, 10, 10, 10, 10, 10, 10, 10, 10, 10, 10, 10, 10, 10, 10, 10, 1, 10, 10, 10, 10, 10, 10, 10, 10, 10, 10, 3, 10, 10, 10, 10, 10, 2, 2, 10, 10, 10, 10, 10, 10, 10, 10, 14, 10, 10, 10, 10, 10, 10, 10, 10, 10, 10, 10, 10, 10, 10, 10, 10, 10, 10, 
407: 0, 10, 10, 0, 0, 10, 0, 10, 2, 14, 10, 10, 0, 10, 11, 10, 0, 10, 10, 10, 0, 1, 0, 0, 10, 10, 0, 0, 0, 0, 0, 0, 10, 10, 0, 0, 10, 10, 0, 10, 0, 0, 0, 0, 0, 0, 10, 1, 10, 0, 10, 0, 10, 0, 0, 0, 10, 10, 10, 10, 0, 0, 10, 10, 10, 0, 10, 0, 0, 10, 1, 10, 0, 10, 0, 0, 10, 0, 10, 0, 0, 0, 0, 10, 10, 0, 10, 0, 10, 0, 0, 3, 0, 0, 10, 10, 10, 0, 10, 10, 10, 10, 10, 10, 0, 10, 10, 0, 0, 10, 0, 10, 0, 0, 0, 10, 10, 0, 10, 0, : 10, 10, 10, 10, 2, 14, 10, 10, 10, 11, 10, 10, 10, 10, 1, 10, 10, 10, 10, 10, 10, 10, 10, 1, 10, 10, 10, 10, 10, 10, 10, 10, 10, 10, 10, 10, 1, 10, 10, 10, 10, 10, 10, 10, 10, 3, 10, 10, 10, 10, 10, 10, 10, 10, 10, 10, 10, 10, 10, 10, 10, 10, 
512: 10, 0, 0, 10, 10, 6, 10, 0, 0, 10, 0, 0, 0, 0, 0, 0, 10, 10, 0, 10, 10, 0, 10, 10, 10, 0, 10, 10, 10, 0, 0, 0, 10, 10, 10, 10, 0, 0, 10, 0, 10, 0, 0, 10, 0, 0, 10, 19, 0, 0, 0, 0, 10, 0, 0, 10, 0, 2, 10, 0, 10, 0, 10, 1, 10, 10, 10, 0, 10, 10, 10, 10, 10, 0, 0, 0, 0, 10, 0, 0, 0, 10, 0, 6, 10, 10, 0, 0, 0, 6, 10, 0, 10, 0, 0, 0, 0, 0, 2, 0, 10, 10, 0, 0, 10, 0, 10, 10, 10, 10, 10, 10, 10, 10, 0, 10, 0, 10, 0, 10, : 10, 10, 10, 6, 10, 10, 10, 10, 10, 10, 10, 10, 10, 10, 10, 10, 10, 10, 10, 10, 10, 10, 10, 10, 19, 10, 10, 2, 10, 10, 10, 1, 10, 10, 10, 10, 10, 10, 10, 10, 10, 10, 6, 10, 10, 6, 10, 10, 2, 10, 10, 10, 10, 10, 10, 10, 10, 10, 10, 10, 10, 10, 10, 
521: 10, 10, 10, 0, 10, 10, 0, 2, 0, 10, 10, 0, 13, 10, 0, 10, 10, 0, 0, 0, 0, 0, 10, 10, 10, 0, 10, 10, 10, 13, 10, 0, 10, 0, 10, 10, 0, 10, 0, 0, 0, 0, 10, 0, 0, 0, 10, 1, 10, 10, 0, 10, 10, 0, 10, 0, 0, 10, 0, 0, 10, 10, 10, 0, 0, 0, 0, 0, 10, 10, 0, 10, 10, 10, 10, 0, 0, 10, 10, 10, 0, 0, 0, 0, 0, 10, 0, 0, 0, 10, 0, 10, 0, 10, 0, 0, 10, 10, 0, 10, 0, 0, 11, 10, 10, 10, 10, 0, 0, 0, 0, 10, 10, 0, 0, 0, 0, 0, 10, 0, : 10, 10, 10, 10, 10, 2, 10, 10, 13, 10, 10, 10, 10, 10, 10, 10, 10, 10, 13, 10, 10, 10, 10, 10, 10, 10, 1, 10, 10, 10, 10, 10, 10, 10, 10, 10, 10, 10, 10, 10, 10, 10, 10, 10, 10, 10, 10, 10, 10, 10, 10, 10, 11, 10, 10, 10, 10, 10, 10, 10, 
379: 10, 0, 10, 10, 10, 10, 0, 10, 0, 10, 0, 0, 10, 10, 10, 10, 0, 10, 10, 10, 10, 0, 0, 0, 0, 10, 10, 0, 10, 0, 10, 10, 10, 0, 10, 10, 10, 0, 10, 0, 0, 10, 10, 0, 0, 10, 0, 10, 0, 0, 0, 10, 10, 0, 10, 10, 10, 10, 10, 10, 0, 10, 10, 1, 10, 0, 0, 10, 0, 0, 0, 10, 3, 0, 10, 10, 10, 1, 0, 10, 10, 0, 10, 0, 0, 0, 10, 10, 10, 0, 1, 10, 10, 10, 10, 10, 10, 0, 10, 19, 0, 0, 10, 0, 0, 0, 10, 10, 0, 10, 0, 10, 0, 0, 10, 10, 0, 0, 0, 10, : 10, 10, 10, 10, 10, 10, 10, 10, 10, 10, 10, 10, 10, 10, 10, 10, 10, 10, 10, 10, 10, 10, 10, 10, 10, 10, 10, 10, 10, 10, 10, 10, 10, 10, 10, 10, 10, 10, 10, 1, 10, 10, 10, 3, 10, 10, 10, 1, 10, 10, 10, 10, 10, 10, 1, 10, 10, 10, 10, 10, 10, 10, 19, 10, 10, 10, 10, 10, 10, 10, 10, 
751: 10, 0, 0, 0, 0, 0, 10, 10, 0, 0, 10, 10, 0, 10, 0, 10, 0, 0, 10, 10, 10, 0, 10, 0, 10, 0, 10, 10, 10, 10, 0, 0, 0, 0, 10, 10, 10, 10, 0, 10, 10, 2, 0, 10, 0, 10, 0, 0, 4, 10, 0, 10, 0, 10, 10, 10, 10, 10, 10, 10, 10, 10, 10, 10, 10, 10, 0, 0, 10, 10, 0, 0, 10, 10, 3, 0, 10, 10, 0, 10, 10, 0, 10, 0, 10, 10, 10, 10, 10, 0, 2, 0, 10, 10, 0, 0, 10, 10, 0, 0, 0, 0, 10, 10, 10, 0, 10, 0, 0, 10, 0, 10, 0, 10, 10, 0, 0, 10, 1, 0, : 10, 10, 10, 10, 10, 10, 10, 10, 10, 10, 10, 10, 10, 10, 10, 10, 10, 10, 10, 10, 10, 10, 2, 10, 10, 4, 10, 10, 10, 10, 10, 10, 10, 10, 10, 10, 10, 10, 10, 10, 10, 10, 10, 10, 10, 3, 10, 10, 10, 10, 10, 10, 10, 10, 10, 10, 2, 10, 10, 10, 10, 10, 10, 10, 10, 10, 10, 10, 10, 10, 1, 
790: 10, 0, 0, 1, 0, 10, 10, 10, 0, 10, 0, 0, 10, 0, 0, 0, 10, 10, 10, 0, 0, 0, 0, 10, 0, 10, 0, 0, 0, 10, 0, 0, 0, 10, 0, 10, 10, 10, 0, 10, 10, 10, 10, 10, 0, 0, 10, 0, 10, 0, 0, 1, 10, 0, 0, 0, 10, 0, 0, 10, 0, 0, 10, 10, 10, 10, 1, 0, 10, 0, 10, 10, 10, 17, 0, 0, 10, 0, 0, 10, 10, 10, 10, 0, 0, 6, 10, 0, 0, 10, 0, 10, 10, 0, 0, 1, 10, 10, 0, 0, 0, 10, 0, 10, 10, 0, 0, 0, 10, 0, 0, 0, 0, 0, 10, 0, 0, 10, 0, 10, : 10, 1, 10, 10, 10, 10, 10, 10, 10, 10, 10, 10, 10, 10, 10, 10, 10, 10, 10, 10, 10, 10, 10, 10, 1, 10, 10, 10, 10, 10, 10, 10, 1, 10, 10, 10, 10, 17, 10, 10, 10, 10, 10, 6, 10, 10, 10, 10, 1, 10, 10, 10, 10, 10, 10, 10, 10, 10, 
257: 0, 10, 10, 0, 10, 10, 0, 0, 10, 0, 10, 10, 1, 0, 0, 0, 10, 0, 10, 10, 0, 0, 10, 0, 0, 0, 0, 0, 0, 10, 0, 10, 0, 0, 0, 10, 10, 0, 0, 10, 10, 10, 10, 10, 10, 10, 0, 10, 10, 0, 0, 0, 0, 0, 14, 0, 0, 0, 0, 10, 0, 10, 10, 0, 0, 0, 10, 10, 10, 0, 0, 0, 0, 10, 0, 10, 0, 10, 10, 10, 10, 10, 16, 10, 10, 10, 10, 10, 10, 0, 10, 0, 0, 10, 0, 10, 10, 0, 0, 0, 10, 0, 10, 10, 0, 10, 0, 0, 10, 0, 10, 10, 0, 2, 10, 10, 10, 10, 10, 10, : 10, 10, 10, 10, 10, 10, 10, 1, 10, 10, 10, 10, 10, 10, 10, 10, 10, 10, 10, 10, 10, 10, 10, 10, 10, 14, 10, 10, 10, 10, 10, 10, 10, 10, 10, 10, 10, 10, 10, 16, 10, 10, 10, 10, 10, 10, 10, 10, 10, 10, 10, 10, 10, 10, 10, 10, 10, 2, 10, 10, 10, 10, 10, 10, 
363: 10, 0, 10, 0, 10, 10, 10, 1, 10, 10, 10, 10, 0, 10, 10, 10, 10, 10, 10, 2, 10, 0, 0, 0, 0, 10, 0, 0, 0, 10, 0, 0, 10, 10, 10, 10, 10, 10, 10, 0, 0, 0, 10, 10, 0, 10, 10, 10, 0, 10, 10, 10, 0, 0, 0, 0, 10, 0, 10, 0, 10, 10, 10, 9, 0, 0, 10, 0, 0, 0, 10, 10, 0, 0, 0, 0, 10, 0, 10, 0, 0, 0, 1, 0, 10, 10, 10, 0, 10, 0, 0, 10, 10, 0, 0, 0, 0, 10, 0, 0, 10, 2, 10, 10, 0, 0, 1, 10, 0, 0, 0, 0, 0, 0, 10, 10, 10, 8, 0, 10, : 10, 10, 10, 10, 10, 1, 10, 10, 10, 10, 10, 10, 10, 10, 10, 10, 2, 10, 10, 10, 10, 10, 10, 10, 10, 10, 10, 10, 10, 10, 10, 10, 10, 10, 10, 10, 10, 10, 10, 10, 9, 10, 10, 10, 10, 10, 1, 10, 10, 10, 10, 10, 10, 10, 10, 2, 10, 10, 1, 10, 10, 10, 10, 8, 10, 
489: 10, 10, 0, 16, 10, 10, 0, 10, 10, 0, 0, 0, 10, 10, 10, 0, 0, 0, 5, 0, 0, 0, 0, 10, 0, 10, 10, 10, 0, 10, 2, 0, 0, 10, 10, 0, 10, 10, 0, 10, 10, 0, 0, 10, 0, 0, 10, 10, 0, 10, 0, 0, 10, 10, 10, 0, 0, 0, 10, 0, 10, 0, 10, 0, 10, 10, 2, 10, 10, 10, 10, 0, 0, 0, 10, 0, 10, 10, 10, 10, 10, 15, 0, 10, 10, 10, 0, 10, 10, 10, 0, 0, 0, 0, 10, 10, 0, 10, 10, 0, 0, 10, 0, 10, 0, 10, 0, 10, 10, 0, 0, 10, 0, 0, 0, 0, 10, 0, 10, 10, : 10, 10, 16, 10, 10, 10, 10, 10, 10, 10, 5, 10, 10, 10, 10, 10, 2, 10, 10, 10, 10, 10, 10, 10, 10, 10, 10, 10, 10, 10, 10, 10, 10, 10, 10, 2, 10, 10, 10, 10, 10, 10, 10, 10, 10, 10, 15, 10, 10, 10, 10, 10, 10, 10, 10, 10, 10, 10, 10, 10, 10, 10, 10, 10, 10, 10, 
653: 10, 0, 5, 0, 10, 0, 10, 0, 10, 0, 10, 0, 0, 10, 0, 0, 10, 1, 0, 0, 0, 10, 10, 13, 10, 10, 0, 0, 10, 0, 0, 10, 0, 7, 1, 10, 10, 0, 0, 0, 2, 10, 10, 0, 0, 0, 0, 0, 10, 10, 10, 10, 10, 10, 10, 0, 0, 10, 10, 0, 0, 10, 0, 10, 10, 1, 10, 10, 10, 10, 10, 0, 0, 0, 10, 10, 0, 0, 0, 10, 10, 10, 0, 10, 10, 0, 0, 10, 10, 10, 0, 10, 0, 0, 0, 0, 10, 10, 0, 10, 0, 0, 10, 10, 10, 0, 0, 10, 0, 10, 0, 10, 10, 10, 10, 10, 10, 10, 5, 10, : 10, 5, 10, 10, 10, 10, 10, 10, 1, 10, 10, 13, 10, 10, 10, 10, 7, 1, 10, 10, 2, 10, 10, 10, 10, 10, 10, 10, 10, 10, 10, 10, 10, 10, 10, 1, 10, 10, 10, 10, 10, 10, 10, 10, 10, 10, 10, 10, 10, 10, 10, 10, 10, 10, 10, 10, 10, 10, 10, 10, 10, 10, 10, 10, 10, 10, 10, 5, 10, 
659: 0, 0, 0, 0, 10, 10, 0, 10, 0, 0, 10, 10, 0, 10, 0, 10, 0, 10, 10, 10, 10, 10, 10, 10, 0, 10, 0, 0, 0, 0, 10, 10, 0, 0, 10, 10, 0, 10, 10, 10, 10, 0, 1, 10, 10, 0, 10, 10, 0, 10, 0, 10, 10, 10, 0, 1, 10, 10, 0, 10, 0, 0, 0, 10, 10, 10, 0, 0, 0, 10, 0, 1, 10, 0, 10, 0, 10, 10, 0, 0, 0, 10, 10, 0, 10, 0, 6, 10, 0, 10, 10, 10, 0, 10, 6, 10, 10, 10, 10, 0, 0, 10, 0, 10, 0, 10, 10, 10, 10, 0, 10, 10, 10, 10, 0, 0, 0, 10, 0, 10, : 10, 10, 10, 10, 10, 10, 10, 10, 10, 10, 10, 10, 10, 10, 10, 10, 10, 10, 10, 10, 10, 10, 10, 1, 10, 10, 10, 10, 10, 10, 10, 10, 1, 10, 10, 10, 10, 10, 10, 10, 1, 10, 10, 10, 10, 10, 10, 10, 6, 10, 10, 10, 10, 10, 6, 10, 10, 10, 10, 10, 10, 10, 10, 10, 10, 10, 10, 10, 10, 10, 10, 
448: 0, 10, 10, 10, 0, 0, 10, 10, 10, 10, 10, 10, 10, 0, 10, 0, 0, 0, 0, 10, 0, 0, 0, 10, 13, 10, 10, 1, 10, 10, 10, 10, 0, 10, 10, 10, 10, 0, 10, 0, 10, 10, 10, 0, 10, 0, 10, 10, 10, 2, 10, 0, 0, 0, 0, 10, 10, 10, 0, 0, 0, 0, 0, 10, 10, 0, 10, 10, 10, 0, 5, 0, 0, 0, 10, 0, 10, 10, 0, 0, 0, 0, 10, 0, 0, 0, 0, 0, 0, 0, 10, 0, 0, 10, 10, 0, 10, 0, 10, 10, 10, 0, 10, 10, 0, 10, 0, 0, 0, 0, 10, 10, 10, 0, 10, 10, 10, 10, 6, 10, : 10, 10, 10, 10, 10, 10, 10, 10, 10, 10, 10, 10, 10, 13, 10, 10, 1, 10, 10, 10, 10, 10, 10, 10, 10, 10, 10, 10, 10, 10, 10, 10, 10, 2, 10, 10, 10, 10, 10, 10, 10, 10, 10, 5, 10, 10, 10, 10, 10, 10, 10, 10, 10, 10, 10, 10, 10, 10, 10, 10, 10, 10, 10, 10, 10, 6, 10, 
657: 10, 10, 10, 10, 3, 10, 10, 0, 0, 0, 0, 0, 10, 0, 0, 0, 0, 0, 10, 0, 0, 10, 0, 0, 10, 10, 10, 0, 0, 0, 0, 0, 0, 10, 0, 0, 0, 0, 10, 0, 0, 0, 5, 10, 10, 10, 10, 0, 0, 0, 0, 0, 0, 0, 0, 0, 10, 10, 10, 0, 0, 0, 10, 0, 0, 10, 10, 0, 3, 10, 10, 10, 0, 10, 0, 10, 0, 1, 10, 10, 0, 0, 0, 0, 10, 0, 10, 10, 0, 10, 10, 10, 10, 10, 10, 0, 0, 10, 10, 10, 10, 10, 0, 0, 10, 10, 0, 10, 10, 10, 10, 10, 10, 10, 0, 0, 10, 0, 0, 10, : 10, 10, 10, 10, 3, 10, 10, 10, 10, 10, 10, 10, 10, 10, 10, 5, 10, 10, 10, 10, 10, 10, 10, 10, 10, 10, 3, 10, 10, 10, 10, 10, 1, 10, 10, 10, 10, 10, 10, 10, 10, 10, 10, 10, 10, 10, 10, 10, 10, 10, 10, 10, 10, 10, 10, 10, 10, 10, 10, 10, 
302: 0, 10, 0, 10, 2, 0, 0, 10, 10, 10, 10, 10, 0, 0, 10, 10, 0, 1, 10, 10, 0, 0, 10, 0, 0, 10, 10, 10, 10, 1, 10, 0, 2, 0, 0, 10, 0, 10, 1, 0, 10, 10, 10, 10, 10, 10, 0, 0, 0, 0, 2, 0, 1, 10, 0, 10, 0, 0, 0, 0, 17, 0, 0, 0, 10, 1, 10, 10, 0, 0, 0, 0, 10, 10, 0, 10, 1, 10, 10, 0, 10, 0, 10, 10, 10, 0, 10, 10, 10, 10, 10, 0, 0, 0, 0, 10, 10, 10, 0, 0, 0, 0, 0, 10, 0, 0, 10, 10, 10, 10, 1, 10, 0, 0, 0, 0, 10, 10, 10, 10, : 10, 10, 2, 10, 10, 10, 10, 10, 10, 10, 1, 10, 10, 10, 10, 10, 10, 10, 1, 10, 2, 10, 10, 1, 10, 10, 10, 10, 10, 10, 2, 1, 10, 10, 17, 10, 1, 10, 10, 10, 10, 10, 1, 10, 10, 10, 10, 10, 10, 10, 10, 10, 10, 10, 10, 10, 10, 10, 10, 10, 10, 10, 1, 10, 10, 10, 10, 10, 
27: 1, 0, 0, 0, 10, 0, 0, 10, 10, 1, 0, 10, 0, 0, 0, 10, 0, 0, 0, 10, 10, 0, 10, 10, 10, 10, 0, 0, 0, 10, 15, 10, 10, 10, 10, 0, 0, 0, 0, 0, 0, 10, 0, 0, 0, 10, 10, 10, 10, 0, 10, 10, 0, 10, 0, 0, 0, 10, 10, 10, 1, 10, 0, 10, 0, 0, 7, 0, 10, 10, 10, 0, 0, 0, 10, 0, 0, 0, 10, 10, 0, 10, 0, 0, 0, 2, 10, 0, 1, 9, 10, 10, 10, 10, 0, 10, 10, 10, 10, 0, 10, 0, 10, 0, 10, 0, 10, 10, 16, 10, 0, 10, 0, 10, 10, 10, 0, 10, 10, 0, : 1, 10, 10, 10, 1, 10, 10, 10, 10, 10, 10, 10, 10, 10, 15, 10, 10, 10, 10, 10, 10, 10, 10, 10, 10, 10, 10, 10, 10, 10, 1, 10, 10, 7, 10, 10, 10, 10, 10, 10, 10, 2, 10, 1, 9, 10, 10, 10, 10, 10, 10, 10, 10, 10, 10, 10, 10, 10, 16, 10, 10, 10, 10, 10, 10, 10, 
170: 0, 0, 0, 0, 10, 10, 1, 10, 10, 10, 10, 0, 10, 0, 10, 0, 0, 0, 0, 10, 0, 10, 10, 10, 0, 10, 10, 10, 0, 0, 10, 10, 10, 0, 0, 10, 10, 0, 10, 0, 10, 10, 0, 10, 0, 0, 13, 10, 0, 2, 10, 10, 10, 0, 0, 10, 0, 0, 10, 0, 10, 10, 10, 0, 0, 10, 0, 0, 0, 10, 0, 10, 0, 10, 10, 10, 10, 10, 0, 10, 0, 10, 10, 10, 10, 0, 10, 10, 0, 0, 10, 10, 0, 10, 10, 10, 6, 0, 0, 0, 0, 0, 10, 0, 0, 10, 0, 0, 0, 10, 3, 10, 0, 10, 10, 0, 0, 10, 0, 10, : 10, 10, 1, 10, 10, 10, 10, 10, 10, 10, 10, 10, 10, 10, 10, 10, 10, 10, 10, 10, 10, 10, 10, 10, 10, 13, 10, 2, 10, 10, 10, 10, 10, 10, 10, 10, 10, 10, 10, 10, 10, 10, 10, 10, 10, 10, 10, 10, 10, 10, 10, 10, 10, 10, 10, 10, 6, 10, 10, 10, 3, 10, 10, 10, 10, 10, 
718: 10, 10, 10, 10, 10, 0, 10, 10, 0, 4, 10, 10, 10, 0, 0, 10, 10, 0, 0, 10, 0, 0, 10, 0, 0, 0, 10, 10, 10, 0, 10, 0, 0, 10, 0, 0, 0, 10, 0, 0, 0, 10, 10, 0, 0, 0, 10, 10, 10, 10, 1, 0, 0, 0, 10, 0, 10, 0, 0, 10, 10, 0, 10, 10, 0, 0, 10, 0, 10, 0, 0, 0, 0, 0, 10, 10, 18, 10, 0, 0, 10, 10, 10, 10, 10, 10, 10, 0, 10, 10, 11, 0, 0, 10, 0, 0, 1, 0, 0, 10, 10, 10, 10, 10, 10, 0, 0, 0, 0, 10, 10, 10, 0, 0, 10, 0, 10, 0, 0, 10, : 10, 10, 10, 10, 10, 10, 10, 4, 10, 10, 10, 10, 10, 10, 10, 10, 10, 10, 10, 10, 10, 10, 10, 10, 10, 10, 10, 1, 10, 10, 10, 10, 10, 10, 10, 10, 10, 10, 18, 10, 10, 10, 10, 10, 10, 10, 10, 10, 10, 11, 10, 1, 10, 10, 10, 10, 10, 10, 10, 10, 10, 10, 10, 10, 
548: 10, 0, 0, 10, 10, 10, 0, 0, 10, 0, 10, 10, 0, 10, 0, 0, 10, 7, 0, 0, 0, 10, 10, 0, 0, 0, 10, 0, 10, 0, 0, 10, 0, 10, 10, 10, 10, 10, 10, 10, 10, 10, 0, 10, 0, 0, 0, 10, 0, 0, 10, 10, 0, 0, 10, 10, 0, 10, 0, 0, 0, 10, 0, 10, 0, 0, 0, 10, 0, 0, 0, 0, 10, 10, 10, 10, 0, 0, 0, 0, 10, 10, 10, 0, 10, 10, 10, 0, 10, 10, 10, 0, 0, 0, 10, 0, 0, 10, 10, 0, 0, 0, 10, 0, 10, 10, 0, 14, 0, 10, 10, 10, 0, 0, 10, 0, 10, 0, 3, 0, : 10, 10, 10, 10, 10, 10, 10, 10, 10, 7, 10, 10, 10, 10, 10, 10, 10, 10, 10, 10, 10, 10, 10, 10, 10, 10, 10, 10, 10, 10, 10, 10, 10, 10, 10, 10, 10, 10, 10, 10, 10, 10, 10, 10, 10, 10, 10, 10, 10, 10, 10, 10, 10, 14, 10, 10, 10, 10, 10, 3, 
676: 0, 10, 0, 0, 0, 2, 0, 0, 10, 10, 10, 0, 10, 10, 10, 0, 10, 10, 0, 10, 0, 0, 10, 10, 10, 0, 0, 0, 19, 10, 0, 10, 0, 10, 10, 0, 0, 0, 0, 0, 0, 0, 0, 0, 0, 0, 10, 0, 10, 0, 10, 0, 0, 10, 10, 0, 0, 10, 0, 10, 10, 10, 0, 10, 0, 10, 10, 10, 0, 0, 0, 0, 0, 0, 0, 0, 0, 10, 0, 10, 0, 10, 3, 0, 0, 0, 10, 0, 10, 0, 0, 0, 10, 10, 10, 10, 10, 0, 10, 10, 0, 10, 0, 0, 0, 10, 0, 0, 12, 0, 10, 10, 10, 0, 10, 10, 10, 0, 10, 2, : 10, 2, 10, 10, 10, 10, 10, 10, 10, 10, 10, 10, 10, 10, 19, 10, 10, 10, 10, 10, 10, 10, 10, 10, 10, 10, 10, 10, 10, 10, 10, 10, 10, 10, 10, 3, 10, 10, 10, 10, 10, 10, 10, 10, 10, 10, 10, 12, 10, 10, 10, 10, 10, 10, 10, 2, 
558: 0, 10, 10, 10, 10, 0, 0, 0, 0, 0, 10, 10, 0, 0, 0, 10, 10, 0, 10, 0, 10, 10, 10, 0, 10, 10, 10, 10, 10, 0, 0, 0, 10, 2, 10, 0, 10, 0, 10, 10, 10, 0, 0, 10, 10, 10, 10, 10, 0, 10, 0, 0, 10, 10, 0, 10, 0, 10, 10, 3, 0, 0, 4, 10, 10, 0, 0, 10, 10, 10, 10, 0, 0, 10, 10, 0, 10, 0, 0, 0, 0, 10, 10, 0, 10, 10, 0, 0, 10, 0, 0, 10, 0, 0, 10, 0, 0, 10, 10, 10, 10, 0, 10, 7, 0, 0, 0, 10, 10, 0, 0, 0, 0, 0, 10, 0, 10, 10, 0, 0, : 10, 10, 10, 10, 10, 10, 10, 10, 10, 10, 10, 10, 10, 10, 10, 10, 10, 10, 2, 10, 10, 10, 10, 10, 10, 10, 10, 10, 10, 10, 10, 10, 10, 10, 10, 3, 4, 10, 10, 10, 10, 10, 10, 10, 10, 10, 10, 10, 10, 10, 10, 10, 10, 10, 10, 10, 10, 10, 7, 10, 10, 10, 10, 10, 
438: 10, 0, 0, 0, 10, 0, 0, 0, 0, 0, 0, 1, 10, 0, 10, 0, 10, 10, 0, 0, 0, 0, 0, 10, 0, 0, 10, 10, 0, 7, 10, 10, 0, 10, 0, 0, 0, 10, 0, 10, 10, 10, 0, 10, 10, 10, 10, 10, 10, 0, 10, 0, 0, 10, 0, 0, 10, 10, 10, 10, 0, 0, 0, 1, 10, 10, 0, 10, 10, 0, 0, 0, 10, 10, 10, 0, 10, 10, 0, 10, 10, 13, 10, 7, 10, 0, 0, 0, 0, 0, 0, 10, 0, 0, 0, 10, 0, 10, 10, 10, 10, 0, 10, 10, 10, 0, 10, 10, 10, 0, 10, 0, 0, 0, 0, 10, 0, 10, 0, 0, : 10, 10, 1, 10, 10, 10, 10, 10, 10, 10, 7, 10, 10, 10, 10, 10, 10, 10, 10, 10, 10, 10, 10, 10, 10, 10, 10, 10, 10, 10, 1, 10, 10, 10, 10, 10, 10, 10, 10, 10, 10, 10, 13, 10, 7, 10, 10, 10, 10, 10, 10, 10, 10, 10, 10, 10, 10, 10, 10, 10, 10, 
280: 0, 10, 10, 0, 0, 10, 10, 0, 10, 10, 0, 10, 0, 0, 0, 10, 0, 10, 10, 0, 10, 3, 10, 10, 10, 10, 0, 10, 0, 10, 0, 10, 10, 0, 0, 10, 10, 10, 10, 10, 0, 0, 10, 0, 0, 10, 1, 10, 10, 0, 0, 10, 10, 10, 10, 0, 10, 0, 1, 0, 1, 0, 10, 8, 0, 0, 0, 10, 0, 0, 10, 0, 10, 10, 10, 0, 0, 10, 10, 0, 10, 10, 0, 0, 10, 0, 0, 0, 0, 10, 10, 0, 10, 10, 10, 10, 0, 6, 10, 1, 0, 10, 10, 10, 10, 10, 10, 19, 10, 0, 10, 0, 0, 0, 0, 10, 10, 4, 0, 1, : 10, 10, 10, 10, 10, 10, 10, 10, 10, 10, 10, 3, 10, 10, 10, 10, 10, 10, 10, 10, 10, 10, 10, 10, 10, 10, 10, 1, 10, 10, 10, 10, 10, 10, 10, 1, 1, 10, 8, 10, 10, 10, 10, 10, 10, 10, 10, 10, 10, 10, 10, 10, 10, 10, 10, 6, 10, 1, 10, 10, 10, 10, 10, 10, 19, 10, 10, 10, 10, 4, 1, 
701: 3, 10, 0, 10, 0, 3, 10, 10, 10, 10, 10, 3, 10, 10, 0, 10, 10, 0, 10, 0, 0, 0, 0, 10, 10, 10, 10, 0, 17, 0, 10, 0, 10, 10, 0, 10, 0, 0, 10, 10, 0, 0, 0, 0, 10, 0, 10, 0, 0, 11, 10, 10, 10, 10, 0, 10, 0, 0, 10, 10, 10, 0, 0, 10, 0, 10, 0, 0, 0, 0, 0, 0, 10, 0, 10, 0, 0, 0, 0, 2, 10, 1, 0, 0, 0, 10, 0, 0, 0, 0, 0, 0, 0, 10, 10, 10, 0, 0, 0, 0, 10, 0, 0, 0, 2, 0, 10, 0, 10, 10, 0, 0, 0, 10, 0, 10, 10, 0, 0, 10, : 3, 10, 10, 3, 10, 10, 10, 10, 10, 3, 10, 10, 10, 10, 10, 10, 10, 10, 10, 17, 10, 10, 10, 10, 10, 10, 10, 10, 11, 10, 10, 10, 10, 10, 10, 10, 10, 10, 10, 10, 10, 2, 10, 1, 10, 10, 10, 10, 10, 2, 10, 10, 10, 10, 10, 10, 10, 
794: 0, 10, 10, 6, 10, 0, 10, 0, 10, 10, 10, 10, 8, 10, 0, 10, 0, 0, 0, 0, 0, 10, 0, 10, 10, 10, 0, 10, 0, 0, 0, 10, 10, 10, 10, 0, 10, 0, 0, 0, 10, 10, 10, 0, 10, 0, 0, 0, 0, 0, 0, 0, 0, 0, 0, 10, 0, 10, 0, 10, 0, 10, 0, 0, 10, 10, 0, 0, 10, 10, 0, 0, 10, 10, 10, 10, 0, 10, 0, 0, 0, 1, 10, 0, 10, 10, 10, 0, 0, 10, 10, 10, 0, 10, 10, 10, 0, 10, 10, 0, 0, 0, 10, 1, 0, 0, 0, 0, 0, 10, 10, 10, 10, 0, 0, 10, 1, 0, 10, 0, : 10, 10, 6, 10, 10, 10, 10, 10, 10, 8, 10, 10, 10, 10, 10, 10, 10, 10, 10, 10, 10, 10, 10, 10, 10, 10, 10, 10, 10, 10, 10, 10, 10, 10, 10, 10, 10, 10, 10, 1, 10, 10, 10, 10, 10, 10, 10, 10, 10, 10, 10, 10, 10, 1, 10, 10, 10, 10, 10, 1, 10, 
337: 10, 10, 10, 10, 10, 0, 10, 0, 0, 0, 0, 0, 10, 10, 10, 10, 0, 10, 0, 10, 10, 0, 1, 10, 10, 0, 10, 0, 10, 10, 0, 10, 0, 16, 10, 0, 10, 0, 0, 10, 0, 10, 0, 0, 0, 10, 10, 0, 0, 10, 10, 0, 0, 0, 0, 10, 10, 0, 0, 10, 10, 10, 10, 0, 0, 10, 10, 0, 10, 17, 10, 10, 0, 10, 10, 4, 10, 0, 0, 0, 0, 10, 0, 0, 0, 0, 0, 0, 10, 0, 10, 10, 0, 0, 0, 18, 0, 0, 10, 0, 0, 10, 0, 10, 0, 0, 0, 10, 0, 10, 0, 0, 10, 10, 10, 10, 0, 0, 10, 0, : 10, 10, 10, 10, 10, 10, 10, 10, 10, 10, 10, 10, 10, 1, 10, 10, 10, 10, 10, 10, 16, 10, 10, 10, 10, 10, 10, 10, 10, 10, 10, 10, 10, 10, 10, 10, 10, 10, 17, 10, 10, 10, 10, 4, 10, 10, 10, 10, 10, 18, 10, 10, 10, 10, 10, 10, 10, 10, 10, 10, 
719: 4, 10, 10, 0, 0, 0, 10, 0, 0, 0, 10, 10, 0, 10, 10, 1, 10, 0, 0, 1, 10, 10, 0, 0, 0, 0, 0, 0, 10, 0, 10, 10, 10, 0, 0, 0, 0, 14, 10, 0, 10, 10, 10, 0, 0, 10, 0, 10, 10, 0, 10, 0, 10, 0, 0, 10, 3, 10, 10, 10, 10, 4, 10, 0, 10, 10, 0, 10, 0, 10, 10, 10, 0, 0, 0, 0, 10, 10, 10, 10, 0, 0, 10, 10, 0, 0, 0, 10, 0, 0, 0, 19, 10, 0, 10, 0, 0, 0, 1, 10, 10, 10, 0, 0, 0, 10, 0, 0, 10, 0, 10, 10, 0, 10, 10, 0, 0, 10, 0, 10, : 4, 10, 10, 10, 10, 10, 10, 10, 1, 10, 1, 10, 10, 10, 10, 10, 10, 14, 10, 10, 10, 10, 10, 10, 10, 10, 10, 10, 3, 10, 10, 10, 10, 4, 10, 10, 10, 10, 10, 10, 10, 10, 10, 10, 10, 10, 10, 10, 19, 10, 10, 1, 10, 10, 10, 10, 10, 10, 10, 10, 10, 10, 10, 
1: 0, 0, 10, 0, 0, 10, 10, 10, 0, 10, 0, 0, 10, 10, 10, 0, 0, 0, 0, 10, 0, 10, 10, 1, 0, 10, 10, 0, 10, 0, 10, 0, 0, 10, 1, 0, 0, 0, 10, 10, 10, 0, 0, 0, 10, 10, 0, 10, 10, 0, 10, 10, 0, 10, 0, 0, 10, 10, 10, 10, 10, 10, 0, 10, 0, 10, 0, 10, 0, 0, 0, 10, 0, 0, 0, 0, 10, 10, 0, 10, 10, 10, 0, 10, 0, 10, 0, 10, 10, 10, 0, 10, 10, 0, 0, 0, 0, 0, 10, 10, 10, 10, 10, 0, 10, 1, 10, 9, 0, 0, 0, 0, 10, 0, 10, 10, 0, 10, 0, 0, : 10, 10, 10, 10, 10, 10, 10, 10, 10, 10, 10, 1, 10, 10, 10, 10, 10, 1, 10, 10, 10, 10, 10, 10, 10, 10, 10, 10, 10, 10, 10, 10, 10, 10, 10, 10, 10, 10, 10, 10, 10, 10, 10, 10, 10, 10, 10, 10, 10, 10, 10, 10, 10, 10, 10, 10, 1, 10, 9, 10, 10, 10, 10, 
732: 0, 10, 10, 0, 0, 10, 0, 0, 10, 10, 10, 0, 0, 10, 10, 10, 14, 10, 10, 10, 0, 0, 10, 0, 10, 0, 10, 0, 10, 10, 10, 0, 10, 10, 12, 0, 10, 10, 0, 10, 10, 0, 10, 0, 10, 10, 0, 10, 0, 10, 0, 0, 10, 10, 10, 0, 10, 10, 0, 0, 10, 0, 10, 0, 10, 0, 10, 0, 10, 10, 10, 10, 0, 0, 10, 10, 10, 0, 0, 10, 0, 0, 0, 0, 0, 0, 10, 10, 0, 0, 0, 0, 0, 10, 0, 0, 10, 0, 10, 0, 0, 0, 10, 0, 0, 10, 10, 10, 0, 10, 10, 10, 0, 10, 0, 0, 10, 10, 0, 10, : 10, 10, 10, 10, 10, 10, 10, 10, 10, 14, 10, 10, 10, 10, 10, 10, 10, 10, 10, 10, 10, 12, 10, 10, 10, 10, 10, 10, 10, 10, 10, 10, 10, 10, 10, 10, 10, 10, 10, 10, 10, 10, 10, 10, 10, 10, 10, 10, 10, 10, 10, 10, 10, 10, 10, 10, 10, 10, 10, 10, 10, 10, 10, 10, 
697: 0, 0, 10, 0, 10, 0, 0, 10, 2, 0, 0, 0, 10, 0, 10, 0, 0, 0, 0, 10, 10, 10, 0, 10, 10, 0, 0, 0, 0, 10, 7, 0, 10, 10, 10, 10, 0, 0, 10, 10, 0, 10, 0, 0, 0, 10, 0, 0, 10, 10, 0, 0, 0, 0, 0, 10, 10, 15, 0, 0, 0, 10, 0, 0, 10, 0, 8, 1, 2, 0, 10, 0, 10, 0, 0, 0, 0, 10, 10, 0, 10, 0, 10, 10, 0, 0, 10, 0, 10, 10, 0, 10, 10, 10, 10, 10, 0, 0, 10, 10, 10, 0, 0, 10, 10, 0, 0, 10, 10, 10, 10, 10, 10, 0, 10, 0, 0, 0, 0, 10, : 10, 10, 10, 2, 10, 10, 10, 10, 10, 10, 10, 10, 7, 10, 10, 10, 10, 10, 10, 10, 10, 10, 10, 10, 10, 15, 10, 10, 8, 1, 2, 10, 10, 10, 10, 10, 10, 10, 10, 10, 10, 10, 10, 10, 10, 10, 10, 10, 10, 10, 10, 10, 10, 10, 10, 10, 10, 10, 10, 
278: 0, 10, 10, 0, 10, 0, 10, 10, 0, 10, 10, 10, 10, 0, 10, 0, 10, 10, 0, 10, 0, 0, 0, 18, 0, 10, 10, 0, 10, 0, 0, 10, 0, 10, 0, 0, 10, 10, 10, 10, 10, 0, 0, 1, 0, 10, 0, 10, 4, 0, 0, 10, 0, 0, 0, 10, 10, 0, 10, 10, 0, 10, 10, 10, 10, 10, 0, 10, 0, 10, 0, 10, 10, 0, 10, 10, 10, 0, 10, 10, 0, 10, 10, 10, 1, 0, 0, 0, 10, 10, 0, 10, 0, 0, 0, 10, 0, 0, 10, 0, 0, 10, 0, 0, 10, 0, 0, 0, 10, 10, 0, 0, 0, 10, 10, 10, 10, 10, 10, 10, : 10, 10, 10, 10, 10, 10, 10, 10, 10, 10, 10, 10, 10, 18, 10, 10, 10, 10, 10, 10, 10, 10, 10, 10, 1, 10, 10, 4, 10, 10, 10, 10, 10, 10, 10, 10, 10, 10, 10, 10, 10, 10, 10, 10, 10, 10, 10, 10, 10, 10, 1, 10, 10, 10, 10, 10, 10, 10, 10, 10, 10, 10, 10, 10, 10, 10, 10, 
649: 10, 10, 0, 10, 0, 10, 0, 5, 10, 10, 0, 0, 10, 0, 10, 0, 10, 0, 10, 10, 6, 1, 0, 10, 10, 10, 0, 10, 0, 10, 10, 4, 10, 10, 0, 10, 0, 10, 10, 0, 0, 0, 10, 0, 0, 0, 20, 0, 10, 10, 10, 10, 10, 10, 10, 0, 0, 0, 2, 10, 0, 0, 1, 12, 0, 10, 0, 0, 3, 0, 0, 10, 2, 0, 10, 10, 10, 10, 10, 0, 7, 0, 0, 10, 10, 0, 10, 10, 10, 10, 10, 4, 10, 0, 0, 0, 4, 10, 10, 2, 10, 0, 10, 10, 0, 0, 10, 0, 10, 0, 10, 0, 10, 0, 10, 0, 0, 10, 10, 4, : 10, 10, 10, 10, 5, 10, 10, 10, 10, 10, 10, 10, 6, 1, 10, 10, 10, 10, 10, 10, 4, 10, 10, 10, 10, 10, 10, 20, 10, 10, 10, 10, 10, 10, 10, 2, 10, 1, 12, 10, 3, 10, 2, 10, 10, 10, 10, 10, 7, 10, 10, 10, 10, 10, 10, 10, 4, 10, 4, 10, 10, 2, 10, 10, 10, 10, 10, 10, 10, 10, 10, 10, 4, 
485: 0, 0, 0, 0, 0, 0, 0, 10, 10, 0, 0, 0, 0, 10, 0, 10, 19, 0, 10, 10, 0, 10, 10, 10, 0, 10, 10, 10, 10, 0, 10, 10, 0, 10, 0, 10, 0, 10, 17, 10, 10, 10, 0, 10, 0, 10, 0, 0, 0, 0, 10, 10, 10, 0, 10, 10, 0, 0, 0, 0, 0, 10, 0, 0, 10, 0, 10, 0, 10, 10, 10, 10, 10, 0, 10, 0, 0, 0, 10, 10, 0, 0, 10, 10, 0, 10, 10, 10, 0, 0, 1, 1, 0, 0, 0, 0, 0, 10, 0, 0, 0, 0, 0, 0, 10, 0, 10, 10, 0, 0, 10, 0, 10, 10, 10, 0, 10, 0, 10, 10, : 10, 10, 10, 10, 19, 10, 10, 10, 10, 10, 10, 10, 10, 10, 10, 10, 10, 10, 10, 17, 10, 10, 10, 10, 10, 10, 10, 10, 10, 10, 10, 10, 10, 10, 10, 10, 10, 10, 10, 10, 10, 10, 10, 10, 10, 10, 1, 1, 10, 10, 10, 10, 10, 10, 10, 10, 10, 10, 10, 
292: 10, 0, 0, 10, 0, 10, 10, 10, 10, 0, 1, 0, 0, 0, 10, 0, 0, 0, 0, 0, 10, 10, 0, 0, 0, 0, 0, 0, 0, 10, 0, 0, 10, 0, 0, 10, 0, 0, 10, 0, 10, 10, 10, 10, 10, 10, 0, 3, 0, 10, 0, 10, 10, 10, 10, 3, 0, 0, 10, 10, 0, 0, 10, 10, 0, 0, 10, 0, 8, 0, 10, 10, 0, 10, 10, 0, 10, 0, 10, 10, 0, 0, 10, 0, 0, 10, 0, 0, 10, 0, 0, 13, 10, 0, 0, 0, 10, 0, 10, 10, 10, 0, 10, 0, 10, 2, 0, 10, 0, 0, 0, 0, 10, 10, 0, 10, 0, 3, 10, 10, : 10, 10, 10, 10, 10, 10, 1, 10, 10, 10, 10, 10, 10, 10, 10, 10, 10, 10, 10, 10, 3, 10, 10, 10, 10, 10, 3, 10, 10, 10, 10, 10, 8, 10, 10, 10, 10, 10, 10, 10, 10, 10, 10, 13, 10, 10, 10, 10, 10, 10, 10, 2, 10, 10, 10, 10, 3, 10, 10, 
227: 0, 10, 10, 10, 0, 0, 10, 0, 10, 0, 10, 10, 0, 0, 10, 0, 10, 0, 0, 0, 0, 0, 0, 0, 4, 0, 0, 0, 0, 0, 10, 10, 0, 0, 0, 10, 0, 0, 0, 10, 0, 10, 0, 10, 10, 0, 10, 10, 10, 0, 0, 0, 0, 10, 10, 10, 10, 1, 0, 0, 0, 10, 0, 10, 10, 2, 10, 10, 0, 10, 10, 10, 0, 0, 10, 0, 10, 0, 1, 3, 2, 10, 0, 0, 0, 0, 0, 10, 0, 0, 10, 0, 0, 0, 10, 0, 10, 0, 0, 0, 0, 0, 10, 10, 10, 0, 10, 10, 2, 0, 10, 0, 10, 10, 0, 10, 10, 0, 0, 0, : 10, 10, 10, 10, 10, 10, 10, 10, 10, 4, 10, 10, 10, 10, 10, 10, 10, 10, 10, 10, 10, 10, 10, 10, 1, 10, 10, 10, 2, 10, 10, 10, 10, 10, 10, 10, 1, 3, 2, 10, 10, 10, 10, 10, 10, 10, 10, 10, 10, 2, 10, 10, 10, 10, 10, 
205: 10, 10, 10, 2, 0, 10, 10, 10, 10, 0, 10, 0, 11, 10, 0, 0, 1, 0, 10, 10, 10, 10, 0, 10, 10, 0, 0, 10, 0, 10, 10, 0, 0, 0, 10, 0, 10, 10, 0, 0, 0, 0, 10, 0, 10, 10, 0, 0, 10, 10, 10, 10, 0, 0, 10, 0, 10, 10, 0, 3, 10, 0, 0, 0, 0, 0, 10, 10, 10, 0, 0, 0, 10, 10, 0, 10, 0, 0, 10, 0, 10, 0, 10, 0, 0, 10, 0, 10, 10, 10, 0, 10, 10, 0, 10, 0, 10, 0, 10, 10, 0, 10, 10, 0, 0, 0, 10, 10, 0, 10, 0, 0, 0, 10, 10, 10, 0, 0, 0, 10, : 10, 10, 10, 2, 10, 10, 10, 10, 10, 11, 10, 1, 10, 10, 10, 10, 10, 10, 10, 10, 10, 10, 10, 10, 10, 10, 10, 10, 10, 10, 10, 10, 10, 10, 3, 10, 10, 10, 10, 10, 10, 10, 10, 10, 10, 10, 10, 10, 10, 10, 10, 10, 10, 10, 10, 10, 10, 10, 10, 10, 10, 10, 10, 10, 
59: 0, 10, 10, 10, 10, 10, 0, 0, 10, 10, 0, 10, 0, 10, 0, 10, 0, 10, 10, 10, 10, 0, 10, 10, 0, 0, 0, 10, 0, 0, 10, 0, 10, 0, 0, 10, 0, 0, 1, 10, 10, 10, 10, 0, 0, 0, 0, 0, 10, 0, 10, 10, 0, 10, 0, 1, 10, 10, 10, 0, 3, 10, 0, 10, 0, 0, 10, 10, 10, 10, 0, 0, 10, 10, 10, 0, 6, 0, 12, 0, 0, 0, 0, 10, 0, 10, 0, 10, 0, 10, 10, 0, 20, 0, 10, 0, 10, 0, 10, 10, 0, 13, 0, 0, 0, 10, 10, 0, 0, 10, 10, 0, 0, 10, 0, 10, 10, 10, 10, 10, : 10, 10, 10, 10, 10, 10, 10, 10, 10, 10, 10, 10, 10, 10, 10, 10, 10, 10, 10, 10, 1, 10, 10, 10, 10, 10, 10, 10, 10, 1, 10, 10, 10, 3, 10, 10, 10, 10, 10, 10, 10, 10, 10, 6, 12, 10, 10, 10, 10, 10, 20, 10, 10, 10, 10, 13, 10, 10, 10, 10, 10, 10, 10, 10, 10, 10, 
43: 0, 0, 10, 0, 10, 0, 0, 0, 0, 10, 0, 10, 0, 10, 0, 0, 0, 10, 10, 10, 0, 0, 0, 10, 0, 0, 0, 0, 0, 0, 10, 1, 10, 10, 10, 0, 0, 0, 0, 10, 10, 0, 3, 10, 0, 0, 10, 0, 10, 0, 10, 10, 0, 0, 10, 13, 10, 0, 10, 0, 10, 0, 10, 0, 10, 10, 10, 10, 10, 1, 0, 0, 10, 0, 2, 10, 0, 0, 0, 0, 0, 2, 10, 10, 10, 0, 10, 10, 0, 10, 0, 10, 0, 10, 10, 10, 10, 10, 0, 10, 10, 0, 0, 10, 10, 0, 10, 10, 10, 0, 0, 0, 0, 0, 0, 0, 1, 0, 10, 0, : 10, 10, 10, 10, 10, 10, 10, 10, 10, 10, 1, 10, 10, 10, 10, 10, 3, 10, 10, 10, 10, 10, 10, 13, 10, 10, 10, 10, 10, 10, 10, 10, 10, 1, 10, 2, 10, 2, 10, 10, 10, 10, 10, 10, 10, 10, 10, 10, 10, 10, 10, 10, 10, 10, 10, 10, 10, 1, 10, 
276: 10, 10, 0, 10, 0, 0, 0, 10, 10, 0, 0, 0, 0, 0, 0, 10, 10, 10, 10, 10, 0, 0, 1, 10, 1, 10, 0, 10, 0, 10, 10, 0, 0, 0, 10, 0, 10, 10, 9, 0, 0, 0, 10, 0, 10, 0, 10, 10, 0, 0, 0, 0, 10, 0, 0, 0, 0, 10, 10, 10, 0, 10, 0, 10, 10, 10, 10, 6, 10, 10, 0, 0, 10, 10, 0, 10, 0, 10, 0, 0, 10, 0, 0, 10, 0, 10, 0, 0, 0, 0, 0, 0, 10, 0, 0, 0, 10, 0, 0, 0, 0, 10, 0, 10, 10, 2, 10, 0, 10, 0, 10, 10, 10, 0, 0, 10, 10, 0, 10, 0, : 10, 10, 10, 10, 10, 10, 10, 10, 10, 10, 1, 10, 1, 10, 10, 10, 10, 10, 10, 10, 9, 10, 10, 10, 10, 10, 10, 10, 10, 10, 10, 10, 10, 10, 6, 10, 10, 10, 10, 10, 10, 10, 10, 10, 10, 10, 10, 10, 10, 2, 10, 10, 10, 10, 10, 10, 10, 10, 
760: 10, 10, 0, 0, 0, 10, 0, 10, 0, 5, 10, 0, 0, 3, 10, 0, 0, 10, 10, 10, 0, 0, 0, 10, 10, 0, 4, 0, 0, 10, 0, 0, 10, 0, 10, 20, 0, 0, 0, 10, 0, 0, 10, 0, 0, 10, 0, 10, 0, 0, 10, 0, 10, 0, 10, 10, 0, 1, 10, 10, 0, 0, 10, 10, 0, 0, 0, 0, 10, 10, 10, 10, 10, 10, 0, 0, 0, 0, 0, 10, 0, 10, 0, 0, 10, 10, 10, 10, 0, 10, 10, 10, 10, 10, 0, 0, 0, 10, 0, 10, 10, 0, 10, 0, 10, 10, 0, 10, 1, 10, 10, 0, 0, 0, 10, 0, 0, 10, 10, 10, : 10, 10, 10, 10, 5, 10, 3, 10, 10, 10, 10, 10, 10, 4, 10, 10, 10, 20, 10, 10, 10, 10, 10, 10, 10, 10, 1, 10, 10, 10, 10, 10, 10, 10, 10, 10, 10, 10, 10, 10, 10, 10, 10, 10, 10, 10, 10, 10, 10, 10, 10, 10, 10, 10, 10, 1, 10, 10, 10, 10, 10, 10, 
367: 0, 0, 0, 0, 10, 10, 10, 0, 0, 10, 0, 0, 0, 10, 10, 10, 10, 0, 0, 10, 10, 0, 0, 0, 10, 0, 1, 0, 10, 0, 10, 0, 10, 0, 0, 10, 10, 10, 10, 0, 0, 0, 0, 0, 0, 10, 10, 0, 0, 0, 10, 10, 10, 10, 10, 10, 0, 10, 15, 0, 0, 10, 10, 10, 0, 0, 0, 0, 0, 0, 0, 10, 0, 0, 0, 10, 10, 10, 0, 0, 10, 0, 0, 0, 6, 10, 10, 10, 10, 0, 0, 10, 1, 10, 10, 10, 0, 0, 0, 4, 1, 10, 0, 0, 0, 0, 10, 0, 0, 10, 0, 10, 2, 0, 10, 0, 0, 0, 0, 10, : 10, 10, 10, 10, 10, 10, 10, 10, 10, 10, 10, 1, 10, 10, 10, 10, 10, 10, 10, 10, 10, 10, 10, 10, 10, 10, 10, 10, 15, 10, 10, 10, 10, 10, 10, 10, 10, 6, 10, 10, 10, 10, 10, 1, 10, 10, 10, 4, 1, 10, 10, 10, 10, 2, 10, 10, 
526: 0, 10, 0, 10, 0, 0, 10, 10, 0, 0, 0, 10, 10, 10, 0, 10, 0, 0, 0, 10, 10, 10, 10, 10, 0, 6, 10, 0, 10, 0, 0, 0, 0, 10, 10, 0, 0, 0, 10, 10, 10, 1, 0, 10, 0, 0, 10, 10, 0, 10, 10, 10, 10, 10, 10, 0, 0, 10, 10, 0, 10, 0, 0, 0, 0, 10, 0, 10, 0, 0, 0, 10, 10, 10, 10, 10, 0, 10, 10, 0, 0, 1, 10, 0, 0, 0, 10, 0, 10, 10, 0, 0, 10, 1, 0, 10, 10, 0, 0, 0, 10, 10, 10, 10, 10, 10, 0, 10, 0, 0, 10, 0, 10, 0, 10, 0, 10, 10, 10, 0, : 10, 10, 10, 10, 10, 10, 10, 10, 10, 10, 10, 10, 10, 6, 10, 10, 10, 10, 10, 10, 10, 1, 10, 10, 10, 10, 10, 10, 10, 10, 10, 10, 10, 10, 10, 10, 10, 10, 10, 10, 10, 10, 10, 1, 10, 10, 10, 10, 10, 1, 10, 10, 10, 10, 10, 10, 10, 10, 10, 10, 10, 10, 10, 10, 10, 
447: 10, 5, 0, 10, 0, 0, 10, 0, 0, 10, 0, 1, 10, 10, 0, 0, 10, 10, 0, 0, 0, 10, 5, 10, 0, 10, 10, 0, 0, 2, 10, 0, 1, 10, 10, 0, 10, 10, 10, 10, 0, 10, 0, 10, 0, 10, 10, 0, 10, 0, 10, 10, 0, 10, 0, 0, 0, 6, 0, 10, 10, 17, 0, 0, 0, 10, 0, 10, 1, 0, 0, 10, 10, 10, 0, 10, 0, 10, 0, 10, 10, 10, 0, 0, 0, 0, 10, 20, 0, 0, 0, 8, 0, 0, 0, 10, 10, 10, 0, 10, 10, 0, 0, 0, 10, 0, 0, 10, 0, 0, 10, 10, 10, 0, 10, 10, 10, 0, 0, 0, : 10, 5, 10, 10, 10, 1, 10, 10, 10, 10, 10, 5, 10, 10, 10, 2, 10, 1, 10, 10, 10, 10, 10, 10, 10, 10, 10, 10, 10, 10, 10, 10, 6, 10, 10, 17, 10, 10, 1, 10, 10, 10, 10, 10, 10, 10, 10, 10, 20, 8, 10, 10, 10, 10, 10, 10, 10, 10, 10, 10, 10, 10, 10, 
593: 0, 10, 0, 0, 10, 0, 0, 0, 10, 0, 0, 10, 0, 10, 10, 0, 0, 10, 10, 0, 10, 10, 6, 0, 10, 10, 0, 10, 10, 10, 0, 10, 0, 0, 10, 10, 0, 0, 10, 0, 1, 0, 0, 10, 10, 10, 0, 10, 10, 10, 10, 13, 0, 0, 10, 10, 10, 0, 0, 0, 10, 10, 0, 10, 0, 0, 10, 10, 0, 0, 0, 10, 0, 0, 10, 0, 0, 10, 10, 0, 10, 0, 0, 10, 10, 0, 0, 10, 0, 10, 10, 0, 0, 10, 10, 10, 10, 0, 10, 10, 10, 10, 0, 0, 10, 0, 10, 3, 10, 0, 10, 0, 0, 0, 0, 0, 10, 10, 0, 10, : 10, 10, 10, 10, 10, 10, 10, 10, 10, 10, 6, 10, 10, 10, 10, 10, 10, 10, 10, 10, 1, 10, 10, 10, 10, 10, 10, 10, 13, 10, 10, 10, 10, 10, 10, 10, 10, 10, 10, 10, 10, 10, 10, 10, 10, 10, 10, 10, 10, 10, 10, 10, 10, 10, 10, 10, 10, 3, 10, 10, 10, 10, 10, 
281: 10, 10, 0, 10, 10, 10, 0, 0, 0, 10, 10, 10, 12, 0, 0, 0, 0, 10, 3, 0, 0, 10, 10, 0, 0, 10, 0, 10, 1, 0, 10, 10, 10, 0, 10, 10, 10, 0, 7, 10, 10, 0, 0, 10, 10, 10, 0, 0, 0, 0, 10, 0, 10, 10, 10, 0, 0, 10, 10, 0, 10, 0, 10, 10, 10, 10, 10, 0, 10, 10, 0, 10, 10, 0, 0, 0, 10, 10, 0, 10, 10, 10, 0, 10, 0, 10, 0, 0, 0, 0, 10, 0, 0, 0, 10, 0, 10, 10, 10, 10, 0, 10, 10, 10, 10, 0, 10, 10, 10, 10, 0, 10, 10, 10, 1, 10, 0, 0, 10, 0, : 10, 10, 10, 10, 10, 10, 10, 10, 12, 10, 3, 10, 10, 10, 10, 1, 10, 10, 10, 10, 10, 10, 7, 10, 10, 10, 10, 10, 10, 10, 10, 10, 10, 10, 10, 10, 10, 10, 10, 10, 10, 10, 10, 10, 10, 10, 10, 10, 10, 10, 10, 10, 10, 10, 10, 10, 10, 10, 10, 10, 10, 10, 10, 10, 10, 10, 10, 10, 1, 10, 10, 
78: 0, 10, 0, 10, 10, 10, 0, 0, 0, 0, 10, 10, 0, 2, 0, 0, 10, 10, 0, 0, 10, 0, 10, 0, 0, 0, 0, 10, 10, 0, 0, 10, 10, 0, 10, 0, 0, 10, 10, 0, 10, 10, 0, 0, 10, 10, 10, 10, 10, 0, 10, 10, 0, 0, 10, 0, 0, 0, 0, 10, 0, 10, 10, 0, 0, 10, 0, 0, 0, 0, 0, 0, 0, 10, 0, 10, 10, 10, 10, 0, 0, 0, 0, 0, 0, 1, 0, 0, 10, 10, 8, 0, 10, 5, 0, 0, 0, 10, 10, 10, 0, 10, 10, 10, 0, 0, 10, 10, 10, 0, 0, 0, 10, 0, 10, 0, 0, 0, 10, 0, : 10, 10, 10, 10, 10, 10, 2, 10, 10, 10, 10, 10, 10, 10, 10, 10, 10, 10, 10, 10, 10, 10, 10, 10, 10, 10, 10, 10, 10, 10, 10, 10, 10, 10, 10, 10, 10, 1, 10, 10, 8, 10, 5, 10, 10, 10, 10, 10, 10, 10, 10, 10, 10, 10, 10, 
399: 0, 0, 0, 0, 0, 0, 10, 0, 10, 0, 0, 0, 0, 0, 10, 0, 0, 0, 0, 10, 0, 10, 10, 0, 10, 0, 10, 0, 10, 10, 10, 10, 10, 0, 0, 0, 0, 0, 0, 10, 10, 10, 10, 0, 0, 10, 10, 0, 10, 10, 10, 0, 0, 10, 0, 17, 2, 0, 10, 0, 10, 10, 0, 10, 10, 0, 0, 10, 0, 0, 0, 10, 0, 0, 0, 10, 10, 10, 0, 10, 0, 0, 0, 0, 4, 0, 19, 0, 10, 0, 0, 10, 0, 10, 10, 0, 0, 0, 0, 0, 10, 0, 10, 10, 0, 0, 10, 0, 0, 10, 0, 0, 4, 0, 0, 3, 0, 0, 0, 10, : 10, 10, 10, 10, 10, 10, 10, 10, 10, 10, 10, 10, 10, 10, 10, 10, 10, 10, 10, 10, 10, 10, 10, 17, 2, 10, 10, 10, 10, 10, 10, 10, 10, 10, 10, 10, 4, 19, 10, 10, 10, 10, 10, 10, 10, 10, 10, 4, 3, 10, 
236: 10, 0, 0, 10, 0, 0, 10, 0, 10, 0, 10, 10, 10, 0, 0, 0, 10, 0, 10, 0, 10, 0, 10, 10, 10, 10, 0, 10, 0, 10, 0, 0, 10, 0, 0, 10, 10, 0, 0, 0, 10, 0, 0, 0, 10, 10, 0, 0, 0, 10, 0, 0, 0, 10, 10, 10, 0, 0, 10, 10, 10, 0, 0, 0, 10, 10, 10, 10, 10, 0, 10, 10, 10, 10, 0, 10, 10, 0, 10, 0, 0, 0, 0, 0, 10, 10, 0, 10, 0, 0, 10, 0, 10, 10, 10, 0, 10, 0, 10, 10, 0, 10, 0, 0, 10, 10, 0, 0, 10, 10, 10, 0, 0, 0, 0, 0, 10, 10, 10, 0, : 10, 10, 10, 10, 10, 10, 10, 10, 10, 10, 10, 10, 10, 10, 10, 10, 10, 10, 10, 10, 10, 10, 10, 10, 10, 10, 10, 10, 10, 10, 10, 10, 10, 10, 10, 10, 10, 10, 10, 10, 10, 10, 10, 10, 10, 10, 10, 10, 10, 10, 10, 10, 10, 10, 10, 10, 10, 10, 10, 10, 
699: 0, 10, 10, 10, 0, 0, 0, 10, 10, 10, 0, 10, 0, 0, 0, 0, 10, 10, 10, 0, 10, 10, 0, 0, 0, 0, 10, 10, 0, 10, 10, 0, 10, 10, 10, 10, 0, 10, 0, 10, 10, 10, 10, 2, 10, 0, 10, 10, 0, 0, 0, 0, 10, 10, 0, 0, 0, 0, 10, 0, 0, 10, 0, 10, 10, 0, 10, 0, 0, 0, 10, 0, 10, 10, 0, 10, 10, 0, 10, 0, 10, 0, 10, 10, 10, 10, 10, 10, 10, 10, 10, 0, 10, 10, 10, 10, 0, 10, 0, 0, 0, 0, 0, 10, 10, 0, 14, 10, 0, 10, 10, 0, 0, 10, 0, 10, 1, 0, 10, 0, : 10, 10, 10, 10, 10, 10, 10, 10, 10, 10, 10, 10, 10, 10, 10, 10, 10, 10, 10, 10, 10, 10, 10, 10, 10, 2, 10, 10, 10, 10, 10, 10, 10, 10, 10, 10, 10, 10, 10, 10, 10, 10, 10, 10, 10, 10, 10, 10, 10, 10, 10, 10, 10, 10, 10, 10, 10, 10, 10, 14, 10, 10, 10, 10, 10, 1, 10, 
479: 10, 0, 1, 0, 10, 0, 10, 0, 0, 10, 0, 10, 10, 0, 10, 0, 0, 10, 0, 0, 10, 0, 0, 0, 10, 0, 10, 10, 11, 0, 10, 0, 0, 0, 10, 10, 10, 10, 0, 0, 0, 0, 0, 0, 0, 0, 0, 10, 0, 10, 10, 0, 0, 0, 0, 10, 0, 0, 0, 10, 10, 0, 10, 0, 0, 10, 10, 10, 16, 10, 18, 10, 0, 0, 0, 1, 10, 10, 10, 10, 10, 0, 0, 10, 10, 10, 0, 0, 0, 0, 10, 10, 10, 19, 10, 10, 4, 10, 1, 0, 10, 10, 10, 0, 10, 10, 0, 0, 0, 10, 10, 0, 0, 10, 0, 10, 10, 10, 10, 0, : 10, 1, 10, 10, 10, 10, 10, 10, 10, 10, 10, 10, 10, 11, 10, 10, 10, 10, 10, 10, 10, 10, 10, 10, 10, 10, 10, 10, 10, 16, 10, 18, 10, 1, 10, 10, 10, 10, 10, 10, 10, 10, 10, 10, 10, 19, 10, 10, 4, 10, 1, 10, 10, 10, 10, 10, 10, 10, 10, 10, 10, 10, 10, 
313: 0, 10, 0, 10, 0, 10, 0, 0, 10, 0, 0, 10, 10, 10, 10, 0, 0, 0, 10, 0, 10, 10, 10, 0, 0, 10, 0, 10, 0, 10, 0, 10, 1, 0, 0, 10, 0, 0, 10, 0, 10, 10, 0, 1, 0, 2, 10, 10, 10, 10, 0, 10, 0, 0, 0, 0, 10, 0, 10, 0, 0, 0, 10, 0, 0, 10, 10, 0, 10, 2, 10, 10, 0, 10, 10, 0, 0, 10, 10, 10, 18, 10, 0, 10, 10, 10, 10, 0, 1, 0, 0, 10, 10, 10, 0, 0, 0, 10, 0, 6, 10, 0, 0, 10, 0, 10, 0, 0, 10, 0, 10, 0, 0, 0, 10, 0, 10, 0, 0, 0, : 10, 10, 10, 10, 10, 10, 10, 10, 10, 10, 10, 10, 10, 10, 10, 10, 1, 10, 10, 10, 10, 1, 2, 10, 10, 10, 10, 10, 10, 10, 10, 10, 10, 10, 2, 10, 10, 10, 10, 10, 10, 10, 18, 10, 10, 10, 10, 10, 1, 10, 10, 10, 10, 6, 10, 10, 10, 10, 10, 10, 10, 
118: 10, 10, 10, 0, 10, 10, 0, 10, 10, 0, 0, 10, 0, 10, 8, 0, 0, 10, 0, 10, 0, 10, 10, 0, 0, 10, 0, 0, 10, 10, 10, 0, 10, 0, 10, 0, 1, 10, 0, 10, 0, 0, 0, 10, 10, 10, 10, 10, 0, 10, 10, 10, 0, 0, 10, 0, 0, 10, 0, 0, 10, 0, 0, 0, 10, 0, 10, 0, 0, 10, 10, 10, 10, 0, 10, 10, 10, 10, 0, 10, 0, 0, 10, 0, 10, 0, 0, 10, 10, 10, 10, 10, 10, 0, 10, 0, 10, 10, 0, 10, 0, 0, 1, 10, 0, 0, 0, 0, 10, 0, 10, 10, 0, 5, 0, 2, 10, 10, 10, 1, : 10, 10, 10, 10, 10, 10, 10, 10, 10, 8, 10, 10, 10, 10, 10, 10, 10, 10, 10, 10, 1, 10, 10, 10, 10, 10, 10, 10, 10, 10, 10, 10, 10, 10, 10, 10, 10, 10, 10, 10, 10, 10, 10, 10, 10, 10, 10, 10, 10, 10, 10, 10, 10, 10, 10, 10, 10, 1, 10, 10, 10, 10, 5, 2, 10, 10, 10, 1, 
415: 0, 0, 10, 0, 10, 0, 0, 10, 10, 10, 3, 0, 0, 17, 0, 10, 10, 10, 10, 10, 0, 10, 0, 10, 0, 14, 0, 10, 0, 10, 0, 10, 0, 10, 0, 0, 10, 0, 10, 10, 10, 10, 0, 10, 10, 10, 10, 10, 17, 0, 10, 0, 10, 0, 10, 10, 10, 10, 10, 10, 0, 0, 0, 0, 10, 0, 10, 0, 10, 0, 10, 0, 0, 0, 0, 10, 0, 0, 10, 0, 0, 0, 1, 0, 0, 0, 10, 0, 0, 0, 0, 0, 1, 0, 10, 10, 0, 10, 0, 10, 0, 0, 10, 10, 10, 10, 10, 10, 0, 10, 0, 0, 10, 10, 10, 10, 0, 0, 10, 10, : 10, 10, 10, 10, 10, 3, 17, 10, 10, 10, 10, 10, 10, 10, 14, 10, 10, 10, 10, 10, 10, 10, 10, 10, 10, 10, 10, 10, 10, 17, 10, 10, 10, 10, 10, 10, 10, 10, 10, 10, 10, 10, 10, 10, 1, 10, 1, 10, 10, 10, 10, 10, 10, 10, 10, 10, 10, 10, 10, 10, 10, 10, 10, 10, 
93: 0, 0, 10, 10, 0, 0, 0, 0, 0, 10, 10, 10, 10, 0, 0, 10, 10, 10, 10, 0, 0, 10, 0, 0, 10, 0, 0, 0, 10, 10, 0, 10, 0, 0, 10, 10, 0, 10, 10, 10, 0, 10, 10, 10, 10, 10, 10, 0, 0, 0, 0, 0, 0, 10, 10, 10, 10, 10, 10, 0, 10, 0, 10, 10, 0, 10, 10, 0, 0, 2, 10, 0, 0, 10, 0, 0, 10, 10, 0, 0, 0, 0, 10, 5, 0, 0, 0, 0, 10, 10, 10, 10, 10, 10, 0, 10, 10, 0, 0, 0, 10, 10, 0, 4, 0, 10, 10, 10, 0, 10, 0, 10, 10, 0, 0, 10, 0, 10, 0, 10, : 10, 10, 10, 10, 10, 10, 10, 10, 10, 10, 10, 10, 10, 10, 10, 10, 10, 10, 10, 10, 10, 10, 10, 10, 10, 10, 10, 10, 10, 10, 10, 10, 10, 10, 10, 10, 10, 2, 10, 10, 10, 10, 10, 5, 10, 10, 10, 10, 10, 10, 10, 10, 10, 10, 4, 10, 10, 10, 10, 10, 10, 10, 10, 10, 
332: 10, 0, 0, 0, 0, 0, 10, 10, 10, 0, 10, 0, 0, 10, 0, 0, 0, 0, 0, 0, 10, 0, 10, 0, 0, 10, 10, 0, 10, 0, 10, 10, 10, 10, 0, 10, 10, 10, 0, 10, 0, 0, 0, 10, 10, 10, 10, 10, 10, 10, 0, 10, 10, 0, 10, 0, 10, 0, 0, 10, 10, 10, 10, 0, 0, 0, 10, 10, 0, 0, 10, 10, 0, 0, 10, 10, 0, 10, 10, 0, 18, 0, 0, 10, 0, 10, 10, 14, 10, 10, 0, 10, 0, 10, 10, 10, 0, 0, 10, 10, 10, 0, 10, 10, 0, 10, 0, 0, 10, 0, 10, 10, 10, 0, 0, 0, 10, 10, 10, 10, : 10, 10, 10, 10, 10, 10, 10, 10, 10, 10, 10, 10, 10, 10, 10, 10, 10, 10, 10, 10, 10, 10, 10, 10, 10, 10, 10, 10, 10, 10, 10, 10, 10, 10, 10, 10, 10, 10, 10, 10, 10, 10, 18, 10, 10, 10, 14, 10, 10, 10, 10, 10, 10, 10, 10, 10, 10, 10, 10, 10, 10, 10, 10, 10, 10, 10, 10, 
80: 10, 0, 0, 10, 10, 4, 0, 10, 0, 0, 10, 10, 0, 0, 10, 10, 10, 13, 0, 10, 10, 10, 10, 0, 10, 0, 10, 10, 0, 0, 0, 10, 0, 10, 0, 0, 0, 10, 0, 10, 0, 10, 10, 10, 0, 0, 10, 10, 0, 10, 0, 0, 10, 0, 10, 0, 10, 0, 0, 10, 10, 2, 0, 10, 10, 10, 0, 10, 10, 0, 10, 10, 10, 10, 0, 10, 0, 0, 10, 10, 10, 10, 10, 10, 0, 10, 0, 1, 0, 10, 0, 10, 0, 0, 9, 0, 10, 10, 0, 0, 10, 10, 0, 0, 10, 10, 0, 10, 10, 10, 0, 10, 0, 10, 0, 0, 0, 10, 10, 0, : 10, 10, 10, 4, 10, 10, 10, 10, 10, 10, 13, 10, 10, 10, 10, 10, 10, 10, 10, 10, 10, 10, 10, 10, 10, 10, 10, 10, 10, 10, 10, 10, 10, 2, 10, 10, 10, 10, 10, 10, 10, 10, 10, 10, 10, 10, 10, 10, 10, 10, 10, 1, 10, 10, 9, 10, 10, 10, 10, 10, 10, 10, 10, 10, 10, 10, 10, 10, 
373: 10, 0, 10, 0, 10, 0, 10, 0, 0, 0, 0, 10, 10, 0, 10, 5, 0, 10, 10, 10, 0, 10, 0, 0, 0, 10, 10, 10, 10, 0, 10, 10, 0, 10, 0, 0, 10, 0, 0, 0, 0, 0, 0, 10, 0, 3, 0, 10, 10, 0, 0, 1, 10, 10, 10, 10, 10, 10, 0, 0, 0, 0, 10, 10, 20, 0, 0, 0, 0, 0, 1, 0, 10, 10, 0, 10, 0, 0, 10, 0, 10, 10, 0, 10, 10, 10, 0, 0, 0, 10, 0, 0, 0, 10, 10, 10, 0, 10, 10, 0, 0, 10, 10, 0, 0, 10, 0, 0, 0, 0, 0, 10, 3, 0, 10, 0, 10, 10, 0, 14, : 10, 10, 10, 10, 10, 10, 10, 5, 10, 10, 10, 10, 10, 10, 10, 10, 10, 10, 10, 10, 10, 3, 10, 10, 1, 10, 10, 10, 10, 10, 10, 10, 10, 20, 1, 10, 10, 10, 10, 10, 10, 10, 10, 10, 10, 10, 10, 10, 10, 10, 10, 10, 10, 10, 3, 10, 10, 10, 14, 
139: 10, 0, 10, 10, 0, 0, 10, 10, 10, 0, 0, 0, 0, 0, 10, 10, 0, 10, 5, 0, 2, 0, 0, 10, 6, 10, 10, 0, 1, 10, 10, 0, 0, 10, 10, 0, 10, 0, 10, 10, 10, 0, 10, 0, 10, 0, 0, 0, 10, 0, 0, 10, 10, 10, 10, 10, 10, 10, 0, 0, 10, 12, 0, 0, 0, 10, 10, 0, 0, 10, 0, 0, 10, 0, 0, 10, 10, 10, 0, 10, 0, 10, 0, 0, 10, 0, 0, 10, 10, 10, 10, 0, 13, 0, 10, 0, 10, 10, 0, 0, 0, 10, 0, 0, 10, 0, 0, 0, 0, 0, 0, 0, 10, 0, 10, 10, 0, 0, 10, 0, : 10, 10, 10, 10, 10, 10, 10, 10, 10, 5, 2, 10, 6, 10, 10, 1, 10, 10, 10, 10, 10, 10, 10, 10, 10, 10, 10, 10, 10, 10, 10, 10, 10, 10, 10, 12, 10, 10, 10, 10, 10, 10, 10, 10, 10, 10, 10, 10, 10, 10, 13, 10, 10, 10, 10, 10, 10, 10, 10, 10, 
307: 1, 10, 10, 10, 0, 10, 0, 0, 0, 10, 10, 10, 0, 0, 10, 10, 10, 0, 10, 10, 10, 0, 10, 0, 0, 0, 0, 10, 10, 0, 0, 0, 10, 10, 0, 10, 10, 0, 0, 10, 0, 10, 10, 0, 0, 0, 0, 0, 10, 10, 18, 10, 10, 10, 0, 0, 0, 10, 10, 10, 2, 0, 0, 10, 0, 0, 0, 10, 0, 0, 10, 10, 1, 0, 10, 10, 0, 0, 0, 0, 0, 10, 10, 10, 0, 0, 0, 0, 0, 10, 0, 0, 10, 10, 0, 10, 0, 10, 10, 10, 10, 10, 0, 10, 10, 10, 10, 0, 10, 10, 0, 0, 10, 10, 10, 10, 0, 10, 10, 0, : 1, 10, 10, 10, 10, 10, 10, 10, 10, 10, 10, 10, 10, 10, 10, 10, 10, 10, 10, 10, 10, 10, 10, 10, 10, 10, 18, 10, 10, 10, 10, 10, 10, 2, 10, 10, 10, 10, 1, 10, 10, 10, 10, 10, 10, 10, 10, 10, 10, 10, 10, 10, 10, 10, 10, 10, 10, 10, 10, 10, 10, 10, 10, 10, 10, 
436: 0, 10, 10, 0, 10, 10, 10, 0, 0, 10, 0, 10, 10, 10, 0, 10, 10, 10, 0, 0, 10, 0, 10, 0, 10, 13, 10, 10, 10, 10, 0, 10, 10, 10, 0, 0, 10, 10, 10, 10, 10, 0, 0, 10, 10, 0, 0, 0, 10, 10, 0, 0, 0, 0, 1, 0, 0, 0, 10, 10, 10, 0, 16, 0, 0, 0, 7, 0, 10, 10, 10, 10, 0, 10, 10, 10, 0, 0, 10, 10, 10, 10, 10, 10, 10, 10, 0, 10, 0, 10, 0, 17, 10, 10, 0, 0, 10, 10, 0, 10, 0, 10, 10, 10, 0, 10, 10, 0, 10, 3, 10, 10, 10, 10, 0, 10, 10, 10, 0, 0, : 10, 10, 10, 10, 10, 10, 10, 10, 10, 10, 10, 10, 10, 10, 10, 13, 10, 10, 10, 10, 10, 10, 10, 10, 10, 10, 10, 10, 10, 10, 10, 10, 1, 10, 10, 10, 16, 7, 10, 10, 10, 10, 10, 10, 10, 10, 10, 10, 10, 10, 10, 10, 10, 10, 10, 17, 10, 10, 10, 10, 10, 10, 10, 10, 10, 10, 10, 3, 10, 10, 10, 10, 10, 10, 10, 


618: 10, 0, 10, 10, 5, 0, 10, 0, 10, 10, 0, 10, 10, 0, 10, 0, 10, 0, 0, 10, 0, 0, 0, 0, 10, 10, 0, 10, 14, 10, 0, 10, 0, 0, 10, 10, 10, 0, 10, 0, 10, 10, 10, 10, 10, 10, 10, 0, 10, 10, 0, 10, 10, 0, 10, 0, 10, 10, 10, 0, 0, 10, 0, 0, 10, 0, 10, 10, 0, 10, 0, 0, 0, 10, 10, 10, 10, 0, 1, 10, 0, 0, 10, 10, 10, 0, 10, 10, 0, 0, 10, 0, 0, 0, 0, 10, 14, 0, 10, 10, 10, 0, 10, 10, 0, 10, 10, 10, 0, 0, 0, 10, 0, 0, 10, 0, 10, 10, 10, 10, : 10, 10, 10, 5, 10, 10, 10, 10, 10, 10, 10, 10, 10, 10, 10, 14, 10, 10, 10, 10, 10, 10, 10, 10, 10, 10, 10, 10, 10, 10, 10, 10, 10, 10, 10, 10, 10, 10, 10, 10, 10, 10, 10, 10, 10, 10, 1, 10, 10, 10, 10, 10, 10, 10, 10, 14, 10, 10, 10, 10, 10, 10, 10, 10, 10, 10, 10, 10, 10, 10, 
522: 10, 0, 10, 10, 0, 9, 10, 17, 0, 0, 10, 10, 0, 0, 10, 10, 10, 0, 0, 10, 0, 10, 10, 10, 10, 10, 10, 10, 10, 0, 10, 10, 10, 0, 0, 10, 0, 0, 0, 0, 0, 10, 0, 10, 0, 10, 10, 10, 10, 10, 10, 10, 0, 0, 10, 10, 0, 10, 10, 10, 0, 10, 10, 16, 0, 0, 0, 0, 0, 0, 0, 2, 0, 0, 10, 2, 10, 10, 10, 0, 10, 10, 10, 0, 0, 0, 0, 10, 0, 10, 14, 0, 0, 10, 0, 0, 0, 10, 0, 6, 0, 0, 0, 10, 2, 0, 0, 10, 0, 0, 10, 10, 0, 10, 0, 10, 0, 0, 0, 10, : 10, 10, 10, 9, 10, 17, 10, 10, 10, 10, 10, 10, 10, 10, 10, 10, 10, 10, 10, 10, 10, 10, 10, 10, 10, 10, 10, 10, 10, 10, 10, 10, 10, 10, 10, 10, 10, 10, 10, 10, 16, 2, 10, 2, 10, 10, 10, 10, 10, 10, 10, 10, 14, 10, 10, 6, 10, 2, 10, 10, 10, 10, 10, 10, 
38: 0, 0, 10, 10, 0, 10, 0, 10, 0, 0, 0, 0, 10, 0, 0, 10, 10, 10, 0, 2, 10, 10, 10, 0, 0, 10, 10, 0, 0, 10, 0, 10, 10, 10, 10, 10, 0, 10, 0, 0, 0, 0, 10, 0, 0, 0, 0, 10, 0, 10, 0, 10, 0, 2, 10, 0, 10, 10, 10, 10, 0, 0, 10, 0, 0, 10, 10, 10, 10, 0, 10, 10, 0, 0, 10, 0, 10, 0, 10, 0, 0, 0, 10, 10, 0, 10, 10, 0, 0, 10, 0, 10, 0, 10, 7, 10, 0, 10, 0, 10, 0, 0, 10, 10, 10, 0, 10, 10, 0, 0, 0, 10, 10, 10, 0, 0, 10, 10, 10, 0, : 10, 10, 10, 10, 10, 10, 10, 10, 2, 10, 10, 10, 10, 10, 10, 10, 10, 10, 10, 10, 10, 10, 10, 10, 10, 2, 10, 10, 10, 10, 10, 10, 10, 10, 10, 10, 10, 10, 10, 10, 10, 10, 10, 10, 10, 10, 10, 10, 7, 10, 10, 10, 10, 10, 10, 10, 10, 10, 10, 10, 10, 10, 10, 
213: 10, 10, 0, 0, 0, 0, 10, 0, 10, 0, 0, 0, 10, 10, 10, 0, 0, 10, 10, 0, 0, 10, 0, 0, 10, 10, 0, 0, 0, 0, 0, 10, 10, 0, 10, 2, 10, 10, 10, 0, 10, 0, 10, 10, 0, 2, 0, 10, 10, 0, 10, 10, 0, 10, 10, 0, 0, 10, 10, 2, 0, 16, 0, 10, 0, 10, 10, 0, 10, 10, 10, 10, 10, 0, 10, 0, 0, 10, 0, 10, 10, 10, 10, 10, 10, 10, 10, 0, 10, 0, 10, 0, 10, 1, 10, 0, 0, 10, 10, 0, 10, 0, 0, 10, 10, 10, 10, 0, 1, 10, 10, 0, 0, 10, 0, 10, 10, 10, 10, 10, : 10, 10, 10, 10, 10, 10, 10, 10, 10, 10, 10, 10, 10, 10, 10, 2, 10, 10, 10, 10, 10, 10, 2, 10, 10, 10, 10, 10, 10, 10, 10, 2, 16, 10, 10, 10, 10, 10, 10, 10, 10, 10, 10, 10, 10, 10, 10, 10, 10, 10, 10, 10, 10, 10, 1, 10, 10, 10, 10, 10, 10, 10, 10, 1, 10, 10, 10, 10, 10, 10, 10, 10, 
212: 0, 10, 10, 0, 10, 0, 1, 10, 0, 10, 3, 0, 0, 0, 4, 10, 0, 10, 10, 10, 10, 10, 10, 0, 0, 10, 2, 10, 10, 10, 10, 0, 10, 10, 0, 0, 10, 10, 10, 0, 10, 10, 10, 10, 10, 0, 10, 0, 0, 0, 10, 0, 0, 10, 0, 0, 0, 10, 0, 10, 10, 0, 0, 10, 10, 0, 0, 10, 0, 0, 0, 10, 1, 10, 0, 0, 10, 0, 0, 10, 10, 0, 0, 1, 0, 10, 10, 0, 2, 10, 0, 3, 10, 10, 10, 0, 0, 10, 0, 0, 0, 0, 0, 0, 0, 2, 10, 0, 0, 0, 0, 10, 10, 10, 0, 10, 0, 10, 0, 10, : 10, 10, 10, 1, 10, 10, 3, 4, 10, 10, 10, 10, 10, 10, 10, 10, 2, 10, 10, 10, 10, 10, 10, 10, 10, 10, 10, 10, 10, 10, 10, 10, 10, 10, 10, 10, 10, 10, 10, 10, 10, 1, 10, 10, 10, 10, 1, 10, 10, 2, 10, 3, 10, 10, 10, 10, 2, 10, 10, 10, 10, 10, 10, 10, 
639: 0, 0, 0, 0, 0, 10, 0, 0, 10, 0, 0, 10, 10, 10, 0, 0, 0, 10, 10, 0, 0, 10, 0, 0, 0, 10, 10, 3, 10, 0, 10, 10, 0, 0, 10, 0, 0, 0, 10, 0, 10, 0, 0, 10, 0, 10, 10, 10, 1, 10, 1, 10, 0, 0, 1, 10, 0, 10, 0, 10, 0, 10, 10, 2, 10, 0, 10, 10, 0, 0, 10, 0, 10, 10, 0, 10, 0, 0, 0, 0, 0, 0, 10, 0, 10, 10, 0, 10, 10, 10, 0, 10, 0, 0, 10, 10, 10, 0, 10, 10, 0, 2, 10, 10, 0, 10, 10, 0, 0, 0, 10, 10, 0, 10, 0, 0, 10, 10, 0, 0, : 10, 10, 10, 10, 10, 10, 10, 10, 10, 10, 3, 10, 10, 10, 10, 10, 10, 10, 10, 10, 10, 1, 10, 1, 10, 1, 10, 10, 10, 10, 10, 2, 10, 10, 10, 10, 10, 10, 10, 10, 10, 10, 10, 10, 10, 10, 10, 10, 10, 10, 10, 2, 10, 10, 10, 10, 10, 10, 10, 10, 10, 
483: 0, 10, 0, 0, 0, 0, 10, 0, 10, 10, 0, 10, 10, 0, 0, 1, 0, 10, 0, 10, 10, 10, 0, 0, 0, 10, 0, 10, 0, 10, 10, 0, 10, 10, 10, 10, 0, 10, 0, 10, 10, 10, 0, 0, 0, 10, 0, 0, 0, 10, 0, 0, 0, 10, 0, 10, 0, 0, 0, 10, 10, 0, 10, 0, 0, 10, 10, 10, 1, 10, 10, 10, 10, 10, 0, 10, 0, 0, 0, 10, 10, 0, 0, 10, 0, 0, 10, 10, 10, 0, 0, 10, 0, 10, 10, 10, 10, 10, 10, 10, 0, 10, 10, 0, 10, 10, 10, 0, 0, 0, 0, 0, 10, 10, 2, 10, 10, 0, 0, 0, : 10, 10, 10, 10, 10, 10, 1, 10, 10, 10, 10, 10, 10, 10, 10, 10, 10, 10, 10, 10, 10, 10, 10, 10, 10, 10, 10, 10, 10, 10, 10, 10, 10, 1, 10, 10, 10, 10, 10, 10, 10, 10, 10, 10, 10, 10, 10, 10, 10, 10, 10, 10, 10, 10, 10, 10, 10, 10, 10, 10, 10, 2, 10, 10, 
528: 0, 10, 0, 10, 0, 0, 10, 0, 10, 1, 10, 0, 10, 0, 0, 10, 10, 0, 10, 0, 10, 10, 10, 0, 0, 10, 10, 2, 0, 16, 0, 10, 0, 10, 0, 0, 10, 0, 0, 0, 10, 10, 0, 0, 10, 0, 0, 0, 0, 10, 0, 0, 10, 0, 10, 10, 0, 0, 0, 10, 1, 0, 0, 10, 10, 10, 0, 0, 0, 0, 10, 0, 10, 10, 0, 0, 10, 0, 10, 0, 10, 10, 10, 1, 0, 10, 10, 0, 10, 0, 0, 10, 10, 0, 10, 0, 10, 0, 10, 10, 0, 0, 0, 0, 0, 10, 10, 10, 10, 0, 10, 0, 10, 10, 10, 0, 2, 0, 0, 0, : 10, 10, 10, 10, 1, 10, 10, 10, 10, 10, 10, 10, 10, 10, 10, 2, 16, 10, 10, 10, 10, 10, 10, 10, 10, 10, 10, 10, 1, 10, 10, 10, 10, 10, 10, 10, 10, 10, 10, 10, 1, 10, 10, 10, 10, 10, 10, 10, 10, 10, 10, 10, 10, 10, 10, 10, 10, 10, 2, 
786: 0, 0, 0, 10, 0, 10, 0, 10, 10, 10, 10, 0, 10, 10, 0, 0, 0, 0, 0, 10, 10, 10, 0, 10, 0, 0, 10, 10, 2, 10, 0, 0, 10, 10, 10, 0, 0, 0, 10, 0, 0, 0, 0, 10, 0, 0, 0, 0, 10, 10, 10, 0, 10, 10, 0, 10, 10, 0, 0, 0, 10, 0, 0, 10, 0, 0, 10, 10, 0, 10, 10, 10, 0, 10, 10, 0, 10, 10, 10, 10, 10, 0, 0, 0, 16, 0, 0, 10, 0, 0, 10, 0, 0, 10, 10, 10, 0, 0, 10, 0, 10, 10, 10, 10, 0, 0, 10, 10, 10, 0, 10, 10, 10, 0, 0, 0, 10, 0, 0, 0, : 10, 10, 10, 10, 10, 10, 10, 10, 10, 10, 10, 10, 10, 10, 2, 10, 10, 10, 10, 10, 10, 10, 10, 10, 10, 10, 10, 10, 10, 10, 10, 10, 10, 10, 10, 10, 10, 10, 10, 10, 10, 10, 16, 10, 10, 10, 10, 10, 10, 10, 10, 10, 10, 10, 10, 10, 10, 10, 10, 10, 
758: 13, 10, 10, 0, 0, 10, 10, 0, 10, 10, 0, 0, 10, 10, 0, 10, 10, 0, 10, 0, 0, 0, 0, 10, 0, 10, 0, 10, 10, 10, 0, 10, 10, 2, 20, 0, 0, 0, 10, 10, 0, 10, 10, 0, 0, 10, 10, 0, 10, 0, 14, 0, 0, 0, 10, 0, 10, 0, 1, 10, 10, 10, 0, 10, 10, 0, 10, 10, 10, 10, 10, 10, 10, 10, 1, 0, 10, 0, 10, 10, 10, 10, 10, 10, 0, 0, 10, 10, 10, 10, 10, 0, 10, 10, 0, 0, 10, 10, 10, 0, 10, 0, 10, 18, 10, 0, 10, 0, 0, 0, 10, 10, 10, 0, 10, 10, 3, 10, 10, 10, : 13, 10, 10, 10, 10, 10, 10, 10, 10, 10, 10, 10, 10, 10, 10, 10, 10, 10, 10, 2, 20, 10, 10, 10, 10, 10, 10, 10, 14, 10, 10, 1, 10, 10, 10, 10, 10, 10, 10, 10, 10, 10, 10, 10, 10, 1, 10, 10, 10, 10, 10, 10, 10, 10, 10, 10, 10, 10, 10, 10, 10, 10, 10, 10, 10, 18, 10, 10, 10, 10, 10, 10, 10, 3, 10, 10, 10, 
516: 0, 10, 10, 10, 0, 0, 0, 10, 0, 0, 0, 10, 0, 0, 10, 10, 0, 0, 0, 0, 0, 10, 10, 0, 10, 10, 10, 0, 10, 10, 0, 0, 0, 10, 0, 0, 0, 10, 10, 0, 10, 0, 10, 0, 10, 10, 0, 0, 0, 10, 10, 0, 10, 0, 0, 0, 10, 10, 11, 10, 10, 0, 10, 0, 10, 10, 10, 0, 10, 1, 10, 18, 0, 10, 0, 10, 10, 0, 10, 0, 10, 10, 10, 0, 10, 10, 0, 2, 10, 0, 10, 10, 0, 10, 10, 10, 10, 10, 0, 10, 0, 2, 0, 0, 10, 0, 10, 10, 0, 0, 10, 10, 0, 0, 0, 0, 0, 0, 0, 5, : 10, 10, 10, 10, 10, 10, 10, 10, 10, 10, 10, 10, 10, 10, 10, 10, 10, 10, 10, 10, 10, 10, 10, 10, 10, 10, 11, 10, 10, 10, 10, 10, 10, 10, 1, 10, 18, 10, 10, 10, 10, 10, 10, 10, 10, 10, 2, 10, 10, 10, 10, 10, 10, 10, 10, 10, 2, 10, 10, 10, 10, 10, 5, 
31: 0, 10, 10, 10, 10, 10, 10, 10, 10, 10, 0, 0, 0, 10, 10, 0, 10, 10, 0, 0, 0, 0, 0, 0, 0, 0, 10, 0, 0, 10, 0, 3, 0, 0, 10, 0, 0, 10, 10, 10, 0, 11, 0, 10, 0, 0, 0, 2, 10, 0, 10, 10, 0, 0, 10, 10, 0, 0, 0, 10, 0, 0, 10, 0, 0, 0, 0, 0, 10, 0, 10, 0, 0, 10, 5, 10, 10, 0, 0, 10, 0, 10, 10, 0, 10, 2, 10, 10, 10, 0, 0, 0, 10, 0, 0, 1, 0, 10, 10, 0, 10, 0, 0, 0, 10, 0, 10, 10, 0, 10, 0, 10, 0, 10, 10, 10, 10, 10, 10, 10, : 10, 10, 10, 10, 10, 10, 10, 10, 10, 10, 10, 10, 10, 10, 10, 3, 10, 10, 10, 10, 11, 10, 2, 10, 10, 10, 10, 10, 10, 10, 10, 10, 10, 5, 10, 10, 10, 10, 10, 10, 2, 10, 10, 10, 10, 1, 10, 10, 10, 10, 10, 10, 10, 10, 10, 10, 10, 10, 10, 10, 10, 
506: 10, 0, 10, 10, 10, 10, 0, 0, 10, 0, 0, 0, 10, 10, 1, 0, 10, 0, 10, 10, 0, 10, 0, 0, 0, 10, 0, 10, 10, 10, 10, 0, 0, 10, 10, 0, 10, 10, 10, 0, 10, 0, 10, 10, 0, 0, 10, 0, 0, 0, 10, 10, 10, 10, 0, 10, 10, 0, 10, 10, 10, 0, 10, 0, 0, 10, 0, 10, 10, 10, 0, 10, 0, 10, 10, 0, 10, 0, 10, 10, 0, 10, 10, 10, 0, 0, 0, 0, 10, 10, 10, 0, 0, 0, 0, 0, 10, 10, 0, 10, 10, 0, 10, 0, 10, 10, 0, 0, 10, 10, 0, 10, 10, 10, 10, 10, 10, 0, 0, 0, : 10, 10, 10, 10, 10, 10, 10, 10, 1, 10, 10, 10, 10, 10, 10, 10, 10, 10, 10, 10, 10, 10, 10, 10, 10, 10, 10, 10, 10, 10, 10, 10, 10, 10, 10, 10, 10, 10, 10, 10, 10, 10, 10, 10, 10, 10, 10, 10, 10, 10, 10, 10, 10, 10, 10, 10, 10, 10, 10, 10, 10, 10, 10, 10, 10, 10, 10, 10, 
232: 0, 10, 0, 0, 10, 0, 10, 0, 10, 0, 0, 10, 0, 10, 10, 6, 5, 10, 0, 0, 0, 10, 10, 0, 10, 2, 0, 10, 10, 10, 0, 0, 0, 0, 0, 0, 0, 0, 0, 0, 0, 10, 0, 0, 10, 0, 0, 0, 10, 10, 10, 0, 0, 10, 10, 0, 10, 10, 0, 10, 0, 10, 0, 0, 0, 0, 10, 0, 10, 0, 10, 0, 0, 10, 0, 10, 10, 10, 10, 10, 10, 10, 10, 10, 10, 0, 0, 10, 0, 0, 0, 1, 0, 10, 0, 2, 0, 10, 10, 0, 0, 10, 1, 0, 0, 0, 0, 10, 0, 0, 10, 10, 0, 10, 0, 10, 0, 10, 10, 0, : 10, 10, 10, 10, 10, 10, 10, 6, 5, 10, 10, 10, 10, 2, 10, 10, 10, 10, 10, 10, 10, 10, 10, 10, 10, 10, 10, 10, 10, 10, 10, 10, 10, 10, 10, 10, 10, 10, 10, 10, 10, 10, 10, 1, 10, 2, 10, 10, 10, 1, 10, 10, 10, 10, 10, 10, 10, 
85: 10, 10, 0, 10, 16, 10, 10, 10, 8, 10, 10, 10, 0, 10, 10, 0, 2, 10, 0, 10, 10, 10, 0, 10, 10, 0, 0, 10, 0, 10, 10, 0, 0, 10, 10, 0, 0, 0, 10, 6, 10, 10, 10, 10, 10, 10, 10, 0, 0, 10, 10, 0, 10, 0, 10, 10, 0, 0, 0, 0, 0, 10, 10, 10, 0, 10, 0, 10, 2, 10, 0, 10, 4, 0, 10, 10, 10, 0, 4, 10, 10, 10, 0, 0, 0, 0, 10, 10, 10, 10, 10, 10, 0, 0, 0, 0, 1, 0, 0, 0, 0, 10, 10, 10, 0, 0, 10, 0, 10, 10, 0, 0, 0, 0, 0, 0, 10, 10, 0, 0, : 10, 10, 10, 16, 10, 10, 10, 8, 10, 10, 10, 10, 10, 2, 10, 10, 10, 10, 10, 10, 10, 10, 10, 10, 10, 10, 6, 10, 10, 10, 10, 10, 10, 10, 10, 10, 10, 10, 10, 10, 10, 10, 10, 10, 2, 10, 10, 4, 10, 10, 10, 4, 10, 10, 10, 10, 10, 10, 10, 10, 10, 1, 10, 10, 10, 10, 10, 10, 10, 10, 
156: 0, 0, 0, 0, 10, 10, 10, 10, 10, 0, 10, 5, 0, 0, 10, 0, 3, 0, 0, 0, 0, 10, 10, 0, 0, 10, 10, 0, 10, 0, 0, 0, 10, 10, 0, 10, 0, 0, 10, 0, 0, 10, 10, 0, 10, 10, 0, 10, 10, 10, 0, 0, 0, 0, 0, 1, 10, 0, 10, 10, 0, 0, 10, 0, 0, 10, 10, 0, 10, 6, 0, 0, 10, 0, 10, 10, 0, 0, 0, 0, 0, 0, 0, 0, 10, 10, 0, 0, 0, 10, 10, 10, 0, 10, 10, 10, 0, 10, 0, 0, 1, 10, 0, 0, 10, 10, 0, 10, 10, 0, 10, 0, 10, 0, 0, 0, 3, 10, 0, 10, : 10, 10, 10, 10, 10, 10, 5, 10, 3, 10, 10, 10, 10, 10, 10, 10, 10, 10, 10, 10, 10, 10, 10, 10, 10, 1, 10, 10, 10, 10, 10, 10, 10, 6, 10, 10, 10, 10, 10, 10, 10, 10, 10, 10, 10, 10, 1, 10, 10, 10, 10, 10, 10, 10, 3, 10, 10, 
249: 10, 0, 0, 0, 0, 0, 10, 10, 0, 10, 10, 14, 10, 10, 0, 10, 0, 10, 10, 10, 1, 0, 0, 10, 10, 0, 10, 10, 0, 0, 10, 0, 0, 0, 10, 0, 10, 0, 0, 0, 10, 10, 0, 0, 10, 10, 0, 10, 0, 10, 0, 0, 0, 10, 10, 0, 10, 10, 10, 0, 10, 0, 0, 10, 0, 0, 0, 0, 10, 0, 10, 10, 10, 0, 10, 0, 0, 10, 10, 10, 0, 10, 0, 10, 10, 10, 10, 14, 10, 10, 10, 0, 0, 4, 0, 10, 0, 9, 0, 1, 17, 10, 0, 10, 9, 18, 0, 0, 0, 0, 0, 0, 0, 0, 10, 10, 0, 0, 0, 0, : 10, 10, 10, 10, 10, 14, 10, 10, 10, 10, 10, 10, 1, 10, 10, 10, 10, 10, 10, 10, 10, 10, 10, 10, 10, 10, 10, 10, 10, 10, 10, 10, 10, 10, 10, 10, 10, 10, 10, 10, 10, 10, 10, 10, 10, 10, 14, 10, 10, 10, 4, 10, 9, 1, 17, 10, 10, 9, 18, 10, 10, 
154: 0, 0, 0, 1, 0, 0, 10, 0, 10, 0, 0, 0, 0, 0, 0, 10, 10, 0, 0, 10, 10, 0, 0, 0, 10, 10, 0, 0, 10, 0, 0, 0, 0, 10, 0, 10, 10, 0, 10, 10, 10, 0, 0, 0, 0, 10, 0, 0, 0, 10, 10, 0, 10, 0, 10, 10, 0, 10, 10, 0, 0, 10, 0, 10, 10, 0, 10, 0, 0, 10, 10, 0, 0, 0, 0, 10, 0, 0, 10, 0, 5, 10, 0, 0, 10, 0, 0, 0, 0, 10, 10, 0, 10, 0, 0, 0, 10, 10, 0, 0, 0, 10, 0, 3, 10, 10, 0, 0, 10, 10, 0, 0, 10, 0, 10, 10, 10, 0, 10, 10, : 1, 10, 10, 10, 10, 10, 10, 10, 10, 10, 10, 10, 10, 10, 10, 10, 10, 10, 10, 10, 10, 10, 10, 10, 10, 10, 10, 10, 10, 10, 10, 10, 5, 10, 10, 10, 10, 10, 10, 10, 10, 3, 10, 10, 10, 10, 10, 10, 10, 10, 10, 10, 
117: 10, 0, 0, 10, 10, 0, 0, 10, 0, 0, 10, 0, 0, 10, 0, 10, 0, 0, 10, 8, 10, 0, 10, 10, 0, 0, 19, 0, 0, 10, 10, 10, 10, 0, 10, 10, 10, 10, 10, 0, 0, 10, 15, 0, 0, 10, 0, 10, 10, 10, 10, 10, 10, 1, 0, 0, 0, 0, 0, 10, 10, 0, 10, 10, 0, 8, 10, 10, 0, 10, 0, 10, 0, 10, 0, 0, 10, 0, 0, 0, 0, 10, 10, 0, 10, 3, 0, 10, 0, 0, 10, 0, 0, 0, 10, 10, 0, 0, 9, 10, 0, 0, 10, 0, 10, 10, 10, 10, 10, 10, 10, 0, 0, 0, 10, 0, 10, 0, 0, 0, : 10, 10, 10, 10, 10, 10, 10, 10, 8, 10, 10, 10, 19, 10, 10, 10, 10, 10, 10, 10, 10, 10, 10, 15, 10, 10, 10, 10, 10, 10, 10, 1, 10, 10, 10, 10, 8, 10, 10, 10, 10, 10, 10, 10, 10, 10, 3, 10, 10, 10, 10, 9, 10, 10, 10, 10, 10, 10, 10, 10, 10, 10, 10, 
580: 10, 10, 10, 9, 0, 10, 0, 0, 1, 0, 1, 10, 10, 10, 0, 10, 0, 10, 3, 0, 10, 0, 10, 10, 10, 0, 0, 10, 10, 0, 10, 10, 10, 0, 0, 10, 10, 10, 10, 0, 0, 0, 0, 10, 0, 10, 0, 10, 4, 0, 10, 10, 10, 0, 0, 10, 0, 10, 10, 0, 10, 0, 0, 0, 10, 10, 0, 10, 0, 0, 10, 0, 0, 10, 0, 10, 0, 10, 0, 10, 10, 10, 10, 10, 10, 10, 0, 10, 2, 0, 0, 0, 10, 0, 0, 10, 10, 10, 0, 10, 0, 0, 0, 10, 10, 0, 10, 0, 10, 10, 10, 10, 0, 4, 1, 10, 0, 0, 10, 10, : 10, 10, 10, 9, 10, 1, 1, 10, 10, 10, 10, 10, 3, 10, 10, 10, 10, 10, 10, 10, 10, 10, 10, 10, 10, 10, 10, 10, 10, 4, 10, 10, 10, 10, 10, 10, 10, 10, 10, 10, 10, 10, 10, 10, 10, 10, 10, 10, 10, 10, 10, 10, 2, 10, 10, 10, 10, 10, 10, 10, 10, 10, 10, 10, 10, 4, 1, 10, 10, 10, 
88: 10, 10, 10, 0, 7, 10, 10, 10, 10, 10, 10, 0, 0, 10, 10, 0, 0, 0, 10, 10, 10, 0, 10, 10, 0, 10, 0, 10, 5, 10, 0, 10, 3, 0, 10, 10, 10, 0, 0, 10, 10, 10, 0, 0, 10, 10, 0, 0, 0, 0, 0, 10, 10, 10, 10, 10, 0, 0, 0, 0, 10, 10, 10, 10, 10, 0, 10, 10, 0, 0, 10, 0, 10, 0, 10, 10, 0, 8, 0, 0, 0, 10, 0, 0, 0, 0, 0, 10, 10, 0, 0, 10, 0, 10, 10, 10, 1, 10, 10, 10, 0, 10, 2, 0, 10, 0, 10, 10, 10, 10, 10, 0, 0, 0, 10, 0, 0, 0, 0, 0, : 10, 10, 10, 7, 10, 10, 10, 10, 10, 10, 10, 10, 10, 10, 10, 10, 10, 10, 10, 5, 10, 10, 3, 10, 10, 10, 10, 10, 10, 10, 10, 10, 10, 10, 10, 10, 10, 10, 10, 10, 10, 10, 10, 10, 10, 10, 10, 8, 10, 10, 10, 10, 10, 10, 10, 1, 10, 10, 10, 10, 2, 10, 10, 10, 10, 10, 10, 10, 
673: 10, 10, 10, 0, 0, 0, 0, 0, 0, 0, 10, 2, 10, 10, 0, 0, 0, 0, 0, 0, 10, 0, 10, 10, 0, 10, 0, 0, 0, 10, 0, 0, 10, 0, 0, 10, 10, 10, 0, 0, 0, 10, 0, 10, 3, 10, 10, 10, 10, 0, 10, 10, 0, 10, 10, 0, 10, 0, 10, 10, 0, 10, 0, 3, 10, 0, 10, 10, 10, 0, 10, 0, 10, 0, 0, 0, 6, 0, 0, 0, 0, 0, 0, 13, 10, 10, 10, 0, 0, 0, 10, 0, 0, 0, 10, 0, 10, 0, 0, 10, 0, 0, 0, 0, 0, 10, 10, 10, 10, 10, 0, 3, 10, 0, 0, 10, 10, 10, 0, 10, : 10, 10, 10, 10, 2, 10, 10, 10, 10, 10, 10, 10, 10, 10, 10, 10, 10, 10, 3, 10, 10, 10, 10, 10, 10, 10, 10, 10, 10, 10, 10, 3, 10, 10, 10, 10, 10, 10, 6, 13, 10, 10, 10, 10, 10, 10, 10, 10, 10, 10, 10, 10, 3, 10, 10, 10, 10, 10, 
5: 10, 10, 10, 0, 10, 10, 0, 10, 10, 0, 0, 10, 0, 10, 10, 0, 10, 10, 10, 0, 0, 0, 0, 0, 10, 1, 0, 0, 10, 9, 10, 10, 0, 0, 0, 7, 10, 0, 0, 10, 0, 0, 10, 10, 10, 10, 0, 10, 10, 10, 0, 10, 0, 0, 10, 10, 0, 10, 10, 0, 0, 0, 0, 0, 0, 0, 0, 0, 10, 0, 0, 10, 10, 10, 0, 10, 10, 0, 10, 0, 0, 0, 0, 0, 0, 10, 10, 10, 0, 10, 10, 15, 1, 0, 7, 10, 10, 10, 0, 0, 0, 0, 10, 0, 10, 10, 0, 0, 10, 10, 10, 10, 10, 0, 10, 10, 10, 0, 0, 0, : 10, 10, 10, 10, 10, 10, 10, 10, 10, 10, 10, 10, 10, 10, 1, 10, 9, 10, 10, 7, 10, 10, 10, 10, 10, 10, 10, 10, 10, 10, 10, 10, 10, 10, 10, 10, 10, 10, 10, 10, 10, 10, 10, 10, 10, 10, 15, 1, 7, 10, 10, 10, 10, 10, 10, 10, 10, 10, 10, 10, 10, 10, 10, 
104: 10, 0, 6, 10, 0, 10, 10, 10, 10, 4, 10, 10, 0, 0, 0, 10, 10, 10, 10, 0, 0, 3, 10, 10, 0, 10, 10, 0, 0, 0, 10, 0, 2, 0, 10, 0, 10, 10, 0, 10, 10, 10, 0, 0, 10, 10, 10, 0, 10, 10, 0, 10, 10, 0, 10, 10, 10, 10, 10, 10, 0, 0, 0, 9, 0, 10, 10, 10, 10, 10, 0, 0, 10, 0, 10, 10, 0, 0, 0, 10, 10, 0, 10, 0, 0, 0, 0, 0, 10, 0, 0, 0, 10, 0, 10, 10, 2, 0, 0, 19, 10, 0, 10, 0, 0, 10, 0, 1, 0, 0, 0, 10, 10, 0, 10, 0, 10, 0, 10, 10, : 10, 6, 10, 10, 10, 10, 10, 4, 10, 10, 10, 10, 10, 10, 3, 10, 10, 10, 10, 10, 2, 10, 10, 10, 10, 10, 10, 10, 10, 10, 10, 10, 10, 10, 10, 10, 10, 10, 10, 10, 9, 10, 10, 10, 10, 10, 10, 10, 10, 10, 10, 10, 10, 10, 10, 10, 2, 19, 10, 10, 10, 1, 10, 10, 10, 10, 10, 10, 
197: 17, 0, 0, 0, 0, 0, 0, 2, 0, 0, 0, 10, 0, 0, 10, 0, 0, 0, 10, 0, 0, 10, 0, 10, 0, 0, 0, 10, 0, 0, 10, 0, 10, 0, 0, 10, 0, 0, 10, 10, 10, 0, 0, 0, 0, 10, 10, 10, 0, 0, 10, 0, 10, 10, 0, 10, 10, 0, 0, 10, 0, 8, 0, 0, 0, 0, 0, 10, 10, 0, 0, 3, 0, 5, 10, 10, 10, 10, 10, 0, 0, 10, 10, 10, 0, 10, 10, 10, 0, 0, 0, 10, 10, 10, 0, 10, 0, 10, 10, 0, 0, 10, 0, 10, 10, 10, 0, 10, 10, 10, 0, 10, 10, 10, 10, 10, 10, 10, 0, 10, : 17, 2, 10, 10, 10, 10, 10, 10, 10, 10, 10, 10, 10, 10, 10, 10, 10, 10, 10, 10, 10, 10, 10, 8, 10, 10, 3, 5, 10, 10, 10, 10, 10, 10, 10, 10, 10, 10, 10, 10, 10, 10, 10, 10, 10, 10, 10, 10, 10, 10, 10, 10, 10, 10, 10, 10, 10, 10, 10, 10, 
4: 10, 10, 10, 0, 0, 10, 10, 0, 10, 10, 0, 10, 0, 0, 0, 10, 1, 10, 0, 0, 0, 0, 10, 10, 10, 0, 0, 10, 0, 0, 0, 0, 0, 10, 10, 0, 0, 4, 10, 0, 10, 10, 10, 0, 10, 0, 0, 0, 0, 10, 8, 10, 10, 10, 10, 10, 0, 0, 0, 0, 0, 0, 10, 10, 10, 10, 10, 10, 0, 10, 0, 10, 10, 0, 0, 0, 10, 10, 0, 16, 10, 0, 0, 0, 10, 0, 10, 10, 0, 10, 0, 10, 0, 10, 0, 10, 0, 0, 0, 0, 0, 10, 10, 10, 10, 10, 0, 10, 0, 0, 10, 10, 10, 10, 0, 0, 10, 0, 10, 10, : 10, 10, 10, 10, 10, 10, 10, 10, 10, 1, 10, 10, 10, 10, 10, 10, 10, 4, 10, 10, 10, 10, 10, 10, 8, 10, 10, 10, 10, 10, 10, 10, 10, 10, 10, 10, 10, 10, 10, 10, 10, 16, 10, 10, 10, 10, 10, 10, 10, 10, 10, 10, 10, 10, 10, 10, 10, 10, 10, 10, 10, 10, 10, 
296: 10, 0, 10, 10, 10, 0, 0, 0, 0, 10, 10, 0, 0, 10, 10, 0, 10, 10, 10, 0, 0, 0, 0, 10, 10, 0, 10, 10, 0, 0, 0, 10, 10, 0, 0, 0, 0, 0, 0, 0, 10, 0, 0, 10, 10, 10, 0, 10, 10, 10, 10, 10, 0, 10, 0, 0, 0, 10, 0, 10, 10, 0, 0, 10, 10, 0, 0, 0, 10, 0, 0, 10, 0, 10, 0, 10, 0, 10, 0, 10, 10, 0, 10, 0, 10, 10, 0, 10, 10, 0, 10, 10, 0, 10, 0, 10, 10, 10, 0, 0, 0, 0, 0, 10, 1, 0, 10, 13, 0, 0, 10, 0, 10, 0, 0, 10, 0, 0, 10, 0, : 10, 10, 10, 10, 10, 10, 10, 10, 10, 10, 10, 10, 10, 10, 10, 10, 10, 10, 10, 10, 10, 10, 10, 10, 10, 10, 10, 10, 10, 10, 10, 10, 10, 10, 10, 10, 10, 10, 10, 10, 10, 10, 10, 10, 10, 10, 10, 10, 10, 10, 10, 1, 10, 13, 10, 10, 10, 10, 
707: 10, 0, 4, 10, 10, 10, 0, 0, 10, 10, 10, 0, 10, 0, 0, 10, 0, 0, 0, 0, 0, 12, 10, 10, 0, 0, 0, 10, 10, 10, 10, 0, 10, 0, 10, 0, 10, 0, 0, 10, 10, 0, 0, 0, 10, 0, 10, 10, 0, 0, 10, 0, 0, 0, 10, 0, 0, 10, 0, 10, 0, 10, 3, 0, 0, 15, 0, 10, 10, 0, 10, 0, 0, 0, 0, 0, 10, 0, 0, 0, 0, 1, 10, 10, 10, 10, 0, 0, 10, 0, 0, 0, 0, 0, 10, 10, 10, 0, 10, 10, 10, 0, 10, 0, 10, 10, 10, 0, 0, 0, 10, 10, 0, 10, 10, 10, 8, 10, 0, 10, : 10, 4, 10, 10, 10, 10, 10, 10, 10, 10, 12, 10, 10, 10, 10, 10, 10, 10, 10, 10, 10, 10, 10, 10, 10, 10, 10, 10, 10, 10, 3, 15, 10, 10, 10, 10, 1, 10, 10, 10, 10, 10, 10, 10, 10, 10, 10, 10, 10, 10, 10, 10, 10, 10, 10, 10, 10, 8, 10, 10, 
650: 10, 10, 0, 10, 0, 10, 0, 5, 0, 10, 10, 10, 1, 0, 10, 10, 10, 0, 0, 0, 0, 10, 10, 10, 10, 10, 0, 10, 10, 0, 6, 0, 0, 10, 0, 0, 10, 0, 10, 10, 0, 10, 0, 0, 10, 10, 10, 10, 0, 1, 10, 10, 10, 0, 0, 10, 10, 0, 0, 0, 10, 0, 0, 10, 0, 10, 0, 10, 0, 10, 10, 10, 7, 0, 0, 10, 10, 10, 0, 0, 0, 10, 0, 10, 0, 10, 0, 0, 0, 0, 0, 10, 10, 0, 0, 10, 10, 10, 10, 10, 10, 10, 0, 10, 0, 10, 0, 10, 0, 10, 0, 11, 0, 10, 10, 0, 0, 10, 10, 0, : 10, 10, 10, 10, 5, 10, 10, 10, 1, 10, 10, 10, 10, 10, 10, 10, 10, 10, 10, 6, 10, 10, 10, 10, 10, 10, 10, 10, 10, 1, 10, 10, 10, 10, 10, 10, 10, 10, 10, 10, 10, 10, 7, 10, 10, 10, 10, 10, 10, 10, 10, 10, 10, 10, 10, 10, 10, 10, 10, 10, 10, 10, 11, 10, 10, 10, 10, 
443: 1, 0, 10, 10, 10, 0, 10, 0, 10, 4, 0, 0, 0, 15, 0, 0, 10, 10, 10, 0, 10, 0, 0, 0, 10, 10, 10, 0, 10, 0, 10, 0, 0, 0, 10, 10, 0, 0, 10, 10, 10, 0, 10, 10, 0, 0, 10, 10, 0, 0, 10, 10, 10, 0, 10, 10, 0, 10, 0, 10, 0, 10, 10, 10, 0, 0, 10, 2, 10, 0, 10, 0, 10, 8, 10, 10, 10, 10, 10, 0, 0, 0, 10, 10, 10, 0, 0, 10, 0, 0, 10, 0, 10, 10, 0, 0, 10, 0, 10, 10, 0, 0, 0, 0, 10, 10, 0, 10, 10, 10, 10, 0, 0, 10, 10, 10, 0, 10, 10, 0, : 1, 10, 10, 10, 10, 10, 4, 15, 10, 10, 10, 10, 10, 10, 10, 10, 10, 10, 10, 10, 10, 10, 10, 10, 10, 10, 10, 10, 10, 10, 10, 10, 10, 10, 10, 10, 10, 2, 10, 10, 10, 8, 10, 10, 10, 10, 10, 10, 10, 10, 10, 10, 10, 10, 10, 10, 10, 10, 10, 10, 10, 10, 10, 10, 10, 10, 10, 10, 
478: 0, 0, 10, 10, 10, 0, 0, 0, 0, 10, 10, 10, 10, 0, 0, 10, 10, 10, 10, 10, 0, 10, 10, 10, 10, 10, 0, 0, 0, 0, 1, 10, 10, 10, 0, 10, 10, 0, 10, 10, 0, 0, 10, 10, 10, 0, 0, 10, 10, 10, 10, 0, 0, 10, 0, 0, 10, 10, 0, 0, 10, 10, 10, 0, 10, 10, 10, 10, 0, 10, 0, 0, 0, 12, 0, 0, 10, 10, 20, 10, 0, 10, 10, 0, 10, 10, 0, 10, 10, 10, 10, 0, 0, 0, 0, 0, 10, 1, 10, 10, 0, 10, 10, 10, 10, 0, 0, 10, 10, 10, 10, 10, 0, 10, 0, 0, 10, 0, 10, 0, : 10, 10, 10, 10, 10, 10, 10, 10, 10, 10, 10, 10, 10, 10, 10, 10, 10, 1, 10, 10, 10, 10, 10, 10, 10, 10, 10, 10, 10, 10, 10, 10, 10, 10, 10, 10, 10, 10, 10, 10, 10, 10, 10, 12, 10, 10, 20, 10, 10, 10, 10, 10, 10, 10, 10, 10, 10, 1, 10, 10, 10, 10, 10, 10, 10, 10, 10, 10, 10, 10, 10, 10, 
350: 0, 3, 0, 0, 10, 0, 0, 0, 0, 0, 10, 0, 10, 10, 0, 10, 10, 0, 0, 10, 0, 0, 0, 0, 10, 0, 0, 0, 0, 0, 10, 10, 10, 10, 10, 10, 10, 0, 0, 10, 10, 10, 10, 0, 0, 10, 0, 0, 10, 10, 0, 0, 0, 10, 0, 10, 10, 0, 10, 0, 10, 0, 0, 0, 0, 10, 0, 0, 0, 0, 0, 0, 10, 0, 10, 10, 10, 0, 10, 0, 0, 10, 10, 0, 10, 0, 0, 2, 0, 0, 4, 10, 18, 10, 10, 10, 10, 0, 10, 10, 3, 10, 10, 0, 0, 0, 0, 4, 0, 1, 0, 0, 10, 3, 10, 0, 10, 10, 0, 18, : 3, 10, 10, 10, 10, 10, 10, 10, 10, 10, 10, 10, 10, 10, 10, 10, 10, 10, 10, 10, 10, 10, 10, 10, 10, 10, 10, 10, 10, 10, 10, 10, 10, 10, 10, 10, 10, 2, 4, 10, 18, 10, 10, 10, 10, 10, 10, 3, 10, 10, 4, 1, 10, 3, 10, 10, 10, 18, 
619: 0, 10, 10, 0, 10, 0, 10, 0, 10, 10, 10, 10, 10, 10, 10, 6, 10, 10, 0, 0, 0, 10, 0, 10, 0, 0, 0, 0, 10, 0, 10, 10, 18, 10, 0, 10, 10, 10, 0, 12, 10, 10, 0, 0, 10, 10, 10, 0, 0, 0, 0, 10, 0, 10, 10, 0, 0, 10, 10, 10, 10, 11, 10, 10, 0, 0, 10, 10, 0, 10, 0, 10, 10, 10, 0, 10, 10, 0, 0, 0, 10, 0, 0, 0, 0, 0, 1, 0, 10, 10, 10, 0, 1, 0, 10, 10, 10, 4, 6, 0, 0, 10, 0, 0, 10, 0, 0, 10, 1, 0, 0, 1, 0, 0, 0, 0, 10, 0, 0, 10, : 10, 10, 10, 10, 10, 10, 10, 10, 10, 10, 10, 6, 10, 10, 10, 10, 10, 10, 10, 18, 10, 10, 10, 10, 12, 10, 10, 10, 10, 10, 10, 10, 10, 10, 10, 10, 10, 11, 10, 10, 10, 10, 10, 10, 10, 10, 10, 10, 10, 1, 10, 10, 10, 1, 10, 10, 10, 4, 6, 10, 10, 10, 1, 1, 10, 10, 
795: 0, 10, 0, 0, 10, 0, 10, 0, 10, 0, 0, 10, 0, 0, 0, 0, 0, 0, 10, 10, 10, 10, 10, 0, 10, 0, 10, 10, 0, 10, 10, 10, 9, 10, 10, 0, 0, 0, 10, 0, 0, 0, 0, 10, 10, 0, 0, 10, 10, 0, 10, 5, 0, 10, 0, 0, 10, 10, 10, 0, 10, 0, 10, 10, 10, 0, 10, 10, 10, 0, 0, 10, 10, 10, 0, 10, 0, 0, 0, 0, 10, 10, 6, 10, 10, 0, 0, 10, 1, 0, 10, 10, 10, 0, 10, 0, 0, 0, 0, 0, 0, 0, 0, 0, 0, 10, 0, 0, 0, 1, 0, 10, 0, 0, 0, 0, 0, 2, 0, 0, : 10, 10, 10, 10, 10, 10, 10, 10, 10, 10, 10, 10, 10, 10, 10, 10, 9, 10, 10, 10, 10, 10, 10, 10, 10, 5, 10, 10, 10, 10, 10, 10, 10, 10, 10, 10, 10, 10, 10, 10, 10, 10, 10, 6, 10, 10, 10, 1, 10, 10, 10, 10, 10, 1, 10, 2, 
666: 10, 10, 10, 10, 10, 0, 10, 10, 0, 10, 10, 0, 10, 10, 10, 15, 10, 10, 10, 10, 0, 0, 0, 10, 0, 10, 0, 10, 10, 10, 10, 0, 0, 20, 10, 0, 10, 0, 0, 10, 0, 0, 10, 10, 10, 0, 0, 10, 10, 10, 0, 10, 0, 10, 0, 10, 0, 10, 10, 10, 0, 0, 0, 0, 0, 10, 0, 0, 10, 10, 0, 0, 9, 0, 0, 0, 10, 10, 0, 0, 0, 0, 10, 0, 10, 0, 0, 0, 0, 10, 3, 10, 0, 0, 0, 0, 10, 0, 0, 0, 0, 10, 10, 10, 0, 0, 10, 0, 10, 0, 10, 0, 2, 10, 10, 10, 10, 10, 0, 10, : 10, 10, 10, 10, 10, 10, 10, 10, 10, 10, 10, 10, 15, 10, 10, 10, 10, 10, 10, 10, 10, 10, 10, 20, 10, 10, 10, 10, 10, 10, 10, 10, 10, 10, 10, 10, 10, 10, 10, 10, 10, 10, 9, 10, 10, 10, 10, 10, 3, 10, 10, 10, 10, 10, 10, 10, 10, 2, 10, 10, 10, 10, 10, 10, 
355: 0, 0, 10, 0, 10, 0, 10, 0, 0, 0, 10, 0, 0, 10, 0, 10, 0, 10, 10, 0, 10, 10, 0, 0, 10, 0, 10, 0, 10, 0, 2, 0, 0, 10, 0, 10, 10, 10, 10, 0, 10, 0, 10, 10, 0, 0, 10, 0, 10, 0, 0, 10, 10, 0, 0, 0, 0, 0, 0, 0, 0, 0, 0, 10, 10, 0, 0, 0, 10, 0, 0, 0, 0, 0, 10, 10, 10, 0, 0, 10, 10, 0, 0, 10, 0, 0, 0, 0, 10, 0, 0, 0, 10, 10, 0, 10, 10, 10, 0, 10, 0, 0, 10, 0, 10, 0, 10, 0, 0, 0, 0, 0, 10, 0, 0, 10, 0, 0, 0, 10, : 10, 10, 10, 10, 10, 10, 10, 10, 10, 10, 10, 10, 10, 2, 10, 10, 10, 10, 10, 10, 10, 10, 10, 10, 10, 10, 10, 10, 10, 10, 10, 10, 10, 10, 10, 10, 10, 10, 10, 10, 10, 10, 10, 10, 10, 10, 10, 10, 
183: 0, 0, 10, 0, 10, 10, 10, 10, 0, 10, 10, 10, 10, 10, 0, 0, 0, 10, 0, 10, 2, 10, 0, 0, 10, 0, 10, 0, 0, 10, 6, 10, 0, 10, 0, 10, 10, 10, 0, 0, 0, 0, 10, 10, 0, 0, 4, 10, 0, 0, 10, 0, 0, 10, 10, 0, 16, 10, 10, 10, 0, 0, 0, 10, 0, 0, 0, 0, 10, 1, 0, 10, 0, 10, 0, 10, 10, 0, 10, 0, 10, 0, 0, 10, 10, 10, 10, 0, 0, 10, 10, 10, 10, 10, 10, 10, 0, 0, 0, 10, 0, 0, 10, 10, 0, 10, 0, 10, 10, 10, 10, 10, 10, 0, 10, 0, 10, 10, 0, 0, : 10, 10, 10, 10, 10, 10, 10, 10, 10, 10, 10, 10, 2, 10, 10, 10, 10, 6, 10, 10, 10, 10, 10, 10, 10, 4, 10, 10, 10, 10, 16, 10, 10, 10, 10, 10, 1, 10, 10, 10, 10, 10, 10, 10, 10, 10, 10, 10, 10, 10, 10, 10, 10, 10, 10, 10, 10, 10, 10, 10, 10, 10, 10, 10, 10, 10, 10, 
468: 10, 10, 10, 14, 10, 14, 0, 0, 0, 0, 10, 0, 0, 10, 0, 10, 0, 10, 0, 0, 0, 0, 10, 0, 10, 0, 10, 0, 0, 0, 0, 10, 0, 0, 0, 10, 0, 10, 10, 10, 0, 10, 10, 10, 10, 0, 10, 0, 0, 10, 10, 10, 10, 0, 0, 0, 10, 10, 0, 0, 10, 10, 10, 10, 0, 0, 10, 0, 4, 10, 10, 0, 10, 0, 0, 0, 0, 10, 0, 10, 10, 0, 0, 10, 10, 10, 0, 0, 10, 0, 10, 0, 10, 0, 0, 10, 0, 10, 10, 0, 10, 10, 0, 10, 10, 0, 10, 0, 10, 0, 10, 10, 10, 10, 10, 10, 0, 10, 10, 0, : 10, 10, 10, 14, 10, 14, 10, 10, 10, 10, 10, 10, 10, 10, 10, 10, 10, 10, 10, 10, 10, 10, 10, 10, 10, 10, 10, 10, 10, 10, 10, 10, 10, 10, 4, 10, 10, 10, 10, 10, 10, 10, 10, 10, 10, 10, 10, 10, 10, 10, 10, 10, 10, 10, 10, 10, 10, 10, 10, 10, 10, 10, 10, 10, 
319: 10, 0, 0, 10, 0, 0, 0, 10, 0, 10, 0, 0, 10, 10, 0, 0, 10, 10, 10, 10, 10, 10, 0, 0, 10, 0, 0, 10, 10, 10, 0, 0, 10, 10, 10, 10, 0, 0, 0, 10, 10, 10, 0, 0, 0, 10, 10, 10, 0, 10, 10, 10, 0, 0, 0, 10, 0, 0, 0, 0, 10, 0, 0, 10, 10, 10, 0, 10, 10, 0, 0, 10, 0, 0, 10, 10, 0, 0, 10, 0, 0, 10, 10, 10, 0, 0, 0, 10, 10, 0, 0, 0, 10, 0, 10, 10, 10, 0, 0, 10, 10, 0, 10, 0, 0, 0, 10, 10, 0, 10, 0, 0, 0, 0, 0, 0, 10, 10, 10, 0, : 10, 10, 10, 10, 10, 10, 10, 10, 10, 10, 10, 10, 10, 10, 10, 10, 10, 10, 10, 10, 10, 10, 10, 10, 10, 10, 10, 10, 10, 10, 10, 10, 10, 10, 10, 10, 10, 10, 10, 10, 10, 10, 10, 10, 10, 10, 10, 10, 10, 10, 10, 10, 10, 10, 10, 10, 10, 10, 
348: 10, 10, 0, 10, 10, 0, 10, 0, 0, 0, 0, 10, 10, 10, 10, 10, 0, 0, 10, 0, 0, 0, 5, 0, 0, 10, 10, 0, 10, 0, 0, 0, 0, 10, 10, 0, 0, 0, 0, 0, 10, 0, 0, 0, 10, 0, 10, 0, 10, 10, 10, 0, 0, 10, 0, 10, 10, 0, 0, 0, 0, 0, 10, 10, 0, 10, 0, 10, 10, 10, 10, 0, 0, 0, 0, 0, 12, 10, 10, 0, 10, 0, 0, 10, 0, 10, 0, 10, 0, 10, 0, 0, 0, 10, 10, 0, 0, 0, 0, 10, 20, 10, 10, 0, 0, 10, 10, 0, 10, 10, 10, 0, 20, 0, 0, 10, 0, 10, 0, 0, : 10, 10, 10, 10, 10, 10, 10, 10, 10, 10, 10, 5, 10, 10, 10, 10, 10, 10, 10, 10, 10, 10, 10, 10, 10, 10, 10, 10, 10, 10, 10, 10, 10, 12, 10, 10, 10, 10, 10, 10, 10, 10, 10, 10, 20, 10, 10, 10, 10, 10, 10, 10, 20, 10, 10, 
218: 0, 0, 10, 10, 0, 10, 0, 0, 10, 10, 0, 10, 10, 0, 10, 10, 10, 0, 10, 0, 16, 0, 10, 10, 0, 10, 10, 0, 0, 10, 0, 0, 10, 10, 0, 0, 0, 10, 0, 0, 1, 10, 0, 10, 0, 10, 0, 10, 10, 10, 10, 0, 10, 0, 10, 0, 10, 0, 10, 10, 10, 10, 0, 0, 10, 0, 0, 0, 0, 10, 10, 0, 10, 0, 10, 0, 0, 10, 0, 10, 0, 10, 0, 10, 10, 0, 10, 10, 10, 0, 10, 10, 10, 0, 10, 10, 10, 0, 10, 0, 4, 10, 10, 10, 0, 0, 0, 0, 10, 0, 10, 0, 10, 1, 10, 0, 10, 10, 0, 10, : 10, 10, 10, 10, 10, 10, 10, 10, 10, 10, 10, 16, 10, 10, 10, 10, 10, 10, 10, 10, 1, 10, 10, 10, 10, 10, 10, 10, 10, 10, 10, 10, 10, 10, 10, 10, 10, 10, 10, 10, 10, 10, 10, 10, 10, 10, 10, 10, 10, 10, 10, 10, 10, 10, 10, 4, 10, 10, 10, 10, 10, 10, 1, 10, 10, 10, 10, 
341: 10, 0, 0, 10, 10, 0, 10, 0, 0, 10, 0, 10, 10, 10, 10, 0, 0, 0, 0, 10, 0, 10, 0, 0, 0, 0, 0, 10, 0, 10, 10, 10, 10, 10, 10, 2, 0, 10, 10, 10, 10, 0, 10, 0, 0, 0, 10, 10, 2, 10, 0, 0, 0, 15, 0, 0, 0, 10, 0, 1, 10, 10, 10, 0, 0, 0, 10, 10, 0, 0, 10, 0, 1, 0, 6, 0, 10, 10, 10, 10, 20, 0, 10, 0, 0, 10, 10, 0, 10, 0, 0, 10, 10, 10, 10, 0, 10, 0, 10, 0, 0, 0, 10, 10, 0, 0, 0, 10, 10, 10, 10, 10, 0, 0, 0, 10, 0, 0, 10, 10, : 10, 10, 10, 10, 10, 10, 10, 10, 10, 10, 10, 10, 10, 10, 10, 10, 10, 10, 2, 10, 10, 10, 10, 10, 10, 10, 2, 10, 15, 10, 1, 10, 10, 10, 10, 10, 10, 1, 6, 10, 10, 10, 10, 20, 10, 10, 10, 10, 10, 10, 10, 10, 10, 10, 10, 10, 10, 10, 10, 10, 10, 10, 10, 10, 
326: 0, 10, 4, 0, 7, 10, 0, 0, 10, 0, 0, 1, 9, 0, 0, 0, 0, 9, 0, 0, 10, 10, 10, 0, 10, 0, 0, 0, 10, 10, 10, 10, 0, 0, 5, 0, 0, 10, 10, 10, 0, 0, 10, 0, 2, 10, 0, 10, 0, 10, 0, 0, 10, 0, 15, 10, 10, 10, 10, 10, 0, 10, 10, 0, 10, 10, 10, 0, 11, 1, 10, 10, 10, 0, 10, 10, 0, 10, 0, 10, 0, 10, 0, 0, 0, 0, 10, 10, 10, 0, 10, 10, 5, 0, 0, 10, 0, 10, 10, 10, 10, 10, 0, 10, 0, 10, 10, 10, 10, 10, 10, 10, 0, 10, 0, 0, 10, 0, 10, 10, : 10, 4, 7, 10, 10, 1, 9, 9, 10, 10, 10, 10, 10, 10, 10, 10, 5, 10, 10, 10, 10, 2, 10, 10, 10, 10, 15, 10, 10, 10, 10, 10, 10, 10, 10, 10, 10, 11, 1, 10, 10, 10, 10, 10, 10, 10, 10, 10, 10, 10, 10, 10, 5, 10, 10, 10, 10, 10, 10, 10, 10, 10, 10, 10, 10, 10, 10, 10, 10, 10, 10, 
11: 10, 0, 0, 0, 0, 0, 0, 10, 0, 10, 0, 0, 0, 10, 0, 10, 0, 0, 0, 10, 10, 0, 10, 0, 0, 10, 10, 10, 0, 0, 10, 10, 10, 10, 0, 0, 10, 0, 10, 0, 10, 10, 10, 0, 0, 10, 10, 10, 0, 10, 0, 0, 10, 10, 0, 10, 10, 0, 0, 10, 3, 10, 0, 2, 10, 10, 0, 0, 11, 10, 2, 10, 10, 0, 10, 10, 10, 10, 10, 0, 10, 10, 0, 0, 0, 0, 0, 10, 10, 10, 0, 10, 0, 0, 0, 0, 0, 10, 10, 10, 10, 0, 10, 0, 10, 2, 10, 10, 0, 10, 10, 0, 0, 0, 10, 0, 10, 10, 10, 0, : 10, 10, 10, 10, 10, 10, 10, 10, 10, 10, 10, 10, 10, 10, 10, 10, 10, 10, 10, 10, 10, 10, 10, 10, 10, 10, 10, 10, 10, 3, 10, 2, 10, 10, 11, 10, 2, 10, 10, 10, 10, 10, 10, 10, 10, 10, 10, 10, 10, 10, 10, 10, 10, 10, 10, 10, 2, 10, 10, 10, 10, 10, 10, 10, 10, 
235: 0, 10, 0, 10, 0, 10, 1, 10, 10, 10, 10, 10, 10, 0, 0, 10, 10, 10, 0, 0, 0, 0, 0, 10, 0, 0, 10, 0, 0, 10, 10, 10, 10, 0, 10, 10, 0, 1, 0, 10, 0, 10, 0, 0, 10, 0, 10, 2, 10, 0, 10, 10, 10, 0, 10, 10, 0, 10, 10, 0, 0, 0, 10, 0, 10, 10, 0, 10, 10, 10, 1, 10, 10, 10, 10, 0, 0, 0, 0, 0, 0, 10, 10, 0, 0, 0, 10, 0, 10, 10, 0, 10, 0, 10, 0, 0, 0, 10, 0, 0, 0, 0, 0, 10, 10, 0, 0, 0, 0, 0, 0, 10, 10, 10, 10, 0, 0, 2, 10, 10, : 10, 10, 10, 1, 10, 10, 10, 10, 10, 10, 10, 10, 10, 10, 10, 10, 10, 10, 10, 10, 10, 1, 10, 10, 10, 10, 2, 10, 10, 10, 10, 10, 10, 10, 10, 10, 10, 10, 10, 10, 10, 1, 10, 10, 10, 10, 10, 10, 10, 10, 10, 10, 10, 10, 10, 10, 10, 10, 10, 10, 2, 10, 10, 
796: 2, 0, 10, 0, 0, 0, 10, 10, 10, 0, 0, 0, 0, 0, 10, 7, 10, 10, 0, 10, 10, 0, 0, 10, 0, 10, 10, 0, 10, 0, 0, 0, 0, 0, 0, 10, 0, 16, 0, 0, 1, 10, 0, 1, 10, 10, 10, 10, 0, 0, 10, 10, 10, 10, 0, 10, 0, 10, 10, 0, 0, 10, 10, 10, 0, 0, 10, 10, 0, 10, 10, 10, 0, 0, 0, 0, 10, 0, 0, 0, 0, 10, 0, 10, 0, 10, 0, 0, 10, 10, 0, 10, 0, 10, 10, 10, 10, 10, 0, 0, 0, 10, 0, 3, 0, 0, 10, 10, 10, 10, 10, 0, 0, 10, 0, 0, 10, 1, 0, 0, : 2, 10, 10, 10, 10, 10, 7, 10, 10, 10, 10, 10, 10, 10, 10, 10, 16, 1, 10, 1, 10, 10, 10, 10, 10, 10, 10, 10, 10, 10, 10, 10, 10, 10, 10, 10, 10, 10, 10, 10, 10, 10, 10, 10, 10, 10, 10, 10, 10, 10, 10, 10, 3, 10, 10, 10, 10, 10, 10, 10, 1, 
388: 0, 0, 10, 0, 10, 0, 0, 10, 0, 0, 10, 10, 0, 0, 0, 10, 0, 0, 0, 10, 10, 0, 10, 10, 0, 10, 18, 0, 0, 10, 10, 0, 0, 10, 0, 0, 10, 0, 10, 0, 0, 0, 10, 10, 0, 10, 10, 10, 0, 0, 0, 10, 10, 0, 0, 10, 10, 0, 10, 0, 10, 10, 10, 10, 10, 10, 0, 10, 0, 3, 0, 10, 10, 10, 10, 10, 10, 10, 10, 10, 0, 10, 0, 0, 10, 0, 10, 0, 0, 0, 0, 0, 10, 0, 0, 0, 10, 0, 0, 0, 10, 0, 10, 10, 0, 10, 10, 10, 0, 0, 0, 10, 0, 0, 0, 0, 7, 0, 0, 0, : 10, 10, 10, 10, 10, 10, 10, 10, 10, 10, 10, 18, 10, 10, 10, 10, 10, 10, 10, 10, 10, 10, 10, 10, 10, 10, 10, 10, 10, 10, 10, 10, 10, 10, 3, 10, 10, 10, 10, 10, 10, 10, 10, 10, 10, 10, 10, 10, 10, 10, 10, 10, 10, 10, 10, 10, 7, 
22: 7, 10, 10, 10, 0, 10, 10, 10, 0, 10, 0, 0, 10, 0, 0, 10, 0, 0, 10, 10, 0, 0, 10, 10, 10, 0, 0, 10, 10, 0, 10, 0, 10, 10, 0, 10, 10, 0, 9, 10, 0, 0, 0, 10, 0, 10, 0, 0, 0, 10, 0, 10, 0, 0, 10, 0, 10, 0, 0, 10, 10, 10, 10, 10, 10, 0, 10, 3, 0, 10, 0, 0, 10, 0, 10, 0, 0, 10, 0, 10, 10, 0, 10, 10, 0, 10, 10, 0, 0, 0, 0, 10, 0, 0, 0, 0, 8, 10, 0, 0, 0, 0, 10, 0, 10, 0, 10, 0, 0, 0, 0, 0, 0, 0, 0, 0, 0, 0, 10, 10, : 7, 10, 10, 10, 10, 10, 10, 10, 10, 10, 10, 10, 10, 10, 10, 10, 10, 10, 10, 10, 10, 10, 9, 10, 10, 10, 10, 10, 10, 10, 10, 10, 10, 10, 10, 10, 10, 3, 10, 10, 10, 10, 10, 10, 10, 10, 10, 10, 10, 8, 10, 10, 10, 10, 10, 10, 
792: 0, 0, 10, 10, 0, 10, 0, 10, 1, 10, 10, 0, 0, 0, 0, 10, 0, 10, 10, 0, 0, 10, 10, 10, 10, 0, 1, 0, 10, 0, 0, 0, 0, 10, 10, 0, 10, 10, 10, 0, 10, 10, 0, 20, 10, 0, 0, 10, 0, 0, 10, 0, 0, 10, 10, 10, 10, 10, 10, 0, 0, 10, 0, 10, 0, 0, 0, 10, 0, 10, 0, 0, 10, 10, 10, 0, 0, 0, 10, 10, 0, 0, 0, 10, 10, 0, 10, 0, 10, 10, 10, 12, 0, 10, 0, 10, 0, 0, 10, 10, 0, 10, 0, 0, 0, 10, 0, 0, 0, 0, 0, 10, 0, 0, 10, 10, 0, 10, 10, 10, : 10, 10, 10, 10, 1, 10, 10, 10, 10, 10, 10, 10, 10, 10, 1, 10, 10, 10, 10, 10, 10, 10, 10, 20, 10, 10, 10, 10, 10, 10, 10, 10, 10, 10, 10, 10, 10, 10, 10, 10, 10, 10, 10, 10, 10, 10, 10, 10, 12, 10, 10, 10, 10, 10, 10, 10, 10, 10, 10, 10, 10, 
577: 0, 10, 0, 0, 10, 0, 0, 0, 0, 0, 0, 0, 10, 0, 10, 0, 0, 0, 10, 10, 4, 0, 10, 10, 0, 0, 10, 0, 0, 10, 0, 10, 10, 10, 10, 10, 10, 10, 10, 10, 10, 10, 0, 3, 10, 10, 10, 0, 0, 0, 10, 10, 10, 10, 5, 0, 10, 0, 10, 10, 0, 10, 10, 0, 0, 10, 0, 0, 0, 0, 10, 0, 0, 0, 0, 0, 0, 5, 10, 10, 10, 10, 10, 0, 0, 0, 10, 0, 0, 0, 10, 10, 0, 10, 2, 10, 0, 10, 10, 0, 10, 10, 10, 0, 10, 0, 0, 0, 0, 10, 3, 0, 0, 14, 10, 10, 10, 0, 10, 10, : 10, 10, 10, 10, 10, 10, 4, 10, 10, 10, 10, 10, 10, 10, 10, 10, 10, 10, 10, 10, 10, 10, 3, 10, 10, 10, 10, 10, 10, 10, 5, 10, 10, 10, 10, 10, 10, 10, 5, 10, 10, 10, 10, 10, 10, 10, 10, 10, 2, 10, 10, 10, 10, 10, 10, 10, 10, 3, 14, 10, 10, 10, 10, 10, 
510: 10, 0, 10, 0, 10, 10, 10, 10, 0, 10, 10, 0, 10, 0, 10, 10, 0, 10, 0, 0, 0, 10, 10, 0, 10, 0, 0, 0, 10, 0, 0, 0, 0, 1, 10, 10, 10, 4, 10, 10, 0, 10, 10, 0, 10, 0, 0, 0, 10, 0, 0, 0, 1, 0, 0, 10, 10, 0, 0, 0, 0, 0, 0, 3, 0, 10, 10, 0, 10, 0, 0, 10, 1, 10, 2, 0, 0, 0, 0, 10, 10, 0, 10, 10, 0, 10, 0, 10, 12, 10, 0, 1, 0, 0, 0, 10, 10, 10, 0, 3, 10, 0, 10, 10, 0, 10, 0, 0, 0, 1, 0, 10, 10, 10, 0, 0, 10, 10, 1, 10, : 10, 10, 10, 10, 10, 10, 10, 10, 10, 10, 10, 10, 10, 10, 10, 10, 1, 10, 10, 10, 4, 10, 10, 10, 10, 10, 10, 1, 10, 10, 3, 10, 10, 10, 10, 1, 10, 2, 10, 10, 10, 10, 10, 10, 12, 10, 1, 10, 10, 10, 3, 10, 10, 10, 10, 1, 10, 10, 10, 10, 10, 1, 10, 
308: 10, 10, 0, 10, 0, 10, 10, 10, 10, 10, 0, 10, 0, 10, 10, 10, 10, 0, 10, 10, 10, 0, 0, 5, 0, 10, 0, 10, 0, 0, 10, 0, 10, 0, 0, 0, 2, 10, 0, 0, 0, 10, 0, 0, 10, 10, 0, 10, 0, 0, 10, 0, 10, 0, 0, 0, 0, 0, 0, 0, 0, 0, 10, 10, 10, 0, 10, 0, 10, 10, 0, 0, 10, 0, 0, 10, 0, 0, 0, 10, 10, 0, 0, 10, 0, 0, 10, 0, 0, 10, 0, 0, 0, 10, 0, 0, 8, 0, 10, 10, 10, 10, 0, 10, 0, 10, 0, 0, 10, 10, 0, 0, 10, 10, 10, 0, 10, 8, 0, 10, : 10, 10, 10, 10, 10, 10, 10, 10, 10, 10, 10, 10, 10, 10, 10, 10, 5, 10, 10, 10, 10, 2, 10, 10, 10, 10, 10, 10, 10, 10, 10, 10, 10, 10, 10, 10, 10, 10, 10, 10, 10, 10, 10, 8, 10, 10, 10, 10, 10, 10, 10, 10, 10, 10, 10, 10, 8, 10, 
99: 10, 0, 20, 1, 10, 0, 10, 0, 0, 10, 10, 10, 10, 10, 10, 0, 0, 0, 0, 0, 10, 0, 10, 0, 0, 10, 0, 10, 0, 10, 0, 10, 0, 1, 10, 10, 10, 10, 10, 10, 0, 0, 10, 10, 0, 10, 10, 10, 10, 0, 0, 10, 10, 10, 0, 0, 10, 0, 10, 15, 10, 10, 0, 0, 10, 0, 0, 10, 0, 0, 10, 10, 0, 0, 1, 0, 0, 10, 0, 10, 10, 0, 10, 0, 10, 0, 10, 10, 0, 10, 10, 0, 0, 10, 10, 10, 10, 0, 10, 10, 0, 1, 10, 0, 10, 10, 0, 0, 0, 10, 0, 10, 10, 10, 10, 10, 10, 10, 10, 10, : 10, 20, 1, 10, 10, 10, 10, 10, 10, 10, 10, 10, 10, 10, 10, 10, 10, 1, 10, 10, 10, 10, 10, 10, 10, 10, 10, 10, 10, 10, 10, 10, 10, 10, 10, 15, 10, 10, 10, 10, 10, 10, 1, 10, 10, 10, 10, 10, 10, 10, 10, 10, 10, 10, 10, 10, 10, 10, 1, 10, 10, 10, 10, 10, 10, 10, 10, 10, 10, 10, 10, 10, 
365: 0, 0, 0, 0, 10, 10, 10, 10, 0, 2, 10, 10, 0, 0, 10, 0, 10, 0, 0, 10, 0, 0, 10, 0, 10, 10, 0, 10, 10, 10, 0, 0, 0, 10, 10, 0, 10, 10, 10, 10, 10, 0, 10, 10, 0, 0, 10, 0, 10, 0, 10, 0, 0, 10, 0, 10, 10, 0, 0, 0, 10, 0, 0, 10, 0, 2, 10, 0, 10, 0, 10, 10, 10, 0, 10, 0, 0, 0, 10, 0, 10, 10, 3, 0, 10, 0, 10, 0, 0, 0, 3, 0, 0, 10, 0, 10, 0, 0, 10, 10, 0, 0, 0, 0, 10, 10, 0, 0, 1, 0, 0, 10, 13, 0, 0, 0, 10, 10, 10, 10, : 10, 10, 10, 10, 2, 10, 10, 10, 10, 10, 10, 10, 10, 10, 10, 10, 10, 10, 10, 10, 10, 10, 10, 10, 10, 10, 10, 10, 10, 10, 10, 10, 10, 2, 10, 10, 10, 10, 10, 10, 10, 10, 10, 3, 10, 10, 3, 10, 10, 10, 10, 10, 10, 1, 10, 13, 10, 10, 10, 10, 
401: 10, 0, 0, 0, 10, 10, 10, 0, 0, 10, 10, 0, 10, 0, 10, 0, 0, 10, 10, 10, 10, 10, 10, 0, 10, 0, 10, 10, 0, 0, 10, 10, 10, 10, 10, 10, 0, 0, 0, 0, 0, 0, 0, 0, 0, 10, 0, 10, 0, 10, 12, 0, 10, 0, 10, 10, 10, 10, 0, 10, 10, 0, 10, 0, 0, 0, 0, 0, 0, 10, 0, 0, 0, 10, 10, 0, 0, 10, 0, 5, 0, 1, 0, 10, 8, 0, 10, 10, 10, 0, 0, 0, 0, 10, 10, 10, 0, 0, 10, 0, 10, 10, 19, 10, 10, 2, 10, 0, 2, 10, 10, 0, 0, 10, 0, 0, 0, 10, 0, 10, : 10, 10, 10, 10, 10, 10, 10, 10, 10, 10, 10, 10, 10, 10, 10, 10, 10, 10, 10, 10, 10, 10, 10, 10, 10, 10, 12, 10, 10, 10, 10, 10, 10, 10, 10, 10, 10, 10, 10, 5, 1, 10, 8, 10, 10, 10, 10, 10, 10, 10, 10, 10, 19, 10, 10, 2, 10, 2, 10, 10, 10, 10, 10, 
574: 0, 0, 0, 0, 10, 0, 0, 10, 14, 0, 0, 10, 0, 0, 10, 10, 10, 10, 10, 10, 0, 0, 0, 10, 4, 0, 10, 17, 0, 10, 10, 5, 0, 10, 10, 10, 10, 0, 10, 10, 0, 10, 0, 0, 0, 0, 10, 0, 0, 0, 0, 0, 10, 10, 10, 10, 0, 0, 0, 10, 0, 0, 10, 0, 0, 10, 10, 10, 10, 0, 0, 0, 0, 0, 10, 10, 0, 0, 10, 0, 10, 0, 10, 0, 10, 10, 10, 10, 0, 10, 17, 0, 0, 0, 0, 0, 0, 10, 10, 10, 10, 0, 0, 0, 0, 0, 0, 0, 10, 0, 10, 0, 0, 10, 10, 10, 2, 10, 10, 2, : 10, 10, 14, 10, 10, 10, 10, 10, 10, 10, 10, 4, 10, 17, 10, 10, 5, 10, 10, 10, 10, 10, 10, 10, 10, 10, 10, 10, 10, 10, 10, 10, 10, 10, 10, 10, 10, 10, 10, 10, 10, 10, 10, 10, 10, 17, 10, 10, 10, 10, 10, 10, 10, 10, 10, 2, 10, 10, 2, 
687: 10, 10, 10, 10, 10, 10, 0, 0, 10, 10, 10, 10, 0, 0, 0, 0, 0, 0, 0, 0, 10, 10, 0, 10, 10, 0, 0, 0, 0, 0, 0, 0, 0, 10, 0, 10, 10, 0, 3, 0, 0, 0, 10, 0, 0, 10, 0, 10, 0, 10, 10, 10, 10, 0, 10, 0, 10, 10, 1, 10, 10, 10, 10, 10, 10, 0, 0, 10, 0, 0, 0, 10, 10, 0, 0, 10, 0, 10, 10, 10, 0, 0, 0, 10, 10, 0, 10, 10, 0, 5, 0, 10, 10, 0, 10, 2, 10, 0, 0, 0, 10, 0, 10, 17, 10, 0, 10, 0, 10, 10, 0, 10, 0, 10, 0, 0, 0, 10, 10, 0, : 10, 10, 10, 10, 10, 10, 10, 10, 10, 10, 10, 10, 10, 10, 10, 10, 10, 3, 10, 10, 10, 10, 10, 10, 10, 10, 10, 10, 1, 10, 10, 10, 10, 10, 10, 10, 10, 10, 10, 10, 10, 10, 10, 10, 10, 10, 5, 10, 10, 10, 2, 10, 10, 10, 17, 10, 10, 10, 10, 10, 10, 10, 10, 
538: 0, 0, 10, 10, 10, 10, 0, 10, 1, 0, 10, 0, 10, 0, 0, 10, 10, 0, 10, 10, 0, 10, 10, 10, 10, 0, 10, 10, 0, 0, 0, 10, 0, 10, 0, 0, 0, 10, 0, 0, 10, 0, 0, 10, 0, 0, 0, 0, 0, 0, 0, 10, 10, 0, 10, 10, 0, 10, 10, 0, 0, 0, 0, 0, 10, 0, 10, 0, 10, 10, 10, 0, 10, 10, 10, 0, 10, 10, 10, 10, 0, 0, 10, 0, 1, 10, 10, 0, 10, 10, 0, 0, 10, 10, 10, 0, 0, 10, 0, 6, 10, 10, 2, 0, 0, 0, 10, 10, 0, 10, 0, 0, 0, 10, 0, 0, 10, 1, 10, 0, : 10, 10, 10, 10, 10, 1, 10, 10, 10, 10, 10, 10, 10, 10, 10, 10, 10, 10, 10, 10, 10, 10, 10, 10, 10, 10, 10, 10, 10, 10, 10, 10, 10, 10, 10, 10, 10, 10, 10, 10, 10, 10, 1, 10, 10, 10, 10, 10, 10, 10, 10, 6, 10, 10, 2, 10, 10, 10, 10, 10, 1, 10, 
120: 0, 10, 1, 10, 10, 0, 10, 0, 10, 0, 0, 0, 0, 0, 0, 0, 0, 10, 0, 10, 10, 0, 0, 10, 10, 0, 10, 0, 10, 0, 10, 10, 0, 0, 10, 10, 0, 10, 0, 10, 10, 10, 10, 10, 0, 0, 0, 10, 0, 10, 0, 10, 0, 10, 0, 0, 1, 10, 10, 0, 10, 10, 0, 0, 10, 0, 0, 0, 10, 0, 0, 10, 0, 10, 10, 10, 0, 0, 10, 0, 0, 10, 0, 10, 0, 10, 10, 10, 10, 0, 3, 0, 10, 10, 0, 0, 0, 10, 0, 0, 10, 10, 0, 0, 0, 10, 10, 0, 10, 10, 10, 10, 0, 10, 10, 0, 0, 0, 16, 0, : 10, 1, 10, 10, 10, 10, 10, 10, 10, 10, 10, 10, 10, 10, 10, 10, 10, 10, 10, 10, 10, 10, 10, 10, 10, 10, 10, 1, 10, 10, 10, 10, 10, 10, 10, 10, 10, 10, 10, 10, 10, 10, 10, 10, 10, 3, 10, 10, 10, 10, 10, 10, 10, 10, 10, 10, 10, 10, 10, 16, 
86: 10, 0, 0, 0, 0, 10, 0, 0, 10, 0, 10, 0, 0, 10, 10, 0, 10, 0, 10, 0, 0, 0, 10, 0, 6, 0, 10, 10, 10, 10, 0, 0, 0, 0, 0, 0, 0, 10, 0, 0, 0, 10, 10, 10, 0, 0, 0, 0, 10, 10, 10, 10, 10, 0, 0, 0, 10, 4, 0, 1, 10, 0, 0, 10, 10, 10, 0, 0, 10, 3, 10, 10, 0, 0, 10, 0, 0, 0, 10, 0, 10, 10, 0, 0, 0, 10, 0, 0, 10, 0, 10, 0, 10, 10, 0, 10, 0, 0, 10, 10, 10, 10, 0, 10, 0, 0, 13, 0, 0, 10, 10, 10, 10, 10, 0, 0, 0, 10, 0, 10, : 10, 10, 10, 10, 10, 10, 10, 10, 10, 6, 10, 10, 10, 10, 10, 10, 10, 10, 10, 10, 10, 10, 10, 10, 4, 1, 10, 10, 10, 10, 10, 3, 10, 10, 10, 10, 10, 10, 10, 10, 10, 10, 10, 10, 10, 10, 10, 10, 10, 13, 10, 10, 10, 10, 10, 10, 10, 
361: 10, 10, 10, 0, 10, 10, 2, 10, 10, 10, 10, 0, 10, 0, 10, 0, 0, 0, 10, 0, 10, 10, 0, 10, 10, 0, 0, 10, 0, 0, 9, 10, 10, 0, 0, 10, 10, 0, 0, 0, 10, 0, 10, 10, 0, 10, 0, 10, 10, 10, 0, 10, 10, 1, 0, 10, 8, 10, 10, 10, 10, 0, 0, 0, 10, 0, 1, 0, 0, 10, 0, 2, 10, 10, 10, 10, 0, 10, 0, 0, 0, 0, 0, 0, 0, 10, 0, 0, 2, 0, 10, 10, 10, 10, 10, 0, 10, 0, 10, 10, 10, 10, 10, 0, 0, 0, 0, 12, 10, 0, 0, 10, 10, 0, 10, 0, 0, 10, 0, 0, : 10, 10, 10, 10, 10, 2, 10, 10, 10, 10, 10, 10, 10, 10, 10, 10, 10, 10, 9, 10, 10, 10, 10, 10, 10, 10, 10, 10, 10, 10, 10, 10, 1, 10, 8, 10, 10, 10, 10, 10, 1, 10, 2, 10, 10, 10, 10, 10, 10, 2, 10, 10, 10, 10, 10, 10, 10, 10, 10, 10, 10, 12, 10, 10, 10, 10, 10, 
49: 10, 10, 10, 0, 0, 10, 0, 0, 0, 10, 10, 0, 0, 0, 10, 0, 0, 16, 10, 10, 10, 10, 10, 2, 10, 0, 0, 10, 10, 10, 1, 10, 10, 0, 10, 0, 0, 10, 3, 10, 10, 10, 0, 0, 10, 0, 0, 0, 0, 10, 0, 0, 0, 0, 10, 10, 0, 10, 0, 10, 0, 10, 10, 10, 7, 10, 10, 0, 15, 0, 0, 10, 0, 0, 10, 0, 0, 10, 10, 1, 10, 0, 0, 10, 10, 10, 2, 0, 0, 10, 0, 0, 10, 0, 0, 0, 0, 10, 0, 10, 0, 10, 10, 0, 10, 0, 0, 3, 0, 0, 0, 0, 10, 0, 10, 0, 10, 10, 0, 10, : 10, 10, 10, 10, 10, 10, 10, 16, 10, 10, 10, 10, 10, 2, 10, 10, 10, 10, 1, 10, 10, 10, 10, 3, 10, 10, 10, 10, 10, 10, 10, 10, 10, 10, 10, 10, 7, 10, 10, 15, 10, 10, 10, 10, 1, 10, 10, 10, 10, 2, 10, 10, 10, 10, 10, 10, 10, 3, 10, 10, 10, 10, 10, 
336: 10, 10, 0, 0, 0, 10, 10, 10, 10, 10, 0, 10, 0, 10, 10, 0, 10, 10, 10, 10, 10, 0, 10, 0, 0, 0, 10, 0, 10, 10, 0, 7, 10, 1, 0, 10, 10, 10, 0, 10, 0, 0, 10, 10, 0, 0, 10, 10, 10, 0, 10, 0, 0, 10, 10, 10, 0, 0, 10, 10, 10, 0, 10, 0, 0, 10, 10, 10, 0, 10, 10, 0, 0, 10, 10, 10, 0, 10, 10, 0, 10, 3, 10, 0, 10, 10, 10, 10, 10, 10, 10, 10, 10, 10, 10, 10, 10, 10, 0, 10, 10, 10, 10, 0, 10, 10, 0, 0, 10, 10, 10, 10, 0, 10, 2, 10, 0, 1, 0, 0, : 10, 10, 10, 10, 10, 10, 10, 10, 10, 10, 10, 10, 10, 10, 10, 10, 10, 10, 10, 7, 10, 1, 10, 10, 10, 10, 10, 10, 10, 10, 10, 10, 10, 10, 10, 10, 10, 10, 10, 10, 10, 10, 10, 10, 10, 10, 10, 10, 10, 10, 3, 10, 10, 10, 10, 10, 10, 10, 10, 10, 10, 10, 10, 10, 10, 10, 10, 10, 10, 10, 10, 10, 10, 10, 10, 10, 10, 2, 10, 1, 
79: 10, 0, 0, 10, 0, 10, 0, 0, 10, 0, 10, 10, 10, 0, 0, 0, 4, 10, 2, 10, 0, 10, 3, 10, 0, 10, 0, 0, 0, 0, 10, 0, 10, 10, 10, 10, 0, 10, 10, 10, 10, 10, 0, 0, 10, 0, 10, 10, 0, 0, 0, 10, 10, 10, 0, 13, 0, 10, 0, 10, 0, 0, 2, 10, 10, 0, 0, 0, 0, 0, 0, 10, 10, 0, 10, 10, 10, 0, 0, 10, 0, 0, 0, 10, 0, 10, 0, 0, 10, 10, 10, 10, 0, 0, 10, 0, 10, 0, 10, 0, 0, 0, 0, 14, 0, 10, 0, 0, 0, 10, 10, 0, 0, 10, 10, 0, 0, 0, 10, 10, : 10, 10, 10, 10, 10, 10, 10, 4, 10, 2, 10, 10, 3, 10, 10, 10, 10, 10, 10, 10, 10, 10, 10, 10, 10, 10, 10, 10, 10, 10, 10, 13, 10, 10, 2, 10, 10, 10, 10, 10, 10, 10, 10, 10, 10, 10, 10, 10, 10, 10, 10, 10, 14, 10, 10, 10, 10, 10, 10, 10, 
642: 10, 10, 0, 10, 10, 10, 0, 0, 0, 10, 10, 0, 10, 0, 0, 0, 10, 10, 10, 10, 10, 10, 0, 10, 10, 10, 10, 10, 10, 0, 10, 10, 10, 0, 10, 0, 10, 10, 0, 0, 10, 0, 0, 0, 10, 0, 0, 10, 10, 0, 0, 10, 17, 10, 10, 0, 0, 0, 0, 0, 0, 10, 10, 10, 17, 10, 0, 0, 10, 10, 0, 0, 1, 0, 0, 0, 10, 10, 10, 10, 10, 10, 0, 0, 10, 0, 10, 10, 0, 10, 0, 10, 10, 10, 0, 0, 10, 0, 10, 10, 10, 10, 10, 10, 0, 0, 0, 1, 0, 10, 0, 0, 10, 10, 10, 2, 10, 10, 10, 10, : 10, 10, 10, 10, 10, 10, 10, 10, 10, 10, 10, 10, 10, 10, 10, 10, 10, 10, 10, 10, 10, 10, 10, 10, 10, 10, 10, 10, 10, 10, 10, 17, 10, 10, 10, 10, 10, 17, 10, 10, 10, 1, 10, 10, 10, 10, 10, 10, 10, 10, 10, 10, 10, 10, 10, 10, 10, 10, 10, 10, 10, 10, 1, 10, 10, 10, 10, 2, 10, 10, 10, 10, 
52: 5, 10, 0, 0, 0, 10, 10, 10, 0, 0, 0, 0, 0, 10, 0, 0, 10, 0, 10, 10, 0, 10, 10, 0, 0, 10, 0, 0, 10, 0, 10, 10, 0, 10, 0, 10, 10, 0, 0, 0, 0, 0, 10, 10, 10, 0, 10, 0, 0, 0, 0, 0, 0, 0, 10, 1, 10, 0, 0, 0, 10, 0, 10, 0, 10, 10, 10, 10, 10, 0, 0, 0, 10, 10, 0, 0, 0, 10, 0, 0, 0, 10, 10, 0, 0, 10, 0, 10, 0, 0, 10, 0, 0, 10, 10, 0, 10, 10, 0, 10, 10, 0, 10, 10, 10, 0, 0, 10, 0, 10, 10, 10, 0, 0, 0, 10, 10, 10, 10, 0, : 5, 10, 10, 10, 10, 10, 10, 10, 10, 10, 10, 10, 10, 10, 10, 10, 10, 10, 10, 10, 10, 10, 10, 1, 10, 10, 10, 10, 10, 10, 10, 10, 10, 10, 10, 10, 10, 10, 10, 10, 10, 10, 10, 10, 10, 10, 10, 10, 10, 10, 10, 10, 10, 10, 10, 10, 10, 
246: 0, 10, 0, 4, 10, 0, 10, 0, 10, 0, 10, 0, 0, 10, 0, 10, 0, 10, 0, 0, 10, 0, 3, 0, 1, 10, 10, 10, 0, 10, 10, 10, 10, 0, 0, 10, 0, 0, 10, 10, 0, 0, 0, 10, 0, 0, 0, 0, 10, 0, 0, 10, 10, 10, 0, 0, 0, 10, 2, 0, 10, 10, 10, 10, 1, 10, 10, 0, 0, 0, 10, 0, 10, 0, 10, 10, 10, 10, 0, 0, 0, 0, 10, 10, 0, 10, 10, 10, 0, 0, 0, 10, 10, 0, 0, 0, 0, 10, 0, 0, 0, 10, 10, 10, 0, 0, 10, 10, 10, 0, 0, 10, 10, 10, 10, 10, 0, 0, 10, 10, : 10, 4, 10, 10, 10, 10, 10, 10, 10, 10, 3, 1, 10, 10, 10, 10, 10, 10, 10, 10, 10, 10, 10, 10, 10, 10, 10, 10, 2, 10, 10, 10, 10, 1, 10, 10, 10, 10, 10, 10, 10, 10, 10, 10, 10, 10, 10, 10, 10, 10, 10, 10, 10, 10, 10, 10, 10, 10, 10, 10, 10, 10, 10, 
268: 0, 0, 10, 15, 10, 0, 10, 10, 10, 1, 0, 0, 10, 0, 10, 10, 0, 0, 0, 10, 10, 0, 0, 10, 10, 10, 0, 0, 10, 0, 0, 10, 0, 0, 10, 3, 10, 10, 0, 0, 3, 0, 0, 1, 10, 0, 0, 10, 10, 0, 0, 10, 10, 10, 10, 0, 10, 0, 0, 0, 10, 10, 0, 0, 10, 0, 10, 10, 10, 10, 12, 10, 0, 10, 0, 10, 10, 12, 0, 0, 0, 0, 5, 0, 10, 0, 0, 0, 0, 10, 1, 0, 10, 0, 0, 10, 0, 10, 0, 0, 10, 0, 0, 0, 10, 10, 10, 10, 10, 10, 12, 0, 10, 0, 0, 5, 0, 10, 0, 0, : 10, 15, 10, 10, 10, 10, 1, 10, 10, 10, 10, 10, 10, 10, 10, 10, 10, 10, 3, 10, 10, 3, 1, 10, 10, 10, 10, 10, 10, 10, 10, 10, 10, 10, 10, 10, 10, 10, 12, 10, 10, 10, 10, 12, 5, 10, 10, 1, 10, 10, 10, 10, 10, 10, 10, 10, 10, 10, 12, 10, 5, 10, 
554: 0, 10, 0, 10, 10, 0, 5, 10, 10, 0, 0, 10, 10, 0, 0, 10, 0, 0, 10, 0, 10, 10, 10, 10, 10, 10, 0, 0, 3, 0, 0, 10, 0, 0, 0, 10, 0, 10, 10, 0, 0, 10, 10, 0, 10, 0, 10, 0, 10, 0, 0, 0, 0, 0, 0, 10, 10, 10, 10, 1, 0, 10, 0, 0, 10, 0, 0, 0, 0, 10, 0, 0, 10, 10, 0, 10, 10, 0, 10, 10, 10, 10, 0, 10, 0, 0, 0, 0, 10, 0, 0, 10, 10, 0, 10, 0, 10, 10, 10, 10, 0, 10, 10, 10, 0, 1, 0, 10, 10, 10, 10, 0, 10, 4, 10, 0, 0, 10, 10, 0, : 10, 10, 10, 5, 10, 10, 10, 10, 10, 10, 10, 10, 10, 10, 10, 10, 3, 10, 10, 10, 10, 10, 10, 10, 10, 10, 10, 10, 10, 10, 1, 10, 10, 10, 10, 10, 10, 10, 10, 10, 10, 10, 10, 10, 10, 10, 10, 10, 10, 10, 10, 10, 10, 10, 1, 10, 10, 10, 10, 10, 4, 10, 10, 10, 
404: 0, 10, 0, 0, 0, 0, 0, 10, 10, 0, 0, 0, 0, 0, 0, 0, 10, 0, 0, 10, 0, 0, 4, 0, 0, 10, 5, 10, 10, 10, 10, 0, 3, 10, 0, 1, 10, 0, 10, 10, 0, 0, 0, 0, 10, 0, 10, 0, 10, 0, 0, 0, 0, 0, 10, 10, 10, 0, 10, 10, 10, 0, 10, 0, 0, 10, 10, 0, 0, 0, 10, 0, 10, 10, 0, 10, 10, 10, 0, 0, 0, 0, 0, 0, 0, 0, 3, 1, 10, 0, 10, 3, 0, 10, 10, 0, 10, 10, 10, 10, 10, 10, 0, 0, 10, 10, 0, 0, 0, 10, 0, 10, 0, 0, 10, 10, 0, 10, 0, 10, : 10, 10, 10, 10, 10, 4, 10, 5, 10, 10, 10, 10, 3, 10, 1, 10, 10, 10, 10, 10, 10, 10, 10, 10, 10, 10, 10, 10, 10, 10, 10, 10, 10, 10, 10, 10, 3, 1, 10, 10, 3, 10, 10, 10, 10, 10, 10, 10, 10, 10, 10, 10, 10, 10, 10, 10, 10, 
695: 10, 2, 10, 1, 0, 0, 0, 10, 0, 0, 0, 10, 0, 0, 10, 0, 10, 0, 0, 10, 10, 10, 10, 10, 10, 0, 10, 0, 1, 10, 10, 10, 10, 0, 0, 10, 0, 0, 10, 10, 10, 10, 10, 10, 0, 0, 1, 10, 10, 10, 0, 0, 0, 10, 0, 0, 0, 10, 10, 0, 0, 0, 10, 20, 10, 10, 0, 10, 0, 10, 10, 10, 0, 10, 10, 10, 0, 10, 10, 0, 0, 10, 10, 0, 0, 10, 0, 16, 0, 10, 10, 0, 10, 10, 0, 10, 1, 1, 0, 0, 10, 10, 0, 0, 10, 10, 10, 4, 10, 2, 10, 0, 0, 0, 10, 0, 0, 0, 10, 0, : 10, 2, 10, 1, 10, 10, 10, 10, 10, 10, 10, 10, 10, 10, 10, 1, 10, 10, 10, 10, 10, 10, 10, 10, 10, 10, 10, 1, 10, 10, 10, 10, 10, 10, 10, 20, 10, 10, 10, 10, 10, 10, 10, 10, 10, 10, 10, 10, 10, 10, 16, 10, 10, 10, 10, 10, 1, 1, 10, 10, 10, 10, 10, 4, 10, 2, 10, 10, 10, 
351: 0, 10, 0, 10, 10, 10, 0, 0, 0, 10, 1, 0, 10, 10, 10, 0, 10, 10, 0, 0, 10, 10, 10, 0, 10, 0, 0, 0, 0, 0, 10, 0, 10, 0, 0, 0, 0, 0, 0, 0, 10, 0, 0, 0, 10, 10, 10, 0, 0, 10, 0, 0, 10, 10, 0, 0, 0, 0, 0, 0, 0, 10, 10, 0, 0, 0, 0, 0, 1, 0, 0, 0, 10, 0, 10, 2, 10, 0, 10, 10, 0, 0, 0, 0, 0, 10, 0, 10, 10, 10, 0, 10, 10, 0, 0, 0, 10, 0, 10, 0, 10, 1, 0, 0, 10, 10, 0, 10, 10, 10, 0, 0, 10, 10, 0, 10, 0, 0, 10, 0, : 10, 10, 10, 10, 10, 1, 10, 10, 10, 10, 10, 10, 10, 10, 10, 10, 10, 10, 10, 10, 10, 10, 10, 10, 10, 10, 1, 10, 10, 2, 10, 10, 10, 10, 10, 10, 10, 10, 10, 10, 10, 10, 1, 10, 10, 10, 10, 10, 10, 10, 10, 10, 
534: 0, 10, 10, 0, 10, 10, 10, 10, 10, 10, 0, 10, 10, 10, 0, 0, 10, 0, 10, 10, 0, 10, 10, 10, 0, 1, 10, 0, 0, 10, 10, 10, 10, 10, 0, 0, 0, 10, 0, 10, 0, 0, 10, 10, 0, 10, 10, 0, 10, 0, 10, 10, 0, 10, 0, 0, 0, 0, 10, 5, 0, 10, 0, 0, 10, 10, 10, 10, 0, 10, 0, 10, 0, 0, 0, 0, 0, 10, 10, 10, 10, 10, 0, 10, 0, 10, 1, 0, 10, 10, 0, 10, 10, 0, 0, 0, 0, 0, 10, 10, 10, 10, 10, 10, 0, 10, 0, 0, 10, 10, 0, 0, 0, 0, 10, 10, 0, 0, 10, 0, : 10, 10, 10, 10, 10, 10, 10, 10, 10, 10, 10, 10, 10, 10, 10, 10, 10, 1, 10, 10, 10, 10, 10, 10, 10, 10, 10, 10, 10, 10, 10, 10, 10, 10, 10, 5, 10, 10, 10, 10, 10, 10, 10, 10, 10, 10, 10, 10, 10, 10, 1, 10, 10, 10, 10, 10, 10, 10, 10, 10, 10, 10, 10, 10, 10, 10, 10, 
169: 0, 10, 0, 0, 0, 0, 0, 10, 0, 10, 10, 10, 0, 10, 10, 10, 10, 10, 10, 0, 0, 0, 10, 10, 4, 10, 10, 0, 10, 10, 0, 0, 0, 0, 10, 0, 3, 10, 10, 17, 0, 0, 0, 0, 0, 10, 10, 10, 0, 0, 0, 10, 0, 0, 10, 10, 0, 10, 10, 10, 10, 10, 10, 0, 10, 0, 10, 10, 10, 10, 10, 20, 1, 10, 10, 0, 10, 10, 0, 3, 10, 10, 10, 10, 10, 10, 0, 10, 0, 10, 10, 10, 10, 10, 19, 0, 10, 0, 0, 0, 0, 0, 10, 0, 2, 0, 10, 10, 10, 0, 0, 0, 10, 10, 10, 10, 0, 0, 0, 0, : 10, 10, 10, 10, 10, 10, 10, 10, 10, 10, 10, 10, 10, 4, 10, 10, 10, 10, 10, 3, 10, 10, 17, 10, 10, 10, 10, 10, 10, 10, 10, 10, 10, 10, 10, 10, 10, 10, 10, 10, 10, 20, 1, 10, 10, 10, 10, 3, 10, 10, 10, 10, 10, 10, 10, 10, 10, 10, 10, 10, 19, 10, 10, 2, 10, 10, 10, 10, 10, 10, 10, 
28: 0, 10, 10, 10, 0, 10, 0, 0, 0, 10, 10, 10, 10, 10, 10, 10, 10, 0, 0, 0, 10, 0, 0, 0, 0, 0, 0, 3, 10, 10, 10, 0, 10, 0, 10, 10, 0, 10, 10, 10, 10, 10, 10, 0, 10, 10, 10, 10, 10, 10, 10, 0, 10, 6, 10, 0, 0, 0, 0, 10, 10, 10, 10, 10, 10, 10, 0, 10, 0, 10, 0, 0, 0, 10, 10, 1, 7, 0, 0, 0, 0, 10, 1, 10, 10, 10, 10, 0, 10, 10, 0, 10, 10, 10, 10, 0, 0, 10, 0, 0, 10, 10, 0, 10, 10, 0, 0, 10, 0, 10, 0, 0, 10, 0, 0, 10, 0, 0, 8, 0, : 10, 10, 10, 10, 10, 10, 10, 10, 10, 10, 10, 10, 10, 3, 10, 10, 10, 10, 10, 10, 10, 10, 10, 10, 10, 10, 10, 10, 10, 10, 10, 10, 10, 10, 6, 10, 10, 10, 10, 10, 10, 10, 10, 10, 10, 10, 10, 1, 7, 10, 1, 10, 10, 10, 10, 10, 10, 10, 10, 10, 10, 10, 10, 10, 10, 10, 10, 10, 10, 10, 8, 
171: 0, 0, 10, 0, 0, 0, 10, 10, 0, 0, 0, 10, 5, 10, 10, 0, 10, 10, 0, 5, 0, 10, 0, 8, 0, 1, 10, 10, 10, 0, 10, 10, 0, 0, 0, 0, 10, 10, 0, 10, 10, 10, 10, 10, 10, 10, 10, 0, 19, 10, 0, 0, 10, 10, 0, 10, 10, 10, 10, 0, 10, 0, 10, 0, 0, 10, 10, 0, 0, 10, 10, 0, 10, 10, 0, 10, 0, 0, 10, 10, 0, 10, 0, 10, 0, 10, 10, 0, 16, 10, 10, 10, 10, 10, 10, 10, 0, 0, 10, 0, 0, 0, 0, 0, 10, 10, 10, 0, 10, 0, 10, 10, 10, 0, 0, 10, 0, 0, 10, 10, : 10, 10, 10, 10, 5, 10, 10, 10, 10, 5, 10, 8, 1, 10, 10, 10, 10, 10, 10, 10, 10, 10, 10, 10, 10, 10, 10, 10, 19, 10, 10, 10, 10, 10, 10, 10, 10, 10, 10, 10, 10, 10, 10, 10, 10, 10, 10, 10, 10, 10, 10, 16, 10, 10, 10, 10, 10, 10, 10, 10, 10, 10, 10, 10, 10, 10, 10, 10, 10, 10, 
298: 0, 0, 10, 10, 0, 0, 0, 20, 10, 0, 10, 0, 10, 10, 10, 10, 10, 0, 0, 10, 10, 0, 0, 0, 0, 10, 10, 10, 10, 0, 0, 0, 0, 0, 0, 10, 0, 0, 0, 0, 0, 10, 10, 10, 10, 0, 10, 0, 0, 0, 0, 0, 0, 10, 0, 0, 0, 10, 10, 10, 10, 0, 0, 10, 0, 10, 14, 10, 0, 10, 10, 0, 0, 10, 0, 0, 0, 0, 10, 10, 0, 0, 10, 10, 10, 0, 0, 0, 0, 10, 0, 0, 10, 0, 10, 10, 0, 10, 10, 0, 10, 1, 0, 0, 0, 10, 10, 0, 10, 0, 0, 0, 0, 0, 0, 11, 10, 0, 0, 10, : 10, 10, 20, 10, 10, 10, 10, 10, 10, 10, 10, 10, 10, 10, 10, 10, 10, 10, 10, 10, 10, 10, 10, 10, 10, 10, 10, 10, 10, 14, 10, 10, 10, 10, 10, 10, 10, 10, 10, 10, 10, 10, 10, 10, 10, 10, 1, 10, 10, 10, 11, 10, 10, 
740: 0, 0, 0, 10, 0, 2, 0, 0, 10, 0, 10, 3, 0, 0, 10, 10, 0, 10, 10, 0, 12, 0, 0, 10, 10, 10, 0, 10, 0, 0, 0, 0, 10, 10, 0, 0, 10, 0, 0, 10, 10, 0, 10, 10, 0, 3, 10, 0, 9, 4, 0, 10, 0, 0, 10, 0, 10, 0, 10, 0, 10, 10, 0, 0, 10, 10, 0, 10, 10, 0, 10, 10, 0, 0, 0, 0, 0, 10, 10, 0, 10, 10, 10, 0, 10, 0, 10, 10, 0, 0, 10, 10, 0, 10, 10, 0, 0, 0, 10, 0, 10, 8, 0, 10, 0, 0, 0, 17, 10, 10, 0, 0, 10, 0, 0, 10, 10, 0, 10, 0, : 10, 2, 10, 10, 3, 10, 10, 10, 10, 12, 10, 10, 10, 10, 10, 10, 10, 10, 10, 10, 10, 3, 10, 9, 4, 10, 10, 10, 10, 10, 10, 10, 10, 10, 10, 10, 10, 10, 10, 10, 10, 10, 10, 10, 10, 10, 10, 10, 10, 10, 10, 8, 10, 17, 10, 10, 10, 10, 10, 10, 
151: 10, 10, 0, 10, 0, 10, 10, 1, 0, 10, 0, 10, 10, 10, 10, 0, 10, 0, 10, 0, 10, 0, 0, 10, 10, 10, 10, 0, 0, 10, 0, 10, 0, 0, 10, 0, 0, 10, 0, 0, 0, 4, 0, 10, 10, 0, 0, 0, 10, 0, 0, 0, 0, 0, 0, 0, 10, 1, 10, 0, 1, 10, 0, 0, 0, 0, 0, 0, 10, 10, 10, 10, 10, 10, 0, 0, 0, 10, 0, 10, 10, 10, 10, 10, 10, 10, 18, 0, 0, 10, 0, 0, 0, 0, 10, 10, 10, 0, 0, 10, 10, 10, 1, 10, 10, 10, 10, 10, 10, 0, 10, 0, 10, 0, 10, 10, 10, 0, 0, 10, : 10, 10, 10, 10, 10, 1, 10, 10, 10, 10, 10, 10, 10, 10, 10, 10, 10, 10, 10, 10, 10, 10, 4, 10, 10, 10, 10, 1, 10, 1, 10, 10, 10, 10, 10, 10, 10, 10, 10, 10, 10, 10, 10, 10, 10, 18, 10, 10, 10, 10, 10, 10, 10, 1, 10, 10, 10, 10, 10, 10, 10, 10, 10, 10, 10, 10, 
662: 10, 0, 0, 0, 0, 0, 16, 0, 0, 13, 10, 20, 0, 10, 10, 10, 10, 10, 10, 10, 10, 10, 0, 0, 0, 10, 0, 10, 10, 0, 0, 10, 10, 10, 0, 10, 10, 10, 0, 10, 10, 10, 10, 0, 10, 10, 10, 1, 10, 10, 10, 0, 7, 10, 14, 0, 0, 0, 10, 0, 10, 10, 0, 0, 0, 10, 0, 0, 0, 10, 10, 0, 10, 10, 10, 10, 0, 10, 0, 10, 10, 0, 10, 10, 0, 0, 10, 0, 0, 10, 10, 0, 10, 0, 0, 0, 0, 0, 0, 0, 0, 10, 0, 10, 1, 0, 2, 10, 10, 0, 10, 10, 0, 19, 10, 17, 0, 10, 0, 0, : 10, 16, 13, 10, 20, 10, 10, 10, 10, 10, 10, 10, 10, 10, 10, 10, 10, 10, 10, 10, 10, 10, 10, 10, 10, 10, 10, 10, 10, 10, 1, 10, 10, 10, 7, 10, 14, 10, 10, 10, 10, 10, 10, 10, 10, 10, 10, 10, 10, 10, 10, 10, 10, 10, 10, 10, 10, 10, 1, 2, 10, 10, 10, 10, 19, 10, 17, 10, 


