
200
100
95
5

43: 1, 10, 0, 1, 10, 10, 10, 0, 2, 0, 0, 10, 0, 5, 10, 0, 10, 0, 0, 0, 1, 10, 10, 3, 10, 0, 0, 0, 3, 10, 10, 2, 10, 1, 0, 0, 0, 0, 15, 0, 10, 10, 10, 10, 0, 10, 0, 10, 0, 2, 10, 0, 1, 1, 10, 1, 0, 0, 0, 0, 2, 10, 10, 10, 10, 0, 0, 10, 0, 10, 10, 10, 10, 4, 10, 10, 0, 0, 10, 0, 10, 0, 10, 0, 10, 0, 10, 10, 10, 10, 1, 0, 0, 10, 0, 0, 0, 0, 0, 0, 1, 10, 0, 10, 10, 10, 10, 10, 10, 10, 5, 10, 0, 4, 10, 0, 3, 0, 10, 10, 10, 10, 10, 1, 10, 10, 10, 0, 10, 10, 10, 10, 0, 0, 10, 0, 10, 0, 0, 0, 10, 0, 10, 0, 8, 10, 0, 10, 0, 0, 0, 10, 10, 0, 10, 3, 10, 0, 1, 0, 10, 0, 10, 10, 0, 10, 17, 0, 10, 10, 0, 10, 0, 1, 10, 0, 10, 0, 10, 4, 2, 10, 10, 10, 10, 0, 10, 10, 10, 2, 2, 10, 1, 0, 10, 10, 0, 10, 1, 0, : 1, 10, 1, 10, 10, 10, 2, 10, 5, 10, 10, 1, 10, 10, 3, 10, 3, 10, 10, 2, 10, 1, 15, 10, 10, 10, 10, 10, 10, 2, 10, 1, 1, 10, 1, 2, 10, 10, 10, 10, 10, 10, 10, 10, 10, 4, 10, 10, 10, 10, 10, 10, 10, 10, 10, 10, 1, 10, 1, 10, 10, 10, 10, 10, 10, 10, 10, 5, 10, 4, 10, 3, 10, 10, 10, 10, 10, 1, 10, 10, 10, 10, 10, 10, 10, 10, 10, 10, 10, 8, 10, 10, 10, 10, 10, 3, 10, 1, 10, 10, 10, 10, 17, 10, 10, 10, 1, 10, 10, 10, 4, 2, 10, 10, 10, 10, 10, 10, 10, 2, 2, 10, 1, 10, 10, 10, 1, 
1: 0, 2, 2, 10, 10, 10, 1, 0, 0, 0, 10, 0, 0, 0, 2, 0, 0, 0, 0, 10, 2, 0, 0, 1, 0, 0, 10, 0, 1, 0, 0, 10, 10, 0, 10, 10, 0, 0, 0, 0, 0, 3, 0, 0, 10, 10, 10, 0, 14, 10, 0, 0, 0, 1, 0, 10, 10, 10, 0, 1, 0, 0, 12, 0, 0, 0, 0, 10, 0, 0, 10, 0, 10, 10, 0, 2, 10, 10, 1, 0, 10, 10, 10, 10, 0, 9, 0, 0, 10, 2, 10, 10, 10, 10, 10, 0, 0, 10, 10, 3, 0, 10, 10, 10, 19, 0, 10, 0, 10, 0, 10, 0, 0, 0, 0, 1, 0, 0, 0, 1, 10, 20, 10, 10, 0, 10, 2, 10, 10, 0, 0, 10, 10, 0, 1, 1, 0, 4, 0, 10, 1, 10, 0, 0, 0, 0, 0, 10, 0, 10, 10, 1, 10, 0, 10, 10, 0, 0, 10, 0, 10, 0, 0, 10, 0, 0, 0, 0, 0, 0, 0, 10, 10, 0, 10, 10, 10, 0, 10, 10, 0, 10, 10, 8, 0, 10, 4, 1, 0, 0, 10, 0, 1, 4, 2, 10, 2, 10, 10, 10, : 2, 2, 10, 10, 10, 1, 10, 2, 10, 2, 1, 10, 1, 10, 10, 10, 10, 3, 10, 10, 10, 14, 10, 1, 10, 10, 10, 1, 12, 10, 10, 10, 10, 2, 10, 10, 1, 10, 10, 10, 10, 9, 10, 2, 10, 10, 10, 10, 10, 10, 10, 3, 10, 10, 10, 19, 10, 10, 10, 1, 1, 10, 20, 10, 10, 10, 2, 10, 10, 10, 10, 1, 1, 4, 10, 1, 10, 10, 10, 10, 1, 10, 10, 10, 10, 10, 10, 10, 10, 10, 10, 10, 10, 10, 10, 10, 8, 10, 4, 1, 10, 1, 4, 2, 10, 2, 10, 10, 10, 
29: 2, 10, 0, 1, 1, 10, 10, 3, 10, 10, 10, 10, 10, 10, 10, 10, 0, 0, 10, 0, 0, 0, 0, 1, 10, 10, 10, 10, 0, 10, 4, 0, 0, 10, 10, 10, 10, 10, 9, 0, 10, 10, 10, 13, 0, 10, 10, 0, 0, 10, 0, 10, 10, 10, 4, 0, 0, 0, 0, 4, 10, 0, 1, 10, 3, 0, 10, 10, 10, 5, 0, 1, 0, 0, 10, 10, 0, 10, 1, 1, 0, 0, 4, 2, 0, 10, 0, 10, 10, 0, 10, 10, 10, 0, 0, 10, 2, 10, 10, 10, 10, 0, 0, 1, 10, 0, 10, 10, 0, 1, 10, 10, 0, 10, 0, 0, 10, 0, 0, 0, 10, 0, 10, 0, 0, 10, 0, 10, 10, 0, 10, 0, 0, 1, 0, 10, 0, 0, 0, 10, 0, 10, 10, 10, 0, 10, 10, 10, 0, 10, 10, 0, 10, 10, 0, 2, 0, 2, 0, 0, 13, 0, 0, 0, 10, 0, 10, 10, 10, 10, 0, 0, 10, 0, 0, 10, 10, 10, 0, 0, 0, 0, 0, 10, 14, 10, 0, 0, 0, 10, 2, 0, 1, 16, 10, 0, 0, 10, 10, 2, : 2, 10, 1, 1, 10, 10, 3, 10, 10, 10, 10, 10, 10, 10, 10, 10, 1, 10, 10, 10, 10, 10, 4, 10, 10, 10, 10, 10, 9, 10, 10, 10, 13, 10, 10, 10, 10, 10, 10, 4, 4, 10, 1, 10, 3, 10, 10, 10, 5, 1, 10, 10, 10, 1, 1, 4, 2, 10, 10, 10, 10, 10, 10, 10, 2, 10, 10, 10, 10, 1, 10, 10, 10, 1, 10, 10, 10, 10, 10, 10, 10, 10, 10, 10, 1, 10, 10, 10, 10, 10, 10, 10, 10, 10, 10, 10, 10, 2, 2, 13, 10, 10, 10, 10, 10, 10, 10, 10, 10, 10, 14, 10, 10, 2, 1, 16, 10, 10, 10, 2, 
28: 10, 10, 10, 0, 0, 0, 0, 0, 10, 2, 1, 0, 10, 10, 0, 10, 10, 1, 0, 10, 10, 10, 10, 10, 0, 1, 0, 0, 10, 0, 0, 0, 10, 0, 0, 0, 0, 0, 10, 10, 0, 0, 4, 10, 3, 0, 10, 10, 10, 0, 10, 0, 0, 10, 10, 0, 10, 0, 10, 0, 3, 10, 10, 0, 0, 10, 10, 10, 10, 0, 0, 0, 10, 0, 0, 10, 10, 0, 0, 4, 10, 3, 0, 10, 0, 10, 1, 0, 0, 0, 10, 2, 0, 0, 0, 10, 10, 10, 0, 0, 10, 0, 0, 1, 0, 10, 10, 0, 10, 0, 0, 0, 10, 10, 0, 10, 2, 0, 10, 10, 0, 0, 10, 10, 0, 10, 10, 0, 1, 0, 1, 10, 0, 0, 1, 0, 10, 0, 10, 0, 0, 10, 0, 0, 0, 10, 1, 0, 2, 3, 0, 10, 0, 0, 10, 0, 10, 10, 0, 0, 10, 1, 10, 0, 10, 10, 10, 10, 1, 0, 10, 1, 0, 10, 0, 10, 0, 0, 1, 0, 2, 0, 0, 10, 0, 10, 10, 0, 10, 0, 0, 1, 10, 0, 10, 10, 2, 0, 10, 10, : 10, 10, 10, 10, 2, 1, 10, 10, 10, 10, 1, 10, 10, 10, 10, 10, 1, 10, 10, 10, 10, 4, 10, 3, 10, 10, 10, 10, 10, 10, 10, 10, 3, 10, 10, 10, 10, 10, 10, 10, 10, 10, 4, 10, 3, 10, 10, 1, 10, 2, 10, 10, 10, 10, 1, 10, 10, 10, 10, 10, 10, 2, 10, 10, 10, 10, 10, 10, 1, 1, 10, 1, 10, 10, 10, 10, 1, 2, 3, 10, 10, 10, 10, 10, 1, 10, 10, 10, 10, 10, 1, 10, 1, 10, 10, 1, 2, 10, 10, 10, 10, 1, 10, 10, 10, 2, 10, 10, 
8: 0, 0, 10, 10, 0, 0, 10, 10, 0, 0, 0, 10, 10, 0, 0, 0, 10, 0, 0, 0, 10, 10, 0, 10, 10, 10, 0, 0, 0, 10, 0, 2, 10, 3, 0, 0, 10, 10, 10, 0, 10, 10, 0, 0, 10, 0, 0, 0, 10, 10, 10, 10, 10, 10, 10, 10, 10, 10, 10, 10, 0, 5, 0, 0, 10, 0, 0, 0, 10, 0, 1, 7, 5, 10, 0, 10, 0, 0, 0, 10, 10, 10, 10, 0, 0, 2, 1, 9, 10, 0, 0, 0, 0, 1, 10, 10, 0, 0, 0, 0, 4, 2, 2, 0, 0, 10, 0, 0, 10, 10, 0, 0, 4, 10, 10, 0, 10, 0, 1, 0, 0, 0, 0, 0, 0, 0, 10, 10, 1, 10, 0, 10, 0, 10, 10, 1, 10, 10, 1, 6, 0, 3, 10, 0, 4, 0, 10, 10, 0, 0, 2, 0, 10, 4, 10, 0, 0, 0, 1, 10, 0, 10, 0, 0, 0, 10, 10, 10, 3, 0, 10, 0, 0, 10, 0, 0, 0, 3, 0, 10, 1, 0, 10, 0, 0, 0, 10, 0, 0, 10, 10, 10, 10, 10, 0, 0, 10, 0, 4, 10, : 10, 10, 10, 10, 10, 10, 10, 10, 10, 10, 10, 10, 10, 2, 10, 3, 10, 10, 10, 10, 10, 10, 10, 10, 10, 10, 10, 10, 10, 10, 10, 10, 10, 10, 5, 10, 10, 1, 7, 5, 10, 10, 10, 10, 10, 10, 2, 1, 9, 10, 1, 10, 10, 4, 2, 2, 10, 10, 10, 4, 10, 10, 10, 1, 10, 10, 1, 10, 10, 10, 10, 1, 10, 10, 1, 6, 3, 10, 4, 10, 10, 2, 10, 4, 10, 1, 10, 10, 10, 10, 10, 3, 10, 10, 3, 10, 1, 10, 10, 10, 10, 10, 10, 10, 10, 4, 10, 
81: 0, 0, 10, 10, 0, 10, 0, 10, 10, 10, 10, 0, 10, 0, 0, 0, 2, 0, 0, 4, 5, 10, 10, 0, 10, 0, 10, 10, 10, 2, 0, 0, 0, 10, 10, 10, 3, 3, 10, 10, 10, 2, 10, 10, 0, 0, 10, 3, 0, 1, 0, 0, 10, 0, 10, 0, 0, 10, 0, 10, 10, 10, 2, 0, 10, 0, 10, 0, 4, 0, 0, 0, 0, 0, 10, 0, 10, 0, 10, 10, 10, 10, 0, 0, 0, 0, 5, 6, 1, 0, 10, 0, 0, 0, 0, 0, 10, 0, 4, 10, 0, 0, 10, 10, 10, 1, 0, 10, 0, 0, 0, 0, 1, 0, 10, 10, 0, 10, 3, 0, 0, 0, 0, 10, 10, 0, 10, 10, 10, 10, 0, 10, 10, 10, 10, 0, 0, 0, 10, 0, 0, 0, 0, 10, 3, 0, 10, 10, 10, 1, 0, 10, 3, 10, 10, 10, 5, 10, 10, 10, 10, 10, 0, 10, 10, 10, 0, 2, 0, 1, 10, 0, 10, 0, 10, 10, 0, 0, 0, 10, 0, 10, 0, 10, 10, 0, 0, 10, 10, 10, 0, 0, 10, 0, 0, 0, 1, 0, 0, 10, : 10, 10, 10, 10, 10, 10, 10, 10, 2, 4, 5, 10, 10, 10, 10, 10, 10, 2, 10, 10, 10, 3, 3, 10, 10, 10, 2, 10, 10, 10, 3, 1, 10, 10, 10, 10, 10, 10, 2, 10, 10, 4, 10, 10, 10, 10, 10, 10, 5, 6, 1, 10, 10, 4, 10, 10, 10, 10, 1, 10, 1, 10, 10, 10, 3, 10, 10, 10, 10, 10, 10, 10, 10, 10, 10, 10, 10, 3, 10, 10, 10, 1, 10, 3, 10, 10, 10, 5, 10, 10, 10, 10, 10, 10, 10, 10, 2, 1, 10, 10, 10, 10, 10, 10, 10, 10, 10, 10, 10, 10, 1, 10, 
57: 0, 1, 3, 10, 4, 10, 4, 10, 0, 2, 0, 10, 0, 0, 4, 0, 10, 10, 0, 10, 6, 0, 10, 0, 10, 0, 1, 0, 0, 5, 10, 10, 0, 0, 0, 10, 0, 0, 0, 0, 10, 10, 0, 10, 0, 10, 0, 10, 0, 0, 0, 10, 0, 10, 0, 2, 6, 0, 0, 10, 10, 10, 10, 10, 2, 10, 0, 0, 0, 0, 10, 0, 0, 10, 0, 0, 10, 0, 10, 0, 3, 1, 0, 0, 10, 10, 19, 0, 0, 10, 10, 10, 0, 10, 0, 10, 10, 0, 10, 0, 0, 3, 10, 0, 3, 3, 0, 10, 0, 10, 0, 10, 10, 0, 10, 0, 0, 10, 10, 0, 0, 0, 0, 10, 10, 10, 10, 0, 0, 0, 4, 0, 1, 10, 10, 0, 0, 10, 10, 10, 10, 0, 10, 10, 0, 10, 0, 5, 0, 10, 0, 0, 0, 0, 10, 10, 10, 0, 0, 0, 1, 0, 0, 0, 10, 0, 10, 0, 10, 10, 10, 10, 1, 0, 10, 1, 1, 0, 10, 0, 10, 0, 10, 10, 10, 0, 10, 10, 0, 10, 10, 10, 0, 10, 10, 1, 0, 1, 0, 10, : 1, 3, 10, 4, 10, 4, 10, 2, 10, 4, 10, 10, 10, 6, 10, 10, 1, 5, 10, 10, 10, 10, 10, 10, 10, 10, 10, 10, 2, 6, 10, 10, 10, 10, 10, 2, 10, 10, 10, 10, 10, 3, 1, 10, 10, 19, 10, 10, 10, 10, 10, 10, 10, 3, 10, 3, 3, 10, 10, 10, 10, 10, 10, 10, 10, 10, 10, 10, 4, 1, 10, 10, 10, 10, 10, 10, 10, 10, 10, 5, 10, 10, 10, 10, 1, 10, 10, 10, 10, 10, 10, 1, 10, 1, 1, 10, 10, 10, 10, 10, 10, 10, 10, 10, 10, 10, 10, 1, 1, 10, 
100: 10, 10, 0, 10, 10, 0, 0, 1, 10, 10, 4, 0, 1, 0, 0, 1, 19, 0, 10, 0, 0, 2, 1, 0, 10, 10, 0, 10, 2, 10, 0, 0, 0, 10, 10, 10, 10, 0, 0, 0, 3, 10, 10, 0, 10, 0, 10, 0, 10, 10, 10, 10, 10, 10, 0, 10, 0, 2, 0, 10, 10, 0, 3, 3, 10, 0, 0, 0, 0, 10, 10, 17, 0, 0, 4, 10, 0, 10, 10, 0, 0, 10, 10, 3, 0, 0, 0, 0, 10, 0, 3, 0, 10, 10, 10, 0, 0, 10, 0, 10, 10, 0, 10, 10, 0, 0, 1, 0, 14, 0, 10, 10, 0, 1, 10, 1, 0, 2, 10, 0, 10, 0, 10, 10, 10, 0, 10, 0, 10, 10, 10, 10, 3, 0, 5, 1, 0, 0, 0, 2, 0, 10, 4, 10, 10, 0, 0, 0, 10, 10, 10, 0, 0, 10, 0, 0, 10, 10, 10, 10, 0, 0, 0, 5, 1, 10, 0, 10, 0, 10, 0, 10, 0, 3, 10, 10, 10, 0, 0, 10, 10, 10, 0, 1, 10, 10, 0, 10, 0, 0, 0, 10, 0, 2, 0, 0, 0, 10, 0, 0, : 10, 10, 10, 10, 1, 10, 10, 4, 1, 1, 19, 10, 2, 1, 10, 10, 10, 2, 10, 10, 10, 10, 10, 3, 10, 10, 10, 10, 10, 10, 10, 10, 10, 10, 10, 2, 10, 10, 3, 3, 10, 10, 10, 17, 4, 10, 10, 10, 10, 10, 3, 10, 3, 10, 10, 10, 10, 10, 10, 10, 10, 1, 14, 10, 10, 1, 10, 1, 2, 10, 10, 10, 10, 10, 10, 10, 10, 10, 10, 3, 5, 1, 2, 10, 4, 10, 10, 10, 10, 10, 10, 10, 10, 10, 10, 5, 1, 10, 10, 10, 10, 3, 10, 10, 10, 10, 10, 10, 1, 10, 10, 10, 10, 2, 10, 
79: 0, 10, 0, 0, 10, 0, 0, 10, 10, 1, 0, 10, 10, 10, 0, 0, 0, 0, 10, 10, 0, 10, 1, 10, 10, 0, 0, 10, 10, 10, 0, 0, 0, 0, 10, 10, 0, 10, 0, 10, 10, 0, 10, 10, 10, 0, 10, 0, 0, 0, 10, 10, 10, 0, 0, 10, 0, 0, 0, 1, 0, 0, 0, 10, 0, 10, 10, 10, 0, 0, 0, 10, 10, 10, 10, 0, 10, 10, 10, 10, 10, 10, 0, 0, 2, 10, 19, 10, 0, 0, 0, 10, 10, 0, 0, 0, 0, 0, 10, 1, 10, 0, 2, 10, 0, 10, 0, 10, 10, 0, 0, 0, 10, 0, 10, 0, 10, 10, 1, 10, 10, 0, 5, 0, 1, 0, 1, 10, 0, 0, 0, 0, 10, 10, 0, 2, 0, 0, 0, 0, 10, 10, 1, 0, 0, 0, 10, 10, 0, 10, 0, 10, 0, 0, 0, 0, 0, 10, 0, 10, 0, 10, 2, 10, 10, 0, 8, 0, 0, 0, 0, 0, 10, 10, 0, 0, 0, 10, 0, 10, 10, 0, 0, 0, 10, 0, 10, 0, 10, 10, 0, 0, 10, 2, 10, 10, 0, 10, 10, 10, : 10, 10, 10, 10, 1, 10, 10, 10, 10, 10, 10, 1, 10, 10, 10, 10, 10, 10, 10, 10, 10, 10, 10, 10, 10, 10, 10, 10, 10, 10, 1, 10, 10, 10, 10, 10, 10, 10, 10, 10, 10, 10, 10, 10, 10, 2, 10, 19, 10, 10, 10, 10, 1, 10, 2, 10, 10, 10, 10, 10, 10, 10, 10, 1, 10, 10, 5, 1, 1, 10, 10, 10, 2, 10, 10, 1, 10, 10, 10, 10, 10, 10, 10, 2, 10, 10, 8, 10, 10, 10, 10, 10, 10, 10, 10, 10, 10, 2, 10, 10, 10, 10, 10, 
78: 10, 1, 10, 2, 10, 0, 0, 10, 0, 10, 10, 0, 0, 0, 17, 0, 10, 20, 10, 0, 0, 0, 0, 0, 0, 0, 0, 0, 10, 0, 10, 10, 10, 10, 10, 2, 10, 10, 0, 1, 10, 0, 10, 5, 10, 0, 10, 0, 10, 10, 2, 0, 0, 0, 0, 0, 0, 0, 10, 0, 10, 0, 10, 0, 10, 0, 0, 2, 10, 10, 0, 0, 0, 0, 10, 0, 10, 10, 10, 10, 5, 0, 10, 0, 0, 10, 10, 10, 10, 0, 0, 10, 10, 0, 0, 10, 2, 0, 10, 1, 0, 10, 10, 0, 10, 0, 0, 0, 0, 15, 10, 0, 10, 10, 3, 10, 10, 1, 0, 0, 10, 0, 0, 3, 0, 10, 0, 5, 0, 0, 10, 0, 10, 10, 10, 10, 4, 10, 0, 10, 0, 0, 0, 0, 10, 0, 10, 0, 1, 1, 1, 2, 0, 10, 10, 10, 10, 10, 0, 3, 10, 10, 10, 10, 0, 0, 0, 1, 0, 0, 10, 0, 0, 10, 1, 0, 10, 0, 10, 10, 0, 10, 10, 0, 0, 4, 10, 14, 0, 10, 10, 10, 10, 0, 0, 0, 10, 10, 10, 0, : 10, 1, 10, 2, 10, 10, 10, 10, 17, 10, 20, 10, 10, 10, 10, 10, 10, 10, 2, 10, 10, 1, 10, 10, 5, 10, 10, 10, 10, 2, 10, 10, 10, 10, 2, 10, 10, 10, 10, 10, 10, 10, 5, 10, 10, 10, 10, 10, 10, 10, 10, 2, 10, 1, 10, 10, 10, 15, 10, 10, 10, 3, 10, 10, 1, 10, 3, 10, 5, 10, 10, 10, 10, 10, 4, 10, 10, 10, 10, 1, 1, 1, 2, 10, 10, 10, 10, 10, 3, 10, 10, 10, 10, 1, 10, 10, 1, 10, 10, 10, 10, 10, 4, 10, 14, 10, 10, 10, 10, 10, 10, 10, 
23: 0, 10, 0, 0, 0, 0, 10, 10, 10, 10, 0, 10, 10, 10, 1, 10, 1, 10, 0, 0, 10, 10, 10, 0, 0, 2, 10, 0, 0, 0, 10, 0, 3, 0, 10, 0, 6, 10, 0, 0, 10, 10, 10, 0, 10, 10, 0, 0, 10, 1, 0, 10, 10, 10, 0, 10, 10, 0, 0, 0, 0, 10, 7, 0, 10, 10, 10, 0, 10, 10, 0, 0, 0, 10, 0, 10, 0, 2, 0, 10, 5, 10, 0, 10, 10, 3, 0, 0, 0, 10, 3, 1, 0, 10, 0, 0, 10, 10, 8, 10, 10, 0, 0, 6, 0, 10, 10, 0, 1, 19, 10, 10, 0, 0, 0, 0, 0, 0, 0, 10, 10, 0, 0, 0, 0, 2, 2, 10, 10, 10, 10, 1, 0, 2, 8, 0, 1, 0, 10, 0, 4, 0, 0, 10, 0, 0, 0, 10, 2, 0, 0, 0, 0, 10, 0, 0, 10, 0, 0, 10, 1, 10, 0, 0, 0, 10, 10, 10, 0, 1, 0, 10, 0, 1, 0, 0, 10, 10, 10, 10, 10, 10, 10, 15, 0, 10, 1, 10, 1, 0, 0, 10, 0, 1, 10, 0, 10, 0, 10, 1, : 10, 10, 10, 10, 10, 10, 10, 10, 1, 10, 1, 10, 10, 10, 10, 2, 10, 10, 3, 10, 6, 10, 10, 10, 10, 10, 10, 10, 1, 10, 10, 10, 10, 10, 10, 7, 10, 10, 10, 10, 10, 10, 10, 2, 10, 5, 10, 10, 10, 3, 10, 3, 1, 10, 10, 10, 8, 10, 10, 6, 10, 10, 1, 19, 10, 10, 10, 10, 2, 2, 10, 10, 10, 10, 1, 2, 8, 1, 10, 4, 10, 10, 2, 10, 10, 10, 1, 10, 10, 10, 10, 1, 10, 1, 10, 10, 10, 10, 10, 10, 10, 15, 10, 1, 10, 1, 10, 1, 10, 10, 10, 1, 
40: 0, 0, 0, 10, 0, 10, 10, 0, 10, 0, 10, 0, 0, 10, 10, 10, 0, 10, 10, 0, 0, 10, 0, 10, 10, 0, 10, 10, 10, 0, 10, 10, 10, 1, 3, 0, 10, 10, 1, 0, 0, 10, 0, 0, 10, 0, 0, 10, 10, 10, 10, 0, 1, 0, 0, 0, 0, 20, 1, 0, 0, 0, 0, 10, 10, 10, 0, 10, 10, 0, 10, 0, 0, 4, 10, 0, 0, 0, 0, 0, 2, 0, 0, 0, 10, 10, 0, 0, 0, 10, 15, 2, 2, 15, 10, 10, 1, 0, 0, 10, 10, 10, 10, 0, 0, 10, 0, 0, 10, 10, 10, 0, 0, 0, 0, 0, 10, 10, 10, 0, 10, 14, 0, 0, 10, 10, 0, 10, 0, 0, 10, 10, 10, 10, 0, 0, 10, 0, 10, 0, 10, 10, 10, 10, 10, 10, 10, 0, 10, 10, 10, 10, 0, 0, 0, 3, 0, 10, 10, 10, 10, 10, 3, 0, 1, 10, 0, 10, 10, 10, 0, 3, 0, 0, 1, 0, 10, 10, 10, 0, 0, 1, 10, 0, 0, 10, 10, 0, 10, 0, 10, 1, 2, 0, 0, 10, 0, 0, 0, 10, : 10, 10, 10, 10, 10, 10, 10, 10, 10, 10, 10, 10, 10, 10, 10, 10, 10, 10, 10, 1, 3, 10, 10, 1, 10, 10, 10, 10, 10, 10, 1, 20, 1, 10, 10, 10, 10, 10, 10, 4, 10, 2, 10, 10, 10, 15, 2, 2, 15, 10, 10, 1, 10, 10, 10, 10, 10, 10, 10, 10, 10, 10, 10, 10, 14, 10, 10, 10, 10, 10, 10, 10, 10, 10, 10, 10, 10, 10, 10, 10, 10, 10, 10, 10, 10, 3, 10, 10, 10, 10, 10, 3, 1, 10, 10, 10, 10, 3, 1, 10, 10, 10, 1, 10, 10, 10, 10, 10, 1, 2, 10, 10, 
47: 0, 10, 10, 0, 10, 10, 0, 10, 0, 10, 10, 10, 2, 0, 10, 4, 0, 10, 0, 1, 10, 2, 1, 0, 10, 10, 10, 5, 0, 0, 0, 10, 2, 10, 10, 10, 5, 0, 0, 16, 10, 0, 0, 10, 0, 10, 0, 2, 10, 10, 10, 0, 0, 10, 10, 10, 10, 0, 1, 0, 0, 0, 10, 10, 10, 1, 10, 0, 0, 1, 2, 0, 0, 0, 1, 10, 10, 0, 0, 1, 0, 10, 0, 10, 10, 10, 10, 10, 0, 0, 0, 0, 10, 0, 20, 0, 10, 10, 10, 10, 0, 0, 10, 0, 0, 0, 10, 10, 0, 0, 10, 5, 10, 10, 0, 3, 0, 0, 10, 1, 0, 10, 10, 10, 10, 0, 10, 0, 0, 10, 0, 0, 11, 0, 0, 10, 0, 10, 10, 0, 10, 10, 0, 0, 0, 6, 1, 10, 10, 0, 10, 10, 10, 10, 10, 0, 0, 10, 10, 1, 0, 10, 10, 10, 1, 0, 0, 10, 0, 10, 10, 10, 7, 10, 0, 0, 1, 10, 10, 0, 10, 2, 2, 10, 0, 10, 10, 10, 0, 2, 0, 10, 10, 0, 10, 10, 0, 3, 10, 8, : 10, 10, 10, 10, 10, 10, 10, 10, 2, 10, 4, 10, 1, 10, 2, 1, 10, 10, 10, 5, 10, 2, 10, 10, 10, 5, 16, 10, 10, 10, 2, 10, 10, 10, 10, 10, 10, 10, 1, 10, 10, 10, 1, 10, 1, 2, 1, 10, 10, 1, 10, 10, 10, 10, 10, 10, 10, 20, 10, 10, 10, 10, 10, 10, 10, 10, 5, 10, 10, 3, 10, 1, 10, 10, 10, 10, 10, 10, 11, 10, 10, 10, 10, 10, 6, 1, 10, 10, 10, 10, 10, 10, 10, 10, 10, 1, 10, 10, 10, 1, 10, 10, 10, 10, 7, 10, 1, 10, 10, 10, 2, 2, 10, 10, 10, 10, 2, 10, 10, 10, 10, 3, 10, 8, 
99: 10, 0, 0, 0, 0, 0, 10, 0, 0, 0, 0, 10, 2, 0, 10, 10, 2, 2, 10, 0, 10, 0, 10, 0, 0, 2, 3, 10, 10, 10, 1, 10, 0, 0, 0, 0, 0, 0, 10, 0, 0, 0, 0, 10, 0, 10, 10, 0, 10, 10, 0, 2, 0, 10, 0, 0, 0, 10, 10, 0, 0, 0, 10, 1, 0, 10, 0, 0, 0, 17, 2, 10, 0, 3, 10, 10, 0, 10, 0, 1, 0, 10, 10, 10, 10, 1, 10, 10, 10, 10, 0, 0, 10, 10, 1, 0, 10, 10, 2, 10, 0, 10, 0, 2, 10, 0, 0, 0, 0, 10, 0, 0, 0, 0, 0, 10, 10, 10, 0, 10, 0, 1, 0, 0, 0, 10, 0, 10, 10, 10, 10, 0, 0, 10, 0, 10, 10, 10, 10, 10, 0, 0, 0, 0, 10, 0, 10, 0, 10, 0, 10, 0, 0, 0, 3, 1, 0, 0, 10, 0, 10, 0, 10, 0, 10, 10, 0, 10, 0, 10, 0, 10, 1, 0, 10, 0, 3, 0, 4, 10, 10, 2, 1, 0, 10, 0, 10, 0, 0, 1, 0, 0, 10, 10, 10, 10, 10, 10, 0, 0, : 10, 10, 10, 2, 10, 10, 2, 2, 10, 10, 10, 2, 3, 10, 10, 10, 1, 10, 10, 10, 10, 10, 10, 10, 2, 10, 10, 10, 10, 1, 10, 17, 2, 10, 3, 10, 10, 10, 1, 10, 10, 10, 10, 1, 10, 10, 10, 10, 10, 10, 1, 10, 10, 2, 10, 10, 2, 10, 10, 10, 10, 10, 10, 1, 10, 10, 10, 10, 10, 10, 10, 10, 10, 10, 10, 10, 10, 10, 10, 3, 1, 10, 10, 10, 10, 10, 10, 10, 10, 1, 10, 3, 4, 10, 10, 2, 1, 10, 10, 1, 10, 10, 10, 10, 10, 10, 
18: 10, 0, 10, 0, 10, 10, 10, 0, 5, 0, 0, 0, 0, 10, 0, 10, 10, 2, 5, 10, 10, 10, 10, 10, 0, 10, 10, 0, 10, 5, 0, 0, 10, 10, 0, 0, 10, 10, 10, 0, 0, 0, 0, 0, 10, 5, 0, 10, 0, 0, 2, 10, 0, 3, 10, 2, 10, 10, 10, 0, 10, 10, 0, 0, 0, 10, 10, 10, 6, 0, 0, 10, 10, 10, 0, 0, 0, 10, 10, 0, 10, 0, 10, 10, 2, 0, 0, 10, 0, 10, 0, 0, 10, 9, 0, 13, 10, 0, 1, 0, 10, 10, 0, 5, 0, 0, 10, 10, 0, 0, 10, 10, 10, 10, 0, 10, 0, 10, 0, 3, 10, 10, 10, 0, 10, 0, 0, 10, 0, 0, 0, 10, 0, 0, 0, 10, 10, 10, 10, 0, 10, 10, 10, 10, 0, 9, 0, 0, 10, 0, 10, 0, 0, 10, 0, 10, 0, 2, 3, 0, 10, 0, 10, 0, 10, 10, 0, 0, 10, 10, 5, 0, 10, 10, 0, 10, 0, 10, 10, 1, 10, 0, 0, 10, 1, 10, 0, 0, 4, 0, 0, 10, 0, 10, 1, 0, 19, 10, 10, 10, : 10, 10, 10, 10, 10, 5, 10, 10, 10, 2, 5, 10, 10, 10, 10, 10, 10, 10, 10, 5, 10, 10, 10, 10, 10, 10, 5, 10, 2, 10, 3, 10, 2, 10, 10, 10, 10, 10, 10, 10, 10, 6, 10, 10, 10, 10, 10, 10, 10, 10, 2, 10, 10, 10, 9, 13, 10, 1, 10, 10, 5, 10, 10, 10, 10, 10, 10, 10, 10, 3, 10, 10, 10, 10, 10, 10, 10, 10, 10, 10, 10, 10, 10, 10, 9, 10, 10, 10, 10, 2, 3, 10, 10, 10, 10, 10, 10, 5, 10, 10, 10, 10, 10, 1, 10, 10, 1, 10, 4, 10, 10, 1, 19, 10, 10, 10, 
66: 18, 1, 0, 0, 10, 4, 0, 0, 0, 10, 0, 0, 10, 10, 10, 10, 0, 10, 10, 10, 10, 0, 0, 10, 0, 10, 1, 10, 0, 10, 10, 0, 10, 0, 0, 0, 10, 10, 0, 10, 0, 10, 10, 2, 1, 10, 0, 10, 0, 10, 1, 10, 10, 0, 10, 10, 9, 0, 10, 10, 10, 0, 0, 10, 10, 0, 4, 3, 10, 0, 0, 0, 0, 0, 10, 1, 10, 10, 3, 10, 0, 10, 10, 10, 10, 0, 10, 10, 3, 10, 0, 10, 10, 0, 0, 10, 10, 10, 0, 10, 0, 10, 10, 10, 3, 1, 6, 1, 0, 0, 0, 0, 0, 10, 10, 10, 10, 10, 10, 10, 0, 10, 10, 0, 10, 0, 0, 0, 10, 10, 0, 0, 10, 10, 10, 10, 0, 10, 4, 10, 0, 2, 10, 2, 10, 10, 10, 0, 0, 10, 1, 10, 11, 0, 0, 10, 10, 0, 0, 1, 0, 0, 10, 10, 10, 4, 10, 10, 10, 3, 0, 0, 15, 10, 0, 10, 0, 10, 0, 0, 0, 10, 0, 0, 10, 0, 0, 0, 10, 0, 1, 10, 0, 10, 1, 10, 10, 1, 10, 0, : 18, 1, 10, 4, 10, 10, 10, 10, 10, 10, 10, 10, 10, 10, 10, 1, 10, 10, 10, 10, 10, 10, 10, 10, 10, 2, 1, 10, 10, 10, 1, 10, 10, 10, 10, 9, 10, 10, 10, 10, 10, 4, 3, 10, 10, 1, 10, 10, 3, 10, 10, 10, 10, 10, 10, 10, 3, 10, 10, 10, 10, 10, 10, 10, 10, 10, 10, 3, 1, 6, 1, 10, 10, 10, 10, 10, 10, 10, 10, 10, 10, 10, 10, 10, 10, 10, 10, 10, 4, 10, 2, 10, 2, 10, 10, 10, 10, 1, 10, 11, 10, 10, 1, 10, 10, 10, 4, 10, 10, 10, 3, 15, 10, 10, 10, 10, 10, 10, 1, 10, 10, 1, 10, 10, 1, 10, 
35: 4, 10, 10, 10, 10, 1, 10, 10, 0, 0, 10, 2, 0, 0, 0, 0, 0, 0, 0, 10, 0, 0, 2, 10, 0, 10, 10, 10, 1, 0, 0, 10, 10, 10, 0, 10, 0, 1, 0, 18, 0, 10, 0, 0, 0, 0, 0, 10, 0, 1, 0, 1, 10, 10, 1, 10, 10, 10, 13, 10, 0, 0, 10, 10, 0, 0, 10, 10, 0, 10, 10, 10, 10, 10, 0, 0, 5, 3, 10, 18, 0, 0, 0, 10, 10, 0, 0, 0, 10, 10, 3, 0, 0, 0, 10, 0, 0, 5, 0, 10, 0, 10, 1, 0, 10, 0, 8, 4, 10, 10, 0, 0, 10, 0, 2, 10, 0, 2, 10, 10, 1, 0, 0, 10, 2, 0, 10, 0, 10, 10, 0, 0, 0, 0, 10, 10, 10, 10, 0, 10, 0, 0, 10, 0, 10, 0, 0, 10, 10, 0, 1, 2, 11, 0, 2, 10, 10, 0, 0, 0, 0, 4, 10, 0, 0, 0, 0, 1, 10, 0, 10, 0, 1, 10, 10, 4, 0, 0, 0, 10, 0, 10, 10, 0, 10, 0, 0, 0, 10, 10, 10, 0, 0, 0, 1, 2, 0, 0, 0, 0, : 4, 10, 10, 10, 10, 1, 10, 10, 10, 2, 10, 2, 10, 10, 10, 10, 1, 10, 10, 10, 10, 1, 18, 10, 10, 1, 1, 10, 10, 1, 10, 10, 10, 13, 10, 10, 10, 10, 10, 10, 10, 10, 10, 10, 5, 3, 10, 18, 10, 10, 10, 10, 3, 10, 5, 10, 10, 1, 10, 8, 4, 10, 10, 10, 2, 10, 2, 10, 10, 1, 10, 2, 10, 10, 10, 10, 10, 10, 10, 10, 10, 10, 10, 10, 1, 2, 11, 2, 10, 10, 4, 10, 1, 10, 10, 1, 10, 10, 4, 10, 10, 10, 10, 10, 10, 10, 1, 2, 
3: 0, 0, 0, 10, 0, 0, 0, 1, 0, 4, 0, 0, 10, 0, 10, 0, 10, 10, 0, 10, 10, 1, 10, 10, 0, 10, 10, 0, 0, 0, 10, 10, 0, 10, 0, 3, 1, 1, 10, 0, 2, 0, 0, 0, 1, 0, 10, 0, 0, 0, 0, 10, 2, 0, 0, 0, 10, 10, 10, 10, 10, 10, 0, 10, 0, 10, 1, 10, 5, 2, 10, 0, 10, 10, 10, 1, 0, 0, 10, 0, 10, 0, 0, 0, 1, 10, 0, 0, 10, 10, 0, 10, 0, 10, 10, 2, 0, 0, 10, 0, 10, 0, 0, 0, 0, 10, 0, 10, 10, 0, 0, 10, 0, 10, 10, 0, 10, 10, 0, 0, 0, 10, 10, 10, 0, 10, 0, 0, 0, 0, 10, 4, 10, 0, 10, 0, 0, 0, 10, 4, 10, 10, 10, 3, 0, 10, 3, 0, 0, 0, 10, 10, 10, 1, 10, 10, 0, 1, 10, 10, 0, 10, 0, 0, 0, 0, 0, 1, 1, 10, 10, 1, 0, 10, 10, 10, 10, 12, 0, 0, 10, 0, 1, 0, 0, 1, 0, 10, 10, 0, 10, 3, 0, 0, 0, 2, 10, 0, 0, 0, : 10, 1, 4, 10, 10, 10, 10, 10, 10, 1, 10, 10, 10, 10, 10, 10, 10, 3, 1, 1, 10, 2, 1, 10, 10, 2, 10, 10, 10, 10, 10, 10, 10, 10, 1, 10, 5, 2, 10, 10, 10, 10, 1, 10, 10, 1, 10, 10, 10, 10, 10, 10, 2, 10, 10, 10, 10, 10, 10, 10, 10, 10, 10, 10, 10, 10, 10, 10, 4, 10, 10, 10, 4, 10, 10, 10, 3, 10, 3, 10, 10, 10, 1, 10, 10, 1, 10, 10, 10, 1, 1, 10, 10, 1, 10, 10, 10, 10, 12, 10, 1, 1, 10, 10, 10, 3, 2, 10, 
34: 10, 10, 10, 1, 0, 10, 10, 0, 10, 16, 10, 3, 0, 10, 1, 10, 1, 10, 10, 0, 0, 10, 0, 10, 5, 0, 0, 0, 1, 3, 10, 10, 0, 10, 10, 10, 10, 0, 0, 10, 0, 0, 10, 5, 10, 10, 4, 10, 0, 0, 10, 0, 1, 0, 10, 0, 0, 2, 0, 18, 10, 10, 0, 1, 0, 10, 10, 0, 0, 10, 10, 10, 10, 0, 0, 10, 0, 10, 0, 0, 0, 0, 10, 10, 0, 0, 0, 0, 0, 0, 10, 10, 0, 0, 10, 10, 0, 10, 10, 0, 0, 0, 0, 10, 0, 10, 0, 10, 0, 0, 10, 10, 10, 0, 10, 10, 10, 0, 0, 10, 0, 0, 0, 10, 2, 3, 10, 0, 0, 1, 10, 0, 10, 2, 0, 10, 10, 1, 0, 3, 10, 0, 0, 10, 10, 10, 0, 0, 10, 10, 10, 0, 10, 10, 0, 5, 0, 10, 10, 10, 0, 10, 0, 10, 2, 1, 0, 0, 10, 0, 10, 10, 10, 0, 3, 10, 0, 10, 0, 0, 0, 0, 10, 0, 0, 10, 0, 0, 10, 10, 10, 0, 10, 10, 10, 10, 10, 0, 0, 2, : 10, 10, 10, 1, 10, 10, 10, 16, 10, 3, 10, 1, 10, 1, 10, 10, 10, 10, 5, 1, 3, 10, 10, 10, 10, 10, 10, 10, 10, 5, 10, 10, 4, 10, 10, 1, 10, 2, 18, 10, 10, 1, 10, 10, 10, 10, 10, 10, 10, 10, 10, 10, 10, 10, 10, 10, 10, 10, 10, 10, 10, 10, 10, 10, 10, 10, 10, 10, 10, 2, 3, 10, 1, 10, 10, 2, 10, 10, 1, 3, 10, 10, 10, 10, 10, 10, 10, 10, 10, 5, 10, 10, 10, 10, 10, 2, 1, 10, 10, 10, 10, 3, 10, 10, 10, 10, 10, 10, 10, 10, 10, 10, 10, 10, 2, 
24: 10, 0, 10, 10, 0, 0, 0, 10, 8, 0, 10, 10, 10, 10, 0, 10, 0, 0, 10, 10, 1, 0, 10, 0, 0, 10, 0, 10, 17, 10, 10, 1, 0, 0, 2, 0, 0, 10, 10, 10, 0, 0, 1, 0, 0, 0, 1, 10, 1, 0, 10, 2, 10, 0, 10, 10, 0, 1, 10, 1, 0, 10, 0, 0, 0, 4, 0, 0, 10, 10, 10, 10, 10, 4, 0, 1, 10, 0, 0, 10, 0, 1, 1, 0, 10, 0, 0, 0, 1, 3, 10, 10, 3, 0, 4, 0, 10, 0, 0, 0, 10, 10, 10, 10, 10, 10, 10, 0, 0, 0, 0, 10, 10, 10, 0, 10, 0, 10, 10, 10, 4, 10, 0, 1, 10, 0, 0, 0, 3, 4, 0, 10, 0, 10, 0, 10, 10, 10, 0, 10, 10, 0, 0, 10, 10, 0, 10, 0, 10, 10, 0, 10, 0, 10, 0, 1, 10, 10, 10, 10, 0, 0, 10, 10, 10, 0, 10, 0, 10, 0, 0, 10, 10, 0, 10, 0, 10, 0, 10, 0, 10, 10, 1, 1, 0, 0, 0, 10, 0, 10, 10, 0, 10, 10, 0, 0, 1, 10, 0, 2, : 10, 10, 10, 10, 8, 10, 10, 10, 10, 10, 10, 10, 1, 10, 10, 10, 17, 10, 10, 1, 2, 10, 10, 10, 1, 1, 10, 1, 10, 2, 10, 10, 10, 1, 10, 1, 10, 4, 10, 10, 10, 10, 10, 4, 1, 10, 10, 1, 1, 10, 1, 3, 10, 10, 3, 4, 10, 10, 10, 10, 10, 10, 10, 10, 10, 10, 10, 10, 10, 10, 10, 4, 10, 1, 10, 3, 4, 10, 10, 10, 10, 10, 10, 10, 10, 10, 10, 10, 10, 10, 10, 1, 10, 10, 10, 10, 10, 10, 10, 10, 10, 10, 10, 10, 10, 10, 10, 10, 1, 1, 10, 10, 10, 10, 10, 1, 10, 2, 


97: 10, 0, 0, 2, 10, 10, 10, 10, 0, 10, 0, 0, 4, 2, 10, 6, 0, 10, 0, 2, 10, 10, 0, 10, 10, 10, 4, 10, 10, 10, 0, 1, 0, 0, 15, 10, 10, 10, 10, 0, 0, 10, 0, 10, 10, 10, 10, 10, 0, 10, 0, 9, 0, 0, 10, 0, 0, 10, 0, 10, 10, 0, 0, 10, 0, 0, 0, 10, 0, 1, 0, 10, 0, 10, 10, 10, 10, 10, 9, 0, 10, 10, 0, 0, 0, 2, 0, 10, 0, 10, 0, 10, 11, 0, 10, 5, 3, 0, 0, 10, 0, 0, 10, 10, 0, 10, 2, 0, 10, 10, 10, 10, 10, 0, 0, 10, 10, 0, 0, 10, 10, 10, 10, 10, 2, 0, 10, 0, 0, 0, 0, 0, 1, 10, 0, 10, 10, 10, 10, 0, 0, 0, 10, 16, 10, 10, 10, 10, 3, 10, 10, 10, 10, 0, 10, 10, 0, 0, 10, 10, 10, 0, 10, 10, 10, 0, 10, 0, 0, 10, 10, 10, 10, 0, 10, 0, 10, 0, 0, 0, 0, 0, 0, 0, 0, 10, 10, 0, 10, 10, 2, 0, 5, 10, 0, 7, 0, 1, 0, 10, : 10, 2, 10, 10, 10, 10, 10, 4, 2, 10, 6, 10, 2, 10, 10, 10, 10, 10, 4, 10, 10, 10, 1, 15, 10, 10, 10, 10, 10, 10, 10, 10, 10, 10, 10, 9, 10, 10, 10, 10, 10, 10, 1, 10, 10, 10, 10, 10, 10, 9, 10, 10, 2, 10, 10, 10, 11, 10, 5, 3, 10, 10, 10, 10, 2, 10, 10, 10, 10, 10, 10, 10, 10, 10, 10, 10, 10, 2, 10, 1, 10, 10, 10, 10, 10, 10, 16, 10, 10, 10, 10, 3, 10, 10, 10, 10, 10, 10, 10, 10, 10, 10, 10, 10, 10, 10, 10, 10, 10, 10, 10, 10, 10, 10, 10, 2, 5, 10, 7, 1, 10, 
70: 10, 10, 10, 0, 10, 19, 10, 10, 0, 10, 10, 10, 10, 0, 0, 10, 10, 3, 10, 0, 10, 1, 10, 0, 0, 10, 0, 10, 0, 0, 0, 10, 1, 10, 10, 0, 0, 1, 1, 10, 0, 10, 10, 10, 0, 10, 10, 10, 3, 3, 10, 14, 3, 0, 0, 10, 0, 10, 0, 0, 0, 10, 10, 0, 0, 0, 10, 0, 10, 10, 3, 0, 0, 0, 10, 0, 10, 10, 10, 0, 0, 0, 0, 0, 10, 10, 0, 10, 10, 0, 10, 0, 2, 10, 10, 0, 10, 4, 0, 4, 0, 10, 1, 0, 0, 0, 10, 0, 0, 10, 1, 10, 0, 0, 10, 0, 0, 0, 1, 10, 0, 0, 3, 10, 0, 0, 10, 10, 18, 1, 0, 0, 10, 0, 10, 10, 0, 1, 10, 10, 0, 10, 0, 3, 2, 10, 3, 1, 0, 0, 0, 0, 10, 10, 1, 4, 0, 3, 10, 10, 0, 10, 0, 0, 0, 2, 10, 0, 10, 10, 0, 10, 10, 0, 10, 2, 0, 0, 1, 1, 0, 4, 0, 0, 10, 10, 0, 0, 0, 2, 0, 3, 0, 0, 10, 10, 0, 10, 0, 0, : 10, 10, 10, 10, 19, 10, 10, 10, 10, 10, 10, 10, 10, 3, 10, 10, 1, 10, 10, 10, 10, 1, 10, 10, 1, 1, 10, 10, 10, 10, 10, 10, 10, 3, 3, 10, 14, 3, 10, 10, 10, 10, 10, 10, 10, 3, 10, 10, 10, 10, 10, 10, 10, 10, 10, 2, 10, 10, 10, 4, 4, 10, 1, 10, 10, 1, 10, 10, 1, 10, 3, 10, 10, 10, 18, 1, 10, 10, 10, 1, 10, 10, 10, 3, 2, 10, 3, 1, 10, 10, 1, 4, 3, 10, 10, 10, 2, 10, 10, 10, 10, 10, 10, 2, 1, 1, 4, 10, 10, 2, 3, 10, 10, 10, 
16: 2, 10, 0, 10, 10, 0, 0, 10, 10, 0, 0, 10, 10, 0, 0, 0, 10, 0, 0, 10, 0, 1, 10, 0, 10, 10, 10, 0, 0, 0, 10, 10, 0, 10, 0, 0, 1, 0, 10, 10, 0, 0, 7, 10, 0, 10, 0, 0, 10, 10, 10, 10, 0, 10, 1, 0, 0, 0, 3, 0, 4, 10, 0, 0, 10, 0, 0, 0, 10, 10, 10, 10, 10, 10, 10, 4, 0, 0, 0, 10, 10, 0, 10, 10, 10, 0, 10, 20, 10, 0, 0, 10, 0, 10, 10, 10, 0, 10, 10, 0, 10, 0, 0, 0, 0, 10, 0, 6, 3, 0, 0, 0, 5, 10, 2, 0, 0, 3, 4, 10, 0, 10, 1, 0, 0, 10, 0, 10, 0, 10, 0, 0, 0, 10, 10, 1, 10, 6, 10, 0, 10, 0, 10, 10, 0, 0, 10, 10, 10, 0, 0, 0, 0, 10, 1, 10, 10, 10, 10, 0, 0, 10, 0, 10, 0, 0, 10, 0, 0, 5, 0, 10, 10, 10, 10, 0, 10, 10, 10, 4, 10, 10, 10, 10, 0, 0, 10, 10, 10, 0, 10, 0, 0, 0, 10, 0, 0, 10, 10, 0, : 2, 10, 10, 10, 10, 10, 10, 10, 10, 10, 1, 10, 10, 10, 10, 10, 10, 10, 1, 10, 10, 7, 10, 10, 10, 10, 10, 10, 10, 1, 3, 4, 10, 10, 10, 10, 10, 10, 10, 10, 10, 4, 10, 10, 10, 10, 10, 10, 20, 10, 10, 10, 10, 10, 10, 10, 10, 10, 6, 3, 5, 10, 2, 3, 4, 10, 10, 1, 10, 10, 10, 10, 10, 1, 10, 6, 10, 10, 10, 10, 10, 10, 10, 10, 1, 10, 10, 10, 10, 10, 10, 10, 5, 10, 10, 10, 10, 10, 10, 10, 4, 10, 10, 10, 10, 10, 10, 10, 10, 10, 10, 10, 
17: 10, 10, 2, 0, 2, 10, 3, 10, 0, 0, 0, 10, 10, 0, 10, 0, 1, 0, 0, 10, 0, 10, 0, 10, 10, 0, 10, 0, 0, 10, 10, 0, 10, 10, 10, 1, 3, 10, 0, 10, 10, 10, 0, 0, 0, 10, 10, 0, 0, 0, 0, 10, 1, 10, 10, 10, 0, 10, 0, 0, 0, 14, 0, 8, 10, 3, 10, 10, 9, 10, 0, 2, 14, 5, 0, 10, 10, 0, 10, 0, 14, 0, 10, 2, 10, 10, 0, 10, 0, 10, 0, 0, 10, 0, 10, 0, 1, 10, 10, 0, 0, 3, 10, 10, 10, 0, 0, 2, 2, 10, 0, 0, 0, 0, 10, 0, 0, 10, 0, 0, 0, 0, 10, 0, 0, 0, 0, 0, 0, 1, 10, 10, 10, 5, 0, 10, 10, 0, 10, 10, 0, 0, 10, 0, 10, 0, 10, 4, 0, 10, 10, 0, 0, 0, 0, 10, 10, 0, 1, 1, 0, 10, 0, 10, 2, 10, 10, 0, 10, 0, 0, 0, 0, 10, 0, 0, 4, 0, 0, 0, 10, 0, 10, 10, 10, 10, 10, 1, 0, 0, 0, 0, 10, 0, 1, 17, 10, 10, 5, 10, : 10, 10, 2, 2, 10, 3, 10, 10, 10, 10, 1, 10, 10, 10, 10, 10, 10, 10, 10, 10, 10, 1, 3, 10, 10, 10, 10, 10, 10, 10, 1, 10, 10, 10, 10, 14, 8, 10, 3, 10, 10, 9, 10, 2, 14, 5, 10, 10, 10, 14, 10, 2, 10, 10, 10, 10, 10, 10, 1, 10, 10, 3, 10, 10, 10, 2, 2, 10, 10, 10, 10, 1, 10, 10, 10, 5, 10, 10, 10, 10, 10, 10, 10, 4, 10, 10, 10, 10, 1, 1, 10, 10, 2, 10, 10, 10, 10, 4, 10, 10, 10, 10, 10, 10, 1, 10, 1, 17, 10, 10, 5, 10, 
58: 0, 4, 0, 10, 10, 0, 0, 0, 0, 1, 0, 10, 0, 0, 10, 13, 0, 10, 10, 10, 2, 0, 10, 1, 0, 10, 0, 0, 0, 10, 0, 0, 0, 0, 10, 10, 10, 10, 10, 0, 0, 0, 10, 10, 10, 0, 0, 10, 10, 0, 10, 0, 0, 3, 10, 0, 2, 8, 0, 2, 10, 0, 10, 10, 10, 0, 1, 10, 0, 2, 0, 10, 0, 0, 0, 0, 10, 0, 10, 10, 10, 10, 10, 10, 10, 0, 0, 1, 0, 10, 10, 10, 0, 0, 10, 0, 10, 10, 10, 0, 1, 10, 10, 0, 10, 1, 0, 0, 0, 0, 10, 0, 0, 10, 10, 0, 10, 10, 10, 10, 0, 10, 0, 0, 0, 0, 0, 10, 0, 10, 10, 0, 16, 0, 10, 0, 10, 10, 0, 0, 10, 0, 1, 1, 10, 4, 0, 0, 1, 10, 0, 0, 10, 0, 10, 0, 10, 10, 10, 10, 5, 3, 0, 10, 0, 10, 10, 3, 0, 0, 10, 10, 10, 0, 0, 10, 10, 0, 2, 0, 10, 10, 0, 4, 10, 10, 1, 10, 19, 10, 0, 0, 10, 10, 10, 1, 0, 10, 0, 0, : 4, 10, 10, 1, 10, 10, 13, 10, 10, 10, 2, 10, 1, 10, 10, 10, 10, 10, 10, 10, 10, 10, 10, 10, 10, 10, 3, 10, 2, 8, 2, 10, 10, 10, 10, 1, 10, 2, 10, 10, 10, 10, 10, 10, 10, 10, 10, 1, 10, 10, 10, 10, 10, 10, 10, 1, 10, 10, 10, 1, 10, 10, 10, 10, 10, 10, 10, 10, 10, 10, 10, 16, 10, 10, 10, 10, 1, 1, 10, 4, 1, 10, 10, 10, 10, 10, 10, 10, 5, 3, 10, 10, 10, 3, 10, 10, 10, 10, 10, 2, 10, 10, 4, 10, 10, 1, 10, 19, 10, 10, 10, 10, 1, 10, 
2: 0, 10, 0, 0, 0, 0, 0, 10, 10, 0, 10, 2, 1, 0, 10, 0, 10, 0, 1, 10, 10, 0, 10, 4, 0, 0, 10, 2, 5, 0, 0, 0, 0, 0, 10, 0, 10, 0, 1, 0, 10, 9, 0, 10, 1, 0, 2, 10, 0, 15, 10, 0, 10, 10, 10, 10, 10, 0, 10, 10, 10, 0, 14, 0, 0, 2, 0, 2, 0, 0, 0, 0, 0, 10, 0, 7, 0, 0, 15, 10, 10, 0, 0, 10, 2, 0, 10, 10, 10, 10, 3, 1, 2, 0, 0, 10, 10, 1, 5, 0, 10, 0, 10, 0, 0, 3, 10, 0, 10, 0, 0, 0, 2, 0, 10, 0, 10, 0, 10, 10, 10, 0, 10, 10, 10, 0, 0, 10, 10, 0, 10, 3, 0, 0, 1, 10, 1, 0, 10, 0, 2, 10, 0, 0, 10, 10, 2, 0, 10, 0, 10, 10, 10, 10, 0, 0, 0, 0, 0, 10, 10, 0, 0, 0, 10, 0, 0, 10, 0, 10, 1, 10, 10, 2, 10, 10, 10, 3, 0, 2, 10, 1, 2, 10, 10, 10, 10, 3, 6, 10, 0, 0, 0, 0, 10, 10, 10, 10, 0, 0, : 10, 10, 10, 10, 2, 1, 10, 10, 1, 10, 10, 10, 4, 10, 2, 5, 10, 10, 1, 10, 9, 10, 1, 2, 10, 15, 10, 10, 10, 10, 10, 10, 10, 10, 10, 14, 2, 2, 10, 7, 15, 10, 10, 10, 2, 10, 10, 10, 10, 3, 1, 2, 10, 10, 1, 5, 10, 10, 3, 10, 10, 2, 10, 10, 10, 10, 10, 10, 10, 10, 10, 10, 10, 3, 1, 10, 1, 10, 2, 10, 10, 10, 2, 10, 10, 10, 10, 10, 10, 10, 10, 10, 10, 1, 10, 10, 2, 10, 10, 10, 3, 2, 10, 1, 2, 10, 10, 10, 10, 3, 6, 10, 10, 10, 10, 10, 
93: 0, 0, 10, 1, 2, 0, 10, 0, 8, 10, 10, 10, 10, 4, 10, 3, 4, 10, 10, 10, 10, 10, 0, 10, 0, 10, 10, 0, 10, 10, 9, 0, 10, 10, 10, 10, 10, 16, 1, 10, 10, 10, 10, 0, 10, 0, 10, 10, 0, 0, 2, 0, 4, 0, 0, 0, 0, 10, 2, 1, 10, 0, 10, 0, 10, 0, 10, 10, 10, 10, 10, 10, 20, 10, 0, 0, 0, 0, 10, 10, 0, 10, 10, 0, 1, 0, 1, 0, 0, 10, 0, 10, 0, 10, 0, 0, 10, 0, 10, 0, 10, 0, 0, 10, 0, 10, 0, 10, 10, 0, 10, 0, 17, 10, 0, 10, 10, 0, 10, 0, 10, 0, 0, 0, 10, 10, 10, 2, 0, 1, 0, 10, 0, 0, 0, 0, 0, 10, 10, 10, 3, 0, 10, 2, 0, 0, 10, 10, 10, 10, 0, 10, 10, 10, 0, 1, 0, 0, 0, 10, 10, 10, 10, 0, 10, 10, 0, 0, 0, 0, 10, 0, 0, 10, 0, 10, 10, 10, 0, 0, 0, 10, 10, 10, 12, 1, 10, 10, 0, 0, 10, 10, 0, 10, 0, 0, 3, 0, 10, 10, : 10, 1, 2, 10, 8, 10, 10, 10, 10, 4, 10, 3, 4, 10, 10, 10, 10, 10, 10, 10, 10, 10, 10, 9, 10, 10, 10, 10, 10, 16, 1, 10, 10, 10, 10, 10, 10, 10, 2, 4, 10, 2, 1, 10, 10, 10, 10, 10, 10, 10, 10, 10, 20, 10, 10, 10, 10, 10, 1, 1, 10, 10, 10, 10, 10, 10, 10, 10, 10, 10, 10, 17, 10, 10, 10, 10, 10, 10, 10, 10, 2, 1, 10, 10, 10, 10, 3, 10, 2, 10, 10, 10, 10, 10, 10, 10, 1, 10, 10, 10, 10, 10, 10, 10, 10, 10, 10, 10, 10, 10, 10, 12, 1, 10, 10, 10, 10, 10, 3, 10, 10, 
7: 0, 10, 3, 0, 0, 3, 10, 10, 10, 10, 4, 0, 10, 10, 2, 10, 0, 10, 0, 0, 10, 2, 0, 10, 10, 0, 0, 15, 10, 0, 10, 0, 10, 10, 10, 10, 0, 10, 0, 10, 10, 0, 0, 10, 1, 10, 10, 1, 0, 10, 0, 0, 2, 10, 2, 0, 0, 10, 0, 10, 0, 0, 0, 10, 9, 0, 10, 10, 0, 1, 10, 1, 10, 10, 10, 10, 0, 0, 0, 0, 0, 0, 10, 10, 10, 10, 0, 1, 1, 0, 10, 0, 0, 0, 10, 10, 0, 0, 0, 10, 1, 0, 0, 0, 4, 0, 10, 10, 0, 0, 0, 10, 0, 10, 0, 10, 4, 0, 10, 0, 10, 10, 1, 5, 0, 0, 10, 10, 10, 10, 0, 10, 8, 10, 4, 0, 0, 2, 0, 10, 0, 0, 10, 0, 13, 0, 10, 0, 0, 0, 0, 0, 0, 10, 0, 0, 0, 2, 10, 10, 0, 10, 4, 1, 0, 0, 0, 10, 10, 10, 19, 0, 0, 0, 0, 10, 10, 0, 10, 0, 10, 10, 3, 10, 1, 0, 0, 10, 10, 10, 0, 0, 10, 10, 7, 0, 0, 0, 10, 2, : 10, 3, 3, 10, 10, 10, 10, 4, 10, 10, 2, 10, 10, 10, 2, 10, 10, 15, 10, 10, 10, 10, 10, 10, 10, 10, 10, 10, 1, 10, 10, 1, 10, 2, 10, 2, 10, 10, 10, 9, 10, 10, 1, 10, 1, 10, 10, 10, 10, 10, 10, 10, 10, 1, 1, 10, 10, 10, 10, 1, 4, 10, 10, 10, 10, 10, 4, 10, 10, 10, 1, 5, 10, 10, 10, 10, 10, 8, 10, 4, 2, 10, 10, 13, 10, 10, 2, 10, 10, 10, 4, 1, 10, 10, 10, 19, 10, 10, 10, 10, 10, 3, 10, 1, 10, 10, 10, 10, 10, 7, 10, 2, 
14: 0, 10, 10, 10, 0, 0, 0, 0, 7, 4, 10, 2, 0, 0, 0, 10, 10, 10, 5, 10, 10, 10, 0, 0, 10, 0, 10, 10, 0, 10, 10, 10, 10, 0, 3, 0, 0, 3, 0, 14, 0, 0, 1, 10, 1, 0, 2, 10, 0, 0, 0, 1, 0, 0, 10, 1, 10, 10, 0, 10, 10, 10, 10, 10, 0, 10, 3, 10, 2, 10, 10, 10, 0, 0, 0, 10, 0, 0, 10, 1, 0, 0, 0, 0, 0, 10, 10, 1, 0, 0, 0, 10, 10, 3, 1, 0, 10, 10, 10, 0, 3, 10, 0, 0, 10, 10, 10, 0, 0, 10, 10, 0, 0, 0, 0, 10, 0, 0, 0, 0, 10, 10, 0, 10, 10, 10, 0, 10, 10, 0, 1, 0, 0, 0, 0, 10, 0, 0, 0, 10, 0, 10, 0, 0, 0, 10, 10, 0, 0, 10, 10, 10, 10, 0, 0, 10, 0, 0, 0, 0, 0, 0, 10, 1, 10, 10, 0, 10, 1, 0, 4, 0, 0, 10, 10, 0, 10, 10, 10, 10, 2, 0, 0, 1, 0, 0, 10, 10, 0, 0, 10, 10, 10, 10, 5, 0, 10, 0, 10, 10, : 10, 10, 10, 7, 4, 10, 2, 10, 10, 10, 5, 10, 10, 10, 10, 10, 10, 10, 10, 10, 10, 3, 3, 14, 1, 10, 1, 2, 10, 1, 10, 1, 10, 10, 10, 10, 10, 10, 10, 10, 3, 10, 2, 10, 10, 10, 10, 10, 1, 10, 10, 1, 10, 10, 3, 1, 10, 10, 10, 3, 10, 10, 10, 10, 10, 10, 10, 10, 10, 10, 10, 10, 10, 10, 1, 10, 10, 10, 10, 10, 10, 10, 10, 10, 10, 10, 1, 10, 10, 10, 1, 4, 10, 10, 10, 10, 10, 10, 2, 1, 10, 10, 10, 10, 10, 10, 5, 10, 10, 10, 
60: 10, 1, 0, 0, 1, 10, 10, 0, 0, 10, 10, 0, 0, 10, 0, 0, 0, 0, 0, 0, 0, 10, 10, 0, 10, 0, 0, 1, 10, 3, 0, 10, 4, 1, 10, 0, 1, 10, 10, 10, 10, 0, 0, 0, 10, 0, 1, 10, 10, 10, 0, 0, 15, 10, 10, 10, 10, 1, 10, 10, 0, 0, 10, 10, 6, 10, 10, 0, 10, 1, 10, 0, 0, 10, 1, 10, 10, 0, 0, 0, 10, 10, 2, 10, 10, 1, 10, 0, 1, 0, 1, 1, 10, 0, 0, 10, 10, 0, 0, 10, 0, 0, 0, 10, 0, 10, 0, 10, 0, 2, 7, 0, 10, 0, 3, 10, 0, 10, 0, 16, 10, 10, 0, 10, 1, 10, 0, 10, 10, 10, 0, 10, 10, 10, 10, 0, 10, 10, 0, 0, 10, 10, 1, 10, 0, 0, 0, 10, 0, 0, 10, 10, 0, 3, 0, 0, 10, 10, 0, 0, 0, 2, 10, 0, 0, 1, 10, 0, 0, 10, 0, 2, 4, 10, 10, 0, 10, 10, 0, 10, 1, 10, 10, 0, 0, 10, 10, 10, 0, 10, 2, 10, 0, 0, 0, 0, 0, 0, 0, 0, : 10, 1, 1, 10, 10, 10, 10, 10, 10, 10, 10, 1, 10, 3, 10, 4, 1, 10, 1, 10, 10, 10, 10, 10, 1, 10, 10, 10, 15, 10, 10, 10, 10, 1, 10, 10, 10, 10, 6, 10, 10, 10, 1, 10, 10, 1, 10, 10, 10, 10, 2, 10, 10, 1, 10, 1, 1, 1, 10, 10, 10, 10, 10, 10, 10, 2, 7, 10, 3, 10, 10, 16, 10, 10, 10, 1, 10, 10, 10, 10, 10, 10, 10, 10, 10, 10, 10, 10, 1, 10, 10, 10, 10, 3, 10, 10, 2, 10, 1, 10, 10, 2, 4, 10, 10, 10, 10, 10, 1, 10, 10, 10, 10, 10, 10, 2, 10, 
25: 10, 10, 0, 10, 0, 0, 2, 10, 10, 0, 0, 10, 0, 10, 0, 1, 10, 10, 0, 0, 10, 10, 10, 10, 0, 10, 0, 2, 10, 0, 16, 4, 10, 10, 0, 4, 10, 3, 0, 0, 0, 10, 0, 0, 0, 10, 10, 0, 10, 0, 1, 10, 0, 4, 0, 10, 3, 10, 10, 10, 0, 10, 10, 6, 10, 10, 10, 0, 10, 10, 2, 0, 0, 0, 0, 0, 1, 5, 0, 2, 10, 10, 0, 1, 10, 0, 10, 0, 0, 5, 1, 3, 0, 10, 0, 0, 0, 0, 10, 10, 10, 0, 0, 0, 0, 0, 10, 10, 0, 10, 0, 10, 10, 0, 0, 10, 0, 0, 0, 10, 0, 0, 0, 0, 10, 10, 0, 0, 0, 0, 10, 10, 0, 0, 10, 1, 0, 6, 1, 10, 0, 10, 3, 10, 10, 0, 0, 10, 10, 10, 10, 1, 10, 10, 10, 10, 1, 10, 10, 10, 0, 0, 10, 0, 10, 0, 0, 0, 0, 0, 1, 10, 10, 10, 0, 10, 10, 10, 10, 10, 0, 0, 0, 0, 10, 10, 10, 0, 0, 10, 0, 0, 10, 10, 0, 10, 0, 0, 0, 10, : 10, 10, 10, 2, 10, 10, 10, 10, 1, 10, 10, 10, 10, 10, 10, 10, 2, 10, 16, 4, 10, 10, 4, 10, 3, 10, 10, 10, 10, 1, 10, 4, 10, 3, 10, 10, 10, 10, 10, 6, 10, 10, 10, 10, 10, 2, 1, 5, 2, 10, 10, 1, 10, 10, 5, 1, 3, 10, 10, 10, 10, 10, 10, 10, 10, 10, 10, 10, 10, 10, 10, 10, 10, 1, 6, 1, 10, 10, 3, 10, 10, 10, 10, 10, 10, 1, 10, 10, 10, 10, 1, 10, 10, 10, 10, 10, 1, 10, 10, 10, 10, 10, 10, 10, 10, 10, 10, 10, 10, 10, 10, 10, 10, 
32: 0, 0, 0, 10, 0, 0, 0, 0, 10, 10, 10, 0, 0, 10, 0, 1, 0, 2, 0, 0, 0, 10, 10, 10, 0, 10, 1, 10, 10, 0, 10, 10, 10, 10, 0, 10, 0, 0, 1, 10, 0, 0, 0, 0, 10, 10, 10, 0, 0, 0, 10, 0, 0, 0, 10, 2, 10, 0, 0, 1, 0, 10, 0, 10, 0, 10, 0, 0, 0, 0, 0, 0, 0, 0, 4, 0, 10, 0, 0, 10, 0, 10, 10, 10, 0, 10, 0, 10, 10, 10, 10, 0, 10, 10, 10, 10, 0, 10, 0, 0, 0, 0, 0, 0, 0, 10, 3, 10, 0, 0, 10, 10, 0, 0, 10, 1, 10, 2, 10, 0, 3, 1, 10, 10, 10, 3, 10, 0, 13, 10, 10, 10, 10, 0, 0, 0, 10, 10, 0, 0, 10, 10, 0, 10, 0, 10, 0, 10, 10, 10, 10, 0, 0, 10, 2, 0, 0, 0, 0, 4, 0, 10, 10, 2, 10, 1, 0, 10, 10, 10, 0, 0, 0, 10, 0, 10, 1, 10, 0, 0, 2, 0, 10, 0, 0, 0, 0, 1, 0, 0, 0, 10, 0, 0, 0, 0, 10, 0, 0, 3, : 10, 10, 10, 10, 10, 1, 2, 10, 10, 10, 10, 1, 10, 10, 10, 10, 10, 10, 10, 1, 10, 10, 10, 10, 10, 10, 2, 10, 1, 10, 10, 10, 4, 10, 10, 10, 10, 10, 10, 10, 10, 10, 10, 10, 10, 10, 10, 10, 10, 3, 10, 10, 10, 10, 1, 10, 2, 10, 3, 1, 10, 10, 10, 3, 10, 13, 10, 10, 10, 10, 10, 10, 10, 10, 10, 10, 10, 10, 10, 10, 10, 2, 4, 10, 10, 2, 10, 1, 10, 10, 10, 10, 10, 1, 10, 2, 10, 1, 10, 10, 3, 
53: 0, 0, 10, 0, 10, 10, 10, 0, 10, 10, 0, 10, 10, 10, 0, 1, 0, 0, 0, 10, 0, 10, 10, 0, 0, 0, 10, 5, 0, 10, 0, 10, 0, 0, 0, 0, 10, 10, 0, 10, 0, 10, 10, 0, 10, 0, 10, 0, 10, 6, 0, 0, 10, 10, 0, 0, 10, 1, 0, 0, 0, 10, 10, 0, 10, 10, 10, 0, 0, 0, 0, 10, 0, 0, 0, 10, 10, 10, 10, 10, 10, 10, 0, 2, 0, 10, 3, 10, 10, 10, 0, 10, 10, 10, 0, 0, 0, 0, 10, 0, 10, 10, 10, 0, 1, 0, 10, 0, 0, 3, 0, 0, 10, 10, 10, 10, 0, 10, 0, 1, 0, 0, 10, 10, 10, 10, 10, 0, 10, 10, 10, 0, 10, 10, 0, 10, 0, 0, 4, 0, 0, 1, 0, 0, 0, 1, 0, 10, 1, 0, 0, 10, 0, 10, 10, 0, 0, 0, 1, 0, 0, 10, 0, 10, 0, 0, 0, 0, 10, 10, 10, 10, 10, 0, 5, 0, 0, 0, 5, 0, 0, 10, 0, 0, 0, 0, 2, 10, 10, 0, 10, 0, 0, 0, 0, 0, 10, 0, 10, 0, : 10, 10, 10, 10, 10, 10, 10, 10, 10, 1, 10, 10, 10, 10, 5, 10, 10, 10, 10, 10, 10, 10, 10, 10, 10, 6, 10, 10, 10, 1, 10, 10, 10, 10, 10, 10, 10, 10, 10, 10, 10, 10, 10, 2, 10, 3, 10, 10, 10, 10, 10, 10, 10, 10, 10, 10, 1, 10, 3, 10, 10, 10, 10, 10, 1, 10, 10, 10, 10, 10, 10, 10, 10, 10, 10, 10, 4, 1, 1, 10, 1, 10, 10, 10, 1, 10, 10, 10, 10, 10, 10, 10, 5, 5, 10, 2, 10, 10, 10, 10, 10, 
42: 2, 0, 0, 0, 0, 1, 0, 0, 0, 0, 0, 10, 0, 2, 3, 10, 0, 0, 0, 0, 0, 0, 10, 10, 0, 10, 10, 10, 0, 10, 10, 10, 0, 0, 5, 10, 0, 2, 10, 0, 10, 0, 10, 1, 10, 10, 0, 0, 10, 10, 10, 1, 10, 0, 0, 10, 10, 3, 10, 10, 10, 0, 0, 0, 10, 10, 0, 3, 1, 0, 0, 0, 10, 0, 10, 10, 10, 10, 1, 0, 1, 10, 0, 10, 1, 10, 10, 0, 10, 0, 10, 0, 0, 10, 0, 10, 0, 10, 10, 10, 0, 10, 10, 0, 10, 10, 0, 10, 10, 0, 10, 0, 0, 0, 10, 2, 1, 0, 10, 0, 10, 0, 10, 0, 0, 10, 10, 10, 0, 10, 0, 0, 0, 10, 10, 0, 1, 10, 0, 0, 0, 4, 10, 0, 0, 10, 10, 10, 10, 10, 0, 0, 3, 1, 10, 0, 10, 10, 1, 10, 0, 0, 10, 0, 1, 10, 0, 10, 10, 0, 10, 3, 0, 10, 0, 10, 0, 10, 10, 10, 0, 0, 10, 0, 10, 0, 0, 10, 0, 10, 10, 10, 10, 0, 2, 10, 0, 0, 0, 10, : 2, 1, 10, 2, 3, 10, 10, 10, 10, 10, 10, 10, 10, 10, 5, 10, 2, 10, 10, 10, 1, 10, 10, 10, 10, 10, 1, 10, 10, 10, 3, 10, 10, 10, 10, 10, 3, 1, 10, 10, 10, 10, 10, 1, 1, 10, 10, 1, 10, 10, 10, 10, 10, 10, 10, 10, 10, 10, 10, 10, 10, 10, 10, 10, 10, 2, 1, 10, 10, 10, 10, 10, 10, 10, 10, 10, 1, 10, 4, 10, 10, 10, 10, 10, 10, 3, 1, 10, 10, 10, 1, 10, 10, 1, 10, 10, 10, 10, 3, 10, 10, 10, 10, 10, 10, 10, 10, 10, 10, 10, 10, 2, 10, 10, 
63: 0, 0, 10, 10, 10, 10, 10, 10, 0, 10, 10, 1, 0, 6, 0, 10, 10, 0, 10, 0, 2, 10, 0, 0, 1, 0, 10, 0, 0, 0, 0, 0, 10, 0, 0, 10, 0, 0, 1, 0, 0, 0, 0, 0, 10, 3, 0, 10, 10, 10, 10, 10, 0, 1, 0, 0, 10, 0, 10, 0, 15, 10, 10, 1, 0, 0, 0, 0, 10, 0, 10, 10, 0, 10, 0, 0, 10, 10, 0, 10, 0, 10, 0, 10, 10, 1, 0, 1, 3, 10, 10, 10, 0, 0, 2, 0, 0, 10, 0, 18, 10, 10, 10, 10, 10, 0, 10, 0, 10, 10, 0, 10, 0, 10, 10, 0, 10, 10, 0, 0, 10, 10, 10, 0, 10, 10, 0, 3, 1, 0, 10, 0, 0, 0, 10, 10, 0, 0, 0, 10, 0, 0, 10, 10, 0, 0, 0, 0, 10, 0, 2, 0, 10, 10, 10, 10, 10, 10, 10, 0, 10, 0, 0, 10, 0, 10, 10, 0, 10, 0, 10, 10, 0, 3, 10, 0, 0, 5, 10, 10, 10, 10, 10, 10, 10, 1, 1, 10, 0, 1, 10, 2, 0, 2, 0, 0, 0, 10, 0, 10, : 10, 10, 10, 10, 10, 10, 10, 10, 1, 6, 10, 10, 10, 2, 10, 1, 10, 10, 10, 1, 10, 3, 10, 10, 10, 10, 10, 1, 10, 10, 15, 10, 10, 1, 10, 10, 10, 10, 10, 10, 10, 10, 10, 10, 1, 1, 3, 10, 10, 10, 2, 10, 18, 10, 10, 10, 10, 10, 10, 10, 10, 10, 10, 10, 10, 10, 10, 10, 10, 10, 10, 3, 1, 10, 10, 10, 10, 10, 10, 10, 2, 10, 10, 10, 10, 10, 10, 10, 10, 10, 10, 10, 10, 10, 10, 3, 10, 5, 10, 10, 10, 10, 10, 10, 10, 1, 1, 10, 1, 10, 2, 2, 10, 10, 
26: 1, 0, 0, 10, 10, 1, 0, 0, 10, 0, 0, 0, 10, 0, 10, 0, 10, 0, 10, 10, 0, 0, 0, 10, 10, 10, 0, 0, 10, 10, 0, 0, 10, 0, 0, 0, 10, 0, 10, 0, 5, 6, 10, 10, 10, 2, 0, 4, 2, 1, 10, 10, 10, 7, 0, 10, 10, 0, 10, 10, 10, 0, 0, 0, 0, 10, 10, 10, 0, 10, 10, 10, 1, 0, 10, 4, 0, 10, 0, 0, 0, 0, 1, 0, 0, 0, 9, 1, 10, 10, 0, 0, 0, 10, 1, 0, 10, 0, 0, 3, 10, 10, 2, 10, 10, 0, 0, 0, 10, 10, 1, 10, 1, 10, 0, 0, 10, 10, 0, 0, 10, 4, 10, 0, 10, 0, 1, 10, 0, 0, 4, 10, 10, 0, 0, 0, 10, 0, 0, 10, 10, 10, 0, 10, 10, 10, 0, 0, 10, 0, 10, 10, 0, 0, 10, 0, 10, 10, 10, 0, 10, 0, 10, 10, 10, 0, 5, 11, 2, 0, 0, 0, 10, 10, 10, 0, 0, 0, 2, 10, 10, 0, 10, 0, 0, 0, 0, 0, 10, 10, 1, 10, 10, 12, 10, 0, 10, 10, 10, 10, : 1, 10, 10, 1, 10, 10, 10, 10, 10, 10, 10, 10, 10, 10, 10, 10, 10, 10, 5, 6, 10, 10, 10, 2, 4, 2, 1, 10, 10, 10, 7, 10, 10, 10, 10, 10, 10, 10, 10, 10, 10, 10, 1, 10, 4, 10, 1, 9, 1, 10, 10, 10, 1, 10, 3, 10, 10, 2, 10, 10, 10, 10, 1, 10, 1, 10, 10, 10, 10, 4, 10, 10, 1, 10, 4, 10, 10, 10, 10, 10, 10, 10, 10, 10, 10, 10, 10, 10, 10, 10, 10, 10, 10, 10, 10, 5, 11, 2, 10, 10, 10, 2, 10, 10, 10, 10, 10, 1, 10, 10, 12, 10, 10, 10, 10, 10, 
91: 10, 10, 10, 2, 0, 0, 10, 0, 0, 10, 0, 10, 10, 10, 10, 0, 10, 10, 19, 10, 10, 0, 0, 0, 10, 0, 0, 0, 0, 10, 0, 0, 0, 10, 0, 10, 10, 0, 10, 0, 10, 10, 10, 4, 2, 0, 0, 0, 0, 0, 1, 10, 10, 0, 2, 5, 10, 0, 10, 0, 0, 0, 0, 0, 0, 10, 0, 10, 10, 10, 0, 0, 10, 10, 10, 0, 0, 10, 0, 10, 0, 5, 10, 0, 0, 0, 12, 0, 10, 0, 10, 0, 0, 10, 0, 10, 10, 10, 0, 10, 0, 10, 10, 5, 0, 10, 10, 10, 10, 10, 0, 5, 10, 5, 10, 10, 10, 10, 0, 4, 0, 0, 0, 0, 0, 0, 4, 0, 10, 2, 0, 10, 0, 10, 0, 10, 0, 0, 10, 2, 10, 0, 10, 0, 10, 0, 10, 0, 0, 0, 3, 0, 2, 1, 0, 0, 14, 0, 0, 10, 10, 0, 0, 0, 10, 10, 0, 1, 0, 0, 0, 0, 1, 0, 10, 3, 0, 0, 10, 8, 10, 0, 0, 10, 0, 10, 0, 0, 10, 0, 0, 10, 10, 10, 10, 10, 0, 10, 10, 10, : 10, 10, 10, 2, 10, 10, 10, 10, 10, 10, 10, 10, 19, 10, 10, 10, 10, 10, 10, 10, 10, 10, 10, 10, 4, 2, 1, 10, 10, 2, 5, 10, 10, 10, 10, 10, 10, 10, 10, 10, 10, 10, 5, 10, 12, 10, 10, 10, 10, 10, 10, 10, 10, 10, 5, 10, 10, 10, 10, 10, 5, 10, 5, 10, 10, 10, 10, 4, 4, 10, 2, 10, 10, 10, 10, 2, 10, 10, 10, 10, 3, 2, 1, 14, 10, 10, 10, 10, 1, 1, 10, 3, 10, 8, 10, 10, 10, 10, 10, 10, 10, 10, 10, 10, 10, 10, 
50: 10, 0, 10, 10, 0, 10, 0, 10, 0, 0, 10, 0, 10, 1, 0, 10, 0, 10, 10, 3, 10, 1, 0, 10, 4, 0, 0, 0, 10, 0, 0, 10, 0, 10, 0, 0, 10, 0, 10, 0, 10, 0, 10, 10, 0, 10, 10, 0, 10, 0, 10, 10, 10, 0, 10, 7, 0, 2, 0, 10, 0, 10, 0, 10, 0, 0, 10, 10, 0, 0, 10, 10, 10, 10, 0, 10, 0, 0, 0, 0, 0, 0, 2, 0, 0, 1, 0, 10, 0, 0, 10, 0, 10, 0, 10, 10, 0, 0, 0, 0, 0, 10, 0, 10, 10, 0, 0, 0, 10, 10, 16, 10, 10, 0, 0, 0, 0, 0, 10, 0, 0, 10, 0, 0, 2, 10, 10, 0, 0, 10, 0, 10, 0, 10, 10, 0, 10, 0, 0, 1, 10, 10, 0, 0, 0, 10, 0, 0, 0, 0, 0, 10, 0, 0, 10, 10, 0, 10, 0, 0, 10, 0, 10, 10, 0, 1, 10, 10, 10, 0, 10, 0, 0, 0, 0, 10, 0, 7, 10, 10, 10, 10, 0, 0, 10, 3, 0, 0, 0, 0, 10, 0, 0, 1, 10, 0, 10, 3, 10, 0, : 10, 10, 10, 10, 10, 10, 10, 1, 10, 10, 10, 3, 10, 1, 10, 4, 10, 10, 10, 10, 10, 10, 10, 10, 10, 10, 10, 10, 10, 10, 10, 7, 2, 10, 10, 10, 10, 10, 10, 10, 10, 10, 10, 2, 1, 10, 10, 10, 10, 10, 10, 10, 10, 10, 10, 16, 10, 10, 10, 10, 2, 10, 10, 10, 10, 10, 10, 10, 1, 10, 10, 10, 10, 10, 10, 10, 10, 10, 10, 1, 10, 10, 10, 10, 10, 7, 10, 10, 10, 10, 10, 3, 10, 1, 10, 10, 3, 10, 
41: 10, 0, 10, 10, 10, 10, 10, 0, 10, 0, 10, 0, 0, 10, 10, 10, 10, 10, 10, 0, 1, 0, 5, 0, 0, 2, 10, 10, 10, 2, 10, 10, 10, 4, 2, 10, 0, 10, 10, 1, 0, 0, 7, 0, 0, 0, 0, 10, 0, 0, 1, 0, 10, 10, 10, 10, 0, 10, 10, 1, 3, 0, 1, 0, 0, 10, 1, 0, 3, 10, 10, 0, 0, 0, 10, 0, 0, 10, 0, 2, 0, 0, 10, 10, 10, 10, 10, 0, 0, 0, 10, 10, 10, 0, 1, 10, 10, 10, 0, 0, 10, 1, 10, 10, 10, 10, 10, 0, 0, 0, 0, 0, 10, 10, 0, 12, 10, 10, 10, 4, 0, 0, 10, 10, 0, 1, 10, 0, 3, 0, 0, 0, 0, 10, 0, 3, 3, 10, 10, 10, 10, 0, 0, 3, 0, 10, 0, 10, 10, 10, 10, 10, 0, 0, 11, 10, 0, 0, 2, 0, 10, 10, 1, 1, 10, 10, 0, 10, 2, 10, 0, 0, 10, 0, 0, 10, 0, 10, 5, 0, 0, 10, 0, 10, 0, 0, 1, 0, 10, 2, 10, 10, 0, 10, 10, 10, 10, 1, 10, 0, : 10, 10, 10, 10, 10, 10, 10, 10, 10, 10, 10, 10, 10, 10, 1, 5, 2, 10, 10, 10, 2, 10, 10, 10, 4, 2, 10, 10, 10, 1, 7, 10, 1, 10, 10, 10, 10, 10, 10, 1, 3, 1, 10, 1, 3, 10, 10, 10, 10, 2, 10, 10, 10, 10, 10, 10, 10, 10, 1, 10, 10, 10, 10, 1, 10, 10, 10, 10, 10, 10, 10, 12, 10, 10, 10, 4, 10, 10, 1, 10, 3, 10, 3, 3, 10, 10, 10, 10, 3, 10, 10, 10, 10, 10, 10, 11, 10, 2, 10, 10, 1, 1, 10, 10, 10, 2, 10, 10, 10, 10, 5, 10, 10, 1, 10, 2, 10, 10, 10, 10, 10, 10, 1, 10, 
86: 10, 10, 10, 0, 10, 1, 0, 5, 0, 0, 1, 0, 0, 10, 10, 0, 0, 0, 0, 0, 0, 0, 0, 0, 10, 3, 0, 10, 0, 0, 0, 0, 0, 0, 0, 0, 0, 0, 0, 0, 10, 10, 0, 0, 0, 0, 0, 0, 10, 10, 0, 0, 0, 10, 0, 0, 0, 0, 10, 0, 3, 1, 0, 10, 10, 0, 0, 0, 10, 0, 0, 2, 10, 0, 10, 0, 4, 10, 10, 10, 10, 0, 10, 0, 1, 10, 0, 0, 10, 0, 0, 10, 10, 2, 10, 0, 1, 0, 10, 10, 10, 1, 2, 10, 10, 1, 0, 17, 10, 0, 10, 10, 0, 10, 0, 0, 0, 10, 10, 10, 2, 10, 0, 10, 10, 1, 0, 0, 0, 10, 20, 2, 10, 0, 10, 10, 10, 10, 10, 2, 10, 10, 10, 10, 10, 0, 10, 0, 0, 5, 0, 4, 10, 0, 0, 10, 10, 10, 10, 0, 10, 10, 0, 10, 2, 10, 10, 10, 10, 10, 0, 10, 0, 0, 0, 0, 0, 0, 0, 10, 0, 0, 10, 10, 2, 10, 10, 0, 0, 10, 10, 10, 10, 0, 0, 10, 12, 10, 0, 0, : 10, 10, 10, 10, 1, 5, 1, 10, 10, 10, 3, 10, 10, 10, 10, 10, 10, 10, 3, 1, 10, 10, 10, 2, 10, 10, 4, 10, 10, 10, 10, 10, 1, 10, 10, 10, 10, 2, 10, 1, 10, 10, 10, 1, 2, 10, 10, 1, 17, 10, 10, 10, 10, 10, 10, 10, 2, 10, 10, 10, 1, 10, 20, 2, 10, 10, 10, 10, 10, 10, 2, 10, 10, 10, 10, 10, 10, 5, 4, 10, 10, 10, 10, 10, 10, 10, 10, 2, 10, 10, 10, 10, 10, 10, 10, 10, 10, 2, 10, 10, 10, 10, 10, 10, 10, 12, 10, 


11: 10, 10, 0, 0, 0, 10, 10, 10, 10, 10, 0, 19, 10, 0, 0, 1, 10, 0, 10, 0, 0, 10, 10, 0, 10, 10, 0, 0, 0, 0, 10, 0, 0, 0, 10, 10, 0, 10, 10, 10, 10, 10, 0, 10, 10, 0, 10, 10, 10, 1, 0, 0, 0, 0, 0, 10, 10, 0, 10, 10, 10, 10, 10, 10, 10, 10, 10, 10, 10, 10, 10, 2, 10, 10, 10, 0, 10, 0, 10, 0, 0, 10, 1, 10, 0, 0, 1, 10, 1, 2, 10, 10, 0, 0, 0, 10, 10, 10, 10, 0, 3, 10, 10, 10, 0, 10, 10, 0, 4, 10, 0, 10, 1, 0, 0, 0, 0, 0, 10, 0, 3, 0, 0, 0, 0, 0, 0, 10, 10, 0, 16, 4, 10, 1, 0, 10, 0, 10, 10, 10, 10, 0, 10, 0, 0, 10, 0, 10, 2, 10, 0, 0, 19, 10, 0, 0, 10, 0, 0, 0, 10, 10, 10, 10, 10, 10, 0, 10, 10, 10, 10, 0, 10, 0, 0, 10, 0, 0, 10, 0, 10, 10, 10, 0, 0, 10, 0, 0, 3, 10, 10, 0, 10, 0, 0, 10, 5, 3, 0, 0, : 10, 10, 10, 10, 10, 10, 10, 19, 10, 1, 10, 10, 10, 10, 10, 10, 10, 10, 10, 10, 10, 10, 10, 10, 10, 10, 10, 10, 10, 1, 10, 10, 10, 10, 10, 10, 10, 10, 10, 10, 10, 10, 10, 10, 10, 2, 10, 10, 10, 10, 10, 10, 1, 10, 1, 10, 1, 2, 10, 10, 10, 10, 10, 10, 3, 10, 10, 10, 10, 10, 4, 10, 10, 1, 10, 3, 10, 10, 16, 4, 10, 1, 10, 10, 10, 10, 10, 10, 10, 10, 2, 10, 19, 10, 10, 10, 10, 10, 10, 10, 10, 10, 10, 10, 10, 10, 10, 10, 10, 10, 10, 10, 3, 10, 10, 10, 10, 5, 3, 
20: 0, 1, 10, 0, 0, 0, 0, 10, 10, 0, 0, 0, 0, 0, 10, 10, 10, 10, 0, 10, 10, 0, 10, 10, 10, 0, 0, 0, 3, 10, 10, 14, 1, 10, 10, 0, 0, 10, 10, 10, 10, 1, 10, 10, 0, 10, 1, 0, 10, 10, 10, 10, 0, 10, 2, 0, 10, 10, 10, 10, 10, 0, 14, 0, 5, 10, 3, 10, 0, 10, 0, 10, 10, 0, 0, 10, 10, 0, 2, 0, 10, 10, 10, 0, 10, 10, 10, 0, 10, 10, 10, 0, 0, 0, 10, 0, 10, 0, 0, 0, 0, 1, 10, 0, 10, 10, 10, 0, 0, 0, 10, 10, 10, 0, 0, 10, 10, 1, 0, 10, 0, 0, 0, 0, 10, 10, 0, 0, 10, 0, 1, 10, 0, 10, 10, 0, 0, 0, 10, 0, 0, 10, 10, 1, 10, 10, 10, 10, 0, 10, 10, 0, 0, 0, 0, 10, 0, 10, 10, 0, 10, 10, 10, 10, 0, 10, 0, 10, 10, 0, 0, 0, 0, 10, 0, 10, 10, 0, 10, 0, 0, 10, 10, 10, 0, 10, 0, 10, 0, 0, 10, 10, 0, 0, 10, 0, 10, 10, 2, 0, : 1, 10, 10, 10, 10, 10, 10, 10, 10, 10, 10, 10, 10, 3, 10, 10, 14, 1, 10, 10, 10, 10, 10, 10, 1, 10, 10, 10, 1, 10, 10, 10, 10, 10, 2, 10, 10, 10, 10, 10, 14, 5, 10, 3, 10, 10, 10, 10, 10, 10, 2, 10, 10, 10, 10, 10, 10, 10, 10, 10, 10, 10, 1, 10, 10, 10, 10, 10, 10, 10, 10, 10, 1, 10, 10, 10, 10, 1, 10, 10, 10, 10, 10, 10, 1, 10, 10, 10, 10, 10, 10, 10, 10, 10, 10, 10, 10, 10, 10, 10, 10, 10, 10, 10, 10, 10, 10, 10, 10, 10, 10, 10, 10, 10, 10, 2, 
73: 10, 10, 10, 0, 10, 1, 0, 10, 10, 1, 0, 0, 10, 10, 10, 2, 1, 10, 0, 18, 2, 10, 10, 8, 7, 1, 0, 0, 0, 10, 10, 0, 0, 0, 10, 0, 10, 10, 10, 0, 0, 0, 0, 0, 1, 10, 10, 10, 10, 10, 10, 1, 10, 10, 10, 0, 10, 10, 0, 0, 0, 10, 1, 1, 10, 10, 0, 0, 0, 0, 10, 10, 0, 10, 0, 10, 0, 10, 0, 3, 0, 0, 10, 10, 1, 10, 0, 1, 2, 10, 1, 0, 0, 10, 10, 0, 0, 10, 0, 0, 10, 1, 0, 10, 0, 0, 1, 2, 0, 0, 0, 0, 10, 2, 0, 10, 10, 10, 10, 0, 10, 4, 19, 4, 10, 10, 10, 2, 10, 10, 2, 0, 0, 10, 1, 10, 0, 0, 10, 1, 0, 10, 0, 0, 10, 1, 10, 0, 10, 0, 10, 10, 10, 10, 10, 0, 0, 3, 10, 10, 0, 0, 10, 10, 10, 0, 10, 10, 0, 10, 0, 0, 0, 10, 10, 10, 10, 0, 0, 10, 10, 0, 10, 10, 0, 0, 0, 1, 1, 0, 0, 10, 0, 0, 1, 10, 10, 0, 10, 10, : 10, 10, 10, 10, 1, 10, 10, 1, 10, 10, 10, 2, 1, 10, 18, 2, 10, 10, 8, 7, 1, 10, 10, 10, 10, 10, 10, 1, 10, 10, 10, 10, 10, 10, 1, 10, 10, 10, 10, 10, 10, 1, 1, 10, 10, 10, 10, 10, 10, 10, 3, 10, 10, 1, 10, 1, 2, 10, 1, 10, 10, 10, 10, 1, 10, 1, 2, 10, 2, 10, 10, 10, 10, 10, 4, 19, 4, 10, 10, 10, 2, 10, 10, 2, 10, 1, 10, 10, 1, 10, 10, 1, 10, 10, 10, 10, 10, 10, 10, 3, 10, 10, 10, 10, 10, 10, 10, 10, 10, 10, 10, 10, 10, 10, 10, 10, 1, 1, 10, 1, 10, 10, 10, 10, 
37: 0, 10, 0, 1, 10, 1, 0, 0, 0, 0, 10, 6, 0, 10, 0, 0, 10, 10, 5, 0, 0, 1, 10, 0, 0, 10, 0, 0, 0, 2, 0, 10, 10, 10, 0, 10, 5, 0, 10, 0, 10, 10, 0, 0, 0, 9, 0, 0, 10, 0, 1, 0, 10, 0, 0, 10, 0, 10, 0, 10, 9, 0, 10, 0, 10, 10, 0, 0, 0, 10, 3, 0, 0, 0, 0, 10, 10, 0, 10, 0, 1, 10, 10, 0, 10, 0, 10, 10, 10, 0, 10, 1, 10, 10, 10, 0, 0, 10, 10, 4, 0, 10, 10, 10, 10, 0, 10, 10, 10, 10, 1, 10, 0, 0, 10, 10, 0, 0, 10, 0, 0, 10, 10, 10, 0, 10, 10, 10, 0, 10, 0, 10, 6, 0, 0, 0, 0, 0, 0, 10, 0, 1, 0, 10, 10, 0, 10, 5, 0, 10, 2, 0, 10, 0, 0, 0, 0, 10, 0, 0, 0, 0, 0, 0, 1, 19, 10, 0, 10, 10, 10, 10, 10, 10, 0, 10, 0, 10, 1, 2, 10, 0, 0, 10, 1, 10, 0, 10, 0, 10, 0, 0, 0, 0, 0, 0, 10, 10, 0, 10, : 10, 1, 10, 1, 10, 6, 10, 10, 10, 5, 1, 10, 10, 2, 10, 10, 10, 10, 5, 10, 10, 10, 9, 10, 1, 10, 10, 10, 10, 9, 10, 10, 10, 10, 3, 10, 10, 10, 1, 10, 10, 10, 10, 10, 10, 10, 1, 10, 10, 10, 10, 10, 4, 10, 10, 10, 10, 10, 10, 10, 10, 1, 10, 10, 10, 10, 10, 10, 10, 10, 10, 10, 10, 10, 6, 10, 1, 10, 10, 10, 5, 10, 2, 10, 10, 1, 19, 10, 10, 10, 10, 10, 10, 10, 10, 10, 1, 2, 10, 10, 1, 10, 10, 10, 10, 10, 10, 
62: 0, 0, 10, 10, 1, 0, 10, 0, 10, 10, 10, 10, 1, 10, 0, 0, 0, 10, 10, 10, 10, 4, 10, 0, 0, 0, 10, 0, 6, 10, 0, 10, 10, 0, 0, 10, 0, 0, 10, 10, 0, 10, 0, 0, 10, 0, 0, 2, 0, 0, 0, 3, 0, 1, 0, 10, 10, 10, 10, 0, 1, 10, 0, 10, 0, 0, 0, 0, 10, 0, 0, 17, 10, 0, 10, 10, 7, 10, 10, 10, 1, 0, 0, 0, 10, 0, 0, 0, 10, 0, 10, 10, 0, 0, 0, 10, 10, 10, 10, 10, 0, 10, 0, 10, 1, 0, 10, 10, 0, 0, 0, 0, 0, 10, 0, 0, 10, 3, 3, 10, 0, 10, 0, 10, 10, 10, 10, 0, 0, 0, 0, 10, 10, 0, 10, 13, 0, 10, 0, 10, 10, 10, 0, 0, 10, 0, 10, 0, 0, 10, 0, 10, 0, 0, 0, 10, 10, 12, 5, 10, 0, 0, 10, 0, 10, 10, 0, 10, 10, 10, 10, 0, 0, 0, 0, 0, 0, 10, 10, 0, 10, 0, 0, 10, 10, 0, 1, 10, 10, 1, 0, 10, 10, 10, 0, 10, 1, 0, 0, 0, : 10, 10, 1, 10, 10, 10, 10, 10, 1, 10, 10, 10, 10, 10, 4, 10, 10, 6, 10, 10, 10, 10, 10, 10, 10, 10, 2, 3, 1, 10, 10, 10, 10, 1, 10, 10, 10, 17, 10, 10, 10, 7, 10, 10, 10, 1, 10, 10, 10, 10, 10, 10, 10, 10, 10, 10, 10, 1, 10, 10, 10, 10, 3, 3, 10, 10, 10, 10, 10, 10, 10, 10, 10, 13, 10, 10, 10, 10, 10, 10, 10, 10, 10, 10, 12, 5, 10, 10, 10, 10, 10, 10, 10, 10, 10, 10, 10, 10, 10, 1, 10, 10, 1, 10, 10, 10, 10, 1, 
89: 10, 0, 10, 0, 0, 0, 0, 0, 10, 0, 0, 0, 0, 0, 2, 0, 10, 0, 0, 0, 0, 0, 0, 0, 0, 10, 0, 10, 10, 10, 10, 1, 0, 10, 10, 9, 10, 10, 0, 10, 0, 0, 0, 10, 10, 1, 0, 10, 10, 0, 10, 1, 0, 10, 10, 0, 10, 0, 0, 10, 10, 10, 10, 10, 10, 10, 0, 10, 0, 10, 10, 1, 0, 0, 0, 10, 0, 10, 0, 0, 2, 0, 0, 10, 0, 0, 10, 0, 0, 10, 10, 1, 0, 0, 0, 0, 10, 10, 0, 10, 0, 10, 10, 0, 4, 10, 10, 10, 10, 10, 10, 1, 10, 10, 0, 10, 0, 10, 0, 10, 10, 0, 0, 0, 10, 3, 0, 10, 10, 7, 0, 10, 0, 0, 0, 0, 1, 0, 10, 0, 0, 0, 4, 0, 0, 10, 10, 0, 10, 10, 0, 10, 10, 1, 10, 0, 10, 0, 10, 1, 10, 1, 10, 10, 10, 10, 10, 10, 3, 0, 10, 0, 10, 0, 10, 10, 5, 0, 0, 10, 0, 0, 10, 10, 4, 6, 10, 0, 10, 0, 3, 0, 0, 0, 0, 0, 0, 0, 0, 10, : 10, 10, 10, 2, 10, 10, 10, 10, 10, 10, 1, 10, 10, 9, 10, 10, 10, 10, 10, 1, 10, 10, 10, 1, 10, 10, 10, 10, 10, 10, 10, 10, 10, 10, 10, 10, 10, 1, 10, 10, 2, 10, 10, 10, 10, 1, 10, 10, 10, 10, 10, 4, 10, 10, 10, 10, 10, 10, 1, 10, 10, 10, 10, 10, 10, 10, 3, 10, 10, 7, 10, 1, 10, 4, 10, 10, 10, 10, 10, 10, 1, 10, 10, 10, 1, 10, 1, 10, 10, 10, 10, 10, 10, 3, 10, 10, 10, 10, 5, 10, 10, 10, 4, 6, 10, 10, 3, 10, 
71: 0, 10, 0, 0, 10, 0, 10, 10, 3, 10, 0, 10, 10, 0, 10, 10, 10, 0, 10, 10, 10, 0, 10, 10, 0, 10, 10, 0, 4, 10, 10, 0, 10, 10, 10, 10, 10, 0, 10, 10, 10, 10, 10, 4, 0, 5, 0, 0, 1, 0, 0, 0, 5, 0, 0, 10, 0, 0, 0, 0, 0, 1, 0, 0, 0, 4, 10, 10, 0, 1, 0, 10, 10, 10, 0, 4, 0, 10, 0, 10, 10, 0, 0, 0, 0, 10, 0, 10, 10, 0, 0, 10, 10, 10, 10, 0, 10, 0, 1, 10, 10, 10, 0, 0, 10, 10, 10, 0, 0, 10, 10, 10, 10, 0, 10, 10, 10, 0, 0, 0, 10, 10, 0, 0, 10, 0, 10, 0, 1, 0, 10, 0, 0, 10, 0, 0, 0, 0, 0, 10, 0, 10, 10, 0, 0, 0, 9, 10, 0, 10, 10, 0, 0, 10, 10, 0, 0, 10, 0, 10, 3, 4, 10, 0, 8, 10, 10, 0, 0, 0, 0, 10, 0, 10, 10, 10, 0, 0, 10, 10, 0, 0, 0, 10, 20, 0, 10, 10, 10, 10, 0, 10, 10, 10, 10, 5, 10, 0, 3, 0, : 10, 10, 10, 10, 3, 10, 10, 10, 10, 10, 10, 10, 10, 10, 10, 10, 10, 10, 4, 10, 10, 10, 10, 10, 10, 10, 10, 10, 10, 10, 10, 4, 5, 1, 5, 10, 1, 4, 10, 10, 1, 10, 10, 10, 4, 10, 10, 10, 10, 10, 10, 10, 10, 10, 10, 10, 1, 10, 10, 10, 10, 10, 10, 10, 10, 10, 10, 10, 10, 10, 10, 10, 10, 10, 1, 10, 10, 10, 10, 10, 9, 10, 10, 10, 10, 10, 10, 10, 3, 4, 10, 8, 10, 10, 10, 10, 10, 10, 10, 10, 10, 20, 10, 10, 10, 10, 10, 10, 10, 10, 5, 10, 3, 
48: 1, 10, 10, 10, 3, 10, 10, 10, 0, 1, 0, 0, 0, 10, 10, 10, 10, 0, 10, 0, 10, 0, 1, 10, 0, 10, 0, 10, 0, 0, 10, 0, 0, 10, 10, 2, 6, 0, 0, 0, 10, 10, 10, 10, 0, 10, 0, 10, 19, 0, 0, 10, 10, 0, 10, 0, 5, 0, 1, 0, 0, 0, 10, 10, 10, 0, 0, 10, 2, 4, 1, 0, 0, 0, 0, 10, 10, 0, 10, 10, 0, 10, 0, 10, 10, 10, 10, 0, 0, 10, 10, 10, 0, 10, 0, 0, 0, 0, 0, 0, 10, 0, 0, 0, 0, 0, 0, 0, 0, 0, 10, 0, 0, 10, 0, 10, 10, 0, 0, 4, 2, 1, 0, 10, 10, 0, 0, 3, 10, 10, 10, 0, 0, 0, 0, 0, 10, 10, 2, 10, 1, 0, 11, 10, 0, 0, 0, 10, 1, 0, 0, 10, 0, 0, 10, 10, 10, 0, 10, 10, 0, 10, 1, 10, 10, 0, 0, 0, 10, 0, 0, 0, 0, 10, 10, 0, 10, 15, 0, 0, 10, 0, 10, 0, 10, 6, 10, 13, 10, 0, 10, 0, 10, 2, 10, 10, 0, 10, 0, 10, : 1, 10, 10, 10, 3, 10, 10, 10, 1, 10, 10, 10, 10, 10, 10, 1, 10, 10, 10, 10, 10, 10, 2, 6, 10, 10, 10, 10, 10, 10, 19, 10, 10, 10, 5, 1, 10, 10, 10, 10, 2, 4, 1, 10, 10, 10, 10, 10, 10, 10, 10, 10, 10, 10, 10, 10, 10, 10, 10, 10, 10, 4, 2, 1, 10, 10, 3, 10, 10, 10, 10, 10, 2, 10, 1, 11, 10, 10, 1, 10, 10, 10, 10, 10, 10, 10, 1, 10, 10, 10, 10, 10, 10, 15, 10, 10, 10, 6, 10, 13, 10, 10, 10, 2, 10, 10, 10, 10, 
69: 10, 10, 0, 10, 0, 10, 10, 10, 0, 10, 10, 10, 10, 10, 0, 0, 0, 3, 0, 10, 10, 0, 0, 10, 10, 0, 10, 10, 10, 0, 0, 0, 10, 0, 10, 10, 0, 0, 0, 10, 0, 10, 0, 1, 10, 0, 0, 10, 1, 10, 0, 10, 0, 0, 10, 0, 0, 0, 10, 0, 0, 10, 0, 0, 0, 10, 0, 0, 0, 0, 0, 0, 0, 10, 0, 0, 10, 0, 10, 0, 0, 0, 0, 3, 10, 0, 0, 10, 0, 0, 10, 10, 10, 10, 10, 10, 0, 0, 10, 0, 0, 10, 0, 3, 10, 10, 10, 10, 10, 0, 0, 0, 10, 10, 0, 0, 0, 0, 10, 0, 0, 0, 0, 0, 0, 10, 0, 0, 0, 10, 3, 0, 10, 1, 16, 0, 10, 0, 2, 0, 0, 0, 10, 10, 10, 4, 0, 10, 10, 10, 1, 3, 10, 0, 10, 0, 0, 10, 0, 0, 10, 10, 0, 0, 0, 0, 0, 2, 0, 10, 10, 10, 10, 1, 0, 10, 10, 0, 10, 10, 0, 0, 10, 10, 0, 0, 0, 0, 10, 10, 10, 10, 0, 0, 0, 10, 0, 0, 10, 10, : 10, 10, 10, 10, 10, 10, 10, 10, 10, 10, 10, 3, 10, 10, 10, 10, 10, 10, 10, 10, 10, 10, 10, 10, 1, 10, 10, 1, 10, 10, 10, 10, 10, 10, 10, 10, 10, 3, 10, 10, 10, 10, 10, 10, 10, 10, 10, 10, 3, 10, 10, 10, 10, 10, 10, 10, 10, 10, 10, 3, 10, 1, 16, 10, 2, 10, 10, 10, 4, 10, 10, 10, 1, 3, 10, 10, 10, 10, 10, 2, 10, 10, 10, 10, 1, 10, 10, 10, 10, 10, 10, 10, 10, 10, 10, 10, 10, 10, 
39: 0, 10, 0, 10, 0, 0, 10, 0, 10, 0, 0, 0, 0, 0, 10, 10, 1, 10, 0, 0, 1, 10, 0, 0, 0, 10, 10, 10, 10, 10, 0, 10, 1, 4, 0, 4, 0, 0, 0, 10, 0, 0, 10, 0, 1, 2, 10, 10, 1, 10, 3, 16, 0, 1, 10, 0, 0, 13, 10, 0, 0, 2, 10, 18, 0, 0, 10, 3, 10, 10, 10, 0, 0, 10, 10, 0, 2, 0, 0, 10, 10, 0, 10, 0, 0, 0, 0, 10, 10, 0, 1, 3, 10, 0, 10, 14, 0, 5, 0, 0, 10, 0, 10, 0, 0, 0, 0, 0, 0, 0, 0, 0, 10, 10, 10, 0, 10, 0, 2, 10, 0, 0, 10, 0, 3, 2, 10, 0, 0, 10, 0, 1, 10, 10, 0, 10, 0, 0, 10, 1, 20, 0, 0, 0, 0, 10, 1, 10, 1, 0, 10, 1, 0, 0, 0, 10, 0, 10, 10, 10, 10, 0, 2, 0, 10, 5, 0, 10, 0, 0, 10, 10, 10, 0, 0, 0, 0, 10, 10, 10, 10, 10, 10, 3, 0, 10, 0, 0, 10, 15, 0, 0, 0, 10, 0, 10, 0, 0, 0, 10, : 10, 10, 10, 10, 10, 10, 1, 10, 1, 10, 10, 10, 10, 10, 10, 10, 1, 4, 4, 10, 10, 1, 2, 10, 10, 1, 10, 3, 16, 1, 10, 13, 10, 2, 10, 18, 10, 3, 10, 10, 10, 10, 10, 2, 10, 10, 10, 10, 10, 1, 3, 10, 10, 14, 5, 10, 10, 10, 10, 10, 10, 2, 10, 10, 3, 2, 10, 10, 1, 10, 10, 10, 10, 1, 20, 10, 1, 10, 1, 10, 1, 10, 10, 10, 10, 10, 2, 10, 5, 10, 10, 10, 10, 10, 10, 10, 10, 10, 10, 3, 10, 10, 15, 10, 10, 10, 
90: 0, 0, 1, 0, 1, 0, 0, 0, 0, 10, 0, 0, 4, 1, 10, 0, 0, 0, 0, 10, 1, 10, 4, 10, 1, 10, 10, 15, 2, 19, 0, 0, 10, 10, 10, 0, 10, 0, 0, 10, 10, 10, 10, 0, 10, 10, 0, 0, 2, 10, 10, 10, 10, 10, 0, 0, 10, 0, 10, 0, 0, 0, 0, 10, 10, 0, 2, 10, 10, 0, 10, 0, 0, 0, 10, 0, 10, 0, 3, 10, 10, 1, 10, 1, 10, 10, 10, 0, 0, 10, 10, 0, 0, 3, 10, 10, 0, 0, 4, 0, 10, 10, 10, 0, 10, 0, 10, 0, 20, 0, 3, 10, 0, 10, 0, 0, 10, 10, 10, 0, 0, 10, 10, 10, 10, 0, 10, 0, 0, 0, 0, 0, 10, 10, 0, 2, 10, 10, 3, 10, 0, 10, 0, 0, 0, 10, 0, 0, 0, 0, 10, 10, 10, 0, 10, 0, 10, 0, 10, 10, 0, 10, 0, 3, 0, 0, 5, 0, 10, 2, 0, 0, 10, 4, 10, 5, 10, 0, 0, 10, 0, 10, 0, 0, 0, 10, 4, 2, 0, 0, 10, 2, 0, 10, 10, 10, 10, 0, 10, 1, : 1, 1, 10, 4, 1, 10, 10, 1, 10, 4, 10, 1, 10, 10, 15, 2, 19, 10, 10, 10, 10, 10, 10, 10, 10, 10, 10, 2, 10, 10, 10, 10, 10, 10, 10, 10, 10, 2, 10, 10, 10, 10, 10, 3, 10, 10, 1, 10, 1, 10, 10, 10, 10, 10, 3, 10, 10, 4, 10, 10, 10, 10, 10, 20, 3, 10, 10, 10, 10, 10, 10, 10, 10, 10, 10, 10, 10, 2, 10, 10, 3, 10, 10, 10, 10, 10, 10, 10, 10, 10, 10, 10, 3, 5, 10, 2, 10, 4, 10, 5, 10, 10, 10, 10, 4, 2, 10, 2, 10, 10, 10, 10, 10, 1, 
27: 10, 0, 0, 4, 10, 10, 1, 0, 10, 3, 19, 10, 0, 4, 0, 0, 10, 10, 0, 3, 10, 0, 0, 0, 10, 0, 0, 0, 10, 0, 0, 0, 10, 10, 0, 0, 10, 0, 1, 4, 1, 10, 10, 0, 1, 10, 10, 10, 0, 0, 0, 0, 0, 10, 0, 10, 10, 0, 0, 5, 0, 10, 0, 1, 10, 0, 10, 0, 10, 0, 0, 5, 0, 2, 10, 0, 0, 10, 10, 10, 10, 0, 10, 10, 0, 10, 10, 1, 3, 10, 10, 0, 7, 10, 10, 0, 0, 0, 10, 10, 10, 0, 0, 8, 10, 10, 0, 10, 0, 0, 1, 0, 0, 3, 10, 0, 0, 20, 10, 0, 10, 0, 0, 10, 0, 10, 0, 10, 10, 0, 3, 10, 0, 10, 18, 0, 3, 10, 0, 0, 10, 0, 10, 10, 10, 10, 10, 0, 10, 5, 10, 0, 0, 10, 4, 3, 2, 0, 10, 0, 10, 10, 2, 10, 0, 10, 0, 1, 10, 10, 0, 10, 0, 0, 10, 0, 10, 10, 10, 10, 10, 0, 0, 10, 0, 10, 10, 0, 1, 0, 10, 3, 0, 10, 0, 0, 1, 0, 0, 10, : 10, 4, 10, 10, 1, 10, 3, 19, 10, 4, 10, 10, 3, 10, 10, 10, 10, 10, 10, 1, 4, 1, 10, 10, 1, 10, 10, 10, 10, 10, 10, 5, 10, 1, 10, 10, 10, 5, 2, 10, 10, 10, 10, 10, 10, 10, 10, 10, 1, 3, 10, 10, 7, 10, 10, 10, 10, 10, 8, 10, 10, 10, 1, 3, 10, 20, 10, 10, 10, 10, 10, 10, 3, 10, 10, 18, 3, 10, 10, 10, 10, 10, 10, 10, 10, 5, 10, 10, 4, 3, 2, 10, 10, 10, 2, 10, 10, 1, 10, 10, 10, 10, 10, 10, 10, 10, 10, 10, 10, 10, 1, 10, 3, 10, 1, 10, 
6: 10, 0, 10, 10, 0, 10, 0, 0, 10, 0, 2, 10, 0, 10, 0, 10, 0, 2, 10, 4, 10, 10, 0, 1, 0, 0, 10, 10, 0, 0, 10, 10, 3, 10, 4, 0, 10, 10, 0, 0, 0, 0, 0, 0, 2, 0, 0, 2, 0, 10, 0, 10, 10, 3, 0, 10, 0, 2, 0, 10, 15, 0, 10, 4, 0, 10, 10, 0, 10, 0, 1, 0, 10, 10, 0, 0, 3, 0, 10, 10, 1, 1, 10, 0, 0, 10, 1, 2, 0, 0, 0, 0, 10, 8, 0, 10, 0, 0, 10, 1, 0, 1, 0, 0, 10, 0, 0, 0, 0, 10, 0, 10, 0, 0, 2, 10, 0, 10, 0, 10, 0, 10, 10, 10, 10, 10, 10, 10, 0, 0, 0, 0, 0, 0, 10, 10, 10, 0, 0, 10, 0, 10, 0, 10, 10, 10, 0, 10, 10, 0, 0, 0, 0, 10, 0, 10, 10, 10, 10, 4, 10, 0, 10, 10, 0, 0, 10, 0, 10, 0, 5, 10, 4, 10, 10, 0, 0, 10, 0, 0, 0, 10, 3, 2, 0, 3, 0, 0, 10, 10, 0, 10, 10, 10, 10, 0, 18, 10, 0, 10, : 10, 10, 10, 10, 10, 2, 10, 10, 10, 2, 10, 4, 10, 10, 1, 10, 10, 10, 10, 3, 10, 4, 10, 10, 2, 2, 10, 10, 10, 3, 10, 2, 10, 15, 10, 4, 10, 10, 10, 1, 10, 10, 3, 10, 10, 1, 1, 10, 10, 1, 2, 10, 8, 10, 10, 1, 1, 10, 10, 10, 2, 10, 10, 10, 10, 10, 10, 10, 10, 10, 10, 10, 10, 10, 10, 10, 10, 10, 10, 10, 10, 10, 10, 10, 10, 10, 4, 10, 10, 10, 10, 10, 5, 10, 4, 10, 10, 10, 10, 3, 2, 3, 10, 10, 10, 10, 10, 10, 18, 10, 10, 
74: 0, 0, 0, 10, 10, 10, 0, 0, 0, 10, 0, 0, 0, 10, 10, 0, 10, 0, 0, 0, 10, 10, 10, 0, 17, 0, 0, 0, 0, 4, 0, 0, 0, 0, 0, 0, 10, 10, 10, 0, 0, 4, 0, 10, 10, 10, 10, 0, 0, 0, 0, 10, 0, 10, 0, 10, 10, 10, 2, 0, 10, 0, 0, 10, 0, 10, 0, 0, 0, 0, 0, 10, 10, 0, 10, 10, 1, 0, 10, 0, 0, 10, 0, 0, 0, 0, 10, 0, 1, 0, 0, 10, 8, 0, 1, 0, 10, 0, 10, 0, 10, 0, 0, 10, 0, 0, 0, 10, 10, 10, 10, 10, 10, 10, 3, 0, 2, 10, 0, 1, 10, 10, 10, 10, 0, 0, 0, 0, 1, 15, 10, 10, 0, 10, 0, 0, 1, 0, 0, 0, 10, 0, 0, 10, 0, 10, 5, 0, 10, 10, 2, 10, 10, 10, 10, 0, 10, 0, 0, 0, 10, 10, 10, 0, 1, 0, 0, 0, 2, 0, 0, 10, 10, 10, 0, 0, 0, 10, 10, 0, 0, 10, 0, 10, 10, 10, 10, 0, 0, 0, 10, 10, 10, 0, 0, 0, 0, 10, 10, 0, : 10, 10, 10, 10, 10, 10, 10, 10, 10, 10, 17, 4, 10, 10, 10, 4, 10, 10, 10, 10, 10, 10, 10, 10, 10, 2, 10, 10, 10, 10, 10, 10, 10, 1, 10, 10, 10, 1, 10, 8, 1, 10, 10, 10, 10, 10, 10, 10, 10, 10, 10, 10, 3, 2, 10, 1, 10, 10, 10, 10, 1, 15, 10, 10, 10, 1, 10, 10, 10, 5, 10, 10, 2, 10, 10, 10, 10, 10, 10, 10, 10, 1, 2, 10, 10, 10, 10, 10, 10, 10, 10, 10, 10, 10, 10, 10, 10, 10, 
83: 0, 10, 10, 10, 10, 10, 10, 10, 0, 0, 10, 0, 10, 10, 0, 10, 3, 0, 10, 0, 0, 0, 10, 0, 0, 10, 6, 10, 10, 10, 10, 0, 10, 0, 10, 10, 0, 10, 3, 0, 14, 0, 8, 0, 10, 0, 1, 1, 10, 10, 10, 0, 10, 10, 3, 0, 0, 0, 0, 10, 0, 1, 0, 10, 0, 0, 10, 10, 10, 10, 0, 0, 5, 10, 5, 0, 2, 10, 0, 0, 10, 10, 4, 10, 3, 0, 10, 0, 10, 5, 0, 0, 10, 0, 0, 10, 5, 10, 0, 0, 10, 10, 2, 0, 0, 10, 10, 3, 0, 4, 0, 10, 0, 0, 10, 10, 0, 10, 0, 10, 10, 0, 0, 0, 1, 0, 1, 0, 0, 10, 10, 0, 10, 3, 10, 10, 10, 20, 0, 0, 10, 10, 0, 0, 10, 0, 0, 10, 0, 0, 10, 0, 6, 4, 10, 10, 0, 0, 0, 10, 0, 0, 0, 2, 0, 0, 10, 2, 0, 10, 0, 10, 10, 10, 1, 10, 10, 0, 0, 12, 0, 10, 0, 0, 10, 0, 10, 10, 10, 5, 1, 10, 0, 0, 10, 10, 0, 10, 10, 10, : 10, 10, 10, 10, 10, 10, 10, 10, 10, 10, 10, 3, 10, 10, 10, 6, 10, 10, 10, 10, 10, 10, 10, 10, 3, 14, 8, 10, 1, 1, 10, 10, 10, 10, 10, 3, 10, 1, 10, 10, 10, 10, 10, 5, 10, 5, 2, 10, 10, 10, 4, 10, 3, 10, 10, 5, 10, 10, 5, 10, 10, 10, 2, 10, 10, 3, 4, 10, 10, 10, 10, 10, 10, 1, 1, 10, 10, 10, 3, 10, 10, 10, 20, 10, 10, 10, 10, 10, 6, 4, 10, 10, 10, 2, 10, 2, 10, 10, 10, 10, 1, 10, 10, 12, 10, 10, 10, 10, 10, 5, 1, 10, 10, 10, 10, 10, 10, 
98: 0, 10, 10, 10, 5, 0, 3, 10, 0, 10, 10, 0, 0, 0, 0, 2, 10, 10, 10, 0, 0, 10, 0, 5, 10, 4, 0, 1, 10, 0, 2, 10, 0, 10, 0, 0, 0, 5, 10, 0, 0, 0, 3, 10, 0, 0, 10, 10, 1, 10, 10, 3, 0, 0, 10, 0, 0, 10, 2, 10, 10, 0, 10, 0, 0, 0, 10, 0, 3, 10, 10, 10, 10, 0, 10, 10, 0, 0, 0, 0, 10, 0, 0, 10, 10, 10, 2, 10, 0, 10, 0, 10, 0, 10, 0, 1, 10, 10, 0, 10, 10, 10, 10, 10, 10, 5, 0, 10, 1, 1, 10, 6, 0, 0, 0, 2, 10, 10, 10, 10, 0, 10, 10, 10, 0, 0, 10, 10, 10, 0, 10, 10, 0, 0, 10, 10, 0, 10, 10, 0, 10, 1, 0, 10, 4, 10, 0, 0, 10, 10, 10, 10, 0, 0, 0, 2, 10, 10, 0, 0, 1, 0, 0, 0, 2, 0, 0, 10, 10, 3, 10, 0, 1, 0, 4, 0, 10, 0, 2, 0, 0, 10, 0, 0, 10, 0, 10, 0, 0, 10, 0, 10, 10, 10, 6, 0, 0, 0, 10, 0, : 10, 10, 10, 5, 3, 10, 10, 10, 2, 10, 10, 10, 10, 5, 10, 4, 1, 10, 2, 10, 10, 5, 10, 3, 10, 10, 10, 1, 10, 10, 3, 10, 10, 2, 10, 10, 10, 10, 3, 10, 10, 10, 10, 10, 10, 10, 10, 10, 10, 2, 10, 10, 10, 10, 1, 10, 10, 10, 10, 10, 10, 10, 10, 5, 10, 1, 1, 10, 6, 2, 10, 10, 10, 10, 10, 10, 10, 10, 10, 10, 10, 10, 10, 10, 10, 10, 10, 1, 10, 4, 10, 10, 10, 10, 10, 2, 10, 10, 1, 2, 10, 10, 3, 10, 1, 4, 10, 2, 10, 10, 10, 10, 10, 10, 10, 6, 10, 
77: 10, 0, 0, 0, 2, 0, 0, 0, 0, 10, 10, 0, 10, 0, 10, 0, 0, 10, 10, 0, 0, 0, 10, 10, 0, 0, 0, 0, 0, 0, 0, 10, 0, 0, 0, 10, 0, 10, 1, 10, 0, 0, 4, 10, 10, 10, 10, 0, 0, 0, 10, 1, 10, 0, 10, 1, 0, 0, 0, 0, 0, 10, 0, 1, 0, 10, 0, 0, 10, 0, 10, 0, 0, 0, 10, 1, 0, 5, 0, 0, 10, 10, 10, 0, 10, 0, 0, 1, 0, 0, 0, 10, 0, 10, 10, 0, 0, 0, 0, 10, 0, 1, 3, 10, 10, 0, 0, 0, 0, 10, 10, 0, 10, 0, 10, 0, 0, 0, 0, 0, 0, 0, 6, 10, 0, 10, 10, 10, 3, 10, 0, 10, 0, 0, 0, 0, 10, 2, 8, 3, 3, 10, 10, 0, 0, 0, 10, 0, 10, 0, 0, 1, 0, 19, 10, 10, 10, 0, 0, 0, 0, 10, 0, 10, 10, 10, 10, 10, 0, 0, 10, 0, 0, 0, 10, 0, 0, 10, 0, 0, 5, 0, 10, 0, 10, 0, 0, 0, 10, 0, 10, 0, 1, 10, 15, 0, 10, 10, 0, 0, : 10, 2, 10, 10, 10, 10, 10, 10, 10, 10, 10, 10, 10, 1, 10, 4, 10, 10, 10, 10, 10, 1, 10, 10, 1, 10, 1, 10, 10, 10, 10, 1, 5, 10, 10, 10, 10, 1, 10, 10, 10, 10, 1, 3, 10, 10, 10, 10, 10, 10, 6, 10, 10, 10, 10, 3, 10, 10, 10, 2, 8, 3, 3, 10, 10, 10, 10, 1, 19, 10, 10, 10, 10, 10, 10, 10, 10, 10, 10, 10, 10, 5, 10, 10, 10, 10, 1, 10, 15, 10, 10, 
85: 4, 1, 10, 0, 3, 10, 10, 10, 10, 0, 0, 10, 10, 0, 0, 10, 0, 0, 0, 0, 1, 10, 0, 1, 0, 0, 10, 9, 0, 0, 3, 10, 10, 0, 0, 10, 4, 10, 0, 0, 10, 10, 10, 10, 0, 1, 3, 0, 0, 10, 1, 10, 10, 10, 0, 4, 10, 0, 10, 0, 10, 10, 10, 0, 10, 0, 10, 2, 0, 10, 10, 0, 10, 10, 10, 0, 0, 10, 10, 12, 0, 10, 10, 10, 0, 10, 10, 10, 10, 10, 1, 10, 0, 0, 3, 10, 0, 10, 0, 0, 2, 1, 0, 4, 0, 10, 2, 10, 10, 10, 10, 1, 0, 10, 10, 0, 0, 0, 0, 10, 10, 10, 0, 1, 0, 0, 0, 10, 0, 0, 10, 10, 10, 10, 0, 0, 10, 10, 10, 10, 1, 10, 10, 10, 1, 0, 0, 0, 1, 0, 0, 10, 0, 1, 0, 10, 3, 0, 0, 10, 10, 10, 0, 0, 0, 0, 0, 0, 0, 10, 0, 10, 10, 0, 0, 10, 10, 0, 0, 10, 10, 5, 10, 0, 0, 10, 10, 10, 0, 0, 10, 0, 4, 0, 2, 0, 10, 10, 10, 0, : 4, 1, 10, 3, 10, 10, 10, 10, 10, 10, 10, 1, 10, 1, 10, 9, 3, 10, 10, 10, 4, 10, 10, 10, 10, 10, 1, 3, 10, 1, 10, 10, 10, 4, 10, 10, 10, 10, 10, 10, 10, 2, 10, 10, 10, 10, 10, 10, 10, 12, 10, 10, 10, 10, 10, 10, 10, 10, 1, 10, 3, 10, 10, 2, 1, 4, 10, 2, 10, 10, 10, 10, 1, 10, 10, 10, 10, 10, 1, 10, 10, 10, 10, 10, 10, 10, 10, 10, 1, 10, 10, 10, 1, 1, 10, 1, 10, 3, 10, 10, 10, 10, 10, 10, 10, 10, 10, 10, 5, 10, 10, 10, 10, 10, 4, 2, 10, 10, 10, 
10: 10, 3, 4, 10, 10, 3, 10, 5, 2, 10, 10, 0, 10, 0, 3, 10, 0, 0, 0, 10, 0, 0, 0, 10, 10, 10, 0, 10, 10, 0, 0, 0, 10, 1, 1, 0, 10, 0, 10, 1, 0, 0, 0, 10, 10, 7, 10, 0, 10, 0, 10, 0, 10, 10, 10, 10, 0, 10, 10, 10, 10, 1, 0, 0, 10, 0, 10, 10, 10, 0, 10, 10, 0, 3, 0, 10, 10, 10, 0, 10, 10, 10, 0, 1, 10, 5, 0, 10, 17, 1, 1, 0, 10, 0, 0, 10, 10, 0, 10, 10, 0, 0, 10, 0, 0, 0, 2, 0, 10, 0, 0, 2, 10, 0, 10, 10, 10, 1, 10, 0, 10, 10, 0, 0, 1, 10, 0, 0, 1, 0, 0, 0, 10, 10, 10, 10, 10, 0, 10, 10, 0, 0, 0, 4, 0, 0, 10, 0, 0, 0, 0, 0, 0, 0, 0, 0, 0, 0, 0, 10, 1, 0, 10, 0, 3, 1, 10, 0, 0, 10, 10, 0, 0, 10, 0, 0, 0, 10, 2, 0, 10, 0, 2, 0, 0, 0, 10, 10, 0, 4, 0, 0, 10, 13, 1, 10, 0, 2, 10, 0, : 10, 3, 4, 10, 10, 3, 10, 5, 2, 10, 10, 10, 3, 10, 10, 10, 10, 10, 10, 10, 10, 1, 1, 10, 10, 1, 10, 10, 7, 10, 10, 10, 10, 10, 10, 10, 10, 10, 10, 10, 1, 10, 10, 10, 10, 10, 10, 3, 10, 10, 10, 10, 10, 10, 1, 10, 5, 10, 17, 1, 1, 10, 10, 10, 10, 10, 10, 2, 10, 2, 10, 10, 10, 10, 1, 10, 10, 10, 1, 10, 1, 10, 10, 10, 10, 10, 10, 10, 4, 10, 10, 1, 10, 3, 1, 10, 10, 10, 10, 10, 2, 10, 2, 10, 10, 4, 10, 13, 1, 10, 2, 10, 
13: 10, 0, 0, 0, 10, 10, 1, 0, 0, 0, 4, 10, 10, 10, 10, 10, 0, 10, 10, 10, 10, 10, 0, 10, 10, 0, 19, 0, 10, 0, 10, 10, 0, 0, 0, 0, 0, 0, 0, 0, 10, 0, 10, 0, 0, 0, 10, 10, 0, 4, 10, 0, 0, 0, 10, 10, 0, 10, 10, 10, 0, 10, 0, 0, 0, 1, 0, 10, 0, 10, 0, 10, 10, 10, 0, 0, 10, 10, 0, 0, 0, 3, 0, 10, 1, 0, 1, 10, 1, 7, 1, 0, 10, 4, 1, 0, 10, 10, 10, 20, 0, 0, 10, 10, 0, 10, 0, 10, 10, 10, 10, 5, 4, 10, 10, 3, 3, 0, 10, 10, 10, 0, 10, 0, 10, 0, 4, 10, 19, 3, 10, 0, 9, 0, 0, 10, 10, 3, 0, 0, 10, 3, 10, 10, 10, 0, 0, 10, 10, 0, 10, 10, 10, 10, 1, 10, 0, 10, 10, 0, 0, 0, 0, 10, 10, 0, 10, 10, 0, 0, 0, 5, 0, 0, 10, 0, 0, 0, 10, 1, 0, 10, 0, 0, 10, 0, 0, 9, 0, 10, 1, 0, 10, 0, 10, 0, 0, 10, 10, 4, : 10, 10, 10, 1, 4, 10, 10, 10, 10, 10, 10, 10, 10, 10, 10, 10, 10, 19, 10, 10, 10, 10, 10, 10, 10, 4, 10, 10, 10, 10, 10, 10, 10, 1, 10, 10, 10, 10, 10, 10, 10, 3, 10, 1, 1, 10, 1, 7, 1, 10, 4, 1, 10, 10, 10, 20, 10, 10, 10, 10, 10, 10, 10, 5, 4, 10, 10, 3, 3, 10, 10, 10, 10, 10, 4, 10, 19, 3, 10, 9, 10, 10, 3, 10, 3, 10, 10, 10, 10, 10, 10, 10, 10, 10, 1, 10, 10, 10, 10, 10, 10, 10, 5, 10, 10, 1, 10, 10, 9, 10, 1, 10, 10, 10, 10, 4, 


4: 10, 1, 0, 10, 0, 10, 0, 10, 10, 10, 0, 0, 0, 10, 0, 10, 10, 0, 10, 0, 10, 0, 0, 1, 10, 0, 10, 0, 10, 10, 0, 10, 10, 0, 10, 0, 10, 10, 10, 10, 10, 1, 0, 0, 0, 0, 4, 0, 0, 10, 0, 0, 10, 0, 0, 1, 0, 0, 10, 10, 0, 10, 0, 10, 0, 10, 0, 10, 0, 0, 10, 10, 10, 1, 10, 10, 10, 0, 1, 10, 0, 10, 1, 0, 0, 1, 0, 2, 10, 10, 10, 10, 2, 0, 3, 4, 0, 0, 4, 0, 10, 3, 10, 0, 10, 10, 10, 10, 10, 10, 0, 0, 10, 4, 10, 0, 10, 10, 1, 10, 10, 0, 0, 10, 10, 10, 0, 10, 10, 10, 10, 0, 0, 0, 2, 0, 10, 10, 10, 2, 10, 10, 0, 0, 10, 10, 0, 10, 10, 3, 10, 1, 10, 10, 0, 0, 0, 0, 1, 10, 1, 0, 10, 8, 10, 0, 10, 10, 1, 1, 10, 0, 0, 0, 0, 1, 10, 0, 10, 10, 0, 0, 0, 0, 3, 0, 0, 10, 10, 0, 0, 0, 1, 10, 0, 0, 10, 10, 10, 1, : 10, 1, 10, 10, 10, 10, 10, 10, 10, 10, 10, 10, 1, 10, 10, 10, 10, 10, 10, 10, 10, 10, 10, 10, 10, 1, 4, 10, 10, 1, 10, 10, 10, 10, 10, 10, 10, 10, 10, 1, 10, 10, 10, 1, 10, 10, 1, 1, 2, 10, 10, 10, 10, 2, 3, 4, 4, 10, 3, 10, 10, 10, 10, 10, 10, 10, 10, 4, 10, 10, 10, 1, 10, 10, 10, 10, 10, 10, 10, 10, 10, 2, 10, 10, 10, 2, 10, 10, 10, 10, 10, 10, 3, 10, 1, 10, 10, 1, 10, 1, 10, 8, 10, 10, 10, 1, 1, 10, 1, 10, 10, 10, 3, 10, 10, 1, 10, 10, 10, 10, 1, 
9: 0, 10, 17, 1, 0, 10, 10, 0, 0, 0, 0, 10, 0, 0, 0, 0, 3, 0, 0, 0, 0, 10, 20, 10, 0, 10, 0, 10, 0, 0, 0, 10, 10, 0, 2, 0, 0, 0, 10, 0, 10, 10, 0, 0, 0, 10, 10, 10, 0, 0, 0, 0, 0, 10, 10, 10, 10, 10, 0, 10, 0, 0, 0, 10, 10, 10, 1, 0, 10, 0, 0, 0, 10, 0, 0, 10, 10, 5, 0, 10, 0, 0, 10, 10, 0, 0, 0, 10, 0, 10, 0, 1, 0, 10, 10, 10, 9, 0, 10, 5, 10, 10, 0, 10, 0, 10, 0, 0, 10, 0, 10, 10, 0, 0, 0, 10, 1, 0, 10, 10, 0, 10, 0, 0, 0, 10, 0, 0, 10, 0, 10, 10, 0, 1, 0, 10, 1, 0, 0, 0, 0, 0, 0, 0, 3, 0, 10, 10, 0, 10, 10, 0, 10, 7, 10, 10, 10, 0, 0, 10, 0, 0, 10, 10, 0, 0, 0, 10, 2, 0, 10, 10, 10, 10, 4, 0, 10, 10, 0, 10, 10, 0, 0, 0, 10, 20, 10, 10, 0, 0, 1, 10, 0, 0, 0, 10, 0, 0, 0, 10, : 10, 17, 1, 10, 10, 10, 3, 10, 20, 10, 10, 10, 10, 10, 2, 10, 10, 10, 10, 10, 10, 10, 10, 10, 10, 10, 10, 10, 10, 10, 1, 10, 10, 10, 10, 5, 10, 10, 10, 10, 10, 1, 10, 10, 10, 9, 10, 5, 10, 10, 10, 10, 10, 10, 10, 10, 1, 10, 10, 10, 10, 10, 10, 10, 1, 10, 1, 3, 10, 10, 10, 10, 10, 7, 10, 10, 10, 10, 10, 10, 10, 2, 10, 10, 10, 10, 4, 10, 10, 10, 10, 10, 20, 10, 10, 1, 10, 10, 10, 
51: 0, 4, 10, 10, 0, 0, 0, 0, 0, 0, 10, 10, 0, 10, 10, 10, 10, 10, 10, 0, 0, 10, 10, 0, 0, 0, 10, 0, 10, 0, 10, 0, 10, 0, 2, 0, 0, 10, 0, 10, 0, 0, 0, 1, 0, 0, 10, 1, 0, 0, 10, 4, 10, 10, 0, 10, 10, 0, 10, 7, 10, 0, 10, 10, 0, 10, 1, 1, 10, 0, 0, 10, 0, 10, 10, 0, 10, 10, 10, 10, 0, 17, 10, 10, 1, 0, 10, 10, 0, 10, 0, 10, 10, 0, 0, 0, 10, 0, 0, 10, 10, 10, 10, 0, 0, 0, 10, 10, 0, 2, 2, 0, 0, 10, 10, 10, 0, 8, 2, 1, 0, 0, 10, 0, 0, 10, 10, 0, 10, 0, 10, 0, 0, 10, 0, 0, 0, 0, 0, 10, 0, 0, 0, 0, 0, 10, 0, 0, 10, 10, 10, 10, 10, 10, 0, 0, 10, 10, 0, 10, 1, 0, 0, 0, 3, 10, 0, 10, 2, 2, 10, 10, 10, 0, 10, 0, 1, 0, 10, 10, 1, 10, 0, 0, 0, 10, 5, 10, 0, 4, 10, 0, 10, 0, 10, 0, 0, 0, 10, 0, : 4, 10, 10, 10, 10, 10, 10, 10, 10, 10, 10, 10, 10, 10, 10, 10, 10, 2, 10, 10, 1, 10, 1, 10, 4, 10, 10, 10, 10, 10, 7, 10, 10, 10, 10, 1, 1, 10, 10, 10, 10, 10, 10, 10, 10, 17, 10, 10, 1, 10, 10, 10, 10, 10, 10, 10, 10, 10, 10, 10, 10, 2, 2, 10, 10, 10, 8, 2, 1, 10, 10, 10, 10, 10, 10, 10, 10, 10, 10, 10, 10, 10, 10, 10, 10, 10, 1, 3, 10, 10, 2, 2, 10, 10, 10, 10, 1, 10, 10, 1, 10, 10, 5, 10, 4, 10, 10, 10, 10, 
80: 10, 0, 0, 0, 2, 10, 10, 10, 3, 0, 0, 10, 10, 10, 0, 0, 10, 0, 0, 0, 10, 0, 10, 10, 4, 0, 0, 0, 1, 10, 8, 10, 4, 10, 10, 10, 13, 18, 0, 0, 0, 7, 0, 10, 5, 10, 10, 4, 0, 0, 0, 10, 10, 10, 0, 0, 0, 10, 0, 0, 10, 0, 0, 0, 0, 10, 1, 2, 0, 2, 10, 0, 0, 10, 10, 0, 0, 0, 10, 1, 10, 2, 10, 0, 0, 10, 0, 10, 10, 1, 0, 10, 0, 0, 0, 10, 10, 0, 10, 10, 0, 0, 4, 10, 0, 10, 1, 0, 11, 0, 10, 0, 10, 0, 4, 10, 10, 10, 1, 1, 1, 10, 1, 10, 10, 10, 0, 10, 0, 10, 10, 1, 1, 10, 10, 0, 10, 10, 10, 0, 0, 0, 10, 10, 10, 0, 12, 0, 0, 0, 0, 6, 10, 0, 0, 1, 10, 10, 10, 1, 10, 5, 0, 0, 10, 0, 10, 0, 0, 10, 0, 10, 0, 5, 10, 0, 10, 10, 10, 0, 2, 0, 8, 0, 0, 0, 10, 0, 10, 0, 10, 0, 10, 10, 0, 10, 10, 10, 10, 0, : 10, 2, 10, 10, 10, 3, 10, 10, 10, 10, 10, 10, 10, 4, 1, 10, 8, 10, 4, 10, 10, 10, 13, 18, 7, 10, 5, 10, 10, 4, 10, 10, 10, 10, 10, 10, 1, 2, 2, 10, 10, 10, 10, 1, 10, 2, 10, 10, 10, 10, 1, 10, 10, 10, 10, 10, 4, 10, 10, 1, 11, 10, 10, 4, 10, 10, 10, 1, 1, 1, 10, 1, 10, 10, 10, 10, 10, 10, 1, 1, 10, 10, 10, 10, 10, 10, 10, 10, 12, 6, 10, 1, 10, 10, 10, 1, 10, 5, 10, 10, 10, 10, 5, 10, 10, 10, 10, 2, 8, 10, 10, 10, 10, 10, 10, 10, 10, 10, 
64: 0, 10, 10, 0, 10, 0, 10, 10, 10, 12, 0, 0, 0, 10, 1, 0, 0, 10, 0, 10, 0, 1, 0, 0, 10, 10, 10, 0, 10, 0, 10, 0, 0, 10, 2, 10, 10, 0, 10, 3, 0, 10, 10, 10, 10, 0, 0, 10, 4, 10, 10, 10, 10, 10, 0, 2, 10, 10, 0, 0, 10, 0, 0, 1, 1, 10, 0, 0, 10, 1, 10, 1, 0, 0, 10, 1, 0, 0, 10, 10, 10, 0, 10, 10, 0, 10, 0, 10, 10, 1, 0, 10, 0, 10, 10, 10, 0, 0, 0, 0, 4, 10, 0, 1, 10, 1, 10, 10, 0, 0, 0, 0, 10, 0, 10, 0, 0, 0, 10, 10, 1, 10, 10, 10, 3, 10, 10, 0, 0, 10, 1, 0, 10, 1, 10, 5, 1, 0, 10, 0, 0, 0, 10, 10, 0, 1, 1, 10, 10, 0, 0, 1, 1, 0, 0, 0, 10, 4, 0, 0, 0, 10, 0, 0, 10, 10, 0, 10, 10, 0, 0, 0, 10, 10, 17, 10, 10, 0, 10, 10, 0, 10, 0, 1, 10, 10, 10, 10, 0, 10, 10, 0, 10, 0, 0, 10, 10, 10, 10, 0, : 10, 10, 10, 10, 10, 10, 12, 10, 1, 10, 10, 1, 10, 10, 10, 10, 10, 10, 2, 10, 10, 10, 3, 10, 10, 10, 10, 10, 4, 10, 10, 10, 10, 10, 2, 10, 10, 10, 1, 1, 10, 10, 1, 10, 1, 10, 1, 10, 10, 10, 10, 10, 10, 10, 10, 1, 10, 10, 10, 10, 4, 10, 1, 10, 1, 10, 10, 10, 10, 10, 10, 1, 10, 10, 10, 3, 10, 10, 10, 1, 10, 1, 10, 5, 1, 10, 10, 10, 1, 1, 10, 10, 1, 1, 10, 4, 10, 10, 10, 10, 10, 10, 10, 17, 10, 10, 10, 10, 10, 1, 10, 10, 10, 10, 10, 10, 10, 10, 10, 10, 10, 
33: 10, 10, 0, 0, 1, 10, 10, 3, 0, 1, 10, 10, 10, 10, 0, 3, 0, 2, 10, 10, 10, 10, 0, 2, 10, 10, 0, 10, 3, 1, 6, 10, 0, 10, 5, 10, 0, 0, 10, 10, 10, 16, 0, 0, 0, 10, 9, 10, 10, 0, 0, 16, 10, 0, 10, 10, 0, 4, 0, 1, 0, 10, 10, 10, 0, 3, 0, 10, 0, 0, 0, 0, 0, 0, 10, 0, 1, 0, 4, 10, 0, 0, 10, 0, 10, 0, 10, 2, 0, 2, 10, 10, 10, 10, 0, 0, 0, 1, 10, 0, 0, 0, 10, 0, 0, 0, 0, 0, 6, 10, 10, 0, 0, 10, 10, 10, 10, 10, 0, 2, 0, 0, 10, 5, 0, 0, 0, 0, 0, 0, 10, 10, 0, 10, 0, 10, 0, 1, 0, 10, 10, 10, 10, 0, 2, 0, 2, 20, 0, 2, 1, 10, 10, 0, 10, 0, 10, 0, 10, 0, 10, 0, 10, 10, 0, 1, 0, 2, 10, 10, 10, 1, 10, 10, 10, 10, 0, 3, 0, 0, 10, 0, 0, 3, 0, 0, 0, 0, 3, 10, 3, 10, 10, 0, 10, 10, 10, 10, 0, 10, : 10, 10, 1, 10, 10, 3, 1, 10, 10, 10, 10, 3, 2, 10, 10, 10, 10, 2, 10, 10, 10, 3, 1, 6, 10, 10, 5, 10, 10, 10, 10, 16, 10, 9, 10, 10, 16, 10, 10, 10, 4, 1, 10, 10, 10, 3, 10, 10, 1, 4, 10, 10, 10, 10, 2, 2, 10, 10, 10, 10, 1, 10, 10, 6, 10, 10, 10, 10, 10, 10, 10, 2, 10, 5, 10, 10, 10, 10, 1, 10, 10, 10, 10, 2, 2, 20, 2, 1, 10, 10, 10, 10, 10, 10, 10, 10, 1, 2, 10, 10, 10, 1, 10, 10, 10, 10, 3, 10, 3, 3, 10, 3, 10, 10, 10, 10, 10, 10, 10, 
22: 10, 10, 0, 10, 0, 10, 10, 0, 0, 10, 10, 10, 0, 0, 10, 1, 1, 0, 1, 10, 1, 0, 0, 1, 0, 10, 0, 10, 0, 10, 0, 10, 10, 10, 10, 10, 0, 0, 0, 10, 10, 0, 10, 3, 0, 10, 10, 10, 0, 10, 10, 10, 0, 7, 6, 10, 10, 10, 10, 0, 0, 10, 0, 10, 0, 0, 0, 0, 2, 10, 0, 0, 1, 10, 0, 10, 0, 10, 10, 10, 10, 0, 10, 1, 10, 10, 1, 0, 10, 0, 0, 10, 10, 0, 10, 10, 10, 1, 0, 10, 0, 10, 0, 0, 0, 10, 10, 1, 0, 0, 10, 0, 1, 0, 0, 0, 0, 5, 10, 0, 0, 10, 10, 10, 10, 0, 10, 0, 10, 2, 0, 10, 0, 1, 0, 10, 0, 10, 10, 10, 10, 0, 0, 10, 0, 10, 0, 0, 10, 10, 3, 0, 0, 0, 0, 10, 0, 0, 17, 0, 0, 10, 0, 0, 2, 10, 0, 0, 10, 10, 0, 10, 10, 10, 0, 3, 3, 10, 0, 10, 0, 1, 10, 10, 10, 0, 10, 0, 0, 0, 0, 10, 10, 5, 10, 10, 10, 0, 10, 0, : 10, 10, 10, 10, 10, 10, 10, 10, 10, 1, 1, 1, 10, 1, 1, 10, 10, 10, 10, 10, 10, 10, 10, 10, 10, 10, 3, 10, 10, 10, 10, 10, 10, 7, 6, 10, 10, 10, 10, 10, 10, 2, 10, 1, 10, 10, 10, 10, 10, 10, 10, 1, 10, 10, 1, 10, 10, 10, 10, 10, 10, 1, 10, 10, 10, 10, 1, 10, 1, 5, 10, 10, 10, 10, 10, 10, 10, 2, 10, 1, 10, 10, 10, 10, 10, 10, 10, 10, 10, 3, 10, 17, 10, 2, 10, 10, 10, 10, 10, 10, 3, 3, 10, 10, 1, 10, 10, 10, 10, 10, 10, 5, 10, 10, 10, 10, 
19: 10, 0, 0, 3, 0, 10, 0, 10, 0, 10, 10, 4, 0, 10, 10, 0, 10, 0, 0, 0, 10, 0, 10, 1, 0, 0, 10, 10, 10, 10, 10, 0, 0, 0, 10, 5, 10, 0, 0, 0, 10, 10, 10, 0, 10, 10, 0, 10, 2, 10, 0, 0, 0, 1, 0, 10, 10, 0, 10, 10, 0, 0, 0, 1, 0, 0, 0, 10, 0, 10, 10, 0, 0, 10, 0, 10, 17, 0, 0, 10, 10, 0, 10, 0, 2, 10, 10, 0, 0, 10, 0, 0, 0, 1, 10, 0, 10, 0, 10, 10, 0, 10, 0, 0, 10, 0, 10, 10, 0, 0, 12, 10, 4, 10, 0, 10, 10, 1, 10, 0, 0, 0, 0, 0, 10, 0, 10, 10, 0, 0, 10, 0, 0, 0, 0, 10, 0, 10, 0, 0, 4, 10, 10, 0, 10, 0, 0, 0, 0, 10, 10, 10, 10, 0, 10, 10, 0, 10, 10, 10, 10, 0, 10, 10, 10, 3, 10, 3, 10, 0, 2, 0, 0, 0, 0, 10, 10, 1, 10, 0, 10, 10, 0, 10, 10, 0, 0, 0, 10, 0, 10, 0, 0, 10, 0, 0, 0, 10, 10, 10, : 10, 3, 10, 10, 10, 10, 4, 10, 10, 10, 10, 10, 1, 10, 10, 10, 10, 10, 10, 5, 10, 10, 10, 10, 10, 10, 10, 2, 10, 1, 10, 10, 10, 10, 1, 10, 10, 10, 10, 10, 17, 10, 10, 10, 2, 10, 10, 10, 1, 10, 10, 10, 10, 10, 10, 10, 10, 12, 10, 4, 10, 10, 10, 1, 10, 10, 10, 10, 10, 10, 10, 4, 10, 10, 10, 10, 10, 10, 10, 10, 10, 10, 10, 10, 10, 10, 10, 10, 3, 10, 3, 10, 2, 10, 10, 1, 10, 10, 10, 10, 10, 10, 10, 10, 10, 10, 10, 
76: 10, 10, 0, 1, 10, 10, 2, 0, 10, 10, 1, 0, 10, 3, 3, 10, 1, 0, 0, 0, 10, 0, 10, 10, 10, 10, 10, 0, 10, 0, 0, 1, 0, 0, 2, 0, 0, 10, 10, 0, 10, 10, 0, 10, 10, 1, 0, 0, 10, 10, 5, 0, 0, 0, 10, 0, 10, 10, 10, 10, 10, 0, 0, 0, 10, 0, 10, 0, 0, 10, 10, 10, 10, 10, 0, 4, 10, 10, 10, 0, 0, 0, 0, 10, 0, 0, 0, 10, 0, 10, 10, 0, 10, 1, 0, 1, 0, 0, 1, 0, 10, 1, 0, 10, 5, 10, 10, 0, 8, 2, 0, 10, 0, 1, 10, 0, 0, 10, 10, 10, 10, 10, 10, 10, 0, 1, 10, 10, 5, 0, 0, 0, 10, 0, 0, 0, 4, 0, 10, 0, 0, 0, 0, 0, 10, 10, 0, 0, 0, 10, 10, 10, 0, 0, 0, 0, 0, 10, 0, 0, 0, 0, 0, 10, 0, 10, 5, 0, 10, 10, 10, 0, 0, 0, 3, 10, 0, 10, 0, 0, 0, 2, 0, 0, 10, 1, 0, 0, 10, 15, 0, 3, 0, 0, 0, 0, 0, 0, 0, 10, : 10, 10, 1, 10, 10, 2, 10, 10, 1, 10, 3, 3, 10, 1, 10, 10, 10, 10, 10, 10, 10, 1, 2, 10, 10, 10, 10, 10, 10, 1, 10, 10, 5, 10, 10, 10, 10, 10, 10, 10, 10, 10, 10, 10, 10, 10, 4, 10, 10, 10, 10, 10, 10, 10, 10, 1, 1, 1, 10, 1, 10, 5, 10, 10, 8, 2, 10, 1, 10, 10, 10, 10, 10, 10, 10, 10, 1, 10, 10, 5, 10, 4, 10, 10, 10, 10, 10, 10, 10, 10, 10, 5, 10, 10, 10, 3, 10, 10, 2, 10, 1, 10, 15, 3, 10, 
72: 0, 0, 6, 10, 0, 0, 0, 2, 10, 10, 0, 0, 2, 0, 10, 10, 10, 0, 10, 0, 10, 0, 0, 10, 0, 0, 0, 0, 0, 11, 0, 0, 10, 10, 0, 0, 10, 10, 4, 1, 0, 0, 0, 0, 10, 10, 10, 10, 10, 5, 10, 10, 1, 1, 3, 10, 1, 10, 10, 10, 10, 0, 0, 0, 10, 0, 10, 10, 10, 0, 0, 10, 10, 10, 10, 10, 0, 0, 0, 10, 10, 0, 0, 10, 10, 10, 0, 10, 10, 0, 8, 10, 2, 2, 10, 10, 10, 20, 0, 0, 0, 0, 0, 0, 10, 10, 2, 3, 0, 10, 10, 0, 0, 0, 1, 1, 0, 10, 0, 1, 3, 10, 0, 0, 1, 0, 4, 0, 0, 10, 0, 10, 10, 12, 10, 0, 0, 10, 0, 10, 10, 10, 0, 10, 10, 2, 0, 0, 10, 0, 10, 10, 10, 0, 10, 10, 10, 10, 0, 10, 0, 10, 10, 0, 0, 10, 0, 0, 10, 10, 10, 1, 0, 0, 0, 10, 0, 1, 2, 2, 10, 6, 9, 0, 10, 0, 0, 10, 0, 10, 10, 3, 2, 10, 1, 0, 2, 0, 0, 2, : 6, 10, 2, 10, 10, 2, 10, 10, 10, 10, 10, 10, 11, 10, 10, 10, 10, 4, 1, 10, 10, 10, 10, 10, 5, 10, 10, 1, 1, 3, 10, 1, 10, 10, 10, 10, 10, 10, 10, 10, 10, 10, 10, 10, 10, 10, 10, 10, 10, 10, 10, 10, 8, 10, 2, 2, 10, 10, 10, 20, 10, 10, 2, 3, 10, 10, 1, 1, 10, 1, 3, 10, 1, 4, 10, 10, 10, 12, 10, 10, 10, 10, 10, 10, 10, 2, 10, 10, 10, 10, 10, 10, 10, 10, 10, 10, 10, 10, 10, 10, 10, 1, 10, 1, 2, 2, 10, 6, 9, 10, 10, 10, 10, 3, 2, 10, 1, 2, 2, 
38: 0, 0, 10, 0, 0, 0, 10, 10, 0, 10, 0, 10, 10, 0, 0, 10, 0, 2, 0, 10, 10, 0, 4, 10, 10, 10, 5, 10, 0, 2, 10, 1, 0, 0, 10, 10, 10, 10, 10, 0, 1, 0, 10, 10, 10, 3, 10, 0, 10, 10, 10, 0, 10, 10, 10, 0, 2, 0, 10, 1, 0, 10, 10, 10, 10, 2, 10, 10, 0, 10, 0, 0, 10, 10, 0, 0, 0, 10, 0, 0, 10, 10, 10, 0, 0, 10, 1, 0, 0, 1, 0, 0, 10, 1, 0, 10, 0, 3, 0, 0, 10, 0, 1, 1, 0, 0, 0, 10, 10, 10, 10, 0, 10, 10, 10, 0, 10, 10, 9, 0, 10, 0, 0, 0, 10, 3, 10, 8, 10, 3, 10, 10, 0, 10, 3, 10, 10, 3, 3, 10, 0, 10, 0, 10, 10, 10, 0, 0, 10, 10, 0, 0, 10, 10, 10, 3, 0, 10, 0, 10, 0, 10, 10, 10, 0, 10, 0, 10, 0, 10, 2, 10, 10, 10, 10, 0, 10, 10, 10, 10, 0, 2, 10, 10, 0, 10, 0, 3, 10, 2, 0, 10, 10, 10, 4, 0, 1, 10, 10, 10, : 10, 10, 10, 10, 10, 10, 10, 2, 10, 10, 4, 10, 10, 10, 5, 10, 2, 10, 1, 10, 10, 10, 10, 10, 1, 10, 10, 10, 3, 10, 10, 10, 10, 10, 10, 10, 2, 10, 1, 10, 10, 10, 10, 2, 10, 10, 10, 10, 10, 10, 10, 10, 10, 10, 1, 1, 10, 1, 10, 3, 10, 1, 1, 10, 10, 10, 10, 10, 10, 10, 10, 10, 9, 10, 10, 3, 10, 8, 10, 3, 10, 10, 10, 3, 10, 10, 3, 3, 10, 10, 10, 10, 10, 10, 10, 10, 10, 10, 3, 10, 10, 10, 10, 10, 10, 10, 10, 2, 10, 10, 10, 10, 10, 10, 10, 10, 2, 10, 10, 10, 3, 10, 2, 10, 10, 10, 4, 1, 10, 10, 10, 
61: 10, 0, 10, 0, 10, 4, 0, 10, 10, 0, 1, 0, 0, 1, 0, 1, 10, 10, 0, 10, 0, 10, 1, 0, 0, 0, 0, 0, 0, 1, 0, 10, 0, 0, 10, 0, 10, 7, 10, 0, 0, 1, 10, 0, 1, 0, 0, 0, 2, 0, 0, 0, 0, 0, 0, 0, 0, 10, 4, 0, 10, 0, 10, 1, 0, 0, 10, 1, 10, 10, 5, 0, 1, 1, 4, 10, 0, 10, 10, 0, 10, 0, 1, 0, 12, 10, 10, 10, 10, 0, 0, 0, 0, 10, 0, 10, 12, 10, 10, 10, 10, 0, 10, 10, 0, 0, 10, 10, 0, 10, 0, 10, 0, 0, 0, 2, 1, 0, 0, 10, 10, 0, 10, 10, 0, 0, 10, 0, 10, 0, 3, 10, 10, 10, 10, 10, 0, 10, 10, 0, 10, 0, 10, 10, 10, 10, 10, 3, 0, 0, 0, 10, 0, 6, 0, 10, 10, 0, 0, 10, 10, 10, 0, 0, 10, 0, 10, 10, 10, 1, 0, 10, 10, 10, 10, 10, 0, 0, 3, 0, 10, 2, 10, 0, 1, 0, 0, 0, 0, 10, 10, 0, 0, 0, 10, 3, 0, 10, 0, 10, : 10, 10, 10, 4, 10, 10, 1, 1, 1, 10, 10, 10, 10, 1, 1, 10, 10, 10, 7, 10, 1, 10, 1, 2, 10, 4, 10, 10, 1, 10, 1, 10, 10, 5, 1, 1, 4, 10, 10, 10, 10, 1, 12, 10, 10, 10, 10, 10, 10, 12, 10, 10, 10, 10, 10, 10, 10, 10, 10, 10, 2, 1, 10, 10, 10, 10, 10, 10, 3, 10, 10, 10, 10, 10, 10, 10, 10, 10, 10, 10, 10, 10, 3, 10, 6, 10, 10, 10, 10, 10, 10, 10, 10, 10, 1, 10, 10, 10, 10, 10, 3, 10, 2, 10, 1, 10, 10, 10, 3, 10, 10, 
67: 5, 10, 10, 0, 2, 10, 3, 10, 10, 10, 0, 1, 2, 0, 0, 10, 0, 0, 0, 0, 0, 10, 10, 0, 10, 0, 10, 5, 9, 10, 0, 0, 10, 7, 10, 10, 0, 0, 0, 10, 0, 10, 10, 10, 0, 12, 0, 0, 10, 10, 10, 5, 10, 0, 6, 0, 10, 0, 0, 0, 10, 10, 18, 10, 0, 0, 10, 10, 10, 0, 10, 10, 10, 10, 1, 10, 0, 10, 0, 2, 0, 10, 0, 0, 0, 10, 10, 1, 10, 10, 10, 1, 10, 10, 2, 10, 0, 0, 0, 10, 0, 0, 0, 0, 0, 4, 0, 10, 10, 10, 0, 0, 10, 10, 0, 2, 0, 0, 10, 10, 10, 0, 2, 0, 10, 0, 0, 10, 10, 10, 0, 10, 10, 10, 0, 0, 0, 10, 10, 10, 10, 10, 0, 10, 0, 10, 10, 0, 0, 10, 0, 10, 0, 2, 10, 10, 0, 10, 4, 10, 0, 10, 0, 10, 0, 0, 10, 10, 10, 0, 10, 0, 2, 10, 10, 10, 0, 0, 10, 0, 10, 10, 10, 10, 0, 10, 0, 0, 0, 2, 10, 10, 1, 0, 10, 2, 10, 1, 10, 0, : 5, 10, 10, 2, 10, 3, 10, 10, 10, 1, 2, 10, 10, 10, 10, 10, 5, 9, 10, 10, 7, 10, 10, 10, 10, 10, 10, 12, 10, 10, 10, 5, 10, 6, 10, 10, 10, 18, 10, 10, 10, 10, 10, 10, 10, 10, 1, 10, 10, 2, 10, 10, 10, 1, 10, 10, 10, 1, 10, 10, 2, 10, 10, 4, 10, 10, 10, 10, 10, 2, 10, 10, 10, 2, 10, 10, 10, 10, 10, 10, 10, 10, 10, 10, 10, 10, 10, 10, 10, 10, 10, 2, 10, 10, 10, 4, 10, 10, 10, 10, 10, 10, 10, 2, 10, 10, 10, 10, 10, 10, 10, 10, 10, 2, 10, 10, 1, 10, 2, 10, 1, 10, 
96: 0, 0, 2, 0, 0, 0, 0, 0, 0, 0, 10, 10, 10, 10, 10, 0, 10, 1, 10, 1, 10, 0, 0, 0, 10, 10, 10, 10, 10, 0, 0, 10, 10, 10, 1, 10, 0, 0, 0, 0, 0, 10, 10, 1, 0, 10, 2, 10, 10, 10, 0, 10, 0, 0, 10, 0, 0, 10, 0, 0, 0, 10, 0, 0, 10, 0, 10, 10, 1, 10, 10, 0, 0, 10, 0, 0, 0, 10, 10, 0, 4, 10, 1, 10, 10, 0, 0, 10, 0, 0, 10, 10, 0, 0, 0, 0, 0, 0, 0, 0, 0, 0, 10, 10, 10, 0, 2, 0, 10, 0, 0, 10, 0, 10, 0, 0, 10, 0, 10, 10, 10, 10, 10, 10, 0, 10, 0, 7, 0, 0, 1, 0, 10, 0, 10, 0, 10, 0, 11, 0, 0, 15, 10, 10, 0, 0, 10, 0, 1, 0, 10, 0, 0, 10, 0, 0, 0, 0, 10, 0, 10, 10, 0, 10, 10, 10, 0, 0, 0, 0, 10, 0, 10, 0, 0, 0, 0, 10, 0, 0, 0, 10, 0, 10, 0, 10, 0, 0, 0, 2, 0, 10, 0, 10, 10, 10, 0, 0, 0, 0, : 2, 10, 10, 10, 10, 10, 10, 1, 10, 1, 10, 10, 10, 10, 10, 10, 10, 10, 10, 1, 10, 10, 10, 1, 10, 2, 10, 10, 10, 10, 10, 10, 10, 10, 10, 10, 1, 10, 10, 10, 10, 10, 4, 10, 1, 10, 10, 10, 10, 10, 10, 10, 10, 2, 10, 10, 10, 10, 10, 10, 10, 10, 10, 10, 10, 7, 1, 10, 10, 10, 11, 15, 10, 10, 10, 1, 10, 10, 10, 10, 10, 10, 10, 10, 10, 10, 10, 10, 10, 10, 2, 10, 10, 10, 10, 
95: 0, 0, 0, 10, 10, 0, 10, 10, 0, 0, 10, 0, 10, 10, 10, 10, 10, 10, 4, 0, 0, 10, 10, 10, 0, 0, 0, 10, 10, 0, 10, 10, 10, 10, 0, 0, 0, 0, 10, 10, 0, 0, 4, 0, 0, 0, 0, 10, 1, 0, 10, 0, 2, 1, 0, 1, 0, 10, 1, 10, 0, 0, 10, 0, 10, 10, 2, 10, 10, 10, 10, 0, 3, 0, 0, 0, 10, 10, 0, 10, 10, 4, 10, 0, 10, 0, 10, 0, 0, 0, 0, 0, 0, 10, 0, 0, 4, 10, 0, 10, 1, 0, 10, 1, 10, 10, 0, 0, 0, 10, 0, 0, 10, 0, 0, 10, 0, 0, 0, 0, 0, 5, 10, 10, 10, 0, 0, 0, 0, 10, 10, 10, 4, 0, 10, 10, 0, 10, 10, 10, 0, 10, 10, 10, 0, 10, 10, 0, 10, 0, 0, 0, 0, 10, 15, 10, 0, 0, 3, 0, 10, 0, 0, 7, 10, 0, 0, 10, 0, 11, 10, 3, 0, 0, 0, 0, 0, 10, 0, 0, 2, 10, 0, 10, 10, 10, 10, 10, 2, 10, 10, 0, 10, 10, 0, 10, 10, 10, 0, 0, : 10, 10, 10, 10, 10, 10, 10, 10, 10, 10, 10, 4, 10, 10, 10, 10, 10, 10, 10, 10, 10, 10, 10, 4, 10, 1, 10, 2, 1, 1, 10, 1, 10, 10, 10, 10, 2, 10, 10, 10, 10, 3, 10, 10, 10, 10, 4, 10, 10, 10, 10, 4, 10, 10, 1, 10, 1, 10, 10, 10, 10, 10, 5, 10, 10, 10, 10, 10, 10, 4, 10, 10, 10, 10, 10, 10, 10, 10, 10, 10, 10, 10, 15, 10, 3, 10, 7, 10, 10, 11, 10, 3, 10, 2, 10, 10, 10, 10, 10, 10, 2, 10, 10, 10, 10, 10, 10, 10, 
55: 0, 10, 0, 0, 10, 0, 0, 0, 10, 0, 10, 0, 10, 0, 10, 0, 0, 10, 10, 10, 0, 10, 10, 10, 10, 10, 10, 0, 2, 0, 0, 10, 0, 10, 10, 0, 10, 10, 10, 10, 3, 10, 10, 10, 10, 9, 0, 0, 10, 10, 0, 0, 2, 0, 0, 0, 2, 0, 0, 10, 10, 9, 0, 2, 10, 10, 10, 0, 10, 0, 10, 10, 10, 0, 10, 10, 10, 0, 0, 0, 0, 2, 0, 10, 10, 0, 10, 0, 10, 10, 7, 10, 10, 10, 10, 0, 10, 10, 9, 0, 10, 10, 10, 10, 10, 0, 20, 1, 10, 10, 10, 10, 0, 10, 10, 10, 0, 0, 2, 10, 0, 0, 0, 0, 10, 0, 0, 0, 0, 10, 0, 0, 10, 0, 10, 0, 19, 0, 0, 0, 10, 10, 0, 1, 10, 0, 0, 10, 10, 10, 0, 0, 1, 0, 0, 10, 0, 1, 10, 10, 10, 0, 4, 0, 0, 0, 10, 10, 0, 0, 0, 0, 10, 10, 1, 0, 10, 0, 10, 10, 0, 2, 10, 10, 10, 10, 0, 10, 0, 10, 0, 0, 1, 10, 10, 0, 10, 10, 5, 10, : 10, 10, 10, 10, 10, 10, 10, 10, 10, 10, 10, 10, 10, 10, 10, 2, 10, 10, 10, 10, 10, 10, 10, 3, 10, 10, 10, 10, 9, 10, 10, 2, 2, 10, 10, 9, 2, 10, 10, 10, 10, 10, 10, 10, 10, 10, 10, 2, 10, 10, 10, 10, 10, 7, 10, 10, 10, 10, 10, 10, 9, 10, 10, 10, 10, 10, 20, 1, 10, 10, 10, 10, 10, 10, 10, 2, 10, 10, 10, 10, 10, 19, 10, 10, 1, 10, 10, 10, 10, 1, 10, 1, 10, 10, 10, 4, 10, 10, 10, 10, 1, 10, 10, 10, 2, 10, 10, 10, 10, 10, 10, 1, 10, 10, 10, 10, 5, 10, 
49: 0, 10, 0, 10, 10, 1, 10, 10, 10, 10, 0, 10, 10, 0, 1, 10, 0, 10, 0, 10, 0, 4, 0, 0, 0, 10, 0, 0, 0, 0, 11, 0, 1, 0, 1, 0, 2, 0, 0, 1, 10, 0, 10, 10, 3, 0, 0, 0, 10, 0, 10, 10, 0, 10, 10, 1, 0, 0, 10, 10, 0, 10, 10, 0, 10, 10, 10, 0, 1, 10, 0, 10, 0, 0, 0, 0, 1, 0, 0, 1, 0, 10, 0, 10, 0, 3, 2, 0, 2, 0, 10, 3, 10, 0, 10, 0, 0, 10, 1, 0, 10, 10, 0, 10, 0, 10, 0, 10, 0, 0, 0, 10, 10, 10, 10, 10, 3, 10, 10, 0, 10, 10, 10, 0, 1, 10, 0, 10, 0, 10, 0, 0, 0, 10, 10, 0, 10, 1, 1, 10, 0, 0, 10, 0, 0, 0, 10, 10, 3, 0, 1, 0, 0, 0, 0, 10, 10, 0, 10, 0, 10, 0, 1, 0, 0, 10, 0, 0, 10, 10, 1, 10, 3, 10, 0, 10, 0, 1, 0, 10, 10, 0, 7, 10, 0, 3, 10, 0, 10, 0, 0, 2, 10, 0, 0, 10, 10, 0, 10, 10, : 10, 10, 10, 1, 10, 10, 10, 10, 10, 10, 1, 10, 10, 10, 4, 10, 11, 1, 1, 2, 1, 10, 10, 10, 3, 10, 10, 10, 10, 10, 1, 10, 10, 10, 10, 10, 10, 10, 1, 10, 10, 1, 1, 10, 10, 3, 2, 2, 10, 3, 10, 10, 10, 1, 10, 10, 10, 10, 10, 10, 10, 10, 10, 10, 3, 10, 10, 10, 10, 10, 1, 10, 10, 10, 10, 10, 10, 1, 1, 10, 10, 10, 10, 3, 1, 10, 10, 10, 10, 1, 10, 10, 10, 1, 10, 3, 10, 10, 1, 10, 10, 7, 10, 3, 10, 10, 2, 10, 10, 10, 10, 10, 
12: 10, 0, 0, 10, 10, 0, 0, 0, 2, 2, 3, 0, 10, 0, 0, 0, 0, 10, 10, 10, 0, 10, 0, 0, 1, 5, 0, 10, 10, 10, 0, 3, 10, 8, 0, 10, 0, 0, 0, 10, 10, 0, 0, 10, 15, 0, 10, 0, 0, 0, 10, 0, 10, 0, 10, 10, 10, 0, 0, 0, 10, 3, 0, 10, 1, 0, 0, 0, 10, 1, 0, 10, 10, 0, 0, 10, 0, 0, 0, 1, 1, 10, 0, 4, 10, 10, 10, 0, 0, 0, 10, 0, 1, 10, 10, 10, 0, 10, 10, 10, 0, 1, 0, 2, 10, 10, 0, 10, 0, 0, 1, 5, 10, 0, 0, 0, 10, 10, 0, 0, 0, 0, 2, 0, 0, 10, 10, 10, 10, 0, 10, 0, 0, 10, 0, 10, 10, 0, 0, 0, 1, 0, 0, 4, 0, 2, 10, 10, 10, 10, 10, 7, 10, 10, 0, 0, 10, 0, 0, 4, 3, 10, 10, 0, 0, 10, 10, 0, 0, 0, 0, 10, 0, 0, 0, 0, 1, 9, 0, 1, 0, 10, 10, 1, 1, 0, 10, 2, 10, 0, 0, 0, 0, 0, 10, 0, 0, 4, 0, 10, : 10, 10, 10, 2, 2, 3, 10, 10, 10, 10, 10, 1, 5, 10, 10, 10, 3, 10, 8, 10, 10, 10, 10, 15, 10, 10, 10, 10, 10, 10, 10, 3, 10, 1, 10, 1, 10, 10, 10, 1, 1, 10, 4, 10, 10, 10, 10, 1, 10, 10, 10, 10, 10, 10, 1, 2, 10, 10, 10, 1, 5, 10, 10, 10, 2, 10, 10, 10, 10, 10, 10, 10, 10, 1, 4, 2, 10, 10, 10, 10, 10, 7, 10, 10, 10, 4, 3, 10, 10, 10, 10, 10, 1, 9, 1, 10, 10, 1, 1, 10, 2, 10, 10, 4, 10, 
46: 10, 10, 10, 10, 10, 0, 10, 0, 0, 0, 10, 10, 0, 1, 10, 0, 10, 10, 10, 4, 4, 0, 0, 10, 0, 0, 10, 10, 0, 10, 10, 0, 0, 0, 0, 10, 10, 10, 0, 0, 10, 0, 0, 10, 1, 0, 10, 10, 1, 0, 0, 10, 0, 15, 10, 10, 0, 1, 10, 0, 0, 10, 10, 0, 10, 0, 10, 10, 1, 1, 0, 4, 0, 3, 10, 0, 6, 10, 10, 0, 0, 0, 0, 10, 0, 1, 10, 10, 10, 10, 0, 0, 10, 0, 10, 0, 10, 10, 10, 0, 10, 10, 10, 10, 10, 0, 0, 0, 10, 10, 10, 10, 0, 0, 10, 0, 10, 1, 0, 0, 10, 0, 0, 10, 10, 1, 10, 10, 0, 0, 0, 10, 10, 0, 0, 10, 0, 10, 0, 10, 10, 0, 0, 0, 10, 0, 0, 2, 0, 0, 0, 10, 0, 10, 10, 0, 5, 10, 0, 0, 0, 0, 10, 10, 10, 0, 10, 0, 0, 0, 0, 10, 0, 0, 0, 1, 10, 0, 10, 0, 0, 10, 10, 0, 10, 0, 10, 10, 10, 0, 1, 10, 0, 10, 10, 10, 2, 0, 0, 1, : 10, 10, 10, 10, 10, 10, 10, 10, 1, 10, 10, 10, 10, 4, 4, 10, 10, 10, 10, 10, 10, 10, 10, 10, 10, 1, 10, 10, 1, 10, 15, 10, 10, 1, 10, 10, 10, 10, 10, 10, 1, 1, 4, 3, 10, 6, 10, 10, 10, 1, 10, 10, 10, 10, 10, 10, 10, 10, 10, 10, 10, 10, 10, 10, 10, 10, 10, 10, 10, 10, 1, 10, 10, 10, 1, 10, 10, 10, 10, 10, 10, 10, 10, 10, 2, 10, 10, 10, 5, 10, 10, 10, 10, 10, 10, 1, 10, 10, 10, 10, 10, 10, 10, 10, 1, 10, 10, 10, 10, 2, 1, 
88: 0, 0, 10, 10, 10, 10, 0, 0, 10, 0, 10, 0, 1, 10, 10, 10, 0, 10, 10, 10, 10, 10, 0, 10, 10, 0, 0, 0, 0, 10, 10, 0, 0, 0, 0, 0, 0, 0, 1, 10, 1, 0, 1, 0, 10, 0, 0, 0, 5, 0, 0, 0, 10, 10, 0, 10, 10, 0, 0, 6, 5, 3, 7, 10, 3, 10, 0, 1, 0, 10, 0, 10, 10, 0, 10, 0, 10, 0, 10, 0, 10, 10, 2, 0, 10, 0, 1, 0, 3, 10, 10, 0, 0, 10, 0, 0, 0, 10, 10, 10, 0, 10, 10, 10, 0, 0, 0, 0, 0, 1, 0, 10, 10, 10, 0, 10, 10, 0, 0, 10, 10, 10, 0, 0, 0, 10, 1, 0, 10, 10, 0, 4, 10, 0, 10, 0, 10, 0, 0, 3, 10, 0, 15, 0, 0, 10, 10, 10, 1, 0, 10, 0, 3, 10, 10, 1, 0, 10, 10, 0, 10, 10, 10, 0, 10, 1, 10, 0, 0, 10, 0, 0, 0, 0, 10, 10, 10, 10, 0, 12, 20, 0, 1, 10, 0, 1, 10, 10, 10, 10, 10, 17, 10, 0, 0, 0, 0, 0, 0, 1, : 10, 10, 10, 10, 10, 10, 1, 10, 10, 10, 10, 10, 10, 10, 10, 10, 10, 10, 10, 1, 10, 1, 1, 10, 5, 10, 10, 10, 10, 6, 5, 3, 7, 10, 3, 10, 1, 10, 10, 10, 10, 10, 10, 10, 10, 2, 10, 1, 3, 10, 10, 10, 10, 10, 10, 10, 10, 10, 1, 10, 10, 10, 10, 10, 10, 10, 10, 10, 1, 10, 10, 4, 10, 10, 10, 3, 10, 15, 10, 10, 10, 1, 10, 3, 10, 10, 1, 10, 10, 10, 10, 10, 10, 1, 10, 10, 10, 10, 10, 10, 12, 20, 1, 10, 1, 10, 10, 10, 10, 10, 17, 10, 1, 


5: 10, 0, 0, 10, 1, 14, 0, 1, 10, 1, 10, 0, 0, 11, 0, 10, 10, 10, 1, 2, 0, 10, 10, 10, 2, 10, 10, 0, 0, 0, 10, 1, 10, 10, 1, 10, 10, 10, 2, 10, 2, 1, 0, 10, 0, 10, 10, 10, 10, 10, 0, 10, 0, 10, 10, 10, 0, 10, 0, 10, 0, 10, 0, 10, 10, 10, 10, 0, 1, 0, 0, 10, 10, 10, 0, 1, 5, 10, 10, 10, 0, 10, 10, 10, 10, 0, 0, 10, 0, 0, 0, 0, 10, 10, 10, 10, 0, 0, 11, 10, 10, 0, 2, 0, 0, 1, 0, 10, 0, 10, 0, 0, 0, 0, 10, 10, 0, 0, 10, 10, 0, 10, 0, 10, 10, 10, 10, 0, 0, 10, 10, 0, 1, 0, 0, 10, 0, 10, 10, 10, 0, 0, 0, 0, 0, 0, 10, 0, 10, 4, 0, 8, 0, 10, 10, 0, 0, 0, 18, 0, 10, 0, 5, 0, 0, 0, 10, 0, 0, 10, 10, 10, 10, 0, 10, 0, 0, 10, 0, 0, 0, 0, 10, 0, 0, 10, 10, 10, 10, 10, 10, 10, 10, 10, 10, 10, 10, 0, 10, 1, : 10, 10, 1, 14, 1, 10, 1, 10, 11, 10, 10, 10, 1, 2, 10, 10, 10, 2, 10, 10, 10, 1, 10, 10, 1, 10, 10, 10, 2, 10, 2, 1, 10, 10, 10, 10, 10, 10, 10, 10, 10, 10, 10, 10, 10, 10, 10, 10, 10, 1, 10, 10, 10, 1, 5, 10, 10, 10, 10, 10, 10, 10, 10, 10, 10, 10, 10, 11, 10, 10, 2, 1, 10, 10, 10, 10, 10, 10, 10, 10, 10, 10, 10, 10, 10, 1, 10, 10, 10, 10, 10, 10, 4, 8, 10, 10, 18, 10, 5, 10, 10, 10, 10, 10, 10, 10, 10, 10, 10, 10, 10, 10, 10, 10, 10, 10, 10, 10, 10, 10, 1, 
68: 0, 0, 10, 10, 10, 0, 0, 10, 0, 0, 10, 10, 10, 0, 10, 10, 0, 10, 10, 0, 10, 10, 0, 10, 0, 0, 10, 0, 0, 0, 10, 10, 10, 10, 0, 10, 5, 0, 10, 10, 1, 0, 10, 10, 0, 0, 0, 0, 1, 10, 0, 0, 10, 0, 10, 10, 0, 10, 10, 10, 1, 10, 2, 10, 0, 10, 10, 10, 0, 10, 0, 20, 10, 10, 0, 10, 0, 0, 0, 0, 8, 1, 0, 0, 4, 10, 10, 0, 10, 10, 0, 10, 0, 0, 10, 10, 0, 0, 0, 10, 10, 10, 10, 10, 10, 10, 10, 10, 0, 0, 10, 10, 10, 0, 0, 10, 0, 10, 0, 10, 0, 0, 1, 10, 0, 10, 0, 1, 10, 10, 0, 10, 10, 10, 0, 10, 0, 10, 10, 0, 0, 0, 0, 0, 10, 0, 10, 3, 10, 0, 10, 10, 10, 10, 10, 10, 10, 0, 10, 0, 10, 10, 0, 10, 10, 0, 0, 10, 10, 4, 10, 0, 0, 0, 10, 10, 11, 10, 0, 0, 0, 1, 10, 1, 0, 0, 10, 0, 10, 10, 10, 0, 0, 5, 0, 0, 2, 10, 0, 0, : 10, 10, 10, 10, 10, 10, 10, 10, 10, 10, 10, 10, 10, 10, 10, 10, 10, 10, 10, 10, 5, 10, 10, 1, 10, 10, 1, 10, 10, 10, 10, 10, 10, 10, 1, 10, 2, 10, 10, 10, 10, 10, 20, 10, 10, 10, 8, 1, 4, 10, 10, 10, 10, 10, 10, 10, 10, 10, 10, 10, 10, 10, 10, 10, 10, 10, 10, 10, 10, 10, 10, 1, 10, 10, 1, 10, 10, 10, 10, 10, 10, 10, 10, 10, 10, 3, 10, 10, 10, 10, 10, 10, 10, 10, 10, 10, 10, 10, 10, 10, 10, 4, 10, 10, 10, 11, 10, 1, 10, 1, 10, 10, 10, 10, 5, 2, 10, 
36: 0, 2, 0, 0, 10, 0, 0, 10, 10, 10, 0, 0, 0, 1, 15, 0, 0, 10, 10, 10, 0, 19, 10, 10, 1, 0, 0, 1, 18, 10, 0, 10, 15, 1, 10, 0, 10, 0, 10, 0, 0, 0, 10, 0, 10, 0, 0, 10, 10, 10, 10, 0, 10, 0, 0, 10, 10, 4, 0, 10, 10, 0, 10, 10, 10, 10, 0, 0, 0, 10, 10, 0, 10, 0, 0, 0, 0, 10, 10, 5, 0, 2, 10, 0, 10, 10, 0, 10, 0, 10, 10, 0, 0, 0, 0, 10, 0, 10, 10, 1, 0, 0, 10, 0, 0, 10, 0, 0, 10, 0, 10, 10, 1, 0, 0, 10, 10, 17, 0, 3, 10, 0, 0, 0, 10, 0, 0, 2, 10, 0, 10, 0, 10, 6, 0, 0, 12, 0, 5, 0, 0, 0, 10, 0, 10, 10, 0, 0, 0, 0, 10, 0, 0, 10, 10, 10, 10, 10, 0, 0, 0, 10, 0, 0, 10, 10, 0, 10, 0, 0, 10, 10, 10, 10, 10, 0, 10, 0, 10, 10, 10, 0, 0, 0, 0, 0, 0, 0, 0, 10, 10, 0, 10, 0, 10, 0, 0, 0, 10, 10, : 2, 10, 10, 10, 10, 1, 15, 10, 10, 10, 19, 10, 10, 1, 1, 18, 10, 10, 15, 1, 10, 10, 10, 10, 10, 10, 10, 10, 10, 10, 10, 10, 4, 10, 10, 10, 10, 10, 10, 10, 10, 10, 10, 10, 5, 2, 10, 10, 10, 10, 10, 10, 10, 10, 10, 1, 10, 10, 10, 10, 10, 1, 10, 10, 17, 3, 10, 10, 2, 10, 10, 10, 6, 12, 5, 10, 10, 10, 10, 10, 10, 10, 10, 10, 10, 10, 10, 10, 10, 10, 10, 10, 10, 10, 10, 10, 10, 10, 10, 10, 10, 10, 10, 
30: 0, 1, 0, 10, 10, 10, 10, 7, 2, 0, 10, 10, 10, 10, 0, 0, 10, 10, 10, 0, 10, 10, 10, 0, 10, 0, 1, 0, 10, 0, 10, 10, 1, 0, 10, 0, 10, 10, 0, 0, 0, 1, 0, 0, 10, 10, 10, 10, 0, 10, 0, 0, 0, 0, 10, 2, 0, 0, 11, 10, 3, 0, 0, 0, 10, 10, 10, 10, 10, 10, 0, 10, 10, 4, 10, 10, 10, 0, 10, 10, 2, 0, 10, 10, 10, 0, 0, 10, 0, 10, 10, 0, 0, 3, 10, 0, 10, 0, 10, 0, 10, 10, 10, 0, 10, 10, 10, 0, 0, 10, 0, 0, 0, 0, 10, 10, 1, 10, 0, 10, 0, 0, 0, 8, 0, 0, 0, 0, 10, 0, 0, 10, 10, 0, 10, 0, 10, 0, 10, 0, 0, 10, 10, 10, 10, 10, 10, 0, 1, 0, 0, 0, 1, 0, 10, 10, 10, 10, 9, 10, 10, 0, 0, 0, 10, 4, 0, 0, 10, 10, 0, 10, 10, 10, 0, 10, 10, 1, 10, 1, 10, 0, 10, 0, 10, 10, 10, 10, 10, 0, 0, 10, 10, 0, 1, 10, 0, 10, 10, 0, : 1, 10, 10, 10, 10, 7, 2, 10, 10, 10, 10, 10, 10, 10, 10, 10, 10, 10, 1, 10, 10, 10, 1, 10, 10, 10, 1, 10, 10, 10, 10, 10, 10, 2, 11, 10, 3, 10, 10, 10, 10, 10, 10, 10, 10, 4, 10, 10, 10, 10, 10, 2, 10, 10, 10, 10, 10, 10, 3, 10, 10, 10, 10, 10, 10, 10, 10, 10, 10, 10, 10, 1, 10, 10, 8, 10, 10, 10, 10, 10, 10, 10, 10, 10, 10, 10, 10, 1, 1, 10, 10, 10, 10, 9, 10, 10, 10, 4, 10, 10, 10, 10, 10, 10, 10, 1, 10, 1, 10, 10, 10, 10, 10, 10, 10, 10, 10, 1, 10, 10, 10, 
92: 0, 0, 10, 0, 10, 10, 0, 0, 10, 10, 0, 10, 0, 10, 0, 0, 10, 10, 0, 5, 10, 10, 0, 10, 0, 0, 0, 10, 10, 1, 10, 10, 10, 10, 10, 10, 10, 1, 10, 0, 0, 1, 0, 0, 10, 0, 0, 4, 10, 10, 10, 0, 10, 2, 10, 10, 0, 2, 10, 10, 10, 0, 0, 0, 1, 10, 0, 10, 2, 10, 10, 4, 0, 0, 10, 0, 0, 10, 0, 0, 0, 10, 1, 0, 1, 10, 1, 10, 0, 0, 10, 0, 10, 0, 4, 0, 10, 10, 0, 10, 0, 10, 10, 10, 0, 0, 0, 10, 10, 10, 5, 10, 10, 0, 10, 10, 10, 10, 0, 0, 10, 10, 0, 0, 10, 10, 10, 10, 0, 10, 2, 0, 0, 10, 0, 0, 2, 10, 10, 0, 0, 0, 0, 0, 1, 10, 10, 0, 6, 1, 10, 1, 10, 10, 0, 0, 10, 10, 1, 10, 0, 10, 0, 0, 10, 2, 0, 10, 10, 0, 1, 2, 10, 10, 0, 10, 0, 0, 10, 0, 10, 0, 10, 10, 5, 10, 10, 10, 0, 10, 10, 0, 10, 0, 0, 18, 0, 0, 0, 0, : 10, 10, 10, 10, 10, 10, 10, 10, 10, 5, 10, 10, 10, 10, 10, 1, 10, 10, 10, 10, 10, 10, 10, 1, 10, 1, 10, 4, 10, 10, 10, 10, 2, 10, 10, 2, 10, 10, 10, 1, 10, 10, 2, 10, 10, 4, 10, 10, 10, 1, 1, 10, 1, 10, 10, 10, 4, 10, 10, 10, 10, 10, 10, 10, 10, 10, 5, 10, 10, 10, 10, 10, 10, 10, 10, 10, 10, 10, 10, 10, 2, 10, 2, 10, 10, 1, 10, 10, 6, 1, 10, 1, 10, 10, 10, 10, 1, 10, 10, 10, 2, 10, 10, 1, 2, 10, 10, 10, 10, 10, 10, 10, 5, 10, 10, 10, 10, 10, 10, 18, 
75: 5, 0, 0, 0, 0, 10, 10, 5, 2, 0, 0, 0, 0, 0, 0, 10, 0, 0, 10, 1, 10, 2, 10, 0, 0, 3, 10, 4, 0, 0, 0, 0, 1, 10, 10, 10, 0, 0, 0, 0, 0, 10, 0, 0, 0, 3, 0, 10, 0, 0, 7, 1, 2, 10, 10, 0, 1, 3, 1, 10, 0, 0, 10, 10, 0, 1, 0, 10, 10, 0, 4, 10, 0, 8, 0, 0, 0, 0, 0, 10, 2, 0, 2, 2, 10, 10, 4, 10, 10, 4, 0, 10, 10, 10, 0, 0, 0, 10, 0, 10, 0, 10, 0, 10, 10, 0, 10, 0, 10, 1, 0, 10, 10, 10, 10, 0, 1, 0, 10, 0, 10, 10, 10, 10, 10, 0, 10, 10, 0, 10, 10, 10, 10, 0, 0, 0, 10, 10, 10, 10, 10, 0, 0, 0, 0, 0, 10, 10, 0, 10, 10, 0, 10, 1, 10, 10, 0, 0, 2, 10, 0, 10, 0, 10, 0, 10, 10, 7, 10, 10, 10, 10, 10, 10, 1, 0, 10, 10, 10, 0, 0, 10, 0, 10, 10, 10, 0, 10, 0, 0, 10, 0, 0, 10, 10, 7, 0, 0, 10, 10, : 5, 10, 10, 5, 2, 10, 10, 1, 10, 2, 10, 3, 10, 4, 1, 10, 10, 10, 10, 3, 10, 7, 1, 2, 10, 10, 1, 3, 1, 10, 10, 10, 1, 10, 10, 4, 10, 8, 10, 2, 2, 2, 10, 10, 4, 10, 10, 4, 10, 10, 10, 10, 10, 10, 10, 10, 10, 10, 1, 10, 10, 10, 10, 1, 10, 10, 10, 10, 10, 10, 10, 10, 10, 10, 10, 10, 10, 10, 10, 10, 10, 10, 10, 10, 10, 10, 1, 10, 10, 2, 10, 10, 10, 10, 10, 7, 10, 10, 10, 10, 10, 10, 1, 10, 10, 10, 10, 10, 10, 10, 10, 10, 10, 10, 7, 10, 10, 
15: 10, 10, 16, 0, 10, 10, 0, 0, 0, 10, 0, 0, 3, 1, 10, 0, 0, 0, 10, 10, 10, 0, 0, 10, 10, 0, 0, 10, 10, 10, 0, 10, 0, 1, 0, 0, 10, 7, 10, 5, 10, 10, 10, 14, 0, 0, 18, 10, 1, 0, 10, 0, 0, 8, 0, 10, 2, 10, 10, 0, 10, 10, 0, 10, 0, 0, 10, 0, 10, 0, 10, 10, 0, 10, 10, 0, 10, 10, 10, 0, 10, 2, 0, 0, 0, 5, 0, 2, 0, 0, 10, 0, 0, 10, 0, 10, 2, 10, 2, 10, 0, 10, 10, 13, 10, 0, 0, 0, 10, 0, 10, 10, 0, 10, 0, 5, 10, 10, 10, 10, 10, 10, 10, 5, 10, 10, 0, 0, 10, 0, 0, 0, 1, 0, 10, 10, 10, 10, 0, 0, 0, 10, 3, 0, 0, 10, 0, 10, 10, 10, 0, 2, 4, 10, 0, 10, 0, 0, 0, 0, 10, 0, 10, 10, 0, 0, 0, 0, 1, 0, 0, 10, 10, 10, 0, 10, 1, 10, 0, 10, 0, 0, 0, 10, 0, 0, 0, 10, 0, 10, 0, 10, 0, 0, 10, 0, 1, 10, 0, 0, : 10, 10, 16, 10, 10, 10, 3, 1, 10, 10, 10, 10, 10, 10, 10, 10, 10, 10, 1, 10, 7, 10, 5, 10, 10, 10, 14, 18, 10, 1, 10, 8, 10, 2, 10, 10, 10, 10, 10, 10, 10, 10, 10, 10, 10, 10, 10, 10, 10, 2, 5, 2, 10, 10, 10, 2, 10, 2, 10, 10, 10, 13, 10, 10, 10, 10, 10, 5, 10, 10, 10, 10, 10, 10, 10, 5, 10, 10, 10, 1, 10, 10, 10, 10, 10, 3, 10, 10, 10, 10, 2, 4, 10, 10, 10, 10, 10, 1, 10, 10, 10, 10, 1, 10, 10, 10, 10, 10, 10, 10, 1, 10, 
54: 0, 10, 10, 0, 7, 10, 10, 2, 0, 10, 10, 0, 0, 10, 0, 10, 1, 1, 10, 10, 10, 0, 2, 0, 2, 0, 10, 0, 0, 7, 4, 10, 10, 0, 3, 10, 0, 1, 0, 10, 10, 10, 0, 0, 0, 2, 0, 0, 0, 10, 10, 4, 10, 1, 10, 10, 10, 10, 0, 0, 0, 2, 10, 3, 0, 0, 0, 0, 10, 0, 10, 0, 0, 10, 0, 0, 10, 10, 0, 0, 0, 0, 10, 10, 10, 10, 10, 10, 10, 10, 0, 10, 0, 10, 10, 10, 0, 10, 0, 10, 2, 1, 10, 0, 0, 3, 10, 0, 2, 10, 0, 0, 0, 2, 0, 0, 10, 0, 10, 10, 10, 0, 0, 2, 10, 0, 10, 2, 10, 0, 0, 2, 10, 0, 0, 0, 1, 0, 0, 10, 10, 10, 10, 10, 0, 10, 2, 10, 10, 0, 1, 10, 10, 0, 10, 0, 10, 10, 0, 1, 0, 10, 10, 2, 0, 10, 10, 0, 2, 10, 14, 10, 3, 10, 10, 0, 0, 10, 10, 0, 10, 11, 10, 10, 10, 10, 0, 0, 10, 0, 4, 0, 1, 10, 10, 0, 10, 10, 0, 10, : 10, 10, 7, 10, 10, 2, 10, 10, 10, 10, 1, 1, 10, 10, 10, 2, 2, 10, 7, 4, 10, 10, 3, 10, 1, 10, 10, 10, 2, 10, 10, 4, 10, 1, 10, 10, 10, 10, 2, 10, 3, 10, 10, 10, 10, 10, 10, 10, 10, 10, 10, 10, 10, 10, 10, 10, 10, 10, 10, 10, 2, 1, 10, 3, 10, 2, 10, 2, 10, 10, 10, 10, 2, 10, 10, 2, 10, 2, 10, 1, 10, 10, 10, 10, 10, 10, 2, 10, 10, 1, 10, 10, 10, 10, 10, 1, 10, 10, 2, 10, 10, 2, 10, 14, 10, 3, 10, 10, 10, 10, 10, 11, 10, 10, 10, 10, 10, 4, 1, 10, 10, 10, 10, 10, 
84: 10, 2, 10, 10, 10, 0, 10, 0, 10, 10, 0, 10, 10, 0, 10, 1, 10, 10, 0, 4, 10, 0, 0, 0, 10, 10, 0, 0, 0, 10, 0, 2, 0, 10, 10, 10, 0, 0, 10, 1, 10, 0, 3, 10, 10, 0, 10, 0, 0, 0, 8, 0, 10, 10, 1, 0, 10, 1, 10, 10, 10, 10, 10, 10, 0, 0, 10, 4, 0, 10, 10, 0, 10, 0, 0, 10, 10, 10, 0, 0, 0, 0, 1, 0, 0, 0, 10, 0, 10, 0, 10, 10, 10, 0, 0, 10, 10, 0, 0, 0, 6, 0, 3, 10, 0, 10, 10, 10, 0, 10, 10, 10, 10, 10, 0, 0, 10, 10, 10, 0, 0, 0, 10, 0, 10, 3, 10, 0, 1, 10, 0, 10, 3, 0, 1, 10, 10, 0, 10, 10, 2, 5, 0, 1, 0, 10, 0, 0, 0, 10, 0, 0, 0, 0, 10, 10, 0, 0, 0, 2, 10, 0, 0, 10, 10, 19, 10, 10, 0, 0, 0, 10, 10, 10, 10, 10, 0, 0, 10, 10, 10, 10, 10, 1, 0, 17, 0, 0, 10, 10, 10, 10, 0, 10, 10, 0, 0, 0, 10, 10, : 10, 2, 10, 10, 10, 10, 10, 10, 10, 10, 10, 1, 10, 10, 4, 10, 10, 10, 10, 2, 10, 10, 10, 10, 1, 10, 3, 10, 10, 10, 8, 10, 10, 1, 10, 1, 10, 10, 10, 10, 10, 10, 10, 4, 10, 10, 10, 10, 10, 10, 1, 10, 10, 10, 10, 10, 10, 10, 6, 3, 10, 10, 10, 10, 10, 10, 10, 10, 10, 10, 10, 10, 10, 10, 3, 10, 1, 10, 10, 3, 1, 10, 10, 10, 10, 2, 5, 1, 10, 10, 10, 10, 2, 10, 10, 10, 19, 10, 10, 10, 10, 10, 10, 10, 10, 10, 10, 10, 10, 1, 17, 10, 10, 10, 10, 10, 10, 10, 10, 
65: 0, 0, 7, 0, 0, 0, 10, 10, 10, 10, 10, 10, 10, 0, 13, 4, 10, 10, 0, 10, 0, 0, 0, 0, 0, 10, 10, 0, 6, 3, 0, 5, 0, 0, 0, 0, 0, 10, 10, 1, 0, 0, 10, 0, 1, 10, 0, 10, 0, 10, 10, 10, 3, 0, 10, 0, 10, 10, 0, 0, 10, 10, 0, 0, 10, 10, 10, 10, 10, 0, 10, 1, 10, 0, 2, 10, 10, 0, 15, 10, 17, 0, 0, 1, 10, 10, 10, 0, 2, 4, 0, 10, 10, 1, 0, 0, 10, 0, 10, 0, 0, 0, 0, 10, 0, 1, 2, 5, 10, 10, 0, 0, 10, 0, 4, 0, 0, 10, 0, 0, 0, 10, 10, 10, 0, 10, 0, 10, 0, 0, 10, 2, 0, 10, 10, 10, 10, 10, 0, 1, 10, 0, 0, 10, 0, 0, 0, 0, 4, 0, 9, 0, 0, 4, 0, 5, 0, 0, 0, 10, 10, 0, 0, 10, 0, 0, 0, 0, 10, 1, 0, 0, 10, 0, 10, 0, 0, 10, 0, 6, 0, 0, 0, 0, 0, 0, 10, 1, 4, 0, 0, 1, 17, 0, 10, 0, 10, 0, 2, 0, : 7, 10, 10, 10, 10, 10, 10, 10, 13, 4, 10, 10, 10, 10, 10, 6, 3, 5, 10, 10, 1, 10, 1, 10, 10, 10, 10, 10, 3, 10, 10, 10, 10, 10, 10, 10, 10, 10, 10, 10, 1, 10, 2, 10, 10, 15, 10, 17, 1, 10, 10, 10, 2, 4, 10, 10, 1, 10, 10, 10, 1, 2, 5, 10, 10, 10, 4, 10, 10, 10, 10, 10, 10, 10, 2, 10, 10, 10, 10, 10, 1, 10, 10, 4, 9, 4, 5, 10, 10, 10, 10, 1, 10, 10, 10, 6, 10, 1, 4, 1, 17, 10, 10, 2, 
44: 0, 0, 0, 10, 0, 0, 10, 10, 10, 1, 0, 0, 0, 10, 1, 10, 0, 0, 0, 10, 0, 0, 0, 0, 10, 2, 10, 10, 0, 0, 0, 0, 0, 0, 0, 10, 0, 10, 2, 0, 10, 10, 0, 10, 0, 0, 10, 10, 10, 2, 10, 10, 0, 4, 0, 0, 0, 0, 0, 1, 1, 0, 0, 2, 10, 0, 10, 10, 1, 10, 10, 0, 1, 2, 10, 4, 0, 10, 2, 0, 0, 10, 10, 10, 0, 0, 10, 2, 0, 10, 10, 0, 0, 10, 10, 10, 10, 10, 10, 4, 10, 0, 10, 0, 11, 0, 2, 0, 10, 10, 10, 1, 0, 1, 10, 0, 10, 0, 10, 10, 0, 0, 10, 0, 10, 0, 0, 0, 0, 0, 2, 0, 0, 0, 0, 0, 0, 10, 10, 10, 0, 10, 1, 0, 10, 8, 10, 10, 10, 0, 0, 10, 10, 5, 0, 0, 0, 4, 10, 0, 3, 10, 10, 0, 10, 0, 10, 10, 0, 0, 0, 0, 0, 10, 0, 18, 10, 0, 0, 0, 10, 10, 10, 3, 16, 0, 10, 10, 0, 0, 1, 0, 8, 10, 0, 10, 10, 10, 3, 10, : 10, 10, 10, 10, 1, 10, 1, 10, 10, 10, 2, 10, 10, 10, 10, 2, 10, 10, 10, 10, 10, 10, 2, 10, 10, 4, 1, 1, 2, 10, 10, 10, 1, 10, 10, 1, 2, 10, 4, 10, 2, 10, 10, 10, 10, 2, 10, 10, 10, 10, 10, 10, 10, 10, 4, 10, 10, 11, 2, 10, 10, 10, 1, 1, 10, 10, 10, 10, 10, 10, 2, 10, 10, 10, 10, 1, 10, 8, 10, 10, 10, 10, 10, 5, 4, 10, 3, 10, 10, 10, 10, 10, 10, 18, 10, 10, 10, 10, 3, 16, 10, 10, 1, 8, 10, 10, 10, 10, 3, 10, 
87: 0, 10, 10, 10, 10, 10, 0, 0, 10, 10, 10, 10, 10, 10, 6, 10, 10, 10, 10, 1, 0, 0, 2, 0, 0, 10, 0, 0, 0, 2, 10, 2, 7, 10, 10, 0, 10, 0, 0, 0, 0, 1, 10, 10, 10, 10, 1, 0, 10, 0, 0, 10, 10, 0, 0, 10, 0, 0, 10, 2, 0, 10, 0, 0, 0, 7, 10, 10, 10, 0, 0, 10, 0, 0, 2, 10, 0, 1, 0, 0, 0, 10, 10, 0, 10, 0, 10, 0, 3, 0, 0, 0, 0, 10, 0, 0, 0, 10, 10, 10, 17, 10, 0, 0, 10, 0, 0, 10, 10, 0, 10, 1, 10, 10, 10, 0, 2, 0, 4, 0, 0, 0, 1, 10, 0, 0, 10, 10, 10, 0, 0, 10, 0, 10, 4, 0, 0, 0, 0, 1, 10, 0, 10, 10, 10, 0, 0, 10, 10, 10, 0, 10, 0, 0, 0, 0, 0, 0, 0, 10, 0, 0, 10, 10, 0, 0, 0, 0, 0, 10, 0, 0, 0, 0, 2, 0, 0, 0, 0, 8, 2, 10, 10, 10, 2, 0, 10, 0, 10, 10, 0, 10, 0, 0, 0, 10, 0, 10, 0, 0, : 10, 10, 10, 10, 10, 10, 10, 10, 10, 10, 10, 6, 10, 10, 10, 10, 1, 2, 10, 2, 10, 2, 7, 10, 10, 10, 1, 10, 10, 10, 10, 1, 10, 10, 10, 10, 10, 2, 10, 7, 10, 10, 10, 10, 2, 10, 1, 10, 10, 10, 10, 3, 10, 10, 10, 10, 17, 10, 10, 10, 10, 10, 1, 10, 10, 10, 2, 4, 1, 10, 10, 10, 10, 10, 10, 4, 1, 10, 10, 10, 10, 10, 10, 10, 10, 10, 10, 10, 10, 2, 8, 2, 10, 10, 10, 2, 10, 10, 10, 10, 10, 10, 
82: 0, 10, 0, 10, 0, 10, 0, 10, 1, 2, 0, 0, 10, 0, 10, 10, 10, 0, 3, 2, 3, 0, 0, 1, 10, 10, 0, 10, 10, 10, 1, 1, 0, 0, 0, 0, 0, 16, 0, 10, 10, 10, 10, 0, 3, 10, 14, 0, 13, 0, 0, 0, 0, 10, 10, 3, 0, 10, 0, 2, 0, 0, 10, 0, 10, 0, 10, 10, 1, 3, 0, 0, 4, 10, 0, 10, 0, 10, 5, 19, 0, 0, 0, 10, 10, 0, 0, 0, 10, 0, 5, 1, 0, 0, 10, 1, 0, 0, 2, 10, 10, 1, 0, 0, 10, 10, 0, 0, 0, 3, 0, 0, 2, 18, 10, 0, 0, 0, 1, 2, 10, 10, 10, 10, 0, 0, 10, 10, 10, 3, 1, 0, 10, 0, 10, 10, 0, 0, 0, 1, 10, 0, 0, 10, 10, 10, 10, 10, 0, 0, 0, 0, 10, 5, 0, 0, 0, 10, 10, 10, 10, 0, 0, 0, 10, 0, 10, 10, 10, 0, 0, 0, 0, 0, 10, 0, 3, 1, 5, 0, 10, 0, 5, 10, 0, 0, 10, 10, 10, 10, 0, 1, 0, 0, 10, 10, 2, 10, 10, 4, : 10, 10, 10, 10, 1, 2, 10, 10, 10, 10, 3, 2, 3, 1, 10, 10, 10, 10, 10, 1, 1, 16, 10, 10, 10, 10, 3, 10, 14, 13, 10, 10, 3, 10, 2, 10, 10, 10, 10, 1, 3, 4, 10, 10, 10, 5, 19, 10, 10, 10, 5, 1, 10, 1, 2, 10, 10, 1, 10, 10, 3, 2, 18, 10, 1, 2, 10, 10, 10, 10, 10, 10, 10, 3, 1, 10, 10, 10, 1, 10, 10, 10, 10, 10, 10, 10, 5, 10, 10, 10, 10, 10, 10, 10, 10, 10, 3, 1, 5, 10, 5, 10, 10, 10, 10, 10, 1, 10, 10, 2, 10, 10, 4, 
56: 10, 0, 0, 0, 0, 0, 0, 0, 10, 0, 0, 10, 0, 0, 10, 0, 2, 10, 0, 10, 10, 0, 1, 10, 10, 0, 0, 10, 0, 0, 10, 1, 10, 10, 10, 0, 0, 10, 0, 0, 0, 10, 0, 10, 0, 10, 0, 1, 0, 1, 0, 10, 10, 10, 0, 0, 10, 0, 10, 10, 10, 10, 10, 10, 1, 0, 0, 0, 0, 0, 0, 0, 10, 0, 10, 10, 10, 0, 10, 10, 0, 10, 0, 10, 0, 0, 0, 0, 10, 0, 10, 10, 0, 0, 0, 2, 10, 3, 10, 0, 0, 1, 0, 0, 0, 0, 10, 0, 0, 0, 10, 0, 10, 1, 1, 10, 0, 0, 10, 0, 10, 5, 1, 10, 5, 10, 1, 10, 0, 0, 10, 10, 0, 10, 0, 0, 0, 10, 0, 0, 3, 10, 10, 10, 4, 0, 10, 0, 1, 0, 10, 0, 10, 0, 0, 0, 10, 1, 10, 6, 10, 4, 10, 10, 0, 0, 10, 0, 0, 0, 10, 0, 0, 0, 0, 0, 10, 10, 0, 10, 10, 10, 10, 0, 2, 0, 10, 10, 10, 0, 0, 10, 10, 10, 0, 0, 10, 5, 10, 10, : 10, 10, 10, 10, 2, 10, 10, 10, 1, 10, 10, 10, 10, 1, 10, 10, 10, 10, 10, 10, 10, 1, 1, 10, 10, 10, 10, 10, 10, 10, 10, 10, 10, 1, 10, 10, 10, 10, 10, 10, 10, 10, 10, 10, 10, 2, 10, 3, 10, 1, 10, 10, 10, 1, 1, 10, 10, 10, 5, 1, 10, 5, 10, 1, 10, 10, 10, 10, 10, 3, 10, 10, 10, 4, 10, 1, 10, 10, 10, 1, 10, 6, 10, 4, 10, 10, 10, 10, 10, 10, 10, 10, 10, 10, 2, 10, 10, 10, 10, 10, 10, 10, 5, 10, 10, 
31: 10, 0, 0, 10, 0, 0, 0, 0, 0, 10, 3, 0, 2, 0, 0, 0, 0, 0, 0, 10, 10, 4, 0, 0, 0, 0, 0, 0, 0, 10, 10, 0, 1, 0, 0, 10, 10, 10, 7, 17, 10, 10, 0, 10, 10, 10, 0, 10, 0, 0, 0, 10, 10, 0, 0, 10, 10, 15, 0, 10, 10, 1, 2, 0, 0, 0, 0, 0, 10, 0, 0, 10, 0, 1, 0, 0, 0, 1, 0, 0, 10, 0, 1, 10, 0, 10, 10, 0, 10, 0, 10, 10, 10, 10, 10, 0, 0, 2, 10, 0, 0, 0, 0, 1, 4, 0, 0, 0, 0, 10, 10, 0, 0, 10, 10, 0, 0, 2, 0, 10, 2, 10, 2, 10, 10, 2, 0, 10, 10, 10, 0, 10, 10, 10, 0, 0, 10, 0, 0, 10, 0, 0, 10, 2, 0, 0, 0, 0, 0, 0, 8, 10, 0, 10, 2, 0, 0, 10, 0, 0, 0, 10, 0, 0, 0, 10, 10, 10, 10, 10, 10, 0, 0, 3, 10, 0, 0, 10, 10, 10, 10, 0, 0, 10, 0, 0, 0, 0, 0, 0, 10, 10, 0, 0, 10, 10, 10, 10, 10, 10, : 10, 10, 10, 3, 2, 10, 10, 4, 10, 10, 1, 10, 10, 10, 7, 17, 10, 10, 10, 10, 10, 10, 10, 10, 10, 10, 15, 10, 10, 1, 2, 10, 10, 1, 1, 10, 1, 10, 10, 10, 10, 10, 10, 10, 10, 10, 2, 10, 1, 4, 10, 10, 10, 10, 2, 10, 2, 10, 2, 10, 10, 2, 10, 10, 10, 10, 10, 10, 10, 10, 10, 2, 8, 10, 10, 2, 10, 10, 10, 10, 10, 10, 10, 10, 3, 10, 10, 10, 10, 10, 10, 10, 10, 10, 10, 10, 10, 10, 10, 
21: 10, 10, 10, 1, 10, 10, 10, 0, 0, 0, 10, 10, 10, 10, 0, 0, 0, 0, 0, 0, 2, 0, 10, 3, 10, 10, 6, 10, 10, 10, 0, 10, 0, 10, 0, 0, 0, 0, 0, 10, 10, 1, 10, 0, 0, 0, 10, 0, 0, 10, 0, 20, 0, 0, 10, 0, 2, 0, 3, 0, 0, 0, 10, 10, 3, 0, 5, 0, 10, 1, 10, 0, 10, 0, 7, 10, 10, 0, 0, 0, 10, 10, 10, 10, 0, 0, 0, 10, 10, 17, 0, 10, 0, 0, 10, 0, 10, 10, 0, 10, 10, 0, 0, 10, 10, 10, 1, 10, 10, 0, 0, 2, 0, 10, 0, 10, 10, 0, 0, 0, 3, 10, 0, 0, 0, 10, 0, 0, 3, 10, 10, 10, 10, 9, 10, 0, 0, 1, 0, 10, 0, 10, 0, 10, 10, 0, 10, 2, 0, 10, 0, 10, 10, 0, 10, 10, 10, 0, 5, 6, 2, 10, 10, 2, 10, 10, 0, 8, 0, 10, 0, 0, 10, 0, 0, 0, 0, 10, 10, 10, 0, 10, 0, 0, 10, 10, 0, 10, 1, 2, 10, 3, 2, 0, 0, 0, 0, 0, 0, 0, : 10, 10, 10, 1, 10, 10, 10, 10, 10, 10, 10, 2, 10, 3, 10, 10, 6, 10, 10, 10, 10, 10, 10, 10, 1, 10, 10, 10, 20, 10, 2, 3, 10, 10, 3, 5, 10, 1, 10, 10, 7, 10, 10, 10, 10, 10, 10, 10, 10, 17, 10, 10, 10, 10, 10, 10, 10, 10, 10, 1, 10, 10, 2, 10, 10, 10, 3, 10, 10, 3, 10, 10, 10, 10, 9, 10, 1, 10, 10, 10, 10, 10, 2, 10, 10, 10, 10, 10, 10, 5, 6, 2, 10, 10, 2, 10, 10, 8, 10, 10, 10, 10, 10, 10, 10, 10, 10, 1, 2, 10, 3, 2, 
45: 10, 10, 0, 10, 7, 0, 10, 10, 10, 10, 2, 1, 10, 2, 10, 0, 2, 0, 0, 0, 0, 10, 10, 10, 10, 0, 0, 10, 10, 10, 0, 3, 0, 0, 1, 0, 10, 0, 4, 10, 0, 10, 10, 10, 10, 10, 0, 0, 10, 0, 10, 0, 0, 10, 4, 0, 10, 0, 10, 0, 10, 10, 1, 0, 0, 17, 0, 10, 10, 10, 1, 10, 0, 10, 4, 0, 10, 0, 0, 10, 0, 10, 0, 2, 0, 10, 10, 0, 0, 0, 0, 0, 10, 0, 0, 10, 3, 10, 10, 0, 0, 10, 10, 10, 0, 10, 0, 10, 3, 10, 10, 10, 0, 10, 0, 0, 0, 6, 10, 10, 10, 0, 10, 0, 0, 0, 2, 10, 0, 10, 10, 0, 0, 10, 10, 10, 0, 4, 10, 1, 10, 0, 10, 10, 10, 7, 2, 10, 10, 10, 10, 10, 0, 0, 0, 10, 10, 10, 10, 10, 0, 1, 10, 0, 0, 10, 0, 0, 2, 10, 0, 1, 2, 0, 1, 0, 0, 1, 0, 0, 0, 0, 0, 10, 10, 0, 0, 4, 0, 10, 10, 10, 0, 10, 2, 0, 0, 0, 10, 0, : 10, 10, 10, 7, 10, 10, 10, 10, 2, 1, 10, 2, 10, 2, 10, 10, 10, 10, 10, 10, 10, 3, 1, 10, 4, 10, 10, 10, 10, 10, 10, 10, 10, 10, 4, 10, 10, 10, 10, 1, 17, 10, 10, 10, 1, 10, 10, 4, 10, 10, 10, 2, 10, 10, 10, 10, 3, 10, 10, 10, 10, 10, 10, 10, 3, 10, 10, 10, 10, 6, 10, 10, 10, 10, 2, 10, 10, 10, 10, 10, 10, 4, 10, 1, 10, 10, 10, 10, 7, 2, 10, 10, 10, 10, 10, 10, 10, 10, 10, 10, 1, 10, 10, 2, 10, 1, 2, 1, 1, 10, 10, 4, 10, 10, 10, 10, 2, 10, 
94: 0, 10, 0, 1, 0, 1, 10, 10, 0, 1, 10, 4, 0, 0, 0, 0, 10, 0, 10, 0, 0, 0, 10, 10, 10, 10, 10, 0, 10, 10, 10, 0, 10, 10, 0, 3, 0, 0, 10, 0, 10, 0, 2, 0, 1, 0, 2, 0, 0, 2, 0, 0, 10, 10, 0, 10, 10, 10, 0, 0, 10, 2, 10, 10, 10, 10, 0, 0, 0, 10, 10, 0, 10, 0, 10, 0, 0, 10, 3, 0, 16, 10, 10, 0, 10, 0, 0, 10, 0, 0, 0, 0, 15, 10, 10, 10, 10, 0, 0, 0, 0, 10, 0, 0, 10, 10, 10, 10, 0, 0, 0, 1, 10, 3, 0, 0, 1, 10, 0, 0, 0, 0, 0, 0, 0, 10, 10, 0, 1, 0, 0, 1, 0, 0, 10, 5, 10, 10, 10, 10, 10, 10, 10, 2, 10, 0, 1, 10, 0, 10, 10, 4, 10, 10, 13, 10, 10, 0, 10, 0, 10, 0, 0, 10, 0, 10, 4, 0, 10, 10, 0, 10, 0, 10, 10, 7, 10, 0, 0, 10, 0, 10, 0, 10, 10, 7, 5, 0, 10, 0, 0, 0, 10, 10, 0, 10, 10, 0, 0, 10, : 10, 1, 1, 10, 10, 1, 10, 4, 10, 10, 10, 10, 10, 10, 10, 10, 10, 10, 10, 10, 3, 10, 10, 2, 1, 2, 2, 10, 10, 10, 10, 10, 10, 2, 10, 10, 10, 10, 10, 10, 10, 10, 10, 3, 16, 10, 10, 10, 10, 15, 10, 10, 10, 10, 10, 10, 10, 10, 10, 1, 10, 3, 1, 10, 10, 10, 1, 1, 10, 5, 10, 10, 10, 10, 10, 10, 10, 2, 10, 1, 10, 10, 10, 4, 10, 10, 13, 10, 10, 10, 10, 10, 10, 4, 10, 10, 10, 10, 10, 7, 10, 10, 10, 10, 10, 7, 5, 10, 10, 10, 10, 10, 10, 
59: 10, 10, 10, 0, 0, 0, 0, 0, 0, 0, 0, 0, 10, 10, 0, 10, 10, 0, 10, 10, 0, 10, 10, 10, 0, 10, 8, 10, 0, 2, 0, 10, 0, 3, 10, 2, 10, 0, 10, 10, 2, 0, 10, 1, 10, 10, 0, 10, 10, 10, 10, 0, 0, 0, 0, 0, 10, 0, 0, 0, 0, 0, 10, 0, 10, 0, 0, 1, 0, 10, 0, 0, 0, 10, 10, 10, 10, 0, 10, 10, 10, 10, 0, 10, 0, 0, 0, 1, 10, 10, 10, 10, 0, 1, 0, 2, 10, 0, 0, 0, 10, 2, 0, 10, 0, 10, 10, 0, 10, 1, 0, 10, 2, 0, 0, 10, 10, 0, 0, 10, 0, 0, 10, 0, 0, 10, 2, 10, 10, 2, 10, 10, 10, 10, 10, 10, 0, 0, 0, 1, 10, 10, 1, 0, 0, 0, 0, 10, 10, 10, 0, 10, 0, 10, 0, 0, 5, 10, 0, 10, 0, 10, 10, 10, 10, 0, 10, 0, 10, 0, 10, 10, 0, 2, 1, 10, 10, 1, 10, 10, 0, 3, 0, 0, 10, 10, 0, 0, 0, 3, 0, 0, 4, 10, 0, 0, 10, 10, 0, 0, : 10, 10, 10, 10, 10, 10, 10, 10, 10, 10, 10, 10, 10, 8, 10, 2, 10, 3, 10, 2, 10, 10, 10, 2, 10, 1, 10, 10, 10, 10, 10, 10, 10, 10, 10, 1, 10, 10, 10, 10, 10, 10, 10, 10, 10, 10, 1, 10, 10, 10, 10, 1, 2, 10, 10, 2, 10, 10, 10, 10, 1, 10, 2, 10, 10, 10, 10, 10, 2, 10, 10, 2, 10, 10, 10, 10, 10, 10, 1, 10, 10, 1, 10, 10, 10, 10, 10, 5, 10, 10, 10, 10, 10, 10, 10, 10, 10, 10, 2, 1, 10, 10, 1, 10, 10, 3, 10, 10, 3, 4, 10, 10, 10, 
52: 10, 10, 2, 3, 0, 0, 5, 10, 0, 0, 10, 10, 0, 10, 0, 10, 0, 4, 1, 0, 0, 10, 10, 1, 0, 10, 10, 10, 1, 0, 10, 0, 10, 0, 10, 10, 0, 10, 0, 1, 10, 10, 0, 0, 10, 0, 10, 0, 10, 0, 0, 10, 0, 10, 0, 0, 0, 0, 10, 0, 0, 10, 0, 0, 10, 0, 0, 0, 0, 1, 0, 0, 0, 10, 10, 0, 0, 3, 10, 1, 10, 0, 10, 0, 0, 10, 10, 10, 0, 10, 0, 4, 10, 10, 1, 0, 0, 0, 0, 0, 0, 10, 10, 1, 0, 0, 10, 10, 0, 0, 0, 10, 10, 0, 10, 10, 10, 0, 10, 0, 10, 10, 10, 0, 0, 0, 10, 0, 0, 10, 10, 0, 0, 0, 10, 10, 10, 0, 0, 10, 10, 10, 10, 10, 0, 10, 0, 0, 3, 10, 7, 0, 0, 0, 0, 0, 0, 10, 0, 0, 0, 0, 10, 1, 5, 0, 1, 10, 0, 0, 10, 2, 0, 0, 0, 10, 10, 1, 0, 0, 3, 10, 0, 0, 0, 1, 0, 0, 0, 0, 0, 10, 3, 0, 2, 0, 10, 0, 0, 10, : 10, 10, 2, 3, 5, 10, 10, 10, 10, 10, 4, 1, 10, 10, 1, 10, 10, 10, 1, 10, 10, 10, 10, 10, 1, 10, 10, 10, 10, 10, 10, 10, 10, 10, 10, 1, 10, 10, 3, 10, 1, 10, 10, 10, 10, 10, 10, 4, 10, 10, 1, 10, 10, 1, 10, 10, 10, 10, 10, 10, 10, 10, 10, 10, 10, 10, 10, 10, 10, 10, 10, 10, 10, 10, 10, 10, 10, 3, 10, 7, 10, 10, 1, 5, 1, 10, 10, 2, 10, 10, 1, 3, 10, 1, 10, 3, 2, 10, 10, 


