
80
800
405
10

468: 10, 10, 0, 10, 0, 10, 0, 10, 10, 10, 0, 0, 10, 10, 0, 10, 10, 0, 0, 0, 0, 0, 0, 0, 1, 10, 10, 0, 1, 0, 0, 10, 10, 10, 0, 0, 10, 10, 10, 0, 10, 0, 0, 10, 10, 10, 10, 10, 10, 0, 0, 0, 0, 1, 0, 0, 10, 0, 10, 10, 10, 10, 0, 0, 0, 10, 0, 5, 0, 10, 10, 10, 10, 10, 0, 10, 10, 0, 0, 10, : 10, 10, 10, 10, 10, 10, 10, 10, 10, 10, 10, 1, 10, 10, 1, 10, 10, 10, 10, 10, 10, 10, 10, 10, 10, 10, 10, 10, 1, 10, 10, 10, 10, 10, 10, 5, 10, 10, 10, 10, 10, 10, 10, 10, 
294: 0, 10, 0, 1, 10, 10, 0, 0, 0, 10, 0, 0, 10, 0, 0, 10, 10, 10, 0, 10, 10, 10, 10, 10, 0, 10, 10, 10, 0, 0, 0, 0, 10, 0, 7, 3, 10, 0, 0, 0, 10, 10, 0, 10, 10, 0, 10, 0, 0, 10, 10, 10, 10, 10, 10, 10, 10, 10, 0, 10, 0, 10, 0, 0, 0, 0, 10, 0, 10, 0, 0, 0, 10, 10, 10, 10, 10, 10, 0, 0, : 10, 1, 10, 10, 10, 10, 10, 10, 10, 10, 10, 10, 10, 10, 10, 10, 10, 10, 7, 3, 10, 10, 10, 10, 10, 10, 10, 10, 10, 10, 10, 10, 10, 10, 10, 10, 10, 10, 10, 10, 10, 10, 10, 10, 10, 
93: 0, 10, 0, 0, 10, 10, 10, 0, 0, 0, 0, 0, 0, 10, 10, 0, 10, 10, 0, 10, 0, 10, 0, 10, 10, 0, 10, 0, 0, 10, 10, 0, 10, 10, 0, 0, 10, 0, 0, 10, 10, 0, 10, 0, 0, 10, 0, 0, 0, 0, 10, 0, 0, 0, 0, 10, 0, 0, 10, 10, 10, 0, 10, 10, 10, 0, 0, 0, 1, 10, 10, 10, 10, 10, 0, 0, 10, 10, 10, 10, : 10, 10, 10, 10, 10, 10, 10, 10, 10, 10, 10, 10, 10, 10, 10, 10, 10, 10, 10, 10, 10, 10, 10, 10, 10, 10, 10, 10, 10, 10, 1, 10, 10, 10, 10, 10, 10, 10, 10, 10, 
205: 10, 0, 0, 0, 10, 10, 10, 10, 0, 0, 10, 0, 10, 10, 0, 10, 10, 10, 0, 0, 10, 10, 10, 2, 10, 0, 10, 0, 0, 0, 10, 10, 0, 10, 10, 0, 0, 0, 0, 0, 0, 2, 10, 10, 1, 1, 1, 0, 0, 10, 10, 0, 0, 10, 0, 10, 10, 8, 10, 10, 10, 10, 0, 10, 10, 0, 10, 10, 0, 4, 10, 10, 10, 0, 0, 10, 0, 0, 10, 10, : 10, 10, 10, 10, 10, 10, 10, 10, 10, 10, 10, 10, 10, 10, 2, 10, 10, 10, 10, 10, 10, 2, 10, 10, 1, 1, 1, 10, 10, 10, 10, 10, 8, 10, 10, 10, 10, 10, 10, 10, 10, 4, 10, 10, 10, 10, 10, 10, 
160: 10, 0, 10, 10, 0, 0, 10, 10, 0, 10, 0, 10, 10, 0, 10, 0, 0, 0, 10, 0, 10, 10, 10, 0, 0, 10, 10, 10, 0, 10, 10, 10, 0, 10, 0, 0, 10, 0, 10, 0, 0, 10, 0, 0, 10, 0, 0, 2, 10, 10, 0, 0, 5, 2, 0, 0, 10, 0, 0, 0, 0, 0, 10, 12, 10, 0, 10, 10, 10, 0, 0, 10, 0, 10, 10, 0, 10, 0, 16, 0, : 10, 10, 10, 10, 10, 10, 10, 10, 10, 10, 10, 10, 10, 10, 10, 10, 10, 10, 10, 10, 10, 10, 10, 10, 2, 10, 10, 5, 2, 10, 10, 12, 10, 10, 10, 10, 10, 10, 10, 10, 16, 
779: 10, 0, 10, 0, 0, 4, 10, 10, 0, 10, 0, 10, 10, 10, 0, 10, 10, 0, 10, 3, 0, 10, 0, 0, 0, 10, 0, 0, 0, 0, 0, 0, 10, 10, 10, 0, 10, 10, 10, 10, 4, 10, 10, 10, 10, 10, 10, 0, 0, 0, 0, 10, 0, 0, 10, 1, 0, 10, 0, 0, 10, 0, 10, 10, 10, 0, 10, 0, 10, 10, 0, 0, 0, 10, 0, 10, 0, 0, 0, 10, : 10, 10, 4, 10, 10, 10, 10, 10, 10, 10, 10, 10, 3, 10, 10, 10, 10, 10, 10, 10, 10, 10, 4, 10, 10, 10, 10, 10, 10, 10, 10, 1, 10, 10, 10, 10, 10, 10, 10, 10, 10, 10, 10, 
364: 0, 10, 10, 10, 0, 0, 0, 0, 0, 0, 0, 10, 10, 0, 10, 0, 0, 10, 0, 0, 10, 10, 0, 0, 10, 17, 10, 0, 10, 10, 0, 0, 0, 10, 10, 1, 0, 10, 10, 10, 0, 0, 10, 10, 10, 10, 10, 0, 10, 0, 10, 10, 0, 4, 0, 10, 0, 10, 0, 0, 10, 10, 10, 0, 0, 0, 10, 0, 10, 10, 0, 0, 0, 0, 10, 0, 10, 0, 0, 0, : 10, 10, 10, 10, 10, 10, 10, 10, 10, 10, 17, 10, 10, 10, 10, 10, 1, 10, 10, 10, 10, 10, 10, 10, 10, 10, 10, 10, 4, 10, 10, 10, 10, 10, 10, 10, 10, 10, 10, 
533: 0, 0, 0, 0, 10, 10, 10, 10, 10, 0, 0, 10, 10, 10, 0, 10, 10, 10, 0, 0, 0, 10, 10, 0, 10, 0, 10, 10, 0, 10, 0, 0, 0, 0, 0, 0, 0, 10, 10, 0, 0, 10, 10, 0, 1, 10, 10, 0, 0, 0, 10, 0, 10, 10, 14, 10, 0, 0, 10, 10, 10, 2, 10, 1, 0, 0, 10, 10, 10, 0, 0, 0, 10, 10, 0, 10, 10, 0, 10, 0, : 10, 10, 10, 10, 10, 10, 10, 10, 10, 10, 10, 10, 10, 10, 10, 10, 10, 10, 10, 10, 10, 1, 10, 10, 10, 10, 10, 14, 10, 10, 10, 10, 2, 10, 1, 10, 10, 10, 10, 10, 10, 10, 10, 
728: 0, 0, 0, 10, 0, 10, 10, 10, 10, 0, 0, 10, 0, 10, 0, 0, 10, 10, 0, 10, 10, 0, 0, 0, 10, 10, 0, 10, 0, 0, 0, 0, 10, 3, 0, 0, 10, 0, 0, 10, 10, 10, 0, 10, 0, 0, 6, 0, 0, 0, 10, 10, 10, 0, 10, 10, 0, 10, 0, 12, 10, 10, 0, 10, 0, 10, 10, 0, 0, 10, 10, 10, 10, 1, 10, 0, 10, 0, 10, 10, : 10, 10, 10, 10, 10, 10, 10, 10, 10, 10, 10, 10, 10, 10, 10, 3, 10, 10, 10, 10, 10, 6, 10, 10, 10, 10, 10, 10, 12, 10, 10, 10, 10, 10, 10, 10, 10, 10, 1, 10, 10, 10, 10, 
69: 0, 4, 0, 10, 0, 0, 0, 10, 10, 10, 10, 10, 10, 0, 0, 1, 10, 10, 3, 0, 0, 10, 0, 10, 10, 4, 10, 0, 10, 10, 10, 10, 2, 10, 0, 0, 0, 0, 10, 10, 10, 0, 0, 1, 0, 0, 0, 10, 10, 0, 10, 10, 0, 0, 10, 10, 10, 0, 10, 0, 0, 10, 2, 10, 0, 0, 10, 10, 0, 10, 0, 10, 10, 10, 0, 0, 0, 3, 0, 0, : 4, 10, 10, 10, 10, 10, 10, 10, 1, 10, 10, 3, 10, 10, 10, 4, 10, 10, 10, 10, 10, 2, 10, 10, 10, 10, 1, 10, 10, 10, 10, 10, 10, 10, 10, 10, 2, 10, 10, 10, 10, 10, 10, 10, 3, 
536: 0, 10, 10, 0, 10, 0, 0, 10, 10, 0, 10, 10, 3, 0, 10, 0, 0, 10, 0, 0, 0, 10, 0, 10, 0, 0, 10, 10, 0, 10, 0, 10, 10, 10, 0, 10, 1, 0, 0, 0, 10, 10, 0, 10, 0, 0, 0, 0, 10, 10, 10, 10, 10, 10, 0, 0, 0, 10, 0, 0, 0, 0, 0, 0, 10, 10, 0, 0, 10, 0, 0, 0, 0, 10, 10, 0, 0, 10, 0, 10, : 10, 10, 10, 10, 10, 10, 10, 3, 10, 10, 10, 10, 10, 10, 10, 10, 10, 10, 10, 1, 10, 10, 10, 10, 10, 10, 10, 10, 10, 10, 10, 10, 10, 10, 10, 10, 10, 
99: 0, 0, 0, 10, 10, 10, 10, 0, 0, 10, 0, 0, 10, 10, 0, 10, 0, 10, 10, 10, 10, 10, 0, 0, 5, 0, 0, 2, 0, 7, 10, 10, 10, 1, 10, 0, 0, 10, 0, 0, 10, 0, 10, 0, 10, 10, 10, 10, 10, 0, 10, 0, 10, 0, 10, 0, 0, 10, 0, 10, 10, 5, 10, 10, 10, 0, 10, 10, 10, 10, 0, 10, 10, 10, 10, 0, 10, 10, 1, 0, : 10, 10, 10, 10, 10, 10, 10, 10, 10, 10, 10, 10, 10, 5, 2, 7, 10, 10, 10, 1, 10, 10, 10, 10, 10, 10, 10, 10, 10, 10, 10, 10, 10, 10, 10, 5, 10, 10, 10, 10, 10, 10, 10, 10, 10, 10, 10, 10, 10, 1, 
693: 10, 0, 0, 4, 0, 3, 0, 0, 10, 0, 10, 10, 0, 0, 0, 10, 10, 0, 0, 0, 10, 0, 10, 20, 10, 0, 0, 0, 10, 10, 0, 0, 0, 10, 0, 10, 0, 10, 1, 0, 10, 0, 0, 17, 0, 0, 10, 10, 0, 0, 0, 0, 0, 10, 0, 0, 10, 10, 10, 10, 0, 0, 10, 1, 10, 10, 0, 0, 0, 0, 0, 0, 0, 0, 0, 0, 0, 0, 0, 10, : 10, 4, 3, 10, 10, 10, 10, 10, 10, 10, 20, 10, 10, 10, 10, 10, 10, 1, 10, 17, 10, 10, 10, 10, 10, 10, 10, 10, 1, 10, 10, 10, 
680: 0, 0, 0, 0, 10, 10, 0, 10, 0, 0, 10, 10, 10, 10, 0, 10, 0, 20, 0, 10, 10, 0, 0, 2, 10, 0, 10, 10, 0, 10, 10, 0, 0, 0, 0, 0, 0, 0, 10, 13, 10, 0, 10, 0, 0, 0, 10, 10, 0, 10, 0, 0, 10, 0, 0, 0, 0, 0, 10, 0, 1, 0, 10, 20, 10, 0, 10, 0, 10, 1, 3, 10, 10, 10, 10, 0, 10, 10, 0, 0, : 10, 10, 10, 10, 10, 10, 10, 10, 20, 10, 10, 2, 10, 10, 10, 10, 10, 10, 13, 10, 10, 10, 10, 10, 10, 10, 1, 10, 20, 10, 10, 10, 1, 3, 10, 10, 10, 10, 10, 10, 
704: 10, 10, 0, 10, 10, 10, 10, 10, 2, 10, 0, 0, 0, 10, 0, 0, 10, 10, 0, 0, 10, 10, 0, 0, 0, 10, 1, 0, 10, 0, 0, 0, 10, 10, 10, 10, 10, 0, 0, 0, 0, 0, 0, 10, 0, 10, 0, 0, 0, 0, 10, 10, 10, 10, 0, 10, 10, 0, 10, 0, 10, 0, 1, 10, 0, 0, 0, 0, 10, 0, 10, 0, 4, 10, 0, 0, 0, 17, 0, 10, : 10, 10, 10, 10, 10, 10, 10, 2, 10, 10, 10, 10, 10, 10, 10, 1, 10, 10, 10, 10, 10, 10, 10, 10, 10, 10, 10, 10, 10, 10, 10, 10, 1, 10, 10, 10, 4, 10, 17, 10, 
121: 0, 0, 10, 10, 0, 0, 0, 0, 10, 10, 10, 0, 10, 0, 10, 0, 0, 0, 10, 10, 0, 2, 0, 10, 0, 0, 10, 10, 10, 10, 0, 10, 10, 10, 10, 0, 0, 10, 10, 0, 0, 10, 10, 0, 17, 10, 0, 10, 10, 10, 4, 0, 10, 10, 10, 2, 10, 0, 0, 0, 0, 10, 10, 10, 0, 0, 0, 0, 6, 0, 10, 0, 0, 10, 10, 10, 0, 10, 10, 10, : 10, 10, 10, 10, 10, 10, 10, 10, 10, 2, 10, 10, 10, 10, 10, 10, 10, 10, 10, 10, 10, 10, 10, 17, 10, 10, 10, 10, 4, 10, 10, 10, 2, 10, 10, 10, 10, 6, 10, 10, 10, 10, 10, 10, 10, 
326: 0, 10, 0, 10, 0, 10, 0, 0, 10, 0, 10, 0, 0, 10, 0, 10, 10, 0, 10, 10, 10, 10, 0, 0, 0, 10, 0, 10, 0, 0, 10, 10, 10, 10, 10, 10, 10, 0, 0, 10, 10, 0, 10, 10, 10, 0, 0, 10, 10, 10, 0, 10, 10, 0, 0, 10, 0, 0, 10, 10, 0, 0, 10, 0, 10, 0, 1, 0, 0, 0, 0, 0, 0, 0, 10, 10, 10, 10, 0, 10, : 10, 10, 10, 10, 10, 10, 10, 10, 10, 10, 10, 10, 10, 10, 10, 10, 10, 10, 10, 10, 10, 10, 10, 10, 10, 10, 10, 10, 10, 10, 10, 10, 10, 10, 10, 10, 1, 10, 10, 10, 10, 10, 
315: 0, 0, 10, 0, 0, 10, 10, 10, 0, 0, 0, 10, 10, 0, 10, 10, 0, 0, 0, 0, 10, 0, 10, 10, 0, 10, 0, 0, 3, 0, 16, 12, 2, 0, 0, 10, 0, 10, 10, 10, 10, 10, 0, 10, 0, 0, 0, 10, 10, 10, 0, 0, 10, 0, 0, 10, 10, 0, 0, 0, 10, 10, 0, 0, 0, 10, 10, 10, 10, 10, 0, 0, 0, 10, 0, 10, 0, 0, 10, 0, : 10, 10, 10, 10, 10, 10, 10, 10, 10, 10, 10, 10, 3, 16, 12, 2, 10, 10, 10, 10, 10, 10, 10, 10, 10, 10, 10, 10, 10, 10, 10, 10, 10, 10, 10, 10, 10, 10, 10, 
63: 0, 0, 10, 0, 0, 10, 10, 0, 10, 0, 10, 0, 10, 10, 10, 0, 10, 10, 0, 10, 10, 10, 10, 0, 0, 0, 0, 0, 10, 0, 0, 0, 0, 0, 0, 10, 0, 10, 18, 10, 10, 10, 0, 10, 10, 10, 10, 10, 0, 10, 0, 0, 10, 0, 10, 0, 10, 10, 10, 10, 0, 0, 10, 0, 10, 0, 10, 0, 0, 0, 10, 0, 10, 0, 0, 10, 10, 10, 10, 0, : 10, 10, 10, 10, 10, 10, 10, 10, 10, 10, 10, 10, 10, 10, 10, 10, 10, 18, 10, 10, 10, 10, 10, 10, 10, 10, 10, 10, 10, 10, 10, 10, 10, 10, 10, 10, 10, 10, 10, 10, 10, 10, 
372: 0, 10, 10, 0, 10, 10, 0, 10, 10, 10, 0, 0, 0, 4, 0, 2, 10, 0, 10, 10, 0, 0, 10, 10, 10, 10, 10, 0, 10, 10, 10, 10, 0, 0, 1, 0, 10, 10, 10, 10, 0, 20, 10, 10, 10, 0, 10, 0, 10, 10, 0, 10, 17, 0, 0, 0, 10, 10, 0, 10, 10, 10, 0, 10, 0, 0, 10, 10, 10, 10, 10, 0, 10, 10, 10, 0, 10, 0, 10, 10, : 10, 10, 10, 10, 10, 10, 10, 4, 2, 10, 10, 10, 10, 10, 10, 10, 10, 10, 10, 10, 10, 1, 10, 10, 10, 10, 20, 10, 10, 10, 10, 10, 10, 10, 17, 10, 10, 10, 10, 10, 10, 10, 10, 10, 10, 10, 10, 10, 10, 10, 10, 10, 
473: 10, 10, 0, 10, 10, 10, 0, 0, 0, 14, 10, 10, 0, 10, 1, 0, 10, 0, 10, 0, 0, 10, 0, 0, 0, 10, 10, 10, 0, 0, 0, 0, 0, 0, 0, 10, 0, 0, 10, 19, 10, 0, 0, 0, 0, 10, 0, 10, 10, 0, 10, 10, 0, 10, 10, 0, 10, 0, 10, 10, 10, 10, 10, 0, 10, 10, 10, 0, 10, 0, 10, 0, 10, 0, 0, 10, 10, 10, 10, 10, : 10, 10, 10, 10, 10, 14, 10, 10, 10, 1, 10, 10, 10, 10, 10, 10, 10, 10, 19, 10, 10, 10, 10, 10, 10, 10, 10, 10, 10, 10, 10, 10, 10, 10, 10, 10, 10, 10, 10, 10, 10, 10, 10, 10, 
346: 0, 0, 0, 0, 0, 10, 0, 0, 0, 0, 0, 10, 0, 10, 10, 10, 10, 10, 10, 10, 10, 10, 0, 10, 0, 0, 0, 0, 10, 0, 10, 0, 10, 0, 0, 0, 0, 0, 10, 10, 0, 0, 0, 0, 10, 10, 10, 0, 10, 10, 0, 0, 10, 10, 10, 10, 0, 0, 10, 0, 19, 10, 10, 0, 10, 10, 10, 10, 0, 10, 7, 0, 10, 0, 0, 10, 0, 10, 0, 10, : 10, 10, 10, 10, 10, 10, 10, 10, 10, 10, 10, 10, 10, 10, 10, 10, 10, 10, 10, 10, 10, 10, 10, 10, 10, 10, 10, 19, 10, 10, 10, 10, 10, 10, 10, 7, 10, 10, 10, 10, 
239: 10, 10, 10, 0, 10, 10, 0, 0, 10, 10, 0, 0, 10, 10, 10, 10, 0, 0, 10, 1, 10, 0, 0, 0, 0, 10, 0, 0, 4, 0, 0, 0, 10, 10, 0, 10, 0, 0, 0, 10, 0, 10, 0, 0, 10, 10, 0, 10, 10, 0, 0, 10, 0, 10, 0, 0, 0, 10, 0, 0, 0, 0, 10, 10, 0, 10, 10, 0, 0, 10, 10, 10, 0, 0, 0, 10, 10, 10, 10, 0, : 10, 10, 10, 10, 10, 10, 10, 10, 10, 10, 10, 10, 1, 10, 10, 4, 10, 10, 10, 10, 10, 10, 10, 10, 10, 10, 10, 10, 10, 10, 10, 10, 10, 10, 10, 10, 10, 10, 10, 
517: 2, 10, 0, 10, 10, 0, 10, 0, 10, 0, 10, 10, 0, 0, 0, 0, 0, 0, 0, 0, 10, 10, 10, 10, 0, 10, 0, 10, 10, 10, 10, 10, 1, 0, 10, 10, 0, 10, 0, 0, 0, 10, 10, 0, 10, 10, 10, 10, 10, 0, 0, 10, 0, 0, 0, 10, 10, 0, 0, 0, 0, 0, 0, 10, 10, 0, 0, 10, 10, 0, 10, 10, 10, 0, 10, 0, 10, 10, 0, 18, : 2, 10, 10, 10, 10, 10, 10, 10, 10, 10, 10, 10, 10, 10, 10, 10, 10, 10, 1, 10, 10, 10, 10, 10, 10, 10, 10, 10, 10, 10, 10, 10, 10, 10, 10, 10, 10, 10, 10, 10, 10, 10, 18, 
730: 0, 0, 10, 13, 10, 0, 10, 10, 10, 10, 0, 0, 0, 0, 0, 0, 0, 10, 3, 0, 0, 0, 10, 0, 10, 10, 10, 0, 10, 0, 0, 10, 0, 10, 0, 0, 10, 0, 0, 0, 10, 10, 0, 0, 1, 10, 10, 10, 10, 0, 10, 10, 0, 10, 10, 10, 10, 10, 10, 10, 10, 10, 0, 0, 10, 0, 10, 10, 0, 10, 0, 0, 0, 10, 10, 10, 0, 1, 10, 0, : 10, 13, 10, 10, 10, 10, 10, 10, 3, 10, 10, 10, 10, 10, 10, 10, 10, 10, 10, 1, 10, 10, 10, 10, 10, 10, 10, 10, 10, 10, 10, 10, 10, 10, 10, 10, 10, 10, 10, 10, 10, 10, 1, 10, 
589: 0, 0, 10, 10, 0, 0, 0, 10, 0, 10, 10, 0, 0, 0, 10, 10, 10, 0, 0, 10, 10, 0, 0, 0, 10, 10, 0, 10, 10, 2, 0, 10, 19, 0, 0, 10, 10, 0, 10, 10, 10, 10, 2, 0, 10, 0, 10, 0, 0, 10, 0, 10, 0, 0, 0, 0, 10, 10, 10, 10, 10, 0, 0, 10, 10, 10, 0, 10, 0, 10, 10, 0, 10, 0, 10, 10, 0, 10, 10, 0, : 10, 10, 10, 10, 10, 10, 10, 10, 10, 10, 10, 10, 10, 10, 2, 10, 19, 10, 10, 10, 10, 10, 10, 2, 10, 10, 10, 10, 10, 10, 10, 10, 10, 10, 10, 10, 10, 10, 10, 10, 10, 10, 10, 10, 
262: 10, 10, 10, 10, 0, 0, 0, 0, 10, 0, 10, 0, 0, 0, 10, 10, 0, 10, 0, 10, 0, 10, 10, 10, 10, 0, 0, 0, 10, 0, 0, 0, 10, 0, 0, 0, 0, 0, 0, 10, 10, 10, 0, 10, 0, 0, 0, 0, 0, 8, 10, 0, 0, 10, 0, 10, 10, 0, 10, 10, 0, 10, 0, 0, 10, 0, 0, 10, 0, 0, 1, 10, 0, 0, 0, 10, 0, 0, 0, 0, : 10, 10, 10, 10, 10, 10, 10, 10, 10, 10, 10, 10, 10, 10, 10, 10, 10, 10, 10, 10, 8, 10, 10, 10, 10, 10, 10, 10, 10, 10, 1, 10, 10, 
211: 10, 10, 0, 10, 0, 0, 10, 0, 0, 10, 10, 4, 10, 10, 10, 0, 10, 0, 10, 10, 0, 0, 10, 0, 10, 0, 10, 10, 10, 0, 10, 10, 10, 0, 0, 0, 10, 10, 0, 0, 0, 0, 10, 10, 10, 10, 10, 0, 10, 10, 10, 9, 10, 10, 10, 10, 0, 0, 10, 0, 10, 10, 10, 10, 0, 9, 10, 0, 10, 10, 10, 0, 10, 0, 0, 10, 10, 10, 10, 0, : 10, 10, 10, 10, 10, 10, 4, 10, 10, 10, 10, 10, 10, 10, 10, 10, 10, 10, 10, 10, 10, 10, 10, 10, 10, 10, 10, 10, 10, 10, 10, 9, 10, 10, 10, 10, 10, 10, 10, 10, 10, 9, 10, 10, 10, 10, 10, 10, 10, 10, 10, 
698: 10, 0, 10, 10, 0, 1, 0, 10, 0, 0, 10, 0, 0, 10, 0, 10, 10, 0, 0, 10, 0, 1, 1, 10, 10, 0, 0, 0, 10, 0, 0, 18, 0, 10, 10, 0, 10, 10, 0, 10, 10, 10, 10, 10, 0, 10, 10, 10, 10, 10, 0, 10, 10, 10, 0, 10, 10, 10, 10, 10, 0, 10, 0, 0, 0, 10, 0, 0, 10, 10, 10, 10, 10, 10, 0, 0, 10, 5, 10, 10, : 10, 10, 10, 1, 10, 10, 10, 10, 10, 10, 1, 1, 10, 10, 10, 18, 10, 10, 10, 10, 10, 10, 10, 10, 10, 10, 10, 10, 10, 10, 10, 10, 10, 10, 10, 10, 10, 10, 10, 10, 10, 10, 10, 10, 10, 10, 10, 5, 10, 10, 
623: 0, 10, 10, 10, 10, 0, 10, 10, 10, 10, 10, 0, 10, 10, 0, 10, 0, 10, 0, 0, 0, 0, 0, 10, 0, 10, 10, 10, 10, 10, 10, 10, 0, 0, 0, 0, 0, 10, 10, 3, 0, 0, 0, 10, 10, 10, 0, 0, 10, 7, 0, 0, 0, 0, 10, 10, 0, 0, 0, 10, 10, 10, 0, 0, 3, 10, 0, 10, 10, 0, 10, 10, 10, 0, 10, 0, 10, 10, 0, 0, : 10, 10, 10, 10, 10, 10, 10, 10, 10, 10, 10, 10, 10, 10, 10, 10, 10, 10, 10, 10, 10, 10, 10, 3, 10, 10, 10, 10, 7, 10, 10, 10, 10, 10, 3, 10, 10, 10, 10, 10, 10, 10, 10, 10, 
662: 0, 0, 10, 10, 10, 0, 0, 10, 0, 0, 10, 0, 0, 10, 0, 10, 10, 0, 0, 0, 0, 0, 10, 10, 10, 0, 0, 20, 10, 10, 0, 10, 0, 10, 0, 0, 10, 0, 3, 10, 10, 10, 10, 10, 10, 0, 10, 0, 0, 0, 0, 10, 0, 12, 0, 0, 0, 0, 10, 0, 0, 1, 10, 10, 10, 0, 10, 0, 0, 0, 10, 10, 2, 0, 0, 0, 0, 0, 0, 0, : 10, 10, 10, 10, 10, 10, 10, 10, 10, 10, 10, 20, 10, 10, 10, 10, 10, 3, 10, 10, 10, 10, 10, 10, 10, 10, 12, 10, 1, 10, 10, 10, 10, 10, 10, 2, 
660: 10, 10, 10, 0, 10, 10, 10, 10, 0, 0, 0, 0, 0, 10, 0, 0, 10, 0, 10, 10, 0, 0, 17, 10, 0, 10, 10, 0, 10, 10, 0, 0, 0, 10, 0, 10, 10, 0, 0, 0, 10, 10, 0, 0, 10, 10, 10, 10, 10, 10, 0, 10, 10, 0, 0, 0, 10, 10, 1, 0, 10, 10, 10, 0, 0, 0, 0, 10, 0, 10, 10, 0, 0, 10, 0, 10, 0, 10, 2, 2, : 10, 10, 10, 10, 10, 10, 10, 10, 10, 10, 10, 17, 10, 10, 10, 10, 10, 10, 10, 10, 10, 10, 10, 10, 10, 10, 10, 10, 10, 10, 10, 10, 1, 10, 10, 10, 10, 10, 10, 10, 10, 10, 2, 2, 
241: 10, 0, 10, 0, 10, 0, 0, 10, 0, 0, 10, 0, 10, 10, 0, 10, 10, 14, 10, 10, 10, 10, 10, 10, 10, 10, 0, 10, 0, 10, 0, 10, 0, 10, 10, 10, 0, 10, 10, 10, 0, 0, 10, 0, 0, 0, 10, 0, 0, 0, 10, 15, 10, 0, 0, 0, 0, 0, 0, 0, 0, 0, 0, 10, 0, 10, 10, 10, 0, 0, 0, 0, 7, 10, 0, 10, 10, 0, 10, 10, : 10, 10, 10, 10, 10, 10, 10, 10, 10, 14, 10, 10, 10, 10, 10, 10, 10, 10, 10, 10, 10, 10, 10, 10, 10, 10, 10, 10, 10, 10, 15, 10, 10, 10, 10, 10, 7, 10, 10, 10, 10, 10, 
106: 10, 0, 10, 10, 0, 0, 10, 0, 3, 10, 0, 10, 10, 10, 0, 10, 10, 10, 0, 0, 0, 10, 10, 10, 4, 0, 10, 0, 0, 0, 1, 0, 10, 10, 0, 0, 10, 10, 10, 0, 0, 1, 10, 10, 0, 10, 0, 0, 0, 0, 10, 10, 0, 10, 0, 0, 0, 10, 10, 10, 0, 10, 10, 0, 10, 10, 10, 10, 10, 0, 10, 10, 10, 10, 10, 0, 10, 0, 10, 10, : 10, 10, 10, 10, 3, 10, 10, 10, 10, 10, 10, 10, 10, 10, 10, 4, 10, 1, 10, 10, 10, 10, 10, 1, 10, 10, 10, 10, 10, 10, 10, 10, 10, 10, 10, 10, 10, 10, 10, 10, 10, 10, 10, 10, 10, 10, 10, 10, 
222: 10, 10, 5, 0, 0, 10, 10, 0, 0, 10, 0, 0, 10, 0, 10, 10, 0, 0, 10, 0, 0, 0, 10, 10, 0, 0, 2, 10, 0, 10, 10, 0, 10, 10, 0, 10, 10, 0, 10, 0, 0, 0, 10, 0, 0, 10, 10, 0, 0, 10, 0, 0, 9, 0, 0, 2, 10, 10, 10, 0, 0, 0, 0, 0, 10, 10, 0, 10, 0, 10, 0, 10, 0, 10, 10, 10, 10, 10, 0, 0, : 10, 10, 5, 10, 10, 10, 10, 10, 10, 10, 10, 10, 2, 10, 10, 10, 10, 10, 10, 10, 10, 10, 10, 10, 10, 9, 2, 10, 10, 10, 10, 10, 10, 10, 10, 10, 10, 10, 10, 10, 
216: 10, 10, 10, 10, 10, 10, 0, 10, 10, 0, 10, 0, 0, 0, 10, 0, 10, 0, 20, 0, 0, 10, 10, 0, 10, 0, 0, 10, 0, 0, 0, 0, 0, 10, 10, 0, 0, 10, 0, 0, 0, 10, 10, 0, 0, 10, 10, 0, 0, 0, 0, 10, 10, 0, 0, 10, 0, 10, 0, 10, 10, 0, 10, 10, 10, 10, 0, 10, 10, 0, 0, 10, 10, 10, 0, 10, 0, 10, 0, 10, : 10, 10, 10, 10, 10, 10, 10, 10, 10, 10, 10, 20, 10, 10, 10, 10, 10, 10, 10, 10, 10, 10, 10, 10, 10, 10, 10, 10, 10, 10, 10, 10, 10, 10, 10, 10, 10, 10, 10, 10, 10, 
602: 10, 0, 10, 10, 0, 10, 11, 10, 0, 10, 0, 10, 10, 0, 10, 10, 10, 0, 0, 10, 10, 0, 10, 0, 0, 0, 0, 0, 10, 10, 10, 0, 10, 0, 0, 0, 10, 0, 10, 10, 0, 10, 0, 10, 10, 0, 0, 10, 10, 10, 10, 10, 10, 10, 0, 5, 10, 10, 0, 0, 0, 0, 10, 10, 10, 10, 10, 0, 10, 10, 10, 0, 10, 0, 0, 1, 0, 10, 0, 10, : 10, 10, 10, 10, 11, 10, 10, 10, 10, 10, 10, 10, 10, 10, 10, 10, 10, 10, 10, 10, 10, 10, 10, 10, 10, 10, 10, 10, 10, 10, 10, 10, 5, 10, 10, 10, 10, 10, 10, 10, 10, 10, 10, 10, 1, 10, 10, 
313: 0, 0, 10, 10, 0, 10, 0, 0, 0, 5, 10, 10, 0, 0, 1, 10, 0, 10, 10, 0, 0, 10, 0, 0, 10, 0, 0, 0, 0, 10, 10, 1, 0, 0, 10, 3, 3, 0, 0, 0, 0, 0, 10, 10, 0, 14, 0, 10, 0, 10, 10, 0, 10, 0, 10, 0, 10, 0, 0, 0, 10, 10, 0, 10, 0, 0, 0, 0, 10, 0, 0, 0, 0, 10, 0, 0, 0, 10, 10, 0, : 10, 10, 10, 5, 10, 10, 1, 10, 10, 10, 10, 10, 10, 10, 1, 10, 3, 3, 10, 10, 14, 10, 10, 10, 10, 10, 10, 10, 10, 10, 10, 10, 10, 10, 
734: 10, 0, 0, 0, 0, 10, 0, 10, 0, 10, 0, 1, 10, 0, 0, 10, 0, 0, 10, 10, 0, 0, 0, 10, 10, 10, 0, 0, 10, 0, 10, 10, 0, 10, 0, 0, 10, 10, 0, 0, 10, 0, 0, 10, 0, 10, 0, 0, 0, 10, 10, 10, 0, 10, 10, 10, 0, 0, 10, 10, 0, 10, 0, 0, 0, 10, 0, 0, 0, 0, 5, 10, 0, 0, 0, 0, 0, 10, 0, 0, : 10, 10, 10, 10, 1, 10, 10, 10, 10, 10, 10, 10, 10, 10, 10, 10, 10, 10, 10, 10, 10, 10, 10, 10, 10, 10, 10, 10, 10, 10, 10, 5, 10, 10, 
295: 0, 10, 0, 10, 1, 0, 10, 10, 0, 0, 0, 10, 10, 10, 0, 2, 0, 0, 10, 0, 0, 0, 10, 10, 0, 10, 10, 10, 0, 0, 0, 0, 10, 10, 0, 10, 0, 10, 0, 0, 0, 10, 1, 0, 0, 0, 0, 0, 10, 0, 0, 0, 16, 10, 10, 0, 10, 10, 0, 0, 10, 10, 10, 10, 0, 10, 0, 0, 10, 10, 0, 10, 10, 10, 10, 10, 3, 1, 10, 10, : 10, 10, 1, 10, 10, 10, 10, 10, 2, 10, 10, 10, 10, 10, 10, 10, 10, 10, 10, 10, 1, 10, 16, 10, 10, 10, 10, 10, 10, 10, 10, 10, 10, 10, 10, 10, 10, 10, 10, 3, 1, 10, 10, 
601: 2, 10, 0, 0, 10, 0, 0, 10, 10, 0, 0, 10, 0, 0, 10, 0, 10, 10, 10, 10, 10, 10, 0, 0, 0, 0, 10, 10, 10, 0, 10, 10, 0, 0, 10, 0, 10, 10, 10, 10, 0, 10, 10, 0, 10, 10, 0, 2, 10, 0, 0, 10, 10, 0, 10, 0, 10, 0, 0, 10, 2, 10, 10, 0, 0, 10, 0, 10, 0, 10, 10, 10, 10, 10, 2, 4, 10, 0, 0, 1, : 2, 10, 10, 10, 10, 10, 10, 10, 10, 10, 10, 10, 10, 10, 10, 10, 10, 10, 10, 10, 10, 10, 10, 10, 10, 10, 10, 2, 10, 10, 10, 10, 10, 10, 2, 10, 10, 10, 10, 10, 10, 10, 10, 10, 2, 4, 10, 1, 
668: 0, 10, 4, 10, 0, 0, 0, 0, 10, 10, 10, 10, 0, 10, 0, 0, 10, 10, 1, 10, 0, 10, 19, 0, 10, 0, 10, 10, 10, 10, 0, 10, 10, 0, 10, 10, 0, 10, 10, 0, 10, 0, 0, 3, 0, 0, 0, 10, 0, 10, 10, 0, 10, 1, 10, 0, 10, 0, 0, 10, 0, 10, 10, 0, 10, 0, 10, 0, 0, 10, 0, 10, 0, 1, 10, 10, 0, 0, 10, 0, : 10, 4, 10, 10, 10, 10, 10, 10, 10, 10, 1, 10, 10, 19, 10, 10, 10, 10, 10, 10, 10, 10, 10, 10, 10, 10, 3, 10, 10, 10, 10, 1, 10, 10, 10, 10, 10, 10, 10, 10, 10, 1, 10, 10, 10, 
206: 10, 10, 10, 0, 0, 10, 10, 4, 10, 10, 10, 1, 10, 10, 10, 10, 0, 0, 10, 0, 10, 10, 10, 0, 10, 0, 0, 10, 0, 10, 0, 10, 10, 0, 10, 0, 10, 10, 0, 10, 10, 0, 0, 0, 0, 0, 0, 10, 10, 10, 10, 0, 0, 0, 10, 0, 10, 10, 10, 10, 10, 0, 0, 0, 0, 0, 10, 10, 0, 10, 8, 17, 10, 10, 10, 10, 0, 0, 10, 0, : 10, 10, 10, 10, 10, 4, 10, 10, 10, 1, 10, 10, 10, 10, 10, 10, 10, 10, 10, 10, 10, 10, 10, 10, 10, 10, 10, 10, 10, 10, 10, 10, 10, 10, 10, 10, 10, 10, 10, 10, 10, 8, 17, 10, 10, 10, 10, 10, 
441: 10, 0, 10, 0, 10, 10, 0, 0, 10, 10, 0, 0, 10, 0, 0, 0, 10, 10, 10, 0, 1, 10, 10, 0, 0, 0, 0, 10, 0, 0, 10, 10, 0, 0, 2, 0, 10, 18, 0, 0, 0, 10, 10, 10, 10, 0, 6, 10, 10, 10, 10, 4, 10, 10, 0, 10, 0, 10, 0, 0, 0, 0, 10, 0, 0, 0, 0, 10, 0, 10, 10, 10, 1, 0, 10, 0, 0, 10, 0, 10, : 10, 10, 10, 10, 10, 10, 10, 10, 10, 10, 1, 10, 10, 10, 10, 10, 2, 10, 18, 10, 10, 10, 10, 6, 10, 10, 10, 10, 4, 10, 10, 10, 10, 10, 10, 10, 10, 10, 1, 10, 10, 10, 
634: 0, 10, 10, 10, 3, 0, 10, 10, 0, 10, 0, 10, 10, 10, 0, 0, 0, 0, 0, 10, 10, 0, 0, 0, 2, 0, 20, 0, 0, 10, 0, 0, 0, 10, 0, 10, 0, 10, 10, 0, 0, 0, 10, 10, 0, 0, 0, 10, 0, 0, 0, 0, 0, 10, 10, 10, 10, 0, 0, 0, 10, 10, 0, 10, 10, 1, 0, 10, 10, 10, 10, 0, 10, 0, 0, 0, 0, 0, 10, 10, : 10, 10, 10, 3, 10, 10, 10, 10, 10, 10, 10, 10, 2, 20, 10, 10, 10, 10, 10, 10, 10, 10, 10, 10, 10, 10, 10, 10, 10, 10, 1, 10, 10, 10, 10, 10, 10, 10, 
522: 10, 0, 10, 10, 10, 0, 10, 0, 10, 10, 1, 10, 0, 0, 10, 0, 0, 0, 10, 7, 10, 0, 0, 10, 10, 0, 0, 0, 0, 6, 10, 10, 0, 10, 10, 10, 10, 10, 0, 10, 0, 0, 10, 0, 0, 0, 0, 0, 0, 10, 0, 0, 0, 19, 10, 10, 10, 0, 0, 10, 0, 0, 0, 0, 0, 10, 0, 0, 0, 0, 10, 0, 10, 0, 10, 0, 0, 0, 10, 10, : 10, 10, 10, 10, 10, 10, 10, 1, 10, 10, 10, 7, 10, 10, 10, 6, 10, 10, 10, 10, 10, 10, 10, 10, 10, 10, 19, 10, 10, 10, 10, 10, 10, 10, 10, 10, 10, 
107: 0, 1, 0, 0, 0, 5, 10, 0, 0, 0, 10, 10, 0, 10, 10, 10, 10, 0, 10, 10, 0, 1, 10, 10, 0, 0, 0, 0, 0, 0, 10, 0, 10, 10, 10, 10, 10, 10, 10, 10, 10, 10, 10, 0, 10, 10, 10, 0, 10, 10, 0, 10, 10, 0, 10, 0, 2, 10, 10, 10, 0, 0, 10, 10, 0, 10, 10, 0, 10, 10, 0, 0, 0, 0, 0, 0, 0, 0, 10, 0, : 1, 5, 10, 10, 10, 10, 10, 10, 10, 10, 10, 1, 10, 10, 10, 10, 10, 10, 10, 10, 10, 10, 10, 10, 10, 10, 10, 10, 10, 10, 10, 10, 10, 10, 2, 10, 10, 10, 10, 10, 10, 10, 10, 10, 10, 
539: 0, 10, 0, 0, 10, 10, 0, 10, 13, 0, 10, 0, 0, 0, 0, 10, 0, 0, 18, 0, 10, 10, 10, 0, 0, 10, 0, 0, 10, 10, 0, 10, 10, 10, 10, 7, 10, 10, 0, 10, 10, 10, 0, 10, 10, 10, 0, 0, 0, 0, 10, 0, 0, 10, 10, 10, 0, 0, 10, 0, 10, 10, 0, 0, 0, 0, 0, 10, 10, 10, 10, 10, 10, 0, 10, 0, 10, 10, 0, 0, : 10, 10, 10, 10, 13, 10, 10, 18, 10, 10, 10, 10, 10, 10, 10, 10, 10, 10, 7, 10, 10, 10, 10, 10, 10, 10, 10, 10, 10, 10, 10, 10, 10, 10, 10, 10, 10, 10, 10, 10, 10, 10, 10, 
489: 0, 0, 10, 10, 0, 0, 0, 10, 0, 10, 10, 1, 10, 10, 10, 0, 3, 10, 10, 10, 0, 1, 0, 1, 10, 0, 10, 10, 10, 0, 10, 10, 10, 0, 0, 10, 10, 10, 10, 10, 0, 0, 10, 0, 10, 10, 10, 10, 10, 0, 1, 0, 0, 10, 0, 0, 0, 0, 0, 10, 10, 0, 0, 10, 10, 10, 10, 0, 10, 0, 0, 0, 10, 0, 0, 10, 10, 10, 0, 0, : 10, 10, 10, 10, 10, 1, 10, 10, 10, 3, 10, 10, 10, 1, 1, 10, 10, 10, 10, 10, 10, 10, 10, 10, 10, 10, 10, 10, 10, 10, 10, 10, 10, 1, 10, 10, 10, 10, 10, 10, 10, 10, 10, 10, 10, 10, 
40: 10, 0, 0, 10, 10, 0, 10, 0, 0, 6, 0, 0, 10, 0, 10, 0, 0, 0, 0, 0, 10, 0, 0, 0, 10, 0, 10, 0, 0, 10, 10, 10, 10, 0, 10, 0, 10, 0, 10, 0, 0, 0, 0, 0, 0, 0, 10, 0, 2, 0, 10, 10, 0, 0, 0, 10, 0, 0, 10, 10, 10, 0, 10, 10, 10, 0, 0, 10, 10, 0, 0, 10, 0, 10, 10, 0, 10, 10, 0, 1, : 10, 10, 10, 10, 6, 10, 10, 10, 10, 10, 10, 10, 10, 10, 10, 10, 10, 10, 2, 10, 10, 10, 10, 10, 10, 10, 10, 10, 10, 10, 10, 10, 10, 10, 10, 1, 
150: 10, 10, 10, 0, 10, 10, 10, 0, 0, 10, 4, 0, 10, 0, 10, 10, 10, 10, 10, 10, 10, 10, 0, 10, 0, 0, 10, 10, 0, 0, 0, 10, 0, 10, 11, 10, 0, 0, 3, 0, 10, 10, 0, 10, 10, 0, 10, 10, 0, 10, 10, 16, 0, 0, 10, 0, 10, 10, 0, 10, 10, 10, 7, 0, 0, 10, 10, 10, 0, 10, 10, 10, 10, 10, 10, 10, 10, 0, 0, 10, : 10, 10, 10, 10, 10, 10, 10, 4, 10, 10, 10, 10, 10, 10, 10, 10, 10, 10, 10, 10, 10, 10, 11, 10, 3, 10, 10, 10, 10, 10, 10, 10, 10, 16, 10, 10, 10, 10, 10, 10, 7, 10, 10, 10, 10, 10, 10, 10, 10, 10, 10, 10, 10, 
316: 10, 0, 0, 1, 10, 0, 10, 0, 0, 10, 0, 10, 0, 1, 10, 0, 0, 0, 0, 0, 10, 10, 10, 0, 0, 2, 10, 0, 10, 0, 10, 10, 10, 10, 10, 10, 0, 0, 10, 0, 10, 10, 10, 10, 5, 0, 10, 10, 1, 10, 0, 0, 0, 0, 0, 10, 10, 0, 0, 0, 10, 0, 10, 0, 0, 10, 10, 10, 0, 0, 0, 0, 10, 10, 10, 10, 10, 8, 10, 0, : 10, 1, 10, 10, 10, 10, 1, 10, 10, 10, 10, 2, 10, 10, 10, 10, 10, 10, 10, 10, 10, 10, 10, 10, 10, 5, 10, 10, 1, 10, 10, 10, 10, 10, 10, 10, 10, 10, 10, 10, 10, 10, 8, 10, 
323: 10, 0, 0, 0, 0, 10, 10, 0, 10, 10, 10, 10, 0, 0, 10, 10, 10, 10, 10, 0, 4, 0, 10, 0, 0, 10, 10, 10, 0, 0, 0, 10, 10, 0, 10, 0, 0, 0, 0, 0, 0, 0, 10, 10, 0, 10, 0, 0, 10, 10, 0, 0, 1, 0, 10, 10, 10, 0, 1, 0, 10, 10, 10, 10, 10, 10, 0, 0, 0, 0, 0, 0, 10, 0, 10, 10, 10, 0, 0, 10, : 10, 10, 10, 10, 10, 10, 10, 10, 10, 10, 10, 10, 4, 10, 10, 10, 10, 10, 10, 10, 10, 10, 10, 10, 10, 1, 10, 10, 10, 1, 10, 10, 10, 10, 10, 10, 10, 10, 10, 10, 10, 
259: 0, 10, 10, 10, 10, 10, 11, 10, 0, 0, 0, 0, 10, 0, 10, 0, 0, 10, 0, 0, 10, 10, 0, 10, 10, 10, 10, 0, 10, 0, 10, 0, 0, 10, 10, 10, 0, 10, 0, 10, 0, 10, 10, 0, 0, 10, 0, 0, 10, 0, 10, 0, 10, 10, 0, 0, 0, 10, 0, 0, 10, 10, 0, 0, 10, 0, 10, 10, 0, 10, 10, 10, 0, 10, 0, 10, 10, 0, 0, 0, : 10, 10, 10, 10, 10, 11, 10, 10, 10, 10, 10, 10, 10, 10, 10, 10, 10, 10, 10, 10, 10, 10, 10, 10, 10, 10, 10, 10, 10, 10, 10, 10, 10, 10, 10, 10, 10, 10, 10, 10, 10, 10, 
552: 10, 0, 0, 0, 10, 0, 10, 10, 10, 10, 0, 10, 10, 0, 0, 0, 0, 10, 0, 0, 10, 0, 10, 10, 10, 10, 0, 0, 10, 10, 0, 0, 0, 10, 10, 0, 0, 10, 10, 10, 10, 0, 10, 10, 0, 0, 10, 10, 10, 10, 10, 0, 10, 0, 10, 0, 0, 10, 10, 0, 0, 0, 10, 2, 10, 0, 10, 10, 10, 10, 0, 0, 0, 0, 0, 10, 0, 0, 10, 0, : 10, 10, 10, 10, 10, 10, 10, 10, 10, 10, 10, 10, 10, 10, 10, 10, 10, 10, 10, 10, 10, 10, 10, 10, 10, 10, 10, 10, 10, 10, 10, 10, 10, 10, 2, 10, 10, 10, 10, 10, 10, 10, 
55: 0, 0, 0, 0, 5, 0, 2, 0, 17, 0, 0, 0, 0, 0, 10, 0, 10, 10, 0, 0, 10, 0, 10, 0, 0, 10, 0, 0, 10, 10, 10, 0, 10, 0, 10, 10, 10, 0, 0, 10, 10, 0, 0, 0, 0, 10, 0, 10, 0, 0, 10, 0, 0, 10, 0, 10, 0, 10, 0, 0, 0, 10, 0, 10, 0, 10, 0, 0, 10, 0, 10, 0, 0, 0, 0, 0, 10, 10, 10, 0, : 5, 2, 17, 10, 10, 10, 10, 10, 10, 10, 10, 10, 10, 10, 10, 10, 10, 10, 10, 10, 10, 10, 10, 10, 10, 10, 10, 10, 10, 10, 10, 10, 
684: 10, 0, 0, 0, 10, 0, 0, 0, 10, 10, 10, 0, 0, 10, 0, 0, 0, 0, 10, 10, 0, 10, 10, 0, 10, 10, 0, 12, 10, 0, 10, 0, 0, 0, 0, 10, 0, 0, 0, 10, 0, 0, 0, 0, 0, 10, 0, 10, 0, 10, 0, 0, 0, 10, 10, 0, 0, 10, 0, 0, 0, 0, 10, 10, 0, 10, 10, 0, 10, 0, 10, 0, 10, 10, 0, 10, 0, 0, 0, 10, : 10, 10, 10, 10, 10, 10, 10, 10, 10, 10, 10, 10, 12, 10, 10, 10, 10, 10, 10, 10, 10, 10, 10, 10, 10, 10, 10, 10, 10, 10, 10, 10, 10, 
200: 1, 0, 3, 0, 10, 10, 10, 0, 10, 10, 0, 0, 0, 0, 10, 0, 10, 0, 0, 1, 0, 0, 0, 0, 0, 10, 10, 0, 0, 10, 0, 0, 10, 10, 10, 0, 0, 10, 0, 0, 0, 0, 0, 10, 0, 10, 0, 10, 10, 10, 0, 10, 0, 0, 0, 0, 0, 10, 0, 0, 10, 0, 10, 4, 0, 10, 1, 0, 0, 10, 0, 0, 0, 0, 0, 0, 0, 0, 0, 0, : 1, 3, 10, 10, 10, 10, 10, 10, 10, 1, 10, 10, 10, 10, 10, 10, 10, 10, 10, 10, 10, 10, 10, 10, 10, 10, 4, 10, 1, 10, 
652: 0, 10, 0, 10, 0, 10, 0, 0, 10, 10, 10, 10, 0, 10, 0, 0, 10, 10, 0, 10, 10, 10, 0, 0, 0, 10, 0, 10, 10, 0, 10, 0, 0, 10, 10, 10, 10, 10, 10, 0, 10, 10, 10, 10, 0, 10, 10, 10, 2, 10, 0, 10, 10, 10, 10, 0, 0, 10, 0, 0, 0, 0, 0, 10, 0, 10, 0, 0, 0, 0, 0, 10, 0, 0, 10, 0, 10, 0, 0, 1, : 10, 10, 10, 10, 10, 10, 10, 10, 10, 10, 10, 10, 10, 10, 10, 10, 10, 10, 10, 10, 10, 10, 10, 10, 10, 10, 10, 10, 10, 10, 2, 10, 10, 10, 10, 10, 10, 10, 10, 10, 10, 10, 1, 
265: 10, 0, 10, 0, 10, 0, 10, 10, 0, 0, 10, 10, 20, 10, 19, 10, 0, 0, 0, 0, 0, 10, 10, 10, 0, 0, 0, 0, 0, 0, 0, 0, 0, 1, 10, 10, 10, 10, 10, 10, 10, 10, 10, 0, 10, 10, 0, 1, 0, 10, 0, 10, 10, 10, 0, 10, 10, 10, 10, 10, 1, 0, 0, 0, 10, 10, 10, 0, 10, 10, 0, 0, 0, 10, 0, 0, 0, 10, 10, 10, : 10, 10, 10, 10, 10, 10, 10, 20, 10, 19, 10, 10, 10, 10, 1, 10, 10, 10, 10, 10, 10, 10, 10, 10, 10, 10, 1, 10, 10, 10, 10, 10, 10, 10, 10, 10, 1, 10, 10, 10, 10, 10, 10, 10, 10, 10, 
538: 10, 0, 10, 0, 0, 0, 10, 10, 10, 0, 10, 1, 10, 10, 10, 10, 0, 10, 0, 10, 0, 0, 10, 0, 10, 20, 10, 10, 10, 10, 10, 10, 10, 0, 10, 10, 0, 10, 0, 10, 0, 0, 10, 10, 0, 10, 0, 10, 0, 0, 10, 0, 10, 0, 10, 1, 10, 0, 10, 0, 0, 10, 10, 10, 0, 10, 0, 10, 0, 0, 1, 10, 1, 0, 0, 0, 0, 10, 0, 0, : 10, 10, 10, 10, 10, 10, 1, 10, 10, 10, 10, 10, 10, 10, 10, 20, 10, 10, 10, 10, 10, 10, 10, 10, 10, 10, 10, 10, 10, 10, 10, 10, 10, 10, 1, 10, 10, 10, 10, 10, 10, 10, 1, 10, 1, 10, 
681: 10, 10, 0, 10, 0, 0, 0, 0, 4, 10, 0, 0, 0, 0, 10, 10, 0, 0, 10, 10, 10, 10, 10, 10, 10, 10, 10, 10, 2, 0, 0, 0, 0, 0, 10, 10, 10, 0, 0, 0, 10, 0, 0, 10, 10, 10, 10, 0, 10, 0, 0, 0, 10, 10, 10, 10, 10, 0, 0, 10, 0, 10, 13, 0, 10, 0, 0, 10, 10, 10, 10, 10, 0, 0, 10, 10, 1, 10, 6, 0, : 10, 10, 10, 4, 10, 10, 10, 10, 10, 10, 10, 10, 10, 10, 10, 10, 10, 2, 10, 10, 10, 10, 10, 10, 10, 10, 10, 10, 10, 10, 10, 10, 10, 10, 13, 10, 10, 10, 10, 10, 10, 10, 10, 1, 10, 6, 
58: 10, 10, 0, 16, 10, 10, 10, 0, 10, 10, 10, 0, 0, 0, 10, 10, 0, 10, 0, 0, 10, 0, 10, 10, 10, 0, 10, 10, 10, 0, 0, 10, 0, 0, 10, 10, 10, 0, 10, 10, 10, 0, 0, 0, 10, 10, 10, 0, 0, 0, 0, 10, 0, 5, 10, 1, 10, 10, 3, 10, 10, 0, 0, 10, 1, 0, 0, 0, 0, 10, 0, 10, 10, 10, 10, 10, 10, 0, 10, 10, : 10, 10, 16, 10, 10, 10, 10, 10, 10, 10, 10, 10, 10, 10, 10, 10, 10, 10, 10, 10, 10, 10, 10, 10, 10, 10, 10, 10, 10, 10, 5, 10, 1, 10, 10, 3, 10, 10, 10, 1, 10, 10, 10, 10, 10, 10, 10, 10, 10, 
545: 0, 0, 10, 10, 10, 0, 0, 10, 10, 0, 0, 10, 10, 10, 10, 0, 10, 0, 10, 3, 10, 10, 0, 10, 1, 2, 10, 10, 0, 10, 10, 0, 0, 10, 0, 10, 10, 0, 10, 10, 10, 0, 10, 10, 10, 0, 10, 10, 0, 10, 10, 10, 10, 0, 10, 10, 10, 10, 10, 10, 0, 0, 0, 10, 10, 10, 10, 10, 10, 0, 10, 10, 0, 0, 10, 10, 0, 10, 10, 10, : 10, 10, 10, 10, 10, 10, 10, 10, 10, 10, 10, 3, 10, 10, 10, 1, 2, 10, 10, 10, 10, 10, 10, 10, 10, 10, 10, 10, 10, 10, 10, 10, 10, 10, 10, 10, 10, 10, 10, 10, 10, 10, 10, 10, 10, 10, 10, 10, 10, 10, 10, 10, 10, 10, 10, 
438: 10, 10, 0, 0, 0, 0, 0, 0, 0, 10, 10, 10, 0, 10, 0, 10, 10, 0, 0, 10, 0, 10, 10, 0, 10, 0, 0, 10, 0, 0, 0, 0, 10, 0, 0, 10, 0, 10, 0, 0, 10, 0, 0, 0, 10, 0, 0, 0, 10, 0, 10, 0, 10, 0, 10, 0, 0, 0, 10, 10, 0, 10, 0, 0, 10, 5, 0, 10, 0, 0, 0, 10, 10, 0, 10, 10, 10, 0, 10, 0, : 10, 10, 10, 10, 10, 10, 10, 10, 10, 10, 10, 10, 10, 10, 10, 10, 10, 10, 10, 10, 10, 10, 10, 10, 10, 10, 5, 10, 10, 10, 10, 10, 10, 10, 
111: 0, 10, 10, 0, 10, 10, 10, 10, 10, 0, 10, 0, 0, 0, 0, 0, 2, 0, 10, 10, 0, 0, 0, 10, 0, 10, 10, 10, 10, 10, 0, 0, 10, 0, 0, 10, 0, 0, 10, 10, 0, 10, 10, 10, 10, 0, 2, 0, 10, 10, 0, 10, 18, 10, 10, 10, 0, 10, 10, 0, 0, 0, 0, 0, 0, 10, 10, 10, 0, 10, 0, 0, 0, 10, 10, 10, 0, 10, 0, 10, : 10, 10, 10, 10, 10, 10, 10, 10, 2, 10, 10, 10, 10, 10, 10, 10, 10, 10, 10, 10, 10, 10, 10, 10, 10, 2, 10, 10, 10, 18, 10, 10, 10, 10, 10, 10, 10, 10, 10, 10, 10, 10, 10, 10, 
622: 10, 10, 2, 0, 10, 10, 0, 0, 0, 0, 10, 14, 10, 10, 10, 10, 0, 10, 10, 10, 0, 10, 0, 0, 10, 10, 0, 0, 10, 10, 10, 0, 0, 10, 10, 10, 0, 0, 10, 0, 0, 10, 0, 0, 10, 0, 10, 0, 10, 0, 10, 10, 0, 10, 10, 0, 10, 0, 10, 10, 10, 10, 10, 0, 10, 0, 0, 0, 10, 10, 10, 0, 0, 0, 0, 0, 0, 10, 0, 10, : 10, 10, 2, 10, 10, 10, 14, 10, 10, 10, 10, 10, 10, 10, 10, 10, 10, 10, 10, 10, 10, 10, 10, 10, 10, 10, 10, 10, 10, 10, 10, 10, 10, 10, 10, 10, 10, 10, 10, 10, 10, 10, 10, 10, 
402: 10, 10, 10, 0, 10, 0, 10, 10, 10, 0, 10, 10, 0, 10, 0, 10, 0, 10, 10, 0, 10, 10, 0, 0, 10, 10, 0, 1, 0, 10, 0, 0, 10, 10, 10, 0, 10, 0, 0, 0, 1, 10, 10, 0, 10, 0, 0, 10, 0, 0, 10, 0, 9, 10, 10, 10, 10, 10, 0, 0, 10, 10, 10, 10, 10, 0, 0, 10, 0, 0, 0, 10, 0, 10, 0, 0, 10, 10, 10, 10, : 10, 10, 10, 10, 10, 10, 10, 10, 10, 10, 10, 10, 10, 10, 10, 10, 10, 1, 10, 10, 10, 10, 10, 1, 10, 10, 10, 10, 10, 9, 10, 10, 10, 10, 10, 10, 10, 10, 10, 10, 10, 10, 10, 10, 10, 10, 10, 
635: 0, 0, 0, 0, 0, 10, 0, 0, 0, 0, 0, 10, 2, 0, 4, 10, 0, 0, 0, 0, 10, 0, 0, 0, 0, 10, 10, 0, 0, 10, 18, 10, 0, 0, 10, 1, 10, 0, 0, 0, 0, 10, 2, 11, 0, 0, 10, 10, 10, 0, 0, 0, 0, 0, 0, 10, 0, 17, 10, 0, 10, 10, 1, 0, 0, 10, 10, 0, 0, 0, 10, 11, 0, 0, 10, 0, 0, 10, 0, 10, : 10, 10, 2, 4, 10, 10, 10, 10, 10, 18, 10, 10, 1, 10, 10, 2, 11, 10, 10, 10, 10, 17, 10, 10, 10, 1, 10, 10, 10, 11, 10, 10, 10, 
291: 0, 10, 10, 10, 0, 10, 10, 10, 10, 0, 10, 0, 10, 0, 10, 0, 10, 0, 10, 10, 10, 0, 0, 10, 1, 10, 0, 10, 10, 10, 10, 12, 0, 10, 0, 0, 0, 10, 10, 10, 10, 0, 10, 0, 0, 0, 10, 0, 10, 10, 10, 11, 0, 10, 10, 0, 0, 0, 0, 10, 0, 0, 0, 0, 0, 0, 0, 10, 10, 0, 10, 0, 0, 10, 10, 10, 10, 0, 10, 0, : 10, 10, 10, 10, 10, 10, 10, 10, 10, 10, 10, 10, 10, 10, 10, 1, 10, 10, 10, 10, 10, 12, 10, 10, 10, 10, 10, 10, 10, 10, 10, 10, 11, 10, 10, 10, 10, 10, 10, 10, 10, 10, 10, 10, 
159: 10, 10, 10, 0, 0, 0, 0, 10, 10, 0, 10, 10, 10, 0, 10, 0, 10, 10, 0, 10, 0, 10, 0, 10, 1, 10, 2, 10, 10, 10, 10, 0, 1, 10, 10, 0, 10, 0, 0, 10, 0, 10, 10, 0, 10, 0, 0, 10, 10, 0, 10, 0, 10, 0, 10, 13, 0, 10, 10, 10, 0, 0, 10, 0, 10, 0, 10, 0, 10, 0, 10, 0, 10, 10, 0, 10, 0, 0, 0, 10, : 10, 10, 10, 10, 10, 10, 10, 10, 10, 10, 10, 10, 10, 10, 1, 10, 2, 10, 10, 10, 10, 1, 10, 10, 10, 10, 10, 10, 10, 10, 10, 10, 10, 10, 13, 10, 10, 10, 10, 10, 10, 10, 10, 10, 10, 10, 10, 
318: 10, 0, 0, 10, 16, 10, 0, 10, 16, 10, 10, 0, 10, 10, 10, 0, 0, 10, 0, 10, 10, 0, 0, 10, 10, 10, 10, 0, 0, 10, 10, 10, 10, 0, 0, 0, 10, 10, 10, 0, 10, 10, 0, 0, 0, 0, 10, 10, 0, 10, 0, 10, 0, 10, 0, 0, 10, 0, 0, 3, 2, 0, 10, 0, 0, 10, 0, 10, 10, 10, 10, 0, 10, 3, 10, 10, 0, 0, 0, 0, : 10, 10, 16, 10, 10, 16, 10, 10, 10, 10, 10, 10, 10, 10, 10, 10, 10, 10, 10, 10, 10, 10, 10, 10, 10, 10, 10, 10, 10, 10, 10, 10, 10, 3, 2, 10, 10, 10, 10, 10, 10, 10, 3, 10, 10, 
679: 10, 0, 0, 0, 0, 10, 1, 0, 10, 0, 10, 10, 10, 10, 10, 10, 10, 0, 10, 10, 0, 0, 3, 10, 10, 10, 0, 10, 10, 0, 0, 10, 0, 0, 10, 10, 10, 10, 10, 0, 10, 0, 0, 0, 10, 10, 10, 10, 0, 10, 10, 0, 0, 10, 10, 0, 0, 10, 10, 0, 10, 0, 0, 0, 0, 0, 10, 10, 0, 0, 10, 10, 10, 10, 10, 0, 10, 0, 0, 4, : 10, 10, 1, 10, 10, 10, 10, 10, 10, 10, 10, 10, 10, 3, 10, 10, 10, 10, 10, 10, 10, 10, 10, 10, 10, 10, 10, 10, 10, 10, 10, 10, 10, 10, 10, 10, 10, 10, 10, 10, 10, 10, 10, 10, 10, 4, 
287: 10, 10, 10, 5, 0, 0, 10, 0, 0, 10, 0, 0, 0, 10, 0, 0, 0, 0, 0, 10, 10, 10, 10, 10, 0, 0, 0, 0, 0, 0, 10, 10, 10, 0, 0, 10, 0, 0, 0, 0, 10, 2, 0, 0, 0, 10, 10, 10, 10, 0, 10, 10, 0, 0, 0, 0, 0, 0, 0, 0, 0, 10, 0, 10, 0, 0, 10, 0, 10, 0, 0, 2, 0, 0, 10, 10, 0, 0, 10, 0, : 10, 10, 10, 5, 10, 10, 10, 10, 10, 10, 10, 10, 10, 10, 10, 10, 10, 2, 10, 10, 10, 10, 10, 10, 10, 10, 10, 10, 2, 10, 10, 10, 
621: 0, 10, 0, 10, 0, 0, 10, 10, 0, 0, 10, 10, 0, 0, 10, 10, 0, 10, 10, 10, 0, 0, 0, 0, 0, 0, 10, 10, 0, 0, 0, 0, 10, 0, 0, 0, 0, 0, 10, 10, 0, 0, 0, 10, 0, 0, 10, 10, 0, 10, 10, 0, 0, 0, 1, 10, 0, 0, 10, 0, 10, 10, 1, 10, 10, 0, 3, 0, 10, 0, 0, 10, 0, 0, 10, 0, 10, 10, 10, 0, : 10, 10, 10, 10, 10, 10, 10, 10, 10, 10, 10, 10, 10, 10, 10, 10, 10, 10, 10, 10, 10, 1, 10, 10, 10, 10, 1, 10, 10, 3, 10, 10, 10, 10, 10, 10, 
390: 0, 10, 10, 5, 10, 0, 0, 1, 0, 10, 0, 0, 10, 0, 0, 0, 10, 1, 10, 10, 0, 0, 0, 0, 10, 0, 0, 0, 0, 10, 0, 0, 0, 10, 0, 10, 10, 10, 0, 10, 0, 0, 0, 10, 10, 10, 0, 0, 10, 0, 10, 10, 0, 0, 0, 10, 10, 0, 10, 10, 0, 10, 0, 10, 1, 10, 0, 0, 0, 0, 0, 10, 0, 0, 0, 10, 10, 0, 10, 0, : 10, 10, 5, 10, 1, 10, 10, 10, 1, 10, 10, 10, 10, 10, 10, 10, 10, 10, 10, 10, 10, 10, 10, 10, 10, 10, 10, 10, 10, 10, 1, 10, 10, 10, 10, 10, 
172: 0, 10, 1, 10, 0, 10, 10, 0, 0, 0, 0, 13, 0, 0, 10, 0, 0, 0, 0, 0, 0, 0, 0, 10, 10, 0, 0, 0, 10, 10, 10, 0, 10, 0, 10, 10, 10, 7, 10, 0, 0, 10, 10, 0, 10, 0, 0, 10, 0, 10, 0, 10, 0, 0, 0, 10, 3, 10, 0, 10, 10, 10, 10, 0, 10, 10, 10, 10, 8, 10, 0, 0, 10, 10, 3, 0, 1, 10, 10, 10, : 10, 1, 10, 10, 10, 13, 10, 10, 10, 10, 10, 10, 10, 10, 10, 10, 7, 10, 10, 10, 10, 10, 10, 10, 10, 3, 10, 10, 10, 10, 10, 10, 10, 10, 10, 8, 10, 10, 10, 3, 1, 10, 10, 10, 
795: 10, 10, 10, 0, 10, 10, 0, 10, 0, 10, 10, 10, 0, 0, 0, 10, 0, 10, 10, 10, 0, 10, 10, 10, 0, 0, 0, 10, 0, 0, 0, 2, 10, 10, 10, 0, 0, 0, 0, 0, 10, 0, 0, 0, 0, 0, 0, 0, 0, 0, 0, 0, 0, 10, 10, 10, 0, 0, 10, 10, 0, 7, 0, 10, 10, 10, 0, 0, 10, 10, 10, 7, 10, 10, 10, 0, 0, 0, 0, 18, : 10, 10, 10, 10, 10, 10, 10, 10, 10, 10, 10, 10, 10, 10, 10, 10, 10, 2, 10, 10, 10, 10, 10, 10, 10, 10, 10, 7, 10, 10, 10, 10, 10, 10, 7, 10, 10, 10, 18, 
475: 0, 10, 10, 10, 0, 2, 0, 0, 10, 0, 0, 10, 0, 10, 0, 0, 0, 10, 10, 0, 10, 0, 5, 10, 10, 0, 10, 0, 15, 10, 10, 10, 10, 0, 4, 10, 1, 0, 0, 10, 0, 10, 10, 10, 10, 0, 10, 10, 0, 0, 0, 0, 0, 1, 0, 0, 10, 10, 10, 10, 10, 0, 0, 0, 10, 0, 10, 10, 0, 10, 10, 8, 0, 10, 0, 0, 10, 0, 10, 10, : 10, 10, 10, 2, 10, 10, 10, 10, 10, 10, 5, 10, 10, 10, 15, 10, 10, 10, 10, 4, 10, 1, 10, 10, 10, 10, 10, 10, 10, 1, 10, 10, 10, 10, 10, 10, 10, 10, 10, 10, 8, 10, 10, 10, 10, 
22: 10, 0, 0, 0, 10, 0, 10, 10, 0, 0, 0, 10, 0, 10, 0, 10, 10, 10, 0, 0, 10, 0, 10, 10, 10, 0, 10, 10, 10, 10, 10, 10, 0, 0, 10, 10, 0, 0, 10, 0, 10, 10, 10, 3, 10, 0, 0, 0, 10, 0, 10, 0, 10, 10, 0, 10, 0, 0, 10, 0, 0, 0, 10, 15, 10, 10, 0, 10, 0, 10, 0, 0, 0, 0, 10, 0, 10, 10, 10, 10, : 10, 10, 10, 10, 10, 10, 10, 10, 10, 10, 10, 10, 10, 10, 10, 10, 10, 10, 10, 10, 10, 10, 10, 10, 10, 3, 10, 10, 10, 10, 10, 10, 10, 10, 15, 10, 10, 10, 10, 10, 10, 10, 10, 10, 


528: 0, 10, 10, 0, 10, 10, 0, 0, 0, 10, 10, 0, 10, 10, 10, 0, 10, 3, 0, 10, 10, 0, 0, 2, 10, 10, 10, 6, 0, 0, 0, 0, 10, 0, 10, 0, 0, 10, 10, 0, 0, 0, 0, 10, 10, 10, 0, 10, 10, 0, 10, 10, 0, 10, 10, 10, 10, 0, 10, 10, 0, 0, 10, 0, 0, 10, 0, 10, 10, 0, 10, 10, 10, 10, 10, 0, 0, 0, 0, 10, : 10, 10, 10, 10, 10, 10, 10, 10, 10, 10, 3, 10, 10, 2, 10, 10, 10, 6, 10, 10, 10, 10, 10, 10, 10, 10, 10, 10, 10, 10, 10, 10, 10, 10, 10, 10, 10, 10, 10, 10, 10, 10, 10, 10, 10, 
470: 0, 0, 0, 0, 10, 10, 0, 0, 10, 0, 0, 0, 0, 10, 10, 10, 10, 10, 10, 10, 0, 0, 10, 0, 0, 0, 0, 0, 10, 1, 10, 0, 0, 0, 10, 1, 10, 0, 10, 0, 0, 10, 0, 0, 10, 10, 10, 10, 0, 10, 10, 0, 0, 10, 0, 0, 10, 10, 10, 0, 10, 10, 0, 0, 10, 0, 10, 10, 0, 0, 10, 0, 10, 0, 10, 0, 0, 0, 10, 10, : 10, 10, 10, 10, 10, 10, 10, 10, 10, 10, 10, 10, 1, 10, 10, 1, 10, 10, 10, 10, 10, 10, 10, 10, 10, 10, 10, 10, 10, 10, 10, 10, 10, 10, 10, 10, 10, 10, 10, 
726: 0, 0, 10, 10, 10, 10, 0, 1, 10, 10, 10, 0, 10, 0, 10, 10, 10, 0, 10, 0, 0, 10, 0, 10, 0, 0, 0, 0, 0, 12, 10, 10, 10, 0, 10, 10, 1, 0, 10, 0, 0, 10, 10, 0, 0, 10, 0, 1, 0, 0, 0, 10, 10, 0, 0, 0, 1, 10, 10, 0, 0, 0, 10, 10, 0, 0, 0, 10, 10, 0, 0, 8, 0, 0, 0, 0, 0, 10, 10, 10, : 10, 10, 10, 10, 1, 10, 10, 10, 10, 10, 10, 10, 10, 10, 10, 12, 10, 10, 10, 10, 10, 1, 10, 10, 10, 10, 1, 10, 10, 1, 10, 10, 10, 10, 10, 10, 8, 10, 10, 10, 
618: 0, 10, 10, 0, 10, 0, 10, 10, 10, 0, 10, 10, 0, 0, 10, 10, 10, 0, 10, 10, 0, 0, 4, 10, 0, 0, 10, 0, 10, 0, 10, 10, 10, 10, 10, 10, 0, 4, 10, 10, 1, 10, 0, 0, 10, 10, 0, 10, 1, 0, 1, 0, 10, 0, 10, 0, 0, 0, 10, 10, 10, 10, 10, 10, 0, 0, 0, 0, 0, 10, 10, 10, 10, 10, 10, 0, 0, 0, 10, 10, : 10, 10, 10, 10, 10, 10, 10, 10, 10, 10, 10, 10, 10, 4, 10, 10, 10, 10, 10, 10, 10, 10, 10, 4, 10, 10, 1, 10, 10, 10, 10, 1, 1, 10, 10, 10, 10, 10, 10, 10, 10, 10, 10, 10, 10, 10, 10, 10, 10, 
664: 10, 10, 10, 10, 0, 0, 0, 10, 0, 10, 0, 0, 10, 0, 10, 0, 10, 10, 10, 0, 0, 10, 0, 0, 10, 10, 10, 5, 0, 0, 0, 10, 10, 10, 10, 0, 10, 10, 10, 0, 10, 10, 10, 0, 0, 10, 10, 0, 0, 0, 0, 10, 0, 0, 10, 10, 10, 0, 0, 10, 0, 0, 10, 0, 10, 0, 10, 0, 0, 10, 0, 10, 10, 0, 0, 0, 10, 10, 0, 0, : 10, 10, 10, 10, 10, 10, 10, 10, 10, 10, 10, 10, 10, 10, 10, 5, 10, 10, 10, 10, 10, 10, 10, 10, 10, 10, 10, 10, 10, 10, 10, 10, 10, 10, 10, 10, 10, 10, 10, 10, 10, 
395: 0, 0, 10, 9, 0, 10, 0, 10, 3, 10, 10, 10, 10, 0, 0, 10, 10, 13, 10, 10, 10, 10, 10, 10, 10, 0, 10, 0, 0, 10, 0, 3, 10, 0, 10, 0, 9, 0, 0, 10, 10, 0, 0, 10, 0, 0, 0, 10, 0, 10, 10, 0, 10, 10, 0, 10, 0, 10, 10, 10, 0, 10, 10, 10, 0, 10, 0, 10, 0, 10, 10, 0, 10, 1, 10, 0, 10, 10, 10, 0, : 10, 9, 10, 10, 3, 10, 10, 10, 10, 10, 10, 13, 10, 10, 10, 10, 10, 10, 10, 10, 10, 3, 10, 10, 9, 10, 10, 10, 10, 10, 10, 10, 10, 10, 10, 10, 10, 10, 10, 10, 10, 10, 10, 10, 10, 1, 10, 10, 10, 10, 
113: 0, 10, 10, 0, 16, 0, 10, 10, 0, 0, 0, 10, 10, 10, 10, 10, 0, 0, 10, 0, 0, 10, 0, 0, 19, 0, 10, 10, 4, 0, 0, 0, 10, 7, 10, 10, 0, 0, 0, 0, 0, 10, 10, 10, 0, 10, 10, 10, 0, 10, 10, 10, 0, 10, 10, 0, 10, 10, 10, 10, 10, 0, 0, 0, 0, 0, 10, 10, 10, 0, 10, 10, 0, 10, 10, 10, 0, 0, 10, 13, : 10, 10, 16, 10, 10, 10, 10, 10, 10, 10, 10, 10, 19, 10, 10, 4, 10, 7, 10, 10, 10, 10, 10, 10, 10, 10, 10, 10, 10, 10, 10, 10, 10, 10, 10, 10, 10, 10, 10, 10, 10, 10, 10, 10, 10, 13, 
78: 1, 0, 10, 10, 0, 10, 0, 0, 0, 10, 10, 0, 10, 0, 0, 10, 0, 0, 0, 0, 10, 0, 10, 0, 0, 10, 0, 0, 10, 10, 10, 10, 10, 10, 10, 0, 10, 10, 0, 10, 10, 0, 0, 10, 0, 10, 10, 0, 0, 10, 0, 10, 10, 0, 0, 0, 10, 0, 10, 10, 0, 10, 0, 0, 10, 10, 10, 10, 0, 0, 0, 10, 10, 0, 10, 0, 0, 10, 10, 0, : 1, 10, 10, 10, 10, 10, 10, 10, 10, 10, 10, 10, 10, 10, 10, 10, 10, 10, 10, 10, 10, 10, 10, 10, 10, 10, 10, 10, 10, 10, 10, 10, 10, 10, 10, 10, 10, 10, 10, 10, 10, 
35: 10, 10, 10, 0, 10, 10, 10, 10, 0, 10, 0, 0, 10, 10, 10, 10, 10, 10, 10, 10, 10, 0, 0, 10, 0, 0, 0, 10, 10, 0, 0, 10, 0, 0, 10, 0, 0, 10, 10, 10, 10, 10, 10, 0, 10, 0, 10, 0, 10, 10, 10, 0, 0, 10, 0, 0, 18, 10, 0, 10, 10, 10, 10, 0, 0, 10, 0, 0, 0, 8, 10, 0, 0, 10, 4, 10, 10, 10, 0, 10, : 10, 10, 10, 10, 10, 10, 10, 10, 10, 10, 10, 10, 10, 10, 10, 10, 10, 10, 10, 10, 10, 10, 10, 10, 10, 10, 10, 10, 10, 10, 10, 10, 10, 10, 18, 10, 10, 10, 10, 10, 10, 8, 10, 10, 4, 10, 10, 10, 10, 
570: 0, 0, 5, 10, 0, 0, 10, 10, 10, 1, 0, 10, 0, 0, 10, 0, 10, 10, 10, 10, 10, 0, 10, 0, 10, 10, 0, 3, 1, 10, 0, 0, 0, 10, 0, 10, 0, 10, 1, 0, 10, 10, 10, 10, 0, 0, 0, 10, 0, 0, 0, 0, 10, 9, 0, 0, 10, 10, 0, 0, 1, 0, 1, 0, 0, 10, 10, 0, 0, 0, 10, 10, 0, 0, 10, 10, 10, 10, 0, 0, : 5, 10, 10, 10, 10, 1, 10, 10, 10, 10, 10, 10, 10, 10, 10, 10, 3, 1, 10, 10, 10, 10, 1, 10, 10, 10, 10, 10, 10, 9, 10, 10, 1, 1, 10, 10, 10, 10, 10, 10, 10, 10, 
71: 10, 0, 0, 10, 10, 10, 10, 10, 10, 10, 0, 0, 10, 10, 10, 0, 0, 10, 0, 0, 10, 0, 0, 0, 0, 10, 10, 0, 10, 0, 0, 0, 10, 0, 0, 10, 0, 10, 10, 10, 10, 10, 0, 0, 10, 0, 0, 0, 10, 10, 10, 5, 10, 10, 0, 10, 1, 10, 0, 10, 10, 10, 10, 15, 10, 0, 10, 10, 0, 0, 0, 0, 10, 10, 10, 0, 0, 0, 0, 0, : 10, 10, 10, 10, 10, 10, 10, 10, 10, 10, 10, 10, 10, 10, 10, 10, 10, 10, 10, 10, 10, 10, 10, 10, 10, 10, 10, 5, 10, 10, 10, 1, 10, 10, 10, 10, 10, 15, 10, 10, 10, 10, 10, 10, 
485: 7, 10, 10, 10, 10, 0, 0, 0, 0, 10, 10, 0, 1, 10, 0, 0, 10, 10, 10, 0, 10, 10, 0, 10, 10, 0, 10, 10, 10, 10, 0, 10, 0, 0, 1, 10, 0, 10, 0, 0, 0, 18, 0, 10, 0, 0, 4, 0, 10, 10, 10, 0, 0, 10, 10, 0, 0, 0, 10, 0, 0, 10, 0, 10, 0, 0, 0, 10, 0, 0, 10, 0, 0, 10, 0, 0, 0, 0, 10, 0, : 7, 10, 10, 10, 10, 10, 10, 1, 10, 10, 10, 10, 10, 10, 10, 10, 10, 10, 10, 10, 10, 1, 10, 10, 18, 10, 4, 10, 10, 10, 10, 10, 10, 10, 10, 10, 10, 10, 10, 
777: 10, 10, 0, 0, 10, 10, 0, 10, 0, 10, 10, 10, 10, 0, 10, 0, 10, 10, 10, 10, 0, 0, 0, 10, 0, 0, 10, 0, 0, 0, 10, 10, 10, 10, 1, 10, 0, 0, 0, 10, 10, 0, 0, 10, 10, 10, 0, 10, 4, 10, 10, 0, 0, 0, 10, 10, 1, 10, 10, 10, 10, 0, 2, 0, 0, 0, 0, 0, 10, 0, 10, 15, 10, 0, 0, 0, 0, 10, 10, 1, : 10, 10, 10, 10, 10, 10, 10, 10, 10, 10, 10, 10, 10, 10, 10, 10, 10, 10, 10, 10, 1, 10, 10, 10, 10, 10, 10, 10, 4, 10, 10, 10, 10, 1, 10, 10, 10, 10, 2, 10, 10, 15, 10, 10, 10, 1, 
648: 0, 0, 10, 10, 0, 0, 10, 2, 10, 10, 10, 10, 10, 10, 0, 0, 0, 10, 0, 10, 0, 0, 0, 0, 0, 10, 0, 0, 10, 0, 16, 0, 0, 0, 7, 10, 10, 0, 10, 0, 0, 3, 10, 10, 0, 10, 13, 10, 0, 0, 0, 0, 0, 10, 6, 0, 10, 10, 0, 10, 1, 0, 10, 10, 0, 0, 10, 0, 0, 10, 10, 13, 10, 10, 0, 0, 10, 0, 10, 0, : 10, 10, 10, 2, 10, 10, 10, 10, 10, 10, 10, 10, 10, 10, 16, 7, 10, 10, 10, 3, 10, 10, 10, 13, 10, 10, 6, 10, 10, 10, 1, 10, 10, 10, 10, 10, 13, 10, 10, 10, 10, 
760: 0, 0, 10, 0, 10, 0, 0, 0, 0, 0, 10, 10, 0, 10, 0, 0, 10, 0, 10, 19, 10, 0, 0, 10, 0, 0, 0, 0, 10, 10, 10, 0, 0, 10, 10, 0, 0, 0, 0, 0, 0, 0, 0, 0, 10, 10, 10, 10, 13, 10, 10, 0, 0, 0, 0, 10, 0, 10, 0, 0, 1, 0, 0, 0, 10, 10, 10, 0, 0, 10, 3, 10, 0, 10, 0, 0, 10, 0, 0, 0, : 10, 10, 10, 10, 10, 10, 10, 19, 10, 10, 10, 10, 10, 10, 10, 10, 10, 10, 10, 13, 10, 10, 10, 10, 1, 10, 10, 10, 10, 3, 10, 10, 10, 
799: 0, 10, 10, 0, 0, 10, 0, 0, 0, 11, 1, 10, 0, 0, 3, 10, 10, 0, 0, 10, 0, 10, 0, 10, 0, 10, 10, 10, 10, 0, 0, 10, 0, 10, 10, 10, 0, 0, 10, 0, 0, 0, 0, 0, 0, 10, 10, 0, 10, 0, 0, 10, 10, 10, 0, 10, 0, 10, 0, 10, 10, 0, 10, 0, 10, 10, 10, 0, 10, 0, 10, 0, 10, 10, 10, 10, 0, 10, 10, 0, : 10, 10, 10, 11, 1, 10, 3, 10, 10, 10, 10, 10, 10, 10, 10, 10, 10, 10, 10, 10, 10, 10, 10, 10, 10, 10, 10, 10, 10, 10, 10, 10, 10, 10, 10, 10, 10, 10, 10, 10, 10, 10, 10, 
145: 0, 0, 0, 0, 0, 0, 10, 10, 0, 0, 0, 0, 10, 7, 0, 0, 0, 10, 1, 0, 0, 10, 0, 0, 10, 0, 0, 10, 0, 10, 0, 0, 0, 10, 10, 0, 0, 0, 2, 0, 0, 10, 0, 0, 10, 10, 1, 10, 0, 10, 10, 0, 10, 0, 0, 0, 10, 0, 0, 0, 0, 10, 0, 10, 10, 0, 0, 10, 10, 10, 0, 0, 0, 10, 19, 10, 10, 10, 0, 10, : 10, 10, 10, 7, 10, 1, 10, 10, 10, 10, 10, 10, 2, 10, 10, 10, 1, 10, 10, 10, 10, 10, 10, 10, 10, 10, 10, 10, 10, 19, 10, 10, 10, 10, 
24: 10, 1, 10, 0, 0, 18, 0, 0, 10, 10, 20, 10, 14, 0, 0, 0, 0, 0, 0, 10, 0, 10, 10, 10, 0, 10, 10, 0, 0, 0, 10, 0, 10, 10, 0, 0, 10, 10, 0, 10, 10, 0, 10, 10, 0, 15, 0, 0, 10, 0, 10, 10, 0, 0, 10, 0, 0, 10, 10, 10, 10, 10, 10, 0, 10, 10, 10, 10, 10, 10, 10, 10, 0, 10, 0, 0, 0, 10, 10, 10, : 10, 1, 10, 18, 10, 10, 20, 10, 14, 10, 10, 10, 10, 10, 10, 10, 10, 10, 10, 10, 10, 10, 10, 10, 15, 10, 10, 10, 10, 10, 10, 10, 10, 10, 10, 10, 10, 10, 10, 10, 10, 10, 10, 10, 10, 10, 10, 
755: 0, 0, 0, 10, 6, 0, 0, 0, 0, 10, 10, 0, 0, 0, 10, 10, 7, 10, 0, 0, 10, 0, 0, 10, 10, 10, 0, 0, 10, 0, 0, 0, 10, 0, 0, 2, 10, 0, 0, 0, 10, 0, 10, 1, 10, 0, 10, 10, 10, 10, 10, 1, 10, 0, 0, 0, 0, 10, 0, 0, 0, 0, 0, 10, 10, 0, 10, 10, 10, 0, 0, 0, 0, 0, 10, 10, 0, 10, 0, 10, : 10, 6, 10, 10, 10, 10, 7, 10, 10, 10, 10, 10, 10, 10, 2, 10, 10, 10, 1, 10, 10, 10, 10, 10, 10, 1, 10, 10, 10, 10, 10, 10, 10, 10, 10, 10, 10, 
311: 0, 0, 10, 10, 10, 1, 0, 10, 10, 10, 0, 10, 0, 10, 10, 0, 10, 0, 10, 1, 10, 10, 10, 10, 20, 10, 10, 0, 0, 10, 10, 10, 0, 10, 0, 10, 10, 10, 10, 10, 10, 0, 10, 10, 0, 10, 0, 0, 10, 0, 10, 0, 0, 10, 10, 0, 10, 10, 0, 10, 10, 10, 0, 0, 10, 0, 0, 10, 10, 10, 0, 10, 10, 0, 0, 10, 10, 0, 10, 10, : 10, 10, 10, 1, 10, 10, 10, 10, 10, 10, 10, 10, 1, 10, 10, 10, 10, 20, 10, 10, 10, 10, 10, 10, 10, 10, 10, 10, 10, 10, 10, 10, 10, 10, 10, 10, 10, 10, 10, 10, 10, 10, 10, 10, 10, 10, 10, 10, 10, 10, 10, 10, 
341: 10, 10, 0, 10, 0, 0, 18, 0, 0, 10, 1, 10, 0, 1, 0, 0, 0, 0, 0, 0, 4, 10, 10, 10, 0, 10, 0, 0, 0, 0, 0, 0, 0, 0, 10, 0, 10, 10, 2, 10, 10, 0, 10, 0, 10, 0, 10, 10, 10, 10, 10, 0, 10, 10, 10, 10, 0, 0, 0, 0, 10, 0, 10, 0, 0, 0, 10, 0, 4, 10, 0, 0, 10, 0, 10, 0, 10, 10, 10, 4, : 10, 10, 10, 18, 10, 1, 10, 1, 4, 10, 10, 10, 10, 10, 10, 10, 2, 10, 10, 10, 10, 10, 10, 10, 10, 10, 10, 10, 10, 10, 10, 10, 10, 4, 10, 10, 10, 10, 10, 10, 4, 
404: 10, 10, 0, 0, 10, 0, 10, 0, 0, 0, 10, 10, 10, 10, 10, 0, 0, 0, 0, 0, 10, 10, 10, 0, 19, 10, 10, 10, 0, 10, 0, 10, 0, 0, 10, 10, 10, 0, 10, 10, 0, 0, 10, 0, 0, 10, 10, 10, 10, 0, 10, 10, 0, 10, 10, 10, 0, 0, 10, 10, 10, 10, 10, 10, 0, 10, 0, 0, 10, 8, 10, 0, 10, 2, 10, 0, 0, 10, 0, 0, : 10, 10, 10, 10, 10, 10, 10, 10, 10, 10, 10, 10, 19, 10, 10, 10, 10, 10, 10, 10, 10, 10, 10, 10, 10, 10, 10, 10, 10, 10, 10, 10, 10, 10, 10, 10, 10, 10, 10, 10, 10, 8, 10, 10, 2, 10, 10, 
460: 0, 10, 10, 0, 10, 0, 10, 0, 10, 0, 10, 0, 0, 0, 10, 0, 10, 0, 0, 0, 0, 10, 0, 10, 0, 0, 0, 10, 0, 10, 10, 10, 0, 0, 1, 0, 10, 0, 10, 0, 10, 0, 10, 10, 0, 10, 0, 0, 0, 2, 0, 10, 10, 10, 0, 0, 0, 10, 0, 10, 10, 10, 0, 0, 0, 10, 10, 10, 10, 0, 0, 0, 10, 10, 1, 0, 0, 5, 10, 0, : 10, 10, 10, 10, 10, 10, 10, 10, 10, 10, 10, 10, 10, 10, 1, 10, 10, 10, 10, 10, 10, 2, 10, 10, 10, 10, 10, 10, 10, 10, 10, 10, 10, 10, 10, 1, 5, 10, 
208: 0, 0, 10, 0, 0, 0, 0, 0, 0, 0, 1, 0, 10, 0, 0, 0, 10, 10, 0, 0, 10, 10, 10, 0, 0, 0, 0, 10, 10, 10, 0, 10, 10, 0, 0, 10, 10, 0, 0, 10, 0, 0, 0, 0, 0, 0, 10, 10, 0, 0, 2, 10, 10, 10, 0, 0, 0, 0, 0, 0, 10, 0, 10, 10, 10, 10, 0, 10, 10, 11, 0, 10, 0, 10, 0, 10, 0, 0, 0, 10, : 10, 1, 10, 10, 10, 10, 10, 10, 10, 10, 10, 10, 10, 10, 10, 10, 10, 10, 2, 10, 10, 10, 10, 10, 10, 10, 10, 10, 10, 11, 10, 10, 10, 10, 
749: 10, 10, 10, 10, 0, 0, 0, 0, 10, 0, 10, 10, 0, 10, 10, 0, 0, 10, 0, 10, 10, 10, 10, 10, 10, 10, 0, 0, 10, 0, 0, 10, 10, 10, 0, 0, 10, 0, 10, 10, 0, 2, 1, 0, 10, 0, 10, 10, 0, 10, 0, 0, 0, 10, 10, 0, 0, 0, 10, 0, 10, 0, 10, 10, 0, 10, 0, 0, 10, 10, 10, 0, 10, 0, 10, 10, 0, 10, 11, 10, : 10, 10, 10, 10, 10, 10, 10, 10, 10, 10, 10, 10, 10, 10, 10, 10, 10, 10, 10, 10, 10, 10, 10, 10, 2, 1, 10, 10, 10, 10, 10, 10, 10, 10, 10, 10, 10, 10, 10, 10, 10, 10, 10, 10, 11, 10, 
227: 10, 0, 0, 0, 10, 10, 0, 10, 19, 10, 0, 10, 10, 10, 10, 10, 10, 10, 0, 10, 0, 0, 2, 0, 10, 10, 0, 10, 10, 10, 0, 10, 0, 0, 10, 0, 0, 0, 0, 10, 0, 10, 10, 10, 2, 0, 0, 0, 10, 0, 0, 10, 1, 0, 0, 10, 0, 0, 0, 10, 10, 10, 10, 10, 0, 0, 0, 10, 10, 0, 0, 0, 0, 10, 0, 0, 0, 10, 0, 10, : 10, 10, 10, 10, 19, 10, 10, 10, 10, 10, 10, 10, 10, 10, 2, 10, 10, 10, 10, 10, 10, 10, 10, 10, 10, 10, 2, 10, 10, 1, 10, 10, 10, 10, 10, 10, 10, 10, 10, 10, 10, 
408: 10, 0, 0, 10, 0, 10, 0, 11, 10, 0, 0, 10, 0, 10, 0, 10, 0, 10, 0, 0, 0, 0, 10, 1, 0, 10, 10, 10, 10, 10, 0, 10, 0, 10, 0, 0, 10, 0, 0, 0, 0, 0, 10, 13, 10, 10, 10, 0, 1, 10, 10, 10, 0, 0, 10, 0, 10, 0, 0, 10, 0, 0, 10, 0, 10, 10, 10, 0, 0, 0, 0, 0, 10, 0, 10, 10, 17, 10, 2, 0, : 10, 10, 10, 11, 10, 10, 10, 10, 10, 10, 1, 10, 10, 10, 10, 10, 10, 10, 10, 10, 13, 10, 10, 10, 1, 10, 10, 10, 10, 10, 10, 10, 10, 10, 10, 10, 10, 10, 17, 10, 2, 
119: 10, 10, 10, 1, 0, 10, 10, 10, 10, 0, 0, 10, 0, 10, 0, 0, 10, 0, 0, 0, 10, 0, 0, 0, 0, 0, 0, 10, 0, 0, 1, 0, 10, 0, 10, 0, 0, 10, 10, 0, 0, 10, 10, 10, 0, 0, 10, 10, 10, 0, 10, 0, 0, 0, 0, 10, 10, 10, 15, 10, 10, 10, 9, 7, 10, 0, 10, 0, 0, 10, 10, 10, 0, 0, 0, 10, 10, 1, 10, 1, : 10, 10, 10, 1, 10, 10, 10, 10, 10, 10, 10, 10, 10, 1, 10, 10, 10, 10, 10, 10, 10, 10, 10, 10, 10, 10, 10, 10, 15, 10, 10, 10, 9, 7, 10, 10, 10, 10, 10, 10, 10, 1, 10, 1, 
437: 0, 10, 2, 0, 0, 10, 10, 0, 10, 3, 0, 2, 10, 0, 0, 0, 10, 10, 10, 0, 10, 0, 0, 10, 10, 10, 0, 10, 0, 10, 10, 10, 0, 10, 10, 0, 10, 0, 0, 0, 0, 0, 0, 10, 10, 10, 0, 10, 0, 0, 0, 10, 0, 10, 10, 0, 0, 10, 10, 10, 0, 0, 10, 0, 10, 0, 0, 0, 0, 10, 10, 10, 0, 10, 10, 10, 0, 0, 0, 10, : 10, 2, 10, 10, 10, 3, 2, 10, 10, 10, 10, 10, 10, 10, 10, 10, 10, 10, 10, 10, 10, 10, 10, 10, 10, 10, 10, 10, 10, 10, 10, 10, 10, 10, 10, 10, 10, 10, 10, 10, 10, 
109: 10, 10, 10, 0, 10, 10, 10, 10, 0, 0, 0, 10, 0, 10, 10, 10, 10, 0, 10, 10, 10, 0, 0, 0, 0, 0, 10, 0, 10, 0, 0, 10, 0, 0, 10, 10, 10, 0, 10, 10, 10, 0, 10, 10, 0, 0, 19, 0, 10, 0, 10, 0, 10, 0, 0, 10, 1, 0, 0, 0, 10, 0, 0, 10, 10, 10, 10, 0, 10, 0, 10, 10, 10, 0, 0, 0, 10, 10, 1, 10, : 10, 10, 10, 10, 10, 10, 10, 10, 10, 10, 10, 10, 10, 10, 10, 10, 10, 10, 10, 10, 10, 10, 10, 10, 10, 10, 19, 10, 10, 10, 10, 1, 10, 10, 10, 10, 10, 10, 10, 10, 10, 10, 10, 1, 10, 
350: 10, 0, 0, 10, 0, 10, 10, 10, 0, 10, 0, 10, 0, 0, 0, 0, 0, 0, 10, 0, 0, 10, 0, 10, 0, 0, 0, 10, 0, 0, 10, 0, 10, 10, 0, 10, 0, 10, 0, 10, 10, 0, 10, 10, 0, 0, 10, 10, 0, 10, 0, 0, 10, 0, 0, 10, 10, 0, 0, 10, 0, 10, 0, 10, 10, 10, 0, 10, 10, 0, 0, 0, 10, 0, 10, 10, 10, 10, 0, 10, : 10, 10, 10, 10, 10, 10, 10, 10, 10, 10, 10, 10, 10, 10, 10, 10, 10, 10, 10, 10, 10, 10, 10, 10, 10, 10, 10, 10, 10, 10, 10, 10, 10, 10, 10, 10, 10, 10, 10, 
67: 10, 10, 0, 0, 0, 0, 3, 0, 0, 10, 0, 10, 0, 10, 10, 10, 10, 10, 0, 10, 0, 0, 0, 0, 0, 10, 10, 0, 0, 0, 0, 0, 0, 0, 0, 10, 0, 0, 0, 0, 0, 10, 0, 10, 10, 0, 0, 10, 0, 10, 0, 12, 10, 0, 0, 10, 10, 10, 10, 0, 10, 10, 0, 10, 1, 0, 10, 0, 0, 0, 0, 0, 10, 10, 0, 10, 10, 0, 0, 10, : 10, 10, 3, 10, 10, 10, 10, 10, 10, 10, 10, 10, 10, 10, 10, 10, 10, 10, 10, 12, 10, 10, 10, 10, 10, 10, 10, 10, 1, 10, 10, 10, 10, 10, 10, 
120: 0, 10, 10, 0, 10, 0, 0, 10, 10, 10, 0, 0, 0, 10, 0, 0, 0, 10, 10, 0, 10, 10, 0, 0, 0, 0, 10, 0, 0, 10, 0, 0, 0, 10, 0, 10, 10, 10, 0, 10, 10, 10, 0, 0, 0, 0, 0, 0, 10, 10, 10, 0, 0, 0, 6, 0, 10, 10, 0, 0, 10, 10, 10, 0, 10, 10, 0, 10, 0, 10, 10, 10, 0, 0, 0, 0, 10, 0, 0, 10, : 10, 10, 10, 10, 10, 10, 10, 10, 10, 10, 10, 10, 10, 10, 10, 10, 10, 10, 10, 10, 10, 10, 10, 6, 10, 10, 10, 10, 10, 10, 10, 10, 10, 10, 10, 10, 10, 
47: 17, 14, 0, 10, 10, 10, 0, 10, 10, 0, 0, 10, 0, 0, 0, 10, 0, 10, 0, 10, 0, 10, 0, 10, 0, 0, 10, 10, 10, 0, 10, 0, 0, 0, 0, 10, 0, 0, 0, 10, 4, 10, 0, 0, 10, 0, 0, 10, 0, 10, 0, 0, 0, 10, 10, 10, 10, 10, 10, 0, 0, 10, 10, 0, 10, 0, 10, 10, 0, 10, 0, 10, 10, 10, 10, 10, 8, 10, 0, 0, : 17, 14, 10, 10, 10, 10, 10, 10, 10, 10, 10, 10, 10, 10, 10, 10, 10, 10, 10, 4, 10, 10, 10, 10, 10, 10, 10, 10, 10, 10, 10, 10, 10, 10, 10, 10, 10, 10, 10, 10, 10, 8, 10, 
297: 10, 0, 0, 0, 0, 0, 10, 10, 0, 10, 0, 0, 0, 0, 0, 10, 10, 10, 0, 0, 0, 0, 10, 0, 10, 0, 0, 10, 0, 0, 10, 0, 10, 0, 3, 0, 0, 10, 10, 0, 10, 0, 0, 0, 10, 0, 10, 10, 0, 10, 10, 0, 10, 0, 10, 10, 0, 3, 10, 10, 10, 2, 0, 10, 0, 10, 10, 0, 0, 10, 0, 10, 10, 10, 10, 10, 0, 10, 0, 0, : 10, 10, 10, 10, 10, 10, 10, 10, 10, 10, 10, 10, 3, 10, 10, 10, 10, 10, 10, 10, 10, 10, 10, 10, 3, 10, 10, 10, 2, 10, 10, 10, 10, 10, 10, 10, 10, 10, 10, 
321: 10, 0, 0, 10, 10, 0, 10, 0, 0, 10, 2, 0, 10, 0, 10, 10, 10, 10, 10, 10, 0, 10, 0, 10, 10, 0, 10, 10, 10, 0, 10, 10, 0, 0, 10, 0, 10, 0, 10, 10, 0, 0, 0, 1, 0, 0, 10, 0, 10, 10, 0, 0, 10, 10, 0, 10, 0, 10, 0, 0, 0, 0, 0, 10, 10, 10, 10, 10, 0, 0, 0, 0, 15, 0, 0, 5, 10, 0, 0, 0, : 10, 10, 10, 10, 10, 2, 10, 10, 10, 10, 10, 10, 10, 10, 10, 10, 10, 10, 10, 10, 10, 10, 10, 10, 10, 1, 10, 10, 10, 10, 10, 10, 10, 10, 10, 10, 10, 10, 15, 5, 10, 
736: 0, 10, 2, 10, 14, 10, 10, 0, 0, 0, 0, 0, 0, 5, 0, 0, 10, 10, 10, 0, 0, 10, 10, 10, 10, 10, 0, 10, 0, 10, 10, 0, 0, 10, 10, 10, 0, 10, 0, 10, 10, 0, 1, 1, 0, 10, 10, 10, 10, 1, 10, 5, 0, 10, 10, 0, 10, 0, 10, 0, 10, 10, 0, 18, 0, 0, 10, 0, 0, 10, 10, 10, 0, 10, 10, 10, 0, 10, 0, 0, : 10, 2, 10, 14, 10, 10, 5, 10, 10, 10, 10, 10, 10, 10, 10, 10, 10, 10, 10, 10, 10, 10, 10, 10, 1, 1, 10, 10, 10, 10, 1, 10, 5, 10, 10, 10, 10, 10, 10, 18, 10, 10, 10, 10, 10, 10, 10, 10, 
327: 10, 10, 10, 10, 0, 10, 10, 10, 10, 0, 0, 0, 0, 10, 10, 0, 10, 0, 10, 10, 0, 0, 0, 0, 10, 0, 10, 0, 0, 0, 10, 0, 10, 0, 0, 0, 0, 0, 0, 0, 0, 10, 0, 10, 10, 0, 4, 0, 10, 0, 10, 0, 10, 6, 10, 10, 0, 0, 10, 10, 0, 10, 10, 0, 1, 0, 0, 10, 10, 10, 10, 10, 0, 10, 0, 10, 0, 0, 10, 0, : 10, 10, 10, 10, 10, 10, 10, 10, 10, 10, 10, 10, 10, 10, 10, 10, 10, 10, 10, 10, 4, 10, 10, 10, 6, 10, 10, 10, 10, 10, 10, 1, 10, 10, 10, 10, 10, 10, 10, 10, 
682: 10, 10, 0, 10, 10, 0, 10, 10, 10, 0, 0, 0, 0, 10, 10, 10, 10, 0, 0, 10, 10, 10, 10, 0, 10, 10, 0, 10, 0, 10, 10, 10, 0, 0, 0, 10, 0, 10, 0, 0, 10, 0, 10, 0, 0, 0, 10, 10, 10, 10, 10, 0, 0, 0, 10, 1, 0, 0, 10, 0, 10, 10, 12, 13, 10, 0, 0, 10, 10, 0, 0, 10, 0, 0, 0, 10, 0, 10, 0, 10, : 10, 10, 10, 10, 10, 10, 10, 10, 10, 10, 10, 10, 10, 10, 10, 10, 10, 10, 10, 10, 10, 10, 10, 10, 10, 10, 10, 10, 10, 10, 10, 1, 10, 10, 10, 12, 13, 10, 10, 10, 10, 10, 10, 10, 
508: 10, 10, 10, 10, 0, 10, 0, 0, 0, 0, 10, 10, 10, 0, 10, 0, 10, 10, 0, 0, 10, 0, 10, 10, 0, 4, 10, 1, 0, 0, 2, 0, 0, 0, 10, 10, 0, 10, 10, 10, 0, 10, 0, 10, 0, 0, 0, 0, 10, 10, 0, 10, 10, 10, 10, 0, 10, 10, 0, 0, 0, 10, 0, 0, 2, 10, 10, 0, 10, 0, 10, 10, 0, 0, 10, 10, 0, 10, 10, 10, : 10, 10, 10, 10, 10, 10, 10, 10, 10, 10, 10, 10, 10, 10, 4, 10, 1, 2, 10, 10, 10, 10, 10, 10, 10, 10, 10, 10, 10, 10, 10, 10, 10, 10, 2, 10, 10, 10, 10, 10, 10, 10, 10, 10, 10, 
716: 10, 0, 0, 0, 0, 0, 0, 0, 10, 0, 0, 0, 0, 0, 0, 10, 0, 0, 10, 1, 10, 0, 10, 0, 0, 10, 0, 0, 0, 0, 10, 10, 10, 10, 10, 10, 0, 10, 10, 10, 10, 10, 10, 0, 10, 10, 0, 10, 10, 10, 0, 0, 0, 10, 10, 10, 10, 0, 0, 0, 0, 10, 0, 0, 0, 1, 10, 10, 10, 10, 10, 10, 0, 10, 10, 0, 9, 0, 10, 10, : 10, 10, 10, 10, 1, 10, 10, 10, 10, 10, 10, 10, 10, 10, 10, 10, 10, 10, 10, 10, 10, 10, 10, 10, 10, 10, 10, 10, 10, 10, 1, 10, 10, 10, 10, 10, 10, 10, 10, 9, 10, 10, 
253: 0, 0, 10, 0, 10, 10, 0, 0, 0, 0, 0, 0, 0, 10, 0, 0, 0, 0, 10, 10, 0, 0, 0, 0, 0, 0, 0, 0, 0, 14, 0, 0, 0, 0, 0, 0, 10, 1, 10, 10, 0, 10, 0, 10, 0, 10, 0, 4, 10, 0, 0, 10, 10, 10, 0, 0, 9, 0, 0, 0, 0, 10, 0, 10, 0, 0, 10, 14, 0, 10, 10, 0, 0, 0, 10, 10, 0, 0, 0, 0, : 10, 10, 10, 10, 10, 10, 14, 10, 1, 10, 10, 10, 10, 10, 4, 10, 10, 10, 10, 9, 10, 10, 10, 14, 10, 10, 10, 10, 
691: 0, 0, 0, 10, 0, 10, 10, 10, 10, 0, 0, 0, 0, 10, 0, 9, 10, 0, 10, 0, 0, 0, 0, 0, 10, 10, 14, 0, 0, 10, 0, 0, 10, 0, 0, 2, 0, 10, 0, 10, 10, 0, 10, 0, 10, 0, 0, 0, 10, 0, 0, 10, 3, 10, 0, 10, 0, 10, 0, 0, 10, 10, 0, 0, 0, 0, 0, 10, 0, 10, 10, 0, 0, 0, 0, 10, 10, 0, 0, 10, : 10, 10, 10, 10, 10, 10, 9, 10, 10, 10, 10, 14, 10, 10, 2, 10, 10, 10, 10, 10, 10, 10, 3, 10, 10, 10, 10, 10, 10, 10, 10, 10, 10, 10, 
469: 10, 0, 0, 0, 0, 0, 10, 10, 0, 0, 0, 0, 0, 0, 10, 0, 10, 0, 0, 0, 10, 0, 0, 10, 10, 10, 0, 0, 10, 0, 0, 0, 0, 0, 10, 0, 10, 10, 10, 10, 10, 0, 10, 10, 0, 0, 10, 10, 10, 10, 10, 10, 10, 0, 10, 10, 10, 10, 0, 10, 0, 0, 10, 10, 0, 0, 0, 10, 0, 0, 0, 0, 0, 0, 10, 10, 1, 0, 10, 0, : 10, 10, 10, 10, 10, 10, 10, 10, 10, 10, 10, 10, 10, 10, 10, 10, 10, 10, 10, 10, 10, 10, 10, 10, 10, 10, 10, 10, 10, 10, 10, 10, 10, 10, 10, 1, 10, 
746: 10, 10, 0, 0, 10, 10, 10, 10, 10, 10, 10, 10, 10, 10, 0, 10, 0, 10, 10, 10, 0, 10, 10, 0, 0, 10, 2, 0, 10, 10, 0, 1, 10, 10, 0, 0, 0, 10, 10, 10, 0, 0, 0, 10, 0, 0, 0, 0, 0, 0, 0, 0, 10, 0, 10, 10, 0, 10, 0, 10, 10, 0, 10, 10, 10, 11, 10, 10, 0, 0, 0, 0, 10, 10, 0, 10, 0, 10, 10, 10, : 10, 10, 10, 10, 10, 10, 10, 10, 10, 10, 10, 10, 10, 10, 10, 10, 10, 10, 10, 2, 10, 10, 1, 10, 10, 10, 10, 10, 10, 10, 10, 10, 10, 10, 10, 10, 10, 10, 11, 10, 10, 10, 10, 10, 10, 10, 10, 
617: 10, 10, 10, 0, 10, 10, 0, 10, 10, 0, 0, 10, 10, 2, 10, 6, 0, 0, 10, 10, 0, 10, 10, 10, 10, 10, 10, 0, 10, 10, 0, 10, 10, 10, 0, 10, 0, 0, 0, 10, 0, 10, 0, 0, 10, 0, 0, 0, 10, 10, 0, 10, 0, 0, 10, 0, 0, 10, 10, 10, 10, 10, 10, 10, 10, 0, 0, 10, 10, 10, 10, 0, 10, 0, 0, 10, 10, 10, 10, 2, : 10, 10, 10, 10, 10, 10, 10, 10, 10, 2, 10, 6, 10, 10, 10, 10, 10, 10, 10, 10, 10, 10, 10, 10, 10, 10, 10, 10, 10, 10, 10, 10, 10, 10, 10, 10, 10, 10, 10, 10, 10, 10, 10, 10, 10, 10, 10, 10, 10, 10, 2, 
422: 0, 10, 1, 0, 10, 0, 0, 10, 0, 8, 0, 0, 10, 0, 10, 18, 0, 10, 10, 10, 0, 10, 10, 10, 0, 0, 0, 10, 10, 10, 10, 10, 0, 10, 10, 0, 15, 0, 0, 0, 0, 10, 10, 0, 10, 10, 0, 1, 10, 10, 0, 10, 10, 10, 10, 10, 0, 0, 10, 10, 10, 0, 10, 10, 10, 10, 10, 0, 0, 10, 10, 10, 10, 10, 0, 0, 10, 0, 10, 10, : 10, 1, 10, 10, 8, 10, 10, 18, 10, 10, 10, 10, 10, 10, 10, 10, 10, 10, 10, 10, 10, 15, 10, 10, 10, 10, 1, 10, 10, 10, 10, 10, 10, 10, 10, 10, 10, 10, 10, 10, 10, 10, 10, 10, 10, 10, 10, 10, 10, 10, 
628: 10, 10, 0, 0, 6, 6, 0, 10, 10, 0, 0, 10, 10, 0, 0, 10, 10, 10, 10, 0, 0, 10, 10, 1, 10, 0, 0, 0, 0, 0, 10, 0, 0, 10, 0, 10, 0, 10, 0, 0, 0, 10, 10, 0, 0, 10, 10, 0, 10, 10, 10, 10, 0, 0, 0, 0, 10, 0, 10, 0, 0, 0, 1, 0, 10, 10, 0, 0, 10, 0, 0, 0, 10, 0, 10, 0, 10, 0, 10, 0, : 10, 10, 6, 6, 10, 10, 10, 10, 10, 10, 10, 10, 10, 10, 1, 10, 10, 10, 10, 10, 10, 10, 10, 10, 10, 10, 10, 10, 10, 10, 1, 10, 10, 10, 10, 10, 10, 10, 
706: 0, 10, 10, 0, 0, 0, 10, 10, 0, 10, 10, 10, 10, 0, 10, 0, 0, 0, 10, 10, 10, 10, 0, 0, 0, 10, 10, 10, 0, 10, 0, 10, 10, 10, 0, 0, 0, 10, 10, 10, 0, 10, 0, 0, 0, 10, 10, 0, 0, 2, 10, 0, 10, 0, 10, 10, 10, 0, 0, 0, 0, 0, 0, 10, 10, 10, 10, 10, 0, 10, 0, 0, 10, 1, 0, 0, 0, 0, 10, 0, : 10, 10, 10, 10, 10, 10, 10, 10, 10, 10, 10, 10, 10, 10, 10, 10, 10, 10, 10, 10, 10, 10, 10, 10, 10, 10, 2, 10, 10, 10, 10, 10, 10, 10, 10, 10, 10, 10, 10, 1, 10, 
741: 10, 0, 10, 0, 1, 10, 0, 0, 10, 10, 10, 0, 0, 10, 10, 10, 0, 0, 0, 0, 0, 10, 10, 10, 10, 0, 0, 10, 10, 10, 4, 10, 10, 0, 0, 10, 0, 0, 10, 10, 10, 10, 13, 10, 10, 0, 10, 0, 0, 0, 10, 10, 0, 0, 0, 10, 10, 0, 10, 10, 0, 2, 10, 0, 0, 10, 0, 10, 10, 0, 10, 19, 10, 10, 10, 0, 10, 0, 0, 10, : 10, 10, 1, 10, 10, 10, 10, 10, 10, 10, 10, 10, 10, 10, 10, 10, 10, 4, 10, 10, 10, 10, 10, 10, 10, 13, 10, 10, 10, 10, 10, 10, 10, 10, 10, 2, 10, 10, 10, 10, 10, 19, 10, 10, 10, 10, 10, 
540: 0, 0, 0, 10, 10, 0, 0, 10, 0, 10, 0, 0, 10, 10, 0, 10, 0, 0, 0, 10, 0, 10, 0, 0, 0, 10, 0, 10, 0, 0, 0, 0, 10, 10, 0, 10, 10, 10, 0, 0, 10, 2, 10, 10, 0, 10, 0, 10, 0, 10, 10, 10, 10, 10, 10, 10, 10, 3, 0, 3, 10, 10, 10, 10, 0, 0, 10, 10, 10, 10, 0, 0, 0, 0, 10, 0, 10, 10, 0, 10, : 10, 10, 10, 10, 10, 10, 10, 10, 10, 10, 10, 10, 10, 10, 10, 10, 10, 2, 10, 10, 10, 10, 10, 10, 10, 10, 10, 10, 10, 10, 3, 3, 10, 10, 10, 10, 10, 10, 10, 10, 10, 10, 10, 10, 
247: 0, 10, 10, 10, 0, 10, 0, 0, 0, 10, 10, 2, 10, 10, 0, 10, 10, 10, 0, 0, 0, 4, 10, 10, 0, 10, 10, 0, 10, 0, 2, 10, 10, 10, 10, 0, 10, 10, 10, 0, 10, 10, 0, 10, 10, 0, 0, 0, 0, 0, 10, 0, 10, 0, 0, 20, 0, 10, 10, 7, 0, 0, 10, 0, 0, 10, 10, 0, 10, 0, 10, 0, 0, 10, 0, 0, 10, 0, 0, 0, : 10, 10, 10, 10, 10, 10, 2, 10, 10, 10, 10, 10, 4, 10, 10, 10, 10, 10, 2, 10, 10, 10, 10, 10, 10, 10, 10, 10, 10, 10, 10, 10, 20, 10, 10, 7, 10, 10, 10, 10, 10, 10, 10, 
361: 10, 0, 0, 10, 0, 10, 10, 1, 10, 10, 0, 10, 0, 10, 10, 10, 0, 0, 10, 10, 10, 10, 10, 19, 0, 10, 10, 10, 0, 0, 0, 10, 0, 10, 0, 0, 0, 0, 10, 0, 10, 0, 0, 0, 10, 10, 10, 10, 10, 10, 0, 10, 0, 0, 0, 10, 0, 0, 0, 0, 10, 10, 0, 11, 0, 10, 10, 10, 10, 0, 10, 10, 0, 10, 0, 10, 10, 0, 0, 10, : 10, 10, 10, 10, 1, 10, 10, 10, 10, 10, 10, 10, 10, 10, 10, 10, 19, 10, 10, 10, 10, 10, 10, 10, 10, 10, 10, 10, 10, 10, 10, 10, 10, 10, 11, 10, 10, 10, 10, 10, 10, 10, 10, 10, 10, 
709: 0, 0, 0, 0, 10, 0, 0, 10, 0, 0, 10, 10, 10, 10, 10, 0, 10, 0, 10, 2, 10, 10, 10, 0, 10, 10, 10, 10, 0, 0, 10, 0, 0, 0, 0, 10, 0, 10, 0, 0, 10, 10, 10, 0, 0, 0, 0, 19, 0, 0, 10, 0, 10, 10, 10, 10, 0, 0, 10, 0, 10, 10, 0, 1, 0, 10, 10, 0, 10, 10, 0, 10, 2, 0, 10, 10, 0, 0, 0, 0, : 10, 10, 10, 10, 10, 10, 10, 10, 10, 2, 10, 10, 10, 10, 10, 10, 10, 10, 10, 10, 10, 10, 10, 19, 10, 10, 10, 10, 10, 10, 10, 10, 1, 10, 10, 10, 10, 10, 2, 10, 10, 
482: 10, 0, 0, 10, 0, 10, 10, 0, 0, 0, 0, 0, 0, 0, 10, 10, 10, 10, 10, 10, 0, 0, 10, 0, 0, 10, 10, 10, 10, 10, 0, 10, 0, 7, 0, 0, 0, 0, 0, 10, 0, 0, 0, 0, 0, 0, 0, 0, 0, 0, 0, 10, 0, 0, 0, 10, 0, 10, 10, 0, 0, 1, 10, 10, 10, 0, 10, 10, 10, 0, 0, 0, 2, 10, 0, 0, 10, 10, 0, 0, : 10, 10, 10, 10, 10, 10, 10, 10, 10, 10, 10, 10, 10, 10, 10, 10, 10, 7, 10, 10, 10, 10, 10, 1, 10, 10, 10, 10, 10, 10, 2, 10, 10, 10, 
173: 0, 0, 0, 10, 0, 0, 0, 0, 0, 0, 10, 0, 0, 10, 10, 10, 10, 0, 10, 10, 11, 10, 10, 10, 0, 0, 0, 10, 0, 0, 0, 0, 0, 0, 10, 10, 10, 0, 10, 10, 10, 0, 10, 0, 10, 10, 10, 0, 0, 10, 0, 10, 0, 10, 10, 0, 10, 10, 10, 10, 0, 10, 10, 0, 0, 10, 0, 0, 0, 10, 10, 0, 0, 0, 0, 0, 0, 0, 10, 10, : 10, 10, 10, 10, 10, 10, 10, 10, 11, 10, 10, 10, 10, 10, 10, 10, 10, 10, 10, 10, 10, 10, 10, 10, 10, 10, 10, 10, 10, 10, 10, 10, 10, 10, 10, 10, 10, 10, 
696: 10, 6, 10, 10, 0, 0, 10, 10, 0, 10, 10, 10, 10, 0, 10, 0, 0, 10, 0, 0, 0, 0, 0, 10, 15, 0, 0, 0, 0, 0, 0, 10, 0, 0, 10, 10, 10, 0, 10, 0, 10, 10, 0, 0, 10, 10, 10, 10, 0, 10, 0, 10, 10, 10, 10, 4, 0, 0, 1, 10, 0, 10, 0, 0, 0, 0, 2, 10, 0, 10, 0, 0, 0, 1, 0, 10, 10, 0, 10, 10, : 10, 6, 10, 10, 10, 10, 10, 10, 10, 10, 10, 10, 10, 15, 10, 10, 10, 10, 10, 10, 10, 10, 10, 10, 10, 10, 10, 10, 10, 10, 4, 1, 10, 10, 2, 10, 10, 1, 10, 10, 10, 10, 
75: 0, 0, 0, 0, 0, 10, 2, 10, 10, 0, 10, 10, 0, 0, 1, 10, 0, 10, 6, 0, 0, 0, 0, 10, 0, 10, 0, 0, 10, 0, 10, 10, 10, 10, 10, 10, 10, 0, 0, 10, 0, 10, 10, 18, 0, 10, 10, 10, 10, 10, 0, 10, 0, 0, 10, 0, 0, 0, 10, 0, 10, 10, 10, 0, 0, 0, 0, 0, 0, 10, 0, 0, 0, 0, 10, 10, 0, 10, 10, 10, : 10, 2, 10, 10, 10, 10, 1, 10, 10, 6, 10, 10, 10, 10, 10, 10, 10, 10, 10, 10, 10, 10, 10, 18, 10, 10, 10, 10, 10, 10, 10, 10, 10, 10, 10, 10, 10, 10, 10, 10, 10, 
724: 10, 4, 0, 10, 10, 10, 0, 10, 10, 10, 10, 0, 10, 0, 0, 10, 10, 19, 0, 10, 10, 0, 10, 0, 0, 10, 19, 0, 10, 10, 0, 10, 18, 10, 10, 0, 0, 10, 10, 0, 0, 10, 10, 10, 10, 0, 0, 0, 0, 10, 0, 0, 0, 0, 10, 0, 12, 0, 10, 10, 0, 0, 0, 10, 1, 10, 10, 0, 0, 0, 0, 10, 6, 0, 0, 0, 10, 10, 0, 0, : 10, 4, 10, 10, 10, 10, 10, 10, 10, 10, 10, 10, 19, 10, 10, 10, 10, 19, 10, 10, 10, 18, 10, 10, 10, 10, 10, 10, 10, 10, 10, 10, 12, 10, 10, 10, 1, 10, 10, 10, 6, 10, 10, 
563: 0, 0, 10, 10, 0, 10, 0, 0, 0, 0, 0, 0, 0, 10, 0, 10, 10, 10, 0, 0, 0, 10, 0, 0, 0, 0, 10, 0, 0, 10, 10, 10, 10, 10, 10, 0, 10, 0, 0, 0, 0, 0, 10, 0, 0, 0, 0, 0, 0, 0, 10, 10, 10, 0, 0, 10, 0, 10, 0, 2, 10, 0, 0, 0, 10, 10, 10, 0, 0, 0, 10, 10, 10, 10, 0, 10, 10, 0, 10, 10, : 10, 10, 10, 10, 10, 10, 10, 10, 10, 10, 10, 10, 10, 10, 10, 10, 10, 10, 10, 10, 10, 10, 2, 10, 10, 10, 10, 10, 10, 10, 10, 10, 10, 10, 10, 
615: 10, 0, 10, 15, 10, 10, 0, 10, 10, 10, 0, 10, 10, 10, 0, 0, 0, 0, 0, 10, 0, 0, 0, 10, 10, 10, 0, 10, 10, 10, 0, 10, 10, 0, 10, 0, 0, 10, 10, 10, 0, 10, 0, 1, 20, 0, 10, 0, 14, 10, 0, 10, 0, 10, 0, 0, 0, 10, 0, 10, 0, 10, 10, 10, 10, 10, 1, 0, 0, 10, 0, 0, 0, 10, 10, 0, 0, 10, 0, 10, : 10, 10, 15, 10, 10, 10, 10, 10, 10, 10, 10, 10, 10, 10, 10, 10, 10, 10, 10, 10, 10, 10, 10, 10, 10, 1, 20, 10, 14, 10, 10, 10, 10, 10, 10, 10, 10, 10, 10, 1, 10, 10, 10, 10, 10, 
547: 10, 10, 0, 0, 10, 0, 10, 0, 10, 0, 10, 0, 0, 10, 0, 0, 0, 10, 0, 0, 10, 10, 10, 10, 10, 10, 10, 10, 10, 3, 10, 10, 0, 10, 0, 10, 10, 0, 10, 10, 0, 10, 10, 0, 10, 20, 0, 10, 0, 0, 10, 0, 0, 0, 10, 0, 10, 10, 8, 10, 0, 10, 0, 0, 0, 10, 0, 10, 10, 0, 0, 10, 10, 10, 10, 10, 0, 0, 10, 14, : 10, 10, 10, 10, 10, 10, 10, 10, 10, 10, 10, 10, 10, 10, 10, 10, 10, 3, 10, 10, 10, 10, 10, 10, 10, 10, 10, 10, 20, 10, 10, 10, 10, 10, 8, 10, 10, 10, 10, 10, 10, 10, 10, 10, 10, 10, 14, 
4: 0, 10, 5, 0, 0, 10, 10, 0, 0, 10, 10, 10, 0, 0, 0, 10, 10, 10, 0, 0, 10, 10, 10, 10, 0, 0, 0, 0, 10, 10, 10, 0, 0, 10, 0, 10, 10, 0, 10, 0, 10, 0, 10, 10, 10, 10, 0, 0, 10, 0, 2, 10, 10, 0, 0, 0, 10, 0, 0, 0, 0, 0, 0, 10, 10, 10, 10, 0, 0, 0, 10, 0, 10, 10, 0, 10, 0, 10, 10, 0, : 10, 5, 10, 10, 10, 10, 10, 10, 10, 10, 10, 10, 10, 10, 10, 10, 10, 10, 10, 10, 10, 10, 10, 10, 10, 10, 10, 2, 10, 10, 10, 10, 10, 10, 10, 10, 10, 10, 10, 10, 10, 
308: 10, 10, 0, 0, 0, 0, 0, 10, 0, 0, 0, 0, 10, 0, 10, 0, 0, 0, 10, 10, 10, 10, 0, 8, 0, 0, 0, 10, 10, 0, 10, 0, 0, 10, 0, 10, 10, 10, 10, 6, 10, 10, 10, 10, 0, 0, 0, 0, 10, 10, 0, 10, 10, 0, 0, 0, 3, 10, 0, 0, 10, 10, 0, 0, 0, 0, 0, 10, 0, 10, 0, 10, 10, 0, 0, 0, 10, 0, 0, 10, : 10, 10, 10, 10, 10, 10, 10, 10, 10, 8, 10, 10, 10, 10, 10, 10, 10, 10, 6, 10, 10, 10, 10, 10, 10, 10, 10, 3, 10, 10, 10, 10, 10, 10, 10, 10, 10, 
51: 0, 10, 0, 10, 10, 10, 0, 0, 10, 0, 10, 10, 10, 0, 10, 0, 10, 0, 0, 2, 0, 0, 10, 10, 10, 10, 10, 0, 0, 10, 10, 0, 10, 10, 0, 10, 0, 10, 0, 10, 10, 10, 0, 0, 0, 0, 0, 10, 2, 0, 10, 10, 0, 0, 0, 10, 10, 10, 10, 1, 5, 10, 0, 0, 0, 0, 0, 0, 10, 5, 10, 0, 0, 0, 0, 10, 10, 0, 10, 0, : 10, 10, 10, 10, 10, 10, 10, 10, 10, 10, 2, 10, 10, 10, 10, 10, 10, 10, 10, 10, 10, 10, 10, 10, 10, 10, 2, 10, 10, 10, 10, 10, 10, 1, 5, 10, 10, 5, 10, 10, 10, 10, 
393: 0, 0, 0, 10, 10, 0, 10, 0, 14, 10, 10, 10, 10, 0, 10, 10, 0, 10, 8, 0, 0, 10, 10, 1, 0, 10, 10, 10, 0, 10, 10, 0, 0, 0, 10, 0, 10, 10, 10, 0, 10, 0, 0, 10, 10, 10, 10, 10, 0, 0, 0, 10, 0, 0, 10, 10, 10, 0, 1, 10, 10, 0, 10, 0, 10, 10, 0, 10, 10, 10, 0, 10, 10, 10, 0, 0, 0, 0, 10, 0, : 10, 10, 10, 14, 10, 10, 10, 10, 10, 10, 10, 8, 10, 10, 1, 10, 10, 10, 10, 10, 10, 10, 10, 10, 10, 10, 10, 10, 10, 10, 10, 10, 10, 10, 1, 10, 10, 10, 10, 10, 10, 10, 10, 10, 10, 10, 10, 
383: 10, 10, 0, 10, 0, 0, 10, 0, 0, 0, 0, 10, 0, 0, 0, 0, 0, 0, 0, 0, 10, 10, 10, 10, 0, 0, 10, 10, 10, 10, 0, 10, 10, 10, 10, 0, 10, 10, 10, 10, 0, 0, 0, 10, 10, 0, 10, 0, 0, 10, 0, 0, 0, 10, 0, 0, 0, 0, 0, 10, 0, 0, 0, 10, 10, 10, 0, 10, 10, 10, 10, 0, 0, 0, 10, 10, 10, 0, 10, 0, : 10, 10, 10, 10, 10, 10, 10, 10, 10, 10, 10, 10, 10, 10, 10, 10, 10, 10, 10, 10, 10, 10, 10, 10, 10, 10, 10, 10, 10, 10, 10, 10, 10, 10, 10, 10, 10, 10, 
678: 10, 10, 10, 10, 10, 0, 10, 0, 0, 10, 10, 10, 0, 0, 8, 10, 0, 0, 10, 0, 10, 0, 10, 0, 2, 10, 0, 10, 0, 10, 10, 0, 10, 10, 10, 0, 10, 10, 0, 0, 0, 0, 10, 10, 0, 10, 0, 0, 0, 0, 0, 10, 0, 0, 3, 0, 10, 0, 0, 0, 0, 0, 10, 0, 10, 10, 10, 10, 10, 10, 0, 0, 10, 10, 10, 10, 0, 3, 10, 0, : 10, 10, 10, 10, 10, 10, 10, 10, 10, 8, 10, 10, 10, 10, 2, 10, 10, 10, 10, 10, 10, 10, 10, 10, 10, 10, 10, 10, 3, 10, 10, 10, 10, 10, 10, 10, 10, 10, 10, 10, 10, 3, 10, 
380: 0, 0, 10, 10, 0, 0, 10, 10, 0, 2, 10, 10, 10, 0, 5, 10, 0, 10, 0, 10, 0, 0, 9, 0, 10, 0, 0, 10, 10, 0, 10, 0, 7, 0, 10, 17, 10, 0, 10, 10, 0, 10, 0, 10, 0, 0, 0, 0, 10, 0, 0, 0, 10, 10, 0, 0, 0, 10, 10, 0, 0, 0, 0, 10, 10, 0, 10, 0, 10, 0, 0, 0, 0, 10, 10, 0, 10, 10, 10, 10, : 10, 10, 10, 10, 2, 10, 10, 10, 5, 10, 10, 10, 9, 10, 10, 10, 10, 7, 10, 17, 10, 10, 10, 10, 10, 10, 10, 10, 10, 10, 10, 10, 10, 10, 10, 10, 10, 10, 10, 10, 
91: 0, 10, 0, 10, 0, 10, 2, 0, 10, 10, 10, 0, 10, 10, 0, 0, 0, 0, 10, 10, 10, 0, 10, 10, 0, 10, 10, 0, 10, 0, 10, 10, 0, 10, 0, 10, 0, 10, 0, 10, 10, 0, 10, 10, 10, 0, 10, 0, 10, 10, 0, 0, 10, 10, 10, 0, 10, 0, 0, 0, 2, 10, 0, 0, 10, 10, 10, 0, 10, 10, 1, 0, 0, 10, 0, 0, 0, 10, 10, 10, : 10, 10, 10, 2, 10, 10, 10, 10, 10, 10, 10, 10, 10, 10, 10, 10, 10, 10, 10, 10, 10, 10, 10, 10, 10, 10, 10, 10, 10, 10, 10, 10, 10, 10, 2, 10, 10, 10, 10, 10, 10, 1, 10, 10, 10, 10, 
585: 0, 10, 10, 0, 10, 10, 10, 0, 10, 10, 0, 0, 10, 0, 0, 0, 0, 0, 10, 0, 10, 0, 10, 0, 10, 0, 0, 0, 10, 0, 10, 0, 10, 0, 0, 10, 10, 0, 0, 10, 10, 10, 10, 0, 10, 10, 10, 0, 10, 0, 0, 10, 10, 10, 10, 0, 0, 0, 0, 10, 0, 0, 10, 0, 10, 0, 0, 0, 0, 10, 0, 0, 0, 0, 0, 10, 0, 10, 0, 0, : 10, 10, 10, 10, 10, 10, 10, 10, 10, 10, 10, 10, 10, 10, 10, 10, 10, 10, 10, 10, 10, 10, 10, 10, 10, 10, 10, 10, 10, 10, 10, 10, 10, 10, 10, 
98: 0, 0, 0, 10, 0, 0, 0, 10, 9, 10, 10, 10, 10, 10, 0, 1, 0, 10, 0, 0, 10, 10, 0, 0, 0, 0, 10, 10, 10, 10, 10, 10, 10, 10, 10, 10, 10, 10, 10, 10, 10, 0, 10, 10, 0, 10, 10, 0, 10, 0, 10, 10, 0, 10, 0, 10, 0, 0, 10, 10, 10, 0, 10, 10, 0, 0, 10, 0, 10, 0, 0, 10, 10, 0, 0, 0, 10, 0, 1, 10, : 10, 10, 9, 10, 10, 10, 10, 10, 1, 10, 10, 10, 10, 10, 10, 10, 10, 10, 10, 10, 10, 10, 10, 10, 10, 10, 10, 10, 10, 10, 10, 10, 10, 10, 10, 10, 10, 10, 10, 10, 10, 10, 10, 10, 10, 10, 1, 10, 
175: 10, 0, 0, 0, 10, 0, 10, 0, 0, 0, 10, 0, 0, 10, 0, 0, 0, 0, 10, 10, 10, 0, 0, 0, 10, 0, 10, 10, 10, 0, 10, 10, 10, 10, 10, 10, 10, 10, 0, 0, 10, 10, 0, 0, 13, 10, 0, 10, 0, 0, 10, 2, 10, 0, 0, 10, 9, 0, 10, 10, 0, 0, 10, 10, 0, 0, 0, 10, 0, 0, 10, 0, 10, 10, 0, 0, 10, 6, 10, 0, : 10, 10, 10, 10, 10, 10, 10, 10, 10, 10, 10, 10, 10, 10, 10, 10, 10, 10, 10, 10, 10, 10, 13, 10, 10, 10, 2, 10, 10, 9, 10, 10, 10, 10, 10, 10, 10, 10, 10, 6, 10, 
228: 10, 0, 0, 0, 10, 0, 10, 10, 10, 10, 10, 10, 10, 0, 0, 0, 0, 0, 10, 10, 0, 0, 10, 13, 10, 0, 0, 10, 10, 10, 10, 0, 0, 1, 0, 10, 0, 0, 10, 0, 10, 10, 0, 0, 0, 10, 1, 10, 10, 10, 10, 10, 10, 0, 10, 10, 0, 10, 10, 0, 10, 10, 0, 0, 10, 10, 0, 10, 0, 0, 10, 14, 0, 0, 1, 10, 10, 10, 0, 0, : 10, 10, 10, 10, 10, 10, 10, 10, 10, 10, 10, 10, 13, 10, 10, 10, 10, 10, 1, 10, 10, 10, 10, 10, 1, 10, 10, 10, 10, 10, 10, 10, 10, 10, 10, 10, 10, 10, 10, 10, 10, 14, 1, 10, 10, 10, 
348: 0, 0, 10, 0, 2, 0, 0, 10, 10, 10, 0, 10, 0, 10, 10, 0, 0, 10, 0, 10, 10, 10, 0, 10, 10, 1, 0, 0, 10, 10, 0, 10, 10, 0, 0, 0, 10, 0, 0, 0, 0, 0, 10, 10, 0, 10, 0, 10, 0, 0, 10, 0, 10, 10, 0, 10, 10, 0, 10, 10, 10, 10, 0, 10, 10, 0, 0, 0, 2, 0, 10, 0, 0, 10, 10, 10, 10, 10, 0, 10, : 10, 2, 10, 10, 10, 10, 10, 10, 10, 10, 10, 10, 10, 10, 1, 10, 10, 10, 10, 10, 10, 10, 10, 10, 10, 10, 10, 10, 10, 10, 10, 10, 10, 10, 10, 2, 10, 10, 10, 10, 10, 10, 10, 
147: 10, 0, 10, 10, 0, 10, 10, 0, 0, 0, 10, 0, 20, 10, 10, 10, 0, 10, 10, 10, 10, 1, 10, 0, 0, 0, 10, 10, 10, 10, 10, 0, 10, 10, 0, 0, 10, 0, 10, 0, 10, 0, 10, 10, 10, 0, 3, 10, 10, 10, 0, 0, 10, 10, 10, 10, 10, 10, 10, 0, 10, 0, 10, 10, 10, 10, 0, 0, 10, 0, 1, 10, 0, 10, 10, 10, 10, 0, 0, 0, : 10, 10, 10, 10, 10, 10, 20, 10, 10, 10, 10, 10, 10, 10, 1, 10, 10, 10, 10, 10, 10, 10, 10, 10, 10, 10, 10, 10, 10, 3, 10, 10, 10, 10, 10, 10, 10, 10, 10, 10, 10, 10, 10, 10, 10, 10, 1, 10, 10, 10, 10, 10, 
360: 0, 10, 10, 10, 0, 10, 0, 10, 10, 0, 10, 10, 0, 0, 0, 10, 10, 0, 10, 10, 10, 10, 10, 0, 10, 0, 0, 0, 10, 10, 10, 0, 10, 10, 2, 0, 0, 0, 0, 0, 0, 10, 0, 0, 0, 0, 10, 10, 0, 0, 0, 0, 10, 10, 0, 0, 0, 10, 10, 10, 5, 0, 10, 0, 0, 3, 2, 0, 10, 10, 10, 5, 10, 10, 0, 0, 10, 10, 10, 0, : 10, 10, 10, 10, 10, 10, 10, 10, 10, 10, 10, 10, 10, 10, 10, 10, 10, 10, 10, 10, 10, 2, 10, 10, 10, 10, 10, 10, 10, 10, 5, 10, 3, 2, 10, 10, 10, 5, 10, 10, 10, 10, 10, 
663: 10, 10, 10, 0, 10, 10, 0, 0, 10, 10, 10, 0, 0, 10, 0, 1, 8, 0, 0, 10, 10, 10, 0, 0, 10, 10, 0, 10, 0, 5, 10, 10, 10, 0, 10, 3, 10, 20, 0, 0, 10, 0, 10, 0, 10, 10, 10, 0, 0, 0, 10, 10, 10, 0, 10, 0, 10, 10, 10, 0, 0, 10, 0, 0, 0, 10, 10, 0, 10, 3, 0, 10, 10, 10, 10, 0, 0, 0, 10, 0, : 10, 10, 10, 10, 10, 10, 10, 10, 10, 1, 8, 10, 10, 10, 10, 10, 10, 5, 10, 10, 10, 10, 3, 10, 20, 10, 10, 10, 10, 10, 10, 10, 10, 10, 10, 10, 10, 10, 10, 10, 10, 3, 10, 10, 10, 10, 10, 
274: 0, 10, 10, 0, 10, 0, 10, 10, 0, 0, 10, 0, 0, 10, 10, 10, 0, 0, 0, 0, 0, 0, 0, 10, 10, 0, 10, 10, 0, 10, 0, 10, 0, 0, 0, 0, 0, 10, 10, 0, 10, 0, 0, 10, 10, 0, 0, 0, 10, 10, 10, 0, 0, 10, 10, 0, 10, 9, 0, 2, 10, 0, 0, 0, 10, 0, 0, 1, 0, 0, 10, 1, 10, 0, 10, 0, 0, 10, 0, 0, : 10, 10, 10, 10, 10, 10, 10, 10, 10, 10, 10, 10, 10, 10, 10, 10, 10, 10, 10, 10, 10, 10, 10, 10, 10, 10, 9, 2, 10, 10, 1, 10, 1, 10, 10, 10, 
80: 0, 0, 10, 10, 10, 0, 20, 0, 10, 0, 10, 1, 10, 10, 8, 10, 10, 0, 0, 0, 10, 0, 10, 0, 10, 10, 10, 0, 0, 0, 0, 1, 0, 0, 10, 0, 0, 10, 0, 9, 0, 10, 0, 0, 10, 0, 10, 10, 0, 0, 10, 0, 1, 10, 0, 10, 10, 0, 0, 0, 10, 0, 0, 10, 10, 0, 0, 0, 9, 10, 10, 10, 0, 0, 10, 10, 0, 10, 0, 10, : 10, 10, 10, 20, 10, 10, 1, 10, 10, 8, 10, 10, 10, 10, 10, 10, 10, 1, 10, 10, 9, 10, 10, 10, 10, 10, 1, 10, 10, 10, 10, 10, 10, 9, 10, 10, 10, 10, 10, 10, 10, 


581: 0, 10, 0, 10, 0, 10, 0, 10, 0, 10, 10, 10, 0, 0, 0, 0, 10, 0, 10, 20, 0, 10, 0, 0, 0, 10, 0, 0, 10, 10, 10, 0, 10, 0, 1, 10, 0, 0, 10, 0, 10, 10, 0, 10, 10, 0, 10, 10, 0, 10, 10, 0, 10, 10, 10, 10, 0, 10, 10, 0, 0, 0, 10, 0, 0, 0, 10, 10, 0, 10, 10, 10, 0, 0, 0, 0, 10, 0, 10, 0, : 10, 10, 10, 10, 10, 10, 10, 10, 10, 20, 10, 10, 10, 10, 10, 10, 1, 10, 10, 10, 10, 10, 10, 10, 10, 10, 10, 10, 10, 10, 10, 10, 10, 10, 10, 10, 10, 10, 10, 10, 10, 
665: 10, 0, 0, 0, 0, 4, 0, 10, 10, 0, 10, 0, 0, 0, 0, 10, 10, 10, 0, 10, 10, 0, 10, 10, 10, 10, 0, 10, 8, 10, 10, 0, 10, 0, 9, 10, 0, 0, 10, 10, 0, 10, 10, 0, 10, 0, 10, 0, 0, 0, 10, 0, 10, 10, 0, 0, 10, 10, 0, 0, 10, 10, 10, 0, 10, 0, 10, 0, 0, 10, 10, 10, 10, 0, 10, 0, 0, 0, 0, 0, : 10, 4, 10, 10, 10, 10, 10, 10, 10, 10, 10, 10, 10, 10, 10, 8, 10, 10, 10, 9, 10, 10, 10, 10, 10, 10, 10, 10, 10, 10, 10, 10, 10, 10, 10, 10, 10, 10, 10, 10, 10, 10, 
114: 0, 0, 0, 0, 10, 10, 10, 10, 0, 10, 0, 10, 10, 10, 0, 10, 10, 3, 10, 10, 10, 10, 0, 10, 10, 0, 0, 0, 0, 10, 10, 10, 0, 10, 10, 0, 0, 0, 0, 0, 10, 0, 0, 10, 10, 16, 0, 10, 10, 0, 0, 10, 10, 10, 0, 10, 0, 0, 14, 0, 0, 10, 0, 10, 4, 0, 10, 0, 0, 10, 0, 10, 0, 0, 0, 10, 10, 0, 10, 0, : 10, 10, 10, 10, 10, 10, 10, 10, 10, 10, 3, 10, 10, 10, 10, 10, 10, 10, 10, 10, 10, 10, 10, 10, 10, 16, 10, 10, 10, 10, 10, 10, 14, 10, 10, 4, 10, 10, 10, 10, 10, 10, 
178: 0, 0, 0, 0, 10, 0, 10, 0, 0, 10, 0, 10, 0, 0, 10, 0, 10, 10, 12, 10, 0, 10, 0, 0, 0, 0, 17, 0, 10, 10, 10, 0, 0, 10, 10, 0, 0, 10, 10, 0, 10, 0, 10, 0, 0, 0, 2, 0, 0, 10, 0, 0, 0, 0, 0, 0, 10, 0, 10, 10, 10, 0, 0, 10, 10, 0, 0, 10, 0, 0, 0, 10, 0, 0, 0, 0, 10, 0, 0, 0, : 10, 10, 10, 10, 10, 10, 10, 12, 10, 10, 17, 10, 10, 10, 10, 10, 10, 10, 10, 10, 2, 10, 10, 10, 10, 10, 10, 10, 10, 10, 10, 
41: 0, 0, 0, 0, 11, 0, 0, 10, 10, 0, 10, 10, 0, 3, 10, 0, 10, 10, 10, 0, 10, 10, 0, 0, 0, 10, 10, 10, 0, 10, 0, 0, 0, 10, 10, 17, 0, 10, 0, 0, 0, 10, 10, 0, 0, 0, 0, 0, 10, 0, 10, 10, 10, 1, 10, 0, 0, 10, 10, 10, 10, 10, 0, 10, 0, 10, 0, 0, 10, 0, 10, 0, 10, 10, 10, 10, 2, 0, 0, 0, : 11, 10, 10, 10, 10, 3, 10, 10, 10, 10, 10, 10, 10, 10, 10, 10, 10, 10, 17, 10, 10, 10, 10, 10, 10, 10, 1, 10, 10, 10, 10, 10, 10, 10, 10, 10, 10, 10, 10, 10, 10, 2, 
405: 10, 10, 0, 10, 10, 0, 10, 0, 0, 10, 10, 10, 10, 0, 10, 0, 0, 0, 10, 10, 10, 10, 0, 10, 0, 0, 0, 2, 2, 0, 10, 10, 3, 10, 0, 10, 0, 0, 14, 0, 10, 0, 13, 10, 0, 0, 0, 10, 10, 0, 10, 10, 0, 0, 0, 0, 10, 0, 10, 10, 0, 0, 0, 0, 0, 10, 10, 10, 0, 10, 10, 10, 10, 10, 10, 0, 0, 0, 0, 10, : 10, 10, 10, 10, 10, 10, 10, 10, 10, 10, 10, 10, 10, 10, 10, 2, 2, 10, 10, 3, 10, 10, 14, 10, 13, 10, 10, 10, 10, 10, 10, 10, 10, 10, 10, 10, 10, 10, 10, 10, 10, 10, 10, 
373: 0, 10, 12, 10, 10, 10, 0, 0, 10, 0, 0, 10, 0, 10, 0, 10, 0, 10, 0, 0, 10, 10, 10, 10, 10, 10, 0, 0, 0, 0, 4, 0, 10, 10, 0, 0, 0, 0, 0, 0, 10, 0, 10, 0, 10, 10, 10, 10, 10, 0, 0, 10, 10, 10, 0, 10, 0, 10, 10, 0, 10, 0, 0, 0, 10, 0, 10, 10, 10, 10, 10, 0, 1, 7, 10, 10, 0, 0, 0, 10, : 10, 12, 10, 10, 10, 10, 10, 10, 10, 10, 10, 10, 10, 10, 10, 10, 4, 10, 10, 10, 10, 10, 10, 10, 10, 10, 10, 10, 10, 10, 10, 10, 10, 10, 10, 10, 10, 10, 10, 1, 7, 10, 10, 10, 
472: 0, 10, 0, 0, 10, 10, 0, 0, 0, 0, 10, 0, 0, 10, 0, 10, 0, 0, 10, 0, 10, 10, 10, 10, 0, 0, 0, 0, 0, 0, 10, 10, 10, 0, 12, 10, 10, 10, 10, 0, 10, 10, 10, 10, 10, 10, 0, 0, 0, 10, 0, 10, 10, 10, 10, 10, 10, 10, 0, 10, 10, 10, 10, 10, 0, 10, 10, 10, 10, 10, 10, 10, 0, 10, 10, 0, 0, 10, 0, 0, : 10, 10, 10, 10, 10, 10, 10, 10, 10, 10, 10, 10, 10, 10, 12, 10, 10, 10, 10, 10, 10, 10, 10, 10, 10, 10, 10, 10, 10, 10, 10, 10, 10, 10, 10, 10, 10, 10, 10, 10, 10, 10, 10, 10, 10, 10, 10, 10, 
132: 0, 10, 10, 0, 0, 10, 10, 0, 0, 10, 0, 10, 0, 10, 0, 0, 10, 0, 10, 10, 10, 10, 2, 0, 10, 0, 7, 10, 0, 0, 0, 10, 10, 10, 0, 0, 10, 10, 10, 10, 10, 0, 0, 16, 0, 10, 10, 0, 0, 0, 0, 10, 0, 0, 0, 0, 0, 10, 0, 0, 10, 0, 0, 0, 10, 3, 0, 0, 10, 0, 10, 10, 0, 0, 17, 10, 0, 10, 0, 0, : 10, 10, 10, 10, 10, 10, 10, 10, 10, 10, 10, 10, 2, 10, 7, 10, 10, 10, 10, 10, 10, 10, 10, 10, 16, 10, 10, 10, 10, 10, 10, 3, 10, 10, 10, 17, 10, 10, 
131: 10, 10, 3, 10, 10, 10, 0, 0, 10, 0, 0, 0, 0, 10, 1, 10, 10, 0, 10, 0, 10, 0, 10, 0, 1, 10, 10, 0, 10, 0, 0, 0, 0, 10, 10, 10, 10, 0, 0, 0, 10, 10, 10, 0, 0, 0, 10, 0, 0, 0, 10, 10, 0, 0, 0, 0, 0, 0, 10, 0, 10, 0, 10, 10, 10, 15, 1, 10, 0, 10, 10, 0, 10, 0, 0, 0, 10, 10, 0, 10, : 10, 10, 3, 10, 10, 10, 10, 10, 1, 10, 10, 10, 10, 10, 1, 10, 10, 10, 10, 10, 10, 10, 10, 10, 10, 10, 10, 10, 10, 10, 10, 10, 10, 15, 1, 10, 10, 10, 10, 10, 10, 10, 
471: 0, 0, 0, 0, 10, 0, 0, 0, 0, 0, 0, 0, 10, 0, 10, 0, 10, 0, 10, 10, 10, 0, 10, 10, 0, 10, 10, 10, 10, 10, 2, 10, 10, 0, 0, 10, 0, 10, 10, 0, 10, 10, 10, 0, 0, 0, 10, 0, 2, 0, 0, 0, 10, 10, 10, 10, 0, 0, 10, 10, 0, 0, 8, 10, 10, 10, 10, 0, 10, 0, 10, 0, 0, 0, 10, 10, 0, 10, 10, 10, : 10, 10, 10, 10, 10, 10, 10, 10, 10, 10, 10, 10, 10, 10, 2, 10, 10, 10, 10, 10, 10, 10, 10, 10, 2, 10, 10, 10, 10, 10, 10, 8, 10, 10, 10, 10, 10, 10, 10, 10, 10, 10, 10, 
641: 10, 10, 10, 0, 10, 10, 0, 10, 10, 10, 10, 0, 10, 10, 0, 0, 11, 0, 10, 0, 10, 0, 10, 10, 10, 10, 0, 10, 0, 10, 10, 0, 10, 0, 0, 10, 10, 10, 10, 0, 0, 18, 0, 10, 10, 0, 10, 10, 0, 10, 0, 10, 6, 0, 10, 10, 10, 10, 0, 10, 0, 10, 0, 10, 10, 0, 0, 0, 10, 0, 0, 0, 10, 10, 0, 0, 10, 0, 1, 10, : 10, 10, 10, 10, 10, 10, 10, 10, 10, 10, 10, 11, 10, 10, 10, 10, 10, 10, 10, 10, 10, 10, 10, 10, 10, 10, 18, 10, 10, 10, 10, 10, 10, 6, 10, 10, 10, 10, 10, 10, 10, 10, 10, 10, 10, 10, 1, 10, 
143: 0, 0, 10, 0, 0, 0, 0, 10, 10, 10, 10, 10, 10, 10, 10, 10, 10, 0, 0, 0, 10, 10, 0, 0, 10, 0, 10, 0, 0, 10, 0, 0, 10, 0, 10, 10, 0, 0, 0, 10, 4, 10, 0, 10, 10, 0, 10, 0, 0, 0, 0, 0, 0, 10, 10, 0, 10, 10, 10, 0, 10, 10, 0, 0, 0, 10, 10, 0, 0, 10, 10, 0, 0, 0, 0, 0, 10, 0, 10, 10, : 10, 10, 10, 10, 10, 10, 10, 10, 10, 10, 10, 10, 10, 10, 10, 10, 10, 10, 10, 10, 4, 10, 10, 10, 10, 10, 10, 10, 10, 10, 10, 10, 10, 10, 10, 10, 10, 10, 10, 
582: 10, 0, 0, 10, 0, 10, 0, 0, 10, 0, 10, 0, 0, 1, 10, 0, 10, 10, 10, 1, 0, 10, 0, 10, 10, 0, 0, 10, 2, 10, 0, 10, 12, 10, 10, 10, 0, 0, 0, 0, 0, 0, 0, 0, 10, 0, 10, 10, 10, 0, 0, 10, 10, 0, 0, 9, 0, 0, 0, 0, 0, 0, 0, 10, 0, 0, 3, 0, 10, 10, 0, 10, 0, 0, 10, 0, 10, 0, 0, 10, : 10, 10, 10, 10, 10, 1, 10, 10, 10, 10, 1, 10, 10, 10, 10, 2, 10, 10, 12, 10, 10, 10, 10, 10, 10, 10, 10, 10, 9, 10, 3, 10, 10, 10, 10, 10, 10, 
651: 10, 0, 0, 10, 0, 0, 0, 4, 0, 10, 10, 10, 2, 1, 10, 10, 12, 10, 0, 0, 10, 10, 10, 10, 0, 0, 10, 10, 0, 10, 10, 0, 10, 10, 10, 0, 10, 10, 0, 0, 6, 10, 10, 10, 10, 0, 10, 10, 10, 10, 0, 10, 0, 0, 10, 0, 0, 0, 0, 10, 11, 10, 0, 0, 0, 10, 10, 10, 10, 0, 0, 5, 0, 0, 10, 10, 0, 0, 10, 10, : 10, 10, 4, 10, 10, 10, 2, 1, 10, 10, 12, 10, 10, 10, 10, 10, 10, 10, 10, 10, 10, 10, 10, 10, 10, 6, 10, 10, 10, 10, 10, 10, 10, 10, 10, 10, 10, 11, 10, 10, 10, 10, 10, 5, 10, 10, 10, 10, 
700: 10, 0, 0, 0, 10, 0, 0, 10, 0, 10, 10, 17, 8, 10, 10, 10, 0, 0, 0, 10, 10, 10, 10, 10, 0, 0, 10, 0, 10, 0, 6, 0, 10, 0, 10, 0, 0, 0, 0, 10, 0, 10, 0, 10, 0, 0, 0, 6, 10, 0, 10, 10, 0, 0, 10, 1, 10, 0, 0, 10, 10, 0, 10, 0, 10, 10, 0, 10, 0, 0, 10, 0, 0, 0, 10, 10, 10, 0, 10, 0, : 10, 10, 10, 10, 10, 17, 8, 10, 10, 10, 10, 10, 10, 10, 10, 10, 10, 6, 10, 10, 10, 10, 10, 6, 10, 10, 10, 10, 1, 10, 10, 10, 10, 10, 10, 10, 10, 10, 10, 10, 10, 
306: 10, 0, 0, 10, 10, 0, 10, 0, 0, 10, 10, 10, 10, 0, 10, 10, 10, 10, 10, 10, 0, 0, 0, 0, 0, 10, 0, 10, 0, 0, 0, 0, 10, 0, 10, 10, 10, 10, 0, 0, 10, 0, 0, 0, 0, 0, 10, 10, 10, 11, 0, 0, 10, 0, 0, 10, 10, 10, 10, 10, 10, 9, 10, 0, 0, 10, 0, 10, 10, 10, 0, 10, 0, 0, 0, 10, 0, 0, 10, 0, : 10, 10, 10, 10, 10, 10, 10, 10, 10, 10, 10, 10, 10, 10, 10, 10, 10, 10, 10, 10, 10, 10, 10, 10, 10, 11, 10, 10, 10, 10, 10, 10, 10, 9, 10, 10, 10, 10, 10, 10, 10, 10, 
750: 10, 10, 0, 1, 7, 10, 0, 0, 10, 0, 10, 0, 0, 10, 10, 0, 0, 0, 10, 0, 0, 10, 10, 0, 10, 10, 10, 0, 1, 0, 0, 10, 0, 10, 0, 0, 10, 0, 10, 10, 0, 0, 10, 0, 10, 10, 10, 10, 10, 0, 0, 10, 10, 0, 0, 10, 0, 10, 10, 0, 0, 0, 0, 0, 0, 0, 0, 10, 10, 0, 0, 0, 10, 2, 0, 0, 0, 10, 0, 0, : 10, 10, 1, 7, 10, 10, 10, 10, 10, 10, 10, 10, 10, 10, 10, 1, 10, 10, 10, 10, 10, 10, 10, 10, 10, 10, 10, 10, 10, 10, 10, 10, 10, 10, 10, 2, 10, 
735: 10, 10, 0, 10, 0, 0, 0, 0, 10, 0, 0, 10, 0, 0, 10, 10, 10, 0, 0, 10, 10, 0, 10, 10, 10, 1, 0, 10, 0, 0, 0, 10, 0, 10, 10, 10, 0, 10, 10, 0, 2, 10, 0, 10, 0, 10, 0, 10, 10, 0, 10, 0, 10, 0, 0, 0, 0, 10, 10, 10, 0, 10, 10, 0, 0, 0, 10, 0, 0, 10, 10, 10, 0, 10, 10, 10, 10, 10, 0, 0, : 10, 10, 10, 10, 10, 10, 10, 10, 10, 10, 10, 10, 10, 1, 10, 10, 10, 10, 10, 10, 10, 2, 10, 10, 10, 10, 10, 10, 10, 10, 10, 10, 10, 10, 10, 10, 10, 10, 10, 10, 10, 10, 10, 
488: 10, 0, 10, 10, 0, 10, 10, 0, 0, 0, 0, 10, 0, 0, 0, 0, 1, 0, 10, 0, 3, 0, 10, 10, 10, 10, 0, 10, 0, 10, 10, 4, 10, 10, 10, 0, 10, 0, 10, 0, 0, 0, 10, 10, 10, 0, 0, 10, 10, 0, 0, 0, 10, 10, 1, 10, 0, 0, 10, 10, 10, 10, 10, 10, 0, 0, 0, 10, 0, 10, 10, 0, 10, 10, 10, 0, 10, 10, 10, 0, : 10, 10, 10, 10, 10, 10, 1, 10, 3, 10, 10, 10, 10, 10, 10, 10, 4, 10, 10, 10, 10, 10, 10, 10, 10, 10, 10, 10, 10, 1, 10, 10, 10, 10, 10, 10, 10, 10, 10, 10, 10, 10, 10, 10, 10, 10, 
675: 0, 0, 0, 10, 0, 10, 10, 10, 10, 10, 0, 10, 10, 10, 10, 0, 10, 10, 10, 0, 0, 10, 10, 10, 0, 0, 10, 10, 10, 10, 10, 10, 0, 10, 10, 0, 6, 0, 10, 0, 10, 4, 0, 10, 10, 0, 10, 0, 10, 10, 0, 0, 10, 10, 0, 18, 10, 10, 10, 0, 0, 0, 0, 10, 0, 10, 10, 1, 10, 10, 0, 10, 0, 10, 0, 10, 10, 10, 0, 10, : 10, 10, 10, 10, 10, 10, 10, 10, 10, 10, 10, 10, 10, 10, 10, 10, 10, 10, 10, 10, 10, 10, 10, 10, 6, 10, 10, 4, 10, 10, 10, 10, 10, 10, 10, 18, 10, 10, 10, 10, 10, 10, 1, 10, 10, 10, 10, 10, 10, 10, 10, 
43: 0, 10, 0, 0, 10, 0, 10, 10, 10, 10, 0, 0, 10, 10, 5, 10, 8, 0, 10, 10, 10, 0, 0, 0, 10, 0, 10, 10, 0, 0, 0, 0, 0, 0, 10, 2, 0, 0, 10, 10, 0, 0, 10, 0, 10, 8, 10, 0, 0, 0, 10, 0, 0, 10, 0, 0, 0, 10, 0, 10, 10, 10, 10, 10, 10, 0, 0, 0, 10, 0, 0, 0, 10, 10, 10, 10, 0, 0, 0, 0, : 10, 10, 10, 10, 10, 10, 10, 10, 5, 10, 8, 10, 10, 10, 10, 10, 10, 10, 2, 10, 10, 10, 10, 8, 10, 10, 10, 10, 10, 10, 10, 10, 10, 10, 10, 10, 10, 10, 10, 
515: 3, 0, 10, 1, 0, 0, 0, 10, 0, 0, 10, 0, 10, 0, 0, 10, 0, 2, 10, 0, 0, 10, 0, 10, 10, 10, 0, 10, 0, 10, 10, 0, 10, 0, 0, 0, 10, 10, 10, 10, 10, 10, 0, 0, 0, 10, 0, 10, 0, 0, 0, 0, 10, 10, 10, 0, 10, 10, 10, 10, 0, 10, 10, 0, 0, 0, 10, 10, 0, 10, 0, 0, 0, 10, 0, 0, 10, 10, 10, 0, : 3, 10, 1, 10, 10, 10, 10, 2, 10, 10, 10, 10, 10, 10, 10, 10, 10, 10, 10, 10, 10, 10, 10, 10, 10, 10, 10, 10, 10, 10, 10, 10, 10, 10, 10, 10, 10, 10, 10, 10, 10, 
406: 0, 10, 10, 10, 0, 0, 0, 0, 10, 10, 0, 0, 10, 0, 10, 10, 0, 0, 10, 0, 0, 16, 0, 0, 5, 0, 10, 5, 0, 0, 0, 10, 10, 0, 10, 0, 0, 0, 1, 0, 0, 0, 0, 10, 10, 0, 0, 10, 0, 0, 0, 0, 0, 2, 0, 10, 0, 10, 10, 0, 9, 0, 16, 10, 0, 1, 0, 0, 0, 10, 0, 0, 0, 10, 10, 10, 10, 0, 10, 10, : 10, 10, 10, 10, 10, 10, 10, 10, 10, 16, 5, 10, 5, 10, 10, 10, 1, 10, 10, 10, 2, 10, 10, 10, 9, 16, 10, 1, 10, 10, 10, 10, 10, 10, 10, 
336: 0, 0, 0, 0, 10, 10, 0, 10, 10, 0, 0, 10, 0, 0, 0, 10, 15, 0, 0, 0, 10, 0, 10, 0, 0, 10, 7, 0, 0, 10, 0, 10, 0, 10, 10, 0, 10, 0, 10, 0, 0, 1, 0, 10, 0, 0, 0, 0, 10, 0, 10, 0, 10, 10, 10, 0, 10, 0, 0, 0, 0, 0, 0, 0, 10, 10, 1, 10, 10, 0, 0, 10, 10, 0, 10, 10, 0, 0, 0, 0, : 10, 10, 10, 10, 10, 10, 15, 10, 10, 10, 7, 10, 10, 10, 10, 10, 10, 1, 10, 10, 10, 10, 10, 10, 10, 10, 10, 1, 10, 10, 10, 10, 10, 10, 
504: 10, 10, 10, 0, 0, 0, 10, 16, 0, 1, 0, 1, 0, 0, 0, 17, 10, 10, 0, 0, 0, 0, 10, 10, 0, 10, 1, 0, 10, 2, 3, 10, 10, 0, 10, 0, 0, 0, 0, 0, 10, 2, 10, 10, 10, 0, 10, 4, 0, 10, 10, 10, 10, 0, 10, 10, 10, 0, 10, 10, 0, 0, 0, 10, 0, 0, 0, 10, 10, 10, 10, 0, 10, 0, 0, 0, 10, 0, 10, 10, : 10, 10, 10, 10, 16, 1, 1, 17, 10, 10, 10, 10, 10, 1, 10, 2, 3, 10, 10, 10, 10, 2, 10, 10, 10, 10, 4, 10, 10, 10, 10, 10, 10, 10, 10, 10, 10, 10, 10, 10, 10, 10, 10, 10, 10, 
153: 0, 0, 0, 4, 10, 10, 0, 0, 0, 0, 10, 10, 10, 10, 10, 0, 0, 10, 0, 0, 0, 10, 0, 10, 10, 0, 10, 10, 0, 0, 0, 10, 10, 0, 2, 0, 10, 10, 10, 0, 10, 10, 10, 10, 5, 0, 10, 0, 0, 10, 10, 10, 10, 10, 10, 10, 10, 0, 10, 10, 10, 10, 0, 10, 0, 0, 0, 10, 10, 0, 10, 0, 10, 10, 0, 10, 0, 0, 0, 10, : 4, 10, 10, 10, 10, 10, 10, 10, 10, 10, 10, 10, 10, 10, 10, 10, 2, 10, 10, 10, 10, 10, 10, 10, 5, 10, 10, 10, 10, 10, 10, 10, 10, 10, 10, 10, 10, 10, 10, 10, 10, 10, 10, 10, 10, 10, 
584: 10, 10, 10, 10, 0, 10, 10, 0, 10, 0, 10, 0, 5, 10, 10, 0, 10, 0, 0, 10, 10, 10, 10, 10, 0, 0, 10, 10, 0, 10, 0, 0, 10, 0, 0, 10, 0, 10, 10, 10, 0, 0, 0, 1, 0, 10, 0, 10, 10, 14, 0, 0, 2, 10, 0, 0, 10, 20, 10, 0, 0, 10, 0, 0, 10, 10, 0, 0, 10, 0, 0, 0, 0, 10, 10, 10, 10, 10, 0, 10, : 10, 10, 10, 10, 10, 10, 10, 10, 5, 10, 10, 10, 10, 10, 10, 10, 10, 10, 10, 10, 10, 10, 10, 10, 10, 1, 10, 10, 10, 14, 2, 10, 10, 20, 10, 10, 10, 10, 10, 10, 10, 10, 10, 10, 10, 
605: 10, 10, 10, 0, 0, 0, 0, 10, 0, 0, 0, 10, 10, 10, 0, 0, 10, 10, 10, 10, 0, 10, 10, 10, 10, 0, 0, 0, 0, 0, 10, 0, 1, 0, 0, 0, 10, 0, 10, 10, 10, 0, 0, 0, 10, 10, 0, 10, 10, 10, 0, 0, 0, 1, 0, 0, 10, 0, 10, 10, 6, 0, 10, 0, 10, 0, 0, 0, 10, 10, 10, 10, 0, 1, 10, 10, 0, 10, 0, 0, : 10, 10, 10, 10, 10, 10, 10, 10, 10, 10, 10, 10, 10, 10, 10, 10, 1, 10, 10, 10, 10, 10, 10, 10, 10, 10, 1, 10, 10, 10, 6, 10, 10, 10, 10, 10, 10, 1, 10, 10, 10, 
304: 10, 10, 10, 10, 0, 0, 10, 10, 10, 0, 10, 0, 10, 10, 0, 2, 0, 10, 10, 0, 10, 10, 0, 10, 0, 0, 14, 10, 0, 10, 0, 0, 0, 0, 10, 0, 0, 0, 0, 10, 0, 10, 0, 1, 3, 10, 0, 0, 0, 0, 0, 10, 0, 0, 10, 10, 10, 0, 0, 0, 0, 10, 10, 10, 10, 10, 10, 4, 10, 10, 0, 10, 10, 0, 10, 10, 0, 10, 10, 2, : 10, 10, 10, 10, 10, 10, 10, 10, 10, 10, 2, 10, 10, 10, 10, 10, 14, 10, 10, 10, 10, 10, 1, 3, 10, 10, 10, 10, 10, 10, 10, 10, 10, 10, 10, 4, 10, 10, 10, 10, 10, 10, 10, 10, 2, 
347: 10, 0, 10, 0, 0, 10, 0, 0, 4, 10, 10, 6, 10, 10, 0, 10, 0, 10, 0, 0, 0, 10, 0, 10, 0, 0, 17, 0, 0, 10, 0, 0, 0, 10, 0, 10, 0, 0, 0, 0, 0, 10, 10, 10, 0, 10, 0, 0, 10, 10, 10, 10, 10, 0, 10, 10, 0, 10, 10, 10, 0, 10, 0, 10, 10, 0, 10, 0, 10, 0, 0, 0, 3, 0, 0, 0, 0, 0, 0, 0, : 10, 10, 10, 4, 10, 10, 6, 10, 10, 10, 10, 10, 10, 17, 10, 10, 10, 10, 10, 10, 10, 10, 10, 10, 10, 10, 10, 10, 10, 10, 10, 10, 10, 10, 10, 10, 3, 
636: 0, 7, 0, 10, 10, 0, 10, 11, 0, 0, 10, 0, 0, 0, 0, 10, 10, 0, 0, 10, 10, 0, 0, 0, 0, 10, 0, 0, 10, 10, 0, 0, 0, 0, 0, 15, 10, 0, 10, 10, 0, 10, 10, 10, 0, 0, 10, 0, 0, 10, 10, 0, 1, 10, 0, 10, 10, 2, 0, 0, 10, 0, 10, 0, 0, 10, 10, 10, 10, 0, 10, 10, 0, 0, 0, 10, 0, 10, 0, 2, : 7, 10, 10, 10, 11, 10, 10, 10, 10, 10, 10, 10, 10, 15, 10, 10, 10, 10, 10, 10, 10, 10, 10, 1, 10, 10, 10, 2, 10, 10, 10, 10, 10, 10, 10, 10, 10, 10, 2, 
717: 0, 10, 10, 0, 10, 10, 10, 0, 1, 0, 0, 0, 0, 10, 0, 0, 0, 0, 0, 0, 0, 0, 10, 0, 10, 0, 10, 0, 0, 0, 10, 10, 0, 0, 10, 10, 10, 0, 10, 0, 10, 10, 0, 10, 0, 0, 0, 0, 0, 10, 10, 0, 0, 10, 0, 10, 1, 10, 10, 10, 0, 10, 0, 10, 10, 0, 10, 0, 0, 0, 0, 10, 10, 10, 10, 0, 3, 10, 0, 0, : 10, 10, 10, 10, 10, 1, 10, 10, 10, 10, 10, 10, 10, 10, 10, 10, 10, 10, 10, 10, 10, 10, 10, 1, 10, 10, 10, 10, 10, 10, 10, 10, 10, 10, 10, 3, 10, 
142: 0, 0, 10, 10, 10, 10, 10, 10, 0, 0, 10, 0, 0, 0, 10, 10, 10, 0, 10, 10, 10, 0, 0, 0, 0, 0, 0, 0, 10, 10, 10, 10, 10, 10, 0, 10, 10, 10, 0, 0, 0, 0, 0, 0, 10, 14, 0, 0, 10, 0, 10, 0, 0, 10, 10, 10, 0, 0, 10, 0, 0, 0, 0, 10, 0, 7, 10, 0, 10, 10, 10, 0, 0, 3, 0, 0, 10, 10, 10, 10, : 10, 10, 10, 10, 10, 10, 10, 10, 10, 10, 10, 10, 10, 10, 10, 10, 10, 10, 10, 10, 10, 10, 10, 14, 10, 10, 10, 10, 10, 10, 10, 7, 10, 10, 10, 10, 3, 10, 10, 10, 10, 
516: 0, 0, 10, 0, 0, 10, 10, 10, 15, 0, 18, 10, 10, 10, 9, 10, 10, 0, 10, 10, 0, 10, 0, 10, 10, 10, 0, 0, 10, 10, 0, 0, 10, 10, 0, 10, 10, 0, 0, 0, 10, 10, 10, 0, 0, 10, 0, 10, 0, 10, 10, 0, 0, 10, 10, 0, 10, 0, 10, 10, 10, 10, 0, 0, 10, 10, 0, 10, 10, 0, 0, 10, 10, 0, 0, 0, 0, 0, 0, 0, : 10, 10, 10, 10, 15, 18, 10, 10, 10, 9, 10, 10, 10, 10, 10, 10, 10, 10, 10, 10, 10, 10, 10, 10, 10, 10, 10, 10, 10, 10, 10, 10, 10, 10, 10, 10, 10, 10, 10, 10, 10, 10, 10, 10, 
264: 10, 0, 10, 0, 6, 10, 0, 0, 0, 0, 10, 0, 10, 10, 10, 0, 0, 10, 10, 10, 10, 12, 0, 0, 10, 4, 0, 0, 0, 10, 10, 10, 10, 10, 0, 0, 10, 10, 0, 10, 0, 0, 0, 10, 10, 0, 10, 10, 0, 10, 10, 0, 0, 10, 10, 0, 0, 10, 10, 0, 10, 0, 10, 0, 10, 10, 10, 0, 10, 0, 10, 10, 0, 10, 0, 10, 0, 10, 10, 10, : 10, 10, 6, 10, 10, 10, 10, 10, 10, 10, 10, 10, 12, 10, 4, 10, 10, 10, 10, 10, 10, 10, 10, 10, 10, 10, 10, 10, 10, 10, 10, 10, 10, 10, 10, 10, 10, 10, 10, 10, 10, 10, 10, 10, 10, 10, 
667: 0, 0, 10, 10, 10, 0, 0, 10, 10, 10, 10, 0, 0, 0, 0, 10, 10, 10, 0, 0, 10, 0, 0, 10, 10, 0, 10, 0, 10, 0, 10, 0, 0, 0, 10, 10, 10, 0, 10, 0, 0, 0, 10, 0, 0, 0, 0, 0, 0, 0, 10, 0, 10, 10, 10, 0, 0, 3, 0, 10, 0, 10, 0, 0, 0, 0, 0, 0, 0, 0, 0, 10, 0, 0, 10, 0, 10, 0, 10, 10, : 10, 10, 10, 10, 10, 10, 10, 10, 10, 10, 10, 10, 10, 10, 10, 10, 10, 10, 10, 10, 10, 10, 10, 10, 10, 3, 10, 10, 10, 10, 10, 10, 10, 
620: 10, 0, 0, 10, 10, 10, 10, 0, 10, 0, 0, 0, 0, 0, 0, 10, 0, 0, 10, 10, 0, 0, 0, 10, 0, 0, 0, 10, 0, 10, 0, 0, 10, 0, 10, 10, 10, 0, 0, 0, 10, 0, 0, 10, 0, 0, 10, 0, 0, 0, 10, 10, 0, 0, 0, 0, 10, 0, 10, 0, 0, 0, 10, 0, 10, 1, 0, 0, 10, 0, 0, 0, 0, 0, 10, 20, 10, 10, 10, 10, : 10, 10, 10, 10, 10, 10, 10, 10, 10, 10, 10, 10, 10, 10, 10, 10, 10, 10, 10, 10, 10, 10, 10, 10, 10, 1, 10, 10, 20, 10, 10, 10, 10, 
182: 0, 0, 10, 0, 0, 10, 10, 10, 0, 0, 0, 10, 10, 4, 0, 0, 0, 0, 10, 0, 0, 0, 10, 0, 0, 10, 10, 10, 10, 0, 10, 0, 2, 10, 0, 0, 0, 0, 10, 0, 0, 0, 10, 0, 0, 10, 0, 10, 10, 10, 10, 10, 0, 0, 0, 10, 0, 0, 0, 10, 0, 10, 10, 0, 10, 0, 10, 0, 10, 10, 0, 0, 10, 10, 10, 0, 0, 0, 0, 0, : 10, 10, 10, 10, 10, 10, 4, 10, 10, 10, 10, 10, 10, 10, 2, 10, 10, 10, 10, 10, 10, 10, 10, 10, 10, 10, 10, 10, 10, 10, 10, 10, 10, 10, 10, 
486: 0, 0, 0, 10, 10, 10, 0, 0, 0, 10, 0, 10, 10, 0, 0, 0, 0, 0, 0, 10, 1, 0, 0, 10, 10, 10, 10, 0, 0, 0, 0, 10, 0, 10, 10, 10, 10, 10, 0, 10, 10, 10, 10, 0, 10, 10, 0, 10, 10, 10, 0, 10, 0, 10, 0, 10, 0, 0, 0, 10, 0, 10, 0, 0, 0, 0, 10, 10, 0, 0, 0, 10, 0, 0, 0, 0, 10, 10, 0, 10, : 10, 10, 10, 10, 10, 10, 10, 1, 10, 10, 10, 10, 10, 10, 10, 10, 10, 10, 10, 10, 10, 10, 10, 10, 10, 10, 10, 10, 10, 10, 10, 10, 10, 10, 10, 10, 10, 10, 
796: 0, 0, 10, 10, 10, 0, 0, 10, 0, 10, 10, 1, 0, 10, 10, 0, 0, 10, 0, 0, 0, 10, 10, 0, 0, 0, 0, 10, 10, 0, 10, 10, 0, 10, 0, 10, 10, 10, 0, 10, 0, 0, 1, 10, 0, 0, 0, 0, 10, 10, 2, 0, 0, 10, 0, 10, 0, 10, 10, 0, 10, 0, 10, 2, 10, 0, 0, 10, 10, 0, 10, 0, 1, 0, 10, 10, 10, 0, 0, 10, : 10, 10, 10, 10, 10, 10, 1, 10, 10, 10, 10, 10, 10, 10, 10, 10, 10, 10, 10, 10, 10, 1, 10, 10, 10, 2, 10, 10, 10, 10, 10, 10, 2, 10, 10, 10, 10, 1, 10, 10, 10, 10, 
686: 10, 10, 0, 10, 0, 0, 10, 0, 10, 0, 10, 10, 0, 10, 10, 10, 0, 10, 10, 0, 1, 0, 0, 0, 0, 10, 10, 16, 10, 0, 0, 0, 17, 10, 0, 0, 10, 10, 0, 0, 0, 10, 0, 10, 10, 10, 0, 0, 10, 10, 0, 10, 10, 0, 10, 0, 10, 10, 10, 10, 10, 10, 0, 0, 0, 0, 0, 10, 0, 0, 0, 10, 10, 10, 10, 0, 10, 10, 10, 0, : 10, 10, 10, 10, 10, 10, 10, 10, 10, 10, 10, 10, 1, 10, 10, 16, 10, 17, 10, 10, 10, 10, 10, 10, 10, 10, 10, 10, 10, 10, 10, 10, 10, 10, 10, 10, 10, 10, 10, 10, 10, 10, 10, 10, 
443: 1, 0, 10, 0, 10, 0, 10, 0, 0, 10, 0, 0, 0, 10, 0, 10, 0, 10, 0, 10, 0, 0, 1, 0, 10, 10, 0, 10, 1, 0, 10, 10, 0, 10, 0, 0, 10, 10, 10, 10, 10, 0, 1, 0, 10, 10, 10, 10, 10, 0, 10, 10, 10, 10, 10, 0, 0, 10, 0, 10, 10, 10, 10, 10, 0, 1, 10, 0, 0, 10, 0, 10, 10, 0, 0, 10, 10, 10, 10, 0, : 1, 10, 10, 10, 10, 10, 10, 10, 10, 1, 10, 10, 10, 1, 10, 10, 10, 10, 10, 10, 10, 10, 1, 10, 10, 10, 10, 10, 10, 10, 10, 10, 10, 10, 10, 10, 10, 10, 10, 1, 10, 10, 10, 10, 10, 10, 10, 10, 
184: 5, 0, 0, 10, 0, 10, 10, 10, 0, 10, 10, 0, 0, 0, 0, 0, 10, 0, 10, 10, 10, 0, 10, 10, 17, 0, 0, 0, 10, 0, 0, 10, 0, 0, 10, 0, 0, 10, 10, 0, 0, 0, 10, 0, 0, 0, 0, 10, 10, 1, 10, 0, 10, 0, 10, 10, 10, 10, 0, 0, 0, 0, 10, 0, 10, 0, 10, 10, 3, 10, 10, 3, 10, 10, 10, 0, 10, 10, 10, 0, : 5, 10, 10, 10, 10, 10, 10, 10, 10, 10, 10, 10, 10, 17, 10, 10, 10, 10, 10, 10, 10, 10, 1, 10, 10, 10, 10, 10, 10, 10, 10, 10, 10, 3, 10, 10, 3, 10, 10, 10, 10, 10, 10, 
199: 10, 1, 10, 0, 8, 0, 0, 0, 10, 10, 10, 10, 10, 0, 0, 0, 0, 10, 0, 10, 0, 10, 0, 0, 10, 0, 0, 10, 18, 0, 10, 0, 0, 10, 10, 0, 10, 10, 0, 10, 10, 0, 10, 0, 10, 10, 10, 0, 0, 10, 0, 10, 0, 0, 10, 1, 1, 0, 0, 0, 0, 0, 10, 0, 0, 10, 10, 10, 10, 0, 10, 10, 10, 10, 0, 10, 10, 10, 0, 0, : 10, 1, 10, 8, 10, 10, 10, 10, 10, 10, 10, 10, 10, 10, 18, 10, 10, 10, 10, 10, 10, 10, 10, 10, 10, 10, 10, 10, 10, 1, 1, 10, 10, 10, 10, 10, 10, 10, 10, 10, 10, 10, 10, 
309: 0, 10, 10, 10, 0, 0, 0, 10, 10, 10, 0, 10, 0, 0, 0, 10, 0, 10, 10, 0, 10, 2, 10, 10, 0, 10, 10, 0, 0, 0, 0, 10, 10, 1, 0, 0, 0, 2, 10, 10, 10, 0, 0, 0, 0, 10, 10, 10, 0, 10, 10, 10, 0, 0, 10, 6, 10, 0, 10, 10, 0, 0, 0, 10, 10, 0, 10, 0, 0, 10, 0, 2, 0, 0, 0, 10, 10, 0, 0, 10, : 10, 10, 10, 10, 10, 10, 10, 10, 10, 10, 10, 2, 10, 10, 10, 10, 10, 10, 1, 2, 10, 10, 10, 10, 10, 10, 10, 10, 10, 10, 6, 10, 10, 10, 10, 10, 10, 10, 2, 10, 10, 10, 
653: 10, 0, 0, 10, 0, 1, 0, 10, 10, 10, 0, 0, 0, 0, 10, 0, 0, 10, 0, 10, 0, 10, 10, 10, 0, 10, 0, 0, 10, 0, 0, 0, 0, 0, 10, 0, 0, 0, 10, 10, 10, 0, 10, 10, 0, 0, 0, 10, 10, 0, 10, 10, 0, 0, 10, 10, 1, 0, 0, 0, 0, 10, 10, 0, 10, 10, 10, 10, 0, 0, 0, 0, 0, 10, 0, 10, 0, 10, 10, 10, : 10, 10, 1, 10, 10, 10, 10, 10, 10, 10, 10, 10, 10, 10, 10, 10, 10, 10, 10, 10, 10, 10, 10, 10, 10, 10, 1, 10, 10, 10, 10, 10, 10, 10, 10, 10, 10, 10, 
526: 10, 10, 10, 10, 10, 0, 0, 0, 5, 0, 0, 10, 0, 10, 0, 10, 0, 0, 10, 2, 0, 10, 10, 10, 0, 10, 0, 0, 10, 10, 10, 10, 10, 10, 10, 10, 0, 10, 10, 10, 0, 10, 10, 0, 10, 10, 0, 0, 0, 10, 10, 10, 0, 0, 10, 0, 0, 10, 0, 0, 10, 10, 10, 10, 0, 10, 0, 10, 0, 10, 10, 0, 0, 0, 0, 10, 10, 10, 0, 10, : 10, 10, 10, 10, 10, 5, 10, 10, 10, 10, 2, 10, 10, 10, 10, 10, 10, 10, 10, 10, 10, 10, 10, 10, 10, 10, 10, 10, 10, 10, 10, 10, 10, 10, 10, 10, 10, 10, 10, 10, 10, 10, 10, 10, 10, 10, 10, 
167: 10, 10, 0, 10, 9, 10, 0, 10, 0, 0, 10, 10, 10, 10, 0, 0, 0, 10, 1, 0, 0, 10, 10, 0, 0, 0, 10, 10, 0, 5, 10, 0, 10, 0, 0, 1, 10, 10, 10, 10, 0, 0, 10, 0, 1, 10, 10, 1, 10, 10, 0, 0, 0, 10, 18, 10, 10, 0, 0, 10, 10, 10, 0, 10, 10, 0, 10, 10, 0, 0, 0, 0, 0, 10, 0, 10, 10, 0, 10, 0, : 10, 10, 10, 9, 10, 10, 10, 10, 10, 10, 10, 1, 10, 10, 10, 10, 5, 10, 10, 1, 10, 10, 10, 10, 10, 1, 10, 10, 1, 10, 10, 10, 18, 10, 10, 10, 10, 10, 10, 10, 10, 10, 10, 10, 10, 10, 
125: 0, 0, 0, 0, 10, 10, 10, 0, 10, 10, 10, 0, 0, 0, 0, 10, 0, 10, 0, 10, 10, 10, 10, 0, 10, 10, 0, 10, 10, 5, 10, 10, 10, 0, 10, 0, 4, 10, 10, 10, 10, 10, 0, 0, 10, 17, 0, 0, 0, 10, 10, 10, 10, 10, 10, 10, 10, 10, 0, 10, 10, 10, 0, 0, 0, 0, 10, 10, 0, 10, 0, 10, 10, 0, 0, 0, 0, 10, 4, 0, : 10, 10, 10, 10, 10, 10, 10, 10, 10, 10, 10, 10, 10, 10, 10, 10, 5, 10, 10, 10, 10, 4, 10, 10, 10, 10, 10, 10, 17, 10, 10, 10, 10, 10, 10, 10, 10, 10, 10, 10, 10, 10, 10, 10, 10, 10, 10, 4, 
474: 0, 0, 10, 0, 10, 10, 10, 0, 10, 18, 0, 0, 10, 10, 10, 0, 0, 10, 0, 10, 0, 0, 2, 11, 10, 0, 0, 0, 10, 10, 10, 10, 10, 10, 0, 10, 10, 0, 10, 10, 1, 0, 0, 10, 0, 10, 0, 10, 10, 10, 0, 10, 0, 10, 10, 0, 10, 10, 10, 10, 0, 0, 9, 10, 10, 10, 0, 0, 10, 10, 0, 10, 10, 10, 10, 10, 10, 0, 10, 0, : 10, 10, 10, 10, 10, 18, 10, 10, 10, 10, 10, 2, 11, 10, 10, 10, 10, 10, 10, 10, 10, 10, 10, 10, 1, 10, 10, 10, 10, 10, 10, 10, 10, 10, 10, 10, 10, 9, 10, 10, 10, 10, 10, 10, 10, 10, 10, 10, 10, 10, 
448: 10, 10, 0, 10, 10, 0, 10, 10, 10, 10, 0, 10, 0, 10, 10, 0, 0, 10, 0, 0, 10, 0, 10, 10, 10, 10, 0, 10, 10, 10, 0, 10, 10, 0, 1, 0, 10, 0, 0, 10, 10, 10, 0, 0, 10, 0, 10, 0, 10, 0, 10, 0, 10, 10, 10, 10, 0, 0, 0, 0, 0, 10, 0, 0, 0, 10, 10, 10, 2, 1, 10, 0, 10, 10, 0, 10, 0, 10, 0, 10, : 10, 10, 10, 10, 10, 10, 10, 10, 10, 10, 10, 10, 10, 10, 10, 10, 10, 10, 10, 10, 10, 10, 1, 10, 10, 10, 10, 10, 10, 10, 10, 10, 10, 10, 10, 10, 10, 10, 10, 2, 1, 10, 10, 10, 10, 10, 10, 
669: 0, 0, 10, 10, 10, 0, 10, 10, 10, 0, 0, 10, 0, 10, 10, 5, 0, 10, 0, 0, 0, 0, 0, 0, 0, 10, 10, 0, 0, 10, 0, 10, 0, 0, 10, 0, 0, 10, 0, 10, 10, 0, 10, 10, 10, 0, 0, 10, 0, 0, 0, 10, 10, 0, 10, 10, 10, 0, 0, 10, 0, 10, 10, 0, 10, 0, 10, 0, 10, 13, 0, 10, 10, 0, 0, 10, 0, 10, 10, 10, : 10, 10, 10, 10, 10, 10, 10, 10, 10, 5, 10, 10, 10, 10, 10, 10, 10, 10, 10, 10, 10, 10, 10, 10, 10, 10, 10, 10, 10, 10, 10, 10, 10, 10, 13, 10, 10, 10, 10, 10, 10, 
250: 10, 0, 10, 0, 10, 0, 0, 10, 0, 0, 1, 10, 0, 10, 10, 1, 0, 0, 0, 0, 10, 0, 10, 0, 0, 0, 10, 0, 0, 10, 10, 10, 0, 0, 10, 10, 0, 0, 0, 10, 10, 0, 0, 1, 0, 10, 0, 10, 0, 0, 10, 10, 10, 10, 0, 0, 10, 10, 10, 10, 10, 0, 0, 10, 10, 10, 10, 10, 10, 0, 0, 10, 10, 10, 0, 0, 10, 10, 10, 0, : 10, 10, 10, 10, 1, 10, 10, 10, 1, 10, 10, 10, 10, 10, 10, 10, 10, 10, 10, 1, 10, 10, 10, 10, 10, 10, 10, 10, 10, 10, 10, 10, 10, 10, 10, 10, 10, 10, 10, 10, 10, 10, 10, 
242: 0, 10, 10, 10, 0, 10, 10, 0, 0, 10, 10, 10, 1, 10, 10, 0, 10, 0, 10, 10, 10, 0, 10, 4, 10, 10, 0, 0, 0, 0, 0, 10, 0, 0, 10, 10, 0, 0, 10, 10, 0, 10, 10, 0, 10, 10, 0, 1, 10, 0, 0, 5, 10, 10, 10, 10, 0, 10, 0, 5, 10, 10, 10, 10, 0, 10, 0, 10, 0, 10, 10, 0, 0, 10, 0, 0, 10, 19, 0, 10, : 10, 10, 10, 10, 10, 10, 10, 10, 1, 10, 10, 10, 10, 10, 10, 10, 4, 10, 10, 10, 10, 10, 10, 10, 10, 10, 10, 10, 1, 10, 5, 10, 10, 10, 10, 10, 5, 10, 10, 10, 10, 10, 10, 10, 10, 10, 10, 19, 10, 
333: 10, 10, 10, 10, 10, 10, 10, 0, 10, 10, 10, 10, 10, 2, 0, 10, 10, 10, 0, 10, 0, 0, 10, 10, 0, 10, 10, 10, 0, 0, 10, 0, 10, 0, 10, 0, 0, 0, 10, 10, 10, 10, 10, 0, 0, 0, 10, 10, 10, 10, 0, 0, 10, 10, 0, 10, 10, 10, 0, 10, 10, 0, 0, 10, 0, 0, 0, 0, 0, 10, 10, 0, 10, 10, 0, 10, 0, 0, 10, 10, : 10, 10, 10, 10, 10, 10, 10, 10, 10, 10, 10, 10, 2, 10, 10, 10, 10, 10, 10, 10, 10, 10, 10, 10, 10, 10, 10, 10, 10, 10, 10, 10, 10, 10, 10, 10, 10, 10, 10, 10, 10, 10, 10, 10, 10, 10, 10, 10, 10, 
464: 10, 10, 0, 0, 10, 10, 10, 0, 10, 10, 0, 10, 10, 0, 0, 10, 10, 10, 10, 10, 0, 10, 0, 0, 0, 10, 10, 2, 0, 10, 10, 10, 10, 10, 10, 10, 0, 10, 10, 10, 0, 10, 10, 0, 0, 10, 0, 10, 0, 0, 4, 10, 0, 0, 0, 0, 0, 0, 0, 0, 10, 0, 10, 0, 0, 0, 0, 0, 10, 10, 1, 0, 10, 0, 0, 0, 0, 0, 10, 10, : 10, 10, 10, 10, 10, 10, 10, 10, 10, 10, 10, 10, 10, 10, 10, 10, 10, 2, 10, 10, 10, 10, 10, 10, 10, 10, 10, 10, 10, 10, 10, 10, 4, 10, 10, 10, 10, 10, 1, 10, 10, 10, 
223: 10, 10, 0, 10, 0, 0, 0, 0, 0, 10, 10, 0, 0, 10, 10, 10, 0, 0, 10, 0, 0, 10, 10, 10, 0, 0, 10, 0, 3, 0, 10, 9, 0, 0, 0, 10, 0, 13, 10, 0, 0, 0, 0, 10, 10, 0, 0, 0, 10, 0, 0, 10, 10, 0, 0, 0, 0, 10, 0, 0, 0, 0, 10, 10, 10, 10, 0, 10, 0, 10, 10, 10, 1, 10, 0, 4, 10, 0, 10, 10, : 10, 10, 10, 10, 10, 10, 10, 10, 10, 10, 10, 10, 10, 3, 10, 9, 10, 13, 10, 10, 10, 10, 10, 10, 10, 10, 10, 10, 10, 10, 10, 10, 10, 1, 10, 4, 10, 10, 10, 
523: 10, 10, 10, 0, 0, 0, 10, 10, 10, 0, 0, 0, 10, 10, 0, 0, 0, 10, 2, 10, 10, 0, 0, 0, 10, 0, 0, 10, 0, 0, 10, 0, 0, 0, 0, 10, 10, 10, 10, 10, 10, 0, 0, 10, 6, 0, 0, 0, 0, 9, 0, 0, 0, 10, 0, 0, 10, 10, 1, 0, 10, 10, 0, 10, 0, 0, 0, 10, 10, 0, 10, 0, 10, 0, 10, 10, 0, 10, 0, 10, : 10, 10, 10, 10, 10, 10, 10, 10, 10, 2, 10, 10, 10, 10, 10, 10, 10, 10, 10, 10, 10, 10, 6, 9, 10, 10, 10, 1, 10, 10, 10, 10, 10, 10, 10, 10, 10, 10, 10, 
263: 0, 10, 0, 0, 10, 0, 10, 10, 10, 0, 0, 10, 10, 0, 10, 0, 10, 0, 0, 0, 10, 10, 10, 0, 0, 0, 0, 10, 10, 10, 10, 10, 0, 10, 10, 10, 0, 10, 0, 0, 10, 10, 10, 6, 0, 10, 10, 10, 10, 10, 10, 0, 10, 10, 0, 10, 0, 10, 0, 0, 0, 0, 10, 10, 0, 10, 0, 10, 0, 0, 0, 0, 10, 10, 4, 0, 10, 0, 0, 10, : 10, 10, 10, 10, 10, 10, 10, 10, 10, 10, 10, 10, 10, 10, 10, 10, 10, 10, 10, 10, 10, 10, 10, 10, 6, 10, 10, 10, 10, 10, 10, 10, 10, 10, 10, 10, 10, 10, 10, 10, 10, 4, 10, 10, 
254: 0, 10, 0, 0, 1, 10, 0, 10, 10, 10, 10, 0, 10, 10, 0, 10, 10, 0, 0, 0, 0, 10, 10, 0, 10, 10, 2, 0, 10, 10, 10, 10, 0, 0, 10, 10, 10, 10, 0, 0, 10, 10, 0, 10, 0, 0, 10, 10, 10, 0, 10, 10, 0, 1, 10, 10, 0, 19, 10, 10, 0, 0, 0, 0, 10, 10, 10, 0, 0, 0, 0, 10, 9, 10, 10, 10, 10, 10, 10, 0, : 10, 1, 10, 10, 10, 10, 10, 10, 10, 10, 10, 10, 10, 10, 10, 2, 10, 10, 10, 10, 10, 10, 10, 10, 10, 10, 10, 10, 10, 10, 10, 10, 1, 10, 10, 19, 10, 10, 10, 10, 10, 10, 9, 10, 10, 10, 10, 10, 10, 
498: 10, 10, 0, 0, 0, 0, 10, 10, 0, 10, 0, 0, 10, 0, 10, 10, 0, 10, 10, 10, 10, 0, 0, 0, 10, 0, 10, 10, 10, 10, 10, 0, 0, 10, 0, 0, 10, 0, 0, 10, 10, 0, 10, 0, 10, 10, 10, 0, 10, 0, 10, 0, 0, 0, 0, 10, 0, 1, 0, 0, 10, 10, 0, 0, 0, 10, 10, 10, 10, 10, 1, 0, 0, 10, 10, 10, 0, 0, 10, 10, : 10, 10, 10, 10, 10, 10, 10, 10, 10, 10, 10, 10, 10, 10, 10, 10, 10, 10, 10, 10, 10, 10, 10, 10, 10, 10, 10, 10, 10, 1, 10, 10, 10, 10, 10, 10, 10, 1, 10, 10, 10, 10, 10, 
588: 0, 10, 0, 0, 0, 0, 10, 0, 10, 10, 10, 0, 0, 10, 10, 0, 10, 0, 0, 0, 0, 10, 0, 10, 10, 10, 0, 0, 10, 0, 10, 0, 10, 10, 0, 10, 0, 10, 0, 10, 10, 0, 10, 10, 10, 0, 0, 0, 0, 10, 10, 10, 0, 0, 0, 0, 10, 10, 0, 0, 10, 0, 10, 0, 10, 1, 0, 0, 10, 10, 10, 10, 10, 10, 0, 0, 0, 4, 0, 0, : 10, 10, 10, 10, 10, 10, 10, 10, 10, 10, 10, 10, 10, 10, 10, 10, 10, 10, 10, 10, 10, 10, 10, 10, 10, 10, 10, 10, 10, 10, 10, 1, 10, 10, 10, 10, 10, 10, 4, 
201: 0, 1, 10, 0, 10, 10, 10, 0, 0, 10, 0, 10, 10, 10, 0, 0, 10, 0, 10, 0, 0, 0, 10, 10, 10, 10, 0, 10, 1, 18, 10, 10, 0, 0, 10, 0, 10, 10, 0, 0, 10, 0, 0, 0, 10, 0, 10, 10, 0, 0, 10, 0, 10, 0, 10, 0, 10, 0, 0, 10, 10, 10, 0, 0, 0, 0, 10, 0, 10, 10, 0, 10, 10, 10, 10, 0, 10, 0, 10, 10, : 1, 10, 10, 10, 10, 10, 10, 10, 10, 10, 10, 10, 10, 10, 10, 10, 1, 18, 10, 10, 10, 10, 10, 10, 10, 10, 10, 10, 10, 10, 10, 10, 10, 10, 10, 10, 10, 10, 10, 10, 10, 10, 10, 10, 
293: 0, 10, 10, 10, 10, 10, 2, 0, 0, 0, 0, 0, 10, 0, 0, 10, 0, 10, 10, 10, 10, 10, 0, 10, 10, 10, 10, 10, 10, 0, 0, 0, 10, 10, 0, 10, 0, 0, 0, 10, 10, 10, 0, 0, 0, 10, 0, 0, 0, 0, 10, 10, 0, 10, 10, 10, 10, 0, 10, 10, 0, 6, 0, 10, 10, 17, 0, 0, 0, 0, 10, 13, 10, 10, 0, 0, 0, 0, 0, 0, : 10, 10, 10, 10, 10, 2, 10, 10, 10, 10, 10, 10, 10, 10, 10, 10, 10, 10, 10, 10, 10, 10, 10, 10, 10, 10, 10, 10, 10, 10, 10, 10, 10, 10, 6, 10, 10, 17, 10, 13, 10, 10, 
152: 10, 0, 0, 0, 0, 0, 0, 10, 0, 10, 0, 0, 10, 0, 0, 10, 0, 0, 0, 0, 10, 0, 10, 0, 10, 10, 0, 10, 10, 0, 10, 10, 0, 0, 0, 0, 0, 10, 10, 0, 0, 10, 10, 0, 10, 0, 10, 2, 0, 10, 19, 10, 0, 10, 0, 10, 10, 0, 10, 0, 10, 0, 2, 10, 0, 10, 0, 10, 0, 0, 10, 10, 0, 0, 10, 0, 0, 10, 10, 10, : 10, 10, 10, 10, 10, 10, 10, 10, 10, 10, 10, 10, 10, 10, 10, 10, 10, 10, 10, 2, 10, 19, 10, 10, 10, 10, 10, 10, 2, 10, 10, 10, 10, 10, 10, 10, 10, 10, 
743: 0, 0, 10, 0, 0, 0, 0, 0, 0, 10, 0, 0, 15, 0, 10, 10, 10, 10, 0, 0, 10, 0, 10, 10, 0, 10, 0, 0, 0, 10, 10, 10, 0, 0, 10, 10, 15, 10, 10, 10, 10, 0, 10, 10, 10, 0, 2, 0, 10, 10, 0, 10, 10, 10, 0, 0, 10, 0, 0, 0, 10, 10, 10, 10, 1, 12, 10, 10, 10, 0, 10, 10, 0, 0, 10, 10, 10, 10, 0, 10, : 10, 10, 15, 10, 10, 10, 10, 10, 10, 10, 10, 10, 10, 10, 10, 10, 15, 10, 10, 10, 10, 10, 10, 10, 2, 10, 10, 10, 10, 10, 10, 10, 10, 10, 10, 1, 12, 10, 10, 10, 10, 10, 10, 10, 10, 10, 10, 
225: 0, 6, 0, 0, 10, 0, 10, 10, 10, 10, 10, 10, 10, 0, 10, 0, 18, 0, 10, 10, 10, 0, 0, 10, 10, 0, 10, 10, 10, 0, 0, 10, 10, 10, 0, 0, 0, 10, 0, 10, 0, 0, 10, 10, 10, 0, 10, 1, 10, 10, 0, 10, 10, 0, 10, 0, 10, 0, 0, 0, 0, 0, 10, 8, 10, 0, 0, 0, 0, 10, 0, 0, 0, 2, 0, 10, 0, 10, 0, 0, : 6, 10, 10, 10, 10, 10, 10, 10, 10, 10, 18, 10, 10, 10, 10, 10, 10, 10, 10, 10, 10, 10, 10, 10, 10, 10, 10, 10, 1, 10, 10, 10, 10, 10, 10, 10, 8, 10, 10, 2, 10, 10, 
430: 10, 10, 10, 0, 0, 0, 10, 10, 10, 0, 10, 0, 10, 4, 10, 0, 10, 10, 0, 10, 0, 0, 10, 10, 2, 0, 10, 0, 19, 0, 0, 1, 10, 10, 0, 10, 10, 10, 10, 0, 0, 0, 10, 0, 0, 10, 10, 0, 0, 0, 0, 0, 10, 10, 0, 10, 0, 10, 0, 10, 0, 0, 0, 0, 10, 14, 10, 0, 10, 10, 13, 0, 0, 0, 0, 0, 0, 0, 10, 0, : 10, 10, 10, 10, 10, 10, 10, 10, 4, 10, 10, 10, 10, 10, 10, 2, 10, 19, 1, 10, 10, 10, 10, 10, 10, 10, 10, 10, 10, 10, 10, 10, 10, 10, 14, 10, 10, 10, 13, 10, 
604: 10, 10, 0, 10, 10, 10, 10, 14, 10, 10, 0, 0, 10, 0, 10, 0, 0, 0, 10, 12, 0, 0, 10, 0, 0, 0, 10, 10, 0, 0, 0, 1, 10, 10, 0, 0, 10, 10, 0, 10, 10, 10, 10, 0, 0, 10, 0, 0, 10, 0, 10, 0, 0, 0, 0, 0, 0, 10, 10, 10, 0, 10, 10, 10, 10, 10, 10, 0, 0, 0, 10, 0, 10, 10, 10, 1, 0, 10, 0, 10, : 10, 10, 10, 10, 10, 10, 14, 10, 10, 10, 10, 10, 12, 10, 10, 10, 1, 10, 10, 10, 10, 10, 10, 10, 10, 10, 10, 10, 10, 10, 10, 10, 10, 10, 10, 10, 10, 10, 10, 10, 10, 1, 10, 10, 
281: 6, 10, 0, 10, 0, 10, 0, 10, 0, 0, 0, 0, 10, 10, 0, 0, 0, 10, 0, 10, 0, 0, 0, 0, 0, 10, 10, 0, 10, 0, 0, 0, 10, 10, 10, 0, 0, 0, 0, 0, 2, 10, 0, 0, 10, 10, 10, 10, 0, 10, 10, 10, 10, 0, 0, 10, 10, 10, 10, 10, 10, 0, 0, 10, 0, 0, 0, 10, 10, 1, 0, 0, 10, 10, 10, 10, 10, 10, 10, 0, : 6, 10, 10, 10, 10, 10, 10, 10, 10, 10, 10, 10, 10, 10, 10, 2, 10, 10, 10, 10, 10, 10, 10, 10, 10, 10, 10, 10, 10, 10, 10, 10, 10, 10, 1, 10, 10, 10, 10, 10, 10, 10, 
424: 10, 0, 10, 10, 10, 10, 10, 10, 0, 0, 10, 0, 0, 0, 10, 0, 0, 10, 10, 10, 10, 10, 0, 0, 10, 10, 0, 10, 10, 10, 0, 0, 0, 10, 10, 0, 10, 0, 0, 0, 10, 10, 10, 10, 10, 0, 0, 10, 0, 10, 0, 0, 0, 0, 10, 0, 10, 0, 0, 10, 10, 0, 10, 0, 10, 10, 0, 10, 0, 10, 10, 10, 10, 10, 0, 10, 0, 0, 10, 10, : 10, 10, 10, 10, 10, 10, 10, 10, 10, 10, 10, 10, 10, 10, 10, 10, 10, 10, 10, 10, 10, 10, 10, 10, 10, 10, 10, 10, 10, 10, 10, 10, 10, 10, 10, 10, 10, 10, 10, 10, 10, 10, 10, 10, 10, 
20: 10, 10, 10, 10, 0, 0, 0, 0, 10, 0, 5, 10, 0, 0, 0, 10, 0, 0, 0, 0, 10, 0, 10, 0, 10, 10, 10, 0, 0, 0, 0, 10, 0, 10, 0, 10, 10, 10, 0, 0, 0, 10, 10, 0, 10, 0, 10, 10, 10, 0, 0, 10, 0, 10, 10, 0, 0, 0, 10, 0, 0, 10, 10, 10, 0, 3, 10, 0, 0, 10, 10, 0, 10, 0, 0, 0, 10, 0, 10, 10, : 10, 10, 10, 10, 10, 5, 10, 10, 10, 10, 10, 10, 10, 10, 10, 10, 10, 10, 10, 10, 10, 10, 10, 10, 10, 10, 10, 10, 10, 10, 10, 3, 10, 10, 10, 10, 10, 10, 10, 
759: 0, 0, 10, 0, 0, 10, 3, 0, 10, 10, 10, 0, 0, 10, 10, 0, 10, 0, 10, 0, 0, 14, 10, 0, 0, 0, 10, 0, 10, 10, 0, 10, 10, 0, 0, 10, 0, 0, 0, 10, 0, 10, 0, 10, 10, 10, 10, 10, 11, 10, 0, 1, 0, 10, 6, 10, 0, 0, 0, 0, 10, 10, 0, 0, 10, 0, 10, 10, 0, 0, 0, 0, 10, 0, 0, 0, 0, 10, 10, 0, : 10, 10, 3, 10, 10, 10, 10, 10, 10, 10, 14, 10, 10, 10, 10, 10, 10, 10, 10, 10, 10, 10, 10, 10, 10, 11, 10, 1, 10, 6, 10, 10, 10, 10, 10, 10, 10, 10, 10, 
230: 10, 10, 10, 10, 3, 10, 0, 0, 0, 0, 10, 10, 10, 10, 10, 0, 0, 10, 0, 0, 10, 0, 0, 0, 0, 10, 0, 0, 10, 10, 0, 10, 0, 10, 0, 0, 0, 0, 0, 5, 0, 0, 0, 10, 0, 10, 10, 10, 2, 10, 0, 0, 0, 0, 0, 10, 2, 0, 10, 10, 0, 0, 10, 10, 10, 0, 0, 10, 0, 10, 10, 10, 10, 0, 10, 0, 0, 0, 0, 10, : 10, 10, 10, 10, 3, 10, 10, 10, 10, 10, 10, 10, 10, 10, 10, 10, 10, 10, 5, 10, 10, 10, 10, 2, 10, 10, 2, 10, 10, 10, 10, 10, 10, 10, 10, 10, 10, 10, 10, 
631: 0, 10, 10, 0, 0, 10, 1, 0, 0, 10, 1, 10, 0, 0, 0, 10, 0, 10, 0, 0, 0, 0, 0, 0, 0, 10, 0, 10, 10, 10, 10, 0, 10, 0, 0, 0, 0, 10, 0, 10, 10, 10, 10, 10, 0, 0, 10, 0, 10, 10, 10, 0, 10, 0, 10, 0, 0, 10, 10, 0, 10, 10, 10, 5, 0, 10, 0, 0, 0, 0, 0, 2, 10, 10, 10, 0, 0, 10, 10, 0, : 10, 10, 10, 1, 10, 1, 10, 10, 10, 10, 10, 10, 10, 10, 10, 10, 10, 10, 10, 10, 10, 10, 10, 10, 10, 10, 10, 10, 10, 10, 10, 10, 5, 10, 2, 10, 10, 10, 10, 10, 
186: 10, 10, 10, 10, 0, 10, 10, 10, 0, 6, 0, 0, 10, 10, 10, 0, 0, 10, 0, 10, 0, 0, 0, 0, 0, 0, 0, 10, 0, 0, 10, 0, 0, 0, 0, 0, 10, 10, 0, 10, 0, 10, 0, 10, 10, 10, 1, 10, 0, 10, 0, 0, 0, 10, 0, 0, 10, 0, 0, 10, 9, 0, 0, 10, 0, 10, 10, 0, 10, 0, 10, 10, 10, 10, 12, 0, 0, 10, 10, 10, : 10, 10, 10, 10, 10, 10, 10, 6, 10, 10, 10, 10, 10, 10, 10, 10, 10, 10, 10, 10, 10, 10, 1, 10, 10, 10, 10, 10, 9, 10, 10, 10, 10, 10, 10, 10, 10, 12, 10, 10, 10, 
778: 0, 0, 10, 19, 10, 0, 0, 0, 10, 0, 0, 10, 10, 0, 10, 10, 10, 10, 0, 0, 10, 10, 0, 10, 10, 0, 10, 0, 10, 0, 0, 10, 0, 0, 10, 10, 10, 10, 10, 0, 0, 10, 0, 10, 0, 10, 10, 10, 0, 0, 10, 0, 16, 0, 0, 0, 0, 0, 0, 0, 10, 10, 10, 0, 10, 10, 0, 10, 0, 10, 0, 10, 0, 0, 2, 10, 10, 2, 10, 10, : 10, 19, 10, 10, 10, 10, 10, 10, 10, 10, 10, 10, 10, 10, 10, 10, 10, 10, 10, 10, 10, 10, 10, 10, 10, 10, 10, 10, 16, 10, 10, 10, 10, 10, 10, 10, 10, 2, 10, 10, 2, 10, 10, 
312: 10, 10, 0, 10, 0, 10, 19, 0, 10, 0, 0, 0, 4, 0, 0, 10, 10, 10, 0, 10, 0, 1, 0, 0, 10, 10, 0, 10, 10, 10, 0, 0, 0, 14, 0, 10, 0, 0, 0, 10, 0, 0, 0, 10, 0, 10, 10, 10, 10, 10, 0, 0, 10, 10, 10, 0, 10, 0, 10, 0, 0, 0, 10, 10, 10, 10, 0, 0, 10, 0, 10, 0, 0, 10, 10, 0, 10, 0, 0, 1, : 10, 10, 10, 10, 19, 10, 4, 10, 10, 10, 10, 1, 10, 10, 10, 10, 10, 14, 10, 10, 10, 10, 10, 10, 10, 10, 10, 10, 10, 10, 10, 10, 10, 10, 10, 10, 10, 10, 10, 10, 1, 
38: 10, 0, 0, 0, 0, 0, 10, 10, 0, 0, 10, 10, 0, 10, 10, 10, 10, 0, 10, 10, 10, 10, 10, 10, 10, 0, 10, 10, 10, 5, 10, 0, 0, 10, 0, 0, 10, 0, 10, 10, 0, 10, 0, 0, 0, 10, 10, 0, 0, 0, 0, 9, 10, 0, 0, 0, 10, 0, 0, 0, 0, 10, 0, 10, 10, 0, 10, 0, 0, 0, 10, 10, 0, 10, 10, 0, 10, 0, 10, 0, : 10, 10, 10, 10, 10, 10, 10, 10, 10, 10, 10, 10, 10, 10, 10, 10, 10, 10, 10, 5, 10, 10, 10, 10, 10, 10, 10, 10, 9, 10, 10, 10, 10, 10, 10, 10, 10, 10, 10, 10, 10, 


87: 10, 0, 0, 0, 0, 10, 10, 0, 10, 10, 10, 0, 10, 10, 10, 0, 10, 0, 10, 10, 0, 10, 10, 10, 0, 3, 10, 0, 10, 10, 0, 0, 10, 0, 10, 10, 10, 0, 0, 0, 10, 0, 10, 10, 0, 10, 0, 10, 10, 0, 10, 0, 10, 1, 0, 0, 10, 10, 10, 0, 0, 0, 0, 10, 10, 0, 0, 10, 0, 10, 10, 13, 10, 10, 10, 0, 10, 10, 0, 0, : 10, 10, 10, 10, 10, 10, 10, 10, 10, 10, 10, 10, 10, 10, 10, 3, 10, 10, 10, 10, 10, 10, 10, 10, 10, 10, 10, 10, 10, 10, 10, 1, 10, 10, 10, 10, 10, 10, 10, 10, 13, 10, 10, 10, 10, 10, 
162: 0, 1, 0, 10, 0, 0, 0, 10, 10, 10, 0, 10, 0, 10, 10, 10, 10, 10, 10, 10, 0, 10, 10, 10, 10, 0, 0, 10, 0, 0, 0, 10, 0, 0, 10, 10, 10, 0, 10, 0, 0, 0, 0, 0, 10, 0, 10, 0, 0, 0, 0, 10, 0, 0, 0, 10, 10, 10, 10, 0, 0, 2, 0, 0, 10, 10, 0, 3, 0, 10, 10, 0, 0, 10, 10, 0, 10, 10, 10, 10, : 1, 10, 10, 10, 10, 10, 10, 10, 10, 10, 10, 10, 10, 10, 10, 10, 10, 10, 10, 10, 10, 10, 10, 10, 10, 10, 10, 10, 10, 10, 2, 10, 10, 3, 10, 10, 10, 10, 10, 10, 10, 10, 
781: 10, 10, 10, 0, 0, 0, 0, 0, 0, 10, 0, 10, 0, 10, 10, 10, 10, 10, 0, 10, 10, 10, 10, 0, 10, 10, 0, 10, 10, 0, 0, 1, 0, 0, 10, 0, 10, 0, 10, 10, 0, 0, 10, 10, 10, 10, 0, 10, 0, 0, 10, 10, 10, 10, 0, 0, 0, 10, 0, 0, 10, 0, 0, 10, 10, 10, 10, 0, 10, 0, 10, 10, 10, 10, 0, 0, 0, 0, 10, 0, : 10, 10, 10, 10, 10, 10, 10, 10, 10, 10, 10, 10, 10, 10, 10, 10, 10, 10, 1, 10, 10, 10, 10, 10, 10, 10, 10, 10, 10, 10, 10, 10, 10, 10, 10, 10, 10, 10, 10, 10, 10, 10, 10, 10, 
784: 10, 0, 0, 0, 10, 10, 0, 10, 0, 0, 10, 10, 10, 0, 0, 10, 0, 0, 10, 0, 10, 10, 10, 10, 10, 10, 0, 0, 0, 10, 1, 0, 10, 0, 0, 10, 10, 10, 10, 0, 10, 0, 0, 0, 0, 10, 0, 0, 0, 10, 10, 0, 10, 10, 10, 0, 0, 0, 10, 10, 0, 0, 0, 0, 0, 0, 10, 0, 10, 0, 10, 0, 0, 10, 10, 0, 10, 0, 10, 0, : 10, 10, 10, 10, 10, 10, 10, 10, 10, 10, 10, 10, 10, 10, 10, 10, 1, 10, 10, 10, 10, 10, 10, 10, 10, 10, 10, 10, 10, 10, 10, 10, 10, 10, 10, 10, 10, 10, 
270: 10, 0, 0, 0, 0, 10, 0, 10, 0, 0, 14, 10, 3, 10, 1, 10, 0, 0, 0, 0, 10, 10, 10, 0, 0, 0, 10, 0, 10, 0, 10, 0, 0, 0, 0, 10, 0, 0, 10, 0, 10, 10, 10, 10, 0, 10, 10, 10, 10, 1, 10, 0, 0, 10, 0, 10, 0, 2, 10, 0, 10, 0, 0, 10, 10, 10, 0, 0, 10, 10, 10, 10, 0, 0, 0, 10, 0, 0, 10, 10, : 10, 10, 10, 14, 10, 3, 10, 1, 10, 10, 10, 10, 10, 10, 10, 10, 10, 10, 10, 10, 10, 10, 10, 10, 10, 1, 10, 10, 10, 2, 10, 10, 10, 10, 10, 10, 10, 10, 10, 10, 10, 10, 
123: 0, 10, 10, 10, 0, 0, 0, 10, 0, 0, 10, 3, 10, 10, 0, 10, 10, 10, 0, 10, 11, 10, 0, 0, 10, 0, 10, 10, 10, 10, 0, 10, 10, 10, 0, 0, 0, 0, 0, 10, 0, 0, 1, 10, 0, 10, 10, 0, 0, 10, 10, 0, 0, 0, 0, 1, 10, 0, 0, 10, 10, 10, 0, 0, 0, 0, 0, 10, 10, 0, 0, 0, 10, 10, 10, 10, 10, 10, 10, 0, : 10, 10, 10, 10, 10, 3, 10, 10, 10, 10, 10, 10, 11, 10, 10, 10, 10, 10, 10, 10, 10, 10, 10, 1, 10, 10, 10, 10, 10, 1, 10, 10, 10, 10, 10, 10, 10, 10, 10, 10, 10, 10, 10, 
484: 1, 0, 0, 10, 10, 10, 0, 10, 10, 10, 10, 10, 10, 0, 1, 4, 10, 10, 0, 10, 10, 0, 0, 10, 0, 0, 10, 10, 9, 0, 10, 10, 0, 0, 10, 0, 10, 0, 10, 19, 10, 10, 10, 10, 10, 0, 0, 0, 0, 0, 10, 19, 0, 0, 0, 0, 10, 10, 0, 0, 10, 0, 4, 0, 10, 0, 10, 10, 0, 0, 0, 10, 0, 0, 0, 10, 0, 10, 10, 0, : 1, 10, 10, 10, 10, 10, 10, 10, 10, 10, 1, 4, 10, 10, 10, 10, 10, 10, 10, 9, 10, 10, 10, 10, 10, 19, 10, 10, 10, 10, 10, 10, 19, 10, 10, 10, 4, 10, 10, 10, 10, 10, 10, 10, 
126: 10, 10, 10, 10, 10, 0, 0, 0, 0, 0, 10, 0, 0, 0, 10, 10, 0, 0, 10, 0, 10, 16, 0, 0, 10, 10, 10, 0, 0, 10, 10, 4, 10, 10, 0, 0, 10, 10, 0, 0, 10, 0, 0, 0, 0, 10, 0, 0, 0, 0, 0, 10, 0, 10, 0, 10, 10, 0, 0, 10, 10, 0, 10, 10, 0, 10, 0, 10, 0, 0, 0, 0, 0, 10, 10, 10, 0, 1, 0, 0, : 10, 10, 10, 10, 10, 10, 10, 10, 10, 10, 16, 10, 10, 10, 10, 10, 4, 10, 10, 10, 10, 10, 10, 10, 10, 10, 10, 10, 10, 10, 10, 10, 10, 10, 10, 10, 1, 
378: 10, 10, 0, 0, 0, 10, 1, 10, 0, 0, 0, 0, 0, 10, 10, 10, 10, 0, 10, 10, 0, 10, 0, 0, 0, 0, 0, 0, 0, 10, 0, 10, 10, 0, 0, 0, 0, 10, 10, 10, 10, 10, 0, 0, 0, 10, 0, 10, 10, 0, 10, 10, 0, 0, 10, 0, 10, 0, 0, 0, 0, 0, 10, 0, 2, 0, 10, 0, 0, 0, 10, 10, 10, 0, 10, 10, 10, 10, 10, 10, : 10, 10, 10, 1, 10, 10, 10, 10, 10, 10, 10, 10, 10, 10, 10, 10, 10, 10, 10, 10, 10, 10, 10, 10, 10, 10, 10, 10, 2, 10, 10, 10, 10, 10, 10, 10, 10, 10, 10, 
8: 0, 10, 10, 1, 0, 10, 0, 10, 0, 10, 0, 0, 0, 10, 10, 10, 0, 0, 0, 0, 10, 10, 0, 10, 10, 0, 10, 10, 10, 0, 10, 10, 0, 10, 0, 10, 0, 10, 10, 0, 0, 5, 10, 10, 10, 10, 0, 10, 0, 0, 0, 0, 0, 0, 0, 10, 0, 10, 0, 10, 10, 0, 10, 0, 0, 1, 10, 10, 10, 0, 10, 10, 0, 0, 10, 10, 10, 10, 10, 10, : 10, 10, 1, 10, 10, 10, 10, 10, 10, 10, 10, 10, 10, 10, 10, 10, 10, 10, 10, 10, 10, 10, 5, 10, 10, 10, 10, 10, 10, 10, 10, 10, 10, 1, 10, 10, 10, 10, 10, 10, 10, 10, 10, 10, 10, 
60: 10, 10, 10, 0, 10, 10, 0, 0, 10, 0, 10, 0, 0, 10, 0, 0, 0, 10, 10, 0, 10, 0, 10, 2, 0, 0, 0, 10, 0, 0, 10, 10, 10, 0, 0, 0, 10, 0, 10, 0, 0, 0, 0, 0, 2, 10, 0, 8, 0, 0, 10, 10, 0, 10, 10, 10, 10, 0, 10, 0, 10, 10, 10, 0, 0, 0, 10, 10, 10, 0, 10, 0, 0, 10, 10, 10, 0, 0, 0, 10, : 10, 10, 10, 10, 10, 10, 10, 10, 10, 10, 10, 10, 2, 10, 10, 10, 10, 10, 10, 2, 10, 8, 10, 10, 10, 10, 10, 10, 10, 10, 10, 10, 10, 10, 10, 10, 10, 10, 10, 10, 
689: 10, 10, 10, 10, 10, 10, 13, 10, 0, 10, 0, 10, 0, 0, 0, 0, 10, 0, 0, 0, 0, 0, 10, 0, 0, 0, 0, 1, 0, 0, 0, 0, 10, 10, 10, 0, 10, 0, 10, 10, 10, 10, 0, 10, 0, 10, 10, 0, 10, 10, 10, 10, 0, 10, 0, 1, 10, 10, 10, 0, 0, 10, 0, 10, 0, 0, 4, 0, 0, 10, 0, 10, 0, 10, 10, 10, 10, 0, 10, 0, : 10, 10, 10, 10, 10, 10, 13, 10, 10, 10, 10, 10, 1, 10, 10, 10, 10, 10, 10, 10, 10, 10, 10, 10, 10, 10, 10, 10, 10, 1, 10, 10, 10, 10, 10, 4, 10, 10, 10, 10, 10, 10, 10, 
480: 0, 10, 0, 10, 10, 0, 10, 0, 0, 10, 0, 0, 10, 10, 0, 10, 10, 10, 0, 0, 10, 10, 10, 10, 10, 10, 0, 10, 0, 10, 0, 0, 0, 0, 10, 10, 0, 10, 0, 10, 10, 0, 10, 0, 10, 0, 0, 0, 0, 10, 0, 10, 10, 0, 10, 0, 0, 10, 0, 0, 0, 10, 10, 0, 10, 10, 0, 0, 0, 0, 0, 10, 0, 10, 0, 10, 0, 10, 0, 1, : 10, 10, 10, 10, 10, 10, 10, 10, 10, 10, 10, 10, 10, 10, 10, 10, 10, 10, 10, 10, 10, 10, 10, 10, 10, 10, 10, 10, 10, 10, 10, 10, 10, 10, 10, 10, 10, 10, 1, 
607: 0, 10, 0, 13, 10, 10, 3, 0, 10, 0, 0, 10, 0, 0, 10, 0, 0, 0, 0, 0, 0, 10, 7, 0, 10, 0, 10, 10, 19, 0, 10, 10, 10, 10, 10, 0, 10, 10, 15, 0, 0, 10, 10, 10, 10, 0, 0, 0, 0, 0, 0, 11, 0, 0, 0, 0, 0, 0, 10, 0, 0, 0, 10, 10, 0, 0, 10, 10, 0, 10, 0, 0, 0, 10, 10, 10, 10, 0, 10, 0, : 10, 13, 10, 10, 3, 10, 10, 10, 10, 7, 10, 10, 10, 19, 10, 10, 10, 10, 10, 10, 10, 15, 10, 10, 10, 10, 11, 10, 10, 10, 10, 10, 10, 10, 10, 10, 10, 10, 
770: 0, 0, 10, 0, 10, 0, 0, 10, 10, 1, 0, 0, 10, 1, 10, 0, 10, 0, 0, 0, 10, 0, 0, 0, 0, 2, 0, 0, 0, 0, 0, 0, 10, 10, 10, 10, 10, 10, 10, 0, 0, 10, 10, 10, 10, 0, 0, 0, 0, 10, 10, 0, 0, 10, 0, 10, 10, 10, 10, 0, 0, 10, 10, 10, 0, 10, 0, 0, 0, 10, 10, 10, 10, 10, 0, 10, 10, 0, 0, 0, : 10, 10, 10, 10, 1, 10, 1, 10, 10, 10, 2, 10, 10, 10, 10, 10, 10, 10, 10, 10, 10, 10, 10, 10, 10, 10, 10, 10, 10, 10, 10, 10, 10, 10, 10, 10, 10, 10, 10, 10, 
283: 10, 3, 0, 0, 10, 0, 0, 0, 10, 10, 0, 0, 0, 10, 10, 10, 10, 10, 0, 10, 0, 10, 10, 0, 10, 10, 10, 10, 10, 10, 0, 10, 0, 0, 10, 10, 10, 10, 10, 0, 2, 0, 0, 10, 10, 0, 10, 0, 0, 0, 0, 0, 10, 0, 10, 10, 10, 10, 10, 10, 10, 0, 0, 10, 0, 10, 10, 0, 10, 8, 0, 0, 10, 10, 10, 10, 0, 0, 10, 10, : 10, 3, 10, 10, 10, 10, 10, 10, 10, 10, 10, 10, 10, 10, 10, 10, 10, 10, 10, 10, 10, 10, 10, 10, 10, 2, 10, 10, 10, 10, 10, 10, 10, 10, 10, 10, 10, 10, 10, 10, 10, 8, 10, 10, 10, 10, 10, 10, 
377: 10, 10, 0, 10, 0, 10, 0, 10, 10, 0, 10, 0, 10, 10, 10, 10, 10, 2, 10, 0, 0, 0, 0, 10, 0, 10, 0, 0, 10, 10, 10, 0, 10, 19, 0, 10, 0, 0, 0, 10, 10, 10, 10, 0, 0, 10, 0, 10, 10, 10, 10, 0, 0, 10, 0, 10, 0, 0, 10, 0, 0, 10, 0, 10, 10, 10, 5, 10, 0, 10, 0, 10, 10, 0, 0, 4, 1, 10, 0, 10, : 10, 10, 10, 10, 10, 10, 10, 10, 10, 10, 10, 10, 2, 10, 10, 10, 10, 10, 10, 10, 19, 10, 10, 10, 10, 10, 10, 10, 10, 10, 10, 10, 10, 10, 10, 10, 10, 10, 5, 10, 10, 10, 10, 4, 1, 10, 10, 
280: 10, 10, 0, 10, 0, 10, 10, 10, 10, 10, 0, 0, 10, 10, 10, 0, 10, 10, 0, 0, 1, 10, 0, 0, 10, 0, 0, 0, 10, 0, 10, 0, 0, 0, 0, 1, 10, 10, 0, 0, 10, 10, 10, 0, 10, 0, 20, 10, 0, 10, 10, 10, 0, 0, 2, 10, 10, 2, 0, 10, 0, 0, 10, 0, 0, 0, 10, 0, 10, 10, 10, 10, 10, 0, 0, 0, 0, 0, 10, 0, : 10, 10, 10, 10, 10, 10, 10, 10, 10, 10, 10, 10, 10, 1, 10, 10, 10, 10, 1, 10, 10, 10, 10, 10, 10, 20, 10, 10, 10, 10, 2, 10, 10, 2, 10, 10, 10, 10, 10, 10, 10, 10, 10, 
37: 10, 0, 10, 0, 0, 10, 10, 10, 10, 10, 0, 10, 0, 0, 10, 0, 10, 0, 10, 10, 0, 10, 10, 0, 0, 10, 0, 10, 5, 10, 0, 10, 0, 0, 10, 10, 10, 0, 0, 10, 10, 0, 0, 10, 0, 0, 10, 0, 0, 10, 2, 10, 0, 10, 10, 10, 0, 0, 0, 10, 10, 0, 10, 1, 0, 0, 10, 0, 6, 0, 0, 0, 0, 10, 0, 0, 0, 10, 15, 10, : 10, 10, 10, 10, 10, 10, 10, 10, 10, 10, 10, 10, 10, 10, 10, 10, 5, 10, 10, 10, 10, 10, 10, 10, 10, 10, 10, 2, 10, 10, 10, 10, 10, 10, 10, 1, 10, 6, 10, 10, 15, 10, 
279: 10, 10, 10, 10, 10, 0, 10, 0, 0, 0, 0, 10, 10, 10, 10, 10, 0, 10, 0, 10, 0, 0, 10, 10, 0, 10, 10, 0, 10, 0, 0, 10, 0, 10, 10, 0, 10, 0, 10, 0, 10, 10, 0, 0, 0, 0, 10, 10, 0, 0, 0, 0, 0, 0, 0, 10, 10, 10, 0, 0, 10, 10, 0, 1, 0, 10, 10, 0, 10, 10, 10, 10, 1, 10, 0, 0, 0, 10, 10, 0, : 10, 10, 10, 10, 10, 10, 10, 10, 10, 10, 10, 10, 10, 10, 10, 10, 10, 10, 10, 10, 10, 10, 10, 10, 10, 10, 10, 10, 10, 10, 10, 10, 1, 10, 10, 10, 10, 10, 10, 1, 10, 10, 10, 
505: 10, 10, 0, 10, 10, 10, 10, 0, 0, 10, 0, 10, 10, 0, 10, 0, 0, 10, 0, 0, 0, 2, 10, 0, 0, 10, 0, 0, 10, 0, 10, 10, 10, 0, 10, 10, 0, 10, 0, 10, 0, 10, 10, 10, 0, 0, 10, 0, 10, 10, 10, 0, 10, 0, 10, 0, 0, 0, 0, 10, 0, 0, 10, 2, 7, 10, 0, 0, 0, 10, 10, 0, 10, 0, 10, 0, 0, 10, 10, 0, : 10, 10, 10, 10, 10, 10, 10, 10, 10, 10, 10, 2, 10, 10, 10, 10, 10, 10, 10, 10, 10, 10, 10, 10, 10, 10, 10, 10, 10, 10, 10, 10, 10, 2, 7, 10, 10, 10, 10, 10, 10, 10, 
451: 0, 0, 18, 10, 0, 0, 0, 10, 0, 0, 10, 10, 10, 10, 10, 10, 0, 0, 0, 10, 10, 0, 0, 5, 10, 10, 0, 10, 10, 0, 10, 0, 10, 2, 0, 0, 10, 0, 10, 10, 0, 10, 0, 10, 10, 10, 0, 10, 0, 0, 0, 10, 0, 0, 10, 0, 10, 1, 0, 0, 10, 10, 10, 0, 0, 10, 10, 0, 10, 10, 0, 0, 10, 0, 0, 10, 0, 0, 0, 10, : 18, 10, 10, 10, 10, 10, 10, 10, 10, 10, 10, 5, 10, 10, 10, 10, 10, 10, 2, 10, 10, 10, 10, 10, 10, 10, 10, 10, 10, 10, 1, 10, 10, 10, 10, 10, 10, 10, 10, 10, 10, 
273: 10, 0, 10, 0, 0, 0, 10, 10, 0, 0, 10, 10, 0, 10, 0, 0, 10, 0, 10, 10, 0, 10, 2, 10, 1, 0, 0, 0, 0, 10, 0, 0, 0, 10, 15, 10, 0, 10, 0, 0, 10, 0, 0, 10, 10, 0, 0, 0, 10, 18, 10, 0, 10, 10, 10, 10, 10, 0, 0, 10, 10, 0, 10, 10, 10, 10, 10, 10, 0, 10, 10, 10, 10, 10, 0, 0, 10, 0, 0, 0, : 10, 10, 10, 10, 10, 10, 10, 10, 10, 10, 10, 2, 10, 1, 10, 10, 15, 10, 10, 10, 10, 10, 10, 18, 10, 10, 10, 10, 10, 10, 10, 10, 10, 10, 10, 10, 10, 10, 10, 10, 10, 10, 10, 10, 
656: 10, 0, 0, 10, 10, 10, 0, 0, 0, 0, 0, 10, 10, 0, 0, 0, 10, 10, 0, 0, 0, 0, 10, 10, 10, 0, 0, 10, 0, 0, 10, 0, 0, 10, 0, 0, 10, 3, 0, 10, 10, 3, 5, 10, 10, 0, 10, 10, 10, 0, 0, 10, 3, 10, 10, 10, 10, 10, 10, 10, 10, 0, 10, 0, 10, 0, 0, 10, 0, 2, 2, 10, 10, 10, 10, 10, 10, 10, 0, 1, : 10, 10, 10, 10, 10, 10, 10, 10, 10, 10, 10, 10, 10, 10, 10, 3, 10, 10, 3, 5, 10, 10, 10, 10, 10, 10, 3, 10, 10, 10, 10, 10, 10, 10, 10, 10, 10, 10, 2, 2, 10, 10, 10, 10, 10, 10, 10, 1, 
444: 10, 0, 10, 10, 0, 0, 10, 0, 10, 10, 0, 10, 10, 10, 0, 1, 10, 0, 0, 0, 0, 0, 0, 10, 0, 0, 0, 0, 10, 0, 0, 10, 0, 10, 10, 10, 10, 10, 0, 10, 0, 10, 10, 10, 10, 4, 10, 10, 0, 10, 0, 0, 10, 10, 0, 10, 10, 0, 1, 0, 0, 0, 0, 10, 10, 10, 10, 0, 0, 0, 1, 0, 10, 10, 10, 0, 10, 0, 0, 0, : 10, 10, 10, 10, 10, 10, 10, 10, 10, 1, 10, 10, 10, 10, 10, 10, 10, 10, 10, 10, 10, 10, 10, 10, 4, 10, 10, 10, 10, 10, 10, 10, 1, 10, 10, 10, 10, 1, 10, 10, 10, 10, 
569: 0, 10, 0, 10, 0, 0, 16, 10, 1, 0, 0, 10, 10, 10, 0, 0, 0, 10, 6, 10, 0, 0, 10, 10, 0, 10, 10, 10, 10, 0, 10, 0, 0, 10, 10, 10, 10, 0, 12, 10, 0, 1, 10, 0, 10, 0, 0, 10, 0, 0, 0, 0, 0, 0, 0, 0, 0, 0, 0, 10, 10, 0, 10, 10, 0, 9, 0, 10, 10, 10, 10, 10, 10, 0, 10, 0, 10, 0, 10, 10, : 10, 10, 16, 10, 1, 10, 10, 10, 10, 6, 10, 10, 10, 10, 10, 10, 10, 10, 10, 10, 10, 10, 12, 10, 1, 10, 10, 10, 10, 10, 10, 10, 9, 10, 10, 10, 10, 10, 10, 10, 10, 10, 10, 
433: 0, 10, 0, 10, 0, 0, 10, 10, 0, 10, 10, 10, 0, 0, 10, 10, 10, 10, 0, 10, 0, 0, 0, 0, 10, 0, 2, 10, 0, 10, 10, 10, 10, 0, 10, 10, 0, 10, 0, 10, 0, 0, 10, 10, 10, 0, 10, 1, 0, 10, 0, 10, 10, 0, 0, 10, 0, 10, 0, 0, 10, 10, 10, 10, 10, 0, 10, 10, 5, 0, 0, 0, 0, 10, 0, 0, 0, 10, 0, 0, : 10, 10, 10, 10, 10, 10, 10, 10, 10, 10, 10, 10, 10, 2, 10, 10, 10, 10, 10, 10, 10, 10, 10, 10, 10, 10, 10, 1, 10, 10, 10, 10, 10, 10, 10, 10, 10, 10, 10, 10, 5, 10, 10, 
701: 4, 0, 0, 10, 0, 0, 10, 0, 10, 0, 0, 0, 10, 10, 10, 0, 10, 0, 10, 10, 0, 0, 10, 0, 0, 0, 10, 0, 10, 0, 10, 0, 10, 0, 0, 0, 10, 10, 0, 0, 0, 10, 0, 0, 0, 10, 1, 10, 0, 0, 0, 0, 10, 10, 10, 10, 10, 10, 0, 0, 0, 0, 0, 0, 1, 10, 0, 10, 0, 10, 2, 0, 10, 0, 10, 10, 10, 0, 10, 10, : 4, 10, 10, 10, 10, 10, 10, 10, 10, 10, 10, 10, 10, 10, 10, 10, 10, 10, 10, 1, 10, 10, 10, 10, 10, 10, 10, 1, 10, 10, 10, 2, 10, 10, 10, 10, 10, 10, 
506: 0, 10, 10, 0, 0, 0, 10, 10, 10, 0, 0, 0, 10, 10, 10, 0, 10, 10, 10, 10, 0, 0, 0, 0, 0, 0, 1, 0, 0, 0, 18, 0, 10, 10, 10, 12, 10, 0, 10, 0, 10, 0, 0, 10, 10, 10, 10, 10, 0, 10, 0, 0, 0, 10, 0, 0, 10, 0, 0, 0, 0, 0, 10, 10, 10, 10, 10, 0, 0, 10, 10, 10, 10, 0, 0, 10, 10, 10, 0, 10, : 10, 10, 10, 10, 10, 10, 10, 10, 10, 10, 10, 10, 1, 18, 10, 10, 10, 12, 10, 10, 10, 10, 10, 10, 10, 10, 10, 10, 10, 10, 10, 10, 10, 10, 10, 10, 10, 10, 10, 10, 10, 10, 
768: 10, 10, 10, 10, 5, 0, 0, 0, 10, 10, 10, 10, 0, 0, 0, 10, 0, 10, 0, 10, 0, 10, 0, 10, 10, 10, 0, 10, 0, 10, 10, 0, 10, 0, 0, 0, 0, 1, 0, 0, 0, 10, 10, 10, 0, 10, 10, 10, 10, 0, 10, 0, 0, 0, 10, 0, 10, 3, 10, 10, 10, 0, 0, 10, 0, 10, 10, 10, 10, 0, 10, 10, 10, 10, 10, 0, 0, 10, 0, 0, : 10, 10, 10, 10, 5, 10, 10, 10, 10, 10, 10, 10, 10, 10, 10, 10, 10, 10, 10, 10, 1, 10, 10, 10, 10, 10, 10, 10, 10, 10, 10, 3, 10, 10, 10, 10, 10, 10, 10, 10, 10, 10, 10, 10, 10, 10, 
169: 0, 10, 10, 10, 0, 14, 0, 0, 10, 0, 10, 10, 10, 10, 10, 0, 0, 0, 0, 10, 10, 10, 0, 10, 10, 0, 10, 0, 10, 10, 10, 0, 0, 0, 10, 0, 0, 10, 10, 10, 10, 10, 2, 10, 0, 10, 10, 0, 0, 10, 10, 10, 10, 10, 10, 0, 10, 10, 0, 0, 0, 0, 0, 10, 10, 10, 10, 10, 10, 0, 0, 0, 10, 0, 0, 10, 10, 10, 10, 0, : 10, 10, 10, 14, 10, 10, 10, 10, 10, 10, 10, 10, 10, 10, 10, 10, 10, 10, 10, 10, 10, 10, 10, 10, 10, 2, 10, 10, 10, 10, 10, 10, 10, 10, 10, 10, 10, 10, 10, 10, 10, 10, 10, 10, 10, 10, 10, 10, 
710: 0, 0, 10, 10, 0, 10, 0, 0, 10, 10, 0, 10, 0, 0, 0, 0, 10, 0, 10, 10, 10, 0, 1, 0, 10, 0, 0, 0, 0, 1, 0, 10, 10, 0, 10, 0, 0, 0, 10, 0, 0, 0, 0, 0, 0, 0, 0, 10, 10, 10, 10, 10, 10, 10, 0, 0, 0, 10, 10, 9, 0, 10, 10, 0, 10, 10, 10, 0, 10, 10, 10, 10, 1, 10, 0, 0, 0, 0, 0, 10, : 10, 10, 10, 10, 10, 10, 10, 10, 10, 10, 1, 10, 1, 10, 10, 10, 10, 10, 10, 10, 10, 10, 10, 10, 10, 10, 9, 10, 10, 10, 10, 10, 10, 10, 10, 10, 1, 10, 10, 
541: 2, 10, 0, 10, 0, 10, 10, 0, 0, 10, 0, 10, 0, 0, 10, 10, 0, 10, 10, 1, 10, 17, 11, 0, 10, 0, 10, 10, 0, 1, 0, 0, 0, 10, 0, 10, 0, 10, 10, 0, 0, 10, 0, 10, 0, 10, 10, 10, 10, 1, 0, 10, 0, 10, 0, 13, 0, 0, 10, 0, 10, 10, 0, 1, 10, 0, 10, 0, 0, 10, 10, 0, 10, 0, 10, 0, 0, 0, 0, 0, : 2, 10, 10, 10, 10, 10, 10, 10, 10, 10, 10, 1, 10, 17, 11, 10, 10, 10, 1, 10, 10, 10, 10, 10, 10, 10, 10, 10, 10, 1, 10, 10, 13, 10, 10, 10, 1, 10, 10, 10, 10, 10, 10, 
609: 10, 0, 10, 10, 10, 10, 0, 0, 0, 0, 0, 0, 0, 0, 0, 0, 0, 0, 10, 10, 10, 0, 0, 10, 10, 10, 10, 5, 0, 0, 14, 10, 0, 10, 10, 0, 0, 10, 0, 10, 10, 0, 10, 0, 0, 0, 10, 0, 0, 0, 10, 10, 10, 4, 10, 0, 0, 10, 0, 10, 10, 0, 10, 0, 10, 10, 10, 0, 0, 10, 10, 10, 0, 0, 0, 0, 4, 10, 0, 0, : 10, 10, 10, 10, 10, 10, 10, 10, 10, 10, 10, 10, 5, 14, 10, 10, 10, 10, 10, 10, 10, 10, 10, 10, 10, 4, 10, 10, 10, 10, 10, 10, 10, 10, 10, 10, 10, 4, 10, 
702: 0, 0, 0, 10, 0, 0, 10, 0, 10, 10, 10, 10, 10, 0, 0, 10, 10, 0, 0, 0, 0, 10, 10, 0, 10, 10, 0, 10, 10, 10, 0, 0, 10, 0, 0, 0, 10, 10, 0, 0, 10, 0, 0, 0, 10, 0, 10, 10, 10, 0, 0, 10, 10, 0, 10, 0, 3, 0, 10, 10, 10, 10, 10, 10, 10, 10, 0, 10, 0, 0, 0, 0, 0, 0, 10, 0, 10, 10, 0, 10, : 10, 10, 10, 10, 10, 10, 10, 10, 10, 10, 10, 10, 10, 10, 10, 10, 10, 10, 10, 10, 10, 10, 10, 10, 10, 10, 10, 3, 10, 10, 10, 10, 10, 10, 10, 10, 10, 10, 10, 10, 10, 
715: 0, 0, 10, 0, 0, 0, 0, 10, 10, 0, 10, 0, 10, 0, 0, 0, 10, 0, 10, 10, 10, 0, 10, 0, 10, 10, 10, 10, 0, 0, 10, 10, 0, 10, 0, 10, 10, 10, 10, 10, 10, 10, 10, 0, 10, 0, 0, 3, 0, 10, 0, 10, 0, 0, 10, 0, 0, 10, 0, 0, 10, 10, 0, 10, 10, 10, 10, 10, 0, 0, 0, 0, 0, 10, 10, 10, 10, 12, 0, 10, : 10, 10, 10, 10, 10, 10, 10, 10, 10, 10, 10, 10, 10, 10, 10, 10, 10, 10, 10, 10, 10, 10, 10, 10, 10, 10, 3, 10, 10, 10, 10, 10, 10, 10, 10, 10, 10, 10, 10, 10, 10, 10, 12, 10, 
115: 0, 10, 0, 10, 0, 0, 0, 10, 10, 0, 10, 1, 0, 10, 10, 0, 0, 10, 10, 10, 0, 10, 0, 0, 0, 10, 10, 10, 10, 10, 0, 4, 10, 0, 0, 0, 10, 10, 10, 10, 0, 0, 0, 10, 0, 0, 0, 0, 0, 0, 0, 10, 0, 10, 0, 0, 0, 10, 10, 10, 10, 10, 0, 10, 10, 0, 0, 0, 0, 10, 0, 0, 10, 0, 0, 10, 0, 10, 10, 10, : 10, 10, 10, 10, 10, 1, 10, 10, 10, 10, 10, 10, 10, 10, 10, 10, 10, 4, 10, 10, 10, 10, 10, 10, 10, 10, 10, 10, 10, 10, 10, 10, 10, 10, 10, 10, 10, 10, 10, 
331: 10, 0, 0, 10, 10, 0, 0, 10, 0, 1, 10, 0, 0, 0, 10, 0, 3, 10, 10, 0, 0, 0, 0, 10, 10, 0, 0, 0, 0, 0, 0, 16, 10, 5, 0, 0, 0, 10, 0, 10, 10, 10, 10, 2, 0, 0, 10, 0, 10, 10, 0, 10, 0, 10, 10, 10, 0, 10, 6, 10, 10, 0, 10, 0, 10, 10, 10, 10, 0, 0, 0, 0, 10, 10, 10, 10, 0, 0, 10, 10, : 10, 10, 10, 10, 1, 10, 10, 3, 10, 10, 10, 10, 16, 10, 5, 10, 10, 10, 10, 10, 2, 10, 10, 10, 10, 10, 10, 10, 10, 6, 10, 10, 10, 10, 10, 10, 10, 10, 10, 10, 10, 10, 10, 
68: 10, 10, 0, 10, 10, 10, 0, 0, 0, 0, 10, 10, 10, 0, 10, 10, 10, 0, 10, 10, 10, 0, 0, 10, 10, 10, 0, 10, 0, 10, 10, 0, 0, 10, 0, 10, 0, 10, 0, 0, 10, 0, 0, 10, 0, 10, 13, 10, 10, 0, 10, 0, 10, 0, 10, 0, 10, 0, 0, 0, 10, 0, 10, 10, 0, 10, 0, 10, 10, 0, 0, 0, 0, 10, 0, 10, 10, 0, 10, 0, : 10, 10, 10, 10, 10, 10, 10, 10, 10, 10, 10, 10, 10, 10, 10, 10, 10, 10, 10, 10, 10, 10, 10, 10, 10, 10, 13, 10, 10, 10, 10, 10, 10, 10, 10, 10, 10, 10, 10, 10, 10, 10, 10, 
137: 10, 10, 10, 0, 10, 0, 10, 0, 0, 0, 0, 0, 10, 10, 0, 0, 10, 0, 0, 10, 10, 10, 0, 10, 10, 0, 10, 10, 0, 0, 10, 0, 0, 10, 4, 10, 10, 0, 10, 10, 10, 10, 0, 0, 10, 10, 0, 10, 0, 10, 0, 0, 0, 10, 10, 10, 0, 10, 10, 0, 0, 10, 0, 0, 0, 0, 0, 0, 0, 10, 10, 0, 10, 0, 0, 10, 10, 1, 10, 10, : 10, 10, 10, 10, 10, 10, 10, 10, 10, 10, 10, 10, 10, 10, 10, 10, 10, 4, 10, 10, 10, 10, 10, 10, 10, 10, 10, 10, 10, 10, 10, 10, 10, 10, 10, 10, 10, 10, 10, 1, 10, 10, 
141: 0, 0, 10, 0, 0, 10, 10, 0, 0, 10, 10, 10, 0, 0, 0, 0, 0, 0, 0, 10, 10, 10, 10, 0, 0, 0, 1, 10, 0, 10, 0, 0, 5, 0, 0, 0, 0, 0, 10, 10, 10, 0, 10, 0, 1, 0, 0, 0, 10, 10, 10, 0, 10, 10, 10, 10, 0, 0, 0, 10, 0, 18, 0, 0, 0, 10, 0, 0, 10, 0, 0, 0, 0, 10, 0, 10, 10, 0, 10, 0, : 10, 10, 10, 10, 10, 10, 10, 10, 10, 10, 1, 10, 10, 5, 10, 10, 10, 10, 1, 10, 10, 10, 10, 10, 10, 10, 10, 18, 10, 10, 10, 10, 10, 10, 
21: 0, 10, 10, 0, 17, 10, 0, 10, 0, 0, 0, 10, 10, 10, 0, 10, 10, 10, 10, 0, 10, 10, 10, 10, 1, 0, 10, 10, 10, 10, 0, 10, 10, 10, 10, 10, 10, 10, 0, 10, 0, 0, 5, 0, 10, 0, 10, 0, 10, 0, 10, 10, 0, 0, 10, 10, 10, 0, 10, 0, 10, 10, 10, 10, 10, 0, 10, 10, 10, 10, 10, 10, 10, 10, 10, 0, 10, 10, 0, 0, : 10, 10, 17, 10, 10, 10, 10, 10, 10, 10, 10, 10, 10, 10, 10, 10, 1, 10, 10, 10, 10, 10, 10, 10, 10, 10, 10, 10, 10, 5, 10, 10, 10, 10, 10, 10, 10, 10, 10, 10, 10, 10, 10, 10, 10, 10, 10, 10, 10, 10, 10, 10, 10, 10, 10, 
747: 0, 0, 0, 0, 10, 10, 0, 0, 10, 10, 10, 10, 0, 0, 10, 10, 10, 10, 10, 0, 0, 0, 14, 10, 10, 0, 0, 1, 0, 17, 10, 10, 10, 0, 10, 10, 0, 10, 10, 10, 10, 0, 10, 10, 0, 0, 10, 10, 0, 0, 0, 10, 20, 0, 10, 10, 0, 0, 0, 10, 0, 0, 0, 0, 0, 0, 0, 0, 11, 0, 10, 10, 10, 0, 10, 0, 0, 10, 10, 10, : 10, 10, 10, 10, 10, 10, 10, 10, 10, 10, 10, 14, 10, 10, 1, 17, 10, 10, 10, 10, 10, 10, 10, 10, 10, 10, 10, 10, 10, 10, 20, 10, 10, 10, 11, 10, 10, 10, 10, 10, 10, 10, 
491: 0, 10, 0, 10, 0, 10, 0, 0, 0, 10, 0, 8, 0, 10, 10, 10, 0, 10, 0, 0, 10, 0, 0, 10, 1, 0, 10, 10, 3, 10, 0, 10, 10, 10, 0, 0, 10, 10, 0, 10, 10, 10, 0, 10, 10, 0, 0, 10, 10, 0, 10, 0, 0, 0, 10, 10, 10, 10, 0, 10, 10, 10, 10, 10, 0, 10, 10, 2, 10, 0, 10, 0, 0, 0, 10, 0, 0, 0, 0, 10, : 10, 10, 10, 10, 8, 10, 10, 10, 10, 10, 10, 1, 10, 10, 3, 10, 10, 10, 10, 10, 10, 10, 10, 10, 10, 10, 10, 10, 10, 10, 10, 10, 10, 10, 10, 10, 10, 10, 10, 10, 2, 10, 10, 10, 10, 
481: 10, 0, 0, 10, 10, 0, 10, 10, 10, 10, 0, 0, 0, 0, 0, 0, 0, 10, 0, 0, 0, 0, 0, 0, 1, 10, 0, 10, 0, 0, 0, 10, 0, 10, 0, 0, 10, 0, 1, 0, 10, 10, 0, 0, 17, 0, 0, 0, 0, 10, 0, 10, 0, 10, 10, 10, 10, 0, 10, 10, 0, 10, 0, 10, 10, 0, 0, 10, 0, 10, 0, 2, 10, 10, 0, 0, 10, 10, 0, 10, : 10, 10, 10, 10, 10, 10, 10, 10, 1, 10, 10, 10, 10, 10, 1, 10, 10, 17, 10, 10, 10, 10, 10, 10, 10, 10, 10, 10, 10, 10, 10, 2, 10, 10, 10, 10, 10, 
32: 10, 0, 10, 10, 10, 10, 0, 10, 10, 10, 0, 0, 0, 0, 0, 0, 0, 0, 0, 10, 10, 0, 0, 10, 2, 10, 0, 0, 10, 0, 0, 10, 0, 0, 0, 0, 0, 0, 10, 0, 0, 0, 12, 10, 10, 10, 0, 0, 10, 10, 10, 0, 10, 0, 10, 10, 10, 10, 1, 0, 0, 0, 5, 0, 0, 0, 0, 10, 10, 0, 10, 0, 0, 0, 10, 1, 10, 0, 0, 0, : 10, 10, 10, 10, 10, 10, 10, 10, 10, 10, 10, 2, 10, 10, 10, 10, 12, 10, 10, 10, 10, 10, 10, 10, 10, 10, 10, 10, 1, 5, 10, 10, 10, 10, 1, 10, 
479: 0, 0, 10, 0, 0, 0, 10, 0, 10, 0, 10, 10, 10, 0, 10, 0, 10, 1, 0, 0, 10, 10, 0, 0, 0, 10, 10, 0, 10, 0, 0, 0, 0, 10, 10, 0, 0, 10, 0, 10, 0, 0, 0, 10, 0, 0, 6, 10, 10, 10, 0, 0, 10, 10, 10, 10, 10, 0, 10, 0, 0, 0, 0, 10, 10, 0, 0, 0, 10, 0, 10, 10, 10, 0, 10, 0, 5, 10, 10, 10, : 10, 10, 10, 10, 10, 10, 10, 10, 1, 10, 10, 10, 10, 10, 10, 10, 10, 10, 10, 6, 10, 10, 10, 10, 10, 10, 10, 10, 10, 10, 10, 10, 10, 10, 10, 10, 5, 10, 10, 10, 
129: 0, 10, 10, 10, 10, 0, 10, 10, 0, 10, 0, 10, 10, 0, 10, 10, 0, 0, 0, 0, 10, 0, 0, 10, 0, 10, 19, 10, 10, 10, 0, 0, 10, 0, 0, 10, 0, 1, 0, 0, 0, 10, 10, 0, 10, 10, 10, 0, 10, 1, 0, 0, 0, 0, 0, 10, 0, 10, 10, 10, 3, 0, 0, 0, 10, 10, 0, 10, 10, 0, 10, 10, 10, 10, 0, 10, 0, 0, 10, 0, : 10, 10, 10, 10, 10, 10, 10, 10, 10, 10, 10, 10, 10, 10, 19, 10, 10, 10, 10, 10, 1, 10, 10, 10, 10, 10, 10, 1, 10, 10, 10, 10, 3, 10, 10, 10, 10, 10, 10, 10, 10, 10, 10, 
349: 10, 0, 10, 3, 10, 10, 10, 10, 10, 0, 0, 10, 19, 0, 10, 10, 0, 0, 10, 0, 10, 10, 0, 0, 0, 0, 10, 0, 0, 10, 10, 0, 10, 10, 10, 0, 0, 0, 10, 0, 10, 0, 10, 0, 0, 3, 1, 10, 0, 10, 1, 10, 0, 10, 10, 10, 0, 0, 10, 10, 6, 10, 10, 0, 0, 10, 0, 10, 0, 10, 10, 10, 0, 0, 0, 10, 0, 0, 0, 0, : 10, 10, 3, 10, 10, 10, 10, 10, 10, 19, 10, 10, 10, 10, 10, 10, 10, 10, 10, 10, 10, 10, 10, 10, 3, 1, 10, 10, 1, 10, 10, 10, 10, 10, 10, 6, 10, 10, 10, 10, 10, 10, 10, 10, 
608: 10, 0, 10, 0, 0, 10, 10, 0, 10, 0, 10, 0, 10, 10, 0, 0, 10, 0, 0, 10, 0, 0, 0, 0, 17, 0, 0, 10, 0, 10, 0, 0, 10, 0, 10, 0, 0, 0, 0, 0, 0, 10, 0, 0, 0, 0, 10, 10, 1, 0, 10, 5, 10, 0, 10, 10, 0, 3, 10, 0, 0, 10, 0, 0, 10, 0, 10, 10, 3, 10, 10, 0, 10, 0, 0, 10, 0, 0, 0, 1, : 10, 10, 10, 10, 10, 10, 10, 10, 10, 10, 17, 10, 10, 10, 10, 10, 10, 10, 1, 10, 5, 10, 10, 10, 3, 10, 10, 10, 10, 10, 3, 10, 10, 10, 10, 1, 
117: 10, 10, 10, 0, 10, 10, 10, 10, 0, 10, 10, 0, 10, 10, 10, 0, 0, 10, 10, 10, 10, 10, 10, 0, 0, 10, 10, 10, 0, 10, 10, 10, 10, 0, 10, 0, 10, 10, 0, 10, 0, 0, 10, 10, 0, 0, 0, 3, 10, 10, 0, 0, 10, 0, 0, 0, 10, 10, 10, 10, 0, 10, 0, 10, 10, 0, 10, 0, 0, 10, 0, 10, 10, 10, 10, 10, 0, 10, 10, 10, : 10, 10, 10, 10, 10, 10, 10, 10, 10, 10, 10, 10, 10, 10, 10, 10, 10, 10, 10, 10, 10, 10, 10, 10, 10, 10, 10, 10, 10, 10, 10, 3, 10, 10, 10, 10, 10, 10, 10, 10, 10, 10, 10, 10, 10, 10, 10, 10, 10, 10, 10, 10, 
53: 10, 10, 10, 0, 0, 10, 0, 10, 0, 0, 10, 0, 10, 0, 0, 0, 0, 10, 10, 10, 10, 0, 0, 0, 0, 0, 10, 0, 0, 10, 0, 10, 0, 10, 10, 0, 10, 10, 10, 0, 10, 10, 0, 10, 0, 0, 0, 0, 10, 10, 0, 0, 10, 0, 0, 0, 10, 0, 0, 0, 0, 0, 0, 0, 0, 10, 10, 0, 0, 0, 10, 10, 10, 10, 10, 0, 0, 10, 0, 10, : 10, 10, 10, 10, 10, 10, 10, 10, 10, 10, 10, 10, 10, 10, 10, 10, 10, 10, 10, 10, 10, 10, 10, 10, 10, 10, 10, 10, 10, 10, 10, 10, 10, 10, 10, 
108: 10, 0, 0, 0, 0, 0, 10, 10, 20, 10, 10, 0, 10, 10, 0, 0, 10, 10, 10, 10, 10, 10, 0, 0, 10, 10, 10, 10, 10, 0, 10, 0, 10, 10, 0, 2, 10, 0, 0, 10, 10, 0, 10, 10, 0, 10, 0, 10, 10, 10, 0, 0, 10, 10, 0, 0, 10, 0, 0, 0, 10, 2, 0, 0, 0, 0, 10, 10, 10, 0, 0, 0, 10, 0, 10, 0, 10, 10, 10, 0, : 10, 10, 10, 20, 10, 10, 10, 10, 10, 10, 10, 10, 10, 10, 10, 10, 10, 10, 10, 10, 10, 10, 2, 10, 10, 10, 10, 10, 10, 10, 10, 10, 10, 10, 10, 10, 2, 10, 10, 10, 10, 10, 10, 10, 10, 
697: 2, 0, 0, 10, 10, 0, 10, 20, 0, 10, 9, 10, 10, 0, 1, 0, 10, 0, 10, 0, 10, 0, 0, 10, 0, 10, 10, 0, 10, 0, 10, 10, 0, 10, 10, 10, 0, 10, 0, 10, 0, 0, 10, 0, 10, 10, 0, 0, 10, 0, 10, 0, 0, 10, 0, 0, 0, 3, 10, 10, 2, 0, 10, 10, 0, 0, 10, 0, 0, 10, 0, 10, 0, 0, 10, 0, 0, 8, 0, 10, : 2, 10, 10, 10, 20, 10, 9, 10, 10, 1, 10, 10, 10, 10, 10, 10, 10, 10, 10, 10, 10, 10, 10, 10, 10, 10, 10, 10, 10, 10, 3, 10, 10, 2, 10, 10, 10, 10, 10, 10, 8, 10, 
122: 10, 10, 0, 0, 10, 10, 0, 0, 0, 0, 0, 10, 0, 10, 0, 10, 10, 10, 0, 10, 0, 10, 0, 10, 0, 0, 0, 0, 0, 0, 10, 10, 10, 10, 0, 10, 0, 0, 10, 0, 0, 10, 0, 0, 10, 10, 10, 0, 10, 0, 10, 0, 10, 10, 0, 0, 10, 0, 10, 1, 10, 2, 10, 0, 10, 10, 0, 0, 10, 10, 0, 10, 7, 0, 0, 0, 10, 10, 10, 0, : 10, 10, 10, 10, 10, 10, 10, 10, 10, 10, 10, 10, 10, 10, 10, 10, 10, 10, 10, 10, 10, 10, 10, 10, 10, 10, 10, 10, 1, 10, 2, 10, 10, 10, 10, 10, 10, 7, 10, 10, 10, 
467: 4, 10, 10, 10, 10, 10, 0, 0, 0, 0, 10, 10, 0, 0, 0, 0, 0, 10, 10, 0, 0, 10, 0, 0, 10, 0, 2, 10, 10, 10, 10, 0, 0, 10, 10, 10, 10, 10, 0, 0, 0, 0, 10, 10, 0, 0, 0, 10, 0, 10, 0, 0, 0, 0, 10, 0, 10, 10, 0, 10, 0, 0, 0, 10, 10, 10, 10, 10, 0, 10, 0, 10, 10, 10, 10, 0, 0, 10, 0, 7, : 4, 10, 10, 10, 10, 10, 10, 10, 10, 10, 10, 10, 2, 10, 10, 10, 10, 10, 10, 10, 10, 10, 10, 10, 10, 10, 10, 10, 10, 10, 10, 10, 10, 10, 10, 10, 10, 10, 10, 10, 10, 7, 
232: 10, 10, 0, 0, 10, 0, 0, 10, 10, 10, 1, 0, 10, 10, 0, 10, 10, 10, 10, 10, 10, 0, 10, 0, 10, 10, 10, 10, 0, 0, 10, 0, 0, 0, 10, 10, 10, 0, 0, 0, 0, 0, 1, 0, 0, 10, 10, 10, 10, 10, 10, 0, 10, 10, 0, 10, 0, 10, 0, 10, 10, 10, 10, 0, 10, 10, 10, 0, 10, 0, 0, 10, 10, 0, 0, 10, 0, 0, 0, 0, : 10, 10, 10, 10, 10, 10, 1, 10, 10, 10, 10, 10, 10, 10, 10, 10, 10, 10, 10, 10, 10, 10, 10, 10, 1, 10, 10, 10, 10, 10, 10, 10, 10, 10, 10, 10, 10, 10, 10, 10, 10, 10, 10, 10, 10, 10, 
73: 10, 10, 10, 0, 10, 10, 10, 10, 0, 0, 0, 10, 10, 10, 10, 10, 10, 10, 10, 10, 0, 0, 10, 10, 0, 10, 10, 10, 0, 10, 10, 0, 10, 10, 10, 10, 0, 10, 0, 10, 0, 0, 8, 0, 10, 10, 0, 10, 10, 0, 10, 10, 10, 0, 0, 10, 0, 0, 0, 0, 10, 10, 0, 10, 10, 0, 10, 10, 10, 0, 10, 0, 0, 10, 10, 0, 10, 10, 0, 0, : 10, 10, 10, 10, 10, 10, 10, 10, 10, 10, 10, 10, 10, 10, 10, 10, 10, 10, 10, 10, 10, 10, 10, 10, 10, 10, 10, 10, 10, 8, 10, 10, 10, 10, 10, 10, 10, 10, 10, 10, 10, 10, 10, 10, 10, 10, 10, 10, 10, 10, 
627: 0, 0, 0, 10, 0, 0, 0, 0, 10, 0, 0, 0, 0, 10, 0, 10, 0, 0, 0, 0, 10, 0, 0, 15, 0, 10, 0, 0, 19, 0, 0, 10, 10, 10, 10, 10, 10, 0, 0, 10, 10, 10, 0, 0, 0, 0, 0, 10, 10, 10, 10, 10, 10, 10, 0, 0, 10, 0, 7, 0, 10, 10, 0, 0, 0, 0, 0, 0, 10, 10, 0, 10, 10, 0, 0, 10, 0, 10, 10, 10, : 10, 10, 10, 10, 10, 15, 10, 19, 10, 10, 10, 10, 10, 10, 10, 10, 10, 10, 10, 10, 10, 10, 10, 10, 10, 7, 10, 10, 10, 10, 10, 10, 10, 10, 10, 10, 
597: 0, 10, 0, 0, 0, 10, 0, 1, 10, 10, 0, 0, 2, 2, 10, 10, 10, 0, 10, 3, 0, 10, 10, 10, 0, 0, 10, 7, 0, 1, 0, 0, 10, 0, 0, 3, 0, 0, 10, 0, 0, 0, 0, 3, 0, 10, 10, 0, 2, 10, 0, 0, 10, 0, 10, 10, 10, 10, 10, 10, 0, 10, 10, 10, 0, 0, 4, 0, 0, 4, 10, 0, 0, 10, 0, 0, 10, 0, 0, 10, : 10, 10, 1, 10, 10, 2, 2, 10, 10, 10, 10, 3, 10, 10, 10, 10, 7, 1, 10, 3, 10, 3, 10, 10, 2, 10, 10, 10, 10, 10, 10, 10, 10, 10, 10, 10, 4, 4, 10, 10, 10, 10, 
258: 10, 1, 0, 0, 0, 10, 10, 10, 0, 0, 0, 0, 10, 10, 0, 10, 0, 10, 10, 10, 10, 0, 0, 10, 2, 10, 0, 0, 10, 10, 0, 0, 0, 0, 10, 10, 5, 0, 2, 0, 0, 0, 0, 10, 0, 10, 17, 10, 10, 10, 10, 0, 10, 10, 10, 10, 0, 10, 10, 10, 0, 10, 0, 0, 0, 0, 0, 10, 10, 10, 0, 10, 10, 10, 0, 0, 10, 0, 0, 10, : 10, 1, 10, 10, 10, 10, 10, 10, 10, 10, 10, 10, 10, 2, 10, 10, 10, 10, 10, 5, 2, 10, 10, 17, 10, 10, 10, 10, 10, 10, 10, 10, 10, 10, 10, 10, 10, 10, 10, 10, 10, 10, 10, 10, 
277: 10, 0, 10, 10, 10, 10, 0, 10, 2, 10, 10, 0, 1, 0, 10, 0, 10, 0, 0, 10, 0, 10, 10, 0, 0, 10, 10, 10, 10, 0, 10, 0, 0, 10, 0, 0, 10, 0, 10, 1, 0, 10, 10, 0, 10, 10, 5, 10, 0, 0, 0, 0, 10, 0, 0, 0, 2, 10, 0, 10, 0, 0, 0, 10, 10, 10, 0, 0, 0, 0, 10, 10, 0, 10, 0, 10, 0, 0, 10, 10, : 10, 10, 10, 10, 10, 10, 2, 10, 10, 1, 10, 10, 10, 10, 10, 10, 10, 10, 10, 10, 10, 10, 10, 1, 10, 10, 10, 10, 5, 10, 10, 2, 10, 10, 10, 10, 10, 10, 10, 10, 10, 10, 10, 
196: 10, 0, 10, 0, 10, 10, 10, 10, 10, 10, 0, 0, 0, 10, 10, 10, 10, 10, 0, 10, 10, 10, 10, 10, 10, 10, 0, 10, 10, 0, 1, 10, 10, 0, 0, 10, 0, 10, 0, 10, 0, 10, 1, 10, 5, 0, 10, 0, 10, 10, 0, 0, 0, 0, 10, 0, 10, 10, 10, 0, 0, 0, 10, 0, 0, 0, 10, 10, 0, 0, 10, 0, 0, 0, 10, 0, 10, 0, 10, 0, : 10, 10, 10, 10, 10, 10, 10, 10, 10, 10, 10, 10, 10, 10, 10, 10, 10, 10, 10, 10, 10, 10, 1, 10, 10, 10, 10, 10, 10, 1, 10, 5, 10, 10, 10, 10, 10, 10, 10, 10, 10, 10, 10, 10, 10, 10, 
110: 0, 10, 0, 0, 0, 0, 10, 0, 10, 3, 10, 10, 0, 10, 0, 0, 0, 10, 10, 0, 13, 0, 10, 10, 10, 10, 0, 0, 10, 10, 0, 10, 10, 0, 6, 10, 0, 0, 10, 0, 0, 10, 0, 10, 10, 5, 10, 10, 10, 10, 2, 0, 10, 10, 10, 10, 10, 0, 10, 10, 4, 10, 10, 10, 10, 0, 0, 10, 0, 0, 10, 10, 0, 0, 4, 10, 10, 10, 10, 4, : 10, 10, 10, 3, 10, 10, 10, 10, 10, 13, 10, 10, 10, 10, 10, 10, 10, 10, 6, 10, 10, 10, 10, 10, 5, 10, 10, 10, 10, 2, 10, 10, 10, 10, 10, 10, 10, 4, 10, 10, 10, 10, 10, 10, 10, 4, 10, 10, 10, 10, 4, 
272: 0, 10, 0, 10, 10, 0, 0, 0, 10, 10, 0, 0, 0, 0, 0, 0, 0, 0, 10, 10, 10, 0, 10, 10, 0, 10, 10, 0, 10, 10, 10, 10, 0, 0, 0, 10, 0, 0, 10, 10, 10, 10, 10, 0, 0, 0, 0, 10, 10, 4, 10, 10, 0, 10, 0, 10, 10, 0, 10, 10, 10, 10, 0, 10, 0, 5, 0, 10, 0, 10, 0, 0, 10, 0, 0, 0, 0, 0, 10, 0, : 10, 10, 10, 10, 10, 10, 10, 10, 10, 10, 10, 10, 10, 10, 10, 10, 10, 10, 10, 10, 10, 10, 10, 10, 4, 10, 10, 10, 10, 10, 10, 10, 10, 10, 10, 5, 10, 10, 10, 10, 
466: 1, 10, 10, 0, 10, 0, 10, 0, 0, 10, 10, 0, 0, 5, 1, 10, 0, 0, 0, 1, 0, 0, 0, 0, 10, 10, 0, 0, 10, 10, 0, 0, 10, 0, 0, 0, 10, 0, 0, 10, 10, 10, 10, 0, 10, 10, 10, 10, 2, 0, 10, 10, 10, 10, 10, 10, 0, 10, 0, 10, 10, 10, 0, 10, 0, 0, 0, 10, 10, 10, 0, 0, 0, 10, 0, 10, 15, 10, 0, 10, : 1, 10, 10, 10, 10, 10, 10, 5, 1, 10, 1, 10, 10, 10, 10, 10, 10, 10, 10, 10, 10, 10, 10, 10, 10, 2, 10, 10, 10, 10, 10, 10, 10, 10, 10, 10, 10, 10, 10, 10, 10, 10, 15, 10, 10, 
501: 0, 0, 0, 0, 0, 0, 10, 0, 10, 0, 10, 13, 0, 0, 1, 10, 0, 10, 10, 10, 0, 10, 10, 0, 10, 0, 0, 0, 0, 0, 0, 0, 0, 0, 0, 12, 0, 0, 0, 10, 0, 10, 10, 0, 10, 0, 0, 10, 0, 10, 10, 0, 2, 0, 10, 0, 0, 0, 0, 10, 10, 10, 10, 10, 0, 0, 10, 0, 0, 0, 10, 0, 0, 10, 10, 10, 10, 0, 10, 0, : 10, 10, 10, 13, 1, 10, 10, 10, 10, 10, 10, 10, 12, 10, 10, 10, 10, 10, 10, 10, 2, 10, 10, 10, 10, 10, 10, 10, 10, 10, 10, 10, 10, 10, 
753: 9, 0, 10, 5, 0, 0, 10, 0, 10, 0, 0, 10, 10, 0, 0, 0, 10, 10, 18, 10, 10, 10, 10, 0, 0, 10, 10, 10, 0, 10, 10, 0, 0, 8, 0, 10, 10, 10, 10, 0, 10, 10, 0, 10, 0, 10, 0, 10, 10, 10, 10, 0, 10, 10, 10, 0, 0, 10, 0, 0, 0, 10, 10, 10, 0, 10, 10, 10, 10, 10, 10, 0, 0, 0, 0, 10, 10, 1, 0, 10, : 9, 10, 5, 10, 10, 10, 10, 10, 10, 18, 10, 10, 10, 10, 10, 10, 10, 10, 10, 8, 10, 10, 10, 10, 10, 10, 10, 10, 10, 10, 10, 10, 10, 10, 10, 10, 10, 10, 10, 10, 10, 10, 10, 10, 10, 10, 10, 1, 10, 
345: 10, 0, 0, 0, 10, 0, 10, 10, 10, 10, 10, 0, 0, 0, 0, 10, 10, 10, 10, 0, 0, 10, 10, 0, 10, 10, 10, 10, 0, 10, 10, 10, 10, 0, 10, 10, 10, 10, 0, 10, 10, 10, 0, 0, 10, 10, 0, 0, 0, 0, 0, 10, 0, 10, 0, 10, 0, 0, 10, 0, 0, 10, 10, 0, 10, 0, 0, 10, 10, 0, 0, 0, 0, 0, 10, 0, 0, 0, 0, 0, : 10, 10, 10, 10, 10, 10, 10, 10, 10, 10, 10, 10, 10, 10, 10, 10, 10, 10, 10, 10, 10, 10, 10, 10, 10, 10, 10, 10, 10, 10, 10, 10, 10, 10, 10, 10, 10, 10, 10, 10, 
15: 0, 10, 0, 3, 10, 0, 10, 0, 10, 10, 11, 10, 0, 0, 10, 10, 0, 0, 10, 0, 0, 10, 0, 10, 0, 0, 0, 0, 10, 0, 10, 0, 0, 10, 10, 0, 0, 10, 0, 0, 0, 10, 0, 0, 10, 10, 0, 10, 10, 10, 0, 10, 10, 0, 2, 0, 0, 10, 10, 10, 0, 10, 10, 0, 12, 0, 0, 0, 10, 10, 10, 0, 0, 4, 0, 10, 0, 0, 0, 1, : 10, 3, 10, 10, 10, 10, 11, 10, 10, 10, 10, 10, 10, 10, 10, 10, 10, 10, 10, 10, 10, 10, 10, 10, 10, 10, 2, 10, 10, 10, 10, 10, 12, 10, 10, 10, 4, 10, 1, 
592: 0, 0, 10, 0, 10, 10, 0, 10, 10, 10, 0, 0, 10, 0, 10, 0, 12, 10, 0, 0, 0, 10, 0, 0, 10, 10, 10, 1, 10, 10, 0, 10, 10, 10, 10, 0, 10, 10, 10, 0, 0, 0, 0, 10, 10, 10, 10, 0, 10, 0, 10, 10, 10, 0, 0, 0, 10, 1, 0, 0, 0, 0, 6, 10, 10, 0, 0, 10, 0, 10, 0, 0, 20, 1, 10, 10, 10, 0, 10, 10, : 10, 10, 10, 10, 10, 10, 10, 10, 12, 10, 10, 10, 10, 10, 1, 10, 10, 10, 10, 10, 10, 10, 10, 10, 10, 10, 10, 10, 10, 10, 10, 10, 10, 1, 6, 10, 10, 10, 10, 20, 1, 10, 10, 10, 10, 10, 
355: 0, 0, 0, 0, 0, 1, 0, 4, 0, 0, 10, 0, 10, 10, 0, 0, 0, 10, 10, 0, 0, 0, 10, 10, 10, 0, 0, 0, 10, 0, 10, 10, 0, 0, 10, 5, 0, 0, 0, 7, 0, 0, 0, 10, 0, 13, 10, 0, 10, 10, 0, 10, 0, 10, 10, 0, 10, 10, 10, 10, 0, 10, 10, 0, 0, 10, 10, 10, 10, 0, 0, 0, 0, 0, 10, 0, 0, 0, 0, 0, : 1, 4, 10, 10, 10, 10, 10, 10, 10, 10, 10, 10, 10, 10, 5, 7, 10, 13, 10, 10, 10, 10, 10, 10, 10, 10, 10, 10, 10, 10, 10, 10, 10, 10, 10, 
59: 10, 0, 0, 10, 10, 0, 2, 10, 10, 0, 0, 0, 0, 10, 0, 10, 0, 0, 0, 0, 0, 0, 0, 10, 0, 0, 10, 0, 0, 10, 0, 10, 0, 0, 0, 0, 10, 10, 10, 0, 10, 10, 10, 10, 10, 10, 0, 0, 10, 10, 10, 10, 10, 10, 10, 10, 0, 10, 0, 10, 10, 0, 10, 0, 0, 0, 2, 0, 10, 10, 0, 10, 10, 10, 10, 0, 10, 10, 0, 20, : 10, 10, 10, 2, 10, 10, 10, 10, 10, 10, 10, 10, 10, 10, 10, 10, 10, 10, 10, 10, 10, 10, 10, 10, 10, 10, 10, 10, 10, 10, 10, 10, 10, 2, 10, 10, 10, 10, 10, 10, 10, 10, 20, 
261: 1, 10, 0, 0, 3, 10, 0, 0, 0, 0, 10, 0, 0, 0, 0, 10, 0, 0, 0, 0, 0, 0, 10, 3, 10, 10, 0, 0, 10, 10, 10, 10, 0, 10, 10, 10, 0, 0, 0, 10, 0, 0, 10, 0, 0, 0, 2, 0, 10, 0, 10, 10, 0, 0, 0, 0, 0, 10, 10, 0, 10, 10, 10, 10, 0, 10, 0, 0, 10, 0, 0, 10, 1, 10, 10, 0, 0, 0, 10, 0, : 1, 10, 3, 10, 10, 10, 10, 3, 10, 10, 10, 10, 10, 10, 10, 10, 10, 10, 10, 2, 10, 10, 10, 10, 10, 10, 10, 10, 10, 10, 10, 10, 1, 10, 10, 10, 
647: 10, 10, 10, 0, 10, 0, 10, 0, 10, 10, 0, 10, 10, 0, 10, 10, 0, 2, 0, 0, 10, 0, 10, 10, 0, 0, 0, 10, 0, 10, 0, 0, 0, 10, 0, 0, 0, 10, 10, 8, 10, 10, 10, 10, 10, 10, 10, 10, 0, 0, 10, 0, 10, 0, 1, 0, 0, 10, 10, 0, 10, 10, 10, 0, 10, 0, 0, 10, 10, 10, 0, 10, 0, 10, 0, 0, 0, 10, 0, 10, : 10, 10, 10, 10, 10, 10, 10, 10, 10, 10, 10, 2, 10, 10, 10, 10, 10, 10, 10, 10, 8, 10, 10, 10, 10, 10, 10, 10, 10, 10, 10, 1, 10, 10, 10, 10, 10, 10, 10, 10, 10, 10, 10, 10, 10, 
385: 0, 0, 10, 0, 10, 10, 10, 0, 0, 10, 10, 10, 10, 10, 10, 10, 0, 10, 0, 0, 10, 0, 10, 0, 10, 10, 10, 10, 10, 0, 0, 10, 10, 1, 0, 0, 0, 10, 10, 0, 10, 10, 10, 0, 0, 0, 10, 0, 10, 0, 0, 10, 0, 10, 0, 10, 0, 10, 10, 10, 10, 1, 10, 0, 0, 10, 10, 10, 10, 0, 10, 10, 5, 0, 0, 10, 0, 0, 0, 0, : 10, 10, 10, 10, 10, 10, 10, 10, 10, 10, 10, 10, 10, 10, 10, 10, 10, 10, 10, 10, 10, 1, 10, 10, 10, 10, 10, 10, 10, 10, 10, 10, 10, 10, 10, 10, 1, 10, 10, 10, 10, 10, 10, 10, 5, 10, 
135: 0, 10, 10, 10, 0, 10, 10, 10, 0, 10, 10, 0, 0, 7, 10, 0, 0, 0, 10, 10, 10, 10, 10, 0, 10, 0, 0, 10, 0, 10, 10, 10, 10, 10, 0, 10, 10, 0, 0, 10, 10, 6, 0, 0, 0, 0, 10, 0, 0, 10, 10, 10, 0, 10, 0, 0, 10, 10, 10, 5, 10, 10, 0, 10, 10, 0, 10, 0, 10, 0, 0, 0, 0, 0, 1, 10, 10, 10, 0, 10, : 10, 10, 10, 10, 10, 10, 10, 10, 7, 10, 10, 10, 10, 10, 10, 10, 10, 10, 10, 10, 10, 10, 10, 10, 10, 10, 6, 10, 10, 10, 10, 10, 10, 10, 10, 5, 10, 10, 10, 10, 10, 10, 1, 10, 10, 10, 10, 
630: 0, 0, 7, 0, 0, 0, 10, 0, 2, 10, 10, 0, 0, 10, 10, 0, 0, 10, 0, 0, 10, 0, 0, 10, 0, 10, 10, 0, 0, 0, 10, 10, 10, 10, 0, 10, 0, 10, 10, 0, 10, 0, 10, 0, 10, 0, 0, 0, 10, 0, 0, 10, 10, 0, 10, 0, 0, 0, 10, 10, 10, 10, 0, 10, 10, 10, 0, 10, 10, 10, 0, 0, 0, 0, 0, 10, 10, 12, 10, 10, : 7, 10, 2, 10, 10, 10, 10, 10, 10, 10, 10, 10, 10, 10, 10, 10, 10, 10, 10, 10, 10, 10, 10, 10, 10, 10, 10, 10, 10, 10, 10, 10, 10, 10, 10, 10, 10, 10, 12, 10, 10, 
610: 1, 10, 10, 10, 10, 10, 10, 0, 0, 10, 10, 0, 0, 10, 10, 10, 0, 10, 1, 0, 0, 10, 10, 10, 10, 10, 10, 0, 0, 5, 0, 10, 0, 10, 0, 0, 0, 0, 10, 10, 10, 10, 10, 0, 10, 10, 10, 0, 0, 0, 10, 0, 10, 10, 0, 10, 10, 0, 0, 0, 0, 0, 0, 10, 3, 10, 0, 0, 0, 1, 10, 10, 0, 10, 0, 10, 10, 10, 10, 10, : 1, 10, 10, 10, 10, 10, 10, 10, 10, 10, 10, 10, 10, 1, 10, 10, 10, 10, 10, 10, 5, 10, 10, 10, 10, 10, 10, 10, 10, 10, 10, 10, 10, 10, 10, 10, 10, 3, 10, 1, 10, 10, 10, 10, 10, 10, 10, 10, 
800: 0, 0, 0, 10, 0, 0, 0, 10, 0, 0, 10, 10, 10, 0, 0, 10, 10, 0, 10, 10, 0, 0, 10, 10, 0, 0, 10, 0, 0, 10, 1, 0, 0, 0, 10, 0, 0, 0, 5, 0, 3, 0, 10, 10, 10, 10, 0, 0, 0, 0, 0, 0, 0, 0, 10, 0, 0, 0, 0, 10, 0, 0, 0, 0, 10, 10, 0, 0, 0, 10, 10, 10, 0, 0, 10, 0, 0, 10, 10, 10, : 10, 10, 10, 10, 10, 10, 10, 10, 10, 10, 10, 10, 10, 1, 10, 5, 3, 10, 10, 10, 10, 10, 10, 10, 10, 10, 10, 10, 10, 10, 10, 10, 


580: 13, 1, 0, 10, 1, 0, 0, 0, 0, 0, 0, 10, 0, 0, 10, 0, 0, 0, 10, 10, 10, 0, 0, 10, 0, 10, 0, 0, 0, 0, 0, 0, 0, 10, 10, 10, 10, 0, 0, 10, 10, 0, 10, 0, 10, 10, 0, 0, 10, 0, 10, 10, 10, 10, 0, 0, 0, 0, 0, 0, 10, 0, 10, 10, 10, 0, 0, 0, 0, 1, 0, 10, 10, 10, 10, 10, 10, 0, 0, 10, : 13, 1, 10, 1, 10, 10, 10, 10, 10, 10, 10, 10, 10, 10, 10, 10, 10, 10, 10, 10, 10, 10, 10, 10, 10, 10, 10, 10, 10, 1, 10, 10, 10, 10, 10, 10, 10, 
776: 10, 0, 10, 0, 10, 0, 1, 10, 10, 10, 10, 10, 10, 19, 10, 0, 0, 0, 10, 0, 0, 10, 0, 10, 0, 10, 0, 10, 10, 0, 10, 10, 10, 10, 0, 10, 10, 10, 0, 10, 0, 0, 0, 3, 13, 0, 3, 10, 0, 10, 10, 0, 0, 0, 10, 0, 0, 0, 0, 17, 10, 10, 0, 0, 0, 10, 13, 0, 0, 0, 10, 10, 10, 10, 10, 10, 0, 0, 10, 0, : 10, 10, 10, 1, 10, 10, 10, 10, 10, 10, 19, 10, 10, 10, 10, 10, 10, 10, 10, 10, 10, 10, 10, 10, 10, 10, 3, 13, 3, 10, 10, 10, 10, 17, 10, 10, 10, 13, 10, 10, 10, 10, 10, 10, 10, 
447: 1, 0, 10, 16, 10, 10, 10, 10, 10, 0, 4, 0, 10, 10, 10, 10, 0, 10, 0, 10, 10, 10, 0, 10, 10, 10, 10, 0, 10, 0, 0, 0, 0, 0, 0, 10, 10, 10, 0, 0, 0, 10, 0, 0, 10, 0, 10, 0, 10, 10, 7, 17, 0, 10, 10, 10, 10, 0, 10, 0, 10, 0, 0, 10, 0, 10, 10, 4, 1, 10, 0, 0, 0, 10, 10, 0, 0, 10, 10, 10, : 1, 10, 16, 10, 10, 10, 10, 10, 4, 10, 10, 10, 10, 10, 10, 10, 10, 10, 10, 10, 10, 10, 10, 10, 10, 10, 10, 10, 10, 10, 7, 17, 10, 10, 10, 10, 10, 10, 10, 10, 10, 4, 1, 10, 10, 10, 10, 10, 10, 
676: 10, 10, 10, 10, 0, 10, 10, 0, 0, 0, 10, 10, 0, 10, 0, 0, 10, 0, 10, 0, 10, 10, 10, 0, 0, 0, 10, 10, 0, 10, 10, 0, 0, 10, 10, 10, 0, 0, 10, 0, 6, 10, 0, 10, 0, 0, 10, 0, 0, 0, 1, 0, 10, 0, 10, 0, 10, 0, 0, 10, 0, 10, 0, 0, 10, 0, 10, 10, 0, 10, 10, 10, 10, 10, 0, 10, 0, 0, 10, 0, : 10, 10, 10, 10, 10, 10, 10, 10, 10, 10, 10, 10, 10, 10, 10, 10, 10, 10, 10, 10, 10, 10, 6, 10, 10, 10, 1, 10, 10, 10, 10, 10, 10, 10, 10, 10, 10, 10, 10, 10, 10, 10, 
221: 0, 0, 0, 10, 0, 10, 10, 0, 10, 0, 10, 10, 10, 0, 10, 0, 10, 0, 0, 10, 0, 10, 10, 0, 10, 0, 10, 0, 6, 10, 10, 0, 10, 0, 0, 0, 0, 10, 10, 10, 0, 10, 0, 10, 10, 0, 10, 0, 0, 0, 0, 0, 10, 0, 0, 0, 10, 0, 10, 10, 10, 0, 10, 10, 2, 0, 10, 10, 0, 10, 0, 10, 10, 10, 0, 0, 1, 0, 10, 0, : 10, 10, 10, 10, 10, 10, 10, 10, 10, 10, 10, 10, 10, 10, 6, 10, 10, 10, 10, 10, 10, 10, 10, 10, 10, 10, 10, 10, 10, 10, 10, 10, 2, 10, 10, 10, 10, 10, 10, 1, 10, 
798: 10, 0, 10, 0, 0, 10, 10, 0, 0, 10, 10, 0, 10, 10, 10, 0, 10, 10, 0, 10, 10, 10, 10, 10, 10, 0, 10, 0, 0, 0, 0, 10, 0, 0, 0, 0, 10, 10, 0, 0, 10, 0, 0, 1, 10, 0, 0, 10, 10, 10, 10, 10, 10, 0, 10, 10, 10, 13, 10, 10, 10, 0, 0, 0, 10, 10, 0, 0, 0, 10, 10, 10, 0, 0, 10, 0, 10, 0, 0, 10, : 10, 10, 10, 10, 10, 10, 10, 10, 10, 10, 10, 10, 10, 10, 10, 10, 10, 10, 10, 10, 10, 10, 1, 10, 10, 10, 10, 10, 10, 10, 10, 10, 10, 13, 10, 10, 10, 10, 10, 10, 10, 10, 10, 10, 10, 
518: 10, 10, 0, 0, 0, 10, 10, 10, 10, 10, 0, 0, 10, 10, 0, 10, 3, 0, 10, 10, 10, 10, 10, 0, 0, 10, 0, 0, 0, 10, 10, 0, 0, 10, 10, 10, 0, 0, 10, 0, 10, 0, 10, 0, 0, 2, 10, 0, 10, 0, 0, 0, 10, 0, 0, 10, 0, 10, 0, 10, 10, 0, 10, 6, 1, 0, 0, 0, 10, 0, 0, 10, 0, 10, 0, 10, 10, 10, 10, 10, : 10, 10, 10, 10, 10, 10, 10, 10, 10, 10, 3, 10, 10, 10, 10, 10, 10, 10, 10, 10, 10, 10, 10, 10, 10, 2, 10, 10, 10, 10, 10, 10, 10, 10, 6, 1, 10, 10, 10, 10, 10, 10, 10, 10, 
461: 0, 10, 10, 0, 10, 0, 0, 0, 0, 10, 10, 10, 0, 0, 0, 10, 0, 10, 10, 10, 10, 10, 10, 0, 0, 10, 0, 10, 0, 0, 10, 0, 0, 10, 10, 0, 0, 0, 0, 2, 0, 0, 10, 0, 10, 0, 0, 10, 10, 0, 0, 10, 0, 10, 10, 10, 0, 10, 10, 0, 10, 10, 0, 0, 0, 0, 10, 0, 0, 0, 17, 10, 10, 0, 10, 10, 0, 0, 10, 0, : 10, 10, 10, 10, 10, 10, 10, 10, 10, 10, 10, 10, 10, 10, 10, 10, 10, 10, 2, 10, 10, 10, 10, 10, 10, 10, 10, 10, 10, 10, 10, 10, 17, 10, 10, 10, 10, 10, 
314: 10, 10, 0, 0, 10, 4, 10, 10, 0, 10, 0, 10, 10, 0, 0, 0, 0, 0, 10, 0, 10, 0, 0, 10, 0, 10, 0, 10, 0, 0, 10, 10, 10, 10, 0, 0, 10, 0, 10, 0, 0, 10, 10, 10, 0, 10, 10, 10, 10, 0, 10, 0, 10, 2, 10, 10, 10, 10, 10, 0, 10, 10, 10, 10, 0, 10, 10, 0, 0, 10, 0, 10, 10, 10, 10, 10, 10, 10, 10, 0, : 10, 10, 10, 4, 10, 10, 10, 10, 10, 10, 10, 10, 10, 10, 10, 10, 10, 10, 10, 10, 10, 10, 10, 10, 10, 10, 10, 10, 10, 2, 10, 10, 10, 10, 10, 10, 10, 10, 10, 10, 10, 10, 10, 10, 10, 10, 10, 10, 10, 10, 
352: 0, 10, 0, 0, 4, 0, 10, 10, 0, 10, 10, 0, 0, 0, 10, 10, 10, 0, 0, 0, 10, 10, 10, 10, 10, 10, 0, 0, 10, 0, 10, 10, 10, 0, 10, 0, 10, 10, 10, 10, 10, 10, 0, 10, 10, 0, 0, 0, 0, 10, 0, 10, 10, 10, 0, 10, 10, 0, 0, 0, 0, 10, 10, 10, 10, 0, 0, 10, 1, 10, 0, 0, 0, 0, 10, 0, 0, 10, 0, 10, : 10, 4, 10, 10, 10, 10, 10, 10, 10, 10, 10, 10, 10, 10, 10, 10, 10, 10, 10, 10, 10, 10, 10, 10, 10, 10, 10, 10, 10, 10, 10, 10, 10, 10, 10, 10, 10, 10, 10, 1, 10, 10, 10, 10, 
785: 0, 0, 0, 0, 0, 10, 0, 0, 0, 10, 10, 10, 10, 10, 10, 10, 0, 0, 10, 10, 0, 0, 10, 0, 0, 0, 0, 10, 0, 0, 0, 10, 3, 10, 10, 10, 10, 0, 0, 0, 10, 10, 3, 10, 0, 10, 10, 10, 2, 10, 0, 10, 0, 10, 1, 0, 10, 0, 0, 10, 10, 10, 10, 0, 0, 10, 0, 0, 10, 0, 10, 10, 0, 0, 0, 10, 10, 10, 0, 0, : 10, 10, 10, 10, 10, 10, 10, 10, 10, 10, 10, 10, 10, 3, 10, 10, 10, 10, 10, 10, 3, 10, 10, 10, 10, 2, 10, 10, 10, 1, 10, 10, 10, 10, 10, 10, 10, 10, 10, 10, 10, 10, 
566: 10, 0, 0, 10, 10, 0, 10, 0, 10, 10, 10, 2, 10, 10, 0, 10, 0, 10, 10, 0, 0, 0, 10, 0, 0, 14, 10, 0, 13, 15, 0, 0, 0, 0, 0, 0, 0, 10, 1, 10, 0, 10, 10, 0, 0, 10, 0, 10, 0, 0, 10, 0, 10, 10, 1, 10, 0, 10, 10, 0, 0, 10, 0, 0, 1, 2, 10, 10, 0, 10, 0, 0, 0, 10, 10, 10, 10, 0, 0, 0, : 10, 10, 10, 10, 10, 10, 10, 2, 10, 10, 10, 10, 10, 10, 14, 10, 13, 15, 10, 1, 10, 10, 10, 10, 10, 10, 10, 10, 1, 10, 10, 10, 10, 1, 2, 10, 10, 10, 10, 10, 10, 10, 
497: 0, 10, 16, 0, 10, 10, 0, 10, 0, 10, 0, 10, 10, 0, 20, 10, 0, 10, 0, 0, 10, 10, 0, 1, 10, 6, 10, 10, 10, 6, 0, 10, 0, 10, 0, 0, 0, 0, 10, 10, 0, 0, 10, 0, 0, 0, 10, 10, 0, 10, 0, 10, 0, 10, 10, 10, 0, 0, 10, 10, 10, 0, 10, 10, 10, 0, 0, 0, 10, 10, 0, 0, 10, 0, 0, 10, 10, 10, 10, 2, : 10, 16, 10, 10, 10, 10, 10, 10, 20, 10, 10, 10, 10, 1, 10, 6, 10, 10, 10, 6, 10, 10, 10, 10, 10, 10, 10, 10, 10, 10, 10, 10, 10, 10, 10, 10, 10, 10, 10, 10, 10, 10, 10, 10, 10, 2, 
692: 0, 10, 10, 4, 0, 1, 3, 0, 4, 0, 0, 10, 0, 10, 10, 0, 10, 0, 0, 0, 10, 0, 0, 10, 10, 10, 10, 0, 10, 10, 10, 10, 5, 0, 0, 10, 0, 10, 0, 0, 0, 0, 0, 0, 10, 0, 10, 0, 0, 10, 10, 0, 0, 0, 0, 10, 0, 0, 10, 0, 0, 0, 10, 0, 0, 10, 0, 0, 0, 0, 0, 0, 0, 10, 10, 10, 10, 0, 10, 0, : 10, 10, 4, 1, 3, 4, 10, 10, 10, 10, 10, 10, 10, 10, 10, 10, 10, 10, 10, 5, 10, 10, 10, 10, 10, 10, 10, 10, 10, 10, 10, 10, 10, 10, 10, 
590: 0, 10, 0, 0, 10, 0, 10, 0, 0, 10, 10, 0, 10, 10, 0, 10, 10, 10, 10, 0, 0, 10, 0, 0, 0, 0, 0, 0, 0, 10, 10, 0, 10, 10, 0, 0, 0, 0, 10, 0, 10, 0, 10, 0, 0, 2, 0, 0, 0, 0, 0, 0, 10, 10, 0, 10, 0, 10, 10, 0, 0, 0, 10, 0, 0, 0, 10, 10, 0, 0, 0, 0, 10, 10, 0, 0, 0, 10, 10, 10, : 10, 10, 10, 10, 10, 10, 10, 10, 10, 10, 10, 10, 10, 10, 10, 10, 10, 10, 10, 2, 10, 10, 10, 10, 10, 10, 10, 10, 10, 10, 10, 10, 10, 
559: 0, 10, 0, 0, 0, 10, 10, 10, 0, 10, 0, 0, 10, 10, 10, 0, 0, 10, 10, 0, 10, 10, 10, 10, 10, 10, 0, 0, 0, 10, 0, 10, 0, 10, 10, 0, 10, 10, 0, 0, 0, 0, 0, 17, 0, 0, 10, 0, 10, 0, 0, 10, 10, 10, 0, 0, 0, 10, 10, 10, 10, 0, 0, 10, 10, 0, 10, 0, 10, 0, 0, 10, 10, 10, 10, 10, 10, 0, 10, 0, : 10, 10, 10, 10, 10, 10, 10, 10, 10, 10, 10, 10, 10, 10, 10, 10, 10, 10, 10, 10, 10, 10, 17, 10, 10, 10, 10, 10, 10, 10, 10, 10, 10, 10, 10, 10, 10, 10, 10, 10, 10, 10, 10, 
301: 0, 7, 0, 10, 10, 0, 0, 10, 0, 0, 0, 0, 0, 0, 0, 10, 0, 10, 0, 10, 10, 10, 0, 10, 10, 0, 10, 10, 10, 0, 0, 10, 0, 10, 10, 0, 0, 0, 0, 0, 1, 9, 10, 10, 0, 10, 0, 0, 0, 10, 0, 0, 0, 0, 10, 10, 0, 0, 0, 10, 0, 3, 0, 0, 10, 10, 10, 10, 0, 10, 10, 0, 13, 10, 1, 0, 0, 0, 0, 0, : 7, 10, 10, 10, 10, 10, 10, 10, 10, 10, 10, 10, 10, 10, 10, 10, 10, 1, 9, 10, 10, 10, 10, 10, 10, 10, 3, 10, 10, 10, 10, 10, 10, 13, 10, 1, 
764: 0, 0, 10, 0, 0, 10, 10, 10, 0, 10, 0, 10, 0, 10, 0, 0, 10, 0, 0, 0, 10, 10, 0, 10, 10, 10, 10, 0, 10, 10, 10, 0, 10, 0, 10, 10, 10, 0, 0, 0, 10, 10, 10, 10, 0, 10, 0, 10, 20, 10, 10, 10, 0, 0, 10, 4, 10, 0, 10, 0, 1, 10, 10, 0, 0, 10, 10, 10, 0, 10, 1, 10, 10, 0, 0, 2, 0, 0, 11, 10, : 10, 10, 10, 10, 10, 10, 10, 10, 10, 10, 10, 10, 10, 10, 10, 10, 10, 10, 10, 10, 10, 10, 10, 10, 10, 10, 10, 20, 10, 10, 10, 10, 4, 10, 10, 1, 10, 10, 10, 10, 10, 10, 1, 10, 10, 2, 11, 10, 
65: 10, 10, 10, 0, 10, 0, 0, 10, 10, 0, 0, 10, 0, 0, 10, 0, 0, 0, 0, 0, 10, 10, 0, 0, 10, 10, 10, 15, 10, 10, 0, 10, 10, 10, 0, 0, 0, 0, 7, 0, 0, 0, 1, 10, 10, 0, 0, 0, 10, 0, 10, 0, 0, 0, 0, 0, 0, 0, 0, 10, 0, 0, 0, 10, 10, 0, 10, 0, 0, 0, 0, 10, 0, 2, 0, 10, 0, 0, 0, 10, : 10, 10, 10, 10, 10, 10, 10, 10, 10, 10, 10, 10, 10, 15, 10, 10, 10, 10, 10, 7, 1, 10, 10, 10, 10, 10, 10, 10, 10, 10, 2, 10, 10, 
367: 10, 0, 0, 10, 0, 10, 10, 10, 0, 0, 0, 0, 10, 0, 10, 10, 10, 10, 0, 10, 0, 0, 0, 0, 10, 10, 0, 10, 0, 10, 0, 10, 10, 10, 10, 10, 0, 0, 0, 0, 2, 10, 10, 10, 10, 10, 10, 10, 0, 0, 0, 0, 0, 10, 10, 0, 0, 0, 0, 10, 10, 10, 0, 0, 0, 10, 0, 10, 0, 10, 10, 0, 0, 10, 10, 0, 10, 0, 0, 10, : 10, 10, 10, 10, 10, 10, 10, 10, 10, 10, 10, 10, 10, 10, 10, 10, 10, 10, 10, 10, 2, 10, 10, 10, 10, 10, 10, 10, 10, 10, 10, 10, 10, 10, 10, 10, 10, 10, 10, 10, 10, 
556: 0, 0, 6, 0, 10, 10, 10, 0, 0, 0, 10, 10, 10, 0, 0, 0, 10, 10, 10, 10, 10, 10, 10, 10, 0, 0, 0, 10, 0, 0, 10, 0, 10, 10, 0, 0, 10, 10, 10, 10, 0, 0, 10, 0, 0, 10, 0, 5, 0, 0, 0, 10, 10, 0, 10, 0, 13, 10, 10, 0, 10, 0, 0, 10, 10, 10, 0, 10, 10, 0, 10, 0, 0, 0, 0, 0, 10, 0, 10, 10, : 6, 10, 10, 10, 10, 10, 10, 10, 10, 10, 10, 10, 10, 10, 10, 10, 10, 10, 10, 10, 10, 10, 10, 10, 10, 5, 10, 10, 10, 13, 10, 10, 10, 10, 10, 10, 10, 10, 10, 10, 10, 10, 
513: 0, 0, 0, 0, 10, 0, 0, 10, 10, 10, 10, 10, 10, 0, 10, 10, 0, 0, 0, 0, 10, 0, 0, 0, 0, 0, 10, 0, 10, 10, 10, 10, 0, 10, 0, 0, 10, 10, 10, 0, 0, 10, 0, 2, 10, 0, 10, 0, 10, 10, 0, 0, 10, 10, 0, 0, 0, 10, 0, 0, 10, 0, 10, 0, 0, 11, 0, 10, 10, 0, 0, 10, 10, 10, 10, 0, 0, 10, 10, 0, : 10, 10, 10, 10, 10, 10, 10, 10, 10, 10, 10, 10, 10, 10, 10, 10, 10, 10, 10, 10, 2, 10, 10, 10, 10, 10, 10, 10, 10, 10, 11, 10, 10, 10, 10, 10, 10, 10, 10, 
712: 10, 0, 10, 0, 0, 10, 0, 0, 10, 0, 0, 0, 10, 0, 10, 0, 10, 0, 0, 0, 10, 0, 10, 6, 10, 10, 10, 0, 0, 10, 10, 0, 10, 10, 0, 10, 10, 0, 18, 0, 10, 0, 10, 10, 10, 0, 0, 10, 10, 10, 10, 0, 10, 10, 0, 10, 0, 10, 0, 0, 0, 0, 10, 0, 0, 0, 10, 0, 10, 0, 0, 0, 10, 0, 0, 0, 10, 0, 0, 0, : 10, 10, 10, 10, 10, 10, 10, 10, 10, 6, 10, 10, 10, 10, 10, 10, 10, 10, 10, 18, 10, 10, 10, 10, 10, 10, 10, 10, 10, 10, 10, 10, 10, 10, 10, 10, 10, 
535: 0, 10, 10, 0, 10, 10, 10, 10, 10, 10, 10, 10, 0, 0, 10, 0, 10, 0, 0, 10, 10, 0, 10, 10, 10, 10, 10, 0, 10, 10, 0, 0, 10, 0, 0, 0, 0, 10, 0, 10, 0, 10, 0, 10, 0, 10, 0, 10, 0, 10, 6, 0, 10, 1, 0, 0, 0, 0, 0, 10, 10, 0, 10, 0, 10, 0, 0, 10, 0, 0, 10, 10, 10, 10, 10, 10, 10, 10, 10, 0, : 10, 10, 10, 10, 10, 10, 10, 10, 10, 10, 10, 10, 10, 10, 10, 10, 10, 10, 10, 10, 10, 10, 10, 10, 10, 10, 10, 10, 10, 6, 10, 1, 10, 10, 10, 10, 10, 10, 10, 10, 10, 10, 10, 10, 10, 10, 
171: 10, 0, 0, 10, 0, 10, 0, 0, 10, 10, 0, 0, 0, 0, 0, 0, 10, 0, 10, 0, 0, 0, 0, 0, 0, 0, 0, 10, 0, 10, 10, 0, 10, 0, 10, 10, 0, 10, 19, 10, 10, 10, 10, 10, 0, 0, 10, 0, 0, 0, 0, 10, 0, 10, 0, 10, 0, 0, 0, 0, 0, 10, 0, 10, 10, 0, 0, 0, 0, 0, 0, 0, 0, 10, 0, 0, 4, 10, 0, 0, : 10, 10, 10, 10, 10, 10, 10, 10, 10, 10, 10, 10, 10, 10, 19, 10, 10, 10, 10, 10, 10, 10, 10, 10, 10, 10, 10, 10, 4, 10, 
353: 0, 0, 0, 0, 0, 0, 10, 10, 10, 0, 10, 10, 0, 0, 0, 10, 0, 20, 7, 0, 0, 0, 0, 0, 0, 0, 10, 0, 10, 0, 0, 0, 10, 0, 10, 2, 0, 0, 10, 10, 10, 0, 0, 0, 0, 0, 10, 10, 10, 10, 10, 0, 0, 10, 10, 0, 0, 0, 0, 10, 10, 10, 0, 10, 10, 10, 0, 0, 10, 10, 10, 10, 0, 10, 0, 10, 6, 10, 0, 10, : 10, 10, 10, 10, 10, 10, 20, 7, 10, 10, 10, 10, 2, 10, 10, 10, 10, 10, 10, 10, 10, 10, 10, 10, 10, 10, 10, 10, 10, 10, 10, 10, 10, 10, 10, 6, 10, 10, 
163: 10, 10, 0, 10, 10, 0, 10, 3, 0, 1, 10, 10, 10, 1, 0, 0, 10, 0, 0, 17, 10, 0, 12, 10, 10, 10, 10, 10, 6, 10, 10, 17, 10, 0, 0, 10, 10, 0, 0, 1, 10, 0, 0, 0, 10, 10, 0, 0, 10, 0, 10, 0, 10, 10, 0, 10, 10, 10, 0, 0, 0, 0, 10, 0, 0, 10, 0, 10, 0, 10, 10, 10, 0, 0, 0, 10, 10, 10, 0, 10, : 10, 10, 10, 10, 10, 3, 1, 10, 10, 10, 1, 10, 17, 10, 12, 10, 10, 10, 10, 10, 6, 10, 10, 17, 10, 10, 10, 1, 10, 10, 10, 10, 10, 10, 10, 10, 10, 10, 10, 10, 10, 10, 10, 10, 10, 10, 10, 10, 
224: 10, 10, 0, 10, 0, 10, 10, 0, 10, 7, 10, 10, 10, 10, 10, 0, 10, 0, 10, 0, 10, 10, 0, 10, 10, 0, 10, 10, 10, 1, 0, 10, 10, 10, 10, 10, 10, 0, 0, 0, 10, 10, 10, 10, 10, 0, 0, 10, 0, 10, 10, 3, 0, 0, 0, 0, 10, 10, 0, 0, 0, 10, 10, 0, 10, 0, 10, 10, 10, 0, 10, 0, 10, 0, 10, 10, 0, 0, 0, 0, : 10, 10, 10, 10, 10, 10, 7, 10, 10, 10, 10, 10, 10, 10, 10, 10, 10, 10, 10, 10, 10, 1, 10, 10, 10, 10, 10, 10, 10, 10, 10, 10, 10, 10, 10, 10, 3, 10, 10, 10, 10, 10, 10, 10, 10, 10, 10, 10, 10, 
133: 10, 0, 0, 10, 10, 10, 0, 10, 0, 11, 0, 10, 0, 10, 10, 0, 10, 0, 0, 10, 0, 10, 10, 10, 10, 10, 0, 10, 10, 10, 10, 0, 0, 10, 0, 10, 10, 0, 0, 10, 0, 0, 10, 10, 0, 10, 0, 10, 3, 10, 0, 10, 10, 10, 0, 10, 10, 0, 0, 0, 10, 0, 0, 0, 0, 10, 1, 10, 10, 10, 0, 0, 10, 0, 10, 0, 0, 0, 10, 0, : 10, 10, 10, 10, 10, 11, 10, 10, 10, 10, 10, 10, 10, 10, 10, 10, 10, 10, 10, 10, 10, 10, 10, 10, 10, 10, 10, 10, 3, 10, 10, 10, 10, 10, 10, 10, 10, 1, 10, 10, 10, 10, 10, 10, 
219: 10, 10, 19, 0, 1, 0, 0, 0, 10, 0, 10, 0, 10, 0, 0, 10, 10, 10, 10, 0, 10, 0, 10, 2, 0, 0, 0, 10, 10, 0, 0, 10, 0, 0, 0, 0, 10, 10, 0, 10, 10, 10, 10, 0, 0, 10, 10, 10, 0, 0, 10, 10, 10, 10, 10, 10, 10, 0, 10, 10, 10, 10, 10, 10, 10, 2, 10, 17, 10, 10, 0, 10, 10, 0, 0, 10, 10, 0, 0, 0, : 10, 10, 19, 1, 10, 10, 10, 10, 10, 10, 10, 10, 10, 2, 10, 10, 10, 10, 10, 10, 10, 10, 10, 10, 10, 10, 10, 10, 10, 10, 10, 10, 10, 10, 10, 10, 10, 10, 10, 10, 2, 10, 17, 10, 10, 10, 10, 10, 10, 
392: 10, 0, 10, 0, 10, 0, 0, 10, 10, 0, 0, 0, 0, 10, 0, 0, 0, 0, 0, 10, 10, 0, 0, 10, 0, 10, 10, 0, 19, 10, 10, 10, 10, 0, 10, 10, 0, 0, 10, 10, 10, 0, 0, 0, 0, 0, 0, 15, 10, 0, 10, 2, 0, 0, 4, 10, 0, 10, 10, 0, 0, 0, 10, 0, 0, 10, 10, 0, 0, 0, 0, 10, 0, 0, 0, 0, 10, 10, 0, 0, : 10, 10, 10, 10, 10, 10, 10, 10, 10, 10, 10, 19, 10, 10, 10, 10, 10, 10, 10, 10, 10, 15, 10, 10, 2, 4, 10, 10, 10, 10, 10, 10, 10, 10, 10, 
300: 10, 10, 10, 10, 0, 0, 0, 0, 0, 0, 0, 19, 15, 0, 0, 10, 10, 0, 16, 10, 10, 10, 0, 10, 0, 10, 10, 5, 0, 0, 0, 10, 0, 0, 0, 10, 2, 0, 10, 10, 0, 10, 0, 10, 10, 10, 10, 0, 10, 10, 10, 0, 0, 10, 0, 10, 10, 0, 10, 0, 10, 1, 10, 0, 0, 0, 10, 0, 0, 10, 0, 0, 0, 0, 4, 0, 10, 10, 10, 0, : 10, 10, 10, 10, 19, 15, 10, 10, 16, 10, 10, 10, 10, 10, 10, 5, 10, 10, 2, 10, 10, 10, 10, 10, 10, 10, 10, 10, 10, 10, 10, 10, 10, 10, 1, 10, 10, 10, 4, 10, 10, 10, 
637: 10, 0, 0, 5, 0, 10, 10, 0, 10, 10, 10, 10, 10, 10, 10, 0, 0, 0, 0, 0, 0, 10, 0, 0, 0, 0, 0, 0, 10, 10, 10, 0, 0, 10, 0, 0, 0, 10, 0, 9, 0, 0, 10, 0, 0, 0, 10, 10, 18, 10, 10, 0, 10, 10, 0, 0, 10, 10, 0, 10, 10, 0, 0, 1, 2, 0, 0, 0, 10, 0, 0, 0, 10, 0, 10, 10, 10, 10, 0, 0, : 10, 5, 10, 10, 10, 10, 10, 10, 10, 10, 10, 10, 10, 10, 10, 10, 10, 9, 10, 10, 10, 18, 10, 10, 10, 10, 10, 10, 10, 10, 1, 2, 10, 10, 10, 10, 10, 10, 
576: 0, 0, 10, 10, 10, 0, 0, 10, 0, 0, 10, 0, 10, 0, 10, 0, 0, 10, 10, 0, 10, 10, 0, 0, 3, 0, 10, 0, 0, 0, 0, 0, 10, 10, 10, 6, 10, 0, 0, 10, 10, 0, 10, 10, 0, 10, 0, 10, 0, 10, 10, 0, 10, 0, 10, 0, 0, 10, 10, 10, 0, 0, 10, 10, 10, 10, 0, 0, 11, 0, 0, 0, 0, 10, 0, 0, 10, 10, 0, 10, : 10, 10, 10, 10, 10, 10, 10, 10, 10, 10, 10, 3, 10, 10, 10, 10, 6, 10, 10, 10, 10, 10, 10, 10, 10, 10, 10, 10, 10, 10, 10, 10, 10, 10, 10, 11, 10, 10, 10, 10, 
140: 10, 0, 10, 0, 10, 10, 0, 10, 10, 0, 10, 10, 0, 10, 0, 0, 10, 10, 10, 0, 0, 0, 0, 0, 0, 5, 0, 10, 1, 19, 10, 10, 0, 10, 0, 10, 0, 10, 0, 10, 0, 0, 0, 0, 0, 10, 10, 10, 2, 0, 10, 10, 10, 0, 10, 10, 10, 10, 10, 10, 10, 10, 10, 0, 0, 10, 10, 4, 10, 10, 0, 0, 10, 0, 10, 0, 10, 10, 0, 0, : 10, 10, 10, 10, 10, 10, 10, 10, 10, 10, 10, 10, 5, 10, 1, 19, 10, 10, 10, 10, 10, 10, 10, 10, 10, 2, 10, 10, 10, 10, 10, 10, 10, 10, 10, 10, 10, 10, 10, 10, 4, 10, 10, 10, 10, 10, 10, 
236: 10, 10, 10, 0, 9, 0, 0, 0, 0, 0, 0, 0, 10, 10, 0, 0, 10, 0, 10, 0, 0, 10, 0, 10, 0, 10, 0, 10, 0, 0, 0, 0, 0, 0, 0, 0, 10, 0, 10, 1, 10, 0, 0, 10, 0, 0, 2, 10, 0, 10, 10, 0, 10, 0, 0, 0, 0, 0, 3, 0, 0, 10, 0, 0, 10, 0, 10, 0, 10, 10, 10, 10, 0, 0, 10, 10, 0, 0, 12, 10, : 10, 10, 10, 9, 10, 10, 10, 10, 10, 10, 10, 10, 10, 10, 1, 10, 10, 2, 10, 10, 10, 10, 3, 10, 10, 10, 10, 10, 10, 10, 10, 10, 12, 10, 
740: 0, 10, 0, 0, 10, 0, 10, 0, 10, 0, 0, 0, 10, 10, 10, 10, 10, 10, 0, 10, 0, 10, 0, 10, 0, 0, 0, 0, 10, 10, 0, 10, 0, 0, 0, 10, 0, 0, 10, 10, 10, 0, 10, 0, 1, 0, 10, 10, 0, 10, 0, 10, 10, 2, 6, 0, 10, 10, 10, 0, 0, 0, 0, 19, 0, 0, 10, 0, 14, 19, 10, 10, 0, 10, 10, 10, 10, 10, 10, 10, : 10, 10, 10, 10, 10, 10, 10, 10, 10, 10, 10, 10, 10, 10, 10, 10, 10, 10, 10, 10, 10, 1, 10, 10, 10, 10, 10, 2, 6, 10, 10, 10, 19, 10, 14, 19, 10, 10, 10, 10, 10, 10, 10, 10, 10, 
387: 0, 10, 10, 0, 10, 0, 0, 10, 10, 10, 0, 0, 10, 0, 10, 10, 0, 5, 10, 0, 10, 11, 10, 0, 10, 10, 10, 0, 10, 11, 10, 10, 0, 10, 10, 10, 10, 10, 1, 0, 0, 10, 0, 10, 0, 10, 10, 10, 0, 0, 0, 0, 4, 10, 0, 10, 0, 0, 10, 0, 10, 10, 10, 10, 10, 0, 0, 0, 10, 0, 10, 0, 0, 0, 10, 0, 10, 10, 10, 10, : 10, 10, 10, 10, 10, 10, 10, 10, 10, 5, 10, 10, 11, 10, 10, 10, 10, 10, 11, 10, 10, 10, 10, 10, 10, 10, 1, 10, 10, 10, 10, 10, 4, 10, 10, 10, 10, 10, 10, 10, 10, 10, 10, 10, 10, 10, 10, 10, 
198: 0, 10, 0, 10, 10, 0, 10, 0, 0, 0, 0, 10, 10, 10, 10, 10, 0, 10, 10, 0, 0, 0, 0, 0, 0, 0, 10, 10, 0, 0, 0, 0, 0, 0, 10, 10, 10, 10, 10, 0, 10, 10, 19, 0, 1, 10, 10, 0, 0, 10, 1, 0, 0, 0, 10, 10, 0, 10, 0, 10, 0, 2, 10, 10, 10, 0, 0, 10, 0, 0, 0, 0, 0, 10, 0, 10, 0, 10, 10, 0, : 10, 10, 10, 10, 10, 10, 10, 10, 10, 10, 10, 10, 10, 10, 10, 10, 10, 10, 10, 10, 19, 1, 10, 10, 10, 1, 10, 10, 10, 10, 2, 10, 10, 10, 10, 10, 10, 10, 10, 
439: 0, 10, 0, 10, 10, 10, 10, 0, 0, 10, 0, 10, 10, 0, 10, 0, 1, 10, 0, 10, 0, 10, 0, 3, 0, 10, 0, 0, 0, 10, 0, 10, 0, 0, 10, 10, 0, 0, 10, 0, 0, 10, 10, 0, 10, 10, 0, 0, 10, 0, 0, 10, 10, 0, 10, 10, 0, 10, 10, 0, 0, 0, 0, 10, 10, 0, 10, 10, 16, 10, 0, 10, 10, 10, 10, 10, 0, 10, 0, 0, : 10, 10, 10, 10, 10, 10, 10, 10, 10, 1, 10, 10, 10, 3, 10, 10, 10, 10, 10, 10, 10, 10, 10, 10, 10, 10, 10, 10, 10, 10, 10, 10, 10, 10, 10, 16, 10, 10, 10, 10, 10, 10, 10, 
54: 10, 10, 10, 10, 0, 0, 1, 0, 10, 0, 0, 0, 0, 0, 10, 10, 0, 0, 0, 10, 10, 0, 10, 10, 10, 0, 0, 10, 10, 10, 10, 10, 10, 0, 10, 0, 10, 9, 10, 2, 10, 10, 10, 10, 10, 0, 10, 10, 1, 10, 10, 10, 0, 10, 10, 0, 0, 10, 0, 0, 10, 0, 0, 10, 10, 0, 0, 10, 10, 0, 10, 0, 0, 2, 10, 10, 0, 10, 10, 0, : 10, 10, 10, 10, 1, 10, 10, 10, 10, 10, 10, 10, 10, 10, 10, 10, 10, 10, 10, 10, 10, 9, 10, 2, 10, 10, 10, 10, 10, 10, 10, 1, 10, 10, 10, 10, 10, 10, 10, 10, 10, 10, 10, 10, 2, 10, 10, 10, 10, 
62: 10, 0, 10, 10, 0, 0, 0, 10, 0, 0, 10, 10, 10, 10, 0, 10, 10, 10, 0, 0, 0, 0, 0, 10, 0, 10, 0, 0, 10, 0, 10, 0, 10, 10, 0, 10, 0, 0, 0, 0, 0, 10, 10, 10, 10, 0, 1, 0, 10, 0, 10, 0, 10, 10, 0, 10, 0, 0, 0, 10, 0, 10, 10, 10, 10, 0, 0, 4, 10, 10, 10, 0, 0, 0, 0, 10, 10, 0, 0, 10, : 10, 10, 10, 10, 10, 10, 10, 10, 10, 10, 10, 10, 10, 10, 10, 10, 10, 10, 10, 10, 10, 10, 1, 10, 10, 10, 10, 10, 10, 10, 10, 10, 10, 4, 10, 10, 10, 10, 10, 10, 
376: 10, 10, 0, 10, 10, 10, 10, 10, 10, 0, 10, 10, 0, 0, 0, 10, 0, 10, 0, 0, 0, 0, 10, 0, 10, 0, 10, 10, 10, 10, 10, 10, 0, 0, 0, 0, 0, 10, 10, 0, 10, 0, 10, 0, 0, 10, 10, 1, 0, 17, 10, 10, 0, 0, 10, 0, 10, 10, 0, 0, 10, 10, 0, 10, 10, 0, 0, 10, 4, 10, 0, 0, 10, 0, 10, 0, 10, 10, 10, 0, : 10, 10, 10, 10, 10, 10, 10, 10, 10, 10, 10, 10, 10, 10, 10, 10, 10, 10, 10, 10, 10, 10, 10, 10, 10, 10, 1, 17, 10, 10, 10, 10, 10, 10, 10, 10, 10, 10, 4, 10, 10, 10, 10, 10, 10, 
591: 10, 10, 10, 10, 0, 0, 0, 0, 10, 0, 0, 6, 0, 10, 0, 0, 1, 10, 10, 2, 0, 0, 0, 0, 0, 10, 10, 0, 0, 0, 2, 0, 10, 10, 10, 10, 10, 10, 0, 0, 1, 0, 10, 10, 10, 10, 10, 4, 0, 10, 0, 0, 0, 10, 10, 0, 0, 0, 0, 10, 10, 10, 0, 0, 0, 10, 0, 0, 10, 0, 10, 1, 0, 10, 10, 10, 10, 0, 10, 0, : 10, 10, 10, 10, 10, 6, 10, 1, 10, 10, 2, 10, 10, 2, 10, 10, 10, 10, 10, 10, 1, 10, 10, 10, 10, 10, 4, 10, 10, 10, 10, 10, 10, 10, 10, 10, 1, 10, 10, 10, 10, 10, 
379: 10, 0, 0, 10, 0, 10, 0, 0, 10, 0, 0, 10, 0, 10, 10, 0, 0, 0, 0, 10, 10, 0, 10, 20, 10, 0, 10, 10, 0, 10, 0, 0, 0, 0, 0, 0, 0, 0, 0, 0, 0, 10, 0, 10, 10, 0, 10, 0, 0, 10, 10, 0, 10, 0, 10, 0, 10, 10, 0, 0, 0, 10, 2, 0, 10, 1, 10, 10, 10, 0, 0, 0, 0, 0, 0, 10, 0, 10, 0, 10, : 10, 10, 10, 10, 10, 10, 10, 10, 10, 10, 20, 10, 10, 10, 10, 10, 10, 10, 10, 10, 10, 10, 10, 10, 10, 10, 2, 10, 1, 10, 10, 10, 10, 10, 10, 
418: 0, 10, 0, 10, 10, 0, 10, 10, 0, 17, 10, 10, 10, 0, 0, 0, 10, 10, 0, 0, 14, 0, 10, 0, 0, 10, 0, 10, 0, 0, 10, 0, 10, 10, 0, 10, 10, 10, 0, 0, 10, 10, 0, 10, 10, 0, 10, 0, 10, 0, 10, 10, 0, 10, 10, 10, 10, 0, 10, 10, 0, 0, 0, 0, 0, 0, 10, 10, 0, 10, 0, 10, 0, 10, 10, 0, 10, 0, 0, 0, : 10, 10, 10, 10, 10, 17, 10, 10, 10, 10, 10, 14, 10, 10, 10, 10, 10, 10, 10, 10, 10, 10, 10, 10, 10, 10, 10, 10, 10, 10, 10, 10, 10, 10, 10, 10, 10, 10, 10, 10, 10, 10, 
77: 7, 10, 0, 10, 10, 10, 10, 0, 10, 0, 0, 10, 0, 0, 10, 0, 0, 10, 10, 0, 10, 10, 0, 0, 10, 10, 0, 0, 0, 0, 10, 10, 0, 10, 0, 10, 11, 10, 10, 10, 0, 10, 0, 10, 0, 10, 6, 0, 10, 10, 10, 0, 0, 0, 0, 0, 0, 0, 0, 10, 0, 10, 10, 10, 0, 10, 0, 10, 0, 10, 0, 0, 0, 10, 0, 0, 0, 10, 0, 0, : 7, 10, 10, 10, 10, 10, 10, 10, 10, 10, 10, 10, 10, 10, 10, 10, 10, 10, 10, 11, 10, 10, 10, 10, 10, 10, 6, 10, 10, 10, 10, 10, 10, 10, 10, 10, 10, 10, 10, 
690: 0, 0, 0, 10, 10, 10, 0, 0, 0, 0, 10, 0, 0, 10, 0, 15, 10, 0, 10, 0, 10, 10, 0, 0, 0, 10, 10, 10, 0, 3, 0, 10, 0, 0, 10, 3, 10, 10, 12, 10, 0, 0, 0, 0, 10, 0, 10, 0, 0, 0, 0, 10, 10, 0, 10, 10, 10, 0, 1, 10, 0, 0, 10, 0, 10, 0, 10, 0, 10, 0, 10, 0, 10, 10, 10, 0, 4, 0, 0, 10, : 10, 10, 10, 10, 10, 15, 10, 10, 10, 10, 10, 10, 10, 3, 10, 10, 3, 10, 10, 12, 10, 10, 10, 10, 10, 10, 10, 10, 1, 10, 10, 10, 10, 10, 10, 10, 10, 10, 4, 10, 
226: 10, 0, 10, 0, 0, 10, 10, 10, 0, 0, 10, 0, 10, 10, 0, 0, 10, 0, 10, 10, 0, 4, 10, 10, 10, 0, 10, 0, 10, 10, 0, 10, 0, 0, 0, 0, 0, 10, 0, 10, 10, 0, 10, 0, 10, 1, 10, 0, 10, 0, 0, 10, 10, 0, 0, 0, 10, 10, 0, 0, 10, 10, 10, 10, 10, 10, 0, 0, 10, 10, 10, 0, 0, 0, 0, 0, 0, 0, 10, 10, : 10, 10, 10, 10, 10, 10, 10, 10, 10, 10, 10, 4, 10, 10, 10, 10, 10, 10, 10, 10, 10, 10, 10, 10, 1, 10, 10, 10, 10, 10, 10, 10, 10, 10, 10, 10, 10, 10, 10, 10, 10, 10, 
310: 0, 0, 10, 10, 10, 0, 0, 0, 10, 0, 10, 0, 0, 10, 0, 0, 10, 10, 0, 10, 0, 0, 10, 10, 0, 10, 0, 0, 10, 0, 10, 0, 10, 10, 0, 10, 0, 0, 10, 0, 1, 10, 0, 0, 10, 0, 0, 10, 4, 0, 10, 10, 10, 0, 0, 0, 0, 10, 0, 10, 0, 0, 10, 0, 0, 10, 10, 0, 7, 10, 0, 10, 10, 10, 0, 0, 10, 10, 0, 0, : 10, 10, 10, 10, 10, 10, 10, 10, 10, 10, 10, 10, 10, 10, 10, 10, 10, 10, 1, 10, 10, 10, 4, 10, 10, 10, 10, 10, 10, 10, 10, 7, 10, 10, 10, 10, 10, 10, 
139: 0, 0, 0, 0, 10, 10, 0, 10, 0, 10, 10, 0, 0, 10, 10, 10, 0, 0, 10, 0, 10, 10, 10, 10, 12, 0, 0, 0, 10, 10, 10, 4, 0, 0, 10, 10, 10, 0, 0, 0, 10, 0, 2, 0, 0, 10, 0, 10, 10, 10, 10, 0, 0, 10, 10, 10, 10, 10, 10, 0, 0, 0, 0, 10, 0, 10, 0, 0, 3, 0, 10, 10, 10, 10, 0, 0, 0, 10, 0, 0, : 10, 10, 10, 10, 10, 10, 10, 10, 10, 10, 10, 10, 10, 12, 10, 10, 10, 4, 10, 10, 10, 10, 2, 10, 10, 10, 10, 10, 10, 10, 10, 10, 10, 10, 10, 10, 3, 10, 10, 10, 10, 10, 
19: 10, 10, 0, 0, 10, 10, 10, 10, 0, 10, 0, 10, 10, 0, 0, 10, 10, 0, 10, 10, 10, 10, 10, 10, 10, 10, 10, 10, 10, 10, 0, 10, 10, 10, 0, 10, 0, 10, 1, 10, 10, 10, 0, 0, 10, 15, 0, 10, 10, 0, 0, 10, 0, 10, 10, 0, 10, 0, 10, 12, 0, 10, 0, 0, 10, 1, 0, 10, 0, 0, 0, 10, 0, 10, 10, 0, 10, 0, 0, 10, : 10, 10, 10, 10, 10, 10, 10, 10, 10, 10, 10, 10, 10, 10, 10, 10, 10, 10, 10, 10, 10, 10, 10, 10, 10, 10, 10, 10, 1, 10, 10, 10, 10, 15, 10, 10, 10, 10, 10, 10, 10, 12, 10, 10, 1, 10, 10, 10, 10, 10, 10, 
74: 10, 0, 0, 0, 0, 10, 0, 10, 1, 10, 10, 0, 0, 10, 0, 0, 10, 10, 0, 10, 10, 10, 0, 0, 0, 10, 0, 10, 0, 10, 0, 10, 0, 10, 10, 0, 0, 10, 0, 10, 0, 0, 0, 0, 0, 10, 12, 10, 10, 10, 10, 10, 10, 10, 10, 10, 10, 10, 1, 2, 0, 3, 10, 10, 10, 10, 10, 10, 10, 0, 10, 10, 0, 0, 10, 10, 10, 0, 0, 0, : 10, 10, 10, 1, 10, 10, 10, 10, 10, 10, 10, 10, 10, 10, 10, 10, 10, 10, 10, 10, 10, 12, 10, 10, 10, 10, 10, 10, 10, 10, 10, 10, 10, 1, 2, 3, 10, 10, 10, 10, 10, 10, 10, 10, 10, 10, 10, 10, 
449: 0, 0, 16, 10, 0, 0, 0, 0, 10, 0, 10, 0, 10, 0, 0, 10, 10, 10, 10, 10, 1, 0, 0, 10, 10, 0, 0, 0, 0, 10, 10, 0, 10, 10, 10, 0, 10, 0, 0, 0, 0, 10, 10, 10, 10, 10, 0, 0, 10, 10, 10, 0, 0, 10, 10, 0, 0, 10, 0, 0, 0, 0, 0, 10, 0, 10, 0, 0, 10, 0, 10, 10, 10, 0, 0, 0, 10, 10, 10, 10, : 16, 10, 10, 10, 10, 10, 10, 10, 10, 10, 1, 10, 10, 10, 10, 10, 10, 10, 10, 10, 10, 10, 10, 10, 10, 10, 10, 10, 10, 10, 10, 10, 10, 10, 10, 10, 10, 10, 10, 10, 
705: 10, 0, 10, 10, 10, 10, 10, 0, 10, 10, 10, 10, 0, 10, 10, 1, 0, 10, 0, 10, 0, 0, 10, 0, 0, 10, 10, 0, 10, 10, 0, 10, 7, 0, 10, 10, 10, 0, 10, 0, 0, 10, 0, 0, 0, 0, 0, 10, 0, 10, 0, 0, 10, 10, 10, 10, 0, 10, 10, 1, 10, 0, 10, 0, 4, 10, 10, 10, 0, 0, 0, 10, 17, 0, 10, 0, 0, 10, 10, 10, : 10, 10, 10, 10, 10, 10, 10, 10, 10, 10, 10, 10, 1, 10, 10, 10, 10, 10, 10, 10, 10, 7, 10, 10, 10, 10, 10, 10, 10, 10, 10, 10, 10, 10, 10, 1, 10, 10, 4, 10, 10, 10, 10, 17, 10, 10, 10, 10, 
613: 10, 0, 10, 10, 10, 0, 10, 10, 10, 10, 0, 2, 0, 0, 10, 10, 0, 10, 10, 6, 10, 10, 10, 10, 10, 10, 10, 5, 0, 0, 0, 0, 0, 10, 10, 1, 0, 0, 0, 10, 0, 0, 10, 0, 0, 0, 10, 10, 0, 5, 10, 10, 0, 0, 10, 10, 10, 10, 10, 0, 0, 0, 10, 10, 10, 16, 0, 10, 0, 10, 0, 10, 0, 0, 0, 10, 0, 10, 10, 0, : 10, 10, 10, 10, 10, 10, 10, 10, 2, 10, 10, 10, 10, 6, 10, 10, 10, 10, 10, 10, 10, 5, 10, 10, 1, 10, 10, 10, 10, 5, 10, 10, 10, 10, 10, 10, 10, 10, 10, 10, 16, 10, 10, 10, 10, 10, 10, 
737: 0, 10, 0, 0, 0, 10, 0, 0, 0, 0, 10, 0, 0, 0, 0, 0, 10, 10, 10, 10, 0, 0, 0, 0, 10, 0, 0, 10, 10, 0, 0, 0, 0, 10, 10, 0, 10, 0, 0, 10, 4, 0, 10, 10, 0, 0, 0, 10, 10, 0, 10, 10, 1, 10, 0, 0, 10, 10, 0, 8, 10, 0, 10, 0, 0, 10, 0, 10, 10, 0, 10, 10, 10, 10, 10, 10, 10, 10, 10, 10, : 10, 10, 10, 10, 10, 10, 10, 10, 10, 10, 10, 10, 10, 10, 4, 10, 10, 10, 10, 10, 10, 1, 10, 10, 10, 8, 10, 10, 10, 10, 10, 10, 10, 10, 10, 10, 10, 10, 10, 10, 10, 
148: 10, 0, 15, 10, 0, 0, 10, 10, 0, 0, 0, 10, 0, 10, 0, 10, 0, 10, 0, 10, 10, 0, 3, 10, 10, 10, 10, 0, 0, 0, 0, 10, 0, 0, 0, 10, 10, 10, 0, 10, 0, 10, 0, 10, 0, 10, 0, 0, 1, 10, 0, 10, 0, 10, 2, 10, 0, 10, 0, 10, 0, 0, 0, 10, 0, 10, 10, 10, 0, 10, 7, 0, 10, 10, 0, 10, 10, 0, 10, 10, : 10, 15, 10, 10, 10, 10, 10, 10, 10, 10, 10, 3, 10, 10, 10, 10, 10, 10, 10, 10, 10, 10, 10, 10, 1, 10, 10, 10, 2, 10, 10, 10, 10, 10, 10, 10, 10, 7, 10, 10, 10, 10, 10, 10, 
754: 0, 0, 0, 10, 0, 10, 10, 0, 10, 10, 0, 4, 0, 5, 10, 0, 0, 10, 10, 0, 0, 0, 0, 0, 10, 10, 0, 10, 10, 0, 10, 10, 0, 10, 0, 10, 0, 0, 0, 0, 10, 10, 0, 10, 0, 10, 0, 0, 0, 0, 0, 10, 10, 10, 10, 10, 10, 10, 10, 4, 2, 0, 0, 0, 10, 0, 0, 0, 0, 10, 10, 0, 0, 10, 0, 10, 0, 0, 10, 10, : 10, 10, 10, 10, 10, 4, 5, 10, 10, 10, 10, 10, 10, 10, 10, 10, 10, 10, 10, 10, 10, 10, 10, 10, 10, 10, 10, 10, 10, 10, 4, 2, 10, 10, 10, 10, 10, 10, 10, 
600: 2, 0, 10, 10, 0, 10, 10, 10, 10, 0, 0, 0, 0, 0, 0, 0, 2, 0, 0, 10, 0, 10, 0, 0, 10, 0, 2, 0, 10, 0, 10, 10, 10, 0, 0, 0, 10, 10, 10, 10, 0, 10, 0, 10, 0, 10, 10, 0, 10, 10, 0, 0, 10, 0, 0, 10, 1, 10, 10, 0, 10, 0, 0, 0, 0, 0, 10, 10, 0, 0, 10, 10, 0, 10, 0, 0, 0, 10, 10, 10, : 2, 10, 10, 10, 10, 10, 10, 2, 10, 10, 10, 2, 10, 10, 10, 10, 10, 10, 10, 10, 10, 10, 10, 10, 10, 10, 10, 10, 1, 10, 10, 10, 10, 10, 10, 10, 10, 10, 10, 10, 
790: 0, 10, 0, 0, 0, 10, 10, 10, 0, 0, 0, 0, 10, 0, 10, 0, 10, 0, 0, 0, 0, 10, 10, 10, 0, 0, 10, 10, 0, 0, 10, 0, 0, 0, 10, 0, 10, 10, 0, 10, 10, 10, 0, 10, 10, 10, 0, 10, 10, 0, 0, 10, 0, 10, 0, 0, 0, 0, 10, 0, 10, 16, 0, 10, 10, 0, 0, 0, 10, 10, 0, 10, 0, 0, 10, 10, 0, 0, 10, 10, : 10, 10, 10, 10, 10, 10, 10, 10, 10, 10, 10, 10, 10, 10, 10, 10, 10, 10, 10, 10, 10, 10, 10, 10, 10, 10, 10, 10, 16, 10, 10, 10, 10, 10, 10, 10, 10, 10, 
240: 0, 0, 0, 0, 10, 10, 0, 16, 10, 10, 0, 0, 10, 0, 0, 10, 0, 10, 0, 0, 0, 0, 0, 0, 0, 0, 0, 0, 0, 10, 0, 0, 10, 10, 10, 10, 10, 10, 14, 10, 0, 10, 0, 0, 0, 0, 10, 0, 0, 10, 10, 10, 0, 0, 0, 0, 10, 10, 10, 0, 10, 10, 0, 10, 10, 10, 10, 10, 5, 10, 10, 10, 0, 10, 10, 10, 10, 10, 10, 10, : 10, 10, 16, 10, 10, 10, 10, 10, 10, 10, 10, 10, 10, 10, 10, 14, 10, 10, 10, 10, 10, 10, 10, 10, 10, 10, 10, 10, 10, 10, 10, 10, 5, 10, 10, 10, 10, 10, 10, 10, 10, 10, 10, 
490: 0, 0, 10, 0, 0, 0, 10, 0, 10, 10, 0, 0, 0, 10, 0, 18, 0, 10, 16, 0, 0, 0, 10, 10, 10, 0, 7, 10, 10, 0, 0, 0, 0, 10, 10, 10, 10, 10, 0, 0, 10, 0, 0, 0, 10, 10, 0, 0, 0, 10, 10, 10, 0, 10, 10, 0, 10, 10, 10, 10, 10, 10, 10, 10, 0, 10, 10, 10, 1, 0, 0, 0, 10, 10, 10, 10, 0, 10, 0, 10, : 10, 10, 10, 10, 10, 18, 10, 16, 10, 10, 10, 7, 10, 10, 10, 10, 10, 10, 10, 10, 10, 10, 10, 10, 10, 10, 10, 10, 10, 10, 10, 10, 10, 10, 10, 10, 10, 10, 1, 10, 10, 10, 10, 10, 10, 
299: 10, 0, 10, 0, 10, 10, 0, 10, 0, 10, 10, 0, 0, 10, 0, 10, 0, 10, 10, 10, 0, 0, 10, 0, 0, 10, 0, 0, 0, 10, 0, 0, 10, 0, 0, 0, 0, 0, 10, 0, 10, 6, 10, 10, 10, 0, 10, 10, 10, 0, 0, 3, 0, 10, 0, 0, 0, 0, 0, 10, 10, 10, 0, 10, 10, 10, 10, 0, 0, 0, 10, 0, 10, 0, 0, 10, 10, 10, 0, 0, : 10, 10, 10, 10, 10, 10, 10, 10, 10, 10, 10, 10, 10, 10, 10, 10, 10, 10, 6, 10, 10, 10, 10, 10, 10, 3, 10, 10, 10, 10, 10, 10, 10, 10, 10, 10, 10, 10, 10, 
88: 10, 10, 10, 0, 0, 0, 0, 0, 10, 19, 0, 10, 0, 10, 10, 10, 0, 10, 0, 0, 10, 10, 10, 10, 0, 0, 10, 10, 10, 0, 10, 0, 10, 10, 10, 10, 10, 0, 10, 10, 0, 0, 10, 0, 10, 0, 0, 0, 10, 0, 10, 0, 0, 10, 10, 0, 10, 10, 10, 10, 10, 10, 10, 0, 10, 10, 10, 0, 0, 0, 10, 0, 10, 10, 10, 0, 0, 3, 0, 10, : 10, 10, 10, 10, 19, 10, 10, 10, 10, 10, 10, 10, 10, 10, 10, 10, 10, 10, 10, 10, 10, 10, 10, 10, 10, 10, 10, 10, 10, 10, 10, 10, 10, 10, 10, 10, 10, 10, 10, 10, 10, 10, 10, 10, 10, 3, 10, 
12: 0, 0, 0, 0, 0, 0, 10, 10, 0, 0, 0, 0, 0, 10, 0, 0, 3, 0, 0, 0, 0, 10, 10, 10, 10, 0, 10, 10, 10, 0, 10, 0, 10, 0, 10, 10, 0, 0, 10, 10, 10, 9, 10, 0, 0, 0, 0, 0, 10, 10, 0, 10, 0, 0, 0, 10, 10, 10, 10, 0, 0, 10, 0, 9, 10, 0, 10, 10, 2, 0, 10, 10, 10, 0, 10, 0, 10, 0, 0, 10, : 10, 10, 10, 3, 10, 10, 10, 10, 10, 10, 10, 10, 10, 10, 10, 10, 10, 10, 9, 10, 10, 10, 10, 10, 10, 10, 10, 10, 9, 10, 10, 10, 2, 10, 10, 10, 10, 10, 10, 
677: 0, 0, 10, 10, 10, 10, 10, 0, 10, 0, 10, 0, 10, 10, 10, 0, 0, 0, 0, 10, 10, 0, 10, 0, 0, 0, 10, 10, 0, 0, 0, 10, 0, 10, 10, 0, 0, 0, 10, 0, 10, 0, 10, 0, 0, 10, 1, 0, 0, 0, 0, 0, 0, 0, 0, 10, 0, 10, 0, 0, 10, 10, 0, 10, 10, 10, 10, 10, 10, 10, 10, 0, 10, 0, 0, 10, 0, 10, 0, 10, : 10, 10, 10, 10, 10, 10, 10, 10, 10, 10, 10, 10, 10, 10, 10, 10, 10, 10, 10, 10, 10, 10, 1, 10, 10, 10, 10, 10, 10, 10, 10, 10, 10, 10, 10, 10, 10, 10, 10, 
11: 10, 9, 0, 10, 0, 0, 10, 10, 10, 0, 10, 0, 10, 0, 5, 10, 0, 10, 0, 10, 10, 0, 0, 0, 0, 10, 0, 0, 0, 10, 10, 1, 10, 1, 10, 0, 10, 0, 0, 10, 0, 0, 0, 10, 10, 10, 10, 0, 14, 0, 10, 10, 10, 10, 10, 10, 0, 0, 0, 0, 10, 0, 0, 0, 0, 10, 0, 4, 10, 0, 10, 0, 10, 10, 0, 0, 0, 0, 0, 10, : 10, 9, 10, 10, 10, 10, 10, 10, 5, 10, 10, 10, 10, 10, 10, 10, 1, 10, 1, 10, 10, 10, 10, 10, 10, 10, 14, 10, 10, 10, 10, 10, 10, 10, 10, 4, 10, 10, 10, 10, 10, 
771: 0, 0, 0, 10, 0, 0, 10, 0, 0, 0, 0, 10, 10, 0, 0, 10, 0, 0, 0, 10, 0, 10, 0, 10, 10, 0, 10, 0, 10, 0, 10, 0, 10, 0, 0, 0, 0, 10, 10, 0, 10, 10, 10, 0, 10, 0, 10, 10, 0, 3, 0, 10, 10, 0, 0, 10, 10, 0, 10, 10, 10, 0, 0, 10, 0, 0, 10, 10, 0, 10, 10, 10, 0, 10, 0, 10, 10, 0, 10, 0, : 10, 10, 10, 10, 10, 10, 10, 10, 10, 10, 10, 10, 10, 10, 10, 10, 10, 10, 10, 10, 10, 3, 10, 10, 10, 10, 10, 10, 10, 10, 10, 10, 10, 10, 10, 10, 10, 10, 10, 
151: 0, 10, 0, 0, 10, 0, 0, 10, 0, 10, 10, 10, 0, 10, 10, 0, 2, 0, 0, 10, 0, 10, 10, 0, 10, 10, 0, 10, 10, 0, 0, 0, 10, 0, 0, 0, 0, 0, 0, 10, 10, 10, 10, 10, 10, 10, 10, 0, 0, 0, 0, 0, 0, 0, 10, 0, 0, 0, 10, 10, 10, 10, 10, 0, 0, 0, 0, 0, 10, 10, 0, 10, 5, 0, 0, 2, 10, 10, 10, 10, : 10, 10, 10, 10, 10, 10, 10, 10, 2, 10, 10, 10, 10, 10, 10, 10, 10, 10, 10, 10, 10, 10, 10, 10, 10, 10, 10, 10, 10, 10, 10, 10, 10, 10, 5, 2, 10, 10, 10, 10, 
415: 10, 10, 3, 10, 10, 10, 0, 0, 10, 0, 10, 10, 0, 0, 0, 10, 10, 0, 6, 0, 10, 0, 10, 10, 10, 0, 0, 10, 0, 0, 10, 10, 0, 0, 10, 0, 2, 10, 10, 10, 10, 10, 10, 10, 10, 5, 10, 10, 10, 10, 0, 10, 10, 0, 0, 0, 10, 0, 0, 10, 0, 10, 10, 10, 0, 1, 0, 2, 10, 0, 0, 0, 0, 0, 10, 0, 0, 0, 10, 0, : 10, 10, 3, 10, 10, 10, 10, 10, 10, 10, 10, 6, 10, 10, 10, 10, 10, 10, 10, 10, 2, 10, 10, 10, 10, 10, 10, 10, 10, 5, 10, 10, 10, 10, 10, 10, 10, 10, 10, 10, 10, 1, 2, 10, 10, 10, 
146: 10, 13, 10, 0, 0, 0, 0, 15, 0, 10, 10, 2, 0, 10, 10, 0, 10, 0, 10, 10, 0, 10, 0, 0, 10, 0, 0, 0, 0, 10, 3, 0, 10, 0, 0, 0, 0, 10, 10, 10, 10, 10, 0, 10, 0, 10, 10, 0, 0, 0, 0, 0, 10, 0, 10, 0, 10, 10, 0, 10, 0, 10, 10, 10, 10, 0, 0, 0, 0, 0, 10, 0, 10, 10, 0, 0, 0, 0, 0, 0, : 10, 13, 10, 15, 10, 10, 2, 10, 10, 10, 10, 10, 10, 10, 10, 3, 10, 10, 10, 10, 10, 10, 10, 10, 10, 10, 10, 10, 10, 10, 10, 10, 10, 10, 10, 10, 10, 
420: 10, 10, 10, 0, 0, 10, 10, 0, 10, 10, 10, 0, 10, 0, 0, 10, 10, 0, 10, 0, 0, 0, 0, 3, 0, 0, 10, 10, 10, 0, 0, 0, 0, 10, 10, 0, 0, 10, 10, 0, 10, 0, 0, 10, 10, 0, 10, 0, 10, 10, 0, 0, 10, 10, 0, 10, 10, 0, 0, 0, 0, 10, 3, 10, 5, 0, 10, 0, 10, 0, 10, 10, 10, 0, 10, 10, 0, 0, 2, 10, : 10, 10, 10, 10, 10, 10, 10, 10, 10, 10, 10, 10, 3, 10, 10, 10, 10, 10, 10, 10, 10, 10, 10, 10, 10, 10, 10, 10, 10, 10, 10, 3, 10, 5, 10, 10, 10, 10, 10, 10, 10, 2, 10, 
431: 0, 5, 0, 10, 10, 10, 0, 10, 0, 10, 0, 0, 0, 0, 10, 10, 10, 10, 0, 10, 0, 0, 10, 10, 10, 0, 10, 10, 0, 0, 10, 10, 10, 0, 1, 3, 10, 10, 2, 10, 0, 0, 10, 0, 10, 10, 0, 10, 0, 0, 0, 10, 0, 10, 10, 10, 10, 0, 10, 10, 0, 10, 10, 0, 0, 0, 0, 0, 10, 5, 10, 10, 0, 0, 0, 0, 0, 12, 10, 20, : 5, 10, 10, 10, 10, 10, 10, 10, 10, 10, 10, 10, 10, 10, 10, 10, 10, 10, 10, 1, 3, 10, 10, 2, 10, 10, 10, 10, 10, 10, 10, 10, 10, 10, 10, 10, 10, 10, 10, 5, 10, 10, 12, 10, 20, 
503: 0, 10, 10, 0, 10, 0, 0, 0, 0, 10, 0, 10, 10, 0, 10, 0, 10, 10, 10, 10, 10, 0, 10, 10, 10, 0, 0, 0, 0, 10, 0, 10, 10, 10, 10, 10, 10, 10, 10, 0, 10, 1, 10, 10, 0, 0, 0, 10, 0, 10, 10, 0, 10, 10, 0, 0, 10, 0, 10, 10, 2, 10, 0, 0, 10, 10, 20, 0, 10, 10, 0, 0, 10, 10, 10, 0, 0, 0, 0, 3, : 10, 10, 10, 10, 10, 10, 10, 10, 10, 10, 10, 10, 10, 10, 10, 10, 10, 10, 10, 10, 10, 10, 10, 10, 10, 1, 10, 10, 10, 10, 10, 10, 10, 10, 10, 10, 2, 10, 10, 10, 20, 10, 10, 10, 10, 10, 3, 
650: 10, 10, 10, 10, 0, 0, 10, 0, 10, 10, 11, 10, 10, 0, 10, 0, 13, 0, 0, 10, 0, 10, 10, 10, 10, 0, 10, 0, 0, 10, 10, 3, 10, 0, 14, 0, 0, 10, 0, 10, 0, 0, 0, 2, 10, 10, 0, 0, 0, 0, 0, 0, 10, 0, 10, 0, 10, 10, 0, 0, 0, 0, 10, 10, 0, 20, 1, 10, 10, 10, 0, 0, 0, 10, 10, 1, 10, 10, 0, 10, : 10, 10, 10, 10, 10, 10, 10, 11, 10, 10, 10, 13, 10, 10, 10, 10, 10, 10, 10, 10, 3, 10, 14, 10, 10, 2, 10, 10, 10, 10, 10, 10, 10, 10, 20, 1, 10, 10, 10, 10, 10, 1, 10, 10, 10, 
674: 0, 10, 0, 10, 10, 10, 0, 1, 10, 0, 10, 0, 10, 0, 0, 20, 10, 10, 10, 0, 0, 10, 10, 0, 0, 10, 0, 0, 10, 10, 0, 10, 10, 0, 0, 10, 10, 10, 0, 0, 0, 10, 0, 10, 0, 10, 10, 0, 10, 0, 10, 10, 0, 0, 1, 10, 1, 0, 10, 10, 0, 10, 10, 10, 0, 1, 0, 0, 0, 10, 10, 10, 0, 1, 10, 10, 0, 10, 10, 10, : 10, 10, 10, 10, 1, 10, 10, 10, 20, 10, 10, 10, 10, 10, 10, 10, 10, 10, 10, 10, 10, 10, 10, 10, 10, 10, 10, 10, 10, 1, 10, 1, 10, 10, 10, 10, 10, 1, 10, 10, 10, 1, 10, 10, 10, 10, 10, 
210: 0, 10, 10, 10, 0, 0, 0, 10, 0, 10, 10, 0, 0, 10, 0, 1, 10, 0, 10, 10, 0, 0, 10, 0, 0, 0, 6, 10, 0, 0, 10, 0, 0, 14, 0, 10, 0, 10, 10, 10, 10, 0, 10, 0, 10, 10, 0, 10, 0, 0, 0, 0, 0, 0, 10, 10, 10, 0, 10, 10, 10, 10, 0, 0, 0, 10, 0, 10, 0, 10, 0, 10, 0, 0, 0, 0, 10, 0, 0, 0, : 10, 10, 10, 10, 10, 10, 10, 1, 10, 10, 10, 10, 6, 10, 10, 14, 10, 10, 10, 10, 10, 10, 10, 10, 10, 10, 10, 10, 10, 10, 10, 10, 10, 10, 10, 10, 10, 
713: 10, 10, 0, 10, 0, 0, 0, 10, 10, 0, 0, 0, 0, 10, 10, 10, 0, 0, 0, 0, 0, 10, 0, 0, 10, 10, 10, 10, 10, 0, 10, 10, 10, 0, 10, 0, 10, 0, 10, 10, 10, 10, 0, 0, 10, 0, 0, 10, 10, 0, 10, 10, 0, 0, 0, 1, 0, 0, 10, 10, 10, 0, 10, 0, 10, 0, 10, 10, 10, 10, 10, 0, 10, 0, 0, 0, 0, 0, 0, 0, : 10, 10, 10, 10, 10, 10, 10, 10, 10, 10, 10, 10, 10, 10, 10, 10, 10, 10, 10, 10, 10, 10, 10, 10, 10, 10, 10, 10, 1, 10, 10, 10, 10, 10, 10, 10, 10, 10, 10, 10, 
161: 2, 0, 0, 0, 10, 10, 10, 0, 10, 10, 0, 10, 0, 10, 0, 10, 10, 10, 10, 10, 0, 0, 10, 0, 0, 0, 0, 10, 0, 0, 0, 10, 10, 0, 10, 10, 0, 6, 0, 10, 10, 0, 0, 0, 10, 10, 0, 10, 10, 10, 10, 10, 10, 0, 10, 0, 0, 2, 10, 1, 0, 10, 0, 0, 10, 10, 0, 10, 0, 0, 10, 4, 10, 0, 0, 10, 0, 0, 10, 0, : 2, 10, 10, 10, 10, 10, 10, 10, 10, 10, 10, 10, 10, 10, 10, 10, 10, 10, 10, 6, 10, 10, 10, 10, 10, 10, 10, 10, 10, 10, 10, 2, 10, 1, 10, 10, 10, 10, 10, 4, 10, 10, 10, 


338: 10, 0, 10, 0, 10, 0, 10, 0, 0, 0, 0, 10, 10, 10, 10, 0, 10, 0, 10, 0, 0, 10, 10, 0, 10, 0, 10, 10, 10, 10, 10, 10, 0, 0, 0, 0, 0, 0, 0, 10, 0, 10, 0, 10, 0, 0, 10, 10, 0, 10, 10, 10, 10, 0, 0, 10, 0, 0, 0, 10, 0, 10, 10, 10, 0, 10, 10, 10, 0, 10, 0, 10, 0, 10, 10, 10, 0, 0, 10, 10, : 10, 10, 10, 10, 10, 10, 10, 10, 10, 10, 10, 10, 10, 10, 10, 10, 10, 10, 10, 10, 10, 10, 10, 10, 10, 10, 10, 10, 10, 10, 10, 10, 10, 10, 10, 10, 10, 10, 10, 10, 10, 10, 10, 
39: 0, 0, 10, 0, 10, 10, 10, 0, 10, 0, 0, 0, 10, 0, 10, 0, 10, 10, 10, 10, 10, 0, 10, 10, 0, 10, 0, 0, 10, 0, 10, 0, 10, 0, 10, 10, 19, 0, 10, 0, 10, 1, 10, 0, 10, 10, 0, 10, 0, 0, 0, 0, 0, 10, 0, 10, 10, 0, 10, 0, 10, 0, 0, 3, 10, 10, 10, 10, 0, 0, 10, 0, 10, 10, 0, 0, 10, 17, 10, 10, : 10, 10, 10, 10, 10, 10, 10, 10, 10, 10, 10, 10, 10, 10, 10, 10, 10, 10, 10, 10, 19, 10, 10, 1, 10, 10, 10, 10, 10, 10, 10, 10, 10, 3, 10, 10, 10, 10, 10, 10, 10, 10, 17, 10, 10, 
399: 10, 0, 10, 0, 0, 0, 0, 10, 0, 0, 10, 10, 0, 10, 0, 10, 0, 0, 10, 0, 0, 10, 0, 10, 10, 0, 10, 0, 10, 10, 10, 10, 16, 10, 0, 0, 0, 0, 10, 0, 0, 10, 10, 10, 10, 0, 10, 0, 0, 10, 0, 10, 10, 10, 10, 10, 0, 10, 10, 0, 0, 10, 0, 10, 10, 10, 10, 0, 0, 10, 0, 0, 0, 10, 10, 3, 0, 0, 10, 10, : 10, 10, 10, 10, 10, 10, 10, 10, 10, 10, 10, 10, 10, 10, 10, 10, 16, 10, 10, 10, 10, 10, 10, 10, 10, 10, 10, 10, 10, 10, 10, 10, 10, 10, 10, 10, 10, 10, 10, 10, 3, 10, 10, 
695: 0, 0, 0, 10, 0, 0, 10, 10, 0, 10, 10, 10, 0, 0, 0, 10, 10, 10, 2, 10, 10, 0, 0, 0, 0, 10, 0, 10, 0, 0, 10, 10, 10, 0, 0, 10, 10, 10, 0, 0, 10, 0, 10, 0, 0, 0, 10, 10, 0, 10, 0, 10, 0, 0, 0, 10, 10, 0, 10, 0, 0, 0, 1, 0, 0, 2, 0, 10, 10, 0, 0, 0, 10, 0, 17, 0, 0, 0, 0, 0, : 10, 10, 10, 10, 10, 10, 10, 10, 10, 2, 10, 10, 10, 10, 10, 10, 10, 10, 10, 10, 10, 10, 10, 10, 10, 10, 10, 10, 10, 1, 2, 10, 10, 10, 17, 
738: 0, 0, 10, 10, 10, 0, 0, 10, 0, 10, 0, 10, 10, 10, 0, 10, 0, 0, 10, 0, 0, 0, 10, 0, 0, 10, 0, 10, 0, 0, 0, 0, 10, 0, 0, 0, 0, 0, 0, 0, 10, 0, 1, 10, 0, 0, 10, 10, 0, 0, 10, 0, 10, 10, 0, 10, 10, 0, 0, 0, 10, 0, 0, 10, 17, 10, 10, 0, 0, 10, 10, 10, 0, 0, 0, 0, 10, 0, 0, 0, : 10, 10, 10, 10, 10, 10, 10, 10, 10, 10, 10, 10, 10, 10, 10, 1, 10, 10, 10, 10, 10, 10, 10, 10, 10, 10, 17, 10, 10, 10, 10, 10, 10, 
1: 0, 10, 10, 10, 10, 0, 10, 0, 0, 10, 10, 0, 0, 10, 0, 0, 0, 10, 10, 8, 10, 0, 10, 0, 10, 0, 0, 10, 0, 10, 10, 10, 0, 0, 10, 10, 10, 10, 0, 10, 0, 0, 0, 0, 10, 0, 0, 0, 10, 0, 0, 10, 10, 0, 0, 10, 10, 0, 0, 10, 0, 0, 10, 0, 0, 0, 0, 0, 0, 0, 0, 0, 10, 10, 10, 10, 0, 10, 10, 0, : 10, 10, 10, 10, 10, 10, 10, 10, 10, 10, 8, 10, 10, 10, 10, 10, 10, 10, 10, 10, 10, 10, 10, 10, 10, 10, 10, 10, 10, 10, 10, 10, 10, 10, 10, 10, 10, 
421: 10, 10, 10, 10, 10, 0, 0, 10, 10, 0, 0, 0, 0, 0, 10, 10, 10, 10, 0, 10, 10, 9, 0, 0, 0, 10, 10, 2, 10, 0, 10, 0, 0, 0, 10, 10, 0, 10, 10, 2, 10, 10, 10, 10, 0, 10, 0, 10, 0, 0, 0, 10, 0, 0, 10, 0, 0, 10, 0, 0, 10, 0, 10, 10, 10, 0, 10, 10, 0, 10, 10, 0, 0, 0, 10, 1, 0, 7, 10, 10, : 10, 10, 10, 10, 10, 10, 10, 10, 10, 10, 10, 10, 10, 9, 10, 10, 2, 10, 10, 10, 10, 10, 10, 2, 10, 10, 10, 10, 10, 10, 10, 10, 10, 10, 10, 10, 10, 10, 10, 10, 10, 10, 1, 7, 10, 10, 
365: 10, 0, 0, 0, 10, 0, 0, 1, 0, 10, 10, 10, 0, 0, 0, 10, 10, 10, 0, 0, 10, 0, 10, 0, 0, 0, 10, 0, 0, 10, 10, 10, 0, 0, 10, 0, 10, 10, 0, 10, 0, 0, 10, 0, 0, 10, 0, 10, 0, 0, 0, 10, 10, 0, 10, 0, 0, 0, 0, 0, 10, 10, 10, 10, 10, 0, 0, 10, 0, 10, 0, 0, 0, 10, 0, 10, 10, 10, 0, 10, : 10, 10, 1, 10, 10, 10, 10, 10, 10, 10, 10, 10, 10, 10, 10, 10, 10, 10, 10, 10, 10, 10, 10, 10, 10, 10, 10, 10, 10, 10, 10, 10, 10, 10, 10, 10, 10, 
732: 10, 1, 10, 0, 10, 10, 0, 10, 10, 10, 10, 10, 10, 10, 10, 10, 0, 0, 10, 0, 0, 0, 10, 10, 10, 0, 0, 0, 10, 0, 10, 10, 0, 0, 10, 10, 0, 0, 10, 0, 10, 10, 10, 10, 10, 10, 0, 0, 10, 0, 0, 10, 10, 0, 0, 10, 0, 0, 20, 0, 0, 3, 10, 0, 0, 0, 10, 0, 10, 10, 0, 10, 10, 0, 10, 10, 0, 1, 10, 16, : 10, 1, 10, 10, 10, 10, 10, 10, 10, 10, 10, 10, 10, 10, 10, 10, 10, 10, 10, 10, 10, 10, 10, 10, 10, 10, 10, 10, 10, 10, 10, 10, 10, 10, 20, 3, 10, 10, 10, 10, 10, 10, 10, 10, 1, 10, 16, 
290: 10, 0, 0, 10, 0, 8, 0, 0, 10, 0, 4, 0, 0, 10, 10, 10, 2, 10, 10, 0, 10, 10, 0, 10, 0, 10, 0, 7, 10, 5, 0, 10, 10, 10, 10, 10, 10, 10, 0, 10, 0, 10, 10, 0, 0, 10, 10, 0, 10, 1, 0, 10, 10, 10, 0, 0, 10, 0, 10, 0, 10, 0, 10, 0, 0, 1, 0, 0, 10, 10, 10, 0, 0, 0, 0, 10, 0, 10, 10, 0, : 10, 10, 8, 10, 4, 10, 10, 10, 2, 10, 10, 10, 10, 10, 10, 7, 10, 5, 10, 10, 10, 10, 10, 10, 10, 10, 10, 10, 10, 10, 10, 1, 10, 10, 10, 10, 10, 10, 10, 1, 10, 10, 10, 10, 10, 10, 
714: 0, 0, 10, 0, 0, 0, 5, 10, 10, 0, 10, 0, 0, 10, 0, 0, 10, 10, 0, 10, 0, 10, 10, 0, 0, 10, 0, 10, 1, 10, 0, 0, 10, 10, 10, 10, 0, 0, 0, 10, 10, 0, 0, 10, 0, 1, 0, 0, 0, 0, 0, 10, 10, 10, 10, 0, 10, 0, 0, 0, 10, 0, 0, 0, 0, 10, 0, 0, 10, 10, 0, 0, 10, 0, 0, 10, 0, 10, 0, 0, : 10, 5, 10, 10, 10, 10, 10, 10, 10, 10, 10, 10, 10, 1, 10, 10, 10, 10, 10, 10, 10, 10, 1, 10, 10, 10, 10, 10, 10, 10, 10, 10, 10, 10, 10, 
655: 0, 0, 0, 0, 10, 0, 0, 0, 10, 0, 10, 0, 0, 10, 10, 0, 10, 10, 0, 0, 10, 10, 0, 0, 0, 0, 0, 10, 10, 0, 0, 10, 10, 0, 0, 10, 10, 0, 0, 10, 0, 0, 10, 0, 10, 0, 10, 0, 0, 10, 10, 10, 0, 0, 0, 10, 0, 10, 0, 0, 0, 10, 0, 0, 10, 10, 10, 0, 10, 0, 0, 0, 0, 10, 10, 0, 10, 0, 0, 0, : 10, 10, 10, 10, 10, 10, 10, 10, 10, 10, 10, 10, 10, 10, 10, 10, 10, 10, 10, 10, 10, 10, 10, 10, 10, 10, 10, 10, 10, 10, 10, 10, 
64: 10, 10, 10, 10, 10, 0, 10, 10, 10, 10, 10, 0, 0, 0, 10, 11, 0, 0, 0, 0, 0, 0, 0, 10, 10, 0, 0, 0, 0, 0, 10, 10, 10, 10, 0, 10, 0, 10, 10, 0, 0, 10, 0, 10, 10, 0, 1, 0, 0, 10, 0, 1, 0, 10, 10, 0, 0, 10, 0, 10, 10, 10, 0, 10, 10, 0, 0, 1, 0, 0, 0, 0, 0, 0, 0, 0, 0, 0, 10, 10, : 10, 10, 10, 10, 10, 10, 10, 10, 10, 10, 10, 11, 10, 10, 10, 10, 10, 10, 10, 10, 10, 10, 10, 10, 1, 10, 1, 10, 10, 10, 10, 10, 10, 10, 10, 1, 10, 10, 
136: 10, 2, 4, 3, 0, 0, 10, 0, 2, 0, 0, 10, 0, 10, 10, 0, 10, 0, 10, 10, 0, 0, 10, 0, 0, 6, 10, 10, 0, 0, 10, 10, 0, 0, 0, 10, 10, 10, 10, 10, 10, 10, 0, 5, 10, 0, 10, 10, 0, 0, 0, 0, 10, 0, 10, 0, 10, 10, 10, 10, 1, 3, 10, 10, 0, 10, 10, 0, 10, 10, 10, 0, 10, 0, 10, 10, 10, 0, 0, 0, : 10, 2, 4, 3, 10, 2, 10, 10, 10, 10, 10, 10, 10, 6, 10, 10, 10, 10, 10, 10, 10, 10, 10, 10, 10, 5, 10, 10, 10, 10, 10, 10, 10, 10, 10, 1, 3, 10, 10, 10, 10, 10, 10, 10, 10, 10, 10, 10, 
752: 0, 10, 10, 0, 10, 1, 0, 0, 0, 10, 10, 10, 0, 0, 10, 10, 10, 0, 10, 10, 10, 10, 0, 0, 10, 10, 0, 10, 0, 0, 1, 10, 10, 0, 0, 1, 0, 10, 0, 10, 0, 0, 0, 0, 10, 10, 10, 0, 0, 0, 0, 10, 10, 0, 10, 0, 10, 10, 10, 0, 10, 0, 0, 0, 0, 10, 10, 0, 10, 10, 1, 0, 0, 10, 10, 0, 0, 0, 0, 0, : 10, 10, 10, 1, 10, 10, 10, 10, 10, 10, 10, 10, 10, 10, 10, 10, 10, 1, 10, 10, 1, 10, 10, 10, 10, 10, 10, 10, 10, 10, 10, 10, 10, 10, 10, 10, 10, 1, 10, 10, 
52: 0, 10, 0, 10, 10, 0, 10, 10, 0, 10, 10, 10, 10, 10, 10, 0, 10, 10, 0, 0, 10, 10, 0, 10, 10, 10, 10, 0, 10, 0, 0, 3, 0, 0, 10, 0, 10, 0, 10, 10, 10, 0, 0, 0, 0, 10, 0, 0, 0, 10, 0, 10, 0, 0, 10, 10, 0, 0, 10, 0, 10, 0, 0, 0, 0, 0, 0, 0, 0, 0, 10, 0, 0, 10, 0, 10, 0, 0, 0, 0, : 10, 10, 10, 10, 10, 10, 10, 10, 10, 10, 10, 10, 10, 10, 10, 10, 10, 10, 10, 10, 3, 10, 10, 10, 10, 10, 10, 10, 10, 10, 10, 10, 10, 10, 10, 10, 
416: 10, 10, 0, 0, 0, 10, 10, 10, 10, 2, 0, 10, 10, 0, 10, 0, 10, 0, 10, 0, 0, 10, 10, 10, 0, 0, 10, 10, 0, 10, 0, 10, 0, 10, 0, 0, 10, 0, 0, 0, 0, 0, 0, 10, 0, 10, 0, 10, 10, 10, 0, 0, 10, 0, 0, 10, 0, 5, 0, 10, 0, 10, 10, 0, 0, 0, 0, 10, 0, 10, 10, 0, 10, 10, 0, 10, 10, 10, 10, 0, : 10, 10, 10, 10, 10, 10, 2, 10, 10, 10, 10, 10, 10, 10, 10, 10, 10, 10, 10, 10, 10, 10, 10, 10, 10, 10, 10, 10, 5, 10, 10, 10, 10, 10, 10, 10, 10, 10, 10, 10, 10, 
397: 10, 10, 0, 0, 0, 10, 10, 10, 10, 10, 10, 10, 10, 0, 10, 0, 0, 0, 0, 10, 0, 0, 0, 10, 7, 10, 10, 0, 10, 10, 10, 0, 0, 10, 0, 0, 10, 0, 10, 10, 1, 0, 10, 0, 0, 10, 10, 0, 10, 10, 10, 10, 0, 10, 10, 0, 10, 8, 10, 10, 10, 0, 10, 0, 0, 0, 0, 10, 0, 10, 10, 10, 10, 10, 0, 0, 0, 10, 10, 0, : 10, 10, 10, 10, 10, 10, 10, 10, 10, 10, 10, 10, 10, 7, 10, 10, 10, 10, 10, 10, 10, 10, 10, 1, 10, 10, 10, 10, 10, 10, 10, 10, 10, 10, 8, 10, 10, 10, 10, 10, 10, 10, 10, 10, 10, 10, 10, 
611: 0, 10, 10, 0, 0, 10, 10, 0, 10, 10, 0, 0, 10, 10, 10, 0, 10, 10, 10, 0, 0, 10, 0, 0, 0, 10, 10, 0, 10, 0, 10, 0, 0, 0, 0, 0, 0, 10, 10, 10, 0, 10, 10, 0, 0, 10, 10, 10, 10, 0, 0, 0, 2, 10, 10, 10, 0, 0, 0, 0, 0, 10, 0, 0, 10, 10, 0, 0, 10, 0, 0, 10, 10, 10, 0, 0, 10, 0, 10, 10, : 10, 10, 10, 10, 10, 10, 10, 10, 10, 10, 10, 10, 10, 10, 10, 10, 10, 10, 10, 10, 10, 10, 10, 10, 10, 10, 2, 10, 10, 10, 10, 10, 10, 10, 10, 10, 10, 10, 10, 10, 
278: 10, 0, 0, 10, 10, 10, 0, 0, 0, 0, 0, 0, 10, 10, 10, 0, 10, 0, 0, 10, 10, 10, 10, 0, 10, 10, 0, 0, 0, 0, 0, 0, 10, 10, 0, 10, 1, 10, 10, 10, 0, 0, 10, 0, 0, 10, 10, 0, 0, 10, 0, 0, 10, 10, 0, 10, 0, 0, 10, 10, 13, 10, 10, 10, 0, 10, 0, 10, 10, 0, 10, 0, 0, 0, 1, 0, 10, 10, 0, 0, : 10, 10, 10, 10, 10, 10, 10, 10, 10, 10, 10, 10, 10, 10, 10, 10, 10, 1, 10, 10, 10, 10, 10, 10, 10, 10, 10, 10, 10, 10, 13, 10, 10, 10, 10, 10, 10, 10, 1, 10, 10, 
157: 0, 10, 0, 0, 13, 10, 10, 10, 0, 10, 10, 0, 10, 0, 0, 10, 10, 0, 10, 0, 10, 0, 18, 0, 0, 0, 10, 10, 1, 0, 0, 10, 0, 10, 10, 0, 0, 10, 0, 0, 0, 0, 0, 10, 0, 0, 0, 10, 10, 10, 10, 0, 0, 0, 10, 0, 0, 10, 0, 0, 0, 10, 10, 10, 10, 10, 10, 0, 10, 10, 0, 10, 10, 10, 10, 0, 0, 10, 0, 10, : 10, 13, 10, 10, 10, 10, 10, 10, 10, 10, 10, 10, 18, 10, 10, 1, 10, 10, 10, 10, 10, 10, 10, 10, 10, 10, 10, 10, 10, 10, 10, 10, 10, 10, 10, 10, 10, 10, 10, 10, 10, 
435: 10, 10, 1, 0, 0, 0, 10, 0, 10, 10, 10, 0, 10, 0, 10, 0, 0, 10, 10, 0, 0, 10, 0, 0, 10, 0, 0, 10, 0, 0, 10, 0, 0, 0, 10, 0, 0, 0, 10, 0, 10, 0, 0, 10, 10, 10, 0, 0, 10, 10, 0, 10, 0, 10, 0, 8, 0, 10, 10, 10, 10, 10, 10, 0, 0, 0, 10, 0, 0, 0, 0, 0, 10, 10, 10, 10, 10, 10, 10, 10, : 10, 10, 1, 10, 10, 10, 10, 10, 10, 10, 10, 10, 10, 10, 10, 10, 10, 10, 10, 10, 10, 10, 10, 10, 10, 8, 10, 10, 10, 10, 10, 10, 10, 10, 10, 10, 10, 10, 10, 10, 10, 
442: 10, 10, 0, 10, 10, 0, 0, 10, 10, 1, 0, 0, 10, 0, 2, 10, 0, 10, 10, 0, 10, 10, 10, 0, 0, 0, 10, 10, 0, 0, 10, 0, 0, 0, 10, 0, 8, 0, 0, 1, 0, 0, 10, 0, 10, 0, 0, 10, 10, 10, 12, 10, 0, 0, 0, 10, 10, 10, 0, 10, 0, 0, 0, 10, 10, 10, 0, 0, 0, 10, 0, 10, 0, 10, 0, 10, 10, 10, 0, 0, : 10, 10, 10, 10, 10, 10, 1, 10, 2, 10, 10, 10, 10, 10, 10, 10, 10, 10, 10, 8, 1, 10, 10, 10, 10, 10, 12, 10, 10, 10, 10, 10, 10, 10, 10, 10, 10, 10, 10, 10, 10, 
550: 10, 0, 0, 10, 0, 0, 10, 0, 10, 10, 10, 10, 10, 0, 10, 10, 10, 10, 10, 0, 10, 0, 10, 0, 0, 10, 10, 0, 5, 10, 0, 10, 0, 0, 0, 10, 0, 0, 10, 0, 0, 10, 1, 10, 10, 0, 10, 0, 10, 10, 10, 0, 0, 20, 0, 10, 10, 10, 10, 10, 10, 0, 10, 0, 10, 10, 0, 10, 10, 0, 10, 0, 0, 10, 0, 10, 0, 10, 0, 10, : 10, 10, 10, 10, 10, 10, 10, 10, 10, 10, 10, 10, 10, 10, 10, 10, 10, 5, 10, 10, 10, 10, 10, 1, 10, 10, 10, 10, 10, 10, 20, 10, 10, 10, 10, 10, 10, 10, 10, 10, 10, 10, 10, 10, 10, 10, 10, 
354: 0, 0, 10, 0, 0, 10, 0, 10, 10, 0, 10, 10, 0, 10, 10, 0, 10, 10, 0, 10, 10, 10, 10, 10, 3, 10, 10, 0, 0, 0, 10, 10, 10, 10, 0, 0, 10, 0, 0, 0, 0, 10, 10, 10, 10, 0, 10, 0, 0, 0, 10, 10, 0, 10, 0, 0, 10, 0, 10, 10, 0, 10, 0, 0, 10, 0, 10, 0, 10, 0, 0, 0, 10, 0, 10, 0, 10, 10, 10, 10, : 10, 10, 10, 10, 10, 10, 10, 10, 10, 10, 10, 10, 10, 10, 10, 3, 10, 10, 10, 10, 10, 10, 10, 10, 10, 10, 10, 10, 10, 10, 10, 10, 10, 10, 10, 10, 10, 10, 10, 10, 10, 10, 10, 10, 
233: 10, 0, 0, 0, 0, 0, 10, 10, 10, 0, 19, 0, 0, 10, 0, 10, 10, 10, 10, 0, 10, 10, 0, 0, 0, 0, 0, 10, 10, 10, 0, 10, 10, 0, 10, 10, 0, 10, 0, 0, 0, 10, 0, 10, 0, 10, 10, 0, 10, 0, 10, 10, 10, 0, 0, 0, 0, 10, 0, 0, 10, 0, 10, 10, 10, 10, 10, 10, 0, 10, 10, 0, 0, 1, 0, 10, 0, 10, 0, 0, : 10, 10, 10, 10, 19, 10, 10, 10, 10, 10, 10, 10, 10, 10, 10, 10, 10, 10, 10, 10, 10, 10, 10, 10, 10, 10, 10, 10, 10, 10, 10, 10, 10, 10, 10, 10, 10, 10, 1, 10, 10, 
606: 0, 10, 10, 10, 0, 0, 0, 0, 0, 10, 0, 10, 0, 0, 0, 10, 0, 10, 0, 13, 0, 10, 0, 0, 10, 0, 0, 0, 0, 10, 0, 0, 10, 0, 10, 10, 10, 10, 0, 0, 0, 0, 7, 10, 0, 10, 0, 0, 0, 10, 14, 0, 0, 0, 10, 10, 10, 10, 0, 10, 10, 10, 0, 10, 0, 10, 10, 10, 0, 0, 10, 10, 0, 0, 10, 0, 0, 0, 0, 0, : 10, 10, 10, 10, 10, 10, 10, 13, 10, 10, 10, 10, 10, 10, 10, 10, 7, 10, 10, 10, 14, 10, 10, 10, 10, 10, 10, 10, 10, 10, 10, 10, 10, 10, 10, 
575: 10, 0, 10, 10, 10, 10, 10, 0, 10, 1, 0, 0, 10, 10, 0, 10, 10, 10, 0, 0, 10, 0, 3, 10, 10, 0, 10, 10, 10, 0, 10, 0, 0, 0, 0, 0, 10, 10, 10, 0, 0, 20, 0, 1, 10, 10, 10, 0, 10, 0, 0, 0, 0, 10, 10, 10, 0, 10, 0, 10, 10, 0, 0, 0, 0, 10, 0, 10, 1, 0, 10, 0, 0, 0, 0, 0, 10, 0, 0, 10, : 10, 10, 10, 10, 10, 10, 10, 1, 10, 10, 10, 10, 10, 10, 3, 10, 10, 10, 10, 10, 10, 10, 10, 10, 20, 1, 10, 10, 10, 10, 10, 10, 10, 10, 10, 10, 10, 10, 1, 10, 10, 10, 
260: 0, 10, 0, 0, 0, 0, 10, 0, 10, 10, 10, 0, 0, 10, 0, 0, 0, 10, 0, 0, 0, 15, 0, 0, 0, 10, 10, 0, 10, 10, 0, 0, 0, 0, 0, 0, 0, 1, 10, 10, 0, 0, 10, 10, 10, 0, 10, 10, 0, 10, 0, 0, 10, 0, 10, 0, 10, 0, 0, 10, 0, 0, 10, 7, 0, 0, 0, 0, 10, 0, 10, 10, 10, 3, 0, 0, 0, 0, 0, 0, : 10, 10, 10, 10, 10, 10, 10, 15, 10, 10, 10, 10, 1, 10, 10, 10, 10, 10, 10, 10, 10, 10, 10, 10, 10, 10, 7, 10, 10, 10, 10, 3, 
546: 10, 0, 0, 10, 8, 10, 0, 10, 10, 0, 0, 0, 0, 10, 0, 0, 0, 0, 10, 10, 0, 10, 10, 10, 0, 0, 10, 0, 10, 13, 0, 0, 0, 10, 10, 5, 0, 10, 0, 10, 10, 0, 0, 10, 1, 0, 0, 0, 0, 0, 0, 10, 10, 10, 0, 10, 0, 10, 0, 4, 2, 0, 10, 0, 10, 0, 10, 0, 10, 0, 10, 10, 3, 10, 10, 10, 0, 10, 9, 0, : 10, 10, 8, 10, 10, 10, 10, 10, 10, 10, 10, 10, 10, 10, 13, 10, 10, 5, 10, 10, 10, 10, 1, 10, 10, 10, 10, 10, 4, 2, 10, 10, 10, 10, 10, 10, 3, 10, 10, 10, 10, 9, 
174: 10, 10, 10, 0, 10, 10, 10, 0, 0, 0, 0, 0, 0, 0, 0, 10, 0, 10, 1, 0, 10, 0, 10, 0, 0, 0, 0, 0, 0, 10, 10, 0, 10, 1, 10, 0, 0, 10, 10, 0, 0, 16, 0, 0, 0, 10, 0, 10, 0, 2, 0, 0, 10, 10, 0, 10, 0, 0, 0, 10, 10, 0, 10, 0, 0, 0, 10, 10, 0, 18, 10, 5, 10, 0, 10, 10, 10, 10, 8, 0, : 10, 10, 10, 10, 10, 10, 10, 10, 1, 10, 10, 10, 10, 10, 1, 10, 10, 10, 16, 10, 10, 2, 10, 10, 10, 10, 10, 10, 10, 10, 18, 10, 5, 10, 10, 10, 10, 10, 8, 
118: 10, 10, 10, 10, 10, 0, 0, 10, 6, 10, 0, 0, 11, 0, 0, 0, 0, 10, 0, 1, 10, 0, 0, 10, 0, 10, 0, 10, 0, 0, 0, 0, 10, 10, 0, 0, 0, 0, 10, 0, 0, 7, 10, 0, 10, 10, 10, 0, 10, 10, 0, 10, 10, 0, 0, 0, 10, 10, 10, 0, 0, 10, 5, 0, 0, 10, 10, 0, 0, 0, 10, 10, 10, 0, 0, 0, 10, 10, 10, 0, : 10, 10, 10, 10, 10, 10, 6, 10, 11, 10, 1, 10, 10, 10, 10, 10, 10, 10, 7, 10, 10, 10, 10, 10, 10, 10, 10, 10, 10, 10, 10, 5, 10, 10, 10, 10, 10, 10, 10, 10, 
554: 0, 0, 10, 10, 10, 0, 0, 0, 10, 10, 0, 10, 16, 10, 10, 10, 10, 0, 0, 0, 10, 0, 10, 0, 10, 0, 0, 2, 10, 0, 10, 10, 10, 0, 0, 10, 10, 0, 17, 10, 0, 0, 0, 10, 10, 10, 0, 0, 13, 0, 0, 10, 0, 0, 10, 0, 0, 10, 0, 0, 0, 10, 0, 0, 10, 20, 10, 0, 10, 0, 10, 10, 0, 10, 0, 10, 10, 12, 0, 0, : 10, 10, 10, 10, 10, 10, 16, 10, 10, 10, 10, 10, 10, 10, 2, 10, 10, 10, 10, 10, 10, 17, 10, 10, 10, 10, 13, 10, 10, 10, 10, 10, 20, 10, 10, 10, 10, 10, 10, 10, 12, 
282: 0, 10, 10, 10, 0, 10, 10, 0, 0, 0, 0, 10, 0, 10, 10, 10, 10, 10, 10, 0, 0, 0, 0, 0, 0, 0, 0, 10, 10, 9, 10, 0, 0, 10, 0, 1, 10, 0, 0, 0, 0, 10, 0, 0, 10, 10, 0, 0, 10, 0, 10, 10, 10, 0, 10, 10, 10, 0, 0, 10, 0, 0, 0, 0, 0, 10, 0, 0, 10, 10, 0, 0, 10, 10, 0, 10, 10, 0, 10, 10, : 10, 10, 10, 10, 10, 10, 10, 10, 10, 10, 10, 10, 10, 10, 9, 10, 10, 1, 10, 10, 10, 10, 10, 10, 10, 10, 10, 10, 10, 10, 10, 10, 10, 10, 10, 10, 10, 10, 10, 
558: 10, 10, 10, 10, 13, 0, 10, 10, 2, 0, 10, 10, 0, 10, 0, 10, 0, 10, 0, 10, 0, 0, 10, 0, 0, 10, 10, 0, 0, 10, 0, 10, 0, 10, 10, 10, 0, 10, 10, 10, 10, 0, 0, 0, 0, 0, 10, 0, 0, 0, 10, 10, 0, 0, 0, 0, 13, 0, 0, 10, 10, 10, 10, 10, 10, 10, 0, 0, 10, 10, 0, 0, 10, 0, 10, 0, 0, 10, 0, 10, : 10, 10, 10, 10, 13, 10, 10, 2, 10, 10, 10, 10, 10, 10, 10, 10, 10, 10, 10, 10, 10, 10, 10, 10, 10, 10, 10, 10, 10, 13, 10, 10, 10, 10, 10, 10, 10, 10, 10, 10, 10, 10, 10, 
296: 10, 10, 0, 10, 10, 10, 15, 0, 3, 0, 0, 10, 10, 0, 10, 0, 10, 0, 0, 10, 10, 0, 10, 10, 0, 10, 10, 10, 0, 10, 0, 10, 10, 0, 10, 10, 10, 10, 10, 0, 10, 10, 10, 10, 10, 0, 10, 0, 10, 0, 0, 10, 10, 10, 0, 0, 10, 10, 0, 0, 0, 10, 0, 0, 0, 10, 0, 10, 0, 10, 0, 0, 10, 10, 0, 0, 0, 0, 10, 10, : 10, 10, 10, 10, 10, 15, 3, 10, 10, 10, 10, 10, 10, 10, 10, 10, 10, 10, 10, 10, 10, 10, 10, 10, 10, 10, 10, 10, 10, 10, 10, 10, 10, 10, 10, 10, 10, 10, 10, 10, 10, 10, 10, 10, 10, 10, 
520: 10, 10, 0, 0, 0, 0, 10, 0, 10, 10, 10, 0, 10, 0, 0, 10, 0, 10, 10, 10, 10, 10, 10, 10, 10, 10, 0, 0, 0, 10, 0, 0, 0, 0, 0, 2, 0, 10, 10, 10, 0, 0, 10, 0, 10, 0, 10, 10, 10, 10, 0, 10, 0, 12, 0, 0, 10, 0, 10, 0, 10, 10, 0, 10, 0, 10, 0, 0, 10, 10, 10, 0, 0, 10, 10, 10, 0, 10, 0, 10, : 10, 10, 10, 10, 10, 10, 10, 10, 10, 10, 10, 10, 10, 10, 10, 10, 10, 10, 2, 10, 10, 10, 10, 10, 10, 10, 10, 10, 10, 12, 10, 10, 10, 10, 10, 10, 10, 10, 10, 10, 10, 10, 10, 10, 
476: 0, 10, 10, 10, 0, 0, 0, 10, 0, 0, 0, 10, 0, 0, 0, 10, 0, 10, 10, 10, 0, 10, 1, 10, 0, 10, 0, 10, 13, 10, 10, 10, 10, 0, 10, 0, 0, 0, 10, 10, 10, 10, 0, 0, 0, 0, 0, 10, 0, 10, 0, 0, 10, 10, 10, 16, 10, 10, 10, 10, 0, 10, 0, 10, 10, 0, 3, 10, 0, 0, 0, 10, 0, 10, 0, 10, 0, 10, 8, 10, : 10, 10, 10, 10, 10, 10, 10, 10, 10, 10, 1, 10, 10, 10, 13, 10, 10, 10, 10, 10, 10, 10, 10, 10, 10, 10, 10, 10, 10, 16, 10, 10, 10, 10, 10, 10, 10, 3, 10, 10, 10, 10, 10, 8, 10, 
25: 10, 0, 10, 0, 10, 10, 10, 10, 0, 10, 0, 10, 0, 0, 10, 10, 0, 10, 0, 0, 10, 0, 0, 10, 10, 0, 10, 0, 0, 0, 10, 1, 0, 10, 10, 10, 10, 0, 10, 10, 10, 0, 10, 10, 10, 0, 10, 10, 10, 10, 10, 10, 0, 0, 0, 1, 0, 0, 0, 0, 10, 2, 0, 10, 0, 0, 0, 10, 10, 10, 10, 10, 10, 10, 0, 10, 10, 10, 0, 10, : 10, 10, 10, 10, 10, 10, 10, 10, 10, 10, 10, 10, 10, 10, 10, 10, 1, 10, 10, 10, 10, 10, 10, 10, 10, 10, 10, 10, 10, 10, 10, 10, 10, 1, 10, 2, 10, 10, 10, 10, 10, 10, 10, 10, 10, 10, 10, 10, 
624: 10, 0, 10, 10, 0, 0, 0, 0, 0, 0, 0, 0, 10, 10, 0, 10, 0, 0, 10, 0, 10, 10, 10, 0, 10, 10, 10, 0, 10, 10, 10, 10, 10, 10, 0, 10, 0, 0, 0, 0, 10, 0, 0, 10, 0, 10, 0, 0, 0, 10, 0, 10, 0, 10, 1, 0, 10, 0, 1, 0, 0, 0, 10, 10, 10, 10, 10, 0, 10, 10, 10, 10, 10, 0, 0, 0, 10, 10, 10, 10, : 10, 10, 10, 10, 10, 10, 10, 10, 10, 10, 10, 10, 10, 10, 10, 10, 10, 10, 10, 10, 10, 10, 10, 10, 10, 10, 1, 10, 1, 10, 10, 10, 10, 10, 10, 10, 10, 10, 10, 10, 10, 10, 10, 
578: 0, 10, 0, 0, 0, 10, 0, 10, 10, 0, 10, 0, 10, 0, 10, 10, 10, 10, 0, 10, 0, 10, 0, 0, 0, 0, 0, 10, 10, 10, 0, 0, 10, 0, 0, 0, 10, 0, 10, 0, 10, 10, 10, 0, 10, 7, 0, 0, 10, 10, 10, 0, 0, 0, 0, 0, 10, 12, 10, 0, 0, 10, 0, 10, 10, 10, 10, 0, 10, 0, 0, 10, 10, 0, 0, 10, 10, 0, 0, 0, : 10, 10, 10, 10, 10, 10, 10, 10, 10, 10, 10, 10, 10, 10, 10, 10, 10, 10, 10, 10, 10, 10, 7, 10, 10, 10, 10, 12, 10, 10, 10, 10, 10, 10, 10, 10, 10, 10, 10, 
707: 0, 10, 10, 10, 10, 10, 5, 10, 10, 10, 0, 10, 10, 10, 10, 10, 10, 0, 10, 10, 0, 10, 0, 10, 0, 0, 10, 0, 2, 10, 0, 0, 10, 10, 0, 0, 10, 10, 10, 0, 0, 10, 10, 10, 10, 0, 0, 10, 10, 0, 10, 0, 0, 10, 0, 0, 10, 10, 10, 0, 0, 0, 0, 0, 0, 10, 0, 10, 0, 10, 10, 10, 0, 10, 10, 0, 15, 0, 10, 10, : 10, 10, 10, 10, 10, 5, 10, 10, 10, 10, 10, 10, 10, 10, 10, 10, 10, 10, 10, 10, 2, 10, 10, 10, 10, 10, 10, 10, 10, 10, 10, 10, 10, 10, 10, 10, 10, 10, 10, 10, 10, 10, 10, 10, 10, 15, 10, 10, 
193: 10, 0, 10, 0, 10, 10, 10, 0, 10, 10, 0, 10, 10, 10, 0, 10, 0, 0, 10, 0, 0, 0, 10, 0, 10, 10, 10, 0, 10, 0, 10, 10, 0, 10, 0, 0, 4, 10, 0, 0, 10, 0, 10, 0, 4, 10, 10, 10, 0, 0, 0, 0, 8, 5, 10, 10, 0, 5, 0, 10, 10, 0, 10, 0, 0, 0, 0, 0, 10, 0, 0, 0, 10, 0, 0, 0, 10, 10, 10, 10, : 10, 10, 10, 10, 10, 10, 10, 10, 10, 10, 10, 10, 10, 10, 10, 10, 10, 10, 10, 10, 4, 10, 10, 10, 4, 10, 10, 10, 8, 5, 10, 10, 5, 10, 10, 10, 10, 10, 10, 10, 10, 10, 
787: 0, 0, 0, 0, 0, 10, 10, 10, 0, 10, 0, 0, 7, 10, 10, 0, 10, 0, 0, 10, 0, 0, 0, 10, 0, 10, 0, 10, 10, 0, 0, 10, 10, 10, 0, 0, 0, 0, 2, 10, 10, 10, 0, 0, 1, 0, 0, 10, 10, 0, 0, 10, 10, 10, 0, 10, 0, 0, 10, 0, 0, 0, 10, 10, 10, 1, 5, 0, 10, 0, 16, 10, 10, 0, 0, 0, 10, 10, 10, 0, : 10, 10, 10, 10, 7, 10, 10, 10, 10, 10, 10, 10, 10, 10, 10, 10, 2, 10, 10, 10, 1, 10, 10, 10, 10, 10, 10, 10, 10, 10, 10, 1, 5, 10, 16, 10, 10, 10, 10, 10, 
434: 10, 10, 10, 0, 10, 0, 0, 10, 0, 0, 0, 0, 0, 10, 10, 0, 0, 4, 10, 10, 10, 10, 10, 10, 0, 10, 0, 10, 0, 0, 10, 10, 10, 10, 10, 0, 0, 10, 0, 10, 10, 10, 10, 0, 10, 10, 10, 10, 10, 0, 10, 0, 0, 10, 0, 0, 1, 0, 10, 10, 10, 10, 0, 10, 10, 1, 0, 10, 10, 10, 0, 10, 10, 0, 10, 10, 10, 0, 0, 0, : 10, 10, 10, 10, 10, 10, 10, 4, 10, 10, 10, 10, 10, 10, 10, 10, 10, 10, 10, 10, 10, 10, 10, 10, 10, 10, 10, 10, 10, 10, 10, 10, 10, 1, 10, 10, 10, 10, 10, 10, 1, 10, 10, 10, 10, 10, 10, 10, 10, 
17: 10, 0, 0, 10, 0, 0, 0, 10, 10, 10, 0, 10, 0, 10, 10, 0, 10, 0, 10, 0, 0, 0, 0, 10, 0, 0, 0, 10, 10, 10, 0, 10, 0, 20, 10, 0, 0, 10, 10, 0, 10, 10, 10, 10, 10, 0, 10, 0, 10, 10, 10, 14, 10, 10, 10, 0, 0, 19, 10, 10, 10, 10, 10, 10, 0, 0, 10, 10, 10, 10, 0, 0, 10, 0, 10, 0, 3, 0, 10, 0, : 10, 10, 10, 10, 10, 10, 10, 10, 10, 10, 10, 10, 10, 10, 10, 20, 10, 10, 10, 10, 10, 10, 10, 10, 10, 10, 10, 10, 14, 10, 10, 10, 19, 10, 10, 10, 10, 10, 10, 10, 10, 10, 10, 10, 10, 3, 10, 
687: 0, 0, 10, 0, 0, 10, 0, 0, 0, 0, 2, 10, 0, 10, 10, 0, 0, 0, 10, 0, 7, 10, 10, 10, 10, 0, 0, 0, 10, 10, 0, 0, 0, 10, 10, 10, 0, 10, 0, 10, 10, 0, 11, 10, 0, 0, 10, 0, 0, 0, 0, 10, 0, 0, 3, 0, 10, 0, 0, 0, 10, 10, 0, 10, 10, 0, 10, 10, 10, 10, 7, 10, 10, 10, 10, 0, 10, 10, 0, 10, : 10, 10, 2, 10, 10, 10, 10, 7, 10, 10, 10, 10, 10, 10, 10, 10, 10, 10, 10, 10, 11, 10, 10, 10, 3, 10, 10, 10, 10, 10, 10, 10, 10, 10, 7, 10, 10, 10, 10, 10, 10, 10, 
10: 0, 0, 0, 10, 10, 10, 0, 10, 10, 0, 10, 0, 10, 0, 10, 10, 10, 10, 10, 10, 10, 10, 0, 0, 0, 0, 10, 10, 0, 0, 10, 0, 5, 10, 10, 0, 0, 10, 0, 10, 10, 0, 0, 10, 0, 10, 0, 10, 0, 11, 10, 0, 10, 0, 0, 10, 0, 10, 10, 10, 0, 10, 0, 10, 10, 0, 0, 0, 10, 0, 10, 10, 2, 0, 0, 10, 0, 0, 10, 10, : 10, 10, 10, 10, 10, 10, 10, 10, 10, 10, 10, 10, 10, 10, 10, 10, 10, 10, 5, 10, 10, 10, 10, 10, 10, 10, 10, 11, 10, 10, 10, 10, 10, 10, 10, 10, 10, 10, 10, 10, 2, 10, 10, 10, 
138: 0, 0, 10, 10, 0, 10, 10, 10, 0, 10, 10, 0, 10, 0, 10, 0, 10, 0, 0, 10, 8, 10, 10, 4, 10, 0, 18, 0, 10, 0, 0, 10, 9, 0, 10, 0, 0, 0, 0, 0, 0, 1, 10, 0, 0, 0, 0, 10, 10, 10, 10, 0, 0, 10, 10, 10, 0, 0, 4, 10, 10, 0, 4, 0, 10, 10, 10, 10, 0, 10, 10, 0, 0, 0, 0, 10, 0, 0, 10, 0, : 10, 10, 10, 10, 10, 10, 10, 10, 10, 10, 10, 8, 10, 10, 4, 10, 18, 10, 10, 9, 10, 1, 10, 10, 10, 10, 10, 10, 10, 10, 4, 10, 10, 4, 10, 10, 10, 10, 10, 10, 10, 10, 
596: 10, 10, 0, 0, 0, 10, 0, 10, 10, 10, 20, 0, 0, 0, 10, 10, 10, 0, 10, 10, 0, 0, 10, 10, 10, 10, 10, 10, 0, 10, 0, 0, 0, 10, 10, 10, 10, 0, 0, 11, 10, 0, 10, 10, 10, 10, 10, 0, 9, 10, 10, 0, 0, 10, 10, 10, 0, 0, 0, 0, 0, 0, 0, 10, 0, 0, 0, 0, 0, 0, 10, 10, 0, 0, 0, 0, 10, 0, 0, 0, : 10, 10, 10, 10, 10, 10, 20, 10, 10, 10, 10, 10, 10, 10, 10, 10, 10, 10, 10, 10, 10, 10, 10, 11, 10, 10, 10, 10, 10, 10, 9, 10, 10, 10, 10, 10, 10, 10, 10, 10, 
769: 10, 0, 0, 0, 10, 10, 0, 10, 0, 10, 0, 10, 0, 0, 0, 10, 10, 0, 10, 10, 0, 10, 0, 10, 0, 0, 0, 10, 3, 10, 0, 0, 10, 0, 10, 10, 10, 10, 10, 0, 10, 10, 10, 10, 0, 0, 0, 0, 0, 0, 0, 0, 0, 0, 10, 0, 0, 10, 0, 0, 0, 0, 10, 0, 20, 10, 10, 10, 10, 0, 0, 10, 0, 0, 10, 0, 10, 10, 10, 0, : 10, 10, 10, 10, 10, 10, 10, 10, 10, 10, 10, 10, 10, 3, 10, 10, 10, 10, 10, 10, 10, 10, 10, 10, 10, 10, 10, 10, 20, 10, 10, 10, 10, 10, 10, 10, 10, 10, 
76: 0, 0, 10, 0, 10, 10, 0, 10, 10, 0, 0, 0, 0, 10, 0, 10, 0, 10, 10, 10, 0, 0, 0, 0, 0, 0, 10, 10, 0, 18, 0, 0, 0, 0, 0, 10, 1, 0, 10, 10, 10, 10, 10, 10, 10, 0, 0, 0, 1, 0, 10, 10, 10, 8, 0, 10, 10, 0, 10, 0, 0, 0, 15, 0, 0, 10, 0, 0, 0, 0, 10, 10, 10, 10, 10, 0, 0, 0, 0, 10, : 10, 10, 10, 10, 10, 10, 10, 10, 10, 10, 10, 10, 18, 10, 1, 10, 10, 10, 10, 10, 10, 10, 1, 10, 10, 10, 8, 10, 10, 10, 15, 10, 10, 10, 10, 10, 10, 10, 
626: 0, 0, 0, 10, 0, 10, 10, 10, 0, 10, 10, 10, 10, 0, 0, 0, 0, 0, 0, 0, 10, 10, 10, 0, 0, 0, 10, 0, 0, 0, 0, 10, 10, 0, 0, 0, 10, 0, 10, 0, 0, 10, 0, 10, 1, 0, 14, 0, 10, 0, 10, 0, 0, 10, 0, 0, 0, 0, 0, 10, 0, 15, 10, 0, 10, 5, 10, 10, 0, 10, 10, 10, 0, 0, 10, 1, 10, 0, 0, 0, : 10, 10, 10, 10, 10, 10, 10, 10, 10, 10, 10, 10, 10, 10, 10, 10, 10, 10, 1, 14, 10, 10, 10, 10, 15, 10, 10, 5, 10, 10, 10, 10, 10, 10, 1, 10, 
381: 0, 10, 0, 10, 10, 10, 0, 10, 10, 10, 10, 10, 0, 1, 0, 0, 0, 0, 0, 10, 10, 0, 3, 10, 10, 0, 0, 0, 0, 10, 10, 10, 0, 10, 10, 16, 10, 10, 10, 10, 10, 0, 0, 2, 10, 10, 0, 10, 0, 0, 10, 10, 0, 10, 10, 0, 10, 10, 10, 10, 0, 0, 10, 10, 0, 10, 0, 10, 0, 0, 0, 10, 10, 10, 0, 10, 10, 0, 0, 0, : 10, 10, 10, 10, 10, 10, 10, 10, 10, 1, 10, 10, 3, 10, 10, 10, 10, 10, 10, 10, 16, 10, 10, 10, 10, 10, 2, 10, 10, 10, 10, 10, 10, 10, 10, 10, 10, 10, 10, 10, 10, 10, 10, 10, 10, 10, 10, 
388: 0, 10, 0, 0, 0, 0, 10, 0, 0, 10, 10, 0, 10, 0, 0, 10, 0, 0, 10, 0, 10, 0, 0, 1, 1, 10, 0, 12, 10, 0, 10, 10, 0, 0, 10, 10, 10, 0, 0, 10, 9, 10, 10, 10, 10, 10, 0, 10, 0, 10, 0, 0, 5, 10, 10, 0, 10, 10, 0, 0, 10, 10, 10, 0, 0, 0, 0, 10, 0, 0, 10, 0, 10, 10, 0, 10, 10, 0, 10, 10, : 10, 10, 10, 10, 10, 10, 10, 10, 1, 1, 10, 12, 10, 10, 10, 10, 10, 10, 10, 9, 10, 10, 10, 10, 10, 10, 10, 5, 10, 10, 10, 10, 10, 10, 10, 10, 10, 10, 10, 10, 10, 10, 10, 
766: 0, 0, 0, 10, 0, 0, 0, 0, 0, 0, 10, 0, 1, 10, 0, 0, 10, 0, 0, 10, 10, 10, 0, 0, 10, 10, 3, 10, 10, 10, 0, 10, 10, 10, 10, 10, 0, 10, 0, 10, 0, 10, 0, 0, 10, 0, 10, 0, 10, 10, 10, 0, 10, 0, 10, 10, 0, 10, 10, 0, 0, 0, 10, 0, 0, 0, 0, 10, 10, 10, 0, 0, 0, 10, 0, 10, 0, 0, 0, 10, : 10, 10, 1, 10, 10, 10, 10, 10, 10, 10, 3, 10, 10, 10, 10, 10, 10, 10, 10, 10, 10, 10, 10, 10, 10, 10, 10, 10, 10, 10, 10, 10, 10, 10, 10, 10, 10, 10, 10, 
711: 0, 10, 10, 10, 0, 0, 0, 10, 0, 10, 10, 10, 10, 0, 10, 0, 3, 0, 10, 0, 0, 0, 10, 10, 0, 9, 10, 0, 0, 10, 10, 0, 10, 10, 0, 10, 10, 0, 0, 0, 15, 10, 0, 0, 0, 1, 0, 0, 10, 10, 10, 0, 10, 0, 1, 0, 10, 10, 0, 10, 10, 0, 0, 10, 3, 9, 0, 0, 10, 10, 0, 10, 10, 10, 10, 0, 10, 0, 10, 19, : 10, 10, 10, 10, 10, 10, 10, 10, 10, 3, 10, 10, 10, 9, 10, 10, 10, 10, 10, 10, 10, 15, 10, 1, 10, 10, 10, 10, 1, 10, 10, 10, 10, 10, 3, 9, 10, 10, 10, 10, 10, 10, 10, 10, 19, 
417: 10, 10, 10, 10, 0, 0, 0, 10, 0, 10, 10, 10, 0, 10, 10, 0, 0, 0, 0, 10, 0, 0, 0, 10, 0, 10, 12, 10, 0, 10, 10, 0, 10, 10, 10, 0, 10, 10, 0, 0, 10, 0, 0, 0, 10, 0, 0, 10, 10, 10, 10, 0, 10, 0, 0, 10, 0, 10, 1, 0, 0, 10, 10, 10, 10, 0, 6, 10, 0, 10, 0, 10, 0, 10, 0, 10, 0, 10, 0, 0, : 10, 10, 10, 10, 10, 10, 10, 10, 10, 10, 10, 10, 10, 12, 10, 10, 10, 10, 10, 10, 10, 10, 10, 10, 10, 10, 10, 10, 10, 10, 10, 1, 10, 10, 10, 10, 6, 10, 10, 10, 10, 10, 10, 
158: 0, 0, 10, 10, 0, 10, 10, 0, 0, 0, 0, 0, 0, 0, 10, 10, 10, 0, 0, 0, 0, 10, 0, 10, 0, 10, 2, 10, 10, 0, 0, 0, 10, 10, 0, 10, 0, 0, 0, 0, 10, 10, 10, 0, 10, 0, 0, 10, 0, 10, 0, 10, 10, 0, 0, 0, 0, 10, 0, 0, 0, 10, 0, 0, 10, 10, 10, 0, 0, 7, 0, 0, 0, 0, 10, 0, 10, 10, 0, 10, : 10, 10, 10, 10, 10, 10, 10, 10, 10, 10, 2, 10, 10, 10, 10, 10, 10, 10, 10, 10, 10, 10, 10, 10, 10, 10, 10, 10, 10, 7, 10, 10, 10, 10, 
603: 8, 10, 0, 2, 10, 10, 10, 10, 10, 10, 0, 10, 0, 0, 10, 0, 0, 1, 0, 0, 10, 10, 0, 0, 10, 10, 10, 10, 0, 10, 10, 10, 10, 10, 0, 0, 10, 10, 10, 10, 0, 10, 10, 10, 10, 10, 10, 10, 0, 0, 0, 10, 10, 10, 10, 0, 10, 0, 0, 10, 0, 20, 10, 0, 10, 0, 10, 10, 0, 0, 10, 0, 10, 10, 10, 0, 0, 0, 10, 17, : 8, 10, 2, 10, 10, 10, 10, 10, 10, 10, 10, 1, 10, 10, 10, 10, 10, 10, 10, 10, 10, 10, 10, 10, 10, 10, 10, 10, 10, 10, 10, 10, 10, 10, 10, 10, 10, 10, 10, 10, 20, 10, 10, 10, 10, 10, 10, 10, 10, 10, 17, 
29: 0, 2, 0, 10, 10, 0, 0, 0, 0, 0, 0, 0, 10, 10, 0, 10, 0, 10, 0, 10, 0, 10, 0, 10, 0, 10, 10, 0, 10, 10, 0, 0, 0, 10, 10, 10, 10, 0, 0, 0, 0, 0, 0, 10, 0, 0, 10, 0, 0, 0, 0, 0, 10, 0, 10, 0, 0, 0, 10, 10, 10, 10, 0, 0, 10, 0, 10, 4, 0, 0, 10, 10, 10, 0, 10, 0, 0, 0, 10, 0, : 2, 10, 10, 10, 10, 10, 10, 10, 10, 10, 10, 10, 10, 10, 10, 10, 10, 10, 10, 10, 10, 10, 10, 10, 10, 10, 10, 10, 4, 10, 10, 10, 10, 10, 
82: 10, 10, 10, 0, 10, 0, 0, 0, 0, 10, 0, 10, 10, 0, 0, 0, 0, 10, 10, 3, 10, 1, 10, 10, 10, 10, 0, 10, 0, 0, 10, 0, 0, 10, 10, 0, 0, 0, 0, 10, 0, 0, 0, 10, 10, 6, 0, 10, 0, 0, 0, 0, 10, 10, 0, 10, 0, 10, 10, 10, 0, 10, 0, 10, 10, 0, 0, 0, 10, 0, 0, 0, 0, 0, 10, 10, 0, 10, 10, 0, : 10, 10, 10, 10, 10, 10, 10, 10, 10, 3, 10, 1, 10, 10, 10, 10, 10, 10, 10, 10, 10, 10, 10, 6, 10, 10, 10, 10, 10, 10, 10, 10, 10, 10, 10, 10, 10, 10, 10, 
403: 0, 0, 0, 10, 10, 0, 10, 4, 0, 10, 0, 0, 0, 3, 10, 0, 10, 0, 0, 0, 0, 0, 10, 0, 10, 0, 10, 0, 0, 10, 0, 10, 10, 0, 0, 10, 0, 0, 0, 1, 10, 10, 0, 4, 0, 10, 10, 10, 12, 0, 10, 0, 10, 10, 10, 0, 10, 10, 10, 10, 0, 10, 10, 10, 10, 0, 10, 10, 10, 0, 0, 0, 10, 0, 10, 0, 0, 10, 0, 0, : 10, 10, 10, 4, 10, 3, 10, 10, 10, 10, 10, 10, 10, 10, 10, 1, 10, 10, 4, 10, 10, 10, 12, 10, 10, 10, 10, 10, 10, 10, 10, 10, 10, 10, 10, 10, 10, 10, 10, 10, 10, 
731: 0, 10, 10, 10, 10, 10, 0, 0, 0, 0, 10, 0, 10, 10, 0, 0, 10, 0, 10, 0, 0, 10, 0, 10, 10, 0, 0, 0, 10, 0, 10, 0, 0, 0, 10, 10, 0, 0, 10, 0, 10, 0, 10, 1, 0, 10, 0, 10, 10, 0, 9, 10, 10, 10, 0, 10, 10, 10, 10, 10, 10, 10, 0, 10, 0, 10, 10, 10, 0, 10, 10, 10, 10, 1, 0, 10, 7, 0, 0, 10, : 10, 10, 10, 10, 10, 10, 10, 10, 10, 10, 10, 10, 10, 10, 10, 10, 10, 10, 10, 10, 1, 10, 10, 10, 9, 10, 10, 10, 10, 10, 10, 10, 10, 10, 10, 10, 10, 10, 10, 10, 10, 10, 10, 1, 10, 7, 10, 
494: 10, 10, 0, 0, 1, 10, 0, 0, 10, 0, 10, 0, 0, 0, 0, 0, 10, 0, 0, 0, 0, 10, 0, 0, 10, 10, 10, 10, 0, 10, 10, 1, 10, 10, 0, 0, 10, 10, 10, 10, 10, 0, 0, 10, 0, 0, 0, 0, 0, 10, 0, 10, 0, 0, 10, 10, 0, 0, 0, 10, 10, 4, 10, 10, 0, 0, 0, 10, 0, 0, 10, 10, 0, 0, 10, 0, 0, 0, 0, 10, : 10, 10, 1, 10, 10, 10, 10, 10, 10, 10, 10, 10, 10, 10, 1, 10, 10, 10, 10, 10, 10, 10, 10, 10, 10, 10, 10, 10, 10, 4, 10, 10, 10, 10, 10, 10, 10, 
285: 11, 10, 0, 10, 0, 0, 10, 0, 0, 10, 10, 10, 0, 10, 0, 10, 0, 10, 4, 10, 0, 0, 10, 10, 10, 10, 10, 10, 10, 0, 10, 0, 0, 10, 10, 10, 10, 20, 0, 10, 0, 0, 14, 10, 10, 10, 10, 10, 0, 1, 10, 0, 0, 10, 10, 10, 0, 10, 10, 0, 10, 0, 10, 10, 10, 10, 0, 10, 0, 10, 0, 0, 10, 10, 4, 0, 0, 10, 10, 3, : 11, 10, 10, 10, 10, 10, 10, 10, 10, 10, 4, 10, 10, 10, 10, 10, 10, 10, 10, 10, 10, 10, 10, 10, 20, 10, 14, 10, 10, 10, 10, 10, 1, 10, 10, 10, 10, 10, 10, 10, 10, 10, 10, 10, 10, 10, 10, 10, 4, 10, 10, 3, 
85: 0, 0, 10, 0, 10, 10, 0, 10, 10, 0, 0, 10, 0, 0, 0, 0, 10, 0, 0, 10, 0, 0, 10, 10, 10, 10, 0, 0, 0, 10, 10, 10, 10, 10, 10, 10, 10, 10, 10, 0, 0, 0, 10, 0, 10, 0, 0, 1, 0, 10, 10, 0, 10, 0, 10, 10, 0, 10, 1, 0, 10, 10, 10, 10, 10, 0, 10, 0, 0, 0, 10, 10, 0, 0, 10, 10, 10, 10, 0, 10, : 10, 10, 10, 10, 10, 10, 10, 10, 10, 10, 10, 10, 10, 10, 10, 10, 10, 10, 10, 10, 10, 10, 10, 10, 1, 10, 10, 10, 10, 10, 10, 1, 10, 10, 10, 10, 10, 10, 10, 10, 10, 10, 10, 10, 10, 
332: 4, 0, 0, 10, 0, 10, 10, 0, 10, 10, 0, 0, 10, 10, 0, 10, 0, 10, 0, 10, 10, 0, 0, 0, 10, 10, 0, 2, 10, 10, 0, 10, 5, 0, 10, 0, 10, 10, 0, 10, 10, 10, 0, 0, 0, 0, 0, 10, 10, 0, 0, 10, 10, 10, 0, 10, 0, 10, 10, 0, 0, 10, 0, 0, 0, 0, 0, 0, 0, 10, 0, 10, 0, 10, 10, 10, 10, 18, 0, 0, : 4, 10, 10, 10, 10, 10, 10, 10, 10, 10, 10, 10, 10, 10, 2, 10, 10, 10, 5, 10, 10, 10, 10, 10, 10, 10, 10, 10, 10, 10, 10, 10, 10, 10, 10, 10, 10, 10, 10, 10, 18, 
532: 10, 10, 0, 10, 0, 16, 10, 10, 10, 0, 0, 10, 0, 0, 0, 0, 10, 10, 0, 10, 0, 0, 10, 10, 10, 0, 10, 10, 10, 10, 4, 10, 0, 0, 10, 10, 0, 10, 0, 0, 0, 10, 10, 0, 10, 10, 10, 10, 10, 0, 10, 0, 10, 0, 10, 10, 10, 0, 0, 10, 0, 0, 10, 10, 0, 6, 10, 10, 10, 10, 0, 10, 10, 10, 0, 10, 10, 0, 10, 0, : 10, 10, 10, 16, 10, 10, 10, 10, 10, 10, 10, 10, 10, 10, 10, 10, 10, 10, 4, 10, 10, 10, 10, 10, 10, 10, 10, 10, 10, 10, 10, 10, 10, 10, 10, 10, 10, 10, 6, 10, 10, 10, 10, 10, 10, 10, 10, 10, 10, 
189: 10, 0, 10, 10, 0, 0, 0, 0, 12, 0, 10, 0, 10, 10, 0, 10, 0, 10, 10, 10, 0, 0, 0, 10, 0, 0, 10, 10, 0, 10, 0, 10, 10, 10, 0, 10, 10, 10, 0, 10, 10, 0, 10, 0, 10, 0, 0, 4, 0, 10, 10, 10, 0, 0, 10, 0, 10, 0, 10, 10, 10, 18, 0, 10, 0, 10, 0, 0, 0, 0, 0, 0, 0, 0, 0, 0, 0, 10, 10, 0, : 10, 10, 10, 12, 10, 10, 10, 10, 10, 10, 10, 10, 10, 10, 10, 10, 10, 10, 10, 10, 10, 10, 10, 10, 10, 4, 10, 10, 10, 10, 10, 10, 10, 10, 18, 10, 10, 10, 10, 
567: 10, 10, 0, 0, 10, 0, 10, 0, 0, 10, 0, 1, 10, 10, 0, 10, 0, 10, 10, 10, 0, 10, 10, 10, 10, 10, 0, 0, 0, 0, 10, 0, 0, 1, 0, 0, 10, 10, 10, 0, 0, 0, 0, 0, 10, 10, 10, 10, 0, 10, 10, 10, 10, 0, 10, 0, 1, 0, 10, 10, 0, 0, 0, 10, 10, 0, 10, 10, 0, 0, 0, 10, 0, 0, 0, 10, 0, 0, 10, 10, : 10, 10, 10, 10, 10, 1, 10, 10, 10, 10, 10, 10, 10, 10, 10, 10, 10, 10, 1, 10, 10, 10, 10, 10, 10, 10, 10, 10, 10, 10, 10, 1, 10, 10, 10, 10, 10, 10, 10, 10, 10, 10, 
356: 0, 0, 0, 10, 0, 10, 10, 10, 0, 10, 10, 10, 10, 0, 10, 0, 10, 10, 0, 10, 10, 10, 10, 10, 17, 0, 0, 0, 0, 0, 0, 10, 0, 0, 0, 0, 10, 2, 0, 0, 0, 10, 1, 0, 0, 0, 10, 10, 10, 10, 10, 10, 0, 10, 10, 0, 10, 0, 10, 10, 10, 0, 0, 10, 0, 10, 10, 10, 0, 10, 10, 10, 10, 10, 10, 0, 10, 0, 0, 0, : 10, 10, 10, 10, 10, 10, 10, 10, 10, 10, 10, 10, 10, 10, 10, 10, 17, 10, 10, 2, 10, 1, 10, 10, 10, 10, 10, 10, 10, 10, 10, 10, 10, 10, 10, 10, 10, 10, 10, 10, 10, 10, 10, 10, 10, 
762: 0, 10, 10, 0, 10, 10, 10, 0, 0, 0, 0, 4, 0, 0, 10, 10, 0, 0, 5, 10, 10, 10, 10, 10, 10, 0, 0, 10, 10, 0, 0, 0, 10, 10, 5, 10, 0, 0, 10, 10, 10, 10, 0, 10, 0, 10, 10, 10, 10, 10, 0, 0, 10, 0, 0, 0, 0, 0, 16, 10, 10, 10, 0, 10, 10, 10, 10, 10, 10, 10, 0, 10, 10, 0, 10, 10, 0, 0, 10, 10, : 10, 10, 10, 10, 10, 4, 10, 10, 5, 10, 10, 10, 10, 10, 10, 10, 10, 10, 10, 5, 10, 10, 10, 10, 10, 10, 10, 10, 10, 10, 10, 10, 16, 10, 10, 10, 10, 10, 10, 10, 10, 10, 10, 10, 10, 10, 10, 10, 10, 
366: 0, 0, 10, 0, 0, 0, 10, 0, 10, 0, 10, 10, 10, 0, 10, 0, 0, 10, 0, 0, 10, 10, 0, 0, 10, 0, 0, 10, 0, 0, 0, 0, 10, 10, 10, 10, 0, 0, 10, 10, 0, 10, 10, 10, 0, 10, 10, 0, 10, 10, 10, 0, 0, 0, 10, 10, 0, 0, 10, 1, 0, 0, 10, 0, 5, 0, 10, 0, 10, 10, 0, 0, 10, 10, 10, 0, 10, 0, 10, 0, : 10, 10, 10, 10, 10, 10, 10, 10, 10, 10, 10, 10, 10, 10, 10, 10, 10, 10, 10, 10, 10, 10, 10, 10, 10, 10, 10, 10, 10, 1, 10, 5, 10, 10, 10, 10, 10, 10, 10, 10, 
455: 0, 10, 10, 0, 10, 10, 0, 10, 10, 10, 0, 10, 0, 10, 0, 0, 0, 0, 0, 10, 10, 0, 10, 0, 0, 0, 10, 0, 10, 10, 0, 0, 10, 3, 10, 0, 10, 0, 10, 0, 0, 10, 0, 1, 17, 10, 10, 10, 10, 10, 10, 0, 0, 10, 0, 0, 10, 10, 0, 0, 10, 0, 10, 3, 0, 0, 10, 10, 10, 0, 10, 0, 0, 10, 10, 0, 0, 10, 0, 0, : 10, 10, 10, 10, 10, 10, 10, 10, 10, 10, 10, 10, 10, 10, 10, 10, 3, 10, 10, 10, 10, 1, 17, 10, 10, 10, 10, 10, 10, 10, 10, 10, 10, 10, 3, 10, 10, 10, 10, 10, 10, 10, 
28: 10, 10, 10, 0, 0, 0, 0, 0, 0, 0, 0, 10, 10, 0, 10, 0, 10, 10, 13, 0, 0, 0, 10, 0, 10, 10, 0, 0, 10, 0, 0, 0, 0, 10, 0, 0, 10, 0, 10, 0, 0, 10, 0, 10, 1, 10, 0, 0, 0, 10, 10, 0, 0, 0, 0, 0, 10, 0, 0, 0, 0, 10, 0, 2, 0, 10, 0, 10, 4, 10, 10, 10, 0, 10, 0, 10, 10, 0, 0, 10, : 10, 10, 10, 10, 10, 10, 10, 10, 13, 10, 10, 10, 10, 10, 10, 10, 10, 10, 1, 10, 10, 10, 10, 10, 2, 10, 10, 4, 10, 10, 10, 10, 10, 10, 10, 
97: 0, 0, 0, 0, 0, 0, 0, 10, 10, 10, 0, 0, 10, 10, 0, 10, 10, 10, 0, 0, 10, 0, 0, 0, 10, 0, 10, 0, 10, 0, 10, 0, 10, 0, 0, 10, 2, 10, 0, 10, 10, 0, 10, 1, 0, 0, 0, 0, 10, 10, 10, 0, 10, 10, 10, 10, 10, 0, 0, 0, 10, 0, 0, 10, 10, 0, 0, 10, 10, 0, 10, 10, 0, 0, 10, 10, 10, 0, 0, 10, : 10, 10, 10, 10, 10, 10, 10, 10, 10, 10, 10, 10, 10, 10, 10, 2, 10, 10, 10, 10, 1, 10, 10, 10, 10, 10, 10, 10, 10, 10, 10, 10, 10, 10, 10, 10, 10, 10, 10, 10, 
215: 10, 10, 0, 10, 0, 10, 10, 0, 10, 0, 10, 10, 10, 0, 0, 3, 10, 10, 10, 10, 10, 0, 0, 10, 0, 10, 0, 10, 10, 0, 10, 10, 0, 0, 10, 10, 10, 2, 6, 10, 10, 0, 0, 10, 0, 20, 0, 10, 10, 0, 0, 0, 0, 10, 10, 0, 10, 6, 10, 10, 0, 0, 10, 0, 0, 0, 0, 0, 10, 0, 0, 0, 0, 10, 10, 10, 0, 10, 10, 0, : 10, 10, 10, 10, 10, 10, 10, 10, 10, 3, 10, 10, 10, 10, 10, 10, 10, 10, 10, 10, 10, 10, 10, 10, 2, 6, 10, 10, 10, 20, 10, 10, 10, 10, 10, 6, 10, 10, 10, 10, 10, 10, 10, 10, 10, 
782: 0, 0, 0, 0, 10, 10, 0, 10, 10, 1, 10, 10, 0, 10, 13, 10, 0, 0, 10, 0, 10, 0, 10, 10, 10, 10, 0, 0, 10, 0, 10, 10, 0, 0, 0, 0, 0, 0, 10, 10, 10, 0, 0, 10, 0, 10, 10, 10, 0, 0, 10, 10, 0, 0, 10, 10, 10, 0, 12, 10, 10, 0, 10, 0, 0, 10, 10, 10, 10, 0, 0, 0, 0, 10, 0, 10, 10, 0, 10, 0, : 10, 10, 10, 10, 1, 10, 10, 10, 13, 10, 10, 10, 10, 10, 10, 10, 10, 10, 10, 10, 10, 10, 10, 10, 10, 10, 10, 10, 10, 10, 10, 12, 10, 10, 10, 10, 10, 10, 10, 10, 10, 10, 10, 
7: 12, 10, 10, 10, 10, 10, 10, 0, 0, 0, 10, 0, 10, 11, 0, 1, 0, 0, 0, 10, 0, 10, 0, 10, 17, 0, 10, 0, 10, 0, 10, 10, 0, 10, 0, 0, 0, 10, 0, 10, 10, 10, 10, 0, 0, 0, 10, 10, 10, 0, 10, 0, 0, 0, 10, 10, 10, 10, 0, 10, 19, 0, 0, 0, 10, 0, 11, 0, 10, 0, 11, 10, 10, 0, 3, 10, 0, 10, 10, 10, : 12, 10, 10, 10, 10, 10, 10, 10, 10, 11, 1, 10, 10, 10, 17, 10, 10, 10, 10, 10, 10, 10, 10, 10, 10, 10, 10, 10, 10, 10, 10, 10, 10, 10, 19, 10, 11, 10, 11, 10, 10, 3, 10, 10, 10, 10, 


564: 10, 0, 10, 10, 2, 0, 10, 10, 10, 10, 10, 0, 0, 0, 0, 10, 10, 10, 10, 10, 1, 0, 10, 0, 10, 10, 0, 10, 10, 10, 0, 10, 10, 10, 0, 10, 0, 10, 10, 0, 0, 10, 20, 0, 10, 0, 0, 10, 0, 10, 0, 10, 10, 10, 10, 3, 10, 0, 10, 10, 0, 10, 10, 10, 10, 0, 10, 0, 10, 10, 1, 0, 10, 10, 10, 0, 10, 10, 0, 0, : 10, 10, 10, 2, 10, 10, 10, 10, 10, 10, 10, 10, 10, 10, 1, 10, 10, 10, 10, 10, 10, 10, 10, 10, 10, 10, 10, 10, 20, 10, 10, 10, 10, 10, 10, 10, 3, 10, 10, 10, 10, 10, 10, 10, 10, 10, 10, 1, 10, 10, 10, 10, 10, 
465: 0, 0, 10, 10, 10, 10, 0, 10, 0, 4, 10, 0, 10, 10, 10, 1, 15, 10, 10, 10, 10, 0, 0, 0, 0, 10, 0, 10, 10, 0, 10, 0, 10, 0, 0, 0, 10, 0, 19, 10, 4, 10, 10, 10, 10, 10, 0, 0, 10, 10, 10, 10, 10, 10, 10, 10, 0, 10, 0, 10, 0, 10, 0, 0, 0, 10, 0, 10, 0, 0, 0, 10, 0, 0, 10, 10, 10, 0, 0, 10, : 10, 10, 10, 10, 10, 4, 10, 10, 10, 10, 1, 15, 10, 10, 10, 10, 10, 10, 10, 10, 10, 10, 19, 10, 4, 10, 10, 10, 10, 10, 10, 10, 10, 10, 10, 10, 10, 10, 10, 10, 10, 10, 10, 10, 10, 10, 10, 10, 
49: 0, 10, 19, 0, 0, 0, 1, 10, 0, 0, 10, 4, 0, 0, 10, 0, 10, 10, 10, 10, 0, 10, 0, 10, 10, 10, 10, 0, 3, 0, 10, 0, 10, 10, 10, 10, 10, 10, 0, 10, 0, 2, 10, 0, 0, 0, 0, 0, 0, 10, 0, 10, 0, 0, 0, 0, 2, 9, 10, 0, 0, 10, 0, 10, 10, 0, 0, 1, 0, 10, 10, 0, 10, 0, 0, 0, 7, 10, 10, 10, : 10, 19, 1, 10, 10, 4, 10, 10, 10, 10, 10, 10, 10, 10, 10, 10, 3, 10, 10, 10, 10, 10, 10, 10, 10, 2, 10, 10, 10, 2, 9, 10, 10, 10, 10, 1, 10, 10, 10, 7, 10, 10, 10, 
86: 10, 0, 10, 0, 10, 2, 0, 0, 10, 10, 0, 0, 0, 0, 0, 0, 10, 0, 0, 0, 10, 0, 0, 10, 0, 10, 10, 10, 10, 10, 10, 10, 0, 0, 10, 0, 0, 10, 0, 0, 0, 10, 10, 10, 10, 10, 0, 16, 10, 0, 0, 0, 10, 0, 0, 0, 0, 10, 0, 10, 1, 10, 0, 10, 10, 10, 10, 15, 10, 0, 10, 0, 0, 0, 0, 10, 10, 10, 10, 10, : 10, 10, 10, 2, 10, 10, 10, 10, 10, 10, 10, 10, 10, 10, 10, 10, 10, 10, 10, 10, 10, 10, 10, 16, 10, 10, 10, 10, 1, 10, 10, 10, 10, 10, 15, 10, 10, 10, 10, 10, 10, 10, 
359: 1, 10, 0, 10, 10, 10, 0, 0, 0, 10, 0, 0, 10, 0, 0, 0, 0, 0, 10, 10, 10, 10, 10, 10, 10, 10, 10, 0, 10, 0, 10, 10, 10, 10, 0, 10, 0, 10, 0, 0, 0, 0, 10, 0, 0, 0, 2, 0, 10, 0, 10, 10, 0, 10, 10, 10, 1, 0, 0, 10, 10, 0, 10, 0, 10, 0, 10, 10, 0, 0, 0, 0, 14, 0, 0, 0, 0, 0, 0, 0, : 1, 10, 10, 10, 10, 10, 10, 10, 10, 10, 10, 10, 10, 10, 10, 10, 10, 10, 10, 10, 10, 10, 10, 10, 2, 10, 10, 10, 10, 10, 10, 1, 10, 10, 10, 10, 10, 10, 14, 
733: 0, 0, 0, 0, 10, 0, 10, 10, 0, 0, 0, 0, 10, 0, 0, 0, 10, 0, 0, 10, 0, 10, 10, 0, 10, 0, 1, 0, 0, 0, 10, 10, 10, 0, 0, 0, 10, 10, 10, 0, 10, 0, 0, 0, 0, 10, 10, 0, 0, 0, 10, 10, 1, 10, 10, 10, 0, 0, 15, 0, 0, 0, 10, 10, 10, 10, 0, 10, 0, 10, 0, 0, 0, 0, 10, 10, 10, 10, 0, 0, : 10, 10, 10, 10, 10, 10, 10, 10, 10, 1, 10, 10, 10, 10, 10, 10, 10, 10, 10, 10, 10, 1, 10, 10, 10, 15, 10, 10, 10, 10, 10, 10, 10, 10, 10, 10, 
688: 0, 10, 10, 10, 10, 0, 0, 10, 1, 10, 10, 0, 10, 10, 10, 10, 0, 10, 10, 4, 10, 0, 10, 10, 10, 0, 0, 3, 10, 10, 0, 10, 0, 0, 0, 10, 10, 0, 10, 10, 0, 10, 0, 0, 0, 0, 0, 1, 0, 10, 10, 0, 10, 10, 10, 10, 10, 0, 10, 0, 0, 0, 10, 10, 0, 0, 10, 0, 3, 10, 10, 0, 0, 0, 10, 10, 8, 10, 10, 10, : 10, 10, 10, 10, 10, 1, 10, 10, 10, 10, 10, 10, 10, 10, 4, 10, 10, 10, 10, 3, 10, 10, 10, 10, 10, 10, 10, 10, 1, 10, 10, 10, 10, 10, 10, 10, 10, 10, 10, 10, 3, 10, 10, 10, 10, 8, 10, 10, 10, 
410: 10, 0, 10, 0, 10, 10, 10, 0, 10, 0, 0, 0, 10, 0, 0, 10, 0, 10, 0, 0, 10, 0, 10, 10, 0, 10, 0, 0, 10, 10, 0, 10, 0, 2, 0, 10, 10, 0, 10, 0, 10, 10, 10, 10, 10, 10, 0, 0, 10, 0, 10, 0, 1, 10, 0, 10, 0, 0, 10, 4, 0, 0, 10, 10, 10, 10, 10, 0, 0, 10, 10, 10, 1, 0, 0, 0, 0, 0, 10, 0, : 10, 10, 10, 10, 10, 10, 10, 10, 10, 10, 10, 10, 10, 10, 10, 10, 2, 10, 10, 10, 10, 10, 10, 10, 10, 10, 10, 10, 1, 10, 10, 10, 4, 10, 10, 10, 10, 10, 10, 10, 10, 1, 10, 
213: 10, 10, 0, 0, 10, 10, 0, 0, 0, 10, 10, 10, 10, 0, 0, 1, 10, 10, 0, 0, 0, 10, 0, 10, 10, 0, 0, 10, 0, 0, 10, 10, 0, 0, 10, 0, 10, 0, 3, 0, 0, 0, 0, 0, 0, 0, 10, 0, 10, 0, 4, 10, 0, 0, 10, 10, 10, 10, 10, 0, 2, 0, 0, 0, 10, 0, 0, 0, 10, 10, 0, 10, 0, 0, 10, 0, 10, 10, 10, 10, : 10, 10, 10, 10, 10, 10, 10, 10, 1, 10, 10, 10, 10, 10, 10, 10, 10, 10, 10, 3, 10, 10, 4, 10, 10, 10, 10, 10, 10, 2, 10, 10, 10, 10, 10, 10, 10, 10, 10, 
243: 10, 10, 0, 10, 10, 10, 15, 0, 10, 10, 0, 10, 10, 10, 0, 0, 10, 0, 10, 0, 10, 0, 10, 10, 10, 10, 0, 1, 10, 10, 0, 0, 10, 10, 10, 10, 0, 10, 10, 10, 0, 0, 10, 0, 0, 10, 10, 10, 10, 0, 0, 0, 0, 0, 10, 2, 10, 0, 10, 0, 10, 10, 10, 0, 10, 0, 0, 0, 0, 10, 10, 10, 0, 10, 0, 0, 0, 0, 0, 10, : 10, 10, 10, 10, 10, 15, 10, 10, 10, 10, 10, 10, 10, 10, 10, 10, 10, 10, 1, 10, 10, 10, 10, 10, 10, 10, 10, 10, 10, 10, 10, 10, 10, 10, 2, 10, 10, 10, 10, 10, 10, 10, 10, 10, 10, 10, 
721: 0, 0, 0, 0, 0, 11, 0, 10, 10, 0, 0, 0, 10, 10, 0, 0, 0, 10, 10, 10, 0, 10, 0, 10, 10, 0, 10, 0, 0, 0, 0, 10, 0, 10, 10, 10, 10, 0, 10, 10, 0, 0, 10, 0, 10, 0, 10, 0, 0, 10, 0, 0, 10, 0, 0, 10, 10, 0, 0, 10, 10, 10, 0, 0, 0, 10, 10, 0, 0, 10, 0, 10, 10, 0, 10, 10, 0, 10, 0, 0, : 11, 10, 10, 10, 10, 10, 10, 10, 10, 10, 10, 10, 10, 10, 10, 10, 10, 10, 10, 10, 10, 10, 10, 10, 10, 10, 10, 10, 10, 10, 10, 10, 10, 10, 10, 10, 10, 
217: 0, 0, 0, 10, 10, 0, 0, 10, 0, 10, 10, 0, 0, 10, 0, 10, 10, 0, 10, 0, 0, 10, 0, 0, 10, 10, 0, 0, 10, 0, 10, 10, 17, 0, 10, 9, 0, 10, 0, 10, 0, 0, 10, 10, 0, 0, 5, 10, 10, 10, 0, 10, 0, 10, 0, 0, 0, 10, 10, 10, 0, 10, 0, 10, 0, 0, 0, 0, 10, 10, 0, 0, 0, 0, 10, 0, 10, 0, 0, 10, : 10, 10, 10, 10, 10, 10, 10, 10, 10, 10, 10, 10, 10, 10, 10, 17, 10, 9, 10, 10, 10, 10, 5, 10, 10, 10, 10, 10, 10, 10, 10, 10, 10, 10, 10, 10, 10, 10, 
56: 10, 10, 0, 10, 0, 0, 0, 10, 10, 0, 0, 0, 0, 10, 0, 10, 10, 0, 0, 10, 10, 10, 2, 0, 10, 0, 0, 3, 0, 10, 10, 0, 0, 10, 10, 0, 2, 2, 0, 0, 0, 0, 10, 10, 0, 0, 0, 0, 10, 0, 0, 10, 10, 0, 2, 0, 10, 10, 10, 0, 0, 0, 0, 0, 0, 0, 10, 0, 0, 0, 0, 0, 0, 10, 10, 10, 10, 10, 10, 10, : 10, 10, 10, 10, 10, 10, 10, 10, 10, 10, 10, 2, 10, 3, 10, 10, 10, 10, 2, 2, 10, 10, 10, 10, 10, 2, 10, 10, 10, 10, 10, 10, 10, 10, 10, 10, 10, 
42: 0, 0, 10, 0, 0, 10, 10, 10, 0, 4, 10, 0, 10, 0, 0, 0, 2, 0, 0, 0, 10, 0, 0, 0, 0, 0, 0, 0, 0, 0, 0, 0, 10, 10, 10, 0, 0, 10, 0, 10, 4, 0, 10, 10, 2, 0, 10, 10, 0, 10, 10, 10, 10, 0, 10, 10, 6, 10, 0, 10, 10, 0, 10, 0, 0, 10, 0, 0, 10, 0, 0, 0, 10, 10, 12, 10, 2, 10, 10, 10, : 10, 10, 10, 10, 4, 10, 10, 2, 10, 10, 10, 10, 10, 10, 4, 10, 10, 2, 10, 10, 10, 10, 10, 10, 10, 10, 6, 10, 10, 10, 10, 10, 10, 10, 10, 12, 10, 2, 10, 10, 10, 
429: 0, 0, 0, 17, 10, 0, 10, 10, 10, 0, 0, 10, 0, 0, 0, 0, 0, 0, 10, 10, 0, 0, 10, 10, 0, 0, 10, 10, 10, 2, 10, 0, 0, 10, 10, 10, 0, 10, 10, 0, 10, 10, 10, 0, 10, 0, 0, 10, 10, 0, 0, 10, 0, 9, 10, 0, 0, 0, 0, 10, 0, 0, 10, 10, 10, 18, 10, 0, 0, 10, 10, 10, 10, 0, 0, 10, 10, 0, 0, 0, : 17, 10, 10, 10, 10, 10, 10, 10, 10, 10, 10, 10, 10, 2, 10, 10, 10, 10, 10, 10, 10, 10, 10, 10, 10, 10, 10, 9, 10, 10, 10, 10, 10, 18, 10, 10, 10, 10, 10, 10, 10, 
234: 0, 10, 0, 2, 0, 0, 10, 10, 10, 10, 0, 10, 0, 0, 10, 0, 10, 10, 10, 0, 0, 10, 0, 10, 0, 0, 10, 0, 0, 0, 0, 10, 0, 10, 10, 0, 10, 10, 0, 0, 10, 10, 0, 10, 10, 10, 10, 0, 10, 0, 0, 0, 0, 0, 0, 0, 10, 0, 0, 0, 10, 0, 0, 10, 0, 0, 0, 10, 0, 10, 0, 10, 0, 0, 10, 10, 10, 10, 0, 0, : 10, 2, 10, 10, 10, 10, 10, 10, 10, 10, 10, 10, 10, 10, 10, 10, 10, 10, 10, 10, 10, 10, 10, 10, 10, 10, 10, 10, 10, 10, 10, 10, 10, 10, 10, 10, 
514: 0, 0, 0, 10, 10, 0, 10, 0, 10, 0, 10, 10, 0, 0, 10, 10, 0, 0, 10, 0, 10, 0, 0, 0, 0, 10, 10, 0, 10, 10, 10, 10, 10, 10, 0, 2, 0, 10, 0, 10, 16, 10, 0, 0, 10, 0, 13, 10, 10, 0, 0, 10, 10, 10, 10, 0, 0, 0, 10, 0, 0, 1, 0, 10, 0, 10, 0, 10, 20, 0, 0, 0, 1, 10, 10, 10, 0, 10, 10, 10, : 10, 10, 10, 10, 10, 10, 10, 10, 10, 10, 10, 10, 10, 10, 10, 10, 10, 10, 2, 10, 10, 16, 10, 10, 13, 10, 10, 10, 10, 10, 10, 10, 1, 10, 10, 10, 20, 1, 10, 10, 10, 10, 10, 10, 
188: 10, 0, 0, 10, 0, 0, 10, 10, 0, 10, 0, 10, 0, 0, 0, 0, 10, 10, 10, 10, 0, 0, 10, 0, 10, 10, 0, 0, 0, 0, 10, 10, 0, 10, 0, 0, 0, 1, 10, 10, 0, 10, 0, 0, 10, 10, 10, 0, 0, 0, 0, 0, 10, 0, 10, 10, 0, 10, 0, 10, 10, 0, 10, 0, 0, 10, 0, 10, 10, 10, 10, 10, 10, 0, 0, 10, 10, 10, 10, 10, : 10, 10, 10, 10, 10, 10, 10, 10, 10, 10, 10, 10, 10, 10, 10, 10, 1, 10, 10, 10, 10, 10, 10, 10, 10, 10, 10, 10, 10, 10, 10, 10, 10, 10, 10, 10, 10, 10, 10, 10, 10, 10, 
432: 0, 10, 0, 0, 0, 0, 10, 0, 0, 10, 11, 10, 10, 10, 10, 12, 0, 10, 10, 0, 10, 0, 10, 0, 0, 0, 0, 0, 0, 0, 0, 10, 10, 0, 10, 0, 0, 10, 10, 0, 0, 0, 10, 0, 0, 0, 0, 0, 0, 0, 0, 0, 10, 0, 10, 0, 0, 10, 0, 18, 0, 10, 10, 0, 0, 0, 10, 0, 0, 0, 0, 0, 0, 0, 10, 10, 10, 0, 0, 0, : 10, 10, 10, 11, 10, 10, 10, 10, 12, 10, 10, 10, 10, 10, 10, 10, 10, 10, 10, 10, 10, 10, 18, 10, 10, 10, 10, 10, 10, 
177: 10, 0, 6, 10, 10, 10, 0, 0, 0, 0, 10, 0, 10, 10, 10, 10, 0, 0, 10, 10, 0, 10, 10, 0, 10, 10, 0, 10, 0, 17, 12, 0, 10, 10, 10, 0, 0, 10, 10, 0, 0, 0, 10, 0, 10, 10, 0, 10, 10, 10, 10, 10, 10, 10, 0, 10, 10, 0, 10, 0, 0, 0, 0, 10, 0, 0, 10, 10, 10, 10, 10, 0, 10, 10, 0, 10, 0, 0, 0, 18, : 10, 6, 10, 10, 10, 10, 10, 10, 10, 10, 10, 10, 10, 10, 10, 10, 10, 17, 12, 10, 10, 10, 10, 10, 10, 10, 10, 10, 10, 10, 10, 10, 10, 10, 10, 10, 10, 10, 10, 10, 10, 10, 10, 10, 10, 10, 18, 
459: 10, 10, 10, 0, 0, 10, 10, 10, 10, 10, 10, 10, 0, 10, 10, 10, 0, 10, 1, 0, 10, 10, 0, 0, 0, 10, 10, 10, 10, 10, 0, 10, 10, 0, 0, 4, 10, 10, 0, 5, 10, 10, 19, 10, 0, 0, 0, 0, 10, 10, 0, 0, 0, 10, 10, 0, 1, 10, 4, 0, 0, 0, 0, 0, 0, 0, 0, 0, 0, 0, 0, 10, 10, 0, 0, 0, 10, 0, 10, 0, : 10, 10, 10, 10, 10, 10, 10, 10, 10, 10, 10, 10, 10, 10, 1, 10, 10, 10, 10, 10, 10, 10, 10, 10, 4, 10, 10, 5, 10, 10, 19, 10, 10, 10, 10, 10, 1, 10, 4, 10, 10, 10, 10, 
401: 0, 0, 0, 0, 10, 0, 0, 0, 10, 10, 10, 0, 10, 10, 0, 0, 0, 10, 0, 10, 10, 10, 0, 10, 10, 0, 0, 10, 10, 10, 0, 0, 0, 0, 0, 10, 1, 10, 0, 15, 0, 2, 10, 10, 0, 10, 0, 10, 0, 0, 10, 0, 10, 0, 0, 10, 10, 0, 0, 10, 10, 10, 10, 0, 10, 10, 10, 0, 10, 0, 0, 0, 10, 10, 10, 10, 0, 0, 1, 0, : 10, 10, 10, 10, 10, 10, 10, 10, 10, 10, 10, 10, 10, 10, 10, 10, 1, 10, 15, 2, 10, 10, 10, 10, 10, 10, 10, 10, 10, 10, 10, 10, 10, 10, 10, 10, 10, 10, 10, 10, 1, 
719: 10, 10, 0, 0, 10, 10, 10, 0, 10, 0, 10, 10, 10, 10, 10, 0, 0, 0, 0, 0, 14, 0, 10, 10, 10, 0, 10, 0, 10, 10, 0, 0, 10, 0, 0, 10, 0, 0, 8, 0, 0, 0, 10, 10, 0, 0, 10, 0, 0, 10, 10, 10, 10, 10, 5, 10, 10, 0, 10, 10, 10, 10, 0, 0, 0, 0, 1, 10, 10, 0, 10, 10, 1, 0, 10, 0, 0, 0, 0, 10, : 10, 10, 10, 10, 10, 10, 10, 10, 10, 10, 10, 14, 10, 10, 10, 10, 10, 10, 10, 10, 8, 10, 10, 10, 10, 10, 10, 10, 10, 5, 10, 10, 10, 10, 10, 10, 1, 10, 10, 10, 10, 1, 10, 10, 
502: 10, 10, 0, 0, 0, 0, 0, 10, 0, 10, 10, 10, 0, 0, 7, 10, 10, 10, 10, 0, 10, 0, 10, 0, 0, 10, 0, 0, 0, 10, 10, 0, 10, 10, 10, 10, 10, 0, 10, 0, 0, 0, 0, 10, 0, 10, 10, 10, 10, 10, 0, 0, 10, 10, 10, 10, 0, 18, 10, 0, 0, 10, 0, 0, 0, 10, 10, 10, 0, 10, 0, 10, 10, 10, 10, 0, 0, 0, 10, 10, : 10, 10, 10, 10, 10, 10, 7, 10, 10, 10, 10, 10, 10, 10, 10, 10, 10, 10, 10, 10, 10, 10, 10, 10, 10, 10, 10, 10, 10, 10, 10, 10, 18, 10, 10, 10, 10, 10, 10, 10, 10, 10, 10, 10, 10, 
718: 10, 0, 0, 10, 10, 10, 0, 0, 0, 0, 10, 1, 0, 10, 10, 0, 0, 10, 10, 10, 0, 10, 10, 18, 10, 0, 0, 0, 17, 10, 0, 10, 10, 10, 10, 0, 10, 0, 0, 0, 0, 0, 0, 10, 10, 10, 10, 10, 10, 10, 10, 0, 0, 10, 0, 10, 10, 10, 0, 0, 0, 0, 0, 0, 10, 10, 0, 0, 0, 1, 0, 10, 10, 0, 0, 0, 10, 10, 10, 10, : 10, 10, 10, 10, 10, 1, 10, 10, 10, 10, 10, 10, 10, 18, 10, 17, 10, 10, 10, 10, 10, 10, 10, 10, 10, 10, 10, 10, 10, 10, 10, 10, 10, 10, 10, 10, 1, 10, 10, 10, 10, 10, 10, 
577: 0, 0, 0, 10, 0, 10, 10, 9, 0, 0, 10, 0, 7, 0, 0, 0, 0, 0, 0, 0, 0, 0, 10, 0, 5, 8, 0, 10, 0, 4, 0, 10, 10, 10, 0, 0, 0, 0, 0, 0, 0, 0, 10, 0, 10, 0, 0, 5, 0, 1, 10, 10, 0, 0, 9, 10, 0, 10, 0, 10, 10, 0, 0, 0, 10, 0, 0, 0, 0, 10, 10, 0, 10, 10, 0, 0, 10, 0, 10, 0, : 10, 10, 10, 9, 10, 7, 10, 5, 8, 10, 4, 10, 10, 10, 10, 10, 5, 1, 10, 10, 9, 10, 10, 10, 10, 10, 10, 10, 10, 10, 10, 10, 
391: 10, 0, 10, 0, 0, 10, 10, 0, 0, 0, 10, 0, 10, 0, 0, 10, 10, 0, 10, 0, 0, 0, 0, 0, 10, 10, 0, 10, 0, 10, 10, 0, 2, 1, 10, 0, 10, 0, 0, 0, 10, 10, 0, 10, 10, 10, 0, 0, 0, 0, 10, 10, 10, 0, 0, 0, 0, 0, 0, 10, 0, 0, 10, 0, 10, 0, 10, 0, 3, 0, 10, 5, 10, 10, 0, 2, 0, 0, 0, 0, : 10, 10, 10, 10, 10, 10, 10, 10, 10, 10, 10, 10, 10, 10, 2, 1, 10, 10, 10, 10, 10, 10, 10, 10, 10, 10, 10, 10, 10, 10, 3, 10, 5, 10, 10, 2, 
112: 0, 0, 1, 0, 0, 0, 0, 10, 10, 0, 0, 10, 10, 0, 0, 0, 10, 10, 0, 0, 10, 0, 10, 10, 0, 10, 0, 10, 10, 0, 10, 0, 0, 10, 0, 0, 0, 0, 10, 0, 0, 6, 0, 10, 0, 0, 10, 0, 10, 10, 10, 0, 10, 10, 0, 0, 0, 4, 10, 0, 10, 0, 0, 10, 10, 7, 10, 10, 10, 10, 10, 10, 10, 10, 10, 0, 2, 0, 0, 0, : 1, 10, 10, 10, 10, 10, 10, 10, 10, 10, 10, 10, 10, 10, 10, 10, 6, 10, 10, 10, 10, 10, 10, 10, 4, 10, 10, 10, 10, 7, 10, 10, 10, 10, 10, 10, 10, 10, 10, 2, 
521: 0, 10, 0, 0, 10, 10, 10, 10, 10, 10, 0, 0, 1, 10, 10, 0, 0, 0, 0, 10, 0, 10, 0, 0, 10, 10, 17, 0, 10, 10, 10, 10, 0, 0, 0, 10, 0, 0, 0, 0, 0, 0, 0, 10, 10, 10, 10, 10, 10, 0, 10, 10, 0, 0, 10, 10, 0, 10, 10, 0, 10, 10, 10, 10, 0, 10, 0, 10, 10, 0, 10, 0, 10, 0, 10, 10, 10, 0, 10, 6, : 10, 10, 10, 10, 10, 10, 10, 1, 10, 10, 10, 10, 10, 10, 17, 10, 10, 10, 10, 10, 10, 10, 10, 10, 10, 10, 10, 10, 10, 10, 10, 10, 10, 10, 10, 10, 10, 10, 10, 10, 10, 10, 10, 10, 10, 6, 
302: 4, 10, 0, 0, 10, 10, 10, 10, 10, 0, 10, 10, 10, 1, 0, 0, 0, 10, 10, 10, 0, 0, 0, 10, 0, 0, 10, 10, 0, 0, 10, 10, 0, 0, 0, 10, 10, 10, 0, 10, 0, 0, 10, 0, 10, 0, 10, 10, 0, 0, 0, 0, 0, 0, 10, 10, 0, 0, 10, 0, 10, 10, 9, 10, 10, 10, 10, 0, 1, 10, 10, 0, 10, 0, 10, 0, 10, 0, 10, 10, : 4, 10, 10, 10, 10, 10, 10, 10, 10, 10, 1, 10, 10, 10, 10, 10, 10, 10, 10, 10, 10, 10, 10, 10, 10, 10, 10, 10, 10, 10, 10, 10, 9, 10, 10, 10, 10, 1, 10, 10, 10, 10, 10, 10, 10, 
510: 10, 10, 0, 10, 0, 10, 0, 0, 1, 0, 10, 10, 10, 10, 0, 10, 10, 10, 10, 10, 10, 10, 0, 0, 10, 10, 6, 0, 10, 11, 0, 10, 0, 0, 10, 10, 0, 10, 0, 0, 10, 0, 0, 9, 10, 10, 10, 10, 0, 0, 10, 10, 0, 0, 0, 0, 0, 10, 10, 3, 10, 10, 10, 10, 0, 10, 10, 10, 10, 0, 0, 0, 10, 10, 0, 10, 0, 0, 10, 0, : 10, 10, 10, 10, 1, 10, 10, 10, 10, 10, 10, 10, 10, 10, 10, 10, 10, 10, 6, 10, 11, 10, 10, 10, 10, 10, 9, 10, 10, 10, 10, 10, 10, 10, 10, 3, 10, 10, 10, 10, 10, 10, 10, 10, 10, 10, 10, 10, 
423: 0, 10, 10, 0, 0, 10, 10, 10, 10, 0, 10, 0, 2, 10, 0, 10, 0, 0, 0, 0, 10, 10, 0, 10, 10, 0, 0, 0, 0, 10, 0, 10, 0, 10, 0, 0, 10, 10, 10, 10, 0, 0, 0, 10, 0, 10, 10, 10, 0, 0, 10, 10, 10, 10, 0, 10, 16, 10, 10, 10, 10, 0, 0, 0, 10, 0, 0, 10, 0, 10, 10, 10, 10, 0, 10, 0, 10, 0, 10, 3, : 10, 10, 10, 10, 10, 10, 10, 2, 10, 10, 10, 10, 10, 10, 10, 10, 10, 10, 10, 10, 10, 10, 10, 10, 10, 10, 10, 10, 10, 10, 16, 10, 10, 10, 10, 10, 10, 10, 10, 10, 10, 10, 10, 10, 3, 
268: 10, 0, 10, 10, 10, 0, 0, 0, 10, 0, 10, 10, 10, 0, 0, 0, 0, 10, 10, 10, 0, 10, 0, 10, 0, 0, 10, 10, 10, 10, 10, 10, 10, 10, 10, 0, 0, 0, 0, 0, 0, 0, 10, 10, 0, 0, 10, 10, 0, 10, 0, 0, 10, 10, 0, 0, 0, 10, 0, 10, 0, 10, 10, 10, 10, 0, 10, 0, 18, 10, 2, 6, 10, 10, 10, 10, 10, 10, 10, 0, : 10, 10, 10, 10, 10, 10, 10, 10, 10, 10, 10, 10, 10, 10, 10, 10, 10, 10, 10, 10, 10, 10, 10, 10, 10, 10, 10, 10, 10, 10, 10, 10, 10, 10, 10, 10, 18, 10, 2, 6, 10, 10, 10, 10, 10, 10, 10, 
496: 10, 0, 0, 0, 10, 10, 0, 10, 0, 10, 0, 10, 10, 0, 10, 0, 10, 10, 4, 10, 10, 10, 10, 10, 0, 10, 10, 0, 0, 10, 10, 0, 10, 0, 0, 0, 10, 10, 10, 0, 10, 10, 0, 0, 0, 0, 0, 10, 0, 0, 10, 0, 10, 10, 10, 10, 10, 0, 0, 0, 0, 0, 10, 10, 10, 10, 10, 10, 0, 0, 0, 0, 10, 0, 0, 10, 0, 0, 0, 10, : 10, 10, 10, 10, 10, 10, 10, 10, 10, 10, 4, 10, 10, 10, 10, 10, 10, 10, 10, 10, 10, 10, 10, 10, 10, 10, 10, 10, 10, 10, 10, 10, 10, 10, 10, 10, 10, 10, 10, 10, 10, 10, 
789: 0, 10, 10, 0, 0, 10, 0, 0, 10, 0, 0, 0, 10, 10, 10, 0, 0, 0, 0, 10, 10, 0, 2, 10, 0, 10, 0, 0, 10, 0, 10, 0, 10, 0, 8, 0, 10, 10, 10, 10, 10, 10, 0, 0, 0, 10, 10, 0, 10, 0, 0, 0, 2, 10, 10, 10, 0, 0, 10, 10, 10, 0, 4, 10, 0, 10, 10, 10, 0, 0, 0, 0, 10, 0, 2, 0, 1, 10, 10, 0, : 10, 10, 10, 10, 10, 10, 10, 10, 10, 2, 10, 10, 10, 10, 10, 8, 10, 10, 10, 10, 10, 10, 10, 10, 10, 2, 10, 10, 10, 10, 10, 10, 4, 10, 10, 10, 10, 10, 2, 1, 10, 10, 
45: 0, 10, 10, 10, 10, 0, 0, 0, 0, 10, 0, 0, 0, 10, 10, 10, 10, 10, 10, 0, 0, 10, 11, 10, 0, 10, 10, 10, 0, 10, 1, 0, 10, 10, 0, 10, 10, 0, 10, 0, 10, 10, 0, 0, 10, 0, 0, 10, 0, 0, 10, 0, 10, 10, 10, 0, 0, 0, 0, 0, 10, 13, 0, 0, 10, 10, 10, 0, 10, 10, 10, 10, 10, 10, 0, 0, 0, 10, 0, 10, : 10, 10, 10, 10, 10, 10, 10, 10, 10, 10, 10, 10, 11, 10, 10, 10, 10, 10, 1, 10, 10, 10, 10, 10, 10, 10, 10, 10, 10, 10, 10, 10, 10, 13, 10, 10, 10, 10, 10, 10, 10, 10, 10, 10, 10, 
629: 0, 1, 10, 0, 10, 10, 10, 0, 0, 0, 0, 0, 10, 10, 10, 10, 0, 0, 10, 10, 10, 10, 0, 0, 10, 10, 10, 0, 0, 10, 0, 0, 10, 10, 10, 0, 0, 10, 10, 0, 10, 0, 10, 10, 10, 0, 0, 10, 10, 2, 10, 10, 0, 0, 0, 0, 0, 0, 10, 10, 10, 10, 10, 0, 0, 10, 10, 0, 10, 0, 10, 10, 0, 0, 0, 0, 0, 0, 10, 10, : 1, 10, 10, 10, 10, 10, 10, 10, 10, 10, 10, 10, 10, 10, 10, 10, 10, 10, 10, 10, 10, 10, 10, 10, 10, 10, 10, 10, 2, 10, 10, 10, 10, 10, 10, 10, 10, 10, 10, 10, 10, 10, 10, 
61: 0, 10, 10, 0, 0, 10, 0, 10, 10, 0, 0, 10, 1, 0, 0, 0, 0, 10, 10, 10, 0, 0, 10, 10, 10, 0, 10, 10, 10, 0, 10, 0, 10, 10, 0, 10, 10, 0, 1, 10, 10, 10, 0, 10, 10, 10, 0, 0, 0, 0, 0, 10, 10, 0, 0, 0, 0, 0, 10, 0, 10, 10, 10, 10, 10, 10, 0, 0, 0, 10, 10, 10, 10, 10, 0, 0, 0, 10, 0, 17, : 10, 10, 10, 10, 10, 10, 1, 10, 10, 10, 10, 10, 10, 10, 10, 10, 10, 10, 10, 10, 10, 1, 10, 10, 10, 10, 10, 10, 10, 10, 10, 10, 10, 10, 10, 10, 10, 10, 10, 10, 10, 10, 10, 17, 
797: 10, 10, 10, 10, 0, 2, 0, 0, 10, 0, 1, 0, 0, 0, 10, 10, 0, 10, 0, 0, 0, 0, 0, 0, 10, 10, 0, 10, 0, 20, 10, 2, 0, 0, 10, 10, 10, 0, 10, 10, 0, 0, 0, 0, 0, 0, 0, 0, 0, 0, 10, 0, 0, 10, 0, 0, 10, 0, 0, 0, 10, 10, 10, 4, 0, 10, 0, 0, 10, 10, 19, 10, 0, 0, 0, 10, 0, 10, 0, 10, : 10, 10, 10, 10, 2, 10, 1, 10, 10, 10, 10, 10, 10, 20, 10, 2, 10, 10, 10, 10, 10, 10, 10, 10, 10, 10, 10, 4, 10, 10, 10, 19, 10, 10, 10, 10, 
209: 10, 10, 10, 0, 0, 0, 0, 0, 0, 10, 10, 0, 0, 0, 10, 0, 0, 0, 0, 0, 10, 10, 0, 0, 0, 10, 10, 0, 10, 0, 10, 0, 0, 10, 10, 10, 0, 0, 0, 10, 10, 0, 0, 10, 10, 5, 10, 10, 0, 10, 0, 10, 10, 10, 0, 0, 10, 0, 10, 10, 10, 0, 0, 0, 10, 10, 10, 0, 0, 0, 10, 0, 0, 10, 0, 10, 10, 10, 10, 10, : 10, 10, 10, 10, 10, 10, 10, 10, 10, 10, 10, 10, 10, 10, 10, 10, 10, 10, 10, 5, 10, 10, 10, 10, 10, 10, 10, 10, 10, 10, 10, 10, 10, 10, 10, 10, 10, 10, 10, 10, 
645: 0, 0, 10, 0, 10, 10, 0, 0, 0, 0, 2, 0, 0, 0, 10, 10, 10, 10, 10, 10, 10, 10, 10, 0, 10, 0, 10, 10, 10, 0, 10, 0, 0, 0, 0, 0, 0, 0, 0, 10, 0, 10, 0, 0, 10, 0, 10, 0, 0, 10, 0, 10, 0, 10, 0, 10, 10, 10, 10, 0, 0, 0, 10, 0, 0, 0, 10, 10, 10, 10, 5, 1, 10, 10, 10, 10, 10, 0, 10, 0, : 10, 10, 10, 2, 10, 10, 10, 10, 10, 10, 10, 10, 10, 10, 10, 10, 10, 10, 10, 10, 10, 10, 10, 10, 10, 10, 10, 10, 10, 10, 10, 10, 10, 10, 5, 1, 10, 10, 10, 10, 10, 10, 
699: 0, 4, 10, 0, 10, 0, 10, 0, 10, 0, 0, 10, 0, 0, 10, 10, 0, 10, 10, 10, 0, 0, 10, 0, 10, 0, 10, 18, 0, 0, 5, 0, 0, 10, 10, 10, 10, 10, 10, 0, 10, 0, 0, 0, 0, 0, 0, 10, 10, 0, 10, 0, 10, 0, 10, 0, 0, 10, 0, 18, 0, 10, 10, 0, 10, 10, 10, 10, 10, 10, 0, 0, 0, 0, 10, 10, 10, 10, 10, 0, : 4, 10, 10, 10, 10, 10, 10, 10, 10, 10, 10, 10, 10, 10, 18, 5, 10, 10, 10, 10, 10, 10, 10, 10, 10, 10, 10, 10, 10, 18, 10, 10, 10, 10, 10, 10, 10, 10, 10, 10, 10, 10, 10, 
382: 0, 0, 7, 10, 10, 0, 0, 10, 10, 0, 0, 2, 10, 0, 10, 0, 10, 0, 0, 10, 0, 0, 10, 10, 0, 10, 10, 10, 10, 0, 10, 0, 0, 10, 0, 0, 10, 0, 10, 10, 10, 10, 6, 0, 2, 10, 0, 10, 0, 10, 0, 10, 10, 10, 0, 0, 10, 0, 10, 0, 0, 0, 10, 0, 10, 0, 0, 10, 10, 10, 0, 0, 0, 10, 10, 10, 0, 0, 10, 10, : 7, 10, 10, 10, 10, 2, 10, 10, 10, 10, 10, 10, 10, 10, 10, 10, 10, 10, 10, 10, 10, 10, 10, 6, 2, 10, 10, 10, 10, 10, 10, 10, 10, 10, 10, 10, 10, 10, 10, 10, 10, 10, 10, 
794: 10, 0, 10, 0, 0, 0, 10, 0, 10, 0, 0, 10, 0, 10, 0, 10, 10, 0, 0, 10, 0, 1, 10, 10, 10, 10, 10, 0, 0, 0, 4, 10, 0, 0, 10, 10, 3, 10, 0, 10, 1, 1, 10, 0, 10, 10, 0, 0, 0, 0, 0, 10, 10, 1, 0, 10, 10, 10, 0, 10, 10, 0, 10, 10, 0, 15, 0, 10, 10, 0, 0, 10, 10, 0, 4, 0, 0, 10, 0, 0, : 10, 10, 10, 10, 10, 10, 10, 10, 10, 1, 10, 10, 10, 10, 10, 4, 10, 10, 10, 3, 10, 10, 1, 1, 10, 10, 10, 10, 10, 1, 10, 10, 10, 10, 10, 10, 10, 15, 10, 10, 10, 10, 4, 10, 
583: 0, 0, 0, 10, 10, 10, 0, 0, 0, 0, 0, 1, 0, 1, 10, 10, 10, 0, 0, 10, 0, 0, 10, 0, 10, 0, 10, 0, 10, 0, 10, 10, 0, 10, 0, 10, 10, 0, 0, 10, 10, 0, 10, 10, 10, 10, 10, 0, 0, 10, 0, 0, 0, 0, 10, 10, 10, 10, 0, 2, 0, 10, 10, 10, 0, 0, 0, 10, 0, 10, 0, 0, 10, 0, 0, 10, 0, 10, 10, 10, : 10, 10, 10, 1, 1, 10, 10, 10, 10, 10, 10, 10, 10, 10, 10, 10, 10, 10, 10, 10, 10, 10, 10, 10, 10, 10, 10, 10, 10, 10, 2, 10, 10, 10, 10, 10, 10, 10, 10, 10, 10, 
757: 10, 0, 10, 0, 0, 0, 10, 0, 0, 0, 0, 10, 0, 10, 10, 10, 10, 0, 0, 0, 10, 10, 0, 0, 0, 10, 0, 0, 10, 0, 10, 10, 0, 0, 10, 0, 0, 0, 0, 0, 10, 10, 10, 10, 0, 10, 0, 0, 0, 0, 0, 10, 0, 0, 0, 10, 10, 0, 0, 10, 10, 10, 0, 0, 0, 0, 10, 10, 0, 1, 0, 10, 3, 10, 10, 10, 10, 10, 0, 0, : 10, 10, 10, 10, 10, 10, 10, 10, 10, 10, 10, 10, 10, 10, 10, 10, 10, 10, 10, 10, 10, 10, 10, 10, 10, 10, 10, 10, 1, 10, 3, 10, 10, 10, 10, 10, 
44: 10, 0, 10, 10, 0, 10, 10, 5, 1, 10, 0, 10, 0, 10, 10, 0, 0, 0, 10, 0, 10, 10, 0, 10, 10, 0, 0, 10, 0, 0, 0, 0, 0, 0, 0, 10, 0, 10, 10, 10, 0, 0, 0, 10, 10, 0, 0, 0, 0, 10, 10, 0, 0, 0, 10, 10, 10, 10, 0, 10, 0, 10, 10, 10, 0, 0, 10, 10, 0, 10, 0, 10, 0, 0, 0, 0, 0, 0, 0, 0, : 10, 10, 10, 10, 10, 5, 1, 10, 10, 10, 10, 10, 10, 10, 10, 10, 10, 10, 10, 10, 10, 10, 10, 10, 10, 10, 10, 10, 10, 10, 10, 10, 10, 10, 10, 10, 10, 
154: 0, 10, 10, 0, 10, 10, 0, 10, 10, 0, 0, 0, 0, 10, 10, 1, 10, 10, 0, 10, 20, 10, 10, 0, 0, 0, 10, 10, 10, 0, 0, 10, 0, 0, 10, 0, 0, 0, 10, 10, 10, 10, 10, 0, 10, 0, 10, 10, 0, 10, 10, 10, 0, 10, 10, 0, 0, 10, 0, 0, 10, 0, 10, 10, 1, 0, 1, 0, 10, 10, 0, 10, 0, 0, 10, 10, 0, 0, 4, 0, : 10, 10, 10, 10, 10, 10, 10, 10, 1, 10, 10, 10, 20, 10, 10, 10, 10, 10, 10, 10, 10, 10, 10, 10, 10, 10, 10, 10, 10, 10, 10, 10, 10, 10, 10, 10, 10, 1, 1, 10, 10, 10, 10, 10, 4, 
79: 10, 10, 0, 10, 0, 10, 10, 10, 10, 10, 0, 10, 0, 10, 10, 0, 0, 10, 0, 10, 0, 0, 0, 10, 10, 10, 10, 0, 10, 10, 10, 0, 10, 0, 10, 0, 10, 10, 0, 4, 10, 10, 0, 0, 10, 10, 0, 10, 10, 10, 10, 10, 0, 0, 2, 10, 10, 10, 10, 0, 10, 0, 0, 10, 10, 10, 0, 10, 10, 0, 0, 0, 10, 10, 0, 0, 10, 0, 0, 0, : 10, 10, 10, 10, 10, 10, 10, 10, 10, 10, 10, 10, 10, 10, 10, 10, 10, 10, 10, 10, 10, 10, 10, 10, 4, 10, 10, 10, 10, 10, 10, 10, 10, 10, 2, 10, 10, 10, 10, 10, 10, 10, 10, 10, 10, 10, 10, 10, 
450: 10, 10, 0, 0, 10, 0, 0, 10, 10, 10, 0, 0, 5, 10, 0, 10, 10, 10, 0, 0, 0, 0, 10, 10, 0, 10, 10, 10, 2, 0, 10, 10, 0, 0, 10, 10, 0, 10, 10, 10, 10, 10, 10, 0, 10, 2, 10, 0, 10, 10, 0, 0, 10, 10, 0, 10, 10, 0, 10, 10, 0, 0, 0, 0, 0, 0, 10, 2, 10, 10, 10, 2, 10, 10, 10, 0, 0, 10, 10, 10, : 10, 10, 10, 10, 10, 10, 5, 10, 10, 10, 10, 10, 10, 10, 10, 10, 2, 10, 10, 10, 10, 10, 10, 10, 10, 10, 10, 10, 2, 10, 10, 10, 10, 10, 10, 10, 10, 10, 10, 2, 10, 10, 10, 2, 10, 10, 10, 10, 10, 10, 
720: 0, 10, 0, 1, 10, 4, 0, 10, 0, 14, 10, 10, 10, 10, 0, 10, 17, 0, 0, 0, 0, 0, 10, 0, 10, 10, 0, 10, 10, 10, 0, 0, 10, 10, 0, 0, 10, 0, 0, 0, 0, 10, 0, 0, 10, 0, 10, 10, 10, 1, 10, 10, 0, 0, 0, 0, 10, 0, 0, 0, 10, 10, 4, 10, 0, 0, 0, 0, 0, 0, 10, 0, 0, 0, 0, 0, 0, 10, 0, 10, : 10, 1, 10, 4, 10, 14, 10, 10, 10, 10, 10, 17, 10, 10, 10, 10, 10, 10, 10, 10, 10, 10, 10, 10, 10, 10, 1, 10, 10, 10, 10, 10, 4, 10, 10, 10, 10, 
339: 10, 0, 10, 10, 0, 10, 10, 0, 0, 0, 10, 0, 10, 10, 0, 0, 0, 10, 10, 0, 10, 10, 10, 10, 10, 0, 10, 10, 0, 0, 0, 10, 10, 10, 10, 0, 10, 0, 3, 0, 10, 0, 0, 10, 10, 10, 0, 10, 10, 10, 0, 10, 0, 0, 0, 10, 10, 0, 10, 10, 10, 0, 10, 10, 10, 0, 0, 4, 0, 0, 10, 10, 10, 0, 0, 0, 5, 10, 10, 10, : 10, 10, 10, 10, 10, 10, 10, 10, 10, 10, 10, 10, 10, 10, 10, 10, 10, 10, 10, 10, 10, 10, 3, 10, 10, 10, 10, 10, 10, 10, 10, 10, 10, 10, 10, 10, 10, 10, 10, 4, 10, 10, 10, 5, 10, 10, 10, 
507: 0, 0, 10, 10, 10, 10, 0, 10, 0, 10, 10, 0, 0, 0, 10, 0, 10, 0, 0, 0, 0, 10, 0, 0, 0, 0, 0, 0, 0, 0, 0, 10, 10, 10, 10, 0, 0, 10, 10, 10, 10, 1, 10, 0, 0, 10, 10, 0, 0, 10, 0, 10, 0, 0, 0, 10, 0, 10, 0, 10, 0, 10, 0, 10, 0, 10, 10, 10, 0, 10, 0, 0, 10, 10, 10, 1, 10, 10, 0, 0, : 10, 10, 10, 10, 10, 10, 10, 10, 10, 10, 10, 10, 10, 10, 10, 10, 10, 10, 1, 10, 10, 10, 10, 10, 10, 10, 10, 10, 10, 10, 10, 10, 10, 10, 10, 10, 1, 10, 10, 
307: 10, 10, 10, 0, 0, 0, 3, 0, 10, 10, 0, 0, 0, 10, 10, 10, 10, 0, 10, 0, 10, 0, 0, 0, 0, 0, 0, 0, 0, 9, 10, 0, 10, 0, 0, 10, 0, 0, 0, 0, 10, 10, 10, 10, 10, 10, 0, 0, 10, 0, 0, 10, 10, 0, 10, 0, 10, 14, 0, 10, 10, 0, 10, 10, 10, 10, 0, 0, 0, 0, 10, 10, 0, 10, 10, 10, 10, 0, 0, 0, : 10, 10, 10, 3, 10, 10, 10, 10, 10, 10, 10, 10, 9, 10, 10, 10, 10, 10, 10, 10, 10, 10, 10, 10, 10, 10, 10, 14, 10, 10, 10, 10, 10, 10, 10, 10, 10, 10, 10, 10, 
269: 0, 0, 10, 0, 3, 0, 0, 10, 0, 10, 0, 10, 10, 10, 10, 0, 0, 0, 10, 10, 0, 0, 0, 10, 10, 0, 10, 0, 0, 10, 0, 10, 10, 10, 0, 10, 10, 10, 0, 10, 0, 10, 0, 10, 10, 10, 10, 0, 2, 10, 0, 0, 10, 10, 10, 10, 10, 10, 0, 0, 10, 10, 0, 0, 10, 10, 0, 0, 10, 0, 10, 10, 0, 0, 10, 0, 0, 10, 10, 0, : 10, 3, 10, 10, 10, 10, 10, 10, 10, 10, 10, 10, 10, 10, 10, 10, 10, 10, 10, 10, 10, 10, 10, 10, 10, 10, 2, 10, 10, 10, 10, 10, 10, 10, 10, 10, 10, 10, 10, 10, 10, 10, 10, 10, 
237: 0, 10, 0, 10, 10, 0, 0, 0, 0, 0, 0, 0, 0, 10, 10, 0, 0, 10, 0, 10, 0, 10, 10, 10, 0, 0, 10, 0, 10, 10, 0, 0, 10, 0, 0, 0, 10, 0, 0, 10, 0, 10, 10, 10, 10, 10, 10, 0, 0, 0, 10, 0, 10, 0, 0, 0, 0, 10, 0, 0, 0, 10, 0, 10, 0, 0, 10, 10, 0, 0, 0, 10, 0, 10, 0, 0, 0, 10, 0, 10, : 10, 10, 10, 10, 10, 10, 10, 10, 10, 10, 10, 10, 10, 10, 10, 10, 10, 10, 10, 10, 10, 10, 10, 10, 10, 10, 10, 10, 10, 10, 10, 10, 10, 
445: 10, 10, 10, 0, 10, 10, 10, 10, 0, 0, 10, 0, 10, 0, 0, 10, 0, 0, 0, 10, 10, 10, 0, 10, 10, 10, 0, 0, 0, 0, 10, 10, 10, 0, 0, 0, 10, 0, 0, 10, 10, 0, 10, 0, 0, 10, 10, 10, 10, 0, 10, 0, 10, 0, 10, 10, 0, 10, 0, 0, 10, 10, 10, 10, 0, 0, 3, 0, 0, 0, 0, 0, 0, 10, 10, 10, 10, 0, 0, 10, : 10, 10, 10, 10, 10, 10, 10, 10, 10, 10, 10, 10, 10, 10, 10, 10, 10, 10, 10, 10, 10, 10, 10, 10, 10, 10, 10, 10, 10, 10, 10, 10, 10, 10, 10, 10, 3, 10, 10, 10, 10, 10, 
344: 10, 0, 0, 0, 10, 0, 10, 0, 0, 0, 1, 0, 10, 10, 0, 0, 0, 13, 0, 0, 0, 0, 0, 0, 0, 10, 0, 0, 0, 10, 0, 0, 6, 10, 0, 0, 0, 0, 0, 0, 10, 13, 0, 0, 10, 0, 0, 13, 10, 0, 10, 10, 10, 10, 10, 10, 10, 10, 10, 10, 0, 10, 0, 10, 10, 10, 10, 10, 10, 10, 0, 0, 10, 0, 0, 1, 10, 10, 0, 0, : 10, 10, 10, 1, 10, 10, 13, 10, 10, 6, 10, 10, 13, 10, 13, 10, 10, 10, 10, 10, 10, 10, 10, 10, 10, 10, 10, 10, 10, 10, 10, 10, 10, 10, 10, 1, 10, 10, 
100: 10, 10, 0, 10, 0, 10, 0, 0, 10, 10, 0, 0, 0, 2, 0, 10, 10, 0, 0, 0, 10, 0, 10, 0, 10, 0, 10, 0, 0, 0, 10, 0, 10, 10, 10, 10, 10, 0, 10, 10, 10, 0, 0, 0, 0, 1, 10, 10, 10, 10, 10, 10, 0, 0, 1, 10, 10, 10, 0, 0, 10, 10, 10, 10, 0, 5, 0, 10, 10, 10, 10, 0, 10, 10, 0, 10, 0, 10, 0, 15, : 10, 10, 10, 10, 10, 10, 2, 10, 10, 10, 10, 10, 10, 10, 10, 10, 10, 10, 10, 10, 10, 10, 1, 10, 10, 10, 10, 10, 10, 1, 10, 10, 10, 10, 10, 10, 10, 5, 10, 10, 10, 10, 10, 10, 10, 10, 15, 
792: 10, 10, 10, 10, 10, 0, 10, 10, 10, 0, 0, 10, 0, 10, 0, 10, 0, 10, 10, 10, 0, 0, 10, 5, 0, 0, 10, 10, 0, 10, 0, 10, 0, 0, 0, 10, 10, 0, 10, 10, 10, 10, 0, 0, 0, 10, 10, 0, 0, 10, 0, 0, 0, 0, 10, 10, 0, 10, 3, 0, 10, 10, 0, 10, 10, 0, 10, 0, 0, 10, 0, 10, 0, 2, 10, 0, 10, 1, 10, 0, : 10, 10, 10, 10, 10, 10, 10, 10, 10, 10, 10, 10, 10, 10, 10, 5, 10, 10, 10, 10, 10, 10, 10, 10, 10, 10, 10, 10, 10, 10, 10, 10, 3, 10, 10, 10, 10, 10, 10, 10, 2, 10, 10, 1, 10, 
649: 0, 10, 0, 10, 10, 12, 10, 10, 0, 10, 10, 10, 0, 0, 10, 0, 10, 10, 10, 0, 10, 10, 0, 0, 0, 10, 1, 10, 10, 10, 10, 3, 10, 0, 0, 10, 0, 10, 10, 0, 10, 10, 10, 20, 0, 0, 10, 0, 10, 10, 0, 0, 10, 0, 10, 0, 0, 10, 3, 0, 0, 0, 0, 10, 0, 0, 0, 0, 0, 1, 0, 0, 0, 10, 0, 0, 0, 0, 10, 0, : 10, 10, 10, 12, 10, 10, 10, 10, 10, 10, 10, 10, 10, 10, 10, 10, 1, 10, 10, 10, 10, 3, 10, 10, 10, 10, 10, 10, 10, 20, 10, 10, 10, 10, 10, 10, 3, 10, 1, 10, 10, 
761: 10, 10, 10, 10, 0, 10, 10, 10, 10, 0, 10, 10, 0, 10, 10, 10, 0, 0, 0, 0, 10, 0, 0, 10, 0, 10, 0, 10, 10, 0, 0, 0, 0, 10, 0, 10, 0, 0, 10, 10, 10, 10, 0, 10, 0, 0, 0, 10, 10, 10, 0, 0, 0, 10, 10, 0, 19, 10, 10, 10, 0, 10, 0, 0, 10, 10, 10, 10, 0, 10, 10, 0, 3, 10, 10, 10, 0, 4, 10, 10, : 10, 10, 10, 10, 10, 10, 10, 10, 10, 10, 10, 10, 10, 10, 10, 10, 10, 10, 10, 10, 10, 10, 10, 10, 10, 10, 10, 10, 10, 10, 19, 10, 10, 10, 10, 10, 10, 10, 10, 10, 10, 3, 10, 10, 10, 4, 10, 10, 
92: 10, 10, 10, 10, 0, 10, 10, 0, 10, 10, 10, 7, 8, 1, 10, 0, 0, 0, 10, 0, 0, 10, 10, 10, 10, 0, 0, 10, 0, 10, 3, 10, 0, 0, 0, 0, 2, 0, 10, 0, 0, 0, 0, 0, 10, 10, 0, 0, 0, 0, 10, 0, 0, 1, 0, 0, 0, 0, 10, 0, 0, 10, 0, 0, 10, 10, 10, 10, 0, 10, 0, 10, 0, 2, 0, 0, 10, 10, 0, 10, : 10, 10, 10, 10, 10, 10, 10, 10, 10, 7, 8, 1, 10, 10, 10, 10, 10, 10, 10, 10, 3, 10, 2, 10, 10, 10, 10, 1, 10, 10, 10, 10, 10, 10, 10, 10, 2, 10, 10, 10, 
181: 0, 10, 0, 0, 0, 10, 0, 0, 10, 0, 10, 0, 10, 0, 10, 0, 0, 10, 0, 10, 0, 0, 10, 2, 10, 0, 0, 10, 0, 0, 0, 0, 0, 10, 0, 10, 0, 10, 0, 10, 0, 10, 0, 0, 10, 10, 10, 10, 0, 10, 10, 0, 0, 0, 6, 0, 0, 0, 0, 10, 10, 0, 0, 0, 0, 10, 10, 0, 0, 10, 0, 0, 10, 10, 0, 10, 0, 0, 0, 10, : 10, 10, 10, 10, 10, 10, 10, 10, 10, 2, 10, 10, 10, 10, 10, 10, 10, 10, 10, 10, 10, 10, 10, 6, 10, 10, 10, 10, 10, 10, 10, 10, 10, 
783: 0, 0, 10, 10, 0, 0, 10, 1, 10, 10, 0, 10, 0, 0, 0, 10, 1, 10, 0, 10, 0, 10, 10, 0, 10, 0, 10, 0, 0, 2, 0, 0, 0, 0, 10, 0, 0, 10, 0, 0, 10, 10, 0, 5, 0, 0, 0, 0, 3, 10, 0, 10, 0, 10, 10, 10, 0, 10, 0, 0, 0, 10, 10, 10, 0, 10, 10, 0, 10, 10, 10, 1, 10, 10, 0, 10, 10, 0, 10, 0, : 10, 10, 10, 1, 10, 10, 10, 10, 1, 10, 10, 10, 10, 10, 10, 2, 10, 10, 10, 10, 5, 3, 10, 10, 10, 10, 10, 10, 10, 10, 10, 10, 10, 10, 10, 10, 1, 10, 10, 10, 10, 10, 
462: 0, 2, 0, 0, 0, 10, 10, 10, 0, 0, 10, 10, 10, 0, 0, 10, 10, 1, 0, 10, 10, 10, 0, 0, 0, 10, 10, 0, 10, 0, 10, 0, 0, 0, 0, 10, 10, 2, 0, 1, 0, 0, 10, 10, 10, 10, 10, 10, 10, 10, 10, 10, 10, 10, 10, 0, 10, 10, 10, 0, 0, 0, 0, 10, 0, 0, 0, 10, 10, 0, 10, 10, 0, 10, 6, 10, 0, 0, 0, 0, : 2, 10, 10, 10, 10, 10, 10, 10, 10, 1, 10, 10, 10, 10, 10, 10, 10, 10, 10, 2, 1, 10, 10, 10, 10, 10, 10, 10, 10, 10, 10, 10, 10, 10, 10, 10, 10, 10, 10, 10, 10, 10, 10, 6, 10, 
256: 10, 0, 0, 10, 10, 0, 0, 0, 0, 10, 10, 10, 10, 0, 0, 10, 10, 0, 10, 0, 10, 0, 10, 10, 10, 0, 0, 10, 10, 10, 0, 10, 10, 0, 0, 10, 10, 10, 10, 0, 10, 0, 10, 0, 0, 0, 10, 10, 10, 0, 0, 0, 10, 0, 10, 10, 0, 0, 0, 0, 0, 0, 0, 0, 10, 10, 0, 10, 10, 10, 10, 10, 0, 10, 0, 10, 0, 10, 0, 0, : 10, 10, 10, 10, 10, 10, 10, 10, 10, 10, 10, 10, 10, 10, 10, 10, 10, 10, 10, 10, 10, 10, 10, 10, 10, 10, 10, 10, 10, 10, 10, 10, 10, 10, 10, 10, 10, 10, 10, 10, 10, 
72: 10, 10, 10, 10, 10, 10, 10, 0, 0, 0, 10, 10, 10, 10, 0, 10, 10, 10, 10, 10, 10, 0, 10, 10, 0, 10, 10, 10, 10, 0, 0, 10, 0, 10, 0, 10, 10, 0, 10, 10, 0, 10, 0, 10, 0, 0, 0, 0, 10, 10, 0, 10, 1, 10, 10, 0, 10, 0, 10, 10, 10, 10, 10, 10, 0, 10, 0, 0, 0, 0, 16, 0, 2, 10, 10, 10, 0, 10, 0, 6, : 10, 10, 10, 10, 10, 10, 10, 10, 10, 10, 10, 10, 10, 10, 10, 10, 10, 10, 10, 10, 10, 10, 10, 10, 10, 10, 10, 10, 10, 10, 10, 10, 10, 10, 1, 10, 10, 10, 10, 10, 10, 10, 10, 10, 10, 16, 2, 10, 10, 10, 10, 6, 
124: 0, 0, 0, 10, 0, 0, 0, 10, 0, 10, 10, 10, 10, 10, 0, 0, 0, 1, 10, 10, 0, 4, 0, 10, 0, 10, 10, 10, 10, 0, 0, 10, 0, 0, 17, 0, 0, 10, 10, 10, 10, 0, 0, 10, 10, 10, 0, 10, 10, 1, 0, 10, 10, 20, 0, 10, 0, 0, 0, 10, 4, 0, 10, 0, 4, 10, 0, 10, 10, 0, 10, 0, 10, 10, 10, 1, 10, 0, 0, 10, : 10, 10, 10, 10, 10, 10, 10, 1, 10, 10, 4, 10, 10, 10, 10, 10, 10, 17, 10, 10, 10, 10, 10, 10, 10, 10, 10, 1, 10, 10, 20, 10, 10, 4, 10, 4, 10, 10, 10, 10, 10, 10, 10, 1, 10, 10, 
276: 0, 10, 0, 10, 0, 0, 0, 0, 0, 0, 0, 10, 10, 0, 10, 10, 10, 0, 0, 10, 10, 10, 0, 0, 0, 0, 0, 10, 0, 10, 0, 10, 0, 0, 10, 10, 0, 10, 0, 0, 10, 6, 0, 1, 0, 0, 0, 0, 0, 0, 10, 0, 10, 10, 0, 10, 10, 0, 0, 0, 10, 0, 10, 1, 0, 0, 0, 10, 10, 0, 0, 0, 10, 10, 10, 0, 10, 10, 10, 0, : 10, 10, 10, 10, 10, 10, 10, 10, 10, 10, 10, 10, 10, 10, 10, 10, 10, 6, 1, 10, 10, 10, 10, 10, 10, 10, 1, 10, 10, 10, 10, 10, 10, 10, 10, 
179: 0, 10, 2, 0, 10, 10, 10, 0, 10, 10, 10, 0, 10, 0, 10, 10, 0, 10, 10, 10, 0, 0, 10, 10, 0, 7, 0, 10, 0, 10, 10, 10, 10, 0, 0, 10, 0, 10, 0, 10, 0, 10, 10, 10, 10, 10, 5, 10, 0, 0, 0, 10, 0, 10, 0, 0, 0, 0, 10, 10, 0, 10, 17, 0, 10, 10, 0, 10, 0, 0, 10, 10, 0, 0, 10, 10, 10, 0, 10, 10, : 10, 2, 10, 10, 10, 10, 10, 10, 10, 10, 10, 10, 10, 10, 10, 10, 7, 10, 10, 10, 10, 10, 10, 10, 10, 10, 10, 10, 10, 10, 5, 10, 10, 10, 10, 10, 10, 17, 10, 10, 10, 10, 10, 10, 10, 10, 10, 10, 
375: 10, 0, 10, 0, 0, 10, 10, 0, 1, 10, 0, 0, 0, 0, 0, 0, 0, 10, 0, 1, 0, 10, 0, 0, 10, 0, 10, 0, 0, 0, 10, 0, 10, 0, 10, 10, 0, 10, 11, 0, 10, 4, 10, 0, 0, 10, 10, 10, 0, 10, 10, 0, 10, 0, 10, 0, 10, 10, 10, 10, 10, 10, 0, 0, 10, 0, 0, 0, 0, 0, 10, 10, 10, 10, 10, 0, 10, 0, 0, 0, : 10, 10, 10, 10, 1, 10, 10, 1, 10, 10, 10, 10, 10, 10, 10, 10, 11, 10, 4, 10, 10, 10, 10, 10, 10, 10, 10, 10, 10, 10, 10, 10, 10, 10, 10, 10, 10, 10, 10, 10, 
50: 10, 0, 10, 10, 0, 0, 0, 10, 10, 10, 10, 0, 0, 10, 10, 0, 10, 10, 0, 0, 0, 10, 10, 10, 10, 10, 0, 0, 0, 10, 0, 0, 10, 10, 10, 10, 10, 0, 10, 10, 10, 10, 0, 10, 0, 0, 10, 0, 10, 10, 10, 0, 0, 10, 10, 10, 0, 10, 10, 10, 10, 0, 10, 10, 10, 0, 10, 10, 10, 10, 10, 10, 0, 10, 0, 10, 0, 10, 10, 0, : 10, 10, 10, 10, 10, 10, 10, 10, 10, 10, 10, 10, 10, 10, 10, 10, 10, 10, 10, 10, 10, 10, 10, 10, 10, 10, 10, 10, 10, 10, 10, 10, 10, 10, 10, 10, 10, 10, 10, 10, 10, 10, 10, 10, 10, 10, 10, 10, 10, 10, 10, 
191: 10, 0, 0, 10, 10, 0, 6, 0, 10, 0, 10, 0, 10, 10, 0, 10, 10, 10, 10, 10, 0, 10, 0, 0, 0, 0, 0, 10, 0, 0, 0, 10, 10, 10, 0, 0, 17, 10, 0, 10, 0, 10, 10, 0, 0, 10, 0, 0, 0, 10, 0, 0, 0, 0, 0, 0, 10, 0, 0, 10, 10, 0, 1, 0, 10, 0, 0, 0, 10, 1, 0, 10, 0, 0, 1, 10, 0, 0, 10, 0, : 10, 10, 10, 6, 10, 10, 10, 10, 10, 10, 10, 10, 10, 10, 10, 10, 10, 10, 17, 10, 10, 10, 10, 10, 10, 10, 10, 10, 1, 10, 10, 1, 10, 1, 10, 10, 
673: 10, 10, 0, 10, 10, 0, 10, 10, 10, 13, 10, 10, 10, 10, 10, 10, 10, 0, 10, 0, 0, 10, 0, 10, 0, 10, 10, 10, 10, 10, 10, 10, 0, 2, 10, 10, 0, 0, 10, 0, 10, 10, 10, 10, 0, 7, 0, 10, 10, 0, 10, 5, 10, 10, 0, 0, 0, 0, 10, 0, 10, 10, 0, 0, 10, 0, 10, 0, 10, 0, 0, 10, 0, 0, 0, 10, 10, 0, 10, 0, : 10, 10, 10, 10, 10, 10, 10, 13, 10, 10, 10, 10, 10, 10, 10, 10, 10, 10, 10, 10, 10, 10, 10, 10, 10, 2, 10, 10, 10, 10, 10, 10, 10, 7, 10, 10, 10, 5, 10, 10, 10, 10, 10, 10, 10, 10, 10, 10, 10, 10, 
101: 10, 10, 0, 10, 10, 0, 10, 10, 0, 10, 0, 10, 1, 0, 8, 10, 10, 0, 0, 0, 10, 0, 10, 0, 10, 0, 0, 0, 3, 10, 0, 10, 0, 0, 10, 0, 10, 10, 10, 0, 10, 0, 0, 0, 10, 10, 10, 10, 0, 10, 0, 10, 0, 4, 0, 0, 10, 0, 0, 0, 0, 10, 0, 0, 0, 0, 10, 10, 10, 0, 10, 10, 10, 10, 0, 0, 0, 0, 10, 10, : 10, 10, 10, 10, 10, 10, 10, 10, 1, 8, 10, 10, 10, 10, 10, 3, 10, 10, 10, 10, 10, 10, 10, 10, 10, 10, 10, 10, 10, 4, 10, 10, 10, 10, 10, 10, 10, 10, 10, 10, 10, 
725: 0, 3, 10, 5, 0, 0, 0, 10, 10, 10, 0, 10, 10, 10, 0, 10, 10, 0, 0, 0, 10, 10, 10, 0, 0, 0, 0, 10, 10, 0, 10, 0, 0, 0, 0, 0, 10, 0, 0, 10, 0, 10, 0, 10, 10, 10, 0, 0, 10, 10, 10, 0, 0, 0, 10, 10, 10, 10, 10, 10, 0, 0, 10, 0, 0, 0, 0, 1, 10, 0, 10, 10, 0, 10, 10, 0, 0, 10, 10, 0, : 3, 10, 5, 10, 10, 10, 10, 10, 10, 10, 10, 10, 10, 10, 10, 10, 10, 10, 10, 10, 10, 10, 10, 10, 10, 10, 10, 10, 10, 10, 10, 10, 10, 1, 10, 10, 10, 10, 10, 10, 10, 
374: 0, 0, 0, 0, 0, 4, 10, 10, 1, 10, 0, 10, 0, 10, 0, 10, 0, 10, 10, 0, 10, 10, 0, 10, 0, 10, 10, 0, 10, 0, 0, 0, 10, 10, 10, 0, 0, 0, 0, 0, 0, 10, 10, 10, 1, 0, 10, 0, 10, 10, 10, 0, 10, 10, 10, 0, 0, 0, 10, 10, 18, 1, 0, 10, 10, 0, 10, 2, 0, 1, 10, 10, 0, 0, 0, 0, 10, 10, 10, 0, : 4, 10, 10, 1, 10, 10, 10, 10, 10, 10, 10, 10, 10, 10, 10, 10, 10, 10, 10, 10, 10, 10, 1, 10, 10, 10, 10, 10, 10, 10, 10, 10, 18, 1, 10, 10, 10, 2, 1, 10, 10, 10, 10, 10, 
708: 10, 10, 10, 10, 0, 10, 10, 0, 10, 10, 10, 10, 0, 10, 10, 0, 10, 0, 10, 0, 0, 0, 10, 0, 0, 0, 10, 10, 0, 0, 10, 0, 10, 20, 10, 10, 10, 10, 0, 10, 10, 0, 0, 0, 0, 10, 10, 0, 10, 0, 10, 10, 10, 10, 0, 0, 0, 0, 10, 0, 0, 0, 10, 0, 10, 10, 10, 10, 0, 10, 0, 10, 0, 10, 10, 10, 10, 10, 0, 0, : 10, 10, 10, 10, 10, 10, 10, 10, 10, 10, 10, 10, 10, 10, 10, 10, 10, 10, 10, 20, 10, 10, 10, 10, 10, 10, 10, 10, 10, 10, 10, 10, 10, 10, 10, 10, 10, 10, 10, 10, 10, 10, 10, 10, 10, 10, 
248: 10, 5, 10, 0, 0, 0, 0, 10, 10, 10, 10, 20, 10, 0, 10, 10, 0, 0, 0, 10, 10, 10, 0, 0, 0, 0, 10, 10, 10, 10, 0, 0, 0, 10, 10, 0, 10, 10, 10, 10, 0, 0, 0, 10, 0, 0, 0, 10, 10, 10, 11, 0, 0, 0, 0, 0, 10, 0, 0, 0, 0, 10, 0, 10, 10, 0, 0, 10, 10, 0, 2, 0, 0, 1, 0, 0, 10, 10, 0, 10, : 10, 5, 10, 10, 10, 10, 10, 20, 10, 10, 10, 10, 10, 10, 10, 10, 10, 10, 10, 10, 10, 10, 10, 10, 10, 10, 10, 10, 11, 10, 10, 10, 10, 10, 10, 2, 1, 10, 10, 10, 


457: 0, 10, 10, 10, 0, 1, 0, 10, 0, 0, 10, 0, 10, 0, 10, 10, 10, 0, 10, 10, 0, 0, 0, 10, 10, 10, 10, 0, 0, 0, 0, 10, 0, 3, 10, 0, 10, 10, 10, 14, 0, 10, 10, 10, 0, 10, 0, 0, 0, 10, 10, 10, 0, 10, 0, 10, 0, 10, 10, 10, 10, 3, 0, 10, 0, 10, 0, 10, 0, 0, 10, 10, 10, 10, 0, 2, 0, 10, 1, 10, : 10, 10, 10, 1, 10, 10, 10, 10, 10, 10, 10, 10, 10, 10, 10, 10, 10, 3, 10, 10, 10, 10, 14, 10, 10, 10, 10, 10, 10, 10, 10, 10, 10, 10, 10, 10, 3, 10, 10, 10, 10, 10, 10, 10, 2, 10, 1, 10, 
249: 10, 10, 10, 10, 10, 10, 10, 0, 0, 0, 10, 10, 19, 3, 0, 10, 0, 10, 0, 0, 10, 10, 10, 0, 0, 10, 0, 0, 0, 0, 0, 10, 16, 10, 0, 10, 0, 0, 2, 0, 10, 0, 0, 0, 10, 6, 0, 10, 0, 10, 0, 0, 0, 0, 10, 10, 10, 10, 0, 10, 0, 0, 0, 0, 10, 10, 10, 0, 10, 0, 10, 10, 0, 0, 10, 10, 10, 10, 10, 10, : 10, 10, 10, 10, 10, 10, 10, 10, 10, 19, 3, 10, 10, 10, 10, 10, 10, 10, 16, 10, 10, 2, 10, 10, 6, 10, 10, 10, 10, 10, 10, 10, 10, 10, 10, 10, 10, 10, 10, 10, 10, 10, 10, 10, 
197: 10, 0, 10, 0, 10, 10, 0, 1, 10, 10, 10, 10, 0, 10, 10, 10, 0, 0, 10, 0, 10, 10, 10, 10, 10, 10, 0, 10, 10, 0, 0, 10, 10, 10, 0, 10, 0, 10, 10, 0, 0, 0, 0, 0, 0, 0, 0, 0, 0, 0, 0, 10, 10, 10, 0, 0, 0, 10, 0, 0, 10, 0, 0, 10, 10, 0, 10, 0, 10, 0, 0, 10, 10, 0, 0, 0, 0, 10, 0, 0, : 10, 10, 10, 10, 1, 10, 10, 10, 10, 10, 10, 10, 10, 10, 10, 10, 10, 10, 10, 10, 10, 10, 10, 10, 10, 10, 10, 10, 10, 10, 10, 10, 10, 10, 10, 10, 10, 10, 10, 
458: 0, 10, 10, 10, 0, 0, 0, 10, 10, 0, 0, 10, 6, 0, 10, 10, 10, 0, 0, 10, 10, 0, 0, 0, 10, 10, 0, 10, 10, 10, 10, 0, 0, 2, 10, 10, 10, 10, 10, 0, 0, 0, 1, 10, 7, 0, 10, 0, 10, 0, 10, 10, 10, 10, 10, 10, 10, 0, 10, 0, 0, 10, 10, 0, 0, 0, 0, 10, 10, 0, 0, 12, 10, 10, 0, 10, 0, 0, 10, 10, : 10, 10, 10, 10, 10, 10, 6, 10, 10, 10, 10, 10, 10, 10, 10, 10, 10, 10, 2, 10, 10, 10, 10, 10, 1, 10, 7, 10, 10, 10, 10, 10, 10, 10, 10, 10, 10, 10, 10, 10, 10, 12, 10, 10, 10, 10, 10, 
170: 0, 10, 10, 10, 10, 0, 10, 0, 0, 10, 0, 0, 0, 0, 10, 10, 0, 0, 10, 10, 0, 10, 10, 10, 10, 0, 0, 10, 10, 0, 0, 10, 10, 10, 0, 0, 10, 0, 10, 10, 10, 10, 0, 16, 0, 10, 10, 10, 0, 0, 10, 0, 10, 10, 10, 0, 10, 0, 10, 10, 0, 10, 10, 0, 10, 10, 0, 14, 10, 0, 0, 10, 0, 10, 10, 10, 10, 10, 0, 0, : 10, 10, 10, 10, 10, 10, 10, 10, 10, 10, 10, 10, 10, 10, 10, 10, 10, 10, 10, 10, 10, 10, 10, 10, 16, 10, 10, 10, 10, 10, 10, 10, 10, 10, 10, 10, 10, 10, 10, 14, 10, 10, 10, 10, 10, 10, 10, 
548: 16, 0, 0, 0, 0, 10, 0, 0, 10, 0, 0, 0, 0, 10, 0, 10, 10, 0, 10, 10, 0, 0, 10, 10, 0, 0, 0, 0, 10, 0, 10, 0, 10, 2, 10, 10, 10, 10, 0, 0, 0, 0, 10, 0, 0, 10, 10, 10, 10, 10, 10, 10, 0, 10, 10, 0, 0, 0, 2, 0, 10, 10, 10, 10, 10, 2, 0, 10, 10, 10, 10, 10, 0, 10, 0, 0, 5, 10, 0, 10, : 16, 10, 10, 10, 10, 10, 10, 10, 10, 10, 10, 10, 10, 2, 10, 10, 10, 10, 10, 10, 10, 10, 10, 10, 10, 10, 10, 10, 2, 10, 10, 10, 10, 10, 2, 10, 10, 10, 10, 10, 10, 5, 10, 10, 
509: 0, 10, 0, 0, 3, 9, 10, 0, 10, 10, 10, 0, 0, 0, 0, 0, 10, 10, 10, 10, 10, 0, 10, 10, 0, 10, 10, 10, 10, 0, 10, 10, 8, 0, 10, 10, 10, 10, 0, 0, 0, 10, 10, 0, 10, 0, 10, 0, 0, 10, 0, 0, 10, 0, 0, 10, 10, 0, 0, 0, 10, 0, 10, 0, 0, 0, 10, 0, 0, 10, 0, 10, 0, 0, 10, 0, 0, 2, 0, 10, : 10, 3, 9, 10, 10, 10, 10, 10, 10, 10, 10, 10, 10, 10, 10, 10, 10, 10, 10, 10, 8, 10, 10, 10, 10, 10, 10, 10, 10, 10, 10, 10, 10, 10, 10, 10, 10, 10, 10, 2, 10, 
525: 0, 0, 10, 0, 0, 10, 0, 10, 0, 10, 10, 10, 10, 10, 0, 0, 0, 0, 10, 0, 0, 0, 0, 0, 10, 0, 1, 10, 10, 0, 0, 0, 10, 0, 0, 0, 10, 2, 0, 0, 0, 0, 10, 0, 0, 10, 0, 10, 0, 10, 0, 10, 10, 0, 10, 10, 0, 0, 0, 10, 0, 0, 10, 0, 10, 0, 10, 10, 10, 0, 10, 10, 10, 10, 10, 10, 10, 10, 0, 0, : 10, 10, 10, 10, 10, 10, 10, 10, 10, 10, 1, 10, 10, 10, 10, 2, 10, 10, 10, 10, 10, 10, 10, 10, 10, 10, 10, 10, 10, 10, 10, 10, 10, 10, 10, 10, 10, 10, 
751: 0, 0, 10, 10, 10, 0, 10, 0, 10, 10, 10, 0, 10, 10, 10, 0, 10, 10, 2, 10, 0, 0, 0, 11, 10, 0, 0, 10, 10, 10, 0, 10, 10, 10, 10, 0, 0, 10, 10, 0, 10, 4, 10, 0, 10, 10, 10, 10, 10, 0, 0, 0, 10, 0, 10, 0, 10, 10, 10, 10, 10, 10, 0, 0, 10, 0, 0, 10, 10, 0, 0, 0, 10, 0, 10, 10, 0, 0, 10, 2, : 10, 10, 10, 10, 10, 10, 10, 10, 10, 10, 10, 10, 2, 10, 11, 10, 10, 10, 10, 10, 10, 10, 10, 10, 10, 10, 4, 10, 10, 10, 10, 10, 10, 10, 10, 10, 10, 10, 10, 10, 10, 10, 10, 10, 10, 10, 10, 10, 2, 
204: 0, 0, 0, 0, 10, 0, 0, 10, 0, 1, 0, 10, 0, 10, 10, 0, 10, 0, 0, 0, 0, 0, 10, 10, 10, 0, 10, 20, 0, 0, 10, 0, 0, 10, 0, 0, 10, 10, 0, 4, 0, 0, 10, 1, 0, 10, 10, 10, 10, 10, 10, 10, 0, 0, 10, 10, 10, 10, 0, 10, 20, 0, 0, 0, 0, 10, 10, 0, 0, 0, 10, 10, 10, 10, 0, 10, 10, 0, 10, 10, : 10, 10, 1, 10, 10, 10, 10, 10, 10, 10, 10, 20, 10, 10, 10, 10, 4, 10, 1, 10, 10, 10, 10, 10, 10, 10, 10, 10, 10, 10, 10, 20, 10, 10, 10, 10, 10, 10, 10, 10, 10, 10, 
727: 0, 0, 10, 0, 0, 0, 0, 10, 0, 10, 0, 0, 10, 0, 0, 0, 0, 0, 0, 0, 0, 10, 1, 0, 0, 0, 10, 0, 0, 10, 0, 10, 0, 10, 10, 10, 0, 0, 10, 0, 0, 10, 0, 10, 0, 0, 0, 10, 0, 10, 0, 10, 0, 0, 0, 0, 10, 0, 10, 10, 10, 10, 10, 10, 0, 10, 0, 0, 10, 0, 10, 10, 10, 0, 10, 10, 0, 10, 0, 10, : 10, 10, 10, 10, 10, 1, 10, 10, 10, 10, 10, 10, 10, 10, 10, 10, 10, 10, 10, 10, 10, 10, 10, 10, 10, 10, 10, 10, 10, 10, 10, 10, 10, 10, 
26: 0, 10, 0, 0, 0, 0, 10, 0, 10, 17, 10, 17, 0, 10, 0, 0, 10, 0, 0, 10, 10, 0, 10, 0, 0, 10, 10, 0, 0, 0, 0, 10, 10, 10, 0, 0, 10, 0, 10, 11, 10, 0, 0, 10, 10, 10, 4, 10, 10, 0, 10, 10, 0, 10, 0, 10, 0, 10, 10, 0, 10, 0, 0, 10, 10, 10, 5, 0, 10, 0, 10, 0, 10, 0, 0, 10, 10, 0, 10, 10, : 10, 10, 10, 17, 10, 17, 10, 10, 10, 10, 10, 10, 10, 10, 10, 10, 10, 10, 11, 10, 10, 10, 10, 4, 10, 10, 10, 10, 10, 10, 10, 10, 10, 10, 10, 10, 5, 10, 10, 10, 10, 10, 10, 10, 
763: 0, 10, 10, 0, 0, 0, 10, 10, 0, 18, 0, 0, 10, 10, 0, 10, 10, 10, 10, 10, 10, 10, 0, 1, 10, 0, 10, 0, 10, 10, 10, 0, 10, 0, 0, 8, 15, 10, 0, 10, 10, 10, 10, 1, 0, 10, 0, 10, 0, 10, 2, 0, 0, 0, 10, 10, 0, 10, 0, 0, 0, 0, 10, 0, 0, 0, 10, 10, 10, 10, 10, 0, 0, 10, 10, 10, 0, 0, 0, 0, : 10, 10, 10, 10, 18, 10, 10, 10, 10, 10, 10, 10, 10, 10, 1, 10, 10, 10, 10, 10, 10, 8, 15, 10, 10, 10, 10, 10, 1, 10, 10, 10, 2, 10, 10, 10, 10, 10, 10, 10, 10, 10, 10, 10, 10, 
562: 10, 10, 0, 10, 0, 0, 10, 0, 0, 0, 10, 10, 10, 0, 0, 10, 0, 10, 0, 10, 0, 10, 1, 10, 10, 10, 9, 0, 10, 0, 10, 10, 1, 0, 10, 10, 0, 10, 8, 0, 0, 10, 0, 10, 10, 0, 0, 10, 0, 10, 0, 0, 10, 0, 10, 0, 10, 0, 10, 0, 10, 10, 10, 1, 10, 10, 10, 0, 0, 0, 10, 0, 0, 0, 10, 0, 10, 0, 10, 10, : 10, 10, 10, 10, 10, 10, 10, 10, 10, 10, 10, 1, 10, 10, 10, 9, 10, 10, 10, 1, 10, 10, 10, 8, 10, 10, 10, 10, 10, 10, 10, 10, 10, 10, 10, 10, 1, 10, 10, 10, 10, 10, 10, 10, 10, 
57: 10, 10, 10, 10, 10, 0, 0, 0, 0, 0, 0, 3, 0, 0, 10, 10, 10, 0, 0, 0, 10, 10, 10, 10, 10, 0, 10, 0, 0, 0, 0, 0, 10, 6, 10, 10, 0, 10, 0, 10, 10, 0, 10, 0, 10, 0, 10, 0, 0, 10, 10, 1, 0, 0, 10, 10, 10, 0, 0, 0, 0, 10, 10, 10, 0, 0, 0, 10, 0, 10, 10, 0, 10, 0, 0, 1, 10, 10, 10, 10, : 10, 10, 10, 10, 10, 3, 10, 10, 10, 10, 10, 10, 10, 10, 10, 10, 6, 10, 10, 10, 10, 10, 10, 10, 10, 10, 10, 1, 10, 10, 10, 10, 10, 10, 10, 10, 10, 10, 1, 10, 10, 10, 10, 
95: 0, 0, 0, 10, 0, 0, 0, 10, 10, 10, 10, 10, 0, 10, 10, 0, 0, 10, 10, 10, 10, 0, 10, 10, 10, 10, 0, 10, 10, 0, 0, 0, 0, 10, 0, 0, 0, 10, 0, 0, 10, 10, 0, 10, 0, 10, 0, 0, 10, 0, 10, 0, 0, 0, 0, 0, 10, 10, 0, 0, 0, 0, 10, 10, 0, 10, 10, 0, 10, 10, 0, 10, 10, 10, 10, 10, 10, 0, 0, 10, : 10, 10, 10, 10, 10, 10, 10, 10, 10, 10, 10, 10, 10, 10, 10, 10, 10, 10, 10, 10, 10, 10, 10, 10, 10, 10, 10, 10, 10, 10, 10, 10, 10, 10, 10, 10, 10, 10, 10, 10, 10, 
571: 10, 10, 0, 10, 0, 0, 0, 10, 0, 0, 10, 0, 0, 0, 0, 0, 0, 10, 0, 0, 10, 10, 10, 0, 0, 10, 10, 10, 0, 10, 10, 0, 10, 0, 0, 0, 0, 0, 0, 10, 10, 10, 0, 0, 10, 0, 10, 0, 0, 0, 10, 0, 0, 10, 0, 0, 0, 10, 0, 0, 10, 0, 10, 10, 0, 0, 0, 0, 0, 10, 0, 10, 0, 0, 10, 1, 10, 10, 10, 0, : 10, 10, 10, 10, 10, 10, 10, 10, 10, 10, 10, 10, 10, 10, 10, 10, 10, 10, 10, 10, 10, 10, 10, 10, 10, 10, 10, 10, 10, 1, 10, 10, 10, 
342: 10, 0, 10, 10, 3, 0, 0, 10, 0, 10, 10, 0, 0, 10, 10, 10, 0, 0, 10, 0, 0, 10, 0, 10, 0, 10, 10, 10, 0, 10, 0, 10, 10, 10, 10, 10, 10, 0, 10, 10, 0, 10, 10, 10, 0, 0, 10, 10, 0, 0, 10, 10, 10, 0, 10, 10, 10, 0, 10, 0, 0, 10, 10, 10, 10, 10, 0, 10, 10, 10, 10, 10, 10, 10, 10, 10, 0, 10, 10, 0, : 10, 10, 10, 3, 10, 10, 10, 10, 10, 10, 10, 10, 10, 10, 10, 10, 10, 10, 10, 10, 10, 10, 10, 10, 10, 10, 10, 10, 10, 10, 10, 10, 10, 10, 10, 10, 10, 10, 10, 10, 10, 10, 10, 10, 10, 10, 10, 10, 10, 10, 10, 10, 10, 
495: 10, 0, 10, 10, 0, 10, 0, 0, 0, 0, 10, 10, 10, 0, 0, 10, 0, 0, 10, 0, 10, 10, 10, 0, 0, 0, 10, 0, 0, 0, 10, 10, 10, 10, 0, 10, 0, 10, 0, 0, 10, 10, 0, 10, 0, 10, 10, 0, 0, 10, 0, 1, 0, 0, 10, 10, 10, 0, 10, 0, 16, 10, 10, 10, 10, 0, 0, 0, 0, 10, 10, 0, 10, 0, 10, 0, 10, 0, 10, 10, : 10, 10, 10, 10, 10, 10, 10, 10, 10, 10, 10, 10, 10, 10, 10, 10, 10, 10, 10, 10, 10, 10, 10, 10, 10, 1, 10, 10, 10, 10, 16, 10, 10, 10, 10, 10, 10, 10, 10, 10, 10, 10, 
512: 10, 10, 10, 1, 10, 10, 0, 10, 0, 7, 10, 10, 10, 0, 0, 10, 0, 10, 0, 10, 0, 0, 0, 0, 10, 0, 0, 0, 10, 0, 0, 10, 10, 0, 0, 0, 0, 10, 10, 10, 0, 16, 10, 0, 0, 10, 0, 0, 10, 10, 10, 0, 5, 0, 0, 0, 0, 10, 10, 0, 10, 0, 0, 0, 10, 10, 0, 10, 10, 0, 0, 0, 0, 0, 10, 10, 0, 0, 0, 0, : 10, 10, 10, 1, 10, 10, 10, 7, 10, 10, 10, 10, 10, 10, 10, 10, 10, 10, 10, 10, 10, 16, 10, 10, 10, 10, 10, 5, 10, 10, 10, 10, 10, 10, 10, 10, 10, 
436: 10, 0, 0, 0, 0, 10, 10, 0, 10, 0, 0, 10, 0, 10, 10, 0, 0, 10, 0, 0, 10, 10, 0, 0, 10, 10, 0, 10, 10, 10, 0, 0, 0, 0, 0, 0, 0, 10, 0, 10, 10, 0, 0, 0, 10, 0, 10, 0, 0, 0, 0, 0, 0, 10, 0, 10, 0, 0, 0, 10, 0, 10, 0, 10, 0, 0, 0, 0, 1, 0, 0, 10, 10, 10, 0, 1, 0, 0, 10, 10, : 10, 10, 10, 10, 10, 10, 10, 10, 10, 10, 10, 10, 10, 10, 10, 10, 10, 10, 10, 10, 10, 10, 10, 10, 10, 1, 10, 10, 10, 1, 10, 10, 
773: 0, 2, 0, 0, 10, 0, 0, 10, 10, 10, 10, 0, 0, 10, 0, 0, 10, 10, 0, 0, 0, 10, 0, 0, 10, 10, 0, 0, 10, 10, 0, 10, 0, 10, 0, 0, 10, 0, 10, 10, 0, 10, 0, 10, 10, 0, 0, 10, 0, 0, 0, 10, 0, 0, 0, 0, 0, 10, 0, 0, 0, 10, 0, 0, 10, 10, 0, 10, 10, 3, 0, 0, 0, 10, 5, 0, 10, 10, 10, 0, : 2, 10, 10, 10, 10, 10, 10, 10, 10, 10, 10, 10, 10, 10, 10, 10, 10, 10, 10, 10, 10, 10, 10, 10, 10, 10, 10, 10, 10, 10, 3, 10, 5, 10, 10, 10, 
103: 10, 10, 0, 10, 10, 0, 0, 0, 10, 10, 0, 10, 10, 0, 1, 0, 0, 0, 10, 10, 0, 3, 0, 10, 10, 10, 0, 0, 0, 10, 0, 10, 0, 0, 0, 0, 10, 0, 10, 10, 10, 10, 10, 10, 0, 0, 17, 0, 0, 10, 0, 10, 10, 10, 10, 0, 10, 10, 10, 0, 0, 0, 10, 0, 10, 0, 0, 10, 0, 10, 0, 0, 10, 10, 0, 10, 10, 10, 10, 0, : 10, 10, 10, 10, 10, 10, 10, 10, 1, 10, 10, 3, 10, 10, 10, 10, 10, 10, 10, 10, 10, 10, 10, 10, 17, 10, 10, 10, 10, 10, 10, 10, 10, 10, 10, 10, 10, 10, 10, 10, 10, 10, 10, 
16: 10, 10, 10, 0, 10, 0, 10, 0, 0, 0, 0, 10, 10, 10, 0, 10, 10, 0, 0, 0, 10, 10, 0, 0, 0, 0, 10, 0, 0, 0, 0, 10, 0, 10, 0, 10, 0, 0, 10, 0, 0, 10, 10, 0, 10, 10, 0, 0, 10, 0, 10, 10, 10, 10, 14, 10, 0, 0, 0, 10, 10, 10, 0, 0, 0, 0, 0, 10, 0, 10, 10, 10, 0, 10, 10, 0, 10, 0, 0, 10, : 10, 10, 10, 10, 10, 10, 10, 10, 10, 10, 10, 10, 10, 10, 10, 10, 10, 10, 10, 10, 10, 10, 10, 10, 10, 10, 14, 10, 10, 10, 10, 10, 10, 10, 10, 10, 10, 10, 10, 
235: 3, 0, 10, 10, 10, 0, 0, 0, 10, 10, 0, 0, 0, 0, 10, 0, 10, 10, 0, 0, 10, 10, 0, 10, 10, 0, 0, 10, 0, 10, 0, 10, 10, 0, 10, 0, 0, 0, 10, 0, 0, 1, 10, 10, 0, 2, 0, 0, 10, 10, 0, 10, 10, 0, 10, 0, 10, 0, 9, 10, 10, 10, 10, 10, 10, 10, 10, 0, 6, 10, 9, 10, 0, 13, 10, 10, 10, 0, 10, 10, : 3, 10, 10, 10, 10, 10, 10, 10, 10, 10, 10, 10, 10, 10, 10, 10, 10, 10, 10, 1, 10, 10, 2, 10, 10, 10, 10, 10, 10, 9, 10, 10, 10, 10, 10, 10, 10, 10, 6, 10, 9, 10, 13, 10, 10, 10, 10, 10, 
646: 0, 0, 17, 10, 10, 11, 0, 10, 10, 10, 0, 20, 3, 10, 10, 0, 10, 10, 0, 0, 0, 0, 0, 10, 0, 0, 0, 10, 0, 10, 10, 0, 10, 1, 10, 10, 10, 10, 10, 10, 10, 10, 10, 0, 10, 0, 0, 10, 0, 0, 10, 0, 10, 0, 10, 10, 10, 10, 10, 10, 10, 0, 10, 10, 1, 10, 0, 0, 0, 10, 10, 10, 10, 10, 0, 0, 0, 0, 0, 10, : 17, 10, 10, 11, 10, 10, 10, 20, 3, 10, 10, 10, 10, 10, 10, 10, 10, 10, 1, 10, 10, 10, 10, 10, 10, 10, 10, 10, 10, 10, 10, 10, 10, 10, 10, 10, 10, 10, 10, 10, 10, 1, 10, 10, 10, 10, 10, 10, 10, 
212: 0, 0, 0, 0, 10, 10, 10, 0, 10, 0, 4, 10, 0, 10, 8, 10, 10, 10, 0, 0, 10, 10, 0, 0, 10, 10, 10, 10, 0, 0, 10, 0, 10, 0, 10, 0, 10, 10, 10, 10, 10, 10, 10, 0, 10, 10, 0, 0, 10, 0, 0, 10, 10, 10, 0, 1, 10, 0, 1, 0, 10, 0, 10, 10, 0, 10, 0, 10, 0, 10, 0, 0, 0, 10, 10, 10, 10, 0, 10, 10, : 10, 10, 10, 10, 4, 10, 10, 8, 10, 10, 10, 10, 10, 10, 10, 10, 10, 10, 10, 10, 10, 10, 10, 10, 10, 10, 10, 10, 10, 10, 10, 10, 10, 1, 10, 1, 10, 10, 10, 10, 10, 10, 10, 10, 10, 10, 10, 10, 
165: 10, 0, 10, 10, 10, 0, 10, 0, 0, 10, 10, 10, 0, 0, 0, 10, 10, 10, 10, 10, 0, 10, 10, 10, 10, 10, 0, 10, 0, 0, 10, 0, 0, 0, 10, 19, 0, 0, 10, 0, 10, 10, 10, 0, 10, 10, 10, 10, 0, 0, 10, 10, 0, 10, 0, 10, 0, 10, 20, 10, 0, 0, 10, 10, 4, 0, 10, 0, 0, 0, 0, 0, 0, 2, 10, 0, 10, 10, 0, 0, : 10, 10, 10, 10, 10, 10, 10, 10, 10, 10, 10, 10, 10, 10, 10, 10, 10, 10, 10, 10, 10, 19, 10, 10, 10, 10, 10, 10, 10, 10, 10, 10, 10, 10, 10, 20, 10, 10, 10, 4, 10, 2, 10, 10, 10, 
412: 0, 0, 10, 10, 10, 10, 0, 0, 10, 0, 10, 0, 10, 1, 0, 10, 10, 0, 0, 10, 10, 10, 10, 0, 0, 0, 0, 10, 10, 10, 0, 10, 10, 0, 0, 10, 0, 0, 10, 0, 0, 10, 10, 0, 0, 0, 10, 10, 0, 0, 10, 0, 0, 0, 0, 10, 10, 10, 10, 10, 10, 10, 0, 10, 0, 10, 10, 10, 10, 0, 10, 10, 0, 0, 0, 0, 10, 0, 10, 0, : 10, 10, 10, 10, 10, 10, 10, 1, 10, 10, 10, 10, 10, 10, 10, 10, 10, 10, 10, 10, 10, 10, 10, 10, 10, 10, 10, 10, 10, 10, 10, 10, 10, 10, 10, 10, 10, 10, 10, 10, 10, 10, 
531: 10, 10, 10, 0, 10, 0, 3, 10, 10, 10, 0, 0, 0, 10, 0, 0, 0, 0, 10, 0, 0, 0, 10, 10, 10, 10, 10, 0, 0, 10, 0, 0, 10, 0, 10, 10, 0, 10, 10, 0, 10, 0, 0, 0, 10, 10, 10, 0, 10, 10, 10, 10, 10, 0, 10, 0, 10, 0, 0, 0, 10, 10, 10, 10, 0, 0, 0, 10, 10, 1, 0, 10, 0, 10, 10, 0, 0, 6, 0, 0, : 10, 10, 10, 10, 3, 10, 10, 10, 10, 10, 10, 10, 10, 10, 10, 10, 10, 10, 10, 10, 10, 10, 10, 10, 10, 10, 10, 10, 10, 10, 10, 10, 10, 10, 10, 10, 10, 10, 1, 10, 10, 10, 6, 
544: 0, 10, 0, 0, 0, 10, 10, 0, 10, 10, 0, 10, 10, 10, 10, 10, 0, 10, 10, 10, 10, 0, 0, 0, 10, 10, 10, 0, 10, 0, 0, 10, 10, 0, 0, 0, 10, 10, 5, 10, 0, 0, 4, 0, 0, 10, 0, 10, 10, 10, 10, 0, 10, 10, 10, 0, 3, 10, 0, 0, 10, 10, 10, 10, 0, 0, 0, 10, 0, 0, 0, 10, 10, 10, 0, 0, 10, 0, 0, 0, : 10, 10, 10, 10, 10, 10, 10, 10, 10, 10, 10, 10, 10, 10, 10, 10, 10, 10, 10, 10, 10, 10, 5, 10, 4, 10, 10, 10, 10, 10, 10, 10, 10, 3, 10, 10, 10, 10, 10, 10, 10, 10, 10, 10, 
574: 10, 10, 0, 10, 10, 10, 0, 10, 10, 10, 10, 0, 10, 0, 0, 0, 0, 0, 10, 0, 10, 10, 10, 0, 10, 0, 0, 0, 0, 10, 0, 10, 10, 10, 3, 10, 10, 0, 0, 10, 10, 10, 10, 10, 0, 0, 0, 0, 0, 0, 10, 0, 0, 0, 0, 10, 10, 0, 10, 0, 10, 0, 0, 10, 10, 0, 10, 10, 0, 0, 0, 0, 4, 0, 0, 10, 10, 10, 10, 10, : 10, 10, 10, 10, 10, 10, 10, 10, 10, 10, 10, 10, 10, 10, 10, 10, 10, 10, 10, 3, 10, 10, 10, 10, 10, 10, 10, 10, 10, 10, 10, 10, 10, 10, 10, 10, 4, 10, 10, 10, 10, 10, 
320: 10, 10, 0, 10, 0, 10, 0, 10, 0, 2, 10, 0, 10, 0, 0, 0, 0, 0, 0, 0, 10, 10, 0, 10, 0, 10, 10, 10, 0, 0, 10, 0, 10, 0, 10, 0, 0, 10, 0, 0, 0, 10, 0, 10, 10, 0, 10, 10, 0, 0, 10, 0, 0, 10, 10, 10, 10, 10, 10, 10, 0, 10, 0, 10, 10, 10, 0, 10, 0, 10, 0, 10, 10, 0, 10, 0, 0, 10, 0, 0, : 10, 10, 10, 10, 10, 2, 10, 10, 10, 10, 10, 10, 10, 10, 10, 10, 10, 10, 10, 10, 10, 10, 10, 10, 10, 10, 10, 10, 10, 10, 10, 10, 10, 10, 10, 10, 10, 10, 10, 10, 10, 
579: 10, 10, 5, 0, 0, 0, 10, 10, 0, 0, 10, 10, 10, 10, 6, 0, 10, 10, 0, 0, 3, 0, 16, 1, 0, 10, 0, 0, 10, 0, 12, 10, 10, 0, 4, 0, 0, 0, 10, 0, 0, 0, 10, 10, 0, 0, 0, 10, 10, 0, 0, 10, 10, 10, 0, 0, 0, 0, 0, 0, 0, 0, 10, 0, 10, 10, 0, 10, 10, 0, 0, 0, 0, 10, 0, 10, 0, 0, 10, 0, : 10, 10, 5, 10, 10, 10, 10, 10, 10, 6, 10, 10, 3, 16, 1, 10, 10, 12, 10, 10, 4, 10, 10, 10, 10, 10, 10, 10, 10, 10, 10, 10, 10, 10, 10, 10, 10, 
625: 10, 10, 0, 10, 0, 10, 0, 0, 0, 10, 10, 0, 10, 10, 0, 4, 10, 10, 0, 10, 0, 0, 0, 0, 0, 10, 0, 0, 0, 10, 0, 0, 0, 0, 10, 0, 0, 0, 0, 0, 10, 0, 0, 0, 10, 10, 10, 16, 10, 10, 10, 0, 10, 10, 0, 10, 0, 0, 10, 0, 2, 8, 0, 10, 0, 0, 10, 10, 11, 0, 10, 10, 0, 0, 0, 10, 0, 10, 0, 10, : 10, 10, 10, 10, 10, 10, 10, 10, 4, 10, 10, 10, 10, 10, 10, 10, 10, 10, 10, 16, 10, 10, 10, 10, 10, 10, 10, 2, 8, 10, 10, 10, 11, 10, 10, 10, 10, 10, 
292: 0, 0, 0, 10, 0, 0, 10, 0, 7, 10, 0, 0, 0, 10, 6, 0, 9, 10, 0, 10, 0, 10, 10, 0, 10, 0, 10, 0, 10, 0, 10, 10, 0, 10, 0, 0, 0, 10, 0, 10, 10, 0, 0, 10, 0, 0, 0, 10, 10, 10, 10, 10, 0, 0, 0, 0, 10, 10, 10, 0, 10, 10, 10, 10, 10, 0, 10, 10, 0, 10, 0, 0, 10, 0, 0, 10, 0, 10, 10, 2, : 10, 10, 7, 10, 10, 6, 9, 10, 10, 10, 10, 10, 10, 10, 10, 10, 10, 10, 10, 10, 10, 10, 10, 10, 10, 10, 10, 10, 10, 10, 10, 10, 10, 10, 10, 10, 10, 10, 10, 10, 10, 2, 
654: 10, 0, 10, 0, 0, 10, 0, 0, 10, 10, 10, 0, 0, 10, 0, 10, 0, 0, 10, 10, 10, 2, 0, 10, 0, 0, 0, 0, 0, 10, 10, 0, 10, 10, 10, 10, 0, 0, 10, 0, 2, 10, 0, 0, 0, 10, 10, 10, 10, 10, 10, 10, 10, 0, 10, 0, 0, 0, 10, 0, 0, 0, 10, 10, 0, 10, 10, 10, 10, 10, 0, 10, 0, 10, 0, 0, 10, 0, 10, 0, : 10, 10, 10, 10, 10, 10, 10, 10, 10, 10, 10, 2, 10, 10, 10, 10, 10, 10, 10, 10, 2, 10, 10, 10, 10, 10, 10, 10, 10, 10, 10, 10, 10, 10, 10, 10, 10, 10, 10, 10, 10, 10, 10, 
595: 0, 0, 0, 0, 10, 0, 10, 10, 10, 10, 10, 10, 0, 0, 10, 0, 0, 10, 10, 10, 10, 0, 10, 0, 10, 0, 10, 0, 0, 0, 9, 10, 10, 10, 6, 10, 10, 10, 10, 0, 10, 10, 20, 10, 10, 0, 0, 10, 0, 0, 0, 0, 0, 10, 10, 0, 0, 0, 4, 10, 0, 0, 0, 10, 0, 0, 0, 0, 0, 0, 10, 10, 0, 0, 0, 0, 0, 10, 10, 0, : 10, 10, 10, 10, 10, 10, 10, 10, 10, 10, 10, 10, 10, 10, 10, 9, 10, 10, 10, 6, 10, 10, 10, 10, 10, 10, 20, 10, 10, 10, 10, 10, 4, 10, 10, 10, 10, 10, 10, 
671: 10, 0, 1, 10, 10, 0, 0, 10, 0, 10, 0, 0, 10, 10, 0, 0, 0, 10, 0, 10, 1, 10, 10, 0, 10, 10, 10, 10, 4, 10, 0, 10, 0, 10, 0, 10, 4, 10, 0, 10, 10, 0, 10, 0, 10, 10, 10, 10, 10, 0, 0, 0, 0, 0, 10, 10, 0, 1, 0, 10, 0, 10, 10, 0, 10, 10, 0, 10, 0, 10, 10, 0, 0, 10, 0, 0, 10, 10, 10, 0, : 10, 1, 10, 10, 10, 10, 10, 10, 10, 10, 1, 10, 10, 10, 10, 10, 10, 4, 10, 10, 10, 10, 4, 10, 10, 10, 10, 10, 10, 10, 10, 10, 10, 10, 1, 10, 10, 10, 10, 10, 10, 10, 10, 10, 10, 10, 10, 
428: 10, 0, 0, 0, 10, 0, 10, 10, 10, 10, 10, 0, 0, 0, 14, 0, 0, 4, 0, 8, 10, 0, 0, 0, 10, 0, 13, 0, 0, 0, 10, 0, 0, 10, 0, 0, 0, 10, 0, 1, 0, 10, 0, 10, 0, 10, 0, 0, 10, 0, 0, 10, 0, 10, 0, 0, 0, 0, 0, 10, 0, 10, 0, 0, 10, 10, 0, 0, 10, 0, 10, 0, 10, 0, 0, 0, 10, 0, 0, 0, : 10, 10, 10, 10, 10, 10, 10, 14, 4, 8, 10, 10, 13, 10, 10, 10, 1, 10, 10, 10, 10, 10, 10, 10, 10, 10, 10, 10, 10, 10, 10, 
573: 0, 0, 10, 0, 0, 10, 10, 0, 0, 10, 0, 5, 0, 0, 10, 1, 10, 10, 10, 0, 0, 0, 0, 10, 0, 10, 10, 10, 0, 10, 10, 10, 0, 10, 0, 8, 10, 1, 0, 10, 10, 0, 0, 0, 10, 0, 10, 0, 0, 10, 10, 0, 10, 10, 0, 10, 0, 0, 10, 10, 10, 0, 0, 10, 0, 0, 10, 10, 10, 0, 10, 3, 10, 0, 0, 10, 0, 10, 2, 0, : 10, 10, 10, 10, 5, 10, 1, 10, 10, 10, 10, 10, 10, 10, 10, 10, 10, 10, 8, 10, 1, 10, 10, 10, 10, 10, 10, 10, 10, 10, 10, 10, 10, 10, 10, 10, 10, 10, 3, 10, 10, 10, 2, 
553: 0, 0, 0, 0, 10, 10, 10, 0, 10, 0, 0, 0, 0, 10, 10, 0, 0, 0, 0, 12, 10, 0, 0, 10, 0, 10, 10, 0, 10, 10, 10, 10, 0, 0, 19, 0, 10, 10, 10, 6, 0, 0, 0, 10, 0, 10, 0, 10, 10, 10, 0, 10, 10, 10, 0, 0, 0, 10, 10, 10, 10, 0, 10, 10, 0, 10, 10, 10, 10, 0, 0, 0, 10, 0, 10, 10, 2, 0, 0, 0, : 10, 10, 10, 10, 10, 10, 12, 10, 10, 10, 10, 10, 10, 10, 10, 19, 10, 10, 10, 6, 10, 10, 10, 10, 10, 10, 10, 10, 10, 10, 10, 10, 10, 10, 10, 10, 10, 10, 10, 10, 10, 2, 
456: 10, 0, 10, 0, 0, 0, 4, 10, 0, 10, 10, 0, 0, 10, 10, 10, 10, 0, 0, 10, 0, 10, 10, 10, 0, 0, 0, 0, 10, 0, 0, 1, 0, 0, 0, 10, 10, 0, 1, 0, 10, 0, 0, 0, 10, 10, 0, 2, 10, 10, 0, 0, 10, 10, 0, 10, 0, 0, 0, 0, 0, 0, 0, 0, 0, 10, 10, 10, 10, 0, 10, 0, 0, 10, 0, 0, 10, 10, 0, 10, : 10, 10, 4, 10, 10, 10, 10, 10, 10, 10, 10, 10, 10, 10, 10, 1, 10, 10, 1, 10, 10, 10, 2, 10, 10, 10, 10, 10, 10, 10, 10, 10, 10, 10, 10, 10, 10, 
661: 0, 10, 0, 10, 1, 0, 10, 10, 0, 0, 0, 0, 0, 0, 0, 10, 0, 0, 0, 10, 0, 10, 0, 10, 4, 0, 10, 0, 10, 14, 10, 0, 10, 10, 10, 0, 10, 10, 10, 0, 10, 10, 0, 5, 10, 10, 10, 0, 0, 0, 0, 10, 0, 10, 0, 0, 0, 0, 0, 10, 0, 10, 0, 0, 0, 0, 0, 16, 10, 10, 10, 10, 0, 10, 0, 0, 10, 0, 0, 0, : 10, 10, 1, 10, 10, 10, 10, 10, 10, 4, 10, 10, 14, 10, 10, 10, 10, 10, 10, 10, 10, 10, 5, 10, 10, 10, 10, 10, 10, 10, 16, 10, 10, 10, 10, 10, 10, 
18: 0, 10, 10, 10, 10, 10, 0, 10, 6, 0, 0, 10, 0, 0, 0, 0, 10, 10, 0, 10, 0, 0, 10, 10, 10, 10, 10, 10, 10, 0, 10, 10, 10, 1, 10, 0, 0, 10, 10, 0, 10, 0, 0, 10, 0, 0, 10, 0, 10, 0, 10, 0, 10, 10, 10, 0, 2, 10, 0, 10, 10, 10, 0, 0, 0, 10, 0, 0, 10, 1, 0, 0, 0, 0, 10, 0, 10, 0, 10, 0, : 10, 10, 10, 10, 10, 10, 6, 10, 10, 10, 10, 10, 10, 10, 10, 10, 10, 10, 10, 10, 10, 1, 10, 10, 10, 10, 10, 10, 10, 10, 10, 10, 10, 2, 10, 10, 10, 10, 10, 10, 1, 10, 10, 10, 
400: 5, 0, 0, 0, 0, 10, 10, 3, 0, 10, 10, 0, 10, 0, 10, 10, 0, 10, 10, 10, 0, 10, 0, 0, 10, 0, 0, 0, 0, 10, 1, 0, 10, 0, 10, 0, 10, 10, 0, 0, 10, 0, 0, 1, 10, 10, 0, 10, 10, 10, 10, 0, 0, 10, 10, 10, 10, 10, 0, 0, 10, 10, 10, 10, 10, 10, 10, 0, 0, 10, 0, 0, 1, 0, 10, 0, 0, 0, 15, 10, : 5, 10, 10, 3, 10, 10, 10, 10, 10, 10, 10, 10, 10, 10, 10, 1, 10, 10, 10, 10, 10, 1, 10, 10, 10, 10, 10, 10, 10, 10, 10, 10, 10, 10, 10, 10, 10, 10, 10, 10, 10, 1, 10, 15, 10, 
586: 10, 3, 10, 10, 0, 0, 0, 10, 10, 0, 10, 10, 0, 0, 10, 10, 10, 0, 0, 0, 0, 0, 0, 10, 0, 0, 10, 10, 0, 10, 10, 10, 0, 10, 10, 0, 10, 0, 0, 0, 10, 0, 10, 0, 0, 0, 10, 10, 10, 0, 0, 0, 0, 0, 10, 0, 0, 10, 10, 0, 0, 0, 0, 0, 0, 10, 10, 0, 0, 10, 0, 0, 0, 0, 10, 10, 0, 0, 10, 10, : 10, 3, 10, 10, 10, 10, 10, 10, 10, 10, 10, 10, 10, 10, 10, 10, 10, 10, 10, 10, 10, 10, 10, 10, 10, 10, 10, 10, 10, 10, 10, 10, 10, 10, 10, 
187: 0, 10, 2, 0, 10, 10, 0, 0, 0, 10, 10, 0, 0, 0, 10, 0, 10, 0, 10, 0, 10, 10, 0, 10, 0, 10, 0, 0, 0, 10, 0, 0, 10, 0, 0, 10, 10, 7, 10, 10, 10, 10, 0, 10, 10, 10, 0, 10, 10, 10, 0, 10, 0, 0, 0, 10, 0, 0, 0, 10, 0, 10, 0, 10, 10, 0, 10, 0, 0, 11, 0, 10, 0, 10, 0, 10, 10, 10, 10, 10, : 10, 2, 10, 10, 10, 10, 10, 10, 10, 10, 10, 10, 10, 10, 10, 10, 10, 7, 10, 10, 10, 10, 10, 10, 10, 10, 10, 10, 10, 10, 10, 10, 10, 10, 10, 11, 10, 10, 10, 10, 10, 10, 10, 
340: 0, 10, 0, 0, 0, 10, 10, 0, 10, 10, 10, 10, 0, 0, 10, 10, 0, 0, 10, 10, 10, 0, 10, 0, 10, 10, 10, 10, 0, 0, 10, 0, 10, 10, 0, 10, 10, 10, 0, 0, 0, 10, 10, 0, 10, 0, 0, 0, 10, 0, 10, 0, 0, 0, 10, 0, 0, 10, 10, 10, 10, 1, 10, 0, 0, 1, 10, 0, 0, 10, 10, 0, 0, 0, 10, 10, 0, 10, 0, 1, : 10, 10, 10, 10, 10, 10, 10, 10, 10, 10, 10, 10, 10, 10, 10, 10, 10, 10, 10, 10, 10, 10, 10, 10, 10, 10, 10, 10, 10, 10, 10, 10, 10, 1, 10, 1, 10, 10, 10, 10, 10, 10, 1, 
419: 0, 10, 0, 10, 10, 0, 0, 10, 0, 0, 0, 10, 0, 10, 0, 10, 0, 10, 0, 10, 10, 0, 10, 0, 10, 10, 10, 10, 0, 10, 10, 0, 10, 0, 0, 10, 0, 0, 0, 10, 0, 0, 10, 10, 10, 10, 0, 0, 0, 10, 10, 0, 0, 0, 0, 10, 10, 10, 10, 10, 0, 10, 0, 10, 0, 10, 10, 0, 0, 10, 10, 0, 10, 0, 0, 10, 10, 0, 0, 0, : 10, 10, 10, 10, 10, 10, 10, 10, 10, 10, 10, 10, 10, 10, 10, 10, 10, 10, 10, 10, 10, 10, 10, 10, 10, 10, 10, 10, 10, 10, 10, 10, 10, 10, 10, 10, 10, 10, 10, 10, 
632: 0, 0, 10, 0, 0, 10, 10, 0, 10, 0, 10, 0, 0, 0, 0, 10, 10, 0, 10, 10, 10, 0, 10, 10, 0, 0, 0, 0, 10, 10, 10, 0, 10, 0, 0, 0, 0, 0, 10, 0, 0, 0, 10, 0, 10, 10, 0, 10, 10, 0, 0, 10, 10, 0, 10, 10, 0, 10, 0, 10, 10, 0, 10, 0, 10, 10, 10, 0, 0, 13, 0, 0, 10, 0, 0, 10, 10, 10, 10, 10, : 10, 10, 10, 10, 10, 10, 10, 10, 10, 10, 10, 10, 10, 10, 10, 10, 10, 10, 10, 10, 10, 10, 10, 10, 10, 10, 10, 10, 10, 10, 10, 10, 10, 13, 10, 10, 10, 10, 10, 10, 
90: 0, 0, 0, 10, 0, 1, 0, 1, 10, 0, 10, 10, 10, 10, 0, 10, 10, 10, 10, 10, 10, 0, 10, 10, 0, 0, 10, 10, 10, 0, 0, 0, 0, 10, 0, 0, 10, 0, 10, 10, 10, 3, 0, 10, 0, 0, 10, 10, 10, 0, 0, 10, 10, 0, 0, 0, 10, 10, 0, 0, 10, 0, 10, 10, 0, 10, 0, 10, 10, 10, 0, 0, 10, 0, 10, 10, 0, 10, 10, 0, : 10, 1, 1, 10, 10, 10, 10, 10, 10, 10, 10, 10, 10, 10, 10, 10, 10, 10, 10, 10, 10, 10, 10, 10, 3, 10, 10, 10, 10, 10, 10, 10, 10, 10, 10, 10, 10, 10, 10, 10, 10, 10, 10, 10, 10, 
328: 1, 10, 10, 0, 10, 10, 10, 0, 0, 0, 10, 0, 10, 10, 10, 10, 0, 0, 10, 0, 0, 0, 0, 0, 0, 0, 0, 10, 10, 10, 0, 0, 0, 0, 0, 0, 0, 10, 19, 1, 0, 1, 10, 10, 10, 10, 0, 0, 10, 0, 10, 0, 0, 0, 10, 0, 10, 10, 0, 0, 10, 10, 0, 0, 0, 0, 10, 0, 10, 10, 5, 10, 0, 10, 10, 10, 10, 10, 10, 10, : 1, 10, 10, 10, 10, 10, 10, 10, 10, 10, 10, 10, 10, 10, 10, 10, 19, 1, 1, 10, 10, 10, 10, 10, 10, 10, 10, 10, 10, 10, 10, 10, 10, 5, 10, 10, 10, 10, 10, 10, 10, 10, 
220: 0, 10, 10, 14, 0, 10, 10, 0, 0, 0, 10, 10, 0, 0, 10, 0, 0, 20, 10, 10, 10, 10, 10, 0, 5, 10, 0, 0, 10, 1, 0, 0, 10, 10, 0, 10, 0, 10, 0, 10, 0, 10, 10, 10, 0, 10, 2, 0, 10, 8, 10, 10, 10, 10, 0, 0, 10, 0, 0, 0, 0, 10, 10, 10, 10, 0, 10, 0, 0, 10, 0, 10, 1, 0, 10, 0, 0, 10, 10, 10, : 10, 10, 14, 10, 10, 10, 10, 10, 20, 10, 10, 10, 10, 10, 5, 10, 10, 1, 10, 10, 10, 10, 10, 10, 10, 10, 10, 2, 10, 8, 10, 10, 10, 10, 10, 10, 10, 10, 10, 10, 10, 10, 1, 10, 10, 10, 10, 
203: 10, 10, 0, 0, 0, 10, 0, 10, 10, 10, 10, 10, 10, 10, 10, 0, 10, 0, 0, 0, 10, 0, 0, 0, 0, 0, 0, 10, 0, 0, 10, 0, 0, 10, 10, 0, 0, 10, 0, 0, 10, 10, 0, 0, 0, 0, 10, 10, 0, 0, 10, 0, 0, 10, 10, 10, 0, 10, 0, 10, 0, 0, 3, 10, 10, 10, 10, 0, 0, 7, 10, 0, 10, 10, 0, 0, 0, 0, 0, 10, : 10, 10, 10, 10, 10, 10, 10, 10, 10, 10, 10, 10, 10, 10, 10, 10, 10, 10, 10, 10, 10, 10, 10, 10, 10, 10, 10, 10, 3, 10, 10, 10, 10, 7, 10, 10, 10, 10, 
642: 0, 0, 10, 10, 10, 0, 10, 0, 10, 0, 0, 10, 10, 10, 0, 0, 0, 0, 5, 10, 0, 10, 10, 10, 0, 10, 0, 10, 0, 0, 0, 10, 0, 0, 10, 0, 19, 0, 10, 10, 10, 0, 0, 0, 0, 0, 0, 0, 10, 0, 0, 7, 10, 0, 0, 0, 0, 10, 10, 0, 0, 0, 0, 10, 10, 10, 0, 0, 0, 10, 10, 10, 0, 10, 0, 10, 0, 10, 0, 0, : 10, 10, 10, 10, 10, 10, 10, 10, 5, 10, 10, 10, 10, 10, 10, 10, 10, 19, 10, 10, 10, 10, 7, 10, 10, 10, 10, 10, 10, 10, 10, 10, 10, 10, 10, 
271: 10, 10, 0, 0, 0, 0, 10, 0, 0, 0, 0, 0, 10, 0, 0, 10, 10, 0, 0, 0, 10, 10, 3, 10, 10, 0, 10, 10, 10, 10, 10, 10, 0, 0, 10, 10, 10, 0, 0, 10, 0, 0, 10, 0, 10, 10, 0, 10, 0, 10, 0, 10, 0, 0, 0, 10, 10, 0, 10, 0, 0, 0, 10, 0, 10, 10, 0, 10, 17, 0, 0, 0, 10, 10, 0, 10, 10, 0, 0, 10, : 10, 10, 10, 10, 10, 10, 10, 10, 3, 10, 10, 10, 10, 10, 10, 10, 10, 10, 10, 10, 10, 10, 10, 10, 10, 10, 10, 10, 10, 10, 10, 10, 10, 10, 17, 10, 10, 10, 10, 10, 
324: 10, 10, 0, 10, 0, 0, 10, 0, 0, 10, 0, 10, 10, 1, 0, 10, 10, 0, 10, 0, 10, 0, 0, 0, 0, 10, 10, 10, 10, 10, 19, 10, 10, 0, 0, 10, 10, 0, 0, 0, 0, 0, 0, 10, 10, 0, 10, 0, 10, 10, 0, 10, 10, 0, 1, 10, 10, 0, 10, 15, 0, 10, 0, 0, 0, 10, 0, 5, 10, 0, 10, 0, 10, 0, 0, 0, 0, 10, 0, 10, : 10, 10, 10, 10, 10, 10, 10, 1, 10, 10, 10, 10, 10, 10, 10, 10, 10, 19, 10, 10, 10, 10, 10, 10, 10, 10, 10, 10, 10, 1, 10, 10, 10, 15, 10, 10, 5, 10, 10, 10, 10, 10, 
599: 0, 0, 10, 10, 10, 0, 10, 0, 10, 10, 10, 10, 0, 10, 10, 0, 10, 0, 0, 0, 0, 10, 0, 10, 10, 10, 0, 10, 0, 10, 10, 10, 0, 0, 0, 0, 10, 10, 10, 10, 10, 10, 0, 10, 10, 0, 10, 10, 0, 10, 0, 10, 0, 10, 0, 10, 10, 1, 0, 10, 0, 0, 0, 0, 10, 0, 10, 10, 0, 0, 10, 0, 10, 0, 0, 10, 0, 0, 0, 10, : 10, 10, 10, 10, 10, 10, 10, 10, 10, 10, 10, 10, 10, 10, 10, 10, 10, 10, 10, 10, 10, 10, 10, 10, 10, 10, 10, 10, 10, 10, 10, 10, 10, 10, 1, 10, 10, 10, 10, 10, 10, 10, 10, 
411: 10, 10, 0, 0, 0, 10, 0, 0, 10, 10, 0, 0, 7, 10, 10, 10, 0, 0, 0, 10, 1, 0, 10, 10, 5, 0, 12, 10, 10, 0, 0, 0, 0, 10, 0, 0, 10, 0, 0, 10, 0, 0, 0, 10, 0, 10, 0, 0, 10, 10, 10, 10, 10, 0, 10, 10, 10, 0, 10, 10, 5, 10, 0, 0, 0, 2, 0, 0, 0, 0, 0, 10, 10, 0, 10, 0, 0, 0, 0, 10, : 10, 10, 10, 10, 10, 7, 10, 10, 10, 10, 1, 10, 10, 5, 12, 10, 10, 10, 10, 10, 10, 10, 10, 10, 10, 10, 10, 10, 10, 10, 10, 10, 5, 10, 2, 10, 10, 10, 10, 
427: 10, 10, 10, 0, 0, 0, 10, 0, 10, 10, 0, 10, 10, 0, 0, 10, 0, 10, 10, 0, 10, 0, 0, 10, 10, 0, 0, 0, 10, 0, 10, 0, 0, 0, 10, 0, 0, 0, 0, 3, 0, 10, 0, 10, 0, 0, 10, 10, 0, 10, 0, 10, 10, 10, 0, 10, 0, 0, 10, 10, 10, 10, 0, 0, 0, 0, 10, 0, 0, 0, 0, 0, 0, 10, 0, 10, 0, 10, 0, 0, : 10, 10, 10, 10, 10, 10, 10, 10, 10, 10, 10, 10, 10, 10, 10, 10, 10, 3, 10, 10, 10, 10, 10, 10, 10, 10, 10, 10, 10, 10, 10, 10, 10, 10, 10, 
180: 10, 0, 0, 10, 0, 10, 10, 10, 10, 0, 10, 0, 0, 10, 10, 10, 10, 10, 0, 10, 0, 0, 0, 0, 0, 10, 0, 5, 10, 10, 0, 10, 0, 10, 10, 10, 0, 10, 0, 0, 0, 10, 0, 0, 0, 10, 0, 0, 10, 10, 10, 0, 0, 10, 0, 10, 10, 10, 0, 0, 10, 3, 0, 0, 10, 10, 0, 0, 0, 0, 0, 10, 10, 0, 0, 0, 0, 10, 10, 10, : 10, 10, 10, 10, 10, 10, 10, 10, 10, 10, 10, 10, 10, 10, 5, 10, 10, 10, 10, 10, 10, 10, 10, 10, 10, 10, 10, 10, 10, 10, 10, 10, 3, 10, 10, 10, 10, 10, 10, 10, 
251: 10, 10, 10, 10, 10, 10, 10, 10, 0, 0, 0, 0, 10, 0, 10, 0, 0, 10, 10, 10, 0, 10, 0, 10, 1, 0, 0, 10, 10, 0, 0, 0, 0, 10, 10, 10, 7, 0, 10, 0, 0, 0, 10, 10, 10, 10, 0, 0, 0, 10, 10, 6, 0, 10, 0, 4, 10, 10, 10, 0, 2, 0, 1, 1, 0, 10, 10, 10, 10, 0, 10, 0, 0, 0, 10, 0, 0, 10, 0, 0, : 10, 10, 10, 10, 10, 10, 10, 10, 10, 10, 10, 10, 10, 10, 10, 1, 10, 10, 10, 10, 10, 7, 10, 10, 10, 10, 10, 10, 10, 6, 10, 4, 10, 10, 10, 2, 1, 1, 10, 10, 10, 10, 10, 10, 10, 
791: 0, 10, 0, 0, 0, 0, 18, 10, 0, 0, 0, 10, 10, 0, 0, 10, 0, 2, 10, 0, 0, 10, 0, 10, 0, 10, 0, 0, 10, 10, 0, 10, 0, 10, 10, 0, 0, 5, 10, 0, 3, 0, 10, 0, 0, 0, 0, 10, 0, 0, 0, 0, 10, 10, 10, 10, 10, 0, 10, 10, 0, 10, 10, 10, 10, 0, 10, 0, 0, 15, 0, 0, 10, 10, 0, 0, 4, 0, 10, 0, : 10, 18, 10, 10, 10, 10, 2, 10, 10, 10, 10, 10, 10, 10, 10, 10, 5, 10, 3, 10, 10, 10, 10, 10, 10, 10, 10, 10, 10, 10, 10, 10, 10, 15, 10, 10, 4, 10, 
335: 0, 0, 10, 10, 0, 10, 10, 10, 0, 0, 0, 0, 10, 10, 0, 10, 0, 10, 10, 0, 10, 10, 10, 0, 10, 0, 0, 10, 10, 10, 10, 3, 10, 0, 10, 10, 10, 0, 0, 10, 10, 0, 0, 10, 8, 0, 2, 6, 0, 16, 3, 0, 0, 10, 10, 0, 0, 0, 0, 10, 0, 0, 0, 1, 10, 10, 0, 10, 10, 10, 10, 10, 0, 10, 10, 0, 10, 6, 0, 10, : 10, 10, 10, 10, 10, 10, 10, 10, 10, 10, 10, 10, 10, 10, 10, 10, 10, 10, 3, 10, 10, 10, 10, 10, 10, 10, 8, 2, 6, 16, 3, 10, 10, 10, 1, 10, 10, 10, 10, 10, 10, 10, 10, 10, 10, 6, 10, 
672: 0, 10, 0, 0, 10, 0, 0, 0, 10, 0, 10, 0, 10, 10, 10, 10, 0, 0, 18, 0, 0, 10, 10, 10, 0, 0, 10, 0, 0, 0, 0, 1, 0, 10, 0, 10, 10, 10, 10, 10, 0, 10, 10, 10, 10, 0, 10, 0, 10, 0, 10, 10, 10, 10, 10, 0, 10, 0, 0, 10, 10, 10, 0, 0, 0, 0, 0, 0, 10, 10, 0, 0, 10, 10, 3, 0, 0, 10, 0, 10, : 10, 10, 10, 10, 10, 10, 10, 10, 18, 10, 10, 10, 10, 1, 10, 10, 10, 10, 10, 10, 10, 10, 10, 10, 10, 10, 10, 10, 10, 10, 10, 10, 10, 10, 10, 10, 10, 10, 10, 3, 10, 10, 
218: 0, 10, 0, 10, 10, 0, 10, 10, 10, 0, 10, 10, 10, 0, 10, 0, 10, 0, 10, 0, 10, 10, 10, 0, 0, 10, 10, 10, 10, 10, 10, 0, 0, 10, 10, 0, 0, 0, 0, 10, 0, 10, 10, 0, 0, 0, 10, 0, 5, 1, 0, 10, 0, 10, 0, 0, 10, 10, 9, 10, 10, 0, 0, 0, 10, 0, 0, 0, 0, 0, 0, 10, 0, 0, 10, 10, 10, 10, 0, 0, : 10, 10, 10, 10, 10, 10, 10, 10, 10, 10, 10, 10, 10, 10, 10, 10, 10, 10, 10, 10, 10, 10, 10, 10, 10, 10, 10, 5, 1, 10, 10, 10, 10, 9, 10, 10, 10, 10, 10, 10, 10, 10, 
534: 10, 0, 10, 0, 10, 10, 10, 10, 0, 0, 10, 10, 0, 0, 0, 0, 0, 10, 10, 10, 10, 0, 0, 0, 10, 10, 10, 0, 0, 0, 10, 10, 0, 0, 0, 0, 0, 0, 0, 10, 10, 0, 0, 10, 0, 10, 0, 0, 10, 10, 0, 10, 10, 2, 0, 0, 0, 3, 10, 0, 10, 10, 0, 0, 0, 10, 10, 10, 10, 0, 10, 0, 0, 0, 10, 0, 10, 10, 10, 10, : 10, 10, 10, 10, 10, 10, 10, 10, 10, 10, 10, 10, 10, 10, 10, 10, 10, 10, 10, 10, 10, 10, 10, 10, 10, 2, 3, 10, 10, 10, 10, 10, 10, 10, 10, 10, 10, 10, 10, 10, 
166: 0, 0, 10, 10, 10, 17, 10, 10, 0, 10, 0, 10, 10, 0, 10, 10, 10, 0, 10, 10, 10, 10, 10, 0, 0, 3, 10, 10, 10, 0, 10, 10, 10, 10, 10, 10, 0, 0, 10, 0, 0, 0, 0, 0, 10, 10, 0, 1, 0, 0, 10, 10, 10, 10, 10, 0, 0, 10, 0, 0, 10, 0, 10, 0, 10, 10, 10, 10, 0, 0, 10, 0, 10, 10, 0, 0, 10, 1, 1, 10, : 10, 10, 10, 17, 10, 10, 10, 10, 10, 10, 10, 10, 10, 10, 10, 10, 10, 3, 10, 10, 10, 10, 10, 10, 10, 10, 10, 10, 10, 10, 1, 10, 10, 10, 10, 10, 10, 10, 10, 10, 10, 10, 10, 10, 10, 10, 10, 1, 1, 10, 
238: 10, 0, 0, 0, 0, 0, 0, 10, 10, 0, 0, 10, 0, 10, 0, 0, 0, 10, 10, 10, 10, 0, 10, 0, 0, 2, 0, 0, 0, 0, 10, 0, 0, 10, 13, 10, 0, 0, 10, 10, 10, 10, 10, 10, 10, 10, 0, 0, 10, 0, 0, 0, 10, 0, 0, 10, 0, 10, 0, 0, 10, 0, 10, 0, 10, 0, 10, 0, 10, 10, 10, 10, 0, 0, 10, 10, 10, 0, 10, 0, : 10, 10, 10, 10, 10, 10, 10, 10, 10, 10, 2, 10, 10, 13, 10, 10, 10, 10, 10, 10, 10, 10, 10, 10, 10, 10, 10, 10, 10, 10, 10, 10, 10, 10, 10, 10, 10, 10, 10, 
286: 10, 10, 0, 0, 0, 10, 0, 10, 10, 0, 0, 10, 10, 10, 10, 0, 10, 10, 0, 0, 10, 0, 10, 10, 10, 0, 0, 0, 0, 10, 2, 10, 10, 0, 0, 10, 10, 10, 0, 0, 0, 10, 10, 10, 0, 10, 10, 0, 0, 0, 0, 10, 0, 10, 10, 0, 0, 10, 10, 10, 0, 10, 10, 10, 10, 0, 10, 0, 10, 0, 1, 10, 0, 10, 10, 10, 0, 10, 10, 0, : 10, 10, 10, 10, 10, 10, 10, 10, 10, 10, 10, 10, 10, 10, 10, 10, 2, 10, 10, 10, 10, 10, 10, 10, 10, 10, 10, 10, 10, 10, 10, 10, 10, 10, 10, 10, 10, 10, 10, 1, 10, 10, 10, 10, 10, 10, 
413: 10, 10, 10, 10, 10, 10, 0, 0, 2, 0, 0, 10, 10, 10, 0, 0, 10, 0, 0, 5, 0, 10, 10, 10, 0, 10, 10, 10, 0, 10, 0, 0, 0, 10, 10, 0, 0, 10, 0, 10, 10, 0, 10, 0, 0, 10, 10, 0, 10, 0, 10, 0, 10, 0, 10, 0, 10, 0, 10, 10, 0, 0, 20, 0, 10, 0, 10, 10, 10, 10, 10, 10, 10, 10, 10, 10, 10, 0, 10, 0, : 10, 10, 10, 10, 10, 10, 2, 10, 10, 10, 10, 5, 10, 10, 10, 10, 10, 10, 10, 10, 10, 10, 10, 10, 10, 10, 10, 10, 10, 10, 10, 10, 10, 10, 20, 10, 10, 10, 10, 10, 10, 10, 10, 10, 10, 10, 10, 10, 
398: 10, 10, 10, 0, 10, 10, 0, 10, 10, 0, 1, 10, 10, 0, 0, 10, 10, 0, 10, 0, 0, 10, 2, 0, 10, 10, 10, 10, 0, 0, 0, 10, 10, 0, 10, 10, 0, 0, 10, 10, 10, 10, 0, 1, 10, 10, 10, 10, 0, 0, 0, 10, 0, 10, 0, 10, 0, 10, 0, 10, 0, 10, 0, 0, 0, 0, 0, 0, 10, 10, 0, 0, 10, 0, 0, 0, 0, 0, 0, 0, : 10, 10, 10, 10, 10, 10, 10, 1, 10, 10, 10, 10, 10, 10, 2, 10, 10, 10, 10, 10, 10, 10, 10, 10, 10, 10, 10, 1, 10, 10, 10, 10, 10, 10, 10, 10, 10, 10, 10, 10, 10, 
322: 0, 0, 10, 10, 0, 11, 10, 10, 0, 0, 10, 0, 10, 10, 10, 10, 10, 9, 0, 0, 10, 0, 10, 10, 0, 10, 10, 10, 10, 10, 0, 0, 0, 10, 10, 0, 0, 0, 10, 10, 0, 0, 0, 0, 0, 0, 10, 0, 0, 0, 10, 0, 10, 15, 0, 0, 10, 0, 10, 10, 10, 0, 10, 0, 10, 10, 0, 10, 0, 10, 0, 0, 1, 10, 10, 10, 0, 0, 0, 10, : 10, 10, 11, 10, 10, 10, 10, 10, 10, 10, 10, 9, 10, 10, 10, 10, 10, 10, 10, 10, 10, 10, 10, 10, 10, 10, 10, 15, 10, 10, 10, 10, 10, 10, 10, 10, 10, 1, 10, 10, 10, 10, 
298: 10, 10, 0, 10, 10, 5, 10, 10, 0, 10, 0, 0, 0, 0, 0, 0, 0, 10, 0, 10, 0, 10, 10, 10, 10, 10, 0, 0, 10, 0, 10, 10, 10, 10, 10, 10, 0, 10, 0, 10, 10, 10, 10, 10, 10, 0, 10, 10, 0, 10, 10, 0, 10, 0, 10, 10, 10, 10, 0, 10, 0, 10, 10, 10, 10, 0, 10, 0, 10, 10, 10, 0, 10, 10, 0, 10, 10, 0, 10, 10, : 10, 10, 10, 10, 5, 10, 10, 10, 10, 10, 10, 10, 10, 10, 10, 10, 10, 10, 10, 10, 10, 10, 10, 10, 10, 10, 10, 10, 10, 10, 10, 10, 10, 10, 10, 10, 10, 10, 10, 10, 10, 10, 10, 10, 10, 10, 10, 10, 10, 10, 10, 10, 10, 
614: 10, 0, 0, 0, 10, 10, 0, 0, 10, 10, 0, 0, 0, 10, 10, 10, 0, 10, 10, 0, 0, 10, 0, 10, 10, 0, 0, 0, 0, 10, 10, 0, 10, 10, 0, 0, 10, 10, 0, 10, 0, 10, 10, 0, 10, 7, 10, 10, 10, 10, 10, 10, 10, 10, 0, 10, 10, 0, 10, 0, 10, 10, 10, 10, 0, 0, 10, 0, 0, 12, 0, 10, 18, 0, 10, 0, 0, 10, 0, 0, : 10, 10, 10, 10, 10, 10, 10, 10, 10, 10, 10, 10, 10, 10, 10, 10, 10, 10, 10, 10, 10, 10, 10, 7, 10, 10, 10, 10, 10, 10, 10, 10, 10, 10, 10, 10, 10, 10, 10, 10, 12, 10, 18, 10, 10, 
483: 0, 0, 0, 0, 10, 10, 0, 10, 10, 0, 0, 0, 0, 10, 10, 0, 10, 0, 0, 0, 0, 0, 0, 0, 10, 0, 0, 10, 10, 10, 10, 10, 0, 0, 0, 10, 10, 0, 0, 0, 0, 10, 10, 0, 0, 0, 10, 0, 10, 10, 0, 0, 10, 1, 10, 10, 0, 10, 0, 0, 0, 0, 0, 10, 10, 0, 0, 0, 0, 10, 10, 10, 10, 0, 10, 10, 10, 10, 16, 10, : 10, 10, 10, 10, 10, 10, 10, 10, 10, 10, 10, 10, 10, 10, 10, 10, 10, 10, 10, 10, 10, 1, 10, 10, 10, 10, 10, 10, 10, 10, 10, 10, 10, 10, 10, 16, 10, 
551: 10, 0, 0, 0, 10, 0, 0, 10, 0, 0, 10, 0, 10, 0, 10, 10, 10, 10, 10, 10, 0, 0, 10, 2, 0, 0, 10, 0, 10, 10, 2, 0, 0, 0, 0, 0, 10, 10, 0, 15, 10, 0, 10, 10, 0, 0, 10, 10, 0, 0, 0, 10, 0, 7, 0, 10, 10, 10, 0, 0, 0, 0, 0, 10, 0, 10, 10, 0, 10, 0, 10, 0, 0, 10, 10, 0, 4, 0, 10, 0, : 10, 10, 10, 10, 10, 10, 10, 10, 10, 10, 10, 10, 2, 10, 10, 10, 2, 10, 10, 15, 10, 10, 10, 10, 10, 10, 7, 10, 10, 10, 10, 10, 10, 10, 10, 10, 10, 4, 10, 
722: 10, 0, 10, 10, 18, 0, 10, 0, 0, 0, 0, 0, 0, 10, 0, 0, 6, 10, 0, 0, 0, 10, 10, 0, 0, 0, 0, 0, 10, 10, 0, 0, 0, 10, 0, 10, 0, 0, 0, 10, 10, 0, 0, 10, 10, 0, 10, 0, 10, 10, 10, 0, 0, 0, 10, 0, 0, 0, 10, 10, 0, 10, 1, 0, 10, 10, 0, 10, 0, 0, 10, 10, 10, 10, 7, 10, 10, 10, 0, 0, : 10, 10, 10, 18, 10, 10, 6, 10, 10, 10, 10, 10, 10, 10, 10, 10, 10, 10, 10, 10, 10, 10, 10, 10, 10, 10, 1, 10, 10, 10, 10, 10, 10, 10, 7, 10, 10, 10, 
748: 0, 10, 10, 10, 0, 10, 0, 10, 10, 10, 0, 0, 10, 0, 10, 0, 10, 10, 10, 0, 10, 0, 2, 0, 0, 10, 10, 0, 1, 0, 10, 10, 0, 10, 10, 10, 10, 0, 10, 0, 10, 0, 0, 10, 10, 0, 0, 10, 0, 10, 0, 0, 10, 0, 10, 0, 0, 10, 0, 0, 0, 10, 0, 12, 0, 0, 10, 10, 0, 2, 10, 10, 0, 10, 0, 0, 0, 0, 0, 10, : 10, 10, 10, 10, 10, 10, 10, 10, 10, 10, 10, 10, 10, 2, 10, 10, 1, 10, 10, 10, 10, 10, 10, 10, 10, 10, 10, 10, 10, 10, 10, 10, 10, 12, 10, 10, 2, 10, 10, 10, 10, 


767: 0, 0, 10, 10, 0, 10, 10, 1, 10, 0, 0, 10, 10, 0, 0, 10, 0, 0, 0, 10, 10, 0, 10, 0, 0, 0, 10, 10, 0, 10, 0, 10, 0, 10, 10, 10, 10, 0, 0, 10, 10, 0, 0, 10, 10, 10, 0, 10, 0, 10, 0, 0, 0, 10, 0, 0, 0, 1, 0, 0, 0, 0, 10, 0, 10, 0, 0, 0, 0, 10, 1, 0, 0, 0, 0, 10, 10, 3, 10, 10, : 10, 10, 10, 10, 1, 10, 10, 10, 10, 10, 10, 10, 10, 10, 10, 10, 10, 10, 10, 10, 10, 10, 10, 10, 10, 10, 10, 10, 1, 10, 10, 10, 1, 10, 10, 3, 10, 10, 
772: 10, 10, 0, 10, 0, 0, 10, 0, 10, 0, 0, 10, 10, 10, 0, 0, 10, 10, 10, 1, 0, 0, 10, 10, 0, 10, 10, 10, 1, 0, 10, 10, 10, 10, 1, 6, 10, 0, 6, 10, 10, 0, 10, 0, 10, 10, 10, 0, 10, 10, 10, 10, 10, 0, 0, 10, 0, 10, 10, 0, 10, 0, 10, 0, 10, 10, 10, 10, 0, 0, 10, 0, 10, 10, 0, 0, 0, 10, 0, 0, : 10, 10, 10, 10, 10, 10, 10, 10, 10, 10, 10, 1, 10, 10, 10, 10, 10, 1, 10, 10, 10, 10, 1, 6, 10, 6, 10, 10, 10, 10, 10, 10, 10, 10, 10, 10, 10, 10, 10, 10, 10, 10, 10, 10, 10, 10, 10, 10, 10, 10, 
102: 0, 10, 10, 0, 0, 10, 10, 10, 0, 0, 0, 10, 10, 0, 1, 10, 6, 1, 10, 10, 10, 0, 0, 0, 10, 0, 10, 0, 10, 0, 10, 10, 10, 0, 0, 0, 10, 0, 10, 10, 10, 10, 10, 10, 0, 0, 10, 10, 0, 10, 17, 10, 10, 0, 0, 10, 10, 0, 10, 0, 0, 0, 10, 10, 10, 4, 10, 0, 10, 0, 0, 0, 0, 10, 16, 0, 0, 10, 0, 10, : 10, 10, 10, 10, 10, 10, 10, 1, 10, 6, 1, 10, 10, 10, 10, 10, 10, 10, 10, 10, 10, 10, 10, 10, 10, 10, 10, 10, 10, 10, 17, 10, 10, 10, 10, 10, 10, 10, 10, 4, 10, 10, 10, 16, 10, 10, 
670: 10, 10, 0, 10, 0, 0, 10, 10, 0, 0, 10, 0, 10, 10, 1, 10, 10, 0, 0, 0, 10, 0, 10, 0, 0, 0, 0, 1, 10, 3, 0, 10, 10, 3, 10, 10, 0, 10, 10, 0, 0, 10, 10, 10, 10, 0, 10, 0, 0, 10, 10, 0, 10, 0, 0, 0, 0, 10, 10, 10, 0, 0, 0, 0, 17, 10, 10, 10, 10, 0, 0, 0, 0, 10, 0, 0, 0, 10, 0, 0, : 10, 10, 10, 10, 10, 10, 10, 10, 1, 10, 10, 10, 10, 1, 10, 3, 10, 10, 3, 10, 10, 10, 10, 10, 10, 10, 10, 10, 10, 10, 10, 10, 10, 10, 17, 10, 10, 10, 10, 10, 10, 
560: 10, 0, 0, 10, 0, 10, 0, 10, 10, 10, 0, 10, 10, 0, 10, 0, 0, 0, 0, 10, 10, 10, 10, 10, 10, 10, 10, 0, 4, 0, 10, 10, 0, 10, 0, 10, 0, 0, 10, 0, 10, 10, 0, 10, 10, 0, 0, 18, 0, 0, 0, 10, 0, 10, 0, 10, 10, 10, 10, 0, 10, 0, 0, 10, 0, 0, 0, 10, 0, 0, 0, 10, 0, 10, 0, 10, 0, 0, 0, 10, : 10, 10, 10, 10, 10, 10, 10, 10, 10, 10, 10, 10, 10, 10, 10, 10, 10, 4, 10, 10, 10, 10, 10, 10, 10, 10, 10, 18, 10, 10, 10, 10, 10, 10, 10, 10, 10, 10, 10, 10, 10, 
658: 0, 10, 0, 0, 10, 0, 0, 10, 10, 0, 0, 10, 0, 0, 10, 0, 0, 0, 0, 10, 0, 0, 10, 0, 10, 0, 0, 10, 0, 0, 0, 10, 10, 0, 10, 10, 10, 10, 0, 10, 0, 10, 10, 0, 0, 10, 0, 10, 10, 10, 10, 0, 10, 10, 0, 0, 0, 10, 10, 10, 10, 10, 10, 10, 10, 0, 10, 10, 10, 0, 10, 10, 10, 0, 0, 0, 10, 10, 10, 0, : 10, 10, 10, 10, 10, 10, 10, 10, 10, 10, 10, 10, 10, 10, 10, 10, 10, 10, 10, 10, 10, 10, 10, 10, 10, 10, 10, 10, 10, 10, 10, 10, 10, 10, 10, 10, 10, 10, 10, 10, 10, 10, 10, 
168: 0, 0, 10, 10, 10, 10, 10, 10, 10, 10, 10, 10, 10, 10, 0, 10, 0, 0, 10, 10, 0, 0, 1, 10, 0, 0, 10, 0, 10, 10, 10, 0, 0, 0, 10, 0, 10, 1, 0, 0, 0, 10, 0, 4, 10, 10, 10, 10, 0, 0, 0, 10, 0, 10, 10, 0, 10, 0, 0, 10, 10, 10, 0, 10, 0, 0, 16, 0, 0, 0, 10, 0, 10, 10, 10, 1, 10, 10, 0, 0, : 10, 10, 10, 10, 10, 10, 10, 10, 10, 10, 10, 10, 10, 10, 10, 1, 10, 10, 10, 10, 10, 10, 10, 1, 10, 4, 10, 10, 10, 10, 10, 10, 10, 10, 10, 10, 10, 10, 16, 10, 10, 10, 10, 1, 10, 10, 
565: 0, 10, 0, 1, 10, 10, 0, 10, 0, 10, 10, 0, 0, 0, 10, 10, 10, 10, 10, 10, 0, 10, 0, 10, 10, 0, 10, 10, 0, 0, 0, 19, 10, 0, 0, 10, 10, 0, 10, 10, 2, 0, 10, 0, 0, 0, 10, 10, 0, 0, 0, 10, 0, 0, 10, 0, 0, 3, 1, 10, 10, 10, 0, 10, 0, 10, 10, 10, 0, 10, 0, 0, 0, 0, 10, 0, 10, 8, 10, 10, : 10, 1, 10, 10, 10, 10, 10, 10, 10, 10, 10, 10, 10, 10, 10, 10, 10, 10, 19, 10, 10, 10, 10, 10, 2, 10, 10, 10, 10, 10, 3, 1, 10, 10, 10, 10, 10, 10, 10, 10, 10, 10, 8, 10, 10, 
319: 1, 10, 0, 8, 10, 10, 10, 10, 0, 0, 10, 10, 0, 0, 0, 10, 0, 10, 10, 10, 19, 0, 10, 1, 0, 10, 0, 13, 10, 0, 10, 0, 1, 10, 10, 0, 10, 10, 0, 0, 0, 0, 10, 0, 10, 10, 0, 0, 0, 0, 10, 0, 0, 0, 0, 0, 0, 10, 10, 0, 0, 0, 10, 10, 10, 0, 0, 0, 0, 0, 10, 0, 0, 0, 10, 10, 10, 10, 0, 10, : 1, 10, 8, 10, 10, 10, 10, 10, 10, 10, 10, 10, 10, 19, 10, 1, 10, 13, 10, 10, 1, 10, 10, 10, 10, 10, 10, 10, 10, 10, 10, 10, 10, 10, 10, 10, 10, 10, 10, 10, 
66: 0, 0, 5, 10, 10, 10, 0, 10, 10, 10, 0, 10, 0, 10, 10, 0, 10, 0, 0, 0, 0, 0, 10, 7, 10, 0, 0, 0, 0, 0, 10, 0, 0, 0, 1, 0, 0, 0, 10, 0, 0, 0, 0, 10, 0, 10, 10, 0, 10, 10, 0, 0, 10, 0, 6, 10, 10, 0, 10, 10, 10, 0, 10, 0, 10, 10, 10, 10, 0, 0, 0, 10, 10, 0, 0, 0, 10, 0, 10, 0, : 5, 10, 10, 10, 10, 10, 10, 10, 10, 10, 10, 10, 7, 10, 10, 1, 10, 10, 10, 10, 10, 10, 10, 6, 10, 10, 10, 10, 10, 10, 10, 10, 10, 10, 10, 10, 10, 10, 
5: 10, 10, 0, 0, 0, 10, 10, 10, 0, 0, 0, 10, 0, 0, 0, 0, 10, 10, 10, 0, 10, 10, 0, 10, 10, 0, 0, 0, 0, 10, 10, 0, 0, 0, 0, 0, 10, 10, 10, 0, 10, 0, 0, 0, 10, 10, 10, 0, 10, 10, 4, 10, 10, 0, 10, 10, 0, 10, 0, 0, 0, 10, 10, 10, 10, 10, 2, 10, 10, 0, 0, 0, 10, 10, 10, 10, 0, 10, 0, 10, : 10, 10, 10, 10, 10, 10, 10, 10, 10, 10, 10, 10, 10, 10, 10, 10, 10, 10, 10, 10, 10, 10, 10, 10, 4, 10, 10, 10, 10, 10, 10, 10, 10, 10, 10, 2, 10, 10, 10, 10, 10, 10, 10, 10, 
334: 0, 10, 0, 0, 10, 0, 0, 0, 0, 0, 0, 0, 10, 10, 10, 0, 0, 10, 10, 10, 10, 10, 10, 0, 0, 10, 10, 10, 10, 10, 0, 0, 10, 0, 0, 0, 1, 0, 10, 10, 10, 10, 0, 0, 0, 10, 0, 0, 10, 3, 0, 10, 10, 0, 0, 8, 10, 10, 10, 10, 0, 10, 10, 0, 0, 0, 0, 13, 10, 10, 0, 10, 1, 0, 10, 10, 10, 10, 10, 10, : 10, 10, 10, 10, 10, 10, 10, 10, 10, 10, 10, 10, 10, 10, 10, 10, 10, 1, 10, 10, 10, 10, 10, 10, 3, 10, 10, 8, 10, 10, 10, 10, 10, 10, 13, 10, 10, 10, 1, 10, 10, 10, 10, 10, 10, 
13: 10, 10, 10, 0, 0, 10, 10, 10, 0, 10, 0, 4, 10, 0, 0, 0, 10, 10, 0, 0, 10, 10, 0, 10, 10, 0, 10, 10, 0, 10, 0, 0, 0, 0, 0, 10, 0, 0, 10, 10, 0, 0, 10, 10, 10, 0, 10, 0, 0, 10, 0, 9, 0, 0, 0, 10, 10, 0, 1, 10, 0, 10, 16, 10, 10, 0, 10, 10, 10, 0, 10, 0, 10, 10, 10, 10, 4, 10, 0, 0, : 10, 10, 10, 10, 10, 10, 10, 4, 10, 10, 10, 10, 10, 10, 10, 10, 10, 10, 10, 10, 10, 10, 10, 10, 10, 10, 9, 10, 10, 1, 10, 10, 16, 10, 10, 10, 10, 10, 10, 10, 10, 10, 10, 4, 10, 
557: 0, 0, 0, 10, 10, 10, 10, 10, 15, 10, 10, 0, 10, 0, 0, 0, 10, 10, 10, 0, 10, 10, 10, 0, 10, 14, 0, 10, 0, 10, 10, 0, 10, 3, 0, 0, 0, 6, 0, 10, 0, 0, 10, 0, 0, 10, 10, 0, 0, 10, 10, 0, 0, 1, 10, 0, 2, 10, 0, 0, 0, 10, 0, 0, 10, 10, 10, 10, 10, 0, 10, 0, 10, 0, 10, 10, 0, 0, 10, 0, : 10, 10, 10, 10, 10, 15, 10, 10, 10, 10, 10, 10, 10, 10, 10, 10, 14, 10, 10, 10, 10, 3, 6, 10, 10, 10, 10, 10, 10, 1, 10, 2, 10, 10, 10, 10, 10, 10, 10, 10, 10, 10, 10, 10, 
683: 10, 0, 0, 0, 0, 10, 10, 0, 0, 18, 0, 10, 0, 10, 10, 0, 10, 0, 10, 0, 0, 10, 10, 0, 0, 0, 10, 1, 10, 0, 10, 10, 10, 10, 10, 0, 10, 0, 0, 10, 10, 10, 10, 0, 0, 10, 0, 0, 6, 0, 10, 5, 10, 10, 10, 10, 0, 0, 0, 0, 10, 0, 10, 0, 10, 0, 0, 0, 0, 0, 0, 10, 10, 0, 10, 1, 0, 0, 0, 10, : 10, 10, 10, 18, 10, 10, 10, 10, 10, 10, 10, 10, 1, 10, 10, 10, 10, 10, 10, 10, 10, 10, 10, 10, 10, 6, 10, 5, 10, 10, 10, 10, 10, 10, 10, 10, 10, 10, 1, 10, 
34: 10, 0, 5, 0, 10, 0, 10, 10, 10, 0, 1, 17, 10, 10, 10, 0, 10, 0, 10, 10, 0, 0, 0, 0, 20, 0, 0, 10, 10, 10, 0, 0, 10, 0, 0, 10, 17, 10, 10, 10, 0, 10, 10, 0, 0, 0, 0, 0, 0, 10, 1, 10, 0, 10, 3, 10, 0, 10, 10, 10, 10, 0, 0, 10, 10, 1, 10, 0, 10, 7, 10, 0, 10, 10, 0, 0, 10, 0, 0, 0, : 10, 5, 10, 10, 10, 10, 1, 17, 10, 10, 10, 10, 10, 10, 20, 10, 10, 10, 10, 10, 17, 10, 10, 10, 10, 10, 10, 1, 10, 10, 3, 10, 10, 10, 10, 10, 10, 10, 1, 10, 10, 7, 10, 10, 10, 10, 
530: 0, 10, 0, 0, 0, 10, 0, 12, 0, 10, 10, 0, 10, 10, 0, 10, 3, 0, 0, 10, 10, 1, 10, 0, 13, 10, 0, 10, 10, 11, 10, 10, 0, 0, 10, 1, 0, 0, 10, 0, 10, 0, 0, 10, 0, 0, 10, 10, 10, 2, 0, 0, 0, 10, 0, 10, 0, 10, 10, 0, 0, 10, 0, 10, 0, 10, 1, 10, 0, 10, 0, 10, 17, 10, 0, 10, 10, 0, 10, 0, : 10, 10, 12, 10, 10, 10, 10, 10, 3, 10, 10, 1, 10, 13, 10, 10, 10, 11, 10, 10, 10, 1, 10, 10, 10, 10, 10, 10, 2, 10, 10, 10, 10, 10, 10, 10, 1, 10, 10, 10, 17, 10, 10, 10, 10, 
245: 0, 0, 10, 0, 0, 10, 0, 1, 0, 0, 10, 0, 10, 0, 0, 10, 0, 10, 0, 0, 0, 10, 0, 0, 10, 0, 10, 10, 10, 10, 0, 0, 10, 10, 10, 0, 0, 10, 10, 0, 10, 0, 0, 5, 10, 0, 10, 1, 10, 10, 0, 0, 10, 0, 10, 10, 10, 1, 10, 0, 0, 0, 0, 10, 10, 0, 10, 0, 6, 10, 0, 10, 10, 0, 0, 10, 10, 0, 0, 0, : 10, 10, 1, 10, 10, 10, 10, 10, 10, 10, 10, 10, 10, 10, 10, 10, 10, 10, 10, 5, 10, 10, 1, 10, 10, 10, 10, 10, 10, 1, 10, 10, 10, 10, 6, 10, 10, 10, 10, 10, 
358: 0, 10, 0, 10, 0, 10, 1, 10, 0, 0, 10, 10, 10, 10, 10, 10, 10, 2, 15, 10, 0, 10, 2, 0, 0, 10, 10, 0, 2, 0, 0, 0, 10, 0, 0, 10, 0, 10, 0, 0, 10, 0, 0, 0, 0, 0, 0, 0, 0, 10, 10, 10, 0, 0, 10, 0, 10, 0, 10, 10, 10, 0, 0, 0, 0, 10, 10, 10, 10, 0, 10, 10, 10, 0, 10, 10, 10, 1, 0, 10, : 10, 10, 10, 1, 10, 10, 10, 10, 10, 10, 10, 10, 2, 15, 10, 10, 2, 10, 10, 2, 10, 10, 10, 10, 10, 10, 10, 10, 10, 10, 10, 10, 10, 10, 10, 10, 10, 10, 10, 10, 10, 10, 1, 10, 
524: 0, 10, 10, 0, 0, 0, 0, 0, 0, 10, 0, 10, 0, 10, 0, 10, 10, 10, 10, 0, 10, 10, 0, 10, 0, 10, 10, 10, 10, 0, 10, 10, 0, 0, 10, 0, 10, 10, 10, 10, 10, 10, 0, 6, 10, 10, 0, 10, 10, 10, 10, 0, 10, 10, 10, 10, 0, 10, 0, 0, 10, 0, 10, 0, 10, 10, 10, 10, 0, 0, 0, 0, 16, 0, 10, 10, 10, 10, 0, 0, : 10, 10, 10, 10, 10, 10, 10, 10, 10, 10, 10, 10, 10, 10, 10, 10, 10, 10, 10, 10, 10, 10, 10, 10, 10, 6, 10, 10, 10, 10, 10, 10, 10, 10, 10, 10, 10, 10, 10, 10, 10, 10, 10, 16, 10, 10, 10, 10, 
27: 0, 10, 10, 0, 0, 0, 0, 0, 10, 0, 0, 10, 10, 10, 0, 10, 0, 10, 0, 0, 10, 0, 0, 10, 10, 10, 0, 0, 0, 10, 10, 10, 10, 10, 0, 10, 0, 10, 0, 10, 10, 0, 10, 10, 10, 10, 0, 10, 0, 0, 0, 0, 0, 0, 10, 0, 10, 0, 0, 10, 0, 10, 0, 10, 10, 0, 10, 0, 10, 10, 1, 0, 0, 10, 0, 0, 0, 10, 0, 10, : 10, 10, 10, 10, 10, 10, 10, 10, 10, 10, 10, 10, 10, 10, 10, 10, 10, 10, 10, 10, 10, 10, 10, 10, 10, 10, 10, 10, 10, 10, 10, 10, 10, 10, 10, 1, 10, 10, 10, 
185: 0, 10, 10, 10, 0, 0, 10, 10, 0, 10, 3, 0, 10, 10, 10, 0, 10, 0, 10, 10, 0, 0, 10, 0, 0, 10, 0, 0, 0, 10, 1, 0, 10, 10, 0, 0, 0, 0, 0, 0, 10, 0, 10, 0, 0, 10, 6, 10, 10, 0, 10, 10, 10, 10, 10, 10, 10, 10, 0, 10, 10, 10, 0, 10, 1, 0, 0, 10, 10, 10, 10, 0, 10, 10, 10, 5, 10, 0, 10, 10, : 10, 10, 10, 10, 10, 10, 3, 10, 10, 10, 10, 10, 10, 10, 10, 10, 1, 10, 10, 10, 10, 10, 6, 10, 10, 10, 10, 10, 10, 10, 10, 10, 10, 10, 10, 10, 10, 1, 10, 10, 10, 10, 10, 10, 10, 5, 10, 10, 10, 
149: 0, 0, 1, 10, 0, 0, 10, 10, 10, 0, 0, 0, 10, 0, 10, 0, 10, 0, 10, 10, 1, 0, 0, 0, 10, 10, 0, 1, 10, 10, 0, 10, 0, 10, 10, 0, 0, 10, 0, 0, 2, 10, 0, 10, 10, 0, 0, 10, 0, 3, 0, 10, 0, 0, 0, 0, 0, 0, 0, 10, 0, 0, 10, 0, 10, 0, 0, 0, 10, 10, 0, 10, 10, 10, 0, 10, 0, 0, 3, 10, : 1, 10, 10, 10, 10, 10, 10, 10, 10, 10, 1, 10, 10, 1, 10, 10, 10, 10, 10, 10, 2, 10, 10, 10, 10, 3, 10, 10, 10, 10, 10, 10, 10, 10, 10, 10, 3, 10, 
657: 3, 3, 10, 10, 0, 0, 10, 10, 10, 0, 0, 10, 10, 10, 0, 10, 0, 10, 0, 0, 0, 10, 2, 0, 10, 10, 10, 10, 10, 10, 0, 0, 0, 0, 10, 0, 10, 10, 10, 10, 0, 10, 0, 10, 10, 0, 0, 0, 10, 10, 0, 10, 0, 0, 10, 10, 0, 0, 10, 0, 0, 10, 0, 0, 10, 10, 0, 0, 0, 0, 0, 10, 10, 0, 10, 0, 0, 10, 10, 0, : 3, 3, 10, 10, 10, 10, 10, 10, 10, 10, 10, 10, 10, 2, 10, 10, 10, 10, 10, 10, 10, 10, 10, 10, 10, 10, 10, 10, 10, 10, 10, 10, 10, 10, 10, 10, 10, 10, 10, 10, 10, 10, 
192: 10, 0, 10, 10, 0, 10, 10, 1, 10, 10, 10, 10, 0, 10, 10, 10, 1, 6, 0, 10, 10, 0, 10, 10, 10, 10, 10, 0, 10, 10, 10, 10, 10, 10, 10, 0, 0, 10, 16, 0, 0, 10, 10, 10, 10, 0, 10, 0, 0, 0, 10, 10, 10, 20, 10, 0, 10, 10, 10, 10, 0, 5, 10, 10, 10, 0, 10, 10, 10, 10, 10, 10, 0, 0, 10, 0, 10, 10, 10, 0, : 10, 10, 10, 10, 10, 1, 10, 10, 10, 10, 10, 10, 10, 1, 6, 10, 10, 10, 10, 10, 10, 10, 10, 10, 10, 10, 10, 10, 10, 10, 16, 10, 10, 10, 10, 10, 10, 10, 10, 20, 10, 10, 10, 10, 10, 5, 10, 10, 10, 10, 10, 10, 10, 10, 10, 10, 10, 10, 10, 
116: 0, 0, 0, 0, 10, 0, 0, 10, 0, 10, 10, 0, 10, 10, 10, 10, 10, 0, 10, 10, 10, 0, 10, 0, 0, 0, 0, 0, 0, 0, 0, 2, 0, 10, 10, 10, 0, 10, 10, 0, 10, 0, 10, 10, 10, 0, 10, 10, 0, 0, 0, 0, 0, 10, 10, 10, 10, 10, 0, 10, 0, 10, 10, 0, 0, 0, 10, 0, 0, 10, 10, 0, 0, 10, 2, 0, 10, 0, 0, 0, : 10, 10, 10, 10, 10, 10, 10, 10, 10, 10, 10, 10, 10, 2, 10, 10, 10, 10, 10, 10, 10, 10, 10, 10, 10, 10, 10, 10, 10, 10, 10, 10, 10, 10, 10, 10, 10, 2, 10, 
527: 10, 10, 0, 0, 10, 0, 0, 0, 0, 10, 10, 0, 0, 0, 10, 0, 10, 10, 0, 10, 10, 10, 10, 0, 14, 10, 10, 0, 0, 10, 0, 0, 0, 0, 0, 0, 0, 10, 0, 0, 0, 0, 10, 0, 10, 10, 0, 10, 0, 10, 10, 10, 10, 0, 0, 0, 10, 0, 10, 0, 0, 10, 0, 0, 10, 0, 10, 0, 0, 1, 10, 0, 10, 0, 0, 7, 10, 10, 10, 0, : 10, 10, 10, 10, 10, 10, 10, 10, 10, 10, 10, 10, 14, 10, 10, 10, 10, 10, 10, 10, 10, 10, 10, 10, 10, 10, 10, 10, 10, 10, 1, 10, 10, 7, 10, 10, 10, 
765: 17, 10, 10, 0, 0, 17, 10, 10, 0, 1, 0, 10, 0, 6, 0, 0, 0, 0, 0, 0, 10, 10, 0, 10, 6, 10, 0, 10, 10, 10, 10, 0, 0, 0, 10, 0, 1, 0, 1, 0, 0, 10, 0, 10, 0, 0, 10, 10, 0, 10, 10, 0, 0, 0, 10, 0, 12, 10, 0, 0, 10, 0, 0, 10, 0, 0, 10, 0, 10, 0, 0, 10, 0, 0, 10, 0, 0, 0, 10, 10, : 17, 10, 10, 17, 10, 10, 1, 10, 6, 10, 10, 10, 6, 10, 10, 10, 10, 10, 10, 1, 1, 10, 10, 10, 10, 10, 10, 10, 12, 10, 10, 10, 10, 10, 10, 10, 10, 10, 
477: 0, 0, 0, 0, 0, 1, 10, 10, 10, 0, 10, 0, 10, 0, 0, 0, 10, 0, 0, 10, 10, 10, 10, 0, 10, 10, 0, 1, 10, 0, 10, 10, 10, 0, 0, 10, 10, 0, 10, 17, 0, 10, 10, 10, 0, 0, 0, 10, 10, 0, 10, 0, 0, 10, 10, 10, 0, 10, 10, 10, 10, 10, 10, 10, 0, 0, 0, 0, 10, 10, 0, 10, 0, 20, 10, 10, 0, 10, 10, 0, : 1, 10, 10, 10, 10, 10, 10, 10, 10, 10, 10, 10, 10, 1, 10, 10, 10, 10, 10, 10, 10, 17, 10, 10, 10, 10, 10, 10, 10, 10, 10, 10, 10, 10, 10, 10, 10, 10, 10, 10, 10, 20, 10, 10, 10, 10, 
389: 10, 10, 4, 10, 10, 2, 0, 0, 8, 10, 0, 0, 0, 0, 10, 0, 10, 0, 10, 10, 0, 10, 0, 0, 0, 10, 10, 10, 10, 1, 19, 10, 0, 0, 0, 10, 10, 10, 0, 1, 10, 10, 10, 0, 0, 0, 0, 10, 0, 0, 0, 10, 10, 10, 0, 0, 0, 10, 10, 10, 0, 10, 0, 10, 0, 0, 0, 0, 10, 10, 10, 0, 10, 0, 0, 0, 0, 0, 10, 10, : 10, 10, 4, 10, 10, 2, 8, 10, 10, 10, 10, 10, 10, 10, 10, 10, 10, 1, 19, 10, 10, 10, 10, 1, 10, 10, 10, 10, 10, 10, 10, 10, 10, 10, 10, 10, 10, 10, 10, 10, 10, 10, 
685: 10, 0, 10, 0, 0, 0, 10, 0, 10, 0, 0, 10, 0, 10, 0, 10, 0, 0, 0, 0, 0, 10, 0, 0, 0, 0, 18, 0, 1, 10, 0, 10, 10, 10, 0, 0, 10, 10, 0, 10, 0, 0, 10, 0, 10, 0, 0, 10, 10, 0, 10, 0, 0, 10, 10, 10, 0, 0, 0, 0, 10, 10, 0, 10, 0, 0, 0, 10, 0, 10, 10, 10, 1, 10, 0, 0, 0, 10, 10, 10, : 10, 10, 10, 10, 10, 10, 10, 10, 18, 1, 10, 10, 10, 10, 10, 10, 10, 10, 10, 10, 10, 10, 10, 10, 10, 10, 10, 10, 10, 10, 10, 10, 1, 10, 10, 10, 10, 
452: 10, 10, 10, 10, 10, 10, 0, 0, 10, 10, 0, 10, 10, 10, 0, 10, 10, 0, 10, 0, 0, 0, 10, 0, 10, 10, 0, 10, 0, 0, 0, 10, 0, 0, 10, 0, 0, 10, 10, 10, 10, 0, 2, 10, 10, 10, 10, 10, 0, 0, 10, 0, 10, 10, 0, 0, 0, 0, 0, 0, 10, 10, 10, 0, 10, 10, 0, 0, 10, 10, 0, 10, 10, 1, 10, 10, 0, 0, 10, 10, : 10, 10, 10, 10, 10, 10, 10, 10, 10, 10, 10, 10, 10, 10, 10, 10, 10, 10, 10, 10, 10, 10, 10, 10, 2, 10, 10, 10, 10, 10, 10, 10, 10, 10, 10, 10, 10, 10, 10, 10, 10, 10, 1, 10, 10, 10, 10, 
572: 0, 0, 0, 0, 0, 10, 0, 0, 0, 10, 0, 10, 0, 2, 10, 0, 10, 10, 10, 10, 10, 0, 0, 0, 0, 0, 0, 10, 10, 10, 0, 0, 10, 10, 10, 10, 0, 10, 10, 0, 0, 0, 0, 10, 10, 10, 0, 6, 0, 0, 10, 0, 10, 0, 10, 10, 0, 10, 0, 3, 10, 0, 10, 0, 10, 11, 0, 10, 0, 0, 10, 0, 10, 0, 10, 0, 10, 10, 0, 10, : 10, 10, 10, 2, 10, 10, 10, 10, 10, 10, 10, 10, 10, 10, 10, 10, 10, 10, 10, 10, 10, 10, 6, 10, 10, 10, 10, 10, 3, 10, 10, 10, 11, 10, 10, 10, 10, 10, 10, 10, 
493: 10, 0, 10, 10, 10, 10, 0, 10, 10, 0, 10, 10, 0, 0, 1, 10, 10, 10, 10, 0, 10, 10, 10, 10, 0, 10, 10, 0, 13, 0, 10, 10, 10, 0, 0, 10, 0, 0, 0, 3, 10, 10, 10, 0, 10, 0, 10, 10, 0, 10, 0, 10, 10, 10, 10, 0, 10, 10, 0, 0, 10, 10, 10, 10, 0, 10, 0, 0, 10, 10, 0, 0, 0, 0, 0, 0, 0, 10, 0, 10, : 10, 10, 10, 10, 10, 10, 10, 10, 10, 1, 10, 10, 10, 10, 10, 10, 10, 10, 10, 10, 13, 10, 10, 10, 10, 3, 10, 10, 10, 10, 10, 10, 10, 10, 10, 10, 10, 10, 10, 10, 10, 10, 10, 10, 10, 10, 10, 10, 
128: 10, 0, 10, 0, 10, 0, 10, 0, 10, 0, 0, 10, 0, 0, 0, 0, 0, 10, 10, 10, 0, 0, 10, 10, 0, 10, 10, 10, 0, 0, 10, 10, 1, 0, 0, 0, 0, 10, 0, 10, 1, 10, 0, 10, 0, 0, 0, 0, 0, 10, 10, 10, 10, 10, 0, 7, 10, 0, 10, 10, 10, 0, 10, 0, 10, 10, 10, 0, 10, 10, 0, 10, 10, 10, 0, 10, 10, 0, 10, 10, : 10, 10, 10, 10, 10, 10, 10, 10, 10, 10, 10, 10, 10, 10, 10, 10, 1, 10, 10, 1, 10, 10, 10, 10, 10, 10, 10, 7, 10, 10, 10, 10, 10, 10, 10, 10, 10, 10, 10, 10, 10, 10, 10, 10, 10, 
414: 0, 0, 0, 0, 0, 0, 3, 0, 10, 0, 10, 0, 10, 0, 10, 10, 10, 10, 10, 10, 10, 2, 0, 0, 10, 0, 10, 0, 0, 0, 10, 0, 10, 10, 0, 0, 10, 10, 0, 10, 0, 0, 0, 0, 0, 0, 0, 0, 0, 0, 10, 0, 0, 10, 0, 0, 0, 0, 0, 10, 10, 10, 10, 13, 0, 10, 10, 10, 0, 10, 0, 13, 0, 10, 0, 10, 0, 0, 10, 0, : 3, 10, 10, 10, 10, 10, 10, 10, 10, 10, 10, 2, 10, 10, 10, 10, 10, 10, 10, 10, 10, 10, 10, 10, 10, 10, 13, 10, 10, 10, 10, 13, 10, 10, 10, 
48: 10, 0, 0, 0, 0, 10, 11, 0, 0, 10, 10, 0, 0, 10, 10, 0, 0, 15, 10, 0, 0, 10, 0, 10, 2, 0, 10, 10, 0, 10, 0, 0, 0, 10, 0, 10, 10, 0, 0, 10, 10, 10, 10, 0, 10, 0, 10, 10, 0, 6, 0, 10, 0, 10, 0, 0, 0, 0, 10, 0, 10, 10, 10, 0, 0, 8, 10, 0, 0, 0, 10, 0, 0, 10, 10, 0, 0, 0, 8, 0, : 10, 10, 11, 10, 10, 10, 10, 15, 10, 10, 10, 2, 10, 10, 10, 10, 10, 10, 10, 10, 10, 10, 10, 10, 10, 6, 10, 10, 10, 10, 10, 10, 8, 10, 10, 10, 10, 8, 
164: 0, 10, 10, 0, 0, 10, 0, 0, 0, 0, 0, 0, 0, 0, 10, 10, 10, 10, 0, 0, 0, 10, 0, 0, 10, 10, 0, 0, 10, 0, 0, 0, 10, 10, 10, 10, 10, 3, 10, 0, 0, 10, 10, 0, 10, 0, 10, 0, 0, 0, 10, 1, 3, 10, 10, 10, 10, 10, 1, 10, 10, 0, 10, 10, 10, 10, 10, 10, 0, 10, 10, 10, 0, 10, 10, 10, 0, 10, 10, 10, : 10, 10, 10, 10, 10, 10, 10, 10, 10, 10, 10, 10, 10, 10, 10, 10, 3, 10, 10, 10, 10, 10, 10, 1, 3, 10, 10, 10, 10, 10, 1, 10, 10, 10, 10, 10, 10, 10, 10, 10, 10, 10, 10, 10, 10, 10, 10, 10, 
739: 0, 10, 0, 11, 0, 10, 0, 10, 10, 10, 0, 10, 0, 10, 2, 10, 0, 10, 0, 0, 0, 10, 10, 10, 10, 0, 0, 10, 0, 10, 10, 0, 0, 10, 0, 0, 0, 10, 0, 10, 10, 0, 0, 10, 10, 3, 0, 0, 10, 10, 0, 0, 0, 10, 0, 0, 10, 10, 0, 0, 10, 10, 10, 0, 0, 12, 0, 0, 0, 0, 10, 10, 10, 0, 10, 0, 0, 10, 0, 0, : 10, 11, 10, 10, 10, 10, 10, 10, 2, 10, 10, 10, 10, 10, 10, 10, 10, 10, 10, 10, 10, 10, 10, 10, 3, 10, 10, 10, 10, 10, 10, 10, 10, 12, 10, 10, 10, 10, 10, 
775: 0, 0, 10, 0, 0, 10, 0, 0, 0, 10, 10, 10, 10, 10, 10, 10, 0, 0, 0, 0, 10, 10, 10, 0, 0, 10, 0, 0, 0, 10, 10, 10, 0, 10, 0, 0, 0, 10, 10, 0, 0, 0, 10, 10, 0, 10, 0, 0, 10, 0, 0, 0, 0, 0, 0, 0, 0, 10, 0, 0, 2, 0, 0, 10, 0, 9, 0, 10, 0, 0, 0, 10, 0, 10, 0, 0, 10, 0, 10, 10, : 10, 10, 10, 10, 10, 10, 10, 10, 10, 10, 10, 10, 10, 10, 10, 10, 10, 10, 10, 10, 10, 10, 10, 10, 2, 10, 9, 10, 10, 10, 10, 10, 10, 
758: 17, 10, 0, 0, 0, 0, 0, 0, 0, 10, 10, 10, 0, 0, 0, 0, 0, 10, 0, 10, 10, 20, 10, 0, 0, 10, 10, 10, 0, 0, 10, 10, 1, 10, 10, 0, 0, 10, 10, 0, 0, 1, 0, 0, 10, 10, 10, 0, 10, 0, 10, 10, 10, 1, 10, 0, 10, 10, 10, 0, 0, 10, 10, 0, 10, 0, 0, 0, 10, 10, 0, 0, 10, 10, 0, 10, 10, 0, 0, 10, : 17, 10, 10, 10, 10, 10, 10, 10, 20, 10, 10, 10, 10, 10, 10, 1, 10, 10, 10, 10, 1, 10, 10, 10, 10, 10, 10, 10, 1, 10, 10, 10, 10, 10, 10, 10, 10, 10, 10, 10, 10, 10, 10, 
511: 0, 0, 0, 10, 0, 10, 0, 0, 10, 1, 10, 0, 2, 10, 10, 10, 10, 0, 0, 10, 0, 0, 10, 10, 0, 0, 0, 0, 3, 0, 10, 10, 10, 0, 10, 10, 0, 0, 0, 0, 0, 0, 10, 10, 10, 0, 0, 0, 10, 10, 10, 0, 0, 10, 0, 10, 10, 10, 10, 10, 0, 3, 10, 10, 0, 0, 10, 0, 0, 0, 0, 10, 0, 10, 0, 0, 0, 0, 0, 0, : 10, 10, 10, 1, 10, 2, 10, 10, 10, 10, 10, 10, 10, 3, 10, 10, 10, 10, 10, 10, 10, 10, 10, 10, 10, 10, 10, 10, 10, 10, 10, 3, 10, 10, 10, 10, 10, 
130: 10, 0, 10, 10, 10, 0, 10, 10, 10, 0, 0, 10, 0, 0, 10, 0, 10, 10, 0, 0, 0, 16, 0, 10, 0, 10, 10, 0, 10, 0, 0, 0, 0, 10, 10, 0, 10, 0, 10, 0, 10, 10, 0, 10, 10, 10, 0, 0, 0, 10, 0, 0, 0, 10, 10, 0, 0, 0, 10, 0, 10, 10, 0, 0, 0, 0, 10, 1, 10, 10, 0, 0, 10, 0, 10, 10, 20, 10, 0, 3, : 10, 10, 10, 10, 10, 10, 10, 10, 10, 10, 10, 16, 10, 10, 10, 10, 10, 10, 10, 10, 10, 10, 10, 10, 10, 10, 10, 10, 10, 10, 10, 10, 1, 10, 10, 10, 10, 10, 20, 10, 3, 
194: 0, 0, 0, 10, 0, 10, 10, 0, 0, 0, 0, 0, 10, 10, 0, 10, 0, 0, 2, 10, 0, 10, 10, 3, 10, 10, 10, 0, 0, 10, 0, 10, 0, 0, 10, 10, 10, 10, 10, 0, 0, 20, 0, 0, 10, 10, 16, 0, 10, 10, 3, 10, 0, 0, 10, 0, 10, 10, 0, 0, 10, 10, 10, 10, 10, 10, 10, 0, 10, 10, 8, 0, 0, 0, 10, 0, 0, 0, 10, 0, : 10, 10, 10, 10, 10, 10, 2, 10, 10, 10, 3, 10, 10, 10, 10, 10, 10, 10, 10, 10, 10, 20, 10, 10, 16, 10, 10, 3, 10, 10, 10, 10, 10, 10, 10, 10, 10, 10, 10, 10, 10, 8, 10, 10, 
155: 10, 10, 0, 9, 10, 0, 10, 10, 0, 10, 10, 0, 10, 0, 0, 0, 0, 0, 10, 11, 10, 10, 0, 10, 10, 0, 10, 0, 0, 10, 0, 10, 0, 10, 0, 0, 10, 0, 0, 10, 10, 0, 0, 10, 0, 0, 10, 0, 0, 10, 0, 0, 0, 0, 0, 10, 10, 10, 10, 10, 10, 0, 0, 0, 10, 10, 10, 10, 0, 10, 0, 10, 0, 0, 0, 10, 10, 10, 10, 0, : 10, 10, 9, 10, 10, 10, 10, 10, 10, 10, 11, 10, 10, 10, 10, 10, 10, 10, 10, 10, 10, 10, 10, 10, 10, 10, 10, 10, 10, 10, 10, 10, 10, 10, 10, 10, 10, 10, 10, 10, 10, 
2: 10, 10, 0, 0, 10, 0, 0, 0, 10, 10, 0, 10, 10, 0, 0, 10, 0, 0, 0, 10, 10, 10, 0, 10, 0, 10, 0, 13, 10, 0, 10, 0, 10, 10, 10, 0, 0, 10, 10, 0, 0, 3, 0, 0, 10, 10, 0, 10, 10, 10, 10, 10, 0, 10, 10, 0, 0, 0, 10, 0, 10, 0, 0, 10, 0, 15, 0, 10, 0, 10, 10, 10, 0, 10, 10, 10, 10, 10, 0, 0, : 10, 10, 10, 10, 10, 10, 10, 10, 10, 10, 10, 10, 10, 13, 10, 10, 10, 10, 10, 10, 10, 3, 10, 10, 10, 10, 10, 10, 10, 10, 10, 10, 10, 10, 15, 10, 10, 10, 10, 10, 10, 10, 10, 10, 
81: 0, 10, 0, 10, 10, 10, 10, 0, 10, 10, 0, 10, 0, 10, 0, 2, 10, 10, 10, 10, 10, 0, 0, 10, 0, 0, 0, 0, 10, 10, 0, 10, 10, 10, 0, 0, 0, 0, 10, 0, 0, 0, 0, 0, 0, 0, 10, 10, 10, 10, 10, 10, 0, 10, 0, 10, 10, 10, 10, 10, 0, 10, 0, 0, 10, 10, 0, 0, 0, 0, 10, 0, 0, 0, 0, 10, 10, 10, 10, 10, : 10, 10, 10, 10, 10, 10, 10, 10, 10, 2, 10, 10, 10, 10, 10, 10, 10, 10, 10, 10, 10, 10, 10, 10, 10, 10, 10, 10, 10, 10, 10, 10, 10, 10, 10, 10, 10, 10, 10, 10, 10, 10, 10, 
84: 0, 0, 10, 10, 10, 0, 10, 10, 0, 10, 0, 10, 0, 10, 0, 0, 0, 0, 10, 0, 0, 0, 0, 10, 0, 0, 0, 10, 0, 10, 0, 0, 0, 1, 10, 10, 0, 0, 10, 0, 0, 0, 10, 0, 10, 10, 10, 10, 10, 10, 0, 10, 0, 0, 0, 10, 10, 0, 10, 10, 0, 2, 1, 0, 6, 16, 0, 10, 10, 0, 10, 10, 0, 10, 0, 0, 0, 0, 0, 0, : 10, 10, 10, 10, 10, 10, 10, 10, 10, 10, 10, 10, 1, 10, 10, 10, 10, 10, 10, 10, 10, 10, 10, 10, 10, 10, 10, 10, 2, 1, 6, 16, 10, 10, 10, 10, 10, 
426: 0, 0, 10, 0, 10, 0, 10, 0, 10, 0, 0, 10, 10, 10, 10, 0, 10, 1, 0, 10, 0, 0, 10, 10, 0, 10, 10, 0, 10, 0, 0, 8, 0, 0, 0, 0, 0, 10, 10, 0, 0, 0, 10, 10, 10, 0, 10, 10, 0, 0, 0, 10, 0, 0, 0, 10, 0, 0, 0, 0, 0, 10, 10, 10, 0, 0, 10, 0, 0, 0, 0, 10, 10, 0, 10, 0, 4, 0, 10, 10, : 10, 10, 10, 10, 10, 10, 10, 10, 10, 1, 10, 10, 10, 10, 10, 10, 8, 10, 10, 10, 10, 10, 10, 10, 10, 10, 10, 10, 10, 10, 10, 10, 10, 4, 10, 10, 
616: 10, 10, 0, 10, 10, 10, 0, 10, 10, 10, 10, 0, 0, 0, 10, 0, 0, 0, 10, 0, 10, 10, 10, 10, 10, 0, 10, 10, 0, 10, 10, 0, 0, 0, 0, 10, 2, 10, 10, 10, 10, 1, 0, 10, 0, 0, 0, 10, 10, 0, 0, 0, 10, 10, 0, 0, 10, 10, 10, 0, 10, 10, 1, 10, 0, 10, 3, 10, 0, 10, 0, 10, 10, 10, 10, 0, 0, 0, 10, 10, : 10, 10, 10, 10, 10, 10, 10, 10, 10, 10, 10, 10, 10, 10, 10, 10, 10, 10, 10, 10, 10, 2, 10, 10, 10, 10, 1, 10, 10, 10, 10, 10, 10, 10, 10, 10, 10, 1, 10, 10, 3, 10, 10, 10, 10, 10, 10, 10, 10, 
499: 10, 1, 10, 0, 1, 10, 0, 10, 0, 10, 0, 0, 0, 10, 0, 0, 10, 10, 8, 0, 0, 6, 10, 5, 10, 0, 10, 12, 10, 10, 10, 0, 10, 0, 0, 10, 10, 0, 10, 0, 10, 10, 10, 10, 0, 0, 10, 10, 10, 0, 10, 10, 20, 10, 0, 0, 0, 10, 0, 10, 10, 0, 10, 0, 0, 10, 0, 0, 1, 10, 0, 0, 0, 10, 4, 10, 10, 10, 0, 0, : 10, 1, 10, 1, 10, 10, 10, 10, 10, 10, 8, 6, 10, 5, 10, 10, 12, 10, 10, 10, 10, 10, 10, 10, 10, 10, 10, 10, 10, 10, 10, 10, 10, 20, 10, 10, 10, 10, 10, 10, 1, 10, 10, 4, 10, 10, 10, 
446: 10, 0, 0, 10, 0, 10, 10, 10, 0, 10, 10, 0, 10, 0, 10, 0, 10, 10, 10, 0, 10, 10, 10, 0, 0, 10, 0, 0, 10, 0, 0, 0, 0, 0, 10, 10, 10, 5, 0, 10, 10, 0, 10, 0, 0, 0, 10, 0, 10, 10, 0, 0, 0, 10, 10, 10, 10, 0, 0, 10, 0, 10, 10, 10, 0, 10, 0, 10, 0, 10, 10, 0, 0, 10, 0, 0, 10, 0, 0, 10, : 10, 10, 10, 10, 10, 10, 10, 10, 10, 10, 10, 10, 10, 10, 10, 10, 10, 10, 10, 10, 5, 10, 10, 10, 10, 10, 10, 10, 10, 10, 10, 10, 10, 10, 10, 10, 10, 10, 10, 10, 10, 10, 
453: 10, 0, 0, 10, 10, 0, 10, 10, 10, 0, 0, 0, 0, 0, 10, 10, 0, 0, 0, 10, 10, 10, 0, 10, 10, 10, 0, 0, 0, 0, 0, 10, 10, 10, 0, 10, 10, 0, 0, 0, 10, 0, 6, 0, 10, 0, 10, 10, 0, 0, 0, 0, 0, 10, 0, 10, 0, 10, 0, 2, 0, 0, 0, 0, 0, 0, 10, 10, 10, 10, 10, 10, 0, 10, 0, 0, 0, 10, 0, 0, : 10, 10, 10, 10, 10, 10, 10, 10, 10, 10, 10, 10, 10, 10, 10, 10, 10, 10, 10, 10, 6, 10, 10, 10, 10, 10, 10, 2, 10, 10, 10, 10, 10, 10, 10, 10, 
394: 0, 10, 10, 0, 1, 0, 10, 0, 10, 0, 10, 0, 0, 0, 10, 19, 0, 0, 10, 0, 0, 0, 10, 0, 10, 10, 0, 10, 10, 0, 10, 0, 10, 10, 0, 0, 0, 10, 10, 2, 0, 10, 0, 0, 10, 10, 0, 0, 10, 0, 0, 10, 10, 0, 10, 10, 10, 10, 0, 10, 0, 10, 0, 10, 0, 0, 10, 0, 10, 17, 4, 0, 0, 10, 0, 10, 0, 0, 10, 12, : 10, 10, 1, 10, 10, 10, 10, 19, 10, 10, 10, 10, 10, 10, 10, 10, 10, 10, 10, 2, 10, 10, 10, 10, 10, 10, 10, 10, 10, 10, 10, 10, 10, 10, 10, 17, 4, 10, 10, 10, 12, 
343: 10, 10, 0, 0, 10, 0, 0, 10, 10, 10, 0, 0, 0, 10, 10, 0, 0, 0, 0, 10, 10, 0, 0, 10, 10, 0, 0, 10, 0, 0, 0, 0, 0, 0, 0, 10, 10, 0, 10, 10, 0, 10, 10, 0, 3, 18, 0, 0, 0, 0, 10, 10, 6, 10, 10, 0, 10, 10, 10, 0, 10, 0, 0, 0, 10, 0, 10, 0, 2, 10, 0, 2, 10, 10, 0, 0, 0, 10, 10, 0, : 10, 10, 10, 10, 10, 10, 10, 10, 10, 10, 10, 10, 10, 10, 10, 10, 10, 10, 10, 3, 18, 10, 10, 6, 10, 10, 10, 10, 10, 10, 10, 10, 2, 10, 2, 10, 10, 10, 10, 
384: 10, 10, 0, 0, 1, 5, 10, 0, 10, 10, 10, 0, 0, 0, 0, 10, 10, 10, 0, 10, 10, 0, 0, 10, 0, 0, 0, 10, 10, 0, 0, 10, 10, 10, 10, 10, 0, 10, 10, 10, 0, 10, 10, 0, 0, 10, 10, 0, 0, 10, 0, 10, 10, 0, 10, 0, 0, 0, 0, 10, 0, 0, 3, 10, 0, 0, 0, 10, 10, 0, 1, 10, 10, 10, 10, 10, 10, 10, 10, 0, : 10, 10, 1, 5, 10, 10, 10, 10, 10, 10, 10, 10, 10, 10, 10, 10, 10, 10, 10, 10, 10, 10, 10, 10, 10, 10, 10, 10, 10, 10, 10, 10, 10, 3, 10, 10, 10, 1, 10, 10, 10, 10, 10, 10, 10, 10, 
440: 0, 10, 0, 0, 10, 0, 10, 10, 0, 0, 0, 10, 0, 0, 0, 0, 10, 0, 10, 10, 10, 10, 10, 10, 10, 0, 10, 10, 10, 10, 2, 0, 10, 0, 0, 0, 10, 10, 0, 0, 10, 10, 0, 10, 0, 0, 0, 0, 10, 10, 10, 10, 0, 0, 10, 0, 0, 10, 0, 0, 0, 10, 0, 0, 0, 10, 10, 10, 10, 0, 10, 0, 10, 10, 10, 10, 1, 0, 3, 10, : 10, 10, 10, 10, 10, 10, 10, 10, 10, 10, 10, 10, 10, 10, 10, 10, 10, 2, 10, 10, 10, 10, 10, 10, 10, 10, 10, 10, 10, 10, 10, 10, 10, 10, 10, 10, 10, 10, 10, 10, 1, 3, 10, 
742: 10, 0, 0, 0, 15, 0, 0, 10, 0, 0, 0, 0, 0, 10, 10, 10, 10, 10, 0, 10, 0, 10, 0, 10, 0, 0, 10, 10, 10, 10, 0, 0, 0, 0, 10, 10, 4, 0, 0, 0, 10, 10, 0, 0, 0, 0, 10, 10, 10, 10, 0, 10, 10, 10, 0, 0, 10, 0, 10, 0, 0, 14, 10, 0, 0, 0, 0, 0, 10, 0, 0, 0, 0, 10, 0, 0, 0, 0, 0, 0, : 10, 15, 10, 10, 10, 10, 10, 10, 10, 10, 10, 10, 10, 10, 10, 10, 10, 4, 10, 10, 10, 10, 10, 10, 10, 10, 10, 10, 10, 14, 10, 10, 10, 
195: 10, 10, 10, 10, 0, 10, 0, 0, 10, 1, 10, 0, 0, 0, 10, 10, 0, 0, 0, 0, 0, 10, 0, 0, 0, 10, 0, 0, 10, 0, 0, 0, 0, 10, 10, 10, 10, 0, 0, 10, 0, 10, 10, 10, 0, 10, 0, 10, 10, 10, 0, 10, 10, 10, 0, 10, 0, 10, 10, 0, 0, 0, 10, 10, 11, 10, 3, 10, 0, 0, 0, 10, 10, 0, 0, 10, 0, 10, 0, 0, : 10, 10, 10, 10, 10, 10, 1, 10, 10, 10, 10, 10, 10, 10, 10, 10, 10, 10, 10, 10, 10, 10, 10, 10, 10, 10, 10, 10, 10, 10, 10, 10, 10, 11, 10, 3, 10, 10, 10, 10, 10, 
156: 0, 0, 10, 10, 10, 10, 10, 0, 0, 10, 10, 0, 0, 0, 0, 0, 0, 0, 0, 0, 0, 0, 10, 10, 0, 0, 0, 2, 10, 0, 10, 5, 10, 10, 10, 0, 10, 0, 0, 0, 0, 10, 0, 10, 1, 10, 10, 0, 10, 10, 0, 10, 10, 0, 0, 0, 0, 10, 0, 10, 0, 0, 10, 0, 0, 10, 10, 0, 0, 10, 10, 0, 0, 0, 0, 10, 10, 10, 0, 10, : 10, 10, 10, 10, 10, 10, 10, 10, 10, 2, 10, 10, 5, 10, 10, 10, 10, 10, 10, 1, 10, 10, 10, 10, 10, 10, 10, 10, 10, 10, 10, 10, 10, 10, 10, 10, 10, 
407: 0, 10, 10, 10, 0, 0, 10, 0, 10, 0, 0, 10, 10, 0, 10, 0, 0, 10, 0, 10, 0, 0, 10, 0, 10, 0, 0, 0, 0, 10, 10, 10, 10, 10, 3, 10, 10, 10, 0, 0, 0, 10, 17, 10, 0, 0, 0, 10, 10, 0, 10, 0, 10, 0, 1, 10, 10, 10, 0, 0, 10, 0, 0, 0, 0, 0, 0, 10, 10, 0, 10, 0, 10, 10, 10, 10, 0, 0, 0, 10, : 10, 10, 10, 10, 10, 10, 10, 10, 10, 10, 10, 10, 10, 10, 10, 10, 10, 3, 10, 10, 10, 10, 17, 10, 10, 10, 10, 10, 1, 10, 10, 10, 10, 10, 10, 10, 10, 10, 10, 10, 10, 
255: 10, 0, 10, 0, 7, 10, 10, 0, 10, 4, 10, 10, 0, 10, 10, 14, 0, 0, 10, 0, 10, 10, 10, 10, 0, 10, 0, 0, 10, 0, 10, 0, 2, 10, 10, 10, 0, 3, 0, 0, 0, 0, 10, 10, 10, 14, 0, 10, 0, 0, 10, 10, 10, 10, 0, 10, 10, 0, 10, 10, 10, 10, 0, 0, 0, 0, 0, 10, 10, 10, 10, 10, 0, 10, 0, 0, 3, 10, 0, 0, : 10, 10, 7, 10, 10, 10, 4, 10, 10, 10, 10, 14, 10, 10, 10, 10, 10, 10, 10, 10, 2, 10, 10, 10, 3, 10, 10, 10, 14, 10, 10, 10, 10, 10, 10, 10, 10, 10, 10, 10, 10, 10, 10, 10, 10, 10, 3, 10, 
252: 4, 0, 10, 8, 10, 10, 10, 0, 10, 0, 0, 2, 10, 10, 10, 0, 10, 10, 0, 10, 0, 0, 10, 10, 10, 0, 10, 10, 0, 10, 10, 10, 10, 0, 10, 10, 10, 0, 0, 0, 10, 0, 10, 0, 1, 10, 0, 0, 0, 10, 10, 10, 10, 10, 5, 0, 0, 0, 0, 10, 0, 10, 0, 0, 10, 10, 10, 0, 0, 0, 0, 0, 10, 0, 4, 10, 10, 0, 10, 10, : 4, 10, 8, 10, 10, 10, 10, 2, 10, 10, 10, 10, 10, 10, 10, 10, 10, 10, 10, 10, 10, 10, 10, 10, 10, 10, 10, 10, 1, 10, 10, 10, 10, 10, 10, 5, 10, 10, 10, 10, 10, 10, 4, 10, 10, 10, 10, 
370: 10, 10, 10, 10, 0, 0, 0, 0, 0, 10, 10, 0, 10, 0, 10, 10, 0, 10, 0, 0, 0, 0, 0, 0, 10, 10, 10, 0, 10, 10, 10, 10, 10, 10, 0, 10, 10, 17, 0, 10, 10, 10, 0, 10, 10, 10, 0, 3, 5, 10, 0, 10, 10, 0, 10, 0, 10, 0, 0, 10, 0, 10, 10, 10, 0, 0, 10, 0, 0, 0, 10, 0, 0, 0, 10, 0, 10, 0, 10, 10, : 10, 10, 10, 10, 10, 10, 10, 10, 10, 10, 10, 10, 10, 10, 10, 10, 10, 10, 10, 10, 10, 17, 10, 10, 10, 10, 10, 10, 3, 5, 10, 10, 10, 10, 10, 10, 10, 10, 10, 10, 10, 10, 10, 10, 10, 
325: 10, 10, 10, 10, 0, 0, 10, 0, 10, 10, 10, 1, 10, 10, 0, 10, 10, 10, 0, 0, 5, 0, 10, 10, 0, 0, 10, 0, 0, 0, 3, 10, 0, 0, 10, 8, 10, 0, 10, 0, 10, 0, 0, 10, 0, 0, 10, 10, 10, 0, 0, 0, 10, 0, 0, 10, 10, 0, 14, 10, 0, 10, 10, 10, 10, 0, 10, 10, 10, 0, 10, 0, 10, 10, 10, 0, 10, 10, 0, 0, : 10, 10, 10, 10, 10, 10, 10, 10, 1, 10, 10, 10, 10, 10, 5, 10, 10, 10, 3, 10, 10, 8, 10, 10, 10, 10, 10, 10, 10, 10, 10, 10, 14, 10, 10, 10, 10, 10, 10, 10, 10, 10, 10, 10, 10, 10, 10, 
774: 10, 0, 0, 10, 10, 10, 0, 0, 0, 0, 10, 10, 10, 10, 10, 0, 0, 10, 0, 3, 10, 0, 0, 10, 0, 0, 0, 0, 0, 0, 0, 10, 0, 0, 0, 0, 10, 0, 0, 10, 0, 0, 0, 10, 0, 10, 3, 0, 10, 10, 0, 10, 0, 2, 10, 0, 10, 0, 10, 10, 10, 1, 0, 0, 10, 0, 0, 0, 0, 0, 0, 10, 0, 0, 0, 0, 0, 10, 0, 10, : 10, 10, 10, 10, 10, 10, 10, 10, 10, 10, 3, 10, 10, 10, 10, 10, 10, 10, 3, 10, 10, 10, 2, 10, 10, 10, 10, 10, 1, 10, 10, 10, 10, 
144: 10, 10, 0, 10, 10, 10, 0, 10, 0, 10, 10, 10, 10, 0, 10, 0, 0, 0, 10, 0, 0, 0, 0, 0, 0, 1, 10, 1, 10, 10, 0, 0, 0, 1, 0, 10, 0, 10, 0, 0, 10, 10, 0, 0, 0, 10, 0, 10, 3, 10, 10, 0, 10, 10, 10, 10, 0, 10, 0, 0, 0, 10, 10, 0, 0, 10, 10, 0, 10, 10, 10, 10, 10, 0, 10, 10, 0, 10, 0, 10, : 10, 10, 10, 10, 10, 10, 10, 10, 10, 10, 10, 10, 1, 10, 1, 10, 10, 1, 10, 10, 10, 10, 10, 10, 3, 10, 10, 10, 10, 10, 10, 10, 10, 10, 10, 10, 10, 10, 10, 10, 10, 10, 10, 10, 10, 
183: 0, 10, 0, 8, 10, 0, 0, 10, 0, 10, 10, 0, 10, 0, 0, 0, 0, 10, 0, 0, 0, 10, 0, 8, 0, 0, 0, 0, 10, 0, 10, 10, 10, 10, 10, 0, 10, 0, 0, 10, 0, 10, 10, 10, 10, 10, 0, 10, 0, 10, 0, 10, 10, 10, 10, 10, 10, 0, 0, 0, 10, 0, 0, 0, 0, 10, 0, 10, 0, 0, 0, 10, 0, 0, 0, 10, 10, 0, 10, 10, : 10, 8, 10, 10, 10, 10, 10, 10, 10, 8, 10, 10, 10, 10, 10, 10, 10, 10, 10, 10, 10, 10, 10, 10, 10, 10, 10, 10, 10, 10, 10, 10, 10, 10, 10, 10, 10, 10, 10, 
745: 0, 1, 10, 10, 0, 0, 0, 0, 10, 0, 10, 10, 10, 10, 0, 10, 10, 0, 10, 10, 0, 10, 0, 0, 0, 10, 10, 10, 10, 10, 10, 0, 10, 17, 10, 10, 10, 10, 0, 10, 10, 10, 0, 10, 0, 10, 10, 10, 10, 0, 10, 0, 0, 10, 0, 0, 0, 0, 0, 10, 10, 10, 1, 10, 10, 10, 10, 10, 10, 0, 0, 10, 0, 4, 10, 10, 0, 10, 10, 0, : 1, 10, 10, 10, 10, 10, 10, 10, 10, 10, 10, 10, 10, 10, 10, 10, 10, 10, 10, 10, 17, 10, 10, 10, 10, 10, 10, 10, 10, 10, 10, 10, 10, 10, 10, 10, 10, 10, 1, 10, 10, 10, 10, 10, 10, 10, 4, 10, 10, 10, 10, 
371: 0, 0, 10, 10, 10, 0, 0, 10, 0, 0, 10, 10, 0, 17, 10, 10, 0, 0, 10, 0, 10, 0, 0, 0, 10, 10, 0, 10, 0, 3, 0, 10, 10, 10, 0, 0, 0, 10, 0, 0, 0, 10, 0, 0, 0, 0, 10, 0, 10, 0, 0, 0, 17, 10, 0, 10, 1, 0, 10, 10, 10, 10, 3, 10, 0, 10, 0, 1, 0, 0, 10, 0, 0, 10, 0, 0, 10, 10, 0, 0, : 10, 10, 10, 10, 10, 10, 17, 10, 10, 10, 10, 10, 10, 10, 3, 10, 10, 10, 10, 10, 10, 10, 17, 10, 10, 1, 10, 10, 10, 10, 3, 10, 10, 1, 10, 10, 10, 10, 
555: 10, 0, 0, 0, 0, 10, 10, 0, 10, 0, 1, 10, 0, 10, 10, 0, 0, 10, 0, 0, 0, 0, 0, 10, 0, 10, 10, 0, 0, 10, 0, 10, 10, 10, 10, 0, 10, 0, 0, 0, 0, 10, 0, 0, 0, 0, 10, 0, 1, 1, 0, 0, 6, 1, 10, 10, 0, 10, 10, 0, 0, 0, 10, 20, 10, 10, 0, 0, 0, 10, 10, 10, 10, 0, 10, 10, 3, 6, 0, 10, : 10, 10, 10, 10, 1, 10, 10, 10, 10, 10, 10, 10, 10, 10, 10, 10, 10, 10, 10, 10, 1, 1, 6, 1, 10, 10, 10, 10, 10, 20, 10, 10, 10, 10, 10, 10, 10, 10, 3, 6, 10, 
231: 0, 0, 10, 0, 10, 0, 0, 10, 0, 0, 10, 0, 3, 10, 10, 10, 10, 10, 10, 0, 10, 0, 10, 0, 10, 10, 0, 0, 10, 7, 0, 10, 0, 0, 10, 10, 10, 10, 10, 17, 0, 0, 10, 0, 0, 10, 10, 10, 10, 10, 10, 0, 10, 0, 10, 10, 0, 0, 18, 10, 0, 0, 10, 10, 10, 0, 0, 10, 0, 10, 10, 0, 10, 10, 0, 0, 0, 0, 10, 0, : 10, 10, 10, 10, 3, 10, 10, 10, 10, 10, 10, 10, 10, 10, 10, 10, 7, 10, 10, 10, 10, 10, 10, 17, 10, 10, 10, 10, 10, 10, 10, 10, 10, 10, 18, 10, 10, 10, 10, 10, 10, 10, 10, 10, 10, 
207: 0, 0, 10, 10, 10, 0, 10, 0, 10, 0, 10, 10, 0, 0, 0, 10, 0, 0, 10, 0, 10, 0, 0, 0, 10, 0, 0, 10, 0, 0, 0, 0, 0, 0, 0, 10, 10, 0, 10, 10, 10, 10, 0, 10, 0, 0, 10, 0, 10, 0, 10, 10, 10, 10, 10, 0, 10, 0, 10, 0, 3, 0, 0, 10, 10, 9, 0, 10, 0, 0, 10, 10, 0, 0, 0, 10, 10, 0, 0, 0, : 10, 10, 10, 10, 10, 10, 10, 10, 10, 10, 10, 10, 10, 10, 10, 10, 10, 10, 10, 10, 10, 10, 10, 10, 10, 10, 10, 10, 3, 10, 10, 9, 10, 10, 10, 10, 10, 
500: 0, 10, 0, 0, 10, 10, 0, 0, 0, 0, 10, 0, 10, 10, 10, 10, 10, 10, 0, 0, 10, 10, 10, 10, 0, 10, 0, 10, 10, 0, 10, 1, 10, 0, 0, 0, 0, 0, 10, 10, 10, 10, 10, 0, 0, 10, 0, 0, 0, 0, 10, 10, 0, 0, 10, 0, 0, 10, 0, 10, 10, 0, 10, 0, 10, 10, 10, 10, 16, 10, 10, 10, 0, 0, 0, 0, 0, 10, 10, 10, : 10, 10, 10, 10, 10, 10, 10, 10, 10, 10, 10, 10, 10, 10, 10, 10, 10, 10, 1, 10, 10, 10, 10, 10, 10, 10, 10, 10, 10, 10, 10, 10, 10, 10, 10, 10, 10, 16, 10, 10, 10, 10, 10, 10, 
587: 10, 10, 10, 0, 10, 0, 0, 10, 0, 10, 10, 0, 10, 10, 0, 10, 10, 10, 0, 10, 0, 0, 10, 10, 10, 0, 10, 10, 0, 0, 0, 0, 0, 10, 0, 10, 0, 0, 2, 15, 10, 0, 10, 10, 0, 10, 10, 10, 10, 0, 10, 0, 10, 0, 10, 10, 10, 0, 0, 0, 0, 0, 10, 0, 0, 0, 0, 0, 10, 10, 0, 0, 0, 0, 10, 10, 10, 10, 10, 0, : 10, 10, 10, 10, 10, 10, 10, 10, 10, 10, 10, 10, 10, 10, 10, 10, 10, 10, 10, 10, 2, 15, 10, 10, 10, 10, 10, 10, 10, 10, 10, 10, 10, 10, 10, 10, 10, 10, 10, 10, 10, 10, 
317: 10, 0, 10, 0, 10, 0, 10, 0, 10, 10, 0, 0, 10, 10, 0, 0, 10, 10, 10, 10, 10, 0, 10, 10, 10, 10, 0, 10, 10, 10, 10, 0, 0, 0, 10, 0, 10, 0, 10, 10, 10, 0, 10, 0, 10, 10, 10, 7, 10, 0, 10, 0, 0, 0, 0, 10, 0, 0, 0, 10, 10, 0, 0, 0, 10, 0, 0, 10, 10, 0, 10, 10, 10, 0, 19, 1, 10, 0, 10, 10, : 10, 10, 10, 10, 10, 10, 10, 10, 10, 10, 10, 10, 10, 10, 10, 10, 10, 10, 10, 10, 10, 10, 10, 10, 10, 10, 10, 10, 10, 10, 7, 10, 10, 10, 10, 10, 10, 10, 10, 10, 10, 10, 19, 1, 10, 10, 10, 
284: 0, 10, 10, 10, 10, 10, 0, 10, 2, 10, 0, 0, 10, 0, 10, 0, 0, 0, 0, 0, 0, 10, 10, 10, 0, 10, 10, 10, 0, 10, 10, 0, 0, 10, 10, 10, 0, 10, 0, 10, 10, 0, 10, 10, 10, 10, 10, 0, 0, 0, 0, 0, 3, 0, 0, 0, 10, 10, 0, 10, 10, 0, 0, 0, 0, 10, 0, 10, 10, 0, 10, 10, 10, 10, 10, 10, 10, 7, 1, 0, : 10, 10, 10, 10, 10, 10, 2, 10, 10, 10, 10, 10, 10, 10, 10, 10, 10, 10, 10, 10, 10, 10, 10, 10, 10, 10, 10, 10, 10, 3, 10, 10, 10, 10, 10, 10, 10, 10, 10, 10, 10, 10, 10, 10, 7, 1, 
694: 3, 0, 10, 10, 10, 0, 10, 10, 0, 10, 10, 0, 10, 0, 0, 10, 10, 10, 10, 10, 0, 0, 0, 1, 0, 0, 0, 0, 0, 10, 10, 0, 10, 10, 10, 0, 0, 10, 10, 0, 10, 0, 0, 10, 10, 0, 0, 10, 10, 0, 10, 0, 0, 0, 0, 10, 10, 0, 10, 10, 0, 10, 0, 2, 0, 0, 0, 10, 10, 10, 0, 0, 0, 0, 0, 10, 0, 0, 0, 0, : 3, 10, 10, 10, 10, 10, 10, 10, 10, 10, 10, 10, 10, 10, 1, 10, 10, 10, 10, 10, 10, 10, 10, 10, 10, 10, 10, 10, 10, 10, 10, 10, 10, 2, 10, 10, 10, 10, 
492: 10, 10, 10, 10, 10, 0, 0, 0, 10, 0, 10, 0, 0, 0, 0, 0, 4, 10, 10, 10, 10, 10, 0, 0, 10, 0, 7, 10, 0, 0, 0, 10, 10, 10, 10, 10, 0, 0, 0, 10, 10, 0, 0, 0, 10, 0, 0, 0, 10, 0, 0, 0, 0, 0, 10, 10, 0, 0, 10, 0, 10, 0, 0, 10, 10, 0, 0, 0, 10, 10, 10, 0, 10, 0, 10, 10, 0, 0, 20, 10, : 10, 10, 10, 10, 10, 10, 10, 4, 10, 10, 10, 10, 10, 10, 7, 10, 10, 10, 10, 10, 10, 10, 10, 10, 10, 10, 10, 10, 10, 10, 10, 10, 10, 10, 10, 10, 10, 20, 10, 
362: 10, 10, 10, 0, 0, 10, 0, 10, 0, 10, 10, 1, 0, 0, 0, 0, 1, 0, 10, 0, 0, 0, 0, 10, 0, 0, 10, 0, 1, 10, 10, 10, 10, 0, 10, 10, 0, 0, 10, 10, 10, 10, 0, 0, 10, 0, 0, 0, 0, 10, 10, 0, 0, 0, 10, 0, 10, 0, 0, 0, 10, 0, 0, 0, 0, 0, 10, 0, 0, 10, 10, 10, 0, 0, 0, 0, 10, 0, 10, 10, : 10, 10, 10, 10, 10, 10, 10, 1, 1, 10, 10, 10, 1, 10, 10, 10, 10, 10, 10, 10, 10, 10, 10, 10, 10, 10, 10, 10, 10, 10, 10, 10, 10, 10, 10, 10, 


454: 0, 10, 10, 0, 0, 10, 10, 0, 10, 10, 0, 0, 10, 10, 10, 0, 0, 10, 0, 10, 0, 0, 10, 19, 10, 10, 0, 0, 10, 10, 10, 10, 0, 0, 0, 0, 10, 0, 0, 0, 10, 10, 10, 10, 10, 0, 10, 0, 0, 10, 10, 0, 10, 0, 0, 10, 2, 10, 10, 10, 10, 0, 10, 0, 10, 0, 10, 0, 0, 0, 0, 0, 10, 0, 0, 0, 10, 10, 0, 10, : 10, 10, 10, 10, 10, 10, 10, 10, 10, 10, 10, 10, 19, 10, 10, 10, 10, 10, 10, 10, 10, 10, 10, 10, 10, 10, 10, 10, 10, 10, 2, 10, 10, 10, 10, 10, 10, 10, 10, 10, 10, 10, 
330: 10, 10, 10, 10, 0, 0, 10, 10, 0, 10, 0, 0, 0, 0, 10, 13, 10, 10, 1, 10, 0, 0, 10, 0, 10, 0, 0, 0, 10, 0, 10, 0, 10, 2, 10, 10, 0, 10, 10, 0, 10, 0, 20, 0, 10, 0, 10, 0, 0, 0, 0, 0, 10, 10, 0, 0, 10, 10, 10, 0, 10, 0, 0, 10, 10, 0, 0, 10, 10, 0, 0, 0, 10, 10, 0, 10, 0, 10, 10, 0, : 10, 10, 10, 10, 10, 10, 10, 10, 13, 10, 10, 1, 10, 10, 10, 10, 10, 10, 2, 10, 10, 10, 10, 10, 20, 10, 10, 10, 10, 10, 10, 10, 10, 10, 10, 10, 10, 10, 10, 10, 10, 10, 
14: 0, 10, 0, 0, 0, 0, 10, 10, 0, 10, 10, 0, 2, 10, 0, 0, 10, 10, 1, 10, 0, 0, 0, 10, 10, 10, 0, 5, 10, 10, 0, 0, 0, 0, 10, 0, 10, 10, 10, 10, 10, 10, 10, 0, 0, 10, 0, 10, 0, 10, 0, 0, 10, 0, 0, 0, 10, 0, 10, 0, 0, 10, 0, 0, 0, 10, 10, 0, 10, 10, 10, 10, 17, 0, 10, 10, 10, 0, 10, 10, : 10, 10, 10, 10, 10, 2, 10, 10, 10, 1, 10, 10, 10, 10, 5, 10, 10, 10, 10, 10, 10, 10, 10, 10, 10, 10, 10, 10, 10, 10, 10, 10, 10, 10, 10, 10, 10, 10, 17, 10, 10, 10, 10, 10, 
542: 0, 0, 10, 10, 0, 0, 0, 0, 10, 0, 0, 0, 0, 0, 20, 3, 0, 0, 0, 0, 0, 0, 10, 10, 0, 0, 10, 0, 10, 0, 10, 10, 0, 0, 1, 10, 10, 10, 10, 0, 10, 10, 10, 7, 10, 11, 10, 0, 10, 0, 10, 0, 10, 10, 10, 10, 10, 0, 10, 10, 0, 10, 10, 0, 0, 0, 10, 0, 10, 9, 0, 0, 10, 0, 10, 0, 10, 10, 0, 4, : 10, 10, 10, 20, 3, 10, 10, 10, 10, 10, 10, 1, 10, 10, 10, 10, 10, 10, 10, 7, 10, 11, 10, 10, 10, 10, 10, 10, 10, 10, 10, 10, 10, 10, 10, 10, 9, 10, 10, 10, 10, 4, 
666: 10, 0, 0, 10, 10, 10, 0, 10, 0, 10, 0, 0, 0, 10, 10, 10, 0, 0, 10, 10, 10, 1, 10, 10, 10, 10, 0, 10, 10, 0, 0, 10, 10, 0, 10, 10, 0, 0, 0, 0, 0, 0, 0, 10, 10, 10, 10, 0, 10, 10, 10, 0, 0, 0, 0, 10, 10, 10, 10, 0, 10, 0, 0, 10, 0, 0, 1, 10, 10, 0, 0, 10, 10, 10, 3, 10, 0, 0, 10, 10, : 10, 10, 10, 10, 10, 10, 10, 10, 10, 10, 10, 10, 1, 10, 10, 10, 10, 10, 10, 10, 10, 10, 10, 10, 10, 10, 10, 10, 10, 10, 10, 10, 10, 10, 10, 10, 1, 10, 10, 10, 10, 10, 3, 10, 10, 10, 
463: 0, 10, 10, 10, 10, 0, 10, 0, 1, 0, 0, 0, 0, 0, 4, 10, 3, 10, 0, 12, 10, 10, 0, 0, 3, 10, 0, 0, 0, 10, 0, 0, 7, 0, 10, 0, 0, 10, 0, 0, 0, 10, 0, 0, 0, 0, 0, 0, 0, 10, 10, 0, 10, 10, 10, 0, 10, 10, 10, 10, 10, 0, 10, 0, 0, 0, 0, 10, 0, 10, 10, 0, 10, 0, 10, 0, 10, 0, 10, 1, : 10, 10, 10, 10, 10, 1, 4, 10, 3, 10, 12, 10, 10, 3, 10, 10, 7, 10, 10, 10, 10, 10, 10, 10, 10, 10, 10, 10, 10, 10, 10, 10, 10, 10, 10, 10, 10, 10, 1, 
786: 10, 10, 10, 0, 10, 10, 0, 10, 10, 10, 0, 0, 10, 0, 0, 0, 0, 10, 0, 0, 10, 0, 10, 0, 10, 0, 10, 4, 0, 10, 10, 0, 0, 10, 0, 0, 0, 0, 0, 0, 0, 0, 0, 0, 0, 0, 0, 0, 0, 0, 10, 10, 0, 10, 10, 10, 0, 0, 0, 0, 0, 0, 0, 10, 0, 0, 0, 10, 10, 10, 0, 0, 0, 10, 10, 0, 0, 10, 0, 0, : 10, 10, 10, 10, 10, 10, 10, 10, 10, 10, 10, 10, 10, 10, 4, 10, 10, 10, 10, 10, 10, 10, 10, 10, 10, 10, 10, 10, 10, 10, 
70: 10, 0, 0, 0, 10, 10, 10, 0, 10, 10, 0, 10, 0, 0, 10, 0, 0, 0, 10, 10, 10, 0, 0, 10, 0, 0, 10, 0, 0, 10, 10, 0, 0, 10, 10, 7, 10, 10, 10, 10, 0, 0, 0, 0, 10, 0, 10, 0, 0, 0, 0, 10, 10, 10, 0, 10, 10, 10, 10, 0, 10, 10, 0, 0, 0, 10, 10, 0, 10, 10, 10, 0, 0, 0, 0, 10, 0, 10, 10, 10, : 10, 10, 10, 10, 10, 10, 10, 10, 10, 10, 10, 10, 10, 10, 10, 10, 10, 7, 10, 10, 10, 10, 10, 10, 10, 10, 10, 10, 10, 10, 10, 10, 10, 10, 10, 10, 10, 10, 10, 10, 10, 10, 
36: 0, 10, 10, 10, 0, 0, 0, 10, 10, 10, 10, 0, 0, 10, 1, 10, 0, 10, 0, 10, 10, 0, 10, 5, 10, 0, 0, 10, 0, 10, 10, 0, 10, 10, 0, 1, 10, 10, 0, 0, 0, 0, 10, 10, 10, 10, 0, 0, 0, 0, 10, 4, 10, 0, 10, 10, 0, 0, 10, 0, 10, 0, 10, 0, 10, 0, 10, 10, 0, 2, 10, 10, 10, 10, 0, 0, 10, 10, 0, 0, : 10, 10, 10, 10, 10, 10, 10, 10, 1, 10, 10, 10, 10, 10, 5, 10, 10, 10, 10, 10, 10, 1, 10, 10, 10, 10, 10, 10, 10, 4, 10, 10, 10, 10, 10, 10, 10, 10, 10, 2, 10, 10, 10, 10, 10, 10, 
519: 10, 10, 10, 10, 10, 10, 10, 10, 10, 10, 10, 10, 0, 0, 0, 5, 10, 0, 10, 0, 10, 0, 10, 10, 0, 10, 0, 0, 0, 1, 10, 0, 0, 0, 0, 0, 10, 0, 0, 10, 0, 10, 0, 0, 0, 10, 10, 0, 10, 10, 10, 0, 10, 0, 0, 0, 10, 0, 0, 0, 0, 10, 0, 0, 10, 10, 10, 0, 0, 0, 2, 10, 10, 0, 10, 0, 0, 10, 0, 10, : 10, 10, 10, 10, 10, 10, 10, 10, 10, 10, 10, 10, 5, 10, 10, 10, 10, 10, 10, 1, 10, 10, 10, 10, 10, 10, 10, 10, 10, 10, 10, 10, 10, 10, 10, 2, 10, 10, 10, 10, 10, 
288: 10, 0, 0, 10, 10, 0, 0, 10, 0, 0, 10, 0, 10, 0, 0, 1, 0, 17, 0, 0, 10, 10, 0, 0, 0, 0, 0, 10, 10, 10, 0, 10, 0, 0, 0, 10, 0, 0, 0, 10, 10, 0, 0, 10, 10, 0, 10, 0, 0, 10, 10, 10, 0, 10, 0, 10, 10, 0, 0, 10, 10, 10, 10, 0, 10, 10, 0, 10, 0, 0, 10, 10, 10, 0, 0, 10, 0, 0, 0, 10, : 10, 10, 10, 10, 10, 10, 1, 17, 10, 10, 10, 10, 10, 10, 10, 10, 10, 10, 10, 10, 10, 10, 10, 10, 10, 10, 10, 10, 10, 10, 10, 10, 10, 10, 10, 10, 10, 10, 
23: 10, 0, 0, 0, 10, 2, 10, 10, 10, 10, 0, 0, 0, 0, 10, 10, 10, 10, 0, 0, 0, 10, 0, 10, 1, 10, 10, 10, 0, 10, 0, 0, 10, 0, 0, 10, 10, 10, 0, 0, 10, 0, 10, 10, 0, 1, 10, 10, 10, 0, 10, 10, 1, 0, 10, 0, 0, 10, 0, 10, 0, 0, 0, 10, 10, 10, 0, 10, 5, 0, 10, 10, 0, 10, 10, 0, 10, 0, 0, 0, : 10, 10, 2, 10, 10, 10, 10, 10, 10, 10, 10, 10, 10, 1, 10, 10, 10, 10, 10, 10, 10, 10, 10, 10, 10, 1, 10, 10, 10, 10, 10, 1, 10, 10, 10, 10, 10, 10, 10, 5, 10, 10, 10, 10, 10, 
640: 0, 0, 0, 10, 0, 10, 0, 0, 10, 0, 10, 0, 0, 0, 0, 10, 10, 10, 0, 10, 0, 10, 10, 10, 10, 0, 10, 10, 0, 0, 10, 10, 10, 10, 10, 0, 0, 10, 0, 10, 0, 10, 10, 0, 0, 1, 0, 10, 10, 0, 0, 0, 0, 10, 10, 10, 10, 10, 0, 10, 10, 10, 10, 0, 0, 0, 10, 10, 0, 10, 0, 0, 10, 10, 10, 0, 10, 0, 0, 10, : 10, 10, 10, 10, 10, 10, 10, 10, 10, 10, 10, 10, 10, 10, 10, 10, 10, 10, 10, 10, 10, 10, 10, 1, 10, 10, 10, 10, 10, 10, 10, 10, 10, 10, 10, 10, 10, 10, 10, 10, 10, 10, 10, 
33: 0, 0, 0, 10, 0, 2, 10, 0, 10, 10, 0, 0, 10, 10, 0, 10, 10, 0, 10, 10, 1, 10, 10, 0, 0, 0, 10, 0, 10, 0, 10, 0, 10, 0, 10, 10, 10, 10, 10, 10, 10, 0, 0, 10, 0, 10, 0, 10, 2, 0, 0, 10, 10, 10, 10, 10, 0, 10, 0, 0, 10, 0, 10, 0, 0, 0, 0, 0, 0, 0, 0, 0, 0, 10, 0, 0, 10, 0, 10, 0, : 10, 2, 10, 10, 10, 10, 10, 10, 10, 10, 10, 1, 10, 10, 10, 10, 10, 10, 10, 10, 10, 10, 10, 10, 10, 10, 10, 10, 2, 10, 10, 10, 10, 10, 10, 10, 10, 10, 10, 10, 
612: 0, 10, 0, 0, 10, 10, 11, 10, 0, 1, 0, 10, 0, 10, 10, 0, 10, 10, 10, 10, 10, 10, 0, 0, 10, 0, 0, 10, 10, 10, 0, 10, 10, 10, 0, 0, 10, 10, 10, 0, 10, 0, 0, 0, 0, 0, 0, 0, 0, 10, 10, 10, 10, 4, 0, 10, 0, 0, 10, 0, 0, 0, 10, 10, 10, 10, 11, 0, 10, 10, 10, 10, 0, 0, 0, 4, 0, 10, 0, 0, : 10, 10, 10, 11, 10, 1, 10, 10, 10, 10, 10, 10, 10, 10, 10, 10, 10, 10, 10, 10, 10, 10, 10, 10, 10, 10, 10, 10, 10, 10, 4, 10, 10, 10, 10, 10, 10, 11, 10, 10, 10, 10, 4, 10, 
202: 0, 0, 0, 0, 3, 10, 10, 10, 10, 10, 10, 10, 0, 0, 0, 0, 0, 10, 0, 0, 10, 0, 0, 0, 10, 10, 0, 0, 10, 0, 10, 0, 10, 14, 10, 10, 0, 0, 10, 0, 0, 10, 10, 0, 2, 10, 0, 10, 10, 10, 0, 0, 10, 10, 0, 10, 2, 0, 0, 10, 0, 2, 0, 10, 10, 0, 10, 0, 10, 5, 10, 0, 10, 0, 10, 10, 10, 10, 3, 0, : 3, 10, 10, 10, 10, 10, 10, 10, 10, 10, 10, 10, 10, 10, 10, 14, 10, 10, 10, 10, 10, 2, 10, 10, 10, 10, 10, 10, 10, 2, 10, 2, 10, 10, 10, 10, 5, 10, 10, 10, 10, 10, 10, 3, 
246: 0, 10, 10, 10, 10, 0, 2, 10, 0, 1, 10, 10, 10, 10, 0, 10, 10, 0, 10, 15, 0, 10, 0, 0, 0, 0, 0, 10, 10, 0, 10, 0, 0, 10, 10, 10, 10, 0, 10, 10, 0, 10, 0, 0, 10, 10, 0, 0, 10, 19, 10, 0, 10, 10, 0, 10, 10, 0, 10, 10, 10, 0, 0, 0, 0, 4, 0, 0, 10, 0, 10, 10, 10, 0, 10, 10, 0, 0, 10, 0, : 10, 10, 10, 10, 2, 10, 1, 10, 10, 10, 10, 10, 10, 10, 15, 10, 10, 10, 10, 10, 10, 10, 10, 10, 10, 10, 10, 10, 10, 19, 10, 10, 10, 10, 10, 10, 10, 10, 4, 10, 10, 10, 10, 10, 10, 10, 
46: 0, 0, 0, 1, 0, 0, 10, 0, 10, 10, 10, 10, 2, 0, 10, 0, 10, 0, 12, 0, 0, 0, 0, 10, 10, 0, 10, 10, 0, 0, 10, 10, 0, 10, 0, 0, 2, 10, 10, 10, 10, 10, 0, 0, 10, 10, 10, 0, 0, 10, 10, 0, 0, 0, 10, 10, 10, 10, 10, 10, 0, 0, 10, 10, 10, 10, 10, 0, 10, 0, 10, 0, 0, 10, 0, 0, 0, 10, 10, 10, : 1, 10, 10, 10, 10, 10, 2, 10, 10, 12, 10, 10, 10, 10, 10, 10, 10, 2, 10, 10, 10, 10, 10, 10, 10, 10, 10, 10, 10, 10, 10, 10, 10, 10, 10, 10, 10, 10, 10, 10, 10, 10, 10, 10, 10, 
619: 10, 0, 10, 10, 0, 10, 0, 0, 10, 0, 0, 10, 0, 0, 10, 10, 0, 2, 10, 0, 0, 10, 19, 0, 0, 0, 10, 10, 0, 10, 10, 10, 0, 0, 0, 10, 0, 0, 0, 0, 10, 10, 10, 0, 10, 10, 10, 8, 10, 0, 0, 0, 0, 10, 0, 0, 10, 10, 0, 10, 0, 10, 10, 10, 10, 0, 10, 10, 10, 0, 0, 10, 0, 0, 0, 0, 0, 0, 0, 10, : 10, 10, 10, 10, 10, 10, 10, 10, 2, 10, 10, 19, 10, 10, 10, 10, 10, 10, 10, 10, 10, 10, 10, 10, 8, 10, 10, 10, 10, 10, 10, 10, 10, 10, 10, 10, 10, 10, 10, 
487: 5, 0, 0, 0, 0, 0, 0, 0, 0, 10, 12, 0, 0, 0, 10, 0, 0, 10, 13, 0, 10, 10, 0, 0, 0, 0, 10, 0, 10, 0, 10, 10, 0, 0, 0, 10, 10, 10, 10, 10, 10, 2, 0, 12, 3, 10, 0, 10, 10, 10, 10, 10, 0, 10, 10, 0, 0, 10, 0, 10, 10, 10, 0, 0, 10, 10, 10, 0, 0, 10, 0, 0, 10, 10, 10, 10, 0, 10, 0, 10, : 5, 10, 12, 10, 10, 13, 10, 10, 10, 10, 10, 10, 10, 10, 10, 10, 10, 10, 2, 12, 3, 10, 10, 10, 10, 10, 10, 10, 10, 10, 10, 10, 10, 10, 10, 10, 10, 10, 10, 10, 10, 10, 10, 
357: 10, 10, 0, 10, 10, 10, 10, 10, 0, 10, 0, 10, 10, 10, 0, 10, 10, 0, 10, 10, 0, 0, 0, 10, 10, 0, 9, 10, 0, 0, 10, 0, 0, 10, 0, 10, 0, 10, 0, 10, 10, 0, 0, 10, 0, 0, 10, 10, 0, 0, 0, 0, 10, 0, 10, 0, 10, 10, 0, 10, 0, 0, 0, 0, 0, 10, 1, 10, 0, 10, 10, 4, 10, 0, 0, 10, 0, 10, 10, 10, : 10, 10, 10, 10, 10, 10, 10, 10, 10, 10, 10, 10, 10, 10, 10, 10, 10, 9, 10, 10, 10, 10, 10, 10, 10, 10, 10, 10, 10, 10, 10, 10, 10, 10, 1, 10, 10, 10, 4, 10, 10, 10, 10, 10, 
478: 10, 10, 0, 0, 1, 10, 10, 0, 10, 10, 10, 0, 10, 10, 10, 10, 0, 0, 10, 0, 0, 10, 0, 0, 0, 10, 0, 10, 0, 10, 10, 0, 10, 0, 0, 10, 0, 0, 10, 10, 0, 0, 0, 0, 10, 0, 0, 0, 10, 10, 0, 10, 10, 0, 0, 10, 10, 0, 10, 0, 10, 10, 0, 0, 10, 0, 1, 0, 0, 10, 0, 10, 10, 10, 0, 0, 10, 0, 0, 10, : 10, 10, 1, 10, 10, 10, 10, 10, 10, 10, 10, 10, 10, 10, 10, 10, 10, 10, 10, 10, 10, 10, 10, 10, 10, 10, 10, 10, 10, 10, 10, 10, 10, 1, 10, 10, 10, 10, 10, 10, 
793: 0, 0, 10, 10, 10, 10, 0, 10, 0, 10, 10, 10, 10, 0, 0, 0, 0, 0, 10, 0, 0, 0, 0, 10, 10, 10, 0, 10, 0, 10, 0, 10, 10, 0, 0, 18, 0, 10, 10, 10, 0, 10, 10, 10, 10, 0, 0, 10, 0, 10, 10, 10, 10, 10, 9, 10, 0, 0, 10, 0, 0, 0, 10, 10, 10, 0, 0, 0, 10, 10, 0, 0, 10, 0, 10, 10, 10, 0, 0, 0, : 10, 10, 10, 10, 10, 10, 10, 10, 10, 10, 10, 10, 10, 10, 10, 10, 10, 18, 10, 10, 10, 10, 10, 10, 10, 10, 10, 10, 10, 10, 10, 9, 10, 10, 10, 10, 10, 10, 10, 10, 10, 10, 10, 
549: 10, 0, 0, 0, 0, 0, 0, 0, 0, 0, 10, 10, 10, 1, 10, 10, 10, 10, 10, 10, 10, 0, 0, 1, 10, 10, 10, 0, 0, 10, 0, 0, 0, 0, 10, 10, 10, 10, 10, 10, 10, 10, 0, 0, 0, 0, 0, 0, 0, 0, 0, 10, 10, 10, 10, 10, 10, 10, 10, 10, 0, 0, 10, 10, 0, 10, 10, 10, 0, 0, 0, 0, 10, 10, 10, 0, 0, 10, 0, 10, : 10, 10, 10, 10, 1, 10, 10, 10, 10, 10, 10, 10, 1, 10, 10, 10, 10, 10, 10, 10, 10, 10, 10, 10, 10, 10, 10, 10, 10, 10, 10, 10, 10, 10, 10, 10, 10, 10, 10, 10, 10, 10, 10, 10, 
30: 0, 0, 0, 10, 0, 0, 10, 0, 10, 10, 10, 10, 0, 10, 0, 0, 0, 10, 0, 10, 0, 10, 10, 0, 0, 0, 10, 10, 0, 10, 0, 0, 10, 10, 10, 0, 0, 0, 10, 0, 0, 10, 10, 10, 0, 10, 0, 10, 3, 0, 10, 10, 0, 0, 10, 0, 10, 0, 10, 0, 0, 10, 10, 10, 0, 0, 10, 0, 0, 10, 0, 0, 10, 0, 10, 0, 10, 0, 0, 10, : 10, 10, 10, 10, 10, 10, 10, 10, 10, 10, 10, 10, 10, 10, 10, 10, 10, 10, 10, 10, 10, 10, 10, 3, 10, 10, 10, 10, 10, 10, 10, 10, 10, 10, 10, 10, 10, 10, 
409: 10, 10, 10, 10, 0, 10, 0, 0, 0, 10, 0, 10, 0, 10, 0, 0, 10, 1, 10, 10, 0, 10, 2, 10, 0, 10, 0, 0, 10, 0, 10, 10, 0, 10, 10, 10, 10, 0, 0, 10, 10, 0, 10, 0, 10, 0, 10, 10, 0, 10, 0, 0, 10, 10, 10, 10, 0, 10, 10, 10, 10, 0, 10, 0, 0, 0, 0, 0, 0, 0, 0, 10, 10, 0, 0, 0, 0, 0, 10, 10, : 10, 10, 10, 10, 10, 10, 10, 10, 10, 1, 10, 10, 10, 2, 10, 10, 10, 10, 10, 10, 10, 10, 10, 10, 10, 10, 10, 10, 10, 10, 10, 10, 10, 10, 10, 10, 10, 10, 10, 10, 10, 10, 10, 
303: 0, 10, 10, 0, 10, 10, 10, 0, 0, 0, 0, 0, 10, 0, 0, 0, 0, 2, 10, 1, 0, 0, 0, 10, 10, 0, 10, 0, 10, 0, 10, 10, 1, 10, 0, 0, 0, 0, 0, 0, 0, 0, 10, 10, 10, 0, 0, 0, 0, 4, 0, 0, 10, 10, 10, 10, 10, 10, 0, 0, 0, 5, 10, 10, 0, 10, 0, 0, 10, 10, 10, 10, 10, 0, 10, 1, 10, 10, 10, 0, : 10, 10, 10, 10, 10, 10, 2, 10, 1, 10, 10, 10, 10, 10, 10, 1, 10, 10, 10, 10, 4, 10, 10, 10, 10, 10, 10, 5, 10, 10, 10, 10, 10, 10, 10, 10, 10, 1, 10, 10, 10, 
127: 0, 0, 10, 0, 10, 10, 10, 10, 0, 10, 10, 10, 10, 0, 10, 10, 10, 0, 0, 10, 0, 10, 10, 10, 0, 10, 10, 10, 0, 10, 10, 10, 10, 0, 0, 0, 10, 10, 0, 10, 10, 0, 10, 10, 0, 0, 0, 10, 0, 10, 10, 0, 10, 0, 1, 0, 0, 10, 0, 0, 10, 10, 0, 10, 0, 10, 0, 0, 0, 10, 10, 11, 0, 0, 0, 0, 10, 0, 0, 0, : 10, 10, 10, 10, 10, 10, 10, 10, 10, 10, 10, 10, 10, 10, 10, 10, 10, 10, 10, 10, 10, 10, 10, 10, 10, 10, 10, 10, 10, 10, 10, 10, 10, 1, 10, 10, 10, 10, 10, 10, 10, 11, 10, 
396: 10, 0, 10, 10, 10, 10, 10, 10, 10, 0, 10, 10, 10, 10, 10, 10, 8, 0, 10, 0, 10, 0, 0, 10, 0, 10, 0, 0, 0, 0, 0, 0, 10, 10, 0, 10, 5, 4, 10, 10, 10, 10, 10, 0, 10, 0, 0, 0, 10, 10, 0, 0, 0, 0, 0, 10, 10, 10, 10, 10, 10, 0, 0, 0, 0, 10, 10, 0, 0, 0, 10, 0, 10, 10, 0, 10, 10, 10, 10, 0, : 10, 10, 10, 10, 10, 10, 10, 10, 10, 10, 10, 10, 10, 10, 8, 10, 10, 10, 10, 10, 10, 10, 5, 4, 10, 10, 10, 10, 10, 10, 10, 10, 10, 10, 10, 10, 10, 10, 10, 10, 10, 10, 10, 10, 10, 10, 10, 
593: 10, 0, 10, 10, 0, 10, 10, 10, 0, 0, 10, 10, 0, 10, 10, 10, 0, 10, 10, 0, 0, 0, 0, 10, 0, 0, 0, 10, 0, 10, 0, 0, 10, 10, 0, 0, 0, 7, 10, 10, 0, 0, 10, 10, 10, 0, 0, 0, 10, 0, 0, 0, 10, 10, 0, 0, 0, 4, 0, 0, 0, 0, 0, 0, 0, 0, 10, 10, 10, 0, 0, 0, 0, 10, 0, 0, 10, 0, 10, 0, : 10, 10, 10, 10, 10, 10, 10, 10, 10, 10, 10, 10, 10, 10, 10, 10, 10, 10, 7, 10, 10, 10, 10, 10, 10, 10, 10, 4, 10, 10, 10, 10, 10, 10, 
723: 0, 10, 0, 10, 0, 10, 1, 10, 10, 0, 0, 0, 10, 10, 10, 10, 0, 10, 10, 0, 10, 10, 10, 0, 10, 10, 0, 0, 10, 0, 0, 10, 10, 0, 10, 0, 12, 10, 10, 0, 10, 10, 0, 10, 0, 10, 10, 10, 0, 0, 10, 10, 0, 0, 10, 10, 10, 0, 0, 0, 10, 0, 0, 10, 10, 10, 10, 10, 10, 0, 10, 0, 10, 0, 10, 10, 0, 10, 10, 10, : 10, 10, 10, 1, 10, 10, 10, 10, 10, 10, 10, 10, 10, 10, 10, 10, 10, 10, 10, 10, 10, 12, 10, 10, 10, 10, 10, 10, 10, 10, 10, 10, 10, 10, 10, 10, 10, 10, 10, 10, 10, 10, 10, 10, 10, 10, 10, 10, 10, 
780: 10, 10, 10, 10, 0, 10, 10, 10, 0, 10, 10, 0, 10, 10, 10, 10, 0, 0, 0, 0, 10, 10, 0, 10, 10, 1, 10, 10, 10, 0, 0, 0, 0, 0, 0, 10, 10, 0, 10, 10, 10, 10, 0, 10, 0, 10, 1, 0, 10, 0, 0, 10, 0, 0, 0, 0, 0, 0, 0, 0, 6, 10, 10, 10, 10, 10, 10, 10, 10, 10, 0, 10, 0, 10, 0, 10, 0, 0, 10, 10, : 10, 10, 10, 10, 10, 10, 10, 10, 10, 10, 10, 10, 10, 10, 10, 10, 10, 1, 10, 10, 10, 10, 10, 10, 10, 10, 10, 10, 10, 1, 10, 10, 6, 10, 10, 10, 10, 10, 10, 10, 10, 10, 10, 10, 10, 10, 10, 
244: 0, 0, 0, 0, 10, 0, 10, 0, 10, 10, 0, 7, 10, 10, 0, 10, 0, 10, 10, 10, 0, 0, 1, 10, 10, 0, 10, 10, 0, 0, 10, 0, 0, 10, 10, 10, 10, 10, 0, 0, 0, 0, 10, 0, 10, 10, 10, 0, 10, 1, 10, 10, 10, 0, 10, 0, 0, 0, 10, 10, 0, 0, 0, 10, 10, 10, 10, 0, 0, 0, 0, 0, 0, 10, 10, 0, 10, 0, 0, 0, : 10, 10, 10, 10, 7, 10, 10, 10, 10, 10, 10, 1, 10, 10, 10, 10, 10, 10, 10, 10, 10, 10, 10, 10, 10, 10, 10, 1, 10, 10, 10, 10, 10, 10, 10, 10, 10, 10, 10, 10, 10, 
9: 10, 0, 10, 10, 0, 10, 0, 0, 10, 0, 0, 0, 0, 0, 2, 10, 10, 0, 0, 0, 10, 0, 0, 10, 0, 0, 0, 10, 10, 0, 0, 10, 10, 10, 10, 0, 0, 0, 10, 0, 10, 10, 11, 0, 0, 10, 0, 10, 0, 10, 10, 10, 0, 10, 0, 0, 0, 10, 10, 10, 10, 10, 10, 10, 0, 10, 0, 10, 10, 10, 10, 10, 10, 0, 0, 0, 1, 0, 0, 10, : 10, 10, 10, 10, 10, 2, 10, 10, 10, 10, 10, 10, 10, 10, 10, 10, 10, 10, 10, 11, 10, 10, 10, 10, 10, 10, 10, 10, 10, 10, 10, 10, 10, 10, 10, 10, 10, 10, 10, 10, 1, 10, 
594: 10, 0, 0, 0, 10, 6, 0, 0, 0, 10, 10, 10, 10, 0, 0, 0, 10, 1, 10, 0, 0, 10, 0, 0, 10, 0, 0, 0, 10, 0, 0, 10, 0, 0, 10, 10, 10, 0, 10, 0, 0, 10, 2, 10, 0, 15, 0, 1, 10, 10, 0, 0, 0, 10, 0, 0, 10, 10, 0, 10, 10, 10, 10, 0, 10, 0, 0, 18, 10, 0, 18, 10, 10, 7, 0, 0, 0, 10, 1, 10, : 10, 10, 6, 10, 10, 10, 10, 10, 1, 10, 10, 10, 10, 10, 10, 10, 10, 10, 10, 2, 10, 15, 1, 10, 10, 10, 10, 10, 10, 10, 10, 10, 10, 18, 10, 18, 10, 10, 7, 10, 1, 10, 
104: 0, 10, 0, 0, 0, 0, 10, 0, 10, 0, 10, 0, 10, 0, 10, 0, 10, 0, 6, 10, 1, 10, 1, 10, 0, 0, 10, 5, 0, 0, 10, 10, 10, 10, 0, 0, 10, 10, 10, 10, 10, 0, 10, 10, 10, 0, 10, 10, 0, 10, 0, 10, 10, 10, 0, 0, 0, 0, 10, 3, 10, 10, 0, 10, 0, 0, 0, 10, 0, 0, 0, 0, 0, 10, 0, 0, 10, 0, 10, 0, : 10, 10, 10, 10, 10, 10, 10, 6, 10, 1, 10, 1, 10, 10, 5, 10, 10, 10, 10, 10, 10, 10, 10, 10, 10, 10, 10, 10, 10, 10, 10, 10, 10, 10, 3, 10, 10, 10, 10, 10, 10, 10, 
729: 0, 0, 0, 14, 0, 10, 0, 0, 0, 3, 0, 0, 0, 10, 0, 0, 4, 6, 10, 10, 0, 0, 0, 0, 10, 0, 0, 10, 0, 0, 0, 0, 0, 10, 10, 0, 0, 10, 0, 10, 10, 10, 10, 0, 10, 0, 0, 10, 10, 10, 10, 0, 0, 10, 0, 10, 0, 0, 0, 10, 10, 0, 0, 0, 10, 10, 0, 0, 0, 10, 10, 10, 0, 10, 10, 10, 0, 10, 10, 10, : 14, 10, 3, 10, 4, 6, 10, 10, 10, 10, 10, 10, 10, 10, 10, 10, 10, 10, 10, 10, 10, 10, 10, 10, 10, 10, 10, 10, 10, 10, 10, 10, 10, 10, 10, 10, 10, 
305: 0, 0, 0, 0, 0, 10, 0, 6, 10, 0, 10, 10, 10, 10, 10, 2, 0, 0, 0, 0, 0, 0, 0, 0, 10, 10, 0, 10, 0, 4, 0, 0, 0, 10, 0, 0, 0, 0, 0, 0, 0, 0, 0, 0, 10, 0, 17, 10, 0, 0, 14, 0, 0, 10, 10, 10, 0, 10, 0, 0, 0, 0, 0, 0, 0, 10, 0, 10, 10, 10, 0, 0, 10, 10, 10, 10, 10, 10, 10, 10, : 10, 6, 10, 10, 10, 10, 10, 10, 2, 10, 10, 10, 4, 10, 10, 17, 10, 14, 10, 10, 10, 10, 10, 10, 10, 10, 10, 10, 10, 10, 10, 10, 10, 10, 
756: 10, 10, 10, 10, 10, 0, 0, 10, 0, 0, 0, 0, 0, 0, 0, 10, 10, 10, 10, 0, 10, 0, 0, 10, 0, 10, 10, 0, 10, 0, 0, 0, 1, 0, 10, 0, 5, 10, 0, 10, 0, 0, 0, 0, 10, 0, 0, 0, 10, 10, 10, 0, 10, 10, 0, 10, 10, 0, 0, 0, 0, 0, 10, 10, 0, 10, 10, 0, 10, 0, 0, 10, 0, 10, 0, 10, 1, 1, 10, 0, : 10, 10, 10, 10, 10, 10, 10, 10, 10, 10, 10, 10, 10, 10, 10, 1, 10, 5, 10, 10, 10, 10, 10, 10, 10, 10, 10, 10, 10, 10, 10, 10, 10, 10, 10, 10, 1, 1, 10, 
638: 10, 0, 0, 0, 10, 10, 0, 0, 0, 0, 0, 10, 10, 10, 10, 10, 10, 0, 0, 10, 0, 10, 0, 10, 0, 10, 0, 0, 10, 0, 10, 0, 10, 1, 10, 10, 0, 10, 10, 0, 0, 10, 0, 0, 0, 10, 0, 10, 10, 0, 0, 10, 10, 10, 0, 0, 0, 10, 0, 0, 10, 10, 10, 0, 10, 10, 0, 0, 0, 10, 0, 10, 0, 0, 10, 0, 10, 0, 10, 0, : 10, 10, 10, 10, 10, 10, 10, 10, 10, 10, 10, 10, 10, 10, 10, 10, 1, 10, 10, 10, 10, 10, 10, 10, 10, 10, 10, 10, 10, 10, 10, 10, 10, 10, 10, 10, 10, 10, 10, 
275: 0, 10, 10, 0, 1, 0, 10, 0, 10, 10, 10, 0, 10, 10, 0, 10, 0, 0, 0, 0, 1, 0, 10, 10, 10, 10, 0, 0, 10, 10, 10, 10, 2, 0, 0, 0, 0, 0, 0, 10, 10, 0, 10, 10, 10, 0, 0, 10, 10, 0, 0, 14, 0, 0, 0, 0, 0, 10, 10, 10, 0, 0, 10, 10, 0, 10, 10, 10, 0, 10, 10, 0, 0, 0, 10, 10, 0, 10, 10, 10, : 10, 10, 1, 10, 10, 10, 10, 10, 10, 10, 1, 10, 10, 10, 10, 10, 10, 10, 10, 2, 10, 10, 10, 10, 10, 10, 10, 14, 10, 10, 10, 10, 10, 10, 10, 10, 10, 10, 10, 10, 10, 10, 10, 
329: 10, 10, 0, 0, 10, 10, 0, 0, 0, 10, 0, 10, 10, 10, 0, 10, 0, 10, 10, 10, 10, 0, 0, 0, 10, 0, 10, 0, 10, 10, 0, 0, 0, 3, 0, 0, 10, 0, 0, 0, 0, 0, 0, 0, 0, 10, 10, 0, 10, 1, 10, 10, 0, 0, 0, 11, 0, 0, 10, 0, 10, 10, 3, 10, 0, 0, 0, 11, 10, 0, 0, 10, 0, 0, 10, 10, 0, 0, 10, 10, : 10, 10, 10, 10, 10, 10, 10, 10, 10, 10, 10, 10, 10, 10, 10, 10, 10, 3, 10, 10, 10, 10, 1, 10, 10, 11, 10, 10, 10, 3, 10, 11, 10, 10, 10, 10, 10, 10, 
289: 0, 0, 10, 10, 0, 10, 20, 0, 10, 0, 0, 0, 0, 0, 10, 10, 0, 10, 10, 10, 0, 0, 0, 10, 0, 0, 10, 10, 0, 10, 10, 7, 10, 10, 0, 10, 5, 0, 0, 0, 0, 10, 10, 0, 0, 0, 0, 0, 0, 0, 10, 2, 10, 0, 10, 0, 10, 0, 5, 10, 9, 10, 10, 10, 0, 0, 0, 0, 10, 10, 0, 0, 10, 0, 0, 10, 0, 0, 10, 0, : 10, 10, 10, 20, 10, 10, 10, 10, 10, 10, 10, 10, 10, 10, 10, 7, 10, 10, 10, 5, 10, 10, 10, 2, 10, 10, 10, 5, 10, 9, 10, 10, 10, 10, 10, 10, 10, 10, 
257: 0, 4, 17, 10, 10, 0, 10, 0, 0, 0, 0, 12, 0, 0, 0, 0, 0, 0, 0, 0, 0, 0, 10, 0, 0, 0, 10, 10, 10, 10, 10, 10, 0, 0, 10, 0, 1, 10, 0, 0, 10, 0, 0, 10, 0, 0, 10, 0, 10, 0, 10, 0, 0, 0, 10, 10, 10, 0, 0, 0, 0, 10, 0, 10, 10, 10, 0, 10, 10, 10, 7, 10, 0, 10, 0, 10, 10, 10, 0, 0, : 4, 17, 10, 10, 10, 12, 10, 10, 10, 10, 10, 10, 10, 10, 1, 10, 10, 10, 10, 10, 10, 10, 10, 10, 10, 10, 10, 10, 10, 10, 10, 7, 10, 10, 10, 10, 10, 
744: 10, 0, 0, 0, 0, 10, 10, 1, 0, 0, 10, 0, 0, 4, 0, 10, 10, 0, 10, 10, 10, 10, 0, 10, 0, 0, 0, 10, 10, 10, 10, 0, 10, 10, 0, 0, 10, 0, 10, 10, 10, 0, 10, 0, 0, 0, 10, 0, 0, 10, 0, 10, 0, 0, 0, 0, 10, 0, 10, 10, 10, 0, 10, 10, 10, 0, 0, 10, 0, 10, 0, 0, 0, 10, 10, 10, 10, 10, 10, 0, : 10, 10, 10, 1, 10, 4, 10, 10, 10, 10, 10, 10, 10, 10, 10, 10, 10, 10, 10, 10, 10, 10, 10, 10, 10, 10, 10, 10, 10, 10, 10, 10, 10, 10, 10, 10, 10, 10, 10, 10, 10, 10, 
3: 10, 0, 10, 10, 10, 10, 0, 0, 10, 0, 0, 10, 10, 0, 10, 10, 10, 0, 0, 0, 10, 10, 0, 0, 10, 0, 10, 10, 0, 10, 0, 10, 10, 10, 10, 10, 0, 0, 0, 10, 7, 10, 10, 10, 10, 0, 0, 0, 10, 0, 10, 10, 10, 10, 10, 0, 0, 0, 10, 10, 0, 0, 10, 10, 0, 10, 10, 10, 10, 18, 10, 10, 0, 10, 10, 10, 10, 10, 10, 10, : 10, 10, 10, 10, 10, 10, 10, 10, 10, 10, 10, 10, 10, 10, 10, 10, 10, 10, 10, 10, 10, 10, 10, 7, 10, 10, 10, 10, 10, 10, 10, 10, 10, 10, 10, 10, 10, 10, 10, 10, 10, 10, 18, 10, 10, 10, 10, 10, 10, 10, 10, 10, 
639: 10, 10, 0, 0, 10, 0, 10, 0, 0, 10, 0, 0, 0, 10, 0, 10, 0, 10, 0, 0, 10, 0, 10, 0, 10, 10, 10, 0, 0, 10, 10, 10, 10, 0, 0, 0, 0, 10, 10, 0, 0, 0, 10, 10, 10, 0, 10, 10, 0, 0, 10, 0, 0, 0, 10, 10, 0, 0, 0, 0, 10, 10, 10, 0, 10, 10, 10, 0, 10, 10, 10, 0, 10, 10, 0, 10, 10, 0, 10, 0, : 10, 10, 10, 10, 10, 10, 10, 10, 10, 10, 10, 10, 10, 10, 10, 10, 10, 10, 10, 10, 10, 10, 10, 10, 10, 10, 10, 10, 10, 10, 10, 10, 10, 10, 10, 10, 10, 10, 10, 10, 10, 
568: 10, 10, 10, 0, 10, 0, 0, 10, 10, 0, 0, 10, 0, 0, 10, 0, 10, 10, 0, 10, 0, 10, 10, 0, 10, 0, 0, 10, 10, 0, 0, 10, 10, 1, 0, 10, 10, 0, 10, 1, 10, 10, 0, 0, 10, 0, 10, 10, 0, 10, 10, 10, 10, 0, 10, 0, 10, 10, 10, 0, 0, 0, 0, 10, 10, 0, 10, 10, 0, 17, 0, 0, 10, 0, 0, 10, 10, 10, 0, 10, : 10, 10, 10, 10, 10, 10, 10, 10, 10, 10, 10, 10, 10, 10, 10, 10, 10, 10, 1, 10, 10, 10, 1, 10, 10, 10, 10, 10, 10, 10, 10, 10, 10, 10, 10, 10, 10, 10, 10, 10, 17, 10, 10, 10, 10, 10, 
425: 10, 10, 0, 10, 0, 0, 10, 10, 0, 0, 10, 1, 0, 0, 0, 10, 10, 0, 0, 0, 10, 0, 10, 0, 0, 10, 10, 10, 0, 10, 10, 10, 0, 0, 10, 0, 10, 0, 0, 10, 0, 0, 10, 0, 0, 0, 10, 10, 0, 10, 10, 0, 10, 10, 10, 0, 0, 10, 0, 10, 0, 10, 0, 10, 0, 0, 0, 0, 0, 0, 10, 0, 0, 0, 10, 10, 0, 10, 0, 10, : 10, 10, 10, 10, 10, 10, 1, 10, 10, 10, 10, 10, 10, 10, 10, 10, 10, 10, 10, 10, 10, 10, 10, 10, 10, 10, 10, 10, 10, 10, 10, 10, 10, 10, 10, 10, 10, 
105: 10, 0, 0, 10, 0, 10, 0, 10, 0, 10, 0, 10, 0, 0, 0, 10, 10, 0, 10, 0, 0, 10, 10, 0, 10, 10, 10, 0, 0, 10, 10, 10, 11, 0, 10, 10, 0, 10, 10, 0, 10, 10, 0, 10, 0, 10, 0, 17, 0, 0, 10, 0, 10, 0, 10, 0, 0, 10, 10, 1, 0, 0, 0, 2, 10, 0, 10, 10, 10, 0, 0, 10, 10, 10, 0, 10, 0, 0, 10, 0, : 10, 10, 10, 10, 10, 10, 10, 10, 10, 10, 10, 10, 10, 10, 10, 10, 10, 11, 10, 10, 10, 10, 10, 10, 10, 10, 17, 10, 10, 10, 10, 10, 1, 2, 10, 10, 10, 10, 10, 10, 10, 10, 10, 
659: 0, 10, 0, 0, 0, 0, 0, 14, 0, 10, 10, 10, 0, 10, 0, 0, 10, 0, 0, 0, 0, 10, 10, 0, 10, 10, 10, 10, 10, 10, 10, 10, 0, 10, 10, 16, 10, 10, 0, 0, 10, 0, 10, 0, 0, 0, 10, 10, 10, 0, 0, 10, 0, 0, 8, 10, 0, 0, 0, 10, 0, 10, 10, 0, 0, 10, 10, 10, 10, 0, 0, 10, 10, 10, 10, 10, 10, 0, 10, 10, : 10, 14, 10, 10, 10, 10, 10, 10, 10, 10, 10, 10, 10, 10, 10, 10, 10, 10, 10, 16, 10, 10, 10, 10, 10, 10, 10, 10, 8, 10, 10, 10, 10, 10, 10, 10, 10, 10, 10, 10, 10, 10, 10, 10, 10, 
598: 10, 10, 10, 0, 0, 10, 0, 10, 10, 10, 10, 10, 0, 10, 0, 0, 0, 10, 0, 10, 10, 10, 0, 0, 10, 0, 0, 0, 0, 0, 0, 10, 10, 10, 10, 0, 10, 0, 10, 0, 10, 10, 0, 0, 10, 0, 0, 0, 10, 10, 10, 0, 0, 0, 0, 10, 3, 10, 0, 10, 10, 10, 0, 10, 10, 10, 0, 0, 0, 0, 10, 10, 0, 10, 10, 10, 1, 10, 0, 0, : 10, 10, 10, 10, 10, 10, 10, 10, 10, 10, 10, 10, 10, 10, 10, 10, 10, 10, 10, 10, 10, 10, 10, 10, 10, 10, 10, 10, 3, 10, 10, 10, 10, 10, 10, 10, 10, 10, 10, 10, 10, 1, 10, 
369: 10, 10, 10, 10, 10, 0, 0, 0, 10, 10, 10, 10, 10, 0, 10, 0, 0, 0, 0, 0, 10, 0, 10, 0, 10, 10, 0, 0, 10, 10, 0, 0, 0, 10, 10, 0, 10, 0, 10, 0, 0, 10, 0, 10, 10, 10, 10, 10, 10, 0, 1, 10, 0, 10, 0, 0, 10, 0, 0, 10, 0, 0, 0, 0, 10, 1, 0, 10, 10, 0, 10, 10, 0, 10, 10, 0, 10, 0, 0, 10, : 10, 10, 10, 10, 10, 10, 10, 10, 10, 10, 10, 10, 10, 10, 10, 10, 10, 10, 10, 10, 10, 10, 10, 10, 10, 10, 10, 10, 1, 10, 10, 10, 10, 10, 1, 10, 10, 10, 10, 10, 10, 10, 10, 
644: 0, 10, 10, 10, 0, 2, 10, 0, 10, 0, 0, 10, 10, 0, 10, 0, 10, 10, 10, 10, 10, 0, 10, 10, 10, 10, 10, 0, 0, 0, 20, 0, 10, 0, 0, 0, 10, 0, 0, 10, 0, 0, 10, 10, 0, 10, 0, 10, 0, 10, 0, 0, 10, 0, 0, 10, 10, 10, 10, 0, 0, 10, 10, 10, 0, 0, 10, 0, 10, 10, 10, 10, 10, 0, 10, 10, 0, 10, 10, 10, : 10, 10, 10, 2, 10, 10, 10, 10, 10, 10, 10, 10, 10, 10, 10, 10, 10, 10, 10, 20, 10, 10, 10, 10, 10, 10, 10, 10, 10, 10, 10, 10, 10, 10, 10, 10, 10, 10, 10, 10, 10, 10, 10, 10, 10, 10, 10, 
633: 0, 10, 10, 10, 0, 0, 0, 10, 10, 0, 10, 10, 0, 0, 10, 0, 10, 10, 10, 0, 10, 10, 10, 0, 10, 0, 0, 0, 10, 0, 0, 10, 0, 10, 10, 10, 0, 0, 10, 10, 0, 0, 0, 10, 10, 0, 0, 10, 0, 10, 10, 10, 10, 10, 0, 0, 10, 0, 10, 10, 0, 0, 0, 10, 10, 0, 10, 0, 0, 10, 10, 0, 0, 0, 0, 17, 0, 10, 10, 0, : 10, 10, 10, 10, 10, 10, 10, 10, 10, 10, 10, 10, 10, 10, 10, 10, 10, 10, 10, 10, 10, 10, 10, 10, 10, 10, 10, 10, 10, 10, 10, 10, 10, 10, 10, 10, 10, 10, 17, 10, 10, 
543: 0, 10, 0, 0, 0, 10, 0, 0, 0, 0, 0, 0, 10, 10, 10, 10, 0, 0, 0, 17, 0, 10, 10, 10, 0, 10, 10, 10, 10, 10, 0, 0, 0, 10, 10, 0, 0, 10, 10, 10, 10, 10, 0, 10, 0, 10, 10, 0, 10, 0, 0, 10, 0, 10, 10, 10, 10, 0, 10, 10, 0, 0, 10, 0, 0, 10, 0, 10, 10, 10, 10, 0, 0, 10, 10, 0, 10, 0, 0, 10, : 10, 10, 10, 10, 10, 10, 17, 10, 10, 10, 10, 10, 10, 10, 10, 10, 10, 10, 10, 10, 10, 10, 10, 10, 10, 10, 10, 10, 10, 10, 10, 10, 10, 10, 10, 10, 10, 10, 10, 10, 10, 10, 10, 
134: 0, 10, 0, 0, 0, 10, 10, 10, 10, 10, 10, 1, 10, 10, 0, 10, 10, 0, 0, 10, 16, 10, 10, 10, 10, 0, 10, 1, 0, 10, 0, 10, 0, 0, 0, 0, 0, 0, 1, 10, 10, 2, 0, 0, 0, 10, 10, 10, 0, 10, 0, 0, 0, 0, 10, 10, 10, 10, 0, 0, 10, 0, 0, 10, 0, 10, 0, 0, 10, 0, 0, 10, 0, 1, 0, 10, 0, 3, 0, 0, : 10, 10, 10, 10, 10, 10, 10, 1, 10, 10, 10, 10, 10, 16, 10, 10, 10, 10, 10, 1, 10, 10, 1, 10, 10, 2, 10, 10, 10, 10, 10, 10, 10, 10, 10, 10, 10, 10, 10, 1, 10, 3, 
214: 0, 10, 8, 0, 10, 10, 10, 0, 0, 0, 10, 4, 10, 10, 8, 10, 0, 10, 10, 10, 6, 10, 0, 0, 0, 10, 10, 0, 0, 0, 0, 0, 0, 0, 0, 0, 0, 0, 4, 10, 0, 10, 10, 0, 3, 0, 0, 10, 0, 10, 0, 3, 0, 0, 0, 0, 0, 10, 0, 0, 10, 10, 10, 0, 10, 0, 0, 0, 0, 10, 0, 10, 0, 10, 0, 10, 0, 10, 0, 0, : 10, 8, 10, 10, 10, 10, 4, 10, 10, 8, 10, 10, 10, 10, 6, 10, 10, 10, 4, 10, 10, 10, 3, 10, 10, 3, 10, 10, 10, 10, 10, 10, 10, 10, 10, 10, 
788: 10, 10, 10, 0, 10, 0, 10, 10, 10, 10, 3, 10, 10, 10, 10, 10, 0, 10, 10, 0, 10, 0, 0, 10, 10, 0, 10, 10, 0, 10, 10, 0, 10, 0, 0, 0, 0, 0, 0, 4, 10, 0, 10, 0, 0, 0, 10, 0, 0, 0, 10, 10, 0, 10, 10, 10, 10, 0, 10, 9, 0, 0, 0, 0, 10, 10, 1, 10, 10, 0, 0, 10, 10, 0, 10, 0, 10, 0, 0, 10, : 10, 10, 10, 10, 10, 10, 10, 10, 3, 10, 10, 10, 10, 10, 10, 10, 10, 10, 10, 10, 10, 10, 10, 10, 4, 10, 10, 10, 10, 10, 10, 10, 10, 10, 10, 9, 10, 10, 1, 10, 10, 10, 10, 10, 10, 10, 
6: 10, 10, 0, 0, 10, 0, 10, 0, 0, 0, 10, 10, 10, 0, 0, 0, 10, 10, 1, 10, 10, 0, 10, 10, 0, 10, 0, 10, 10, 0, 10, 10, 10, 10, 0, 10, 10, 5, 0, 0, 0, 10, 10, 10, 0, 10, 10, 0, 10, 10, 0, 10, 0, 0, 10, 10, 0, 10, 10, 10, 10, 10, 10, 10, 0, 10, 0, 0, 0, 3, 0, 10, 10, 10, 10, 0, 0, 10, 0, 0, : 10, 10, 10, 10, 10, 10, 10, 10, 10, 1, 10, 10, 10, 10, 10, 10, 10, 10, 10, 10, 10, 10, 10, 5, 10, 10, 10, 10, 10, 10, 10, 10, 10, 10, 10, 10, 10, 10, 10, 10, 10, 10, 3, 10, 10, 10, 10, 10, 
529: 10, 0, 10, 0, 0, 0, 0, 10, 10, 10, 10, 0, 1, 0, 10, 0, 0, 6, 0, 10, 0, 0, 10, 0, 0, 0, 0, 0, 10, 10, 1, 0, 0, 10, 0, 10, 0, 0, 10, 10, 2, 10, 0, 1, 0, 0, 0, 0, 12, 0, 0, 10, 0, 0, 0, 10, 0, 10, 0, 0, 10, 10, 10, 10, 0, 0, 10, 10, 0, 10, 0, 0, 10, 0, 1, 0, 10, 10, 10, 10, : 10, 10, 10, 10, 10, 10, 1, 10, 6, 10, 10, 10, 10, 1, 10, 10, 10, 10, 2, 10, 1, 12, 10, 10, 10, 10, 10, 10, 10, 10, 10, 10, 10, 1, 10, 10, 10, 10, 
363: 10, 10, 0, 10, 10, 0, 10, 10, 0, 10, 0, 0, 10, 10, 0, 0, 10, 10, 10, 0, 10, 0, 10, 0, 1, 7, 10, 10, 10, 0, 0, 10, 10, 0, 10, 0, 0, 10, 0, 0, 10, 0, 0, 0, 10, 10, 0, 0, 10, 0, 0, 0, 0, 10, 0, 0, 0, 1, 10, 0, 10, 10, 10, 3, 10, 0, 10, 0, 0, 10, 10, 10, 0, 0, 10, 0, 10, 10, 0, 0, : 10, 10, 10, 10, 10, 10, 10, 10, 10, 10, 10, 10, 10, 10, 1, 7, 10, 10, 10, 10, 10, 10, 10, 10, 10, 10, 10, 10, 1, 10, 10, 10, 10, 3, 10, 10, 10, 10, 10, 10, 10, 10, 
89: 0, 10, 0, 10, 10, 10, 10, 3, 11, 0, 0, 10, 10, 10, 10, 0, 10, 10, 10, 10, 10, 10, 10, 10, 10, 0, 10, 0, 0, 10, 0, 0, 10, 0, 5, 10, 0, 0, 0, 0, 10, 0, 10, 0, 0, 10, 0, 0, 0, 10, 0, 10, 10, 0, 0, 4, 10, 10, 0, 10, 10, 10, 0, 0, 10, 10, 0, 10, 0, 10, 0, 0, 10, 10, 0, 0, 10, 0, 0, 10, : 10, 10, 10, 10, 10, 3, 11, 10, 10, 10, 10, 10, 10, 10, 10, 10, 10, 10, 10, 10, 10, 10, 10, 5, 10, 10, 10, 10, 10, 10, 10, 4, 10, 10, 10, 10, 10, 10, 10, 10, 10, 10, 10, 10, 10, 
643: 0, 0, 10, 10, 0, 10, 10, 10, 0, 10, 10, 10, 0, 10, 10, 1, 0, 0, 10, 0, 10, 10, 10, 0, 10, 10, 10, 10, 10, 10, 10, 0, 0, 14, 10, 10, 0, 10, 10, 0, 10, 10, 10, 10, 10, 0, 10, 0, 0, 0, 0, 10, 10, 10, 10, 0, 10, 0, 0, 10, 0, 10, 0, 0, 10, 10, 10, 0, 10, 0, 10, 0, 0, 10, 0, 0, 10, 0, 10, 0, : 10, 10, 10, 10, 10, 10, 10, 10, 10, 10, 1, 10, 10, 10, 10, 10, 10, 10, 10, 10, 10, 10, 14, 10, 10, 10, 10, 10, 10, 10, 10, 10, 10, 10, 10, 10, 10, 10, 10, 10, 10, 10, 10, 10, 10, 10, 10, 10, 
83: 10, 0, 10, 10, 0, 0, 0, 10, 0, 10, 0, 0, 10, 10, 10, 10, 0, 10, 10, 10, 0, 10, 0, 0, 0, 17, 0, 10, 0, 0, 10, 0, 10, 10, 10, 10, 0, 10, 0, 0, 0, 10, 2, 10, 0, 10, 10, 10, 10, 0, 0, 10, 0, 0, 10, 0, 0, 10, 0, 10, 0, 0, 0, 0, 0, 0, 10, 0, 0, 1, 10, 2, 0, 10, 10, 0, 10, 10, 10, 0, : 10, 10, 10, 10, 10, 10, 10, 10, 10, 10, 10, 10, 10, 17, 10, 10, 10, 10, 10, 10, 10, 10, 2, 10, 10, 10, 10, 10, 10, 10, 10, 10, 10, 1, 10, 2, 10, 10, 10, 10, 10, 
96: 0, 0, 0, 10, 10, 10, 10, 1, 10, 10, 0, 0, 10, 0, 10, 0, 0, 0, 0, 10, 10, 0, 0, 10, 10, 10, 6, 0, 10, 10, 10, 0, 0, 0, 10, 1, 10, 0, 0, 10, 0, 0, 10, 10, 2, 10, 10, 10, 0, 10, 0, 0, 10, 0, 10, 0, 10, 0, 10, 0, 10, 10, 2, 10, 0, 0, 10, 0, 0, 10, 0, 0, 1, 10, 0, 10, 0, 0, 0, 0, : 10, 10, 10, 10, 1, 10, 10, 10, 10, 10, 10, 10, 10, 10, 6, 10, 10, 10, 10, 1, 10, 10, 10, 10, 2, 10, 10, 10, 10, 10, 10, 10, 10, 10, 10, 2, 10, 10, 10, 1, 10, 10, 
229: 0, 0, 10, 0, 10, 1, 0, 10, 10, 0, 10, 10, 10, 10, 0, 0, 0, 10, 0, 0, 10, 10, 10, 0, 0, 10, 0, 0, 10, 0, 0, 10, 0, 10, 10, 0, 0, 19, 0, 0, 10, 0, 0, 10, 10, 10, 10, 0, 10, 10, 10, 0, 0, 10, 10, 10, 0, 0, 0, 0, 10, 10, 10, 10, 10, 0, 10, 10, 0, 0, 0, 0, 10, 0, 0, 10, 10, 0, 10, 10, : 10, 10, 1, 10, 10, 10, 10, 10, 10, 10, 10, 10, 10, 10, 10, 10, 10, 10, 19, 10, 10, 10, 10, 10, 10, 10, 10, 10, 10, 10, 10, 10, 10, 10, 10, 10, 10, 10, 10, 10, 10, 10, 
351: 0, 0, 10, 0, 10, 10, 0, 10, 10, 10, 0, 10, 0, 0, 10, 10, 0, 0, 10, 0, 10, 10, 10, 10, 10, 10, 10, 0, 0, 10, 0, 0, 10, 10, 10, 10, 13, 10, 10, 0, 0, 10, 10, 10, 10, 10, 0, 0, 0, 0, 0, 10, 10, 10, 7, 0, 10, 10, 0, 10, 0, 10, 0, 0, 0, 0, 0, 0, 0, 10, 0, 10, 0, 10, 10, 0, 0, 0, 10, 0, : 10, 10, 10, 10, 10, 10, 10, 10, 10, 10, 10, 10, 10, 10, 10, 10, 10, 10, 10, 10, 10, 10, 13, 10, 10, 10, 10, 10, 10, 10, 10, 10, 10, 7, 10, 10, 10, 10, 10, 10, 10, 10, 10, 
94: 10, 10, 0, 0, 0, 2, 0, 10, 10, 0, 10, 10, 10, 10, 10, 0, 10, 10, 10, 0, 10, 10, 10, 0, 0, 10, 10, 0, 0, 0, 0, 0, 10, 0, 0, 10, 10, 0, 10, 1, 0, 11, 0, 0, 10, 10, 0, 0, 10, 10, 0, 10, 10, 10, 0, 10, 0, 10, 0, 0, 0, 10, 0, 10, 10, 10, 0, 10, 10, 10, 10, 10, 0, 10, 10, 1, 2, 10, 0, 10, : 10, 10, 2, 10, 10, 10, 10, 10, 10, 10, 10, 10, 10, 10, 10, 10, 10, 10, 10, 10, 10, 10, 1, 11, 10, 10, 10, 10, 10, 10, 10, 10, 10, 10, 10, 10, 10, 10, 10, 10, 10, 10, 10, 10, 1, 2, 10, 10, 
267: 10, 1, 10, 0, 10, 0, 10, 10, 10, 0, 0, 10, 10, 10, 0, 0, 0, 10, 0, 10, 10, 0, 0, 10, 0, 10, 10, 10, 0, 10, 0, 10, 0, 0, 0, 10, 10, 0, 10, 0, 0, 10, 0, 10, 0, 10, 3, 0, 10, 10, 0, 10, 10, 0, 0, 10, 0, 0, 10, 0, 0, 0, 10, 10, 0, 10, 0, 0, 0, 0, 10, 10, 0, 0, 10, 0, 0, 10, 10, 10, : 10, 1, 10, 10, 10, 10, 10, 10, 10, 10, 10, 10, 10, 10, 10, 10, 10, 10, 10, 10, 10, 10, 10, 10, 10, 3, 10, 10, 10, 10, 10, 10, 10, 10, 10, 10, 10, 10, 10, 10, 10, 
561: 0, 10, 0, 0, 10, 10, 10, 0, 10, 0, 0, 0, 0, 10, 0, 0, 0, 10, 0, 0, 0, 0, 10, 0, 10, 10, 0, 10, 5, 0, 0, 10, 0, 0, 19, 10, 10, 0, 10, 10, 0, 10, 10, 0, 10, 0, 10, 10, 8, 0, 10, 10, 0, 0, 10, 0, 10, 10, 10, 12, 10, 10, 10, 10, 10, 1, 0, 0, 0, 0, 10, 0, 0, 0, 0, 0, 10, 10, 0, 0, : 10, 10, 10, 10, 10, 10, 10, 10, 10, 10, 10, 5, 10, 19, 10, 10, 10, 10, 10, 10, 10, 10, 10, 8, 10, 10, 10, 10, 10, 10, 12, 10, 10, 10, 10, 10, 1, 10, 10, 10, 
266: 10, 0, 10, 10, 10, 10, 0, 0, 3, 0, 10, 10, 0, 0, 0, 0, 10, 0, 10, 0, 10, 10, 10, 10, 10, 10, 10, 10, 10, 10, 10, 0, 10, 0, 10, 10, 10, 10, 0, 0, 0, 10, 0, 10, 0, 10, 10, 0, 10, 10, 0, 10, 10, 1, 10, 0, 0, 10, 0, 0, 0, 0, 0, 0, 10, 10, 10, 0, 0, 0, 10, 0, 10, 10, 0, 10, 10, 0, 10, 0, : 10, 10, 10, 10, 10, 3, 10, 10, 10, 10, 10, 10, 10, 10, 10, 10, 10, 10, 10, 10, 10, 10, 10, 10, 10, 10, 10, 10, 10, 10, 10, 10, 10, 10, 1, 10, 10, 10, 10, 10, 10, 10, 10, 10, 10, 10, 
703: 0, 0, 10, 10, 0, 0, 0, 10, 0, 10, 10, 10, 10, 10, 10, 10, 10, 10, 10, 0, 0, 10, 10, 10, 0, 0, 0, 0, 0, 0, 0, 10, 0, 0, 10, 0, 10, 10, 10, 10, 10, 10, 0, 10, 10, 10, 10, 19, 0, 10, 0, 1, 0, 0, 10, 10, 10, 0, 0, 0, 10, 0, 0, 0, 0, 0, 10, 10, 0, 0, 10, 0, 0, 0, 1, 0, 10, 10, 0, 10, : 10, 10, 10, 10, 10, 10, 10, 10, 10, 10, 10, 10, 10, 10, 10, 10, 10, 10, 10, 10, 10, 10, 10, 10, 10, 10, 10, 10, 19, 10, 1, 10, 10, 10, 10, 10, 10, 10, 1, 10, 10, 10, 
31: 10, 0, 0, 0, 10, 0, 0, 0, 0, 0, 10, 0, 10, 10, 0, 0, 10, 0, 0, 10, 0, 10, 2, 0, 10, 0, 0, 0, 10, 10, 10, 0, 10, 10, 10, 0, 10, 10, 0, 10, 0, 0, 10, 15, 0, 0, 0, 0, 10, 0, 10, 0, 4, 10, 0, 0, 15, 10, 10, 10, 10, 8, 10, 10, 5, 10, 10, 6, 0, 0, 18, 10, 0, 0, 10, 0, 0, 0, 10, 0, : 10, 10, 10, 10, 10, 10, 10, 10, 2, 10, 10, 10, 10, 10, 10, 10, 10, 10, 10, 10, 15, 10, 10, 4, 10, 15, 10, 10, 10, 10, 8, 10, 10, 5, 10, 10, 6, 18, 10, 10, 10, 
537: 0, 10, 0, 10, 10, 0, 0, 0, 0, 0, 0, 0, 10, 10, 0, 10, 10, 0, 0, 0, 10, 0, 0, 10, 0, 0, 10, 0, 10, 10, 0, 10, 10, 0, 0, 0, 0, 10, 10, 10, 0, 0, 10, 0, 0, 0, 10, 10, 10, 10, 0, 10, 10, 0, 10, 10, 2, 0, 10, 10, 10, 10, 0, 0, 10, 0, 0, 0, 10, 0, 0, 10, 10, 0, 0, 10, 0, 0, 0, 10, : 10, 10, 10, 10, 10, 10, 10, 10, 10, 10, 10, 10, 10, 10, 10, 10, 10, 10, 10, 10, 10, 10, 10, 10, 10, 10, 2, 10, 10, 10, 10, 10, 10, 10, 10, 10, 10, 
337: 0, 10, 10, 10, 0, 0, 0, 0, 0, 0, 0, 0, 0, 10, 10, 0, 10, 0, 0, 10, 0, 10, 10, 10, 0, 10, 0, 10, 0, 0, 10, 10, 0, 10, 0, 2, 2, 0, 10, 10, 0, 0, 10, 10, 15, 10, 10, 10, 10, 0, 0, 0, 10, 10, 0, 10, 0, 10, 10, 0, 10, 0, 10, 0, 10, 18, 10, 10, 10, 10, 10, 0, 7, 7, 0, 0, 0, 10, 0, 0, : 10, 10, 10, 10, 10, 10, 10, 10, 10, 10, 10, 10, 10, 10, 10, 2, 2, 10, 10, 10, 10, 15, 10, 10, 10, 10, 10, 10, 10, 10, 10, 10, 10, 10, 18, 10, 10, 10, 10, 10, 7, 7, 10, 
386: 10, 0, 10, 0, 10, 10, 0, 10, 0, 10, 10, 0, 0, 0, 10, 0, 0, 0, 1, 10, 0, 10, 10, 0, 0, 0, 0, 0, 10, 10, 4, 8, 10, 10, 0, 0, 10, 0, 0, 10, 10, 10, 0, 0, 0, 10, 0, 10, 0, 0, 10, 0, 0, 0, 10, 0, 10, 0, 10, 10, 0, 10, 10, 10, 0, 0, 0, 10, 10, 0, 0, 10, 10, 0, 10, 2, 0, 10, 10, 10, : 10, 10, 10, 10, 10, 10, 10, 10, 1, 10, 10, 10, 10, 10, 4, 8, 10, 10, 10, 10, 10, 10, 10, 10, 10, 10, 10, 10, 10, 10, 10, 10, 10, 10, 10, 10, 10, 2, 10, 10, 10, 
368: 10, 0, 0, 0, 10, 0, 10, 10, 10, 10, 10, 10, 10, 0, 0, 0, 10, 10, 10, 0, 10, 10, 10, 10, 0, 10, 10, 0, 10, 0, 0, 10, 3, 10, 0, 0, 10, 10, 10, 10, 10, 0, 0, 10, 10, 10, 0, 10, 10, 10, 10, 1, 0, 10, 10, 0, 0, 0, 0, 0, 0, 10, 10, 0, 0, 1, 10, 10, 10, 0, 10, 0, 0, 10, 10, 10, 0, 0, 10, 0, : 10, 10, 10, 10, 10, 10, 10, 10, 10, 10, 10, 10, 10, 10, 10, 10, 10, 10, 10, 10, 3, 10, 10, 10, 10, 10, 10, 10, 10, 10, 10, 10, 10, 10, 1, 10, 10, 10, 10, 1, 10, 10, 10, 10, 10, 10, 10, 10, 
190: 0, 10, 0, 10, 0, 0, 1, 0, 0, 0, 10, 0, 0, 0, 0, 10, 10, 10, 0, 10, 0, 4, 0, 0, 0, 0, 0, 10, 10, 0, 0, 10, 10, 10, 10, 10, 0, 10, 0, 9, 10, 10, 0, 0, 10, 7, 14, 10, 10, 0, 10, 0, 0, 10, 0, 0, 0, 0, 10, 10, 10, 10, 0, 0, 10, 10, 0, 10, 10, 0, 0, 8, 0, 0, 10, 10, 10, 10, 0, 10, : 10, 10, 1, 10, 10, 10, 10, 10, 4, 10, 10, 10, 10, 10, 10, 10, 10, 9, 10, 10, 10, 7, 14, 10, 10, 10, 10, 10, 10, 10, 10, 10, 10, 10, 10, 8, 10, 10, 10, 10, 10, 
176: 10, 10, 10, 0, 10, 0, 0, 10, 10, 0, 0, 0, 0, 0, 0, 10, 10, 0, 0, 0, 0, 0, 0, 0, 0, 10, 0, 10, 0, 0, 0, 10, 10, 10, 0, 10, 0, 0, 0, 0, 6, 0, 0, 10, 10, 10, 10, 10, 0, 0, 10, 10, 0, 10, 0, 0, 1, 10, 0, 0, 0, 0, 10, 0, 10, 0, 10, 10, 10, 10, 0, 10, 0, 10, 0, 10, 10, 1, 1, 0, : 10, 10, 10, 10, 10, 10, 10, 10, 10, 10, 10, 10, 10, 10, 6, 10, 10, 10, 10, 10, 10, 10, 10, 1, 10, 10, 10, 10, 10, 10, 10, 10, 10, 10, 10, 1, 1, 


