
120
600
605
5

168: 0, 0, 0, 10, 10, 0, 17, 10, 0, 10, 10, 0, 2, 0, 0, 10, 10, 10, 10, 10, 10, 2, 0, 0, 10, 0, 10, 0, 10, 0, 0, 0, 10, 0, 0, 10, 10, 10, 0, 0, 0, 10, 10, 0, 0, 0, 10, 0, 10, 10, 10, 10, 10, 10, 10, 0, 10, 0, 0, 0, 0, 0, 10, 0, 0, 10, 10, 0, 0, 0, 10, 10, 0, 10, 0, 10, 10, 10, 10, 10, 10, 0, 10, 0, 10, 10, 0, 0, 10, 0, 0, 0, 0, 0, 0, 10, 10, 0, 0, 10, 0, 10, 10, 0, 0, 0, 10, 0, 0, 10, 0, 10, 0, 10, 10, 10, 10, 0, 0, 0, : 10, 10, 17, 10, 10, 10, 2, 10, 10, 10, 10, 10, 10, 2, 10, 10, 10, 10, 10, 10, 10, 10, 10, 10, 10, 10, 10, 10, 10, 10, 10, 10, 10, 10, 10, 10, 10, 10, 10, 10, 10, 10, 10, 10, 10, 10, 10, 10, 10, 10, 10, 10, 10, 10, 10, 10, 10, 10, 10, 10, 
281: 6, 1, 10, 0, 0, 10, 10, 10, 0, 0, 10, 0, 10, 0, 0, 0, 10, 10, 0, 0, 10, 10, 10, 1, 0, 0, 10, 1, 10, 10, 10, 0, 0, 10, 0, 0, 0, 10, 0, 10, 10, 0, 0, 10, 10, 10, 0, 0, 10, 10, 10, 10, 0, 0, 0, 10, 10, 0, 0, 10, 0, 0, 0, 0, 0, 0, 10, 10, 10, 3, 0, 10, 10, 0, 0, 0, 10, 0, 0, 1, 10, 0, 0, 0, 10, 10, 0, 0, 0, 10, 0, 10, 10, 10, 0, 10, 10, 10, 0, 10, 10, 0, 0, 0, 10, 10, 10, 8, 10, 10, 0, 14, 15, 0, 0, 0, 0, 0, 10, 10, : 6, 1, 10, 10, 10, 10, 10, 10, 10, 10, 10, 10, 10, 1, 10, 1, 10, 10, 10, 10, 10, 10, 10, 10, 10, 10, 10, 10, 10, 10, 10, 10, 10, 10, 10, 10, 3, 10, 10, 10, 1, 10, 10, 10, 10, 10, 10, 10, 10, 10, 10, 10, 10, 10, 10, 10, 8, 10, 10, 14, 15, 10, 10, 
501: 10, 0, 0, 0, 10, 10, 0, 10, 10, 10, 0, 0, 0, 10, 10, 7, 10, 0, 0, 10, 0, 0, 10, 10, 0, 0, 0, 0, 0, 0, 0, 10, 0, 0, 0, 10, 10, 10, 0, 10, 0, 10, 10, 10, 10, 0, 10, 10, 0, 0, 10, 10, 10, 10, 0, 10, 0, 10, 10, 0, 0, 10, 10, 10, 10, 0, 0, 0, 0, 0, 0, 0, 10, 0, 10, 0, 0, 0, 10, 10, 0, 0, 0, 10, 10, 10, 10, 10, 10, 0, 0, 10, 0, 10, 10, 0, 0, 0, 10, 10, 0, 10, 10, 0, 10, 10, 10, 0, 10, 0, 1, 0, 10, 10, 1, 10, 0, 10, 0, 0, : 10, 10, 10, 10, 10, 10, 10, 10, 7, 10, 10, 10, 10, 10, 10, 10, 10, 10, 10, 10, 10, 10, 10, 10, 10, 10, 10, 10, 10, 10, 10, 10, 10, 10, 10, 10, 10, 10, 10, 10, 10, 10, 10, 10, 10, 10, 10, 10, 10, 10, 10, 10, 10, 10, 10, 10, 1, 10, 10, 1, 10, 10, 
160: 1, 0, 10, 0, 10, 0, 10, 0, 0, 0, 0, 0, 0, 0, 0, 10, 10, 0, 10, 0, 0, 10, 0, 0, 0, 0, 0, 0, 10, 0, 0, 0, 10, 10, 0, 0, 0, 0, 10, 0, 10, 10, 0, 10, 0, 10, 0, 10, 0, 0, 10, 0, 10, 10, 0, 0, 10, 10, 0, 0, 10, 10, 1, 10, 0, 0, 10, 0, 10, 0, 10, 0, 0, 10, 0, 0, 10, 0, 0, 0, 10, 10, 0, 10, 10, 0, 0, 0, 0, 0, 10, 10, 10, 10, 10, 10, 0, 10, 0, 10, 0, 10, 0, 0, 10, 10, 0, 0, 10, 0, 0, 10, 10, 0, 10, 0, 10, 0, 10, 10, : 1, 10, 10, 10, 10, 10, 10, 10, 10, 10, 10, 10, 10, 10, 10, 10, 10, 10, 10, 10, 10, 10, 10, 10, 1, 10, 10, 10, 10, 10, 10, 10, 10, 10, 10, 10, 10, 10, 10, 10, 10, 10, 10, 10, 10, 10, 10, 10, 10, 10, 10, 10, 10, 
553: 0, 0, 10, 10, 0, 0, 10, 0, 10, 0, 0, 0, 10, 10, 0, 0, 0, 0, 10, 10, 0, 10, 10, 10, 10, 0, 10, 0, 0, 10, 10, 10, 0, 0, 10, 0, 10, 0, 10, 0, 10, 0, 0, 10, 10, 0, 10, 10, 10, 10, 10, 10, 0, 0, 10, 10, 2, 10, 10, 0, 0, 0, 10, 0, 10, 10, 10, 10, 0, 10, 10, 10, 10, 0, 0, 10, 10, 10, 10, 10, 10, 0, 0, 10, 0, 0, 0, 0, 10, 1, 0, 10, 10, 0, 0, 0, 0, 0, 0, 0, 10, 10, 10, 0, 0, 0, 10, 0, 0, 14, 0, 0, 0, 0, 0, 10, 10, 10, 0, 10, : 10, 10, 10, 10, 10, 10, 10, 10, 10, 10, 10, 10, 10, 10, 10, 10, 10, 10, 10, 10, 10, 10, 10, 10, 10, 10, 10, 10, 10, 10, 2, 10, 10, 10, 10, 10, 10, 10, 10, 10, 10, 10, 10, 10, 10, 10, 10, 10, 10, 10, 1, 10, 10, 10, 10, 10, 10, 14, 10, 10, 10, 10, 
358: 0, 0, 10, 0, 10, 0, 10, 0, 10, 0, 10, 10, 10, 10, 10, 10, 0, 0, 0, 0, 10, 17, 0, 0, 0, 10, 0, 0, 10, 0, 0, 0, 0, 10, 0, 10, 10, 10, 0, 10, 0, 10, 10, 10, 10, 10, 0, 10, 0, 0, 10, 0, 10, 0, 0, 10, 0, 10, 10, 10, 10, 0, 10, 10, 0, 10, 10, 0, 0, 10, 0, 10, 0, 0, 0, 10, 0, 10, 10, 0, 0, 10, 0, 10, 10, 10, 0, 10, 0, 0, 10, 10, 0, 10, 0, 0, 10, 10, 10, 0, 0, 0, 0, 0, 10, 0, 10, 10, 0, 10, 10, 0, 0, 10, 10, 0, 10, 0, 0, 6, : 10, 10, 10, 10, 10, 10, 10, 10, 10, 10, 10, 17, 10, 10, 10, 10, 10, 10, 10, 10, 10, 10, 10, 10, 10, 10, 10, 10, 10, 10, 10, 10, 10, 10, 10, 10, 10, 10, 10, 10, 10, 10, 10, 10, 10, 10, 10, 10, 10, 10, 10, 10, 10, 10, 10, 10, 10, 10, 10, 10, 6, 
504: 0, 0, 10, 10, 0, 0, 10, 0, 10, 10, 10, 0, 10, 10, 10, 10, 0, 0, 8, 0, 0, 0, 0, 0, 10, 10, 0, 10, 10, 10, 0, 0, 0, 0, 0, 0, 10, 0, 10, 10, 10, 10, 10, 0, 10, 10, 10, 0, 14, 10, 0, 10, 10, 0, 0, 0, 10, 10, 0, 0, 10, 10, 0, 10, 0, 0, 0, 10, 0, 0, 10, 10, 10, 10, 0, 10, 10, 0, 10, 0, 10, 10, 0, 0, 10, 0, 2, 10, 10, 10, 0, 10, 0, 0, 10, 0, 10, 0, 0, 10, 10, 0, 0, 10, 0, 10, 10, 0, 10, 0, 10, 10, 0, 10, 10, 10, 10, 0, 10, 0, : 10, 10, 10, 10, 10, 10, 10, 10, 10, 10, 8, 10, 10, 10, 10, 10, 10, 10, 10, 10, 10, 10, 10, 10, 10, 14, 10, 10, 10, 10, 10, 10, 10, 10, 10, 10, 10, 10, 10, 10, 10, 10, 10, 10, 10, 2, 10, 10, 10, 10, 10, 10, 10, 10, 10, 10, 10, 10, 10, 10, 10, 10, 10, 10, 10, 
533: 1, 0, 0, 10, 10, 0, 0, 0, 0, 10, 10, 10, 10, 0, 10, 10, 10, 10, 0, 10, 10, 10, 10, 0, 10, 10, 0, 10, 10, 0, 10, 0, 10, 0, 0, 10, 0, 10, 0, 0, 0, 0, 10, 10, 10, 10, 0, 0, 0, 10, 0, 0, 0, 7, 10, 0, 10, 10, 10, 0, 0, 0, 10, 0, 0, 0, 10, 0, 0, 1, 10, 0, 0, 10, 10, 10, 10, 0, 0, 10, 0, 10, 0, 0, 10, 0, 10, 0, 10, 0, 10, 10, 10, 0, 0, 10, 0, 0, 10, 10, 10, 10, 0, 10, 10, 10, 10, 0, 0, 0, 10, 0, 5, 0, 0, 0, 0, 3, 10, 0, : 1, 10, 10, 10, 10, 10, 10, 10, 10, 10, 10, 10, 10, 10, 10, 10, 10, 10, 10, 10, 10, 10, 10, 10, 10, 10, 10, 10, 7, 10, 10, 10, 10, 10, 10, 1, 10, 10, 10, 10, 10, 10, 10, 10, 10, 10, 10, 10, 10, 10, 10, 10, 10, 10, 10, 10, 10, 10, 10, 5, 3, 10, 
187: 10, 10, 0, 10, 10, 0, 0, 0, 0, 10, 1, 0, 10, 10, 10, 10, 10, 10, 0, 10, 0, 10, 0, 0, 0, 10, 10, 0, 10, 10, 0, 0, 0, 0, 10, 0, 0, 10, 0, 10, 12, 10, 10, 0, 10, 0, 0, 0, 0, 0, 0, 0, 10, 0, 10, 0, 10, 10, 0, 0, 0, 10, 0, 0, 0, 0, 0, 0, 10, 0, 0, 0, 10, 10, 0, 10, 0, 10, 10, 0, 0, 0, 10, 10, 0, 0, 10, 0, 10, 0, 0, 10, 10, 10, 0, 10, 10, 0, 10, 0, 10, 0, 10, 0, 10, 10, 10, 0, 0, 0, 0, 0, 0, 10, 10, 0, 0, 0, 0, 10, : 10, 10, 10, 10, 10, 1, 10, 10, 10, 10, 10, 10, 10, 10, 10, 10, 10, 10, 10, 10, 10, 12, 10, 10, 10, 10, 10, 10, 10, 10, 10, 10, 10, 10, 10, 10, 10, 10, 10, 10, 10, 10, 10, 10, 10, 10, 10, 10, 10, 10, 10, 10, 10, 10, 
433: 0, 0, 10, 10, 10, 6, 0, 0, 0, 17, 10, 10, 10, 10, 0, 10, 10, 0, 11, 0, 0, 0, 10, 10, 10, 10, 0, 0, 10, 0, 0, 0, 0, 10, 0, 10, 0, 0, 0, 0, 10, 10, 0, 0, 0, 10, 0, 0, 10, 10, 0, 1, 10, 5, 0, 0, 10, 10, 10, 0, 0, 0, 0, 10, 10, 0, 0, 10, 10, 0, 0, 10, 10, 0, 10, 19, 10, 10, 10, 0, 0, 8, 0, 10, 10, 10, 10, 0, 0, 10, 10, 0, 10, 0, 1, 10, 10, 10, 10, 10, 14, 0, 2, 0, 0, 10, 0, 0, 0, 10, 10, 0, 0, 10, 0, 10, 0, 10, 0, 0, : 10, 10, 10, 6, 17, 10, 10, 10, 10, 10, 10, 11, 10, 10, 10, 10, 10, 10, 10, 10, 10, 10, 10, 10, 1, 10, 5, 10, 10, 10, 10, 10, 10, 10, 10, 10, 10, 19, 10, 10, 10, 8, 10, 10, 10, 10, 10, 10, 10, 1, 10, 10, 10, 10, 10, 14, 2, 10, 10, 10, 10, 10, 10, 
17: 10, 0, 0, 10, 0, 0, 10, 0, 0, 10, 10, 0, 0, 0, 0, 10, 0, 0, 10, 10, 0, 10, 0, 0, 0, 9, 10, 0, 10, 10, 10, 0, 6, 10, 0, 0, 0, 2, 0, 0, 0, 10, 0, 3, 10, 10, 10, 0, 0, 0, 10, 10, 10, 10, 0, 0, 10, 10, 0, 0, 10, 10, 10, 10, 10, 0, 0, 10, 10, 10, 10, 0, 10, 0, 10, 0, 0, 0, 0, 10, 10, 10, 0, 10, 10, 0, 10, 10, 0, 0, 0, 10, 0, 0, 0, 10, 10, 10, 10, 10, 10, 10, 0, 10, 0, 0, 0, 0, 0, 0, 0, 0, 0, 0, 10, 0, 10, 10, 0, 10, : 10, 10, 10, 10, 10, 10, 10, 10, 10, 9, 10, 10, 10, 10, 6, 10, 2, 10, 3, 10, 10, 10, 10, 10, 10, 10, 10, 10, 10, 10, 10, 10, 10, 10, 10, 10, 10, 10, 10, 10, 10, 10, 10, 10, 10, 10, 10, 10, 10, 10, 10, 10, 10, 10, 10, 10, 10, 10, 10, 
1: 10, 0, 0, 10, 10, 14, 0, 10, 0, 0, 4, 10, 10, 10, 0, 0, 0, 0, 0, 0, 0, 10, 0, 10, 0, 0, 0, 10, 10, 17, 0, 0, 0, 10, 6, 10, 0, 0, 10, 0, 10, 0, 10, 10, 0, 0, 10, 10, 0, 10, 10, 0, 0, 0, 10, 10, 10, 0, 0, 10, 10, 0, 10, 0, 0, 0, 10, 10, 0, 0, 0, 10, 10, 10, 10, 10, 10, 0, 0, 10, 0, 0, 0, 0, 10, 0, 0, 3, 0, 0, 7, 0, 10, 0, 10, 0, 0, 0, 10, 10, 0, 0, 10, 0, 10, 10, 0, 10, 0, 0, 0, 10, 0, 0, 2, 0, 10, 10, 0, 20, : 10, 10, 10, 14, 10, 4, 10, 10, 10, 10, 10, 10, 10, 17, 10, 6, 10, 10, 10, 10, 10, 10, 10, 10, 10, 10, 10, 10, 10, 10, 10, 10, 10, 10, 10, 10, 10, 10, 10, 10, 10, 3, 7, 10, 10, 10, 10, 10, 10, 10, 10, 10, 2, 10, 10, 20, 
140: 10, 5, 0, 10, 0, 0, 0, 0, 0, 10, 0, 0, 0, 0, 10, 0, 10, 10, 0, 0, 0, 0, 10, 10, 10, 10, 10, 10, 0, 10, 10, 10, 10, 10, 0, 1, 0, 10, 0, 10, 10, 10, 0, 10, 0, 0, 0, 0, 10, 10, 10, 10, 0, 10, 10, 1, 0, 0, 10, 10, 0, 10, 10, 10, 10, 10, 10, 10, 0, 10, 12, 10, 13, 0, 0, 0, 0, 0, 0, 10, 0, 0, 10, 0, 0, 10, 10, 0, 10, 0, 0, 10, 0, 10, 10, 0, 0, 0, 0, 0, 0, 0, 10, 10, 10, 10, 0, 10, 0, 0, 0, 10, 10, 10, 10, 1, 10, 0, 0, 10, : 10, 5, 10, 10, 10, 10, 10, 10, 10, 10, 10, 10, 10, 10, 10, 10, 10, 10, 1, 10, 10, 10, 10, 10, 10, 10, 10, 10, 10, 10, 1, 10, 10, 10, 10, 10, 10, 10, 10, 10, 10, 12, 10, 13, 10, 10, 10, 10, 10, 10, 10, 10, 10, 10, 10, 10, 10, 10, 10, 10, 10, 1, 10, 10, 
162: 0, 0, 10, 10, 0, 10, 10, 10, 10, 0, 10, 0, 0, 10, 10, 0, 10, 10, 0, 0, 10, 10, 10, 10, 0, 0, 10, 0, 10, 10, 10, 10, 10, 0, 10, 0, 10, 0, 10, 0, 10, 0, 10, 0, 0, 10, 0, 0, 10, 0, 10, 10, 0, 10, 10, 10, 0, 10, 10, 0, 5, 0, 0, 10, 10, 0, 10, 0, 10, 10, 10, 0, 10, 0, 12, 10, 10, 10, 10, 10, 10, 10, 10, 0, 10, 14, 10, 0, 0, 10, 13, 0, 0, 10, 0, 10, 10, 10, 10, 0, 10, 10, 0, 10, 10, 0, 0, 0, 0, 0, 0, 0, 0, 10, 0, 10, 10, 10, 0, 0, : 10, 10, 10, 10, 10, 10, 10, 10, 10, 10, 10, 10, 10, 10, 10, 10, 10, 10, 10, 10, 10, 10, 10, 10, 10, 10, 10, 10, 10, 10, 10, 10, 10, 10, 10, 5, 10, 10, 10, 10, 10, 10, 10, 12, 10, 10, 10, 10, 10, 10, 10, 10, 10, 14, 10, 10, 13, 10, 10, 10, 10, 10, 10, 10, 10, 10, 10, 10, 10, 10, 
400: 0, 0, 0, 10, 10, 10, 0, 10, 0, 10, 0, 10, 0, 10, 10, 10, 10, 0, 1, 0, 10, 0, 0, 10, 10, 0, 0, 0, 0, 0, 0, 0, 10, 0, 10, 10, 10, 10, 0, 10, 0, 0, 10, 0, 10, 10, 0, 0, 0, 0, 0, 0, 10, 10, 0, 0, 0, 0, 0, 0, 5, 0, 10, 7, 0, 10, 0, 10, 10, 0, 0, 10, 0, 0, 10, 10, 10, 10, 10, 10, 10, 10, 0, 10, 10, 0, 0, 10, 10, 0, 10, 0, 2, 0, 0, 0, 0, 0, 0, 0, 3, 10, 10, 0, 0, 0, 0, 10, 10, 10, 10, 10, 0, 0, 0, 0, 0, 0, 10, 10, : 10, 10, 10, 10, 10, 10, 10, 10, 10, 10, 1, 10, 10, 10, 10, 10, 10, 10, 10, 10, 10, 10, 10, 10, 10, 5, 10, 7, 10, 10, 10, 10, 10, 10, 10, 10, 10, 10, 10, 10, 10, 10, 10, 10, 10, 2, 3, 10, 10, 10, 10, 10, 10, 10, 10, 10, 
78: 10, 10, 10, 0, 10, 0, 0, 10, 0, 10, 10, 10, 10, 10, 0, 10, 10, 10, 10, 0, 10, 10, 10, 0, 10, 10, 10, 10, 10, 0, 10, 0, 10, 0, 0, 10, 10, 0, 10, 10, 0, 0, 0, 0, 10, 10, 0, 0, 10, 10, 10, 10, 0, 10, 10, 0, 0, 10, 10, 10, 0, 10, 0, 10, 10, 0, 10, 10, 10, 10, 0, 0, 0, 10, 10, 0, 10, 0, 0, 10, 0, 0, 10, 10, 10, 10, 0, 0, 0, 10, 0, 10, 10, 0, 0, 0, 10, 1, 10, 7, 10, 0, 0, 10, 10, 10, 10, 10, 0, 10, 13, 0, 0, 10, 0, 10, 0, 0, 14, 0, : 10, 10, 10, 10, 10, 10, 10, 10, 10, 10, 10, 10, 10, 10, 10, 10, 10, 10, 10, 10, 10, 10, 10, 10, 10, 10, 10, 10, 10, 10, 10, 10, 10, 10, 10, 10, 10, 10, 10, 10, 10, 10, 10, 10, 10, 10, 10, 10, 10, 10, 10, 10, 10, 10, 10, 10, 10, 10, 1, 10, 7, 10, 10, 10, 10, 10, 10, 10, 13, 10, 10, 14, 
344: 10, 10, 0, 0, 0, 0, 9, 10, 10, 10, 10, 0, 0, 10, 10, 10, 0, 10, 0, 10, 10, 10, 10, 0, 10, 0, 0, 10, 0, 10, 10, 0, 0, 10, 0, 3, 10, 0, 10, 0, 10, 0, 0, 10, 0, 0, 0, 10, 10, 0, 0, 0, 0, 0, 10, 0, 0, 10, 10, 10, 0, 10, 10, 10, 0, 0, 0, 0, 0, 10, 0, 10, 10, 0, 0, 10, 0, 10, 0, 10, 10, 0, 10, 10, 0, 10, 10, 0, 0, 10, 10, 0, 10, 10, 0, 0, 10, 10, 10, 10, 0, 10, 10, 4, 10, 0, 0, 0, 0, 10, 0, 10, 0, 0, 0, 0, 0, 10, 0, 10, : 10, 10, 9, 10, 10, 10, 10, 10, 10, 10, 10, 10, 10, 10, 10, 10, 10, 10, 10, 10, 3, 10, 10, 10, 10, 10, 10, 10, 10, 10, 10, 10, 10, 10, 10, 10, 10, 10, 10, 10, 10, 10, 10, 10, 10, 10, 10, 10, 10, 10, 10, 10, 10, 10, 10, 4, 10, 10, 10, 10, 10, 
489: 10, 10, 10, 10, 0, 10, 0, 0, 10, 0, 10, 10, 0, 10, 10, 0, 0, 0, 1, 0, 10, 0, 0, 0, 10, 10, 0, 0, 0, 10, 1, 10, 10, 10, 10, 0, 0, 0, 10, 0, 10, 0, 0, 10, 0, 10, 0, 0, 0, 10, 10, 0, 0, 10, 0, 0, 10, 0, 10, 6, 0, 10, 0, 0, 0, 0, 10, 0, 10, 4, 10, 0, 0, 10, 0, 0, 0, 10, 0, 0, 0, 10, 0, 10, 0, 10, 10, 0, 10, 10, 10, 0, 0, 10, 0, 0, 0, 0, 0, 10, 10, 10, 10, 0, 10, 10, 10, 10, 0, 0, 10, 10, 10, 0, 10, 10, 10, 10, 0, 10, : 10, 10, 10, 10, 10, 10, 10, 10, 10, 10, 1, 10, 10, 10, 10, 1, 10, 10, 10, 10, 10, 10, 10, 10, 10, 10, 10, 10, 10, 6, 10, 10, 10, 4, 10, 10, 10, 10, 10, 10, 10, 10, 10, 10, 10, 10, 10, 10, 10, 10, 10, 10, 10, 10, 10, 10, 10, 10, 10, 10, 10, 
384: 10, 10, 0, 10, 10, 10, 10, 10, 10, 1, 0, 10, 10, 0, 10, 0, 0, 0, 0, 10, 10, 10, 10, 10, 0, 0, 0, 10, 10, 13, 10, 0, 10, 0, 10, 0, 10, 0, 10, 0, 10, 10, 0, 10, 0, 10, 0, 0, 0, 0, 10, 0, 0, 10, 0, 10, 10, 10, 0, 10, 10, 10, 10, 0, 0, 10, 0, 10, 10, 0, 0, 10, 10, 10, 0, 0, 0, 10, 10, 0, 0, 10, 0, 10, 0, 10, 0, 3, 10, 0, 10, 10, 10, 0, 0, 0, 0, 10, 10, 10, 0, 10, 2, 10, 13, 10, 0, 10, 10, 9, 10, 10, 10, 10, 0, 10, 10, 10, 10, 0, : 10, 10, 10, 10, 10, 10, 10, 10, 1, 10, 10, 10, 10, 10, 10, 10, 10, 10, 10, 13, 10, 10, 10, 10, 10, 10, 10, 10, 10, 10, 10, 10, 10, 10, 10, 10, 10, 10, 10, 10, 10, 10, 10, 10, 10, 10, 10, 10, 10, 3, 10, 10, 10, 10, 10, 10, 10, 10, 2, 10, 13, 10, 10, 10, 9, 10, 10, 10, 10, 10, 10, 10, 10, 
597: 10, 10, 0, 0, 10, 10, 10, 10, 10, 10, 0, 10, 10, 0, 10, 0, 0, 0, 0, 0, 0, 10, 0, 10, 0, 0, 0, 0, 0, 10, 0, 10, 0, 10, 10, 0, 10, 0, 0, 0, 10, 10, 0, 10, 10, 3, 0, 0, 0, 10, 10, 0, 10, 10, 10, 10, 10, 10, 10, 10, 0, 10, 10, 0, 10, 0, 9, 10, 10, 0, 10, 0, 0, 10, 0, 9, 0, 10, 10, 0, 1, 10, 0, 0, 10, 0, 10, 10, 0, 4, 0, 0, 0, 0, 10, 0, 10, 10, 0, 10, 10, 0, 0, 1, 0, 10, 0, 0, 10, 10, 10, 10, 10, 0, 0, 10, 0, 10, 0, 0, : 10, 10, 10, 10, 10, 10, 10, 10, 10, 10, 10, 10, 10, 10, 10, 10, 10, 10, 10, 10, 10, 10, 3, 10, 10, 10, 10, 10, 10, 10, 10, 10, 10, 10, 10, 10, 9, 10, 10, 10, 10, 9, 10, 10, 1, 10, 10, 10, 10, 4, 10, 10, 10, 10, 10, 1, 10, 10, 10, 10, 10, 10, 10, 10, 
318: 10, 0, 0, 0, 10, 10, 10, 0, 10, 15, 0, 10, 0, 10, 10, 13, 10, 0, 0, 10, 0, 0, 10, 0, 0, 0, 0, 0, 10, 0, 0, 10, 0, 10, 0, 10, 0, 0, 10, 0, 10, 0, 1, 0, 10, 0, 10, 0, 10, 10, 0, 10, 10, 10, 10, 6, 10, 0, 10, 10, 0, 10, 0, 0, 0, 0, 0, 10, 1, 10, 0, 10, 10, 0, 10, 0, 10, 0, 10, 10, 0, 0, 10, 0, 2, 10, 10, 0, 0, 0, 0, 0, 10, 10, 10, 10, 10, 10, 0, 0, 0, 0, 0, 10, 10, 10, 0, 0, 10, 0, 0, 10, 10, 10, 0, 3, 10, 10, 10, 0, : 10, 10, 10, 10, 10, 15, 10, 10, 10, 13, 10, 10, 10, 10, 10, 10, 10, 10, 10, 1, 10, 10, 10, 10, 10, 10, 10, 10, 6, 10, 10, 10, 10, 10, 1, 10, 10, 10, 10, 10, 10, 10, 10, 2, 10, 10, 10, 10, 10, 10, 10, 10, 10, 10, 10, 10, 10, 10, 10, 3, 10, 10, 10, 
479: 10, 0, 10, 0, 10, 1, 10, 0, 0, 1, 10, 10, 10, 0, 10, 0, 10, 10, 0, 10, 10, 10, 15, 10, 10, 10, 0, 0, 0, 10, 10, 0, 0, 10, 0, 1, 0, 10, 10, 10, 0, 0, 10, 10, 10, 10, 0, 0, 10, 0, 10, 10, 1, 0, 0, 7, 3, 10, 10, 10, 10, 0, 10, 10, 0, 0, 0, 10, 10, 0, 4, 10, 10, 10, 10, 10, 0, 0, 10, 10, 10, 10, 10, 0, 0, 10, 11, 0, 10, 10, 0, 10, 10, 10, 10, 0, 0, 0, 10, 10, 10, 10, 0, 0, 10, 10, 0, 10, 10, 10, 0, 10, 10, 0, 0, 0, 10, 0, 0, 10, : 10, 10, 10, 1, 10, 1, 10, 10, 10, 10, 10, 10, 10, 10, 10, 15, 10, 10, 10, 10, 10, 10, 1, 10, 10, 10, 10, 10, 10, 10, 10, 10, 10, 1, 7, 3, 10, 10, 10, 10, 10, 10, 10, 10, 4, 10, 10, 10, 10, 10, 10, 10, 10, 10, 10, 10, 11, 10, 10, 10, 10, 10, 10, 10, 10, 10, 10, 10, 10, 10, 10, 10, 10, 10, 10, 10, 
204: 10, 0, 10, 0, 0, 10, 0, 0, 10, 0, 0, 10, 10, 10, 0, 10, 10, 0, 0, 0, 10, 10, 2, 0, 0, 10, 0, 0, 0, 10, 10, 10, 0, 0, 0, 10, 0, 0, 0, 10, 10, 10, 0, 0, 0, 0, 0, 10, 10, 10, 10, 0, 0, 10, 0, 0, 0, 10, 0, 10, 0, 10, 0, 0, 10, 1, 10, 10, 0, 0, 0, 10, 0, 0, 10, 10, 0, 0, 10, 0, 10, 4, 10, 0, 10, 0, 0, 10, 0, 10, 10, 0, 0, 0, 10, 0, 0, 10, 0, 0, 10, 10, 0, 10, 10, 0, 10, 10, 0, 0, 10, 0, 0, 10, 1, 10, 10, 10, 10, 0, : 10, 10, 10, 10, 10, 10, 10, 10, 10, 10, 10, 2, 10, 10, 10, 10, 10, 10, 10, 10, 10, 10, 10, 10, 10, 10, 10, 10, 10, 1, 10, 10, 10, 10, 10, 10, 10, 4, 10, 10, 10, 10, 10, 10, 10, 10, 10, 10, 10, 10, 10, 10, 10, 1, 10, 10, 10, 10, 
130: 10, 10, 10, 0, 10, 0, 0, 0, 10, 0, 3, 0, 10, 0, 10, 0, 0, 0, 10, 0, 10, 0, 0, 0, 0, 0, 0, 0, 0, 10, 10, 0, 10, 0, 6, 0, 10, 10, 10, 10, 10, 10, 10, 0, 10, 0, 10, 10, 0, 0, 10, 10, 0, 10, 10, 0, 10, 0, 0, 10, 0, 0, 0, 10, 10, 0, 10, 10, 0, 7, 10, 10, 10, 0, 0, 0, 10, 10, 0, 10, 10, 10, 0, 0, 0, 0, 10, 10, 0, 10, 0, 10, 0, 0, 0, 10, 10, 10, 0, 10, 0, 10, 10, 10, 0, 0, 0, 0, 0, 0, 0, 10, 10, 0, 0, 10, 0, 0, 0, 2, : 10, 10, 10, 10, 10, 3, 10, 10, 10, 10, 10, 10, 10, 6, 10, 10, 10, 10, 10, 10, 10, 10, 10, 10, 10, 10, 10, 10, 10, 10, 10, 10, 10, 10, 7, 10, 10, 10, 10, 10, 10, 10, 10, 10, 10, 10, 10, 10, 10, 10, 10, 10, 10, 10, 10, 10, 10, 2, 
453: 0, 10, 10, 10, 0, 0, 10, 0, 10, 0, 0, 2, 0, 0, 0, 10, 0, 0, 0, 2, 0, 0, 0, 10, 10, 10, 0, 0, 0, 10, 10, 0, 0, 0, 10, 0, 10, 0, 10, 0, 0, 10, 10, 0, 0, 0, 10, 0, 10, 10, 0, 0, 10, 0, 0, 10, 10, 10, 0, 0, 10, 10, 10, 0, 10, 10, 10, 10, 0, 10, 0, 10, 0, 10, 0, 10, 10, 0, 0, 10, 0, 10, 0, 0, 10, 10, 10, 0, 10, 0, 0, 0, 0, 10, 10, 0, 0, 10, 6, 10, 0, 10, 10, 10, 10, 10, 10, 0, 0, 10, 0, 0, 10, 0, 10, 0, 10, 10, 10, 10, : 10, 10, 10, 10, 10, 2, 10, 2, 10, 10, 10, 10, 10, 10, 10, 10, 10, 10, 10, 10, 10, 10, 10, 10, 10, 10, 10, 10, 10, 10, 10, 10, 10, 10, 10, 10, 10, 10, 10, 10, 10, 10, 10, 10, 10, 10, 6, 10, 10, 10, 10, 10, 10, 10, 10, 10, 10, 10, 10, 10, 10, 
81: 0, 10, 0, 10, 0, 0, 10, 10, 10, 0, 0, 10, 10, 10, 4, 0, 0, 10, 0, 0, 0, 0, 0, 0, 0, 10, 10, 0, 10, 10, 0, 10, 12, 0, 0, 0, 0, 0, 10, 0, 10, 10, 0, 0, 0, 10, 10, 0, 0, 10, 0, 0, 10, 0, 0, 10, 10, 0, 10, 0, 0, 0, 10, 0, 0, 10, 10, 0, 10, 10, 0, 0, 10, 10, 10, 0, 10, 0, 10, 10, 0, 10, 10, 0, 0, 10, 10, 0, 10, 10, 0, 0, 0, 10, 0, 10, 10, 0, 10, 10, 0, 2, 0, 0, 0, 0, 10, 10, 0, 0, 0, 0, 0, 0, 0, 0, 10, 10, 10, 10, : 10, 10, 10, 10, 10, 10, 10, 10, 4, 10, 10, 10, 10, 10, 10, 12, 10, 10, 10, 10, 10, 10, 10, 10, 10, 10, 10, 10, 10, 10, 10, 10, 10, 10, 10, 10, 10, 10, 10, 10, 10, 10, 10, 10, 10, 10, 10, 10, 2, 10, 10, 10, 10, 10, 10, 
565: 0, 0, 10, 0, 10, 0, 10, 10, 0, 10, 0, 0, 0, 0, 10, 10, 10, 0, 0, 2, 10, 0, 10, 10, 0, 10, 10, 0, 10, 0, 10, 0, 10, 0, 10, 10, 0, 0, 0, 0, 0, 0, 10, 0, 10, 0, 0, 10, 10, 10, 0, 10, 0, 0, 10, 10, 10, 0, 10, 0, 10, 0, 10, 10, 10, 0, 0, 10, 0, 10, 0, 10, 10, 0, 10, 10, 0, 0, 10, 0, 10, 0, 0, 0, 0, 0, 0, 10, 0, 0, 0, 10, 0, 0, 0, 0, 10, 10, 0, 0, 10, 0, 10, 0, 0, 0, 10, 10, 10, 10, 0, 10, 0, 0, 10, 10, 0, 7, 10, 0, : 10, 10, 10, 10, 10, 10, 10, 10, 2, 10, 10, 10, 10, 10, 10, 10, 10, 10, 10, 10, 10, 10, 10, 10, 10, 10, 10, 10, 10, 10, 10, 10, 10, 10, 10, 10, 10, 10, 10, 10, 10, 10, 10, 10, 10, 10, 10, 10, 10, 10, 10, 10, 10, 10, 7, 10, 
224: 0, 0, 10, 10, 0, 0, 0, 0, 0, 10, 0, 0, 10, 0, 0, 0, 10, 0, 10, 0, 10, 0, 10, 10, 10, 0, 10, 0, 0, 0, 10, 0, 0, 0, 0, 0, 0, 0, 0, 0, 0, 0, 0, 0, 10, 10, 0, 10, 10, 10, 0, 10, 0, 10, 0, 0, 0, 0, 10, 10, 10, 0, 0, 0, 0, 10, 10, 10, 10, 10, 10, 0, 0, 10, 0, 0, 10, 10, 0, 10, 10, 0, 0, 0, 0, 0, 0, 10, 0, 0, 1, 10, 10, 10, 10, 10, 10, 0, 10, 0, 0, 5, 10, 0, 0, 3, 0, 10, 0, 0, 10, 10, 0, 0, 0, 10, 10, 0, 10, 10, : 10, 10, 10, 10, 10, 10, 10, 10, 10, 10, 10, 10, 10, 10, 10, 10, 10, 10, 10, 10, 10, 10, 10, 10, 10, 10, 10, 10, 10, 10, 10, 10, 10, 10, 1, 10, 10, 10, 10, 10, 10, 10, 5, 10, 3, 10, 10, 10, 10, 10, 10, 10, 
589: 0, 0, 10, 10, 10, 10, 0, 10, 0, 10, 10, 2, 0, 0, 10, 10, 10, 10, 10, 0, 0, 0, 0, 0, 10, 0, 10, 10, 0, 10, 0, 0, 10, 10, 10, 10, 10, 10, 10, 10, 10, 10, 0, 10, 10, 10, 5, 10, 0, 0, 0, 10, 0, 0, 0, 0, 0, 0, 10, 0, 0, 10, 15, 0, 10, 0, 10, 0, 0, 10, 0, 10, 10, 10, 10, 10, 10, 10, 10, 0, 0, 0, 0, 10, 0, 0, 0, 10, 0, 10, 10, 0, 10, 5, 0, 0, 0, 6, 0, 10, 0, 10, 10, 10, 0, 0, 0, 0, 10, 10, 0, 10, 10, 0, 0, 0, 10, 0, 10, 0, : 10, 10, 10, 10, 10, 10, 10, 2, 10, 10, 10, 10, 10, 10, 10, 10, 10, 10, 10, 10, 10, 10, 10, 10, 10, 10, 10, 10, 10, 10, 5, 10, 10, 10, 10, 15, 10, 10, 10, 10, 10, 10, 10, 10, 10, 10, 10, 10, 10, 10, 10, 10, 5, 6, 10, 10, 10, 10, 10, 10, 10, 10, 10, 10, 
245: 0, 10, 10, 10, 10, 0, 0, 10, 10, 0, 10, 10, 10, 10, 0, 10, 1, 0, 10, 10, 10, 10, 10, 0, 0, 10, 10, 0, 0, 10, 10, 0, 0, 10, 10, 0, 0, 10, 10, 0, 10, 0, 0, 10, 0, 0, 7, 0, 10, 10, 10, 0, 0, 2, 10, 10, 0, 0, 10, 10, 10, 0, 0, 10, 0, 0, 10, 0, 10, 0, 0, 10, 0, 0, 0, 0, 10, 18, 10, 15, 10, 0, 0, 10, 0, 0, 0, 0, 10, 10, 10, 0, 10, 0, 14, 1, 10, 0, 0, 0, 10, 0, 10, 10, 10, 10, 10, 0, 0, 10, 10, 10, 10, 10, 0, 0, 0, 0, 10, 0, : 10, 10, 10, 10, 10, 10, 10, 10, 10, 10, 10, 1, 10, 10, 10, 10, 10, 10, 10, 10, 10, 10, 10, 10, 10, 10, 10, 7, 10, 10, 10, 2, 10, 10, 10, 10, 10, 10, 10, 10, 10, 10, 18, 10, 15, 10, 10, 10, 10, 10, 10, 14, 1, 10, 10, 10, 10, 10, 10, 10, 10, 10, 10, 10, 10, 10, 
211: 0, 0, 0, 10, 0, 10, 0, 0, 10, 0, 0, 2, 0, 0, 10, 0, 0, 0, 10, 10, 10, 0, 10, 10, 10, 10, 0, 6, 0, 0, 0, 0, 0, 0, 10, 10, 10, 0, 10, 0, 0, 10, 1, 0, 10, 0, 10, 0, 0, 0, 10, 0, 0, 10, 0, 0, 0, 10, 0, 0, 10, 0, 10, 1, 0, 10, 0, 10, 0, 0, 0, 0, 0, 10, 0, 0, 0, 10, 10, 0, 0, 0, 10, 10, 10, 10, 10, 10, 10, 0, 0, 0, 10, 0, 10, 10, 0, 0, 0, 10, 0, 0, 10, 0, 0, 10, 0, 10, 10, 10, 10, 0, 0, 0, 10, 10, 0, 10, 0, 0, : 10, 10, 10, 2, 10, 10, 10, 10, 10, 10, 10, 10, 6, 10, 10, 10, 10, 10, 1, 10, 10, 10, 10, 10, 10, 10, 1, 10, 10, 10, 10, 10, 10, 10, 10, 10, 10, 10, 10, 10, 10, 10, 10, 10, 10, 10, 10, 10, 10, 10, 10, 10, 
198: 0, 0, 10, 0, 10, 0, 0, 0, 10, 0, 0, 10, 10, 10, 10, 10, 0, 10, 0, 0, 10, 0, 0, 0, 0, 10, 0, 1, 0, 0, 10, 0, 0, 10, 0, 0, 0, 10, 10, 0, 0, 0, 10, 10, 2, 10, 10, 10, 10, 10, 0, 10, 13, 0, 10, 10, 10, 0, 0, 10, 0, 0, 0, 10, 10, 10, 10, 3, 0, 10, 10, 0, 0, 0, 10, 10, 4, 0, 0, 0, 0, 5, 10, 10, 10, 0, 10, 10, 0, 0, 0, 1, 10, 10, 10, 0, 10, 10, 0, 14, 0, 0, 10, 0, 0, 0, 10, 10, 10, 0, 0, 0, 10, 10, 10, 10, 10, 0, 0, 10, : 10, 10, 10, 10, 10, 10, 10, 10, 10, 10, 10, 1, 10, 10, 10, 10, 10, 10, 2, 10, 10, 10, 10, 10, 10, 13, 10, 10, 10, 10, 10, 10, 10, 10, 3, 10, 10, 10, 10, 4, 5, 10, 10, 10, 10, 10, 1, 10, 10, 10, 10, 10, 14, 10, 10, 10, 10, 10, 10, 10, 10, 10, 10, 
209: 0, 10, 0, 0, 10, 10, 10, 10, 10, 10, 10, 0, 10, 10, 10, 0, 0, 10, 10, 10, 10, 10, 0, 0, 0, 18, 0, 10, 0, 10, 10, 10, 10, 10, 0, 0, 10, 10, 0, 0, 10, 0, 10, 0, 0, 0, 0, 10, 0, 0, 10, 10, 0, 10, 0, 0, 10, 10, 10, 10, 0, 11, 0, 10, 10, 0, 1, 0, 0, 0, 10, 0, 0, 10, 10, 0, 10, 10, 0, 0, 10, 0, 10, 10, 0, 10, 10, 0, 10, 0, 0, 0, 10, 0, 0, 10, 0, 10, 0, 0, 0, 0, 0, 0, 0, 0, 0, 0, 0, 10, 0, 0, 0, 0, 0, 0, 0, 0, 0, 10, : 10, 10, 10, 10, 10, 10, 10, 10, 10, 10, 10, 10, 10, 10, 10, 10, 18, 10, 10, 10, 10, 10, 10, 10, 10, 10, 10, 10, 10, 10, 10, 10, 10, 10, 10, 11, 10, 10, 1, 10, 10, 10, 10, 10, 10, 10, 10, 10, 10, 10, 10, 10, 10, 10, 10, 
161: 10, 10, 10, 10, 0, 10, 10, 0, 0, 0, 0, 0, 10, 0, 0, 10, 0, 10, 0, 10, 10, 0, 10, 10, 10, 0, 0, 0, 0, 10, 0, 10, 0, 10, 0, 0, 10, 0, 0, 0, 0, 0, 0, 10, 10, 0, 10, 0, 10, 0, 10, 0, 10, 0, 0, 10, 0, 10, 10, 10, 10, 0, 10, 10, 0, 0, 0, 10, 10, 10, 10, 1, 10, 10, 10, 0, 10, 10, 10, 0, 0, 0, 12, 10, 10, 0, 0, 10, 0, 10, 10, 10, 10, 10, 0, 2, 10, 0, 0, 0, 0, 10, 0, 10, 0, 0, 10, 0, 10, 0, 0, 0, 0, 0, 0, 10, 10, 10, 10, 10, : 10, 10, 10, 10, 10, 10, 10, 10, 10, 10, 10, 10, 10, 10, 10, 10, 10, 10, 10, 10, 10, 10, 10, 10, 10, 10, 10, 10, 10, 10, 10, 10, 10, 10, 10, 1, 10, 10, 10, 10, 10, 10, 12, 10, 10, 10, 10, 10, 10, 10, 10, 2, 10, 10, 10, 10, 10, 10, 10, 10, 10, 10, 
426: 10, 0, 10, 10, 0, 0, 10, 10, 0, 0, 10, 0, 10, 10, 10, 0, 10, 10, 17, 10, 0, 0, 10, 0, 0, 0, 10, 0, 0, 0, 10, 10, 0, 2, 10, 0, 0, 0, 0, 10, 0, 10, 0, 0, 10, 10, 0, 10, 10, 0, 10, 10, 10, 0, 10, 10, 10, 10, 10, 10, 10, 0, 0, 0, 0, 0, 0, 0, 10, 10, 10, 10, 10, 0, 10, 10, 10, 10, 0, 10, 10, 0, 0, 1, 0, 0, 0, 10, 11, 10, 10, 0, 10, 10, 0, 10, 0, 10, 10, 0, 0, 10, 10, 0, 10, 10, 10, 10, 0, 10, 10, 10, 0, 0, 10, 0, 0, 0, 10, 10, : 10, 10, 10, 10, 10, 10, 10, 10, 10, 10, 10, 17, 10, 10, 10, 10, 10, 2, 10, 10, 10, 10, 10, 10, 10, 10, 10, 10, 10, 10, 10, 10, 10, 10, 10, 10, 10, 10, 10, 10, 10, 10, 10, 10, 10, 10, 1, 10, 11, 10, 10, 10, 10, 10, 10, 10, 10, 10, 10, 10, 10, 10, 10, 10, 10, 10, 10, 10, 
573: 0, 0, 10, 0, 10, 10, 0, 0, 10, 10, 0, 0, 10, 10, 10, 11, 10, 0, 0, 10, 10, 0, 0, 0, 0, 10, 10, 10, 10, 10, 0, 0, 0, 0, 0, 0, 0, 10, 10, 0, 10, 10, 10, 10, 0, 0, 10, 10, 0, 10, 0, 0, 10, 10, 10, 0, 0, 10, 0, 0, 0, 10, 0, 0, 0, 10, 10, 0, 10, 0, 10, 0, 0, 0, 0, 10, 0, 0, 0, 0, 0, 10, 1, 0, 10, 10, 10, 0, 10, 10, 1, 0, 0, 0, 10, 10, 0, 10, 10, 0, 0, 0, 10, 10, 10, 0, 0, 10, 10, 0, 10, 0, 0, 0, 10, 0, 0, 10, 0, 0, : 10, 10, 10, 10, 10, 10, 10, 10, 11, 10, 10, 10, 10, 10, 10, 10, 10, 10, 10, 10, 10, 10, 10, 10, 10, 10, 10, 10, 10, 10, 10, 10, 10, 10, 10, 10, 10, 1, 10, 10, 10, 10, 10, 1, 10, 10, 10, 10, 10, 10, 10, 10, 10, 10, 10, 10, 
411: 10, 0, 0, 10, 0, 10, 0, 0, 0, 0, 0, 0, 10, 0, 0, 0, 0, 0, 10, 10, 10, 10, 10, 0, 10, 10, 10, 0, 10, 10, 1, 10, 10, 0, 0, 10, 0, 0, 0, 10, 10, 0, 10, 10, 10, 0, 0, 0, 0, 0, 0, 10, 0, 0, 0, 10, 0, 10, 10, 10, 0, 10, 10, 10, 10, 0, 10, 10, 0, 10, 0, 0, 10, 0, 0, 0, 0, 10, 0, 0, 10, 0, 10, 10, 10, 10, 10, 10, 10, 0, 0, 0, 0, 0, 10, 10, 0, 10, 10, 10, 0, 10, 10, 0, 0, 10, 10, 0, 10, 0, 10, 10, 0, 10, 10, 0, 0, 0, 10, 0, : 10, 10, 10, 10, 10, 10, 10, 10, 10, 10, 10, 10, 10, 10, 1, 10, 10, 10, 10, 10, 10, 10, 10, 10, 10, 10, 10, 10, 10, 10, 10, 10, 10, 10, 10, 10, 10, 10, 10, 10, 10, 10, 10, 10, 10, 10, 10, 10, 10, 10, 10, 10, 10, 10, 10, 10, 10, 10, 10, 10, 
37: 0, 0, 0, 0, 10, 10, 20, 1, 0, 0, 0, 10, 10, 0, 0, 10, 0, 10, 0, 0, 0, 3, 0, 10, 10, 0, 10, 10, 10, 0, 10, 10, 10, 0, 0, 0, 10, 0, 10, 10, 10, 10, 0, 10, 0, 10, 10, 10, 6, 0, 0, 0, 10, 10, 0, 10, 0, 10, 10, 10, 10, 11, 0, 10, 0, 0, 0, 10, 10, 0, 10, 0, 10, 10, 0, 10, 0, 10, 0, 0, 10, 0, 10, 0, 10, 10, 0, 10, 10, 10, 10, 10, 10, 0, 10, 10, 10, 10, 10, 10, 10, 10, 10, 10, 0, 10, 10, 10, 0, 10, 10, 0, 0, 10, 10, 10, 10, 0, 0, 2, : 10, 10, 20, 1, 10, 10, 10, 10, 3, 10, 10, 10, 10, 10, 10, 10, 10, 10, 10, 10, 10, 10, 10, 10, 10, 10, 6, 10, 10, 10, 10, 10, 10, 10, 11, 10, 10, 10, 10, 10, 10, 10, 10, 10, 10, 10, 10, 10, 10, 10, 10, 10, 10, 10, 10, 10, 10, 10, 10, 10, 10, 10, 10, 10, 10, 10, 10, 10, 10, 10, 10, 10, 2, 
542: 0, 10, 10, 0, 0, 10, 0, 0, 10, 0, 0, 15, 0, 10, 0, 10, 10, 10, 0, 10, 0, 0, 10, 0, 0, 10, 0, 10, 0, 10, 0, 10, 10, 0, 2, 0, 10, 0, 10, 10, 10, 0, 10, 10, 10, 0, 0, 0, 10, 0, 0, 10, 10, 10, 0, 10, 0, 0, 0, 20, 10, 0, 0, 0, 10, 0, 10, 0, 10, 10, 10, 0, 10, 10, 10, 10, 0, 7, 10, 0, 6, 0, 10, 0, 10, 10, 0, 10, 10, 0, 10, 10, 10, 10, 10, 0, 10, 10, 0, 0, 0, 0, 10, 0, 10, 0, 0, 0, 10, 0, 10, 10, 10, 0, 0, 0, 0, 10, 10, 0, : 10, 10, 10, 10, 15, 10, 10, 10, 10, 10, 10, 10, 10, 10, 10, 10, 2, 10, 10, 10, 10, 10, 10, 10, 10, 10, 10, 10, 10, 20, 10, 10, 10, 10, 10, 10, 10, 10, 10, 10, 7, 10, 6, 10, 10, 10, 10, 10, 10, 10, 10, 10, 10, 10, 10, 10, 10, 10, 10, 10, 10, 10, 10, 
86: 10, 10, 0, 10, 0, 0, 0, 0, 0, 10, 10, 10, 10, 10, 0, 0, 17, 10, 0, 1, 0, 0, 0, 0, 0, 0, 0, 10, 10, 10, 10, 10, 0, 10, 10, 0, 0, 10, 10, 10, 10, 10, 10, 10, 0, 10, 12, 0, 10, 10, 10, 10, 10, 10, 0, 0, 10, 0, 10, 10, 10, 10, 0, 0, 1, 0, 0, 0, 10, 0, 10, 10, 0, 10, 0, 10, 0, 10, 0, 10, 0, 0, 10, 0, 0, 10, 1, 10, 0, 0, 10, 10, 0, 0, 3, 10, 0, 0, 10, 10, 10, 10, 0, 0, 10, 0, 0, 10, 10, 0, 0, 0, 10, 10, 10, 0, 0, 0, 10, 10, : 10, 10, 10, 10, 10, 10, 10, 10, 17, 10, 1, 10, 10, 10, 10, 10, 10, 10, 10, 10, 10, 10, 10, 10, 10, 10, 12, 10, 10, 10, 10, 10, 10, 10, 10, 10, 10, 10, 1, 10, 10, 10, 10, 10, 10, 10, 10, 10, 1, 10, 10, 10, 3, 10, 10, 10, 10, 10, 10, 10, 10, 10, 10, 10, 10, 10, 
31: 0, 10, 10, 10, 10, 10, 0, 0, 10, 10, 0, 10, 0, 0, 10, 0, 0, 10, 10, 10, 10, 10, 10, 10, 0, 0, 10, 10, 10, 0, 10, 10, 10, 10, 10, 10, 0, 0, 10, 0, 0, 10, 0, 0, 0, 0, 10, 10, 10, 0, 0, 0, 10, 0, 10, 10, 10, 0, 0, 0, 0, 0, 0, 10, 0, 10, 10, 10, 10, 10, 1, 0, 0, 10, 10, 10, 10, 10, 10, 10, 0, 10, 0, 10, 10, 10, 2, 0, 10, 10, 10, 10, 10, 10, 10, 10, 0, 10, 10, 10, 10, 10, 10, 0, 0, 10, 0, 0, 0, 10, 0, 0, 10, 10, 0, 0, 0, 0, 10, 10, : 10, 10, 10, 10, 10, 10, 10, 10, 10, 10, 10, 10, 10, 10, 10, 10, 10, 10, 10, 10, 10, 10, 10, 10, 10, 10, 10, 10, 10, 10, 10, 10, 10, 10, 10, 10, 10, 10, 10, 10, 1, 10, 10, 10, 10, 10, 10, 10, 10, 10, 10, 10, 2, 10, 10, 10, 10, 10, 10, 10, 10, 10, 10, 10, 10, 10, 10, 10, 10, 10, 10, 10, 10, 
422: 10, 0, 10, 0, 0, 10, 10, 10, 10, 10, 10, 10, 0, 10, 1, 10, 0, 10, 0, 10, 10, 10, 10, 0, 10, 9, 10, 0, 0, 10, 0, 0, 10, 0, 10, 10, 10, 0, 0, 10, 10, 10, 10, 10, 10, 10, 10, 10, 10, 0, 0, 0, 10, 10, 10, 0, 0, 0, 10, 0, 10, 0, 10, 0, 0, 0, 0, 4, 10, 0, 0, 0, 0, 0, 10, 0, 0, 0, 0, 2, 0, 10, 10, 0, 10, 10, 10, 0, 10, 10, 0, 2, 10, 0, 0, 10, 10, 0, 0, 0, 10, 10, 10, 0, 0, 0, 10, 10, 10, 0, 0, 0, 0, 10, 10, 0, 10, 10, 10, 0, : 10, 10, 10, 10, 10, 10, 10, 10, 10, 10, 1, 10, 10, 10, 10, 10, 10, 10, 9, 10, 10, 10, 10, 10, 10, 10, 10, 10, 10, 10, 10, 10, 10, 10, 10, 10, 10, 10, 10, 10, 10, 4, 10, 10, 2, 10, 10, 10, 10, 10, 10, 10, 2, 10, 10, 10, 10, 10, 10, 10, 10, 10, 10, 10, 10, 10, 10, 
379: 10, 10, 0, 10, 10, 0, 10, 10, 0, 0, 0, 10, 10, 10, 0, 0, 0, 10, 10, 0, 10, 10, 0, 0, 0, 0, 10, 10, 10, 0, 10, 0, 0, 5, 0, 0, 0, 10, 10, 0, 0, 0, 0, 10, 0, 10, 10, 10, 0, 0, 10, 10, 18, 0, 0, 0, 10, 10, 0, 10, 10, 10, 10, 0, 0, 0, 0, 10, 0, 0, 10, 10, 0, 0, 0, 0, 10, 0, 5, 10, 0, 10, 0, 0, 10, 0, 0, 0, 0, 0, 10, 0, 0, 0, 0, 10, 0, 0, 10, 10, 0, 0, 0, 10, 0, 10, 0, 0, 10, 0, 10, 10, 10, 0, 10, 0, 10, 10, 0, 10, : 10, 10, 10, 10, 10, 10, 10, 10, 10, 10, 10, 10, 10, 10, 10, 10, 10, 5, 10, 10, 10, 10, 10, 10, 10, 10, 18, 10, 10, 10, 10, 10, 10, 10, 10, 10, 10, 5, 10, 10, 10, 10, 10, 10, 10, 10, 10, 10, 10, 10, 10, 10, 10, 10, 10, 
248: 0, 10, 5, 10, 10, 0, 0, 0, 0, 10, 0, 10, 0, 10, 10, 0, 10, 0, 10, 10, 10, 10, 0, 10, 10, 10, 10, 15, 0, 0, 0, 10, 10, 10, 0, 0, 10, 10, 10, 0, 0, 10, 10, 10, 10, 0, 0, 10, 7, 10, 10, 10, 10, 14, 0, 10, 1, 10, 0, 10, 0, 4, 10, 0, 0, 10, 0, 10, 10, 0, 0, 10, 10, 10, 0, 10, 0, 0, 0, 0, 0, 0, 10, 10, 0, 0, 10, 0, 10, 10, 0, 10, 0, 10, 0, 3, 0, 10, 17, 0, 0, 10, 10, 0, 0, 10, 10, 10, 0, 10, 0, 0, 10, 0, 19, 10, 0, 10, 10, 0, : 10, 5, 10, 10, 10, 10, 10, 10, 10, 10, 10, 10, 10, 10, 10, 10, 10, 15, 10, 10, 10, 10, 10, 10, 10, 10, 10, 10, 10, 7, 10, 10, 10, 10, 14, 10, 1, 10, 10, 4, 10, 10, 10, 10, 10, 10, 10, 10, 10, 10, 10, 10, 10, 10, 10, 3, 10, 17, 10, 10, 10, 10, 10, 10, 10, 19, 10, 10, 10, 
77: 10, 10, 10, 0, 10, 10, 0, 10, 0, 0, 0, 0, 10, 10, 10, 10, 10, 0, 10, 10, 0, 10, 0, 10, 10, 0, 10, 10, 10, 0, 0, 0, 10, 0, 10, 0, 10, 10, 10, 0, 10, 0, 1, 10, 0, 0, 0, 0, 0, 0, 0, 0, 0, 10, 10, 0, 0, 0, 10, 0, 0, 10, 0, 10, 0, 10, 10, 0, 10, 10, 0, 0, 10, 0, 10, 0, 0, 0, 0, 0, 0, 4, 0, 0, 0, 0, 10, 10, 10, 0, 10, 10, 0, 10, 10, 0, 10, 0, 10, 0, 8, 10, 0, 10, 0, 10, 10, 0, 0, 0, 0, 10, 0, 10, 0, 10, 10, 0, 0, 0, : 10, 10, 10, 10, 10, 10, 10, 10, 10, 10, 10, 10, 10, 10, 10, 10, 10, 10, 10, 10, 10, 10, 10, 10, 10, 1, 10, 10, 10, 10, 10, 10, 10, 10, 10, 10, 10, 10, 4, 10, 10, 10, 10, 10, 10, 10, 10, 10, 8, 10, 10, 10, 10, 10, 10, 10, 10, 
293: 0, 0, 10, 10, 0, 10, 10, 10, 10, 0, 0, 0, 0, 0, 0, 10, 0, 0, 10, 10, 10, 0, 10, 10, 10, 0, 0, 10, 0, 10, 0, 10, 10, 10, 10, 10, 0, 0, 0, 0, 3, 10, 10, 10, 10, 0, 0, 10, 0, 0, 20, 10, 10, 10, 0, 10, 10, 0, 0, 10, 10, 10, 0, 10, 10, 10, 10, 0, 10, 10, 0, 0, 0, 0, 1, 0, 10, 0, 1, 0, 0, 10, 10, 10, 0, 10, 0, 10, 0, 1, 0, 10, 10, 10, 10, 1, 0, 0, 10, 0, 10, 0, 10, 10, 10, 0, 0, 0, 0, 10, 0, 0, 0, 10, 0, 10, 0, 0, 0, 0, : 10, 10, 10, 10, 10, 10, 10, 10, 10, 10, 10, 10, 10, 10, 10, 10, 10, 10, 10, 10, 3, 10, 10, 10, 10, 10, 20, 10, 10, 10, 10, 10, 10, 10, 10, 10, 10, 10, 10, 10, 10, 1, 10, 1, 10, 10, 10, 10, 10, 1, 10, 10, 10, 10, 1, 10, 10, 10, 10, 10, 10, 10, 10, 
3: 16, 13, 0, 0, 10, 10, 0, 10, 10, 0, 10, 10, 0, 10, 0, 10, 10, 10, 0, 10, 0, 0, 10, 10, 0, 10, 0, 10, 0, 10, 10, 10, 0, 10, 9, 10, 10, 0, 0, 20, 0, 10, 0, 10, 0, 0, 0, 0, 0, 10, 0, 10, 10, 10, 10, 0, 0, 0, 10, 0, 10, 10, 0, 0, 10, 10, 7, 0, 0, 10, 10, 10, 0, 10, 10, 10, 0, 0, 10, 0, 0, 0, 10, 10, 0, 10, 0, 0, 10, 10, 0, 10, 0, 10, 10, 10, 0, 0, 0, 0, 0, 0, 0, 0, 0, 0, 0, 10, 0, 10, 0, 0, 10, 0, 10, 0, 0, 0, 0, 10, : 16, 13, 10, 10, 10, 10, 10, 10, 10, 10, 10, 10, 10, 10, 10, 10, 10, 10, 10, 10, 10, 9, 10, 10, 20, 10, 10, 10, 10, 10, 10, 10, 10, 10, 10, 10, 10, 7, 10, 10, 10, 10, 10, 10, 10, 10, 10, 10, 10, 10, 10, 10, 10, 10, 10, 10, 10, 10, 10, 
499: 0, 0, 0, 1, 0, 10, 0, 0, 10, 0, 0, 10, 0, 10, 10, 10, 0, 0, 0, 10, 0, 10, 0, 10, 0, 10, 0, 2, 0, 0, 10, 10, 10, 10, 10, 10, 0, 10, 10, 0, 10, 0, 10, 10, 10, 10, 0, 0, 10, 0, 10, 10, 10, 0, 10, 10, 10, 0, 10, 10, 10, 0, 10, 0, 0, 10, 10, 0, 0, 10, 10, 0, 0, 10, 0, 0, 0, 0, 10, 10, 0, 10, 0, 0, 0, 0, 0, 0, 0, 0, 0, 10, 0, 10, 0, 10, 0, 10, 0, 0, 10, 10, 10, 10, 10, 0, 10, 0, 10, 10, 0, 0, 0, 0, 10, 0, 0, 10, 0, 10, : 1, 10, 10, 10, 10, 10, 10, 10, 10, 10, 10, 2, 10, 10, 10, 10, 10, 10, 10, 10, 10, 10, 10, 10, 10, 10, 10, 10, 10, 10, 10, 10, 10, 10, 10, 10, 10, 10, 10, 10, 10, 10, 10, 10, 10, 10, 10, 10, 10, 10, 10, 10, 10, 10, 10, 10, 10, 10, 10, 
272: 10, 10, 0, 10, 0, 0, 10, 0, 10, 2, 0, 0, 10, 0, 0, 10, 10, 10, 10, 0, 0, 0, 10, 10, 10, 10, 10, 0, 0, 0, 10, 0, 0, 10, 10, 0, 10, 10, 10, 0, 10, 10, 0, 10, 10, 1, 0, 0, 0, 0, 0, 0, 10, 10, 0, 10, 0, 0, 0, 2, 0, 0, 10, 0, 0, 10, 0, 12, 0, 10, 10, 0, 0, 0, 0, 0, 10, 0, 0, 10, 10, 0, 0, 10, 0, 0, 0, 10, 0, 0, 0, 10, 10, 10, 10, 10, 0, 0, 0, 0, 10, 0, 0, 10, 10, 0, 0, 10, 10, 0, 10, 0, 0, 0, 0, 10, 10, 0, 10, 10, : 10, 10, 10, 10, 10, 2, 10, 10, 10, 10, 10, 10, 10, 10, 10, 10, 10, 10, 10, 10, 10, 10, 10, 10, 10, 10, 1, 10, 10, 10, 2, 10, 10, 12, 10, 10, 10, 10, 10, 10, 10, 10, 10, 10, 10, 10, 10, 10, 10, 10, 10, 10, 10, 10, 10, 10, 
317: 10, 0, 9, 10, 0, 0, 0, 10, 0, 0, 10, 0, 0, 10, 0, 10, 10, 0, 2, 0, 10, 0, 10, 10, 10, 10, 10, 0, 0, 0, 10, 0, 1, 0, 10, 10, 10, 10, 0, 10, 10, 10, 0, 0, 10, 0, 10, 10, 10, 10, 0, 0, 10, 0, 10, 0, 10, 10, 0, 10, 10, 10, 10, 10, 0, 10, 10, 10, 10, 10, 10, 0, 0, 10, 0, 0, 10, 10, 10, 0, 0, 0, 0, 0, 0, 0, 10, 0, 2, 1, 0, 0, 10, 0, 0, 0, 10, 10, 10, 10, 0, 10, 10, 10, 0, 10, 0, 0, 10, 0, 10, 0, 10, 0, 0, 0, 0, 10, 10, 0, : 10, 9, 10, 10, 10, 10, 10, 10, 2, 10, 10, 10, 10, 10, 10, 10, 1, 10, 10, 10, 10, 10, 10, 10, 10, 10, 10, 10, 10, 10, 10, 10, 10, 10, 10, 10, 10, 10, 10, 10, 10, 10, 10, 10, 10, 10, 10, 10, 10, 2, 1, 10, 10, 10, 10, 10, 10, 10, 10, 10, 10, 10, 10, 10, 10, 
496: 10, 10, 10, 0, 10, 0, 10, 0, 10, 10, 10, 0, 10, 0, 10, 0, 10, 10, 0, 10, 0, 0, 0, 0, 0, 10, 0, 0, 0, 10, 10, 10, 10, 0, 18, 10, 10, 10, 0, 0, 10, 10, 10, 0, 0, 0, 0, 0, 10, 10, 0, 0, 10, 0, 0, 10, 10, 0, 0, 0, 0, 10, 10, 10, 9, 10, 10, 0, 0, 10, 0, 0, 10, 10, 0, 10, 0, 10, 0, 0, 0, 10, 0, 0, 0, 0, 10, 0, 0, 10, 10, 0, 10, 10, 10, 10, 0, 10, 0, 10, 10, 0, 10, 10, 10, 0, 10, 0, 10, 0, 0, 10, 10, 10, 0, 10, 0, 0, 10, 0, : 10, 10, 10, 10, 10, 10, 10, 10, 10, 10, 10, 10, 10, 10, 10, 10, 10, 10, 18, 10, 10, 10, 10, 10, 10, 10, 10, 10, 10, 10, 10, 10, 10, 9, 10, 10, 10, 10, 10, 10, 10, 10, 10, 10, 10, 10, 10, 10, 10, 10, 10, 10, 10, 10, 10, 10, 10, 10, 10, 10, 10, 10, 
68: 0, 0, 10, 0, 0, 0, 20, 0, 10, 10, 10, 10, 0, 0, 0, 0, 0, 10, 0, 0, 0, 10, 10, 0, 10, 0, 10, 0, 10, 10, 10, 10, 10, 10, 0, 10, 0, 0, 10, 0, 10, 10, 10, 0, 0, 0, 10, 0, 10, 0, 0, 0, 10, 0, 10, 0, 0, 0, 10, 0, 0, 0, 0, 10, 10, 10, 0, 0, 10, 10, 10, 10, 10, 0, 0, 0, 10, 10, 10, 10, 0, 0, 0, 0, 0, 10, 10, 10, 0, 0, 10, 0, 10, 10, 10, 0, 10, 0, 10, 10, 10, 10, 0, 0, 0, 0, 10, 10, 0, 10, 10, 0, 0, 10, 10, 10, 0, 0, 10, 0, : 10, 20, 10, 10, 10, 10, 10, 10, 10, 10, 10, 10, 10, 10, 10, 10, 10, 10, 10, 10, 10, 10, 10, 10, 10, 10, 10, 10, 10, 10, 10, 10, 10, 10, 10, 10, 10, 10, 10, 10, 10, 10, 10, 10, 10, 10, 10, 10, 10, 10, 10, 10, 10, 10, 10, 10, 10, 10, 10, 
365: 0, 0, 10, 0, 0, 10, 0, 0, 10, 0, 10, 0, 0, 10, 0, 0, 10, 10, 10, 10, 10, 10, 10, 10, 10, 2, 1, 10, 10, 0, 10, 0, 0, 10, 0, 10, 10, 10, 10, 10, 0, 0, 1, 10, 0, 0, 10, 10, 10, 0, 10, 10, 10, 10, 10, 10, 0, 0, 10, 10, 10, 10, 9, 0, 10, 0, 0, 0, 10, 10, 0, 10, 10, 10, 10, 0, 10, 10, 10, 10, 0, 0, 10, 0, 10, 0, 10, 9, 10, 0, 10, 0, 10, 0, 10, 10, 0, 10, 0, 0, 10, 0, 10, 0, 0, 0, 10, 11, 10, 0, 10, 0, 0, 10, 10, 10, 5, 0, 0, 0, : 10, 10, 10, 10, 10, 10, 10, 10, 10, 10, 10, 10, 10, 10, 2, 1, 10, 10, 10, 10, 10, 10, 10, 10, 10, 1, 10, 10, 10, 10, 10, 10, 10, 10, 10, 10, 10, 10, 10, 10, 9, 10, 10, 10, 10, 10, 10, 10, 10, 10, 10, 10, 10, 10, 10, 9, 10, 10, 10, 10, 10, 10, 10, 10, 10, 11, 10, 10, 10, 10, 10, 5, 
515: 10, 10, 0, 0, 0, 10, 0, 0, 10, 0, 10, 5, 0, 10, 10, 10, 0, 10, 10, 0, 0, 0, 10, 0, 1, 10, 10, 10, 0, 10, 10, 0, 0, 0, 10, 10, 10, 0, 0, 0, 10, 10, 10, 0, 10, 0, 10, 10, 10, 10, 10, 0, 0, 0, 0, 10, 10, 0, 0, 10, 10, 10, 0, 10, 10, 10, 10, 0, 10, 12, 0, 10, 0, 10, 10, 0, 10, 0, 0, 0, 10, 10, 10, 0, 10, 0, 10, 0, 0, 0, 0, 0, 0, 10, 10, 10, 10, 0, 0, 10, 0, 0, 0, 0, 0, 10, 10, 10, 10, 0, 10, 10, 0, 10, 1, 0, 10, 0, 10, 0, : 10, 10, 10, 10, 10, 5, 10, 10, 10, 10, 10, 10, 1, 10, 10, 10, 10, 10, 10, 10, 10, 10, 10, 10, 10, 10, 10, 10, 10, 10, 10, 10, 10, 10, 10, 10, 10, 10, 10, 10, 12, 10, 10, 10, 10, 10, 10, 10, 10, 10, 10, 10, 10, 10, 10, 10, 10, 10, 10, 10, 10, 10, 1, 10, 10, 
259: 0, 10, 10, 0, 10, 10, 10, 10, 10, 10, 0, 10, 0, 10, 10, 0, 10, 10, 10, 10, 10, 0, 0, 10, 0, 10, 0, 10, 10, 0, 0, 0, 0, 0, 10, 10, 0, 10, 10, 0, 0, 1, 0, 0, 10, 10, 10, 0, 0, 4, 0, 0, 10, 0, 10, 0, 10, 10, 0, 0, 0, 0, 10, 10, 0, 0, 10, 10, 10, 0, 10, 10, 0, 10, 10, 0, 0, 10, 10, 0, 10, 10, 10, 10, 1, 0, 0, 0, 0, 10, 10, 10, 0, 0, 0, 0, 0, 10, 0, 10, 0, 10, 17, 10, 0, 10, 10, 0, 0, 0, 0, 0, 10, 0, 10, 0, 0, 10, 0, 0, : 10, 10, 10, 10, 10, 10, 10, 10, 10, 10, 10, 10, 10, 10, 10, 10, 10, 10, 10, 10, 10, 10, 10, 10, 1, 10, 10, 10, 4, 10, 10, 10, 10, 10, 10, 10, 10, 10, 10, 10, 10, 10, 10, 10, 10, 10, 10, 10, 1, 10, 10, 10, 10, 10, 10, 17, 10, 10, 10, 10, 10, 10, 
380: 0, 0, 10, 0, 0, 10, 0, 10, 10, 10, 0, 10, 10, 0, 0, 10, 10, 10, 10, 0, 0, 10, 10, 10, 3, 10, 10, 10, 10, 0, 10, 10, 0, 0, 0, 0, 10, 1, 10, 0, 10, 10, 0, 10, 10, 0, 10, 10, 0, 0, 10, 0, 0, 10, 0, 10, 0, 10, 0, 10, 10, 0, 0, 0, 10, 10, 0, 0, 0, 0, 10, 0, 10, 0, 10, 0, 0, 10, 10, 0, 10, 10, 10, 10, 10, 0, 10, 0, 10, 0, 10, 10, 0, 10, 10, 0, 0, 0, 10, 0, 0, 10, 0, 0, 10, 0, 10, 10, 0, 10, 10, 10, 10, 10, 10, 10, 10, 0, 0, 0, : 10, 10, 10, 10, 10, 10, 10, 10, 10, 10, 10, 10, 10, 10, 3, 10, 10, 10, 10, 10, 10, 10, 1, 10, 10, 10, 10, 10, 10, 10, 10, 10, 10, 10, 10, 10, 10, 10, 10, 10, 10, 10, 10, 10, 10, 10, 10, 10, 10, 10, 10, 10, 10, 10, 10, 10, 10, 10, 10, 10, 10, 10, 10, 10, 10, 10, 10, 
369: 10, 10, 10, 10, 0, 0, 8, 0, 0, 10, 15, 0, 0, 0, 10, 0, 0, 0, 10, 0, 0, 0, 0, 10, 10, 10, 10, 10, 10, 0, 0, 10, 10, 0, 0, 0, 10, 0, 4, 0, 0, 10, 10, 0, 0, 10, 0, 0, 0, 10, 0, 10, 0, 0, 10, 0, 0, 10, 0, 0, 0, 10, 10, 0, 10, 0, 10, 10, 0, 0, 10, 0, 0, 10, 10, 0, 10, 0, 10, 10, 10, 10, 0, 0, 10, 10, 10, 10, 0, 10, 10, 0, 0, 0, 10, 0, 0, 10, 0, 0, 10, 0, 10, 10, 10, 10, 0, 0, 10, 10, 10, 0, 10, 10, 10, 0, 10, 10, 10, 10, : 10, 10, 10, 10, 8, 10, 15, 10, 10, 10, 10, 10, 10, 10, 10, 10, 10, 10, 4, 10, 10, 10, 10, 10, 10, 10, 10, 10, 10, 10, 10, 10, 10, 10, 10, 10, 10, 10, 10, 10, 10, 10, 10, 10, 10, 10, 10, 10, 10, 10, 10, 10, 10, 10, 10, 10, 10, 10, 10, 10, 10, 10, 
586: 10, 10, 0, 0, 13, 10, 10, 10, 0, 10, 0, 10, 10, 0, 0, 0, 10, 10, 10, 10, 10, 0, 0, 0, 10, 10, 10, 0, 10, 0, 0, 10, 10, 10, 10, 0, 1, 10, 0, 0, 0, 0, 10, 10, 0, 3, 10, 10, 0, 10, 10, 0, 10, 10, 10, 10, 10, 0, 10, 10, 10, 10, 10, 0, 0, 0, 0, 10, 0, 0, 0, 10, 0, 10, 10, 10, 0, 0, 0, 10, 0, 10, 10, 0, 0, 10, 10, 10, 10, 10, 0, 0, 10, 10, 0, 0, 0, 0, 0, 0, 7, 0, 10, 0, 10, 0, 0, 0, 10, 0, 0, 0, 0, 10, 10, 0, 10, 0, 10, 0, : 10, 10, 13, 10, 10, 10, 10, 10, 10, 10, 10, 10, 10, 10, 10, 10, 10, 10, 10, 10, 10, 10, 1, 10, 10, 10, 3, 10, 10, 10, 10, 10, 10, 10, 10, 10, 10, 10, 10, 10, 10, 10, 10, 10, 10, 10, 10, 10, 10, 10, 10, 10, 10, 10, 10, 10, 7, 10, 10, 10, 10, 10, 10, 10, 
93: 0, 10, 0, 10, 10, 10, 10, 10, 0, 10, 0, 0, 0, 0, 10, 0, 10, 0, 0, 10, 0, 0, 10, 10, 0, 10, 0, 0, 10, 0, 0, 0, 0, 0, 0, 10, 10, 0, 0, 10, 10, 1, 0, 0, 10, 10, 0, 0, 0, 0, 10, 0, 10, 0, 10, 10, 0, 10, 0, 0, 0, 10, 0, 0, 10, 0, 0, 0, 10, 0, 10, 10, 10, 0, 0, 0, 10, 0, 0, 10, 18, 0, 10, 0, 10, 0, 10, 10, 10, 10, 10, 10, 10, 10, 10, 0, 0, 0, 10, 10, 0, 0, 0, 0, 10, 0, 0, 10, 0, 10, 13, 0, 10, 10, 1, 0, 0, 10, 0, 0, : 10, 10, 10, 10, 10, 10, 10, 10, 10, 10, 10, 10, 10, 10, 10, 10, 10, 10, 1, 10, 10, 10, 10, 10, 10, 10, 10, 10, 10, 10, 10, 10, 10, 10, 18, 10, 10, 10, 10, 10, 10, 10, 10, 10, 10, 10, 10, 10, 10, 10, 10, 13, 10, 10, 1, 10, 
54: 0, 0, 10, 10, 0, 10, 10, 10, 0, 10, 3, 0, 10, 0, 0, 0, 0, 10, 0, 10, 10, 0, 0, 0, 10, 0, 0, 10, 0, 10, 0, 0, 10, 10, 10, 10, 0, 0, 0, 10, 0, 0, 10, 10, 0, 0, 0, 10, 10, 10, 1, 0, 0, 10, 10, 0, 0, 10, 10, 0, 0, 0, 0, 10, 0, 10, 10, 10, 0, 10, 10, 0, 0, 10, 10, 10, 0, 10, 0, 10, 10, 10, 0, 0, 10, 0, 0, 10, 0, 10, 0, 0, 10, 0, 0, 0, 0, 10, 10, 0, 10, 10, 0, 10, 0, 0, 10, 2, 0, 0, 10, 0, 10, 0, 10, 10, 0, 0, 0, 0, : 10, 10, 10, 10, 10, 10, 3, 10, 10, 10, 10, 10, 10, 10, 10, 10, 10, 10, 10, 10, 10, 10, 10, 10, 1, 10, 10, 10, 10, 10, 10, 10, 10, 10, 10, 10, 10, 10, 10, 10, 10, 10, 10, 10, 10, 10, 10, 10, 10, 10, 10, 10, 2, 10, 10, 10, 10, 
505: 10, 10, 0, 0, 0, 0, 0, 10, 10, 10, 0, 11, 10, 0, 10, 0, 0, 10, 0, 10, 6, 0, 0, 10, 0, 0, 0, 0, 10, 0, 0, 10, 10, 10, 0, 10, 0, 0, 0, 0, 0, 10, 0, 0, 0, 0, 0, 0, 10, 0, 10, 0, 0, 0, 10, 0, 0, 0, 10, 0, 10, 10, 0, 0, 10, 10, 0, 0, 10, 10, 0, 0, 10, 10, 10, 0, 10, 0, 10, 10, 10, 10, 10, 0, 0, 0, 10, 10, 10, 10, 10, 0, 10, 0, 10, 10, 10, 0, 10, 0, 10, 10, 10, 10, 10, 10, 0, 0, 0, 10, 10, 10, 10, 0, 0, 3, 0, 10, 10, 10, : 10, 10, 10, 10, 10, 11, 10, 10, 10, 10, 6, 10, 10, 10, 10, 10, 10, 10, 10, 10, 10, 10, 10, 10, 10, 10, 10, 10, 10, 10, 10, 10, 10, 10, 10, 10, 10, 10, 10, 10, 10, 10, 10, 10, 10, 10, 10, 10, 10, 10, 10, 10, 10, 10, 10, 10, 10, 3, 10, 10, 10, 
89: 10, 10, 0, 10, 0, 10, 10, 0, 0, 0, 0, 0, 0, 10, 10, 10, 0, 0, 0, 10, 10, 0, 10, 10, 0, 0, 10, 10, 10, 10, 0, 10, 0, 10, 0, 10, 0, 3, 0, 10, 10, 0, 0, 10, 1, 0, 1, 10, 0, 10, 0, 0, 0, 10, 0, 10, 0, 0, 0, 0, 4, 10, 10, 10, 10, 0, 0, 10, 10, 10, 0, 10, 10, 0, 0, 10, 10, 10, 0, 10, 10, 10, 0, 0, 10, 0, 0, 0, 10, 0, 10, 0, 10, 10, 10, 10, 10, 1, 0, 0, 10, 0, 10, 0, 0, 0, 0, 0, 10, 10, 10, 10, 10, 17, 0, 10, 0, 10, 0, 10, : 10, 10, 10, 10, 10, 10, 10, 10, 10, 10, 10, 10, 10, 10, 10, 10, 10, 10, 10, 3, 10, 10, 10, 1, 1, 10, 10, 10, 10, 4, 10, 10, 10, 10, 10, 10, 10, 10, 10, 10, 10, 10, 10, 10, 10, 10, 10, 10, 10, 10, 10, 10, 10, 1, 10, 10, 10, 10, 10, 10, 10, 17, 10, 10, 10, 
289: 10, 10, 0, 10, 0, 14, 0, 4, 0, 10, 10, 10, 10, 10, 10, 0, 0, 0, 10, 10, 10, 0, 0, 0, 10, 10, 0, 0, 0, 10, 10, 0, 0, 10, 0, 0, 10, 0, 10, 10, 0, 10, 0, 0, 0, 10, 10, 10, 0, 10, 0, 4, 0, 0, 0, 0, 10, 10, 10, 10, 10, 0, 0, 0, 0, 0, 0, 0, 10, 10, 10, 10, 10, 0, 10, 0, 10, 10, 5, 0, 0, 0, 10, 0, 10, 10, 0, 10, 0, 0, 10, 10, 10, 0, 10, 0, 10, 0, 0, 0, 0, 10, 10, 10, 10, 0, 10, 0, 10, 10, 10, 10, 0, 0, 0, 0, 10, 10, 0, 0, : 10, 10, 10, 14, 4, 10, 10, 10, 10, 10, 10, 10, 10, 10, 10, 10, 10, 10, 10, 10, 10, 10, 10, 10, 10, 10, 10, 4, 10, 10, 10, 10, 10, 10, 10, 10, 10, 10, 10, 10, 10, 5, 10, 10, 10, 10, 10, 10, 10, 10, 10, 10, 10, 10, 10, 10, 10, 10, 10, 10, 10, 10, 
92: 10, 0, 0, 10, 0, 10, 0, 10, 10, 0, 10, 10, 10, 0, 0, 10, 0, 10, 10, 10, 0, 10, 0, 10, 0, 10, 0, 0, 10, 10, 5, 10, 0, 10, 0, 10, 1, 0, 0, 0, 10, 0, 10, 0, 10, 0, 10, 10, 10, 10, 0, 0, 0, 10, 3, 0, 10, 10, 4, 0, 0, 10, 10, 10, 10, 0, 0, 10, 10, 10, 0, 10, 0, 0, 10, 10, 0, 0, 0, 10, 0, 10, 10, 0, 0, 10, 0, 0, 10, 0, 10, 10, 10, 0, 0, 10, 10, 10, 10, 0, 10, 0, 10, 0, 0, 10, 10, 0, 10, 0, 10, 10, 10, 0, 0, 10, 10, 10, 0, 0, : 10, 10, 10, 10, 10, 10, 10, 10, 10, 10, 10, 10, 10, 10, 10, 10, 10, 5, 10, 10, 10, 1, 10, 10, 10, 10, 10, 10, 10, 10, 3, 10, 10, 4, 10, 10, 10, 10, 10, 10, 10, 10, 10, 10, 10, 10, 10, 10, 10, 10, 10, 10, 10, 10, 10, 10, 10, 10, 10, 10, 10, 10, 10, 10, 10, 10, 10, 
44: 10, 10, 0, 0, 0, 0, 0, 10, 10, 0, 10, 10, 0, 8, 10, 0, 10, 0, 10, 0, 10, 0, 10, 0, 10, 0, 0, 0, 0, 0, 0, 10, 10, 10, 0, 10, 0, 10, 0, 10, 10, 0, 0, 0, 10, 0, 10, 0, 0, 10, 0, 0, 0, 10, 0, 10, 0, 0, 0, 0, 10, 10, 0, 0, 10, 10, 0, 10, 0, 0, 0, 0, 0, 10, 0, 10, 10, 0, 10, 10, 10, 0, 10, 1, 10, 10, 10, 0, 0, 0, 0, 0, 0, 0, 0, 0, 3, 10, 10, 10, 0, 10, 0, 0, 0, 10, 10, 10, 0, 0, 0, 0, 0, 10, 10, 10, 10, 0, 0, 10, : 10, 10, 10, 10, 10, 10, 8, 10, 10, 10, 10, 10, 10, 10, 10, 10, 10, 10, 10, 10, 10, 10, 10, 10, 10, 10, 10, 10, 10, 10, 10, 10, 10, 10, 10, 10, 10, 1, 10, 10, 10, 3, 10, 10, 10, 10, 10, 10, 10, 10, 10, 10, 10, 10, 
484: 0, 10, 10, 10, 0, 10, 0, 0, 14, 0, 0, 10, 10, 0, 0, 10, 10, 0, 0, 10, 0, 10, 10, 10, 0, 0, 10, 0, 0, 10, 2, 10, 0, 10, 10, 10, 0, 10, 10, 0, 0, 0, 10, 0, 10, 0, 0, 10, 10, 0, 10, 10, 0, 0, 10, 0, 10, 0, 0, 0, 10, 9, 0, 1, 0, 0, 0, 0, 10, 0, 0, 0, 0, 0, 0, 10, 10, 0, 10, 10, 10, 0, 10, 0, 10, 10, 10, 10, 10, 10, 0, 0, 10, 10, 0, 10, 0, 0, 10, 0, 0, 0, 10, 0, 0, 0, 0, 0, 10, 0, 0, 0, 0, 10, 10, 0, 0, 10, 0, 0, : 10, 10, 10, 10, 14, 10, 10, 10, 10, 10, 10, 10, 10, 10, 10, 2, 10, 10, 10, 10, 10, 10, 10, 10, 10, 10, 10, 10, 10, 10, 10, 9, 1, 10, 10, 10, 10, 10, 10, 10, 10, 10, 10, 10, 10, 10, 10, 10, 10, 10, 10, 10, 10, 10, 10, 
69: 0, 10, 0, 10, 10, 0, 0, 10, 0, 0, 10, 10, 0, 10, 0, 0, 0, 0, 10, 10, 10, 10, 10, 10, 10, 10, 0, 10, 0, 0, 10, 10, 0, 10, 0, 10, 0, 0, 10, 10, 0, 0, 0, 10, 0, 2, 10, 10, 10, 10, 0, 10, 0, 10, 0, 0, 10, 12, 10, 10, 0, 0, 10, 10, 10, 0, 10, 0, 0, 10, 0, 10, 10, 0, 0, 10, 10, 10, 0, 0, 0, 10, 0, 10, 10, 10, 0, 0, 0, 0, 10, 10, 0, 10, 10, 0, 11, 0, 0, 10, 0, 0, 10, 10, 0, 0, 10, 10, 10, 10, 10, 10, 0, 15, 10, 10, 0, 0, 0, 10, : 10, 10, 10, 10, 10, 10, 10, 10, 10, 10, 10, 10, 10, 10, 10, 10, 10, 10, 10, 10, 10, 10, 10, 2, 10, 10, 10, 10, 10, 10, 10, 12, 10, 10, 10, 10, 10, 10, 10, 10, 10, 10, 10, 10, 10, 10, 10, 10, 10, 10, 10, 10, 11, 10, 10, 10, 10, 10, 10, 10, 10, 10, 15, 10, 10, 10, 
421: 0, 10, 0, 10, 10, 10, 10, 10, 0, 0, 10, 0, 10, 0, 0, 8, 10, 0, 0, 10, 10, 0, 0, 10, 0, 10, 10, 0, 0, 0, 10, 0, 0, 10, 2, 10, 0, 0, 0, 10, 10, 10, 10, 6, 0, 10, 10, 0, 0, 10, 0, 10, 10, 10, 0, 10, 0, 0, 10, 0, 0, 10, 0, 10, 10, 10, 10, 10, 0, 0, 0, 0, 10, 0, 10, 10, 10, 0, 10, 0, 10, 0, 10, 0, 0, 0, 0, 20, 3, 10, 0, 10, 10, 10, 0, 0, 0, 10, 10, 0, 0, 10, 10, 10, 0, 10, 0, 10, 0, 1, 10, 10, 0, 0, 0, 10, 0, 0, 0, 0, : 10, 10, 10, 10, 10, 10, 10, 10, 8, 10, 10, 10, 10, 10, 10, 10, 10, 2, 10, 10, 10, 10, 10, 6, 10, 10, 10, 10, 10, 10, 10, 10, 10, 10, 10, 10, 10, 10, 10, 10, 10, 10, 10, 10, 10, 20, 3, 10, 10, 10, 10, 10, 10, 10, 10, 10, 10, 10, 1, 10, 10, 10, 
382: 0, 10, 10, 0, 10, 0, 0, 0, 0, 0, 0, 10, 0, 10, 10, 0, 10, 10, 0, 0, 10, 10, 10, 10, 18, 0, 10, 0, 0, 0, 0, 0, 0, 10, 10, 0, 0, 10, 0, 10, 4, 0, 0, 10, 10, 10, 0, 10, 0, 10, 0, 0, 10, 10, 0, 10, 0, 0, 10, 0, 0, 10, 10, 10, 10, 0, 0, 10, 0, 0, 10, 10, 0, 0, 0, 10, 10, 10, 13, 10, 10, 0, 0, 10, 1, 10, 1, 0, 0, 10, 10, 10, 10, 0, 10, 10, 10, 10, 10, 0, 10, 10, 0, 10, 10, 0, 10, 9, 10, 10, 10, 10, 10, 10, 18, 10, 0, 10, 0, 0, : 10, 10, 10, 10, 10, 10, 10, 10, 10, 10, 10, 10, 18, 10, 10, 10, 10, 10, 4, 10, 10, 10, 10, 10, 10, 10, 10, 10, 10, 10, 10, 10, 10, 10, 10, 10, 10, 10, 13, 10, 10, 10, 1, 10, 1, 10, 10, 10, 10, 10, 10, 10, 10, 10, 10, 10, 10, 10, 10, 9, 10, 10, 10, 10, 10, 10, 18, 10, 10, 
455: 10, 0, 0, 0, 10, 0, 10, 0, 0, 10, 10, 0, 10, 10, 10, 10, 0, 10, 0, 0, 0, 0, 10, 10, 10, 10, 10, 0, 10, 10, 10, 0, 0, 0, 10, 0, 0, 10, 0, 0, 0, 10, 10, 10, 10, 10, 0, 0, 0, 0, 0, 0, 10, 10, 0, 10, 10, 0, 0, 0, 0, 10, 20, 10, 10, 0, 10, 0, 0, 0, 0, 0, 10, 10, 10, 10, 0, 1, 0, 0, 0, 0, 0, 10, 10, 10, 10, 10, 10, 1, 0, 10, 10, 10, 10, 0, 0, 0, 10, 10, 0, 0, 10, 0, 0, 10, 10, 10, 10, 10, 10, 10, 10, 10, 10, 10, 10, 0, 0, 10, : 10, 10, 10, 10, 10, 10, 10, 10, 10, 10, 10, 10, 10, 10, 10, 10, 10, 10, 10, 10, 10, 10, 10, 10, 10, 10, 10, 10, 10, 10, 20, 10, 10, 10, 10, 10, 10, 10, 1, 10, 10, 10, 10, 10, 10, 1, 10, 10, 10, 10, 10, 10, 10, 10, 10, 10, 10, 10, 10, 10, 10, 10, 10, 10, 10, 10, 
232: 10, 0, 10, 0, 0, 0, 4, 10, 0, 0, 0, 10, 10, 10, 10, 10, 10, 0, 0, 10, 8, 10, 0, 10, 10, 0, 10, 0, 10, 10, 0, 0, 0, 0, 10, 10, 0, 0, 0, 10, 0, 10, 10, 10, 10, 0, 17, 0, 10, 0, 10, 10, 0, 0, 10, 10, 2, 0, 0, 0, 10, 0, 0, 10, 0, 9, 0, 0, 10, 18, 10, 0, 10, 0, 10, 7, 0, 0, 0, 0, 0, 0, 10, 3, 0, 0, 0, 0, 10, 0, 0, 0, 0, 10, 10, 10, 0, 10, 0, 10, 0, 0, 0, 10, 0, 10, 10, 0, 10, 0, 10, 10, 10, 0, 10, 10, 0, 0, 0, 10, : 10, 10, 4, 10, 10, 10, 10, 10, 10, 10, 10, 8, 10, 10, 10, 10, 10, 10, 10, 10, 10, 10, 10, 10, 10, 17, 10, 10, 10, 10, 10, 2, 10, 10, 9, 10, 18, 10, 10, 10, 7, 10, 3, 10, 10, 10, 10, 10, 10, 10, 10, 10, 10, 10, 10, 10, 10, 10, 10, 
414: 0, 10, 10, 0, 0, 0, 10, 10, 10, 0, 0, 10, 10, 0, 0, 10, 10, 0, 0, 0, 0, 0, 10, 0, 0, 0, 0, 10, 10, 10, 10, 0, 10, 0, 10, 0, 10, 0, 0, 0, 0, 0, 0, 0, 10, 10, 0, 10, 0, 0, 0, 10, 10, 10, 0, 0, 0, 0, 10, 2, 0, 0, 10, 0, 10, 0, 10, 10, 0, 0, 10, 0, 10, 0, 10, 0, 0, 0, 0, 10, 20, 0, 10, 10, 10, 0, 0, 10, 10, 10, 10, 0, 0, 10, 3, 10, 0, 0, 0, 0, 10, 10, 0, 0, 0, 0, 10, 7, 0, 0, 10, 0, 0, 0, 0, 0, 0, 10, 10, 10, : 10, 10, 10, 10, 10, 10, 10, 10, 10, 10, 10, 10, 10, 10, 10, 10, 10, 10, 10, 10, 10, 10, 10, 10, 2, 10, 10, 10, 10, 10, 10, 10, 10, 20, 10, 10, 10, 10, 10, 10, 10, 10, 3, 10, 10, 10, 10, 7, 10, 10, 10, 10, 
266: 10, 10, 10, 10, 10, 10, 0, 0, 0, 10, 0, 0, 0, 0, 0, 0, 0, 0, 10, 10, 10, 10, 3, 10, 0, 10, 0, 0, 10, 10, 0, 0, 6, 10, 10, 0, 10, 0, 10, 10, 10, 10, 10, 0, 10, 10, 0, 0, 10, 3, 10, 0, 10, 10, 10, 0, 0, 10, 10, 0, 0, 10, 0, 0, 10, 10, 10, 0, 0, 0, 10, 0, 0, 10, 10, 0, 10, 10, 0, 0, 10, 0, 10, 10, 10, 0, 0, 0, 0, 10, 10, 10, 10, 10, 0, 0, 10, 10, 0, 0, 0, 0, 10, 10, 10, 10, 0, 10, 0, 10, 10, 0, 0, 10, 0, 0, 10, 0, 0, 0, : 10, 10, 10, 10, 10, 10, 10, 10, 10, 10, 10, 3, 10, 10, 10, 10, 6, 10, 10, 10, 10, 10, 10, 10, 10, 10, 10, 10, 3, 10, 10, 10, 10, 10, 10, 10, 10, 10, 10, 10, 10, 10, 10, 10, 10, 10, 10, 10, 10, 10, 10, 10, 10, 10, 10, 10, 10, 10, 10, 10, 10, 10, 10, 10, 
151: 10, 0, 0, 0, 10, 0, 0, 0, 10, 10, 10, 10, 10, 10, 10, 0, 10, 0, 0, 0, 10, 10, 0, 10, 10, 0, 10, 10, 10, 0, 0, 10, 0, 10, 0, 10, 10, 0, 0, 0, 0, 10, 10, 0, 0, 0, 0, 10, 10, 10, 10, 0, 2, 10, 10, 0, 10, 0, 10, 0, 0, 0, 10, 10, 0, 10, 0, 0, 0, 10, 0, 10, 0, 10, 0, 10, 8, 9, 10, 0, 0, 0, 10, 0, 0, 1, 0, 0, 10, 5, 0, 10, 0, 10, 10, 10, 4, 10, 10, 10, 10, 0, 0, 0, 0, 0, 10, 0, 10, 10, 10, 10, 10, 0, 0, 10, 10, 10, 10, 0, : 10, 10, 10, 10, 10, 10, 10, 10, 10, 10, 10, 10, 10, 10, 10, 10, 10, 10, 10, 10, 10, 10, 10, 10, 10, 10, 10, 2, 10, 10, 10, 10, 10, 10, 10, 10, 10, 10, 10, 8, 9, 10, 10, 1, 10, 5, 10, 10, 10, 10, 4, 10, 10, 10, 10, 10, 10, 10, 10, 10, 10, 10, 10, 10, 10, 
598: 10, 10, 0, 0, 0, 10, 0, 10, 0, 10, 10, 0, 0, 10, 0, 10, 0, 0, 10, 0, 0, 0, 0, 10, 3, 0, 10, 0, 0, 0, 10, 10, 10, 10, 10, 0, 10, 10, 10, 0, 0, 0, 0, 10, 10, 0, 0, 10, 0, 0, 10, 0, 0, 0, 10, 10, 10, 0, 10, 10, 0, 0, 0, 10, 0, 10, 10, 10, 10, 10, 0, 0, 0, 10, 0, 0, 0, 10, 10, 10, 10, 10, 10, 10, 0, 10, 0, 0, 10, 10, 0, 1, 0, 0, 0, 0, 10, 15, 0, 10, 10, 10, 0, 10, 2, 0, 0, 0, 0, 0, 0, 0, 10, 0, 0, 0, 10, 1, 10, 4, : 10, 10, 10, 10, 10, 10, 10, 10, 10, 10, 3, 10, 10, 10, 10, 10, 10, 10, 10, 10, 10, 10, 10, 10, 10, 10, 10, 10, 10, 10, 10, 10, 10, 10, 10, 10, 10, 10, 10, 10, 10, 10, 10, 10, 10, 10, 1, 10, 15, 10, 10, 10, 10, 2, 10, 10, 1, 10, 4, 
423: 10, 0, 10, 10, 10, 0, 10, 10, 10, 0, 10, 0, 10, 0, 10, 0, 10, 10, 5, 0, 0, 10, 10, 0, 0, 0, 0, 10, 0, 10, 10, 0, 10, 0, 0, 0, 10, 10, 10, 0, 6, 0, 0, 0, 0, 10, 0, 0, 10, 10, 0, 0, 10, 0, 0, 10, 10, 0, 0, 10, 0, 10, 0, 0, 0, 10, 0, 0, 10, 0, 0, 0, 10, 0, 10, 10, 10, 10, 0, 0, 0, 10, 0, 10, 0, 10, 10, 10, 0, 10, 10, 2, 10, 10, 0, 10, 0, 0, 0, 0, 10, 10, 10, 10, 10, 0, 1, 10, 10, 10, 0, 10, 10, 0, 0, 10, 10, 10, 0, 10, : 10, 10, 10, 10, 10, 10, 10, 10, 10, 10, 10, 10, 5, 10, 10, 10, 10, 10, 10, 10, 10, 10, 6, 10, 10, 10, 10, 10, 10, 10, 10, 10, 10, 10, 10, 10, 10, 10, 10, 10, 10, 10, 10, 10, 10, 2, 10, 10, 10, 10, 10, 10, 10, 10, 1, 10, 10, 10, 10, 10, 10, 10, 10, 10, 
327: 10, 10, 0, 10, 10, 0, 10, 10, 10, 10, 10, 0, 10, 10, 0, 0, 10, 0, 0, 0, 10, 20, 0, 0, 10, 0, 10, 10, 10, 0, 10, 0, 10, 0, 10, 10, 10, 10, 0, 0, 10, 10, 10, 10, 0, 10, 10, 0, 10, 10, 0, 10, 10, 10, 0, 0, 10, 0, 10, 0, 10, 0, 0, 10, 0, 4, 10, 0, 10, 10, 0, 0, 10, 0, 10, 0, 0, 10, 10, 10, 10, 10, 1, 3, 0, 10, 10, 10, 0, 10, 10, 10, 0, 0, 0, 0, 10, 10, 3, 10, 10, 10, 0, 10, 10, 10, 10, 10, 0, 10, 0, 0, 0, 0, 10, 0, 0, 4, 0, 0, : 10, 10, 10, 10, 10, 10, 10, 10, 10, 10, 10, 10, 10, 20, 10, 10, 10, 10, 10, 10, 10, 10, 10, 10, 10, 10, 10, 10, 10, 10, 10, 10, 10, 10, 10, 10, 10, 10, 10, 4, 10, 10, 10, 10, 10, 10, 10, 10, 10, 10, 1, 3, 10, 10, 10, 10, 10, 10, 10, 10, 3, 10, 10, 10, 10, 10, 10, 10, 10, 10, 10, 4, 
386: 0, 0, 0, 0, 0, 0, 10, 10, 10, 10, 7, 0, 0, 10, 10, 10, 10, 0, 10, 10, 1, 0, 10, 5, 0, 0, 10, 10, 0, 10, 10, 0, 0, 0, 0, 10, 10, 0, 0, 0, 0, 3, 0, 0, 0, 10, 10, 10, 0, 0, 0, 0, 0, 10, 0, 10, 0, 10, 0, 0, 10, 10, 10, 10, 10, 0, 0, 10, 10, 0, 0, 0, 0, 10, 0, 0, 10, 0, 10, 0, 0, 10, 10, 10, 10, 10, 10, 10, 0, 0, 10, 0, 10, 10, 10, 10, 0, 10, 0, 10, 0, 10, 0, 10, 0, 10, 4, 10, 10, 0, 0, 10, 0, 0, 10, 0, 10, 0, 10, 10, : 10, 10, 10, 10, 7, 10, 10, 10, 10, 10, 10, 1, 10, 5, 10, 10, 10, 10, 10, 10, 3, 10, 10, 10, 10, 10, 10, 10, 10, 10, 10, 10, 10, 10, 10, 10, 10, 10, 10, 10, 10, 10, 10, 10, 10, 10, 10, 10, 10, 10, 10, 10, 10, 10, 4, 10, 10, 10, 10, 10, 10, 10, 
398: 0, 0, 10, 10, 10, 0, 10, 0, 10, 10, 0, 10, 10, 10, 10, 10, 10, 0, 10, 0, 10, 10, 0, 6, 10, 0, 0, 10, 10, 5, 2, 0, 10, 10, 0, 10, 10, 10, 10, 0, 10, 10, 10, 10, 0, 3, 10, 0, 0, 10, 0, 0, 0, 0, 0, 10, 10, 10, 10, 0, 10, 10, 0, 10, 0, 10, 10, 0, 1, 10, 0, 10, 10, 10, 10, 10, 10, 0, 1, 1, 0, 10, 10, 10, 0, 0, 0, 0, 10, 10, 10, 0, 0, 10, 1, 10, 0, 0, 10, 0, 10, 0, 0, 10, 10, 10, 10, 0, 0, 0, 10, 10, 10, 0, 0, 0, 10, 0, 10, 10, : 10, 10, 10, 10, 10, 10, 10, 10, 10, 10, 10, 10, 10, 10, 10, 6, 10, 10, 10, 5, 2, 10, 10, 10, 10, 10, 10, 10, 10, 10, 10, 3, 10, 10, 10, 10, 10, 10, 10, 10, 10, 10, 10, 1, 10, 10, 10, 10, 10, 10, 10, 1, 1, 10, 10, 10, 10, 10, 10, 10, 1, 10, 10, 10, 10, 10, 10, 10, 10, 10, 10, 10, 10, 10, 
549: 0, 10, 0, 0, 10, 10, 10, 10, 10, 0, 10, 10, 10, 10, 0, 0, 0, 0, 0, 0, 0, 0, 0, 10, 0, 0, 10, 0, 2, 10, 0, 10, 10, 10, 10, 10, 10, 0, 10, 10, 0, 0, 0, 0, 2, 10, 0, 6, 0, 0, 0, 0, 0, 10, 0, 10, 0, 0, 0, 0, 10, 0, 0, 10, 0, 0, 0, 10, 0, 0, 10, 10, 10, 10, 0, 0, 10, 0, 0, 10, 0, 10, 1, 0, 10, 10, 10, 10, 0, 10, 10, 10, 0, 0, 10, 0, 0, 10, 0, 10, 10, 10, 10, 0, 0, 10, 10, 0, 10, 0, 0, 10, 10, 10, 10, 10, 0, 10, 10, 10, : 10, 10, 10, 10, 10, 10, 10, 10, 10, 10, 10, 10, 2, 10, 10, 10, 10, 10, 10, 10, 10, 10, 2, 10, 6, 10, 10, 10, 10, 10, 10, 10, 10, 10, 10, 10, 10, 1, 10, 10, 10, 10, 10, 10, 10, 10, 10, 10, 10, 10, 10, 10, 10, 10, 10, 10, 10, 10, 10, 10, 10, 10, 
298: 10, 0, 10, 10, 10, 10, 10, 0, 10, 0, 10, 1, 10, 0, 10, 0, 2, 0, 10, 10, 10, 10, 10, 0, 10, 0, 10, 10, 0, 0, 0, 10, 0, 10, 0, 10, 10, 10, 10, 10, 10, 0, 10, 10, 10, 10, 0, 0, 10, 10, 0, 10, 0, 10, 10, 0, 10, 10, 10, 2, 12, 10, 10, 0, 0, 10, 0, 0, 0, 0, 10, 10, 10, 10, 10, 10, 0, 10, 10, 10, 10, 10, 0, 10, 10, 10, 0, 10, 10, 9, 10, 0, 0, 1, 0, 0, 0, 10, 10, 0, 0, 0, 0, 0, 10, 2, 0, 10, 0, 0, 0, 10, 10, 10, 10, 0, 0, 10, 0, 0, : 10, 10, 10, 10, 10, 10, 10, 10, 1, 10, 10, 2, 10, 10, 10, 10, 10, 10, 10, 10, 10, 10, 10, 10, 10, 10, 10, 10, 10, 10, 10, 10, 10, 10, 10, 10, 10, 10, 10, 10, 2, 12, 10, 10, 10, 10, 10, 10, 10, 10, 10, 10, 10, 10, 10, 10, 10, 10, 10, 10, 10, 9, 10, 1, 10, 10, 10, 2, 10, 10, 10, 10, 10, 10, 
118: 10, 10, 0, 10, 10, 0, 0, 10, 10, 0, 10, 0, 4, 10, 0, 10, 0, 0, 0, 0, 10, 0, 9, 10, 0, 0, 10, 0, 0, 0, 10, 18, 10, 0, 0, 0, 10, 10, 1, 10, 0, 10, 0, 10, 0, 10, 0, 0, 0, 10, 10, 0, 10, 0, 10, 10, 0, 10, 10, 10, 10, 10, 10, 0, 0, 10, 8, 0, 10, 10, 10, 0, 10, 0, 0, 0, 0, 0, 0, 0, 10, 10, 0, 0, 0, 0, 10, 0, 0, 0, 10, 0, 0, 0, 10, 0, 10, 0, 10, 10, 10, 0, 0, 0, 0, 10, 0, 10, 0, 0, 10, 10, 0, 10, 10, 10, 0, 10, 10, 10, : 10, 10, 10, 10, 10, 10, 10, 4, 10, 10, 10, 9, 10, 10, 10, 18, 10, 10, 10, 1, 10, 10, 10, 10, 10, 10, 10, 10, 10, 10, 10, 10, 10, 10, 10, 10, 8, 10, 10, 10, 10, 10, 10, 10, 10, 10, 10, 10, 10, 10, 10, 10, 10, 10, 10, 10, 10, 10, 10, 10, 
87: 10, 10, 0, 0, 0, 0, 10, 10, 0, 0, 10, 0, 0, 17, 10, 10, 10, 10, 10, 0, 0, 0, 0, 10, 0, 10, 10, 0, 10, 0, 0, 10, 0, 0, 0, 0, 0, 10, 10, 10, 10, 0, 0, 10, 10, 10, 10, 10, 10, 18, 0, 10, 0, 0, 0, 0, 0, 0, 10, 0, 10, 0, 0, 0, 10, 10, 0, 10, 3, 0, 0, 0, 10, 0, 10, 0, 0, 0, 0, 0, 13, 10, 0, 10, 0, 0, 10, 0, 0, 0, 10, 0, 0, 10, 10, 17, 0, 10, 0, 10, 10, 0, 0, 10, 10, 0, 10, 12, 10, 0, 0, 10, 10, 0, 0, 10, 0, 10, 0, 10, : 10, 10, 10, 10, 10, 17, 10, 10, 10, 10, 10, 10, 10, 10, 10, 10, 10, 10, 10, 10, 10, 10, 10, 10, 10, 10, 18, 10, 10, 10, 10, 10, 10, 3, 10, 10, 13, 10, 10, 10, 10, 10, 10, 17, 10, 10, 10, 10, 10, 10, 12, 10, 10, 10, 10, 10, 10, 
508: 0, 10, 14, 10, 0, 10, 0, 0, 10, 0, 10, 10, 0, 0, 10, 10, 10, 10, 10, 10, 0, 0, 0, 16, 10, 0, 0, 10, 0, 0, 0, 10, 10, 10, 0, 10, 0, 0, 10, 10, 10, 0, 10, 0, 10, 10, 10, 0, 0, 0, 10, 10, 10, 10, 0, 0, 0, 0, 0, 0, 10, 0, 0, 10, 0, 10, 0, 0, 0, 0, 10, 0, 0, 0, 10, 0, 0, 10, 10, 10, 10, 0, 10, 10, 0, 0, 0, 10, 0, 0, 0, 10, 0, 0, 0, 0, 0, 0, 0, 10, 0, 10, 0, 0, 0, 10, 0, 10, 0, 0, 10, 10, 10, 10, 10, 0, 10, 10, 0, 17, : 10, 14, 10, 10, 10, 10, 10, 10, 10, 10, 10, 10, 10, 16, 10, 10, 10, 10, 10, 10, 10, 10, 10, 10, 10, 10, 10, 10, 10, 10, 10, 10, 10, 10, 10, 10, 10, 10, 10, 10, 10, 10, 10, 10, 10, 10, 10, 10, 10, 10, 10, 10, 10, 10, 10, 17, 
66: 0, 0, 0, 10, 16, 10, 10, 0, 10, 10, 10, 0, 0, 0, 10, 10, 0, 0, 0, 10, 0, 10, 0, 10, 10, 0, 10, 0, 10, 10, 0, 0, 10, 10, 10, 10, 10, 0, 0, 10, 0, 0, 10, 0, 0, 10, 10, 10, 10, 0, 0, 10, 10, 7, 10, 16, 10, 10, 10, 10, 10, 10, 10, 0, 0, 10, 0, 10, 0, 0, 0, 10, 0, 10, 10, 0, 10, 0, 0, 0, 10, 0, 0, 10, 0, 0, 0, 10, 10, 0, 10, 10, 10, 10, 0, 10, 0, 2, 0, 0, 0, 0, 0, 0, 10, 0, 10, 0, 0, 10, 0, 0, 10, 10, 10, 10, 0, 10, 10, 10, : 10, 16, 10, 10, 10, 10, 10, 10, 10, 10, 10, 10, 10, 10, 10, 10, 10, 10, 10, 10, 10, 10, 10, 10, 10, 10, 10, 10, 10, 7, 10, 16, 10, 10, 10, 10, 10, 10, 10, 10, 10, 10, 10, 10, 10, 10, 10, 10, 10, 10, 10, 10, 10, 10, 2, 10, 10, 10, 10, 10, 10, 10, 10, 10, 10, 
478: 0, 0, 10, 20, 0, 10, 0, 0, 10, 0, 10, 0, 0, 0, 0, 10, 1, 10, 10, 10, 10, 10, 0, 10, 10, 10, 0, 0, 0, 0, 10, 10, 0, 10, 10, 10, 0, 10, 10, 10, 0, 0, 10, 0, 0, 10, 0, 0, 0, 0, 10, 10, 10, 0, 10, 0, 17, 10, 0, 10, 10, 0, 0, 10, 0, 10, 0, 0, 10, 0, 10, 10, 0, 0, 0, 10, 0, 0, 0, 10, 10, 10, 10, 0, 0, 10, 0, 10, 10, 10, 10, 0, 10, 10, 0, 10, 10, 0, 10, 10, 0, 10, 10, 10, 10, 0, 10, 0, 0, 0, 0, 0, 10, 0, 0, 0, 10, 10, 10, 0, : 10, 20, 10, 10, 10, 10, 1, 10, 10, 10, 10, 10, 10, 10, 10, 10, 10, 10, 10, 10, 10, 10, 10, 10, 10, 10, 10, 10, 10, 17, 10, 10, 10, 10, 10, 10, 10, 10, 10, 10, 10, 10, 10, 10, 10, 10, 10, 10, 10, 10, 10, 10, 10, 10, 10, 10, 10, 10, 10, 10, 10, 10, 10, 
71: 0, 0, 0, 10, 0, 0, 10, 0, 0, 10, 0, 0, 0, 0, 0, 10, 10, 10, 0, 0, 0, 10, 0, 10, 0, 10, 0, 10, 10, 10, 0, 10, 0, 10, 10, 10, 3, 10, 0, 0, 0, 0, 10, 0, 0, 0, 10, 0, 0, 0, 0, 10, 10, 0, 10, 0, 0, 10, 0, 10, 10, 10, 0, 10, 10, 0, 10, 10, 10, 10, 0, 0, 10, 0, 0, 10, 0, 0, 0, 10, 10, 10, 9, 1, 0, 10, 0, 10, 10, 10, 10, 0, 0, 10, 10, 0, 10, 10, 0, 0, 0, 10, 10, 10, 0, 0, 0, 16, 10, 10, 10, 0, 10, 10, 10, 10, 10, 10, 0, 0, : 10, 10, 10, 10, 10, 10, 10, 10, 10, 10, 10, 10, 10, 10, 10, 10, 3, 10, 10, 10, 10, 10, 10, 10, 10, 10, 10, 10, 10, 10, 10, 10, 10, 10, 10, 10, 10, 10, 9, 1, 10, 10, 10, 10, 10, 10, 10, 10, 10, 10, 10, 10, 16, 10, 10, 10, 10, 10, 10, 10, 10, 10, 
105: 0, 0, 1, 0, 0, 0, 0, 0, 0, 0, 10, 0, 10, 10, 0, 0, 10, 0, 10, 0, 0, 10, 10, 0, 0, 10, 10, 0, 10, 10, 0, 10, 10, 0, 10, 0, 0, 10, 10, 10, 10, 0, 0, 0, 0, 10, 0, 10, 0, 10, 0, 0, 0, 0, 10, 0, 10, 10, 0, 0, 10, 10, 10, 10, 10, 0, 0, 0, 0, 10, 10, 10, 10, 10, 0, 10, 10, 0, 0, 0, 0, 0, 0, 10, 0, 0, 0, 10, 10, 0, 0, 10, 10, 0, 10, 10, 0, 10, 10, 0, 10, 10, 0, 10, 10, 10, 0, 0, 10, 10, 0, 10, 0, 0, 0, 0, 0, 0, 10, 0, : 1, 10, 10, 10, 10, 10, 10, 10, 10, 10, 10, 10, 10, 10, 10, 10, 10, 10, 10, 10, 10, 10, 10, 10, 10, 10, 10, 10, 10, 10, 10, 10, 10, 10, 10, 10, 10, 10, 10, 10, 10, 10, 10, 10, 10, 10, 10, 10, 10, 10, 10, 10, 10, 10, 10, 
481: 10, 10, 0, 0, 1, 0, 0, 0, 0, 0, 0, 17, 0, 10, 10, 10, 0, 5, 0, 0, 10, 0, 0, 10, 0, 0, 10, 0, 10, 0, 0, 10, 10, 10, 10, 0, 10, 10, 0, 0, 10, 10, 10, 0, 0, 10, 0, 10, 0, 0, 10, 10, 0, 0, 10, 10, 10, 10, 0, 10, 10, 0, 10, 10, 10, 10, 0, 15, 10, 0, 0, 10, 10, 0, 1, 10, 0, 10, 10, 10, 0, 0, 10, 10, 10, 10, 0, 0, 0, 3, 0, 10, 0, 0, 10, 10, 0, 0, 0, 10, 15, 10, 0, 0, 10, 10, 0, 0, 0, 0, 0, 1, 0, 10, 10, 0, 0, 0, 0, 10, : 10, 10, 1, 17, 10, 10, 10, 5, 10, 10, 10, 10, 10, 10, 10, 10, 10, 10, 10, 10, 10, 10, 10, 10, 10, 10, 10, 10, 10, 10, 10, 10, 10, 10, 10, 15, 10, 10, 10, 1, 10, 10, 10, 10, 10, 10, 10, 10, 3, 10, 10, 10, 10, 15, 10, 10, 10, 1, 10, 10, 10, 
136: 10, 12, 0, 0, 10, 10, 0, 0, 0, 0, 10, 0, 10, 10, 0, 10, 10, 0, 10, 10, 10, 10, 10, 0, 10, 0, 10, 10, 0, 0, 0, 0, 0, 10, 0, 10, 0, 0, 0, 0, 0, 0, 0, 10, 10, 10, 10, 0, 10, 10, 0, 0, 0, 0, 0, 10, 0, 10, 0, 10, 0, 0, 10, 0, 10, 0, 0, 0, 0, 0, 0, 10, 10, 10, 0, 10, 0, 10, 10, 10, 17, 0, 10, 2, 0, 10, 10, 0, 10, 0, 10, 10, 0, 10, 10, 10, 0, 0, 10, 10, 0, 10, 10, 10, 0, 10, 0, 0, 10, 0, 10, 0, 0, 0, 10, 10, 10, 0, 10, 10, : 10, 12, 10, 10, 10, 10, 10, 10, 10, 10, 10, 10, 10, 10, 10, 10, 10, 10, 10, 10, 10, 10, 10, 10, 10, 10, 10, 10, 10, 10, 10, 10, 10, 10, 10, 10, 10, 17, 10, 2, 10, 10, 10, 10, 10, 10, 10, 10, 10, 10, 10, 10, 10, 10, 10, 10, 10, 10, 10, 10, 10, 
148: 0, 10, 10, 10, 0, 10, 0, 10, 0, 10, 0, 0, 5, 0, 0, 0, 10, 10, 0, 10, 10, 10, 0, 10, 0, 10, 0, 0, 0, 10, 0, 0, 0, 0, 2, 0, 10, 0, 10, 10, 0, 0, 0, 10, 10, 10, 0, 10, 10, 10, 10, 10, 0, 0, 0, 10, 0, 0, 0, 10, 0, 10, 0, 0, 10, 10, 10, 10, 10, 0, 10, 0, 0, 13, 10, 10, 0, 0, 0, 9, 0, 10, 0, 0, 10, 0, 10, 10, 10, 10, 10, 0, 0, 0, 0, 10, 10, 0, 0, 0, 10, 0, 13, 10, 10, 0, 0, 10, 10, 10, 10, 10, 0, 10, 0, 10, 10, 10, 10, 10, : 10, 10, 10, 10, 10, 10, 5, 10, 10, 10, 10, 10, 10, 10, 10, 2, 10, 10, 10, 10, 10, 10, 10, 10, 10, 10, 10, 10, 10, 10, 10, 10, 10, 10, 10, 10, 13, 10, 10, 9, 10, 10, 10, 10, 10, 10, 10, 10, 10, 10, 13, 10, 10, 10, 10, 10, 10, 10, 10, 10, 10, 10, 10, 10, 
321: 10, 0, 0, 0, 0, 0, 0, 10, 10, 0, 10, 10, 10, 0, 0, 0, 0, 10, 10, 0, 10, 10, 0, 0, 10, 10, 0, 10, 10, 0, 10, 10, 10, 0, 0, 0, 10, 0, 0, 5, 10, 10, 10, 0, 0, 2, 0, 0, 10, 10, 0, 10, 0, 10, 10, 10, 0, 0, 0, 10, 0, 10, 0, 0, 0, 0, 0, 10, 0, 0, 10, 10, 0, 0, 10, 10, 10, 0, 10, 10, 0, 4, 0, 10, 10, 0, 0, 0, 1, 10, 0, 10, 0, 0, 0, 0, 10, 0, 0, 10, 0, 0, 0, 10, 10, 8, 10, 0, 10, 0, 0, 0, 0, 16, 0, 10, 0, 10, 10, 0, : 10, 10, 10, 10, 10, 10, 10, 10, 10, 10, 10, 10, 10, 10, 10, 10, 10, 10, 5, 10, 10, 10, 2, 10, 10, 10, 10, 10, 10, 10, 10, 10, 10, 10, 10, 10, 10, 10, 10, 4, 10, 10, 1, 10, 10, 10, 10, 10, 10, 8, 10, 10, 16, 10, 10, 10, 
270: 10, 0, 0, 10, 0, 0, 0, 0, 10, 10, 10, 0, 10, 10, 0, 0, 0, 0, 10, 0, 0, 10, 10, 0, 10, 5, 1, 10, 11, 0, 10, 10, 10, 0, 10, 10, 10, 0, 10, 0, 0, 0, 10, 10, 0, 10, 10, 0, 0, 10, 10, 10, 10, 0, 10, 0, 0, 10, 0, 10, 10, 10, 10, 10, 0, 10, 10, 1, 0, 10, 0, 0, 10, 10, 0, 0, 10, 10, 0, 10, 10, 0, 10, 10, 0, 0, 0, 10, 10, 10, 10, 0, 0, 0, 0, 10, 10, 0, 10, 10, 10, 0, 0, 10, 10, 10, 10, 10, 10, 10, 0, 0, 0, 10, 0, 0, 0, 10, 10, 10, : 10, 10, 10, 10, 10, 10, 10, 10, 10, 10, 10, 5, 1, 10, 11, 10, 10, 10, 10, 10, 10, 10, 10, 10, 10, 10, 10, 10, 10, 10, 10, 10, 10, 10, 10, 10, 10, 10, 10, 1, 10, 10, 10, 10, 10, 10, 10, 10, 10, 10, 10, 10, 10, 10, 10, 10, 10, 10, 10, 10, 10, 10, 10, 10, 10, 10, 10, 10, 10, 
540: 0, 10, 10, 10, 10, 0, 0, 0, 1, 10, 10, 10, 0, 10, 10, 4, 10, 10, 10, 10, 0, 0, 0, 6, 0, 10, 10, 10, 0, 0, 0, 0, 0, 0, 0, 0, 0, 10, 10, 10, 0, 10, 0, 0, 0, 0, 10, 10, 10, 10, 0, 0, 0, 0, 0, 10, 10, 0, 0, 0, 0, 0, 0, 0, 10, 0, 10, 10, 0, 0, 0, 0, 0, 0, 0, 0, 0, 10, 10, 10, 0, 10, 0, 10, 10, 10, 10, 10, 0, 0, 0, 0, 0, 10, 10, 0, 10, 0, 10, 0, 17, 6, 10, 0, 0, 10, 10, 10, 10, 0, 10, 0, 10, 0, 0, 10, 10, 0, 10, 0, : 10, 10, 10, 10, 1, 10, 10, 10, 10, 10, 4, 10, 10, 10, 10, 6, 10, 10, 10, 10, 10, 10, 10, 10, 10, 10, 10, 10, 10, 10, 10, 10, 10, 10, 10, 10, 10, 10, 10, 10, 10, 10, 10, 10, 10, 17, 6, 10, 10, 10, 10, 10, 10, 10, 10, 10, 10, 
292: 10, 0, 10, 0, 10, 5, 0, 0, 10, 10, 0, 10, 0, 10, 10, 10, 0, 0, 10, 0, 10, 1, 10, 0, 0, 0, 10, 10, 10, 0, 10, 0, 10, 10, 0, 0, 0, 10, 10, 0, 0, 0, 10, 4, 0, 0, 10, 10, 10, 0, 10, 10, 0, 10, 10, 0, 10, 0, 0, 0, 7, 10, 10, 6, 0, 11, 0, 0, 10, 10, 0, 10, 1, 0, 0, 0, 10, 10, 10, 0, 10, 10, 10, 0, 1, 0, 1, 0, 18, 0, 13, 10, 0, 10, 10, 0, 10, 0, 10, 0, 0, 10, 0, 10, 0, 10, 0, 10, 0, 10, 0, 0, 0, 10, 10, 10, 0, 10, 0, 0, : 10, 10, 10, 5, 10, 10, 10, 10, 10, 10, 10, 10, 1, 10, 10, 10, 10, 10, 10, 10, 10, 10, 10, 4, 10, 10, 10, 10, 10, 10, 10, 10, 7, 10, 10, 6, 11, 10, 10, 10, 1, 10, 10, 10, 10, 10, 10, 1, 1, 18, 13, 10, 10, 10, 10, 10, 10, 10, 10, 10, 10, 10, 10, 10, 10, 
468: 0, 10, 0, 10, 10, 10, 10, 10, 0, 10, 10, 0, 0, 0, 0, 0, 0, 10, 0, 10, 0, 2, 0, 1, 0, 10, 10, 10, 10, 0, 0, 10, 10, 10, 10, 0, 0, 10, 0, 10, 0, 0, 0, 0, 10, 10, 13, 10, 2, 0, 0, 0, 10, 0, 10, 0, 0, 10, 10, 10, 0, 0, 10, 10, 10, 10, 10, 10, 10, 10, 10, 4, 0, 0, 10, 10, 0, 0, 0, 0, 0, 10, 10, 0, 0, 10, 1, 0, 0, 10, 10, 10, 3, 0, 10, 0, 0, 0, 0, 0, 10, 10, 0, 0, 10, 10, 10, 0, 0, 0, 10, 10, 0, 10, 20, 0, 10, 0, 10, 10, : 10, 10, 10, 10, 10, 10, 10, 10, 10, 10, 2, 1, 10, 10, 10, 10, 10, 10, 10, 10, 10, 10, 10, 10, 13, 10, 2, 10, 10, 10, 10, 10, 10, 10, 10, 10, 10, 10, 10, 10, 10, 4, 10, 10, 10, 10, 10, 1, 10, 10, 10, 3, 10, 10, 10, 10, 10, 10, 10, 10, 10, 20, 10, 10, 10, 
376: 0, 10, 10, 0, 0, 1, 0, 10, 10, 0, 10, 0, 10, 10, 10, 0, 0, 0, 10, 10, 0, 10, 10, 10, 0, 0, 10, 0, 0, 0, 10, 0, 10, 0, 10, 10, 10, 10, 10, 0, 0, 10, 10, 10, 10, 1, 0, 10, 0, 0, 0, 0, 0, 0, 10, 0, 0, 0, 10, 10, 0, 10, 0, 0, 10, 0, 0, 0, 0, 0, 10, 0, 0, 10, 10, 10, 0, 10, 0, 10, 10, 9, 0, 10, 10, 10, 10, 0, 0, 0, 0, 10, 10, 0, 0, 0, 10, 0, 10, 10, 10, 0, 10, 10, 10, 2, 10, 0, 0, 0, 0, 10, 0, 10, 0, 10, 10, 0, 10, 10, : 10, 10, 1, 10, 10, 10, 10, 10, 10, 10, 10, 10, 10, 10, 10, 10, 10, 10, 10, 10, 10, 10, 10, 10, 10, 10, 1, 10, 10, 10, 10, 10, 10, 10, 10, 10, 10, 10, 10, 10, 9, 10, 10, 10, 10, 10, 10, 10, 10, 10, 10, 10, 10, 10, 2, 10, 10, 10, 10, 10, 10, 10, 
261: 10, 0, 0, 0, 0, 0, 0, 0, 0, 0, 0, 10, 10, 0, 10, 10, 0, 0, 0, 0, 0, 10, 1, 10, 0, 0, 0, 0, 10, 0, 4, 0, 10, 10, 10, 10, 10, 10, 0, 10, 0, 10, 0, 10, 10, 0, 0, 10, 0, 0, 10, 10, 0, 10, 10, 0, 10, 10, 10, 10, 10, 10, 0, 10, 0, 20, 10, 0, 0, 10, 10, 0, 10, 10, 10, 0, 10, 10, 10, 0, 10, 0, 10, 10, 0, 10, 0, 10, 10, 0, 0, 0, 10, 0, 0, 0, 0, 10, 0, 10, 0, 10, 0, 0, 0, 0, 10, 10, 10, 11, 0, 10, 10, 0, 10, 0, 0, 10, 0, 10, : 10, 10, 10, 10, 10, 10, 1, 10, 10, 4, 10, 10, 10, 10, 10, 10, 10, 10, 10, 10, 10, 10, 10, 10, 10, 10, 10, 10, 10, 10, 10, 10, 20, 10, 10, 10, 10, 10, 10, 10, 10, 10, 10, 10, 10, 10, 10, 10, 10, 10, 10, 10, 10, 10, 10, 11, 10, 10, 10, 10, 10, 
191: 0, 10, 10, 10, 0, 10, 10, 10, 0, 10, 0, 0, 0, 0, 10, 0, 0, 0, 10, 0, 10, 10, 10, 0, 10, 0, 10, 10, 2, 10, 10, 0, 0, 10, 10, 10, 0, 10, 0, 0, 0, 10, 10, 0, 10, 10, 10, 0, 10, 0, 10, 20, 10, 0, 10, 0, 0, 0, 0, 0, 0, 10, 10, 10, 10, 10, 10, 10, 0, 10, 0, 10, 10, 10, 10, 0, 0, 10, 0, 10, 0, 10, 0, 0, 0, 10, 0, 10, 0, 10, 0, 10, 0, 10, 0, 0, 0, 10, 0, 0, 10, 0, 10, 10, 0, 10, 0, 10, 10, 10, 0, 0, 0, 10, 0, 10, 0, 0, 0, 0, : 10, 10, 10, 10, 10, 10, 10, 10, 10, 10, 10, 10, 10, 10, 10, 2, 10, 10, 10, 10, 10, 10, 10, 10, 10, 10, 10, 10, 10, 20, 10, 10, 10, 10, 10, 10, 10, 10, 10, 10, 10, 10, 10, 10, 10, 10, 10, 10, 10, 10, 10, 10, 10, 10, 10, 10, 10, 10, 10, 10, 10, 10, 
88: 0, 0, 0, 10, 10, 0, 0, 0, 0, 10, 10, 0, 0, 0, 10, 10, 10, 10, 0, 10, 0, 0, 0, 10, 10, 0, 10, 10, 0, 10, 0, 10, 0, 0, 10, 0, 10, 10, 0, 10, 10, 0, 0, 10, 10, 10, 0, 0, 0, 0, 10, 10, 0, 0, 0, 10, 10, 0, 0, 0, 0, 0, 0, 10, 10, 10, 0, 0, 10, 0, 0, 10, 1, 0, 10, 0, 10, 10, 10, 10, 0, 10, 10, 10, 0, 10, 10, 0, 10, 0, 0, 0, 10, 1, 10, 0, 0, 10, 0, 0, 10, 2, 0, 0, 10, 0, 0, 0, 0, 10, 10, 10, 10, 10, 0, 0, 0, 10, 10, 0, : 10, 10, 10, 10, 10, 10, 10, 10, 10, 10, 10, 10, 10, 10, 10, 10, 10, 10, 10, 10, 10, 10, 10, 10, 10, 10, 10, 10, 10, 10, 10, 10, 1, 10, 10, 10, 10, 10, 10, 10, 10, 10, 10, 10, 10, 1, 10, 10, 10, 2, 10, 10, 10, 10, 10, 10, 10, 10, 
296: 0, 0, 4, 0, 2, 0, 10, 0, 0, 0, 10, 10, 0, 0, 0, 0, 0, 10, 0, 10, 0, 0, 10, 0, 0, 10, 0, 0, 10, 0, 0, 0, 0, 10, 10, 10, 10, 10, 10, 10, 0, 0, 0, 10, 10, 0, 10, 3, 0, 0, 10, 0, 0, 10, 0, 0, 10, 0, 10, 10, 10, 0, 10, 0, 10, 10, 10, 10, 0, 10, 0, 10, 0, 0, 0, 0, 0, 10, 0, 2, 0, 10, 0, 10, 10, 0, 0, 0, 10, 0, 0, 0, 10, 0, 10, 0, 0, 0, 0, 10, 10, 0, 10, 0, 0, 0, 0, 0, 0, 10, 0, 0, 10, 10, 10, 0, 10, 0, 10, 10, : 4, 2, 10, 10, 10, 10, 10, 10, 10, 10, 10, 10, 10, 10, 10, 10, 10, 10, 10, 10, 3, 10, 10, 10, 10, 10, 10, 10, 10, 10, 10, 10, 10, 10, 10, 2, 10, 10, 10, 10, 10, 10, 10, 10, 10, 10, 10, 10, 10, 10, 10, 10, 
355: 0, 10, 0, 14, 0, 0, 0, 10, 10, 0, 0, 0, 0, 10, 0, 10, 10, 10, 0, 10, 0, 0, 0, 0, 0, 10, 0, 10, 0, 0, 0, 10, 0, 10, 10, 0, 0, 10, 10, 10, 0, 10, 0, 0, 0, 0, 10, 0, 10, 0, 10, 10, 0, 0, 10, 10, 10, 0, 10, 0, 0, 0, 0, 0, 10, 0, 0, 0, 0, 10, 10, 10, 0, 10, 10, 0, 0, 0, 10, 0, 10, 10, 0, 0, 10, 0, 0, 10, 10, 10, 0, 0, 0, 0, 10, 10, 10, 10, 10, 10, 0, 0, 0, 10, 10, 0, 0, 0, 0, 10, 10, 0, 10, 0, 10, 10, 10, 10, 10, 10, : 10, 14, 10, 10, 10, 10, 10, 10, 10, 10, 10, 10, 10, 10, 10, 10, 10, 10, 10, 10, 10, 10, 10, 10, 10, 10, 10, 10, 10, 10, 10, 10, 10, 10, 10, 10, 10, 10, 10, 10, 10, 10, 10, 10, 10, 10, 10, 10, 10, 10, 10, 10, 10, 10, 10, 10, 
247: 10, 0, 10, 10, 10, 0, 10, 10, 0, 0, 10, 10, 0, 0, 0, 2, 0, 10, 0, 10, 0, 0, 10, 0, 0, 0, 0, 10, 10, 10, 10, 0, 10, 10, 10, 0, 10, 10, 0, 10, 0, 10, 10, 0, 0, 10, 10, 10, 10, 10, 10, 10, 1, 0, 0, 0, 0, 10, 10, 10, 0, 0, 0, 10, 10, 0, 0, 0, 10, 10, 0, 0, 10, 10, 10, 0, 0, 10, 0, 10, 0, 0, 10, 0, 0, 10, 10, 10, 0, 10, 0, 10, 10, 0, 0, 10, 10, 10, 0, 14, 0, 0, 10, 0, 0, 10, 10, 10, 0, 0, 10, 10, 10, 0, 0, 0, 10, 0, 10, 10, : 10, 10, 10, 10, 10, 10, 10, 10, 2, 10, 10, 10, 10, 10, 10, 10, 10, 10, 10, 10, 10, 10, 10, 10, 10, 10, 10, 10, 10, 10, 10, 1, 10, 10, 10, 10, 10, 10, 10, 10, 10, 10, 10, 10, 10, 10, 10, 10, 10, 10, 10, 10, 10, 10, 14, 10, 10, 10, 10, 10, 10, 10, 10, 10, 10, 
262: 10, 10, 10, 0, 0, 10, 17, 10, 10, 10, 10, 0, 15, 10, 10, 0, 10, 10, 0, 0, 10, 10, 0, 10, 0, 10, 1, 10, 0, 10, 0, 10, 0, 0, 10, 0, 10, 0, 0, 10, 0, 10, 10, 0, 0, 10, 0, 10, 0, 10, 10, 0, 10, 0, 0, 10, 10, 10, 0, 0, 0, 10, 0, 0, 0, 10, 10, 0, 0, 10, 10, 0, 10, 1, 10, 10, 0, 0, 10, 0, 0, 10, 10, 0, 0, 0, 10, 0, 10, 0, 10, 0, 10, 0, 10, 1, 10, 0, 10, 10, 10, 10, 10, 0, 0, 0, 0, 10, 10, 0, 0, 0, 10, 0, 10, 8, 10, 10, 0, 10, : 10, 10, 10, 10, 17, 10, 10, 10, 10, 15, 10, 10, 10, 10, 10, 10, 10, 10, 1, 10, 10, 10, 10, 10, 10, 10, 10, 10, 10, 10, 10, 10, 10, 10, 10, 10, 10, 10, 10, 10, 10, 1, 10, 10, 10, 10, 10, 10, 10, 10, 10, 10, 1, 10, 10, 10, 10, 10, 10, 10, 10, 10, 10, 8, 10, 10, 10, 
346: 10, 0, 2, 0, 0, 10, 10, 0, 0, 10, 0, 0, 0, 0, 10, 10, 4, 10, 10, 0, 10, 10, 0, 0, 10, 2, 10, 10, 10, 0, 10, 0, 10, 0, 10, 0, 10, 0, 10, 0, 10, 0, 0, 10, 0, 0, 0, 10, 10, 10, 0, 10, 0, 10, 10, 10, 10, 10, 0, 0, 10, 10, 0, 10, 10, 10, 0, 10, 0, 0, 1, 10, 0, 10, 10, 0, 10, 10, 10, 10, 10, 0, 0, 10, 0, 0, 10, 0, 0, 10, 10, 0, 10, 0, 3, 10, 10, 10, 0, 0, 10, 0, 1, 10, 10, 10, 0, 10, 10, 10, 5, 0, 0, 0, 0, 10, 10, 0, 0, 10, : 10, 2, 10, 10, 10, 10, 10, 4, 10, 10, 10, 10, 10, 2, 10, 10, 10, 10, 10, 10, 10, 10, 10, 10, 10, 10, 10, 10, 10, 10, 10, 10, 10, 10, 10, 10, 10, 10, 10, 1, 10, 10, 10, 10, 10, 10, 10, 10, 10, 10, 10, 10, 10, 3, 10, 10, 10, 10, 1, 10, 10, 10, 10, 10, 10, 5, 10, 10, 10, 
277: 0, 0, 0, 0, 10, 10, 10, 0, 0, 0, 0, 0, 10, 0, 0, 10, 10, 10, 0, 10, 10, 10, 0, 10, 10, 10, 0, 10, 10, 10, 10, 7, 10, 8, 0, 10, 0, 0, 10, 0, 0, 10, 10, 0, 0, 10, 0, 0, 10, 0, 0, 10, 0, 0, 0, 5, 0, 10, 10, 10, 10, 0, 0, 0, 10, 0, 0, 0, 0, 0, 0, 0, 0, 11, 0, 0, 10, 0, 10, 0, 10, 10, 1, 10, 0, 10, 10, 0, 0, 0, 0, 0, 10, 10, 0, 0, 10, 0, 10, 10, 1, 10, 0, 10, 10, 10, 0, 0, 10, 10, 10, 0, 0, 10, 10, 10, 0, 10, 10, 0, : 10, 10, 10, 10, 10, 10, 10, 10, 10, 10, 10, 10, 10, 10, 10, 10, 10, 7, 10, 8, 10, 10, 10, 10, 10, 10, 10, 5, 10, 10, 10, 10, 10, 11, 10, 10, 10, 10, 1, 10, 10, 10, 10, 10, 10, 10, 10, 1, 10, 10, 10, 10, 10, 10, 10, 10, 10, 10, 10, 10, 
462: 10, 10, 10, 10, 10, 10, 0, 0, 10, 0, 0, 10, 0, 0, 10, 10, 10, 0, 0, 0, 0, 10, 0, 10, 0, 10, 10, 10, 0, 0, 0, 10, 0, 0, 0, 0, 10, 10, 10, 0, 0, 10, 10, 10, 0, 0, 10, 10, 10, 0, 10, 10, 10, 0, 10, 10, 0, 10, 0, 10, 0, 0, 0, 10, 0, 10, 10, 0, 10, 0, 0, 10, 10, 0, 0, 10, 10, 0, 0, 0, 10, 0, 10, 10, 10, 0, 0, 10, 10, 10, 0, 10, 0, 0, 10, 0, 0, 0, 10, 0, 0, 0, 0, 10, 10, 10, 0, 0, 0, 10, 0, 0, 10, 0, 0, 10, 0, 0, 0, 10, : 10, 10, 10, 10, 10, 10, 10, 10, 10, 10, 10, 10, 10, 10, 10, 10, 10, 10, 10, 10, 10, 10, 10, 10, 10, 10, 10, 10, 10, 10, 10, 10, 10, 10, 10, 10, 10, 10, 10, 10, 10, 10, 10, 10, 10, 10, 10, 10, 10, 10, 10, 10, 10, 10, 10, 10, 10, 10, 
555: 0, 10, 10, 10, 3, 0, 0, 10, 0, 0, 0, 0, 10, 0, 0, 0, 0, 0, 0, 10, 0, 10, 10, 0, 10, 0, 10, 10, 10, 10, 10, 10, 10, 0, 10, 0, 10, 10, 10, 0, 10, 10, 10, 10, 10, 10, 10, 10, 0, 10, 0, 10, 0, 10, 10, 0, 0, 10, 10, 0, 10, 0, 0, 10, 0, 10, 10, 10, 10, 0, 10, 10, 0, 0, 0, 10, 10, 0, 10, 10, 10, 0, 10, 10, 10, 0, 10, 0, 0, 0, 0, 10, 0, 0, 0, 10, 10, 10, 0, 0, 10, 0, 10, 10, 10, 10, 0, 0, 10, 0, 0, 10, 10, 0, 10, 0, 10, 0, 0, 10, : 10, 10, 10, 3, 10, 10, 10, 10, 10, 10, 10, 10, 10, 10, 10, 10, 10, 10, 10, 10, 10, 10, 10, 10, 10, 10, 10, 10, 10, 10, 10, 10, 10, 10, 10, 10, 10, 10, 10, 10, 10, 10, 10, 10, 10, 10, 10, 10, 10, 10, 10, 10, 10, 10, 10, 10, 10, 10, 10, 10, 10, 10, 10, 10, 10, 10, 10, 
537: 0, 0, 0, 0, 0, 13, 0, 10, 10, 10, 0, 0, 0, 0, 0, 0, 0, 10, 10, 10, 10, 0, 10, 10, 10, 10, 2, 10, 10, 10, 10, 10, 10, 0, 0, 10, 0, 10, 10, 10, 0, 0, 0, 0, 0, 0, 0, 10, 1, 10, 10, 0, 10, 10, 10, 10, 10, 10, 0, 10, 10, 0, 10, 0, 10, 0, 10, 10, 10, 10, 10, 0, 0, 10, 10, 0, 0, 10, 10, 10, 0, 10, 0, 10, 10, 10, 10, 0, 10, 0, 0, 0, 10, 0, 10, 10, 0, 10, 10, 0, 10, 10, 0, 10, 0, 10, 10, 10, 0, 0, 0, 10, 0, 10, 10, 0, 0, 0, 10, 0, : 13, 10, 10, 10, 10, 10, 10, 10, 10, 10, 10, 10, 2, 10, 10, 10, 10, 10, 10, 10, 10, 10, 10, 10, 1, 10, 10, 10, 10, 10, 10, 10, 10, 10, 10, 10, 10, 10, 10, 10, 10, 10, 10, 10, 10, 10, 10, 10, 10, 10, 10, 10, 10, 10, 10, 10, 10, 10, 10, 10, 10, 10, 10, 10, 10, 10, 10, 10, 
65: 0, 10, 10, 0, 0, 10, 0, 0, 10, 2, 0, 10, 5, 0, 10, 10, 10, 10, 10, 0, 0, 10, 10, 0, 10, 10, 0, 0, 10, 0, 10, 10, 0, 0, 0, 10, 10, 10, 0, 10, 10, 0, 0, 10, 10, 10, 0, 0, 4, 10, 0, 10, 10, 0, 0, 0, 0, 0, 10, 0, 0, 0, 10, 10, 0, 10, 0, 0, 0, 0, 10, 0, 0, 0, 0, 10, 10, 10, 0, 0, 10, 0, 0, 0, 10, 0, 10, 10, 0, 10, 0, 17, 10, 0, 0, 0, 19, 0, 10, 10, 0, 0, 0, 10, 10, 0, 0, 0, 10, 10, 10, 10, 3, 10, 0, 10, 10, 0, 10, 10, : 10, 10, 10, 10, 2, 10, 5, 10, 10, 10, 10, 10, 10, 10, 10, 10, 10, 10, 10, 10, 10, 10, 10, 10, 10, 10, 10, 4, 10, 10, 10, 10, 10, 10, 10, 10, 10, 10, 10, 10, 10, 10, 10, 10, 17, 10, 19, 10, 10, 10, 10, 10, 10, 10, 10, 3, 10, 10, 10, 10, 10, 
416: 10, 10, 0, 10, 0, 10, 10, 10, 0, 10, 0, 10, 0, 0, 0, 0, 0, 0, 10, 10, 0, 0, 0, 0, 10, 0, 0, 10, 0, 10, 10, 10, 10, 0, 0, 10, 0, 10, 0, 10, 10, 10, 10, 10, 10, 0, 10, 0, 10, 0, 10, 10, 10, 10, 10, 0, 10, 0, 0, 0, 0, 0, 10, 0, 0, 0, 10, 10, 10, 0, 10, 10, 0, 0, 0, 0, 10, 0, 10, 0, 0, 0, 0, 10, 10, 0, 0, 10, 10, 10, 0, 10, 0, 10, 0, 10, 0, 10, 5, 0, 10, 0, 10, 0, 10, 0, 0, 10, 0, 10, 10, 10, 0, 10, 0, 10, 0, 10, 0, 0, : 10, 10, 10, 10, 10, 10, 10, 10, 10, 10, 10, 10, 10, 10, 10, 10, 10, 10, 10, 10, 10, 10, 10, 10, 10, 10, 10, 10, 10, 10, 10, 10, 10, 10, 10, 10, 10, 10, 10, 10, 10, 10, 10, 10, 10, 10, 10, 10, 10, 5, 10, 10, 10, 10, 10, 10, 10, 10, 10, 10, 
107: 10, 10, 0, 0, 10, 0, 10, 10, 0, 0, 10, 10, 10, 10, 10, 0, 10, 10, 10, 0, 0, 0, 10, 8, 10, 0, 0, 0, 0, 0, 10, 10, 10, 0, 0, 10, 0, 10, 0, 10, 10, 10, 10, 10, 10, 0, 10, 10, 10, 0, 4, 0, 0, 0, 10, 0, 10, 10, 10, 10, 12, 0, 0, 0, 0, 0, 0, 10, 10, 10, 10, 10, 10, 0, 0, 0, 0, 10, 0, 10, 10, 0, 0, 10, 10, 0, 10, 0, 0, 10, 10, 0, 0, 10, 10, 10, 0, 0, 10, 10, 0, 10, 0, 10, 10, 10, 0, 0, 5, 10, 10, 10, 12, 0, 0, 10, 10, 0, 0, 10, : 10, 10, 10, 10, 10, 10, 10, 10, 10, 10, 10, 10, 10, 10, 8, 10, 10, 10, 10, 10, 10, 10, 10, 10, 10, 10, 10, 10, 10, 10, 4, 10, 10, 10, 10, 10, 12, 10, 10, 10, 10, 10, 10, 10, 10, 10, 10, 10, 10, 10, 10, 10, 10, 10, 10, 10, 10, 10, 10, 10, 5, 10, 10, 10, 12, 10, 10, 10, 
297: 10, 0, 10, 0, 10, 0, 0, 10, 0, 0, 0, 1, 0, 0, 10, 0, 0, 0, 10, 0, 0, 0, 0, 0, 0, 0, 0, 10, 0, 10, 0, 0, 10, 10, 10, 10, 10, 0, 10, 10, 0, 0, 0, 0, 10, 10, 10, 0, 0, 10, 0, 0, 10, 10, 0, 10, 0, 10, 0, 10, 10, 0, 10, 0, 10, 10, 10, 0, 10, 0, 10, 10, 10, 10, 0, 10, 0, 0, 0, 0, 0, 10, 10, 10, 0, 0, 0, 10, 0, 10, 10, 0, 0, 0, 0, 10, 10, 10, 10, 0, 0, 0, 10, 10, 10, 0, 10, 10, 10, 0, 10, 10, 10, 0, 10, 0, 10, 0, 10, 0, : 10, 10, 10, 10, 1, 10, 10, 10, 10, 10, 10, 10, 10, 10, 10, 10, 10, 10, 10, 10, 10, 10, 10, 10, 10, 10, 10, 10, 10, 10, 10, 10, 10, 10, 10, 10, 10, 10, 10, 10, 10, 10, 10, 10, 10, 10, 10, 10, 10, 10, 10, 10, 10, 10, 10, 10, 10, 10, 
234: 10, 0, 10, 0, 10, 10, 10, 10, 0, 10, 0, 9, 0, 0, 0, 0, 0, 10, 10, 10, 10, 10, 10, 0, 10, 10, 10, 0, 10, 0, 10, 0, 0, 0, 10, 0, 0, 0, 0, 10, 10, 0, 0, 0, 10, 10, 0, 0, 0, 10, 0, 0, 10, 0, 10, 10, 0, 0, 0, 11, 0, 10, 0, 0, 10, 10, 0, 10, 10, 10, 2, 20, 0, 0, 0, 10, 0, 0, 0, 0, 10, 10, 0, 0, 0, 0, 16, 10, 0, 10, 10, 2, 0, 10, 0, 0, 0, 10, 4, 0, 0, 10, 10, 0, 0, 10, 10, 10, 10, 10, 0, 10, 10, 16, 0, 10, 10, 10, 0, 0, : 10, 10, 10, 10, 10, 10, 10, 9, 10, 10, 10, 10, 10, 10, 10, 10, 10, 10, 10, 10, 10, 10, 10, 10, 10, 10, 10, 10, 11, 10, 10, 10, 10, 10, 10, 2, 20, 10, 10, 10, 16, 10, 10, 10, 2, 10, 10, 4, 10, 10, 10, 10, 10, 10, 10, 10, 10, 16, 10, 10, 10, 
345: 10, 10, 0, 0, 10, 0, 10, 10, 10, 7, 10, 10, 0, 10, 0, 0, 10, 0, 10, 0, 0, 0, 10, 0, 10, 10, 0, 10, 10, 10, 0, 10, 0, 0, 0, 10, 0, 0, 0, 10, 0, 10, 11, 0, 10, 0, 10, 10, 10, 10, 10, 0, 10, 10, 10, 0, 0, 10, 10, 10, 10, 0, 10, 10, 10, 0, 10, 10, 0, 10, 10, 10, 0, 0, 10, 10, 0, 10, 10, 0, 0, 0, 10, 10, 10, 10, 0, 0, 0, 0, 10, 0, 0, 0, 10, 10, 10, 0, 0, 10, 0, 10, 0, 0, 10, 0, 0, 10, 10, 10, 10, 10, 10, 0, 0, 10, 10, 0, 10, 4, : 10, 10, 10, 10, 10, 10, 7, 10, 10, 10, 10, 10, 10, 10, 10, 10, 10, 10, 10, 10, 10, 10, 11, 10, 10, 10, 10, 10, 10, 10, 10, 10, 10, 10, 10, 10, 10, 10, 10, 10, 10, 10, 10, 10, 10, 10, 10, 10, 10, 10, 10, 10, 10, 10, 10, 10, 10, 10, 10, 10, 10, 10, 10, 10, 10, 10, 10, 10, 4, 
170: 0, 0, 0, 0, 10, 0, 0, 10, 0, 10, 10, 10, 10, 0, 0, 10, 0, 10, 10, 0, 10, 0, 5, 0, 0, 0, 10, 10, 10, 10, 0, 10, 19, 0, 0, 0, 0, 0, 10, 10, 0, 10, 0, 0, 0, 0, 10, 10, 1, 0, 10, 10, 0, 0, 10, 10, 0, 3, 0, 10, 0, 0, 10, 10, 10, 10, 0, 0, 0, 0, 10, 0, 10, 10, 0, 0, 10, 10, 10, 0, 0, 11, 10, 10, 10, 0, 0, 10, 10, 0, 0, 10, 0, 10, 10, 0, 10, 10, 0, 0, 0, 0, 0, 10, 0, 0, 10, 0, 0, 10, 10, 0, 10, 1, 2, 10, 0, 10, 10, 10, : 10, 10, 10, 10, 10, 10, 10, 10, 10, 10, 5, 10, 10, 10, 10, 10, 19, 10, 10, 10, 10, 10, 1, 10, 10, 10, 10, 3, 10, 10, 10, 10, 10, 10, 10, 10, 10, 10, 10, 11, 10, 10, 10, 10, 10, 10, 10, 10, 10, 10, 10, 10, 10, 10, 10, 1, 2, 10, 10, 10, 10, 
509: 10, 10, 10, 0, 10, 10, 10, 10, 0, 10, 10, 10, 0, 10, 0, 0, 10, 10, 0, 0, 0, 0, 10, 0, 10, 10, 10, 10, 0, 0, 0, 0, 10, 0, 10, 0, 0, 9, 0, 10, 10, 0, 10, 0, 0, 0, 0, 13, 0, 0, 0, 10, 0, 0, 2, 10, 10, 10, 10, 2, 10, 0, 10, 0, 10, 10, 10, 10, 0, 10, 10, 0, 10, 10, 1, 10, 13, 0, 10, 15, 0, 0, 10, 0, 0, 10, 10, 10, 0, 10, 0, 0, 10, 18, 0, 10, 10, 0, 0, 10, 10, 10, 0, 10, 0, 0, 10, 10, 0, 0, 0, 10, 0, 10, 10, 0, 10, 10, 10, 0, : 10, 10, 10, 10, 10, 10, 10, 10, 10, 10, 10, 10, 10, 10, 10, 10, 10, 10, 10, 10, 9, 10, 10, 10, 13, 10, 2, 10, 10, 10, 10, 2, 10, 10, 10, 10, 10, 10, 10, 10, 10, 10, 1, 10, 13, 10, 15, 10, 10, 10, 10, 10, 10, 18, 10, 10, 10, 10, 10, 10, 10, 10, 10, 10, 10, 10, 10, 10, 
593: 0, 0, 0, 0, 0, 10, 0, 0, 10, 10, 0, 10, 0, 0, 0, 10, 0, 10, 10, 0, 0, 0, 0, 0, 10, 10, 0, 10, 0, 0, 0, 10, 1, 10, 0, 10, 0, 10, 10, 10, 10, 10, 10, 0, 0, 0, 10, 0, 10, 0, 10, 0, 10, 10, 0, 0, 0, 0, 10, 0, 0, 0, 0, 10, 15, 10, 0, 10, 0, 10, 0, 0, 10, 0, 10, 10, 0, 10, 0, 0, 0, 10, 0, 10, 10, 10, 10, 10, 0, 10, 0, 10, 10, 10, 10, 10, 10, 10, 10, 0, 0, 10, 10, 0, 0, 10, 0, 0, 10, 10, 10, 0, 0, 0, 10, 0, 0, 10, 1, 0, : 10, 10, 10, 10, 10, 10, 10, 10, 10, 10, 10, 1, 10, 10, 10, 10, 10, 10, 10, 10, 10, 10, 10, 10, 10, 10, 10, 15, 10, 10, 10, 10, 10, 10, 10, 10, 10, 10, 10, 10, 10, 10, 10, 10, 10, 10, 10, 10, 10, 10, 10, 10, 10, 10, 10, 10, 10, 10, 1, 
330: 1, 10, 10, 0, 10, 10, 10, 10, 0, 10, 10, 10, 4, 10, 0, 0, 0, 10, 10, 10, 10, 10, 10, 2, 10, 0, 10, 0, 0, 0, 10, 10, 0, 10, 10, 0, 10, 0, 0, 0, 10, 0, 10, 10, 0, 10, 10, 10, 0, 0, 10, 10, 0, 0, 0, 10, 10, 0, 0, 0, 10, 10, 10, 0, 0, 0, 10, 0, 10, 0, 15, 10, 0, 10, 0, 0, 0, 0, 10, 0, 0, 0, 10, 4, 10, 10, 0, 0, 10, 10, 10, 10, 10, 10, 0, 0, 10, 10, 10, 0, 0, 0, 0, 0, 0, 0, 10, 10, 0, 0, 3, 0, 0, 0, 0, 0, 10, 10, 10, 0, : 1, 10, 10, 10, 10, 10, 10, 10, 10, 10, 4, 10, 10, 10, 10, 10, 10, 10, 2, 10, 10, 10, 10, 10, 10, 10, 10, 10, 10, 10, 10, 10, 10, 10, 10, 10, 10, 10, 10, 10, 10, 15, 10, 10, 10, 10, 4, 10, 10, 10, 10, 10, 10, 10, 10, 10, 10, 10, 10, 10, 3, 10, 10, 10, 
109: 0, 4, 10, 0, 0, 1, 0, 10, 10, 10, 2, 0, 10, 0, 10, 0, 0, 10, 10, 0, 10, 10, 10, 0, 0, 0, 0, 10, 0, 10, 10, 0, 10, 0, 10, 10, 0, 10, 0, 10, 10, 0, 0, 2, 10, 10, 10, 13, 10, 10, 0, 0, 0, 10, 0, 0, 10, 0, 1, 10, 10, 10, 10, 0, 0, 0, 10, 0, 10, 0, 0, 0, 0, 0, 10, 0, 0, 0, 0, 0, 10, 0, 0, 0, 0, 10, 10, 0, 0, 10, 10, 10, 0, 0, 0, 10, 18, 0, 10, 0, 10, 0, 0, 0, 10, 0, 10, 10, 10, 10, 0, 0, 10, 0, 0, 0, 0, 10, 0, 0, : 4, 10, 1, 10, 10, 10, 2, 10, 10, 10, 10, 10, 10, 10, 10, 10, 10, 10, 10, 10, 10, 10, 10, 2, 10, 10, 10, 13, 10, 10, 10, 10, 1, 10, 10, 10, 10, 10, 10, 10, 10, 10, 10, 10, 10, 10, 10, 18, 10, 10, 10, 10, 10, 10, 10, 10, 10, 


208: 10, 0, 4, 10, 0, 0, 10, 10, 10, 10, 10, 4, 0, 0, 0, 10, 10, 10, 12, 10, 0, 0, 10, 10, 10, 0, 0, 10, 10, 0, 10, 10, 10, 10, 10, 10, 0, 10, 10, 0, 0, 10, 10, 10, 10, 0, 10, 10, 0, 10, 0, 0, 0, 0, 10, 0, 0, 10, 20, 0, 10, 10, 0, 0, 0, 10, 0, 0, 10, 0, 10, 0, 0, 10, 10, 0, 0, 0, 0, 0, 10, 0, 0, 0, 0, 0, 10, 0, 0, 0, 0, 0, 10, 0, 0, 0, 9, 10, 0, 10, 0, 0, 10, 10, 10, 0, 10, 0, 0, 0, 10, 10, 10, 10, 0, 10, 0, 0, 10, 10, : 10, 4, 10, 10, 10, 10, 10, 10, 4, 10, 10, 10, 12, 10, 10, 10, 10, 10, 10, 10, 10, 10, 10, 10, 10, 10, 10, 10, 10, 10, 10, 10, 10, 10, 10, 10, 20, 10, 10, 10, 10, 10, 10, 10, 10, 10, 10, 9, 10, 10, 10, 10, 10, 10, 10, 10, 10, 10, 10, 10, 10, 
482: 10, 10, 0, 0, 0, 10, 0, 0, 10, 10, 10, 10, 0, 10, 10, 9, 0, 0, 0, 1, 10, 0, 0, 0, 10, 1, 0, 0, 10, 0, 4, 10, 0, 10, 16, 10, 10, 0, 7, 0, 0, 0, 10, 0, 0, 10, 10, 10, 0, 0, 10, 0, 0, 0, 0, 10, 0, 10, 0, 0, 0, 10, 10, 0, 0, 0, 10, 0, 10, 0, 10, 0, 0, 0, 10, 10, 0, 10, 0, 10, 6, 0, 0, 0, 10, 10, 0, 0, 0, 10, 10, 0, 0, 0, 0, 0, 10, 0, 0, 0, 10, 10, 10, 0, 10, 10, 10, 10, 0, 0, 0, 0, 0, 10, 0, 10, 0, 10, 0, 10, : 10, 10, 10, 10, 10, 10, 10, 10, 10, 9, 1, 10, 10, 1, 10, 4, 10, 10, 16, 10, 10, 7, 10, 10, 10, 10, 10, 10, 10, 10, 10, 10, 10, 10, 10, 10, 10, 10, 6, 10, 10, 10, 10, 10, 10, 10, 10, 10, 10, 10, 10, 10, 10, 10, 10, 
24: 10, 0, 0, 10, 14, 10, 0, 10, 0, 0, 10, 0, 10, 10, 0, 10, 10, 0, 10, 3, 0, 0, 10, 10, 10, 0, 0, 10, 10, 10, 10, 0, 0, 10, 0, 10, 10, 0, 10, 10, 10, 10, 10, 0, 10, 0, 0, 0, 10, 10, 10, 10, 0, 10, 0, 0, 0, 0, 0, 10, 0, 0, 0, 0, 10, 0, 0, 10, 10, 0, 0, 0, 0, 0, 0, 0, 0, 0, 0, 0, 10, 10, 18, 0, 0, 10, 10, 10, 10, 10, 10, 10, 10, 0, 0, 0, 0, 10, 10, 10, 10, 0, 10, 10, 10, 10, 0, 10, 10, 10, 0, 0, 10, 10, 0, 0, 0, 10, 10, 10, : 10, 10, 14, 10, 10, 10, 10, 10, 10, 10, 10, 3, 10, 10, 10, 10, 10, 10, 10, 10, 10, 10, 10, 10, 10, 10, 10, 10, 10, 10, 10, 10, 10, 10, 10, 10, 10, 10, 10, 18, 10, 10, 10, 10, 10, 10, 10, 10, 10, 10, 10, 10, 10, 10, 10, 10, 10, 10, 10, 10, 10, 10, 10, 10, 
121: 0, 10, 0, 0, 10, 10, 0, 0, 0, 10, 0, 10, 0, 0, 0, 10, 0, 10, 0, 0, 10, 10, 12, 0, 10, 0, 10, 10, 10, 10, 10, 0, 0, 10, 1, 0, 10, 10, 0, 0, 0, 0, 0, 0, 0, 10, 0, 0, 0, 10, 10, 10, 0, 0, 0, 0, 0, 10, 10, 10, 0, 10, 10, 0, 10, 10, 0, 0, 1, 10, 0, 10, 10, 0, 10, 10, 0, 10, 10, 10, 10, 10, 10, 10, 0, 10, 0, 0, 10, 0, 10, 0, 0, 0, 0, 10, 0, 0, 0, 10, 10, 0, 10, 0, 0, 10, 0, 10, 0, 0, 10, 0, 10, 0, 0, 10, 10, 0, 10, 0, : 10, 10, 10, 10, 10, 10, 10, 10, 10, 12, 10, 10, 10, 10, 10, 10, 10, 1, 10, 10, 10, 10, 10, 10, 10, 10, 10, 10, 10, 10, 10, 1, 10, 10, 10, 10, 10, 10, 10, 10, 10, 10, 10, 10, 10, 10, 10, 10, 10, 10, 10, 10, 10, 10, 10, 10, 10, 10, 
347: 0, 0, 10, 10, 0, 0, 10, 10, 10, 0, 0, 0, 10, 10, 10, 0, 10, 0, 10, 0, 10, 10, 0, 0, 10, 10, 10, 0, 0, 10, 10, 10, 10, 10, 10, 10, 10, 0, 0, 10, 10, 10, 0, 10, 0, 10, 10, 10, 0, 0, 0, 0, 0, 10, 10, 0, 0, 10, 10, 0, 0, 0, 10, 0, 10, 9, 10, 0, 0, 10, 0, 0, 0, 0, 0, 10, 10, 0, 10, 0, 0, 0, 10, 0, 10, 0, 0, 4, 0, 0, 10, 0, 0, 10, 10, 10, 0, 0, 0, 0, 0, 0, 0, 10, 10, 0, 0, 10, 0, 10, 0, 10, 0, 0, 0, 10, 0, 0, 10, 0, : 10, 10, 10, 10, 10, 10, 10, 10, 10, 10, 10, 10, 10, 10, 10, 10, 10, 10, 10, 10, 10, 10, 10, 10, 10, 10, 10, 10, 10, 10, 10, 10, 10, 10, 10, 10, 9, 10, 10, 10, 10, 10, 10, 10, 4, 10, 10, 10, 10, 10, 10, 10, 10, 10, 10, 10, 
412: 0, 0, 0, 0, 0, 10, 10, 10, 10, 0, 10, 0, 0, 0, 10, 0, 10, 6, 10, 10, 10, 10, 0, 10, 10, 10, 10, 10, 0, 18, 0, 0, 10, 0, 0, 10, 0, 10, 0, 0, 0, 10, 0, 2, 4, 0, 0, 10, 10, 0, 10, 6, 10, 0, 0, 0, 0, 10, 10, 10, 0, 0, 10, 10, 10, 10, 10, 0, 0, 10, 10, 0, 10, 10, 10, 0, 0, 0, 10, 0, 10, 10, 0, 0, 0, 10, 10, 0, 10, 0, 10, 10, 0, 10, 0, 0, 0, 0, 10, 0, 10, 0, 10, 0, 0, 0, 10, 10, 10, 10, 10, 0, 10, 10, 10, 0, 0, 10, 0, 0, : 10, 10, 10, 10, 10, 10, 10, 6, 10, 10, 10, 10, 10, 10, 10, 10, 10, 18, 10, 10, 10, 10, 2, 4, 10, 10, 10, 6, 10, 10, 10, 10, 10, 10, 10, 10, 10, 10, 10, 10, 10, 10, 10, 10, 10, 10, 10, 10, 10, 10, 10, 10, 10, 10, 10, 10, 10, 10, 10, 10, 10, 10, 10, 
157: 10, 0, 10, 0, 10, 10, 10, 10, 0, 10, 0, 5, 10, 4, 10, 0, 10, 10, 0, 10, 1, 10, 0, 0, 0, 10, 0, 10, 0, 10, 10, 0, 10, 0, 10, 10, 0, 10, 10, 0, 10, 0, 0, 0, 10, 10, 0, 10, 10, 10, 10, 10, 10, 0, 20, 0, 10, 10, 0, 0, 0, 10, 10, 10, 0, 0, 10, 10, 0, 0, 0, 10, 0, 10, 0, 10, 10, 0, 0, 10, 0, 10, 10, 0, 0, 0, 10, 0, 0, 0, 0, 0, 0, 0, 0, 0, 0, 0, 0, 10, 0, 10, 0, 10, 10, 0, 10, 10, 10, 10, 0, 0, 10, 0, 10, 0, 10, 10, 0, 0, : 10, 10, 10, 10, 10, 10, 10, 5, 10, 4, 10, 10, 10, 10, 1, 10, 10, 10, 10, 10, 10, 10, 10, 10, 10, 10, 10, 10, 10, 10, 10, 10, 10, 10, 20, 10, 10, 10, 10, 10, 10, 10, 10, 10, 10, 10, 10, 10, 10, 10, 10, 10, 10, 10, 10, 10, 10, 10, 10, 10, 10, 10, 
311: 10, 0, 10, 10, 0, 0, 10, 0, 0, 0, 0, 0, 0, 10, 10, 0, 10, 0, 0, 10, 10, 0, 10, 3, 10, 0, 10, 10, 0, 0, 10, 10, 10, 0, 0, 0, 10, 10, 0, 10, 0, 2, 10, 0, 0, 10, 10, 0, 10, 0, 0, 10, 0, 10, 7, 0, 10, 10, 0, 10, 0, 10, 10, 10, 10, 0, 0, 10, 10, 0, 10, 0, 0, 0, 1, 0, 10, 0, 10, 0, 10, 0, 10, 10, 0, 0, 10, 10, 0, 0, 10, 10, 0, 10, 10, 10, 10, 10, 10, 0, 10, 10, 0, 0, 10, 0, 10, 0, 0, 10, 10, 10, 10, 10, 0, 0, 0, 10, 10, 0, : 10, 10, 10, 10, 10, 10, 10, 10, 10, 10, 3, 10, 10, 10, 10, 10, 10, 10, 10, 10, 2, 10, 10, 10, 10, 10, 10, 7, 10, 10, 10, 10, 10, 10, 10, 10, 10, 10, 1, 10, 10, 10, 10, 10, 10, 10, 10, 10, 10, 10, 10, 10, 10, 10, 10, 10, 10, 10, 10, 10, 10, 10, 10, 10, 10, 
213: 0, 0, 0, 10, 10, 10, 10, 10, 10, 0, 0, 0, 10, 10, 0, 10, 10, 10, 0, 0, 10, 0, 2, 0, 0, 0, 0, 0, 10, 10, 10, 10, 10, 10, 10, 10, 10, 10, 0, 0, 0, 10, 0, 10, 10, 0, 0, 0, 10, 0, 10, 0, 0, 10, 0, 0, 10, 10, 10, 10, 10, 10, 10, 10, 10, 0, 10, 0, 0, 10, 0, 0, 0, 0, 0, 10, 0, 0, 12, 10, 0, 10, 1, 0, 10, 10, 18, 10, 0, 10, 0, 10, 0, 13, 2, 0, 10, 0, 10, 0, 0, 10, 0, 10, 0, 10, 10, 10, 10, 10, 0, 10, 0, 0, 0, 0, 0, 10, 0, 0, : 10, 10, 10, 10, 10, 10, 10, 10, 10, 10, 10, 10, 2, 10, 10, 10, 10, 10, 10, 10, 10, 10, 10, 10, 10, 10, 10, 10, 10, 10, 10, 10, 10, 10, 10, 10, 10, 10, 10, 10, 10, 12, 10, 10, 1, 10, 10, 18, 10, 10, 10, 13, 2, 10, 10, 10, 10, 10, 10, 10, 10, 10, 10, 10, 
113: 10, 10, 10, 0, 10, 0, 0, 0, 0, 10, 0, 10, 10, 10, 10, 0, 0, 0, 10, 0, 0, 10, 10, 10, 0, 10, 10, 0, 10, 0, 0, 10, 10, 0, 0, 10, 0, 18, 0, 10, 10, 0, 0, 10, 0, 0, 0, 0, 0, 9, 10, 10, 10, 0, 10, 0, 10, 0, 0, 10, 10, 10, 17, 0, 10, 10, 10, 10, 0, 10, 10, 0, 0, 0, 10, 10, 10, 0, 10, 0, 10, 10, 0, 0, 0, 0, 0, 0, 0, 10, 0, 10, 0, 0, 0, 10, 10, 10, 10, 0, 10, 0, 0, 10, 10, 0, 0, 0, 0, 10, 0, 0, 0, 0, 10, 10, 10, 0, 0, 10, : 10, 10, 10, 10, 10, 10, 10, 10, 10, 10, 10, 10, 10, 10, 10, 10, 10, 10, 10, 18, 10, 10, 10, 9, 10, 10, 10, 10, 10, 10, 10, 10, 17, 10, 10, 10, 10, 10, 10, 10, 10, 10, 10, 10, 10, 10, 10, 10, 10, 10, 10, 10, 10, 10, 10, 10, 10, 10, 10, 
182: 0, 0, 7, 10, 10, 10, 10, 10, 0, 0, 0, 0, 0, 0, 10, 10, 0, 10, 10, 10, 10, 10, 10, 0, 0, 0, 0, 0, 0, 10, 10, 10, 10, 10, 10, 0, 10, 10, 10, 0, 10, 10, 10, 0, 10, 0, 10, 0, 10, 10, 10, 0, 0, 0, 10, 10, 0, 10, 10, 10, 0, 0, 0, 0, 10, 0, 10, 10, 10, 0, 10, 10, 10, 0, 0, 10, 1, 10, 0, 0, 0, 10, 10, 0, 10, 0, 0, 0, 0, 0, 10, 0, 10, 10, 0, 10, 10, 0, 0, 0, 0, 0, 0, 0, 0, 0, 0, 0, 0, 10, 10, 0, 10, 10, 0, 0, 10, 0, 6, 10, : 7, 10, 10, 10, 10, 10, 10, 10, 10, 10, 10, 10, 10, 10, 10, 10, 10, 10, 10, 10, 10, 10, 10, 10, 10, 10, 10, 10, 10, 10, 10, 10, 10, 10, 10, 10, 10, 10, 10, 10, 10, 10, 10, 10, 1, 10, 10, 10, 10, 10, 10, 10, 10, 10, 10, 10, 10, 10, 10, 6, 10, 
409: 10, 0, 0, 0, 10, 0, 10, 10, 0, 9, 10, 0, 0, 10, 10, 0, 0, 0, 10, 0, 0, 0, 10, 10, 2, 10, 10, 10, 10, 10, 10, 10, 10, 0, 10, 10, 0, 0, 8, 10, 10, 10, 10, 10, 10, 10, 0, 0, 0, 10, 0, 0, 10, 10, 0, 10, 0, 10, 10, 0, 10, 10, 0, 10, 0, 0, 0, 10, 10, 10, 10, 10, 0, 0, 10, 0, 0, 10, 2, 0, 10, 0, 10, 0, 0, 0, 10, 0, 10, 0, 0, 0, 10, 0, 10, 10, 0, 10, 0, 10, 0, 10, 10, 0, 0, 10, 0, 0, 10, 0, 10, 0, 0, 0, 10, 0, 0, 0, 0, 10, : 10, 10, 10, 10, 9, 10, 10, 10, 10, 10, 10, 2, 10, 10, 10, 10, 10, 10, 10, 10, 10, 10, 8, 10, 10, 10, 10, 10, 10, 10, 10, 10, 10, 10, 10, 10, 10, 10, 10, 10, 10, 10, 10, 10, 10, 10, 2, 10, 10, 10, 10, 10, 10, 10, 10, 10, 10, 10, 10, 10, 10, 10, 10, 
108: 0, 0, 0, 0, 0, 0, 0, 10, 10, 0, 10, 0, 0, 0, 10, 0, 0, 10, 10, 0, 0, 10, 10, 0, 0, 0, 0, 0, 0, 0, 0, 0, 4, 0, 0, 0, 0, 10, 10, 0, 10, 0, 10, 10, 0, 0, 10, 0, 0, 0, 0, 1, 0, 0, 0, 10, 0, 0, 10, 0, 17, 0, 10, 10, 10, 10, 10, 10, 0, 0, 10, 0, 0, 10, 0, 10, 10, 0, 0, 10, 0, 10, 0, 0, 0, 0, 10, 10, 0, 0, 10, 0, 0, 0, 10, 0, 10, 0, 10, 10, 0, 0, 0, 0, 0, 2, 10, 10, 0, 0, 10, 10, 0, 10, 0, 10, 10, 0, 0, 0, : 10, 10, 10, 10, 10, 10, 10, 10, 4, 10, 10, 10, 10, 10, 10, 1, 10, 10, 17, 10, 10, 10, 10, 10, 10, 10, 10, 10, 10, 10, 10, 10, 10, 10, 10, 10, 10, 10, 2, 10, 10, 10, 10, 10, 10, 10, 
498: 0, 10, 8, 0, 10, 10, 0, 0, 0, 10, 10, 10, 10, 0, 10, 10, 10, 0, 10, 0, 0, 0, 10, 10, 0, 0, 0, 10, 0, 0, 10, 10, 10, 0, 10, 10, 10, 0, 10, 10, 10, 0, 10, 10, 10, 0, 0, 0, 10, 10, 0, 0, 10, 0, 0, 0, 0, 10, 6, 0, 10, 0, 0, 9, 10, 0, 0, 10, 10, 0, 10, 10, 10, 10, 10, 10, 10, 10, 10, 10, 0, 10, 10, 0, 10, 0, 0, 10, 10, 10, 0, 10, 10, 10, 0, 0, 0, 0, 10, 10, 10, 10, 0, 10, 10, 10, 10, 0, 10, 0, 10, 10, 10, 0, 10, 0, 10, 0, 10, 0, : 10, 8, 10, 10, 10, 10, 10, 10, 10, 10, 10, 10, 10, 10, 10, 10, 10, 10, 10, 10, 10, 10, 10, 10, 10, 10, 10, 10, 10, 10, 10, 6, 10, 9, 10, 10, 10, 10, 10, 10, 10, 10, 10, 10, 10, 10, 10, 10, 10, 10, 10, 10, 10, 10, 10, 10, 10, 10, 10, 10, 10, 10, 10, 10, 10, 10, 10, 10, 10, 10, 10, 
152: 0, 10, 10, 10, 0, 10, 10, 0, 0, 10, 0, 2, 0, 10, 0, 0, 0, 0, 10, 0, 10, 0, 10, 0, 10, 10, 0, 13, 10, 0, 0, 2, 10, 0, 6, 0, 10, 0, 0, 10, 0, 10, 10, 0, 10, 10, 10, 0, 0, 10, 0, 2, 10, 10, 10, 0, 0, 10, 2, 0, 10, 10, 10, 0, 0, 0, 10, 0, 0, 0, 0, 0, 0, 0, 0, 0, 0, 10, 0, 0, 0, 10, 0, 0, 0, 0, 0, 10, 0, 10, 10, 0, 0, 10, 12, 10, 0, 0, 0, 0, 0, 0, 0, 10, 10, 10, 10, 10, 10, 10, 0, 0, 10, 10, 10, 17, 10, 10, 10, 0, : 10, 10, 10, 10, 10, 10, 2, 10, 10, 10, 10, 10, 10, 13, 10, 2, 10, 6, 10, 10, 10, 10, 10, 10, 10, 10, 2, 10, 10, 10, 10, 2, 10, 10, 10, 10, 10, 10, 10, 10, 10, 10, 12, 10, 10, 10, 10, 10, 10, 10, 10, 10, 10, 10, 17, 10, 10, 10, 
419: 10, 0, 2, 0, 0, 10, 10, 10, 0, 10, 10, 10, 10, 10, 0, 0, 0, 0, 10, 10, 0, 0, 0, 0, 0, 10, 10, 10, 0, 0, 0, 10, 0, 10, 0, 0, 10, 10, 0, 10, 10, 2, 10, 0, 10, 0, 0, 10, 0, 0, 0, 0, 10, 10, 0, 0, 0, 0, 0, 0, 7, 0, 5, 0, 10, 10, 0, 10, 0, 0, 0, 0, 0, 0, 10, 10, 13, 0, 10, 0, 10, 0, 10, 0, 10, 4, 0, 0, 10, 8, 0, 0, 10, 0, 0, 0, 10, 0, 10, 0, 0, 10, 10, 10, 10, 15, 0, 10, 0, 0, 10, 0, 10, 0, 10, 10, 0, 0, 0, 0, : 10, 2, 10, 10, 10, 10, 10, 10, 10, 10, 10, 10, 10, 10, 10, 10, 10, 10, 10, 10, 10, 2, 10, 10, 10, 10, 10, 7, 5, 10, 10, 10, 10, 10, 13, 10, 10, 10, 10, 4, 10, 8, 10, 10, 10, 10, 10, 10, 10, 15, 10, 10, 10, 10, 10, 
129: 10, 10, 10, 0, 0, 10, 0, 10, 10, 0, 0, 10, 10, 0, 0, 0, 3, 10, 0, 10, 0, 10, 10, 10, 10, 0, 10, 10, 0, 0, 10, 10, 0, 0, 0, 10, 10, 10, 10, 17, 10, 0, 4, 10, 0, 10, 0, 10, 10, 0, 0, 0, 0, 0, 10, 6, 10, 0, 0, 0, 0, 10, 10, 0, 10, 0, 0, 10, 0, 0, 0, 10, 10, 0, 10, 0, 0, 0, 1, 0, 10, 0, 1, 10, 10, 0, 10, 0, 0, 10, 0, 0, 10, 10, 0, 10, 0, 0, 10, 0, 10, 10, 10, 0, 0, 10, 10, 10, 10, 10, 10, 10, 0, 10, 0, 0, 10, 0, 0, 0, : 10, 10, 10, 10, 10, 10, 10, 10, 3, 10, 10, 10, 10, 10, 10, 10, 10, 10, 10, 10, 10, 10, 10, 17, 10, 4, 10, 10, 10, 10, 10, 6, 10, 10, 10, 10, 10, 10, 10, 10, 1, 10, 1, 10, 10, 10, 10, 10, 10, 10, 10, 10, 10, 10, 10, 10, 10, 10, 10, 10, 10, 10, 10, 
406: 0, 0, 10, 0, 10, 0, 10, 10, 0, 10, 0, 0, 0, 0, 10, 0, 10, 0, 10, 0, 10, 10, 10, 0, 1, 10, 0, 10, 10, 0, 10, 10, 10, 0, 10, 0, 10, 10, 0, 0, 0, 0, 0, 10, 0, 10, 10, 10, 5, 10, 10, 0, 10, 10, 0, 10, 10, 0, 0, 10, 10, 10, 0, 0, 0, 10, 10, 10, 10, 10, 10, 0, 10, 0, 10, 10, 10, 0, 0, 10, 10, 0, 10, 10, 10, 0, 10, 10, 10, 0, 0, 10, 0, 10, 10, 10, 0, 0, 10, 0, 10, 0, 10, 10, 10, 10, 10, 10, 10, 0, 10, 10, 0, 0, 0, 10, 10, 10, 10, 10, : 10, 10, 10, 10, 10, 10, 10, 10, 10, 10, 10, 1, 10, 10, 10, 10, 10, 10, 10, 10, 10, 10, 10, 10, 10, 5, 10, 10, 10, 10, 10, 10, 10, 10, 10, 10, 10, 10, 10, 10, 10, 10, 10, 10, 10, 10, 10, 10, 10, 10, 10, 10, 10, 10, 10, 10, 10, 10, 10, 10, 10, 10, 10, 10, 10, 10, 10, 10, 10, 10, 10, 10, 10, 
6: 0, 0, 10, 10, 0, 0, 10, 0, 10, 0, 0, 0, 0, 10, 0, 10, 20, 0, 10, 10, 10, 10, 10, 0, 0, 10, 0, 10, 0, 0, 1, 10, 10, 10, 0, 10, 10, 0, 0, 10, 0, 10, 10, 10, 0, 10, 10, 10, 10, 10, 0, 10, 10, 0, 0, 0, 10, 0, 10, 10, 11, 0, 4, 10, 0, 0, 10, 9, 0, 0, 10, 10, 10, 10, 10, 10, 0, 0, 0, 10, 0, 0, 0, 10, 0, 10, 0, 20, 10, 10, 0, 10, 10, 10, 0, 10, 0, 10, 0, 10, 0, 0, 10, 10, 10, 0, 10, 0, 0, 10, 0, 0, 0, 10, 0, 10, 0, 0, 10, 10, : 10, 10, 10, 10, 10, 10, 20, 10, 10, 10, 10, 10, 10, 10, 1, 10, 10, 10, 10, 10, 10, 10, 10, 10, 10, 10, 10, 10, 10, 10, 10, 10, 10, 10, 11, 4, 10, 10, 9, 10, 10, 10, 10, 10, 10, 10, 10, 10, 20, 10, 10, 10, 10, 10, 10, 10, 10, 10, 10, 10, 10, 10, 10, 10, 10, 10, 
101: 0, 10, 10, 10, 0, 0, 10, 0, 10, 10, 10, 0, 10, 10, 0, 0, 10, 0, 0, 0, 15, 0, 0, 10, 0, 10, 0, 10, 0, 10, 10, 0, 10, 0, 0, 0, 0, 0, 10, 0, 0, 10, 0, 10, 10, 10, 0, 10, 0, 2, 0, 0, 10, 10, 6, 0, 10, 10, 0, 0, 10, 4, 1, 0, 0, 10, 0, 10, 0, 10, 0, 0, 0, 17, 10, 0, 10, 0, 10, 10, 0, 10, 10, 10, 16, 10, 10, 10, 10, 0, 0, 0, 10, 4, 10, 0, 10, 0, 10, 10, 10, 0, 10, 0, 0, 10, 0, 0, 17, 0, 10, 10, 10, 0, 10, 0, 10, 0, 10, 0, : 10, 10, 10, 10, 10, 10, 10, 10, 10, 10, 15, 10, 10, 10, 10, 10, 10, 10, 10, 10, 10, 10, 10, 2, 10, 10, 6, 10, 10, 10, 4, 1, 10, 10, 10, 17, 10, 10, 10, 10, 10, 10, 10, 16, 10, 10, 10, 10, 10, 4, 10, 10, 10, 10, 10, 10, 10, 17, 10, 10, 10, 10, 10, 10, 
404: 0, 0, 0, 10, 10, 1, 10, 0, 10, 10, 10, 10, 0, 0, 10, 0, 10, 10, 0, 18, 0, 6, 0, 0, 0, 0, 10, 0, 0, 10, 0, 10, 0, 0, 0, 0, 0, 10, 10, 10, 10, 10, 0, 0, 0, 0, 0, 0, 0, 0, 10, 10, 5, 0, 10, 10, 10, 0, 0, 0, 0, 10, 0, 10, 0, 0, 0, 0, 10, 10, 10, 10, 10, 10, 0, 0, 0, 10, 0, 10, 10, 0, 10, 0, 10, 10, 0, 10, 10, 0, 10, 0, 10, 0, 0, 0, 10, 10, 10, 10, 2, 0, 10, 0, 10, 10, 0, 10, 10, 10, 0, 0, 10, 2, 0, 0, 0, 10, 0, 10, : 10, 10, 1, 10, 10, 10, 10, 10, 10, 10, 10, 18, 6, 10, 10, 10, 10, 10, 10, 10, 10, 10, 10, 5, 10, 10, 10, 10, 10, 10, 10, 10, 10, 10, 10, 10, 10, 10, 10, 10, 10, 10, 10, 10, 10, 10, 10, 10, 10, 2, 10, 10, 10, 10, 10, 10, 10, 2, 10, 10, 
295: 0, 10, 10, 0, 10, 5, 10, 10, 0, 10, 10, 10, 0, 10, 10, 0, 6, 0, 10, 10, 0, 10, 10, 0, 0, 10, 0, 0, 0, 0, 10, 0, 0, 0, 10, 10, 3, 0, 12, 0, 10, 4, 0, 0, 0, 10, 0, 10, 10, 0, 10, 10, 0, 0, 10, 0, 10, 0, 0, 0, 10, 10, 10, 10, 10, 0, 10, 0, 0, 10, 10, 10, 5, 10, 10, 0, 10, 0, 10, 0, 0, 0, 0, 10, 0, 0, 10, 0, 10, 10, 10, 10, 0, 0, 10, 10, 0, 0, 10, 10, 10, 10, 1, 0, 0, 0, 0, 0, 0, 0, 0, 0, 0, 0, 10, 10, 0, 10, 0, 10, : 10, 10, 10, 5, 10, 10, 10, 10, 10, 10, 10, 6, 10, 10, 10, 10, 10, 10, 10, 10, 3, 12, 10, 4, 10, 10, 10, 10, 10, 10, 10, 10, 10, 10, 10, 10, 10, 10, 10, 10, 5, 10, 10, 10, 10, 10, 10, 10, 10, 10, 10, 10, 10, 10, 10, 10, 10, 1, 10, 10, 10, 10, 
352: 0, 10, 0, 0, 10, 10, 0, 0, 0, 0, 0, 10, 0, 0, 2, 10, 10, 10, 0, 10, 0, 10, 10, 0, 10, 10, 0, 0, 0, 10, 0, 0, 0, 10, 0, 0, 0, 1, 0, 0, 0, 10, 0, 10, 10, 10, 15, 10, 0, 0, 10, 10, 0, 0, 10, 0, 8, 0, 0, 0, 0, 10, 10, 10, 0, 10, 0, 10, 10, 10, 10, 0, 10, 0, 0, 0, 10, 0, 0, 10, 0, 0, 0, 0, 10, 10, 0, 0, 10, 0, 0, 10, 10, 0, 0, 0, 10, 0, 0, 0, 10, 10, 10, 10, 4, 10, 10, 10, 0, 10, 0, 10, 0, 0, 0, 10, 10, 10, 0, 0, : 10, 10, 10, 10, 2, 10, 10, 10, 10, 10, 10, 10, 10, 10, 10, 1, 10, 10, 10, 10, 15, 10, 10, 10, 10, 8, 10, 10, 10, 10, 10, 10, 10, 10, 10, 10, 10, 10, 10, 10, 10, 10, 10, 10, 10, 10, 10, 4, 10, 10, 10, 10, 10, 10, 10, 10, 
516: 0, 1, 10, 0, 0, 0, 0, 0, 0, 0, 10, 0, 10, 0, 0, 0, 10, 10, 10, 0, 0, 0, 10, 0, 10, 0, 10, 10, 10, 0, 0, 10, 10, 0, 10, 0, 10, 10, 10, 10, 10, 10, 0, 0, 10, 10, 10, 0, 0, 0, 10, 10, 0, 10, 0, 10, 9, 10, 10, 1, 0, 0, 0, 10, 0, 0, 0, 8, 10, 0, 0, 0, 0, 10, 10, 10, 0, 0, 10, 0, 0, 10, 10, 10, 0, 10, 0, 10, 0, 10, 0, 10, 10, 10, 0, 0, 0, 0, 0, 0, 0, 0, 0, 0, 10, 0, 0, 10, 0, 0, 10, 0, 10, 0, 10, 0, 0, 0, 0, 10, : 1, 10, 10, 10, 10, 10, 10, 10, 10, 10, 10, 10, 10, 10, 10, 10, 10, 10, 10, 10, 10, 10, 10, 10, 10, 10, 10, 10, 9, 10, 10, 1, 10, 8, 10, 10, 10, 10, 10, 10, 10, 10, 10, 10, 10, 10, 10, 10, 10, 10, 10, 10, 10, 10, 
471: 10, 0, 10, 10, 10, 0, 10, 0, 10, 10, 0, 10, 10, 0, 0, 10, 10, 0, 10, 10, 10, 0, 10, 0, 0, 0, 0, 10, 0, 0, 0, 0, 0, 0, 0, 0, 10, 0, 10, 0, 0, 0, 10, 10, 10, 0, 10, 0, 10, 0, 10, 10, 0, 10, 10, 0, 0, 10, 9, 0, 0, 10, 10, 10, 10, 10, 0, 0, 10, 0, 0, 0, 0, 10, 0, 10, 10, 0, 0, 0, 0, 10, 10, 10, 10, 0, 10, 10, 0, 0, 0, 0, 10, 10, 0, 1, 10, 4, 10, 0, 0, 0, 10, 1, 10, 10, 10, 0, 0, 10, 10, 10, 10, 0, 10, 0, 0, 10, 10, 10, : 10, 10, 10, 10, 10, 10, 10, 10, 10, 10, 10, 10, 10, 10, 10, 10, 10, 10, 10, 10, 10, 10, 10, 10, 10, 10, 10, 10, 9, 10, 10, 10, 10, 10, 10, 10, 10, 10, 10, 10, 10, 10, 10, 10, 10, 10, 1, 10, 4, 10, 10, 1, 10, 10, 10, 10, 10, 10, 10, 10, 10, 10, 10, 
202: 10, 10, 10, 10, 0, 0, 0, 0, 0, 10, 10, 10, 10, 0, 0, 10, 10, 10, 0, 0, 0, 10, 0, 10, 10, 10, 0, 0, 10, 10, 10, 10, 10, 10, 0, 0, 0, 10, 0, 0, 10, 10, 3, 0, 10, 10, 10, 10, 0, 10, 10, 0, 10, 0, 10, 10, 10, 0, 10, 0, 0, 0, 10, 1, 10, 10, 10, 0, 0, 0, 0, 4, 0, 0, 10, 0, 10, 0, 2, 0, 10, 10, 0, 10, 10, 0, 10, 0, 0, 0, 10, 10, 10, 10, 0, 10, 10, 5, 10, 0, 15, 0, 10, 0, 10, 10, 10, 20, 10, 16, 10, 10, 0, 10, 10, 18, 10, 10, 10, 10, : 10, 10, 10, 10, 10, 10, 10, 10, 10, 10, 10, 10, 10, 10, 10, 10, 10, 10, 10, 10, 10, 10, 10, 10, 3, 10, 10, 10, 10, 10, 10, 10, 10, 10, 10, 10, 10, 1, 10, 10, 10, 4, 10, 10, 2, 10, 10, 10, 10, 10, 10, 10, 10, 10, 10, 10, 5, 10, 15, 10, 10, 10, 10, 20, 10, 16, 10, 10, 10, 10, 18, 10, 10, 10, 10, 
322: 0, 10, 0, 10, 10, 0, 10, 0, 0, 10, 10, 10, 10, 10, 10, 0, 0, 0, 10, 10, 0, 0, 10, 10, 0, 10, 10, 2, 10, 10, 10, 0, 0, 10, 10, 10, 0, 10, 10, 10, 0, 0, 0, 10, 0, 0, 0, 10, 10, 0, 10, 10, 0, 10, 10, 0, 10, 0, 0, 10, 10, 10, 0, 0, 10, 0, 0, 0, 0, 0, 0, 0, 0, 0, 10, 0, 10, 10, 10, 0, 0, 10, 10, 0, 10, 0, 0, 10, 10, 0, 7, 0, 10, 10, 10, 10, 0, 10, 0, 10, 10, 10, 0, 10, 0, 0, 10, 0, 0, 10, 10, 10, 10, 0, 0, 10, 10, 0, 0, 0, : 10, 10, 10, 10, 10, 10, 10, 10, 10, 10, 10, 10, 10, 10, 10, 10, 2, 10, 10, 10, 10, 10, 10, 10, 10, 10, 10, 10, 10, 10, 10, 10, 10, 10, 10, 10, 10, 10, 10, 10, 10, 10, 10, 10, 10, 10, 10, 7, 10, 10, 10, 10, 10, 10, 10, 10, 10, 10, 10, 10, 10, 10, 10, 10, 
163: 0, 0, 0, 10, 0, 10, 10, 0, 10, 10, 0, 0, 10, 0, 10, 0, 0, 10, 10, 0, 0, 10, 0, 0, 0, 10, 10, 10, 0, 5, 0, 0, 10, 0, 10, 10, 10, 10, 10, 0, 10, 0, 10, 0, 10, 10, 0, 10, 0, 10, 10, 0, 0, 0, 0, 0, 0, 0, 10, 10, 0, 10, 0, 0, 10, 10, 10, 0, 0, 0, 10, 10, 10, 10, 0, 10, 0, 0, 0, 0, 10, 0, 10, 10, 10, 0, 10, 0, 10, 0, 0, 0, 10, 10, 10, 10, 0, 10, 0, 10, 10, 10, 10, 0, 0, 10, 0, 0, 0, 10, 0, 0, 10, 0, 0, 0, 0, 10, 10, 10, : 10, 10, 10, 10, 10, 10, 10, 10, 10, 10, 10, 10, 10, 5, 10, 10, 10, 10, 10, 10, 10, 10, 10, 10, 10, 10, 10, 10, 10, 10, 10, 10, 10, 10, 10, 10, 10, 10, 10, 10, 10, 10, 10, 10, 10, 10, 10, 10, 10, 10, 10, 10, 10, 10, 10, 10, 10, 10, 10, 
2: 0, 10, 10, 10, 0, 10, 0, 0, 0, 10, 0, 0, 10, 0, 0, 10, 0, 0, 0, 0, 0, 0, 10, 0, 10, 0, 0, 0, 10, 0, 0, 10, 0, 10, 0, 10, 0, 10, 10, 10, 0, 0, 0, 0, 0, 0, 0, 0, 0, 10, 10, 0, 0, 10, 0, 10, 10, 0, 0, 0, 0, 0, 0, 0, 10, 0, 0, 0, 0, 0, 0, 0, 0, 1, 0, 0, 0, 10, 10, 0, 0, 0, 10, 10, 0, 10, 0, 0, 10, 10, 0, 10, 0, 1, 0, 10, 2, 0, 10, 0, 0, 1, 10, 4, 0, 10, 0, 0, 0, 10, 0, 0, 0, 10, 0, 0, 3, 10, 0, 0, : 10, 10, 10, 10, 10, 10, 10, 10, 10, 10, 10, 10, 10, 10, 10, 10, 10, 10, 10, 10, 10, 10, 1, 10, 10, 10, 10, 10, 10, 10, 10, 1, 10, 2, 10, 1, 10, 4, 10, 10, 10, 3, 10, 
22: 10, 10, 10, 10, 10, 10, 0, 0, 10, 2, 10, 0, 0, 10, 10, 0, 0, 0, 0, 10, 10, 10, 1, 15, 0, 10, 10, 0, 10, 10, 0, 0, 10, 0, 16, 10, 0, 10, 0, 0, 0, 10, 10, 0, 0, 0, 14, 0, 10, 0, 0, 0, 10, 0, 0, 10, 10, 0, 0, 0, 0, 0, 0, 0, 0, 10, 10, 10, 0, 10, 10, 10, 10, 10, 10, 0, 0, 0, 0, 0, 10, 10, 10, 0, 10, 0, 0, 10, 10, 10, 0, 0, 0, 0, 0, 10, 0, 10, 0, 1, 10, 0, 10, 10, 10, 0, 10, 0, 10, 10, 0, 10, 10, 0, 10, 10, 0, 0, 0, 10, : 10, 10, 10, 10, 10, 10, 10, 2, 10, 10, 10, 10, 10, 10, 1, 15, 10, 10, 10, 10, 10, 16, 10, 10, 10, 10, 14, 10, 10, 10, 10, 10, 10, 10, 10, 10, 10, 10, 10, 10, 10, 10, 10, 10, 10, 10, 10, 10, 10, 1, 10, 10, 10, 10, 10, 10, 10, 10, 10, 10, 10, 10, 
599: 10, 10, 10, 0, 5, 0, 0, 10, 0, 0, 10, 10, 10, 10, 10, 0, 0, 10, 0, 0, 0, 0, 0, 0, 10, 0, 0, 10, 0, 10, 0, 10, 1, 10, 0, 10, 10, 0, 10, 0, 0, 10, 0, 0, 0, 10, 10, 0, 0, 0, 0, 10, 0, 10, 0, 0, 10, 0, 10, 0, 0, 1, 0, 0, 10, 0, 0, 0, 0, 10, 10, 10, 10, 0, 0, 10, 0, 1, 10, 0, 0, 10, 0, 10, 0, 10, 10, 10, 10, 0, 10, 10, 0, 0, 10, 10, 10, 10, 0, 0, 0, 0, 10, 0, 10, 10, 10, 10, 0, 0, 0, 0, 10, 10, 0, 0, 10, 10, 0, 10, : 10, 10, 10, 5, 10, 10, 10, 10, 10, 10, 10, 10, 10, 10, 10, 1, 10, 10, 10, 10, 10, 10, 10, 10, 10, 10, 10, 1, 10, 10, 10, 10, 10, 10, 1, 10, 10, 10, 10, 10, 10, 10, 10, 10, 10, 10, 10, 10, 10, 10, 10, 10, 10, 10, 10, 10, 10, 10, 
14: 10, 10, 0, 10, 0, 0, 0, 2, 10, 0, 0, 0, 0, 0, 10, 10, 10, 0, 0, 0, 6, 10, 0, 10, 0, 0, 10, 10, 0, 10, 0, 0, 10, 10, 10, 0, 0, 0, 0, 0, 0, 0, 10, 0, 10, 10, 10, 10, 0, 0, 10, 10, 10, 0, 10, 0, 4, 0, 10, 0, 10, 10, 0, 2, 7, 0, 10, 0, 16, 10, 0, 0, 0, 10, 10, 0, 10, 10, 2, 0, 10, 10, 10, 0, 10, 2, 10, 10, 10, 0, 0, 10, 10, 0, 10, 0, 10, 0, 10, 0, 10, 0, 10, 0, 10, 0, 10, 0, 10, 0, 10, 10, 10, 10, 10, 0, 10, 10, 0, 10, : 10, 10, 10, 2, 10, 10, 10, 10, 6, 10, 10, 10, 10, 10, 10, 10, 10, 10, 10, 10, 10, 10, 10, 10, 10, 10, 4, 10, 10, 10, 2, 7, 10, 16, 10, 10, 10, 10, 10, 2, 10, 10, 10, 10, 2, 10, 10, 10, 10, 10, 10, 10, 10, 10, 10, 10, 10, 10, 10, 10, 10, 10, 10, 10, 10, 10, 
440: 10, 0, 4, 0, 0, 0, 10, 0, 0, 10, 10, 0, 10, 0, 10, 0, 10, 0, 10, 10, 10, 0, 10, 10, 0, 10, 10, 0, 10, 10, 10, 1, 10, 10, 10, 0, 10, 0, 0, 0, 0, 0, 0, 10, 0, 0, 10, 0, 0, 0, 0, 10, 13, 10, 0, 0, 10, 0, 0, 10, 10, 10, 0, 10, 10, 10, 10, 0, 0, 0, 10, 10, 10, 10, 0, 10, 0, 10, 10, 10, 10, 10, 0, 0, 10, 0, 0, 0, 10, 0, 10, 0, 10, 0, 0, 0, 10, 0, 0, 0, 0, 0, 0, 10, 0, 10, 0, 10, 10, 10, 0, 10, 0, 0, 0, 0, 10, 10, 10, 10, : 10, 4, 10, 10, 10, 10, 10, 10, 10, 10, 10, 10, 10, 10, 10, 10, 10, 10, 1, 10, 10, 10, 10, 10, 10, 10, 13, 10, 10, 10, 10, 10, 10, 10, 10, 10, 10, 10, 10, 10, 10, 10, 10, 10, 10, 10, 10, 10, 10, 10, 10, 10, 10, 10, 10, 10, 10, 10, 10, 10, 10, 
417: 0, 0, 0, 10, 10, 10, 0, 0, 10, 0, 0, 0, 0, 1, 0, 10, 10, 10, 10, 0, 10, 10, 0, 10, 0, 10, 19, 0, 10, 0, 0, 10, 0, 10, 10, 10, 10, 0, 0, 10, 0, 0, 0, 10, 0, 0, 1, 10, 0, 1, 10, 0, 10, 0, 10, 0, 0, 0, 10, 10, 0, 10, 0, 10, 0, 10, 0, 0, 0, 0, 10, 10, 0, 0, 0, 10, 10, 10, 10, 0, 10, 0, 10, 0, 10, 0, 10, 0, 10, 0, 0, 10, 0, 10, 10, 10, 0, 10, 0, 0, 0, 10, 0, 0, 4, 0, 0, 10, 10, 0, 2, 0, 0, 0, 0, 10, 10, 10, 10, 10, : 10, 10, 10, 10, 1, 10, 10, 10, 10, 10, 10, 10, 10, 19, 10, 10, 10, 10, 10, 10, 10, 10, 1, 10, 1, 10, 10, 10, 10, 10, 10, 10, 10, 10, 10, 10, 10, 10, 10, 10, 10, 10, 10, 10, 10, 10, 10, 10, 10, 10, 4, 10, 10, 2, 10, 10, 10, 10, 10, 
544: 0, 0, 10, 10, 10, 0, 10, 10, 0, 10, 10, 0, 0, 0, 0, 0, 10, 10, 0, 10, 9, 0, 1, 0, 10, 0, 10, 10, 10, 10, 10, 10, 0, 6, 0, 0, 10, 0, 10, 0, 10, 0, 10, 0, 10, 0, 0, 10, 10, 0, 0, 10, 0, 10, 0, 10, 10, 10, 10, 0, 0, 10, 10, 10, 10, 0, 10, 0, 0, 10, 0, 0, 4, 10, 10, 0, 0, 10, 0, 19, 0, 0, 10, 0, 10, 10, 0, 0, 1, 0, 0, 0, 0, 0, 0, 0, 0, 10, 0, 0, 0, 10, 10, 10, 0, 0, 10, 0, 10, 0, 10, 0, 10, 10, 10, 9, 0, 0, 10, 0, : 10, 10, 10, 10, 10, 10, 10, 10, 10, 10, 9, 1, 10, 10, 10, 10, 10, 10, 10, 6, 10, 10, 10, 10, 10, 10, 10, 10, 10, 10, 10, 10, 10, 10, 10, 10, 10, 10, 10, 4, 10, 10, 10, 19, 10, 10, 10, 1, 10, 10, 10, 10, 10, 10, 10, 10, 10, 10, 9, 10, 
278: 0, 0, 0, 0, 10, 10, 0, 0, 0, 0, 0, 10, 1, 0, 0, 0, 10, 0, 10, 10, 0, 10, 0, 10, 10, 10, 0, 0, 10, 0, 0, 10, 10, 0, 0, 10, 10, 10, 10, 0, 10, 10, 0, 10, 10, 0, 0, 10, 10, 10, 0, 0, 0, 5, 10, 10, 0, 10, 0, 10, 0, 0, 0, 2, 0, 0, 10, 10, 10, 0, 0, 0, 10, 0, 0, 12, 10, 10, 0, 0, 10, 0, 0, 10, 0, 14, 0, 0, 10, 10, 0, 0, 0, 0, 10, 10, 10, 0, 0, 10, 0, 0, 0, 0, 0, 10, 0, 10, 10, 0, 0, 10, 0, 10, 0, 10, 0, 0, 10, 10, : 10, 10, 10, 1, 10, 10, 10, 10, 10, 10, 10, 10, 10, 10, 10, 10, 10, 10, 10, 10, 10, 10, 10, 10, 10, 5, 10, 10, 10, 10, 2, 10, 10, 10, 10, 12, 10, 10, 10, 10, 14, 10, 10, 10, 10, 10, 10, 10, 10, 10, 10, 10, 10, 10, 10, 
486: 10, 10, 0, 10, 10, 0, 0, 10, 0, 0, 4, 10, 10, 10, 10, 0, 10, 0, 0, 0, 0, 10, 10, 0, 10, 0, 0, 10, 10, 10, 0, 0, 0, 10, 2, 10, 0, 0, 0, 10, 0, 0, 10, 10, 0, 0, 10, 0, 10, 0, 0, 0, 0, 10, 10, 10, 0, 10, 0, 10, 0, 10, 0, 10, 0, 10, 0, 10, 0, 0, 0, 10, 10, 0, 0, 0, 10, 10, 10, 10, 0, 0, 10, 10, 10, 10, 10, 0, 10, 0, 10, 10, 10, 0, 0, 0, 10, 10, 0, 0, 10, 0, 10, 10, 0, 0, 10, 10, 10, 0, 0, 0, 10, 10, 11, 10, 10, 0, 0, 0, : 10, 10, 10, 10, 10, 4, 10, 10, 10, 10, 10, 10, 10, 10, 10, 10, 10, 10, 2, 10, 10, 10, 10, 10, 10, 10, 10, 10, 10, 10, 10, 10, 10, 10, 10, 10, 10, 10, 10, 10, 10, 10, 10, 10, 10, 10, 10, 10, 10, 10, 10, 10, 10, 10, 10, 10, 10, 10, 10, 11, 10, 10, 
229: 10, 0, 10, 0, 0, 10, 0, 0, 0, 0, 0, 10, 0, 10, 10, 10, 0, 10, 10, 10, 10, 0, 0, 10, 0, 10, 0, 0, 0, 10, 10, 0, 10, 12, 0, 10, 0, 10, 3, 0, 10, 0, 0, 0, 0, 10, 0, 0, 10, 10, 10, 10, 10, 10, 0, 0, 0, 10, 10, 0, 0, 0, 10, 10, 0, 10, 10, 10, 0, 10, 0, 10, 0, 10, 10, 10, 0, 10, 0, 10, 0, 10, 0, 10, 10, 1, 10, 0, 0, 0, 10, 10, 0, 10, 10, 0, 10, 10, 5, 4, 10, 0, 10, 0, 10, 20, 10, 0, 0, 0, 0, 0, 0, 0, 10, 0, 0, 0, 10, 10, : 10, 10, 10, 10, 10, 10, 10, 10, 10, 10, 10, 10, 10, 10, 10, 10, 12, 10, 10, 3, 10, 10, 10, 10, 10, 10, 10, 10, 10, 10, 10, 10, 10, 10, 10, 10, 10, 10, 10, 10, 10, 10, 10, 10, 10, 1, 10, 10, 10, 10, 10, 10, 10, 5, 4, 10, 10, 10, 20, 10, 10, 10, 10, 
514: 1, 0, 10, 10, 0, 10, 10, 0, 0, 10, 10, 0, 0, 10, 10, 10, 0, 0, 0, 10, 0, 10, 0, 0, 0, 0, 10, 0, 10, 0, 0, 10, 0, 10, 10, 10, 0, 0, 10, 0, 0, 10, 10, 10, 0, 10, 10, 0, 10, 10, 0, 0, 10, 0, 0, 10, 0, 10, 0, 0, 10, 0, 10, 10, 10, 10, 10, 0, 0, 0, 0, 10, 0, 10, 10, 10, 10, 10, 0, 0, 10, 0, 0, 10, 0, 0, 10, 10, 10, 0, 0, 0, 10, 0, 0, 0, 10, 0, 0, 10, 0, 10, 10, 0, 0, 10, 10, 0, 0, 10, 10, 10, 0, 0, 0, 0, 0, 10, 0, 10, : 1, 10, 10, 10, 10, 10, 10, 10, 10, 10, 10, 10, 10, 10, 10, 10, 10, 10, 10, 10, 10, 10, 10, 10, 10, 10, 10, 10, 10, 10, 10, 10, 10, 10, 10, 10, 10, 10, 10, 10, 10, 10, 10, 10, 10, 10, 10, 10, 10, 10, 10, 10, 10, 10, 10, 10, 10, 10, 
41: 10, 0, 0, 0, 10, 10, 10, 0, 10, 0, 10, 0, 10, 0, 0, 10, 15, 0, 0, 10, 0, 10, 10, 0, 0, 0, 0, 0, 0, 10, 10, 10, 0, 0, 10, 0, 0, 0, 10, 10, 0, 10, 0, 0, 10, 10, 10, 10, 10, 10, 10, 10, 10, 0, 1, 0, 10, 4, 0, 10, 0, 0, 0, 10, 0, 0, 10, 0, 0, 10, 10, 0, 0, 10, 0, 10, 10, 10, 10, 0, 10, 0, 4, 10, 0, 10, 0, 0, 0, 10, 10, 0, 10, 0, 0, 0, 10, 10, 10, 10, 0, 0, 0, 10, 10, 10, 0, 0, 10, 10, 10, 0, 10, 1, 0, 0, 0, 10, 0, 0, : 10, 10, 10, 10, 10, 10, 10, 10, 15, 10, 10, 10, 10, 10, 10, 10, 10, 10, 10, 10, 10, 10, 10, 10, 10, 10, 10, 10, 1, 10, 4, 10, 10, 10, 10, 10, 10, 10, 10, 10, 10, 10, 4, 10, 10, 10, 10, 10, 10, 10, 10, 10, 10, 10, 10, 10, 10, 10, 10, 1, 10, 
227: 10, 0, 10, 0, 0, 10, 10, 10, 10, 0, 10, 0, 0, 10, 10, 10, 1, 10, 0, 0, 0, 0, 1, 0, 0, 10, 10, 10, 0, 0, 10, 10, 10, 10, 10, 10, 10, 0, 10, 10, 10, 10, 0, 10, 10, 0, 0, 10, 0, 12, 10, 10, 10, 0, 0, 0, 1, 0, 10, 0, 0, 10, 0, 10, 1, 10, 10, 0, 0, 10, 0, 10, 0, 10, 0, 0, 0, 10, 0, 0, 0, 10, 0, 0, 0, 2, 0, 10, 0, 10, 0, 0, 10, 0, 10, 10, 0, 0, 10, 10, 10, 10, 0, 0, 0, 10, 0, 10, 10, 10, 10, 10, 0, 10, 0, 10, 10, 0, 10, 10, : 10, 10, 10, 10, 10, 10, 10, 10, 10, 10, 1, 10, 1, 10, 10, 10, 10, 10, 10, 10, 10, 10, 10, 10, 10, 10, 10, 10, 10, 10, 12, 10, 10, 10, 1, 10, 10, 10, 1, 10, 10, 10, 10, 10, 10, 10, 2, 10, 10, 10, 10, 10, 10, 10, 10, 10, 10, 10, 10, 10, 10, 10, 10, 10, 10, 10, 10, 
238: 0, 10, 0, 15, 0, 0, 10, 0, 10, 0, 0, 10, 0, 0, 10, 0, 0, 10, 10, 10, 10, 10, 10, 0, 0, 0, 0, 10, 0, 0, 0, 10, 0, 0, 0, 10, 10, 10, 10, 0, 10, 0, 0, 10, 0, 0, 0, 10, 10, 10, 10, 0, 10, 10, 10, 1, 10, 10, 0, 0, 0, 6, 0, 10, 10, 0, 0, 0, 10, 0, 0, 0, 0, 10, 10, 4, 10, 10, 10, 10, 0, 10, 0, 10, 0, 0, 10, 0, 0, 0, 0, 0, 10, 10, 10, 10, 0, 10, 0, 0, 0, 10, 10, 10, 0, 0, 10, 0, 10, 10, 10, 10, 1, 0, 0, 0, 10, 0, 10, 10, : 10, 15, 10, 10, 10, 10, 10, 10, 10, 10, 10, 10, 10, 10, 10, 10, 10, 10, 10, 10, 10, 10, 10, 10, 10, 10, 10, 1, 10, 10, 6, 10, 10, 10, 10, 10, 4, 10, 10, 10, 10, 10, 10, 10, 10, 10, 10, 10, 10, 10, 10, 10, 10, 10, 10, 10, 10, 1, 10, 10, 10, 
368: 0, 10, 10, 10, 10, 0, 0, 0, 2, 0, 0, 0, 10, 10, 0, 0, 10, 10, 10, 10, 0, 10, 0, 0, 9, 10, 10, 10, 10, 10, 0, 0, 0, 10, 0, 10, 10, 0, 0, 0, 10, 10, 10, 10, 0, 10, 0, 0, 0, 10, 0, 10, 0, 10, 10, 10, 10, 0, 0, 10, 0, 10, 10, 0, 4, 10, 10, 0, 10, 10, 0, 10, 10, 10, 0, 0, 0, 0, 0, 10, 0, 0, 0, 10, 10, 10, 10, 10, 10, 10, 10, 0, 10, 0, 0, 10, 10, 0, 0, 0, 0, 10, 0, 10, 10, 10, 10, 0, 10, 0, 10, 0, 10, 0, 0, 10, 0, 10, 0, 0, : 10, 10, 10, 10, 2, 10, 10, 10, 10, 10, 10, 10, 9, 10, 10, 10, 10, 10, 10, 10, 10, 10, 10, 10, 10, 10, 10, 10, 10, 10, 10, 10, 10, 10, 10, 4, 10, 10, 10, 10, 10, 10, 10, 10, 10, 10, 10, 10, 10, 10, 10, 10, 10, 10, 10, 10, 10, 10, 10, 10, 10, 10, 10, 10, 10, 
64: 10, 10, 0, 0, 0, 10, 10, 6, 0, 10, 0, 0, 10, 0, 10, 0, 0, 0, 10, 10, 10, 10, 0, 10, 10, 10, 0, 0, 10, 0, 0, 10, 0, 0, 10, 10, 10, 0, 10, 0, 0, 0, 0, 10, 0, 0, 0, 10, 0, 0, 10, 10, 0, 0, 10, 0, 10, 1, 10, 0, 10, 10, 10, 0, 0, 0, 0, 0, 10, 10, 10, 0, 10, 0, 0, 10, 0, 0, 0, 10, 10, 0, 0, 0, 10, 0, 0, 10, 10, 10, 10, 0, 14, 0, 0, 0, 0, 0, 0, 0, 10, 10, 0, 10, 0, 0, 10, 10, 10, 0, 10, 0, 10, 0, 0, 10, 0, 0, 0, 10, : 10, 10, 10, 10, 6, 10, 10, 10, 10, 10, 10, 10, 10, 10, 10, 10, 10, 10, 10, 10, 10, 10, 10, 10, 10, 10, 10, 1, 10, 10, 10, 10, 10, 10, 10, 10, 10, 10, 10, 10, 10, 10, 10, 10, 14, 10, 10, 10, 10, 10, 10, 10, 10, 10, 10, 
122: 10, 0, 10, 10, 0, 0, 0, 10, 10, 0, 0, 0, 10, 10, 0, 19, 10, 10, 1, 10, 0, 0, 0, 0, 10, 10, 0, 0, 10, 10, 0, 10, 10, 0, 10, 1, 0, 10, 0, 10, 10, 10, 0, 10, 0, 0, 10, 10, 0, 10, 10, 10, 10, 10, 10, 0, 10, 0, 0, 0, 10, 10, 10, 0, 10, 10, 0, 10, 0, 0, 19, 10, 10, 0, 0, 10, 10, 10, 0, 10, 0, 0, 10, 0, 10, 10, 0, 10, 0, 0, 10, 0, 10, 0, 8, 10, 10, 0, 10, 19, 1, 0, 0, 10, 10, 0, 0, 10, 0, 0, 1, 10, 0, 0, 0, 0, 10, 10, 10, 0, : 10, 10, 10, 10, 10, 10, 10, 19, 10, 10, 1, 10, 10, 10, 10, 10, 10, 10, 10, 1, 10, 10, 10, 10, 10, 10, 10, 10, 10, 10, 10, 10, 10, 10, 10, 10, 10, 10, 10, 10, 19, 10, 10, 10, 10, 10, 10, 10, 10, 10, 10, 10, 10, 8, 10, 10, 10, 19, 1, 10, 10, 10, 1, 10, 10, 10, 10, 
465: 10, 10, 0, 0, 10, 0, 10, 10, 0, 10, 11, 0, 0, 10, 10, 10, 0, 10, 0, 0, 0, 0, 10, 10, 0, 10, 10, 0, 10, 0, 10, 10, 0, 10, 0, 10, 2, 10, 10, 0, 10, 0, 0, 10, 10, 0, 0, 0, 0, 10, 0, 10, 10, 0, 10, 0, 0, 0, 10, 10, 0, 10, 0, 0, 10, 10, 0, 0, 0, 10, 10, 10, 10, 10, 0, 10, 0, 0, 0, 10, 10, 0, 0, 10, 10, 10, 10, 0, 10, 10, 10, 3, 10, 0, 10, 10, 10, 10, 0, 0, 0, 0, 10, 0, 0, 10, 10, 0, 10, 10, 10, 0, 0, 0, 0, 0, 10, 0, 0, 0, : 10, 10, 10, 10, 10, 10, 11, 10, 10, 10, 10, 10, 10, 10, 10, 10, 10, 10, 10, 10, 2, 10, 10, 10, 10, 10, 10, 10, 10, 10, 10, 10, 10, 10, 10, 10, 10, 10, 10, 10, 10, 10, 10, 10, 10, 10, 10, 10, 10, 10, 3, 10, 10, 10, 10, 10, 10, 10, 10, 10, 10, 10, 10, 
50: 10, 10, 10, 0, 7, 10, 0, 10, 0, 0, 10, 10, 10, 0, 10, 0, 10, 10, 10, 0, 0, 10, 3, 10, 10, 0, 10, 10, 0, 0, 0, 0, 0, 1, 0, 10, 10, 0, 0, 10, 10, 0, 0, 10, 10, 0, 0, 0, 10, 10, 0, 10, 0, 0, 0, 10, 10, 10, 10, 10, 10, 0, 10, 10, 0, 10, 10, 0, 0, 0, 10, 0, 0, 0, 10, 0, 0, 0, 10, 0, 10, 0, 0, 10, 14, 0, 0, 10, 0, 10, 0, 10, 0, 10, 10, 10, 0, 0, 10, 10, 10, 10, 0, 0, 0, 10, 10, 0, 0, 0, 0, 0, 0, 10, 0, 0, 0, 10, 10, 0, : 10, 10, 10, 7, 10, 10, 10, 10, 10, 10, 10, 10, 10, 10, 3, 10, 10, 10, 10, 1, 10, 10, 10, 10, 10, 10, 10, 10, 10, 10, 10, 10, 10, 10, 10, 10, 10, 10, 10, 10, 10, 10, 10, 10, 14, 10, 10, 10, 10, 10, 10, 10, 10, 10, 10, 10, 10, 10, 10, 10, 
155: 0, 10, 0, 0, 10, 0, 0, 10, 0, 0, 0, 10, 10, 0, 0, 0, 0, 0, 10, 10, 10, 0, 0, 10, 0, 0, 0, 10, 0, 0, 0, 10, 0, 10, 10, 10, 0, 0, 10, 11, 10, 10, 0, 0, 10, 4, 0, 10, 10, 0, 0, 0, 0, 10, 10, 2, 10, 0, 0, 0, 0, 0, 0, 0, 10, 10, 10, 0, 0, 10, 0, 10, 10, 0, 0, 0, 0, 0, 10, 10, 10, 10, 0, 0, 10, 10, 10, 0, 0, 0, 0, 10, 1, 0, 0, 0, 0, 0, 10, 0, 0, 10, 10, 0, 10, 0, 0, 10, 0, 10, 10, 0, 0, 0, 10, 10, 0, 0, 0, 10, : 10, 10, 10, 10, 10, 10, 10, 10, 10, 10, 10, 10, 10, 10, 10, 11, 10, 10, 10, 4, 10, 10, 10, 10, 2, 10, 10, 10, 10, 10, 10, 10, 10, 10, 10, 10, 10, 10, 10, 10, 1, 10, 10, 10, 10, 10, 10, 10, 10, 10, 10, 
40: 0, 10, 0, 0, 0, 0, 0, 0, 0, 0, 10, 10, 0, 10, 0, 10, 0, 0, 0, 0, 0, 0, 0, 10, 10, 0, 10, 0, 0, 10, 10, 11, 0, 10, 10, 10, 10, 10, 10, 10, 0, 0, 10, 0, 10, 10, 19, 0, 10, 10, 0, 0, 0, 0, 0, 10, 10, 10, 0, 10, 10, 0, 0, 0, 0, 0, 10, 10, 0, 0, 0, 10, 0, 10, 10, 10, 0, 1, 0, 0, 10, 10, 0, 10, 10, 10, 10, 10, 10, 10, 10, 0, 10, 10, 0, 10, 10, 0, 10, 10, 10, 0, 1, 10, 0, 0, 0, 10, 0, 0, 10, 0, 0, 10, 10, 0, 10, 10, 0, 0, : 10, 10, 10, 10, 10, 10, 10, 10, 10, 10, 11, 10, 10, 10, 10, 10, 10, 10, 10, 10, 10, 19, 10, 10, 10, 10, 10, 10, 10, 10, 10, 10, 10, 10, 10, 1, 10, 10, 10, 10, 10, 10, 10, 10, 10, 10, 10, 10, 10, 10, 10, 10, 10, 1, 10, 10, 10, 10, 10, 10, 10, 
291: 10, 0, 0, 10, 3, 10, 0, 0, 0, 10, 10, 0, 10, 10, 0, 0, 0, 0, 10, 0, 0, 10, 0, 0, 0, 19, 10, 10, 10, 0, 0, 0, 10, 7, 0, 10, 10, 10, 0, 10, 10, 0, 10, 0, 0, 10, 0, 14, 0, 0, 10, 10, 10, 10, 10, 10, 0, 10, 0, 10, 0, 0, 10, 0, 10, 0, 0, 0, 0, 1, 10, 0, 10, 0, 10, 0, 10, 10, 0, 0, 0, 0, 10, 10, 0, 10, 0, 0, 0, 10, 0, 10, 0, 0, 0, 10, 10, 10, 0, 0, 10, 10, 0, 10, 0, 10, 10, 0, 0, 10, 10, 10, 10, 0, 0, 10, 10, 10, 0, 10, : 10, 10, 3, 10, 10, 10, 10, 10, 10, 10, 19, 10, 10, 10, 10, 7, 10, 10, 10, 10, 10, 10, 10, 14, 10, 10, 10, 10, 10, 10, 10, 10, 10, 10, 1, 10, 10, 10, 10, 10, 10, 10, 10, 10, 10, 10, 10, 10, 10, 10, 10, 10, 10, 10, 10, 10, 10, 10, 10, 10, 10, 
353: 10, 10, 0, 10, 10, 0, 10, 10, 10, 10, 10, 0, 0, 10, 0, 0, 10, 10, 0, 10, 4, 10, 10, 0, 0, 0, 10, 0, 0, 0, 10, 10, 10, 0, 10, 0, 10, 10, 0, 10, 0, 10, 10, 10, 0, 10, 10, 10, 0, 0, 0, 10, 10, 10, 10, 10, 10, 0, 0, 10, 10, 10, 0, 10, 10, 5, 10, 10, 10, 0, 0, 0, 0, 0, 10, 0, 10, 0, 0, 10, 2, 10, 10, 0, 0, 10, 0, 10, 0, 10, 0, 10, 10, 10, 0, 0, 10, 10, 10, 10, 6, 10, 10, 0, 0, 0, 0, 0, 8, 10, 10, 10, 10, 0, 10, 10, 10, 10, 0, 8, : 10, 10, 10, 10, 10, 10, 10, 10, 10, 10, 10, 10, 10, 4, 10, 10, 10, 10, 10, 10, 10, 10, 10, 10, 10, 10, 10, 10, 10, 10, 10, 10, 10, 10, 10, 10, 10, 10, 10, 10, 10, 5, 10, 10, 10, 10, 10, 10, 2, 10, 10, 10, 10, 10, 10, 10, 10, 10, 10, 10, 10, 6, 10, 10, 8, 10, 10, 10, 10, 10, 10, 10, 10, 8, 
36: 10, 10, 0, 0, 0, 0, 10, 0, 0, 0, 10, 10, 0, 0, 0, 0, 0, 0, 10, 10, 10, 0, 0, 10, 0, 10, 10, 0, 0, 0, 0, 10, 0, 10, 0, 10, 10, 0, 0, 17, 10, 10, 0, 10, 10, 10, 0, 0, 10, 10, 10, 19, 0, 6, 0, 10, 0, 10, 10, 10, 0, 10, 0, 0, 0, 0, 0, 10, 0, 10, 0, 10, 10, 10, 0, 10, 10, 0, 10, 10, 11, 10, 1, 0, 0, 0, 10, 0, 0, 10, 3, 10, 10, 0, 0, 1, 0, 10, 0, 0, 10, 0, 6, 0, 0, 0, 0, 10, 10, 0, 10, 0, 10, 10, 1, 0, 10, 0, 10, 0, : 10, 10, 10, 10, 10, 10, 10, 10, 10, 10, 10, 10, 10, 10, 10, 17, 10, 10, 10, 10, 10, 10, 10, 10, 19, 6, 10, 10, 10, 10, 10, 10, 10, 10, 10, 10, 10, 10, 10, 10, 11, 10, 1, 10, 10, 3, 10, 10, 1, 10, 10, 6, 10, 10, 10, 10, 10, 1, 10, 10, 
547: 10, 10, 0, 10, 0, 10, 10, 10, 0, 10, 10, 10, 10, 0, 0, 10, 0, 10, 0, 10, 0, 0, 0, 10, 0, 10, 0, 0, 10, 10, 10, 0, 0, 10, 0, 0, 10, 0, 0, 0, 10, 10, 10, 0, 0, 10, 0, 0, 0, 10, 10, 10, 0, 0, 0, 10, 0, 0, 0, 10, 10, 10, 10, 9, 0, 0, 10, 10, 0, 0, 0, 10, 0, 10, 10, 0, 0, 10, 10, 0, 10, 0, 10, 0, 10, 0, 10, 0, 0, 10, 0, 10, 0, 0, 0, 10, 0, 10, 0, 10, 10, 10, 0, 0, 0, 0, 10, 10, 0, 0, 0, 0, 10, 10, 0, 0, 0, 10, 0, 0, : 10, 10, 10, 10, 10, 10, 10, 10, 10, 10, 10, 10, 10, 10, 10, 10, 10, 10, 10, 10, 10, 10, 10, 10, 10, 10, 10, 10, 10, 10, 10, 10, 9, 10, 10, 10, 10, 10, 10, 10, 10, 10, 10, 10, 10, 10, 10, 10, 10, 10, 10, 10, 10, 10, 10, 10, 
581: 10, 10, 0, 10, 0, 10, 10, 0, 10, 0, 0, 0, 10, 10, 0, 0, 10, 10, 0, 10, 10, 10, 0, 0, 0, 0, 10, 10, 0, 0, 10, 0, 0, 10, 0, 0, 10, 0, 0, 0, 0, 10, 0, 0, 10, 7, 0, 0, 10, 0, 0, 10, 10, 10, 0, 0, 10, 10, 10, 5, 0, 0, 10, 10, 10, 10, 10, 0, 0, 10, 10, 10, 10, 0, 0, 0, 0, 0, 10, 0, 0, 10, 10, 10, 19, 0, 0, 10, 10, 10, 0, 0, 0, 0, 0, 0, 10, 10, 10, 10, 10, 0, 10, 10, 0, 0, 0, 0, 0, 0, 10, 10, 0, 0, 10, 0, 10, 0, 0, 10, : 10, 10, 10, 10, 10, 10, 10, 10, 10, 10, 10, 10, 10, 10, 10, 10, 10, 10, 10, 10, 7, 10, 10, 10, 10, 10, 10, 10, 5, 10, 10, 10, 10, 10, 10, 10, 10, 10, 10, 10, 10, 10, 19, 10, 10, 10, 10, 10, 10, 10, 10, 10, 10, 10, 10, 10, 10, 10, 
177: 0, 10, 0, 10, 0, 10, 0, 0, 10, 10, 10, 0, 0, 10, 10, 10, 10, 10, 10, 0, 10, 0, 0, 10, 0, 0, 0, 0, 0, 0, 0, 0, 10, 10, 10, 10, 0, 0, 10, 0, 0, 0, 10, 0, 0, 10, 10, 0, 0, 0, 0, 10, 10, 0, 10, 10, 0, 0, 0, 10, 10, 0, 0, 10, 0, 0, 8, 10, 10, 10, 10, 10, 10, 10, 10, 0, 8, 10, 0, 4, 0, 0, 0, 10, 0, 10, 0, 10, 0, 0, 0, 10, 10, 0, 0, 0, 10, 0, 10, 10, 0, 10, 10, 10, 0, 0, 10, 10, 10, 10, 10, 0, 10, 0, 10, 10, 10, 1, 10, 0, : 10, 10, 10, 10, 10, 10, 10, 10, 10, 10, 10, 10, 10, 10, 10, 10, 10, 10, 10, 10, 10, 10, 10, 10, 10, 10, 10, 10, 10, 8, 10, 10, 10, 10, 10, 10, 10, 10, 8, 10, 4, 10, 10, 10, 10, 10, 10, 10, 10, 10, 10, 10, 10, 10, 10, 10, 10, 10, 10, 10, 10, 1, 10, 
57: 0, 0, 10, 10, 10, 0, 10, 10, 10, 10, 5, 10, 10, 0, 10, 10, 10, 17, 10, 10, 0, 10, 10, 10, 10, 3, 0, 10, 0, 0, 0, 10, 10, 10, 0, 10, 0, 10, 0, 0, 10, 0, 10, 0, 0, 0, 0, 0, 10, 0, 0, 10, 0, 10, 0, 0, 0, 10, 10, 10, 10, 0, 0, 10, 0, 0, 10, 10, 10, 0, 10, 10, 10, 0, 10, 0, 0, 2, 0, 0, 0, 10, 10, 10, 0, 10, 0, 10, 0, 0, 15, 10, 0, 0, 10, 10, 10, 0, 0, 10, 10, 5, 0, 0, 10, 10, 0, 10, 0, 0, 2, 0, 10, 0, 10, 0, 0, 0, 0, 10, : 10, 10, 10, 10, 10, 10, 10, 5, 10, 10, 10, 10, 10, 17, 10, 10, 10, 10, 10, 10, 3, 10, 10, 10, 10, 10, 10, 10, 10, 10, 10, 10, 10, 10, 10, 10, 10, 10, 10, 10, 10, 10, 10, 10, 2, 10, 10, 10, 10, 10, 15, 10, 10, 10, 10, 10, 10, 5, 10, 10, 10, 2, 10, 10, 10, 
528: 10, 0, 10, 0, 10, 10, 10, 0, 10, 0, 10, 10, 10, 10, 10, 10, 10, 10, 0, 0, 0, 10, 10, 0, 10, 10, 0, 10, 0, 10, 6, 10, 0, 10, 7, 10, 10, 10, 0, 0, 17, 0, 0, 19, 10, 10, 10, 10, 0, 10, 10, 10, 10, 0, 10, 10, 0, 10, 10, 0, 10, 0, 0, 10, 2, 10, 10, 10, 0, 0, 0, 10, 0, 10, 0, 10, 0, 10, 0, 0, 0, 0, 10, 0, 0, 0, 10, 10, 0, 0, 0, 0, 0, 0, 10, 10, 0, 0, 10, 0, 0, 10, 0, 10, 10, 0, 10, 0, 10, 10, 0, 10, 0, 0, 0, 0, 0, 10, 9, 10, : 10, 10, 10, 10, 10, 10, 10, 10, 10, 10, 10, 10, 10, 10, 10, 10, 10, 10, 10, 10, 6, 10, 10, 7, 10, 10, 10, 17, 19, 10, 10, 10, 10, 10, 10, 10, 10, 10, 10, 10, 10, 10, 10, 2, 10, 10, 10, 10, 10, 10, 10, 10, 10, 10, 10, 10, 10, 10, 10, 10, 10, 10, 10, 10, 10, 9, 10, 
156: 10, 0, 0, 10, 10, 10, 0, 10, 0, 10, 10, 0, 10, 10, 10, 0, 0, 0, 0, 0, 0, 10, 10, 0, 0, 10, 10, 0, 0, 0, 10, 10, 10, 0, 10, 0, 0, 0, 0, 0, 0, 0, 10, 10, 10, 10, 10, 10, 10, 10, 19, 10, 0, 0, 0, 0, 0, 10, 0, 10, 10, 10, 0, 16, 10, 10, 10, 10, 10, 0, 0, 10, 10, 10, 0, 10, 0, 0, 10, 10, 10, 10, 15, 10, 10, 18, 10, 0, 0, 0, 10, 0, 10, 0, 0, 0, 10, 0, 0, 0, 10, 0, 19, 0, 0, 10, 10, 0, 10, 10, 10, 10, 0, 0, 10, 10, 10, 0, 0, 0, : 10, 10, 10, 10, 10, 10, 10, 10, 10, 10, 10, 10, 10, 10, 10, 10, 10, 10, 10, 10, 10, 10, 10, 10, 10, 10, 19, 10, 10, 10, 10, 10, 16, 10, 10, 10, 10, 10, 10, 10, 10, 10, 10, 10, 10, 10, 15, 10, 10, 18, 10, 10, 10, 10, 10, 19, 10, 10, 10, 10, 10, 10, 10, 10, 10, 
179: 10, 0, 10, 0, 10, 10, 10, 0, 10, 10, 0, 10, 10, 0, 10, 0, 10, 10, 10, 0, 10, 0, 10, 0, 10, 0, 10, 0, 0, 10, 0, 0, 0, 0, 10, 0, 10, 10, 10, 10, 10, 0, 10, 0, 10, 10, 10, 15, 10, 10, 10, 10, 10, 10, 10, 10, 0, 0, 10, 0, 10, 0, 0, 0, 0, 0, 0, 0, 0, 0, 0, 0, 0, 10, 10, 0, 10, 0, 0, 0, 0, 10, 10, 0, 0, 10, 0, 10, 5, 0, 10, 10, 0, 10, 10, 0, 0, 7, 10, 0, 0, 0, 0, 10, 0, 10, 10, 10, 10, 0, 2, 10, 0, 0, 0, 11, 0, 10, 10, 10, : 10, 10, 10, 10, 10, 10, 10, 10, 10, 10, 10, 10, 10, 10, 10, 10, 10, 10, 10, 10, 10, 10, 10, 10, 10, 10, 10, 10, 15, 10, 10, 10, 10, 10, 10, 10, 10, 10, 10, 10, 10, 10, 10, 10, 10, 10, 5, 10, 10, 10, 10, 7, 10, 10, 10, 10, 10, 10, 2, 10, 11, 10, 10, 10, 
320: 0, 10, 0, 0, 10, 10, 10, 0, 0, 0, 10, 10, 0, 0, 10, 10, 0, 10, 10, 0, 0, 0, 0, 10, 0, 10, 4, 0, 10, 0, 10, 10, 10, 10, 0, 0, 10, 10, 0, 10, 10, 10, 0, 0, 10, 0, 10, 0, 0, 10, 10, 10, 0, 3, 0, 10, 10, 10, 0, 10, 10, 0, 10, 0, 0, 0, 10, 0, 10, 0, 0, 10, 10, 10, 0, 10, 10, 10, 0, 0, 10, 10, 10, 0, 10, 0, 6, 10, 10, 0, 10, 0, 0, 10, 20, 10, 0, 0, 10, 0, 0, 0, 10, 0, 10, 0, 10, 10, 10, 10, 0, 10, 10, 10, 10, 0, 0, 10, 0, 0, : 10, 10, 10, 10, 10, 10, 10, 10, 10, 10, 10, 10, 4, 10, 10, 10, 10, 10, 10, 10, 10, 10, 10, 10, 10, 10, 10, 10, 3, 10, 10, 10, 10, 10, 10, 10, 10, 10, 10, 10, 10, 10, 10, 10, 10, 10, 10, 6, 10, 10, 10, 10, 20, 10, 10, 10, 10, 10, 10, 10, 10, 10, 10, 10, 10, 10, 
389: 10, 0, 10, 0, 0, 10, 0, 17, 10, 10, 10, 0, 10, 10, 0, 0, 0, 10, 10, 0, 10, 0, 0, 10, 0, 10, 10, 10, 10, 10, 0, 0, 0, 0, 10, 0, 10, 0, 0, 0, 0, 10, 18, 0, 0, 10, 0, 0, 10, 10, 1, 10, 10, 0, 10, 10, 0, 10, 0, 10, 10, 0, 0, 10, 10, 0, 0, 0, 0, 0, 10, 10, 0, 0, 10, 0, 10, 10, 0, 10, 0, 0, 10, 10, 0, 0, 0, 8, 0, 10, 10, 10, 0, 10, 10, 10, 10, 0, 0, 10, 10, 10, 10, 0, 0, 10, 0, 0, 0, 10, 10, 0, 4, 10, 10, 10, 0, 10, 0, 10, : 10, 10, 10, 17, 10, 10, 10, 10, 10, 10, 10, 10, 10, 10, 10, 10, 10, 10, 10, 10, 10, 18, 10, 10, 10, 1, 10, 10, 10, 10, 10, 10, 10, 10, 10, 10, 10, 10, 10, 10, 10, 10, 10, 8, 10, 10, 10, 10, 10, 10, 10, 10, 10, 10, 10, 10, 10, 10, 4, 10, 10, 10, 10, 10, 
285: 13, 10, 0, 10, 0, 10, 10, 0, 0, 10, 0, 0, 0, 10, 0, 10, 10, 10, 0, 0, 10, 0, 0, 0, 10, 0, 0, 0, 15, 0, 10, 0, 0, 10, 0, 10, 10, 0, 0, 10, 0, 10, 10, 0, 10, 0, 0, 0, 0, 0, 10, 10, 0, 0, 10, 10, 10, 10, 0, 0, 10, 10, 18, 0, 10, 10, 10, 10, 19, 0, 10, 10, 0, 10, 10, 0, 10, 0, 0, 10, 0, 10, 10, 0, 0, 10, 0, 10, 10, 0, 0, 10, 0, 0, 10, 0, 10, 10, 0, 0, 10, 10, 0, 0, 10, 0, 0, 10, 3, 10, 0, 10, 0, 10, 10, 0, 10, 10, 0, 10, : 13, 10, 10, 10, 10, 10, 10, 10, 10, 10, 10, 10, 15, 10, 10, 10, 10, 10, 10, 10, 10, 10, 10, 10, 10, 10, 10, 10, 10, 18, 10, 10, 10, 10, 19, 10, 10, 10, 10, 10, 10, 10, 10, 10, 10, 10, 10, 10, 10, 10, 10, 10, 10, 10, 3, 10, 10, 10, 10, 10, 10, 10, 
137: 0, 0, 0, 0, 10, 0, 10, 10, 10, 10, 0, 0, 10, 1, 10, 10, 10, 10, 10, 10, 10, 10, 10, 10, 10, 19, 10, 0, 10, 10, 0, 0, 10, 10, 0, 0, 10, 0, 10, 0, 0, 0, 10, 10, 10, 0, 10, 0, 0, 0, 0, 10, 0, 0, 0, 10, 0, 0, 0, 10, 10, 10, 0, 10, 10, 0, 10, 0, 0, 10, 0, 10, 10, 10, 0, 0, 0, 0, 10, 0, 0, 0, 10, 10, 0, 0, 10, 0, 10, 0, 0, 0, 10, 10, 3, 15, 0, 10, 0, 10, 10, 0, 0, 0, 0, 10, 0, 0, 0, 10, 0, 0, 10, 0, 10, 0, 10, 10, 0, 0, : 10, 10, 10, 10, 10, 10, 1, 10, 10, 10, 10, 10, 10, 10, 10, 10, 10, 10, 19, 10, 10, 10, 10, 10, 10, 10, 10, 10, 10, 10, 10, 10, 10, 10, 10, 10, 10, 10, 10, 10, 10, 10, 10, 10, 10, 10, 10, 10, 10, 3, 15, 10, 10, 10, 10, 10, 10, 10, 10, 10, 
335: 0, 0, 0, 0, 0, 0, 0, 0, 0, 10, 0, 10, 0, 10, 0, 0, 10, 0, 10, 0, 10, 10, 0, 10, 10, 0, 0, 0, 10, 10, 0, 10, 10, 0, 0, 0, 10, 10, 10, 0, 0, 0, 0, 10, 0, 0, 10, 0, 0, 0, 0, 0, 0, 10, 10, 10, 10, 10, 10, 0, 0, 10, 10, 10, 10, 8, 0, 10, 10, 10, 10, 0, 10, 0, 0, 0, 0, 10, 0, 0, 10, 5, 0, 10, 0, 0, 0, 10, 10, 10, 10, 10, 0, 10, 10, 10, 0, 0, 10, 10, 10, 0, 0, 10, 0, 10, 10, 0, 10, 0, 0, 0, 0, 10, 0, 10, 0, 10, 0, 0, : 10, 10, 10, 10, 10, 10, 10, 10, 10, 10, 10, 10, 10, 10, 10, 10, 10, 10, 10, 10, 10, 10, 10, 10, 10, 10, 10, 10, 8, 10, 10, 10, 10, 10, 10, 10, 5, 10, 10, 10, 10, 10, 10, 10, 10, 10, 10, 10, 10, 10, 10, 10, 10, 10, 10, 10, 
308: 0, 10, 0, 0, 10, 0, 0, 13, 10, 1, 0, 10, 0, 10, 10, 0, 10, 10, 10, 13, 10, 0, 10, 10, 0, 10, 0, 0, 10, 10, 0, 10, 10, 10, 0, 6, 0, 10, 10, 0, 0, 0, 0, 10, 0, 10, 0, 0, 10, 0, 0, 0, 0, 10, 10, 10, 0, 0, 10, 0, 0, 0, 10, 10, 10, 0, 0, 0, 0, 10, 10, 0, 10, 10, 10, 0, 10, 10, 10, 10, 10, 0, 10, 10, 0, 10, 10, 10, 10, 0, 0, 10, 10, 0, 10, 0, 10, 10, 10, 0, 0, 10, 10, 10, 0, 0, 10, 10, 0, 10, 10, 10, 0, 10, 0, 0, 10, 10, 0, 0, : 10, 10, 13, 10, 1, 10, 10, 10, 10, 10, 10, 13, 10, 10, 10, 10, 10, 10, 10, 10, 10, 6, 10, 10, 10, 10, 10, 10, 10, 10, 10, 10, 10, 10, 10, 10, 10, 10, 10, 10, 10, 10, 10, 10, 10, 10, 10, 10, 10, 10, 10, 10, 10, 10, 10, 10, 10, 10, 10, 10, 10, 10, 10, 10, 10, 10, 10, 
446: 10, 10, 0, 0, 10, 0, 10, 0, 10, 10, 10, 10, 0, 10, 10, 0, 0, 10, 10, 0, 0, 10, 10, 0, 10, 0, 0, 0, 10, 10, 0, 10, 0, 0, 10, 10, 0, 10, 10, 0, 0, 0, 10, 10, 0, 10, 0, 10, 10, 0, 10, 10, 0, 10, 0, 10, 0, 0, 0, 10, 10, 0, 0, 0, 0, 0, 0, 0, 0, 10, 0, 0, 0, 10, 10, 10, 10, 10, 10, 0, 0, 0, 0, 10, 0, 0, 10, 10, 10, 10, 0, 0, 0, 0, 0, 10, 10, 10, 0, 0, 0, 1, 0, 10, 10, 0, 0, 0, 10, 0, 0, 0, 10, 0, 0, 10, 0, 0, 10, 10, : 10, 10, 10, 10, 10, 10, 10, 10, 10, 10, 10, 10, 10, 10, 10, 10, 10, 10, 10, 10, 10, 10, 10, 10, 10, 10, 10, 10, 10, 10, 10, 10, 10, 10, 10, 10, 10, 10, 10, 10, 10, 10, 10, 10, 10, 10, 10, 10, 1, 10, 10, 10, 10, 10, 10, 10, 
459: 0, 0, 10, 10, 10, 0, 10, 10, 10, 0, 10, 0, 0, 0, 0, 10, 10, 0, 10, 10, 10, 0, 0, 10, 0, 12, 10, 10, 10, 10, 10, 10, 10, 0, 10, 10, 0, 0, 17, 10, 10, 0, 0, 10, 10, 10, 10, 10, 18, 10, 10, 0, 10, 0, 10, 0, 10, 10, 0, 0, 0, 10, 0, 0, 10, 10, 10, 10, 0, 10, 0, 0, 10, 0, 0, 10, 0, 0, 0, 10, 10, 10, 10, 0, 0, 10, 0, 0, 0, 0, 10, 20, 10, 0, 10, 10, 0, 10, 0, 0, 0, 0, 0, 0, 10, 10, 0, 0, 0, 10, 0, 10, 0, 0, 10, 0, 10, 0, 10, 0, : 10, 10, 10, 10, 10, 10, 10, 10, 10, 10, 10, 10, 10, 12, 10, 10, 10, 10, 10, 10, 10, 10, 10, 17, 10, 10, 10, 10, 10, 10, 10, 18, 10, 10, 10, 10, 10, 10, 10, 10, 10, 10, 10, 10, 10, 10, 10, 10, 10, 10, 10, 10, 20, 10, 10, 10, 10, 10, 10, 10, 10, 10, 10, 10, 
240: 0, 1, 10, 10, 10, 10, 0, 0, 0, 0, 0, 0, 0, 0, 10, 10, 0, 10, 0, 0, 0, 0, 10, 17, 10, 10, 10, 0, 0, 10, 10, 0, 0, 0, 10, 0, 10, 0, 0, 10, 0, 0, 10, 0, 10, 10, 0, 0, 10, 10, 5, 10, 10, 0, 0, 0, 10, 0, 10, 0, 0, 0, 10, 0, 0, 10, 0, 10, 0, 10, 0, 0, 10, 0, 10, 10, 10, 10, 10, 10, 0, 10, 0, 10, 0, 0, 0, 0, 10, 10, 10, 10, 0, 0, 10, 0, 0, 10, 0, 0, 0, 10, 0, 0, 0, 10, 10, 0, 0, 10, 0, 10, 0, 10, 10, 0, 0, 10, 10, 0, : 1, 10, 10, 10, 10, 10, 10, 10, 10, 17, 10, 10, 10, 10, 10, 10, 10, 10, 10, 10, 10, 10, 10, 5, 10, 10, 10, 10, 10, 10, 10, 10, 10, 10, 10, 10, 10, 10, 10, 10, 10, 10, 10, 10, 10, 10, 10, 10, 10, 10, 10, 10, 10, 10, 10, 10, 
463: 0, 3, 10, 0, 0, 0, 0, 0, 10, 10, 10, 0, 0, 10, 0, 10, 0, 10, 10, 0, 0, 0, 0, 10, 10, 10, 0, 10, 0, 0, 0, 0, 10, 10, 0, 0, 0, 10, 0, 0, 0, 0, 10, 10, 3, 0, 10, 3, 1, 0, 0, 0, 0, 0, 10, 10, 0, 0, 0, 10, 10, 0, 0, 10, 10, 0, 10, 10, 10, 10, 10, 10, 10, 10, 0, 10, 10, 10, 10, 0, 10, 10, 0, 10, 10, 10, 10, 10, 0, 10, 10, 10, 7, 10, 0, 10, 10, 10, 10, 10, 10, 10, 0, 0, 10, 10, 0, 0, 10, 10, 0, 10, 10, 0, 10, 0, 10, 10, 10, 10, : 3, 10, 10, 10, 10, 10, 10, 10, 10, 10, 10, 10, 10, 10, 10, 10, 10, 10, 3, 10, 3, 1, 10, 10, 10, 10, 10, 10, 10, 10, 10, 10, 10, 10, 10, 10, 10, 10, 10, 10, 10, 10, 10, 10, 10, 10, 10, 10, 10, 10, 7, 10, 10, 10, 10, 10, 10, 10, 10, 10, 10, 10, 10, 10, 10, 10, 10, 10, 10, 10, 
428: 10, 10, 0, 10, 0, 0, 10, 7, 0, 0, 1, 10, 10, 10, 0, 0, 10, 0, 0, 10, 10, 0, 10, 10, 10, 0, 10, 0, 0, 10, 10, 0, 0, 1, 0, 0, 10, 10, 0, 10, 0, 0, 10, 10, 10, 10, 0, 10, 10, 10, 0, 0, 10, 0, 10, 2, 10, 10, 0, 0, 0, 0, 10, 10, 0, 10, 0, 0, 0, 10, 10, 10, 10, 0, 0, 0, 10, 0, 10, 10, 0, 10, 10, 18, 0, 1, 0, 0, 0, 10, 0, 0, 10, 10, 0, 10, 0, 0, 0, 1, 0, 0, 10, 10, 10, 0, 0, 0, 0, 10, 10, 0, 0, 0, 10, 10, 10, 10, 10, 0, : 10, 10, 10, 10, 7, 1, 10, 10, 10, 10, 10, 10, 10, 10, 10, 10, 10, 10, 1, 10, 10, 10, 10, 10, 10, 10, 10, 10, 10, 10, 10, 2, 10, 10, 10, 10, 10, 10, 10, 10, 10, 10, 10, 10, 10, 10, 18, 1, 10, 10, 10, 10, 1, 10, 10, 10, 10, 10, 10, 10, 10, 10, 10, 
143: 10, 10, 0, 0, 0, 0, 10, 10, 10, 10, 0, 0, 10, 10, 0, 10, 0, 0, 0, 10, 10, 0, 10, 0, 10, 10, 10, 0, 1, 10, 10, 10, 0, 10, 0, 0, 0, 0, 0, 0, 10, 10, 0, 13, 10, 10, 10, 0, 0, 0, 0, 10, 0, 0, 10, 0, 10, 10, 0, 0, 10, 10, 10, 10, 10, 10, 0, 0, 0, 10, 10, 10, 10, 10, 3, 0, 0, 0, 0, 10, 8, 10, 0, 0, 10, 10, 10, 10, 10, 10, 10, 10, 10, 0, 10, 0, 0, 0, 0, 0, 10, 10, 10, 0, 10, 10, 10, 0, 0, 0, 8, 10, 10, 0, 0, 10, 10, 2, 10, 0, : 10, 10, 10, 10, 10, 10, 10, 10, 10, 10, 10, 10, 10, 10, 10, 1, 10, 10, 10, 10, 10, 10, 13, 10, 10, 10, 10, 10, 10, 10, 10, 10, 10, 10, 10, 10, 10, 10, 10, 10, 10, 3, 10, 8, 10, 10, 10, 10, 10, 10, 10, 10, 10, 10, 10, 10, 10, 10, 10, 10, 10, 8, 10, 10, 10, 10, 2, 10, 
83: 0, 10, 10, 10, 10, 0, 0, 0, 10, 10, 10, 0, 0, 0, 0, 0, 10, 0, 10, 10, 0, 10, 10, 10, 0, 0, 0, 10, 10, 0, 10, 10, 0, 10, 10, 10, 0, 0, 0, 0, 10, 10, 10, 0, 10, 0, 0, 10, 0, 0, 0, 10, 0, 0, 0, 0, 10, 0, 0, 0, 0, 10, 0, 2, 0, 10, 0, 0, 10, 0, 10, 10, 10, 0, 0, 0, 0, 10, 0, 10, 0, 10, 10, 0, 0, 10, 10, 0, 0, 10, 10, 0, 0, 8, 0, 10, 3, 0, 10, 0, 10, 10, 10, 0, 10, 10, 0, 0, 10, 0, 10, 10, 0, 0, 10, 10, 10, 10, 10, 10, : 10, 10, 10, 10, 10, 10, 10, 10, 10, 10, 10, 10, 10, 10, 10, 10, 10, 10, 10, 10, 10, 10, 10, 10, 10, 10, 10, 10, 2, 10, 10, 10, 10, 10, 10, 10, 10, 10, 10, 10, 10, 10, 8, 10, 3, 10, 10, 10, 10, 10, 10, 10, 10, 10, 10, 10, 10, 10, 10, 10, 
511: 0, 0, 10, 0, 10, 10, 0, 10, 0, 0, 10, 10, 0, 10, 10, 1, 10, 10, 2, 10, 0, 10, 0, 0, 10, 0, 10, 0, 10, 10, 10, 0, 0, 0, 10, 0, 0, 10, 10, 3, 0, 10, 0, 0, 0, 0, 0, 10, 10, 10, 0, 0, 0, 10, 0, 10, 0, 10, 10, 10, 0, 10, 10, 10, 0, 0, 0, 0, 0, 8, 10, 10, 0, 0, 0, 0, 0, 0, 0, 7, 0, 10, 0, 10, 0, 0, 0, 10, 0, 10, 0, 10, 10, 10, 0, 0, 10, 0, 10, 10, 0, 10, 10, 0, 0, 0, 0, 3, 0, 10, 0, 0, 0, 10, 0, 0, 10, 10, 10, 10, : 10, 10, 10, 10, 10, 10, 10, 10, 1, 10, 10, 2, 10, 10, 10, 10, 10, 10, 10, 10, 10, 10, 3, 10, 10, 10, 10, 10, 10, 10, 10, 10, 10, 10, 10, 8, 10, 10, 7, 10, 10, 10, 10, 10, 10, 10, 10, 10, 10, 10, 10, 3, 10, 10, 10, 10, 10, 10, 
10: 10, 0, 0, 0, 0, 0, 10, 0, 10, 0, 0, 0, 10, 10, 10, 10, 10, 10, 10, 0, 10, 10, 10, 0, 10, 10, 10, 0, 0, 0, 0, 0, 10, 0, 5, 10, 10, 0, 10, 0, 10, 16, 0, 10, 0, 10, 0, 0, 0, 10, 10, 10, 10, 0, 10, 10, 10, 0, 10, 10, 0, 0, 10, 0, 0, 10, 0, 10, 10, 10, 10, 0, 10, 10, 5, 0, 10, 0, 10, 10, 0, 10, 0, 10, 10, 10, 0, 10, 0, 10, 0, 0, 10, 10, 0, 10, 0, 10, 10, 0, 0, 0, 0, 0, 0, 14, 10, 10, 10, 0, 10, 10, 10, 10, 10, 10, 0, 0, 10, 3, : 10, 10, 10, 10, 10, 10, 10, 10, 10, 10, 10, 10, 10, 10, 10, 10, 10, 5, 10, 10, 10, 10, 16, 10, 10, 10, 10, 10, 10, 10, 10, 10, 10, 10, 10, 10, 10, 10, 10, 10, 10, 10, 5, 10, 10, 10, 10, 10, 10, 10, 10, 10, 10, 10, 10, 10, 10, 14, 10, 10, 10, 10, 10, 10, 10, 10, 10, 10, 3, 
403: 0, 0, 10, 10, 0, 10, 0, 0, 10, 10, 0, 0, 10, 0, 10, 10, 0, 0, 10, 0, 10, 10, 10, 0, 10, 4, 10, 0, 0, 10, 0, 0, 10, 0, 10, 10, 0, 0, 10, 0, 0, 10, 10, 0, 10, 10, 10, 10, 10, 10, 10, 10, 0, 10, 10, 10, 10, 10, 10, 10, 0, 10, 10, 10, 0, 10, 0, 10, 10, 10, 0, 10, 0, 10, 10, 10, 10, 10, 0, 10, 10, 10, 0, 0, 0, 0, 0, 0, 10, 10, 0, 10, 10, 10, 10, 10, 0, 0, 0, 10, 10, 10, 0, 10, 10, 0, 10, 10, 10, 0, 0, 2, 10, 0, 0, 0, 10, 10, 10, 0, : 10, 10, 10, 10, 10, 10, 10, 10, 10, 10, 10, 10, 10, 4, 10, 10, 10, 10, 10, 10, 10, 10, 10, 10, 10, 10, 10, 10, 10, 10, 10, 10, 10, 10, 10, 10, 10, 10, 10, 10, 10, 10, 10, 10, 10, 10, 10, 10, 10, 10, 10, 10, 10, 10, 10, 10, 10, 10, 10, 10, 10, 10, 10, 10, 10, 10, 10, 10, 2, 10, 10, 10, 10, 
527: 0, 0, 0, 10, 10, 10, 10, 0, 10, 0, 10, 10, 10, 10, 0, 0, 0, 10, 10, 0, 0, 0, 10, 10, 10, 10, 0, 10, 0, 0, 0, 10, 0, 0, 10, 12, 0, 0, 0, 10, 10, 2, 7, 0, 0, 0, 10, 0, 0, 0, 0, 10, 10, 10, 10, 0, 0, 0, 10, 10, 0, 0, 0, 0, 10, 10, 10, 0, 0, 0, 10, 10, 10, 10, 10, 10, 0, 10, 10, 10, 10, 0, 0, 10, 10, 10, 0, 0, 10, 0, 10, 0, 10, 10, 10, 0, 10, 0, 4, 0, 0, 10, 1, 10, 10, 0, 10, 10, 10, 17, 0, 1, 10, 0, 10, 10, 10, 0, 10, 0, : 10, 10, 10, 10, 10, 10, 10, 10, 10, 10, 10, 10, 10, 10, 10, 10, 10, 10, 12, 10, 10, 2, 7, 10, 10, 10, 10, 10, 10, 10, 10, 10, 10, 10, 10, 10, 10, 10, 10, 10, 10, 10, 10, 10, 10, 10, 10, 10, 10, 10, 10, 10, 4, 10, 1, 10, 10, 10, 10, 10, 17, 1, 10, 10, 10, 10, 10, 
556: 10, 10, 10, 0, 0, 10, 0, 10, 10, 10, 10, 0, 0, 0, 0, 10, 0, 0, 0, 10, 10, 10, 0, 0, 0, 10, 10, 0, 0, 0, 10, 0, 0, 0, 0, 0, 10, 10, 0, 0, 0, 0, 10, 0, 0, 10, 10, 0, 10, 10, 10, 10, 10, 0, 0, 10, 0, 0, 10, 0, 1, 19, 0, 0, 0, 10, 0, 0, 10, 0, 10, 10, 0, 0, 10, 0, 10, 0, 0, 10, 0, 0, 0, 7, 0, 0, 10, 10, 10, 10, 10, 10, 0, 10, 10, 7, 9, 0, 10, 10, 6, 11, 1, 10, 10, 10, 10, 0, 0, 0, 0, 10, 10, 0, 10, 0, 0, 0, 10, 10, : 10, 10, 10, 10, 10, 10, 10, 10, 10, 10, 10, 10, 10, 10, 10, 10, 10, 10, 10, 10, 10, 10, 10, 10, 10, 10, 10, 1, 19, 10, 10, 10, 10, 10, 10, 10, 7, 10, 10, 10, 10, 10, 10, 10, 10, 7, 9, 10, 10, 6, 11, 1, 10, 10, 10, 10, 10, 10, 10, 10, 10, 
582: 0, 10, 0, 0, 0, 10, 10, 0, 0, 0, 0, 0, 10, 10, 10, 10, 0, 10, 0, 10, 0, 10, 0, 10, 10, 0, 0, 10, 10, 0, 4, 0, 10, 0, 10, 0, 0, 10, 0, 10, 10, 16, 0, 0, 10, 0, 0, 10, 0, 0, 0, 0, 10, 10, 0, 14, 10, 10, 10, 0, 10, 0, 10, 0, 2, 10, 0, 0, 10, 0, 0, 10, 0, 16, 0, 10, 0, 10, 10, 4, 10, 0, 0, 10, 0, 10, 10, 0, 10, 0, 10, 0, 0, 10, 0, 0, 10, 0, 0, 0, 0, 0, 0, 10, 0, 10, 0, 10, 10, 0, 0, 0, 10, 0, 0, 10, 0, 1, 10, 10, : 10, 10, 10, 10, 10, 10, 10, 10, 10, 10, 10, 10, 10, 10, 4, 10, 10, 10, 10, 10, 16, 10, 10, 10, 10, 14, 10, 10, 10, 10, 10, 2, 10, 10, 10, 16, 10, 10, 10, 4, 10, 10, 10, 10, 10, 10, 10, 10, 10, 10, 10, 10, 10, 10, 1, 10, 10, 
16: 10, 10, 0, 0, 10, 10, 0, 0, 10, 0, 10, 0, 10, 10, 10, 10, 11, 10, 0, 10, 0, 10, 10, 0, 10, 10, 10, 10, 10, 0, 0, 0, 0, 0, 10, 0, 10, 1, 19, 10, 0, 0, 0, 10, 10, 0, 0, 10, 0, 10, 10, 10, 10, 0, 0, 0, 0, 0, 10, 10, 0, 0, 10, 10, 0, 0, 0, 0, 0, 0, 10, 10, 10, 10, 10, 10, 0, 10, 0, 10, 10, 0, 10, 0, 10, 0, 10, 0, 0, 0, 0, 10, 0, 10, 10, 0, 10, 10, 10, 10, 10, 10, 10, 10, 0, 0, 0, 0, 0, 0, 10, 0, 10, 10, 0, 0, 10, 0, 16, 10, : 10, 10, 10, 10, 10, 10, 10, 10, 10, 10, 11, 10, 10, 10, 10, 10, 10, 10, 10, 10, 10, 10, 1, 19, 10, 10, 10, 10, 10, 10, 10, 10, 10, 10, 10, 10, 10, 10, 10, 10, 10, 10, 10, 10, 10, 10, 10, 10, 10, 10, 10, 10, 10, 10, 10, 10, 10, 10, 10, 10, 10, 10, 10, 16, 10, 
59: 10, 10, 0, 1, 0, 10, 2, 10, 10, 10, 1, 10, 10, 10, 10, 10, 10, 0, 0, 10, 0, 0, 0, 0, 0, 10, 0, 10, 10, 10, 0, 0, 0, 0, 10, 0, 0, 0, 10, 10, 0, 10, 0, 0, 10, 10, 0, 10, 10, 0, 10, 0, 0, 0, 10, 10, 0, 10, 0, 10, 10, 0, 0, 0, 0, 0, 10, 0, 10, 0, 10, 10, 0, 10, 10, 10, 10, 0, 6, 0, 0, 0, 0, 10, 1, 0, 10, 10, 0, 10, 10, 10, 10, 0, 0, 10, 10, 0, 0, 10, 10, 0, 10, 0, 10, 10, 10, 0, 10, 10, 0, 10, 10, 10, 10, 0, 0, 10, 10, 10, : 10, 10, 1, 10, 2, 10, 10, 10, 1, 10, 10, 10, 10, 10, 10, 10, 10, 10, 10, 10, 10, 10, 10, 10, 10, 10, 10, 10, 10, 10, 10, 10, 10, 10, 10, 10, 10, 10, 10, 10, 10, 10, 6, 10, 1, 10, 10, 10, 10, 10, 10, 10, 10, 10, 10, 10, 10, 10, 10, 10, 10, 10, 10, 10, 10, 10, 10, 10, 
370: 0, 0, 10, 0, 0, 0, 10, 0, 0, 10, 3, 10, 0, 0, 10, 10, 0, 10, 0, 10, 10, 0, 0, 10, 0, 0, 10, 10, 0, 10, 0, 0, 0, 0, 10, 0, 0, 0, 0, 10, 10, 0, 0, 0, 0, 0, 0, 10, 0, 0, 10, 10, 0, 0, 10, 0, 10, 0, 0, 10, 12, 10, 10, 10, 10, 0, 10, 0, 0, 10, 0, 10, 3, 0, 10, 0, 6, 0, 0, 0, 10, 0, 0, 7, 10, 0, 0, 10, 0, 0, 10, 0, 0, 10, 10, 10, 0, 0, 0, 10, 0, 10, 0, 0, 0, 0, 0, 10, 0, 2, 0, 10, 0, 1, 0, 10, 10, 0, 10, 10, : 10, 10, 10, 3, 10, 10, 10, 10, 10, 10, 10, 10, 10, 10, 10, 10, 10, 10, 10, 10, 10, 10, 10, 12, 10, 10, 10, 10, 10, 10, 10, 3, 10, 6, 10, 7, 10, 10, 10, 10, 10, 10, 10, 10, 10, 2, 10, 1, 10, 10, 10, 10, 
147: 10, 10, 10, 10, 10, 0, 10, 0, 0, 0, 0, 15, 11, 0, 0, 0, 0, 0, 0, 10, 10, 10, 0, 0, 0, 0, 0, 10, 10, 0, 10, 10, 10, 10, 0, 0, 0, 10, 10, 4, 8, 0, 10, 0, 10, 0, 0, 0, 10, 10, 0, 0, 0, 10, 0, 0, 0, 0, 7, 0, 10, 10, 0, 10, 10, 0, 10, 10, 10, 0, 0, 0, 10, 10, 10, 10, 0, 10, 10, 0, 10, 0, 10, 10, 0, 10, 10, 10, 10, 0, 10, 0, 0, 0, 10, 0, 0, 0, 10, 0, 0, 10, 10, 10, 0, 10, 0, 0, 0, 10, 0, 0, 0, 10, 10, 0, 0, 0, 10, 10, : 10, 10, 10, 10, 10, 10, 15, 11, 10, 10, 10, 10, 10, 10, 10, 10, 10, 10, 10, 4, 8, 10, 10, 10, 10, 10, 7, 10, 10, 10, 10, 10, 10, 10, 10, 10, 10, 10, 10, 10, 10, 10, 10, 10, 10, 10, 10, 10, 10, 10, 10, 10, 10, 10, 10, 10, 10, 10, 10, 
90: 10, 10, 10, 0, 0, 10, 10, 10, 0, 0, 0, 10, 0, 0, 10, 10, 0, 0, 0, 0, 10, 11, 10, 10, 13, 0, 0, 10, 0, 0, 0, 0, 10, 0, 10, 0, 10, 10, 0, 0, 0, 0, 10, 10, 0, 10, 10, 0, 0, 10, 10, 0, 0, 10, 0, 0, 10, 10, 10, 0, 10, 10, 0, 10, 0, 0, 10, 10, 10, 10, 10, 0, 10, 0, 0, 0, 10, 0, 0, 0, 10, 0, 10, 0, 0, 10, 0, 0, 0, 0, 0, 0, 0, 0, 10, 10, 0, 0, 0, 10, 10, 10, 10, 10, 10, 0, 10, 0, 10, 10, 10, 0, 0, 10, 10, 10, 0, 1, 10, 0, : 10, 10, 10, 10, 10, 10, 10, 10, 10, 10, 11, 10, 10, 13, 10, 10, 10, 10, 10, 10, 10, 10, 10, 10, 10, 10, 10, 10, 10, 10, 10, 10, 10, 10, 10, 10, 10, 10, 10, 10, 10, 10, 10, 10, 10, 10, 10, 10, 10, 10, 10, 10, 10, 10, 10, 10, 10, 1, 10, 
124: 10, 0, 0, 10, 0, 10, 0, 10, 0, 1, 0, 0, 0, 10, 0, 0, 0, 0, 10, 0, 10, 0, 10, 10, 0, 0, 10, 0, 0, 10, 0, 0, 10, 10, 0, 0, 0, 10, 0, 10, 0, 10, 10, 10, 0, 0, 10, 10, 10, 0, 10, 0, 0, 10, 0, 0, 0, 10, 0, 10, 0, 0, 0, 10, 10, 10, 10, 10, 0, 2, 10, 0, 10, 0, 0, 0, 0, 0, 10, 10, 0, 0, 10, 10, 0, 0, 0, 0, 10, 0, 10, 10, 0, 19, 10, 0, 10, 10, 13, 0, 0, 10, 0, 10, 10, 10, 10, 10, 0, 0, 10, 0, 0, 10, 10, 0, 2, 0, 0, 0, : 10, 10, 10, 10, 1, 10, 10, 10, 10, 10, 10, 10, 10, 10, 10, 10, 10, 10, 10, 10, 10, 10, 10, 10, 10, 10, 10, 10, 10, 10, 10, 2, 10, 10, 10, 10, 10, 10, 10, 10, 10, 19, 10, 10, 10, 13, 10, 10, 10, 10, 10, 10, 10, 10, 10, 2, 
530: 10, 0, 0, 0, 10, 0, 10, 0, 10, 10, 0, 10, 0, 0, 0, 0, 0, 10, 10, 0, 10, 0, 10, 0, 0, 0, 10, 10, 0, 10, 0, 10, 10, 10, 10, 0, 10, 10, 0, 15, 0, 10, 0, 10, 0, 0, 10, 10, 0, 10, 10, 0, 0, 0, 10, 10, 0, 10, 0, 10, 10, 0, 0, 0, 0, 0, 10, 0, 10, 10, 10, 0, 0, 0, 10, 0, 10, 0, 10, 1, 10, 10, 10, 0, 10, 10, 10, 0, 0, 10, 10, 10, 10, 0, 10, 1, 0, 10, 3, 10, 10, 10, 0, 0, 18, 0, 0, 0, 10, 0, 10, 10, 0, 10, 0, 0, 0, 0, 0, 0, : 10, 10, 10, 10, 10, 10, 10, 10, 10, 10, 10, 10, 10, 10, 10, 10, 10, 10, 10, 15, 10, 10, 10, 10, 10, 10, 10, 10, 10, 10, 10, 10, 10, 10, 10, 10, 10, 10, 1, 10, 10, 10, 10, 10, 10, 10, 10, 10, 10, 10, 1, 10, 3, 10, 10, 10, 18, 10, 10, 10, 10, 
181: 0, 10, 10, 10, 0, 10, 10, 10, 8, 0, 0, 10, 10, 10, 10, 0, 10, 0, 0, 0, 10, 0, 0, 0, 0, 10, 0, 0, 0, 2, 0, 10, 10, 0, 0, 0, 0, 3, 0, 0, 0, 10, 10, 10, 10, 10, 0, 10, 0, 0, 0, 10, 10, 10, 10, 0, 0, 0, 10, 10, 0, 0, 0, 0, 0, 0, 0, 10, 10, 3, 0, 10, 10, 0, 10, 10, 10, 10, 10, 10, 0, 10, 0, 10, 0, 10, 0, 10, 0, 0, 0, 0, 10, 0, 0, 10, 10, 0, 10, 10, 0, 0, 10, 0, 0, 0, 10, 0, 0, 0, 10, 0, 10, 0, 10, 10, 0, 0, 10, 10, : 10, 10, 10, 10, 10, 10, 8, 10, 10, 10, 10, 10, 10, 10, 2, 10, 10, 3, 10, 10, 10, 10, 10, 10, 10, 10, 10, 10, 10, 10, 10, 10, 3, 10, 10, 10, 10, 10, 10, 10, 10, 10, 10, 10, 10, 10, 10, 10, 10, 10, 10, 10, 10, 10, 10, 10, 10, 10, 
189: 0, 0, 10, 0, 0, 0, 10, 10, 0, 0, 0, 10, 0, 0, 0, 10, 1, 0, 10, 10, 10, 0, 10, 10, 10, 0, 0, 0, 10, 10, 0, 10, 0, 0, 10, 0, 0, 0, 10, 10, 10, 0, 10, 0, 0, 4, 7, 0, 10, 0, 0, 0, 10, 10, 10, 0, 10, 0, 10, 10, 0, 10, 0, 10, 10, 10, 6, 0, 0, 10, 10, 0, 10, 0, 0, 10, 10, 10, 10, 10, 0, 0, 0, 10, 10, 2, 0, 0, 10, 10, 10, 0, 0, 0, 10, 10, 10, 10, 10, 10, 0, 0, 0, 10, 0, 10, 0, 10, 10, 0, 10, 0, 0, 0, 10, 0, 10, 10, 0, 0, : 10, 10, 10, 10, 10, 1, 10, 10, 10, 10, 10, 10, 10, 10, 10, 10, 10, 10, 10, 10, 4, 7, 10, 10, 10, 10, 10, 10, 10, 10, 10, 10, 10, 6, 10, 10, 10, 10, 10, 10, 10, 10, 10, 10, 2, 10, 10, 10, 10, 10, 10, 10, 10, 10, 10, 10, 10, 10, 10, 10, 10, 10, 
9: 0, 10, 10, 0, 10, 0, 0, 0, 10, 0, 10, 0, 0, 10, 0, 10, 0, 0, 0, 0, 10, 13, 0, 10, 0, 0, 10, 10, 0, 0, 10, 10, 10, 0, 10, 0, 10, 0, 0, 10, 10, 0, 10, 0, 0, 10, 0, 0, 10, 0, 0, 0, 1, 10, 0, 10, 0, 0, 0, 10, 10, 10, 0, 0, 0, 10, 0, 0, 0, 10, 0, 10, 10, 0, 10, 10, 0, 10, 0, 10, 0, 0, 10, 10, 10, 10, 0, 10, 0, 0, 10, 10, 0, 0, 0, 10, 10, 10, 10, 10, 10, 10, 10, 10, 10, 10, 0, 0, 0, 10, 0, 0, 0, 10, 0, 10, 0, 10, 10, 10, : 10, 10, 10, 10, 10, 10, 10, 10, 13, 10, 10, 10, 10, 10, 10, 10, 10, 10, 10, 10, 10, 10, 1, 10, 10, 10, 10, 10, 10, 10, 10, 10, 10, 10, 10, 10, 10, 10, 10, 10, 10, 10, 10, 10, 10, 10, 10, 10, 10, 10, 10, 10, 10, 10, 10, 10, 10, 10, 10, 10, 
27: 10, 0, 0, 0, 10, 10, 0, 0, 0, 10, 10, 10, 10, 0, 13, 0, 10, 10, 10, 0, 0, 0, 10, 0, 10, 0, 10, 0, 0, 10, 0, 0, 10, 10, 10, 0, 10, 10, 0, 10, 0, 10, 0, 0, 0, 0, 10, 0, 10, 10, 0, 0, 10, 10, 10, 10, 0, 10, 1, 0, 10, 10, 10, 0, 10, 0, 0, 10, 10, 10, 0, 0, 0, 0, 0, 10, 10, 0, 0, 10, 10, 10, 0, 0, 10, 0, 0, 0, 0, 10, 10, 0, 0, 10, 0, 10, 0, 0, 10, 10, 0, 7, 0, 0, 10, 10, 10, 0, 10, 0, 10, 0, 10, 10, 10, 0, 10, 10, 10, 0, : 10, 10, 10, 10, 10, 10, 10, 13, 10, 10, 10, 10, 10, 10, 10, 10, 10, 10, 10, 10, 10, 10, 10, 10, 10, 10, 10, 10, 10, 10, 1, 10, 10, 10, 10, 10, 10, 10, 10, 10, 10, 10, 10, 10, 10, 10, 10, 10, 10, 10, 7, 10, 10, 10, 10, 10, 10, 10, 10, 10, 10, 10, 
488: 10, 0, 10, 10, 10, 0, 0, 10, 10, 0, 0, 0, 10, 0, 0, 0, 0, 10, 10, 10, 0, 0, 10, 0, 0, 10, 0, 10, 10, 0, 0, 0, 0, 0, 0, 0, 0, 10, 0, 0, 0, 0, 0, 0, 0, 0, 10, 3, 10, 10, 10, 10, 0, 0, 0, 10, 10, 10, 0, 0, 0, 10, 10, 10, 10, 0, 10, 0, 10, 10, 0, 0, 0, 10, 0, 2, 10, 10, 10, 10, 10, 10, 10, 0, 0, 0, 0, 10, 0, 10, 0, 10, 10, 0, 0, 0, 0, 10, 10, 10, 10, 0, 10, 10, 0, 10, 0, 10, 10, 10, 10, 0, 10, 10, 10, 0, 10, 10, 10, 0, : 10, 10, 10, 10, 10, 10, 10, 10, 10, 10, 10, 10, 10, 10, 10, 10, 3, 10, 10, 10, 10, 10, 10, 10, 10, 10, 10, 10, 10, 10, 10, 10, 2, 10, 10, 10, 10, 10, 10, 10, 10, 10, 10, 10, 10, 10, 10, 10, 10, 10, 10, 10, 10, 10, 10, 10, 10, 10, 10, 10, 10, 
524: 10, 0, 0, 0, 10, 10, 0, 10, 0, 10, 0, 10, 10, 0, 0, 0, 10, 10, 0, 0, 0, 10, 0, 0, 10, 0, 0, 0, 10, 10, 10, 0, 0, 0, 0, 0, 10, 0, 0, 0, 10, 0, 10, 0, 0, 0, 10, 10, 0, 10, 0, 0, 0, 10, 0, 0, 10, 0, 0, 10, 10, 10, 10, 10, 0, 0, 0, 10, 10, 10, 0, 0, 0, 0, 0, 10, 0, 1, 0, 10, 0, 10, 10, 0, 0, 10, 1, 0, 10, 10, 0, 10, 0, 10, 0, 10, 0, 0, 10, 10, 0, 0, 10, 0, 0, 0, 10, 10, 10, 0, 10, 10, 10, 10, 2, 0, 10, 10, 10, 10, : 10, 10, 10, 10, 10, 10, 10, 10, 10, 10, 10, 10, 10, 10, 10, 10, 10, 10, 10, 10, 10, 10, 10, 10, 10, 10, 10, 10, 10, 10, 10, 1, 10, 10, 10, 10, 1, 10, 10, 10, 10, 10, 10, 10, 10, 10, 10, 10, 10, 10, 10, 10, 2, 10, 10, 10, 10, 
550: 10, 0, 0, 0, 0, 0, 0, 0, 10, 0, 10, 0, 10, 0, 0, 10, 10, 1, 10, 20, 0, 10, 0, 0, 0, 2, 10, 10, 10, 10, 10, 0, 0, 10, 10, 0, 0, 10, 0, 10, 10, 10, 10, 0, 10, 0, 0, 0, 0, 0, 10, 0, 10, 10, 10, 0, 10, 10, 10, 0, 0, 0, 10, 0, 10, 0, 1, 0, 10, 10, 0, 10, 10, 10, 10, 10, 0, 10, 10, 10, 0, 10, 2, 0, 10, 10, 10, 0, 0, 6, 10, 10, 0, 10, 10, 10, 10, 10, 0, 10, 10, 0, 10, 10, 0, 10, 0, 10, 10, 0, 0, 10, 10, 6, 0, 10, 10, 10, 10, 10, : 10, 10, 10, 10, 10, 10, 1, 10, 20, 10, 2, 10, 10, 10, 10, 10, 10, 10, 10, 10, 10, 10, 10, 10, 10, 10, 10, 10, 10, 10, 10, 10, 10, 1, 10, 10, 10, 10, 10, 10, 10, 10, 10, 10, 10, 2, 10, 10, 10, 6, 10, 10, 10, 10, 10, 10, 10, 10, 10, 10, 10, 10, 10, 10, 10, 10, 6, 10, 10, 10, 10, 10, 
60: 10, 10, 10, 10, 10, 10, 0, 0, 0, 10, 0, 0, 0, 0, 10, 10, 0, 1, 10, 0, 0, 0, 0, 0, 0, 0, 10, 0, 10, 10, 10, 10, 10, 0, 0, 0, 0, 0, 0, 10, 10, 10, 0, 10, 10, 10, 10, 0, 0, 0, 0, 0, 1, 10, 10, 0, 0, 0, 10, 10, 10, 0, 0, 0, 10, 10, 10, 10, 10, 10, 0, 10, 10, 10, 10, 0, 10, 10, 10, 0, 10, 10, 0, 0, 0, 0, 10, 0, 10, 10, 0, 0, 0, 0, 0, 10, 0, 10, 10, 10, 0, 10, 10, 0, 8, 10, 0, 10, 0, 10, 10, 0, 10, 0, 0, 0, 0, 0, 0, 0, : 10, 10, 10, 10, 10, 10, 10, 10, 10, 1, 10, 10, 10, 10, 10, 10, 10, 10, 10, 10, 10, 10, 10, 10, 1, 10, 10, 10, 10, 10, 10, 10, 10, 10, 10, 10, 10, 10, 10, 10, 10, 10, 10, 10, 10, 10, 10, 10, 10, 10, 10, 10, 10, 10, 8, 10, 10, 10, 10, 10, 
70: 10, 0, 0, 10, 0, 10, 0, 0, 10, 0, 10, 10, 0, 10, 10, 10, 10, 0, 10, 0, 0, 0, 0, 0, 0, 0, 0, 0, 10, 10, 0, 0, 0, 5, 0, 10, 0, 10, 10, 10, 0, 10, 10, 10, 10, 0, 10, 0, 10, 0, 0, 0, 0, 10, 0, 0, 0, 10, 10, 0, 0, 0, 0, 0, 0, 10, 0, 10, 10, 0, 10, 0, 10, 10, 0, 0, 10, 10, 10, 10, 10, 10, 0, 10, 10, 0, 0, 10, 10, 10, 10, 10, 10, 0, 10, 10, 10, 10, 10, 10, 0, 10, 0, 10, 10, 10, 10, 0, 0, 0, 0, 10, 0, 10, 10, 10, 0, 0, 0, 1, : 10, 10, 10, 10, 10, 10, 10, 10, 10, 10, 10, 10, 10, 5, 10, 10, 10, 10, 10, 10, 10, 10, 10, 10, 10, 10, 10, 10, 10, 10, 10, 10, 10, 10, 10, 10, 10, 10, 10, 10, 10, 10, 10, 10, 10, 10, 10, 10, 10, 10, 10, 10, 10, 10, 10, 10, 10, 10, 10, 10, 10, 10, 1, 
437: 0, 10, 10, 9, 10, 0, 0, 10, 10, 0, 10, 0, 0, 0, 0, 10, 10, 0, 0, 10, 10, 10, 0, 10, 0, 0, 0, 10, 10, 0, 0, 10, 0, 8, 10, 0, 10, 17, 0, 0, 0, 10, 0, 10, 0, 0, 10, 0, 0, 0, 0, 0, 10, 0, 0, 10, 3, 10, 10, 10, 10, 0, 10, 0, 10, 10, 10, 0, 10, 0, 0, 10, 0, 10, 10, 10, 10, 0, 10, 0, 0, 10, 0, 1, 0, 10, 0, 10, 0, 0, 0, 10, 0, 10, 0, 0, 2, 10, 0, 0, 10, 10, 10, 0, 10, 0, 0, 10, 0, 0, 10, 0, 10, 10, 10, 0, 0, 0, 0, 0, : 10, 10, 9, 10, 10, 10, 10, 10, 10, 10, 10, 10, 10, 10, 10, 10, 8, 10, 10, 17, 10, 10, 10, 10, 10, 3, 10, 10, 10, 10, 10, 10, 10, 10, 10, 10, 10, 10, 10, 10, 10, 10, 1, 10, 10, 10, 10, 2, 10, 10, 10, 10, 10, 10, 10, 10, 10, 10, 
246: 0, 0, 10, 10, 10, 10, 0, 0, 10, 10, 10, 10, 0, 9, 10, 10, 10, 0, 0, 10, 10, 0, 0, 10, 0, 0, 10, 0, 10, 10, 10, 0, 10, 0, 0, 0, 10, 10, 10, 15, 10, 0, 10, 10, 10, 0, 10, 0, 0, 10, 0, 0, 0, 10, 0, 0, 0, 10, 10, 4, 10, 0, 10, 0, 10, 0, 0, 0, 10, 0, 0, 0, 3, 0, 0, 17, 10, 10, 10, 10, 10, 0, 0, 0, 15, 10, 0, 10, 10, 0, 10, 0, 0, 10, 0, 0, 10, 0, 10, 10, 0, 10, 0, 10, 0, 0, 0, 2, 10, 0, 10, 0, 0, 10, 0, 10, 10, 0, 0, 10, : 10, 10, 10, 10, 10, 10, 10, 10, 9, 10, 10, 10, 10, 10, 10, 10, 10, 10, 10, 10, 10, 10, 10, 15, 10, 10, 10, 10, 10, 10, 10, 10, 10, 4, 10, 10, 10, 10, 3, 17, 10, 10, 10, 10, 10, 15, 10, 10, 10, 10, 10, 10, 10, 10, 10, 10, 2, 10, 10, 10, 10, 10, 10, 
178: 0, 10, 10, 0, 10, 0, 10, 10, 4, 0, 10, 10, 10, 0, 0, 10, 0, 10, 10, 0, 10, 10, 0, 0, 0, 0, 20, 10, 0, 0, 0, 0, 10, 10, 10, 10, 10, 0, 10, 0, 10, 10, 0, 1, 10, 10, 6, 10, 0, 0, 10, 0, 0, 0, 0, 0, 0, 0, 10, 0, 0, 0, 0, 0, 0, 1, 0, 10, 0, 10, 0, 0, 10, 10, 0, 10, 10, 0, 0, 10, 0, 10, 10, 10, 0, 0, 10, 0, 6, 10, 0, 0, 10, 10, 10, 10, 10, 10, 10, 0, 10, 0, 0, 0, 0, 10, 10, 0, 10, 10, 0, 0, 0, 10, 0, 10, 0, 10, 0, 0, : 10, 10, 10, 10, 10, 4, 10, 10, 10, 10, 10, 10, 10, 10, 20, 10, 10, 10, 10, 10, 10, 10, 10, 10, 1, 10, 10, 6, 10, 10, 10, 1, 10, 10, 10, 10, 10, 10, 10, 10, 10, 10, 10, 6, 10, 10, 10, 10, 10, 10, 10, 10, 10, 10, 10, 10, 10, 10, 10, 10, 
559: 0, 0, 0, 10, 0, 0, 0, 0, 10, 10, 0, 16, 1, 10, 0, 0, 0, 10, 0, 0, 0, 0, 10, 10, 10, 10, 10, 10, 10, 10, 10, 10, 10, 0, 10, 14, 0, 10, 0, 10, 10, 0, 0, 10, 0, 0, 1, 10, 0, 10, 10, 0, 10, 0, 0, 0, 0, 10, 0, 10, 0, 0, 0, 0, 10, 0, 0, 0, 0, 10, 10, 10, 0, 10, 0, 0, 0, 10, 10, 10, 10, 0, 0, 0, 0, 10, 10, 0, 0, 10, 0, 0, 0, 10, 0, 0, 10, 0, 10, 10, 0, 10, 0, 10, 10, 10, 1, 0, 10, 10, 0, 10, 0, 0, 0, 0, 10, 0, 10, 10, : 10, 10, 10, 16, 1, 10, 10, 10, 10, 10, 10, 10, 10, 10, 10, 10, 10, 10, 10, 14, 10, 10, 10, 10, 1, 10, 10, 10, 10, 10, 10, 10, 10, 10, 10, 10, 10, 10, 10, 10, 10, 10, 10, 10, 10, 10, 10, 10, 10, 10, 10, 1, 10, 10, 10, 10, 10, 10, 
491: 10, 10, 10, 10, 10, 0, 0, 0, 0, 10, 0, 10, 10, 10, 10, 10, 0, 0, 0, 0, 10, 0, 0, 10, 10, 0, 10, 10, 10, 0, 0, 0, 10, 0, 0, 0, 0, 0, 9, 0, 0, 0, 3, 0, 0, 10, 0, 0, 0, 0, 0, 10, 10, 0, 10, 0, 0, 10, 0, 10, 10, 0, 10, 0, 0, 10, 0, 18, 10, 0, 10, 0, 10, 10, 0, 0, 10, 10, 0, 10, 10, 0, 10, 0, 0, 10, 10, 0, 0, 0, 0, 0, 10, 10, 0, 0, 10, 10, 10, 0, 10, 10, 0, 10, 10, 0, 0, 0, 10, 10, 0, 10, 0, 10, 0, 10, 10, 10, 10, 10, : 10, 10, 10, 10, 10, 10, 10, 10, 10, 10, 10, 10, 10, 10, 10, 10, 10, 10, 9, 3, 10, 10, 10, 10, 10, 10, 10, 10, 10, 18, 10, 10, 10, 10, 10, 10, 10, 10, 10, 10, 10, 10, 10, 10, 10, 10, 10, 10, 10, 10, 10, 10, 10, 10, 10, 10, 10, 10, 10, 
223: 0, 10, 10, 10, 0, 0, 0, 10, 10, 0, 0, 10, 10, 10, 0, 0, 10, 0, 10, 10, 10, 10, 0, 0, 0, 10, 10, 10, 10, 0, 0, 0, 0, 10, 10, 10, 0, 0, 10, 10, 10, 0, 0, 0, 10, 10, 10, 0, 0, 10, 10, 10, 10, 10, 0, 10, 10, 10, 0, 0, 16, 10, 0, 0, 10, 0, 0, 10, 10, 0, 10, 0, 10, 0, 10, 10, 0, 0, 0, 0, 10, 0, 0, 0, 10, 10, 0, 0, 10, 10, 0, 0, 0, 10, 0, 0, 10, 10, 10, 0, 0, 0, 10, 0, 10, 0, 0, 0, 10, 10, 0, 10, 0, 10, 10, 10, 0, 10, 0, 10, : 10, 10, 10, 10, 10, 10, 10, 10, 10, 10, 10, 10, 10, 10, 10, 10, 10, 10, 10, 10, 10, 10, 10, 10, 10, 10, 10, 10, 10, 10, 10, 10, 10, 10, 16, 10, 10, 10, 10, 10, 10, 10, 10, 10, 10, 10, 10, 10, 10, 10, 10, 10, 10, 10, 10, 10, 10, 10, 10, 10, 10, 10, 
375: 10, 0, 0, 10, 0, 0, 3, 10, 10, 10, 10, 10, 10, 0, 0, 10, 0, 0, 0, 0, 0, 0, 0, 10, 10, 10, 10, 0, 10, 0, 10, 0, 1, 10, 10, 0, 0, 0, 10, 0, 0, 0, 0, 0, 0, 0, 0, 10, 10, 10, 10, 0, 10, 0, 0, 10, 0, 0, 0, 10, 10, 10, 10, 4, 10, 10, 10, 10, 0, 0, 0, 10, 10, 0, 10, 0, 10, 10, 10, 10, 10, 0, 10, 1, 0, 0, 10, 0, 0, 0, 10, 10, 3, 10, 0, 0, 0, 10, 0, 10, 10, 0, 10, 10, 10, 0, 0, 10, 0, 0, 10, 10, 0, 10, 10, 0, 0, 0, 10, 0, : 10, 10, 3, 10, 10, 10, 10, 10, 10, 10, 10, 10, 10, 10, 10, 10, 1, 10, 10, 10, 10, 10, 10, 10, 10, 10, 10, 10, 10, 10, 4, 10, 10, 10, 10, 10, 10, 10, 10, 10, 10, 10, 10, 10, 1, 10, 10, 10, 3, 10, 10, 10, 10, 10, 10, 10, 10, 10, 10, 10, 10, 10, 
590: 0, 10, 0, 10, 0, 10, 0, 10, 0, 10, 0, 10, 0, 10, 0, 16, 0, 10, 10, 0, 0, 10, 2, 0, 10, 10, 10, 0, 10, 10, 10, 0, 0, 10, 0, 0, 0, 0, 10, 10, 0, 6, 0, 10, 0, 10, 10, 10, 0, 2, 10, 0, 0, 10, 10, 0, 10, 0, 10, 0, 0, 0, 10, 0, 0, 10, 10, 10, 10, 0, 0, 0, 0, 10, 0, 0, 0, 10, 10, 0, 0, 0, 0, 10, 10, 10, 10, 0, 0, 11, 10, 10, 10, 10, 0, 0, 10, 10, 10, 10, 15, 0, 0, 0, 10, 4, 0, 10, 0, 10, 10, 0, 0, 10, 10, 10, 0, 10, 0, 10, : 10, 10, 10, 10, 10, 10, 10, 16, 10, 10, 10, 2, 10, 10, 10, 10, 10, 10, 10, 10, 10, 6, 10, 10, 10, 10, 2, 10, 10, 10, 10, 10, 10, 10, 10, 10, 10, 10, 10, 10, 10, 10, 10, 10, 11, 10, 10, 10, 10, 10, 10, 10, 10, 15, 10, 4, 10, 10, 10, 10, 10, 10, 10, 10, 
562: 10, 10, 0, 10, 10, 10, 10, 10, 2, 10, 10, 0, 10, 10, 10, 0, 10, 0, 0, 0, 10, 10, 5, 0, 0, 10, 10, 0, 0, 10, 10, 0, 0, 10, 0, 10, 10, 20, 0, 10, 10, 10, 0, 10, 0, 10, 0, 0, 10, 0, 0, 0, 10, 10, 10, 10, 10, 0, 10, 0, 10, 10, 10, 10, 0, 10, 10, 10, 0, 10, 10, 10, 10, 10, 10, 10, 10, 0, 10, 10, 10, 0, 10, 10, 10, 0, 10, 10, 1, 10, 0, 0, 0, 10, 10, 0, 10, 10, 0, 10, 10, 10, 0, 10, 10, 0, 10, 0, 10, 0, 0, 0, 0, 0, 0, 0, 0, 10, 10, 0, : 10, 10, 10, 10, 10, 10, 10, 2, 10, 10, 10, 10, 10, 10, 10, 10, 5, 10, 10, 10, 10, 10, 10, 10, 20, 10, 10, 10, 10, 10, 10, 10, 10, 10, 10, 10, 10, 10, 10, 10, 10, 10, 10, 10, 10, 10, 10, 10, 10, 10, 10, 10, 10, 10, 10, 10, 10, 10, 10, 10, 1, 10, 10, 10, 10, 10, 10, 10, 10, 10, 10, 10, 10, 10, 10, 
357: 10, 0, 10, 10, 4, 0, 10, 10, 0, 0, 10, 0, 0, 0, 0, 10, 0, 10, 0, 6, 10, 5, 0, 10, 10, 10, 0, 10, 10, 0, 10, 10, 10, 0, 0, 10, 0, 1, 10, 0, 10, 10, 10, 0, 10, 0, 10, 10, 0, 0, 0, 10, 10, 10, 0, 10, 0, 0, 10, 0, 0, 0, 0, 10, 0, 0, 10, 0, 10, 0, 10, 1, 0, 0, 10, 0, 10, 0, 0, 10, 10, 0, 0, 10, 10, 3, 0, 0, 10, 10, 10, 0, 0, 10, 10, 0, 0, 10, 0, 0, 0, 10, 10, 10, 0, 10, 10, 0, 0, 10, 10, 0, 0, 10, 10, 10, 0, 0, 0, 10, : 10, 10, 10, 4, 10, 10, 10, 10, 10, 6, 10, 5, 10, 10, 10, 10, 10, 10, 10, 10, 10, 1, 10, 10, 10, 10, 10, 10, 10, 10, 10, 10, 10, 10, 10, 10, 10, 10, 1, 10, 10, 10, 10, 10, 10, 3, 10, 10, 10, 10, 10, 10, 10, 10, 10, 10, 10, 10, 10, 10, 10, 10, 10, 
201: 0, 10, 10, 0, 0, 10, 0, 10, 0, 0, 10, 0, 0, 10, 0, 0, 0, 0, 0, 0, 0, 10, 10, 0, 10, 10, 0, 0, 10, 10, 10, 0, 0, 10, 10, 10, 10, 0, 0, 0, 0, 0, 10, 0, 10, 10, 10, 10, 10, 0, 0, 0, 0, 0, 10, 10, 10, 10, 0, 5, 1, 0, 0, 0, 0, 0, 10, 10, 10, 10, 3, 0, 10, 10, 0, 0, 10, 0, 10, 10, 0, 0, 10, 0, 10, 10, 10, 10, 10, 10, 0, 0, 10, 0, 10, 0, 0, 0, 0, 10, 0, 0, 0, 0, 10, 0, 10, 0, 10, 0, 0, 0, 10, 15, 10, 0, 0, 0, 0, 0, : 10, 10, 10, 10, 10, 10, 10, 10, 10, 10, 10, 10, 10, 10, 10, 10, 10, 10, 10, 10, 10, 10, 10, 10, 10, 10, 10, 5, 1, 10, 10, 10, 10, 3, 10, 10, 10, 10, 10, 10, 10, 10, 10, 10, 10, 10, 10, 10, 10, 10, 10, 10, 10, 15, 10, 
525: 0, 0, 10, 0, 0, 10, 10, 0, 10, 0, 0, 13, 10, 0, 10, 10, 0, 0, 0, 0, 0, 10, 0, 10, 0, 0, 10, 0, 10, 10, 10, 11, 10, 0, 10, 10, 0, 0, 10, 0, 0, 16, 10, 10, 10, 10, 10, 0, 10, 15, 0, 0, 15, 10, 10, 10, 10, 0, 0, 10, 10, 0, 10, 0, 0, 0, 10, 10, 10, 10, 0, 0, 10, 0, 0, 10, 0, 0, 10, 0, 0, 10, 0, 0, 0, 0, 0, 10, 10, 10, 10, 10, 10, 10, 10, 0, 0, 10, 0, 0, 0, 10, 0, 10, 0, 0, 10, 0, 0, 10, 0, 12, 10, 10, 10, 10, 10, 10, 0, 0, : 10, 10, 10, 10, 13, 10, 10, 10, 10, 10, 10, 10, 10, 10, 11, 10, 10, 10, 10, 16, 10, 10, 10, 10, 10, 10, 15, 15, 10, 10, 10, 10, 10, 10, 10, 10, 10, 10, 10, 10, 10, 10, 10, 10, 10, 10, 10, 10, 10, 10, 10, 10, 10, 10, 10, 10, 12, 10, 10, 10, 10, 10, 10, 
153: 10, 0, 0, 10, 0, 10, 0, 0, 10, 10, 0, 0, 10, 0, 0, 10, 0, 0, 10, 10, 0, 0, 10, 10, 10, 10, 2, 10, 10, 10, 10, 0, 10, 10, 0, 0, 10, 10, 10, 3, 10, 0, 10, 0, 10, 10, 1, 10, 10, 0, 10, 0, 10, 0, 10, 10, 0, 10, 10, 0, 0, 0, 10, 10, 0, 10, 0, 10, 0, 10, 0, 10, 0, 0, 0, 10, 0, 10, 10, 0, 10, 10, 10, 0, 10, 10, 10, 10, 10, 0, 10, 2, 10, 10, 10, 0, 0, 10, 10, 0, 10, 0, 0, 10, 10, 0, 0, 10, 10, 0, 10, 10, 10, 10, 1, 0, 0, 10, 0, 0, : 10, 10, 10, 10, 10, 10, 10, 10, 10, 10, 10, 10, 10, 2, 10, 10, 10, 10, 10, 10, 10, 10, 10, 3, 10, 10, 10, 10, 1, 10, 10, 10, 10, 10, 10, 10, 10, 10, 10, 10, 10, 10, 10, 10, 10, 10, 10, 10, 10, 10, 10, 10, 10, 10, 10, 2, 10, 10, 10, 10, 10, 10, 10, 10, 10, 10, 10, 10, 10, 10, 1, 10, 
197: 10, 10, 0, 10, 0, 0, 0, 10, 9, 0, 10, 10, 10, 0, 0, 0, 10, 10, 0, 0, 10, 0, 0, 0, 10, 10, 0, 10, 0, 0, 10, 0, 0, 10, 0, 10, 10, 10, 10, 0, 10, 1, 10, 10, 0, 0, 0, 0, 10, 10, 10, 17, 0, 10, 10, 10, 10, 0, 0, 10, 10, 0, 0, 0, 0, 2, 0, 0, 0, 10, 10, 0, 10, 10, 0, 0, 0, 0, 10, 0, 0, 0, 0, 0, 0, 0, 10, 10, 10, 10, 10, 10, 0, 0, 10, 0, 10, 10, 10, 10, 10, 10, 0, 10, 10, 0, 0, 10, 10, 0, 10, 10, 0, 0, 10, 10, 10, 0, 10, 10, : 10, 10, 10, 10, 9, 10, 10, 10, 10, 10, 10, 10, 10, 10, 10, 10, 10, 10, 10, 10, 10, 1, 10, 10, 10, 10, 10, 17, 10, 10, 10, 10, 10, 10, 2, 10, 10, 10, 10, 10, 10, 10, 10, 10, 10, 10, 10, 10, 10, 10, 10, 10, 10, 10, 10, 10, 10, 10, 10, 10, 10, 10, 10, 10, 
138: 1, 0, 0, 10, 0, 0, 0, 10, 10, 10, 0, 10, 0, 10, 10, 0, 10, 0, 0, 0, 0, 0, 10, 10, 10, 0, 0, 0, 0, 0, 10, 0, 0, 15, 10, 10, 0, 0, 0, 0, 0, 10, 0, 10, 8, 10, 0, 10, 10, 10, 0, 0, 10, 0, 10, 10, 10, 10, 10, 0, 0, 10, 0, 10, 14, 0, 10, 0, 19, 10, 0, 0, 10, 0, 0, 10, 10, 10, 10, 10, 0, 10, 0, 10, 10, 0, 0, 10, 10, 0, 10, 0, 0, 0, 10, 0, 0, 0, 10, 0, 10, 10, 0, 10, 0, 0, 10, 10, 0, 10, 10, 0, 10, 10, 10, 10, 0, 0, 0, 0, : 1, 10, 10, 10, 10, 10, 10, 10, 10, 10, 10, 10, 10, 15, 10, 10, 10, 10, 8, 10, 10, 10, 10, 10, 10, 10, 10, 10, 10, 10, 10, 14, 10, 19, 10, 10, 10, 10, 10, 10, 10, 10, 10, 10, 10, 10, 10, 10, 10, 10, 10, 10, 10, 10, 10, 10, 10, 10, 10, 10, 
257: 0, 10, 10, 0, 12, 10, 0, 0, 10, 10, 10, 0, 10, 0, 0, 0, 0, 10, 0, 0, 10, 10, 10, 0, 10, 0, 0, 10, 0, 0, 10, 10, 10, 0, 0, 0, 0, 0, 0, 10, 10, 0, 0, 0, 0, 10, 0, 0, 10, 10, 0, 0, 10, 10, 1, 10, 0, 0, 10, 10, 0, 15, 0, 10, 0, 10, 10, 10, 0, 0, 3, 0, 0, 10, 0, 0, 0, 10, 10, 0, 10, 0, 0, 0, 0, 0, 10, 0, 1, 0, 0, 10, 10, 10, 0, 10, 0, 10, 10, 10, 0, 0, 10, 0, 0, 0, 10, 10, 7, 0, 0, 10, 0, 10, 0, 0, 10, 0, 0, 10, : 10, 10, 12, 10, 10, 10, 10, 10, 10, 10, 10, 10, 10, 10, 10, 10, 10, 10, 10, 10, 10, 10, 10, 10, 1, 10, 10, 10, 15, 10, 10, 10, 10, 3, 10, 10, 10, 10, 10, 1, 10, 10, 10, 10, 10, 10, 10, 10, 10, 10, 7, 10, 10, 10, 10, 
20: 0, 10, 10, 0, 10, 9, 10, 0, 10, 0, 10, 0, 10, 0, 10, 10, 0, 0, 10, 10, 10, 10, 0, 10, 10, 0, 0, 10, 0, 10, 10, 10, 10, 10, 0, 10, 10, 10, 10, 10, 10, 0, 0, 0, 10, 10, 10, 10, 10, 0, 0, 0, 10, 10, 0, 10, 0, 10, 0, 0, 10, 0, 10, 10, 10, 10, 10, 10, 10, 10, 0, 10, 0, 0, 10, 10, 0, 10, 0, 0, 0, 0, 0, 0, 10, 0, 0, 10, 1, 10, 0, 0, 10, 10, 10, 10, 0, 10, 0, 10, 0, 10, 0, 0, 1, 0, 0, 10, 0, 0, 0, 10, 10, 0, 10, 0, 10, 0, 10, 0, : 10, 10, 10, 9, 10, 10, 10, 10, 10, 10, 10, 10, 10, 10, 10, 10, 10, 10, 10, 10, 10, 10, 10, 10, 10, 10, 10, 10, 10, 10, 10, 10, 10, 10, 10, 10, 10, 10, 10, 10, 10, 10, 10, 10, 10, 10, 10, 10, 10, 10, 10, 10, 1, 10, 10, 10, 10, 10, 10, 10, 10, 1, 10, 10, 10, 10, 10, 10, 
51: 10, 10, 0, 0, 0, 10, 10, 10, 0, 10, 0, 10, 0, 10, 10, 10, 10, 0, 0, 2, 0, 10, 10, 0, 10, 0, 0, 0, 0, 10, 0, 0, 10, 0, 10, 0, 0, 0, 0, 10, 10, 10, 0, 10, 0, 0, 10, 10, 10, 10, 0, 0, 10, 10, 0, 10, 0, 10, 0, 10, 10, 10, 10, 10, 0, 0, 0, 10, 10, 10, 10, 10, 0, 0, 16, 0, 0, 0, 0, 0, 0, 10, 10, 10, 0, 18, 10, 10, 10, 0, 10, 0, 0, 0, 10, 10, 0, 0, 10, 10, 10, 10, 0, 10, 0, 10, 0, 10, 10, 0, 0, 0, 10, 0, 10, 10, 10, 10, 10, 10, : 10, 10, 10, 10, 10, 10, 10, 10, 10, 10, 10, 2, 10, 10, 10, 10, 10, 10, 10, 10, 10, 10, 10, 10, 10, 10, 10, 10, 10, 10, 10, 10, 10, 10, 10, 10, 10, 10, 10, 10, 16, 10, 10, 10, 18, 10, 10, 10, 10, 10, 10, 10, 10, 10, 10, 10, 10, 10, 10, 10, 10, 10, 10, 10, 10, 10, 
561: 0, 10, 10, 10, 10, 10, 10, 10, 10, 10, 0, 10, 0, 10, 10, 0, 0, 10, 0, 10, 10, 0, 18, 10, 10, 0, 10, 10, 10, 0, 0, 10, 9, 10, 0, 10, 10, 0, 10, 10, 0, 0, 10, 10, 10, 10, 10, 10, 1, 0, 10, 10, 10, 0, 0, 10, 10, 0, 10, 0, 0, 0, 0, 10, 10, 0, 0, 0, 0, 1, 10, 0, 0, 0, 10, 10, 10, 10, 0, 0, 10, 10, 0, 10, 0, 0, 10, 0, 0, 0, 10, 10, 10, 0, 10, 10, 10, 10, 0, 0, 10, 0, 10, 0, 10, 0, 0, 10, 0, 10, 0, 10, 10, 0, 10, 10, 10, 0, 0, 10, : 10, 10, 10, 10, 10, 10, 10, 10, 10, 10, 10, 10, 10, 10, 10, 18, 10, 10, 10, 10, 10, 10, 9, 10, 10, 10, 10, 10, 10, 10, 10, 10, 10, 10, 1, 10, 10, 10, 10, 10, 10, 10, 10, 1, 10, 10, 10, 10, 10, 10, 10, 10, 10, 10, 10, 10, 10, 10, 10, 10, 10, 10, 10, 10, 10, 10, 10, 10, 10, 10, 10, 
454: 0, 10, 10, 10, 10, 0, 0, 10, 0, 0, 10, 0, 10, 0, 0, 0, 10, 10, 10, 0, 10, 0, 0, 0, 10, 10, 0, 0, 9, 0, 10, 10, 0, 0, 0, 10, 10, 0, 0, 0, 0, 10, 0, 0, 10, 0, 0, 0, 10, 10, 20, 10, 0, 10, 0, 10, 10, 0, 10, 0, 10, 0, 10, 10, 5, 10, 10, 0, 10, 10, 0, 10, 0, 10, 0, 0, 3, 0, 0, 0, 10, 10, 10, 0, 0, 10, 0, 0, 0, 10, 0, 10, 0, 0, 10, 0, 0, 0, 0, 10, 10, 0, 10, 10, 0, 10, 0, 0, 0, 0, 0, 10, 0, 10, 0, 0, 10, 0, 10, 13, : 10, 10, 10, 10, 10, 10, 10, 10, 10, 10, 10, 10, 10, 9, 10, 10, 10, 10, 10, 10, 10, 10, 20, 10, 10, 10, 10, 10, 10, 10, 10, 5, 10, 10, 10, 10, 10, 10, 3, 10, 10, 10, 10, 10, 10, 10, 10, 10, 10, 10, 10, 10, 10, 10, 10, 13, 
571: 10, 0, 0, 10, 10, 10, 10, 20, 0, 10, 0, 10, 0, 0, 10, 0, 0, 0, 10, 10, 10, 0, 10, 10, 10, 0, 0, 0, 0, 0, 0, 10, 10, 10, 10, 0, 0, 0, 0, 10, 0, 10, 10, 10, 0, 0, 10, 10, 0, 0, 10, 0, 10, 1, 10, 0, 10, 10, 0, 10, 10, 10, 10, 0, 10, 10, 10, 10, 10, 0, 0, 10, 10, 0, 10, 0, 4, 0, 0, 10, 0, 0, 0, 0, 10, 10, 0, 3, 0, 0, 0, 10, 10, 0, 10, 10, 0, 0, 0, 0, 0, 0, 10, 10, 0, 10, 10, 10, 0, 10, 10, 10, 0, 0, 10, 10, 10, 10, 0, 0, : 10, 10, 10, 10, 10, 20, 10, 10, 10, 10, 10, 10, 10, 10, 10, 10, 10, 10, 10, 10, 10, 10, 10, 10, 10, 10, 10, 1, 10, 10, 10, 10, 10, 10, 10, 10, 10, 10, 10, 10, 10, 10, 10, 4, 10, 10, 10, 3, 10, 10, 10, 10, 10, 10, 10, 10, 10, 10, 10, 10, 10, 10, 10, 10, 
239: 10, 10, 10, 0, 10, 0, 10, 10, 0, 10, 10, 0, 0, 0, 10, 10, 0, 10, 0, 10, 10, 10, 0, 10, 10, 0, 0, 0, 0, 0, 0, 10, 10, 10, 1, 10, 10, 0, 10, 0, 10, 10, 10, 10, 0, 10, 10, 10, 0, 10, 0, 10, 10, 10, 0, 0, 0, 10, 10, 10, 0, 10, 10, 10, 10, 10, 0, 10, 10, 0, 10, 0, 10, 0, 10, 10, 0, 10, 10, 0, 10, 10, 10, 10, 10, 10, 10, 10, 10, 10, 0, 0, 10, 10, 10, 0, 10, 10, 0, 0, 10, 0, 10, 10, 10, 0, 0, 0, 10, 0, 10, 10, 10, 10, 10, 0, 0, 0, 1, 0, : 10, 10, 10, 10, 10, 10, 10, 10, 10, 10, 10, 10, 10, 10, 10, 10, 10, 10, 10, 1, 10, 10, 10, 10, 10, 10, 10, 10, 10, 10, 10, 10, 10, 10, 10, 10, 10, 10, 10, 10, 10, 10, 10, 10, 10, 10, 10, 10, 10, 10, 10, 10, 10, 10, 10, 10, 10, 10, 10, 10, 10, 10, 10, 10, 10, 10, 10, 10, 10, 10, 10, 10, 10, 10, 10, 1, 
469: 0, 0, 10, 0, 10, 0, 0, 10, 0, 2, 10, 10, 0, 0, 0, 0, 0, 10, 0, 10, 10, 0, 10, 10, 10, 0, 0, 10, 0, 0, 10, 0, 0, 0, 0, 2, 0, 10, 10, 10, 10, 0, 10, 0, 10, 0, 10, 10, 0, 4, 0, 0, 0, 10, 10, 10, 10, 0, 10, 10, 0, 0, 10, 0, 10, 10, 0, 0, 10, 10, 10, 0, 0, 10, 10, 0, 10, 10, 0, 10, 0, 0, 0, 0, 10, 10, 10, 0, 10, 10, 10, 10, 0, 10, 10, 0, 0, 10, 0, 10, 0, 10, 0, 10, 10, 0, 10, 10, 0, 10, 0, 10, 10, 10, 0, 10, 0, 0, 3, 0, : 10, 10, 10, 2, 10, 10, 10, 10, 10, 10, 10, 10, 10, 10, 2, 10, 10, 10, 10, 10, 10, 10, 10, 4, 10, 10, 10, 10, 10, 10, 10, 10, 10, 10, 10, 10, 10, 10, 10, 10, 10, 10, 10, 10, 10, 10, 10, 10, 10, 10, 10, 10, 10, 10, 10, 10, 10, 10, 10, 10, 10, 10, 3, 
443: 0, 0, 10, 10, 0, 0, 10, 10, 10, 0, 10, 10, 10, 10, 0, 10, 8, 10, 0, 10, 0, 0, 10, 10, 0, 5, 10, 10, 0, 0, 10, 10, 0, 0, 0, 10, 0, 0, 10, 0, 0, 10, 10, 0, 0, 0, 0, 10, 10, 10, 0, 0, 10, 0, 10, 0, 10, 0, 0, 0, 10, 10, 10, 0, 0, 10, 0, 10, 0, 0, 10, 0, 0, 0, 10, 10, 0, 10, 10, 0, 10, 10, 10, 10, 10, 0, 0, 0, 10, 0, 10, 10, 0, 10, 0, 10, 10, 0, 0, 0, 10, 0, 6, 0, 0, 0, 4, 0, 0, 0, 10, 20, 10, 10, 0, 10, 0, 10, 10, 0, : 10, 10, 10, 10, 10, 10, 10, 10, 10, 10, 8, 10, 10, 10, 10, 5, 10, 10, 10, 10, 10, 10, 10, 10, 10, 10, 10, 10, 10, 10, 10, 10, 10, 10, 10, 10, 10, 10, 10, 10, 10, 10, 10, 10, 10, 10, 10, 10, 10, 10, 10, 10, 6, 4, 10, 20, 10, 10, 10, 10, 10, 
534: 10, 10, 10, 0, 0, 10, 10, 0, 10, 10, 0, 0, 2, 10, 10, 10, 10, 0, 10, 10, 10, 10, 10, 10, 0, 10, 0, 10, 10, 10, 10, 0, 10, 10, 10, 0, 0, 14, 0, 10, 10, 10, 0, 0, 10, 0, 0, 0, 10, 0, 0, 0, 10, 0, 0, 10, 10, 10, 10, 10, 10, 0, 0, 10, 0, 10, 0, 10, 10, 10, 0, 0, 0, 0, 0, 0, 0, 10, 10, 10, 0, 10, 13, 10, 0, 10, 0, 10, 0, 0, 0, 10, 10, 0, 10, 0, 10, 19, 0, 10, 0, 10, 10, 0, 0, 0, 0, 10, 0, 0, 0, 10, 0, 0, 0, 10, 10, 10, 0, 10, : 10, 10, 10, 10, 10, 10, 10, 2, 10, 10, 10, 10, 10, 10, 10, 10, 10, 10, 10, 10, 10, 10, 10, 10, 10, 10, 14, 10, 10, 10, 10, 10, 10, 10, 10, 10, 10, 10, 10, 10, 10, 10, 10, 10, 10, 10, 10, 10, 13, 10, 10, 10, 10, 10, 10, 10, 19, 10, 10, 10, 10, 10, 10, 10, 10, 10, 
425: 0, 10, 0, 0, 10, 0, 0, 10, 10, 0, 0, 10, 10, 10, 0, 0, 0, 10, 0, 2, 0, 10, 10, 10, 0, 10, 0, 10, 0, 10, 10, 0, 0, 0, 1, 10, 0, 10, 10, 10, 10, 10, 10, 10, 10, 0, 1, 0, 10, 10, 10, 10, 0, 10, 0, 0, 10, 0, 10, 10, 10, 10, 10, 10, 0, 10, 0, 10, 10, 0, 10, 10, 0, 1, 0, 10, 10, 10, 10, 0, 8, 0, 0, 11, 0, 0, 10, 0, 10, 10, 10, 0, 10, 10, 0, 0, 0, 10, 10, 0, 0, 0, 0, 0, 10, 0, 10, 10, 0, 0, 0, 0, 10, 10, 10, 10, 10, 0, 0, 0, : 10, 10, 10, 10, 10, 10, 10, 10, 2, 10, 10, 10, 10, 10, 10, 10, 1, 10, 10, 10, 10, 10, 10, 10, 10, 10, 1, 10, 10, 10, 10, 10, 10, 10, 10, 10, 10, 10, 10, 10, 10, 10, 10, 10, 1, 10, 10, 10, 10, 8, 11, 10, 10, 10, 10, 10, 10, 10, 10, 10, 10, 10, 10, 10, 10, 10, 10, 


190: 0, 0, 0, 0, 0, 10, 10, 10, 10, 0, 0, 10, 10, 0, 1, 0, 0, 0, 10, 0, 10, 0, 10, 0, 0, 10, 10, 0, 0, 10, 10, 10, 0, 0, 0, 10, 10, 2, 0, 10, 0, 0, 0, 10, 10, 10, 0, 0, 10, 10, 10, 10, 10, 0, 0, 0, 0, 10, 10, 0, 10, 0, 0, 0, 10, 0, 0, 0, 0, 10, 10, 0, 10, 0, 0, 10, 0, 0, 10, 10, 0, 10, 0, 10, 0, 10, 0, 0, 10, 0, 10, 10, 10, 0, 0, 0, 0, 10, 0, 0, 10, 10, 0, 10, 0, 10, 10, 10, 10, 10, 0, 0, 0, 0, 0, 0, 0, 10, 10, 0, : 10, 10, 10, 10, 10, 10, 1, 10, 10, 10, 10, 10, 10, 10, 10, 10, 10, 2, 10, 10, 10, 10, 10, 10, 10, 10, 10, 10, 10, 10, 10, 10, 10, 10, 10, 10, 10, 10, 10, 10, 10, 10, 10, 10, 10, 10, 10, 10, 10, 10, 10, 10, 10, 10, 10, 
237: 0, 10, 10, 0, 0, 10, 0, 10, 0, 0, 10, 0, 10, 10, 0, 0, 10, 10, 0, 0, 0, 10, 0, 10, 10, 0, 10, 0, 0, 0, 0, 0, 10, 0, 0, 0, 10, 8, 10, 1, 0, 0, 10, 10, 10, 10, 10, 10, 0, 10, 0, 10, 17, 10, 10, 0, 10, 10, 0, 3, 0, 10, 0, 0, 10, 0, 10, 0, 0, 0, 0, 10, 0, 10, 10, 10, 0, 10, 0, 10, 0, 10, 10, 10, 0, 0, 10, 10, 10, 10, 0, 10, 0, 10, 10, 0, 10, 10, 0, 0, 0, 0, 0, 10, 0, 10, 0, 10, 0, 10, 10, 10, 0, 2, 10, 10, 0, 0, 0, 10, : 10, 10, 10, 10, 10, 10, 10, 10, 10, 10, 10, 10, 10, 10, 10, 8, 10, 1, 10, 10, 10, 10, 10, 10, 10, 10, 17, 10, 10, 10, 10, 3, 10, 10, 10, 10, 10, 10, 10, 10, 10, 10, 10, 10, 10, 10, 10, 10, 10, 10, 10, 10, 10, 10, 10, 10, 10, 10, 10, 2, 10, 10, 10, 
186: 0, 10, 0, 4, 0, 0, 10, 0, 0, 10, 10, 10, 10, 10, 10, 10, 10, 10, 10, 0, 10, 10, 0, 10, 0, 0, 0, 10, 10, 10, 0, 10, 17, 0, 1, 0, 0, 0, 0, 0, 0, 0, 0, 10, 0, 0, 0, 1, 0, 0, 10, 10, 10, 10, 10, 0, 0, 0, 5, 10, 10, 0, 10, 0, 0, 0, 10, 0, 10, 0, 10, 0, 0, 10, 10, 0, 10, 0, 10, 0, 10, 10, 0, 10, 10, 10, 0, 0, 0, 0, 10, 10, 10, 10, 10, 0, 10, 10, 10, 10, 10, 10, 10, 0, 0, 10, 0, 0, 10, 0, 10, 5, 10, 10, 0, 0, 10, 10, 0, 0, : 10, 4, 10, 10, 10, 10, 10, 10, 10, 10, 10, 10, 10, 10, 10, 10, 10, 10, 10, 10, 17, 1, 10, 1, 10, 10, 10, 10, 10, 5, 10, 10, 10, 10, 10, 10, 10, 10, 10, 10, 10, 10, 10, 10, 10, 10, 10, 10, 10, 10, 10, 10, 10, 10, 10, 10, 10, 10, 10, 10, 5, 10, 10, 10, 10, 
112: 10, 0, 0, 10, 0, 10, 10, 0, 10, 10, 10, 0, 10, 10, 0, 0, 10, 0, 0, 0, 0, 0, 0, 0, 0, 10, 10, 0, 10, 10, 0, 0, 0, 10, 10, 0, 10, 10, 10, 0, 10, 10, 10, 10, 0, 0, 0, 0, 10, 10, 0, 17, 0, 10, 10, 0, 0, 10, 0, 0, 0, 10, 0, 10, 0, 10, 0, 0, 10, 0, 0, 10, 0, 10, 10, 0, 10, 10, 0, 0, 0, 1, 0, 0, 0, 2, 10, 0, 10, 10, 10, 0, 10, 10, 0, 10, 0, 0, 10, 0, 10, 10, 10, 0, 10, 10, 0, 10, 10, 10, 0, 0, 10, 2, 0, 10, 0, 0, 0, 0, : 10, 10, 10, 10, 10, 10, 10, 10, 10, 10, 10, 10, 10, 10, 10, 10, 10, 10, 10, 10, 10, 10, 10, 10, 10, 17, 10, 10, 10, 10, 10, 10, 10, 10, 10, 10, 10, 10, 1, 2, 10, 10, 10, 10, 10, 10, 10, 10, 10, 10, 10, 10, 10, 10, 10, 10, 10, 2, 10, 
132: 10, 4, 10, 10, 10, 0, 0, 0, 0, 10, 10, 0, 10, 10, 10, 10, 0, 10, 10, 10, 10, 6, 10, 0, 0, 10, 0, 0, 10, 0, 0, 0, 10, 10, 6, 6, 10, 10, 0, 10, 10, 10, 0, 0, 0, 10, 10, 10, 10, 0, 10, 10, 0, 10, 0, 20, 0, 0, 10, 0, 0, 0, 10, 10, 10, 0, 0, 10, 0, 0, 0, 10, 10, 0, 10, 0, 10, 10, 10, 10, 10, 10, 10, 0, 10, 10, 0, 0, 10, 10, 10, 10, 0, 10, 0, 0, 10, 10, 0, 0, 10, 10, 10, 0, 3, 0, 10, 10, 0, 0, 10, 10, 10, 10, 18, 10, 10, 10, 0, 0, : 10, 4, 10, 10, 10, 10, 10, 10, 10, 10, 10, 10, 10, 10, 10, 6, 10, 10, 10, 10, 10, 6, 6, 10, 10, 10, 10, 10, 10, 10, 10, 10, 10, 10, 10, 20, 10, 10, 10, 10, 10, 10, 10, 10, 10, 10, 10, 10, 10, 10, 10, 10, 10, 10, 10, 10, 10, 10, 10, 10, 10, 10, 10, 3, 10, 10, 10, 10, 10, 10, 18, 10, 10, 10, 
480: 0, 10, 10, 9, 0, 10, 10, 0, 0, 0, 0, 0, 10, 0, 10, 0, 0, 0, 10, 0, 10, 0, 10, 10, 10, 0, 10, 0, 0, 10, 0, 0, 10, 10, 10, 0, 10, 0, 0, 0, 0, 10, 10, 10, 0, 10, 10, 0, 0, 10, 10, 0, 10, 0, 10, 10, 0, 0, 10, 10, 0, 10, 0, 10, 10, 10, 4, 10, 10, 0, 10, 0, 10, 0, 10, 10, 0, 10, 0, 0, 10, 0, 6, 0, 0, 10, 10, 10, 0, 10, 0, 0, 10, 10, 10, 0, 0, 0, 0, 0, 6, 0, 10, 10, 0, 10, 10, 10, 0, 0, 0, 10, 10, 10, 0, 10, 0, 10, 0, 10, : 10, 10, 9, 10, 10, 10, 10, 10, 10, 10, 10, 10, 10, 10, 10, 10, 10, 10, 10, 10, 10, 10, 10, 10, 10, 10, 10, 10, 10, 10, 10, 10, 10, 10, 4, 10, 10, 10, 10, 10, 10, 10, 10, 6, 10, 10, 10, 10, 10, 10, 10, 6, 10, 10, 10, 10, 10, 10, 10, 10, 10, 10, 10, 
447: 10, 7, 10, 0, 0, 0, 0, 0, 0, 0, 0, 10, 10, 0, 10, 0, 0, 0, 0, 2, 0, 0, 10, 10, 0, 4, 10, 0, 0, 10, 10, 0, 3, 0, 0, 0, 0, 0, 0, 10, 10, 0, 10, 10, 10, 10, 10, 10, 10, 0, 20, 0, 10, 10, 10, 10, 10, 0, 0, 0, 10, 0, 0, 0, 0, 10, 0, 10, 10, 0, 0, 0, 0, 10, 0, 0, 0, 10, 10, 10, 10, 0, 10, 10, 0, 0, 0, 10, 0, 0, 10, 10, 10, 10, 0, 10, 0, 10, 10, 0, 0, 0, 10, 10, 0, 0, 0, 0, 10, 0, 10, 10, 0, 10, 10, 10, 10, 0, 0, 0, : 10, 7, 10, 10, 10, 10, 2, 10, 10, 4, 10, 10, 10, 3, 10, 10, 10, 10, 10, 10, 10, 10, 10, 20, 10, 10, 10, 10, 10, 10, 10, 10, 10, 10, 10, 10, 10, 10, 10, 10, 10, 10, 10, 10, 10, 10, 10, 10, 10, 10, 10, 10, 10, 10, 10, 10, 10, 
99: 0, 0, 10, 2, 10, 0, 10, 0, 10, 10, 0, 0, 0, 0, 10, 0, 10, 0, 0, 10, 10, 10, 0, 0, 10, 0, 10, 10, 0, 0, 0, 10, 0, 10, 10, 10, 0, 10, 0, 0, 10, 10, 0, 10, 10, 0, 0, 10, 0, 10, 0, 0, 0, 0, 0, 3, 0, 19, 0, 10, 0, 0, 0, 0, 0, 10, 10, 0, 10, 10, 10, 0, 0, 0, 0, 0, 10, 0, 1, 0, 10, 0, 10, 18, 10, 0, 10, 0, 10, 10, 0, 10, 10, 0, 0, 0, 10, 0, 0, 1, 10, 10, 10, 10, 10, 0, 10, 0, 0, 0, 10, 0, 0, 0, 0, 0, 10, 0, 0, 0, : 10, 2, 10, 10, 10, 10, 10, 10, 10, 10, 10, 10, 10, 10, 10, 10, 10, 10, 10, 10, 10, 10, 10, 10, 10, 3, 19, 10, 10, 10, 10, 10, 10, 10, 1, 10, 10, 18, 10, 10, 10, 10, 10, 10, 10, 1, 10, 10, 10, 10, 10, 10, 10, 10, 
444: 0, 10, 0, 0, 8, 0, 0, 10, 0, 0, 10, 0, 10, 0, 0, 10, 0, 0, 10, 0, 10, 0, 0, 0, 10, 10, 4, 0, 0, 0, 10, 0, 10, 0, 0, 10, 10, 0, 0, 10, 0, 10, 15, 0, 10, 0, 0, 0, 0, 0, 0, 0, 10, 0, 0, 10, 10, 10, 0, 0, 10, 0, 0, 10, 10, 8, 10, 10, 0, 10, 10, 0, 10, 10, 0, 0, 0, 10, 10, 0, 10, 10, 10, 10, 10, 1, 0, 10, 0, 10, 0, 10, 0, 0, 10, 10, 4, 0, 10, 10, 0, 0, 10, 10, 0, 10, 0, 0, 10, 10, 0, 0, 10, 10, 10, 10, 10, 10, 10, 0, : 10, 8, 10, 10, 10, 10, 10, 10, 10, 10, 4, 10, 10, 10, 10, 10, 10, 15, 10, 10, 10, 10, 10, 10, 10, 10, 8, 10, 10, 10, 10, 10, 10, 10, 10, 10, 10, 10, 10, 10, 1, 10, 10, 10, 10, 10, 4, 10, 10, 10, 10, 10, 10, 10, 10, 10, 10, 10, 10, 10, 10, 
356: 0, 10, 0, 0, 0, 10, 10, 10, 10, 10, 10, 10, 0, 10, 0, 0, 10, 20, 10, 10, 1, 10, 0, 0, 0, 0, 10, 10, 0, 0, 6, 0, 0, 10, 0, 10, 0, 0, 0, 0, 0, 10, 10, 10, 10, 0, 0, 0, 0, 0, 10, 10, 1, 10, 0, 10, 10, 0, 0, 0, 0, 10, 10, 0, 0, 0, 0, 10, 0, 0, 0, 10, 10, 10, 0, 10, 0, 10, 10, 10, 0, 0, 0, 10, 0, 10, 10, 10, 0, 0, 10, 10, 0, 10, 10, 0, 10, 10, 10, 0, 10, 10, 10, 10, 10, 0, 0, 10, 10, 10, 10, 0, 10, 0, 10, 10, 0, 10, 10, 10, : 10, 10, 10, 10, 10, 10, 10, 10, 10, 10, 20, 10, 10, 1, 10, 10, 10, 6, 10, 10, 10, 10, 10, 10, 10, 10, 1, 10, 10, 10, 10, 10, 10, 10, 10, 10, 10, 10, 10, 10, 10, 10, 10, 10, 10, 10, 10, 10, 10, 10, 10, 10, 10, 10, 10, 10, 10, 10, 10, 10, 10, 10, 10, 10, 10, 10, 
235: 0, 0, 10, 10, 10, 10, 10, 10, 0, 10, 0, 10, 10, 0, 0, 10, 0, 0, 10, 10, 10, 10, 10, 0, 0, 0, 10, 0, 10, 0, 10, 8, 10, 10, 0, 0, 10, 10, 10, 0, 0, 0, 10, 10, 10, 10, 0, 0, 12, 10, 0, 0, 0, 10, 0, 10, 10, 10, 0, 10, 10, 10, 10, 10, 10, 0, 0, 0, 10, 10, 10, 10, 0, 0, 0, 10, 0, 10, 10, 10, 0, 0, 20, 0, 10, 0, 5, 0, 0, 10, 0, 10, 0, 0, 0, 10, 10, 0, 0, 10, 0, 0, 0, 0, 0, 10, 10, 0, 10, 10, 10, 10, 10, 10, 10, 10, 0, 10, 0, 13, : 10, 10, 10, 10, 10, 10, 10, 10, 10, 10, 10, 10, 10, 10, 10, 10, 10, 10, 8, 10, 10, 10, 10, 10, 10, 10, 10, 10, 12, 10, 10, 10, 10, 10, 10, 10, 10, 10, 10, 10, 10, 10, 10, 10, 10, 10, 10, 10, 20, 10, 5, 10, 10, 10, 10, 10, 10, 10, 10, 10, 10, 10, 10, 10, 10, 10, 10, 13, 
184: 0, 0, 0, 10, 0, 0, 0, 0, 0, 10, 10, 10, 10, 10, 10, 0, 10, 0, 19, 10, 10, 0, 0, 0, 10, 10, 10, 10, 0, 0, 10, 10, 0, 0, 0, 10, 10, 10, 18, 0, 0, 0, 10, 0, 0, 10, 0, 0, 0, 10, 0, 10, 10, 10, 0, 10, 0, 10, 0, 10, 5, 9, 10, 0, 10, 0, 10, 0, 10, 0, 0, 0, 10, 0, 10, 0, 10, 0, 10, 0, 10, 6, 0, 10, 10, 10, 10, 10, 0, 0, 0, 10, 4, 10, 0, 10, 0, 10, 10, 1, 10, 0, 5, 10, 0, 10, 10, 0, 10, 0, 10, 0, 10, 0, 0, 10, 0, 10, 10, 10, : 10, 10, 10, 10, 10, 10, 10, 10, 19, 10, 10, 10, 10, 10, 10, 10, 10, 10, 10, 10, 18, 10, 10, 10, 10, 10, 10, 10, 10, 10, 5, 9, 10, 10, 10, 10, 10, 10, 10, 10, 10, 6, 10, 10, 10, 10, 10, 10, 4, 10, 10, 10, 10, 1, 10, 5, 10, 10, 10, 10, 10, 10, 10, 10, 10, 10, 
35: 10, 0, 0, 0, 10, 0, 0, 0, 2, 0, 0, 10, 0, 10, 0, 10, 10, 0, 0, 0, 10, 10, 10, 10, 0, 10, 10, 10, 10, 0, 0, 0, 10, 0, 0, 0, 10, 0, 10, 0, 0, 0, 10, 10, 0, 0, 0, 10, 0, 0, 0, 10, 10, 10, 10, 10, 10, 0, 10, 0, 10, 10, 10, 10, 10, 0, 0, 10, 10, 10, 0, 10, 0, 10, 0, 0, 17, 0, 10, 10, 0, 0, 10, 0, 0, 0, 0, 10, 1, 0, 0, 0, 0, 0, 0, 10, 0, 0, 10, 0, 0, 10, 0, 0, 10, 0, 0, 10, 0, 0, 0, 0, 10, 0, 10, 10, 0, 10, 14, 10, : 10, 10, 2, 10, 10, 10, 10, 10, 10, 10, 10, 10, 10, 10, 10, 10, 10, 10, 10, 10, 10, 10, 10, 10, 10, 10, 10, 10, 10, 10, 10, 10, 10, 10, 10, 10, 10, 10, 17, 10, 10, 10, 10, 1, 10, 10, 10, 10, 10, 10, 10, 10, 10, 14, 10, 
236: 0, 10, 10, 10, 0, 0, 7, 0, 10, 10, 0, 0, 0, 0, 10, 10, 0, 0, 10, 0, 0, 10, 10, 0, 0, 0, 0, 0, 0, 0, 0, 10, 0, 10, 0, 10, 10, 0, 10, 10, 0, 2, 4, 0, 10, 10, 0, 0, 0, 0, 0, 0, 10, 0, 0, 0, 10, 0, 10, 0, 10, 0, 0, 10, 0, 10, 10, 10, 10, 0, 10, 10, 0, 0, 1, 10, 0, 10, 0, 0, 10, 10, 0, 10, 10, 0, 0, 10, 10, 10, 0, 10, 0, 10, 0, 0, 0, 0, 10, 10, 10, 10, 10, 0, 0, 8, 10, 10, 10, 0, 10, 10, 10, 0, 0, 10, 0, 0, 10, 10, : 10, 10, 10, 7, 10, 10, 10, 10, 10, 10, 10, 10, 10, 10, 10, 10, 10, 2, 4, 10, 10, 10, 10, 10, 10, 10, 10, 10, 10, 10, 10, 10, 1, 10, 10, 10, 10, 10, 10, 10, 10, 10, 10, 10, 10, 10, 10, 10, 10, 8, 10, 10, 10, 10, 10, 10, 10, 10, 10, 
4: 10, 0, 0, 10, 10, 10, 10, 0, 0, 0, 0, 10, 10, 10, 0, 10, 10, 0, 0, 0, 0, 0, 10, 0, 10, 0, 10, 10, 0, 0, 10, 10, 0, 0, 0, 0, 10, 10, 10, 0, 0, 10, 0, 0, 0, 0, 0, 0, 10, 10, 0, 0, 0, 10, 10, 10, 10, 10, 0, 3, 0, 0, 10, 10, 10, 0, 0, 0, 0, 0, 0, 0, 10, 0, 0, 10, 0, 10, 10, 0, 0, 0, 0, 10, 0, 10, 10, 10, 10, 10, 10, 0, 10, 0, 0, 10, 0, 10, 0, 10, 0, 0, 10, 10, 10, 10, 0, 0, 10, 10, 7, 2, 0, 6, 0, 0, 10, 10, 0, 0, : 10, 10, 10, 10, 10, 10, 10, 10, 10, 10, 10, 10, 10, 10, 10, 10, 10, 10, 10, 10, 10, 10, 10, 10, 10, 10, 10, 3, 10, 10, 10, 10, 10, 10, 10, 10, 10, 10, 10, 10, 10, 10, 10, 10, 10, 10, 10, 10, 10, 10, 10, 10, 7, 2, 6, 10, 10, 
29: 0, 0, 10, 0, 10, 0, 0, 10, 10, 10, 0, 10, 10, 10, 10, 10, 4, 0, 10, 0, 10, 10, 0, 10, 10, 10, 0, 0, 0, 10, 0, 0, 0, 0, 0, 0, 0, 10, 10, 10, 10, 10, 0, 10, 10, 10, 0, 10, 0, 0, 0, 1, 10, 10, 10, 10, 0, 10, 0, 10, 0, 10, 0, 10, 10, 0, 0, 10, 10, 0, 10, 10, 10, 0, 0, 10, 0, 0, 10, 3, 10, 0, 0, 10, 1, 10, 0, 10, 10, 10, 0, 10, 10, 0, 0, 10, 0, 0, 4, 10, 0, 10, 0, 0, 10, 0, 0, 10, 0, 10, 10, 0, 10, 0, 0, 10, 0, 0, 0, 10, : 10, 10, 10, 10, 10, 10, 10, 10, 10, 10, 4, 10, 10, 10, 10, 10, 10, 10, 10, 10, 10, 10, 10, 10, 10, 10, 10, 1, 10, 10, 10, 10, 10, 10, 10, 10, 10, 10, 10, 10, 10, 10, 10, 10, 3, 10, 10, 1, 10, 10, 10, 10, 10, 10, 10, 4, 10, 10, 10, 10, 10, 10, 10, 10, 10, 
221: 10, 10, 0, 0, 10, 10, 10, 10, 0, 0, 0, 10, 10, 10, 10, 10, 10, 10, 10, 10, 0, 10, 10, 10, 0, 0, 0, 10, 10, 0, 10, 10, 0, 10, 0, 10, 10, 0, 0, 10, 0, 10, 10, 13, 10, 10, 0, 10, 10, 10, 10, 0, 10, 0, 0, 0, 0, 0, 10, 0, 10, 0, 0, 0, 0, 0, 1, 0, 0, 10, 0, 0, 0, 10, 10, 0, 10, 0, 10, 10, 0, 10, 10, 10, 0, 10, 10, 0, 0, 0, 0, 10, 10, 10, 10, 0, 16, 0, 10, 0, 0, 0, 0, 10, 1, 0, 10, 0, 0, 0, 10, 10, 10, 0, 10, 0, 10, 0, 10, 0, : 10, 10, 10, 10, 10, 10, 10, 10, 10, 10, 10, 10, 10, 10, 10, 10, 10, 10, 10, 10, 10, 10, 10, 10, 10, 10, 10, 10, 13, 10, 10, 10, 10, 10, 10, 10, 10, 10, 1, 10, 10, 10, 10, 10, 10, 10, 10, 10, 10, 10, 10, 10, 10, 10, 16, 10, 10, 1, 10, 10, 10, 10, 10, 10, 10, 
127: 10, 10, 10, 10, 0, 10, 0, 0, 0, 0, 1, 0, 10, 10, 10, 2, 10, 10, 0, 10, 0, 10, 10, 10, 0, 1, 10, 10, 10, 0, 10, 0, 0, 10, 10, 10, 10, 0, 10, 10, 10, 10, 10, 10, 10, 11, 0, 0, 0, 10, 0, 10, 10, 10, 10, 0, 10, 0, 0, 10, 10, 10, 10, 14, 0, 10, 0, 0, 0, 0, 10, 10, 0, 0, 0, 10, 5, 10, 10, 10, 0, 0, 10, 10, 0, 10, 10, 10, 10, 10, 0, 0, 10, 0, 10, 10, 0, 10, 10, 10, 10, 0, 0, 0, 0, 0, 10, 0, 10, 0, 10, 0, 0, 0, 10, 10, 0, 7, 10, 10, : 10, 10, 10, 10, 10, 1, 10, 10, 10, 2, 10, 10, 10, 10, 10, 10, 1, 10, 10, 10, 10, 10, 10, 10, 10, 10, 10, 10, 10, 10, 10, 10, 11, 10, 10, 10, 10, 10, 10, 10, 10, 10, 10, 14, 10, 10, 10, 10, 5, 10, 10, 10, 10, 10, 10, 10, 10, 10, 10, 10, 10, 10, 10, 10, 10, 10, 10, 10, 10, 10, 10, 7, 10, 10, 
301: 10, 10, 10, 0, 0, 10, 10, 10, 0, 10, 20, 10, 0, 0, 0, 10, 0, 10, 0, 10, 10, 0, 10, 10, 0, 10, 0, 0, 10, 0, 0, 1, 0, 0, 10, 10, 0, 10, 0, 10, 10, 10, 10, 0, 10, 0, 10, 10, 10, 10, 0, 0, 0, 0, 0, 0, 10, 7, 0, 10, 10, 0, 10, 0, 10, 0, 10, 0, 10, 0, 0, 0, 0, 10, 10, 0, 10, 10, 0, 2, 0, 10, 10, 0, 10, 0, 0, 10, 10, 0, 10, 0, 0, 10, 0, 0, 0, 0, 10, 10, 10, 10, 10, 0, 10, 0, 10, 10, 10, 10, 0, 10, 0, 0, 10, 0, 0, 10, 10, 0, : 10, 10, 10, 10, 10, 10, 10, 20, 10, 10, 10, 10, 10, 10, 10, 10, 10, 1, 10, 10, 10, 10, 10, 10, 10, 10, 10, 10, 10, 10, 10, 7, 10, 10, 10, 10, 10, 10, 10, 10, 10, 10, 2, 10, 10, 10, 10, 10, 10, 10, 10, 10, 10, 10, 10, 10, 10, 10, 10, 10, 10, 10, 10, 10, 
378: 10, 10, 10, 0, 10, 10, 0, 10, 0, 0, 10, 0, 10, 10, 0, 10, 0, 0, 10, 19, 10, 18, 10, 10, 10, 10, 0, 10, 10, 0, 0, 0, 0, 10, 0, 10, 0, 10, 0, 10, 10, 0, 0, 0, 0, 0, 10, 10, 10, 10, 0, 0, 0, 10, 10, 0, 0, 10, 10, 10, 10, 10, 10, 0, 2, 0, 0, 10, 10, 10, 10, 10, 10, 0, 0, 10, 10, 10, 3, 10, 0, 0, 10, 0, 10, 0, 0, 10, 0, 0, 10, 10, 0, 0, 0, 0, 10, 0, 10, 10, 0, 0, 10, 0, 10, 10, 0, 10, 0, 0, 0, 0, 10, 10, 0, 0, 0, 0, 10, 0, : 10, 10, 10, 10, 10, 10, 10, 10, 10, 10, 10, 19, 10, 18, 10, 10, 10, 10, 10, 10, 10, 10, 10, 10, 10, 10, 10, 10, 10, 10, 10, 10, 10, 10, 10, 10, 10, 2, 10, 10, 10, 10, 10, 10, 10, 10, 10, 3, 10, 10, 10, 10, 10, 10, 10, 10, 10, 10, 10, 10, 10, 10, 10, 10, 
395: 0, 10, 0, 10, 0, 10, 10, 4, 10, 10, 0, 0, 0, 0, 10, 10, 0, 0, 10, 0, 7, 0, 0, 0, 0, 0, 0, 10, 10, 10, 0, 10, 10, 10, 10, 0, 10, 10, 0, 0, 10, 0, 10, 0, 10, 10, 10, 0, 0, 10, 0, 0, 0, 0, 0, 0, 10, 0, 10, 10, 10, 0, 10, 10, 0, 10, 0, 0, 1, 10, 14, 11, 10, 0, 0, 1, 0, 10, 10, 0, 0, 0, 10, 10, 0, 10, 10, 0, 0, 9, 0, 0, 10, 10, 0, 10, 0, 0, 0, 0, 0, 0, 0, 3, 0, 10, 0, 0, 10, 10, 0, 0, 0, 0, 0, 10, 10, 0, 10, 10, : 10, 10, 10, 10, 4, 10, 10, 10, 10, 10, 7, 10, 10, 10, 10, 10, 10, 10, 10, 10, 10, 10, 10, 10, 10, 10, 10, 10, 10, 10, 10, 10, 10, 1, 10, 14, 11, 10, 1, 10, 10, 10, 10, 10, 10, 9, 10, 10, 10, 3, 10, 10, 10, 10, 10, 10, 10, 
475: 0, 10, 10, 0, 0, 10, 0, 10, 0, 0, 10, 10, 0, 10, 0, 10, 0, 10, 0, 10, 10, 10, 0, 0, 10, 10, 10, 0, 10, 10, 1, 10, 0, 0, 0, 0, 10, 0, 0, 0, 16, 10, 5, 10, 10, 0, 10, 0, 0, 4, 10, 10, 10, 10, 0, 10, 0, 10, 0, 0, 0, 10, 10, 0, 0, 0, 0, 10, 0, 10, 10, 10, 0, 10, 10, 10, 10, 0, 10, 10, 10, 0, 0, 0, 10, 10, 10, 10, 2, 10, 10, 0, 0, 10, 0, 0, 13, 0, 10, 0, 10, 0, 0, 10, 0, 0, 10, 0, 10, 0, 10, 16, 10, 10, 0, 0, 0, 0, 0, 0, : 10, 10, 10, 10, 10, 10, 10, 10, 10, 10, 10, 10, 10, 10, 10, 10, 10, 1, 10, 10, 16, 10, 5, 10, 10, 10, 4, 10, 10, 10, 10, 10, 10, 10, 10, 10, 10, 10, 10, 10, 10, 10, 10, 10, 10, 10, 10, 10, 10, 10, 2, 10, 10, 10, 13, 10, 10, 10, 10, 10, 10, 16, 10, 10, 
188: 0, 10, 10, 0, 0, 10, 10, 10, 10, 10, 0, 0, 10, 10, 0, 10, 19, 10, 0, 0, 0, 0, 3, 10, 0, 10, 10, 0, 0, 10, 10, 0, 10, 10, 10, 10, 10, 0, 10, 0, 0, 10, 0, 0, 0, 10, 0, 0, 7, 0, 10, 10, 0, 10, 0, 10, 10, 17, 10, 0, 10, 10, 0, 0, 0, 0, 10, 10, 0, 10, 0, 0, 0, 10, 10, 10, 0, 10, 0, 0, 0, 0, 0, 0, 10, 10, 10, 0, 10, 0, 10, 10, 10, 10, 10, 0, 0, 0, 1, 10, 0, 0, 10, 10, 0, 10, 0, 10, 0, 0, 10, 0, 10, 10, 0, 0, 10, 10, 10, 10, : 10, 10, 10, 10, 10, 10, 10, 10, 10, 10, 19, 10, 3, 10, 10, 10, 10, 10, 10, 10, 10, 10, 10, 10, 10, 10, 7, 10, 10, 10, 10, 10, 17, 10, 10, 10, 10, 10, 10, 10, 10, 10, 10, 10, 10, 10, 10, 10, 10, 10, 10, 10, 1, 10, 10, 10, 10, 10, 10, 10, 10, 10, 10, 10, 10, 
575: 2, 10, 10, 10, 0, 0, 0, 10, 10, 0, 0, 10, 0, 1, 10, 10, 0, 10, 10, 10, 10, 10, 0, 0, 10, 0, 0, 10, 0, 10, 0, 0, 10, 10, 0, 10, 0, 0, 10, 0, 10, 3, 10, 0, 0, 0, 10, 10, 10, 10, 10, 0, 0, 10, 10, 10, 10, 0, 0, 10, 0, 10, 10, 0, 10, 10, 0, 10, 0, 10, 10, 0, 10, 10, 10, 0, 0, 10, 0, 0, 10, 10, 0, 0, 10, 0, 10, 0, 10, 10, 10, 0, 0, 10, 0, 10, 10, 10, 10, 10, 10, 0, 1, 10, 0, 0, 10, 0, 10, 10, 0, 0, 0, 10, 0, 0, 10, 0, 0, 0, : 2, 10, 10, 10, 10, 10, 10, 1, 10, 10, 10, 10, 10, 10, 10, 10, 10, 10, 10, 10, 10, 10, 10, 3, 10, 10, 10, 10, 10, 10, 10, 10, 10, 10, 10, 10, 10, 10, 10, 10, 10, 10, 10, 10, 10, 10, 10, 10, 10, 10, 10, 10, 10, 10, 10, 10, 10, 10, 10, 10, 1, 10, 10, 10, 10, 10, 10, 
302: 10, 0, 10, 10, 10, 0, 10, 10, 10, 0, 10, 10, 0, 0, 0, 0, 10, 10, 0, 0, 0, 10, 10, 0, 10, 10, 10, 0, 0, 0, 10, 10, 10, 10, 10, 0, 7, 10, 10, 1, 10, 0, 10, 10, 0, 10, 10, 0, 0, 0, 10, 0, 10, 0, 10, 10, 0, 0, 0, 0, 0, 10, 10, 0, 3, 10, 0, 10, 0, 10, 0, 0, 10, 0, 0, 10, 1, 0, 10, 0, 0, 10, 0, 10, 10, 10, 10, 0, 0, 0, 10, 10, 0, 0, 10, 10, 0, 10, 0, 10, 0, 10, 0, 10, 0, 10, 5, 0, 0, 9, 10, 10, 0, 10, 10, 10, 10, 0, 0, 10, : 10, 10, 10, 10, 10, 10, 10, 10, 10, 10, 10, 10, 10, 10, 10, 10, 10, 10, 10, 10, 10, 7, 10, 10, 1, 10, 10, 10, 10, 10, 10, 10, 10, 10, 10, 10, 3, 10, 10, 10, 10, 10, 1, 10, 10, 10, 10, 10, 10, 10, 10, 10, 10, 10, 10, 10, 10, 10, 5, 9, 10, 10, 10, 10, 10, 10, 10, 
451: 0, 0, 0, 10, 10, 10, 10, 0, 10, 0, 10, 10, 10, 0, 10, 10, 0, 10, 10, 0, 0, 10, 0, 10, 0, 0, 0, 10, 0, 10, 0, 0, 0, 10, 10, 0, 10, 0, 10, 0, 0, 10, 1, 10, 10, 10, 0, 0, 10, 6, 10, 0, 10, 10, 0, 0, 10, 0, 0, 10, 10, 0, 0, 10, 0, 10, 10, 0, 10, 0, 10, 0, 10, 0, 10, 10, 0, 0, 10, 0, 10, 0, 10, 0, 10, 10, 10, 10, 10, 10, 0, 0, 10, 10, 10, 0, 10, 10, 10, 0, 10, 0, 10, 0, 10, 0, 0, 0, 0, 0, 10, 0, 0, 0, 10, 0, 0, 0, 0, 10, : 10, 10, 10, 10, 10, 10, 10, 10, 10, 10, 10, 10, 10, 10, 10, 10, 10, 10, 10, 10, 10, 1, 10, 10, 10, 10, 6, 10, 10, 10, 10, 10, 10, 10, 10, 10, 10, 10, 10, 10, 10, 10, 10, 10, 10, 10, 10, 10, 10, 10, 10, 10, 10, 10, 10, 10, 10, 10, 10, 10, 10, 10, 
566: 0, 10, 0, 10, 10, 0, 10, 10, 0, 10, 0, 0, 10, 10, 0, 0, 0, 0, 10, 10, 0, 10, 10, 10, 10, 0, 10, 0, 10, 0, 10, 10, 10, 10, 10, 0, 0, 0, 10, 10, 0, 0, 10, 1, 10, 0, 10, 10, 10, 0, 10, 0, 0, 10, 14, 10, 0, 10, 0, 10, 0, 0, 0, 10, 0, 10, 0, 10, 10, 0, 10, 10, 10, 0, 0, 10, 10, 10, 0, 0, 0, 0, 10, 0, 10, 0, 14, 0, 0, 10, 10, 10, 10, 10, 10, 10, 0, 0, 10, 10, 0, 0, 10, 10, 10, 10, 10, 10, 0, 10, 10, 0, 0, 0, 0, 0, 0, 0, 0, 10, : 10, 10, 10, 10, 10, 10, 10, 10, 10, 10, 10, 10, 10, 10, 10, 10, 10, 10, 10, 10, 10, 10, 10, 10, 1, 10, 10, 10, 10, 10, 10, 14, 10, 10, 10, 10, 10, 10, 10, 10, 10, 10, 10, 10, 10, 10, 10, 14, 10, 10, 10, 10, 10, 10, 10, 10, 10, 10, 10, 10, 10, 10, 10, 10, 10, 10, 
39: 10, 10, 10, 10, 10, 0, 10, 10, 0, 10, 0, 10, 0, 10, 0, 0, 10, 0, 10, 10, 10, 10, 2, 10, 0, 0, 0, 0, 1, 10, 0, 0, 0, 10, 10, 0, 0, 0, 0, 10, 0, 0, 0, 10, 0, 10, 0, 10, 0, 10, 4, 0, 10, 0, 0, 0, 0, 10, 10, 10, 0, 10, 10, 10, 0, 0, 10, 0, 0, 10, 0, 0, 10, 10, 0, 10, 0, 2, 10, 0, 10, 0, 10, 0, 0, 0, 0, 0, 10, 10, 0, 10, 0, 2, 0, 10, 0, 0, 0, 0, 0, 10, 0, 10, 0, 10, 0, 0, 10, 10, 10, 0, 10, 10, 0, 10, 0, 0, 0, 0, : 10, 10, 10, 10, 10, 10, 10, 10, 10, 10, 10, 10, 10, 10, 10, 2, 10, 1, 10, 10, 10, 10, 10, 10, 10, 10, 4, 10, 10, 10, 10, 10, 10, 10, 10, 10, 10, 10, 10, 2, 10, 10, 10, 10, 10, 10, 2, 10, 10, 10, 10, 10, 10, 10, 10, 10, 10, 
439: 10, 0, 0, 0, 10, 10, 10, 0, 10, 10, 0, 10, 0, 10, 10, 0, 0, 0, 0, 10, 10, 0, 10, 10, 0, 10, 10, 0, 10, 0, 0, 10, 20, 10, 0, 0, 0, 0, 0, 10, 10, 0, 0, 0, 10, 0, 0, 0, 10, 0, 10, 10, 0, 10, 0, 10, 0, 10, 0, 10, 0, 0, 0, 0, 0, 10, 0, 0, 0, 0, 1, 0, 0, 0, 0, 10, 0, 0, 10, 10, 10, 0, 10, 10, 10, 10, 10, 0, 10, 0, 0, 10, 0, 0, 10, 0, 10, 10, 0, 0, 10, 7, 10, 0, 0, 0, 0, 0, 2, 0, 10, 10, 7, 10, 10, 10, 10, 0, 0, 10, : 10, 10, 10, 10, 10, 10, 10, 10, 10, 10, 10, 10, 10, 10, 10, 10, 10, 20, 10, 10, 10, 10, 10, 10, 10, 10, 10, 10, 10, 10, 1, 10, 10, 10, 10, 10, 10, 10, 10, 10, 10, 10, 10, 10, 10, 10, 7, 10, 2, 10, 10, 7, 10, 10, 10, 10, 10, 
303: 10, 0, 0, 10, 0, 10, 10, 10, 0, 0, 10, 0, 0, 10, 10, 0, 10, 0, 0, 0, 10, 10, 10, 0, 10, 0, 0, 10, 10, 0, 10, 0, 0, 0, 10, 10, 10, 0, 10, 0, 0, 0, 0, 10, 10, 0, 0, 10, 10, 0, 10, 0, 10, 0, 10, 10, 10, 0, 10, 10, 10, 0, 0, 10, 19, 0, 10, 0, 10, 10, 0, 10, 0, 10, 10, 0, 0, 0, 10, 10, 10, 10, 0, 10, 10, 10, 0, 10, 0, 0, 0, 0, 10, 10, 10, 0, 10, 10, 0, 0, 0, 10, 10, 10, 10, 10, 10, 10, 0, 10, 10, 10, 0, 10, 0, 10, 0, 0, 10, 10, : 10, 10, 10, 10, 10, 10, 10, 10, 10, 10, 10, 10, 10, 10, 10, 10, 10, 10, 10, 10, 10, 10, 10, 10, 10, 10, 10, 10, 10, 10, 10, 10, 10, 19, 10, 10, 10, 10, 10, 10, 10, 10, 10, 10, 10, 10, 10, 10, 10, 10, 10, 10, 10, 10, 10, 10, 10, 10, 10, 10, 10, 10, 10, 10, 10, 10, 10, 
494: 10, 10, 10, 10, 6, 0, 10, 10, 0, 10, 0, 10, 0, 0, 0, 10, 10, 10, 0, 0, 0, 10, 10, 0, 10, 10, 0, 10, 0, 10, 10, 10, 10, 0, 0, 9, 0, 10, 10, 0, 0, 10, 10, 0, 0, 10, 10, 0, 0, 10, 0, 0, 0, 10, 10, 10, 0, 10, 10, 0, 10, 10, 0, 0, 10, 10, 0, 0, 0, 10, 0, 10, 10, 10, 10, 10, 0, 10, 0, 10, 10, 0, 0, 0, 10, 0, 10, 10, 10, 10, 0, 10, 10, 0, 10, 10, 0, 10, 10, 10, 10, 0, 0, 0, 10, 10, 10, 0, 0, 10, 10, 0, 10, 10, 0, 1, 10, 0, 0, 0, : 10, 10, 10, 10, 6, 10, 10, 10, 10, 10, 10, 10, 10, 10, 10, 10, 10, 10, 10, 10, 10, 9, 10, 10, 10, 10, 10, 10, 10, 10, 10, 10, 10, 10, 10, 10, 10, 10, 10, 10, 10, 10, 10, 10, 10, 10, 10, 10, 10, 10, 10, 10, 10, 10, 10, 10, 10, 10, 10, 10, 10, 10, 10, 10, 10, 10, 10, 1, 10, 
48: 10, 10, 0, 10, 0, 1, 0, 0, 0, 0, 0, 0, 10, 0, 10, 10, 10, 0, 0, 10, 10, 10, 0, 10, 10, 10, 10, 0, 0, 10, 10, 10, 0, 0, 10, 0, 0, 10, 10, 10, 10, 10, 0, 10, 10, 11, 0, 15, 0, 10, 0, 10, 0, 0, 0, 10, 0, 10, 0, 10, 10, 0, 10, 0, 0, 0, 0, 10, 10, 4, 10, 0, 0, 10, 9, 10, 0, 0, 0, 0, 10, 0, 10, 0, 10, 0, 10, 0, 10, 0, 10, 10, 10, 0, 0, 10, 0, 0, 10, 10, 0, 0, 0, 10, 10, 10, 10, 10, 0, 10, 10, 10, 0, 19, 0, 0, 10, 10, 10, 0, : 10, 10, 10, 1, 10, 10, 10, 10, 10, 10, 10, 10, 10, 10, 10, 10, 10, 10, 10, 10, 10, 10, 10, 10, 10, 10, 11, 15, 10, 10, 10, 10, 10, 10, 10, 10, 10, 4, 10, 10, 9, 10, 10, 10, 10, 10, 10, 10, 10, 10, 10, 10, 10, 10, 10, 10, 10, 10, 10, 10, 10, 19, 10, 10, 10, 
260: 0, 10, 10, 10, 0, 0, 10, 0, 10, 10, 10, 10, 10, 10, 10, 0, 10, 10, 0, 10, 0, 0, 0, 0, 0, 0, 10, 10, 0, 10, 0, 12, 0, 10, 0, 10, 0, 10, 0, 0, 10, 10, 10, 0, 0, 0, 10, 10, 10, 10, 10, 0, 10, 10, 0, 0, 0, 10, 0, 0, 10, 0, 0, 10, 10, 10, 1, 10, 10, 10, 0, 10, 10, 0, 0, 10, 10, 0, 0, 10, 10, 10, 0, 0, 10, 10, 10, 0, 10, 10, 10, 10, 10, 0, 10, 0, 0, 10, 10, 10, 10, 0, 1, 10, 10, 0, 0, 10, 0, 0, 10, 10, 10, 7, 0, 10, 0, 10, 10, 10, : 10, 10, 10, 10, 10, 10, 10, 10, 10, 10, 10, 10, 10, 10, 10, 10, 10, 12, 10, 10, 10, 10, 10, 10, 10, 10, 10, 10, 10, 10, 10, 10, 10, 10, 10, 10, 1, 10, 10, 10, 10, 10, 10, 10, 10, 10, 10, 10, 10, 10, 10, 10, 10, 10, 10, 10, 10, 10, 10, 10, 1, 10, 10, 10, 10, 10, 10, 7, 10, 10, 10, 10, 
557: 10, 0, 10, 0, 10, 0, 0, 10, 10, 0, 10, 0, 10, 10, 10, 0, 10, 10, 10, 0, 0, 2, 10, 0, 0, 0, 19, 10, 0, 10, 0, 0, 10, 0, 0, 0, 0, 10, 10, 10, 0, 10, 0, 2, 0, 10, 0, 10, 0, 0, 0, 0, 0, 10, 0, 0, 0, 0, 10, 10, 12, 0, 0, 10, 10, 0, 0, 10, 0, 0, 10, 0, 0, 10, 0, 10, 2, 0, 0, 10, 10, 10, 0, 10, 10, 10, 10, 10, 0, 0, 0, 0, 10, 0, 0, 10, 0, 10, 0, 10, 0, 10, 0, 10, 10, 10, 10, 10, 10, 10, 0, 0, 0, 10, 0, 10, 10, 0, 0, 0, : 10, 10, 10, 10, 10, 10, 10, 10, 10, 10, 10, 10, 2, 10, 19, 10, 10, 10, 10, 10, 10, 10, 2, 10, 10, 10, 10, 10, 12, 10, 10, 10, 10, 10, 10, 2, 10, 10, 10, 10, 10, 10, 10, 10, 10, 10, 10, 10, 10, 10, 10, 10, 10, 10, 10, 10, 10, 10, 10, 
62: 10, 0, 0, 10, 10, 0, 0, 0, 10, 0, 0, 0, 0, 10, 0, 0, 0, 10, 0, 0, 0, 17, 10, 0, 10, 10, 10, 10, 10, 0, 0, 0, 10, 10, 0, 10, 0, 20, 10, 10, 0, 0, 0, 0, 10, 0, 0, 0, 0, 10, 10, 0, 10, 0, 10, 0, 0, 10, 10, 10, 10, 0, 0, 0, 0, 10, 0, 10, 10, 10, 0, 10, 10, 10, 10, 1, 10, 10, 0, 10, 0, 0, 10, 10, 10, 10, 0, 10, 10, 10, 10, 10, 10, 0, 10, 10, 10, 0, 10, 0, 10, 0, 0, 10, 10, 10, 10, 0, 10, 0, 0, 0, 10, 10, 10, 0, 10, 0, 0, 12, : 10, 10, 10, 10, 10, 10, 17, 10, 10, 10, 10, 10, 10, 10, 10, 10, 20, 10, 10, 10, 10, 10, 10, 10, 10, 10, 10, 10, 10, 10, 10, 10, 10, 10, 10, 10, 1, 10, 10, 10, 10, 10, 10, 10, 10, 10, 10, 10, 10, 10, 10, 10, 10, 10, 10, 10, 10, 10, 10, 10, 10, 10, 10, 10, 12, 
123: 10, 10, 10, 0, 0, 10, 0, 0, 10, 10, 0, 0, 10, 10, 0, 0, 10, 5, 0, 10, 0, 0, 0, 10, 0, 10, 0, 0, 0, 0, 10, 0, 10, 7, 10, 10, 0, 10, 0, 10, 0, 2, 0, 10, 10, 10, 0, 10, 0, 10, 0, 0, 10, 10, 10, 10, 10, 10, 0, 10, 10, 20, 0, 0, 0, 10, 10, 10, 0, 0, 10, 0, 0, 10, 10, 10, 0, 10, 0, 0, 0, 0, 0, 0, 0, 0, 0, 0, 10, 0, 10, 0, 10, 10, 10, 0, 0, 0, 0, 10, 0, 10, 0, 0, 0, 10, 0, 0, 0, 10, 0, 10, 10, 0, 0, 10, 0, 0, 0, 1, : 10, 10, 10, 10, 10, 10, 10, 10, 10, 5, 10, 10, 10, 10, 10, 7, 10, 10, 10, 10, 2, 10, 10, 10, 10, 10, 10, 10, 10, 10, 10, 10, 10, 10, 20, 10, 10, 10, 10, 10, 10, 10, 10, 10, 10, 10, 10, 10, 10, 10, 10, 10, 10, 10, 10, 1, 
288: 10, 0, 0, 0, 10, 0, 10, 0, 0, 10, 3, 10, 0, 10, 10, 0, 0, 0, 10, 0, 0, 0, 0, 10, 10, 0, 0, 10, 10, 10, 10, 10, 10, 0, 10, 10, 1, 0, 0, 10, 0, 0, 10, 0, 10, 0, 10, 10, 0, 0, 10, 0, 10, 10, 0, 10, 0, 0, 0, 0, 0, 10, 0, 10, 0, 10, 0, 0, 0, 10, 10, 0, 10, 1, 0, 0, 10, 10, 10, 0, 0, 0, 0, 10, 0, 10, 10, 10, 0, 10, 0, 4, 0, 10, 10, 10, 0, 0, 10, 10, 10, 0, 10, 10, 4, 0, 10, 15, 0, 10, 10, 10, 10, 10, 10, 0, 0, 0, 0, 10, : 10, 10, 10, 10, 3, 10, 10, 10, 10, 10, 10, 10, 10, 10, 10, 10, 10, 10, 10, 1, 10, 10, 10, 10, 10, 10, 10, 10, 10, 10, 10, 10, 10, 10, 10, 1, 10, 10, 10, 10, 10, 10, 10, 10, 4, 10, 10, 10, 10, 10, 10, 10, 10, 4, 10, 15, 10, 10, 10, 10, 10, 10, 10, 
145: 0, 0, 0, 10, 0, 0, 10, 10, 12, 10, 11, 0, 0, 10, 10, 0, 0, 10, 10, 0, 10, 10, 0, 10, 0, 10, 10, 10, 10, 10, 2, 10, 10, 0, 0, 0, 0, 10, 0, 10, 10, 0, 0, 10, 0, 0, 0, 0, 10, 0, 10, 0, 0, 0, 0, 0, 10, 10, 10, 0, 10, 10, 10, 0, 10, 10, 0, 10, 10, 18, 0, 10, 10, 10, 10, 10, 10, 10, 10, 10, 10, 0, 10, 4, 0, 0, 0, 10, 0, 0, 0, 0, 0, 10, 10, 0, 0, 0, 10, 0, 10, 10, 0, 0, 10, 0, 10, 0, 10, 0, 0, 19, 0, 10, 0, 0, 0, 0, 10, 0, : 10, 10, 10, 12, 10, 11, 10, 10, 10, 10, 10, 10, 10, 10, 10, 10, 10, 10, 2, 10, 10, 10, 10, 10, 10, 10, 10, 10, 10, 10, 10, 10, 10, 10, 10, 10, 10, 18, 10, 10, 10, 10, 10, 10, 10, 10, 10, 10, 10, 4, 10, 10, 10, 10, 10, 10, 10, 10, 10, 19, 10, 10, 
554: 10, 10, 10, 0, 10, 10, 10, 10, 0, 10, 10, 5, 0, 0, 10, 10, 10, 0, 10, 10, 0, 0, 10, 0, 0, 10, 10, 10, 0, 10, 10, 10, 10, 0, 0, 18, 0, 2, 0, 0, 0, 0, 0, 10, 10, 10, 0, 10, 0, 0, 10, 10, 0, 0, 10, 10, 10, 10, 0, 10, 0, 10, 0, 0, 0, 10, 10, 0, 0, 0, 0, 10, 10, 0, 10, 10, 0, 10, 0, 0, 0, 0, 10, 0, 10, 10, 0, 0, 0, 10, 1, 10, 10, 0, 0, 0, 0, 0, 0, 0, 0, 10, 10, 10, 10, 10, 10, 10, 10, 0, 0, 10, 10, 10, 10, 10, 10, 0, 0, 0, : 10, 10, 10, 10, 10, 10, 10, 10, 10, 5, 10, 10, 10, 10, 10, 10, 10, 10, 10, 10, 10, 10, 10, 18, 2, 10, 10, 10, 10, 10, 10, 10, 10, 10, 10, 10, 10, 10, 10, 10, 10, 10, 10, 10, 10, 10, 10, 10, 1, 10, 10, 10, 10, 10, 10, 10, 10, 10, 10, 10, 10, 10, 10, 10, 10, 
282: 10, 0, 10, 1, 10, 0, 0, 10, 0, 10, 10, 10, 0, 0, 10, 19, 0, 0, 0, 0, 10, 0, 10, 10, 10, 10, 10, 10, 10, 10, 10, 10, 10, 0, 10, 0, 0, 0, 10, 10, 10, 10, 10, 10, 10, 10, 10, 5, 10, 0, 10, 10, 0, 0, 0, 10, 0, 0, 10, 0, 10, 0, 10, 0, 2, 0, 10, 10, 10, 0, 10, 0, 10, 10, 0, 10, 10, 0, 0, 0, 0, 0, 10, 0, 0, 0, 0, 0, 10, 10, 0, 0, 10, 1, 10, 10, 0, 0, 0, 10, 1, 10, 10, 10, 0, 10, 0, 0, 0, 0, 10, 0, 10, 0, 10, 14, 10, 0, 0, 10, : 10, 10, 1, 10, 10, 10, 10, 10, 10, 19, 10, 10, 10, 10, 10, 10, 10, 10, 10, 10, 10, 10, 10, 10, 10, 10, 10, 10, 10, 10, 10, 10, 5, 10, 10, 10, 10, 10, 10, 10, 2, 10, 10, 10, 10, 10, 10, 10, 10, 10, 10, 10, 10, 1, 10, 10, 10, 1, 10, 10, 10, 10, 10, 10, 10, 14, 10, 10, 
337: 0, 10, 10, 10, 0, 0, 0, 0, 0, 0, 10, 10, 0, 10, 10, 0, 0, 10, 10, 10, 0, 10, 10, 10, 0, 0, 10, 10, 10, 0, 10, 10, 0, 10, 0, 10, 0, 0, 10, 0, 10, 0, 10, 0, 0, 10, 10, 0, 10, 0, 10, 0, 10, 0, 0, 10, 0, 10, 0, 10, 0, 0, 10, 0, 10, 0, 3, 10, 0, 10, 10, 0, 10, 0, 10, 10, 10, 0, 0, 10, 10, 0, 0, 10, 0, 0, 0, 0, 10, 10, 10, 10, 10, 0, 0, 10, 10, 10, 0, 0, 10, 10, 0, 0, 10, 10, 0, 10, 10, 0, 10, 10, 0, 10, 0, 0, 6, 17, 10, 0, : 10, 10, 10, 10, 10, 10, 10, 10, 10, 10, 10, 10, 10, 10, 10, 10, 10, 10, 10, 10, 10, 10, 10, 10, 10, 10, 10, 10, 10, 10, 10, 10, 10, 3, 10, 10, 10, 10, 10, 10, 10, 10, 10, 10, 10, 10, 10, 10, 10, 10, 10, 10, 10, 10, 10, 10, 10, 10, 10, 10, 10, 6, 17, 10, 
560: 10, 0, 0, 10, 0, 10, 0, 10, 10, 0, 10, 10, 0, 10, 10, 10, 0, 0, 0, 20, 10, 10, 10, 10, 0, 10, 0, 0, 10, 10, 0, 10, 10, 2, 0, 10, 10, 0, 10, 0, 10, 10, 10, 0, 10, 10, 0, 0, 0, 10, 0, 10, 0, 10, 10, 10, 0, 10, 10, 10, 10, 0, 10, 0, 10, 0, 10, 10, 10, 10, 10, 0, 10, 10, 10, 0, 10, 10, 0, 0, 0, 10, 0, 0, 10, 0, 0, 0, 10, 10, 0, 3, 0, 0, 10, 0, 0, 10, 10, 10, 0, 10, 0, 0, 10, 0, 19, 0, 10, 10, 0, 10, 10, 10, 10, 0, 10, 10, 10, 10, : 10, 10, 10, 10, 10, 10, 10, 10, 10, 10, 20, 10, 10, 10, 10, 10, 10, 10, 10, 10, 2, 10, 10, 10, 10, 10, 10, 10, 10, 10, 10, 10, 10, 10, 10, 10, 10, 10, 10, 10, 10, 10, 10, 10, 10, 10, 10, 10, 10, 10, 10, 10, 10, 10, 3, 10, 10, 10, 10, 10, 10, 19, 10, 10, 10, 10, 10, 10, 10, 10, 10, 10, 
512: 10, 0, 0, 10, 10, 10, 0, 0, 10, 0, 10, 0, 0, 0, 10, 0, 0, 9, 0, 10, 0, 10, 10, 10, 0, 0, 0, 0, 10, 10, 10, 0, 0, 0, 0, 10, 10, 0, 10, 10, 10, 0, 10, 0, 0, 0, 0, 0, 10, 10, 0, 0, 10, 0, 0, 10, 19, 0, 10, 1, 0, 10, 10, 0, 10, 0, 10, 0, 0, 10, 10, 0, 10, 10, 0, 2, 0, 0, 10, 0, 0, 0, 0, 10, 10, 0, 0, 10, 10, 0, 0, 10, 0, 10, 16, 0, 10, 0, 0, 10, 0, 0, 0, 0, 0, 0, 10, 0, 0, 0, 0, 10, 10, 10, 10, 10, 10, 0, 0, 0, : 10, 10, 10, 10, 10, 10, 10, 9, 10, 10, 10, 10, 10, 10, 10, 10, 10, 10, 10, 10, 10, 10, 10, 10, 10, 19, 10, 1, 10, 10, 10, 10, 10, 10, 10, 10, 2, 10, 10, 10, 10, 10, 10, 10, 16, 10, 10, 10, 10, 10, 10, 10, 10, 10, 
222: 0, 0, 10, 0, 0, 0, 0, 10, 1, 1, 0, 0, 0, 10, 10, 0, 10, 10, 10, 10, 10, 10, 10, 10, 10, 10, 0, 0, 0, 10, 10, 10, 10, 10, 0, 10, 10, 0, 10, 0, 10, 10, 0, 0, 0, 10, 0, 10, 10, 10, 10, 0, 10, 10, 10, 0, 10, 10, 10, 10, 0, 0, 0, 10, 0, 0, 0, 0, 10, 0, 0, 10, 0, 10, 10, 10, 0, 10, 0, 10, 10, 0, 0, 10, 10, 10, 0, 0, 10, 10, 0, 10, 10, 10, 10, 4, 0, 10, 0, 10, 0, 0, 0, 10, 0, 0, 0, 10, 10, 0, 0, 0, 10, 10, 10, 0, 10, 0, 10, 0, : 10, 10, 1, 1, 10, 10, 10, 10, 10, 10, 10, 10, 10, 10, 10, 10, 10, 10, 10, 10, 10, 10, 10, 10, 10, 10, 10, 10, 10, 10, 10, 10, 10, 10, 10, 10, 10, 10, 10, 10, 10, 10, 10, 10, 10, 10, 10, 10, 10, 10, 10, 10, 10, 10, 10, 10, 4, 10, 10, 10, 10, 10, 10, 10, 10, 10, 10, 
243: 0, 10, 0, 10, 10, 10, 10, 10, 10, 10, 10, 10, 0, 0, 10, 3, 0, 0, 10, 10, 10, 10, 10, 0, 4, 0, 10, 0, 0, 10, 0, 10, 0, 0, 10, 10, 20, 10, 0, 0, 0, 0, 0, 0, 10, 10, 10, 10, 10, 10, 0, 0, 10, 10, 10, 0, 1, 10, 0, 10, 0, 10, 0, 10, 10, 0, 0, 5, 10, 10, 0, 10, 0, 10, 10, 0, 10, 0, 0, 0, 0, 0, 10, 0, 10, 3, 0, 0, 10, 10, 10, 10, 0, 10, 0, 0, 0, 10, 0, 0, 0, 10, 10, 0, 10, 10, 0, 0, 10, 0, 10, 10, 1, 10, 10, 0, 0, 0, 0, 10, : 10, 10, 10, 10, 10, 10, 10, 10, 10, 10, 10, 3, 10, 10, 10, 10, 10, 4, 10, 10, 10, 10, 10, 20, 10, 10, 10, 10, 10, 10, 10, 10, 10, 10, 1, 10, 10, 10, 10, 10, 5, 10, 10, 10, 10, 10, 10, 10, 10, 3, 10, 10, 10, 10, 10, 10, 10, 10, 10, 10, 10, 10, 10, 1, 10, 10, 10, 
324: 10, 0, 0, 0, 15, 10, 10, 10, 0, 0, 0, 0, 0, 0, 0, 0, 10, 0, 0, 0, 10, 10, 0, 10, 10, 10, 10, 10, 10, 0, 10, 0, 10, 0, 10, 10, 10, 10, 0, 0, 10, 0, 10, 0, 0, 10, 10, 0, 0, 10, 10, 0, 10, 15, 10, 10, 0, 0, 0, 0, 0, 0, 0, 0, 0, 0, 0, 0, 10, 0, 10, 10, 10, 0, 10, 0, 10, 10, 0, 15, 10, 10, 0, 10, 0, 10, 10, 10, 10, 10, 0, 10, 10, 10, 10, 10, 10, 0, 10, 10, 0, 0, 0, 10, 0, 0, 0, 0, 0, 10, 0, 10, 0, 0, 10, 10, 10, 1, 10, 10, : 10, 15, 10, 10, 10, 10, 10, 10, 10, 10, 10, 10, 10, 10, 10, 10, 10, 10, 10, 10, 10, 10, 10, 10, 10, 10, 10, 15, 10, 10, 10, 10, 10, 10, 10, 10, 10, 15, 10, 10, 10, 10, 10, 10, 10, 10, 10, 10, 10, 10, 10, 10, 10, 10, 10, 10, 10, 10, 10, 10, 1, 10, 10, 
445: 0, 0, 10, 0, 10, 10, 10, 10, 0, 10, 0, 0, 10, 0, 10, 0, 10, 0, 0, 0, 0, 0, 0, 10, 0, 0, 0, 10, 10, 0, 0, 0, 0, 10, 0, 10, 10, 10, 10, 10, 10, 0, 0, 10, 0, 0, 0, 0, 0, 0, 0, 0, 0, 0, 8, 0, 0, 10, 10, 1, 10, 10, 10, 10, 10, 10, 10, 0, 0, 0, 0, 10, 0, 0, 0, 0, 0, 10, 0, 0, 10, 0, 0, 10, 10, 0, 10, 10, 0, 0, 0, 10, 0, 0, 10, 10, 0, 10, 0, 0, 0, 0, 0, 0, 0, 0, 10, 0, 10, 10, 0, 10, 0, 10, 10, 10, 0, 10, 0, 0, : 10, 10, 10, 10, 10, 10, 10, 10, 10, 10, 10, 10, 10, 10, 10, 10, 10, 10, 10, 10, 8, 10, 10, 1, 10, 10, 10, 10, 10, 10, 10, 10, 10, 10, 10, 10, 10, 10, 10, 10, 10, 10, 10, 10, 10, 10, 10, 10, 10, 10, 
305: 0, 10, 0, 10, 10, 10, 0, 0, 10, 10, 0, 0, 10, 0, 10, 0, 10, 10, 0, 0, 0, 0, 0, 10, 10, 10, 10, 0, 10, 10, 0, 0, 0, 10, 10, 10, 10, 0, 10, 10, 14, 10, 10, 0, 10, 0, 10, 0, 10, 10, 0, 0, 0, 0, 10, 10, 0, 10, 10, 0, 0, 10, 0, 0, 10, 10, 0, 10, 10, 10, 10, 10, 10, 10, 10, 10, 0, 0, 10, 0, 0, 8, 0, 0, 10, 10, 10, 0, 10, 10, 0, 10, 0, 0, 0, 10, 10, 10, 0, 0, 10, 10, 0, 10, 10, 10, 0, 0, 10, 0, 10, 0, 0, 0, 7, 0, 10, 10, 0, 10, : 10, 10, 10, 10, 10, 10, 10, 10, 10, 10, 10, 10, 10, 10, 10, 10, 10, 10, 10, 10, 10, 10, 14, 10, 10, 10, 10, 10, 10, 10, 10, 10, 10, 10, 10, 10, 10, 10, 10, 10, 10, 10, 10, 10, 10, 10, 8, 10, 10, 10, 10, 10, 10, 10, 10, 10, 10, 10, 10, 10, 10, 10, 10, 7, 10, 10, 10, 
279: 10, 0, 10, 10, 0, 0, 0, 0, 10, 0, 10, 10, 10, 10, 0, 10, 0, 0, 10, 10, 0, 0, 0, 0, 0, 10, 0, 10, 10, 0, 0, 10, 10, 0, 10, 0, 0, 10, 0, 0, 19, 10, 0, 10, 10, 0, 10, 10, 0, 10, 0, 10, 0, 0, 0, 0, 10, 10, 0, 0, 0, 10, 0, 1, 10, 0, 10, 10, 10, 10, 0, 0, 10, 10, 0, 10, 10, 0, 10, 10, 0, 10, 0, 0, 0, 0, 10, 0, 0, 0, 10, 10, 18, 0, 0, 10, 10, 10, 0, 0, 10, 0, 10, 10, 10, 0, 18, 10, 0, 10, 10, 0, 10, 10, 0, 10, 10, 10, 0, 10, : 10, 10, 10, 10, 10, 10, 10, 10, 10, 10, 10, 10, 10, 10, 10, 10, 10, 10, 19, 10, 10, 10, 10, 10, 10, 10, 10, 10, 10, 1, 10, 10, 10, 10, 10, 10, 10, 10, 10, 10, 10, 10, 10, 10, 10, 18, 10, 10, 10, 10, 10, 10, 10, 18, 10, 10, 10, 10, 10, 10, 10, 10, 10, 
21: 9, 0, 0, 0, 0, 0, 0, 0, 10, 10, 0, 0, 10, 10, 0, 10, 10, 10, 10, 10, 10, 0, 0, 10, 10, 10, 10, 1, 10, 0, 10, 10, 10, 0, 10, 10, 10, 10, 10, 0, 10, 0, 10, 10, 10, 0, 10, 0, 10, 10, 10, 10, 10, 0, 10, 10, 10, 0, 0, 0, 0, 0, 0, 0, 0, 0, 0, 10, 0, 10, 0, 0, 0, 0, 10, 0, 0, 0, 0, 10, 0, 0, 10, 0, 0, 10, 10, 10, 0, 0, 10, 10, 0, 10, 17, 10, 10, 10, 10, 0, 10, 10, 10, 0, 10, 0, 0, 10, 10, 15, 10, 0, 0, 10, 0, 10, 0, 0, 0, 0, : 9, 10, 10, 10, 10, 10, 10, 10, 10, 10, 10, 10, 10, 10, 10, 1, 10, 10, 10, 10, 10, 10, 10, 10, 10, 10, 10, 10, 10, 10, 10, 10, 10, 10, 10, 10, 10, 10, 10, 10, 10, 10, 10, 10, 10, 10, 10, 10, 10, 17, 10, 10, 10, 10, 10, 10, 10, 10, 10, 10, 15, 10, 10, 10, 
466: 10, 0, 10, 10, 10, 10, 0, 0, 0, 10, 10, 10, 0, 10, 0, 0, 0, 0, 10, 0, 10, 1, 10, 1, 0, 10, 0, 10, 10, 10, 10, 0, 10, 0, 10, 10, 0, 0, 0, 0, 0, 10, 0, 0, 0, 10, 10, 0, 10, 10, 10, 1, 0, 0, 0, 0, 0, 0, 0, 0, 0, 10, 10, 10, 0, 0, 10, 0, 10, 0, 0, 0, 10, 10, 10, 10, 0, 0, 0, 0, 0, 10, 10, 0, 10, 0, 10, 10, 0, 10, 0, 0, 0, 10, 0, 10, 10, 0, 0, 10, 0, 10, 1, 0, 10, 0, 0, 10, 10, 10, 10, 0, 10, 0, 10, 10, 10, 10, 10, 0, : 10, 10, 10, 10, 10, 10, 10, 10, 10, 10, 10, 1, 10, 1, 10, 10, 10, 10, 10, 10, 10, 10, 10, 10, 10, 10, 10, 10, 1, 10, 10, 10, 10, 10, 10, 10, 10, 10, 10, 10, 10, 10, 10, 10, 10, 10, 10, 10, 10, 1, 10, 10, 10, 10, 10, 10, 10, 10, 10, 10, 10, 
5: 0, 10, 10, 10, 10, 0, 0, 0, 0, 0, 10, 10, 0, 10, 10, 10, 0, 10, 0, 10, 0, 0, 0, 0, 10, 0, 10, 0, 10, 10, 10, 0, 10, 0, 10, 10, 0, 0, 0, 0, 10, 0, 10, 10, 0, 0, 0, 10, 0, 0, 10, 10, 0, 0, 10, 10, 10, 0, 0, 10, 10, 10, 0, 0, 10, 0, 10, 10, 10, 10, 10, 10, 0, 0, 10, 10, 10, 0, 10, 10, 10, 1, 10, 0, 0, 10, 0, 10, 10, 0, 10, 0, 0, 10, 10, 10, 0, 10, 0, 10, 0, 0, 0, 10, 0, 0, 10, 10, 0, 3, 0, 0, 10, 0, 10, 0, 10, 10, 10, 0, : 10, 10, 10, 10, 10, 10, 10, 10, 10, 10, 10, 10, 10, 10, 10, 10, 10, 10, 10, 10, 10, 10, 10, 10, 10, 10, 10, 10, 10, 10, 10, 10, 10, 10, 10, 10, 10, 10, 10, 10, 10, 10, 10, 10, 1, 10, 10, 10, 10, 10, 10, 10, 10, 10, 10, 10, 10, 10, 3, 10, 10, 10, 10, 10, 
72: 0, 10, 0, 10, 10, 10, 10, 10, 0, 0, 10, 0, 0, 0, 0, 0, 10, 2, 10, 0, 10, 10, 0, 0, 0, 0, 0, 0, 0, 10, 0, 0, 10, 0, 0, 10, 0, 0, 0, 0, 10, 10, 10, 10, 0, 0, 10, 10, 0, 0, 0, 0, 0, 10, 0, 0, 10, 0, 0, 0, 0, 10, 12, 10, 0, 10, 0, 0, 0, 0, 0, 0, 10, 0, 0, 10, 10, 0, 10, 0, 0, 10, 10, 10, 13, 10, 10, 0, 10, 10, 10, 0, 10, 0, 10, 0, 10, 10, 10, 0, 10, 0, 10, 0, 10, 0, 0, 0, 10, 0, 10, 0, 0, 10, 10, 0, 0, 0, 0, 0, : 10, 10, 10, 10, 10, 10, 10, 10, 2, 10, 10, 10, 10, 10, 10, 10, 10, 10, 10, 10, 10, 10, 10, 10, 12, 10, 10, 10, 10, 10, 10, 10, 10, 10, 13, 10, 10, 10, 10, 10, 10, 10, 10, 10, 10, 10, 10, 10, 10, 10, 10, 10, 
457: 10, 3, 10, 0, 0, 10, 10, 0, 10, 10, 0, 10, 0, 10, 14, 0, 10, 10, 10, 10, 0, 0, 10, 0, 10, 0, 10, 0, 10, 10, 0, 10, 10, 10, 10, 0, 0, 10, 10, 10, 0, 10, 10, 10, 10, 10, 10, 10, 10, 10, 0, 0, 7, 0, 10, 0, 0, 10, 10, 10, 10, 0, 0, 0, 0, 10, 10, 10, 0, 10, 0, 10, 0, 0, 10, 0, 10, 10, 0, 0, 10, 10, 10, 0, 0, 0, 0, 0, 10, 0, 0, 10, 10, 10, 10, 0, 0, 0, 0, 0, 0, 10, 10, 10, 10, 10, 0, 0, 0, 0, 10, 10, 10, 10, 10, 10, 11, 0, 10, 10, : 10, 3, 10, 10, 10, 10, 10, 10, 10, 14, 10, 10, 10, 10, 10, 10, 10, 10, 10, 10, 10, 10, 10, 10, 10, 10, 10, 10, 10, 10, 10, 10, 10, 10, 10, 7, 10, 10, 10, 10, 10, 10, 10, 10, 10, 10, 10, 10, 10, 10, 10, 10, 10, 10, 10, 10, 10, 10, 10, 10, 10, 10, 10, 10, 10, 10, 10, 10, 11, 10, 10, 
276: 10, 10, 0, 10, 0, 10, 1, 0, 10, 0, 10, 0, 10, 10, 10, 0, 0, 10, 10, 10, 10, 10, 0, 0, 10, 0, 0, 0, 0, 10, 0, 0, 10, 0, 0, 0, 0, 0, 0, 0, 10, 0, 0, 0, 0, 0, 0, 0, 0, 10, 10, 0, 10, 0, 10, 6, 0, 10, 0, 0, 0, 0, 10, 10, 0, 0, 10, 10, 10, 0, 10, 0, 10, 10, 10, 0, 10, 0, 0, 0, 0, 0, 10, 10, 10, 10, 0, 10, 0, 0, 10, 10, 0, 10, 10, 0, 0, 0, 10, 0, 10, 10, 10, 9, 0, 6, 0, 10, 0, 0, 0, 10, 10, 10, 0, 10, 0, 0, 10, 10, : 10, 10, 10, 10, 1, 10, 10, 10, 10, 10, 10, 10, 10, 10, 10, 10, 10, 10, 10, 10, 10, 10, 10, 6, 10, 10, 10, 10, 10, 10, 10, 10, 10, 10, 10, 10, 10, 10, 10, 10, 10, 10, 10, 10, 10, 10, 10, 10, 9, 6, 10, 10, 10, 10, 10, 10, 10, 
520: 10, 10, 1, 0, 0, 10, 0, 0, 10, 10, 10, 10, 10, 0, 10, 10, 0, 0, 10, 10, 0, 0, 0, 10, 10, 10, 10, 10, 0, 0, 10, 2, 0, 10, 10, 0, 10, 10, 10, 10, 6, 10, 10, 10, 10, 0, 0, 0, 0, 14, 0, 0, 10, 0, 10, 0, 0, 0, 10, 10, 10, 10, 0, 10, 10, 0, 10, 0, 0, 10, 10, 0, 10, 0, 0, 0, 0, 10, 10, 10, 10, 10, 0, 0, 0, 0, 0, 0, 10, 0, 10, 10, 0, 0, 0, 0, 10, 0, 0, 0, 10, 10, 10, 10, 10, 10, 0, 10, 10, 10, 0, 13, 10, 0, 0, 0, 10, 10, 10, 8, : 10, 10, 1, 10, 10, 10, 10, 10, 10, 10, 10, 10, 10, 10, 10, 10, 10, 10, 10, 2, 10, 10, 10, 10, 10, 10, 6, 10, 10, 10, 10, 14, 10, 10, 10, 10, 10, 10, 10, 10, 10, 10, 10, 10, 10, 10, 10, 10, 10, 10, 10, 10, 10, 10, 10, 10, 10, 10, 10, 10, 10, 10, 13, 10, 10, 10, 10, 8, 
110: 0, 0, 0, 0, 0, 10, 0, 10, 10, 0, 10, 10, 10, 0, 0, 10, 15, 0, 10, 10, 10, 10, 0, 0, 0, 10, 0, 10, 0, 10, 1, 10, 0, 0, 10, 0, 10, 0, 1, 0, 0, 10, 0, 0, 9, 1, 10, 0, 10, 10, 0, 10, 0, 0, 0, 0, 10, 0, 10, 10, 0, 10, 10, 0, 0, 10, 10, 0, 0, 10, 10, 10, 0, 10, 0, 10, 10, 10, 0, 0, 0, 0, 0, 10, 10, 10, 0, 0, 0, 0, 0, 0, 0, 10, 10, 0, 0, 10, 0, 1, 10, 0, 0, 0, 10, 0, 10, 10, 0, 4, 10, 10, 10, 0, 0, 0, 0, 10, 0, 10, : 10, 10, 10, 10, 10, 10, 10, 15, 10, 10, 10, 10, 10, 10, 10, 1, 10, 10, 10, 1, 10, 9, 1, 10, 10, 10, 10, 10, 10, 10, 10, 10, 10, 10, 10, 10, 10, 10, 10, 10, 10, 10, 10, 10, 10, 10, 10, 1, 10, 10, 10, 10, 4, 10, 10, 10, 10, 10, 
476: 0, 10, 0, 10, 0, 10, 10, 10, 10, 0, 10, 10, 0, 0, 10, 0, 0, 10, 10, 10, 0, 10, 0, 10, 0, 0, 10, 0, 2, 0, 10, 0, 10, 0, 10, 10, 0, 10, 0, 0, 0, 1, 0, 0, 0, 10, 10, 10, 0, 10, 10, 0, 0, 0, 10, 10, 0, 10, 10, 0, 10, 10, 10, 0, 10, 0, 10, 10, 10, 0, 0, 0, 0, 0, 10, 10, 0, 10, 10, 0, 0, 0, 10, 0, 10, 0, 0, 0, 0, 10, 0, 0, 0, 10, 0, 0, 0, 10, 0, 0, 0, 0, 10, 0, 10, 10, 0, 10, 0, 10, 10, 10, 0, 10, 0, 0, 0, 10, 0, 10, : 10, 10, 10, 10, 10, 10, 10, 10, 10, 10, 10, 10, 10, 10, 10, 2, 10, 10, 10, 10, 10, 1, 10, 10, 10, 10, 10, 10, 10, 10, 10, 10, 10, 10, 10, 10, 10, 10, 10, 10, 10, 10, 10, 10, 10, 10, 10, 10, 10, 10, 10, 10, 10, 10, 10, 10, 10, 
483: 10, 10, 10, 10, 0, 1, 0, 10, 10, 0, 0, 0, 0, 0, 0, 0, 0, 0, 0, 0, 0, 0, 10, 10, 10, 0, 0, 0, 10, 0, 10, 10, 0, 0, 0, 0, 0, 0, 0, 10, 10, 10, 10, 0, 0, 0, 10, 0, 0, 10, 0, 10, 10, 10, 10, 0, 10, 0, 10, 0, 10, 0, 0, 10, 0, 10, 0, 0, 2, 0, 0, 10, 0, 10, 0, 10, 0, 10, 10, 10, 0, 0, 10, 0, 0, 10, 10, 0, 0, 0, 0, 0, 0, 0, 0, 0, 0, 10, 0, 0, 10, 10, 0, 0, 0, 0, 0, 0, 10, 0, 10, 0, 0, 10, 10, 0, 0, 10, 10, 0, : 10, 10, 10, 10, 1, 10, 10, 10, 10, 10, 10, 10, 10, 10, 10, 10, 10, 10, 10, 10, 10, 10, 10, 10, 10, 10, 10, 10, 2, 10, 10, 10, 10, 10, 10, 10, 10, 10, 10, 10, 10, 10, 10, 10, 10, 10, 10, 
267: 0, 10, 0, 10, 0, 0, 0, 0, 10, 0, 0, 0, 10, 0, 10, 11, 10, 10, 1, 0, 0, 0, 10, 0, 10, 0, 10, 10, 10, 0, 0, 10, 10, 10, 10, 10, 1, 10, 0, 0, 10, 16, 0, 10, 0, 10, 0, 10, 0, 10, 10, 10, 0, 0, 0, 10, 10, 10, 10, 10, 0, 10, 0, 0, 0, 10, 0, 0, 10, 10, 0, 0, 10, 0, 0, 0, 10, 0, 0, 10, 10, 10, 10, 0, 10, 0, 10, 10, 0, 10, 0, 10, 10, 10, 0, 0, 0, 10, 0, 0, 0, 10, 0, 0, 0, 0, 10, 0, 10, 10, 0, 0, 10, 10, 10, 10, 0, 10, 10, 0, : 10, 10, 10, 10, 10, 11, 10, 10, 1, 10, 10, 10, 10, 10, 10, 10, 10, 10, 10, 1, 10, 10, 16, 10, 10, 10, 10, 10, 10, 10, 10, 10, 10, 10, 10, 10, 10, 10, 10, 10, 10, 10, 10, 10, 10, 10, 10, 10, 10, 10, 10, 10, 10, 10, 10, 10, 10, 10, 10, 10, 10, 10, 
502: 0, 0, 0, 10, 10, 0, 10, 10, 10, 10, 10, 10, 10, 0, 0, 0, 10, 0, 0, 0, 0, 10, 10, 0, 10, 10, 10, 0, 0, 10, 10, 10, 0, 0, 0, 0, 0, 10, 10, 10, 0, 0, 10, 0, 0, 10, 10, 10, 10, 10, 10, 10, 0, 10, 0, 0, 0, 0, 0, 0, 10, 10, 10, 0, 10, 0, 10, 0, 0, 10, 10, 0, 0, 0, 0, 10, 10, 0, 10, 10, 10, 10, 10, 10, 0, 0, 0, 15, 0, 0, 10, 0, 10, 14, 0, 0, 10, 10, 0, 10, 0, 10, 10, 10, 10, 0, 0, 10, 0, 0, 0, 0, 10, 10, 10, 10, 10, 10, 10, 0, : 10, 10, 10, 10, 10, 10, 10, 10, 10, 10, 10, 10, 10, 10, 10, 10, 10, 10, 10, 10, 10, 10, 10, 10, 10, 10, 10, 10, 10, 10, 10, 10, 10, 10, 10, 10, 10, 10, 10, 10, 10, 10, 10, 10, 10, 15, 10, 10, 14, 10, 10, 10, 10, 10, 10, 10, 10, 10, 10, 10, 10, 10, 10, 10, 
150: 0, 10, 10, 10, 0, 10, 10, 10, 0, 10, 10, 0, 0, 0, 0, 10, 0, 10, 0, 10, 10, 0, 10, 0, 10, 0, 0, 10, 0, 10, 0, 0, 0, 0, 10, 0, 0, 10, 0, 0, 10, 0, 0, 0, 10, 10, 10, 10, 10, 0, 0, 0, 10, 10, 10, 10, 0, 0, 10, 0, 10, 0, 0, 10, 0, 3, 10, 0, 10, 0, 10, 10, 10, 10, 10, 0, 0, 10, 0, 0, 10, 10, 0, 0, 10, 0, 10, 0, 10, 10, 10, 1, 10, 0, 0, 0, 10, 5, 0, 10, 10, 0, 10, 0, 10, 0, 10, 0, 0, 0, 0, 0, 10, 0, 10, 0, 10, 10, 0, 0, : 10, 10, 10, 10, 10, 10, 10, 10, 10, 10, 10, 10, 10, 10, 10, 10, 10, 10, 10, 10, 10, 10, 10, 10, 10, 10, 10, 10, 10, 10, 10, 3, 10, 10, 10, 10, 10, 10, 10, 10, 10, 10, 10, 10, 10, 10, 10, 1, 10, 10, 5, 10, 10, 10, 10, 10, 10, 10, 10, 10, 
583: 10, 10, 0, 10, 10, 14, 10, 1, 10, 0, 0, 10, 4, 10, 10, 0, 10, 10, 10, 0, 10, 10, 10, 10, 1, 0, 10, 10, 0, 0, 10, 0, 10, 0, 0, 10, 0, 0, 0, 10, 0, 10, 10, 10, 10, 0, 10, 10, 10, 10, 10, 10, 0, 0, 10, 0, 10, 10, 10, 0, 0, 10, 0, 0, 10, 10, 10, 0, 10, 10, 10, 0, 0, 10, 0, 0, 0, 0, 0, 10, 10, 10, 0, 10, 0, 0, 10, 10, 0, 0, 10, 10, 10, 10, 10, 0, 0, 0, 0, 10, 10, 0, 10, 0, 10, 0, 10, 0, 0, 10, 1, 10, 0, 0, 0, 0, 10, 10, 0, 0, : 10, 10, 10, 10, 14, 10, 1, 10, 10, 4, 10, 10, 10, 10, 10, 10, 10, 10, 10, 1, 10, 10, 10, 10, 10, 10, 10, 10, 10, 10, 10, 10, 10, 10, 10, 10, 10, 10, 10, 10, 10, 10, 10, 10, 10, 10, 10, 10, 10, 10, 10, 10, 10, 10, 10, 10, 10, 10, 10, 10, 10, 10, 10, 10, 10, 1, 10, 10, 10, 
274: 10, 0, 0, 0, 10, 0, 10, 10, 0, 10, 10, 10, 0, 10, 0, 10, 10, 10, 0, 0, 10, 10, 0, 0, 0, 10, 0, 0, 0, 0, 0, 10, 0, 0, 0, 0, 10, 10, 0, 10, 0, 0, 10, 0, 0, 0, 0, 0, 10, 10, 0, 0, 10, 0, 0, 0, 0, 10, 10, 0, 0, 10, 10, 10, 0, 10, 10, 10, 0, 10, 0, 0, 10, 0, 0, 0, 10, 10, 0, 10, 10, 0, 0, 0, 0, 10, 10, 10, 0, 0, 10, 0, 10, 0, 10, 10, 10, 10, 0, 10, 10, 10, 0, 0, 10, 0, 10, 10, 0, 0, 0, 10, 10, 10, 10, 10, 10, 0, 10, 0, : 10, 10, 10, 10, 10, 10, 10, 10, 10, 10, 10, 10, 10, 10, 10, 10, 10, 10, 10, 10, 10, 10, 10, 10, 10, 10, 10, 10, 10, 10, 10, 10, 10, 10, 10, 10, 10, 10, 10, 10, 10, 10, 10, 10, 10, 10, 10, 10, 10, 10, 10, 10, 10, 10, 10, 10, 10, 10, 
388: 0, 10, 0, 0, 0, 10, 10, 10, 0, 0, 10, 0, 0, 10, 0, 10, 0, 0, 10, 0, 10, 10, 10, 10, 0, 0, 10, 10, 0, 10, 0, 0, 10, 10, 10, 10, 10, 10, 0, 16, 0, 10, 0, 0, 0, 0, 10, 10, 0, 0, 0, 10, 0, 10, 0, 0, 10, 10, 0, 0, 10, 0, 1, 0, 0, 0, 0, 10, 10, 10, 10, 10, 0, 4, 0, 0, 10, 0, 10, 10, 10, 10, 10, 0, 0, 10, 10, 10, 10, 16, 10, 0, 0, 0, 10, 10, 0, 10, 10, 0, 0, 0, 10, 5, 0, 0, 0, 0, 0, 10, 10, 10, 10, 10, 0, 10, 10, 0, 0, 10, : 10, 10, 10, 10, 10, 10, 10, 10, 10, 10, 10, 10, 10, 10, 10, 10, 10, 10, 10, 10, 10, 16, 10, 10, 10, 10, 10, 10, 10, 10, 1, 10, 10, 10, 10, 10, 4, 10, 10, 10, 10, 10, 10, 10, 10, 10, 10, 16, 10, 10, 10, 10, 10, 10, 5, 10, 10, 10, 10, 10, 10, 10, 10, 
214: 10, 0, 0, 0, 10, 0, 0, 10, 0, 10, 10, 10, 0, 10, 0, 10, 0, 0, 10, 0, 0, 10, 10, 10, 10, 10, 0, 0, 10, 10, 0, 10, 10, 0, 0, 0, 10, 0, 0, 1, 0, 0, 10, 0, 10, 10, 10, 10, 15, 0, 10, 0, 10, 0, 0, 10, 7, 10, 0, 10, 10, 10, 0, 10, 10, 10, 10, 10, 0, 10, 10, 0, 0, 0, 0, 0, 0, 0, 10, 0, 10, 10, 0, 0, 10, 0, 10, 0, 10, 10, 10, 10, 0, 0, 0, 0, 10, 0, 0, 0, 0, 4, 0, 0, 10, 3, 10, 8, 10, 10, 10, 0, 0, 0, 0, 0, 10, 0, 10, 0, : 10, 10, 10, 10, 10, 10, 10, 10, 10, 10, 10, 10, 10, 10, 10, 10, 10, 10, 10, 1, 10, 10, 10, 10, 10, 15, 10, 10, 10, 7, 10, 10, 10, 10, 10, 10, 10, 10, 10, 10, 10, 10, 10, 10, 10, 10, 10, 10, 10, 10, 10, 4, 10, 3, 10, 8, 10, 10, 10, 10, 10, 
15: 10, 0, 0, 0, 0, 0, 10, 10, 10, 0, 0, 10, 10, 10, 10, 0, 0, 0, 10, 0, 10, 0, 0, 10, 0, 0, 1, 10, 10, 0, 10, 0, 10, 10, 10, 10, 0, 2, 0, 10, 0, 10, 0, 10, 10, 0, 0, 10, 1, 10, 0, 10, 0, 0, 10, 10, 0, 0, 10, 0, 10, 0, 0, 10, 0, 10, 10, 0, 0, 0, 0, 6, 0, 10, 10, 0, 10, 0, 0, 0, 0, 7, 13, 10, 10, 0, 0, 10, 10, 10, 10, 0, 0, 0, 0, 0, 0, 10, 10, 0, 10, 0, 6, 0, 10, 15, 10, 10, 0, 0, 10, 0, 0, 0, 10, 0, 0, 10, 10, 10, : 10, 10, 10, 10, 10, 10, 10, 10, 10, 10, 10, 1, 10, 10, 10, 10, 10, 10, 10, 2, 10, 10, 10, 10, 10, 1, 10, 10, 10, 10, 10, 10, 10, 10, 10, 6, 10, 10, 10, 7, 13, 10, 10, 10, 10, 10, 10, 10, 10, 10, 6, 10, 15, 10, 10, 10, 10, 10, 10, 10, 
167: 0, 2, 10, 10, 10, 10, 10, 0, 0, 0, 0, 10, 0, 13, 0, 10, 0, 10, 0, 0, 0, 1, 10, 0, 7, 10, 0, 0, 0, 0, 0, 10, 0, 10, 10, 10, 10, 0, 0, 0, 10, 1, 0, 10, 0, 10, 10, 10, 10, 0, 10, 0, 10, 0, 10, 10, 0, 10, 10, 0, 0, 10, 10, 0, 0, 1, 0, 0, 10, 0, 10, 0, 10, 10, 0, 0, 0, 10, 0, 0, 10, 10, 0, 10, 0, 10, 0, 10, 2, 0, 10, 0, 10, 0, 0, 0, 0, 0, 10, 0, 0, 10, 10, 10, 10, 10, 10, 1, 10, 0, 0, 10, 0, 0, 0, 10, 0, 10, 10, 0, : 2, 10, 10, 10, 10, 10, 10, 13, 10, 10, 1, 10, 7, 10, 10, 10, 10, 10, 10, 10, 1, 10, 10, 10, 10, 10, 10, 10, 10, 10, 10, 10, 10, 10, 1, 10, 10, 10, 10, 10, 10, 10, 10, 10, 10, 2, 10, 10, 10, 10, 10, 10, 10, 10, 10, 1, 10, 10, 10, 10, 10, 
61: 10, 10, 10, 10, 0, 10, 0, 0, 0, 0, 0, 10, 10, 0, 0, 0, 10, 10, 0, 1, 10, 0, 10, 0, 0, 10, 0, 0, 0, 10, 0, 0, 0, 0, 0, 10, 0, 10, 10, 10, 10, 0, 0, 0, 10, 10, 0, 0, 0, 1, 10, 10, 10, 0, 0, 10, 10, 0, 10, 0, 0, 0, 10, 10, 10, 0, 10, 0, 10, 0, 10, 0, 10, 10, 0, 10, 10, 10, 0, 10, 0, 10, 10, 0, 10, 10, 10, 10, 10, 10, 0, 10, 0, 10, 10, 10, 10, 10, 10, 10, 0, 0, 0, 0, 0, 10, 10, 7, 10, 10, 0, 10, 10, 0, 10, 0, 10, 0, 10, 0, : 10, 10, 10, 10, 10, 10, 10, 10, 10, 1, 10, 10, 10, 10, 10, 10, 10, 10, 10, 10, 10, 1, 10, 10, 10, 10, 10, 10, 10, 10, 10, 10, 10, 10, 10, 10, 10, 10, 10, 10, 10, 10, 10, 10, 10, 10, 10, 10, 10, 10, 10, 10, 10, 10, 10, 10, 10, 10, 7, 10, 10, 10, 10, 10, 10, 10, 
115: 10, 0, 0, 10, 0, 10, 0, 0, 10, 10, 10, 0, 10, 10, 0, 0, 10, 0, 0, 2, 0, 10, 10, 10, 10, 0, 0, 0, 2, 0, 0, 10, 0, 0, 0, 10, 10, 10, 0, 0, 10, 0, 10, 0, 0, 0, 0, 0, 0, 0, 0, 10, 0, 0, 10, 0, 0, 10, 0, 10, 0, 10, 10, 10, 0, 0, 10, 10, 10, 0, 0, 10, 0, 0, 10, 0, 0, 0, 0, 0, 10, 0, 1, 0, 10, 0, 0, 10, 10, 0, 10, 0, 10, 10, 0, 10, 10, 0, 10, 0, 17, 10, 10, 0, 0, 0, 0, 0, 10, 10, 0, 0, 0, 0, 0, 0, 0, 10, 0, 10, : 10, 10, 10, 10, 10, 10, 10, 10, 10, 2, 10, 10, 10, 10, 2, 10, 10, 10, 10, 10, 10, 10, 10, 10, 10, 10, 10, 10, 10, 10, 10, 10, 10, 10, 1, 10, 10, 10, 10, 10, 10, 10, 10, 10, 17, 10, 10, 10, 10, 10, 10, 
354: 0, 10, 10, 0, 10, 10, 10, 10, 10, 10, 0, 0, 0, 10, 0, 0, 10, 10, 10, 0, 0, 10, 0, 0, 0, 10, 0, 10, 10, 0, 0, 10, 10, 10, 10, 0, 0, 10, 0, 10, 0, 0, 0, 0, 10, 0, 0, 0, 0, 10, 0, 10, 0, 0, 10, 0, 10, 10, 0, 0, 0, 0, 10, 0, 10, 10, 10, 0, 0, 0, 0, 10, 0, 10, 0, 0, 0, 10, 10, 10, 0, 0, 10, 10, 10, 0, 10, 10, 10, 10, 10, 0, 10, 10, 0, 0, 10, 0, 0, 10, 10, 10, 10, 0, 10, 10, 10, 0, 0, 10, 10, 10, 10, 10, 0, 10, 10, 0, 10, 0, : 10, 10, 10, 10, 10, 10, 10, 10, 10, 10, 10, 10, 10, 10, 10, 10, 10, 10, 10, 10, 10, 10, 10, 10, 10, 10, 10, 10, 10, 10, 10, 10, 10, 10, 10, 10, 10, 10, 10, 10, 10, 10, 10, 10, 10, 10, 10, 10, 10, 10, 10, 10, 10, 10, 10, 10, 10, 10, 10, 10, 10, 10, 10, 
80: 0, 0, 10, 10, 0, 10, 0, 0, 0, 10, 10, 0, 10, 10, 0, 0, 10, 0, 0, 0, 0, 10, 0, 0, 10, 0, 10, 0, 0, 0, 10, 10, 10, 10, 0, 10, 0, 0, 10, 0, 0, 0, 10, 3, 10, 0, 0, 2, 0, 0, 0, 10, 10, 10, 10, 0, 10, 0, 10, 19, 10, 0, 0, 0, 0, 10, 1, 10, 0, 0, 0, 10, 0, 10, 0, 0, 10, 10, 0, 0, 10, 10, 0, 10, 10, 10, 10, 10, 10, 0, 0, 0, 10, 0, 10, 10, 0, 10, 0, 0, 10, 10, 0, 10, 10, 0, 10, 10, 0, 10, 10, 10, 0, 0, 3, 10, 0, 0, 0, 10, : 10, 10, 10, 10, 10, 10, 10, 10, 10, 10, 10, 10, 10, 10, 10, 10, 10, 10, 3, 10, 2, 10, 10, 10, 10, 10, 10, 19, 10, 10, 1, 10, 10, 10, 10, 10, 10, 10, 10, 10, 10, 10, 10, 10, 10, 10, 10, 10, 10, 10, 10, 10, 10, 10, 10, 10, 10, 3, 10, 10, 
362: 0, 0, 10, 10, 10, 10, 10, 10, 10, 10, 0, 10, 10, 0, 10, 10, 0, 10, 10, 0, 10, 10, 10, 0, 10, 0, 10, 10, 3, 10, 0, 10, 0, 10, 0, 10, 0, 0, 10, 10, 10, 10, 0, 0, 0, 0, 10, 2, 0, 10, 10, 10, 10, 10, 10, 0, 0, 10, 0, 0, 10, 0, 0, 10, 0, 0, 10, 0, 0, 0, 0, 10, 10, 10, 0, 3, 10, 10, 0, 10, 10, 12, 1, 10, 10, 0, 0, 10, 10, 0, 10, 10, 10, 10, 0, 0, 10, 10, 0, 0, 10, 0, 10, 0, 10, 0, 10, 0, 10, 10, 6, 10, 10, 0, 10, 0, 0, 10, 10, 0, : 10, 10, 10, 10, 10, 10, 10, 10, 10, 10, 10, 10, 10, 10, 10, 10, 10, 10, 10, 10, 3, 10, 10, 10, 10, 10, 10, 10, 10, 10, 2, 10, 10, 10, 10, 10, 10, 10, 10, 10, 10, 10, 10, 10, 3, 10, 10, 10, 10, 12, 1, 10, 10, 10, 10, 10, 10, 10, 10, 10, 10, 10, 10, 10, 10, 10, 10, 6, 10, 10, 10, 10, 10, 
578: 0, 0, 0, 0, 10, 10, 0, 0, 0, 0, 0, 10, 10, 10, 0, 10, 0, 0, 0, 0, 0, 0, 0, 10, 0, 17, 10, 0, 10, 0, 10, 10, 10, 0, 0, 10, 10, 0, 0, 10, 0, 10, 10, 10, 10, 0, 0, 10, 10, 0, 10, 10, 10, 10, 10, 0, 10, 0, 0, 10, 0, 10, 17, 0, 10, 10, 10, 0, 0, 0, 10, 10, 0, 0, 10, 0, 0, 0, 0, 0, 10, 10, 10, 10, 10, 0, 0, 10, 0, 10, 0, 0, 10, 0, 10, 10, 10, 0, 0, 10, 10, 0, 10, 10, 10, 0, 0, 10, 10, 10, 0, 10, 0, 0, 10, 0, 0, 0, 10, 10, : 10, 10, 10, 10, 10, 10, 10, 17, 10, 10, 10, 10, 10, 10, 10, 10, 10, 10, 10, 10, 10, 10, 10, 10, 10, 10, 10, 10, 10, 10, 17, 10, 10, 10, 10, 10, 10, 10, 10, 10, 10, 10, 10, 10, 10, 10, 10, 10, 10, 10, 10, 10, 10, 10, 10, 10, 10, 10, 10, 10, 
216: 0, 10, 10, 0, 6, 0, 0, 0, 0, 10, 10, 10, 10, 0, 10, 10, 10, 10, 0, 0, 10, 0, 10, 10, 10, 15, 0, 0, 10, 10, 0, 0, 10, 10, 10, 0, 1, 0, 0, 1, 0, 0, 0, 0, 0, 10, 10, 10, 0, 10, 10, 10, 10, 0, 0, 0, 10, 10, 0, 0, 0, 10, 0, 10, 19, 0, 0, 10, 10, 10, 10, 10, 0, 10, 10, 18, 0, 10, 0, 0, 10, 0, 10, 10, 0, 3, 0, 10, 10, 0, 10, 0, 10, 0, 1, 10, 10, 0, 10, 10, 10, 10, 10, 0, 10, 0, 0, 0, 10, 0, 10, 10, 7, 0, 0, 0, 10, 10, 0, 10, : 10, 10, 6, 10, 10, 10, 10, 10, 10, 10, 10, 10, 10, 10, 10, 15, 10, 10, 10, 10, 10, 1, 1, 10, 10, 10, 10, 10, 10, 10, 10, 10, 10, 10, 19, 10, 10, 10, 10, 10, 10, 10, 18, 10, 10, 10, 10, 3, 10, 10, 10, 10, 1, 10, 10, 10, 10, 10, 10, 10, 10, 10, 10, 10, 7, 10, 10, 10, 
427: 0, 10, 0, 0, 10, 10, 0, 10, 0, 0, 10, 10, 0, 0, 0, 10, 0, 0, 0, 10, 10, 0, 0, 10, 10, 0, 0, 10, 10, 0, 0, 0, 10, 10, 0, 0, 10, 10, 0, 10, 0, 0, 10, 10, 10, 10, 10, 10, 0, 10, 0, 10, 10, 10, 10, 10, 10, 0, 10, 10, 4, 0, 0, 0, 10, 10, 0, 10, 0, 2, 10, 10, 10, 10, 8, 0, 10, 0, 0, 10, 0, 0, 10, 10, 10, 0, 10, 10, 10, 10, 0, 10, 0, 0, 0, 0, 10, 0, 10, 0, 10, 0, 10, 0, 0, 10, 10, 10, 0, 10, 0, 0, 10, 0, 0, 10, 10, 0, 10, 0, : 10, 10, 10, 10, 10, 10, 10, 10, 10, 10, 10, 10, 10, 10, 10, 10, 10, 10, 10, 10, 10, 10, 10, 10, 10, 10, 10, 10, 10, 10, 10, 10, 10, 4, 10, 10, 10, 2, 10, 10, 10, 10, 8, 10, 10, 10, 10, 10, 10, 10, 10, 10, 10, 10, 10, 10, 10, 10, 10, 10, 10, 10, 10, 10, 10, 
402: 10, 0, 0, 10, 0, 10, 10, 10, 10, 0, 0, 0, 10, 0, 0, 10, 0, 10, 2, 0, 10, 0, 10, 1, 0, 10, 10, 0, 0, 10, 10, 0, 1, 0, 0, 0, 0, 10, 10, 10, 10, 10, 10, 0, 0, 10, 10, 0, 10, 0, 10, 10, 0, 10, 0, 10, 0, 10, 10, 0, 0, 0, 10, 10, 0, 10, 10, 0, 10, 0, 0, 10, 0, 0, 10, 10, 10, 0, 16, 0, 10, 10, 0, 0, 10, 10, 10, 10, 0, 10, 10, 0, 10, 0, 0, 10, 10, 10, 10, 10, 10, 1, 0, 0, 0, 10, 10, 0, 10, 0, 0, 0, 10, 10, 10, 10, 10, 10, 10, 1, : 10, 10, 10, 10, 10, 10, 10, 10, 10, 2, 10, 10, 1, 10, 10, 10, 10, 1, 10, 10, 10, 10, 10, 10, 10, 10, 10, 10, 10, 10, 10, 10, 10, 10, 10, 10, 10, 10, 10, 10, 10, 10, 16, 10, 10, 10, 10, 10, 10, 10, 10, 10, 10, 10, 10, 10, 10, 10, 1, 10, 10, 10, 10, 10, 10, 10, 10, 10, 10, 1, 
393: 10, 10, 10, 1, 0, 0, 10, 0, 0, 10, 0, 10, 0, 10, 0, 0, 0, 10, 10, 0, 10, 0, 10, 10, 0, 10, 0, 10, 0, 10, 10, 0, 0, 10, 10, 2, 0, 0, 0, 10, 10, 0, 0, 0, 10, 0, 10, 10, 0, 0, 0, 10, 0, 0, 0, 10, 10, 0, 0, 0, 10, 0, 0, 10, 10, 10, 10, 10, 0, 10, 0, 0, 0, 10, 10, 0, 10, 10, 10, 10, 0, 10, 0, 0, 10, 0, 10, 10, 0, 10, 10, 10, 0, 10, 10, 10, 0, 0, 10, 0, 2, 10, 0, 10, 0, 0, 0, 10, 10, 10, 10, 0, 0, 10, 0, 0, 10, 0, 0, 0, : 10, 10, 10, 1, 10, 10, 10, 10, 10, 10, 10, 10, 10, 10, 10, 10, 10, 10, 10, 2, 10, 10, 10, 10, 10, 10, 10, 10, 10, 10, 10, 10, 10, 10, 10, 10, 10, 10, 10, 10, 10, 10, 10, 10, 10, 10, 10, 10, 10, 10, 10, 10, 2, 10, 10, 10, 10, 10, 10, 10, 10, 
545: 0, 0, 0, 0, 0, 10, 10, 0, 10, 0, 10, 10, 10, 10, 0, 10, 0, 10, 0, 10, 0, 0, 0, 0, 0, 9, 10, 10, 0, 10, 0, 2, 10, 10, 10, 10, 0, 10, 10, 0, 10, 10, 0, 10, 5, 10, 0, 10, 10, 0, 0, 0, 10, 10, 10, 10, 0, 10, 0, 0, 10, 0, 10, 10, 0, 0, 0, 10, 10, 1, 0, 10, 0, 0, 10, 0, 10, 10, 10, 10, 10, 10, 0, 0, 0, 10, 0, 10, 0, 0, 10, 10, 0, 0, 0, 10, 0, 0, 10, 10, 0, 10, 0, 10, 0, 0, 0, 0, 10, 2, 10, 0, 10, 10, 10, 0, 0, 10, 0, 0, : 10, 10, 10, 10, 10, 10, 10, 10, 10, 10, 9, 10, 10, 10, 2, 10, 10, 10, 10, 10, 10, 10, 10, 10, 5, 10, 10, 10, 10, 10, 10, 10, 10, 10, 10, 10, 10, 10, 1, 10, 10, 10, 10, 10, 10, 10, 10, 10, 10, 10, 10, 10, 10, 10, 10, 10, 10, 2, 10, 10, 10, 10, 10, 
558: 10, 10, 0, 0, 10, 0, 0, 0, 0, 10, 0, 10, 0, 10, 10, 10, 10, 0, 10, 10, 10, 10, 0, 0, 10, 10, 0, 10, 0, 0, 10, 0, 0, 10, 10, 0, 0, 0, 0, 0, 10, 0, 0, 10, 0, 10, 10, 10, 0, 10, 0, 10, 10, 10, 0, 0, 10, 10, 0, 0, 0, 0, 8, 10, 10, 10, 10, 10, 0, 0, 0, 10, 0, 0, 10, 0, 10, 10, 10, 10, 10, 10, 10, 10, 0, 10, 10, 0, 10, 0, 0, 10, 0, 0, 0, 10, 10, 10, 0, 2, 10, 0, 0, 0, 1, 10, 10, 16, 10, 0, 10, 0, 10, 5, 0, 10, 10, 10, 0, 0, : 10, 10, 10, 10, 10, 10, 10, 10, 10, 10, 10, 10, 10, 10, 10, 10, 10, 10, 10, 10, 10, 10, 10, 10, 10, 10, 10, 10, 10, 10, 8, 10, 10, 10, 10, 10, 10, 10, 10, 10, 10, 10, 10, 10, 10, 10, 10, 10, 10, 10, 10, 10, 10, 2, 10, 1, 10, 10, 16, 10, 10, 10, 5, 10, 10, 10, 
11: 0, 0, 0, 10, 10, 10, 10, 10, 10, 3, 10, 0, 10, 0, 0, 0, 0, 0, 0, 0, 0, 0, 0, 10, 0, 10, 10, 0, 10, 0, 10, 0, 0, 0, 10, 0, 0, 10, 10, 10, 10, 10, 10, 10, 10, 0, 10, 10, 10, 0, 10, 10, 0, 0, 14, 0, 0, 10, 10, 10, 10, 0, 10, 10, 0, 0, 10, 0, 10, 0, 0, 0, 10, 0, 10, 0, 10, 0, 0, 0, 6, 10, 10, 10, 0, 10, 0, 0, 0, 0, 10, 0, 10, 0, 1, 10, 10, 10, 0, 10, 10, 10, 0, 10, 0, 0, 10, 10, 0, 0, 10, 0, 10, 0, 10, 0, 0, 10, 10, 10, : 10, 10, 10, 10, 10, 10, 3, 10, 10, 10, 10, 10, 10, 10, 10, 10, 10, 10, 10, 10, 10, 10, 10, 10, 10, 10, 10, 10, 14, 10, 10, 10, 10, 10, 10, 10, 10, 10, 10, 10, 6, 10, 10, 10, 10, 10, 10, 1, 10, 10, 10, 10, 10, 10, 10, 10, 10, 10, 10, 10, 10, 10, 10, 
434: 10, 0, 10, 0, 10, 0, 0, 10, 10, 10, 0, 0, 10, 0, 0, 10, 10, 0, 10, 10, 0, 0, 10, 0, 10, 0, 0, 10, 0, 0, 0, 0, 0, 0, 10, 10, 0, 0, 0, 10, 0, 10, 0, 10, 0, 10, 10, 10, 0, 0, 10, 0, 0, 0, 10, 10, 10, 0, 0, 3, 10, 10, 10, 10, 10, 10, 0, 0, 10, 10, 0, 0, 0, 10, 10, 0, 0, 10, 10, 2, 10, 10, 10, 10, 10, 10, 0, 10, 0, 10, 0, 0, 10, 0, 10, 10, 0, 0, 0, 10, 0, 10, 10, 0, 10, 0, 10, 10, 10, 0, 0, 10, 10, 0, 10, 0, 10, 10, 0, 10, : 10, 10, 10, 10, 10, 10, 10, 10, 10, 10, 10, 10, 10, 10, 10, 10, 10, 10, 10, 10, 10, 10, 10, 10, 10, 10, 3, 10, 10, 10, 10, 10, 10, 10, 10, 10, 10, 10, 10, 2, 10, 10, 10, 10, 10, 10, 10, 10, 10, 10, 10, 10, 10, 10, 10, 10, 10, 10, 10, 10, 10, 10, 10, 10, 
519: 10, 0, 10, 0, 10, 0, 0, 10, 10, 10, 0, 0, 0, 0, 0, 10, 0, 10, 0, 10, 0, 0, 0, 0, 0, 0, 0, 10, 0, 0, 10, 10, 0, 10, 0, 0, 0, 10, 10, 10, 10, 10, 0, 1, 10, 0, 0, 10, 10, 10, 10, 10, 0, 0, 10, 0, 10, 10, 10, 0, 10, 10, 10, 0, 10, 3, 10, 0, 10, 10, 0, 0, 0, 10, 0, 10, 0, 10, 10, 0, 10, 0, 0, 10, 0, 10, 0, 0, 0, 10, 10, 0, 10, 3, 1, 0, 0, 0, 0, 10, 0, 0, 10, 10, 0, 10, 10, 10, 0, 10, 0, 0, 0, 0, 0, 10, 0, 10, 0, 10, : 10, 10, 10, 10, 10, 10, 10, 10, 10, 10, 10, 10, 10, 10, 10, 10, 10, 10, 1, 10, 10, 10, 10, 10, 10, 10, 10, 10, 10, 10, 10, 10, 10, 3, 10, 10, 10, 10, 10, 10, 10, 10, 10, 10, 10, 10, 10, 3, 1, 10, 10, 10, 10, 10, 10, 10, 10, 10, 10, 
343: 10, 0, 10, 0, 10, 0, 10, 10, 0, 0, 0, 7, 0, 0, 0, 10, 0, 10, 10, 0, 10, 10, 10, 10, 10, 10, 10, 10, 10, 0, 0, 10, 10, 0, 10, 0, 0, 10, 10, 0, 10, 10, 0, 12, 10, 10, 10, 0, 10, 0, 0, 0, 0, 10, 0, 0, 0, 10, 10, 10, 10, 10, 10, 0, 0, 0, 0, 10, 0, 0, 0, 10, 10, 0, 0, 10, 0, 10, 10, 0, 10, 10, 10, 10, 0, 10, 10, 0, 0, 0, 0, 0, 10, 0, 5, 0, 0, 10, 0, 0, 10, 0, 0, 10, 10, 10, 0, 8, 10, 0, 10, 10, 0, 0, 10, 0, 0, 0, 0, 10, : 10, 10, 10, 10, 10, 7, 10, 10, 10, 10, 10, 10, 10, 10, 10, 10, 10, 10, 10, 10, 10, 10, 10, 10, 10, 12, 10, 10, 10, 10, 10, 10, 10, 10, 10, 10, 10, 10, 10, 10, 10, 10, 10, 10, 10, 10, 10, 10, 10, 10, 5, 10, 10, 10, 10, 10, 8, 10, 10, 10, 10, 10, 
407: 0, 10, 10, 0, 10, 0, 10, 0, 0, 10, 10, 0, 10, 0, 10, 10, 10, 0, 0, 0, 0, 10, 10, 0, 0, 10, 0, 0, 0, 10, 0, 0, 0, 10, 0, 10, 10, 0, 0, 10, 0, 0, 0, 0, 0, 10, 0, 0, 0, 0, 0, 10, 0, 0, 0, 0, 10, 10, 10, 10, 0, 0, 0, 0, 0, 0, 10, 10, 10, 0, 10, 10, 10, 0, 10, 0, 10, 0, 10, 10, 0, 0, 0, 0, 0, 16, 0, 0, 10, 0, 0, 0, 0, 10, 0, 10, 0, 10, 10, 10, 10, 10, 10, 10, 10, 10, 10, 0, 10, 10, 0, 11, 10, 0, 0, 10, 10, 0, 10, 0, : 10, 10, 10, 10, 10, 10, 10, 10, 10, 10, 10, 10, 10, 10, 10, 10, 10, 10, 10, 10, 10, 10, 10, 10, 10, 10, 10, 10, 10, 10, 10, 10, 10, 10, 16, 10, 10, 10, 10, 10, 10, 10, 10, 10, 10, 10, 10, 10, 10, 10, 11, 10, 10, 10, 10, 
595: 1, 10, 10, 10, 10, 10, 0, 0, 10, 10, 0, 0, 0, 0, 0, 0, 0, 0, 0, 0, 2, 0, 0, 10, 0, 0, 0, 10, 0, 10, 10, 10, 0, 10, 10, 0, 10, 10, 1, 0, 10, 0, 0, 10, 0, 10, 10, 0, 10, 10, 0, 0, 0, 0, 0, 0, 5, 0, 0, 10, 10, 0, 0, 10, 10, 10, 10, 0, 10, 0, 10, 10, 3, 0, 0, 10, 10, 10, 10, 10, 0, 0, 0, 10, 0, 0, 10, 0, 10, 0, 10, 10, 0, 0, 0, 0, 0, 14, 0, 0, 10, 10, 10, 10, 16, 10, 0, 0, 10, 10, 0, 10, 10, 10, 10, 7, 0, 0, 0, 10, : 1, 10, 10, 10, 10, 10, 10, 10, 2, 10, 10, 10, 10, 10, 10, 10, 10, 10, 1, 10, 10, 10, 10, 10, 10, 5, 10, 10, 10, 10, 10, 10, 10, 10, 10, 3, 10, 10, 10, 10, 10, 10, 10, 10, 10, 10, 14, 10, 10, 10, 10, 16, 10, 10, 10, 10, 10, 10, 10, 7, 10, 
310: 3, 10, 10, 0, 0, 0, 0, 0, 0, 10, 0, 10, 10, 0, 0, 0, 0, 0, 0, 0, 10, 0, 10, 10, 0, 10, 0, 10, 10, 10, 10, 10, 10, 0, 0, 0, 10, 0, 10, 0, 10, 10, 0, 10, 0, 10, 10, 10, 10, 0, 10, 10, 10, 10, 7, 0, 0, 0, 0, 5, 0, 10, 10, 10, 10, 10, 10, 0, 2, 0, 0, 0, 10, 0, 10, 10, 0, 0, 0, 10, 0, 0, 0, 0, 0, 10, 10, 0, 0, 0, 0, 0, 10, 0, 10, 0, 10, 10, 10, 10, 0, 0, 10, 10, 10, 10, 10, 0, 10, 0, 0, 10, 0, 0, 10, 0, 10, 0, 0, 0, : 3, 10, 10, 10, 10, 10, 10, 10, 10, 10, 10, 10, 10, 10, 10, 10, 10, 10, 10, 10, 10, 10, 10, 10, 10, 10, 10, 10, 10, 7, 5, 10, 10, 10, 10, 10, 10, 2, 10, 10, 10, 10, 10, 10, 10, 10, 10, 10, 10, 10, 10, 10, 10, 10, 10, 10, 10, 10, 10, 
497: 0, 10, 0, 0, 0, 0, 10, 0, 10, 0, 10, 0, 0, 0, 10, 0, 0, 10, 10, 10, 0, 0, 0, 10, 10, 0, 1, 10, 10, 10, 10, 10, 0, 10, 0, 0, 10, 0, 0, 0, 10, 0, 10, 10, 10, 10, 0, 10, 0, 0, 0, 0, 0, 0, 10, 0, 0, 0, 0, 10, 10, 10, 0, 10, 10, 10, 0, 0, 0, 0, 10, 10, 0, 10, 0, 0, 10, 0, 10, 0, 10, 0, 10, 0, 0, 0, 10, 10, 0, 0, 11, 0, 0, 10, 0, 10, 0, 10, 10, 0, 0, 0, 10, 10, 0, 10, 0, 0, 10, 0, 0, 0, 10, 10, 7, 0, 10, 0, 1, 10, : 10, 10, 10, 10, 10, 10, 10, 10, 10, 10, 1, 10, 10, 10, 10, 10, 10, 10, 10, 10, 10, 10, 10, 10, 10, 10, 10, 10, 10, 10, 10, 10, 10, 10, 10, 10, 10, 10, 10, 10, 11, 10, 10, 10, 10, 10, 10, 10, 10, 10, 10, 7, 10, 1, 10, 
228: 0, 0, 0, 0, 10, 0, 0, 0, 10, 0, 10, 10, 10, 0, 10, 0, 0, 10, 7, 10, 10, 10, 10, 10, 10, 0, 10, 10, 10, 0, 10, 0, 0, 10, 0, 10, 10, 10, 0, 10, 0, 10, 10, 10, 10, 10, 0, 0, 10, 0, 17, 10, 10, 10, 0, 0, 10, 0, 10, 0, 0, 10, 10, 10, 10, 10, 0, 10, 0, 0, 10, 0, 0, 0, 10, 0, 10, 0, 15, 0, 10, 10, 0, 10, 0, 0, 0, 0, 0, 10, 0, 0, 10, 10, 6, 0, 10, 0, 10, 0, 0, 10, 0, 10, 0, 2, 10, 10, 0, 0, 0, 10, 0, 0, 10, 10, 0, 10, 10, 0, : 10, 10, 10, 10, 10, 10, 10, 7, 10, 10, 10, 10, 10, 10, 10, 10, 10, 10, 10, 10, 10, 10, 10, 10, 10, 10, 10, 10, 10, 17, 10, 10, 10, 10, 10, 10, 10, 10, 10, 10, 10, 10, 10, 10, 15, 10, 10, 10, 10, 10, 10, 6, 10, 10, 10, 10, 2, 10, 10, 10, 10, 10, 10, 10, 
338: 10, 0, 10, 0, 10, 10, 0, 10, 0, 0, 0, 0, 10, 10, 10, 10, 10, 0, 0, 0, 10, 0, 0, 10, 10, 10, 10, 0, 10, 10, 0, 0, 0, 10, 0, 6, 10, 10, 0, 1, 10, 10, 10, 10, 0, 0, 10, 0, 10, 10, 10, 19, 10, 10, 10, 0, 10, 0, 10, 0, 10, 0, 0, 0, 0, 10, 10, 0, 0, 10, 10, 1, 0, 0, 10, 0, 10, 0, 10, 10, 0, 10, 0, 0, 10, 0, 0, 0, 10, 0, 10, 0, 0, 0, 10, 10, 10, 0, 10, 10, 0, 0, 10, 0, 10, 0, 0, 10, 10, 0, 10, 0, 0, 0, 10, 0, 0, 0, 10, 10, : 10, 10, 10, 10, 10, 10, 10, 10, 10, 10, 10, 10, 10, 10, 10, 10, 10, 10, 6, 10, 10, 1, 10, 10, 10, 10, 10, 10, 10, 10, 19, 10, 10, 10, 10, 10, 10, 10, 10, 10, 10, 1, 10, 10, 10, 10, 10, 10, 10, 10, 10, 10, 10, 10, 10, 10, 10, 10, 10, 10, 10, 10, 10, 
104: 10, 0, 0, 0, 10, 10, 0, 10, 10, 0, 10, 10, 10, 0, 10, 10, 0, 10, 10, 0, 0, 10, 10, 10, 0, 0, 10, 10, 10, 10, 10, 0, 0, 10, 10, 10, 0, 0, 0, 10, 0, 10, 10, 0, 10, 10, 10, 10, 10, 10, 0, 0, 0, 0, 10, 10, 11, 0, 10, 10, 10, 0, 10, 10, 0, 10, 10, 10, 0, 0, 10, 0, 0, 0, 0, 0, 0, 10, 0, 10, 0, 10, 0, 10, 0, 0, 0, 10, 10, 0, 0, 0, 0, 10, 18, 0, 10, 10, 10, 10, 10, 0, 10, 0, 0, 0, 0, 0, 10, 10, 10, 15, 0, 0, 0, 10, 10, 0, 10, 10, : 10, 10, 10, 10, 10, 10, 10, 10, 10, 10, 10, 10, 10, 10, 10, 10, 10, 10, 10, 10, 10, 10, 10, 10, 10, 10, 10, 10, 10, 10, 10, 10, 10, 10, 11, 10, 10, 10, 10, 10, 10, 10, 10, 10, 10, 10, 10, 10, 10, 10, 10, 18, 10, 10, 10, 10, 10, 10, 10, 10, 10, 15, 10, 10, 10, 10, 
329: 0, 0, 10, 10, 0, 0, 0, 0, 0, 1, 0, 10, 10, 0, 10, 0, 10, 10, 0, 10, 0, 10, 0, 0, 10, 0, 0, 0, 0, 0, 13, 0, 0, 0, 0, 10, 10, 10, 10, 10, 0, 10, 10, 0, 10, 10, 0, 10, 10, 10, 10, 11, 10, 0, 10, 10, 10, 10, 10, 10, 0, 0, 0, 10, 10, 0, 0, 0, 10, 0, 10, 0, 10, 0, 10, 0, 10, 0, 0, 10, 0, 0, 10, 10, 0, 0, 10, 10, 10, 10, 0, 0, 2, 0, 0, 0, 10, 15, 0, 0, 0, 2, 0, 0, 0, 0, 1, 0, 0, 10, 0, 0, 0, 0, 0, 10, 10, 10, 10, 10, : 10, 10, 1, 10, 10, 10, 10, 10, 10, 10, 10, 13, 10, 10, 10, 10, 10, 10, 10, 10, 10, 10, 10, 10, 10, 11, 10, 10, 10, 10, 10, 10, 10, 10, 10, 10, 10, 10, 10, 10, 10, 10, 10, 10, 10, 10, 10, 2, 10, 15, 2, 1, 10, 10, 10, 10, 10, 10, 
218: 0, 10, 10, 0, 0, 0, 9, 0, 10, 10, 0, 0, 10, 0, 0, 0, 10, 0, 0, 10, 0, 0, 0, 0, 10, 10, 0, 0, 0, 10, 0, 0, 10, 0, 0, 0, 0, 10, 10, 10, 0, 0, 0, 10, 0, 0, 10, 10, 10, 0, 0, 10, 10, 4, 2, 0, 10, 2, 10, 0, 10, 0, 0, 10, 10, 10, 0, 10, 0, 0, 0, 10, 0, 0, 0, 10, 0, 10, 10, 10, 0, 10, 14, 10, 10, 10, 10, 10, 0, 10, 10, 10, 10, 10, 0, 10, 10, 10, 10, 10, 0, 0, 0, 0, 10, 10, 0, 10, 0, 0, 0, 0, 10, 0, 0, 10, 10, 0, 10, 10, : 10, 10, 9, 10, 10, 10, 10, 10, 10, 10, 10, 10, 10, 10, 10, 10, 10, 10, 10, 10, 10, 4, 2, 10, 2, 10, 10, 10, 10, 10, 10, 10, 10, 10, 10, 10, 10, 14, 10, 10, 10, 10, 10, 10, 10, 10, 10, 10, 10, 10, 10, 10, 10, 10, 10, 10, 10, 10, 10, 10, 10, 
359: 0, 0, 10, 10, 0, 0, 10, 10, 0, 0, 0, 10, 0, 0, 10, 10, 0, 10, 10, 10, 10, 10, 0, 0, 10, 10, 0, 10, 10, 0, 0, 0, 10, 0, 7, 10, 10, 0, 10, 0, 10, 0, 0, 10, 10, 10, 0, 10, 0, 19, 10, 0, 0, 0, 10, 0, 10, 0, 10, 10, 0, 10, 0, 10, 10, 10, 10, 0, 0, 0, 0, 0, 10, 0, 10, 10, 0, 10, 0, 10, 10, 10, 0, 10, 0, 0, 10, 10, 0, 10, 0, 0, 0, 10, 0, 0, 10, 10, 0, 10, 10, 10, 10, 0, 10, 0, 0, 10, 0, 2, 10, 0, 10, 10, 0, 10, 10, 0, 0, 0, : 10, 10, 10, 10, 10, 10, 10, 10, 10, 10, 10, 10, 10, 10, 10, 10, 10, 7, 10, 10, 10, 10, 10, 10, 10, 10, 19, 10, 10, 10, 10, 10, 10, 10, 10, 10, 10, 10, 10, 10, 10, 10, 10, 10, 10, 10, 10, 10, 10, 10, 10, 10, 10, 10, 10, 10, 10, 2, 10, 10, 10, 10, 10, 
226: 0, 10, 10, 0, 0, 0, 0, 10, 0, 10, 10, 0, 10, 0, 0, 10, 0, 10, 10, 0, 0, 10, 0, 10, 0, 0, 0, 10, 0, 10, 0, 0, 10, 0, 10, 10, 0, 0, 10, 0, 0, 0, 10, 0, 10, 0, 10, 10, 0, 10, 10, 0, 0, 0, 0, 10, 0, 0, 0, 10, 10, 10, 0, 10, 10, 0, 3, 10, 10, 10, 10, 0, 10, 0, 10, 10, 0, 0, 0, 0, 0, 10, 0, 0, 0, 10, 0, 10, 0, 0, 10, 14, 0, 0, 10, 10, 10, 10, 0, 10, 0, 0, 10, 10, 0, 1, 10, 10, 0, 10, 8, 10, 0, 0, 10, 0, 10, 0, 10, 0, : 10, 10, 10, 10, 10, 10, 10, 10, 10, 10, 10, 10, 10, 10, 10, 10, 10, 10, 10, 10, 10, 10, 10, 10, 10, 10, 10, 10, 10, 3, 10, 10, 10, 10, 10, 10, 10, 10, 10, 10, 10, 14, 10, 10, 10, 10, 10, 10, 10, 1, 10, 10, 10, 8, 10, 10, 10, 10, 
196: 10, 10, 0, 10, 10, 10, 10, 10, 0, 0, 0, 0, 10, 0, 10, 10, 10, 11, 0, 0, 0, 0, 10, 0, 0, 0, 10, 10, 10, 0, 12, 0, 10, 0, 10, 0, 10, 10, 5, 0, 10, 10, 0, 0, 0, 0, 0, 10, 0, 10, 0, 10, 10, 10, 10, 10, 2, 0, 0, 10, 2, 0, 10, 0, 10, 10, 0, 0, 0, 0, 10, 0, 10, 0, 0, 0, 10, 0, 0, 10, 10, 10, 0, 0, 0, 10, 0, 0, 0, 0, 0, 0, 10, 0, 0, 0, 0, 0, 10, 0, 0, 10, 0, 0, 0, 10, 0, 0, 0, 0, 0, 10, 0, 10, 10, 0, 10, 10, 0, 10, : 10, 10, 10, 10, 10, 10, 10, 10, 10, 10, 10, 11, 10, 10, 10, 10, 12, 10, 10, 10, 10, 5, 10, 10, 10, 10, 10, 10, 10, 10, 10, 2, 10, 2, 10, 10, 10, 10, 10, 10, 10, 10, 10, 10, 10, 10, 10, 10, 10, 10, 10, 10, 10, 10, 
523: 10, 0, 10, 0, 0, 0, 10, 0, 10, 0, 0, 0, 0, 10, 10, 10, 0, 10, 10, 10, 0, 10, 0, 10, 0, 9, 10, 0, 10, 0, 0, 0, 0, 0, 10, 0, 10, 10, 0, 10, 0, 10, 0, 10, 0, 0, 2, 0, 10, 0, 0, 6, 0, 10, 0, 16, 10, 0, 10, 0, 10, 0, 10, 10, 10, 10, 0, 10, 10, 10, 10, 10, 0, 10, 10, 0, 0, 0, 0, 10, 0, 0, 10, 0, 10, 0, 0, 0, 10, 10, 0, 0, 1, 0, 10, 10, 2, 10, 0, 0, 0, 0, 10, 18, 0, 0, 0, 0, 0, 10, 10, 0, 0, 10, 0, 10, 10, 10, 10, 10, : 10, 10, 10, 10, 10, 10, 10, 10, 10, 10, 10, 10, 9, 10, 10, 10, 10, 10, 10, 10, 10, 2, 10, 6, 10, 16, 10, 10, 10, 10, 10, 10, 10, 10, 10, 10, 10, 10, 10, 10, 10, 10, 10, 10, 10, 1, 10, 10, 2, 10, 10, 18, 10, 10, 10, 10, 10, 10, 10, 10, 
332: 10, 17, 0, 10, 10, 0, 10, 10, 0, 10, 0, 0, 0, 1, 0, 10, 0, 0, 10, 10, 10, 0, 0, 3, 0, 0, 0, 10, 0, 0, 10, 0, 10, 10, 10, 0, 10, 10, 0, 10, 0, 10, 10, 0, 14, 0, 10, 10, 10, 0, 0, 10, 0, 10, 0, 10, 0, 0, 10, 0, 0, 10, 10, 0, 0, 10, 0, 10, 10, 10, 0, 0, 10, 10, 0, 0, 10, 0, 0, 10, 14, 0, 0, 0, 0, 0, 10, 0, 0, 0, 0, 13, 0, 10, 10, 10, 10, 0, 10, 10, 10, 10, 10, 0, 0, 0, 0, 0, 0, 0, 3, 0, 0, 0, 0, 10, 0, 10, 0, 10, : 10, 17, 10, 10, 10, 10, 10, 1, 10, 10, 10, 10, 3, 10, 10, 10, 10, 10, 10, 10, 10, 10, 10, 14, 10, 10, 10, 10, 10, 10, 10, 10, 10, 10, 10, 10, 10, 10, 10, 10, 10, 14, 10, 13, 10, 10, 10, 10, 10, 10, 10, 10, 10, 3, 10, 10, 10, 
185: 0, 0, 10, 10, 0, 0, 10, 10, 10, 10, 10, 0, 10, 10, 0, 0, 10, 0, 10, 0, 10, 0, 0, 0, 17, 0, 10, 10, 10, 0, 0, 10, 0, 10, 0, 10, 10, 0, 10, 0, 0, 10, 0, 0, 0, 0, 10, 10, 10, 0, 10, 10, 0, 0, 0, 0, 0, 10, 0, 0, 0, 0, 10, 0, 0, 0, 10, 10, 0, 10, 10, 10, 10, 0, 0, 0, 0, 0, 0, 0, 0, 10, 0, 10, 0, 10, 0, 10, 10, 10, 0, 10, 0, 0, 10, 0, 10, 10, 10, 0, 0, 10, 10, 10, 0, 0, 0, 0, 0, 0, 0, 0, 0, 1, 10, 0, 0, 0, 10, 0, : 10, 10, 10, 10, 10, 10, 10, 10, 10, 10, 10, 10, 17, 10, 10, 10, 10, 10, 10, 10, 10, 10, 10, 10, 10, 10, 10, 10, 10, 10, 10, 10, 10, 10, 10, 10, 10, 10, 10, 10, 10, 10, 10, 10, 10, 10, 10, 10, 10, 1, 10, 10, 
467: 0, 0, 0, 10, 10, 10, 0, 0, 0, 10, 10, 1, 0, 10, 0, 10, 10, 0, 10, 0, 10, 10, 10, 10, 0, 0, 0, 10, 10, 10, 10, 10, 10, 0, 10, 0, 0, 0, 10, 0, 0, 0, 0, 10, 0, 0, 0, 0, 0, 0, 4, 0, 0, 10, 0, 10, 10, 0, 10, 0, 0, 10, 10, 0, 0, 0, 0, 10, 10, 10, 10, 0, 0, 10, 0, 10, 10, 10, 0, 0, 10, 0, 10, 0, 10, 0, 0, 10, 0, 10, 10, 10, 10, 10, 10, 0, 0, 0, 0, 10, 0, 10, 10, 0, 0, 10, 0, 0, 10, 0, 0, 10, 0, 0, 10, 10, 11, 10, 0, 10, : 10, 10, 10, 10, 10, 1, 10, 10, 10, 10, 10, 10, 10, 10, 10, 10, 10, 10, 10, 10, 10, 10, 10, 4, 10, 10, 10, 10, 10, 10, 10, 10, 10, 10, 10, 10, 10, 10, 10, 10, 10, 10, 10, 10, 10, 10, 10, 10, 10, 10, 10, 10, 10, 10, 10, 10, 11, 10, 10, 
316: 10, 10, 0, 10, 10, 10, 10, 0, 10, 0, 0, 10, 0, 10, 0, 0, 0, 10, 6, 10, 10, 0, 10, 10, 0, 0, 10, 4, 0, 1, 0, 10, 0, 10, 10, 0, 0, 6, 0, 10, 10, 0, 10, 10, 0, 0, 0, 0, 0, 0, 0, 0, 0, 10, 0, 0, 0, 0, 0, 10, 0, 0, 10, 10, 10, 0, 0, 0, 10, 10, 0, 0, 10, 10, 10, 10, 10, 0, 0, 0, 10, 10, 0, 0, 10, 0, 0, 0, 0, 10, 10, 10, 0, 10, 8, 10, 10, 0, 10, 0, 10, 10, 0, 10, 10, 0, 10, 0, 0, 0, 0, 10, 0, 0, 0, 0, 0, 10, 0, 10, : 10, 10, 10, 10, 10, 10, 10, 10, 10, 10, 6, 10, 10, 10, 10, 10, 4, 1, 10, 10, 10, 6, 10, 10, 10, 10, 10, 10, 10, 10, 10, 10, 10, 10, 10, 10, 10, 10, 10, 10, 10, 10, 10, 10, 10, 8, 10, 10, 10, 10, 10, 10, 10, 10, 10, 10, 10, 
249: 10, 0, 10, 0, 0, 0, 0, 0, 10, 10, 10, 10, 0, 10, 10, 0, 10, 0, 10, 0, 0, 10, 0, 0, 0, 0, 0, 0, 10, 0, 0, 0, 0, 10, 10, 10, 10, 0, 10, 0, 10, 0, 0, 10, 10, 10, 10, 0, 0, 10, 0, 10, 0, 10, 10, 0, 0, 0, 0, 10, 0, 0, 0, 10, 0, 10, 10, 10, 10, 10, 0, 0, 10, 10, 0, 0, 10, 10, 0, 0, 0, 10, 0, 10, 10, 0, 10, 10, 0, 0, 10, 0, 0, 2, 0, 0, 0, 0, 10, 10, 10, 1, 0, 0, 0, 10, 10, 0, 3, 0, 0, 10, 10, 10, 10, 13, 10, 10, 10, 0, : 10, 10, 10, 10, 10, 10, 10, 10, 10, 10, 10, 10, 10, 10, 10, 10, 10, 10, 10, 10, 10, 10, 10, 10, 10, 10, 10, 10, 10, 10, 10, 10, 10, 10, 10, 10, 10, 10, 10, 10, 10, 10, 10, 2, 10, 10, 10, 1, 10, 10, 3, 10, 10, 10, 10, 13, 10, 10, 10, 
255: 0, 10, 10, 10, 0, 10, 0, 0, 10, 10, 10, 10, 11, 10, 0, 10, 10, 10, 10, 10, 0, 0, 0, 0, 0, 0, 0, 0, 0, 10, 10, 0, 0, 10, 0, 0, 10, 10, 10, 10, 0, 0, 0, 0, 0, 10, 0, 0, 10, 0, 0, 10, 10, 10, 0, 10, 10, 10, 10, 0, 10, 10, 0, 10, 10, 0, 10, 10, 0, 10, 10, 10, 0, 0, 0, 0, 10, 0, 0, 10, 10, 10, 0, 0, 0, 10, 10, 10, 10, 10, 0, 0, 0, 0, 10, 0, 10, 0, 0, 0, 0, 0, 0, 0, 0, 0, 0, 10, 0, 10, 0, 10, 10, 10, 0, 10, 0, 10, 10, 10, : 10, 10, 10, 10, 10, 10, 10, 10, 11, 10, 10, 10, 10, 10, 10, 10, 10, 10, 10, 10, 10, 10, 10, 10, 10, 10, 10, 10, 10, 10, 10, 10, 10, 10, 10, 10, 10, 10, 10, 10, 10, 10, 10, 10, 10, 10, 10, 10, 10, 10, 10, 10, 10, 10, 10, 10, 10, 10, 10, 10, 
430: 0, 0, 10, 10, 10, 0, 0, 0, 10, 0, 10, 0, 10, 10, 10, 0, 0, 0, 0, 10, 10, 0, 10, 0, 10, 0, 0, 0, 10, 10, 0, 0, 0, 0, 10, 0, 0, 10, 0, 10, 0, 10, 0, 10, 0, 10, 0, 10, 10, 1, 10, 0, 10, 10, 0, 0, 0, 0, 10, 10, 0, 10, 10, 0, 0, 10, 0, 10, 0, 0, 0, 0, 10, 10, 10, 10, 10, 10, 0, 13, 10, 10, 0, 10, 0, 0, 0, 0, 10, 10, 10, 0, 0, 10, 0, 10, 0, 10, 10, 10, 0, 10, 10, 0, 10, 10, 10, 10, 10, 10, 0, 0, 0, 10, 10, 0, 2, 0, 10, 10, : 10, 10, 10, 10, 10, 10, 10, 10, 10, 10, 10, 10, 10, 10, 10, 10, 10, 10, 10, 10, 10, 10, 1, 10, 10, 10, 10, 10, 10, 10, 10, 10, 10, 10, 10, 10, 10, 10, 13, 10, 10, 10, 10, 10, 10, 10, 10, 10, 10, 10, 10, 10, 10, 10, 10, 10, 10, 10, 10, 10, 2, 10, 10, 
193: 10, 0, 0, 10, 0, 10, 10, 10, 10, 10, 10, 10, 0, 0, 10, 10, 10, 10, 10, 10, 14, 10, 0, 0, 10, 10, 0, 0, 0, 10, 0, 10, 10, 1, 0, 0, 5, 0, 10, 0, 0, 0, 10, 1, 10, 2, 10, 10, 10, 10, 0, 10, 0, 10, 10, 10, 0, 0, 10, 0, 10, 0, 10, 10, 10, 0, 0, 0, 0, 0, 0, 0, 0, 0, 0, 10, 0, 0, 10, 10, 0, 0, 0, 0, 10, 0, 10, 0, 10, 10, 0, 0, 10, 2, 0, 10, 10, 10, 10, 0, 0, 10, 10, 10, 10, 10, 10, 10, 10, 10, 10, 0, 0, 0, 0, 10, 0, 10, 0, 0, : 10, 10, 10, 10, 10, 10, 10, 10, 10, 10, 10, 10, 10, 10, 10, 14, 10, 10, 10, 10, 10, 10, 1, 5, 10, 10, 1, 10, 2, 10, 10, 10, 10, 10, 10, 10, 10, 10, 10, 10, 10, 10, 10, 10, 10, 10, 10, 10, 10, 10, 2, 10, 10, 10, 10, 10, 10, 10, 10, 10, 10, 10, 10, 10, 10, 10, 10, 
25: 10, 0, 0, 10, 10, 0, 0, 10, 0, 10, 0, 0, 10, 0, 0, 10, 0, 10, 0, 10, 10, 0, 10, 0, 10, 10, 10, 0, 0, 10, 0, 10, 0, 0, 11, 10, 10, 0, 0, 0, 10, 0, 0, 0, 0, 10, 10, 0, 10, 0, 0, 10, 0, 10, 0, 0, 0, 0, 10, 10, 0, 0, 10, 0, 10, 10, 0, 0, 0, 10, 0, 0, 10, 0, 10, 10, 0, 10, 0, 0, 10, 10, 10, 10, 0, 10, 0, 0, 0, 0, 0, 10, 10, 10, 10, 0, 0, 0, 10, 10, 10, 0, 10, 10, 0, 0, 0, 10, 10, 0, 0, 0, 0, 10, 0, 10, 0, 0, 10, 0, : 10, 10, 10, 10, 10, 10, 10, 10, 10, 10, 10, 10, 10, 10, 10, 10, 11, 10, 10, 10, 10, 10, 10, 10, 10, 10, 10, 10, 10, 10, 10, 10, 10, 10, 10, 10, 10, 10, 10, 10, 10, 10, 10, 10, 10, 10, 10, 10, 10, 10, 10, 10, 10, 10, 
73: 10, 10, 10, 10, 0, 10, 10, 0, 0, 10, 0, 0, 0, 10, 0, 10, 10, 10, 10, 10, 10, 10, 10, 10, 10, 10, 10, 10, 10, 3, 10, 10, 0, 10, 10, 0, 0, 0, 10, 0, 10, 0, 10, 10, 10, 0, 1, 0, 10, 0, 0, 10, 10, 0, 0, 10, 0, 0, 0, 10, 1, 0, 10, 0, 0, 0, 0, 10, 10, 10, 10, 0, 10, 0, 0, 0, 10, 0, 10, 0, 0, 10, 10, 0, 10, 0, 10, 0, 0, 10, 10, 10, 0, 10, 12, 0, 0, 0, 0, 10, 0, 0, 0, 10, 0, 10, 0, 0, 0, 10, 0, 0, 0, 0, 0, 10, 1, 0, 0, 0, : 10, 10, 10, 10, 10, 10, 10, 10, 10, 10, 10, 10, 10, 10, 10, 10, 10, 10, 10, 10, 10, 10, 3, 10, 10, 10, 10, 10, 10, 10, 10, 10, 1, 10, 10, 10, 10, 10, 1, 10, 10, 10, 10, 10, 10, 10, 10, 10, 10, 10, 10, 10, 10, 10, 10, 12, 10, 10, 10, 10, 10, 1, 
371: 10, 0, 4, 2, 0, 0, 7, 0, 0, 10, 0, 10, 10, 0, 10, 10, 0, 10, 0, 10, 10, 0, 0, 10, 0, 10, 0, 0, 10, 0, 0, 10, 0, 10, 0, 0, 0, 0, 0, 10, 0, 0, 10, 0, 0, 0, 10, 0, 10, 10, 0, 10, 0, 0, 0, 0, 0, 10, 0, 0, 0, 0, 0, 10, 0, 10, 10, 0, 10, 10, 10, 10, 10, 10, 10, 10, 0, 0, 10, 0, 10, 10, 0, 10, 10, 0, 0, 0, 0, 0, 0, 10, 0, 10, 0, 10, 10, 10, 10, 10, 10, 10, 0, 0, 0, 0, 0, 10, 10, 10, 0, 0, 0, 10, 0, 0, 10, 10, 0, 10, : 10, 4, 2, 7, 10, 10, 10, 10, 10, 10, 10, 10, 10, 10, 10, 10, 10, 10, 10, 10, 10, 10, 10, 10, 10, 10, 10, 10, 10, 10, 10, 10, 10, 10, 10, 10, 10, 10, 10, 10, 10, 10, 10, 10, 10, 10, 10, 10, 10, 10, 10, 10, 10, 10, 10, 10, 
125: 0, 10, 10, 10, 0, 9, 10, 10, 10, 0, 0, 2, 10, 0, 10, 0, 0, 10, 0, 10, 0, 10, 10, 0, 0, 10, 10, 10, 0, 10, 0, 10, 0, 10, 0, 14, 10, 10, 10, 14, 0, 10, 0, 10, 0, 10, 2, 0, 10, 10, 10, 0, 10, 10, 0, 10, 0, 10, 0, 10, 0, 0, 10, 10, 10, 10, 10, 10, 10, 0, 10, 10, 0, 10, 10, 0, 0, 0, 10, 10, 0, 10, 10, 10, 10, 10, 0, 10, 10, 0, 10, 10, 10, 10, 0, 10, 0, 0, 10, 10, 10, 10, 0, 0, 10, 10, 0, 10, 0, 10, 0, 0, 10, 0, 10, 0, 0, 10, 10, 0, : 10, 10, 10, 9, 10, 10, 10, 2, 10, 10, 10, 10, 10, 10, 10, 10, 10, 10, 10, 10, 14, 10, 10, 10, 14, 10, 10, 10, 2, 10, 10, 10, 10, 10, 10, 10, 10, 10, 10, 10, 10, 10, 10, 10, 10, 10, 10, 10, 10, 10, 10, 10, 10, 10, 10, 10, 10, 10, 10, 10, 10, 10, 10, 10, 10, 10, 10, 10, 10, 10, 10, 10, 10, 10, 
390: 10, 0, 0, 10, 10, 10, 1, 0, 10, 0, 10, 10, 0, 10, 10, 0, 10, 0, 10, 0, 10, 10, 0, 10, 10, 10, 10, 10, 10, 10, 10, 10, 10, 0, 0, 10, 10, 0, 10, 10, 10, 10, 0, 0, 0, 10, 10, 10, 0, 0, 10, 0, 10, 0, 10, 10, 10, 0, 10, 0, 10, 10, 0, 10, 0, 10, 10, 10, 10, 0, 0, 17, 2, 0, 0, 10, 0, 10, 10, 0, 0, 0, 10, 0, 0, 10, 0, 0, 0, 10, 0, 10, 10, 0, 10, 10, 10, 0, 0, 10, 0, 10, 10, 10, 0, 0, 10, 0, 10, 0, 10, 10, 10, 10, 10, 10, 0, 0, 10, 0, : 10, 10, 10, 10, 1, 10, 10, 10, 10, 10, 10, 10, 10, 10, 10, 10, 10, 10, 10, 10, 10, 10, 10, 10, 10, 10, 10, 10, 10, 10, 10, 10, 10, 10, 10, 10, 10, 10, 10, 10, 10, 10, 10, 10, 10, 10, 17, 2, 10, 10, 10, 10, 10, 10, 10, 10, 10, 10, 10, 10, 10, 10, 10, 10, 10, 10, 10, 10, 10, 10, 10, 10, 
546: 0, 0, 0, 0, 10, 10, 0, 10, 0, 0, 10, 10, 10, 10, 10, 0, 10, 0, 0, 10, 10, 0, 10, 0, 10, 10, 0, 0, 10, 10, 10, 0, 10, 0, 10, 0, 10, 10, 10, 0, 10, 10, 10, 10, 0, 0, 10, 10, 0, 0, 10, 0, 0, 0, 0, 10, 10, 0, 0, 10, 0, 10, 10, 10, 10, 0, 0, 10, 0, 0, 10, 0, 0, 10, 0, 10, 10, 0, 0, 0, 0, 0, 0, 10, 10, 10, 0, 10, 10, 0, 10, 0, 0, 10, 10, 10, 0, 10, 0, 0, 10, 10, 0, 0, 10, 10, 10, 10, 0, 10, 0, 0, 10, 0, 10, 0, 10, 10, 10, 0, : 10, 10, 10, 10, 10, 10, 10, 10, 10, 10, 10, 10, 10, 10, 10, 10, 10, 10, 10, 10, 10, 10, 10, 10, 10, 10, 10, 10, 10, 10, 10, 10, 10, 10, 10, 10, 10, 10, 10, 10, 10, 10, 10, 10, 10, 10, 10, 10, 10, 10, 10, 10, 10, 10, 10, 10, 10, 10, 10, 10, 10, 10, 10, 
32: 0, 10, 10, 0, 10, 0, 0, 0, 10, 0, 10, 10, 0, 10, 20, 0, 10, 8, 0, 10, 0, 0, 0, 10, 10, 10, 0, 10, 0, 0, 10, 10, 0, 10, 10, 10, 10, 10, 10, 10, 10, 10, 10, 0, 0, 10, 0, 10, 10, 0, 10, 0, 10, 0, 0, 10, 0, 0, 0, 10, 0, 10, 10, 0, 10, 0, 10, 0, 0, 10, 10, 10, 0, 0, 0, 0, 0, 3, 10, 0, 10, 0, 10, 0, 0, 10, 10, 0, 10, 0, 10, 0, 0, 0, 0, 0, 0, 0, 0, 10, 0, 10, 0, 10, 0, 0, 10, 10, 0, 10, 10, 10, 0, 10, 0, 0, 2, 10, 10, 10, : 10, 10, 10, 10, 10, 10, 10, 20, 10, 8, 10, 10, 10, 10, 10, 10, 10, 10, 10, 10, 10, 10, 10, 10, 10, 10, 10, 10, 10, 10, 10, 10, 10, 10, 10, 10, 10, 10, 10, 10, 10, 3, 10, 10, 10, 10, 10, 10, 10, 10, 10, 10, 10, 10, 10, 10, 10, 10, 2, 10, 10, 10, 
91: 10, 0, 10, 0, 0, 0, 0, 10, 0, 10, 10, 0, 10, 10, 0, 0, 10, 0, 10, 10, 0, 0, 10, 0, 10, 0, 0, 0, 0, 0, 0, 10, 0, 0, 10, 0, 0, 0, 10, 10, 0, 0, 10, 0, 10, 0, 10, 0, 10, 0, 10, 0, 0, 10, 0, 0, 10, 0, 10, 0, 11, 0, 0, 0, 10, 10, 10, 0, 0, 10, 0, 10, 0, 10, 10, 10, 10, 10, 0, 10, 0, 10, 0, 0, 0, 10, 6, 0, 0, 10, 2, 0, 10, 10, 10, 10, 10, 0, 10, 10, 10, 0, 10, 0, 0, 10, 0, 10, 10, 0, 10, 4, 0, 0, 10, 0, 0, 10, 10, 0, : 10, 10, 10, 10, 10, 10, 10, 10, 10, 10, 10, 10, 10, 10, 10, 10, 10, 10, 10, 10, 10, 10, 10, 10, 11, 10, 10, 10, 10, 10, 10, 10, 10, 10, 10, 10, 10, 10, 6, 10, 2, 10, 10, 10, 10, 10, 10, 10, 10, 10, 10, 10, 10, 10, 4, 10, 10, 10, 
584: 0, 0, 0, 0, 0, 0, 0, 0, 0, 0, 0, 0, 0, 10, 0, 0, 0, 19, 0, 10, 0, 10, 10, 10, 10, 0, 10, 0, 7, 1, 10, 10, 0, 0, 10, 10, 10, 5, 10, 10, 0, 0, 0, 0, 6, 0, 0, 0, 0, 0, 10, 0, 10, 6, 10, 0, 20, 0, 10, 10, 10, 10, 0, 0, 0, 10, 2, 0, 0, 10, 10, 10, 0, 10, 0, 10, 0, 10, 10, 0, 10, 0, 10, 10, 0, 10, 0, 0, 0, 0, 20, 0, 10, 0, 0, 0, 10, 0, 10, 0, 9, 10, 0, 0, 10, 10, 10, 10, 10, 10, 0, 0, 0, 10, 10, 0, 0, 10, 0, 10, : 10, 19, 10, 10, 10, 10, 10, 10, 7, 1, 10, 10, 10, 10, 10, 5, 10, 10, 6, 10, 10, 6, 10, 20, 10, 10, 10, 10, 10, 2, 10, 10, 10, 10, 10, 10, 10, 10, 10, 10, 10, 20, 10, 10, 10, 9, 10, 10, 10, 10, 10, 10, 10, 10, 10, 10, 10, 
448: 10, 12, 10, 0, 10, 0, 10, 0, 10, 10, 10, 0, 0, 0, 0, 10, 0, 10, 0, 0, 0, 0, 10, 10, 10, 10, 10, 0, 10, 0, 10, 10, 10, 4, 0, 0, 0, 10, 10, 10, 0, 10, 0, 10, 10, 0, 10, 10, 0, 10, 10, 0, 10, 0, 10, 0, 0, 10, 10, 10, 10, 6, 17, 0, 0, 10, 0, 0, 0, 0, 0, 10, 10, 10, 7, 10, 0, 0, 10, 10, 0, 0, 10, 0, 1, 0, 10, 0, 10, 0, 0, 0, 0, 10, 0, 0, 0, 0, 10, 0, 0, 10, 0, 0, 0, 0, 10, 10, 0, 0, 0, 0, 0, 0, 0, 10, 10, 10, 0, 0, : 10, 12, 10, 10, 10, 10, 10, 10, 10, 10, 10, 10, 10, 10, 10, 10, 10, 10, 10, 4, 10, 10, 10, 10, 10, 10, 10, 10, 10, 10, 10, 10, 10, 10, 10, 10, 6, 17, 10, 10, 10, 10, 7, 10, 10, 10, 10, 1, 10, 10, 10, 10, 10, 10, 10, 10, 10, 10, 
174: 0, 10, 0, 0, 0, 10, 10, 0, 10, 0, 0, 0, 10, 0, 0, 10, 10, 0, 10, 0, 0, 0, 0, 10, 0, 0, 10, 0, 0, 0, 10, 10, 10, 10, 10, 0, 10, 0, 0, 0, 0, 10, 10, 12, 10, 0, 0, 0, 10, 0, 10, 10, 10, 10, 0, 0, 10, 10, 10, 10, 10, 0, 0, 10, 0, 10, 10, 10, 10, 10, 0, 0, 0, 10, 10, 10, 0, 10, 0, 10, 0, 10, 10, 3, 10, 0, 10, 10, 10, 10, 1, 10, 10, 1, 10, 10, 10, 10, 0, 10, 10, 0, 1, 10, 10, 10, 2, 0, 0, 0, 10, 10, 10, 3, 0, 10, 2, 10, 0, 20, : 10, 10, 10, 10, 10, 10, 10, 10, 10, 10, 10, 10, 10, 10, 10, 10, 10, 10, 12, 10, 10, 10, 10, 10, 10, 10, 10, 10, 10, 10, 10, 10, 10, 10, 10, 10, 10, 10, 10, 10, 10, 10, 10, 3, 10, 10, 10, 10, 10, 1, 10, 10, 1, 10, 10, 10, 10, 10, 10, 1, 10, 10, 10, 2, 10, 10, 10, 3, 10, 2, 10, 20, 
435: 10, 10, 10, 0, 0, 0, 0, 10, 0, 0, 0, 0, 0, 0, 0, 0, 0, 0, 0, 0, 10, 0, 0, 0, 0, 0, 0, 0, 10, 10, 10, 0, 4, 0, 0, 10, 0, 10, 10, 0, 0, 10, 0, 0, 0, 10, 0, 0, 0, 0, 0, 0, 10, 10, 10, 10, 10, 0, 0, 10, 0, 0, 0, 10, 0, 0, 10, 0, 10, 10, 0, 10, 10, 0, 0, 0, 0, 0, 10, 0, 0, 10, 0, 10, 0, 10, 0, 0, 0, 0, 10, 0, 0, 0, 0, 10, 10, 0, 0, 10, 10, 0, 10, 10, 0, 20, 0, 0, 0, 0, 0, 0, 0, 10, 0, 0, 0, 0, 10, 10, : 10, 10, 10, 10, 10, 10, 10, 10, 4, 10, 10, 10, 10, 10, 10, 10, 10, 10, 10, 10, 10, 10, 10, 10, 10, 10, 10, 10, 10, 10, 10, 10, 10, 10, 10, 10, 10, 20, 10, 10, 10, 
165: 10, 0, 0, 0, 10, 10, 0, 10, 10, 10, 10, 0, 0, 0, 0, 10, 10, 1, 0, 10, 1, 10, 0, 10, 10, 0, 0, 10, 0, 0, 10, 0, 10, 13, 0, 0, 10, 10, 10, 10, 10, 0, 10, 10, 0, 10, 10, 0, 0, 0, 0, 10, 10, 0, 10, 10, 0, 0, 10, 0, 10, 10, 10, 0, 0, 0, 10, 0, 10, 10, 10, 10, 10, 10, 0, 0, 10, 0, 10, 10, 0, 0, 10, 10, 0, 0, 0, 0, 10, 0, 0, 0, 0, 10, 10, 10, 10, 0, 10, 0, 10, 10, 0, 10, 10, 0, 10, 0, 0, 10, 0, 10, 0, 0, 10, 0, 10, 0, 10, 10, : 10, 10, 10, 10, 10, 10, 10, 10, 10, 1, 10, 1, 10, 10, 10, 10, 10, 10, 13, 10, 10, 10, 10, 10, 10, 10, 10, 10, 10, 10, 10, 10, 10, 10, 10, 10, 10, 10, 10, 10, 10, 10, 10, 10, 10, 10, 10, 10, 10, 10, 10, 10, 10, 10, 10, 10, 10, 10, 10, 10, 10, 10, 10, 10, 10, 
477: 10, 10, 0, 6, 10, 0, 10, 10, 10, 10, 10, 10, 0, 0, 10, 0, 10, 0, 0, 0, 10, 0, 10, 0, 16, 0, 10, 10, 10, 10, 10, 10, 0, 18, 10, 0, 0, 0, 10, 0, 10, 0, 10, 0, 1, 0, 0, 0, 0, 0, 0, 10, 0, 0, 0, 0, 10, 10, 0, 0, 10, 10, 0, 0, 10, 0, 0, 10, 10, 10, 10, 10, 10, 10, 10, 10, 10, 10, 10, 10, 0, 0, 0, 0, 0, 10, 10, 0, 0, 0, 0, 10, 10, 10, 10, 1, 10, 1, 10, 10, 0, 0, 0, 10, 10, 10, 0, 0, 10, 10, 10, 10, 0, 10, 10, 0, 10, 0, 0, 0, : 10, 10, 6, 10, 10, 10, 10, 10, 10, 10, 10, 10, 10, 10, 16, 10, 10, 10, 10, 10, 10, 18, 10, 10, 10, 10, 1, 10, 10, 10, 10, 10, 10, 10, 10, 10, 10, 10, 10, 10, 10, 10, 10, 10, 10, 10, 10, 10, 10, 10, 10, 10, 1, 10, 1, 10, 10, 10, 10, 10, 10, 10, 10, 10, 10, 10, 10, 
323: 0, 10, 0, 10, 10, 0, 10, 10, 0, 0, 0, 0, 0, 0, 10, 0, 17, 0, 0, 11, 0, 0, 0, 0, 0, 10, 0, 10, 10, 10, 10, 10, 10, 10, 10, 0, 10, 10, 0, 0, 0, 10, 10, 0, 10, 0, 10, 0, 10, 0, 0, 10, 0, 10, 10, 0, 10, 10, 10, 10, 0, 10, 0, 0, 0, 0, 10, 10, 0, 0, 0, 10, 10, 0, 10, 0, 10, 10, 10, 10, 5, 10, 10, 0, 0, 0, 0, 0, 0, 0, 10, 0, 0, 0, 0, 10, 10, 10, 10, 0, 0, 0, 0, 0, 0, 10, 0, 10, 0, 10, 10, 0, 10, 0, 0, 0, 0, 10, 10, 0, : 10, 10, 10, 10, 10, 10, 17, 11, 10, 10, 10, 10, 10, 10, 10, 10, 10, 10, 10, 10, 10, 10, 10, 10, 10, 10, 10, 10, 10, 10, 10, 10, 10, 10, 10, 10, 10, 10, 10, 10, 10, 5, 10, 10, 10, 10, 10, 10, 10, 10, 10, 10, 10, 10, 10, 10, 


135: 10, 0, 0, 0, 0, 10, 0, 0, 10, 10, 0, 10, 10, 0, 10, 0, 10, 10, 10, 0, 0, 0, 0, 0, 0, 0, 0, 0, 0, 10, 10, 10, 0, 10, 1, 10, 10, 10, 0, 1, 10, 4, 10, 0, 10, 0, 10, 10, 10, 10, 10, 10, 10, 0, 10, 0, 10, 1, 10, 0, 0, 0, 10, 0, 0, 0, 0, 0, 0, 0, 10, 0, 10, 4, 0, 0, 10, 0, 10, 0, 0, 10, 10, 10, 0, 0, 10, 0, 10, 10, 0, 10, 10, 0, 0, 10, 0, 10, 10, 10, 0, 0, 10, 1, 10, 10, 10, 10, 0, 10, 0, 0, 0, 0, 10, 0, 10, 10, 10, 0, : 10, 10, 10, 10, 10, 10, 10, 10, 10, 10, 10, 10, 10, 10, 1, 10, 10, 10, 1, 10, 4, 10, 10, 10, 10, 10, 10, 10, 10, 10, 10, 10, 1, 10, 10, 10, 10, 4, 10, 10, 10, 10, 10, 10, 10, 10, 10, 10, 10, 10, 10, 10, 10, 1, 10, 10, 10, 10, 10, 10, 10, 10, 10, 
299: 10, 10, 0, 0, 0, 10, 10, 10, 0, 0, 0, 10, 10, 0, 1, 0, 10, 0, 0, 0, 10, 10, 0, 2, 10, 0, 0, 0, 0, 0, 10, 10, 10, 10, 10, 0, 1, 10, 0, 0, 10, 0, 0, 0, 10, 10, 0, 0, 10, 10, 10, 10, 10, 0, 10, 10, 10, 0, 0, 10, 10, 0, 0, 0, 0, 0, 10, 10, 0, 0, 0, 0, 10, 0, 10, 0, 0, 0, 10, 0, 0, 0, 0, 10, 0, 10, 10, 0, 0, 0, 10, 10, 0, 10, 10, 10, 0, 0, 0, 0, 10, 10, 0, 0, 0, 10, 0, 2, 0, 10, 10, 10, 0, 0, 10, 0, 0, 10, 0, 0, : 10, 10, 10, 10, 10, 10, 10, 1, 10, 10, 10, 2, 10, 10, 10, 10, 10, 10, 1, 10, 10, 10, 10, 10, 10, 10, 10, 10, 10, 10, 10, 10, 10, 10, 10, 10, 10, 10, 10, 10, 10, 10, 10, 10, 10, 10, 10, 10, 10, 2, 10, 10, 10, 10, 10, 
254: 10, 10, 10, 0, 10, 10, 0, 0, 0, 10, 10, 0, 0, 0, 10, 0, 10, 0, 10, 0, 10, 0, 0, 10, 10, 10, 0, 10, 10, 0, 10, 0, 0, 10, 10, 10, 0, 0, 0, 6, 9, 10, 10, 10, 10, 0, 10, 10, 10, 17, 0, 0, 0, 10, 0, 0, 10, 0, 0, 10, 0, 7, 0, 10, 0, 10, 10, 5, 10, 0, 10, 0, 0, 0, 10, 10, 0, 10, 0, 0, 0, 0, 10, 0, 0, 10, 0, 0, 0, 0, 10, 10, 10, 0, 0, 0, 0, 10, 10, 10, 10, 10, 10, 10, 0, 0, 10, 10, 10, 10, 0, 10, 0, 10, 10, 10, 1, 10, 0, 10, : 10, 10, 10, 10, 10, 10, 10, 10, 10, 10, 10, 10, 10, 10, 10, 10, 10, 10, 10, 10, 6, 9, 10, 10, 10, 10, 10, 10, 10, 17, 10, 10, 10, 7, 10, 10, 10, 5, 10, 10, 10, 10, 10, 10, 10, 10, 10, 10, 10, 10, 10, 10, 10, 10, 10, 10, 10, 10, 10, 10, 10, 10, 10, 1, 10, 10, 
176: 10, 10, 10, 0, 0, 0, 0, 0, 10, 10, 10, 0, 10, 10, 0, 10, 10, 0, 0, 0, 10, 0, 0, 10, 10, 10, 0, 10, 10, 10, 4, 10, 10, 0, 10, 0, 0, 10, 10, 0, 10, 0, 10, 0, 10, 0, 0, 4, 2, 0, 0, 0, 3, 10, 0, 0, 0, 0, 0, 0, 1, 10, 0, 10, 0, 10, 10, 10, 10, 0, 10, 10, 10, 0, 10, 0, 2, 10, 0, 10, 0, 10, 10, 10, 10, 0, 0, 0, 10, 10, 0, 10, 10, 10, 0, 10, 10, 10, 0, 10, 0, 10, 10, 10, 0, 0, 0, 0, 0, 0, 0, 0, 0, 10, 0, 0, 0, 10, 0, 10, : 10, 10, 10, 10, 10, 10, 10, 10, 10, 10, 10, 10, 10, 10, 10, 10, 10, 4, 10, 10, 10, 10, 10, 10, 10, 10, 4, 2, 3, 10, 1, 10, 10, 10, 10, 10, 10, 10, 10, 10, 10, 2, 10, 10, 10, 10, 10, 10, 10, 10, 10, 10, 10, 10, 10, 10, 10, 10, 10, 10, 10, 10, 10, 
436: 10, 10, 10, 0, 10, 0, 10, 10, 0, 0, 0, 10, 0, 10, 10, 10, 0, 0, 1, 0, 10, 0, 10, 0, 2, 10, 10, 0, 10, 10, 10, 10, 10, 10, 10, 10, 0, 0, 0, 10, 0, 10, 0, 10, 10, 10, 0, 0, 0, 10, 0, 0, 10, 0, 10, 6, 10, 5, 10, 0, 10, 10, 10, 10, 0, 10, 10, 10, 10, 0, 10, 10, 0, 0, 0, 0, 10, 0, 0, 10, 18, 0, 0, 0, 10, 10, 10, 10, 0, 0, 0, 0, 10, 0, 10, 0, 0, 0, 0, 10, 10, 0, 0, 0, 0, 0, 0, 10, 10, 0, 0, 0, 10, 10, 0, 0, 0, 0, 10, 0, : 10, 10, 10, 10, 10, 10, 10, 10, 10, 10, 1, 10, 10, 2, 10, 10, 10, 10, 10, 10, 10, 10, 10, 10, 10, 10, 10, 10, 10, 10, 10, 10, 6, 10, 5, 10, 10, 10, 10, 10, 10, 10, 10, 10, 10, 10, 10, 10, 18, 10, 10, 10, 10, 10, 10, 10, 10, 10, 10, 10, 10, 10, 
97: 0, 0, 0, 10, 0, 0, 10, 10, 0, 0, 10, 10, 10, 10, 0, 10, 0, 10, 0, 10, 10, 0, 10, 0, 0, 0, 10, 10, 0, 10, 0, 10, 10, 0, 0, 0, 10, 0, 0, 10, 10, 0, 9, 10, 18, 10, 10, 10, 10, 10, 0, 0, 0, 0, 0, 0, 0, 10, 10, 18, 10, 10, 10, 10, 0, 10, 0, 10, 10, 0, 0, 0, 0, 10, 0, 10, 0, 0, 10, 0, 0, 0, 10, 10, 10, 10, 10, 0, 0, 10, 0, 0, 0, 0, 0, 10, 0, 10, 0, 10, 0, 10, 10, 10, 6, 0, 10, 10, 10, 0, 10, 10, 10, 10, 20, 0, 10, 0, 10, 10, : 10, 10, 10, 10, 10, 10, 10, 10, 10, 10, 10, 10, 10, 10, 10, 10, 10, 10, 10, 10, 9, 10, 18, 10, 10, 10, 10, 10, 10, 10, 18, 10, 10, 10, 10, 10, 10, 10, 10, 10, 10, 10, 10, 10, 10, 10, 10, 10, 10, 10, 10, 10, 10, 6, 10, 10, 10, 10, 10, 10, 10, 20, 10, 10, 10, 
199: 15, 10, 10, 0, 0, 10, 0, 0, 0, 0, 0, 0, 0, 0, 0, 10, 0, 0, 0, 10, 0, 10, 0, 10, 0, 10, 0, 10, 10, 10, 0, 10, 10, 10, 0, 0, 10, 0, 10, 0, 10, 0, 10, 0, 10, 0, 0, 0, 10, 0, 10, 0, 10, 0, 10, 10, 1, 0, 0, 0, 20, 0, 0, 0, 0, 0, 0, 10, 0, 10, 0, 0, 10, 10, 0, 0, 0, 0, 10, 10, 10, 10, 10, 0, 0, 10, 10, 10, 0, 0, 10, 0, 0, 0, 0, 0, 10, 0, 1, 0, 0, 10, 10, 10, 0, 10, 10, 0, 0, 10, 10, 0, 0, 0, 0, 0, 0, 0, 10, 0, : 15, 10, 10, 10, 10, 10, 10, 10, 10, 10, 10, 10, 10, 10, 10, 10, 10, 10, 10, 10, 10, 10, 10, 10, 10, 1, 20, 10, 10, 10, 10, 10, 10, 10, 10, 10, 10, 10, 10, 10, 10, 1, 10, 10, 10, 10, 10, 10, 10, 10, 
580: 10, 10, 10, 10, 0, 10, 0, 10, 10, 0, 10, 10, 0, 10, 10, 0, 10, 0, 10, 10, 0, 10, 10, 0, 0, 10, 0, 0, 0, 10, 10, 10, 0, 0, 10, 10, 0, 0, 0, 0, 0, 0, 10, 0, 0, 10, 10, 0, 0, 10, 0, 10, 10, 10, 0, 0, 10, 10, 10, 10, 10, 0, 10, 10, 0, 0, 0, 10, 10, 0, 10, 1, 1, 0, 0, 10, 0, 0, 10, 0, 0, 0, 10, 10, 10, 10, 0, 10, 0, 0, 10, 10, 0, 0, 10, 10, 10, 0, 10, 10, 0, 0, 0, 0, 10, 0, 0, 0, 0, 10, 10, 0, 10, 10, 0, 0, 10, 10, 10, 0, : 10, 10, 10, 10, 10, 10, 10, 10, 10, 10, 10, 10, 10, 10, 10, 10, 10, 10, 10, 10, 10, 10, 10, 10, 10, 10, 10, 10, 10, 10, 10, 10, 10, 10, 10, 10, 10, 10, 10, 1, 1, 10, 10, 10, 10, 10, 10, 10, 10, 10, 10, 10, 10, 10, 10, 10, 10, 10, 10, 10, 10, 10, 10, 
106: 0, 10, 10, 0, 10, 10, 10, 10, 10, 10, 0, 10, 0, 10, 10, 10, 10, 10, 0, 10, 10, 10, 10, 0, 0, 10, 10, 10, 10, 10, 10, 0, 0, 0, 10, 0, 0, 0, 10, 10, 10, 0, 0, 10, 10, 10, 0, 0, 0, 10, 0, 0, 10, 0, 0, 0, 10, 10, 9, 10, 0, 0, 10, 10, 0, 10, 10, 0, 10, 10, 10, 10, 0, 10, 10, 0, 0, 10, 10, 10, 13, 0, 0, 0, 0, 0, 0, 10, 10, 10, 0, 10, 10, 10, 10, 10, 0, 10, 10, 12, 0, 10, 0, 0, 10, 0, 10, 10, 10, 10, 5, 10, 10, 0, 10, 0, 0, 10, 0, 10, : 10, 10, 10, 10, 10, 10, 10, 10, 10, 10, 10, 10, 10, 10, 10, 10, 10, 10, 10, 10, 10, 10, 10, 10, 10, 10, 10, 10, 10, 10, 10, 10, 10, 10, 10, 9, 10, 10, 10, 10, 10, 10, 10, 10, 10, 10, 10, 10, 10, 10, 13, 10, 10, 10, 10, 10, 10, 10, 10, 10, 10, 12, 10, 10, 10, 10, 10, 10, 5, 10, 10, 10, 10, 10, 
95: 17, 0, 10, 0, 10, 10, 10, 10, 10, 0, 10, 12, 1, 0, 0, 10, 10, 10, 0, 10, 0, 0, 10, 0, 10, 10, 10, 0, 0, 0, 10, 10, 10, 10, 0, 10, 0, 10, 10, 10, 10, 10, 10, 10, 10, 10, 10, 0, 0, 0, 10, 0, 10, 0, 10, 0, 0, 0, 10, 10, 10, 10, 0, 10, 10, 0, 0, 3, 0, 0, 10, 0, 10, 0, 10, 10, 0, 10, 10, 10, 0, 10, 0, 10, 0, 0, 10, 10, 0, 0, 10, 0, 0, 10, 10, 0, 10, 10, 9, 10, 10, 10, 0, 0, 0, 0, 0, 0, 13, 0, 0, 0, 0, 10, 0, 10, 0, 0, 0, 0, : 17, 10, 10, 10, 10, 10, 10, 10, 12, 1, 10, 10, 10, 10, 10, 10, 10, 10, 10, 10, 10, 10, 10, 10, 10, 10, 10, 10, 10, 10, 10, 10, 10, 10, 10, 10, 10, 10, 10, 10, 10, 10, 3, 10, 10, 10, 10, 10, 10, 10, 10, 10, 10, 10, 10, 10, 10, 10, 10, 9, 10, 10, 10, 13, 10, 10, 
314: 0, 4, 10, 0, 10, 10, 0, 10, 0, 0, 0, 10, 10, 10, 10, 0, 10, 10, 10, 0, 10, 10, 0, 0, 10, 0, 10, 10, 10, 0, 10, 0, 10, 0, 10, 0, 0, 10, 0, 0, 0, 10, 0, 0, 0, 0, 0, 10, 0, 0, 0, 0, 10, 10, 0, 10, 0, 0, 10, 10, 0, 10, 0, 10, 10, 0, 2, 0, 0, 0, 10, 0, 0, 0, 0, 0, 0, 0, 0, 0, 10, 10, 0, 0, 0, 0, 0, 10, 0, 10, 0, 10, 0, 10, 10, 10, 0, 10, 10, 10, 0, 10, 10, 10, 10, 0, 0, 10, 10, 10, 0, 1, 0, 10, 10, 10, 0, 10, 10, 0, : 4, 10, 10, 10, 10, 10, 10, 10, 10, 10, 10, 10, 10, 10, 10, 10, 10, 10, 10, 10, 10, 10, 10, 10, 10, 10, 10, 10, 10, 10, 10, 10, 2, 10, 10, 10, 10, 10, 10, 10, 10, 10, 10, 10, 10, 10, 10, 10, 10, 10, 10, 10, 1, 10, 10, 10, 10, 10, 
366: 0, 0, 10, 0, 0, 10, 10, 10, 10, 10, 1, 10, 0, 0, 0, 0, 0, 10, 0, 13, 10, 0, 10, 0, 10, 0, 0, 10, 0, 0, 0, 10, 10, 0, 0, 0, 0, 10, 0, 10, 0, 10, 0, 0, 10, 10, 0, 10, 10, 0, 0, 10, 10, 10, 0, 10, 0, 0, 10, 10, 0, 0, 0, 0, 10, 0, 10, 0, 0, 10, 12, 0, 10, 10, 0, 10, 10, 10, 0, 0, 10, 10, 10, 0, 0, 0, 0, 0, 10, 0, 10, 0, 0, 0, 10, 0, 10, 10, 10, 10, 10, 10, 10, 0, 0, 10, 10, 0, 10, 0, 0, 0, 10, 0, 10, 10, 0, 10, 10, 0, : 10, 10, 10, 10, 10, 10, 1, 10, 10, 13, 10, 10, 10, 10, 10, 10, 10, 10, 10, 10, 10, 10, 10, 10, 10, 10, 10, 10, 10, 10, 10, 10, 12, 10, 10, 10, 10, 10, 10, 10, 10, 10, 10, 10, 10, 10, 10, 10, 10, 10, 10, 10, 10, 10, 10, 10, 10, 10, 10, 
591: 0, 0, 10, 0, 0, 0, 0, 0, 0, 10, 10, 0, 10, 0, 0, 0, 0, 0, 10, 0, 10, 0, 1, 10, 0, 10, 0, 0, 10, 0, 0, 10, 0, 10, 0, 10, 10, 10, 0, 0, 0, 0, 10, 10, 0, 2, 10, 10, 10, 10, 10, 0, 10, 10, 0, 10, 0, 10, 10, 0, 0, 0, 0, 10, 10, 0, 10, 0, 10, 0, 7, 10, 10, 0, 0, 10, 0, 10, 10, 0, 0, 0, 3, 10, 0, 10, 0, 10, 0, 10, 0, 0, 10, 10, 10, 10, 0, 10, 10, 0, 10, 10, 10, 0, 0, 0, 0, 10, 0, 10, 10, 5, 10, 0, 0, 0, 10, 10, 10, 10, : 10, 10, 10, 10, 10, 10, 1, 10, 10, 10, 10, 10, 10, 10, 10, 10, 10, 2, 10, 10, 10, 10, 10, 10, 10, 10, 10, 10, 10, 10, 10, 10, 7, 10, 10, 10, 10, 10, 3, 10, 10, 10, 10, 10, 10, 10, 10, 10, 10, 10, 10, 10, 10, 10, 10, 5, 10, 10, 10, 10, 10, 
284: 0, 10, 0, 0, 10, 0, 10, 10, 0, 10, 0, 0, 0, 0, 10, 1, 0, 10, 10, 0, 0, 10, 10, 10, 10, 0, 0, 0, 0, 10, 0, 0, 10, 0, 10, 10, 0, 0, 0, 0, 0, 0, 0, 10, 0, 0, 0, 0, 0, 10, 0, 10, 0, 10, 10, 0, 10, 10, 0, 10, 0, 10, 10, 10, 10, 10, 10, 10, 10, 10, 10, 0, 10, 10, 10, 0, 10, 10, 0, 0, 0, 10, 10, 0, 10, 0, 10, 0, 0, 0, 10, 0, 10, 10, 10, 0, 0, 0, 10, 10, 10, 0, 10, 0, 10, 10, 10, 10, 10, 10, 10, 0, 0, 0, 0, 0, 0, 0, 0, 8, : 10, 10, 10, 10, 10, 10, 1, 10, 10, 10, 10, 10, 10, 10, 10, 10, 10, 10, 10, 10, 10, 10, 10, 10, 10, 10, 10, 10, 10, 10, 10, 10, 10, 10, 10, 10, 10, 10, 10, 10, 10, 10, 10, 10, 10, 10, 10, 10, 10, 10, 10, 10, 10, 10, 10, 10, 10, 10, 10, 8, 
350: 0, 0, 10, 0, 0, 10, 10, 0, 10, 10, 0, 10, 0, 0, 0, 0, 10, 0, 10, 10, 10, 0, 10, 10, 1, 0, 10, 0, 0, 10, 0, 0, 10, 0, 10, 10, 10, 10, 10, 10, 0, 0, 10, 10, 0, 10, 10, 10, 0, 10, 0, 3, 10, 10, 10, 0, 0, 0, 10, 0, 0, 0, 0, 10, 10, 10, 0, 10, 0, 10, 0, 0, 10, 7, 10, 10, 0, 10, 10, 10, 0, 0, 0, 0, 0, 0, 10, 0, 0, 0, 0, 10, 10, 0, 0, 0, 0, 0, 10, 0, 10, 10, 0, 0, 10, 0, 10, 0, 10, 10, 10, 0, 10, 10, 0, 0, 10, 10, 10, 10, : 10, 10, 10, 10, 10, 10, 10, 10, 10, 10, 10, 10, 1, 10, 10, 10, 10, 10, 10, 10, 10, 10, 10, 10, 10, 10, 10, 10, 3, 10, 10, 10, 10, 10, 10, 10, 10, 10, 10, 7, 10, 10, 10, 10, 10, 10, 10, 10, 10, 10, 10, 10, 10, 10, 10, 10, 10, 10, 10, 10, 10, 10, 
42: 0, 0, 0, 10, 0, 0, 10, 0, 0, 0, 10, 10, 0, 0, 0, 0, 10, 10, 10, 0, 0, 0, 10, 0, 0, 0, 10, 6, 0, 10, 0, 0, 0, 10, 10, 5, 0, 0, 0, 0, 10, 0, 10, 0, 10, 10, 10, 0, 10, 10, 0, 0, 0, 0, 4, 10, 0, 10, 10, 10, 0, 0, 0, 10, 10, 0, 0, 10, 10, 0, 0, 10, 1, 0, 10, 1, 10, 10, 10, 10, 10, 0, 0, 10, 10, 0, 10, 10, 10, 10, 0, 10, 10, 10, 10, 10, 0, 10, 0, 10, 10, 0, 10, 10, 10, 10, 10, 10, 0, 0, 0, 10, 0, 10, 0, 10, 0, 0, 0, 10, : 10, 10, 10, 10, 10, 10, 10, 10, 10, 6, 10, 10, 10, 5, 10, 10, 10, 10, 10, 10, 10, 4, 10, 10, 10, 10, 10, 10, 10, 10, 10, 1, 10, 1, 10, 10, 10, 10, 10, 10, 10, 10, 10, 10, 10, 10, 10, 10, 10, 10, 10, 10, 10, 10, 10, 10, 10, 10, 10, 10, 10, 10, 10, 
521: 10, 0, 0, 1, 0, 10, 10, 0, 0, 0, 10, 0, 10, 10, 0, 10, 10, 10, 0, 10, 0, 0, 10, 0, 10, 0, 0, 10, 10, 10, 0, 10, 10, 10, 10, 10, 0, 10, 0, 10, 0, 0, 10, 0, 10, 0, 10, 0, 10, 0, 0, 0, 10, 10, 10, 0, 10, 0, 10, 10, 10, 0, 0, 10, 0, 10, 10, 10, 0, 0, 0, 0, 0, 0, 0, 2, 0, 0, 10, 10, 1, 0, 10, 0, 10, 0, 0, 10, 0, 10, 0, 0, 0, 0, 10, 10, 0, 0, 0, 0, 10, 0, 10, 10, 0, 10, 10, 10, 10, 0, 0, 0, 10, 0, 0, 0, 0, 10, 10, 10, : 10, 1, 10, 10, 10, 10, 10, 10, 10, 10, 10, 10, 10, 10, 10, 10, 10, 10, 10, 10, 10, 10, 10, 10, 10, 10, 10, 10, 10, 10, 10, 10, 10, 10, 10, 10, 10, 10, 2, 10, 10, 1, 10, 10, 10, 10, 10, 10, 10, 10, 10, 10, 10, 10, 10, 10, 10, 10, 10, 
506: 0, 3, 10, 10, 10, 10, 10, 0, 10, 10, 10, 0, 10, 10, 10, 8, 10, 10, 10, 0, 0, 10, 10, 10, 10, 10, 10, 10, 0, 0, 0, 0, 10, 10, 0, 0, 0, 0, 10, 0, 0, 10, 10, 0, 10, 10, 10, 10, 0, 10, 0, 10, 10, 10, 10, 10, 10, 0, 0, 10, 10, 10, 0, 0, 0, 10, 0, 10, 10, 10, 10, 10, 0, 0, 0, 0, 10, 0, 10, 0, 10, 0, 10, 0, 0, 0, 0, 10, 0, 0, 10, 0, 10, 10, 0, 10, 0, 10, 10, 0, 0, 10, 10, 0, 10, 0, 10, 10, 10, 10, 10, 0, 0, 0, 0, 0, 0, 10, 0, 0, : 3, 10, 10, 10, 10, 10, 10, 10, 10, 10, 10, 10, 8, 10, 10, 10, 10, 10, 10, 10, 10, 10, 10, 10, 10, 10, 10, 10, 10, 10, 10, 10, 10, 10, 10, 10, 10, 10, 10, 10, 10, 10, 10, 10, 10, 10, 10, 10, 10, 10, 10, 10, 10, 10, 10, 10, 10, 10, 10, 10, 10, 10, 10, 10, 10, 10, 10, 10, 
144: 10, 0, 0, 10, 10, 0, 0, 10, 10, 10, 10, 10, 0, 10, 0, 10, 0, 10, 10, 10, 0, 10, 10, 10, 10, 0, 10, 0, 10, 10, 10, 0, 6, 10, 0, 10, 10, 10, 10, 0, 0, 0, 10, 10, 0, 0, 0, 10, 10, 10, 0, 0, 0, 10, 10, 10, 0, 0, 0, 10, 10, 0, 0, 10, 0, 10, 10, 10, 10, 0, 0, 0, 10, 0, 0, 4, 10, 0, 10, 0, 0, 0, 0, 0, 0, 10, 0, 0, 0, 0, 10, 10, 0, 1, 10, 10, 0, 0, 0, 0, 10, 0, 0, 0, 0, 0, 0, 0, 10, 10, 10, 10, 0, 10, 0, 10, 0, 0, 1, 10, : 10, 10, 10, 10, 10, 10, 10, 10, 10, 10, 10, 10, 10, 10, 10, 10, 10, 10, 10, 10, 10, 6, 10, 10, 10, 10, 10, 10, 10, 10, 10, 10, 10, 10, 10, 10, 10, 10, 10, 10, 10, 10, 10, 4, 10, 10, 10, 10, 10, 1, 10, 10, 10, 10, 10, 10, 10, 10, 10, 1, 10, 
38: 10, 0, 0, 0, 0, 10, 10, 10, 0, 0, 10, 0, 10, 10, 10, 0, 10, 10, 0, 0, 10, 0, 10, 0, 0, 0, 10, 10, 0, 0, 0, 10, 10, 0, 1, 10, 10, 10, 0, 0, 0, 0, 0, 10, 19, 10, 10, 10, 0, 0, 0, 10, 0, 0, 10, 0, 10, 0, 10, 0, 0, 10, 10, 0, 10, 10, 0, 10, 0, 10, 0, 10, 10, 10, 0, 0, 0, 10, 10, 0, 0, 0, 10, 10, 10, 0, 0, 10, 10, 0, 10, 10, 0, 10, 0, 0, 10, 10, 0, 10, 0, 0, 0, 10, 0, 10, 0, 10, 0, 0, 10, 0, 0, 0, 20, 10, 10, 0, 10, 0, : 10, 10, 10, 10, 10, 10, 10, 10, 10, 10, 10, 10, 10, 10, 10, 10, 1, 10, 10, 10, 10, 19, 10, 10, 10, 10, 10, 10, 10, 10, 10, 10, 10, 10, 10, 10, 10, 10, 10, 10, 10, 10, 10, 10, 10, 10, 10, 10, 10, 10, 10, 10, 10, 10, 10, 20, 10, 10, 10, 
128: 10, 0, 0, 0, 10, 0, 10, 10, 10, 10, 1, 10, 10, 10, 0, 10, 0, 10, 10, 10, 0, 10, 0, 10, 0, 10, 10, 10, 10, 0, 10, 0, 10, 0, 0, 10, 0, 10, 10, 10, 0, 10, 10, 10, 0, 10, 0, 10, 10, 10, 0, 0, 0, 10, 10, 10, 10, 0, 0, 10, 10, 0, 10, 10, 0, 0, 10, 0, 0, 10, 10, 10, 10, 10, 10, 10, 10, 10, 10, 0, 10, 10, 0, 10, 10, 0, 0, 0, 10, 10, 10, 10, 0, 0, 0, 0, 0, 10, 0, 0, 0, 10, 0, 0, 10, 10, 0, 10, 0, 0, 0, 10, 0, 10, 0, 0, 10, 0, 0, 0, : 10, 10, 10, 10, 10, 10, 1, 10, 10, 10, 10, 10, 10, 10, 10, 10, 10, 10, 10, 10, 10, 10, 10, 10, 10, 10, 10, 10, 10, 10, 10, 10, 10, 10, 10, 10, 10, 10, 10, 10, 10, 10, 10, 10, 10, 10, 10, 10, 10, 10, 10, 10, 10, 10, 10, 10, 10, 10, 10, 10, 10, 10, 10, 10, 10, 10, 10, 10, 
381: 10, 10, 10, 0, 10, 0, 0, 0, 10, 10, 10, 10, 10, 0, 10, 10, 0, 10, 0, 0, 0, 0, 0, 0, 10, 10, 0, 0, 0, 2, 10, 10, 0, 0, 10, 10, 10, 10, 10, 0, 10, 0, 0, 0, 10, 10, 10, 0, 0, 10, 10, 10, 2, 0, 1, 0, 10, 10, 10, 3, 0, 0, 10, 0, 5, 0, 0, 10, 0, 0, 0, 8, 10, 0, 10, 10, 10, 10, 0, 0, 0, 0, 10, 10, 10, 10, 10, 0, 0, 10, 10, 10, 0, 10, 0, 0, 0, 10, 10, 10, 0, 1, 0, 10, 0, 10, 0, 10, 10, 0, 10, 0, 10, 10, 10, 0, 10, 10, 0, 0, : 10, 10, 10, 10, 10, 10, 10, 10, 10, 10, 10, 10, 10, 10, 2, 10, 10, 10, 10, 10, 10, 10, 10, 10, 10, 10, 10, 10, 10, 2, 1, 10, 10, 10, 3, 10, 5, 10, 8, 10, 10, 10, 10, 10, 10, 10, 10, 10, 10, 10, 10, 10, 10, 10, 10, 10, 1, 10, 10, 10, 10, 10, 10, 10, 10, 10, 10, 
387: 0, 10, 0, 0, 0, 10, 10, 0, 0, 10, 0, 10, 0, 10, 0, 10, 10, 0, 10, 0, 10, 10, 0, 0, 0, 0, 10, 10, 10, 0, 10, 10, 10, 0, 10, 0, 10, 0, 10, 10, 0, 10, 0, 0, 0, 10, 0, 0, 10, 10, 10, 0, 2, 0, 0, 0, 0, 10, 0, 0, 1, 10, 0, 10, 0, 0, 10, 2, 0, 0, 10, 0, 10, 0, 10, 10, 10, 0, 10, 0, 0, 10, 0, 10, 11, 10, 10, 10, 10, 10, 0, 0, 0, 10, 0, 0, 0, 10, 0, 0, 10, 10, 0, 0, 0, 10, 0, 15, 0, 10, 10, 7, 10, 0, 0, 0, 10, 10, 0, 10, : 10, 10, 10, 10, 10, 10, 10, 10, 10, 10, 10, 10, 10, 10, 10, 10, 10, 10, 10, 10, 10, 10, 10, 10, 10, 10, 2, 10, 1, 10, 10, 10, 2, 10, 10, 10, 10, 10, 10, 10, 10, 11, 10, 10, 10, 10, 10, 10, 10, 10, 10, 10, 15, 10, 10, 7, 10, 10, 10, 10, 
13: 10, 10, 0, 10, 10, 0, 10, 0, 10, 0, 0, 10, 2, 0, 8, 10, 10, 0, 10, 10, 0, 10, 0, 0, 0, 10, 0, 0, 10, 10, 0, 10, 0, 7, 0, 10, 0, 20, 10, 10, 0, 10, 10, 10, 0, 6, 0, 10, 10, 10, 10, 10, 0, 0, 10, 0, 10, 0, 0, 0, 10, 0, 10, 0, 10, 10, 10, 10, 10, 0, 0, 10, 0, 0, 10, 0, 10, 0, 0, 10, 0, 10, 10, 10, 10, 0, 10, 0, 10, 0, 0, 0, 10, 10, 10, 0, 0, 10, 0, 10, 0, 0, 0, 0, 10, 0, 10, 10, 10, 10, 0, 0, 10, 10, 0, 10, 10, 10, 0, 10, : 10, 10, 10, 10, 10, 10, 10, 2, 8, 10, 10, 10, 10, 10, 10, 10, 10, 10, 7, 10, 20, 10, 10, 10, 10, 10, 6, 10, 10, 10, 10, 10, 10, 10, 10, 10, 10, 10, 10, 10, 10, 10, 10, 10, 10, 10, 10, 10, 10, 10, 10, 10, 10, 10, 10, 10, 10, 10, 10, 10, 10, 10, 10, 10, 10, 10, 10, 
418: 0, 10, 0, 0, 10, 10, 0, 10, 10, 10, 10, 0, 0, 0, 10, 10, 0, 0, 10, 0, 0, 0, 0, 0, 0, 0, 10, 0, 0, 10, 10, 0, 10, 10, 2, 0, 0, 10, 0, 10, 0, 0, 0, 10, 10, 0, 0, 10, 0, 10, 10, 0, 0, 10, 10, 10, 10, 0, 10, 0, 10, 0, 0, 10, 0, 10, 0, 10, 10, 10, 0, 0, 10, 0, 0, 0, 10, 10, 10, 10, 0, 10, 10, 10, 10, 10, 0, 0, 0, 10, 0, 10, 0, 0, 0, 10, 10, 10, 0, 10, 10, 0, 10, 10, 0, 0, 0, 10, 10, 10, 10, 0, 10, 10, 10, 0, 5, 0, 10, 10, : 10, 10, 10, 10, 10, 10, 10, 10, 10, 10, 10, 10, 10, 10, 10, 2, 10, 10, 10, 10, 10, 10, 10, 10, 10, 10, 10, 10, 10, 10, 10, 10, 10, 10, 10, 10, 10, 10, 10, 10, 10, 10, 10, 10, 10, 10, 10, 10, 10, 10, 10, 10, 10, 10, 10, 10, 10, 10, 10, 10, 5, 10, 10, 
548: 0, 10, 0, 0, 10, 10, 10, 10, 10, 0, 0, 10, 10, 0, 10, 0, 10, 10, 10, 0, 0, 10, 0, 10, 0, 0, 10, 10, 0, 0, 0, 10, 10, 0, 10, 0, 10, 10, 10, 10, 10, 10, 0, 10, 0, 10, 10, 10, 10, 10, 0, 0, 10, 10, 0, 10, 0, 0, 10, 0, 0, 0, 0, 0, 10, 10, 10, 10, 0, 0, 10, 10, 0, 10, 0, 10, 10, 0, 0, 10, 10, 0, 0, 0, 0, 0, 2, 10, 10, 0, 10, 0, 10, 0, 0, 10, 10, 10, 0, 0, 10, 0, 0, 10, 0, 10, 10, 0, 10, 0, 0, 0, 0, 0, 0, 10, 0, 6, 10, 10, : 10, 10, 10, 10, 10, 10, 10, 10, 10, 10, 10, 10, 10, 10, 10, 10, 10, 10, 10, 10, 10, 10, 10, 10, 10, 10, 10, 10, 10, 10, 10, 10, 10, 10, 10, 10, 10, 10, 10, 10, 10, 10, 10, 10, 10, 10, 2, 10, 10, 10, 10, 10, 10, 10, 10, 10, 10, 10, 10, 10, 6, 10, 10, 
18: 10, 10, 0, 0, 0, 0, 10, 0, 0, 10, 10, 0, 0, 11, 0, 10, 0, 0, 0, 10, 0, 0, 18, 10, 0, 10, 1, 0, 10, 10, 0, 10, 10, 0, 10, 10, 10, 0, 0, 10, 0, 10, 0, 0, 0, 0, 10, 0, 0, 0, 0, 0, 10, 0, 10, 0, 10, 0, 0, 10, 10, 0, 3, 0, 10, 10, 10, 0, 10, 10, 10, 10, 0, 0, 0, 0, 10, 0, 0, 10, 0, 10, 10, 0, 8, 0, 10, 0, 10, 10, 10, 0, 10, 0, 10, 0, 10, 10, 10, 10, 10, 0, 0, 10, 0, 0, 0, 0, 0, 0, 1, 0, 10, 10, 0, 10, 0, 10, 10, 0, : 10, 10, 10, 10, 10, 11, 10, 10, 18, 10, 10, 1, 10, 10, 10, 10, 10, 10, 10, 10, 10, 10, 10, 10, 10, 10, 10, 3, 10, 10, 10, 10, 10, 10, 10, 10, 10, 10, 10, 8, 10, 10, 10, 10, 10, 10, 10, 10, 10, 10, 10, 10, 1, 10, 10, 10, 10, 10, 
331: 0, 10, 6, 1, 10, 0, 0, 0, 10, 10, 10, 0, 10, 10, 0, 10, 0, 10, 0, 10, 10, 10, 0, 0, 10, 10, 0, 0, 0, 10, 10, 0, 0, 0, 0, 0, 10, 10, 10, 10, 0, 0, 0, 10, 10, 0, 10, 2, 0, 10, 0, 10, 0, 17, 10, 10, 10, 0, 0, 0, 0, 0, 10, 0, 0, 0, 0, 0, 10, 10, 10, 0, 10, 0, 0, 0, 10, 0, 10, 0, 10, 10, 10, 10, 10, 0, 10, 0, 0, 0, 10, 1, 10, 0, 10, 0, 10, 10, 0, 10, 0, 0, 10, 0, 10, 0, 0, 10, 0, 0, 10, 10, 0, 10, 10, 0, 0, 0, 10, 10, : 10, 6, 1, 10, 10, 10, 10, 10, 10, 10, 10, 10, 10, 10, 10, 10, 10, 10, 10, 10, 10, 10, 10, 10, 10, 2, 10, 10, 17, 10, 10, 10, 10, 10, 10, 10, 10, 10, 10, 10, 10, 10, 10, 10, 10, 10, 1, 10, 10, 10, 10, 10, 10, 10, 10, 10, 10, 10, 10, 10, 10, 
79: 0, 10, 10, 0, 0, 0, 10, 10, 10, 10, 10, 0, 10, 0, 10, 10, 0, 10, 10, 10, 0, 0, 10, 10, 0, 10, 10, 10, 10, 0, 0, 10, 10, 0, 10, 0, 10, 0, 10, 1, 10, 10, 10, 0, 0, 0, 0, 10, 0, 10, 10, 0, 10, 0, 10, 0, 10, 10, 10, 10, 0, 16, 0, 10, 10, 10, 0, 0, 10, 10, 0, 10, 10, 10, 0, 0, 10, 10, 0, 10, 0, 10, 10, 10, 10, 10, 10, 0, 0, 0, 0, 10, 10, 10, 0, 0, 0, 0, 10, 0, 0, 0, 0, 0, 10, 10, 0, 0, 10, 10, 0, 0, 0, 10, 0, 10, 0, 0, 0, 0, : 10, 10, 10, 10, 10, 10, 10, 10, 10, 10, 10, 10, 10, 10, 10, 10, 10, 10, 10, 10, 10, 10, 10, 10, 1, 10, 10, 10, 10, 10, 10, 10, 10, 10, 10, 10, 10, 16, 10, 10, 10, 10, 10, 10, 10, 10, 10, 10, 10, 10, 10, 10, 10, 10, 10, 10, 10, 10, 10, 10, 10, 10, 10, 10, 10, 
253: 10, 0, 10, 0, 10, 0, 0, 10, 0, 10, 0, 0, 0, 8, 0, 10, 10, 0, 10, 10, 10, 10, 15, 10, 10, 0, 0, 10, 0, 10, 0, 10, 10, 0, 10, 10, 10, 0, 0, 0, 10, 0, 0, 0, 10, 10, 10, 10, 0, 0, 0, 0, 10, 10, 0, 0, 0, 10, 0, 10, 10, 10, 0, 0, 10, 0, 10, 10, 10, 10, 0, 10, 10, 0, 10, 0, 14, 10, 0, 0, 0, 10, 10, 10, 2, 10, 10, 0, 0, 10, 10, 0, 10, 0, 0, 10, 10, 0, 10, 10, 10, 10, 10, 0, 10, 0, 10, 0, 10, 10, 7, 0, 10, 2, 10, 10, 0, 10, 0, 0, : 10, 10, 10, 10, 10, 8, 10, 10, 10, 10, 10, 10, 15, 10, 10, 10, 10, 10, 10, 10, 10, 10, 10, 10, 10, 10, 10, 10, 10, 10, 10, 10, 10, 10, 10, 10, 10, 10, 10, 10, 10, 14, 10, 10, 10, 10, 2, 10, 10, 10, 10, 10, 10, 10, 10, 10, 10, 10, 10, 10, 10, 10, 10, 7, 10, 2, 10, 10, 10, 
74: 10, 0, 10, 0, 0, 0, 0, 10, 0, 10, 0, 10, 0, 10, 0, 10, 10, 0, 10, 10, 10, 10, 10, 10, 10, 0, 0, 10, 0, 0, 10, 0, 0, 10, 0, 10, 10, 10, 0, 0, 0, 10, 10, 10, 0, 0, 10, 0, 10, 10, 10, 0, 0, 10, 10, 0, 0, 10, 0, 0, 0, 0, 0, 0, 10, 0, 10, 0, 0, 10, 0, 0, 0, 10, 10, 0, 0, 0, 10, 10, 0, 0, 10, 10, 0, 0, 10, 0, 10, 0, 0, 10, 0, 0, 10, 10, 10, 0, 0, 0, 0, 0, 0, 0, 10, 10, 10, 0, 10, 0, 0, 10, 10, 0, 0, 0, 10, 10, 0, 14, : 10, 10, 10, 10, 10, 10, 10, 10, 10, 10, 10, 10, 10, 10, 10, 10, 10, 10, 10, 10, 10, 10, 10, 10, 10, 10, 10, 10, 10, 10, 10, 10, 10, 10, 10, 10, 10, 10, 10, 10, 10, 10, 10, 10, 10, 10, 10, 10, 10, 10, 10, 10, 10, 10, 14, 
58: 10, 0, 10, 7, 0, 0, 10, 0, 0, 10, 0, 0, 0, 0, 10, 10, 0, 10, 10, 0, 9, 0, 10, 10, 0, 0, 0, 10, 0, 10, 0, 10, 10, 10, 0, 0, 10, 10, 10, 10, 10, 0, 10, 0, 10, 0, 10, 0, 0, 0, 0, 0, 10, 10, 10, 10, 10, 0, 10, 0, 20, 10, 10, 0, 0, 0, 0, 10, 0, 10, 10, 10, 0, 0, 10, 0, 0, 10, 0, 10, 10, 0, 0, 0, 10, 0, 0, 10, 10, 0, 0, 0, 0, 0, 0, 0, 0, 0, 0, 0, 10, 10, 10, 0, 0, 0, 10, 10, 10, 0, 0, 10, 0, 0, 10, 0, 10, 10, 0, 10, : 10, 10, 7, 10, 10, 10, 10, 10, 10, 9, 10, 10, 10, 10, 10, 10, 10, 10, 10, 10, 10, 10, 10, 10, 10, 10, 10, 10, 10, 10, 10, 20, 10, 10, 10, 10, 10, 10, 10, 10, 10, 10, 10, 10, 10, 10, 10, 10, 10, 10, 10, 10, 10, 10, 10, 10, 
432: 10, 10, 10, 0, 0, 10, 0, 0, 0, 10, 10, 10, 0, 0, 0, 0, 3, 10, 10, 10, 0, 10, 0, 0, 10, 0, 10, 0, 0, 10, 10, 0, 0, 0, 10, 10, 0, 0, 0, 0, 0, 10, 0, 10, 0, 0, 10, 10, 0, 10, 10, 0, 0, 0, 0, 0, 0, 0, 10, 0, 0, 0, 10, 10, 0, 10, 0, 0, 0, 0, 0, 0, 0, 0, 10, 10, 10, 10, 0, 10, 0, 0, 10, 10, 10, 10, 0, 10, 10, 10, 10, 0, 0, 10, 10, 0, 10, 0, 10, 0, 10, 10, 10, 10, 10, 10, 0, 0, 0, 10, 10, 0, 0, 0, 1, 0, 10, 10, 10, 0, : 10, 10, 10, 10, 10, 10, 10, 3, 10, 10, 10, 10, 10, 10, 10, 10, 10, 10, 10, 10, 10, 10, 10, 10, 10, 10, 10, 10, 10, 10, 10, 10, 10, 10, 10, 10, 10, 10, 10, 10, 10, 10, 10, 10, 10, 10, 10, 10, 10, 10, 10, 10, 10, 1, 10, 10, 10, 
313: 0, 10, 5, 10, 0, 0, 11, 10, 0, 10, 0, 0, 10, 10, 10, 10, 10, 0, 0, 10, 10, 10, 0, 10, 0, 0, 0, 10, 10, 10, 0, 0, 0, 10, 10, 10, 0, 10, 0, 1, 0, 0, 0, 10, 10, 0, 0, 0, 0, 0, 10, 0, 0, 0, 10, 0, 10, 10, 0, 10, 0, 13, 10, 10, 10, 10, 10, 10, 0, 0, 10, 0, 0, 0, 10, 10, 0, 10, 0, 0, 0, 0, 0, 10, 0, 10, 0, 0, 0, 10, 0, 0, 10, 0, 14, 14, 0, 0, 2, 0, 10, 10, 0, 10, 10, 0, 0, 10, 10, 2, 10, 0, 0, 0, 0, 10, 10, 0, 0, 10, : 10, 5, 10, 11, 10, 10, 10, 10, 10, 10, 10, 10, 10, 10, 10, 10, 10, 10, 10, 10, 10, 10, 1, 10, 10, 10, 10, 10, 10, 10, 13, 10, 10, 10, 10, 10, 10, 10, 10, 10, 10, 10, 10, 10, 10, 14, 14, 2, 10, 10, 10, 10, 10, 10, 2, 10, 10, 10, 10, 
391: 0, 0, 0, 10, 10, 10, 10, 10, 10, 0, 0, 13, 0, 10, 10, 10, 0, 0, 10, 0, 0, 0, 0, 0, 0, 10, 10, 0, 10, 10, 10, 0, 0, 0, 10, 10, 10, 0, 0, 10, 10, 0, 0, 10, 0, 10, 10, 0, 10, 10, 0, 0, 10, 0, 0, 10, 1, 0, 10, 0, 6, 10, 0, 0, 0, 0, 0, 10, 10, 10, 10, 0, 0, 10, 10, 0, 0, 10, 0, 10, 10, 1, 0, 0, 0, 10, 0, 10, 0, 10, 10, 0, 10, 0, 4, 0, 0, 10, 10, 10, 8, 10, 10, 10, 10, 0, 10, 0, 0, 0, 10, 10, 0, 10, 0, 10, 0, 10, 0, 10, : 10, 10, 10, 10, 10, 10, 13, 10, 10, 10, 10, 10, 10, 10, 10, 10, 10, 10, 10, 10, 10, 10, 10, 10, 10, 10, 10, 10, 1, 10, 6, 10, 10, 10, 10, 10, 10, 10, 10, 10, 10, 1, 10, 10, 10, 10, 10, 4, 10, 10, 10, 8, 10, 10, 10, 10, 10, 10, 10, 10, 10, 10, 10, 
460: 10, 10, 0, 0, 10, 0, 10, 10, 0, 0, 10, 0, 10, 10, 0, 0, 10, 0, 0, 2, 1, 10, 0, 0, 10, 0, 0, 10, 0, 0, 10, 10, 0, 10, 0, 0, 10, 10, 10, 10, 10, 0, 10, 10, 0, 0, 10, 0, 10, 0, 0, 10, 0, 0, 0, 10, 10, 7, 10, 10, 10, 10, 10, 10, 0, 10, 10, 0, 10, 10, 10, 0, 10, 10, 10, 10, 10, 0, 10, 10, 20, 0, 0, 10, 0, 0, 10, 0, 10, 10, 10, 0, 10, 10, 4, 0, 10, 10, 0, 10, 0, 0, 0, 10, 10, 10, 0, 0, 10, 10, 0, 10, 0, 1, 10, 0, 0, 0, 10, 10, : 10, 10, 10, 10, 10, 10, 10, 10, 10, 2, 1, 10, 10, 10, 10, 10, 10, 10, 10, 10, 10, 10, 10, 10, 10, 10, 10, 10, 10, 7, 10, 10, 10, 10, 10, 10, 10, 10, 10, 10, 10, 10, 10, 10, 10, 10, 10, 10, 20, 10, 10, 10, 10, 10, 10, 10, 4, 10, 10, 10, 10, 10, 10, 10, 10, 10, 1, 10, 10, 10, 
210: 0, 0, 0, 10, 0, 0, 10, 10, 0, 2, 0, 10, 0, 0, 10, 0, 10, 0, 10, 10, 10, 10, 10, 0, 10, 10, 1, 0, 0, 0, 0, 0, 10, 0, 10, 10, 0, 10, 10, 0, 10, 10, 10, 10, 0, 10, 0, 10, 3, 10, 10, 10, 1, 10, 0, 0, 0, 10, 0, 0, 10, 10, 0, 10, 10, 10, 10, 10, 0, 10, 10, 10, 10, 0, 0, 0, 0, 10, 10, 16, 2, 0, 10, 10, 0, 0, 0, 0, 10, 10, 0, 0, 0, 0, 0, 10, 0, 0, 10, 0, 0, 0, 10, 10, 0, 10, 10, 10, 10, 0, 0, 0, 10, 0, 0, 0, 10, 10, 10, 10, : 10, 10, 10, 2, 10, 10, 10, 10, 10, 10, 10, 10, 10, 10, 1, 10, 10, 10, 10, 10, 10, 10, 10, 10, 10, 10, 3, 10, 10, 10, 1, 10, 10, 10, 10, 10, 10, 10, 10, 10, 10, 10, 10, 10, 10, 10, 16, 2, 10, 10, 10, 10, 10, 10, 10, 10, 10, 10, 10, 10, 10, 10, 10, 10, 10, 
166: 10, 10, 10, 10, 0, 10, 10, 0, 10, 0, 10, 0, 10, 0, 10, 0, 0, 0, 10, 0, 0, 0, 10, 10, 10, 10, 0, 10, 10, 0, 10, 0, 10, 10, 10, 10, 0, 10, 10, 0, 0, 0, 10, 0, 0, 0, 10, 0, 0, 10, 10, 0, 10, 10, 10, 10, 0, 7, 10, 10, 10, 10, 10, 0, 10, 0, 10, 0, 0, 0, 10, 10, 0, 0, 10, 10, 0, 10, 10, 10, 10, 10, 0, 0, 10, 10, 10, 10, 0, 10, 0, 10, 0, 10, 10, 0, 0, 10, 0, 10, 0, 5, 10, 10, 10, 0, 0, 0, 0, 0, 0, 10, 0, 10, 10, 0, 10, 0, 0, 10, : 10, 10, 10, 10, 10, 10, 10, 10, 10, 10, 10, 10, 10, 10, 10, 10, 10, 10, 10, 10, 10, 10, 10, 10, 10, 10, 10, 10, 10, 10, 10, 10, 7, 10, 10, 10, 10, 10, 10, 10, 10, 10, 10, 10, 10, 10, 10, 10, 10, 10, 10, 10, 10, 10, 10, 10, 10, 10, 10, 5, 10, 10, 10, 10, 10, 10, 10, 10, 
592: 6, 0, 10, 0, 15, 10, 10, 1, 0, 0, 10, 10, 0, 0, 6, 10, 0, 0, 0, 0, 0, 0, 0, 0, 10, 0, 10, 10, 0, 10, 10, 10, 0, 10, 0, 10, 10, 0, 10, 2, 0, 10, 10, 0, 0, 0, 0, 10, 10, 0, 0, 0, 0, 0, 10, 10, 0, 10, 10, 0, 0, 10, 10, 0, 0, 0, 10, 10, 10, 0, 10, 0, 10, 10, 10, 0, 10, 0, 10, 0, 0, 0, 0, 10, 0, 10, 0, 10, 10, 0, 9, 10, 10, 0, 0, 10, 0, 0, 10, 0, 10, 10, 0, 10, 0, 0, 10, 0, 0, 0, 10, 10, 10, 10, 0, 0, 0, 10, 0, 10, : 6, 10, 15, 10, 10, 1, 10, 10, 6, 10, 10, 10, 10, 10, 10, 10, 10, 10, 10, 10, 2, 10, 10, 10, 10, 10, 10, 10, 10, 10, 10, 10, 10, 10, 10, 10, 10, 10, 10, 10, 10, 10, 10, 10, 9, 10, 10, 10, 10, 10, 10, 10, 10, 10, 10, 10, 10, 10, 10, 
45: 10, 10, 0, 0, 0, 10, 0, 10, 0, 10, 10, 0, 10, 0, 10, 0, 0, 0, 10, 0, 10, 0, 10, 0, 10, 0, 10, 10, 0, 0, 10, 10, 10, 10, 16, 0, 10, 10, 0, 10, 3, 10, 10, 0, 10, 10, 10, 0, 10, 0, 0, 10, 10, 0, 10, 10, 0, 0, 10, 10, 0, 10, 10, 10, 0, 0, 10, 0, 10, 0, 10, 0, 0, 10, 0, 10, 10, 0, 0, 10, 0, 0, 10, 10, 10, 10, 0, 10, 10, 10, 0, 0, 0, 10, 10, 0, 0, 0, 10, 10, 10, 10, 10, 10, 15, 10, 0, 0, 0, 10, 0, 0, 0, 0, 10, 0, 10, 10, 10, 10, : 10, 10, 10, 10, 10, 10, 10, 10, 10, 10, 10, 10, 10, 10, 10, 10, 10, 10, 16, 10, 10, 10, 3, 10, 10, 10, 10, 10, 10, 10, 10, 10, 10, 10, 10, 10, 10, 10, 10, 10, 10, 10, 10, 10, 10, 10, 10, 10, 10, 10, 10, 10, 10, 10, 10, 10, 10, 10, 10, 10, 15, 10, 10, 10, 10, 10, 10, 10, 
142: 10, 10, 10, 0, 0, 10, 0, 0, 10, 10, 10, 0, 0, 10, 10, 0, 10, 1, 2, 0, 0, 10, 0, 10, 10, 0, 10, 10, 0, 0, 10, 10, 0, 0, 0, 10, 0, 0, 10, 0, 10, 0, 10, 0, 0, 0, 10, 10, 0, 10, 10, 0, 0, 0, 0, 0, 1, 0, 0, 0, 0, 0, 0, 10, 0, 10, 10, 0, 10, 10, 10, 0, 10, 0, 0, 0, 0, 0, 10, 0, 0, 6, 0, 0, 10, 1, 10, 10, 0, 0, 10, 0, 0, 0, 0, 10, 10, 0, 10, 10, 10, 10, 0, 0, 10, 10, 10, 10, 10, 10, 0, 10, 10, 10, 0, 10, 10, 0, 0, 0, : 10, 10, 10, 10, 10, 10, 10, 10, 10, 10, 1, 2, 10, 10, 10, 10, 10, 10, 10, 10, 10, 10, 10, 10, 10, 10, 10, 1, 10, 10, 10, 10, 10, 10, 10, 10, 6, 10, 1, 10, 10, 10, 10, 10, 10, 10, 10, 10, 10, 10, 10, 10, 10, 10, 10, 10, 10, 10, 10, 
139: 0, 10, 10, 10, 0, 0, 10, 0, 16, 0, 0, 0, 0, 0, 0, 10, 0, 10, 0, 0, 0, 0, 10, 10, 10, 0, 10, 10, 10, 10, 10, 10, 0, 10, 0, 0, 10, 0, 10, 0, 0, 0, 1, 10, 10, 0, 0, 10, 0, 10, 0, 10, 10, 10, 0, 0, 10, 10, 2, 0, 10, 0, 0, 10, 0, 10, 0, 10, 10, 0, 10, 0, 10, 10, 3, 0, 0, 0, 10, 10, 0, 0, 0, 10, 10, 0, 10, 0, 10, 10, 0, 10, 0, 10, 10, 0, 0, 10, 10, 10, 0, 0, 0, 0, 10, 0, 0, 0, 0, 0, 10, 0, 10, 0, 10, 0, 10, 13, 0, 10, : 10, 10, 10, 10, 16, 10, 10, 10, 10, 10, 10, 10, 10, 10, 10, 10, 10, 10, 10, 1, 10, 10, 10, 10, 10, 10, 10, 10, 10, 2, 10, 10, 10, 10, 10, 10, 10, 10, 3, 10, 10, 10, 10, 10, 10, 10, 10, 10, 10, 10, 10, 10, 10, 10, 10, 10, 10, 13, 10, 
212: 0, 0, 0, 0, 10, 10, 0, 10, 10, 0, 0, 0, 10, 10, 0, 0, 10, 0, 10, 10, 0, 10, 0, 10, 0, 10, 0, 0, 0, 10, 10, 10, 0, 7, 10, 2, 10, 0, 0, 10, 0, 10, 0, 10, 10, 0, 10, 0, 10, 0, 0, 10, 10, 10, 0, 0, 0, 10, 0, 10, 0, 10, 0, 0, 0, 10, 0, 0, 0, 10, 0, 0, 10, 10, 10, 10, 10, 3, 0, 0, 0, 0, 0, 10, 10, 10, 0, 0, 0, 0, 0, 10, 10, 10, 10, 11, 0, 10, 0, 10, 10, 10, 10, 0, 0, 10, 0, 0, 10, 10, 10, 0, 10, 10, 10, 10, 0, 10, 10, 0, : 10, 10, 10, 10, 10, 10, 10, 10, 10, 10, 10, 10, 10, 10, 10, 7, 10, 2, 10, 10, 10, 10, 10, 10, 10, 10, 10, 10, 10, 10, 10, 10, 10, 10, 10, 10, 10, 10, 3, 10, 10, 10, 10, 10, 10, 10, 11, 10, 10, 10, 10, 10, 10, 10, 10, 10, 10, 10, 10, 10, 10, 10, 
452: 10, 0, 0, 0, 0, 10, 10, 4, 10, 0, 0, 0, 10, 0, 0, 0, 1, 10, 0, 10, 10, 0, 10, 0, 10, 0, 10, 0, 0, 0, 10, 10, 0, 0, 10, 10, 10, 10, 10, 10, 10, 10, 0, 10, 10, 0, 0, 0, 10, 10, 10, 0, 10, 0, 0, 10, 0, 0, 10, 10, 0, 0, 10, 0, 10, 1, 0, 0, 10, 0, 10, 10, 0, 10, 10, 10, 0, 10, 10, 0, 10, 10, 10, 10, 0, 10, 3, 10, 10, 10, 10, 0, 0, 0, 0, 10, 10, 0, 10, 0, 10, 10, 10, 10, 10, 0, 0, 10, 0, 1, 0, 10, 0, 10, 10, 0, 10, 10, 0, 10, : 10, 10, 10, 4, 10, 10, 1, 10, 10, 10, 10, 10, 10, 10, 10, 10, 10, 10, 10, 10, 10, 10, 10, 10, 10, 10, 10, 10, 10, 10, 10, 10, 10, 10, 1, 10, 10, 10, 10, 10, 10, 10, 10, 10, 10, 10, 10, 10, 3, 10, 10, 10, 10, 10, 10, 10, 10, 10, 10, 10, 10, 10, 1, 10, 10, 10, 10, 10, 10, 
334: 0, 0, 10, 10, 0, 0, 0, 0, 10, 0, 10, 10, 0, 10, 10, 0, 0, 10, 0, 0, 10, 0, 0, 10, 2, 0, 10, 10, 10, 0, 10, 4, 10, 10, 9, 0, 10, 10, 10, 0, 10, 0, 0, 0, 10, 10, 0, 0, 10, 0, 0, 10, 0, 0, 0, 10, 0, 0, 0, 0, 17, 10, 0, 0, 10, 0, 0, 10, 10, 10, 0, 0, 0, 10, 0, 0, 0, 10, 10, 0, 0, 17, 0, 0, 10, 0, 10, 0, 10, 10, 0, 10, 10, 0, 10, 10, 0, 0, 20, 0, 10, 10, 10, 10, 0, 20, 1, 10, 10, 10, 10, 0, 0, 10, 0, 0, 0, 15, 0, 0, : 10, 10, 10, 10, 10, 10, 10, 10, 10, 10, 2, 10, 10, 10, 10, 4, 10, 10, 9, 10, 10, 10, 10, 10, 10, 10, 10, 10, 17, 10, 10, 10, 10, 10, 10, 10, 10, 17, 10, 10, 10, 10, 10, 10, 10, 10, 20, 10, 10, 10, 10, 20, 1, 10, 10, 10, 10, 10, 15, 
563: 0, 0, 0, 10, 10, 10, 10, 10, 10, 0, 10, 10, 10, 0, 0, 0, 0, 1, 0, 10, 0, 10, 0, 10, 10, 0, 10, 0, 0, 1, 0, 0, 0, 0, 10, 10, 0, 0, 10, 0, 10, 10, 10, 0, 10, 10, 10, 10, 0, 3, 0, 10, 10, 0, 10, 10, 10, 11, 0, 10, 0, 10, 10, 10, 0, 10, 10, 0, 10, 10, 10, 10, 0, 10, 0, 14, 7, 0, 0, 0, 0, 0, 0, 0, 0, 7, 10, 10, 10, 0, 0, 0, 10, 0, 0, 10, 0, 0, 10, 10, 10, 0, 10, 0, 0, 10, 10, 10, 10, 10, 10, 0, 10, 10, 10, 0, 0, 0, 0, 1, : 10, 10, 10, 10, 10, 10, 10, 10, 10, 1, 10, 10, 10, 10, 10, 1, 10, 10, 10, 10, 10, 10, 10, 10, 10, 10, 3, 10, 10, 10, 10, 10, 11, 10, 10, 10, 10, 10, 10, 10, 10, 10, 10, 10, 14, 7, 7, 10, 10, 10, 10, 10, 10, 10, 10, 10, 10, 10, 10, 10, 10, 10, 10, 10, 10, 1, 
43: 10, 0, 10, 10, 10, 0, 0, 0, 0, 0, 10, 0, 10, 10, 10, 10, 10, 10, 0, 10, 10, 0, 0, 10, 10, 0, 10, 10, 10, 10, 0, 10, 10, 10, 0, 10, 10, 10, 10, 0, 10, 0, 0, 0, 10, 10, 10, 0, 10, 0, 10, 10, 0, 0, 10, 0, 10, 10, 10, 0, 10, 10, 0, 10, 10, 0, 0, 10, 0, 10, 4, 0, 0, 10, 10, 0, 10, 0, 0, 0, 10, 10, 10, 0, 0, 10, 10, 10, 10, 0, 10, 10, 10, 0, 0, 0, 10, 10, 10, 0, 10, 10, 10, 0, 10, 0, 10, 10, 0, 0, 0, 10, 0, 10, 0, 10, 0, 10, 0, 0, : 10, 10, 10, 10, 10, 10, 10, 10, 10, 10, 10, 10, 10, 10, 10, 10, 10, 10, 10, 10, 10, 10, 10, 10, 10, 10, 10, 10, 10, 10, 10, 10, 10, 10, 10, 10, 10, 10, 10, 10, 10, 10, 10, 4, 10, 10, 10, 10, 10, 10, 10, 10, 10, 10, 10, 10, 10, 10, 10, 10, 10, 10, 10, 10, 10, 10, 10, 10, 10, 10, 
117: 0, 0, 10, 10, 0, 10, 10, 0, 10, 10, 10, 10, 10, 10, 10, 0, 0, 10, 0, 10, 10, 0, 10, 10, 10, 10, 10, 10, 0, 0, 10, 10, 0, 0, 3, 10, 10, 0, 10, 7, 0, 0, 10, 10, 0, 10, 0, 10, 0, 0, 0, 10, 0, 10, 0, 0, 0, 0, 0, 10, 0, 10, 10, 0, 10, 0, 0, 0, 0, 10, 0, 3, 0, 10, 10, 10, 10, 10, 1, 0, 0, 10, 10, 0, 0, 0, 0, 0, 10, 0, 0, 10, 0, 10, 10, 0, 0, 10, 10, 0, 0, 0, 10, 10, 0, 10, 10, 10, 7, 10, 10, 10, 10, 10, 10, 0, 0, 0, 0, 10, : 10, 10, 10, 10, 10, 10, 10, 10, 10, 10, 10, 10, 10, 10, 10, 10, 10, 10, 10, 10, 10, 10, 3, 10, 10, 10, 7, 10, 10, 10, 10, 10, 10, 10, 10, 10, 10, 10, 3, 10, 10, 10, 10, 10, 1, 10, 10, 10, 10, 10, 10, 10, 10, 10, 10, 10, 10, 10, 7, 10, 10, 10, 10, 10, 10, 10, 
102: 0, 0, 10, 1, 10, 0, 10, 10, 0, 10, 10, 0, 0, 10, 0, 10, 10, 2, 10, 0, 4, 0, 10, 0, 10, 10, 10, 0, 0, 0, 0, 0, 10, 0, 0, 10, 10, 10, 0, 10, 10, 0, 0, 0, 7, 10, 10, 0, 10, 10, 10, 10, 10, 10, 10, 0, 10, 0, 0, 10, 0, 10, 10, 10, 10, 10, 0, 10, 10, 10, 10, 0, 10, 10, 10, 10, 0, 1, 13, 0, 10, 10, 10, 10, 10, 0, 10, 0, 10, 0, 0, 9, 0, 10, 0, 10, 10, 0, 10, 0, 0, 10, 10, 10, 0, 10, 10, 10, 2, 0, 17, 2, 10, 0, 18, 0, 0, 10, 10, 10, : 10, 1, 10, 10, 10, 10, 10, 10, 10, 10, 2, 10, 4, 10, 10, 10, 10, 10, 10, 10, 10, 10, 10, 7, 10, 10, 10, 10, 10, 10, 10, 10, 10, 10, 10, 10, 10, 10, 10, 10, 10, 10, 10, 10, 10, 10, 10, 10, 1, 13, 10, 10, 10, 10, 10, 10, 10, 9, 10, 10, 10, 10, 10, 10, 10, 10, 10, 10, 2, 17, 2, 10, 18, 10, 10, 10, 
364: 10, 10, 0, 10, 0, 10, 0, 10, 10, 10, 10, 10, 0, 10, 0, 10, 10, 0, 10, 13, 10, 10, 10, 0, 0, 0, 0, 0, 0, 0, 0, 0, 0, 0, 0, 0, 0, 10, 10, 10, 0, 10, 10, 0, 10, 10, 0, 10, 0, 0, 10, 0, 0, 0, 0, 10, 0, 0, 0, 10, 10, 10, 10, 10, 0, 0, 10, 10, 10, 10, 10, 10, 10, 10, 10, 10, 0, 0, 10, 0, 0, 0, 10, 0, 0, 10, 10, 10, 0, 0, 0, 0, 10, 10, 10, 0, 10, 0, 10, 0, 0, 10, 10, 0, 10, 0, 7, 0, 10, 1, 0, 0, 10, 0, 0, 0, 0, 1, 0, 0, : 10, 10, 10, 10, 10, 10, 10, 10, 10, 10, 10, 10, 10, 13, 10, 10, 10, 10, 10, 10, 10, 10, 10, 10, 10, 10, 10, 10, 10, 10, 10, 10, 10, 10, 10, 10, 10, 10, 10, 10, 10, 10, 10, 10, 10, 10, 10, 10, 10, 10, 10, 10, 10, 10, 10, 7, 10, 1, 10, 1, 
146: 0, 10, 10, 10, 10, 0, 10, 0, 10, 10, 0, 0, 10, 5, 10, 10, 10, 10, 10, 0, 10, 0, 10, 10, 0, 10, 0, 10, 0, 15, 10, 0, 0, 0, 10, 0, 0, 0, 0, 0, 0, 10, 2, 10, 10, 10, 10, 10, 10, 10, 10, 10, 0, 0, 10, 0, 0, 12, 0, 0, 10, 10, 0, 0, 10, 10, 0, 10, 0, 0, 0, 10, 0, 0, 10, 10, 0, 0, 10, 0, 10, 10, 0, 0, 10, 0, 0, 10, 0, 0, 0, 10, 10, 0, 10, 10, 0, 10, 10, 0, 0, 0, 2, 0, 0, 10, 0, 0, 7, 10, 0, 0, 0, 10, 5, 10, 0, 10, 0, 0, : 10, 10, 10, 10, 10, 10, 10, 10, 5, 10, 10, 10, 10, 10, 10, 10, 10, 10, 10, 15, 10, 10, 10, 2, 10, 10, 10, 10, 10, 10, 10, 10, 10, 10, 12, 10, 10, 10, 10, 10, 10, 10, 10, 10, 10, 10, 10, 10, 10, 10, 10, 10, 10, 10, 2, 10, 7, 10, 10, 5, 10, 10, 
397: 10, 0, 0, 10, 10, 0, 10, 10, 0, 10, 10, 0, 10, 0, 0, 10, 0, 10, 10, 10, 10, 0, 10, 10, 0, 10, 0, 10, 10, 10, 0, 0, 0, 0, 10, 10, 10, 10, 0, 0, 0, 10, 2, 10, 0, 0, 0, 10, 10, 0, 0, 10, 0, 10, 0, 0, 10, 10, 10, 10, 0, 10, 0, 0, 10, 10, 0, 10, 0, 0, 0, 10, 3, 10, 0, 0, 10, 0, 0, 0, 0, 10, 10, 0, 10, 0, 0, 10, 0, 0, 10, 2, 0, 10, 10, 0, 0, 0, 10, 10, 0, 10, 10, 0, 0, 0, 10, 10, 10, 10, 0, 0, 0, 10, 0, 0, 0, 0, 10, 10, : 10, 10, 10, 10, 10, 10, 10, 10, 10, 10, 10, 10, 10, 10, 10, 10, 10, 10, 10, 10, 10, 10, 10, 10, 2, 10, 10, 10, 10, 10, 10, 10, 10, 10, 10, 10, 10, 10, 10, 3, 10, 10, 10, 10, 10, 10, 10, 2, 10, 10, 10, 10, 10, 10, 10, 10, 10, 10, 10, 10, 10, 
538: 10, 0, 0, 10, 0, 0, 0, 10, 10, 10, 10, 10, 0, 0, 10, 0, 0, 10, 0, 3, 0, 5, 0, 0, 0, 10, 10, 0, 0, 0, 0, 0, 10, 10, 0, 10, 10, 0, 0, 0, 0, 10, 0, 10, 10, 0, 0, 10, 10, 13, 10, 0, 10, 17, 0, 0, 0, 10, 3, 10, 10, 0, 10, 10, 0, 10, 10, 0, 10, 0, 10, 10, 10, 10, 0, 5, 0, 10, 10, 0, 10, 0, 0, 0, 0, 10, 10, 10, 0, 10, 10, 0, 10, 10, 10, 0, 10, 10, 10, 10, 0, 10, 10, 10, 10, 10, 10, 0, 10, 0, 0, 10, 10, 10, 10, 10, 10, 0, 10, 1, : 10, 10, 10, 10, 10, 10, 10, 10, 10, 3, 5, 10, 10, 10, 10, 10, 10, 10, 10, 10, 10, 10, 13, 10, 10, 17, 10, 3, 10, 10, 10, 10, 10, 10, 10, 10, 10, 10, 10, 5, 10, 10, 10, 10, 10, 10, 10, 10, 10, 10, 10, 10, 10, 10, 10, 10, 10, 10, 10, 10, 10, 10, 10, 10, 10, 10, 10, 10, 10, 1, 
572: 0, 10, 10, 0, 10, 10, 0, 10, 0, 0, 0, 0, 10, 0, 10, 10, 10, 10, 10, 0, 0, 0, 10, 10, 0, 0, 0, 0, 10, 0, 10, 0, 10, 10, 0, 10, 10, 0, 0, 10, 10, 10, 0, 10, 0, 0, 10, 10, 0, 10, 10, 10, 0, 10, 10, 0, 10, 0, 10, 10, 10, 0, 0, 0, 10, 10, 10, 0, 10, 10, 0, 10, 0, 0, 10, 0, 0, 10, 0, 0, 10, 0, 10, 0, 10, 10, 0, 10, 0, 10, 0, 10, 0, 0, 10, 0, 9, 0, 0, 0, 0, 0, 0, 0, 0, 0, 10, 10, 10, 0, 0, 10, 10, 0, 0, 10, 10, 0, 10, 10, : 10, 10, 10, 10, 10, 10, 10, 10, 10, 10, 10, 10, 10, 10, 10, 10, 10, 10, 10, 10, 10, 10, 10, 10, 10, 10, 10, 10, 10, 10, 10, 10, 10, 10, 10, 10, 10, 10, 10, 10, 10, 10, 10, 10, 10, 10, 10, 10, 10, 10, 9, 10, 10, 10, 10, 10, 10, 10, 10, 10, 
252: 0, 0, 0, 10, 0, 10, 0, 10, 10, 0, 10, 0, 10, 10, 10, 10, 10, 0, 0, 0, 0, 10, 0, 0, 0, 0, 0, 0, 10, 0, 10, 0, 0, 0, 0, 10, 0, 10, 10, 10, 10, 10, 10, 10, 0, 0, 0, 10, 10, 0, 10, 0, 0, 10, 0, 0, 0, 10, 10, 10, 0, 10, 10, 4, 10, 10, 1, 10, 0, 0, 0, 0, 0, 0, 0, 10, 10, 10, 10, 10, 10, 0, 10, 10, 10, 0, 10, 10, 10, 10, 10, 10, 4, 10, 0, 10, 10, 0, 0, 10, 0, 0, 0, 10, 10, 10, 0, 10, 0, 9, 10, 0, 10, 0, 10, 10, 0, 10, 10, 10, : 10, 10, 10, 10, 10, 10, 10, 10, 10, 10, 10, 10, 10, 10, 10, 10, 10, 10, 10, 10, 10, 10, 10, 10, 10, 10, 10, 10, 10, 10, 4, 10, 10, 1, 10, 10, 10, 10, 10, 10, 10, 10, 10, 10, 10, 10, 10, 10, 10, 10, 4, 10, 10, 10, 10, 10, 10, 10, 10, 9, 10, 10, 10, 10, 10, 10, 10, 
46: 10, 10, 0, 0, 0, 0, 0, 10, 10, 0, 0, 10, 0, 10, 0, 0, 10, 0, 0, 0, 3, 10, 10, 10, 0, 10, 10, 10, 10, 0, 0, 0, 10, 0, 10, 0, 0, 10, 10, 10, 15, 0, 0, 0, 10, 0, 10, 10, 0, 10, 10, 10, 10, 0, 10, 10, 10, 0, 0, 0, 10, 10, 10, 10, 0, 10, 0, 0, 10, 0, 10, 10, 10, 0, 0, 10, 10, 10, 10, 10, 10, 0, 0, 0, 10, 10, 0, 10, 10, 10, 0, 10, 0, 10, 10, 10, 10, 10, 0, 0, 0, 10, 10, 0, 0, 0, 10, 10, 0, 10, 10, 0, 0, 10, 10, 0, 0, 10, 10, 0, : 10, 10, 10, 10, 10, 10, 10, 3, 10, 10, 10, 10, 10, 10, 10, 10, 10, 10, 10, 10, 15, 10, 10, 10, 10, 10, 10, 10, 10, 10, 10, 10, 10, 10, 10, 10, 10, 10, 10, 10, 10, 10, 10, 10, 10, 10, 10, 10, 10, 10, 10, 10, 10, 10, 10, 10, 10, 10, 10, 10, 10, 10, 10, 10, 10, 10, 10, 
470: 0, 18, 0, 10, 0, 0, 10, 10, 10, 0, 0, 10, 10, 0, 10, 0, 1, 10, 0, 10, 0, 10, 0, 0, 0, 10, 0, 0, 0, 10, 0, 0, 10, 10, 0, 0, 10, 10, 0, 10, 10, 10, 0, 10, 10, 0, 0, 10, 10, 10, 10, 0, 0, 0, 10, 0, 0, 10, 0, 10, 10, 10, 0, 10, 10, 0, 10, 0, 0, 10, 0, 10, 0, 0, 20, 0, 10, 10, 10, 0, 18, 10, 0, 10, 0, 0, 0, 0, 10, 0, 10, 0, 10, 10, 0, 10, 10, 0, 10, 0, 0, 0, 0, 0, 10, 0, 10, 10, 0, 10, 10, 0, 10, 10, 10, 0, 10, 10, 10, 0, : 18, 10, 10, 10, 10, 10, 10, 10, 1, 10, 10, 10, 10, 10, 10, 10, 10, 10, 10, 10, 10, 10, 10, 10, 10, 10, 10, 10, 10, 10, 10, 10, 10, 10, 10, 10, 10, 20, 10, 10, 10, 18, 10, 10, 10, 10, 10, 10, 10, 10, 10, 10, 10, 10, 10, 10, 10, 10, 10, 10, 10, 10, 
114: 10, 0, 0, 10, 0, 10, 0, 0, 0, 10, 10, 10, 10, 10, 10, 0, 0, 10, 0, 0, 0, 0, 10, 0, 10, 0, 0, 0, 0, 10, 0, 0, 10, 10, 10, 0, 0, 0, 10, 10, 0, 10, 1, 10, 0, 0, 10, 0, 10, 10, 0, 10, 0, 0, 10, 10, 10, 0, 10, 10, 0, 10, 0, 10, 0, 0, 0, 0, 0, 0, 0, 10, 0, 0, 10, 0, 0, 10, 10, 10, 10, 10, 10, 0, 0, 10, 0, 0, 0, 0, 0, 0, 0, 0, 10, 0, 10, 10, 0, 0, 10, 10, 0, 0, 10, 0, 10, 10, 0, 10, 0, 0, 0, 10, 10, 10, 10, 10, 10, 0, : 10, 10, 10, 10, 10, 10, 10, 10, 10, 10, 10, 10, 10, 10, 10, 10, 10, 10, 10, 1, 10, 10, 10, 10, 10, 10, 10, 10, 10, 10, 10, 10, 10, 10, 10, 10, 10, 10, 10, 10, 10, 10, 10, 10, 10, 10, 10, 10, 10, 10, 10, 10, 10, 10, 10, 10, 
500: 10, 0, 0, 8, 0, 0, 0, 0, 0, 10, 0, 0, 0, 10, 10, 10, 0, 0, 10, 10, 0, 0, 10, 0, 10, 0, 0, 0, 0, 0, 10, 0, 10, 10, 0, 0, 0, 10, 0, 10, 10, 10, 10, 0, 10, 10, 0, 0, 10, 10, 0, 0, 0, 10, 10, 10, 0, 0, 0, 0, 10, 0, 10, 10, 10, 0, 2, 0, 10, 0, 10, 10, 2, 0, 10, 10, 0, 0, 10, 10, 0, 10, 10, 0, 10, 10, 10, 0, 10, 10, 10, 10, 0, 10, 10, 0, 10, 0, 10, 0, 0, 10, 10, 10, 0, 10, 10, 10, 10, 10, 0, 0, 0, 10, 0, 10, 10, 0, 0, 0, : 10, 8, 10, 10, 10, 10, 10, 10, 10, 10, 10, 10, 10, 10, 10, 10, 10, 10, 10, 10, 10, 10, 10, 10, 10, 10, 10, 10, 10, 2, 10, 10, 10, 2, 10, 10, 10, 10, 10, 10, 10, 10, 10, 10, 10, 10, 10, 10, 10, 10, 10, 10, 10, 10, 10, 10, 10, 10, 10, 10, 10, 10, 
256: 0, 9, 0, 0, 1, 0, 0, 0, 10, 10, 0, 0, 10, 1, 10, 0, 0, 0, 10, 0, 10, 0, 10, 0, 0, 0, 10, 10, 0, 10, 0, 10, 0, 10, 0, 0, 10, 10, 5, 7, 10, 10, 0, 10, 10, 10, 10, 10, 0, 10, 0, 0, 10, 0, 0, 10, 0, 10, 0, 10, 0, 10, 10, 10, 10, 10, 10, 10, 2, 0, 10, 0, 10, 10, 0, 0, 0, 10, 0, 0, 10, 10, 0, 10, 0, 0, 10, 10, 0, 0, 0, 10, 10, 10, 0, 10, 10, 10, 4, 10, 0, 10, 0, 10, 10, 10, 0, 1, 10, 0, 10, 0, 0, 10, 0, 3, 10, 10, 10, 0, : 9, 1, 10, 10, 10, 1, 10, 10, 10, 10, 10, 10, 10, 10, 10, 10, 10, 5, 7, 10, 10, 10, 10, 10, 10, 10, 10, 10, 10, 10, 10, 10, 10, 10, 10, 10, 10, 10, 2, 10, 10, 10, 10, 10, 10, 10, 10, 10, 10, 10, 10, 10, 10, 10, 4, 10, 10, 10, 10, 10, 1, 10, 10, 10, 3, 10, 10, 10, 
424: 0, 10, 0, 10, 0, 0, 0, 0, 5, 10, 0, 0, 0, 10, 0, 10, 0, 10, 2, 14, 10, 10, 0, 0, 0, 10, 0, 0, 0, 10, 0, 10, 10, 0, 0, 0, 0, 0, 0, 0, 0, 0, 10, 10, 0, 4, 0, 10, 0, 10, 10, 0, 0, 0, 0, 2, 0, 10, 10, 0, 0, 0, 0, 0, 0, 0, 16, 0, 0, 0, 10, 0, 0, 0, 0, 10, 10, 0, 0, 10, 10, 0, 10, 0, 0, 0, 10, 0, 0, 0, 10, 10, 10, 0, 2, 10, 0, 12, 0, 0, 0, 0, 10, 10, 10, 3, 10, 10, 0, 0, 8, 0, 10, 10, 10, 0, 0, 0, 0, 10, : 10, 10, 5, 10, 10, 10, 10, 2, 14, 10, 10, 10, 10, 10, 10, 10, 10, 4, 10, 10, 10, 2, 10, 10, 16, 10, 10, 10, 10, 10, 10, 10, 10, 10, 10, 2, 10, 12, 10, 10, 10, 3, 10, 10, 8, 10, 10, 10, 10, 
33: 10, 10, 10, 10, 10, 0, 10, 10, 0, 0, 0, 0, 0, 0, 10, 0, 11, 0, 10, 0, 10, 10, 0, 0, 10, 10, 0, 10, 10, 0, 10, 10, 0, 0, 0, 10, 0, 10, 0, 10, 0, 0, 10, 10, 10, 0, 10, 10, 0, 10, 0, 10, 10, 0, 10, 10, 0, 19, 0, 10, 10, 10, 0, 10, 0, 10, 10, 0, 10, 0, 10, 10, 10, 10, 0, 0, 10, 0, 0, 10, 0, 0, 0, 10, 0, 0, 0, 0, 10, 0, 10, 10, 0, 9, 0, 10, 10, 0, 0, 10, 10, 2, 0, 0, 0, 10, 0, 0, 0, 10, 0, 0, 10, 0, 10, 0, 10, 0, 10, 0, : 10, 10, 10, 10, 10, 10, 10, 10, 11, 10, 10, 10, 10, 10, 10, 10, 10, 10, 10, 10, 10, 10, 10, 10, 10, 10, 10, 10, 10, 10, 10, 19, 10, 10, 10, 10, 10, 10, 10, 10, 10, 10, 10, 10, 10, 10, 10, 10, 10, 9, 10, 10, 10, 10, 2, 10, 10, 10, 10, 10, 10, 
207: 1, 0, 0, 0, 0, 10, 0, 0, 10, 0, 0, 0, 10, 10, 10, 0, 0, 0, 2, 10, 4, 10, 0, 10, 0, 10, 10, 10, 10, 0, 10, 10, 7, 0, 1, 0, 0, 10, 0, 0, 0, 0, 10, 10, 0, 10, 0, 10, 10, 0, 10, 1, 0, 0, 0, 10, 10, 10, 0, 0, 10, 0, 10, 0, 0, 0, 0, 0, 10, 0, 0, 0, 0, 0, 0, 0, 10, 0, 10, 10, 0, 10, 10, 0, 0, 0, 0, 10, 10, 10, 10, 10, 0, 10, 10, 0, 10, 10, 0, 1, 11, 10, 10, 10, 7, 10, 0, 10, 0, 10, 10, 0, 10, 10, 10, 18, 10, 10, 10, 0, : 1, 10, 10, 10, 10, 10, 2, 10, 4, 10, 10, 10, 10, 10, 10, 10, 10, 7, 1, 10, 10, 10, 10, 10, 10, 10, 1, 10, 10, 10, 10, 10, 10, 10, 10, 10, 10, 10, 10, 10, 10, 10, 10, 10, 10, 10, 10, 1, 11, 10, 10, 10, 7, 10, 10, 10, 10, 10, 10, 10, 18, 10, 10, 10, 
28: 0, 0, 0, 0, 10, 10, 0, 10, 10, 0, 0, 10, 10, 0, 0, 0, 0, 0, 0, 0, 0, 10, 10, 0, 0, 10, 1, 0, 0, 10, 0, 10, 0, 0, 0, 0, 0, 10, 0, 10, 10, 10, 10, 10, 0, 10, 0, 10, 0, 10, 10, 10, 10, 0, 0, 0, 10, 10, 0, 0, 0, 0, 10, 10, 0, 10, 0, 10, 0, 0, 0, 10, 1, 0, 10, 14, 10, 0, 0, 10, 10, 0, 10, 10, 10, 10, 4, 10, 0, 6, 1, 0, 0, 0, 0, 0, 10, 10, 0, 0, 10, 10, 0, 4, 0, 10, 1, 0, 10, 0, 0, 0, 10, 0, 10, 0, 10, 0, 10, 10, : 10, 10, 10, 10, 10, 10, 10, 10, 10, 1, 10, 10, 10, 10, 10, 10, 10, 10, 10, 10, 10, 10, 10, 10, 10, 10, 10, 10, 10, 10, 10, 1, 10, 14, 10, 10, 10, 10, 10, 10, 10, 4, 10, 6, 1, 10, 10, 10, 10, 4, 10, 1, 10, 10, 10, 10, 10, 10, 
230: 10, 10, 0, 0, 10, 0, 0, 0, 10, 0, 10, 3, 0, 0, 0, 0, 10, 10, 10, 0, 10, 0, 10, 3, 0, 0, 0, 10, 10, 1, 10, 0, 10, 10, 10, 0, 0, 0, 0, 0, 0, 10, 0, 10, 0, 10, 10, 10, 0, 0, 10, 0, 0, 10, 10, 10, 10, 0, 0, 0, 0, 0, 0, 0, 10, 10, 0, 0, 0, 10, 10, 0, 4, 0, 0, 0, 0, 10, 0, 10, 0, 0, 0, 0, 0, 10, 0, 10, 0, 2, 0, 10, 0, 0, 10, 10, 0, 10, 1, 10, 10, 0, 0, 0, 0, 0, 10, 0, 0, 0, 10, 10, 10, 10, 0, 10, 0, 10, 0, 0, : 10, 10, 10, 10, 10, 3, 10, 10, 10, 10, 10, 3, 10, 10, 1, 10, 10, 10, 10, 10, 10, 10, 10, 10, 10, 10, 10, 10, 10, 10, 10, 10, 10, 4, 10, 10, 10, 10, 2, 10, 10, 10, 10, 1, 10, 10, 10, 10, 10, 10, 10, 10, 10, 
472: 10, 10, 10, 10, 10, 0, 10, 0, 0, 0, 10, 0, 0, 10, 0, 0, 10, 7, 10, 0, 10, 10, 1, 10, 10, 0, 10, 10, 10, 0, 10, 10, 0, 10, 0, 0, 10, 0, 0, 0, 10, 0, 10, 0, 10, 10, 0, 0, 10, 10, 0, 0, 0, 10, 0, 10, 0, 0, 0, 10, 10, 10, 10, 10, 10, 0, 0, 10, 0, 0, 0, 10, 0, 10, 0, 10, 10, 10, 0, 10, 0, 0, 0, 10, 10, 10, 1, 10, 10, 10, 10, 0, 10, 10, 0, 0, 0, 10, 10, 0, 0, 0, 0, 0, 0, 0, 10, 0, 0, 10, 0, 10, 0, 10, 0, 10, 10, 0, 0, 10, : 10, 10, 10, 10, 10, 10, 10, 10, 10, 7, 10, 10, 10, 1, 10, 10, 10, 10, 10, 10, 10, 10, 10, 10, 10, 10, 10, 10, 10, 10, 10, 10, 10, 10, 10, 10, 10, 10, 10, 10, 10, 10, 10, 10, 10, 10, 10, 1, 10, 10, 10, 10, 10, 10, 10, 10, 10, 10, 10, 10, 10, 10, 10, 
552: 10, 10, 10, 10, 10, 10, 0, 0, 10, 0, 0, 10, 10, 0, 0, 10, 0, 10, 0, 0, 10, 10, 10, 0, 10, 10, 10, 0, 10, 10, 10, 10, 0, 0, 10, 10, 0, 10, 0, 10, 0, 0, 0, 0, 0, 0, 0, 0, 1, 10, 0, 10, 10, 6, 10, 0, 10, 10, 10, 10, 0, 10, 10, 0, 0, 0, 0, 0, 10, 10, 0, 0, 10, 0, 0, 10, 10, 0, 10, 10, 0, 10, 0, 0, 0, 0, 10, 10, 10, 10, 0, 0, 0, 0, 10, 10, 10, 0, 10, 10, 0, 10, 0, 10, 10, 10, 0, 10, 10, 0, 10, 10, 10, 10, 0, 10, 10, 0, 10, 10, : 10, 10, 10, 10, 10, 10, 10, 10, 10, 10, 10, 10, 10, 10, 10, 10, 10, 10, 10, 10, 10, 10, 10, 10, 10, 1, 10, 10, 10, 6, 10, 10, 10, 10, 10, 10, 10, 10, 10, 10, 10, 10, 10, 10, 10, 10, 10, 10, 10, 10, 10, 10, 10, 10, 10, 10, 10, 10, 10, 10, 10, 10, 10, 10, 10, 10, 10, 10, 
507: 1, 0, 10, 10, 0, 10, 0, 10, 10, 0, 0, 0, 10, 0, 0, 10, 0, 0, 10, 10, 0, 10, 10, 2, 0, 10, 10, 10, 0, 0, 10, 10, 0, 10, 10, 0, 10, 0, 10, 10, 10, 10, 0, 10, 0, 0, 0, 0, 0, 0, 10, 10, 10, 0, 0, 0, 10, 0, 10, 10, 10, 10, 0, 10, 4, 10, 0, 0, 10, 10, 0, 0, 0, 0, 10, 10, 0, 0, 0, 10, 10, 10, 0, 0, 10, 0, 0, 10, 10, 10, 0, 0, 0, 10, 10, 0, 10, 10, 0, 10, 10, 10, 10, 10, 0, 10, 0, 0, 0, 0, 10, 0, 10, 10, 0, 10, 10, 0, 0, 10, : 1, 10, 10, 10, 10, 10, 10, 10, 10, 10, 10, 10, 2, 10, 10, 10, 10, 10, 10, 10, 10, 10, 10, 10, 10, 10, 10, 10, 10, 10, 10, 10, 10, 10, 10, 4, 10, 10, 10, 10, 10, 10, 10, 10, 10, 10, 10, 10, 10, 10, 10, 10, 10, 10, 10, 10, 10, 10, 10, 10, 10, 10, 10, 10, 
264: 10, 10, 10, 0, 10, 0, 0, 0, 0, 0, 10, 0, 10, 10, 0, 0, 10, 0, 3, 10, 0, 0, 0, 10, 10, 10, 0, 1, 0, 10, 10, 0, 10, 10, 10, 10, 10, 0, 0, 10, 0, 10, 0, 0, 0, 10, 0, 0, 10, 10, 0, 0, 0, 0, 10, 0, 10, 0, 0, 10, 10, 0, 0, 10, 10, 10, 10, 0, 0, 10, 10, 0, 0, 0, 0, 10, 10, 0, 0, 10, 0, 10, 0, 10, 10, 0, 0, 0, 0, 0, 0, 10, 0, 0, 0, 10, 9, 10, 10, 10, 10, 0, 0, 10, 0, 10, 10, 0, 10, 10, 10, 10, 0, 0, 10, 10, 10, 0, 10, 10, : 10, 10, 10, 10, 10, 10, 10, 10, 3, 10, 10, 10, 10, 1, 10, 10, 10, 10, 10, 10, 10, 10, 10, 10, 10, 10, 10, 10, 10, 10, 10, 10, 10, 10, 10, 10, 10, 10, 10, 10, 10, 10, 10, 10, 9, 10, 10, 10, 10, 10, 10, 10, 10, 10, 10, 10, 10, 10, 10, 10, 10, 
431: 0, 0, 10, 10, 10, 3, 0, 0, 10, 0, 0, 10, 0, 10, 0, 10, 10, 0, 10, 0, 10, 0, 0, 0, 10, 0, 10, 10, 0, 10, 10, 0, 10, 10, 10, 0, 0, 10, 0, 10, 10, 0, 0, 0, 10, 20, 2, 10, 0, 0, 10, 10, 0, 10, 0, 10, 10, 10, 10, 10, 0, 10, 10, 10, 10, 0, 10, 0, 10, 0, 0, 10, 10, 10, 0, 0, 0, 0, 0, 0, 0, 10, 10, 0, 0, 10, 10, 10, 0, 0, 10, 0, 10, 0, 0, 0, 10, 10, 0, 0, 1, 0, 0, 10, 10, 0, 0, 10, 10, 0, 0, 10, 0, 0, 0, 0, 10, 10, 0, 10, : 10, 10, 10, 3, 10, 10, 10, 10, 10, 10, 10, 10, 10, 10, 10, 10, 10, 10, 10, 10, 10, 10, 10, 20, 2, 10, 10, 10, 10, 10, 10, 10, 10, 10, 10, 10, 10, 10, 10, 10, 10, 10, 10, 10, 10, 10, 10, 10, 10, 10, 10, 10, 1, 10, 10, 10, 10, 10, 10, 10, 10, 
539: 0, 0, 10, 10, 10, 0, 0, 10, 0, 10, 10, 0, 0, 0, 10, 10, 10, 0, 10, 10, 10, 0, 0, 10, 10, 0, 0, 0, 10, 0, 0, 10, 10, 10, 0, 10, 4, 10, 10, 0, 10, 10, 10, 0, 0, 10, 0, 0, 0, 0, 10, 10, 0, 10, 0, 0, 10, 0, 0, 0, 10, 0, 10, 10, 0, 10, 0, 0, 0, 10, 10, 0, 10, 10, 0, 0, 10, 0, 10, 0, 0, 10, 0, 0, 0, 0, 10, 0, 0, 0, 0, 10, 10, 0, 10, 10, 0, 10, 0, 10, 10, 0, 10, 10, 10, 10, 0, 10, 10, 10, 10, 10, 10, 0, 10, 10, 3, 0, 10, 0, : 10, 10, 10, 10, 10, 10, 10, 10, 10, 10, 10, 10, 10, 10, 10, 10, 10, 10, 10, 4, 10, 10, 10, 10, 10, 10, 10, 10, 10, 10, 10, 10, 10, 10, 10, 10, 10, 10, 10, 10, 10, 10, 10, 10, 10, 10, 10, 10, 10, 10, 10, 10, 10, 10, 10, 10, 10, 10, 10, 10, 10, 3, 10, 
442: 0, 10, 0, 10, 10, 10, 10, 0, 10, 0, 10, 0, 10, 0, 0, 0, 0, 0, 10, 10, 10, 0, 0, 10, 10, 0, 10, 0, 10, 0, 0, 10, 0, 10, 10, 0, 10, 0, 0, 10, 10, 1, 0, 0, 10, 0, 10, 0, 0, 10, 10, 0, 10, 0, 10, 10, 0, 0, 0, 10, 0, 0, 0, 10, 0, 10, 0, 10, 10, 0, 0, 10, 3, 0, 0, 10, 10, 0, 0, 10, 0, 10, 10, 10, 0, 10, 10, 10, 0, 10, 10, 0, 10, 0, 0, 10, 10, 0, 10, 10, 0, 10, 10, 10, 10, 0, 0, 0, 10, 1, 10, 0, 10, 0, 0, 10, 0, 10, 1, 0, : 10, 10, 10, 10, 10, 10, 10, 10, 10, 10, 10, 10, 10, 10, 10, 10, 10, 10, 10, 10, 10, 1, 10, 10, 10, 10, 10, 10, 10, 10, 10, 10, 10, 10, 10, 3, 10, 10, 10, 10, 10, 10, 10, 10, 10, 10, 10, 10, 10, 10, 10, 10, 10, 10, 10, 10, 10, 1, 10, 10, 10, 10, 1, 
244: 10, 0, 10, 10, 0, 0, 10, 10, 10, 10, 0, 10, 10, 0, 10, 10, 0, 0, 10, 10, 0, 10, 10, 0, 0, 0, 0, 0, 0, 10, 10, 10, 0, 10, 0, 0, 0, 0, 0, 0, 10, 0, 0, 10, 10, 0, 10, 0, 0, 10, 4, 0, 10, 0, 0, 10, 10, 10, 0, 10, 0, 0, 10, 0, 10, 0, 0, 0, 10, 10, 10, 10, 10, 10, 0, 0, 0, 0, 10, 0, 0, 0, 10, 0, 10, 0, 0, 0, 0, 0, 0, 10, 0, 0, 0, 0, 0, 0, 10, 0, 10, 0, 0, 0, 10, 10, 0, 0, 10, 10, 0, 0, 10, 0, 0, 10, 10, 0, 0, 0, : 10, 10, 10, 10, 10, 10, 10, 10, 10, 10, 10, 10, 10, 10, 10, 10, 10, 10, 10, 10, 10, 10, 10, 10, 4, 10, 10, 10, 10, 10, 10, 10, 10, 10, 10, 10, 10, 10, 10, 10, 10, 10, 10, 10, 10, 10, 10, 10, 10, 10, 10, 
458: 10, 0, 0, 10, 0, 10, 10, 10, 0, 10, 0, 10, 0, 10, 10, 0, 0, 10, 0, 0, 0, 10, 10, 10, 10, 0, 0, 0, 0, 0, 10, 0, 0, 10, 0, 0, 0, 0, 10, 0, 10, 10, 0, 0, 0, 0, 10, 10, 0, 10, 10, 0, 0, 10, 10, 10, 10, 10, 0, 0, 10, 0, 10, 1, 10, 10, 10, 10, 10, 0, 0, 10, 0, 0, 0, 10, 10, 0, 10, 10, 10, 10, 0, 10, 0, 0, 0, 0, 10, 0, 10, 10, 10, 10, 10, 10, 10, 0, 0, 0, 0, 0, 10, 10, 10, 10, 1, 0, 0, 10, 0, 10, 10, 0, 0, 10, 10, 10, 10, 10, : 10, 10, 10, 10, 10, 10, 10, 10, 10, 10, 10, 10, 10, 10, 10, 10, 10, 10, 10, 10, 10, 10, 10, 10, 10, 10, 10, 10, 10, 10, 1, 10, 10, 10, 10, 10, 10, 10, 10, 10, 10, 10, 10, 10, 10, 10, 10, 10, 10, 10, 10, 10, 10, 10, 10, 10, 1, 10, 10, 10, 10, 10, 10, 10, 10, 
175: 10, 0, 10, 10, 10, 10, 0, 0, 0, 10, 15, 10, 13, 0, 0, 10, 10, 10, 10, 10, 10, 10, 0, 10, 10, 10, 0, 10, 0, 0, 0, 0, 10, 0, 0, 10, 0, 0, 10, 0, 0, 0, 10, 10, 0, 0, 0, 10, 9, 10, 10, 10, 10, 0, 10, 10, 0, 0, 10, 10, 0, 10, 0, 0, 10, 10, 10, 0, 10, 10, 0, 0, 0, 0, 10, 10, 0, 0, 0, 0, 0, 0, 0, 0, 0, 10, 10, 0, 0, 10, 0, 0, 0, 10, 10, 0, 15, 10, 0, 0, 0, 0, 10, 10, 0, 0, 10, 10, 10, 0, 10, 10, 10, 0, 0, 10, 0, 0, 10, 10, : 10, 10, 10, 10, 10, 10, 15, 10, 13, 10, 10, 10, 10, 10, 10, 10, 10, 10, 10, 10, 10, 10, 10, 10, 10, 10, 9, 10, 10, 10, 10, 10, 10, 10, 10, 10, 10, 10, 10, 10, 10, 10, 10, 10, 10, 10, 10, 10, 15, 10, 10, 10, 10, 10, 10, 10, 10, 10, 10, 10, 10, 
541: 10, 10, 10, 0, 10, 0, 0, 0, 0, 0, 10, 10, 0, 0, 0, 10, 0, 10, 0, 0, 0, 0, 0, 0, 0, 0, 0, 0, 0, 10, 10, 10, 0, 0, 0, 0, 0, 0, 10, 0, 6, 10, 10, 10, 10, 10, 0, 10, 10, 0, 10, 10, 10, 10, 10, 0, 10, 0, 0, 0, 10, 7, 0, 10, 10, 10, 0, 10, 10, 0, 10, 10, 0, 10, 0, 10, 10, 0, 0, 0, 10, 10, 0, 10, 10, 10, 0, 0, 0, 0, 10, 10, 10, 0, 0, 0, 10, 10, 0, 10, 11, 0, 10, 10, 10, 10, 0, 0, 0, 10, 10, 10, 0, 10, 10, 10, 0, 0, 0, 10, : 10, 10, 10, 10, 10, 10, 10, 10, 10, 10, 10, 10, 6, 10, 10, 10, 10, 10, 10, 10, 10, 10, 10, 10, 10, 10, 10, 7, 10, 10, 10, 10, 10, 10, 10, 10, 10, 10, 10, 10, 10, 10, 10, 10, 10, 10, 10, 10, 10, 11, 10, 10, 10, 10, 10, 10, 10, 10, 10, 10, 10, 
47: 0, 0, 0, 10, 0, 0, 10, 0, 10, 0, 10, 10, 10, 10, 10, 10, 10, 10, 10, 10, 10, 0, 10, 0, 0, 20, 10, 0, 0, 10, 0, 0, 10, 0, 10, 0, 0, 10, 0, 10, 10, 10, 10, 0, 10, 10, 20, 10, 10, 0, 10, 0, 7, 10, 0, 10, 10, 10, 0, 10, 10, 10, 0, 0, 10, 0, 0, 10, 2, 10, 0, 10, 10, 10, 0, 0, 0, 10, 10, 0, 10, 0, 10, 10, 10, 0, 0, 10, 10, 10, 10, 0, 10, 10, 0, 10, 0, 0, 10, 10, 0, 0, 10, 10, 10, 0, 10, 10, 0, 0, 10, 10, 10, 10, 0, 10, 0, 0, 0, 10, : 10, 10, 10, 10, 10, 10, 10, 10, 10, 10, 10, 10, 10, 10, 10, 20, 10, 10, 10, 10, 10, 10, 10, 10, 10, 10, 10, 20, 10, 10, 10, 7, 10, 10, 10, 10, 10, 10, 10, 10, 10, 2, 10, 10, 10, 10, 10, 10, 10, 10, 10, 10, 10, 10, 10, 10, 10, 10, 10, 10, 10, 10, 10, 10, 10, 10, 10, 10, 10, 10, 10, 10, 
408: 10, 10, 0, 10, 0, 0, 0, 0, 0, 0, 0, 10, 0, 10, 10, 10, 0, 0, 10, 0, 10, 0, 0, 10, 10, 0, 10, 10, 0, 0, 0, 0, 0, 0, 10, 10, 10, 10, 10, 10, 10, 10, 0, 10, 0, 0, 5, 4, 0, 0, 10, 10, 0, 0, 0, 10, 0, 10, 10, 0, 0, 0, 10, 0, 0, 10, 10, 0, 0, 10, 0, 0, 10, 10, 0, 10, 10, 0, 6, 0, 10, 10, 0, 10, 0, 10, 0, 10, 10, 0, 0, 10, 0, 0, 10, 0, 10, 0, 0, 0, 0, 10, 10, 10, 0, 0, 0, 10, 10, 10, 0, 10, 0, 10, 0, 10, 0, 10, 0, 0, : 10, 10, 10, 10, 10, 10, 10, 10, 10, 10, 10, 10, 10, 10, 10, 10, 10, 10, 10, 10, 10, 10, 5, 4, 10, 10, 10, 10, 10, 10, 10, 10, 10, 10, 10, 10, 10, 6, 10, 10, 10, 10, 10, 10, 10, 10, 10, 10, 10, 10, 10, 10, 10, 10, 10, 10, 10, 
23: 0, 10, 0, 0, 0, 10, 7, 10, 0, 10, 0, 10, 0, 0, 10, 10, 10, 0, 10, 0, 0, 10, 0, 10, 0, 10, 0, 0, 10, 0, 10, 10, 0, 10, 10, 0, 0, 0, 10, 0, 10, 0, 10, 10, 0, 10, 10, 0, 0, 0, 0, 0, 0, 10, 10, 10, 10, 10, 10, 0, 10, 10, 0, 0, 10, 0, 10, 10, 0, 10, 0, 10, 10, 0, 0, 0, 10, 9, 10, 0, 10, 10, 0, 0, 0, 0, 10, 0, 0, 10, 10, 0, 10, 0, 0, 10, 10, 0, 10, 0, 10, 10, 10, 10, 10, 16, 10, 10, 0, 0, 10, 0, 10, 0, 0, 0, 10, 0, 0, 0, : 10, 10, 7, 10, 10, 10, 10, 10, 10, 10, 10, 10, 10, 10, 10, 10, 10, 10, 10, 10, 10, 10, 10, 10, 10, 10, 10, 10, 10, 10, 10, 10, 10, 10, 10, 10, 10, 10, 10, 9, 10, 10, 10, 10, 10, 10, 10, 10, 10, 10, 10, 10, 10, 10, 10, 16, 10, 10, 10, 10, 10, 
131: 0, 0, 0, 10, 10, 0, 10, 10, 10, 10, 0, 10, 0, 0, 0, 0, 0, 0, 0, 10, 0, 0, 0, 10, 0, 10, 0, 0, 10, 10, 10, 0, 0, 0, 0, 10, 10, 0, 0, 10, 0, 0, 10, 10, 0, 9, 0, 0, 10, 0, 0, 10, 10, 0, 0, 10, 10, 10, 10, 0, 0, 10, 0, 0, 0, 10, 10, 0, 10, 10, 0, 10, 10, 0, 10, 10, 0, 0, 10, 10, 10, 0, 10, 0, 0, 0, 10, 0, 10, 10, 0, 10, 10, 0, 10, 0, 0, 0, 0, 10, 0, 10, 0, 0, 10, 10, 0, 10, 0, 10, 10, 0, 0, 10, 10, 0, 20, 10, 3, 0, : 10, 10, 10, 10, 10, 10, 10, 10, 10, 10, 10, 10, 10, 10, 10, 10, 10, 10, 9, 10, 10, 10, 10, 10, 10, 10, 10, 10, 10, 10, 10, 10, 10, 10, 10, 10, 10, 10, 10, 10, 10, 10, 10, 10, 10, 10, 10, 10, 10, 10, 10, 10, 10, 10, 20, 10, 3, 
348: 0, 10, 0, 10, 10, 0, 10, 10, 10, 10, 0, 5, 0, 0, 0, 0, 10, 0, 0, 10, 10, 0, 0, 10, 10, 10, 0, 10, 5, 10, 0, 0, 5, 0, 10, 0, 0, 10, 10, 10, 0, 0, 10, 10, 1, 0, 10, 10, 10, 0, 0, 0, 0, 10, 0, 10, 1, 0, 0, 0, 10, 10, 0, 0, 5, 10, 10, 0, 0, 5, 0, 0, 10, 10, 0, 10, 10, 10, 0, 0, 10, 10, 10, 0, 1, 10, 10, 0, 10, 10, 10, 0, 10, 10, 10, 0, 10, 0, 10, 10, 10, 0, 0, 0, 0, 10, 10, 0, 1, 16, 10, 10, 10, 10, 10, 0, 0, 10, 0, 0, : 10, 10, 10, 10, 10, 10, 10, 5, 10, 10, 10, 10, 10, 10, 10, 5, 10, 5, 10, 10, 10, 10, 10, 10, 1, 10, 10, 10, 10, 10, 1, 10, 10, 5, 10, 10, 5, 10, 10, 10, 10, 10, 10, 10, 10, 1, 10, 10, 10, 10, 10, 10, 10, 10, 10, 10, 10, 10, 10, 10, 1, 16, 10, 10, 10, 10, 10, 10, 
543: 10, 0, 10, 10, 0, 12, 10, 0, 0, 0, 10, 10, 10, 0, 10, 0, 10, 10, 10, 0, 10, 0, 0, 2, 0, 0, 10, 0, 10, 0, 0, 0, 0, 10, 0, 10, 0, 0, 10, 10, 10, 0, 0, 0, 0, 10, 8, 0, 10, 0, 0, 10, 10, 0, 0, 0, 0, 0, 0, 10, 10, 1, 0, 10, 0, 0, 0, 0, 10, 0, 0, 0, 0, 10, 10, 10, 10, 10, 0, 10, 10, 0, 0, 10, 3, 10, 0, 10, 1, 10, 10, 0, 0, 10, 10, 2, 0, 0, 0, 10, 10, 10, 10, 10, 10, 0, 5, 10, 0, 10, 0, 0, 0, 0, 10, 14, 10, 0, 10, 10, : 10, 10, 10, 12, 10, 10, 10, 10, 10, 10, 10, 10, 10, 2, 10, 10, 10, 10, 10, 10, 10, 10, 8, 10, 10, 10, 10, 10, 1, 10, 10, 10, 10, 10, 10, 10, 10, 10, 10, 3, 10, 10, 1, 10, 10, 10, 10, 2, 10, 10, 10, 10, 10, 10, 5, 10, 10, 10, 14, 10, 10, 10, 
315: 10, 0, 10, 0, 10, 10, 0, 10, 0, 0, 10, 10, 10, 10, 0, 10, 0, 10, 8, 20, 10, 10, 10, 10, 10, 0, 10, 0, 10, 0, 0, 1, 10, 0, 0, 0, 10, 0, 10, 0, 0, 0, 10, 0, 10, 10, 0, 0, 10, 0, 0, 10, 0, 10, 0, 10, 0, 10, 10, 0, 0, 0, 0, 0, 10, 0, 10, 10, 10, 10, 0, 0, 10, 10, 10, 0, 0, 0, 0, 10, 0, 0, 0, 0, 0, 10, 10, 10, 10, 0, 10, 10, 10, 0, 0, 0, 10, 10, 10, 10, 0, 10, 0, 10, 0, 10, 10, 10, 10, 0, 0, 0, 10, 10, 0, 10, 0, 10, 0, 10, : 10, 10, 10, 10, 10, 10, 10, 10, 10, 10, 10, 8, 20, 10, 10, 10, 10, 10, 10, 10, 1, 10, 10, 10, 10, 10, 10, 10, 10, 10, 10, 10, 10, 10, 10, 10, 10, 10, 10, 10, 10, 10, 10, 10, 10, 10, 10, 10, 10, 10, 10, 10, 10, 10, 10, 10, 10, 10, 10, 10, 10, 10, 10, 10, 
596: 10, 0, 10, 10, 10, 10, 0, 10, 0, 10, 10, 0, 10, 0, 0, 10, 10, 10, 10, 10, 0, 10, 0, 2, 0, 10, 10, 0, 10, 10, 0, 10, 10, 0, 10, 0, 1, 0, 0, 0, 10, 10, 0, 10, 10, 0, 10, 10, 0, 0, 10, 10, 10, 10, 10, 0, 10, 0, 10, 4, 10, 0, 10, 10, 10, 10, 0, 10, 10, 0, 10, 10, 0, 0, 0, 10, 10, 10, 0, 0, 10, 10, 1, 10, 10, 10, 0, 10, 10, 0, 2, 10, 10, 0, 0, 10, 0, 10, 10, 10, 0, 10, 0, 0, 10, 0, 0, 10, 0, 5, 10, 10, 10, 10, 0, 10, 0, 0, 10, 0, : 10, 10, 10, 10, 10, 10, 10, 10, 10, 10, 10, 10, 10, 10, 10, 2, 10, 10, 10, 10, 10, 10, 10, 1, 10, 10, 10, 10, 10, 10, 10, 10, 10, 10, 10, 10, 10, 4, 10, 10, 10, 10, 10, 10, 10, 10, 10, 10, 10, 10, 10, 10, 1, 10, 10, 10, 10, 10, 2, 10, 10, 10, 10, 10, 10, 10, 10, 10, 5, 10, 10, 10, 10, 10, 10, 
531: 0, 10, 10, 10, 0, 0, 0, 0, 0, 0, 0, 10, 10, 10, 10, 0, 10, 10, 0, 0, 0, 10, 0, 10, 10, 15, 0, 10, 0, 2, 10, 0, 0, 0, 0, 10, 0, 10, 0, 0, 0, 0, 0, 10, 0, 10, 0, 10, 10, 10, 0, 10, 0, 10, 0, 10, 0, 0, 0, 0, 10, 0, 10, 0, 19, 0, 0, 10, 0, 10, 10, 0, 0, 10, 10, 0, 1, 0, 10, 0, 10, 10, 0, 0, 0, 10, 0, 0, 0, 10, 0, 10, 10, 0, 0, 10, 10, 0, 0, 0, 10, 0, 0, 0, 10, 0, 0, 0, 10, 10, 10, 10, 0, 0, 0, 0, 10, 0, 10, 10, : 10, 10, 10, 10, 10, 10, 10, 10, 10, 10, 10, 10, 15, 10, 2, 10, 10, 10, 10, 10, 10, 10, 10, 10, 10, 10, 10, 10, 19, 10, 10, 10, 10, 10, 1, 10, 10, 10, 10, 10, 10, 10, 10, 10, 10, 10, 10, 10, 10, 10, 10, 10, 10, 
495: 2, 10, 10, 10, 10, 0, 10, 10, 0, 0, 0, 0, 10, 10, 10, 0, 10, 0, 0, 10, 10, 0, 0, 10, 0, 10, 0, 10, 10, 0, 10, 0, 10, 10, 0, 10, 10, 0, 0, 10, 0, 0, 10, 0, 10, 1, 10, 10, 10, 0, 10, 10, 10, 0, 0, 0, 10, 0, 0, 0, 0, 0, 10, 0, 0, 0, 0, 10, 10, 10, 0, 10, 0, 10, 10, 10, 0, 10, 0, 10, 10, 10, 10, 10, 10, 0, 0, 0, 0, 10, 0, 0, 11, 10, 0, 10, 10, 0, 0, 10, 10, 0, 10, 10, 10, 0, 10, 0, 10, 0, 10, 10, 0, 0, 10, 0, 0, 10, 10, 0, : 2, 10, 10, 10, 10, 10, 10, 10, 10, 10, 10, 10, 10, 10, 10, 10, 10, 10, 10, 10, 10, 10, 10, 10, 10, 1, 10, 10, 10, 10, 10, 10, 10, 10, 10, 10, 10, 10, 10, 10, 10, 10, 10, 10, 10, 10, 10, 10, 10, 11, 10, 10, 10, 10, 10, 10, 10, 10, 10, 10, 10, 10, 10, 10, 10, 
569: 10, 0, 10, 0, 5, 0, 10, 0, 10, 10, 0, 0, 0, 10, 10, 10, 0, 0, 0, 10, 10, 10, 0, 10, 0, 10, 10, 10, 10, 0, 0, 0, 0, 0, 0, 2, 10, 0, 10, 10, 10, 0, 0, 0, 0, 10, 10, 0, 10, 0, 13, 0, 0, 0, 10, 10, 0, 10, 10, 10, 0, 10, 10, 0, 0, 0, 10, 10, 0, 0, 10, 0, 0, 0, 0, 0, 0, 0, 10, 0, 0, 10, 10, 10, 10, 0, 0, 0, 0, 10, 10, 0, 10, 0, 0, 10, 0, 0, 0, 0, 10, 10, 0, 10, 0, 10, 0, 0, 0, 10, 10, 10, 0, 0, 0, 10, 10, 0, 0, 0, : 10, 10, 5, 10, 10, 10, 10, 10, 10, 10, 10, 10, 10, 10, 10, 10, 10, 2, 10, 10, 10, 10, 10, 10, 10, 13, 10, 10, 10, 10, 10, 10, 10, 10, 10, 10, 10, 10, 10, 10, 10, 10, 10, 10, 10, 10, 10, 10, 10, 10, 10, 10, 10, 10, 
164: 0, 10, 0, 10, 10, 0, 10, 0, 10, 0, 10, 10, 0, 10, 0, 0, 0, 10, 0, 0, 14, 10, 10, 10, 10, 10, 1, 0, 0, 0, 10, 0, 10, 10, 0, 10, 1, 10, 0, 10, 10, 10, 0, 0, 0, 0, 0, 10, 0, 0, 0, 10, 10, 0, 0, 0, 10, 10, 0, 10, 0, 0, 0, 0, 0, 10, 10, 0, 0, 10, 0, 10, 0, 10, 10, 0, 10, 10, 0, 10, 10, 10, 0, 10, 10, 0, 10, 0, 10, 0, 10, 0, 0, 0, 0, 10, 0, 0, 10, 10, 0, 10, 10, 10, 10, 10, 10, 10, 10, 10, 10, 0, 10, 0, 10, 0, 0, 10, 0, 10, : 10, 10, 10, 10, 10, 10, 10, 10, 10, 14, 10, 10, 10, 10, 10, 1, 10, 10, 10, 10, 1, 10, 10, 10, 10, 10, 10, 10, 10, 10, 10, 10, 10, 10, 10, 10, 10, 10, 10, 10, 10, 10, 10, 10, 10, 10, 10, 10, 10, 10, 10, 10, 10, 10, 10, 10, 10, 10, 10, 10, 10, 10, 10, 10, 
579: 10, 10, 10, 10, 0, 10, 3, 10, 10, 10, 0, 10, 0, 0, 0, 10, 0, 0, 0, 0, 10, 10, 10, 10, 0, 0, 0, 10, 10, 0, 10, 0, 10, 0, 10, 0, 0, 0, 0, 0, 0, 0, 10, 0, 0, 10, 0, 0, 10, 0, 0, 0, 10, 0, 0, 0, 10, 10, 10, 0, 10, 0, 0, 0, 10, 0, 0, 10, 0, 10, 10, 0, 10, 0, 10, 0, 10, 0, 0, 10, 10, 0, 10, 10, 10, 0, 10, 10, 0, 0, 0, 10, 0, 0, 0, 10, 0, 10, 0, 0, 0, 10, 10, 10, 0, 0, 10, 0, 0, 10, 10, 10, 10, 10, 10, 10, 0, 0, 0, 0, : 10, 10, 10, 10, 10, 3, 10, 10, 10, 10, 10, 10, 10, 10, 10, 10, 10, 10, 10, 10, 10, 10, 10, 10, 10, 10, 10, 10, 10, 10, 10, 10, 10, 10, 10, 10, 10, 10, 10, 10, 10, 10, 10, 10, 10, 10, 10, 10, 10, 10, 10, 10, 10, 10, 10, 10, 
141: 0, 10, 0, 0, 0, 10, 10, 10, 0, 0, 10, 10, 10, 10, 10, 0, 10, 10, 10, 10, 0, 0, 10, 4, 10, 0, 10, 0, 10, 14, 0, 0, 0, 0, 0, 10, 10, 10, 0, 10, 10, 0, 10, 0, 0, 10, 0, 0, 0, 0, 0, 0, 10, 10, 10, 10, 1, 0, 0, 0, 0, 10, 10, 10, 10, 0, 10, 0, 10, 0, 10, 0, 10, 10, 0, 10, 0, 0, 0, 9, 1, 10, 10, 10, 10, 0, 0, 2, 10, 10, 10, 0, 10, 0, 10, 10, 0, 1, 0, 0, 0, 10, 0, 10, 10, 0, 10, 0, 0, 10, 0, 10, 10, 0, 10, 0, 0, 10, 10, 10, : 10, 10, 10, 10, 10, 10, 10, 10, 10, 10, 10, 10, 10, 10, 4, 10, 10, 10, 14, 10, 10, 10, 10, 10, 10, 10, 10, 10, 10, 10, 1, 10, 10, 10, 10, 10, 10, 10, 10, 10, 10, 9, 1, 10, 10, 10, 10, 2, 10, 10, 10, 10, 10, 10, 1, 10, 10, 10, 10, 10, 10, 10, 10, 10, 10, 10, 
518: 0, 10, 10, 0, 2, 10, 10, 0, 10, 10, 10, 0, 0, 0, 0, 0, 10, 0, 10, 10, 10, 0, 0, 10, 0, 0, 10, 10, 10, 0, 0, 10, 0, 0, 10, 0, 17, 0, 0, 10, 2, 10, 10, 10, 10, 0, 0, 0, 0, 0, 0, 0, 10, 10, 0, 0, 0, 3, 0, 10, 10, 10, 10, 10, 0, 10, 3, 3, 0, 0, 0, 10, 10, 0, 10, 0, 0, 10, 10, 10, 0, 10, 10, 0, 0, 10, 0, 0, 10, 10, 10, 0, 0, 10, 10, 10, 0, 0, 0, 10, 4, 0, 10, 0, 0, 10, 10, 10, 0, 10, 0, 10, 10, 0, 0, 0, 0, 0, 0, 10, : 10, 10, 2, 10, 10, 10, 10, 10, 10, 10, 10, 10, 10, 10, 10, 10, 10, 10, 17, 10, 2, 10, 10, 10, 10, 10, 10, 3, 10, 10, 10, 10, 10, 10, 3, 3, 10, 10, 10, 10, 10, 10, 10, 10, 10, 10, 10, 10, 10, 10, 10, 10, 4, 10, 10, 10, 10, 10, 10, 10, 10, 
328: 10, 10, 13, 0, 0, 10, 0, 0, 10, 10, 0, 10, 0, 10, 10, 10, 0, 0, 10, 0, 10, 0, 10, 0, 10, 10, 0, 0, 10, 10, 10, 10, 10, 10, 0, 10, 10, 0, 0, 10, 0, 10, 0, 10, 0, 0, 10, 10, 10, 0, 0, 10, 0, 10, 10, 10, 10, 10, 10, 10, 10, 10, 10, 10, 10, 0, 10, 10, 10, 10, 1, 0, 0, 3, 10, 10, 0, 0, 0, 10, 10, 10, 1, 1, 10, 10, 0, 10, 10, 0, 10, 0, 10, 10, 0, 10, 0, 10, 10, 10, 10, 12, 0, 10, 10, 0, 0, 0, 0, 0, 15, 10, 0, 0, 0, 10, 0, 10, 0, 10, : 10, 10, 13, 10, 10, 10, 10, 10, 10, 10, 10, 10, 10, 10, 10, 10, 10, 10, 10, 10, 10, 10, 10, 10, 10, 10, 10, 10, 10, 10, 10, 10, 10, 10, 10, 10, 10, 10, 10, 10, 10, 10, 10, 10, 10, 10, 1, 3, 10, 10, 10, 10, 10, 1, 1, 10, 10, 10, 10, 10, 10, 10, 10, 10, 10, 10, 10, 12, 10, 10, 15, 10, 10, 10, 10, 
306: 10, 10, 0, 10, 0, 10, 10, 10, 0, 0, 10, 0, 10, 0, 10, 0, 10, 10, 7, 0, 10, 10, 10, 0, 0, 10, 10, 10, 10, 10, 10, 10, 10, 10, 10, 10, 0, 10, 10, 0, 10, 10, 0, 10, 0, 0, 10, 0, 0, 10, 0, 10, 10, 0, 10, 0, 0, 0, 1, 0, 0, 0, 0, 10, 0, 0, 10, 0, 10, 10, 10, 10, 0, 0, 10, 14, 10, 10, 0, 0, 10, 0, 0, 10, 10, 10, 0, 0, 10, 0, 0, 0, 10, 10, 10, 0, 10, 10, 0, 0, 10, 0, 10, 0, 0, 6, 10, 0, 10, 0, 0, 0, 10, 2, 0, 10, 0, 10, 10, 0, : 10, 10, 10, 10, 10, 10, 10, 10, 10, 10, 10, 7, 10, 10, 10, 10, 10, 10, 10, 10, 10, 10, 10, 10, 10, 10, 10, 10, 10, 10, 10, 10, 10, 10, 10, 10, 1, 10, 10, 10, 10, 10, 10, 10, 14, 10, 10, 10, 10, 10, 10, 10, 10, 10, 10, 10, 10, 10, 10, 6, 10, 10, 10, 2, 10, 10, 10, 
487: 10, 0, 0, 0, 10, 0, 10, 0, 10, 10, 10, 0, 0, 10, 0, 10, 10, 10, 0, 0, 0, 10, 0, 0, 10, 0, 10, 0, 10, 0, 0, 0, 0, 10, 10, 0, 10, 10, 10, 0, 0, 10, 0, 0, 0, 10, 10, 0, 10, 0, 10, 0, 10, 0, 0, 0, 10, 10, 0, 0, 0, 10, 0, 0, 10, 10, 0, 0, 10, 0, 0, 0, 0, 10, 10, 10, 0, 0, 10, 10, 10, 0, 10, 10, 0, 0, 0, 10, 10, 0, 10, 0, 10, 0, 0, 0, 0, 10, 10, 0, 10, 10, 0, 10, 0, 10, 0, 0, 9, 10, 0, 10, 10, 0, 10, 10, 10, 10, 10, 10, : 10, 10, 10, 10, 10, 10, 10, 10, 10, 10, 10, 10, 10, 10, 10, 10, 10, 10, 10, 10, 10, 10, 10, 10, 10, 10, 10, 10, 10, 10, 10, 10, 10, 10, 10, 10, 10, 10, 10, 10, 10, 10, 10, 10, 10, 10, 10, 10, 10, 9, 10, 10, 10, 10, 10, 10, 10, 10, 10, 
385: 0, 0, 0, 0, 10, 0, 0, 10, 0, 0, 10, 10, 0, 10, 0, 10, 0, 0, 10, 10, 0, 0, 10, 0, 10, 10, 1, 10, 10, 10, 0, 0, 10, 10, 0, 0, 0, 10, 10, 10, 0, 0, 19, 0, 10, 10, 10, 0, 10, 0, 10, 10, 10, 10, 0, 0, 10, 0, 10, 0, 0, 0, 10, 10, 10, 0, 1, 10, 0, 10, 0, 0, 0, 10, 10, 10, 10, 10, 10, 10, 10, 10, 0, 0, 10, 0, 0, 0, 0, 1, 0, 10, 10, 0, 10, 0, 0, 0, 0, 0, 10, 0, 0, 10, 0, 10, 0, 0, 10, 0, 0, 10, 0, 10, 10, 10, 0, 0, 0, 0, : 10, 10, 10, 10, 10, 10, 10, 10, 10, 10, 10, 1, 10, 10, 10, 10, 10, 10, 10, 10, 19, 10, 10, 10, 10, 10, 10, 10, 10, 10, 10, 10, 10, 10, 1, 10, 10, 10, 10, 10, 10, 10, 10, 10, 10, 10, 10, 1, 10, 10, 10, 10, 10, 10, 10, 10, 10, 10, 10, 
363: 10, 0, 10, 10, 0, 10, 0, 0, 3, 10, 10, 0, 10, 0, 10, 10, 0, 0, 0, 0, 10, 10, 10, 0, 0, 0, 0, 10, 10, 10, 0, 10, 10, 10, 0, 0, 16, 10, 10, 0, 0, 10, 0, 0, 0, 10, 0, 0, 0, 0, 19, 0, 10, 0, 0, 10, 0, 0, 10, 0, 10, 11, 10, 10, 0, 10, 0, 10, 10, 10, 10, 10, 0, 0, 10, 10, 10, 10, 0, 10, 10, 6, 10, 0, 10, 12, 0, 16, 0, 0, 10, 10, 9, 10, 10, 10, 0, 10, 0, 0, 0, 10, 10, 10, 10, 0, 0, 0, 0, 0, 10, 10, 10, 0, 10, 10, 10, 0, 10, 0, : 10, 10, 10, 10, 3, 10, 10, 10, 10, 10, 10, 10, 10, 10, 10, 10, 10, 10, 10, 16, 10, 10, 10, 10, 19, 10, 10, 10, 10, 11, 10, 10, 10, 10, 10, 10, 10, 10, 10, 10, 10, 10, 10, 10, 6, 10, 10, 12, 16, 10, 10, 9, 10, 10, 10, 10, 10, 10, 10, 10, 10, 10, 10, 10, 10, 10, 10, 
429: 10, 0, 0, 0, 10, 0, 10, 10, 10, 10, 10, 0, 10, 0, 0, 10, 0, 10, 0, 10, 0, 0, 0, 0, 10, 10, 10, 0, 0, 0, 10, 0, 0, 10, 10, 10, 10, 0, 10, 0, 10, 10, 10, 10, 10, 10, 0, 0, 10, 0, 10, 10, 0, 10, 10, 10, 0, 10, 10, 0, 10, 0, 14, 10, 10, 10, 10, 0, 0, 0, 0, 10, 10, 10, 0, 0, 0, 0, 0, 10, 10, 0, 10, 0, 10, 0, 10, 10, 0, 10, 10, 10, 10, 0, 10, 0, 10, 0, 10, 0, 10, 0, 0, 10, 0, 10, 10, 0, 0, 0, 0, 0, 10, 10, 10, 0, 10, 0, 10, 0, : 10, 10, 10, 10, 10, 10, 10, 10, 10, 10, 10, 10, 10, 10, 10, 10, 10, 10, 10, 10, 10, 10, 10, 10, 10, 10, 10, 10, 10, 10, 10, 10, 10, 10, 10, 14, 10, 10, 10, 10, 10, 10, 10, 10, 10, 10, 10, 10, 10, 10, 10, 10, 10, 10, 10, 10, 10, 10, 10, 10, 10, 10, 10, 10, 10, 
206: 0, 0, 0, 0, 0, 10, 0, 10, 0, 10, 0, 0, 0, 0, 10, 10, 0, 10, 0, 0, 10, 10, 10, 0, 0, 10, 10, 20, 10, 10, 0, 0, 0, 0, 0, 0, 10, 0, 10, 0, 0, 10, 10, 0, 0, 0, 10, 10, 10, 0, 0, 0, 0, 2, 0, 2, 10, 10, 10, 0, 0, 10, 10, 10, 0, 0, 0, 0, 0, 0, 10, 10, 10, 10, 10, 0, 0, 0, 0, 10, 0, 10, 10, 0, 10, 0, 10, 0, 10, 0, 10, 10, 0, 10, 0, 0, 10, 10, 0, 10, 0, 0, 0, 0, 0, 0, 10, 10, 0, 0, 0, 0, 0, 0, 10, 0, 0, 0, 10, 10, : 10, 10, 10, 10, 10, 10, 10, 10, 10, 10, 10, 20, 10, 10, 10, 10, 10, 10, 10, 10, 10, 2, 2, 10, 10, 10, 10, 10, 10, 10, 10, 10, 10, 10, 10, 10, 10, 10, 10, 10, 10, 10, 10, 10, 10, 10, 10, 10, 10, 10, 10, 
286: 0, 10, 10, 0, 10, 0, 10, 0, 10, 0, 0, 0, 10, 10, 10, 0, 2, 1, 0, 0, 10, 0, 0, 10, 0, 10, 0, 0, 10, 0, 10, 0, 10, 0, 2, 0, 10, 0, 10, 0, 10, 0, 0, 0, 10, 0, 0, 10, 10, 10, 10, 10, 0, 0, 10, 0, 10, 10, 0, 10, 1, 0, 0, 0, 0, 10, 10, 0, 10, 0, 10, 10, 10, 0, 0, 0, 10, 17, 10, 10, 10, 0, 10, 1, 0, 10, 0, 10, 0, 10, 10, 0, 0, 5, 0, 8, 0, 0, 0, 10, 0, 0, 0, 0, 10, 10, 10, 10, 10, 0, 0, 10, 10, 10, 10, 0, 0, 10, 0, 10, : 10, 10, 10, 10, 10, 10, 10, 10, 2, 1, 10, 10, 10, 10, 10, 10, 2, 10, 10, 10, 10, 10, 10, 10, 10, 10, 10, 10, 10, 10, 1, 10, 10, 10, 10, 10, 10, 10, 17, 10, 10, 10, 10, 1, 10, 10, 10, 10, 5, 8, 10, 10, 10, 10, 10, 10, 10, 10, 10, 10, 10, 10, 
383: 0, 0, 0, 10, 0, 10, 0, 0, 10, 0, 0, 0, 0, 10, 10, 10, 10, 0, 0, 10, 0, 10, 0, 0, 0, 0, 10, 0, 10, 0, 0, 10, 0, 10, 0, 10, 10, 0, 10, 0, 10, 0, 0, 0, 0, 0, 0, 0, 0, 10, 10, 0, 10, 10, 10, 0, 10, 0, 10, 0, 10, 10, 0, 0, 0, 10, 10, 10, 0, 10, 1, 10, 10, 3, 10, 0, 10, 10, 0, 0, 0, 10, 0, 10, 10, 0, 0, 0, 10, 10, 0, 10, 10, 0, 0, 0, 0, 0, 0, 2, 0, 0, 0, 0, 10, 0, 0, 0, 0, 0, 0, 0, 0, 0, 0, 0, 10, 0, 10, 0, : 10, 10, 10, 10, 10, 10, 10, 10, 10, 10, 10, 10, 10, 10, 10, 10, 10, 10, 10, 10, 10, 10, 10, 10, 10, 10, 10, 10, 10, 10, 1, 10, 10, 3, 10, 10, 10, 10, 10, 10, 10, 10, 10, 10, 2, 10, 10, 10, 
461: 0, 0, 10, 0, 16, 10, 0, 0, 0, 0, 0, 0, 0, 0, 10, 10, 10, 10, 10, 0, 10, 10, 10, 10, 0, 10, 0, 0, 10, 10, 10, 0, 0, 1, 0, 10, 0, 0, 10, 10, 0, 0, 0, 0, 10, 10, 10, 10, 0, 10, 0, 10, 10, 0, 0, 0, 0, 10, 10, 10, 0, 10, 13, 0, 0, 0, 0, 0, 10, 10, 0, 0, 0, 10, 0, 10, 10, 10, 0, 10, 10, 10, 0, 10, 0, 1, 10, 1, 10, 10, 0, 10, 0, 10, 10, 0, 0, 0, 10, 10, 0, 10, 0, 0, 10, 10, 10, 0, 0, 0, 10, 10, 10, 0, 0, 10, 0, 10, 0, 0, : 10, 16, 10, 10, 10, 10, 10, 10, 10, 10, 10, 10, 10, 10, 10, 10, 1, 10, 10, 10, 10, 10, 10, 10, 10, 10, 10, 10, 10, 10, 10, 13, 10, 10, 10, 10, 10, 10, 10, 10, 10, 10, 1, 10, 1, 10, 10, 10, 10, 10, 10, 10, 10, 10, 10, 10, 10, 10, 10, 10, 10, 
420: 0, 10, 1, 10, 10, 0, 10, 0, 0, 10, 10, 10, 0, 0, 10, 0, 0, 0, 0, 0, 10, 0, 0, 0, 0, 10, 10, 0, 0, 10, 10, 10, 10, 10, 0, 10, 10, 2, 10, 0, 0, 0, 0, 10, 0, 0, 0, 0, 10, 0, 10, 10, 10, 10, 0, 0, 0, 10, 10, 10, 0, 0, 10, 0, 10, 10, 0, 10, 10, 0, 10, 0, 0, 0, 10, 10, 0, 0, 0, 0, 0, 0, 10, 0, 0, 0, 0, 0, 0, 10, 10, 10, 0, 10, 0, 10, 10, 10, 0, 10, 10, 5, 0, 10, 10, 10, 10, 0, 10, 0, 0, 10, 10, 0, 0, 10, 10, 10, 0, 10, : 10, 1, 10, 10, 10, 10, 10, 10, 10, 10, 10, 10, 10, 10, 10, 10, 10, 10, 10, 2, 10, 10, 10, 10, 10, 10, 10, 10, 10, 10, 10, 10, 10, 10, 10, 10, 10, 10, 10, 10, 10, 10, 10, 10, 10, 10, 10, 10, 5, 10, 10, 10, 10, 10, 10, 10, 10, 10, 10, 10, 
111: 10, 0, 0, 10, 10, 10, 0, 0, 10, 10, 0, 0, 10, 0, 0, 0, 10, 2, 0, 10, 0, 0, 0, 0, 10, 10, 0, 10, 0, 0, 10, 10, 0, 10, 10, 10, 0, 10, 0, 0, 0, 0, 10, 10, 0, 10, 0, 10, 10, 2, 0, 10, 0, 10, 0, 0, 10, 10, 10, 0, 0, 10, 10, 10, 0, 10, 10, 10, 0, 10, 0, 1, 0, 10, 10, 10, 0, 10, 0, 0, 10, 10, 0, 1, 10, 10, 10, 10, 10, 10, 10, 0, 0, 10, 10, 10, 10, 0, 0, 0, 10, 0, 0, 0, 0, 10, 0, 10, 10, 10, 0, 0, 10, 10, 10, 0, 0, 0, 10, 0, : 10, 10, 10, 10, 10, 10, 10, 10, 2, 10, 10, 10, 10, 10, 10, 10, 10, 10, 10, 10, 10, 10, 10, 10, 2, 10, 10, 10, 10, 10, 10, 10, 10, 10, 10, 10, 10, 1, 10, 10, 10, 10, 10, 10, 1, 10, 10, 10, 10, 10, 10, 10, 10, 10, 10, 10, 10, 10, 10, 10, 10, 10, 10, 10, 10, 
517: 0, 10, 10, 0, 10, 0, 0, 10, 0, 0, 0, 10, 9, 0, 10, 0, 0, 10, 10, 10, 10, 0, 0, 10, 0, 0, 0, 0, 0, 0, 0, 10, 0, 10, 0, 10, 0, 0, 10, 0, 0, 10, 0, 10, 10, 0, 0, 0, 10, 0, 0, 10, 0, 10, 0, 10, 0, 10, 10, 0, 0, 10, 10, 10, 10, 0, 0, 10, 10, 10, 0, 10, 10, 10, 0, 0, 0, 0, 10, 0, 10, 10, 0, 10, 0, 0, 10, 10, 0, 0, 0, 17, 0, 10, 10, 0, 10, 2, 0, 10, 10, 0, 10, 0, 0, 0, 0, 0, 10, 0, 12, 10, 2, 0, 1, 0, 10, 10, 10, 7, : 10, 10, 10, 10, 10, 9, 10, 10, 10, 10, 10, 10, 10, 10, 10, 10, 10, 10, 10, 10, 10, 10, 10, 10, 10, 10, 10, 10, 10, 10, 10, 10, 10, 10, 10, 10, 10, 10, 10, 10, 10, 17, 10, 10, 10, 2, 10, 10, 10, 10, 12, 10, 2, 1, 10, 10, 10, 7, 
396: 0, 0, 10, 10, 0, 10, 10, 10, 10, 10, 10, 0, 0, 10, 0, 0, 0, 10, 10, 10, 0, 10, 0, 10, 10, 0, 10, 10, 0, 10, 10, 0, 10, 10, 0, 0, 18, 10, 0, 10, 10, 10, 10, 0, 10, 10, 10, 0, 0, 0, 9, 10, 10, 0, 0, 10, 0, 10, 10, 0, 10, 10, 0, 0, 10, 0, 10, 0, 10, 0, 0, 0, 10, 0, 0, 0, 10, 0, 10, 0, 0, 0, 10, 10, 10, 0, 0, 10, 10, 17, 10, 10, 10, 10, 0, 0, 10, 10, 10, 0, 10, 0, 0, 0, 0, 0, 10, 10, 10, 10, 0, 10, 0, 0, 10, 0, 10, 10, 10, 10, : 10, 10, 10, 10, 10, 10, 10, 10, 10, 10, 10, 10, 10, 10, 10, 10, 10, 10, 10, 10, 10, 18, 10, 10, 10, 10, 10, 10, 10, 10, 9, 10, 10, 10, 10, 10, 10, 10, 10, 10, 10, 10, 10, 10, 10, 10, 10, 10, 10, 17, 10, 10, 10, 10, 10, 10, 10, 10, 10, 10, 10, 10, 10, 10, 10, 10, 10, 10, 
438: 0, 10, 0, 7, 10, 0, 0, 10, 0, 0, 0, 0, 10, 0, 0, 0, 10, 10, 0, 0, 10, 10, 10, 10, 10, 10, 10, 10, 0, 0, 0, 10, 0, 0, 0, 0, 0, 0, 10, 10, 10, 0, 10, 10, 10, 0, 10, 0, 0, 0, 0, 0, 0, 10, 10, 10, 10, 10, 10, 10, 0, 0, 0, 0, 0, 0, 0, 0, 0, 0, 0, 10, 10, 10, 1, 0, 10, 10, 10, 0, 10, 5, 10, 0, 0, 10, 0, 0, 4, 10, 0, 10, 10, 0, 10, 0, 10, 10, 0, 0, 0, 10, 0, 0, 0, 10, 10, 2, 0, 10, 10, 10, 0, 0, 10, 0, 10, 10, 0, 0, : 10, 7, 10, 10, 10, 10, 10, 10, 10, 10, 10, 10, 10, 10, 10, 10, 10, 10, 10, 10, 10, 10, 10, 10, 10, 10, 10, 10, 10, 10, 10, 10, 10, 1, 10, 10, 10, 10, 5, 10, 10, 4, 10, 10, 10, 10, 10, 10, 10, 10, 10, 2, 10, 10, 10, 10, 10, 10, 
342: 10, 10, 10, 0, 10, 10, 10, 0, 10, 3, 0, 10, 10, 10, 0, 0, 10, 10, 0, 0, 0, 10, 0, 0, 0, 0, 10, 0, 10, 0, 10, 0, 0, 0, 10, 10, 10, 2, 0, 10, 10, 10, 10, 0, 0, 0, 10, 15, 0, 0, 0, 0, 10, 0, 0, 10, 10, 0, 0, 0, 0, 0, 10, 0, 10, 10, 0, 10, 10, 10, 10, 0, 10, 10, 10, 10, 10, 10, 0, 10, 10, 10, 0, 0, 10, 10, 15, 10, 10, 9, 0, 0, 0, 10, 10, 0, 0, 0, 10, 10, 0, 0, 10, 0, 10, 0, 10, 10, 0, 0, 0, 10, 0, 10, 0, 10, 0, 0, 10, 0, : 10, 10, 10, 10, 10, 10, 10, 3, 10, 10, 10, 10, 10, 10, 10, 10, 10, 10, 10, 10, 2, 10, 10, 10, 10, 10, 15, 10, 10, 10, 10, 10, 10, 10, 10, 10, 10, 10, 10, 10, 10, 10, 10, 10, 10, 10, 10, 10, 15, 10, 10, 9, 10, 10, 10, 10, 10, 10, 10, 10, 10, 10, 10, 10, 
169: 10, 0, 0, 10, 0, 10, 10, 0, 10, 0, 10, 10, 10, 10, 10, 0, 10, 10, 0, 0, 0, 0, 10, 0, 10, 10, 10, 0, 10, 0, 0, 10, 0, 10, 10, 0, 5, 10, 10, 10, 10, 10, 10, 1, 10, 10, 0, 0, 10, 10, 10, 10, 0, 0, 10, 0, 10, 0, 10, 0, 0, 0, 0, 0, 0, 1, 10, 0, 0, 0, 0, 10, 0, 10, 10, 0, 0, 0, 10, 10, 0, 10, 0, 3, 0, 0, 10, 2, 0, 10, 0, 10, 4, 0, 0, 10, 0, 10, 10, 0, 10, 0, 0, 0, 0, 0, 0, 10, 10, 10, 10, 10, 0, 10, 0, 0, 10, 0, 10, 10, : 10, 10, 10, 10, 10, 10, 10, 10, 10, 10, 10, 10, 10, 10, 10, 10, 10, 10, 10, 10, 5, 10, 10, 10, 10, 10, 10, 1, 10, 10, 10, 10, 10, 10, 10, 10, 10, 1, 10, 10, 10, 10, 10, 10, 10, 3, 10, 2, 10, 10, 4, 10, 10, 10, 10, 10, 10, 10, 10, 10, 10, 10, 10, 10, 
450: 0, 0, 0, 0, 0, 0, 10, 0, 0, 10, 0, 10, 10, 10, 0, 0, 10, 10, 10, 0, 0, 10, 10, 10, 0, 10, 10, 0, 10, 0, 0, 0, 10, 10, 10, 0, 0, 11, 10, 0, 10, 10, 0, 0, 0, 10, 0, 0, 0, 0, 10, 0, 10, 0, 10, 0, 0, 0, 10, 0, 0, 0, 10, 0, 10, 10, 0, 0, 0, 0, 10, 12, 10, 10, 0, 1, 10, 10, 0, 10, 2, 0, 0, 0, 0, 10, 10, 0, 0, 0, 0, 0, 10, 10, 0, 10, 10, 0, 10, 0, 10, 0, 0, 0, 0, 10, 10, 10, 10, 0, 0, 10, 10, 10, 10, 10, 0, 10, 0, 10, : 10, 10, 10, 10, 10, 10, 10, 10, 10, 10, 10, 10, 10, 10, 10, 10, 10, 11, 10, 10, 10, 10, 10, 10, 10, 10, 10, 10, 10, 10, 12, 10, 10, 1, 10, 10, 10, 2, 10, 10, 10, 10, 10, 10, 10, 10, 10, 10, 10, 10, 10, 10, 10, 10, 10, 10, 10, 
574: 3, 10, 0, 0, 0, 0, 10, 0, 1, 0, 5, 2, 0, 10, 0, 0, 3, 10, 0, 0, 0, 0, 10, 10, 10, 0, 0, 10, 10, 10, 1, 0, 0, 10, 10, 10, 0, 10, 10, 10, 0, 10, 10, 10, 0, 0, 10, 10, 0, 0, 0, 10, 0, 13, 10, 5, 0, 10, 10, 10, 10, 10, 0, 0, 0, 0, 0, 10, 0, 0, 10, 10, 10, 0, 10, 10, 0, 10, 0, 0, 0, 0, 10, 9, 0, 10, 10, 10, 10, 0, 10, 0, 0, 0, 10, 10, 10, 10, 0, 10, 0, 0, 0, 0, 3, 0, 10, 0, 0, 0, 10, 0, 10, 10, 0, 10, 10, 10, 10, 4, : 3, 10, 10, 1, 5, 2, 10, 3, 10, 10, 10, 10, 10, 10, 10, 1, 10, 10, 10, 10, 10, 10, 10, 10, 10, 10, 10, 10, 13, 10, 5, 10, 10, 10, 10, 10, 10, 10, 10, 10, 10, 10, 10, 10, 9, 10, 10, 10, 10, 10, 10, 10, 10, 10, 10, 3, 10, 10, 10, 10, 10, 10, 10, 10, 4, 
119: 0, 0, 0, 10, 10, 10, 0, 10, 0, 0, 10, 0, 0, 0, 10, 0, 10, 0, 0, 0, 10, 10, 10, 10, 10, 0, 0, 16, 10, 10, 10, 0, 10, 0, 0, 0, 0, 10, 10, 10, 10, 10, 0, 0, 0, 10, 10, 10, 10, 10, 0, 1, 0, 0, 0, 0, 0, 10, 0, 0, 10, 0, 10, 0, 10, 0, 10, 0, 1, 10, 10, 10, 0, 0, 0, 0, 0, 13, 10, 0, 0, 0, 0, 10, 0, 11, 10, 10, 10, 0, 10, 0, 10, 10, 0, 0, 2, 0, 10, 0, 0, 0, 10, 10, 0, 0, 0, 0, 0, 0, 0, 10, 10, 0, 0, 10, 15, 0, 0, 0, : 10, 10, 10, 10, 10, 10, 10, 10, 10, 10, 10, 10, 16, 10, 10, 10, 10, 10, 10, 10, 10, 10, 10, 10, 10, 10, 10, 1, 10, 10, 10, 10, 10, 1, 10, 10, 10, 13, 10, 10, 11, 10, 10, 10, 10, 10, 10, 2, 10, 10, 10, 10, 10, 10, 15, 
194: 0, 0, 10, 10, 0, 10, 0, 10, 0, 10, 0, 10, 0, 10, 0, 0, 10, 0, 0, 10, 0, 10, 0, 0, 10, 10, 10, 10, 10, 0, 0, 10, 10, 0, 10, 10, 10, 0, 0, 10, 0, 0, 10, 0, 10, 10, 0, 10, 0, 0, 0, 0, 10, 10, 0, 10, 0, 10, 0, 0, 10, 0, 10, 10, 10, 0, 0, 10, 0, 10, 0, 10, 10, 10, 1, 10, 0, 0, 10, 10, 10, 0, 10, 10, 0, 10, 10, 0, 10, 0, 0, 0, 10, 10, 10, 0, 0, 10, 0, 0, 0, 10, 10, 0, 10, 0, 0, 10, 0, 10, 10, 10, 0, 0, 10, 10, 10, 0, 0, 0, : 10, 10, 10, 10, 10, 10, 10, 10, 10, 10, 10, 10, 10, 10, 10, 10, 10, 10, 10, 10, 10, 10, 10, 10, 10, 10, 10, 10, 10, 10, 10, 10, 10, 10, 10, 10, 10, 10, 1, 10, 10, 10, 10, 10, 10, 10, 10, 10, 10, 10, 10, 10, 10, 10, 10, 10, 10, 10, 10, 10, 10, 10, 
242: 0, 10, 10, 10, 0, 10, 4, 10, 0, 10, 10, 10, 0, 10, 10, 6, 0, 10, 10, 0, 0, 0, 0, 0, 0, 10, 10, 0, 0, 0, 0, 10, 0, 10, 10, 10, 0, 0, 0, 10, 0, 10, 1, 0, 10, 0, 0, 10, 0, 0, 10, 0, 10, 10, 0, 10, 10, 0, 10, 0, 10, 10, 0, 0, 1, 10, 0, 10, 10, 10, 0, 0, 0, 10, 10, 10, 0, 10, 0, 10, 0, 10, 10, 0, 10, 10, 10, 0, 10, 0, 10, 0, 10, 10, 0, 0, 10, 10, 0, 0, 0, 0, 10, 0, 0, 0, 0, 0, 0, 0, 10, 10, 0, 0, 10, 0, 10, 0, 0, 0, : 10, 10, 10, 10, 4, 10, 10, 10, 10, 10, 10, 6, 10, 10, 10, 10, 10, 10, 10, 10, 10, 10, 1, 10, 10, 10, 10, 10, 10, 10, 10, 10, 10, 1, 10, 10, 10, 10, 10, 10, 10, 10, 10, 10, 10, 10, 10, 10, 10, 10, 10, 10, 10, 10, 10, 10, 10, 10, 10, 
205: 0, 1, 10, 10, 10, 0, 0, 0, 10, 10, 0, 0, 10, 10, 0, 10, 10, 10, 0, 10, 10, 0, 0, 0, 10, 0, 0, 0, 0, 10, 0, 10, 0, 0, 10, 0, 10, 0, 0, 0, 10, 10, 10, 10, 0, 1, 0, 0, 10, 10, 10, 10, 10, 10, 10, 10, 0, 10, 0, 0, 0, 10, 10, 0, 10, 0, 10, 10, 10, 10, 0, 10, 0, 10, 0, 0, 0, 0, 10, 0, 0, 0, 0, 10, 10, 10, 10, 0, 0, 0, 10, 0, 0, 10, 10, 0, 10, 0, 0, 10, 10, 10, 10, 10, 10, 0, 0, 10, 0, 0, 0, 10, 0, 0, 0, 10, 0, 0, 10, 0, : 1, 10, 10, 10, 10, 10, 10, 10, 10, 10, 10, 10, 10, 10, 10, 10, 10, 10, 10, 10, 10, 10, 1, 10, 10, 10, 10, 10, 10, 10, 10, 10, 10, 10, 10, 10, 10, 10, 10, 10, 10, 10, 10, 10, 10, 10, 10, 10, 10, 10, 10, 10, 10, 10, 10, 10, 10, 10, 10, 10, 
55: 10, 0, 0, 10, 10, 0, 0, 10, 0, 0, 10, 0, 10, 0, 0, 10, 0, 0, 0, 10, 10, 10, 10, 10, 0, 0, 10, 0, 10, 10, 10, 0, 7, 0, 10, 0, 10, 10, 10, 0, 0, 10, 10, 0, 10, 0, 10, 0, 0, 10, 0, 10, 10, 10, 10, 10, 0, 0, 0, 10, 10, 0, 5, 10, 0, 0, 10, 0, 0, 0, 10, 0, 10, 10, 10, 10, 10, 10, 15, 10, 10, 0, 10, 10, 0, 0, 10, 14, 0, 10, 0, 0, 7, 0, 10, 10, 10, 10, 10, 0, 10, 0, 0, 10, 0, 0, 0, 0, 10, 10, 0, 0, 2, 0, 10, 0, 10, 0, 10, 10, : 10, 10, 10, 10, 10, 10, 10, 10, 10, 10, 10, 10, 10, 10, 10, 10, 7, 10, 10, 10, 10, 10, 10, 10, 10, 10, 10, 10, 10, 10, 10, 10, 10, 5, 10, 10, 10, 10, 10, 10, 10, 10, 10, 15, 10, 10, 10, 10, 10, 14, 10, 7, 10, 10, 10, 10, 10, 10, 10, 10, 10, 2, 10, 10, 10, 10, 
49: 0, 0, 0, 0, 10, 10, 0, 0, 0, 0, 0, 10, 10, 0, 10, 10, 0, 0, 0, 0, 0, 0, 10, 10, 10, 10, 10, 10, 0, 10, 0, 10, 10, 10, 0, 0, 10, 0, 0, 0, 0, 0, 0, 0, 0, 10, 10, 10, 0, 10, 10, 10, 0, 10, 10, 0, 10, 10, 10, 10, 0, 0, 10, 10, 10, 10, 10, 0, 0, 0, 0, 0, 10, 8, 10, 0, 7, 2, 0, 10, 10, 0, 10, 0, 10, 10, 0, 0, 10, 10, 3, 10, 0, 0, 0, 0, 10, 10, 0, 10, 10, 10, 10, 0, 10, 10, 10, 0, 10, 0, 0, 10, 0, 0, 10, 10, 10, 0, 10, 0, : 10, 10, 10, 10, 10, 10, 10, 10, 10, 10, 10, 10, 10, 10, 10, 10, 10, 10, 10, 10, 10, 10, 10, 10, 10, 10, 10, 10, 10, 10, 10, 10, 10, 10, 10, 8, 10, 7, 2, 10, 10, 10, 10, 10, 10, 10, 3, 10, 10, 10, 10, 10, 10, 10, 10, 10, 10, 10, 10, 10, 10, 10, 10, 
493: 0, 10, 10, 10, 10, 10, 0, 10, 10, 10, 13, 10, 10, 10, 0, 0, 4, 0, 10, 10, 0, 10, 10, 0, 0, 10, 10, 10, 10, 10, 0, 0, 0, 0, 0, 6, 0, 0, 10, 0, 10, 10, 0, 14, 10, 12, 0, 10, 10, 10, 10, 10, 0, 0, 10, 10, 0, 10, 0, 10, 10, 0, 0, 0, 10, 10, 10, 0, 0, 10, 10, 10, 10, 0, 10, 0, 4, 10, 10, 0, 0, 0, 0, 10, 0, 10, 0, 10, 0, 10, 0, 16, 0, 10, 0, 10, 0, 0, 14, 0, 0, 0, 3, 10, 0, 10, 0, 0, 6, 0, 0, 10, 1, 10, 0, 10, 1, 0, 10, 0, : 10, 10, 10, 10, 10, 10, 10, 10, 13, 10, 10, 10, 4, 10, 10, 10, 10, 10, 10, 10, 10, 10, 6, 10, 10, 10, 14, 10, 12, 10, 10, 10, 10, 10, 10, 10, 10, 10, 10, 10, 10, 10, 10, 10, 10, 10, 10, 4, 10, 10, 10, 10, 10, 10, 16, 10, 10, 14, 3, 10, 10, 6, 10, 1, 10, 10, 1, 10, 
283: 10, 10, 10, 10, 6, 10, 0, 10, 0, 10, 0, 0, 10, 0, 10, 0, 0, 1, 0, 10, 10, 10, 10, 10, 10, 0, 0, 10, 10, 10, 10, 10, 0, 10, 10, 10, 0, 0, 10, 10, 0, 0, 0, 10, 10, 0, 0, 0, 10, 0, 10, 10, 0, 10, 10, 10, 10, 0, 10, 10, 0, 0, 0, 10, 0, 3, 0, 10, 0, 0, 0, 0, 0, 10, 0, 10, 0, 10, 0, 0, 0, 10, 10, 0, 10, 0, 10, 0, 10, 0, 10, 0, 0, 10, 10, 0, 0, 0, 10, 10, 10, 10, 10, 0, 4, 0, 10, 0, 0, 10, 0, 0, 0, 10, 10, 0, 10, 0, 10, 10, : 10, 10, 10, 10, 6, 10, 10, 10, 10, 10, 1, 10, 10, 10, 10, 10, 10, 10, 10, 10, 10, 10, 10, 10, 10, 10, 10, 10, 10, 10, 10, 10, 10, 10, 10, 10, 10, 10, 10, 3, 10, 10, 10, 10, 10, 10, 10, 10, 10, 10, 10, 10, 10, 10, 10, 10, 10, 4, 10, 10, 10, 10, 10, 10, 10, 
180: 10, 10, 10, 0, 0, 0, 10, 10, 10, 0, 10, 0, 0, 10, 0, 10, 10, 10, 10, 10, 0, 10, 0, 10, 10, 0, 0, 2, 0, 10, 0, 10, 10, 10, 10, 10, 0, 10, 0, 0, 10, 0, 0, 0, 0, 0, 10, 0, 10, 0, 10, 10, 0, 0, 10, 10, 10, 0, 0, 10, 9, 0, 0, 0, 0, 0, 10, 2, 0, 10, 10, 10, 10, 10, 0, 10, 0, 10, 0, 0, 0, 0, 0, 10, 10, 10, 10, 10, 10, 10, 10, 10, 0, 10, 0, 10, 10, 0, 4, 10, 10, 10, 0, 10, 10, 0, 0, 5, 0, 0, 10, 10, 0, 0, 10, 10, 0, 0, 0, 0, : 10, 10, 10, 10, 10, 10, 10, 10, 10, 10, 10, 10, 10, 10, 10, 10, 2, 10, 10, 10, 10, 10, 10, 10, 10, 10, 10, 10, 10, 10, 10, 10, 10, 9, 10, 2, 10, 10, 10, 10, 10, 10, 10, 10, 10, 10, 10, 10, 10, 10, 10, 10, 10, 10, 10, 4, 10, 10, 10, 10, 10, 5, 10, 10, 10, 10, 
373: 10, 10, 0, 10, 10, 0, 10, 0, 0, 10, 0, 10, 0, 10, 10, 10, 0, 10, 10, 10, 0, 10, 0, 10, 10, 0, 0, 0, 10, 10, 0, 10, 10, 0, 10, 0, 2, 0, 0, 10, 10, 10, 10, 0, 0, 0, 0, 0, 0, 0, 10, 10, 0, 0, 10, 10, 0, 0, 0, 0, 10, 0, 10, 0, 1, 0, 10, 10, 0, 10, 10, 10, 10, 0, 0, 0, 10, 10, 0, 0, 10, 10, 0, 0, 10, 13, 10, 0, 0, 0, 0, 0, 0, 10, 1, 10, 10, 0, 10, 0, 0, 0, 10, 0, 0, 10, 10, 0, 0, 10, 0, 0, 0, 10, 0, 10, 10, 0, 10, 10, : 10, 10, 10, 10, 10, 10, 10, 10, 10, 10, 10, 10, 10, 10, 10, 10, 10, 10, 10, 10, 10, 2, 10, 10, 10, 10, 10, 10, 10, 10, 10, 10, 1, 10, 10, 10, 10, 10, 10, 10, 10, 10, 10, 10, 13, 10, 10, 1, 10, 10, 10, 10, 10, 10, 10, 10, 10, 10, 10, 10, 


203: 0, 10, 10, 10, 0, 5, 2, 10, 10, 0, 0, 10, 10, 0, 0, 10, 0, 10, 0, 0, 0, 2, 10, 0, 0, 10, 10, 10, 0, 0, 10, 10, 16, 10, 10, 10, 10, 10, 10, 10, 10, 0, 10, 0, 0, 0, 0, 0, 10, 10, 10, 10, 10, 0, 10, 10, 0, 0, 10, 0, 10, 0, 0, 10, 2, 0, 0, 0, 10, 0, 0, 0, 0, 0, 0, 10, 0, 0, 10, 10, 0, 10, 0, 10, 0, 0, 10, 10, 10, 0, 10, 10, 0, 10, 10, 0, 10, 0, 0, 0, 10, 10, 20, 0, 0, 0, 10, 10, 0, 10, 0, 10, 0, 10, 0, 10, 10, 10, 0, 0, : 10, 10, 10, 5, 2, 10, 10, 10, 10, 10, 10, 2, 10, 10, 10, 10, 10, 10, 16, 10, 10, 10, 10, 10, 10, 10, 10, 10, 10, 10, 10, 10, 10, 10, 10, 10, 10, 10, 2, 10, 10, 10, 10, 10, 10, 10, 10, 10, 10, 10, 10, 10, 10, 10, 10, 20, 10, 10, 10, 10, 10, 10, 10, 10, 
75: 10, 0, 0, 10, 10, 10, 0, 10, 0, 0, 10, 0, 0, 10, 0, 0, 0, 17, 0, 10, 0, 0, 0, 0, 0, 16, 10, 10, 10, 10, 10, 10, 0, 10, 10, 10, 0, 10, 10, 10, 0, 6, 10, 3, 0, 0, 0, 10, 0, 10, 0, 11, 0, 10, 10, 10, 0, 0, 10, 0, 0, 10, 10, 0, 10, 10, 10, 10, 0, 10, 0, 0, 0, 0, 10, 2, 0, 10, 10, 10, 10, 10, 0, 0, 3, 0, 0, 0, 10, 10, 10, 10, 10, 0, 10, 10, 0, 0, 10, 0, 10, 0, 2, 10, 0, 10, 0, 0, 10, 10, 10, 1, 0, 10, 0, 0, 10, 10, 0, 0, : 10, 10, 10, 10, 10, 10, 10, 17, 10, 16, 10, 10, 10, 10, 10, 10, 10, 10, 10, 10, 10, 10, 6, 10, 3, 10, 10, 11, 10, 10, 10, 10, 10, 10, 10, 10, 10, 10, 10, 10, 2, 10, 10, 10, 10, 10, 3, 10, 10, 10, 10, 10, 10, 10, 10, 10, 2, 10, 10, 10, 10, 10, 1, 10, 10, 10, 
273: 10, 10, 10, 10, 10, 10, 0, 0, 10, 10, 10, 10, 10, 0, 10, 0, 10, 10, 0, 0, 0, 0, 0, 0, 0, 10, 10, 10, 0, 0, 19, 0, 1, 0, 0, 0, 19, 0, 10, 10, 0, 0, 0, 10, 0, 10, 10, 0, 20, 5, 10, 10, 0, 10, 10, 0, 10, 10, 0, 0, 10, 10, 0, 10, 0, 10, 10, 10, 0, 10, 0, 0, 0, 0, 10, 10, 10, 10, 10, 10, 10, 0, 10, 10, 10, 0, 0, 0, 10, 0, 10, 10, 0, 10, 0, 0, 0, 10, 0, 10, 10, 2, 10, 10, 0, 10, 10, 10, 10, 10, 10, 0, 0, 0, 0, 0, 0, 10, 0, 10, : 10, 10, 10, 10, 10, 10, 10, 10, 10, 10, 10, 10, 10, 10, 10, 10, 10, 19, 1, 19, 10, 10, 10, 10, 10, 20, 5, 10, 10, 10, 10, 10, 10, 10, 10, 10, 10, 10, 10, 10, 10, 10, 10, 10, 10, 10, 10, 10, 10, 10, 10, 10, 10, 10, 10, 10, 10, 2, 10, 10, 10, 10, 10, 10, 10, 10, 10, 10, 
158: 0, 0, 0, 0, 0, 10, 10, 0, 0, 0, 10, 0, 0, 10, 0, 0, 0, 0, 11, 10, 10, 0, 0, 0, 0, 10, 10, 0, 10, 10, 10, 10, 10, 0, 10, 10, 0, 10, 0, 10, 0, 0, 0, 0, 0, 0, 10, 10, 0, 10, 10, 0, 0, 0, 10, 0, 10, 10, 10, 0, 0, 0, 10, 0, 0, 0, 0, 2, 10, 10, 0, 10, 0, 0, 0, 0, 0, 10, 0, 0, 0, 10, 0, 10, 10, 10, 5, 10, 10, 0, 0, 10, 10, 10, 10, 10, 0, 0, 10, 0, 0, 10, 10, 10, 0, 10, 10, 10, 10, 10, 0, 10, 0, 0, 10, 0, 10, 0, 16, 0, : 10, 10, 10, 10, 11, 10, 10, 10, 10, 10, 10, 10, 10, 10, 10, 10, 10, 10, 10, 10, 10, 10, 10, 10, 10, 10, 10, 2, 10, 10, 10, 10, 10, 10, 10, 10, 5, 10, 10, 10, 10, 10, 10, 10, 10, 10, 10, 10, 10, 10, 10, 10, 10, 10, 10, 10, 16, 
294: 10, 0, 0, 0, 0, 10, 0, 10, 10, 10, 8, 10, 0, 0, 10, 10, 0, 0, 10, 0, 10, 10, 0, 10, 10, 0, 10, 10, 0, 10, 10, 10, 10, 10, 10, 10, 0, 0, 0, 10, 10, 0, 10, 10, 10, 0, 0, 0, 10, 10, 0, 0, 10, 10, 10, 10, 0, 10, 0, 10, 10, 0, 10, 0, 10, 0, 0, 10, 10, 10, 0, 10, 10, 10, 0, 0, 10, 0, 10, 10, 10, 10, 0, 10, 10, 10, 0, 0, 0, 10, 10, 10, 10, 0, 10, 10, 0, 10, 0, 10, 0, 1, 10, 10, 0, 0, 0, 0, 0, 10, 0, 0, 10, 10, 10, 10, 0, 0, 5, 0, : 10, 10, 10, 10, 10, 8, 10, 10, 10, 10, 10, 10, 10, 10, 10, 10, 10, 10, 10, 10, 10, 10, 10, 10, 10, 10, 10, 10, 10, 10, 10, 10, 10, 10, 10, 10, 10, 10, 10, 10, 10, 10, 10, 10, 10, 10, 10, 10, 10, 10, 10, 10, 10, 10, 10, 10, 10, 10, 10, 10, 10, 1, 10, 10, 10, 10, 10, 10, 10, 5, 
96: 10, 17, 0, 10, 0, 0, 0, 10, 10, 13, 0, 0, 0, 10, 0, 0, 0, 0, 10, 10, 10, 10, 10, 10, 0, 0, 0, 10, 0, 10, 10, 0, 20, 2, 10, 10, 10, 10, 0, 0, 0, 0, 10, 0, 0, 10, 10, 0, 0, 0, 10, 0, 0, 0, 10, 0, 0, 10, 10, 0, 1, 10, 0, 0, 10, 10, 10, 10, 0, 0, 10, 10, 10, 0, 0, 10, 0, 0, 10, 0, 0, 0, 0, 0, 10, 0, 0, 0, 10, 10, 0, 0, 0, 0, 10, 10, 0, 10, 0, 10, 17, 10, 10, 2, 0, 10, 10, 10, 0, 10, 0, 0, 0, 10, 12, 0, 10, 0, 0, 0, : 10, 17, 10, 10, 10, 13, 10, 10, 10, 10, 10, 10, 10, 10, 10, 10, 20, 2, 10, 10, 10, 10, 10, 10, 10, 10, 10, 10, 10, 1, 10, 10, 10, 10, 10, 10, 10, 10, 10, 10, 10, 10, 10, 10, 10, 10, 10, 17, 10, 10, 2, 10, 10, 10, 10, 10, 12, 10, 
8: 0, 10, 10, 10, 0, 0, 10, 0, 0, 0, 10, 6, 10, 0, 0, 10, 0, 0, 0, 10, 0, 10, 0, 0, 0, 0, 0, 10, 0, 10, 10, 0, 0, 0, 10, 10, 0, 0, 0, 10, 0, 10, 0, 2, 0, 10, 0, 0, 10, 0, 10, 0, 0, 10, 0, 0, 0, 10, 10, 0, 10, 0, 0, 0, 10, 10, 10, 0, 10, 0, 10, 0, 0, 0, 10, 0, 0, 0, 0, 0, 10, 10, 0, 10, 0, 10, 0, 10, 0, 0, 10, 0, 10, 10, 2, 0, 0, 10, 10, 10, 18, 10, 10, 1, 0, 0, 0, 0, 10, 0, 10, 0, 10, 0, 10, 0, 0, 0, 10, 0, : 10, 10, 10, 10, 10, 6, 10, 10, 10, 10, 10, 10, 10, 10, 10, 10, 10, 2, 10, 10, 10, 10, 10, 10, 10, 10, 10, 10, 10, 10, 10, 10, 10, 10, 10, 10, 10, 10, 10, 2, 10, 10, 10, 18, 10, 10, 1, 10, 10, 10, 10, 10, 
219: 0, 10, 0, 10, 0, 10, 0, 0, 0, 0, 0, 0, 10, 10, 0, 10, 0, 10, 0, 0, 10, 10, 0, 10, 0, 0, 10, 0, 10, 0, 0, 5, 0, 0, 10, 10, 10, 10, 0, 10, 10, 10, 10, 10, 10, 0, 0, 10, 0, 10, 0, 10, 0, 0, 10, 0, 10, 0, 0, 10, 10, 0, 10, 0, 0, 10, 10, 10, 9, 10, 10, 0, 0, 10, 9, 10, 0, 0, 0, 10, 10, 0, 0, 10, 10, 10, 10, 10, 10, 10, 10, 0, 10, 0, 10, 0, 0, 10, 10, 10, 0, 0, 10, 0, 10, 0, 0, 0, 10, 20, 10, 10, 10, 10, 0, 0, 1, 10, 0, 10, : 10, 10, 10, 10, 10, 10, 10, 10, 10, 10, 10, 10, 5, 10, 10, 10, 10, 10, 10, 10, 10, 10, 10, 10, 10, 10, 10, 10, 10, 10, 10, 10, 10, 10, 9, 10, 10, 10, 9, 10, 10, 10, 10, 10, 10, 10, 10, 10, 10, 10, 10, 10, 10, 10, 10, 10, 10, 10, 20, 10, 10, 10, 10, 1, 10, 10, 
30: 0, 0, 0, 0, 10, 10, 10, 0, 10, 10, 0, 0, 10, 0, 0, 0, 0, 0, 0, 10, 0, 10, 0, 0, 10, 0, 10, 10, 0, 10, 0, 10, 10, 10, 0, 0, 10, 0, 0, 0, 0, 10, 10, 0, 10, 0, 0, 0, 10, 0, 10, 0, 0, 0, 0, 10, 0, 10, 10, 0, 0, 0, 10, 0, 10, 10, 0, 0, 0, 10, 0, 10, 10, 10, 0, 0, 10, 0, 0, 0, 10, 0, 0, 10, 10, 0, 0, 10, 0, 0, 10, 10, 0, 10, 0, 10, 10, 10, 0, 10, 10, 0, 10, 0, 0, 0, 0, 16, 10, 0, 0, 0, 10, 10, 10, 10, 0, 0, 0, 0, : 10, 10, 10, 10, 10, 10, 10, 10, 10, 10, 10, 10, 10, 10, 10, 10, 10, 10, 10, 10, 10, 10, 10, 10, 10, 10, 10, 10, 10, 10, 10, 10, 10, 10, 10, 10, 10, 10, 10, 10, 10, 10, 10, 10, 10, 16, 10, 10, 10, 10, 10, 
349: 10, 0, 0, 0, 0, 0, 0, 10, 10, 0, 0, 10, 10, 1, 10, 0, 10, 10, 0, 10, 10, 0, 10, 0, 10, 10, 0, 10, 10, 10, 0, 10, 10, 0, 0, 0, 0, 0, 10, 0, 0, 0, 10, 10, 0, 10, 10, 10, 0, 10, 0, 0, 10, 10, 0, 10, 0, 0, 9, 10, 0, 10, 0, 10, 10, 10, 0, 10, 10, 0, 10, 10, 10, 10, 3, 10, 10, 0, 0, 0, 10, 10, 0, 0, 0, 0, 10, 10, 0, 0, 0, 12, 0, 10, 0, 1, 0, 0, 10, 10, 10, 8, 0, 10, 10, 0, 2, 0, 0, 0, 0, 10, 10, 0, 0, 10, 10, 10, 10, 10, : 10, 10, 10, 10, 10, 1, 10, 10, 10, 10, 10, 10, 10, 10, 10, 10, 10, 10, 10, 10, 10, 10, 10, 10, 10, 10, 10, 10, 10, 9, 10, 10, 10, 10, 10, 10, 10, 10, 10, 10, 10, 3, 10, 10, 10, 10, 10, 10, 12, 10, 1, 10, 10, 10, 8, 10, 10, 2, 10, 10, 10, 10, 10, 10, 10, 
126: 10, 10, 10, 10, 0, 9, 10, 10, 0, 0, 10, 0, 10, 10, 0, 10, 10, 10, 10, 10, 10, 10, 10, 10, 10, 10, 10, 0, 10, 10, 10, 0, 10, 10, 0, 0, 0, 10, 10, 10, 10, 0, 10, 10, 10, 0, 10, 10, 0, 10, 0, 0, 0, 0, 10, 10, 10, 10, 0, 10, 0, 0, 0, 10, 10, 10, 0, 10, 10, 10, 10, 10, 0, 0, 10, 10, 10, 0, 10, 10, 0, 10, 10, 0, 5, 0, 15, 10, 10, 0, 3, 10, 10, 0, 0, 0, 10, 10, 10, 0, 10, 10, 0, 0, 0, 0, 10, 0, 10, 0, 5, 10, 10, 10, 0, 10, 10, 10, 10, 10, : 10, 10, 10, 10, 9, 10, 10, 10, 10, 10, 10, 10, 10, 10, 10, 10, 10, 10, 10, 10, 10, 10, 10, 10, 10, 10, 10, 10, 10, 10, 10, 10, 10, 10, 10, 10, 10, 10, 10, 10, 10, 10, 10, 10, 10, 10, 10, 10, 10, 10, 10, 10, 10, 10, 10, 10, 10, 5, 15, 10, 10, 3, 10, 10, 10, 10, 10, 10, 10, 10, 10, 5, 10, 10, 10, 10, 10, 10, 10, 10, 
522: 0, 0, 0, 0, 10, 0, 0, 10, 4, 2, 10, 10, 20, 10, 10, 0, 0, 0, 10, 0, 1, 0, 10, 0, 0, 0, 0, 0, 0, 10, 0, 10, 10, 10, 0, 10, 10, 10, 0, 10, 10, 0, 10, 10, 0, 0, 10, 10, 0, 10, 10, 1, 0, 10, 10, 10, 0, 0, 0, 0, 0, 10, 0, 0, 10, 10, 3, 10, 0, 0, 0, 10, 10, 10, 10, 10, 0, 10, 0, 0, 0, 4, 10, 0, 10, 10, 0, 10, 0, 10, 0, 10, 0, 0, 0, 10, 5, 0, 10, 10, 0, 0, 0, 10, 0, 0, 10, 0, 0, 10, 10, 10, 10, 0, 0, 10, 0, 0, 0, 8, : 10, 10, 4, 2, 10, 10, 20, 10, 10, 10, 1, 10, 10, 10, 10, 10, 10, 10, 10, 10, 10, 10, 10, 10, 10, 10, 10, 1, 10, 10, 10, 10, 10, 10, 3, 10, 10, 10, 10, 10, 10, 10, 4, 10, 10, 10, 10, 10, 10, 10, 5, 10, 10, 10, 10, 10, 10, 10, 10, 10, 8, 
172: 10, 10, 10, 0, 10, 0, 0, 0, 0, 10, 0, 0, 10, 0, 10, 10, 10, 0, 0, 0, 10, 0, 10, 10, 10, 2, 0, 0, 10, 10, 10, 10, 0, 0, 10, 0, 0, 0, 0, 0, 10, 10, 0, 10, 10, 0, 0, 10, 10, 6, 0, 0, 0, 10, 0, 0, 0, 10, 0, 10, 0, 0, 10, 0, 10, 0, 0, 0, 10, 0, 0, 0, 10, 0, 0, 10, 0, 0, 10, 10, 0, 10, 10, 0, 0, 10, 0, 0, 0, 0, 0, 10, 10, 10, 0, 0, 10, 0, 0, 0, 10, 0, 10, 10, 0, 10, 10, 10, 0, 0, 10, 10, 10, 10, 10, 10, 10, 0, 10, 10, : 10, 10, 10, 10, 10, 10, 10, 10, 10, 10, 10, 10, 10, 2, 10, 10, 10, 10, 10, 10, 10, 10, 10, 10, 10, 6, 10, 10, 10, 10, 10, 10, 10, 10, 10, 10, 10, 10, 10, 10, 10, 10, 10, 10, 10, 10, 10, 10, 10, 10, 10, 10, 10, 10, 10, 10, 10, 10, 
415: 0, 0, 10, 0, 10, 10, 0, 0, 10, 10, 10, 0, 0, 0, 10, 10, 0, 10, 0, 10, 0, 0, 0, 10, 10, 10, 10, 0, 0, 0, 0, 0, 0, 0, 0, 10, 0, 0, 0, 10, 10, 10, 10, 0, 0, 0, 10, 0, 10, 0, 3, 10, 10, 0, 0, 0, 1, 0, 10, 0, 0, 10, 10, 10, 0, 10, 10, 10, 0, 0, 0, 10, 10, 0, 0, 10, 10, 10, 10, 0, 0, 10, 10, 10, 10, 10, 0, 0, 0, 0, 0, 10, 10, 10, 10, 0, 10, 10, 10, 10, 0, 10, 0, 10, 0, 10, 0, 10, 0, 0, 10, 10, 0, 10, 10, 0, 10, 0, 10, 0, : 10, 10, 10, 10, 10, 10, 10, 10, 10, 10, 10, 10, 10, 10, 10, 10, 10, 10, 10, 10, 10, 3, 10, 10, 1, 10, 10, 10, 10, 10, 10, 10, 10, 10, 10, 10, 10, 10, 10, 10, 10, 10, 10, 10, 10, 10, 10, 10, 10, 10, 10, 10, 10, 10, 10, 10, 10, 10, 10, 10, 10, 
134: 10, 0, 10, 0, 10, 0, 0, 10, 10, 10, 10, 10, 10, 0, 10, 0, 0, 0, 0, 0, 2, 14, 0, 0, 10, 0, 10, 10, 0, 0, 0, 0, 10, 0, 0, 0, 0, 10, 0, 0, 0, 0, 10, 0, 0, 10, 0, 10, 10, 0, 0, 1, 10, 10, 10, 0, 10, 0, 0, 10, 10, 10, 0, 0, 0, 10, 2, 0, 10, 0, 10, 10, 0, 10, 10, 10, 0, 0, 10, 10, 10, 10, 10, 10, 0, 0, 0, 0, 10, 10, 10, 0, 10, 0, 10, 0, 10, 0, 10, 10, 10, 10, 0, 10, 10, 0, 0, 10, 0, 10, 0, 10, 0, 0, 0, 10, 0, 10, 10, 0, : 10, 10, 10, 10, 10, 10, 10, 10, 10, 10, 2, 14, 10, 10, 10, 10, 10, 10, 10, 10, 10, 1, 10, 10, 10, 10, 10, 10, 10, 10, 2, 10, 10, 10, 10, 10, 10, 10, 10, 10, 10, 10, 10, 10, 10, 10, 10, 10, 10, 10, 10, 10, 10, 10, 10, 10, 10, 10, 10, 10, 10, 
536: 10, 10, 10, 10, 10, 0, 10, 10, 10, 10, 10, 10, 10, 10, 10, 0, 0, 0, 10, 10, 10, 10, 10, 0, 10, 0, 0, 10, 0, 10, 0, 0, 0, 1, 0, 10, 0, 10, 10, 0, 10, 10, 0, 0, 0, 0, 10, 0, 10, 20, 0, 10, 10, 0, 10, 10, 0, 0, 10, 10, 0, 0, 10, 10, 10, 10, 0, 0, 0, 0, 10, 0, 3, 10, 10, 0, 10, 0, 0, 0, 10, 10, 0, 10, 0, 0, 0, 10, 10, 10, 0, 5, 10, 10, 0, 0, 10, 10, 10, 0, 10, 0, 10, 10, 0, 0, 0, 0, 0, 10, 10, 10, 10, 1, 10, 0, 0, 0, 10, 9, : 10, 10, 10, 10, 10, 10, 10, 10, 10, 10, 10, 10, 10, 10, 10, 10, 10, 10, 10, 10, 10, 10, 1, 10, 10, 10, 10, 10, 10, 10, 20, 10, 10, 10, 10, 10, 10, 10, 10, 10, 10, 10, 3, 10, 10, 10, 10, 10, 10, 10, 10, 10, 5, 10, 10, 10, 10, 10, 10, 10, 10, 10, 10, 10, 10, 1, 10, 10, 9, 
269: 11, 10, 0, 0, 10, 10, 0, 0, 10, 10, 0, 0, 0, 0, 10, 10, 10, 10, 0, 0, 10, 10, 0, 0, 20, 10, 10, 0, 0, 0, 10, 0, 0, 0, 10, 10, 10, 10, 0, 0, 0, 0, 10, 10, 10, 10, 0, 10, 10, 0, 10, 0, 0, 10, 10, 10, 0, 10, 10, 10, 0, 0, 0, 10, 10, 0, 0, 0, 10, 0, 0, 0, 0, 10, 10, 0, 10, 0, 10, 10, 0, 0, 10, 0, 10, 10, 0, 10, 0, 0, 10, 10, 10, 0, 0, 10, 0, 0, 10, 0, 0, 0, 0, 0, 10, 0, 10, 0, 0, 10, 0, 0, 0, 0, 0, 10, 10, 0, 10, 0, : 11, 10, 10, 10, 10, 10, 10, 10, 10, 10, 10, 10, 20, 10, 10, 10, 10, 10, 10, 10, 10, 10, 10, 10, 10, 10, 10, 10, 10, 10, 10, 10, 10, 10, 10, 10, 10, 10, 10, 10, 10, 10, 10, 10, 10, 10, 10, 10, 10, 10, 10, 10, 10, 10, 10, 10, 
84: 0, 10, 0, 0, 0, 0, 0, 0, 10, 0, 0, 10, 0, 0, 0, 10, 0, 0, 0, 10, 0, 0, 10, 0, 10, 10, 0, 0, 0, 10, 10, 0, 0, 0, 0, 0, 10, 10, 0, 0, 10, 0, 10, 0, 10, 10, 10, 0, 10, 10, 10, 10, 10, 0, 0, 0, 10, 0, 0, 0, 0, 0, 10, 10, 0, 0, 10, 10, 0, 0, 0, 0, 10, 10, 0, 10, 0, 10, 0, 10, 0, 0, 10, 0, 0, 0, 10, 0, 10, 10, 0, 10, 0, 10, 10, 1, 10, 10, 0, 10, 0, 0, 10, 0, 0, 0, 0, 0, 10, 10, 0, 0, 10, 10, 10, 0, 10, 10, 10, 10, : 10, 10, 10, 10, 10, 10, 10, 10, 10, 10, 10, 10, 10, 10, 10, 10, 10, 10, 10, 10, 10, 10, 10, 10, 10, 10, 10, 10, 10, 10, 10, 10, 10, 10, 10, 10, 10, 10, 10, 1, 10, 10, 10, 10, 10, 10, 10, 10, 10, 10, 10, 10, 10, 
372: 10, 10, 10, 0, 10, 10, 10, 10, 0, 0, 0, 10, 10, 10, 10, 10, 0, 0, 10, 10, 10, 10, 0, 10, 0, 10, 10, 0, 10, 10, 0, 10, 0, 10, 0, 10, 1, 10, 10, 0, 0, 0, 0, 10, 0, 10, 0, 0, 0, 10, 10, 10, 10, 0, 10, 10, 10, 10, 10, 0, 10, 0, 0, 0, 10, 0, 0, 10, 0, 10, 0, 10, 0, 10, 0, 10, 10, 0, 10, 0, 10, 10, 0, 0, 10, 0, 0, 0, 0, 10, 0, 0, 0, 0, 10, 10, 0, 10, 10, 10, 10, 0, 0, 0, 0, 2, 0, 0, 10, 0, 10, 10, 10, 10, 0, 0, 0, 0, 0, 0, : 10, 10, 10, 10, 10, 10, 10, 10, 10, 10, 10, 10, 10, 10, 10, 10, 10, 10, 10, 10, 10, 10, 10, 10, 1, 10, 10, 10, 10, 10, 10, 10, 10, 10, 10, 10, 10, 10, 10, 10, 10, 10, 10, 10, 10, 10, 10, 10, 10, 10, 10, 10, 10, 10, 10, 10, 10, 2, 10, 10, 10, 10, 10, 
529: 0, 0, 0, 0, 0, 0, 0, 0, 10, 10, 0, 10, 10, 10, 0, 10, 0, 0, 0, 0, 10, 0, 0, 0, 0, 0, 0, 10, 0, 0, 0, 10, 10, 0, 0, 0, 10, 0, 10, 2, 10, 10, 10, 10, 0, 0, 10, 0, 10, 0, 10, 10, 10, 0, 10, 10, 10, 0, 0, 10, 0, 10, 0, 10, 0, 10, 0, 0, 10, 10, 0, 0, 10, 10, 10, 0, 10, 10, 10, 0, 0, 10, 10, 0, 10, 0, 0, 0, 10, 10, 10, 10, 1, 0, 0, 10, 0, 0, 10, 0, 10, 10, 10, 0, 0, 0, 0, 10, 10, 0, 10, 10, 0, 10, 10, 0, 20, 10, 0, 10, : 10, 10, 10, 10, 10, 10, 10, 10, 10, 10, 10, 10, 2, 10, 10, 10, 10, 10, 10, 10, 10, 10, 10, 10, 10, 10, 10, 10, 10, 10, 10, 10, 10, 10, 10, 10, 10, 10, 10, 10, 10, 10, 10, 10, 1, 10, 10, 10, 10, 10, 10, 10, 10, 10, 10, 10, 20, 10, 10, 
82: 10, 0, 10, 10, 0, 10, 10, 0, 10, 10, 0, 10, 0, 0, 10, 0, 10, 10, 0, 10, 0, 0, 0, 10, 0, 0, 0, 10, 0, 1, 10, 10, 10, 0, 0, 0, 0, 0, 10, 0, 10, 0, 0, 10, 0, 0, 10, 10, 0, 0, 0, 0, 10, 0, 10, 0, 10, 0, 10, 10, 10, 10, 10, 10, 10, 10, 0, 0, 0, 0, 0, 1, 10, 0, 0, 10, 0, 10, 10, 0, 10, 10, 0, 10, 0, 0, 0, 10, 10, 0, 0, 10, 10, 0, 0, 0, 1, 10, 10, 10, 10, 10, 0, 0, 10, 0, 10, 10, 0, 0, 0, 0, 0, 10, 2, 0, 10, 10, 10, 0, : 10, 10, 10, 10, 10, 10, 10, 10, 10, 10, 10, 10, 10, 10, 1, 10, 10, 10, 10, 10, 10, 10, 10, 10, 10, 10, 10, 10, 10, 10, 10, 10, 10, 10, 1, 10, 10, 10, 10, 10, 10, 10, 10, 10, 10, 10, 1, 10, 10, 10, 10, 10, 10, 10, 10, 10, 2, 10, 10, 10, 
56: 0, 10, 10, 0, 10, 0, 0, 10, 0, 10, 10, 10, 10, 0, 0, 10, 0, 10, 10, 10, 10, 0, 0, 10, 0, 10, 0, 10, 2, 0, 10, 10, 10, 10, 0, 10, 0, 8, 10, 10, 10, 0, 10, 10, 10, 10, 10, 10, 0, 10, 0, 10, 0, 0, 0, 0, 0, 0, 0, 0, 10, 10, 0, 0, 10, 0, 10, 10, 0, 0, 10, 0, 10, 0, 0, 0, 0, 10, 10, 10, 10, 10, 0, 0, 10, 10, 0, 10, 0, 0, 10, 0, 0, 10, 0, 0, 10, 0, 10, 0, 3, 0, 10, 0, 0, 10, 10, 0, 0, 0, 0, 0, 0, 0, 10, 0, 0, 0, 0, 10, : 10, 10, 10, 10, 10, 10, 10, 10, 10, 10, 10, 10, 10, 10, 10, 10, 2, 10, 10, 10, 10, 10, 8, 10, 10, 10, 10, 10, 10, 10, 10, 10, 10, 10, 10, 10, 10, 10, 10, 10, 10, 10, 10, 10, 10, 10, 10, 10, 10, 10, 10, 10, 10, 3, 10, 10, 10, 10, 10, 
250: 10, 0, 10, 2, 10, 0, 10, 10, 0, 0, 10, 10, 0, 10, 10, 10, 10, 10, 0, 0, 10, 10, 10, 10, 0, 0, 10, 0, 10, 0, 10, 10, 0, 0, 10, 10, 10, 10, 10, 0, 10, 10, 0, 0, 0, 0, 10, 0, 10, 10, 10, 10, 10, 0, 10, 10, 10, 10, 10, 10, 0, 10, 10, 10, 10, 0, 0, 10, 10, 0, 10, 0, 0, 16, 10, 0, 10, 0, 0, 0, 10, 2, 0, 10, 0, 0, 10, 10, 10, 10, 0, 0, 0, 10, 0, 0, 0, 10, 10, 0, 0, 10, 0, 0, 10, 0, 0, 10, 10, 10, 0, 0, 0, 0, 0, 0, 0, 10, 10, 0, : 10, 10, 2, 10, 10, 10, 10, 10, 10, 10, 10, 10, 10, 10, 10, 10, 10, 10, 10, 10, 10, 10, 10, 10, 10, 10, 10, 10, 10, 10, 10, 10, 10, 10, 10, 10, 10, 10, 10, 10, 10, 10, 10, 10, 10, 10, 10, 16, 10, 10, 10, 2, 10, 10, 10, 10, 10, 10, 10, 10, 10, 10, 10, 10, 10, 10, 10, 
173: 10, 10, 0, 10, 0, 10, 10, 0, 10, 10, 10, 10, 10, 10, 10, 10, 0, 10, 10, 10, 0, 10, 0, 10, 10, 0, 10, 10, 0, 10, 0, 0, 10, 0, 10, 0, 1, 0, 0, 10, 10, 10, 0, 0, 10, 10, 0, 10, 10, 0, 10, 10, 10, 0, 0, 0, 10, 10, 10, 10, 5, 0, 0, 1, 0, 10, 10, 10, 10, 10, 0, 10, 10, 0, 0, 0, 0, 10, 0, 10, 10, 10, 0, 0, 0, 0, 10, 10, 10, 0, 0, 10, 10, 13, 0, 0, 10, 0, 0, 0, 0, 10, 0, 10, 0, 0, 10, 10, 10, 0, 10, 10, 0, 0, 0, 0, 0, 0, 10, 10, : 10, 10, 10, 10, 10, 10, 10, 10, 10, 10, 10, 10, 10, 10, 10, 10, 10, 10, 10, 10, 10, 10, 10, 10, 1, 10, 10, 10, 10, 10, 10, 10, 10, 10, 10, 10, 10, 10, 10, 5, 1, 10, 10, 10, 10, 10, 10, 10, 10, 10, 10, 10, 10, 10, 10, 10, 10, 13, 10, 10, 10, 10, 10, 10, 10, 10, 10, 10, 
52: 0, 0, 0, 10, 0, 0, 10, 0, 0, 10, 10, 10, 0, 10, 10, 0, 10, 0, 10, 0, 10, 10, 10, 10, 10, 10, 10, 0, 10, 10, 0, 0, 10, 8, 0, 0, 0, 0, 10, 0, 10, 17, 0, 0, 10, 0, 10, 10, 0, 0, 0, 0, 0, 0, 0, 10, 10, 0, 0, 10, 10, 10, 0, 0, 10, 0, 10, 0, 0, 0, 0, 0, 0, 10, 10, 0, 10, 10, 10, 10, 10, 0, 0, 0, 10, 10, 0, 10, 10, 0, 10, 10, 10, 0, 1, 10, 10, 0, 3, 10, 10, 0, 0, 0, 10, 10, 1, 0, 0, 10, 0, 10, 0, 10, 10, 0, 0, 10, 0, 0, : 10, 10, 10, 10, 10, 10, 10, 10, 10, 10, 10, 10, 10, 10, 10, 10, 10, 10, 10, 8, 10, 10, 17, 10, 10, 10, 10, 10, 10, 10, 10, 10, 10, 10, 10, 10, 10, 10, 10, 10, 10, 10, 10, 10, 10, 10, 10, 1, 10, 10, 3, 10, 10, 10, 10, 1, 10, 10, 10, 10, 10, 
309: 0, 10, 10, 10, 10, 0, 10, 10, 0, 0, 10, 0, 0, 0, 0, 10, 10, 0, 0, 0, 0, 0, 10, 10, 0, 0, 10, 10, 0, 0, 10, 0, 0, 10, 0, 10, 0, 0, 10, 10, 0, 0, 0, 0, 10, 0, 10, 10, 10, 0, 0, 0, 10, 10, 0, 16, 10, 10, 14, 0, 0, 10, 0, 0, 10, 10, 0, 10, 10, 10, 0, 0, 10, 10, 10, 0, 0, 10, 0, 0, 0, 10, 10, 0, 10, 10, 0, 0, 10, 10, 0, 10, 1, 0, 0, 10, 10, 10, 10, 0, 10, 0, 0, 1, 0, 17, 10, 10, 0, 10, 0, 0, 10, 0, 2, 0, 10, 10, 0, 10, : 10, 10, 10, 10, 10, 10, 10, 10, 10, 10, 10, 10, 10, 10, 10, 10, 10, 10, 10, 10, 10, 10, 10, 10, 16, 10, 10, 14, 10, 10, 10, 10, 10, 10, 10, 10, 10, 10, 10, 10, 10, 10, 10, 10, 10, 1, 10, 10, 10, 10, 10, 1, 17, 10, 10, 10, 10, 2, 10, 10, 10, 
120: 10, 0, 0, 4, 0, 0, 0, 10, 10, 10, 0, 10, 10, 8, 10, 10, 10, 10, 10, 0, 0, 10, 10, 10, 10, 10, 0, 0, 0, 10, 10, 10, 0, 10, 10, 0, 10, 0, 10, 0, 0, 10, 10, 10, 10, 10, 10, 0, 0, 0, 10, 15, 0, 0, 0, 0, 10, 0, 10, 10, 10, 0, 10, 0, 10, 10, 10, 10, 10, 10, 10, 10, 0, 0, 10, 10, 10, 9, 10, 0, 10, 0, 10, 0, 0, 10, 0, 10, 0, 0, 0, 10, 10, 10, 10, 10, 0, 0, 10, 10, 0, 0, 10, 0, 0, 10, 10, 10, 0, 0, 0, 10, 10, 0, 10, 10, 0, 0, 0, 0, : 10, 4, 10, 10, 10, 10, 10, 8, 10, 10, 10, 10, 10, 10, 10, 10, 10, 10, 10, 10, 10, 10, 10, 10, 10, 10, 10, 10, 10, 10, 10, 10, 15, 10, 10, 10, 10, 10, 10, 10, 10, 10, 10, 10, 10, 10, 10, 10, 10, 9, 10, 10, 10, 10, 10, 10, 10, 10, 10, 10, 10, 10, 10, 10, 10, 10, 10, 10, 10, 10, 
339: 10, 10, 0, 0, 10, 10, 0, 0, 0, 0, 10, 10, 0, 10, 10, 0, 6, 10, 0, 0, 10, 0, 0, 0, 3, 0, 0, 10, 10, 10, 0, 0, 10, 10, 10, 10, 10, 10, 0, 10, 0, 0, 0, 0, 10, 10, 1, 10, 10, 0, 10, 0, 10, 10, 0, 10, 0, 0, 0, 10, 10, 0, 0, 10, 10, 0, 10, 0, 10, 0, 10, 0, 0, 6, 0, 0, 10, 10, 0, 0, 1, 0, 0, 0, 10, 0, 0, 0, 10, 10, 0, 10, 0, 0, 0, 0, 0, 10, 10, 0, 10, 10, 0, 10, 10, 0, 10, 0, 10, 0, 10, 0, 10, 0, 0, 10, 0, 0, 0, 10, : 10, 10, 10, 10, 10, 10, 10, 10, 6, 10, 10, 3, 10, 10, 10, 10, 10, 10, 10, 10, 10, 10, 10, 10, 1, 10, 10, 10, 10, 10, 10, 10, 10, 10, 10, 10, 10, 10, 6, 10, 10, 1, 10, 10, 10, 10, 10, 10, 10, 10, 10, 10, 10, 10, 10, 10, 10, 10, 
576: 10, 0, 0, 0, 10, 0, 0, 0, 0, 10, 0, 10, 0, 10, 0, 0, 0, 0, 10, 10, 0, 10, 10, 0, 0, 10, 10, 10, 0, 0, 0, 10, 12, 0, 0, 0, 10, 10, 10, 10, 0, 0, 0, 0, 10, 10, 0, 1, 0, 0, 10, 0, 0, 10, 4, 0, 0, 10, 0, 0, 0, 0, 0, 10, 0, 0, 0, 0, 10, 0, 0, 10, 10, 10, 10, 0, 0, 10, 10, 0, 0, 0, 10, 0, 10, 10, 0, 10, 0, 18, 0, 0, 10, 10, 0, 10, 10, 0, 0, 10, 10, 10, 10, 0, 0, 0, 10, 10, 0, 0, 10, 10, 0, 10, 0, 0, 10, 0, 0, 0, : 10, 10, 10, 10, 10, 10, 10, 10, 10, 10, 10, 10, 10, 12, 10, 10, 10, 10, 10, 10, 1, 10, 10, 4, 10, 10, 10, 10, 10, 10, 10, 10, 10, 10, 10, 10, 10, 18, 10, 10, 10, 10, 10, 10, 10, 10, 10, 10, 10, 10, 10, 10, 
304: 0, 10, 0, 0, 10, 10, 10, 10, 0, 0, 10, 0, 10, 10, 0, 10, 0, 10, 0, 10, 0, 10, 10, 10, 0, 0, 10, 10, 0, 0, 10, 0, 0, 10, 0, 0, 10, 10, 10, 10, 10, 10, 10, 0, 10, 0, 0, 0, 10, 10, 10, 0, 0, 10, 0, 10, 10, 0, 10, 10, 10, 0, 0, 0, 10, 0, 0, 0, 10, 0, 10, 10, 10, 10, 10, 10, 0, 10, 10, 0, 0, 10, 10, 10, 10, 1, 0, 0, 10, 0, 10, 10, 10, 10, 0, 10, 13, 0, 10, 0, 0, 0, 10, 0, 0, 10, 10, 0, 0, 1, 10, 10, 10, 10, 10, 10, 0, 10, 0, 10, : 10, 10, 10, 10, 10, 10, 10, 10, 10, 10, 10, 10, 10, 10, 10, 10, 10, 10, 10, 10, 10, 10, 10, 10, 10, 10, 10, 10, 10, 10, 10, 10, 10, 10, 10, 10, 10, 10, 10, 10, 10, 10, 10, 10, 10, 10, 10, 10, 10, 1, 10, 10, 10, 10, 10, 10, 13, 10, 10, 10, 10, 1, 10, 10, 10, 10, 10, 10, 10, 10, 
183: 10, 0, 10, 0, 0, 0, 10, 0, 0, 10, 10, 10, 10, 0, 10, 0, 10, 0, 10, 0, 10, 10, 10, 10, 10, 10, 10, 10, 0, 10, 10, 10, 0, 0, 0, 10, 0, 0, 0, 10, 0, 10, 10, 0, 10, 10, 0, 0, 0, 0, 10, 0, 10, 10, 0, 10, 0, 0, 10, 0, 10, 0, 10, 0, 10, 0, 10, 10, 0, 10, 0, 0, 2, 10, 10, 0, 10, 10, 10, 0, 0, 10, 0, 0, 10, 10, 10, 0, 0, 0, 0, 10, 0, 0, 0, 0, 10, 10, 2, 10, 0, 0, 0, 0, 10, 10, 10, 0, 10, 10, 0, 10, 10, 10, 10, 0, 0, 0, 0, 10, : 10, 10, 10, 10, 10, 10, 10, 10, 10, 10, 10, 10, 10, 10, 10, 10, 10, 10, 10, 10, 10, 10, 10, 10, 10, 10, 10, 10, 10, 10, 10, 10, 10, 10, 10, 10, 10, 10, 2, 10, 10, 10, 10, 10, 10, 10, 10, 10, 10, 10, 10, 2, 10, 10, 10, 10, 10, 10, 10, 10, 10, 10, 10, 
588: 0, 0, 10, 10, 0, 10, 0, 0, 0, 10, 0, 0, 10, 0, 0, 0, 0, 0, 0, 0, 0, 10, 0, 0, 16, 10, 10, 10, 10, 10, 10, 10, 0, 10, 10, 10, 10, 0, 10, 10, 10, 10, 10, 10, 0, 0, 0, 0, 0, 0, 0, 10, 10, 0, 10, 10, 0, 2, 10, 0, 10, 10, 0, 0, 0, 10, 10, 10, 10, 10, 10, 10, 1, 10, 0, 0, 10, 0, 0, 0, 0, 17, 0, 0, 0, 1, 10, 0, 0, 10, 10, 10, 0, 10, 10, 10, 0, 10, 0, 0, 10, 10, 0, 0, 0, 10, 0, 0, 10, 0, 0, 13, 10, 10, 0, 0, 0, 10, 0, 0, : 10, 10, 10, 10, 10, 10, 16, 10, 10, 10, 10, 10, 10, 10, 10, 10, 10, 10, 10, 10, 10, 10, 10, 10, 10, 10, 10, 10, 2, 10, 10, 10, 10, 10, 10, 10, 10, 10, 10, 1, 10, 10, 17, 1, 10, 10, 10, 10, 10, 10, 10, 10, 10, 10, 10, 10, 13, 10, 10, 10, 
392: 0, 0, 10, 0, 10, 3, 0, 0, 0, 10, 1, 0, 0, 14, 10, 0, 0, 10, 0, 10, 10, 0, 0, 10, 10, 10, 10, 10, 10, 0, 10, 0, 10, 10, 10, 0, 10, 0, 10, 0, 2, 10, 0, 10, 10, 0, 10, 0, 0, 10, 0, 10, 0, 0, 0, 0, 0, 10, 0, 10, 0, 0, 10, 10, 10, 10, 0, 0, 0, 10, 10, 10, 0, 10, 0, 10, 0, 0, 6, 10, 0, 10, 0, 10, 0, 0, 0, 0, 0, 10, 10, 0, 10, 0, 10, 10, 0, 0, 0, 0, 0, 0, 10, 10, 0, 10, 10, 12, 2, 10, 0, 10, 0, 0, 0, 10, 0, 0, 0, 0, : 10, 10, 3, 10, 1, 14, 10, 10, 10, 10, 10, 10, 10, 10, 10, 10, 10, 10, 10, 10, 10, 10, 2, 10, 10, 10, 10, 10, 10, 10, 10, 10, 10, 10, 10, 10, 10, 10, 10, 10, 6, 10, 10, 10, 10, 10, 10, 10, 10, 10, 10, 10, 10, 12, 2, 10, 10, 10, 
367: 0, 0, 0, 10, 0, 0, 0, 0, 10, 0, 10, 0, 10, 10, 0, 0, 10, 10, 10, 0, 10, 10, 10, 0, 10, 0, 10, 0, 10, 4, 0, 10, 1, 0, 0, 0, 10, 0, 10, 0, 10, 0, 10, 0, 10, 10, 10, 10, 0, 10, 10, 0, 10, 0, 10, 0, 10, 10, 10, 0, 0, 0, 0, 0, 0, 10, 10, 10, 10, 10, 10, 10, 10, 2, 0, 0, 0, 10, 0, 10, 10, 0, 10, 10, 0, 10, 10, 10, 0, 10, 0, 10, 10, 0, 10, 0, 0, 10, 0, 0, 10, 0, 0, 10, 0, 0, 0, 0, 10, 10, 0, 10, 0, 4, 10, 0, 0, 0, 10, 10, : 10, 10, 10, 10, 10, 10, 10, 10, 10, 10, 10, 10, 10, 10, 4, 10, 1, 10, 10, 10, 10, 10, 10, 10, 10, 10, 10, 10, 10, 10, 10, 10, 10, 10, 10, 10, 10, 10, 10, 10, 2, 10, 10, 10, 10, 10, 10, 10, 10, 10, 10, 10, 10, 10, 10, 10, 10, 10, 10, 4, 10, 10, 10, 
307: 10, 0, 0, 10, 0, 0, 10, 0, 10, 10, 0, 0, 10, 10, 10, 10, 0, 10, 0, 0, 0, 0, 0, 10, 10, 0, 0, 10, 0, 10, 10, 10, 0, 0, 10, 10, 10, 0, 10, 1, 0, 10, 10, 10, 0, 10, 0, 0, 1, 0, 2, 10, 0, 0, 0, 0, 0, 0, 10, 10, 0, 0, 0, 0, 0, 10, 10, 10, 10, 10, 0, 0, 10, 0, 0, 0, 10, 0, 0, 10, 10, 0, 0, 0, 10, 2, 0, 0, 0, 0, 10, 0, 0, 0, 0, 0, 0, 10, 0, 0, 0, 0, 10, 0, 10, 0, 10, 0, 0, 0, 10, 0, 0, 0, 0, 10, 0, 0, 10, 0, : 10, 10, 10, 10, 10, 10, 10, 10, 10, 10, 10, 10, 10, 10, 10, 10, 10, 10, 10, 10, 1, 10, 10, 10, 10, 1, 2, 10, 10, 10, 10, 10, 10, 10, 10, 10, 10, 10, 10, 10, 2, 10, 10, 10, 10, 10, 10, 10, 10, 
85: 10, 10, 0, 0, 10, 0, 10, 0, 0, 10, 2, 10, 0, 0, 0, 0, 10, 0, 0, 0, 0, 10, 10, 10, 10, 0, 10, 10, 10, 0, 3, 0, 10, 0, 10, 10, 0, 10, 10, 10, 0, 10, 0, 0, 0, 10, 0, 10, 0, 0, 10, 10, 0, 0, 0, 10, 10, 0, 10, 0, 10, 10, 0, 0, 10, 10, 0, 10, 10, 10, 11, 0, 10, 10, 0, 0, 10, 0, 10, 10, 0, 10, 10, 0, 0, 0, 0, 0, 10, 10, 0, 9, 10, 10, 11, 10, 10, 0, 0, 10, 10, 10, 0, 0, 10, 10, 0, 0, 0, 10, 10, 0, 10, 10, 0, 10, 0, 0, 0, 0, : 10, 10, 10, 10, 10, 2, 10, 10, 10, 10, 10, 10, 10, 10, 10, 3, 10, 10, 10, 10, 10, 10, 10, 10, 10, 10, 10, 10, 10, 10, 10, 10, 10, 10, 10, 10, 10, 11, 10, 10, 10, 10, 10, 10, 10, 10, 10, 9, 10, 10, 11, 10, 10, 10, 10, 10, 10, 10, 10, 10, 10, 10, 10, 
401: 0, 10, 0, 10, 10, 10, 10, 0, 17, 0, 0, 3, 10, 10, 0, 0, 0, 10, 10, 10, 0, 10, 10, 0, 0, 0, 10, 0, 0, 10, 10, 10, 10, 0, 10, 10, 10, 10, 10, 10, 0, 0, 0, 10, 0, 8, 10, 10, 10, 0, 10, 0, 10, 4, 0, 10, 0, 10, 0, 10, 10, 0, 3, 10, 0, 0, 1, 0, 0, 10, 10, 10, 0, 0, 10, 0, 10, 10, 0, 0, 0, 0, 0, 0, 0, 10, 10, 5, 10, 10, 10, 0, 0, 0, 10, 0, 0, 10, 10, 0, 0, 10, 0, 10, 0, 10, 10, 10, 0, 10, 10, 10, 0, 0, 15, 0, 10, 0, 0, 10, : 10, 10, 10, 10, 10, 17, 3, 10, 10, 10, 10, 10, 10, 10, 10, 10, 10, 10, 10, 10, 10, 10, 10, 10, 10, 10, 8, 10, 10, 10, 10, 10, 4, 10, 10, 10, 10, 3, 10, 1, 10, 10, 10, 10, 10, 10, 10, 10, 5, 10, 10, 10, 10, 10, 10, 10, 10, 10, 10, 10, 10, 10, 10, 15, 10, 10, 
76: 10, 7, 10, 10, 10, 0, 10, 0, 0, 0, 0, 0, 0, 10, 0, 0, 1, 0, 10, 10, 10, 0, 10, 0, 0, 10, 0, 0, 10, 10, 0, 10, 10, 0, 0, 0, 10, 0, 10, 10, 10, 0, 0, 10, 5, 10, 0, 10, 0, 0, 0, 0, 0, 0, 10, 10, 0, 0, 0, 10, 0, 0, 10, 10, 0, 10, 0, 10, 0, 10, 10, 10, 0, 10, 10, 0, 10, 0, 0, 0, 10, 10, 10, 0, 0, 10, 0, 0, 10, 0, 0, 10, 10, 0, 10, 10, 10, 0, 0, 10, 10, 10, 10, 0, 0, 0, 0, 0, 0, 0, 10, 0, 0, 0, 0, 0, 10, 10, 10, 0, : 10, 7, 10, 10, 10, 10, 10, 1, 10, 10, 10, 10, 10, 10, 10, 10, 10, 10, 10, 10, 10, 10, 5, 10, 10, 10, 10, 10, 10, 10, 10, 10, 10, 10, 10, 10, 10, 10, 10, 10, 10, 10, 10, 10, 10, 10, 10, 10, 10, 10, 10, 10, 10, 10, 10, 10, 
351: 0, 10, 0, 0, 0, 10, 10, 10, 0, 0, 10, 0, 10, 0, 10, 0, 10, 0, 10, 10, 0, 10, 0, 10, 10, 10, 10, 0, 0, 0, 0, 0, 10, 0, 0, 10, 10, 0, 10, 0, 2, 0, 0, 0, 0, 0, 0, 10, 10, 0, 0, 10, 10, 10, 0, 10, 10, 10, 10, 0, 10, 10, 0, 0, 0, 0, 10, 0, 0, 10, 10, 0, 0, 0, 0, 0, 10, 0, 0, 10, 0, 0, 10, 10, 10, 10, 0, 0, 10, 10, 0, 10, 0, 0, 1, 0, 0, 0, 10, 0, 0, 10, 0, 0, 0, 10, 0, 0, 0, 0, 10, 0, 0, 10, 10, 10, 10, 0, 10, 0, : 10, 10, 10, 10, 10, 10, 10, 10, 10, 10, 10, 10, 10, 10, 10, 10, 10, 10, 10, 2, 10, 10, 10, 10, 10, 10, 10, 10, 10, 10, 10, 10, 10, 10, 10, 10, 10, 10, 10, 10, 10, 10, 10, 1, 10, 10, 10, 10, 10, 10, 10, 10, 10, 
195: 0, 0, 0, 0, 10, 10, 10, 0, 10, 0, 0, 0, 0, 0, 0, 10, 10, 0, 10, 10, 7, 0, 0, 0, 0, 10, 0, 10, 0, 0, 10, 10, 0, 10, 0, 10, 10, 10, 10, 0, 0, 0, 0, 0, 10, 10, 10, 0, 10, 10, 0, 0, 10, 10, 10, 0, 0, 0, 0, 0, 0, 0, 0, 0, 10, 0, 0, 0, 0, 0, 10, 10, 0, 0, 0, 10, 0, 2, 10, 0, 10, 0, 0, 10, 0, 10, 10, 10, 0, 0, 0, 0, 0, 0, 0, 0, 10, 0, 10, 10, 0, 0, 10, 0, 0, 0, 10, 10, 10, 0, 10, 10, 0, 0, 10, 0, 10, 0, 0, 0, : 10, 10, 10, 10, 10, 10, 10, 10, 7, 10, 10, 10, 10, 10, 10, 10, 10, 10, 10, 10, 10, 10, 10, 10, 10, 10, 10, 10, 10, 10, 2, 10, 10, 10, 10, 10, 10, 10, 10, 10, 10, 10, 10, 10, 10, 10, 10, 10, 
399: 10, 0, 0, 10, 0, 10, 0, 10, 0, 0, 0, 0, 20, 10, 10, 0, 0, 10, 0, 10, 10, 0, 10, 0, 0, 10, 0, 10, 10, 0, 10, 10, 10, 10, 10, 10, 10, 0, 0, 0, 0, 0, 0, 0, 10, 0, 0, 0, 10, 0, 0, 10, 0, 0, 0, 10, 0, 0, 10, 0, 10, 10, 10, 0, 10, 0, 0, 0, 0, 0, 0, 10, 10, 0, 0, 0, 0, 10, 10, 0, 10, 0, 0, 0, 10, 10, 2, 0, 10, 10, 0, 0, 10, 0, 10, 10, 10, 0, 10, 10, 10, 0, 10, 10, 10, 0, 10, 10, 0, 0, 10, 10, 0, 10, 10, 0, 10, 0, 10, 0, : 10, 10, 10, 10, 20, 10, 10, 10, 10, 10, 10, 10, 10, 10, 10, 10, 10, 10, 10, 10, 10, 10, 10, 10, 10, 10, 10, 10, 10, 10, 10, 10, 10, 10, 10, 10, 10, 2, 10, 10, 10, 10, 10, 10, 10, 10, 10, 10, 10, 10, 10, 10, 10, 10, 10, 10, 10, 10, 
280: 10, 10, 1, 0, 0, 0, 10, 4, 20, 10, 5, 10, 0, 0, 0, 1, 10, 0, 0, 0, 10, 0, 10, 0, 0, 0, 0, 10, 0, 10, 0, 10, 0, 10, 10, 0, 0, 0, 0, 0, 10, 10, 10, 10, 10, 0, 10, 10, 0, 10, 0, 0, 10, 10, 10, 10, 10, 0, 3, 0, 0, 10, 0, 0, 10, 0, 0, 10, 10, 0, 10, 0, 0, 10, 2, 10, 10, 10, 0, 10, 10, 10, 0, 10, 0, 0, 0, 10, 10, 0, 10, 0, 0, 10, 10, 0, 10, 0, 0, 10, 10, 10, 0, 7, 10, 10, 10, 0, 0, 10, 0, 0, 10, 0, 0, 10, 0, 10, 0, 10, : 10, 10, 1, 10, 4, 20, 10, 5, 10, 1, 10, 10, 10, 10, 10, 10, 10, 10, 10, 10, 10, 10, 10, 10, 10, 10, 10, 10, 10, 10, 10, 3, 10, 10, 10, 10, 10, 10, 2, 10, 10, 10, 10, 10, 10, 10, 10, 10, 10, 10, 10, 10, 10, 10, 10, 7, 10, 10, 10, 10, 10, 10, 10, 10, 
326: 10, 0, 0, 0, 10, 10, 0, 10, 0, 0, 0, 10, 10, 10, 10, 10, 0, 10, 10, 0, 10, 10, 0, 10, 0, 0, 10, 10, 10, 10, 10, 10, 10, 10, 10, 10, 10, 0, 5, 0, 0, 10, 10, 10, 0, 0, 0, 10, 10, 0, 19, 0, 10, 0, 10, 10, 0, 0, 0, 10, 0, 10, 0, 10, 10, 10, 0, 0, 10, 0, 0, 10, 0, 0, 0, 0, 10, 0, 10, 10, 10, 10, 17, 0, 0, 0, 10, 10, 0, 0, 0, 10, 0, 10, 10, 0, 0, 10, 0, 0, 0, 0, 10, 10, 10, 10, 0, 10, 0, 0, 10, 10, 0, 0, 10, 0, 0, 0, 10, 10, : 10, 10, 10, 10, 10, 10, 10, 10, 10, 10, 10, 10, 10, 10, 10, 10, 10, 10, 10, 10, 10, 10, 10, 10, 10, 5, 10, 10, 10, 10, 10, 19, 10, 10, 10, 10, 10, 10, 10, 10, 10, 10, 10, 10, 10, 10, 10, 17, 10, 10, 10, 10, 10, 10, 10, 10, 10, 10, 10, 10, 10, 10, 10, 10, 
567: 0, 0, 0, 10, 0, 0, 0, 10, 0, 0, 0, 0, 10, 10, 10, 0, 0, 10, 0, 0, 0, 10, 0, 0, 10, 0, 10, 0, 10, 0, 0, 0, 10, 10, 8, 0, 10, 0, 0, 10, 10, 10, 10, 0, 10, 0, 10, 0, 0, 0, 10, 10, 0, 10, 10, 10, 0, 10, 10, 10, 10, 0, 10, 0, 0, 10, 0, 0, 0, 2, 8, 0, 0, 10, 10, 10, 10, 10, 0, 10, 0, 0, 10, 0, 0, 10, 10, 0, 0, 1, 0, 0, 10, 0, 0, 0, 0, 10, 10, 10, 0, 0, 10, 10, 10, 0, 10, 0, 0, 10, 0, 2, 10, 10, 10, 0, 10, 0, 10, 0, : 10, 10, 10, 10, 10, 10, 10, 10, 10, 10, 10, 10, 8, 10, 10, 10, 10, 10, 10, 10, 10, 10, 10, 10, 10, 10, 10, 10, 10, 10, 10, 2, 8, 10, 10, 10, 10, 10, 10, 10, 10, 10, 1, 10, 10, 10, 10, 10, 10, 10, 10, 10, 2, 10, 10, 10, 10, 10, 
287: 0, 0, 10, 10, 0, 10, 0, 0, 10, 0, 10, 10, 0, 0, 0, 10, 10, 10, 10, 0, 10, 10, 0, 10, 10, 0, 0, 0, 10, 10, 0, 0, 0, 10, 0, 0, 10, 10, 0, 10, 10, 0, 10, 10, 0, 0, 10, 0, 0, 10, 0, 0, 2, 10, 0, 0, 0, 10, 0, 0, 10, 10, 10, 10, 10, 10, 0, 0, 0, 0, 10, 10, 10, 10, 10, 0, 10, 0, 10, 0, 0, 10, 10, 0, 10, 0, 0, 10, 0, 0, 10, 0, 10, 0, 0, 10, 0, 10, 10, 0, 10, 0, 0, 0, 10, 10, 0, 0, 0, 0, 10, 10, 0, 10, 0, 0, 0, 10, 0, 10, : 10, 10, 10, 10, 10, 10, 10, 10, 10, 10, 10, 10, 10, 10, 10, 10, 10, 10, 10, 10, 10, 10, 10, 10, 10, 2, 10, 10, 10, 10, 10, 10, 10, 10, 10, 10, 10, 10, 10, 10, 10, 10, 10, 10, 10, 10, 10, 10, 10, 10, 10, 10, 10, 10, 10, 10, 10, 10, 
532: 10, 0, 10, 10, 10, 0, 0, 10, 0, 0, 0, 10, 0, 0, 10, 10, 0, 10, 0, 0, 0, 10, 0, 10, 0, 0, 0, 10, 0, 10, 0, 0, 10, 10, 14, 10, 10, 10, 0, 10, 0, 0, 10, 10, 10, 10, 0, 10, 0, 0, 0, 0, 0, 10, 1, 10, 10, 10, 10, 10, 0, 0, 0, 0, 0, 10, 0, 0, 10, 10, 10, 10, 10, 10, 0, 10, 10, 0, 0, 3, 0, 10, 0, 0, 0, 10, 10, 0, 0, 10, 10, 10, 10, 10, 0, 0, 10, 10, 0, 10, 10, 0, 0, 10, 10, 0, 0, 0, 0, 10, 0, 0, 10, 10, 0, 10, 0, 10, 10, 0, : 10, 10, 10, 10, 10, 10, 10, 10, 10, 10, 10, 10, 10, 10, 10, 14, 10, 10, 10, 10, 10, 10, 10, 10, 10, 10, 1, 10, 10, 10, 10, 10, 10, 10, 10, 10, 10, 10, 10, 10, 10, 3, 10, 10, 10, 10, 10, 10, 10, 10, 10, 10, 10, 10, 10, 10, 10, 10, 10, 10, 10, 10, 
510: 10, 0, 0, 0, 0, 0, 0, 10, 10, 10, 10, 0, 0, 0, 0, 8, 0, 0, 10, 10, 0, 0, 0, 10, 0, 10, 0, 0, 10, 10, 0, 10, 10, 10, 0, 10, 10, 0, 0, 10, 0, 10, 0, 10, 0, 10, 0, 0, 10, 0, 0, 10, 10, 0, 10, 0, 10, 10, 10, 0, 10, 2, 10, 10, 10, 10, 10, 0, 0, 10, 0, 0, 10, 11, 10, 10, 0, 10, 0, 10, 0, 0, 10, 0, 0, 10, 10, 0, 0, 10, 10, 0, 10, 10, 0, 0, 0, 10, 0, 0, 0, 0, 10, 0, 10, 10, 10, 0, 10, 0, 0, 10, 2, 10, 0, 0, 10, 10, 10, 0, : 10, 10, 10, 10, 10, 8, 10, 10, 10, 10, 10, 10, 10, 10, 10, 10, 10, 10, 10, 10, 10, 10, 10, 10, 10, 10, 10, 10, 10, 2, 10, 10, 10, 10, 10, 10, 10, 11, 10, 10, 10, 10, 10, 10, 10, 10, 10, 10, 10, 10, 10, 10, 10, 10, 10, 10, 2, 10, 10, 10, 10, 
325: 10, 10, 0, 10, 10, 10, 0, 0, 0, 0, 10, 0, 10, 0, 10, 0, 0, 2, 0, 0, 0, 10, 10, 10, 0, 0, 10, 0, 10, 0, 0, 10, 10, 10, 10, 0, 10, 10, 10, 0, 0, 0, 10, 0, 10, 0, 0, 10, 0, 0, 0, 0, 10, 10, 0, 6, 10, 10, 0, 0, 0, 0, 0, 0, 10, 0, 10, 10, 0, 10, 10, 10, 10, 10, 10, 10, 0, 10, 10, 10, 0, 0, 10, 0, 0, 10, 0, 0, 10, 0, 0, 3, 9, 3, 10, 0, 0, 0, 0, 0, 10, 10, 0, 10, 10, 0, 0, 10, 0, 10, 15, 0, 0, 0, 10, 10, 0, 0, 10, 10, : 10, 10, 10, 10, 10, 10, 10, 10, 2, 10, 10, 10, 10, 10, 10, 10, 10, 10, 10, 10, 10, 10, 10, 10, 10, 10, 6, 10, 10, 10, 10, 10, 10, 10, 10, 10, 10, 10, 10, 10, 10, 10, 10, 10, 10, 3, 9, 3, 10, 10, 10, 10, 10, 10, 10, 15, 10, 10, 10, 10, 
594: 0, 0, 0, 0, 0, 10, 10, 10, 0, 10, 0, 0, 0, 10, 10, 10, 10, 0, 10, 10, 10, 0, 0, 10, 10, 6, 0, 10, 0, 0, 10, 0, 10, 10, 0, 0, 10, 0, 0, 10, 10, 10, 10, 10, 10, 0, 10, 10, 10, 10, 0, 10, 10, 0, 0, 10, 0, 0, 0, 10, 10, 0, 10, 0, 0, 0, 10, 0, 0, 10, 0, 0, 10, 0, 10, 10, 0, 10, 0, 10, 0, 0, 0, 0, 0, 0, 0, 0, 0, 0, 10, 10, 0, 12, 0, 10, 0, 10, 0, 0, 0, 10, 10, 10, 10, 0, 0, 0, 10, 10, 10, 0, 0, 0, 0, 0, 0, 10, 0, 10, : 10, 10, 10, 10, 10, 10, 10, 10, 10, 10, 10, 10, 10, 6, 10, 10, 10, 10, 10, 10, 10, 10, 10, 10, 10, 10, 10, 10, 10, 10, 10, 10, 10, 10, 10, 10, 10, 10, 10, 10, 10, 10, 10, 10, 12, 10, 10, 10, 10, 10, 10, 10, 10, 10, 10, 10, 
333: 10, 0, 10, 0, 0, 0, 10, 0, 10, 0, 10, 0, 0, 0, 0, 10, 10, 0, 0, 10, 0, 17, 10, 10, 10, 10, 10, 10, 0, 10, 10, 10, 0, 10, 10, 0, 0, 0, 0, 10, 0, 10, 0, 0, 10, 10, 19, 0, 0, 0, 10, 10, 0, 10, 10, 0, 0, 0, 0, 7, 0, 10, 0, 0, 10, 0, 0, 10, 10, 10, 0, 0, 10, 10, 10, 0, 10, 0, 10, 0, 10, 0, 0, 10, 10, 0, 10, 10, 10, 10, 10, 0, 10, 0, 10, 2, 10, 10, 10, 0, 0, 10, 0, 10, 10, 10, 10, 10, 10, 10, 0, 0, 10, 10, 0, 0, 0, 0, 0, 10, : 10, 10, 10, 10, 10, 10, 10, 10, 17, 10, 10, 10, 10, 10, 10, 10, 10, 10, 10, 10, 10, 10, 10, 10, 19, 10, 10, 10, 10, 7, 10, 10, 10, 10, 10, 10, 10, 10, 10, 10, 10, 10, 10, 10, 10, 10, 10, 10, 10, 10, 2, 10, 10, 10, 10, 10, 10, 10, 10, 10, 10, 10, 10, 10, 10, 
564: 0, 10, 0, 10, 0, 0, 0, 10, 10, 10, 10, 10, 0, 10, 10, 10, 10, 10, 10, 1, 10, 0, 0, 0, 0, 0, 10, 0, 0, 10, 0, 10, 10, 0, 0, 10, 10, 10, 10, 10, 10, 10, 0, 0, 0, 10, 1, 0, 0, 0, 0, 0, 10, 10, 10, 10, 0, 3, 10, 10, 0, 0, 10, 0, 10, 10, 10, 10, 0, 0, 0, 0, 0, 0, 10, 10, 0, 10, 10, 0, 0, 10, 10, 10, 10, 0, 10, 10, 0, 0, 0, 19, 10, 0, 10, 0, 0, 10, 10, 0, 10, 0, 3, 10, 10, 0, 0, 10, 10, 10, 1, 0, 0, 0, 0, 10, 0, 10, 0, 0, : 10, 10, 10, 10, 10, 10, 10, 10, 10, 10, 10, 10, 10, 1, 10, 10, 10, 10, 10, 10, 10, 10, 10, 10, 10, 10, 10, 1, 10, 10, 10, 10, 3, 10, 10, 10, 10, 10, 10, 10, 10, 10, 10, 10, 10, 10, 10, 10, 10, 10, 19, 10, 10, 10, 10, 10, 3, 10, 10, 10, 10, 10, 1, 10, 10, 
449: 0, 10, 10, 0, 0, 0, 10, 10, 0, 10, 10, 10, 10, 0, 10, 0, 10, 10, 0, 0, 0, 0, 0, 0, 0, 0, 0, 0, 10, 10, 0, 0, 0, 0, 0, 0, 0, 10, 0, 10, 10, 0, 10, 10, 0, 0, 0, 10, 0, 10, 0, 10, 3, 0, 0, 10, 10, 10, 0, 8, 0, 10, 0, 0, 10, 0, 0, 10, 0, 10, 10, 0, 10, 10, 10, 0, 0, 10, 10, 0, 10, 10, 0, 10, 10, 0, 10, 0, 0, 0, 10, 0, 10, 0, 10, 10, 0, 0, 0, 0, 0, 0, 0, 0, 10, 10, 10, 0, 10, 0, 0, 10, 10, 10, 10, 0, 0, 0, 10, 10, : 10, 10, 10, 10, 10, 10, 10, 10, 10, 10, 10, 10, 10, 10, 10, 10, 10, 10, 10, 10, 10, 3, 10, 10, 10, 8, 10, 10, 10, 10, 10, 10, 10, 10, 10, 10, 10, 10, 10, 10, 10, 10, 10, 10, 10, 10, 10, 10, 10, 10, 10, 10, 10, 10, 10, 
340: 10, 0, 10, 10, 0, 10, 10, 10, 10, 10, 10, 0, 0, 10, 0, 10, 10, 1, 0, 0, 0, 0, 10, 10, 0, 10, 10, 10, 10, 0, 10, 10, 10, 0, 0, 0, 10, 0, 10, 10, 10, 10, 0, 10, 10, 10, 10, 0, 0, 0, 10, 10, 0, 10, 10, 10, 10, 10, 10, 0, 10, 0, 0, 10, 0, 0, 8, 0, 0, 0, 10, 10, 10, 0, 10, 10, 10, 0, 0, 0, 10, 1, 10, 8, 13, 10, 0, 10, 0, 10, 10, 10, 10, 10, 10, 10, 0, 0, 0, 10, 0, 0, 10, 2, 10, 8, 0, 0, 10, 10, 0, 0, 0, 10, 10, 10, 10, 10, 0, 0, : 10, 10, 10, 10, 10, 10, 10, 10, 10, 10, 10, 10, 1, 10, 10, 10, 10, 10, 10, 10, 10, 10, 10, 10, 10, 10, 10, 10, 10, 10, 10, 10, 10, 10, 10, 10, 10, 10, 10, 10, 10, 8, 10, 10, 10, 10, 10, 10, 10, 1, 10, 8, 13, 10, 10, 10, 10, 10, 10, 10, 10, 10, 10, 10, 2, 10, 8, 10, 10, 10, 10, 10, 10, 10, 
67: 0, 0, 0, 10, 0, 10, 10, 10, 10, 10, 0, 10, 8, 0, 0, 0, 0, 10, 0, 0, 10, 10, 10, 10, 0, 0, 3, 10, 0, 10, 10, 10, 0, 0, 0, 0, 0, 0, 10, 0, 0, 0, 0, 10, 10, 10, 0, 0, 10, 10, 0, 10, 0, 10, 10, 0, 0, 10, 0, 0, 10, 10, 10, 10, 0, 0, 10, 10, 10, 10, 10, 0, 0, 0, 0, 0, 0, 0, 0, 10, 10, 0, 10, 10, 0, 0, 10, 0, 0, 10, 10, 0, 0, 10, 0, 10, 0, 10, 0, 10, 0, 10, 10, 0, 10, 0, 0, 10, 0, 0, 10, 0, 0, 0, 10, 10, 0, 0, 10, 10, : 10, 10, 10, 10, 10, 10, 10, 8, 10, 10, 10, 10, 10, 3, 10, 10, 10, 10, 10, 10, 10, 10, 10, 10, 10, 10, 10, 10, 10, 10, 10, 10, 10, 10, 10, 10, 10, 10, 10, 10, 10, 10, 10, 10, 10, 10, 10, 10, 10, 10, 10, 10, 10, 10, 10, 10, 10, 
200: 0, 0, 0, 10, 10, 10, 10, 10, 10, 0, 10, 0, 0, 10, 0, 0, 10, 0, 0, 0, 10, 0, 10, 10, 0, 10, 0, 10, 10, 10, 10, 0, 0, 10, 10, 10, 10, 10, 0, 0, 10, 0, 0, 10, 10, 10, 10, 10, 10, 10, 10, 0, 10, 0, 10, 0, 10, 0, 10, 0, 0, 10, 10, 0, 0, 10, 10, 10, 0, 10, 10, 0, 10, 0, 0, 10, 0, 0, 10, 2, 0, 0, 0, 0, 10, 10, 10, 0, 10, 0, 10, 0, 10, 0, 10, 10, 10, 10, 0, 10, 1, 10, 0, 10, 10, 2, 0, 10, 10, 10, 0, 10, 10, 0, 10, 0, 10, 0, 0, 10, : 10, 10, 10, 10, 10, 10, 10, 10, 10, 10, 10, 10, 10, 10, 10, 10, 10, 10, 10, 10, 10, 10, 10, 10, 10, 10, 10, 10, 10, 10, 10, 10, 10, 10, 10, 10, 10, 10, 10, 10, 10, 10, 10, 10, 10, 2, 10, 10, 10, 10, 10, 10, 10, 10, 10, 10, 10, 1, 10, 10, 10, 2, 10, 10, 10, 10, 10, 10, 10, 10, 
503: 0, 10, 10, 10, 10, 0, 10, 0, 10, 0, 10, 0, 0, 10, 10, 0, 10, 0, 10, 0, 10, 10, 0, 0, 10, 0, 0, 10, 10, 10, 0, 10, 0, 0, 0, 0, 0, 10, 0, 10, 0, 10, 10, 10, 10, 10, 0, 10, 0, 0, 10, 10, 11, 10, 0, 0, 0, 0, 10, 10, 10, 10, 10, 10, 0, 0, 0, 0, 0, 0, 0, 0, 0, 10, 0, 0, 5, 0, 0, 0, 0, 10, 10, 10, 0, 10, 10, 10, 0, 0, 10, 0, 0, 10, 0, 10, 0, 10, 0, 10, 0, 10, 0, 10, 0, 10, 0, 0, 10, 10, 10, 0, 0, 10, 0, 0, 0, 10, 0, 0, : 10, 10, 10, 10, 10, 10, 10, 10, 10, 10, 10, 10, 10, 10, 10, 10, 10, 10, 10, 10, 10, 10, 10, 10, 10, 10, 10, 10, 11, 10, 10, 10, 10, 10, 10, 10, 10, 5, 10, 10, 10, 10, 10, 10, 10, 10, 10, 10, 10, 10, 10, 10, 10, 10, 10, 10, 10, 
300: 10, 10, 10, 0, 0, 10, 10, 10, 0, 10, 0, 0, 10, 0, 0, 10, 0, 10, 10, 0, 10, 0, 0, 0, 10, 0, 10, 10, 10, 0, 0, 10, 0, 0, 10, 10, 0, 0, 0, 0, 10, 10, 0, 10, 10, 10, 0, 0, 10, 0, 9, 10, 0, 0, 10, 0, 0, 0, 10, 0, 0, 0, 0, 0, 0, 0, 10, 10, 10, 0, 0, 0, 10, 0, 10, 10, 10, 10, 10, 10, 5, 10, 7, 0, 0, 0, 0, 10, 10, 10, 0, 0, 0, 10, 0, 0, 10, 0, 0, 10, 0, 0, 0, 0, 0, 10, 10, 10, 10, 10, 10, 0, 10, 10, 0, 10, 0, 10, 10, 10, : 10, 10, 10, 10, 10, 10, 10, 10, 10, 10, 10, 10, 10, 10, 10, 10, 10, 10, 10, 10, 10, 10, 10, 10, 10, 9, 10, 10, 10, 10, 10, 10, 10, 10, 10, 10, 10, 10, 10, 5, 10, 7, 10, 10, 10, 10, 10, 10, 10, 10, 10, 10, 10, 10, 10, 10, 10, 10, 10, 10, 
441: 0, 10, 10, 12, 0, 10, 10, 10, 0, 0, 0, 10, 10, 0, 0, 0, 10, 0, 10, 10, 10, 10, 10, 0, 0, 10, 0, 0, 10, 10, 0, 0, 0, 0, 0, 0, 0, 10, 0, 10, 0, 0, 10, 10, 0, 10, 0, 0, 0, 10, 0, 10, 14, 0, 0, 10, 0, 10, 0, 10, 10, 10, 0, 10, 0, 0, 0, 10, 0, 0, 7, 10, 10, 10, 10, 0, 10, 0, 9, 0, 10, 10, 0, 10, 10, 0, 10, 10, 10, 10, 0, 0, 0, 10, 0, 0, 10, 0, 10, 10, 10, 0, 0, 10, 0, 10, 0, 0, 10, 0, 0, 0, 13, 10, 0, 10, 0, 0, 10, 0, : 10, 10, 12, 10, 10, 10, 10, 10, 10, 10, 10, 10, 10, 10, 10, 10, 10, 10, 10, 10, 10, 10, 10, 10, 14, 10, 10, 10, 10, 10, 10, 10, 7, 10, 10, 10, 10, 10, 9, 10, 10, 10, 10, 10, 10, 10, 10, 10, 10, 10, 10, 10, 10, 10, 10, 13, 10, 10, 10, 
98: 0, 10, 0, 10, 10, 10, 10, 0, 0, 10, 0, 10, 10, 10, 10, 0, 0, 0, 10, 10, 10, 10, 10, 0, 10, 10, 0, 0, 10, 10, 10, 0, 0, 0, 10, 10, 0, 0, 0, 0, 0, 10, 0, 10, 10, 0, 0, 0, 0, 10, 0, 0, 10, 0, 0, 0, 0, 10, 10, 10, 0, 0, 10, 10, 0, 0, 10, 10, 6, 0, 0, 10, 10, 0, 0, 0, 10, 10, 10, 0, 10, 0, 0, 10, 10, 0, 11, 0, 0, 0, 0, 10, 10, 0, 10, 10, 0, 10, 0, 10, 10, 0, 10, 10, 0, 0, 10, 0, 10, 0, 10, 10, 19, 0, 0, 10, 10, 10, 0, 0, : 10, 10, 10, 10, 10, 10, 10, 10, 10, 10, 10, 10, 10, 10, 10, 10, 10, 10, 10, 10, 10, 10, 10, 10, 10, 10, 10, 10, 10, 10, 10, 10, 10, 10, 6, 10, 10, 10, 10, 10, 10, 10, 10, 11, 10, 10, 10, 10, 10, 10, 10, 10, 10, 10, 10, 10, 10, 19, 10, 10, 10, 
319: 0, 10, 10, 10, 0, 10, 0, 0, 0, 10, 0, 0, 0, 0, 4, 10, 10, 10, 10, 10, 0, 0, 10, 0, 0, 0, 0, 10, 10, 10, 10, 10, 10, 0, 0, 0, 10, 0, 10, 0, 0, 10, 0, 10, 10, 10, 0, 0, 0, 10, 0, 0, 10, 10, 0, 10, 0, 10, 0, 10, 10, 10, 0, 0, 10, 0, 10, 10, 0, 10, 10, 10, 0, 0, 10, 0, 10, 10, 10, 10, 10, 0, 10, 10, 0, 10, 0, 0, 0, 0, 10, 0, 0, 10, 0, 0, 10, 0, 0, 10, 0, 0, 10, 10, 10, 0, 10, 10, 0, 0, 10, 0, 0, 0, 0, 10, 10, 0, 0, 0, : 10, 10, 10, 10, 10, 4, 10, 10, 10, 10, 10, 10, 10, 10, 10, 10, 10, 10, 10, 10, 10, 10, 10, 10, 10, 10, 10, 10, 10, 10, 10, 10, 10, 10, 10, 10, 10, 10, 10, 10, 10, 10, 10, 10, 10, 10, 10, 10, 10, 10, 10, 10, 10, 10, 10, 10, 10, 10, 10, 
103: 0, 0, 0, 10, 0, 0, 0, 0, 10, 0, 0, 0, 10, 10, 3, 0, 0, 10, 0, 10, 0, 10, 10, 0, 10, 10, 0, 2, 10, 0, 0, 10, 10, 10, 3, 0, 0, 10, 0, 10, 10, 0, 0, 10, 10, 10, 10, 10, 0, 10, 0, 0, 0, 0, 10, 3, 10, 0, 0, 0, 1, 10, 10, 10, 10, 0, 0, 0, 10, 10, 10, 0, 10, 0, 0, 0, 10, 10, 10, 10, 0, 10, 0, 10, 0, 0, 10, 0, 0, 0, 10, 0, 10, 0, 10, 0, 1, 0, 10, 0, 10, 10, 0, 0, 10, 10, 0, 1, 0, 10, 0, 10, 2, 10, 10, 10, 10, 10, 0, 0, : 10, 10, 10, 10, 3, 10, 10, 10, 10, 10, 10, 2, 10, 10, 10, 10, 3, 10, 10, 10, 10, 10, 10, 10, 10, 10, 10, 3, 10, 1, 10, 10, 10, 10, 10, 10, 10, 10, 10, 10, 10, 10, 10, 10, 10, 10, 10, 10, 1, 10, 10, 10, 10, 10, 1, 10, 10, 2, 10, 10, 10, 10, 10, 
34: 10, 10, 0, 0, 0, 0, 0, 0, 0, 0, 10, 10, 10, 10, 10, 0, 10, 0, 0, 10, 0, 10, 10, 0, 10, 10, 10, 10, 10, 0, 10, 10, 10, 10, 0, 10, 0, 0, 0, 0, 0, 10, 0, 0, 0, 0, 0, 0, 10, 10, 10, 10, 10, 10, 0, 10, 10, 0, 10, 0, 0, 0, 10, 10, 10, 10, 10, 0, 3, 4, 10, 0, 0, 10, 0, 10, 10, 0, 10, 0, 10, 10, 10, 10, 0, 0, 10, 0, 10, 0, 10, 0, 0, 10, 0, 0, 10, 0, 10, 0, 0, 10, 10, 10, 10, 10, 0, 10, 0, 10, 10, 10, 0, 10, 0, 0, 10, 10, 0, 0, : 10, 10, 10, 10, 10, 10, 10, 10, 10, 10, 10, 10, 10, 10, 10, 10, 10, 10, 10, 10, 10, 10, 10, 10, 10, 10, 10, 10, 10, 10, 10, 10, 10, 10, 10, 10, 3, 4, 10, 10, 10, 10, 10, 10, 10, 10, 10, 10, 10, 10, 10, 10, 10, 10, 10, 10, 10, 10, 10, 10, 10, 10, 10, 10, 10, 
585: 0, 10, 0, 18, 10, 0, 10, 10, 0, 0, 10, 0, 10, 0, 0, 10, 0, 0, 10, 0, 10, 10, 0, 10, 10, 10, 0, 0, 10, 0, 0, 10, 0, 10, 0, 0, 10, 10, 0, 0, 0, 10, 10, 0, 10, 10, 0, 0, 10, 10, 0, 0, 10, 10, 10, 0, 10, 0, 0, 0, 10, 10, 10, 10, 0, 4, 0, 10, 8, 10, 0, 0, 10, 0, 10, 10, 10, 10, 10, 0, 10, 0, 0, 0, 0, 10, 10, 16, 0, 10, 10, 0, 0, 10, 10, 10, 0, 0, 10, 0, 0, 10, 10, 10, 10, 0, 10, 0, 10, 0, 0, 0, 10, 10, 10, 10, 0, 0, 0, 10, : 10, 18, 10, 10, 10, 10, 10, 10, 10, 10, 10, 10, 10, 10, 10, 10, 10, 10, 10, 10, 10, 10, 10, 10, 10, 10, 10, 10, 10, 10, 10, 10, 10, 4, 10, 8, 10, 10, 10, 10, 10, 10, 10, 10, 10, 10, 16, 10, 10, 10, 10, 10, 10, 10, 10, 10, 10, 10, 10, 10, 10, 10, 10, 10, 
341: 10, 10, 0, 0, 0, 10, 10, 0, 10, 0, 10, 10, 10, 10, 0, 10, 0, 10, 0, 10, 0, 10, 10, 0, 18, 0, 0, 0, 10, 0, 0, 0, 10, 0, 0, 0, 0, 0, 19, 0, 10, 10, 0, 10, 10, 0, 0, 10, 10, 0, 10, 0, 10, 10, 0, 0, 10, 10, 0, 0, 0, 0, 0, 0, 0, 10, 0, 10, 0, 0, 10, 10, 0, 0, 0, 10, 0, 10, 10, 10, 0, 10, 10, 0, 0, 10, 0, 0, 0, 0, 0, 1, 10, 0, 0, 9, 10, 0, 0, 0, 0, 0, 0, 0, 10, 0, 0, 0, 10, 0, 10, 0, 10, 0, 10, 0, 10, 10, 10, 10, : 10, 10, 10, 10, 10, 10, 10, 10, 10, 10, 10, 10, 10, 10, 18, 10, 10, 19, 10, 10, 10, 10, 10, 10, 10, 10, 10, 10, 10, 10, 10, 10, 10, 10, 10, 10, 10, 10, 10, 10, 1, 10, 9, 10, 10, 10, 10, 10, 10, 10, 10, 10, 10, 
233: 10, 10, 0, 10, 10, 0, 0, 10, 10, 10, 0, 0, 0, 10, 10, 10, 10, 0, 10, 10, 0, 0, 10, 3, 0, 10, 0, 10, 0, 0, 0, 10, 0, 10, 0, 0, 0, 10, 0, 0, 10, 0, 10, 0, 0, 10, 10, 0, 10, 0, 10, 10, 0, 10, 10, 10, 10, 0, 10, 0, 10, 0, 0, 10, 1, 10, 10, 10, 10, 0, 0, 0, 0, 10, 0, 10, 10, 10, 10, 0, 10, 0, 0, 10, 0, 10, 10, 0, 10, 10, 0, 0, 10, 0, 0, 0, 0, 0, 10, 1, 0, 0, 0, 10, 10, 0, 0, 10, 0, 10, 0, 0, 10, 10, 10, 10, 10, 0, 10, 10, : 10, 10, 10, 10, 10, 10, 10, 10, 10, 10, 10, 10, 10, 10, 3, 10, 10, 10, 10, 10, 10, 10, 10, 10, 10, 10, 10, 10, 10, 10, 10, 10, 10, 10, 1, 10, 10, 10, 10, 10, 10, 10, 10, 10, 10, 10, 10, 10, 10, 10, 10, 10, 1, 10, 10, 10, 10, 10, 10, 10, 10, 10, 10, 10, 
63: 10, 10, 0, 10, 0, 10, 10, 10, 0, 0, 0, 10, 0, 10, 10, 0, 0, 5, 10, 10, 10, 0, 0, 10, 4, 0, 10, 0, 0, 0, 0, 10, 0, 0, 10, 10, 10, 10, 10, 0, 0, 10, 1, 0, 10, 0, 0, 10, 0, 0, 10, 0, 10, 10, 0, 0, 10, 10, 0, 0, 10, 0, 2, 10, 0, 0, 10, 0, 0, 10, 0, 0, 10, 10, 10, 0, 0, 10, 10, 10, 0, 0, 10, 10, 0, 0, 0, 0, 10, 0, 10, 0, 10, 10, 0, 0, 10, 0, 0, 0, 0, 10, 10, 10, 10, 10, 10, 0, 10, 10, 10, 18, 10, 10, 0, 0, 0, 10, 0, 0, : 10, 10, 10, 10, 10, 10, 10, 10, 10, 5, 10, 10, 10, 10, 4, 10, 10, 10, 10, 10, 10, 10, 10, 1, 10, 10, 10, 10, 10, 10, 10, 10, 2, 10, 10, 10, 10, 10, 10, 10, 10, 10, 10, 10, 10, 10, 10, 10, 10, 10, 10, 10, 10, 10, 10, 10, 10, 10, 18, 10, 10, 10, 
290: 0, 0, 0, 0, 0, 10, 0, 0, 10, 10, 10, 10, 0, 10, 10, 10, 10, 0, 10, 0, 10, 0, 10, 0, 0, 0, 1, 0, 0, 0, 0, 0, 10, 10, 0, 0, 0, 10, 10, 0, 0, 0, 0, 10, 10, 0, 10, 10, 0, 10, 10, 10, 10, 0, 10, 10, 10, 0, 0, 0, 10, 10, 0, 10, 0, 10, 0, 0, 0, 0, 0, 10, 10, 10, 10, 0, 0, 10, 0, 10, 10, 0, 0, 10, 10, 0, 10, 0, 10, 10, 10, 0, 0, 0, 10, 10, 0, 0, 0, 10, 0, 1, 10, 10, 10, 0, 10, 10, 5, 10, 3, 0, 0, 0, 10, 10, 10, 10, 0, 10, : 10, 10, 10, 10, 10, 10, 10, 10, 10, 10, 10, 10, 1, 10, 10, 10, 10, 10, 10, 10, 10, 10, 10, 10, 10, 10, 10, 10, 10, 10, 10, 10, 10, 10, 10, 10, 10, 10, 10, 10, 10, 10, 10, 10, 10, 10, 10, 10, 1, 10, 10, 10, 10, 10, 5, 10, 3, 10, 10, 10, 10, 10, 
377: 10, 10, 0, 0, 0, 0, 0, 0, 1, 0, 10, 0, 0, 0, 0, 10, 0, 0, 10, 0, 0, 10, 0, 10, 10, 0, 0, 0, 10, 10, 0, 10, 10, 10, 10, 0, 0, 10, 10, 1, 10, 2, 10, 10, 0, 0, 10, 10, 0, 0, 10, 10, 0, 10, 0, 0, 10, 10, 10, 0, 10, 0, 0, 10, 0, 0, 10, 10, 10, 0, 10, 0, 10, 10, 0, 10, 10, 0, 0, 10, 10, 10, 0, 10, 10, 0, 10, 10, 0, 10, 0, 10, 10, 10, 0, 10, 10, 10, 10, 0, 0, 10, 10, 10, 10, 10, 0, 0, 0, 10, 10, 3, 10, 0, 0, 1, 0, 10, 20, 7, : 10, 10, 1, 10, 10, 10, 10, 10, 10, 10, 10, 10, 10, 10, 10, 10, 10, 1, 10, 2, 10, 10, 10, 10, 10, 10, 10, 10, 10, 10, 10, 10, 10, 10, 10, 10, 10, 10, 10, 10, 10, 10, 10, 10, 10, 10, 10, 10, 10, 10, 10, 10, 10, 10, 10, 10, 10, 10, 10, 10, 10, 10, 3, 10, 1, 10, 20, 7, 
374: 0, 10, 10, 0, 10, 0, 14, 0, 10, 10, 10, 0, 10, 5, 0, 1, 0, 10, 10, 0, 10, 0, 0, 0, 0, 0, 10, 10, 0, 0, 10, 0, 10, 0, 10, 0, 10, 0, 0, 10, 0, 0, 0, 0, 0, 10, 0, 10, 10, 0, 0, 10, 10, 10, 0, 10, 10, 2, 9, 0, 0, 10, 10, 10, 0, 10, 10, 0, 0, 10, 0, 10, 0, 0, 0, 0, 0, 10, 0, 10, 0, 0, 10, 1, 0, 10, 10, 0, 0, 10, 10, 0, 0, 0, 0, 0, 10, 0, 4, 0, 10, 10, 10, 10, 10, 0, 10, 10, 10, 0, 10, 0, 10, 10, 0, 10, 10, 0, 10, 0, : 10, 10, 10, 14, 10, 10, 10, 10, 5, 1, 10, 10, 10, 10, 10, 10, 10, 10, 10, 10, 10, 10, 10, 10, 10, 10, 10, 10, 2, 9, 10, 10, 10, 10, 10, 10, 10, 10, 10, 10, 1, 10, 10, 10, 10, 10, 4, 10, 10, 10, 10, 10, 10, 10, 10, 10, 10, 10, 10, 10, 10, 
231: 0, 10, 10, 0, 10, 0, 7, 0, 10, 0, 10, 0, 10, 10, 0, 0, 10, 0, 10, 0, 0, 0, 0, 0, 10, 10, 10, 10, 10, 0, 0, 1, 10, 0, 0, 0, 10, 0, 10, 10, 0, 0, 10, 0, 10, 0, 0, 10, 10, 10, 0, 10, 10, 0, 10, 10, 10, 0, 10, 10, 0, 10, 0, 0, 0, 0, 10, 10, 10, 0, 0, 10, 10, 10, 0, 0, 10, 10, 10, 0, 0, 0, 10, 10, 10, 0, 10, 10, 10, 0, 10, 0, 10, 10, 0, 0, 0, 0, 0, 0, 10, 10, 0, 1, 10, 0, 0, 0, 10, 0, 10, 10, 10, 10, 10, 0, 10, 0, 0, 0, : 10, 10, 10, 7, 10, 10, 10, 10, 10, 10, 10, 10, 10, 10, 10, 1, 10, 10, 10, 10, 10, 10, 10, 10, 10, 10, 10, 10, 10, 10, 10, 10, 10, 10, 10, 10, 10, 10, 10, 10, 10, 10, 10, 10, 10, 10, 10, 10, 10, 10, 10, 10, 10, 1, 10, 10, 10, 10, 10, 10, 10, 10, 
526: 5, 0, 10, 10, 0, 10, 10, 10, 0, 0, 0, 0, 0, 10, 10, 19, 10, 10, 10, 10, 5, 0, 10, 0, 10, 10, 10, 10, 10, 0, 10, 0, 0, 10, 10, 10, 10, 10, 0, 0, 0, 10, 10, 10, 0, 10, 10, 2, 10, 0, 0, 10, 0, 0, 0, 0, 0, 10, 0, 10, 0, 0, 10, 10, 0, 0, 10, 0, 10, 0, 19, 10, 0, 10, 0, 0, 0, 0, 10, 10, 10, 0, 0, 0, 0, 10, 10, 0, 0, 0, 0, 0, 0, 10, 10, 10, 0, 10, 0, 0, 10, 10, 0, 10, 0, 0, 0, 10, 0, 10, 0, 10, 10, 10, 0, 10, 0, 5, 0, 0, : 5, 10, 10, 10, 10, 10, 10, 10, 19, 10, 10, 10, 10, 5, 10, 10, 10, 10, 10, 10, 10, 10, 10, 10, 10, 10, 10, 10, 10, 10, 10, 2, 10, 10, 10, 10, 10, 10, 10, 10, 19, 10, 10, 10, 10, 10, 10, 10, 10, 10, 10, 10, 10, 10, 10, 10, 10, 10, 10, 10, 10, 5, 
361: 10, 10, 10, 0, 10, 10, 0, 10, 0, 0, 10, 0, 10, 4, 10, 0, 10, 0, 10, 10, 10, 10, 10, 1, 3, 10, 0, 0, 10, 10, 0, 0, 0, 10, 10, 0, 0, 10, 0, 0, 10, 0, 10, 10, 0, 0, 10, 10, 10, 10, 0, 0, 0, 10, 10, 10, 0, 0, 0, 10, 0, 10, 0, 0, 10, 0, 10, 0, 0, 0, 0, 10, 0, 10, 0, 10, 0, 10, 0, 10, 0, 0, 13, 0, 10, 0, 0, 10, 10, 10, 0, 0, 0, 0, 10, 0, 10, 10, 10, 10, 10, 10, 10, 0, 10, 10, 0, 10, 0, 10, 0, 0, 0, 0, 0, 14, 10, 10, 4, 0, : 10, 10, 10, 10, 10, 10, 10, 10, 4, 10, 10, 10, 10, 10, 10, 10, 1, 3, 10, 10, 10, 10, 10, 10, 10, 10, 10, 10, 10, 10, 10, 10, 10, 10, 10, 10, 10, 10, 10, 10, 10, 10, 10, 13, 10, 10, 10, 10, 10, 10, 10, 10, 10, 10, 10, 10, 10, 10, 10, 10, 14, 10, 10, 4, 
312: 4, 0, 10, 10, 10, 0, 0, 10, 10, 10, 0, 0, 0, 0, 10, 0, 10, 10, 10, 10, 0, 0, 0, 10, 0, 10, 0, 1, 10, 0, 0, 10, 0, 10, 10, 10, 0, 10, 0, 10, 10, 10, 0, 10, 0, 0, 0, 10, 10, 10, 10, 10, 10, 10, 0, 0, 10, 0, 10, 0, 10, 10, 0, 10, 0, 10, 10, 0, 0, 0, 10, 0, 0, 0, 0, 10, 0, 10, 0, 0, 10, 0, 10, 10, 0, 10, 0, 0, 0, 0, 0, 10, 0, 10, 10, 10, 10, 0, 0, 3, 0, 10, 0, 0, 0, 10, 10, 0, 0, 10, 10, 0, 10, 10, 0, 0, 10, 10, 0, 10, : 4, 10, 10, 10, 10, 10, 10, 10, 10, 10, 10, 10, 10, 10, 1, 10, 10, 10, 10, 10, 10, 10, 10, 10, 10, 10, 10, 10, 10, 10, 10, 10, 10, 10, 10, 10, 10, 10, 10, 10, 10, 10, 10, 10, 10, 10, 10, 10, 10, 10, 10, 3, 10, 10, 10, 10, 10, 10, 10, 10, 10, 10, 
600: 0, 10, 13, 0, 0, 0, 10, 10, 0, 0, 0, 0, 10, 10, 10, 1, 0, 10, 0, 10, 0, 10, 0, 10, 0, 0, 0, 0, 10, 0, 0, 0, 10, 2, 10, 0, 0, 10, 10, 0, 10, 10, 0, 0, 0, 10, 0, 0, 0, 10, 0, 10, 0, 10, 10, 0, 10, 10, 0, 10, 0, 0, 10, 18, 10, 10, 0, 0, 0, 0, 0, 10, 10, 0, 0, 10, 0, 0, 10, 13, 0, 0, 0, 0, 0, 0, 10, 0, 0, 10, 0, 0, 0, 0, 0, 10, 10, 10, 0, 0, 10, 0, 0, 10, 0, 10, 0, 10, 0, 10, 0, 0, 0, 0, 10, 10, 10, 10, 0, 0, : 10, 13, 10, 10, 10, 10, 10, 1, 10, 10, 10, 10, 10, 10, 2, 10, 10, 10, 10, 10, 10, 10, 10, 10, 10, 10, 10, 10, 10, 18, 10, 10, 10, 10, 10, 10, 13, 10, 10, 10, 10, 10, 10, 10, 10, 10, 10, 10, 10, 10, 10, 
405: 0, 0, 0, 10, 0, 10, 10, 0, 0, 0, 10, 0, 0, 10, 10, 10, 10, 10, 0, 0, 0, 10, 0, 0, 10, 0, 10, 0, 0, 0, 10, 10, 0, 10, 10, 10, 3, 0, 0, 10, 0, 10, 0, 0, 0, 0, 10, 10, 0, 0, 0, 0, 0, 0, 0, 10, 0, 0, 10, 10, 0, 0, 10, 10, 0, 0, 10, 10, 10, 0, 0, 0, 0, 10, 10, 10, 10, 10, 10, 0, 0, 10, 0, 10, 10, 10, 10, 10, 10, 6, 0, 0, 0, 0, 10, 0, 10, 0, 0, 0, 10, 0, 0, 10, 0, 10, 10, 10, 0, 10, 0, 0, 0, 10, 0, 10, 10, 0, 0, 0, : 10, 10, 10, 10, 10, 10, 10, 10, 10, 10, 10, 10, 10, 10, 10, 10, 10, 3, 10, 10, 10, 10, 10, 10, 10, 10, 10, 10, 10, 10, 10, 10, 10, 10, 10, 10, 10, 10, 10, 10, 10, 10, 10, 6, 10, 10, 10, 10, 10, 10, 10, 10, 10, 10, 10, 
225: 0, 10, 10, 10, 10, 0, 10, 10, 0, 0, 0, 10, 10, 0, 10, 10, 10, 0, 10, 0, 10, 10, 0, 10, 0, 0, 10, 0, 0, 10, 0, 10, 0, 10, 10, 0, 0, 10, 0, 0, 10, 0, 0, 10, 10, 0, 10, 0, 0, 0, 0, 0, 0, 10, 10, 0, 10, 0, 0, 10, 10, 10, 10, 10, 0, 0, 10, 10, 0, 0, 0, 10, 0, 0, 10, 0, 10, 0, 10, 10, 10, 0, 0, 10, 0, 10, 10, 10, 0, 10, 0, 10, 10, 0, 10, 10, 10, 0, 10, 10, 10, 0, 10, 10, 0, 0, 2, 0, 0, 10, 10, 10, 0, 10, 0, 10, 10, 10, 0, 10, : 10, 10, 10, 10, 10, 10, 10, 10, 10, 10, 10, 10, 10, 10, 10, 10, 10, 10, 10, 10, 10, 10, 10, 10, 10, 10, 10, 10, 10, 10, 10, 10, 10, 10, 10, 10, 10, 10, 10, 10, 10, 10, 10, 10, 10, 10, 10, 10, 10, 10, 10, 10, 10, 10, 10, 10, 2, 10, 10, 10, 10, 10, 10, 10, 10, 
116: 10, 0, 0, 10, 2, 10, 10, 10, 0, 0, 0, 10, 0, 0, 10, 0, 0, 10, 0, 10, 0, 0, 0, 10, 10, 0, 0, 0, 0, 0, 1, 10, 10, 0, 0, 0, 10, 0, 0, 10, 0, 10, 10, 0, 10, 10, 10, 10, 10, 0, 0, 10, 0, 0, 0, 0, 10, 10, 0, 0, 0, 0, 10, 4, 0, 0, 0, 0, 0, 0, 0, 0, 0, 0, 0, 10, 10, 0, 0, 10, 0, 10, 0, 10, 0, 10, 10, 0, 0, 10, 10, 10, 10, 10, 10, 0, 10, 10, 1, 10, 10, 10, 10, 0, 10, 10, 10, 0, 0, 10, 10, 0, 10, 0, 10, 10, 10, 0, 10, 0, : 10, 10, 2, 10, 10, 10, 10, 10, 10, 10, 10, 10, 1, 10, 10, 10, 10, 10, 10, 10, 10, 10, 10, 10, 10, 10, 10, 10, 4, 10, 10, 10, 10, 10, 10, 10, 10, 10, 10, 10, 10, 10, 10, 10, 1, 10, 10, 10, 10, 10, 10, 10, 10, 10, 10, 10, 10, 10, 10, 
474: 0, 0, 10, 10, 2, 0, 10, 10, 0, 0, 0, 0, 10, 11, 0, 10, 10, 0, 10, 10, 10, 1, 10, 0, 10, 0, 0, 10, 10, 10, 10, 0, 0, 10, 0, 10, 0, 10, 0, 10, 10, 0, 0, 10, 0, 10, 0, 0, 10, 0, 10, 0, 10, 10, 0, 10, 4, 10, 0, 0, 0, 0, 0, 0, 10, 0, 10, 0, 0, 10, 0, 0, 11, 10, 10, 0, 0, 0, 10, 10, 10, 0, 10, 10, 0, 0, 10, 0, 10, 0, 10, 0, 16, 10, 10, 10, 10, 10, 0, 10, 0, 0, 0, 10, 0, 10, 10, 10, 10, 0, 0, 10, 10, 0, 10, 10, 10, 10, 0, 10, : 10, 10, 2, 10, 10, 10, 11, 10, 10, 10, 10, 10, 1, 10, 10, 10, 10, 10, 10, 10, 10, 10, 10, 10, 10, 10, 10, 10, 10, 10, 10, 4, 10, 10, 10, 10, 11, 10, 10, 10, 10, 10, 10, 10, 10, 10, 10, 16, 10, 10, 10, 10, 10, 10, 10, 10, 10, 10, 10, 10, 10, 10, 10, 10, 10, 10, 
26: 10, 1, 0, 0, 10, 0, 10, 10, 0, 0, 0, 10, 0, 10, 0, 3, 0, 10, 10, 10, 10, 0, 10, 0, 10, 10, 10, 10, 10, 0, 10, 10, 0, 10, 0, 20, 0, 0, 0, 10, 1, 0, 0, 0, 0, 0, 10, 10, 0, 0, 0, 10, 10, 10, 0, 0, 0, 0, 0, 10, 0, 10, 10, 0, 0, 10, 10, 0, 0, 10, 10, 10, 0, 0, 10, 0, 0, 0, 0, 10, 0, 0, 0, 0, 10, 10, 0, 10, 10, 10, 10, 10, 10, 10, 0, 10, 10, 10, 0, 10, 0, 10, 0, 10, 10, 0, 10, 10, 10, 0, 10, 10, 3, 0, 10, 0, 16, 10, 10, 0, : 10, 1, 10, 10, 10, 10, 10, 3, 10, 10, 10, 10, 10, 10, 10, 10, 10, 10, 10, 10, 10, 20, 10, 1, 10, 10, 10, 10, 10, 10, 10, 10, 10, 10, 10, 10, 10, 10, 10, 10, 10, 10, 10, 10, 10, 10, 10, 10, 10, 10, 10, 10, 10, 10, 10, 10, 10, 10, 10, 10, 3, 10, 16, 10, 10, 
413: 0, 0, 10, 0, 10, 10, 0, 0, 0, 10, 10, 10, 10, 0, 0, 10, 0, 0, 3, 0, 0, 10, 10, 10, 0, 0, 10, 0, 0, 10, 10, 10, 10, 0, 10, 0, 0, 0, 1, 0, 10, 0, 0, 0, 10, 10, 0, 0, 0, 0, 0, 0, 0, 10, 10, 0, 10, 10, 10, 10, 10, 0, 0, 10, 2, 10, 0, 10, 10, 0, 0, 0, 10, 10, 10, 10, 0, 0, 10, 0, 10, 10, 10, 10, 10, 0, 10, 0, 10, 0, 0, 10, 0, 10, 10, 10, 0, 0, 0, 10, 0, 0, 10, 10, 0, 10, 10, 0, 10, 10, 10, 0, 10, 10, 10, 10, 0, 10, 10, 10, : 10, 10, 10, 10, 10, 10, 10, 10, 3, 10, 10, 10, 10, 10, 10, 10, 10, 10, 1, 10, 10, 10, 10, 10, 10, 10, 10, 10, 10, 10, 2, 10, 10, 10, 10, 10, 10, 10, 10, 10, 10, 10, 10, 10, 10, 10, 10, 10, 10, 10, 10, 10, 10, 10, 10, 10, 10, 10, 10, 10, 10, 10, 10, 10, 10, 
100: 0, 10, 0, 0, 10, 10, 10, 10, 0, 0, 10, 0, 0, 0, 0, 0, 10, 10, 10, 4, 0, 0, 10, 10, 0, 10, 10, 0, 10, 0, 10, 0, 10, 10, 10, 10, 10, 10, 10, 0, 0, 10, 0, 0, 10, 10, 0, 10, 10, 0, 10, 10, 0, 0, 10, 10, 0, 0, 10, 10, 10, 10, 10, 0, 0, 10, 10, 0, 0, 10, 10, 0, 0, 0, 0, 10, 10, 10, 10, 10, 10, 0, 0, 10, 0, 0, 10, 10, 0, 10, 0, 0, 10, 20, 10, 10, 0, 0, 5, 0, 10, 0, 0, 10, 10, 10, 10, 0, 0, 10, 1, 0, 0, 10, 0, 0, 8, 0, 10, 10, : 10, 10, 10, 10, 10, 10, 10, 10, 10, 4, 10, 10, 10, 10, 10, 10, 10, 10, 10, 10, 10, 10, 10, 10, 10, 10, 10, 10, 10, 10, 10, 10, 10, 10, 10, 10, 10, 10, 10, 10, 10, 10, 10, 10, 10, 10, 10, 10, 10, 10, 10, 10, 20, 10, 10, 5, 10, 10, 10, 10, 10, 10, 1, 10, 8, 10, 10, 
171: 10, 10, 10, 0, 0, 0, 0, 10, 0, 10, 0, 0, 0, 0, 0, 0, 0, 10, 10, 10, 0, 0, 0, 0, 0, 0, 0, 10, 10, 0, 0, 0, 10, 0, 0, 10, 0, 10, 10, 10, 0, 10, 10, 0, 10, 0, 1, 0, 0, 10, 10, 10, 0, 10, 10, 0, 0, 10, 0, 10, 10, 0, 10, 0, 10, 10, 0, 0, 0, 0, 10, 10, 0, 0, 0, 1, 0, 10, 0, 10, 0, 0, 10, 0, 0, 10, 0, 0, 10, 0, 0, 0, 10, 1, 0, 0, 0, 0, 10, 10, 0, 10, 10, 10, 0, 10, 10, 0, 1, 0, 0, 0, 10, 10, 10, 10, 0, 0, 10, 0, : 10, 10, 10, 10, 10, 10, 10, 10, 10, 10, 10, 10, 10, 10, 10, 10, 10, 10, 1, 10, 10, 10, 10, 10, 10, 10, 10, 10, 10, 10, 10, 10, 1, 10, 10, 10, 10, 10, 10, 1, 10, 10, 10, 10, 10, 10, 10, 1, 10, 10, 10, 10, 10, 
154: 0, 10, 10, 0, 0, 0, 0, 10, 10, 10, 10, 0, 10, 0, 0, 1, 10, 0, 10, 0, 10, 0, 10, 0, 0, 0, 0, 10, 0, 0, 0, 10, 10, 0, 0, 10, 10, 10, 10, 10, 10, 0, 0, 0, 10, 10, 0, 0, 0, 0, 0, 0, 10, 0, 10, 10, 10, 10, 0, 10, 10, 10, 0, 0, 0, 10, 10, 0, 0, 0, 10, 10, 0, 0, 10, 10, 0, 0, 10, 10, 0, 10, 0, 10, 10, 0, 0, 10, 10, 10, 12, 0, 0, 0, 10, 10, 0, 0, 10, 10, 10, 0, 10, 0, 10, 0, 10, 10, 6, 0, 0, 10, 0, 0, 10, 10, 10, 0, 0, 10, : 10, 10, 10, 10, 10, 10, 10, 1, 10, 10, 10, 10, 10, 10, 10, 10, 10, 10, 10, 10, 10, 10, 10, 10, 10, 10, 10, 10, 10, 10, 10, 10, 10, 10, 10, 10, 10, 10, 10, 10, 10, 10, 10, 10, 10, 12, 10, 10, 10, 10, 10, 10, 10, 10, 10, 6, 10, 10, 10, 10, 10, 
241: 10, 10, 0, 0, 10, 10, 10, 0, 0, 0, 10, 0, 0, 10, 0, 0, 10, 10, 0, 10, 0, 0, 10, 10, 10, 1, 10, 0, 0, 10, 0, 10, 0, 10, 0, 0, 0, 10, 0, 0, 0, 10, 0, 0, 0, 10, 10, 10, 0, 0, 10, 10, 0, 0, 10, 0, 10, 0, 10, 0, 10, 10, 0, 10, 10, 0, 0, 0, 10, 10, 0, 10, 0, 0, 0, 10, 0, 10, 0, 0, 0, 0, 0, 10, 0, 0, 0, 10, 10, 10, 0, 0, 10, 0, 0, 12, 1, 10, 10, 10, 0, 10, 10, 0, 0, 10, 10, 0, 20, 0, 0, 0, 0, 10, 10, 0, 0, 0, 10, 10, : 10, 10, 10, 10, 10, 10, 10, 10, 10, 10, 10, 10, 10, 1, 10, 10, 10, 10, 10, 10, 10, 10, 10, 10, 10, 10, 10, 10, 10, 10, 10, 10, 10, 10, 10, 10, 10, 10, 10, 10, 10, 10, 12, 1, 10, 10, 10, 10, 10, 10, 10, 20, 10, 10, 10, 10, 
265: 10, 0, 10, 0, 10, 10, 0, 10, 10, 10, 0, 10, 10, 0, 0, 10, 0, 0, 0, 10, 10, 0, 10, 0, 10, 0, 0, 0, 0, 10, 0, 0, 0, 10, 10, 0, 10, 0, 10, 0, 0, 10, 10, 0, 0, 0, 10, 0, 1, 10, 10, 10, 10, 10, 10, 10, 0, 10, 10, 10, 1, 5, 10, 10, 0, 0, 10, 0, 0, 0, 10, 3, 0, 0, 0, 0, 0, 10, 0, 0, 10, 0, 10, 10, 0, 0, 0, 10, 0, 10, 0, 10, 0, 0, 0, 10, 1, 10, 0, 10, 0, 0, 0, 0, 0, 0, 10, 0, 10, 6, 10, 10, 10, 0, 0, 0, 0, 10, 0, 10, : 10, 10, 10, 10, 10, 10, 10, 10, 10, 10, 10, 10, 10, 10, 10, 10, 10, 10, 10, 10, 10, 10, 1, 10, 10, 10, 10, 10, 10, 10, 10, 10, 10, 1, 5, 10, 10, 10, 10, 3, 10, 10, 10, 10, 10, 10, 10, 10, 1, 10, 10, 10, 10, 6, 10, 10, 10, 10, 10, 
19: 10, 10, 10, 10, 10, 0, 10, 0, 10, 10, 0, 10, 0, 10, 10, 0, 0, 10, 0, 10, 0, 10, 10, 10, 10, 0, 0, 0, 3, 10, 0, 0, 0, 0, 10, 10, 0, 10, 10, 0, 0, 10, 10, 0, 10, 0, 0, 0, 10, 10, 10, 10, 10, 0, 10, 0, 10, 10, 0, 10, 10, 0, 10, 10, 0, 10, 0, 10, 11, 10, 0, 10, 10, 0, 10, 0, 10, 0, 10, 10, 10, 10, 0, 14, 0, 0, 10, 0, 10, 0, 0, 10, 0, 10, 0, 10, 10, 10, 10, 0, 0, 0, 0, 0, 0, 0, 10, 0, 0, 10, 0, 18, 0, 0, 0, 10, 10, 10, 0, 10, : 10, 10, 10, 10, 10, 10, 10, 10, 10, 10, 10, 10, 10, 10, 10, 10, 10, 3, 10, 10, 10, 10, 10, 10, 10, 10, 10, 10, 10, 10, 10, 10, 10, 10, 10, 10, 10, 10, 10, 10, 11, 10, 10, 10, 10, 10, 10, 10, 10, 10, 14, 10, 10, 10, 10, 10, 10, 10, 10, 10, 10, 18, 10, 10, 10, 10, 
473: 10, 0, 10, 10, 0, 14, 0, 10, 10, 10, 0, 10, 10, 0, 10, 0, 0, 0, 0, 0, 0, 0, 10, 10, 10, 10, 0, 0, 10, 0, 0, 0, 10, 10, 10, 0, 10, 10, 0, 0, 10, 10, 10, 0, 0, 10, 10, 10, 0, 10, 0, 10, 10, 1, 10, 0, 0, 10, 0, 0, 10, 0, 10, 0, 10, 11, 0, 10, 10, 10, 0, 0, 0, 0, 1, 0, 0, 10, 10, 0, 10, 10, 10, 0, 0, 0, 2, 10, 0, 10, 10, 12, 0, 10, 10, 10, 10, 0, 0, 10, 10, 0, 0, 10, 0, 0, 10, 6, 0, 10, 10, 10, 10, 0, 0, 0, 10, 10, 0, 0, : 10, 10, 10, 14, 10, 10, 10, 10, 10, 10, 10, 10, 10, 10, 10, 10, 10, 10, 10, 10, 10, 10, 10, 10, 10, 10, 10, 10, 10, 1, 10, 10, 10, 10, 10, 11, 10, 10, 10, 1, 10, 10, 10, 10, 10, 2, 10, 10, 10, 12, 10, 10, 10, 10, 10, 10, 10, 10, 6, 10, 10, 10, 10, 10, 10, 
551: 10, 10, 0, 0, 10, 0, 0, 0, 10, 10, 0, 10, 10, 0, 0, 0, 10, 0, 10, 0, 10, 10, 0, 10, 1, 10, 0, 0, 0, 0, 10, 0, 0, 10, 0, 0, 10, 10, 10, 0, 10, 10, 0, 0, 0, 0, 0, 1, 10, 10, 10, 0, 0, 10, 10, 0, 10, 0, 0, 10, 0, 0, 0, 10, 10, 10, 0, 0, 10, 10, 10, 10, 0, 0, 10, 10, 10, 0, 0, 1, 0, 10, 10, 10, 4, 10, 0, 10, 10, 0, 10, 0, 0, 0, 0, 10, 0, 10, 0, 10, 10, 3, 0, 10, 10, 10, 10, 10, 0, 6, 0, 0, 10, 1, 0, 0, 0, 10, 0, 10, : 10, 10, 10, 10, 10, 10, 10, 10, 10, 10, 10, 10, 1, 10, 10, 10, 10, 10, 10, 10, 10, 1, 10, 10, 10, 10, 10, 10, 10, 10, 10, 10, 10, 10, 10, 10, 10, 10, 10, 1, 10, 10, 10, 4, 10, 10, 10, 10, 10, 10, 10, 10, 3, 10, 10, 10, 10, 10, 6, 10, 1, 10, 10, 
535: 10, 10, 10, 0, 10, 10, 0, 10, 0, 10, 10, 6, 0, 10, 0, 10, 10, 10, 10, 0, 0, 0, 10, 0, 0, 10, 10, 0, 0, 10, 10, 0, 10, 0, 0, 10, 0, 10, 0, 0, 0, 10, 0, 0, 10, 10, 0, 10, 0, 10, 0, 0, 10, 0, 0, 10, 0, 10, 0, 0, 10, 10, 0, 0, 0, 10, 10, 0, 0, 10, 10, 10, 0, 10, 0, 10, 0, 1, 0, 0, 0, 10, 10, 10, 0, 0, 10, 10, 0, 10, 10, 10, 0, 0, 0, 0, 10, 0, 10, 0, 1, 10, 0, 10, 0, 0, 10, 10, 10, 10, 0, 10, 0, 10, 0, 10, 10, 10, 10, 10, : 10, 10, 10, 10, 10, 10, 10, 10, 6, 10, 10, 10, 10, 10, 10, 10, 10, 10, 10, 10, 10, 10, 10, 10, 10, 10, 10, 10, 10, 10, 10, 10, 10, 10, 10, 10, 10, 10, 10, 1, 10, 10, 10, 10, 10, 10, 10, 10, 10, 10, 1, 10, 10, 10, 10, 10, 10, 10, 10, 10, 10, 10, 10, 10, 
456: 0, 10, 10, 0, 0, 0, 0, 0, 10, 10, 10, 0, 10, 0, 10, 0, 1, 0, 10, 0, 10, 0, 1, 10, 10, 10, 0, 10, 10, 10, 0, 10, 0, 0, 10, 10, 17, 10, 0, 0, 10, 0, 10, 10, 0, 10, 10, 10, 10, 10, 0, 0, 0, 10, 0, 0, 10, 10, 0, 0, 0, 10, 10, 1, 10, 10, 0, 10, 0, 10, 10, 0, 10, 10, 10, 0, 10, 10, 0, 10, 0, 1, 10, 0, 10, 0, 20, 0, 10, 10, 10, 0, 10, 0, 0, 10, 0, 0, 0, 0, 0, 10, 0, 0, 0, 10, 10, 10, 0, 0, 10, 10, 0, 0, 0, 10, 10, 0, 0, 0, : 10, 10, 10, 10, 10, 10, 10, 1, 10, 10, 1, 10, 10, 10, 10, 10, 10, 10, 10, 10, 17, 10, 10, 10, 10, 10, 10, 10, 10, 10, 10, 10, 10, 10, 10, 1, 10, 10, 10, 10, 10, 10, 10, 10, 10, 10, 10, 1, 10, 10, 20, 10, 10, 10, 10, 10, 10, 10, 10, 10, 10, 10, 10, 10, 
485: 10, 0, 10, 10, 0, 4, 10, 1, 10, 10, 1, 10, 0, 10, 1, 10, 0, 10, 0, 10, 0, 0, 13, 10, 0, 0, 0, 10, 0, 0, 10, 3, 0, 10, 0, 0, 10, 10, 0, 0, 10, 0, 0, 10, 0, 0, 10, 10, 10, 0, 10, 0, 0, 10, 0, 0, 0, 0, 0, 10, 0, 10, 10, 10, 0, 10, 0, 0, 0, 0, 0, 10, 0, 10, 10, 10, 0, 0, 0, 18, 10, 0, 10, 0, 0, 10, 10, 0, 10, 0, 0, 10, 3, 10, 10, 0, 0, 10, 0, 10, 10, 10, 10, 10, 0, 10, 0, 0, 10, 10, 0, 10, 0, 0, 0, 10, 10, 0, 10, 0, : 10, 10, 10, 4, 10, 1, 10, 10, 1, 10, 10, 1, 10, 10, 10, 13, 10, 10, 10, 3, 10, 10, 10, 10, 10, 10, 10, 10, 10, 10, 10, 10, 10, 10, 10, 10, 10, 10, 10, 18, 10, 10, 10, 10, 10, 10, 3, 10, 10, 10, 10, 10, 10, 10, 10, 10, 10, 10, 10, 10, 10, 10, 
258: 0, 10, 10, 0, 0, 10, 0, 0, 0, 0, 10, 10, 10, 10, 0, 10, 10, 0, 10, 0, 10, 10, 0, 10, 0, 0, 10, 10, 0, 0, 0, 0, 10, 10, 0, 5, 0, 10, 0, 10, 10, 10, 10, 10, 10, 10, 10, 0, 0, 4, 10, 0, 10, 0, 10, 10, 10, 0, 10, 10, 10, 10, 0, 10, 0, 10, 10, 0, 10, 10, 10, 10, 10, 10, 0, 10, 10, 10, 0, 10, 10, 0, 0, 10, 10, 10, 10, 0, 10, 0, 0, 4, 10, 0, 10, 10, 0, 10, 10, 0, 0, 10, 0, 0, 10, 0, 0, 10, 0, 0, 10, 10, 0, 0, 10, 0, 10, 10, 0, 10, : 10, 10, 10, 10, 10, 10, 10, 10, 10, 10, 10, 10, 10, 10, 10, 10, 10, 5, 10, 10, 10, 10, 10, 10, 10, 10, 10, 4, 10, 10, 10, 10, 10, 10, 10, 10, 10, 10, 10, 10, 10, 10, 10, 10, 10, 10, 10, 10, 10, 10, 10, 10, 10, 10, 10, 10, 4, 10, 10, 10, 10, 10, 10, 10, 10, 10, 10, 10, 10, 10, 10, 
275: 10, 10, 0, 10, 10, 10, 1, 0, 10, 10, 10, 0, 0, 10, 0, 10, 10, 10, 0, 10, 10, 0, 1, 0, 0, 10, 10, 0, 0, 10, 10, 0, 0, 0, 10, 10, 0, 7, 10, 0, 0, 0, 10, 10, 0, 10, 10, 18, 0, 10, 10, 10, 0, 10, 0, 0, 0, 10, 0, 0, 10, 0, 10, 10, 0, 0, 0, 10, 10, 10, 0, 10, 10, 0, 10, 10, 10, 0, 0, 0, 10, 0, 10, 10, 0, 0, 10, 0, 10, 0, 0, 10, 0, 10, 0, 10, 0, 0, 10, 10, 0, 0, 10, 0, 4, 14, 0, 10, 0, 0, 10, 0, 10, 0, 0, 0, 0, 0, 10, 0, : 10, 10, 10, 10, 10, 1, 10, 10, 10, 10, 10, 10, 10, 10, 10, 1, 10, 10, 10, 10, 10, 10, 7, 10, 10, 10, 10, 10, 18, 10, 10, 10, 10, 10, 10, 10, 10, 10, 10, 10, 10, 10, 10, 10, 10, 10, 10, 10, 10, 10, 10, 10, 10, 10, 10, 10, 4, 14, 10, 10, 10, 10, 
360: 10, 0, 10, 0, 10, 0, 0, 10, 10, 0, 0, 10, 0, 10, 10, 10, 10, 0, 10, 10, 0, 0, 10, 0, 0, 0, 0, 0, 10, 10, 10, 0, 10, 10, 0, 0, 8, 0, 10, 0, 10, 0, 0, 10, 0, 0, 10, 10, 10, 10, 10, 0, 0, 0, 10, 0, 10, 10, 10, 0, 0, 10, 0, 10, 10, 10, 0, 0, 10, 10, 0, 0, 0, 10, 0, 10, 10, 0, 0, 10, 10, 0, 10, 0, 10, 10, 0, 0, 10, 0, 10, 10, 10, 10, 0, 0, 10, 10, 10, 10, 0, 0, 0, 0, 0, 0, 0, 0, 10, 0, 10, 0, 10, 0, 10, 10, 0, 0, 10, 10, : 10, 10, 10, 10, 10, 10, 10, 10, 10, 10, 10, 10, 10, 10, 10, 10, 10, 10, 8, 10, 10, 10, 10, 10, 10, 10, 10, 10, 10, 10, 10, 10, 10, 10, 10, 10, 10, 10, 10, 10, 10, 10, 10, 10, 10, 10, 10, 10, 10, 10, 10, 10, 10, 10, 10, 10, 10, 10, 10, 10, 10, 
587: 10, 0, 10, 0, 10, 10, 0, 0, 10, 0, 0, 0, 0, 10, 0, 0, 10, 10, 0, 10, 10, 0, 0, 10, 0, 0, 5, 0, 10, 0, 2, 0, 10, 10, 0, 10, 0, 0, 10, 10, 10, 10, 0, 0, 0, 0, 10, 10, 0, 10, 10, 10, 0, 0, 0, 10, 0, 0, 10, 10, 10, 0, 10, 10, 10, 0, 0, 0, 10, 10, 0, 0, 10, 0, 10, 10, 10, 10, 0, 10, 10, 0, 10, 0, 10, 10, 0, 0, 0, 0, 10, 10, 0, 0, 10, 0, 0, 10, 10, 10, 10, 0, 10, 0, 10, 0, 10, 0, 10, 0, 0, 0, 0, 0, 0, 10, 0, 0, 10, 10, : 10, 10, 10, 10, 10, 10, 10, 10, 10, 10, 10, 5, 10, 2, 10, 10, 10, 10, 10, 10, 10, 10, 10, 10, 10, 10, 10, 10, 10, 10, 10, 10, 10, 10, 10, 10, 10, 10, 10, 10, 10, 10, 10, 10, 10, 10, 10, 10, 10, 10, 10, 10, 10, 10, 10, 10, 10, 10, 10, 
410: 10, 0, 0, 10, 10, 10, 0, 10, 0, 10, 10, 10, 0, 0, 0, 10, 0, 10, 0, 0, 10, 0, 10, 0, 10, 10, 0, 10, 0, 0, 10, 0, 10, 10, 0, 10, 0, 10, 10, 10, 10, 0, 10, 0, 0, 10, 0, 0, 10, 10, 0, 0, 10, 10, 10, 10, 10, 10, 10, 0, 10, 10, 10, 10, 10, 10, 10, 10, 0, 10, 10, 10, 0, 0, 10, 0, 10, 0, 10, 10, 10, 0, 10, 0, 10, 0, 0, 0, 10, 0, 10, 0, 10, 0, 10, 0, 0, 10, 10, 0, 10, 10, 10, 10, 10, 10, 10, 10, 0, 2, 10, 0, 10, 0, 0, 10, 0, 10, 10, 10, : 10, 10, 10, 10, 10, 10, 10, 10, 10, 10, 10, 10, 10, 10, 10, 10, 10, 10, 10, 10, 10, 10, 10, 10, 10, 10, 10, 10, 10, 10, 10, 10, 10, 10, 10, 10, 10, 10, 10, 10, 10, 10, 10, 10, 10, 10, 10, 10, 10, 10, 10, 10, 10, 10, 10, 10, 10, 10, 10, 10, 10, 10, 10, 10, 10, 10, 2, 10, 10, 10, 10, 10, 10, 
149: 0, 0, 0, 0, 0, 0, 10, 10, 10, 0, 10, 0, 0, 10, 10, 0, 10, 10, 0, 0, 10, 0, 10, 10, 10, 10, 10, 10, 10, 10, 10, 0, 10, 10, 10, 0, 0, 10, 10, 10, 0, 10, 0, 10, 10, 2, 0, 0, 0, 0, 10, 10, 10, 10, 0, 10, 0, 0, 0, 10, 0, 0, 10, 0, 0, 0, 10, 10, 10, 0, 10, 10, 10, 0, 10, 10, 0, 0, 10, 0, 9, 0, 10, 0, 0, 10, 10, 10, 0, 10, 10, 0, 10, 10, 10, 10, 10, 0, 10, 10, 0, 10, 15, 0, 10, 0, 0, 10, 10, 10, 10, 10, 10, 0, 10, 0, 10, 10, 0, 1, : 10, 10, 10, 10, 10, 10, 10, 10, 10, 10, 10, 10, 10, 10, 10, 10, 10, 10, 10, 10, 10, 10, 10, 10, 10, 10, 10, 2, 10, 10, 10, 10, 10, 10, 10, 10, 10, 10, 10, 10, 10, 10, 10, 10, 9, 10, 10, 10, 10, 10, 10, 10, 10, 10, 10, 10, 10, 10, 10, 15, 10, 10, 10, 10, 10, 10, 10, 10, 10, 10, 1, 
271: 0, 10, 10, 0, 10, 0, 10, 10, 10, 10, 10, 10, 0, 0, 10, 10, 0, 10, 10, 10, 10, 10, 10, 10, 10, 10, 10, 0, 0, 0, 0, 10, 0, 0, 10, 10, 0, 0, 0, 10, 10, 0, 0, 10, 10, 10, 10, 10, 10, 0, 10, 10, 10, 10, 10, 0, 0, 0, 10, 0, 0, 0, 0, 1, 10, 0, 0, 10, 10, 0, 0, 0, 10, 0, 0, 10, 10, 10, 0, 0, 10, 0, 0, 2, 10, 10, 0, 10, 0, 10, 10, 0, 0, 0, 10, 0, 0, 10, 10, 10, 0, 10, 10, 0, 10, 0, 0, 0, 10, 0, 0, 10, 10, 10, 0, 0, 10, 0, 10, 10, : 10, 10, 10, 10, 10, 10, 10, 10, 10, 10, 10, 10, 10, 10, 10, 10, 10, 10, 10, 10, 10, 10, 10, 10, 10, 10, 10, 10, 10, 10, 10, 10, 10, 10, 10, 10, 10, 10, 1, 10, 10, 10, 10, 10, 10, 10, 10, 2, 10, 10, 10, 10, 10, 10, 10, 10, 10, 10, 10, 10, 10, 10, 10, 10, 10, 10, 10, 
490: 0, 0, 0, 10, 10, 0, 0, 10, 0, 0, 0, 10, 10, 0, 10, 0, 10, 10, 10, 0, 0, 10, 0, 0, 0, 10, 0, 0, 0, 10, 0, 0, 0, 0, 10, 10, 0, 0, 0, 0, 0, 0, 10, 0, 0, 0, 0, 10, 0, 0, 0, 0, 0, 0, 0, 10, 10, 0, 0, 0, 0, 0, 10, 0, 10, 0, 10, 0, 10, 0, 0, 10, 10, 0, 0, 0, 0, 0, 10, 0, 0, 10, 10, 0, 10, 10, 10, 10, 0, 10, 0, 0, 0, 0, 0, 10, 0, 0, 0, 10, 0, 10, 10, 0, 10, 10, 0, 10, 0, 0, 0, 0, 0, 10, 10, 0, 10, 10, 0, 0, : 10, 10, 10, 10, 10, 10, 10, 10, 10, 10, 10, 10, 10, 10, 10, 10, 10, 10, 10, 10, 10, 10, 10, 10, 10, 10, 10, 10, 10, 10, 10, 10, 10, 10, 10, 10, 10, 10, 10, 10, 10, 10, 10, 
263: 10, 10, 10, 10, 0, 0, 10, 0, 10, 10, 0, 0, 0, 0, 0, 0, 4, 0, 0, 0, 10, 10, 0, 0, 10, 10, 10, 5, 0, 10, 0, 0, 0, 0, 10, 0, 10, 0, 0, 10, 0, 10, 0, 0, 10, 10, 10, 0, 11, 10, 1, 0, 0, 10, 10, 10, 10, 0, 10, 10, 10, 10, 10, 10, 0, 0, 10, 10, 0, 19, 0, 10, 10, 0, 10, 10, 10, 10, 10, 0, 10, 10, 0, 10, 0, 10, 0, 0, 10, 10, 0, 10, 0, 0, 0, 0, 10, 0, 10, 10, 20, 10, 0, 10, 0, 10, 10, 0, 0, 0, 10, 10, 10, 10, 0, 10, 0, 10, 10, 0, : 10, 10, 10, 10, 10, 10, 10, 4, 10, 10, 10, 10, 10, 5, 10, 10, 10, 10, 10, 10, 10, 10, 11, 10, 1, 10, 10, 10, 10, 10, 10, 10, 10, 10, 10, 10, 10, 19, 10, 10, 10, 10, 10, 10, 10, 10, 10, 10, 10, 10, 10, 10, 10, 10, 10, 20, 10, 10, 10, 10, 10, 10, 10, 10, 10, 10, 10, 
53: 0, 0, 10, 0, 0, 0, 10, 0, 10, 10, 0, 0, 7, 10, 10, 10, 10, 0, 0, 10, 0, 1, 10, 10, 0, 0, 10, 10, 10, 0, 10, 10, 10, 10, 10, 10, 0, 0, 20, 10, 10, 0, 0, 0, 0, 10, 10, 3, 10, 0, 10, 10, 10, 0, 0, 10, 0, 10, 0, 10, 10, 10, 10, 0, 0, 10, 10, 10, 0, 0, 10, 0, 18, 10, 0, 0, 10, 0, 0, 10, 0, 0, 10, 0, 0, 15, 10, 0, 5, 0, 10, 0, 0, 0, 10, 10, 10, 10, 0, 0, 0, 10, 10, 0, 0, 10, 0, 10, 10, 10, 10, 0, 0, 10, 14, 0, 10, 0, 0, 20, : 10, 10, 10, 10, 7, 10, 10, 10, 10, 10, 1, 10, 10, 10, 10, 10, 10, 10, 10, 10, 10, 10, 20, 10, 10, 10, 10, 3, 10, 10, 10, 10, 10, 10, 10, 10, 10, 10, 10, 10, 10, 10, 18, 10, 10, 10, 10, 15, 10, 5, 10, 10, 10, 10, 10, 10, 10, 10, 10, 10, 10, 10, 10, 14, 10, 20, 
217: 0, 0, 10, 10, 0, 0, 10, 10, 10, 0, 0, 0, 10, 10, 10, 10, 15, 10, 0, 10, 10, 0, 10, 0, 0, 10, 10, 0, 0, 0, 10, 0, 10, 0, 10, 10, 10, 0, 10, 10, 10, 10, 10, 0, 10, 10, 10, 0, 10, 0, 10, 10, 0, 0, 10, 0, 10, 0, 10, 0, 10, 0, 10, 10, 0, 10, 0, 10, 10, 10, 0, 0, 10, 10, 0, 0, 0, 0, 0, 10, 10, 10, 1, 10, 0, 10, 0, 0, 0, 10, 0, 0, 0, 0, 10, 10, 10, 10, 0, 10, 3, 0, 10, 10, 0, 0, 0, 0, 10, 0, 0, 10, 10, 10, 10, 0, 10, 10, 10, 10, : 10, 10, 10, 10, 10, 10, 10, 10, 10, 15, 10, 10, 10, 10, 10, 10, 10, 10, 10, 10, 10, 10, 10, 10, 10, 10, 10, 10, 10, 10, 10, 10, 10, 10, 10, 10, 10, 10, 10, 10, 10, 10, 10, 10, 10, 10, 10, 1, 10, 10, 10, 10, 10, 10, 10, 10, 3, 10, 10, 10, 10, 10, 10, 10, 10, 10, 10, 10, 
577: 10, 0, 10, 10, 10, 0, 0, 10, 0, 0, 0, 0, 0, 10, 10, 0, 0, 0, 10, 10, 10, 0, 0, 10, 10, 10, 0, 0, 10, 10, 10, 0, 0, 10, 10, 0, 10, 10, 0, 0, 0, 0, 10, 0, 10, 0, 0, 0, 10, 10, 0, 10, 0, 10, 10, 10, 10, 10, 10, 10, 17, 0, 0, 0, 0, 0, 0, 10, 10, 0, 10, 10, 10, 10, 0, 0, 0, 0, 10, 0, 0, 10, 0, 0, 10, 0, 10, 10, 10, 0, 0, 10, 10, 10, 10, 10, 10, 10, 0, 0, 0, 0, 0, 10, 10, 10, 0, 0, 10, 0, 0, 0, 10, 0, 0, 10, 0, 10, 0, 0, : 10, 10, 10, 10, 10, 10, 10, 10, 10, 10, 10, 10, 10, 10, 10, 10, 10, 10, 10, 10, 10, 10, 10, 10, 10, 10, 10, 10, 10, 10, 10, 10, 17, 10, 10, 10, 10, 10, 10, 10, 10, 10, 10, 10, 10, 10, 10, 10, 10, 10, 10, 10, 10, 10, 10, 10, 10, 10, 10, 
336: 0, 10, 0, 0, 10, 10, 10, 0, 2, 10, 10, 10, 0, 10, 0, 10, 10, 10, 0, 10, 0, 10, 0, 10, 0, 0, 0, 10, 0, 10, 10, 10, 0, 0, 10, 10, 10, 10, 0, 11, 10, 10, 10, 0, 0, 10, 0, 10, 10, 10, 10, 10, 10, 10, 0, 10, 0, 0, 0, 0, 10, 0, 10, 0, 10, 10, 0, 0, 10, 10, 10, 10, 0, 0, 10, 0, 10, 0, 10, 0, 0, 0, 10, 10, 0, 3, 0, 4, 10, 0, 0, 0, 15, 10, 0, 10, 10, 9, 0, 10, 10, 0, 10, 10, 0, 0, 10, 10, 10, 0, 0, 10, 10, 9, 10, 10, 0, 10, 10, 10, : 10, 10, 10, 10, 2, 10, 10, 10, 10, 10, 10, 10, 10, 10, 10, 10, 10, 10, 10, 10, 10, 10, 10, 11, 10, 10, 10, 10, 10, 10, 10, 10, 10, 10, 10, 10, 10, 10, 10, 10, 10, 10, 10, 10, 10, 10, 10, 10, 10, 3, 4, 10, 15, 10, 10, 10, 9, 10, 10, 10, 10, 10, 10, 10, 10, 10, 9, 10, 10, 10, 10, 10, 
251: 10, 10, 10, 0, 0, 10, 0, 10, 10, 10, 0, 10, 0, 0, 10, 10, 10, 10, 1, 10, 0, 0, 0, 10, 10, 0, 10, 0, 0, 10, 10, 10, 4, 0, 10, 10, 0, 10, 10, 10, 10, 10, 10, 10, 0, 10, 0, 10, 2, 0, 0, 0, 10, 3, 10, 0, 0, 16, 10, 0, 0, 10, 10, 0, 10, 0, 10, 10, 10, 0, 0, 0, 0, 10, 10, 0, 10, 10, 0, 10, 0, 10, 10, 10, 10, 0, 0, 10, 10, 0, 10, 10, 0, 10, 10, 0, 10, 10, 10, 10, 10, 0, 0, 0, 10, 10, 10, 10, 0, 0, 10, 10, 0, 0, 10, 0, 0, 10, 10, 0, : 10, 10, 10, 10, 10, 10, 10, 10, 10, 10, 10, 10, 1, 10, 10, 10, 10, 10, 10, 10, 4, 10, 10, 10, 10, 10, 10, 10, 10, 10, 10, 10, 2, 10, 3, 10, 16, 10, 10, 10, 10, 10, 10, 10, 10, 10, 10, 10, 10, 10, 10, 10, 10, 10, 10, 10, 10, 10, 10, 10, 10, 10, 10, 10, 10, 10, 10, 10, 10, 10, 10, 10, 10, 
7: 0, 0, 10, 10, 10, 10, 10, 0, 10, 10, 0, 10, 0, 12, 0, 0, 10, 0, 0, 10, 0, 10, 0, 0, 10, 10, 0, 0, 10, 0, 10, 10, 10, 10, 0, 10, 0, 0, 0, 0, 0, 0, 0, 10, 10, 10, 10, 0, 10, 10, 0, 10, 5, 7, 10, 0, 10, 10, 0, 0, 0, 10, 0, 0, 0, 0, 10, 10, 0, 0, 10, 10, 0, 0, 0, 10, 0, 10, 0, 0, 0, 10, 10, 0, 10, 10, 0, 10, 0, 0, 0, 0, 10, 10, 0, 10, 0, 10, 0, 0, 10, 10, 0, 0, 10, 0, 0, 10, 10, 0, 0, 0, 10, 0, 0, 10, 0, 0, 10, 10, : 10, 10, 10, 10, 10, 10, 10, 10, 12, 10, 10, 10, 10, 10, 10, 10, 10, 10, 10, 10, 10, 10, 10, 10, 10, 10, 10, 5, 7, 10, 10, 10, 10, 10, 10, 10, 10, 10, 10, 10, 10, 10, 10, 10, 10, 10, 10, 10, 10, 10, 10, 10, 10, 10, 10, 10, 10, 
94: 10, 10, 10, 10, 1, 0, 0, 10, 10, 10, 10, 10, 10, 0, 0, 10, 0, 10, 10, 0, 10, 0, 0, 0, 10, 10, 0, 10, 10, 10, 0, 0, 0, 10, 10, 10, 0, 10, 9, 10, 0, 0, 0, 10, 0, 0, 10, 0, 0, 10, 0, 10, 0, 0, 0, 10, 10, 1, 10, 10, 10, 10, 10, 0, 0, 0, 10, 0, 10, 0, 10, 0, 0, 10, 10, 10, 0, 10, 0, 0, 0, 0, 0, 0, 10, 10, 10, 10, 10, 10, 10, 0, 0, 0, 10, 0, 0, 0, 10, 10, 0, 10, 10, 0, 10, 10, 0, 10, 0, 0, 10, 10, 16, 0, 0, 0, 10, 0, 0, 10, : 10, 10, 10, 10, 1, 10, 10, 10, 10, 10, 10, 10, 10, 10, 10, 10, 10, 10, 10, 10, 10, 10, 10, 10, 9, 10, 10, 10, 10, 10, 10, 10, 1, 10, 10, 10, 10, 10, 10, 10, 10, 10, 10, 10, 10, 10, 10, 10, 10, 10, 10, 10, 10, 10, 10, 10, 10, 10, 10, 10, 10, 10, 16, 10, 10, 
268: 0, 0, 10, 0, 10, 10, 0, 10, 0, 10, 10, 0, 10, 0, 10, 10, 10, 10, 10, 0, 0, 10, 10, 10, 0, 0, 0, 10, 10, 0, 0, 10, 0, 10, 10, 10, 0, 10, 0, 10, 0, 0, 10, 10, 0, 0, 0, 0, 0, 10, 1, 0, 10, 10, 0, 10, 10, 10, 10, 10, 10, 10, 10, 10, 10, 0, 10, 0, 0, 10, 10, 10, 0, 10, 0, 10, 10, 10, 0, 0, 10, 10, 0, 0, 10, 0, 10, 10, 0, 10, 0, 10, 10, 3, 10, 10, 0, 0, 0, 0, 10, 0, 10, 0, 11, 10, 0, 0, 10, 10, 10, 10, 10, 0, 10, 0, 0, 0, 10, 10, : 10, 10, 10, 10, 10, 10, 10, 10, 10, 10, 10, 10, 10, 10, 10, 10, 10, 10, 10, 10, 10, 10, 10, 10, 10, 10, 1, 10, 10, 10, 10, 10, 10, 10, 10, 10, 10, 10, 10, 10, 10, 10, 10, 10, 10, 10, 10, 10, 10, 10, 10, 10, 10, 10, 10, 3, 10, 10, 10, 10, 11, 10, 10, 10, 10, 10, 10, 10, 10, 10, 
133: 0, 10, 10, 15, 10, 10, 10, 10, 0, 10, 10, 0, 0, 0, 0, 10, 8, 0, 0, 0, 10, 10, 10, 10, 10, 10, 10, 0, 10, 0, 0, 10, 0, 0, 0, 0, 10, 10, 10, 10, 10, 10, 10, 10, 10, 10, 10, 0, 10, 10, 0, 0, 0, 0, 0, 0, 0, 10, 0, 0, 0, 10, 10, 10, 10, 10, 11, 12, 10, 0, 10, 0, 10, 0, 10, 10, 0, 10, 0, 10, 0, 0, 10, 10, 10, 0, 10, 10, 0, 10, 0, 10, 10, 10, 0, 0, 0, 0, 0, 10, 10, 10, 5, 10, 10, 10, 0, 10, 0, 0, 0, 0, 0, 0, 10, 10, 0, 10, 0, 10, : 10, 10, 15, 10, 10, 10, 10, 10, 10, 10, 8, 10, 10, 10, 10, 10, 10, 10, 10, 10, 10, 10, 10, 10, 10, 10, 10, 10, 10, 10, 10, 10, 10, 10, 10, 10, 10, 10, 10, 11, 12, 10, 10, 10, 10, 10, 10, 10, 10, 10, 10, 10, 10, 10, 10, 10, 10, 10, 10, 10, 5, 10, 10, 10, 10, 10, 10, 10, 10, 
570: 10, 10, 10, 0, 10, 10, 10, 0, 0, 10, 0, 10, 10, 10, 0, 0, 0, 0, 0, 10, 10, 0, 10, 0, 10, 10, 0, 10, 10, 10, 0, 0, 0, 0, 10, 0, 10, 10, 0, 0, 0, 10, 0, 3, 10, 0, 10, 10, 10, 0, 10, 0, 10, 0, 10, 0, 10, 10, 10, 10, 0, 10, 10, 10, 10, 10, 10, 0, 0, 10, 0, 10, 10, 10, 10, 0, 0, 0, 10, 0, 0, 0, 17, 0, 10, 0, 0, 10, 0, 10, 10, 0, 0, 0, 10, 0, 10, 0, 10, 0, 0, 0, 0, 10, 10, 12, 10, 10, 10, 0, 0, 10, 0, 0, 10, 0, 0, 10, 10, 10, : 10, 10, 10, 10, 10, 10, 10, 10, 10, 10, 10, 10, 10, 10, 10, 10, 10, 10, 10, 10, 10, 10, 3, 10, 10, 10, 10, 10, 10, 10, 10, 10, 10, 10, 10, 10, 10, 10, 10, 10, 10, 10, 10, 10, 10, 10, 17, 10, 10, 10, 10, 10, 10, 10, 10, 10, 12, 10, 10, 10, 10, 10, 10, 10, 10, 
394: 0, 10, 10, 10, 10, 10, 1, 0, 10, 10, 10, 0, 10, 0, 0, 1, 10, 10, 10, 0, 0, 0, 10, 10, 0, 10, 10, 10, 10, 0, 10, 0, 0, 0, 0, 0, 10, 0, 10, 10, 0, 10, 10, 7, 0, 13, 0, 0, 0, 10, 0, 10, 10, 0, 0, 0, 10, 0, 10, 10, 0, 8, 0, 10, 0, 10, 0, 0, 10, 10, 0, 10, 10, 10, 10, 2, 0, 0, 0, 10, 10, 10, 0, 10, 10, 10, 0, 0, 10, 0, 0, 10, 0, 10, 0, 20, 10, 0, 10, 1, 10, 10, 0, 10, 10, 10, 10, 10, 10, 10, 10, 0, 0, 10, 10, 10, 10, 0, 10, 10, : 10, 10, 10, 10, 10, 1, 10, 10, 10, 10, 1, 10, 10, 10, 10, 10, 10, 10, 10, 10, 10, 10, 10, 10, 10, 10, 7, 13, 10, 10, 10, 10, 10, 10, 8, 10, 10, 10, 10, 10, 10, 10, 10, 2, 10, 10, 10, 10, 10, 10, 10, 10, 10, 20, 10, 10, 1, 10, 10, 10, 10, 10, 10, 10, 10, 10, 10, 10, 10, 10, 10, 10, 10, 
220: 0, 10, 10, 10, 0, 0, 0, 0, 10, 0, 0, 10, 0, 0, 10, 0, 10, 10, 10, 10, 0, 10, 0, 10, 0, 10, 6, 10, 10, 10, 10, 6, 10, 10, 10, 0, 0, 0, 0, 0, 10, 10, 0, 10, 10, 0, 0, 10, 10, 10, 10, 10, 0, 10, 10, 10, 0, 10, 0, 10, 0, 10, 0, 10, 10, 10, 0, 10, 10, 0, 10, 0, 0, 10, 10, 10, 0, 10, 0, 10, 10, 10, 0, 10, 10, 3, 10, 10, 0, 10, 10, 0, 0, 0, 10, 0, 10, 10, 10, 0, 0, 10, 10, 10, 0, 0, 10, 0, 0, 0, 0, 0, 0, 10, 10, 0, 0, 0, 10, 0, : 10, 10, 10, 10, 10, 10, 10, 10, 10, 10, 10, 10, 10, 6, 10, 10, 10, 10, 6, 10, 10, 10, 10, 10, 10, 10, 10, 10, 10, 10, 10, 10, 10, 10, 10, 10, 10, 10, 10, 10, 10, 10, 10, 10, 10, 10, 10, 10, 10, 10, 10, 10, 3, 10, 10, 10, 10, 10, 10, 10, 10, 10, 10, 10, 10, 10, 10, 10, 
568: 10, 10, 0, 8, 10, 0, 10, 0, 10, 10, 10, 10, 10, 10, 0, 10, 10, 0, 10, 0, 10, 20, 10, 0, 10, 0, 10, 7, 0, 0, 10, 0, 10, 10, 10, 10, 0, 0, 1, 10, 0, 10, 10, 10, 0, 2, 0, 0, 0, 10, 10, 7, 10, 0, 0, 10, 10, 0, 0, 10, 10, 10, 10, 0, 10, 0, 0, 0, 14, 10, 10, 1, 0, 10, 10, 0, 10, 10, 0, 0, 10, 10, 0, 10, 0, 10, 10, 0, 10, 0, 10, 0, 10, 10, 10, 10, 10, 0, 10, 0, 0, 0, 0, 0, 10, 0, 0, 0, 10, 10, 10, 0, 0, 10, 10, 10, 0, 10, 10, 0, : 10, 10, 8, 10, 10, 10, 10, 10, 10, 10, 10, 10, 10, 10, 10, 20, 10, 10, 10, 7, 10, 10, 10, 10, 10, 1, 10, 10, 10, 10, 2, 10, 10, 7, 10, 10, 10, 10, 10, 10, 10, 10, 14, 10, 10, 1, 10, 10, 10, 10, 10, 10, 10, 10, 10, 10, 10, 10, 10, 10, 10, 10, 10, 10, 10, 10, 10, 10, 10, 10, 10, 10, 
12: 0, 0, 0, 0, 10, 10, 10, 0, 0, 0, 8, 10, 0, 0, 10, 0, 10, 0, 0, 10, 10, 0, 0, 1, 10, 10, 0, 0, 10, 0, 0, 0, 10, 2, 0, 0, 0, 0, 0, 0, 10, 10, 10, 10, 10, 10, 13, 0, 0, 10, 20, 10, 10, 0, 0, 0, 0, 10, 10, 0, 10, 0, 10, 10, 0, 0, 10, 10, 10, 0, 10, 0, 10, 0, 10, 10, 0, 0, 0, 0, 0, 0, 0, 10, 10, 10, 10, 10, 0, 0, 10, 0, 10, 10, 10, 0, 0, 6, 10, 0, 10, 10, 10, 0, 0, 0, 0, 10, 0, 10, 10, 0, 0, 0, 10, 10, 0, 0, 10, 10, : 10, 10, 10, 8, 10, 10, 10, 10, 10, 1, 10, 10, 10, 10, 2, 10, 10, 10, 10, 10, 10, 13, 10, 20, 10, 10, 10, 10, 10, 10, 10, 10, 10, 10, 10, 10, 10, 10, 10, 10, 10, 10, 10, 10, 10, 10, 10, 6, 10, 10, 10, 10, 10, 10, 10, 10, 10, 10, 10, 
513: 0, 0, 0, 6, 0, 10, 0, 10, 10, 0, 10, 10, 0, 0, 0, 10, 10, 0, 10, 0, 0, 0, 0, 0, 10, 10, 0, 10, 10, 10, 10, 0, 0, 10, 10, 0, 0, 0, 0, 0, 10, 0, 10, 0, 0, 0, 10, 10, 10, 10, 10, 0, 0, 10, 10, 0, 0, 1, 0, 10, 0, 10, 0, 0, 0, 0, 0, 0, 10, 0, 0, 10, 10, 0, 0, 0, 0, 10, 0, 10, 0, 10, 0, 10, 10, 10, 0, 10, 0, 10, 10, 10, 0, 3, 10, 0, 10, 0, 10, 10, 0, 0, 0, 1, 0, 0, 0, 10, 10, 10, 0, 0, 0, 10, 0, 0, 10, 10, 0, 10, : 6, 10, 10, 10, 10, 10, 10, 10, 10, 10, 10, 10, 10, 10, 10, 10, 10, 10, 10, 10, 10, 10, 10, 10, 10, 10, 1, 10, 10, 10, 10, 10, 10, 10, 10, 10, 10, 10, 10, 10, 10, 10, 3, 10, 10, 10, 10, 1, 10, 10, 10, 10, 10, 10, 10, 
192: 10, 0, 1, 10, 10, 0, 10, 10, 0, 0, 0, 10, 0, 0, 10, 0, 0, 0, 0, 10, 10, 10, 0, 10, 0, 0, 10, 0, 0, 10, 0, 10, 1, 0, 0, 0, 0, 0, 10, 0, 0, 0, 4, 0, 10, 0, 10, 10, 10, 0, 10, 0, 10, 10, 0, 0, 10, 0, 10, 10, 10, 10, 0, 10, 10, 0, 0, 1, 0, 0, 0, 10, 0, 0, 10, 10, 10, 10, 10, 0, 10, 10, 10, 10, 10, 10, 0, 10, 0, 0, 0, 10, 10, 0, 0, 0, 13, 10, 0, 0, 10, 10, 0, 10, 0, 10, 0, 10, 10, 0, 10, 10, 10, 10, 0, 10, 10, 10, 10, 0, : 10, 1, 10, 10, 10, 10, 10, 10, 10, 10, 10, 10, 10, 10, 10, 1, 10, 4, 10, 10, 10, 10, 10, 10, 10, 10, 10, 10, 10, 10, 10, 10, 1, 10, 10, 10, 10, 10, 10, 10, 10, 10, 10, 10, 10, 10, 10, 10, 13, 10, 10, 10, 10, 10, 10, 10, 10, 10, 10, 10, 10, 10, 10, 10, 
464: 0, 0, 0, 0, 0, 10, 0, 10, 10, 0, 10, 10, 10, 0, 10, 0, 0, 10, 10, 0, 0, 10, 0, 10, 0, 10, 10, 0, 0, 0, 0, 0, 0, 0, 0, 10, 16, 0, 10, 10, 10, 0, 19, 0, 0, 0, 0, 10, 10, 0, 0, 0, 0, 0, 0, 10, 0, 10, 10, 0, 10, 0, 10, 0, 0, 0, 10, 10, 0, 10, 0, 0, 0, 0, 0, 0, 10, 0, 10, 0, 0, 10, 0, 0, 10, 10, 0, 10, 0, 10, 10, 0, 0, 0, 0, 0, 10, 10, 0, 0, 2, 0, 10, 10, 0, 10, 10, 10, 10, 10, 10, 0, 10, 0, 10, 0, 10, 0, 10, 10, : 10, 10, 10, 10, 10, 10, 10, 10, 10, 10, 10, 10, 10, 10, 16, 10, 10, 10, 19, 10, 10, 10, 10, 10, 10, 10, 10, 10, 10, 10, 10, 10, 10, 10, 10, 10, 10, 10, 10, 2, 10, 10, 10, 10, 10, 10, 10, 10, 10, 10, 10, 10, 10, 
215: 10, 0, 0, 10, 10, 10, 10, 0, 1, 10, 10, 0, 10, 10, 7, 10, 0, 0, 10, 0, 0, 10, 10, 0, 10, 0, 10, 0, 0, 0, 10, 10, 0, 0, 0, 0, 10, 0, 10, 10, 10, 0, 10, 10, 0, 0, 0, 10, 0, 10, 0, 0, 0, 10, 0, 0, 10, 10, 0, 10, 0, 0, 0, 0, 10, 10, 0, 0, 0, 10, 10, 10, 0, 10, 0, 10, 10, 0, 0, 1, 10, 10, 10, 0, 0, 0, 10, 0, 10, 0, 10, 10, 0, 10, 0, 0, 10, 0, 10, 10, 0, 10, 10, 0, 10, 0, 10, 0, 10, 0, 0, 0, 0, 0, 0, 10, 0, 10, 0, 0, : 10, 10, 10, 10, 10, 1, 10, 10, 10, 10, 7, 10, 10, 10, 10, 10, 10, 10, 10, 10, 10, 10, 10, 10, 10, 10, 10, 10, 10, 10, 10, 10, 10, 10, 10, 10, 10, 10, 10, 1, 10, 10, 10, 10, 10, 10, 10, 10, 10, 10, 10, 10, 10, 10, 10, 10, 10, 10, 
492: 0, 0, 0, 10, 0, 10, 10, 0, 0, 0, 0, 10, 0, 0, 10, 10, 0, 0, 0, 10, 0, 0, 0, 10, 0, 10, 10, 0, 0, 10, 10, 0, 0, 10, 0, 0, 0, 0, 10, 10, 10, 0, 1, 10, 10, 0, 10, 0, 0, 0, 0, 0, 0, 10, 0, 0, 0, 0, 0, 0, 0, 10, 0, 10, 10, 0, 10, 10, 10, 10, 0, 0, 10, 0, 10, 0, 0, 0, 0, 0, 0, 10, 0, 0, 10, 10, 10, 10, 10, 10, 0, 10, 0, 10, 10, 10, 0, 10, 10, 0, 10, 10, 0, 0, 0, 10, 0, 10, 10, 0, 0, 10, 10, 10, 10, 10, 10, 0, 0, 0, : 10, 10, 10, 10, 10, 10, 10, 10, 10, 10, 10, 10, 10, 10, 10, 10, 1, 10, 10, 10, 10, 10, 10, 10, 10, 10, 10, 10, 10, 10, 10, 10, 10, 10, 10, 10, 10, 10, 10, 10, 10, 10, 10, 10, 10, 10, 10, 10, 10, 10, 10, 10, 10, 10, 
159: 15, 0, 10, 0, 10, 0, 0, 0, 0, 0, 10, 0, 0, 0, 10, 10, 0, 10, 0, 0, 10, 10, 10, 0, 0, 0, 0, 10, 10, 0, 0, 10, 10, 0, 10, 10, 10, 0, 10, 0, 10, 0, 0, 0, 0, 10, 10, 0, 10, 0, 0, 0, 0, 0, 10, 0, 0, 10, 0, 0, 10, 10, 10, 10, 10, 10, 10, 10, 4, 10, 10, 0, 10, 10, 0, 10, 0, 3, 10, 17, 0, 0, 10, 0, 10, 0, 0, 10, 10, 10, 10, 10, 0, 10, 10, 0, 10, 10, 0, 0, 10, 10, 0, 0, 10, 0, 0, 0, 1, 0, 0, 10, 0, 10, 10, 10, 0, 10, 10, 0, : 15, 10, 10, 10, 10, 10, 10, 10, 10, 10, 10, 10, 10, 10, 10, 10, 10, 10, 10, 10, 10, 10, 10, 10, 10, 10, 10, 10, 10, 10, 10, 10, 4, 10, 10, 10, 10, 10, 3, 10, 17, 10, 10, 10, 10, 10, 10, 10, 10, 10, 10, 10, 10, 10, 10, 1, 10, 10, 10, 10, 10, 10, 


