
120
400
405
5

242: 0, 0, 10, 18, 0, 0, 0, 10, 0, 0, 10, 10, 0, 10, 0, 0, 0, 0, 10, 10, 10, 0, 0, 10, 10, 10, 0, 0, 0, 10, 0, 10, 10, 0, 0, 0, 10, 0, 0, 0, 10, 0, 10, 10, 0, 10, 10, 10, 0, 10, 0, 0, 0, 0, 10, 0, 0, 0, 10, 10, 0, 0, 10, 10, 0, 10, 10, 10, 10, 0, 10, 10, 10, 10, 0, 10, 10, 0, 0, 10, 3, 0, 0, 0, 0, 10, 11, 0, 10, 0, 0, 10, 0, 0, 10, 0, 0, 0, 10, 1, 0, 10, 10, 10, 0, 10, 10, 10, 0, 10, 10, 10, 10, 0, 0, 0, 0, 0, 0, 10, : 10, 18, 10, 10, 10, 10, 10, 10, 10, 10, 10, 10, 10, 10, 10, 10, 10, 10, 10, 10, 10, 10, 10, 10, 10, 10, 10, 10, 10, 10, 10, 10, 10, 10, 10, 10, 10, 10, 10, 3, 10, 11, 10, 10, 10, 10, 1, 10, 10, 10, 10, 10, 10, 10, 10, 10, 10, 10, 
138: 0, 0, 0, 10, 0, 10, 0, 0, 10, 10, 0, 0, 0, 0, 10, 10, 0, 10, 0, 0, 10, 0, 0, 10, 10, 0, 0, 10, 10, 0, 10, 0, 0, 0, 0, 0, 0, 10, 10, 6, 10, 10, 10, 0, 2, 0, 0, 0, 0, 10, 10, 0, 10, 0, 0, 10, 0, 10, 10, 10, 10, 0, 10, 0, 10, 10, 0, 10, 10, 0, 0, 10, 10, 10, 0, 10, 0, 0, 10, 10, 0, 10, 0, 10, 2, 0, 2, 10, 0, 10, 0, 0, 0, 0, 10, 0, 10, 0, 0, 0, 10, 0, 0, 10, 10, 0, 10, 10, 0, 10, 3, 0, 0, 0, 10, 2, 10, 0, 0, 0, : 10, 10, 10, 10, 10, 10, 10, 10, 10, 10, 10, 10, 10, 10, 10, 6, 10, 10, 10, 2, 10, 10, 10, 10, 10, 10, 10, 10, 10, 10, 10, 10, 10, 10, 10, 10, 10, 10, 10, 10, 10, 2, 2, 10, 10, 10, 10, 10, 10, 10, 10, 10, 10, 3, 10, 2, 10, 
75: 0, 10, 10, 10, 0, 10, 0, 10, 10, 10, 10, 10, 0, 10, 0, 0, 10, 0, 10, 10, 10, 1, 10, 0, 10, 10, 0, 10, 0, 0, 10, 10, 0, 10, 1, 0, 0, 0, 10, 0, 10, 0, 0, 10, 10, 10, 10, 10, 0, 0, 10, 10, 0, 10, 10, 0, 10, 10, 0, 0, 10, 0, 0, 0, 10, 10, 10, 10, 10, 10, 0, 10, 0, 10, 10, 0, 10, 0, 0, 10, 0, 1, 0, 0, 10, 0, 0, 10, 10, 0, 10, 0, 10, 0, 10, 0, 10, 0, 0, 10, 0, 0, 10, 10, 10, 0, 10, 10, 0, 0, 0, 10, 10, 10, 10, 0, 5, 10, 10, 10, : 10, 10, 10, 10, 10, 10, 10, 10, 10, 10, 10, 10, 10, 10, 1, 10, 10, 10, 10, 10, 10, 10, 1, 10, 10, 10, 10, 10, 10, 10, 10, 10, 10, 10, 10, 10, 10, 10, 10, 10, 10, 10, 10, 10, 10, 10, 10, 10, 1, 10, 10, 10, 10, 10, 10, 10, 10, 10, 10, 10, 10, 10, 10, 10, 10, 10, 5, 10, 10, 10, 
362: 10, 10, 10, 10, 2, 10, 10, 0, 10, 10, 0, 10, 10, 10, 10, 10, 1, 10, 0, 10, 10, 19, 0, 10, 10, 0, 0, 1, 10, 10, 0, 0, 10, 0, 10, 0, 10, 4, 10, 10, 0, 10, 0, 0, 0, 0, 0, 10, 10, 10, 0, 10, 0, 10, 10, 0, 0, 0, 0, 10, 10, 10, 0, 0, 0, 10, 0, 7, 0, 10, 0, 0, 10, 0, 0, 0, 0, 0, 0, 0, 0, 1, 10, 0, 10, 10, 0, 0, 0, 0, 10, 10, 10, 0, 10, 10, 0, 0, 10, 10, 10, 10, 10, 0, 0, 10, 10, 10, 10, 10, 0, 0, 0, 10, 10, 10, 10, 0, 0, 0, : 10, 10, 10, 10, 2, 10, 10, 10, 10, 10, 10, 10, 10, 10, 1, 10, 10, 10, 19, 10, 10, 1, 10, 10, 10, 10, 10, 4, 10, 10, 10, 10, 10, 10, 10, 10, 10, 10, 10, 10, 10, 7, 10, 10, 1, 10, 10, 10, 10, 10, 10, 10, 10, 10, 10, 10, 10, 10, 10, 10, 10, 10, 10, 10, 10, 10, 10, 
33: 0, 10, 10, 0, 10, 10, 0, 0, 10, 10, 10, 3, 0, 10, 0, 0, 10, 0, 0, 0, 10, 10, 0, 0, 10, 0, 10, 10, 0, 0, 0, 10, 0, 10, 0, 10, 0, 10, 0, 0, 10, 10, 10, 0, 10, 10, 10, 3, 10, 0, 10, 0, 10, 10, 0, 0, 0, 10, 0, 0, 0, 14, 0, 0, 0, 10, 0, 0, 0, 10, 0, 0, 0, 0, 10, 0, 0, 10, 0, 10, 0, 10, 0, 0, 0, 0, 10, 0, 0, 10, 0, 10, 0, 10, 0, 0, 10, 0, 10, 0, 10, 0, 0, 0, 10, 10, 10, 10, 10, 10, 0, 10, 0, 0, 0, 0, 0, 10, 10, 10, : 10, 10, 10, 10, 10, 10, 10, 3, 10, 10, 10, 10, 10, 10, 10, 10, 10, 10, 10, 10, 10, 10, 10, 10, 10, 3, 10, 10, 10, 10, 10, 14, 10, 10, 10, 10, 10, 10, 10, 10, 10, 10, 10, 10, 10, 10, 10, 10, 10, 10, 10, 10, 10, 10, 10, 
355: 10, 0, 3, 0, 0, 10, 10, 10, 0, 0, 10, 0, 0, 0, 0, 0, 0, 0, 10, 10, 0, 0, 1, 0, 0, 10, 0, 0, 10, 10, 0, 0, 10, 0, 0, 10, 10, 10, 0, 10, 10, 10, 0, 0, 10, 0, 10, 10, 0, 0, 10, 10, 0, 10, 0, 0, 2, 0, 0, 0, 0, 0, 10, 10, 0, 10, 10, 0, 10, 0, 10, 10, 0, 0, 10, 10, 10, 10, 10, 10, 10, 10, 0, 0, 0, 10, 0, 0, 0, 10, 0, 10, 0, 10, 0, 0, 10, 0, 10, 0, 0, 10, 10, 0, 10, 10, 10, 0, 0, 10, 0, 10, 10, 0, 0, 1, 10, 0, 3, 0, : 10, 3, 10, 10, 10, 10, 10, 10, 1, 10, 10, 10, 10, 10, 10, 10, 10, 10, 10, 10, 10, 10, 10, 10, 10, 2, 10, 10, 10, 10, 10, 10, 10, 10, 10, 10, 10, 10, 10, 10, 10, 10, 10, 10, 10, 10, 10, 10, 10, 10, 10, 10, 10, 10, 10, 1, 10, 3, 
209: 1, 10, 0, 10, 10, 0, 10, 10, 0, 0, 10, 0, 0, 10, 10, 10, 0, 10, 10, 10, 0, 10, 10, 1, 0, 10, 0, 3, 0, 0, 0, 0, 0, 10, 10, 0, 0, 1, 10, 10, 0, 0, 10, 10, 10, 10, 0, 10, 0, 0, 10, 0, 0, 0, 10, 2, 0, 0, 10, 0, 0, 10, 0, 10, 0, 10, 0, 0, 10, 0, 10, 0, 0, 10, 0, 10, 1, 0, 0, 6, 0, 0, 10, 0, 10, 10, 10, 10, 0, 0, 2, 10, 3, 0, 10, 1, 10, 10, 0, 10, 0, 0, 0, 0, 10, 10, 0, 10, 10, 10, 0, 0, 10, 0, 10, 0, 10, 0, 10, 0, : 1, 10, 10, 10, 10, 10, 10, 10, 10, 10, 10, 10, 10, 10, 10, 1, 10, 3, 10, 10, 1, 10, 10, 10, 10, 10, 10, 10, 10, 10, 2, 10, 10, 10, 10, 10, 10, 10, 10, 1, 6, 10, 10, 10, 10, 10, 2, 10, 3, 10, 1, 10, 10, 10, 10, 10, 10, 10, 10, 10, 10, 10, 10, 
304: 0, 0, 0, 10, 10, 10, 10, 10, 10, 10, 0, 0, 0, 0, 0, 10, 0, 13, 10, 0, 10, 0, 0, 0, 1, 0, 10, 0, 10, 10, 10, 10, 10, 0, 10, 10, 10, 10, 10, 0, 0, 10, 10, 0, 10, 10, 10, 0, 0, 10, 0, 16, 2, 1, 10, 10, 0, 0, 0, 0, 0, 10, 10, 0, 10, 10, 0, 10, 10, 1, 10, 10, 0, 0, 0, 10, 0, 0, 0, 10, 10, 10, 10, 10, 0, 10, 0, 10, 10, 10, 10, 10, 0, 0, 0, 0, 10, 0, 0, 0, 0, 11, 0, 10, 10, 10, 0, 10, 10, 0, 0, 0, 0, 0, 10, 0, 0, 0, 0, 10, : 10, 10, 10, 10, 10, 10, 10, 10, 13, 10, 10, 1, 10, 10, 10, 10, 10, 10, 10, 10, 10, 10, 10, 10, 10, 10, 10, 10, 10, 16, 2, 1, 10, 10, 10, 10, 10, 10, 10, 10, 1, 10, 10, 10, 10, 10, 10, 10, 10, 10, 10, 10, 10, 10, 10, 10, 11, 10, 10, 10, 10, 10, 10, 10, 
343: 10, 0, 10, 0, 0, 10, 10, 10, 10, 10, 10, 10, 0, 10, 10, 10, 10, 10, 10, 10, 0, 10, 1, 0, 10, 0, 10, 10, 0, 10, 10, 10, 0, 10, 7, 0, 10, 10, 10, 10, 10, 0, 0, 10, 0, 0, 0, 0, 0, 10, 0, 0, 0, 0, 0, 19, 10, 1, 0, 10, 10, 0, 0, 10, 0, 10, 10, 10, 10, 10, 0, 10, 0, 10, 17, 0, 0, 10, 10, 12, 0, 0, 10, 0, 0, 10, 0, 10, 10, 0, 10, 3, 10, 10, 0, 10, 0, 0, 10, 10, 10, 10, 10, 10, 10, 7, 0, 1, 10, 0, 10, 10, 0, 0, 10, 0, 10, 0, 0, 10, : 10, 10, 10, 10, 10, 10, 10, 10, 10, 10, 10, 10, 10, 10, 10, 10, 10, 1, 10, 10, 10, 10, 10, 10, 10, 7, 10, 10, 10, 10, 10, 10, 10, 19, 10, 1, 10, 10, 10, 10, 10, 10, 10, 10, 10, 10, 17, 10, 10, 12, 10, 10, 10, 10, 10, 3, 10, 10, 10, 10, 10, 10, 10, 10, 10, 10, 7, 1, 10, 10, 10, 10, 10, 10, 
39: 0, 10, 10, 0, 10, 10, 0, 0, 0, 0, 10, 10, 0, 0, 10, 10, 10, 10, 10, 10, 0, 10, 10, 0, 0, 0, 10, 0, 10, 5, 0, 0, 0, 0, 10, 10, 0, 10, 0, 10, 0, 0, 0, 0, 0, 0, 0, 10, 2, 0, 17, 0, 3, 0, 10, 10, 0, 0, 0, 0, 6, 10, 0, 0, 10, 10, 0, 10, 10, 0, 0, 1, 5, 0, 1, 0, 10, 10, 10, 10, 0, 10, 10, 10, 0, 0, 10, 1, 10, 10, 10, 0, 10, 0, 0, 10, 0, 10, 0, 10, 10, 0, 14, 2, 0, 3, 0, 10, 10, 0, 10, 0, 10, 10, 0, 0, 0, 0, 10, 0, : 10, 10, 10, 10, 10, 10, 10, 10, 10, 10, 10, 10, 10, 10, 10, 10, 5, 10, 10, 10, 10, 10, 2, 17, 3, 10, 10, 6, 10, 10, 10, 10, 10, 1, 5, 1, 10, 10, 10, 10, 10, 10, 10, 10, 1, 10, 10, 10, 10, 10, 10, 10, 10, 14, 2, 3, 10, 10, 10, 10, 10, 10, 
289: 1, 0, 10, 10, 0, 14, 0, 10, 0, 10, 10, 10, 10, 0, 0, 10, 0, 0, 10, 10, 10, 0, 10, 0, 10, 10, 10, 0, 10, 0, 0, 10, 10, 0, 0, 10, 10, 0, 10, 0, 0, 10, 0, 10, 10, 0, 0, 0, 0, 10, 0, 0, 10, 10, 0, 0, 10, 0, 0, 10, 10, 0, 10, 0, 0, 0, 0, 0, 10, 0, 0, 10, 10, 10, 0, 0, 0, 0, 0, 0, 0, 0, 10, 0, 10, 0, 10, 10, 10, 10, 10, 4, 10, 0, 10, 0, 10, 0, 0, 0, 10, 10, 2, 10, 0, 10, 0, 0, 0, 10, 0, 10, 0, 0, 10, 0, 10, 10, 10, 10, : 1, 10, 10, 14, 10, 10, 10, 10, 10, 10, 10, 10, 10, 10, 10, 10, 10, 10, 10, 10, 10, 10, 10, 10, 10, 10, 10, 10, 10, 10, 10, 10, 10, 10, 10, 10, 10, 10, 10, 10, 10, 10, 10, 10, 4, 10, 10, 10, 10, 10, 2, 10, 10, 10, 10, 10, 10, 10, 10, 10, 
300: 10, 0, 0, 10, 10, 0, 10, 0, 0, 0, 10, 0, 10, 10, 10, 0, 10, 10, 0, 10, 0, 0, 0, 10, 10, 10, 10, 10, 0, 0, 0, 10, 10, 0, 10, 10, 10, 0, 1, 1, 10, 0, 0, 10, 0, 0, 0, 0, 0, 10, 0, 10, 10, 0, 0, 10, 0, 10, 10, 0, 10, 0, 0, 10, 1, 10, 10, 10, 10, 0, 0, 10, 10, 0, 0, 10, 0, 0, 10, 0, 10, 0, 10, 0, 11, 0, 2, 10, 0, 0, 0, 10, 10, 0, 0, 10, 0, 10, 10, 10, 10, 0, 10, 10, 0, 0, 0, 10, 0, 0, 10, 10, 10, 0, 10, 10, 10, 10, 0, 10, : 10, 10, 10, 10, 10, 10, 10, 10, 10, 10, 10, 10, 10, 10, 10, 10, 10, 10, 10, 10, 10, 1, 1, 10, 10, 10, 10, 10, 10, 10, 10, 10, 10, 1, 10, 10, 10, 10, 10, 10, 10, 10, 10, 10, 11, 2, 10, 10, 10, 10, 10, 10, 10, 10, 10, 10, 10, 10, 10, 10, 10, 10, 10, 10, 10, 
11: 10, 0, 10, 0, 10, 0, 10, 10, 0, 10, 0, 10, 0, 0, 0, 10, 10, 0, 10, 0, 0, 0, 0, 5, 10, 10, 10, 10, 10, 0, 1, 0, 0, 10, 0, 0, 0, 0, 0, 0, 10, 10, 10, 0, 10, 0, 0, 10, 10, 0, 0, 0, 0, 20, 10, 0, 0, 0, 0, 10, 0, 0, 10, 10, 10, 0, 0, 0, 0, 10, 10, 0, 10, 10, 0, 10, 10, 0, 14, 10, 10, 0, 10, 10, 10, 10, 0, 0, 10, 0, 0, 10, 10, 10, 0, 10, 0, 10, 0, 10, 0, 0, 0, 0, 7, 10, 0, 10, 10, 0, 0, 0, 10, 10, 10, 10, 0, 0, 10, 0, : 10, 10, 10, 10, 10, 10, 10, 10, 10, 10, 5, 10, 10, 10, 10, 10, 1, 10, 10, 10, 10, 10, 10, 10, 20, 10, 10, 10, 10, 10, 10, 10, 10, 10, 10, 10, 14, 10, 10, 10, 10, 10, 10, 10, 10, 10, 10, 10, 10, 10, 7, 10, 10, 10, 10, 10, 10, 10, 10, 
381: 0, 0, 0, 10, 10, 0, 0, 0, 3, 0, 0, 10, 0, 10, 1, 0, 0, 10, 0, 10, 10, 0, 0, 0, 10, 0, 0, 0, 0, 10, 8, 10, 10, 10, 10, 0, 0, 2, 10, 10, 10, 10, 0, 10, 10, 0, 10, 10, 10, 10, 0, 0, 0, 10, 0, 10, 15, 10, 0, 10, 0, 0, 0, 10, 10, 10, 10, 10, 0, 10, 0, 10, 10, 4, 10, 10, 10, 0, 10, 10, 10, 1, 10, 4, 0, 10, 10, 10, 10, 10, 0, 0, 10, 1, 10, 10, 10, 10, 0, 10, 0, 10, 0, 0, 10, 10, 0, 0, 10, 0, 0, 10, 0, 10, 10, 10, 10, 10, 10, 10, : 10, 10, 3, 10, 10, 1, 10, 10, 10, 10, 10, 8, 10, 10, 10, 10, 2, 10, 10, 10, 10, 10, 10, 10, 10, 10, 10, 10, 10, 15, 10, 10, 10, 10, 10, 10, 10, 10, 10, 10, 4, 10, 10, 10, 10, 10, 10, 1, 10, 4, 10, 10, 10, 10, 10, 10, 1, 10, 10, 10, 10, 10, 10, 10, 10, 10, 10, 10, 10, 10, 10, 10, 10, 10, 
70: 10, 10, 10, 0, 10, 0, 0, 10, 0, 10, 10, 10, 0, 0, 0, 10, 0, 0, 10, 0, 0, 0, 0, 10, 0, 10, 10, 0, 0, 0, 0, 10, 10, 0, 0, 10, 10, 9, 0, 0, 10, 10, 0, 0, 10, 0, 0, 10, 10, 0, 0, 0, 10, 0, 10, 0, 0, 10, 0, 0, 0, 10, 10, 0, 10, 0, 0, 10, 10, 10, 10, 0, 0, 0, 0, 10, 10, 10, 0, 2, 10, 10, 10, 10, 10, 0, 0, 10, 0, 10, 0, 10, 10, 0, 10, 10, 0, 10, 1, 10, 0, 10, 0, 0, 0, 1, 10, 10, 0, 10, 0, 0, 10, 0, 10, 10, 10, 10, 10, 0, : 10, 10, 10, 10, 10, 10, 10, 10, 10, 10, 10, 10, 10, 10, 10, 10, 10, 9, 10, 10, 10, 10, 10, 10, 10, 10, 10, 10, 10, 10, 10, 10, 10, 10, 10, 10, 2, 10, 10, 10, 10, 10, 10, 10, 10, 10, 10, 10, 10, 1, 10, 10, 1, 10, 10, 10, 10, 10, 10, 10, 10, 10, 
112: 10, 0, 10, 0, 0, 0, 0, 0, 10, 0, 0, 0, 10, 0, 10, 10, 10, 0, 0, 0, 10, 0, 0, 10, 0, 17, 0, 10, 0, 10, 10, 10, 10, 0, 0, 10, 10, 0, 10, 0, 0, 10, 10, 10, 0, 0, 0, 0, 0, 0, 0, 10, 10, 10, 10, 10, 10, 10, 0, 0, 10, 0, 10, 10, 0, 10, 0, 0, 10, 10, 10, 10, 0, 10, 0, 0, 3, 0, 13, 0, 0, 10, 0, 10, 10, 10, 0, 0, 0, 10, 10, 0, 10, 0, 0, 0, 0, 0, 0, 6, 10, 0, 0, 0, 10, 1, 0, 10, 10, 10, 0, 0, 0, 10, 10, 20, 10, 10, 0, 0, : 10, 10, 10, 10, 10, 10, 10, 10, 10, 17, 10, 10, 10, 10, 10, 10, 10, 10, 10, 10, 10, 10, 10, 10, 10, 10, 10, 10, 10, 10, 10, 10, 10, 10, 10, 10, 10, 3, 13, 10, 10, 10, 10, 10, 10, 10, 6, 10, 10, 1, 10, 10, 10, 10, 10, 20, 10, 10, 
32: 10, 10, 0, 0, 10, 10, 0, 0, 10, 10, 0, 0, 10, 10, 0, 0, 10, 10, 0, 0, 0, 0, 10, 0, 0, 0, 0, 0, 0, 10, 10, 0, 0, 10, 0, 10, 0, 10, 0, 1, 10, 10, 0, 10, 10, 10, 0, 0, 10, 0, 0, 10, 10, 10, 0, 0, 10, 0, 10, 10, 10, 10, 0, 10, 10, 0, 10, 10, 0, 0, 1, 0, 10, 10, 10, 0, 10, 0, 10, 10, 0, 0, 10, 10, 10, 10, 0, 0, 0, 0, 10, 10, 0, 10, 0, 10, 10, 0, 0, 10, 10, 10, 0, 10, 10, 0, 10, 0, 10, 0, 0, 10, 18, 10, 0, 0, 0, 10, 10, 0, : 10, 10, 10, 10, 10, 10, 10, 10, 10, 10, 10, 10, 10, 10, 10, 10, 1, 10, 10, 10, 10, 10, 10, 10, 10, 10, 10, 10, 10, 10, 10, 10, 10, 10, 10, 1, 10, 10, 10, 10, 10, 10, 10, 10, 10, 10, 10, 10, 10, 10, 10, 10, 10, 10, 10, 10, 10, 10, 10, 18, 10, 10, 10, 
139: 10, 10, 10, 0, 0, 10, 10, 10, 0, 10, 0, 10, 0, 0, 10, 10, 10, 0, 10, 10, 12, 10, 10, 0, 10, 10, 0, 0, 0, 10, 10, 10, 0, 0, 2, 10, 10, 10, 10, 10, 0, 0, 0, 0, 10, 10, 0, 10, 10, 10, 16, 10, 10, 0, 0, 10, 10, 0, 0, 10, 10, 0, 0, 10, 10, 10, 19, 0, 10, 10, 0, 10, 0, 10, 10, 10, 0, 0, 0, 10, 0, 10, 0, 10, 10, 0, 0, 10, 0, 0, 0, 10, 10, 10, 0, 0, 0, 0, 0, 10, 10, 10, 0, 0, 10, 0, 0, 0, 1, 10, 10, 0, 0, 10, 0, 0, 10, 0, 10, 0, : 10, 10, 10, 10, 10, 10, 10, 10, 10, 10, 10, 10, 10, 12, 10, 10, 10, 10, 10, 10, 10, 2, 10, 10, 10, 10, 10, 10, 10, 10, 10, 10, 16, 10, 10, 10, 10, 10, 10, 10, 10, 10, 19, 10, 10, 10, 10, 10, 10, 10, 10, 10, 10, 10, 10, 10, 10, 10, 10, 10, 10, 1, 10, 10, 10, 10, 10, 
153: 0, 10, 10, 10, 0, 0, 10, 0, 20, 0, 0, 10, 0, 10, 10, 0, 0, 10, 0, 0, 0, 0, 0, 0, 0, 0, 1, 10, 0, 0, 0, 0, 0, 0, 10, 0, 0, 10, 10, 10, 0, 10, 0, 10, 0, 0, 10, 0, 10, 7, 0, 10, 10, 10, 10, 10, 10, 0, 0, 10, 0, 10, 0, 10, 0, 10, 10, 0, 10, 1, 10, 0, 10, 13, 0, 0, 3, 10, 0, 0, 0, 10, 0, 1, 0, 10, 1, 0, 10, 10, 10, 0, 10, 10, 10, 0, 0, 0, 0, 0, 0, 0, 10, 0, 10, 1, 0, 0, 0, 10, 10, 10, 10, 2, 10, 0, 10, 0, 10, 10, : 10, 10, 10, 10, 20, 10, 10, 10, 10, 1, 10, 10, 10, 10, 10, 10, 10, 10, 10, 7, 10, 10, 10, 10, 10, 10, 10, 10, 10, 10, 10, 10, 1, 10, 10, 13, 3, 10, 10, 1, 10, 1, 10, 10, 10, 10, 10, 10, 10, 10, 1, 10, 10, 10, 10, 2, 10, 10, 10, 10, 
52: 10, 1, 10, 10, 10, 0, 10, 1, 10, 10, 0, 0, 0, 10, 0, 0, 0, 0, 0, 14, 10, 10, 0, 10, 0, 10, 0, 0, 10, 0, 10, 0, 10, 0, 10, 0, 10, 0, 0, 10, 0, 0, 10, 0, 0, 10, 10, 0, 10, 0, 0, 0, 0, 10, 10, 10, 10, 0, 0, 10, 10, 10, 0, 10, 10, 0, 10, 0, 0, 0, 10, 10, 10, 10, 0, 10, 0, 0, 10, 0, 0, 10, 10, 0, 2, 10, 10, 0, 10, 0, 0, 0, 10, 0, 0, 10, 10, 0, 10, 0, 10, 10, 4, 10, 10, 0, 10, 10, 10, 10, 0, 10, 0, 10, 10, 10, 10, 10, 0, 10, : 10, 1, 10, 10, 10, 10, 1, 10, 10, 10, 14, 10, 10, 10, 10, 10, 10, 10, 10, 10, 10, 10, 10, 10, 10, 10, 10, 10, 10, 10, 10, 10, 10, 10, 10, 10, 10, 10, 10, 10, 10, 10, 10, 2, 10, 10, 10, 10, 10, 10, 10, 10, 10, 4, 10, 10, 10, 10, 10, 10, 10, 10, 10, 10, 10, 10, 10, 
230: 10, 10, 0, 10, 10, 0, 10, 10, 0, 10, 10, 10, 10, 0, 10, 0, 10, 0, 0, 0, 10, 0, 10, 0, 10, 16, 10, 0, 0, 10, 0, 0, 0, 10, 10, 12, 10, 0, 10, 10, 10, 10, 0, 0, 0, 10, 0, 10, 10, 0, 10, 0, 0, 10, 10, 10, 10, 10, 10, 0, 0, 10, 10, 0, 0, 0, 10, 8, 0, 0, 10, 10, 10, 0, 10, 10, 0, 0, 10, 10, 10, 0, 10, 10, 10, 0, 10, 10, 0, 10, 10, 10, 10, 10, 10, 10, 0, 0, 10, 10, 0, 10, 0, 0, 0, 0, 0, 10, 10, 10, 10, 0, 0, 10, 0, 10, 0, 0, 0, 10, : 10, 10, 10, 10, 10, 10, 10, 10, 10, 10, 10, 10, 10, 10, 10, 16, 10, 10, 10, 10, 12, 10, 10, 10, 10, 10, 10, 10, 10, 10, 10, 10, 10, 10, 10, 10, 10, 10, 10, 8, 10, 10, 10, 10, 10, 10, 10, 10, 10, 10, 10, 10, 10, 10, 10, 10, 10, 10, 10, 10, 10, 10, 10, 10, 10, 10, 10, 10, 10, 10, 
47: 0, 0, 0, 0, 0, 0, 0, 0, 0, 0, 0, 10, 0, 0, 0, 0, 0, 0, 10, 10, 10, 0, 3, 10, 10, 10, 0, 0, 10, 10, 0, 0, 0, 0, 0, 10, 0, 10, 10, 0, 10, 0, 10, 10, 0, 10, 10, 0, 0, 0, 10, 10, 10, 0, 1, 0, 0, 0, 10, 0, 10, 0, 10, 0, 0, 10, 6, 0, 10, 11, 0, 10, 4, 0, 1, 0, 18, 0, 10, 0, 11, 10, 0, 0, 10, 10, 10, 0, 0, 0, 0, 10, 10, 0, 10, 10, 0, 10, 0, 0, 10, 0, 0, 0, 0, 0, 0, 0, 3, 10, 0, 0, 10, 10, 0, 0, 0, 1, 10, 10, : 10, 10, 10, 10, 3, 10, 10, 10, 10, 10, 10, 10, 10, 10, 10, 10, 10, 10, 10, 10, 10, 1, 10, 10, 10, 10, 6, 10, 11, 10, 4, 1, 18, 10, 11, 10, 10, 10, 10, 10, 10, 10, 10, 10, 10, 3, 10, 10, 10, 1, 10, 10, 
54: 10, 0, 0, 0, 10, 0, 0, 0, 10, 0, 1, 10, 0, 10, 20, 10, 10, 0, 10, 0, 0, 0, 10, 3, 10, 0, 10, 10, 10, 10, 0, 10, 10, 0, 0, 0, 0, 10, 10, 10, 0, 10, 0, 0, 0, 0, 0, 0, 0, 10, 0, 0, 0, 10, 0, 0, 0, 0, 0, 0, 0, 0, 10, 10, 0, 0, 10, 0, 10, 10, 10, 10, 10, 0, 4, 0, 10, 10, 10, 10, 0, 10, 0, 10, 10, 10, 10, 0, 0, 0, 0, 0, 0, 0, 0, 10, 10, 10, 10, 2, 0, 0, 10, 0, 0, 0, 10, 10, 10, 0, 10, 10, 10, 0, 10, 0, 10, 10, 10, 0, : 10, 10, 10, 1, 10, 10, 20, 10, 10, 10, 10, 3, 10, 10, 10, 10, 10, 10, 10, 10, 10, 10, 10, 10, 10, 10, 10, 10, 10, 10, 10, 10, 10, 4, 10, 10, 10, 10, 10, 10, 10, 10, 10, 10, 10, 10, 10, 2, 10, 10, 10, 10, 10, 10, 10, 10, 10, 10, 10, 
396: 10, 10, 10, 0, 10, 10, 10, 3, 0, 0, 0, 2, 10, 0, 0, 0, 0, 0, 0, 0, 10, 10, 10, 10, 10, 1, 0, 0, 0, 0, 10, 0, 0, 10, 10, 0, 10, 0, 10, 10, 10, 0, 10, 0, 10, 0, 0, 0, 0, 0, 10, 8, 10, 10, 0, 0, 10, 10, 10, 10, 0, 0, 10, 0, 0, 10, 0, 10, 0, 10, 0, 10, 0, 10, 10, 10, 10, 0, 10, 0, 10, 10, 0, 10, 10, 10, 0, 0, 0, 10, 0, 0, 10, 0, 0, 0, 0, 0, 10, 0, 0, 10, 0, 10, 0, 10, 0, 0, 0, 0, 10, 10, 10, 10, 0, 10, 10, 0, 10, 10, : 10, 10, 10, 10, 10, 10, 3, 2, 10, 10, 10, 10, 10, 10, 1, 10, 10, 10, 10, 10, 10, 10, 10, 10, 10, 8, 10, 10, 10, 10, 10, 10, 10, 10, 10, 10, 10, 10, 10, 10, 10, 10, 10, 10, 10, 10, 10, 10, 10, 10, 10, 10, 10, 10, 10, 10, 10, 10, 10, 10, 10, 
183: 10, 0, 10, 10, 0, 10, 10, 10, 10, 10, 10, 0, 10, 0, 10, 0, 10, 10, 0, 10, 0, 0, 0, 0, 0, 0, 0, 10, 10, 0, 0, 10, 10, 10, 10, 10, 10, 0, 10, 0, 10, 0, 10, 10, 10, 10, 10, 10, 10, 0, 0, 10, 0, 0, 0, 0, 0, 10, 0, 10, 0, 0, 0, 0, 10, 0, 10, 10, 14, 10, 0, 10, 10, 0, 0, 10, 0, 0, 10, 0, 0, 10, 10, 10, 10, 0, 0, 0, 10, 7, 10, 10, 0, 0, 10, 0, 10, 10, 0, 10, 3, 10, 0, 10, 10, 10, 0, 10, 10, 10, 0, 0, 0, 0, 0, 0, 0, 0, 10, 10, : 10, 10, 10, 10, 10, 10, 10, 10, 10, 10, 10, 10, 10, 10, 10, 10, 10, 10, 10, 10, 10, 10, 10, 10, 10, 10, 10, 10, 10, 10, 10, 10, 10, 10, 10, 10, 10, 14, 10, 10, 10, 10, 10, 10, 10, 10, 10, 10, 7, 10, 10, 10, 10, 10, 10, 3, 10, 10, 10, 10, 10, 10, 10, 10, 10, 
331: 10, 0, 0, 10, 0, 10, 10, 10, 0, 10, 10, 0, 0, 0, 10, 0, 10, 0, 10, 10, 0, 0, 0, 0, 0, 0, 0, 10, 10, 0, 10, 0, 10, 10, 10, 10, 0, 10, 0, 10, 2, 10, 10, 0, 0, 0, 10, 0, 10, 0, 0, 0, 10, 10, 10, 0, 10, 0, 10, 10, 10, 10, 10, 1, 0, 0, 10, 10, 10, 0, 10, 0, 10, 10, 10, 10, 0, 0, 10, 18, 1, 10, 0, 10, 10, 10, 10, 10, 10, 10, 0, 0, 10, 10, 10, 10, 0, 0, 0, 10, 10, 0, 0, 10, 10, 0, 0, 10, 0, 0, 10, 10, 10, 10, 10, 0, 0, 0, 0, 0, : 10, 10, 10, 10, 10, 10, 10, 10, 10, 10, 10, 10, 10, 10, 10, 10, 10, 10, 10, 10, 2, 10, 10, 10, 10, 10, 10, 10, 10, 10, 10, 10, 10, 10, 1, 10, 10, 10, 10, 10, 10, 10, 10, 10, 18, 1, 10, 10, 10, 10, 10, 10, 10, 10, 10, 10, 10, 10, 10, 10, 10, 10, 10, 10, 10, 10, 10, 10, 
323: 10, 0, 10, 0, 0, 10, 10, 0, 10, 10, 10, 10, 10, 20, 10, 0, 0, 10, 10, 10, 0, 10, 10, 10, 10, 10, 10, 10, 0, 0, 10, 0, 10, 0, 10, 0, 10, 0, 10, 10, 10, 0, 0, 0, 0, 10, 1, 0, 0, 10, 0, 0, 0, 0, 10, 10, 0, 10, 10, 10, 10, 10, 0, 10, 0, 10, 0, 10, 0, 10, 0, 0, 10, 10, 10, 0, 10, 10, 0, 0, 10, 10, 0, 0, 0, 0, 10, 0, 10, 10, 10, 10, 0, 0, 0, 10, 10, 10, 10, 0, 0, 0, 10, 0, 0, 0, 5, 10, 0, 10, 10, 0, 0, 10, 0, 10, 0, 10, 0, 0, : 10, 10, 10, 10, 10, 10, 10, 10, 10, 20, 10, 10, 10, 10, 10, 10, 10, 10, 10, 10, 10, 10, 10, 10, 10, 10, 10, 10, 10, 1, 10, 10, 10, 10, 10, 10, 10, 10, 10, 10, 10, 10, 10, 10, 10, 10, 10, 10, 10, 10, 10, 10, 10, 10, 10, 10, 10, 10, 10, 5, 10, 10, 10, 10, 10, 10, 
213: 10, 10, 10, 0, 10, 10, 10, 0, 0, 0, 10, 0, 10, 0, 0, 0, 10, 10, 10, 0, 10, 10, 10, 10, 10, 0, 10, 10, 0, 0, 10, 10, 0, 0, 0, 10, 0, 10, 10, 0, 0, 0, 0, 10, 10, 10, 0, 10, 0, 10, 0, 10, 0, 0, 10, 0, 0, 10, 1, 1, 10, 10, 10, 10, 0, 10, 10, 10, 0, 10, 1, 10, 0, 10, 10, 10, 0, 10, 10, 10, 10, 10, 0, 0, 10, 10, 10, 0, 1, 10, 13, 10, 0, 10, 0, 10, 10, 10, 0, 0, 10, 0, 0, 10, 0, 10, 10, 0, 0, 0, 10, 0, 0, 10, 10, 0, 0, 0, 0, 2, : 10, 10, 10, 10, 10, 10, 10, 10, 10, 10, 10, 10, 10, 10, 10, 10, 10, 10, 10, 10, 10, 10, 10, 10, 10, 10, 10, 10, 10, 10, 10, 1, 1, 10, 10, 10, 10, 10, 10, 10, 10, 1, 10, 10, 10, 10, 10, 10, 10, 10, 10, 10, 10, 10, 1, 10, 13, 10, 10, 10, 10, 10, 10, 10, 10, 10, 10, 10, 10, 2, 
290: 10, 10, 0, 10, 0, 0, 10, 10, 10, 10, 10, 10, 0, 0, 8, 0, 10, 10, 0, 0, 0, 10, 10, 10, 0, 7, 0, 10, 10, 0, 10, 0, 0, 0, 0, 3, 0, 10, 0, 0, 10, 0, 0, 1, 0, 10, 0, 0, 10, 10, 10, 10, 10, 10, 3, 0, 0, 0, 10, 10, 0, 10, 10, 10, 10, 0, 10, 10, 10, 10, 10, 10, 0, 0, 10, 0, 10, 10, 0, 10, 0, 0, 0, 10, 10, 10, 10, 0, 15, 0, 0, 10, 10, 10, 0, 10, 0, 10, 0, 0, 0, 0, 0, 10, 10, 16, 0, 10, 10, 10, 0, 10, 0, 0, 10, 10, 0, 0, 0, 0, : 10, 10, 10, 10, 10, 10, 10, 10, 10, 8, 10, 10, 10, 10, 10, 7, 10, 10, 10, 3, 10, 10, 1, 10, 10, 10, 10, 10, 10, 10, 3, 10, 10, 10, 10, 10, 10, 10, 10, 10, 10, 10, 10, 10, 10, 10, 10, 10, 10, 10, 10, 15, 10, 10, 10, 10, 10, 10, 10, 16, 10, 10, 10, 10, 10, 10, 
5: 0, 10, 10, 2, 10, 10, 0, 10, 10, 10, 0, 0, 10, 10, 10, 10, 10, 0, 0, 10, 0, 0, 10, 10, 0, 10, 0, 10, 10, 0, 0, 2, 10, 10, 0, 10, 10, 16, 10, 10, 10, 0, 0, 0, 0, 10, 10, 10, 0, 10, 0, 10, 0, 0, 10, 10, 0, 10, 0, 10, 0, 10, 10, 0, 10, 0, 10, 0, 0, 0, 0, 10, 0, 0, 0, 6, 0, 10, 0, 10, 10, 0, 10, 0, 0, 7, 10, 0, 10, 0, 0, 0, 10, 0, 0, 0, 0, 0, 0, 10, 10, 11, 10, 0, 10, 0, 0, 0, 0, 0, 10, 2, 10, 10, 0, 10, 10, 10, 10, 0, : 10, 10, 2, 10, 10, 10, 10, 10, 10, 10, 10, 10, 10, 10, 10, 10, 10, 10, 10, 2, 10, 10, 10, 10, 16, 10, 10, 10, 10, 10, 10, 10, 10, 10, 10, 10, 10, 10, 10, 10, 10, 10, 6, 10, 10, 10, 10, 7, 10, 10, 10, 10, 10, 11, 10, 10, 10, 2, 10, 10, 10, 10, 10, 10, 
286: 0, 0, 0, 0, 10, 19, 0, 10, 10, 0, 10, 10, 0, 10, 10, 0, 10, 0, 10, 10, 10, 0, 0, 0, 0, 10, 1, 10, 0, 0, 0, 0, 10, 10, 0, 10, 10, 10, 10, 0, 10, 0, 10, 10, 10, 10, 10, 10, 0, 0, 10, 0, 10, 10, 10, 10, 0, 10, 0, 0, 10, 10, 10, 0, 0, 10, 0, 10, 0, 0, 10, 0, 0, 0, 0, 0, 10, 1, 10, 10, 0, 10, 10, 0, 4, 10, 0, 0, 0, 10, 0, 10, 10, 10, 10, 10, 10, 0, 10, 0, 10, 10, 10, 0, 0, 10, 0, 0, 0, 10, 0, 0, 0, 0, 10, 3, 0, 10, 0, 10, : 10, 19, 10, 10, 10, 10, 10, 10, 10, 10, 10, 10, 10, 1, 10, 10, 10, 10, 10, 10, 10, 10, 10, 10, 10, 10, 10, 10, 10, 10, 10, 10, 10, 10, 10, 10, 10, 10, 10, 10, 10, 1, 10, 10, 10, 10, 4, 10, 10, 10, 10, 10, 10, 10, 10, 10, 10, 10, 10, 10, 10, 10, 3, 10, 10, 
222: 0, 10, 0, 10, 0, 10, 0, 0, 10, 0, 10, 0, 0, 10, 0, 10, 10, 10, 10, 10, 10, 10, 10, 10, 0, 0, 0, 10, 0, 10, 0, 10, 10, 10, 0, 10, 10, 0, 0, 0, 10, 10, 0, 10, 10, 10, 10, 10, 0, 10, 0, 10, 10, 0, 0, 0, 10, 10, 0, 0, 0, 0, 0, 0, 10, 10, 10, 0, 0, 0, 0, 10, 10, 10, 10, 10, 0, 10, 10, 10, 10, 10, 0, 10, 0, 10, 10, 0, 17, 10, 4, 10, 0, 0, 10, 10, 0, 4, 1, 10, 10, 10, 10, 10, 10, 0, 9, 10, 0, 0, 0, 10, 0, 0, 0, 0, 0, 10, 10, 10, : 10, 10, 10, 10, 10, 10, 10, 10, 10, 10, 10, 10, 10, 10, 10, 10, 10, 10, 10, 10, 10, 10, 10, 10, 10, 10, 10, 10, 10, 10, 10, 10, 10, 10, 10, 10, 10, 10, 10, 10, 10, 10, 10, 10, 10, 10, 10, 10, 10, 10, 17, 10, 4, 10, 10, 10, 4, 1, 10, 10, 10, 10, 10, 10, 9, 10, 10, 10, 10, 10, 
143: 10, 0, 0, 10, 10, 10, 1, 0, 0, 10, 0, 10, 1, 0, 10, 0, 0, 10, 0, 0, 10, 10, 10, 0, 10, 0, 10, 10, 10, 10, 10, 10, 10, 10, 0, 10, 10, 0, 0, 0, 0, 0, 0, 10, 10, 0, 0, 0, 0, 0, 0, 10, 10, 10, 0, 10, 0, 10, 0, 0, 19, 10, 10, 10, 0, 0, 10, 10, 10, 10, 10, 0, 10, 10, 10, 10, 10, 10, 0, 10, 0, 0, 0, 10, 0, 0, 0, 10, 10, 0, 0, 0, 0, 10, 0, 0, 10, 10, 0, 10, 0, 0, 10, 10, 10, 10, 10, 10, 10, 0, 0, 10, 10, 10, 10, 0, 10, 13, 0, 10, : 10, 10, 10, 10, 1, 10, 10, 1, 10, 10, 10, 10, 10, 10, 10, 10, 10, 10, 10, 10, 10, 10, 10, 10, 10, 10, 10, 10, 10, 10, 10, 19, 10, 10, 10, 10, 10, 10, 10, 10, 10, 10, 10, 10, 10, 10, 10, 10, 10, 10, 10, 10, 10, 10, 10, 10, 10, 10, 10, 10, 10, 10, 10, 10, 10, 10, 13, 10, 
117: 0, 10, 10, 10, 0, 0, 10, 0, 0, 10, 0, 10, 10, 10, 0, 10, 3, 10, 10, 10, 10, 10, 10, 10, 10, 0, 2, 20, 10, 0, 10, 0, 10, 10, 10, 10, 0, 10, 0, 10, 10, 10, 10, 10, 10, 10, 10, 0, 0, 0, 10, 10, 0, 0, 0, 10, 0, 10, 10, 0, 0, 0, 0, 0, 0, 0, 0, 0, 0, 10, 10, 2, 0, 10, 0, 0, 10, 10, 0, 10, 10, 0, 0, 0, 0, 10, 10, 10, 0, 10, 0, 0, 10, 10, 0, 10, 10, 10, 0, 0, 0, 10, 0, 10, 10, 0, 10, 0, 10, 0, 10, 10, 0, 10, 0, 10, 10, 10, 0, 10, : 10, 10, 10, 10, 10, 10, 10, 10, 10, 3, 10, 10, 10, 10, 10, 10, 10, 10, 2, 20, 10, 10, 10, 10, 10, 10, 10, 10, 10, 10, 10, 10, 10, 10, 10, 10, 10, 10, 10, 10, 10, 10, 2, 10, 10, 10, 10, 10, 10, 10, 10, 10, 10, 10, 10, 10, 10, 10, 10, 10, 10, 10, 10, 10, 10, 10, 10, 10, 10, 
118: 10, 10, 0, 10, 1, 0, 0, 0, 0, 10, 0, 0, 10, 0, 0, 10, 0, 0, 3, 10, 10, 10, 0, 10, 10, 2, 0, 0, 0, 10, 0, 10, 10, 10, 10, 10, 10, 10, 10, 10, 0, 0, 0, 10, 0, 0, 10, 10, 10, 1, 10, 10, 0, 10, 0, 10, 0, 0, 0, 0, 0, 0, 10, 10, 10, 10, 0, 10, 0, 10, 10, 0, 0, 10, 10, 0, 0, 10, 10, 0, 0, 0, 0, 10, 0, 10, 0, 0, 10, 0, 10, 0, 10, 0, 0, 0, 0, 0, 0, 0, 10, 0, 10, 10, 10, 0, 10, 0, 10, 10, 10, 10, 0, 10, 0, 10, 10, 10, 0, 10, : 10, 10, 10, 1, 10, 10, 10, 3, 10, 10, 10, 10, 10, 2, 10, 10, 10, 10, 10, 10, 10, 10, 10, 10, 10, 10, 10, 10, 1, 10, 10, 10, 10, 10, 10, 10, 10, 10, 10, 10, 10, 10, 10, 10, 10, 10, 10, 10, 10, 10, 10, 10, 10, 10, 10, 10, 10, 10, 10, 10, 10, 10, 10, 
212: 0, 0, 10, 0, 0, 0, 10, 0, 0, 10, 0, 10, 10, 0, 10, 10, 10, 10, 10, 10, 10, 10, 0, 10, 0, 0, 10, 0, 10, 0, 0, 10, 0, 0, 10, 0, 10, 1, 10, 0, 10, 10, 10, 10, 0, 10, 0, 0, 10, 10, 10, 0, 10, 0, 10, 0, 0, 10, 10, 10, 10, 0, 10, 0, 10, 10, 0, 0, 10, 1, 10, 0, 10, 0, 0, 10, 10, 10, 10, 10, 0, 0, 0, 0, 0, 10, 10, 10, 0, 10, 10, 0, 0, 10, 10, 0, 10, 0, 10, 0, 0, 10, 10, 10, 0, 10, 0, 10, 0, 10, 10, 0, 10, 0, 0, 10, 10, 0, 10, 10, : 10, 10, 10, 10, 10, 10, 10, 10, 10, 10, 10, 10, 10, 10, 10, 10, 10, 10, 10, 1, 10, 10, 10, 10, 10, 10, 10, 10, 10, 10, 10, 10, 10, 10, 10, 10, 10, 10, 10, 1, 10, 10, 10, 10, 10, 10, 10, 10, 10, 10, 10, 10, 10, 10, 10, 10, 10, 10, 10, 10, 10, 10, 10, 10, 10, 10, 10, 10, 
204: 10, 0, 0, 0, 0, 0, 0, 10, 0, 10, 0, 10, 10, 0, 0, 10, 0, 0, 10, 0, 10, 10, 10, 0, 0, 10, 0, 10, 0, 0, 2, 0, 0, 10, 3, 0, 10, 0, 10, 0, 10, 0, 10, 10, 0, 10, 10, 0, 10, 0, 10, 0, 10, 10, 0, 0, 10, 0, 0, 10, 0, 10, 0, 10, 10, 0, 0, 10, 0, 0, 0, 0, 10, 10, 0, 10, 10, 0, 0, 6, 10, 0, 0, 0, 0, 0, 10, 0, 10, 10, 0, 0, 10, 10, 0, 10, 10, 10, 10, 10, 10, 1, 0, 0, 1, 10, 0, 0, 10, 0, 2, 10, 0, 0, 0, 0, 0, 0, 0, 10, : 10, 10, 10, 10, 10, 10, 10, 10, 10, 10, 10, 10, 2, 10, 3, 10, 10, 10, 10, 10, 10, 10, 10, 10, 10, 10, 10, 10, 10, 10, 10, 10, 10, 10, 10, 10, 6, 10, 10, 10, 10, 10, 10, 10, 10, 10, 10, 10, 10, 1, 1, 10, 10, 2, 10, 10, 
333: 10, 10, 0, 10, 0, 10, 0, 0, 10, 0, 10, 10, 10, 0, 0, 10, 0, 10, 10, 0, 10, 10, 10, 0, 10, 0, 10, 0, 10, 0, 0, 10, 10, 0, 10, 0, 0, 0, 19, 0, 0, 10, 10, 0, 10, 0, 10, 10, 0, 0, 10, 0, 0, 0, 0, 0, 10, 10, 10, 10, 10, 0, 0, 10, 0, 10, 10, 0, 0, 10, 0, 10, 0, 4, 0, 10, 10, 10, 0, 10, 0, 0, 10, 10, 6, 0, 0, 0, 10, 10, 10, 10, 0, 0, 0, 10, 10, 0, 0, 0, 0, 0, 0, 10, 10, 0, 10, 0, 10, 10, 10, 3, 0, 10, 10, 0, 0, 1, 10, 10, : 10, 10, 10, 10, 10, 10, 10, 10, 10, 10, 10, 10, 10, 10, 10, 10, 10, 10, 10, 10, 19, 10, 10, 10, 10, 10, 10, 10, 10, 10, 10, 10, 10, 10, 10, 10, 10, 4, 10, 10, 10, 10, 10, 10, 6, 10, 10, 10, 10, 10, 10, 10, 10, 10, 10, 10, 10, 3, 10, 10, 1, 10, 10, 
373: 10, 10, 10, 10, 0, 0, 0, 0, 0, 10, 10, 0, 10, 0, 0, 10, 0, 10, 0, 10, 2, 10, 10, 10, 10, 10, 2, 0, 0, 10, 10, 10, 0, 10, 0, 10, 0, 10, 10, 10, 0, 10, 10, 0, 0, 10, 0, 0, 10, 10, 0, 0, 10, 0, 0, 0, 10, 10, 0, 0, 10, 0, 10, 10, 10, 0, 10, 10, 10, 10, 1, 0, 3, 0, 10, 10, 0, 10, 10, 0, 0, 10, 0, 0, 0, 10, 10, 10, 0, 10, 10, 10, 10, 10, 0, 0, 5, 0, 7, 10, 10, 10, 10, 10, 0, 10, 10, 10, 10, 0, 0, 0, 10, 0, 0, 0, 0, 0, 0, 0, : 10, 10, 10, 10, 10, 10, 10, 10, 10, 10, 2, 10, 10, 10, 10, 10, 2, 10, 10, 10, 10, 10, 10, 10, 10, 10, 10, 10, 10, 10, 10, 10, 10, 10, 10, 10, 10, 10, 10, 10, 10, 1, 3, 10, 10, 10, 10, 10, 10, 10, 10, 10, 10, 10, 10, 10, 5, 7, 10, 10, 10, 10, 10, 10, 10, 10, 10, 10, 
252: 0, 10, 10, 10, 0, 10, 0, 10, 0, 0, 10, 0, 10, 10, 10, 10, 10, 10, 0, 10, 10, 0, 10, 0, 10, 10, 0, 0, 10, 0, 10, 0, 0, 10, 10, 0, 0, 10, 0, 10, 0, 0, 0, 0, 0, 10, 0, 10, 0, 10, 10, 10, 10, 0, 0, 10, 10, 0, 0, 0, 0, 0, 0, 0, 2, 2, 10, 0, 0, 10, 10, 0, 0, 10, 10, 0, 10, 5, 10, 0, 0, 10, 0, 10, 0, 0, 0, 10, 0, 0, 0, 10, 10, 0, 1, 10, 10, 0, 0, 0, 0, 10, 10, 10, 10, 0, 10, 10, 0, 10, 10, 0, 10, 10, 0, 0, 0, 0, 0, 0, : 10, 10, 10, 10, 10, 10, 10, 10, 10, 10, 10, 10, 10, 10, 10, 10, 10, 10, 10, 10, 10, 10, 10, 10, 10, 10, 10, 10, 10, 10, 10, 2, 2, 10, 10, 10, 10, 10, 10, 5, 10, 10, 10, 10, 10, 10, 1, 10, 10, 10, 10, 10, 10, 10, 10, 10, 10, 10, 10, 
62: 0, 0, 10, 10, 0, 10, 0, 10, 0, 0, 0, 0, 0, 0, 10, 10, 10, 10, 10, 0, 0, 3, 0, 10, 0, 0, 13, 0, 10, 10, 10, 10, 0, 0, 0, 0, 0, 10, 0, 10, 10, 0, 0, 10, 0, 0, 10, 10, 0, 10, 10, 10, 10, 10, 0, 0, 0, 10, 10, 10, 0, 10, 10, 10, 0, 10, 0, 0, 10, 10, 0, 10, 10, 0, 10, 0, 0, 10, 0, 4, 10, 10, 10, 0, 10, 0, 10, 10, 10, 10, 10, 10, 10, 10, 0, 9, 0, 10, 0, 2, 10, 0, 0, 0, 0, 10, 10, 10, 10, 10, 0, 0, 10, 1, 0, 0, 0, 0, 0, 10, : 10, 10, 10, 10, 10, 10, 10, 10, 10, 3, 10, 13, 10, 10, 10, 10, 10, 10, 10, 10, 10, 10, 10, 10, 10, 10, 10, 10, 10, 10, 10, 10, 10, 10, 10, 10, 10, 10, 10, 10, 4, 10, 10, 10, 10, 10, 10, 10, 10, 10, 10, 10, 10, 9, 10, 2, 10, 10, 10, 10, 10, 10, 10, 1, 10, 
243: 10, 10, 0, 10, 10, 0, 10, 0, 10, 10, 0, 10, 10, 0, 0, 0, 0, 2, 0, 10, 0, 10, 0, 10, 0, 10, 0, 10, 0, 0, 10, 10, 1, 0, 0, 0, 0, 10, 0, 0, 10, 10, 0, 10, 0, 0, 0, 10, 10, 0, 2, 0, 0, 0, 0, 10, 4, 0, 0, 0, 0, 10, 10, 10, 10, 0, 0, 0, 10, 10, 0, 10, 0, 0, 10, 0, 0, 0, 10, 3, 10, 10, 0, 0, 10, 10, 10, 0, 10, 0, 10, 2, 0, 10, 0, 0, 10, 10, 10, 10, 10, 0, 10, 0, 0, 0, 2, 0, 0, 0, 10, 0, 10, 10, 10, 10, 0, 0, 0, 10, : 10, 10, 10, 10, 10, 10, 10, 10, 10, 2, 10, 10, 10, 10, 10, 10, 10, 1, 10, 10, 10, 10, 10, 10, 2, 10, 4, 10, 10, 10, 10, 10, 10, 10, 10, 10, 3, 10, 10, 10, 10, 10, 10, 10, 2, 10, 10, 10, 10, 10, 10, 10, 2, 10, 10, 10, 10, 10, 10, 
321: 1, 0, 10, 0, 10, 0, 10, 10, 10, 10, 0, 0, 10, 10, 0, 0, 10, 10, 0, 0, 0, 0, 20, 5, 0, 0, 0, 10, 10, 0, 0, 0, 0, 0, 10, 10, 0, 10, 10, 10, 13, 10, 10, 10, 0, 0, 0, 10, 10, 10, 0, 10, 0, 10, 0, 10, 10, 0, 5, 10, 10, 0, 0, 19, 10, 10, 10, 0, 0, 10, 10, 10, 0, 10, 10, 10, 10, 2, 0, 10, 0, 0, 10, 0, 10, 10, 0, 10, 0, 10, 10, 10, 0, 7, 10, 10, 0, 10, 0, 10, 10, 0, 0, 10, 10, 0, 0, 0, 10, 10, 0, 0, 0, 0, 10, 0, 0, 10, 10, 10, : 1, 10, 10, 10, 10, 10, 10, 10, 10, 10, 10, 20, 5, 10, 10, 10, 10, 10, 10, 10, 13, 10, 10, 10, 10, 10, 10, 10, 10, 10, 10, 5, 10, 10, 19, 10, 10, 10, 10, 10, 10, 10, 10, 10, 10, 2, 10, 10, 10, 10, 10, 10, 10, 10, 7, 10, 10, 10, 10, 10, 10, 10, 10, 10, 10, 10, 10, 10, 
236: 0, 10, 10, 0, 0, 10, 10, 0, 10, 0, 10, 0, 10, 10, 0, 0, 0, 10, 10, 0, 0, 0, 0, 10, 10, 10, 10, 0, 10, 10, 10, 0, 10, 0, 0, 10, 0, 0, 10, 10, 0, 0, 0, 10, 10, 0, 10, 0, 10, 10, 0, 0, 10, 10, 10, 10, 10, 0, 10, 0, 0, 10, 0, 10, 1, 0, 0, 0, 10, 0, 10, 10, 1, 10, 10, 0, 0, 0, 0, 10, 10, 0, 0, 0, 0, 0, 0, 0, 10, 0, 0, 0, 10, 0, 10, 0, 10, 10, 10, 10, 0, 10, 0, 10, 0, 10, 0, 0, 10, 10, 0, 0, 0, 0, 0, 10, 10, 10, 10, 10, : 10, 10, 10, 10, 10, 10, 10, 10, 10, 10, 10, 10, 10, 10, 10, 10, 10, 10, 10, 10, 10, 10, 10, 10, 10, 10, 10, 10, 10, 10, 10, 10, 10, 10, 1, 10, 10, 10, 1, 10, 10, 10, 10, 10, 10, 10, 10, 10, 10, 10, 10, 10, 10, 10, 10, 10, 10, 10, 10, 10, 
136: 0, 0, 0, 0, 0, 10, 0, 0, 10, 0, 0, 0, 0, 0, 10, 10, 10, 10, 0, 0, 0, 10, 0, 0, 10, 0, 1, 10, 10, 10, 2, 10, 0, 0, 0, 0, 10, 10, 1, 10, 10, 10, 10, 10, 10, 0, 10, 0, 3, 5, 10, 0, 10, 0, 0, 10, 1, 10, 10, 0, 10, 0, 10, 0, 10, 10, 0, 10, 0, 0, 0, 10, 10, 10, 0, 0, 10, 0, 0, 0, 0, 0, 10, 0, 10, 0, 10, 0, 0, 0, 0, 10, 10, 0, 0, 0, 0, 10, 10, 10, 10, 10, 0, 10, 4, 0, 5, 10, 10, 10, 10, 10, 0, 0, 10, 10, 0, 10, 12, 10, : 10, 10, 10, 10, 10, 10, 10, 10, 1, 10, 10, 10, 2, 10, 10, 10, 1, 10, 10, 10, 10, 10, 10, 10, 3, 5, 10, 10, 10, 1, 10, 10, 10, 10, 10, 10, 10, 10, 10, 10, 10, 10, 10, 10, 10, 10, 10, 10, 10, 10, 10, 10, 4, 5, 10, 10, 10, 10, 10, 10, 10, 10, 12, 10, 
28: 0, 10, 0, 0, 10, 0, 0, 10, 0, 0, 0, 10, 0, 0, 0, 0, 10, 0, 10, 0, 10, 0, 10, 0, 10, 0, 10, 0, 0, 10, 10, 10, 0, 10, 0, 0, 0, 0, 10, 10, 0, 10, 10, 0, 10, 10, 10, 3, 10, 0, 0, 0, 0, 10, 10, 10, 10, 10, 10, 10, 10, 10, 10, 10, 10, 0, 0, 18, 0, 10, 0, 0, 0, 3, 10, 0, 10, 10, 10, 10, 10, 0, 10, 0, 10, 10, 10, 10, 0, 0, 0, 0, 10, 10, 19, 10, 0, 0, 10, 10, 10, 10, 15, 0, 10, 0, 10, 0, 0, 0, 10, 0, 10, 10, 10, 0, 10, 0, 10, 0, : 10, 10, 10, 10, 10, 10, 10, 10, 10, 10, 10, 10, 10, 10, 10, 10, 10, 10, 10, 10, 10, 3, 10, 10, 10, 10, 10, 10, 10, 10, 10, 10, 10, 10, 10, 18, 10, 3, 10, 10, 10, 10, 10, 10, 10, 10, 10, 10, 10, 10, 10, 19, 10, 10, 10, 10, 10, 15, 10, 10, 10, 10, 10, 10, 10, 10, 
312: 0, 0, 10, 0, 10, 0, 0, 10, 0, 0, 0, 0, 10, 10, 10, 0, 0, 10, 0, 0, 0, 0, 10, 10, 10, 10, 10, 0, 0, 10, 14, 10, 0, 0, 10, 3, 0, 0, 3, 0, 0, 0, 10, 10, 0, 0, 10, 0, 0, 10, 0, 0, 10, 0, 10, 0, 10, 0, 10, 0, 0, 11, 10, 10, 3, 0, 10, 0, 10, 10, 10, 0, 10, 0, 0, 10, 10, 10, 0, 0, 10, 0, 10, 10, 0, 0, 0, 10, 0, 0, 0, 0, 0, 10, 0, 0, 0, 10, 0, 0, 0, 10, 0, 0, 0, 0, 0, 0, 0, 0, 10, 10, 0, 10, 0, 9, 10, 10, 0, 0, : 10, 10, 10, 10, 10, 10, 10, 10, 10, 10, 10, 10, 10, 14, 10, 10, 3, 3, 10, 10, 10, 10, 10, 10, 10, 10, 11, 10, 10, 3, 10, 10, 10, 10, 10, 10, 10, 10, 10, 10, 10, 10, 10, 10, 10, 10, 10, 10, 9, 10, 10, 
159: 10, 10, 10, 0, 0, 1, 10, 10, 0, 10, 0, 10, 0, 10, 10, 10, 0, 10, 10, 10, 10, 0, 10, 10, 10, 0, 10, 0, 0, 0, 0, 0, 10, 10, 10, 0, 0, 0, 10, 0, 10, 10, 10, 0, 0, 10, 3, 0, 10, 10, 0, 0, 0, 10, 0, 10, 0, 4, 10, 0, 0, 10, 10, 10, 0, 0, 0, 0, 10, 10, 2, 10, 10, 0, 0, 10, 0, 0, 1, 0, 0, 2, 10, 0, 0, 0, 10, 1, 0, 6, 10, 0, 0, 10, 10, 0, 10, 10, 10, 10, 10, 0, 10, 0, 0, 10, 10, 10, 10, 10, 0, 0, 10, 0, 0, 0, 10, 10, 10, 10, : 10, 10, 10, 1, 10, 10, 10, 10, 10, 10, 10, 10, 10, 10, 10, 10, 10, 10, 10, 10, 10, 10, 10, 10, 10, 10, 10, 3, 10, 10, 10, 10, 4, 10, 10, 10, 10, 10, 10, 2, 10, 10, 10, 1, 2, 10, 10, 1, 6, 10, 10, 10, 10, 10, 10, 10, 10, 10, 10, 10, 10, 10, 10, 10, 10, 10, 10, 10, 
146: 1, 10, 0, 10, 0, 0, 0, 0, 0, 10, 0, 0, 15, 10, 10, 0, 0, 0, 1, 10, 0, 10, 10, 0, 0, 0, 0, 10, 10, 10, 0, 7, 0, 10, 0, 10, 10, 0, 0, 10, 0, 0, 0, 10, 10, 0, 10, 10, 9, 10, 10, 0, 10, 0, 10, 10, 0, 10, 10, 0, 0, 0, 10, 10, 0, 5, 0, 10, 0, 10, 0, 9, 10, 10, 0, 10, 10, 10, 10, 10, 0, 0, 10, 10, 0, 0, 17, 0, 10, 10, 10, 0, 0, 0, 0, 10, 10, 10, 5, 0, 10, 10, 0, 0, 10, 10, 10, 0, 10, 10, 10, 10, 10, 10, 0, 10, 10, 0, 10, 1, : 1, 10, 10, 10, 15, 10, 10, 1, 10, 10, 10, 10, 10, 10, 7, 10, 10, 10, 10, 10, 10, 10, 10, 9, 10, 10, 10, 10, 10, 10, 10, 10, 10, 5, 10, 10, 9, 10, 10, 10, 10, 10, 10, 10, 10, 10, 17, 10, 10, 10, 10, 10, 10, 5, 10, 10, 10, 10, 10, 10, 10, 10, 10, 10, 10, 10, 10, 10, 1, 
149: 10, 10, 0, 10, 10, 10, 10, 0, 10, 10, 10, 10, 10, 10, 0, 10, 10, 0, 0, 0, 0, 10, 0, 0, 0, 2, 10, 0, 10, 10, 10, 0, 10, 0, 10, 10, 10, 10, 0, 10, 0, 10, 5, 10, 10, 3, 0, 10, 10, 10, 0, 10, 10, 0, 0, 4, 0, 0, 0, 0, 0, 10, 10, 0, 0, 8, 10, 0, 10, 0, 10, 10, 0, 10, 0, 0, 0, 0, 0, 10, 10, 0, 10, 10, 10, 1, 10, 10, 0, 10, 10, 10, 0, 0, 0, 10, 2, 0, 10, 0, 0, 0, 10, 0, 10, 10, 10, 0, 0, 0, 10, 10, 0, 10, 0, 10, 10, 0, 10, 0, : 10, 10, 10, 10, 10, 10, 10, 10, 10, 10, 10, 10, 10, 10, 10, 2, 10, 10, 10, 10, 10, 10, 10, 10, 10, 10, 10, 5, 10, 10, 3, 10, 10, 10, 10, 10, 4, 10, 10, 8, 10, 10, 10, 10, 10, 10, 10, 10, 10, 10, 1, 10, 10, 10, 10, 10, 10, 2, 10, 10, 10, 10, 10, 10, 10, 10, 10, 10, 10, 
148: 10, 0, 10, 10, 10, 0, 0, 0, 10, 0, 14, 0, 0, 10, 0, 0, 0, 0, 10, 0, 10, 0, 10, 0, 10, 0, 14, 10, 10, 0, 0, 16, 0, 10, 0, 10, 0, 10, 0, 10, 0, 10, 10, 10, 0, 0, 0, 16, 0, 0, 0, 10, 0, 10, 10, 0, 10, 10, 10, 10, 0, 0, 0, 0, 10, 0, 10, 0, 0, 0, 0, 0, 10, 10, 10, 0, 0, 0, 10, 0, 10, 10, 0, 10, 10, 0, 0, 2, 0, 0, 0, 0, 0, 0, 10, 0, 0, 0, 10, 10, 0, 0, 10, 0, 0, 10, 0, 0, 10, 5, 10, 10, 10, 10, 0, 0, 10, 0, 0, 10, : 10, 10, 10, 10, 10, 14, 10, 10, 10, 10, 10, 14, 10, 10, 16, 10, 10, 10, 10, 10, 10, 10, 16, 10, 10, 10, 10, 10, 10, 10, 10, 10, 10, 10, 10, 10, 10, 10, 10, 10, 2, 10, 10, 10, 10, 10, 10, 5, 10, 10, 10, 10, 10, 10, 
306: 0, 0, 0, 0, 10, 0, 10, 10, 2, 10, 10, 0, 0, 0, 4, 3, 0, 0, 1, 10, 10, 10, 0, 0, 0, 0, 10, 10, 10, 10, 10, 10, 10, 0, 10, 0, 5, 10, 0, 0, 10, 14, 10, 0, 0, 0, 1, 10, 0, 10, 0, 10, 10, 0, 10, 10, 10, 0, 10, 0, 10, 0, 10, 0, 0, 10, 10, 10, 0, 0, 0, 0, 10, 0, 10, 0, 10, 0, 0, 0, 10, 0, 0, 0, 0, 0, 10, 10, 0, 0, 0, 0, 0, 7, 10, 0, 0, 10, 0, 10, 0, 10, 10, 10, 10, 10, 0, 4, 1, 0, 10, 0, 10, 10, 10, 0, 0, 0, 0, 0, : 10, 10, 10, 2, 10, 10, 4, 3, 1, 10, 10, 10, 10, 10, 10, 10, 10, 10, 10, 10, 5, 10, 10, 14, 10, 1, 10, 10, 10, 10, 10, 10, 10, 10, 10, 10, 10, 10, 10, 10, 10, 10, 10, 10, 10, 7, 10, 10, 10, 10, 10, 10, 10, 10, 4, 1, 10, 10, 10, 10, 
115: 0, 10, 0, 0, 0, 10, 10, 10, 10, 3, 10, 10, 10, 0, 2, 10, 0, 10, 0, 10, 10, 10, 0, 10, 0, 0, 10, 0, 0, 0, 0, 10, 10, 10, 0, 0, 10, 0, 10, 0, 10, 0, 0, 10, 10, 0, 0, 0, 0, 10, 10, 1, 0, 1, 10, 10, 0, 0, 0, 10, 10, 0, 0, 0, 10, 10, 10, 0, 9, 10, 10, 12, 0, 0, 10, 0, 0, 10, 10, 0, 10, 10, 0, 10, 0, 0, 0, 10, 10, 0, 10, 10, 10, 0, 0, 0, 0, 0, 0, 0, 0, 0, 0, 0, 0, 0, 2, 10, 0, 10, 10, 10, 0, 0, 0, 10, 10, 10, 10, 0, : 10, 10, 10, 10, 10, 3, 10, 10, 10, 2, 10, 10, 10, 10, 10, 10, 10, 10, 10, 10, 10, 10, 10, 10, 10, 10, 10, 1, 1, 10, 10, 10, 10, 10, 10, 10, 9, 10, 10, 12, 10, 10, 10, 10, 10, 10, 10, 10, 10, 10, 10, 2, 10, 10, 10, 10, 10, 10, 10, 10, 
55: 10, 0, 10, 10, 10, 0, 10, 3, 10, 0, 10, 0, 19, 0, 0, 0, 10, 10, 7, 10, 0, 10, 10, 10, 10, 10, 0, 10, 5, 10, 10, 10, 0, 0, 0, 0, 10, 10, 0, 0, 10, 10, 10, 10, 10, 17, 10, 0, 0, 0, 0, 10, 10, 10, 10, 0, 0, 10, 10, 0, 0, 10, 0, 0, 10, 0, 0, 10, 10, 10, 10, 10, 10, 0, 0, 0, 0, 0, 0, 0, 10, 10, 0, 10, 0, 10, 10, 0, 0, 0, 10, 0, 10, 0, 10, 10, 14, 10, 10, 10, 0, 10, 10, 10, 10, 0, 10, 0, 9, 0, 0, 10, 6, 0, 0, 0, 0, 10, 0, 10, : 10, 10, 10, 10, 10, 3, 10, 10, 19, 10, 10, 7, 10, 10, 10, 10, 10, 10, 10, 5, 10, 10, 10, 10, 10, 10, 10, 10, 10, 10, 17, 10, 10, 10, 10, 10, 10, 10, 10, 10, 10, 10, 10, 10, 10, 10, 10, 10, 10, 10, 10, 10, 10, 10, 10, 14, 10, 10, 10, 10, 10, 10, 10, 10, 9, 10, 6, 10, 10, 
232: 0, 0, 0, 0, 0, 10, 0, 0, 10, 10, 0, 0, 0, 10, 0, 10, 10, 10, 10, 0, 0, 0, 10, 10, 0, 10, 10, 10, 0, 0, 10, 0, 0, 10, 0, 0, 10, 0, 10, 7, 0, 0, 0, 0, 0, 0, 10, 0, 0, 10, 2, 0, 0, 10, 10, 0, 0, 10, 10, 10, 10, 0, 0, 0, 0, 0, 0, 10, 0, 0, 10, 0, 0, 0, 2, 10, 0, 10, 10, 0, 0, 10, 10, 0, 10, 10, 0, 0, 10, 10, 10, 0, 10, 10, 10, 0, 0, 0, 10, 0, 1, 10, 10, 0, 10, 10, 10, 10, 10, 0, 10, 0, 10, 10, 10, 0, 0, 10, 0, 10, : 10, 10, 10, 10, 10, 10, 10, 10, 10, 10, 10, 10, 10, 10, 10, 10, 10, 7, 10, 10, 2, 10, 10, 10, 10, 10, 10, 10, 10, 2, 10, 10, 10, 10, 10, 10, 10, 10, 10, 10, 10, 10, 10, 10, 1, 10, 10, 10, 10, 10, 10, 10, 10, 10, 10, 10, 10, 10, 
208: 0, 0, 10, 10, 10, 0, 10, 0, 0, 0, 0, 10, 10, 10, 0, 0, 10, 10, 10, 0, 0, 0, 0, 0, 10, 0, 0, 0, 0, 10, 10, 0, 0, 10, 10, 0, 10, 10, 0, 10, 0, 0, 10, 10, 0, 13, 10, 10, 10, 0, 10, 10, 10, 0, 0, 0, 10, 0, 10, 0, 0, 10, 0, 0, 10, 10, 10, 1, 0, 10, 10, 0, 9, 10, 10, 10, 0, 2, 10, 0, 10, 0, 1, 10, 10, 10, 0, 10, 10, 10, 0, 10, 0, 0, 4, 0, 0, 10, 1, 10, 1, 6, 0, 0, 10, 0, 10, 10, 0, 0, 10, 0, 10, 10, 0, 10, 10, 0, 10, 10, : 10, 10, 10, 10, 10, 10, 10, 10, 10, 10, 10, 10, 10, 10, 10, 10, 10, 10, 10, 10, 13, 10, 10, 10, 10, 10, 10, 10, 10, 10, 10, 10, 10, 1, 10, 10, 9, 10, 10, 10, 2, 10, 10, 1, 10, 10, 10, 10, 10, 10, 10, 4, 10, 1, 10, 1, 6, 10, 10, 10, 10, 10, 10, 10, 10, 10, 10, 
196: 10, 0, 10, 0, 0, 0, 0, 10, 10, 10, 0, 0, 10, 10, 10, 10, 0, 0, 3, 0, 10, 10, 0, 10, 1, 0, 0, 10, 0, 10, 0, 0, 10, 0, 0, 10, 0, 10, 0, 0, 0, 0, 10, 0, 10, 0, 10, 0, 0, 0, 18, 10, 0, 3, 10, 10, 0, 10, 0, 4, 0, 11, 3, 0, 10, 0, 0, 0, 0, 10, 10, 0, 0, 10, 10, 0, 0, 10, 10, 10, 10, 0, 0, 10, 0, 0, 10, 0, 10, 1, 0, 10, 0, 10, 0, 0, 10, 0, 0, 0, 0, 0, 0, 10, 3, 10, 10, 0, 0, 8, 0, 0, 10, 10, 10, 10, 0, 10, 10, 10, : 10, 10, 10, 10, 10, 10, 10, 10, 10, 3, 10, 10, 10, 1, 10, 10, 10, 10, 10, 10, 10, 10, 18, 10, 3, 10, 10, 10, 4, 11, 3, 10, 10, 10, 10, 10, 10, 10, 10, 10, 10, 10, 10, 1, 10, 10, 10, 10, 3, 10, 10, 8, 10, 10, 10, 10, 10, 10, 10, 
229: 0, 10, 0, 0, 2, 10, 0, 10, 10, 0, 0, 10, 0, 10, 0, 10, 10, 0, 10, 0, 10, 10, 10, 0, 10, 10, 0, 1, 10, 10, 10, 0, 10, 0, 10, 0, 10, 10, 10, 0, 10, 10, 10, 0, 0, 10, 0, 0, 10, 0, 0, 0, 10, 10, 10, 0, 10, 0, 0, 0, 10, 2, 0, 0, 0, 10, 0, 0, 0, 10, 0, 0, 0, 0, 0, 10, 0, 10, 10, 0, 10, 10, 10, 0, 10, 10, 0, 10, 10, 10, 10, 0, 0, 10, 10, 10, 0, 10, 10, 0, 10, 0, 10, 0, 10, 10, 10, 0, 0, 2, 0, 10, 10, 0, 10, 10, 0, 10, 10, 0, : 10, 2, 10, 10, 10, 10, 10, 10, 10, 10, 10, 10, 10, 10, 10, 1, 10, 10, 10, 10, 10, 10, 10, 10, 10, 10, 10, 10, 10, 10, 10, 10, 10, 10, 2, 10, 10, 10, 10, 10, 10, 10, 10, 10, 10, 10, 10, 10, 10, 10, 10, 10, 10, 10, 10, 10, 10, 10, 10, 2, 10, 10, 10, 10, 10, 10, 
316: 0, 0, 10, 10, 10, 10, 10, 8, 0, 10, 0, 0, 10, 0, 0, 0, 0, 0, 0, 0, 10, 0, 10, 10, 10, 10, 10, 0, 10, 10, 10, 10, 1, 0, 10, 0, 0, 10, 10, 0, 10, 0, 10, 0, 0, 10, 10, 10, 0, 10, 10, 10, 0, 10, 0, 0, 10, 10, 10, 0, 10, 10, 0, 0, 0, 0, 10, 0, 10, 0, 0, 0, 10, 10, 0, 10, 0, 10, 17, 10, 10, 10, 0, 10, 0, 0, 10, 10, 10, 0, 0, 0, 10, 10, 0, 10, 10, 1, 10, 0, 10, 10, 10, 10, 0, 0, 0, 0, 0, 0, 0, 10, 0, 10, 10, 10, 10, 0, 0, 0, : 10, 10, 10, 10, 10, 8, 10, 10, 10, 10, 10, 10, 10, 10, 10, 10, 10, 10, 1, 10, 10, 10, 10, 10, 10, 10, 10, 10, 10, 10, 10, 10, 10, 10, 10, 10, 10, 10, 10, 10, 10, 10, 17, 10, 10, 10, 10, 10, 10, 10, 10, 10, 10, 10, 1, 10, 10, 10, 10, 10, 10, 10, 10, 10, 10, 
4: 0, 0, 10, 10, 0, 10, 10, 0, 10, 0, 10, 0, 0, 10, 10, 10, 10, 0, 10, 0, 10, 10, 0, 10, 0, 10, 10, 10, 10, 0, 10, 10, 10, 0, 10, 10, 10, 10, 10, 10, 10, 10, 10, 4, 1, 10, 10, 10, 10, 0, 0, 10, 10, 10, 0, 0, 10, 0, 0, 0, 0, 10, 0, 0, 10, 0, 0, 10, 0, 0, 10, 0, 0, 10, 10, 10, 0, 10, 0, 0, 0, 10, 10, 10, 10, 10, 10, 10, 10, 0, 6, 10, 10, 0, 0, 10, 10, 0, 10, 0, 10, 0, 0, 0, 0, 17, 0, 10, 0, 0, 0, 0, 0, 0, 0, 10, 10, 10, 10, 10, : 10, 10, 10, 10, 10, 10, 10, 10, 10, 10, 10, 10, 10, 10, 10, 10, 10, 10, 10, 10, 10, 10, 10, 10, 10, 10, 10, 10, 10, 10, 4, 1, 10, 10, 10, 10, 10, 10, 10, 10, 10, 10, 10, 10, 10, 10, 10, 10, 10, 10, 10, 10, 10, 10, 10, 10, 6, 10, 10, 10, 10, 10, 10, 17, 10, 10, 10, 10, 10, 10, 
140: 10, 0, 20, 0, 0, 10, 10, 0, 0, 10, 0, 0, 10, 0, 0, 10, 10, 0, 0, 10, 0, 0, 0, 0, 10, 0, 0, 10, 10, 0, 0, 10, 10, 0, 10, 0, 10, 0, 10, 0, 0, 10, 0, 10, 19, 10, 10, 10, 0, 2, 10, 0, 0, 10, 10, 10, 10, 10, 0, 0, 10, 7, 0, 0, 10, 0, 0, 0, 10, 0, 10, 0, 10, 10, 0, 0, 0, 10, 0, 0, 10, 10, 10, 0, 10, 0, 2, 10, 10, 10, 0, 0, 10, 10, 10, 10, 0, 0, 10, 0, 10, 10, 0, 0, 0, 0, 10, 0, 10, 0, 10, 0, 10, 2, 0, 10, 0, 0, 0, 0, : 10, 20, 10, 10, 10, 10, 10, 10, 10, 10, 10, 10, 10, 10, 10, 10, 10, 10, 10, 19, 10, 10, 10, 2, 10, 10, 10, 10, 10, 10, 10, 7, 10, 10, 10, 10, 10, 10, 10, 10, 10, 10, 2, 10, 10, 10, 10, 10, 10, 10, 10, 10, 10, 10, 10, 10, 10, 2, 10, 
272: 10, 10, 10, 0, 10, 10, 10, 10, 10, 10, 0, 0, 0, 10, 10, 0, 0, 10, 10, 0, 0, 10, 10, 0, 0, 0, 10, 10, 10, 0, 0, 10, 0, 0, 10, 0, 0, 17, 0, 10, 0, 0, 10, 0, 0, 0, 10, 0, 0, 10, 10, 0, 0, 0, 0, 0, 0, 10, 10, 10, 10, 0, 0, 10, 1, 10, 10, 0, 0, 10, 0, 10, 3, 10, 10, 0, 20, 5, 10, 0, 10, 0, 4, 10, 0, 0, 0, 0, 0, 1, 0, 10, 0, 10, 10, 0, 0, 0, 10, 0, 10, 10, 0, 0, 0, 0, 10, 0, 0, 10, 10, 0, 0, 0, 0, 0, 10, 10, 10, 10, : 10, 10, 10, 10, 10, 10, 10, 10, 10, 10, 10, 10, 10, 10, 10, 10, 10, 10, 10, 10, 17, 10, 10, 10, 10, 10, 10, 10, 10, 10, 10, 1, 10, 10, 10, 10, 3, 10, 10, 20, 5, 10, 10, 4, 10, 1, 10, 10, 10, 10, 10, 10, 10, 10, 10, 10, 10, 10, 10, 
48: 10, 10, 10, 0, 10, 0, 10, 10, 0, 10, 0, 10, 10, 10, 0, 0, 0, 10, 0, 0, 10, 0, 10, 10, 10, 0, 0, 0, 0, 10, 0, 10, 10, 10, 10, 10, 10, 0, 0, 0, 0, 0, 10, 0, 10, 10, 10, 10, 10, 10, 0, 0, 0, 10, 0, 10, 0, 10, 0, 0, 10, 0, 2, 0, 10, 0, 0, 0, 0, 0, 10, 0, 0, 10, 10, 0, 10, 0, 10, 0, 0, 10, 10, 0, 0, 0, 0, 10, 0, 10, 0, 10, 1, 0, 10, 0, 0, 10, 10, 0, 10, 0, 0, 0, 0, 0, 10, 10, 10, 0, 0, 0, 1, 0, 7, 0, 0, 10, 10, 10, : 10, 10, 10, 10, 10, 10, 10, 10, 10, 10, 10, 10, 10, 10, 10, 10, 10, 10, 10, 10, 10, 10, 10, 10, 10, 10, 10, 10, 10, 10, 10, 10, 10, 2, 10, 10, 10, 10, 10, 10, 10, 10, 10, 10, 10, 1, 10, 10, 10, 10, 10, 10, 10, 1, 7, 10, 10, 10, 
214: 10, 0, 10, 10, 10, 0, 0, 10, 10, 0, 10, 10, 10, 0, 10, 10, 0, 10, 10, 10, 10, 10, 10, 10, 0, 0, 10, 10, 10, 10, 1, 10, 3, 10, 0, 0, 0, 0, 0, 10, 10, 0, 0, 10, 10, 0, 0, 0, 10, 0, 0, 0, 10, 0, 10, 10, 0, 0, 10, 10, 0, 0, 10, 10, 0, 10, 10, 0, 0, 0, 0, 10, 0, 10, 10, 0, 10, 0, 0, 0, 10, 0, 10, 10, 0, 10, 0, 1, 0, 10, 0, 10, 1, 10, 10, 0, 0, 10, 0, 10, 0, 0, 10, 10, 10, 10, 0, 0, 10, 10, 10, 0, 10, 10, 0, 10, 0, 10, 0, 0, : 10, 10, 10, 10, 10, 10, 10, 10, 10, 10, 10, 10, 10, 10, 10, 10, 10, 10, 10, 10, 10, 10, 1, 10, 3, 10, 10, 10, 10, 10, 10, 10, 10, 10, 10, 10, 10, 10, 10, 10, 10, 10, 10, 10, 10, 10, 10, 10, 1, 10, 10, 1, 10, 10, 10, 10, 10, 10, 10, 10, 10, 10, 10, 10, 10, 10, 10, 
216: 0, 10, 10, 10, 0, 0, 10, 10, 0, 0, 10, 0, 0, 0, 0, 10, 10, 0, 0, 10, 10, 10, 0, 0, 0, 0, 10, 10, 0, 10, 10, 0, 0, 0, 10, 0, 0, 0, 10, 10, 0, 10, 0, 10, 0, 0, 0, 10, 10, 0, 10, 10, 10, 0, 0, 10, 13, 0, 7, 0, 10, 10, 10, 0, 10, 0, 0, 10, 10, 10, 10, 0, 10, 0, 0, 0, 0, 10, 0, 0, 10, 10, 0, 10, 0, 0, 0, 0, 10, 0, 20, 10, 0, 10, 0, 0, 0, 10, 0, 0, 0, 0, 10, 0, 0, 10, 10, 10, 1, 0, 10, 10, 0, 0, 0, 10, 0, 0, 10, 0, : 10, 10, 10, 10, 10, 10, 10, 10, 10, 10, 10, 10, 10, 10, 10, 10, 10, 10, 10, 10, 10, 10, 10, 10, 10, 10, 13, 7, 10, 10, 10, 10, 10, 10, 10, 10, 10, 10, 10, 10, 10, 10, 20, 10, 10, 10, 10, 10, 10, 10, 1, 10, 10, 10, 10, 
61: 0, 10, 0, 0, 10, 10, 8, 0, 10, 10, 0, 10, 10, 10, 0, 10, 0, 10, 0, 10, 1, 10, 0, 1, 0, 0, 10, 10, 0, 0, 0, 0, 10, 10, 10, 10, 0, 0, 0, 0, 10, 0, 10, 0, 10, 10, 0, 13, 0, 10, 10, 10, 0, 10, 0, 0, 0, 0, 10, 0, 0, 10, 10, 0, 0, 10, 0, 0, 0, 1, 0, 0, 0, 0, 0, 9, 0, 10, 0, 0, 10, 0, 0, 10, 10, 10, 0, 10, 10, 0, 10, 0, 0, 0, 10, 10, 10, 0, 10, 10, 10, 0, 0, 10, 10, 10, 1, 0, 10, 10, 0, 0, 10, 10, 10, 10, 10, 0, 0, 0, : 10, 10, 10, 8, 10, 10, 10, 10, 10, 10, 10, 10, 1, 10, 1, 10, 10, 10, 10, 10, 10, 10, 10, 10, 10, 13, 10, 10, 10, 10, 10, 10, 10, 10, 1, 9, 10, 10, 10, 10, 10, 10, 10, 10, 10, 10, 10, 10, 10, 10, 10, 10, 10, 1, 10, 10, 10, 10, 10, 10, 10, 
329: 10, 10, 0, 10, 10, 10, 0, 10, 10, 0, 0, 0, 10, 6, 10, 0, 10, 0, 0, 9, 0, 2, 0, 10, 10, 10, 10, 10, 10, 10, 10, 10, 10, 10, 10, 14, 0, 10, 0, 0, 0, 10, 0, 0, 10, 10, 10, 10, 0, 10, 10, 10, 0, 10, 0, 0, 10, 10, 10, 10, 10, 10, 0, 8, 10, 0, 10, 10, 0, 0, 0, 10, 10, 0, 0, 0, 0, 10, 10, 0, 0, 10, 10, 0, 10, 17, 10, 10, 0, 0, 0, 0, 0, 10, 0, 5, 10, 10, 10, 10, 10, 0, 0, 10, 10, 0, 0, 0, 0, 10, 0, 10, 0, 10, 0, 10, 0, 10, 10, 0, : 10, 10, 10, 10, 10, 10, 10, 10, 6, 10, 10, 9, 2, 10, 10, 10, 10, 10, 10, 10, 10, 10, 10, 10, 10, 14, 10, 10, 10, 10, 10, 10, 10, 10, 10, 10, 10, 10, 10, 10, 10, 10, 8, 10, 10, 10, 10, 10, 10, 10, 10, 10, 10, 17, 10, 10, 10, 5, 10, 10, 10, 10, 10, 10, 10, 10, 10, 10, 10, 10, 10, 
73: 10, 0, 0, 0, 10, 0, 0, 10, 10, 10, 10, 0, 10, 0, 0, 10, 10, 10, 0, 0, 0, 0, 10, 0, 0, 10, 0, 0, 10, 0, 0, 0, 10, 0, 0, 0, 10, 0, 0, 10, 0, 0, 0, 0, 10, 0, 10, 10, 10, 10, 10, 10, 10, 0, 10, 10, 0, 10, 10, 10, 0, 0, 0, 10, 10, 0, 10, 10, 10, 0, 10, 0, 10, 0, 0, 10, 0, 0, 0, 0, 0, 10, 10, 10, 14, 0, 0, 0, 10, 10, 0, 10, 0, 0, 10, 10, 0, 10, 0, 10, 0, 0, 10, 10, 0, 0, 0, 10, 0, 0, 0, 20, 10, 0, 10, 0, 0, 0, 10, 0, : 10, 10, 10, 10, 10, 10, 10, 10, 10, 10, 10, 10, 10, 10, 10, 10, 10, 10, 10, 10, 10, 10, 10, 10, 10, 10, 10, 10, 10, 10, 10, 10, 10, 10, 10, 10, 10, 10, 10, 10, 14, 10, 10, 10, 10, 10, 10, 10, 10, 10, 10, 20, 10, 10, 10, 
288: 10, 0, 10, 0, 10, 0, 0, 10, 0, 10, 0, 10, 0, 0, 10, 0, 0, 0, 0, 10, 0, 0, 0, 0, 10, 10, 10, 10, 0, 0, 10, 0, 0, 10, 0, 0, 0, 10, 0, 0, 10, 0, 0, 10, 10, 2, 10, 10, 0, 0, 0, 0, 0, 0, 0, 10, 10, 10, 2, 10, 10, 0, 10, 10, 1, 0, 0, 0, 10, 0, 0, 0, 10, 0, 10, 10, 0, 0, 0, 0, 0, 0, 0, 0, 10, 10, 0, 10, 0, 0, 10, 10, 0, 10, 10, 10, 0, 0, 10, 0, 0, 6, 10, 3, 0, 10, 10, 0, 10, 10, 10, 10, 0, 0, 0, 10, 10, 10, 10, 10, : 10, 10, 10, 10, 10, 10, 10, 10, 10, 10, 10, 10, 10, 10, 10, 10, 10, 10, 2, 10, 10, 10, 10, 10, 2, 10, 10, 10, 10, 1, 10, 10, 10, 10, 10, 10, 10, 10, 10, 10, 10, 10, 10, 6, 10, 3, 10, 10, 10, 10, 10, 10, 10, 10, 10, 10, 10, 
219: 0, 10, 2, 10, 10, 0, 10, 0, 0, 10, 10, 10, 10, 10, 0, 0, 0, 0, 10, 1, 10, 10, 0, 10, 0, 10, 10, 0, 0, 0, 0, 0, 10, 10, 10, 0, 0, 10, 0, 0, 0, 10, 0, 10, 0, 0, 0, 10, 10, 0, 10, 0, 0, 0, 10, 0, 10, 10, 10, 10, 0, 10, 0, 0, 0, 0, 10, 10, 10, 10, 0, 10, 0, 1, 0, 0, 10, 0, 0, 10, 0, 0, 10, 0, 0, 0, 0, 10, 0, 10, 10, 0, 0, 0, 0, 0, 0, 10, 10, 10, 0, 0, 10, 0, 0, 0, 10, 0, 10, 10, 10, 0, 0, 0, 0, 10, 10, 10, 0, 10, : 10, 2, 10, 10, 10, 10, 10, 10, 10, 10, 10, 1, 10, 10, 10, 10, 10, 10, 10, 10, 10, 10, 10, 10, 10, 10, 10, 10, 10, 10, 10, 10, 10, 10, 10, 10, 10, 1, 10, 10, 10, 10, 10, 10, 10, 10, 10, 10, 10, 10, 10, 10, 10, 10, 10, 10, 
88: 10, 10, 0, 10, 10, 0, 0, 0, 10, 0, 10, 10, 0, 0, 10, 10, 10, 0, 0, 10, 10, 10, 0, 0, 0, 10, 10, 0, 10, 10, 0, 0, 0, 10, 0, 10, 10, 0, 10, 0, 10, 10, 10, 0, 0, 0, 0, 0, 0, 10, 0, 0, 10, 10, 10, 0, 10, 10, 10, 10, 0, 10, 10, 10, 10, 20, 0, 10, 0, 0, 10, 0, 10, 0, 10, 0, 10, 10, 0, 0, 10, 0, 10, 0, 10, 0, 10, 10, 0, 10, 10, 10, 0, 0, 0, 10, 10, 0, 10, 10, 0, 10, 0, 10, 0, 0, 0, 10, 0, 0, 10, 10, 10, 10, 10, 0, 0, 0, 0, 10, : 10, 10, 10, 10, 10, 10, 10, 10, 10, 10, 10, 10, 10, 10, 10, 10, 10, 10, 10, 10, 10, 10, 10, 10, 10, 10, 10, 10, 10, 10, 10, 10, 10, 10, 10, 10, 20, 10, 10, 10, 10, 10, 10, 10, 10, 10, 10, 10, 10, 10, 10, 10, 10, 10, 10, 10, 10, 10, 10, 10, 10, 10, 10, 10, 
322: 1, 10, 0, 0, 10, 10, 10, 10, 0, 0, 0, 0, 10, 0, 10, 0, 10, 10, 10, 0, 0, 10, 10, 10, 10, 10, 10, 10, 0, 10, 0, 0, 0, 10, 0, 10, 10, 0, 10, 0, 0, 10, 10, 10, 0, 0, 0, 0, 10, 0, 0, 10, 10, 0, 10, 10, 10, 0, 0, 10, 10, 0, 10, 9, 10, 0, 0, 10, 0, 0, 10, 10, 10, 0, 10, 0, 10, 10, 10, 10, 0, 0, 10, 10, 0, 0, 0, 10, 0, 10, 10, 0, 10, 10, 10, 10, 0, 10, 0, 10, 0, 10, 0, 10, 10, 10, 1, 10, 0, 0, 10, 10, 0, 10, 10, 0, 0, 10, 10, 0, : 1, 10, 10, 10, 10, 10, 10, 10, 10, 10, 10, 10, 10, 10, 10, 10, 10, 10, 10, 10, 10, 10, 10, 10, 10, 10, 10, 10, 10, 10, 10, 10, 10, 10, 10, 9, 10, 10, 10, 10, 10, 10, 10, 10, 10, 10, 10, 10, 10, 10, 10, 10, 10, 10, 10, 10, 10, 10, 10, 10, 10, 1, 10, 10, 10, 10, 10, 10, 10, 
351: 10, 4, 0, 0, 10, 0, 0, 10, 10, 0, 10, 0, 0, 0, 10, 10, 0, 0, 10, 0, 0, 0, 10, 0, 0, 10, 0, 0, 10, 10, 10, 0, 0, 0, 10, 10, 10, 0, 10, 10, 10, 10, 10, 0, 10, 10, 0, 0, 0, 10, 10, 10, 0, 0, 10, 10, 10, 0, 10, 0, 10, 10, 0, 10, 16, 10, 0, 10, 10, 10, 0, 0, 10, 0, 10, 0, 10, 10, 0, 0, 0, 10, 10, 10, 10, 0, 10, 0, 0, 0, 10, 0, 0, 10, 10, 0, 10, 0, 0, 4, 0, 10, 10, 0, 10, 10, 0, 0, 0, 0, 0, 0, 0, 0, 0, 10, 0, 0, 0, 0, : 10, 4, 10, 10, 10, 10, 10, 10, 10, 10, 10, 10, 10, 10, 10, 10, 10, 10, 10, 10, 10, 10, 10, 10, 10, 10, 10, 10, 10, 10, 10, 10, 10, 10, 16, 10, 10, 10, 10, 10, 10, 10, 10, 10, 10, 10, 10, 10, 10, 10, 10, 10, 4, 10, 10, 10, 10, 10, 
152: 0, 10, 0, 0, 0, 0, 0, 10, 0, 0, 10, 0, 0, 0, 10, 0, 1, 10, 0, 0, 0, 0, 0, 10, 10, 10, 10, 0, 0, 10, 10, 0, 10, 0, 0, 10, 0, 0, 0, 0, 0, 0, 10, 10, 0, 0, 10, 0, 10, 10, 10, 0, 0, 10, 10, 0, 10, 0, 0, 10, 10, 0, 10, 11, 0, 0, 10, 10, 0, 0, 10, 0, 0, 10, 10, 10, 0, 10, 0, 4, 10, 0, 0, 10, 10, 0, 10, 10, 10, 0, 10, 0, 0, 10, 0, 10, 0, 10, 10, 10, 10, 10, 0, 10, 0, 0, 10, 10, 0, 10, 0, 10, 10, 0, 12, 10, 0, 0, 0, 0, : 10, 10, 10, 10, 1, 10, 10, 10, 10, 10, 10, 10, 10, 10, 10, 10, 10, 10, 10, 10, 10, 10, 10, 10, 10, 10, 11, 10, 10, 10, 10, 10, 10, 10, 4, 10, 10, 10, 10, 10, 10, 10, 10, 10, 10, 10, 10, 10, 10, 10, 10, 10, 10, 10, 10, 12, 10, 
41: 0, 10, 0, 10, 10, 10, 1, 0, 10, 0, 10, 10, 10, 0, 0, 10, 0, 0, 10, 1, 0, 0, 10, 10, 3, 10, 10, 0, 0, 10, 0, 0, 10, 5, 10, 10, 0, 5, 0, 10, 0, 0, 0, 0, 10, 10, 0, 0, 10, 10, 10, 10, 0, 10, 0, 10, 10, 0, 10, 10, 10, 10, 10, 0, 10, 0, 10, 10, 2, 0, 0, 10, 0, 0, 0, 10, 0, 0, 0, 10, 0, 10, 10, 0, 0, 10, 0, 10, 2, 0, 10, 0, 10, 10, 10, 0, 7, 10, 10, 10, 10, 0, 10, 0, 10, 10, 10, 10, 10, 0, 10, 10, 0, 0, 10, 0, 10, 0, 0, 0, : 10, 10, 10, 10, 1, 10, 10, 10, 10, 10, 10, 1, 10, 10, 3, 10, 10, 10, 10, 5, 10, 10, 5, 10, 10, 10, 10, 10, 10, 10, 10, 10, 10, 10, 10, 10, 10, 10, 10, 10, 10, 2, 10, 10, 10, 10, 10, 10, 10, 2, 10, 10, 10, 10, 7, 10, 10, 10, 10, 10, 10, 10, 10, 10, 10, 10, 10, 10, 10, 
307: 10, 10, 0, 0, 10, 10, 10, 10, 0, 1, 0, 10, 10, 9, 0, 10, 10, 0, 0, 0, 0, 0, 0, 10, 0, 0, 0, 0, 10, 10, 10, 10, 10, 10, 10, 10, 0, 0, 1, 0, 0, 10, 0, 10, 10, 10, 10, 0, 10, 0, 10, 10, 10, 0, 1, 10, 10, 0, 0, 10, 10, 0, 10, 0, 10, 0, 10, 0, 0, 0, 10, 1, 10, 0, 10, 10, 10, 10, 10, 10, 0, 10, 10, 0, 0, 10, 0, 10, 10, 10, 0, 0, 10, 0, 10, 10, 10, 0, 10, 0, 10, 10, 0, 10, 10, 10, 0, 0, 0, 10, 0, 0, 0, 10, 0, 10, 10, 10, 0, 2, : 10, 10, 10, 10, 10, 10, 1, 10, 10, 9, 10, 10, 10, 10, 10, 10, 10, 10, 10, 10, 10, 1, 10, 10, 10, 10, 10, 10, 10, 10, 10, 1, 10, 10, 10, 10, 10, 10, 10, 10, 1, 10, 10, 10, 10, 10, 10, 10, 10, 10, 10, 10, 10, 10, 10, 10, 10, 10, 10, 10, 10, 10, 10, 10, 10, 10, 10, 10, 10, 2, 
390: 0, 10, 0, 10, 0, 10, 0, 0, 0, 1, 10, 0, 0, 10, 10, 2, 10, 10, 0, 0, 0, 0, 0, 0, 10, 0, 1, 0, 10, 0, 16, 0, 0, 10, 10, 0, 10, 0, 0, 10, 0, 0, 10, 0, 10, 10, 10, 0, 11, 0, 0, 0, 10, 10, 0, 0, 0, 0, 10, 10, 0, 10, 0, 0, 0, 10, 0, 1, 0, 0, 0, 10, 10, 10, 0, 0, 10, 10, 0, 0, 10, 10, 0, 10, 0, 10, 10, 0, 0, 0, 0, 0, 0, 10, 11, 10, 10, 10, 0, 0, 10, 0, 10, 10, 0, 1, 10, 0, 10, 10, 10, 10, 10, 10, 0, 10, 0, 10, 0, 0, : 10, 10, 10, 1, 10, 10, 10, 2, 10, 10, 10, 1, 10, 16, 10, 10, 10, 10, 10, 10, 10, 10, 11, 10, 10, 10, 10, 10, 10, 1, 10, 10, 10, 10, 10, 10, 10, 10, 10, 10, 10, 11, 10, 10, 10, 10, 10, 10, 1, 10, 10, 10, 10, 10, 10, 10, 10, 10, 
385: 0, 0, 0, 10, 0, 0, 10, 0, 0, 0, 10, 10, 0, 10, 10, 10, 10, 0, 10, 10, 0, 10, 10, 10, 0, 10, 0, 10, 0, 10, 0, 10, 0, 10, 2, 3, 10, 0, 0, 10, 0, 10, 0, 0, 3, 0, 0, 0, 10, 0, 10, 0, 0, 0, 10, 10, 10, 10, 0, 10, 0, 10, 0, 10, 0, 10, 10, 0, 10, 0, 10, 0, 0, 0, 10, 10, 10, 0, 0, 10, 10, 10, 0, 0, 0, 0, 0, 10, 0, 0, 10, 6, 10, 0, 10, 0, 17, 10, 10, 0, 0, 10, 10, 10, 0, 0, 0, 10, 10, 0, 0, 10, 10, 0, 10, 0, 10, 10, 0, 0, : 10, 10, 10, 10, 10, 10, 10, 10, 10, 10, 10, 10, 10, 10, 10, 10, 10, 10, 2, 3, 10, 10, 10, 3, 10, 10, 10, 10, 10, 10, 10, 10, 10, 10, 10, 10, 10, 10, 10, 10, 10, 10, 10, 10, 10, 6, 10, 10, 17, 10, 10, 10, 10, 10, 10, 10, 10, 10, 10, 10, 10, 
133: 10, 0, 0, 5, 0, 0, 10, 10, 0, 0, 10, 10, 0, 10, 10, 0, 0, 10, 0, 10, 10, 10, 10, 0, 0, 0, 10, 0, 0, 0, 10, 10, 10, 10, 0, 10, 10, 0, 0, 10, 0, 1, 0, 0, 0, 10, 10, 10, 10, 0, 0, 10, 10, 0, 10, 0, 0, 10, 10, 0, 10, 0, 10, 7, 10, 0, 0, 10, 10, 10, 10, 10, 0, 0, 0, 10, 10, 0, 0, 10, 10, 0, 0, 10, 0, 0, 10, 0, 10, 10, 10, 10, 0, 10, 10, 0, 10, 10, 10, 10, 10, 0, 10, 10, 0, 8, 10, 10, 0, 10, 0, 0, 10, 10, 10, 10, 10, 10, 10, 0, : 10, 5, 10, 10, 10, 10, 10, 10, 10, 10, 10, 10, 10, 10, 10, 10, 10, 10, 10, 10, 10, 1, 10, 10, 10, 10, 10, 10, 10, 10, 10, 10, 10, 7, 10, 10, 10, 10, 10, 10, 10, 10, 10, 10, 10, 10, 10, 10, 10, 10, 10, 10, 10, 10, 10, 10, 10, 10, 10, 8, 10, 10, 10, 10, 10, 10, 10, 10, 10, 10, 
35: 0, 0, 0, 0, 0, 1, 5, 0, 10, 0, 10, 10, 0, 10, 10, 0, 10, 0, 10, 10, 10, 10, 0, 10, 0, 10, 0, 0, 10, 0, 1, 0, 10, 10, 10, 0, 0, 0, 0, 10, 10, 0, 10, 0, 10, 10, 0, 10, 10, 10, 10, 10, 10, 0, 10, 0, 0, 10, 10, 10, 0, 0, 0, 0, 0, 0, 0, 0, 10, 10, 10, 0, 0, 10, 0, 10, 10, 10, 10, 0, 10, 0, 10, 10, 16, 0, 10, 0, 10, 10, 0, 10, 10, 10, 0, 0, 10, 10, 0, 0, 0, 10, 10, 0, 0, 0, 10, 0, 10, 0, 10, 0, 0, 0, 16, 0, 10, 10, 10, 10, : 1, 5, 10, 10, 10, 10, 10, 10, 10, 10, 10, 10, 10, 10, 10, 1, 10, 10, 10, 10, 10, 10, 10, 10, 10, 10, 10, 10, 10, 10, 10, 10, 10, 10, 10, 10, 10, 10, 10, 10, 10, 10, 10, 10, 10, 16, 10, 10, 10, 10, 10, 10, 10, 10, 10, 10, 10, 10, 10, 16, 10, 10, 10, 10, 


330: 0, 10, 10, 0, 0, 10, 0, 10, 10, 0, 0, 0, 10, 0, 0, 5, 0, 10, 0, 10, 10, 0, 0, 0, 0, 10, 0, 0, 0, 10, 10, 10, 10, 0, 10, 10, 0, 0, 0, 0, 0, 10, 10, 10, 10, 10, 10, 10, 0, 0, 2, 10, 0, 10, 0, 0, 10, 0, 0, 0, 0, 0, 0, 10, 10, 0, 0, 0, 0, 10, 10, 0, 10, 10, 0, 0, 10, 10, 0, 10, 1, 0, 10, 0, 10, 0, 10, 0, 0, 0, 10, 10, 0, 0, 10, 6, 0, 0, 10, 10, 10, 0, 10, 3, 10, 10, 10, 10, 0, 10, 10, 10, 0, 10, 10, 10, 0, 10, 10, 0, : 10, 10, 10, 10, 10, 10, 5, 10, 10, 10, 10, 10, 10, 10, 10, 10, 10, 10, 10, 10, 10, 10, 10, 10, 2, 10, 10, 10, 10, 10, 10, 10, 10, 10, 10, 10, 10, 1, 10, 10, 10, 10, 10, 10, 6, 10, 10, 10, 10, 3, 10, 10, 10, 10, 10, 10, 10, 10, 10, 10, 10, 10, 
177: 10, 1, 10, 10, 0, 10, 10, 10, 0, 10, 10, 0, 0, 0, 10, 0, 2, 10, 0, 10, 0, 0, 0, 10, 0, 0, 0, 10, 10, 10, 10, 0, 0, 10, 10, 10, 0, 10, 10, 0, 10, 10, 0, 0, 10, 10, 0, 10, 11, 0, 10, 0, 10, 0, 10, 10, 0, 19, 10, 10, 10, 10, 10, 0, 0, 10, 10, 10, 10, 10, 0, 10, 0, 0, 0, 10, 0, 2, 10, 10, 0, 10, 1, 0, 10, 10, 0, 10, 0, 10, 10, 0, 10, 10, 0, 0, 10, 0, 0, 0, 10, 0, 10, 10, 0, 0, 0, 0, 10, 1, 10, 0, 10, 0, 0, 0, 10, 0, 0, 0, : 10, 1, 10, 10, 10, 10, 10, 10, 10, 10, 2, 10, 10, 10, 10, 10, 10, 10, 10, 10, 10, 10, 10, 10, 10, 10, 10, 10, 11, 10, 10, 10, 10, 19, 10, 10, 10, 10, 10, 10, 10, 10, 10, 10, 10, 10, 2, 10, 10, 10, 1, 10, 10, 10, 10, 10, 10, 10, 10, 10, 10, 10, 10, 1, 10, 10, 10, 
277: 10, 10, 0, 10, 0, 10, 0, 10, 0, 10, 10, 10, 10, 10, 10, 0, 10, 0, 10, 0, 10, 10, 10, 10, 10, 10, 10, 10, 0, 10, 0, 0, 10, 0, 0, 10, 10, 0, 10, 0, 0, 10, 0, 10, 0, 0, 0, 10, 0, 1, 10, 0, 0, 10, 10, 0, 0, 10, 10, 10, 0, 0, 10, 10, 10, 10, 0, 0, 10, 0, 10, 10, 0, 10, 0, 0, 0, 17, 10, 10, 0, 10, 0, 0, 0, 10, 0, 10, 10, 0, 0, 0, 1, 0, 10, 10, 10, 0, 0, 10, 0, 0, 0, 10, 10, 10, 10, 10, 0, 10, 0, 0, 0, 0, 0, 10, 10, 10, 10, 10, : 10, 10, 10, 10, 10, 10, 10, 10, 10, 10, 10, 10, 10, 10, 10, 10, 10, 10, 10, 10, 10, 10, 10, 10, 10, 10, 10, 10, 10, 1, 10, 10, 10, 10, 10, 10, 10, 10, 10, 10, 10, 10, 10, 10, 17, 10, 10, 10, 10, 10, 10, 1, 10, 10, 10, 10, 10, 10, 10, 10, 10, 10, 10, 10, 10, 10, 10, 
172: 10, 0, 0, 4, 10, 0, 0, 0, 10, 0, 10, 0, 0, 0, 10, 0, 0, 0, 0, 0, 10, 10, 10, 0, 0, 10, 0, 10, 10, 0, 10, 10, 0, 0, 10, 10, 0, 10, 0, 10, 10, 10, 0, 10, 0, 0, 0, 10, 0, 0, 10, 10, 0, 10, 10, 0, 7, 0, 0, 0, 10, 0, 10, 0, 0, 0, 0, 10, 10, 10, 10, 10, 0, 0, 0, 10, 10, 0, 10, 0, 10, 10, 10, 13, 10, 10, 0, 0, 10, 10, 10, 10, 10, 0, 0, 10, 10, 10, 10, 10, 10, 0, 10, 0, 0, 10, 0, 0, 0, 0, 10, 10, 10, 0, 0, 10, 0, 0, 10, 10, : 10, 4, 10, 10, 10, 10, 10, 10, 10, 10, 10, 10, 10, 10, 10, 10, 10, 10, 10, 10, 10, 10, 10, 10, 10, 10, 7, 10, 10, 10, 10, 10, 10, 10, 10, 10, 10, 10, 10, 10, 13, 10, 10, 10, 10, 10, 10, 10, 10, 10, 10, 10, 10, 10, 10, 10, 10, 10, 10, 10, 10, 10, 
259: 0, 0, 0, 0, 10, 0, 10, 0, 0, 0, 0, 10, 10, 10, 1, 10, 0, 10, 0, 0, 10, 10, 10, 0, 10, 0, 4, 20, 0, 0, 0, 10, 0, 0, 0, 10, 0, 0, 10, 0, 0, 0, 10, 0, 0, 0, 10, 0, 0, 10, 0, 0, 10, 0, 10, 0, 10, 10, 10, 10, 10, 8, 10, 10, 10, 10, 0, 0, 12, 10, 10, 10, 0, 10, 0, 10, 10, 0, 10, 0, 10, 0, 10, 0, 0, 0, 0, 10, 10, 10, 10, 10, 10, 0, 0, 10, 10, 0, 0, 0, 0, 10, 0, 10, 10, 2, 10, 0, 10, 10, 3, 0, 0, 0, 0, 0, 8, 10, 10, 0, : 10, 10, 10, 10, 10, 1, 10, 10, 10, 10, 10, 10, 4, 20, 10, 10, 10, 10, 10, 10, 10, 10, 10, 10, 10, 10, 10, 8, 10, 10, 10, 10, 12, 10, 10, 10, 10, 10, 10, 10, 10, 10, 10, 10, 10, 10, 10, 10, 10, 10, 10, 10, 10, 2, 10, 10, 10, 3, 8, 10, 10, 
93: 10, 10, 10, 0, 10, 0, 0, 0, 0, 10, 10, 0, 0, 0, 0, 10, 10, 0, 10, 0, 0, 10, 10, 0, 0, 10, 10, 10, 10, 0, 10, 0, 0, 0, 10, 0, 0, 10, 10, 10, 0, 10, 10, 0, 0, 10, 10, 0, 10, 10, 0, 0, 0, 10, 10, 0, 0, 10, 0, 10, 0, 0, 0, 10, 0, 0, 10, 2, 0, 0, 0, 10, 0, 10, 0, 0, 0, 2, 0, 10, 10, 10, 10, 0, 10, 0, 10, 0, 10, 2, 0, 2, 0, 10, 0, 7, 0, 10, 10, 0, 10, 10, 10, 0, 0, 13, 0, 0, 10, 10, 10, 0, 10, 0, 0, 10, 0, 10, 0, 10, : 10, 10, 10, 10, 10, 10, 10, 10, 10, 10, 10, 10, 10, 10, 10, 10, 10, 10, 10, 10, 10, 10, 10, 10, 10, 10, 10, 10, 10, 10, 10, 10, 2, 10, 10, 2, 10, 10, 10, 10, 10, 10, 10, 2, 2, 10, 7, 10, 10, 10, 10, 10, 13, 10, 10, 10, 10, 10, 10, 10, 
266: 10, 0, 0, 0, 0, 10, 0, 3, 0, 0, 10, 0, 13, 2, 0, 19, 0, 10, 0, 0, 10, 10, 0, 13, 10, 10, 0, 0, 10, 10, 0, 0, 10, 10, 0, 0, 10, 1, 0, 10, 0, 10, 0, 0, 12, 10, 0, 2, 0, 0, 0, 10, 10, 10, 0, 0, 0, 10, 0, 0, 0, 0, 10, 0, 10, 10, 0, 10, 0, 1, 10, 0, 10, 0, 1, 10, 10, 10, 0, 3, 0, 0, 0, 0, 1, 0, 10, 0, 0, 10, 10, 10, 9, 0, 10, 10, 0, 10, 0, 0, 10, 0, 3, 0, 10, 10, 0, 10, 10, 0, 0, 10, 10, 1, 0, 0, 10, 10, 0, 10, : 10, 10, 3, 10, 13, 2, 19, 10, 10, 10, 13, 10, 10, 10, 10, 10, 10, 10, 1, 10, 10, 12, 10, 2, 10, 10, 10, 10, 10, 10, 10, 10, 1, 10, 10, 1, 10, 10, 10, 3, 1, 10, 10, 10, 10, 9, 10, 10, 10, 10, 3, 10, 10, 10, 10, 10, 10, 1, 10, 10, 10, 
227: 0, 0, 0, 0, 10, 0, 10, 10, 0, 10, 10, 10, 10, 10, 0, 0, 10, 0, 10, 10, 10, 0, 0, 10, 0, 0, 0, 10, 10, 10, 0, 10, 10, 10, 0, 0, 10, 0, 0, 10, 10, 0, 10, 0, 10, 1, 0, 0, 10, 10, 19, 10, 0, 0, 10, 0, 10, 10, 10, 16, 0, 10, 10, 0, 0, 10, 10, 0, 0, 10, 0, 0, 10, 10, 10, 0, 10, 10, 10, 10, 0, 0, 10, 0, 0, 0, 10, 0, 10, 0, 10, 10, 0, 10, 10, 10, 0, 10, 10, 0, 0, 10, 2, 10, 10, 10, 10, 10, 10, 0, 0, 0, 10, 0, 10, 0, 10, 10, 10, 10, : 10, 10, 10, 10, 10, 10, 10, 10, 10, 10, 10, 10, 10, 10, 10, 10, 10, 10, 10, 10, 10, 10, 10, 10, 1, 10, 10, 19, 10, 10, 10, 10, 10, 16, 10, 10, 10, 10, 10, 10, 10, 10, 10, 10, 10, 10, 10, 10, 10, 10, 10, 10, 10, 10, 10, 10, 10, 2, 10, 10, 10, 10, 10, 10, 10, 10, 10, 10, 10, 10, 
46: 10, 10, 0, 10, 0, 10, 0, 10, 0, 0, 0, 10, 10, 10, 0, 10, 0, 0, 10, 10, 7, 10, 0, 0, 10, 10, 1, 0, 10, 10, 0, 10, 10, 10, 10, 9, 10, 1, 10, 0, 10, 0, 10, 0, 0, 10, 0, 0, 10, 10, 10, 0, 0, 10, 0, 10, 10, 10, 10, 10, 10, 0, 0, 10, 10, 0, 10, 10, 0, 0, 10, 0, 0, 10, 10, 0, 0, 0, 0, 0, 10, 0, 0, 10, 0, 10, 10, 0, 10, 10, 10, 17, 0, 10, 10, 10, 10, 10, 0, 10, 10, 0, 0, 0, 0, 0, 0, 0, 10, 0, 3, 1, 0, 10, 0, 1, 20, 4, 0, 0, : 10, 10, 10, 10, 10, 10, 10, 10, 10, 10, 10, 7, 10, 10, 10, 1, 10, 10, 10, 10, 10, 10, 9, 10, 1, 10, 10, 10, 10, 10, 10, 10, 10, 10, 10, 10, 10, 10, 10, 10, 10, 10, 10, 10, 10, 10, 10, 10, 10, 10, 10, 10, 10, 17, 10, 10, 10, 10, 10, 10, 10, 10, 3, 1, 10, 1, 20, 4, 
144: 0, 10, 0, 10, 10, 10, 10, 0, 0, 0, 0, 0, 10, 0, 10, 10, 0, 10, 10, 0, 0, 0, 10, 10, 0, 10, 10, 0, 10, 10, 10, 10, 0, 10, 10, 10, 10, 0, 10, 10, 0, 0, 10, 10, 0, 10, 1, 0, 0, 0, 10, 10, 0, 3, 0, 10, 0, 10, 0, 0, 0, 10, 0, 0, 0, 10, 0, 10, 0, 0, 10, 10, 10, 10, 10, 10, 10, 10, 10, 10, 0, 10, 10, 10, 0, 10, 0, 10, 0, 0, 0, 10, 10, 10, 0, 0, 0, 0, 0, 10, 10, 0, 0, 10, 0, 10, 10, 0, 10, 10, 0, 0, 0, 10, 10, 0, 10, 0, 0, 0, : 10, 10, 10, 10, 10, 10, 10, 10, 10, 10, 10, 10, 10, 10, 10, 10, 10, 10, 10, 10, 10, 10, 10, 10, 10, 10, 10, 1, 10, 10, 3, 10, 10, 10, 10, 10, 10, 10, 10, 10, 10, 10, 10, 10, 10, 10, 10, 10, 10, 10, 10, 10, 10, 10, 10, 10, 10, 10, 10, 10, 10, 10, 10, 10, 
364: 10, 0, 0, 10, 0, 10, 0, 10, 0, 0, 10, 0, 0, 0, 10, 10, 10, 0, 10, 0, 10, 10, 10, 0, 10, 10, 10, 0, 0, 10, 0, 10, 0, 10, 8, 10, 0, 10, 0, 0, 10, 0, 10, 10, 10, 10, 0, 0, 10, 10, 10, 1, 0, 0, 0, 13, 0, 0, 10, 10, 1, 10, 0, 0, 0, 0, 0, 0, 10, 10, 4, 0, 10, 0, 10, 0, 10, 0, 10, 0, 0, 10, 10, 0, 10, 10, 10, 0, 10, 10, 10, 0, 10, 10, 0, 10, 10, 10, 0, 10, 10, 0, 0, 0, 10, 10, 10, 10, 2, 10, 10, 0, 10, 0, 10, 10, 0, 10, 10, 10, : 10, 10, 10, 10, 10, 10, 10, 10, 10, 10, 10, 10, 10, 10, 10, 10, 10, 10, 8, 10, 10, 10, 10, 10, 10, 10, 10, 10, 10, 1, 13, 10, 10, 1, 10, 10, 10, 4, 10, 10, 10, 10, 10, 10, 10, 10, 10, 10, 10, 10, 10, 10, 10, 10, 10, 10, 10, 10, 10, 10, 10, 2, 10, 10, 10, 10, 10, 10, 10, 10, 
67: 0, 0, 10, 10, 10, 10, 10, 0, 0, 10, 3, 10, 10, 10, 0, 0, 0, 0, 10, 10, 0, 10, 0, 10, 0, 10, 0, 0, 10, 0, 0, 10, 10, 0, 10, 10, 10, 0, 10, 0, 0, 0, 0, 10, 10, 0, 10, 10, 10, 0, 0, 10, 10, 0, 10, 1, 0, 10, 10, 10, 0, 0, 0, 0, 10, 9, 10, 10, 0, 0, 10, 0, 0, 0, 10, 0, 10, 10, 0, 0, 10, 10, 1, 0, 10, 0, 0, 10, 0, 0, 10, 10, 10, 10, 0, 0, 10, 10, 10, 0, 0, 0, 0, 10, 10, 10, 0, 10, 10, 10, 10, 0, 10, 10, 6, 10, 10, 0, 0, 0, : 10, 10, 10, 10, 10, 10, 3, 10, 10, 10, 10, 10, 10, 10, 10, 10, 10, 10, 10, 10, 10, 10, 10, 10, 10, 10, 10, 10, 10, 10, 1, 10, 10, 10, 10, 9, 10, 10, 10, 10, 10, 10, 10, 10, 1, 10, 10, 10, 10, 10, 10, 10, 10, 10, 10, 10, 10, 10, 10, 10, 10, 10, 10, 6, 10, 10, 
49: 1, 0, 0, 10, 0, 10, 0, 10, 10, 10, 0, 10, 0, 10, 10, 10, 0, 10, 0, 10, 10, 10, 0, 10, 0, 0, 10, 0, 10, 0, 0, 0, 0, 10, 10, 3, 10, 10, 10, 1, 0, 0, 10, 10, 0, 0, 0, 0, 10, 10, 6, 0, 0, 10, 10, 0, 10, 0, 10, 1, 10, 0, 10, 10, 4, 0, 0, 10, 0, 1, 10, 10, 10, 10, 0, 10, 0, 10, 0, 10, 0, 10, 10, 10, 0, 10, 10, 2, 0, 10, 10, 10, 10, 0, 10, 10, 0, 0, 0, 0, 0, 10, 10, 0, 0, 0, 10, 10, 10, 0, 10, 10, 10, 10, 10, 10, 0, 0, 10, 0, : 1, 10, 10, 10, 10, 10, 10, 10, 10, 10, 10, 10, 10, 10, 10, 10, 10, 10, 10, 3, 10, 10, 10, 1, 10, 10, 10, 10, 6, 10, 10, 10, 10, 1, 10, 10, 10, 4, 10, 1, 10, 10, 10, 10, 10, 10, 10, 10, 10, 10, 10, 10, 2, 10, 10, 10, 10, 10, 10, 10, 10, 10, 10, 10, 10, 10, 10, 10, 10, 10, 10, 
367: 0, 0, 0, 0, 0, 10, 10, 10, 0, 0, 10, 10, 0, 0, 10, 10, 0, 0, 0, 0, 10, 10, 0, 10, 10, 0, 10, 10, 0, 10, 10, 0, 4, 10, 0, 0, 10, 0, 10, 10, 10, 10, 10, 0, 10, 0, 10, 0, 0, 0, 0, 0, 0, 10, 10, 10, 10, 10, 0, 0, 0, 10, 0, 0, 0, 10, 10, 10, 10, 10, 10, 10, 2, 0, 10, 0, 0, 0, 0, 0, 0, 0, 10, 0, 0, 10, 10, 0, 0, 10, 10, 10, 10, 0, 0, 10, 10, 0, 0, 10, 0, 0, 10, 10, 10, 19, 0, 0, 0, 0, 0, 10, 0, 0, 10, 0, 10, 0, 0, 10, : 10, 10, 10, 10, 10, 10, 10, 10, 10, 10, 10, 10, 10, 10, 10, 4, 10, 10, 10, 10, 10, 10, 10, 10, 10, 10, 10, 10, 10, 10, 10, 10, 10, 10, 10, 10, 10, 10, 2, 10, 10, 10, 10, 10, 10, 10, 10, 10, 10, 10, 10, 10, 10, 19, 10, 10, 10, 10, 
94: 0, 0, 10, 10, 10, 10, 10, 0, 10, 0, 10, 0, 10, 10, 19, 0, 10, 10, 0, 3, 0, 10, 0, 10, 0, 10, 10, 10, 1, 0, 10, 10, 10, 10, 10, 10, 0, 10, 10, 0, 0, 0, 10, 10, 0, 5, 10, 10, 10, 0, 0, 0, 10, 10, 10, 10, 0, 0, 10, 10, 10, 0, 0, 0, 10, 0, 10, 10, 10, 0, 10, 0, 10, 0, 10, 0, 10, 10, 0, 10, 0, 0, 10, 10, 10, 0, 10, 0, 0, 10, 0, 10, 0, 10, 0, 0, 10, 0, 0, 10, 10, 10, 10, 10, 0, 0, 0, 10, 10, 10, 14, 10, 10, 0, 10, 0, 0, 10, 10, 10, : 10, 10, 10, 10, 10, 10, 10, 10, 10, 19, 10, 10, 3, 10, 10, 10, 10, 10, 1, 10, 10, 10, 10, 10, 10, 10, 10, 10, 10, 5, 10, 10, 10, 10, 10, 10, 10, 10, 10, 10, 10, 10, 10, 10, 10, 10, 10, 10, 10, 10, 10, 10, 10, 10, 10, 10, 10, 10, 10, 10, 10, 10, 10, 10, 10, 10, 14, 10, 10, 10, 10, 10, 10, 
261: 0, 2, 0, 0, 0, 0, 0, 10, 10, 0, 0, 0, 0, 10, 0, 10, 10, 0, 0, 10, 10, 7, 0, 0, 10, 0, 0, 0, 10, 10, 0, 10, 0, 0, 10, 0, 0, 0, 10, 0, 10, 0, 10, 10, 10, 0, 0, 10, 10, 10, 0, 0, 10, 0, 10, 10, 10, 0, 0, 0, 0, 0, 0, 0, 0, 10, 10, 10, 10, 10, 10, 0, 10, 10, 0, 0, 10, 10, 0, 4, 10, 0, 10, 0, 10, 10, 10, 0, 0, 12, 0, 10, 0, 0, 0, 10, 10, 10, 0, 10, 0, 0, 0, 10, 0, 17, 0, 0, 0, 10, 0, 10, 10, 10, 10, 0, 10, 0, 10, 0, : 2, 10, 10, 10, 10, 10, 10, 10, 7, 10, 10, 10, 10, 10, 10, 10, 10, 10, 10, 10, 10, 10, 10, 10, 10, 10, 10, 10, 10, 10, 10, 10, 10, 10, 10, 10, 4, 10, 10, 10, 10, 10, 12, 10, 10, 10, 10, 10, 10, 17, 10, 10, 10, 10, 10, 10, 10, 
129: 10, 10, 10, 10, 0, 10, 10, 0, 10, 10, 10, 0, 10, 0, 10, 0, 10, 0, 0, 10, 10, 10, 0, 0, 10, 0, 10, 10, 10, 0, 0, 0, 10, 2, 10, 0, 0, 10, 0, 0, 10, 10, 10, 0, 0, 9, 10, 0, 0, 10, 10, 10, 10, 10, 0, 10, 0, 0, 0, 0, 0, 10, 0, 0, 10, 0, 10, 10, 10, 0, 10, 2, 10, 0, 10, 0, 0, 0, 10, 0, 10, 0, 10, 10, 10, 10, 0, 0, 0, 10, 0, 10, 0, 0, 0, 10, 10, 0, 10, 0, 0, 10, 10, 15, 10, 0, 10, 10, 10, 0, 10, 0, 0, 0, 0, 0, 0, 0, 0, 0, : 10, 10, 10, 10, 10, 10, 10, 10, 10, 10, 10, 10, 10, 10, 10, 10, 10, 10, 10, 10, 2, 10, 10, 10, 10, 10, 9, 10, 10, 10, 10, 10, 10, 10, 10, 10, 10, 10, 10, 10, 2, 10, 10, 10, 10, 10, 10, 10, 10, 10, 10, 10, 10, 10, 10, 10, 15, 10, 10, 10, 10, 10, 
210: 10, 10, 0, 10, 10, 10, 0, 10, 0, 10, 10, 0, 0, 0, 0, 0, 0, 10, 10, 0, 0, 0, 10, 10, 10, 0, 0, 0, 0, 0, 10, 0, 10, 10, 10, 0, 0, 0, 0, 10, 10, 0, 0, 0, 10, 0, 10, 0, 10, 0, 10, 0, 0, 0, 0, 10, 0, 0, 0, 10, 0, 0, 10, 0, 0, 10, 10, 10, 0, 10, 0, 10, 10, 0, 10, 11, 10, 0, 10, 0, 0, 0, 10, 0, 0, 10, 10, 10, 10, 10, 0, 10, 3, 10, 10, 10, 10, 10, 10, 0, 10, 2, 0, 10, 10, 0, 0, 10, 10, 0, 10, 10, 10, 10, 0, 0, 0, 10, 10, 0, : 10, 10, 10, 10, 10, 10, 10, 10, 10, 10, 10, 10, 10, 10, 10, 10, 10, 10, 10, 10, 10, 10, 10, 10, 10, 10, 10, 10, 10, 10, 10, 10, 10, 11, 10, 10, 10, 10, 10, 10, 10, 10, 10, 3, 10, 10, 10, 10, 10, 10, 10, 2, 10, 10, 10, 10, 10, 10, 10, 10, 10, 10, 
36: 10, 0, 6, 0, 10, 10, 10, 0, 0, 10, 1, 10, 0, 10, 0, 0, 10, 0, 0, 0, 10, 10, 10, 0, 4, 10, 10, 10, 0, 0, 10, 0, 10, 10, 0, 10, 10, 10, 10, 0, 10, 0, 10, 5, 10, 10, 10, 10, 0, 10, 0, 10, 10, 0, 10, 10, 10, 10, 0, 0, 0, 0, 0, 0, 10, 10, 0, 10, 10, 10, 0, 0, 10, 10, 0, 0, 0, 10, 10, 10, 2, 10, 0, 10, 10, 10, 10, 10, 0, 10, 0, 10, 10, 10, 10, 0, 10, 10, 0, 0, 0, 0, 0, 0, 10, 10, 0, 0, 10, 0, 10, 0, 0, 10, 0, 0, 10, 0, 10, 0, : 10, 6, 10, 10, 10, 10, 1, 10, 10, 10, 10, 10, 10, 4, 10, 10, 10, 10, 10, 10, 10, 10, 10, 10, 10, 10, 5, 10, 10, 10, 10, 10, 10, 10, 10, 10, 10, 10, 10, 10, 10, 10, 10, 10, 10, 10, 10, 10, 2, 10, 10, 10, 10, 10, 10, 10, 10, 10, 10, 10, 10, 10, 10, 10, 10, 10, 10, 10, 10, 
391: 0, 10, 0, 10, 10, 10, 0, 10, 10, 10, 0, 0, 0, 10, 0, 0, 10, 0, 1, 10, 0, 10, 10, 0, 10, 10, 0, 10, 10, 0, 10, 19, 10, 10, 0, 0, 0, 0, 10, 10, 0, 0, 0, 10, 10, 10, 10, 0, 10, 0, 1, 0, 10, 10, 0, 0, 0, 10, 10, 10, 10, 10, 0, 0, 10, 0, 10, 10, 10, 0, 10, 10, 11, 10, 3, 10, 0, 0, 0, 10, 0, 0, 10, 10, 10, 10, 0, 10, 10, 10, 0, 0, 10, 0, 0, 10, 10, 16, 10, 0, 10, 10, 10, 10, 0, 0, 0, 0, 10, 10, 10, 0, 0, 10, 2, 0, 0, 10, 10, 0, : 10, 10, 10, 10, 10, 10, 10, 10, 10, 1, 10, 10, 10, 10, 10, 10, 10, 10, 19, 10, 10, 10, 10, 10, 10, 10, 10, 10, 1, 10, 10, 10, 10, 10, 10, 10, 10, 10, 10, 10, 10, 10, 11, 10, 3, 10, 10, 10, 10, 10, 10, 10, 10, 10, 10, 10, 10, 16, 10, 10, 10, 10, 10, 10, 10, 10, 10, 2, 10, 10, 
231: 1, 0, 0, 0, 10, 2, 10, 19, 10, 0, 0, 0, 1, 0, 0, 10, 10, 0, 0, 0, 10, 0, 0, 0, 10, 0, 0, 0, 0, 10, 0, 0, 0, 10, 1, 10, 10, 10, 10, 0, 0, 16, 10, 10, 0, 10, 10, 10, 10, 10, 0, 10, 10, 10, 0, 0, 0, 0, 0, 0, 10, 10, 10, 10, 0, 0, 10, 0, 10, 10, 10, 10, 1, 10, 0, 10, 10, 0, 10, 0, 10, 0, 10, 0, 10, 0, 0, 10, 10, 10, 0, 0, 10, 10, 0, 0, 0, 10, 10, 14, 0, 0, 0, 0, 10, 0, 10, 0, 4, 10, 0, 0, 0, 10, 0, 10, 10, 10, 0, 10, : 1, 10, 2, 10, 19, 10, 1, 10, 10, 10, 10, 10, 10, 1, 10, 10, 10, 10, 16, 10, 10, 10, 10, 10, 10, 10, 10, 10, 10, 10, 10, 10, 10, 10, 10, 10, 10, 10, 1, 10, 10, 10, 10, 10, 10, 10, 10, 10, 10, 10, 10, 10, 10, 14, 10, 10, 4, 10, 10, 10, 10, 10, 10, 
271: 0, 10, 10, 10, 0, 0, 0, 0, 10, 10, 10, 0, 0, 0, 0, 0, 0, 10, 0, 10, 0, 0, 10, 10, 0, 10, 0, 10, 10, 10, 10, 10, 10, 10, 10, 0, 0, 10, 0, 10, 10, 10, 0, 0, 0, 10, 0, 10, 10, 0, 10, 10, 0, 0, 10, 0, 0, 0, 10, 0, 10, 10, 10, 0, 0, 0, 10, 0, 10, 10, 0, 2, 0, 10, 10, 0, 0, 0, 10, 10, 0, 10, 0, 10, 10, 10, 0, 0, 0, 0, 2, 10, 10, 0, 10, 0, 10, 0, 10, 10, 10, 10, 0, 0, 0, 0, 10, 1, 10, 0, 0, 0, 0, 10, 10, 10, 0, 0, 0, 0, : 10, 10, 10, 10, 10, 10, 10, 10, 10, 10, 10, 10, 10, 10, 10, 10, 10, 10, 10, 10, 10, 10, 10, 10, 10, 10, 10, 10, 10, 10, 10, 10, 10, 10, 10, 10, 2, 10, 10, 10, 10, 10, 10, 10, 10, 2, 10, 10, 10, 10, 10, 10, 10, 10, 10, 1, 10, 10, 10, 10, 
168: 10, 10, 0, 10, 1, 10, 10, 0, 0, 10, 0, 0, 10, 0, 10, 10, 10, 10, 10, 10, 10, 8, 10, 0, 0, 10, 10, 0, 0, 10, 10, 10, 10, 0, 0, 0, 0, 10, 10, 10, 10, 10, 0, 10, 0, 0, 0, 0, 0, 0, 0, 10, 10, 0, 10, 0, 0, 0, 10, 10, 0, 0, 0, 10, 0, 0, 0, 0, 10, 0, 0, 10, 10, 10, 10, 0, 10, 10, 0, 0, 10, 10, 10, 10, 0, 10, 0, 0, 10, 10, 10, 10, 10, 0, 0, 10, 0, 0, 10, 10, 0, 10, 10, 0, 10, 10, 0, 10, 0, 10, 10, 10, 10, 10, 10, 0, 10, 0, 0, 10, : 10, 10, 10, 1, 10, 10, 10, 10, 10, 10, 10, 10, 10, 10, 10, 8, 10, 10, 10, 10, 10, 10, 10, 10, 10, 10, 10, 10, 10, 10, 10, 10, 10, 10, 10, 10, 10, 10, 10, 10, 10, 10, 10, 10, 10, 10, 10, 10, 10, 10, 10, 10, 10, 10, 10, 10, 10, 10, 10, 10, 10, 10, 10, 10, 10, 10, 10, 10, 
31: 10, 10, 0, 10, 0, 10, 10, 0, 10, 0, 0, 0, 0, 0, 0, 0, 10, 10, 0, 0, 0, 0, 10, 0, 0, 10, 0, 10, 10, 10, 0, 0, 0, 10, 20, 0, 10, 9, 0, 0, 0, 7, 10, 0, 10, 0, 0, 0, 10, 4, 0, 0, 3, 0, 0, 1, 10, 10, 0, 10, 0, 0, 10, 0, 0, 10, 10, 0, 0, 0, 0, 15, 10, 0, 0, 0, 0, 1, 10, 10, 0, 0, 0, 10, 10, 1, 10, 10, 10, 0, 10, 10, 10, 0, 0, 0, 0, 0, 0, 10, 0, 1, 10, 0, 10, 10, 10, 10, 10, 10, 0, 0, 0, 10, 0, 0, 0, 10, 10, 10, : 10, 10, 10, 10, 10, 10, 10, 10, 10, 10, 10, 10, 10, 10, 20, 10, 9, 7, 10, 10, 10, 4, 3, 1, 10, 10, 10, 10, 10, 10, 15, 10, 1, 10, 10, 10, 10, 1, 10, 10, 10, 10, 10, 10, 10, 1, 10, 10, 10, 10, 10, 10, 10, 10, 10, 10, 10, 
345: 10, 0, 0, 0, 0, 10, 0, 0, 0, 10, 10, 10, 10, 10, 10, 0, 10, 2, 0, 10, 0, 0, 10, 0, 10, 0, 0, 0, 10, 0, 12, 0, 0, 10, 10, 10, 10, 0, 0, 0, 1, 10, 10, 10, 10, 0, 10, 10, 10, 0, 1, 10, 10, 0, 0, 0, 10, 0, 0, 0, 0, 10, 0, 10, 10, 10, 0, 10, 10, 10, 10, 6, 0, 0, 0, 0, 10, 10, 10, 10, 18, 10, 10, 10, 10, 0, 0, 10, 10, 10, 10, 0, 0, 10, 10, 0, 0, 0, 10, 0, 10, 0, 10, 0, 10, 0, 0, 10, 0, 0, 0, 10, 10, 0, 10, 10, 10, 0, 10, 10, : 10, 10, 10, 10, 10, 10, 10, 10, 10, 2, 10, 10, 10, 10, 12, 10, 10, 10, 10, 1, 10, 10, 10, 10, 10, 10, 10, 1, 10, 10, 10, 10, 10, 10, 10, 10, 10, 10, 10, 6, 10, 10, 10, 10, 18, 10, 10, 10, 10, 10, 10, 10, 10, 10, 10, 10, 10, 10, 10, 10, 10, 10, 10, 10, 10, 10, 10, 
42: 0, 1, 10, 10, 10, 0, 10, 0, 0, 10, 2, 10, 10, 10, 0, 7, 0, 13, 0, 10, 0, 0, 10, 0, 10, 10, 10, 0, 0, 0, 10, 0, 0, 0, 10, 10, 0, 10, 10, 10, 0, 0, 0, 0, 0, 10, 0, 0, 0, 10, 10, 10, 0, 10, 10, 0, 0, 0, 0, 0, 0, 10, 10, 0, 0, 0, 1, 0, 0, 0, 0, 0, 0, 0, 10, 10, 10, 0, 10, 10, 0, 0, 0, 0, 0, 10, 10, 10, 10, 0, 10, 0, 10, 10, 0, 10, 0, 0, 0, 1, 10, 0, 10, 10, 0, 10, 0, 0, 0, 0, 10, 0, 0, 1, 10, 10, 10, 0, 0, 0, : 1, 10, 10, 10, 10, 10, 2, 10, 10, 10, 7, 13, 10, 10, 10, 10, 10, 10, 10, 10, 10, 10, 10, 10, 10, 10, 10, 10, 10, 10, 10, 1, 10, 10, 10, 10, 10, 10, 10, 10, 10, 10, 10, 10, 10, 1, 10, 10, 10, 10, 10, 1, 10, 10, 10, 
335: 0, 10, 0, 0, 10, 10, 10, 0, 10, 0, 0, 0, 0, 10, 10, 0, 0, 0, 0, 10, 0, 10, 0, 12, 0, 0, 0, 10, 0, 0, 0, 0, 10, 10, 0, 10, 10, 0, 0, 0, 0, 0, 10, 0, 10, 0, 10, 0, 10, 10, 0, 0, 0, 0, 0, 10, 10, 10, 10, 0, 10, 0, 10, 10, 0, 10, 0, 10, 0, 10, 0, 10, 10, 0, 10, 10, 0, 10, 0, 10, 0, 10, 10, 10, 10, 0, 0, 0, 13, 0, 10, 10, 0, 0, 10, 0, 10, 10, 0, 10, 0, 10, 10, 0, 0, 10, 0, 0, 13, 10, 10, 0, 0, 10, 10, 0, 10, 10, 10, 0, : 10, 10, 10, 10, 10, 10, 10, 10, 10, 12, 10, 10, 10, 10, 10, 10, 10, 10, 10, 10, 10, 10, 10, 10, 10, 10, 10, 10, 10, 10, 10, 10, 10, 10, 10, 10, 10, 10, 10, 10, 13, 10, 10, 10, 10, 10, 10, 10, 10, 10, 13, 10, 10, 10, 10, 10, 10, 10, 
258: 10, 10, 0, 10, 10, 0, 0, 10, 10, 10, 0, 0, 10, 10, 0, 10, 10, 0, 5, 10, 10, 10, 1, 10, 10, 0, 10, 4, 10, 0, 10, 10, 0, 10, 0, 0, 10, 0, 0, 0, 0, 10, 10, 10, 0, 0, 0, 10, 0, 10, 0, 10, 0, 10, 0, 0, 10, 10, 0, 10, 0, 10, 0, 10, 10, 0, 10, 0, 0, 0, 0, 0, 0, 10, 0, 10, 10, 0, 0, 0, 0, 0, 10, 10, 10, 10, 0, 10, 0, 0, 0, 10, 0, 0, 0, 10, 10, 10, 10, 10, 0, 0, 10, 0, 10, 0, 10, 0, 0, 10, 0, 0, 0, 0, 0, 10, 7, 10, 10, 0, : 10, 10, 10, 10, 10, 10, 10, 10, 10, 10, 10, 5, 10, 10, 10, 1, 10, 10, 10, 4, 10, 10, 10, 10, 10, 10, 10, 10, 10, 10, 10, 10, 10, 10, 10, 10, 10, 10, 10, 10, 10, 10, 10, 10, 10, 10, 10, 10, 10, 10, 10, 10, 10, 10, 10, 10, 10, 10, 7, 10, 10, 
156: 0, 10, 10, 0, 0, 10, 10, 16, 10, 0, 0, 19, 2, 0, 10, 0, 10, 10, 10, 0, 0, 10, 13, 0, 0, 0, 0, 0, 0, 0, 10, 10, 0, 10, 10, 0, 0, 0, 10, 0, 10, 0, 0, 0, 0, 10, 10, 10, 1, 0, 0, 0, 10, 10, 0, 0, 10, 0, 10, 0, 0, 0, 10, 10, 10, 0, 10, 0, 10, 10, 0, 10, 0, 0, 10, 1, 10, 0, 10, 10, 0, 0, 10, 10, 0, 10, 10, 0, 10, 0, 10, 10, 0, 0, 0, 0, 10, 0, 10, 10, 0, 0, 10, 0, 10, 0, 10, 0, 4, 0, 10, 10, 10, 0, 10, 5, 10, 0, 0, 10, : 10, 10, 10, 10, 16, 10, 19, 2, 10, 10, 10, 10, 10, 13, 10, 10, 10, 10, 10, 10, 10, 10, 10, 1, 10, 10, 10, 10, 10, 10, 10, 10, 10, 10, 10, 10, 1, 10, 10, 10, 10, 10, 10, 10, 10, 10, 10, 10, 10, 10, 10, 10, 10, 4, 10, 10, 10, 10, 5, 10, 10, 
203: 10, 10, 0, 0, 10, 0, 0, 0, 0, 10, 10, 10, 0, 0, 10, 0, 0, 0, 10, 0, 0, 10, 0, 10, 0, 3, 10, 10, 0, 0, 10, 10, 10, 0, 10, 10, 0, 10, 10, 0, 0, 10, 0, 10, 0, 10, 10, 0, 10, 0, 10, 17, 10, 0, 10, 0, 0, 10, 10, 0, 10, 10, 10, 0, 0, 10, 0, 10, 0, 10, 10, 0, 0, 0, 0, 1, 0, 0, 10, 0, 10, 0, 0, 9, 0, 0, 0, 10, 0, 0, 0, 10, 0, 10, 10, 0, 10, 10, 10, 0, 10, 10, 10, 10, 0, 0, 0, 0, 10, 0, 10, 0, 10, 0, 0, 10, 0, 10, 0, 0, : 10, 10, 10, 10, 10, 10, 10, 10, 10, 10, 3, 10, 10, 10, 10, 10, 10, 10, 10, 10, 10, 10, 10, 10, 10, 10, 17, 10, 10, 10, 10, 10, 10, 10, 10, 10, 10, 10, 1, 10, 10, 9, 10, 10, 10, 10, 10, 10, 10, 10, 10, 10, 10, 10, 10, 10, 10, 10, 
72: 10, 10, 0, 0, 0, 0, 10, 0, 10, 0, 0, 0, 10, 3, 20, 10, 0, 10, 10, 0, 10, 10, 10, 10, 10, 10, 10, 0, 0, 10, 10, 10, 0, 0, 10, 10, 0, 0, 10, 0, 0, 2, 10, 0, 0, 0, 10, 10, 10, 10, 0, 1, 0, 0, 10, 0, 0, 0, 0, 6, 0, 0, 10, 10, 0, 0, 0, 0, 0, 0, 8, 0, 0, 10, 0, 0, 0, 0, 0, 0, 0, 10, 10, 0, 0, 10, 10, 0, 0, 0, 10, 10, 0, 10, 10, 0, 0, 0, 10, 0, 10, 2, 0, 0, 0, 10, 10, 0, 0, 0, 1, 10, 10, 10, 0, 10, 0, 0, 10, 10, : 10, 10, 10, 10, 10, 3, 20, 10, 10, 10, 10, 10, 10, 10, 10, 10, 10, 10, 10, 10, 10, 10, 10, 2, 10, 10, 10, 10, 10, 1, 10, 6, 10, 10, 8, 10, 10, 10, 10, 10, 10, 10, 10, 10, 10, 10, 2, 10, 10, 1, 10, 10, 10, 10, 10, 10, 
372: 10, 0, 0, 10, 10, 10, 0, 0, 10, 0, 0, 0, 0, 0, 0, 1, 0, 0, 1, 0, 10, 0, 0, 0, 10, 3, 10, 10, 10, 0, 10, 0, 10, 0, 0, 10, 0, 0, 0, 10, 10, 0, 0, 0, 0, 10, 10, 0, 0, 10, 10, 10, 10, 10, 0, 10, 10, 0, 10, 10, 0, 10, 10, 10, 10, 0, 0, 10, 10, 10, 0, 0, 10, 0, 0, 10, 10, 4, 10, 10, 1, 10, 0, 10, 0, 0, 10, 0, 0, 0, 10, 0, 10, 0, 10, 0, 10, 10, 0, 0, 10, 10, 0, 10, 0, 10, 10, 10, 0, 0, 10, 10, 6, 10, 10, 10, 10, 0, 10, 10, : 10, 10, 10, 10, 10, 1, 1, 10, 10, 3, 10, 10, 10, 10, 10, 10, 10, 10, 10, 10, 10, 10, 10, 10, 10, 10, 10, 10, 10, 10, 10, 10, 10, 10, 10, 10, 10, 10, 10, 4, 10, 10, 1, 10, 10, 10, 10, 10, 10, 10, 10, 10, 10, 10, 10, 10, 10, 10, 10, 6, 10, 10, 10, 10, 10, 10, 
386: 10, 10, 0, 0, 10, 0, 10, 0, 0, 0, 0, 10, 10, 0, 4, 10, 10, 10, 0, 0, 10, 0, 10, 0, 0, 10, 10, 1, 10, 0, 10, 0, 10, 0, 10, 0, 10, 10, 10, 10, 10, 10, 13, 10, 10, 0, 10, 0, 0, 0, 10, 0, 0, 0, 10, 10, 10, 0, 0, 1, 10, 10, 1, 10, 10, 10, 6, 0, 0, 0, 10, 10, 0, 10, 6, 0, 10, 17, 10, 0, 0, 0, 0, 0, 10, 10, 10, 10, 0, 10, 0, 0, 10, 0, 0, 10, 10, 10, 10, 0, 10, 10, 0, 10, 0, 0, 0, 10, 0, 10, 0, 0, 10, 10, 10, 0, 0, 10, 10, 3, : 10, 10, 10, 10, 10, 10, 4, 10, 10, 10, 10, 10, 10, 10, 1, 10, 10, 10, 10, 10, 10, 10, 10, 10, 10, 13, 10, 10, 10, 10, 10, 10, 10, 1, 10, 10, 1, 10, 10, 10, 6, 10, 10, 10, 6, 10, 17, 10, 10, 10, 10, 10, 10, 10, 10, 10, 10, 10, 10, 10, 10, 10, 10, 10, 10, 10, 10, 10, 3, 
19: 10, 10, 10, 0, 10, 10, 10, 10, 0, 0, 10, 10, 0, 10, 10, 0, 0, 0, 10, 0, 10, 0, 0, 10, 0, 10, 0, 0, 10, 0, 0, 10, 10, 10, 0, 10, 0, 10, 0, 10, 10, 0, 0, 0, 10, 0, 10, 10, 0, 10, 0, 10, 0, 10, 0, 0, 0, 0, 0, 10, 0, 10, 0, 0, 0, 10, 10, 0, 10, 0, 0, 0, 10, 10, 0, 0, 0, 0, 10, 0, 0, 0, 0, 10, 0, 0, 10, 10, 10, 0, 0, 10, 10, 0, 10, 0, 10, 0, 10, 10, 10, 0, 10, 10, 10, 0, 10, 0, 10, 10, 10, 10, 0, 2, 1, 10, 10, 10, 1, 10, : 10, 10, 10, 10, 10, 10, 10, 10, 10, 10, 10, 10, 10, 10, 10, 10, 10, 10, 10, 10, 10, 10, 10, 10, 10, 10, 10, 10, 10, 10, 10, 10, 10, 10, 10, 10, 10, 10, 10, 10, 10, 10, 10, 10, 10, 10, 10, 10, 10, 10, 10, 10, 10, 10, 10, 10, 2, 1, 10, 10, 10, 1, 10, 
206: 10, 6, 10, 10, 0, 0, 0, 10, 10, 10, 0, 10, 10, 10, 0, 10, 0, 0, 0, 0, 0, 0, 0, 0, 0, 0, 0, 0, 10, 10, 10, 10, 0, 0, 10, 0, 0, 0, 0, 10, 0, 10, 10, 10, 10, 0, 5, 10, 10, 10, 10, 0, 0, 10, 10, 10, 0, 10, 10, 10, 0, 0, 10, 10, 10, 0, 0, 0, 10, 10, 0, 10, 10, 0, 0, 10, 0, 10, 0, 10, 0, 0, 10, 0, 0, 0, 10, 0, 10, 10, 10, 0, 10, 1, 10, 0, 0, 0, 10, 10, 10, 10, 10, 10, 0, 0, 10, 10, 10, 0, 10, 0, 10, 10, 0, 10, 10, 0, 0, 0, : 10, 6, 10, 10, 10, 10, 10, 10, 10, 10, 10, 10, 10, 10, 10, 10, 10, 10, 10, 10, 10, 5, 10, 10, 10, 10, 10, 10, 10, 10, 10, 10, 10, 10, 10, 10, 10, 10, 10, 10, 10, 10, 10, 10, 10, 10, 10, 10, 1, 10, 10, 10, 10, 10, 10, 10, 10, 10, 10, 10, 10, 10, 10, 10, 
9: 0, 10, 0, 1, 0, 0, 10, 4, 0, 0, 0, 0, 10, 10, 0, 10, 10, 10, 10, 10, 0, 0, 10, 10, 0, 10, 0, 10, 10, 10, 10, 0, 0, 0, 0, 10, 0, 5, 10, 0, 0, 0, 10, 10, 10, 10, 0, 10, 0, 0, 10, 10, 0, 10, 0, 2, 10, 4, 10, 10, 0, 10, 0, 10, 10, 1, 0, 0, 0, 10, 10, 10, 0, 0, 10, 10, 0, 10, 0, 10, 0, 0, 10, 0, 0, 0, 10, 10, 10, 10, 0, 0, 0, 0, 10, 0, 10, 0, 10, 10, 10, 0, 0, 10, 0, 0, 10, 10, 10, 10, 0, 16, 10, 10, 10, 10, 10, 10, 10, 0, : 10, 1, 10, 4, 10, 10, 10, 10, 10, 10, 10, 10, 10, 10, 10, 10, 10, 10, 10, 5, 10, 10, 10, 10, 10, 10, 10, 10, 10, 2, 10, 4, 10, 10, 10, 10, 10, 1, 10, 10, 10, 10, 10, 10, 10, 10, 10, 10, 10, 10, 10, 10, 10, 10, 10, 10, 10, 10, 10, 10, 16, 10, 10, 10, 10, 10, 10, 10, 
324: 0, 0, 10, 10, 0, 10, 0, 10, 0, 10, 0, 0, 0, 10, 10, 10, 10, 0, 0, 10, 0, 0, 10, 10, 0, 10, 0, 0, 1, 10, 0, 0, 0, 10, 0, 10, 0, 10, 10, 10, 0, 10, 0, 0, 2, 10, 10, 10, 10, 10, 10, 0, 10, 10, 0, 0, 10, 0, 10, 10, 0, 0, 10, 10, 0, 0, 0, 0, 0, 10, 0, 10, 0, 0, 10, 10, 10, 0, 10, 10, 10, 10, 0, 0, 0, 0, 0, 10, 10, 10, 10, 10, 0, 10, 10, 0, 0, 10, 0, 10, 0, 10, 0, 10, 0, 10, 10, 10, 10, 10, 10, 0, 10, 0, 10, 10, 10, 10, 10, 0, : 10, 10, 10, 10, 10, 10, 10, 10, 10, 10, 10, 10, 10, 1, 10, 10, 10, 10, 10, 10, 10, 2, 10, 10, 10, 10, 10, 10, 10, 10, 10, 10, 10, 10, 10, 10, 10, 10, 10, 10, 10, 10, 10, 10, 10, 10, 10, 10, 10, 10, 10, 10, 10, 10, 10, 10, 10, 10, 10, 10, 10, 10, 10, 10, 10, 10, 10, 
53: 0, 0, 10, 10, 1, 0, 10, 0, 10, 10, 0, 10, 0, 0, 10, 0, 0, 10, 10, 0, 10, 10, 10, 0, 0, 10, 10, 0, 0, 0, 0, 0, 10, 0, 0, 0, 10, 0, 0, 10, 10, 10, 0, 0, 0, 10, 0, 0, 10, 0, 0, 0, 10, 10, 10, 0, 1, 0, 0, 10, 0, 10, 10, 2, 10, 0, 0, 11, 10, 10, 0, 0, 10, 10, 0, 0, 4, 0, 10, 0, 1, 0, 10, 0, 10, 0, 10, 6, 0, 10, 10, 0, 10, 0, 0, 0, 0, 0, 0, 10, 0, 10, 0, 0, 10, 5, 0, 0, 10, 0, 0, 10, 0, 10, 0, 0, 0, 10, 0, 0, : 10, 10, 1, 10, 10, 10, 10, 10, 10, 10, 10, 10, 10, 10, 10, 10, 10, 10, 10, 10, 10, 10, 10, 10, 10, 1, 10, 10, 10, 2, 10, 11, 10, 10, 10, 10, 4, 10, 1, 10, 10, 10, 6, 10, 10, 10, 10, 10, 10, 5, 10, 10, 10, 10, 
6: 0, 0, 0, 10, 10, 10, 10, 0, 0, 0, 0, 10, 10, 10, 0, 10, 0, 10, 0, 0, 11, 10, 0, 0, 10, 0, 10, 10, 0, 5, 10, 10, 0, 0, 10, 10, 0, 0, 0, 0, 0, 10, 0, 10, 10, 0, 0, 10, 10, 10, 0, 0, 10, 10, 0, 0, 10, 0, 10, 10, 10, 10, 10, 0, 10, 10, 0, 0, 10, 0, 0, 0, 0, 0, 0, 0, 10, 0, 10, 10, 10, 10, 0, 2, 13, 10, 10, 0, 10, 10, 10, 0, 0, 10, 10, 0, 0, 10, 0, 0, 0, 10, 10, 0, 0, 0, 0, 10, 10, 0, 10, 10, 0, 0, 10, 0, 0, 0, 0, 0, : 10, 10, 10, 10, 10, 10, 10, 10, 10, 11, 10, 10, 10, 10, 5, 10, 10, 10, 10, 10, 10, 10, 10, 10, 10, 10, 10, 10, 10, 10, 10, 10, 10, 10, 10, 10, 10, 10, 10, 10, 10, 2, 13, 10, 10, 10, 10, 10, 10, 10, 10, 10, 10, 10, 10, 10, 10, 10, 
239: 0, 10, 0, 10, 10, 10, 0, 10, 0, 10, 10, 0, 0, 0, 0, 0, 0, 10, 10, 0, 0, 10, 0, 0, 10, 10, 0, 10, 10, 10, 0, 0, 10, 0, 10, 0, 0, 10, 0, 0, 10, 0, 10, 0, 18, 10, 10, 0, 10, 10, 10, 0, 10, 10, 10, 0, 10, 0, 0, 10, 10, 0, 10, 10, 0, 10, 0, 0, 3, 0, 0, 10, 0, 10, 10, 10, 0, 10, 10, 0, 0, 1, 0, 10, 10, 10, 10, 0, 10, 10, 0, 0, 10, 0, 10, 0, 10, 0, 10, 0, 0, 0, 0, 10, 10, 10, 10, 0, 0, 10, 0, 10, 2, 1, 0, 10, 0, 0, 0, 0, : 10, 10, 10, 10, 10, 10, 10, 10, 10, 10, 10, 10, 10, 10, 10, 10, 10, 10, 10, 10, 18, 10, 10, 10, 10, 10, 10, 10, 10, 10, 10, 10, 10, 10, 10, 3, 10, 10, 10, 10, 10, 10, 1, 10, 10, 10, 10, 10, 10, 10, 10, 10, 10, 10, 10, 10, 10, 10, 10, 2, 1, 10, 
375: 10, 10, 10, 10, 0, 0, 0, 0, 9, 0, 10, 0, 10, 0, 10, 10, 8, 10, 0, 10, 0, 0, 10, 10, 0, 0, 0, 10, 0, 10, 0, 10, 0, 0, 10, 0, 0, 0, 0, 0, 4, 10, 10, 10, 10, 10, 10, 10, 10, 0, 0, 10, 0, 0, 0, 10, 10, 0, 0, 0, 10, 0, 0, 0, 17, 5, 10, 0, 0, 0, 10, 0, 10, 10, 0, 0, 0, 0, 10, 0, 10, 4, 0, 0, 16, 10, 0, 10, 0, 10, 0, 0, 0, 10, 10, 0, 10, 10, 0, 10, 10, 10, 10, 10, 10, 0, 0, 0, 0, 0, 0, 10, 0, 10, 0, 10, 10, 10, 10, 0, : 10, 10, 10, 10, 9, 10, 10, 10, 10, 8, 10, 10, 10, 10, 10, 10, 10, 10, 4, 10, 10, 10, 10, 10, 10, 10, 10, 10, 10, 10, 10, 17, 5, 10, 10, 10, 10, 10, 10, 4, 16, 10, 10, 10, 10, 10, 10, 10, 10, 10, 10, 10, 10, 10, 10, 10, 10, 10, 10, 10, 
225: 0, 10, 0, 10, 0, 0, 10, 10, 10, 0, 0, 0, 10, 0, 10, 0, 10, 0, 0, 0, 10, 0, 0, 10, 0, 10, 10, 0, 0, 10, 0, 0, 0, 10, 0, 0, 6, 0, 10, 0, 10, 10, 4, 10, 0, 10, 10, 0, 0, 0, 10, 0, 0, 10, 0, 0, 0, 0, 18, 0, 0, 10, 0, 10, 10, 0, 10, 10, 10, 10, 10, 10, 0, 10, 0, 0, 10, 10, 10, 0, 10, 10, 0, 10, 0, 10, 0, 8, 0, 0, 0, 0, 0, 0, 0, 10, 0, 0, 10, 0, 0, 10, 10, 0, 10, 0, 0, 10, 0, 0, 0, 10, 0, 10, 0, 0, 10, 0, 10, 0, : 10, 10, 10, 10, 10, 10, 10, 10, 10, 10, 10, 10, 10, 10, 6, 10, 10, 10, 4, 10, 10, 10, 10, 10, 18, 10, 10, 10, 10, 10, 10, 10, 10, 10, 10, 10, 10, 10, 10, 10, 10, 10, 8, 10, 10, 10, 10, 10, 10, 10, 10, 10, 10, 
287: 0, 0, 10, 0, 10, 10, 0, 0, 10, 0, 10, 10, 10, 10, 0, 10, 0, 10, 10, 10, 10, 0, 10, 0, 0, 10, 0, 0, 10, 0, 10, 0, 10, 10, 10, 10, 10, 0, 10, 10, 10, 0, 0, 0, 0, 10, 0, 0, 10, 10, 10, 0, 10, 10, 0, 10, 0, 0, 10, 10, 0, 10, 10, 10, 19, 0, 0, 0, 0, 0, 0, 0, 10, 10, 10, 10, 0, 10, 0, 0, 0, 0, 0, 10, 0, 2, 0, 0, 0, 1, 0, 0, 10, 9, 10, 10, 10, 10, 10, 10, 10, 0, 0, 10, 0, 0, 10, 10, 0, 10, 0, 4, 0, 10, 0, 1, 0, 10, 0, 0, : 10, 10, 10, 10, 10, 10, 10, 10, 10, 10, 10, 10, 10, 10, 10, 10, 10, 10, 10, 10, 10, 10, 10, 10, 10, 10, 10, 10, 10, 10, 10, 10, 10, 10, 10, 10, 10, 19, 10, 10, 10, 10, 10, 10, 2, 1, 10, 9, 10, 10, 10, 10, 10, 10, 10, 10, 10, 10, 10, 4, 10, 1, 10, 
187: 10, 0, 10, 0, 10, 0, 0, 10, 0, 0, 0, 0, 10, 10, 10, 10, 10, 0, 10, 0, 0, 10, 5, 0, 1, 0, 10, 10, 0, 0, 10, 10, 0, 0, 0, 10, 10, 10, 0, 10, 0, 10, 0, 10, 10, 0, 10, 10, 0, 10, 0, 0, 10, 2, 0, 10, 0, 0, 0, 10, 0, 0, 10, 0, 10, 0, 10, 0, 10, 0, 10, 10, 0, 10, 10, 10, 0, 10, 10, 0, 0, 10, 0, 10, 0, 0, 10, 0, 0, 0, 3, 10, 10, 10, 0, 10, 10, 10, 0, 0, 10, 10, 0, 10, 0, 10, 10, 10, 0, 10, 0, 10, 10, 0, 10, 0, 10, 0, 10, 10, : 10, 10, 10, 10, 10, 10, 10, 10, 10, 10, 10, 5, 1, 10, 10, 10, 10, 10, 10, 10, 10, 10, 10, 10, 10, 10, 10, 10, 2, 10, 10, 10, 10, 10, 10, 10, 10, 10, 10, 10, 10, 10, 10, 10, 10, 3, 10, 10, 10, 10, 10, 10, 10, 10, 10, 10, 10, 10, 10, 10, 10, 10, 10, 10, 10, 
274: 10, 0, 2, 0, 0, 0, 14, 10, 10, 10, 10, 0, 10, 0, 0, 0, 0, 0, 10, 10, 10, 10, 0, 10, 10, 0, 0, 0, 10, 10, 10, 10, 10, 0, 0, 3, 0, 9, 0, 0, 0, 0, 0, 0, 0, 10, 0, 10, 10, 10, 0, 1, 0, 10, 0, 0, 10, 10, 0, 0, 10, 10, 1, 10, 0, 10, 3, 0, 0, 10, 10, 0, 10, 10, 6, 10, 10, 10, 0, 0, 0, 10, 10, 0, 10, 10, 10, 10, 0, 0, 10, 0, 10, 10, 0, 0, 0, 10, 0, 10, 0, 16, 10, 10, 10, 0, 0, 10, 10, 10, 0, 0, 10, 10, 10, 10, 10, 10, 0, 10, : 10, 2, 14, 10, 10, 10, 10, 10, 10, 10, 10, 10, 10, 10, 10, 10, 10, 10, 10, 3, 9, 10, 10, 10, 10, 1, 10, 10, 10, 10, 10, 1, 10, 10, 3, 10, 10, 10, 10, 6, 10, 10, 10, 10, 10, 10, 10, 10, 10, 10, 10, 10, 10, 10, 16, 10, 10, 10, 10, 10, 10, 10, 10, 10, 10, 10, 10, 10, 
158: 0, 10, 0, 10, 10, 10, 10, 10, 10, 0, 0, 10, 10, 10, 10, 10, 10, 7, 0, 10, 10, 0, 0, 0, 0, 10, 10, 0, 10, 10, 0, 10, 0, 0, 0, 0, 10, 10, 10, 0, 10, 0, 0, 0, 10, 0, 0, 0, 10, 0, 0, 0, 10, 1, 0, 10, 1, 10, 10, 10, 10, 0, 0, 10, 10, 10, 0, 19, 10, 10, 10, 10, 0, 10, 10, 3, 10, 0, 10, 10, 0, 0, 0, 10, 2, 0, 4, 0, 0, 10, 0, 10, 0, 0, 0, 0, 0, 0, 10, 10, 0, 2, 0, 0, 0, 0, 10, 0, 10, 10, 10, 10, 10, 10, 0, 0, 10, 1, 0, 10, : 10, 10, 10, 10, 10, 10, 10, 10, 10, 10, 10, 10, 10, 7, 10, 10, 10, 10, 10, 10, 10, 10, 10, 10, 10, 10, 10, 10, 1, 10, 1, 10, 10, 10, 10, 10, 10, 10, 19, 10, 10, 10, 10, 10, 10, 3, 10, 10, 10, 10, 2, 4, 10, 10, 10, 10, 2, 10, 10, 10, 10, 10, 10, 10, 10, 1, 10, 
69: 10, 0, 10, 0, 10, 10, 10, 0, 0, 10, 0, 0, 0, 10, 0, 10, 10, 0, 10, 0, 10, 10, 10, 1, 10, 10, 10, 0, 0, 0, 0, 0, 10, 0, 0, 0, 0, 10, 0, 10, 10, 0, 10, 10, 0, 10, 0, 10, 0, 0, 10, 0, 0, 0, 0, 10, 10, 10, 0, 0, 10, 10, 0, 10, 0, 0, 10, 0, 0, 0, 0, 0, 0, 0, 0, 10, 0, 0, 10, 10, 0, 0, 0, 10, 10, 10, 0, 0, 0, 0, 0, 0, 2, 0, 9, 10, 0, 10, 0, 0, 0, 10, 0, 10, 0, 10, 0, 0, 0, 0, 10, 0, 2, 10, 0, 0, 0, 10, 0, 10, : 10, 10, 10, 10, 10, 10, 10, 10, 10, 10, 10, 10, 10, 1, 10, 10, 10, 10, 10, 10, 10, 10, 10, 10, 10, 10, 10, 10, 10, 10, 10, 10, 10, 10, 10, 10, 10, 10, 10, 2, 9, 10, 10, 10, 10, 10, 10, 2, 10, 10, 10, 
185: 10, 0, 0, 10, 0, 13, 0, 0, 0, 10, 10, 10, 0, 10, 0, 0, 10, 0, 20, 10, 0, 0, 10, 0, 10, 0, 10, 0, 10, 10, 10, 0, 10, 10, 6, 0, 15, 0, 0, 10, 10, 0, 10, 10, 10, 0, 0, 10, 0, 0, 10, 10, 10, 0, 10, 10, 10, 0, 10, 10, 10, 10, 10, 10, 10, 10, 0, 0, 10, 0, 0, 0, 0, 10, 10, 10, 0, 10, 0, 10, 10, 10, 0, 0, 0, 0, 10, 0, 0, 0, 0, 10, 0, 0, 0, 10, 2, 10, 0, 0, 0, 0, 0, 0, 0, 0, 10, 10, 0, 0, 0, 10, 0, 0, 0, 10, 0, 0, 10, 10, : 10, 10, 13, 10, 10, 10, 10, 10, 20, 10, 10, 10, 10, 10, 10, 10, 10, 10, 6, 15, 10, 10, 10, 10, 10, 10, 10, 10, 10, 10, 10, 10, 10, 10, 10, 10, 10, 10, 10, 10, 10, 10, 10, 10, 10, 10, 10, 10, 10, 10, 10, 2, 10, 10, 10, 10, 10, 10, 10, 
388: 10, 10, 0, 0, 0, 0, 10, 10, 0, 10, 10, 10, 0, 0, 0, 0, 0, 10, 10, 0, 10, 0, 0, 0, 0, 10, 10, 10, 10, 0, 10, 0, 0, 10, 10, 10, 10, 10, 0, 0, 10, 0, 6, 10, 0, 10, 0, 10, 0, 10, 0, 10, 10, 10, 0, 14, 0, 0, 0, 0, 10, 1, 10, 10, 10, 10, 10, 10, 10, 10, 10, 0, 0, 0, 0, 10, 0, 2, 10, 0, 10, 0, 0, 10, 0, 10, 0, 10, 10, 10, 10, 0, 10, 10, 0, 0, 0, 10, 10, 0, 10, 0, 0, 10, 0, 10, 1, 4, 0, 10, 10, 0, 0, 10, 0, 0, 0, 0, 0, 0, : 10, 10, 10, 10, 10, 10, 10, 10, 10, 10, 10, 10, 10, 10, 10, 10, 10, 10, 10, 10, 10, 6, 10, 10, 10, 10, 10, 10, 10, 14, 10, 1, 10, 10, 10, 10, 10, 10, 10, 10, 10, 10, 2, 10, 10, 10, 10, 10, 10, 10, 10, 10, 10, 10, 10, 10, 10, 10, 1, 4, 10, 10, 10, 
102: 0, 5, 0, 0, 10, 0, 10, 1, 10, 0, 10, 0, 19, 0, 0, 0, 0, 1, 15, 1, 0, 10, 10, 0, 0, 0, 10, 10, 0, 10, 10, 10, 0, 0, 0, 0, 10, 10, 0, 0, 10, 10, 0, 0, 19, 0, 0, 0, 10, 0, 10, 10, 0, 0, 0, 10, 10, 10, 0, 0, 10, 10, 0, 10, 0, 10, 0, 0, 10, 3, 0, 0, 0, 10, 10, 0, 0, 0, 0, 10, 10, 10, 0, 0, 10, 0, 10, 0, 10, 10, 10, 0, 0, 0, 10, 0, 10, 0, 10, 10, 10, 0, 0, 0, 0, 10, 0, 0, 0, 10, 10, 10, 10, 0, 0, 0, 10, 0, 0, 10, : 5, 10, 10, 1, 10, 10, 19, 1, 15, 1, 10, 10, 10, 10, 10, 10, 10, 10, 10, 10, 10, 19, 10, 10, 10, 10, 10, 10, 10, 10, 10, 10, 10, 3, 10, 10, 10, 10, 10, 10, 10, 10, 10, 10, 10, 10, 10, 10, 10, 10, 10, 10, 10, 10, 10, 10, 
199: 10, 10, 10, 0, 0, 0, 10, 0, 7, 10, 0, 10, 0, 0, 10, 0, 10, 0, 10, 10, 10, 10, 0, 10, 10, 0, 10, 10, 0, 0, 1, 0, 10, 0, 10, 0, 10, 10, 0, 10, 0, 0, 10, 0, 0, 10, 10, 0, 0, 10, 0, 10, 10, 0, 1, 10, 0, 10, 0, 0, 0, 10, 0, 0, 0, 0, 10, 10, 0, 0, 0, 10, 16, 10, 0, 10, 10, 10, 0, 10, 10, 0, 10, 10, 10, 0, 0, 10, 10, 0, 0, 0, 10, 10, 10, 10, 10, 0, 0, 10, 0, 10, 0, 0, 10, 0, 0, 0, 10, 0, 0, 10, 0, 0, 10, 8, 10, 10, 10, 12, : 10, 10, 10, 10, 7, 10, 10, 10, 10, 10, 10, 10, 10, 10, 10, 10, 10, 1, 10, 10, 10, 10, 10, 10, 10, 10, 10, 10, 10, 1, 10, 10, 10, 10, 10, 10, 16, 10, 10, 10, 10, 10, 10, 10, 10, 10, 10, 10, 10, 10, 10, 10, 10, 10, 10, 10, 10, 10, 10, 8, 10, 10, 10, 12, 
84: 10, 10, 10, 10, 10, 0, 10, 0, 10, 10, 10, 0, 0, 0, 10, 0, 0, 10, 10, 0, 10, 0, 6, 10, 0, 0, 10, 10, 0, 10, 0, 10, 0, 0, 10, 10, 0, 10, 0, 10, 10, 10, 0, 0, 0, 10, 0, 0, 0, 10, 0, 0, 10, 0, 0, 0, 0, 0, 0, 0, 10, 0, 10, 2, 0, 0, 0, 10, 10, 0, 0, 10, 10, 10, 0, 10, 10, 0, 10, 0, 10, 10, 10, 0, 0, 10, 10, 10, 10, 0, 10, 5, 10, 0, 0, 10, 0, 0, 10, 0, 10, 10, 10, 0, 0, 0, 0, 10, 0, 0, 0, 0, 10, 0, 0, 10, 0, 10, 10, 10, : 10, 10, 10, 10, 10, 10, 10, 10, 10, 10, 10, 10, 10, 6, 10, 10, 10, 10, 10, 10, 10, 10, 10, 10, 10, 10, 10, 10, 10, 10, 2, 10, 10, 10, 10, 10, 10, 10, 10, 10, 10, 10, 10, 10, 10, 10, 10, 5, 10, 10, 10, 10, 10, 10, 10, 10, 10, 10, 10, 10, 
201: 0, 0, 10, 0, 0, 10, 0, 0, 10, 10, 10, 0, 0, 0, 10, 3, 0, 0, 0, 0, 10, 10, 10, 0, 10, 10, 0, 10, 2, 10, 0, 0, 0, 0, 0, 0, 10, 0, 0, 10, 10, 0, 10, 0, 10, 0, 0, 5, 10, 0, 10, 10, 10, 0, 0, 10, 4, 10, 10, 10, 10, 10, 0, 10, 0, 0, 10, 3, 10, 10, 0, 10, 10, 0, 10, 10, 0, 10, 0, 0, 0, 0, 10, 0, 1, 10, 0, 10, 0, 0, 0, 0, 0, 10, 0, 10, 0, 0, 10, 0, 10, 0, 10, 10, 0, 10, 0, 0, 0, 10, 10, 1, 10, 10, 10, 0, 0, 0, 3, 0, : 10, 10, 10, 10, 10, 10, 3, 10, 10, 10, 10, 10, 10, 2, 10, 10, 10, 10, 10, 10, 5, 10, 10, 10, 10, 10, 4, 10, 10, 10, 10, 10, 10, 10, 3, 10, 10, 10, 10, 10, 10, 10, 10, 1, 10, 10, 10, 10, 10, 10, 10, 10, 10, 10, 10, 1, 10, 10, 10, 3, 
25: 0, 0, 10, 0, 0, 10, 1, 0, 10, 10, 0, 10, 0, 10, 1, 0, 10, 10, 0, 10, 10, 0, 0, 0, 0, 16, 0, 10, 10, 10, 0, 0, 10, 0, 10, 10, 10, 0, 0, 10, 10, 0, 10, 10, 0, 0, 10, 0, 0, 0, 10, 0, 10, 0, 10, 1, 10, 10, 10, 0, 10, 10, 0, 10, 10, 10, 10, 0, 0, 0, 0, 10, 10, 0, 10, 0, 10, 0, 0, 0, 0, 10, 10, 10, 0, 0, 0, 10, 0, 0, 0, 10, 10, 0, 0, 10, 10, 10, 10, 10, 10, 0, 10, 6, 0, 10, 0, 10, 0, 10, 10, 10, 0, 0, 0, 10, 10, 10, 0, 10, : 10, 10, 1, 10, 10, 10, 10, 1, 10, 10, 10, 10, 16, 10, 10, 10, 10, 10, 10, 10, 10, 10, 10, 10, 10, 10, 10, 10, 1, 10, 10, 10, 10, 10, 10, 10, 10, 10, 10, 10, 10, 10, 10, 10, 10, 10, 10, 10, 10, 10, 10, 10, 10, 10, 10, 6, 10, 10, 10, 10, 10, 10, 10, 10, 10, 
325: 10, 10, 5, 10, 10, 0, 10, 10, 0, 0, 10, 0, 0, 0, 0, 10, 10, 0, 0, 10, 0, 0, 0, 10, 0, 10, 0, 0, 10, 10, 0, 0, 0, 10, 0, 10, 0, 0, 10, 10, 0, 0, 2, 10, 10, 0, 10, 0, 1, 0, 1, 10, 10, 19, 10, 10, 10, 10, 0, 0, 10, 0, 10, 10, 10, 0, 10, 10, 10, 0, 0, 0, 0, 0, 6, 10, 10, 0, 10, 0, 0, 0, 0, 10, 0, 0, 0, 10, 10, 10, 0, 0, 0, 10, 0, 0, 0, 10, 0, 0, 0, 0, 0, 0, 0, 10, 10, 10, 10, 0, 0, 0, 0, 10, 10, 10, 0, 10, 0, 0, : 10, 10, 5, 10, 10, 10, 10, 10, 10, 10, 10, 10, 10, 10, 10, 10, 10, 10, 10, 2, 10, 10, 10, 1, 1, 10, 10, 19, 10, 10, 10, 10, 10, 10, 10, 10, 10, 10, 10, 6, 10, 10, 10, 10, 10, 10, 10, 10, 10, 10, 10, 10, 10, 10, 10, 10, 10, 
200: 10, 10, 10, 10, 0, 0, 10, 10, 10, 0, 10, 10, 10, 0, 0, 10, 10, 0, 0, 0, 0, 0, 10, 10, 10, 10, 10, 10, 10, 0, 10, 0, 10, 0, 0, 0, 10, 0, 10, 10, 0, 10, 10, 10, 10, 10, 0, 10, 10, 10, 10, 0, 2, 0, 0, 0, 10, 0, 10, 1, 10, 0, 10, 10, 0, 0, 1, 10, 10, 0, 10, 0, 10, 0, 0, 10, 1, 0, 0, 10, 10, 10, 10, 0, 10, 0, 0, 0, 2, 0, 0, 0, 0, 0, 0, 10, 0, 10, 10, 10, 0, 10, 0, 0, 0, 10, 19, 10, 10, 10, 10, 1, 0, 0, 0, 10, 0, 10, 10, 10, : 10, 10, 10, 10, 10, 10, 10, 10, 10, 10, 10, 10, 10, 10, 10, 10, 10, 10, 10, 10, 10, 10, 10, 10, 10, 10, 10, 10, 10, 10, 10, 10, 10, 2, 10, 10, 1, 10, 10, 10, 1, 10, 10, 10, 10, 10, 1, 10, 10, 10, 10, 10, 2, 10, 10, 10, 10, 10, 10, 19, 10, 10, 10, 10, 1, 10, 10, 10, 10, 
81: 10, 0, 10, 0, 10, 0, 0, 0, 10, 10, 10, 10, 10, 0, 10, 0, 0, 10, 0, 10, 0, 10, 10, 10, 0, 10, 0, 0, 10, 10, 0, 0, 0, 10, 0, 10, 0, 10, 10, 10, 6, 10, 10, 0, 10, 0, 9, 10, 10, 0, 10, 2, 0, 10, 0, 10, 0, 10, 6, 0, 10, 0, 3, 10, 10, 10, 0, 10, 0, 10, 10, 10, 0, 10, 0, 10, 10, 0, 0, 0, 10, 10, 0, 10, 0, 10, 10, 1, 0, 10, 10, 10, 10, 0, 10, 0, 0, 0, 0, 10, 0, 0, 0, 0, 10, 10, 10, 0, 0, 10, 0, 10, 10, 10, 10, 0, 0, 0, 0, 0, : 10, 10, 10, 10, 10, 10, 10, 10, 10, 10, 10, 10, 10, 10, 10, 10, 10, 10, 10, 10, 10, 10, 6, 10, 10, 10, 9, 10, 10, 10, 2, 10, 10, 10, 6, 10, 3, 10, 10, 10, 10, 10, 10, 10, 10, 10, 10, 10, 10, 10, 10, 10, 1, 10, 10, 10, 10, 10, 10, 10, 10, 10, 10, 10, 10, 10, 10, 
178: 0, 10, 10, 0, 3, 0, 0, 0, 0, 3, 0, 10, 0, 19, 0, 10, 10, 10, 0, 10, 0, 10, 0, 0, 0, 10, 0, 10, 0, 10, 2, 10, 10, 10, 0, 10, 0, 0, 6, 0, 10, 10, 10, 0, 0, 10, 10, 0, 2, 10, 0, 10, 10, 0, 10, 0, 10, 10, 10, 10, 10, 10, 0, 0, 1, 10, 10, 10, 10, 10, 10, 10, 2, 1, 10, 0, 0, 10, 0, 10, 0, 10, 10, 10, 0, 0, 10, 10, 10, 0, 10, 10, 0, 10, 10, 10, 10, 10, 10, 10, 0, 10, 10, 10, 10, 0, 10, 10, 0, 0, 0, 10, 0, 2, 10, 0, 0, 0, 10, 10, : 10, 10, 3, 3, 10, 19, 10, 10, 10, 10, 10, 10, 10, 10, 2, 10, 10, 10, 10, 6, 10, 10, 10, 10, 10, 2, 10, 10, 10, 10, 10, 10, 10, 10, 10, 10, 1, 10, 10, 10, 10, 10, 10, 10, 2, 1, 10, 10, 10, 10, 10, 10, 10, 10, 10, 10, 10, 10, 10, 10, 10, 10, 10, 10, 10, 10, 10, 10, 10, 10, 10, 2, 10, 10, 10, 
109: 0, 10, 10, 0, 10, 10, 0, 16, 10, 10, 10, 0, 0, 10, 10, 0, 0, 0, 0, 10, 10, 0, 0, 0, 10, 10, 0, 10, 0, 10, 0, 10, 10, 0, 0, 10, 0, 0, 0, 10, 10, 10, 0, 0, 10, 0, 10, 10, 10, 10, 0, 10, 10, 0, 0, 0, 0, 10, 10, 10, 10, 10, 10, 0, 1, 0, 10, 0, 10, 0, 10, 0, 0, 10, 10, 0, 10, 10, 0, 0, 10, 0, 0, 10, 0, 10, 10, 0, 10, 0, 0, 10, 0, 10, 0, 0, 10, 1, 0, 0, 0, 10, 10, 10, 0, 0, 10, 10, 0, 6, 0, 0, 10, 10, 10, 10, 10, 0, 10, 0, : 10, 10, 10, 10, 16, 10, 10, 10, 10, 10, 10, 10, 10, 10, 10, 10, 10, 10, 10, 10, 10, 10, 10, 10, 10, 10, 10, 10, 10, 10, 10, 10, 10, 10, 10, 1, 10, 10, 10, 10, 10, 10, 10, 10, 10, 10, 10, 10, 10, 10, 10, 1, 10, 10, 10, 10, 10, 6, 10, 10, 10, 10, 10, 10, 
106: 10, 0, 0, 0, 0, 10, 0, 10, 0, 10, 0, 10, 0, 0, 0, 10, 0, 0, 0, 10, 0, 10, 10, 0, 10, 0, 0, 10, 0, 0, 0, 0, 0, 10, 0, 0, 10, 10, 10, 0, 0, 0, 10, 0, 0, 10, 0, 10, 10, 10, 10, 3, 0, 0, 10, 10, 0, 2, 0, 0, 10, 14, 10, 0, 10, 0, 10, 0, 0, 10, 0, 0, 1, 10, 0, 0, 10, 10, 0, 0, 10, 10, 10, 0, 0, 0, 10, 10, 10, 10, 10, 10, 0, 10, 0, 10, 0, 10, 0, 0, 0, 10, 0, 0, 0, 0, 0, 0, 0, 0, 10, 10, 0, 10, 10, 10, 0, 0, 1, 10, : 10, 10, 10, 10, 10, 10, 10, 10, 10, 10, 10, 10, 10, 10, 10, 10, 10, 10, 10, 10, 10, 3, 10, 10, 2, 10, 14, 10, 10, 10, 10, 1, 10, 10, 10, 10, 10, 10, 10, 10, 10, 10, 10, 10, 10, 10, 10, 10, 10, 10, 10, 10, 10, 1, 10, 
3: 10, 0, 10, 10, 10, 10, 10, 10, 10, 10, 0, 10, 0, 10, 0, 0, 10, 0, 0, 0, 10, 0, 10, 0, 10, 0, 0, 0, 10, 0, 0, 0, 10, 10, 0, 0, 10, 10, 0, 10, 10, 0, 10, 0, 10, 0, 10, 10, 0, 0, 0, 10, 0, 0, 0, 2, 13, 10, 10, 0, 10, 0, 0, 0, 0, 10, 0, 10, 0, 10, 2, 10, 10, 0, 10, 0, 10, 0, 10, 0, 0, 10, 10, 10, 10, 10, 1, 0, 10, 0, 0, 0, 0, 10, 10, 10, 10, 0, 0, 10, 4, 0, 10, 10, 0, 0, 10, 10, 0, 10, 10, 0, 10, 0, 0, 0, 0, 0, 10, 0, : 10, 10, 10, 10, 10, 10, 10, 10, 10, 10, 10, 10, 10, 10, 10, 10, 10, 10, 10, 10, 10, 10, 10, 10, 10, 10, 10, 2, 13, 10, 10, 10, 10, 10, 10, 2, 10, 10, 10, 10, 10, 10, 10, 10, 10, 10, 1, 10, 10, 10, 10, 10, 10, 4, 10, 10, 10, 10, 10, 10, 10, 10, 
387: 10, 0, 0, 10, 10, 0, 0, 0, 10, 0, 0, 10, 10, 0, 0, 10, 0, 10, 10, 0, 0, 0, 0, 10, 10, 10, 10, 10, 10, 0, 10, 10, 10, 0, 0, 10, 10, 10, 10, 10, 0, 0, 10, 10, 0, 10, 0, 10, 10, 10, 10, 10, 0, 0, 14, 10, 0, 10, 10, 10, 10, 0, 10, 0, 0, 10, 10, 10, 0, 10, 10, 0, 10, 0, 0, 10, 0, 0, 0, 10, 10, 10, 0, 0, 10, 0, 10, 10, 10, 10, 10, 10, 0, 0, 0, 10, 0, 14, 10, 0, 10, 10, 10, 0, 10, 5, 0, 0, 0, 0, 0, 10, 10, 10, 10, 10, 10, 10, 10, 10, : 10, 10, 10, 10, 10, 10, 10, 10, 10, 10, 10, 10, 10, 10, 10, 10, 10, 10, 10, 10, 10, 10, 10, 10, 10, 10, 10, 10, 10, 10, 10, 14, 10, 10, 10, 10, 10, 10, 10, 10, 10, 10, 10, 10, 10, 10, 10, 10, 10, 10, 10, 10, 10, 10, 10, 10, 14, 10, 10, 10, 10, 10, 5, 10, 10, 10, 10, 10, 10, 10, 10, 10, 
68: 0, 10, 10, 10, 10, 10, 0, 0, 10, 0, 10, 0, 10, 10, 10, 0, 10, 10, 0, 0, 10, 10, 0, 10, 10, 0, 10, 10, 1, 0, 0, 0, 0, 10, 10, 10, 10, 10, 18, 10, 0, 10, 0, 10, 10, 10, 0, 10, 0, 10, 10, 0, 0, 0, 10, 10, 10, 0, 0, 10, 10, 1, 0, 0, 0, 0, 10, 10, 10, 0, 10, 10, 1, 0, 0, 0, 10, 10, 5, 2, 10, 0, 10, 10, 10, 0, 10, 0, 10, 0, 10, 0, 0, 0, 10, 0, 10, 0, 0, 10, 0, 10, 0, 0, 10, 10, 0, 0, 2, 10, 0, 0, 10, 10, 0, 10, 0, 10, 0, 0, : 10, 10, 10, 10, 10, 10, 10, 10, 10, 10, 10, 10, 10, 10, 10, 10, 10, 10, 1, 10, 10, 10, 10, 10, 18, 10, 10, 10, 10, 10, 10, 10, 10, 10, 10, 10, 10, 10, 1, 10, 10, 10, 10, 10, 1, 10, 10, 5, 2, 10, 10, 10, 10, 10, 10, 10, 10, 10, 10, 10, 10, 10, 2, 10, 10, 10, 10, 10, 
38: 10, 10, 10, 0, 10, 0, 10, 10, 10, 10, 10, 0, 0, 10, 10, 10, 10, 10, 10, 0, 0, 10, 10, 0, 10, 0, 10, 0, 10, 0, 0, 7, 10, 0, 0, 10, 10, 0, 0, 10, 10, 0, 0, 0, 0, 10, 10, 0, 10, 10, 10, 10, 0, 10, 10, 10, 0, 10, 10, 10, 10, 1, 10, 0, 10, 10, 10, 10, 0, 0, 11, 0, 10, 10, 0, 0, 0, 0, 0, 0, 10, 10, 10, 10, 0, 1, 10, 5, 0, 0, 0, 0, 0, 17, 16, 6, 0, 10, 10, 10, 10, 10, 0, 10, 10, 0, 1, 0, 0, 0, 10, 10, 10, 10, 10, 0, 0, 10, 10, 0, : 10, 10, 10, 10, 10, 10, 10, 10, 10, 10, 10, 10, 10, 10, 10, 10, 10, 10, 10, 10, 7, 10, 10, 10, 10, 10, 10, 10, 10, 10, 10, 10, 10, 10, 10, 10, 10, 10, 10, 1, 10, 10, 10, 10, 10, 11, 10, 10, 10, 10, 10, 10, 1, 10, 5, 17, 16, 6, 10, 10, 10, 10, 10, 10, 10, 1, 10, 10, 10, 10, 10, 10, 10, 
317: 0, 0, 10, 0, 10, 0, 10, 10, 0, 0, 0, 10, 0, 0, 0, 10, 10, 10, 10, 0, 0, 0, 0, 0, 10, 0, 10, 0, 0, 10, 10, 0, 10, 0, 0, 0, 10, 0, 0, 0, 0, 10, 10, 10, 0, 0, 10, 10, 10, 10, 10, 0, 10, 10, 10, 0, 10, 10, 0, 10, 0, 10, 0, 0, 10, 0, 0, 10, 0, 10, 0, 0, 1, 0, 10, 0, 10, 20, 10, 16, 10, 10, 0, 10, 10, 0, 0, 0, 10, 10, 10, 0, 10, 10, 10, 0, 10, 10, 10, 10, 0, 10, 0, 10, 10, 0, 0, 10, 0, 10, 0, 10, 10, 2, 0, 0, 0, 10, 10, 10, : 10, 10, 10, 10, 10, 10, 10, 10, 10, 10, 10, 10, 10, 10, 10, 10, 10, 10, 10, 10, 10, 10, 10, 10, 10, 10, 10, 10, 10, 10, 10, 10, 10, 1, 10, 10, 20, 10, 16, 10, 10, 10, 10, 10, 10, 10, 10, 10, 10, 10, 10, 10, 10, 10, 10, 10, 10, 10, 10, 10, 2, 10, 10, 10, 
360: 0, 0, 0, 0, 10, 0, 0, 1, 10, 1, 0, 0, 0, 0, 0, 10, 10, 10, 10, 0, 0, 0, 10, 9, 10, 0, 0, 10, 0, 0, 0, 10, 0, 10, 0, 0, 10, 0, 0, 1, 1, 10, 0, 10, 3, 0, 0, 0, 10, 0, 0, 10, 10, 10, 0, 0, 0, 2, 0, 0, 0, 0, 10, 0, 0, 0, 0, 0, 0, 10, 10, 10, 0, 10, 10, 0, 0, 10, 0, 10, 18, 0, 10, 10, 0, 0, 0, 10, 0, 10, 0, 10, 0, 10, 0, 10, 0, 0, 14, 0, 0, 10, 10, 0, 0, 10, 10, 0, 10, 10, 5, 0, 10, 11, 4, 10, 10, 0, 10, 0, : 10, 1, 10, 1, 10, 10, 10, 10, 10, 9, 10, 10, 10, 10, 10, 1, 1, 10, 10, 3, 10, 10, 10, 10, 2, 10, 10, 10, 10, 10, 10, 10, 10, 18, 10, 10, 10, 10, 10, 10, 10, 14, 10, 10, 10, 10, 10, 10, 5, 10, 11, 4, 10, 10, 10, 
141: 0, 0, 10, 10, 0, 0, 0, 5, 10, 10, 10, 0, 10, 10, 10, 0, 0, 10, 10, 10, 2, 0, 0, 10, 0, 0, 10, 0, 10, 0, 0, 0, 0, 0, 0, 10, 0, 10, 10, 0, 0, 0, 0, 10, 0, 0, 10, 0, 3, 0, 0, 10, 10, 10, 10, 0, 0, 1, 0, 0, 10, 0, 0, 10, 10, 10, 0, 0, 0, 10, 10, 0, 0, 10, 0, 10, 10, 0, 10, 0, 10, 0, 10, 10, 10, 10, 0, 10, 0, 10, 10, 10, 10, 10, 10, 0, 0, 0, 0, 0, 10, 0, 10, 10, 11, 0, 0, 10, 10, 0, 0, 10, 0, 0, 10, 0, 0, 10, 0, 10, : 10, 10, 5, 10, 10, 10, 10, 10, 10, 10, 10, 10, 2, 10, 10, 10, 10, 10, 10, 10, 10, 3, 10, 10, 10, 10, 1, 10, 10, 10, 10, 10, 10, 10, 10, 10, 10, 10, 10, 10, 10, 10, 10, 10, 10, 10, 10, 10, 10, 10, 10, 10, 11, 10, 10, 10, 10, 10, 10, 
320: 3, 10, 10, 0, 10, 0, 10, 10, 0, 10, 0, 10, 10, 10, 0, 0, 10, 0, 0, 10, 0, 10, 10, 10, 10, 0, 10, 0, 10, 10, 10, 10, 0, 10, 10, 10, 0, 10, 10, 10, 0, 10, 0, 0, 0, 10, 10, 0, 10, 10, 10, 0, 10, 0, 10, 10, 0, 0, 10, 0, 0, 10, 10, 10, 10, 10, 0, 0, 0, 10, 10, 10, 0, 0, 0, 10, 0, 10, 0, 0, 10, 10, 0, 1, 10, 10, 0, 10, 10, 10, 10, 0, 10, 10, 0, 10, 0, 3, 10, 10, 0, 10, 10, 10, 10, 4, 0, 10, 10, 0, 0, 0, 10, 0, 10, 10, 0, 0, 0, 0, : 3, 10, 10, 10, 10, 10, 10, 10, 10, 10, 10, 10, 10, 10, 10, 10, 10, 10, 10, 10, 10, 10, 10, 10, 10, 10, 10, 10, 10, 10, 10, 10, 10, 10, 10, 10, 10, 10, 10, 10, 10, 10, 10, 10, 10, 10, 10, 10, 10, 1, 10, 10, 10, 10, 10, 10, 10, 10, 10, 3, 10, 10, 10, 10, 10, 10, 4, 10, 10, 10, 10, 10, 
398: 0, 0, 10, 10, 0, 10, 0, 10, 0, 0, 10, 15, 0, 10, 10, 0, 0, 10, 10, 10, 5, 10, 0, 0, 0, 0, 10, 0, 0, 0, 10, 10, 0, 3, 0, 10, 10, 10, 0, 3, 10, 10, 0, 10, 0, 0, 0, 10, 0, 0, 0, 10, 10, 10, 10, 10, 10, 17, 0, 0, 10, 10, 0, 0, 10, 10, 10, 0, 10, 10, 0, 0, 10, 10, 10, 10, 0, 0, 0, 0, 0, 10, 0, 0, 10, 10, 10, 0, 0, 0, 1, 10, 0, 0, 10, 3, 0, 10, 10, 0, 10, 2, 0, 0, 10, 0, 0, 10, 10, 0, 0, 4, 0, 0, 10, 10, 0, 0, 0, 10, : 10, 10, 10, 10, 10, 15, 10, 10, 10, 10, 10, 5, 10, 10, 10, 10, 3, 10, 10, 10, 3, 10, 10, 10, 10, 10, 10, 10, 10, 10, 10, 17, 10, 10, 10, 10, 10, 10, 10, 10, 10, 10, 10, 10, 10, 10, 10, 1, 10, 10, 3, 10, 10, 10, 2, 10, 10, 10, 4, 10, 10, 10, 
44: 10, 10, 2, 10, 0, 10, 0, 0, 0, 0, 19, 10, 10, 0, 0, 0, 10, 2, 10, 1, 10, 0, 10, 10, 10, 10, 0, 0, 0, 10, 0, 10, 0, 10, 10, 0, 10, 10, 0, 0, 0, 10, 0, 0, 10, 0, 0, 0, 1, 0, 0, 0, 0, 0, 0, 10, 0, 0, 1, 10, 0, 10, 0, 0, 10, 0, 0, 10, 10, 0, 0, 10, 10, 0, 0, 10, 0, 10, 10, 10, 3, 10, 0, 0, 0, 0, 0, 10, 0, 0, 10, 0, 0, 10, 0, 0, 0, 10, 0, 0, 1, 10, 10, 0, 10, 10, 10, 0, 0, 0, 0, 10, 0, 5, 10, 0, 10, 0, 0, 10, : 10, 10, 2, 10, 10, 19, 10, 10, 10, 2, 10, 1, 10, 10, 10, 10, 10, 10, 10, 10, 10, 10, 10, 10, 10, 1, 10, 1, 10, 10, 10, 10, 10, 10, 10, 10, 10, 10, 10, 3, 10, 10, 10, 10, 10, 1, 10, 10, 10, 10, 10, 10, 5, 10, 10, 10, 
399: 0, 0, 10, 0, 10, 0, 10, 10, 10, 10, 10, 0, 0, 10, 0, 10, 0, 10, 0, 10, 10, 10, 0, 10, 10, 0, 10, 10, 0, 10, 0, 1, 10, 10, 10, 0, 10, 0, 10, 10, 0, 10, 0, 10, 10, 0, 10, 0, 0, 10, 10, 10, 10, 0, 0, 10, 10, 10, 10, 0, 0, 0, 10, 10, 0, 0, 10, 10, 10, 0, 10, 0, 0, 4, 10, 0, 10, 10, 10, 10, 10, 0, 10, 0, 10, 10, 10, 0, 0, 0, 2, 0, 10, 0, 0, 0, 10, 1, 0, 0, 10, 10, 0, 0, 10, 10, 10, 10, 0, 18, 10, 18, 3, 0, 10, 0, 0, 10, 0, 0, : 10, 10, 10, 10, 10, 10, 10, 10, 10, 10, 10, 10, 10, 10, 10, 10, 10, 10, 1, 10, 10, 10, 10, 10, 10, 10, 10, 10, 10, 10, 10, 10, 10, 10, 10, 10, 10, 10, 10, 10, 10, 10, 10, 4, 10, 10, 10, 10, 10, 10, 10, 10, 10, 10, 2, 10, 10, 1, 10, 10, 10, 10, 10, 10, 18, 10, 18, 3, 10, 10, 
155: 10, 0, 0, 0, 0, 0, 0, 0, 0, 1, 0, 10, 0, 10, 10, 0, 0, 0, 0, 10, 0, 0, 10, 0, 10, 0, 10, 0, 10, 0, 10, 9, 10, 10, 0, 0, 0, 10, 1, 0, 10, 10, 0, 10, 10, 10, 0, 0, 0, 0, 10, 10, 10, 10, 10, 10, 0, 10, 10, 0, 0, 0, 10, 11, 0, 10, 4, 10, 10, 0, 0, 0, 0, 10, 0, 10, 10, 10, 0, 0, 10, 0, 1, 0, 10, 1, 0, 0, 10, 10, 7, 10, 10, 0, 0, 0, 10, 0, 0, 0, 0, 10, 10, 10, 10, 0, 0, 0, 10, 10, 0, 10, 0, 0, 0, 0, 0, 0, 10, 10, : 10, 1, 10, 10, 10, 10, 10, 10, 10, 10, 10, 9, 10, 10, 10, 1, 10, 10, 10, 10, 10, 10, 10, 10, 10, 10, 10, 10, 10, 10, 11, 10, 4, 10, 10, 10, 10, 10, 10, 10, 1, 10, 1, 10, 10, 7, 10, 10, 10, 10, 10, 10, 10, 10, 10, 10, 10, 10, 
45: 10, 10, 10, 10, 0, 0, 0, 10, 0, 10, 10, 10, 10, 10, 0, 10, 0, 10, 10, 10, 0, 0, 0, 10, 0, 0, 0, 10, 0, 0, 0, 9, 10, 0, 10, 10, 0, 10, 10, 10, 10, 0, 0, 0, 10, 10, 10, 1, 5, 10, 0, 10, 10, 0, 0, 0, 10, 10, 0, 10, 10, 0, 0, 0, 0, 10, 10, 0, 10, 10, 10, 0, 0, 0, 13, 9, 10, 0, 10, 10, 0, 10, 0, 10, 2, 10, 10, 0, 10, 0, 0, 0, 10, 10, 10, 0, 0, 0, 0, 0, 10, 0, 0, 10, 10, 10, 10, 10, 10, 0, 0, 0, 2, 10, 2, 0, 0, 10, 0, 10, : 10, 10, 10, 10, 10, 10, 10, 10, 10, 10, 10, 10, 10, 10, 10, 10, 9, 10, 10, 10, 10, 10, 10, 10, 10, 10, 10, 1, 5, 10, 10, 10, 10, 10, 10, 10, 10, 10, 10, 10, 10, 13, 9, 10, 10, 10, 10, 10, 2, 10, 10, 10, 10, 10, 10, 10, 10, 10, 10, 10, 10, 10, 2, 10, 2, 10, 10, 
181: 0, 0, 10, 0, 10, 0, 10, 0, 0, 10, 10, 10, 0, 0, 10, 10, 0, 10, 10, 10, 0, 0, 10, 10, 10, 0, 10, 0, 0, 10, 10, 10, 10, 10, 10, 10, 0, 0, 0, 0, 10, 10, 0, 0, 0, 10, 0, 0, 10, 10, 10, 0, 0, 0, 10, 0, 0, 10, 10, 0, 10, 10, 0, 0, 10, 10, 0, 10, 0, 0, 0, 0, 10, 10, 10, 0, 0, 0, 0, 10, 0, 0, 0, 0, 0, 0, 0, 0, 0, 0, 10, 0, 10, 10, 10, 10, 15, 10, 0, 10, 0, 0, 10, 0, 10, 10, 4, 10, 10, 0, 17, 0, 10, 0, 0, 0, 10, 0, 10, 0, : 10, 10, 10, 10, 10, 10, 10, 10, 10, 10, 10, 10, 10, 10, 10, 10, 10, 10, 10, 10, 10, 10, 10, 10, 10, 10, 10, 10, 10, 10, 10, 10, 10, 10, 10, 10, 10, 10, 10, 10, 10, 10, 10, 10, 10, 15, 10, 10, 10, 10, 10, 4, 10, 10, 17, 10, 10, 10, 
366: 0, 10, 10, 10, 0, 0, 0, 0, 0, 0, 10, 0, 10, 0, 10, 0, 0, 10, 0, 10, 0, 10, 0, 10, 10, 3, 0, 10, 0, 10, 10, 0, 10, 0, 0, 0, 3, 0, 0, 10, 0, 0, 10, 0, 10, 0, 0, 10, 0, 10, 3, 10, 0, 0, 10, 0, 10, 0, 0, 10, 10, 0, 0, 10, 0, 10, 10, 10, 10, 10, 0, 10, 10, 0, 10, 10, 0, 0, 10, 10, 10, 10, 0, 0, 0, 10, 0, 10, 0, 10, 0, 10, 10, 10, 10, 10, 8, 0, 0, 0, 10, 0, 10, 10, 1, 10, 10, 10, 0, 0, 10, 10, 10, 0, 10, 10, 0, 10, 0, 10, : 10, 10, 10, 10, 10, 10, 10, 10, 10, 10, 10, 3, 10, 10, 10, 10, 3, 10, 10, 10, 10, 10, 3, 10, 10, 10, 10, 10, 10, 10, 10, 10, 10, 10, 10, 10, 10, 10, 10, 10, 10, 10, 10, 10, 10, 10, 10, 10, 10, 10, 8, 10, 10, 10, 1, 10, 10, 10, 10, 10, 10, 10, 10, 10, 10, 
202: 10, 10, 10, 10, 10, 0, 10, 10, 0, 0, 10, 10, 0, 10, 10, 10, 10, 10, 10, 0, 10, 0, 10, 10, 10, 0, 0, 10, 0, 10, 0, 10, 0, 10, 10, 0, 10, 0, 10, 10, 10, 10, 0, 10, 10, 10, 10, 10, 0, 0, 2, 0, 10, 0, 0, 10, 10, 0, 0, 10, 0, 0, 0, 10, 10, 0, 10, 0, 0, 0, 10, 0, 10, 0, 10, 0, 10, 10, 0, 0, 10, 0, 0, 0, 0, 10, 0, 10, 0, 0, 0, 0, 0, 0, 0, 10, 0, 10, 10, 10, 10, 0, 10, 0, 10, 0, 10, 0, 0, 10, 10, 10, 10, 10, 0, 10, 10, 0, 0, 10, : 10, 10, 10, 10, 10, 10, 10, 10, 10, 10, 10, 10, 10, 10, 10, 10, 10, 10, 10, 10, 10, 10, 10, 10, 10, 10, 10, 10, 10, 10, 10, 10, 10, 10, 2, 10, 10, 10, 10, 10, 10, 10, 10, 10, 10, 10, 10, 10, 10, 10, 10, 10, 10, 10, 10, 10, 10, 10, 10, 10, 10, 10, 10, 10, 10, 10, 
14: 0, 10, 10, 0, 0, 10, 10, 0, 10, 0, 0, 10, 10, 0, 0, 10, 10, 0, 3, 10, 10, 10, 10, 10, 0, 10, 0, 0, 10, 0, 10, 10, 10, 0, 0, 0, 10, 10, 10, 10, 3, 0, 10, 10, 1, 10, 0, 10, 0, 0, 10, 0, 0, 10, 10, 10, 10, 0, 10, 0, 0, 10, 10, 0, 0, 10, 10, 0, 0, 10, 0, 10, 10, 0, 0, 0, 10, 0, 0, 0, 1, 10, 2, 0, 10, 10, 0, 10, 10, 0, 0, 1, 10, 0, 10, 3, 0, 0, 10, 0, 10, 10, 0, 0, 0, 0, 10, 0, 10, 0, 0, 0, 10, 0, 10, 10, 10, 10, 10, 10, : 10, 10, 10, 10, 10, 10, 10, 10, 10, 3, 10, 10, 10, 10, 10, 10, 10, 10, 10, 10, 10, 10, 10, 10, 3, 10, 10, 1, 10, 10, 10, 10, 10, 10, 10, 10, 10, 10, 10, 10, 10, 10, 10, 10, 1, 10, 2, 10, 10, 10, 10, 1, 10, 10, 3, 10, 10, 10, 10, 10, 10, 10, 10, 10, 10, 10, 10, 
64: 0, 10, 10, 10, 10, 0, 0, 0, 9, 0, 0, 10, 10, 10, 10, 0, 0, 0, 10, 0, 0, 0, 0, 0, 10, 0, 10, 0, 0, 0, 10, 0, 1, 0, 10, 0, 0, 0, 10, 0, 0, 10, 0, 10, 0, 0, 0, 17, 0, 0, 0, 10, 0, 10, 10, 10, 19, 0, 10, 10, 4, 0, 10, 10, 0, 0, 10, 0, 0, 10, 10, 10, 10, 0, 10, 10, 0, 10, 10, 10, 10, 10, 10, 10, 10, 0, 0, 10, 0, 10, 0, 0, 10, 8, 10, 0, 10, 0, 1, 10, 10, 10, 0, 1, 3, 0, 10, 0, 0, 0, 10, 0, 0, 10, 10, 10, 0, 10, 0, 10, : 10, 10, 10, 10, 9, 10, 10, 10, 10, 10, 10, 10, 10, 1, 10, 10, 10, 10, 17, 10, 10, 10, 10, 19, 10, 10, 4, 10, 10, 10, 10, 10, 10, 10, 10, 10, 10, 10, 10, 10, 10, 10, 10, 10, 10, 10, 10, 8, 10, 10, 1, 10, 10, 10, 1, 3, 10, 10, 10, 10, 10, 10, 10, 
352: 0, 0, 0, 10, 0, 10, 10, 10, 10, 10, 0, 1, 10, 1, 10, 10, 15, 0, 10, 10, 0, 10, 0, 10, 0, 10, 0, 0, 10, 0, 0, 10, 0, 10, 10, 10, 10, 10, 10, 10, 10, 0, 10, 0, 0, 0, 10, 0, 0, 0, 10, 10, 0, 10, 10, 10, 0, 10, 10, 0, 10, 10, 0, 10, 3, 10, 0, 0, 0, 0, 0, 10, 10, 10, 10, 20, 0, 0, 0, 10, 10, 10, 10, 0, 0, 0, 10, 3, 10, 10, 10, 0, 0, 10, 10, 10, 0, 10, 10, 10, 0, 0, 10, 0, 0, 0, 10, 0, 10, 10, 10, 0, 0, 0, 10, 10, 10, 0, 10, 10, : 10, 10, 10, 10, 10, 10, 1, 10, 1, 10, 10, 15, 10, 10, 10, 10, 10, 10, 10, 10, 10, 10, 10, 10, 10, 10, 10, 10, 10, 10, 10, 10, 10, 10, 10, 10, 10, 10, 10, 3, 10, 10, 10, 10, 10, 20, 10, 10, 10, 10, 10, 3, 10, 10, 10, 10, 10, 10, 10, 10, 10, 10, 10, 10, 10, 10, 10, 10, 10, 10, 10, 
150: 10, 0, 0, 0, 0, 10, 0, 10, 10, 10, 10, 0, 10, 10, 10, 10, 10, 10, 10, 10, 10, 0, 10, 10, 0, 0, 10, 10, 10, 10, 10, 0, 10, 10, 0, 0, 1, 10, 0, 0, 10, 0, 0, 10, 0, 0, 10, 10, 1, 10, 0, 0, 0, 10, 10, 1, 0, 0, 0, 10, 0, 10, 10, 0, 0, 10, 0, 10, 0, 0, 0, 10, 10, 0, 10, 0, 0, 10, 0, 10, 10, 0, 0, 10, 10, 0, 0, 10, 10, 0, 10, 0, 0, 0, 10, 10, 0, 0, 0, 0, 10, 0, 10, 10, 10, 10, 0, 10, 10, 10, 2, 0, 0, 0, 0, 0, 10, 10, 10, 0, : 10, 10, 10, 10, 10, 10, 10, 10, 10, 10, 10, 10, 10, 10, 10, 10, 10, 10, 10, 10, 10, 10, 10, 10, 1, 10, 10, 10, 10, 10, 1, 10, 10, 10, 1, 10, 10, 10, 10, 10, 10, 10, 10, 10, 10, 10, 10, 10, 10, 10, 10, 10, 10, 10, 10, 10, 10, 10, 10, 10, 10, 2, 10, 10, 10, 


2: 0, 0, 10, 0, 10, 10, 10, 10, 10, 0, 0, 0, 0, 10, 10, 1, 0, 10, 0, 0, 0, 3, 10, 0, 0, 0, 0, 10, 0, 0, 0, 0, 10, 10, 10, 0, 0, 0, 0, 10, 10, 10, 10, 11, 10, 10, 10, 10, 10, 0, 0, 0, 0, 0, 10, 10, 0, 0, 0, 0, 10, 0, 10, 10, 0, 10, 1, 0, 0, 3, 0, 2, 10, 0, 10, 10, 10, 10, 0, 10, 0, 10, 0, 0, 0, 0, 10, 10, 0, 0, 10, 0, 0, 0, 10, 1, 0, 10, 0, 0, 10, 10, 0, 10, 4, 0, 0, 2, 10, 0, 0, 0, 10, 10, 10, 10, 0, 10, 10, 0, : 10, 10, 10, 10, 10, 10, 10, 10, 1, 10, 3, 10, 10, 10, 10, 10, 10, 10, 10, 10, 11, 10, 10, 10, 10, 10, 10, 10, 10, 10, 10, 10, 1, 3, 2, 10, 10, 10, 10, 10, 10, 10, 10, 10, 10, 10, 1, 10, 10, 10, 10, 4, 2, 10, 10, 10, 10, 10, 10, 10, 
23: 10, 10, 10, 0, 0, 0, 10, 0, 0, 10, 10, 10, 10, 10, 10, 10, 0, 10, 10, 0, 14, 1, 10, 0, 0, 10, 0, 10, 1, 10, 10, 0, 0, 10, 0, 10, 0, 0, 0, 10, 0, 10, 0, 10, 0, 10, 0, 10, 0, 10, 0, 0, 10, 0, 0, 10, 1, 10, 10, 0, 0, 10, 4, 1, 10, 0, 0, 0, 0, 10, 10, 0, 0, 10, 10, 0, 0, 0, 0, 10, 10, 0, 0, 10, 0, 0, 10, 0, 0, 0, 10, 10, 0, 10, 0, 10, 0, 0, 0, 10, 10, 10, 0, 0, 0, 0, 0, 0, 10, 0, 10, 10, 0, 10, 10, 0, 0, 0, 10, 10, : 10, 10, 10, 10, 10, 10, 10, 10, 10, 10, 10, 10, 10, 14, 1, 10, 10, 10, 1, 10, 10, 10, 10, 10, 10, 10, 10, 10, 10, 10, 10, 1, 10, 10, 10, 4, 1, 10, 10, 10, 10, 10, 10, 10, 10, 10, 10, 10, 10, 10, 10, 10, 10, 10, 10, 10, 10, 10, 10, 10, 
188: 0, 0, 10, 0, 0, 0, 10, 0, 10, 10, 10, 6, 0, 0, 10, 0, 10, 0, 10, 2, 10, 10, 0, 0, 0, 0, 0, 0, 0, 10, 0, 0, 0, 10, 10, 10, 10, 0, 0, 10, 2, 0, 0, 0, 11, 10, 0, 16, 7, 0, 10, 0, 10, 0, 10, 1, 0, 0, 10, 10, 10, 0, 10, 10, 10, 10, 10, 0, 1, 10, 10, 1, 10, 12, 0, 11, 10, 10, 10, 7, 10, 10, 10, 0, 0, 0, 19, 10, 0, 10, 10, 10, 0, 0, 10, 10, 10, 17, 10, 10, 10, 0, 10, 0, 0, 10, 0, 0, 2, 0, 8, 10, 0, 10, 0, 0, 0, 10, 0, 10, : 10, 10, 10, 10, 10, 6, 10, 10, 10, 2, 10, 10, 10, 10, 10, 10, 10, 10, 2, 11, 10, 16, 7, 10, 10, 10, 1, 10, 10, 10, 10, 10, 10, 10, 10, 1, 10, 10, 1, 10, 12, 11, 10, 10, 10, 7, 10, 10, 10, 19, 10, 10, 10, 10, 10, 10, 10, 17, 10, 10, 10, 10, 10, 2, 8, 10, 10, 10, 10, 
85: 0, 10, 10, 0, 10, 10, 3, 10, 10, 0, 0, 10, 0, 10, 0, 0, 0, 10, 10, 0, 10, 7, 0, 0, 4, 0, 0, 0, 0, 10, 10, 0, 0, 10, 0, 0, 10, 10, 0, 0, 0, 10, 0, 10, 0, 0, 0, 0, 10, 0, 10, 10, 0, 0, 0, 10, 10, 0, 10, 0, 10, 0, 0, 10, 10, 0, 0, 10, 0, 0, 10, 0, 10, 0, 10, 10, 0, 10, 10, 0, 0, 10, 10, 10, 10, 10, 0, 10, 0, 10, 0, 10, 2, 10, 0, 0, 10, 10, 0, 0, 10, 0, 10, 10, 10, 1, 10, 10, 0, 10, 10, 10, 10, 10, 10, 0, 0, 0, 10, 16, : 10, 10, 10, 10, 3, 10, 10, 10, 10, 10, 10, 10, 7, 4, 10, 10, 10, 10, 10, 10, 10, 10, 10, 10, 10, 10, 10, 10, 10, 10, 10, 10, 10, 10, 10, 10, 10, 10, 10, 10, 10, 10, 10, 10, 10, 2, 10, 10, 10, 10, 10, 10, 10, 1, 10, 10, 10, 10, 10, 10, 10, 10, 10, 16, 
326: 11, 0, 0, 0, 0, 10, 0, 0, 10, 10, 10, 10, 10, 10, 10, 0, 0, 0, 10, 0, 10, 10, 10, 10, 0, 10, 10, 10, 0, 6, 10, 0, 0, 0, 10, 0, 10, 0, 10, 0, 10, 0, 10, 0, 0, 10, 0, 0, 10, 10, 10, 10, 0, 10, 10, 1, 10, 13, 10, 10, 10, 1, 0, 10, 0, 10, 0, 10, 10, 10, 0, 10, 10, 0, 0, 10, 0, 0, 10, 0, 10, 0, 0, 0, 0, 10, 0, 0, 10, 0, 10, 10, 0, 10, 10, 10, 5, 10, 1, 10, 10, 0, 10, 0, 0, 0, 10, 10, 0, 0, 0, 0, 0, 0, 10, 0, 1, 10, 0, 0, : 11, 10, 10, 10, 10, 10, 10, 10, 10, 10, 10, 10, 10, 10, 10, 10, 10, 6, 10, 10, 10, 10, 10, 10, 10, 10, 10, 10, 10, 10, 10, 1, 10, 13, 10, 10, 10, 1, 10, 10, 10, 10, 10, 10, 10, 10, 10, 10, 10, 10, 10, 10, 10, 10, 10, 5, 10, 1, 10, 10, 10, 10, 10, 10, 1, 10, 
224: 17, 1, 0, 0, 10, 10, 10, 10, 10, 0, 0, 10, 10, 0, 10, 0, 0, 0, 10, 10, 0, 10, 0, 0, 10, 10, 10, 10, 0, 10, 0, 0, 10, 10, 0, 10, 10, 10, 10, 10, 10, 10, 10, 10, 10, 0, 0, 10, 0, 0, 0, 0, 0, 0, 0, 10, 0, 10, 0, 10, 0, 10, 10, 10, 10, 0, 0, 0, 10, 0, 0, 10, 0, 0, 0, 0, 10, 10, 10, 10, 10, 0, 10, 10, 8, 10, 0, 10, 14, 10, 10, 0, 0, 10, 10, 0, 10, 10, 0, 10, 0, 0, 10, 0, 0, 10, 10, 0, 10, 0, 10, 10, 10, 10, 10, 10, 10, 0, 10, 0, : 17, 1, 10, 10, 10, 10, 10, 10, 10, 10, 10, 10, 10, 10, 10, 10, 10, 10, 10, 10, 10, 10, 10, 10, 10, 10, 10, 10, 10, 10, 10, 10, 10, 10, 10, 10, 10, 10, 10, 10, 10, 10, 10, 10, 10, 10, 10, 8, 10, 10, 14, 10, 10, 10, 10, 10, 10, 10, 10, 10, 10, 10, 10, 10, 10, 10, 10, 10, 10, 10, 
371: 10, 10, 0, 0, 0, 10, 0, 0, 10, 0, 10, 10, 0, 0, 7, 0, 10, 0, 10, 10, 0, 10, 2, 0, 10, 10, 10, 0, 0, 10, 10, 0, 0, 10, 0, 0, 0, 7, 10, 4, 10, 10, 10, 10, 0, 0, 10, 0, 0, 10, 10, 10, 0, 0, 10, 0, 0, 10, 0, 10, 0, 0, 10, 1, 0, 10, 10, 10, 10, 10, 10, 0, 10, 0, 10, 10, 0, 0, 0, 18, 10, 0, 10, 10, 10, 0, 10, 10, 0, 0, 0, 10, 1, 10, 0, 10, 0, 10, 10, 0, 0, 10, 5, 10, 10, 10, 0, 0, 0, 1, 10, 0, 2, 10, 1, 2, 0, 0, 10, 1, : 10, 10, 10, 10, 10, 10, 7, 10, 10, 10, 10, 2, 10, 10, 10, 10, 10, 10, 7, 10, 4, 10, 10, 10, 10, 10, 10, 10, 10, 10, 10, 10, 10, 1, 10, 10, 10, 10, 10, 10, 10, 10, 10, 18, 10, 10, 10, 10, 10, 10, 10, 1, 10, 10, 10, 10, 10, 5, 10, 10, 10, 1, 10, 2, 10, 1, 2, 10, 1, 
40: 10, 4, 10, 10, 0, 0, 10, 10, 10, 10, 0, 0, 10, 0, 0, 0, 10, 10, 0, 0, 0, 0, 0, 0, 0, 10, 0, 0, 0, 10, 10, 0, 10, 0, 10, 10, 0, 10, 10, 10, 0, 0, 0, 0, 10, 10, 0, 0, 17, 0, 10, 10, 10, 0, 10, 0, 10, 9, 0, 0, 0, 0, 0, 19, 0, 10, 0, 10, 10, 1, 10, 0, 10, 2, 0, 0, 10, 10, 0, 10, 0, 0, 10, 10, 5, 10, 0, 10, 0, 0, 10, 1, 10, 0, 10, 10, 10, 10, 10, 10, 10, 0, 0, 10, 0, 0, 0, 10, 0, 10, 10, 10, 10, 0, 10, 0, 0, 0, 10, 0, : 10, 4, 10, 10, 10, 10, 10, 10, 10, 10, 10, 10, 10, 10, 10, 10, 10, 10, 10, 10, 10, 10, 17, 10, 10, 10, 10, 10, 9, 19, 10, 10, 10, 1, 10, 10, 2, 10, 10, 10, 10, 10, 5, 10, 10, 10, 1, 10, 10, 10, 10, 10, 10, 10, 10, 10, 10, 10, 10, 10, 10, 10, 10, 
134: 10, 10, 10, 0, 10, 0, 10, 0, 10, 10, 10, 0, 0, 0, 10, 10, 10, 10, 5, 0, 0, 10, 10, 0, 10, 10, 10, 10, 2, 10, 10, 10, 10, 10, 0, 0, 0, 10, 0, 10, 10, 10, 10, 10, 0, 10, 4, 0, 10, 10, 10, 0, 10, 10, 0, 10, 0, 10, 0, 10, 10, 0, 0, 0, 0, 0, 10, 0, 10, 0, 0, 10, 10, 0, 10, 0, 10, 0, 0, 0, 10, 10, 10, 0, 10, 0, 10, 0, 0, 0, 10, 10, 0, 0, 0, 9, 10, 10, 0, 10, 10, 0, 10, 10, 0, 0, 0, 10, 0, 10, 0, 10, 0, 10, 0, 0, 10, 10, 0, 0, : 10, 10, 10, 10, 10, 10, 10, 10, 10, 10, 10, 10, 5, 10, 10, 10, 10, 10, 10, 2, 10, 10, 10, 10, 10, 10, 10, 10, 10, 10, 10, 10, 4, 10, 10, 10, 10, 10, 10, 10, 10, 10, 10, 10, 10, 10, 10, 10, 10, 10, 10, 10, 10, 10, 10, 9, 10, 10, 10, 10, 10, 10, 10, 10, 10, 10, 10, 10, 
207: 0, 10, 10, 10, 10, 0, 10, 0, 10, 10, 10, 0, 10, 10, 10, 10, 0, 10, 10, 10, 10, 1, 0, 10, 0, 10, 0, 10, 10, 0, 0, 10, 10, 3, 10, 0, 0, 0, 10, 10, 0, 0, 0, 0, 10, 1, 1, 10, 0, 10, 0, 0, 10, 10, 0, 10, 0, 10, 10, 10, 10, 10, 0, 0, 0, 10, 10, 0, 0, 0, 10, 10, 10, 0, 0, 10, 10, 0, 0, 10, 0, 0, 10, 10, 0, 1, 0, 0, 10, 10, 10, 10, 0, 0, 10, 10, 0, 10, 0, 10, 0, 10, 10, 0, 0, 10, 0, 0, 0, 10, 0, 0, 10, 10, 10, 10, 10, 0, 0, 10, : 10, 10, 10, 10, 10, 10, 10, 10, 10, 10, 10, 10, 10, 10, 10, 10, 1, 10, 10, 10, 10, 10, 10, 3, 10, 10, 10, 10, 1, 1, 10, 10, 10, 10, 10, 10, 10, 10, 10, 10, 10, 10, 10, 10, 10, 10, 10, 10, 10, 10, 1, 10, 10, 10, 10, 10, 10, 10, 10, 10, 10, 10, 10, 10, 10, 10, 10, 10, 10, 
328: 0, 10, 10, 10, 0, 10, 10, 0, 0, 0, 0, 10, 10, 10, 0, 0, 0, 0, 0, 0, 0, 0, 0, 0, 10, 0, 10, 10, 10, 0, 0, 10, 0, 10, 0, 0, 0, 10, 10, 0, 10, 0, 0, 10, 0, 10, 10, 10, 0, 10, 0, 0, 10, 10, 10, 10, 0, 10, 0, 10, 10, 10, 10, 10, 10, 0, 10, 10, 10, 0, 10, 10, 10, 0, 10, 0, 0, 10, 10, 0, 0, 10, 0, 10, 0, 0, 0, 0, 0, 0, 0, 10, 0, 0, 10, 0, 0, 10, 10, 10, 0, 10, 10, 10, 10, 0, 0, 0, 10, 0, 0, 10, 0, 10, 10, 10, 0, 10, 10, 0, : 10, 10, 10, 10, 10, 10, 10, 10, 10, 10, 10, 10, 10, 10, 10, 10, 10, 10, 10, 10, 10, 10, 10, 10, 10, 10, 10, 10, 10, 10, 10, 10, 10, 10, 10, 10, 10, 10, 10, 10, 10, 10, 10, 10, 10, 10, 10, 10, 10, 10, 10, 10, 10, 10, 10, 10, 10, 10, 10, 10, 
162: 10, 10, 0, 0, 0, 0, 10, 8, 0, 10, 10, 0, 0, 0, 10, 10, 0, 0, 10, 0, 0, 0, 10, 0, 10, 10, 10, 0, 10, 0, 0, 0, 7, 0, 10, 0, 2, 10, 10, 10, 0, 0, 10, 10, 10, 10, 0, 0, 10, 0, 10, 0, 10, 0, 10, 10, 0, 0, 0, 0, 0, 0, 10, 10, 10, 0, 10, 14, 10, 10, 10, 0, 0, 0, 10, 3, 0, 16, 10, 0, 0, 10, 0, 0, 10, 10, 0, 10, 10, 10, 10, 10, 10, 0, 10, 0, 10, 10, 0, 10, 0, 0, 0, 10, 10, 0, 10, 0, 10, 10, 0, 0, 10, 10, 0, 10, 0, 10, 10, 10, : 10, 10, 10, 8, 10, 10, 10, 10, 10, 10, 10, 10, 10, 10, 7, 10, 2, 10, 10, 10, 10, 10, 10, 10, 10, 10, 10, 10, 10, 10, 10, 10, 10, 14, 10, 10, 10, 10, 3, 16, 10, 10, 10, 10, 10, 10, 10, 10, 10, 10, 10, 10, 10, 10, 10, 10, 10, 10, 10, 10, 10, 10, 10, 10, 10, 
142: 0, 0, 10, 10, 10, 10, 10, 0, 10, 10, 10, 0, 0, 0, 0, 10, 0, 4, 0, 10, 0, 10, 0, 0, 10, 0, 10, 0, 10, 0, 0, 10, 0, 0, 10, 0, 10, 10, 0, 0, 10, 0, 10, 0, 0, 10, 10, 0, 10, 0, 0, 10, 0, 10, 0, 10, 10, 10, 10, 0, 0, 0, 10, 0, 0, 10, 0, 0, 10, 0, 0, 10, 0, 10, 1, 0, 10, 0, 10, 10, 10, 0, 10, 0, 0, 10, 10, 10, 0, 0, 10, 0, 0, 0, 0, 10, 10, 10, 10, 10, 10, 10, 0, 0, 10, 10, 0, 0, 10, 10, 10, 10, 0, 0, 0, 0, 0, 10, 0, 0, : 10, 10, 10, 10, 10, 10, 10, 10, 10, 4, 10, 10, 10, 10, 10, 10, 10, 10, 10, 10, 10, 10, 10, 10, 10, 10, 10, 10, 10, 10, 10, 10, 10, 10, 10, 1, 10, 10, 10, 10, 10, 10, 10, 10, 10, 10, 10, 10, 10, 10, 10, 10, 10, 10, 10, 10, 10, 10, 10, 
358: 10, 1, 10, 20, 1, 0, 0, 10, 10, 10, 0, 0, 0, 0, 10, 10, 0, 0, 0, 10, 10, 10, 0, 10, 0, 6, 0, 0, 0, 0, 0, 0, 10, 10, 10, 2, 10, 0, 0, 10, 0, 0, 0, 10, 10, 0, 10, 10, 0, 10, 10, 0, 10, 0, 0, 10, 10, 0, 10, 10, 10, 10, 10, 0, 0, 0, 10, 0, 0, 10, 10, 10, 0, 10, 0, 0, 10, 10, 0, 10, 10, 0, 0, 0, 10, 0, 10, 10, 10, 10, 10, 10, 10, 10, 0, 10, 10, 10, 0, 6, 0, 10, 10, 10, 10, 10, 10, 10, 0, 0, 0, 0, 10, 0, 0, 10, 10, 1, 0, 10, : 10, 1, 10, 20, 1, 10, 10, 10, 10, 10, 10, 10, 10, 10, 6, 10, 10, 10, 2, 10, 10, 10, 10, 10, 10, 10, 10, 10, 10, 10, 10, 10, 10, 10, 10, 10, 10, 10, 10, 10, 10, 10, 10, 10, 10, 10, 10, 10, 10, 10, 10, 10, 10, 10, 10, 10, 6, 10, 10, 10, 10, 10, 10, 10, 10, 10, 10, 1, 10, 
63: 10, 0, 0, 10, 0, 10, 10, 0, 10, 0, 0, 0, 10, 10, 0, 10, 10, 10, 10, 10, 10, 0, 10, 0, 0, 10, 10, 1, 10, 10, 0, 0, 10, 10, 10, 10, 10, 0, 0, 10, 0, 0, 1, 0, 10, 10, 10, 0, 0, 0, 0, 0, 0, 0, 10, 0, 0, 0, 0, 0, 10, 10, 0, 10, 0, 10, 10, 5, 0, 10, 0, 0, 10, 10, 0, 10, 0, 9, 10, 0, 10, 10, 10, 0, 10, 10, 0, 10, 0, 10, 0, 0, 0, 10, 0, 0, 0, 0, 10, 0, 0, 10, 0, 10, 10, 10, 0, 0, 0, 0, 0, 10, 10, 5, 10, 0, 0, 10, 0, 0, : 10, 10, 10, 10, 10, 10, 10, 10, 10, 10, 10, 10, 10, 10, 10, 10, 1, 10, 10, 10, 10, 10, 10, 10, 10, 1, 10, 10, 10, 10, 10, 10, 10, 10, 10, 5, 10, 10, 10, 10, 9, 10, 10, 10, 10, 10, 10, 10, 10, 10, 10, 10, 10, 10, 10, 10, 10, 5, 10, 10, 
246: 0, 0, 10, 0, 10, 10, 10, 10, 10, 10, 0, 0, 0, 10, 0, 10, 10, 0, 10, 10, 10, 2, 0, 10, 0, 10, 3, 0, 0, 0, 10, 0, 0, 0, 0, 0, 10, 0, 0, 10, 10, 0, 10, 10, 10, 0, 10, 10, 10, 10, 10, 0, 0, 0, 10, 10, 10, 0, 10, 10, 10, 10, 10, 1, 10, 10, 10, 10, 0, 19, 0, 0, 10, 0, 0, 10, 10, 10, 10, 10, 0, 10, 10, 0, 0, 0, 10, 10, 10, 10, 10, 10, 0, 10, 10, 0, 0, 10, 10, 0, 10, 10, 10, 0, 0, 0, 0, 10, 10, 0, 19, 0, 3, 10, 10, 10, 0, 10, 0, 10, : 10, 10, 10, 10, 10, 10, 10, 10, 10, 10, 10, 10, 10, 2, 10, 10, 3, 10, 10, 10, 10, 10, 10, 10, 10, 10, 10, 10, 10, 10, 10, 10, 10, 10, 10, 10, 10, 1, 10, 10, 10, 10, 19, 10, 10, 10, 10, 10, 10, 10, 10, 10, 10, 10, 10, 10, 10, 10, 10, 10, 10, 10, 10, 10, 10, 10, 19, 3, 10, 10, 10, 10, 10, 
194: 0, 10, 1, 10, 10, 10, 0, 10, 0, 0, 0, 0, 10, 0, 0, 10, 10, 0, 0, 10, 0, 10, 1, 0, 0, 10, 2, 10, 10, 10, 10, 10, 0, 10, 10, 10, 10, 1, 2, 0, 10, 0, 10, 10, 10, 10, 0, 10, 10, 10, 10, 0, 0, 0, 0, 10, 0, 0, 10, 0, 10, 10, 10, 0, 0, 0, 10, 10, 0, 0, 10, 10, 10, 10, 0, 10, 10, 10, 10, 0, 10, 10, 0, 0, 0, 10, 0, 0, 0, 0, 0, 0, 0, 10, 0, 0, 10, 10, 6, 10, 13, 0, 0, 10, 0, 10, 10, 10, 10, 10, 10, 10, 10, 10, 0, 0, 0, 0, 0, 1, : 10, 1, 10, 10, 10, 10, 10, 10, 10, 10, 10, 1, 10, 2, 10, 10, 10, 10, 10, 10, 10, 10, 10, 1, 2, 10, 10, 10, 10, 10, 10, 10, 10, 10, 10, 10, 10, 10, 10, 10, 10, 10, 10, 10, 10, 10, 10, 10, 10, 10, 10, 10, 10, 10, 10, 6, 10, 13, 10, 10, 10, 10, 10, 10, 10, 10, 10, 10, 1, 
180: 10, 0, 0, 0, 0, 10, 9, 10, 0, 1, 0, 0, 0, 10, 0, 0, 10, 0, 10, 10, 1, 10, 1, 10, 10, 10, 10, 11, 0, 0, 10, 10, 0, 10, 10, 10, 10, 0, 0, 10, 0, 10, 10, 10, 10, 10, 0, 10, 0, 10, 10, 0, 0, 0, 10, 0, 10, 10, 10, 0, 0, 0, 10, 0, 0, 10, 0, 10, 10, 0, 10, 0, 10, 10, 10, 0, 10, 0, 10, 0, 10, 0, 0, 10, 10, 0, 0, 0, 0, 10, 0, 0, 0, 0, 10, 0, 0, 10, 0, 0, 0, 0, 10, 0, 0, 10, 10, 10, 0, 0, 0, 0, 0, 10, 0, 0, 0, 10, 0, 0, : 10, 10, 9, 10, 1, 10, 10, 10, 10, 1, 10, 1, 10, 10, 10, 10, 11, 10, 10, 10, 10, 10, 10, 10, 10, 10, 10, 10, 10, 10, 10, 10, 10, 10, 10, 10, 10, 10, 10, 10, 10, 10, 10, 10, 10, 10, 10, 10, 10, 10, 10, 10, 10, 10, 10, 10, 10, 10, 
268: 10, 0, 0, 0, 10, 10, 0, 10, 10, 10, 0, 0, 0, 0, 0, 0, 10, 0, 0, 0, 10, 0, 10, 10, 0, 0, 10, 0, 10, 0, 10, 0, 10, 10, 10, 0, 0, 10, 0, 0, 10, 0, 10, 0, 0, 0, 10, 20, 0, 0, 0, 0, 0, 10, 10, 0, 10, 0, 10, 13, 0, 0, 0, 10, 10, 0, 0, 10, 10, 0, 0, 0, 11, 0, 10, 0, 10, 10, 0, 0, 0, 0, 0, 0, 10, 0, 0, 0, 0, 10, 10, 0, 10, 10, 0, 0, 10, 0, 10, 10, 0, 0, 0, 10, 3, 10, 10, 0, 10, 0, 0, 10, 0, 0, 10, 0, 0, 10, 10, 0, : 10, 10, 10, 10, 10, 10, 10, 10, 10, 10, 10, 10, 10, 10, 10, 10, 10, 10, 10, 10, 20, 10, 10, 10, 10, 13, 10, 10, 10, 10, 11, 10, 10, 10, 10, 10, 10, 10, 10, 10, 10, 10, 10, 3, 10, 10, 10, 10, 10, 10, 10, 
354: 0, 10, 10, 0, 0, 0, 10, 0, 0, 10, 0, 0, 10, 0, 0, 0, 0, 0, 0, 0, 10, 10, 10, 10, 10, 10, 0, 0, 0, 10, 10, 10, 0, 0, 0, 0, 10, 10, 10, 0, 0, 10, 10, 10, 0, 0, 10, 10, 10, 10, 10, 10, 10, 0, 0, 10, 10, 0, 0, 10, 0, 10, 0, 0, 1, 0, 10, 10, 0, 0, 10, 10, 10, 0, 0, 10, 0, 0, 10, 10, 10, 0, 10, 0, 0, 10, 0, 10, 10, 10, 0, 10, 0, 0, 10, 0, 2, 0, 10, 0, 10, 10, 10, 10, 0, 10, 0, 10, 3, 10, 10, 0, 10, 10, 0, 10, 0, 0, 10, 0, : 10, 10, 10, 10, 10, 10, 10, 10, 10, 10, 10, 10, 10, 10, 10, 10, 10, 10, 10, 10, 10, 10, 10, 10, 10, 10, 10, 10, 10, 10, 10, 1, 10, 10, 10, 10, 10, 10, 10, 10, 10, 10, 10, 10, 10, 10, 10, 10, 2, 10, 10, 10, 10, 10, 10, 10, 3, 10, 10, 10, 10, 10, 10, 
56: 0, 10, 0, 0, 10, 10, 0, 10, 0, 0, 0, 10, 10, 10, 10, 0, 0, 10, 10, 10, 0, 10, 0, 10, 0, 10, 0, 1, 10, 10, 10, 1, 1, 10, 10, 10, 0, 0, 10, 0, 10, 0, 0, 10, 10, 10, 0, 0, 0, 0, 10, 0, 0, 0, 10, 0, 10, 0, 0, 10, 10, 6, 10, 0, 0, 0, 0, 0, 10, 0, 4, 0, 1, 10, 10, 10, 10, 10, 10, 0, 0, 0, 10, 10, 0, 10, 0, 10, 10, 10, 0, 1, 10, 0, 10, 0, 1, 10, 0, 0, 0, 0, 10, 10, 0, 0, 0, 0, 10, 10, 0, 10, 10, 10, 0, 0, 0, 10, 10, 10, : 10, 10, 10, 10, 10, 10, 10, 10, 10, 10, 10, 10, 10, 10, 1, 10, 10, 10, 1, 1, 10, 10, 10, 10, 10, 10, 10, 10, 10, 10, 10, 10, 10, 6, 10, 10, 4, 1, 10, 10, 10, 10, 10, 10, 10, 10, 10, 10, 10, 10, 1, 10, 10, 1, 10, 10, 10, 10, 10, 10, 10, 10, 10, 10, 10, 
341: 10, 0, 10, 10, 10, 10, 0, 10, 10, 10, 0, 10, 0, 0, 0, 2, 10, 0, 0, 0, 10, 0, 10, 0, 0, 0, 10, 10, 0, 10, 0, 10, 0, 10, 10, 10, 10, 10, 10, 0, 10, 10, 0, 10, 0, 0, 10, 0, 0, 0, 10, 0, 10, 0, 0, 10, 0, 0, 0, 10, 0, 10, 10, 10, 10, 0, 0, 0, 10, 10, 10, 0, 0, 0, 0, 10, 0, 0, 0, 10, 10, 0, 10, 10, 0, 10, 10, 0, 0, 0, 10, 0, 1, 10, 0, 10, 0, 10, 0, 0, 0, 10, 10, 10, 10, 0, 10, 0, 0, 10, 0, 0, 0, 0, 10, 10, 10, 0, 0, 10, : 10, 10, 10, 10, 10, 10, 10, 10, 10, 2, 10, 10, 10, 10, 10, 10, 10, 10, 10, 10, 10, 10, 10, 10, 10, 10, 10, 10, 10, 10, 10, 10, 10, 10, 10, 10, 10, 10, 10, 10, 10, 10, 10, 10, 10, 10, 1, 10, 10, 10, 10, 10, 10, 10, 10, 10, 10, 10, 10, 10, 
116: 10, 10, 0, 0, 10, 0, 0, 10, 0, 10, 10, 10, 0, 0, 0, 0, 0, 0, 0, 0, 0, 10, 10, 0, 10, 0, 0, 0, 10, 0, 0, 10, 10, 0, 10, 10, 0, 0, 0, 10, 0, 10, 10, 10, 10, 0, 0, 0, 0, 10, 10, 0, 17, 10, 0, 0, 0, 0, 0, 0, 0, 0, 0, 0, 0, 0, 0, 10, 0, 10, 10, 10, 10, 10, 0, 10, 0, 0, 0, 0, 0, 10, 0, 10, 0, 10, 10, 0, 3, 0, 0, 10, 0, 10, 0, 10, 10, 0, 1, 10, 10, 10, 0, 10, 0, 14, 10, 10, 10, 0, 13, 10, 10, 0, 0, 0, 10, 0, 10, 10, : 10, 10, 10, 10, 10, 10, 10, 10, 10, 10, 10, 10, 10, 10, 10, 10, 10, 10, 10, 10, 10, 10, 17, 10, 10, 10, 10, 10, 10, 10, 10, 10, 10, 10, 10, 3, 10, 10, 10, 10, 1, 10, 10, 10, 10, 14, 10, 10, 10, 13, 10, 10, 10, 10, 10, 
269: 0, 10, 10, 0, 10, 0, 0, 10, 0, 0, 10, 0, 0, 10, 10, 0, 0, 0, 0, 10, 0, 0, 0, 0, 10, 0, 10, 10, 10, 10, 0, 0, 0, 0, 0, 0, 0, 10, 10, 0, 0, 0, 1, 10, 10, 0, 10, 0, 0, 10, 0, 10, 0, 10, 0, 10, 10, 0, 10, 0, 0, 0, 10, 10, 10, 10, 10, 0, 10, 0, 0, 0, 0, 0, 0, 10, 10, 10, 10, 10, 10, 10, 10, 10, 10, 0, 10, 0, 10, 10, 0, 0, 0, 10, 10, 10, 1, 0, 0, 0, 10, 10, 10, 0, 10, 10, 10, 10, 10, 0, 10, 10, 0, 0, 10, 0, 10, 10, 0, 10, : 10, 10, 10, 10, 10, 10, 10, 10, 10, 10, 10, 10, 10, 10, 10, 1, 10, 10, 10, 10, 10, 10, 10, 10, 10, 10, 10, 10, 10, 10, 10, 10, 10, 10, 10, 10, 10, 10, 10, 10, 10, 10, 10, 10, 10, 10, 10, 1, 10, 10, 10, 10, 10, 10, 10, 10, 10, 10, 10, 10, 10, 10, 
382: 0, 0, 0, 2, 10, 10, 10, 10, 0, 10, 10, 16, 10, 10, 0, 10, 10, 0, 10, 0, 0, 10, 10, 10, 10, 10, 0, 0, 0, 0, 0, 10, 10, 0, 10, 0, 10, 10, 0, 0, 10, 0, 0, 10, 10, 10, 0, 1, 10, 0, 0, 0, 10, 10, 10, 0, 0, 10, 0, 10, 0, 0, 0, 10, 0, 0, 12, 0, 10, 0, 10, 0, 0, 10, 10, 0, 0, 10, 10, 0, 1, 0, 10, 10, 0, 0, 0, 0, 10, 0, 10, 0, 0, 0, 0, 0, 10, 0, 10, 0, 10, 0, 8, 0, 0, 10, 10, 0, 10, 10, 0, 0, 10, 0, 0, 10, 0, 0, 0, 0, : 2, 10, 10, 10, 10, 10, 10, 16, 10, 10, 10, 10, 10, 10, 10, 10, 10, 10, 10, 10, 10, 10, 10, 10, 10, 10, 10, 1, 10, 10, 10, 10, 10, 10, 10, 12, 10, 10, 10, 10, 10, 10, 1, 10, 10, 10, 10, 10, 10, 10, 8, 10, 10, 10, 10, 10, 10, 
298: 0, 0, 0, 0, 10, 0, 0, 0, 10, 0, 11, 1, 10, 10, 10, 10, 10, 10, 0, 0, 10, 10, 0, 0, 0, 0, 10, 10, 10, 0, 10, 0, 10, 10, 10, 0, 13, 0, 0, 0, 0, 0, 0, 0, 0, 10, 10, 0, 0, 0, 0, 10, 0, 10, 0, 0, 10, 10, 0, 10, 0, 0, 0, 10, 10, 10, 0, 0, 0, 10, 1, 0, 0, 7, 10, 0, 0, 0, 0, 10, 10, 0, 0, 10, 0, 10, 10, 0, 1, 0, 10, 10, 0, 0, 0, 10, 0, 0, 10, 0, 5, 0, 0, 0, 10, 10, 0, 0, 0, 1, 8, 0, 0, 0, 10, 10, 10, 0, 10, 0, : 10, 10, 11, 1, 10, 10, 10, 10, 10, 10, 10, 10, 10, 10, 10, 10, 10, 10, 10, 13, 10, 10, 10, 10, 10, 10, 10, 10, 10, 10, 10, 1, 7, 10, 10, 10, 10, 10, 10, 1, 10, 10, 10, 10, 5, 10, 10, 1, 8, 10, 10, 10, 10, 
165: 10, 10, 0, 10, 10, 0, 10, 10, 0, 0, 10, 0, 0, 0, 0, 0, 10, 10, 10, 0, 0, 10, 10, 10, 10, 0, 10, 0, 1, 0, 0, 10, 10, 10, 10, 10, 0, 0, 0, 0, 0, 0, 0, 10, 0, 10, 10, 10, 10, 0, 0, 10, 0, 10, 10, 10, 10, 10, 10, 10, 0, 10, 10, 10, 9, 10, 10, 0, 0, 10, 0, 10, 0, 0, 0, 0, 10, 10, 10, 0, 0, 12, 10, 10, 0, 0, 0, 10, 10, 0, 10, 0, 10, 0, 0, 10, 10, 0, 10, 0, 0, 10, 10, 10, 10, 10, 0, 10, 0, 10, 10, 0, 0, 0, 0, 15, 0, 10, 10, 0, : 10, 10, 10, 10, 10, 10, 10, 10, 10, 10, 10, 10, 10, 10, 10, 1, 10, 10, 10, 10, 10, 10, 10, 10, 10, 10, 10, 10, 10, 10, 10, 10, 10, 10, 10, 10, 10, 9, 10, 10, 10, 10, 10, 10, 10, 12, 10, 10, 10, 10, 10, 10, 10, 10, 10, 10, 10, 10, 10, 10, 10, 10, 10, 15, 10, 10, 
365: 0, 10, 0, 10, 10, 4, 0, 10, 6, 0, 0, 0, 10, 10, 15, 10, 0, 0, 0, 10, 0, 0, 10, 10, 10, 0, 10, 0, 10, 10, 10, 10, 0, 10, 0, 10, 1, 0, 0, 0, 0, 0, 10, 0, 2, 10, 10, 10, 0, 10, 10, 0, 10, 0, 10, 10, 10, 0, 0, 5, 10, 10, 0, 10, 10, 0, 10, 0, 10, 10, 0, 0, 10, 0, 10, 0, 10, 0, 10, 0, 0, 0, 10, 10, 10, 0, 10, 0, 10, 0, 10, 10, 10, 10, 0, 0, 10, 0, 10, 0, 10, 10, 10, 10, 10, 0, 10, 0, 0, 10, 0, 0, 0, 0, 0, 10, 10, 0, 0, 0, : 10, 10, 10, 4, 10, 6, 10, 10, 15, 10, 10, 10, 10, 10, 10, 10, 10, 10, 10, 10, 10, 1, 10, 2, 10, 10, 10, 10, 10, 10, 10, 10, 10, 5, 10, 10, 10, 10, 10, 10, 10, 10, 10, 10, 10, 10, 10, 10, 10, 10, 10, 10, 10, 10, 10, 10, 10, 10, 10, 10, 10, 10, 10, 10, 10, 
332: 10, 10, 0, 0, 10, 0, 10, 0, 2, 10, 0, 10, 10, 0, 1, 0, 10, 0, 10, 0, 10, 10, 10, 0, 10, 0, 10, 0, 10, 0, 6, 10, 0, 0, 0, 10, 0, 0, 10, 0, 0, 0, 10, 10, 10, 2, 10, 0, 0, 10, 10, 10, 0, 10, 0, 10, 10, 10, 10, 1, 4, 10, 10, 0, 10, 10, 10, 10, 10, 10, 10, 10, 2, 1, 0, 0, 0, 0, 0, 10, 10, 10, 0, 10, 2, 10, 10, 10, 0, 10, 10, 0, 10, 0, 0, 10, 15, 0, 10, 10, 10, 0, 0, 10, 10, 0, 10, 0, 0, 10, 10, 0, 10, 0, 0, 0, 10, 0, 0, 0, : 10, 10, 10, 10, 2, 10, 10, 10, 1, 10, 10, 10, 10, 10, 10, 10, 10, 6, 10, 10, 10, 10, 10, 10, 2, 10, 10, 10, 10, 10, 10, 10, 10, 10, 1, 4, 10, 10, 10, 10, 10, 10, 10, 10, 10, 10, 2, 1, 10, 10, 10, 10, 2, 10, 10, 10, 10, 10, 10, 10, 15, 10, 10, 10, 10, 10, 10, 10, 10, 10, 10, 
336: 2, 0, 0, 0, 10, 10, 0, 10, 0, 10, 10, 10, 10, 10, 0, 0, 10, 10, 10, 0, 10, 0, 10, 0, 10, 10, 10, 10, 10, 0, 0, 10, 0, 10, 0, 10, 10, 10, 10, 10, 0, 10, 0, 8, 0, 0, 10, 10, 10, 10, 0, 0, 0, 0, 10, 10, 0, 10, 0, 10, 10, 0, 10, 10, 10, 10, 10, 0, 0, 0, 10, 0, 10, 10, 10, 10, 10, 0, 10, 10, 0, 10, 0, 10, 10, 0, 10, 10, 10, 0, 0, 0, 0, 0, 10, 0, 0, 10, 0, 0, 10, 0, 0, 10, 10, 10, 0, 10, 10, 0, 10, 10, 10, 0, 0, 0, 10, 10, 0, 10, : 2, 10, 10, 10, 10, 10, 10, 10, 10, 10, 10, 10, 10, 10, 10, 10, 10, 10, 10, 10, 10, 10, 10, 10, 10, 10, 10, 8, 10, 10, 10, 10, 10, 10, 10, 10, 10, 10, 10, 10, 10, 10, 10, 10, 10, 10, 10, 10, 10, 10, 10, 10, 10, 10, 10, 10, 10, 10, 10, 10, 10, 10, 10, 10, 10, 10, 10, 10, 10, 10, 
89: 10, 0, 10, 0, 10, 10, 0, 10, 10, 10, 0, 10, 10, 10, 0, 0, 10, 10, 0, 10, 10, 10, 0, 1, 10, 0, 0, 0, 0, 10, 10, 0, 0, 10, 0, 10, 10, 0, 0, 0, 0, 10, 10, 0, 10, 0, 0, 0, 10, 0, 0, 10, 10, 0, 10, 0, 10, 10, 10, 0, 10, 10, 0, 0, 0, 10, 10, 10, 0, 10, 0, 10, 0, 0, 0, 10, 0, 10, 10, 10, 10, 10, 0, 0, 10, 2, 0, 0, 0, 0, 0, 10, 0, 0, 0, 10, 0, 0, 10, 0, 10, 0, 10, 10, 0, 0, 10, 0, 10, 2, 0, 10, 10, 10, 0, 0, 15, 0, 0, 0, : 10, 10, 10, 10, 10, 10, 10, 10, 10, 10, 10, 10, 10, 10, 10, 1, 10, 10, 10, 10, 10, 10, 10, 10, 10, 10, 10, 10, 10, 10, 10, 10, 10, 10, 10, 10, 10, 10, 10, 10, 10, 10, 10, 10, 10, 10, 2, 10, 10, 10, 10, 10, 10, 10, 10, 2, 10, 10, 10, 15, 
169: 0, 10, 10, 10, 0, 10, 10, 0, 1, 0, 0, 0, 0, 0, 0, 0, 19, 10, 0, 0, 0, 10, 0, 0, 10, 10, 1, 0, 0, 10, 10, 10, 10, 10, 0, 0, 10, 10, 10, 0, 2, 1, 0, 10, 0, 0, 0, 10, 10, 10, 10, 0, 10, 10, 0, 10, 0, 10, 0, 0, 10, 10, 0, 10, 10, 10, 10, 0, 10, 10, 0, 5, 10, 10, 0, 0, 10, 10, 1, 10, 0, 10, 0, 19, 0, 10, 0, 10, 0, 0, 10, 10, 10, 10, 10, 10, 0, 0, 10, 0, 0, 10, 0, 0, 0, 0, 0, 0, 10, 0, 0, 10, 10, 10, 10, 4, 0, 0, 0, 0, : 10, 10, 10, 10, 10, 1, 19, 10, 10, 10, 10, 1, 10, 10, 10, 10, 10, 10, 10, 10, 2, 1, 10, 10, 10, 10, 10, 10, 10, 10, 10, 10, 10, 10, 10, 10, 10, 10, 10, 5, 10, 10, 10, 10, 1, 10, 10, 19, 10, 10, 10, 10, 10, 10, 10, 10, 10, 10, 10, 10, 10, 10, 10, 4, 
220: 0, 10, 10, 10, 10, 0, 10, 0, 10, 0, 10, 0, 10, 0, 10, 10, 0, 0, 0, 0, 10, 0, 10, 10, 0, 0, 10, 10, 10, 0, 10, 10, 0, 0, 11, 0, 10, 10, 10, 10, 0, 10, 10, 0, 10, 0, 3, 0, 0, 0, 0, 0, 0, 10, 10, 0, 10, 10, 0, 10, 10, 0, 10, 0, 10, 10, 10, 0, 0, 10, 10, 0, 10, 10, 10, 0, 0, 0, 10, 0, 0, 0, 10, 10, 0, 10, 10, 10, 10, 0, 2, 10, 10, 0, 0, 0, 0, 0, 10, 0, 10, 10, 0, 10, 0, 0, 0, 4, 10, 10, 10, 0, 0, 10, 10, 12, 10, 0, 10, 10, : 10, 10, 10, 10, 10, 10, 10, 10, 10, 10, 10, 10, 10, 10, 10, 10, 10, 10, 11, 10, 10, 10, 10, 10, 10, 10, 3, 10, 10, 10, 10, 10, 10, 10, 10, 10, 10, 10, 10, 10, 10, 10, 10, 10, 10, 10, 10, 10, 10, 2, 10, 10, 10, 10, 10, 10, 4, 10, 10, 10, 10, 10, 12, 10, 10, 10, 
190: 0, 10, 0, 0, 0, 0, 0, 10, 1, 10, 10, 0, 0, 0, 0, 0, 10, 0, 10, 0, 10, 0, 0, 10, 0, 0, 0, 10, 10, 10, 0, 0, 10, 2, 10, 0, 10, 10, 10, 10, 0, 0, 10, 0, 10, 10, 0, 0, 1, 0, 0, 10, 0, 10, 0, 0, 10, 0, 0, 10, 10, 0, 10, 0, 10, 0, 0, 12, 0, 10, 0, 10, 0, 0, 10, 10, 0, 10, 1, 0, 10, 0, 10, 10, 10, 10, 0, 0, 10, 10, 2, 10, 0, 0, 0, 10, 10, 0, 10, 10, 10, 0, 10, 0, 0, 0, 0, 0, 10, 10, 10, 10, 0, 0, 0, 0, 0, 10, 10, 0, : 10, 10, 1, 10, 10, 10, 10, 10, 10, 10, 10, 10, 10, 2, 10, 10, 10, 10, 10, 10, 10, 10, 1, 10, 10, 10, 10, 10, 10, 10, 12, 10, 10, 10, 10, 10, 1, 10, 10, 10, 10, 10, 10, 10, 2, 10, 10, 10, 10, 10, 10, 10, 10, 10, 10, 10, 10, 10, 
131: 10, 0, 10, 10, 0, 0, 10, 10, 0, 10, 0, 0, 10, 10, 10, 0, 0, 0, 10, 10, 10, 10, 0, 10, 10, 0, 0, 10, 10, 2, 0, 10, 10, 0, 10, 10, 10, 0, 10, 8, 0, 10, 0, 10, 0, 0, 10, 0, 10, 0, 10, 0, 10, 0, 10, 10, 0, 0, 10, 10, 0, 0, 10, 0, 0, 0, 10, 10, 0, 0, 3, 0, 0, 10, 10, 0, 0, 10, 10, 0, 0, 0, 0, 0, 0, 0, 0, 10, 10, 5, 10, 10, 10, 10, 10, 12, 10, 0, 12, 0, 0, 0, 10, 0, 10, 0, 0, 10, 10, 10, 0, 0, 0, 10, 0, 0, 0, 10, 0, 10, : 10, 10, 10, 10, 10, 10, 10, 10, 10, 10, 10, 10, 10, 10, 10, 10, 10, 2, 10, 10, 10, 10, 10, 10, 8, 10, 10, 10, 10, 10, 10, 10, 10, 10, 10, 10, 10, 10, 3, 10, 10, 10, 10, 10, 10, 5, 10, 10, 10, 10, 10, 12, 10, 12, 10, 10, 10, 10, 10, 10, 10, 10, 
347: 0, 10, 0, 0, 10, 10, 0, 10, 10, 0, 10, 10, 0, 10, 0, 10, 10, 0, 0, 0, 0, 3, 10, 10, 0, 10, 0, 10, 1, 10, 0, 10, 0, 0, 10, 10, 1, 10, 10, 0, 0, 10, 10, 10, 10, 0, 0, 0, 10, 10, 10, 10, 0, 10, 0, 10, 10, 10, 0, 0, 10, 10, 10, 10, 10, 0, 10, 0, 10, 0, 10, 10, 0, 10, 10, 10, 0, 10, 0, 0, 0, 0, 10, 0, 10, 0, 0, 10, 0, 10, 10, 0, 0, 10, 10, 10, 0, 10, 10, 0, 10, 10, 2, 0, 10, 0, 0, 10, 0, 0, 10, 10, 0, 10, 10, 0, 0, 10, 0, 13, : 10, 10, 10, 10, 10, 10, 10, 10, 10, 10, 3, 10, 10, 10, 10, 1, 10, 10, 10, 10, 1, 10, 10, 10, 10, 10, 10, 10, 10, 10, 10, 10, 10, 10, 10, 10, 10, 10, 10, 10, 10, 10, 10, 10, 10, 10, 10, 10, 10, 10, 10, 10, 10, 10, 10, 10, 10, 10, 10, 10, 2, 10, 10, 10, 10, 10, 10, 10, 13, 
113: 0, 10, 10, 0, 0, 1, 10, 10, 10, 0, 10, 10, 10, 0, 10, 10, 0, 0, 10, 10, 10, 0, 0, 1, 10, 7, 10, 10, 0, 10, 10, 0, 10, 0, 10, 10, 0, 4, 0, 10, 10, 0, 10, 0, 10, 10, 12, 10, 0, 0, 10, 0, 10, 0, 0, 10, 0, 0, 10, 0, 10, 0, 0, 0, 0, 0, 10, 2, 0, 0, 10, 0, 10, 10, 10, 0, 0, 0, 10, 0, 10, 0, 0, 0, 10, 0, 10, 0, 18, 0, 0, 10, 10, 0, 0, 0, 10, 10, 0, 0, 10, 10, 0, 0, 0, 0, 0, 10, 10, 0, 10, 10, 0, 0, 10, 10, 10, 0, 0, 6, : 10, 10, 1, 10, 10, 10, 10, 10, 10, 10, 10, 10, 10, 10, 1, 10, 7, 10, 10, 10, 10, 10, 10, 10, 4, 10, 10, 10, 10, 10, 12, 10, 10, 10, 10, 10, 10, 10, 2, 10, 10, 10, 10, 10, 10, 10, 10, 18, 10, 10, 10, 10, 10, 10, 10, 10, 10, 10, 10, 10, 10, 6, 
182: 0, 10, 0, 10, 10, 0, 0, 0, 10, 2, 0, 0, 0, 10, 0, 10, 0, 10, 10, 0, 10, 10, 10, 0, 10, 0, 10, 0, 0, 10, 14, 0, 10, 10, 10, 10, 0, 0, 0, 10, 10, 0, 0, 0, 10, 0, 0, 10, 10, 10, 10, 0, 10, 0, 0, 0, 10, 0, 10, 0, 0, 0, 0, 10, 0, 0, 10, 0, 10, 0, 0, 10, 0, 10, 9, 0, 0, 0, 10, 10, 10, 4, 0, 0, 10, 0, 10, 0, 0, 0, 10, 0, 10, 10, 0, 10, 0, 10, 0, 0, 10, 10, 10, 0, 10, 0, 10, 10, 10, 10, 10, 0, 10, 0, 0, 0, 10, 0, 0, 0, : 10, 10, 10, 10, 2, 10, 10, 10, 10, 10, 10, 10, 10, 10, 10, 14, 10, 10, 10, 10, 10, 10, 10, 10, 10, 10, 10, 10, 10, 10, 10, 10, 10, 10, 10, 9, 10, 10, 10, 4, 10, 10, 10, 10, 10, 10, 10, 10, 10, 10, 10, 10, 10, 10, 10, 10, 10, 10, 
193: 10, 0, 0, 10, 0, 10, 10, 0, 10, 10, 10, 10, 10, 10, 10, 0, 0, 10, 0, 10, 10, 0, 10, 10, 0, 10, 0, 10, 10, 10, 0, 7, 10, 10, 10, 0, 10, 0, 0, 0, 0, 10, 10, 10, 0, 10, 10, 0, 10, 0, 0, 0, 10, 10, 10, 2, 10, 0, 0, 10, 10, 10, 10, 10, 0, 0, 0, 0, 10, 10, 0, 10, 0, 10, 10, 10, 10, 0, 0, 10, 10, 10, 10, 0, 0, 0, 0, 0, 0, 10, 0, 10, 10, 10, 10, 0, 10, 0, 0, 9, 10, 2, 0, 0, 0, 10, 10, 10, 0, 0, 10, 0, 10, 10, 10, 0, 10, 0, 10, 10, : 10, 10, 10, 10, 10, 10, 10, 10, 10, 10, 10, 10, 10, 10, 10, 10, 10, 10, 10, 10, 7, 10, 10, 10, 10, 10, 10, 10, 10, 10, 10, 10, 10, 10, 2, 10, 10, 10, 10, 10, 10, 10, 10, 10, 10, 10, 10, 10, 10, 10, 10, 10, 10, 10, 10, 10, 10, 10, 9, 10, 2, 10, 10, 10, 10, 10, 10, 10, 10, 10, 10, 
370: 0, 0, 10, 10, 10, 0, 10, 0, 0, 10, 10, 10, 10, 10, 10, 10, 0, 10, 0, 0, 0, 0, 0, 0, 0, 10, 10, 0, 10, 0, 10, 10, 0, 10, 0, 10, 0, 0, 0, 10, 10, 0, 0, 1, 10, 0, 0, 10, 0, 10, 0, 10, 0, 0, 0, 10, 10, 10, 10, 0, 10, 0, 0, 0, 10, 0, 10, 10, 10, 10, 10, 10, 10, 0, 0, 10, 0, 0, 0, 0, 0, 10, 10, 0, 10, 0, 10, 10, 0, 10, 0, 10, 0, 0, 10, 10, 10, 0, 10, 0, 0, 10, 0, 10, 0, 10, 0, 0, 0, 0, 0, 0, 10, 0, 0, 10, 10, 10, 0, 10, : 10, 10, 10, 10, 10, 10, 10, 10, 10, 10, 10, 10, 10, 10, 10, 10, 10, 10, 10, 10, 10, 1, 10, 10, 10, 10, 10, 10, 10, 10, 10, 10, 10, 10, 10, 10, 10, 10, 10, 10, 10, 10, 10, 10, 10, 10, 10, 10, 10, 10, 10, 10, 10, 10, 10, 10, 10, 10, 10, 
71: 10, 0, 0, 10, 0, 0, 10, 0, 0, 0, 10, 10, 0, 10, 0, 0, 10, 0, 0, 10, 10, 10, 10, 10, 1, 10, 10, 0, 10, 0, 10, 0, 10, 10, 0, 0, 10, 10, 10, 0, 10, 10, 10, 10, 10, 0, 0, 0, 0, 0, 10, 10, 0, 10, 0, 0, 0, 0, 10, 10, 0, 10, 10, 0, 0, 10, 0, 10, 0, 0, 10, 10, 0, 10, 0, 1, 10, 0, 10, 0, 3, 0, 10, 0, 0, 0, 2, 10, 0, 1, 10, 0, 7, 10, 10, 10, 0, 10, 1, 10, 0, 10, 0, 0, 10, 0, 10, 0, 0, 0, 0, 0, 10, 10, 0, 10, 10, 10, 0, 10, : 10, 10, 10, 10, 10, 10, 10, 10, 10, 10, 10, 10, 1, 10, 10, 10, 10, 10, 10, 10, 10, 10, 10, 10, 10, 10, 10, 10, 10, 10, 10, 10, 10, 10, 10, 10, 10, 10, 10, 1, 10, 10, 3, 10, 2, 10, 1, 10, 7, 10, 10, 10, 10, 1, 10, 10, 10, 10, 10, 10, 10, 10, 10, 10, 
247: 10, 0, 0, 10, 0, 0, 10, 10, 0, 10, 10, 0, 10, 10, 10, 10, 0, 10, 10, 10, 0, 10, 0, 10, 0, 0, 0, 10, 10, 0, 10, 0, 0, 10, 10, 10, 10, 0, 0, 10, 0, 0, 0, 10, 0, 10, 10, 10, 0, 10, 1, 2, 10, 0, 10, 0, 3, 10, 14, 0, 0, 0, 0, 10, 0, 0, 0, 10, 0, 0, 3, 0, 10, 0, 1, 10, 0, 10, 0, 0, 0, 10, 10, 10, 10, 0, 0, 0, 10, 0, 10, 0, 0, 10, 10, 0, 10, 0, 10, 10, 0, 10, 0, 0, 0, 10, 10, 10, 0, 0, 10, 0, 10, 10, 0, 10, 10, 0, 10, 0, : 10, 10, 10, 10, 10, 10, 10, 10, 10, 10, 10, 10, 10, 10, 10, 10, 10, 10, 10, 10, 10, 10, 10, 10, 10, 10, 10, 10, 1, 2, 10, 10, 3, 10, 14, 10, 10, 3, 10, 1, 10, 10, 10, 10, 10, 10, 10, 10, 10, 10, 10, 10, 10, 10, 10, 10, 10, 10, 10, 10, 10, 10, 10, 
378: 0, 0, 0, 10, 10, 10, 0, 0, 10, 0, 10, 10, 10, 0, 10, 10, 10, 10, 0, 10, 0, 0, 10, 10, 0, 0, 0, 1, 10, 10, 0, 10, 0, 10, 0, 10, 0, 10, 10, 10, 0, 0, 10, 10, 10, 2, 0, 0, 10, 10, 0, 10, 10, 10, 10, 10, 10, 0, 10, 6, 10, 0, 10, 10, 0, 0, 10, 0, 10, 0, 10, 10, 0, 10, 0, 10, 0, 0, 0, 0, 10, 0, 0, 10, 0, 0, 0, 0, 0, 0, 10, 10, 0, 10, 10, 10, 10, 15, 0, 0, 10, 0, 0, 0, 10, 0, 1, 10, 10, 0, 0, 0, 0, 0, 10, 10, 10, 10, 10, 10, : 10, 10, 10, 10, 10, 10, 10, 10, 10, 10, 10, 10, 10, 10, 1, 10, 10, 10, 10, 10, 10, 10, 10, 10, 10, 10, 2, 10, 10, 10, 10, 10, 10, 10, 10, 10, 6, 10, 10, 10, 10, 10, 10, 10, 10, 10, 10, 10, 10, 10, 10, 10, 10, 10, 15, 10, 10, 1, 10, 10, 10, 10, 10, 10, 10, 10, 
195: 0, 10, 10, 10, 3, 0, 10, 0, 10, 0, 10, 0, 10, 10, 0, 10, 10, 10, 10, 0, 10, 0, 10, 10, 0, 10, 10, 10, 0, 0, 0, 10, 0, 10, 10, 10, 0, 0, 0, 0, 10, 10, 10, 0, 0, 10, 10, 10, 0, 0, 0, 10, 3, 0, 10, 15, 0, 0, 0, 0, 0, 10, 0, 0, 10, 10, 0, 10, 0, 10, 10, 0, 0, 10, 10, 10, 10, 0, 0, 10, 0, 10, 10, 1, 0, 13, 10, 10, 0, 10, 0, 0, 0, 0, 0, 0, 10, 0, 10, 10, 0, 10, 0, 0, 10, 8, 0, 0, 10, 0, 10, 10, 0, 0, 0, 10, 0, 0, 0, 0, : 10, 10, 10, 3, 10, 10, 10, 10, 10, 10, 10, 10, 10, 10, 10, 10, 10, 10, 10, 10, 10, 10, 10, 10, 10, 10, 10, 10, 10, 10, 3, 10, 15, 10, 10, 10, 10, 10, 10, 10, 10, 10, 10, 10, 10, 10, 1, 13, 10, 10, 10, 10, 10, 10, 10, 10, 8, 10, 10, 10, 10, 
379: 0, 0, 0, 0, 10, 0, 0, 5, 0, 0, 0, 10, 0, 1, 0, 10, 10, 0, 0, 10, 0, 18, 10, 0, 10, 0, 10, 10, 10, 10, 10, 10, 10, 0, 0, 10, 0, 0, 0, 0, 1, 10, 0, 0, 0, 10, 0, 0, 10, 10, 10, 10, 10, 10, 0, 10, 0, 10, 10, 10, 0, 0, 0, 10, 0, 10, 1, 10, 10, 0, 10, 3, 10, 0, 10, 10, 0, 0, 10, 10, 0, 0, 10, 10, 10, 5, 10, 0, 0, 10, 10, 0, 10, 0, 10, 10, 10, 0, 2, 0, 0, 0, 10, 0, 10, 10, 10, 0, 10, 1, 0, 0, 0, 10, 0, 0, 10, 10, 10, 10, : 10, 5, 10, 1, 10, 10, 10, 18, 10, 10, 10, 10, 10, 10, 10, 10, 10, 10, 1, 10, 10, 10, 10, 10, 10, 10, 10, 10, 10, 10, 10, 10, 10, 1, 10, 10, 10, 3, 10, 10, 10, 10, 10, 10, 10, 10, 5, 10, 10, 10, 10, 10, 10, 10, 2, 10, 10, 10, 10, 10, 1, 10, 10, 10, 10, 10, 
108: 0, 10, 10, 10, 0, 10, 0, 0, 0, 0, 0, 10, 10, 0, 0, 10, 0, 0, 10, 10, 0, 0, 4, 10, 10, 0, 0, 10, 10, 10, 0, 10, 10, 0, 0, 10, 10, 10, 10, 0, 10, 10, 10, 0, 10, 10, 0, 5, 0, 16, 0, 10, 0, 10, 10, 10, 0, 0, 10, 10, 10, 0, 0, 0, 0, 10, 0, 10, 10, 0, 0, 0, 10, 10, 0, 10, 0, 0, 10, 10, 0, 0, 0, 0, 0, 0, 4, 0, 0, 0, 0, 0, 18, 10, 10, 10, 1, 0, 1, 10, 0, 10, 0, 0, 0, 2, 0, 1, 0, 0, 0, 0, 0, 0, 0, 0, 10, 10, 10, 0, : 10, 10, 10, 10, 10, 10, 10, 10, 10, 4, 10, 10, 10, 10, 10, 10, 10, 10, 10, 10, 10, 10, 10, 10, 10, 10, 5, 16, 10, 10, 10, 10, 10, 10, 10, 10, 10, 10, 10, 10, 10, 10, 10, 4, 18, 10, 10, 10, 1, 1, 10, 10, 2, 1, 10, 10, 10, 
249: 0, 10, 10, 0, 10, 0, 10, 0, 1, 0, 0, 0, 0, 10, 10, 0, 10, 0, 0, 10, 0, 0, 10, 0, 10, 10, 10, 10, 0, 10, 10, 0, 10, 0, 0, 0, 10, 10, 10, 10, 10, 10, 0, 0, 10, 10, 0, 10, 0, 0, 10, 10, 10, 10, 10, 0, 0, 10, 0, 0, 15, 10, 0, 10, 0, 10, 0, 10, 10, 0, 0, 0, 10, 10, 0, 0, 0, 13, 10, 10, 1, 0, 10, 0, 0, 0, 0, 10, 10, 0, 0, 0, 10, 0, 10, 4, 10, 10, 10, 10, 0, 0, 10, 10, 0, 0, 10, 10, 10, 10, 5, 0, 10, 10, 0, 0, 0, 0, 10, 0, : 10, 10, 10, 10, 1, 10, 10, 10, 10, 10, 10, 10, 10, 10, 10, 10, 10, 10, 10, 10, 10, 10, 10, 10, 10, 10, 10, 10, 10, 10, 10, 10, 15, 10, 10, 10, 10, 10, 10, 10, 13, 10, 10, 1, 10, 10, 10, 10, 10, 4, 10, 10, 10, 10, 10, 10, 10, 10, 10, 10, 5, 10, 10, 10, 
29: 10, 0, 0, 0, 10, 10, 10, 10, 0, 0, 10, 10, 10, 0, 0, 0, 10, 14, 0, 0, 10, 0, 10, 0, 10, 10, 10, 10, 0, 0, 10, 0, 10, 10, 10, 10, 10, 0, 10, 10, 0, 10, 10, 0, 10, 0, 10, 3, 10, 0, 10, 10, 0, 10, 0, 10, 0, 0, 0, 10, 0, 10, 10, 0, 0, 0, 10, 10, 10, 0, 10, 0, 0, 0, 0, 10, 0, 10, 1, 0, 10, 10, 0, 5, 0, 0, 10, 10, 0, 10, 10, 10, 0, 10, 10, 0, 10, 10, 10, 10, 0, 0, 10, 0, 10, 0, 10, 0, 10, 0, 0, 10, 0, 0, 0, 10, 10, 10, 3, 10, : 10, 10, 10, 10, 10, 10, 10, 10, 10, 14, 10, 10, 10, 10, 10, 10, 10, 10, 10, 10, 10, 10, 10, 10, 10, 10, 10, 10, 3, 10, 10, 10, 10, 10, 10, 10, 10, 10, 10, 10, 10, 10, 10, 1, 10, 10, 5, 10, 10, 10, 10, 10, 10, 10, 10, 10, 10, 10, 10, 10, 10, 10, 10, 10, 10, 10, 3, 10, 
303: 5, 10, 0, 10, 0, 0, 0, 10, 10, 10, 0, 10, 10, 0, 10, 10, 0, 10, 0, 10, 10, 10, 10, 11, 0, 0, 10, 10, 19, 10, 0, 10, 0, 10, 0, 0, 10, 0, 10, 0, 0, 10, 10, 0, 0, 10, 10, 0, 0, 10, 0, 10, 2, 0, 10, 10, 0, 0, 0, 0, 0, 10, 10, 10, 10, 0, 0, 10, 0, 10, 0, 0, 10, 0, 0, 10, 0, 0, 0, 10, 10, 0, 10, 10, 10, 0, 10, 0, 0, 10, 0, 0, 0, 0, 10, 0, 0, 10, 0, 10, 0, 0, 10, 0, 0, 0, 10, 10, 0, 10, 10, 1, 0, 10, 10, 2, 10, 1, 0, 10, : 5, 10, 10, 10, 10, 10, 10, 10, 10, 10, 10, 10, 10, 10, 10, 11, 10, 10, 19, 10, 10, 10, 10, 10, 10, 10, 10, 10, 10, 10, 2, 10, 10, 10, 10, 10, 10, 10, 10, 10, 10, 10, 10, 10, 10, 10, 10, 10, 10, 10, 10, 10, 10, 10, 10, 10, 1, 10, 10, 2, 10, 1, 10, 
27: 0, 0, 10, 0, 0, 10, 0, 10, 10, 0, 0, 10, 1, 10, 10, 0, 10, 10, 0, 0, 10, 0, 10, 10, 0, 10, 3, 10, 10, 10, 0, 10, 0, 0, 0, 0, 10, 10, 0, 0, 10, 0, 0, 0, 1, 10, 0, 10, 0, 0, 0, 10, 0, 0, 5, 10, 0, 10, 10, 0, 0, 0, 10, 10, 10, 0, 0, 10, 10, 0, 10, 10, 0, 0, 10, 10, 10, 10, 1, 0, 10, 10, 0, 0, 0, 10, 10, 10, 18, 0, 10, 10, 10, 10, 10, 0, 0, 10, 0, 0, 0, 0, 0, 10, 10, 0, 10, 3, 10, 10, 10, 10, 10, 10, 0, 0, 0, 0, 10, 10, : 10, 10, 10, 10, 10, 1, 10, 10, 10, 10, 10, 10, 10, 10, 3, 10, 10, 10, 10, 10, 10, 10, 1, 10, 10, 10, 5, 10, 10, 10, 10, 10, 10, 10, 10, 10, 10, 10, 10, 10, 10, 1, 10, 10, 10, 10, 10, 18, 10, 10, 10, 10, 10, 10, 10, 10, 10, 3, 10, 10, 10, 10, 10, 10, 10, 10, 
166: 10, 0, 0, 0, 0, 10, 0, 10, 10, 0, 10, 0, 0, 10, 10, 0, 10, 0, 0, 10, 0, 0, 10, 0, 0, 10, 10, 0, 0, 10, 0, 10, 17, 0, 10, 10, 0, 10, 10, 0, 0, 10, 0, 10, 0, 0, 10, 10, 10, 10, 10, 1, 0, 10, 10, 0, 10, 10, 0, 0, 0, 0, 10, 10, 0, 10, 0, 0, 0, 0, 0, 10, 0, 10, 10, 0, 0, 10, 0, 0, 0, 10, 0, 10, 10, 10, 0, 0, 10, 10, 10, 3, 0, 0, 0, 7, 0, 0, 10, 10, 0, 10, 0, 0, 4, 10, 0, 10, 10, 10, 0, 0, 10, 10, 10, 10, 6, 10, 10, 10, : 10, 10, 10, 10, 10, 10, 10, 10, 10, 10, 10, 10, 10, 10, 17, 10, 10, 10, 10, 10, 10, 10, 10, 10, 10, 10, 1, 10, 10, 10, 10, 10, 10, 10, 10, 10, 10, 10, 10, 10, 10, 10, 10, 10, 10, 3, 7, 10, 10, 10, 4, 10, 10, 10, 10, 10, 10, 10, 10, 6, 10, 10, 10, 
267: 10, 10, 0, 10, 10, 0, 10, 1, 10, 10, 0, 10, 0, 10, 10, 10, 10, 6, 0, 10, 0, 10, 0, 0, 0, 10, 0, 0, 0, 0, 10, 0, 10, 0, 0, 10, 0, 0, 0, 0, 10, 0, 0, 0, 5, 0, 10, 0, 10, 10, 0, 0, 10, 0, 0, 0, 10, 10, 10, 0, 10, 10, 0, 10, 20, 0, 1, 0, 0, 0, 10, 10, 0, 10, 0, 0, 10, 10, 0, 0, 10, 10, 10, 0, 10, 1, 0, 10, 10, 0, 10, 0, 10, 10, 2, 10, 0, 0, 1, 0, 0, 0, 10, 0, 0, 0, 0, 10, 0, 0, 10, 0, 0, 10, 0, 10, 10, 0, 10, 0, : 10, 10, 10, 10, 10, 1, 10, 10, 10, 10, 10, 10, 10, 6, 10, 10, 10, 10, 10, 10, 10, 5, 10, 10, 10, 10, 10, 10, 10, 10, 10, 10, 20, 1, 10, 10, 10, 10, 10, 10, 10, 10, 10, 1, 10, 10, 10, 10, 10, 2, 10, 1, 10, 10, 10, 10, 10, 10, 10, 
389: 10, 0, 10, 0, 10, 10, 10, 0, 0, 0, 10, 0, 0, 10, 0, 10, 10, 10, 10, 0, 10, 10, 0, 10, 0, 12, 0, 0, 0, 0, 0, 0, 10, 0, 0, 0, 10, 10, 2, 10, 0, 10, 1, 0, 10, 0, 0, 0, 0, 0, 0, 0, 10, 10, 0, 3, 10, 10, 10, 0, 10, 10, 0, 0, 10, 10, 0, 2, 10, 10, 10, 10, 0, 10, 0, 0, 10, 0, 10, 0, 10, 10, 0, 10, 10, 0, 10, 10, 10, 10, 0, 0, 10, 0, 0, 0, 0, 10, 0, 10, 0, 0, 0, 5, 10, 10, 14, 0, 0, 10, 0, 10, 10, 10, 10, 10, 3, 10, 0, 10, : 10, 10, 10, 10, 10, 10, 10, 10, 10, 10, 10, 10, 10, 10, 12, 10, 10, 10, 2, 10, 10, 1, 10, 10, 10, 3, 10, 10, 10, 10, 10, 10, 10, 2, 10, 10, 10, 10, 10, 10, 10, 10, 10, 10, 10, 10, 10, 10, 10, 10, 10, 10, 5, 10, 10, 14, 10, 10, 10, 10, 10, 10, 3, 10, 10, 
91: 10, 10, 10, 10, 10, 10, 0, 10, 0, 0, 10, 10, 10, 10, 10, 0, 10, 0, 0, 10, 0, 0, 0, 0, 10, 10, 0, 0, 0, 0, 0, 10, 0, 0, 0, 10, 0, 0, 10, 10, 0, 0, 10, 8, 0, 10, 0, 10, 0, 0, 0, 0, 10, 10, 0, 10, 0, 10, 10, 0, 0, 0, 10, 10, 0, 10, 0, 10, 0, 0, 13, 10, 0, 10, 0, 10, 10, 0, 0, 0, 0, 10, 10, 0, 10, 0, 10, 0, 15, 10, 0, 10, 16, 10, 0, 0, 0, 10, 0, 0, 0, 0, 0, 0, 5, 10, 10, 0, 0, 0, 0, 15, 10, 10, 0, 10, 10, 10, 0, 0, : 10, 10, 10, 10, 10, 10, 10, 10, 10, 10, 10, 10, 10, 10, 10, 10, 10, 10, 10, 10, 10, 8, 10, 10, 10, 10, 10, 10, 10, 10, 10, 10, 10, 13, 10, 10, 10, 10, 10, 10, 10, 10, 15, 10, 10, 16, 10, 10, 5, 10, 10, 15, 10, 10, 10, 10, 10, 
92: 0, 0, 0, 10, 0, 10, 10, 10, 2, 10, 10, 10, 10, 10, 0, 10, 19, 0, 0, 0, 0, 0, 10, 0, 0, 10, 10, 1, 0, 10, 10, 0, 0, 0, 0, 10, 1, 10, 10, 0, 10, 10, 10, 0, 2, 0, 10, 10, 0, 9, 10, 10, 10, 10, 0, 0, 10, 0, 10, 0, 0, 10, 0, 0, 0, 0, 0, 10, 10, 10, 1, 10, 0, 0, 0, 10, 10, 0, 1, 10, 0, 10, 0, 10, 10, 10, 10, 4, 0, 0, 0, 10, 10, 0, 10, 0, 10, 2, 0, 0, 0, 0, 10, 10, 0, 10, 10, 0, 0, 10, 0, 10, 10, 10, 3, 0, 0, 10, 10, 0, : 10, 10, 10, 10, 2, 10, 10, 10, 10, 10, 10, 19, 10, 10, 10, 1, 10, 10, 10, 1, 10, 10, 10, 10, 10, 2, 10, 10, 9, 10, 10, 10, 10, 10, 10, 10, 10, 10, 10, 1, 10, 10, 10, 1, 10, 10, 10, 10, 10, 10, 4, 10, 10, 10, 10, 2, 10, 10, 10, 10, 10, 10, 10, 10, 3, 10, 10, 
59: 10, 10, 0, 3, 0, 10, 0, 10, 0, 0, 10, 10, 10, 10, 0, 0, 10, 0, 10, 10, 0, 10, 0, 10, 0, 0, 0, 10, 11, 0, 10, 10, 0, 0, 10, 0, 0, 10, 0, 13, 10, 10, 10, 0, 0, 0, 0, 10, 0, 10, 0, 0, 0, 0, 10, 0, 0, 10, 0, 10, 0, 10, 10, 10, 10, 10, 0, 10, 0, 10, 10, 0, 0, 10, 0, 0, 0, 10, 0, 0, 0, 0, 10, 10, 0, 10, 0, 10, 10, 10, 0, 0, 10, 10, 10, 10, 10, 0, 0, 10, 10, 0, 0, 10, 10, 0, 10, 10, 0, 10, 10, 0, 10, 10, 10, 10, 10, 0, 0, 10, : 10, 10, 3, 10, 10, 10, 10, 10, 10, 10, 10, 10, 10, 10, 10, 11, 10, 10, 10, 10, 13, 10, 10, 10, 10, 10, 10, 10, 10, 10, 10, 10, 10, 10, 10, 10, 10, 10, 10, 10, 10, 10, 10, 10, 10, 10, 10, 10, 10, 10, 10, 10, 10, 10, 10, 10, 10, 10, 10, 10, 10, 10, 10, 10, 
217: 10, 10, 0, 10, 0, 0, 2, 10, 10, 10, 10, 10, 10, 15, 10, 10, 0, 10, 10, 0, 10, 10, 0, 0, 10, 10, 0, 10, 0, 10, 0, 0, 10, 10, 0, 0, 0, 0, 10, 0, 10, 0, 0, 10, 0, 10, 10, 0, 0, 10, 10, 10, 0, 10, 0, 0, 0, 10, 0, 0, 0, 0, 0, 0, 17, 10, 10, 10, 0, 0, 0, 10, 10, 0, 0, 0, 0, 10, 0, 10, 10, 0, 0, 0, 0, 10, 10, 0, 10, 0, 0, 0, 10, 10, 10, 0, 10, 0, 0, 0, 10, 10, 0, 0, 10, 0, 0, 10, 10, 10, 0, 10, 0, 10, 10, 0, 0, 10, 10, 0, : 10, 10, 10, 2, 10, 10, 10, 10, 10, 10, 15, 10, 10, 10, 10, 10, 10, 10, 10, 10, 10, 10, 10, 10, 10, 10, 10, 10, 10, 10, 10, 10, 10, 17, 10, 10, 10, 10, 10, 10, 10, 10, 10, 10, 10, 10, 10, 10, 10, 10, 10, 10, 10, 10, 10, 10, 10, 10, 10, 10, 
104: 0, 0, 9, 10, 0, 0, 1, 10, 0, 1, 0, 10, 0, 0, 0, 10, 0, 10, 0, 0, 10, 10, 0, 0, 10, 10, 10, 0, 10, 0, 10, 10, 10, 0, 0, 10, 14, 10, 1, 10, 10, 10, 0, 0, 10, 0, 0, 10, 0, 10, 10, 0, 10, 0, 0, 0, 0, 10, 0, 10, 10, 0, 10, 10, 0, 10, 0, 10, 0, 0, 0, 0, 0, 0, 0, 0, 10, 0, 10, 10, 0, 0, 10, 10, 0, 0, 0, 0, 3, 0, 0, 10, 0, 10, 10, 0, 10, 0, 0, 10, 10, 10, 10, 10, 0, 10, 0, 10, 0, 10, 10, 10, 0, 0, 10, 10, 10, 10, 10, 0, : 9, 10, 1, 10, 1, 10, 10, 10, 10, 10, 10, 10, 10, 10, 10, 10, 10, 10, 14, 10, 1, 10, 10, 10, 10, 10, 10, 10, 10, 10, 10, 10, 10, 10, 10, 10, 10, 10, 10, 10, 10, 3, 10, 10, 10, 10, 10, 10, 10, 10, 10, 10, 10, 10, 10, 10, 10, 10, 10, 10, 10, 
309: 10, 10, 0, 10, 0, 10, 10, 0, 0, 10, 0, 10, 0, 0, 10, 0, 10, 10, 0, 0, 0, 0, 10, 10, 10, 10, 10, 0, 10, 10, 0, 0, 10, 0, 0, 0, 0, 1, 10, 10, 10, 10, 0, 10, 10, 10, 10, 0, 10, 0, 0, 0, 0, 10, 0, 0, 10, 0, 10, 10, 10, 10, 0, 0, 10, 0, 10, 0, 4, 1, 0, 0, 0, 0, 0, 10, 10, 10, 10, 10, 10, 10, 10, 20, 10, 10, 0, 10, 10, 0, 0, 0, 10, 0, 10, 10, 10, 10, 10, 10, 10, 10, 0, 10, 0, 0, 10, 0, 10, 10, 0, 10, 0, 0, 10, 0, 10, 10, 0, 10, : 10, 10, 10, 10, 10, 10, 10, 10, 10, 10, 10, 10, 10, 10, 10, 10, 10, 10, 1, 10, 10, 10, 10, 10, 10, 10, 10, 10, 10, 10, 10, 10, 10, 10, 10, 10, 4, 1, 10, 10, 10, 10, 10, 10, 10, 10, 20, 10, 10, 10, 10, 10, 10, 10, 10, 10, 10, 10, 10, 10, 10, 10, 10, 10, 10, 10, 10, 10, 10, 
344: 0, 10, 0, 10, 0, 0, 0, 10, 10, 0, 1, 2, 0, 10, 0, 0, 2, 10, 10, 3, 10, 10, 0, 10, 0, 0, 0, 10, 0, 0, 10, 0, 0, 10, 10, 0, 0, 10, 0, 10, 0, 0, 10, 10, 0, 0, 0, 10, 0, 0, 0, 10, 10, 10, 0, 0, 10, 0, 0, 0, 0, 0, 0, 0, 0, 3, 0, 0, 0, 10, 10, 4, 10, 0, 0, 10, 10, 10, 15, 0, 10, 10, 0, 0, 10, 10, 10, 10, 0, 10, 1, 10, 0, 10, 0, 10, 0, 10, 10, 10, 0, 10, 0, 10, 0, 10, 0, 0, 10, 1, 10, 10, 0, 10, 0, 10, 0, 10, 0, 10, : 10, 10, 10, 10, 1, 2, 10, 2, 10, 10, 3, 10, 10, 10, 10, 10, 10, 10, 10, 10, 10, 10, 10, 10, 10, 10, 10, 3, 10, 10, 4, 10, 10, 10, 10, 15, 10, 10, 10, 10, 10, 10, 10, 1, 10, 10, 10, 10, 10, 10, 10, 10, 10, 10, 1, 10, 10, 10, 10, 10, 10, 
18: 10, 0, 10, 0, 1, 10, 0, 0, 0, 0, 10, 0, 0, 0, 10, 10, 0, 0, 10, 0, 0, 0, 0, 10, 0, 10, 0, 10, 0, 10, 0, 17, 10, 0, 10, 10, 10, 10, 10, 10, 0, 0, 0, 10, 10, 0, 0, 0, 10, 0, 10, 0, 0, 0, 0, 10, 10, 10, 0, 0, 10, 0, 0, 1, 10, 10, 0, 0, 0, 10, 0, 10, 10, 0, 10, 0, 0, 0, 0, 0, 0, 10, 10, 10, 0, 0, 0, 10, 10, 10, 10, 10, 10, 10, 0, 2, 0, 0, 10, 10, 10, 10, 0, 10, 10, 10, 10, 10, 0, 10, 10, 10, 10, 0, 10, 0, 10, 10, 0, 0, : 10, 10, 1, 10, 10, 10, 10, 10, 10, 10, 10, 10, 17, 10, 10, 10, 10, 10, 10, 10, 10, 10, 10, 10, 10, 10, 10, 10, 1, 10, 10, 10, 10, 10, 10, 10, 10, 10, 10, 10, 10, 10, 10, 10, 10, 2, 10, 10, 10, 10, 10, 10, 10, 10, 10, 10, 10, 10, 10, 10, 10, 10, 
395: 0, 1, 10, 0, 0, 10, 10, 0, 0, 0, 0, 0, 0, 7, 10, 0, 0, 0, 10, 10, 0, 0, 0, 10, 10, 0, 0, 0, 0, 0, 10, 0, 0, 0, 0, 0, 0, 2, 10, 10, 10, 0, 0, 0, 0, 10, 10, 0, 0, 10, 10, 10, 10, 10, 0, 10, 0, 0, 10, 0, 0, 10, 10, 2, 0, 0, 10, 10, 10, 10, 0, 10, 0, 10, 0, 0, 0, 0, 10, 10, 10, 0, 10, 0, 10, 10, 0, 10, 0, 4, 0, 10, 10, 0, 0, 0, 10, 0, 0, 10, 10, 0, 0, 10, 10, 10, 0, 10, 10, 10, 10, 10, 10, 10, 0, 0, 0, 3, 10, 10, : 1, 10, 10, 10, 7, 10, 10, 10, 10, 10, 10, 2, 10, 10, 10, 10, 10, 10, 10, 10, 10, 10, 10, 10, 10, 10, 2, 10, 10, 10, 10, 10, 10, 10, 10, 10, 10, 10, 10, 10, 4, 10, 10, 10, 10, 10, 10, 10, 10, 10, 10, 10, 10, 10, 10, 10, 3, 10, 10, 
126: 0, 0, 10, 0, 0, 10, 10, 0, 10, 0, 3, 0, 20, 0, 10, 10, 0, 10, 10, 10, 10, 10, 10, 5, 10, 0, 0, 0, 10, 0, 10, 0, 10, 0, 0, 0, 0, 0, 0, 0, 0, 2, 0, 1, 10, 10, 10, 0, 10, 10, 0, 0, 10, 10, 10, 10, 10, 10, 0, 10, 10, 10, 10, 10, 10, 0, 10, 0, 10, 10, 10, 10, 10, 10, 10, 0, 10, 7, 0, 10, 10, 10, 0, 0, 10, 10, 0, 0, 10, 0, 0, 0, 0, 10, 10, 10, 10, 0, 10, 0, 10, 10, 10, 0, 0, 0, 10, 10, 10, 10, 0, 0, 10, 0, 10, 0, 0, 0, 0, 10, : 10, 10, 10, 10, 3, 20, 10, 10, 10, 10, 10, 10, 10, 10, 5, 10, 10, 10, 10, 2, 1, 10, 10, 10, 10, 10, 10, 10, 10, 10, 10, 10, 10, 10, 10, 10, 10, 10, 10, 10, 10, 10, 10, 10, 10, 10, 10, 7, 10, 10, 10, 10, 10, 10, 10, 10, 10, 10, 10, 10, 10, 10, 10, 10, 10, 10, 10, 10, 10, 
392: 0, 10, 0, 10, 10, 10, 0, 10, 10, 0, 0, 0, 10, 0, 0, 0, 5, 1, 10, 10, 10, 0, 0, 0, 10, 0, 0, 10, 0, 10, 2, 0, 0, 0, 0, 10, 0, 0, 10, 10, 10, 0, 10, 0, 1, 0, 0, 10, 0, 0, 0, 10, 10, 0, 0, 0, 0, 10, 10, 10, 0, 0, 10, 0, 10, 0, 10, 0, 10, 10, 0, 0, 10, 10, 10, 0, 10, 0, 0, 10, 0, 10, 10, 0, 10, 3, 0, 10, 10, 10, 0, 0, 0, 0, 0, 10, 0, 0, 0, 0, 2, 0, 10, 10, 10, 0, 0, 10, 0, 10, 0, 9, 0, 0, 10, 10, 10, 0, 10, 0, : 10, 10, 10, 10, 10, 10, 10, 5, 1, 10, 10, 10, 10, 10, 10, 2, 10, 10, 10, 10, 10, 1, 10, 10, 10, 10, 10, 10, 10, 10, 10, 10, 10, 10, 10, 10, 10, 10, 10, 10, 10, 3, 10, 10, 10, 10, 2, 10, 10, 10, 10, 10, 9, 10, 10, 10, 10, 
184: 0, 5, 5, 10, 10, 0, 0, 10, 0, 10, 0, 10, 10, 0, 0, 10, 0, 10, 10, 0, 10, 0, 0, 17, 10, 0, 10, 10, 10, 10, 10, 0, 0, 10, 0, 0, 0, 10, 0, 0, 10, 0, 0, 10, 3, 0, 10, 0, 10, 0, 0, 10, 0, 10, 10, 0, 10, 10, 10, 0, 0, 18, 0, 0, 10, 10, 0, 0, 10, 0, 0, 10, 0, 6, 10, 10, 10, 0, 0, 10, 0, 19, 0, 0, 0, 10, 10, 10, 10, 0, 0, 0, 0, 10, 10, 0, 0, 0, 10, 0, 0, 0, 10, 10, 10, 10, 0, 10, 0, 10, 0, 10, 10, 0, 0, 0, 10, 0, 10, 10, : 5, 5, 10, 10, 10, 10, 10, 10, 10, 10, 10, 10, 17, 10, 10, 10, 10, 10, 10, 10, 10, 10, 10, 3, 10, 10, 10, 10, 10, 10, 10, 10, 18, 10, 10, 10, 10, 6, 10, 10, 10, 10, 19, 10, 10, 10, 10, 10, 10, 10, 10, 10, 10, 10, 10, 10, 10, 10, 10, 10, 10, 
86: 10, 10, 10, 0, 0, 10, 0, 10, 10, 1, 10, 10, 10, 0, 0, 0, 0, 0, 0, 10, 0, 0, 0, 0, 10, 0, 10, 0, 0, 5, 0, 10, 0, 10, 10, 0, 0, 10, 0, 0, 10, 10, 10, 0, 0, 10, 0, 10, 10, 10, 2, 10, 10, 20, 0, 0, 0, 10, 0, 0, 0, 10, 10, 10, 0, 10, 0, 0, 10, 10, 10, 10, 10, 0, 0, 10, 10, 0, 10, 0, 0, 0, 10, 0, 10, 10, 10, 1, 10, 0, 10, 10, 10, 5, 0, 0, 10, 0, 10, 10, 10, 0, 10, 0, 9, 10, 0, 10, 10, 0, 10, 0, 0, 0, 10, 10, 10, 10, 10, 10, : 10, 10, 10, 10, 10, 10, 1, 10, 10, 10, 10, 10, 10, 5, 10, 10, 10, 10, 10, 10, 10, 10, 10, 10, 10, 2, 10, 10, 20, 10, 10, 10, 10, 10, 10, 10, 10, 10, 10, 10, 10, 10, 10, 10, 10, 10, 1, 10, 10, 10, 10, 5, 10, 10, 10, 10, 10, 9, 10, 10, 10, 10, 10, 10, 10, 10, 10, 10, 
179: 10, 10, 0, 0, 0, 0, 10, 0, 0, 10, 0, 0, 10, 0, 0, 0, 0, 10, 10, 0, 0, 10, 10, 10, 0, 0, 10, 10, 10, 10, 10, 0, 10, 10, 0, 10, 10, 0, 10, 0, 0, 0, 0, 0, 10, 10, 10, 10, 10, 0, 0, 10, 2, 0, 0, 0, 10, 0, 0, 10, 10, 10, 0, 10, 10, 0, 0, 0, 10, 0, 10, 10, 0, 0, 0, 0, 10, 0, 10, 0, 10, 10, 0, 10, 10, 0, 0, 0, 10, 10, 10, 10, 10, 0, 0, 0, 0, 0, 0, 10, 10, 10, 10, 0, 10, 10, 0, 10, 10, 0, 10, 10, 10, 0, 0, 0, 10, 0, 0, 0, : 10, 10, 10, 10, 10, 10, 10, 10, 10, 10, 10, 10, 10, 10, 10, 10, 10, 10, 10, 10, 10, 10, 10, 10, 10, 10, 2, 10, 10, 10, 10, 10, 10, 10, 10, 10, 10, 10, 10, 10, 10, 10, 10, 10, 10, 10, 10, 10, 10, 10, 10, 10, 10, 10, 10, 10, 10, 10, 10, 
296: 10, 10, 10, 0, 0, 0, 0, 0, 10, 0, 10, 10, 10, 0, 0, 10, 0, 10, 10, 10, 10, 0, 10, 10, 10, 10, 10, 10, 10, 0, 0, 10, 0, 0, 10, 0, 0, 10, 10, 0, 10, 10, 10, 10, 0, 10, 10, 10, 10, 0, 0, 10, 0, 0, 10, 10, 10, 0, 10, 10, 16, 0, 0, 0, 10, 1, 10, 10, 0, 10, 0, 0, 1, 10, 10, 0, 1, 0, 0, 10, 10, 0, 0, 10, 10, 10, 10, 0, 0, 0, 0, 10, 10, 10, 10, 10, 0, 0, 0, 10, 0, 0, 10, 10, 0, 0, 0, 0, 10, 10, 10, 10, 0, 0, 0, 10, 0, 0, 0, 10, : 10, 10, 10, 10, 10, 10, 10, 10, 10, 10, 10, 10, 10, 10, 10, 10, 10, 10, 10, 10, 10, 10, 10, 10, 10, 10, 10, 10, 10, 10, 10, 10, 10, 10, 10, 10, 10, 16, 10, 1, 10, 10, 10, 1, 10, 10, 1, 10, 10, 10, 10, 10, 10, 10, 10, 10, 10, 10, 10, 10, 10, 10, 10, 10, 10, 10, 10, 
122: 0, 10, 0, 10, 10, 0, 10, 0, 0, 10, 0, 0, 10, 10, 10, 10, 10, 10, 0, 10, 0, 10, 0, 10, 10, 0, 0, 10, 0, 0, 0, 0, 0, 0, 0, 10, 10, 10, 0, 10, 10, 10, 10, 0, 10, 0, 10, 0, 10, 10, 0, 10, 10, 10, 0, 0, 0, 10, 0, 10, 10, 10, 0, 0, 0, 1, 0, 0, 10, 10, 0, 10, 0, 2, 0, 10, 10, 0, 10, 10, 10, 0, 0, 0, 10, 10, 10, 10, 1, 0, 0, 0, 10, 0, 0, 0, 10, 0, 10, 10, 0, 3, 10, 10, 0, 0, 10, 0, 10, 10, 0, 10, 0, 10, 10, 10, 0, 10, 0, 0, : 10, 10, 10, 10, 10, 10, 10, 10, 10, 10, 10, 10, 10, 10, 10, 10, 10, 10, 10, 10, 10, 10, 10, 10, 10, 10, 10, 10, 10, 10, 10, 10, 10, 10, 1, 10, 10, 10, 2, 10, 10, 10, 10, 10, 10, 10, 10, 10, 1, 10, 10, 10, 10, 3, 10, 10, 10, 10, 10, 10, 10, 10, 10, 10, 
369: 10, 0, 0, 10, 10, 0, 0, 10, 2, 10, 10, 10, 0, 0, 0, 0, 0, 0, 0, 0, 0, 10, 10, 10, 10, 0, 6, 0, 0, 0, 10, 0, 10, 0, 10, 0, 0, 10, 0, 0, 10, 10, 10, 10, 10, 10, 0, 10, 10, 0, 10, 0, 0, 0, 10, 10, 10, 10, 0, 0, 10, 10, 0, 10, 10, 10, 10, 10, 0, 0, 10, 0, 10, 0, 10, 10, 10, 0, 0, 0, 0, 10, 0, 10, 10, 0, 10, 10, 10, 10, 10, 10, 10, 10, 0, 10, 0, 10, 10, 0, 10, 0, 10, 0, 10, 10, 10, 0, 10, 10, 10, 0, 8, 0, 10, 0, 10, 0, 10, 10, : 10, 10, 10, 10, 2, 10, 10, 10, 10, 10, 10, 10, 6, 10, 10, 10, 10, 10, 10, 10, 10, 10, 10, 10, 10, 10, 10, 10, 10, 10, 10, 10, 10, 10, 10, 10, 10, 10, 10, 10, 10, 10, 10, 10, 10, 10, 10, 10, 10, 10, 10, 10, 10, 10, 10, 10, 10, 10, 10, 10, 10, 10, 10, 10, 8, 10, 10, 10, 10, 
147: 0, 0, 10, 0, 0, 0, 0, 1, 10, 10, 10, 0, 0, 10, 10, 10, 10, 0, 10, 10, 10, 0, 0, 10, 10, 0, 0, 10, 0, 10, 10, 10, 10, 10, 0, 0, 10, 10, 10, 10, 0, 10, 10, 10, 0, 10, 15, 0, 10, 0, 2, 10, 0, 10, 20, 0, 1, 0, 10, 0, 0, 0, 0, 10, 0, 0, 10, 10, 0, 0, 0, 0, 10, 10, 10, 10, 3, 10, 0, 10, 0, 10, 10, 10, 0, 10, 10, 0, 2, 10, 0, 10, 10, 0, 0, 10, 0, 10, 0, 10, 0, 10, 10, 0, 0, 0, 10, 0, 0, 0, 10, 0, 10, 10, 0, 10, 10, 0, 0, 10, : 10, 1, 10, 10, 10, 10, 10, 10, 10, 10, 10, 10, 10, 10, 10, 10, 10, 10, 10, 10, 10, 10, 10, 10, 10, 10, 10, 10, 15, 10, 2, 10, 10, 20, 1, 10, 10, 10, 10, 10, 10, 10, 10, 3, 10, 10, 10, 10, 10, 10, 10, 2, 10, 10, 10, 10, 10, 10, 10, 10, 10, 10, 10, 10, 10, 10, 10, 
160: 0, 0, 10, 10, 10, 10, 0, 0, 10, 10, 10, 10, 0, 10, 10, 10, 0, 10, 10, 0, 10, 10, 10, 0, 0, 10, 10, 0, 0, 10, 10, 10, 0, 0, 10, 0, 0, 0, 0, 0, 10, 0, 10, 0, 10, 0, 10, 10, 10, 0, 10, 2, 0, 0, 10, 0, 10, 10, 10, 0, 10, 0, 10, 0, 0, 10, 0, 0, 10, 0, 0, 10, 10, 10, 0, 0, 0, 10, 10, 0, 10, 0, 10, 10, 10, 10, 0, 0, 0, 10, 10, 0, 10, 0, 0, 10, 10, 10, 10, 10, 10, 0, 0, 10, 10, 0, 10, 0, 0, 8, 10, 0, 0, 0, 10, 0, 0, 0, 10, 18, : 10, 10, 10, 10, 10, 10, 10, 10, 10, 10, 10, 10, 10, 10, 10, 10, 10, 10, 10, 10, 10, 10, 10, 10, 10, 10, 10, 10, 10, 2, 10, 10, 10, 10, 10, 10, 10, 10, 10, 10, 10, 10, 10, 10, 10, 10, 10, 10, 10, 10, 10, 10, 10, 10, 10, 10, 10, 10, 10, 10, 8, 10, 10, 10, 18, 
123: 0, 10, 10, 10, 0, 10, 0, 0, 0, 10, 0, 10, 0, 10, 10, 10, 0, 10, 10, 10, 0, 0, 10, 10, 0, 0, 0, 10, 0, 10, 0, 10, 10, 10, 10, 3, 10, 10, 0, 0, 0, 6, 2, 4, 10, 0, 0, 0, 10, 0, 0, 0, 10, 0, 10, 0, 10, 10, 10, 10, 0, 10, 0, 0, 10, 0, 0, 0, 0, 10, 10, 0, 10, 10, 10, 0, 10, 10, 10, 10, 10, 0, 0, 0, 10, 0, 10, 0, 10, 10, 10, 10, 10, 0, 10, 0, 10, 0, 10, 0, 0, 10, 10, 10, 10, 10, 10, 10, 10, 0, 0, 0, 0, 0, 10, 10, 0, 10, 10, 0, : 10, 10, 10, 10, 10, 10, 10, 10, 10, 10, 10, 10, 10, 10, 10, 10, 10, 10, 10, 10, 3, 10, 10, 6, 2, 4, 10, 10, 10, 10, 10, 10, 10, 10, 10, 10, 10, 10, 10, 10, 10, 10, 10, 10, 10, 10, 10, 10, 10, 10, 10, 10, 10, 10, 10, 10, 10, 10, 10, 10, 10, 10, 10, 10, 10, 10, 10, 10, 
240: 10, 1, 10, 10, 10, 10, 10, 0, 0, 0, 0, 0, 0, 0, 10, 10, 0, 10, 0, 10, 0, 10, 0, 0, 10, 10, 0, 10, 10, 0, 10, 0, 10, 10, 0, 0, 10, 0, 10, 10, 10, 10, 0, 0, 0, 0, 0, 0, 10, 10, 0, 10, 0, 0, 10, 0, 10, 0, 0, 10, 10, 10, 10, 0, 0, 10, 10, 10, 0, 10, 0, 0, 10, 0, 10, 0, 10, 0, 0, 0, 10, 10, 0, 0, 10, 10, 10, 0, 0, 10, 0, 0, 10, 0, 0, 10, 10, 10, 0, 0, 5, 0, 10, 10, 10, 10, 10, 0, 0, 10, 2, 0, 10, 0, 10, 10, 0, 0, 10, 0, : 10, 1, 10, 10, 10, 10, 10, 10, 10, 10, 10, 10, 10, 10, 10, 10, 10, 10, 10, 10, 10, 10, 10, 10, 10, 10, 10, 10, 10, 10, 10, 10, 10, 10, 10, 10, 10, 10, 10, 10, 10, 10, 10, 10, 10, 10, 10, 10, 10, 10, 5, 10, 10, 10, 10, 10, 10, 2, 10, 10, 10, 10, 
15: 0, 0, 0, 0, 10, 0, 10, 0, 10, 10, 0, 10, 4, 2, 0, 10, 0, 0, 0, 10, 10, 0, 0, 0, 0, 10, 0, 0, 10, 2, 0, 10, 10, 0, 3, 10, 0, 10, 10, 0, 10, 16, 0, 0, 0, 0, 10, 0, 0, 10, 10, 10, 10, 10, 0, 0, 0, 3, 10, 10, 10, 0, 1, 0, 0, 10, 10, 10, 10, 10, 10, 0, 0, 10, 10, 0, 10, 10, 0, 0, 0, 0, 0, 0, 0, 10, 0, 10, 0, 10, 0, 0, 0, 0, 0, 0, 0, 0, 20, 0, 0, 10, 0, 0, 0, 10, 10, 8, 0, 10, 0, 0, 0, 0, 10, 10, 10, 10, 2, 0, : 10, 10, 10, 10, 10, 4, 2, 10, 10, 10, 10, 10, 2, 10, 10, 3, 10, 10, 10, 10, 16, 10, 10, 10, 10, 10, 10, 3, 10, 10, 10, 1, 10, 10, 10, 10, 10, 10, 10, 10, 10, 10, 10, 10, 10, 20, 10, 10, 10, 8, 10, 10, 10, 10, 10, 2, 
356: 10, 0, 10, 10, 0, 0, 0, 0, 0, 0, 10, 0, 0, 0, 10, 1, 0, 10, 10, 0, 10, 0, 10, 10, 10, 0, 0, 0, 0, 10, 10, 10, 0, 0, 10, 10, 0, 0, 0, 10, 0, 10, 0, 10, 0, 10, 10, 10, 0, 0, 10, 10, 10, 0, 10, 10, 0, 0, 10, 10, 0, 10, 0, 0, 8, 10, 10, 10, 10, 10, 10, 10, 10, 0, 10, 10, 10, 10, 10, 10, 0, 0, 5, 0, 10, 10, 10, 0, 0, 10, 10, 0, 0, 0, 0, 0, 10, 0, 0, 10, 10, 10, 0, 0, 0, 10, 0, 17, 0, 0, 0, 0, 10, 0, 1, 0, 10, 0, 0, 0, : 10, 10, 10, 10, 10, 1, 10, 10, 10, 10, 10, 10, 10, 10, 10, 10, 10, 10, 10, 10, 10, 10, 10, 10, 10, 10, 10, 10, 10, 10, 10, 8, 10, 10, 10, 10, 10, 10, 10, 10, 10, 10, 10, 10, 10, 10, 5, 10, 10, 10, 10, 10, 10, 10, 10, 10, 10, 17, 10, 1, 10, 
1: 10, 10, 10, 0, 10, 0, 0, 0, 0, 10, 10, 0, 0, 0, 10, 10, 0, 0, 0, 10, 10, 10, 0, 10, 0, 10, 0, 10, 10, 0, 0, 0, 0, 0, 0, 10, 10, 10, 10, 0, 10, 10, 10, 0, 0, 0, 10, 10, 0, 10, 10, 10, 10, 10, 10, 0, 10, 0, 10, 10, 10, 10, 10, 10, 10, 0, 10, 0, 10, 0, 0, 10, 0, 5, 14, 0, 0, 10, 0, 10, 10, 0, 0, 0, 0, 0, 0, 0, 0, 15, 10, 10, 10, 10, 10, 10, 0, 1, 0, 10, 0, 10, 0, 10, 10, 0, 10, 0, 0, 0, 0, 10, 2, 10, 0, 10, 0, 0, 10, 10, : 10, 10, 10, 10, 10, 10, 10, 10, 10, 10, 10, 10, 10, 10, 10, 10, 10, 10, 10, 10, 10, 10, 10, 10, 10, 10, 10, 10, 10, 10, 10, 10, 10, 10, 10, 10, 10, 10, 10, 10, 10, 5, 14, 10, 10, 10, 15, 10, 10, 10, 10, 10, 10, 1, 10, 10, 10, 10, 10, 10, 2, 10, 10, 10, 10, 
20: 10, 2, 0, 10, 0, 0, 0, 10, 0, 10, 10, 0, 0, 0, 0, 10, 10, 10, 10, 10, 0, 0, 7, 10, 0, 0, 10, 0, 10, 0, 0, 10, 10, 10, 10, 0, 10, 0, 0, 10, 10, 0, 0, 12, 0, 0, 0, 0, 10, 10, 10, 10, 1, 10, 0, 0, 0, 0, 0, 10, 0, 0, 10, 10, 10, 10, 0, 10, 0, 10, 0, 0, 10, 0, 10, 10, 1, 10, 0, 10, 0, 0, 10, 0, 0, 10, 0, 10, 0, 0, 10, 10, 0, 10, 10, 0, 0, 10, 0, 10, 10, 0, 0, 0, 10, 0, 0, 10, 0, 1, 0, 10, 10, 0, 10, 10, 10, 10, 10, 0, : 10, 2, 10, 10, 10, 10, 10, 10, 10, 10, 10, 7, 10, 10, 10, 10, 10, 10, 10, 10, 10, 10, 12, 10, 10, 10, 10, 1, 10, 10, 10, 10, 10, 10, 10, 10, 10, 10, 10, 1, 10, 10, 10, 10, 10, 10, 10, 10, 10, 10, 10, 10, 10, 10, 1, 10, 10, 10, 10, 10, 10, 10, 
90: 10, 10, 10, 0, 10, 10, 10, 0, 10, 10, 0, 10, 0, 10, 2, 1, 10, 10, 0, 10, 10, 0, 10, 0, 0, 0, 10, 0, 10, 0, 0, 10, 10, 10, 1, 10, 10, 10, 10, 10, 0, 0, 0, 0, 10, 10, 0, 0, 0, 0, 10, 0, 10, 0, 0, 3, 0, 0, 1, 0, 0, 10, 0, 0, 0, 10, 10, 0, 0, 1, 0, 10, 0, 10, 10, 10, 0, 0, 5, 0, 10, 10, 0, 0, 0, 10, 10, 0, 10, 10, 0, 0, 0, 10, 0, 10, 0, 10, 10, 0, 0, 10, 10, 0, 0, 10, 0, 10, 10, 10, 0, 0, 10, 10, 10, 10, 0, 10, 10, 0, : 10, 10, 10, 10, 10, 10, 10, 10, 10, 10, 2, 1, 10, 10, 10, 10, 10, 10, 10, 10, 10, 10, 1, 10, 10, 10, 10, 10, 10, 10, 10, 10, 3, 1, 10, 10, 10, 1, 10, 10, 10, 10, 5, 10, 10, 10, 10, 10, 10, 10, 10, 10, 10, 10, 10, 10, 10, 10, 10, 10, 10, 10, 10, 10, 10, 
96: 10, 0, 10, 10, 0, 10, 10, 10, 10, 10, 0, 0, 10, 0, 10, 0, 10, 10, 10, 0, 0, 10, 10, 0, 10, 0, 10, 0, 10, 0, 3, 0, 0, 0, 10, 10, 3, 0, 10, 10, 10, 10, 10, 0, 0, 10, 0, 10, 10, 10, 10, 10, 0, 5, 10, 10, 10, 0, 0, 0, 0, 0, 10, 0, 0, 10, 0, 0, 0, 10, 0, 10, 0, 10, 10, 0, 0, 10, 10, 0, 0, 10, 0, 10, 0, 10, 0, 10, 10, 0, 0, 0, 10, 10, 13, 0, 0, 10, 0, 0, 10, 10, 0, 10, 10, 10, 10, 0, 0, 0, 10, 10, 0, 0, 10, 0, 0, 10, 10, 10, : 10, 10, 10, 10, 10, 10, 10, 10, 10, 10, 10, 10, 10, 10, 10, 10, 10, 10, 3, 10, 10, 3, 10, 10, 10, 10, 10, 10, 10, 10, 10, 10, 10, 5, 10, 10, 10, 10, 10, 10, 10, 10, 10, 10, 10, 10, 10, 10, 10, 10, 10, 10, 13, 10, 10, 10, 10, 10, 10, 10, 10, 10, 10, 10, 10, 10, 


8: 0, 10, 20, 10, 10, 0, 5, 10, 10, 10, 10, 10, 0, 0, 15, 10, 10, 0, 0, 0, 10, 0, 10, 10, 0, 10, 10, 0, 10, 19, 10, 0, 0, 10, 10, 0, 0, 0, 0, 0, 10, 0, 10, 0, 0, 10, 0, 0, 0, 0, 10, 0, 10, 0, 0, 0, 0, 0, 10, 10, 10, 0, 10, 10, 10, 10, 0, 0, 10, 0, 10, 0, 10, 0, 10, 10, 0, 0, 10, 0, 0, 0, 0, 10, 0, 10, 0, 0, 10, 10, 10, 0, 0, 10, 10, 10, 10, 0, 10, 0, 0, 0, 10, 0, 10, 10, 0, 10, 0, 10, 0, 0, 10, 0, 10, 5, 0, 6, 0, 10, : 10, 20, 10, 10, 5, 10, 10, 10, 10, 10, 15, 10, 10, 10, 10, 10, 10, 10, 10, 19, 10, 10, 10, 10, 10, 10, 10, 10, 10, 10, 10, 10, 10, 10, 10, 10, 10, 10, 10, 10, 10, 10, 10, 10, 10, 10, 10, 10, 10, 10, 10, 10, 10, 10, 10, 10, 10, 10, 5, 6, 10, 
87: 0, 8, 0, 0, 10, 0, 0, 10, 0, 10, 0, 0, 10, 0, 0, 8, 10, 1, 10, 10, 0, 0, 0, 10, 0, 0, 0, 0, 0, 10, 10, 0, 10, 0, 10, 0, 0, 10, 10, 0, 0, 0, 10, 10, 0, 10, 2, 10, 10, 0, 10, 10, 0, 0, 0, 0, 10, 0, 0, 0, 10, 0, 10, 10, 10, 10, 0, 10, 0, 0, 10, 10, 10, 20, 10, 0, 0, 10, 0, 0, 0, 4, 0, 0, 10, 10, 10, 10, 0, 0, 10, 10, 10, 10, 10, 10, 0, 0, 0, 0, 0, 0, 10, 0, 10, 0, 0, 10, 0, 10, 0, 10, 0, 0, 0, 10, 10, 10, 10, 10, : 8, 10, 10, 10, 10, 8, 10, 1, 10, 10, 10, 10, 10, 10, 10, 10, 10, 10, 10, 10, 2, 10, 10, 10, 10, 10, 10, 10, 10, 10, 10, 10, 10, 10, 10, 20, 10, 10, 4, 10, 10, 10, 10, 10, 10, 10, 10, 10, 10, 10, 10, 10, 10, 10, 10, 10, 10, 10, 10, 
107: 10, 0, 0, 10, 10, 0, 10, 0, 0, 10, 0, 0, 10, 10, 10, 10, 0, 10, 0, 10, 10, 0, 10, 0, 0, 10, 10, 10, 10, 10, 0, 1, 10, 10, 10, 10, 10, 10, 0, 10, 0, 10, 0, 10, 10, 13, 10, 10, 0, 0, 10, 0, 0, 0, 10, 0, 1, 10, 10, 10, 10, 0, 10, 10, 10, 10, 10, 10, 0, 0, 0, 10, 10, 5, 10, 0, 0, 10, 0, 10, 10, 10, 10, 0, 10, 10, 10, 0, 10, 10, 10, 0, 0, 0, 0, 0, 0, 0, 10, 0, 10, 0, 0, 0, 0, 10, 0, 0, 0, 10, 10, 0, 0, 10, 0, 10, 10, 0, 0, 0, : 10, 10, 10, 10, 10, 10, 10, 10, 10, 10, 10, 10, 10, 10, 10, 10, 10, 10, 1, 10, 10, 10, 10, 10, 10, 10, 10, 10, 10, 13, 10, 10, 10, 10, 1, 10, 10, 10, 10, 10, 10, 10, 10, 10, 10, 10, 10, 5, 10, 10, 10, 10, 10, 10, 10, 10, 10, 10, 10, 10, 10, 10, 10, 10, 10, 10, 10, 10, 
393: 0, 0, 0, 10, 10, 10, 10, 10, 0, 0, 0, 10, 0, 10, 10, 10, 0, 10, 0, 10, 10, 10, 10, 0, 0, 10, 10, 10, 0, 10, 0, 10, 0, 0, 10, 0, 0, 2, 13, 10, 0, 10, 0, 10, 0, 0, 0, 10, 10, 10, 1, 0, 0, 10, 10, 0, 0, 10, 10, 0, 0, 0, 10, 0, 0, 10, 10, 0, 0, 0, 10, 0, 11, 10, 0, 0, 10, 0, 0, 0, 0, 0, 10, 0, 0, 0, 0, 0, 10, 10, 0, 0, 10, 10, 10, 0, 10, 10, 0, 0, 0, 0, 10, 10, 0, 0, 10, 0, 10, 10, 6, 10, 10, 0, 10, 0, 0, 10, 10, 10, : 10, 10, 10, 10, 10, 10, 10, 10, 10, 10, 10, 10, 10, 10, 10, 10, 10, 10, 10, 10, 2, 13, 10, 10, 10, 10, 10, 10, 1, 10, 10, 10, 10, 10, 10, 10, 10, 11, 10, 10, 10, 10, 10, 10, 10, 10, 10, 10, 10, 10, 10, 10, 10, 6, 10, 10, 10, 10, 10, 10, 
65: 0, 10, 10, 10, 12, 0, 0, 0, 10, 0, 0, 0, 10, 10, 0, 0, 10, 10, 0, 10, 10, 10, 0, 10, 0, 10, 0, 0, 0, 0, 10, 0, 0, 0, 10, 10, 10, 1, 0, 7, 10, 10, 10, 0, 0, 2, 0, 0, 0, 0, 0, 0, 0, 10, 0, 10, 0, 10, 10, 10, 0, 10, 0, 0, 0, 10, 10, 5, 0, 0, 10, 0, 10, 0, 10, 10, 16, 0, 0, 10, 0, 0, 10, 0, 0, 10, 0, 18, 0, 0, 0, 5, 10, 10, 10, 10, 0, 0, 0, 0, 0, 10, 10, 0, 10, 0, 10, 0, 0, 0, 0, 10, 0, 0, 0, 10, 0, 0, 10, 10, : 10, 10, 10, 12, 10, 10, 10, 10, 10, 10, 10, 10, 10, 10, 10, 10, 10, 10, 1, 7, 10, 10, 10, 2, 10, 10, 10, 10, 10, 10, 10, 10, 5, 10, 10, 10, 10, 16, 10, 10, 10, 18, 5, 10, 10, 10, 10, 10, 10, 10, 10, 10, 10, 10, 10, 
238: 10, 10, 10, 0, 0, 10, 1, 0, 0, 0, 10, 10, 0, 0, 10, 10, 10, 0, 10, 0, 10, 0, 0, 0, 3, 0, 10, 10, 1, 10, 10, 10, 0, 10, 10, 10, 0, 0, 0, 10, 0, 10, 10, 0, 0, 0, 10, 0, 10, 10, 10, 10, 0, 0, 0, 10, 0, 0, 0, 10, 10, 0, 10, 10, 10, 0, 0, 10, 10, 0, 0, 0, 10, 3, 10, 0, 0, 0, 10, 10, 10, 0, 0, 10, 0, 0, 10, 0, 10, 10, 10, 10, 0, 0, 0, 10, 10, 10, 0, 10, 0, 0, 0, 9, 0, 0, 0, 0, 10, 0, 0, 0, 0, 10, 10, 10, 10, 10, 0, 0, : 10, 10, 10, 10, 1, 10, 10, 10, 10, 10, 10, 10, 3, 10, 10, 1, 10, 10, 10, 10, 10, 10, 10, 10, 10, 10, 10, 10, 10, 10, 10, 10, 10, 10, 10, 10, 10, 10, 10, 3, 10, 10, 10, 10, 10, 10, 10, 10, 10, 10, 10, 10, 10, 10, 9, 10, 10, 10, 10, 10, 10, 
105: 10, 10, 0, 10, 0, 10, 0, 10, 10, 10, 0, 10, 0, 20, 10, 10, 10, 10, 10, 10, 0, 10, 10, 10, 10, 0, 10, 0, 0, 10, 10, 0, 0, 0, 10, 10, 0, 10, 0, 0, 10, 10, 0, 0, 0, 10, 0, 0, 10, 10, 10, 10, 10, 10, 0, 0, 10, 0, 0, 0, 0, 10, 4, 10, 0, 10, 0, 10, 0, 0, 0, 10, 0, 0, 10, 0, 0, 0, 10, 10, 10, 10, 10, 10, 0, 0, 10, 10, 10, 0, 0, 10, 10, 2, 10, 0, 0, 10, 0, 5, 10, 10, 10, 0, 0, 10, 10, 0, 10, 10, 10, 10, 0, 10, 0, 0, 10, 0, 1, 10, : 10, 10, 10, 10, 10, 10, 10, 10, 20, 10, 10, 10, 10, 10, 10, 10, 10, 10, 10, 10, 10, 10, 10, 10, 10, 10, 10, 10, 10, 10, 10, 10, 10, 10, 10, 10, 4, 10, 10, 10, 10, 10, 10, 10, 10, 10, 10, 10, 10, 10, 10, 10, 10, 2, 10, 10, 5, 10, 10, 10, 10, 10, 10, 10, 10, 10, 10, 10, 1, 10, 
121: 10, 0, 0, 0, 1, 0, 0, 0, 10, 10, 0, 0, 10, 10, 10, 1, 10, 10, 10, 0, 0, 0, 10, 10, 10, 3, 0, 10, 0, 0, 0, 10, 10, 10, 10, 0, 10, 0, 0, 10, 0, 0, 10, 10, 4, 0, 0, 0, 0, 10, 0, 10, 0, 0, 0, 10, 0, 10, 0, 0, 10, 10, 0, 0, 0, 0, 0, 10, 0, 10, 10, 10, 0, 0, 10, 0, 10, 10, 0, 10, 10, 10, 0, 10, 10, 10, 0, 0, 10, 10, 10, 10, 0, 0, 10, 0, 10, 10, 15, 10, 0, 10, 10, 10, 0, 0, 0, 0, 0, 0, 10, 0, 0, 0, 10, 10, 0, 8, 0, 0, : 10, 1, 10, 10, 10, 10, 10, 1, 10, 10, 10, 10, 10, 10, 3, 10, 10, 10, 10, 10, 10, 10, 10, 10, 4, 10, 10, 10, 10, 10, 10, 10, 10, 10, 10, 10, 10, 10, 10, 10, 10, 10, 10, 10, 10, 10, 10, 10, 10, 10, 10, 15, 10, 10, 10, 10, 10, 10, 10, 8, 
171: 0, 0, 0, 0, 0, 0, 0, 10, 17, 0, 10, 1, 0, 0, 10, 10, 0, 0, 10, 10, 10, 10, 10, 0, 0, 10, 10, 10, 10, 0, 0, 10, 10, 0, 0, 0, 10, 10, 10, 0, 2, 0, 0, 10, 0, 10, 0, 10, 0, 1, 0, 0, 0, 10, 0, 0, 1, 10, 10, 0, 0, 10, 10, 0, 0, 1, 10, 10, 10, 10, 10, 7, 0, 0, 0, 0, 0, 10, 10, 0, 0, 0, 0, 10, 10, 0, 10, 0, 0, 10, 0, 10, 0, 10, 15, 10, 0, 10, 0, 10, 10, 10, 0, 10, 0, 10, 10, 10, 0, 0, 10, 10, 0, 0, 10, 10, 10, 10, 10, 0, : 10, 17, 10, 1, 10, 10, 10, 10, 10, 10, 10, 10, 10, 10, 10, 10, 10, 10, 10, 10, 2, 10, 10, 10, 1, 10, 1, 10, 10, 10, 10, 1, 10, 10, 10, 10, 10, 7, 10, 10, 10, 10, 10, 10, 10, 10, 15, 10, 10, 10, 10, 10, 10, 10, 10, 10, 10, 10, 10, 10, 10, 10, 10, 
308: 10, 0, 10, 10, 0, 0, 0, 10, 0, 10, 10, 10, 0, 10, 10, 0, 10, 0, 10, 0, 10, 0, 0, 12, 0, 0, 1, 10, 10, 0, 10, 0, 10, 10, 0, 10, 10, 0, 10, 0, 10, 0, 10, 10, 10, 10, 10, 10, 1, 10, 0, 10, 10, 10, 10, 0, 10, 10, 0, 0, 0, 0, 0, 10, 0, 10, 10, 0, 0, 10, 10, 10, 10, 10, 10, 10, 10, 10, 10, 0, 0, 10, 10, 10, 0, 10, 10, 0, 1, 10, 0, 10, 10, 0, 10, 10, 10, 0, 0, 10, 0, 10, 10, 0, 0, 0, 10, 0, 10, 0, 0, 10, 0, 10, 10, 10, 0, 10, 10, 10, : 10, 10, 10, 10, 10, 10, 10, 10, 10, 10, 10, 10, 12, 1, 10, 10, 10, 10, 10, 10, 10, 10, 10, 10, 10, 10, 10, 10, 10, 1, 10, 10, 10, 10, 10, 10, 10, 10, 10, 10, 10, 10, 10, 10, 10, 10, 10, 10, 10, 10, 10, 10, 10, 10, 10, 1, 10, 10, 10, 10, 10, 10, 10, 10, 10, 10, 10, 10, 10, 10, 10, 10, 10, 10, 
161: 0, 10, 0, 10, 10, 0, 10, 10, 0, 10, 10, 10, 10, 10, 0, 10, 0, 10, 10, 10, 0, 7, 10, 10, 10, 10, 0, 10, 0, 10, 10, 10, 0, 10, 10, 1, 10, 0, 0, 10, 10, 1, 0, 0, 9, 0, 10, 0, 10, 0, 0, 0, 0, 10, 0, 0, 10, 0, 0, 10, 10, 10, 10, 10, 10, 0, 10, 0, 10, 10, 10, 0, 10, 10, 10, 10, 0, 10, 0, 10, 0, 10, 10, 10, 0, 10, 0, 10, 10, 0, 0, 0, 0, 0, 0, 10, 10, 0, 0, 10, 0, 3, 6, 10, 10, 10, 0, 0, 0, 10, 10, 10, 10, 0, 10, 10, 0, 10, 0, 0, : 10, 10, 10, 10, 10, 10, 10, 10, 10, 10, 10, 10, 10, 10, 7, 10, 10, 10, 10, 10, 10, 10, 10, 10, 10, 1, 10, 10, 10, 1, 9, 10, 10, 10, 10, 10, 10, 10, 10, 10, 10, 10, 10, 10, 10, 10, 10, 10, 10, 10, 10, 10, 10, 10, 10, 10, 10, 10, 10, 10, 3, 6, 10, 10, 10, 10, 10, 10, 10, 10, 10, 10, 
167: 0, 10, 0, 0, 10, 0, 0, 0, 10, 0, 10, 1, 0, 10, 10, 10, 0, 0, 0, 0, 20, 0, 0, 0, 0, 10, 10, 3, 10, 1, 13, 10, 10, 0, 0, 10, 0, 0, 10, 0, 10, 10, 0, 10, 10, 10, 10, 0, 10, 0, 10, 0, 0, 10, 10, 0, 0, 0, 10, 0, 10, 0, 10, 10, 10, 10, 0, 0, 10, 0, 1, 0, 10, 0, 0, 0, 0, 5, 10, 10, 0, 0, 10, 10, 0, 10, 0, 10, 0, 0, 10, 0, 10, 10, 0, 0, 10, 10, 0, 0, 10, 10, 0, 0, 10, 10, 0, 0, 0, 10, 0, 10, 10, 0, 10, 10, 10, 0, 10, 0, : 10, 10, 10, 10, 1, 10, 10, 10, 20, 10, 10, 3, 10, 1, 13, 10, 10, 10, 10, 10, 10, 10, 10, 10, 10, 10, 10, 10, 10, 10, 10, 10, 10, 10, 10, 10, 1, 10, 5, 10, 10, 10, 10, 10, 10, 10, 10, 10, 10, 10, 10, 10, 10, 10, 10, 10, 10, 10, 10, 10, 10, 
164: 3, 10, 10, 0, 0, 0, 0, 0, 0, 10, 0, 10, 10, 10, 0, 10, 0, 10, 10, 10, 10, 10, 0, 0, 0, 10, 10, 10, 10, 10, 0, 10, 0, 10, 0, 0, 10, 0, 10, 0, 10, 0, 10, 0, 10, 10, 0, 10, 0, 10, 10, 10, 0, 0, 0, 10, 10, 10, 10, 10, 0, 10, 0, 10, 0, 0, 0, 10, 0, 10, 0, 10, 0, 10, 10, 10, 0, 10, 10, 10, 10, 0, 0, 10, 10, 10, 0, 10, 0, 10, 18, 0, 0, 10, 0, 10, 10, 10, 7, 10, 10, 0, 0, 0, 10, 10, 0, 10, 0, 0, 0, 10, 10, 0, 10, 17, 10, 10, 0, 10, : 3, 10, 10, 10, 10, 10, 10, 10, 10, 10, 10, 10, 10, 10, 10, 10, 10, 10, 10, 10, 10, 10, 10, 10, 10, 10, 10, 10, 10, 10, 10, 10, 10, 10, 10, 10, 10, 10, 10, 10, 10, 10, 10, 10, 10, 10, 10, 10, 10, 10, 10, 10, 18, 10, 10, 10, 10, 7, 10, 10, 10, 10, 10, 10, 10, 10, 17, 10, 10, 10, 
189: 0, 0, 0, 0, 0, 2, 10, 0, 10, 10, 0, 10, 0, 0, 0, 0, 10, 0, 10, 10, 0, 10, 10, 10, 10, 0, 10, 0, 10, 10, 0, 10, 10, 10, 10, 0, 10, 10, 0, 10, 0, 16, 10, 10, 10, 0, 10, 10, 10, 0, 0, 10, 10, 0, 10, 10, 10, 0, 0, 0, 0, 0, 0, 0, 0, 0, 10, 0, 0, 10, 0, 0, 10, 10, 0, 10, 0, 10, 0, 10, 10, 10, 0, 10, 10, 10, 10, 10, 0, 10, 10, 0, 0, 10, 10, 0, 10, 0, 10, 0, 0, 0, 10, 10, 10, 10, 0, 0, 10, 0, 0, 0, 10, 0, 0, 0, 10, 10, 10, 0, : 2, 10, 10, 10, 10, 10, 10, 10, 10, 10, 10, 10, 10, 10, 10, 10, 10, 10, 10, 10, 10, 10, 16, 10, 10, 10, 10, 10, 10, 10, 10, 10, 10, 10, 10, 10, 10, 10, 10, 10, 10, 10, 10, 10, 10, 10, 10, 10, 10, 10, 10, 10, 10, 10, 10, 10, 10, 10, 10, 10, 10, 10, 10, 
137: 10, 0, 10, 10, 10, 0, 0, 0, 0, 10, 0, 0, 0, 10, 0, 2, 0, 10, 10, 10, 0, 0, 10, 0, 0, 10, 10, 10, 10, 10, 10, 0, 0, 0, 0, 10, 0, 0, 0, 0, 0, 10, 10, 0, 0, 0, 10, 10, 10, 10, 0, 10, 10, 0, 0, 3, 0, 10, 0, 0, 10, 0, 10, 1, 10, 0, 10, 0, 0, 0, 3, 10, 10, 0, 10, 10, 10, 0, 10, 6, 10, 0, 0, 10, 10, 10, 0, 0, 0, 10, 10, 0, 0, 10, 10, 0, 10, 0, 10, 0, 0, 10, 10, 0, 10, 0, 0, 0, 10, 10, 10, 0, 0, 10, 0, 0, 4, 0, 0, 0, : 10, 10, 10, 10, 10, 10, 2, 10, 10, 10, 10, 10, 10, 10, 10, 10, 10, 10, 10, 10, 10, 10, 10, 10, 10, 10, 3, 10, 10, 10, 1, 10, 10, 3, 10, 10, 10, 10, 10, 10, 6, 10, 10, 10, 10, 10, 10, 10, 10, 10, 10, 10, 10, 10, 10, 10, 10, 10, 4, 
235: 0, 0, 0, 0, 10, 0, 10, 10, 0, 20, 10, 0, 10, 0, 10, 10, 0, 0, 10, 0, 0, 10, 0, 10, 0, 10, 0, 0, 10, 10, 10, 0, 5, 0, 10, 0, 10, 10, 10, 0, 10, 10, 0, 10, 10, 10, 10, 10, 10, 10, 0, 10, 10, 10, 0, 10, 0, 0, 0, 0, 10, 10, 10, 10, 0, 0, 10, 10, 0, 10, 10, 10, 0, 0, 0, 0, 0, 10, 0, 0, 10, 10, 10, 10, 10, 0, 10, 10, 0, 10, 10, 10, 1, 0, 0, 10, 10, 0, 10, 10, 0, 10, 0, 10, 10, 10, 14, 10, 0, 0, 10, 10, 0, 10, 0, 10, 0, 10, 10, 0, : 10, 10, 10, 20, 10, 10, 10, 10, 10, 10, 10, 10, 10, 10, 10, 5, 10, 10, 10, 10, 10, 10, 10, 10, 10, 10, 10, 10, 10, 10, 10, 10, 10, 10, 10, 10, 10, 10, 10, 10, 10, 10, 10, 10, 10, 10, 10, 10, 10, 10, 10, 10, 10, 1, 10, 10, 10, 10, 10, 10, 10, 10, 14, 10, 10, 10, 10, 10, 10, 10, 
400: 10, 10, 0, 0, 10, 10, 10, 0, 0, 0, 10, 0, 10, 10, 0, 0, 10, 10, 0, 0, 0, 0, 0, 0, 10, 0, 0, 0, 10, 0, 0, 0, 0, 10, 10, 10, 10, 0, 0, 0, 7, 10, 0, 0, 0, 0, 10, 0, 0, 0, 10, 0, 0, 10, 0, 10, 0, 10, 0, 10, 0, 0, 10, 10, 10, 10, 4, 0, 10, 0, 10, 0, 10, 0, 10, 0, 0, 0, 0, 0, 0, 10, 0, 0, 0, 1, 0, 10, 10, 10, 10, 0, 10, 0, 10, 10, 10, 10, 0, 0, 10, 0, 0, 10, 0, 10, 3, 10, 10, 1, 0, 0, 10, 0, 0, 0, 0, 0, 0, 0, : 10, 10, 10, 10, 10, 10, 10, 10, 10, 10, 10, 10, 10, 10, 10, 10, 7, 10, 10, 10, 10, 10, 10, 10, 10, 10, 10, 10, 4, 10, 10, 10, 10, 10, 1, 10, 10, 10, 10, 10, 10, 10, 10, 10, 10, 10, 10, 3, 10, 10, 1, 10, 
270: 10, 10, 0, 10, 10, 0, 10, 10, 10, 0, 10, 10, 10, 0, 2, 10, 0, 10, 0, 10, 10, 10, 10, 10, 10, 0, 10, 0, 0, 10, 10, 10, 10, 10, 0, 10, 0, 14, 0, 0, 10, 10, 0, 0, 10, 0, 10, 10, 10, 10, 3, 0, 10, 0, 0, 0, 10, 10, 0, 10, 10, 0, 0, 0, 10, 10, 0, 0, 0, 10, 0, 10, 0, 3, 0, 10, 0, 10, 0, 1, 10, 0, 0, 0, 10, 0, 10, 10, 10, 1, 0, 10, 10, 10, 10, 10, 0, 10, 10, 10, 10, 0, 10, 0, 0, 10, 0, 0, 10, 15, 10, 10, 10, 0, 10, 0, 0, 0, 10, 10, : 10, 10, 10, 10, 10, 10, 10, 10, 10, 10, 2, 10, 10, 10, 10, 10, 10, 10, 10, 10, 10, 10, 10, 10, 10, 10, 14, 10, 10, 10, 10, 10, 10, 10, 3, 10, 10, 10, 10, 10, 10, 10, 10, 10, 3, 10, 10, 1, 10, 10, 10, 10, 10, 1, 10, 10, 10, 10, 10, 10, 10, 10, 10, 10, 10, 10, 15, 10, 10, 10, 10, 10, 10, 
83: 0, 0, 0, 0, 0, 10, 1, 0, 10, 10, 10, 10, 0, 10, 0, 0, 0, 0, 0, 10, 0, 0, 0, 0, 10, 10, 10, 0, 0, 0, 0, 0, 0, 10, 10, 0, 10, 0, 10, 0, 0, 10, 10, 10, 0, 0, 10, 0, 0, 10, 10, 0, 0, 0, 10, 0, 0, 0, 10, 0, 10, 0, 10, 0, 10, 0, 0, 10, 10, 10, 10, 0, 0, 0, 10, 0, 0, 10, 10, 10, 10, 0, 10, 16, 0, 0, 0, 0, 10, 10, 10, 0, 0, 0, 10, 0, 0, 0, 0, 10, 10, 0, 0, 0, 10, 0, 0, 0, 0, 10, 20, 10, 10, 10, 0, 0, 0, 0, 0, 10, : 10, 1, 10, 10, 10, 10, 10, 10, 10, 10, 10, 10, 10, 10, 10, 10, 10, 10, 10, 10, 10, 10, 10, 10, 10, 10, 10, 10, 10, 10, 10, 10, 10, 10, 10, 10, 16, 10, 10, 10, 10, 10, 10, 10, 10, 20, 10, 10, 10, 10, 
17: 0, 0, 10, 0, 10, 0, 10, 0, 0, 0, 10, 10, 0, 0, 10, 10, 10, 0, 10, 10, 0, 0, 0, 0, 10, 0, 0, 0, 10, 0, 0, 0, 0, 0, 10, 0, 0, 0, 0, 10, 0, 0, 10, 10, 0, 10, 10, 10, 10, 10, 10, 10, 10, 0, 0, 0, 0, 10, 0, 10, 10, 10, 0, 10, 0, 0, 0, 0, 10, 0, 10, 10, 10, 10, 10, 20, 10, 0, 2, 10, 0, 10, 10, 10, 10, 0, 10, 10, 0, 10, 10, 0, 10, 0, 10, 10, 10, 10, 10, 0, 0, 0, 0, 10, 10, 0, 10, 10, 0, 10, 10, 0, 10, 10, 10, 0, 10, 10, 0, 10, : 10, 10, 10, 10, 10, 10, 10, 10, 10, 10, 10, 10, 10, 10, 10, 10, 10, 10, 10, 10, 10, 10, 10, 10, 10, 10, 10, 10, 10, 10, 10, 10, 10, 10, 10, 20, 10, 2, 10, 10, 10, 10, 10, 10, 10, 10, 10, 10, 10, 10, 10, 10, 10, 10, 10, 10, 10, 10, 10, 10, 10, 10, 10, 10, 10, 
340: 0, 10, 0, 0, 0, 0, 10, 10, 0, 10, 10, 10, 0, 10, 10, 10, 10, 10, 10, 10, 0, 10, 0, 20, 0, 10, 10, 10, 10, 0, 5, 10, 10, 10, 15, 0, 0, 0, 1, 0, 0, 5, 0, 0, 0, 0, 0, 10, 10, 0, 10, 10, 0, 10, 10, 10, 0, 10, 10, 10, 0, 0, 0, 0, 0, 0, 10, 10, 10, 0, 10, 0, 0, 10, 0, 10, 10, 0, 10, 0, 0, 10, 10, 6, 0, 0, 10, 0, 0, 0, 0, 0, 10, 0, 0, 0, 10, 10, 10, 0, 0, 10, 10, 0, 10, 0, 10, 0, 10, 0, 0, 0, 10, 0, 5, 0, 0, 0, 0, 10, : 10, 10, 10, 10, 10, 10, 10, 10, 10, 10, 10, 10, 10, 10, 20, 10, 10, 10, 10, 5, 10, 10, 10, 15, 1, 5, 10, 10, 10, 10, 10, 10, 10, 10, 10, 10, 10, 10, 10, 10, 10, 10, 10, 10, 10, 10, 6, 10, 10, 10, 10, 10, 10, 10, 10, 10, 10, 10, 5, 10, 
383: 0, 10, 10, 10, 0, 0, 10, 0, 10, 0, 10, 12, 10, 0, 0, 0, 10, 0, 0, 10, 0, 6, 10, 0, 10, 0, 10, 0, 0, 10, 0, 10, 10, 0, 10, 0, 0, 0, 0, 0, 10, 0, 10, 10, 0, 0, 0, 5, 10, 0, 0, 10, 10, 10, 0, 0, 10, 10, 0, 0, 3, 10, 10, 10, 10, 0, 0, 10, 10, 0, 10, 10, 10, 0, 10, 0, 0, 0, 10, 10, 0, 10, 0, 10, 10, 10, 0, 0, 0, 0, 0, 0, 0, 10, 10, 10, 10, 10, 10, 10, 0, 0, 0, 0, 10, 10, 10, 10, 0, 0, 10, 10, 0, 0, 10, 10, 0, 1, 10, 0, : 10, 10, 10, 10, 10, 10, 12, 10, 10, 10, 6, 10, 10, 10, 10, 10, 10, 10, 10, 10, 10, 5, 10, 10, 10, 10, 10, 10, 3, 10, 10, 10, 10, 10, 10, 10, 10, 10, 10, 10, 10, 10, 10, 10, 10, 10, 10, 10, 10, 10, 10, 10, 10, 10, 10, 10, 10, 10, 10, 10, 1, 10, 
127: 10, 0, 10, 0, 0, 0, 0, 10, 10, 10, 10, 10, 0, 5, 17, 0, 0, 0, 0, 0, 0, 10, 0, 10, 0, 10, 10, 4, 10, 10, 10, 10, 10, 0, 0, 10, 0, 10, 10, 0, 0, 0, 0, 10, 0, 10, 10, 10, 0, 0, 0, 10, 0, 10, 0, 10, 0, 0, 10, 10, 10, 0, 10, 0, 0, 10, 0, 0, 0, 0, 10, 10, 0, 10, 0, 0, 10, 0, 0, 0, 0, 10, 0, 0, 10, 0, 10, 0, 10, 0, 10, 10, 0, 10, 0, 0, 0, 0, 10, 10, 0, 10, 0, 10, 10, 0, 0, 0, 0, 0, 10, 0, 10, 0, 10, 10, 0, 10, 10, 0, : 10, 10, 10, 10, 10, 10, 10, 5, 17, 10, 10, 10, 10, 4, 10, 10, 10, 10, 10, 10, 10, 10, 10, 10, 10, 10, 10, 10, 10, 10, 10, 10, 10, 10, 10, 10, 10, 10, 10, 10, 10, 10, 10, 10, 10, 10, 10, 10, 10, 10, 10, 10, 10, 10, 10, 10, 
291: 0, 10, 0, 8, 0, 10, 0, 0, 0, 0, 0, 10, 10, 10, 0, 10, 10, 0, 10, 10, 0, 10, 10, 10, 10, 0, 10, 10, 0, 10, 0, 10, 10, 0, 0, 0, 0, 10, 10, 13, 0, 0, 10, 0, 6, 10, 0, 10, 0, 0, 10, 0, 10, 0, 10, 10, 2, 10, 10, 1, 10, 10, 10, 0, 10, 10, 10, 0, 0, 0, 0, 0, 0, 10, 0, 0, 10, 0, 0, 0, 0, 0, 0, 10, 10, 0, 10, 0, 0, 0, 10, 10, 10, 10, 10, 10, 0, 0, 0, 0, 0, 10, 16, 0, 10, 10, 0, 0, 11, 10, 10, 0, 0, 10, 10, 0, 0, 0, 0, 10, : 10, 8, 10, 10, 10, 10, 10, 10, 10, 10, 10, 10, 10, 10, 10, 10, 10, 10, 10, 10, 10, 13, 10, 6, 10, 10, 10, 10, 10, 10, 2, 10, 10, 1, 10, 10, 10, 10, 10, 10, 10, 10, 10, 10, 10, 10, 10, 10, 10, 10, 10, 10, 16, 10, 10, 11, 10, 10, 10, 10, 10, 
163: 10, 0, 10, 10, 10, 10, 10, 10, 10, 10, 10, 0, 0, 10, 0, 10, 10, 0, 0, 0, 0, 0, 0, 10, 10, 0, 0, 10, 0, 10, 0, 10, 10, 10, 10, 0, 0, 0, 10, 0, 0, 0, 10, 10, 10, 10, 0, 10, 10, 0, 10, 10, 0, 10, 10, 10, 0, 1, 10, 10, 10, 10, 10, 10, 0, 10, 0, 10, 0, 0, 10, 0, 0, 10, 10, 0, 10, 10, 0, 0, 10, 0, 10, 1, 0, 10, 0, 0, 10, 10, 10, 0, 0, 2, 0, 0, 10, 10, 0, 10, 0, 0, 0, 10, 10, 10, 0, 10, 10, 10, 0, 0, 10, 0, 10, 0, 0, 10, 10, 10, : 10, 10, 10, 10, 10, 10, 10, 10, 10, 10, 10, 10, 10, 10, 10, 10, 10, 10, 10, 10, 10, 10, 10, 10, 10, 10, 10, 10, 10, 10, 10, 10, 10, 1, 10, 10, 10, 10, 10, 10, 10, 10, 10, 10, 10, 10, 10, 10, 10, 1, 10, 10, 10, 10, 2, 10, 10, 10, 10, 10, 10, 10, 10, 10, 10, 10, 10, 10, 10, 
342: 0, 0, 10, 0, 10, 0, 10, 10, 10, 0, 0, 10, 10, 10, 0, 0, 10, 10, 0, 0, 10, 0, 10, 10, 0, 10, 0, 0, 10, 10, 0, 10, 10, 10, 0, 0, 10, 10, 10, 0, 10, 10, 1, 0, 10, 0, 10, 10, 0, 10, 0, 0, 10, 0, 0, 0, 2, 0, 10, 10, 0, 0, 0, 0, 10, 9, 10, 10, 0, 10, 10, 2, 10, 10, 0, 10, 0, 10, 1, 0, 10, 0, 10, 10, 0, 10, 0, 10, 10, 10, 0, 10, 0, 10, 0, 10, 10, 10, 0, 10, 10, 0, 10, 10, 0, 0, 0, 10, 0, 10, 0, 0, 18, 0, 0, 10, 10, 10, 10, 0, : 10, 10, 10, 10, 10, 10, 10, 10, 10, 10, 10, 10, 10, 10, 10, 10, 10, 10, 10, 10, 10, 10, 10, 10, 1, 10, 10, 10, 10, 10, 2, 10, 10, 10, 9, 10, 10, 10, 10, 2, 10, 10, 10, 10, 1, 10, 10, 10, 10, 10, 10, 10, 10, 10, 10, 10, 10, 10, 10, 10, 10, 10, 10, 18, 10, 10, 10, 10, 
51: 0, 0, 0, 10, 0, 10, 10, 10, 0, 0, 10, 0, 10, 0, 10, 0, 10, 0, 10, 10, 0, 4, 10, 0, 10, 2, 10, 10, 10, 0, 10, 10, 0, 0, 10, 10, 10, 10, 0, 10, 0, 10, 6, 10, 10, 0, 0, 10, 0, 10, 10, 10, 10, 0, 10, 10, 10, 10, 10, 10, 0, 0, 0, 10, 0, 10, 10, 0, 4, 0, 0, 0, 0, 10, 0, 10, 10, 14, 0, 10, 0, 10, 10, 0, 10, 0, 0, 10, 0, 0, 10, 10, 10, 0, 10, 0, 10, 0, 0, 0, 10, 10, 0, 10, 0, 10, 0, 10, 0, 10, 0, 0, 0, 10, 0, 10, 10, 10, 10, 10, : 10, 10, 10, 10, 10, 10, 10, 10, 10, 10, 4, 10, 10, 2, 10, 10, 10, 10, 10, 10, 10, 10, 10, 10, 10, 6, 10, 10, 10, 10, 10, 10, 10, 10, 10, 10, 10, 10, 10, 10, 10, 10, 4, 10, 10, 10, 14, 10, 10, 10, 10, 10, 10, 10, 10, 10, 10, 10, 10, 10, 10, 10, 10, 10, 10, 10, 10, 10, 10, 
279: 10, 0, 10, 0, 10, 10, 10, 0, 10, 0, 10, 0, 10, 0, 10, 10, 10, 1, 0, 10, 10, 10, 10, 0, 10, 0, 0, 0, 0, 10, 10, 0, 0, 10, 0, 10, 10, 0, 10, 0, 10, 10, 0, 10, 0, 10, 0, 10, 0, 10, 10, 10, 0, 0, 0, 0, 0, 0, 10, 10, 10, 10, 10, 10, 10, 10, 10, 0, 0, 0, 1, 0, 10, 10, 0, 10, 10, 0, 0, 10, 10, 10, 5, 10, 0, 10, 10, 10, 10, 0, 4, 10, 10, 0, 10, 10, 0, 0, 0, 0, 10, 10, 10, 0, 0, 0, 10, 10, 0, 0, 10, 10, 10, 10, 0, 0, 0, 0, 0, 0, : 10, 10, 10, 10, 10, 10, 10, 10, 10, 10, 10, 1, 10, 10, 10, 10, 10, 10, 10, 10, 10, 10, 10, 10, 10, 10, 10, 10, 10, 10, 10, 10, 10, 10, 10, 10, 10, 10, 10, 10, 1, 10, 10, 10, 10, 10, 10, 10, 5, 10, 10, 10, 10, 10, 4, 10, 10, 10, 10, 10, 10, 10, 10, 10, 10, 10, 10, 10, 
263: 0, 0, 10, 0, 0, 10, 10, 10, 17, 0, 10, 0, 10, 0, 0, 7, 0, 10, 10, 10, 0, 10, 0, 0, 0, 0, 0, 0, 10, 0, 10, 10, 0, 0, 10, 0, 10, 0, 10, 0, 10, 0, 10, 0, 10, 10, 10, 10, 0, 0, 0, 10, 0, 10, 0, 0, 0, 0, 10, 10, 10, 0, 10, 0, 0, 10, 10, 10, 10, 0, 10, 0, 0, 10, 10, 10, 0, 10, 2, 10, 0, 0, 0, 0, 10, 10, 0, 0, 0, 10, 10, 10, 0, 1, 0, 0, 10, 10, 10, 10, 10, 0, 10, 0, 10, 10, 10, 10, 0, 0, 0, 10, 0, 10, 0, 10, 0, 0, 10, 10, : 10, 10, 10, 10, 17, 10, 10, 7, 10, 10, 10, 10, 10, 10, 10, 10, 10, 10, 10, 10, 10, 10, 10, 10, 10, 10, 10, 10, 10, 10, 10, 10, 10, 10, 10, 10, 10, 10, 10, 2, 10, 10, 10, 10, 10, 10, 1, 10, 10, 10, 10, 10, 10, 10, 10, 10, 10, 10, 10, 10, 10, 10, 
281: 0, 10, 0, 2, 0, 10, 10, 1, 10, 0, 1, 10, 10, 0, 0, 0, 10, 0, 10, 0, 0, 0, 0, 0, 10, 0, 0, 10, 10, 0, 10, 10, 10, 10, 0, 10, 10, 10, 0, 1, 1, 1, 0, 0, 10, 10, 0, 0, 10, 10, 10, 0, 0, 0, 10, 0, 13, 0, 10, 10, 1, 10, 10, 0, 10, 0, 0, 10, 0, 10, 10, 0, 0, 0, 0, 10, 0, 0, 0, 0, 0, 10, 0, 10, 10, 0, 10, 10, 0, 10, 10, 0, 10, 0, 0, 10, 0, 10, 0, 0, 0, 0, 10, 0, 0, 0, 0, 10, 0, 0, 0, 0, 0, 10, 10, 10, 10, 10, 0, 10, : 10, 2, 10, 10, 1, 10, 1, 10, 10, 10, 10, 10, 10, 10, 10, 10, 10, 10, 10, 10, 10, 1, 1, 1, 10, 10, 10, 10, 10, 10, 13, 10, 10, 1, 10, 10, 10, 10, 10, 10, 10, 10, 10, 10, 10, 10, 10, 10, 10, 10, 10, 10, 10, 10, 10, 10, 10, 10, 10, 
254: 0, 10, 0, 10, 0, 10, 0, 0, 10, 0, 0, 10, 10, 10, 10, 10, 0, 0, 0, 0, 0, 10, 0, 0, 10, 0, 10, 0, 0, 0, 0, 10, 0, 0, 0, 10, 20, 0, 0, 0, 15, 0, 0, 0, 0, 10, 0, 0, 0, 10, 10, 10, 0, 0, 10, 10, 10, 10, 0, 0, 10, 0, 0, 0, 0, 0, 0, 10, 0, 10, 0, 10, 10, 10, 10, 10, 10, 1, 0, 0, 10, 10, 10, 10, 10, 0, 0, 0, 0, 10, 0, 10, 10, 0, 0, 10, 0, 5, 10, 0, 10, 2, 0, 0, 10, 10, 18, 10, 10, 0, 0, 3, 0, 10, 10, 10, 10, 0, 10, 10, : 10, 10, 10, 10, 10, 10, 10, 10, 10, 10, 10, 10, 10, 10, 20, 15, 10, 10, 10, 10, 10, 10, 10, 10, 10, 10, 10, 10, 10, 10, 10, 10, 10, 1, 10, 10, 10, 10, 10, 10, 10, 10, 10, 5, 10, 10, 2, 10, 10, 18, 10, 10, 3, 10, 10, 10, 10, 10, 10, 
58: 0, 0, 0, 10, 0, 10, 0, 10, 0, 0, 10, 0, 10, 0, 0, 0, 10, 10, 10, 10, 0, 10, 10, 10, 10, 0, 0, 0, 10, 10, 0, 0, 10, 10, 0, 10, 10, 0, 10, 10, 10, 10, 0, 10, 10, 0, 10, 0, 1, 10, 0, 0, 0, 0, 0, 0, 0, 0, 0, 10, 0, 10, 10, 10, 10, 10, 0, 0, 10, 10, 0, 16, 0, 14, 0, 10, 10, 10, 10, 10, 14, 10, 10, 0, 10, 10, 0, 10, 10, 10, 0, 0, 10, 10, 8, 0, 0, 0, 0, 0, 10, 2, 0, 0, 10, 0, 0, 0, 10, 10, 10, 10, 10, 10, 0, 0, 0, 1, 9, 0, : 10, 10, 10, 10, 10, 10, 10, 10, 10, 10, 10, 10, 10, 10, 10, 10, 10, 10, 10, 10, 10, 10, 10, 10, 10, 10, 1, 10, 10, 10, 10, 10, 10, 10, 10, 10, 16, 14, 10, 10, 10, 10, 10, 14, 10, 10, 10, 10, 10, 10, 10, 10, 10, 8, 10, 2, 10, 10, 10, 10, 10, 10, 10, 1, 9, 
223: 0, 10, 0, 0, 0, 0, 10, 10, 0, 0, 1, 10, 0, 10, 0, 1, 10, 10, 0, 10, 10, 13, 0, 0, 10, 10, 0, 0, 10, 1, 10, 10, 0, 10, 10, 4, 0, 10, 0, 10, 10, 0, 0, 0, 10, 0, 10, 0, 10, 10, 10, 0, 0, 0, 10, 0, 0, 10, 10, 0, 0, 0, 0, 10, 10, 0, 10, 10, 0, 0, 0, 10, 10, 10, 0, 10, 10, 0, 0, 0, 0, 10, 10, 0, 0, 0, 0, 10, 0, 0, 0, 0, 0, 10, 10, 0, 0, 10, 10, 0, 0, 0, 0, 0, 10, 0, 10, 10, 0, 10, 0, 0, 0, 10, 0, 0, 10, 0, 0, 10, : 10, 10, 10, 1, 10, 10, 1, 10, 10, 10, 10, 13, 10, 10, 10, 1, 10, 10, 10, 10, 4, 10, 10, 10, 10, 10, 10, 10, 10, 10, 10, 10, 10, 10, 10, 10, 10, 10, 10, 10, 10, 10, 10, 10, 10, 10, 10, 10, 10, 10, 10, 10, 10, 10, 10, 
10: 10, 0, 10, 0, 10, 10, 0, 10, 0, 10, 0, 10, 0, 10, 10, 0, 0, 10, 10, 0, 10, 2, 0, 0, 0, 1, 0, 0, 0, 0, 10, 0, 0, 0, 0, 2, 10, 0, 10, 0, 0, 10, 0, 10, 10, 10, 10, 7, 10, 10, 0, 10, 10, 10, 0, 0, 10, 0, 0, 0, 10, 19, 0, 10, 10, 10, 0, 0, 10, 10, 0, 0, 10, 0, 10, 10, 2, 10, 10, 10, 10, 10, 0, 0, 0, 0, 10, 0, 0, 0, 0, 10, 0, 10, 0, 10, 10, 0, 10, 10, 10, 10, 0, 10, 0, 0, 10, 0, 10, 10, 10, 0, 10, 10, 0, 10, 10, 0, 10, 10, : 10, 10, 10, 10, 10, 10, 10, 10, 10, 10, 10, 10, 2, 1, 10, 2, 10, 10, 10, 10, 10, 10, 10, 7, 10, 10, 10, 10, 10, 10, 10, 19, 10, 10, 10, 10, 10, 10, 10, 10, 2, 10, 10, 10, 10, 10, 10, 10, 10, 10, 10, 10, 10, 10, 10, 10, 10, 10, 10, 10, 10, 10, 10, 10, 10, 10, 
264: 10, 0, 10, 0, 0, 0, 0, 10, 0, 0, 10, 0, 10, 10, 0, 2, 0, 10, 0, 0, 0, 10, 0, 0, 0, 0, 0, 1, 0, 10, 0, 10, 0, 0, 10, 0, 10, 10, 10, 0, 0, 10, 0, 10, 10, 0, 10, 0, 0, 0, 0, 0, 10, 0, 10, 10, 10, 10, 10, 10, 0, 10, 0, 0, 10, 0, 10, 0, 10, 10, 0, 10, 10, 10, 0, 10, 0, 10, 10, 10, 1, 0, 10, 0, 10, 10, 10, 10, 0, 0, 0, 10, 10, 0, 0, 10, 10, 1, 0, 0, 0, 10, 10, 0, 10, 0, 0, 4, 0, 10, 10, 10, 10, 14, 0, 0, 0, 10, 0, 0, : 10, 10, 10, 10, 10, 10, 2, 10, 10, 1, 10, 10, 10, 10, 10, 10, 10, 10, 10, 10, 10, 10, 10, 10, 10, 10, 10, 10, 10, 10, 10, 10, 10, 10, 10, 10, 10, 10, 10, 1, 10, 10, 10, 10, 10, 10, 10, 10, 10, 1, 10, 10, 10, 4, 10, 10, 10, 10, 14, 10, 
350: 10, 10, 0, 10, 0, 0, 10, 10, 10, 10, 10, 10, 0, 0, 0, 0, 10, 0, 0, 10, 1, 10, 10, 0, 10, 10, 10, 10, 10, 0, 0, 10, 10, 10, 0, 10, 10, 10, 0, 10, 10, 0, 0, 0, 0, 10, 0, 0, 0, 0, 10, 10, 0, 0, 10, 0, 10, 0, 10, 0, 0, 0, 0, 0, 10, 10, 0, 0, 10, 0, 0, 10, 10, 10, 0, 0, 0, 0, 10, 0, 0, 10, 0, 10, 0, 10, 10, 10, 0, 10, 0, 0, 10, 0, 0, 0, 0, 10, 1, 10, 0, 10, 0, 10, 10, 10, 10, 10, 0, 0, 10, 2, 0, 0, 10, 0, 10, 0, 10, 0, : 10, 10, 10, 10, 10, 10, 10, 10, 10, 10, 10, 1, 10, 10, 10, 10, 10, 10, 10, 10, 10, 10, 10, 10, 10, 10, 10, 10, 10, 10, 10, 10, 10, 10, 10, 10, 10, 10, 10, 10, 10, 10, 10, 10, 10, 10, 10, 10, 1, 10, 10, 10, 10, 10, 10, 10, 10, 2, 10, 10, 10, 
275: 10, 10, 10, 10, 10, 0, 4, 10, 10, 4, 0, 10, 10, 0, 0, 0, 10, 10, 0, 0, 10, 0, 10, 0, 0, 0, 10, 10, 0, 10, 0, 10, 10, 0, 10, 10, 10, 0, 10, 10, 10, 0, 10, 10, 10, 10, 0, 0, 0, 0, 10, 10, 0, 10, 0, 0, 10, 0, 10, 10, 10, 0, 0, 0, 10, 4, 10, 10, 10, 0, 0, 10, 10, 0, 0, 10, 10, 0, 0, 0, 10, 0, 10, 0, 0, 0, 10, 0, 10, 0, 10, 10, 7, 10, 0, 0, 10, 10, 0, 10, 0, 0, 10, 0, 10, 0, 0, 10, 10, 10, 10, 0, 13, 10, 10, 0, 0, 10, 10, 10, : 10, 10, 10, 10, 10, 4, 10, 10, 4, 10, 10, 10, 10, 10, 10, 10, 10, 10, 10, 10, 10, 10, 10, 10, 10, 10, 10, 10, 10, 10, 10, 10, 10, 10, 10, 10, 10, 10, 4, 10, 10, 10, 10, 10, 10, 10, 10, 10, 10, 10, 10, 10, 7, 10, 10, 10, 10, 10, 10, 10, 10, 10, 10, 13, 10, 10, 10, 10, 10, 
170: 10, 0, 10, 0, 10, 10, 10, 10, 10, 10, 0, 0, 0, 10, 10, 10, 10, 0, 0, 10, 10, 0, 10, 10, 10, 0, 0, 0, 0, 10, 0, 0, 0, 10, 10, 10, 0, 1, 0, 0, 10, 10, 10, 0, 10, 0, 0, 10, 0, 0, 2, 0, 10, 0, 10, 10, 10, 10, 0, 10, 0, 10, 0, 10, 0, 10, 0, 10, 10, 10, 10, 0, 10, 0, 0, 10, 0, 3, 0, 0, 0, 0, 0, 0, 0, 10, 10, 0, 10, 0, 10, 10, 10, 0, 0, 0, 0, 0, 0, 10, 10, 10, 0, 0, 10, 0, 10, 0, 10, 0, 10, 0, 4, 1, 0, 0, 10, 10, 10, 0, : 10, 10, 10, 10, 10, 10, 10, 10, 10, 10, 10, 10, 10, 10, 10, 10, 10, 10, 10, 10, 10, 1, 10, 10, 10, 10, 10, 2, 10, 10, 10, 10, 10, 10, 10, 10, 10, 10, 10, 10, 10, 10, 10, 3, 10, 10, 10, 10, 10, 10, 10, 10, 10, 10, 10, 10, 10, 4, 1, 10, 10, 10, 
43: 0, 10, 0, 0, 0, 13, 0, 10, 0, 0, 0, 0, 0, 10, 0, 0, 0, 0, 10, 10, 0, 0, 10, 0, 10, 0, 10, 0, 0, 0, 10, 0, 0, 10, 0, 10, 10, 10, 0, 10, 0, 1, 15, 0, 0, 10, 0, 10, 10, 0, 10, 10, 10, 0, 10, 10, 10, 10, 10, 10, 10, 0, 0, 10, 0, 0, 0, 10, 10, 10, 10, 0, 10, 10, 10, 0, 0, 10, 0, 10, 10, 0, 0, 0, 10, 10, 0, 10, 0, 0, 10, 10, 0, 0, 0, 0, 0, 10, 0, 10, 0, 10, 10, 0, 10, 0, 0, 0, 0, 10, 0, 10, 10, 0, 10, 0, 10, 0, 10, 0, : 10, 13, 10, 10, 10, 10, 10, 10, 10, 10, 10, 10, 10, 10, 10, 1, 15, 10, 10, 10, 10, 10, 10, 10, 10, 10, 10, 10, 10, 10, 10, 10, 10, 10, 10, 10, 10, 10, 10, 10, 10, 10, 10, 10, 10, 10, 10, 10, 10, 10, 10, 10, 10, 10, 10, 10, 10, 
380: 10, 0, 10, 10, 0, 0, 10, 0, 0, 10, 10, 10, 10, 0, 0, 0, 10, 17, 0, 0, 10, 0, 10, 0, 0, 0, 0, 10, 10, 0, 10, 10, 10, 0, 2, 10, 0, 0, 2, 0, 10, 0, 0, 10, 0, 0, 0, 10, 9, 10, 0, 0, 10, 0, 10, 0, 10, 1, 10, 0, 10, 10, 10, 10, 10, 0, 10, 10, 10, 10, 0, 0, 10, 0, 10, 0, 0, 0, 10, 10, 10, 0, 0, 0, 0, 0, 0, 0, 10, 10, 0, 0, 0, 10, 10, 10, 0, 10, 0, 0, 0, 0, 0, 0, 0, 10, 10, 10, 10, 10, 0, 0, 0, 0, 0, 10, 0, 10, 1, 9, : 10, 10, 10, 10, 10, 10, 10, 10, 10, 17, 10, 10, 10, 10, 10, 10, 10, 2, 10, 2, 10, 10, 10, 9, 10, 10, 10, 10, 1, 10, 10, 10, 10, 10, 10, 10, 10, 10, 10, 10, 10, 10, 10, 10, 10, 10, 10, 10, 10, 10, 10, 10, 10, 10, 10, 10, 10, 1, 9, 
377: 10, 0, 0, 10, 10, 10, 0, 10, 10, 10, 10, 0, 10, 0, 10, 10, 0, 10, 0, 10, 14, 19, 5, 0, 10, 20, 10, 10, 0, 0, 10, 10, 0, 0, 10, 0, 10, 10, 0, 10, 0, 10, 10, 0, 0, 10, 0, 10, 10, 0, 10, 0, 10, 3, 0, 0, 0, 0, 10, 10, 10, 0, 0, 10, 0, 10, 10, 10, 0, 10, 10, 10, 10, 0, 10, 10, 0, 0, 10, 10, 0, 0, 10, 0, 10, 0, 10, 0, 10, 10, 0, 10, 10, 0, 0, 10, 10, 0, 10, 0, 10, 1, 0, 0, 10, 10, 10, 0, 0, 10, 0, 0, 10, 10, 10, 10, 0, 0, 10, 10, : 10, 10, 10, 10, 10, 10, 10, 10, 10, 10, 10, 10, 10, 14, 19, 5, 10, 20, 10, 10, 10, 10, 10, 10, 10, 10, 10, 10, 10, 10, 10, 10, 10, 3, 10, 10, 10, 10, 10, 10, 10, 10, 10, 10, 10, 10, 10, 10, 10, 10, 10, 10, 10, 10, 10, 10, 10, 10, 10, 10, 1, 10, 10, 10, 10, 10, 10, 10, 10, 10, 10, 
110: 10, 10, 10, 0, 10, 10, 0, 0, 0, 10, 10, 10, 0, 10, 10, 0, 10, 10, 10, 10, 10, 10, 0, 10, 10, 0, 0, 10, 0, 0, 10, 10, 0, 10, 10, 0, 10, 10, 0, 10, 0, 0, 0, 10, 10, 0, 10, 0, 10, 10, 10, 0, 5, 10, 10, 10, 0, 10, 10, 0, 0, 0, 0, 10, 10, 0, 0, 0, 0, 0, 10, 10, 1, 0, 10, 10, 0, 0, 10, 0, 0, 10, 10, 0, 0, 10, 10, 10, 0, 0, 0, 10, 0, 10, 0, 0, 0, 0, 10, 0, 10, 1, 0, 10, 10, 15, 10, 10, 11, 0, 10, 10, 0, 10, 0, 10, 10, 10, 10, 0, : 10, 10, 10, 10, 10, 10, 10, 10, 10, 10, 10, 10, 10, 10, 10, 10, 10, 10, 10, 10, 10, 10, 10, 10, 10, 10, 10, 10, 10, 10, 10, 10, 5, 10, 10, 10, 10, 10, 10, 10, 10, 10, 1, 10, 10, 10, 10, 10, 10, 10, 10, 10, 10, 10, 10, 1, 10, 10, 15, 10, 10, 11, 10, 10, 10, 10, 10, 10, 10, 
78: 0, 10, 10, 0, 10, 0, 0, 10, 0, 0, 0, 0, 10, 0, 10, 10, 0, 10, 10, 0, 10, 10, 10, 10, 10, 0, 4, 10, 0, 10, 10, 10, 7, 10, 0, 0, 10, 0, 10, 0, 0, 0, 10, 10, 0, 0, 10, 2, 10, 0, 10, 10, 10, 10, 10, 0, 10, 10, 0, 10, 10, 10, 10, 10, 0, 0, 0, 0, 0, 10, 0, 10, 1, 0, 0, 10, 10, 10, 10, 10, 10, 0, 10, 0, 0, 10, 10, 0, 0, 0, 0, 0, 10, 12, 2, 10, 10, 0, 10, 10, 10, 0, 10, 10, 0, 10, 10, 10, 10, 0, 0, 10, 3, 0, 0, 0, 0, 0, 10, 10, : 10, 10, 10, 10, 10, 10, 10, 10, 10, 10, 10, 10, 10, 10, 4, 10, 10, 10, 10, 7, 10, 10, 10, 10, 10, 10, 2, 10, 10, 10, 10, 10, 10, 10, 10, 10, 10, 10, 10, 10, 10, 10, 1, 10, 10, 10, 10, 10, 10, 10, 10, 10, 10, 12, 2, 10, 10, 10, 10, 10, 10, 10, 10, 10, 10, 10, 10, 3, 10, 10, 
384: 0, 0, 1, 10, 10, 0, 0, 10, 0, 0, 0, 1, 10, 10, 10, 10, 10, 10, 0, 0, 10, 10, 10, 0, 10, 10, 10, 0, 10, 2, 10, 10, 0, 10, 0, 10, 0, 10, 0, 0, 0, 10, 10, 0, 10, 0, 10, 0, 1, 10, 10, 0, 10, 10, 10, 10, 0, 0, 0, 10, 0, 0, 10, 1, 0, 0, 10, 0, 3, 0, 10, 0, 0, 0, 0, 0, 0, 0, 10, 0, 10, 0, 10, 10, 8, 0, 0, 10, 10, 10, 10, 0, 0, 10, 0, 0, 0, 0, 0, 0, 0, 0, 0, 0, 0, 10, 0, 10, 0, 10, 0, 0, 10, 0, 0, 0, 0, 10, 0, 0, : 1, 10, 10, 10, 1, 10, 10, 10, 10, 10, 10, 10, 10, 10, 10, 10, 10, 10, 2, 10, 10, 10, 10, 10, 10, 10, 10, 10, 1, 10, 10, 10, 10, 10, 10, 10, 10, 1, 10, 3, 10, 10, 10, 10, 10, 8, 10, 10, 10, 10, 10, 10, 10, 10, 10, 10, 
255: 0, 0, 10, 0, 0, 10, 4, 10, 1, 10, 10, 0, 10, 0, 0, 10, 0, 10, 0, 0, 0, 0, 0, 10, 10, 0, 0, 10, 0, 10, 0, 10, 10, 4, 10, 10, 0, 0, 10, 10, 0, 0, 1, 0, 0, 10, 10, 0, 0, 0, 0, 0, 0, 0, 10, 10, 10, 10, 4, 10, 10, 10, 10, 10, 0, 0, 0, 0, 10, 0, 10, 10, 0, 0, 0, 0, 10, 0, 0, 1, 0, 0, 0, 10, 10, 10, 10, 0, 0, 4, 0, 0, 10, 2, 0, 0, 10, 0, 10, 0, 10, 10, 10, 10, 10, 0, 0, 0, 10, 10, 10, 10, 0, 10, 10, 10, 0, 9, 0, 0, : 10, 10, 4, 10, 1, 10, 10, 10, 10, 10, 10, 10, 10, 10, 10, 10, 4, 10, 10, 10, 10, 1, 10, 10, 10, 10, 10, 10, 4, 10, 10, 10, 10, 10, 10, 10, 10, 10, 1, 10, 10, 10, 10, 4, 10, 2, 10, 10, 10, 10, 10, 10, 10, 10, 10, 10, 10, 10, 10, 10, 9, 
130: 0, 0, 10, 0, 10, 10, 10, 10, 10, 10, 0, 0, 0, 17, 10, 0, 0, 0, 10, 10, 0, 0, 10, 10, 0, 0, 0, 10, 10, 10, 10, 0, 0, 0, 0, 10, 0, 0, 10, 10, 0, 0, 1, 0, 0, 0, 10, 10, 2, 10, 0, 10, 0, 10, 0, 10, 10, 10, 10, 0, 0, 10, 10, 10, 0, 11, 0, 10, 10, 1, 0, 10, 10, 10, 10, 0, 0, 10, 0, 10, 0, 0, 0, 0, 10, 0, 10, 10, 10, 0, 0, 0, 0, 10, 10, 0, 0, 10, 10, 0, 10, 10, 10, 10, 10, 4, 10, 0, 8, 10, 0, 10, 10, 10, 10, 10, 10, 10, 0, 0, : 10, 10, 10, 10, 10, 10, 10, 17, 10, 10, 10, 10, 10, 10, 10, 10, 10, 10, 10, 10, 1, 10, 10, 2, 10, 10, 10, 10, 10, 10, 10, 10, 10, 10, 11, 10, 10, 1, 10, 10, 10, 10, 10, 10, 10, 10, 10, 10, 10, 10, 10, 10, 10, 10, 10, 10, 10, 4, 10, 8, 10, 10, 10, 10, 10, 10, 10, 10, 
111: 0, 10, 0, 0, 0, 10, 10, 0, 10, 10, 0, 10, 10, 0, 0, 0, 0, 0, 0, 10, 10, 10, 0, 10, 10, 10, 10, 0, 0, 0, 7, 10, 9, 0, 0, 10, 0, 10, 10, 0, 10, 0, 0, 0, 10, 0, 10, 10, 10, 0, 10, 10, 10, 0, 10, 10, 10, 0, 0, 10, 10, 10, 10, 10, 0, 10, 0, 0, 1, 10, 10, 0, 10, 0, 0, 0, 10, 0, 10, 10, 10, 10, 0, 0, 0, 0, 10, 10, 13, 10, 0, 10, 0, 10, 10, 0, 10, 0, 0, 0, 10, 10, 0, 0, 0, 10, 10, 0, 10, 0, 0, 0, 10, 10, 0, 1, 11, 10, 0, 10, : 10, 10, 10, 10, 10, 10, 10, 10, 10, 10, 10, 10, 10, 10, 7, 10, 9, 10, 10, 10, 10, 10, 10, 10, 10, 10, 10, 10, 10, 10, 10, 10, 10, 10, 10, 10, 10, 1, 10, 10, 10, 10, 10, 10, 10, 10, 10, 10, 13, 10, 10, 10, 10, 10, 10, 10, 10, 10, 10, 10, 10, 1, 11, 10, 10, 
256: 10, 0, 10, 15, 10, 10, 10, 10, 10, 10, 10, 0, 10, 10, 10, 10, 0, 10, 0, 10, 10, 0, 0, 0, 0, 10, 10, 0, 6, 10, 0, 0, 10, 0, 10, 0, 10, 0, 0, 10, 10, 10, 10, 0, 0, 10, 0, 10, 10, 10, 10, 10, 0, 0, 0, 10, 11, 0, 10, 10, 0, 0, 1, 0, 10, 10, 0, 1, 10, 0, 10, 10, 0, 0, 0, 0, 10, 10, 10, 0, 10, 10, 10, 0, 0, 0, 10, 10, 1, 0, 10, 0, 7, 0, 10, 0, 10, 10, 1, 10, 0, 10, 10, 0, 10, 0, 10, 0, 10, 0, 10, 10, 0, 0, 0, 10, 0, 10, 10, 0, : 10, 10, 15, 10, 10, 10, 10, 10, 10, 10, 10, 10, 10, 10, 10, 10, 10, 10, 10, 6, 10, 10, 10, 10, 10, 10, 10, 10, 10, 10, 10, 10, 10, 10, 10, 11, 10, 10, 1, 10, 10, 1, 10, 10, 10, 10, 10, 10, 10, 10, 10, 10, 10, 1, 10, 7, 10, 10, 10, 1, 10, 10, 10, 10, 10, 10, 10, 10, 10, 10, 10, 
305: 10, 10, 10, 0, 10, 10, 10, 10, 10, 10, 1, 0, 0, 3, 0, 10, 10, 0, 0, 0, 10, 0, 0, 10, 10, 0, 0, 0, 10, 10, 0, 0, 10, 10, 5, 0, 3, 10, 10, 0, 0, 10, 0, 0, 0, 10, 0, 0, 0, 10, 10, 10, 0, 10, 10, 10, 10, 0, 0, 0, 0, 0, 0, 2, 10, 10, 10, 0, 0, 10, 10, 10, 0, 0, 0, 10, 0, 10, 0, 10, 10, 10, 10, 0, 10, 2, 10, 10, 0, 10, 10, 0, 0, 4, 10, 0, 10, 0, 10, 0, 10, 0, 10, 10, 0, 0, 0, 10, 10, 0, 0, 0, 10, 0, 0, 0, 10, 0, 10, 0, : 10, 10, 10, 10, 10, 10, 10, 10, 10, 1, 3, 10, 10, 10, 10, 10, 10, 10, 10, 10, 5, 3, 10, 10, 10, 10, 10, 10, 10, 10, 10, 10, 10, 2, 10, 10, 10, 10, 10, 10, 10, 10, 10, 10, 10, 10, 10, 2, 10, 10, 10, 10, 4, 10, 10, 10, 10, 10, 10, 10, 10, 10, 10, 10, 
339: 2, 10, 10, 0, 0, 10, 0, 1, 10, 10, 0, 0, 10, 0, 0, 10, 10, 10, 10, 10, 0, 0, 0, 8, 0, 10, 10, 10, 0, 10, 10, 0, 0, 0, 20, 0, 10, 0, 6, 10, 0, 10, 10, 10, 10, 0, 0, 0, 9, 0, 0, 5, 0, 0, 10, 0, 10, 0, 0, 0, 0, 10, 0, 0, 10, 10, 10, 0, 10, 0, 0, 0, 0, 10, 0, 0, 0, 0, 10, 10, 0, 0, 10, 16, 10, 10, 0, 0, 10, 10, 10, 0, 0, 10, 0, 10, 10, 10, 10, 10, 0, 6, 0, 10, 7, 10, 0, 10, 0, 2, 10, 10, 10, 0, 10, 0, 10, 10, 10, 10, : 2, 10, 10, 10, 1, 10, 10, 10, 10, 10, 10, 10, 10, 8, 10, 10, 10, 10, 10, 20, 10, 6, 10, 10, 10, 10, 10, 9, 5, 10, 10, 10, 10, 10, 10, 10, 10, 10, 10, 10, 16, 10, 10, 10, 10, 10, 10, 10, 10, 10, 10, 10, 6, 10, 7, 10, 10, 2, 10, 10, 10, 10, 10, 10, 10, 10, 
349: 10, 10, 0, 0, 0, 0, 0, 10, 0, 0, 10, 10, 10, 10, 10, 10, 0, 0, 0, 0, 10, 15, 10, 10, 0, 10, 10, 10, 10, 5, 10, 0, 10, 0, 0, 0, 0, 10, 0, 10, 10, 10, 0, 10, 10, 0, 3, 10, 10, 0, 0, 10, 0, 10, 10, 0, 0, 10, 10, 0, 10, 10, 0, 0, 0, 0, 10, 0, 19, 0, 0, 0, 0, 10, 0, 10, 0, 0, 0, 0, 0, 10, 10, 0, 0, 10, 1, 0, 10, 10, 10, 0, 10, 0, 10, 0, 0, 10, 0, 10, 0, 10, 10, 0, 0, 0, 0, 10, 0, 0, 10, 10, 0, 10, 0, 0, 10, 10, 10, 0, : 10, 10, 10, 10, 10, 10, 10, 10, 10, 10, 15, 10, 10, 10, 10, 10, 10, 5, 10, 10, 10, 10, 10, 10, 10, 10, 3, 10, 10, 10, 10, 10, 10, 10, 10, 10, 10, 19, 10, 10, 10, 10, 10, 1, 10, 10, 10, 10, 10, 10, 10, 10, 10, 10, 10, 10, 10, 10, 10, 10, 
245: 10, 0, 0, 10, 10, 10, 0, 0, 0, 0, 0, 0, 10, 0, 0, 10, 10, 0, 10, 0, 10, 0, 0, 10, 9, 0, 0, 10, 0, 0, 0, 0, 10, 0, 0, 0, 10, 10, 10, 0, 0, 10, 10, 10, 10, 10, 0, 0, 0, 0, 10, 10, 10, 10, 0, 1, 10, 10, 10, 10, 0, 0, 0, 0, 10, 10, 10, 0, 10, 10, 0, 10, 10, 10, 0, 1, 10, 10, 10, 10, 0, 0, 10, 14, 0, 0, 0, 10, 0, 0, 0, 10, 0, 0, 0, 0, 10, 10, 10, 10, 10, 10, 10, 0, 0, 10, 10, 10, 10, 10, 0, 10, 0, 10, 0, 10, 10, 10, 0, 10, : 10, 10, 10, 10, 10, 10, 10, 10, 10, 10, 9, 10, 10, 10, 10, 10, 10, 10, 10, 10, 10, 10, 10, 10, 10, 1, 10, 10, 10, 10, 10, 10, 10, 10, 10, 10, 10, 10, 1, 10, 10, 10, 10, 10, 14, 10, 10, 10, 10, 10, 10, 10, 10, 10, 10, 10, 10, 10, 10, 10, 10, 10, 10, 10, 10, 
145: 0, 10, 2, 0, 10, 10, 0, 0, 10, 10, 0, 10, 0, 0, 0, 0, 1, 10, 0, 0, 0, 10, 0, 0, 0, 0, 0, 10, 0, 12, 0, 10, 0, 0, 10, 0, 10, 10, 10, 10, 0, 0, 0, 10, 10, 0, 10, 0, 0, 0, 10, 10, 10, 10, 10, 0, 0, 0, 10, 0, 10, 10, 10, 10, 10, 0, 0, 10, 10, 0, 0, 10, 0, 0, 0, 10, 0, 10, 0, 4, 10, 10, 0, 10, 10, 10, 10, 10, 10, 0, 10, 10, 0, 0, 0, 0, 0, 7, 10, 10, 10, 10, 0, 10, 0, 10, 0, 0, 10, 10, 10, 10, 10, 10, 0, 0, 10, 0, 0, 0, : 10, 2, 10, 10, 10, 10, 10, 1, 10, 10, 10, 12, 10, 10, 10, 10, 10, 10, 10, 10, 10, 10, 10, 10, 10, 10, 10, 10, 10, 10, 10, 10, 10, 10, 10, 10, 10, 4, 10, 10, 10, 10, 10, 10, 10, 10, 10, 10, 7, 10, 10, 10, 10, 10, 10, 10, 10, 10, 10, 10, 10, 10, 
302: 10, 0, 0, 10, 10, 0, 0, 0, 10, 0, 10, 0, 0, 0, 10, 0, 0, 10, 0, 0, 0, 0, 0, 10, 0, 10, 10, 10, 10, 0, 10, 0, 10, 0, 10, 10, 10, 10, 10, 10, 10, 0, 10, 16, 10, 10, 10, 10, 10, 10, 0, 0, 10, 0, 0, 10, 0, 0, 0, 2, 0, 0, 0, 10, 10, 0, 10, 10, 0, 10, 0, 0, 0, 10, 5, 0, 10, 0, 0, 0, 10, 0, 10, 10, 10, 10, 0, 10, 0, 0, 10, 0, 0, 10, 0, 10, 10, 10, 0, 0, 0, 0, 3, 0, 0, 0, 0, 10, 10, 10, 0, 10, 0, 0, 0, 1, 0, 0, 10, 10, : 10, 10, 10, 10, 10, 10, 10, 10, 10, 10, 10, 10, 10, 10, 10, 10, 10, 10, 10, 10, 10, 10, 16, 10, 10, 10, 10, 10, 10, 10, 10, 2, 10, 10, 10, 10, 10, 10, 5, 10, 10, 10, 10, 10, 10, 10, 10, 10, 10, 10, 10, 3, 10, 10, 10, 10, 1, 10, 10, 
16: 0, 6, 10, 10, 0, 0, 10, 0, 10, 10, 0, 10, 10, 10, 10, 10, 10, 10, 0, 0, 0, 4, 10, 10, 0, 0, 10, 0, 0, 10, 10, 0, 0, 0, 10, 17, 10, 10, 10, 10, 0, 0, 10, 2, 6, 10, 10, 1, 0, 10, 0, 10, 10, 0, 10, 10, 10, 0, 0, 10, 10, 0, 10, 1, 10, 0, 10, 0, 0, 0, 0, 0, 0, 10, 0, 10, 10, 0, 0, 10, 0, 0, 0, 0, 10, 10, 0, 0, 10, 0, 0, 10, 0, 10, 10, 0, 10, 0, 10, 10, 10, 0, 0, 0, 0, 10, 10, 0, 0, 0, 0, 0, 10, 0, 10, 10, 0, 0, 10, 6, : 6, 10, 10, 10, 10, 10, 10, 10, 10, 10, 10, 10, 10, 4, 10, 10, 10, 10, 10, 10, 17, 10, 10, 10, 10, 10, 2, 6, 10, 10, 1, 10, 10, 10, 10, 10, 10, 10, 10, 10, 1, 10, 10, 10, 10, 10, 10, 10, 10, 10, 10, 10, 10, 10, 10, 10, 10, 10, 10, 10, 10, 10, 10, 6, 
314: 10, 0, 10, 0, 10, 0, 0, 10, 10, 0, 10, 0, 10, 0, 0, 4, 0, 0, 0, 0, 0, 10, 10, 0, 0, 10, 0, 0, 10, 0, 0, 10, 10, 10, 0, 0, 0, 10, 0, 10, 10, 0, 10, 0, 10, 0, 0, 10, 10, 10, 1, 0, 10, 10, 10, 10, 0, 10, 0, 7, 10, 10, 0, 0, 0, 10, 10, 10, 10, 0, 10, 10, 0, 0, 0, 0, 0, 10, 10, 0, 10, 0, 10, 0, 0, 10, 0, 10, 10, 0, 10, 0, 10, 0, 0, 10, 10, 0, 10, 0, 10, 0, 0, 0, 10, 10, 0, 0, 10, 10, 10, 10, 10, 0, 10, 10, 10, 0, 10, 0, : 10, 10, 10, 10, 10, 10, 10, 4, 10, 10, 10, 10, 10, 10, 10, 10, 10, 10, 10, 10, 10, 10, 10, 1, 10, 10, 10, 10, 10, 7, 10, 10, 10, 10, 10, 10, 10, 10, 10, 10, 10, 10, 10, 10, 10, 10, 10, 10, 10, 10, 10, 10, 10, 10, 10, 10, 10, 10, 10, 10, 10, 10, 
313: 0, 10, 10, 10, 0, 0, 10, 0, 10, 1, 2, 0, 0, 0, 10, 0, 10, 0, 10, 0, 11, 0, 0, 10, 10, 10, 0, 10, 0, 0, 0, 0, 0, 0, 10, 0, 0, 3, 0, 0, 10, 1, 0, 0, 10, 0, 10, 10, 10, 10, 10, 0, 10, 10, 0, 1, 10, 10, 10, 0, 0, 10, 0, 10, 0, 10, 10, 0, 10, 10, 10, 10, 13, 0, 0, 0, 0, 0, 0, 0, 0, 10, 10, 0, 0, 0, 10, 1, 0, 0, 0, 0, 0, 10, 10, 0, 10, 10, 10, 0, 0, 10, 10, 10, 10, 0, 0, 10, 10, 0, 0, 0, 10, 10, 10, 10, 10, 10, 0, 10, : 10, 10, 10, 10, 10, 1, 2, 10, 10, 10, 11, 10, 10, 10, 10, 10, 3, 10, 1, 10, 10, 10, 10, 10, 10, 10, 10, 1, 10, 10, 10, 10, 10, 10, 10, 10, 10, 10, 10, 13, 10, 10, 10, 1, 10, 10, 10, 10, 10, 10, 10, 10, 10, 10, 10, 10, 10, 10, 10, 10, 10, 10, 
175: 10, 10, 0, 10, 0, 0, 10, 0, 0, 10, 0, 0, 0, 10, 10, 10, 10, 0, 0, 10, 0, 10, 0, 0, 10, 19, 0, 0, 0, 0, 0, 0, 10, 10, 10, 0, 0, 0, 10, 10, 10, 0, 10, 10, 10, 0, 10, 0, 8, 10, 0, 0, 19, 10, 0, 0, 0, 0, 0, 3, 1, 10, 10, 10, 0, 0, 0, 10, 6, 10, 10, 10, 10, 0, 0, 0, 10, 10, 10, 10, 10, 10, 0, 3, 0, 12, 10, 0, 0, 10, 0, 0, 10, 0, 10, 10, 0, 10, 0, 0, 6, 10, 10, 10, 0, 10, 10, 0, 10, 0, 0, 0, 0, 0, 10, 10, 0, 10, 2, 0, : 10, 10, 10, 10, 10, 10, 10, 10, 10, 10, 10, 10, 19, 10, 10, 10, 10, 10, 10, 10, 10, 10, 10, 8, 10, 19, 10, 3, 1, 10, 10, 10, 10, 6, 10, 10, 10, 10, 10, 10, 10, 10, 10, 10, 3, 12, 10, 10, 10, 10, 10, 10, 6, 10, 10, 10, 10, 10, 10, 10, 10, 10, 2, 
50: 10, 10, 0, 10, 0, 10, 10, 10, 0, 10, 0, 0, 0, 10, 0, 10, 0, 0, 10, 0, 10, 10, 10, 10, 0, 0, 0, 0, 10, 10, 10, 0, 10, 10, 0, 10, 0, 10, 10, 10, 0, 0, 4, 0, 10, 0, 10, 10, 4, 10, 10, 10, 10, 10, 10, 10, 0, 0, 0, 10, 10, 0, 0, 10, 0, 10, 0, 0, 10, 10, 10, 0, 0, 0, 0, 10, 0, 10, 0, 0, 0, 10, 0, 9, 10, 10, 10, 0, 0, 0, 10, 10, 10, 10, 0, 0, 0, 0, 10, 10, 0, 10, 0, 10, 0, 10, 10, 10, 10, 10, 10, 0, 10, 10, 10, 0, 10, 0, 0, 0, : 10, 10, 10, 10, 10, 10, 10, 10, 10, 10, 10, 10, 10, 10, 10, 10, 10, 10, 10, 10, 10, 10, 10, 4, 10, 10, 10, 4, 10, 10, 10, 10, 10, 10, 10, 10, 10, 10, 10, 10, 10, 10, 10, 10, 10, 9, 10, 10, 10, 10, 10, 10, 10, 10, 10, 10, 10, 10, 10, 10, 10, 10, 10, 10, 10, 10, 10, 
215: 10, 0, 0, 10, 10, 10, 10, 10, 0, 10, 0, 10, 0, 10, 10, 0, 0, 0, 0, 10, 0, 10, 0, 10, 10, 10, 10, 10, 8, 10, 0, 10, 0, 10, 0, 0, 0, 0, 0, 0, 10, 0, 0, 6, 0, 10, 0, 10, 10, 0, 10, 0, 0, 0, 10, 10, 0, 10, 0, 0, 0, 0, 10, 10, 7, 0, 10, 0, 0, 10, 0, 10, 10, 10, 0, 0, 10, 2, 10, 0, 10, 0, 0, 10, 10, 0, 10, 0, 10, 0, 10, 10, 10, 0, 10, 0, 0, 10, 0, 10, 0, 0, 10, 10, 0, 0, 10, 10, 0, 0, 0, 0, 0, 0, 0, 0, 10, 0, 1, 0, : 10, 10, 10, 10, 10, 10, 10, 10, 10, 10, 10, 10, 10, 10, 10, 10, 10, 8, 10, 10, 10, 10, 6, 10, 10, 10, 10, 10, 10, 10, 10, 10, 7, 10, 10, 10, 10, 10, 10, 2, 10, 10, 10, 10, 10, 10, 10, 10, 10, 10, 10, 10, 10, 10, 10, 10, 10, 1, 
233: 10, 0, 10, 0, 10, 10, 10, 10, 10, 0, 0, 0, 0, 0, 10, 10, 0, 10, 10, 0, 0, 10, 10, 10, 10, 10, 10, 1, 10, 0, 0, 10, 0, 0, 0, 0, 10, 0, 0, 0, 0, 10, 10, 0, 10, 10, 10, 0, 0, 10, 0, 10, 0, 10, 0, 10, 10, 10, 10, 0, 0, 0, 10, 0, 0, 10, 10, 0, 10, 0, 0, 0, 10, 0, 10, 4, 0, 0, 10, 9, 10, 0, 0, 10, 10, 0, 0, 10, 10, 0, 0, 10, 10, 10, 0, 10, 0, 0, 10, 0, 0, 10, 10, 10, 10, 10, 0, 0, 10, 10, 0, 10, 0, 0, 10, 0, 0, 10, 10, 0, : 10, 10, 10, 10, 10, 10, 10, 10, 10, 10, 10, 10, 10, 10, 10, 10, 10, 1, 10, 10, 10, 10, 10, 10, 10, 10, 10, 10, 10, 10, 10, 10, 10, 10, 10, 10, 10, 10, 10, 4, 10, 9, 10, 10, 10, 10, 10, 10, 10, 10, 10, 10, 10, 10, 10, 10, 10, 10, 10, 10, 10, 10, 10, 
34: 10, 0, 10, 10, 0, 10, 0, 0, 0, 0, 10, 0, 10, 10, 0, 0, 0, 10, 0, 0, 0, 0, 0, 10, 10, 10, 0, 10, 0, 0, 10, 0, 10, 10, 0, 10, 0, 10, 10, 0, 10, 10, 10, 0, 10, 0, 0, 0, 10, 0, 10, 0, 10, 10, 10, 10, 10, 0, 0, 10, 10, 10, 0, 0, 0, 0, 0, 10, 10, 10, 10, 10, 0, 0, 10, 10, 0, 10, 10, 10, 0, 10, 10, 10, 10, 0, 0, 10, 10, 0, 13, 0, 0, 10, 10, 0, 10, 10, 10, 10, 10, 10, 0, 10, 10, 10, 10, 10, 0, 0, 0, 10, 10, 10, 0, 0, 10, 0, 0, 0, : 10, 10, 10, 10, 10, 10, 10, 10, 10, 10, 10, 10, 10, 10, 10, 10, 10, 10, 10, 10, 10, 10, 10, 10, 10, 10, 10, 10, 10, 10, 10, 10, 10, 10, 10, 10, 10, 10, 10, 10, 10, 10, 10, 10, 10, 10, 10, 10, 13, 10, 10, 10, 10, 10, 10, 10, 10, 10, 10, 10, 10, 10, 10, 10, 10, 10, 
12: 10, 0, 1, 0, 0, 0, 10, 0, 0, 0, 10, 0, 0, 10, 0, 10, 0, 10, 0, 0, 10, 0, 10, 0, 0, 10, 10, 14, 10, 10, 0, 0, 0, 0, 0, 10, 10, 0, 10, 0, 0, 0, 0, 0, 0, 10, 10, 10, 0, 0, 0, 0, 1, 0, 0, 10, 10, 10, 0, 10, 0, 10, 0, 0, 0, 0, 10, 10, 0, 10, 0, 0, 0, 10, 10, 0, 10, 10, 10, 7, 10, 0, 10, 0, 10, 0, 10, 0, 10, 10, 0, 2, 0, 0, 0, 10, 10, 0, 0, 10, 10, 10, 10, 0, 0, 0, 10, 0, 0, 0, 10, 10, 10, 0, 0, 10, 10, 10, 10, 0, : 10, 1, 10, 10, 10, 10, 10, 10, 10, 10, 10, 14, 10, 10, 10, 10, 10, 10, 10, 10, 1, 10, 10, 10, 10, 10, 10, 10, 10, 10, 10, 10, 10, 10, 7, 10, 10, 10, 10, 10, 10, 2, 10, 10, 10, 10, 10, 10, 10, 10, 10, 10, 10, 10, 10, 10, 
319: 0, 0, 10, 10, 1, 0, 0, 3, 0, 10, 0, 0, 10, 0, 0, 0, 0, 0, 10, 10, 8, 10, 0, 10, 10, 0, 0, 10, 0, 10, 0, 0, 10, 10, 0, 10, 10, 10, 10, 10, 0, 0, 10, 0, 0, 0, 0, 10, 0, 0, 0, 0, 0, 2, 10, 0, 10, 10, 10, 0, 10, 17, 10, 10, 10, 10, 10, 10, 10, 5, 10, 10, 0, 0, 10, 10, 0, 10, 10, 0, 0, 10, 10, 10, 0, 0, 0, 0, 10, 10, 0, 0, 10, 0, 10, 0, 5, 2, 0, 10, 0, 0, 0, 10, 10, 0, 0, 10, 10, 0, 0, 10, 10, 0, 0, 0, 0, 10, 0, 10, : 10, 10, 1, 3, 10, 10, 10, 10, 8, 10, 10, 10, 10, 10, 10, 10, 10, 10, 10, 10, 10, 10, 10, 2, 10, 10, 10, 10, 10, 17, 10, 10, 10, 10, 10, 10, 10, 5, 10, 10, 10, 10, 10, 10, 10, 10, 10, 10, 10, 10, 10, 5, 2, 10, 10, 10, 10, 10, 10, 10, 10, 10, 
154: 0, 0, 0, 0, 10, 10, 0, 0, 10, 10, 0, 0, 0, 0, 10, 0, 10, 0, 10, 0, 10, 10, 0, 10, 0, 10, 10, 10, 0, 10, 10, 0, 0, 0, 10, 0, 0, 10, 0, 10, 10, 0, 0, 10, 0, 0, 0, 0, 0, 0, 10, 10, 10, 0, 10, 0, 10, 0, 10, 0, 10, 0, 0, 0, 0, 0, 0, 0, 2, 10, 10, 0, 0, 0, 10, 10, 10, 10, 10, 0, 0, 0, 0, 10, 10, 0, 0, 0, 10, 0, 0, 10, 10, 0, 10, 10, 0, 10, 0, 10, 10, 10, 10, 10, 10, 0, 10, 10, 0, 5, 0, 10, 0, 0, 0, 0, 0, 0, 0, 10, : 10, 10, 10, 10, 10, 10, 10, 10, 10, 10, 10, 10, 10, 10, 10, 10, 10, 10, 10, 10, 10, 10, 10, 10, 10, 10, 10, 2, 10, 10, 10, 10, 10, 10, 10, 10, 10, 10, 10, 10, 10, 10, 10, 10, 10, 10, 10, 10, 10, 10, 10, 5, 10, 10, 
311: 10, 10, 10, 0, 10, 10, 0, 0, 0, 0, 0, 0, 0, 0, 10, 0, 0, 6, 10, 10, 10, 0, 0, 0, 10, 10, 10, 0, 10, 0, 10, 0, 3, 10, 0, 10, 0, 0, 0, 10, 10, 0, 10, 0, 0, 10, 10, 0, 10, 10, 8, 0, 10, 10, 1, 10, 4, 0, 10, 0, 0, 0, 0, 0, 10, 0, 10, 0, 10, 10, 0, 0, 0, 0, 10, 0, 10, 10, 0, 10, 10, 10, 10, 10, 10, 0, 10, 0, 0, 10, 0, 0, 10, 10, 10, 0, 10, 10, 10, 0, 0, 0, 0, 0, 0, 0, 0, 10, 0, 10, 0, 0, 16, 10, 10, 10, 10, 10, 10, 10, : 10, 10, 10, 10, 10, 10, 6, 10, 10, 10, 10, 10, 10, 10, 10, 3, 10, 10, 10, 10, 10, 10, 10, 10, 10, 8, 10, 10, 1, 10, 4, 10, 10, 10, 10, 10, 10, 10, 10, 10, 10, 10, 10, 10, 10, 10, 10, 10, 10, 10, 10, 10, 10, 10, 10, 16, 10, 10, 10, 10, 10, 10, 10, 
125: 10, 10, 0, 10, 10, 0, 0, 10, 0, 0, 10, 10, 5, 0, 1, 10, 10, 10, 2, 0, 10, 0, 10, 0, 0, 0, 0, 0, 0, 10, 0, 10, 10, 10, 10, 10, 10, 10, 10, 10, 10, 0, 0, 10, 10, 10, 0, 10, 10, 0, 0, 0, 10, 10, 10, 0, 0, 10, 0, 0, 0, 10, 10, 0, 4, 0, 0, 0, 10, 10, 10, 0, 0, 0, 10, 10, 10, 10, 10, 0, 0, 10, 0, 0, 0, 10, 0, 0, 0, 0, 0, 0, 0, 10, 10, 10, 10, 10, 0, 10, 1, 0, 0, 0, 10, 10, 10, 10, 10, 10, 10, 0, 0, 10, 10, 0, 0, 0, 0, 10, : 10, 10, 10, 10, 10, 10, 10, 5, 1, 10, 10, 10, 2, 10, 10, 10, 10, 10, 10, 10, 10, 10, 10, 10, 10, 10, 10, 10, 10, 10, 10, 10, 10, 10, 10, 10, 10, 4, 10, 10, 10, 10, 10, 10, 10, 10, 10, 10, 10, 10, 10, 10, 10, 10, 1, 10, 10, 10, 10, 10, 10, 10, 10, 10, 10, 
151: 10, 0, 10, 10, 10, 10, 0, 10, 10, 0, 0, 10, 0, 0, 10, 0, 14, 10, 10, 0, 10, 0, 10, 0, 0, 10, 10, 10, 10, 0, 0, 10, 0, 0, 0, 0, 10, 10, 10, 10, 0, 10, 10, 0, 0, 0, 0, 0, 10, 10, 0, 10, 0, 10, 0, 0, 10, 10, 1, 0, 0, 0, 0, 0, 0, 10, 1, 10, 10, 19, 10, 0, 10, 10, 10, 0, 10, 0, 0, 10, 0, 0, 0, 10, 10, 10, 10, 10, 10, 10, 0, 0, 0, 1, 0, 10, 0, 10, 0, 10, 10, 0, 0, 10, 5, 0, 10, 10, 0, 0, 9, 10, 0, 0, 10, 10, 10, 10, 0, 0, : 10, 10, 10, 10, 10, 10, 10, 10, 10, 14, 10, 10, 10, 10, 10, 10, 10, 10, 10, 10, 10, 10, 10, 10, 10, 10, 10, 10, 10, 10, 10, 1, 10, 1, 10, 10, 19, 10, 10, 10, 10, 10, 10, 10, 10, 10, 10, 10, 10, 10, 1, 10, 10, 10, 10, 10, 5, 10, 10, 9, 10, 10, 10, 10, 10, 
119: 0, 10, 0, 0, 10, 10, 10, 10, 0, 10, 10, 10, 10, 10, 10, 10, 10, 0, 10, 3, 10, 10, 0, 10, 10, 0, 0, 0, 10, 0, 0, 0, 10, 10, 0, 0, 0, 10, 0, 10, 10, 10, 17, 10, 0, 10, 10, 10, 10, 4, 0, 0, 10, 10, 10, 10, 0, 10, 10, 0, 0, 10, 0, 10, 10, 0, 0, 10, 0, 0, 10, 10, 0, 10, 10, 10, 0, 0, 0, 0, 10, 3, 0, 0, 0, 10, 10, 0, 0, 10, 0, 20, 10, 10, 0, 10, 0, 10, 10, 0, 0, 10, 0, 0, 3, 0, 0, 0, 10, 0, 10, 0, 0, 10, 10, 0, 10, 0, 10, 10, : 10, 10, 10, 10, 10, 10, 10, 10, 10, 10, 10, 10, 10, 10, 3, 10, 10, 10, 10, 10, 10, 10, 10, 10, 10, 10, 17, 10, 10, 10, 10, 10, 4, 10, 10, 10, 10, 10, 10, 10, 10, 10, 10, 10, 10, 10, 10, 10, 10, 3, 10, 10, 10, 20, 10, 10, 10, 10, 10, 10, 3, 10, 10, 10, 10, 10, 10, 10, 
346: 0, 10, 0, 10, 0, 0, 10, 0, 10, 0, 0, 10, 10, 10, 10, 10, 0, 0, 0, 10, 0, 0, 10, 0, 3, 10, 0, 12, 10, 0, 10, 10, 0, 10, 0, 10, 10, 10, 0, 10, 10, 10, 0, 10, 0, 0, 0, 0, 10, 10, 10, 10, 10, 10, 10, 10, 10, 0, 0, 10, 10, 0, 0, 0, 10, 0, 10, 0, 0, 0, 0, 10, 10, 10, 10, 0, 10, 10, 10, 0, 10, 0, 0, 10, 10, 10, 0, 10, 0, 10, 0, 10, 0, 0, 10, 0, 0, 0, 10, 0, 10, 0, 0, 0, 0, 0, 10, 1, 0, 10, 10, 10, 1, 0, 10, 10, 0, 0, 0, 10, : 10, 10, 10, 10, 10, 10, 10, 10, 10, 10, 10, 3, 10, 12, 10, 10, 10, 10, 10, 10, 10, 10, 10, 10, 10, 10, 10, 10, 10, 10, 10, 10, 10, 10, 10, 10, 10, 10, 10, 10, 10, 10, 10, 10, 10, 10, 10, 10, 10, 10, 10, 10, 10, 10, 10, 10, 1, 10, 10, 10, 1, 10, 10, 10, 
253: 10, 10, 10, 10, 0, 10, 0, 10, 0, 0, 10, 10, 0, 0, 0, 0, 10, 0, 10, 1, 0, 0, 10, 0, 0, 0, 0, 0, 0, 5, 10, 0, 0, 0, 0, 0, 0, 9, 10, 0, 10, 10, 0, 0, 10, 10, 10, 10, 10, 10, 10, 10, 10, 10, 0, 0, 0, 0, 10, 0, 10, 10, 10, 0, 0, 0, 10, 10, 10, 0, 10, 10, 10, 0, 10, 10, 10, 10, 0, 7, 0, 0, 0, 0, 6, 0, 10, 10, 10, 10, 0, 8, 10, 10, 0, 10, 10, 0, 6, 0, 0, 10, 10, 0, 0, 0, 10, 10, 5, 0, 10, 10, 10, 10, 10, 10, 0, 10, 0, 0, : 10, 10, 10, 10, 10, 10, 10, 10, 10, 10, 1, 10, 5, 10, 9, 10, 10, 10, 10, 10, 10, 10, 10, 10, 10, 10, 10, 10, 10, 10, 10, 10, 10, 10, 10, 10, 10, 10, 10, 10, 10, 10, 7, 6, 10, 10, 10, 10, 8, 10, 10, 10, 10, 6, 10, 10, 10, 10, 5, 10, 10, 10, 10, 10, 10, 10, 
60: 10, 1, 0, 10, 0, 10, 10, 0, 10, 10, 10, 0, 10, 10, 0, 0, 0, 10, 10, 10, 1, 0, 10, 0, 0, 0, 10, 0, 0, 0, 10, 0, 0, 1, 10, 10, 0, 0, 10, 10, 0, 0, 10, 10, 10, 0, 10, 0, 0, 0, 0, 0, 10, 0, 0, 0, 0, 0, 10, 12, 10, 10, 10, 10, 0, 10, 0, 0, 0, 0, 0, 0, 0, 10, 0, 0, 10, 10, 0, 10, 10, 10, 10, 0, 0, 0, 2, 6, 0, 0, 0, 10, 10, 0, 0, 10, 0, 10, 0, 0, 18, 10, 0, 10, 0, 10, 10, 10, 0, 0, 0, 10, 0, 10, 0, 1, 0, 10, 1, 0, : 10, 1, 10, 10, 10, 10, 10, 10, 10, 10, 10, 10, 10, 1, 10, 10, 10, 1, 10, 10, 10, 10, 10, 10, 10, 10, 10, 10, 12, 10, 10, 10, 10, 10, 10, 10, 10, 10, 10, 10, 10, 2, 6, 10, 10, 10, 10, 18, 10, 10, 10, 10, 10, 10, 10, 1, 10, 1, 
363: 10, 10, 10, 0, 10, 10, 10, 0, 10, 0, 0, 10, 0, 0, 0, 0, 10, 10, 3, 10, 10, 0, 10, 4, 0, 0, 10, 0, 10, 0, 0, 0, 0, 10, 0, 1, 10, 5, 10, 0, 10, 10, 0, 0, 0, 0, 10, 10, 0, 0, 0, 0, 10, 10, 0, 10, 0, 0, 0, 10, 10, 0, 10, 0, 10, 10, 0, 10, 0, 0, 0, 0, 10, 10, 0, 10, 7, 0, 10, 10, 0, 1, 0, 0, 0, 0, 10, 10, 10, 10, 0, 0, 10, 10, 0, 0, 10, 0, 5, 0, 10, 10, 0, 10, 0, 0, 0, 0, 10, 2, 0, 0, 0, 10, 0, 10, 10, 10, 0, 10, : 10, 10, 10, 10, 10, 10, 10, 10, 10, 10, 3, 10, 10, 10, 4, 10, 10, 10, 1, 10, 5, 10, 10, 10, 10, 10, 10, 10, 10, 10, 10, 10, 10, 10, 10, 10, 10, 10, 7, 10, 10, 1, 10, 10, 10, 10, 10, 10, 10, 5, 10, 10, 10, 10, 2, 10, 10, 10, 10, 10, 
276: 0, 10, 0, 10, 0, 10, 0, 0, 0, 0, 0, 10, 10, 0, 0, 10, 0, 10, 10, 0, 10, 5, 0, 0, 10, 0, 0, 10, 10, 0, 0, 0, 10, 10, 0, 10, 0, 10, 0, 0, 0, 10, 0, 10, 0, 10, 0, 0, 10, 10, 10, 0, 0, 10, 4, 10, 10, 10, 10, 10, 0, 10, 0, 10, 10, 10, 10, 0, 0, 10, 0, 10, 1, 0, 0, 0, 10, 0, 10, 0, 10, 16, 0, 0, 0, 10, 0, 10, 0, 10, 10, 10, 10, 1, 10, 10, 0, 10, 10, 10, 0, 0, 10, 16, 0, 14, 10, 10, 10, 10, 10, 0, 0, 10, 10, 10, 10, 0, 10, 10, : 10, 10, 10, 10, 10, 10, 10, 10, 10, 5, 10, 10, 10, 10, 10, 10, 10, 10, 10, 10, 10, 10, 10, 10, 4, 10, 10, 10, 10, 10, 10, 10, 10, 10, 10, 10, 10, 1, 10, 10, 10, 16, 10, 10, 10, 10, 10, 10, 1, 10, 10, 10, 10, 10, 10, 16, 14, 10, 10, 10, 10, 10, 10, 10, 10, 10, 10, 10, 
244: 10, 10, 0, 10, 0, 0, 10, 0, 10, 10, 10, 10, 0, 10, 0, 0, 10, 10, 10, 10, 10, 10, 10, 0, 10, 0, 10, 0, 0, 10, 0, 10, 0, 10, 3, 10, 0, 0, 0, 4, 10, 10, 10, 10, 0, 10, 10, 0, 0, 0, 0, 10, 10, 10, 0, 10, 10, 13, 0, 0, 10, 9, 0, 0, 4, 10, 10, 9, 10, 10, 0, 10, 0, 10, 10, 10, 10, 10, 0, 0, 10, 0, 10, 10, 0, 10, 10, 0, 0, 0, 0, 0, 0, 0, 10, 10, 0, 0, 10, 10, 0, 10, 0, 10, 0, 0, 0, 10, 0, 0, 10, 0, 0, 10, 0, 10, 0, 0, 10, 10, : 10, 10, 10, 10, 10, 10, 10, 10, 10, 10, 10, 10, 10, 10, 10, 10, 10, 10, 10, 10, 10, 3, 10, 4, 10, 10, 10, 10, 10, 10, 10, 10, 10, 10, 10, 13, 10, 9, 4, 10, 10, 9, 10, 10, 10, 10, 10, 10, 10, 10, 10, 10, 10, 10, 10, 10, 10, 10, 10, 10, 10, 10, 10, 10, 10, 10, 10, 
241: 0, 10, 0, 10, 1, 0, 0, 0, 0, 10, 0, 10, 0, 10, 0, 10, 0, 10, 0, 0, 0, 0, 0, 1, 0, 10, 10, 10, 0, 0, 10, 10, 10, 0, 0, 0, 2, 0, 10, 10, 10, 10, 0, 10, 10, 0, 0, 10, 0, 10, 10, 0, 0, 0, 10, 10, 0, 0, 0, 0, 0, 0, 10, 10, 10, 0, 0, 10, 10, 10, 0, 10, 10, 0, 10, 0, 10, 0, 10, 0, 10, 10, 10, 0, 10, 0, 0, 10, 10, 10, 10, 10, 10, 10, 0, 10, 0, 0, 10, 10, 10, 0, 10, 10, 0, 10, 0, 0, 10, 0, 0, 10, 0, 10, 10, 0, 10, 0, 0, 10, : 10, 10, 1, 10, 10, 10, 10, 10, 1, 10, 10, 10, 10, 10, 10, 2, 10, 10, 10, 10, 10, 10, 10, 10, 10, 10, 10, 10, 10, 10, 10, 10, 10, 10, 10, 10, 10, 10, 10, 10, 10, 10, 10, 10, 10, 10, 10, 10, 10, 10, 10, 10, 10, 10, 10, 10, 10, 10, 10, 10, 10, 10, 
294: 0, 0, 15, 0, 0, 10, 0, 0, 0, 0, 10, 0, 10, 0, 10, 0, 0, 0, 10, 10, 0, 10, 10, 0, 10, 10, 10, 0, 10, 0, 10, 0, 10, 0, 0, 10, 0, 10, 3, 10, 10, 10, 10, 10, 10, 0, 0, 0, 0, 0, 0, 0, 0, 10, 10, 10, 0, 10, 0, 0, 0, 10, 10, 0, 10, 0, 0, 10, 0, 0, 0, 0, 10, 10, 10, 0, 10, 10, 10, 0, 0, 10, 10, 0, 0, 0, 0, 0, 10, 0, 10, 0, 10, 0, 0, 10, 0, 10, 10, 10, 10, 0, 10, 10, 10, 10, 10, 0, 0, 10, 10, 0, 10, 0, 0, 0, 10, 0, 0, 10, : 15, 10, 10, 10, 10, 10, 10, 10, 10, 10, 10, 10, 10, 10, 10, 10, 10, 3, 10, 10, 10, 10, 10, 10, 10, 10, 10, 10, 10, 10, 10, 10, 10, 10, 10, 10, 10, 10, 10, 10, 10, 10, 10, 10, 10, 10, 10, 10, 10, 10, 10, 10, 10, 10, 10, 10, 10, 10, 
157: 10, 0, 10, 10, 10, 10, 10, 10, 0, 0, 10, 10, 0, 0, 0, 0, 0, 0, 10, 10, 0, 0, 0, 10, 0, 10, 0, 10, 0, 0, 0, 10, 11, 10, 10, 0, 0, 0, 10, 10, 0, 10, 10, 0, 0, 10, 0, 0, 10, 10, 0, 10, 0, 0, 0, 10, 1, 0, 10, 0, 0, 0, 10, 0, 0, 0, 0, 10, 0, 10, 0, 0, 0, 0, 0, 0, 10, 0, 10, 10, 10, 10, 0, 0, 1, 10, 0, 10, 0, 0, 10, 10, 10, 10, 10, 10, 0, 0, 0, 0, 10, 10, 10, 10, 0, 10, 0, 0, 10, 10, 10, 10, 0, 0, 10, 0, 10, 0, 0, 0, : 10, 10, 10, 10, 10, 10, 10, 10, 10, 10, 10, 10, 10, 10, 10, 11, 10, 10, 10, 10, 10, 10, 10, 10, 10, 10, 10, 1, 10, 10, 10, 10, 10, 10, 10, 10, 10, 1, 10, 10, 10, 10, 10, 10, 10, 10, 10, 10, 10, 10, 10, 10, 10, 10, 10, 10, 10, 
120: 0, 10, 6, 10, 10, 0, 10, 0, 0, 10, 10, 10, 10, 0, 10, 0, 0, 0, 10, 0, 10, 0, 10, 10, 10, 0, 0, 10, 10, 10, 0, 0, 10, 10, 0, 10, 0, 0, 0, 0, 0, 0, 0, 1, 0, 10, 10, 0, 0, 10, 0, 10, 0, 0, 10, 0, 10, 10, 0, 10, 0, 0, 10, 10, 0, 10, 10, 10, 0, 10, 10, 0, 8, 10, 10, 10, 0, 0, 0, 10, 0, 10, 10, 10, 0, 10, 0, 0, 10, 0, 10, 10, 0, 0, 10, 5, 0, 0, 10, 10, 10, 0, 10, 10, 10, 0, 0, 0, 10, 0, 0, 0, 10, 10, 10, 10, 0, 0, 10, 10, : 10, 6, 10, 10, 10, 10, 10, 10, 10, 10, 10, 10, 10, 10, 10, 10, 10, 10, 10, 10, 10, 1, 10, 10, 10, 10, 10, 10, 10, 10, 10, 10, 10, 10, 10, 10, 10, 8, 10, 10, 10, 10, 10, 10, 10, 10, 10, 10, 10, 10, 5, 10, 10, 10, 10, 10, 10, 10, 10, 10, 10, 10, 10, 10, 
221: 10, 10, 10, 0, 10, 0, 10, 0, 10, 0, 10, 0, 0, 0, 10, 10, 10, 0, 0, 1, 0, 10, 10, 10, 0, 10, 0, 0, 10, 0, 10, 4, 10, 0, 10, 10, 0, 10, 0, 10, 0, 10, 0, 10, 10, 10, 0, 0, 0, 0, 0, 0, 0, 0, 0, 0, 10, 10, 0, 10, 10, 10, 0, 0, 10, 10, 10, 10, 0, 0, 0, 0, 0, 10, 10, 0, 10, 0, 10, 10, 10, 1, 0, 0, 10, 0, 2, 0, 10, 10, 10, 10, 0, 10, 0, 0, 0, 0, 0, 10, 10, 10, 10, 10, 0, 2, 10, 0, 0, 10, 10, 0, 0, 0, 0, 0, 0, 10, 10, 0, : 10, 10, 10, 10, 10, 10, 10, 10, 10, 10, 1, 10, 10, 10, 10, 10, 10, 4, 10, 10, 10, 10, 10, 10, 10, 10, 10, 10, 10, 10, 10, 10, 10, 10, 10, 10, 10, 10, 10, 10, 10, 10, 1, 10, 2, 10, 10, 10, 10, 10, 10, 10, 10, 10, 10, 2, 10, 10, 10, 10, 10, 


262: 0, 10, 0, 0, 10, 10, 4, 10, 0, 10, 10, 0, 18, 0, 10, 10, 1, 0, 10, 0, 2, 0, 10, 10, 0, 0, 0, 10, 0, 0, 0, 10, 0, 0, 10, 1, 10, 10, 0, 10, 0, 0, 10, 10, 0, 0, 0, 10, 10, 10, 10, 15, 0, 10, 10, 0, 10, 0, 0, 10, 10, 10, 0, 0, 10, 0, 0, 0, 10, 10, 0, 10, 10, 0, 0, 10, 0, 10, 0, 10, 0, 10, 10, 4, 10, 0, 0, 0, 0, 0, 0, 10, 10, 10, 0, 0, 10, 10, 10, 10, 2, 10, 0, 18, 10, 0, 0, 10, 0, 0, 10, 10, 0, 0, 10, 0, 10, 0, 0, 10, : 10, 10, 10, 4, 10, 10, 10, 18, 10, 10, 1, 10, 2, 10, 10, 10, 10, 10, 1, 10, 10, 10, 10, 10, 10, 10, 10, 10, 15, 10, 10, 10, 10, 10, 10, 10, 10, 10, 10, 10, 10, 10, 10, 10, 10, 4, 10, 10, 10, 10, 10, 10, 10, 10, 2, 10, 18, 10, 10, 10, 10, 10, 10, 10, 
292: 0, 10, 10, 0, 10, 0, 0, 10, 10, 10, 0, 10, 10, 0, 10, 10, 10, 10, 10, 0, 0, 10, 10, 10, 10, 0, 10, 10, 0, 0, 10, 0, 1, 0, 10, 14, 0, 10, 0, 0, 0, 10, 0, 10, 10, 10, 10, 10, 10, 0, 0, 10, 0, 0, 4, 10, 10, 10, 0, 10, 0, 10, 0, 10, 10, 0, 0, 1, 10, 0, 10, 10, 10, 10, 10, 10, 10, 0, 0, 0, 10, 10, 1, 0, 0, 0, 2, 0, 0, 0, 0, 10, 10, 0, 10, 4, 10, 0, 10, 0, 0, 0, 10, 10, 0, 0, 10, 10, 10, 10, 10, 10, 10, 10, 0, 10, 10, 10, 10, 0, : 10, 10, 10, 10, 10, 10, 10, 10, 10, 10, 10, 10, 10, 10, 10, 10, 10, 10, 10, 10, 1, 10, 14, 10, 10, 10, 10, 10, 10, 10, 10, 10, 4, 10, 10, 10, 10, 10, 10, 10, 1, 10, 10, 10, 10, 10, 10, 10, 10, 10, 10, 1, 2, 10, 10, 10, 4, 10, 10, 10, 10, 10, 10, 10, 10, 10, 10, 10, 10, 10, 10, 10, 10, 
79: 10, 10, 10, 3, 0, 10, 0, 10, 0, 10, 10, 0, 10, 0, 10, 0, 0, 0, 0, 10, 10, 0, 10, 0, 10, 10, 0, 18, 0, 0, 0, 10, 10, 10, 0, 10, 0, 2, 0, 10, 0, 0, 0, 0, 0, 10, 0, 0, 7, 10, 0, 10, 0, 10, 0, 10, 0, 1, 10, 0, 2, 10, 0, 0, 10, 0, 10, 10, 0, 10, 10, 8, 10, 0, 10, 10, 0, 10, 0, 0, 10, 10, 1, 10, 0, 10, 0, 0, 10, 0, 10, 10, 10, 0, 0, 10, 10, 10, 0, 10, 0, 10, 10, 0, 0, 0, 10, 10, 0, 0, 10, 10, 10, 10, 0, 10, 10, 10, 0, 10, : 10, 10, 10, 3, 10, 10, 10, 10, 10, 10, 10, 10, 10, 10, 10, 18, 10, 10, 10, 10, 2, 10, 10, 7, 10, 10, 10, 10, 1, 10, 2, 10, 10, 10, 10, 10, 10, 8, 10, 10, 10, 10, 10, 10, 1, 10, 10, 10, 10, 10, 10, 10, 10, 10, 10, 10, 10, 10, 10, 10, 10, 10, 10, 10, 10, 10, 10, 
293: 0, 0, 10, 20, 0, 10, 0, 10, 0, 0, 10, 0, 0, 10, 0, 10, 10, 10, 0, 0, 0, 10, 0, 0, 0, 10, 0, 10, 0, 10, 0, 10, 10, 0, 10, 0, 0, 0, 10, 0, 10, 0, 16, 0, 10, 0, 10, 10, 10, 10, 0, 0, 0, 0, 10, 0, 10, 10, 9, 10, 0, 0, 0, 10, 7, 10, 0, 10, 0, 10, 0, 10, 0, 10, 0, 17, 10, 10, 10, 10, 0, 10, 0, 10, 3, 10, 10, 10, 0, 10, 10, 10, 0, 10, 10, 0, 10, 10, 3, 10, 10, 0, 0, 10, 0, 0, 10, 10, 0, 0, 10, 0, 0, 10, 0, 0, 10, 0, 0, 10, : 10, 20, 10, 10, 10, 10, 10, 10, 10, 10, 10, 10, 10, 10, 10, 10, 10, 10, 16, 10, 10, 10, 10, 10, 10, 10, 10, 9, 10, 10, 7, 10, 10, 10, 10, 10, 17, 10, 10, 10, 10, 10, 10, 3, 10, 10, 10, 10, 10, 10, 10, 10, 10, 10, 3, 10, 10, 10, 10, 10, 10, 10, 10, 10, 
278: 10, 0, 0, 0, 0, 10, 0, 0, 10, 10, 0, 0, 10, 0, 10, 0, 0, 10, 0, 10, 10, 0, 0, 0, 0, 10, 0, 10, 0, 0, 10, 10, 10, 10, 0, 10, 10, 10, 0, 10, 10, 10, 10, 10, 0, 0, 11, 0, 10, 0, 10, 0, 10, 10, 10, 0, 10, 0, 0, 10, 1, 0, 10, 10, 0, 10, 0, 10, 0, 0, 10, 0, 10, 10, 10, 0, 0, 0, 10, 10, 10, 10, 0, 10, 0, 0, 0, 0, 10, 10, 10, 10, 0, 0, 10, 0, 0, 0, 0, 0, 10, 1, 0, 0, 10, 10, 10, 0, 2, 0, 10, 10, 0, 10, 10, 0, 10, 1, 0, 10, : 10, 10, 10, 10, 10, 10, 10, 10, 10, 10, 10, 10, 10, 10, 10, 10, 10, 10, 10, 10, 10, 10, 10, 11, 10, 10, 10, 10, 10, 10, 10, 1, 10, 10, 10, 10, 10, 10, 10, 10, 10, 10, 10, 10, 10, 10, 10, 10, 10, 10, 10, 1, 10, 10, 10, 2, 10, 10, 10, 10, 10, 1, 10, 
327: 0, 0, 10, 0, 10, 0, 10, 0, 4, 10, 0, 0, 0, 0, 10, 10, 0, 10, 0, 10, 0, 10, 0, 10, 0, 10, 0, 0, 0, 10, 10, 10, 0, 0, 10, 0, 0, 10, 10, 10, 0, 0, 10, 0, 0, 0, 6, 0, 0, 0, 0, 10, 10, 0, 0, 10, 10, 10, 10, 0, 10, 0, 10, 0, 0, 0, 0, 10, 0, 10, 0, 0, 10, 0, 0, 0, 0, 0, 0, 10, 10, 0, 0, 0, 10, 10, 10, 1, 10, 10, 0, 10, 0, 10, 0, 0, 0, 0, 10, 0, 13, 0, 10, 10, 0, 10, 10, 10, 10, 0, 0, 10, 0, 10, 0, 10, 10, 0, 0, 10, : 10, 10, 10, 4, 10, 10, 10, 10, 10, 10, 10, 10, 10, 10, 10, 10, 10, 10, 10, 10, 6, 10, 10, 10, 10, 10, 10, 10, 10, 10, 10, 10, 10, 10, 10, 10, 10, 1, 10, 10, 10, 10, 10, 13, 10, 10, 10, 10, 10, 10, 10, 10, 10, 10, 10, 
173: 0, 10, 10, 10, 0, 0, 0, 0, 0, 10, 0, 10, 10, 0, 0, 10, 0, 0, 0, 0, 10, 10, 10, 0, 0, 0, 0, 10, 10, 0, 0, 10, 2, 0, 0, 10, 0, 0, 0, 0, 10, 0, 0, 0, 0, 10, 10, 0, 0, 0, 0, 0, 0, 0, 10, 0, 10, 10, 10, 0, 0, 10, 0, 2, 10, 12, 0, 1, 0, 0, 10, 0, 0, 0, 10, 10, 10, 10, 0, 10, 0, 10, 0, 0, 0, 1, 10, 0, 10, 10, 10, 0, 10, 0, 1, 10, 10, 10, 10, 10, 10, 0, 0, 10, 0, 10, 0, 10, 10, 0, 0, 10, 0, 0, 0, 10, 0, 0, 0, 0, : 10, 10, 10, 10, 10, 10, 10, 10, 10, 10, 10, 10, 10, 2, 10, 10, 10, 10, 10, 10, 10, 10, 10, 2, 10, 12, 1, 10, 10, 10, 10, 10, 10, 10, 1, 10, 10, 10, 10, 10, 1, 10, 10, 10, 10, 10, 10, 10, 10, 10, 10, 10, 10, 
30: 10, 0, 0, 0, 0, 10, 0, 0, 0, 0, 0, 10, 10, 10, 10, 10, 10, 10, 10, 10, 0, 10, 10, 0, 0, 0, 10, 10, 0, 0, 0, 10, 0, 0, 10, 0, 0, 10, 0, 10, 10, 0, 0, 1, 10, 10, 10, 10, 0, 10, 0, 0, 0, 0, 10, 0, 0, 0, 0, 0, 10, 0, 10, 0, 10, 0, 10, 0, 0, 10, 0, 10, 10, 10, 0, 10, 0, 10, 0, 10, 0, 0, 0, 10, 10, 0, 10, 0, 10, 10, 10, 0, 10, 0, 10, 10, 10, 10, 10, 0, 0, 10, 10, 10, 10, 10, 1, 10, 0, 0, 10, 0, 10, 0, 10, 10, 0, 10, 10, 0, : 10, 10, 10, 10, 10, 10, 10, 10, 10, 10, 10, 10, 10, 10, 10, 10, 10, 10, 10, 10, 1, 10, 10, 10, 10, 10, 10, 10, 10, 10, 10, 10, 10, 10, 10, 10, 10, 10, 10, 10, 10, 10, 10, 10, 10, 10, 10, 10, 10, 10, 10, 10, 10, 10, 10, 1, 10, 10, 10, 10, 10, 10, 10, 
282: 0, 0, 0, 10, 0, 0, 10, 10, 10, 0, 10, 0, 0, 0, 10, 0, 10, 0, 0, 0, 10, 6, 0, 10, 0, 0, 0, 0, 2, 0, 0, 10, 0, 0, 10, 10, 10, 0, 0, 10, 10, 10, 0, 0, 10, 10, 0, 10, 0, 0, 0, 0, 0, 0, 0, 10, 10, 10, 4, 10, 10, 10, 10, 0, 0, 0, 10, 0, 0, 0, 0, 10, 0, 0, 0, 10, 10, 0, 4, 10, 0, 10, 10, 10, 10, 10, 0, 0, 10, 0, 10, 0, 0, 0, 10, 10, 0, 10, 10, 0, 10, 0, 0, 10, 10, 0, 10, 10, 0, 10, 0, 10, 0, 0, 10, 0, 0, 0, 0, 0, : 10, 10, 10, 10, 10, 10, 10, 10, 6, 10, 2, 10, 10, 10, 10, 10, 10, 10, 10, 10, 10, 10, 10, 10, 4, 10, 10, 10, 10, 10, 10, 10, 10, 4, 10, 10, 10, 10, 10, 10, 10, 10, 10, 10, 10, 10, 10, 10, 10, 10, 10, 10, 10, 10, 
13: 10, 0, 10, 0, 3, 10, 10, 0, 10, 10, 0, 10, 10, 0, 0, 0, 10, 10, 0, 10, 0, 10, 0, 0, 0, 0, 0, 0, 0, 10, 10, 10, 10, 0, 0, 0, 0, 0, 0, 10, 10, 0, 10, 0, 0, 0, 0, 10, 10, 10, 10, 0, 10, 0, 10, 0, 10, 10, 10, 10, 0, 10, 10, 0, 0, 10, 10, 0, 10, 0, 0, 0, 10, 10, 0, 0, 0, 10, 10, 10, 0, 10, 10, 10, 0, 10, 0, 10, 0, 0, 10, 0, 5, 10, 10, 10, 10, 0, 0, 6, 10, 0, 1, 0, 10, 10, 0, 10, 10, 0, 0, 0, 10, 0, 10, 0, 0, 10, 10, 10, : 10, 10, 3, 10, 10, 10, 10, 10, 10, 10, 10, 10, 10, 10, 10, 10, 10, 10, 10, 10, 10, 10, 10, 10, 10, 10, 10, 10, 10, 10, 10, 10, 10, 10, 10, 10, 10, 10, 10, 10, 10, 10, 10, 10, 10, 10, 5, 10, 10, 10, 10, 6, 10, 1, 10, 10, 10, 10, 10, 10, 10, 10, 10, 
301: 0, 0, 10, 0, 10, 10, 8, 10, 10, 0, 0, 0, 0, 0, 20, 1, 0, 10, 0, 10, 10, 0, 10, 10, 0, 0, 0, 10, 10, 10, 10, 10, 10, 0, 10, 10, 10, 0, 0, 10, 10, 10, 0, 2, 0, 10, 10, 10, 0, 0, 10, 10, 10, 0, 9, 0, 10, 10, 10, 10, 0, 0, 10, 10, 0, 0, 0, 0, 10, 10, 0, 0, 10, 10, 0, 0, 0, 10, 10, 10, 10, 0, 10, 0, 10, 0, 2, 0, 10, 10, 15, 0, 0, 0, 0, 0, 0, 0, 0, 0, 10, 10, 10, 0, 10, 10, 0, 10, 10, 10, 10, 0, 0, 0, 10, 0, 0, 0, 0, 10, : 10, 10, 10, 8, 10, 10, 20, 1, 10, 10, 10, 10, 10, 10, 10, 10, 10, 10, 10, 10, 10, 10, 10, 10, 10, 2, 10, 10, 10, 10, 10, 10, 9, 10, 10, 10, 10, 10, 10, 10, 10, 10, 10, 10, 10, 10, 10, 10, 10, 2, 10, 10, 15, 10, 10, 10, 10, 10, 10, 10, 10, 10, 10, 10, 
191: 0, 0, 0, 10, 0, 0, 10, 0, 10, 0, 6, 0, 10, 10, 10, 10, 0, 0, 0, 0, 0, 10, 10, 1, 0, 10, 10, 10, 0, 10, 0, 0, 0, 10, 10, 10, 10, 0, 10, 10, 10, 0, 0, 10, 10, 10, 0, 0, 10, 10, 10, 10, 10, 10, 10, 0, 10, 10, 0, 10, 0, 10, 10, 10, 10, 10, 10, 0, 10, 10, 0, 10, 10, 10, 0, 10, 0, 0, 10, 10, 0, 0, 10, 0, 10, 0, 10, 10, 0, 0, 10, 10, 0, 0, 10, 10, 0, 0, 10, 10, 2, 10, 10, 0, 0, 0, 0, 0, 10, 0, 10, 0, 10, 0, 10, 10, 10, 10, 10, 10, : 10, 10, 10, 6, 10, 10, 10, 10, 10, 10, 1, 10, 10, 10, 10, 10, 10, 10, 10, 10, 10, 10, 10, 10, 10, 10, 10, 10, 10, 10, 10, 10, 10, 10, 10, 10, 10, 10, 10, 10, 10, 10, 10, 10, 10, 10, 10, 10, 10, 10, 10, 10, 10, 10, 10, 10, 10, 10, 10, 2, 10, 10, 10, 10, 10, 10, 10, 10, 10, 10, 10, 
114: 10, 10, 0, 10, 10, 10, 10, 10, 0, 4, 10, 10, 0, 0, 0, 0, 10, 10, 0, 5, 0, 10, 0, 0, 10, 10, 10, 10, 10, 10, 0, 10, 0, 0, 0, 10, 0, 0, 20, 0, 10, 10, 0, 10, 0, 0, 0, 10, 7, 10, 0, 10, 0, 0, 0, 10, 1, 10, 0, 0, 10, 10, 0, 0, 0, 10, 0, 10, 10, 0, 0, 0, 10, 0, 10, 0, 10, 2, 10, 10, 10, 0, 0, 10, 10, 0, 10, 0, 0, 0, 0, 10, 10, 0, 10, 10, 10, 0, 10, 0, 10, 10, 10, 0, 10, 0, 0, 10, 10, 0, 0, 10, 0, 0, 0, 10, 0, 10, 0, 0, : 10, 10, 10, 10, 10, 10, 10, 4, 10, 10, 10, 10, 5, 10, 10, 10, 10, 10, 10, 10, 10, 10, 20, 10, 10, 10, 10, 7, 10, 10, 10, 1, 10, 10, 10, 10, 10, 10, 10, 10, 10, 2, 10, 10, 10, 10, 10, 10, 10, 10, 10, 10, 10, 10, 10, 10, 10, 10, 10, 10, 10, 10, 10, 
74: 10, 10, 0, 10, 10, 0, 10, 10, 0, 10, 10, 10, 0, 10, 10, 0, 10, 0, 10, 0, 10, 10, 10, 10, 10, 0, 0, 0, 0, 0, 5, 0, 0, 0, 0, 0, 10, 0, 0, 0, 10, 1, 0, 0, 10, 3, 0, 1, 0, 10, 0, 10, 10, 0, 0, 10, 0, 0, 10, 10, 0, 0, 10, 10, 0, 10, 10, 11, 10, 0, 10, 10, 10, 10, 0, 10, 0, 10, 10, 0, 0, 8, 10, 10, 10, 10, 0, 10, 0, 10, 0, 10, 10, 0, 0, 0, 0, 0, 10, 0, 1, 0, 10, 10, 10, 10, 10, 10, 10, 0, 0, 10, 10, 2, 10, 0, 0, 0, 0, 10, : 10, 10, 10, 10, 10, 10, 10, 10, 10, 10, 10, 10, 10, 10, 10, 10, 10, 10, 5, 10, 10, 1, 10, 3, 1, 10, 10, 10, 10, 10, 10, 10, 10, 10, 10, 11, 10, 10, 10, 10, 10, 10, 10, 10, 8, 10, 10, 10, 10, 10, 10, 10, 10, 10, 1, 10, 10, 10, 10, 10, 10, 10, 10, 10, 2, 10, 10, 
198: 10, 4, 10, 10, 10, 1, 10, 10, 0, 13, 10, 8, 0, 0, 0, 10, 0, 0, 0, 10, 10, 0, 10, 0, 10, 0, 0, 10, 10, 10, 10, 0, 10, 10, 0, 0, 10, 14, 0, 10, 10, 0, 10, 10, 10, 10, 10, 10, 10, 0, 10, 10, 4, 0, 10, 10, 10, 0, 0, 0, 0, 10, 10, 10, 10, 0, 0, 10, 10, 10, 0, 0, 0, 0, 10, 10, 0, 10, 10, 10, 0, 10, 0, 0, 0, 10, 0, 0, 10, 1, 10, 0, 0, 0, 0, 10, 10, 0, 0, 10, 10, 10, 0, 10, 0, 10, 0, 10, 10, 10, 0, 0, 10, 10, 10, 0, 0, 10, 0, 10, : 10, 4, 10, 10, 10, 1, 10, 10, 13, 10, 8, 10, 10, 10, 10, 10, 10, 10, 10, 10, 10, 10, 10, 14, 10, 10, 10, 10, 10, 10, 10, 10, 10, 10, 10, 4, 10, 10, 10, 10, 10, 10, 10, 10, 10, 10, 10, 10, 10, 10, 10, 10, 10, 10, 1, 10, 10, 10, 10, 10, 10, 10, 10, 10, 10, 10, 10, 10, 10, 10, 10, 
98: 0, 0, 0, 10, 10, 0, 0, 10, 10, 10, 10, 10, 10, 0, 10, 10, 0, 10, 0, 10, 0, 10, 0, 10, 0, 0, 10, 10, 0, 0, 10, 0, 10, 10, 10, 10, 10, 0, 10, 0, 0, 10, 0, 0, 0, 0, 10, 10, 0, 10, 0, 10, 10, 17, 10, 0, 10, 10, 0, 0, 10, 0, 0, 10, 10, 0, 10, 0, 10, 10, 10, 10, 10, 0, 0, 0, 1, 0, 10, 10, 0, 0, 0, 0, 10, 10, 0, 10, 10, 10, 0, 0, 10, 10, 10, 1, 10, 0, 0, 0, 0, 0, 10, 10, 0, 10, 0, 0, 0, 0, 10, 0, 0, 10, 10, 0, 10, 0, 0, 10, : 10, 10, 10, 10, 10, 10, 10, 10, 10, 10, 10, 10, 10, 10, 10, 10, 10, 10, 10, 10, 10, 10, 10, 10, 10, 10, 10, 10, 10, 17, 10, 10, 10, 10, 10, 10, 10, 10, 10, 10, 10, 10, 1, 10, 10, 10, 10, 10, 10, 10, 10, 10, 10, 1, 10, 10, 10, 10, 10, 10, 10, 10, 10, 
103: 0, 10, 0, 10, 1, 10, 10, 10, 10, 0, 0, 10, 10, 10, 0, 10, 10, 10, 10, 10, 0, 13, 0, 10, 0, 0, 10, 0, 10, 10, 10, 10, 0, 0, 1, 0, 0, 10, 0, 0, 10, 10, 0, 0, 2, 0, 10, 10, 10, 10, 10, 10, 10, 10, 10, 10, 10, 0, 0, 10, 4, 0, 0, 0, 10, 0, 10, 0, 10, 10, 10, 10, 10, 11, 10, 10, 0, 0, 0, 0, 10, 0, 10, 10, 0, 0, 0, 0, 0, 0, 0, 0, 10, 0, 0, 0, 0, 0, 10, 10, 0, 0, 0, 0, 10, 6, 10, 0, 10, 10, 10, 10, 10, 0, 10, 0, 0, 10, 10, 10, : 10, 10, 1, 10, 10, 10, 10, 10, 10, 10, 10, 10, 10, 10, 10, 13, 10, 10, 10, 10, 10, 10, 1, 10, 10, 10, 2, 10, 10, 10, 10, 10, 10, 10, 10, 10, 10, 10, 10, 4, 10, 10, 10, 10, 10, 10, 10, 11, 10, 10, 10, 10, 10, 10, 10, 10, 10, 6, 10, 10, 10, 10, 10, 10, 10, 10, 10, 10, 
295: 10, 0, 0, 0, 0, 1, 10, 10, 0, 0, 0, 0, 0, 0, 0, 0, 0, 10, 0, 0, 0, 0, 0, 0, 10, 0, 0, 10, 6, 10, 0, 0, 0, 10, 10, 10, 0, 0, 10, 10, 10, 10, 2, 10, 0, 0, 0, 0, 0, 10, 10, 9, 10, 0, 10, 10, 0, 10, 0, 10, 0, 10, 10, 10, 0, 0, 10, 10, 0, 10, 0, 0, 10, 10, 0, 0, 10, 0, 10, 10, 10, 10, 0, 10, 0, 10, 10, 0, 0, 4, 10, 10, 10, 10, 10, 0, 0, 10, 10, 0, 0, 0, 0, 10, 10, 0, 0, 0, 10, 10, 10, 10, 0, 0, 0, 10, 10, 0, 10, 10, : 10, 1, 10, 10, 10, 10, 10, 6, 10, 10, 10, 10, 10, 10, 10, 10, 2, 10, 10, 10, 9, 10, 10, 10, 10, 10, 10, 10, 10, 10, 10, 10, 10, 10, 10, 10, 10, 10, 10, 10, 10, 10, 4, 10, 10, 10, 10, 10, 10, 10, 10, 10, 10, 10, 10, 10, 10, 10, 10, 10, 
128: 10, 10, 10, 10, 10, 0, 0, 10, 0, 0, 12, 0, 10, 10, 10, 0, 3, 0, 10, 10, 0, 10, 0, 10, 10, 0, 10, 10, 10, 10, 10, 0, 0, 10, 0, 10, 0, 0, 0, 10, 10, 0, 0, 0, 0, 10, 0, 0, 10, 0, 10, 0, 10, 2, 10, 10, 10, 10, 0, 10, 10, 1, 0, 0, 0, 0, 10, 16, 2, 0, 0, 10, 0, 1, 10, 10, 0, 0, 0, 0, 0, 0, 10, 16, 10, 10, 10, 10, 10, 10, 10, 10, 10, 0, 10, 0, 0, 10, 10, 10, 0, 0, 10, 0, 0, 0, 5, 0, 10, 10, 10, 10, 10, 0, 0, 0, 10, 0, 10, 10, : 10, 10, 10, 10, 10, 10, 12, 10, 10, 10, 3, 10, 10, 10, 10, 10, 10, 10, 10, 10, 10, 10, 10, 10, 10, 10, 10, 10, 10, 2, 10, 10, 10, 10, 10, 10, 1, 10, 16, 2, 10, 1, 10, 10, 10, 16, 10, 10, 10, 10, 10, 10, 10, 10, 10, 10, 10, 10, 10, 10, 5, 10, 10, 10, 10, 10, 10, 10, 10, 
24: 10, 0, 0, 0, 0, 0, 10, 0, 0, 0, 10, 10, 0, 10, 0, 0, 10, 0, 10, 0, 0, 10, 10, 0, 10, 10, 10, 0, 0, 0, 10, 0, 10, 0, 0, 0, 10, 0, 0, 10, 0, 10, 0, 0, 10, 10, 5, 10, 10, 0, 10, 10, 0, 10, 0, 10, 0, 0, 10, 0, 0, 0, 0, 10, 0, 0, 10, 10, 10, 0, 10, 0, 0, 10, 10, 0, 0, 10, 10, 0, 0, 0, 0, 10, 10, 10, 0, 10, 0, 0, 10, 10, 10, 10, 10, 10, 0, 10, 0, 10, 0, 0, 0, 0, 10, 4, 0, 0, 0, 0, 0, 10, 0, 10, 0, 0, 0, 0, 10, 0, : 10, 10, 10, 10, 10, 10, 10, 10, 10, 10, 10, 10, 10, 10, 10, 10, 10, 10, 10, 5, 10, 10, 10, 10, 10, 10, 10, 10, 10, 10, 10, 10, 10, 10, 10, 10, 10, 10, 10, 10, 10, 10, 10, 10, 10, 10, 10, 10, 10, 4, 10, 10, 10, 
397: 10, 0, 0, 10, 0, 10, 10, 10, 0, 10, 10, 10, 0, 10, 0, 0, 0, 10, 10, 0, 0, 0, 0, 10, 0, 10, 10, 10, 0, 0, 10, 0, 0, 10, 0, 0, 0, 10, 1, 0, 10, 10, 10, 0, 10, 10, 0, 10, 0, 10, 10, 0, 0, 10, 10, 0, 10, 10, 0, 10, 0, 0, 0, 10, 10, 10, 10, 4, 0, 0, 10, 10, 0, 10, 0, 10, 0, 10, 0, 0, 10, 15, 0, 10, 10, 0, 0, 0, 10, 10, 10, 0, 10, 10, 0, 10, 10, 10, 10, 0, 10, 10, 0, 0, 0, 0, 10, 0, 0, 10, 10, 0, 0, 10, 0, 10, 0, 0, 3, 0, : 10, 10, 10, 10, 10, 10, 10, 10, 10, 10, 10, 10, 10, 10, 10, 10, 10, 10, 1, 10, 10, 10, 10, 10, 10, 10, 10, 10, 10, 10, 10, 10, 10, 10, 10, 10, 4, 10, 10, 10, 10, 10, 10, 15, 10, 10, 10, 10, 10, 10, 10, 10, 10, 10, 10, 10, 10, 10, 10, 10, 10, 10, 3, 
174: 10, 0, 0, 0, 10, 0, 10, 0, 0, 10, 0, 10, 10, 0, 0, 10, 10, 0, 0, 0, 0, 0, 10, 0, 0, 0, 0, 0, 0, 0, 10, 10, 0, 10, 0, 10, 10, 10, 1, 0, 10, 0, 0, 10, 0, 0, 0, 0, 10, 0, 10, 10, 10, 0, 0, 10, 10, 0, 0, 0, 10, 0, 0, 0, 10, 10, 0, 10, 10, 10, 0, 10, 0, 0, 0, 0, 10, 10, 10, 0, 0, 0, 10, 10, 0, 0, 10, 10, 10, 0, 10, 10, 0, 0, 10, 0, 0, 0, 10, 0, 0, 14, 10, 0, 0, 10, 10, 10, 0, 10, 10, 10, 0, 10, 10, 10, 0, 10, 0, 10, : 10, 10, 10, 10, 10, 10, 10, 10, 10, 10, 10, 10, 10, 10, 10, 1, 10, 10, 10, 10, 10, 10, 10, 10, 10, 10, 10, 10, 10, 10, 10, 10, 10, 10, 10, 10, 10, 10, 10, 10, 10, 10, 10, 14, 10, 10, 10, 10, 10, 10, 10, 10, 10, 10, 10, 10, 
99: 13, 10, 10, 0, 10, 10, 10, 10, 0, 0, 10, 10, 10, 0, 10, 10, 10, 10, 2, 10, 10, 10, 0, 10, 10, 0, 0, 0, 10, 0, 10, 10, 0, 0, 10, 10, 0, 10, 0, 10, 10, 10, 10, 0, 10, 0, 0, 10, 0, 0, 0, 10, 10, 0, 3, 0, 0, 0, 10, 10, 10, 10, 0, 10, 0, 10, 0, 10, 10, 10, 10, 0, 0, 10, 10, 0, 2, 10, 0, 0, 0, 10, 10, 10, 10, 10, 0, 10, 0, 0, 0, 10, 10, 10, 10, 10, 0, 0, 2, 10, 3, 0, 0, 0, 2, 10, 0, 10, 0, 10, 0, 10, 10, 10, 10, 10, 0, 10, 10, 10, : 13, 10, 10, 10, 10, 10, 10, 10, 10, 10, 10, 10, 10, 10, 2, 10, 10, 10, 10, 10, 10, 10, 10, 10, 10, 10, 10, 10, 10, 10, 10, 10, 10, 10, 3, 10, 10, 10, 10, 10, 10, 10, 10, 10, 10, 10, 10, 2, 10, 10, 10, 10, 10, 10, 10, 10, 10, 10, 10, 10, 2, 10, 3, 2, 10, 10, 10, 10, 10, 10, 10, 10, 10, 10, 10, 
97: 0, 10, 0, 10, 10, 10, 0, 10, 10, 10, 0, 0, 0, 0, 0, 10, 10, 0, 0, 0, 0, 0, 0, 10, 0, 10, 10, 10, 0, 0, 10, 10, 10, 0, 10, 0, 0, 10, 10, 0, 10, 10, 10, 8, 0, 0, 10, 10, 0, 10, 0, 0, 10, 10, 10, 10, 1, 10, 10, 10, 10, 0, 0, 0, 0, 10, 0, 10, 10, 3, 0, 0, 10, 10, 0, 10, 10, 10, 0, 10, 0, 10, 10, 0, 10, 0, 0, 10, 0, 0, 10, 0, 10, 10, 0, 0, 4, 0, 0, 0, 10, 0, 0, 0, 10, 0, 10, 0, 10, 10, 0, 0, 0, 10, 0, 10, 0, 0, 10, 0, : 10, 10, 10, 10, 10, 10, 10, 10, 10, 10, 10, 10, 10, 10, 10, 10, 10, 10, 10, 10, 10, 10, 8, 10, 10, 10, 10, 10, 10, 10, 1, 10, 10, 10, 10, 10, 10, 10, 3, 10, 10, 10, 10, 10, 10, 10, 10, 10, 10, 10, 10, 10, 4, 10, 10, 10, 10, 10, 10, 10, 10, 
228: 0, 0, 10, 0, 10, 3, 0, 10, 10, 10, 0, 0, 4, 0, 3, 0, 10, 10, 10, 10, 10, 0, 0, 10, 10, 0, 0, 10, 10, 2, 0, 0, 10, 0, 0, 0, 0, 10, 0, 0, 0, 10, 0, 10, 0, 0, 10, 10, 0, 0, 0, 0, 10, 10, 0, 0, 0, 0, 10, 0, 10, 10, 10, 10, 10, 0, 8, 0, 10, 10, 0, 0, 0, 0, 0, 10, 10, 10, 0, 0, 0, 0, 0, 0, 0, 10, 10, 10, 10, 0, 0, 10, 10, 10, 10, 0, 10, 0, 0, 10, 4, 10, 0, 10, 10, 0, 0, 0, 10, 0, 10, 10, 10, 0, 10, 3, 0, 0, 10, 0, : 10, 10, 3, 10, 10, 10, 4, 3, 10, 10, 10, 10, 10, 10, 10, 10, 10, 2, 10, 10, 10, 10, 10, 10, 10, 10, 10, 10, 10, 10, 10, 10, 8, 10, 10, 10, 10, 10, 10, 10, 10, 10, 10, 10, 10, 10, 10, 10, 4, 10, 10, 10, 10, 10, 10, 10, 10, 3, 10, 
338: 10, 10, 10, 10, 0, 10, 0, 10, 10, 0, 10, 0, 10, 10, 0, 10, 1, 0, 10, 0, 0, 0, 10, 0, 10, 10, 0, 0, 0, 0, 10, 10, 10, 10, 0, 0, 10, 0, 0, 10, 0, 0, 10, 10, 0, 0, 0, 0, 10, 10, 0, 10, 1, 10, 10, 0, 10, 0, 10, 10, 1, 0, 10, 0, 0, 0, 0, 0, 0, 0, 10, 4, 10, 0, 0, 0, 10, 10, 0, 0, 10, 10, 10, 0, 10, 0, 0, 0, 10, 0, 0, 10, 0, 0, 10, 0, 10, 1, 10, 10, 10, 0, 0, 0, 10, 10, 3, 10, 10, 16, 0, 10, 10, 10, 10, 10, 0, 0, 10, 0, : 10, 10, 10, 10, 10, 10, 10, 10, 10, 10, 10, 1, 10, 10, 10, 10, 10, 10, 10, 10, 10, 10, 10, 10, 10, 10, 10, 1, 10, 10, 10, 10, 10, 1, 10, 10, 4, 10, 10, 10, 10, 10, 10, 10, 10, 10, 10, 10, 1, 10, 10, 10, 10, 10, 3, 10, 10, 16, 10, 10, 10, 10, 10, 10, 
251: 0, 0, 10, 0, 0, 10, 0, 10, 10, 0, 0, 10, 10, 0, 0, 0, 0, 10, 1, 0, 10, 10, 10, 10, 0, 10, 0, 0, 0, 4, 0, 2, 0, 10, 10, 0, 10, 10, 10, 0, 16, 10, 0, 0, 10, 0, 10, 0, 10, 15, 10, 1, 10, 0, 10, 10, 0, 10, 0, 0, 0, 10, 0, 0, 0, 0, 10, 10, 0, 10, 0, 0, 10, 10, 10, 0, 10, 10, 10, 10, 10, 10, 0, 10, 10, 0, 0, 10, 0, 10, 10, 0, 10, 2, 2, 10, 0, 10, 0, 4, 0, 10, 10, 0, 10, 0, 10, 0, 0, 0, 10, 10, 10, 0, 10, 0, 15, 10, 0, 0, : 10, 10, 10, 10, 10, 10, 10, 1, 10, 10, 10, 10, 10, 4, 2, 10, 10, 10, 10, 10, 16, 10, 10, 10, 10, 15, 10, 1, 10, 10, 10, 10, 10, 10, 10, 10, 10, 10, 10, 10, 10, 10, 10, 10, 10, 10, 10, 10, 10, 10, 10, 2, 2, 10, 10, 4, 10, 10, 10, 10, 10, 10, 10, 10, 15, 10, 
135: 0, 0, 0, 0, 0, 10, 0, 10, 10, 0, 10, 0, 10, 10, 2, 0, 10, 0, 0, 0, 0, 0, 10, 10, 0, 10, 0, 0, 0, 0, 0, 0, 0, 10, 10, 0, 0, 0, 0, 0, 0, 0, 10, 0, 10, 10, 10, 10, 10, 0, 0, 10, 10, 0, 0, 0, 10, 0, 0, 0, 0, 0, 10, 10, 0, 10, 0, 0, 0, 0, 0, 10, 10, 0, 10, 0, 10, 0, 0, 10, 10, 10, 0, 0, 10, 0, 0, 0, 0, 10, 0, 10, 0, 0, 1, 10, 10, 0, 10, 0, 0, 0, 10, 10, 10, 10, 10, 10, 0, 10, 0, 0, 10, 0, 0, 10, 10, 10, 10, 0, : 10, 10, 10, 10, 10, 10, 2, 10, 10, 10, 10, 10, 10, 10, 10, 10, 10, 10, 10, 10, 10, 10, 10, 10, 10, 10, 10, 10, 10, 10, 10, 10, 10, 10, 10, 1, 10, 10, 10, 10, 10, 10, 10, 10, 10, 10, 10, 10, 10, 10, 10, 
76: 0, 10, 10, 0, 10, 0, 10, 0, 10, 10, 10, 10, 10, 0, 10, 0, 0, 10, 10, 0, 10, 0, 10, 10, 10, 0, 0, 3, 10, 0, 0, 10, 0, 10, 0, 10, 10, 10, 0, 0, 0, 1, 10, 10, 10, 0, 10, 0, 10, 10, 0, 0, 10, 0, 10, 10, 0, 0, 0, 10, 10, 0, 0, 0, 0, 10, 0, 10, 10, 10, 10, 10, 10, 0, 10, 10, 10, 0, 10, 0, 0, 0, 1, 10, 0, 10, 0, 1, 4, 10, 0, 0, 10, 10, 0, 0, 10, 0, 0, 10, 10, 0, 0, 10, 10, 1, 0, 0, 10, 10, 0, 10, 0, 10, 10, 10, 10, 0, 10, 0, : 10, 10, 10, 10, 10, 10, 10, 10, 10, 10, 10, 10, 10, 10, 10, 10, 3, 10, 10, 10, 10, 10, 10, 1, 10, 10, 10, 10, 10, 10, 10, 10, 10, 10, 10, 10, 10, 10, 10, 10, 10, 10, 10, 10, 10, 10, 1, 10, 10, 1, 4, 10, 10, 10, 10, 10, 10, 10, 10, 1, 10, 10, 10, 10, 10, 10, 10, 10, 
95: 0, 0, 0, 0, 10, 10, 0, 10, 10, 0, 10, 4, 10, 10, 0, 10, 10, 0, 0, 10, 0, 0, 0, 10, 0, 0, 0, 10, 0, 0, 10, 0, 0, 10, 10, 10, 0, 10, 9, 10, 9, 10, 0, 0, 0, 10, 0, 0, 10, 1, 10, 0, 0, 10, 0, 0, 1, 0, 10, 0, 10, 10, 0, 10, 10, 10, 12, 0, 0, 0, 10, 10, 10, 10, 0, 10, 10, 10, 10, 10, 10, 10, 10, 0, 0, 0, 0, 10, 0, 10, 1, 10, 0, 10, 0, 10, 10, 10, 0, 10, 0, 0, 0, 10, 0, 10, 0, 2, 0, 10, 10, 0, 10, 10, 0, 10, 0, 0, 0, 0, : 10, 10, 10, 10, 10, 4, 10, 10, 10, 10, 10, 10, 10, 10, 10, 10, 10, 10, 9, 10, 9, 10, 10, 10, 1, 10, 10, 1, 10, 10, 10, 10, 10, 10, 12, 10, 10, 10, 10, 10, 10, 10, 10, 10, 10, 10, 10, 10, 10, 1, 10, 10, 10, 10, 10, 10, 10, 10, 2, 10, 10, 10, 10, 10, 
176: 10, 10, 0, 10, 10, 0, 0, 0, 0, 14, 0, 10, 1, 10, 0, 10, 10, 10, 0, 10, 0, 2, 10, 10, 13, 10, 10, 0, 0, 0, 10, 0, 10, 10, 0, 0, 0, 10, 0, 3, 0, 10, 0, 10, 0, 0, 0, 10, 10, 0, 10, 10, 0, 0, 0, 10, 10, 4, 10, 0, 10, 10, 10, 10, 10, 0, 0, 0, 10, 0, 0, 0, 10, 0, 10, 10, 10, 10, 0, 10, 10, 10, 10, 10, 0, 0, 10, 0, 10, 0, 0, 0, 10, 0, 0, 10, 0, 10, 10, 10, 0, 0, 10, 10, 0, 0, 10, 0, 0, 0, 0, 0, 0, 0, 0, 10, 10, 10, 0, 0, : 10, 10, 10, 10, 14, 10, 1, 10, 10, 10, 10, 10, 2, 10, 10, 13, 10, 10, 10, 10, 10, 10, 3, 10, 10, 10, 10, 10, 10, 10, 10, 4, 10, 10, 10, 10, 10, 10, 10, 10, 10, 10, 10, 10, 10, 10, 10, 10, 10, 10, 10, 10, 10, 10, 10, 10, 10, 10, 10, 10, 10, 10, 
337: 0, 10, 10, 2, 10, 0, 0, 10, 0, 0, 0, 10, 10, 10, 10, 10, 0, 0, 10, 0, 10, 10, 10, 10, 10, 10, 0, 4, 0, 0, 10, 10, 10, 0, 10, 0, 10, 10, 10, 10, 10, 10, 0, 3, 10, 10, 10, 0, 0, 0, 10, 10, 10, 10, 10, 0, 0, 0, 0, 0, 10, 0, 0, 0, 10, 0, 0, 10, 0, 10, 10, 10, 10, 0, 0, 0, 0, 10, 10, 10, 20, 10, 10, 0, 0, 10, 10, 10, 0, 0, 0, 0, 10, 10, 10, 10, 10, 7, 0, 0, 10, 0, 10, 10, 10, 10, 0, 10, 10, 10, 0, 0, 0, 0, 0, 10, 0, 0, 10, 10, : 10, 10, 2, 10, 10, 10, 10, 10, 10, 10, 10, 10, 10, 10, 10, 10, 10, 4, 10, 10, 10, 10, 10, 10, 10, 10, 10, 10, 3, 10, 10, 10, 10, 10, 10, 10, 10, 10, 10, 10, 10, 10, 10, 10, 10, 10, 10, 20, 10, 10, 10, 10, 10, 10, 10, 10, 10, 10, 7, 10, 10, 10, 10, 10, 10, 10, 10, 10, 10, 10, 
280: 3, 10, 0, 0, 10, 0, 10, 0, 10, 10, 0, 10, 10, 10, 10, 0, 10, 0, 10, 10, 10, 0, 10, 10, 10, 2, 10, 0, 10, 10, 10, 10, 10, 10, 0, 0, 10, 0, 10, 0, 0, 10, 15, 1, 0, 10, 10, 10, 1, 10, 0, 0, 10, 10, 0, 0, 10, 0, 0, 0, 0, 10, 0, 0, 0, 0, 0, 0, 2, 0, 10, 0, 0, 0, 10, 10, 10, 0, 0, 0, 0, 10, 8, 10, 7, 10, 0, 10, 10, 0, 0, 10, 0, 0, 10, 0, 0, 10, 10, 0, 0, 10, 0, 10, 0, 0, 0, 10, 10, 10, 10, 10, 0, 0, 10, 0, 0, 0, 10, 10, : 3, 10, 10, 10, 10, 10, 10, 10, 10, 10, 10, 10, 10, 10, 10, 10, 10, 2, 10, 10, 10, 10, 10, 10, 10, 10, 10, 10, 15, 1, 10, 10, 10, 1, 10, 10, 10, 10, 10, 2, 10, 10, 10, 10, 10, 8, 10, 7, 10, 10, 10, 10, 10, 10, 10, 10, 10, 10, 10, 10, 10, 10, 10, 10, 10, 
101: 0, 0, 0, 10, 0, 10, 10, 10, 0, 10, 10, 10, 10, 10, 0, 0, 10, 0, 0, 0, 10, 0, 0, 10, 10, 1, 0, 0, 10, 10, 0, 10, 10, 10, 10, 0, 0, 0, 0, 10, 0, 10, 0, 10, 10, 0, 0, 0, 0, 10, 10, 0, 10, 10, 0, 10, 10, 0, 0, 0, 10, 0, 10, 0, 10, 0, 10, 0, 0, 10, 0, 10, 10, 10, 10, 10, 0, 0, 0, 10, 0, 0, 0, 10, 0, 10, 0, 10, 0, 10, 0, 0, 10, 0, 0, 10, 0, 0, 10, 0, 10, 10, 0, 0, 10, 10, 0, 0, 0, 10, 10, 0, 2, 0, 0, 10, 0, 10, 0, 10, : 10, 10, 10, 10, 10, 10, 10, 10, 10, 10, 10, 10, 10, 1, 10, 10, 10, 10, 10, 10, 10, 10, 10, 10, 10, 10, 10, 10, 10, 10, 10, 10, 10, 10, 10, 10, 10, 10, 10, 10, 10, 10, 10, 10, 10, 10, 10, 10, 10, 10, 10, 10, 10, 10, 2, 10, 10, 10, 
297: 0, 10, 1, 0, 0, 10, 10, 10, 0, 1, 10, 0, 10, 0, 10, 10, 0, 0, 10, 10, 10, 10, 0, 0, 0, 0, 10, 0, 0, 10, 0, 0, 0, 0, 0, 0, 10, 10, 10, 0, 0, 0, 10, 0, 10, 0, 10, 0, 10, 10, 0, 10, 0, 10, 0, 10, 0, 10, 10, 10, 10, 10, 1, 10, 10, 10, 10, 0, 10, 0, 6, 10, 0, 0, 0, 0, 0, 0, 10, 0, 0, 0, 10, 0, 10, 0, 1, 10, 0, 0, 10, 0, 10, 10, 0, 0, 0, 0, 0, 3, 0, 10, 10, 10, 10, 0, 6, 0, 0, 0, 10, 10, 0, 10, 10, 0, 10, 0, 10, 10, : 10, 1, 10, 10, 10, 1, 10, 10, 10, 10, 10, 10, 10, 10, 10, 10, 10, 10, 10, 10, 10, 10, 10, 10, 10, 10, 10, 10, 10, 10, 10, 10, 1, 10, 10, 10, 10, 10, 6, 10, 10, 10, 10, 1, 10, 10, 10, 10, 3, 10, 10, 10, 10, 6, 10, 10, 10, 10, 10, 10, 10, 
368: 10, 10, 0, 0, 10, 0, 10, 0, 0, 10, 0, 10, 10, 10, 0, 0, 0, 10, 0, 10, 10, 10, 3, 0, 0, 0, 10, 0, 0, 0, 0, 0, 0, 0, 0, 0, 10, 0, 0, 0, 0, 0, 10, 10, 14, 0, 10, 10, 10, 10, 0, 10, 0, 0, 10, 10, 10, 10, 10, 10, 10, 0, 10, 10, 0, 10, 0, 10, 0, 0, 0, 10, 0, 0, 10, 0, 0, 0, 1, 1, 0, 0, 10, 0, 0, 10, 0, 0, 10, 10, 0, 10, 0, 10, 10, 10, 0, 10, 2, 0, 0, 10, 0, 10, 0, 4, 10, 10, 0, 0, 10, 11, 10, 10, 0, 10, 10, 0, 0, 0, : 10, 10, 10, 10, 10, 10, 10, 10, 10, 10, 10, 10, 3, 10, 10, 10, 10, 14, 10, 10, 10, 10, 10, 10, 10, 10, 10, 10, 10, 10, 10, 10, 10, 10, 10, 10, 1, 1, 10, 10, 10, 10, 10, 10, 10, 10, 10, 2, 10, 10, 4, 10, 10, 10, 11, 10, 10, 10, 10, 
124: 10, 10, 0, 0, 0, 0, 10, 10, 0, 10, 0, 0, 10, 10, 10, 0, 0, 10, 10, 10, 10, 0, 0, 10, 10, 0, 10, 0, 10, 0, 0, 0, 0, 10, 10, 10, 0, 0, 0, 10, 10, 10, 0, 0, 16, 10, 0, 0, 0, 10, 10, 10, 10, 10, 0, 3, 10, 10, 10, 0, 10, 10, 10, 0, 0, 0, 0, 2, 0, 10, 1, 0, 10, 0, 10, 0, 0, 0, 0, 0, 10, 10, 10, 10, 0, 0, 10, 0, 10, 0, 10, 10, 0, 10, 0, 0, 10, 10, 10, 10, 0, 10, 10, 0, 0, 0, 10, 10, 10, 0, 0, 10, 0, 0, 10, 10, 10, 10, 0, 10, : 10, 10, 10, 10, 10, 10, 10, 10, 10, 10, 10, 10, 10, 10, 10, 10, 10, 10, 10, 10, 10, 10, 16, 10, 10, 10, 10, 10, 10, 3, 10, 10, 10, 10, 10, 10, 2, 10, 1, 10, 10, 10, 10, 10, 10, 10, 10, 10, 10, 10, 10, 10, 10, 10, 10, 10, 10, 10, 10, 10, 10, 10, 10, 10, 10, 
197: 0, 0, 10, 0, 1, 10, 0, 10, 10, 0, 0, 10, 10, 10, 0, 0, 10, 10, 1, 0, 10, 0, 0, 10, 10, 0, 0, 10, 0, 10, 0, 10, 10, 10, 10, 10, 10, 10, 10, 10, 0, 1, 10, 0, 0, 2, 10, 10, 10, 0, 0, 0, 0, 10, 10, 0, 10, 0, 0, 10, 10, 10, 0, 10, 0, 10, 10, 10, 10, 10, 0, 10, 0, 10, 10, 10, 0, 0, 0, 10, 10, 10, 0, 10, 0, 0, 0, 0, 10, 0, 10, 10, 10, 10, 0, 10, 10, 10, 10, 0, 10, 10, 10, 0, 0, 10, 10, 10, 2, 0, 0, 10, 10, 10, 0, 1, 0, 0, 0, 10, : 10, 1, 10, 10, 10, 10, 10, 10, 10, 10, 1, 10, 10, 10, 10, 10, 10, 10, 10, 10, 10, 10, 10, 10, 10, 1, 10, 2, 10, 10, 10, 10, 10, 10, 10, 10, 10, 10, 10, 10, 10, 10, 10, 10, 10, 10, 10, 10, 10, 10, 10, 10, 10, 10, 10, 10, 10, 10, 10, 10, 10, 10, 10, 10, 10, 10, 2, 10, 10, 10, 1, 10, 
285: 0, 0, 0, 10, 0, 0, 10, 10, 10, 0, 10, 10, 0, 0, 10, 0, 10, 10, 10, 3, 10, 0, 0, 0, 0, 0, 10, 0, 11, 1, 0, 0, 10, 0, 0, 0, 0, 10, 0, 10, 0, 10, 10, 0, 0, 10, 0, 10, 0, 0, 10, 10, 0, 10, 0, 0, 0, 10, 0, 0, 0, 0, 0, 0, 10, 10, 10, 0, 10, 10, 0, 0, 6, 10, 0, 0, 0, 10, 10, 10, 0, 10, 0, 10, 10, 0, 10, 10, 0, 0, 10, 10, 10, 10, 0, 0, 10, 10, 0, 0, 10, 0, 0, 10, 0, 10, 10, 2, 10, 10, 0, 0, 10, 0, 0, 10, 0, 10, 0, 0, : 10, 10, 10, 10, 10, 10, 10, 10, 10, 10, 3, 10, 10, 11, 1, 10, 10, 10, 10, 10, 10, 10, 10, 10, 10, 10, 10, 10, 10, 10, 10, 6, 10, 10, 10, 10, 10, 10, 10, 10, 10, 10, 10, 10, 10, 10, 10, 10, 10, 10, 10, 2, 10, 10, 10, 10, 10, 
205: 10, 10, 10, 0, 0, 0, 0, 10, 0, 0, 10, 0, 0, 0, 0, 10, 10, 10, 0, 0, 10, 0, 0, 10, 10, 10, 10, 0, 0, 0, 10, 0, 10, 0, 10, 10, 0, 0, 10, 10, 0, 0, 0, 10, 10, 0, 10, 0, 10, 10, 10, 0, 10, 10, 10, 10, 0, 10, 10, 10, 0, 10, 0, 10, 12, 0, 10, 0, 10, 0, 10, 10, 10, 0, 10, 0, 10, 0, 0, 0, 0, 10, 10, 10, 0, 10, 10, 10, 0, 10, 0, 0, 10, 10, 10, 0, 3, 0, 0, 0, 0, 10, 0, 0, 10, 0, 10, 10, 10, 10, 0, 10, 10, 0, 0, 0, 10, 10, 10, 10, : 10, 10, 10, 10, 10, 10, 10, 10, 10, 10, 10, 10, 10, 10, 10, 10, 10, 10, 10, 10, 10, 10, 10, 10, 10, 10, 10, 10, 10, 10, 10, 10, 10, 10, 12, 10, 10, 10, 10, 10, 10, 10, 10, 10, 10, 10, 10, 10, 10, 10, 10, 10, 3, 10, 10, 10, 10, 10, 10, 10, 10, 10, 10, 10, 10, 
315: 10, 0, 0, 10, 0, 10, 10, 0, 10, 10, 0, 0, 0, 10, 0, 10, 10, 10, 10, 0, 0, 0, 10, 0, 10, 10, 10, 0, 10, 10, 10, 10, 0, 0, 0, 10, 0, 10, 0, 10, 0, 0, 0, 10, 10, 10, 10, 10, 10, 0, 10, 10, 10, 10, 0, 10, 10, 0, 1, 5, 10, 0, 3, 10, 10, 20, 10, 0, 0, 10, 10, 0, 0, 3, 0, 10, 10, 10, 10, 0, 10, 10, 0, 10, 10, 0, 0, 0, 10, 0, 10, 10, 0, 0, 10, 10, 10, 10, 0, 0, 0, 0, 10, 0, 10, 0, 10, 10, 0, 10, 10, 0, 10, 10, 0, 10, 10, 10, 0, 10, : 10, 10, 10, 10, 10, 10, 10, 10, 10, 10, 10, 10, 10, 10, 10, 10, 10, 10, 10, 10, 10, 10, 10, 10, 10, 10, 10, 10, 10, 10, 10, 10, 10, 10, 1, 5, 10, 3, 10, 10, 20, 10, 10, 10, 3, 10, 10, 10, 10, 10, 10, 10, 10, 10, 10, 10, 10, 10, 10, 10, 10, 10, 10, 10, 10, 10, 10, 10, 10, 10, 10, 10, 
361: 10, 0, 10, 0, 10, 0, 10, 0, 10, 0, 10, 10, 10, 0, 0, 10, 0, 10, 0, 10, 10, 0, 0, 0, 0, 10, 0, 10, 10, 10, 0, 10, 10, 0, 1, 0, 10, 10, 10, 10, 0, 0, 0, 0, 10, 0, 0, 10, 0, 0, 10, 0, 0, 10, 0, 0, 11, 10, 0, 0, 0, 10, 10, 10, 10, 0, 10, 0, 0, 0, 0, 0, 0, 10, 10, 10, 0, 10, 0, 10, 10, 10, 10, 0, 0, 10, 0, 0, 10, 0, 10, 10, 0, 10, 0, 0, 0, 10, 10, 10, 10, 10, 10, 10, 0, 10, 10, 0, 10, 0, 10, 2, 0, 0, 0, 0, 0, 10, 10, 0, : 10, 10, 10, 10, 10, 10, 10, 10, 10, 10, 10, 10, 10, 10, 10, 10, 10, 10, 1, 10, 10, 10, 10, 10, 10, 10, 10, 11, 10, 10, 10, 10, 10, 10, 10, 10, 10, 10, 10, 10, 10, 10, 10, 10, 10, 10, 10, 10, 10, 10, 10, 10, 10, 10, 10, 10, 10, 10, 2, 10, 10, 
132: 0, 10, 10, 0, 10, 0, 0, 0, 10, 0, 7, 10, 10, 0, 0, 10, 0, 0, 10, 0, 0, 10, 0, 10, 10, 10, 10, 0, 0, 10, 0, 10, 0, 0, 0, 0, 10, 0, 10, 10, 10, 0, 10, 10, 10, 10, 0, 0, 10, 8, 0, 0, 10, 10, 0, 10, 10, 10, 10, 10, 10, 0, 10, 10, 0, 0, 0, 0, 0, 0, 0, 10, 10, 10, 20, 0, 0, 0, 0, 0, 10, 0, 10, 0, 0, 0, 0, 10, 0, 0, 10, 0, 0, 0, 0, 0, 10, 0, 0, 10, 0, 0, 10, 10, 0, 0, 0, 0, 10, 10, 0, 0, 0, 0, 0, 0, 10, 0, 0, 10, : 10, 10, 10, 10, 7, 10, 10, 10, 10, 10, 10, 10, 10, 10, 10, 10, 10, 10, 10, 10, 10, 10, 10, 10, 10, 8, 10, 10, 10, 10, 10, 10, 10, 10, 10, 10, 10, 10, 10, 20, 10, 10, 10, 10, 10, 10, 10, 10, 10, 10, 10, 10, 
260: 10, 10, 10, 10, 10, 10, 0, 10, 10, 10, 0, 10, 0, 0, 10, 0, 0, 0, 10, 10, 10, 0, 2, 0, 0, 10, 10, 10, 10, 10, 0, 0, 10, 10, 10, 10, 10, 10, 10, 0, 10, 10, 10, 10, 10, 0, 10, 0, 10, 1, 10, 10, 10, 0, 10, 0, 10, 10, 10, 10, 0, 10, 10, 0, 0, 10, 0, 10, 0, 0, 10, 0, 0, 0, 0, 1, 10, 0, 10, 10, 10, 10, 0, 0, 0, 10, 10, 0, 0, 10, 10, 0, 0, 10, 10, 0, 0, 10, 10, 7, 10, 10, 10, 10, 10, 10, 0, 10, 5, 0, 4, 0, 10, 10, 0, 10, 10, 10, 0, 10, : 10, 10, 10, 10, 10, 10, 10, 10, 10, 10, 10, 10, 10, 10, 2, 10, 10, 10, 10, 10, 10, 10, 10, 10, 10, 10, 10, 10, 10, 10, 10, 10, 10, 10, 1, 10, 10, 10, 10, 10, 10, 10, 10, 10, 10, 10, 10, 10, 1, 10, 10, 10, 10, 10, 10, 10, 10, 10, 10, 10, 10, 10, 7, 10, 10, 10, 10, 10, 10, 10, 5, 4, 10, 10, 10, 10, 10, 10, 
66: 0, 10, 10, 10, 10, 10, 10, 0, 10, 0, 10, 0, 0, 0, 10, 0, 0, 0, 0, 0, 0, 10, 10, 0, 10, 10, 1, 10, 0, 10, 10, 10, 10, 10, 10, 0, 10, 0, 10, 10, 10, 10, 0, 0, 10, 10, 0, 10, 10, 10, 10, 0, 0, 0, 10, 10, 10, 10, 0, 0, 0, 10, 0, 10, 0, 10, 10, 10, 10, 0, 0, 0, 2, 10, 7, 0, 10, 0, 0, 0, 0, 0, 10, 10, 10, 4, 10, 0, 10, 10, 10, 10, 0, 0, 10, 0, 15, 10, 10, 10, 10, 0, 10, 10, 10, 0, 0, 4, 2, 10, 10, 10, 0, 10, 0, 0, 10, 10, 0, 10, : 10, 10, 10, 10, 10, 10, 10, 10, 10, 10, 10, 10, 10, 1, 10, 10, 10, 10, 10, 10, 10, 10, 10, 10, 10, 10, 10, 10, 10, 10, 10, 10, 10, 10, 10, 10, 10, 10, 10, 10, 10, 10, 2, 10, 7, 10, 10, 10, 10, 4, 10, 10, 10, 10, 10, 10, 15, 10, 10, 10, 10, 10, 10, 10, 4, 2, 10, 10, 10, 10, 10, 10, 10, 
357: 0, 0, 0, 10, 10, 10, 0, 0, 0, 10, 0, 10, 0, 10, 10, 10, 0, 0, 10, 0, 10, 0, 10, 10, 10, 10, 10, 10, 10, 0, 10, 10, 10, 10, 10, 10, 10, 0, 10, 10, 0, 2, 0, 10, 0, 10, 10, 10, 0, 0, 10, 0, 0, 0, 10, 0, 10, 0, 10, 0, 10, 10, 0, 0, 10, 10, 10, 0, 0, 0, 0, 10, 10, 10, 10, 10, 0, 0, 10, 0, 0, 0, 10, 0, 10, 0, 10, 0, 10, 10, 4, 10, 0, 10, 0, 0, 10, 0, 14, 10, 0, 0, 0, 10, 10, 0, 0, 10, 10, 10, 10, 8, 0, 10, 0, 10, 10, 0, 10, 0, : 10, 10, 10, 10, 10, 10, 10, 10, 10, 10, 10, 10, 10, 10, 10, 10, 10, 10, 10, 10, 10, 10, 10, 10, 10, 10, 2, 10, 10, 10, 10, 10, 10, 10, 10, 10, 10, 10, 10, 10, 10, 10, 10, 10, 10, 10, 10, 10, 10, 10, 10, 4, 10, 10, 10, 14, 10, 10, 10, 10, 10, 10, 10, 8, 10, 10, 10, 10, 
250: 10, 0, 0, 10, 0, 0, 10, 10, 0, 0, 0, 10, 0, 10, 0, 10, 10, 10, 10, 0, 0, 10, 10, 0, 10, 10, 0, 10, 4, 10, 10, 0, 0, 3, 10, 10, 10, 0, 10, 10, 0, 10, 10, 0, 0, 0, 0, 0, 10, 0, 10, 10, 0, 0, 0, 10, 0, 10, 0, 0, 5, 10, 10, 10, 0, 0, 10, 10, 0, 10, 10, 10, 10, 10, 10, 4, 10, 10, 10, 10, 10, 0, 0, 0, 10, 10, 10, 1, 0, 10, 0, 10, 10, 10, 0, 10, 10, 10, 10, 0, 10, 0, 10, 10, 0, 10, 10, 1, 10, 10, 0, 0, 0, 0, 10, 8, 0, 10, 0, 0, : 10, 10, 10, 10, 10, 10, 10, 10, 10, 10, 10, 10, 10, 10, 10, 4, 10, 10, 3, 10, 10, 10, 10, 10, 10, 10, 10, 10, 10, 10, 10, 5, 10, 10, 10, 10, 10, 10, 10, 10, 10, 10, 10, 4, 10, 10, 10, 10, 10, 10, 10, 10, 1, 10, 10, 10, 10, 10, 10, 10, 10, 10, 10, 10, 10, 10, 1, 10, 10, 10, 8, 10, 
374: 0, 10, 0, 10, 0, 10, 1, 10, 10, 10, 10, 0, 0, 0, 0, 0, 0, 10, 0, 10, 0, 10, 0, 0, 10, 0, 1, 0, 0, 0, 10, 0, 0, 0, 10, 10, 0, 10, 0, 0, 10, 0, 0, 10, 0, 0, 0, 10, 10, 10, 10, 0, 0, 10, 10, 0, 10, 0, 10, 10, 0, 0, 10, 10, 10, 0, 10, 0, 10, 0, 2, 10, 0, 0, 0, 0, 0, 10, 0, 0, 10, 0, 10, 0, 10, 0, 10, 0, 10, 10, 0, 0, 0, 0, 0, 0, 0, 10, 0, 0, 0, 10, 0, 0, 10, 0, 0, 10, 10, 10, 0, 10, 0, 0, 0, 10, 10, 10, 0, 0, : 10, 10, 10, 1, 10, 10, 10, 10, 10, 10, 10, 10, 1, 10, 10, 10, 10, 10, 10, 10, 10, 10, 10, 10, 10, 10, 10, 10, 10, 10, 10, 10, 10, 2, 10, 10, 10, 10, 10, 10, 10, 10, 10, 10, 10, 10, 10, 10, 10, 10, 10, 10, 
394: 0, 10, 14, 0, 0, 10, 1, 10, 10, 0, 10, 10, 0, 0, 10, 10, 10, 10, 0, 0, 10, 10, 10, 10, 0, 0, 10, 10, 0, 10, 10, 0, 0, 0, 10, 0, 10, 10, 10, 0, 0, 10, 0, 10, 0, 10, 10, 0, 10, 0, 0, 10, 10, 10, 0, 2, 10, 0, 10, 10, 0, 0, 10, 10, 6, 10, 10, 10, 0, 0, 0, 10, 5, 10, 10, 0, 1, 0, 10, 0, 10, 0, 10, 0, 10, 10, 10, 10, 10, 0, 10, 10, 0, 0, 10, 10, 10, 0, 0, 0, 10, 10, 0, 0, 0, 0, 0, 0, 10, 1, 0, 0, 0, 10, 10, 0, 10, 10, 10, 10, : 10, 14, 10, 1, 10, 10, 10, 10, 10, 10, 10, 10, 10, 10, 10, 10, 10, 10, 10, 10, 10, 10, 10, 10, 10, 10, 10, 10, 10, 10, 10, 10, 2, 10, 10, 10, 10, 10, 6, 10, 10, 10, 10, 5, 10, 10, 1, 10, 10, 10, 10, 10, 10, 10, 10, 10, 10, 10, 10, 10, 10, 10, 10, 1, 10, 10, 10, 10, 10, 10, 
37: 10, 6, 10, 0, 10, 10, 10, 0, 10, 9, 0, 0, 10, 10, 0, 0, 10, 10, 0, 10, 10, 0, 0, 0, 2, 10, 10, 10, 10, 10, 10, 10, 10, 10, 0, 10, 10, 0, 10, 0, 10, 0, 0, 10, 10, 0, 10, 10, 0, 0, 0, 0, 10, 10, 10, 10, 10, 10, 10, 10, 10, 10, 10, 0, 10, 10, 10, 10, 10, 10, 10, 10, 10, 0, 0, 0, 10, 0, 0, 10, 0, 10, 0, 0, 0, 0, 10, 2, 0, 0, 0, 0, 10, 0, 0, 0, 0, 0, 0, 10, 0, 10, 0, 10, 10, 10, 0, 10, 0, 0, 0, 10, 0, 10, 10, 10, 0, 10, 0, 10, : 10, 6, 10, 10, 10, 10, 10, 9, 10, 10, 10, 10, 10, 10, 2, 10, 10, 10, 10, 10, 10, 10, 10, 10, 10, 10, 10, 10, 10, 10, 10, 10, 10, 10, 10, 10, 10, 10, 10, 10, 10, 10, 10, 10, 10, 10, 10, 10, 10, 10, 10, 10, 10, 10, 10, 10, 2, 10, 10, 10, 10, 10, 10, 10, 10, 10, 10, 10, 10, 10, 
80: 10, 1, 0, 0, 0, 10, 1, 1, 0, 12, 0, 10, 0, 0, 10, 0, 10, 0, 10, 10, 10, 10, 15, 0, 10, 0, 1, 10, 10, 10, 10, 10, 10, 10, 10, 10, 10, 3, 10, 1, 10, 10, 10, 10, 10, 0, 1, 10, 10, 0, 1, 0, 10, 0, 0, 0, 10, 10, 0, 0, 0, 10, 10, 0, 0, 0, 0, 10, 10, 10, 10, 0, 0, 0, 10, 3, 1, 10, 0, 0, 0, 10, 0, 0, 0, 10, 0, 10, 10, 10, 10, 6, 0, 0, 10, 10, 2, 0, 10, 10, 10, 0, 14, 0, 10, 10, 10, 10, 0, 10, 10, 0, 2, 10, 10, 10, 0, 10, 10, 17, : 10, 1, 10, 1, 1, 12, 10, 10, 10, 10, 10, 10, 10, 15, 10, 1, 10, 10, 10, 10, 10, 10, 10, 10, 10, 10, 3, 10, 1, 10, 10, 10, 10, 10, 1, 10, 10, 1, 10, 10, 10, 10, 10, 10, 10, 10, 10, 10, 3, 1, 10, 10, 10, 10, 10, 10, 10, 6, 10, 10, 2, 10, 10, 10, 14, 10, 10, 10, 10, 10, 10, 2, 10, 10, 10, 10, 10, 17, 
21: 10, 0, 10, 10, 10, 10, 10, 1, 0, 10, 0, 0, 10, 10, 10, 3, 10, 0, 0, 6, 10, 0, 10, 10, 0, 0, 10, 0, 10, 10, 10, 0, 10, 10, 3, 10, 0, 0, 0, 10, 10, 0, 10, 0, 0, 0, 10, 0, 0, 10, 2, 10, 10, 10, 10, 10, 10, 10, 10, 10, 10, 0, 0, 10, 2, 10, 0, 10, 0, 2, 10, 0, 10, 0, 10, 10, 10, 10, 10, 0, 10, 0, 10, 10, 5, 0, 10, 0, 0, 0, 0, 0, 10, 10, 0, 10, 0, 10, 0, 10, 0, 10, 0, 8, 3, 0, 10, 0, 10, 10, 0, 0, 0, 10, 10, 0, 10, 0, 10, 10, : 10, 10, 10, 10, 10, 10, 1, 10, 10, 10, 10, 3, 10, 6, 10, 10, 10, 10, 10, 10, 10, 10, 10, 3, 10, 10, 10, 10, 10, 10, 2, 10, 10, 10, 10, 10, 10, 10, 10, 10, 10, 10, 2, 10, 10, 2, 10, 10, 10, 10, 10, 10, 10, 10, 10, 10, 5, 10, 10, 10, 10, 10, 10, 10, 8, 3, 10, 10, 10, 10, 10, 10, 10, 10, 
284: 10, 0, 10, 10, 0, 10, 10, 0, 0, 10, 9, 10, 0, 10, 0, 0, 0, 10, 0, 10, 0, 10, 10, 10, 0, 10, 0, 10, 10, 10, 0, 10, 10, 0, 0, 0, 0, 10, 0, 10, 0, 0, 0, 0, 0, 0, 0, 10, 0, 10, 10, 0, 0, 0, 10, 10, 0, 0, 10, 0, 10, 0, 0, 0, 0, 10, 13, 10, 0, 0, 10, 0, 0, 10, 0, 0, 0, 10, 10, 10, 10, 0, 10, 0, 10, 0, 0, 10, 0, 0, 0, 0, 10, 0, 0, 0, 10, 10, 10, 10, 0, 10, 0, 7, 0, 10, 0, 0, 10, 0, 0, 10, 0, 10, 0, 10, 0, 10, 10, 0, : 10, 10, 10, 10, 10, 10, 9, 10, 10, 10, 10, 10, 10, 10, 10, 10, 10, 10, 10, 10, 10, 10, 10, 10, 10, 10, 10, 10, 10, 10, 13, 10, 10, 10, 10, 10, 10, 10, 10, 10, 10, 10, 10, 10, 10, 10, 10, 7, 10, 10, 10, 10, 10, 10, 10, 
22: 0, 0, 10, 10, 0, 0, 0, 10, 0, 0, 10, 0, 10, 10, 0, 10, 0, 0, 10, 10, 10, 10, 0, 0, 10, 10, 0, 10, 0, 0, 0, 10, 10, 10, 0, 10, 0, 10, 1, 10, 10, 10, 10, 0, 10, 10, 0, 10, 0, 0, 0, 0, 0, 0, 0, 10, 10, 0, 0, 10, 10, 0, 10, 10, 10, 0, 10, 0, 10, 0, 10, 10, 0, 0, 1, 10, 10, 10, 10, 4, 1, 0, 10, 10, 0, 10, 10, 10, 0, 0, 10, 0, 10, 10, 10, 10, 10, 10, 0, 0, 0, 10, 10, 10, 10, 0, 10, 10, 0, 0, 10, 1, 10, 10, 10, 10, 19, 10, 10, 0, : 10, 10, 10, 10, 10, 10, 10, 10, 10, 10, 10, 10, 10, 10, 10, 10, 10, 10, 10, 1, 10, 10, 10, 10, 10, 10, 10, 10, 10, 10, 10, 10, 10, 10, 10, 10, 10, 10, 1, 10, 10, 10, 10, 4, 1, 10, 10, 10, 10, 10, 10, 10, 10, 10, 10, 10, 10, 10, 10, 10, 10, 10, 10, 10, 1, 10, 10, 10, 10, 19, 10, 10, 
376: 0, 10, 0, 0, 0, 10, 0, 10, 0, 0, 0, 0, 0, 0, 10, 10, 0, 10, 0, 0, 10, 10, 10, 0, 10, 10, 0, 10, 10, 10, 10, 10, 10, 2, 0, 10, 0, 10, 0, 0, 0, 10, 10, 10, 10, 10, 10, 0, 0, 10, 10, 0, 10, 10, 10, 10, 0, 10, 10, 10, 0, 3, 10, 10, 10, 10, 0, 10, 10, 0, 10, 0, 0, 10, 0, 10, 10, 10, 0, 9, 10, 10, 0, 0, 0, 10, 0, 0, 0, 0, 10, 0, 0, 0, 10, 0, 0, 0, 0, 0, 0, 10, 0, 0, 10, 10, 10, 0, 0, 10, 0, 3, 0, 0, 0, 0, 0, 10, 0, 0, : 10, 10, 10, 10, 10, 10, 10, 10, 10, 10, 10, 10, 10, 10, 10, 10, 10, 2, 10, 10, 10, 10, 10, 10, 10, 10, 10, 10, 10, 10, 10, 10, 10, 10, 10, 3, 10, 10, 10, 10, 10, 10, 10, 10, 10, 10, 10, 9, 10, 10, 10, 10, 10, 10, 10, 10, 10, 10, 3, 10, 
26: 0, 10, 10, 10, 10, 0, 10, 0, 10, 10, 10, 0, 10, 0, 0, 10, 0, 10, 0, 10, 0, 0, 10, 10, 0, 2, 0, 10, 0, 10, 10, 0, 10, 0, 10, 0, 10, 10, 10, 0, 0, 10, 10, 0, 10, 10, 0, 0, 10, 0, 2, 10, 10, 0, 10, 0, 0, 10, 10, 10, 2, 10, 10, 10, 10, 0, 10, 0, 10, 0, 10, 0, 0, 10, 10, 10, 10, 2, 10, 0, 10, 10, 0, 10, 0, 0, 0, 0, 10, 10, 10, 0, 0, 2, 0, 10, 10, 0, 0, 10, 10, 0, 10, 10, 0, 0, 0, 18, 0, 0, 0, 0, 10, 0, 0, 0, 0, 10, 10, 0, : 10, 10, 10, 10, 10, 10, 10, 10, 10, 10, 10, 10, 10, 10, 2, 10, 10, 10, 10, 10, 10, 10, 10, 10, 10, 10, 10, 10, 2, 10, 10, 10, 10, 10, 10, 2, 10, 10, 10, 10, 10, 10, 10, 10, 10, 10, 10, 2, 10, 10, 10, 10, 10, 10, 10, 2, 10, 10, 10, 10, 10, 10, 18, 10, 10, 10, 
77: 9, 10, 10, 0, 0, 0, 0, 0, 10, 10, 10, 0, 0, 10, 10, 0, 0, 10, 10, 10, 10, 0, 0, 0, 0, 10, 18, 0, 10, 0, 10, 10, 10, 10, 10, 10, 0, 0, 10, 10, 10, 10, 10, 0, 0, 10, 10, 10, 10, 0, 10, 0, 0, 11, 0, 0, 0, 10, 10, 0, 10, 0, 0, 0, 0, 10, 0, 10, 10, 0, 0, 10, 10, 0, 0, 10, 0, 10, 10, 0, 0, 10, 0, 0, 10, 10, 10, 10, 0, 0, 10, 1, 0, 10, 10, 10, 10, 5, 10, 0, 10, 0, 10, 0, 0, 10, 0, 10, 10, 0, 1, 10, 0, 10, 10, 0, 10, 0, 10, 0, : 9, 10, 10, 10, 10, 10, 10, 10, 10, 10, 10, 10, 10, 18, 10, 10, 10, 10, 10, 10, 10, 10, 10, 10, 10, 10, 10, 10, 10, 10, 10, 11, 10, 10, 10, 10, 10, 10, 10, 10, 10, 10, 10, 10, 10, 10, 10, 10, 10, 1, 10, 10, 10, 10, 5, 10, 10, 10, 10, 10, 10, 1, 10, 10, 10, 10, 10, 
57: 0, 10, 10, 10, 10, 0, 10, 10, 0, 10, 0, 0, 0, 10, 0, 10, 10, 0, 3, 10, 0, 10, 0, 10, 10, 10, 10, 10, 10, 0, 10, 10, 10, 0, 10, 0, 0, 0, 0, 1, 0, 0, 10, 10, 10, 10, 0, 10, 10, 10, 10, 0, 10, 10, 10, 10, 0, 10, 10, 10, 10, 10, 0, 0, 10, 0, 10, 0, 10, 10, 0, 10, 10, 0, 0, 0, 10, 10, 10, 0, 0, 0, 1, 0, 10, 10, 10, 10, 0, 10, 0, 10, 0, 10, 0, 0, 10, 10, 0, 0, 0, 10, 0, 0, 0, 10, 0, 0, 0, 0, 0, 0, 3, 10, 0, 0, 10, 10, 0, 0, : 10, 10, 10, 10, 10, 10, 10, 10, 10, 10, 3, 10, 10, 10, 10, 10, 10, 10, 10, 10, 10, 10, 10, 1, 10, 10, 10, 10, 10, 10, 10, 10, 10, 10, 10, 10, 10, 10, 10, 10, 10, 10, 10, 10, 10, 10, 10, 10, 10, 10, 1, 10, 10, 10, 10, 10, 10, 10, 10, 10, 10, 10, 3, 10, 10, 10, 
218: 10, 0, 0, 0, 0, 0, 10, 0, 0, 0, 0, 0, 10, 10, 10, 10, 0, 10, 10, 0, 10, 0, 0, 10, 10, 0, 4, 0, 0, 10, 10, 0, 0, 10, 0, 0, 0, 0, 10, 10, 10, 10, 0, 10, 10, 10, 10, 1, 0, 10, 0, 0, 0, 3, 0, 10, 0, 10, 0, 10, 0, 10, 10, 10, 10, 10, 0, 10, 10, 0, 0, 0, 10, 0, 10, 0, 10, 0, 10, 10, 10, 0, 0, 0, 0, 10, 0, 10, 10, 10, 10, 0, 10, 0, 10, 10, 1, 0, 0, 10, 10, 0, 10, 10, 0, 0, 0, 0, 0, 0, 0, 10, 0, 2, 10, 0, 0, 10, 0, 0, : 10, 10, 10, 10, 10, 10, 10, 10, 10, 10, 10, 4, 10, 10, 10, 10, 10, 10, 10, 10, 10, 10, 10, 1, 10, 3, 10, 10, 10, 10, 10, 10, 10, 10, 10, 10, 10, 10, 10, 10, 10, 10, 10, 10, 10, 10, 10, 10, 10, 10, 1, 10, 10, 10, 10, 10, 2, 10, 10, 
248: 10, 0, 10, 0, 10, 0, 0, 0, 0, 0, 0, 10, 0, 0, 10, 0, 10, 10, 10, 10, 0, 10, 10, 8, 0, 10, 10, 0, 10, 10, 0, 0, 10, 10, 0, 10, 10, 0, 10, 0, 10, 10, 10, 10, 0, 0, 10, 10, 0, 10, 10, 10, 0, 0, 0, 10, 0, 0, 10, 0, 0, 10, 0, 0, 0, 10, 10, 10, 0, 0, 0, 10, 0, 10, 0, 0, 10, 0, 10, 0, 10, 0, 0, 0, 10, 0, 0, 0, 0, 0, 5, 0, 10, 10, 10, 10, 10, 10, 10, 10, 0, 0, 10, 0, 0, 10, 0, 0, 13, 0, 10, 0, 6, 0, 10, 0, 0, 10, 0, 10, : 10, 10, 10, 10, 10, 10, 10, 10, 10, 10, 10, 8, 10, 10, 10, 10, 10, 10, 10, 10, 10, 10, 10, 10, 10, 10, 10, 10, 10, 10, 10, 10, 10, 10, 10, 10, 10, 10, 10, 10, 10, 10, 5, 10, 10, 10, 10, 10, 10, 10, 10, 10, 10, 13, 10, 6, 10, 10, 10, 
273: 10, 10, 0, 10, 10, 0, 0, 2, 10, 0, 0, 10, 8, 10, 10, 10, 10, 0, 0, 10, 10, 0, 10, 0, 10, 10, 3, 0, 10, 7, 0, 10, 0, 10, 10, 10, 10, 0, 7, 0, 0, 0, 1, 10, 0, 0, 10, 10, 10, 10, 10, 10, 0, 0, 0, 10, 1, 10, 0, 10, 0, 10, 0, 0, 0, 0, 0, 10, 10, 10, 9, 10, 0, 0, 0, 10, 10, 0, 10, 0, 0, 10, 0, 0, 10, 10, 0, 10, 0, 10, 0, 10, 10, 0, 0, 10, 10, 10, 10, 10, 10, 10, 0, 10, 0, 0, 10, 0, 10, 0, 10, 10, 10, 10, 10, 0, 0, 10, 1, 10, : 10, 10, 10, 10, 2, 10, 10, 8, 10, 10, 10, 10, 10, 10, 10, 10, 10, 3, 10, 7, 10, 10, 10, 10, 10, 7, 1, 10, 10, 10, 10, 10, 10, 10, 10, 1, 10, 10, 10, 10, 10, 10, 9, 10, 10, 10, 10, 10, 10, 10, 10, 10, 10, 10, 10, 10, 10, 10, 10, 10, 10, 10, 10, 10, 10, 10, 10, 10, 10, 10, 1, 10, 
318: 0, 10, 0, 0, 10, 0, 10, 0, 0, 0, 0, 10, 10, 10, 10, 10, 10, 0, 0, 10, 10, 0, 0, 0, 10, 10, 10, 0, 10, 10, 0, 10, 10, 0, 0, 0, 0, 10, 6, 10, 10, 0, 10, 10, 10, 0, 0, 0, 0, 10, 0, 10, 10, 10, 10, 0, 0, 10, 0, 0, 0, 10, 10, 0, 1, 16, 10, 10, 0, 0, 10, 0, 0, 0, 0, 0, 0, 0, 0, 0, 0, 0, 0, 0, 10, 0, 10, 10, 10, 10, 10, 0, 10, 0, 10, 10, 0, 0, 10, 0, 10, 0, 10, 0, 10, 10, 0, 0, 10, 0, 0, 0, 3, 10, 10, 0, 10, 10, 0, 10, : 10, 10, 10, 10, 10, 10, 10, 10, 10, 10, 10, 10, 10, 10, 10, 10, 10, 10, 10, 6, 10, 10, 10, 10, 10, 10, 10, 10, 10, 10, 10, 10, 10, 1, 16, 10, 10, 10, 10, 10, 10, 10, 10, 10, 10, 10, 10, 10, 10, 10, 10, 10, 10, 3, 10, 10, 10, 10, 10, 
348: 10, 0, 0, 10, 10, 0, 0, 10, 0, 10, 10, 0, 10, 0, 0, 10, 10, 10, 10, 0, 10, 0, 10, 0, 10, 0, 0, 10, 10, 0, 10, 0, 0, 0, 10, 10, 0, 10, 10, 10, 0, 0, 10, 0, 0, 0, 0, 0, 10, 0, 0, 0, 0, 10, 0, 0, 0, 0, 10, 10, 0, 10, 10, 0, 10, 0, 0, 0, 0, 0, 10, 0, 0, 10, 10, 0, 0, 10, 0, 10, 10, 1, 0, 10, 0, 10, 10, 10, 10, 10, 0, 10, 0, 10, 0, 0, 10, 0, 0, 0, 10, 10, 0, 10, 10, 10, 10, 0, 0, 0, 10, 0, 10, 0, 10, 10, 10, 10, 0, 0, : 10, 10, 10, 10, 10, 10, 10, 10, 10, 10, 10, 10, 10, 10, 10, 10, 10, 10, 10, 10, 10, 10, 10, 10, 10, 10, 10, 10, 10, 10, 10, 10, 10, 10, 10, 10, 1, 10, 10, 10, 10, 10, 10, 10, 10, 10, 10, 10, 10, 10, 10, 10, 10, 10, 10, 10, 10, 10, 
211: 0, 10, 10, 10, 10, 10, 10, 10, 0, 0, 0, 10, 10, 0, 10, 10, 0, 10, 0, 10, 0, 0, 10, 0, 0, 0, 10, 0, 2, 0, 0, 0, 0, 0, 10, 10, 10, 0, 0, 4, 0, 10, 10, 10, 0, 0, 0, 0, 0, 0, 0, 10, 0, 0, 0, 10, 0, 10, 10, 0, 0, 10, 0, 0, 0, 0, 0, 10, 10, 10, 10, 10, 10, 1, 0, 10, 10, 10, 10, 0, 0, 10, 0, 10, 0, 10, 10, 0, 10, 0, 0, 10, 10, 10, 10, 10, 0, 0, 0, 0, 0, 0, 10, 10, 0, 10, 10, 0, 10, 0, 0, 0, 10, 0, 10, 0, 10, 10, 10, 0, : 10, 10, 10, 10, 10, 10, 10, 10, 10, 10, 10, 10, 10, 10, 10, 2, 10, 10, 10, 4, 10, 10, 10, 10, 10, 10, 10, 10, 10, 10, 10, 10, 10, 10, 1, 10, 10, 10, 10, 10, 10, 10, 10, 10, 10, 10, 10, 10, 10, 10, 10, 10, 10, 10, 10, 10, 10, 10, 10, 
265: 10, 1, 10, 0, 0, 0, 0, 0, 10, 10, 0, 0, 10, 10, 0, 10, 10, 0, 10, 10, 10, 0, 0, 0, 10, 0, 10, 10, 0, 0, 10, 0, 0, 0, 0, 10, 10, 10, 0, 0, 0, 0, 0, 0, 0, 10, 10, 0, 0, 0, 0, 10, 10, 10, 10, 10, 0, 0, 10, 10, 0, 10, 0, 0, 0, 10, 0, 0, 0, 0, 14, 0, 10, 10, 10, 0, 10, 0, 0, 10, 10, 0, 10, 0, 10, 0, 10, 10, 10, 0, 0, 0, 0, 10, 0, 10, 0, 0, 10, 0, 10, 0, 10, 0, 0, 0, 10, 10, 0, 10, 10, 0, 0, 10, 0, 0, 10, 4, 10, 0, : 10, 1, 10, 10, 10, 10, 10, 10, 10, 10, 10, 10, 10, 10, 10, 10, 10, 10, 10, 10, 10, 10, 10, 10, 10, 10, 10, 10, 10, 10, 14, 10, 10, 10, 10, 10, 10, 10, 10, 10, 10, 10, 10, 10, 10, 10, 10, 10, 10, 10, 10, 10, 10, 4, 10, 
234: 0, 10, 10, 10, 0, 10, 10, 0, 10, 0, 0, 0, 4, 3, 10, 0, 10, 10, 10, 0, 10, 0, 0, 0, 0, 0, 0, 0, 20, 10, 0, 13, 10, 10, 10, 10, 0, 0, 10, 0, 10, 10, 10, 10, 10, 10, 0, 0, 0, 10, 0, 0, 0, 10, 0, 10, 10, 0, 1, 0, 10, 0, 10, 0, 10, 10, 0, 0, 0, 10, 10, 0, 10, 10, 0, 10, 0, 10, 6, 0, 0, 0, 10, 10, 0, 0, 10, 10, 10, 10, 10, 0, 10, 10, 0, 0, 0, 0, 0, 0, 10, 0, 10, 0, 10, 10, 10, 5, 0, 0, 0, 10, 0, 10, 0, 10, 10, 0, 10, 0, : 10, 10, 10, 10, 10, 10, 4, 3, 10, 10, 10, 10, 10, 20, 10, 13, 10, 10, 10, 10, 10, 10, 10, 10, 10, 10, 10, 10, 10, 10, 10, 1, 10, 10, 10, 10, 10, 10, 10, 10, 10, 10, 6, 10, 10, 10, 10, 10, 10, 10, 10, 10, 10, 10, 10, 10, 10, 5, 10, 10, 10, 10, 10, 
7: 0, 10, 0, 10, 10, 10, 10, 0, 1, 0, 10, 2, 0, 10, 0, 0, 10, 10, 10, 0, 0, 10, 0, 0, 10, 0, 10, 0, 10, 10, 0, 10, 10, 10, 10, 0, 10, 18, 10, 0, 0, 10, 0, 10, 10, 10, 10, 0, 10, 10, 10, 0, 10, 10, 0, 10, 0, 0, 0, 0, 0, 10, 10, 10, 10, 10, 0, 0, 0, 10, 10, 0, 0, 10, 0, 10, 0, 0, 0, 10, 10, 10, 10, 10, 0, 0, 10, 0, 0, 10, 10, 0, 0, 0, 10, 0, 10, 10, 0, 10, 0, 10, 10, 10, 10, 0, 10, 0, 10, 0, 0, 10, 0, 10, 10, 10, 10, 10, 10, 10, : 10, 10, 10, 10, 10, 1, 10, 2, 10, 10, 10, 10, 10, 10, 10, 10, 10, 10, 10, 10, 10, 10, 18, 10, 10, 10, 10, 10, 10, 10, 10, 10, 10, 10, 10, 10, 10, 10, 10, 10, 10, 10, 10, 10, 10, 10, 10, 10, 10, 10, 10, 10, 10, 10, 10, 10, 10, 10, 10, 10, 10, 10, 10, 10, 10, 10, 10, 10, 10, 10, 
237: 10, 10, 10, 0, 0, 10, 0, 0, 10, 0, 0, 10, 0, 10, 0, 0, 0, 0, 10, 0, 0, 0, 10, 10, 0, 0, 10, 0, 0, 0, 10, 0, 0, 0, 10, 10, 0, 0, 0, 0, 0, 0, 0, 0, 0, 10, 10, 3, 10, 0, 10, 0, 10, 2, 9, 0, 0, 0, 0, 0, 10, 0, 10, 10, 10, 10, 0, 10, 0, 0, 0, 10, 2, 0, 0, 0, 0, 0, 10, 0, 10, 0, 3, 5, 10, 0, 10, 10, 10, 0, 0, 10, 0, 10, 11, 0, 10, 10, 14, 17, 10, 10, 0, 0, 0, 0, 10, 10, 0, 10, 10, 10, 0, 0, 10, 3, 10, 0, 10, 0, : 10, 10, 10, 10, 10, 10, 10, 10, 10, 10, 10, 10, 10, 10, 10, 10, 3, 10, 10, 10, 2, 9, 10, 10, 10, 10, 10, 10, 10, 2, 10, 10, 3, 5, 10, 10, 10, 10, 10, 10, 11, 10, 10, 14, 17, 10, 10, 10, 10, 10, 10, 10, 10, 3, 10, 10, 
299: 10, 2, 10, 0, 10, 0, 0, 0, 0, 10, 10, 0, 0, 0, 10, 0, 10, 0, 10, 10, 10, 10, 10, 10, 10, 10, 0, 0, 10, 0, 0, 0, 10, 0, 0, 0, 10, 10, 10, 10, 10, 0, 0, 0, 0, 0, 0, 0, 0, 10, 0, 10, 0, 10, 10, 0, 0, 10, 0, 0, 10, 0, 0, 10, 10, 10, 2, 10, 10, 10, 0, 10, 10, 0, 0, 0, 10, 0, 0, 0, 0, 0, 10, 10, 0, 10, 10, 0, 0, 10, 0, 0, 10, 10, 0, 0, 0, 10, 0, 10, 0, 10, 10, 0, 0, 10, 0, 0, 0, 0, 10, 0, 19, 10, 0, 10, 0, 0, 0, 0, : 10, 2, 10, 10, 10, 10, 10, 10, 10, 10, 10, 10, 10, 10, 10, 10, 10, 10, 10, 10, 10, 10, 10, 10, 10, 10, 10, 10, 10, 10, 10, 10, 2, 10, 10, 10, 10, 10, 10, 10, 10, 10, 10, 10, 10, 10, 10, 10, 10, 10, 10, 10, 19, 10, 10, 
100: 0, 10, 0, 10, 10, 10, 10, 10, 10, 10, 1, 10, 0, 0, 0, 10, 0, 0, 0, 10, 0, 10, 10, 0, 0, 10, 10, 0, 10, 10, 10, 0, 0, 0, 0, 0, 1, 0, 0, 0, 0, 0, 10, 0, 0, 10, 10, 10, 0, 0, 0, 0, 10, 0, 0, 0, 0, 0, 10, 10, 10, 10, 0, 3, 0, 10, 0, 0, 10, 10, 0, 0, 0, 5, 10, 0, 10, 0, 4, 10, 0, 0, 10, 0, 10, 10, 10, 10, 10, 10, 0, 10, 0, 10, 10, 10, 0, 10, 10, 0, 10, 0, 10, 0, 10, 10, 0, 0, 1, 10, 10, 0, 10, 0, 0, 0, 0, 10, 10, 10, : 10, 10, 10, 10, 10, 10, 10, 10, 1, 10, 10, 10, 10, 10, 10, 10, 10, 10, 10, 1, 10, 10, 10, 10, 10, 10, 10, 10, 10, 3, 10, 10, 10, 5, 10, 10, 4, 10, 10, 10, 10, 10, 10, 10, 10, 10, 10, 10, 10, 10, 10, 10, 10, 10, 10, 1, 10, 10, 10, 10, 10, 10, 
257: 10, 1, 10, 0, 0, 0, 0, 0, 10, 2, 10, 0, 0, 0, 0, 10, 0, 0, 0, 10, 10, 0, 0, 10, 10, 0, 10, 10, 10, 10, 0, 0, 10, 0, 0, 0, 10, 0, 10, 10, 0, 0, 11, 10, 10, 0, 10, 0, 10, 0, 10, 0, 0, 0, 0, 0, 0, 0, 10, 10, 10, 0, 10, 0, 10, 0, 10, 0, 0, 10, 0, 0, 0, 10, 10, 0, 10, 10, 10, 10, 0, 0, 10, 0, 0, 0, 20, 10, 0, 10, 0, 1, 0, 0, 0, 10, 0, 0, 0, 0, 0, 10, 0, 10, 0, 0, 0, 0, 0, 10, 10, 0, 10, 0, 10, 0, 0, 0, 10, 0, : 10, 1, 10, 10, 2, 10, 10, 10, 10, 10, 10, 10, 10, 10, 10, 10, 10, 10, 10, 11, 10, 10, 10, 10, 10, 10, 10, 10, 10, 10, 10, 10, 10, 10, 10, 10, 10, 10, 10, 20, 10, 10, 1, 10, 10, 10, 10, 10, 10, 10, 10, 
226: 0, 10, 10, 10, 0, 0, 0, 0, 10, 10, 10, 1, 0, 10, 0, 0, 10, 0, 10, 10, 10, 10, 0, 10, 0, 10, 0, 0, 10, 10, 0, 10, 10, 10, 0, 10, 10, 0, 0, 10, 0, 0, 10, 10, 10, 0, 0, 10, 0, 0, 10, 0, 0, 0, 0, 0, 0, 10, 10, 0, 0, 0, 10, 0, 0, 0, 10, 0, 0, 10, 0, 0, 0, 4, 10, 0, 0, 10, 0, 0, 0, 1, 0, 10, 10, 0, 10, 10, 10, 0, 0, 0, 0, 0, 0, 10, 10, 0, 0, 17, 10, 10, 10, 0, 10, 10, 10, 10, 0, 10, 0, 0, 10, 10, 5, 0, 10, 0, 10, 0, : 10, 10, 10, 10, 10, 10, 1, 10, 10, 10, 10, 10, 10, 10, 10, 10, 10, 10, 10, 10, 10, 10, 10, 10, 10, 10, 10, 10, 10, 10, 10, 10, 10, 4, 10, 10, 1, 10, 10, 10, 10, 10, 10, 10, 17, 10, 10, 10, 10, 10, 10, 10, 10, 10, 10, 5, 10, 10, 
192: 0, 0, 0, 10, 10, 10, 0, 0, 10, 0, 10, 10, 0, 0, 10, 10, 0, 0, 10, 0, 0, 14, 0, 10, 0, 10, 10, 10, 10, 0, 0, 0, 0, 0, 10, 0, 10, 18, 10, 0, 10, 10, 10, 10, 3, 10, 2, 0, 0, 10, 10, 0, 10, 0, 0, 0, 10, 10, 0, 0, 10, 0, 10, 0, 10, 10, 0, 10, 10, 10, 0, 10, 10, 0, 0, 0, 0, 10, 0, 1, 0, 10, 10, 10, 0, 10, 0, 0, 10, 10, 10, 10, 0, 10, 10, 10, 0, 0, 10, 10, 0, 10, 0, 10, 0, 0, 10, 0, 0, 10, 0, 10, 10, 10, 0, 10, 0, 0, 10, 0, : 10, 10, 10, 10, 10, 10, 10, 10, 10, 14, 10, 10, 10, 10, 10, 10, 10, 18, 10, 10, 10, 10, 10, 3, 10, 2, 10, 10, 10, 10, 10, 10, 10, 10, 10, 10, 10, 10, 10, 10, 10, 1, 10, 10, 10, 10, 10, 10, 10, 10, 10, 10, 10, 10, 10, 10, 10, 10, 10, 10, 10, 10, 10, 10, 
353: 0, 0, 10, 0, 0, 0, 0, 0, 10, 10, 10, 0, 0, 19, 0, 0, 0, 0, 10, 0, 0, 0, 10, 10, 10, 10, 0, 0, 10, 0, 0, 0, 10, 10, 10, 10, 0, 10, 10, 0, 0, 10, 10, 10, 10, 10, 0, 0, 0, 0, 0, 0, 0, 0, 10, 0, 10, 0, 0, 0, 10, 0, 0, 10, 0, 0, 10, 10, 0, 0, 10, 0, 0, 10, 0, 0, 10, 0, 0, 0, 10, 0, 10, 0, 10, 10, 10, 0, 0, 10, 0, 0, 0, 0, 10, 0, 0, 10, 0, 10, 0, 0, 0, 0, 10, 10, 0, 10, 0, 10, 10, 0, 10, 0, 10, 10, 0, 10, 0, 10, : 10, 10, 10, 10, 19, 10, 10, 10, 10, 10, 10, 10, 10, 10, 10, 10, 10, 10, 10, 10, 10, 10, 10, 10, 10, 10, 10, 10, 10, 10, 10, 10, 10, 10, 10, 10, 10, 10, 10, 10, 10, 10, 10, 10, 10, 10, 10, 10, 10, 10, 
334: 10, 10, 10, 0, 0, 0, 0, 1, 0, 0, 10, 0, 0, 0, 0, 1, 0, 0, 18, 0, 0, 0, 5, 0, 10, 10, 17, 0, 10, 10, 10, 0, 2, 10, 10, 0, 0, 0, 10, 3, 10, 10, 10, 10, 0, 10, 0, 0, 0, 10, 0, 10, 10, 10, 10, 0, 0, 0, 10, 0, 0, 10, 10, 10, 0, 0, 0, 10, 10, 10, 10, 0, 0, 10, 0, 10, 0, 1, 0, 0, 10, 10, 0, 10, 10, 10, 0, 10, 0, 0, 0, 0, 10, 10, 0, 0, 0, 2, 10, 1, 10, 10, 0, 0, 0, 10, 10, 0, 10, 0, 10, 0, 10, 0, 10, 0, 1, 0, 10, 10, : 10, 10, 10, 1, 10, 1, 18, 5, 10, 10, 17, 10, 10, 10, 2, 10, 10, 10, 3, 10, 10, 10, 10, 10, 10, 10, 10, 10, 10, 10, 10, 10, 10, 10, 10, 10, 10, 10, 10, 1, 10, 10, 10, 10, 10, 10, 10, 10, 2, 10, 1, 10, 10, 10, 10, 10, 10, 10, 10, 1, 10, 10, 
82: 10, 10, 0, 10, 10, 0, 0, 10, 10, 0, 0, 0, 0, 10, 10, 0, 10, 5, 10, 10, 0, 10, 0, 0, 0, 10, 10, 10, 0, 0, 0, 0, 10, 10, 10, 0, 0, 0, 10, 0, 10, 10, 0, 0, 10, 10, 10, 10, 0, 0, 10, 10, 0, 0, 0, 10, 10, 0, 10, 10, 10, 10, 10, 0, 10, 0, 0, 0, 10, 0, 0, 10, 0, 10, 10, 10, 10, 0, 10, 10, 10, 0, 0, 0, 0, 10, 0, 10, 10, 10, 10, 0, 0, 0, 0, 10, 0, 10, 10, 0, 10, 10, 10, 0, 10, 0, 0, 0, 10, 10, 0, 10, 10, 0, 0, 0, 0, 0, 10, 0, : 10, 10, 10, 10, 10, 10, 10, 10, 10, 5, 10, 10, 10, 10, 10, 10, 10, 10, 10, 10, 10, 10, 10, 10, 10, 10, 10, 10, 10, 10, 10, 10, 10, 10, 10, 10, 10, 10, 10, 10, 10, 10, 10, 10, 10, 10, 10, 10, 10, 10, 10, 10, 10, 10, 10, 10, 10, 10, 10, 10, 10, 10, 
283: 10, 0, 0, 0, 10, 10, 10, 10, 0, 0, 10, 10, 0, 10, 10, 10, 0, 0, 10, 0, 0, 10, 10, 0, 0, 0, 0, 10, 0, 10, 0, 0, 0, 10, 0, 0, 10, 10, 10, 3, 0, 0, 0, 10, 0, 10, 0, 0, 0, 0, 0, 0, 0, 10, 10, 10, 0, 0, 0, 10, 10, 0, 10, 10, 10, 0, 10, 0, 1, 10, 10, 10, 10, 0, 10, 0, 10, 0, 10, 10, 10, 0, 10, 0, 10, 0, 0, 10, 10, 10, 10, 0, 0, 1, 10, 0, 10, 0, 0, 10, 0, 10, 0, 10, 10, 0, 10, 13, 0, 0, 10, 10, 10, 1, 0, 0, 10, 0, 10, 0, : 10, 10, 10, 10, 10, 10, 10, 10, 10, 10, 10, 10, 10, 10, 10, 10, 10, 10, 10, 3, 10, 10, 10, 10, 10, 10, 10, 10, 10, 10, 10, 1, 10, 10, 10, 10, 10, 10, 10, 10, 10, 10, 10, 10, 10, 10, 10, 1, 10, 10, 10, 10, 10, 10, 10, 13, 10, 10, 10, 1, 10, 10, 
186: 10, 0, 0, 10, 10, 10, 10, 0, 10, 0, 10, 10, 0, 3, 0, 0, 10, 0, 0, 1, 0, 10, 0, 0, 0, 10, 10, 0, 0, 11, 0, 0, 0, 10, 0, 0, 10, 0, 0, 0, 10, 0, 0, 10, 0, 10, 10, 10, 10, 10, 10, 10, 10, 10, 0, 0, 0, 10, 10, 0, 0, 0, 0, 10, 0, 0, 10, 0, 0, 10, 10, 10, 0, 10, 10, 20, 0, 10, 10, 10, 4, 10, 10, 0, 0, 0, 10, 0, 1, 10, 0, 17, 10, 10, 10, 10, 0, 10, 0, 10, 10, 0, 10, 0, 0, 10, 10, 0, 0, 10, 10, 10, 10, 10, 10, 10, 10, 0, 10, 10, : 10, 10, 10, 10, 10, 10, 10, 10, 3, 10, 1, 10, 10, 10, 11, 10, 10, 10, 10, 10, 10, 10, 10, 10, 10, 10, 10, 10, 10, 10, 10, 10, 10, 10, 10, 10, 10, 20, 10, 10, 10, 4, 10, 10, 10, 1, 10, 17, 10, 10, 10, 10, 10, 10, 10, 10, 10, 10, 10, 10, 10, 10, 10, 10, 10, 10, 10, 10, 
359: 10, 0, 0, 10, 0, 10, 10, 0, 10, 10, 10, 0, 10, 10, 10, 10, 10, 10, 10, 10, 3, 10, 10, 10, 10, 10, 0, 10, 10, 10, 10, 10, 0, 10, 0, 10, 10, 0, 0, 0, 0, 10, 0, 0, 0, 0, 10, 0, 0, 10, 0, 10, 0, 0, 10, 0, 0, 0, 0, 10, 0, 1, 0, 0, 7, 0, 0, 10, 10, 10, 13, 3, 0, 0, 17, 10, 10, 0, 0, 10, 10, 0, 10, 10, 10, 10, 0, 10, 0, 10, 0, 10, 10, 0, 0, 0, 10, 10, 0, 0, 10, 0, 0, 0, 0, 10, 0, 0, 10, 10, 10, 0, 10, 0, 0, 10, 0, 0, 0, 8, : 10, 10, 10, 10, 10, 10, 10, 10, 10, 10, 10, 10, 10, 10, 10, 3, 10, 10, 10, 10, 10, 10, 10, 10, 10, 10, 10, 10, 10, 10, 10, 10, 10, 10, 10, 1, 7, 10, 10, 10, 13, 3, 17, 10, 10, 10, 10, 10, 10, 10, 10, 10, 10, 10, 10, 10, 10, 10, 10, 10, 10, 10, 10, 10, 8, 
310: 0, 10, 10, 10, 0, 10, 10, 0, 0, 10, 0, 10, 10, 10, 10, 0, 0, 10, 0, 0, 10, 10, 10, 6, 0, 0, 0, 0, 0, 0, 0, 10, 0, 10, 0, 10, 4, 10, 10, 10, 0, 0, 10, 0, 10, 10, 0, 10, 10, 0, 0, 10, 0, 0, 0, 10, 0, 0, 0, 0, 10, 0, 1, 10, 0, 7, 10, 0, 10, 10, 10, 0, 0, 10, 0, 10, 10, 10, 10, 10, 0, 10, 0, 10, 0, 10, 0, 0, 10, 0, 0, 10, 0, 10, 10, 10, 0, 10, 10, 10, 10, 10, 0, 2, 10, 0, 10, 10, 10, 8, 0, 0, 10, 10, 10, 10, 0, 0, 1, 0, : 10, 10, 10, 10, 10, 10, 10, 10, 10, 10, 10, 10, 10, 10, 6, 10, 10, 10, 4, 10, 10, 10, 10, 10, 10, 10, 10, 10, 10, 10, 1, 10, 7, 10, 10, 10, 10, 10, 10, 10, 10, 10, 10, 10, 10, 10, 10, 10, 10, 10, 10, 10, 10, 10, 10, 10, 2, 10, 10, 10, 10, 8, 10, 10, 10, 10, 1, 


