200
200
1: 7, 14, 10, 7, 14, 1, 1, 10, 5, 8, 8, 10, 2, 19, 16, 3, 2, 11, 12, 1, 2, 1, 1, 1, 20, 9, 10, 25, 24, 11, 1, 1, 1, 9, 3, 2, 34, 7, 7, 2, 9, 5, 9, 5, 3, 1, 2, 3, 22, 17, 1, 6, 22, 26, 9, 12, 6, 4, 1, 10, 4, 14, 7, 14, 21, 1, 20, 5, 3, 6, 5, 9, 7, 3, 1, 5, 6, 13, 7, 9, 3, 9, 5, 5, 10, 17, 6, 10, 12, 9, 16, 2, 13, 6, 1, 0, 0, 0, 0, 0, 0, 0, 0, 0, 0, 0, 0, 0, 0, 0, 0, 0, 0, 0, 0, 0, 0, 0, 0, 0, 0, 0, 0, 0, 0, 0, 0, 0, 0, 0, 0, 0, 0, 0, 0, 0, 0, 0, 0, 0, 0, 0, 0, 0, 0, 0, 0, 0, 0, 0, 0, 0, 0, 0, 0, 0, 0, 0, 0, 0, 0, 0, 0, 0, 0, 0, 0, 0, 0, 0, 0, 0, 0, 0, 0, 0, 0, 0, 0, 0, 0, 0, 0, 0, 0, 0, 0, 0, 0, 0, 0, 0, 0, 0, 0, 0, 0, 0, 0, 0, : 7, 14, 10, 7, 14, 1, 1, 10, 5, 8, 8, 10, 2, 19, 16, 3, 2, 11, 12, 1, 2, 1, 1, 1, 20, 9, 10, 25, 24, 11, 1, 1, 1, 9, 3, 2, 34, 7, 7, 2, 9, 5, 9, 5, 3, 1, 2, 3, 22, 17, 1, 6, 22, 26, 9, 12, 6, 4, 1, 10, 4, 14, 7, 14, 21, 1, 20, 5, 3, 6, 5, 9, 7, 3, 1, 5, 6, 13, 7, 9, 3, 9, 5, 5, 10, 17, 6, 10, 12, 9, 16, 2, 13, 6, 1, 
2: 21, 7, 5, 6, 17, 2, 18, 11, 3, 21, 1, 2, 18, 32, 9, 15, 4, 6, 17, 3, 1, 8, 3, 5, 3, 15, 1, 2, 17, 17, 18, 23, 2, 11, 1, 12, 35, 3, 2, 6, 12, 11, 3, 4, 24, 3, 2, 4, 1, 1, 1, 0, 0, 0, 0, 0, 0, 0, 0, 0, 0, 0, 0, 0, 0, 0, 0, 0, 0, 0, 0, 0, 0, 0, 0, 0, 0, 0, 0, 0, 0, 0, 0, 0, 0, 0, 0, 0, 0, 0, 0, 0, 0, 0, 0, 0, 0, 0, 0, 0, 0, 0, 0, 0, 0, 0, 0, 0, 0, 0, 0, 0, 0, 0, 0, 0, 0, 0, 0, 0, 0, 0, 0, 0, 0, 0, 0, 0, 0, 0, 0, 0, 0, 0, 0, 0, 0, 0, 0, 0, 0, 0, 0, 0, 0, 0, 0, 0, 0, 0, 0, 0, 0, 0, 0, 0, 0, 0, 0, 0, 0, 0, 0, 0, 0, 0, 0, 0, 0, 0, 0, 0, 0, 0, 0, 0, 0, 0, 0, 0, 0, 0, 0, 0, 0, 0, 0, 0, 0, 0, 0, 0, 0, 0, 0, 0, 0, 0, 0, 0, : 21, 7, 5, 6, 17, 2, 18, 11, 3, 21, 1, 2, 18, 32, 9, 15, 4, 6, 17, 3, 1, 8, 3, 5, 3, 15, 1, 2, 17, 17, 18, 23, 2, 11, 1, 12, 35, 3, 2, 6, 12, 11, 3, 4, 24, 3, 2, 4, 1, 1, 1, 
3: 19, 11, 1, 1, 9, 14, 18, 2, 1, 9, 2, 5, 9, 2, 1, 1, 6, 1, 16, 10, 4, 1, 5, 11, 6, 6, 10, 30, 22, 6, 7, 2, 29, 2, 7, 7, 12, 2, 20, 31, 5, 4, 3, 5, 1, 1, 3, 15, 7, 6, 2, 2, 8, 3, 6, 13, 2, 2, 26, 4, 26, 9, 4, 2, 2, 2, 14, 3, 7, 1, 2, 24, 1, 8, 9, 2, 9, 4, 0, 0, 0, 0, 0, 0, 0, 0, 0, 0, 0, 0, 0, 0, 0, 0, 0, 0, 0, 0, 0, 0, 0, 0, 0, 0, 0, 0, 0, 0, 0, 0, 0, 0, 0, 0, 0, 0, 0, 0, 0, 0, 0, 0, 0, 0, 0, 0, 0, 0, 0, 0, 0, 0, 0, 0, 0, 0, 0, 0, 0, 0, 0, 0, 0, 0, 0, 0, 0, 0, 0, 0, 0, 0, 0, 0, 0, 0, 0, 0, 0, 0, 0, 0, 0, 0, 0, 0, 0, 0, 0, 0, 0, 0, 0, 0, 0, 0, 0, 0, 0, 0, 0, 0, 0, 0, 0, 0, 0, 0, 0, 0, 0, 0, 0, 0, 0, 0, 0, 0, 0, 0, : 19, 11, 1, 1, 9, 14, 18, 2, 1, 9, 2, 5, 9, 2, 1, 1, 6, 1, 16, 10, 4, 1, 5, 11, 6, 6, 10, 30, 22, 6, 7, 2, 29, 2, 7, 7, 12, 2, 20, 31, 5, 4, 3, 5, 1, 1, 3, 15, 7, 6, 2, 2, 8, 3, 6, 13, 2, 2, 26, 4, 26, 9, 4, 2, 2, 2, 14, 3, 7, 1, 2, 24, 1, 8, 9, 2, 9, 4, 
4: 1, 2, 3, 2, 5, 9, 2, 3, 4, 6, 1, 17, 5, 7, 11, 26, 2, 2, 2, 15, 7, 3, 3, 3, 15, 2, 7, 2, 10, 6, 3, 1, 14, 19, 5, 3, 15, 5, 1, 1, 1, 11, 5, 5, 19, 13, 12, 3, 2, 21, 3, 2, 2, 10, 1, 5, 2, 10, 10, 37, 8, 4, 5, 12, 1, 14, 14, 5, 14, 4, 22, 3, 13, 4, 2, 34, 6, 22, 6, 20, 3, 3, 1, 1, 2, 8, 4, 8, 18, 2, 23, 6, 9, 10, 3, 23, 13, 7, 1, 12, 1, 1, 0, 0, 0, 0, 0, 0, 0, 0, 0, 0, 0, 0, 0, 0, 0, 0, 0, 0, 0, 0, 0, 0, 0, 0, 0, 0, 0, 0, 0, 0, 0, 0, 0, 0, 0, 0, 0, 0, 0, 0, 0, 0, 0, 0, 0, 0, 0, 0, 0, 0, 0, 0, 0, 0, 0, 0, 0, 0, 0, 0, 0, 0, 0, 0, 0, 0, 0, 0, 0, 0, 0, 0, 0, 0, 0, 0, 0, 0, 0, 0, 0, 0, 0, 0, 0, 0, 0, 0, 0, 0, 0, 0, 0, 0, 0, 0, 0, 0, : 1, 2, 3, 2, 5, 9, 2, 3, 4, 6, 1, 17, 5, 7, 11, 26, 2, 2, 2, 15, 7, 3, 3, 3, 15, 2, 7, 2, 10, 6, 3, 1, 14, 19, 5, 3, 15, 5, 1, 1, 1, 11, 5, 5, 19, 13, 12, 3, 2, 21, 3, 2, 2, 10, 1, 5, 2, 10, 10, 37, 8, 4, 5, 12, 1, 14, 14, 5, 14, 4, 22, 3, 13, 4, 2, 34, 6, 22, 6, 20, 3, 3, 1, 1, 2, 8, 4, 8, 18, 2, 23, 6, 9, 10, 3, 23, 13, 7, 1, 12, 1, 1, 
5: 2, 3, 6, 12, 7, 2, 1, 10, 15, 1, 7, 23, 12, 1, 3, 15, 19, 2, 5, 3, 2, 3, 17, 21, 11, 6, 6, 15, 3, 1, 6, 14, 23, 11, 33, 38, 10, 17, 4, 10, 6, 14, 5, 4, 6, 4, 2, 13, 7, 17, 3, 20, 1, 7, 3, 1, 4, 2, 11, 8, 16, 27, 1, 1, 8, 16, 25, 1, 23, 23, 4, 1, 14, 21, 4, 7, 12, 2, 29, 2, 28, 1, 2, 8, 6, 1, 9, 27, 21, 21, 14, 2, 6, 2, 24, 3, 19, 2, 8, 1, 6, 2, 6, 14, 27, 7, 13, 14, 6, 4, 2, 8, 18, 3, 2, 3, 2, 4, 8, 2, 14, 5, 4, 0, 0, 0, 0, 0, 0, 0, 0, 0, 0, 0, 0, 0, 0, 0, 0, 0, 0, 0, 0, 0, 0, 0, 0, 0, 0, 0, 0, 0, 0, 0, 0, 0, 0, 0, 0, 0, 0, 0, 0, 0, 0, 0, 0, 0, 0, 0, 0, 0, 0, 0, 0, 0, 0, 0, 0, 0, 0, 0, 0, 0, 0, 0, 0, 0, 0, 0, 0, 0, 0, 0, 0, 0, 0, 0, 0, 0, : 2, 3, 6, 12, 7, 2, 1, 10, 15, 1, 7, 23, 12, 1, 3, 15, 19, 2, 5, 3, 2, 3, 17, 21, 11, 6, 6, 15, 3, 1, 6, 14, 23, 11, 33, 38, 10, 17, 4, 10, 6, 14, 5, 4, 6, 4, 2, 13, 7, 17, 3, 20, 1, 7, 3, 1, 4, 2, 11, 8, 16, 27, 1, 1, 8, 16, 25, 1, 23, 23, 4, 1, 14, 21, 4, 7, 12, 2, 29, 2, 28, 1, 2, 8, 6, 1, 9, 27, 21, 21, 14, 2, 6, 2, 24, 3, 19, 2, 8, 1, 6, 2, 6, 14, 27, 7, 13, 14, 6, 4, 2, 8, 18, 3, 2, 3, 2, 4, 8, 2, 14, 5, 4, 
6: 1, 14, 22, 25, 14, 26, 2, 6, 18, 1, 3, 7, 2, 1, 24, 2, 1, 2, 1, 6, 17, 15, 4, 20, 1, 31, 2, 19, 26, 4, 8, 8, 31, 2, 8, 21, 6, 2, 27, 1, 8, 4, 3, 7, 2, 21, 22, 13, 1, 3, 17, 7, 4, 2, 19, 8, 2, 7, 35, 12, 10, 1, 4, 5, 2, 32, 15, 1, 7, 14, 1, 25, 1, 5, 6, 27, 5, 8, 2, 7, 26, 6, 17, 18, 1, 4, 30, 9, 6, 4, 13, 4, 3, 4, 2, 1, 4, 13, 1, 15, 1, 1, 5, 18, 2, 31, 13, 2, 9, 5, 0, 0, 0, 0, 0, 0, 0, 0, 0, 0, 0, 0, 0, 0, 0, 0, 0, 0, 0, 0, 0, 0, 0, 0, 0, 0, 0, 0, 0, 0, 0, 0, 0, 0, 0, 0, 0, 0, 0, 0, 0, 0, 0, 0, 0, 0, 0, 0, 0, 0, 0, 0, 0, 0, 0, 0, 0, 0, 0, 0, 0, 0, 0, 0, 0, 0, 0, 0, 0, 0, 0, 0, 0, 0, 0, 0, 0, 0, 0, 0, 0, 0, 0, 0, 0, 0, 0, 0, 0, 0, : 1, 14, 22, 25, 14, 26, 2, 6, 18, 1, 3, 7, 2, 1, 24, 2, 1, 2, 1, 6, 17, 15, 4, 20, 1, 31, 2, 19, 26, 4, 8, 8, 31, 2, 8, 21, 6, 2, 27, 1, 8, 4, 3, 7, 2, 21, 22, 13, 1, 3, 17, 7, 4, 2, 19, 8, 2, 7, 35, 12, 10, 1, 4, 5, 2, 32, 15, 1, 7, 14, 1, 25, 1, 5, 6, 27, 5, 8, 2, 7, 26, 6, 17, 18, 1, 4, 30, 9, 6, 4, 13, 4, 3, 4, 2, 1, 4, 13, 1, 15, 1, 1, 5, 18, 2, 31, 13, 2, 9, 5, 
7: 1, 5, 1, 12, 1, 5, 24, 6, 3, 3, 6, 2, 16, 10, 8, 2, 3, 3, 20, 1, 2, 7, 3, 3, 1, 2, 14, 1, 4, 13, 2, 3, 12, 14, 4, 4, 1, 8, 6, 1, 1, 7, 8, 12, 16, 4, 6, 9, 3, 6, 9, 3, 3, 20, 13, 12, 8, 6, 18, 9, 15, 1, 2, 17, 12, 8, 10, 3, 3, 1, 19, 12, 16, 1, 2, 14, 8, 5, 2, 2, 1, 4, 21, 12, 1, 12, 5, 8, 4, 4, 19, 3, 3, 15, 20, 3, 2, 3, 6, 18, 11, 2, 13, 3, 15, 0, 0, 0, 0, 0, 0, 0, 0, 0, 0, 0, 0, 0, 0, 0, 0, 0, 0, 0, 0, 0, 0, 0, 0, 0, 0, 0, 0, 0, 0, 0, 0, 0, 0, 0, 0, 0, 0, 0, 0, 0, 0, 0, 0, 0, 0, 0, 0, 0, 0, 0, 0, 0, 0, 0, 0, 0, 0, 0, 0, 0, 0, 0, 0, 0, 0, 0, 0, 0, 0, 0, 0, 0, 0, 0, 0, 0, 0, 0, 0, 0, 0, 0, 0, 0, 0, 0, 0, 0, 0, 0, 0, 0, 0, 0, : 1, 5, 1, 12, 1, 5, 24, 6, 3, 3, 6, 2, 16, 10, 8, 2, 3, 3, 20, 1, 2, 7, 3, 3, 1, 2, 14, 1, 4, 13, 2, 3, 12, 14, 4, 4, 1, 8, 6, 1, 1, 7, 8, 12, 16, 4, 6, 9, 3, 6, 9, 3, 3, 20, 13, 12, 8, 6, 18, 9, 15, 1, 2, 17, 12, 8, 10, 3, 3, 1, 19, 12, 16, 1, 2, 14, 8, 5, 2, 2, 1, 4, 21, 12, 1, 12, 5, 8, 4, 4, 19, 3, 3, 15, 20, 3, 2, 3, 6, 18, 11, 2, 13, 3, 15, 
8: 7, 2, 33, 9, 8, 4, 8, 7, 1, 9, 10, 27, 16, 5, 1, 12, 7, 2, 2, 8, 33, 2, 9, 2, 30, 17, 2, 2, 25, 6, 21, 5, 1, 13, 3, 33, 1, 36, 13, 6, 1, 1, 4, 28, 2, 2, 12, 16, 11, 1, 5, 2, 12, 36, 4, 12, 15, 11, 12, 11, 2, 1, 2, 3, 18, 3, 25, 3, 17, 3, 10, 3, 1, 7, 15, 1, 3, 3, 7, 1, 31, 33, 9, 2, 12, 2, 1, 16, 5, 15, 7, 2, 5, 0, 0, 0, 0, 0, 0, 0, 0, 0, 0, 0, 0, 0, 0, 0, 0, 0, 0, 0, 0, 0, 0, 0, 0, 0, 0, 0, 0, 0, 0, 0, 0, 0, 0, 0, 0, 0, 0, 0, 0, 0, 0, 0, 0, 0, 0, 0, 0, 0, 0, 0, 0, 0, 0, 0, 0, 0, 0, 0, 0, 0, 0, 0, 0, 0, 0, 0, 0, 0, 0, 0, 0, 0, 0, 0, 0, 0, 0, 0, 0, 0, 0, 0, 0, 0, 0, 0, 0, 0, 0, 0, 0, 0, 0, 0, 0, 0, 0, 0, 0, 0, 0, 0, 0, 0, 0, 0, : 7, 2, 33, 9, 8, 4, 8, 7, 1, 9, 10, 27, 16, 5, 1, 12, 7, 2, 2, 8, 33, 2, 9, 2, 30, 17, 2, 2, 25, 6, 21, 5, 1, 13, 3, 33, 1, 36, 13, 6, 1, 1, 4, 28, 2, 2, 12, 16, 11, 1, 5, 2, 12, 36, 4, 12, 15, 11, 12, 11, 2, 1, 2, 3, 18, 3, 25, 3, 17, 3, 10, 3, 1, 7, 15, 1, 3, 3, 7, 1, 31, 33, 9, 2, 12, 2, 1, 16, 5, 15, 7, 2, 5, 
9: 10, 4, 2, 3, 25, 1, 13, 1, 1, 12, 4, 17, 8, 10, 11, 5, 1, 22, 31, 8, 3, 3, 32, 20, 10, 2, 17, 4, 2, 5, 24, 11, 12, 2, 4, 8, 16, 1, 20, 24, 6, 2, 21, 2, 3, 10, 1, 9, 6, 2, 13, 3, 1, 2, 4, 1, 14, 17, 15, 6, 2, 2, 1, 1, 13, 3, 6, 2, 30, 6, 30, 14, 14, 1, 4, 4, 9, 5, 2, 1, 2, 8, 8, 2, 23, 3, 2, 7, 4, 8, 32, 6, 11, 4, 4, 6, 5, 6, 2, 8, 5, 16, 5, 11, 35, 2, 0, 0, 0, 0, 0, 0, 0, 0, 0, 0, 0, 0, 0, 0, 0, 0, 0, 0, 0, 0, 0, 0, 0, 0, 0, 0, 0, 0, 0, 0, 0, 0, 0, 0, 0, 0, 0, 0, 0, 0, 0, 0, 0, 0, 0, 0, 0, 0, 0, 0, 0, 0, 0, 0, 0, 0, 0, 0, 0, 0, 0, 0, 0, 0, 0, 0, 0, 0, 0, 0, 0, 0, 0, 0, 0, 0, 0, 0, 0, 0, 0, 0, 0, 0, 0, 0, 0, 0, 0, 0, 0, 0, 0, 0, : 10, 4, 2, 3, 25, 1, 13, 1, 1, 12, 4, 17, 8, 10, 11, 5, 1, 22, 31, 8, 3, 3, 32, 20, 10, 2, 17, 4, 2, 5, 24, 11, 12, 2, 4, 8, 16, 1, 20, 24, 6, 2, 21, 2, 3, 10, 1, 9, 6, 2, 13, 3, 1, 2, 4, 1, 14, 17, 15, 6, 2, 2, 1, 1, 13, 3, 6, 2, 30, 6, 30, 14, 14, 1, 4, 4, 9, 5, 2, 1, 2, 8, 8, 2, 23, 3, 2, 7, 4, 8, 32, 6, 11, 4, 4, 6, 5, 6, 2, 8, 5, 16, 5, 11, 35, 2, 
10: 7, 5, 2, 8, 6, 12, 16, 2, 13, 7, 2, 5, 6, 4, 17, 9, 6, 10, 2, 3, 1, 4, 3, 21, 1, 1, 6, 7, 12, 22, 15, 11, 16, 9, 3, 8, 5, 4, 6, 24, 6, 3, 5, 1, 1, 4, 4, 1, 10, 5, 4, 7, 6, 12, 16, 10, 18, 4, 6, 2, 6, 22, 16, 12, 6, 9, 1, 14, 17, 9, 5, 19, 8, 2, 0, 0, 0, 0, 0, 0, 0, 0, 0, 0, 0, 0, 0, 0, 0, 0, 0, 0, 0, 0, 0, 0, 0, 0, 0, 0, 0, 0, 0, 0, 0, 0, 0, 0, 0, 0, 0, 0, 0, 0, 0, 0, 0, 0, 0, 0, 0, 0, 0, 0, 0, 0, 0, 0, 0, 0, 0, 0, 0, 0, 0, 0, 0, 0, 0, 0, 0, 0, 0, 0, 0, 0, 0, 0, 0, 0, 0, 0, 0, 0, 0, 0, 0, 0, 0, 0, 0, 0, 0, 0, 0, 0, 0, 0, 0, 0, 0, 0, 0, 0, 0, 0, 0, 0, 0, 0, 0, 0, 0, 0, 0, 0, 0, 0, 0, 0, 0, 0, 0, 0, 0, 0, 0, 0, 0, 0, : 7, 5, 2, 8, 6, 12, 16, 2, 13, 7, 2, 5, 6, 4, 17, 9, 6, 10, 2, 3, 1, 4, 3, 21, 1, 1, 6, 7, 12, 22, 15, 11, 16, 9, 3, 8, 5, 4, 6, 24, 6, 3, 5, 1, 1, 4, 4, 1, 10, 5, 4, 7, 6, 12, 16, 10, 18, 4, 6, 2, 6, 22, 16, 12, 6, 9, 1, 14, 17, 9, 5, 19, 8, 2, 
11: 1, 1, 6, 1, 15, 6, 5, 15, 1, 15, 9, 8, 5, 2, 12, 1, 3, 17, 13, 8, 31, 3, 4, 22, 1, 3, 8, 4, 8, 3, 10, 3, 33, 11, 7, 8, 3, 1, 26, 10, 6, 10, 16, 4, 22, 4, 3, 2, 6, 1, 11, 28, 13, 8, 6, 6, 4, 2, 5, 4, 8, 1, 8, 8, 6, 12, 1, 2, 3, 3, 14, 3, 8, 7, 1, 7, 9, 2, 6, 27, 10, 7, 3, 5, 14, 13, 11, 16, 11, 4, 1, 4, 3, 2, 1, 36, 1, 3, 13, 9, 2, 21, 1, 3, 1, 1, 7, 6, 3, 1, 1, 10, 11, 14, 2, 6, 4, 28, 4, 16, 4, 30, 37, 1, 1, 11, 32, 7, 0, 0, 0, 0, 0, 0, 0, 0, 0, 0, 0, 0, 0, 0, 0, 0, 0, 0, 0, 0, 0, 0, 0, 0, 0, 0, 0, 0, 0, 0, 0, 0, 0, 0, 0, 0, 0, 0, 0, 0, 0, 0, 0, 0, 0, 0, 0, 0, 0, 0, 0, 0, 0, 0, 0, 0, 0, 0, 0, 0, 0, 0, 0, 0, 0, 0, 0, 0, 0, 0, 0, 0, : 1, 1, 6, 1, 15, 6, 5, 15, 1, 15, 9, 8, 5, 2, 12, 1, 3, 17, 13, 8, 31, 3, 4, 22, 1, 3, 8, 4, 8, 3, 10, 3, 33, 11, 7, 8, 3, 1, 26, 10, 6, 10, 16, 4, 22, 4, 3, 2, 6, 1, 11, 28, 13, 8, 6, 6, 4, 2, 5, 4, 8, 1, 8, 8, 6, 12, 1, 2, 3, 3, 14, 3, 8, 7, 1, 7, 9, 2, 6, 27, 10, 7, 3, 5, 14, 13, 11, 16, 11, 4, 1, 4, 3, 2, 1, 36, 1, 3, 13, 9, 2, 21, 1, 3, 1, 1, 7, 6, 3, 1, 1, 10, 11, 14, 2, 6, 4, 28, 4, 16, 4, 30, 37, 1, 1, 11, 32, 7, 
12: 27, 10, 13, 13, 9, 16, 2, 8, 4, 9, 1, 21, 4, 10, 14, 7, 7, 13, 8, 20, 6, 12, 7, 10, 3, 1, 35, 1, 2, 2, 3, 6, 1, 1, 18, 7, 6, 1, 1, 1, 3, 4, 17, 1, 4, 3, 14, 4, 10, 5, 6, 2, 20, 2, 4, 9, 7, 11, 2, 13, 7, 3, 4, 16, 12, 7, 20, 8, 6, 8, 12, 6, 4, 7, 2, 25, 8, 10, 4, 2, 12, 2, 17, 3, 1, 1, 2, 2, 2, 28, 10, 3, 8, 11, 1, 27, 4, 3, 4, 20, 2, 7, 14, 5, 5, 4, 1, 1, 1, 1, 2, 1, 1, 5, 2, 0, 0, 0, 0, 0, 0, 0, 0, 0, 0, 0, 0, 0, 0, 0, 0, 0, 0, 0, 0, 0, 0, 0, 0, 0, 0, 0, 0, 0, 0, 0, 0, 0, 0, 0, 0, 0, 0, 0, 0, 0, 0, 0, 0, 0, 0, 0, 0, 0, 0, 0, 0, 0, 0, 0, 0, 0, 0, 0, 0, 0, 0, 0, 0, 0, 0, 0, 0, 0, 0, 0, 0, 0, 0, 0, 0, 0, 0, 0, 0, 0, 0, 0, 0, 0, : 27, 10, 13, 13, 9, 16, 2, 8, 4, 9, 1, 21, 4, 10, 14, 7, 7, 13, 8, 20, 6, 12, 7, 10, 3, 1, 35, 1, 2, 2, 3, 6, 1, 1, 18, 7, 6, 1, 1, 1, 3, 4, 17, 1, 4, 3, 14, 4, 10, 5, 6, 2, 20, 2, 4, 9, 7, 11, 2, 13, 7, 3, 4, 16, 12, 7, 20, 8, 6, 8, 12, 6, 4, 7, 2, 25, 8, 10, 4, 2, 12, 2, 17, 3, 1, 1, 2, 2, 2, 28, 10, 3, 8, 11, 1, 27, 4, 3, 4, 20, 2, 7, 14, 5, 5, 4, 1, 1, 1, 1, 2, 1, 1, 5, 2, 
13: 20, 2, 1, 6, 3, 1, 9, 10, 12, 5, 24, 1, 1, 26, 2, 1, 1, 4, 30, 2, 7, 8, 2, 4, 5, 2, 21, 3, 9, 12, 6, 15, 3, 1, 17, 1, 2, 6, 1, 7, 14, 6, 24, 1, 20, 4, 12, 4, 9, 9, 1, 15, 9, 1, 3, 2, 7, 13, 8, 20, 15, 23, 12, 13, 10, 14, 10, 14, 6, 3, 8, 6, 3, 1, 6, 1, 6, 2, 7, 7, 2, 2, 16, 5, 3, 2, 12, 6, 24, 1, 6, 6, 1, 9, 17, 19, 36, 30, 14, 9, 16, 1, 1, 8, 38, 8, 6, 0, 0, 0, 0, 0, 0, 0, 0, 0, 0, 0, 0, 0, 0, 0, 0, 0, 0, 0, 0, 0, 0, 0, 0, 0, 0, 0, 0, 0, 0, 0, 0, 0, 0, 0, 0, 0, 0, 0, 0, 0, 0, 0, 0, 0, 0, 0, 0, 0, 0, 0, 0, 0, 0, 0, 0, 0, 0, 0, 0, 0, 0, 0, 0, 0, 0, 0, 0, 0, 0, 0, 0, 0, 0, 0, 0, 0, 0, 0, 0, 0, 0, 0, 0, 0, 0, 0, 0, 0, 0, 0, 0, 0, : 20, 2, 1, 6, 3, 1, 9, 10, 12, 5, 24, 1, 1, 26, 2, 1, 1, 4, 30, 2, 7, 8, 2, 4, 5, 2, 21, 3, 9, 12, 6, 15, 3, 1, 17, 1, 2, 6, 1, 7, 14, 6, 24, 1, 20, 4, 12, 4, 9, 9, 1, 15, 9, 1, 3, 2, 7, 13, 8, 20, 15, 23, 12, 13, 10, 14, 10, 14, 6, 3, 8, 6, 3, 1, 6, 1, 6, 2, 7, 7, 2, 2, 16, 5, 3, 2, 12, 6, 24, 1, 6, 6, 1, 9, 17, 19, 36, 30, 14, 9, 16, 1, 1, 8, 38, 8, 6, 
14: 6, 3, 10, 3, 12, 1, 3, 2, 5, 1, 4, 1, 3, 7, 1, 9, 9, 1, 22, 2, 13, 1, 3, 9, 9, 2, 6, 3, 12, 1, 4, 12, 1, 2, 6, 12, 13, 18, 5, 11, 4, 3, 2, 2, 12, 4, 4, 18, 1, 35, 4, 15, 3, 30, 2, 3, 4, 2, 2, 4, 12, 30, 13, 4, 2, 8, 20, 15, 10, 2, 5, 1, 9, 1, 2, 6, 2, 2, 2, 23, 4, 1, 14, 1, 4, 4, 1, 14, 8, 3, 7, 2, 4, 8, 24, 31, 5, 6, 1, 17, 19, 12, 1, 2, 4, 2, 3, 5, 4, 14, 8, 10, 14, 3, 20, 1, 1, 9, 1, 7, 5, 2, 2, 19, 3, 1, 19, 2, 3, 3, 21, 0, 0, 0, 0, 0, 0, 0, 0, 0, 0, 0, 0, 0, 0, 0, 0, 0, 0, 0, 0, 0, 0, 0, 0, 0, 0, 0, 0, 0, 0, 0, 0, 0, 0, 0, 0, 0, 0, 0, 0, 0, 0, 0, 0, 0, 0, 0, 0, 0, 0, 0, 0, 0, 0, 0, 0, 0, 0, 0, 0, 0, 0, 0, 0, 0, 0, 0, 0, 0, : 6, 3, 10, 3, 12, 1, 3, 2, 5, 1, 4, 1, 3, 7, 1, 9, 9, 1, 22, 2, 13, 1, 3, 9, 9, 2, 6, 3, 12, 1, 4, 12, 1, 2, 6, 12, 13, 18, 5, 11, 4, 3, 2, 2, 12, 4, 4, 18, 1, 35, 4, 15, 3, 30, 2, 3, 4, 2, 2, 4, 12, 30, 13, 4, 2, 8, 20, 15, 10, 2, 5, 1, 9, 1, 2, 6, 2, 2, 2, 23, 4, 1, 14, 1, 4, 4, 1, 14, 8, 3, 7, 2, 4, 8, 24, 31, 5, 6, 1, 17, 19, 12, 1, 2, 4, 2, 3, 5, 4, 14, 8, 10, 14, 3, 20, 1, 1, 9, 1, 7, 5, 2, 2, 19, 3, 1, 19, 2, 3, 3, 21, 
15: 3, 7, 10, 4, 2, 25, 6, 5, 8, 1, 15, 3, 11, 11, 1, 20, 1, 3, 11, 30, 9, 4, 29, 2, 9, 7, 17, 5, 1, 1, 13, 5, 25, 13, 3, 23, 1, 23, 4, 9, 1, 10, 7, 2, 15, 1, 4, 2, 16, 1, 5, 1, 4, 15, 26, 8, 5, 11, 17, 1, 6, 23, 10, 2, 16, 3, 2, 3, 2, 1, 3, 18, 13, 15, 4, 0, 0, 0, 0, 0, 0, 0, 0, 0, 0, 0, 0, 0, 0, 0, 0, 0, 0, 0, 0, 0, 0, 0, 0, 0, 0, 0, 0, 0, 0, 0, 0, 0, 0, 0, 0, 0, 0, 0, 0, 0, 0, 0, 0, 0, 0, 0, 0, 0, 0, 0, 0, 0, 0, 0, 0, 0, 0, 0, 0, 0, 0, 0, 0, 0, 0, 0, 0, 0, 0, 0, 0, 0, 0, 0, 0, 0, 0, 0, 0, 0, 0, 0, 0, 0, 0, 0, 0, 0, 0, 0, 0, 0, 0, 0, 0, 0, 0, 0, 0, 0, 0, 0, 0, 0, 0, 0, 0, 0, 0, 0, 0, 0, 0, 0, 0, 0, 0, 0, 0, 0, 0, 0, 0, 0, : 3, 7, 10, 4, 2, 25, 6, 5, 8, 1, 15, 3, 11, 11, 1, 20, 1, 3, 11, 30, 9, 4, 29, 2, 9, 7, 17, 5, 1, 1, 13, 5, 25, 13, 3, 23, 1, 23, 4, 9, 1, 10, 7, 2, 15, 1, 4, 2, 16, 1, 5, 1, 4, 15, 26, 8, 5, 11, 17, 1, 6, 23, 10, 2, 16, 3, 2, 3, 2, 1, 3, 18, 13, 15, 4, 
16: 3, 8, 8, 3, 23, 3, 5, 33, 5, 3, 4, 10, 14, 25, 12, 5, 3, 9, 1, 35, 1, 20, 10, 12, 2, 34, 2, 8, 8, 1, 12, 9, 11, 3, 5, 8, 1, 20, 27, 1, 26, 14, 13, 6, 1, 5, 21, 10, 4, 8, 13, 23, 1, 4, 2, 2, 8, 3, 2, 11, 10, 23, 29, 7, 7, 5, 1, 7, 6, 19, 7, 27, 7, 2, 1, 6, 2, 18, 3, 10, 1, 22, 1, 5, 3, 9, 6, 3, 1, 6, 9, 2, 4, 1, 3, 1, 6, 9, 2, 8, 28, 3, 24, 6, 15, 2, 5, 12, 27, 23, 18, 14, 5, 2, 7, 5, 7, 0, 0, 0, 0, 0, 0, 0, 0, 0, 0, 0, 0, 0, 0, 0, 0, 0, 0, 0, 0, 0, 0, 0, 0, 0, 0, 0, 0, 0, 0, 0, 0, 0, 0, 0, 0, 0, 0, 0, 0, 0, 0, 0, 0, 0, 0, 0, 0, 0, 0, 0, 0, 0, 0, 0, 0, 0, 0, 0, 0, 0, 0, 0, 0, 0, 0, 0, 0, 0, 0, 0, 0, 0, 0, 0, 0, 0, 0, 0, 0, 0, 0, 0, : 3, 8, 8, 3, 23, 3, 5, 33, 5, 3, 4, 10, 14, 25, 12, 5, 3, 9, 1, 35, 1, 20, 10, 12, 2, 34, 2, 8, 8, 1, 12, 9, 11, 3, 5, 8, 1, 20, 27, 1, 26, 14, 13, 6, 1, 5, 21, 10, 4, 8, 13, 23, 1, 4, 2, 2, 8, 3, 2, 11, 10, 23, 29, 7, 7, 5, 1, 7, 6, 19, 7, 27, 7, 2, 1, 6, 2, 18, 3, 10, 1, 22, 1, 5, 3, 9, 6, 3, 1, 6, 9, 2, 4, 1, 3, 1, 6, 9, 2, 8, 28, 3, 24, 6, 15, 2, 5, 12, 27, 23, 18, 14, 5, 2, 7, 5, 7, 
17: 8, 2, 18, 10, 10, 1, 10, 2, 10, 1, 2, 4, 20, 6, 8, 1, 2, 1, 5, 1, 3, 10, 1, 8, 1, 1, 2, 7, 2, 1, 10, 1, 2, 5, 15, 3, 1, 7, 6, 1, 7, 5, 11, 9, 6, 3, 3, 1, 3, 11, 6, 5, 2, 3, 12, 6, 7, 11, 2, 8, 14, 33, 1, 33, 18, 1, 10, 4, 10, 2, 2, 14, 3, 1, 11, 5, 11, 10, 16, 3, 3, 13, 2, 10, 2, 2, 13, 1, 14, 12, 2, 1, 13, 4, 3, 3, 18, 13, 18, 11, 4, 2, 13, 24, 3, 5, 0, 0, 0, 0, 0, 0, 0, 0, 0, 0, 0, 0, 0, 0, 0, 0, 0, 0, 0, 0, 0, 0, 0, 0, 0, 0, 0, 0, 0, 0, 0, 0, 0, 0, 0, 0, 0, 0, 0, 0, 0, 0, 0, 0, 0, 0, 0, 0, 0, 0, 0, 0, 0, 0, 0, 0, 0, 0, 0, 0, 0, 0, 0, 0, 0, 0, 0, 0, 0, 0, 0, 0, 0, 0, 0, 0, 0, 0, 0, 0, 0, 0, 0, 0, 0, 0, 0, 0, 0, 0, 0, 0, 0, 0, : 8, 2, 18, 10, 10, 1, 10, 2, 10, 1, 2, 4, 20, 6, 8, 1, 2, 1, 5, 1, 3, 10, 1, 8, 1, 1, 2, 7, 2, 1, 10, 1, 2, 5, 15, 3, 1, 7, 6, 1, 7, 5, 11, 9, 6, 3, 3, 1, 3, 11, 6, 5, 2, 3, 12, 6, 7, 11, 2, 8, 14, 33, 1, 33, 18, 1, 10, 4, 10, 2, 2, 14, 3, 1, 11, 5, 11, 10, 16, 3, 3, 13, 2, 10, 2, 2, 13, 1, 14, 12, 2, 1, 13, 4, 3, 3, 18, 13, 18, 11, 4, 2, 13, 24, 3, 5, 
18: 14, 3, 15, 10, 15, 3, 3, 9, 5, 2, 4, 2, 30, 19, 6, 14, 12, 20, 2, 5, 1, 1, 13, 9, 1, 13, 9, 1, 8, 10, 23, 10, 12, 14, 6, 14, 1, 17, 4, 1, 1, 16, 1, 3, 6, 26, 7, 11, 2, 6, 10, 9, 2, 15, 1, 16, 5, 17, 2, 1, 1, 1, 4, 14, 7, 7, 1, 31, 20, 2, 10, 2, 15, 20, 1, 4, 7, 10, 2, 16, 2, 1, 2, 6, 12, 14, 6, 24, 25, 11, 16, 8, 9, 1, 1, 10, 10, 11, 29, 14, 4, 8, 3, 11, 3, 6, 13, 21, 17, 20, 38, 3, 5, 11, 1, 4, 8, 1, 1, 5, 1, 3, 12, 1, 24, 1, 11, 1, 9, 10, 2, 1, 5, 6, 5, 11, 6, 3, 13, 22, 0, 0, 0, 0, 0, 0, 0, 0, 0, 0, 0, 0, 0, 0, 0, 0, 0, 0, 0, 0, 0, 0, 0, 0, 0, 0, 0, 0, 0, 0, 0, 0, 0, 0, 0, 0, 0, 0, 0, 0, 0, 0, 0, 0, 0, 0, 0, 0, 0, 0, 0, 0, 0, 0, 0, 0, 0, 0, 0, 0, : 14, 3, 15, 10, 15, 3, 3, 9, 5, 2, 4, 2, 30, 19, 6, 14, 12, 20, 2, 5, 1, 1, 13, 9, 1, 13, 9, 1, 8, 10, 23, 10, 12, 14, 6, 14, 1, 17, 4, 1, 1, 16, 1, 3, 6, 26, 7, 11, 2, 6, 10, 9, 2, 15, 1, 16, 5, 17, 2, 1, 1, 1, 4, 14, 7, 7, 1, 31, 20, 2, 10, 2, 15, 20, 1, 4, 7, 10, 2, 16, 2, 1, 2, 6, 12, 14, 6, 24, 25, 11, 16, 8, 9, 1, 1, 10, 10, 11, 29, 14, 4, 8, 3, 11, 3, 6, 13, 21, 17, 20, 38, 3, 5, 11, 1, 4, 8, 1, 1, 5, 1, 3, 12, 1, 24, 1, 11, 1, 9, 10, 2, 1, 5, 6, 5, 11, 6, 3, 13, 22, 
19: 3, 4, 1, 2, 4, 4, 1, 37, 2, 1, 7, 15, 1, 2, 2, 9, 8, 4, 3, 3, 15, 3, 1, 4, 17, 5, 1, 3, 6, 14, 6, 3, 4, 8, 2, 7, 26, 8, 10, 5, 2, 12, 13, 25, 21, 2, 1, 24, 6, 2, 5, 6, 6, 9, 8, 1, 5, 4, 10, 9, 6, 7, 3, 2, 3, 4, 12, 10, 4, 2, 11, 3, 17, 22, 9, 2, 6, 5, 1, 10, 6, 13, 1, 7, 1, 17, 1, 28, 29, 0, 0, 0, 0, 0, 0, 0, 0, 0, 0, 0, 0, 0, 0, 0, 0, 0, 0, 0, 0, 0, 0, 0, 0, 0, 0, 0, 0, 0, 0, 0, 0, 0, 0, 0, 0, 0, 0, 0, 0, 0, 0, 0, 0, 0, 0, 0, 0, 0, 0, 0, 0, 0, 0, 0, 0, 0, 0, 0, 0, 0, 0, 0, 0, 0, 0, 0, 0, 0, 0, 0, 0, 0, 0, 0, 0, 0, 0, 0, 0, 0, 0, 0, 0, 0, 0, 0, 0, 0, 0, 0, 0, 0, 0, 0, 0, 0, 0, 0, 0, 0, 0, 0, 0, 0, 0, 0, 0, 0, 0, 0, : 3, 4, 1, 2, 4, 4, 1, 37, 2, 1, 7, 15, 1, 2, 2, 9, 8, 4, 3, 3, 15, 3, 1, 4, 17, 5, 1, 3, 6, 14, 6, 3, 4, 8, 2, 7, 26, 8, 10, 5, 2, 12, 13, 25, 21, 2, 1, 24, 6, 2, 5, 6, 6, 9, 8, 1, 5, 4, 10, 9, 6, 7, 3, 2, 3, 4, 12, 10, 4, 2, 11, 3, 17, 22, 9, 2, 6, 5, 1, 10, 6, 13, 1, 7, 1, 17, 1, 28, 29, 
20: 6, 25, 4, 35, 8, 11, 22, 1, 7, 6, 5, 13, 9, 2, 15, 1, 28, 4, 1, 1, 1, 28, 7, 27, 9, 19, 2, 1, 5, 4, 13, 3, 22, 3, 16, 2, 2, 7, 5, 7, 1, 15, 5, 16, 10, 9, 9, 6, 2, 2, 1, 21, 14, 6, 6, 3, 3, 12, 11, 7, 1, 0, 0, 0, 0, 0, 0, 0, 0, 0, 0, 0, 0, 0, 0, 0, 0, 0, 0, 0, 0, 0, 0, 0, 0, 0, 0, 0, 0, 0, 0, 0, 0, 0, 0, 0, 0, 0, 0, 0, 0, 0, 0, 0, 0, 0, 0, 0, 0, 0, 0, 0, 0, 0, 0, 0, 0, 0, 0, 0, 0, 0, 0, 0, 0, 0, 0, 0, 0, 0, 0, 0, 0, 0, 0, 0, 0, 0, 0, 0, 0, 0, 0, 0, 0, 0, 0, 0, 0, 0, 0, 0, 0, 0, 0, 0, 0, 0, 0, 0, 0, 0, 0, 0, 0, 0, 0, 0, 0, 0, 0, 0, 0, 0, 0, 0, 0, 0, 0, 0, 0, 0, 0, 0, 0, 0, 0, 0, 0, 0, 0, 0, 0, 0, 0, 0, 0, 0, 0, 0, : 6, 25, 4, 35, 8, 11, 22, 1, 7, 6, 5, 13, 9, 2, 15, 1, 28, 4, 1, 1, 1, 28, 7, 27, 9, 19, 2, 1, 5, 4, 13, 3, 22, 3, 16, 2, 2, 7, 5, 7, 1, 15, 5, 16, 10, 9, 9, 6, 2, 2, 1, 21, 14, 6, 6, 3, 3, 12, 11, 7, 1, 
21: 5, 11, 4, 3, 6, 8, 3, 3, 1, 4, 4, 8, 9, 2, 3, 1, 3, 2, 23, 1, 14, 11, 5, 5, 11, 4, 14, 29, 2, 5, 3, 12, 18, 4, 1, 5, 22, 14, 6, 7, 6, 1, 1, 14, 10, 12, 1, 3, 2, 20, 2, 3, 6, 8, 2, 1, 8, 37, 1, 1, 20, 11, 13, 2, 16, 20, 7, 3, 11, 15, 4, 17, 8, 1, 8, 0, 0, 0, 0, 0, 0, 0, 0, 0, 0, 0, 0, 0, 0, 0, 0, 0, 0, 0, 0, 0, 0, 0, 0, 0, 0, 0, 0, 0, 0, 0, 0, 0, 0, 0, 0, 0, 0, 0, 0, 0, 0, 0, 0, 0, 0, 0, 0, 0, 0, 0, 0, 0, 0, 0, 0, 0, 0, 0, 0, 0, 0, 0, 0, 0, 0, 0, 0, 0, 0, 0, 0, 0, 0, 0, 0, 0, 0, 0, 0, 0, 0, 0, 0, 0, 0, 0, 0, 0, 0, 0, 0, 0, 0, 0, 0, 0, 0, 0, 0, 0, 0, 0, 0, 0, 0, 0, 0, 0, 0, 0, 0, 0, 0, 0, 0, 0, 0, 0, 0, 0, 0, 0, 0, 0, : 5, 11, 4, 3, 6, 8, 3, 3, 1, 4, 4, 8, 9, 2, 3, 1, 3, 2, 23, 1, 14, 11, 5, 5, 11, 4, 14, 29, 2, 5, 3, 12, 18, 4, 1, 5, 22, 14, 6, 7, 6, 1, 1, 14, 10, 12, 1, 3, 2, 20, 2, 3, 6, 8, 2, 1, 8, 37, 1, 1, 20, 11, 13, 2, 16, 20, 7, 3, 11, 15, 4, 17, 8, 1, 8, 
22: 11, 2, 1, 21, 1, 17, 2, 1, 7, 1, 10, 11, 8, 14, 20, 3, 16, 5, 19, 2, 4, 27, 9, 25, 26, 5, 1, 1, 3, 2, 17, 7, 2, 15, 4, 9, 3, 7, 13, 4, 8, 12, 20, 7, 4, 1, 7, 15, 4, 7, 3, 32, 2, 19, 1, 15, 4, 26, 10, 3, 4, 7, 6, 3, 19, 1, 1, 21, 16, 4, 12, 4, 1, 1, 3, 6, 7, 23, 3, 1, 2, 1, 1, 16, 21, 9, 2, 7, 2, 8, 8, 4, 10, 19, 1, 5, 23, 1, 7, 1, 3, 2, 2, 5, 19, 15, 3, 7, 14, 26, 15, 4, 2, 25, 1, 6, 4, 7, 5, 0, 0, 0, 0, 0, 0, 0, 0, 0, 0, 0, 0, 0, 0, 0, 0, 0, 0, 0, 0, 0, 0, 0, 0, 0, 0, 0, 0, 0, 0, 0, 0, 0, 0, 0, 0, 0, 0, 0, 0, 0, 0, 0, 0, 0, 0, 0, 0, 0, 0, 0, 0, 0, 0, 0, 0, 0, 0, 0, 0, 0, 0, 0, 0, 0, 0, 0, 0, 0, 0, 0, 0, 0, 0, 0, 0, 0, 0, 0, 0, 0, : 11, 2, 1, 21, 1, 17, 2, 1, 7, 1, 10, 11, 8, 14, 20, 3, 16, 5, 19, 2, 4, 27, 9, 25, 26, 5, 1, 1, 3, 2, 17, 7, 2, 15, 4, 9, 3, 7, 13, 4, 8, 12, 20, 7, 4, 1, 7, 15, 4, 7, 3, 32, 2, 19, 1, 15, 4, 26, 10, 3, 4, 7, 6, 3, 19, 1, 1, 21, 16, 4, 12, 4, 1, 1, 3, 6, 7, 23, 3, 1, 2, 1, 1, 16, 21, 9, 2, 7, 2, 8, 8, 4, 10, 19, 1, 5, 23, 1, 7, 1, 3, 2, 2, 5, 19, 15, 3, 7, 14, 26, 15, 4, 2, 25, 1, 6, 4, 7, 5, 
23: 6, 15, 1, 17, 3, 7, 18, 1, 11, 2, 10, 1, 4, 10, 16, 1, 1, 13, 26, 4, 3, 8, 12, 21, 7, 3, 1, 22, 3, 2, 13, 5, 3, 12, 19, 3, 3, 6, 5, 1, 4, 2, 16, 8, 8, 7, 1, 13, 17, 7, 8, 10, 4, 13, 18, 7, 12, 13, 1, 2, 14, 11, 8, 17, 8, 1, 4, 21, 5, 14, 10, 4, 5, 2, 8, 21, 1, 1, 3, 31, 3, 2, 5, 7, 22, 2, 2, 4, 4, 7, 3, 2, 11, 1, 10, 3, 11, 2, 7, 18, 1, 3, 5, 7, 1, 5, 5, 25, 2, 1, 24, 12, 4, 9, 4, 6, 7, 3, 0, 0, 0, 0, 0, 0, 0, 0, 0, 0, 0, 0, 0, 0, 0, 0, 0, 0, 0, 0, 0, 0, 0, 0, 0, 0, 0, 0, 0, 0, 0, 0, 0, 0, 0, 0, 0, 0, 0, 0, 0, 0, 0, 0, 0, 0, 0, 0, 0, 0, 0, 0, 0, 0, 0, 0, 0, 0, 0, 0, 0, 0, 0, 0, 0, 0, 0, 0, 0, 0, 0, 0, 0, 0, 0, 0, 0, 0, 0, 0, 0, 0, : 6, 15, 1, 17, 3, 7, 18, 1, 11, 2, 10, 1, 4, 10, 16, 1, 1, 13, 26, 4, 3, 8, 12, 21, 7, 3, 1, 22, 3, 2, 13, 5, 3, 12, 19, 3, 3, 6, 5, 1, 4, 2, 16, 8, 8, 7, 1, 13, 17, 7, 8, 10, 4, 13, 18, 7, 12, 13, 1, 2, 14, 11, 8, 17, 8, 1, 4, 21, 5, 14, 10, 4, 5, 2, 8, 21, 1, 1, 3, 31, 3, 2, 5, 7, 22, 2, 2, 4, 4, 7, 3, 2, 11, 1, 10, 3, 11, 2, 7, 18, 1, 3, 5, 7, 1, 5, 5, 25, 2, 1, 24, 12, 4, 9, 4, 6, 7, 3, 
24: 18, 19, 5, 3, 25, 30, 16, 7, 1, 15, 14, 1, 19, 17, 2, 5, 6, 3, 1, 4, 7, 13, 1, 2, 3, 3, 1, 10, 4, 17, 3, 11, 12, 19, 3, 1, 16, 4, 18, 18, 7, 25, 9, 3, 1, 3, 1, 18, 2, 1, 11, 2, 2, 4, 12, 1, 2, 1, 13, 3, 17, 1, 1, 6, 13, 9, 1, 1, 1, 11, 18, 27, 1, 9, 1, 10, 3, 6, 39, 2, 9, 2, 7, 1, 16, 2, 6, 3, 4, 20, 20, 34, 8, 3, 0, 0, 0, 0, 0, 0, 0, 0, 0, 0, 0, 0, 0, 0, 0, 0, 0, 0, 0, 0, 0, 0, 0, 0, 0, 0, 0, 0, 0, 0, 0, 0, 0, 0, 0, 0, 0, 0, 0, 0, 0, 0, 0, 0, 0, 0, 0, 0, 0, 0, 0, 0, 0, 0, 0, 0, 0, 0, 0, 0, 0, 0, 0, 0, 0, 0, 0, 0, 0, 0, 0, 0, 0, 0, 0, 0, 0, 0, 0, 0, 0, 0, 0, 0, 0, 0, 0, 0, 0, 0, 0, 0, 0, 0, 0, 0, 0, 0, 0, 0, 0, 0, 0, 0, 0, 0, : 18, 19, 5, 3, 25, 30, 16, 7, 1, 15, 14, 1, 19, 17, 2, 5, 6, 3, 1, 4, 7, 13, 1, 2, 3, 3, 1, 10, 4, 17, 3, 11, 12, 19, 3, 1, 16, 4, 18, 18, 7, 25, 9, 3, 1, 3, 1, 18, 2, 1, 11, 2, 2, 4, 12, 1, 2, 1, 13, 3, 17, 1, 1, 6, 13, 9, 1, 1, 1, 11, 18, 27, 1, 9, 1, 10, 3, 6, 39, 2, 9, 2, 7, 1, 16, 2, 6, 3, 4, 20, 20, 34, 8, 3, 
25: 8, 21, 1, 1, 3, 19, 3, 1, 1, 2, 6, 2, 22, 2, 1, 18, 1, 2, 6, 2, 8, 7, 9, 2, 1, 5, 9, 4, 1, 19, 5, 16, 35, 28, 1, 2, 3, 4, 16, 4, 6, 2, 4, 3, 3, 1, 2, 1, 5, 1, 9, 11, 19, 7, 20, 3, 6, 15, 26, 2, 10, 1, 2, 16, 1, 1, 3, 2, 2, 9, 21, 4, 32, 12, 14, 18, 3, 17, 6, 1, 7, 18, 31, 1, 2, 1, 1, 4, 5, 1, 3, 4, 14, 9, 14, 14, 10, 27, 9, 1, 21, 1, 3, 14, 5, 3, 1, 4, 6, 2, 9, 6, 4, 5, 6, 17, 0, 0, 0, 0, 0, 0, 0, 0, 0, 0, 0, 0, 0, 0, 0, 0, 0, 0, 0, 0, 0, 0, 0, 0, 0, 0, 0, 0, 0, 0, 0, 0, 0, 0, 0, 0, 0, 0, 0, 0, 0, 0, 0, 0, 0, 0, 0, 0, 0, 0, 0, 0, 0, 0, 0, 0, 0, 0, 0, 0, 0, 0, 0, 0, 0, 0, 0, 0, 0, 0, 0, 0, 0, 0, 0, 0, 0, 0, 0, 0, 0, 0, 0, 0, : 8, 21, 1, 1, 3, 19, 3, 1, 1, 2, 6, 2, 22, 2, 1, 18, 1, 2, 6, 2, 8, 7, 9, 2, 1, 5, 9, 4, 1, 19, 5, 16, 35, 28, 1, 2, 3, 4, 16, 4, 6, 2, 4, 3, 3, 1, 2, 1, 5, 1, 9, 11, 19, 7, 20, 3, 6, 15, 26, 2, 10, 1, 2, 16, 1, 1, 3, 2, 2, 9, 21, 4, 32, 12, 14, 18, 3, 17, 6, 1, 7, 18, 31, 1, 2, 1, 1, 4, 5, 1, 3, 4, 14, 9, 14, 14, 10, 27, 9, 1, 21, 1, 3, 14, 5, 3, 1, 4, 6, 2, 9, 6, 4, 5, 6, 17, 
26: 2, 22, 3, 2, 6, 24, 3, 6, 4, 2, 17, 10, 9, 7, 4, 3, 17, 15, 1, 8, 10, 2, 2, 8, 8, 4, 6, 3, 23, 10, 4, 2, 2, 14, 5, 1, 6, 4, 1, 4, 15, 10, 16, 3, 11, 3, 21, 20, 21, 8, 4, 7, 1, 8, 8, 12, 22, 3, 3, 9, 1, 1, 1, 13, 4, 2, 4, 4, 10, 1, 1, 24, 4, 2, 1, 11, 5, 1, 1, 4, 11, 11, 3, 5, 5, 3, 13, 2, 2, 4, 20, 17, 12, 4, 3, 12, 20, 13, 5, 1, 11, 5, 32, 24, 7, 8, 16, 6, 16, 3, 5, 14, 2, 16, 11, 1, 1, 6, 5, 5, 1, 11, 20, 9, 1, 8, 6, 1, 1, 17, 2, 12, 1, 4, 1, 17, 11, 31, 8, 3, 2, 14, 1, 6, 3, 2, 7, 8, 9, 7, 24, 13, 10, 0, 0, 0, 0, 0, 0, 0, 0, 0, 0, 0, 0, 0, 0, 0, 0, 0, 0, 0, 0, 0, 0, 0, 0, 0, 0, 0, 0, 0, 0, 0, 0, 0, 0, 0, 0, 0, 0, 0, 0, 0, 0, 0, 0, 0, 0, 0, : 2, 22, 3, 2, 6, 24, 3, 6, 4, 2, 17, 10, 9, 7, 4, 3, 17, 15, 1, 8, 10, 2, 2, 8, 8, 4, 6, 3, 23, 10, 4, 2, 2, 14, 5, 1, 6, 4, 1, 4, 15, 10, 16, 3, 11, 3, 21, 20, 21, 8, 4, 7, 1, 8, 8, 12, 22, 3, 3, 9, 1, 1, 1, 13, 4, 2, 4, 4, 10, 1, 1, 24, 4, 2, 1, 11, 5, 1, 1, 4, 11, 11, 3, 5, 5, 3, 13, 2, 2, 4, 20, 17, 12, 4, 3, 12, 20, 13, 5, 1, 11, 5, 32, 24, 7, 8, 16, 6, 16, 3, 5, 14, 2, 16, 11, 1, 1, 6, 5, 5, 1, 11, 20, 9, 1, 8, 6, 1, 1, 17, 2, 12, 1, 4, 1, 17, 11, 31, 8, 3, 2, 14, 1, 6, 3, 2, 7, 8, 9, 7, 24, 13, 10, 
27: 3, 14, 10, 3, 24, 6, 8, 3, 2, 1, 10, 5, 6, 6, 2, 5, 1, 3, 7, 5, 2, 12, 1, 2, 1, 1, 8, 12, 4, 25, 1, 24, 15, 19, 4, 8, 18, 3, 29, 12, 2, 4, 9, 17, 4, 3, 1, 5, 21, 3, 24, 6, 14, 4, 27, 9, 7, 2, 2, 21, 11, 4, 1, 15, 14, 7, 10, 11, 9, 2, 2, 21, 1, 14, 6, 1, 1, 5, 5, 2, 9, 2, 3, 2, 1, 15, 1, 9, 17, 6, 5, 8, 10, 1, 11, 4, 8, 5, 9, 12, 1, 33, 1, 14, 1, 2, 12, 18, 27, 19, 20, 15, 1, 17, 6, 17, 0, 0, 0, 0, 0, 0, 0, 0, 0, 0, 0, 0, 0, 0, 0, 0, 0, 0, 0, 0, 0, 0, 0, 0, 0, 0, 0, 0, 0, 0, 0, 0, 0, 0, 0, 0, 0, 0, 0, 0, 0, 0, 0, 0, 0, 0, 0, 0, 0, 0, 0, 0, 0, 0, 0, 0, 0, 0, 0, 0, 0, 0, 0, 0, 0, 0, 0, 0, 0, 0, 0, 0, 0, 0, 0, 0, 0, 0, 0, 0, 0, 0, 0, 0, : 3, 14, 10, 3, 24, 6, 8, 3, 2, 1, 10, 5, 6, 6, 2, 5, 1, 3, 7, 5, 2, 12, 1, 2, 1, 1, 8, 12, 4, 25, 1, 24, 15, 19, 4, 8, 18, 3, 29, 12, 2, 4, 9, 17, 4, 3, 1, 5, 21, 3, 24, 6, 14, 4, 27, 9, 7, 2, 2, 21, 11, 4, 1, 15, 14, 7, 10, 11, 9, 2, 2, 21, 1, 14, 6, 1, 1, 5, 5, 2, 9, 2, 3, 2, 1, 15, 1, 9, 17, 6, 5, 8, 10, 1, 11, 4, 8, 5, 9, 12, 1, 33, 1, 14, 1, 2, 12, 18, 27, 19, 20, 15, 1, 17, 6, 17, 
28: 1, 3, 21, 21, 16, 2, 1, 3, 2, 6, 4, 5, 17, 8, 4, 8, 23, 24, 15, 1, 3, 2, 5, 1, 4, 4, 1, 1, 15, 6, 3, 2, 30, 13, 2, 35, 2, 15, 1, 10, 5, 11, 22, 1, 22, 7, 5, 2, 15, 4, 1, 6, 6, 25, 4, 5, 16, 20, 1, 27, 1, 1, 1, 14, 9, 1, 3, 9, 9, 2, 4, 9, 2, 9, 9, 2, 2, 1, 4, 1, 17, 22, 6, 3, 3, 2, 1, 1, 13, 11, 14, 10, 5, 16, 12, 5, 15, 11, 8, 17, 33, 1, 13, 17, 2, 1, 2, 5, 11, 7, 0, 0, 0, 0, 0, 0, 0, 0, 0, 0, 0, 0, 0, 0, 0, 0, 0, 0, 0, 0, 0, 0, 0, 0, 0, 0, 0, 0, 0, 0, 0, 0, 0, 0, 0, 0, 0, 0, 0, 0, 0, 0, 0, 0, 0, 0, 0, 0, 0, 0, 0, 0, 0, 0, 0, 0, 0, 0, 0, 0, 0, 0, 0, 0, 0, 0, 0, 0, 0, 0, 0, 0, 0, 0, 0, 0, 0, 0, 0, 0, 0, 0, 0, 0, 0, 0, 0, 0, 0, 0, : 1, 3, 21, 21, 16, 2, 1, 3, 2, 6, 4, 5, 17, 8, 4, 8, 23, 24, 15, 1, 3, 2, 5, 1, 4, 4, 1, 1, 15, 6, 3, 2, 30, 13, 2, 35, 2, 15, 1, 10, 5, 11, 22, 1, 22, 7, 5, 2, 15, 4, 1, 6, 6, 25, 4, 5, 16, 20, 1, 27, 1, 1, 1, 14, 9, 1, 3, 9, 9, 2, 4, 9, 2, 9, 9, 2, 2, 1, 4, 1, 17, 22, 6, 3, 3, 2, 1, 1, 13, 11, 14, 10, 5, 16, 12, 5, 15, 11, 8, 17, 33, 1, 13, 17, 2, 1, 2, 5, 11, 7, 
29: 17, 17, 29, 7, 11, 12, 1, 3, 35, 14, 19, 1, 2, 5, 1, 22, 21, 6, 3, 8, 3, 1, 14, 17, 22, 2, 12, 3, 7, 1, 13, 3, 33, 13, 8, 1, 2, 5, 1, 6, 1, 16, 5, 6, 25, 4, 1, 18, 26, 11, 2, 11, 1, 5, 9, 11, 3, 12, 1, 3, 15, 6, 7, 4, 16, 7, 21, 2, 2, 1, 4, 8, 7, 1, 9, 5, 1, 15, 22, 1, 1, 1, 12, 3, 8, 1, 1, 6, 1, 6, 11, 3, 8, 21, 3, 2, 6, 5, 2, 0, 0, 0, 0, 0, 0, 0, 0, 0, 0, 0, 0, 0, 0, 0, 0, 0, 0, 0, 0, 0, 0, 0, 0, 0, 0, 0, 0, 0, 0, 0, 0, 0, 0, 0, 0, 0, 0, 0, 0, 0, 0, 0, 0, 0, 0, 0, 0, 0, 0, 0, 0, 0, 0, 0, 0, 0, 0, 0, 0, 0, 0, 0, 0, 0, 0, 0, 0, 0, 0, 0, 0, 0, 0, 0, 0, 0, 0, 0, 0, 0, 0, 0, 0, 0, 0, 0, 0, 0, 0, 0, 0, 0, 0, 0, 0, 0, 0, 0, 0, 0, : 17, 17, 29, 7, 11, 12, 1, 3, 35, 14, 19, 1, 2, 5, 1, 22, 21, 6, 3, 8, 3, 1, 14, 17, 22, 2, 12, 3, 7, 1, 13, 3, 33, 13, 8, 1, 2, 5, 1, 6, 1, 16, 5, 6, 25, 4, 1, 18, 26, 11, 2, 11, 1, 5, 9, 11, 3, 12, 1, 3, 15, 6, 7, 4, 16, 7, 21, 2, 2, 1, 4, 8, 7, 1, 9, 5, 1, 15, 22, 1, 1, 1, 12, 3, 8, 1, 1, 6, 1, 6, 11, 3, 8, 21, 3, 2, 6, 5, 2, 
30: 4, 23, 4, 4, 2, 1, 5, 4, 9, 13, 4, 14, 5, 10, 4, 18, 10, 13, 3, 3, 1, 1, 5, 1, 2, 1, 14, 19, 31, 3, 4, 3, 22, 2, 5, 21, 8, 10, 23, 9, 5, 5, 5, 14, 1, 2, 3, 2, 3, 18, 7, 7, 10, 32, 5, 11, 1, 9, 3, 25, 20, 3, 6, 4, 3, 16, 1, 7, 4, 7, 9, 14, 7, 1, 13, 5, 1, 7, 22, 1, 8, 5, 5, 13, 34, 28, 29, 1, 6, 5, 17, 3, 3, 16, 0, 0, 0, 0, 0, 0, 0, 0, 0, 0, 0, 0, 0, 0, 0, 0, 0, 0, 0, 0, 0, 0, 0, 0, 0, 0, 0, 0, 0, 0, 0, 0, 0, 0, 0, 0, 0, 0, 0, 0, 0, 0, 0, 0, 0, 0, 0, 0, 0, 0, 0, 0, 0, 0, 0, 0, 0, 0, 0, 0, 0, 0, 0, 0, 0, 0, 0, 0, 0, 0, 0, 0, 0, 0, 0, 0, 0, 0, 0, 0, 0, 0, 0, 0, 0, 0, 0, 0, 0, 0, 0, 0, 0, 0, 0, 0, 0, 0, 0, 0, 0, 0, 0, 0, 0, 0, : 4, 23, 4, 4, 2, 1, 5, 4, 9, 13, 4, 14, 5, 10, 4, 18, 10, 13, 3, 3, 1, 1, 5, 1, 2, 1, 14, 19, 31, 3, 4, 3, 22, 2, 5, 21, 8, 10, 23, 9, 5, 5, 5, 14, 1, 2, 3, 2, 3, 18, 7, 7, 10, 32, 5, 11, 1, 9, 3, 25, 20, 3, 6, 4, 3, 16, 1, 7, 4, 7, 9, 14, 7, 1, 13, 5, 1, 7, 22, 1, 8, 5, 5, 13, 34, 28, 29, 1, 6, 5, 17, 3, 3, 16, 
31: 19, 18, 6, 30, 6, 2, 4, 1, 13, 9, 35, 16, 15, 5, 19, 35, 1, 7, 7, 8, 13, 13, 17, 18, 8, 10, 6, 5, 1, 36, 9, 11, 6, 2, 4, 5, 9, 3, 10, 2, 22, 4, 2, 8, 11, 19, 26, 13, 7, 33, 16, 8, 13, 25, 4, 1, 0, 0, 0, 0, 0, 0, 0, 0, 0, 0, 0, 0, 0, 0, 0, 0, 0, 0, 0, 0, 0, 0, 0, 0, 0, 0, 0, 0, 0, 0, 0, 0, 0, 0, 0, 0, 0, 0, 0, 0, 0, 0, 0, 0, 0, 0, 0, 0, 0, 0, 0, 0, 0, 0, 0, 0, 0, 0, 0, 0, 0, 0, 0, 0, 0, 0, 0, 0, 0, 0, 0, 0, 0, 0, 0, 0, 0, 0, 0, 0, 0, 0, 0, 0, 0, 0, 0, 0, 0, 0, 0, 0, 0, 0, 0, 0, 0, 0, 0, 0, 0, 0, 0, 0, 0, 0, 0, 0, 0, 0, 0, 0, 0, 0, 0, 0, 0, 0, 0, 0, 0, 0, 0, 0, 0, 0, 0, 0, 0, 0, 0, 0, 0, 0, 0, 0, 0, 0, 0, 0, 0, 0, 0, 0, : 19, 18, 6, 30, 6, 2, 4, 1, 13, 9, 35, 16, 15, 5, 19, 35, 1, 7, 7, 8, 13, 13, 17, 18, 8, 10, 6, 5, 1, 36, 9, 11, 6, 2, 4, 5, 9, 3, 10, 2, 22, 4, 2, 8, 11, 19, 26, 13, 7, 33, 16, 8, 13, 25, 4, 1, 
32: 8, 7, 2, 18, 2, 22, 6, 19, 2, 3, 2, 6, 3, 18, 17, 8, 8, 14, 9, 3, 9, 13, 7, 2, 5, 14, 3, 11, 4, 2, 6, 1, 11, 8, 2, 1, 11, 13, 30, 2, 4, 3, 4, 2, 12, 19, 29, 3, 1, 2, 1, 5, 4, 5, 5, 1, 3, 17, 2, 9, 7, 2, 8, 10, 1, 18, 5, 14, 12, 4, 9, 8, 23, 16, 16, 1, 3, 1, 28, 4, 5, 19, 2, 2, 2, 19, 5, 2, 5, 7, 2, 4, 8, 23, 1, 2, 21, 20, 13, 1, 6, 3, 3, 13, 6, 2, 6, 32, 1, 3, 4, 4, 2, 10, 10, 30, 11, 10, 4, 34, 4, 11, 1, 18, 2, 21, 3, 5, 7, 0, 0, 0, 0, 0, 0, 0, 0, 0, 0, 0, 0, 0, 0, 0, 0, 0, 0, 0, 0, 0, 0, 0, 0, 0, 0, 0, 0, 0, 0, 0, 0, 0, 0, 0, 0, 0, 0, 0, 0, 0, 0, 0, 0, 0, 0, 0, 0, 0, 0, 0, 0, 0, 0, 0, 0, 0, 0, 0, 0, 0, 0, 0, 0, 0, 0, 0, 0, 0, 0, 0, : 8, 7, 2, 18, 2, 22, 6, 19, 2, 3, 2, 6, 3, 18, 17, 8, 8, 14, 9, 3, 9, 13, 7, 2, 5, 14, 3, 11, 4, 2, 6, 1, 11, 8, 2, 1, 11, 13, 30, 2, 4, 3, 4, 2, 12, 19, 29, 3, 1, 2, 1, 5, 4, 5, 5, 1, 3, 17, 2, 9, 7, 2, 8, 10, 1, 18, 5, 14, 12, 4, 9, 8, 23, 16, 16, 1, 3, 1, 28, 4, 5, 19, 2, 2, 2, 19, 5, 2, 5, 7, 2, 4, 8, 23, 1, 2, 21, 20, 13, 1, 6, 3, 3, 13, 6, 2, 6, 32, 1, 3, 4, 4, 2, 10, 10, 30, 11, 10, 4, 34, 4, 11, 1, 18, 2, 21, 3, 5, 7, 
33: 9, 1, 19, 8, 2, 1, 18, 1, 3, 2, 8, 13, 1, 1, 24, 2, 7, 25, 12, 26, 18, 1, 19, 8, 3, 20, 2, 2, 17, 1, 1, 6, 6, 11, 1, 1, 6, 11, 7, 33, 8, 4, 18, 2, 10, 28, 3, 13, 9, 4, 14, 2, 1, 7, 23, 10, 9, 4, 5, 15, 7, 3, 6, 16, 7, 3, 1, 2, 24, 8, 24, 2, 3, 4, 2, 30, 5, 3, 5, 12, 1, 7, 4, 11, 1, 14, 8, 2, 16, 15, 3, 7, 9, 4, 8, 3, 1, 3, 26, 1, 1, 9, 15, 3, 1, 16, 1, 16, 8, 6, 6, 8, 23, 7, 31, 2, 31, 9, 16, 4, 1, 4, 7, 1, 3, 0, 0, 0, 0, 0, 0, 0, 0, 0, 0, 0, 0, 0, 0, 0, 0, 0, 0, 0, 0, 0, 0, 0, 0, 0, 0, 0, 0, 0, 0, 0, 0, 0, 0, 0, 0, 0, 0, 0, 0, 0, 0, 0, 0, 0, 0, 0, 0, 0, 0, 0, 0, 0, 0, 0, 0, 0, 0, 0, 0, 0, 0, 0, 0, 0, 0, 0, 0, 0, 0, 0, 0, 0, 0, 0, : 9, 1, 19, 8, 2, 1, 18, 1, 3, 2, 8, 13, 1, 1, 24, 2, 7, 25, 12, 26, 18, 1, 19, 8, 3, 20, 2, 2, 17, 1, 1, 6, 6, 11, 1, 1, 6, 11, 7, 33, 8, 4, 18, 2, 10, 28, 3, 13, 9, 4, 14, 2, 1, 7, 23, 10, 9, 4, 5, 15, 7, 3, 6, 16, 7, 3, 1, 2, 24, 8, 24, 2, 3, 4, 2, 30, 5, 3, 5, 12, 1, 7, 4, 11, 1, 14, 8, 2, 16, 15, 3, 7, 9, 4, 8, 3, 1, 3, 26, 1, 1, 9, 15, 3, 1, 16, 1, 16, 8, 6, 6, 8, 23, 7, 31, 2, 31, 9, 16, 4, 1, 4, 7, 1, 3, 
34: 14, 4, 6, 2, 14, 7, 26, 1, 1, 5, 24, 10, 4, 1, 18, 7, 10, 12, 8, 4, 8, 7, 1, 2, 17, 1, 4, 2, 23, 7, 4, 2, 6, 16, 10, 1, 2, 7, 1, 21, 4, 5, 12, 29, 1, 7, 1, 2, 1, 1, 14, 22, 5, 4, 3, 12, 27, 1, 1, 5, 2, 1, 30, 5, 10, 3, 33, 4, 11, 1, 3, 1, 1, 2, 5, 6, 3, 4, 1, 2, 7, 26, 2, 34, 3, 2, 2, 8, 24, 9, 31, 8, 5, 1, 3, 3, 1, 23, 1, 0, 0, 0, 0, 0, 0, 0, 0, 0, 0, 0, 0, 0, 0, 0, 0, 0, 0, 0, 0, 0, 0, 0, 0, 0, 0, 0, 0, 0, 0, 0, 0, 0, 0, 0, 0, 0, 0, 0, 0, 0, 0, 0, 0, 0, 0, 0, 0, 0, 0, 0, 0, 0, 0, 0, 0, 0, 0, 0, 0, 0, 0, 0, 0, 0, 0, 0, 0, 0, 0, 0, 0, 0, 0, 0, 0, 0, 0, 0, 0, 0, 0, 0, 0, 0, 0, 0, 0, 0, 0, 0, 0, 0, 0, 0, 0, 0, 0, 0, 0, 0, : 14, 4, 6, 2, 14, 7, 26, 1, 1, 5, 24, 10, 4, 1, 18, 7, 10, 12, 8, 4, 8, 7, 1, 2, 17, 1, 4, 2, 23, 7, 4, 2, 6, 16, 10, 1, 2, 7, 1, 21, 4, 5, 12, 29, 1, 7, 1, 2, 1, 1, 14, 22, 5, 4, 3, 12, 27, 1, 1, 5, 2, 1, 30, 5, 10, 3, 33, 4, 11, 1, 3, 1, 1, 2, 5, 6, 3, 4, 1, 2, 7, 26, 2, 34, 3, 2, 2, 8, 24, 9, 31, 8, 5, 1, 3, 3, 1, 23, 1, 
35: 13, 17, 4, 2, 1, 5, 12, 8, 3, 12, 13, 3, 1, 3, 4, 13, 13, 2, 2, 39, 2, 5, 5, 6, 1, 20, 26, 7, 3, 2, 22, 20, 10, 7, 9, 19, 7, 31, 1, 12, 3, 1, 28, 18, 6, 13, 2, 1, 11, 19, 1, 3, 12, 5, 3, 20, 2, 2, 1, 10, 19, 9, 15, 6, 6, 2, 3, 1, 7, 9, 26, 9, 1, 22, 5, 21, 4, 11, 3, 1, 8, 15, 4, 18, 17, 22, 9, 3, 3, 6, 1, 2, 23, 6, 1, 15, 6, 1, 3, 4, 20, 5, 2, 17, 12, 6, 12, 0, 0, 0, 0, 0, 0, 0, 0, 0, 0, 0, 0, 0, 0, 0, 0, 0, 0, 0, 0, 0, 0, 0, 0, 0, 0, 0, 0, 0, 0, 0, 0, 0, 0, 0, 0, 0, 0, 0, 0, 0, 0, 0, 0, 0, 0, 0, 0, 0, 0, 0, 0, 0, 0, 0, 0, 0, 0, 0, 0, 0, 0, 0, 0, 0, 0, 0, 0, 0, 0, 0, 0, 0, 0, 0, 0, 0, 0, 0, 0, 0, 0, 0, 0, 0, 0, 0, 0, 0, 0, 0, 0, 0, : 13, 17, 4, 2, 1, 5, 12, 8, 3, 12, 13, 3, 1, 3, 4, 13, 13, 2, 2, 39, 2, 5, 5, 6, 1, 20, 26, 7, 3, 2, 22, 20, 10, 7, 9, 19, 7, 31, 1, 12, 3, 1, 28, 18, 6, 13, 2, 1, 11, 19, 1, 3, 12, 5, 3, 20, 2, 2, 1, 10, 19, 9, 15, 6, 6, 2, 3, 1, 7, 9, 26, 9, 1, 22, 5, 21, 4, 11, 3, 1, 8, 15, 4, 18, 17, 22, 9, 3, 3, 6, 1, 2, 23, 6, 1, 15, 6, 1, 3, 4, 20, 5, 2, 17, 12, 6, 12, 
36: 3, 5, 10, 5, 20, 4, 1, 5, 11, 3, 2, 8, 1, 11, 32, 4, 2, 3, 7, 6, 15, 3, 2, 2, 9, 5, 18, 26, 1, 1, 5, 10, 1, 11, 20, 7, 2, 13, 1, 1, 18, 2, 4, 4, 9, 5, 18, 11, 5, 6, 13, 3, 6, 1, 6, 2, 7, 18, 2, 1, 1, 11, 2, 9, 1, 2, 3, 11, 3, 34, 11, 4, 12, 4, 16, 10, 2, 3, 6, 3, 6, 2, 18, 3, 3, 6, 1, 1, 1, 8, 7, 9, 9, 2, 14, 20, 24, 10, 15, 1, 8, 10, 1, 1, 1, 5, 19, 2, 7, 6, 15, 1, 21, 28, 0, 0, 0, 0, 0, 0, 0, 0, 0, 0, 0, 0, 0, 0, 0, 0, 0, 0, 0, 0, 0, 0, 0, 0, 0, 0, 0, 0, 0, 0, 0, 0, 0, 0, 0, 0, 0, 0, 0, 0, 0, 0, 0, 0, 0, 0, 0, 0, 0, 0, 0, 0, 0, 0, 0, 0, 0, 0, 0, 0, 0, 0, 0, 0, 0, 0, 0, 0, 0, 0, 0, 0, 0, 0, 0, 0, 0, 0, 0, 0, 0, 0, 0, 0, 0, 0, : 3, 5, 10, 5, 20, 4, 1, 5, 11, 3, 2, 8, 1, 11, 32, 4, 2, 3, 7, 6, 15, 3, 2, 2, 9, 5, 18, 26, 1, 1, 5, 10, 1, 11, 20, 7, 2, 13, 1, 1, 18, 2, 4, 4, 9, 5, 18, 11, 5, 6, 13, 3, 6, 1, 6, 2, 7, 18, 2, 1, 1, 11, 2, 9, 1, 2, 3, 11, 3, 34, 11, 4, 12, 4, 16, 10, 2, 3, 6, 3, 6, 2, 18, 3, 3, 6, 1, 1, 1, 8, 7, 9, 9, 2, 14, 20, 24, 10, 15, 1, 8, 10, 1, 1, 1, 5, 19, 2, 7, 6, 15, 1, 21, 28, 
37: 11, 1, 3, 7, 2, 2, 5, 6, 6, 1, 4, 2, 12, 4, 3, 6, 3, 2, 22, 3, 4, 1, 3, 10, 26, 1, 13, 1, 10, 3, 22, 5, 1, 26, 6, 23, 4, 10, 7, 5, 4, 2, 1, 5, 12, 4, 1, 3, 4, 10, 3, 21, 23, 2, 25, 4, 1, 4, 1, 36, 11, 2, 1, 29, 11, 5, 13, 10, 11, 1, 4, 4, 4, 5, 1, 1, 8, 15, 3, 1, 2, 29, 6, 5, 12, 21, 1, 16, 0, 0, 0, 0, 0, 0, 0, 0, 0, 0, 0, 0, 0, 0, 0, 0, 0, 0, 0, 0, 0, 0, 0, 0, 0, 0, 0, 0, 0, 0, 0, 0, 0, 0, 0, 0, 0, 0, 0, 0, 0, 0, 0, 0, 0, 0, 0, 0, 0, 0, 0, 0, 0, 0, 0, 0, 0, 0, 0, 0, 0, 0, 0, 0, 0, 0, 0, 0, 0, 0, 0, 0, 0, 0, 0, 0, 0, 0, 0, 0, 0, 0, 0, 0, 0, 0, 0, 0, 0, 0, 0, 0, 0, 0, 0, 0, 0, 0, 0, 0, 0, 0, 0, 0, 0, 0, 0, 0, 0, 0, 0, 0, : 11, 1, 3, 7, 2, 2, 5, 6, 6, 1, 4, 2, 12, 4, 3, 6, 3, 2, 22, 3, 4, 1, 3, 10, 26, 1, 13, 1, 10, 3, 22, 5, 1, 26, 6, 23, 4, 10, 7, 5, 4, 2, 1, 5, 12, 4, 1, 3, 4, 10, 3, 21, 23, 2, 25, 4, 1, 4, 1, 36, 11, 2, 1, 29, 11, 5, 13, 10, 11, 1, 4, 4, 4, 5, 1, 1, 8, 15, 3, 1, 2, 29, 6, 5, 12, 21, 1, 16, 
38: 10, 3, 8, 23, 2, 5, 17, 5, 1, 3, 2, 1, 3, 8, 7, 2, 1, 27, 22, 1, 6, 14, 17, 21, 1, 1, 16, 1, 1, 5, 23, 4, 1, 2, 1, 2, 7, 2, 4, 6, 9, 31, 12, 3, 35, 4, 5, 24, 9, 2, 5, 1, 6, 10, 11, 1, 21, 1, 20, 2, 1, 6, 28, 6, 3, 22, 2, 2, 4, 1, 4, 7, 2, 3, 1, 9, 1, 22, 0, 0, 0, 0, 0, 0, 0, 0, 0, 0, 0, 0, 0, 0, 0, 0, 0, 0, 0, 0, 0, 0, 0, 0, 0, 0, 0, 0, 0, 0, 0, 0, 0, 0, 0, 0, 0, 0, 0, 0, 0, 0, 0, 0, 0, 0, 0, 0, 0, 0, 0, 0, 0, 0, 0, 0, 0, 0, 0, 0, 0, 0, 0, 0, 0, 0, 0, 0, 0, 0, 0, 0, 0, 0, 0, 0, 0, 0, 0, 0, 0, 0, 0, 0, 0, 0, 0, 0, 0, 0, 0, 0, 0, 0, 0, 0, 0, 0, 0, 0, 0, 0, 0, 0, 0, 0, 0, 0, 0, 0, 0, 0, 0, 0, 0, 0, 0, 0, 0, 0, 0, 0, : 10, 3, 8, 23, 2, 5, 17, 5, 1, 3, 2, 1, 3, 8, 7, 2, 1, 27, 22, 1, 6, 14, 17, 21, 1, 1, 16, 1, 1, 5, 23, 4, 1, 2, 1, 2, 7, 2, 4, 6, 9, 31, 12, 3, 35, 4, 5, 24, 9, 2, 5, 1, 6, 10, 11, 1, 21, 1, 20, 2, 1, 6, 28, 6, 3, 22, 2, 2, 4, 1, 4, 7, 2, 3, 1, 9, 1, 22, 
39: 2, 2, 2, 29, 4, 14, 20, 3, 11, 1, 26, 11, 6, 9, 14, 27, 2, 20, 8, 32, 16, 2, 1, 34, 17, 4, 9, 2, 6, 11, 3, 1, 29, 4, 7, 10, 17, 2, 2, 7, 1, 16, 20, 2, 12, 14, 15, 2, 20, 2, 10, 9, 2, 5, 3, 9, 12, 3, 27, 20, 7, 2, 2, 1, 36, 3, 8, 22, 2, 11, 14, 5, 4, 1, 1, 6, 2, 9, 6, 24, 21, 4, 37, 1, 1, 3, 8, 1, 3, 8, 1, 2, 1, 0, 0, 0, 0, 0, 0, 0, 0, 0, 0, 0, 0, 0, 0, 0, 0, 0, 0, 0, 0, 0, 0, 0, 0, 0, 0, 0, 0, 0, 0, 0, 0, 0, 0, 0, 0, 0, 0, 0, 0, 0, 0, 0, 0, 0, 0, 0, 0, 0, 0, 0, 0, 0, 0, 0, 0, 0, 0, 0, 0, 0, 0, 0, 0, 0, 0, 0, 0, 0, 0, 0, 0, 0, 0, 0, 0, 0, 0, 0, 0, 0, 0, 0, 0, 0, 0, 0, 0, 0, 0, 0, 0, 0, 0, 0, 0, 0, 0, 0, 0, 0, 0, 0, 0, 0, 0, 0, : 2, 2, 2, 29, 4, 14, 20, 3, 11, 1, 26, 11, 6, 9, 14, 27, 2, 20, 8, 32, 16, 2, 1, 34, 17, 4, 9, 2, 6, 11, 3, 1, 29, 4, 7, 10, 17, 2, 2, 7, 1, 16, 20, 2, 12, 14, 15, 2, 20, 2, 10, 9, 2, 5, 3, 9, 12, 3, 27, 20, 7, 2, 2, 1, 36, 3, 8, 22, 2, 11, 14, 5, 4, 1, 1, 6, 2, 9, 6, 24, 21, 4, 37, 1, 1, 3, 8, 1, 3, 8, 1, 2, 1, 
40: 36, 6, 3, 1, 3, 3, 19, 4, 26, 4, 23, 3, 3, 5, 18, 1, 9, 2, 2, 21, 6, 5, 16, 2, 16, 1, 2, 3, 7, 7, 7, 7, 18, 2, 8, 21, 3, 5, 11, 6, 19, 6, 11, 9, 3, 5, 2, 1, 15, 4, 14, 2, 4, 14, 2, 13, 1, 9, 1, 1, 31, 12, 18, 7, 12, 6, 12, 7, 12, 2, 1, 13, 1, 5, 10, 1, 10, 6, 6, 4, 12, 2, 4, 15, 8, 15, 0, 0, 0, 0, 0, 0, 0, 0, 0, 0, 0, 0, 0, 0, 0, 0, 0, 0, 0, 0, 0, 0, 0, 0, 0, 0, 0, 0, 0, 0, 0, 0, 0, 0, 0, 0, 0, 0, 0, 0, 0, 0, 0, 0, 0, 0, 0, 0, 0, 0, 0, 0, 0, 0, 0, 0, 0, 0, 0, 0, 0, 0, 0, 0, 0, 0, 0, 0, 0, 0, 0, 0, 0, 0, 0, 0, 0, 0, 0, 0, 0, 0, 0, 0, 0, 0, 0, 0, 0, 0, 0, 0, 0, 0, 0, 0, 0, 0, 0, 0, 0, 0, 0, 0, 0, 0, 0, 0, 0, 0, 0, 0, 0, 0, : 36, 6, 3, 1, 3, 3, 19, 4, 26, 4, 23, 3, 3, 5, 18, 1, 9, 2, 2, 21, 6, 5, 16, 2, 16, 1, 2, 3, 7, 7, 7, 7, 18, 2, 8, 21, 3, 5, 11, 6, 19, 6, 11, 9, 3, 5, 2, 1, 15, 4, 14, 2, 4, 14, 2, 13, 1, 9, 1, 1, 31, 12, 18, 7, 12, 6, 12, 7, 12, 2, 1, 13, 1, 5, 10, 1, 10, 6, 6, 4, 12, 2, 4, 15, 8, 15, 
41: 5, 21, 6, 3, 16, 2, 9, 4, 17, 3, 9, 1, 11, 1, 6, 9, 20, 5, 6, 6, 1, 2, 12, 2, 12, 12, 1, 8, 15, 2, 6, 6, 5, 9, 1, 3, 5, 18, 7, 1, 6, 2, 10, 24, 8, 2, 4, 5, 2, 23, 23, 24, 1, 1, 19, 1, 4, 12, 4, 12, 6, 5, 1, 8, 6, 19, 1, 10, 10, 8, 11, 15, 0, 0, 0, 0, 0, 0, 0, 0, 0, 0, 0, 0, 0, 0, 0, 0, 0, 0, 0, 0, 0, 0, 0, 0, 0, 0, 0, 0, 0, 0, 0, 0, 0, 0, 0, 0, 0, 0, 0, 0, 0, 0, 0, 0, 0, 0, 0, 0, 0, 0, 0, 0, 0, 0, 0, 0, 0, 0, 0, 0, 0, 0, 0, 0, 0, 0, 0, 0, 0, 0, 0, 0, 0, 0, 0, 0, 0, 0, 0, 0, 0, 0, 0, 0, 0, 0, 0, 0, 0, 0, 0, 0, 0, 0, 0, 0, 0, 0, 0, 0, 0, 0, 0, 0, 0, 0, 0, 0, 0, 0, 0, 0, 0, 0, 0, 0, 0, 0, 0, 0, 0, 0, 0, 0, 0, 0, 0, 0, : 5, 21, 6, 3, 16, 2, 9, 4, 17, 3, 9, 1, 11, 1, 6, 9, 20, 5, 6, 6, 1, 2, 12, 2, 12, 12, 1, 8, 15, 2, 6, 6, 5, 9, 1, 3, 5, 18, 7, 1, 6, 2, 10, 24, 8, 2, 4, 5, 2, 23, 23, 24, 1, 1, 19, 1, 4, 12, 4, 12, 6, 5, 1, 8, 6, 19, 1, 10, 10, 8, 11, 15, 
42: 12, 10, 7, 27, 1, 22, 15, 3, 1, 3, 4, 7, 9, 18, 1, 2, 4, 1, 20, 6, 6, 9, 1, 7, 4, 8, 16, 2, 2, 6, 15, 5, 14, 3, 9, 1, 17, 15, 17, 14, 1, 10, 4, 16, 24, 23, 5, 6, 13, 19, 6, 2, 3, 11, 13, 2, 21, 2, 27, 2, 1, 1, 2, 15, 4, 23, 2, 16, 9, 5, 3, 11, 20, 5, 4, 1, 1, 18, 6, 8, 10, 6, 30, 1, 25, 2, 1, 3, 7, 4, 3, 23, 24, 4, 2, 9, 24, 6, 13, 2, 5, 2, 18, 21, 4, 8, 19, 4, 1, 16, 2, 1, 1, 14, 17, 3, 8, 4, 6, 10, 2, 4, 2, 3, 0, 0, 0, 0, 0, 0, 0, 0, 0, 0, 0, 0, 0, 0, 0, 0, 0, 0, 0, 0, 0, 0, 0, 0, 0, 0, 0, 0, 0, 0, 0, 0, 0, 0, 0, 0, 0, 0, 0, 0, 0, 0, 0, 0, 0, 0, 0, 0, 0, 0, 0, 0, 0, 0, 0, 0, 0, 0, 0, 0, 0, 0, 0, 0, 0, 0, 0, 0, 0, 0, 0, 0, 0, 0, 0, 0, : 12, 10, 7, 27, 1, 22, 15, 3, 1, 3, 4, 7, 9, 18, 1, 2, 4, 1, 20, 6, 6, 9, 1, 7, 4, 8, 16, 2, 2, 6, 15, 5, 14, 3, 9, 1, 17, 15, 17, 14, 1, 10, 4, 16, 24, 23, 5, 6, 13, 19, 6, 2, 3, 11, 13, 2, 21, 2, 27, 2, 1, 1, 2, 15, 4, 23, 2, 16, 9, 5, 3, 11, 20, 5, 4, 1, 1, 18, 6, 8, 10, 6, 30, 1, 25, 2, 1, 3, 7, 4, 3, 23, 24, 4, 2, 9, 24, 6, 13, 2, 5, 2, 18, 21, 4, 8, 19, 4, 1, 16, 2, 1, 1, 14, 17, 3, 8, 4, 6, 10, 2, 4, 2, 3, 
43: 3, 1, 3, 19, 7, 1, 11, 4, 7, 2, 3, 7, 5, 1, 2, 3, 21, 1, 3, 14, 1, 14, 2, 5, 11, 22, 14, 6, 6, 5, 5, 4, 1, 10, 1, 6, 3, 12, 3, 1, 2, 36, 1, 3, 3, 3, 5, 1, 10, 7, 1, 1, 20, 14, 3, 9, 12, 12, 12, 3, 4, 14, 22, 2, 4, 4, 3, 2, 5, 20, 35, 6, 2, 15, 1, 9, 18, 6, 5, 18, 3, 9, 18, 7, 13, 5, 3, 23, 2, 1, 2, 2, 4, 1, 2, 0, 0, 0, 0, 0, 0, 0, 0, 0, 0, 0, 0, 0, 0, 0, 0, 0, 0, 0, 0, 0, 0, 0, 0, 0, 0, 0, 0, 0, 0, 0, 0, 0, 0, 0, 0, 0, 0, 0, 0, 0, 0, 0, 0, 0, 0, 0, 0, 0, 0, 0, 0, 0, 0, 0, 0, 0, 0, 0, 0, 0, 0, 0, 0, 0, 0, 0, 0, 0, 0, 0, 0, 0, 0, 0, 0, 0, 0, 0, 0, 0, 0, 0, 0, 0, 0, 0, 0, 0, 0, 0, 0, 0, 0, 0, 0, 0, 0, 0, 0, 0, 0, 0, 0, 0, : 3, 1, 3, 19, 7, 1, 11, 4, 7, 2, 3, 7, 5, 1, 2, 3, 21, 1, 3, 14, 1, 14, 2, 5, 11, 22, 14, 6, 6, 5, 5, 4, 1, 10, 1, 6, 3, 12, 3, 1, 2, 36, 1, 3, 3, 3, 5, 1, 10, 7, 1, 1, 20, 14, 3, 9, 12, 12, 12, 3, 4, 14, 22, 2, 4, 4, 3, 2, 5, 20, 35, 6, 2, 15, 1, 9, 18, 6, 5, 18, 3, 9, 18, 7, 13, 5, 3, 23, 2, 1, 2, 2, 4, 1, 2, 
44: 1, 5, 3, 24, 3, 5, 3, 5, 12, 13, 3, 7, 7, 5, 8, 2, 1, 4, 6, 5, 4, 11, 6, 7, 7, 2, 10, 3, 5, 1, 8, 5, 2, 18, 1, 25, 2, 12, 1, 4, 7, 4, 24, 4, 3, 3, 21, 8, 1, 7, 1, 7, 1, 9, 1, 35, 5, 10, 5, 9, 2, 2, 1, 1, 2, 25, 6, 20, 5, 7, 14, 10, 11, 5, 2, 19, 4, 1, 14, 15, 4, 5, 6, 21, 6, 5, 6, 5, 2, 5, 2, 2, 1, 8, 14, 17, 13, 8, 3, 2, 6, 3, 10, 18, 1, 0, 0, 0, 0, 0, 0, 0, 0, 0, 0, 0, 0, 0, 0, 0, 0, 0, 0, 0, 0, 0, 0, 0, 0, 0, 0, 0, 0, 0, 0, 0, 0, 0, 0, 0, 0, 0, 0, 0, 0, 0, 0, 0, 0, 0, 0, 0, 0, 0, 0, 0, 0, 0, 0, 0, 0, 0, 0, 0, 0, 0, 0, 0, 0, 0, 0, 0, 0, 0, 0, 0, 0, 0, 0, 0, 0, 0, 0, 0, 0, 0, 0, 0, 0, 0, 0, 0, 0, 0, 0, 0, 0, 0, 0, 0, : 1, 5, 3, 24, 3, 5, 3, 5, 12, 13, 3, 7, 7, 5, 8, 2, 1, 4, 6, 5, 4, 11, 6, 7, 7, 2, 10, 3, 5, 1, 8, 5, 2, 18, 1, 25, 2, 12, 1, 4, 7, 4, 24, 4, 3, 3, 21, 8, 1, 7, 1, 7, 1, 9, 1, 35, 5, 10, 5, 9, 2, 2, 1, 1, 2, 25, 6, 20, 5, 7, 14, 10, 11, 5, 2, 19, 4, 1, 14, 15, 4, 5, 6, 21, 6, 5, 6, 5, 2, 5, 2, 2, 1, 8, 14, 17, 13, 8, 3, 2, 6, 3, 10, 18, 1, 
45: 13, 4, 3, 3, 4, 3, 1, 4, 8, 14, 4, 17, 4, 2, 2, 5, 1, 11, 3, 4, 9, 2, 7, 1, 6, 1, 17, 16, 3, 8, 16, 14, 3, 1, 8, 6, 2, 9, 18, 5, 2, 6, 4, 21, 7, 4, 12, 8, 2, 28, 17, 21, 1, 3, 15, 5, 6, 6, 1, 1, 2, 2, 5, 2, 14, 4, 7, 1, 15, 2, 19, 1, 3, 8, 4, 1, 1, 14, 20, 0, 0, 0, 0, 0, 0, 0, 0, 0, 0, 0, 0, 0, 0, 0, 0, 0, 0, 0, 0, 0, 0, 0, 0, 0, 0, 0, 0, 0, 0, 0, 0, 0, 0, 0, 0, 0, 0, 0, 0, 0, 0, 0, 0, 0, 0, 0, 0, 0, 0, 0, 0, 0, 0, 0, 0, 0, 0, 0, 0, 0, 0, 0, 0, 0, 0, 0, 0, 0, 0, 0, 0, 0, 0, 0, 0, 0, 0, 0, 0, 0, 0, 0, 0, 0, 0, 0, 0, 0, 0, 0, 0, 0, 0, 0, 0, 0, 0, 0, 0, 0, 0, 0, 0, 0, 0, 0, 0, 0, 0, 0, 0, 0, 0, 0, 0, 0, 0, 0, 0, 0, : 13, 4, 3, 3, 4, 3, 1, 4, 8, 14, 4, 17, 4, 2, 2, 5, 1, 11, 3, 4, 9, 2, 7, 1, 6, 1, 17, 16, 3, 8, 16, 14, 3, 1, 8, 6, 2, 9, 18, 5, 2, 6, 4, 21, 7, 4, 12, 8, 2, 28, 17, 21, 1, 3, 15, 5, 6, 6, 1, 1, 2, 2, 5, 2, 14, 4, 7, 1, 15, 2, 19, 1, 3, 8, 4, 1, 1, 14, 20, 
46: 1, 11, 23, 1, 2, 2, 9, 19, 10, 1, 18, 1, 4, 2, 3, 11, 1, 2, 3, 6, 1, 9, 20, 1, 30, 8, 7, 1, 13, 5, 5, 12, 1, 12, 11, 30, 3, 3, 7, 3, 4, 21, 6, 1, 2, 7, 2, 17, 18, 12, 10, 8, 1, 3, 22, 1, 24, 27, 2, 1, 10, 15, 1, 13, 8, 16, 3, 3, 12, 1, 6, 2, 2, 10, 1, 8, 26, 1, 5, 3, 18, 3, 10, 4, 0, 0, 0, 0, 0, 0, 0, 0, 0, 0, 0, 0, 0, 0, 0, 0, 0, 0, 0, 0, 0, 0, 0, 0, 0, 0, 0, 0, 0, 0, 0, 0, 0, 0, 0, 0, 0, 0, 0, 0, 0, 0, 0, 0, 0, 0, 0, 0, 0, 0, 0, 0, 0, 0, 0, 0, 0, 0, 0, 0, 0, 0, 0, 0, 0, 0, 0, 0, 0, 0, 0, 0, 0, 0, 0, 0, 0, 0, 0, 0, 0, 0, 0, 0, 0, 0, 0, 0, 0, 0, 0, 0, 0, 0, 0, 0, 0, 0, 0, 0, 0, 0, 0, 0, 0, 0, 0, 0, 0, 0, 0, 0, 0, 0, 0, 0, : 1, 11, 23, 1, 2, 2, 9, 19, 10, 1, 18, 1, 4, 2, 3, 11, 1, 2, 3, 6, 1, 9, 20, 1, 30, 8, 7, 1, 13, 5, 5, 12, 1, 12, 11, 30, 3, 3, 7, 3, 4, 21, 6, 1, 2, 7, 2, 17, 18, 12, 10, 8, 1, 3, 22, 1, 24, 27, 2, 1, 10, 15, 1, 13, 8, 16, 3, 3, 12, 1, 6, 2, 2, 10, 1, 8, 26, 1, 5, 3, 18, 3, 10, 4, 
47: 12, 32, 13, 5, 9, 19, 22, 8, 9, 34, 19, 32, 3, 28, 23, 24, 18, 2, 1, 15, 3, 2, 8, 1, 10, 1, 11, 25, 9, 3, 29, 3, 15, 8, 3, 16, 11, 4, 7, 18, 6, 25, 2, 22, 6, 14, 1, 1, 9, 26, 6, 3, 19, 2, 13, 5, 18, 2, 1, 4, 23, 2, 3, 20, 11, 11, 19, 5, 14, 2, 9, 3, 21, 9, 2, 1, 11, 7, 7, 6, 9, 1, 10, 4, 12, 8, 2, 25, 6, 1, 35, 17, 11, 3, 12, 9, 7, 4, 22, 10, 9, 3, 12, 23, 3, 10, 2, 9, 9, 0, 0, 0, 0, 0, 0, 0, 0, 0, 0, 0, 0, 0, 0, 0, 0, 0, 0, 0, 0, 0, 0, 0, 0, 0, 0, 0, 0, 0, 0, 0, 0, 0, 0, 0, 0, 0, 0, 0, 0, 0, 0, 0, 0, 0, 0, 0, 0, 0, 0, 0, 0, 0, 0, 0, 0, 0, 0, 0, 0, 0, 0, 0, 0, 0, 0, 0, 0, 0, 0, 0, 0, 0, 0, 0, 0, 0, 0, 0, 0, 0, 0, 0, 0, 0, 0, 0, 0, 0, 0, 0, : 12, 32, 13, 5, 9, 19, 22, 8, 9, 34, 19, 32, 3, 28, 23, 24, 18, 2, 1, 15, 3, 2, 8, 1, 10, 1, 11, 25, 9, 3, 29, 3, 15, 8, 3, 16, 11, 4, 7, 18, 6, 25, 2, 22, 6, 14, 1, 1, 9, 26, 6, 3, 19, 2, 13, 5, 18, 2, 1, 4, 23, 2, 3, 20, 11, 11, 19, 5, 14, 2, 9, 3, 21, 9, 2, 1, 11, 7, 7, 6, 9, 1, 10, 4, 12, 8, 2, 25, 6, 1, 35, 17, 11, 3, 12, 9, 7, 4, 22, 10, 9, 3, 12, 23, 3, 10, 2, 9, 9, 
48: 2, 2, 2, 1, 9, 3, 5, 4, 1, 15, 11, 13, 3, 1, 6, 6, 27, 3, 31, 10, 12, 35, 11, 10, 5, 4, 2, 20, 2, 3, 7, 8, 15, 11, 2, 22, 31, 1, 20, 2, 30, 13, 1, 10, 2, 13, 2, 3, 18, 5, 3, 1, 26, 1, 6, 5, 5, 14, 26, 5, 1, 12, 3, 1, 2, 18, 10, 27, 6, 1, 7, 5, 5, 1, 0, 0, 0, 0, 0, 0, 0, 0, 0, 0, 0, 0, 0, 0, 0, 0, 0, 0, 0, 0, 0, 0, 0, 0, 0, 0, 0, 0, 0, 0, 0, 0, 0, 0, 0, 0, 0, 0, 0, 0, 0, 0, 0, 0, 0, 0, 0, 0, 0, 0, 0, 0, 0, 0, 0, 0, 0, 0, 0, 0, 0, 0, 0, 0, 0, 0, 0, 0, 0, 0, 0, 0, 0, 0, 0, 0, 0, 0, 0, 0, 0, 0, 0, 0, 0, 0, 0, 0, 0, 0, 0, 0, 0, 0, 0, 0, 0, 0, 0, 0, 0, 0, 0, 0, 0, 0, 0, 0, 0, 0, 0, 0, 0, 0, 0, 0, 0, 0, 0, 0, 0, 0, 0, 0, 0, 0, : 2, 2, 2, 1, 9, 3, 5, 4, 1, 15, 11, 13, 3, 1, 6, 6, 27, 3, 31, 10, 12, 35, 11, 10, 5, 4, 2, 20, 2, 3, 7, 8, 15, 11, 2, 22, 31, 1, 20, 2, 30, 13, 1, 10, 2, 13, 2, 3, 18, 5, 3, 1, 26, 1, 6, 5, 5, 14, 26, 5, 1, 12, 3, 1, 2, 18, 10, 27, 6, 1, 7, 5, 5, 1, 
49: 13, 23, 2, 17, 14, 14, 10, 17, 28, 5, 4, 5, 4, 2, 33, 4, 8, 3, 2, 7, 29, 4, 4, 14, 13, 8, 4, 3, 2, 8, 2, 5, 2, 1, 9, 27, 22, 1, 3, 2, 2, 9, 10, 6, 2, 4, 2, 2, 5, 19, 5, 4, 5, 12, 1, 19, 1, 8, 9, 1, 23, 35, 1, 18, 3, 7, 6, 1, 2, 5, 2, 3, 1, 29, 4, 6, 2, 1, 1, 0, 0, 0, 0, 0, 0, 0, 0, 0, 0, 0, 0, 0, 0, 0, 0, 0, 0, 0, 0, 0, 0, 0, 0, 0, 0, 0, 0, 0, 0, 0, 0, 0, 0, 0, 0, 0, 0, 0, 0, 0, 0, 0, 0, 0, 0, 0, 0, 0, 0, 0, 0, 0, 0, 0, 0, 0, 0, 0, 0, 0, 0, 0, 0, 0, 0, 0, 0, 0, 0, 0, 0, 0, 0, 0, 0, 0, 0, 0, 0, 0, 0, 0, 0, 0, 0, 0, 0, 0, 0, 0, 0, 0, 0, 0, 0, 0, 0, 0, 0, 0, 0, 0, 0, 0, 0, 0, 0, 0, 0, 0, 0, 0, 0, 0, 0, 0, 0, 0, 0, 0, : 13, 23, 2, 17, 14, 14, 10, 17, 28, 5, 4, 5, 4, 2, 33, 4, 8, 3, 2, 7, 29, 4, 4, 14, 13, 8, 4, 3, 2, 8, 2, 5, 2, 1, 9, 27, 22, 1, 3, 2, 2, 9, 10, 6, 2, 4, 2, 2, 5, 19, 5, 4, 5, 12, 1, 19, 1, 8, 9, 1, 23, 35, 1, 18, 3, 7, 6, 1, 2, 5, 2, 3, 1, 29, 4, 6, 2, 1, 1, 
50: 3, 12, 3, 3, 1, 13, 2, 15, 1, 24, 1, 3, 1, 5, 3, 2, 7, 8, 16, 3, 2, 26, 8, 16, 9, 4, 6, 20, 12, 19, 3, 20, 26, 13, 9, 11, 2, 12, 12, 13, 2, 2, 14, 4, 4, 3, 1, 3, 28, 16, 3, 3, 12, 25, 10, 13, 20, 8, 4, 23, 11, 19, 2, 1, 12, 2, 4, 13, 4, 1, 8, 14, 3, 28, 12, 8, 2, 1, 4, 1, 20, 12, 11, 8, 2, 20, 13, 1, 2, 14, 2, 18, 2, 2, 14, 5, 3, 19, 6, 3, 12, 2, 5, 31, 0, 0, 0, 0, 0, 0, 0, 0, 0, 0, 0, 0, 0, 0, 0, 0, 0, 0, 0, 0, 0, 0, 0, 0, 0, 0, 0, 0, 0, 0, 0, 0, 0, 0, 0, 0, 0, 0, 0, 0, 0, 0, 0, 0, 0, 0, 0, 0, 0, 0, 0, 0, 0, 0, 0, 0, 0, 0, 0, 0, 0, 0, 0, 0, 0, 0, 0, 0, 0, 0, 0, 0, 0, 0, 0, 0, 0, 0, 0, 0, 0, 0, 0, 0, 0, 0, 0, 0, 0, 0, 0, 0, 0, 0, 0, 0, : 3, 12, 3, 3, 1, 13, 2, 15, 1, 24, 1, 3, 1, 5, 3, 2, 7, 8, 16, 3, 2, 26, 8, 16, 9, 4, 6, 20, 12, 19, 3, 20, 26, 13, 9, 11, 2, 12, 12, 13, 2, 2, 14, 4, 4, 3, 1, 3, 28, 16, 3, 3, 12, 25, 10, 13, 20, 8, 4, 23, 11, 19, 2, 1, 12, 2, 4, 13, 4, 1, 8, 14, 3, 28, 12, 8, 2, 1, 4, 1, 20, 12, 11, 8, 2, 20, 13, 1, 2, 14, 2, 18, 2, 2, 14, 5, 3, 19, 6, 3, 12, 2, 5, 31, 
51: 13, 9, 3, 17, 10, 1, 13, 9, 4, 6, 30, 24, 14, 2, 3, 1, 11, 1, 20, 17, 4, 12, 22, 9, 6, 15, 4, 9, 4, 25, 16, 22, 2, 4, 11, 1, 28, 2, 13, 4, 7, 6, 2, 7, 1, 2, 4, 4, 4, 4, 9, 14, 1, 13, 2, 13, 10, 5, 2, 26, 2, 12, 5, 2, 9, 36, 16, 13, 18, 1, 26, 1, 14, 6, 8, 16, 5, 1, 20, 1, 17, 1, 5, 9, 26, 0, 0, 0, 0, 0, 0, 0, 0, 0, 0, 0, 0, 0, 0, 0, 0, 0, 0, 0, 0, 0, 0, 0, 0, 0, 0, 0, 0, 0, 0, 0, 0, 0, 0, 0, 0, 0, 0, 0, 0, 0, 0, 0, 0, 0, 0, 0, 0, 0, 0, 0, 0, 0, 0, 0, 0, 0, 0, 0, 0, 0, 0, 0, 0, 0, 0, 0, 0, 0, 0, 0, 0, 0, 0, 0, 0, 0, 0, 0, 0, 0, 0, 0, 0, 0, 0, 0, 0, 0, 0, 0, 0, 0, 0, 0, 0, 0, 0, 0, 0, 0, 0, 0, 0, 0, 0, 0, 0, 0, 0, 0, 0, 0, 0, 0, : 13, 9, 3, 17, 10, 1, 13, 9, 4, 6, 30, 24, 14, 2, 3, 1, 11, 1, 20, 17, 4, 12, 22, 9, 6, 15, 4, 9, 4, 25, 16, 22, 2, 4, 11, 1, 28, 2, 13, 4, 7, 6, 2, 7, 1, 2, 4, 4, 4, 4, 9, 14, 1, 13, 2, 13, 10, 5, 2, 26, 2, 12, 5, 2, 9, 36, 16, 13, 18, 1, 26, 1, 14, 6, 8, 16, 5, 1, 20, 1, 17, 1, 5, 9, 26, 
52: 5, 4, 10, 11, 2, 2, 17, 2, 2, 2, 13, 2, 6, 15, 7, 2, 1, 5, 3, 3, 9, 1, 2, 34, 12, 9, 20, 7, 3, 20, 1, 1, 12, 1, 3, 8, 14, 8, 3, 5, 23, 19, 20, 4, 1, 9, 2, 14, 10, 2, 1, 5, 21, 2, 16, 5, 8, 6, 3, 7, 1, 1, 2, 1, 14, 22, 2, 4, 20, 4, 2, 8, 9, 4, 4, 3, 8, 35, 2, 2, 2, 9, 31, 2, 8, 30, 20, 7, 3, 3, 8, 32, 4, 3, 6, 1, 0, 0, 0, 0, 0, 0, 0, 0, 0, 0, 0, 0, 0, 0, 0, 0, 0, 0, 0, 0, 0, 0, 0, 0, 0, 0, 0, 0, 0, 0, 0, 0, 0, 0, 0, 0, 0, 0, 0, 0, 0, 0, 0, 0, 0, 0, 0, 0, 0, 0, 0, 0, 0, 0, 0, 0, 0, 0, 0, 0, 0, 0, 0, 0, 0, 0, 0, 0, 0, 0, 0, 0, 0, 0, 0, 0, 0, 0, 0, 0, 0, 0, 0, 0, 0, 0, 0, 0, 0, 0, 0, 0, 0, 0, 0, 0, 0, 0, 0, 0, 0, 0, 0, 0, : 5, 4, 10, 11, 2, 2, 17, 2, 2, 2, 13, 2, 6, 15, 7, 2, 1, 5, 3, 3, 9, 1, 2, 34, 12, 9, 20, 7, 3, 20, 1, 1, 12, 1, 3, 8, 14, 8, 3, 5, 23, 19, 20, 4, 1, 9, 2, 14, 10, 2, 1, 5, 21, 2, 16, 5, 8, 6, 3, 7, 1, 1, 2, 1, 14, 22, 2, 4, 20, 4, 2, 8, 9, 4, 4, 3, 8, 35, 2, 2, 2, 9, 31, 2, 8, 30, 20, 7, 3, 3, 8, 32, 4, 3, 6, 1, 
53: 5, 1, 7, 14, 25, 2, 14, 3, 3, 4, 1, 8, 7, 26, 14, 2, 17, 3, 3, 24, 1, 1, 13, 14, 1, 3, 2, 10, 25, 15, 8, 1, 5, 6, 1, 1, 15, 1, 15, 4, 10, 18, 32, 12, 2, 8, 3, 6, 16, 2, 2, 16, 3, 3, 19, 7, 1, 12, 4, 4, 5, 18, 3, 19, 8, 12, 1, 11, 27, 8, 27, 17, 0, 0, 0, 0, 0, 0, 0, 0, 0, 0, 0, 0, 0, 0, 0, 0, 0, 0, 0, 0, 0, 0, 0, 0, 0, 0, 0, 0, 0, 0, 0, 0, 0, 0, 0, 0, 0, 0, 0, 0, 0, 0, 0, 0, 0, 0, 0, 0, 0, 0, 0, 0, 0, 0, 0, 0, 0, 0, 0, 0, 0, 0, 0, 0, 0, 0, 0, 0, 0, 0, 0, 0, 0, 0, 0, 0, 0, 0, 0, 0, 0, 0, 0, 0, 0, 0, 0, 0, 0, 0, 0, 0, 0, 0, 0, 0, 0, 0, 0, 0, 0, 0, 0, 0, 0, 0, 0, 0, 0, 0, 0, 0, 0, 0, 0, 0, 0, 0, 0, 0, 0, 0, 0, 0, 0, 0, 0, 0, : 5, 1, 7, 14, 25, 2, 14, 3, 3, 4, 1, 8, 7, 26, 14, 2, 17, 3, 3, 24, 1, 1, 13, 14, 1, 3, 2, 10, 25, 15, 8, 1, 5, 6, 1, 1, 15, 1, 15, 4, 10, 18, 32, 12, 2, 8, 3, 6, 16, 2, 2, 16, 3, 3, 19, 7, 1, 12, 4, 4, 5, 18, 3, 19, 8, 12, 1, 11, 27, 8, 27, 17, 
54: 3, 4, 3, 12, 3, 1, 11, 5, 4, 27, 20, 7, 1, 4, 6, 1, 1, 18, 6, 37, 2, 12, 2, 14, 19, 3, 9, 10, 4, 10, 1, 1, 2, 4, 8, 1, 5, 5, 1, 3, 3, 6, 1, 6, 6, 4, 6, 1, 2, 1, 24, 4, 6, 14, 4, 7, 17, 3, 10, 13, 10, 2, 16, 4, 7, 13, 5, 7, 7, 5, 17, 25, 1, 1, 3, 11, 10, 11, 26, 14, 6, 1, 16, 4, 3, 1, 22, 3, 1, 8, 1, 5, 4, 3, 33, 6, 5, 0, 0, 0, 0, 0, 0, 0, 0, 0, 0, 0, 0, 0, 0, 0, 0, 0, 0, 0, 0, 0, 0, 0, 0, 0, 0, 0, 0, 0, 0, 0, 0, 0, 0, 0, 0, 0, 0, 0, 0, 0, 0, 0, 0, 0, 0, 0, 0, 0, 0, 0, 0, 0, 0, 0, 0, 0, 0, 0, 0, 0, 0, 0, 0, 0, 0, 0, 0, 0, 0, 0, 0, 0, 0, 0, 0, 0, 0, 0, 0, 0, 0, 0, 0, 0, 0, 0, 0, 0, 0, 0, 0, 0, 0, 0, 0, 0, 0, 0, 0, 0, 0, 0, : 3, 4, 3, 12, 3, 1, 11, 5, 4, 27, 20, 7, 1, 4, 6, 1, 1, 18, 6, 37, 2, 12, 2, 14, 19, 3, 9, 10, 4, 10, 1, 1, 2, 4, 8, 1, 5, 5, 1, 3, 3, 6, 1, 6, 6, 4, 6, 1, 2, 1, 24, 4, 6, 14, 4, 7, 17, 3, 10, 13, 10, 2, 16, 4, 7, 13, 5, 7, 7, 5, 17, 25, 1, 1, 3, 11, 10, 11, 26, 14, 6, 1, 16, 4, 3, 1, 22, 3, 1, 8, 1, 5, 4, 3, 33, 6, 5, 
55: 2, 3, 7, 12, 10, 2, 3, 3, 5, 1, 8, 35, 1, 5, 8, 26, 15, 1, 11, 16, 1, 7, 2, 4, 13, 1, 2, 8, 1, 13, 8, 1, 14, 22, 1, 5, 8, 3, 8, 2, 4, 4, 8, 3, 29, 4, 1, 16, 4, 5, 13, 9, 7, 10, 29, 11, 2, 1, 12, 2, 1, 7, 3, 17, 28, 2, 3, 20, 18, 6, 1, 10, 9, 2, 21, 2, 2, 1, 15, 2, 2, 2, 29, 8, 6, 4, 1, 6, 3, 12, 2, 28, 5, 7, 9, 3, 1, 8, 13, 1, 6, 11, 6, 4, 14, 32, 7, 12, 10, 1, 4, 23, 5, 24, 0, 0, 0, 0, 0, 0, 0, 0, 0, 0, 0, 0, 0, 0, 0, 0, 0, 0, 0, 0, 0, 0, 0, 0, 0, 0, 0, 0, 0, 0, 0, 0, 0, 0, 0, 0, 0, 0, 0, 0, 0, 0, 0, 0, 0, 0, 0, 0, 0, 0, 0, 0, 0, 0, 0, 0, 0, 0, 0, 0, 0, 0, 0, 0, 0, 0, 0, 0, 0, 0, 0, 0, 0, 0, 0, 0, 0, 0, 0, 0, 0, 0, 0, 0, 0, 0, : 2, 3, 7, 12, 10, 2, 3, 3, 5, 1, 8, 35, 1, 5, 8, 26, 15, 1, 11, 16, 1, 7, 2, 4, 13, 1, 2, 8, 1, 13, 8, 1, 14, 22, 1, 5, 8, 3, 8, 2, 4, 4, 8, 3, 29, 4, 1, 16, 4, 5, 13, 9, 7, 10, 29, 11, 2, 1, 12, 2, 1, 7, 3, 17, 28, 2, 3, 20, 18, 6, 1, 10, 9, 2, 21, 2, 2, 1, 15, 2, 2, 2, 29, 8, 6, 4, 1, 6, 3, 12, 2, 28, 5, 7, 9, 3, 1, 8, 13, 1, 6, 11, 6, 4, 14, 32, 7, 12, 10, 1, 4, 23, 5, 24, 
56: 2, 7, 23, 13, 1, 3, 9, 12, 6, 14, 1, 8, 1, 5, 8, 27, 14, 5, 18, 1, 2, 6, 2, 2, 11, 12, 12, 11, 2, 6, 12, 1, 5, 3, 27, 33, 1, 19, 10, 3, 3, 1, 14, 2, 2, 17, 11, 8, 1, 4, 19, 33, 4, 9, 5, 16, 19, 4, 5, 8, 2, 3, 3, 32, 6, 1, 4, 7, 7, 5, 8, 4, 1, 7, 2, 22, 2, 25, 2, 9, 18, 2, 14, 1, 7, 18, 12, 1, 8, 2, 3, 2, 2, 15, 9, 1, 9, 27, 15, 12, 4, 11, 1, 13, 4, 15, 16, 15, 22, 1, 8, 3, 17, 1, 1, 1, 0, 0, 0, 0, 0, 0, 0, 0, 0, 0, 0, 0, 0, 0, 0, 0, 0, 0, 0, 0, 0, 0, 0, 0, 0, 0, 0, 0, 0, 0, 0, 0, 0, 0, 0, 0, 0, 0, 0, 0, 0, 0, 0, 0, 0, 0, 0, 0, 0, 0, 0, 0, 0, 0, 0, 0, 0, 0, 0, 0, 0, 0, 0, 0, 0, 0, 0, 0, 0, 0, 0, 0, 0, 0, 0, 0, 0, 0, 0, 0, 0, 0, 0, 0, : 2, 7, 23, 13, 1, 3, 9, 12, 6, 14, 1, 8, 1, 5, 8, 27, 14, 5, 18, 1, 2, 6, 2, 2, 11, 12, 12, 11, 2, 6, 12, 1, 5, 3, 27, 33, 1, 19, 10, 3, 3, 1, 14, 2, 2, 17, 11, 8, 1, 4, 19, 33, 4, 9, 5, 16, 19, 4, 5, 8, 2, 3, 3, 32, 6, 1, 4, 7, 7, 5, 8, 4, 1, 7, 2, 22, 2, 25, 2, 9, 18, 2, 14, 1, 7, 18, 12, 1, 8, 2, 3, 2, 2, 15, 9, 1, 9, 27, 15, 12, 4, 11, 1, 13, 4, 15, 16, 15, 22, 1, 8, 3, 17, 1, 1, 1, 
57: 5, 3, 3, 15, 1, 8, 4, 10, 6, 3, 28, 2, 8, 5, 2, 5, 6, 17, 32, 9, 4, 6, 12, 1, 1, 2, 9, 5, 10, 4, 34, 27, 24, 19, 4, 11, 5, 12, 6, 24, 10, 2, 1, 3, 13, 7, 29, 2, 1, 3, 6, 12, 3, 13, 14, 3, 1, 7, 18, 9, 1, 16, 1, 1, 1, 11, 6, 27, 4, 1, 1, 2, 12, 14, 11, 2, 10, 6, 13, 1, 22, 6, 10, 8, 17, 11, 1, 5, 16, 1, 6, 27, 2, 13, 9, 0, 0, 0, 0, 0, 0, 0, 0, 0, 0, 0, 0, 0, 0, 0, 0, 0, 0, 0, 0, 0, 0, 0, 0, 0, 0, 0, 0, 0, 0, 0, 0, 0, 0, 0, 0, 0, 0, 0, 0, 0, 0, 0, 0, 0, 0, 0, 0, 0, 0, 0, 0, 0, 0, 0, 0, 0, 0, 0, 0, 0, 0, 0, 0, 0, 0, 0, 0, 0, 0, 0, 0, 0, 0, 0, 0, 0, 0, 0, 0, 0, 0, 0, 0, 0, 0, 0, 0, 0, 0, 0, 0, 0, 0, 0, 0, 0, 0, 0, 0, 0, 0, 0, 0, 0, : 5, 3, 3, 15, 1, 8, 4, 10, 6, 3, 28, 2, 8, 5, 2, 5, 6, 17, 32, 9, 4, 6, 12, 1, 1, 2, 9, 5, 10, 4, 34, 27, 24, 19, 4, 11, 5, 12, 6, 24, 10, 2, 1, 3, 13, 7, 29, 2, 1, 3, 6, 12, 3, 13, 14, 3, 1, 7, 18, 9, 1, 16, 1, 1, 1, 11, 6, 27, 4, 1, 1, 2, 12, 14, 11, 2, 10, 6, 13, 1, 22, 6, 10, 8, 17, 11, 1, 5, 16, 1, 6, 27, 2, 13, 9, 
58: 11, 27, 27, 12, 14, 2, 15, 1, 4, 3, 7, 4, 2, 1, 9, 5, 1, 5, 3, 6, 1, 8, 5, 2, 4, 12, 3, 1, 1, 6, 13, 1, 2, 6, 8, 7, 1, 3, 1, 14, 12, 5, 3, 2, 7, 1, 11, 2, 3, 6, 19, 4, 2, 4, 1, 9, 22, 1, 1, 1, 4, 31, 3, 4, 9, 9, 1, 13, 6, 14, 18, 5, 2, 18, 18, 3, 12, 8, 8, 14, 6, 4, 5, 4, 15, 4, 1, 2, 11, 4, 2, 6, 1, 2, 10, 8, 34, 15, 7, 6, 19, 5, 15, 4, 15, 6, 20, 6, 9, 8, 6, 3, 8, 1, 4, 0, 0, 0, 0, 0, 0, 0, 0, 0, 0, 0, 0, 0, 0, 0, 0, 0, 0, 0, 0, 0, 0, 0, 0, 0, 0, 0, 0, 0, 0, 0, 0, 0, 0, 0, 0, 0, 0, 0, 0, 0, 0, 0, 0, 0, 0, 0, 0, 0, 0, 0, 0, 0, 0, 0, 0, 0, 0, 0, 0, 0, 0, 0, 0, 0, 0, 0, 0, 0, 0, 0, 0, 0, 0, 0, 0, 0, 0, 0, 0, 0, 0, 0, 0, 0, : 11, 27, 27, 12, 14, 2, 15, 1, 4, 3, 7, 4, 2, 1, 9, 5, 1, 5, 3, 6, 1, 8, 5, 2, 4, 12, 3, 1, 1, 6, 13, 1, 2, 6, 8, 7, 1, 3, 1, 14, 12, 5, 3, 2, 7, 1, 11, 2, 3, 6, 19, 4, 2, 4, 1, 9, 22, 1, 1, 1, 4, 31, 3, 4, 9, 9, 1, 13, 6, 14, 18, 5, 2, 18, 18, 3, 12, 8, 8, 14, 6, 4, 5, 4, 15, 4, 1, 2, 11, 4, 2, 6, 1, 2, 10, 8, 34, 15, 7, 6, 19, 5, 15, 4, 15, 6, 20, 6, 9, 8, 6, 3, 8, 1, 4, 
59: 6, 32, 14, 7, 3, 18, 11, 5, 1, 2, 1, 16, 5, 1, 4, 3, 11, 2, 9, 7, 1, 5, 3, 20, 5, 6, 5, 9, 15, 2, 2, 1, 1, 3, 17, 1, 11, 2, 5, 7, 3, 29, 2, 2, 7, 3, 1, 3, 10, 29, 1, 5, 13, 12, 10, 2, 1, 28, 26, 1, 6, 5, 9, 1, 13, 15, 7, 1, 2, 21, 4, 5, 4, 1, 15, 10, 6, 19, 1, 2, 6, 3, 1, 11, 6, 3, 4, 7, 4, 3, 21, 5, 1, 3, 3, 2, 6, 9, 16, 32, 11, 2, 13, 16, 13, 4, 1, 0, 0, 0, 0, 0, 0, 0, 0, 0, 0, 0, 0, 0, 0, 0, 0, 0, 0, 0, 0, 0, 0, 0, 0, 0, 0, 0, 0, 0, 0, 0, 0, 0, 0, 0, 0, 0, 0, 0, 0, 0, 0, 0, 0, 0, 0, 0, 0, 0, 0, 0, 0, 0, 0, 0, 0, 0, 0, 0, 0, 0, 0, 0, 0, 0, 0, 0, 0, 0, 0, 0, 0, 0, 0, 0, 0, 0, 0, 0, 0, 0, 0, 0, 0, 0, 0, 0, 0, 0, 0, 0, 0, 0, : 6, 32, 14, 7, 3, 18, 11, 5, 1, 2, 1, 16, 5, 1, 4, 3, 11, 2, 9, 7, 1, 5, 3, 20, 5, 6, 5, 9, 15, 2, 2, 1, 1, 3, 17, 1, 11, 2, 5, 7, 3, 29, 2, 2, 7, 3, 1, 3, 10, 29, 1, 5, 13, 12, 10, 2, 1, 28, 26, 1, 6, 5, 9, 1, 13, 15, 7, 1, 2, 21, 4, 5, 4, 1, 15, 10, 6, 19, 1, 2, 6, 3, 1, 11, 6, 3, 4, 7, 4, 3, 21, 5, 1, 3, 3, 2, 6, 9, 16, 32, 11, 2, 13, 16, 13, 4, 1, 
60: 26, 17, 2, 14, 6, 1, 1, 6, 2, 7, 9, 7, 2, 4, 5, 11, 3, 1, 1, 36, 8, 16, 23, 3, 2, 17, 11, 8, 1, 5, 13, 5, 12, 2, 21, 33, 26, 19, 5, 1, 24, 5, 27, 9, 7, 32, 11, 6, 20, 13, 10, 5, 20, 18, 1, 17, 17, 4, 30, 8, 3, 9, 3, 1, 9, 4, 2, 6, 9, 2, 9, 17, 10, 1, 9, 2, 12, 14, 1, 1, 2, 11, 12, 3, 10, 9, 14, 5, 6, 5, 21, 5, 15, 2, 1, 1, 9, 0, 0, 0, 0, 0, 0, 0, 0, 0, 0, 0, 0, 0, 0, 0, 0, 0, 0, 0, 0, 0, 0, 0, 0, 0, 0, 0, 0, 0, 0, 0, 0, 0, 0, 0, 0, 0, 0, 0, 0, 0, 0, 0, 0, 0, 0, 0, 0, 0, 0, 0, 0, 0, 0, 0, 0, 0, 0, 0, 0, 0, 0, 0, 0, 0, 0, 0, 0, 0, 0, 0, 0, 0, 0, 0, 0, 0, 0, 0, 0, 0, 0, 0, 0, 0, 0, 0, 0, 0, 0, 0, 0, 0, 0, 0, 0, 0, 0, 0, 0, 0, 0, 0, : 26, 17, 2, 14, 6, 1, 1, 6, 2, 7, 9, 7, 2, 4, 5, 11, 3, 1, 1, 36, 8, 16, 23, 3, 2, 17, 11, 8, 1, 5, 13, 5, 12, 2, 21, 33, 26, 19, 5, 1, 24, 5, 27, 9, 7, 32, 11, 6, 20, 13, 10, 5, 20, 18, 1, 17, 17, 4, 30, 8, 3, 9, 3, 1, 9, 4, 2, 6, 9, 2, 9, 17, 10, 1, 9, 2, 12, 14, 1, 1, 2, 11, 12, 3, 10, 9, 14, 5, 6, 5, 21, 5, 15, 2, 1, 1, 9, 
61: 4, 4, 23, 5, 1, 4, 8, 3, 1, 2, 2, 20, 7, 13, 20, 12, 3, 7, 1, 3, 2, 2, 12, 2, 7, 2, 4, 5, 1, 6, 4, 12, 11, 3, 3, 2, 5, 1, 2, 1, 22, 3, 10, 9, 5, 16, 20, 2, 1, 17, 33, 5, 21, 3, 35, 9, 2, 13, 15, 19, 5, 8, 16, 22, 5, 5, 4, 15, 4, 5, 2, 9, 18, 1, 24, 6, 2, 14, 3, 10, 2, 6, 1, 0, 0, 0, 0, 0, 0, 0, 0, 0, 0, 0, 0, 0, 0, 0, 0, 0, 0, 0, 0, 0, 0, 0, 0, 0, 0, 0, 0, 0, 0, 0, 0, 0, 0, 0, 0, 0, 0, 0, 0, 0, 0, 0, 0, 0, 0, 0, 0, 0, 0, 0, 0, 0, 0, 0, 0, 0, 0, 0, 0, 0, 0, 0, 0, 0, 0, 0, 0, 0, 0, 0, 0, 0, 0, 0, 0, 0, 0, 0, 0, 0, 0, 0, 0, 0, 0, 0, 0, 0, 0, 0, 0, 0, 0, 0, 0, 0, 0, 0, 0, 0, 0, 0, 0, 0, 0, 0, 0, 0, 0, 0, 0, 0, 0, 0, 0, 0, : 4, 4, 23, 5, 1, 4, 8, 3, 1, 2, 2, 20, 7, 13, 20, 12, 3, 7, 1, 3, 2, 2, 12, 2, 7, 2, 4, 5, 1, 6, 4, 12, 11, 3, 3, 2, 5, 1, 2, 1, 22, 3, 10, 9, 5, 16, 20, 2, 1, 17, 33, 5, 21, 3, 35, 9, 2, 13, 15, 19, 5, 8, 16, 22, 5, 5, 4, 15, 4, 5, 2, 9, 18, 1, 24, 6, 2, 14, 3, 10, 2, 6, 1, 
62: 20, 1, 14, 1, 11, 4, 8, 14, 1, 22, 5, 11, 10, 10, 27, 14, 8, 1, 12, 2, 9, 1, 7, 37, 1, 1, 5, 2, 4, 7, 7, 4, 1, 4, 16, 6, 5, 8, 7, 28, 15, 2, 7, 3, 2, 2, 21, 3, 30, 13, 12, 5, 1, 16, 23, 6, 22, 1, 7, 4, 1, 6, 9, 10, 7, 15, 11, 10, 27, 18, 1, 19, 6, 3, 24, 5, 9, 4, 18, 1, 2, 1, 7, 19, 23, 22, 3, 4, 29, 4, 8, 1, 1, 7, 5, 0, 0, 0, 0, 0, 0, 0, 0, 0, 0, 0, 0, 0, 0, 0, 0, 0, 0, 0, 0, 0, 0, 0, 0, 0, 0, 0, 0, 0, 0, 0, 0, 0, 0, 0, 0, 0, 0, 0, 0, 0, 0, 0, 0, 0, 0, 0, 0, 0, 0, 0, 0, 0, 0, 0, 0, 0, 0, 0, 0, 0, 0, 0, 0, 0, 0, 0, 0, 0, 0, 0, 0, 0, 0, 0, 0, 0, 0, 0, 0, 0, 0, 0, 0, 0, 0, 0, 0, 0, 0, 0, 0, 0, 0, 0, 0, 0, 0, 0, 0, 0, 0, 0, 0, 0, : 20, 1, 14, 1, 11, 4, 8, 14, 1, 22, 5, 11, 10, 10, 27, 14, 8, 1, 12, 2, 9, 1, 7, 37, 1, 1, 5, 2, 4, 7, 7, 4, 1, 4, 16, 6, 5, 8, 7, 28, 15, 2, 7, 3, 2, 2, 21, 3, 30, 13, 12, 5, 1, 16, 23, 6, 22, 1, 7, 4, 1, 6, 9, 10, 7, 15, 11, 10, 27, 18, 1, 19, 6, 3, 24, 5, 9, 4, 18, 1, 2, 1, 7, 19, 23, 22, 3, 4, 29, 4, 8, 1, 1, 7, 5, 
63: 9, 5, 11, 6, 12, 1, 5, 6, 2, 1, 13, 20, 6, 2, 4, 2, 3, 1, 4, 29, 28, 2, 2, 4, 8, 5, 5, 10, 6, 10, 11, 20, 1, 27, 19, 2, 11, 10, 1, 7, 1, 2, 1, 5, 1, 2, 9, 29, 6, 2, 16, 19, 1, 12, 19, 21, 11, 1, 18, 3, 6, 3, 2, 4, 1, 21, 6, 7, 12, 4, 3, 1, 1, 6, 6, 6, 1, 1, 1, 21, 15, 4, 6, 29, 8, 2, 22, 9, 1, 5, 4, 12, 0, 0, 0, 0, 0, 0, 0, 0, 0, 0, 0, 0, 0, 0, 0, 0, 0, 0, 0, 0, 0, 0, 0, 0, 0, 0, 0, 0, 0, 0, 0, 0, 0, 0, 0, 0, 0, 0, 0, 0, 0, 0, 0, 0, 0, 0, 0, 0, 0, 0, 0, 0, 0, 0, 0, 0, 0, 0, 0, 0, 0, 0, 0, 0, 0, 0, 0, 0, 0, 0, 0, 0, 0, 0, 0, 0, 0, 0, 0, 0, 0, 0, 0, 0, 0, 0, 0, 0, 0, 0, 0, 0, 0, 0, 0, 0, 0, 0, 0, 0, 0, 0, 0, 0, 0, 0, 0, 0, : 9, 5, 11, 6, 12, 1, 5, 6, 2, 1, 13, 20, 6, 2, 4, 2, 3, 1, 4, 29, 28, 2, 2, 4, 8, 5, 5, 10, 6, 10, 11, 20, 1, 27, 19, 2, 11, 10, 1, 7, 1, 2, 1, 5, 1, 2, 9, 29, 6, 2, 16, 19, 1, 12, 19, 21, 11, 1, 18, 3, 6, 3, 2, 4, 1, 21, 6, 7, 12, 4, 3, 1, 1, 6, 6, 6, 1, 1, 1, 21, 15, 4, 6, 29, 8, 2, 22, 9, 1, 5, 4, 12, 
64: 13, 14, 2, 3, 8, 1, 22, 10, 1, 3, 2, 1, 6, 6, 5, 5, 12, 3, 15, 4, 2, 9, 14, 7, 3, 2, 8, 9, 1, 9, 15, 4, 1, 10, 10, 7, 5, 2, 8, 10, 1, 24, 1, 23, 3, 32, 8, 19, 4, 2, 14, 2, 7, 1, 1, 7, 6, 13, 7, 21, 8, 5, 1, 2, 31, 1, 31, 6, 16, 10, 3, 12, 5, 5, 10, 1, 12, 7, 0, 0, 0, 0, 0, 0, 0, 0, 0, 0, 0, 0, 0, 0, 0, 0, 0, 0, 0, 0, 0, 0, 0, 0, 0, 0, 0, 0, 0, 0, 0, 0, 0, 0, 0, 0, 0, 0, 0, 0, 0, 0, 0, 0, 0, 0, 0, 0, 0, 0, 0, 0, 0, 0, 0, 0, 0, 0, 0, 0, 0, 0, 0, 0, 0, 0, 0, 0, 0, 0, 0, 0, 0, 0, 0, 0, 0, 0, 0, 0, 0, 0, 0, 0, 0, 0, 0, 0, 0, 0, 0, 0, 0, 0, 0, 0, 0, 0, 0, 0, 0, 0, 0, 0, 0, 0, 0, 0, 0, 0, 0, 0, 0, 0, 0, 0, 0, 0, 0, 0, 0, 0, : 13, 14, 2, 3, 8, 1, 22, 10, 1, 3, 2, 1, 6, 6, 5, 5, 12, 3, 15, 4, 2, 9, 14, 7, 3, 2, 8, 9, 1, 9, 15, 4, 1, 10, 10, 7, 5, 2, 8, 10, 1, 24, 1, 23, 3, 32, 8, 19, 4, 2, 14, 2, 7, 1, 1, 7, 6, 13, 7, 21, 8, 5, 1, 2, 31, 1, 31, 6, 16, 10, 3, 12, 5, 5, 10, 1, 12, 7, 
65: 2, 2, 2, 1, 9, 7, 6, 12, 11, 15, 5, 17, 5, 18, 6, 2, 3, 26, 2, 4, 15, 1, 13, 8, 17, 9, 4, 3, 6, 3, 2, 11, 2, 2, 2, 2, 5, 2, 15, 1, 17, 4, 24, 26, 2, 13, 19, 9, 4, 5, 28, 20, 14, 9, 6, 16, 4, 10, 1, 7, 24, 8, 7, 3, 5, 2, 2, 5, 24, 3, 15, 0, 0, 0, 0, 0, 0, 0, 0, 0, 0, 0, 0, 0, 0, 0, 0, 0, 0, 0, 0, 0, 0, 0, 0, 0, 0, 0, 0, 0, 0, 0, 0, 0, 0, 0, 0, 0, 0, 0, 0, 0, 0, 0, 0, 0, 0, 0, 0, 0, 0, 0, 0, 0, 0, 0, 0, 0, 0, 0, 0, 0, 0, 0, 0, 0, 0, 0, 0, 0, 0, 0, 0, 0, 0, 0, 0, 0, 0, 0, 0, 0, 0, 0, 0, 0, 0, 0, 0, 0, 0, 0, 0, 0, 0, 0, 0, 0, 0, 0, 0, 0, 0, 0, 0, 0, 0, 0, 0, 0, 0, 0, 0, 0, 0, 0, 0, 0, 0, 0, 0, 0, 0, 0, 0, 0, 0, 0, 0, 0, : 2, 2, 2, 1, 9, 7, 6, 12, 11, 15, 5, 17, 5, 18, 6, 2, 3, 26, 2, 4, 15, 1, 13, 8, 17, 9, 4, 3, 6, 3, 2, 11, 2, 2, 2, 2, 5, 2, 15, 1, 17, 4, 24, 26, 2, 13, 19, 9, 4, 5, 28, 20, 14, 9, 6, 16, 4, 10, 1, 7, 24, 8, 7, 3, 5, 2, 2, 5, 24, 3, 15, 
66: 3, 28, 7, 7, 8, 2, 5, 8, 4, 3, 4, 2, 2, 2, 6, 1, 2, 24, 8, 25, 3, 5, 14, 1, 21, 1, 14, 4, 1, 38, 1, 13, 5, 5, 8, 1, 15, 4, 2, 22, 8, 4, 8, 2, 11, 9, 1, 3, 2, 4, 3, 6, 16, 3, 3, 2, 16, 8, 3, 2, 22, 5, 24, 5, 33, 27, 5, 5, 15, 21, 11, 1, 3, 2, 3, 7, 1, 4, 23, 18, 1, 5, 1, 0, 0, 0, 0, 0, 0, 0, 0, 0, 0, 0, 0, 0, 0, 0, 0, 0, 0, 0, 0, 0, 0, 0, 0, 0, 0, 0, 0, 0, 0, 0, 0, 0, 0, 0, 0, 0, 0, 0, 0, 0, 0, 0, 0, 0, 0, 0, 0, 0, 0, 0, 0, 0, 0, 0, 0, 0, 0, 0, 0, 0, 0, 0, 0, 0, 0, 0, 0, 0, 0, 0, 0, 0, 0, 0, 0, 0, 0, 0, 0, 0, 0, 0, 0, 0, 0, 0, 0, 0, 0, 0, 0, 0, 0, 0, 0, 0, 0, 0, 0, 0, 0, 0, 0, 0, 0, 0, 0, 0, 0, 0, 0, 0, 0, 0, 0, 0, : 3, 28, 7, 7, 8, 2, 5, 8, 4, 3, 4, 2, 2, 2, 6, 1, 2, 24, 8, 25, 3, 5, 14, 1, 21, 1, 14, 4, 1, 38, 1, 13, 5, 5, 8, 1, 15, 4, 2, 22, 8, 4, 8, 2, 11, 9, 1, 3, 2, 4, 3, 6, 16, 3, 3, 2, 16, 8, 3, 2, 22, 5, 24, 5, 33, 27, 5, 5, 15, 21, 11, 1, 3, 2, 3, 7, 1, 4, 23, 18, 1, 5, 1, 
67: 1, 14, 1, 1, 13, 12, 16, 2, 24, 1, 4, 4, 6, 3, 11, 8, 1, 9, 7, 17, 17, 8, 11, 2, 6, 14, 5, 8, 8, 28, 3, 2, 9, 14, 13, 1, 7, 14, 2, 5, 5, 6, 6, 9, 11, 3, 25, 6, 5, 6, 14, 19, 2, 1, 6, 13, 5, 13, 2, 6, 1, 17, 4, 23, 14, 30, 10, 10, 22, 7, 6, 1, 1, 1, 7, 9, 1, 6, 3, 8, 1, 13, 4, 10, 11, 2, 1, 8, 6, 2, 20, 2, 2, 0, 0, 0, 0, 0, 0, 0, 0, 0, 0, 0, 0, 0, 0, 0, 0, 0, 0, 0, 0, 0, 0, 0, 0, 0, 0, 0, 0, 0, 0, 0, 0, 0, 0, 0, 0, 0, 0, 0, 0, 0, 0, 0, 0, 0, 0, 0, 0, 0, 0, 0, 0, 0, 0, 0, 0, 0, 0, 0, 0, 0, 0, 0, 0, 0, 0, 0, 0, 0, 0, 0, 0, 0, 0, 0, 0, 0, 0, 0, 0, 0, 0, 0, 0, 0, 0, 0, 0, 0, 0, 0, 0, 0, 0, 0, 0, 0, 0, 0, 0, 0, 0, 0, 0, 0, 0, 0, : 1, 14, 1, 1, 13, 12, 16, 2, 24, 1, 4, 4, 6, 3, 11, 8, 1, 9, 7, 17, 17, 8, 11, 2, 6, 14, 5, 8, 8, 28, 3, 2, 9, 14, 13, 1, 7, 14, 2, 5, 5, 6, 6, 9, 11, 3, 25, 6, 5, 6, 14, 19, 2, 1, 6, 13, 5, 13, 2, 6, 1, 17, 4, 23, 14, 30, 10, 10, 22, 7, 6, 1, 1, 1, 7, 9, 1, 6, 3, 8, 1, 13, 4, 10, 11, 2, 1, 8, 6, 2, 20, 2, 2, 
68: 9, 15, 4, 8, 5, 3, 7, 9, 1, 11, 1, 7, 12, 24, 2, 1, 1, 2, 17, 32, 11, 11, 15, 11, 7, 9, 4, 1, 2, 1, 1, 2, 9, 22, 3, 8, 12, 1, 1, 1, 3, 12, 5, 2, 8, 26, 1, 1, 2, 12, 4, 1, 3, 4, 5, 4, 1, 1, 12, 3, 2, 11, 1, 7, 11, 1, 7, 2, 6, 11, 4, 1, 10, 15, 9, 10, 16, 1, 24, 24, 5, 2, 7, 6, 1, 2, 17, 1, 1, 5, 13, 6, 2, 2, 29, 7, 16, 19, 4, 1, 5, 10, 5, 35, 0, 0, 0, 0, 0, 0, 0, 0, 0, 0, 0, 0, 0, 0, 0, 0, 0, 0, 0, 0, 0, 0, 0, 0, 0, 0, 0, 0, 0, 0, 0, 0, 0, 0, 0, 0, 0, 0, 0, 0, 0, 0, 0, 0, 0, 0, 0, 0, 0, 0, 0, 0, 0, 0, 0, 0, 0, 0, 0, 0, 0, 0, 0, 0, 0, 0, 0, 0, 0, 0, 0, 0, 0, 0, 0, 0, 0, 0, 0, 0, 0, 0, 0, 0, 0, 0, 0, 0, 0, 0, 0, 0, 0, 0, 0, 0, : 9, 15, 4, 8, 5, 3, 7, 9, 1, 11, 1, 7, 12, 24, 2, 1, 1, 2, 17, 32, 11, 11, 15, 11, 7, 9, 4, 1, 2, 1, 1, 2, 9, 22, 3, 8, 12, 1, 1, 1, 3, 12, 5, 2, 8, 26, 1, 1, 2, 12, 4, 1, 3, 4, 5, 4, 1, 1, 12, 3, 2, 11, 1, 7, 11, 1, 7, 2, 6, 11, 4, 1, 10, 15, 9, 10, 16, 1, 24, 24, 5, 2, 7, 6, 1, 2, 17, 1, 1, 5, 13, 6, 2, 2, 29, 7, 16, 19, 4, 1, 5, 10, 5, 35, 
69: 19, 2, 2, 16, 13, 9, 13, 3, 5, 5, 30, 2, 2, 1, 11, 3, 3, 1, 1, 9, 3, 10, 5, 15, 9, 1, 11, 4, 1, 30, 1, 9, 29, 19, 3, 6, 18, 6, 3, 1, 14, 11, 31, 13, 11, 11, 7, 2, 5, 1, 2, 1, 23, 2, 1, 8, 4, 1, 5, 2, 8, 16, 10, 3, 11, 19, 7, 4, 17, 15, 3, 11, 1, 1, 18, 31, 1, 15, 1, 10, 20, 2, 11, 6, 8, 1, 15, 21, 1, 22, 17, 13, 30, 7, 1, 13, 3, 16, 4, 22, 24, 9, 2, 1, 5, 1, 21, 3, 13, 7, 5, 19, 4, 5, 8, 1, 2, 11, 0, 0, 0, 0, 0, 0, 0, 0, 0, 0, 0, 0, 0, 0, 0, 0, 0, 0, 0, 0, 0, 0, 0, 0, 0, 0, 0, 0, 0, 0, 0, 0, 0, 0, 0, 0, 0, 0, 0, 0, 0, 0, 0, 0, 0, 0, 0, 0, 0, 0, 0, 0, 0, 0, 0, 0, 0, 0, 0, 0, 0, 0, 0, 0, 0, 0, 0, 0, 0, 0, 0, 0, 0, 0, 0, 0, 0, 0, 0, 0, 0, 0, : 19, 2, 2, 16, 13, 9, 13, 3, 5, 5, 30, 2, 2, 1, 11, 3, 3, 1, 1, 9, 3, 10, 5, 15, 9, 1, 11, 4, 1, 30, 1, 9, 29, 19, 3, 6, 18, 6, 3, 1, 14, 11, 31, 13, 11, 11, 7, 2, 5, 1, 2, 1, 23, 2, 1, 8, 4, 1, 5, 2, 8, 16, 10, 3, 11, 19, 7, 4, 17, 15, 3, 11, 1, 1, 18, 31, 1, 15, 1, 10, 20, 2, 11, 6, 8, 1, 15, 21, 1, 22, 17, 13, 30, 7, 1, 13, 3, 16, 4, 22, 24, 9, 2, 1, 5, 1, 21, 3, 13, 7, 5, 19, 4, 5, 8, 1, 2, 11, 
70: 20, 6, 16, 1, 23, 6, 2, 2, 7, 30, 10, 8, 2, 29, 20, 19, 34, 2, 1, 1, 1, 10, 8, 14, 16, 4, 20, 2, 12, 2, 2, 18, 10, 13, 13, 1, 3, 1, 9, 12, 4, 3, 1, 6, 19, 24, 4, 3, 1, 6, 1, 6, 10, 5, 3, 24, 2, 1, 10, 7, 3, 2, 11, 4, 25, 2, 3, 30, 3, 15, 2, 3, 5, 3, 15, 2, 12, 16, 11, 9, 4, 5, 5, 3, 1, 28, 19, 22, 7, 6, 0, 0, 0, 0, 0, 0, 0, 0, 0, 0, 0, 0, 0, 0, 0, 0, 0, 0, 0, 0, 0, 0, 0, 0, 0, 0, 0, 0, 0, 0, 0, 0, 0, 0, 0, 0, 0, 0, 0, 0, 0, 0, 0, 0, 0, 0, 0, 0, 0, 0, 0, 0, 0, 0, 0, 0, 0, 0, 0, 0, 0, 0, 0, 0, 0, 0, 0, 0, 0, 0, 0, 0, 0, 0, 0, 0, 0, 0, 0, 0, 0, 0, 0, 0, 0, 0, 0, 0, 0, 0, 0, 0, 0, 0, 0, 0, 0, 0, 0, 0, 0, 0, 0, 0, 0, 0, 0, 0, 0, 0, : 20, 6, 16, 1, 23, 6, 2, 2, 7, 30, 10, 8, 2, 29, 20, 19, 34, 2, 1, 1, 1, 10, 8, 14, 16, 4, 20, 2, 12, 2, 2, 18, 10, 13, 13, 1, 3, 1, 9, 12, 4, 3, 1, 6, 19, 24, 4, 3, 1, 6, 1, 6, 10, 5, 3, 24, 2, 1, 10, 7, 3, 2, 11, 4, 25, 2, 3, 30, 3, 15, 2, 3, 5, 3, 15, 2, 12, 16, 11, 9, 4, 5, 5, 3, 1, 28, 19, 22, 7, 6, 
71: 24, 6, 8, 1, 10, 3, 1, 17, 3, 17, 10, 4, 17, 11, 1, 17, 4, 2, 4, 3, 4, 32, 3, 2, 13, 2, 2, 2, 7, 5, 12, 4, 2, 4, 4, 22, 2, 2, 1, 13, 6, 5, 32, 19, 14, 1, 21, 17, 4, 6, 11, 19, 4, 4, 5, 2, 3, 7, 2, 7, 8, 14, 2, 3, 22, 5, 19, 18, 4, 5, 1, 3, 36, 3, 5, 28, 3, 12, 9, 9, 9, 2, 4, 1, 9, 0, 0, 0, 0, 0, 0, 0, 0, 0, 0, 0, 0, 0, 0, 0, 0, 0, 0, 0, 0, 0, 0, 0, 0, 0, 0, 0, 0, 0, 0, 0, 0, 0, 0, 0, 0, 0, 0, 0, 0, 0, 0, 0, 0, 0, 0, 0, 0, 0, 0, 0, 0, 0, 0, 0, 0, 0, 0, 0, 0, 0, 0, 0, 0, 0, 0, 0, 0, 0, 0, 0, 0, 0, 0, 0, 0, 0, 0, 0, 0, 0, 0, 0, 0, 0, 0, 0, 0, 0, 0, 0, 0, 0, 0, 0, 0, 0, 0, 0, 0, 0, 0, 0, 0, 0, 0, 0, 0, 0, 0, 0, 0, 0, 0, 0, : 24, 6, 8, 1, 10, 3, 1, 17, 3, 17, 10, 4, 17, 11, 1, 17, 4, 2, 4, 3, 4, 32, 3, 2, 13, 2, 2, 2, 7, 5, 12, 4, 2, 4, 4, 22, 2, 2, 1, 13, 6, 5, 32, 19, 14, 1, 21, 17, 4, 6, 11, 19, 4, 4, 5, 2, 3, 7, 2, 7, 8, 14, 2, 3, 22, 5, 19, 18, 4, 5, 1, 3, 36, 3, 5, 28, 3, 12, 9, 9, 9, 2, 4, 1, 9, 
72: 1, 22, 5, 2, 14, 6, 6, 23, 12, 2, 32, 9, 5, 15, 14, 3, 16, 6, 13, 13, 1, 5, 1, 1, 28, 1, 13, 6, 16, 1, 11, 1, 5, 12, 3, 6, 7, 7, 5, 36, 2, 10, 13, 10, 5, 7, 28, 4, 2, 11, 5, 2, 5, 5, 6, 16, 4, 12, 11, 18, 35, 19, 14, 17, 4, 8, 14, 3, 1, 5, 2, 9, 6, 10, 5, 14, 1, 2, 9, 4, 0, 0, 0, 0, 0, 0, 0, 0, 0, 0, 0, 0, 0, 0, 0, 0, 0, 0, 0, 0, 0, 0, 0, 0, 0, 0, 0, 0, 0, 0, 0, 0, 0, 0, 0, 0, 0, 0, 0, 0, 0, 0, 0, 0, 0, 0, 0, 0, 0, 0, 0, 0, 0, 0, 0, 0, 0, 0, 0, 0, 0, 0, 0, 0, 0, 0, 0, 0, 0, 0, 0, 0, 0, 0, 0, 0, 0, 0, 0, 0, 0, 0, 0, 0, 0, 0, 0, 0, 0, 0, 0, 0, 0, 0, 0, 0, 0, 0, 0, 0, 0, 0, 0, 0, 0, 0, 0, 0, 0, 0, 0, 0, 0, 0, 0, 0, 0, 0, 0, 0, : 1, 22, 5, 2, 14, 6, 6, 23, 12, 2, 32, 9, 5, 15, 14, 3, 16, 6, 13, 13, 1, 5, 1, 1, 28, 1, 13, 6, 16, 1, 11, 1, 5, 12, 3, 6, 7, 7, 5, 36, 2, 10, 13, 10, 5, 7, 28, 4, 2, 11, 5, 2, 5, 5, 6, 16, 4, 12, 11, 18, 35, 19, 14, 17, 4, 8, 14, 3, 1, 5, 2, 9, 6, 10, 5, 14, 1, 2, 9, 4, 
73: 14, 4, 6, 21, 5, 1, 7, 2, 17, 18, 8, 15, 3, 6, 2, 11, 4, 3, 26, 12, 17, 14, 19, 13, 7, 18, 7, 1, 2, 6, 29, 3, 1, 33, 20, 7, 1, 9, 12, 17, 7, 3, 18, 10, 14, 10, 8, 4, 1, 11, 3, 12, 9, 6, 4, 20, 1, 2, 1, 5, 15, 3, 7, 3, 2, 4, 4, 25, 5, 2, 17, 0, 0, 0, 0, 0, 0, 0, 0, 0, 0, 0, 0, 0, 0, 0, 0, 0, 0, 0, 0, 0, 0, 0, 0, 0, 0, 0, 0, 0, 0, 0, 0, 0, 0, 0, 0, 0, 0, 0, 0, 0, 0, 0, 0, 0, 0, 0, 0, 0, 0, 0, 0, 0, 0, 0, 0, 0, 0, 0, 0, 0, 0, 0, 0, 0, 0, 0, 0, 0, 0, 0, 0, 0, 0, 0, 0, 0, 0, 0, 0, 0, 0, 0, 0, 0, 0, 0, 0, 0, 0, 0, 0, 0, 0, 0, 0, 0, 0, 0, 0, 0, 0, 0, 0, 0, 0, 0, 0, 0, 0, 0, 0, 0, 0, 0, 0, 0, 0, 0, 0, 0, 0, 0, 0, 0, 0, 0, 0, 0, : 14, 4, 6, 21, 5, 1, 7, 2, 17, 18, 8, 15, 3, 6, 2, 11, 4, 3, 26, 12, 17, 14, 19, 13, 7, 18, 7, 1, 2, 6, 29, 3, 1, 33, 20, 7, 1, 9, 12, 17, 7, 3, 18, 10, 14, 10, 8, 4, 1, 11, 3, 12, 9, 6, 4, 20, 1, 2, 1, 5, 15, 3, 7, 3, 2, 4, 4, 25, 5, 2, 17, 
74: 8, 1, 5, 19, 17, 8, 1, 1, 9, 15, 1, 20, 6, 13, 5, 6, 4, 21, 13, 17, 6, 4, 9, 15, 11, 9, 1, 8, 8, 26, 4, 29, 14, 11, 2, 17, 2, 3, 5, 1, 2, 12, 2, 19, 10, 23, 2, 2, 14, 6, 11, 1, 4, 3, 32, 14, 6, 2, 7, 5, 3, 15, 4, 33, 2, 1, 1, 9, 14, 6, 3, 31, 11, 9, 10, 2, 4, 23, 1, 3, 4, 8, 9, 4, 5, 1, 9, 8, 15, 2, 6, 9, 2, 1, 22, 1, 7, 8, 2, 9, 3, 9, 3, 1, 2, 1, 5, 4, 5, 11, 7, 5, 12, 6, 3, 10, 1, 4, 2, 11, 0, 0, 0, 0, 0, 0, 0, 0, 0, 0, 0, 0, 0, 0, 0, 0, 0, 0, 0, 0, 0, 0, 0, 0, 0, 0, 0, 0, 0, 0, 0, 0, 0, 0, 0, 0, 0, 0, 0, 0, 0, 0, 0, 0, 0, 0, 0, 0, 0, 0, 0, 0, 0, 0, 0, 0, 0, 0, 0, 0, 0, 0, 0, 0, 0, 0, 0, 0, 0, 0, 0, 0, 0, 0, 0, 0, 0, 0, 0, 0, : 8, 1, 5, 19, 17, 8, 1, 1, 9, 15, 1, 20, 6, 13, 5, 6, 4, 21, 13, 17, 6, 4, 9, 15, 11, 9, 1, 8, 8, 26, 4, 29, 14, 11, 2, 17, 2, 3, 5, 1, 2, 12, 2, 19, 10, 23, 2, 2, 14, 6, 11, 1, 4, 3, 32, 14, 6, 2, 7, 5, 3, 15, 4, 33, 2, 1, 1, 9, 14, 6, 3, 31, 11, 9, 10, 2, 4, 23, 1, 3, 4, 8, 9, 4, 5, 1, 9, 8, 15, 2, 6, 9, 2, 1, 22, 1, 7, 8, 2, 9, 3, 9, 3, 1, 2, 1, 5, 4, 5, 11, 7, 5, 12, 6, 3, 10, 1, 4, 2, 11, 
75: 5, 3, 4, 8, 13, 21, 10, 2, 4, 4, 6, 7, 2, 6, 9, 3, 4, 5, 4, 10, 5, 29, 6, 23, 3, 12, 21, 17, 1, 10, 4, 11, 14, 3, 24, 1, 9, 1, 3, 5, 15, 1, 11, 3, 1, 5, 19, 28, 17, 1, 7, 5, 6, 20, 8, 3, 1, 27, 11, 18, 26, 1, 10, 1, 1, 2, 4, 3, 2, 10, 9, 1, 18, 6, 10, 26, 23, 1, 14, 3, 3, 10, 7, 6, 2, 4, 5, 13, 8, 20, 28, 6, 8, 2, 1, 15, 14, 0, 0, 0, 0, 0, 0, 0, 0, 0, 0, 0, 0, 0, 0, 0, 0, 0, 0, 0, 0, 0, 0, 0, 0, 0, 0, 0, 0, 0, 0, 0, 0, 0, 0, 0, 0, 0, 0, 0, 0, 0, 0, 0, 0, 0, 0, 0, 0, 0, 0, 0, 0, 0, 0, 0, 0, 0, 0, 0, 0, 0, 0, 0, 0, 0, 0, 0, 0, 0, 0, 0, 0, 0, 0, 0, 0, 0, 0, 0, 0, 0, 0, 0, 0, 0, 0, 0, 0, 0, 0, 0, 0, 0, 0, 0, 0, 0, 0, 0, 0, 0, 0, 0, : 5, 3, 4, 8, 13, 21, 10, 2, 4, 4, 6, 7, 2, 6, 9, 3, 4, 5, 4, 10, 5, 29, 6, 23, 3, 12, 21, 17, 1, 10, 4, 11, 14, 3, 24, 1, 9, 1, 3, 5, 15, 1, 11, 3, 1, 5, 19, 28, 17, 1, 7, 5, 6, 20, 8, 3, 1, 27, 11, 18, 26, 1, 10, 1, 1, 2, 4, 3, 2, 10, 9, 1, 18, 6, 10, 26, 23, 1, 14, 3, 3, 10, 7, 6, 2, 4, 5, 13, 8, 20, 28, 6, 8, 2, 1, 15, 14, 
76: 12, 4, 6, 17, 9, 5, 1, 3, 7, 1, 12, 3, 4, 2, 11, 2, 4, 8, 3, 1, 6, 20, 6, 3, 27, 14, 21, 3, 23, 1, 4, 8, 1, 8, 1, 10, 5, 9, 14, 5, 5, 11, 4, 12, 2, 7, 3, 3, 5, 1, 6, 2, 2, 2, 5, 13, 17, 4, 6, 6, 12, 7, 19, 2, 11, 28, 6, 7, 1, 7, 14, 6, 3, 7, 6, 8, 1, 5, 1, 0, 0, 0, 0, 0, 0, 0, 0, 0, 0, 0, 0, 0, 0, 0, 0, 0, 0, 0, 0, 0, 0, 0, 0, 0, 0, 0, 0, 0, 0, 0, 0, 0, 0, 0, 0, 0, 0, 0, 0, 0, 0, 0, 0, 0, 0, 0, 0, 0, 0, 0, 0, 0, 0, 0, 0, 0, 0, 0, 0, 0, 0, 0, 0, 0, 0, 0, 0, 0, 0, 0, 0, 0, 0, 0, 0, 0, 0, 0, 0, 0, 0, 0, 0, 0, 0, 0, 0, 0, 0, 0, 0, 0, 0, 0, 0, 0, 0, 0, 0, 0, 0, 0, 0, 0, 0, 0, 0, 0, 0, 0, 0, 0, 0, 0, 0, 0, 0, 0, 0, 0, : 12, 4, 6, 17, 9, 5, 1, 3, 7, 1, 12, 3, 4, 2, 11, 2, 4, 8, 3, 1, 6, 20, 6, 3, 27, 14, 21, 3, 23, 1, 4, 8, 1, 8, 1, 10, 5, 9, 14, 5, 5, 11, 4, 12, 2, 7, 3, 3, 5, 1, 6, 2, 2, 2, 5, 13, 17, 4, 6, 6, 12, 7, 19, 2, 11, 28, 6, 7, 1, 7, 14, 6, 3, 7, 6, 8, 1, 5, 1, 
77: 27, 1, 7, 3, 24, 1, 4, 4, 6, 2, 3, 10, 25, 2, 4, 8, 12, 5, 29, 9, 8, 6, 1, 20, 2, 3, 3, 5, 23, 2, 2, 2, 1, 2, 2, 3, 1, 3, 2, 3, 1, 5, 2, 12, 5, 3, 26, 5, 2, 2, 7, 20, 9, 5, 5, 2, 1, 6, 15, 14, 3, 5, 1, 22, 4, 3, 4, 7, 4, 1, 23, 7, 1, 5, 3, 14, 7, 10, 30, 1, 25, 1, 13, 2, 18, 1, 3, 10, 2, 1, 10, 18, 0, 0, 0, 0, 0, 0, 0, 0, 0, 0, 0, 0, 0, 0, 0, 0, 0, 0, 0, 0, 0, 0, 0, 0, 0, 0, 0, 0, 0, 0, 0, 0, 0, 0, 0, 0, 0, 0, 0, 0, 0, 0, 0, 0, 0, 0, 0, 0, 0, 0, 0, 0, 0, 0, 0, 0, 0, 0, 0, 0, 0, 0, 0, 0, 0, 0, 0, 0, 0, 0, 0, 0, 0, 0, 0, 0, 0, 0, 0, 0, 0, 0, 0, 0, 0, 0, 0, 0, 0, 0, 0, 0, 0, 0, 0, 0, 0, 0, 0, 0, 0, 0, 0, 0, 0, 0, 0, 0, : 27, 1, 7, 3, 24, 1, 4, 4, 6, 2, 3, 10, 25, 2, 4, 8, 12, 5, 29, 9, 8, 6, 1, 20, 2, 3, 3, 5, 23, 2, 2, 2, 1, 2, 2, 3, 1, 3, 2, 3, 1, 5, 2, 12, 5, 3, 26, 5, 2, 2, 7, 20, 9, 5, 5, 2, 1, 6, 15, 14, 3, 5, 1, 22, 4, 3, 4, 7, 4, 1, 23, 7, 1, 5, 3, 14, 7, 10, 30, 1, 25, 1, 13, 2, 18, 1, 3, 10, 2, 1, 10, 18, 
78: 3, 12, 7, 21, 2, 10, 4, 17, 7, 1, 18, 9, 15, 21, 1, 4, 1, 10, 12, 1, 3, 5, 1, 11, 8, 6, 11, 13, 10, 11, 13, 4, 2, 6, 20, 4, 20, 18, 1, 22, 5, 1, 7, 2, 12, 3, 14, 9, 1, 5, 1, 3, 17, 8, 21, 3, 2, 1, 21, 21, 1, 1, 11, 5, 6, 16, 4, 2, 10, 3, 3, 1, 6, 2, 3, 3, 10, 1, 1, 28, 1, 0, 0, 0, 0, 0, 0, 0, 0, 0, 0, 0, 0, 0, 0, 0, 0, 0, 0, 0, 0, 0, 0, 0, 0, 0, 0, 0, 0, 0, 0, 0, 0, 0, 0, 0, 0, 0, 0, 0, 0, 0, 0, 0, 0, 0, 0, 0, 0, 0, 0, 0, 0, 0, 0, 0, 0, 0, 0, 0, 0, 0, 0, 0, 0, 0, 0, 0, 0, 0, 0, 0, 0, 0, 0, 0, 0, 0, 0, 0, 0, 0, 0, 0, 0, 0, 0, 0, 0, 0, 0, 0, 0, 0, 0, 0, 0, 0, 0, 0, 0, 0, 0, 0, 0, 0, 0, 0, 0, 0, 0, 0, 0, 0, 0, 0, 0, 0, 0, 0, : 3, 12, 7, 21, 2, 10, 4, 17, 7, 1, 18, 9, 15, 21, 1, 4, 1, 10, 12, 1, 3, 5, 1, 11, 8, 6, 11, 13, 10, 11, 13, 4, 2, 6, 20, 4, 20, 18, 1, 22, 5, 1, 7, 2, 12, 3, 14, 9, 1, 5, 1, 3, 17, 8, 21, 3, 2, 1, 21, 21, 1, 1, 11, 5, 6, 16, 4, 2, 10, 3, 3, 1, 6, 2, 3, 3, 10, 1, 1, 28, 1, 
79: 10, 5, 6, 1, 13, 21, 1, 3, 13, 1, 3, 6, 19, 4, 7, 7, 28, 5, 5, 4, 1, 4, 17, 2, 5, 4, 25, 1, 1, 22, 14, 4, 3, 1, 7, 4, 3, 3, 11, 1, 31, 1, 4, 1, 4, 4, 1, 8, 22, 4, 1, 13, 6, 4, 3, 1, 24, 5, 1, 16, 2, 19, 11, 5, 9, 1, 6, 6, 2, 2, 13, 1, 12, 2, 3, 11, 10, 12, 1, 1, 6, 1, 2, 7, 6, 4, 3, 11, 4, 15, 9, 13, 2, 35, 23, 24, 7, 1, 5, 17, 20, 6, 21, 1, 19, 1, 1, 10, 1, 1, 24, 9, 8, 5, 4, 3, 14, 19, 17, 1, 3, 5, 6, 0, 0, 0, 0, 0, 0, 0, 0, 0, 0, 0, 0, 0, 0, 0, 0, 0, 0, 0, 0, 0, 0, 0, 0, 0, 0, 0, 0, 0, 0, 0, 0, 0, 0, 0, 0, 0, 0, 0, 0, 0, 0, 0, 0, 0, 0, 0, 0, 0, 0, 0, 0, 0, 0, 0, 0, 0, 0, 0, 0, 0, 0, 0, 0, 0, 0, 0, 0, 0, 0, 0, 0, 0, 0, 0, 0, 0, : 10, 5, 6, 1, 13, 21, 1, 3, 13, 1, 3, 6, 19, 4, 7, 7, 28, 5, 5, 4, 1, 4, 17, 2, 5, 4, 25, 1, 1, 22, 14, 4, 3, 1, 7, 4, 3, 3, 11, 1, 31, 1, 4, 1, 4, 4, 1, 8, 22, 4, 1, 13, 6, 4, 3, 1, 24, 5, 1, 16, 2, 19, 11, 5, 9, 1, 6, 6, 2, 2, 13, 1, 12, 2, 3, 11, 10, 12, 1, 1, 6, 1, 2, 7, 6, 4, 3, 11, 4, 15, 9, 13, 2, 35, 23, 24, 7, 1, 5, 17, 20, 6, 21, 1, 19, 1, 1, 10, 1, 1, 24, 9, 8, 5, 4, 3, 14, 19, 17, 1, 3, 5, 6, 
80: 2, 9, 2, 9, 4, 1, 1, 5, 4, 2, 33, 17, 16, 8, 3, 13, 6, 4, 2, 28, 2, 9, 19, 24, 11, 9, 2, 18, 1, 23, 4, 3, 5, 3, 6, 4, 5, 5, 3, 1, 10, 24, 21, 21, 32, 12, 17, 8, 3, 1, 3, 9, 8, 4, 5, 1, 13, 7, 1, 2, 27, 3, 2, 17, 13, 7, 1, 1, 16, 15, 3, 7, 3, 2, 6, 9, 7, 1, 14, 3, 13, 2, 22, 29, 8, 9, 25, 29, 6, 2, 4, 1, 9, 9, 25, 2, 32, 2, 7, 10, 2, 6, 8, 2, 14, 6, 0, 0, 0, 0, 0, 0, 0, 0, 0, 0, 0, 0, 0, 0, 0, 0, 0, 0, 0, 0, 0, 0, 0, 0, 0, 0, 0, 0, 0, 0, 0, 0, 0, 0, 0, 0, 0, 0, 0, 0, 0, 0, 0, 0, 0, 0, 0, 0, 0, 0, 0, 0, 0, 0, 0, 0, 0, 0, 0, 0, 0, 0, 0, 0, 0, 0, 0, 0, 0, 0, 0, 0, 0, 0, 0, 0, 0, 0, 0, 0, 0, 0, 0, 0, 0, 0, 0, 0, 0, 0, 0, 0, 0, 0, : 2, 9, 2, 9, 4, 1, 1, 5, 4, 2, 33, 17, 16, 8, 3, 13, 6, 4, 2, 28, 2, 9, 19, 24, 11, 9, 2, 18, 1, 23, 4, 3, 5, 3, 6, 4, 5, 5, 3, 1, 10, 24, 21, 21, 32, 12, 17, 8, 3, 1, 3, 9, 8, 4, 5, 1, 13, 7, 1, 2, 27, 3, 2, 17, 13, 7, 1, 1, 16, 15, 3, 7, 3, 2, 6, 9, 7, 1, 14, 3, 13, 2, 22, 29, 8, 9, 25, 29, 6, 2, 4, 1, 9, 9, 25, 2, 32, 2, 7, 10, 2, 6, 8, 2, 14, 6, 
81: 2, 3, 20, 1, 32, 2, 30, 27, 3, 3, 3, 2, 1, 14, 5, 4, 6, 1, 15, 14, 1, 4, 2, 6, 24, 13, 12, 1, 3, 3, 11, 2, 1, 4, 12, 30, 6, 6, 6, 2, 6, 5, 14, 2, 1, 5, 32, 9, 5, 12, 1, 4, 4, 17, 4, 9, 3, 13, 10, 3, 7, 2, 1, 13, 18, 19, 11, 6, 26, 4, 2, 18, 6, 20, 2, 2, 2, 9, 19, 1, 5, 15, 4, 6, 1, 8, 20, 23, 13, 3, 22, 3, 9, 2, 11, 1, 3, 2, 17, 4, 7, 3, 2, 5, 1, 1, 15, 31, 10, 15, 15, 27, 31, 1, 6, 5, 4, 4, 1, 17, 5, 18, 8, 23, 10, 3, 0, 0, 0, 0, 0, 0, 0, 0, 0, 0, 0, 0, 0, 0, 0, 0, 0, 0, 0, 0, 0, 0, 0, 0, 0, 0, 0, 0, 0, 0, 0, 0, 0, 0, 0, 0, 0, 0, 0, 0, 0, 0, 0, 0, 0, 0, 0, 0, 0, 0, 0, 0, 0, 0, 0, 0, 0, 0, 0, 0, 0, 0, 0, 0, 0, 0, 0, 0, 0, 0, 0, 0, 0, 0, : 2, 3, 20, 1, 32, 2, 30, 27, 3, 3, 3, 2, 1, 14, 5, 4, 6, 1, 15, 14, 1, 4, 2, 6, 24, 13, 12, 1, 3, 3, 11, 2, 1, 4, 12, 30, 6, 6, 6, 2, 6, 5, 14, 2, 1, 5, 32, 9, 5, 12, 1, 4, 4, 17, 4, 9, 3, 13, 10, 3, 7, 2, 1, 13, 18, 19, 11, 6, 26, 4, 2, 18, 6, 20, 2, 2, 2, 9, 19, 1, 5, 15, 4, 6, 1, 8, 20, 23, 13, 3, 22, 3, 9, 2, 11, 1, 3, 2, 17, 4, 7, 3, 2, 5, 1, 1, 15, 31, 10, 15, 15, 27, 31, 1, 6, 5, 4, 4, 1, 17, 5, 18, 8, 23, 10, 3, 
82: 12, 24, 9, 3, 7, 4, 1, 13, 2, 7, 2, 24, 6, 9, 1, 1, 4, 4, 12, 34, 9, 2, 10, 8, 13, 5, 9, 1, 20, 3, 8, 3, 2, 3, 5, 1, 19, 5, 25, 3, 3, 1, 3, 5, 1, 1, 19, 3, 27, 1, 11, 2, 15, 1, 5, 6, 4, 1, 5, 1, 1, 5, 21, 3, 4, 2, 13, 2, 1, 1, 16, 3, 10, 16, 8, 7, 6, 33, 1, 12, 5, 26, 3, 5, 4, 6, 1, 5, 4, 4, 6, 5, 17, 12, 9, 8, 22, 20, 2, 1, 0, 0, 0, 0, 0, 0, 0, 0, 0, 0, 0, 0, 0, 0, 0, 0, 0, 0, 0, 0, 0, 0, 0, 0, 0, 0, 0, 0, 0, 0, 0, 0, 0, 0, 0, 0, 0, 0, 0, 0, 0, 0, 0, 0, 0, 0, 0, 0, 0, 0, 0, 0, 0, 0, 0, 0, 0, 0, 0, 0, 0, 0, 0, 0, 0, 0, 0, 0, 0, 0, 0, 0, 0, 0, 0, 0, 0, 0, 0, 0, 0, 0, 0, 0, 0, 0, 0, 0, 0, 0, 0, 0, 0, 0, 0, 0, 0, 0, 0, 0, : 12, 24, 9, 3, 7, 4, 1, 13, 2, 7, 2, 24, 6, 9, 1, 1, 4, 4, 12, 34, 9, 2, 10, 8, 13, 5, 9, 1, 20, 3, 8, 3, 2, 3, 5, 1, 19, 5, 25, 3, 3, 1, 3, 5, 1, 1, 19, 3, 27, 1, 11, 2, 15, 1, 5, 6, 4, 1, 5, 1, 1, 5, 21, 3, 4, 2, 13, 2, 1, 1, 16, 3, 10, 16, 8, 7, 6, 33, 1, 12, 5, 26, 3, 5, 4, 6, 1, 5, 4, 4, 6, 5, 17, 12, 9, 8, 22, 20, 2, 1, 
83: 4, 5, 1, 6, 6, 4, 1, 3, 9, 8, 16, 3, 7, 1, 1, 2, 13, 15, 22, 4, 7, 16, 6, 8, 15, 4, 4, 6, 14, 19, 6, 7, 9, 12, 13, 2, 20, 2, 10, 3, 19, 5, 12, 22, 2, 9, 3, 1, 13, 14, 1, 2, 2, 20, 13, 1, 1, 20, 15, 21, 36, 5, 3, 1, 8, 35, 6, 21, 2, 6, 16, 7, 20, 2, 28, 6, 3, 2, 12, 28, 3, 2, 4, 23, 4, 29, 1, 4, 19, 20, 2, 4, 6, 0, 0, 0, 0, 0, 0, 0, 0, 0, 0, 0, 0, 0, 0, 0, 0, 0, 0, 0, 0, 0, 0, 0, 0, 0, 0, 0, 0, 0, 0, 0, 0, 0, 0, 0, 0, 0, 0, 0, 0, 0, 0, 0, 0, 0, 0, 0, 0, 0, 0, 0, 0, 0, 0, 0, 0, 0, 0, 0, 0, 0, 0, 0, 0, 0, 0, 0, 0, 0, 0, 0, 0, 0, 0, 0, 0, 0, 0, 0, 0, 0, 0, 0, 0, 0, 0, 0, 0, 0, 0, 0, 0, 0, 0, 0, 0, 0, 0, 0, 0, 0, 0, 0, 0, 0, 0, 0, : 4, 5, 1, 6, 6, 4, 1, 3, 9, 8, 16, 3, 7, 1, 1, 2, 13, 15, 22, 4, 7, 16, 6, 8, 15, 4, 4, 6, 14, 19, 6, 7, 9, 12, 13, 2, 20, 2, 10, 3, 19, 5, 12, 22, 2, 9, 3, 1, 13, 14, 1, 2, 2, 20, 13, 1, 1, 20, 15, 21, 36, 5, 3, 1, 8, 35, 6, 21, 2, 6, 16, 7, 20, 2, 28, 6, 3, 2, 12, 28, 3, 2, 4, 23, 4, 29, 1, 4, 19, 20, 2, 4, 6, 
84: 8, 13, 4, 2, 9, 20, 1, 4, 2, 4, 2, 2, 1, 9, 5, 10, 3, 3, 1, 1, 4, 2, 2, 8, 10, 8, 2, 12, 4, 2, 3, 1, 1, 14, 12, 27, 3, 9, 1, 8, 23, 14, 2, 5, 4, 6, 9, 15, 2, 11, 9, 8, 1, 1, 3, 4, 1, 2, 6, 2, 6, 4, 11, 5, 8, 11, 12, 1, 15, 23, 1, 3, 6, 12, 4, 7, 5, 8, 5, 3, 5, 8, 6, 21, 3, 1, 2, 1, 10, 3, 6, 0, 0, 0, 0, 0, 0, 0, 0, 0, 0, 0, 0, 0, 0, 0, 0, 0, 0, 0, 0, 0, 0, 0, 0, 0, 0, 0, 0, 0, 0, 0, 0, 0, 0, 0, 0, 0, 0, 0, 0, 0, 0, 0, 0, 0, 0, 0, 0, 0, 0, 0, 0, 0, 0, 0, 0, 0, 0, 0, 0, 0, 0, 0, 0, 0, 0, 0, 0, 0, 0, 0, 0, 0, 0, 0, 0, 0, 0, 0, 0, 0, 0, 0, 0, 0, 0, 0, 0, 0, 0, 0, 0, 0, 0, 0, 0, 0, 0, 0, 0, 0, 0, 0, 0, 0, 0, 0, 0, 0, : 8, 13, 4, 2, 9, 20, 1, 4, 2, 4, 2, 2, 1, 9, 5, 10, 3, 3, 1, 1, 4, 2, 2, 8, 10, 8, 2, 12, 4, 2, 3, 1, 1, 14, 12, 27, 3, 9, 1, 8, 23, 14, 2, 5, 4, 6, 9, 15, 2, 11, 9, 8, 1, 1, 3, 4, 1, 2, 6, 2, 6, 4, 11, 5, 8, 11, 12, 1, 15, 23, 1, 3, 6, 12, 4, 7, 5, 8, 5, 3, 5, 8, 6, 21, 3, 1, 2, 1, 10, 3, 6, 
85: 2, 8, 10, 1, 3, 7, 14, 1, 18, 17, 8, 23, 5, 4, 2, 1, 1, 1, 13, 2, 6, 3, 10, 10, 15, 5, 1, 13, 16, 8, 5, 2, 2, 5, 12, 13, 3, 2, 15, 4, 3, 2, 2, 2, 1, 9, 19, 11, 6, 1, 23, 3, 2, 21, 17, 8, 24, 1, 3, 33, 1, 7, 3, 5, 4, 10, 7, 12, 3, 12, 10, 4, 10, 1, 6, 4, 19, 18, 2, 1, 4, 7, 6, 1, 12, 3, 10, 6, 1, 22, 1, 8, 14, 5, 7, 0, 0, 0, 0, 0, 0, 0, 0, 0, 0, 0, 0, 0, 0, 0, 0, 0, 0, 0, 0, 0, 0, 0, 0, 0, 0, 0, 0, 0, 0, 0, 0, 0, 0, 0, 0, 0, 0, 0, 0, 0, 0, 0, 0, 0, 0, 0, 0, 0, 0, 0, 0, 0, 0, 0, 0, 0, 0, 0, 0, 0, 0, 0, 0, 0, 0, 0, 0, 0, 0, 0, 0, 0, 0, 0, 0, 0, 0, 0, 0, 0, 0, 0, 0, 0, 0, 0, 0, 0, 0, 0, 0, 0, 0, 0, 0, 0, 0, 0, 0, 0, 0, 0, 0, 0, : 2, 8, 10, 1, 3, 7, 14, 1, 18, 17, 8, 23, 5, 4, 2, 1, 1, 1, 13, 2, 6, 3, 10, 10, 15, 5, 1, 13, 16, 8, 5, 2, 2, 5, 12, 13, 3, 2, 15, 4, 3, 2, 2, 2, 1, 9, 19, 11, 6, 1, 23, 3, 2, 21, 17, 8, 24, 1, 3, 33, 1, 7, 3, 5, 4, 10, 7, 12, 3, 12, 10, 4, 10, 1, 6, 4, 19, 18, 2, 1, 4, 7, 6, 1, 12, 3, 10, 6, 1, 22, 1, 8, 14, 5, 7, 
86: 5, 2, 3, 4, 5, 6, 1, 14, 1, 2, 31, 16, 14, 5, 1, 9, 3, 3, 1, 25, 1, 14, 34, 2, 3, 2, 1, 12, 6, 7, 9, 4, 12, 7, 1, 4, 10, 2, 1, 5, 1, 9, 2, 1, 2, 3, 4, 3, 3, 17, 1, 7, 7, 2, 21, 2, 8, 14, 3, 9, 16, 16, 4, 16, 37, 1, 2, 3, 18, 8, 1, 11, 13, 7, 28, 11, 7, 8, 2, 8, 4, 2, 20, 24, 2, 1, 19, 1, 2, 3, 17, 7, 27, 0, 0, 0, 0, 0, 0, 0, 0, 0, 0, 0, 0, 0, 0, 0, 0, 0, 0, 0, 0, 0, 0, 0, 0, 0, 0, 0, 0, 0, 0, 0, 0, 0, 0, 0, 0, 0, 0, 0, 0, 0, 0, 0, 0, 0, 0, 0, 0, 0, 0, 0, 0, 0, 0, 0, 0, 0, 0, 0, 0, 0, 0, 0, 0, 0, 0, 0, 0, 0, 0, 0, 0, 0, 0, 0, 0, 0, 0, 0, 0, 0, 0, 0, 0, 0, 0, 0, 0, 0, 0, 0, 0, 0, 0, 0, 0, 0, 0, 0, 0, 0, 0, 0, 0, 0, 0, 0, : 5, 2, 3, 4, 5, 6, 1, 14, 1, 2, 31, 16, 14, 5, 1, 9, 3, 3, 1, 25, 1, 14, 34, 2, 3, 2, 1, 12, 6, 7, 9, 4, 12, 7, 1, 4, 10, 2, 1, 5, 1, 9, 2, 1, 2, 3, 4, 3, 3, 17, 1, 7, 7, 2, 21, 2, 8, 14, 3, 9, 16, 16, 4, 16, 37, 1, 2, 3, 18, 8, 1, 11, 13, 7, 28, 11, 7, 8, 2, 8, 4, 2, 20, 24, 2, 1, 19, 1, 2, 3, 17, 7, 27, 
87: 2, 2, 8, 4, 1, 18, 7, 35, 2, 17, 3, 9, 2, 2, 6, 1, 10, 1, 1, 29, 10, 8, 5, 1, 10, 11, 7, 2, 5, 3, 1, 2, 4, 3, 4, 6, 2, 15, 11, 15, 9, 2, 2, 5, 23, 1, 12, 3, 9, 6, 4, 13, 2, 10, 2, 9, 1, 24, 6, 11, 14, 21, 1, 10, 8, 2, 31, 1, 5, 3, 3, 1, 7, 5, 1, 6, 1, 1, 2, 29, 26, 20, 10, 4, 2, 19, 2, 4, 26, 24, 11, 7, 2, 3, 1, 2, 6, 3, 2, 7, 9, 1, 4, 6, 12, 1, 2, 1, 7, 23, 4, 7, 7, 29, 6, 4, 13, 4, 1, 4, 0, 0, 0, 0, 0, 0, 0, 0, 0, 0, 0, 0, 0, 0, 0, 0, 0, 0, 0, 0, 0, 0, 0, 0, 0, 0, 0, 0, 0, 0, 0, 0, 0, 0, 0, 0, 0, 0, 0, 0, 0, 0, 0, 0, 0, 0, 0, 0, 0, 0, 0, 0, 0, 0, 0, 0, 0, 0, 0, 0, 0, 0, 0, 0, 0, 0, 0, 0, 0, 0, 0, 0, 0, 0, 0, 0, 0, 0, 0, 0, : 2, 2, 8, 4, 1, 18, 7, 35, 2, 17, 3, 9, 2, 2, 6, 1, 10, 1, 1, 29, 10, 8, 5, 1, 10, 11, 7, 2, 5, 3, 1, 2, 4, 3, 4, 6, 2, 15, 11, 15, 9, 2, 2, 5, 23, 1, 12, 3, 9, 6, 4, 13, 2, 10, 2, 9, 1, 24, 6, 11, 14, 21, 1, 10, 8, 2, 31, 1, 5, 3, 3, 1, 7, 5, 1, 6, 1, 1, 2, 29, 26, 20, 10, 4, 2, 19, 2, 4, 26, 24, 11, 7, 2, 3, 1, 2, 6, 3, 2, 7, 9, 1, 4, 6, 12, 1, 2, 1, 7, 23, 4, 7, 7, 29, 6, 4, 13, 4, 1, 4, 
88: 12, 28, 2, 2, 8, 17, 16, 11, 8, 8, 20, 14, 1, 2, 3, 8, 3, 12, 16, 8, 3, 18, 2, 8, 16, 5, 15, 6, 4, 5, 5, 3, 6, 17, 3, 1, 2, 1, 18, 10, 4, 2, 19, 26, 1, 15, 6, 4, 6, 16, 15, 3, 11, 18, 2, 1, 10, 30, 33, 15, 17, 4, 6, 3, 10, 16, 1, 3, 25, 4, 1, 15, 7, 6, 8, 29, 1, 4, 1, 7, 6, 11, 5, 7, 1, 5, 5, 4, 1, 13, 1, 11, 1, 10, 1, 11, 8, 2, 3, 0, 0, 0, 0, 0, 0, 0, 0, 0, 0, 0, 0, 0, 0, 0, 0, 0, 0, 0, 0, 0, 0, 0, 0, 0, 0, 0, 0, 0, 0, 0, 0, 0, 0, 0, 0, 0, 0, 0, 0, 0, 0, 0, 0, 0, 0, 0, 0, 0, 0, 0, 0, 0, 0, 0, 0, 0, 0, 0, 0, 0, 0, 0, 0, 0, 0, 0, 0, 0, 0, 0, 0, 0, 0, 0, 0, 0, 0, 0, 0, 0, 0, 0, 0, 0, 0, 0, 0, 0, 0, 0, 0, 0, 0, 0, 0, 0, 0, 0, 0, 0, : 12, 28, 2, 2, 8, 17, 16, 11, 8, 8, 20, 14, 1, 2, 3, 8, 3, 12, 16, 8, 3, 18, 2, 8, 16, 5, 15, 6, 4, 5, 5, 3, 6, 17, 3, 1, 2, 1, 18, 10, 4, 2, 19, 26, 1, 15, 6, 4, 6, 16, 15, 3, 11, 18, 2, 1, 10, 30, 33, 15, 17, 4, 6, 3, 10, 16, 1, 3, 25, 4, 1, 15, 7, 6, 8, 29, 1, 4, 1, 7, 6, 11, 5, 7, 1, 5, 5, 4, 1, 13, 1, 11, 1, 10, 1, 11, 8, 2, 3, 
89: 2, 14, 5, 10, 19, 11, 5, 16, 2, 5, 2, 4, 22, 1, 17, 12, 3, 7, 7, 28, 14, 1, 3, 5, 4, 1, 12, 4, 34, 1, 6, 2, 3, 3, 11, 3, 6, 1, 1, 22, 2, 14, 5, 1, 18, 14, 3, 6, 25, 4, 1, 3, 28, 8, 5, 12, 2, 29, 26, 1, 1, 6, 24, 4, 8, 5, 17, 16, 2, 11, 3, 1, 8, 1, 3, 16, 4, 24, 11, 5, 5, 7, 2, 2, 1, 3, 3, 4, 2, 1, 14, 7, 2, 18, 3, 7, 8, 4, 1, 11, 28, 31, 13, 4, 2, 6, 0, 0, 0, 0, 0, 0, 0, 0, 0, 0, 0, 0, 0, 0, 0, 0, 0, 0, 0, 0, 0, 0, 0, 0, 0, 0, 0, 0, 0, 0, 0, 0, 0, 0, 0, 0, 0, 0, 0, 0, 0, 0, 0, 0, 0, 0, 0, 0, 0, 0, 0, 0, 0, 0, 0, 0, 0, 0, 0, 0, 0, 0, 0, 0, 0, 0, 0, 0, 0, 0, 0, 0, 0, 0, 0, 0, 0, 0, 0, 0, 0, 0, 0, 0, 0, 0, 0, 0, 0, 0, 0, 0, 0, 0, : 2, 14, 5, 10, 19, 11, 5, 16, 2, 5, 2, 4, 22, 1, 17, 12, 3, 7, 7, 28, 14, 1, 3, 5, 4, 1, 12, 4, 34, 1, 6, 2, 3, 3, 11, 3, 6, 1, 1, 22, 2, 14, 5, 1, 18, 14, 3, 6, 25, 4, 1, 3, 28, 8, 5, 12, 2, 29, 26, 1, 1, 6, 24, 4, 8, 5, 17, 16, 2, 11, 3, 1, 8, 1, 3, 16, 4, 24, 11, 5, 5, 7, 2, 2, 1, 3, 3, 4, 2, 1, 14, 7, 2, 18, 3, 7, 8, 4, 1, 11, 28, 31, 13, 4, 2, 6, 
90: 7, 2, 13, 3, 7, 1, 4, 8, 8, 1, 4, 9, 9, 7, 7, 3, 8, 2, 1, 13, 1, 1, 4, 1, 6, 8, 22, 13, 5, 14, 4, 2, 1, 8, 1, 16, 4, 9, 12, 13, 1, 34, 5, 15, 8, 1, 2, 20, 6, 2, 22, 3, 8, 11, 3, 11, 3, 0, 0, 0, 0, 0, 0, 0, 0, 0, 0, 0, 0, 0, 0, 0, 0, 0, 0, 0, 0, 0, 0, 0, 0, 0, 0, 0, 0, 0, 0, 0, 0, 0, 0, 0, 0, 0, 0, 0, 0, 0, 0, 0, 0, 0, 0, 0, 0, 0, 0, 0, 0, 0, 0, 0, 0, 0, 0, 0, 0, 0, 0, 0, 0, 0, 0, 0, 0, 0, 0, 0, 0, 0, 0, 0, 0, 0, 0, 0, 0, 0, 0, 0, 0, 0, 0, 0, 0, 0, 0, 0, 0, 0, 0, 0, 0, 0, 0, 0, 0, 0, 0, 0, 0, 0, 0, 0, 0, 0, 0, 0, 0, 0, 0, 0, 0, 0, 0, 0, 0, 0, 0, 0, 0, 0, 0, 0, 0, 0, 0, 0, 0, 0, 0, 0, 0, 0, 0, 0, 0, 0, 0, 0, : 7, 2, 13, 3, 7, 1, 4, 8, 8, 1, 4, 9, 9, 7, 7, 3, 8, 2, 1, 13, 1, 1, 4, 1, 6, 8, 22, 13, 5, 14, 4, 2, 1, 8, 1, 16, 4, 9, 12, 13, 1, 34, 5, 15, 8, 1, 2, 20, 6, 2, 22, 3, 8, 11, 3, 11, 3, 
91: 1, 6, 1, 1, 13, 13, 14, 15, 4, 6, 9, 2, 7, 3, 7, 4, 3, 11, 2, 1, 3, 3, 14, 1, 5, 4, 4, 6, 5, 11, 2, 4, 4, 13, 11, 1, 15, 11, 1, 1, 5, 2, 22, 1, 13, 3, 2, 19, 7, 2, 3, 14, 4, 6, 7, 1, 1, 2, 10, 14, 4, 23, 4, 2, 28, 1, 1, 6, 6, 10, 3, 16, 4, 14, 3, 22, 17, 16, 19, 1, 0, 0, 0, 0, 0, 0, 0, 0, 0, 0, 0, 0, 0, 0, 0, 0, 0, 0, 0, 0, 0, 0, 0, 0, 0, 0, 0, 0, 0, 0, 0, 0, 0, 0, 0, 0, 0, 0, 0, 0, 0, 0, 0, 0, 0, 0, 0, 0, 0, 0, 0, 0, 0, 0, 0, 0, 0, 0, 0, 0, 0, 0, 0, 0, 0, 0, 0, 0, 0, 0, 0, 0, 0, 0, 0, 0, 0, 0, 0, 0, 0, 0, 0, 0, 0, 0, 0, 0, 0, 0, 0, 0, 0, 0, 0, 0, 0, 0, 0, 0, 0, 0, 0, 0, 0, 0, 0, 0, 0, 0, 0, 0, 0, 0, 0, 0, 0, 0, 0, 0, : 1, 6, 1, 1, 13, 13, 14, 15, 4, 6, 9, 2, 7, 3, 7, 4, 3, 11, 2, 1, 3, 3, 14, 1, 5, 4, 4, 6, 5, 11, 2, 4, 4, 13, 11, 1, 15, 11, 1, 1, 5, 2, 22, 1, 13, 3, 2, 19, 7, 2, 3, 14, 4, 6, 7, 1, 1, 2, 10, 14, 4, 23, 4, 2, 28, 1, 1, 6, 6, 10, 3, 16, 4, 14, 3, 22, 17, 16, 19, 1, 
92: 11, 17, 6, 1, 9, 13, 20, 6, 26, 16, 1, 6, 4, 26, 8, 12, 10, 1, 9, 1, 3, 11, 6, 2, 11, 4, 3, 2, 3, 2, 5, 9, 1, 3, 22, 1, 1, 7, 1, 1, 9, 8, 1, 1, 14, 4, 10, 13, 2, 4, 24, 15, 1, 26, 1, 17, 14, 3, 5, 2, 5, 7, 10, 11, 3, 2, 1, 20, 5, 12, 1, 5, 12, 5, 1, 2, 2, 8, 15, 10, 1, 1, 14, 3, 3, 3, 5, 1, 18, 3, 9, 5, 14, 6, 29, 6, 3, 1, 4, 3, 5, 8, 2, 3, 2, 5, 23, 10, 9, 0, 0, 0, 0, 0, 0, 0, 0, 0, 0, 0, 0, 0, 0, 0, 0, 0, 0, 0, 0, 0, 0, 0, 0, 0, 0, 0, 0, 0, 0, 0, 0, 0, 0, 0, 0, 0, 0, 0, 0, 0, 0, 0, 0, 0, 0, 0, 0, 0, 0, 0, 0, 0, 0, 0, 0, 0, 0, 0, 0, 0, 0, 0, 0, 0, 0, 0, 0, 0, 0, 0, 0, 0, 0, 0, 0, 0, 0, 0, 0, 0, 0, 0, 0, 0, 0, 0, 0, 0, 0, 0, : 11, 17, 6, 1, 9, 13, 20, 6, 26, 16, 1, 6, 4, 26, 8, 12, 10, 1, 9, 1, 3, 11, 6, 2, 11, 4, 3, 2, 3, 2, 5, 9, 1, 3, 22, 1, 1, 7, 1, 1, 9, 8, 1, 1, 14, 4, 10, 13, 2, 4, 24, 15, 1, 26, 1, 17, 14, 3, 5, 2, 5, 7, 10, 11, 3, 2, 1, 20, 5, 12, 1, 5, 12, 5, 1, 2, 2, 8, 15, 10, 1, 1, 14, 3, 3, 3, 5, 1, 18, 3, 9, 5, 14, 6, 29, 6, 3, 1, 4, 3, 5, 8, 2, 3, 2, 5, 23, 10, 9, 
93: 13, 13, 8, 2, 3, 3, 15, 5, 2, 11, 11, 6, 14, 16, 3, 22, 1, 4, 17, 6, 21, 13, 9, 8, 1, 31, 1, 23, 12, 4, 2, 1, 1, 5, 3, 17, 38, 6, 6, 1, 6, 8, 1, 5, 10, 2, 5, 1, 1, 1, 3, 2, 20, 29, 8, 2, 1, 12, 13, 4, 5, 3, 1, 8, 4, 4, 1, 5, 11, 4, 16, 1, 16, 2, 1, 5, 11, 1, 25, 3, 4, 22, 4, 4, 4, 4, 8, 11, 1, 12, 5, 11, 13, 14, 5, 14, 8, 4, 10, 1, 20, 1, 2, 12, 1, 9, 21, 19, 35, 3, 0, 0, 0, 0, 0, 0, 0, 0, 0, 0, 0, 0, 0, 0, 0, 0, 0, 0, 0, 0, 0, 0, 0, 0, 0, 0, 0, 0, 0, 0, 0, 0, 0, 0, 0, 0, 0, 0, 0, 0, 0, 0, 0, 0, 0, 0, 0, 0, 0, 0, 0, 0, 0, 0, 0, 0, 0, 0, 0, 0, 0, 0, 0, 0, 0, 0, 0, 0, 0, 0, 0, 0, 0, 0, 0, 0, 0, 0, 0, 0, 0, 0, 0, 0, 0, 0, 0, 0, 0, 0, : 13, 13, 8, 2, 3, 3, 15, 5, 2, 11, 11, 6, 14, 16, 3, 22, 1, 4, 17, 6, 21, 13, 9, 8, 1, 31, 1, 23, 12, 4, 2, 1, 1, 5, 3, 17, 38, 6, 6, 1, 6, 8, 1, 5, 10, 2, 5, 1, 1, 1, 3, 2, 20, 29, 8, 2, 1, 12, 13, 4, 5, 3, 1, 8, 4, 4, 1, 5, 11, 4, 16, 1, 16, 2, 1, 5, 11, 1, 25, 3, 4, 22, 4, 4, 4, 4, 8, 11, 1, 12, 5, 11, 13, 14, 5, 14, 8, 4, 10, 1, 20, 1, 2, 12, 1, 9, 21, 19, 35, 3, 
94: 1, 9, 16, 2, 4, 1, 1, 8, 3, 11, 14, 3, 2, 2, 12, 10, 3, 14, 2, 1, 17, 11, 7, 1, 9, 4, 17, 4, 3, 4, 13, 3, 19, 8, 4, 3, 1, 9, 11, 2, 2, 14, 12, 6, 9, 1, 1, 14, 2, 10, 13, 3, 1, 7, 21, 3, 26, 13, 5, 5, 4, 6, 5, 1, 10, 1, 9, 3, 3, 12, 9, 29, 7, 2, 32, 2, 1, 4, 6, 4, 24, 5, 6, 3, 21, 21, 4, 9, 2, 9, 2, 8, 6, 10, 8, 1, 9, 2, 21, 3, 4, 14, 1, 8, 19, 12, 4, 27, 16, 8, 5, 9, 12, 17, 12, 2, 19, 4, 11, 3, 26, 21, 15, 9, 2, 5, 17, 2, 7, 4, 8, 0, 0, 0, 0, 0, 0, 0, 0, 0, 0, 0, 0, 0, 0, 0, 0, 0, 0, 0, 0, 0, 0, 0, 0, 0, 0, 0, 0, 0, 0, 0, 0, 0, 0, 0, 0, 0, 0, 0, 0, 0, 0, 0, 0, 0, 0, 0, 0, 0, 0, 0, 0, 0, 0, 0, 0, 0, 0, 0, 0, 0, 0, 0, 0, 0, 0, 0, 0, 0, : 1, 9, 16, 2, 4, 1, 1, 8, 3, 11, 14, 3, 2, 2, 12, 10, 3, 14, 2, 1, 17, 11, 7, 1, 9, 4, 17, 4, 3, 4, 13, 3, 19, 8, 4, 3, 1, 9, 11, 2, 2, 14, 12, 6, 9, 1, 1, 14, 2, 10, 13, 3, 1, 7, 21, 3, 26, 13, 5, 5, 4, 6, 5, 1, 10, 1, 9, 3, 3, 12, 9, 29, 7, 2, 32, 2, 1, 4, 6, 4, 24, 5, 6, 3, 21, 21, 4, 9, 2, 9, 2, 8, 6, 10, 8, 1, 9, 2, 21, 3, 4, 14, 1, 8, 19, 12, 4, 27, 16, 8, 5, 9, 12, 17, 12, 2, 19, 4, 11, 3, 26, 21, 15, 9, 2, 5, 17, 2, 7, 4, 8, 
95: 2, 3, 6, 4, 1, 4, 1, 6, 2, 1, 3, 14, 1, 11, 10, 2, 16, 35, 21, 12, 22, 13, 4, 8, 10, 12, 3, 7, 3, 6, 1, 3, 25, 20, 4, 26, 2, 7, 1, 6, 10, 13, 2, 30, 1, 2, 1, 1, 4, 7, 1, 1, 9, 27, 15, 1, 15, 16, 10, 23, 5, 7, 22, 13, 5, 14, 1, 10, 6, 4, 2, 7, 15, 9, 7, 10, 7, 12, 5, 9, 9, 1, 20, 4, 2, 4, 1, 15, 33, 2, 9, 5, 17, 8, 23, 3, 14, 8, 1, 13, 5, 12, 15, 7, 22, 11, 11, 31, 12, 3, 7, 13, 9, 14, 0, 0, 0, 0, 0, 0, 0, 0, 0, 0, 0, 0, 0, 0, 0, 0, 0, 0, 0, 0, 0, 0, 0, 0, 0, 0, 0, 0, 0, 0, 0, 0, 0, 0, 0, 0, 0, 0, 0, 0, 0, 0, 0, 0, 0, 0, 0, 0, 0, 0, 0, 0, 0, 0, 0, 0, 0, 0, 0, 0, 0, 0, 0, 0, 0, 0, 0, 0, 0, 0, 0, 0, 0, 0, 0, 0, 0, 0, 0, 0, 0, 0, 0, 0, 0, 0, : 2, 3, 6, 4, 1, 4, 1, 6, 2, 1, 3, 14, 1, 11, 10, 2, 16, 35, 21, 12, 22, 13, 4, 8, 10, 12, 3, 7, 3, 6, 1, 3, 25, 20, 4, 26, 2, 7, 1, 6, 10, 13, 2, 30, 1, 2, 1, 1, 4, 7, 1, 1, 9, 27, 15, 1, 15, 16, 10, 23, 5, 7, 22, 13, 5, 14, 1, 10, 6, 4, 2, 7, 15, 9, 7, 10, 7, 12, 5, 9, 9, 1, 20, 4, 2, 4, 1, 15, 33, 2, 9, 5, 17, 8, 23, 3, 14, 8, 1, 13, 5, 12, 15, 7, 22, 11, 11, 31, 12, 3, 7, 13, 9, 14, 
96: 26, 1, 4, 10, 3, 17, 12, 24, 2, 1, 29, 8, 18, 3, 11, 8, 2, 1, 10, 18, 1, 10, 13, 9, 7, 1, 9, 6, 1, 1, 17, 2, 1, 1, 17, 18, 5, 5, 4, 1, 1, 9, 4, 3, 17, 19, 5, 5, 5, 1, 2, 13, 6, 8, 13, 3, 36, 22, 17, 9, 26, 4, 1, 5, 1, 1, 4, 1, 8, 9, 7, 3, 5, 2, 2, 1, 10, 2, 14, 3, 12, 3, 2, 3, 2, 4, 1, 1, 1, 9, 5, 2, 7, 8, 3, 1, 2, 4, 0, 0, 0, 0, 0, 0, 0, 0, 0, 0, 0, 0, 0, 0, 0, 0, 0, 0, 0, 0, 0, 0, 0, 0, 0, 0, 0, 0, 0, 0, 0, 0, 0, 0, 0, 0, 0, 0, 0, 0, 0, 0, 0, 0, 0, 0, 0, 0, 0, 0, 0, 0, 0, 0, 0, 0, 0, 0, 0, 0, 0, 0, 0, 0, 0, 0, 0, 0, 0, 0, 0, 0, 0, 0, 0, 0, 0, 0, 0, 0, 0, 0, 0, 0, 0, 0, 0, 0, 0, 0, 0, 0, 0, 0, 0, 0, 0, 0, 0, 0, 0, 0, : 26, 1, 4, 10, 3, 17, 12, 24, 2, 1, 29, 8, 18, 3, 11, 8, 2, 1, 10, 18, 1, 10, 13, 9, 7, 1, 9, 6, 1, 1, 17, 2, 1, 1, 17, 18, 5, 5, 4, 1, 1, 9, 4, 3, 17, 19, 5, 5, 5, 1, 2, 13, 6, 8, 13, 3, 36, 22, 17, 9, 26, 4, 1, 5, 1, 1, 4, 1, 8, 9, 7, 3, 5, 2, 2, 1, 10, 2, 14, 3, 12, 3, 2, 3, 2, 4, 1, 1, 1, 9, 5, 2, 7, 8, 3, 1, 2, 4, 
97: 6, 18, 22, 7, 7, 1, 2, 17, 5, 1, 3, 14, 13, 2, 2, 20, 13, 2, 14, 8, 5, 7, 2, 13, 12, 5, 10, 8, 1, 2, 4, 12, 14, 30, 2, 2, 7, 16, 1, 5, 6, 21, 19, 5, 9, 2, 2, 3, 3, 5, 11, 24, 12, 1, 25, 5, 29, 2, 16, 5, 3, 2, 23, 1, 34, 3, 3, 2, 2, 2, 7, 7, 18, 2, 6, 1, 22, 5, 26, 6, 2, 22, 2, 1, 2, 6, 4, 10, 1, 7, 4, 2, 2, 2, 0, 0, 0, 0, 0, 0, 0, 0, 0, 0, 0, 0, 0, 0, 0, 0, 0, 0, 0, 0, 0, 0, 0, 0, 0, 0, 0, 0, 0, 0, 0, 0, 0, 0, 0, 0, 0, 0, 0, 0, 0, 0, 0, 0, 0, 0, 0, 0, 0, 0, 0, 0, 0, 0, 0, 0, 0, 0, 0, 0, 0, 0, 0, 0, 0, 0, 0, 0, 0, 0, 0, 0, 0, 0, 0, 0, 0, 0, 0, 0, 0, 0, 0, 0, 0, 0, 0, 0, 0, 0, 0, 0, 0, 0, 0, 0, 0, 0, 0, 0, 0, 0, 0, 0, 0, 0, : 6, 18, 22, 7, 7, 1, 2, 17, 5, 1, 3, 14, 13, 2, 2, 20, 13, 2, 14, 8, 5, 7, 2, 13, 12, 5, 10, 8, 1, 2, 4, 12, 14, 30, 2, 2, 7, 16, 1, 5, 6, 21, 19, 5, 9, 2, 2, 3, 3, 5, 11, 24, 12, 1, 25, 5, 29, 2, 16, 5, 3, 2, 23, 1, 34, 3, 3, 2, 2, 2, 7, 7, 18, 2, 6, 1, 22, 5, 26, 6, 2, 22, 2, 1, 2, 6, 4, 10, 1, 7, 4, 2, 2, 2, 
98: 9, 3, 5, 25, 11, 9, 1, 17, 28, 9, 1, 11, 23, 1, 16, 3, 17, 1, 23, 1, 4, 3, 18, 9, 10, 20, 2, 1, 19, 23, 4, 14, 2, 12, 2, 27, 3, 2, 1, 5, 13, 10, 16, 15, 27, 2, 10, 2, 16, 3, 1, 12, 12, 30, 2, 24, 11, 4, 18, 11, 8, 2, 17, 3, 9, 10, 5, 10, 17, 23, 5, 1, 17, 23, 2, 2, 5, 19, 3, 17, 13, 5, 18, 2, 3, 2, 8, 2, 8, 12, 20, 8, 5, 3, 2, 5, 16, 3, 4, 3, 13, 0, 0, 0, 0, 0, 0, 0, 0, 0, 0, 0, 0, 0, 0, 0, 0, 0, 0, 0, 0, 0, 0, 0, 0, 0, 0, 0, 0, 0, 0, 0, 0, 0, 0, 0, 0, 0, 0, 0, 0, 0, 0, 0, 0, 0, 0, 0, 0, 0, 0, 0, 0, 0, 0, 0, 0, 0, 0, 0, 0, 0, 0, 0, 0, 0, 0, 0, 0, 0, 0, 0, 0, 0, 0, 0, 0, 0, 0, 0, 0, 0, 0, 0, 0, 0, 0, 0, 0, 0, 0, 0, 0, 0, 0, 0, 0, 0, 0, 0, : 9, 3, 5, 25, 11, 9, 1, 17, 28, 9, 1, 11, 23, 1, 16, 3, 17, 1, 23, 1, 4, 3, 18, 9, 10, 20, 2, 1, 19, 23, 4, 14, 2, 12, 2, 27, 3, 2, 1, 5, 13, 10, 16, 15, 27, 2, 10, 2, 16, 3, 1, 12, 12, 30, 2, 24, 11, 4, 18, 11, 8, 2, 17, 3, 9, 10, 5, 10, 17, 23, 5, 1, 17, 23, 2, 2, 5, 19, 3, 17, 13, 5, 18, 2, 3, 2, 8, 2, 8, 12, 20, 8, 5, 3, 2, 5, 16, 3, 4, 3, 13, 
99: 15, 5, 8, 13, 6, 4, 3, 1, 12, 3, 2, 7, 9, 1, 2, 10, 3, 3, 7, 11, 1, 1, 1, 4, 6, 1, 3, 19, 5, 3, 5, 10, 22, 5, 3, 8, 32, 2, 2, 11, 14, 4, 2, 11, 17, 2, 22, 19, 23, 12, 7, 14, 15, 5, 9, 3, 2, 16, 14, 2, 4, 1, 5, 4, 28, 10, 1, 34, 2, 6, 14, 18, 10, 14, 3, 20, 2, 8, 16, 4, 5, 14, 1, 6, 2, 11, 12, 14, 10, 34, 9, 11, 13, 3, 11, 15, 8, 6, 10, 1, 12, 3, 3, 3, 12, 18, 3, 3, 2, 25, 18, 9, 2, 2, 7, 1, 12, 3, 13, 4, 19, 13, 5, 5, 2, 1, 4, 18, 16, 11, 13, 4, 30, 25, 1, 6, 19, 7, 5, 2, 17, 3, 1, 1, 0, 0, 0, 0, 0, 0, 0, 0, 0, 0, 0, 0, 0, 0, 0, 0, 0, 0, 0, 0, 0, 0, 0, 0, 0, 0, 0, 0, 0, 0, 0, 0, 0, 0, 0, 0, 0, 0, 0, 0, 0, 0, 0, 0, 0, 0, 0, 0, 0, 0, 0, 0, 0, 0, 0, 0, : 15, 5, 8, 13, 6, 4, 3, 1, 12, 3, 2, 7, 9, 1, 2, 10, 3, 3, 7, 11, 1, 1, 1, 4, 6, 1, 3, 19, 5, 3, 5, 10, 22, 5, 3, 8, 32, 2, 2, 11, 14, 4, 2, 11, 17, 2, 22, 19, 23, 12, 7, 14, 15, 5, 9, 3, 2, 16, 14, 2, 4, 1, 5, 4, 28, 10, 1, 34, 2, 6, 14, 18, 10, 14, 3, 20, 2, 8, 16, 4, 5, 14, 1, 6, 2, 11, 12, 14, 10, 34, 9, 11, 13, 3, 11, 15, 8, 6, 10, 1, 12, 3, 3, 3, 12, 18, 3, 3, 2, 25, 18, 9, 2, 2, 7, 1, 12, 3, 13, 4, 19, 13, 5, 5, 2, 1, 4, 18, 16, 11, 13, 4, 30, 25, 1, 6, 19, 7, 5, 2, 17, 3, 1, 1, 
100: 6, 2, 2, 1, 5, 7, 33, 5, 5, 1, 9, 23, 1, 12, 17, 26, 7, 2, 18, 10, 5, 15, 12, 6, 11, 17, 1, 4, 7, 10, 3, 5, 1, 1, 5, 2, 12, 2, 3, 1, 8, 13, 5, 2, 1, 1, 2, 2, 9, 4, 2, 1, 29, 8, 22, 4, 19, 1, 5, 4, 24, 6, 1, 1, 2, 3, 4, 12, 10, 9, 30, 6, 5, 10, 2, 11, 1, 4, 6, 1, 2, 4, 1, 18, 36, 8, 4, 4, 22, 2, 4, 5, 5, 4, 10, 0, 0, 0, 0, 0, 0, 0, 0, 0, 0, 0, 0, 0, 0, 0, 0, 0, 0, 0, 0, 0, 0, 0, 0, 0, 0, 0, 0, 0, 0, 0, 0, 0, 0, 0, 0, 0, 0, 0, 0, 0, 0, 0, 0, 0, 0, 0, 0, 0, 0, 0, 0, 0, 0, 0, 0, 0, 0, 0, 0, 0, 0, 0, 0, 0, 0, 0, 0, 0, 0, 0, 0, 0, 0, 0, 0, 0, 0, 0, 0, 0, 0, 0, 0, 0, 0, 0, 0, 0, 0, 0, 0, 0, 0, 0, 0, 0, 0, 0, 0, 0, 0, 0, 0, 0, : 6, 2, 2, 1, 5, 7, 33, 5, 5, 1, 9, 23, 1, 12, 17, 26, 7, 2, 18, 10, 5, 15, 12, 6, 11, 17, 1, 4, 7, 10, 3, 5, 1, 1, 5, 2, 12, 2, 3, 1, 8, 13, 5, 2, 1, 1, 2, 2, 9, 4, 2, 1, 29, 8, 22, 4, 19, 1, 5, 4, 24, 6, 1, 1, 2, 3, 4, 12, 10, 9, 30, 6, 5, 10, 2, 11, 1, 4, 6, 1, 2, 4, 1, 18, 36, 8, 4, 4, 22, 2, 4, 5, 5, 4, 10, 
101: 2, 5, 7, 1, 1, 8, 1, 9, 2, 17, 2, 13, 2, 2, 3, 3, 2, 18, 8, 15, 8, 5, 1, 2, 17, 11, 38, 14, 3, 18, 8, 5, 2, 12, 9, 4, 14, 17, 2, 6, 22, 13, 9, 5, 6, 11, 24, 30, 14, 7, 3, 12, 6, 20, 5, 19, 4, 1, 7, 1, 2, 35, 2, 3, 1, 1, 3, 1, 1, 2, 1, 14, 27, 13, 3, 15, 3, 2, 2, 7, 1, 6, 11, 1, 2, 6, 10, 1, 35, 2, 1, 9, 15, 11, 23, 23, 9, 1, 1, 15, 3, 17, 0, 0, 0, 0, 0, 0, 0, 0, 0, 0, 0, 0, 0, 0, 0, 0, 0, 0, 0, 0, 0, 0, 0, 0, 0, 0, 0, 0, 0, 0, 0, 0, 0, 0, 0, 0, 0, 0, 0, 0, 0, 0, 0, 0, 0, 0, 0, 0, 0, 0, 0, 0, 0, 0, 0, 0, 0, 0, 0, 0, 0, 0, 0, 0, 0, 0, 0, 0, 0, 0, 0, 0, 0, 0, 0, 0, 0, 0, 0, 0, 0, 0, 0, 0, 0, 0, 0, 0, 0, 0, 0, 0, 0, 0, 0, 0, 0, 0, : 2, 5, 7, 1, 1, 8, 1, 9, 2, 17, 2, 13, 2, 2, 3, 3, 2, 18, 8, 15, 8, 5, 1, 2, 17, 11, 38, 14, 3, 18, 8, 5, 2, 12, 9, 4, 14, 17, 2, 6, 22, 13, 9, 5, 6, 11, 24, 30, 14, 7, 3, 12, 6, 20, 5, 19, 4, 1, 7, 1, 2, 35, 2, 3, 1, 1, 3, 1, 1, 2, 1, 14, 27, 13, 3, 15, 3, 2, 2, 7, 1, 6, 11, 1, 2, 6, 10, 1, 35, 2, 1, 9, 15, 11, 23, 23, 9, 1, 1, 15, 3, 17, 
102: 5, 13, 5, 4, 18, 8, 15, 6, 9, 1, 31, 24, 1, 20, 18, 11, 16, 3, 6, 3, 7, 20, 2, 1, 3, 6, 5, 4, 3, 1, 4, 2, 19, 1, 9, 6, 1, 2, 2, 2, 4, 4, 3, 30, 2, 1, 9, 12, 16, 15, 5, 20, 9, 7, 7, 8, 14, 2, 7, 21, 4, 1, 3, 4, 20, 1, 11, 9, 17, 7, 4, 2, 9, 4, 2, 9, 5, 7, 1, 5, 27, 14, 35, 13, 3, 4, 14, 8, 1, 5, 12, 5, 14, 8, 1, 21, 5, 8, 8, 4, 0, 0, 0, 0, 0, 0, 0, 0, 0, 0, 0, 0, 0, 0, 0, 0, 0, 0, 0, 0, 0, 0, 0, 0, 0, 0, 0, 0, 0, 0, 0, 0, 0, 0, 0, 0, 0, 0, 0, 0, 0, 0, 0, 0, 0, 0, 0, 0, 0, 0, 0, 0, 0, 0, 0, 0, 0, 0, 0, 0, 0, 0, 0, 0, 0, 0, 0, 0, 0, 0, 0, 0, 0, 0, 0, 0, 0, 0, 0, 0, 0, 0, 0, 0, 0, 0, 0, 0, 0, 0, 0, 0, 0, 0, 0, 0, 0, 0, 0, 0, : 5, 13, 5, 4, 18, 8, 15, 6, 9, 1, 31, 24, 1, 20, 18, 11, 16, 3, 6, 3, 7, 20, 2, 1, 3, 6, 5, 4, 3, 1, 4, 2, 19, 1, 9, 6, 1, 2, 2, 2, 4, 4, 3, 30, 2, 1, 9, 12, 16, 15, 5, 20, 9, 7, 7, 8, 14, 2, 7, 21, 4, 1, 3, 4, 20, 1, 11, 9, 17, 7, 4, 2, 9, 4, 2, 9, 5, 7, 1, 5, 27, 14, 35, 13, 3, 4, 14, 8, 1, 5, 12, 5, 14, 8, 1, 21, 5, 8, 8, 4, 
103: 10, 7, 3, 1, 5, 15, 5, 17, 7, 27, 1, 4, 1, 13, 1, 4, 3, 35, 5, 2, 6, 19, 4, 19, 8, 4, 2, 3, 4, 25, 13, 13, 12, 3, 15, 2, 4, 8, 7, 29, 1, 10, 16, 19, 6, 2, 3, 22, 21, 1, 3, 6, 11, 20, 1, 7, 1, 4, 5, 14, 6, 10, 13, 2, 3, 12, 10, 10, 1, 3, 7, 7, 22, 3, 5, 12, 34, 28, 2, 5, 6, 4, 1, 33, 1, 18, 4, 8, 7, 2, 1, 11, 12, 11, 20, 6, 9, 15, 1, 5, 3, 2, 1, 1, 4, 4, 2, 9, 29, 23, 22, 5, 13, 1, 11, 23, 3, 2, 6, 4, 16, 14, 10, 2, 12, 6, 2, 6, 12, 0, 0, 0, 0, 0, 0, 0, 0, 0, 0, 0, 0, 0, 0, 0, 0, 0, 0, 0, 0, 0, 0, 0, 0, 0, 0, 0, 0, 0, 0, 0, 0, 0, 0, 0, 0, 0, 0, 0, 0, 0, 0, 0, 0, 0, 0, 0, 0, 0, 0, 0, 0, 0, 0, 0, 0, 0, 0, 0, 0, 0, 0, 0, 0, 0, 0, 0, 0, 0, 0, 0, : 10, 7, 3, 1, 5, 15, 5, 17, 7, 27, 1, 4, 1, 13, 1, 4, 3, 35, 5, 2, 6, 19, 4, 19, 8, 4, 2, 3, 4, 25, 13, 13, 12, 3, 15, 2, 4, 8, 7, 29, 1, 10, 16, 19, 6, 2, 3, 22, 21, 1, 3, 6, 11, 20, 1, 7, 1, 4, 5, 14, 6, 10, 13, 2, 3, 12, 10, 10, 1, 3, 7, 7, 22, 3, 5, 12, 34, 28, 2, 5, 6, 4, 1, 33, 1, 18, 4, 8, 7, 2, 1, 11, 12, 11, 20, 6, 9, 15, 1, 5, 3, 2, 1, 1, 4, 4, 2, 9, 29, 23, 22, 5, 13, 1, 11, 23, 3, 2, 6, 4, 16, 14, 10, 2, 12, 6, 2, 6, 12, 
104: 18, 14, 15, 8, 9, 1, 14, 11, 11, 1, 7, 9, 2, 6, 2, 1, 27, 6, 2, 16, 1, 21, 2, 10, 6, 10, 3, 11, 13, 2, 9, 5, 11, 1, 1, 12, 12, 6, 3, 16, 26, 20, 2, 1, 6, 7, 1, 22, 22, 12, 1, 1, 23, 10, 6, 18, 1, 17, 2, 4, 2, 1, 11, 22, 2, 2, 1, 1, 0, 0, 0, 0, 0, 0, 0, 0, 0, 0, 0, 0, 0, 0, 0, 0, 0, 0, 0, 0, 0, 0, 0, 0, 0, 0, 0, 0, 0, 0, 0, 0, 0, 0, 0, 0, 0, 0, 0, 0, 0, 0, 0, 0, 0, 0, 0, 0, 0, 0, 0, 0, 0, 0, 0, 0, 0, 0, 0, 0, 0, 0, 0, 0, 0, 0, 0, 0, 0, 0, 0, 0, 0, 0, 0, 0, 0, 0, 0, 0, 0, 0, 0, 0, 0, 0, 0, 0, 0, 0, 0, 0, 0, 0, 0, 0, 0, 0, 0, 0, 0, 0, 0, 0, 0, 0, 0, 0, 0, 0, 0, 0, 0, 0, 0, 0, 0, 0, 0, 0, 0, 0, 0, 0, 0, 0, 0, 0, 0, 0, 0, 0, : 18, 14, 15, 8, 9, 1, 14, 11, 11, 1, 7, 9, 2, 6, 2, 1, 27, 6, 2, 16, 1, 21, 2, 10, 6, 10, 3, 11, 13, 2, 9, 5, 11, 1, 1, 12, 12, 6, 3, 16, 26, 20, 2, 1, 6, 7, 1, 22, 22, 12, 1, 1, 23, 10, 6, 18, 1, 17, 2, 4, 2, 1, 11, 22, 2, 2, 1, 1, 
105: 6, 4, 5, 1, 3, 9, 5, 5, 1, 20, 17, 6, 4, 3, 1, 6, 3, 10, 5, 4, 4, 5, 7, 9, 1, 1, 7, 8, 2, 2, 13, 5, 12, 13, 4, 1, 3, 1, 2, 5, 3, 7, 23, 6, 19, 35, 10, 4, 9, 1, 3, 4, 23, 1, 2, 1, 9, 1, 14, 1, 3, 1, 17, 2, 12, 7, 3, 9, 6, 1, 7, 16, 2, 4, 6, 12, 15, 17, 22, 4, 23, 26, 3, 5, 5, 31, 8, 2, 2, 16, 14, 8, 29, 15, 2, 2, 14, 2, 13, 2, 7, 12, 3, 1, 4, 29, 4, 8, 4, 4, 11, 8, 12, 8, 14, 19, 3, 4, 1, 23, 6, 20, 2, 13, 5, 3, 13, 1, 27, 15, 2, 2, 2, 5, 6, 7, 21, 5, 15, 0, 0, 0, 0, 0, 0, 0, 0, 0, 0, 0, 0, 0, 0, 0, 0, 0, 0, 0, 0, 0, 0, 0, 0, 0, 0, 0, 0, 0, 0, 0, 0, 0, 0, 0, 0, 0, 0, 0, 0, 0, 0, 0, 0, 0, 0, 0, 0, 0, 0, 0, 0, 0, 0, 0, 0, 0, 0, 0, 0, 0, : 6, 4, 5, 1, 3, 9, 5, 5, 1, 20, 17, 6, 4, 3, 1, 6, 3, 10, 5, 4, 4, 5, 7, 9, 1, 1, 7, 8, 2, 2, 13, 5, 12, 13, 4, 1, 3, 1, 2, 5, 3, 7, 23, 6, 19, 35, 10, 4, 9, 1, 3, 4, 23, 1, 2, 1, 9, 1, 14, 1, 3, 1, 17, 2, 12, 7, 3, 9, 6, 1, 7, 16, 2, 4, 6, 12, 15, 17, 22, 4, 23, 26, 3, 5, 5, 31, 8, 2, 2, 16, 14, 8, 29, 15, 2, 2, 14, 2, 13, 2, 7, 12, 3, 1, 4, 29, 4, 8, 4, 4, 11, 8, 12, 8, 14, 19, 3, 4, 1, 23, 6, 20, 2, 13, 5, 3, 13, 1, 27, 15, 2, 2, 2, 5, 6, 7, 21, 5, 15, 
106: 6, 6, 2, 6, 7, 2, 5, 4, 3, 12, 10, 2, 4, 1, 21, 8, 1, 29, 21, 2, 8, 3, 6, 6, 1, 17, 1, 5, 12, 1, 20, 29, 6, 23, 27, 13, 1, 16, 1, 22, 3, 27, 10, 10, 13, 5, 3, 24, 17, 10, 2, 1, 2, 1, 1, 32, 2, 13, 25, 32, 5, 7, 1, 10, 3, 2, 1, 3, 1, 1, 6, 11, 5, 4, 18, 23, 15, 1, 3, 6, 7, 20, 2, 1, 4, 6, 2, 5, 19, 7, 15, 1, 16, 11, 0, 0, 0, 0, 0, 0, 0, 0, 0, 0, 0, 0, 0, 0, 0, 0, 0, 0, 0, 0, 0, 0, 0, 0, 0, 0, 0, 0, 0, 0, 0, 0, 0, 0, 0, 0, 0, 0, 0, 0, 0, 0, 0, 0, 0, 0, 0, 0, 0, 0, 0, 0, 0, 0, 0, 0, 0, 0, 0, 0, 0, 0, 0, 0, 0, 0, 0, 0, 0, 0, 0, 0, 0, 0, 0, 0, 0, 0, 0, 0, 0, 0, 0, 0, 0, 0, 0, 0, 0, 0, 0, 0, 0, 0, 0, 0, 0, 0, 0, 0, 0, 0, 0, 0, 0, 0, : 6, 6, 2, 6, 7, 2, 5, 4, 3, 12, 10, 2, 4, 1, 21, 8, 1, 29, 21, 2, 8, 3, 6, 6, 1, 17, 1, 5, 12, 1, 20, 29, 6, 23, 27, 13, 1, 16, 1, 22, 3, 27, 10, 10, 13, 5, 3, 24, 17, 10, 2, 1, 2, 1, 1, 32, 2, 13, 25, 32, 5, 7, 1, 10, 3, 2, 1, 3, 1, 1, 6, 11, 5, 4, 18, 23, 15, 1, 3, 6, 7, 20, 2, 1, 4, 6, 2, 5, 19, 7, 15, 1, 16, 11, 
107: 2, 4, 13, 32, 17, 6, 5, 11, 3, 1, 2, 17, 1, 4, 8, 4, 3, 4, 19, 4, 14, 8, 5, 2, 4, 1, 26, 23, 15, 12, 9, 4, 4, 11, 17, 2, 3, 14, 3, 6, 6, 34, 11, 5, 2, 4, 8, 5, 1, 6, 4, 35, 18, 3, 8, 5, 3, 2, 6, 5, 2, 3, 21, 18, 9, 1, 3, 6, 5, 10, 9, 4, 5, 6, 12, 1, 9, 1, 7, 11, 3, 1, 7, 1, 0, 0, 0, 0, 0, 0, 0, 0, 0, 0, 0, 0, 0, 0, 0, 0, 0, 0, 0, 0, 0, 0, 0, 0, 0, 0, 0, 0, 0, 0, 0, 0, 0, 0, 0, 0, 0, 0, 0, 0, 0, 0, 0, 0, 0, 0, 0, 0, 0, 0, 0, 0, 0, 0, 0, 0, 0, 0, 0, 0, 0, 0, 0, 0, 0, 0, 0, 0, 0, 0, 0, 0, 0, 0, 0, 0, 0, 0, 0, 0, 0, 0, 0, 0, 0, 0, 0, 0, 0, 0, 0, 0, 0, 0, 0, 0, 0, 0, 0, 0, 0, 0, 0, 0, 0, 0, 0, 0, 0, 0, 0, 0, 0, 0, 0, 0, : 2, 4, 13, 32, 17, 6, 5, 11, 3, 1, 2, 17, 1, 4, 8, 4, 3, 4, 19, 4, 14, 8, 5, 2, 4, 1, 26, 23, 15, 12, 9, 4, 4, 11, 17, 2, 3, 14, 3, 6, 6, 34, 11, 5, 2, 4, 8, 5, 1, 6, 4, 35, 18, 3, 8, 5, 3, 2, 6, 5, 2, 3, 21, 18, 9, 1, 3, 6, 5, 10, 9, 4, 5, 6, 12, 1, 9, 1, 7, 11, 3, 1, 7, 1, 
108: 1, 3, 33, 9, 5, 7, 18, 5, 7, 9, 3, 8, 1, 8, 14, 2, 10, 1, 14, 23, 2, 1, 6, 5, 10, 2, 5, 3, 3, 10, 1, 14, 8, 30, 2, 11, 6, 1, 3, 13, 1, 32, 10, 2, 3, 6, 13, 6, 3, 5, 3, 20, 12, 5, 4, 1, 2, 1, 23, 1, 24, 4, 11, 12, 8, 8, 6, 8, 10, 3, 3, 19, 34, 1, 2, 13, 2, 3, 6, 19, 1, 2, 9, 9, 1, 9, 11, 9, 7, 3, 5, 2, 2, 2, 2, 2, 1, 6, 1, 9, 10, 4, 5, 3, 1, 8, 2, 6, 0, 0, 0, 0, 0, 0, 0, 0, 0, 0, 0, 0, 0, 0, 0, 0, 0, 0, 0, 0, 0, 0, 0, 0, 0, 0, 0, 0, 0, 0, 0, 0, 0, 0, 0, 0, 0, 0, 0, 0, 0, 0, 0, 0, 0, 0, 0, 0, 0, 0, 0, 0, 0, 0, 0, 0, 0, 0, 0, 0, 0, 0, 0, 0, 0, 0, 0, 0, 0, 0, 0, 0, 0, 0, 0, 0, 0, 0, 0, 0, 0, 0, 0, 0, 0, 0, 0, 0, 0, 0, 0, 0, : 1, 3, 33, 9, 5, 7, 18, 5, 7, 9, 3, 8, 1, 8, 14, 2, 10, 1, 14, 23, 2, 1, 6, 5, 10, 2, 5, 3, 3, 10, 1, 14, 8, 30, 2, 11, 6, 1, 3, 13, 1, 32, 10, 2, 3, 6, 13, 6, 3, 5, 3, 20, 12, 5, 4, 1, 2, 1, 23, 1, 24, 4, 11, 12, 8, 8, 6, 8, 10, 3, 3, 19, 34, 1, 2, 13, 2, 3, 6, 19, 1, 2, 9, 9, 1, 9, 11, 9, 7, 3, 5, 2, 2, 2, 2, 2, 1, 6, 1, 9, 10, 4, 5, 3, 1, 8, 2, 6, 
109: 6, 10, 2, 10, 9, 2, 10, 12, 20, 1, 13, 11, 2, 16, 2, 12, 1, 7, 20, 29, 20, 1, 1, 20, 12, 2, 6, 12, 3, 1, 7, 31, 4, 8, 6, 7, 1, 2, 2, 5, 3, 3, 7, 11, 6, 5, 8, 28, 3, 19, 14, 5, 3, 2, 1, 5, 1, 4, 16, 3, 9, 4, 30, 4, 19, 1, 7, 19, 1, 2, 9, 5, 7, 1, 2, 1, 17, 1, 17, 16, 2, 1, 5, 19, 5, 21, 17, 2, 5, 9, 0, 0, 0, 0, 0, 0, 0, 0, 0, 0, 0, 0, 0, 0, 0, 0, 0, 0, 0, 0, 0, 0, 0, 0, 0, 0, 0, 0, 0, 0, 0, 0, 0, 0, 0, 0, 0, 0, 0, 0, 0, 0, 0, 0, 0, 0, 0, 0, 0, 0, 0, 0, 0, 0, 0, 0, 0, 0, 0, 0, 0, 0, 0, 0, 0, 0, 0, 0, 0, 0, 0, 0, 0, 0, 0, 0, 0, 0, 0, 0, 0, 0, 0, 0, 0, 0, 0, 0, 0, 0, 0, 0, 0, 0, 0, 0, 0, 0, 0, 0, 0, 0, 0, 0, 0, 0, 0, 0, 0, 0, : 6, 10, 2, 10, 9, 2, 10, 12, 20, 1, 13, 11, 2, 16, 2, 12, 1, 7, 20, 29, 20, 1, 1, 20, 12, 2, 6, 12, 3, 1, 7, 31, 4, 8, 6, 7, 1, 2, 2, 5, 3, 3, 7, 11, 6, 5, 8, 28, 3, 19, 14, 5, 3, 2, 1, 5, 1, 4, 16, 3, 9, 4, 30, 4, 19, 1, 7, 19, 1, 2, 9, 5, 7, 1, 2, 1, 17, 1, 17, 16, 2, 1, 5, 19, 5, 21, 17, 2, 5, 9, 
110: 6, 25, 5, 12, 3, 10, 21, 32, 2, 2, 7, 7, 11, 13, 8, 1, 4, 24, 2, 2, 5, 2, 20, 6, 13, 5, 7, 21, 17, 6, 26, 8, 16, 20, 1, 10, 10, 9, 2, 3, 11, 3, 5, 4, 15, 10, 11, 11, 8, 13, 28, 2, 4, 5, 27, 10, 4, 3, 5, 2, 29, 23, 3, 20, 3, 1, 8, 5, 4, 6, 17, 8, 13, 9, 2, 1, 12, 27, 12, 6, 16, 13, 7, 2, 3, 23, 9, 7, 19, 7, 0, 0, 0, 0, 0, 0, 0, 0, 0, 0, 0, 0, 0, 0, 0, 0, 0, 0, 0, 0, 0, 0, 0, 0, 0, 0, 0, 0, 0, 0, 0, 0, 0, 0, 0, 0, 0, 0, 0, 0, 0, 0, 0, 0, 0, 0, 0, 0, 0, 0, 0, 0, 0, 0, 0, 0, 0, 0, 0, 0, 0, 0, 0, 0, 0, 0, 0, 0, 0, 0, 0, 0, 0, 0, 0, 0, 0, 0, 0, 0, 0, 0, 0, 0, 0, 0, 0, 0, 0, 0, 0, 0, 0, 0, 0, 0, 0, 0, 0, 0, 0, 0, 0, 0, 0, 0, 0, 0, 0, 0, : 6, 25, 5, 12, 3, 10, 21, 32, 2, 2, 7, 7, 11, 13, 8, 1, 4, 24, 2, 2, 5, 2, 20, 6, 13, 5, 7, 21, 17, 6, 26, 8, 16, 20, 1, 10, 10, 9, 2, 3, 11, 3, 5, 4, 15, 10, 11, 11, 8, 13, 28, 2, 4, 5, 27, 10, 4, 3, 5, 2, 29, 23, 3, 20, 3, 1, 8, 5, 4, 6, 17, 8, 13, 9, 2, 1, 12, 27, 12, 6, 16, 13, 7, 2, 3, 23, 9, 7, 19, 7, 
111: 1, 22, 16, 10, 4, 2, 18, 37, 13, 6, 3, 8, 6, 1, 2, 1, 4, 1, 30, 4, 1, 2, 5, 23, 1, 1, 4, 27, 8, 1, 34, 5, 4, 17, 3, 1, 14, 24, 1, 2, 16, 18, 7, 2, 3, 2, 20, 9, 17, 4, 17, 28, 1, 1, 14, 4, 12, 2, 2, 5, 6, 1, 15, 4, 1, 5, 16, 29, 14, 1, 6, 8, 19, 1, 4, 13, 10, 17, 25, 7, 3, 16, 10, 20, 3, 9, 11, 1, 5, 11, 3, 6, 1, 9, 1, 10, 1, 16, 13, 1, 22, 1, 13, 3, 2, 6, 6, 13, 8, 7, 12, 2, 5, 5, 30, 3, 4, 4, 3, 34, 26, 1, 1, 7, 2, 14, 8, 22, 12, 6, 15, 2, 8, 5, 2, 15, 3, 5, 1, 9, 6, 1, 3, 0, 0, 0, 0, 0, 0, 0, 0, 0, 0, 0, 0, 0, 0, 0, 0, 0, 0, 0, 0, 0, 0, 0, 0, 0, 0, 0, 0, 0, 0, 0, 0, 0, 0, 0, 0, 0, 0, 0, 0, 0, 0, 0, 0, 0, 0, 0, 0, 0, 0, 0, 0, 0, 0, 0, 0, 0, : 1, 22, 16, 10, 4, 2, 18, 37, 13, 6, 3, 8, 6, 1, 2, 1, 4, 1, 30, 4, 1, 2, 5, 23, 1, 1, 4, 27, 8, 1, 34, 5, 4, 17, 3, 1, 14, 24, 1, 2, 16, 18, 7, 2, 3, 2, 20, 9, 17, 4, 17, 28, 1, 1, 14, 4, 12, 2, 2, 5, 6, 1, 15, 4, 1, 5, 16, 29, 14, 1, 6, 8, 19, 1, 4, 13, 10, 17, 25, 7, 3, 16, 10, 20, 3, 9, 11, 1, 5, 11, 3, 6, 1, 9, 1, 10, 1, 16, 13, 1, 22, 1, 13, 3, 2, 6, 6, 13, 8, 7, 12, 2, 5, 5, 30, 3, 4, 4, 3, 34, 26, 1, 1, 7, 2, 14, 8, 22, 12, 6, 15, 2, 8, 5, 2, 15, 3, 5, 1, 9, 6, 1, 3, 
112: 5, 2, 26, 1, 2, 13, 6, 6, 8, 11, 8, 10, 3, 6, 5, 11, 15, 2, 2, 4, 4, 19, 1, 2, 4, 1, 2, 5, 11, 1, 1, 2, 16, 3, 6, 5, 13, 1, 4, 12, 7, 1, 15, 7, 4, 3, 5, 9, 23, 9, 3, 1, 4, 5, 7, 10, 6, 1, 5, 1, 6, 1, 1, 11, 6, 11, 9, 3, 2, 1, 6, 3, 4, 8, 11, 15, 35, 16, 10, 9, 2, 13, 2, 1, 7, 23, 6, 1, 20, 0, 0, 0, 0, 0, 0, 0, 0, 0, 0, 0, 0, 0, 0, 0, 0, 0, 0, 0, 0, 0, 0, 0, 0, 0, 0, 0, 0, 0, 0, 0, 0, 0, 0, 0, 0, 0, 0, 0, 0, 0, 0, 0, 0, 0, 0, 0, 0, 0, 0, 0, 0, 0, 0, 0, 0, 0, 0, 0, 0, 0, 0, 0, 0, 0, 0, 0, 0, 0, 0, 0, 0, 0, 0, 0, 0, 0, 0, 0, 0, 0, 0, 0, 0, 0, 0, 0, 0, 0, 0, 0, 0, 0, 0, 0, 0, 0, 0, 0, 0, 0, 0, 0, 0, 0, 0, 0, 0, 0, 0, 0, : 5, 2, 26, 1, 2, 13, 6, 6, 8, 11, 8, 10, 3, 6, 5, 11, 15, 2, 2, 4, 4, 19, 1, 2, 4, 1, 2, 5, 11, 1, 1, 2, 16, 3, 6, 5, 13, 1, 4, 12, 7, 1, 15, 7, 4, 3, 5, 9, 23, 9, 3, 1, 4, 5, 7, 10, 6, 1, 5, 1, 6, 1, 1, 11, 6, 11, 9, 3, 2, 1, 6, 3, 4, 8, 11, 15, 35, 16, 10, 9, 2, 13, 2, 1, 7, 23, 6, 1, 20, 
113: 1, 17, 3, 20, 6, 4, 19, 11, 3, 8, 9, 13, 13, 31, 24, 6, 5, 3, 14, 16, 34, 11, 4, 17, 7, 9, 7, 8, 2, 6, 4, 3, 3, 1, 2, 4, 22, 1, 6, 2, 4, 1, 3, 5, 28, 27, 2, 2, 4, 6, 7, 15, 4, 14, 8, 1, 1, 3, 2, 15, 30, 4, 18, 33, 1, 1, 1, 17, 7, 5, 4, 13, 1, 6, 22, 9, 12, 1, 2, 1, 6, 4, 5, 5, 15, 1, 5, 1, 14, 7, 15, 12, 16, 14, 23, 11, 14, 13, 29, 3, 29, 22, 2, 19, 2, 31, 6, 1, 0, 0, 0, 0, 0, 0, 0, 0, 0, 0, 0, 0, 0, 0, 0, 0, 0, 0, 0, 0, 0, 0, 0, 0, 0, 0, 0, 0, 0, 0, 0, 0, 0, 0, 0, 0, 0, 0, 0, 0, 0, 0, 0, 0, 0, 0, 0, 0, 0, 0, 0, 0, 0, 0, 0, 0, 0, 0, 0, 0, 0, 0, 0, 0, 0, 0, 0, 0, 0, 0, 0, 0, 0, 0, 0, 0, 0, 0, 0, 0, 0, 0, 0, 0, 0, 0, 0, 0, 0, 0, 0, 0, : 1, 17, 3, 20, 6, 4, 19, 11, 3, 8, 9, 13, 13, 31, 24, 6, 5, 3, 14, 16, 34, 11, 4, 17, 7, 9, 7, 8, 2, 6, 4, 3, 3, 1, 2, 4, 22, 1, 6, 2, 4, 1, 3, 5, 28, 27, 2, 2, 4, 6, 7, 15, 4, 14, 8, 1, 1, 3, 2, 15, 30, 4, 18, 33, 1, 1, 1, 17, 7, 5, 4, 13, 1, 6, 22, 9, 12, 1, 2, 1, 6, 4, 5, 5, 15, 1, 5, 1, 14, 7, 15, 12, 16, 14, 23, 11, 14, 13, 29, 3, 29, 22, 2, 19, 2, 31, 6, 1, 
114: 3, 9, 7, 2, 9, 26, 1, 5, 5, 8, 4, 1, 11, 19, 2, 3, 15, 1, 4, 24, 4, 14, 4, 11, 2, 14, 10, 4, 19, 14, 8, 11, 7, 5, 1, 29, 6, 8, 4, 13, 5, 5, 3, 2, 1, 9, 9, 1, 10, 4, 12, 7, 16, 2, 9, 1, 7, 4, 5, 2, 9, 5, 1, 17, 8, 2, 5, 8, 6, 3, 0, 0, 0, 0, 0, 0, 0, 0, 0, 0, 0, 0, 0, 0, 0, 0, 0, 0, 0, 0, 0, 0, 0, 0, 0, 0, 0, 0, 0, 0, 0, 0, 0, 0, 0, 0, 0, 0, 0, 0, 0, 0, 0, 0, 0, 0, 0, 0, 0, 0, 0, 0, 0, 0, 0, 0, 0, 0, 0, 0, 0, 0, 0, 0, 0, 0, 0, 0, 0, 0, 0, 0, 0, 0, 0, 0, 0, 0, 0, 0, 0, 0, 0, 0, 0, 0, 0, 0, 0, 0, 0, 0, 0, 0, 0, 0, 0, 0, 0, 0, 0, 0, 0, 0, 0, 0, 0, 0, 0, 0, 0, 0, 0, 0, 0, 0, 0, 0, 0, 0, 0, 0, 0, 0, 0, 0, 0, 0, 0, 0, : 3, 9, 7, 2, 9, 26, 1, 5, 5, 8, 4, 1, 11, 19, 2, 3, 15, 1, 4, 24, 4, 14, 4, 11, 2, 14, 10, 4, 19, 14, 8, 11, 7, 5, 1, 29, 6, 8, 4, 13, 5, 5, 3, 2, 1, 9, 9, 1, 10, 4, 12, 7, 16, 2, 9, 1, 7, 4, 5, 2, 9, 5, 1, 17, 8, 2, 5, 8, 6, 3, 
115: 4, 6, 1, 6, 1, 3, 2, 14, 17, 24, 13, 2, 3, 5, 2, 6, 1, 27, 9, 10, 5, 2, 2, 10, 1, 8, 5, 22, 3, 16, 2, 12, 6, 6, 8, 17, 10, 2, 28, 1, 1, 3, 5, 3, 2, 1, 4, 4, 6, 5, 1, 3, 2, 13, 4, 9, 2, 1, 17, 16, 15, 5, 1, 16, 2, 5, 1, 12, 3, 3, 4, 22, 6, 2, 1, 13, 2, 1, 2, 9, 14, 21, 2, 1, 27, 8, 7, 5, 1, 8, 2, 2, 22, 2, 10, 6, 2, 1, 14, 9, 0, 0, 0, 0, 0, 0, 0, 0, 0, 0, 0, 0, 0, 0, 0, 0, 0, 0, 0, 0, 0, 0, 0, 0, 0, 0, 0, 0, 0, 0, 0, 0, 0, 0, 0, 0, 0, 0, 0, 0, 0, 0, 0, 0, 0, 0, 0, 0, 0, 0, 0, 0, 0, 0, 0, 0, 0, 0, 0, 0, 0, 0, 0, 0, 0, 0, 0, 0, 0, 0, 0, 0, 0, 0, 0, 0, 0, 0, 0, 0, 0, 0, 0, 0, 0, 0, 0, 0, 0, 0, 0, 0, 0, 0, 0, 0, 0, 0, 0, 0, : 4, 6, 1, 6, 1, 3, 2, 14, 17, 24, 13, 2, 3, 5, 2, 6, 1, 27, 9, 10, 5, 2, 2, 10, 1, 8, 5, 22, 3, 16, 2, 12, 6, 6, 8, 17, 10, 2, 28, 1, 1, 3, 5, 3, 2, 1, 4, 4, 6, 5, 1, 3, 2, 13, 4, 9, 2, 1, 17, 16, 15, 5, 1, 16, 2, 5, 1, 12, 3, 3, 4, 22, 6, 2, 1, 13, 2, 1, 2, 9, 14, 21, 2, 1, 27, 8, 7, 5, 1, 8, 2, 2, 22, 2, 10, 6, 2, 1, 14, 9, 
116: 1, 7, 7, 11, 27, 5, 4, 1, 3, 4, 2, 4, 6, 1, 4, 1, 1, 3, 34, 18, 15, 3, 2, 7, 4, 3, 1, 11, 3, 17, 11, 18, 5, 8, 29, 10, 8, 3, 8, 13, 9, 2, 12, 1, 4, 5, 13, 6, 1, 17, 1, 5, 12, 12, 26, 2, 1, 1, 37, 21, 5, 34, 4, 22, 2, 6, 9, 3, 4, 2, 4, 2, 9, 34, 8, 9, 3, 9, 9, 1, 5, 5, 2, 21, 5, 8, 13, 14, 11, 6, 2, 1, 6, 13, 1, 15, 5, 21, 2, 1, 2, 2, 18, 10, 5, 3, 1, 13, 32, 6, 2, 7, 22, 11, 37, 11, 10, 14, 9, 8, 5, 3, 1, 3, 26, 11, 9, 4, 1, 33, 4, 0, 0, 0, 0, 0, 0, 0, 0, 0, 0, 0, 0, 0, 0, 0, 0, 0, 0, 0, 0, 0, 0, 0, 0, 0, 0, 0, 0, 0, 0, 0, 0, 0, 0, 0, 0, 0, 0, 0, 0, 0, 0, 0, 0, 0, 0, 0, 0, 0, 0, 0, 0, 0, 0, 0, 0, 0, 0, 0, 0, 0, 0, 0, 0, 0, 0, 0, 0, 0, : 1, 7, 7, 11, 27, 5, 4, 1, 3, 4, 2, 4, 6, 1, 4, 1, 1, 3, 34, 18, 15, 3, 2, 7, 4, 3, 1, 11, 3, 17, 11, 18, 5, 8, 29, 10, 8, 3, 8, 13, 9, 2, 12, 1, 4, 5, 13, 6, 1, 17, 1, 5, 12, 12, 26, 2, 1, 1, 37, 21, 5, 34, 4, 22, 2, 6, 9, 3, 4, 2, 4, 2, 9, 34, 8, 9, 3, 9, 9, 1, 5, 5, 2, 21, 5, 8, 13, 14, 11, 6, 2, 1, 6, 13, 1, 15, 5, 21, 2, 1, 2, 2, 18, 10, 5, 3, 1, 13, 32, 6, 2, 7, 22, 11, 37, 11, 10, 14, 9, 8, 5, 3, 1, 3, 26, 11, 9, 4, 1, 33, 4, 
117: 3, 3, 14, 3, 3, 1, 7, 2, 5, 17, 24, 2, 1, 4, 2, 12, 3, 3, 12, 4, 1, 6, 14, 3, 20, 4, 5, 4, 4, 9, 23, 4, 1, 14, 1, 5, 3, 23, 5, 3, 6, 8, 13, 15, 2, 15, 3, 32, 6, 3, 1, 6, 1, 11, 21, 17, 10, 2, 2, 4, 15, 1, 13, 30, 2, 5, 5, 3, 2, 14, 3, 10, 12, 6, 19, 6, 6, 8, 22, 13, 11, 2, 7, 1, 14, 16, 7, 22, 12, 2, 20, 4, 1, 4, 7, 17, 17, 4, 4, 2, 2, 4, 14, 1, 1, 16, 3, 3, 1, 2, 6, 1, 18, 2, 15, 19, 8, 2, 10, 3, 9, 10, 16, 4, 23, 7, 3, 18, 3, 10, 2, 5, 10, 0, 0, 0, 0, 0, 0, 0, 0, 0, 0, 0, 0, 0, 0, 0, 0, 0, 0, 0, 0, 0, 0, 0, 0, 0, 0, 0, 0, 0, 0, 0, 0, 0, 0, 0, 0, 0, 0, 0, 0, 0, 0, 0, 0, 0, 0, 0, 0, 0, 0, 0, 0, 0, 0, 0, 0, 0, 0, 0, 0, 0, 0, 0, 0, 0, 0, 0, : 3, 3, 14, 3, 3, 1, 7, 2, 5, 17, 24, 2, 1, 4, 2, 12, 3, 3, 12, 4, 1, 6, 14, 3, 20, 4, 5, 4, 4, 9, 23, 4, 1, 14, 1, 5, 3, 23, 5, 3, 6, 8, 13, 15, 2, 15, 3, 32, 6, 3, 1, 6, 1, 11, 21, 17, 10, 2, 2, 4, 15, 1, 13, 30, 2, 5, 5, 3, 2, 14, 3, 10, 12, 6, 19, 6, 6, 8, 22, 13, 11, 2, 7, 1, 14, 16, 7, 22, 12, 2, 20, 4, 1, 4, 7, 17, 17, 4, 4, 2, 2, 4, 14, 1, 1, 16, 3, 3, 1, 2, 6, 1, 18, 2, 15, 19, 8, 2, 10, 3, 9, 10, 16, 4, 23, 7, 3, 18, 3, 10, 2, 5, 10, 
118: 4, 5, 2, 27, 11, 3, 11, 2, 6, 4, 1, 1, 5, 1, 13, 23, 2, 2, 3, 2, 26, 2, 6, 19, 3, 17, 5, 15, 2, 15, 3, 1, 12, 13, 15, 7, 21, 4, 3, 7, 2, 2, 3, 5, 26, 4, 7, 2, 1, 23, 2, 3, 12, 3, 18, 7, 1, 7, 7, 1, 29, 3, 17, 8, 1, 16, 2, 7, 28, 2, 6, 1, 3, 1, 4, 4, 29, 9, 5, 11, 3, 4, 17, 2, 5, 1, 1, 5, 5, 2, 21, 15, 9, 0, 0, 0, 0, 0, 0, 0, 0, 0, 0, 0, 0, 0, 0, 0, 0, 0, 0, 0, 0, 0, 0, 0, 0, 0, 0, 0, 0, 0, 0, 0, 0, 0, 0, 0, 0, 0, 0, 0, 0, 0, 0, 0, 0, 0, 0, 0, 0, 0, 0, 0, 0, 0, 0, 0, 0, 0, 0, 0, 0, 0, 0, 0, 0, 0, 0, 0, 0, 0, 0, 0, 0, 0, 0, 0, 0, 0, 0, 0, 0, 0, 0, 0, 0, 0, 0, 0, 0, 0, 0, 0, 0, 0, 0, 0, 0, 0, 0, 0, 0, 0, 0, 0, 0, 0, 0, 0, : 4, 5, 2, 27, 11, 3, 11, 2, 6, 4, 1, 1, 5, 1, 13, 23, 2, 2, 3, 2, 26, 2, 6, 19, 3, 17, 5, 15, 2, 15, 3, 1, 12, 13, 15, 7, 21, 4, 3, 7, 2, 2, 3, 5, 26, 4, 7, 2, 1, 23, 2, 3, 12, 3, 18, 7, 1, 7, 7, 1, 29, 3, 17, 8, 1, 16, 2, 7, 28, 2, 6, 1, 3, 1, 4, 4, 29, 9, 5, 11, 3, 4, 17, 2, 5, 1, 1, 5, 5, 2, 21, 15, 9, 
119: 11, 3, 5, 30, 1, 13, 9, 9, 1, 2, 3, 1, 36, 1, 5, 2, 11, 16, 4, 21, 13, 22, 1, 16, 9, 3, 5, 5, 24, 8, 1, 6, 1, 15, 6, 3, 9, 2, 2, 4, 7, 4, 1, 19, 19, 1, 6, 14, 9, 6, 1, 1, 14, 1, 9, 1, 5, 12, 3, 13, 9, 5, 5, 5, 3, 7, 1, 3, 4, 7, 4, 6, 11, 6, 1, 2, 3, 2, 7, 9, 4, 2, 28, 20, 4, 2, 7, 7, 8, 1, 11, 6, 9, 3, 26, 4, 2, 9, 7, 1, 14, 1, 21, 19, 17, 1, 2, 17, 4, 1, 2, 12, 9, 4, 3, 7, 8, 0, 0, 0, 0, 0, 0, 0, 0, 0, 0, 0, 0, 0, 0, 0, 0, 0, 0, 0, 0, 0, 0, 0, 0, 0, 0, 0, 0, 0, 0, 0, 0, 0, 0, 0, 0, 0, 0, 0, 0, 0, 0, 0, 0, 0, 0, 0, 0, 0, 0, 0, 0, 0, 0, 0, 0, 0, 0, 0, 0, 0, 0, 0, 0, 0, 0, 0, 0, 0, 0, 0, 0, 0, 0, 0, 0, 0, 0, 0, 0, 0, 0, 0, : 11, 3, 5, 30, 1, 13, 9, 9, 1, 2, 3, 1, 36, 1, 5, 2, 11, 16, 4, 21, 13, 22, 1, 16, 9, 3, 5, 5, 24, 8, 1, 6, 1, 15, 6, 3, 9, 2, 2, 4, 7, 4, 1, 19, 19, 1, 6, 14, 9, 6, 1, 1, 14, 1, 9, 1, 5, 12, 3, 13, 9, 5, 5, 5, 3, 7, 1, 3, 4, 7, 4, 6, 11, 6, 1, 2, 3, 2, 7, 9, 4, 2, 28, 20, 4, 2, 7, 7, 8, 1, 11, 6, 9, 3, 26, 4, 2, 9, 7, 1, 14, 1, 21, 19, 17, 1, 2, 17, 4, 1, 2, 12, 9, 4, 3, 7, 8, 
120: 5, 6, 5, 4, 13, 10, 5, 8, 27, 4, 2, 2, 9, 12, 17, 9, 13, 2, 4, 4, 7, 2, 11, 29, 12, 9, 2, 2, 6, 2, 26, 34, 1, 2, 22, 27, 9, 1, 10, 3, 9, 1, 9, 5, 2, 29, 21, 6, 8, 4, 7, 2, 12, 35, 29, 13, 11, 4, 3, 8, 1, 8, 26, 1, 5, 1, 1, 8, 30, 19, 1, 16, 5, 4, 1, 8, 32, 19, 11, 3, 1, 2, 6, 1, 6, 9, 8, 4, 14, 8, 23, 2, 11, 1, 10, 1, 14, 4, 3, 4, 15, 20, 1, 4, 18, 2, 1, 9, 26, 2, 18, 5, 8, 3, 2, 1, 1, 0, 0, 0, 0, 0, 0, 0, 0, 0, 0, 0, 0, 0, 0, 0, 0, 0, 0, 0, 0, 0, 0, 0, 0, 0, 0, 0, 0, 0, 0, 0, 0, 0, 0, 0, 0, 0, 0, 0, 0, 0, 0, 0, 0, 0, 0, 0, 0, 0, 0, 0, 0, 0, 0, 0, 0, 0, 0, 0, 0, 0, 0, 0, 0, 0, 0, 0, 0, 0, 0, 0, 0, 0, 0, 0, 0, 0, 0, 0, 0, 0, 0, 0, : 5, 6, 5, 4, 13, 10, 5, 8, 27, 4, 2, 2, 9, 12, 17, 9, 13, 2, 4, 4, 7, 2, 11, 29, 12, 9, 2, 2, 6, 2, 26, 34, 1, 2, 22, 27, 9, 1, 10, 3, 9, 1, 9, 5, 2, 29, 21, 6, 8, 4, 7, 2, 12, 35, 29, 13, 11, 4, 3, 8, 1, 8, 26, 1, 5, 1, 1, 8, 30, 19, 1, 16, 5, 4, 1, 8, 32, 19, 11, 3, 1, 2, 6, 1, 6, 9, 8, 4, 14, 8, 23, 2, 11, 1, 10, 1, 14, 4, 3, 4, 15, 20, 1, 4, 18, 2, 1, 9, 26, 2, 18, 5, 8, 3, 2, 1, 1, 
121: 6, 10, 11, 4, 1, 4, 9, 1, 4, 1, 4, 7, 13, 7, 7, 1, 1, 2, 1, 2, 6, 4, 2, 2, 1, 9, 2, 2, 4, 22, 3, 1, 12, 6, 5, 17, 3, 1, 8, 1, 1, 26, 34, 7, 1, 7, 19, 26, 3, 3, 1, 26, 12, 11, 1, 19, 1, 17, 11, 3, 34, 7, 4, 12, 4, 1, 17, 8, 9, 10, 18, 15, 19, 14, 28, 8, 17, 2, 12, 16, 23, 4, 24, 2, 7, 1, 3, 21, 9, 4, 19, 3, 3, 28, 2, 5, 2, 0, 0, 0, 0, 0, 0, 0, 0, 0, 0, 0, 0, 0, 0, 0, 0, 0, 0, 0, 0, 0, 0, 0, 0, 0, 0, 0, 0, 0, 0, 0, 0, 0, 0, 0, 0, 0, 0, 0, 0, 0, 0, 0, 0, 0, 0, 0, 0, 0, 0, 0, 0, 0, 0, 0, 0, 0, 0, 0, 0, 0, 0, 0, 0, 0, 0, 0, 0, 0, 0, 0, 0, 0, 0, 0, 0, 0, 0, 0, 0, 0, 0, 0, 0, 0, 0, 0, 0, 0, 0, 0, 0, 0, 0, 0, 0, 0, 0, 0, 0, 0, 0, 0, : 6, 10, 11, 4, 1, 4, 9, 1, 4, 1, 4, 7, 13, 7, 7, 1, 1, 2, 1, 2, 6, 4, 2, 2, 1, 9, 2, 2, 4, 22, 3, 1, 12, 6, 5, 17, 3, 1, 8, 1, 1, 26, 34, 7, 1, 7, 19, 26, 3, 3, 1, 26, 12, 11, 1, 19, 1, 17, 11, 3, 34, 7, 4, 12, 4, 1, 17, 8, 9, 10, 18, 15, 19, 14, 28, 8, 17, 2, 12, 16, 23, 4, 24, 2, 7, 1, 3, 21, 9, 4, 19, 3, 3, 28, 2, 5, 2, 
122: 11, 10, 11, 23, 2, 33, 18, 26, 6, 21, 1, 1, 19, 4, 1, 1, 16, 3, 13, 27, 12, 1, 4, 18, 2, 19, 1, 2, 33, 1, 1, 25, 6, 5, 2, 4, 2, 1, 12, 14, 17, 7, 9, 5, 1, 1, 2, 4, 4, 1, 8, 13, 8, 13, 24, 4, 15, 11, 4, 7, 3, 4, 5, 3, 7, 8, 8, 20, 12, 1, 1, 9, 3, 1, 2, 1, 7, 3, 9, 6, 4, 7, 9, 17, 6, 1, 12, 11, 27, 2, 3, 5, 6, 3, 1, 3, 4, 6, 14, 7, 13, 8, 8, 19, 7, 3, 3, 2, 0, 0, 0, 0, 0, 0, 0, 0, 0, 0, 0, 0, 0, 0, 0, 0, 0, 0, 0, 0, 0, 0, 0, 0, 0, 0, 0, 0, 0, 0, 0, 0, 0, 0, 0, 0, 0, 0, 0, 0, 0, 0, 0, 0, 0, 0, 0, 0, 0, 0, 0, 0, 0, 0, 0, 0, 0, 0, 0, 0, 0, 0, 0, 0, 0, 0, 0, 0, 0, 0, 0, 0, 0, 0, 0, 0, 0, 0, 0, 0, 0, 0, 0, 0, 0, 0, 0, 0, 0, 0, 0, 0, : 11, 10, 11, 23, 2, 33, 18, 26, 6, 21, 1, 1, 19, 4, 1, 1, 16, 3, 13, 27, 12, 1, 4, 18, 2, 19, 1, 2, 33, 1, 1, 25, 6, 5, 2, 4, 2, 1, 12, 14, 17, 7, 9, 5, 1, 1, 2, 4, 4, 1, 8, 13, 8, 13, 24, 4, 15, 11, 4, 7, 3, 4, 5, 3, 7, 8, 8, 20, 12, 1, 1, 9, 3, 1, 2, 1, 7, 3, 9, 6, 4, 7, 9, 17, 6, 1, 12, 11, 27, 2, 3, 5, 6, 3, 1, 3, 4, 6, 14, 7, 13, 8, 8, 19, 7, 3, 3, 2, 
123: 3, 17, 2, 10, 1, 3, 8, 4, 25, 1, 6, 2, 8, 3, 4, 12, 17, 12, 7, 21, 2, 16, 9, 1, 1, 6, 22, 1, 6, 1, 10, 1, 1, 5, 25, 1, 10, 4, 1, 7, 5, 11, 5, 1, 9, 22, 3, 5, 2, 4, 1, 1, 1, 1, 5, 3, 6, 18, 10, 2, 11, 2, 10, 2, 5, 1, 12, 18, 12, 22, 4, 4, 26, 1, 5, 23, 2, 27, 4, 12, 1, 6, 10, 1, 2, 1, 15, 29, 9, 11, 6, 7, 1, 6, 22, 10, 9, 2, 2, 4, 3, 8, 4, 1, 26, 4, 5, 2, 5, 1, 5, 2, 0, 0, 0, 0, 0, 0, 0, 0, 0, 0, 0, 0, 0, 0, 0, 0, 0, 0, 0, 0, 0, 0, 0, 0, 0, 0, 0, 0, 0, 0, 0, 0, 0, 0, 0, 0, 0, 0, 0, 0, 0, 0, 0, 0, 0, 0, 0, 0, 0, 0, 0, 0, 0, 0, 0, 0, 0, 0, 0, 0, 0, 0, 0, 0, 0, 0, 0, 0, 0, 0, 0, 0, 0, 0, 0, 0, 0, 0, 0, 0, 0, 0, 0, 0, 0, 0, 0, 0, : 3, 17, 2, 10, 1, 3, 8, 4, 25, 1, 6, 2, 8, 3, 4, 12, 17, 12, 7, 21, 2, 16, 9, 1, 1, 6, 22, 1, 6, 1, 10, 1, 1, 5, 25, 1, 10, 4, 1, 7, 5, 11, 5, 1, 9, 22, 3, 5, 2, 4, 1, 1, 1, 1, 5, 3, 6, 18, 10, 2, 11, 2, 10, 2, 5, 1, 12, 18, 12, 22, 4, 4, 26, 1, 5, 23, 2, 27, 4, 12, 1, 6, 10, 1, 2, 1, 15, 29, 9, 11, 6, 7, 1, 6, 22, 10, 9, 2, 2, 4, 3, 8, 4, 1, 26, 4, 5, 2, 5, 1, 5, 2, 
124: 2, 29, 9, 1, 2, 7, 1, 1, 7, 4, 2, 5, 2, 4, 4, 2, 6, 9, 21, 2, 10, 5, 11, 2, 1, 10, 26, 1, 4, 8, 2, 3, 1, 6, 4, 14, 7, 9, 1, 19, 22, 4, 24, 10, 3, 3, 17, 8, 9, 9, 2, 11, 4, 30, 17, 1, 8, 3, 12, 16, 4, 8, 24, 10, 1, 17, 3, 11, 14, 12, 1, 1, 1, 2, 1, 6, 2, 16, 11, 1, 3, 2, 3, 2, 1, 1, 3, 9, 10, 4, 5, 33, 2, 2, 15, 2, 7, 1, 10, 2, 1, 5, 13, 34, 12, 1, 1, 15, 5, 5, 3, 0, 0, 0, 0, 0, 0, 0, 0, 0, 0, 0, 0, 0, 0, 0, 0, 0, 0, 0, 0, 0, 0, 0, 0, 0, 0, 0, 0, 0, 0, 0, 0, 0, 0, 0, 0, 0, 0, 0, 0, 0, 0, 0, 0, 0, 0, 0, 0, 0, 0, 0, 0, 0, 0, 0, 0, 0, 0, 0, 0, 0, 0, 0, 0, 0, 0, 0, 0, 0, 0, 0, 0, 0, 0, 0, 0, 0, 0, 0, 0, 0, 0, 0, 0, 0, 0, 0, 0, 0, : 2, 29, 9, 1, 2, 7, 1, 1, 7, 4, 2, 5, 2, 4, 4, 2, 6, 9, 21, 2, 10, 5, 11, 2, 1, 10, 26, 1, 4, 8, 2, 3, 1, 6, 4, 14, 7, 9, 1, 19, 22, 4, 24, 10, 3, 3, 17, 8, 9, 9, 2, 11, 4, 30, 17, 1, 8, 3, 12, 16, 4, 8, 24, 10, 1, 17, 3, 11, 14, 12, 1, 1, 1, 2, 1, 6, 2, 16, 11, 1, 3, 2, 3, 2, 1, 1, 3, 9, 10, 4, 5, 33, 2, 2, 15, 2, 7, 1, 10, 2, 1, 5, 13, 34, 12, 1, 1, 15, 5, 5, 3, 
125: 25, 6, 4, 1, 2, 4, 2, 3, 29, 18, 1, 14, 28, 6, 23, 11, 3, 6, 25, 12, 6, 8, 6, 1, 4, 2, 15, 35, 9, 21, 1, 12, 2, 7, 30, 6, 1, 21, 17, 2, 21, 13, 25, 1, 7, 1, 3, 1, 3, 12, 14, 2, 6, 4, 20, 8, 6, 1, 13, 5, 2, 13, 6, 2, 12, 22, 5, 10, 1, 2, 3, 3, 4, 2, 2, 1, 5, 19, 33, 1, 3, 6, 12, 18, 10, 5, 2, 4, 9, 1, 1, 10, 1, 1, 1, 9, 14, 1, 13, 11, 19, 3, 22, 0, 0, 0, 0, 0, 0, 0, 0, 0, 0, 0, 0, 0, 0, 0, 0, 0, 0, 0, 0, 0, 0, 0, 0, 0, 0, 0, 0, 0, 0, 0, 0, 0, 0, 0, 0, 0, 0, 0, 0, 0, 0, 0, 0, 0, 0, 0, 0, 0, 0, 0, 0, 0, 0, 0, 0, 0, 0, 0, 0, 0, 0, 0, 0, 0, 0, 0, 0, 0, 0, 0, 0, 0, 0, 0, 0, 0, 0, 0, 0, 0, 0, 0, 0, 0, 0, 0, 0, 0, 0, 0, 0, 0, 0, 0, 0, 0, : 25, 6, 4, 1, 2, 4, 2, 3, 29, 18, 1, 14, 28, 6, 23, 11, 3, 6, 25, 12, 6, 8, 6, 1, 4, 2, 15, 35, 9, 21, 1, 12, 2, 7, 30, 6, 1, 21, 17, 2, 21, 13, 25, 1, 7, 1, 3, 1, 3, 12, 14, 2, 6, 4, 20, 8, 6, 1, 13, 5, 2, 13, 6, 2, 12, 22, 5, 10, 1, 2, 3, 3, 4, 2, 2, 1, 5, 19, 33, 1, 3, 6, 12, 18, 10, 5, 2, 4, 9, 1, 1, 10, 1, 1, 1, 9, 14, 1, 13, 11, 19, 3, 22, 
126: 1, 3, 28, 2, 10, 2, 2, 1, 11, 7, 27, 23, 14, 7, 7, 8, 1, 17, 19, 5, 2, 7, 2, 4, 7, 5, 11, 14, 5, 5, 7, 1, 6, 19, 4, 10, 6, 8, 3, 20, 13, 3, 6, 11, 4, 1, 3, 2, 9, 13, 3, 21, 1, 4, 9, 11, 13, 4, 8, 10, 6, 13, 8, 15, 2, 1, 15, 35, 0, 0, 0, 0, 0, 0, 0, 0, 0, 0, 0, 0, 0, 0, 0, 0, 0, 0, 0, 0, 0, 0, 0, 0, 0, 0, 0, 0, 0, 0, 0, 0, 0, 0, 0, 0, 0, 0, 0, 0, 0, 0, 0, 0, 0, 0, 0, 0, 0, 0, 0, 0, 0, 0, 0, 0, 0, 0, 0, 0, 0, 0, 0, 0, 0, 0, 0, 0, 0, 0, 0, 0, 0, 0, 0, 0, 0, 0, 0, 0, 0, 0, 0, 0, 0, 0, 0, 0, 0, 0, 0, 0, 0, 0, 0, 0, 0, 0, 0, 0, 0, 0, 0, 0, 0, 0, 0, 0, 0, 0, 0, 0, 0, 0, 0, 0, 0, 0, 0, 0, 0, 0, 0, 0, 0, 0, 0, 0, 0, 0, 0, 0, : 1, 3, 28, 2, 10, 2, 2, 1, 11, 7, 27, 23, 14, 7, 7, 8, 1, 17, 19, 5, 2, 7, 2, 4, 7, 5, 11, 14, 5, 5, 7, 1, 6, 19, 4, 10, 6, 8, 3, 20, 13, 3, 6, 11, 4, 1, 3, 2, 9, 13, 3, 21, 1, 4, 9, 11, 13, 4, 8, 10, 6, 13, 8, 15, 2, 1, 15, 35, 
127: 1, 7, 24, 15, 16, 5, 21, 2, 1, 13, 7, 9, 13, 4, 1, 17, 8, 3, 3, 1, 1, 22, 18, 14, 13, 8, 6, 15, 9, 7, 4, 2, 9, 2, 7, 17, 4, 1, 11, 28, 1, 1, 13, 24, 6, 10, 7, 3, 11, 3, 9, 5, 7, 8, 15, 1, 3, 15, 5, 21, 2, 12, 17, 8, 7, 4, 1, 3, 1, 16, 3, 5, 3, 7, 14, 5, 2, 3, 15, 21, 4, 14, 1, 34, 1, 10, 1, 3, 7, 3, 1, 1, 5, 4, 25, 6, 6, 3, 11, 17, 9, 5, 17, 5, 5, 2, 2, 14, 6, 24, 1, 1, 9, 13, 1, 5, 1, 5, 6, 3, 1, 2, 24, 0, 0, 0, 0, 0, 0, 0, 0, 0, 0, 0, 0, 0, 0, 0, 0, 0, 0, 0, 0, 0, 0, 0, 0, 0, 0, 0, 0, 0, 0, 0, 0, 0, 0, 0, 0, 0, 0, 0, 0, 0, 0, 0, 0, 0, 0, 0, 0, 0, 0, 0, 0, 0, 0, 0, 0, 0, 0, 0, 0, 0, 0, 0, 0, 0, 0, 0, 0, 0, 0, 0, 0, 0, 0, 0, 0, 0, : 1, 7, 24, 15, 16, 5, 21, 2, 1, 13, 7, 9, 13, 4, 1, 17, 8, 3, 3, 1, 1, 22, 18, 14, 13, 8, 6, 15, 9, 7, 4, 2, 9, 2, 7, 17, 4, 1, 11, 28, 1, 1, 13, 24, 6, 10, 7, 3, 11, 3, 9, 5, 7, 8, 15, 1, 3, 15, 5, 21, 2, 12, 17, 8, 7, 4, 1, 3, 1, 16, 3, 5, 3, 7, 14, 5, 2, 3, 15, 21, 4, 14, 1, 34, 1, 10, 1, 3, 7, 3, 1, 1, 5, 4, 25, 6, 6, 3, 11, 17, 9, 5, 17, 5, 5, 2, 2, 14, 6, 24, 1, 1, 9, 13, 1, 5, 1, 5, 6, 3, 1, 2, 24, 
128: 5, 4, 13, 12, 2, 7, 3, 26, 3, 12, 4, 15, 7, 4, 1, 2, 14, 4, 2, 6, 2, 7, 19, 8, 3, 5, 2, 8, 3, 2, 6, 1, 9, 3, 2, 28, 1, 6, 12, 14, 1, 7, 5, 2, 13, 1, 1, 1, 12, 5, 8, 9, 2, 4, 16, 4, 4, 2, 10, 8, 2, 1, 6, 20, 3, 3, 6, 7, 16, 3, 2, 7, 1, 9, 16, 1, 1, 6, 1, 20, 4, 10, 4, 5, 1, 0, 0, 0, 0, 0, 0, 0, 0, 0, 0, 0, 0, 0, 0, 0, 0, 0, 0, 0, 0, 0, 0, 0, 0, 0, 0, 0, 0, 0, 0, 0, 0, 0, 0, 0, 0, 0, 0, 0, 0, 0, 0, 0, 0, 0, 0, 0, 0, 0, 0, 0, 0, 0, 0, 0, 0, 0, 0, 0, 0, 0, 0, 0, 0, 0, 0, 0, 0, 0, 0, 0, 0, 0, 0, 0, 0, 0, 0, 0, 0, 0, 0, 0, 0, 0, 0, 0, 0, 0, 0, 0, 0, 0, 0, 0, 0, 0, 0, 0, 0, 0, 0, 0, 0, 0, 0, 0, 0, 0, 0, 0, 0, 0, 0, 0, : 5, 4, 13, 12, 2, 7, 3, 26, 3, 12, 4, 15, 7, 4, 1, 2, 14, 4, 2, 6, 2, 7, 19, 8, 3, 5, 2, 8, 3, 2, 6, 1, 9, 3, 2, 28, 1, 6, 12, 14, 1, 7, 5, 2, 13, 1, 1, 1, 12, 5, 8, 9, 2, 4, 16, 4, 4, 2, 10, 8, 2, 1, 6, 20, 3, 3, 6, 7, 16, 3, 2, 7, 1, 9, 16, 1, 1, 6, 1, 20, 4, 10, 4, 5, 1, 
129: 6, 13, 16, 9, 15, 6, 14, 1, 2, 8, 8, 5, 4, 3, 6, 9, 6, 1, 2, 16, 2, 22, 1, 1, 13, 1, 4, 1, 3, 8, 4, 28, 4, 10, 1, 8, 1, 11, 4, 4, 4, 6, 5, 29, 6, 9, 16, 2, 19, 2, 8, 2, 4, 2, 2, 16, 19, 2, 8, 17, 4, 4, 5, 11, 6, 6, 1, 1, 5, 5, 15, 25, 13, 8, 7, 2, 3, 14, 4, 22, 22, 12, 14, 9, 3, 1, 11, 2, 4, 1, 5, 10, 35, 2, 9, 2, 10, 0, 0, 0, 0, 0, 0, 0, 0, 0, 0, 0, 0, 0, 0, 0, 0, 0, 0, 0, 0, 0, 0, 0, 0, 0, 0, 0, 0, 0, 0, 0, 0, 0, 0, 0, 0, 0, 0, 0, 0, 0, 0, 0, 0, 0, 0, 0, 0, 0, 0, 0, 0, 0, 0, 0, 0, 0, 0, 0, 0, 0, 0, 0, 0, 0, 0, 0, 0, 0, 0, 0, 0, 0, 0, 0, 0, 0, 0, 0, 0, 0, 0, 0, 0, 0, 0, 0, 0, 0, 0, 0, 0, 0, 0, 0, 0, 0, 0, 0, 0, 0, 0, 0, : 6, 13, 16, 9, 15, 6, 14, 1, 2, 8, 8, 5, 4, 3, 6, 9, 6, 1, 2, 16, 2, 22, 1, 1, 13, 1, 4, 1, 3, 8, 4, 28, 4, 10, 1, 8, 1, 11, 4, 4, 4, 6, 5, 29, 6, 9, 16, 2, 19, 2, 8, 2, 4, 2, 2, 16, 19, 2, 8, 17, 4, 4, 5, 11, 6, 6, 1, 1, 5, 5, 15, 25, 13, 8, 7, 2, 3, 14, 4, 22, 22, 12, 14, 9, 3, 1, 11, 2, 4, 1, 5, 10, 35, 2, 9, 2, 10, 
130: 2, 12, 3, 7, 4, 24, 27, 12, 6, 17, 11, 7, 5, 13, 2, 10, 1, 9, 5, 7, 35, 14, 2, 4, 10, 9, 2, 24, 1, 2, 23, 5, 2, 6, 2, 23, 28, 5, 10, 5, 5, 33, 4, 3, 10, 15, 18, 8, 1, 1, 2, 16, 8, 6, 3, 2, 3, 11, 18, 1, 9, 13, 15, 5, 4, 20, 28, 25, 18, 13, 8, 1, 5, 2, 2, 8, 11, 7, 26, 2, 6, 5, 16, 2, 20, 3, 4, 10, 6, 24, 11, 13, 2, 4, 1, 1, 20, 21, 1, 13, 3, 9, 11, 10, 22, 2, 8, 8, 3, 4, 9, 2, 2, 0, 0, 0, 0, 0, 0, 0, 0, 0, 0, 0, 0, 0, 0, 0, 0, 0, 0, 0, 0, 0, 0, 0, 0, 0, 0, 0, 0, 0, 0, 0, 0, 0, 0, 0, 0, 0, 0, 0, 0, 0, 0, 0, 0, 0, 0, 0, 0, 0, 0, 0, 0, 0, 0, 0, 0, 0, 0, 0, 0, 0, 0, 0, 0, 0, 0, 0, 0, 0, 0, 0, 0, 0, 0, 0, 0, 0, 0, 0, 0, 0, 0, 0, 0, 0, 0, 0, : 2, 12, 3, 7, 4, 24, 27, 12, 6, 17, 11, 7, 5, 13, 2, 10, 1, 9, 5, 7, 35, 14, 2, 4, 10, 9, 2, 24, 1, 2, 23, 5, 2, 6, 2, 23, 28, 5, 10, 5, 5, 33, 4, 3, 10, 15, 18, 8, 1, 1, 2, 16, 8, 6, 3, 2, 3, 11, 18, 1, 9, 13, 15, 5, 4, 20, 28, 25, 18, 13, 8, 1, 5, 2, 2, 8, 11, 7, 26, 2, 6, 5, 16, 2, 20, 3, 4, 10, 6, 24, 11, 13, 2, 4, 1, 1, 20, 21, 1, 13, 3, 9, 11, 10, 22, 2, 8, 8, 3, 4, 9, 2, 2, 
131: 10, 20, 2, 9, 1, 9, 15, 14, 9, 2, 11, 8, 24, 9, 6, 7, 3, 12, 4, 9, 4, 20, 8, 4, 7, 21, 9, 4, 9, 6, 11, 3, 2, 13, 1, 15, 2, 3, 6, 17, 24, 3, 17, 4, 8, 1, 23, 3, 2, 2, 3, 12, 3, 11, 5, 4, 24, 3, 28, 1, 6, 6, 1, 1, 2, 2, 7, 2, 28, 6, 4, 10, 22, 3, 1, 22, 11, 1, 3, 1, 16, 2, 4, 4, 23, 2, 2, 3, 7, 1, 7, 1, 12, 6, 28, 1, 8, 3, 4, 2, 5, 12, 5, 3, 22, 2, 1, 2, 7, 20, 20, 1, 3, 3, 33, 11, 1, 7, 5, 8, 9, 13, 4, 3, 1, 19, 0, 0, 0, 0, 0, 0, 0, 0, 0, 0, 0, 0, 0, 0, 0, 0, 0, 0, 0, 0, 0, 0, 0, 0, 0, 0, 0, 0, 0, 0, 0, 0, 0, 0, 0, 0, 0, 0, 0, 0, 0, 0, 0, 0, 0, 0, 0, 0, 0, 0, 0, 0, 0, 0, 0, 0, 0, 0, 0, 0, 0, 0, 0, 0, 0, 0, 0, 0, 0, 0, 0, 0, 0, 0, : 10, 20, 2, 9, 1, 9, 15, 14, 9, 2, 11, 8, 24, 9, 6, 7, 3, 12, 4, 9, 4, 20, 8, 4, 7, 21, 9, 4, 9, 6, 11, 3, 2, 13, 1, 15, 2, 3, 6, 17, 24, 3, 17, 4, 8, 1, 23, 3, 2, 2, 3, 12, 3, 11, 5, 4, 24, 3, 28, 1, 6, 6, 1, 1, 2, 2, 7, 2, 28, 6, 4, 10, 22, 3, 1, 22, 11, 1, 3, 1, 16, 2, 4, 4, 23, 2, 2, 3, 7, 1, 7, 1, 12, 6, 28, 1, 8, 3, 4, 2, 5, 12, 5, 3, 22, 2, 1, 2, 7, 20, 20, 1, 3, 3, 33, 11, 1, 7, 5, 8, 9, 13, 4, 3, 1, 19, 
132: 9, 5, 5, 16, 8, 3, 7, 4, 10, 1, 1, 17, 1, 7, 10, 7, 1, 7, 4, 34, 7, 2, 19, 3, 3, 21, 5, 10, 11, 2, 4, 7, 9, 16, 1, 13, 7, 6, 20, 3, 1, 8, 3, 2, 3, 1, 19, 2, 3, 5, 32, 5, 3, 4, 5, 5, 12, 2, 7, 6, 5, 5, 4, 18, 8, 14, 25, 14, 8, 23, 3, 2, 9, 1, 1, 4, 3, 1, 2, 2, 7, 1, 1, 32, 19, 3, 1, 3, 18, 3, 27, 13, 4, 6, 17, 6, 1, 2, 14, 1, 1, 26, 4, 4, 3, 5, 6, 2, 12, 15, 3, 33, 3, 0, 0, 0, 0, 0, 0, 0, 0, 0, 0, 0, 0, 0, 0, 0, 0, 0, 0, 0, 0, 0, 0, 0, 0, 0, 0, 0, 0, 0, 0, 0, 0, 0, 0, 0, 0, 0, 0, 0, 0, 0, 0, 0, 0, 0, 0, 0, 0, 0, 0, 0, 0, 0, 0, 0, 0, 0, 0, 0, 0, 0, 0, 0, 0, 0, 0, 0, 0, 0, 0, 0, 0, 0, 0, 0, 0, 0, 0, 0, 0, 0, 0, 0, 0, 0, 0, 0, : 9, 5, 5, 16, 8, 3, 7, 4, 10, 1, 1, 17, 1, 7, 10, 7, 1, 7, 4, 34, 7, 2, 19, 3, 3, 21, 5, 10, 11, 2, 4, 7, 9, 16, 1, 13, 7, 6, 20, 3, 1, 8, 3, 2, 3, 1, 19, 2, 3, 5, 32, 5, 3, 4, 5, 5, 12, 2, 7, 6, 5, 5, 4, 18, 8, 14, 25, 14, 8, 23, 3, 2, 9, 1, 1, 4, 3, 1, 2, 2, 7, 1, 1, 32, 19, 3, 1, 3, 18, 3, 27, 13, 4, 6, 17, 6, 1, 2, 14, 1, 1, 26, 4, 4, 3, 5, 6, 2, 12, 15, 3, 33, 3, 
133: 5, 32, 4, 2, 19, 1, 14, 7, 28, 1, 12, 1, 7, 7, 2, 2, 8, 7, 2, 5, 3, 4, 12, 23, 1, 8, 5, 6, 7, 13, 4, 1, 10, 3, 9, 16, 1, 4, 4, 7, 2, 3, 23, 2, 24, 2, 27, 18, 7, 19, 1, 4, 1, 1, 22, 1, 8, 2, 18, 2, 1, 13, 1, 8, 1, 34, 1, 2, 1, 1, 12, 19, 1, 1, 10, 1, 2, 9, 4, 20, 3, 3, 13, 2, 1, 2, 21, 4, 1, 2, 17, 4, 6, 6, 3, 7, 5, 2, 10, 15, 4, 21, 21, 17, 5, 0, 0, 0, 0, 0, 0, 0, 0, 0, 0, 0, 0, 0, 0, 0, 0, 0, 0, 0, 0, 0, 0, 0, 0, 0, 0, 0, 0, 0, 0, 0, 0, 0, 0, 0, 0, 0, 0, 0, 0, 0, 0, 0, 0, 0, 0, 0, 0, 0, 0, 0, 0, 0, 0, 0, 0, 0, 0, 0, 0, 0, 0, 0, 0, 0, 0, 0, 0, 0, 0, 0, 0, 0, 0, 0, 0, 0, 0, 0, 0, 0, 0, 0, 0, 0, 0, 0, 0, 0, 0, 0, 0, 0, 0, 0, : 5, 32, 4, 2, 19, 1, 14, 7, 28, 1, 12, 1, 7, 7, 2, 2, 8, 7, 2, 5, 3, 4, 12, 23, 1, 8, 5, 6, 7, 13, 4, 1, 10, 3, 9, 16, 1, 4, 4, 7, 2, 3, 23, 2, 24, 2, 27, 18, 7, 19, 1, 4, 1, 1, 22, 1, 8, 2, 18, 2, 1, 13, 1, 8, 1, 34, 1, 2, 1, 1, 12, 19, 1, 1, 10, 1, 2, 9, 4, 20, 3, 3, 13, 2, 1, 2, 21, 4, 1, 2, 17, 4, 6, 6, 3, 7, 5, 2, 10, 15, 4, 21, 21, 17, 5, 
134: 19, 2, 5, 11, 4, 6, 8, 4, 8, 10, 3, 17, 6, 4, 3, 7, 4, 1, 1, 7, 1, 2, 14, 19, 7, 8, 1, 21, 19, 4, 1, 1, 4, 10, 10, 6, 2, 26, 14, 2, 10, 12, 2, 1, 5, 4, 18, 12, 12, 10, 5, 5, 3, 33, 27, 9, 16, 3, 1, 1, 4, 3, 3, 1, 2, 6, 5, 1, 6, 15, 2, 14, 6, 3, 2, 3, 1, 19, 7, 9, 12, 2, 5, 4, 3, 7, 3, 4, 17, 13, 16, 4, 14, 5, 4, 12, 3, 2, 5, 4, 7, 23, 0, 0, 0, 0, 0, 0, 0, 0, 0, 0, 0, 0, 0, 0, 0, 0, 0, 0, 0, 0, 0, 0, 0, 0, 0, 0, 0, 0, 0, 0, 0, 0, 0, 0, 0, 0, 0, 0, 0, 0, 0, 0, 0, 0, 0, 0, 0, 0, 0, 0, 0, 0, 0, 0, 0, 0, 0, 0, 0, 0, 0, 0, 0, 0, 0, 0, 0, 0, 0, 0, 0, 0, 0, 0, 0, 0, 0, 0, 0, 0, 0, 0, 0, 0, 0, 0, 0, 0, 0, 0, 0, 0, 0, 0, 0, 0, 0, 0, : 19, 2, 5, 11, 4, 6, 8, 4, 8, 10, 3, 17, 6, 4, 3, 7, 4, 1, 1, 7, 1, 2, 14, 19, 7, 8, 1, 21, 19, 4, 1, 1, 4, 10, 10, 6, 2, 26, 14, 2, 10, 12, 2, 1, 5, 4, 18, 12, 12, 10, 5, 5, 3, 33, 27, 9, 16, 3, 1, 1, 4, 3, 3, 1, 2, 6, 5, 1, 6, 15, 2, 14, 6, 3, 2, 3, 1, 19, 7, 9, 12, 2, 5, 4, 3, 7, 3, 4, 17, 13, 16, 4, 14, 5, 4, 12, 3, 2, 5, 4, 7, 23, 
135: 4, 4, 7, 5, 8, 9, 4, 2, 8, 22, 3, 1, 13, 8, 3, 28, 7, 1, 2, 10, 6, 12, 1, 6, 3, 13, 14, 9, 15, 14, 1, 12, 2, 6, 16, 8, 1, 13, 3, 24, 24, 5, 7, 14, 1, 4, 11, 1, 21, 1, 4, 1, 11, 18, 28, 1, 9, 4, 2, 1, 7, 27, 2, 24, 3, 10, 12, 14, 20, 1, 15, 12, 5, 6, 25, 2, 12, 1, 2, 3, 9, 11, 4, 2, 8, 3, 13, 22, 3, 9, 14, 18, 10, 8, 2, 6, 6, 14, 3, 17, 7, 1, 7, 1, 13, 10, 26, 25, 6, 1, 1, 0, 0, 0, 0, 0, 0, 0, 0, 0, 0, 0, 0, 0, 0, 0, 0, 0, 0, 0, 0, 0, 0, 0, 0, 0, 0, 0, 0, 0, 0, 0, 0, 0, 0, 0, 0, 0, 0, 0, 0, 0, 0, 0, 0, 0, 0, 0, 0, 0, 0, 0, 0, 0, 0, 0, 0, 0, 0, 0, 0, 0, 0, 0, 0, 0, 0, 0, 0, 0, 0, 0, 0, 0, 0, 0, 0, 0, 0, 0, 0, 0, 0, 0, 0, 0, 0, 0, 0, 0, : 4, 4, 7, 5, 8, 9, 4, 2, 8, 22, 3, 1, 13, 8, 3, 28, 7, 1, 2, 10, 6, 12, 1, 6, 3, 13, 14, 9, 15, 14, 1, 12, 2, 6, 16, 8, 1, 13, 3, 24, 24, 5, 7, 14, 1, 4, 11, 1, 21, 1, 4, 1, 11, 18, 28, 1, 9, 4, 2, 1, 7, 27, 2, 24, 3, 10, 12, 14, 20, 1, 15, 12, 5, 6, 25, 2, 12, 1, 2, 3, 9, 11, 4, 2, 8, 3, 13, 22, 3, 9, 14, 18, 10, 8, 2, 6, 6, 14, 3, 17, 7, 1, 7, 1, 13, 10, 26, 25, 6, 1, 1, 
136: 11, 2, 1, 4, 1, 1, 7, 12, 3, 2, 1, 8, 2, 1, 2, 3, 1, 27, 1, 21, 1, 4, 1, 5, 6, 3, 11, 4, 10, 15, 11, 7, 2, 18, 6, 9, 2, 16, 5, 3, 4, 1, 4, 22, 5, 29, 5, 4, 4, 2, 7, 3, 2, 16, 4, 2, 7, 2, 15, 18, 26, 1, 11, 12, 24, 9, 9, 26, 6, 4, 3, 10, 3, 21, 0, 0, 0, 0, 0, 0, 0, 0, 0, 0, 0, 0, 0, 0, 0, 0, 0, 0, 0, 0, 0, 0, 0, 0, 0, 0, 0, 0, 0, 0, 0, 0, 0, 0, 0, 0, 0, 0, 0, 0, 0, 0, 0, 0, 0, 0, 0, 0, 0, 0, 0, 0, 0, 0, 0, 0, 0, 0, 0, 0, 0, 0, 0, 0, 0, 0, 0, 0, 0, 0, 0, 0, 0, 0, 0, 0, 0, 0, 0, 0, 0, 0, 0, 0, 0, 0, 0, 0, 0, 0, 0, 0, 0, 0, 0, 0, 0, 0, 0, 0, 0, 0, 0, 0, 0, 0, 0, 0, 0, 0, 0, 0, 0, 0, 0, 0, 0, 0, 0, 0, 0, 0, 0, 0, 0, 0, : 11, 2, 1, 4, 1, 1, 7, 12, 3, 2, 1, 8, 2, 1, 2, 3, 1, 27, 1, 21, 1, 4, 1, 5, 6, 3, 11, 4, 10, 15, 11, 7, 2, 18, 6, 9, 2, 16, 5, 3, 4, 1, 4, 22, 5, 29, 5, 4, 4, 2, 7, 3, 2, 16, 4, 2, 7, 2, 15, 18, 26, 1, 11, 12, 24, 9, 9, 26, 6, 4, 3, 10, 3, 21, 
137: 11, 3, 28, 11, 11, 2, 9, 4, 14, 5, 2, 1, 13, 32, 3, 11, 1, 3, 8, 24, 6, 9, 3, 16, 30, 4, 9, 1, 3, 3, 1, 6, 22, 10, 17, 1, 29, 9, 2, 8, 1, 9, 7, 15, 13, 3, 19, 2, 3, 18, 5, 2, 9, 2, 1, 12, 2, 3, 12, 2, 4, 3, 3, 14, 11, 10, 2, 1, 1, 4, 3, 20, 11, 4, 6, 2, 4, 4, 34, 26, 3, 8, 2, 18, 3, 2, 4, 3, 3, 2, 7, 11, 1, 7, 1, 4, 26, 1, 1, 1, 12, 5, 4, 11, 3, 20, 28, 3, 17, 2, 33, 5, 3, 1, 7, 3, 6, 1, 2, 6, 1, 16, 1, 14, 24, 3, 18, 5, 3, 14, 1, 2, 20, 7, 20, 17, 13, 2, 8, 2, 11, 7, 20, 13, 37, 1, 2, 12, 2, 1, 17, 18, 2, 0, 0, 0, 0, 0, 0, 0, 0, 0, 0, 0, 0, 0, 0, 0, 0, 0, 0, 0, 0, 0, 0, 0, 0, 0, 0, 0, 0, 0, 0, 0, 0, 0, 0, 0, 0, 0, 0, 0, 0, 0, 0, 0, 0, 0, 0, 0, : 11, 3, 28, 11, 11, 2, 9, 4, 14, 5, 2, 1, 13, 32, 3, 11, 1, 3, 8, 24, 6, 9, 3, 16, 30, 4, 9, 1, 3, 3, 1, 6, 22, 10, 17, 1, 29, 9, 2, 8, 1, 9, 7, 15, 13, 3, 19, 2, 3, 18, 5, 2, 9, 2, 1, 12, 2, 3, 12, 2, 4, 3, 3, 14, 11, 10, 2, 1, 1, 4, 3, 20, 11, 4, 6, 2, 4, 4, 34, 26, 3, 8, 2, 18, 3, 2, 4, 3, 3, 2, 7, 11, 1, 7, 1, 4, 26, 1, 1, 1, 12, 5, 4, 11, 3, 20, 28, 3, 17, 2, 33, 5, 3, 1, 7, 3, 6, 1, 2, 6, 1, 16, 1, 14, 24, 3, 18, 5, 3, 14, 1, 2, 20, 7, 20, 17, 13, 2, 8, 2, 11, 7, 20, 13, 37, 1, 2, 12, 2, 1, 17, 18, 2, 
138: 12, 1, 1, 17, 1, 1, 6, 30, 2, 5, 3, 17, 8, 26, 33, 1, 7, 8, 27, 3, 13, 1, 6, 2, 9, 2, 7, 15, 12, 6, 7, 7, 2, 16, 30, 3, 11, 2, 8, 21, 1, 3, 11, 12, 16, 1, 4, 5, 2, 14, 12, 9, 16, 16, 13, 1, 2, 2, 19, 4, 17, 1, 17, 9, 6, 6, 12, 15, 9, 1, 7, 17, 24, 16, 2, 3, 9, 15, 7, 7, 1, 1, 4, 5, 5, 13, 12, 11, 3, 14, 10, 4, 0, 0, 0, 0, 0, 0, 0, 0, 0, 0, 0, 0, 0, 0, 0, 0, 0, 0, 0, 0, 0, 0, 0, 0, 0, 0, 0, 0, 0, 0, 0, 0, 0, 0, 0, 0, 0, 0, 0, 0, 0, 0, 0, 0, 0, 0, 0, 0, 0, 0, 0, 0, 0, 0, 0, 0, 0, 0, 0, 0, 0, 0, 0, 0, 0, 0, 0, 0, 0, 0, 0, 0, 0, 0, 0, 0, 0, 0, 0, 0, 0, 0, 0, 0, 0, 0, 0, 0, 0, 0, 0, 0, 0, 0, 0, 0, 0, 0, 0, 0, 0, 0, 0, 0, 0, 0, 0, 0, : 12, 1, 1, 17, 1, 1, 6, 30, 2, 5, 3, 17, 8, 26, 33, 1, 7, 8, 27, 3, 13, 1, 6, 2, 9, 2, 7, 15, 12, 6, 7, 7, 2, 16, 30, 3, 11, 2, 8, 21, 1, 3, 11, 12, 16, 1, 4, 5, 2, 14, 12, 9, 16, 16, 13, 1, 2, 2, 19, 4, 17, 1, 17, 9, 6, 6, 12, 15, 9, 1, 7, 17, 24, 16, 2, 3, 9, 15, 7, 7, 1, 1, 4, 5, 5, 13, 12, 11, 3, 14, 10, 4, 
139: 19, 1, 13, 2, 17, 9, 4, 12, 1, 15, 2, 8, 4, 1, 1, 5, 5, 3, 3, 4, 15, 2, 24, 1, 7, 8, 9, 7, 8, 7, 7, 11, 7, 5, 8, 14, 5, 3, 2, 2, 6, 6, 3, 18, 26, 25, 5, 12, 3, 5, 3, 4, 3, 1, 22, 13, 5, 8, 3, 9, 3, 5, 8, 2, 12, 9, 2, 9, 4, 20, 11, 11, 10, 3, 33, 3, 2, 1, 16, 8, 1, 17, 3, 6, 14, 3, 3, 0, 0, 0, 0, 0, 0, 0, 0, 0, 0, 0, 0, 0, 0, 0, 0, 0, 0, 0, 0, 0, 0, 0, 0, 0, 0, 0, 0, 0, 0, 0, 0, 0, 0, 0, 0, 0, 0, 0, 0, 0, 0, 0, 0, 0, 0, 0, 0, 0, 0, 0, 0, 0, 0, 0, 0, 0, 0, 0, 0, 0, 0, 0, 0, 0, 0, 0, 0, 0, 0, 0, 0, 0, 0, 0, 0, 0, 0, 0, 0, 0, 0, 0, 0, 0, 0, 0, 0, 0, 0, 0, 0, 0, 0, 0, 0, 0, 0, 0, 0, 0, 0, 0, 0, 0, 0, 0, 0, 0, 0, 0, 0, 0, : 19, 1, 13, 2, 17, 9, 4, 12, 1, 15, 2, 8, 4, 1, 1, 5, 5, 3, 3, 4, 15, 2, 24, 1, 7, 8, 9, 7, 8, 7, 7, 11, 7, 5, 8, 14, 5, 3, 2, 2, 6, 6, 3, 18, 26, 25, 5, 12, 3, 5, 3, 4, 3, 1, 22, 13, 5, 8, 3, 9, 3, 5, 8, 2, 12, 9, 2, 9, 4, 20, 11, 11, 10, 3, 33, 3, 2, 1, 16, 8, 1, 17, 3, 6, 14, 3, 3, 
140: 4, 21, 1, 25, 4, 4, 4, 5, 8, 4, 1, 6, 1, 27, 16, 29, 4, 16, 1, 1, 7, 14, 19, 20, 1, 30, 11, 3, 4, 15, 20, 1, 3, 10, 3, 6, 1, 3, 4, 23, 11, 11, 33, 6, 1, 5, 33, 15, 21, 13, 4, 1, 11, 4, 28, 29, 2, 25, 1, 10, 1, 21, 14, 2, 2, 5, 13, 26, 7, 1, 1, 5, 2, 29, 22, 8, 1, 4, 3, 30, 7, 1, 7, 3, 11, 12, 2, 12, 1, 1, 4, 6, 21, 5, 9, 2, 11, 1, 5, 3, 1, 1, 9, 7, 3, 13, 12, 3, 22, 2, 2, 8, 23, 18, 10, 1, 9, 5, 2, 0, 0, 0, 0, 0, 0, 0, 0, 0, 0, 0, 0, 0, 0, 0, 0, 0, 0, 0, 0, 0, 0, 0, 0, 0, 0, 0, 0, 0, 0, 0, 0, 0, 0, 0, 0, 0, 0, 0, 0, 0, 0, 0, 0, 0, 0, 0, 0, 0, 0, 0, 0, 0, 0, 0, 0, 0, 0, 0, 0, 0, 0, 0, 0, 0, 0, 0, 0, 0, 0, 0, 0, 0, 0, 0, 0, 0, 0, 0, 0, 0, : 4, 21, 1, 25, 4, 4, 4, 5, 8, 4, 1, 6, 1, 27, 16, 29, 4, 16, 1, 1, 7, 14, 19, 20, 1, 30, 11, 3, 4, 15, 20, 1, 3, 10, 3, 6, 1, 3, 4, 23, 11, 11, 33, 6, 1, 5, 33, 15, 21, 13, 4, 1, 11, 4, 28, 29, 2, 25, 1, 10, 1, 21, 14, 2, 2, 5, 13, 26, 7, 1, 1, 5, 2, 29, 22, 8, 1, 4, 3, 30, 7, 1, 7, 3, 11, 12, 2, 12, 1, 1, 4, 6, 21, 5, 9, 2, 11, 1, 5, 3, 1, 1, 9, 7, 3, 13, 12, 3, 22, 2, 2, 8, 23, 18, 10, 1, 9, 5, 2, 
141: 18, 2, 28, 6, 4, 2, 5, 15, 6, 3, 2, 2, 1, 7, 9, 9, 9, 6, 4, 34, 9, 5, 2, 9, 8, 5, 10, 3, 6, 3, 13, 4, 3, 2, 2, 9, 2, 15, 2, 11, 4, 20, 4, 7, 17, 2, 6, 2, 18, 2, 3, 2, 1, 1, 2, 1, 31, 2, 13, 13, 2, 2, 22, 2, 5, 4, 7, 1, 34, 33, 3, 1, 9, 32, 4, 1, 14, 6, 5, 2, 4, 7, 1, 12, 1, 1, 1, 9, 1, 5, 1, 0, 0, 0, 0, 0, 0, 0, 0, 0, 0, 0, 0, 0, 0, 0, 0, 0, 0, 0, 0, 0, 0, 0, 0, 0, 0, 0, 0, 0, 0, 0, 0, 0, 0, 0, 0, 0, 0, 0, 0, 0, 0, 0, 0, 0, 0, 0, 0, 0, 0, 0, 0, 0, 0, 0, 0, 0, 0, 0, 0, 0, 0, 0, 0, 0, 0, 0, 0, 0, 0, 0, 0, 0, 0, 0, 0, 0, 0, 0, 0, 0, 0, 0, 0, 0, 0, 0, 0, 0, 0, 0, 0, 0, 0, 0, 0, 0, 0, 0, 0, 0, 0, 0, 0, 0, 0, 0, 0, 0, : 18, 2, 28, 6, 4, 2, 5, 15, 6, 3, 2, 2, 1, 7, 9, 9, 9, 6, 4, 34, 9, 5, 2, 9, 8, 5, 10, 3, 6, 3, 13, 4, 3, 2, 2, 9, 2, 15, 2, 11, 4, 20, 4, 7, 17, 2, 6, 2, 18, 2, 3, 2, 1, 1, 2, 1, 31, 2, 13, 13, 2, 2, 22, 2, 5, 4, 7, 1, 34, 33, 3, 1, 9, 32, 4, 1, 14, 6, 5, 2, 4, 7, 1, 12, 1, 1, 1, 9, 1, 5, 1, 
142: 13, 6, 3, 7, 9, 17, 1, 17, 10, 5, 4, 17, 8, 6, 7, 5, 1, 6, 4, 11, 3, 1, 4, 5, 27, 1, 4, 3, 1, 2, 8, 5, 13, 3, 13, 3, 15, 7, 5, 2, 9, 35, 3, 3, 1, 29, 8, 3, 4, 1, 13, 13, 2, 6, 2, 8, 1, 2, 1, 12, 1, 25, 6, 27, 30, 4, 19, 1, 1, 3, 12, 2, 8, 16, 3, 2, 18, 8, 0, 0, 0, 0, 0, 0, 0, 0, 0, 0, 0, 0, 0, 0, 0, 0, 0, 0, 0, 0, 0, 0, 0, 0, 0, 0, 0, 0, 0, 0, 0, 0, 0, 0, 0, 0, 0, 0, 0, 0, 0, 0, 0, 0, 0, 0, 0, 0, 0, 0, 0, 0, 0, 0, 0, 0, 0, 0, 0, 0, 0, 0, 0, 0, 0, 0, 0, 0, 0, 0, 0, 0, 0, 0, 0, 0, 0, 0, 0, 0, 0, 0, 0, 0, 0, 0, 0, 0, 0, 0, 0, 0, 0, 0, 0, 0, 0, 0, 0, 0, 0, 0, 0, 0, 0, 0, 0, 0, 0, 0, 0, 0, 0, 0, 0, 0, 0, 0, 0, 0, 0, 0, : 13, 6, 3, 7, 9, 17, 1, 17, 10, 5, 4, 17, 8, 6, 7, 5, 1, 6, 4, 11, 3, 1, 4, 5, 27, 1, 4, 3, 1, 2, 8, 5, 13, 3, 13, 3, 15, 7, 5, 2, 9, 35, 3, 3, 1, 29, 8, 3, 4, 1, 13, 13, 2, 6, 2, 8, 1, 2, 1, 12, 1, 25, 6, 27, 30, 4, 19, 1, 1, 3, 12, 2, 8, 16, 3, 2, 18, 8, 
143: 7, 7, 2, 27, 13, 4, 4, 1, 17, 23, 6, 6, 3, 2, 5, 3, 3, 19, 9, 4, 14, 8, 6, 3, 2, 16, 10, 2, 1, 6, 7, 4, 3, 25, 1, 9, 1, 32, 4, 17, 22, 5, 1, 12, 4, 19, 8, 1, 21, 17, 38, 1, 4, 8, 5, 11, 8, 1, 3, 13, 1, 2, 13, 10, 16, 24, 14, 14, 1, 23, 7, 1, 1, 2, 1, 2, 5, 17, 3, 1, 6, 16, 14, 10, 4, 4, 22, 18, 5, 17, 2, 24, 4, 35, 2, 11, 1, 24, 17, 5, 4, 8, 22, 5, 1, 1, 7, 5, 3, 17, 2, 6, 20, 2, 10, 21, 3, 3, 6, 6, 1, 13, 26, 4, 0, 0, 0, 0, 0, 0, 0, 0, 0, 0, 0, 0, 0, 0, 0, 0, 0, 0, 0, 0, 0, 0, 0, 0, 0, 0, 0, 0, 0, 0, 0, 0, 0, 0, 0, 0, 0, 0, 0, 0, 0, 0, 0, 0, 0, 0, 0, 0, 0, 0, 0, 0, 0, 0, 0, 0, 0, 0, 0, 0, 0, 0, 0, 0, 0, 0, 0, 0, 0, 0, 0, 0, 0, 0, 0, 0, : 7, 7, 2, 27, 13, 4, 4, 1, 17, 23, 6, 6, 3, 2, 5, 3, 3, 19, 9, 4, 14, 8, 6, 3, 2, 16, 10, 2, 1, 6, 7, 4, 3, 25, 1, 9, 1, 32, 4, 17, 22, 5, 1, 12, 4, 19, 8, 1, 21, 17, 38, 1, 4, 8, 5, 11, 8, 1, 3, 13, 1, 2, 13, 10, 16, 24, 14, 14, 1, 23, 7, 1, 1, 2, 1, 2, 5, 17, 3, 1, 6, 16, 14, 10, 4, 4, 22, 18, 5, 17, 2, 24, 4, 35, 2, 11, 1, 24, 17, 5, 4, 8, 22, 5, 1, 1, 7, 5, 3, 17, 2, 6, 20, 2, 10, 21, 3, 3, 6, 6, 1, 13, 26, 4, 
144: 9, 3, 1, 5, 6, 4, 4, 1, 5, 32, 23, 6, 2, 5, 31, 4, 2, 7, 15, 3, 3, 1, 2, 9, 2, 1, 12, 8, 2, 1, 2, 17, 14, 14, 13, 1, 7, 3, 2, 21, 6, 9, 16, 8, 4, 5, 4, 2, 4, 8, 24, 18, 3, 5, 5, 32, 13, 1, 10, 6, 8, 1, 2, 1, 3, 3, 2, 10, 13, 2, 3, 1, 15, 31, 6, 9, 1, 33, 7, 4, 2, 5, 6, 3, 1, 4, 35, 8, 5, 12, 3, 2, 5, 4, 12, 6, 1, 3, 13, 1, 6, 15, 2, 9, 5, 5, 22, 1, 10, 0, 0, 0, 0, 0, 0, 0, 0, 0, 0, 0, 0, 0, 0, 0, 0, 0, 0, 0, 0, 0, 0, 0, 0, 0, 0, 0, 0, 0, 0, 0, 0, 0, 0, 0, 0, 0, 0, 0, 0, 0, 0, 0, 0, 0, 0, 0, 0, 0, 0, 0, 0, 0, 0, 0, 0, 0, 0, 0, 0, 0, 0, 0, 0, 0, 0, 0, 0, 0, 0, 0, 0, 0, 0, 0, 0, 0, 0, 0, 0, 0, 0, 0, 0, 0, 0, 0, 0, 0, 0, 0, : 9, 3, 1, 5, 6, 4, 4, 1, 5, 32, 23, 6, 2, 5, 31, 4, 2, 7, 15, 3, 3, 1, 2, 9, 2, 1, 12, 8, 2, 1, 2, 17, 14, 14, 13, 1, 7, 3, 2, 21, 6, 9, 16, 8, 4, 5, 4, 2, 4, 8, 24, 18, 3, 5, 5, 32, 13, 1, 10, 6, 8, 1, 2, 1, 3, 3, 2, 10, 13, 2, 3, 1, 15, 31, 6, 9, 1, 33, 7, 4, 2, 5, 6, 3, 1, 4, 35, 8, 5, 12, 3, 2, 5, 4, 12, 6, 1, 3, 13, 1, 6, 15, 2, 9, 5, 5, 22, 1, 10, 
145: 9, 18, 3, 4, 13, 12, 14, 2, 25, 3, 18, 9, 4, 3, 2, 13, 19, 3, 6, 2, 5, 2, 5, 25, 20, 10, 9, 12, 11, 3, 1, 2, 1, 25, 22, 1, 2, 1, 10, 5, 10, 2, 2, 2, 5, 16, 5, 6, 17, 13, 7, 10, 31, 5, 1, 32, 14, 7, 6, 12, 7, 3, 6, 7, 7, 5, 1, 16, 4, 1, 6, 3, 17, 1, 11, 1, 11, 3, 5, 13, 11, 2, 3, 3, 18, 1, 1, 8, 3, 2, 3, 8, 1, 1, 5, 19, 3, 22, 17, 4, 2, 2, 5, 35, 10, 6, 2, 3, 4, 5, 11, 6, 19, 5, 1, 2, 3, 1, 13, 0, 0, 0, 0, 0, 0, 0, 0, 0, 0, 0, 0, 0, 0, 0, 0, 0, 0, 0, 0, 0, 0, 0, 0, 0, 0, 0, 0, 0, 0, 0, 0, 0, 0, 0, 0, 0, 0, 0, 0, 0, 0, 0, 0, 0, 0, 0, 0, 0, 0, 0, 0, 0, 0, 0, 0, 0, 0, 0, 0, 0, 0, 0, 0, 0, 0, 0, 0, 0, 0, 0, 0, 0, 0, 0, 0, 0, 0, 0, 0, 0, : 9, 18, 3, 4, 13, 12, 14, 2, 25, 3, 18, 9, 4, 3, 2, 13, 19, 3, 6, 2, 5, 2, 5, 25, 20, 10, 9, 12, 11, 3, 1, 2, 1, 25, 22, 1, 2, 1, 10, 5, 10, 2, 2, 2, 5, 16, 5, 6, 17, 13, 7, 10, 31, 5, 1, 32, 14, 7, 6, 12, 7, 3, 6, 7, 7, 5, 1, 16, 4, 1, 6, 3, 17, 1, 11, 1, 11, 3, 5, 13, 11, 2, 3, 3, 18, 1, 1, 8, 3, 2, 3, 8, 1, 1, 5, 19, 3, 22, 17, 4, 2, 2, 5, 35, 10, 6, 2, 3, 4, 5, 11, 6, 19, 5, 1, 2, 3, 1, 13, 
146: 8, 1, 11, 6, 37, 7, 9, 14, 1, 10, 15, 6, 29, 15, 4, 1, 1, 25, 7, 11, 2, 2, 7, 2, 29, 1, 24, 4, 13, 12, 1, 4, 1, 13, 24, 24, 4, 5, 9, 9, 1, 2, 12, 12, 6, 2, 1, 11, 5, 5, 10, 19, 1, 2, 3, 19, 2, 8, 1, 3, 5, 4, 6, 1, 14, 18, 17, 25, 2, 10, 15, 14, 4, 8, 2, 2, 1, 27, 26, 4, 3, 13, 2, 14, 11, 10, 9, 2, 20, 11, 3, 13, 26, 18, 5, 6, 6, 14, 9, 8, 19, 8, 6, 5, 18, 16, 25, 5, 1, 19, 1, 3, 0, 0, 0, 0, 0, 0, 0, 0, 0, 0, 0, 0, 0, 0, 0, 0, 0, 0, 0, 0, 0, 0, 0, 0, 0, 0, 0, 0, 0, 0, 0, 0, 0, 0, 0, 0, 0, 0, 0, 0, 0, 0, 0, 0, 0, 0, 0, 0, 0, 0, 0, 0, 0, 0, 0, 0, 0, 0, 0, 0, 0, 0, 0, 0, 0, 0, 0, 0, 0, 0, 0, 0, 0, 0, 0, 0, 0, 0, 0, 0, 0, 0, 0, 0, 0, 0, 0, 0, : 8, 1, 11, 6, 37, 7, 9, 14, 1, 10, 15, 6, 29, 15, 4, 1, 1, 25, 7, 11, 2, 2, 7, 2, 29, 1, 24, 4, 13, 12, 1, 4, 1, 13, 24, 24, 4, 5, 9, 9, 1, 2, 12, 12, 6, 2, 1, 11, 5, 5, 10, 19, 1, 2, 3, 19, 2, 8, 1, 3, 5, 4, 6, 1, 14, 18, 17, 25, 2, 10, 15, 14, 4, 8, 2, 2, 1, 27, 26, 4, 3, 13, 2, 14, 11, 10, 9, 2, 20, 11, 3, 13, 26, 18, 5, 6, 6, 14, 9, 8, 19, 8, 6, 5, 18, 16, 25, 5, 1, 19, 1, 3, 
147: 30, 26, 5, 8, 3, 17, 3, 6, 13, 8, 2, 2, 5, 5, 12, 20, 22, 1, 7, 3, 9, 1, 2, 6, 3, 4, 1, 11, 1, 13, 4, 1, 2, 4, 8, 7, 20, 2, 5, 4, 7, 4, 11, 2, 7, 6, 16, 4, 2, 25, 33, 5, 2, 2, 18, 3, 13, 13, 6, 2, 10, 13, 3, 2, 1, 4, 11, 13, 12, 9, 3, 11, 9, 1, 3, 8, 2, 7, 11, 4, 4, 17, 0, 0, 0, 0, 0, 0, 0, 0, 0, 0, 0, 0, 0, 0, 0, 0, 0, 0, 0, 0, 0, 0, 0, 0, 0, 0, 0, 0, 0, 0, 0, 0, 0, 0, 0, 0, 0, 0, 0, 0, 0, 0, 0, 0, 0, 0, 0, 0, 0, 0, 0, 0, 0, 0, 0, 0, 0, 0, 0, 0, 0, 0, 0, 0, 0, 0, 0, 0, 0, 0, 0, 0, 0, 0, 0, 0, 0, 0, 0, 0, 0, 0, 0, 0, 0, 0, 0, 0, 0, 0, 0, 0, 0, 0, 0, 0, 0, 0, 0, 0, 0, 0, 0, 0, 0, 0, 0, 0, 0, 0, 0, 0, 0, 0, 0, 0, 0, 0, : 30, 26, 5, 8, 3, 17, 3, 6, 13, 8, 2, 2, 5, 5, 12, 20, 22, 1, 7, 3, 9, 1, 2, 6, 3, 4, 1, 11, 1, 13, 4, 1, 2, 4, 8, 7, 20, 2, 5, 4, 7, 4, 11, 2, 7, 6, 16, 4, 2, 25, 33, 5, 2, 2, 18, 3, 13, 13, 6, 2, 10, 13, 3, 2, 1, 4, 11, 13, 12, 9, 3, 11, 9, 1, 3, 8, 2, 7, 11, 4, 4, 17, 
148: 21, 23, 16, 2, 5, 2, 2, 20, 1, 11, 3, 2, 1, 23, 12, 21, 3, 20, 21, 3, 26, 5, 3, 2, 24, 36, 16, 9, 24, 12, 16, 1, 12, 39, 22, 4, 3, 1, 10, 14, 1, 12, 12, 7, 26, 1, 5, 6, 29, 2, 13, 18, 4, 23, 2, 14, 11, 1, 17, 4, 7, 2, 4, 12, 4, 3, 2, 6, 1, 3, 15, 9, 18, 11, 29, 1, 3, 5, 23, 15, 16, 4, 3, 4, 9, 1, 3, 6, 2, 20, 22, 6, 18, 2, 0, 0, 0, 0, 0, 0, 0, 0, 0, 0, 0, 0, 0, 0, 0, 0, 0, 0, 0, 0, 0, 0, 0, 0, 0, 0, 0, 0, 0, 0, 0, 0, 0, 0, 0, 0, 0, 0, 0, 0, 0, 0, 0, 0, 0, 0, 0, 0, 0, 0, 0, 0, 0, 0, 0, 0, 0, 0, 0, 0, 0, 0, 0, 0, 0, 0, 0, 0, 0, 0, 0, 0, 0, 0, 0, 0, 0, 0, 0, 0, 0, 0, 0, 0, 0, 0, 0, 0, 0, 0, 0, 0, 0, 0, 0, 0, 0, 0, 0, 0, 0, 0, 0, 0, 0, 0, : 21, 23, 16, 2, 5, 2, 2, 20, 1, 11, 3, 2, 1, 23, 12, 21, 3, 20, 21, 3, 26, 5, 3, 2, 24, 36, 16, 9, 24, 12, 16, 1, 12, 39, 22, 4, 3, 1, 10, 14, 1, 12, 12, 7, 26, 1, 5, 6, 29, 2, 13, 18, 4, 23, 2, 14, 11, 1, 17, 4, 7, 2, 4, 12, 4, 3, 2, 6, 1, 3, 15, 9, 18, 11, 29, 1, 3, 5, 23, 15, 16, 4, 3, 4, 9, 1, 3, 6, 2, 20, 22, 6, 18, 2, 
149: 3, 3, 20, 4, 4, 3, 11, 10, 1, 3, 7, 13, 11, 2, 10, 4, 2, 3, 6, 31, 6, 2, 3, 2, 4, 15, 2, 2, 5, 7, 33, 2, 2, 4, 1, 4, 5, 2, 12, 13, 1, 2, 1, 35, 9, 6, 5, 8, 5, 8, 17, 10, 11, 16, 4, 2, 15, 19, 7, 6, 9, 9, 6, 23, 16, 11, 1, 16, 5, 6, 3, 2, 16, 20, 1, 8, 2, 1, 6, 21, 27, 9, 3, 12, 2, 2, 2, 1, 4, 12, 19, 12, 4, 9, 16, 24, 1, 4, 1, 10, 2, 7, 24, 24, 10, 17, 1, 2, 1, 6, 13, 3, 7, 0, 0, 0, 0, 0, 0, 0, 0, 0, 0, 0, 0, 0, 0, 0, 0, 0, 0, 0, 0, 0, 0, 0, 0, 0, 0, 0, 0, 0, 0, 0, 0, 0, 0, 0, 0, 0, 0, 0, 0, 0, 0, 0, 0, 0, 0, 0, 0, 0, 0, 0, 0, 0, 0, 0, 0, 0, 0, 0, 0, 0, 0, 0, 0, 0, 0, 0, 0, 0, 0, 0, 0, 0, 0, 0, 0, 0, 0, 0, 0, 0, 0, 0, 0, 0, 0, 0, : 3, 3, 20, 4, 4, 3, 11, 10, 1, 3, 7, 13, 11, 2, 10, 4, 2, 3, 6, 31, 6, 2, 3, 2, 4, 15, 2, 2, 5, 7, 33, 2, 2, 4, 1, 4, 5, 2, 12, 13, 1, 2, 1, 35, 9, 6, 5, 8, 5, 8, 17, 10, 11, 16, 4, 2, 15, 19, 7, 6, 9, 9, 6, 23, 16, 11, 1, 16, 5, 6, 3, 2, 16, 20, 1, 8, 2, 1, 6, 21, 27, 9, 3, 12, 2, 2, 2, 1, 4, 12, 19, 12, 4, 9, 16, 24, 1, 4, 1, 10, 2, 7, 24, 24, 10, 17, 1, 2, 1, 6, 13, 3, 7, 
150: 1, 3, 1, 5, 8, 1, 16, 6, 13, 3, 7, 5, 15, 1, 7, 3, 25, 31, 4, 16, 11, 14, 3, 7, 1, 4, 2, 19, 4, 4, 3, 1, 25, 13, 24, 3, 2, 19, 14, 4, 4, 4, 2, 3, 13, 21, 1, 1, 2, 16, 2, 4, 4, 6, 2, 25, 5, 3, 1, 19, 27, 18, 5, 5, 27, 8, 9, 2, 1, 7, 7, 22, 12, 16, 1, 5, 4, 9, 3, 6, 1, 5, 26, 15, 15, 3, 12, 5, 1, 5, 7, 3, 34, 2, 6, 5, 11, 2, 17, 0, 0, 0, 0, 0, 0, 0, 0, 0, 0, 0, 0, 0, 0, 0, 0, 0, 0, 0, 0, 0, 0, 0, 0, 0, 0, 0, 0, 0, 0, 0, 0, 0, 0, 0, 0, 0, 0, 0, 0, 0, 0, 0, 0, 0, 0, 0, 0, 0, 0, 0, 0, 0, 0, 0, 0, 0, 0, 0, 0, 0, 0, 0, 0, 0, 0, 0, 0, 0, 0, 0, 0, 0, 0, 0, 0, 0, 0, 0, 0, 0, 0, 0, 0, 0, 0, 0, 0, 0, 0, 0, 0, 0, 0, 0, 0, 0, 0, 0, 0, 0, : 1, 3, 1, 5, 8, 1, 16, 6, 13, 3, 7, 5, 15, 1, 7, 3, 25, 31, 4, 16, 11, 14, 3, 7, 1, 4, 2, 19, 4, 4, 3, 1, 25, 13, 24, 3, 2, 19, 14, 4, 4, 4, 2, 3, 13, 21, 1, 1, 2, 16, 2, 4, 4, 6, 2, 25, 5, 3, 1, 19, 27, 18, 5, 5, 27, 8, 9, 2, 1, 7, 7, 22, 12, 16, 1, 5, 4, 9, 3, 6, 1, 5, 26, 15, 15, 3, 12, 5, 1, 5, 7, 3, 34, 2, 6, 5, 11, 2, 17, 
151: 17, 1, 13, 10, 2, 5, 4, 3, 6, 2, 24, 13, 4, 26, 5, 2, 5, 15, 5, 16, 1, 8, 3, 4, 15, 5, 17, 25, 11, 16, 10, 27, 14, 14, 10, 19, 1, 10, 9, 1, 4, 2, 2, 4, 2, 1, 2, 2, 4, 24, 1, 2, 5, 5, 3, 9, 20, 17, 4, 1, 1, 8, 1, 4, 1, 3, 9, 34, 15, 7, 1, 10, 7, 1, 2, 3, 6, 2, 1, 2, 1, 4, 14, 3, 3, 4, 2, 5, 2, 19, 13, 12, 2, 2, 16, 4, 4, 7, 3, 9, 8, 2, 4, 11, 16, 6, 5, 25, 3, 11, 3, 0, 0, 0, 0, 0, 0, 0, 0, 0, 0, 0, 0, 0, 0, 0, 0, 0, 0, 0, 0, 0, 0, 0, 0, 0, 0, 0, 0, 0, 0, 0, 0, 0, 0, 0, 0, 0, 0, 0, 0, 0, 0, 0, 0, 0, 0, 0, 0, 0, 0, 0, 0, 0, 0, 0, 0, 0, 0, 0, 0, 0, 0, 0, 0, 0, 0, 0, 0, 0, 0, 0, 0, 0, 0, 0, 0, 0, 0, 0, 0, 0, 0, 0, 0, 0, 0, 0, 0, 0, : 17, 1, 13, 10, 2, 5, 4, 3, 6, 2, 24, 13, 4, 26, 5, 2, 5, 15, 5, 16, 1, 8, 3, 4, 15, 5, 17, 25, 11, 16, 10, 27, 14, 14, 10, 19, 1, 10, 9, 1, 4, 2, 2, 4, 2, 1, 2, 2, 4, 24, 1, 2, 5, 5, 3, 9, 20, 17, 4, 1, 1, 8, 1, 4, 1, 3, 9, 34, 15, 7, 1, 10, 7, 1, 2, 3, 6, 2, 1, 2, 1, 4, 14, 3, 3, 4, 2, 5, 2, 19, 13, 12, 2, 2, 16, 4, 4, 7, 3, 9, 8, 2, 4, 11, 16, 6, 5, 25, 3, 11, 3, 
152: 24, 1, 21, 14, 9, 25, 11, 4, 8, 2, 6, 4, 11, 10, 7, 16, 4, 7, 1, 18, 1, 5, 5, 23, 1, 6, 10, 1, 9, 3, 2, 2, 2, 5, 9, 9, 2, 10, 2, 35, 3, 10, 5, 6, 1, 3, 4, 3, 3, 15, 2, 1, 10, 2, 6, 1, 27, 8, 2, 1, 3, 10, 18, 23, 14, 21, 11, 13, 31, 8, 4, 7, 9, 7, 4, 7, 10, 5, 3, 11, 23, 2, 18, 2, 17, 4, 0, 0, 0, 0, 0, 0, 0, 0, 0, 0, 0, 0, 0, 0, 0, 0, 0, 0, 0, 0, 0, 0, 0, 0, 0, 0, 0, 0, 0, 0, 0, 0, 0, 0, 0, 0, 0, 0, 0, 0, 0, 0, 0, 0, 0, 0, 0, 0, 0, 0, 0, 0, 0, 0, 0, 0, 0, 0, 0, 0, 0, 0, 0, 0, 0, 0, 0, 0, 0, 0, 0, 0, 0, 0, 0, 0, 0, 0, 0, 0, 0, 0, 0, 0, 0, 0, 0, 0, 0, 0, 0, 0, 0, 0, 0, 0, 0, 0, 0, 0, 0, 0, 0, 0, 0, 0, 0, 0, 0, 0, 0, 0, 0, 0, : 24, 1, 21, 14, 9, 25, 11, 4, 8, 2, 6, 4, 11, 10, 7, 16, 4, 7, 1, 18, 1, 5, 5, 23, 1, 6, 10, 1, 9, 3, 2, 2, 2, 5, 9, 9, 2, 10, 2, 35, 3, 10, 5, 6, 1, 3, 4, 3, 3, 15, 2, 1, 10, 2, 6, 1, 27, 8, 2, 1, 3, 10, 18, 23, 14, 21, 11, 13, 31, 8, 4, 7, 9, 7, 4, 7, 10, 5, 3, 11, 23, 2, 18, 2, 17, 4, 
153: 23, 14, 11, 3, 4, 1, 2, 14, 1, 3, 11, 2, 32, 8, 1, 1, 3, 5, 13, 4, 23, 1, 9, 1, 8, 6, 19, 17, 5, 8, 6, 32, 2, 1, 9, 5, 10, 1, 15, 2, 18, 9, 8, 5, 4, 10, 25, 2, 7, 7, 3, 7, 1, 17, 1, 13, 1, 13, 4, 32, 3, 7, 27, 5, 15, 2, 8, 4, 1, 2, 2, 4, 6, 1, 7, 5, 9, 5, 1, 11, 3, 12, 1, 2, 12, 5, 15, 2, 14, 19, 1, 10, 2, 30, 10, 2, 6, 14, 1, 26, 2, 8, 3, 2, 8, 14, 7, 17, 6, 0, 0, 0, 0, 0, 0, 0, 0, 0, 0, 0, 0, 0, 0, 0, 0, 0, 0, 0, 0, 0, 0, 0, 0, 0, 0, 0, 0, 0, 0, 0, 0, 0, 0, 0, 0, 0, 0, 0, 0, 0, 0, 0, 0, 0, 0, 0, 0, 0, 0, 0, 0, 0, 0, 0, 0, 0, 0, 0, 0, 0, 0, 0, 0, 0, 0, 0, 0, 0, 0, 0, 0, 0, 0, 0, 0, 0, 0, 0, 0, 0, 0, 0, 0, 0, 0, 0, 0, 0, 0, 0, : 23, 14, 11, 3, 4, 1, 2, 14, 1, 3, 11, 2, 32, 8, 1, 1, 3, 5, 13, 4, 23, 1, 9, 1, 8, 6, 19, 17, 5, 8, 6, 32, 2, 1, 9, 5, 10, 1, 15, 2, 18, 9, 8, 5, 4, 10, 25, 2, 7, 7, 3, 7, 1, 17, 1, 13, 1, 13, 4, 32, 3, 7, 27, 5, 15, 2, 8, 4, 1, 2, 2, 4, 6, 1, 7, 5, 9, 5, 1, 11, 3, 12, 1, 2, 12, 5, 15, 2, 14, 19, 1, 10, 2, 30, 10, 2, 6, 14, 1, 26, 2, 8, 3, 2, 8, 14, 7, 17, 6, 
154: 11, 16, 8, 1, 2, 8, 3, 5, 23, 4, 16, 2, 26, 8, 2, 6, 3, 6, 4, 5, 3, 9, 5, 5, 4, 20, 11, 1, 4, 14, 6, 8, 1, 11, 20, 8, 12, 1, 16, 1, 13, 11, 4, 1, 6, 10, 5, 3, 1, 5, 1, 26, 1, 3, 8, 15, 4, 18, 7, 2, 6, 1, 3, 5, 6, 25, 0, 0, 0, 0, 0, 0, 0, 0, 0, 0, 0, 0, 0, 0, 0, 0, 0, 0, 0, 0, 0, 0, 0, 0, 0, 0, 0, 0, 0, 0, 0, 0, 0, 0, 0, 0, 0, 0, 0, 0, 0, 0, 0, 0, 0, 0, 0, 0, 0, 0, 0, 0, 0, 0, 0, 0, 0, 0, 0, 0, 0, 0, 0, 0, 0, 0, 0, 0, 0, 0, 0, 0, 0, 0, 0, 0, 0, 0, 0, 0, 0, 0, 0, 0, 0, 0, 0, 0, 0, 0, 0, 0, 0, 0, 0, 0, 0, 0, 0, 0, 0, 0, 0, 0, 0, 0, 0, 0, 0, 0, 0, 0, 0, 0, 0, 0, 0, 0, 0, 0, 0, 0, 0, 0, 0, 0, 0, 0, 0, 0, 0, 0, 0, 0, : 11, 16, 8, 1, 2, 8, 3, 5, 23, 4, 16, 2, 26, 8, 2, 6, 3, 6, 4, 5, 3, 9, 5, 5, 4, 20, 11, 1, 4, 14, 6, 8, 1, 11, 20, 8, 12, 1, 16, 1, 13, 11, 4, 1, 6, 10, 5, 3, 1, 5, 1, 26, 1, 3, 8, 15, 4, 18, 7, 2, 6, 1, 3, 5, 6, 25, 
155: 1, 1, 5, 31, 5, 10, 2, 11, 13, 1, 11, 11, 7, 5, 9, 3, 27, 6, 3, 16, 17, 28, 27, 21, 2, 9, 11, 11, 9, 27, 18, 16, 8, 3, 1, 3, 3, 23, 1, 1, 6, 6, 6, 2, 3, 2, 4, 4, 4, 14, 1, 3, 3, 11, 3, 26, 5, 4, 6, 2, 3, 4, 1, 2, 1, 8, 10, 0, 0, 0, 0, 0, 0, 0, 0, 0, 0, 0, 0, 0, 0, 0, 0, 0, 0, 0, 0, 0, 0, 0, 0, 0, 0, 0, 0, 0, 0, 0, 0, 0, 0, 0, 0, 0, 0, 0, 0, 0, 0, 0, 0, 0, 0, 0, 0, 0, 0, 0, 0, 0, 0, 0, 0, 0, 0, 0, 0, 0, 0, 0, 0, 0, 0, 0, 0, 0, 0, 0, 0, 0, 0, 0, 0, 0, 0, 0, 0, 0, 0, 0, 0, 0, 0, 0, 0, 0, 0, 0, 0, 0, 0, 0, 0, 0, 0, 0, 0, 0, 0, 0, 0, 0, 0, 0, 0, 0, 0, 0, 0, 0, 0, 0, 0, 0, 0, 0, 0, 0, 0, 0, 0, 0, 0, 0, 0, 0, 0, 0, 0, 0, : 1, 1, 5, 31, 5, 10, 2, 11, 13, 1, 11, 11, 7, 5, 9, 3, 27, 6, 3, 16, 17, 28, 27, 21, 2, 9, 11, 11, 9, 27, 18, 16, 8, 3, 1, 3, 3, 23, 1, 1, 6, 6, 6, 2, 3, 2, 4, 4, 4, 14, 1, 3, 3, 11, 3, 26, 5, 4, 6, 2, 3, 4, 1, 2, 1, 8, 10, 
156: 2, 3, 3, 1, 1, 11, 25, 3, 8, 7, 5, 3, 2, 5, 5, 2, 2, 11, 4, 5, 17, 13, 8, 22, 3, 7, 22, 19, 4, 3, 28, 1, 4, 16, 19, 17, 4, 1, 1, 4, 1, 14, 2, 2, 8, 8, 12, 1, 7, 30, 4, 1, 1, 3, 14, 11, 3, 30, 2, 7, 1, 10, 4, 2, 4, 16, 14, 15, 3, 10, 10, 5, 35, 10, 8, 1, 15, 0, 0, 0, 0, 0, 0, 0, 0, 0, 0, 0, 0, 0, 0, 0, 0, 0, 0, 0, 0, 0, 0, 0, 0, 0, 0, 0, 0, 0, 0, 0, 0, 0, 0, 0, 0, 0, 0, 0, 0, 0, 0, 0, 0, 0, 0, 0, 0, 0, 0, 0, 0, 0, 0, 0, 0, 0, 0, 0, 0, 0, 0, 0, 0, 0, 0, 0, 0, 0, 0, 0, 0, 0, 0, 0, 0, 0, 0, 0, 0, 0, 0, 0, 0, 0, 0, 0, 0, 0, 0, 0, 0, 0, 0, 0, 0, 0, 0, 0, 0, 0, 0, 0, 0, 0, 0, 0, 0, 0, 0, 0, 0, 0, 0, 0, 0, 0, 0, 0, 0, 0, 0, 0, : 2, 3, 3, 1, 1, 11, 25, 3, 8, 7, 5, 3, 2, 5, 5, 2, 2, 11, 4, 5, 17, 13, 8, 22, 3, 7, 22, 19, 4, 3, 28, 1, 4, 16, 19, 17, 4, 1, 1, 4, 1, 14, 2, 2, 8, 8, 12, 1, 7, 30, 4, 1, 1, 3, 14, 11, 3, 30, 2, 7, 1, 10, 4, 2, 4, 16, 14, 15, 3, 10, 10, 5, 35, 10, 8, 1, 15, 
157: 7, 1, 17, 1, 12, 8, 13, 33, 2, 19, 14, 1, 2, 3, 7, 1, 5, 17, 3, 7, 19, 2, 9, 4, 1, 3, 14, 21, 3, 26, 5, 6, 12, 2, 16, 18, 1, 2, 11, 5, 3, 32, 3, 1, 8, 3, 7, 4, 6, 1, 3, 2, 5, 4, 1, 16, 11, 3, 6, 20, 21, 13, 1, 16, 14, 11, 10, 4, 6, 11, 4, 19, 5, 3, 3, 10, 15, 6, 9, 1, 23, 2, 14, 11, 4, 1, 8, 15, 14, 19, 33, 1, 2, 13, 2, 19, 11, 1, 3, 30, 4, 20, 2, 5, 11, 8, 10, 20, 11, 1, 14, 4, 22, 7, 10, 3, 5, 11, 3, 4, 1, 19, 3, 22, 23, 4, 1, 0, 0, 0, 0, 0, 0, 0, 0, 0, 0, 0, 0, 0, 0, 0, 0, 0, 0, 0, 0, 0, 0, 0, 0, 0, 0, 0, 0, 0, 0, 0, 0, 0, 0, 0, 0, 0, 0, 0, 0, 0, 0, 0, 0, 0, 0, 0, 0, 0, 0, 0, 0, 0, 0, 0, 0, 0, 0, 0, 0, 0, 0, 0, 0, 0, 0, 0, 0, 0, 0, 0, 0, 0, : 7, 1, 17, 1, 12, 8, 13, 33, 2, 19, 14, 1, 2, 3, 7, 1, 5, 17, 3, 7, 19, 2, 9, 4, 1, 3, 14, 21, 3, 26, 5, 6, 12, 2, 16, 18, 1, 2, 11, 5, 3, 32, 3, 1, 8, 3, 7, 4, 6, 1, 3, 2, 5, 4, 1, 16, 11, 3, 6, 20, 21, 13, 1, 16, 14, 11, 10, 4, 6, 11, 4, 19, 5, 3, 3, 10, 15, 6, 9, 1, 23, 2, 14, 11, 4, 1, 8, 15, 14, 19, 33, 1, 2, 13, 2, 19, 11, 1, 3, 30, 4, 20, 2, 5, 11, 8, 10, 20, 11, 1, 14, 4, 22, 7, 10, 3, 5, 11, 3, 4, 1, 19, 3, 22, 23, 4, 1, 
158: 4, 6, 3, 7, 11, 4, 1, 5, 20, 11, 8, 3, 4, 1, 1, 18, 14, 5, 2, 11, 17, 8, 5, 3, 9, 1, 4, 7, 12, 6, 3, 18, 2, 3, 28, 1, 3, 7, 7, 4, 2, 3, 13, 25, 7, 8, 2, 1, 2, 1, 5, 5, 2, 8, 11, 2, 11, 13, 3, 1, 16, 1, 22, 29, 2, 25, 1, 9, 6, 14, 2, 3, 4, 11, 2, 12, 8, 8, 1, 2, 4, 10, 4, 12, 5, 2, 5, 5, 10, 9, 6, 1, 5, 27, 15, 3, 37, 2, 12, 9, 5, 1, 2, 3, 2, 9, 5, 2, 4, 5, 4, 6, 4, 7, 7, 6, 7, 5, 11, 7, 1, 3, 26, 3, 2, 9, 2, 3, 22, 6, 11, 19, 30, 2, 1, 15, 4, 25, 14, 0, 0, 0, 0, 0, 0, 0, 0, 0, 0, 0, 0, 0, 0, 0, 0, 0, 0, 0, 0, 0, 0, 0, 0, 0, 0, 0, 0, 0, 0, 0, 0, 0, 0, 0, 0, 0, 0, 0, 0, 0, 0, 0, 0, 0, 0, 0, 0, 0, 0, 0, 0, 0, 0, 0, 0, 0, 0, 0, 0, 0, : 4, 6, 3, 7, 11, 4, 1, 5, 20, 11, 8, 3, 4, 1, 1, 18, 14, 5, 2, 11, 17, 8, 5, 3, 9, 1, 4, 7, 12, 6, 3, 18, 2, 3, 28, 1, 3, 7, 7, 4, 2, 3, 13, 25, 7, 8, 2, 1, 2, 1, 5, 5, 2, 8, 11, 2, 11, 13, 3, 1, 16, 1, 22, 29, 2, 25, 1, 9, 6, 14, 2, 3, 4, 11, 2, 12, 8, 8, 1, 2, 4, 10, 4, 12, 5, 2, 5, 5, 10, 9, 6, 1, 5, 27, 15, 3, 37, 2, 12, 9, 5, 1, 2, 3, 2, 9, 5, 2, 4, 5, 4, 6, 4, 7, 7, 6, 7, 5, 11, 7, 1, 3, 26, 3, 2, 9, 2, 3, 22, 6, 11, 19, 30, 2, 1, 15, 4, 25, 14, 
159: 1, 3, 29, 11, 8, 14, 16, 9, 1, 8, 15, 7, 7, 10, 15, 2, 10, 1, 3, 2, 1, 1, 9, 2, 2, 1, 1, 7, 3, 1, 5, 5, 1, 11, 10, 3, 10, 24, 5, 27, 18, 10, 1, 13, 1, 3, 3, 2, 2, 12, 6, 3, 1, 22, 12, 1, 1, 2, 7, 4, 27, 9, 20, 1, 1, 3, 1, 1, 9, 7, 3, 8, 3, 29, 29, 25, 11, 2, 1, 8, 1, 2, 31, 26, 2, 4, 6, 2, 0, 0, 0, 0, 0, 0, 0, 0, 0, 0, 0, 0, 0, 0, 0, 0, 0, 0, 0, 0, 0, 0, 0, 0, 0, 0, 0, 0, 0, 0, 0, 0, 0, 0, 0, 0, 0, 0, 0, 0, 0, 0, 0, 0, 0, 0, 0, 0, 0, 0, 0, 0, 0, 0, 0, 0, 0, 0, 0, 0, 0, 0, 0, 0, 0, 0, 0, 0, 0, 0, 0, 0, 0, 0, 0, 0, 0, 0, 0, 0, 0, 0, 0, 0, 0, 0, 0, 0, 0, 0, 0, 0, 0, 0, 0, 0, 0, 0, 0, 0, 0, 0, 0, 0, 0, 0, 0, 0, 0, 0, 0, 0, : 1, 3, 29, 11, 8, 14, 16, 9, 1, 8, 15, 7, 7, 10, 15, 2, 10, 1, 3, 2, 1, 1, 9, 2, 2, 1, 1, 7, 3, 1, 5, 5, 1, 11, 10, 3, 10, 24, 5, 27, 18, 10, 1, 13, 1, 3, 3, 2, 2, 12, 6, 3, 1, 22, 12, 1, 1, 2, 7, 4, 27, 9, 20, 1, 1, 3, 1, 1, 9, 7, 3, 8, 3, 29, 29, 25, 11, 2, 1, 8, 1, 2, 31, 26, 2, 4, 6, 2, 
160: 12, 8, 7, 18, 1, 6, 4, 3, 5, 7, 7, 6, 3, 4, 9, 14, 15, 22, 4, 19, 11, 2, 4, 2, 1, 4, 4, 27, 4, 6, 6, 16, 1, 29, 16, 4, 1, 1, 7, 7, 2, 13, 8, 5, 2, 20, 8, 12, 3, 22, 1, 1, 5, 20, 4, 11, 23, 1, 1, 1, 12, 5, 7, 3, 6, 9, 28, 18, 0, 0, 0, 0, 0, 0, 0, 0, 0, 0, 0, 0, 0, 0, 0, 0, 0, 0, 0, 0, 0, 0, 0, 0, 0, 0, 0, 0, 0, 0, 0, 0, 0, 0, 0, 0, 0, 0, 0, 0, 0, 0, 0, 0, 0, 0, 0, 0, 0, 0, 0, 0, 0, 0, 0, 0, 0, 0, 0, 0, 0, 0, 0, 0, 0, 0, 0, 0, 0, 0, 0, 0, 0, 0, 0, 0, 0, 0, 0, 0, 0, 0, 0, 0, 0, 0, 0, 0, 0, 0, 0, 0, 0, 0, 0, 0, 0, 0, 0, 0, 0, 0, 0, 0, 0, 0, 0, 0, 0, 0, 0, 0, 0, 0, 0, 0, 0, 0, 0, 0, 0, 0, 0, 0, 0, 0, 0, 0, 0, 0, 0, 0, : 12, 8, 7, 18, 1, 6, 4, 3, 5, 7, 7, 6, 3, 4, 9, 14, 15, 22, 4, 19, 11, 2, 4, 2, 1, 4, 4, 27, 4, 6, 6, 16, 1, 29, 16, 4, 1, 1, 7, 7, 2, 13, 8, 5, 2, 20, 8, 12, 3, 22, 1, 1, 5, 20, 4, 11, 23, 1, 1, 1, 12, 5, 7, 3, 6, 9, 28, 18, 
161: 9, 2, 9, 3, 1, 7, 3, 33, 6, 11, 2, 11, 28, 22, 3, 1, 7, 9, 11, 16, 16, 13, 27, 15, 11, 2, 4, 22, 9, 5, 8, 11, 2, 6, 1, 5, 24, 1, 3, 1, 20, 1, 7, 2, 6, 3, 18, 2, 7, 11, 4, 9, 24, 5, 6, 1, 6, 3, 2, 3, 1, 5, 3, 7, 16, 11, 6, 5, 9, 6, 1, 14, 3, 31, 7, 13, 1, 22, 0, 0, 0, 0, 0, 0, 0, 0, 0, 0, 0, 0, 0, 0, 0, 0, 0, 0, 0, 0, 0, 0, 0, 0, 0, 0, 0, 0, 0, 0, 0, 0, 0, 0, 0, 0, 0, 0, 0, 0, 0, 0, 0, 0, 0, 0, 0, 0, 0, 0, 0, 0, 0, 0, 0, 0, 0, 0, 0, 0, 0, 0, 0, 0, 0, 0, 0, 0, 0, 0, 0, 0, 0, 0, 0, 0, 0, 0, 0, 0, 0, 0, 0, 0, 0, 0, 0, 0, 0, 0, 0, 0, 0, 0, 0, 0, 0, 0, 0, 0, 0, 0, 0, 0, 0, 0, 0, 0, 0, 0, 0, 0, 0, 0, 0, 0, 0, 0, 0, 0, 0, 0, : 9, 2, 9, 3, 1, 7, 3, 33, 6, 11, 2, 11, 28, 22, 3, 1, 7, 9, 11, 16, 16, 13, 27, 15, 11, 2, 4, 22, 9, 5, 8, 11, 2, 6, 1, 5, 24, 1, 3, 1, 20, 1, 7, 2, 6, 3, 18, 2, 7, 11, 4, 9, 24, 5, 6, 1, 6, 3, 2, 3, 1, 5, 3, 7, 16, 11, 6, 5, 9, 6, 1, 14, 3, 31, 7, 13, 1, 22, 
162: 4, 5, 5, 3, 30, 11, 7, 12, 3, 1, 3, 2, 8, 1, 9, 7, 26, 15, 4, 14, 17, 34, 11, 3, 9, 15, 7, 12, 9, 8, 6, 4, 10, 23, 1, 1, 26, 15, 1, 6, 5, 3, 2, 3, 3, 13, 6, 1, 2, 3, 2, 1, 8, 2, 10, 18, 5, 3, 2, 1, 17, 4, 3, 16, 13, 4, 1, 15, 10, 4, 1, 9, 6, 33, 1, 1, 23, 6, 1, 16, 1, 23, 20, 13, 15, 2, 6, 20, 14, 9, 1, 2, 1, 4, 23, 3, 4, 1, 0, 0, 0, 0, 0, 0, 0, 0, 0, 0, 0, 0, 0, 0, 0, 0, 0, 0, 0, 0, 0, 0, 0, 0, 0, 0, 0, 0, 0, 0, 0, 0, 0, 0, 0, 0, 0, 0, 0, 0, 0, 0, 0, 0, 0, 0, 0, 0, 0, 0, 0, 0, 0, 0, 0, 0, 0, 0, 0, 0, 0, 0, 0, 0, 0, 0, 0, 0, 0, 0, 0, 0, 0, 0, 0, 0, 0, 0, 0, 0, 0, 0, 0, 0, 0, 0, 0, 0, 0, 0, 0, 0, 0, 0, 0, 0, 0, 0, 0, 0, 0, 0, : 4, 5, 5, 3, 30, 11, 7, 12, 3, 1, 3, 2, 8, 1, 9, 7, 26, 15, 4, 14, 17, 34, 11, 3, 9, 15, 7, 12, 9, 8, 6, 4, 10, 23, 1, 1, 26, 15, 1, 6, 5, 3, 2, 3, 3, 13, 6, 1, 2, 3, 2, 1, 8, 2, 10, 18, 5, 3, 2, 1, 17, 4, 3, 16, 13, 4, 1, 15, 10, 4, 1, 9, 6, 33, 1, 1, 23, 6, 1, 16, 1, 23, 20, 13, 15, 2, 6, 20, 14, 9, 1, 2, 1, 4, 23, 3, 4, 1, 
163: 9, 9, 3, 11, 5, 15, 7, 1, 4, 1, 3, 1, 6, 4, 3, 24, 3, 4, 2, 18, 6, 1, 2, 5, 14, 5, 9, 18, 1, 17, 6, 1, 30, 16, 7, 3, 10, 27, 2, 16, 16, 6, 4, 1, 6, 14, 18, 6, 11, 11, 12, 18, 5, 24, 14, 7, 1, 3, 3, 1, 24, 2, 2, 31, 5, 13, 11, 1, 11, 9, 6, 9, 7, 1, 2, 2, 8, 3, 4, 3, 1, 19, 24, 4, 18, 15, 5, 4, 3, 19, 5, 3, 21, 17, 9, 3, 7, 5, 1, 1, 7, 2, 31, 14, 25, 3, 16, 2, 2, 0, 0, 0, 0, 0, 0, 0, 0, 0, 0, 0, 0, 0, 0, 0, 0, 0, 0, 0, 0, 0, 0, 0, 0, 0, 0, 0, 0, 0, 0, 0, 0, 0, 0, 0, 0, 0, 0, 0, 0, 0, 0, 0, 0, 0, 0, 0, 0, 0, 0, 0, 0, 0, 0, 0, 0, 0, 0, 0, 0, 0, 0, 0, 0, 0, 0, 0, 0, 0, 0, 0, 0, 0, 0, 0, 0, 0, 0, 0, 0, 0, 0, 0, 0, 0, 0, 0, 0, 0, 0, 0, : 9, 9, 3, 11, 5, 15, 7, 1, 4, 1, 3, 1, 6, 4, 3, 24, 3, 4, 2, 18, 6, 1, 2, 5, 14, 5, 9, 18, 1, 17, 6, 1, 30, 16, 7, 3, 10, 27, 2, 16, 16, 6, 4, 1, 6, 14, 18, 6, 11, 11, 12, 18, 5, 24, 14, 7, 1, 3, 3, 1, 24, 2, 2, 31, 5, 13, 11, 1, 11, 9, 6, 9, 7, 1, 2, 2, 8, 3, 4, 3, 1, 19, 24, 4, 18, 15, 5, 4, 3, 19, 5, 3, 21, 17, 9, 3, 7, 5, 1, 1, 7, 2, 31, 14, 25, 3, 16, 2, 2, 
164: 1, 16, 4, 5, 1, 9, 6, 4, 9, 2, 11, 13, 5, 11, 9, 14, 4, 16, 5, 6, 1, 1, 3, 1, 22, 24, 20, 1, 2, 2, 24, 7, 15, 4, 7, 4, 6, 1, 5, 7, 1, 1, 3, 5, 19, 1, 7, 2, 3, 3, 8, 9, 3, 4, 18, 13, 1, 18, 28, 13, 1, 17, 19, 1, 4, 34, 32, 0, 0, 0, 0, 0, 0, 0, 0, 0, 0, 0, 0, 0, 0, 0, 0, 0, 0, 0, 0, 0, 0, 0, 0, 0, 0, 0, 0, 0, 0, 0, 0, 0, 0, 0, 0, 0, 0, 0, 0, 0, 0, 0, 0, 0, 0, 0, 0, 0, 0, 0, 0, 0, 0, 0, 0, 0, 0, 0, 0, 0, 0, 0, 0, 0, 0, 0, 0, 0, 0, 0, 0, 0, 0, 0, 0, 0, 0, 0, 0, 0, 0, 0, 0, 0, 0, 0, 0, 0, 0, 0, 0, 0, 0, 0, 0, 0, 0, 0, 0, 0, 0, 0, 0, 0, 0, 0, 0, 0, 0, 0, 0, 0, 0, 0, 0, 0, 0, 0, 0, 0, 0, 0, 0, 0, 0, 0, 0, 0, 0, 0, 0, 0, : 1, 16, 4, 5, 1, 9, 6, 4, 9, 2, 11, 13, 5, 11, 9, 14, 4, 16, 5, 6, 1, 1, 3, 1, 22, 24, 20, 1, 2, 2, 24, 7, 15, 4, 7, 4, 6, 1, 5, 7, 1, 1, 3, 5, 19, 1, 7, 2, 3, 3, 8, 9, 3, 4, 18, 13, 1, 18, 28, 13, 1, 17, 19, 1, 4, 34, 32, 
165: 3, 30, 32, 18, 15, 1, 16, 14, 1, 3, 1, 18, 4, 8, 1, 19, 10, 13, 18, 10, 24, 26, 20, 5, 12, 3, 3, 7, 14, 2, 14, 3, 8, 6, 4, 3, 7, 31, 1, 4, 15, 11, 15, 1, 16, 8, 23, 1, 5, 6, 15, 8, 20, 1, 1, 5, 11, 4, 2, 8, 21, 4, 29, 18, 3, 14, 28, 4, 5, 2, 1, 9, 9, 20, 1, 2, 5, 14, 1, 10, 1, 5, 8, 20, 5, 4, 1, 1, 3, 1, 22, 8, 7, 1, 8, 32, 4, 7, 3, 2, 1, 3, 3, 9, 10, 21, 3, 2, 2, 3, 18, 1, 2, 1, 1, 20, 1, 1, 2, 0, 0, 0, 0, 0, 0, 0, 0, 0, 0, 0, 0, 0, 0, 0, 0, 0, 0, 0, 0, 0, 0, 0, 0, 0, 0, 0, 0, 0, 0, 0, 0, 0, 0, 0, 0, 0, 0, 0, 0, 0, 0, 0, 0, 0, 0, 0, 0, 0, 0, 0, 0, 0, 0, 0, 0, 0, 0, 0, 0, 0, 0, 0, 0, 0, 0, 0, 0, 0, 0, 0, 0, 0, 0, 0, 0, 0, 0, 0, 0, 0, : 3, 30, 32, 18, 15, 1, 16, 14, 1, 3, 1, 18, 4, 8, 1, 19, 10, 13, 18, 10, 24, 26, 20, 5, 12, 3, 3, 7, 14, 2, 14, 3, 8, 6, 4, 3, 7, 31, 1, 4, 15, 11, 15, 1, 16, 8, 23, 1, 5, 6, 15, 8, 20, 1, 1, 5, 11, 4, 2, 8, 21, 4, 29, 18, 3, 14, 28, 4, 5, 2, 1, 9, 9, 20, 1, 2, 5, 14, 1, 10, 1, 5, 8, 20, 5, 4, 1, 1, 3, 1, 22, 8, 7, 1, 8, 32, 4, 7, 3, 2, 1, 3, 3, 9, 10, 21, 3, 2, 2, 3, 18, 1, 2, 1, 1, 20, 1, 1, 2, 
166: 2, 2, 2, 3, 5, 9, 12, 2, 27, 2, 2, 17, 2, 4, 4, 7, 2, 5, 2, 23, 6, 6, 11, 1, 6, 4, 1, 3, 5, 11, 4, 28, 4, 5, 3, 25, 3, 1, 7, 1, 11, 16, 4, 1, 9, 20, 3, 13, 3, 7, 3, 16, 4, 2, 10, 5, 1, 5, 6, 25, 4, 3, 4, 1, 4, 4, 3, 23, 3, 27, 4, 3, 1, 2, 2, 13, 18, 16, 18, 21, 3, 3, 12, 1, 2, 3, 1, 3, 2, 22, 7, 0, 0, 0, 0, 0, 0, 0, 0, 0, 0, 0, 0, 0, 0, 0, 0, 0, 0, 0, 0, 0, 0, 0, 0, 0, 0, 0, 0, 0, 0, 0, 0, 0, 0, 0, 0, 0, 0, 0, 0, 0, 0, 0, 0, 0, 0, 0, 0, 0, 0, 0, 0, 0, 0, 0, 0, 0, 0, 0, 0, 0, 0, 0, 0, 0, 0, 0, 0, 0, 0, 0, 0, 0, 0, 0, 0, 0, 0, 0, 0, 0, 0, 0, 0, 0, 0, 0, 0, 0, 0, 0, 0, 0, 0, 0, 0, 0, 0, 0, 0, 0, 0, 0, 0, 0, 0, 0, 0, 0, : 2, 2, 2, 3, 5, 9, 12, 2, 27, 2, 2, 17, 2, 4, 4, 7, 2, 5, 2, 23, 6, 6, 11, 1, 6, 4, 1, 3, 5, 11, 4, 28, 4, 5, 3, 25, 3, 1, 7, 1, 11, 16, 4, 1, 9, 20, 3, 13, 3, 7, 3, 16, 4, 2, 10, 5, 1, 5, 6, 25, 4, 3, 4, 1, 4, 4, 3, 23, 3, 27, 4, 3, 1, 2, 2, 13, 18, 16, 18, 21, 3, 3, 12, 1, 2, 3, 1, 3, 2, 22, 7, 
167: 2, 2, 8, 1, 12, 6, 30, 11, 2, 1, 1, 7, 12, 1, 2, 1, 9, 6, 2, 3, 7, 4, 4, 3, 17, 17, 1, 11, 2, 1, 3, 3, 15, 6, 29, 13, 18, 7, 1, 2, 16, 23, 17, 6, 14, 10, 2, 24, 6, 7, 29, 6, 2, 3, 2, 20, 19, 7, 9, 1, 5, 6, 17, 17, 8, 9, 1, 23, 4, 15, 4, 1, 4, 3, 21, 11, 15, 6, 1, 4, 14, 13, 2, 15, 1, 6, 1, 8, 3, 5, 0, 0, 0, 0, 0, 0, 0, 0, 0, 0, 0, 0, 0, 0, 0, 0, 0, 0, 0, 0, 0, 0, 0, 0, 0, 0, 0, 0, 0, 0, 0, 0, 0, 0, 0, 0, 0, 0, 0, 0, 0, 0, 0, 0, 0, 0, 0, 0, 0, 0, 0, 0, 0, 0, 0, 0, 0, 0, 0, 0, 0, 0, 0, 0, 0, 0, 0, 0, 0, 0, 0, 0, 0, 0, 0, 0, 0, 0, 0, 0, 0, 0, 0, 0, 0, 0, 0, 0, 0, 0, 0, 0, 0, 0, 0, 0, 0, 0, 0, 0, 0, 0, 0, 0, 0, 0, 0, 0, 0, 0, : 2, 2, 8, 1, 12, 6, 30, 11, 2, 1, 1, 7, 12, 1, 2, 1, 9, 6, 2, 3, 7, 4, 4, 3, 17, 17, 1, 11, 2, 1, 3, 3, 15, 6, 29, 13, 18, 7, 1, 2, 16, 23, 17, 6, 14, 10, 2, 24, 6, 7, 29, 6, 2, 3, 2, 20, 19, 7, 9, 1, 5, 6, 17, 17, 8, 9, 1, 23, 4, 15, 4, 1, 4, 3, 21, 11, 15, 6, 1, 4, 14, 13, 2, 15, 1, 6, 1, 8, 3, 5, 
168: 1, 19, 1, 1, 1, 4, 3, 5, 3, 2, 2, 3, 5, 11, 1, 2, 16, 5, 5, 9, 25, 1, 8, 1, 14, 6, 2, 5, 1, 1, 2, 2, 1, 7, 10, 7, 10, 2, 8, 1, 1, 2, 19, 3, 1, 19, 10, 9, 3, 3, 3, 15, 12, 9, 17, 1, 3, 29, 2, 2, 7, 1, 4, 2, 3, 4, 6, 7, 17, 17, 1, 1, 0, 0, 0, 0, 0, 0, 0, 0, 0, 0, 0, 0, 0, 0, 0, 0, 0, 0, 0, 0, 0, 0, 0, 0, 0, 0, 0, 0, 0, 0, 0, 0, 0, 0, 0, 0, 0, 0, 0, 0, 0, 0, 0, 0, 0, 0, 0, 0, 0, 0, 0, 0, 0, 0, 0, 0, 0, 0, 0, 0, 0, 0, 0, 0, 0, 0, 0, 0, 0, 0, 0, 0, 0, 0, 0, 0, 0, 0, 0, 0, 0, 0, 0, 0, 0, 0, 0, 0, 0, 0, 0, 0, 0, 0, 0, 0, 0, 0, 0, 0, 0, 0, 0, 0, 0, 0, 0, 0, 0, 0, 0, 0, 0, 0, 0, 0, 0, 0, 0, 0, 0, 0, 0, 0, 0, 0, 0, 0, : 1, 19, 1, 1, 1, 4, 3, 5, 3, 2, 2, 3, 5, 11, 1, 2, 16, 5, 5, 9, 25, 1, 8, 1, 14, 6, 2, 5, 1, 1, 2, 2, 1, 7, 10, 7, 10, 2, 8, 1, 1, 2, 19, 3, 1, 19, 10, 9, 3, 3, 3, 15, 12, 9, 17, 1, 3, 29, 2, 2, 7, 1, 4, 2, 3, 4, 6, 7, 17, 17, 1, 1, 
169: 15, 1, 11, 10, 4, 1, 11, 9, 2, 2, 2, 2, 8, 2, 12, 5, 3, 1, 11, 3, 6, 6, 2, 2, 8, 13, 6, 7, 28, 12, 7, 7, 12, 9, 24, 5, 10, 6, 10, 11, 12, 1, 3, 8, 8, 8, 4, 26, 1, 9, 3, 2, 7, 2, 2, 12, 34, 1, 7, 11, 1, 3, 4, 8, 1, 12, 8, 7, 14, 1, 9, 27, 3, 2, 3, 2, 17, 29, 5, 8, 9, 5, 14, 5, 3, 22, 4, 1, 11, 1, 3, 12, 4, 20, 28, 2, 7, 1, 8, 37, 4, 18, 2, 0, 0, 0, 0, 0, 0, 0, 0, 0, 0, 0, 0, 0, 0, 0, 0, 0, 0, 0, 0, 0, 0, 0, 0, 0, 0, 0, 0, 0, 0, 0, 0, 0, 0, 0, 0, 0, 0, 0, 0, 0, 0, 0, 0, 0, 0, 0, 0, 0, 0, 0, 0, 0, 0, 0, 0, 0, 0, 0, 0, 0, 0, 0, 0, 0, 0, 0, 0, 0, 0, 0, 0, 0, 0, 0, 0, 0, 0, 0, 0, 0, 0, 0, 0, 0, 0, 0, 0, 0, 0, 0, 0, 0, 0, 0, 0, 0, : 15, 1, 11, 10, 4, 1, 11, 9, 2, 2, 2, 2, 8, 2, 12, 5, 3, 1, 11, 3, 6, 6, 2, 2, 8, 13, 6, 7, 28, 12, 7, 7, 12, 9, 24, 5, 10, 6, 10, 11, 12, 1, 3, 8, 8, 8, 4, 26, 1, 9, 3, 2, 7, 2, 2, 12, 34, 1, 7, 11, 1, 3, 4, 8, 1, 12, 8, 7, 14, 1, 9, 27, 3, 2, 3, 2, 17, 29, 5, 8, 9, 5, 14, 5, 3, 22, 4, 1, 11, 1, 3, 12, 4, 20, 28, 2, 7, 1, 8, 37, 4, 18, 2, 
170: 27, 9, 6, 6, 1, 2, 14, 4, 9, 3, 3, 4, 3, 1, 1, 1, 4, 21, 22, 4, 7, 9, 3, 1, 10, 1, 1, 8, 16, 4, 8, 1, 8, 5, 14, 7, 1, 2, 6, 5, 8, 31, 16, 20, 2, 3, 7, 10, 3, 1, 13, 11, 9, 3, 11, 8, 14, 12, 7, 1, 2, 17, 16, 1, 1, 1, 8, 6, 1, 23, 2, 1, 3, 15, 5, 4, 17, 12, 13, 4, 1, 1, 1, 5, 7, 10, 11, 2, 2, 5, 1, 15, 2, 2, 2, 27, 1, 5, 2, 6, 5, 1, 0, 0, 0, 0, 0, 0, 0, 0, 0, 0, 0, 0, 0, 0, 0, 0, 0, 0, 0, 0, 0, 0, 0, 0, 0, 0, 0, 0, 0, 0, 0, 0, 0, 0, 0, 0, 0, 0, 0, 0, 0, 0, 0, 0, 0, 0, 0, 0, 0, 0, 0, 0, 0, 0, 0, 0, 0, 0, 0, 0, 0, 0, 0, 0, 0, 0, 0, 0, 0, 0, 0, 0, 0, 0, 0, 0, 0, 0, 0, 0, 0, 0, 0, 0, 0, 0, 0, 0, 0, 0, 0, 0, 0, 0, 0, 0, 0, 0, : 27, 9, 6, 6, 1, 2, 14, 4, 9, 3, 3, 4, 3, 1, 1, 1, 4, 21, 22, 4, 7, 9, 3, 1, 10, 1, 1, 8, 16, 4, 8, 1, 8, 5, 14, 7, 1, 2, 6, 5, 8, 31, 16, 20, 2, 3, 7, 10, 3, 1, 13, 11, 9, 3, 11, 8, 14, 12, 7, 1, 2, 17, 16, 1, 1, 1, 8, 6, 1, 23, 2, 1, 3, 15, 5, 4, 17, 12, 13, 4, 1, 1, 1, 5, 7, 10, 11, 2, 2, 5, 1, 15, 2, 2, 2, 27, 1, 5, 2, 6, 5, 1, 
171: 1, 3, 2, 5, 2, 28, 2, 11, 6, 8, 1, 1, 3, 5, 15, 11, 2, 2, 16, 9, 15, 10, 11, 20, 7, 1, 2, 3, 4, 6, 7, 20, 5, 3, 4, 7, 2, 18, 3, 1, 1, 4, 2, 1, 11, 5, 4, 13, 11, 19, 4, 18, 2, 1, 1, 10, 1, 7, 5, 2, 26, 10, 1, 27, 5, 5, 2, 4, 16, 22, 1, 2, 3, 2, 21, 2, 13, 7, 8, 17, 3, 1, 12, 2, 26, 12, 1, 6, 3, 0, 0, 0, 0, 0, 0, 0, 0, 0, 0, 0, 0, 0, 0, 0, 0, 0, 0, 0, 0, 0, 0, 0, 0, 0, 0, 0, 0, 0, 0, 0, 0, 0, 0, 0, 0, 0, 0, 0, 0, 0, 0, 0, 0, 0, 0, 0, 0, 0, 0, 0, 0, 0, 0, 0, 0, 0, 0, 0, 0, 0, 0, 0, 0, 0, 0, 0, 0, 0, 0, 0, 0, 0, 0, 0, 0, 0, 0, 0, 0, 0, 0, 0, 0, 0, 0, 0, 0, 0, 0, 0, 0, 0, 0, 0, 0, 0, 0, 0, 0, 0, 0, 0, 0, 0, 0, 0, 0, 0, 0, 0, : 1, 3, 2, 5, 2, 28, 2, 11, 6, 8, 1, 1, 3, 5, 15, 11, 2, 2, 16, 9, 15, 10, 11, 20, 7, 1, 2, 3, 4, 6, 7, 20, 5, 3, 4, 7, 2, 18, 3, 1, 1, 4, 2, 1, 11, 5, 4, 13, 11, 19, 4, 18, 2, 1, 1, 10, 1, 7, 5, 2, 26, 10, 1, 27, 5, 5, 2, 4, 16, 22, 1, 2, 3, 2, 21, 2, 13, 7, 8, 17, 3, 1, 12, 2, 26, 12, 1, 6, 3, 
172: 4, 3, 9, 1, 18, 21, 34, 22, 7, 28, 16, 7, 2, 15, 3, 9, 5, 4, 1, 10, 11, 10, 5, 24, 1, 16, 8, 32, 6, 17, 7, 1, 11, 21, 8, 4, 12, 12, 14, 12, 4, 10, 9, 6, 23, 3, 3, 1, 6, 8, 2, 2, 9, 11, 10, 5, 1, 13, 6, 4, 4, 1, 6, 18, 9, 17, 16, 8, 6, 5, 1, 3, 28, 3, 2, 1, 4, 4, 3, 18, 10, 6, 17, 9, 4, 3, 9, 36, 9, 5, 9, 2, 3, 17, 17, 1, 19, 1, 2, 1, 3, 10, 5, 18, 1, 3, 2, 1, 10, 3, 10, 20, 11, 17, 6, 2, 9, 3, 0, 0, 0, 0, 0, 0, 0, 0, 0, 0, 0, 0, 0, 0, 0, 0, 0, 0, 0, 0, 0, 0, 0, 0, 0, 0, 0, 0, 0, 0, 0, 0, 0, 0, 0, 0, 0, 0, 0, 0, 0, 0, 0, 0, 0, 0, 0, 0, 0, 0, 0, 0, 0, 0, 0, 0, 0, 0, 0, 0, 0, 0, 0, 0, 0, 0, 0, 0, 0, 0, 0, 0, 0, 0, 0, 0, 0, 0, 0, 0, 0, 0, : 4, 3, 9, 1, 18, 21, 34, 22, 7, 28, 16, 7, 2, 15, 3, 9, 5, 4, 1, 10, 11, 10, 5, 24, 1, 16, 8, 32, 6, 17, 7, 1, 11, 21, 8, 4, 12, 12, 14, 12, 4, 10, 9, 6, 23, 3, 3, 1, 6, 8, 2, 2, 9, 11, 10, 5, 1, 13, 6, 4, 4, 1, 6, 18, 9, 17, 16, 8, 6, 5, 1, 3, 28, 3, 2, 1, 4, 4, 3, 18, 10, 6, 17, 9, 4, 3, 9, 36, 9, 5, 9, 2, 3, 17, 17, 1, 19, 1, 2, 1, 3, 10, 5, 18, 1, 3, 2, 1, 10, 3, 10, 20, 11, 17, 6, 2, 9, 3, 
173: 13, 21, 2, 6, 10, 12, 11, 16, 8, 22, 17, 5, 38, 4, 18, 5, 16, 4, 15, 5, 5, 3, 15, 20, 10, 7, 11, 1, 24, 6, 8, 1, 10, 22, 11, 23, 1, 19, 1, 11, 2, 22, 2, 12, 9, 7, 9, 15, 9, 10, 9, 20, 2, 6, 8, 16, 12, 1, 26, 7, 3, 2, 7, 1, 36, 12, 4, 4, 3, 6, 1, 8, 1, 2, 6, 1, 4, 12, 4, 24, 1, 26, 2, 16, 2, 26, 1, 7, 1, 8, 0, 0, 0, 0, 0, 0, 0, 0, 0, 0, 0, 0, 0, 0, 0, 0, 0, 0, 0, 0, 0, 0, 0, 0, 0, 0, 0, 0, 0, 0, 0, 0, 0, 0, 0, 0, 0, 0, 0, 0, 0, 0, 0, 0, 0, 0, 0, 0, 0, 0, 0, 0, 0, 0, 0, 0, 0, 0, 0, 0, 0, 0, 0, 0, 0, 0, 0, 0, 0, 0, 0, 0, 0, 0, 0, 0, 0, 0, 0, 0, 0, 0, 0, 0, 0, 0, 0, 0, 0, 0, 0, 0, 0, 0, 0, 0, 0, 0, 0, 0, 0, 0, 0, 0, 0, 0, 0, 0, 0, 0, : 13, 21, 2, 6, 10, 12, 11, 16, 8, 22, 17, 5, 38, 4, 18, 5, 16, 4, 15, 5, 5, 3, 15, 20, 10, 7, 11, 1, 24, 6, 8, 1, 10, 22, 11, 23, 1, 19, 1, 11, 2, 22, 2, 12, 9, 7, 9, 15, 9, 10, 9, 20, 2, 6, 8, 16, 12, 1, 26, 7, 3, 2, 7, 1, 36, 12, 4, 4, 3, 6, 1, 8, 1, 2, 6, 1, 4, 12, 4, 24, 1, 26, 2, 16, 2, 26, 1, 7, 1, 8, 
174: 1, 8, 6, 2, 3, 28, 11, 5, 8, 8, 6, 1, 2, 4, 2, 4, 4, 1, 3, 4, 3, 3, 26, 13, 27, 2, 24, 6, 4, 4, 25, 2, 4, 3, 13, 12, 14, 2, 12, 1, 2, 14, 14, 7, 2, 3, 7, 9, 4, 2, 9, 10, 13, 2, 8, 4, 5, 1, 31, 3, 2, 31, 17, 5, 14, 4, 11, 2, 4, 30, 1, 3, 4, 3, 6, 1, 1, 7, 4, 12, 1, 2, 2, 12, 16, 2, 32, 6, 15, 28, 2, 2, 16, 1, 13, 11, 5, 3, 2, 10, 2, 2, 7, 18, 5, 3, 4, 2, 5, 8, 0, 0, 0, 0, 0, 0, 0, 0, 0, 0, 0, 0, 0, 0, 0, 0, 0, 0, 0, 0, 0, 0, 0, 0, 0, 0, 0, 0, 0, 0, 0, 0, 0, 0, 0, 0, 0, 0, 0, 0, 0, 0, 0, 0, 0, 0, 0, 0, 0, 0, 0, 0, 0, 0, 0, 0, 0, 0, 0, 0, 0, 0, 0, 0, 0, 0, 0, 0, 0, 0, 0, 0, 0, 0, 0, 0, 0, 0, 0, 0, 0, 0, 0, 0, 0, 0, 0, 0, 0, 0, : 1, 8, 6, 2, 3, 28, 11, 5, 8, 8, 6, 1, 2, 4, 2, 4, 4, 1, 3, 4, 3, 3, 26, 13, 27, 2, 24, 6, 4, 4, 25, 2, 4, 3, 13, 12, 14, 2, 12, 1, 2, 14, 14, 7, 2, 3, 7, 9, 4, 2, 9, 10, 13, 2, 8, 4, 5, 1, 31, 3, 2, 31, 17, 5, 14, 4, 11, 2, 4, 30, 1, 3, 4, 3, 6, 1, 1, 7, 4, 12, 1, 2, 2, 12, 16, 2, 32, 6, 15, 28, 2, 2, 16, 1, 13, 11, 5, 3, 2, 10, 2, 2, 7, 18, 5, 3, 4, 2, 5, 8, 
175: 4, 13, 16, 22, 28, 26, 16, 2, 8, 15, 25, 2, 7, 3, 1, 2, 6, 27, 1, 2, 11, 3, 2, 2, 6, 5, 9, 1, 6, 1, 8, 2, 13, 3, 1, 4, 13, 18, 29, 11, 2, 9, 5, 2, 15, 1, 5, 1, 18, 1, 2, 2, 25, 20, 18, 1, 10, 21, 3, 3, 1, 5, 1, 2, 7, 11, 9, 4, 2, 1, 2, 6, 9, 18, 4, 2, 6, 4, 2, 13, 7, 1, 10, 2, 3, 10, 21, 3, 9, 2, 1, 6, 13, 7, 2, 17, 8, 29, 1, 5, 9, 5, 5, 2, 15, 3, 4, 3, 8, 7, 12, 14, 2, 0, 0, 0, 0, 0, 0, 0, 0, 0, 0, 0, 0, 0, 0, 0, 0, 0, 0, 0, 0, 0, 0, 0, 0, 0, 0, 0, 0, 0, 0, 0, 0, 0, 0, 0, 0, 0, 0, 0, 0, 0, 0, 0, 0, 0, 0, 0, 0, 0, 0, 0, 0, 0, 0, 0, 0, 0, 0, 0, 0, 0, 0, 0, 0, 0, 0, 0, 0, 0, 0, 0, 0, 0, 0, 0, 0, 0, 0, 0, 0, 0, 0, 0, 0, 0, 0, 0, : 4, 13, 16, 22, 28, 26, 16, 2, 8, 15, 25, 2, 7, 3, 1, 2, 6, 27, 1, 2, 11, 3, 2, 2, 6, 5, 9, 1, 6, 1, 8, 2, 13, 3, 1, 4, 13, 18, 29, 11, 2, 9, 5, 2, 15, 1, 5, 1, 18, 1, 2, 2, 25, 20, 18, 1, 10, 21, 3, 3, 1, 5, 1, 2, 7, 11, 9, 4, 2, 1, 2, 6, 9, 18, 4, 2, 6, 4, 2, 13, 7, 1, 10, 2, 3, 10, 21, 3, 9, 2, 1, 6, 13, 7, 2, 17, 8, 29, 1, 5, 9, 5, 5, 2, 15, 3, 4, 3, 8, 7, 12, 14, 2, 
176: 5, 37, 8, 28, 5, 11, 7, 16, 1, 28, 8, 1, 2, 1, 5, 1, 1, 15, 5, 1, 2, 2, 2, 10, 2, 3, 3, 23, 4, 9, 10, 16, 1, 14, 1, 3, 4, 3, 4, 3, 2, 8, 3, 2, 8, 2, 3, 14, 23, 34, 9, 6, 4, 3, 5, 18, 18, 1, 3, 2, 7, 2, 6, 0, 0, 0, 0, 0, 0, 0, 0, 0, 0, 0, 0, 0, 0, 0, 0, 0, 0, 0, 0, 0, 0, 0, 0, 0, 0, 0, 0, 0, 0, 0, 0, 0, 0, 0, 0, 0, 0, 0, 0, 0, 0, 0, 0, 0, 0, 0, 0, 0, 0, 0, 0, 0, 0, 0, 0, 0, 0, 0, 0, 0, 0, 0, 0, 0, 0, 0, 0, 0, 0, 0, 0, 0, 0, 0, 0, 0, 0, 0, 0, 0, 0, 0, 0, 0, 0, 0, 0, 0, 0, 0, 0, 0, 0, 0, 0, 0, 0, 0, 0, 0, 0, 0, 0, 0, 0, 0, 0, 0, 0, 0, 0, 0, 0, 0, 0, 0, 0, 0, 0, 0, 0, 0, 0, 0, 0, 0, 0, 0, 0, 0, 0, 0, 0, 0, 0, 0, : 5, 37, 8, 28, 5, 11, 7, 16, 1, 28, 8, 1, 2, 1, 5, 1, 1, 15, 5, 1, 2, 2, 2, 10, 2, 3, 3, 23, 4, 9, 10, 16, 1, 14, 1, 3, 4, 3, 4, 3, 2, 8, 3, 2, 8, 2, 3, 14, 23, 34, 9, 6, 4, 3, 5, 18, 18, 1, 3, 2, 7, 2, 6, 
177: 1, 2, 1, 2, 1, 1, 2, 15, 28, 4, 6, 2, 2, 2, 1, 21, 2, 6, 1, 2, 7, 3, 4, 10, 9, 9, 1, 7, 9, 4, 6, 1, 1, 9, 11, 3, 15, 1, 13, 5, 1, 5, 10, 6, 29, 10, 2, 10, 23, 7, 10, 20, 17, 1, 1, 13, 1, 37, 25, 24, 16, 12, 3, 4, 14, 3, 2, 10, 32, 1, 2, 3, 1, 3, 31, 4, 9, 3, 9, 4, 16, 19, 31, 1, 1, 17, 2, 1, 14, 4, 21, 1, 17, 5, 15, 3, 5, 2, 4, 2, 7, 9, 1, 2, 24, 23, 0, 0, 0, 0, 0, 0, 0, 0, 0, 0, 0, 0, 0, 0, 0, 0, 0, 0, 0, 0, 0, 0, 0, 0, 0, 0, 0, 0, 0, 0, 0, 0, 0, 0, 0, 0, 0, 0, 0, 0, 0, 0, 0, 0, 0, 0, 0, 0, 0, 0, 0, 0, 0, 0, 0, 0, 0, 0, 0, 0, 0, 0, 0, 0, 0, 0, 0, 0, 0, 0, 0, 0, 0, 0, 0, 0, 0, 0, 0, 0, 0, 0, 0, 0, 0, 0, 0, 0, 0, 0, 0, 0, 0, 0, : 1, 2, 1, 2, 1, 1, 2, 15, 28, 4, 6, 2, 2, 2, 1, 21, 2, 6, 1, 2, 7, 3, 4, 10, 9, 9, 1, 7, 9, 4, 6, 1, 1, 9, 11, 3, 15, 1, 13, 5, 1, 5, 10, 6, 29, 10, 2, 10, 23, 7, 10, 20, 17, 1, 1, 13, 1, 37, 25, 24, 16, 12, 3, 4, 14, 3, 2, 10, 32, 1, 2, 3, 1, 3, 31, 4, 9, 3, 9, 4, 16, 19, 31, 1, 1, 17, 2, 1, 14, 4, 21, 1, 17, 5, 15, 3, 5, 2, 4, 2, 7, 9, 1, 2, 24, 23, 
178: 27, 5, 4, 6, 13, 10, 3, 2, 3, 17, 3, 4, 1, 3, 9, 1, 21, 11, 2, 23, 1, 16, 10, 18, 10, 14, 19, 8, 12, 1, 32, 3, 2, 24, 1, 4, 3, 2, 1, 5, 2, 2, 3, 23, 24, 3, 2, 9, 1, 5, 4, 15, 4, 28, 9, 11, 17, 4, 8, 5, 14, 6, 1, 2, 26, 1, 9, 12, 4, 0, 0, 0, 0, 0, 0, 0, 0, 0, 0, 0, 0, 0, 0, 0, 0, 0, 0, 0, 0, 0, 0, 0, 0, 0, 0, 0, 0, 0, 0, 0, 0, 0, 0, 0, 0, 0, 0, 0, 0, 0, 0, 0, 0, 0, 0, 0, 0, 0, 0, 0, 0, 0, 0, 0, 0, 0, 0, 0, 0, 0, 0, 0, 0, 0, 0, 0, 0, 0, 0, 0, 0, 0, 0, 0, 0, 0, 0, 0, 0, 0, 0, 0, 0, 0, 0, 0, 0, 0, 0, 0, 0, 0, 0, 0, 0, 0, 0, 0, 0, 0, 0, 0, 0, 0, 0, 0, 0, 0, 0, 0, 0, 0, 0, 0, 0, 0, 0, 0, 0, 0, 0, 0, 0, 0, 0, 0, 0, 0, 0, 0, : 27, 5, 4, 6, 13, 10, 3, 2, 3, 17, 3, 4, 1, 3, 9, 1, 21, 11, 2, 23, 1, 16, 10, 18, 10, 14, 19, 8, 12, 1, 32, 3, 2, 24, 1, 4, 3, 2, 1, 5, 2, 2, 3, 23, 24, 3, 2, 9, 1, 5, 4, 15, 4, 28, 9, 11, 17, 4, 8, 5, 14, 6, 1, 2, 26, 1, 9, 12, 4, 
179: 4, 14, 7, 3, 7, 2, 15, 2, 20, 17, 24, 16, 17, 7, 2, 6, 2, 4, 8, 2, 1, 15, 1, 14, 9, 6, 6, 13, 8, 24, 3, 1, 14, 7, 1, 4, 2, 17, 3, 2, 4, 14, 2, 11, 6, 1, 17, 8, 5, 17, 1, 2, 2, 5, 12, 6, 3, 6, 3, 9, 3, 1, 17, 4, 1, 7, 5, 10, 17, 3, 2, 4, 23, 23, 10, 6, 13, 11, 17, 10, 4, 8, 13, 24, 8, 15, 17, 11, 12, 14, 1, 2, 11, 1, 7, 3, 6, 2, 3, 1, 4, 11, 2, 4, 4, 14, 5, 2, 1, 2, 15, 6, 2, 7, 14, 4, 2, 4, 3, 6, 2, 4, 1, 12, 11, 8, 2, 11, 2, 6, 4, 3, 8, 4, 10, 13, 1, 5, 0, 0, 0, 0, 0, 0, 0, 0, 0, 0, 0, 0, 0, 0, 0, 0, 0, 0, 0, 0, 0, 0, 0, 0, 0, 0, 0, 0, 0, 0, 0, 0, 0, 0, 0, 0, 0, 0, 0, 0, 0, 0, 0, 0, 0, 0, 0, 0, 0, 0, 0, 0, 0, 0, 0, 0, 0, 0, 0, 0, 0, 0, : 4, 14, 7, 3, 7, 2, 15, 2, 20, 17, 24, 16, 17, 7, 2, 6, 2, 4, 8, 2, 1, 15, 1, 14, 9, 6, 6, 13, 8, 24, 3, 1, 14, 7, 1, 4, 2, 17, 3, 2, 4, 14, 2, 11, 6, 1, 17, 8, 5, 17, 1, 2, 2, 5, 12, 6, 3, 6, 3, 9, 3, 1, 17, 4, 1, 7, 5, 10, 17, 3, 2, 4, 23, 23, 10, 6, 13, 11, 17, 10, 4, 8, 13, 24, 8, 15, 17, 11, 12, 14, 1, 2, 11, 1, 7, 3, 6, 2, 3, 1, 4, 11, 2, 4, 4, 14, 5, 2, 1, 2, 15, 6, 2, 7, 14, 4, 2, 4, 3, 6, 2, 4, 1, 12, 11, 8, 2, 11, 2, 6, 4, 3, 8, 4, 10, 13, 1, 5, 
180: 16, 5, 1, 2, 6, 4, 9, 2, 6, 5, 25, 10, 4, 2, 3, 8, 13, 21, 3, 1, 4, 1, 7, 10, 15, 9, 13, 6, 1, 29, 1, 12, 10, 8, 14, 7, 1, 12, 22, 5, 13, 29, 1, 8, 24, 10, 6, 3, 17, 15, 11, 4, 2, 4, 1, 19, 2, 0, 0, 0, 0, 0, 0, 0, 0, 0, 0, 0, 0, 0, 0, 0, 0, 0, 0, 0, 0, 0, 0, 0, 0, 0, 0, 0, 0, 0, 0, 0, 0, 0, 0, 0, 0, 0, 0, 0, 0, 0, 0, 0, 0, 0, 0, 0, 0, 0, 0, 0, 0, 0, 0, 0, 0, 0, 0, 0, 0, 0, 0, 0, 0, 0, 0, 0, 0, 0, 0, 0, 0, 0, 0, 0, 0, 0, 0, 0, 0, 0, 0, 0, 0, 0, 0, 0, 0, 0, 0, 0, 0, 0, 0, 0, 0, 0, 0, 0, 0, 0, 0, 0, 0, 0, 0, 0, 0, 0, 0, 0, 0, 0, 0, 0, 0, 0, 0, 0, 0, 0, 0, 0, 0, 0, 0, 0, 0, 0, 0, 0, 0, 0, 0, 0, 0, 0, 0, 0, 0, 0, 0, 0, : 16, 5, 1, 2, 6, 4, 9, 2, 6, 5, 25, 10, 4, 2, 3, 8, 13, 21, 3, 1, 4, 1, 7, 10, 15, 9, 13, 6, 1, 29, 1, 12, 10, 8, 14, 7, 1, 12, 22, 5, 13, 29, 1, 8, 24, 10, 6, 3, 17, 15, 11, 4, 2, 4, 1, 19, 2, 
181: 11, 5, 2, 12, 4, 9, 4, 5, 17, 1, 1, 3, 11, 3, 6, 4, 8, 7, 1, 13, 11, 2, 9, 3, 24, 2, 10, 2, 24, 1, 1, 9, 18, 1, 2, 9, 2, 10, 6, 5, 7, 3, 2, 5, 1, 15, 1, 4, 17, 7, 1, 1, 1, 4, 3, 4, 5, 5, 10, 2, 14, 2, 1, 21, 17, 4, 32, 6, 3, 14, 3, 5, 1, 5, 25, 4, 3, 7, 23, 1, 1, 5, 1, 25, 3, 3, 7, 3, 1, 6, 0, 0, 0, 0, 0, 0, 0, 0, 0, 0, 0, 0, 0, 0, 0, 0, 0, 0, 0, 0, 0, 0, 0, 0, 0, 0, 0, 0, 0, 0, 0, 0, 0, 0, 0, 0, 0, 0, 0, 0, 0, 0, 0, 0, 0, 0, 0, 0, 0, 0, 0, 0, 0, 0, 0, 0, 0, 0, 0, 0, 0, 0, 0, 0, 0, 0, 0, 0, 0, 0, 0, 0, 0, 0, 0, 0, 0, 0, 0, 0, 0, 0, 0, 0, 0, 0, 0, 0, 0, 0, 0, 0, 0, 0, 0, 0, 0, 0, 0, 0, 0, 0, 0, 0, 0, 0, 0, 0, 0, 0, : 11, 5, 2, 12, 4, 9, 4, 5, 17, 1, 1, 3, 11, 3, 6, 4, 8, 7, 1, 13, 11, 2, 9, 3, 24, 2, 10, 2, 24, 1, 1, 9, 18, 1, 2, 9, 2, 10, 6, 5, 7, 3, 2, 5, 1, 15, 1, 4, 17, 7, 1, 1, 1, 4, 3, 4, 5, 5, 10, 2, 14, 2, 1, 21, 17, 4, 32, 6, 3, 14, 3, 5, 1, 5, 25, 4, 3, 7, 23, 1, 1, 5, 1, 25, 3, 3, 7, 3, 1, 6, 
182: 16, 3, 3, 7, 3, 4, 6, 12, 16, 10, 8, 10, 21, 34, 11, 5, 3, 24, 3, 15, 3, 3, 2, 3, 5, 1, 2, 12, 22, 2, 2, 15, 1, 3, 22, 6, 14, 1, 4, 4, 6, 1, 4, 3, 11, 11, 1, 12, 18, 5, 13, 8, 29, 2, 7, 10, 7, 8, 2, 2, 16, 6, 2, 4, 2, 5, 3, 7, 0, 0, 0, 0, 0, 0, 0, 0, 0, 0, 0, 0, 0, 0, 0, 0, 0, 0, 0, 0, 0, 0, 0, 0, 0, 0, 0, 0, 0, 0, 0, 0, 0, 0, 0, 0, 0, 0, 0, 0, 0, 0, 0, 0, 0, 0, 0, 0, 0, 0, 0, 0, 0, 0, 0, 0, 0, 0, 0, 0, 0, 0, 0, 0, 0, 0, 0, 0, 0, 0, 0, 0, 0, 0, 0, 0, 0, 0, 0, 0, 0, 0, 0, 0, 0, 0, 0, 0, 0, 0, 0, 0, 0, 0, 0, 0, 0, 0, 0, 0, 0, 0, 0, 0, 0, 0, 0, 0, 0, 0, 0, 0, 0, 0, 0, 0, 0, 0, 0, 0, 0, 0, 0, 0, 0, 0, 0, 0, 0, 0, 0, 0, : 16, 3, 3, 7, 3, 4, 6, 12, 16, 10, 8, 10, 21, 34, 11, 5, 3, 24, 3, 15, 3, 3, 2, 3, 5, 1, 2, 12, 22, 2, 2, 15, 1, 3, 22, 6, 14, 1, 4, 4, 6, 1, 4, 3, 11, 11, 1, 12, 18, 5, 13, 8, 29, 2, 7, 10, 7, 8, 2, 2, 16, 6, 2, 4, 2, 5, 3, 7, 
183: 2, 5, 1, 27, 8, 3, 23, 3, 3, 20, 6, 2, 4, 5, 10, 5, 24, 12, 16, 1, 18, 3, 18, 2, 5, 6, 27, 2, 8, 1, 16, 2, 6, 2, 1, 10, 6, 7, 4, 10, 2, 2, 19, 4, 17, 8, 1, 4, 15, 5, 3, 1, 6, 1, 1, 14, 20, 17, 2, 4, 8, 9, 5, 1, 4, 3, 4, 7, 2, 2, 7, 1, 1, 6, 9, 1, 8, 2, 1, 1, 2, 2, 28, 21, 18, 22, 15, 4, 9, 32, 1, 11, 0, 0, 0, 0, 0, 0, 0, 0, 0, 0, 0, 0, 0, 0, 0, 0, 0, 0, 0, 0, 0, 0, 0, 0, 0, 0, 0, 0, 0, 0, 0, 0, 0, 0, 0, 0, 0, 0, 0, 0, 0, 0, 0, 0, 0, 0, 0, 0, 0, 0, 0, 0, 0, 0, 0, 0, 0, 0, 0, 0, 0, 0, 0, 0, 0, 0, 0, 0, 0, 0, 0, 0, 0, 0, 0, 0, 0, 0, 0, 0, 0, 0, 0, 0, 0, 0, 0, 0, 0, 0, 0, 0, 0, 0, 0, 0, 0, 0, 0, 0, 0, 0, 0, 0, 0, 0, 0, 0, : 2, 5, 1, 27, 8, 3, 23, 3, 3, 20, 6, 2, 4, 5, 10, 5, 24, 12, 16, 1, 18, 3, 18, 2, 5, 6, 27, 2, 8, 1, 16, 2, 6, 2, 1, 10, 6, 7, 4, 10, 2, 2, 19, 4, 17, 8, 1, 4, 15, 5, 3, 1, 6, 1, 1, 14, 20, 17, 2, 4, 8, 9, 5, 1, 4, 3, 4, 7, 2, 2, 7, 1, 1, 6, 9, 1, 8, 2, 1, 1, 2, 2, 28, 21, 18, 22, 15, 4, 9, 32, 1, 11, 
184: 28, 8, 1, 10, 13, 7, 3, 16, 3, 5, 16, 5, 1, 27, 2, 14, 29, 1, 2, 8, 3, 4, 8, 1, 6, 12, 1, 1, 14, 6, 6, 7, 1, 2, 1, 7, 3, 7, 9, 2, 5, 3, 1, 5, 28, 6, 13, 4, 2, 3, 18, 1, 17, 19, 2, 2, 2, 5, 10, 6, 6, 5, 6, 5, 4, 7, 5, 4, 2, 10, 1, 25, 17, 8, 25, 6, 16, 29, 2, 6, 6, 2, 12, 2, 9, 7, 23, 1, 7, 20, 3, 14, 1, 7, 5, 1, 14, 0, 0, 0, 0, 0, 0, 0, 0, 0, 0, 0, 0, 0, 0, 0, 0, 0, 0, 0, 0, 0, 0, 0, 0, 0, 0, 0, 0, 0, 0, 0, 0, 0, 0, 0, 0, 0, 0, 0, 0, 0, 0, 0, 0, 0, 0, 0, 0, 0, 0, 0, 0, 0, 0, 0, 0, 0, 0, 0, 0, 0, 0, 0, 0, 0, 0, 0, 0, 0, 0, 0, 0, 0, 0, 0, 0, 0, 0, 0, 0, 0, 0, 0, 0, 0, 0, 0, 0, 0, 0, 0, 0, 0, 0, 0, 0, 0, 0, 0, 0, 0, 0, 0, : 28, 8, 1, 10, 13, 7, 3, 16, 3, 5, 16, 5, 1, 27, 2, 14, 29, 1, 2, 8, 3, 4, 8, 1, 6, 12, 1, 1, 14, 6, 6, 7, 1, 2, 1, 7, 3, 7, 9, 2, 5, 3, 1, 5, 28, 6, 13, 4, 2, 3, 18, 1, 17, 19, 2, 2, 2, 5, 10, 6, 6, 5, 6, 5, 4, 7, 5, 4, 2, 10, 1, 25, 17, 8, 25, 6, 16, 29, 2, 6, 6, 2, 12, 2, 9, 7, 23, 1, 7, 20, 3, 14, 1, 7, 5, 1, 14, 
185: 2, 13, 1, 5, 5, 3, 3, 12, 4, 38, 6, 8, 5, 18, 17, 1, 9, 6, 2, 37, 17, 18, 8, 2, 1, 35, 11, 3, 1, 1, 11, 2, 28, 1, 1, 9, 4, 1, 6, 12, 1, 1, 7, 4, 23, 3, 8, 3, 6, 2, 2, 8, 0, 0, 0, 0, 0, 0, 0, 0, 0, 0, 0, 0, 0, 0, 0, 0, 0, 0, 0, 0, 0, 0, 0, 0, 0, 0, 0, 0, 0, 0, 0, 0, 0, 0, 0, 0, 0, 0, 0, 0, 0, 0, 0, 0, 0, 0, 0, 0, 0, 0, 0, 0, 0, 0, 0, 0, 0, 0, 0, 0, 0, 0, 0, 0, 0, 0, 0, 0, 0, 0, 0, 0, 0, 0, 0, 0, 0, 0, 0, 0, 0, 0, 0, 0, 0, 0, 0, 0, 0, 0, 0, 0, 0, 0, 0, 0, 0, 0, 0, 0, 0, 0, 0, 0, 0, 0, 0, 0, 0, 0, 0, 0, 0, 0, 0, 0, 0, 0, 0, 0, 0, 0, 0, 0, 0, 0, 0, 0, 0, 0, 0, 0, 0, 0, 0, 0, 0, 0, 0, 0, 0, 0, 0, 0, 0, 0, 0, 0, : 2, 13, 1, 5, 5, 3, 3, 12, 4, 38, 6, 8, 5, 18, 17, 1, 9, 6, 2, 37, 17, 18, 8, 2, 1, 35, 11, 3, 1, 1, 11, 2, 28, 1, 1, 9, 4, 1, 6, 12, 1, 1, 7, 4, 23, 3, 8, 3, 6, 2, 2, 8, 
186: 4, 8, 5, 19, 2, 6, 6, 8, 22, 27, 3, 6, 10, 1, 3, 4, 15, 9, 6, 1, 15, 5, 10, 9, 1, 1, 23, 1, 1, 14, 2, 2, 32, 21, 8, 5, 11, 2, 15, 28, 24, 9, 15, 6, 7, 3, 2, 5, 7, 2, 3, 3, 1, 1, 12, 8, 12, 5, 5, 7, 1, 1, 8, 1, 2, 5, 2, 3, 1, 16, 3, 3, 5, 7, 5, 14, 2, 18, 1, 1, 8, 3, 3, 2, 13, 2, 2, 14, 9, 17, 15, 10, 7, 2, 1, 1, 17, 1, 4, 9, 4, 2, 2, 2, 3, 2, 15, 6, 1, 4, 1, 1, 6, 1, 1, 3, 7, 1, 1, 1, 1, 3, 7, 0, 0, 0, 0, 0, 0, 0, 0, 0, 0, 0, 0, 0, 0, 0, 0, 0, 0, 0, 0, 0, 0, 0, 0, 0, 0, 0, 0, 0, 0, 0, 0, 0, 0, 0, 0, 0, 0, 0, 0, 0, 0, 0, 0, 0, 0, 0, 0, 0, 0, 0, 0, 0, 0, 0, 0, 0, 0, 0, 0, 0, 0, 0, 0, 0, 0, 0, 0, 0, 0, 0, 0, 0, 0, 0, 0, 0, : 4, 8, 5, 19, 2, 6, 6, 8, 22, 27, 3, 6, 10, 1, 3, 4, 15, 9, 6, 1, 15, 5, 10, 9, 1, 1, 23, 1, 1, 14, 2, 2, 32, 21, 8, 5, 11, 2, 15, 28, 24, 9, 15, 6, 7, 3, 2, 5, 7, 2, 3, 3, 1, 1, 12, 8, 12, 5, 5, 7, 1, 1, 8, 1, 2, 5, 2, 3, 1, 16, 3, 3, 5, 7, 5, 14, 2, 18, 1, 1, 8, 3, 3, 2, 13, 2, 2, 14, 9, 17, 15, 10, 7, 2, 1, 1, 17, 1, 4, 9, 4, 2, 2, 2, 3, 2, 15, 6, 1, 4, 1, 1, 6, 1, 1, 3, 7, 1, 1, 1, 1, 3, 7, 
187: 38, 18, 10, 5, 2, 3, 14, 27, 2, 5, 6, 4, 28, 2, 6, 3, 2, 1, 11, 15, 4, 2, 12, 3, 18, 2, 8, 11, 3, 9, 1, 3, 4, 10, 28, 3, 2, 6, 7, 1, 6, 12, 6, 5, 22, 2, 1, 3, 9, 2, 26, 14, 10, 5, 4, 11, 5, 1, 4, 13, 9, 7, 2, 7, 4, 3, 27, 2, 4, 1, 1, 15, 27, 16, 23, 1, 26, 6, 2, 22, 6, 10, 31, 3, 2, 2, 7, 1, 0, 0, 0, 0, 0, 0, 0, 0, 0, 0, 0, 0, 0, 0, 0, 0, 0, 0, 0, 0, 0, 0, 0, 0, 0, 0, 0, 0, 0, 0, 0, 0, 0, 0, 0, 0, 0, 0, 0, 0, 0, 0, 0, 0, 0, 0, 0, 0, 0, 0, 0, 0, 0, 0, 0, 0, 0, 0, 0, 0, 0, 0, 0, 0, 0, 0, 0, 0, 0, 0, 0, 0, 0, 0, 0, 0, 0, 0, 0, 0, 0, 0, 0, 0, 0, 0, 0, 0, 0, 0, 0, 0, 0, 0, 0, 0, 0, 0, 0, 0, 0, 0, 0, 0, 0, 0, 0, 0, 0, 0, 0, 0, : 38, 18, 10, 5, 2, 3, 14, 27, 2, 5, 6, 4, 28, 2, 6, 3, 2, 1, 11, 15, 4, 2, 12, 3, 18, 2, 8, 11, 3, 9, 1, 3, 4, 10, 28, 3, 2, 6, 7, 1, 6, 12, 6, 5, 22, 2, 1, 3, 9, 2, 26, 14, 10, 5, 4, 11, 5, 1, 4, 13, 9, 7, 2, 7, 4, 3, 27, 2, 4, 1, 1, 15, 27, 16, 23, 1, 26, 6, 2, 22, 6, 10, 31, 3, 2, 2, 7, 1, 
188: 13, 2, 2, 12, 1, 1, 6, 8, 30, 5, 5, 2, 5, 5, 1, 1, 5, 4, 8, 9, 6, 9, 2, 1, 7, 10, 6, 9, 28, 1, 1, 1, 10, 10, 2, 1, 18, 1, 3, 20, 20, 1, 18, 1, 2, 28, 12, 6, 1, 5, 1, 8, 1, 1, 3, 32, 4, 3, 1, 4, 15, 21, 5, 7, 2, 1, 17, 5, 7, 3, 1, 15, 15, 6, 1, 2, 7, 6, 13, 5, 2, 5, 6, 4, 3, 4, 15, 15, 3, 14, 1, 4, 0, 0, 0, 0, 0, 0, 0, 0, 0, 0, 0, 0, 0, 0, 0, 0, 0, 0, 0, 0, 0, 0, 0, 0, 0, 0, 0, 0, 0, 0, 0, 0, 0, 0, 0, 0, 0, 0, 0, 0, 0, 0, 0, 0, 0, 0, 0, 0, 0, 0, 0, 0, 0, 0, 0, 0, 0, 0, 0, 0, 0, 0, 0, 0, 0, 0, 0, 0, 0, 0, 0, 0, 0, 0, 0, 0, 0, 0, 0, 0, 0, 0, 0, 0, 0, 0, 0, 0, 0, 0, 0, 0, 0, 0, 0, 0, 0, 0, 0, 0, 0, 0, 0, 0, 0, 0, 0, 0, : 13, 2, 2, 12, 1, 1, 6, 8, 30, 5, 5, 2, 5, 5, 1, 1, 5, 4, 8, 9, 6, 9, 2, 1, 7, 10, 6, 9, 28, 1, 1, 1, 10, 10, 2, 1, 18, 1, 3, 20, 20, 1, 18, 1, 2, 28, 12, 6, 1, 5, 1, 8, 1, 1, 3, 32, 4, 3, 1, 4, 15, 21, 5, 7, 2, 1, 17, 5, 7, 3, 1, 15, 15, 6, 1, 2, 7, 6, 13, 5, 2, 5, 6, 4, 3, 4, 15, 15, 3, 14, 1, 4, 
189: 12, 19, 9, 16, 1, 2, 7, 3, 3, 19, 5, 4, 3, 3, 5, 11, 5, 28, 1, 4, 5, 5, 27, 1, 18, 22, 3, 4, 3, 3, 1, 21, 6, 8, 2, 37, 6, 9, 6, 2, 4, 10, 24, 2, 27, 2, 1, 9, 9, 2, 5, 2, 15, 16, 15, 26, 5, 8, 25, 10, 5, 15, 3, 20, 5, 14, 32, 5, 18, 12, 16, 15, 7, 10, 1, 2, 18, 4, 2, 23, 36, 1, 3, 3, 20, 4, 11, 17, 15, 12, 7, 1, 2, 1, 20, 7, 2, 3, 6, 0, 0, 0, 0, 0, 0, 0, 0, 0, 0, 0, 0, 0, 0, 0, 0, 0, 0, 0, 0, 0, 0, 0, 0, 0, 0, 0, 0, 0, 0, 0, 0, 0, 0, 0, 0, 0, 0, 0, 0, 0, 0, 0, 0, 0, 0, 0, 0, 0, 0, 0, 0, 0, 0, 0, 0, 0, 0, 0, 0, 0, 0, 0, 0, 0, 0, 0, 0, 0, 0, 0, 0, 0, 0, 0, 0, 0, 0, 0, 0, 0, 0, 0, 0, 0, 0, 0, 0, 0, 0, 0, 0, 0, 0, 0, 0, 0, 0, 0, 0, 0, : 12, 19, 9, 16, 1, 2, 7, 3, 3, 19, 5, 4, 3, 3, 5, 11, 5, 28, 1, 4, 5, 5, 27, 1, 18, 22, 3, 4, 3, 3, 1, 21, 6, 8, 2, 37, 6, 9, 6, 2, 4, 10, 24, 2, 27, 2, 1, 9, 9, 2, 5, 2, 15, 16, 15, 26, 5, 8, 25, 10, 5, 15, 3, 20, 5, 14, 32, 5, 18, 12, 16, 15, 7, 10, 1, 2, 18, 4, 2, 23, 36, 1, 3, 3, 20, 4, 11, 17, 15, 12, 7, 1, 2, 1, 20, 7, 2, 3, 6, 
190: 6, 19, 1, 21, 10, 10, 1, 21, 2, 22, 4, 8, 1, 4, 22, 4, 11, 7, 12, 15, 4, 1, 2, 28, 1, 1, 3, 9, 14, 12, 1, 26, 4, 2, 9, 21, 2, 18, 5, 8, 9, 9, 5, 1, 2, 4, 4, 3, 24, 8, 11, 16, 2, 9, 3, 13, 2, 1, 20, 11, 20, 5, 17, 12, 1, 15, 2, 28, 11, 8, 32, 7, 1, 5, 1, 1, 5, 10, 1, 6, 3, 26, 35, 4, 12, 10, 1, 8, 4, 4, 5, 19, 10, 11, 2, 9, 26, 9, 14, 20, 4, 4, 1, 7, 0, 0, 0, 0, 0, 0, 0, 0, 0, 0, 0, 0, 0, 0, 0, 0, 0, 0, 0, 0, 0, 0, 0, 0, 0, 0, 0, 0, 0, 0, 0, 0, 0, 0, 0, 0, 0, 0, 0, 0, 0, 0, 0, 0, 0, 0, 0, 0, 0, 0, 0, 0, 0, 0, 0, 0, 0, 0, 0, 0, 0, 0, 0, 0, 0, 0, 0, 0, 0, 0, 0, 0, 0, 0, 0, 0, 0, 0, 0, 0, 0, 0, 0, 0, 0, 0, 0, 0, 0, 0, 0, 0, 0, 0, 0, 0, : 6, 19, 1, 21, 10, 10, 1, 21, 2, 22, 4, 8, 1, 4, 22, 4, 11, 7, 12, 15, 4, 1, 2, 28, 1, 1, 3, 9, 14, 12, 1, 26, 4, 2, 9, 21, 2, 18, 5, 8, 9, 9, 5, 1, 2, 4, 4, 3, 24, 8, 11, 16, 2, 9, 3, 13, 2, 1, 20, 11, 20, 5, 17, 12, 1, 15, 2, 28, 11, 8, 32, 7, 1, 5, 1, 1, 5, 10, 1, 6, 3, 26, 35, 4, 12, 10, 1, 8, 4, 4, 5, 19, 10, 11, 2, 9, 26, 9, 14, 20, 4, 4, 1, 7, 
191: 10, 8, 4, 6, 2, 2, 8, 21, 3, 11, 8, 6, 3, 6, 10, 2, 4, 6, 4, 5, 1, 8, 13, 4, 12, 14, 4, 1, 17, 1, 9, 7, 1, 10, 12, 2, 3, 1, 9, 2, 6, 4, 12, 33, 3, 1, 4, 7, 33, 4, 22, 4, 15, 11, 11, 24, 1, 2, 1, 14, 2, 4, 3, 3, 3, 18, 6, 7, 4, 19, 9, 14, 5, 14, 4, 4, 15, 8, 6, 12, 9, 0, 0, 0, 0, 0, 0, 0, 0, 0, 0, 0, 0, 0, 0, 0, 0, 0, 0, 0, 0, 0, 0, 0, 0, 0, 0, 0, 0, 0, 0, 0, 0, 0, 0, 0, 0, 0, 0, 0, 0, 0, 0, 0, 0, 0, 0, 0, 0, 0, 0, 0, 0, 0, 0, 0, 0, 0, 0, 0, 0, 0, 0, 0, 0, 0, 0, 0, 0, 0, 0, 0, 0, 0, 0, 0, 0, 0, 0, 0, 0, 0, 0, 0, 0, 0, 0, 0, 0, 0, 0, 0, 0, 0, 0, 0, 0, 0, 0, 0, 0, 0, 0, 0, 0, 0, 0, 0, 0, 0, 0, 0, 0, 0, 0, 0, 0, 0, 0, 0, : 10, 8, 4, 6, 2, 2, 8, 21, 3, 11, 8, 6, 3, 6, 10, 2, 4, 6, 4, 5, 1, 8, 13, 4, 12, 14, 4, 1, 17, 1, 9, 7, 1, 10, 12, 2, 3, 1, 9, 2, 6, 4, 12, 33, 3, 1, 4, 7, 33, 4, 22, 4, 15, 11, 11, 24, 1, 2, 1, 14, 2, 4, 3, 3, 3, 18, 6, 7, 4, 19, 9, 14, 5, 14, 4, 4, 15, 8, 6, 12, 9, 
192: 3, 12, 5, 10, 2, 29, 1, 7, 3, 5, 1, 5, 5, 3, 17, 4, 19, 6, 17, 15, 1, 1, 2, 21, 6, 21, 1, 1, 7, 8, 1, 2, 7, 29, 1, 9, 5, 2, 1, 8, 7, 3, 16, 2, 14, 8, 1, 3, 7, 25, 1, 1, 4, 11, 15, 31, 5, 2, 8, 15, 3, 12, 8, 14, 4, 2, 2, 6, 2, 2, 5, 9, 24, 1, 1, 3, 4, 5, 10, 3, 15, 11, 2, 1, 0, 0, 0, 0, 0, 0, 0, 0, 0, 0, 0, 0, 0, 0, 0, 0, 0, 0, 0, 0, 0, 0, 0, 0, 0, 0, 0, 0, 0, 0, 0, 0, 0, 0, 0, 0, 0, 0, 0, 0, 0, 0, 0, 0, 0, 0, 0, 0, 0, 0, 0, 0, 0, 0, 0, 0, 0, 0, 0, 0, 0, 0, 0, 0, 0, 0, 0, 0, 0, 0, 0, 0, 0, 0, 0, 0, 0, 0, 0, 0, 0, 0, 0, 0, 0, 0, 0, 0, 0, 0, 0, 0, 0, 0, 0, 0, 0, 0, 0, 0, 0, 0, 0, 0, 0, 0, 0, 0, 0, 0, 0, 0, 0, 0, 0, 0, : 3, 12, 5, 10, 2, 29, 1, 7, 3, 5, 1, 5, 5, 3, 17, 4, 19, 6, 17, 15, 1, 1, 2, 21, 6, 21, 1, 1, 7, 8, 1, 2, 7, 29, 1, 9, 5, 2, 1, 8, 7, 3, 16, 2, 14, 8, 1, 3, 7, 25, 1, 1, 4, 11, 15, 31, 5, 2, 8, 15, 3, 12, 8, 14, 4, 2, 2, 6, 2, 2, 5, 9, 24, 1, 1, 3, 4, 5, 10, 3, 15, 11, 2, 1, 
193: 5, 3, 3, 19, 13, 4, 4, 4, 16, 1, 9, 1, 32, 2, 2, 5, 4, 6, 24, 2, 4, 32, 8, 12, 2, 1, 9, 4, 11, 6, 9, 11, 2, 2, 4, 1, 2, 8, 3, 8, 3, 9, 6, 3, 10, 2, 7, 15, 2, 11, 5, 14, 6, 7, 16, 7, 8, 3, 18, 3, 4, 7, 5, 5, 16, 17, 5, 2, 4, 3, 1, 6, 15, 13, 11, 7, 2, 5, 4, 1, 2, 4, 6, 4, 11, 12, 6, 17, 1, 13, 28, 0, 0, 0, 0, 0, 0, 0, 0, 0, 0, 0, 0, 0, 0, 0, 0, 0, 0, 0, 0, 0, 0, 0, 0, 0, 0, 0, 0, 0, 0, 0, 0, 0, 0, 0, 0, 0, 0, 0, 0, 0, 0, 0, 0, 0, 0, 0, 0, 0, 0, 0, 0, 0, 0, 0, 0, 0, 0, 0, 0, 0, 0, 0, 0, 0, 0, 0, 0, 0, 0, 0, 0, 0, 0, 0, 0, 0, 0, 0, 0, 0, 0, 0, 0, 0, 0, 0, 0, 0, 0, 0, 0, 0, 0, 0, 0, 0, 0, 0, 0, 0, 0, 0, 0, 0, 0, 0, 0, 0, : 5, 3, 3, 19, 13, 4, 4, 4, 16, 1, 9, 1, 32, 2, 2, 5, 4, 6, 24, 2, 4, 32, 8, 12, 2, 1, 9, 4, 11, 6, 9, 11, 2, 2, 4, 1, 2, 8, 3, 8, 3, 9, 6, 3, 10, 2, 7, 15, 2, 11, 5, 14, 6, 7, 16, 7, 8, 3, 18, 3, 4, 7, 5, 5, 16, 17, 5, 2, 4, 3, 1, 6, 15, 13, 11, 7, 2, 5, 4, 1, 2, 4, 6, 4, 11, 12, 6, 17, 1, 13, 28, 
194: 19, 5, 4, 6, 2, 5, 4, 2, 4, 11, 1, 13, 17, 1, 1, 2, 12, 3, 4, 4, 1, 1, 4, 3, 30, 1, 8, 1, 18, 22, 7, 13, 9, 10, 24, 3, 14, 5, 6, 2, 8, 15, 2, 4, 3, 5, 1, 1, 16, 5, 1, 1, 2, 19, 1, 1, 29, 9, 6, 1, 2, 2, 3, 1, 28, 14, 12, 7, 2, 2, 10, 4, 9, 3, 26, 1, 7, 7, 7, 6, 4, 2, 9, 7, 2, 5, 6, 0, 0, 0, 0, 0, 0, 0, 0, 0, 0, 0, 0, 0, 0, 0, 0, 0, 0, 0, 0, 0, 0, 0, 0, 0, 0, 0, 0, 0, 0, 0, 0, 0, 0, 0, 0, 0, 0, 0, 0, 0, 0, 0, 0, 0, 0, 0, 0, 0, 0, 0, 0, 0, 0, 0, 0, 0, 0, 0, 0, 0, 0, 0, 0, 0, 0, 0, 0, 0, 0, 0, 0, 0, 0, 0, 0, 0, 0, 0, 0, 0, 0, 0, 0, 0, 0, 0, 0, 0, 0, 0, 0, 0, 0, 0, 0, 0, 0, 0, 0, 0, 0, 0, 0, 0, 0, 0, 0, 0, 0, 0, 0, 0, : 19, 5, 4, 6, 2, 5, 4, 2, 4, 11, 1, 13, 17, 1, 1, 2, 12, 3, 4, 4, 1, 1, 4, 3, 30, 1, 8, 1, 18, 22, 7, 13, 9, 10, 24, 3, 14, 5, 6, 2, 8, 15, 2, 4, 3, 5, 1, 1, 16, 5, 1, 1, 2, 19, 1, 1, 29, 9, 6, 1, 2, 2, 3, 1, 28, 14, 12, 7, 2, 2, 10, 4, 9, 3, 26, 1, 7, 7, 7, 6, 4, 2, 9, 7, 2, 5, 6, 
195: 1, 4, 2, 19, 1, 20, 1, 1, 3, 1, 6, 10, 31, 1, 10, 9, 8, 6, 1, 3, 5, 22, 1, 36, 8, 7, 10, 7, 35, 5, 14, 10, 1, 24, 18, 7, 2, 5, 13, 4, 13, 1, 6, 5, 9, 1, 3, 10, 4, 4, 13, 17, 1, 15, 13, 6, 3, 17, 7, 7, 10, 8, 12, 9, 21, 5, 1, 6, 5, 2, 1, 5, 4, 15, 10, 2, 3, 11, 1, 5, 2, 2, 5, 6, 10, 1, 2, 6, 10, 2, 6, 1, 2, 13, 1, 5, 3, 3, 2, 2, 0, 0, 0, 0, 0, 0, 0, 0, 0, 0, 0, 0, 0, 0, 0, 0, 0, 0, 0, 0, 0, 0, 0, 0, 0, 0, 0, 0, 0, 0, 0, 0, 0, 0, 0, 0, 0, 0, 0, 0, 0, 0, 0, 0, 0, 0, 0, 0, 0, 0, 0, 0, 0, 0, 0, 0, 0, 0, 0, 0, 0, 0, 0, 0, 0, 0, 0, 0, 0, 0, 0, 0, 0, 0, 0, 0, 0, 0, 0, 0, 0, 0, 0, 0, 0, 0, 0, 0, 0, 0, 0, 0, 0, 0, 0, 0, 0, 0, 0, 0, : 1, 4, 2, 19, 1, 20, 1, 1, 3, 1, 6, 10, 31, 1, 10, 9, 8, 6, 1, 3, 5, 22, 1, 36, 8, 7, 10, 7, 35, 5, 14, 10, 1, 24, 18, 7, 2, 5, 13, 4, 13, 1, 6, 5, 9, 1, 3, 10, 4, 4, 13, 17, 1, 15, 13, 6, 3, 17, 7, 7, 10, 8, 12, 9, 21, 5, 1, 6, 5, 2, 1, 5, 4, 15, 10, 2, 3, 11, 1, 5, 2, 2, 5, 6, 10, 1, 2, 6, 10, 2, 6, 1, 2, 13, 1, 5, 3, 3, 2, 2, 
196: 15, 2, 2, 4, 8, 3, 12, 32, 4, 22, 8, 3, 24, 4, 9, 8, 1, 21, 9, 22, 22, 1, 24, 4, 1, 3, 7, 15, 15, 33, 12, 26, 4, 20, 14, 6, 29, 4, 1, 32, 11, 1, 5, 22, 2, 14, 10, 26, 1, 4, 21, 16, 3, 8, 3, 5, 24, 10, 3, 5, 3, 5, 1, 1, 4, 6, 4, 2, 7, 9, 3, 3, 23, 10, 2, 7, 2, 3, 8, 2, 21, 28, 1, 4, 5, 4, 11, 1, 3, 3, 23, 2, 2, 4, 11, 7, 6, 8, 1, 13, 1, 2, 6, 23, 9, 14, 4, 7, 22, 23, 0, 0, 0, 0, 0, 0, 0, 0, 0, 0, 0, 0, 0, 0, 0, 0, 0, 0, 0, 0, 0, 0, 0, 0, 0, 0, 0, 0, 0, 0, 0, 0, 0, 0, 0, 0, 0, 0, 0, 0, 0, 0, 0, 0, 0, 0, 0, 0, 0, 0, 0, 0, 0, 0, 0, 0, 0, 0, 0, 0, 0, 0, 0, 0, 0, 0, 0, 0, 0, 0, 0, 0, 0, 0, 0, 0, 0, 0, 0, 0, 0, 0, 0, 0, 0, 0, 0, 0, 0, 0, : 15, 2, 2, 4, 8, 3, 12, 32, 4, 22, 8, 3, 24, 4, 9, 8, 1, 21, 9, 22, 22, 1, 24, 4, 1, 3, 7, 15, 15, 33, 12, 26, 4, 20, 14, 6, 29, 4, 1, 32, 11, 1, 5, 22, 2, 14, 10, 26, 1, 4, 21, 16, 3, 8, 3, 5, 24, 10, 3, 5, 3, 5, 1, 1, 4, 6, 4, 2, 7, 9, 3, 3, 23, 10, 2, 7, 2, 3, 8, 2, 21, 28, 1, 4, 5, 4, 11, 1, 3, 3, 23, 2, 2, 4, 11, 7, 6, 8, 1, 13, 1, 2, 6, 23, 9, 14, 4, 7, 22, 23, 
197: 1, 12, 11, 1, 17, 23, 1, 5, 1, 27, 9, 3, 9, 7, 18, 5, 17, 10, 4, 2, 9, 2, 4, 2, 2, 3, 1, 7, 1, 2, 5, 3, 3, 15, 1, 3, 5, 5, 17, 14, 11, 8, 27, 3, 9, 11, 6, 1, 8, 13, 5, 5, 12, 7, 8, 21, 1, 1, 3, 6, 6, 17, 11, 2, 5, 2, 5, 1, 15, 11, 1, 5, 24, 10, 2, 1, 11, 7, 4, 2, 8, 18, 1, 7, 8, 23, 0, 0, 0, 0, 0, 0, 0, 0, 0, 0, 0, 0, 0, 0, 0, 0, 0, 0, 0, 0, 0, 0, 0, 0, 0, 0, 0, 0, 0, 0, 0, 0, 0, 0, 0, 0, 0, 0, 0, 0, 0, 0, 0, 0, 0, 0, 0, 0, 0, 0, 0, 0, 0, 0, 0, 0, 0, 0, 0, 0, 0, 0, 0, 0, 0, 0, 0, 0, 0, 0, 0, 0, 0, 0, 0, 0, 0, 0, 0, 0, 0, 0, 0, 0, 0, 0, 0, 0, 0, 0, 0, 0, 0, 0, 0, 0, 0, 0, 0, 0, 0, 0, 0, 0, 0, 0, 0, 0, 0, 0, 0, 0, 0, 0, : 1, 12, 11, 1, 17, 23, 1, 5, 1, 27, 9, 3, 9, 7, 18, 5, 17, 10, 4, 2, 9, 2, 4, 2, 2, 3, 1, 7, 1, 2, 5, 3, 3, 15, 1, 3, 5, 5, 17, 14, 11, 8, 27, 3, 9, 11, 6, 1, 8, 13, 5, 5, 12, 7, 8, 21, 1, 1, 3, 6, 6, 17, 11, 2, 5, 2, 5, 1, 15, 11, 1, 5, 24, 10, 2, 1, 11, 7, 4, 2, 8, 18, 1, 7, 8, 23, 
198: 2, 6, 5, 1, 11, 3, 8, 14, 2, 4, 8, 16, 25, 21, 33, 1, 9, 7, 13, 2, 5, 2, 1, 1, 1, 15, 11, 13, 1, 7, 13, 3, 1, 6, 10, 4, 9, 8, 7, 9, 6, 3, 5, 1, 21, 6, 8, 1, 4, 4, 1, 5, 4, 7, 22, 21, 16, 5, 9, 6, 3, 11, 19, 3, 2, 5, 4, 4, 28, 10, 4, 5, 3, 6, 12, 8, 11, 3, 0, 0, 0, 0, 0, 0, 0, 0, 0, 0, 0, 0, 0, 0, 0, 0, 0, 0, 0, 0, 0, 0, 0, 0, 0, 0, 0, 0, 0, 0, 0, 0, 0, 0, 0, 0, 0, 0, 0, 0, 0, 0, 0, 0, 0, 0, 0, 0, 0, 0, 0, 0, 0, 0, 0, 0, 0, 0, 0, 0, 0, 0, 0, 0, 0, 0, 0, 0, 0, 0, 0, 0, 0, 0, 0, 0, 0, 0, 0, 0, 0, 0, 0, 0, 0, 0, 0, 0, 0, 0, 0, 0, 0, 0, 0, 0, 0, 0, 0, 0, 0, 0, 0, 0, 0, 0, 0, 0, 0, 0, 0, 0, 0, 0, 0, 0, 0, 0, 0, 0, 0, 0, : 2, 6, 5, 1, 11, 3, 8, 14, 2, 4, 8, 16, 25, 21, 33, 1, 9, 7, 13, 2, 5, 2, 1, 1, 1, 15, 11, 13, 1, 7, 13, 3, 1, 6, 10, 4, 9, 8, 7, 9, 6, 3, 5, 1, 21, 6, 8, 1, 4, 4, 1, 5, 4, 7, 22, 21, 16, 5, 9, 6, 3, 11, 19, 3, 2, 5, 4, 4, 28, 10, 4, 5, 3, 6, 12, 8, 11, 3, 
199: 3, 2, 6, 1, 6, 10, 9, 3, 14, 1, 1, 4, 29, 15, 18, 7, 22, 15, 4, 4, 1, 17, 3, 17, 3, 11, 8, 2, 2, 6, 24, 18, 12, 18, 18, 5, 8, 1, 1, 1, 10, 13, 4, 23, 1, 15, 4, 7, 4, 3, 10, 4, 12, 1, 12, 2, 28, 24, 6, 5, 4, 3, 27, 26, 10, 2, 4, 23, 6, 11, 8, 1, 18, 11, 2, 10, 12, 4, 1, 12, 26, 1, 31, 4, 2, 2, 3, 11, 14, 1, 4, 10, 6, 8, 0, 0, 0, 0, 0, 0, 0, 0, 0, 0, 0, 0, 0, 0, 0, 0, 0, 0, 0, 0, 0, 0, 0, 0, 0, 0, 0, 0, 0, 0, 0, 0, 0, 0, 0, 0, 0, 0, 0, 0, 0, 0, 0, 0, 0, 0, 0, 0, 0, 0, 0, 0, 0, 0, 0, 0, 0, 0, 0, 0, 0, 0, 0, 0, 0, 0, 0, 0, 0, 0, 0, 0, 0, 0, 0, 0, 0, 0, 0, 0, 0, 0, 0, 0, 0, 0, 0, 0, 0, 0, 0, 0, 0, 0, 0, 0, 0, 0, 0, 0, 0, 0, 0, 0, 0, 0, : 3, 2, 6, 1, 6, 10, 9, 3, 14, 1, 1, 4, 29, 15, 18, 7, 22, 15, 4, 4, 1, 17, 3, 17, 3, 11, 8, 2, 2, 6, 24, 18, 12, 18, 18, 5, 8, 1, 1, 1, 10, 13, 4, 23, 1, 15, 4, 7, 4, 3, 10, 4, 12, 1, 12, 2, 28, 24, 6, 5, 4, 3, 27, 26, 10, 2, 4, 23, 6, 11, 8, 1, 18, 11, 2, 10, 12, 4, 1, 12, 26, 1, 31, 4, 2, 2, 3, 11, 14, 1, 4, 10, 6, 8, 
200: 9, 3, 6, 2, 4, 5, 5, 1, 37, 25, 4, 3, 10, 4, 11, 6, 3, 4, 2, 6, 4, 1, 8, 1, 8, 3, 4, 2, 4, 4, 1, 2, 1, 16, 10, 5, 13, 8, 1, 7, 2, 25, 6, 3, 12, 1, 12, 2, 7, 7, 6, 2, 1, 12, 1, 8, 1, 10, 39, 1, 4, 2, 1, 2, 3, 5, 3, 8, 6, 16, 5, 18, 4, 1, 1, 10, 23, 0, 0, 0, 0, 0, 0, 0, 0, 0, 0, 0, 0, 0, 0, 0, 0, 0, 0, 0, 0, 0, 0, 0, 0, 0, 0, 0, 0, 0, 0, 0, 0, 0, 0, 0, 0, 0, 0, 0, 0, 0, 0, 0, 0, 0, 0, 0, 0, 0, 0, 0, 0, 0, 0, 0, 0, 0, 0, 0, 0, 0, 0, 0, 0, 0, 0, 0, 0, 0, 0, 0, 0, 0, 0, 0, 0, 0, 0, 0, 0, 0, 0, 0, 0, 0, 0, 0, 0, 0, 0, 0, 0, 0, 0, 0, 0, 0, 0, 0, 0, 0, 0, 0, 0, 0, 0, 0, 0, 0, 0, 0, 0, 0, 0, 0, 0, 0, 0, 0, 0, 0, 0, 0, : 9, 3, 6, 2, 4, 5, 5, 1, 37, 25, 4, 3, 10, 4, 11, 6, 3, 4, 2, 6, 4, 1, 8, 1, 8, 3, 4, 2, 4, 4, 1, 2, 1, 16, 10, 5, 13, 8, 1, 7, 2, 25, 6, 3, 12, 1, 12, 2, 7, 7, 6, 2, 1, 12, 1, 8, 1, 10, 39, 1, 4, 2, 1, 2, 3, 5, 3, 8, 6, 16, 5, 18, 4, 1, 1, 10, 23, 


