
40
800
150
20

446: 8, 0, 7, 5, 7, 0, 0, 0, 0, 0, 8, 6, 0, 5, 0, 0, 0, 0, 0, 7, 8, 0, 0, 6, 7, 7, 7, 0, 0, 8, 0, 0, 9, 0, 0, 8, 0, 0, 6, 0, : 8, 7, 5, 7, 8, 6, 5, 7, 8, 6, 7, 7, 7, 8, 9, 8, 6, 
762: 0, 6, 0, 8, 11, 8, 0, 0, 7, 10, 0, 5, 0, 7, 0, 0, 8, 7, 9, 0, 0, 0, 0, 7, 6, 0, 8, 0, 0, 0, 9, 7, 0, 7, 8, 9, 0, 7, 7, 0, : 6, 8, 11, 8, 7, 10, 5, 7, 8, 7, 9, 7, 6, 8, 9, 7, 7, 8, 9, 7, 7, 
523: 0, 0, 0, 8, 8, 7, 0, 7, 9, 5, 0, 5, 0, 0, 9, 0, 0, 0, 0, 0, 8, 9, 0, 0, 8, 0, 7, 6, 7, 6, 0, 8, 6, 0, 6, 0, 0, 7, 0, 0, : 8, 8, 7, 7, 9, 5, 5, 9, 8, 9, 8, 7, 6, 7, 6, 8, 6, 6, 7, 
547: 9, 5, 0, 0, 0, 7, 7, 0, 8, 0, 0, 0, 8, 5, 0, 8, 6, 8, 7, 0, 7, 8, 8, 0, 7, 9, 0, 7, 8, 9, 0, 7, 0, 7, 0, 7, 0, 8, 7, 0, : 9, 5, 7, 7, 8, 8, 5, 8, 6, 8, 7, 7, 8, 8, 7, 9, 7, 8, 9, 7, 7, 7, 8, 7, 
344: 8, 0, 9, 7, 8, 8, 0, 0, 0, 6, 0, 9, 5, 4, 0, 0, 9, 9, 6, 0, 7, 0, 0, 9, 9, 7, 0, 0, 0, 0, 0, 0, 6, 0, 9, 7, 6, 0, 8, 0, : 8, 9, 7, 8, 8, 6, 9, 5, 4, 9, 9, 6, 7, 9, 9, 7, 6, 9, 7, 6, 8, 
423: 8, 0, 7, 6, 7, 9, 8, 0, 6, 0, 0, 0, 6, 0, 0, 0, 8, 4, 7, 0, 0, 9, 6, 0, 9, 9, 7, 6, 0, 0, 6, 7, 7, 0, 0, 0, 0, 7, 0, 0, : 8, 7, 6, 7, 9, 8, 6, 6, 8, 4, 7, 9, 6, 9, 9, 7, 6, 6, 7, 7, 7, 
732: 7, 7, 0, 0, 0, 0, 10, 0, 9, 0, 8, 0, 9, 6, 6, 8, 0, 6, 6, 7, 0, 0, 0, 0, 0, 0, 8, 0, 7, 9, 0, 8, 6, 8, 0, 0, 0, 9, 0, 8, : 7, 7, 10, 9, 8, 9, 6, 6, 8, 6, 6, 7, 8, 7, 9, 8, 6, 8, 9, 8, 
420: 0, 9, 0, 0, 8, 0, 6, 6, 0, 6, 0, 8, 0, 0, 0, 0, 7, 0, 0, 8, 8, 7, 8, 7, 0, 0, 7, 8, 0, 8, 8, 7, 8, 6, 0, 0, 9, 0, 0, 0, : 9, 8, 6, 6, 6, 8, 7, 8, 8, 7, 8, 7, 7, 8, 8, 8, 7, 8, 6, 9, 
339: 0, 0, 0, 0, 0, 9, 7, 7, 0, 0, 0, 8, 0, 0, 10, 0, 8, 0, 0, 6, 0, 7, 0, 7, 0, 8, 6, 7, 6, 8, 0, 0, 9, 0, 8, 7, 8, 6, 9, 9, : 9, 7, 7, 8, 10, 8, 6, 7, 7, 8, 6, 7, 6, 8, 9, 8, 7, 8, 6, 9, 9, 
518: 6, 0, 8, 0, 0, 5, 0, 8, 0, 8, 6, 0, 0, 0, 8, 7, 0, 9, 0, 7, 9, 7, 0, 0, 8, 0, 0, 0, 9, 7, 7, 0, 0, 9, 0, 8, 0, 0, 6, 0, : 6, 8, 5, 8, 8, 6, 8, 7, 9, 7, 9, 7, 8, 9, 7, 7, 9, 8, 6, 
238: 6, 8, 8, 0, 0, 8, 0, 0, 9, 0, 0, 0, 5, 0, 0, 0, 7, 9, 8, 7, 6, 6, 7, 0, 0, 7, 8, 8, 8, 8, 7, 0, 0, 6, 0, 0, 0, 0, 0, 7, : 6, 8, 8, 8, 9, 5, 7, 9, 8, 7, 6, 6, 7, 7, 8, 8, 8, 8, 7, 6, 7, 
728: 7, 0, 10, 0, 0, 7, 0, 0, 0, 7, 0, 0, 6, 0, 0, 7, 0, 0, 0, 7, 0, 7, 7, 0, 8, 6, 0, 6, 0, 0, 0, 0, 8, 0, 7, 7, 0, 8, 0, 8, : 7, 10, 7, 7, 6, 7, 7, 7, 7, 8, 6, 6, 8, 7, 7, 8, 8, 
486: 0, 7, 7, 0, 0, 7, 9, 9, 0, 0, 6, 0, 7, 0, 7, 0, 11, 11, 0, 0, 9, 0, 9, 8, 0, 8, 0, 8, 0, 0, 7, 7, 8, 0, 0, 9, 9, 7, 9, 8, : 7, 7, 7, 9, 9, 6, 7, 7, 11, 11, 9, 9, 8, 8, 8, 7, 7, 8, 9, 9, 7, 9, 8, 
766: 0, 0, 11, 8, 0, 0, 0, 0, 7, 6, 9, 0, 0, 10, 0, 6, 0, 0, 0, 0, 8, 0, 0, 7, 8, 0, 9, 0, 9, 0, 0, 0, 0, 8, 8, 0, 0, 8, 0, 8, : 11, 8, 7, 6, 9, 10, 6, 8, 7, 8, 9, 9, 8, 8, 8, 8, 
587: 9, 0, 7, 0, 10, 5, 0, 0, 6, 0, 8, 6, 10, 11, 8, 0, 0, 7, 9, 8, 0, 7, 0, 0, 0, 6, 0, 9, 0, 0, 0, 8, 8, 9, 8, 9, 0, 8, 8, 8, : 9, 7, 10, 5, 6, 8, 6, 10, 11, 8, 7, 9, 8, 7, 6, 9, 8, 8, 9, 8, 9, 8, 8, 8, 
491: 0, 10, 0, 0, 5, 6, 0, 8, 6, 0, 8, 0, 0, 0, 8, 0, 0, 6, 7, 7, 6, 0, 0, 8, 8, 0, 0, 0, 0, 7, 0, 6, 8, 0, 7, 0, 0, 9, 8, 9, : 10, 5, 6, 8, 6, 8, 8, 6, 7, 7, 6, 8, 8, 7, 6, 8, 7, 9, 8, 9, 
495: 0, 6, 5, 6, 7, 6, 7, 9, 5, 0, 0, 0, 0, 0, 6, 7, 8, 7, 6, 8, 0, 0, 0, 0, 0, 0, 7, 8, 0, 0, 8, 9, 0, 0, 0, 0, 7, 0, 7, 0, : 6, 5, 6, 7, 6, 7, 9, 5, 6, 7, 8, 7, 6, 8, 7, 8, 8, 9, 7, 7, 
677: 0, 6, 0, 0, 8, 9, 0, 0, 0, 0, 0, 0, 0, 11, 8, 6, 0, 0, 0, 6, 8, 6, 0, 0, 0, 8, 0, 8, 9, 0, 0, 0, 0, 0, 0, 8, 7, 0, 0, 7, : 6, 8, 9, 11, 8, 6, 6, 8, 6, 8, 8, 9, 8, 7, 7, 
415: 7, 0, 0, 0, 10, 7, 8, 0, 5, 0, 0, 0, 0, 0, 5, 7, 0, 8, 7, 0, 0, 0, 8, 8, 8, 0, 8, 7, 8, 7, 7, 0, 9, 7, 9, 8, 7, 0, 7, 0, : 7, 10, 7, 8, 5, 5, 7, 8, 7, 8, 8, 8, 8, 7, 8, 7, 7, 9, 7, 9, 8, 7, 7, 
665: 9, 0, 5, 11, 0, 0, 8, 0, 8, 6, 0, 0, 6, 5, 10, 7, 6, 8, 0, 9, 7, 9, 0, 8, 0, 8, 0, 9, 8, 8, 0, 0, 0, 0, 0, 8, 8, 9, 0, 0, : 9, 5, 11, 8, 8, 6, 6, 5, 10, 7, 6, 8, 9, 7, 9, 8, 8, 9, 8, 8, 8, 8, 9, 
80: 8, 5, 5, 7, 6, 6, 5, 0, 0, 0, 0, 8, 0, 8, 0, 0, 0, 0, 8, 0, 0, 7, 0, 0, 7, 8, 7, 0, 6, 0, 7, 0, 7, 0, 7, 0, 7, 0, 6, 6, : 8, 5, 5, 7, 6, 6, 5, 8, 8, 8, 7, 7, 8, 7, 6, 7, 7, 7, 7, 6, 6, 
387: 9, 0, 0, 0, 5, 8, 0, 0, 8, 0, 0, 7, 7, 0, 0, 0, 0, 8, 7, 0, 8, 0, 7, 0, 0, 0, 8, 0, 0, 7, 8, 8, 7, 0, 7, 0, 7, 0, 0, 6, : 9, 5, 8, 8, 7, 7, 8, 7, 8, 7, 8, 7, 8, 8, 7, 7, 7, 6, 
63: 0, 0, 0, 0, 0, 0, 0, 0, 0, 9, 10, 9, 4, 0, 6, 10, 7, 7, 8, 8, 0, 0, 8, 8, 9, 7, 0, 0, 6, 6, 0, 7, 7, 9, 0, 0, 6, 0, 0, 7, : 9, 10, 9, 4, 6, 10, 7, 7, 8, 8, 8, 8, 9, 7, 6, 6, 7, 7, 9, 6, 7, 
679: 6, 9, 0, 9, 0, 0, 0, 0, 0, 0, 8, 10, 7, 6, 0, 0, 7, 0, 0, 9, 7, 6, 7, 6, 7, 0, 9, 0, 0, 7, 0, 0, 0, 0, 0, 0, 0, 0, 0, 7, : 6, 9, 9, 8, 10, 7, 6, 7, 9, 7, 6, 7, 6, 7, 9, 7, 7, 
781: 9, 10, 0, 4, 6, 11, 0, 8, 0, 6, 6, 0, 7, 9, 0, 0, 0, 0, 9, 6, 6, 0, 0, 0, 0, 8, 6, 0, 7, 0, 8, 6, 8, 8, 6, 0, 0, 0, 0, 8, : 9, 10, 4, 6, 11, 8, 6, 6, 7, 9, 9, 6, 6, 8, 6, 7, 8, 6, 8, 8, 6, 8, 
699: 9, 9, 0, 6, 6, 0, 8, 0, 0, 0, 5, 0, 7, 8, 11, 9, 0, 8, 0, 0, 7, 0, 8, 6, 0, 8, 0, 0, 0, 9, 8, 8, 0, 0, 9, 7, 0, 8, 0, 0, : 9, 9, 6, 6, 8, 5, 7, 8, 11, 9, 8, 7, 8, 6, 8, 9, 8, 8, 9, 7, 8, 
42: 0, 0, 0, 0, 9, 0, 6, 5, 0, 0, 6, 0, 9, 9, 0, 0, 0, 7, 0, 0, 0, 0, 9, 0, 7, 0, 7, 8, 0, 0, 6, 9, 0, 8, 0, 0, 0, 6, 0, 0, : 9, 6, 5, 6, 9, 9, 7, 9, 7, 7, 8, 6, 9, 8, 6, 
722: 0, 9, 0, 9, 0, 0, 0, 6, 0, 0, 9, 5, 0, 8, 7, 6, 0, 0, 8, 0, 0, 0, 0, 0, 0, 0, 8, 9, 7, 0, 9, 9, 0, 0, 8, 6, 8, 0, 0, 9, : 9, 9, 6, 9, 5, 8, 7, 6, 8, 8, 9, 7, 9, 9, 8, 6, 8, 9, 
687: 0, 0, 7, 8, 0, 0, 8, 0, 11, 8, 10, 0, 0, 0, 0, 0, 0, 0, 0, 0, 0, 0, 0, 0, 0, 7, 0, 7, 0, 0, 0, 7, 7, 0, 0, 8, 7, 0, 7, 7, : 7, 8, 8, 11, 8, 10, 7, 7, 7, 7, 8, 7, 7, 7, 
259: 5, 8, 6, 8, 7, 0, 11, 8, 7, 7, 11, 8, 0, 10, 7, 11, 9, 0, 9, 0, 0, 0, 0, 0, 8, 0, 0, 7, 7, 7, 8, 0, 7, 0, 6, 0, 6, 7, 7, 0, : 5, 8, 6, 8, 7, 11, 8, 7, 7, 11, 8, 10, 7, 11, 9, 9, 8, 7, 7, 7, 8, 7, 6, 6, 7, 7, 
647: 0, 0, 0, 0, 0, 8, 6, 6, 7, 6, 5, 7, 9, 0, 0, 7, 5, 0, 5, 8, 0, 8, 8, 8, 6, 0, 0, 7, 7, 8, 6, 0, 0, 8, 7, 0, 0, 0, 0, 8, : 8, 6, 6, 7, 6, 5, 7, 9, 7, 5, 5, 8, 8, 8, 8, 6, 7, 7, 8, 6, 8, 7, 8, 
249: 6, 0, 0, 0, 0, 0, 6, 9, 7, 6, 0, 7, 0, 6, 7, 8, 0, 0, 0, 0, 8, 8, 0, 9, 7, 9, 9, 0, 0, 6, 0, 0, 8, 8, 0, 6, 0, 7, 8, 7, : 6, 6, 9, 7, 6, 7, 6, 7, 8, 8, 8, 9, 7, 9, 9, 6, 8, 8, 6, 7, 8, 7, 
193: 8, 7, 10, 6, 0, 0, 0, 8, 0, 11, 6, 7, 10, 7, 0, 0, 6, 0, 8, 0, 0, 8, 7, 7, 0, 0, 8, 0, 0, 0, 7, 0, 7, 7, 0, 0, 0, 0, 0, 0, : 8, 7, 10, 6, 8, 11, 6, 7, 10, 7, 6, 8, 8, 7, 7, 8, 7, 7, 7, 
70: 0, 7, 9, 7, 0, 0, 5, 9, 0, 9, 7, 0, 10, 0, 11, 6, 7, 0, 0, 8, 0, 0, 6, 7, 0, 0, 0, 0, 8, 8, 7, 0, 0, 0, 7, 0, 8, 0, 7, 0, : 7, 9, 7, 5, 9, 9, 7, 10, 11, 6, 7, 8, 6, 7, 8, 8, 7, 7, 8, 7, 
371: 0, 0, 7, 0, 7, 0, 9, 9, 10, 10, 0, 0, 0, 0, 8, 7, 7, 8, 0, 0, 0, 8, 6, 0, 6, 7, 0, 0, 8, 0, 9, 8, 0, 7, 7, 8, 8, 0, 8, 6, : 7, 7, 9, 9, 10, 10, 8, 7, 7, 8, 8, 6, 6, 7, 8, 9, 8, 7, 7, 8, 8, 8, 6, 
759: 0, 8, 0, 0, 9, 0, 6, 6, 7, 0, 0, 8, 0, 6, 0, 7, 8, 0, 8, 8, 0, 0, 8, 7, 7, 0, 0, 7, 8, 0, 0, 0, 0, 6, 8, 0, 0, 8, 8, 0, : 8, 9, 6, 6, 7, 8, 6, 7, 8, 8, 8, 8, 7, 7, 7, 8, 6, 8, 8, 8, 
479: 6, 8, 0, 7, 0, 9, 0, 5, 8, 7, 7, 6, 0, 0, 0, 0, 0, 6, 8, 0, 0, 0, 0, 0, 0, 0, 0, 0, 0, 0, 8, 0, 0, 7, 8, 7, 8, 6, 0, 7, : 6, 8, 7, 9, 5, 8, 7, 7, 6, 6, 8, 8, 7, 8, 7, 8, 6, 7, 
550: 0, 0, 7, 11, 0, 0, 0, 0, 0, 6, 0, 11, 11, 0, 4, 10, 9, 0, 0, 9, 7, 8, 7, 9, 0, 6, 6, 0, 0, 0, 0, 6, 0, 8, 0, 0, 9, 7, 8, 0, : 7, 11, 6, 11, 11, 4, 10, 9, 9, 7, 8, 7, 9, 6, 6, 6, 8, 9, 7, 8, 
286: 0, 0, 10, 9, 6, 0, 10, 10, 0, 11, 0, 10, 7, 9, 4, 6, 7, 0, 0, 7, 9, 7, 9, 8, 0, 7, 0, 0, 0, 7, 0, 0, 0, 0, 0, 7, 8, 8, 0, 0, : 10, 9, 6, 10, 10, 11, 10, 7, 9, 4, 6, 7, 7, 9, 7, 9, 8, 7, 7, 7, 8, 8, 
700: 0, 6, 5, 0, 0, 0, 0, 7, 0, 0, 7, 0, 0, 0, 0, 0, 0, 7, 0, 0, 7, 8, 7, 0, 0, 0, 0, 8, 7, 0, 0, 8, 0, 7, 0, 6, 7, 0, 9, 0, : 6, 5, 7, 7, 7, 7, 8, 7, 8, 7, 8, 7, 6, 7, 9, 


403: 6, 9, 0, 0, 7, 0, 8, 5, 7, 9, 8, 0, 8, 9, 9, 0, 0, 8, 8, 8, 0, 0, 7, 0, 0, 9, 6, 8, 0, 7, 0, 0, 0, 6, 7, 0, 0, 0, 0, 8, : 6, 9, 7, 8, 5, 7, 9, 8, 8, 9, 9, 8, 8, 8, 7, 9, 6, 8, 7, 6, 7, 8, 
530: 6, 0, 6, 0, 6, 0, 0, 0, 0, 8, 0, 6, 0, 8, 6, 0, 8, 5, 0, 0, 0, 0, 0, 9, 5, 9, 9, 8, 8, 0, 0, 0, 0, 8, 0, 8, 0, 9, 0, 0, : 6, 6, 6, 8, 6, 8, 6, 8, 5, 9, 5, 9, 9, 8, 8, 8, 8, 9, 
476: 0, 9, 7, 9, 0, 6, 0, 11, 5, 7, 6, 9, 0, 9, 0, 5, 0, 0, 5, 0, 9, 8, 0, 0, 0, 0, 9, 8, 8, 9, 9, 7, 0, 8, 8, 9, 7, 0, 0, 9, : 9, 7, 9, 6, 11, 5, 7, 6, 9, 9, 5, 5, 9, 8, 9, 8, 8, 9, 9, 7, 8, 8, 9, 7, 9, 
418: 0, 0, 9, 7, 8, 0, 0, 0, 0, 0, 0, 9, 6, 10, 11, 7, 8, 10, 0, 0, 0, 7, 0, 6, 0, 0, 0, 7, 8, 6, 8, 9, 0, 8, 7, 0, 0, 9, 6, 8, : 9, 7, 8, 9, 6, 10, 11, 7, 8, 10, 7, 6, 7, 8, 6, 8, 9, 8, 7, 9, 6, 8, 
575: 0, 0, 6, 0, 0, 0, 10, 6, 0, 0, 6, 0, 0, 9, 0, 0, 6, 0, 9, 0, 9, 8, 8, 8, 7, 0, 0, 0, 0, 8, 0, 7, 0, 9, 7, 0, 0, 0, 7, 5, : 6, 10, 6, 6, 9, 6, 9, 9, 8, 8, 8, 7, 8, 7, 9, 7, 7, 5, 
228: 8, 0, 0, 7, 8, 7, 5, 6, 8, 0, 0, 7, 8, 0, 9, 9, 0, 8, 9, 9, 0, 7, 6, 0, 0, 0, 7, 0, 0, 0, 6, 9, 5, 0, 6, 0, 7, 0, 9, 8, : 8, 7, 8, 7, 5, 6, 8, 7, 8, 9, 9, 8, 9, 9, 7, 6, 7, 6, 9, 5, 6, 7, 9, 8, 
725: 0, 0, 7, 0, 7, 0, 0, 8, 7, 0, 0, 6, 9, 0, 0, 0, 8, 6, 0, 8, 0, 0, 0, 6, 0, 7, 0, 0, 8, 6, 0, 0, 0, 0, 0, 6, 0, 0, 7, 0, : 7, 7, 8, 7, 6, 9, 8, 6, 8, 6, 7, 8, 6, 6, 7, 
176: 8, 7, 8, 0, 8, 5, 0, 0, 8, 5, 6, 8, 10, 9, 11, 8, 0, 0, 0, 0, 6, 6, 5, 0, 0, 0, 0, 0, 0, 0, 0, 0, 9, 0, 5, 0, 0, 9, 0, 9, : 8, 7, 8, 8, 5, 8, 5, 6, 8, 10, 9, 11, 8, 6, 6, 5, 9, 5, 9, 9, 
218: 5, 0, 10, 0, 0, 8, 9, 0, 6, 7, 6, 5, 5, 0, 0, 0, 8, 9, 8, 0, 0, 8, 0, 8, 0, 0, 8, 0, 7, 9, 0, 0, 7, 0, 6, 0, 0, 0, 0, 9, : 5, 10, 8, 9, 6, 7, 6, 5, 5, 8, 9, 8, 8, 8, 8, 7, 9, 7, 6, 9, 
437: 0, 0, 0, 0, 0, 11, 0, 4, 0, 8, 9, 0, 6, 4, 0, 8, 0, 5, 0, 5, 0, 8, 8, 8, 0, 0, 0, 9, 0, 8, 9, 0, 9, 0, 0, 0, 6, 6, 6, 8, : 11, 4, 8, 9, 6, 4, 8, 5, 5, 8, 8, 8, 9, 8, 9, 9, 6, 6, 6, 8, 
321: 8, 8, 9, 0, 0, 0, 6, 6, 8, 7, 4, 0, 7, 0, 0, 0, 6, 0, 8, 9, 6, 9, 0, 0, 8, 6, 0, 7, 7, 7, 8, 0, 6, 7, 0, 0, 9, 6, 7, 0, : 8, 8, 9, 6, 6, 8, 7, 4, 7, 6, 8, 9, 6, 9, 8, 6, 7, 7, 7, 8, 6, 7, 9, 6, 7, 
224: 8, 8, 8, 0, 10, 0, 0, 9, 7, 0, 0, 6, 0, 6, 5, 11, 5, 0, 5, 0, 8, 6, 0, 0, 0, 0, 0, 0, 7, 0, 0, 0, 7, 0, 0, 0, 0, 0, 0, 8, : 8, 8, 8, 10, 9, 7, 6, 6, 5, 11, 5, 5, 8, 6, 7, 7, 8, 
290: 0, 9, 6, 0, 9, 9, 0, 8, 9, 0, 6, 11, 0, 0, 6, 0, 0, 0, 0, 0, 0, 0, 7, 8, 0, 0, 9, 0, 0, 0, 0, 9, 0, 0, 0, 0, 0, 0, 9, 0, : 9, 6, 9, 9, 8, 9, 6, 11, 6, 7, 8, 9, 9, 9, 
362: 0, 6, 7, 8, 8, 4, 0, 0, 0, 0, 0, 9, 0, 5, 0, 0, 8, 7, 7, 0, 7, 8, 0, 0, 8, 9, 8, 0, 9, 8, 7, 8, 0, 8, 0, 8, 8, 9, 0, 7, : 6, 7, 8, 8, 4, 9, 5, 8, 7, 7, 7, 8, 8, 9, 8, 9, 8, 7, 8, 8, 8, 8, 9, 7, 
800: 9, 0, 0, 0, 0, 0, 0, 0, 10, 6, 0, 0, 0, 0, 7, 8, 0, 8, 0, 8, 0, 0, 0, 9, 0, 0, 8, 6, 0, 8, 7, 0, 0, 0, 0, 8, 8, 7, 7, 0, : 9, 10, 6, 7, 8, 8, 8, 9, 8, 6, 8, 7, 8, 8, 7, 7, 
159: 0, 0, 0, 0, 0, 8, 7, 10, 10, 0, 0, 8, 0, 0, 6, 8, 7, 0, 8, 0, 0, 0, 8, 0, 9, 6, 0, 0, 8, 0, 9, 0, 8, 7, 0, 7, 7, 7, 0, 0, : 8, 7, 10, 10, 8, 6, 8, 7, 8, 8, 9, 6, 8, 9, 8, 7, 7, 7, 7, 
749: 0, 0, 0, 0, 0, 0, 11, 6, 0, 0, 7, 0, 0, 0, 0, 9, 0, 0, 0, 7, 6, 0, 0, 0, 7, 0, 0, 8, 6, 0, 7, 0, 0, 8, 0, 0, 9, 7, 9, 0, : 11, 6, 7, 9, 7, 6, 7, 8, 6, 7, 8, 9, 7, 9, 
37: 0, 5, 0, 0, 0, 9, 0, 0, 6, 9, 0, 0, 0, 0, 10, 0, 0, 5, 0, 6, 9, 8, 0, 7, 0, 7, 5, 6, 9, 9, 0, 8, 7, 6, 8, 5, 8, 7, 0, 0, : 5, 9, 6, 9, 10, 5, 6, 9, 8, 7, 7, 5, 6, 9, 9, 8, 7, 6, 8, 5, 8, 7, 
764: 9, 0, 0, 9, 0, 7, 7, 0, 0, 0, 0, 0, 9, 0, 0, 0, 0, 9, 0, 8, 8, 9, 8, 6, 0, 7, 9, 9, 0, 0, 7, 0, 0, 8, 0, 0, 7, 0, 8, 0, : 9, 9, 7, 7, 9, 9, 8, 8, 9, 8, 6, 7, 9, 9, 7, 8, 7, 8, 
401: 0, 0, 9, 7, 0, 0, 0, 11, 4, 8, 9, 10, 0, 0, 9, 6, 6, 9, 0, 7, 8, 0, 9, 0, 9, 7, 6, 0, 6, 8, 8, 6, 0, 0, 0, 0, 0, 0, 0, 6, : 9, 7, 11, 4, 8, 9, 10, 9, 6, 6, 9, 7, 8, 9, 9, 7, 6, 6, 8, 8, 6, 6, 
175: 9, 9, 0, 7, 7, 9, 6, 0, 0, 0, 0, 7, 0, 0, 10, 0, 10, 0, 8, 0, 9, 0, 0, 0, 0, 0, 0, 0, 0, 0, 0, 0, 0, 0, 7, 9, 0, 8, 0, 0, : 9, 9, 7, 7, 9, 6, 7, 10, 10, 8, 9, 7, 9, 8, 
626: 8, 0, 5, 9, 0, 0, 0, 0, 8, 0, 8, 0, 5, 6, 0, 6, 8, 0, 0, 7, 7, 0, 8, 0, 8, 6, 0, 0, 9, 0, 0, 5, 8, 0, 0, 8, 9, 8, 8, 9, : 8, 5, 9, 8, 8, 5, 6, 6, 8, 7, 7, 8, 8, 6, 9, 5, 8, 8, 9, 8, 8, 9, 
101: 5, 0, 0, 8, 6, 0, 11, 8, 0, 0, 0, 0, 0, 7, 5, 0, 9, 6, 7, 0, 8, 8, 0, 8, 0, 0, 7, 5, 6, 6, 0, 0, 9, 0, 0, 8, 8, 0, 6, 7, : 5, 8, 6, 11, 8, 7, 5, 9, 6, 7, 8, 8, 8, 7, 5, 6, 6, 9, 8, 8, 6, 7, 
798: 9, 0, 7, 0, 8, 0, 7, 0, 0, 10, 0, 0, 0, 7, 0, 10, 9, 7, 6, 8, 0, 0, 8, 0, 7, 9, 0, 0, 7, 0, 6, 0, 9, 0, 9, 6, 6, 5, 0, 0, : 9, 7, 8, 7, 10, 7, 10, 9, 7, 6, 8, 8, 7, 9, 7, 6, 9, 9, 6, 6, 5, 
167: 9, 0, 0, 7, 0, 0, 0, 0, 10, 7, 8, 8, 8, 0, 0, 0, 9, 0, 0, 0, 8, 6, 0, 0, 8, 8, 0, 7, 0, 7, 0, 8, 0, 6, 8, 0, 8, 0, 8, 6, : 9, 7, 10, 7, 8, 8, 8, 9, 8, 6, 8, 8, 7, 7, 8, 6, 8, 8, 8, 6, 
466: 8, 0, 0, 0, 0, 5, 0, 0, 0, 4, 0, 6, 7, 0, 7, 4, 4, 7, 9, 0, 8, 0, 7, 8, 6, 0, 8, 9, 0, 8, 0, 8, 6, 0, 7, 0, 9, 8, 8, 0, : 8, 5, 4, 6, 7, 7, 4, 4, 7, 9, 8, 7, 8, 6, 8, 9, 8, 8, 6, 7, 9, 8, 8, 
405: 7, 0, 0, 7, 0, 0, 0, 6, 7, 0, 0, 0, 7, 7, 8, 0, 0, 9, 0, 0, 0, 0, 7, 0, 0, 8, 8, 7, 0, 7, 0, 7, 8, 0, 9, 8, 8, 0, 0, 0, : 7, 7, 6, 7, 7, 7, 8, 9, 7, 8, 8, 7, 7, 7, 8, 9, 8, 8, 
568: 0, 10, 9, 0, 6, 9, 10, 0, 0, 8, 7, 0, 0, 7, 0, 0, 0, 0, 0, 0, 0, 0, 9, 7, 7, 0, 0, 0, 0, 7, 0, 8, 0, 9, 0, 7, 5, 0, 0, 0, : 10, 9, 6, 9, 10, 8, 7, 7, 9, 7, 7, 7, 8, 9, 7, 5, 
200: 0, 4, 0, 9, 0, 8, 5, 4, 0, 10, 0, 0, 7, 0, 9, 4, 0, 0, 8, 6, 0, 0, 9, 0, 9, 5, 7, 0, 0, 0, 0, 0, 0, 0, 8, 0, 0, 0, 9, 8, : 4, 9, 8, 5, 4, 10, 7, 9, 4, 8, 6, 9, 9, 5, 7, 8, 9, 8, 
236: 0, 9, 0, 0, 8, 7, 7, 10, 0, 0, 7, 0, 0, 0, 0, 7, 0, 0, 0, 8, 5, 0, 0, 7, 0, 0, 0, 8, 0, 0, 0, 0, 7, 0, 0, 7, 0, 0, 8, 0, : 9, 8, 7, 7, 10, 7, 7, 8, 5, 7, 8, 7, 7, 8, 
369: 0, 6, 11, 8, 0, 0, 0, 0, 0, 7, 10, 0, 9, 11, 0, 0, 0, 0, 8, 9, 0, 7, 7, 9, 0, 0, 7, 8, 9, 0, 0, 7, 8, 9, 8, 0, 0, 0, 0, 0, : 6, 11, 8, 7, 10, 9, 11, 8, 9, 7, 7, 9, 7, 8, 9, 7, 8, 9, 8, 
47: 10, 7, 0, 0, 7, 0, 8, 0, 9, 0, 0, 7, 0, 0, 5, 9, 0, 8, 0, 0, 0, 9, 0, 0, 0, 0, 8, 0, 5, 0, 8, 0, 0, 0, 8, 0, 6, 8, 8, 8, : 10, 7, 7, 8, 9, 7, 5, 9, 8, 9, 8, 5, 8, 8, 6, 8, 8, 8, 
12: 6, 7, 0, 0, 0, 7, 8, 0, 0, 6, 10, 0, 0, 0, 0, 0, 6, 0, 0, 5, 6, 0, 0, 0, 9, 8, 7, 9, 0, 9, 0, 0, 8, 0, 9, 9, 0, 0, 0, 7, : 6, 7, 7, 8, 6, 10, 6, 5, 6, 9, 8, 7, 9, 9, 8, 9, 9, 7, 
502: 0, 8, 4, 8, 9, 0, 0, 10, 0, 0, 6, 0, 0, 0, 6, 0, 0, 9, 7, 0, 7, 0, 0, 5, 8, 7, 0, 8, 0, 0, 5, 7, 0, 9, 8, 6, 0, 8, 0, 0, : 8, 4, 8, 9, 10, 6, 6, 9, 7, 7, 5, 8, 7, 8, 5, 7, 9, 8, 6, 8, 
83: 0, 9, 0, 7, 7, 0, 0, 8, 8, 0, 0, 6, 10, 10, 7, 10, 0, 0, 10, 0, 0, 8, 6, 9, 0, 8, 0, 6, 0, 0, 7, 8, 0, 7, 9, 7, 0, 7, 0, 7, : 9, 7, 7, 8, 8, 6, 10, 10, 7, 10, 10, 8, 6, 9, 8, 6, 7, 8, 7, 9, 7, 7, 7, 
400: 5, 6, 6, 6, 7, 8, 0, 0, 0, 8, 0, 0, 8, 10, 4, 0, 0, 0, 6, 8, 8, 0, 0, 7, 8, 0, 0, 0, 7, 5, 6, 9, 8, 0, 0, 9, 8, 0, 5, 0, : 5, 6, 6, 6, 7, 8, 8, 8, 10, 4, 6, 8, 8, 7, 8, 7, 5, 6, 9, 8, 9, 8, 5, 
89: 0, 0, 0, 6, 0, 7, 4, 7, 0, 8, 8, 4, 0, 5, 0, 7, 9, 7, 0, 6, 8, 0, 9, 8, 7, 8, 0, 0, 8, 8, 8, 6, 6, 7, 6, 0, 0, 6, 7, 6, : 6, 7, 4, 7, 8, 8, 4, 5, 7, 9, 7, 6, 8, 9, 8, 7, 8, 8, 8, 8, 6, 6, 7, 6, 6, 7, 6, 
66: 0, 0, 0, 7, 6, 0, 7, 0, 9, 0, 11, 0, 6, 0, 0, 8, 0, 0, 0, 10, 0, 6, 0, 0, 6, 8, 8, 0, 0, 0, 9, 6, 0, 8, 0, 0, 0, 8, 8, 7, : 7, 6, 7, 9, 11, 6, 8, 10, 6, 6, 8, 8, 9, 6, 8, 8, 8, 7, 
358: 7, 6, 8, 6, 0, 8, 5, 0, 0, 8, 0, 8, 5, 6, 0, 0, 7, 0, 8, 0, 0, 5, 8, 7, 6, 8, 0, 7, 8, 0, 8, 0, 8, 5, 0, 8, 0, 8, 0, 0, : 7, 6, 8, 6, 8, 5, 8, 8, 5, 6, 7, 8, 5, 8, 7, 6, 8, 7, 8, 8, 8, 5, 8, 8, 
478: 0, 8, 8, 8, 8, 8, 9, 7, 4, 0, 8, 10, 10, 5, 0, 6, 9, 8, 6, 8, 0, 9, 6, 0, 8, 0, 6, 0, 0, 0, 8, 8, 7, 7, 0, 7, 7, 0, 0, 0, : 8, 8, 8, 8, 8, 9, 7, 4, 8, 10, 10, 5, 6, 9, 8, 6, 8, 9, 6, 8, 6, 8, 8, 7, 7, 7, 7, 


41: 0, 0, 0, 8, 7, 0, 0, 0, 0, 0, 6, 0, 9, 0, 4, 7, 10, 0, 0, 7, 7, 8, 8, 0, 0, 0, 7, 8, 6, 9, 9, 0, 0, 0, 8, 6, 0, 0, 0, 0, : 8, 7, 6, 9, 4, 7, 10, 7, 7, 8, 8, 7, 8, 6, 9, 9, 8, 6, 
140: 0, 0, 11, 9, 0, 0, 0, 8, 0, 0, 0, 0, 0, 0, 8, 0, 9, 0, 0, 0, 6, 0, 0, 0, 0, 0, 7, 9, 8, 0, 0, 8, 7, 0, 0, 0, 8, 0, 8, 0, : 11, 9, 8, 8, 9, 6, 7, 9, 8, 8, 7, 8, 8, 
327: 10, 6, 5, 11, 0, 7, 7, 0, 0, 8, 0, 0, 11, 0, 0, 7, 8, 7, 7, 9, 7, 5, 0, 9, 0, 9, 7, 8, 0, 0, 0, 0, 7, 7, 7, 0, 0, 8, 8, 0, : 10, 6, 5, 11, 7, 7, 8, 11, 7, 8, 7, 7, 9, 7, 5, 9, 9, 7, 8, 7, 7, 7, 8, 8, 
780: 0, 8, 6, 4, 7, 0, 0, 0, 0, 0, 6, 0, 7, 11, 0, 0, 0, 0, 0, 0, 0, 0, 0, 7, 7, 0, 7, 0, 7, 7, 7, 5, 7, 8, 0, 0, 7, 0, 7, 8, : 8, 6, 4, 7, 6, 7, 11, 7, 7, 7, 7, 7, 7, 5, 7, 8, 7, 7, 8, 
210: 0, 0, 4, 0, 6, 0, 0, 0, 8, 8, 0, 7, 0, 10, 0, 5, 6, 0, 0, 7, 8, 7, 7, 0, 0, 8, 9, 8, 0, 0, 7, 0, 8, 7, 8, 8, 0, 0, 8, 8, : 4, 6, 8, 8, 7, 10, 5, 6, 7, 8, 7, 7, 8, 9, 8, 7, 8, 7, 8, 8, 8, 8, 
107: 8, 0, 9, 8, 9, 0, 7, 0, 0, 0, 0, 8, 0, 0, 7, 0, 8, 0, 8, 0, 0, 0, 0, 0, 7, 0, 0, 8, 7, 8, 0, 0, 0, 0, 7, 0, 8, 7, 0, 8, : 8, 9, 8, 9, 7, 8, 7, 8, 8, 7, 8, 7, 8, 7, 8, 7, 8, 
474: 0, 0, 0, 0, 8, 0, 10, 0, 0, 9, 7, 0, 0, 0, 0, 6, 0, 9, 8, 7, 5, 0, 0, 0, 0, 0, 7, 0, 0, 0, 0, 7, 8, 0, 0, 8, 8, 0, 0, 0, : 8, 10, 9, 7, 6, 9, 8, 7, 5, 7, 7, 8, 8, 8, 
792: 0, 0, 9, 6, 9, 0, 0, 8, 0, 6, 0, 0, 0, 8, 0, 9, 8, 0, 9, 0, 9, 0, 8, 0, 0, 0, 8, 7, 8, 0, 7, 7, 0, 8, 0, 8, 0, 5, 5, 8, : 9, 6, 9, 8, 6, 8, 9, 8, 9, 9, 8, 8, 7, 8, 7, 7, 8, 8, 5, 5, 8, 
319: 8, 9, 0, 0, 0, 8, 8, 6, 0, 6, 0, 9, 7, 0, 7, 7, 0, 7, 9, 0, 6, 8, 7, 0, 8, 8, 8, 0, 0, 8, 8, 0, 8, 8, 8, 0, 7, 8, 9, 7, : 8, 9, 8, 8, 6, 6, 9, 7, 7, 7, 7, 9, 6, 8, 7, 8, 8, 8, 8, 8, 8, 8, 8, 7, 8, 9, 7, 
239: 7, 8, 0, 7, 7, 0, 9, 7, 0, 11, 0, 8, 0, 6, 4, 0, 7, 0, 7, 9, 0, 9, 9, 6, 8, 7, 8, 8, 8, 0, 0, 0, 7, 8, 8, 7, 0, 8, 0, 7, : 7, 8, 7, 7, 9, 7, 11, 8, 6, 4, 7, 7, 9, 9, 9, 6, 8, 7, 8, 8, 8, 7, 8, 8, 7, 8, 7, 
300: 0, 10, 0, 8, 0, 6, 8, 9, 0, 7, 8, 0, 0, 4, 0, 0, 0, 0, 0, 6, 0, 7, 8, 7, 7, 8, 0, 0, 8, 0, 8, 0, 0, 0, 0, 0, 7, 8, 6, 0, : 10, 8, 6, 8, 9, 7, 8, 4, 6, 7, 8, 7, 7, 8, 8, 8, 7, 8, 6, 
576: 7, 0, 0, 0, 0, 6, 5, 0, 8, 0, 9, 0, 6, 10, 9, 0, 0, 0, 7, 0, 0, 7, 8, 5, 0, 0, 0, 0, 8, 8, 5, 9, 0, 0, 0, 0, 8, 8, 0, 7, : 7, 6, 5, 8, 9, 6, 10, 9, 7, 7, 8, 5, 8, 8, 5, 9, 8, 8, 7, 
237: 9, 9, 0, 5, 7, 0, 8, 0, 6, 7, 0, 0, 11, 5, 9, 0, 10, 6, 0, 0, 0, 0, 8, 0, 0, 8, 0, 0, 7, 7, 8, 6, 0, 8, 8, 7, 9, 0, 7, 0, : 9, 9, 5, 7, 8, 6, 7, 11, 5, 9, 10, 6, 8, 8, 7, 7, 8, 6, 8, 8, 7, 9, 7, 
320: 0, 0, 5, 0, 0, 6, 7, 10, 9, 0, 8, 0, 6, 0, 4, 0, 7, 8, 0, 0, 0, 0, 0, 0, 0, 0, 6, 8, 7, 6, 0, 9, 0, 0, 0, 8, 0, 0, 9, 7, : 5, 6, 7, 10, 9, 8, 6, 4, 7, 8, 6, 8, 7, 6, 9, 8, 9, 7, 
254: 6, 9, 5, 0, 5, 7, 0, 8, 0, 0, 9, 9, 0, 0, 0, 8, 0, 8, 7, 0, 8, 0, 0, 0, 8, 0, 5, 7, 0, 8, 8, 8, 6, 0, 0, 0, 6, 7, 0, 7, : 6, 9, 5, 5, 7, 8, 9, 9, 8, 8, 7, 8, 8, 5, 7, 8, 8, 8, 6, 6, 7, 7, 
784: 6, 7, 0, 0, 0, 0, 7, 0, 9, 0, 0, 6, 0, 8, 4, 0, 7, 8, 0, 9, 0, 0, 0, 0, 0, 8, 8, 7, 0, 7, 7, 0, 0, 8, 9, 7, 0, 8, 8, 8, : 6, 7, 7, 9, 6, 8, 4, 7, 8, 9, 8, 8, 7, 7, 7, 8, 9, 7, 8, 8, 8, 
747: 8, 0, 0, 0, 0, 8, 0, 0, 10, 0, 11, 0, 0, 8, 0, 6, 4, 0, 0, 8, 8, 7, 0, 7, 0, 0, 7, 0, 0, 8, 8, 8, 0, 0, 0, 0, 8, 8, 0, 0, : 8, 8, 10, 11, 8, 6, 4, 8, 8, 7, 7, 7, 8, 8, 8, 8, 8, 
111: 0, 6, 0, 0, 0, 0, 0, 7, 5, 8, 0, 0, 8, 7, 0, 0, 8, 8, 0, 0, 8, 8, 0, 0, 9, 7, 0, 0, 5, 0, 0, 0, 0, 0, 9, 7, 0, 9, 0, 0, : 6, 7, 5, 8, 8, 7, 8, 8, 8, 8, 9, 7, 5, 9, 7, 9, 
734: 7, 6, 5, 9, 0, 0, 8, 7, 0, 0, 6, 0, 4, 4, 7, 0, 0, 8, 0, 0, 0, 0, 8, 0, 8, 7, 0, 0, 0, 9, 0, 0, 7, 0, 0, 0, 8, 9, 0, 0, : 7, 6, 5, 9, 8, 7, 6, 4, 4, 7, 8, 8, 8, 7, 9, 7, 8, 9, 
797: 9, 9, 0, 10, 0, 8, 0, 0, 0, 7, 7, 0, 10, 0, 5, 0, 0, 0, 8, 0, 0, 6, 6, 8, 0, 6, 0, 7, 9, 0, 8, 8, 8, 0, 0, 8, 0, 0, 7, 0, : 9, 9, 10, 8, 7, 7, 10, 5, 8, 6, 6, 8, 6, 7, 9, 8, 8, 8, 8, 7, 
408: 0, 0, 0, 5, 8, 7, 0, 0, 6, 0, 8, 10, 9, 8, 11, 7, 0, 0, 7, 0, 7, 8, 0, 7, 7, 7, 0, 0, 0, 0, 0, 8, 0, 7, 7, 0, 0, 7, 8, 8, : 5, 8, 7, 6, 8, 10, 9, 8, 11, 7, 7, 7, 8, 7, 7, 7, 8, 7, 7, 7, 8, 8, 
793: 0, 0, 9, 0, 5, 0, 0, 9, 10, 0, 0, 0, 0, 6, 0, 0, 8, 5, 6, 8, 7, 0, 9, 8, 9, 7, 0, 7, 0, 7, 0, 0, 8, 0, 0, 8, 9, 0, 0, 6, : 9, 5, 9, 10, 6, 8, 5, 6, 8, 7, 9, 8, 9, 7, 7, 7, 8, 8, 9, 6, 
477: 0, 5, 11, 7, 10, 10, 0, 7, 9, 9, 0, 0, 0, 0, 8, 0, 0, 7, 0, 0, 8, 0, 8, 8, 8, 8, 9, 0, 0, 8, 9, 7, 8, 0, 7, 0, 0, 7, 8, 0, : 5, 11, 7, 10, 10, 7, 9, 9, 8, 7, 8, 8, 8, 8, 8, 9, 8, 9, 7, 8, 7, 7, 8, 
183: 0, 0, 0, 0, 8, 6, 0, 0, 8, 0, 6, 5, 9, 0, 0, 0, 0, 0, 0, 6, 0, 0, 8, 7, 0, 7, 0, 0, 0, 0, 0, 7, 9, 7, 5, 0, 0, 0, 0, 0, : 8, 6, 8, 6, 5, 9, 6, 8, 7, 7, 7, 9, 7, 5, 
129: 7, 0, 7, 5, 0, 8, 0, 0, 0, 7, 8, 9, 5, 0, 0, 8, 6, 8, 0, 0, 8, 0, 0, 8, 0, 8, 8, 0, 0, 0, 0, 0, 0, 7, 0, 0, 0, 0, 7, 0, : 7, 7, 5, 8, 7, 8, 9, 5, 8, 6, 8, 8, 8, 8, 8, 7, 7, 
44: 8, 0, 0, 0, 8, 9, 8, 8, 7, 0, 8, 4, 7, 0, 11, 8, 0, 0, 0, 8, 0, 0, 0, 8, 0, 7, 0, 5, 8, 5, 7, 8, 7, 6, 6, 7, 7, 0, 0, 8, : 8, 8, 9, 8, 8, 7, 8, 4, 7, 11, 8, 8, 8, 7, 5, 8, 5, 7, 8, 7, 6, 6, 7, 7, 8, 
613: 0, 10, 0, 5, 0, 0, 8, 9, 0, 6, 0, 10, 0, 0, 0, 10, 8, 0, 8, 8, 0, 8, 7, 0, 0, 0, 8, 0, 8, 8, 0, 0, 9, 7, 0, 5, 0, 0, 8, 0, : 10, 5, 8, 9, 6, 10, 10, 8, 8, 8, 8, 7, 8, 8, 8, 9, 7, 5, 8, 
472: 0, 4, 0, 0, 7, 0, 7, 0, 8, 9, 0, 0, 0, 10, 11, 0, 0, 4, 0, 0, 8, 8, 7, 0, 0, 0, 0, 8, 7, 0, 6, 8, 0, 9, 0, 0, 0, 0, 8, 0, : 4, 7, 7, 8, 9, 10, 11, 4, 8, 8, 7, 8, 7, 6, 8, 9, 8, 
154: 5, 6, 8, 0, 10, 7, 6, 0, 7, 0, 9, 7, 0, 5, 0, 9, 9, 0, 0, 0, 8, 9, 7, 8, 8, 8, 0, 6, 0, 0, 0, 7, 0, 9, 8, 0, 8, 0, 0, 9, : 5, 6, 8, 10, 7, 6, 7, 9, 7, 5, 9, 9, 8, 9, 7, 8, 8, 8, 6, 7, 9, 8, 8, 9, 
545: 0, 7, 7, 0, 0, 0, 8, 0, 6, 7, 0, 9, 0, 4, 0, 9, 8, 0, 9, 7, 0, 8, 0, 0, 8, 0, 8, 0, 0, 7, 0, 0, 8, 0, 0, 8, 0, 0, 7, 9, : 7, 7, 8, 6, 7, 9, 4, 9, 8, 9, 7, 8, 8, 8, 7, 8, 8, 7, 9, 
153: 7, 0, 0, 7, 8, 6, 0, 8, 0, 0, 5, 8, 5, 0, 0, 0, 0, 6, 8, 6, 8, 0, 7, 7, 0, 0, 0, 7, 7, 7, 0, 0, 8, 0, 8, 7, 8, 7, 8, 5, : 7, 7, 8, 6, 8, 5, 8, 5, 6, 8, 6, 8, 7, 7, 7, 7, 7, 8, 8, 7, 8, 7, 8, 5, 
145: 9, 0, 6, 0, 8, 7, 8, 7, 6, 6, 6, 6, 8, 0, 11, 8, 6, 8, 7, 8, 0, 8, 7, 0, 6, 0, 8, 0, 0, 0, 7, 0, 0, 8, 0, 9, 5, 0, 0, 0, : 9, 6, 8, 7, 8, 7, 6, 6, 6, 6, 8, 11, 8, 6, 8, 7, 8, 8, 7, 6, 8, 7, 8, 9, 5, 
703: 0, 0, 0, 0, 0, 0, 0, 6, 0, 0, 0, 0, 7, 11, 6, 9, 0, 10, 6, 7, 0, 7, 8, 7, 7, 5, 7, 0, 0, 0, 8, 0, 0, 0, 8, 0, 8, 0, 0, 0, : 6, 7, 11, 6, 9, 10, 6, 7, 7, 8, 7, 7, 5, 7, 8, 8, 8, 
178: 0, 9, 9, 9, 0, 0, 0, 9, 7, 0, 8, 0, 0, 8, 7, 10, 7, 0, 8, 0, 0, 0, 0, 9, 7, 0, 0, 0, 0, 0, 8, 0, 5, 8, 7, 0, 0, 0, 0, 7, : 9, 9, 9, 9, 7, 8, 8, 7, 10, 7, 8, 9, 7, 8, 5, 8, 7, 7, 
638: 7, 7, 9, 11, 0, 0, 0, 5, 0, 0, 0, 5, 0, 0, 0, 0, 0, 9, 8, 8, 0, 0, 0, 0, 5, 0, 0, 7, 7, 8, 0, 0, 7, 5, 0, 8, 0, 0, 7, 8, : 7, 7, 9, 11, 5, 5, 9, 8, 8, 5, 7, 7, 8, 7, 5, 8, 7, 8, 
588: 0, 7, 8, 0, 0, 0, 7, 0, 0, 5, 0, 0, 0, 10, 0, 8, 0, 8, 0, 8, 0, 7, 0, 0, 0, 8, 0, 0, 0, 0, 0, 8, 0, 0, 0, 8, 0, 8, 0, 0, : 7, 8, 7, 5, 10, 8, 8, 8, 7, 8, 8, 8, 8, 
552: 10, 0, 0, 9, 0, 10, 0, 6, 7, 6, 0, 6, 7, 0, 8, 5, 0, 7, 0, 9, 9, 0, 0, 8, 8, 0, 0, 8, 8, 7, 0, 7, 0, 0, 7, 7, 0, 7, 0, 8, : 10, 9, 10, 6, 7, 6, 6, 7, 8, 5, 7, 9, 9, 8, 8, 8, 8, 7, 7, 7, 7, 7, 8, 
645: 4, 0, 8, 0, 0, 8, 7, 0, 6, 0, 8, 9, 10, 0, 9, 0, 0, 9, 8, 0, 0, 7, 5, 8, 7, 0, 0, 8, 8, 8, 0, 7, 0, 8, 0, 9, 7, 7, 7, 7, : 4, 8, 8, 7, 6, 8, 9, 10, 9, 9, 8, 7, 5, 8, 7, 8, 8, 8, 7, 8, 9, 7, 7, 7, 7, 
346: 0, 8, 9, 0, 5, 8, 7, 6, 8, 7, 0, 7, 4, 7, 0, 0, 0, 0, 5, 0, 7, 0, 0, 0, 8, 9, 0, 9, 9, 0, 7, 0, 0, 0, 7, 0, 7, 8, 0, 0, : 8, 9, 5, 8, 7, 6, 8, 7, 7, 4, 7, 5, 7, 8, 9, 9, 9, 7, 7, 7, 8, 
585: 8, 0, 0, 7, 8, 8, 0, 0, 0, 11, 7, 8, 0, 0, 0, 4, 6, 0, 0, 5, 8, 8, 0, 8, 0, 0, 8, 0, 0, 0, 8, 8, 8, 7, 8, 0, 7, 6, 0, 0, : 8, 7, 8, 8, 11, 7, 8, 4, 6, 5, 8, 8, 8, 8, 8, 8, 8, 7, 8, 7, 6, 


355: 0, 0, 0, 9, 0, 0, 0, 9, 5, 9, 6, 10, 0, 6, 0, 0, 0, 0, 0, 0, 0, 0, 0, 0, 9, 7, 9, 7, 0, 0, 0, 0, 0, 0, 8, 7, 6, 7, 6, 0, : 9, 9, 5, 9, 6, 10, 6, 9, 7, 9, 7, 8, 7, 6, 7, 6, 
109: 9, 11, 0, 0, 8, 6, 7, 9, 0, 6, 8, 0, 0, 0, 0, 0, 0, 9, 7, 8, 9, 0, 8, 8, 0, 7, 0, 0, 0, 0, 0, 9, 7, 0, 6, 9, 0, 6, 7, 0, : 9, 11, 8, 6, 7, 9, 6, 8, 9, 7, 8, 9, 8, 8, 7, 9, 7, 6, 9, 6, 7, 
707: 6, 0, 9, 5, 0, 10, 0, 5, 9, 0, 0, 0, 5, 0, 8, 0, 8, 7, 7, 7, 8, 0, 0, 0, 9, 9, 0, 9, 0, 6, 0, 9, 0, 9, 0, 0, 0, 0, 9, 0, : 6, 9, 5, 10, 5, 9, 5, 8, 8, 7, 7, 7, 8, 9, 9, 9, 6, 9, 9, 9, 
513: 9, 0, 7, 0, 9, 6, 0, 0, 11, 0, 5, 0, 8, 0, 0, 8, 0, 9, 8, 0, 8, 7, 7, 9, 7, 0, 0, 7, 0, 9, 6, 0, 6, 0, 0, 7, 7, 9, 0, 0, : 9, 7, 9, 6, 11, 5, 8, 8, 9, 8, 8, 7, 7, 9, 7, 7, 9, 6, 6, 7, 7, 9, 
652: 0, 8, 8, 0, 0, 5, 8, 0, 7, 5, 0, 9, 0, 0, 0, 8, 0, 9, 0, 7, 0, 9, 0, 8, 0, 0, 8, 0, 0, 0, 0, 8, 8, 0, 7, 0, 7, 0, 7, 8, : 8, 8, 5, 8, 7, 5, 9, 8, 9, 7, 9, 8, 8, 8, 8, 7, 7, 7, 8, 
150: 4, 8, 9, 5, 6, 0, 6, 0, 0, 7, 4, 0, 10, 9, 4, 9, 0, 8, 0, 6, 0, 7, 8, 0, 0, 0, 7, 9, 6, 0, 0, 7, 0, 0, 0, 0, 0, 8, 7, 7, : 4, 8, 9, 5, 6, 6, 7, 4, 10, 9, 4, 9, 8, 6, 7, 8, 7, 9, 6, 7, 8, 7, 7, 
666: 0, 10, 0, 9, 0, 10, 6, 7, 8, 6, 0, 5, 8, 0, 0, 5, 9, 0, 8, 6, 0, 0, 9, 0, 9, 0, 0, 0, 0, 7, 7, 6, 0, 8, 0, 7, 7, 6, 6, 0, : 10, 9, 10, 6, 7, 8, 6, 5, 8, 5, 9, 8, 6, 9, 9, 7, 7, 6, 8, 7, 7, 6, 6, 
172: 9, 0, 0, 0, 8, 7, 0, 5, 0, 9, 0, 9, 0, 0, 9, 0, 7, 7, 0, 9, 0, 0, 7, 7, 8, 0, 0, 0, 0, 0, 9, 7, 7, 0, 8, 0, 0, 0, 0, 7, : 9, 8, 7, 5, 9, 9, 9, 7, 7, 9, 7, 7, 8, 9, 7, 7, 8, 7, 
121: 0, 10, 7, 0, 0, 7, 6, 10, 0, 0, 0, 0, 0, 0, 0, 0, 0, 6, 0, 0, 0, 9, 0, 7, 8, 0, 0, 0, 7, 7, 9, 0, 8, 0, 0, 0, 8, 7, 0, 0, : 10, 7, 7, 6, 10, 6, 9, 7, 8, 7, 7, 9, 8, 8, 7, 
561: 0, 9, 0, 7, 0, 6, 9, 5, 4, 0, 0, 0, 7, 0, 8, 7, 8, 0, 0, 0, 6, 6, 0, 0, 0, 0, 0, 0, 0, 0, 8, 0, 9, 8, 0, 7, 0, 9, 0, 7, : 9, 7, 6, 9, 5, 4, 7, 8, 7, 8, 6, 6, 8, 9, 8, 7, 9, 7, 
336: 8, 0, 0, 10, 0, 6, 9, 0, 0, 10, 10, 6, 4, 0, 0, 0, 10, 8, 0, 0, 0, 8, 0, 6, 0, 0, 0, 8, 9, 0, 9, 6, 0, 0, 9, 7, 6, 0, 7, 0, : 8, 10, 6, 9, 10, 10, 6, 4, 10, 8, 8, 6, 8, 9, 9, 6, 9, 7, 6, 7, 
294: 8, 0, 5, 7, 9, 0, 0, 0, 9, 7, 9, 4, 9, 10, 6, 6, 6, 0, 8, 0, 0, 9, 7, 8, 0, 9, 7, 7, 9, 0, 7, 0, 7, 9, 0, 0, 0, 7, 0, 9, : 8, 5, 7, 9, 9, 7, 9, 4, 9, 10, 6, 6, 6, 8, 9, 7, 8, 9, 7, 7, 9, 7, 7, 9, 7, 9, 
775: 8, 7, 8, 0, 7, 11, 0, 0, 0, 0, 0, 9, 0, 8, 0, 10, 0, 0, 0, 0, 7, 6, 0, 8, 6, 8, 8, 6, 7, 8, 0, 8, 0, 7, 9, 0, 0, 9, 0, 8, : 8, 7, 8, 7, 11, 9, 8, 10, 7, 6, 8, 6, 8, 8, 6, 7, 8, 8, 7, 9, 9, 8, 
672: 9, 5, 10, 0, 0, 0, 10, 0, 0, 0, 9, 0, 0, 5, 6, 11, 10, 0, 0, 6, 8, 0, 6, 7, 0, 6, 8, 7, 8, 8, 7, 0, 6, 8, 8, 0, 0, 0, 8, 7, : 9, 5, 10, 10, 9, 5, 6, 11, 10, 6, 8, 6, 7, 6, 8, 7, 8, 8, 7, 6, 8, 8, 8, 7, 
268: 9, 0, 10, 0, 0, 0, 4, 9, 0, 0, 0, 0, 8, 7, 8, 0, 6, 0, 0, 0, 0, 0, 0, 0, 0, 7, 0, 0, 7, 7, 0, 0, 9, 0, 0, 8, 9, 7, 0, 0, : 9, 10, 4, 9, 8, 7, 8, 6, 7, 7, 7, 9, 8, 9, 7, 
296: 0, 0, 0, 9, 8, 0, 4, 9, 0, 0, 9, 0, 7, 7, 0, 9, 0, 7, 0, 7, 0, 8, 7, 0, 7, 0, 9, 0, 7, 6, 7, 9, 8, 7, 0, 0, 0, 7, 0, 0, : 9, 8, 4, 9, 9, 7, 7, 9, 7, 7, 8, 7, 7, 9, 7, 6, 7, 9, 8, 7, 7, 
769: 5, 0, 7, 8, 6, 0, 7, 0, 0, 8, 9, 0, 10, 0, 0, 0, 0, 0, 7, 0, 8, 0, 0, 0, 0, 0, 9, 8, 0, 9, 6, 8, 0, 0, 7, 8, 0, 0, 0, 0, : 5, 7, 8, 6, 7, 8, 9, 10, 7, 8, 9, 8, 9, 6, 8, 7, 8, 
379: 0, 6, 6, 8, 4, 6, 10, 0, 7, 0, 11, 0, 0, 0, 6, 10, 6, 6, 6, 0, 7, 7, 0, 0, 7, 8, 0, 0, 8, 8, 9, 0, 8, 7, 9, 0, 0, 0, 0, 0, : 6, 6, 8, 4, 6, 10, 7, 11, 6, 10, 6, 6, 6, 7, 7, 7, 8, 8, 8, 9, 8, 7, 9, 
385: 0, 0, 0, 6, 0, 7, 8, 0, 0, 9, 0, 9, 5, 8, 9, 0, 5, 0, 0, 0, 0, 9, 0, 6, 7, 7, 7, 0, 0, 0, 7, 9, 0, 9, 0, 0, 0, 0, 9, 0, : 6, 7, 8, 9, 9, 5, 8, 9, 5, 9, 6, 7, 7, 7, 7, 9, 9, 9, 
144: 0, 0, 7, 7, 0, 0, 0, 8, 10, 8, 0, 0, 9, 0, 11, 7, 0, 0, 9, 0, 9, 0, 8, 8, 9, 0, 7, 9, 0, 0, 8, 8, 0, 0, 7, 8, 0, 7, 7, 7, : 7, 7, 8, 10, 8, 9, 11, 7, 9, 9, 8, 8, 9, 7, 9, 8, 8, 7, 8, 7, 7, 7, 
21: 6, 7, 0, 0, 7, 0, 0, 0, 0, 0, 0, 8, 0, 10, 9, 0, 0, 0, 8, 0, 0, 0, 9, 9, 0, 0, 7, 9, 0, 0, 0, 7, 0, 0, 0, 7, 0, 8, 0, 6, : 6, 7, 7, 8, 10, 9, 8, 9, 9, 7, 9, 7, 7, 8, 6, 
335: 0, 6, 0, 0, 0, 0, 0, 6, 7, 6, 6, 0, 9, 4, 5, 0, 9, 8, 8, 0, 0, 0, 6, 0, 8, 7, 0, 8, 7, 7, 8, 7, 9, 7, 7, 8, 7, 0, 7, 0, : 6, 6, 7, 6, 6, 9, 4, 5, 9, 8, 8, 6, 8, 7, 8, 7, 7, 8, 7, 9, 7, 7, 8, 7, 7, 
548: 0, 5, 0, 0, 0, 9, 8, 0, 0, 6, 0, 0, 8, 6, 6, 0, 0, 7, 8, 7, 7, 8, 0, 7, 7, 0, 0, 7, 0, 0, 0, 0, 0, 7, 7, 6, 8, 0, 0, 7, : 5, 9, 8, 6, 8, 6, 6, 7, 8, 7, 7, 8, 7, 7, 7, 7, 7, 6, 8, 7, 
745: 7, 0, 6, 6, 8, 0, 0, 7, 8, 0, 6, 7, 0, 6, 0, 6, 0, 6, 0, 0, 9, 0, 7, 0, 7, 8, 9, 0, 0, 7, 0, 0, 7, 7, 0, 0, 0, 0, 9, 8, : 7, 6, 6, 8, 7, 8, 6, 7, 6, 6, 6, 9, 7, 7, 8, 9, 7, 7, 7, 9, 8, 
291: 0, 9, 0, 7, 0, 7, 0, 8, 5, 5, 6, 7, 6, 0, 10, 0, 0, 0, 6, 7, 8, 0, 9, 0, 8, 0, 0, 0, 8, 7, 0, 0, 0, 7, 6, 0, 7, 8, 0, 0, : 9, 7, 7, 8, 5, 5, 6, 7, 6, 10, 6, 7, 8, 9, 8, 8, 7, 7, 6, 7, 8, 
207: 7, 0, 7, 0, 0, 0, 10, 9, 7, 0, 0, 0, 0, 6, 0, 0, 0, 0, 0, 8, 9, 7, 8, 7, 0, 0, 0, 7, 7, 9, 0, 7, 0, 7, 0, 0, 7, 7, 8, 0, : 7, 7, 10, 9, 7, 6, 8, 9, 7, 8, 7, 7, 7, 9, 7, 7, 7, 7, 8, 
255: 6, 0, 9, 0, 7, 0, 0, 0, 0, 8, 0, 0, 0, 0, 0, 8, 0, 0, 8, 8, 0, 0, 0, 0, 0, 6, 8, 0, 8, 0, 0, 0, 0, 6, 7, 7, 9, 0, 8, 9, : 6, 9, 7, 8, 8, 8, 8, 6, 8, 8, 6, 7, 7, 9, 8, 9, 
407: 7, 7, 0, 10, 6, 0, 6, 5, 5, 0, 0, 0, 0, 7, 0, 4, 0, 0, 7, 0, 7, 0, 8, 0, 0, 0, 7, 0, 0, 0, 0, 0, 7, 6, 0, 9, 0, 7, 0, 6, : 7, 7, 10, 6, 6, 5, 5, 7, 4, 7, 7, 8, 7, 7, 6, 9, 7, 6, 
350: 5, 0, 0, 0, 0, 6, 7, 9, 0, 0, 9, 6, 0, 0, 0, 0, 8, 8, 0, 9, 0, 0, 0, 0, 0, 7, 6, 0, 6, 8, 7, 7, 0, 8, 0, 0, 7, 0, 0, 0, : 5, 6, 7, 9, 9, 6, 8, 8, 9, 7, 6, 6, 8, 7, 7, 8, 7, 
618: 0, 0, 5, 0, 0, 10, 0, 0, 10, 0, 8, 9, 0, 7, 11, 0, 7, 7, 7, 8, 0, 8, 6, 7, 7, 9, 6, 0, 0, 0, 7, 6, 6, 0, 0, 0, 6, 6, 0, 0, : 5, 10, 10, 8, 9, 7, 11, 7, 7, 7, 8, 8, 6, 7, 7, 9, 6, 7, 6, 6, 6, 6, 
777: 0, 0, 0, 9, 7, 7, 0, 8, 10, 8, 0, 4, 11, 6, 7, 0, 8, 9, 0, 7, 0, 7, 0, 9, 0, 9, 6, 0, 7, 6, 0, 7, 0, 0, 0, 9, 9, 0, 0, 0, : 9, 7, 7, 8, 10, 8, 4, 11, 6, 7, 8, 9, 7, 7, 9, 9, 6, 7, 6, 7, 9, 9, 
402: 0, 8, 0, 0, 0, 0, 0, 7, 0, 0, 0, 9, 0, 0, 0, 5, 0, 7, 8, 0, 7, 0, 0, 0, 8, 6, 0, 6, 0, 0, 0, 0, 7, 0, 0, 0, 8, 0, 8, 9, : 8, 7, 9, 5, 7, 8, 7, 8, 6, 6, 7, 8, 8, 9, 
221: 0, 9, 8, 6, 5, 0, 10, 0, 7, 0, 7, 7, 0, 8, 6, 5, 0, 0, 0, 8, 7, 0, 7, 0, 6, 7, 0, 7, 0, 7, 6, 0, 0, 0, 8, 9, 0, 0, 0, 6, : 9, 8, 6, 5, 10, 7, 7, 7, 8, 6, 5, 8, 7, 7, 6, 7, 7, 7, 6, 8, 9, 6, 
285: 9, 0, 7, 0, 10, 6, 6, 0, 0, 0, 6, 0, 10, 10, 8, 0, 5, 6, 0, 8, 0, 6, 0, 9, 7, 0, 0, 0, 9, 7, 8, 7, 8, 0, 0, 0, 9, 0, 0, 7, : 9, 7, 10, 6, 6, 6, 10, 10, 8, 5, 6, 8, 6, 9, 7, 9, 7, 8, 7, 8, 9, 7, 
116: 0, 5, 7, 5, 9, 9, 9, 0, 8, 11, 7, 0, 5, 11, 0, 7, 0, 7, 0, 8, 6, 8, 9, 7, 0, 0, 7, 0, 6, 0, 7, 0, 0, 8, 0, 6, 8, 0, 7, 8, : 5, 7, 5, 9, 9, 9, 8, 11, 7, 5, 11, 7, 7, 8, 6, 8, 9, 7, 7, 6, 7, 8, 6, 8, 7, 8, 
219: 0, 0, 0, 0, 9, 0, 0, 9, 5, 7, 7, 8, 5, 0, 0, 0, 8, 0, 0, 0, 7, 0, 7, 7, 0, 0, 8, 7, 8, 0, 0, 0, 7, 9, 7, 6, 0, 8, 0, 8, : 9, 9, 5, 7, 7, 8, 5, 8, 7, 7, 7, 8, 7, 8, 7, 9, 7, 6, 8, 8, 
606: 11, 7, 8, 0, 0, 0, 0, 0, 8, 0, 0, 5, 0, 0, 4, 8, 8, 0, 7, 0, 0, 7, 0, 0, 0, 8, 0, 8, 9, 8, 8, 0, 9, 0, 8, 0, 0, 0, 9, 7, : 11, 7, 8, 8, 5, 4, 8, 8, 7, 7, 8, 8, 9, 8, 8, 9, 8, 9, 7, 
424: 0, 0, 0, 0, 9, 0, 0, 0, 0, 8, 0, 8, 0, 0, 0, 8, 10, 9, 6, 0, 6, 7, 7, 6, 6, 7, 0, 8, 0, 9, 0, 8, 0, 0, 9, 8, 0, 9, 6, 0, : 9, 8, 8, 8, 10, 9, 6, 6, 7, 7, 6, 6, 7, 8, 9, 8, 9, 8, 9, 6, 
165: 0, 5, 0, 7, 8, 0, 0, 6, 0, 7, 0, 11, 6, 0, 9, 9, 7, 0, 8, 7, 7, 7, 0, 0, 0, 0, 0, 0, 0, 0, 0, 0, 0, 6, 7, 0, 8, 8, 8, 0, : 5, 7, 8, 6, 7, 11, 6, 9, 9, 7, 8, 7, 7, 7, 6, 7, 8, 8, 8, 
127: 8, 8, 0, 10, 0, 9, 0, 0, 0, 0, 8, 0, 0, 9, 0, 0, 5, 0, 9, 9, 0, 0, 0, 0, 0, 8, 7, 6, 7, 0, 0, 0, 7, 0, 6, 7, 7, 0, 7, 9, : 8, 8, 10, 9, 8, 9, 5, 9, 9, 8, 7, 6, 7, 7, 6, 7, 7, 7, 9, 


205: 0, 0, 0, 6, 0, 0, 6, 0, 0, 8, 0, 9, 0, 0, 0, 5, 0, 0, 7, 0, 7, 9, 0, 6, 0, 0, 7, 0, 8, 8, 0, 7, 0, 0, 7, 8, 0, 0, 0, 0, : 6, 6, 8, 9, 5, 7, 7, 9, 6, 7, 8, 8, 7, 7, 8, 
414: 0, 0, 9, 11, 0, 0, 0, 9, 5, 9, 9, 0, 0, 6, 0, 9, 8, 9, 0, 8, 8, 7, 0, 0, 6, 0, 0, 0, 5, 0, 0, 9, 7, 6, 5, 8, 6, 7, 9, 8, : 9, 11, 9, 5, 9, 9, 6, 9, 8, 9, 8, 8, 7, 6, 5, 9, 7, 6, 5, 8, 6, 7, 9, 8, 
10: 6, 0, 0, 0, 0, 7, 0, 4, 5, 0, 7, 0, 0, 0, 0, 0, 0, 9, 7, 0, 0, 0, 0, 8, 8, 0, 0, 8, 0, 0, 0, 0, 0, 0, 8, 0, 7, 0, 0, 9, : 6, 7, 4, 5, 7, 9, 7, 8, 8, 8, 8, 7, 9, 
214: 9, 9, 8, 7, 0, 0, 0, 0, 0, 8, 0, 6, 7, 9, 4, 7, 0, 9, 0, 8, 7, 6, 8, 8, 0, 8, 9, 7, 0, 8, 8, 8, 0, 0, 7, 0, 0, 0, 8, 0, : 9, 9, 8, 7, 8, 6, 7, 9, 4, 7, 9, 8, 7, 6, 8, 8, 8, 9, 7, 8, 8, 8, 7, 8, 
194: 7, 7, 10, 0, 8, 9, 0, 8, 0, 8, 0, 0, 10, 0, 10, 5, 0, 8, 7, 0, 0, 0, 0, 7, 8, 0, 8, 0, 7, 0, 7, 9, 8, 0, 8, 8, 0, 7, 7, 9, : 7, 7, 10, 8, 9, 8, 8, 10, 10, 5, 8, 7, 7, 8, 8, 7, 7, 9, 8, 8, 8, 7, 7, 9, 
765: 0, 7, 0, 0, 0, 0, 0, 8, 0, 8, 0, 0, 0, 10, 5, 7, 7, 8, 8, 0, 8, 0, 0, 0, 9, 6, 0, 7, 6, 8, 8, 8, 8, 0, 8, 0, 0, 7, 8, 8, : 7, 8, 8, 10, 5, 7, 7, 8, 8, 8, 9, 6, 7, 6, 8, 8, 8, 8, 8, 7, 8, 8, 
137: 5, 8, 11, 0, 7, 8, 7, 0, 4, 10, 0, 6, 9, 8, 0, 0, 0, 0, 7, 0, 9, 8, 8, 0, 0, 7, 7, 0, 0, 0, 8, 0, 0, 7, 7, 0, 0, 0, 0, 0, : 5, 8, 11, 7, 8, 7, 4, 10, 6, 9, 8, 7, 9, 8, 8, 7, 7, 8, 7, 7, 
646: 0, 0, 10, 0, 8, 7, 8, 9, 0, 0, 4, 0, 8, 8, 0, 0, 0, 8, 9, 7, 0, 7, 7, 9, 7, 0, 5, 7, 8, 7, 0, 0, 0, 9, 8, 0, 0, 0, 7, 8, : 10, 8, 7, 8, 9, 4, 8, 8, 8, 9, 7, 7, 7, 9, 7, 5, 7, 8, 7, 9, 8, 7, 8, 
59: 0, 0, 7, 8, 10, 0, 8, 0, 0, 0, 8, 7, 8, 7, 8, 0, 0, 8, 8, 0, 8, 8, 0, 0, 8, 9, 0, 8, 8, 0, 0, 0, 7, 0, 0, 0, 8, 0, 9, 0, : 7, 8, 10, 8, 8, 7, 8, 7, 8, 8, 8, 8, 8, 8, 9, 8, 8, 7, 8, 9, 
698: 0, 9, 0, 0, 6, 9, 0, 0, 7, 8, 10, 0, 0, 0, 0, 6, 5, 5, 8, 0, 7, 0, 0, 0, 7, 8, 0, 7, 0, 9, 0, 0, 8, 0, 0, 8, 7, 7, 0, 7, : 9, 6, 9, 7, 8, 10, 6, 5, 5, 8, 7, 7, 8, 7, 9, 8, 8, 7, 7, 7, 
53: 0, 0, 0, 7, 0, 0, 9, 9, 11, 0, 0, 0, 0, 9, 9, 9, 0, 0, 0, 0, 0, 7, 7, 0, 7, 0, 0, 0, 0, 0, 0, 0, 0, 8, 0, 7, 8, 7, 0, 0, : 7, 9, 9, 11, 9, 9, 9, 7, 7, 7, 8, 7, 8, 7, 
487: 8, 0, 0, 0, 0, 5, 7, 0, 0, 4, 0, 7, 10, 8, 0, 0, 7, 8, 8, 0, 0, 8, 7, 0, 0, 8, 7, 7, 7, 7, 7, 8, 0, 7, 7, 0, 0, 0, 0, 0, : 8, 5, 7, 4, 7, 10, 8, 7, 8, 8, 8, 7, 8, 7, 7, 7, 7, 7, 8, 7, 7, 
364: 4, 0, 0, 4, 10, 0, 0, 9, 7, 7, 0, 8, 0, 0, 9, 10, 5, 0, 0, 7, 0, 8, 7, 0, 0, 0, 0, 0, 7, 0, 6, 8, 0, 0, 0, 0, 5, 0, 0, 0, : 4, 4, 10, 9, 7, 7, 8, 9, 10, 5, 7, 8, 7, 7, 6, 8, 5, 
267: 0, 6, 0, 5, 4, 7, 6, 7, 9, 0, 5, 0, 0, 0, 0, 9, 9, 0, 0, 6, 0, 5, 9, 7, 8, 0, 7, 7, 9, 0, 8, 0, 0, 9, 0, 0, 0, 8, 0, 0, : 6, 5, 4, 7, 6, 7, 9, 5, 9, 9, 6, 5, 9, 7, 8, 7, 7, 9, 8, 9, 8, 
393: 0, 0, 4, 0, 0, 7, 0, 0, 0, 0, 9, 0, 7, 8, 0, 0, 9, 0, 9, 9, 7, 7, 7, 0, 0, 0, 6, 0, 0, 0, 0, 7, 7, 7, 6, 0, 9, 9, 7, 0, : 4, 7, 9, 7, 8, 9, 9, 9, 7, 7, 7, 6, 7, 7, 7, 6, 9, 9, 7, 
309: 0, 11, 8, 7, 0, 10, 0, 0, 0, 0, 0, 0, 0, 0, 6, 8, 7, 0, 0, 7, 8, 0, 0, 0, 7, 9, 0, 0, 7, 0, 0, 0, 9, 0, 0, 9, 0, 8, 0, 9, : 11, 8, 7, 10, 6, 8, 7, 7, 8, 7, 9, 7, 9, 9, 8, 9, 
617: 8, 0, 8, 8, 0, 5, 0, 0, 0, 0, 0, 0, 0, 8, 4, 0, 10, 7, 0, 0, 0, 9, 0, 9, 0, 0, 8, 8, 8, 0, 0, 0, 0, 0, 0, 8, 8, 0, 0, 7, : 8, 8, 8, 5, 8, 4, 10, 7, 9, 9, 8, 8, 8, 8, 8, 7, 
323: 9, 6, 9, 0, 0, 0, 0, 5, 8, 0, 6, 0, 7, 0, 0, 0, 0, 7, 8, 0, 0, 7, 0, 7, 0, 0, 7, 0, 7, 0, 7, 0, 0, 8, 0, 0, 8, 9, 0, 0, : 9, 6, 9, 5, 8, 6, 7, 7, 8, 7, 7, 7, 7, 7, 8, 8, 9, 
81: 0, 0, 6, 0, 0, 0, 9, 8, 6, 7, 7, 0, 6, 0, 0, 0, 0, 0, 5, 0, 0, 8, 8, 7, 0, 7, 0, 0, 0, 7, 7, 0, 0, 8, 9, 9, 0, 0, 0, 8, : 6, 9, 8, 6, 7, 7, 6, 5, 8, 8, 7, 7, 7, 7, 8, 9, 9, 8, 
119: 0, 8, 7, 0, 8, 0, 7, 0, 0, 0, 0, 0, 10, 0, 0, 7, 9, 7, 0, 5, 8, 0, 0, 0, 0, 8, 0, 9, 7, 0, 0, 0, 7, 7, 0, 0, 0, 6, 8, 0, : 8, 7, 8, 7, 10, 7, 9, 7, 5, 8, 8, 9, 7, 7, 7, 6, 8, 
742: 0, 8, 5, 8, 6, 8, 0, 0, 11, 0, 8, 0, 0, 0, 7, 10, 0, 0, 7, 0, 0, 0, 9, 9, 0, 0, 9, 8, 0, 0, 7, 0, 8, 0, 0, 7, 7, 8, 7, 0, : 8, 5, 8, 6, 8, 11, 8, 7, 10, 7, 9, 9, 9, 8, 7, 8, 7, 7, 8, 7, 
191: 0, 7, 0, 0, 7, 10, 8, 8, 0, 0, 0, 9, 8, 5, 7, 0, 0, 7, 0, 9, 0, 0, 7, 8, 9, 0, 0, 8, 7, 9, 8, 6, 8, 0, 0, 7, 7, 0, 0, 7, : 7, 7, 10, 8, 8, 9, 8, 5, 7, 7, 9, 7, 8, 9, 8, 7, 9, 8, 6, 8, 7, 7, 7, 
375: 7, 5, 6, 0, 5, 0, 0, 7, 8, 0, 10, 7, 6, 8, 0, 10, 0, 0, 0, 0, 5, 0, 0, 0, 0, 0, 0, 9, 0, 7, 0, 0, 6, 7, 0, 7, 0, 8, 0, 7, : 7, 5, 6, 5, 7, 8, 10, 7, 6, 8, 10, 5, 9, 7, 6, 7, 7, 8, 7, 
92: 7, 10, 0, 11, 0, 0, 7, 0, 0, 0, 0, 7, 0, 0, 10, 0, 0, 0, 8, 8, 7, 7, 8, 8, 7, 8, 7, 5, 0, 0, 0, 8, 8, 8, 9, 8, 0, 0, 0, 8, : 7, 10, 11, 7, 7, 10, 8, 8, 7, 7, 8, 8, 7, 8, 7, 5, 8, 8, 8, 9, 8, 8, 
216: 0, 0, 6, 10, 10, 0, 0, 8, 6, 11, 0, 8, 0, 0, 10, 6, 0, 0, 0, 8, 0, 0, 7, 5, 7, 9, 8, 6, 0, 0, 9, 7, 0, 9, 0, 0, 0, 8, 0, 0, : 6, 10, 10, 8, 6, 11, 8, 10, 6, 8, 7, 5, 7, 9, 8, 6, 9, 7, 9, 8, 
607: 9, 6, 0, 0, 5, 8, 8, 0, 0, 0, 0, 4, 0, 6, 8, 0, 9, 0, 0, 0, 0, 0, 0, 0, 0, 7, 0, 9, 0, 7, 7, 9, 7, 0, 0, 0, 7, 0, 0, 7, : 9, 6, 5, 8, 8, 4, 6, 8, 9, 7, 9, 7, 7, 9, 7, 7, 7, 
740: 7, 0, 0, 0, 0, 0, 6, 6, 8, 8, 7, 10, 0, 5, 0, 0, 6, 0, 0, 0, 7, 0, 0, 7, 7, 0, 8, 7, 7, 7, 7, 7, 0, 8, 0, 5, 0, 7, 5, 7, : 7, 6, 6, 8, 8, 7, 10, 5, 6, 7, 7, 7, 8, 7, 7, 7, 7, 7, 8, 5, 7, 5, 7, 
430: 9, 8, 0, 0, 0, 0, 0, 0, 7, 8, 10, 0, 0, 10, 0, 0, 10, 6, 7, 8, 8, 0, 0, 0, 0, 0, 0, 0, 9, 9, 0, 5, 9, 7, 0, 9, 7, 0, 7, 0, : 9, 8, 7, 8, 10, 10, 10, 6, 7, 8, 8, 9, 9, 5, 9, 7, 9, 7, 7, 
549: 9, 0, 9, 10, 6, 0, 0, 0, 9, 0, 0, 9, 0, 0, 0, 0, 8, 8, 8, 7, 0, 8, 6, 0, 0, 7, 0, 0, 0, 0, 8, 7, 7, 8, 9, 0, 0, 8, 6, 0, : 9, 9, 10, 6, 9, 9, 8, 8, 8, 7, 8, 6, 7, 8, 7, 7, 8, 9, 8, 6, 
74: 6, 0, 7, 11, 0, 6, 9, 0, 9, 7, 7, 0, 5, 9, 7, 5, 6, 0, 7, 0, 0, 0, 0, 7, 7, 7, 0, 8, 8, 7, 0, 0, 7, 0, 0, 0, 0, 0, 8, 7, : 6, 7, 11, 6, 9, 9, 7, 7, 5, 9, 7, 5, 6, 7, 7, 7, 7, 8, 8, 7, 7, 8, 7, 
445: 0, 0, 0, 6, 0, 6, 0, 8, 0, 10, 7, 0, 10, 8, 6, 6, 0, 8, 7, 7, 9, 0, 0, 7, 8, 7, 8, 0, 8, 6, 0, 0, 5, 7, 8, 6, 9, 0, 0, 7, : 6, 6, 8, 10, 7, 10, 8, 6, 6, 8, 7, 7, 9, 7, 8, 7, 8, 8, 6, 5, 7, 8, 6, 9, 7, 
306: 9, 6, 7, 6, 0, 8, 8, 0, 0, 6, 9, 10, 7, 0, 9, 6, 6, 8, 0, 7, 8, 8, 0, 0, 0, 8, 7, 0, 0, 8, 0, 8, 7, 0, 8, 0, 0, 5, 8, 5, : 9, 6, 7, 6, 8, 8, 6, 9, 10, 7, 9, 6, 6, 8, 7, 8, 8, 8, 7, 8, 8, 7, 8, 5, 8, 5, 
187: 0, 0, 0, 7, 0, 10, 0, 0, 9, 0, 0, 8, 5, 0, 0, 0, 6, 7, 6, 8, 7, 0, 5, 8, 0, 7, 9, 0, 9, 0, 0, 7, 8, 0, 0, 0, 0, 7, 0, 0, : 7, 10, 9, 8, 5, 6, 7, 6, 8, 7, 5, 8, 7, 9, 9, 7, 8, 7, 
84: 0, 8, 0, 0, 10, 7, 0, 6, 0, 7, 7, 0, 0, 8, 9, 9, 0, 0, 0, 0, 0, 0, 8, 8, 0, 7, 0, 0, 0, 5, 7, 0, 9, 0, 8, 7, 7, 7, 8, 0, : 8, 10, 7, 6, 7, 7, 8, 9, 9, 8, 8, 7, 5, 7, 9, 8, 7, 7, 7, 8, 
640: 0, 9, 0, 0, 11, 0, 10, 7, 7, 0, 0, 7, 8, 6, 9, 0, 0, 0, 0, 7, 0, 8, 0, 8, 0, 0, 8, 8, 0, 8, 0, 0, 0, 0, 0, 8, 8, 9, 7, 0, : 9, 11, 10, 7, 7, 7, 8, 6, 9, 7, 8, 8, 8, 8, 8, 8, 8, 9, 7, 
365: 10, 0, 0, 5, 10, 8, 8, 8, 7, 0, 7, 8, 0, 4, 0, 6, 7, 6, 0, 8, 0, 8, 8, 0, 8, 8, 0, 7, 0, 7, 5, 8, 0, 5, 7, 0, 8, 0, 9, 6, : 10, 5, 10, 8, 8, 8, 7, 7, 8, 4, 6, 7, 6, 8, 8, 8, 8, 8, 7, 7, 5, 8, 5, 7, 8, 9, 6, 
603: 6, 4, 0, 0, 6, 0, 0, 0, 0, 6, 0, 0, 0, 0, 7, 0, 8, 0, 0, 0, 8, 7, 8, 0, 9, 0, 0, 0, 0, 8, 8, 7, 0, 8, 7, 7, 7, 0, 0, 0, : 6, 4, 6, 6, 7, 8, 8, 7, 8, 9, 8, 8, 7, 8, 7, 7, 7, 
559: 0, 0, 7, 8, 8, 0, 4, 7, 0, 4, 0, 5, 5, 0, 6, 0, 0, 0, 9, 9, 0, 0, 9, 7, 5, 0, 8, 0, 8, 0, 9, 0, 0, 7, 7, 0, 0, 8, 7, 0, : 7, 8, 8, 4, 7, 4, 5, 5, 6, 9, 9, 9, 7, 5, 8, 8, 9, 7, 7, 8, 7, 
440: 8, 0, 6, 5, 5, 5, 7, 0, 0, 0, 6, 7, 6, 0, 0, 10, 0, 0, 0, 0, 6, 0, 7, 0, 0, 0, 0, 0, 0, 0, 9, 7, 0, 0, 7, 7, 8, 0, 8, 8, : 8, 6, 5, 5, 5, 7, 6, 7, 6, 10, 6, 7, 9, 7, 7, 7, 8, 8, 8, 
659: 7, 8, 0, 0, 0, 0, 8, 9, 7, 6, 7, 8, 8, 0, 0, 0, 8, 7, 0, 7, 8, 0, 0, 0, 8, 5, 7, 0, 0, 8, 0, 0, 0, 0, 0, 7, 9, 0, 7, 8, : 7, 8, 8, 9, 7, 6, 7, 8, 8, 8, 7, 7, 8, 8, 5, 7, 8, 7, 9, 7, 8, 


449: 0, 10, 0, 7, 6, 0, 0, 7, 8, 0, 7, 8, 7, 7, 0, 0, 6, 0, 9, 9, 6, 7, 8, 0, 0, 8, 7, 8, 7, 7, 7, 0, 0, 0, 0, 0, 0, 8, 8, 7, : 10, 7, 6, 7, 8, 7, 8, 7, 7, 6, 9, 9, 6, 7, 8, 8, 7, 8, 7, 7, 7, 8, 8, 7, 
458: 0, 0, 0, 8, 7, 0, 0, 7, 0, 0, 7, 8, 0, 6, 0, 0, 0, 8, 0, 0, 0, 0, 0, 9, 0, 0, 0, 0, 7, 8, 9, 0, 0, 8, 8, 7, 8, 6, 7, 7, : 8, 7, 7, 7, 8, 6, 8, 9, 7, 8, 9, 8, 8, 7, 8, 6, 7, 7, 
381: 6, 0, 0, 0, 0, 0, 6, 11, 0, 6, 0, 0, 0, 0, 8, 9, 0, 9, 0, 0, 8, 6, 0, 7, 0, 8, 0, 7, 0, 0, 0, 8, 8, 0, 0, 0, 8, 0, 8, 0, : 6, 6, 11, 6, 8, 9, 9, 8, 6, 7, 8, 7, 8, 8, 8, 8, 
164: 0, 6, 0, 0, 0, 9, 0, 6, 0, 6, 0, 4, 7, 0, 10, 0, 10, 8, 8, 7, 0, 0, 6, 0, 8, 0, 7, 8, 0, 0, 6, 7, 0, 7, 0, 8, 8, 0, 8, 0, : 6, 9, 6, 6, 4, 7, 10, 10, 8, 8, 7, 6, 8, 7, 8, 6, 7, 7, 8, 8, 8, 
340: 7, 6, 0, 0, 0, 9, 8, 8, 8, 0, 0, 8, 0, 0, 0, 0, 0, 9, 0, 8, 0, 0, 0, 0, 0, 0, 8, 0, 7, 8, 0, 0, 0, 0, 8, 7, 0, 8, 0, 6, : 7, 6, 9, 8, 8, 8, 8, 9, 8, 8, 7, 8, 8, 7, 8, 6, 
96: 0, 0, 7, 7, 0, 7, 6, 0, 9, 0, 0, 0, 9, 0, 0, 5, 9, 0, 7, 6, 8, 8, 0, 0, 8, 0, 0, 0, 0, 7, 8, 0, 0, 6, 6, 9, 0, 0, 0, 0, : 7, 7, 7, 6, 9, 9, 5, 9, 7, 6, 8, 8, 8, 7, 8, 6, 6, 9, 
683: 0, 0, 8, 0, 7, 5, 6, 6, 8, 0, 6, 7, 0, 0, 0, 0, 9, 0, 0, 0, 7, 0, 0, 7, 0, 6, 6, 6, 6, 0, 8, 0, 0, 0, 9, 0, 0, 0, 0, 8, : 8, 7, 5, 6, 6, 8, 6, 7, 9, 7, 7, 6, 6, 6, 6, 8, 9, 8, 
345: 0, 7, 0, 0, 0, 0, 5, 0, 0, 7, 0, 0, 7, 0, 0, 7, 0, 7, 0, 9, 0, 0, 8, 6, 7, 0, 0, 0, 8, 6, 0, 0, 8, 8, 8, 6, 0, 8, 0, 6, : 7, 5, 7, 7, 7, 7, 9, 8, 6, 7, 8, 6, 8, 8, 8, 6, 8, 6, 
462: 0, 6, 9, 0, 7, 0, 10, 0, 9, 0, 0, 6, 8, 0, 8, 0, 0, 9, 9, 0, 8, 0, 0, 8, 0, 8, 0, 8, 6, 6, 0, 8, 6, 6, 0, 8, 0, 0, 0, 0, : 6, 9, 7, 10, 9, 6, 8, 8, 9, 9, 8, 8, 8, 8, 6, 6, 8, 6, 6, 8, 
13: 9, 7, 0, 0, 7, 0, 0, 6, 6, 6, 7, 9, 4, 0, 8, 5, 0, 11, 6, 0, 7, 0, 6, 8, 6, 8, 8, 8, 8, 0, 8, 0, 0, 9, 8, 0, 8, 8, 0, 9, : 9, 7, 7, 6, 6, 6, 7, 9, 4, 8, 5, 11, 6, 7, 6, 8, 6, 8, 8, 8, 8, 8, 9, 8, 8, 8, 9, 
248: 0, 0, 0, 0, 0, 8, 9, 0, 0, 0, 9, 0, 6, 10, 0, 5, 7, 0, 7, 7, 0, 8, 8, 8, 0, 7, 0, 8, 8, 0, 0, 8, 8, 0, 8, 8, 7, 6, 7, 8, : 8, 9, 9, 6, 10, 5, 7, 7, 7, 8, 8, 8, 7, 8, 8, 8, 8, 8, 8, 7, 6, 7, 8, 
454: 6, 7, 7, 10, 0, 0, 10, 9, 0, 0, 10, 0, 8, 0, 8, 9, 5, 0, 0, 8, 0, 0, 0, 8, 6, 0, 0, 0, 6, 8, 0, 0, 0, 0, 0, 6, 8, 0, 6, 8, : 6, 7, 7, 10, 10, 9, 10, 8, 8, 9, 5, 8, 8, 6, 6, 8, 6, 8, 6, 8, 
204: 0, 0, 6, 7, 0, 8, 0, 0, 0, 0, 10, 0, 8, 0, 10, 8, 0, 8, 0, 0, 0, 8, 8, 8, 0, 0, 0, 0, 0, 8, 0, 7, 8, 0, 6, 8, 6, 8, 0, 0, : 6, 7, 8, 10, 8, 10, 8, 8, 8, 8, 8, 8, 7, 8, 6, 8, 6, 8, 
625: 7, 0, 0, 0, 0, 0, 9, 7, 0, 0, 0, 0, 9, 0, 8, 7, 0, 8, 0, 8, 0, 0, 0, 0, 0, 0, 0, 8, 8, 0, 8, 8, 8, 0, 0, 0, 0, 0, 8, 8, : 7, 9, 7, 9, 8, 7, 8, 8, 8, 8, 8, 8, 8, 8, 8, 
325: 6, 0, 0, 8, 0, 0, 7, 5, 0, 0, 0, 0, 0, 0, 7, 0, 9, 0, 7, 0, 0, 9, 7, 0, 0, 8, 8, 0, 8, 0, 8, 0, 8, 0, 0, 8, 0, 7, 0, 8, : 6, 8, 7, 5, 7, 9, 7, 9, 7, 8, 8, 8, 8, 8, 8, 7, 8, 
185: 7, 8, 9, 0, 0, 8, 8, 0, 0, 8, 0, 6, 8, 9, 0, 0, 0, 0, 6, 6, 0, 0, 7, 0, 8, 0, 8, 0, 0, 8, 0, 7, 0, 6, 6, 7, 0, 7, 0, 0, : 7, 8, 9, 8, 8, 8, 6, 8, 9, 6, 6, 7, 8, 8, 8, 7, 6, 6, 7, 7, 
352: 0, 0, 0, 0, 9, 6, 0, 6, 0, 10, 7, 0, 10, 0, 0, 0, 8, 0, 0, 0, 9, 9, 8, 0, 0, 0, 0, 8, 6, 0, 9, 9, 8, 0, 7, 0, 0, 0, 9, 0, : 9, 6, 6, 10, 7, 10, 8, 9, 9, 8, 8, 6, 9, 9, 8, 7, 9, 
152: 0, 7, 11, 6, 9, 0, 11, 0, 0, 5, 0, 0, 0, 8, 0, 0, 0, 6, 7, 0, 6, 8, 0, 6, 8, 0, 8, 9, 8, 0, 0, 8, 0, 8, 0, 0, 9, 8, 0, 0, : 7, 11, 6, 9, 11, 5, 8, 6, 7, 6, 8, 6, 8, 8, 9, 8, 8, 8, 9, 8, 
308: 6, 0, 7, 4, 8, 0, 8, 8, 8, 7, 9, 0, 0, 7, 5, 8, 0, 0, 8, 6, 0, 0, 9, 9, 0, 7, 0, 0, 0, 0, 0, 6, 7, 0, 0, 6, 0, 0, 7, 0, : 6, 7, 4, 8, 8, 8, 8, 7, 9, 7, 5, 8, 8, 6, 9, 9, 7, 6, 7, 6, 7, 
758: 0, 9, 0, 7, 9, 0, 6, 0, 10, 10, 6, 5, 0, 6, 9, 0, 0, 0, 0, 0, 6, 8, 7, 8, 0, 8, 0, 7, 0, 0, 0, 8, 0, 8, 0, 0, 0, 0, 6, 6, : 9, 7, 9, 6, 10, 10, 6, 5, 6, 9, 6, 8, 7, 8, 8, 7, 8, 8, 6, 6, 
772: 9, 7, 6, 0, 7, 9, 0, 0, 8, 11, 7, 8, 7, 10, 8, 0, 8, 0, 7, 0, 0, 0, 7, 8, 0, 7, 8, 0, 0, 8, 8, 6, 9, 0, 9, 0, 0, 0, 0, 8, : 9, 7, 6, 7, 9, 8, 11, 7, 8, 7, 10, 8, 8, 7, 7, 8, 7, 8, 8, 8, 6, 9, 9, 8, 
602: 6, 6, 5, 6, 7, 7, 0, 6, 0, 9, 0, 8, 0, 6, 0, 0, 8, 0, 0, 8, 8, 7, 0, 8, 8, 0, 0, 0, 7, 8, 6, 0, 8, 8, 0, 0, 0, 0, 7, 0, : 6, 6, 5, 6, 7, 7, 6, 9, 8, 6, 8, 8, 8, 7, 8, 8, 7, 8, 6, 8, 8, 7, 
411: 8, 0, 0, 9, 0, 10, 0, 0, 0, 0, 8, 9, 8, 7, 8, 8, 0, 0, 8, 0, 7, 0, 8, 6, 8, 0, 8, 0, 0, 6, 0, 8, 0, 0, 0, 8, 0, 0, 8, 8, : 8, 9, 10, 8, 9, 8, 7, 8, 8, 8, 7, 8, 6, 8, 8, 6, 8, 8, 8, 8, 
770: 0, 0, 9, 0, 6, 7, 0, 5, 9, 0, 0, 0, 9, 0, 9, 0, 0, 0, 0, 7, 9, 6, 0, 8, 8, 0, 6, 8, 8, 6, 0, 0, 0, 8, 7, 8, 8, 0, 8, 0, : 9, 6, 7, 5, 9, 9, 9, 7, 9, 6, 8, 8, 6, 8, 8, 6, 8, 7, 8, 8, 8, 
354: 9, 10, 7, 7, 0, 0, 8, 0, 6, 0, 6, 0, 0, 8, 0, 0, 9, 6, 8, 0, 8, 0, 0, 8, 8, 0, 0, 0, 0, 7, 0, 6, 6, 0, 8, 8, 8, 9, 8, 0, : 9, 10, 7, 7, 8, 6, 6, 8, 9, 6, 8, 8, 8, 8, 7, 6, 6, 8, 8, 8, 9, 8, 
329: 0, 6, 0, 11, 0, 8, 0, 0, 8, 8, 0, 8, 8, 10, 6, 8, 0, 9, 9, 7, 0, 7, 0, 0, 0, 0, 0, 0, 8, 8, 0, 0, 0, 9, 8, 8, 6, 8, 6, 9, : 6, 11, 8, 8, 8, 8, 8, 10, 6, 8, 9, 9, 7, 7, 8, 8, 9, 8, 8, 6, 8, 6, 9, 
272: 0, 8, 0, 5, 5, 0, 0, 9, 0, 8, 8, 0, 0, 7, 0, 8, 7, 8, 0, 0, 0, 0, 0, 0, 6, 6, 0, 0, 0, 9, 0, 0, 9, 0, 7, 9, 0, 7, 0, 0, : 8, 5, 5, 9, 8, 8, 7, 8, 7, 8, 6, 6, 9, 9, 7, 9, 7, 
750: 8, 9, 0, 0, 8, 5, 7, 9, 6, 0, 0, 0, 0, 7, 6, 11, 0, 5, 8, 0, 8, 8, 0, 0, 6, 9, 8, 0, 8, 0, 0, 0, 0, 0, 0, 8, 0, 6, 0, 0, : 8, 9, 8, 5, 7, 9, 6, 7, 6, 11, 5, 8, 8, 8, 6, 9, 8, 8, 8, 6, 
256: 0, 7, 10, 0, 7, 6, 0, 0, 5, 7, 0, 0, 7, 0, 0, 7, 6, 0, 0, 6, 0, 8, 9, 0, 9, 9, 8, 0, 0, 0, 6, 0, 0, 7, 8, 0, 7, 0, 8, 0, : 7, 10, 7, 6, 5, 7, 7, 7, 6, 6, 8, 9, 9, 9, 8, 6, 7, 8, 7, 8, 
261: 7, 7, 8, 8, 8, 5, 7, 0, 6, 0, 0, 0, 0, 7, 6, 10, 7, 5, 0, 0, 8, 0, 8, 0, 7, 8, 9, 7, 0, 0, 8, 7, 7, 8, 6, 0, 0, 0, 9, 0, : 7, 7, 8, 8, 8, 5, 7, 6, 7, 6, 10, 7, 5, 8, 8, 7, 8, 9, 7, 8, 7, 7, 8, 6, 9, 
691: 7, 0, 10, 0, 6, 8, 5, 0, 8, 0, 0, 9, 0, 4, 0, 10, 7, 0, 6, 8, 0, 8, 8, 0, 8, 6, 0, 0, 8, 0, 8, 9, 0, 7, 0, 0, 8, 8, 0, 0, : 7, 10, 6, 8, 5, 8, 9, 4, 10, 7, 6, 8, 8, 8, 8, 6, 8, 8, 9, 7, 8, 8, 
203: 7, 9, 5, 6, 9, 0, 0, 0, 8, 0, 0, 8, 0, 0, 0, 0, 8, 6, 0, 8, 0, 7, 0, 6, 0, 6, 0, 7, 0, 0, 8, 6, 0, 6, 8, 0, 0, 0, 0, 7, : 7, 9, 5, 6, 9, 8, 8, 8, 6, 8, 7, 6, 6, 7, 8, 6, 6, 8, 7, 
702: 9, 0, 7, 7, 9, 8, 0, 9, 7, 7, 5, 8, 0, 0, 0, 0, 0, 8, 0, 0, 6, 0, 6, 0, 0, 8, 7, 0, 0, 0, 7, 8, 0, 0, 0, 0, 9, 7, 0, 0, : 9, 7, 7, 9, 8, 9, 7, 7, 5, 8, 8, 6, 6, 8, 7, 7, 8, 9, 7, 
104: 8, 0, 0, 0, 0, 10, 0, 0, 0, 6, 7, 7, 0, 5, 6, 0, 0, 8, 0, 8, 0, 0, 0, 7, 0, 0, 0, 8, 0, 8, 8, 8, 0, 8, 7, 0, 7, 8, 8, 7, : 8, 10, 6, 7, 7, 5, 6, 8, 8, 7, 8, 8, 8, 8, 8, 7, 7, 8, 8, 7, 
128: 0, 8, 9, 11, 0, 0, 6, 6, 0, 5, 7, 0, 0, 0, 6, 8, 0, 0, 8, 8, 8, 8, 8, 0, 7, 8, 6, 0, 0, 7, 7, 0, 6, 0, 0, 7, 8, 0, 6, 6, : 8, 9, 11, 6, 6, 5, 7, 6, 8, 8, 8, 8, 8, 8, 7, 8, 6, 7, 7, 6, 7, 8, 6, 6, 
595: 8, 0, 0, 9, 0, 7, 0, 0, 8, 0, 0, 7, 0, 9, 0, 0, 0, 0, 0, 8, 8, 0, 0, 0, 0, 8, 8, 6, 9, 0, 0, 0, 7, 8, 0, 0, 0, 0, 0, 8, : 8, 9, 7, 8, 7, 9, 8, 8, 8, 8, 6, 9, 7, 8, 8, 
614: 0, 0, 0, 0, 0, 0, 8, 9, 0, 10, 0, 9, 7, 0, 0, 0, 6, 6, 8, 8, 0, 6, 0, 0, 8, 0, 9, 9, 0, 9, 0, 8, 8, 8, 0, 6, 6, 9, 0, 8, : 8, 9, 10, 9, 7, 6, 6, 8, 8, 6, 8, 9, 9, 9, 8, 8, 8, 6, 6, 9, 8, 
763: 0, 0, 6, 0, 9, 0, 0, 11, 5, 7, 8, 0, 0, 0, 6, 5, 11, 6, 7, 0, 8, 8, 6, 0, 9, 0, 7, 6, 9, 8, 7, 0, 8, 0, 8, 0, 7, 6, 8, 8, : 6, 9, 11, 5, 7, 8, 6, 5, 11, 6, 7, 8, 8, 6, 9, 7, 6, 9, 8, 7, 8, 8, 7, 6, 8, 8, 
624: 0, 0, 4, 7, 0, 0, 0, 0, 0, 7, 9, 8, 7, 8, 8, 7, 5, 0, 0, 0, 0, 6, 0, 0, 0, 7, 6, 8, 0, 0, 6, 0, 6, 7, 0, 0, 8, 8, 0, 0, : 4, 7, 7, 9, 8, 7, 8, 8, 7, 5, 6, 7, 6, 8, 6, 6, 7, 8, 8, 
322: 10, 0, 0, 0, 0, 0, 0, 0, 0, 0, 7, 0, 6, 9, 0, 5, 5, 0, 7, 0, 7, 0, 8, 7, 7, 0, 0, 6, 0, 0, 0, 0, 7, 0, 0, 0, 6, 0, 0, 0, : 10, 7, 6, 9, 5, 5, 7, 7, 8, 7, 7, 6, 7, 6, 


651: 9, 11, 0, 0, 0, 8, 0, 6, 0, 7, 6, 0, 11, 0, 0, 0, 7, 0, 8, 0, 0, 0, 0, 0, 8, 8, 0, 0, 0, 0, 0, 7, 0, 8, 8, 0, 7, 8, 8, 5, : 9, 11, 8, 6, 7, 6, 11, 7, 8, 8, 8, 7, 8, 8, 7, 8, 8, 5, 
71: 6, 0, 7, 9, 0, 5, 0, 0, 8, 9, 9, 10, 9, 0, 8, 0, 0, 8, 8, 7, 7, 0, 8, 0, 0, 0, 0, 0, 7, 8, 0, 0, 9, 0, 8, 0, 0, 7, 7, 0, : 6, 7, 9, 5, 8, 9, 9, 10, 9, 8, 8, 8, 7, 7, 8, 7, 8, 9, 8, 7, 7, 
30: 0, 0, 0, 7, 0, 0, 5, 0, 8, 8, 8, 0, 0, 5, 0, 7, 8, 8, 8, 6, 0, 0, 0, 5, 0, 9, 0, 0, 0, 8, 8, 8, 0, 0, 7, 8, 8, 8, 7, 0, : 7, 5, 8, 8, 8, 5, 7, 8, 8, 8, 6, 5, 9, 8, 8, 8, 7, 8, 8, 8, 7, 
712: 5, 7, 0, 0, 4, 0, 9, 0, 10, 0, 9, 8, 11, 10, 0, 7, 7, 0, 0, 8, 0, 0, 9, 8, 0, 7, 0, 7, 7, 7, 0, 0, 7, 5, 8, 0, 0, 7, 0, 0, : 5, 7, 4, 9, 10, 9, 8, 11, 10, 7, 7, 8, 9, 8, 7, 7, 7, 7, 7, 5, 8, 7, 
671: 9, 0, 7, 5, 0, 7, 0, 0, 0, 9, 9, 0, 0, 0, 9, 0, 0, 7, 0, 7, 8, 0, 7, 0, 8, 0, 0, 0, 7, 8, 7, 0, 0, 7, 7, 8, 8, 9, 8, 0, : 9, 7, 5, 7, 9, 9, 9, 7, 7, 8, 7, 8, 7, 8, 7, 7, 7, 8, 8, 9, 8, 
2: 0, 7, 7, 8, 8, 6, 7, 0, 9, 0, 9, 10, 0, 7, 0, 5, 0, 9, 8, 0, 0, 5, 8, 7, 7, 0, 7, 7, 0, 8, 7, 7, 7, 8, 0, 0, 0, 8, 0, 0, : 7, 7, 8, 8, 6, 7, 9, 9, 10, 7, 5, 9, 8, 5, 8, 7, 7, 7, 7, 8, 7, 7, 7, 8, 8, 
658: 0, 0, 9, 0, 0, 6, 11, 0, 7, 0, 0, 6, 0, 6, 7, 8, 7, 0, 0, 8, 0, 7, 7, 0, 0, 0, 7, 8, 9, 8, 7, 0, 8, 8, 0, 0, 7, 0, 8, 7, : 9, 6, 11, 7, 6, 6, 7, 8, 7, 8, 7, 7, 7, 8, 9, 8, 7, 8, 8, 7, 8, 7, 
77: 7, 0, 8, 9, 9, 6, 11, 9, 0, 0, 0, 8, 0, 0, 5, 0, 8, 0, 7, 7, 0, 7, 0, 0, 0, 0, 8, 0, 0, 0, 5, 0, 0, 7, 0, 6, 0, 7, 7, 0, : 7, 8, 9, 9, 6, 11, 9, 8, 5, 8, 7, 7, 7, 8, 5, 7, 6, 7, 7, 
417: 0, 6, 8, 9, 0, 0, 0, 0, 0, 7, 8, 0, 0, 0, 0, 7, 0, 0, 9, 5, 0, 8, 7, 0, 7, 7, 0, 0, 8, 0, 6, 0, 8, 7, 0, 8, 0, 0, 9, 8, : 6, 8, 9, 7, 8, 7, 9, 5, 8, 7, 7, 7, 8, 6, 8, 7, 8, 9, 8, 
16: 10, 9, 10, 0, 0, 5, 5, 0, 7, 0, 10, 0, 0, 5, 0, 0, 0, 0, 0, 8, 8, 0, 0, 0, 8, 0, 7, 7, 8, 6, 0, 0, 0, 8, 7, 0, 0, 7, 8, 7, : 10, 9, 10, 5, 5, 7, 10, 5, 8, 8, 8, 7, 7, 8, 6, 8, 7, 7, 8, 7, 
33: 6, 0, 0, 6, 0, 7, 0, 7, 0, 7, 5, 0, 7, 9, 0, 0, 7, 0, 0, 0, 8, 0, 0, 6, 0, 0, 8, 0, 8, 0, 0, 0, 0, 0, 0, 0, 0, 8, 7, 0, : 6, 6, 7, 7, 7, 5, 7, 9, 7, 8, 6, 8, 8, 8, 7, 
389: 0, 6, 0, 5, 8, 0, 0, 0, 7, 0, 8, 8, 5, 0, 0, 0, 0, 0, 7, 0, 8, 8, 5, 7, 7, 0, 9, 0, 7, 7, 9, 9, 0, 0, 0, 7, 8, 0, 0, 0, : 6, 5, 8, 7, 8, 8, 5, 7, 8, 8, 5, 7, 7, 9, 7, 7, 9, 9, 7, 8, 
79: 0, 6, 8, 0, 6, 0, 6, 11, 0, 0, 0, 7, 0, 0, 6, 9, 6, 0, 0, 0, 0, 7, 7, 0, 0, 0, 8, 8, 9, 7, 8, 7, 0, 0, 0, 8, 6, 0, 0, 0, : 6, 8, 6, 6, 11, 7, 6, 9, 6, 7, 7, 8, 8, 9, 7, 8, 7, 8, 6, 
311: 0, 0, 0, 8, 0, 0, 7, 0, 6, 0, 0, 0, 6, 6, 7, 8, 0, 0, 0, 0, 7, 0, 0, 8, 0, 8, 0, 8, 8, 8, 7, 0, 7, 0, 7, 0, 7, 0, 0, 6, : 8, 7, 6, 6, 6, 7, 8, 7, 8, 8, 8, 8, 8, 7, 7, 7, 7, 6, 
390: 7, 8, 6, 8, 9, 0, 8, 0, 10, 0, 5, 6, 0, 0, 4, 0, 0, 7, 0, 0, 6, 0, 7, 0, 8, 0, 8, 7, 0, 8, 7, 8, 0, 8, 0, 8, 8, 8, 7, 7, : 7, 8, 6, 8, 9, 8, 10, 5, 6, 4, 7, 6, 7, 8, 8, 7, 8, 7, 8, 8, 8, 8, 8, 7, 7, 
452: 6, 0, 0, 0, 0, 0, 8, 6, 0, 0, 4, 0, 6, 6, 6, 0, 7, 0, 5, 8, 7, 8, 0, 7, 8, 7, 0, 6, 0, 7, 0, 0, 0, 0, 8, 5, 0, 0, 7, 8, : 6, 8, 6, 4, 6, 6, 6, 7, 5, 8, 7, 8, 7, 8, 7, 6, 7, 8, 5, 7, 8, 
370: 10, 8, 7, 0, 0, 0, 0, 0, 10, 7, 0, 6, 0, 0, 7, 7, 8, 0, 0, 9, 0, 9, 0, 7, 0, 7, 0, 0, 0, 8, 7, 5, 8, 0, 6, 0, 0, 0, 0, 0, : 10, 8, 7, 10, 7, 6, 7, 7, 8, 9, 9, 7, 7, 8, 7, 5, 8, 6, 
230: 8, 0, 0, 0, 9, 6, 0, 8, 8, 4, 0, 0, 4, 9, 9, 9, 0, 6, 0, 9, 8, 7, 6, 0, 0, 8, 8, 8, 0, 0, 8, 8, 0, 0, 0, 0, 0, 6, 0, 0, : 8, 9, 6, 8, 8, 4, 4, 9, 9, 9, 6, 9, 8, 7, 6, 8, 8, 8, 8, 8, 6, 
252: 10, 6, 6, 0, 0, 10, 0, 9, 6, 0, 0, 0, 10, 0, 7, 8, 0, 7, 6, 0, 7, 7, 0, 8, 7, 0, 8, 0, 8, 0, 0, 6, 0, 0, 0, 8, 0, 0, 9, 7, : 10, 6, 6, 10, 9, 6, 10, 7, 8, 7, 6, 7, 7, 8, 7, 8, 8, 6, 8, 9, 7, 
76: 0, 7, 9, 9, 6, 9, 6, 11, 0, 0, 0, 6, 0, 4, 7, 0, 8, 8, 8, 0, 0, 0, 8, 7, 9, 8, 0, 8, 6, 8, 0, 8, 8, 7, 9, 8, 0, 7, 0, 0, : 7, 9, 9, 6, 9, 6, 11, 6, 4, 7, 8, 8, 8, 8, 7, 9, 8, 8, 6, 8, 8, 8, 7, 9, 8, 7, 
459: 7, 0, 7, 6, 0, 9, 0, 7, 0, 8, 6, 0, 9, 9, 0, 0, 9, 8, 0, 0, 9, 0, 0, 0, 9, 5, 0, 9, 5, 0, 0, 8, 0, 0, 8, 7, 0, 0, 0, 0, : 7, 7, 6, 9, 7, 8, 6, 9, 9, 9, 8, 9, 9, 5, 9, 5, 8, 8, 7, 
556: 6, 0, 9, 7, 0, 9, 0, 7, 6, 0, 8, 7, 6, 6, 0, 7, 9, 0, 0, 8, 0, 8, 7, 8, 0, 8, 8, 0, 7, 0, 7, 0, 8, 0, 7, 0, 7, 0, 8, 8, : 6, 9, 7, 9, 7, 6, 8, 7, 6, 6, 7, 9, 8, 8, 7, 8, 8, 8, 7, 7, 8, 7, 7, 8, 8, 
169: 9, 0, 0, 9, 9, 0, 7, 0, 0, 8, 9, 0, 0, 0, 0, 7, 10, 7, 8, 0, 7, 0, 8, 8, 0, 8, 7, 0, 0, 0, 0, 0, 0, 9, 0, 7, 8, 0, 8, 0, : 9, 9, 9, 7, 8, 9, 7, 10, 7, 8, 7, 8, 8, 8, 7, 9, 7, 8, 8, 
488: 6, 6, 0, 0, 9, 0, 10, 0, 5, 0, 0, 0, 0, 0, 9, 0, 0, 0, 8, 8, 0, 0, 0, 0, 6, 0, 7, 9, 8, 0, 0, 8, 6, 0, 8, 0, 9, 8, 0, 8, : 6, 6, 9, 10, 5, 9, 8, 8, 6, 7, 9, 8, 8, 6, 8, 9, 8, 8, 
139: 7, 0, 7, 0, 6, 7, 0, 7, 0, 9, 0, 0, 8, 0, 10, 8, 0, 7, 8, 0, 8, 0, 0, 0, 0, 0, 0, 0, 0, 9, 8, 0, 0, 0, 0, 0, 7, 0, 0, 8, : 7, 7, 6, 7, 7, 9, 8, 10, 8, 7, 8, 8, 9, 8, 7, 8, 
394: 0, 0, 8, 0, 0, 0, 9, 6, 0, 8, 8, 5, 5, 7, 0, 0, 7, 8, 0, 0, 0, 0, 0, 8, 0, 7, 7, 8, 8, 0, 0, 7, 0, 8, 7, 7, 0, 0, 0, 0, : 8, 9, 6, 8, 8, 5, 5, 7, 7, 8, 8, 7, 7, 8, 8, 7, 8, 7, 7, 
630: 0, 8, 6, 8, 6, 10, 0, 7, 0, 8, 0, 6, 6, 11, 8, 0, 7, 10, 8, 7, 0, 0, 0, 7, 7, 0, 0, 7, 0, 7, 8, 8, 0, 0, 9, 9, 0, 5, 0, 0, : 8, 6, 8, 6, 10, 7, 8, 6, 6, 11, 8, 7, 10, 8, 7, 7, 7, 7, 7, 8, 8, 9, 9, 5, 
48: 6, 0, 6, 8, 5, 0, 9, 10, 0, 0, 0, 8, 0, 0, 0, 0, 7, 0, 7, 0, 0, 7, 9, 0, 8, 8, 9, 0, 0, 0, 0, 0, 7, 0, 0, 0, 0, 7, 0, 9, : 6, 6, 8, 5, 9, 10, 8, 7, 7, 7, 9, 8, 8, 9, 7, 7, 9, 
333: 0, 0, 0, 5, 10, 0, 7, 6, 9, 5, 0, 0, 8, 0, 0, 10, 0, 0, 7, 0, 0, 8, 8, 8, 8, 6, 7, 7, 7, 0, 0, 0, 8, 0, 7, 0, 0, 8, 7, 8, : 5, 10, 7, 6, 9, 5, 8, 10, 7, 8, 8, 8, 8, 6, 7, 7, 7, 8, 7, 8, 7, 8, 
773: 0, 7, 0, 8, 8, 0, 0, 7, 0, 0, 0, 0, 7, 7, 0, 0, 0, 8, 0, 8, 0, 8, 0, 8, 0, 7, 6, 0, 0, 0, 0, 7, 7, 9, 8, 0, 9, 8, 8, 0, : 7, 8, 8, 7, 7, 7, 8, 8, 8, 8, 7, 6, 7, 7, 9, 8, 9, 8, 8, 
529: 0, 0, 0, 0, 0, 0, 0, 8, 9, 8, 0, 9, 6, 0, 0, 0, 0, 7, 7, 8, 0, 6, 0, 9, 0, 8, 0, 7, 0, 0, 8, 9, 8, 8, 8, 0, 8, 9, 0, 7, : 8, 9, 8, 9, 6, 7, 7, 8, 6, 9, 8, 7, 8, 9, 8, 8, 8, 8, 9, 7, 
755: 0, 10, 0, 0, 0, 0, 0, 0, 0, 9, 0, 0, 0, 10, 0, 0, 0, 5, 8, 0, 8, 7, 7, 0, 0, 0, 0, 8, 0, 7, 0, 0, 0, 8, 5, 7, 0, 7, 5, 0, : 10, 9, 10, 5, 8, 8, 7, 7, 8, 7, 8, 5, 7, 7, 5, 
714: 0, 9, 0, 0, 6, 9, 0, 0, 4, 0, 6, 5, 10, 7, 7, 8, 7, 0, 8, 7, 8, 0, 0, 0, 7, 8, 0, 8, 0, 0, 9, 0, 9, 7, 0, 7, 7, 0, 8, 8, : 9, 6, 9, 4, 6, 5, 10, 7, 7, 8, 7, 8, 7, 8, 7, 8, 8, 9, 9, 7, 7, 7, 8, 8, 
594: 9, 10, 0, 0, 0, 8, 0, 4, 7, 7, 7, 8, 0, 0, 0, 0, 0, 0, 0, 0, 7, 9, 0, 8, 0, 7, 5, 0, 0, 9, 8, 7, 0, 7, 0, 8, 8, 0, 0, 7, : 9, 10, 8, 4, 7, 7, 7, 8, 7, 9, 8, 7, 5, 9, 8, 7, 7, 8, 8, 7, 
410: 0, 0, 0, 0, 0, 0, 7, 0, 0, 0, 6, 9, 0, 8, 0, 7, 8, 6, 0, 8, 0, 8, 0, 0, 7, 0, 0, 5, 0, 7, 8, 8, 8, 7, 0, 8, 8, 0, 0, 8, : 7, 6, 9, 8, 7, 8, 6, 8, 8, 7, 5, 7, 8, 8, 8, 7, 8, 8, 8, 
569: 0, 0, 9, 0, 0, 0, 6, 8, 7, 0, 0, 7, 0, 0, 7, 0, 0, 0, 0, 7, 0, 8, 8, 0, 5, 0, 0, 0, 0, 0, 0, 0, 7, 0, 0, 7, 0, 0, 6, 9, : 9, 6, 8, 7, 7, 7, 7, 8, 8, 5, 7, 7, 6, 9, 
262: 0, 5, 0, 0, 8, 6, 0, 0, 7, 8, 0, 0, 0, 10, 10, 6, 5, 7, 0, 0, 5, 8, 8, 9, 8, 0, 0, 0, 7, 0, 0, 0, 8, 8, 0, 0, 7, 8, 0, 0, : 5, 8, 6, 7, 8, 10, 10, 6, 5, 7, 5, 8, 8, 9, 8, 7, 8, 8, 7, 8, 
633: 0, 7, 6, 8, 9, 10, 5, 6, 0, 6, 0, 0, 0, 0, 0, 9, 8, 8, 7, 0, 7, 0, 8, 0, 8, 0, 8, 0, 8, 5, 0, 7, 7, 6, 8, 0, 5, 0, 8, 0, : 7, 6, 8, 9, 10, 5, 6, 6, 9, 8, 8, 7, 7, 8, 8, 8, 8, 5, 7, 7, 6, 8, 5, 8, 
604: 0, 7, 0, 8, 10, 0, 0, 0, 0, 0, 0, 0, 10, 0, 10, 8, 0, 0, 0, 0, 9, 0, 0, 0, 0, 0, 8, 8, 0, 0, 0, 0, 5, 0, 0, 0, 0, 0, 0, 8, : 7, 8, 10, 10, 10, 8, 9, 8, 8, 5, 8, 
553: 7, 0, 0, 0, 5, 7, 7, 0, 0, 8, 10, 11, 6, 8, 7, 5, 0, 9, 0, 7, 8, 0, 8, 7, 0, 9, 0, 0, 8, 0, 8, 8, 0, 0, 0, 9, 8, 0, 0, 7, : 7, 5, 7, 7, 8, 10, 11, 6, 8, 7, 5, 9, 7, 8, 8, 7, 9, 8, 8, 8, 9, 8, 7, 


605: 8, 0, 0, 7, 0, 7, 7, 11, 0, 0, 0, 7, 8, 4, 0, 9, 0, 7, 8, 0, 0, 0, 8, 8, 0, 0, 0, 0, 0, 0, 8, 8, 7, 8, 8, 8, 8, 7, 0, 0, : 8, 7, 7, 7, 11, 7, 8, 4, 9, 7, 8, 8, 8, 8, 8, 7, 8, 8, 8, 8, 7, 
69: 0, 5, 5, 0, 0, 7, 0, 8, 6, 0, 0, 0, 0, 8, 0, 0, 8, 8, 0, 0, 7, 0, 8, 7, 0, 0, 0, 0, 0, 0, 7, 0, 0, 0, 0, 0, 0, 7, 0, 8, : 5, 5, 7, 8, 6, 8, 8, 8, 7, 8, 7, 7, 7, 8, 
456: 0, 0, 5, 9, 0, 0, 11, 0, 0, 0, 8, 5, 8, 0, 5, 9, 0, 0, 9, 0, 8, 0, 6, 0, 0, 8, 0, 0, 8, 8, 0, 7, 0, 6, 7, 8, 0, 0, 8, 0, : 5, 9, 11, 8, 5, 8, 5, 9, 9, 8, 6, 8, 8, 8, 7, 6, 7, 8, 8, 
557: 0, 0, 0, 0, 7, 8, 7, 0, 0, 0, 6, 7, 8, 8, 9, 0, 0, 9, 9, 8, 9, 8, 0, 8, 0, 0, 0, 0, 0, 0, 0, 7, 0, 0, 8, 0, 8, 0, 7, 7, : 7, 8, 7, 6, 7, 8, 8, 9, 9, 9, 8, 9, 8, 8, 7, 8, 8, 7, 7, 
283: 0, 6, 6, 0, 7, 0, 0, 6, 6, 6, 7, 7, 0, 0, 8, 7, 0, 0, 0, 0, 6, 7, 0, 0, 7, 7, 0, 7, 0, 7, 0, 0, 8, 8, 8, 8, 7, 0, 7, 0, : 6, 6, 7, 6, 6, 6, 7, 7, 8, 7, 6, 7, 7, 7, 7, 7, 8, 8, 8, 8, 7, 7, 
768: 9, 8, 9, 8, 0, 8, 0, 0, 9, 0, 0, 6, 0, 0, 10, 10, 0, 0, 0, 8, 7, 7, 7, 0, 0, 8, 0, 8, 0, 0, 7, 8, 0, 7, 7, 7, 8, 8, 0, 0, : 9, 8, 9, 8, 8, 9, 6, 10, 10, 8, 7, 7, 7, 8, 8, 7, 8, 7, 7, 7, 8, 8, 
162: 0, 10, 6, 0, 0, 0, 8, 0, 0, 0, 7, 0, 7, 9, 10, 0, 0, 10, 8, 0, 8, 0, 0, 0, 0, 7, 8, 0, 8, 0, 0, 7, 0, 0, 8, 8, 8, 9, 0, 8, : 10, 6, 8, 7, 7, 9, 10, 10, 8, 8, 7, 8, 8, 7, 8, 8, 8, 9, 8, 
233: 7, 0, 0, 0, 8, 0, 0, 0, 9, 8, 8, 9, 0, 8, 0, 9, 0, 6, 0, 8, 0, 8, 0, 0, 0, 8, 6, 8, 7, 9, 8, 0, 0, 8, 7, 0, 0, 7, 8, 0, : 7, 8, 9, 8, 8, 9, 8, 9, 6, 8, 8, 8, 6, 8, 7, 9, 8, 8, 7, 7, 8, 
627: 9, 0, 0, 10, 8, 6, 0, 5, 5, 0, 0, 0, 9, 5, 0, 0, 6, 7, 7, 9, 0, 0, 0, 7, 0, 0, 6, 0, 8, 0, 0, 6, 8, 8, 0, 6, 0, 0, 0, 0, : 9, 10, 8, 6, 5, 5, 9, 5, 6, 7, 7, 9, 7, 6, 8, 6, 8, 8, 6, 
343: 0, 0, 6, 6, 8, 6, 0, 0, 7, 0, 0, 0, 0, 10, 4, 5, 10, 0, 7, 0, 7, 0, 7, 0, 9, 0, 0, 6, 7, 7, 0, 0, 7, 0, 0, 0, 0, 0, 7, 0, : 6, 6, 8, 6, 7, 10, 4, 5, 10, 7, 7, 7, 9, 6, 7, 7, 7, 7, 
475: 0, 0, 0, 0, 9, 7, 7, 5, 0, 0, 0, 0, 7, 10, 11, 8, 8, 6, 0, 6, 0, 7, 8, 8, 0, 9, 8, 8, 6, 8, 0, 0, 0, 0, 0, 0, 0, 8, 0, 8, : 9, 7, 7, 5, 7, 10, 11, 8, 8, 6, 6, 7, 8, 8, 9, 8, 8, 6, 8, 8, 8, 
670: 8, 4, 0, 8, 7, 0, 0, 0, 0, 6, 0, 0, 7, 8, 0, 0, 0, 0, 0, 0, 0, 0, 0, 0, 8, 6, 8, 0, 0, 0, 8, 0, 0, 0, 7, 0, 0, 0, 7, 8, : 8, 4, 8, 7, 6, 7, 8, 8, 6, 8, 8, 7, 7, 8, 
61: 0, 5, 0, 7, 0, 5, 6, 6, 6, 0, 8, 9, 0, 0, 9, 4, 0, 0, 6, 7, 0, 9, 0, 7, 6, 7, 0, 0, 7, 7, 7, 0, 7, 7, 0, 8, 0, 7, 0, 7, : 5, 7, 5, 6, 6, 6, 8, 9, 9, 4, 6, 7, 9, 7, 6, 7, 7, 7, 7, 7, 7, 8, 7, 7, 
709: 0, 8, 0, 9, 0, 9, 9, 7, 0, 6, 6, 0, 0, 0, 7, 0, 8, 0, 0, 8, 0, 0, 0, 8, 8, 0, 0, 6, 0, 0, 7, 8, 0, 7, 0, 7, 0, 8, 0, 0, : 8, 9, 9, 9, 7, 6, 6, 7, 8, 8, 8, 8, 6, 7, 8, 7, 7, 8, 
132: 9, 0, 8, 0, 0, 0, 0, 8, 6, 9, 6, 0, 7, 10, 0, 7, 0, 7, 0, 0, 0, 0, 7, 0, 8, 8, 8, 9, 0, 0, 6, 8, 9, 8, 0, 7, 0, 0, 0, 0, : 9, 8, 8, 6, 9, 6, 7, 10, 7, 7, 7, 8, 8, 8, 9, 6, 8, 9, 8, 7, 
367: 0, 6, 0, 0, 6, 0, 10, 0, 0, 8, 8, 10, 8, 0, 8, 0, 0, 0, 8, 0, 0, 0, 6, 0, 0, 0, 0, 7, 7, 0, 0, 7, 0, 8, 8, 0, 8, 0, 6, 6, : 6, 6, 10, 8, 8, 10, 8, 8, 8, 6, 7, 7, 7, 8, 8, 8, 6, 6, 
744: 0, 9, 9, 7, 9, 0, 0, 9, 0, 8, 0, 6, 6, 8, 0, 5, 0, 0, 0, 0, 8, 8, 7, 8, 0, 7, 0, 0, 0, 6, 0, 0, 8, 0, 8, 7, 8, 8, 8, 0, : 9, 9, 7, 9, 9, 8, 6, 6, 8, 5, 8, 8, 7, 8, 7, 6, 8, 8, 7, 8, 8, 8, 
135: 0, 0, 0, 0, 7, 9, 8, 7, 0, 8, 0, 0, 0, 8, 4, 0, 0, 7, 7, 0, 0, 7, 0, 7, 0, 0, 0, 7, 0, 0, 8, 6, 0, 8, 7, 7, 8, 0, 8, 0, : 7, 9, 8, 7, 8, 8, 4, 7, 7, 7, 7, 7, 8, 6, 8, 7, 7, 8, 8, 
507: 0, 0, 0, 6, 7, 0, 0, 0, 9, 0, 7, 5, 5, 9, 0, 0, 0, 0, 0, 0, 7, 7, 0, 0, 0, 0, 0, 0, 8, 8, 8, 0, 8, 0, 8, 8, 0, 6, 0, 8, : 6, 7, 9, 7, 5, 5, 9, 7, 7, 8, 8, 8, 8, 8, 8, 6, 8, 
36: 5, 9, 0, 6, 10, 0, 0, 8, 5, 8, 0, 0, 4, 0, 0, 0, 8, 8, 0, 7, 0, 0, 9, 0, 7, 7, 8, 0, 7, 0, 8, 8, 7, 8, 0, 0, 0, 0, 8, 0, : 5, 9, 6, 10, 8, 5, 8, 4, 8, 8, 7, 9, 7, 7, 8, 7, 8, 8, 7, 8, 8, 
275: 6, 8, 11, 0, 9, 0, 0, 9, 7, 0, 0, 0, 6, 5, 0, 0, 4, 0, 0, 0, 7, 6, 8, 0, 8, 0, 7, 7, 8, 0, 0, 9, 8, 8, 0, 0, 8, 8, 7, 8, : 6, 8, 11, 9, 9, 7, 6, 5, 4, 7, 6, 8, 8, 7, 7, 8, 9, 8, 8, 8, 8, 7, 8, 
376: 8, 0, 0, 0, 0, 0, 7, 7, 9, 0, 9, 0, 0, 5, 9, 8, 0, 7, 7, 8, 8, 0, 8, 7, 8, 8, 0, 8, 0, 8, 0, 7, 7, 0, 9, 0, 7, 7, 7, 7, : 8, 7, 7, 9, 9, 5, 9, 8, 7, 7, 8, 8, 8, 7, 8, 8, 8, 8, 7, 7, 9, 7, 7, 7, 7, 
112: 8, 0, 0, 5, 8, 10, 0, 0, 0, 7, 8, 0, 8, 0, 0, 4, 5, 0, 0, 7, 7, 8, 7, 9, 7, 0, 7, 7, 0, 8, 0, 8, 7, 7, 6, 8, 6, 6, 0, 0, : 8, 5, 8, 10, 7, 8, 8, 4, 5, 7, 7, 8, 7, 9, 7, 7, 7, 8, 8, 7, 7, 6, 8, 6, 6, 
222: 0, 9, 8, 7, 0, 9, 0, 0, 0, 0, 10, 8, 9, 0, 7, 0, 0, 0, 0, 7, 8, 6, 8, 0, 0, 8, 7, 0, 0, 0, 0, 0, 0, 0, 0, 0, 0, 8, 0, 8, : 9, 8, 7, 9, 10, 8, 9, 7, 7, 8, 6, 8, 8, 7, 8, 8, 
580: 0, 0, 6, 0, 0, 8, 0, 0, 0, 5, 0, 6, 10, 0, 6, 0, 7, 0, 5, 8, 0, 8, 0, 6, 0, 0, 0, 8, 6, 7, 0, 7, 8, 0, 0, 0, 7, 0, 0, 8, : 6, 8, 5, 6, 10, 6, 7, 5, 8, 8, 6, 8, 6, 7, 7, 8, 7, 8, 
357: 9, 0, 8, 0, 8, 5, 9, 0, 7, 7, 7, 0, 0, 6, 0, 9, 8, 7, 6, 7, 0, 0, 0, 8, 8, 0, 8, 0, 7, 0, 8, 0, 8, 0, 0, 8, 0, 0, 7, 0, : 9, 8, 8, 5, 9, 7, 7, 7, 6, 9, 8, 7, 6, 7, 8, 8, 8, 7, 8, 8, 8, 7, 
151: 9, 9, 0, 6, 5, 0, 6, 7, 8, 8, 8, 7, 0, 0, 0, 0, 9, 9, 0, 0, 7, 8, 8, 8, 8, 8, 8, 0, 8, 0, 0, 0, 0, 0, 8, 8, 0, 8, 6, 8, : 9, 9, 6, 5, 6, 7, 8, 8, 8, 7, 9, 9, 7, 8, 8, 8, 8, 8, 8, 8, 8, 8, 8, 6, 8, 
783: 0, 0, 9, 7, 0, 0, 8, 8, 8, 0, 0, 0, 0, 0, 0, 0, 11, 0, 8, 8, 0, 8, 0, 8, 0, 7, 0, 0, 0, 0, 0, 8, 0, 7, 0, 7, 8, 7, 8, 7, : 9, 7, 8, 8, 8, 11, 8, 8, 8, 8, 7, 8, 7, 7, 8, 7, 8, 7, 
188: 9, 8, 9, 0, 5, 8, 5, 0, 0, 0, 7, 9, 0, 0, 0, 0, 0, 0, 0, 0, 0, 8, 8, 0, 8, 0, 9, 8, 0, 0, 6, 0, 8, 0, 0, 9, 7, 0, 0, 0, : 9, 8, 9, 5, 8, 5, 7, 9, 8, 8, 8, 9, 8, 6, 8, 9, 7, 
543: 0, 0, 9, 0, 6, 0, 0, 0, 0, 9, 0, 9, 7, 4, 11, 8, 8, 0, 9, 0, 8, 0, 0, 0, 0, 8, 7, 0, 8, 7, 8, 0, 6, 7, 8, 0, 0, 0, 0, 6, : 9, 6, 9, 9, 7, 4, 11, 8, 8, 9, 8, 8, 7, 8, 7, 8, 6, 7, 8, 6, 
123: 7, 7, 5, 0, 0, 8, 0, 6, 0, 8, 0, 0, 0, 0, 0, 6, 7, 9, 9, 0, 6, 0, 7, 0, 8, 7, 7, 0, 9, 0, 7, 0, 8, 8, 8, 0, 0, 0, 8, 7, : 7, 7, 5, 8, 6, 8, 6, 7, 9, 9, 6, 7, 8, 7, 7, 9, 7, 8, 8, 8, 8, 7, 
490: 6, 10, 9, 6, 7, 6, 6, 8, 5, 0, 10, 0, 0, 0, 5, 0, 5, 9, 8, 0, 0, 7, 0, 0, 0, 8, 8, 0, 0, 8, 0, 7, 7, 0, 0, 0, 7, 0, 8, 0, : 6, 10, 9, 6, 7, 6, 6, 8, 5, 10, 5, 5, 9, 8, 7, 8, 8, 8, 7, 7, 7, 8, 
258: 8, 0, 0, 0, 0, 0, 6, 10, 0, 7, 5, 9, 7, 0, 0, 10, 6, 7, 0, 7, 8, 8, 7, 7, 8, 6, 0, 8, 0, 8, 0, 0, 0, 0, 7, 6, 0, 0, 0, 9, : 8, 6, 10, 7, 5, 9, 7, 10, 6, 7, 7, 8, 8, 7, 7, 8, 6, 8, 8, 7, 6, 9, 
512: 8, 4, 0, 0, 9, 7, 0, 7, 0, 9, 0, 8, 0, 0, 0, 8, 10, 4, 8, 8, 8, 0, 8, 8, 6, 0, 8, 0, 8, 8, 8, 8, 6, 0, 0, 7, 6, 0, 0, 7, : 8, 4, 9, 7, 7, 9, 8, 8, 10, 4, 8, 8, 8, 8, 8, 6, 8, 8, 8, 8, 8, 6, 7, 6, 7, 
383: 5, 0, 0, 9, 0, 11, 0, 0, 10, 0, 0, 0, 0, 0, 0, 0, 9, 0, 7, 7, 0, 0, 8, 8, 7, 0, 0, 7, 0, 7, 7, 0, 0, 0, 0, 0, 7, 0, 8, 8, : 5, 9, 11, 10, 9, 7, 7, 8, 8, 7, 7, 7, 7, 7, 8, 8, 
785: 0, 0, 0, 10, 0, 0, 8, 0, 11, 0, 9, 5, 10, 0, 7, 9, 5, 0, 7, 6, 0, 8, 0, 0, 0, 8, 7, 8, 8, 8, 8, 0, 0, 0, 0, 8, 0, 8, 0, 7, : 10, 8, 11, 9, 5, 10, 7, 9, 5, 7, 6, 8, 8, 7, 8, 8, 8, 8, 8, 8, 7, 
105: 6, 0, 5, 0, 0, 0, 8, 0, 8, 9, 0, 8, 0, 0, 7, 7, 8, 7, 0, 0, 8, 7, 0, 0, 7, 0, 8, 7, 0, 6, 0, 8, 0, 0, 0, 0, 8, 8, 8, 0, : 6, 5, 8, 8, 9, 8, 7, 7, 8, 7, 8, 7, 7, 8, 7, 6, 8, 8, 8, 8, 
555: 0, 9, 9, 10, 0, 0, 6, 0, 0, 7, 0, 10, 9, 7, 5, 8, 0, 8, 0, 8, 0, 0, 0, 7, 0, 0, 0, 8, 7, 7, 7, 0, 0, 7, 6, 0, 0, 8, 9, 0, : 9, 9, 10, 6, 7, 10, 9, 7, 5, 8, 8, 8, 7, 8, 7, 7, 7, 7, 6, 8, 9, 
130: 6, 7, 0, 7, 0, 0, 0, 8, 9, 7, 6, 0, 0, 10, 8, 0, 0, 8, 7, 8, 8, 0, 0, 6, 7, 0, 7, 0, 0, 8, 0, 0, 8, 9, 0, 0, 7, 0, 0, 0, : 6, 7, 7, 8, 9, 7, 6, 10, 8, 8, 7, 8, 8, 6, 7, 7, 8, 8, 9, 7, 
710: 0, 9, 8, 0, 0, 6, 8, 0, 0, 0, 0, 0, 0, 8, 0, 0, 0, 0, 0, 0, 0, 0, 0, 0, 7, 0, 0, 8, 8, 0, 9, 8, 0, 6, 7, 0, 9, 7, 0, 0, : 9, 8, 6, 8, 8, 7, 8, 8, 9, 8, 6, 7, 9, 7, 


752: 0, 0, 10, 0, 0, 0, 8, 0, 8, 8, 0, 8, 0, 0, 0, 0, 6, 9, 0, 0, 0, 7, 0, 0, 0, 0, 0, 0, 9, 0, 0, 7, 8, 0, 7, 0, 7, 0, 0, 6, : 10, 8, 8, 8, 8, 6, 9, 7, 9, 7, 8, 7, 7, 6, 
149: 6, 7, 8, 9, 0, 6, 7, 7, 0, 6, 10, 7, 0, 10, 8, 0, 0, 0, 9, 9, 7, 7, 0, 8, 8, 6, 8, 0, 0, 0, 0, 9, 9, 0, 0, 9, 8, 7, 9, 0, : 6, 7, 8, 9, 6, 7, 7, 6, 10, 7, 10, 8, 9, 9, 7, 7, 8, 8, 6, 8, 9, 9, 9, 8, 7, 9, 
18: 6, 0, 8, 0, 10, 0, 7, 0, 6, 0, 0, 5, 6, 0, 10, 7, 11, 6, 7, 7, 0, 8, 9, 0, 0, 9, 8, 0, 0, 8, 7, 0, 7, 8, 8, 7, 0, 7, 0, 0, : 6, 8, 10, 7, 6, 5, 6, 10, 7, 11, 6, 7, 7, 8, 9, 9, 8, 8, 7, 7, 8, 8, 7, 7, 
28: 0, 0, 8, 4, 7, 0, 0, 0, 10, 5, 0, 0, 6, 5, 10, 8, 6, 5, 0, 0, 6, 0, 0, 0, 9, 8, 0, 9, 0, 0, 0, 6, 7, 7, 0, 0, 0, 8, 9, 0, : 8, 4, 7, 10, 5, 6, 5, 10, 8, 6, 5, 6, 9, 8, 9, 6, 7, 7, 8, 9, 
361: 8, 8, 0, 5, 6, 6, 0, 0, 0, 9, 5, 5, 0, 7, 0, 0, 0, 6, 8, 8, 9, 0, 0, 0, 7, 8, 0, 0, 0, 6, 7, 7, 7, 9, 7, 8, 7, 0, 0, 0, : 8, 8, 5, 6, 6, 9, 5, 5, 7, 6, 8, 8, 9, 7, 8, 6, 7, 7, 7, 9, 7, 8, 7, 
720: 0, 0, 0, 7, 7, 0, 8, 0, 6, 0, 0, 7, 11, 7, 5, 0, 0, 5, 0, 8, 0, 7, 8, 0, 0, 0, 8, 7, 0, 0, 9, 8, 0, 0, 0, 8, 0, 7, 7, 9, : 7, 7, 8, 6, 7, 11, 7, 5, 5, 8, 7, 8, 8, 7, 9, 8, 8, 7, 7, 9, 
223: 7, 9, 0, 7, 0, 0, 0, 0, 8, 5, 8, 8, 0, 0, 0, 0, 0, 0, 5, 0, 9, 0, 0, 9, 0, 0, 0, 9, 7, 6, 0, 0, 0, 8, 6, 0, 9, 7, 0, 0, : 7, 9, 7, 8, 5, 8, 8, 5, 9, 9, 9, 7, 6, 8, 6, 9, 7, 
374: 7, 0, 0, 0, 8, 0, 0, 10, 9, 9, 0, 5, 0, 9, 8, 8, 9, 0, 0, 0, 0, 6, 0, 0, 0, 7, 6, 0, 7, 0, 0, 6, 0, 8, 0, 0, 8, 0, 0, 6, : 7, 8, 10, 9, 9, 5, 9, 8, 8, 9, 6, 7, 6, 7, 6, 8, 8, 6, 
93: 0, 0, 0, 11, 0, 0, 9, 7, 0, 10, 0, 9, 10, 6, 6, 0, 0, 9, 0, 9, 8, 0, 0, 7, 7, 0, 0, 8, 6, 9, 8, 0, 7, 0, 6, 8, 7, 0, 7, 0, : 11, 9, 7, 10, 9, 10, 6, 6, 9, 9, 8, 7, 7, 8, 6, 9, 8, 7, 6, 8, 7, 7, 
682: 8, 8, 0, 0, 0, 0, 0, 0, 8, 0, 6, 0, 8, 0, 0, 10, 10, 0, 9, 7, 0, 9, 0, 9, 9, 8, 0, 6, 0, 7, 0, 9, 6, 7, 6, 9, 8, 0, 7, 0, : 8, 8, 8, 6, 8, 10, 10, 9, 7, 9, 9, 9, 8, 6, 7, 9, 6, 7, 6, 9, 8, 7, 
571: 0, 0, 0, 0, 6, 9, 0, 0, 10, 0, 8, 8, 0, 0, 0, 8, 0, 7, 0, 8, 0, 0, 6, 9, 7, 6, 0, 0, 7, 0, 0, 8, 0, 7, 9, 0, 0, 0, 0, 8, : 6, 9, 10, 8, 8, 8, 7, 8, 6, 9, 7, 6, 7, 8, 7, 9, 8, 
434: 0, 6, 6, 0, 0, 8, 5, 0, 0, 0, 6, 0, 6, 0, 0, 0, 7, 9, 7, 0, 7, 7, 7, 8, 0, 0, 7, 0, 6, 0, 0, 7, 0, 0, 0, 0, 0, 7, 6, 7, : 6, 6, 8, 5, 6, 6, 7, 9, 7, 7, 7, 7, 8, 7, 6, 7, 7, 6, 7, 
148: 8, 0, 10, 0, 0, 8, 0, 8, 0, 9, 9, 0, 9, 7, 10, 11, 0, 0, 8, 8, 0, 0, 7, 6, 7, 0, 0, 7, 0, 0, 0, 7, 7, 6, 0, 7, 0, 0, 7, 0, : 8, 10, 8, 8, 9, 9, 9, 7, 10, 11, 8, 8, 7, 6, 7, 7, 7, 7, 6, 7, 7, 
338: 6, 7, 0, 7, 0, 7, 9, 9, 0, 0, 7, 0, 0, 0, 9, 7, 0, 0, 0, 0, 8, 0, 6, 0, 0, 8, 9, 0, 7, 9, 0, 8, 0, 9, 0, 0, 0, 9, 8, 8, : 6, 7, 7, 7, 9, 9, 7, 9, 7, 8, 6, 8, 9, 7, 9, 8, 9, 9, 8, 8, 
574: 8, 11, 0, 9, 8, 10, 0, 0, 0, 0, 0, 0, 0, 9, 0, 0, 0, 0, 0, 6, 9, 0, 7, 7, 0, 0, 7, 7, 0, 0, 7, 9, 0, 9, 7, 0, 7, 0, 0, 6, : 8, 11, 9, 8, 10, 9, 6, 9, 7, 7, 7, 7, 7, 9, 9, 7, 7, 6, 
421: 0, 0, 7, 6, 0, 7, 6, 0, 0, 6, 10, 0, 0, 0, 5, 10, 8, 0, 0, 0, 0, 0, 6, 6, 0, 0, 0, 6, 0, 7, 7, 0, 9, 7, 0, 7, 0, 8, 7, 9, : 7, 6, 7, 6, 6, 10, 5, 10, 8, 6, 6, 6, 7, 7, 9, 7, 7, 8, 7, 9, 
3: 0, 0, 9, 7, 0, 9, 0, 0, 0, 6, 0, 0, 0, 0, 0, 0, 0, 7, 0, 5, 7, 6, 8, 0, 0, 9, 6, 0, 7, 0, 8, 0, 9, 0, 8, 9, 0, 0, 9, 0, : 9, 7, 9, 6, 7, 5, 7, 6, 8, 9, 6, 7, 8, 9, 8, 9, 9, 
377: 0, 8, 0, 0, 0, 0, 0, 6, 0, 0, 10, 0, 0, 0, 7, 0, 9, 0, 9, 0, 7, 7, 0, 0, 0, 0, 0, 0, 8, 0, 0, 0, 0, 0, 9, 0, 0, 0, 7, 0, : 8, 6, 10, 7, 9, 9, 7, 7, 8, 9, 7, 
716: 9, 8, 6, 0, 7, 0, 7, 0, 0, 9, 0, 0, 5, 9, 0, 0, 0, 10, 0, 0, 0, 8, 9, 0, 7, 8, 0, 0, 8, 0, 0, 0, 7, 6, 7, 8, 6, 8, 0, 0, : 9, 8, 6, 7, 7, 9, 5, 9, 10, 8, 9, 7, 8, 8, 7, 6, 7, 8, 6, 8, 
32: 9, 7, 8, 0, 0, 7, 8, 0, 7, 10, 0, 0, 0, 7, 0, 0, 4, 7, 9, 8, 9, 9, 0, 0, 8, 0, 8, 7, 0, 0, 0, 6, 9, 0, 9, 8, 0, 0, 0, 7, : 9, 7, 8, 7, 8, 7, 10, 7, 4, 7, 9, 8, 9, 9, 8, 8, 7, 6, 9, 9, 8, 7, 
215: 10, 0, 5, 7, 0, 0, 0, 0, 4, 0, 5, 0, 10, 8, 5, 8, 0, 7, 8, 0, 0, 0, 8, 7, 0, 0, 7, 8, 0, 6, 6, 8, 0, 8, 7, 7, 0, 0, 7, 7, : 10, 5, 7, 4, 5, 10, 8, 5, 8, 7, 8, 8, 7, 7, 8, 6, 6, 8, 8, 7, 7, 7, 7, 
526: 0, 9, 9, 10, 0, 8, 9, 7, 7, 8, 0, 9, 10, 0, 0, 9, 0, 0, 9, 0, 0, 0, 0, 0, 0, 0, 0, 0, 9, 0, 7, 0, 8, 7, 0, 0, 7, 8, 6, 9, : 9, 9, 10, 8, 9, 7, 7, 8, 9, 10, 9, 9, 9, 7, 8, 7, 7, 8, 6, 9, 
510: 0, 10, 8, 7, 0, 6, 11, 0, 0, 0, 0, 0, 7, 11, 0, 7, 0, 0, 8, 0, 8, 8, 8, 0, 6, 0, 0, 9, 8, 7, 8, 9, 7, 8, 0, 0, 9, 9, 8, 8, : 10, 8, 7, 6, 11, 7, 11, 7, 8, 8, 8, 8, 6, 9, 8, 7, 8, 9, 7, 8, 9, 9, 8, 8, 
298: 0, 0, 0, 0, 10, 0, 0, 0, 9, 7, 8, 8, 5, 6, 0, 8, 6, 0, 6, 8, 0, 7, 0, 0, 9, 0, 7, 0, 9, 8, 0, 0, 8, 0, 0, 7, 0, 9, 0, 7, : 10, 9, 7, 8, 8, 5, 6, 8, 6, 6, 8, 7, 9, 7, 9, 8, 8, 7, 9, 7, 
616: 6, 7, 0, 7, 10, 0, 5, 9, 0, 0, 5, 0, 0, 4, 0, 6, 9, 0, 0, 9, 0, 0, 0, 8, 0, 0, 9, 8, 9, 7, 6, 0, 0, 6, 0, 0, 0, 6, 0, 0, : 6, 7, 7, 10, 5, 9, 5, 4, 6, 9, 9, 8, 9, 8, 9, 7, 6, 6, 6, 
583: 0, 0, 0, 8, 0, 7, 8, 4, 6, 0, 0, 7, 6, 8, 0, 0, 8, 0, 0, 0, 0, 7, 7, 0, 0, 7, 0, 0, 0, 0, 8, 0, 0, 0, 8, 9, 0, 8, 0, 8, : 8, 7, 8, 4, 6, 7, 6, 8, 8, 7, 7, 7, 8, 8, 9, 8, 8, 
60: 0, 0, 0, 0, 0, 0, 0, 6, 0, 6, 9, 6, 8, 0, 0, 0, 5, 0, 0, 0, 0, 6, 7, 7, 7, 6, 7, 0, 8, 0, 0, 0, 8, 9, 8, 0, 7, 0, 0, 0, : 6, 6, 9, 6, 8, 5, 6, 7, 7, 7, 6, 7, 8, 8, 9, 8, 7, 
206: 0, 5, 0, 0, 6, 9, 0, 0, 6, 0, 0, 0, 8, 0, 7, 10, 0, 10, 6, 6, 0, 0, 0, 7, 9, 0, 0, 8, 0, 9, 7, 0, 6, 0, 0, 0, 9, 7, 0, 8, : 5, 6, 9, 6, 8, 7, 10, 10, 6, 6, 7, 9, 8, 9, 7, 6, 9, 7, 8, 
201: 10, 0, 5, 8, 8, 0, 6, 8, 10, 0, 7, 10, 5, 0, 0, 0, 7, 0, 0, 6, 7, 0, 0, 7, 7, 7, 7, 7, 0, 0, 0, 8, 0, 0, 8, 6, 0, 6, 9, 7, : 10, 5, 8, 8, 6, 8, 10, 7, 10, 5, 7, 6, 7, 7, 7, 7, 7, 7, 8, 8, 6, 6, 9, 7, 
94: 7, 7, 0, 8, 7, 0, 8, 8, 8, 8, 0, 9, 9, 0, 5, 5, 6, 9, 0, 7, 8, 0, 0, 7, 0, 9, 0, 0, 0, 8, 0, 0, 0, 0, 0, 0, 8, 7, 8, 0, : 7, 7, 8, 7, 8, 8, 8, 8, 9, 9, 5, 5, 6, 9, 7, 8, 7, 9, 8, 8, 7, 8, 
1: 7, 0, 7, 0, 7, 0, 0, 8, 7, 0, 0, 9, 0, 0, 9, 6, 0, 9, 6, 0, 8, 9, 9, 8, 8, 0, 6, 7, 0, 0, 7, 0, 0, 0, 7, 0, 6, 0, 0, 7, : 7, 7, 7, 8, 7, 9, 9, 6, 9, 6, 8, 9, 9, 8, 8, 6, 7, 7, 7, 6, 7, 
582: 0, 6, 7, 4, 11, 6, 0, 9, 4, 0, 8, 0, 5, 5, 6, 0, 0, 4, 6, 0, 7, 0, 0, 9, 0, 0, 7, 8, 7, 7, 8, 7, 0, 7, 0, 6, 7, 0, 6, 0, : 6, 7, 4, 11, 6, 9, 4, 8, 5, 5, 6, 4, 6, 7, 9, 7, 8, 7, 7, 8, 7, 7, 6, 7, 6, 
15: 8, 0, 0, 0, 8, 7, 0, 0, 8, 0, 0, 0, 0, 9, 0, 0, 9, 8, 7, 0, 0, 7, 7, 0, 6, 7, 0, 9, 7, 9, 9, 7, 7, 0, 0, 0, 8, 9, 8, 0, : 8, 8, 7, 8, 9, 9, 8, 7, 7, 7, 6, 7, 9, 7, 9, 9, 7, 7, 8, 9, 8, 
195: 0, 0, 9, 0, 7, 5, 0, 0, 0, 0, 0, 0, 0, 0, 7, 4, 0, 7, 0, 0, 6, 0, 9, 0, 7, 0, 0, 0, 0, 0, 9, 7, 6, 0, 9, 0, 7, 0, 0, 7, : 9, 7, 5, 7, 4, 7, 6, 9, 7, 9, 7, 6, 9, 7, 7, 
120: 6, 0, 0, 0, 7, 9, 0, 8, 0, 9, 9, 0, 0, 0, 0, 0, 7, 0, 0, 7, 7, 0, 0, 0, 0, 9, 0, 0, 0, 7, 7, 0, 0, 7, 0, 0, 0, 0, 0, 9, : 6, 7, 9, 8, 9, 9, 7, 7, 7, 9, 7, 7, 7, 9, 
209: 0, 5, 0, 10, 0, 8, 0, 7, 0, 7, 7, 0, 7, 6, 10, 6, 4, 8, 6, 9, 0, 0, 0, 8, 0, 7, 9, 7, 0, 0, 0, 0, 0, 0, 0, 0, 6, 6, 0, 0, : 5, 10, 8, 7, 7, 7, 7, 6, 10, 6, 4, 8, 6, 9, 8, 7, 9, 7, 6, 6, 
7: 7, 8, 6, 0, 5, 0, 8, 8, 9, 7, 0, 10, 9, 0, 7, 0, 0, 8, 0, 0, 0, 0, 7, 6, 8, 0, 7, 0, 7, 8, 0, 7, 0, 0, 7, 7, 0, 0, 7, 7, : 7, 8, 6, 5, 8, 8, 9, 7, 10, 9, 7, 8, 7, 6, 8, 7, 7, 8, 7, 7, 7, 7, 7, 
436: 7, 6, 9, 0, 5, 0, 4, 8, 0, 0, 0, 7, 0, 9, 0, 0, 0, 0, 8, 8, 7, 8, 8, 0, 6, 7, 9, 7, 8, 8, 9, 0, 0, 7, 0, 7, 0, 7, 0, 0, : 7, 6, 9, 5, 4, 8, 7, 9, 8, 8, 7, 8, 8, 6, 7, 9, 7, 8, 8, 9, 7, 7, 7, 
282: 0, 8, 0, 9, 0, 8, 9, 4, 0, 6, 6, 8, 0, 0, 8, 4, 8, 0, 0, 0, 0, 8, 7, 0, 0, 7, 0, 6, 0, 7, 0, 0, 0, 0, 7, 7, 9, 0, 0, 0, : 8, 9, 8, 9, 4, 6, 6, 8, 8, 4, 8, 8, 7, 7, 6, 7, 7, 7, 9, 
226: 0, 0, 5, 0, 0, 0, 8, 9, 0, 0, 7, 5, 0, 8, 8, 8, 11, 0, 9, 7, 6, 9, 0, 7, 8, 7, 8, 0, 6, 7, 6, 0, 8, 0, 0, 6, 0, 0, 8, 0, : 5, 8, 9, 7, 5, 8, 8, 8, 11, 9, 7, 6, 9, 7, 8, 7, 8, 6, 7, 6, 8, 6, 8, 


100: 5, 0, 6, 0, 0, 0, 0, 0, 0, 10, 7, 9, 9, 8, 6, 0, 9, 0, 8, 0, 9, 0, 0, 7, 7, 7, 0, 7, 0, 8, 0, 7, 7, 0, 7, 0, 8, 0, 0, 0, : 5, 6, 10, 7, 9, 9, 8, 6, 9, 8, 9, 7, 7, 7, 7, 8, 7, 7, 7, 8, 
246: 0, 0, 8, 9, 0, 0, 0, 0, 0, 9, 9, 8, 0, 0, 6, 0, 9, 0, 9, 0, 7, 8, 8, 9, 0, 0, 0, 0, 0, 0, 0, 0, 7, 0, 7, 0, 0, 0, 9, 9, : 8, 9, 9, 9, 8, 6, 9, 9, 7, 8, 8, 9, 7, 7, 9, 9, 
279: 7, 9, 0, 9, 0, 0, 10, 7, 8, 0, 9, 7, 7, 5, 0, 5, 9, 0, 0, 7, 0, 7, 7, 0, 7, 0, 0, 0, 0, 7, 7, 0, 9, 0, 0, 7, 6, 8, 7, 0, : 7, 9, 9, 10, 7, 8, 9, 7, 7, 5, 5, 9, 7, 7, 7, 7, 7, 7, 9, 7, 6, 8, 7, 
82: 0, 6, 6, 10, 6, 8, 0, 0, 5, 9, 7, 8, 0, 10, 0, 8, 0, 0, 0, 8, 9, 0, 7, 7, 9, 8, 0, 9, 0, 8, 7, 0, 0, 8, 0, 0, 0, 0, 7, 0, : 6, 6, 10, 6, 8, 5, 9, 7, 8, 10, 8, 8, 9, 7, 7, 9, 8, 9, 8, 7, 8, 7, 
276: 9, 6, 7, 0, 9, 5, 0, 7, 0, 7, 0, 9, 0, 0, 9, 0, 6, 8, 0, 7, 0, 0, 7, 0, 7, 7, 7, 7, 8, 0, 7, 7, 0, 0, 0, 0, 7, 7, 0, 8, : 9, 6, 7, 9, 5, 7, 7, 9, 9, 6, 8, 7, 7, 7, 7, 7, 7, 8, 7, 7, 7, 7, 8, 
688: 6, 0, 0, 6, 7, 11, 0, 0, 9, 0, 8, 8, 0, 7, 0, 0, 6, 0, 6, 9, 0, 8, 0, 0, 0, 6, 0, 6, 6, 9, 0, 0, 7, 0, 8, 7, 0, 8, 0, 0, : 6, 6, 7, 11, 9, 8, 8, 7, 6, 6, 9, 8, 6, 6, 6, 9, 7, 8, 7, 8, 
546: 0, 0, 8, 8, 0, 0, 5, 0, 0, 0, 0, 0, 8, 8, 0, 6, 8, 0, 6, 0, 0, 7, 7, 0, 7, 7, 7, 0, 0, 9, 0, 0, 0, 0, 0, 0, 8, 9, 0, 7, : 8, 8, 5, 8, 8, 6, 8, 6, 7, 7, 7, 7, 7, 9, 8, 9, 7, 
455: 8, 0, 0, 5, 0, 8, 0, 0, 9, 7, 6, 0, 5, 0, 7, 9, 9, 7, 0, 8, 8, 9, 0, 0, 8, 9, 0, 0, 7, 0, 0, 7, 0, 6, 9, 0, 9, 0, 0, 7, : 8, 5, 8, 9, 7, 6, 5, 7, 9, 9, 7, 8, 8, 9, 8, 9, 7, 7, 6, 9, 9, 7, 
90: 0, 0, 9, 5, 0, 6, 8, 0, 0, 6, 0, 7, 10, 0, 6, 0, 0, 9, 0, 6, 0, 7, 9, 6, 9, 9, 8, 7, 0, 0, 9, 0, 8, 7, 0, 9, 0, 0, 8, 0, : 9, 5, 6, 8, 6, 7, 10, 6, 9, 6, 7, 9, 6, 9, 9, 8, 7, 9, 8, 7, 9, 8, 
527: 9, 7, 6, 9, 0, 5, 0, 0, 0, 0, 0, 6, 6, 0, 9, 8, 7, 8, 0, 8, 7, 0, 0, 8, 0, 9, 0, 6, 6, 0, 0, 0, 0, 7, 7, 0, 7, 6, 9, 0, : 9, 7, 6, 9, 5, 6, 6, 9, 8, 7, 8, 8, 7, 8, 9, 6, 6, 7, 7, 7, 6, 9, 
98: 0, 0, 10, 0, 0, 0, 0, 6, 10, 0, 5, 0, 10, 6, 0, 0, 6, 0, 7, 7, 0, 0, 0, 7, 0, 0, 0, 0, 0, 0, 0, 0, 7, 7, 7, 8, 8, 8, 7, 8, : 10, 6, 10, 5, 10, 6, 6, 7, 7, 7, 7, 7, 7, 8, 8, 8, 7, 8, 
680: 9, 8, 0, 0, 0, 0, 10, 4, 5, 0, 7, 7, 0, 0, 0, 0, 7, 8, 0, 7, 9, 7, 0, 0, 0, 0, 0, 0, 0, 7, 8, 7, 0, 0, 0, 7, 0, 0, 7, 8, : 9, 8, 10, 4, 5, 7, 7, 7, 8, 7, 9, 7, 7, 8, 7, 7, 7, 8, 
5: 7, 10, 8, 0, 6, 0, 0, 11, 7, 7, 0, 0, 8, 0, 10, 0, 0, 0, 9, 0, 7, 6, 9, 0, 0, 0, 6, 0, 0, 0, 9, 9, 0, 8, 0, 8, 7, 7, 0, 9, : 7, 10, 8, 6, 11, 7, 7, 8, 10, 9, 7, 6, 9, 6, 9, 9, 8, 8, 7, 7, 9, 
213: 0, 0, 7, 0, 0, 9, 7, 7, 0, 0, 8, 0, 8, 0, 6, 0, 8, 0, 8, 0, 0, 9, 6, 9, 7, 7, 7, 7, 8, 0, 6, 8, 7, 7, 9, 7, 0, 7, 0, 0, : 7, 9, 7, 7, 8, 8, 6, 8, 8, 9, 6, 9, 7, 7, 7, 7, 8, 6, 8, 7, 7, 9, 7, 7, 
227: 6, 0, 11, 7, 7, 0, 7, 9, 0, 0, 0, 0, 0, 7, 0, 0, 8, 8, 8, 8, 0, 0, 9, 0, 0, 7, 0, 0, 7, 6, 7, 0, 7, 0, 0, 0, 0, 0, 7, 0, : 6, 11, 7, 7, 7, 9, 7, 8, 8, 8, 8, 9, 7, 7, 6, 7, 7, 7, 
108: 0, 8, 0, 7, 0, 0, 5, 8, 8, 4, 9, 0, 9, 8, 0, 9, 0, 0, 8, 8, 8, 6, 8, 7, 8, 0, 8, 0, 0, 0, 9, 0, 0, 6, 0, 9, 0, 0, 8, 7, : 8, 7, 5, 8, 8, 4, 9, 9, 8, 9, 8, 8, 8, 6, 8, 7, 8, 8, 9, 6, 9, 8, 7, 
429: 0, 6, 11, 8, 0, 9, 0, 8, 7, 7, 0, 6, 8, 0, 0, 0, 5, 8, 7, 6, 0, 0, 8, 8, 0, 7, 7, 0, 8, 0, 7, 6, 0, 0, 8, 0, 0, 0, 9, 6, : 6, 11, 8, 9, 8, 7, 7, 6, 8, 5, 8, 7, 6, 8, 8, 7, 7, 8, 7, 6, 8, 9, 6, 
299: 0, 7, 7, 0, 0, 5, 7, 0, 0, 0, 0, 0, 0, 0, 0, 9, 0, 5, 7, 0, 0, 8, 7, 0, 0, 0, 0, 0, 7, 0, 7, 7, 0, 0, 0, 6, 8, 0, 7, 7, : 7, 7, 5, 7, 9, 5, 7, 8, 7, 7, 7, 7, 6, 8, 7, 7, 
465: 6, 0, 0, 0, 0, 0, 0, 0, 7, 8, 5, 0, 0, 10, 0, 0, 7, 0, 0, 7, 6, 0, 0, 0, 7, 7, 0, 8, 9, 0, 0, 7, 7, 7, 0, 0, 7, 7, 0, 0, : 6, 7, 8, 5, 10, 7, 7, 6, 7, 7, 8, 9, 7, 7, 7, 7, 7, 
406: 0, 7, 0, 0, 8, 8, 5, 5, 0, 0, 0, 7, 0, 0, 5, 8, 0, 6, 7, 6, 0, 7, 0, 7, 0, 7, 0, 7, 0, 7, 0, 0, 9, 0, 7, 8, 7, 0, 0, 7, : 7, 8, 8, 5, 5, 7, 5, 8, 6, 7, 6, 7, 7, 7, 7, 7, 9, 7, 8, 7, 7, 
482: 5, 0, 0, 7, 11, 7, 8, 6, 0, 8, 0, 0, 0, 6, 0, 6, 0, 6, 8, 0, 0, 7, 0, 6, 8, 6, 9, 0, 0, 8, 7, 8, 9, 7, 6, 0, 0, 9, 7, 9, : 5, 7, 11, 7, 8, 6, 8, 6, 6, 6, 8, 7, 6, 8, 6, 9, 8, 7, 8, 9, 7, 6, 9, 7, 9, 
521: 0, 8, 6, 7, 8, 0, 0, 0, 8, 0, 7, 0, 0, 9, 0, 0, 9, 8, 6, 0, 7, 0, 0, 0, 0, 0, 0, 7, 0, 6, 0, 0, 6, 0, 7, 0, 0, 7, 0, 9, : 8, 6, 7, 8, 8, 7, 9, 9, 8, 6, 7, 7, 6, 6, 7, 7, 9, 
533: 0, 4, 0, 7, 9, 0, 5, 0, 7, 7, 7, 0, 7, 0, 0, 0, 0, 0, 0, 0, 7, 7, 0, 0, 0, 7, 7, 8, 7, 0, 0, 0, 0, 7, 6, 7, 7, 9, 0, 0, : 4, 7, 9, 5, 7, 7, 7, 7, 7, 7, 7, 7, 8, 7, 7, 6, 7, 7, 9, 
141: 0, 8, 0, 0, 0, 0, 0, 0, 0, 10, 0, 7, 0, 0, 0, 0, 0, 7, 0, 8, 7, 0, 0, 7, 0, 0, 8, 0, 7, 0, 0, 0, 7, 0, 7, 9, 0, 6, 6, 0, : 8, 10, 7, 7, 8, 7, 7, 8, 7, 7, 7, 9, 6, 6, 
35: 0, 0, 0, 0, 0, 0, 7, 0, 0, 0, 0, 9, 9, 10, 9, 8, 0, 0, 9, 0, 0, 7, 0, 0, 9, 0, 6, 0, 0, 7, 6, 0, 7, 0, 0, 0, 9, 0, 8, 8, : 7, 9, 9, 10, 9, 8, 9, 7, 9, 6, 7, 6, 7, 9, 8, 8, 
202: 9, 0, 7, 0, 0, 0, 11, 0, 7, 5, 0, 6, 0, 8, 6, 0, 8, 0, 0, 7, 8, 7, 0, 0, 7, 0, 0, 9, 0, 9, 0, 9, 0, 0, 8, 7, 0, 0, 9, 7, : 9, 7, 11, 7, 5, 6, 8, 6, 8, 7, 8, 7, 7, 9, 9, 9, 8, 7, 9, 7, 
676: 0, 7, 0, 6, 8, 7, 4, 7, 9, 0, 9, 0, 6, 0, 10, 0, 0, 9, 0, 0, 0, 0, 8, 9, 6, 0, 0, 9, 7, 7, 7, 0, 0, 9, 0, 0, 7, 0, 7, 0, : 7, 6, 8, 7, 4, 7, 9, 9, 6, 10, 9, 8, 9, 6, 9, 7, 7, 7, 9, 7, 7, 
586: 11, 0, 8, 8, 7, 0, 0, 0, 0, 8, 8, 7, 7, 0, 8, 7, 8, 7, 8, 0, 7, 0, 7, 7, 0, 0, 8, 9, 9, 7, 0, 0, 7, 9, 9, 0, 7, 7, 0, 7, : 11, 8, 8, 7, 8, 8, 7, 7, 8, 7, 8, 7, 8, 7, 7, 7, 8, 9, 9, 7, 7, 9, 9, 7, 7, 7, 
158: 0, 0, 8, 0, 7, 0, 0, 7, 0, 0, 9, 0, 8, 5, 0, 8, 0, 0, 0, 0, 0, 0, 0, 8, 0, 0, 7, 8, 7, 7, 0, 8, 8, 8, 0, 7, 9, 8, 7, 0, : 8, 7, 7, 9, 8, 5, 8, 8, 7, 8, 7, 7, 8, 8, 8, 7, 9, 8, 7, 
52: 0, 0, 0, 0, 0, 7, 0, 7, 7, 8, 8, 9, 6, 8, 0, 8, 7, 7, 0, 0, 7, 0, 6, 0, 7, 0, 0, 0, 0, 0, 7, 6, 0, 0, 8, 9, 0, 7, 8, 7, : 7, 7, 7, 8, 8, 9, 6, 8, 8, 7, 7, 7, 6, 7, 7, 6, 8, 9, 7, 8, 7, 
106: 6, 7, 7, 0, 0, 0, 0, 0, 0, 0, 0, 9, 0, 0, 10, 6, 0, 0, 0, 0, 8, 7, 0, 8, 6, 0, 7, 0, 7, 0, 0, 8, 0, 7, 7, 0, 0, 0, 0, 0, : 6, 7, 7, 9, 10, 6, 8, 7, 8, 6, 7, 7, 8, 7, 7, 
131: 0, 0, 0, 0, 8, 8, 0, 0, 0, 0, 0, 0, 6, 6, 6, 10, 0, 0, 0, 9, 7, 0, 0, 0, 0, 7, 0, 7, 7, 9, 8, 9, 9, 9, 0, 0, 0, 0, 0, 0, : 8, 8, 6, 6, 6, 10, 9, 7, 7, 7, 7, 9, 8, 9, 9, 9, 
392: 6, 8, 0, 7, 6, 0, 11, 0, 6, 0, 10, 8, 0, 0, 8, 8, 0, 0, 7, 0, 0, 0, 0, 7, 9, 8, 7, 7, 8, 7, 8, 7, 0, 7, 0, 0, 6, 0, 6, 0, : 6, 8, 7, 6, 11, 6, 10, 8, 8, 8, 7, 7, 9, 8, 7, 7, 8, 7, 8, 7, 7, 6, 6, 
757: 0, 0, 0, 0, 9, 10, 0, 10, 0, 0, 6, 0, 0, 8, 7, 0, 6, 9, 8, 0, 0, 0, 7, 9, 0, 0, 0, 0, 7, 7, 7, 0, 0, 9, 0, 0, 0, 0, 0, 7, : 9, 10, 10, 6, 8, 7, 6, 9, 8, 7, 9, 7, 7, 7, 9, 7, 
505: 9, 10, 0, 0, 8, 8, 8, 8, 0, 0, 0, 0, 0, 5, 0, 7, 0, 0, 7, 0, 0, 9, 0, 0, 0, 8, 7, 0, 0, 0, 0, 7, 6, 0, 0, 8, 0, 0, 7, 0, : 9, 10, 8, 8, 8, 8, 5, 7, 7, 9, 8, 7, 7, 6, 8, 7, 
655: 0, 11, 4, 0, 8, 0, 9, 6, 7, 8, 0, 7, 4, 7, 0, 5, 8, 8, 7, 9, 7, 0, 7, 7, 7, 0, 7, 8, 9, 0, 8, 7, 0, 8, 0, 7, 0, 7, 0, 0, : 11, 4, 8, 9, 6, 7, 8, 7, 4, 7, 5, 8, 8, 7, 9, 7, 7, 7, 7, 7, 8, 9, 8, 7, 8, 7, 7, 
428: 9, 6, 6, 10, 5, 8, 7, 10, 8, 0, 0, 0, 0, 0, 8, 0, 0, 6, 0, 0, 9, 0, 7, 0, 8, 0, 9, 0, 0, 7, 0, 7, 8, 0, 7, 7, 0, 0, 0, 0, : 9, 6, 6, 10, 5, 8, 7, 10, 8, 8, 6, 9, 7, 8, 9, 7, 7, 8, 7, 7, 
572: 9, 7, 0, 0, 0, 4, 9, 9, 7, 9, 0, 0, 0, 0, 6, 0, 0, 0, 0, 7, 6, 0, 7, 0, 0, 9, 9, 7, 0, 0, 0, 0, 0, 7, 0, 0, 7, 9, 0, 0, : 9, 7, 4, 9, 9, 7, 9, 6, 7, 6, 7, 9, 9, 7, 7, 7, 9, 
34: 7, 0, 0, 8, 5, 9, 0, 0, 0, 6, 0, 0, 0, 9, 8, 8, 0, 7, 0, 8, 0, 8, 9, 7, 7, 0, 9, 7, 9, 8, 9, 0, 0, 0, 9, 7, 7, 7, 0, 6, : 7, 8, 5, 9, 6, 9, 8, 8, 7, 8, 8, 9, 7, 7, 9, 7, 9, 8, 9, 9, 7, 7, 7, 6, 
435: 7, 0, 0, 7, 8, 8, 7, 8, 9, 7, 6, 6, 9, 0, 0, 7, 0, 9, 0, 0, 0, 9, 0, 0, 0, 8, 0, 0, 0, 0, 0, 9, 8, 0, 7, 6, 9, 7, 0, 7, : 7, 7, 8, 8, 7, 8, 9, 7, 6, 6, 9, 7, 9, 9, 8, 9, 8, 7, 6, 9, 7, 7, 


280: 8, 7, 7, 10, 5, 8, 0, 8, 0, 10, 8, 0, 0, 6, 0, 9, 8, 0, 0, 0, 5, 8, 0, 0, 7, 0, 0, 0, 0, 0, 8, 0, 0, 8, 0, 8, 0, 9, 9, 7, : 8, 7, 7, 10, 5, 8, 8, 10, 8, 6, 9, 8, 5, 8, 7, 8, 8, 8, 9, 9, 7, 
542: 0, 7, 0, 7, 8, 0, 7, 0, 0, 8, 0, 0, 0, 9, 6, 4, 9, 9, 0, 9, 7, 0, 0, 0, 9, 0, 8, 8, 9, 0, 0, 7, 0, 0, 8, 0, 0, 0, 8, 8, : 7, 7, 8, 7, 8, 9, 6, 4, 9, 9, 9, 7, 9, 8, 8, 9, 7, 8, 8, 8, 
264: 0, 7, 8, 7, 8, 0, 9, 5, 7, 0, 6, 0, 0, 0, 5, 0, 0, 7, 9, 0, 9, 8, 0, 0, 0, 0, 0, 0, 8, 0, 7, 0, 8, 0, 0, 0, 0, 8, 8, 6, : 7, 8, 7, 8, 9, 5, 7, 6, 5, 7, 9, 9, 8, 8, 7, 8, 8, 8, 6, 
182: 8, 0, 0, 0, 0, 4, 6, 0, 0, 5, 7, 0, 0, 0, 0, 0, 5, 7, 0, 8, 0, 9, 9, 8, 0, 8, 0, 0, 0, 0, 0, 6, 0, 0, 8, 0, 9, 0, 9, 0, : 8, 4, 6, 5, 7, 5, 7, 8, 9, 9, 8, 8, 6, 8, 9, 9, 
14: 0, 0, 11, 9, 0, 0, 7, 0, 0, 5, 0, 10, 6, 8, 9, 0, 0, 8, 0, 0, 8, 7, 0, 6, 0, 0, 0, 8, 6, 8, 0, 9, 0, 0, 0, 0, 8, 8, 8, 9, : 11, 9, 7, 5, 10, 6, 8, 9, 8, 8, 7, 6, 8, 6, 8, 9, 8, 8, 8, 9, 
516: 0, 0, 0, 0, 0, 8, 5, 0, 5, 8, 9, 0, 6, 8, 6, 0, 8, 8, 0, 0, 0, 0, 8, 0, 0, 0, 0, 6, 8, 7, 7, 0, 8, 8, 6, 7, 9, 0, 0, 0, : 8, 5, 5, 8, 9, 6, 8, 6, 8, 8, 8, 6, 8, 7, 7, 8, 8, 6, 7, 9, 
696: 9, 0, 0, 0, 0, 0, 7, 0, 0, 8, 7, 5, 9, 0, 0, 9, 10, 0, 8, 0, 6, 8, 8, 0, 8, 6, 8, 7, 7, 8, 6, 8, 0, 8, 0, 8, 6, 8, 8, 6, : 9, 7, 8, 7, 5, 9, 9, 10, 8, 6, 8, 8, 8, 6, 8, 7, 7, 8, 6, 8, 8, 8, 6, 8, 8, 6, 
57: 0, 0, 0, 4, 0, 9, 6, 0, 8, 8, 6, 0, 0, 7, 0, 0, 9, 0, 8, 0, 8, 0, 8, 8, 0, 7, 6, 0, 9, 0, 0, 8, 6, 0, 7, 8, 8, 0, 0, 0, : 4, 9, 6, 8, 8, 6, 7, 9, 8, 8, 8, 8, 7, 6, 9, 8, 6, 7, 8, 8, 
292: 8, 0, 0, 0, 7, 0, 5, 9, 9, 9, 10, 7, 9, 0, 10, 6, 0, 0, 0, 8, 0, 9, 0, 7, 0, 0, 0, 7, 0, 9, 6, 0, 7, 9, 7, 0, 0, 7, 9, 0, : 8, 7, 5, 9, 9, 9, 10, 7, 9, 10, 6, 8, 9, 7, 7, 9, 6, 7, 9, 7, 7, 9, 
480: 9, 0, 0, 0, 7, 0, 8, 0, 0, 0, 0, 9, 6, 6, 0, 0, 0, 0, 6, 0, 7, 6, 0, 8, 0, 6, 0, 0, 8, 0, 9, 0, 0, 8, 8, 0, 8, 8, 8, 0, : 9, 7, 8, 9, 6, 6, 6, 7, 6, 8, 6, 8, 9, 8, 8, 8, 8, 8, 
562: 0, 6, 0, 0, 0, 7, 0, 7, 0, 0, 0, 0, 9, 7, 6, 8, 0, 6, 0, 0, 0, 0, 6, 8, 8, 0, 6, 8, 0, 8, 9, 0, 0, 9, 0, 0, 9, 0, 6, 0, : 6, 7, 7, 9, 7, 6, 8, 6, 6, 8, 8, 6, 8, 8, 9, 9, 9, 6, 
87: 0, 9, 4, 0, 0, 0, 9, 0, 0, 0, 0, 0, 8, 0, 0, 0, 0, 7, 7, 6, 0, 8, 8, 0, 0, 0, 7, 8, 8, 8, 9, 0, 0, 9, 0, 0, 0, 0, 0, 0, : 9, 4, 9, 8, 7, 7, 6, 8, 8, 7, 8, 8, 8, 9, 9, 
388: 9, 0, 7, 8, 5, 0, 8, 0, 9, 0, 0, 0, 6, 8, 10, 6, 8, 8, 0, 6, 0, 5, 8, 9, 9, 8, 9, 5, 6, 0, 0, 9, 8, 6, 8, 0, 7, 0, 0, 9, : 9, 7, 8, 5, 8, 9, 6, 8, 10, 6, 8, 8, 6, 5, 8, 9, 9, 8, 9, 5, 6, 9, 8, 6, 8, 7, 9, 
721: 0, 7, 0, 11, 6, 6, 0, 0, 0, 0, 0, 5, 9, 0, 8, 9, 0, 8, 6, 6, 8, 8, 0, 6, 0, 8, 8, 6, 8, 5, 0, 0, 0, 8, 6, 9, 7, 8, 0, 7, : 7, 11, 6, 6, 5, 9, 8, 9, 8, 6, 6, 8, 8, 6, 8, 8, 6, 8, 5, 8, 6, 9, 7, 8, 7, 
326: 0, 5, 7, 0, 0, 0, 0, 7, 7, 6, 0, 0, 0, 0, 4, 6, 0, 0, 0, 0, 8, 6, 0, 0, 0, 0, 0, 8, 8, 0, 0, 0, 0, 8, 8, 9, 0, 9, 0, 7, : 5, 7, 7, 7, 6, 4, 6, 8, 6, 8, 8, 8, 8, 9, 9, 7, 
631: 6, 0, 5, 0, 11, 0, 0, 7, 8, 0, 0, 0, 0, 8, 0, 0, 8, 0, 8, 0, 9, 8, 9, 5, 8, 0, 0, 6, 0, 0, 7, 0, 6, 5, 0, 0, 8, 0, 0, 5, : 6, 5, 11, 7, 8, 8, 8, 8, 9, 8, 9, 5, 8, 6, 7, 6, 5, 8, 5, 
303: 0, 0, 0, 7, 9, 0, 0, 8, 0, 8, 10, 0, 0, 9, 0, 9, 0, 8, 0, 9, 9, 0, 0, 0, 0, 0, 7, 0, 0, 0, 8, 0, 0, 0, 0, 0, 0, 6, 0, 0, : 7, 9, 8, 8, 10, 9, 9, 8, 9, 9, 7, 8, 6, 
438: 7, 9, 8, 9, 7, 0, 8, 8, 0, 0, 7, 7, 7, 6, 8, 0, 9, 5, 0, 7, 0, 0, 8, 7, 5, 0, 6, 0, 0, 9, 0, 0, 7, 0, 0, 0, 8, 0, 0, 0, : 7, 9, 8, 9, 7, 8, 8, 7, 7, 7, 6, 8, 9, 5, 7, 8, 7, 5, 6, 9, 7, 8, 
235: 7, 0, 0, 0, 0, 9, 0, 6, 0, 0, 0, 11, 7, 0, 0, 9, 0, 8, 6, 7, 0, 0, 8, 0, 7, 8, 8, 0, 0, 0, 8, 8, 0, 6, 9, 9, 0, 0, 7, 9, : 7, 9, 6, 11, 7, 9, 8, 6, 7, 8, 7, 8, 8, 8, 8, 6, 9, 9, 7, 9, 
726: 0, 0, 9, 4, 10, 0, 10, 7, 0, 8, 0, 0, 0, 8, 0, 0, 5, 0, 5, 0, 6, 8, 0, 8, 0, 7, 8, 7, 0, 0, 8, 0, 0, 0, 0, 7, 5, 0, 7, 8, : 9, 4, 10, 10, 7, 8, 8, 5, 5, 6, 8, 8, 7, 8, 7, 8, 7, 5, 7, 8, 
579: 8, 10, 0, 0, 0, 0, 11, 10, 6, 8, 0, 10, 0, 10, 0, 10, 9, 8, 8, 0, 6, 0, 0, 0, 0, 0, 7, 0, 7, 6, 0, 9, 8, 0, 0, 0, 0, 0, 0, 8, : 8, 10, 11, 10, 6, 8, 10, 10, 10, 9, 8, 8, 6, 7, 7, 6, 9, 8, 8, 
786: 0, 8, 0, 4, 0, 7, 7, 5, 9, 9, 6, 0, 8, 0, 0, 10, 9, 8, 9, 0, 0, 0, 7, 0, 8, 7, 0, 0, 7, 6, 0, 0, 6, 6, 8, 0, 0, 0, 7, 8, : 8, 4, 7, 7, 5, 9, 9, 6, 8, 10, 9, 8, 9, 7, 8, 7, 7, 6, 6, 6, 8, 7, 8, 
441: 7, 0, 0, 8, 0, 9, 0, 0, 8, 0, 0, 7, 8, 0, 0, 0, 8, 0, 8, 7, 8, 0, 0, 6, 0, 0, 8, 8, 0, 8, 0, 0, 0, 0, 0, 0, 0, 6, 0, 0, : 7, 8, 9, 8, 7, 8, 8, 8, 7, 8, 6, 8, 8, 8, 6, 
168: 0, 0, 7, 0, 0, 7, 0, 0, 0, 10, 0, 9, 0, 10, 0, 9, 0, 0, 0, 6, 0, 0, 6, 0, 0, 8, 0, 9, 0, 8, 0, 0, 0, 0, 0, 8, 6, 0, 5, 0, : 7, 7, 10, 9, 10, 9, 6, 6, 8, 9, 8, 8, 6, 5, 
622: 0, 5, 0, 5, 10, 0, 0, 7, 0, 0, 5, 5, 5, 7, 8, 0, 9, 0, 0, 8, 0, 0, 8, 0, 6, 0, 8, 0, 9, 0, 8, 8, 7, 0, 0, 0, 0, 7, 6, 0, : 5, 5, 10, 7, 5, 5, 5, 7, 8, 9, 8, 8, 6, 8, 9, 8, 8, 7, 7, 6, 
795: 7, 6, 9, 8, 7, 8, 5, 0, 4, 0, 8, 9, 0, 0, 9, 5, 0, 7, 9, 8, 7, 6, 0, 8, 0, 0, 8, 0, 7, 0, 8, 0, 8, 0, 0, 5, 0, 6, 0, 8, : 7, 6, 9, 8, 7, 8, 5, 4, 8, 9, 9, 5, 7, 9, 8, 7, 6, 8, 8, 7, 8, 8, 5, 6, 8, 
180: 7, 9, 11, 0, 0, 7, 9, 9, 0, 0, 0, 5, 0, 8, 0, 0, 4, 0, 0, 0, 0, 7, 7, 8, 9, 9, 0, 0, 0, 8, 8, 0, 9, 7, 0, 0, 7, 8, 0, 0, : 7, 9, 11, 7, 9, 9, 5, 8, 4, 7, 7, 8, 9, 9, 8, 8, 9, 7, 7, 8, 
347: 7, 10, 4, 0, 9, 0, 0, 0, 9, 0, 10, 0, 0, 6, 11, 0, 0, 7, 9, 8, 0, 0, 0, 0, 7, 5, 9, 9, 0, 7, 8, 5, 0, 0, 9, 6, 0, 8, 8, 0, : 7, 10, 4, 9, 9, 10, 6, 11, 7, 9, 8, 7, 5, 9, 9, 7, 8, 5, 9, 6, 8, 8, 
331: 7, 8, 7, 0, 0, 6, 0, 0, 0, 7, 5, 8, 7, 0, 7, 0, 5, 9, 0, 0, 9, 0, 7, 0, 8, 8, 8, 8, 0, 6, 0, 7, 9, 0, 0, 0, 6, 8, 8, 0, : 7, 8, 7, 6, 7, 5, 8, 7, 7, 5, 9, 9, 7, 8, 8, 8, 8, 6, 7, 9, 6, 8, 8, 
748: 0, 5, 9, 7, 4, 0, 0, 0, 4, 6, 8, 10, 0, 0, 7, 8, 0, 0, 6, 0, 0, 9, 0, 7, 8, 0, 0, 0, 5, 9, 0, 6, 8, 8, 0, 6, 7, 0, 0, 7, : 5, 9, 7, 4, 4, 6, 8, 10, 7, 8, 6, 9, 7, 8, 5, 9, 6, 8, 8, 6, 7, 7, 
4: 0, 0, 0, 0, 6, 7, 0, 11, 6, 0, 0, 0, 0, 0, 0, 5, 7, 0, 0, 8, 8, 0, 0, 0, 6, 6, 0, 0, 0, 0, 5, 0, 0, 0, 8, 0, 0, 0, 7, 0, : 6, 7, 11, 6, 5, 7, 8, 8, 6, 6, 5, 8, 7, 
453: 0, 0, 9, 11, 0, 0, 6, 5, 10, 9, 5, 7, 0, 0, 7, 6, 5, 0, 7, 0, 0, 0, 8, 9, 0, 8, 0, 7, 8, 7, 7, 7, 8, 0, 0, 8, 8, 0, 6, 8, : 9, 11, 6, 5, 10, 9, 5, 7, 7, 6, 5, 7, 8, 9, 8, 7, 8, 7, 7, 7, 8, 8, 8, 6, 8, 
692: 0, 8, 0, 7, 0, 7, 0, 10, 0, 0, 6, 0, 10, 0, 0, 0, 0, 0, 8, 9, 0, 7, 0, 0, 8, 9, 0, 0, 0, 0, 0, 0, 5, 0, 8, 8, 8, 7, 0, 8, : 8, 7, 7, 10, 6, 10, 8, 9, 7, 8, 9, 5, 8, 8, 8, 7, 8, 
551: 9, 0, 0, 0, 8, 0, 0, 0, 0, 0, 0, 9, 0, 5, 0, 0, 0, 0, 0, 8, 0, 8, 0, 0, 6, 0, 0, 8, 0, 0, 6, 8, 8, 0, 8, 7, 0, 8, 8, 0, : 9, 8, 9, 5, 8, 8, 6, 8, 6, 8, 8, 8, 7, 8, 8, 
468: 8, 7, 0, 6, 0, 0, 7, 11, 0, 5, 9, 6, 11, 9, 10, 0, 0, 0, 0, 0, 8, 0, 0, 0, 0, 8, 9, 9, 0, 8, 8, 8, 8, 8, 7, 0, 8, 7, 0, 8, : 8, 7, 6, 7, 11, 5, 9, 6, 11, 9, 10, 8, 8, 9, 9, 8, 8, 8, 8, 8, 7, 8, 7, 8, 
242: 9, 8, 0, 9, 0, 9, 0, 5, 6, 9, 10, 6, 0, 0, 7, 0, 0, 0, 0, 8, 8, 0, 7, 9, 8, 0, 5, 8, 8, 0, 0, 8, 0, 7, 0, 8, 0, 0, 0, 6, : 9, 8, 9, 9, 5, 6, 9, 10, 6, 7, 8, 8, 7, 9, 8, 5, 8, 8, 8, 7, 8, 6, 
147: 4, 9, 10, 0, 6, 6, 10, 0, 10, 0, 8, 0, 8, 0, 0, 9, 8, 7, 0, 5, 0, 7, 5, 8, 0, 9, 0, 0, 6, 7, 0, 8, 0, 7, 6, 8, 0, 0, 8, 0, : 4, 9, 10, 6, 6, 10, 10, 8, 8, 9, 8, 7, 5, 7, 5, 8, 9, 6, 7, 8, 7, 6, 8, 8, 
177: 0, 0, 5, 0, 11, 10, 0, 5, 10, 0, 0, 0, 0, 0, 5, 8, 0, 8, 7, 0, 6, 0, 0, 0, 0, 8, 0, 0, 0, 8, 0, 6, 9, 0, 7, 7, 0, 0, 0, 8, : 5, 11, 10, 5, 10, 5, 8, 8, 7, 6, 8, 8, 6, 9, 7, 7, 8, 
729: 0, 0, 9, 9, 6, 9, 0, 0, 8, 0, 0, 0, 5, 5, 0, 5, 0, 7, 8, 0, 0, 0, 9, 8, 8, 0, 0, 0, 0, 0, 0, 8, 7, 8, 5, 8, 8, 9, 0, 0, : 9, 9, 6, 9, 8, 5, 5, 5, 7, 8, 9, 8, 8, 8, 7, 8, 5, 8, 8, 9, 
307: 6, 0, 4, 0, 0, 7, 0, 0, 7, 4, 0, 5, 6, 0, 7, 0, 7, 0, 8, 9, 0, 8, 6, 7, 7, 7, 7, 0, 8, 0, 0, 7, 0, 7, 9, 6, 0, 5, 0, 0, : 6, 4, 7, 7, 4, 5, 6, 7, 7, 8, 9, 8, 6, 7, 7, 7, 7, 8, 7, 7, 9, 6, 5, 


314: 8, 7, 7, 0, 0, 0, 0, 8, 8, 0, 9, 0, 0, 9, 5, 6, 7, 7, 0, 0, 9, 9, 0, 6, 7, 8, 7, 0, 0, 0, 0, 0, 0, 8, 0, 8, 0, 7, 0, 0, : 8, 7, 7, 8, 8, 9, 9, 5, 6, 7, 7, 9, 9, 6, 7, 8, 7, 8, 8, 7, 
621: 0, 0, 0, 5, 0, 0, 10, 11, 6, 10, 10, 11, 4, 0, 9, 0, 0, 9, 0, 7, 8, 0, 8, 7, 8, 5, 0, 9, 8, 7, 0, 8, 7, 0, 7, 0, 0, 8, 8, 0, : 5, 10, 11, 6, 10, 10, 11, 4, 9, 9, 7, 8, 8, 7, 8, 5, 9, 8, 7, 8, 7, 7, 8, 8, 
531: 0, 0, 0, 6, 6, 7, 0, 0, 7, 0, 6, 0, 8, 6, 7, 8, 5, 6, 0, 0, 0, 7, 0, 7, 8, 0, 0, 8, 7, 0, 0, 0, 0, 0, 0, 0, 0, 0, 7, 5, : 6, 6, 7, 7, 6, 8, 6, 7, 8, 5, 6, 7, 7, 8, 8, 7, 7, 5, 
754: 0, 9, 0, 0, 0, 11, 8, 7, 7, 7, 0, 7, 0, 0, 7, 0, 0, 0, 7, 0, 6, 0, 0, 8, 0, 0, 0, 8, 8, 8, 8, 0, 0, 7, 0, 5, 8, 0, 7, 0, : 9, 11, 8, 7, 7, 7, 7, 7, 7, 6, 8, 8, 8, 8, 8, 7, 5, 8, 7, 
719: 0, 0, 0, 8, 0, 0, 6, 0, 0, 8, 9, 0, 0, 7, 0, 9, 8, 10, 0, 8, 0, 8, 0, 0, 0, 0, 8, 0, 7, 9, 0, 0, 8, 0, 0, 0, 7, 8, 0, 9, : 8, 6, 8, 9, 7, 9, 8, 10, 8, 8, 8, 7, 9, 8, 7, 8, 9, 
690: 7, 0, 0, 10, 9, 7, 0, 7, 7, 9, 8, 0, 7, 7, 0, 8, 11, 0, 0, 0, 0, 0, 0, 0, 0, 8, 0, 0, 7, 0, 0, 8, 0, 8, 0, 8, 0, 8, 8, 0, : 7, 10, 9, 7, 7, 7, 9, 8, 7, 7, 8, 11, 8, 7, 8, 8, 8, 8, 8, 
225: 8, 0, 6, 0, 0, 9, 8, 0, 10, 9, 7, 8, 5, 5, 6, 0, 0, 9, 6, 8, 7, 7, 0, 7, 0, 0, 8, 8, 0, 7, 8, 0, 7, 8, 7, 8, 0, 7, 0, 0, : 8, 6, 9, 8, 10, 9, 7, 8, 5, 5, 6, 9, 6, 8, 7, 7, 7, 8, 8, 7, 8, 7, 8, 7, 8, 7, 
724: 0, 7, 8, 0, 6, 0, 0, 10, 0, 0, 7, 0, 9, 8, 0, 0, 9, 0, 8, 8, 0, 8, 7, 0, 6, 7, 7, 7, 0, 8, 6, 9, 8, 0, 0, 0, 0, 0, 0, 0, : 7, 8, 6, 10, 7, 9, 8, 9, 8, 8, 8, 7, 6, 7, 7, 7, 8, 6, 9, 8, 
173: 9, 0, 0, 10, 0, 6, 7, 0, 10, 0, 6, 6, 6, 7, 0, 0, 0, 0, 7, 7, 8, 0, 8, 8, 7, 6, 0, 0, 8, 0, 0, 8, 0, 8, 8, 7, 0, 0, 8, 7, : 9, 10, 6, 7, 10, 6, 6, 6, 7, 7, 7, 8, 8, 8, 7, 6, 8, 8, 8, 8, 7, 8, 7, 
342: 0, 10, 0, 0, 0, 7, 5, 0, 0, 0, 7, 7, 0, 11, 10, 7, 8, 8, 0, 0, 7, 0, 0, 0, 0, 8, 8, 8, 0, 0, 7, 9, 8, 9, 0, 7, 0, 0, 0, 8, : 10, 7, 5, 7, 7, 11, 10, 7, 8, 8, 7, 8, 8, 8, 7, 9, 8, 9, 7, 8, 
695: 7, 0, 8, 9, 0, 0, 0, 0, 0, 0, 0, 5, 0, 0, 0, 8, 0, 4, 9, 7, 0, 7, 0, 9, 7, 8, 0, 0, 6, 0, 8, 0, 8, 8, 0, 7, 7, 8, 0, 0, : 7, 8, 9, 5, 8, 4, 9, 7, 7, 9, 7, 8, 6, 8, 8, 8, 7, 7, 8, 
517: 8, 0, 6, 0, 0, 0, 7, 0, 0, 0, 0, 6, 6, 0, 8, 8, 0, 0, 7, 0, 0, 9, 0, 0, 0, 7, 0, 7, 0, 0, 7, 8, 5, 7, 0, 6, 0, 0, 0, 0, : 8, 6, 7, 6, 6, 8, 8, 7, 9, 7, 7, 7, 8, 5, 7, 6, 
9: 7, 0, 7, 8, 10, 11, 5, 9, 0, 5, 0, 0, 7, 5, 8, 0, 0, 7, 0, 0, 0, 0, 8, 0, 7, 9, 0, 5, 5, 8, 7, 7, 0, 0, 0, 9, 8, 0, 8, 6, : 7, 7, 8, 10, 11, 5, 9, 5, 7, 5, 8, 7, 8, 7, 9, 5, 5, 8, 7, 7, 9, 8, 8, 6, 
88: 9, 0, 8, 0, 0, 0, 8, 8, 7, 0, 6, 11, 11, 0, 7, 4, 9, 0, 8, 0, 0, 0, 7, 8, 0, 0, 0, 7, 0, 8, 8, 6, 7, 8, 0, 0, 0, 0, 9, 8, : 9, 8, 8, 8, 7, 6, 11, 11, 7, 4, 9, 8, 7, 8, 7, 8, 8, 6, 7, 8, 9, 8, 
723: 0, 6, 0, 7, 11, 0, 0, 0, 0, 0, 0, 0, 0, 0, 10, 8, 6, 0, 0, 8, 7, 7, 7, 0, 8, 0, 8, 6, 0, 0, 8, 0, 0, 0, 9, 7, 8, 8, 8, 0, : 6, 7, 11, 10, 8, 6, 8, 7, 7, 7, 8, 8, 6, 8, 9, 7, 8, 8, 8, 
799: 0, 0, 0, 0, 5, 8, 0, 0, 6, 0, 10, 10, 0, 6, 6, 0, 0, 8, 10, 0, 8, 0, 7, 5, 8, 0, 8, 0, 0, 7, 0, 8, 0, 5, 8, 0, 8, 0, 8, 0, : 5, 8, 6, 10, 10, 6, 6, 8, 10, 8, 7, 5, 8, 8, 7, 8, 5, 8, 8, 8, 
697: 9, 7, 7, 7, 7, 0, 8, 9, 0, 0, 0, 9, 0, 0, 8, 9, 0, 7, 0, 0, 8, 0, 0, 0, 0, 0, 7, 0, 0, 0, 7, 0, 7, 0, 8, 8, 9, 0, 0, 0, : 9, 7, 7, 7, 7, 8, 9, 9, 8, 9, 7, 8, 7, 7, 7, 8, 8, 9, 
174: 0, 0, 0, 0, 8, 7, 0, 7, 9, 7, 0, 0, 0, 0, 7, 8, 0, 0, 9, 0, 8, 8, 0, 0, 0, 0, 8, 7, 0, 0, 8, 0, 9, 0, 8, 8, 0, 7, 8, 8, : 8, 7, 7, 9, 7, 7, 8, 9, 8, 8, 8, 7, 8, 9, 8, 8, 7, 8, 8, 
24: 0, 0, 4, 5, 0, 6, 0, 0, 0, 0, 0, 0, 7, 10, 0, 6, 0, 9, 7, 9, 7, 8, 0, 0, 8, 8, 9, 0, 0, 7, 7, 0, 0, 0, 5, 7, 8, 0, 5, 0, : 4, 5, 6, 7, 10, 6, 9, 7, 9, 7, 8, 8, 8, 9, 7, 7, 5, 7, 8, 5, 
68: 0, 6, 0, 0, 7, 0, 7, 0, 9, 7, 0, 0, 0, 0, 6, 0, 8, 0, 0, 0, 0, 8, 0, 0, 0, 7, 7, 0, 8, 9, 0, 0, 0, 0, 0, 0, 8, 0, 8, 0, : 6, 7, 7, 9, 7, 6, 8, 8, 7, 7, 8, 9, 8, 8, 
229: 8, 7, 9, 8, 6, 8, 10, 0, 0, 6, 6, 9, 10, 0, 0, 0, 7, 0, 7, 0, 8, 8, 0, 0, 8, 7, 0, 9, 9, 0, 0, 0, 8, 0, 0, 0, 6, 0, 0, 8, : 8, 7, 9, 8, 6, 8, 10, 6, 6, 9, 10, 7, 7, 8, 8, 8, 7, 9, 9, 8, 6, 8, 
637: 0, 0, 9, 0, 8, 8, 0, 8, 0, 0, 0, 0, 0, 8, 8, 7, 0, 9, 6, 0, 7, 0, 8, 0, 7, 0, 5, 0, 0, 7, 9, 0, 8, 8, 0, 8, 0, 0, 0, 8, : 9, 8, 8, 8, 8, 8, 7, 9, 6, 7, 8, 7, 5, 7, 9, 8, 8, 8, 8, 
192: 0, 0, 8, 7, 0, 6, 8, 0, 0, 0, 7, 9, 8, 8, 0, 0, 0, 0, 8, 8, 0, 5, 0, 7, 5, 0, 0, 7, 0, 0, 0, 7, 0, 0, 8, 0, 0, 8, 7, 7, : 8, 7, 6, 8, 7, 9, 8, 8, 8, 8, 5, 7, 5, 7, 7, 8, 8, 7, 7, 
197: 7, 0, 6, 0, 6, 8, 7, 6, 0, 11, 5, 0, 8, 0, 0, 0, 5, 0, 8, 0, 0, 7, 7, 8, 0, 0, 7, 7, 8, 0, 8, 7, 0, 7, 8, 0, 0, 6, 7, 9, : 7, 6, 6, 8, 7, 6, 11, 5, 8, 5, 8, 7, 7, 8, 7, 7, 8, 8, 7, 7, 8, 6, 7, 9, 
251: 0, 0, 7, 0, 0, 0, 6, 7, 8, 0, 10, 0, 0, 5, 0, 0, 8, 7, 0, 8, 7, 8, 9, 8, 8, 0, 0, 8, 7, 0, 0, 7, 7, 0, 7, 0, 7, 0, 0, 0, : 7, 6, 7, 8, 10, 5, 8, 7, 8, 7, 8, 9, 8, 8, 8, 7, 7, 7, 7, 7, 
75: 6, 0, 0, 10, 0, 0, 11, 9, 8, 8, 9, 8, 11, 7, 0, 0, 7, 8, 4, 9, 0, 0, 0, 8, 7, 7, 0, 0, 9, 0, 0, 7, 7, 8, 0, 0, 7, 0, 7, 0, : 6, 10, 11, 9, 8, 8, 9, 8, 11, 7, 7, 8, 4, 9, 8, 7, 7, 9, 7, 7, 8, 7, 7, 
600: 7, 7, 9, 8, 7, 7, 0, 0, 7, 6, 9, 8, 7, 0, 0, 8, 0, 6, 7, 8, 8, 0, 8, 7, 0, 0, 0, 0, 0, 0, 0, 7, 0, 8, 0, 0, 7, 8, 6, 0, : 7, 7, 9, 8, 7, 7, 7, 6, 9, 8, 7, 8, 6, 7, 8, 8, 8, 7, 7, 8, 7, 8, 6, 
284: 8, 8, 0, 6, 6, 0, 0, 7, 0, 0, 0, 4, 0, 0, 6, 0, 8, 0, 0, 8, 5, 0, 6, 8, 0, 8, 0, 0, 8, 8, 0, 0, 0, 0, 0, 9, 8, 9, 0, 7, : 8, 8, 6, 6, 7, 4, 6, 8, 8, 5, 6, 8, 8, 8, 8, 9, 8, 9, 7, 
20: 8, 8, 0, 9, 0, 0, 6, 6, 7, 7, 7, 4, 8, 0, 0, 6, 5, 0, 0, 6, 0, 6, 0, 0, 0, 0, 0, 8, 7, 8, 0, 0, 6, 7, 7, 8, 9, 8, 0, 7, : 8, 8, 9, 6, 6, 7, 7, 7, 4, 8, 6, 5, 6, 6, 8, 7, 8, 6, 7, 7, 8, 9, 8, 7, 
163: 0, 0, 0, 0, 9, 0, 8, 6, 7, 0, 0, 0, 0, 0, 0, 0, 0, 0, 0, 0, 0, 7, 7, 8, 0, 0, 7, 8, 7, 0, 8, 7, 8, 0, 8, 0, 5, 8, 0, 0, : 9, 8, 6, 7, 7, 7, 8, 7, 8, 7, 8, 7, 8, 8, 5, 8, 
372: 0, 7, 8, 6, 0, 7, 0, 7, 5, 0, 6, 0, 0, 0, 8, 0, 8, 0, 7, 0, 8, 0, 0, 0, 0, 0, 6, 8, 0, 5, 5, 8, 7, 0, 6, 0, 0, 7, 0, 0, : 7, 8, 6, 7, 7, 5, 6, 8, 8, 7, 8, 6, 8, 5, 5, 8, 7, 6, 7, 
332: 6, 9, 7, 0, 7, 8, 0, 5, 9, 8, 0, 0, 0, 0, 0, 11, 4, 7, 0, 6, 0, 0, 0, 8, 8, 0, 0, 0, 8, 0, 8, 0, 8, 7, 7, 7, 0, 7, 0, 8, : 6, 9, 7, 7, 8, 5, 9, 8, 11, 4, 7, 6, 8, 8, 8, 8, 8, 7, 7, 7, 7, 8, 
743: 8, 7, 9, 8, 9, 0, 0, 6, 0, 9, 6, 0, 11, 7, 0, 8, 9, 7, 9, 0, 9, 0, 7, 7, 0, 7, 8, 0, 8, 0, 7, 8, 0, 0, 0, 0, 0, 5, 7, 8, : 8, 7, 9, 8, 9, 6, 9, 6, 11, 7, 8, 9, 7, 9, 9, 7, 7, 7, 8, 8, 7, 8, 5, 7, 8, 
760: 0, 4, 0, 5, 0, 0, 6, 0, 7, 8, 0, 0, 6, 11, 8, 0, 0, 8, 0, 7, 0, 8, 0, 9, 0, 0, 8, 0, 0, 8, 0, 8, 8, 7, 0, 8, 7, 0, 0, 8, : 4, 5, 6, 7, 8, 6, 11, 8, 8, 7, 8, 9, 8, 8, 8, 8, 7, 8, 7, 8, 
509: 4, 8, 8, 0, 8, 0, 0, 0, 0, 0, 0, 10, 0, 0, 0, 6, 0, 0, 0, 5, 8, 0, 8, 7, 9, 0, 9, 7, 0, 8, 0, 0, 0, 0, 0, 8, 8, 0, 9, 0, : 4, 8, 8, 8, 10, 6, 5, 8, 8, 7, 9, 9, 7, 8, 8, 8, 9, 
273: 0, 8, 9, 8, 7, 8, 0, 0, 0, 6, 0, 0, 0, 7, 0, 0, 0, 7, 8, 8, 0, 0, 8, 0, 8, 7, 8, 8, 0, 8, 0, 0, 0, 0, 7, 0, 0, 0, 0, 0, : 8, 9, 8, 7, 8, 6, 7, 7, 8, 8, 8, 8, 7, 8, 8, 8, 7, 
715: 0, 8, 0, 0, 8, 0, 9, 0, 0, 0, 0, 7, 5, 0, 7, 0, 10, 0, 0, 0, 0, 8, 8, 0, 0, 8, 0, 0, 8, 7, 7, 8, 0, 6, 7, 0, 0, 9, 8, 7, : 8, 8, 9, 7, 5, 7, 10, 8, 8, 8, 8, 7, 7, 8, 6, 7, 9, 8, 7, 
515: 7, 9, 0, 0, 0, 0, 0, 0, 0, 6, 0, 0, 6, 0, 9, 10, 0, 0, 8, 8, 0, 7, 5, 0, 0, 8, 0, 0, 0, 7, 0, 0, 9, 9, 9, 7, 7, 7, 7, 8, : 7, 9, 6, 6, 9, 10, 8, 8, 7, 5, 8, 7, 9, 9, 9, 7, 7, 7, 7, 8, 
288: 9, 0, 0, 0, 0, 6, 0, 0, 0, 7, 0, 6, 0, 8, 0, 5, 0, 0, 0, 7, 0, 0, 9, 0, 7, 8, 0, 0, 7, 6, 0, 0, 0, 7, 8, 0, 8, 0, 0, 7, : 9, 6, 7, 6, 8, 5, 7, 9, 7, 8, 7, 6, 7, 8, 8, 7, 
565: 0, 8, 0, 0, 0, 5, 0, 7, 6, 6, 0, 5, 0, 8, 0, 0, 8, 7, 0, 0, 7, 0, 8, 0, 9, 9, 7, 0, 0, 0, 9, 5, 0, 0, 8, 0, 0, 7, 0, 7, : 8, 5, 7, 6, 6, 5, 8, 8, 7, 7, 8, 9, 9, 7, 9, 5, 8, 7, 7, 


318: 5, 0, 5, 0, 10, 0, 10, 0, 5, 0, 0, 0, 11, 0, 6, 0, 8, 0, 8, 8, 7, 8, 5, 6, 0, 0, 6, 0, 9, 6, 0, 8, 0, 8, 7, 0, 7, 0, 5, 5, : 5, 5, 10, 10, 5, 11, 6, 8, 8, 8, 7, 8, 5, 6, 6, 9, 6, 8, 8, 7, 7, 5, 5, 
126: 7, 0, 8, 0, 0, 8, 0, 9, 6, 0, 0, 0, 6, 0, 0, 0, 6, 0, 8, 0, 6, 0, 7, 7, 6, 7, 0, 0, 7, 8, 0, 0, 0, 9, 8, 0, 9, 8, 0, 0, : 7, 8, 8, 9, 6, 6, 6, 8, 6, 7, 7, 6, 7, 7, 8, 9, 8, 9, 8, 
427: 9, 0, 0, 7, 8, 5, 0, 0, 10, 0, 0, 0, 0, 7, 0, 5, 5, 0, 8, 0, 0, 0, 0, 7, 9, 6, 5, 0, 0, 0, 0, 0, 8, 8, 0, 0, 8, 0, 9, 0, : 9, 7, 8, 5, 10, 7, 5, 5, 8, 7, 9, 6, 5, 8, 8, 8, 9, 
483: 0, 0, 7, 7, 0, 0, 0, 7, 8, 4, 0, 9, 5, 8, 9, 0, 8, 7, 0, 7, 0, 0, 8, 6, 0, 8, 6, 8, 0, 7, 0, 0, 9, 7, 0, 0, 6, 0, 0, 6, : 7, 7, 7, 8, 4, 9, 5, 8, 9, 8, 7, 7, 8, 6, 8, 6, 8, 7, 9, 7, 6, 6, 
378: 0, 4, 0, 0, 0, 7, 8, 9, 0, 0, 7, 6, 10, 0, 7, 0, 0, 0, 0, 0, 8, 7, 0, 8, 0, 0, 0, 0, 9, 0, 0, 0, 0, 0, 6, 9, 7, 6, 9, 0, : 4, 7, 8, 9, 7, 6, 10, 7, 8, 7, 8, 9, 6, 9, 7, 6, 9, 
171: 0, 7, 8, 0, 0, 0, 0, 0, 6, 7, 0, 0, 9, 6, 6, 0, 0, 0, 0, 5, 0, 0, 0, 5, 8, 0, 6, 5, 8, 8, 0, 9, 8, 5, 9, 8, 8, 8, 8, 8, : 7, 8, 6, 7, 9, 6, 6, 5, 5, 8, 6, 5, 8, 8, 9, 8, 5, 9, 8, 8, 8, 8, 8, 
380: 8, 5, 0, 0, 5, 9, 0, 0, 0, 7, 9, 0, 0, 0, 10, 7, 5, 0, 7, 0, 0, 8, 0, 8, 9, 6, 7, 9, 0, 0, 6, 8, 6, 8, 6, 0, 0, 9, 0, 0, : 8, 5, 5, 9, 7, 9, 10, 7, 5, 7, 8, 8, 9, 6, 7, 9, 6, 8, 6, 8, 6, 9, 
596: 8, 0, 4, 0, 8, 8, 0, 0, 0, 0, 0, 0, 8, 0, 0, 0, 0, 8, 0, 7, 6, 8, 0, 0, 0, 0, 9, 0, 5, 8, 0, 8, 6, 6, 0, 0, 7, 0, 0, 0, : 8, 4, 8, 8, 8, 8, 7, 6, 8, 9, 5, 8, 8, 6, 6, 7, 
301: 5, 0, 0, 10, 5, 0, 7, 0, 7, 0, 0, 7, 0, 0, 0, 9, 9, 0, 0, 8, 9, 7, 0, 0, 0, 7, 0, 6, 6, 0, 8, 6, 9, 6, 8, 0, 0, 9, 9, 0, : 5, 10, 5, 7, 7, 7, 9, 9, 8, 9, 7, 7, 6, 6, 8, 6, 9, 6, 8, 9, 9, 
293: 0, 0, 0, 5, 0, 0, 0, 5, 0, 0, 0, 0, 0, 0, 0, 0, 6, 8, 0, 0, 9, 0, 8, 0, 0, 7, 0, 0, 0, 7, 8, 7, 0, 6, 0, 6, 0, 0, 0, 6, : 5, 5, 6, 8, 9, 8, 7, 7, 8, 7, 6, 6, 6, 
774: 0, 0, 7, 0, 0, 0, 0, 0, 11, 0, 0, 0, 0, 0, 9, 0, 0, 8, 7, 0, 8, 0, 9, 9, 0, 9, 8, 0, 8, 0, 0, 0, 0, 0, 9, 6, 0, 0, 0, 0, : 7, 11, 9, 8, 7, 8, 9, 9, 9, 8, 8, 9, 6, 
266: 0, 0, 8, 0, 0, 8, 0, 10, 7, 0, 0, 0, 10, 9, 9, 6, 0, 0, 6, 0, 0, 0, 7, 7, 0, 0, 0, 7, 7, 0, 8, 7, 0, 0, 5, 0, 6, 0, 0, 6, : 8, 8, 10, 7, 10, 9, 9, 6, 6, 7, 7, 7, 7, 8, 7, 5, 6, 6, 
589: 10, 0, 0, 0, 0, 5, 0, 0, 8, 0, 8, 6, 0, 0, 8, 11, 0, 0, 0, 0, 0, 0, 7, 9, 8, 0, 0, 0, 8, 8, 9, 9, 0, 0, 8, 0, 0, 8, 0, 0, : 10, 5, 8, 8, 6, 8, 11, 7, 9, 8, 8, 8, 9, 9, 8, 8, 
632: 4, 8, 11, 9, 11, 0, 10, 10, 0, 0, 10, 10, 6, 0, 0, 0, 0, 9, 8, 0, 8, 7, 0, 0, 9, 0, 0, 0, 0, 0, 7, 9, 8, 0, 0, 9, 8, 0, 0, 8, : 4, 8, 11, 9, 11, 10, 10, 10, 10, 6, 9, 8, 8, 7, 9, 7, 9, 8, 9, 8, 8, 
170: 8, 9, 11, 11, 0, 7, 0, 0, 8, 8, 5, 10, 8, 0, 6, 0, 0, 0, 9, 9, 0, 9, 0, 0, 0, 8, 0, 9, 6, 6, 6, 7, 8, 8, 0, 0, 0, 0, 6, 8, : 8, 9, 11, 11, 7, 8, 8, 5, 10, 8, 6, 9, 9, 9, 8, 9, 6, 6, 6, 7, 8, 8, 6, 8, 
650: 0, 8, 4, 8, 0, 0, 0, 11, 4, 8, 8, 0, 8, 7, 0, 0, 0, 0, 6, 9, 9, 9, 0, 0, 7, 0, 0, 0, 0, 0, 0, 0, 8, 0, 7, 7, 7, 9, 9, 0, : 8, 4, 8, 11, 4, 8, 8, 8, 7, 6, 9, 9, 9, 7, 8, 7, 7, 7, 9, 9, 
667: 0, 10, 0, 9, 0, 6, 7, 5, 6, 5, 0, 0, 0, 8, 0, 0, 10, 9, 9, 0, 0, 0, 9, 9, 8, 0, 8, 0, 7, 0, 9, 7, 0, 0, 0, 0, 0, 0, 0, 0, : 10, 9, 6, 7, 5, 6, 5, 8, 10, 9, 9, 9, 9, 8, 8, 7, 9, 7, 
166: 0, 0, 7, 5, 6, 7, 5, 0, 7, 9, 0, 0, 5, 7, 0, 0, 8, 5, 8, 8, 8, 0, 0, 0, 8, 0, 9, 7, 9, 0, 0, 0, 8, 8, 0, 0, 0, 0, 0, 0, : 7, 5, 6, 7, 5, 7, 9, 5, 7, 8, 5, 8, 8, 8, 8, 9, 7, 9, 8, 8, 
497: 0, 7, 8, 8, 7, 0, 6, 6, 0, 0, 11, 8, 0, 5, 0, 8, 0, 8, 0, 8, 0, 9, 9, 0, 6, 5, 9, 8, 0, 0, 9, 0, 7, 0, 0, 8, 0, 5, 6, 8, : 7, 8, 8, 7, 6, 6, 11, 8, 5, 8, 8, 8, 9, 9, 6, 5, 9, 8, 9, 7, 8, 5, 6, 8, 
426: 6, 9, 6, 0, 10, 0, 8, 10, 9, 0, 0, 7, 8, 0, 6, 6, 0, 5, 8, 0, 0, 9, 0, 8, 5, 0, 0, 8, 0, 6, 5, 0, 6, 7, 8, 8, 6, 8, 7, 7, : 6, 9, 6, 10, 8, 10, 9, 7, 8, 6, 6, 5, 8, 9, 8, 5, 8, 6, 5, 6, 7, 8, 8, 6, 8, 7, 7, 
337: 9, 0, 0, 0, 0, 0, 9, 4, 0, 0, 7, 7, 0, 7, 0, 0, 6, 9, 0, 8, 8, 0, 0, 8, 9, 0, 0, 6, 0, 0, 7, 8, 0, 0, 9, 0, 0, 6, 0, 8, : 9, 9, 4, 7, 7, 7, 6, 9, 8, 8, 8, 9, 6, 7, 8, 9, 6, 8, 
467: 0, 5, 11, 0, 0, 0, 8, 10, 6, 0, 0, 10, 0, 8, 0, 8, 10, 0, 0, 0, 7, 0, 8, 0, 7, 8, 0, 7, 0, 7, 7, 0, 7, 0, 7, 5, 0, 9, 8, 0, : 5, 11, 8, 10, 6, 10, 8, 8, 10, 7, 8, 7, 8, 7, 7, 7, 7, 7, 5, 9, 8, 
391: 0, 8, 0, 0, 0, 7, 0, 0, 11, 10, 5, 10, 7, 0, 7, 0, 7, 0, 0, 0, 8, 6, 6, 0, 8, 0, 0, 6, 9, 0, 0, 0, 0, 6, 0, 9, 5, 8, 6, 9, : 8, 7, 11, 10, 5, 10, 7, 7, 7, 8, 6, 6, 8, 6, 9, 6, 9, 5, 8, 6, 9, 
577: 0, 10, 0, 8, 9, 0, 9, 7, 0, 8, 0, 6, 5, 0, 0, 10, 0, 8, 0, 9, 6, 0, 0, 8, 6, 0, 0, 9, 0, 9, 0, 6, 0, 9, 0, 6, 9, 6, 0, 7, : 10, 8, 9, 9, 7, 8, 6, 5, 10, 8, 9, 6, 8, 6, 9, 9, 6, 9, 6, 9, 6, 7, 
67: 0, 0, 0, 0, 7, 11, 7, 0, 0, 7, 0, 0, 0, 0, 6, 7, 6, 9, 8, 0, 0, 9, 9, 7, 0, 9, 7, 0, 8, 0, 0, 5, 0, 0, 7, 0, 8, 0, 8, 0, : 7, 11, 7, 7, 6, 7, 6, 9, 8, 9, 9, 7, 9, 7, 8, 5, 7, 8, 8, 
470: 10, 8, 0, 8, 7, 0, 9, 9, 0, 9, 0, 9, 0, 7, 5, 5, 8, 8, 0, 6, 7, 0, 7, 0, 0, 9, 7, 0, 0, 0, 8, 0, 0, 0, 0, 0, 0, 9, 9, 9, : 10, 8, 8, 7, 9, 9, 9, 9, 7, 5, 5, 8, 8, 6, 7, 7, 9, 7, 8, 9, 9, 9, 
413: 10, 7, 0, 0, 7, 7, 7, 0, 6, 10, 0, 6, 0, 6, 0, 6, 5, 8, 9, 0, 0, 8, 8, 6, 0, 6, 7, 0, 8, 0, 0, 0, 9, 0, 9, 6, 0, 7, 0, 0, : 10, 7, 7, 7, 7, 6, 10, 6, 6, 6, 5, 8, 9, 8, 8, 6, 6, 7, 8, 9, 9, 6, 7, 
492: 0, 0, 6, 0, 0, 8, 5, 0, 0, 0, 0, 5, 0, 10, 8, 0, 0, 0, 0, 8, 0, 8, 8, 6, 7, 6, 0, 0, 8, 6, 9, 0, 5, 9, 6, 8, 6, 0, 7, 9, : 6, 8, 5, 5, 10, 8, 8, 8, 8, 6, 7, 6, 8, 6, 9, 5, 9, 6, 8, 6, 7, 9, 
560: 5, 0, 0, 0, 0, 9, 5, 0, 0, 6, 0, 8, 10, 5, 7, 8, 7, 6, 0, 8, 7, 0, 0, 9, 6, 0, 0, 8, 6, 9, 7, 6, 0, 0, 8, 0, 0, 0, 0, 0, : 5, 9, 5, 6, 8, 10, 5, 7, 8, 7, 6, 8, 7, 9, 6, 8, 6, 9, 7, 6, 8, 
45: 8, 5, 6, 0, 8, 0, 0, 7, 0, 0, 6, 8, 0, 9, 8, 7, 0, 6, 7, 6, 0, 6, 9, 8, 0, 8, 9, 8, 0, 8, 0, 0, 0, 0, 0, 7, 0, 0, 8, 0, : 8, 5, 6, 8, 7, 6, 8, 9, 8, 7, 6, 7, 6, 6, 9, 8, 8, 9, 8, 8, 7, 8, 
295: 9, 0, 0, 4, 0, 9, 0, 0, 8, 7, 6, 0, 0, 0, 0, 0, 7, 6, 5, 7, 0, 0, 0, 0, 0, 8, 9, 9, 0, 9, 9, 0, 0, 0, 0, 8, 9, 8, 0, 0, : 9, 4, 9, 8, 7, 6, 7, 6, 5, 7, 8, 9, 9, 9, 9, 8, 9, 8, 
746: 7, 11, 0, 6, 7, 6, 0, 6, 0, 7, 9, 5, 6, 0, 7, 0, 0, 0, 8, 7, 8, 6, 6, 0, 0, 8, 8, 0, 7, 8, 0, 0, 9, 9, 9, 0, 9, 7, 0, 7, : 7, 11, 6, 7, 6, 6, 7, 9, 5, 6, 7, 8, 7, 8, 6, 6, 8, 8, 7, 8, 9, 9, 9, 9, 7, 7, 
620: 0, 9, 11, 7, 4, 7, 0, 6, 0, 0, 6, 6, 0, 0, 0, 11, 0, 0, 8, 0, 7, 8, 0, 0, 0, 0, 6, 0, 0, 5, 8, 0, 0, 9, 0, 0, 0, 6, 0, 0, : 9, 11, 7, 4, 7, 6, 6, 6, 11, 8, 7, 8, 6, 5, 8, 9, 6, 
463: 0, 0, 0, 11, 11, 6, 7, 0, 8, 6, 7, 0, 7, 0, 11, 10, 11, 9, 0, 0, 0, 5, 0, 0, 9, 0, 0, 0, 0, 7, 0, 9, 9, 0, 0, 8, 0, 0, 0, 8, : 11, 11, 6, 7, 8, 6, 7, 7, 11, 10, 11, 9, 5, 9, 7, 9, 9, 8, 8, 
368: 8, 0, 0, 0, 7, 0, 6, 0, 9, 7, 7, 0, 7, 8, 0, 6, 0, 7, 0, 0, 0, 0, 0, 0, 0, 9, 0, 8, 0, 0, 6, 8, 7, 0, 6, 7, 0, 0, 8, 9, : 8, 7, 6, 9, 7, 7, 7, 8, 6, 7, 9, 8, 6, 8, 7, 6, 7, 8, 9, 
23: 0, 6, 0, 0, 0, 0, 0, 7, 0, 0, 8, 0, 0, 7, 0, 6, 0, 7, 5, 0, 0, 0, 8, 0, 7, 0, 0, 7, 6, 9, 8, 0, 6, 0, 0, 0, 8, 0, 0, 6, : 6, 7, 8, 7, 6, 7, 5, 8, 7, 7, 6, 9, 8, 6, 8, 6, 
260: 7, 0, 7, 10, 0, 0, 9, 0, 0, 0, 8, 7, 0, 7, 7, 0, 10, 0, 0, 0, 9, 6, 0, 0, 0, 0, 0, 9, 9, 0, 0, 8, 0, 7, 0, 0, 8, 7, 7, 0, : 7, 7, 10, 9, 8, 7, 7, 7, 10, 9, 6, 9, 9, 8, 7, 8, 7, 7, 
232: 0, 0, 8, 6, 6, 0, 0, 5, 0, 8, 7, 0, 0, 11, 8, 5, 0, 0, 8, 9, 0, 7, 6, 0, 8, 7, 8, 6, 0, 0, 6, 9, 7, 7, 0, 9, 0, 7, 7, 7, : 8, 6, 6, 5, 8, 7, 11, 8, 5, 8, 9, 7, 6, 8, 7, 8, 6, 6, 9, 7, 7, 9, 7, 7, 7, 
471: 7, 6, 0, 6, 7, 10, 8, 7, 0, 10, 7, 0, 8, 8, 0, 0, 0, 0, 0, 7, 0, 0, 6, 9, 0, 9, 8, 0, 0, 0, 0, 6, 0, 0, 8, 7, 0, 0, 6, 9, : 7, 6, 6, 7, 10, 8, 7, 10, 7, 8, 8, 7, 6, 9, 9, 8, 6, 8, 7, 6, 9, 
636: 0, 8, 7, 5, 0, 0, 0, 0, 0, 7, 9, 0, 6, 0, 0, 9, 8, 0, 0, 6, 5, 0, 0, 0, 0, 0, 8, 0, 0, 9, 0, 0, 0, 8, 0, 9, 9, 0, 8, 0, : 8, 7, 5, 7, 9, 6, 9, 8, 6, 5, 8, 9, 8, 9, 9, 8, 


395: 7, 8, 6, 7, 5, 9, 0, 5, 0, 6, 0, 0, 8, 5, 11, 9, 6, 0, 0, 8, 0, 5, 0, 0, 7, 0, 0, 7, 8, 9, 0, 8, 8, 9, 7, 8, 0, 0, 7, 9, : 7, 8, 6, 7, 5, 9, 5, 6, 8, 5, 11, 9, 6, 8, 5, 7, 7, 8, 9, 8, 8, 9, 7, 8, 7, 9, 
649: 0, 0, 0, 0, 0, 7, 0, 0, 8, 0, 0, 7, 9, 10, 0, 0, 5, 10, 7, 0, 0, 0, 0, 7, 0, 0, 0, 0, 0, 7, 9, 5, 0, 8, 8, 0, 0, 7, 7, 7, : 7, 8, 7, 9, 10, 5, 10, 7, 7, 7, 9, 5, 8, 8, 7, 7, 7, 
653: 0, 7, 10, 7, 6, 0, 7, 0, 5, 10, 9, 0, 7, 8, 6, 4, 0, 0, 0, 6, 7, 0, 7, 0, 9, 5, 9, 0, 9, 7, 0, 0, 5, 0, 9, 5, 0, 0, 7, 0, : 7, 10, 7, 6, 7, 5, 10, 9, 7, 8, 6, 4, 6, 7, 7, 9, 5, 9, 9, 7, 5, 9, 5, 7, 
161: 0, 0, 9, 0, 0, 8, 6, 8, 0, 9, 10, 10, 0, 0, 7, 0, 8, 5, 0, 8, 0, 0, 7, 8, 7, 7, 0, 0, 7, 8, 0, 0, 0, 0, 8, 7, 8, 0, 0, 0, : 9, 8, 6, 8, 9, 10, 10, 7, 8, 5, 8, 7, 8, 7, 7, 7, 8, 8, 7, 8, 
146: 0, 0, 5, 10, 0, 8, 8, 10, 0, 0, 0, 8, 8, 0, 0, 4, 6, 9, 0, 9, 0, 0, 0, 7, 0, 9, 7, 9, 8, 0, 7, 0, 0, 0, 0, 0, 7, 7, 7, 8, : 5, 10, 8, 8, 10, 8, 8, 4, 6, 9, 9, 7, 9, 7, 9, 8, 7, 7, 7, 7, 8, 
196: 0, 7, 7, 5, 0, 9, 8, 4, 0, 7, 10, 0, 0, 0, 5, 7, 0, 8, 0, 8, 0, 8, 0, 0, 7, 0, 8, 7, 7, 7, 7, 6, 7, 7, 0, 0, 0, 0, 9, 8, : 7, 7, 5, 9, 8, 4, 7, 10, 5, 7, 8, 8, 8, 7, 8, 7, 7, 7, 7, 6, 7, 7, 9, 8, 
457: 0, 0, 11, 0, 5, 0, 0, 10, 5, 6, 0, 7, 6, 0, 0, 0, 0, 0, 8, 7, 0, 0, 7, 0, 0, 0, 8, 7, 0, 0, 0, 0, 0, 0, 7, 0, 0, 0, 0, 7, : 11, 5, 10, 5, 6, 7, 6, 8, 7, 7, 8, 7, 7, 7, 
356: 9, 7, 6, 5, 8, 0, 6, 6, 6, 0, 7, 0, 0, 5, 0, 0, 0, 0, 5, 0, 0, 0, 8, 0, 7, 0, 8, 7, 0, 0, 7, 7, 0, 7, 0, 0, 8, 0, 0, 8, : 9, 7, 6, 5, 8, 6, 6, 6, 7, 5, 5, 8, 7, 8, 7, 7, 7, 7, 8, 8, 
584: 0, 7, 0, 10, 0, 0, 8, 0, 0, 8, 0, 0, 7, 5, 8, 8, 10, 0, 8, 0, 8, 9, 8, 0, 8, 8, 7, 0, 0, 8, 0, 0, 7, 8, 0, 0, 0, 7, 0, 0, : 7, 10, 8, 8, 7, 5, 8, 8, 10, 8, 8, 9, 8, 8, 8, 7, 8, 7, 8, 7, 
40: 0, 8, 0, 0, 8, 7, 0, 0, 9, 0, 8, 7, 0, 0, 6, 6, 0, 7, 7, 8, 0, 0, 0, 7, 0, 7, 0, 9, 0, 7, 7, 7, 0, 0, 0, 9, 0, 8, 0, 0, : 8, 8, 7, 9, 8, 7, 6, 6, 7, 7, 8, 7, 7, 9, 7, 7, 7, 9, 8, 
534: 0, 11, 6, 0, 9, 9, 0, 5, 9, 0, 8, 8, 0, 8, 11, 10, 4, 9, 9, 7, 0, 7, 0, 8, 9, 0, 9, 0, 7, 8, 5, 8, 0, 0, 0, 7, 5, 0, 0, 0, : 11, 6, 9, 9, 5, 9, 8, 8, 8, 11, 10, 4, 9, 9, 7, 7, 8, 9, 9, 7, 8, 5, 8, 7, 5, 
566: 0, 0, 6, 0, 11, 0, 5, 0, 10, 8, 6, 0, 0, 0, 6, 5, 0, 7, 6, 8, 0, 0, 0, 0, 0, 8, 0, 6, 5, 0, 7, 0, 8, 7, 0, 0, 8, 9, 0, 0, : 6, 11, 5, 10, 8, 6, 6, 5, 7, 6, 8, 8, 6, 5, 7, 8, 7, 8, 9, 
50: 7, 0, 0, 0, 0, 8, 7, 8, 0, 7, 6, 0, 7, 8, 7, 6, 0, 0, 0, 8, 5, 8, 0, 6, 0, 7, 8, 0, 7, 0, 0, 8, 8, 8, 0, 0, 9, 8, 8, 7, : 7, 8, 7, 8, 7, 6, 7, 8, 7, 6, 8, 5, 8, 6, 7, 8, 7, 8, 8, 8, 9, 8, 8, 7, 
208: 0, 9, 0, 9, 0, 5, 7, 0, 8, 0, 0, 6, 0, 10, 0, 9, 11, 8, 9, 0, 7, 0, 9, 0, 0, 7, 0, 8, 0, 0, 0, 0, 0, 0, 0, 0, 0, 7, 0, 8, : 9, 9, 5, 7, 8, 6, 10, 9, 11, 8, 9, 7, 9, 7, 8, 7, 8, 
184: 7, 0, 0, 7, 8, 0, 10, 0, 0, 0, 7, 7, 0, 0, 0, 0, 0, 8, 0, 0, 0, 8, 0, 0, 8, 8, 0, 0, 8, 0, 0, 0, 0, 0, 6, 0, 7, 0, 0, 0, : 7, 7, 8, 10, 7, 7, 8, 8, 8, 8, 8, 6, 7, 
535: 0, 8, 0, 0, 0, 5, 0, 0, 0, 7, 0, 0, 9, 0, 6, 0, 0, 5, 0, 0, 8, 9, 8, 7, 0, 9, 8, 7, 0, 0, 8, 7, 0, 8, 0, 8, 7, 9, 0, 7, : 8, 5, 7, 9, 6, 5, 8, 9, 8, 7, 9, 8, 7, 8, 7, 8, 8, 7, 9, 7, 
54: 0, 0, 0, 8, 9, 0, 0, 0, 0, 7, 0, 5, 10, 6, 10, 0, 0, 0, 0, 0, 0, 0, 9, 0, 8, 0, 0, 0, 6, 7, 9, 8, 0, 7, 0, 0, 0, 6, 0, 5, : 8, 9, 7, 5, 10, 6, 10, 9, 8, 6, 7, 9, 8, 7, 6, 5, 
708: 10, 7, 0, 8, 0, 0, 0, 8, 0, 0, 0, 0, 0, 0, 9, 0, 9, 7, 0, 0, 6, 0, 6, 0, 0, 7, 7, 0, 0, 0, 0, 8, 8, 0, 8, 7, 0, 8, 8, 0, : 10, 7, 8, 8, 9, 9, 7, 6, 6, 7, 7, 8, 8, 8, 7, 8, 8, 
315: 0, 0, 0, 6, 0, 7, 11, 0, 0, 9, 9, 10, 0, 8, 0, 0, 6, 0, 9, 5, 0, 6, 0, 0, 7, 0, 8, 0, 8, 0, 9, 7, 8, 8, 9, 0, 0, 0, 0, 8, : 6, 7, 11, 9, 9, 10, 8, 6, 9, 5, 6, 7, 8, 8, 9, 7, 8, 8, 9, 8, 
433: 0, 0, 7, 7, 6, 7, 0, 0, 6, 8, 7, 0, 10, 0, 0, 0, 8, 0, 8, 8, 8, 9, 0, 7, 8, 8, 7, 0, 0, 8, 0, 0, 9, 0, 0, 8, 0, 0, 5, 0, : 7, 7, 6, 7, 6, 8, 7, 10, 8, 8, 8, 8, 9, 7, 8, 8, 7, 8, 9, 8, 5, 
570: 0, 0, 10, 5, 0, 0, 0, 0, 0, 6, 7, 6, 8, 0, 0, 0, 10, 0, 8, 0, 0, 7, 0, 0, 0, 6, 0, 0, 0, 0, 0, 0, 7, 0, 7, 8, 0, 5, 9, 0, : 10, 5, 6, 7, 6, 8, 10, 8, 7, 6, 7, 7, 8, 5, 9, 
525: 9, 0, 8, 0, 0, 5, 0, 0, 0, 0, 0, 8, 0, 9, 5, 9, 8, 0, 0, 0, 0, 0, 0, 0, 0, 0, 7, 7, 7, 7, 0, 8, 6, 7, 7, 8, 0, 7, 8, 7, : 9, 8, 5, 8, 9, 5, 9, 8, 7, 7, 7, 7, 8, 6, 7, 7, 8, 7, 8, 7, 
118: 8, 8, 0, 8, 0, 0, 0, 5, 0, 0, 0, 6, 6, 6, 11, 0, 9, 8, 0, 0, 7, 7, 0, 0, 0, 0, 9, 7, 9, 5, 0, 7, 0, 0, 8, 0, 0, 9, 7, 0, : 8, 8, 8, 5, 6, 6, 6, 11, 9, 8, 7, 7, 9, 7, 9, 5, 7, 8, 9, 7, 
422: 0, 7, 7, 0, 8, 8, 0, 5, 7, 0, 0, 8, 8, 9, 0, 0, 7, 8, 7, 7, 0, 0, 0, 5, 7, 0, 5, 8, 0, 8, 7, 7, 8, 6, 0, 7, 8, 8, 0, 0, : 7, 7, 8, 8, 5, 7, 8, 8, 9, 7, 8, 7, 7, 5, 7, 5, 8, 8, 7, 7, 8, 6, 7, 8, 8, 
537: 9, 8, 10, 10, 7, 0, 0, 9, 0, 9, 0, 0, 0, 0, 6, 9, 0, 6, 8, 0, 0, 0, 8, 0, 0, 0, 0, 0, 0, 0, 7, 0, 0, 8, 7, 0, 7, 0, 0, 0, : 9, 8, 10, 10, 7, 9, 9, 6, 9, 6, 8, 8, 7, 8, 7, 7, 
461: 7, 0, 8, 0, 6, 8, 0, 0, 7, 8, 0, 9, 0, 0, 9, 0, 0, 7, 0, 0, 8, 8, 9, 9, 6, 0, 7, 0, 9, 8, 8, 0, 0, 0, 8, 9, 6, 0, 8, 8, : 7, 8, 6, 8, 7, 8, 9, 9, 7, 8, 8, 9, 9, 6, 7, 9, 8, 8, 8, 9, 6, 8, 8, 
791: 8, 5, 7, 0, 0, 0, 7, 0, 10, 0, 0, 0, 0, 0, 6, 0, 9, 0, 0, 0, 0, 8, 7, 7, 8, 8, 0, 8, 7, 0, 8, 0, 0, 8, 9, 7, 0, 0, 0, 0, : 8, 5, 7, 7, 10, 6, 9, 8, 7, 7, 8, 8, 8, 7, 8, 8, 9, 7, 
464: 6, 8, 0, 0, 0, 0, 10, 9, 0, 0, 9, 7, 0, 0, 0, 7, 7, 0, 0, 0, 8, 7, 7, 9, 8, 7, 7, 8, 0, 0, 0, 9, 7, 7, 5, 8, 8, 7, 0, 0, : 6, 8, 10, 9, 9, 7, 7, 7, 8, 7, 7, 9, 8, 7, 7, 8, 9, 7, 7, 5, 8, 8, 7, 
460: 7, 9, 0, 0, 0, 0, 8, 8, 0, 7, 8, 0, 0, 6, 0, 6, 7, 0, 7, 0, 7, 0, 7, 0, 0, 7, 0, 0, 7, 0, 0, 0, 7, 0, 7, 6, 7, 0, 7, 7, : 7, 9, 8, 8, 7, 8, 6, 6, 7, 7, 7, 7, 7, 7, 7, 7, 6, 7, 7, 7, 
91: 6, 0, 4, 6, 0, 0, 8, 7, 6, 0, 6, 0, 0, 0, 0, 9, 8, 0, 0, 0, 0, 8, 0, 7, 0, 0, 0, 0, 0, 0, 0, 7, 0, 0, 8, 9, 9, 0, 0, 0, : 6, 4, 6, 8, 7, 6, 6, 9, 8, 8, 7, 7, 8, 9, 9, 
247: 9, 0, 0, 0, 6, 0, 9, 11, 10, 7, 0, 0, 7, 0, 10, 0, 0, 0, 7, 8, 7, 0, 8, 8, 8, 8, 0, 9, 0, 8, 8, 0, 7, 7, 7, 7, 7, 8, 6, 0, : 9, 6, 9, 11, 10, 7, 7, 10, 7, 8, 7, 8, 8, 8, 8, 9, 8, 8, 7, 7, 7, 7, 7, 8, 6, 
681: 0, 0, 0, 6, 5, 11, 0, 7, 8, 8, 0, 0, 0, 7, 0, 10, 0, 5, 0, 0, 9, 7, 0, 0, 9, 0, 0, 0, 0, 0, 8, 9, 9, 5, 0, 7, 0, 7, 0, 8, : 6, 5, 11, 7, 8, 8, 7, 10, 5, 9, 7, 9, 8, 9, 9, 5, 7, 7, 8, 
447: 0, 0, 0, 5, 8, 8, 0, 0, 0, 8, 7, 9, 5, 6, 0, 0, 8, 9, 0, 7, 9, 0, 0, 8, 7, 0, 0, 8, 0, 0, 8, 9, 0, 9, 0, 8, 0, 8, 8, 9, : 5, 8, 8, 8, 7, 9, 5, 6, 8, 9, 7, 9, 8, 7, 8, 8, 9, 9, 8, 8, 8, 9, 
439: 8, 8, 0, 11, 8, 0, 0, 7, 0, 0, 6, 0, 6, 7, 0, 6, 0, 9, 7, 0, 8, 8, 7, 8, 0, 9, 7, 7, 0, 9, 7, 0, 7, 0, 8, 7, 8, 8, 8, 0, : 8, 8, 11, 8, 7, 6, 6, 7, 6, 9, 7, 8, 8, 7, 8, 9, 7, 7, 9, 7, 7, 8, 7, 8, 8, 8, 
623: 0, 6, 0, 0, 0, 6, 6, 0, 7, 0, 5, 8, 0, 0, 0, 0, 0, 0, 0, 7, 0, 0, 0, 0, 0, 0, 6, 0, 0, 0, 0, 0, 0, 0, 7, 0, 9, 0, 0, 7, : 6, 6, 6, 7, 5, 8, 7, 6, 7, 9, 7, 
220: 7, 4, 0, 10, 0, 7, 0, 0, 7, 5, 7, 0, 4, 9, 0, 11, 0, 0, 7, 7, 8, 7, 0, 8, 0, 8, 0, 8, 0, 0, 8, 8, 0, 7, 0, 0, 7, 0, 0, 9, : 7, 4, 10, 7, 7, 5, 7, 4, 9, 11, 7, 7, 8, 7, 8, 8, 8, 8, 8, 7, 7, 9, 
567: 9, 8, 8, 0, 9, 0, 10, 10, 6, 0, 0, 0, 8, 11, 7, 10, 0, 0, 0, 8, 7, 7, 7, 0, 7, 7, 0, 0, 8, 9, 0, 0, 9, 0, 0, 0, 0, 0, 8, 6, : 9, 8, 8, 9, 10, 10, 6, 8, 11, 7, 10, 8, 7, 7, 7, 7, 7, 8, 9, 9, 8, 6, 
115: 7, 0, 5, 0, 8, 0, 5, 0, 8, 0, 8, 7, 10, 7, 0, 0, 0, 9, 8, 8, 8, 0, 5, 8, 0, 0, 8, 8, 7, 6, 6, 7, 8, 9, 0, 0, 0, 0, 7, 0, : 7, 5, 8, 5, 8, 8, 7, 10, 7, 9, 8, 8, 8, 5, 8, 8, 8, 7, 6, 6, 7, 8, 9, 7, 
324: 5, 0, 10, 0, 10, 0, 4, 8, 0, 0, 0, 0, 0, 0, 0, 0, 4, 0, 8, 0, 7, 0, 8, 7, 0, 0, 0, 0, 8, 7, 0, 0, 0, 0, 0, 0, 7, 7, 7, 7, : 5, 10, 10, 4, 8, 4, 8, 7, 8, 7, 8, 7, 7, 7, 7, 7, 
404: 5, 0, 0, 0, 0, 8, 0, 0, 8, 0, 0, 7, 7, 0, 4, 5, 0, 6, 7, 8, 8, 7, 8, 9, 5, 0, 0, 5, 8, 7, 0, 0, 7, 0, 0, 0, 8, 0, 9, 0, : 5, 8, 8, 7, 7, 4, 5, 6, 7, 8, 8, 7, 8, 9, 5, 5, 8, 7, 7, 8, 9, 


51: 8, 6, 0, 0, 0, 6, 7, 0, 0, 0, 0, 0, 0, 0, 11, 0, 5, 9, 8, 0, 8, 0, 7, 8, 8, 0, 0, 7, 8, 7, 0, 8, 9, 7, 8, 0, 0, 8, 0, 0, : 8, 6, 6, 7, 11, 5, 9, 8, 8, 7, 8, 8, 7, 8, 7, 8, 9, 7, 8, 8, 
573: 7, 0, 0, 7, 6, 0, 0, 9, 8, 7, 0, 0, 8, 10, 0, 7, 0, 7, 0, 8, 8, 6, 6, 0, 0, 8, 0, 0, 0, 0, 0, 0, 8, 0, 0, 6, 0, 0, 7, 0, : 7, 7, 6, 9, 8, 7, 8, 10, 7, 7, 8, 8, 6, 6, 8, 8, 6, 7, 
313: 9, 6, 0, 0, 9, 0, 11, 5, 0, 0, 8, 5, 10, 0, 8, 0, 0, 8, 8, 0, 7, 8, 0, 8, 8, 0, 0, 7, 7, 0, 7, 0, 0, 0, 0, 7, 0, 9, 9, 0, : 9, 6, 9, 11, 5, 8, 5, 10, 8, 8, 8, 7, 8, 8, 8, 7, 7, 7, 7, 9, 9, 
739: 0, 5, 0, 10, 0, 0, 8, 5, 8, 7, 0, 7, 8, 11, 0, 0, 0, 0, 0, 0, 0, 0, 8, 0, 0, 0, 8, 6, 0, 9, 0, 6, 0, 8, 8, 8, 0, 0, 6, 8, : 5, 10, 8, 5, 8, 7, 7, 8, 11, 8, 8, 6, 9, 6, 8, 8, 8, 6, 8, 
179: 0, 7, 7, 0, 7, 9, 0, 9, 7, 0, 0, 0, 7, 11, 0, 0, 0, 0, 0, 0, 7, 0, 8, 0, 0, 7, 0, 0, 7, 0, 0, 0, 8, 0, 9, 0, 0, 0, 0, 9, : 7, 7, 7, 9, 9, 7, 7, 11, 7, 8, 7, 7, 8, 9, 9, 
46: 0, 0, 0, 9, 0, 9, 0, 9, 5, 8, 9, 0, 0, 0, 6, 0, 7, 0, 0, 8, 0, 0, 0, 0, 0, 6, 0, 0, 9, 0, 0, 0, 8, 0, 0, 0, 8, 8, 0, 8, : 9, 9, 9, 5, 8, 9, 6, 7, 8, 6, 9, 8, 8, 8, 8, 
761: 0, 10, 0, 7, 5, 4, 0, 0, 7, 8, 7, 8, 5, 5, 0, 0, 0, 0, 0, 8, 7, 0, 0, 7, 0, 8, 0, 9, 0, 7, 8, 0, 7, 8, 0, 7, 8, 0, 0, 8, : 10, 7, 5, 4, 7, 8, 7, 8, 5, 5, 8, 7, 7, 8, 9, 7, 8, 7, 8, 7, 8, 8, 
741: 6, 7, 8, 0, 0, 0, 0, 0, 8, 9, 0, 0, 0, 4, 4, 11, 6, 0, 6, 7, 0, 0, 8, 7, 9, 6, 0, 0, 0, 0, 0, 6, 6, 0, 0, 0, 7, 7, 0, 0, : 6, 7, 8, 8, 9, 4, 4, 11, 6, 6, 7, 8, 7, 9, 6, 6, 6, 7, 7, 
789: 0, 8, 0, 0, 7, 9, 0, 0, 0, 9, 0, 6, 8, 0, 5, 0, 4, 6, 7, 8, 8, 0, 0, 0, 8, 7, 8, 8, 0, 6, 9, 7, 0, 0, 0, 0, 0, 0, 7, 0, : 8, 7, 9, 9, 6, 8, 5, 4, 6, 7, 8, 8, 8, 7, 8, 8, 6, 9, 7, 7, 
599: 11, 10, 0, 8, 0, 10, 8, 0, 0, 6, 9, 0, 8, 7, 0, 4, 11, 0, 0, 0, 7, 8, 7, 9, 0, 0, 0, 6, 0, 0, 7, 0, 7, 0, 0, 8, 8, 0, 0, 0, : 11, 10, 8, 10, 8, 6, 9, 8, 7, 4, 11, 7, 8, 7, 9, 6, 7, 7, 8, 8, 
302: 0, 0, 6, 0, 0, 7, 8, 0, 0, 6, 0, 0, 0, 0, 5, 7, 8, 0, 9, 9, 0, 8, 0, 8, 6, 0, 7, 8, 7, 0, 0, 8, 9, 0, 7, 0, 8, 7, 0, 9, : 6, 7, 8, 6, 5, 7, 8, 9, 9, 8, 8, 6, 7, 8, 7, 8, 9, 7, 8, 7, 9, 
641: 6, 7, 0, 0, 0, 0, 0, 0, 0, 8, 0, 0, 7, 0, 10, 8, 0, 8, 8, 0, 6, 7, 0, 0, 8, 9, 0, 0, 7, 0, 7, 0, 7, 0, 8, 0, 8, 0, 0, 6, : 6, 7, 8, 7, 10, 8, 8, 8, 6, 7, 8, 9, 7, 7, 7, 8, 8, 6, 
751: 0, 0, 0, 0, 8, 0, 0, 0, 0, 0, 8, 6, 0, 0, 9, 9, 0, 0, 8, 0, 0, 0, 8, 9, 0, 0, 7, 8, 0, 0, 8, 6, 0, 8, 0, 8, 8, 7, 8, 0, : 8, 8, 6, 9, 9, 8, 8, 9, 7, 8, 8, 6, 8, 8, 8, 7, 8, 
373: 0, 0, 0, 7, 0, 0, 6, 0, 0, 8, 6, 0, 10, 5, 0, 0, 0, 0, 0, 0, 0, 0, 0, 0, 7, 0, 7, 0, 8, 6, 6, 0, 0, 0, 0, 7, 7, 0, 6, 8, : 7, 6, 8, 6, 10, 5, 7, 7, 8, 6, 6, 7, 7, 6, 8, 
263: 0, 0, 11, 7, 0, 9, 0, 0, 7, 0, 8, 0, 0, 10, 0, 0, 0, 9, 0, 0, 6, 8, 0, 6, 0, 0, 8, 0, 8, 8, 8, 8, 8, 7, 7, 8, 6, 8, 0, 7, : 11, 7, 9, 7, 8, 10, 9, 6, 8, 6, 8, 8, 8, 8, 8, 8, 7, 7, 8, 6, 8, 7, 
189: 6, 7, 7, 0, 0, 0, 6, 8, 0, 7, 0, 7, 7, 0, 0, 0, 0, 7, 0, 8, 0, 0, 0, 8, 0, 7, 0, 8, 0, 8, 0, 8, 7, 0, 7, 6, 7, 0, 0, 0, : 6, 7, 7, 6, 8, 7, 7, 7, 7, 8, 8, 7, 8, 8, 8, 7, 7, 6, 7, 
601: 8, 5, 0, 9, 8, 7, 0, 0, 8, 0, 0, 0, 0, 0, 9, 7, 7, 0, 0, 8, 0, 7, 0, 8, 6, 0, 8, 9, 0, 0, 0, 0, 0, 8, 0, 0, 0, 8, 7, 6, : 8, 5, 9, 8, 7, 8, 9, 7, 7, 8, 7, 8, 6, 8, 9, 8, 8, 7, 6, 
25: 0, 0, 9, 0, 10, 8, 10, 10, 7, 0, 8, 6, 6, 0, 9, 10, 0, 0, 5, 0, 8, 8, 0, 8, 8, 0, 0, 7, 8, 0, 0, 0, 8, 6, 7, 0, 0, 0, 0, 8, : 9, 10, 8, 10, 10, 7, 8, 6, 6, 9, 10, 5, 8, 8, 8, 8, 7, 8, 8, 6, 7, 8, 
611: 0, 9, 0, 6, 0, 8, 4, 8, 0, 8, 0, 8, 0, 8, 11, 11, 7, 7, 7, 7, 0, 7, 0, 0, 8, 9, 6, 0, 0, 6, 8, 0, 0, 7, 0, 7, 0, 0, 8, 7, : 9, 6, 8, 4, 8, 8, 8, 8, 11, 11, 7, 7, 7, 7, 7, 8, 9, 6, 6, 8, 7, 7, 8, 7, 
563: 0, 0, 0, 6, 5, 7, 0, 7, 9, 0, 7, 9, 0, 0, 10, 6, 0, 8, 8, 5, 7, 0, 6, 0, 8, 7, 0, 0, 6, 0, 0, 8, 0, 8, 8, 0, 0, 6, 8, 8, : 6, 5, 7, 7, 9, 7, 9, 10, 6, 8, 8, 5, 7, 6, 8, 7, 6, 8, 8, 8, 6, 8, 8, 
125: 9, 9, 0, 7, 10, 0, 0, 6, 5, 9, 0, 8, 8, 0, 0, 0, 0, 0, 0, 6, 8, 6, 9, 6, 7, 0, 9, 0, 8, 0, 0, 7, 0, 0, 8, 0, 7, 0, 8, 8, : 9, 9, 7, 10, 6, 5, 9, 8, 8, 6, 8, 6, 9, 6, 7, 9, 8, 7, 8, 7, 8, 8, 
727: 8, 7, 7, 6, 8, 8, 0, 6, 0, 0, 7, 0, 6, 10, 10, 0, 0, 0, 8, 0, 9, 8, 8, 0, 0, 8, 8, 0, 0, 7, 8, 0, 0, 8, 6, 7, 0, 0, 7, 8, : 8, 7, 7, 6, 8, 8, 6, 7, 6, 10, 10, 8, 9, 8, 8, 8, 8, 7, 8, 8, 6, 7, 7, 8, 
662: 5, 8, 8, 0, 8, 9, 0, 0, 0, 0, 9, 7, 0, 0, 7, 7, 7, 8, 7, 0, 0, 7, 0, 0, 0, 0, 8, 0, 8, 7, 7, 7, 8, 6, 8, 8, 6, 0, 6, 6, : 5, 8, 8, 8, 9, 9, 7, 7, 7, 7, 8, 7, 7, 8, 8, 7, 7, 7, 8, 6, 8, 8, 6, 6, 6, 
790: 0, 0, 7, 0, 0, 0, 9, 8, 8, 9, 0, 8, 7, 9, 0, 8, 0, 0, 0, 8, 8, 0, 6, 8, 7, 8, 7, 0, 9, 0, 0, 8, 0, 0, 0, 8, 0, 0, 0, 0, : 7, 9, 8, 8, 9, 8, 7, 9, 8, 8, 8, 6, 8, 7, 8, 7, 9, 8, 8, 
19: 0, 0, 7, 6, 10, 7, 5, 0, 0, 0, 8, 0, 0, 8, 5, 6, 0, 0, 0, 0, 8, 9, 8, 0, 0, 0, 0, 0, 0, 0, 8, 7, 0, 8, 0, 8, 0, 0, 8, 0, : 7, 6, 10, 7, 5, 8, 8, 5, 6, 8, 9, 8, 8, 7, 8, 8, 8, 
668: 5, 0, 7, 0, 0, 9, 8, 0, 5, 0, 0, 7, 7, 0, 8, 7, 7, 0, 8, 8, 0, 0, 7, 7, 7, 0, 7, 8, 0, 8, 7, 0, 8, 0, 7, 9, 0, 8, 8, 0, : 5, 7, 9, 8, 5, 7, 7, 8, 7, 7, 8, 8, 7, 7, 7, 7, 8, 8, 7, 8, 7, 9, 8, 8, 
181: 6, 9, 0, 0, 5, 0, 0, 6, 0, 0, 7, 8, 0, 4, 0, 0, 8, 0, 0, 0, 6, 0, 7, 0, 0, 8, 6, 8, 0, 8, 0, 7, 0, 0, 6, 0, 8, 0, 9, 8, : 6, 9, 5, 6, 7, 8, 4, 8, 6, 7, 8, 6, 8, 8, 7, 6, 8, 9, 8, 
289: 10, 0, 9, 0, 7, 0, 5, 0, 8, 7, 7, 9, 6, 8, 4, 0, 6, 9, 0, 0, 8, 6, 0, 0, 8, 7, 0, 0, 6, 8, 0, 8, 0, 9, 0, 0, 7, 9, 0, 7, : 10, 9, 7, 5, 8, 7, 7, 9, 6, 8, 4, 6, 9, 8, 6, 8, 7, 6, 8, 8, 9, 7, 9, 7, 
639: 7, 9, 6, 0, 0, 6, 0, 0, 0, 5, 0, 5, 0, 6, 0, 0, 11, 7, 0, 8, 0, 0, 0, 0, 9, 6, 0, 0, 8, 8, 8, 0, 0, 7, 8, 0, 0, 6, 0, 7, : 7, 9, 6, 6, 5, 5, 6, 11, 7, 8, 9, 6, 8, 8, 8, 7, 8, 6, 7, 
330: 9, 9, 0, 9, 0, 0, 0, 5, 0, 8, 7, 0, 10, 0, 0, 0, 0, 5, 6, 0, 0, 0, 7, 7, 0, 0, 8, 7, 7, 0, 6, 8, 6, 7, 0, 8, 0, 7, 8, 0, : 9, 9, 9, 5, 8, 7, 10, 5, 6, 7, 7, 8, 7, 7, 6, 8, 6, 7, 8, 7, 8, 
609: 7, 0, 8, 7, 0, 0, 10, 10, 0, 7, 0, 0, 9, 9, 0, 8, 7, 0, 9, 8, 0, 8, 7, 8, 0, 0, 0, 8, 0, 0, 0, 7, 6, 8, 6, 7, 8, 0, 0, 0, : 7, 8, 7, 10, 10, 7, 9, 9, 8, 7, 9, 8, 8, 7, 8, 8, 7, 6, 8, 6, 7, 8, 
124: 0, 0, 6, 8, 0, 0, 0, 9, 9, 7, 7, 0, 0, 5, 5, 0, 8, 0, 0, 0, 8, 0, 0, 0, 7, 8, 0, 0, 0, 9, 8, 0, 8, 6, 0, 0, 9, 6, 0, 0, : 6, 8, 9, 9, 7, 7, 5, 5, 8, 8, 7, 8, 9, 8, 8, 6, 9, 6, 
669: 0, 0, 9, 9, 7, 0, 8, 8, 0, 0, 0, 0, 0, 0, 0, 8, 0, 8, 0, 7, 0, 0, 8, 6, 8, 8, 0, 0, 7, 0, 0, 9, 0, 0, 8, 8, 7, 8, 0, 7, : 9, 9, 7, 8, 8, 8, 8, 7, 8, 6, 8, 8, 7, 9, 8, 8, 7, 8, 7, 
397: 0, 0, 6, 6, 7, 6, 8, 0, 7, 0, 6, 0, 0, 0, 0, 9, 0, 7, 0, 0, 8, 8, 0, 0, 0, 7, 6, 0, 0, 7, 7, 0, 7, 0, 0, 0, 0, 7, 0, 0, : 6, 6, 7, 6, 8, 7, 6, 9, 7, 8, 8, 7, 6, 7, 7, 7, 7, 
86: 0, 0, 0, 0, 0, 0, 4, 0, 0, 7, 6, 9, 0, 7, 0, 4, 9, 8, 7, 0, 0, 8, 8, 7, 0, 0, 0, 7, 0, 8, 8, 0, 0, 0, 7, 0, 6, 8, 7, 0, : 4, 7, 6, 9, 7, 4, 9, 8, 7, 8, 8, 7, 7, 8, 8, 7, 6, 8, 7, 
143: 8, 6, 9, 9, 0, 7, 10, 8, 6, 0, 7, 9, 0, 8, 0, 8, 0, 8, 8, 6, 0, 0, 9, 7, 0, 8, 9, 8, 0, 0, 0, 0, 8, 8, 0, 0, 0, 0, 0, 0, : 8, 6, 9, 9, 7, 10, 8, 6, 7, 9, 8, 8, 8, 8, 6, 9, 7, 8, 9, 8, 8, 8, 
717: 0, 0, 5, 0, 8, 5, 0, 0, 9, 0, 9, 0, 0, 0, 0, 5, 9, 9, 7, 8, 8, 8, 8, 8, 0, 0, 8, 7, 0, 0, 9, 0, 0, 0, 8, 0, 0, 8, 7, 0, : 5, 8, 5, 9, 9, 5, 9, 9, 7, 8, 8, 8, 8, 8, 8, 7, 9, 8, 8, 7, 
642: 0, 0, 8, 0, 8, 0, 0, 5, 9, 0, 0, 8, 7, 0, 0, 0, 10, 0, 0, 8, 0, 8, 0, 0, 0, 0, 8, 6, 8, 8, 6, 8, 0, 0, 0, 0, 8, 8, 0, 0, : 8, 8, 5, 9, 8, 7, 10, 8, 8, 8, 6, 8, 8, 6, 8, 8, 8, 
544: 8, 6, 0, 0, 7, 0, 6, 9, 0, 0, 0, 10, 0, 5, 8, 0, 7, 5, 9, 0, 0, 0, 0, 0, 7, 8, 7, 8, 8, 7, 0, 9, 0, 9, 9, 9, 9, 0, 8, 7, : 8, 6, 7, 6, 9, 10, 5, 8, 7, 5, 9, 7, 8, 7, 8, 8, 7, 9, 9, 9, 9, 9, 8, 7, 
738: 7, 0, 0, 7, 0, 0, 9, 0, 10, 0, 0, 0, 6, 0, 6, 0, 6, 7, 7, 7, 0, 7, 0, 0, 6, 0, 0, 0, 6, 8, 0, 0, 7, 7, 0, 6, 0, 7, 8, 0, : 7, 7, 9, 10, 6, 6, 6, 7, 7, 7, 7, 6, 6, 8, 7, 7, 6, 7, 8, 


265: 0, 0, 11, 0, 0, 0, 7, 5, 7, 8, 0, 0, 5, 7, 0, 10, 0, 7, 8, 9, 8, 0, 0, 7, 8, 8, 8, 0, 0, 8, 6, 0, 0, 0, 0, 0, 8, 0, 8, 0, : 11, 7, 5, 7, 8, 5, 7, 10, 7, 8, 9, 8, 7, 8, 8, 8, 8, 6, 8, 8, 
635: 0, 7, 8, 8, 0, 8, 8, 7, 5, 10, 0, 0, 0, 0, 10, 0, 0, 0, 10, 0, 0, 7, 7, 0, 0, 9, 0, 0, 7, 0, 0, 8, 0, 6, 8, 6, 8, 0, 0, 8, : 7, 8, 8, 8, 8, 7, 5, 10, 10, 10, 7, 7, 9, 7, 8, 6, 8, 6, 8, 8, 
733: 7, 5, 8, 10, 0, 0, 0, 0, 8, 0, 8, 5, 7, 0, 8, 0, 0, 9, 0, 0, 0, 8, 8, 8, 0, 0, 0, 0, 0, 6, 8, 0, 0, 8, 0, 0, 0, 8, 0, 0, : 7, 5, 8, 10, 8, 8, 5, 7, 8, 9, 8, 8, 8, 6, 8, 8, 8, 
558: 0, 0, 0, 0, 6, 9, 0, 0, 9, 4, 7, 6, 10, 0, 0, 7, 8, 0, 0, 8, 5, 5, 8, 0, 5, 8, 0, 8, 6, 0, 7, 0, 7, 8, 8, 8, 8, 0, 8, 8, : 6, 9, 9, 4, 7, 6, 10, 7, 8, 8, 5, 5, 8, 5, 8, 8, 6, 7, 7, 8, 8, 8, 8, 8, 8, 
29: 0, 0, 8, 0, 0, 10, 7, 0, 7, 5, 10, 10, 0, 10, 0, 0, 0, 5, 0, 0, 0, 8, 0, 0, 6, 0, 0, 8, 0, 8, 0, 0, 0, 0, 0, 8, 0, 0, 6, 8, : 8, 10, 7, 7, 5, 10, 10, 10, 5, 8, 6, 8, 8, 8, 6, 8, 
133: 0, 9, 0, 0, 0, 9, 0, 0, 0, 8, 0, 0, 0, 9, 8, 0, 0, 0, 6, 0, 8, 8, 8, 0, 0, 0, 8, 8, 8, 0, 0, 0, 8, 0, 7, 0, 0, 0, 0, 0, : 9, 9, 8, 9, 8, 6, 8, 8, 8, 8, 8, 8, 8, 7, 
481: 0, 7, 0, 7, 7, 0, 8, 0, 0, 0, 0, 6, 0, 5, 0, 0, 0, 0, 7, 0, 7, 7, 0, 7, 0, 0, 6, 0, 8, 8, 0, 0, 0, 0, 0, 7, 7, 8, 7, 8, : 7, 7, 7, 8, 6, 5, 7, 7, 7, 7, 6, 8, 8, 7, 7, 8, 7, 8, 
43: 8, 0, 0, 6, 8, 7, 11, 7, 0, 10, 0, 0, 7, 7, 0, 9, 0, 0, 0, 7, 0, 8, 0, 0, 9, 0, 0, 0, 8, 0, 7, 7, 8, 0, 0, 0, 9, 6, 0, 8, : 8, 6, 8, 7, 11, 7, 10, 7, 7, 9, 7, 8, 9, 8, 7, 7, 8, 9, 6, 8, 
398: 4, 6, 0, 9, 10, 8, 0, 8, 0, 6, 6, 0, 0, 9, 11, 9, 8, 0, 8, 7, 0, 0, 7, 8, 0, 7, 0, 0, 8, 0, 7, 8, 5, 7, 0, 7, 0, 8, 0, 0, : 4, 6, 9, 10, 8, 8, 6, 6, 9, 11, 9, 8, 8, 7, 7, 8, 7, 8, 7, 8, 5, 7, 7, 8, 
409: 7, 0, 0, 0, 6, 0, 0, 9, 8, 0, 4, 8, 8, 0, 0, 7, 0, 7, 0, 8, 0, 8, 8, 6, 6, 6, 8, 0, 8, 9, 0, 8, 0, 6, 0, 5, 0, 0, 0, 0, : 7, 6, 9, 8, 4, 8, 8, 7, 7, 8, 8, 8, 6, 6, 6, 8, 8, 9, 8, 6, 5, 
297: 8, 11, 0, 0, 7, 0, 6, 0, 7, 0, 8, 8, 0, 0, 0, 0, 7, 8, 0, 0, 7, 8, 8, 8, 0, 6, 8, 8, 0, 7, 8, 0, 8, 0, 8, 8, 0, 5, 0, 7, : 8, 11, 7, 6, 7, 8, 8, 7, 8, 7, 8, 8, 8, 6, 8, 8, 7, 8, 8, 8, 8, 5, 7, 
277: 0, 0, 0, 4, 8, 0, 0, 7, 5, 0, 4, 0, 6, 6, 0, 0, 5, 0, 0, 8, 0, 0, 0, 8, 8, 7, 0, 0, 7, 8, 0, 0, 7, 0, 7, 0, 8, 8, 8, 0, : 4, 8, 7, 5, 4, 6, 6, 5, 8, 8, 8, 7, 7, 8, 7, 7, 8, 8, 8, 
660: 0, 0, 0, 0, 0, 7, 0, 10, 7, 9, 0, 4, 11, 4, 7, 7, 0, 0, 6, 0, 8, 0, 0, 0, 8, 0, 0, 6, 0, 0, 8, 7, 8, 8, 8, 0, 8, 9, 0, 0, : 7, 10, 7, 9, 4, 11, 4, 7, 7, 6, 8, 8, 6, 8, 7, 8, 8, 8, 8, 9, 
114: 9, 0, 0, 8, 0, 6, 0, 0, 0, 8, 7, 6, 0, 0, 7, 10, 0, 8, 8, 6, 0, 6, 0, 0, 0, 7, 0, 9, 0, 0, 7, 8, 0, 8, 0, 0, 6, 7, 0, 0, : 9, 8, 6, 8, 7, 6, 7, 10, 8, 8, 6, 6, 7, 9, 7, 8, 8, 6, 7, 
155: 0, 0, 8, 6, 7, 0, 8, 10, 0, 0, 7, 11, 0, 0, 0, 5, 5, 9, 0, 0, 0, 8, 0, 8, 0, 8, 8, 0, 8, 8, 8, 0, 6, 8, 8, 8, 0, 8, 8, 0, : 8, 6, 7, 8, 10, 7, 11, 5, 5, 9, 8, 8, 8, 8, 8, 8, 8, 6, 8, 8, 8, 8, 8, 
469: 0, 0, 0, 0, 0, 7, 0, 9, 0, 0, 0, 0, 8, 9, 8, 7, 6, 7, 9, 6, 8, 0, 0, 5, 0, 0, 0, 0, 5, 0, 0, 8, 0, 7, 8, 8, 7, 6, 8, 0, : 7, 9, 8, 9, 8, 7, 6, 7, 9, 6, 8, 5, 5, 8, 7, 8, 8, 7, 6, 8, 
64: 8, 0, 6, 0, 10, 0, 7, 0, 9, 6, 0, 0, 8, 0, 8, 0, 0, 0, 8, 0, 8, 8, 0, 8, 7, 0, 8, 7, 0, 7, 0, 6, 7, 8, 0, 0, 0, 0, 8, 8, : 8, 6, 10, 7, 9, 6, 8, 8, 8, 8, 8, 8, 7, 8, 7, 7, 6, 7, 8, 8, 8, 
648: 0, 9, 0, 9, 0, 6, 6, 7, 5, 5, 0, 0, 9, 0, 7, 0, 0, 6, 8, 7, 0, 0, 8, 6, 0, 0, 5, 8, 0, 8, 8, 0, 0, 0, 0, 9, 0, 0, 8, 0, : 9, 9, 6, 6, 7, 5, 5, 9, 7, 6, 8, 7, 8, 6, 5, 8, 8, 8, 9, 8, 
348: 0, 7, 8, 5, 0, 0, 9, 0, 0, 7, 0, 0, 7, 0, 9, 4, 0, 0, 9, 0, 0, 0, 0, 0, 0, 0, 6, 8, 0, 8, 6, 8, 8, 8, 6, 0, 0, 8, 0, 9, : 7, 8, 5, 9, 7, 7, 9, 4, 9, 6, 8, 8, 6, 8, 8, 8, 6, 8, 9, 
360: 0, 4, 0, 0, 5, 8, 5, 0, 0, 0, 10, 5, 0, 0, 0, 7, 9, 0, 7, 0, 8, 0, 6, 0, 0, 0, 0, 0, 0, 0, 8, 0, 8, 8, 0, 0, 7, 8, 6, 7, : 4, 5, 8, 5, 10, 5, 7, 9, 7, 8, 6, 8, 8, 8, 7, 8, 6, 7, 
49: 6, 9, 6, 6, 5, 8, 0, 5, 0, 0, 8, 0, 0, 8, 0, 0, 6, 0, 7, 0, 7, 8, 0, 8, 7, 0, 0, 8, 8, 0, 0, 8, 0, 0, 6, 0, 8, 8, 0, 0, : 6, 9, 6, 6, 5, 8, 5, 8, 8, 6, 7, 7, 8, 8, 7, 8, 8, 8, 6, 8, 8, 
528: 7, 8, 9, 7, 0, 8, 0, 0, 9, 0, 0, 0, 0, 10, 0, 7, 0, 0, 8, 8, 0, 0, 8, 0, 0, 0, 0, 0, 7, 8, 8, 0, 8, 0, 8, 0, 0, 8, 0, 8, : 7, 8, 9, 7, 8, 9, 10, 7, 8, 8, 8, 7, 8, 8, 8, 8, 8, 8, 
65: 10, 7, 0, 7, 10, 0, 0, 0, 7, 0, 0, 7, 10, 7, 9, 0, 0, 0, 7, 0, 9, 0, 0, 8, 8, 0, 8, 8, 0, 7, 5, 0, 0, 8, 0, 0, 8, 0, 0, 0, : 10, 7, 7, 10, 7, 7, 10, 7, 9, 7, 9, 8, 8, 8, 8, 7, 5, 8, 8, 
756: 8, 0, 7, 6, 0, 0, 0, 0, 10, 8, 0, 11, 0, 9, 5, 0, 0, 0, 0, 0, 0, 0, 0, 0, 0, 0, 0, 0, 0, 7, 8, 8, 6, 8, 0, 0, 0, 8, 5, 8, : 8, 7, 6, 10, 8, 11, 9, 5, 7, 8, 8, 6, 8, 8, 5, 8, 
673: 6, 10, 8, 6, 0, 6, 10, 6, 0, 0, 8, 10, 4, 0, 6, 0, 7, 0, 0, 0, 0, 0, 0, 0, 8, 7, 8, 0, 8, 8, 0, 0, 0, 0, 8, 8, 0, 0, 8, 8, : 6, 10, 8, 6, 6, 10, 6, 8, 10, 4, 6, 7, 8, 7, 8, 8, 8, 8, 8, 8, 8, 
771: 7, 0, 8, 0, 8, 6, 0, 10, 10, 10, 0, 0, 0, 0, 10, 0, 0, 0, 0, 9, 8, 7, 0, 0, 8, 8, 8, 8, 0, 0, 8, 0, 0, 7, 0, 8, 0, 0, 0, 0, : 7, 8, 8, 6, 10, 10, 10, 10, 9, 8, 7, 8, 8, 8, 8, 8, 7, 8, 
448: 0, 8, 0, 0, 0, 0, 7, 0, 0, 8, 5, 6, 0, 7, 0, 0, 5, 6, 0, 5, 0, 0, 8, 0, 8, 8, 0, 0, 7, 0, 0, 7, 8, 0, 0, 0, 0, 0, 0, 0, : 8, 7, 8, 5, 6, 7, 5, 6, 5, 8, 8, 8, 7, 7, 8, 
271: 0, 0, 0, 0, 7, 0, 7, 0, 0, 0, 0, 8, 0, 6, 0, 0, 0, 0, 7, 8, 7, 8, 0, 7, 8, 8, 0, 0, 0, 6, 0, 0, 8, 7, 0, 6, 0, 7, 0, 8, : 7, 7, 8, 6, 7, 8, 7, 8, 7, 8, 8, 6, 8, 7, 6, 7, 8, 
334: 5, 0, 6, 9, 0, 0, 7, 7, 4, 0, 6, 0, 8, 0, 5, 5, 8, 7, 0, 8, 9, 0, 0, 8, 8, 8, 9, 0, 8, 8, 9, 0, 0, 8, 0, 7, 8, 0, 7, 7, : 5, 6, 9, 7, 7, 4, 6, 8, 5, 5, 8, 7, 8, 9, 8, 8, 8, 9, 8, 8, 9, 8, 7, 8, 7, 7, 
270: 8, 0, 6, 0, 7, 0, 0, 0, 0, 9, 6, 4, 0, 8, 0, 6, 10, 9, 0, 8, 7, 0, 8, 8, 8, 0, 8, 7, 8, 0, 0, 0, 9, 0, 5, 7, 8, 0, 0, 0, : 8, 6, 7, 9, 6, 4, 8, 6, 10, 9, 8, 7, 8, 8, 8, 8, 7, 8, 9, 5, 7, 8, 
705: 8, 0, 4, 9, 0, 6, 0, 7, 10, 11, 0, 0, 9, 0, 7, 6, 10, 9, 0, 8, 0, 0, 6, 0, 7, 0, 0, 5, 0, 0, 0, 8, 0, 0, 8, 8, 8, 8, 9, 5, : 8, 4, 9, 6, 7, 10, 11, 9, 7, 6, 10, 9, 8, 6, 7, 5, 8, 8, 8, 8, 8, 9, 5, 
73: 9, 6, 8, 0, 7, 6, 0, 5, 9, 8, 11, 9, 0, 0, 0, 8, 0, 7, 5, 0, 8, 0, 8, 0, 0, 5, 0, 0, 8, 5, 0, 5, 0, 0, 0, 8, 8, 0, 8, 7, : 9, 6, 8, 7, 6, 5, 9, 8, 11, 9, 8, 7, 5, 8, 8, 5, 8, 5, 5, 8, 8, 8, 7, 
212: 8, 0, 0, 0, 9, 0, 0, 10, 0, 0, 7, 0, 6, 0, 0, 0, 7, 0, 9, 0, 0, 6, 5, 8, 0, 0, 7, 8, 0, 0, 8, 8, 0, 8, 9, 0, 6, 7, 7, 0, : 8, 9, 10, 7, 6, 7, 9, 6, 5, 8, 7, 8, 8, 8, 8, 9, 6, 7, 7, 
281: 8, 0, 0, 0, 0, 0, 5, 9, 0, 0, 9, 0, 0, 7, 6, 9, 9, 10, 0, 8, 0, 7, 0, 0, 0, 8, 8, 6, 9, 0, 0, 8, 0, 0, 7, 0, 8, 0, 7, 6, : 8, 5, 9, 9, 7, 6, 9, 9, 10, 8, 7, 8, 8, 6, 9, 8, 7, 8, 7, 6, 
514: 0, 7, 7, 0, 0, 0, 0, 0, 0, 0, 8, 8, 8, 7, 6, 0, 8, 0, 6, 0, 8, 8, 8, 7, 0, 8, 7, 0, 0, 0, 0, 7, 0, 0, 7, 8, 7, 0, 0, 8, : 7, 7, 8, 8, 8, 7, 6, 8, 6, 8, 8, 8, 7, 8, 7, 7, 7, 8, 7, 8, 
190: 0, 7, 10, 0, 5, 0, 7, 0, 9, 0, 0, 0, 0, 8, 0, 9, 0, 8, 0, 8, 0, 9, 7, 0, 0, 8, 0, 8, 0, 8, 0, 0, 8, 5, 8, 0, 0, 7, 8, 0, : 7, 10, 5, 7, 9, 8, 9, 8, 8, 9, 7, 8, 8, 8, 8, 5, 8, 7, 8, 
494: 0, 5, 0, 8, 10, 9, 7, 6, 0, 5, 0, 8, 9, 7, 0, 0, 8, 7, 7, 7, 6, 0, 9, 9, 8, 0, 7, 8, 6, 8, 8, 9, 8, 9, 0, 8, 0, 0, 0, 0, : 5, 8, 10, 9, 7, 6, 5, 8, 9, 7, 8, 7, 7, 7, 6, 9, 9, 8, 7, 8, 6, 8, 8, 9, 8, 9, 8, 
78: 0, 8, 0, 9, 0, 7, 8, 6, 0, 0, 0, 0, 5, 0, 6, 11, 11, 5, 0, 0, 0, 0, 0, 8, 7, 8, 7, 7, 0, 0, 8, 6, 7, 0, 8, 0, 0, 0, 8, 8, : 8, 9, 7, 8, 6, 5, 6, 11, 11, 5, 8, 7, 8, 7, 7, 8, 6, 7, 8, 8, 8, 
675: 9, 10, 6, 0, 8, 9, 10, 0, 5, 5, 11, 0, 0, 0, 0, 7, 6, 8, 0, 0, 8, 0, 7, 0, 0, 8, 0, 0, 8, 0, 0, 0, 8, 0, 0, 0, 0, 0, 0, 6, : 9, 10, 6, 8, 9, 10, 5, 5, 11, 7, 6, 8, 8, 7, 8, 8, 8, 6, 
628: 0, 0, 8, 11, 0, 0, 0, 0, 0, 0, 0, 10, 5, 0, 7, 0, 7, 8, 0, 7, 6, 8, 8, 0, 8, 0, 8, 7, 0, 0, 0, 8, 0, 0, 8, 8, 5, 8, 8, 0, : 8, 11, 10, 5, 7, 7, 8, 7, 6, 8, 8, 8, 8, 7, 8, 8, 8, 5, 8, 8, 


27: 7, 0, 0, 0, 10, 5, 0, 7, 0, 9, 7, 10, 0, 0, 0, 0, 0, 7, 9, 9, 7, 8, 0, 7, 0, 5, 0, 7, 0, 7, 9, 0, 9, 6, 7, 7, 0, 0, 8, 7, : 7, 10, 5, 7, 9, 7, 10, 7, 9, 9, 7, 8, 7, 5, 7, 7, 9, 9, 6, 7, 7, 8, 7, 
55: 6, 0, 7, 8, 0, 6, 7, 9, 10, 6, 0, 0, 5, 0, 6, 0, 11, 0, 0, 8, 0, 9, 0, 8, 0, 0, 0, 8, 0, 0, 6, 8, 9, 0, 6, 8, 8, 8, 0, 0, : 6, 7, 8, 6, 7, 9, 10, 6, 5, 6, 11, 8, 9, 8, 8, 6, 8, 9, 6, 8, 8, 8, 
110: 8, 6, 0, 9, 0, 6, 10, 0, 0, 8, 0, 0, 6, 7, 0, 6, 0, 8, 8, 0, 9, 9, 7, 9, 0, 9, 0, 7, 7, 6, 0, 0, 0, 8, 7, 0, 0, 9, 0, 9, : 8, 6, 9, 6, 10, 8, 6, 7, 6, 8, 8, 9, 9, 7, 9, 9, 7, 7, 6, 8, 7, 9, 9, 
240: 8, 0, 4, 0, 7, 6, 0, 0, 7, 10, 0, 7, 9, 7, 0, 7, 0, 0, 0, 8, 8, 0, 7, 0, 0, 0, 6, 9, 5, 7, 9, 9, 0, 0, 0, 0, 8, 0, 5, 0, : 8, 4, 7, 6, 7, 10, 7, 9, 7, 7, 8, 8, 7, 6, 9, 5, 7, 9, 9, 8, 5, 
519: 9, 0, 0, 0, 0, 7, 0, 8, 4, 7, 10, 0, 0, 0, 0, 0, 9, 6, 0, 9, 7, 6, 8, 0, 9, 0, 0, 0, 0, 8, 0, 8, 7, 0, 7, 0, 8, 8, 6, 7, : 9, 7, 8, 4, 7, 10, 9, 6, 9, 7, 6, 8, 9, 8, 8, 7, 7, 8, 8, 6, 7, 
353: 0, 0, 8, 0, 8, 8, 0, 0, 0, 0, 8, 6, 7, 8, 9, 7, 9, 0, 0, 0, 0, 0, 0, 0, 8, 6, 9, 0, 8, 0, 0, 0, 0, 9, 8, 0, 7, 0, 0, 7, : 8, 8, 8, 8, 6, 7, 8, 9, 7, 9, 8, 6, 9, 8, 9, 8, 7, 7, 
506: 7, 8, 0, 0, 6, 9, 0, 0, 0, 0, 6, 11, 0, 6, 7, 0, 0, 0, 0, 0, 8, 0, 0, 0, 9, 0, 7, 0, 7, 8, 0, 0, 0, 0, 8, 9, 0, 7, 0, 0, : 7, 8, 6, 9, 6, 11, 6, 7, 8, 9, 7, 7, 8, 8, 9, 7, 
485: 9, 4, 0, 0, 5, 11, 0, 0, 0, 0, 0, 6, 4, 0, 0, 0, 0, 0, 0, 0, 0, 7, 0, 0, 6, 7, 0, 8, 7, 0, 0, 0, 0, 8, 0, 0, 0, 9, 8, 9, : 9, 4, 5, 11, 6, 4, 7, 6, 7, 8, 7, 8, 9, 8, 9, 
619: 7, 0, 0, 8, 8, 0, 6, 0, 0, 5, 0, 0, 10, 0, 7, 8, 0, 7, 0, 8, 0, 0, 9, 0, 5, 0, 0, 0, 0, 0, 0, 9, 8, 7, 8, 0, 0, 0, 8, 0, : 7, 8, 8, 6, 5, 10, 7, 8, 7, 8, 9, 5, 9, 8, 7, 8, 8, 
138: 8, 7, 0, 0, 0, 0, 8, 8, 7, 10, 8, 10, 0, 10, 0, 10, 0, 5, 8, 7, 0, 0, 8, 0, 0, 6, 8, 0, 0, 0, 0, 8, 0, 0, 8, 0, 0, 7, 0, 8, : 8, 7, 8, 8, 7, 10, 8, 10, 10, 10, 5, 8, 7, 8, 6, 8, 8, 8, 7, 8, 
737: 0, 0, 0, 9, 7, 9, 0, 11, 0, 0, 8, 8, 0, 11, 6, 0, 0, 0, 7, 0, 0, 8, 8, 0, 8, 7, 0, 0, 0, 0, 8, 0, 0, 0, 0, 0, 0, 7, 0, 6, : 9, 7, 9, 11, 8, 8, 11, 6, 7, 8, 8, 8, 7, 8, 7, 6, 
664: 0, 0, 9, 8, 0, 7, 9, 0, 10, 0, 0, 0, 0, 0, 0, 10, 7, 6, 6, 0, 8, 8, 0, 7, 7, 8, 7, 5, 8, 8, 0, 0, 0, 8, 0, 0, 8, 8, 9, 0, : 9, 8, 7, 9, 10, 10, 7, 6, 6, 8, 8, 7, 7, 8, 7, 5, 8, 8, 8, 8, 8, 9, 
508: 0, 7, 0, 8, 0, 7, 7, 0, 8, 8, 6, 0, 6, 8, 6, 7, 6, 9, 0, 9, 8, 0, 0, 8, 6, 0, 8, 0, 6, 0, 8, 0, 8, 0, 8, 0, 0, 8, 6, 0, : 7, 8, 7, 7, 8, 8, 6, 6, 8, 6, 7, 6, 9, 9, 8, 8, 6, 8, 6, 8, 8, 8, 8, 6, 
674: 0, 0, 6, 0, 0, 0, 0, 0, 6, 0, 8, 0, 0, 0, 0, 10, 0, 0, 5, 8, 6, 9, 6, 8, 8, 0, 0, 8, 0, 0, 8, 0, 7, 7, 0, 9, 0, 0, 7, 8, : 6, 6, 8, 10, 5, 8, 6, 9, 6, 8, 8, 8, 8, 7, 7, 9, 7, 8, 
39: 0, 8, 7, 8, 7, 0, 0, 8, 0, 6, 0, 7, 0, 0, 6, 0, 5, 0, 6, 0, 0, 0, 0, 0, 7, 0, 8, 8, 0, 0, 8, 8, 0, 8, 8, 0, 0, 0, 0, 0, : 8, 7, 8, 7, 8, 6, 7, 6, 5, 6, 7, 8, 8, 8, 8, 8, 8, 
591: 10, 7, 0, 6, 0, 0, 0, 7, 7, 0, 6, 5, 0, 8, 0, 6, 11, 6, 0, 0, 0, 8, 8, 0, 0, 8, 0, 9, 0, 0, 0, 9, 6, 6, 0, 6, 0, 0, 8, 0, : 10, 7, 6, 7, 7, 6, 5, 8, 6, 11, 6, 8, 8, 8, 9, 9, 6, 6, 6, 8, 
498: 4, 9, 0, 0, 11, 9, 9, 0, 0, 0, 0, 0, 9, 0, 0, 0, 4, 10, 0, 7, 0, 0, 0, 0, 0, 8, 8, 6, 8, 7, 8, 7, 8, 0, 0, 7, 7, 0, 0, 8, : 4, 9, 11, 9, 9, 9, 4, 10, 7, 8, 8, 6, 8, 7, 8, 7, 8, 7, 7, 8, 
704: 8, 6, 0, 4, 6, 8, 0, 8, 0, 0, 0, 0, 0, 5, 9, 0, 5, 7, 8, 0, 0, 7, 7, 0, 7, 0, 0, 0, 8, 9, 0, 0, 9, 0, 6, 8, 9, 0, 8, 8, : 8, 6, 4, 6, 8, 8, 5, 9, 5, 7, 8, 7, 7, 7, 8, 9, 9, 6, 8, 9, 8, 8, 
399: 0, 5, 7, 5, 8, 0, 0, 7, 0, 0, 9, 0, 9, 5, 8, 9, 10, 9, 7, 0, 0, 8, 0, 6, 0, 0, 0, 0, 8, 8, 7, 7, 0, 9, 0, 0, 0, 9, 0, 7, : 5, 7, 5, 8, 7, 9, 9, 5, 8, 9, 10, 9, 7, 8, 6, 8, 8, 7, 7, 9, 9, 7, 
686: 0, 7, 9, 0, 8, 0, 8, 6, 6, 5, 9, 6, 0, 7, 7, 0, 7, 0, 8, 9, 6, 0, 9, 6, 0, 9, 7, 0, 7, 5, 9, 0, 0, 0, 0, 0, 0, 9, 6, 0, : 7, 9, 8, 8, 6, 6, 5, 9, 6, 7, 7, 7, 8, 9, 6, 9, 6, 9, 7, 7, 5, 9, 9, 6, 
493: 7, 9, 6, 9, 0, 0, 0, 0, 7, 0, 0, 8, 8, 10, 0, 5, 4, 6, 0, 0, 8, 7, 0, 7, 0, 0, 0, 7, 0, 8, 7, 7, 0, 0, 9, 7, 8, 0, 7, 8, : 7, 9, 6, 9, 7, 8, 8, 10, 5, 4, 6, 8, 7, 7, 7, 8, 7, 7, 9, 7, 8, 7, 8, 
431: 6, 0, 8, 0, 0, 0, 6, 9, 6, 0, 6, 0, 0, 0, 0, 0, 0, 0, 10, 0, 0, 6, 7, 0, 0, 7, 7, 0, 9, 9, 0, 8, 9, 8, 0, 8, 5, 5, 9, 0, : 6, 8, 6, 9, 6, 6, 10, 6, 7, 7, 7, 9, 9, 8, 9, 8, 8, 5, 5, 9, 
581: 0, 10, 0, 0, 8, 5, 5, 8, 0, 0, 0, 8, 10, 0, 7, 0, 6, 0, 0, 7, 5, 8, 6, 0, 9, 0, 0, 6, 0, 7, 6, 5, 7, 0, 0, 0, 0, 0, 0, 0, : 10, 8, 5, 5, 8, 8, 10, 7, 6, 7, 5, 8, 6, 9, 6, 7, 6, 5, 7, 
540: 0, 9, 8, 8, 9, 0, 0, 6, 0, 0, 0, 0, 0, 5, 6, 0, 8, 4, 0, 6, 7, 0, 0, 6, 0, 0, 6, 8, 8, 8, 0, 0, 0, 7, 0, 8, 0, 0, 0, 7, : 9, 8, 8, 9, 6, 5, 6, 8, 4, 6, 7, 6, 6, 8, 8, 8, 7, 8, 7, 
113: 9, 7, 7, 0, 0, 11, 4, 6, 7, 5, 9, 0, 0, 7, 7, 6, 6, 0, 0, 0, 0, 0, 9, 9, 9, 7, 8, 0, 7, 0, 7, 0, 0, 0, 0, 0, 6, 7, 7, 6, : 9, 7, 7, 11, 4, 6, 7, 5, 9, 7, 7, 6, 6, 9, 9, 9, 7, 8, 7, 7, 6, 7, 7, 6, 
156: 0, 0, 8, 0, 7, 0, 7, 0, 6, 0, 9, 0, 6, 5, 10, 0, 0, 0, 0, 0, 9, 0, 0, 9, 8, 0, 8, 0, 9, 0, 7, 6, 7, 0, 0, 0, 9, 0, 7, 9, : 8, 7, 7, 6, 9, 6, 5, 10, 9, 9, 8, 8, 9, 7, 6, 7, 9, 7, 9, 
328: 0, 0, 0, 6, 0, 9, 7, 0, 0, 6, 6, 8, 6, 0, 8, 4, 0, 11, 0, 8, 0, 7, 7, 7, 0, 6, 7, 8, 0, 6, 9, 0, 0, 0, 9, 8, 9, 6, 0, 0, : 6, 9, 7, 6, 6, 8, 6, 8, 4, 11, 8, 7, 7, 7, 6, 7, 8, 6, 9, 9, 8, 9, 6, 
731: 0, 11, 7, 9, 5, 0, 0, 0, 0, 0, 0, 0, 0, 8, 11, 5, 0, 4, 0, 8, 9, 0, 0, 0, 8, 0, 8, 9, 9, 9, 0, 8, 0, 0, 0, 8, 9, 0, 0, 0, : 11, 7, 9, 5, 8, 11, 5, 4, 8, 9, 8, 8, 9, 9, 9, 8, 8, 9, 
26: 0, 10, 0, 0, 0, 6, 0, 0, 0, 10, 5, 8, 6, 8, 0, 8, 10, 11, 8, 7, 8, 5, 5, 0, 0, 7, 6, 7, 8, 0, 0, 0, 5, 9, 8, 6, 6, 7, 0, 0, : 10, 6, 10, 5, 8, 6, 8, 8, 10, 11, 8, 7, 8, 5, 5, 7, 6, 7, 8, 5, 9, 8, 6, 6, 7, 
610: 0, 6, 9, 0, 0, 0, 0, 0, 0, 0, 0, 7, 9, 0, 9, 0, 0, 0, 0, 0, 0, 0, 0, 9, 7, 8, 9, 7, 0, 0, 7, 7, 8, 6, 0, 7, 0, 8, 0, 9, : 6, 9, 7, 9, 9, 9, 7, 8, 9, 7, 7, 7, 8, 6, 7, 8, 9, 
794: 0, 0, 8, 0, 0, 0, 0, 0, 10, 10, 8, 6, 8, 0, 0, 0, 0, 8, 8, 6, 6, 8, 9, 0, 0, 8, 0, 0, 0, 0, 5, 9, 0, 8, 7, 0, 8, 0, 8, 6, : 8, 10, 10, 8, 6, 8, 8, 8, 6, 6, 8, 9, 8, 5, 9, 8, 7, 8, 8, 6, 
351: 10, 0, 11, 7, 0, 7, 9, 8, 9, 5, 0, 0, 0, 0, 5, 5, 0, 0, 9, 0, 0, 0, 8, 8, 7, 9, 5, 8, 0, 0, 0, 7, 0, 0, 0, 0, 7, 6, 0, 0, : 10, 11, 7, 7, 9, 8, 9, 5, 5, 5, 9, 8, 8, 7, 9, 5, 8, 7, 7, 6, 
451: 8, 6, 0, 0, 7, 0, 7, 10, 7, 5, 10, 0, 10, 0, 0, 10, 6, 9, 0, 0, 0, 0, 0, 8, 0, 0, 0, 9, 6, 0, 0, 0, 0, 7, 0, 5, 0, 6, 7, 0, : 8, 6, 7, 7, 10, 7, 5, 10, 10, 10, 6, 9, 8, 9, 6, 7, 5, 6, 7, 
241: 0, 0, 7, 8, 0, 0, 11, 0, 0, 10, 7, 0, 0, 8, 0, 11, 0, 9, 0, 8, 8, 9, 8, 5, 8, 0, 0, 0, 6, 9, 8, 0, 7, 8, 0, 6, 6, 0, 9, 0, : 7, 8, 11, 10, 7, 8, 11, 9, 8, 8, 9, 8, 5, 8, 6, 9, 8, 7, 8, 6, 6, 9, 
304: 5, 0, 0, 0, 0, 0, 7, 0, 8, 0, 0, 5, 7, 10, 0, 8, 9, 0, 8, 6, 9, 0, 0, 0, 6, 0, 0, 0, 0, 0, 0, 8, 0, 0, 0, 7, 7, 8, 9, 0, : 5, 7, 8, 5, 7, 10, 8, 9, 8, 6, 9, 6, 8, 7, 7, 8, 9, 
501: 0, 0, 0, 0, 11, 0, 0, 6, 0, 9, 0, 8, 0, 0, 0, 0, 0, 0, 9, 7, 0, 7, 0, 8, 0, 8, 9, 0, 0, 0, 0, 0, 8, 5, 7, 9, 8, 8, 0, 0, : 11, 6, 9, 8, 9, 7, 7, 8, 8, 9, 8, 5, 7, 9, 8, 8, 
56: 0, 0, 5, 9, 6, 6, 7, 6, 8, 9, 0, 0, 7, 7, 0, 8, 0, 0, 8, 5, 0, 0, 0, 8, 8, 0, 0, 0, 9, 8, 0, 0, 6, 7, 5, 9, 0, 0, 0, 0, : 5, 9, 6, 6, 7, 6, 8, 9, 7, 7, 8, 8, 5, 8, 8, 9, 8, 6, 7, 5, 9, 
419: 0, 8, 0, 7, 0, 0, 10, 4, 7, 0, 0, 0, 0, 0, 9, 0, 9, 8, 7, 0, 7, 0, 8, 0, 0, 0, 0, 0, 0, 6, 0, 6, 8, 0, 9, 8, 0, 0, 0, 5, : 8, 7, 10, 4, 7, 9, 9, 8, 7, 7, 8, 6, 6, 8, 9, 8, 5, 
782: 6, 0, 9, 5, 6, 8, 6, 8, 0, 7, 0, 7, 8, 0, 7, 0, 0, 0, 6, 0, 7, 0, 0, 7, 0, 8, 9, 0, 0, 7, 6, 0, 8, 0, 9, 0, 0, 0, 0, 8, : 6, 9, 5, 6, 8, 6, 8, 7, 7, 8, 7, 6, 7, 7, 8, 9, 7, 6, 8, 9, 8, 
500: 8, 0, 0, 9, 0, 0, 0, 0, 10, 0, 5, 9, 0, 0, 0, 0, 8, 0, 5, 0, 0, 6, 6, 0, 0, 9, 0, 6, 0, 0, 8, 6, 6, 9, 6, 0, 7, 0, 8, 8, : 8, 9, 10, 5, 9, 8, 5, 6, 6, 9, 6, 8, 6, 6, 9, 6, 7, 8, 8, 


615: 9, 0, 0, 0, 0, 6, 0, 6, 4, 9, 4, 9, 8, 7, 9, 0, 7, 0, 7, 8, 0, 8, 8, 0, 7, 0, 8, 0, 7, 0, 0, 6, 0, 7, 8, 0, 7, 0, 8, 7, : 9, 6, 6, 4, 9, 4, 9, 8, 7, 9, 7, 7, 8, 8, 8, 7, 8, 7, 6, 7, 8, 7, 8, 7, 
634: 9, 0, 0, 0, 0, 0, 0, 5, 10, 7, 0, 0, 0, 0, 7, 6, 0, 8, 0, 7, 7, 6, 0, 9, 5, 0, 6, 8, 0, 8, 5, 0, 8, 7, 8, 0, 0, 0, 8, 0, : 9, 5, 10, 7, 7, 6, 8, 7, 7, 6, 9, 5, 6, 8, 8, 5, 8, 7, 8, 8, 
253: 7, 7, 0, 7, 0, 8, 6, 6, 0, 0, 0, 6, 0, 8, 0, 8, 9, 0, 0, 0, 0, 5, 0, 7, 6, 8, 8, 0, 0, 0, 7, 0, 7, 0, 7, 0, 0, 0, 0, 8, : 7, 7, 7, 8, 6, 6, 6, 8, 8, 9, 5, 7, 6, 8, 8, 7, 7, 7, 8, 
788: 0, 6, 0, 0, 0, 0, 6, 10, 0, 11, 8, 0, 0, 0, 7, 0, 0, 6, 9, 0, 7, 9, 9, 0, 8, 7, 8, 5, 0, 7, 0, 0, 0, 0, 0, 7, 9, 7, 0, 0, : 6, 6, 10, 11, 8, 7, 6, 9, 7, 9, 9, 8, 7, 8, 5, 7, 7, 9, 7, 
713: 0, 0, 5, 0, 0, 8, 0, 0, 8, 7, 9, 0, 0, 10, 0, 8, 0, 0, 0, 7, 9, 8, 7, 0, 0, 0, 0, 7, 7, 0, 8, 7, 0, 0, 7, 7, 0, 0, 7, 7, : 5, 8, 8, 7, 9, 10, 8, 7, 9, 8, 7, 7, 7, 8, 7, 7, 7, 7, 7, 
644: 0, 6, 0, 0, 9, 0, 6, 7, 0, 0, 11, 11, 0, 8, 6, 6, 6, 0, 0, 0, 0, 7, 0, 0, 0, 7, 0, 8, 0, 7, 8, 0, 0, 8, 8, 0, 6, 9, 0, 7, : 6, 9, 6, 7, 11, 11, 8, 6, 6, 6, 7, 7, 8, 7, 8, 8, 8, 6, 9, 7, 
287: 0, 7, 6, 9, 7, 0, 6, 0, 8, 7, 10, 8, 0, 7, 0, 8, 7, 0, 8, 5, 6, 0, 5, 0, 7, 8, 0, 0, 0, 0, 7, 5, 7, 0, 9, 6, 8, 8, 8, 7, : 7, 6, 9, 7, 6, 8, 7, 10, 8, 7, 8, 7, 8, 5, 6, 5, 7, 8, 7, 5, 7, 9, 6, 8, 8, 8, 7, 
706: 0, 0, 10, 0, 0, 0, 0, 7, 8, 7, 9, 6, 8, 7, 0, 0, 0, 6, 0, 9, 0, 8, 0, 8, 0, 8, 7, 8, 7, 8, 0, 8, 8, 8, 8, 0, 9, 9, 7, 5, : 10, 7, 8, 7, 9, 6, 8, 7, 6, 9, 8, 8, 8, 7, 8, 7, 8, 8, 8, 8, 8, 9, 9, 7, 5, 
211: 0, 0, 0, 8, 6, 7, 6, 10, 0, 6, 0, 0, 0, 0, 0, 8, 0, 0, 9, 7, 0, 0, 0, 7, 7, 0, 7, 7, 8, 0, 0, 0, 7, 7, 8, 0, 8, 0, 0, 8, : 8, 6, 7, 6, 10, 6, 8, 9, 7, 7, 7, 7, 7, 8, 7, 7, 8, 8, 8, 
564: 0, 0, 0, 11, 0, 0, 6, 0, 9, 11, 0, 0, 0, 8, 0, 0, 0, 7, 0, 8, 9, 9, 7, 0, 0, 0, 0, 0, 0, 7, 0, 8, 0, 0, 6, 0, 8, 0, 8, 0, : 11, 6, 9, 11, 8, 7, 8, 9, 9, 7, 7, 8, 6, 8, 8, 
72: 0, 0, 5, 0, 7, 0, 0, 9, 0, 0, 0, 0, 6, 9, 0, 7, 5, 9, 0, 0, 7, 7, 0, 7, 0, 0, 8, 0, 0, 9, 0, 0, 8, 0, 0, 0, 8, 0, 0, 0, : 5, 7, 9, 6, 9, 7, 5, 9, 7, 7, 7, 8, 9, 8, 8, 
199: 9, 10, 9, 0, 6, 7, 0, 8, 5, 0, 0, 7, 0, 5, 10, 0, 0, 0, 0, 6, 7, 0, 0, 8, 0, 0, 0, 0, 0, 8, 0, 8, 8, 0, 8, 8, 0, 8, 0, 0, : 9, 10, 9, 6, 7, 8, 5, 7, 5, 10, 6, 7, 8, 8, 8, 8, 8, 8, 8, 
539: 10, 0, 0, 8, 9, 6, 0, 0, 0, 9, 5, 9, 0, 0, 9, 0, 0, 7, 8, 8, 8, 7, 8, 8, 0, 0, 0, 0, 7, 7, 9, 8, 0, 8, 0, 0, 0, 8, 0, 0, : 10, 8, 9, 6, 9, 5, 9, 9, 7, 8, 8, 8, 7, 8, 8, 7, 7, 9, 8, 8, 8, 
310: 0, 7, 0, 0, 8, 8, 10, 0, 0, 0, 0, 9, 7, 8, 0, 8, 8, 0, 0, 0, 0, 0, 8, 7, 0, 0, 0, 0, 0, 8, 0, 8, 0, 0, 5, 8, 0, 7, 0, 7, : 7, 8, 8, 10, 9, 7, 8, 8, 8, 8, 7, 8, 8, 5, 8, 7, 7, 
643: 0, 0, 5, 7, 10, 7, 0, 0, 0, 0, 6, 0, 0, 10, 0, 6, 0, 7, 8, 0, 0, 7, 7, 0, 8, 0, 9, 7, 9, 9, 0, 8, 8, 5, 0, 8, 7, 0, 6, 0, : 5, 7, 10, 7, 6, 10, 6, 7, 8, 7, 7, 8, 9, 7, 9, 9, 8, 8, 5, 8, 7, 6, 
99: 7, 0, 9, 0, 5, 0, 9, 0, 0, 0, 8, 0, 9, 0, 8, 8, 0, 8, 0, 6, 8, 0, 0, 9, 7, 7, 9, 0, 8, 8, 9, 8, 8, 7, 0, 8, 0, 8, 0, 0, : 7, 9, 5, 9, 8, 9, 8, 8, 8, 6, 8, 9, 7, 7, 9, 8, 8, 9, 8, 8, 7, 8, 8, 
730: 6, 0, 6, 7, 6, 0, 0, 5, 0, 4, 0, 0, 0, 0, 0, 9, 8, 0, 0, 0, 0, 0, 8, 0, 0, 7, 0, 0, 8, 8, 0, 8, 0, 0, 0, 0, 0, 0, 8, 8, : 6, 6, 7, 6, 5, 4, 9, 8, 8, 7, 8, 8, 8, 8, 8, 
578: 5, 11, 8, 0, 0, 6, 0, 0, 0, 6, 0, 6, 8, 8, 9, 0, 0, 6, 6, 9, 8, 9, 0, 6, 0, 7, 0, 0, 0, 0, 8, 0, 0, 0, 0, 0, 8, 8, 8, 8, : 5, 11, 8, 6, 6, 6, 8, 8, 9, 6, 6, 9, 8, 9, 6, 7, 8, 8, 8, 8, 8, 
663: 0, 9, 0, 0, 8, 0, 10, 8, 8, 0, 0, 0, 0, 0, 0, 0, 8, 0, 0, 0, 8, 0, 0, 8, 0, 0, 0, 0, 0, 0, 0, 7, 7, 0, 7, 0, 8, 8, 0, 0, : 9, 8, 10, 8, 8, 8, 8, 8, 7, 7, 7, 8, 8, 
736: 0, 7, 0, 0, 0, 0, 6, 0, 9, 0, 8, 0, 0, 5, 8, 0, 8, 0, 0, 9, 8, 0, 9, 7, 8, 0, 8, 7, 0, 8, 7, 0, 8, 8, 0, 0, 5, 0, 7, 9, : 7, 6, 9, 8, 5, 8, 8, 9, 8, 9, 7, 8, 8, 7, 8, 7, 8, 8, 5, 7, 9, 
31: 0, 0, 0, 5, 0, 0, 7, 0, 8, 0, 0, 6, 11, 0, 0, 6, 7, 7, 5, 0, 0, 6, 8, 0, 8, 0, 0, 7, 8, 0, 0, 7, 7, 8, 7, 0, 0, 0, 8, 7, : 5, 7, 8, 6, 11, 6, 7, 7, 5, 6, 8, 8, 7, 8, 7, 7, 8, 7, 8, 7, 
694: 9, 0, 0, 10, 9, 0, 7, 5, 7, 8, 7, 0, 0, 0, 7, 7, 6, 0, 0, 0, 0, 7, 0, 5, 8, 9, 8, 6, 0, 5, 0, 0, 0, 0, 0, 8, 8, 5, 0, 0, : 9, 10, 9, 7, 5, 7, 8, 7, 7, 7, 6, 7, 5, 8, 9, 8, 6, 5, 8, 8, 5, 
396: 0, 6, 6, 0, 0, 0, 10, 7, 5, 0, 0, 0, 5, 0, 0, 0, 0, 9, 9, 0, 9, 0, 0, 8, 7, 8, 0, 0, 9, 0, 7, 0, 0, 9, 0, 9, 7, 8, 7, 8, : 6, 6, 10, 7, 5, 5, 9, 9, 9, 8, 7, 8, 9, 7, 9, 9, 7, 8, 7, 8, 
316: 7, 9, 9, 0, 0, 8, 11, 0, 0, 7, 7, 8, 4, 0, 8, 7, 8, 6, 0, 7, 0, 0, 7, 7, 0, 0, 0, 9, 0, 7, 8, 7, 7, 9, 8, 7, 0, 0, 0, 0, : 7, 9, 9, 8, 11, 7, 7, 8, 4, 8, 7, 8, 6, 7, 7, 7, 9, 7, 8, 7, 7, 9, 8, 7, 
250: 5, 0, 6, 9, 0, 9, 0, 7, 7, 7, 0, 0, 8, 0, 7, 0, 8, 9, 9, 8, 0, 7, 8, 0, 0, 5, 8, 0, 0, 0, 8, 0, 0, 7, 0, 7, 0, 0, 0, 0, : 5, 6, 9, 9, 7, 7, 7, 8, 7, 8, 9, 9, 8, 7, 8, 5, 8, 8, 7, 7, 
684: 8, 6, 9, 10, 0, 9, 8, 10, 0, 8, 10, 0, 0, 0, 7, 0, 9, 5, 0, 0, 7, 0, 0, 0, 8, 0, 0, 8, 0, 8, 0, 0, 7, 0, 0, 0, 0, 7, 7, 7, : 8, 6, 9, 10, 9, 8, 10, 8, 10, 7, 9, 5, 7, 8, 8, 8, 7, 7, 7, 7, 
363: 0, 0, 8, 10, 0, 0, 0, 0, 6, 0, 6, 7, 7, 0, 9, 6, 0, 0, 0, 0, 0, 0, 0, 8, 0, 9, 0, 7, 0, 0, 8, 7, 0, 7, 0, 8, 7, 6, 0, 0, : 8, 10, 6, 6, 7, 7, 9, 6, 8, 9, 7, 8, 7, 7, 8, 7, 6, 
499: 7, 0, 10, 7, 8, 0, 8, 0, 0, 0, 0, 5, 0, 9, 0, 0, 6, 0, 7, 0, 8, 0, 0, 7, 0, 8, 5, 0, 7, 0, 0, 9, 9, 6, 0, 7, 0, 8, 0, 0, : 7, 10, 7, 8, 8, 5, 9, 6, 7, 8, 7, 8, 5, 7, 9, 9, 6, 7, 8, 
735: 0, 5, 6, 0, 0, 0, 0, 0, 7, 7, 8, 7, 8, 9, 0, 0, 0, 0, 0, 0, 9, 8, 6, 0, 9, 8, 7, 7, 7, 0, 7, 0, 0, 8, 0, 0, 0, 0, 0, 0, : 5, 6, 7, 7, 8, 7, 8, 9, 9, 8, 6, 9, 8, 7, 7, 7, 7, 8, 
257: 10, 9, 0, 6, 0, 0, 0, 0, 8, 0, 6, 11, 7, 0, 7, 0, 0, 8, 0, 9, 0, 0, 8, 0, 7, 0, 0, 8, 5, 0, 7, 0, 5, 0, 0, 7, 7, 0, 0, 0, : 10, 9, 6, 8, 6, 11, 7, 7, 8, 9, 8, 7, 8, 5, 7, 5, 7, 7, 
522: 0, 7, 7, 0, 7, 5, 6, 0, 0, 9, 5, 0, 5, 0, 6, 8, 10, 0, 8, 0, 0, 0, 7, 0, 0, 6, 0, 0, 8, 0, 7, 0, 0, 0, 7, 8, 0, 7, 9, 8, : 7, 7, 7, 5, 6, 9, 5, 5, 6, 8, 10, 8, 7, 6, 8, 7, 7, 8, 7, 9, 8, 
17: 6, 10, 0, 5, 0, 10, 0, 8, 8, 8, 0, 0, 8, 7, 5, 0, 8, 9, 7, 7, 0, 8, 7, 0, 8, 7, 0, 0, 0, 0, 8, 0, 0, 7, 0, 9, 0, 7, 0, 9, : 6, 10, 5, 10, 8, 8, 8, 8, 7, 5, 8, 9, 7, 7, 8, 7, 8, 7, 8, 7, 9, 7, 9, 
425: 6, 5, 0, 0, 0, 8, 0, 0, 7, 0, 0, 0, 10, 5, 8, 0, 0, 0, 7, 0, 7, 7, 0, 8, 8, 8, 7, 0, 8, 0, 6, 7, 0, 0, 7, 7, 7, 0, 8, 8, : 6, 5, 8, 7, 10, 5, 8, 7, 7, 7, 8, 8, 8, 7, 8, 6, 7, 7, 7, 7, 8, 8, 
504: 0, 0, 0, 5, 0, 0, 0, 7, 7, 0, 6, 0, 4, 0, 0, 0, 7, 8, 7, 7, 0, 0, 7, 0, 0, 0, 7, 8, 6, 0, 0, 0, 9, 0, 0, 5, 8, 0, 0, 8, : 5, 7, 7, 6, 4, 7, 8, 7, 7, 7, 7, 8, 6, 9, 5, 8, 8, 
97: 6, 0, 0, 6, 10, 0, 6, 7, 0, 0, 0, 4, 9, 6, 0, 0, 0, 0, 7, 0, 5, 0, 0, 0, 0, 0, 8, 8, 0, 0, 0, 0, 8, 0, 7, 0, 0, 0, 0, 0, : 6, 6, 10, 6, 7, 4, 9, 6, 7, 5, 8, 8, 8, 7, 
95: 9, 0, 8, 0, 6, 6, 8, 0, 0, 0, 7, 9, 9, 0, 5, 7, 8, 9, 6, 0, 0, 0, 8, 0, 0, 7, 0, 9, 8, 7, 0, 0, 8, 0, 8, 0, 0, 8, 7, 6, : 9, 8, 6, 6, 8, 7, 9, 9, 5, 7, 8, 9, 6, 8, 7, 9, 8, 7, 8, 8, 8, 7, 6, 
590: 9, 6, 10, 0, 7, 10, 0, 0, 11, 0, 0, 4, 9, 0, 0, 9, 0, 8, 8, 8, 7, 0, 8, 0, 7, 0, 8, 8, 8, 8, 8, 8, 0, 0, 0, 0, 8, 0, 9, 8, : 9, 6, 10, 7, 10, 11, 4, 9, 9, 8, 8, 8, 7, 8, 7, 8, 8, 8, 8, 8, 8, 8, 9, 8, 
62: 0, 8, 0, 5, 7, 6, 0, 0, 0, 7, 0, 9, 0, 0, 0, 9, 7, 0, 8, 8, 0, 0, 0, 0, 9, 0, 7, 0, 0, 0, 0, 0, 6, 8, 8, 8, 0, 7, 7, 0, : 8, 5, 7, 6, 7, 9, 9, 7, 8, 8, 9, 7, 6, 8, 8, 8, 7, 7, 
779: 0, 9, 8, 8, 9, 9, 8, 9, 0, 5, 0, 9, 0, 6, 8, 9, 0, 0, 7, 0, 0, 9, 0, 8, 8, 8, 0, 0, 7, 7, 8, 7, 0, 8, 9, 8, 0, 0, 8, 0, : 9, 8, 8, 9, 9, 8, 9, 5, 9, 6, 8, 9, 7, 9, 8, 8, 8, 7, 7, 8, 7, 8, 9, 8, 8, 
678: 6, 0, 0, 7, 6, 7, 0, 9, 0, 0, 10, 0, 0, 8, 0, 0, 0, 8, 0, 7, 6, 8, 0, 8, 0, 8, 7, 8, 8, 6, 0, 9, 0, 8, 0, 0, 7, 7, 5, 0, : 6, 7, 6, 7, 9, 10, 8, 8, 7, 6, 8, 8, 8, 7, 8, 8, 6, 9, 8, 7, 7, 5, 


103: 0, 7, 7, 0, 4, 9, 0, 0, 0, 10, 8, 0, 6, 7, 0, 9, 7, 0, 0, 0, 8, 8, 8, 7, 0, 6, 0, 9, 7, 6, 0, 0, 0, 0, 8, 0, 8, 6, 0, 0, : 7, 7, 4, 9, 10, 8, 6, 7, 9, 7, 8, 8, 8, 7, 6, 9, 7, 6, 8, 8, 6, 
511: 8, 0, 9, 6, 0, 0, 10, 0, 0, 0, 0, 0, 0, 0, 5, 0, 0, 10, 0, 7, 8, 0, 0, 8, 0, 7, 8, 9, 8, 7, 8, 0, 0, 0, 0, 7, 7, 8, 7, 0, : 8, 9, 6, 10, 5, 10, 7, 8, 8, 7, 8, 9, 8, 7, 8, 7, 7, 8, 7, 
592: 0, 8, 7, 0, 6, 0, 10, 8, 0, 0, 8, 8, 6, 6, 0, 0, 0, 0, 0, 8, 8, 8, 0, 8, 6, 8, 7, 0, 0, 0, 0, 6, 0, 8, 0, 0, 7, 0, 0, 7, : 8, 7, 6, 10, 8, 8, 8, 6, 6, 8, 8, 8, 8, 6, 8, 7, 6, 8, 7, 7, 
312: 8, 7, 0, 11, 0, 9, 0, 7, 0, 6, 0, 10, 0, 7, 5, 0, 0, 8, 8, 8, 8, 0, 7, 0, 5, 7, 0, 6, 9, 8, 7, 6, 0, 6, 6, 8, 0, 8, 8, 0, : 8, 7, 11, 9, 7, 6, 10, 7, 5, 8, 8, 8, 8, 7, 5, 7, 6, 9, 8, 7, 6, 6, 6, 8, 8, 8, 
11: 10, 0, 4, 10, 9, 5, 6, 0, 7, 11, 5, 0, 0, 0, 7, 0, 9, 7, 6, 7, 0, 0, 0, 0, 0, 5, 0, 7, 0, 0, 0, 0, 0, 0, 8, 6, 0, 0, 8, 0, : 10, 4, 10, 9, 5, 6, 7, 11, 5, 7, 9, 7, 6, 7, 5, 7, 8, 6, 8, 
234: 0, 0, 0, 0, 8, 0, 9, 8, 9, 0, 5, 5, 0, 0, 6, 0, 7, 7, 0, 8, 8, 9, 7, 8, 0, 0, 0, 0, 0, 0, 0, 7, 9, 0, 8, 7, 7, 8, 7, 7, : 8, 9, 8, 9, 5, 5, 6, 7, 7, 8, 8, 9, 7, 8, 7, 9, 8, 7, 7, 8, 7, 7, 
359: 10, 0, 0, 10, 0, 0, 8, 4, 10, 8, 0, 5, 8, 0, 0, 7, 0, 9, 5, 6, 8, 0, 0, 0, 0, 0, 0, 0, 0, 8, 0, 9, 0, 0, 0, 8, 0, 0, 9, 0, : 10, 10, 8, 4, 10, 8, 5, 8, 7, 9, 5, 6, 8, 8, 9, 8, 9, 
685: 0, 0, 0, 0, 0, 0, 0, 0, 8, 0, 0, 0, 0, 0, 10, 10, 10, 0, 6, 0, 7, 8, 7, 0, 8, 0, 0, 0, 0, 0, 8, 7, 8, 8, 0, 6, 8, 7, 0, 0, : 8, 10, 10, 10, 6, 7, 8, 7, 8, 8, 7, 8, 8, 6, 8, 7, 
541: 0, 8, 0, 0, 4, 0, 7, 0, 0, 0, 11, 5, 0, 0, 0, 0, 0, 7, 6, 7, 0, 0, 0, 0, 8, 0, 7, 0, 0, 0, 9, 0, 0, 0, 0, 0, 0, 9, 7, 8, : 8, 4, 7, 11, 5, 7, 6, 7, 8, 7, 9, 9, 7, 8, 
366: 5, 7, 0, 5, 0, 0, 0, 0, 0, 0, 10, 5, 0, 0, 0, 6, 0, 0, 0, 7, 0, 7, 0, 0, 9, 0, 9, 8, 0, 9, 8, 8, 7, 8, 0, 0, 0, 0, 8, 0, : 5, 7, 5, 10, 5, 6, 7, 7, 9, 9, 8, 9, 8, 8, 7, 8, 8, 
231: 0, 0, 0, 0, 0, 6, 0, 7, 0, 6, 0, 0, 11, 10, 9, 0, 5, 6, 7, 0, 8, 0, 0, 7, 0, 8, 7, 8, 7, 0, 0, 0, 0, 8, 0, 7, 8, 0, 0, 0, : 6, 7, 6, 11, 10, 9, 5, 6, 7, 8, 7, 8, 7, 8, 7, 8, 7, 8, 
305: 0, 8, 9, 0, 0, 0, 7, 0, 5, 0, 0, 0, 9, 0, 0, 6, 5, 0, 0, 0, 0, 8, 0, 9, 7, 0, 0, 6, 0, 9, 8, 0, 8, 7, 7, 5, 7, 0, 7, 6, : 8, 9, 7, 5, 9, 6, 5, 8, 9, 7, 6, 9, 8, 8, 7, 7, 5, 7, 7, 6, 
157: 0, 6, 9, 0, 0, 10, 6, 7, 0, 9, 5, 7, 7, 7, 7, 0, 6, 7, 0, 7, 8, 7, 7, 8, 8, 7, 8, 8, 0, 0, 0, 0, 0, 7, 0, 0, 6, 7, 0, 8, : 6, 9, 10, 6, 7, 9, 5, 7, 7, 7, 7, 6, 7, 7, 8, 7, 7, 8, 8, 7, 8, 8, 7, 6, 7, 8, 
217: 9, 10, 10, 5, 10, 6, 6, 7, 9, 7, 0, 7, 0, 0, 8, 0, 0, 0, 0, 6, 8, 7, 7, 6, 0, 7, 0, 0, 8, 8, 7, 0, 9, 0, 0, 0, 7, 0, 0, 8, : 9, 10, 10, 5, 10, 6, 6, 7, 9, 7, 7, 8, 6, 8, 7, 7, 6, 7, 8, 8, 7, 9, 7, 8, 
656: 9, 0, 0, 0, 6, 8, 0, 8, 0, 4, 6, 0, 7, 0, 7, 5, 7, 5, 8, 8, 0, 0, 6, 8, 0, 0, 0, 0, 6, 0, 6, 8, 6, 0, 0, 0, 0, 7, 0, 6, : 9, 6, 8, 8, 4, 6, 7, 7, 5, 7, 5, 8, 8, 6, 8, 6, 6, 8, 6, 7, 6, 
245: 0, 0, 0, 5, 10, 8, 0, 0, 0, 11, 0, 5, 0, 0, 0, 7, 9, 9, 9, 0, 0, 8, 0, 0, 7, 8, 6, 9, 8, 9, 8, 7, 0, 9, 0, 8, 5, 7, 0, 7, : 5, 10, 8, 11, 5, 7, 9, 9, 9, 8, 7, 8, 6, 9, 8, 9, 8, 7, 9, 8, 5, 7, 7, 
349: 9, 0, 6, 9, 0, 8, 0, 7, 8, 0, 5, 8, 8, 9, 0, 6, 9, 0, 8, 0, 0, 7, 0, 0, 0, 8, 5, 0, 7, 0, 8, 8, 6, 0, 7, 0, 0, 0, 8, 0, : 9, 6, 9, 8, 7, 8, 5, 8, 8, 9, 6, 9, 8, 7, 8, 5, 7, 8, 8, 6, 7, 8, 
198: 0, 0, 0, 0, 9, 9, 7, 6, 5, 7, 6, 0, 5, 0, 0, 9, 10, 0, 0, 9, 8, 0, 8, 8, 6, 8, 9, 8, 9, 8, 5, 8, 8, 7, 7, 8, 9, 0, 0, 0, : 9, 9, 7, 6, 5, 7, 6, 5, 9, 10, 9, 8, 8, 8, 6, 8, 9, 8, 9, 8, 5, 8, 8, 7, 7, 8, 9, 
597: 0, 0, 9, 0, 0, 7, 0, 0, 0, 0, 7, 9, 8, 10, 0, 0, 6, 0, 0, 0, 9, 0, 8, 0, 8, 8, 8, 5, 0, 8, 0, 8, 0, 5, 0, 0, 8, 0, 0, 0, : 9, 7, 7, 9, 8, 10, 6, 9, 8, 8, 8, 8, 5, 8, 8, 5, 8, 
274: 0, 6, 0, 0, 0, 10, 0, 8, 0, 6, 0, 7, 6, 6, 8, 7, 0, 0, 8, 8, 0, 8, 0, 5, 9, 0, 0, 8, 8, 0, 0, 0, 7, 8, 0, 7, 0, 0, 0, 0, : 6, 10, 8, 6, 7, 6, 6, 8, 7, 8, 8, 8, 5, 9, 8, 8, 7, 8, 7, 
612: 0, 8, 8, 9, 8, 0, 7, 10, 0, 0, 0, 0, 8, 0, 0, 0, 0, 6, 0, 5, 0, 7, 9, 0, 0, 8, 8, 0, 6, 0, 0, 7, 0, 0, 7, 7, 6, 0, 0, 8, : 8, 8, 9, 8, 7, 10, 8, 6, 5, 7, 9, 8, 8, 6, 7, 7, 7, 6, 8, 
776: 6, 7, 0, 7, 7, 0, 0, 8, 0, 8, 7, 0, 0, 8, 8, 7, 8, 9, 8, 8, 0, 7, 8, 0, 8, 0, 0, 8, 8, 7, 7, 0, 8, 7, 8, 0, 0, 6, 7, 8, : 6, 7, 7, 7, 8, 8, 7, 8, 8, 7, 8, 9, 8, 8, 7, 8, 8, 8, 8, 7, 7, 8, 7, 8, 6, 7, 8, 
657: 0, 6, 6, 10, 0, 4, 0, 10, 7, 0, 8, 7, 10, 0, 0, 0, 0, 0, 8, 0, 7, 8, 0, 0, 8, 0, 7, 8, 0, 0, 7, 0, 8, 9, 0, 8, 0, 0, 6, 0, : 6, 6, 10, 4, 10, 7, 8, 7, 10, 8, 7, 8, 8, 7, 8, 7, 8, 9, 8, 6, 
654: 8, 0, 0, 0, 0, 0, 0, 0, 6, 0, 11, 8, 0, 8, 6, 0, 6, 7, 0, 0, 0, 8, 8, 0, 7, 0, 9, 0, 0, 7, 7, 0, 0, 0, 7, 0, 7, 7, 0, 0, : 8, 6, 11, 8, 8, 6, 6, 7, 8, 8, 7, 9, 7, 7, 7, 7, 7, 
496: 6, 0, 0, 0, 0, 0, 10, 5, 8, 0, 10, 8, 6, 6, 0, 7, 10, 7, 0, 8, 5, 0, 0, 0, 0, 9, 0, 8, 0, 7, 0, 9, 8, 7, 9, 0, 0, 5, 8, 0, : 6, 10, 5, 8, 10, 8, 6, 6, 7, 10, 7, 8, 5, 9, 8, 7, 9, 8, 7, 9, 5, 8, 
787: 0, 0, 7, 10, 8, 7, 8, 0, 0, 0, 0, 0, 0, 6, 0, 0, 0, 0, 9, 0, 0, 0, 0, 8, 0, 7, 8, 0, 0, 8, 0, 8, 7, 0, 0, 0, 0, 8, 0, 8, : 7, 10, 8, 7, 8, 6, 9, 8, 7, 8, 8, 8, 7, 8, 8, 
718: 7, 10, 10, 0, 0, 9, 0, 0, 8, 0, 7, 0, 8, 6, 7, 0, 0, 0, 7, 0, 7, 0, 8, 7, 0, 0, 7, 0, 8, 5, 9, 7, 7, 0, 8, 8, 8, 0, 9, 0, : 7, 10, 10, 9, 8, 7, 8, 6, 7, 7, 7, 8, 7, 7, 8, 5, 9, 7, 7, 8, 8, 8, 9, 
412: 7, 6, 7, 10, 6, 0, 5, 10, 11, 6, 7, 0, 8, 7, 8, 8, 9, 0, 0, 0, 8, 0, 8, 0, 7, 0, 0, 7, 0, 6, 6, 0, 8, 0, 8, 0, 8, 8, 9, 0, : 7, 6, 7, 10, 6, 5, 10, 11, 6, 7, 8, 7, 8, 8, 9, 8, 8, 7, 7, 6, 6, 8, 8, 8, 8, 9, 
443: 7, 5, 0, 6, 6, 0, 0, 7, 4, 5, 0, 0, 7, 10, 0, 8, 6, 0, 8, 0, 0, 0, 7, 0, 7, 9, 7, 0, 0, 0, 0, 8, 0, 8, 7, 9, 0, 9, 7, 8, : 7, 5, 6, 6, 7, 4, 5, 7, 10, 8, 6, 8, 7, 7, 9, 7, 8, 8, 7, 9, 9, 7, 8, 
629: 0, 0, 7, 8, 0, 7, 0, 0, 0, 0, 5, 8, 0, 8, 6, 0, 0, 6, 0, 0, 0, 7, 0, 0, 0, 0, 0, 7, 7, 0, 8, 0, 0, 0, 0, 9, 8, 0, 5, 0, : 7, 8, 7, 5, 8, 8, 6, 6, 7, 7, 7, 8, 9, 8, 5, 
701: 7, 0, 7, 0, 0, 0, 0, 0, 8, 9, 0, 9, 0, 0, 9, 9, 0, 10, 9, 0, 6, 0, 0, 7, 8, 0, 0, 7, 7, 0, 0, 0, 8, 0, 0, 0, 0, 0, 8, 9, : 7, 7, 8, 9, 9, 9, 9, 10, 9, 6, 7, 8, 7, 7, 8, 8, 9, 
160: 0, 0, 8, 0, 9, 0, 5, 0, 0, 5, 0, 0, 0, 0, 0, 5, 10, 0, 0, 0, 0, 0, 0, 0, 0, 8, 8, 7, 8, 0, 7, 0, 0, 0, 9, 8, 0, 0, 0, 0, : 8, 9, 5, 5, 5, 10, 8, 8, 7, 8, 7, 9, 8, 
317: 7, 8, 9, 5, 11, 6, 4, 0, 5, 11, 10, 0, 0, 0, 7, 6, 6, 5, 0, 8, 0, 9, 8, 0, 0, 0, 0, 0, 8, 0, 9, 0, 5, 9, 8, 8, 0, 8, 0, 7, : 7, 8, 9, 5, 11, 6, 4, 5, 11, 10, 7, 6, 6, 5, 8, 9, 8, 8, 9, 5, 9, 8, 8, 8, 7, 
386: 7, 0, 5, 0, 0, 6, 9, 10, 6, 7, 0, 8, 0, 0, 9, 0, 5, 7, 8, 0, 7, 8, 8, 7, 0, 6, 0, 0, 0, 0, 8, 0, 0, 0, 8, 0, 0, 0, 0, 8, : 7, 5, 6, 9, 10, 6, 7, 8, 9, 5, 7, 8, 7, 8, 8, 7, 6, 8, 8, 8, 
102: 0, 0, 0, 0, 0, 0, 7, 9, 8, 8, 0, 10, 0, 0, 0, 0, 0, 9, 0, 8, 0, 0, 5, 7, 8, 0, 0, 0, 0, 8, 0, 9, 9, 0, 6, 9, 0, 0, 0, 7, : 7, 9, 8, 8, 10, 9, 8, 5, 7, 8, 8, 9, 9, 6, 9, 7, 
598: 7, 8, 0, 8, 8, 6, 0, 0, 10, 0, 0, 11, 8, 0, 0, 9, 0, 0, 7, 0, 0, 0, 0, 0, 7, 0, 8, 7, 9, 8, 0, 0, 0, 0, 9, 7, 8, 7, 0, 7, : 7, 8, 8, 8, 6, 10, 11, 8, 9, 7, 7, 8, 7, 9, 8, 9, 7, 8, 7, 7, 
244: 7, 9, 0, 4, 6, 0, 11, 0, 0, 0, 0, 0, 0, 6, 0, 9, 0, 0, 8, 9, 0, 0, 9, 8, 0, 7, 0, 0, 5, 7, 0, 8, 0, 6, 0, 0, 9, 8, 8, 0, : 7, 9, 4, 6, 11, 6, 9, 8, 9, 9, 8, 7, 5, 7, 8, 6, 9, 8, 8, 
38: 0, 7, 6, 4, 9, 0, 8, 0, 0, 0, 0, 0, 0, 8, 0, 10, 0, 0, 0, 0, 7, 6, 7, 9, 0, 9, 0, 0, 0, 0, 0, 5, 0, 8, 0, 0, 0, 8, 8, 5, : 7, 6, 4, 9, 8, 8, 10, 7, 6, 7, 9, 9, 5, 8, 8, 8, 5, 
503: 0, 0, 0, 8, 0, 10, 0, 4, 8, 0, 9, 0, 8, 7, 9, 0, 0, 9, 0, 0, 0, 5, 0, 9, 9, 0, 8, 0, 7, 7, 0, 0, 7, 8, 0, 0, 9, 0, 0, 9, : 8, 10, 4, 8, 9, 8, 7, 9, 9, 5, 9, 9, 8, 7, 7, 7, 8, 9, 9, 
341: 6, 9, 0, 0, 6, 0, 0, 0, 0, 6, 0, 0, 6, 8, 9, 0, 0, 0, 7, 8, 7, 0, 0, 6, 0, 0, 6, 0, 0, 0, 0, 7, 7, 7, 5, 0, 0, 9, 6, 9, : 6, 9, 6, 6, 6, 8, 9, 7, 8, 7, 6, 6, 7, 7, 7, 5, 9, 6, 9, 


593: 0, 0, 7, 0, 0, 0, 5, 0, 0, 8, 0, 0, 0, 6, 8, 0, 9, 7, 9, 0, 0, 5, 0, 7, 0, 0, 0, 9, 0, 0, 0, 0, 9, 7, 8, 8, 0, 8, 0, 0, : 7, 5, 8, 6, 8, 9, 7, 9, 5, 7, 9, 9, 7, 8, 8, 8, 
554: 8, 0, 8, 6, 10, 10, 9, 5, 7, 0, 0, 10, 0, 10, 0, 0, 0, 8, 0, 5, 8, 9, 0, 8, 7, 8, 0, 7, 8, 0, 0, 8, 0, 0, 0, 0, 8, 7, 5, 6, : 8, 8, 6, 10, 10, 9, 5, 7, 10, 10, 8, 5, 8, 9, 8, 7, 8, 7, 8, 8, 8, 7, 5, 6, 
442: 0, 5, 7, 4, 9, 8, 0, 0, 0, 0, 11, 0, 0, 0, 0, 0, 7, 9, 0, 0, 0, 0, 8, 8, 9, 0, 0, 7, 0, 8, 0, 8, 9, 0, 0, 5, 0, 7, 0, 9, : 5, 7, 4, 9, 8, 11, 7, 9, 8, 8, 9, 7, 8, 8, 9, 5, 7, 9, 
753: 8, 8, 7, 0, 7, 7, 7, 6, 10, 0, 9, 0, 0, 0, 0, 0, 0, 0, 0, 6, 8, 0, 8, 9, 0, 8, 8, 8, 5, 0, 8, 0, 8, 7, 0, 0, 6, 0, 8, 0, : 8, 8, 7, 7, 7, 7, 6, 10, 9, 6, 8, 8, 9, 8, 8, 8, 5, 8, 8, 7, 6, 8, 
136: 10, 5, 10, 0, 0, 10, 0, 7, 6, 0, 6, 9, 0, 0, 10, 9, 0, 0, 8, 8, 8, 0, 0, 0, 0, 9, 9, 0, 0, 8, 7, 6, 0, 8, 5, 7, 8, 8, 8, 0, : 10, 5, 10, 10, 7, 6, 6, 9, 10, 9, 8, 8, 8, 9, 9, 8, 7, 6, 8, 5, 7, 8, 8, 8, 
473: 6, 0, 0, 0, 0, 7, 0, 0, 8, 7, 0, 0, 7, 0, 9, 0, 0, 7, 0, 8, 5, 0, 8, 8, 0, 8, 0, 0, 0, 7, 6, 0, 7, 0, 0, 0, 5, 8, 7, 0, : 6, 7, 8, 7, 7, 9, 7, 8, 5, 8, 8, 8, 7, 6, 7, 5, 8, 7, 
520: 0, 10, 0, 0, 7, 0, 0, 0, 9, 0, 11, 6, 9, 8, 7, 9, 5, 0, 6, 0, 0, 9, 0, 8, 6, 7, 0, 0, 7, 0, 7, 0, 0, 7, 0, 8, 9, 0, 0, 8, : 10, 7, 9, 11, 6, 9, 8, 7, 9, 5, 6, 9, 8, 6, 7, 7, 7, 7, 8, 9, 8, 
384: 0, 9, 0, 0, 8, 0, 0, 0, 9, 5, 0, 8, 0, 0, 0, 0, 0, 7, 0, 0, 0, 0, 7, 7, 7, 0, 6, 0, 8, 8, 7, 8, 0, 0, 0, 0, 0, 6, 0, 0, : 9, 8, 9, 5, 8, 7, 7, 7, 7, 6, 8, 8, 7, 8, 6, 
444: 0, 0, 10, 9, 8, 0, 0, 0, 0, 10, 5, 9, 5, 0, 8, 6, 10, 0, 8, 0, 0, 0, 9, 6, 5, 0, 0, 7, 0, 0, 0, 8, 8, 8, 0, 7, 0, 0, 8, 0, : 10, 9, 8, 10, 5, 9, 5, 8, 6, 10, 8, 9, 6, 5, 7, 8, 8, 8, 7, 8, 
767: 8, 0, 0, 0, 5, 0, 5, 8, 8, 0, 0, 0, 6, 0, 6, 7, 0, 0, 0, 8, 0, 8, 0, 0, 8, 0, 8, 8, 0, 8, 8, 0, 0, 0, 7, 8, 0, 0, 8, 0, : 8, 5, 5, 8, 8, 6, 6, 7, 8, 8, 8, 8, 8, 8, 8, 7, 8, 8, 
85: 11, 7, 8, 0, 5, 8, 0, 0, 5, 0, 7, 0, 0, 0, 0, 0, 0, 0, 0, 0, 8, 6, 8, 7, 0, 0, 8, 8, 8, 0, 7, 0, 0, 0, 8, 8, 8, 0, 0, 7, : 11, 7, 8, 5, 8, 5, 7, 8, 6, 8, 7, 8, 8, 8, 7, 8, 8, 8, 7, 
134: 0, 10, 0, 6, 8, 0, 6, 8, 0, 0, 8, 0, 0, 6, 0, 8, 7, 0, 0, 8, 8, 8, 6, 0, 8, 6, 0, 0, 6, 6, 5, 0, 6, 8, 0, 9, 8, 0, 0, 7, : 10, 6, 8, 6, 8, 8, 6, 8, 7, 8, 8, 8, 6, 8, 6, 6, 6, 5, 6, 8, 9, 8, 7, 
278: 0, 0, 0, 6, 0, 0, 9, 8, 0, 7, 7, 5, 0, 0, 6, 0, 9, 0, 7, 0, 0, 8, 0, 0, 0, 8, 0, 0, 8, 0, 8, 0, 8, 0, 0, 0, 0, 8, 6, 0, : 6, 9, 8, 7, 7, 5, 6, 9, 7, 8, 8, 8, 8, 8, 8, 6, 
122: 8, 0, 8, 9, 0, 5, 7, 6, 5, 0, 6, 8, 8, 0, 0, 9, 4, 0, 0, 8, 0, 8, 7, 0, 0, 8, 8, 0, 0, 0, 0, 8, 0, 8, 0, 0, 0, 0, 0, 8, : 8, 8, 9, 5, 7, 6, 5, 6, 8, 8, 9, 4, 8, 8, 7, 8, 8, 8, 8, 8, 
661: 0, 9, 6, 7, 0, 0, 0, 11, 7, 11, 9, 7, 8, 8, 0, 0, 6, 0, 8, 0, 0, 7, 0, 9, 0, 0, 0, 8, 0, 9, 9, 8, 0, 6, 8, 0, 0, 8, 7, 8, : 9, 6, 7, 11, 7, 11, 9, 7, 8, 8, 6, 8, 7, 9, 8, 9, 9, 8, 6, 8, 8, 7, 8, 
382: 0, 6, 8, 0, 0, 0, 8, 7, 0, 0, 4, 7, 8, 0, 8, 7, 8, 7, 0, 8, 0, 8, 7, 0, 0, 0, 7, 8, 0, 0, 0, 9, 7, 9, 0, 8, 8, 8, 6, 0, : 6, 8, 8, 7, 4, 7, 8, 8, 7, 8, 7, 8, 8, 7, 7, 8, 9, 7, 9, 8, 8, 8, 6, 
58: 0, 0, 4, 0, 0, 5, 0, 0, 0, 10, 8, 0, 9, 0, 7, 0, 0, 0, 0, 8, 8, 0, 0, 0, 8, 0, 8, 0, 8, 0, 8, 8, 8, 0, 7, 0, 7, 6, 0, 7, : 4, 5, 10, 8, 9, 7, 8, 8, 8, 8, 8, 8, 8, 8, 7, 7, 6, 7, 
269: 0, 4, 0, 0, 0, 5, 6, 0, 0, 0, 6, 0, 4, 7, 7, 0, 8, 0, 7, 0, 0, 6, 8, 0, 0, 8, 0, 9, 8, 0, 0, 0, 8, 0, 8, 0, 0, 0, 8, 8, : 4, 5, 6, 6, 4, 7, 7, 8, 7, 6, 8, 8, 9, 8, 8, 8, 8, 8, 
489: 0, 9, 5, 0, 0, 6, 0, 0, 7, 7, 7, 5, 9, 7, 0, 8, 0, 6, 8, 0, 8, 8, 8, 0, 7, 7, 9, 6, 7, 6, 8, 0, 0, 9, 0, 6, 0, 7, 0, 9, : 9, 5, 6, 7, 7, 7, 5, 9, 7, 8, 6, 8, 8, 8, 8, 7, 7, 9, 6, 7, 6, 8, 9, 6, 7, 9, 
450: 8, 0, 0, 8, 0, 7, 10, 0, 0, 7, 10, 8, 8, 0, 10, 6, 8, 5, 7, 0, 7, 0, 5, 0, 0, 0, 0, 0, 0, 8, 0, 6, 0, 8, 8, 0, 7, 0, 8, 8, : 8, 8, 7, 10, 7, 10, 8, 8, 10, 6, 8, 5, 7, 7, 5, 8, 6, 8, 8, 7, 8, 8, 
6: 0, 0, 0, 10, 0, 9, 0, 8, 0, 9, 0, 0, 8, 8, 0, 7, 0, 8, 0, 0, 8, 0, 8, 5, 0, 8, 0, 0, 8, 8, 0, 0, 5, 7, 0, 7, 8, 0, 8, 8, : 10, 9, 8, 9, 8, 8, 7, 8, 8, 8, 5, 8, 8, 8, 5, 7, 7, 8, 8, 8, 
22: 0, 6, 10, 8, 9, 0, 0, 9, 5, 6, 0, 4, 0, 0, 0, 7, 0, 10, 0, 0, 0, 0, 0, 0, 7, 0, 7, 0, 0, 7, 6, 0, 0, 0, 8, 8, 0, 7, 8, 0, : 6, 10, 8, 9, 9, 5, 6, 4, 7, 10, 7, 7, 7, 6, 8, 8, 7, 8, 
416: 0, 6, 10, 7, 0, 0, 8, 0, 0, 0, 0, 0, 0, 8, 7, 0, 8, 0, 0, 0, 9, 0, 7, 8, 8, 0, 5, 0, 0, 9, 0, 7, 8, 0, 0, 0, 0, 0, 9, 8, : 6, 10, 7, 8, 8, 7, 8, 9, 7, 8, 8, 5, 9, 7, 8, 9, 8, 
8: 7, 0, 8, 0, 0, 0, 0, 7, 7, 6, 0, 0, 6, 9, 0, 0, 6, 0, 8, 9, 0, 7, 0, 6, 0, 0, 0, 7, 0, 8, 0, 8, 6, 0, 0, 8, 8, 0, 0, 0, : 7, 8, 7, 7, 6, 6, 9, 6, 8, 9, 7, 6, 7, 8, 8, 6, 8, 8, 
186: 9, 8, 0, 9, 6, 0, 8, 6, 8, 0, 0, 7, 9, 5, 8, 0, 0, 0, 7, 0, 6, 0, 0, 7, 0, 8, 0, 8, 7, 0, 0, 7, 8, 0, 8, 9, 0, 0, 0, 0, : 9, 8, 9, 6, 8, 6, 8, 7, 9, 5, 8, 7, 6, 7, 8, 8, 7, 7, 8, 8, 9, 
484: 5, 0, 0, 0, 7, 11, 0, 0, 0, 0, 0, 0, 0, 10, 0, 8, 10, 7, 9, 8, 0, 7, 8, 0, 0, 0, 6, 0, 9, 0, 0, 0, 7, 0, 9, 0, 6, 8, 0, 0, : 5, 7, 11, 10, 8, 10, 7, 9, 8, 7, 8, 6, 9, 7, 9, 6, 8, 
243: 0, 0, 0, 0, 9, 0, 0, 7, 7, 6, 0, 0, 5, 0, 9, 9, 9, 0, 7, 7, 8, 8, 6, 8, 0, 0, 8, 5, 0, 0, 8, 0, 0, 0, 0, 0, 0, 8, 0, 0, : 9, 7, 7, 6, 5, 9, 9, 9, 7, 7, 8, 8, 6, 8, 8, 5, 8, 8, 
532: 7, 7, 6, 0, 6, 0, 8, 0, 0, 0, 0, 0, 0, 0, 5, 0, 9, 8, 0, 0, 7, 0, 0, 0, 8, 7, 0, 0, 8, 7, 8, 7, 0, 0, 6, 0, 0, 0, 8, 8, : 7, 7, 6, 6, 8, 5, 9, 8, 7, 8, 7, 8, 7, 8, 7, 6, 8, 8, 
608: 9, 0, 0, 8, 0, 7, 0, 5, 11, 8, 7, 7, 9, 7, 0, 0, 0, 8, 0, 9, 7, 8, 0, 0, 0, 0, 0, 0, 6, 5, 9, 7, 0, 7, 0, 0, 0, 0, 0, 7, : 9, 8, 7, 5, 11, 8, 7, 7, 9, 7, 8, 9, 7, 8, 6, 5, 9, 7, 7, 7, 
142: 8, 9, 10, 4, 4, 7, 0, 0, 10, 0, 0, 0, 0, 0, 0, 10, 0, 9, 0, 7, 8, 0, 9, 0, 0, 8, 0, 0, 7, 0, 0, 0, 0, 8, 0, 7, 0, 8, 7, 8, : 8, 9, 10, 4, 4, 7, 10, 10, 9, 7, 8, 9, 8, 7, 8, 7, 8, 7, 8, 
778: 0, 8, 0, 7, 0, 6, 7, 0, 0, 0, 0, 10, 0, 9, 0, 9, 0, 8, 0, 6, 7, 0, 0, 0, 0, 0, 8, 0, 0, 7, 8, 0, 0, 5, 6, 8, 7, 0, 0, 0, : 8, 7, 6, 7, 10, 9, 9, 8, 6, 7, 8, 7, 8, 5, 6, 8, 7, 
432: 4, 0, 0, 0, 8, 0, 7, 0, 8, 8, 8, 0, 7, 10, 0, 4, 0, 8, 7, 0, 0, 8, 8, 8, 8, 0, 7, 6, 9, 0, 0, 0, 0, 0, 7, 0, 8, 0, 0, 8, : 4, 8, 7, 8, 8, 8, 7, 10, 4, 8, 7, 8, 8, 8, 8, 7, 6, 9, 7, 8, 8, 
117: 9, 0, 5, 8, 0, 5, 10, 8, 8, 6, 0, 8, 0, 5, 8, 8, 7, 8, 5, 8, 0, 0, 7, 0, 8, 5, 0, 0, 0, 0, 0, 8, 8, 8, 0, 8, 8, 0, 9, 0, : 9, 5, 8, 5, 10, 8, 8, 6, 8, 5, 8, 8, 7, 8, 5, 8, 7, 8, 5, 8, 8, 8, 8, 8, 9, 
796: 6, 0, 7, 0, 0, 0, 0, 9, 0, 6, 0, 9, 0, 8, 0, 0, 0, 0, 6, 0, 6, 8, 0, 0, 8, 6, 8, 0, 0, 0, 0, 0, 8, 8, 7, 0, 8, 9, 7, 0, : 6, 7, 9, 6, 9, 8, 6, 6, 8, 8, 6, 8, 8, 8, 7, 8, 9, 7, 
536: 7, 0, 0, 8, 8, 8, 9, 0, 0, 5, 0, 9, 9, 6, 0, 0, 5, 8, 0, 7, 0, 0, 0, 0, 7, 8, 8, 8, 8, 0, 7, 0, 0, 6, 8, 0, 7, 9, 0, 7, : 7, 8, 8, 8, 9, 5, 9, 9, 6, 5, 8, 7, 7, 8, 8, 8, 8, 7, 6, 8, 7, 9, 7, 
693: 7, 0, 0, 9, 0, 0, 0, 0, 0, 0, 0, 7, 0, 0, 4, 0, 0, 5, 0, 0, 9, 0, 0, 8, 0, 9, 7, 0, 8, 8, 0, 5, 8, 8, 8, 7, 7, 7, 0, 6, : 7, 9, 7, 4, 5, 9, 8, 9, 7, 8, 8, 5, 8, 8, 8, 7, 7, 7, 6, 
711: 0, 5, 6, 0, 11, 0, 7, 7, 0, 7, 7, 7, 0, 6, 10, 7, 0, 0, 8, 0, 0, 0, 0, 7, 9, 7, 0, 8, 0, 0, 8, 9, 7, 8, 0, 0, 0, 0, 8, 0, : 5, 6, 11, 7, 7, 7, 7, 7, 6, 10, 7, 8, 7, 9, 7, 8, 8, 9, 7, 8, 8, 
689: 0, 11, 0, 9, 7, 11, 6, 10, 5, 0, 7, 0, 9, 0, 0, 7, 0, 0, 8, 7, 7, 7, 8, 8, 8, 0, 8, 8, 0, 8, 0, 8, 7, 0, 8, 6, 0, 5, 7, 0, : 11, 9, 7, 11, 6, 10, 5, 7, 9, 7, 8, 7, 7, 7, 8, 8, 8, 8, 8, 8, 8, 7, 8, 6, 5, 7, 
524: 0, 0, 0, 0, 0, 0, 8, 0, 0, 11, 0, 0, 0, 0, 6, 0, 7, 0, 8, 8, 0, 0, 0, 8, 6, 7, 0, 7, 0, 8, 8, 0, 0, 0, 9, 8, 0, 8, 0, 0, : 8, 11, 6, 7, 8, 8, 8, 6, 7, 7, 8, 8, 9, 8, 8, 
538: 5, 8, 0, 8, 8, 8, 0, 8, 0, 0, 7, 0, 7, 7, 7, 5, 8, 7, 9, 7, 0, 7, 0, 0, 8, 0, 7, 8, 7, 7, 0, 7, 0, 0, 7, 0, 9, 0, 0, 5, : 5, 8, 8, 8, 8, 8, 7, 7, 7, 7, 5, 8, 7, 9, 7, 7, 8, 7, 8, 7, 7, 7, 7, 9, 5, 


