
80
800
150
20

545: 0, 8, 0, 10, 7, 10, 0, 0, 0, 0, 0, 10, 0, 5, 6, 0, 7, 5, 6, 6, 10, 0, 7, 0, 0, 0, 6, 5, 0, 7, 7, 6, 0, 6, 0, 9, 9, 8, 0, 5, 0, 0, 0, 9, 0, 0, 0, 0, 6, 0, 11, 8, 0, 8, 8, 9, 0, 0, 8, 0, 0, 0, 0, 0, 0, 0, 0, 6, 0, 0, 0, 0, 7, 0, 0, 0, 0, 0, 8, 0, : 8, 10, 7, 10, 10, 5, 6, 7, 5, 6, 6, 10, 7, 6, 5, 7, 7, 6, 6, 9, 9, 8, 5, 9, 6, 11, 8, 8, 8, 9, 8, 6, 7, 8, 
760: 9, 9, 0, 0, 0, 0, 7, 10, 0, 8, 0, 10, 8, 0, 0, 5, 6, 6, 9, 0, 0, 8, 0, 7, 10, 0, 0, 0, 7, 7, 0, 0, 0, 0, 0, 0, 8, 0, 9, 7, 7, 8, 0, 4, 9, 0, 7, 0, 0, 10, 0, 0, 8, 0, 0, 0, 0, 0, 7, 0, 8, 10, 0, 0, 6, 0, 10, 7, 9, 0, 0, 8, 8, 0, 0, 0, 8, 0, 0, 0, : 9, 9, 7, 10, 8, 10, 8, 5, 6, 6, 9, 8, 7, 10, 7, 7, 8, 9, 7, 7, 8, 4, 9, 7, 10, 8, 7, 8, 10, 6, 10, 7, 9, 8, 8, 8, 
148: 6, 9, 0, 7, 0, 6, 0, 6, 0, 7, 7, 7, 8, 0, 0, 7, 7, 5, 0, 0, 0, 0, 0, 0, 7, 8, 8, 9, 7, 6, 0, 0, 0, 0, 0, 8, 0, 0, 9, 9, 7, 7, 8, 7, 9, 5, 0, 8, 0, 6, 6, 0, 8, 0, 0, 0, 8, 7, 0, 0, 0, 0, 0, 10, 0, 0, 6, 0, 8, 8, 0, 0, 7, 0, 0, 9, 6, 7, 0, 0, : 6, 9, 7, 6, 6, 7, 7, 7, 8, 7, 7, 5, 7, 8, 8, 9, 7, 6, 8, 9, 9, 7, 7, 8, 7, 9, 5, 8, 6, 6, 8, 8, 7, 10, 6, 8, 8, 7, 9, 6, 7, 
629: 0, 9, 0, 0, 0, 8, 0, 7, 0, 0, 0, 0, 0, 6, 8, 7, 0, 0, 0, 0, 0, 0, 0, 7, 0, 10, 0, 0, 7, 7, 5, 8, 0, 7, 6, 0, 0, 0, 0, 6, 0, 0, 0, 7, 0, 0, 0, 0, 8, 0, 10, 0, 10, 0, 0, 7, 8, 0, 9, 0, 0, 8, 10, 8, 6, 8, 0, 0, 0, 8, 0, 9, 7, 9, 0, 0, 0, 0, 8, 0, : 9, 8, 7, 6, 8, 7, 7, 10, 7, 7, 5, 8, 7, 6, 6, 7, 8, 10, 10, 7, 8, 9, 8, 10, 8, 6, 8, 8, 9, 7, 9, 8, 
601: 0, 0, 8, 0, 6, 0, 0, 0, 0, 0, 0, 0, 0, 7, 9, 0, 7, 7, 0, 9, 0, 7, 6, 9, 0, 8, 0, 7, 0, 7, 0, 9, 0, 9, 9, 0, 7, 5, 7, 0, 0, 7, 7, 0, 0, 0, 0, 6, 0, 9, 0, 6, 5, 8, 9, 6, 0, 0, 9, 6, 6, 0, 10, 8, 10, 5, 0, 7, 0, 6, 0, 0, 7, 8, 9, 7, 8, 0, 0, 0, : 8, 6, 7, 9, 7, 7, 9, 7, 6, 9, 8, 7, 7, 9, 9, 9, 7, 5, 7, 7, 7, 6, 9, 6, 5, 8, 9, 6, 9, 6, 6, 10, 8, 10, 5, 7, 6, 7, 8, 9, 7, 8, 
790: 0, 0, 0, 0, 0, 4, 9, 0, 7, 0, 0, 0, 0, 6, 0, 0, 7, 9, 8, 0, 5, 0, 0, 7, 9, 0, 6, 0, 8, 9, 0, 9, 9, 0, 0, 0, 0, 6, 6, 8, 7, 4, 7, 0, 8, 8, 0, 10, 0, 8, 8, 8, 7, 0, 7, 8, 9, 8, 8, 6, 7, 6, 0, 0, 0, 0, 6, 8, 0, 0, 8, 6, 9, 0, 6, 8, 6, 0, 7, 0, : 4, 9, 7, 6, 7, 9, 8, 5, 7, 9, 6, 8, 9, 9, 9, 6, 6, 8, 7, 4, 7, 8, 8, 10, 8, 8, 8, 7, 7, 8, 9, 8, 8, 6, 7, 6, 6, 8, 8, 6, 9, 6, 8, 6, 7, 
356: 0, 0, 0, 0, 0, 0, 4, 9, 0, 0, 8, 5, 0, 0, 0, 0, 0, 0, 6, 0, 0, 9, 0, 0, 0, 7, 7, 8, 0, 0, 6, 6, 0, 5, 8, 0, 0, 0, 0, 10, 0, 0, 7, 7, 8, 8, 0, 6, 0, 7, 0, 7, 8, 8, 9, 0, 0, 0, 0, 7, 0, 9, 7, 0, 0, 8, 8, 0, 0, 8, 0, 0, 0, 6, 8, 0, 0, 8, 9, 7, : 4, 9, 8, 5, 6, 9, 7, 7, 8, 6, 6, 5, 8, 10, 7, 7, 8, 8, 6, 7, 7, 8, 8, 9, 7, 9, 7, 8, 8, 8, 6, 8, 8, 9, 7, 
460: 9, 0, 0, 0, 0, 0, 0, 0, 9, 8, 0, 8, 6, 0, 6, 0, 0, 0, 9, 0, 10, 0, 8, 6, 7, 6, 6, 6, 7, 9, 0, 7, 0, 8, 0, 0, 5, 0, 9, 0, 0, 0, 0, 8, 0, 8, 8, 6, 6, 0, 0, 0, 0, 7, 7, 7, 0, 0, 0, 5, 8, 0, 6, 7, 0, 0, 0, 0, 0, 8, 7, 0, 0, 0, 8, 7, 0, 0, 0, 0, : 9, 9, 8, 8, 6, 6, 9, 10, 8, 6, 7, 6, 6, 6, 7, 9, 7, 8, 5, 9, 8, 8, 8, 6, 6, 7, 7, 7, 5, 8, 6, 7, 8, 7, 8, 7, 
700: 0, 5, 5, 0, 7, 0, 8, 0, 0, 0, 0, 0, 0, 0, 0, 7, 6, 0, 9, 7, 0, 0, 7, 7, 0, 0, 7, 0, 0, 8, 7, 0, 7, 0, 7, 8, 0, 6, 7, 0, 10, 8, 7, 0, 0, 0, 0, 0, 6, 8, 6, 11, 0, 0, 0, 0, 0, 8, 0, 7, 9, 0, 5, 0, 7, 0, 0, 8, 8, 0, 8, 7, 0, 0, 7, 0, 0, 0, 9, 8, : 5, 5, 7, 8, 7, 6, 9, 7, 7, 7, 7, 8, 7, 7, 7, 8, 6, 7, 10, 8, 7, 6, 8, 6, 11, 8, 7, 9, 5, 7, 8, 8, 8, 7, 7, 9, 8, 
351: 6, 10, 0, 0, 11, 0, 4, 0, 9, 0, 9, 0, 8, 8, 7, 0, 0, 6, 7, 8, 6, 7, 0, 8, 8, 0, 0, 0, 0, 0, 7, 0, 6, 7, 7, 0, 0, 0, 0, 9, 7, 6, 0, 8, 0, 6, 6, 0, 0, 6, 5, 0, 7, 5, 0, 0, 0, 0, 7, 0, 0, 0, 0, 0, 0, 9, 0, 0, 0, 0, 0, 0, 9, 0, 0, 0, 9, 8, 0, 7, : 6, 10, 11, 4, 9, 9, 8, 8, 7, 6, 7, 8, 6, 7, 8, 8, 7, 6, 7, 7, 9, 7, 6, 8, 6, 6, 6, 5, 7, 5, 7, 9, 9, 9, 8, 7, 
486: 7, 9, 9, 9, 5, 0, 0, 7, 7, 0, 8, 0, 0, 7, 8, 0, 9, 8, 0, 9, 9, 0, 6, 8, 0, 0, 7, 0, 9, 0, 0, 6, 0, 0, 10, 9, 6, 5, 7, 0, 7, 0, 0, 8, 0, 6, 7, 0, 8, 8, 7, 0, 5, 0, 0, 6, 0, 0, 0, 9, 0, 0, 6, 0, 0, 0, 0, 0, 6, 7, 8, 7, 8, 8, 7, 6, 8, 0, 7, 0, : 7, 9, 9, 9, 5, 7, 7, 8, 7, 8, 9, 8, 9, 9, 6, 8, 7, 9, 6, 10, 9, 6, 5, 7, 7, 8, 6, 7, 8, 8, 7, 5, 6, 9, 6, 6, 7, 8, 7, 8, 8, 7, 6, 8, 7, 
650: 8, 0, 9, 0, 0, 0, 6, 9, 0, 0, 0, 0, 0, 0, 7, 0, 9, 8, 7, 8, 0, 7, 0, 0, 0, 6, 0, 8, 10, 10, 5, 0, 9, 0, 7, 0, 0, 9, 7, 0, 0, 7, 8, 0, 0, 0, 8, 5, 10, 7, 8, 0, 6, 0, 0, 8, 9, 8, 0, 0, 0, 0, 4, 0, 0, 0, 9, 0, 7, 0, 8, 0, 7, 0, 0, 0, 0, 0, 8, 8, : 8, 9, 6, 9, 7, 9, 8, 7, 8, 7, 6, 8, 10, 10, 5, 9, 7, 9, 7, 7, 8, 8, 5, 10, 7, 8, 6, 8, 9, 8, 4, 9, 7, 8, 7, 8, 8, 
343: 6, 6, 6, 7, 0, 7, 0, 8, 0, 9, 8, 0, 7, 0, 0, 0, 11, 0, 0, 7, 0, 8, 9, 7, 0, 0, 0, 7, 6, 0, 10, 8, 0, 0, 8, 8, 8, 9, 10, 6, 0, 7, 0, 9, 6, 0, 8, 0, 7, 0, 0, 5, 8, 8, 0, 0, 9, 0, 0, 7, 6, 5, 7, 0, 0, 0, 7, 8, 0, 8, 7, 8, 7, 6, 0, 0, 0, 9, 8, 0, : 6, 6, 6, 7, 7, 8, 9, 8, 7, 11, 7, 8, 9, 7, 7, 6, 10, 8, 8, 8, 8, 9, 10, 6, 7, 9, 6, 8, 7, 5, 8, 8, 9, 7, 6, 5, 7, 7, 8, 8, 7, 8, 7, 6, 9, 8, 
723: 0, 0, 5, 7, 0, 6, 8, 0, 7, 6, 6, 7, 11, 6, 0, 0, 0, 0, 6, 5, 6, 0, 0, 0, 7, 8, 0, 6, 0, 6, 0, 7, 6, 6, 0, 0, 0, 0, 6, 0, 0, 7, 6, 0, 8, 0, 0, 9, 6, 8, 7, 7, 0, 0, 0, 10, 0, 6, 0, 0, 6, 10, 0, 8, 8, 6, 0, 9, 0, 0, 0, 0, 7, 8, 8, 7, 0, 7, 0, 0, : 5, 7, 6, 8, 7, 6, 6, 7, 11, 6, 6, 5, 6, 7, 8, 6, 6, 7, 6, 6, 6, 7, 6, 8, 9, 6, 8, 7, 7, 10, 6, 6, 10, 8, 8, 6, 9, 7, 8, 8, 7, 7, 
82: 8, 0, 0, 8, 0, 6, 0, 8, 0, 5, 0, 6, 0, 7, 6, 0, 0, 0, 0, 0, 0, 0, 0, 6, 9, 8, 0, 0, 7, 0, 6, 8, 0, 6, 9, 9, 0, 0, 6, 10, 0, 0, 4, 0, 7, 0, 5, 0, 6, 5, 0, 7, 0, 6, 8, 0, 0, 6, 0, 7, 4, 0, 0, 6, 8, 8, 7, 0, 0, 7, 8, 6, 0, 7, 9, 0, 0, 7, 8, 0, : 8, 8, 6, 8, 5, 6, 7, 6, 6, 9, 8, 7, 6, 8, 6, 9, 9, 6, 10, 4, 7, 5, 6, 5, 7, 6, 8, 6, 7, 4, 6, 8, 8, 7, 7, 8, 6, 7, 9, 7, 8, 
706: 0, 6, 0, 10, 0, 7, 0, 6, 9, 0, 0, 8, 8, 0, 0, 0, 8, 0, 8, 8, 7, 0, 8, 0, 0, 6, 7, 0, 6, 0, 0, 0, 10, 0, 7, 0, 0, 11, 0, 0, 6, 0, 0, 6, 9, 9, 6, 6, 9, 0, 0, 8, 0, 8, 8, 0, 7, 0, 8, 10, 9, 0, 0, 6, 9, 0, 0, 0, 0, 7, 7, 7, 8, 7, 8, 9, 7, 6, 8, 0, : 6, 10, 7, 6, 9, 8, 8, 8, 8, 8, 7, 8, 6, 7, 6, 10, 7, 11, 6, 6, 9, 9, 6, 6, 9, 8, 8, 8, 7, 8, 10, 9, 6, 9, 7, 7, 7, 8, 7, 8, 9, 7, 6, 8, 
247: 0, 7, 10, 0, 0, 9, 0, 7, 8, 0, 0, 0, 0, 0, 0, 9, 0, 6, 7, 0, 8, 6, 0, 8, 8, 0, 6, 8, 7, 0, 0, 7, 7, 0, 7, 0, 8, 7, 0, 0, 7, 0, 11, 0, 5, 8, 6, 8, 6, 0, 6, 0, 8, 0, 0, 8, 0, 8, 7, 0, 0, 0, 8, 0, 0, 10, 0, 8, 7, 0, 0, 0, 8, 0, 0, 0, 0, 7, 0, 6, : 7, 10, 9, 7, 8, 9, 6, 7, 8, 6, 8, 8, 6, 8, 7, 7, 7, 7, 8, 7, 7, 11, 5, 8, 6, 8, 6, 6, 8, 8, 8, 7, 8, 10, 8, 7, 8, 7, 6, 
613: 7, 7, 7, 8, 10, 0, 10, 0, 0, 0, 7, 6, 0, 0, 0, 9, 8, 0, 11, 8, 8, 0, 8, 7, 8, 0, 0, 8, 0, 6, 0, 6, 6, 0, 0, 9, 5, 0, 0, 0, 0, 0, 8, 0, 7, 9, 0, 10, 0, 8, 0, 9, 8, 0, 8, 9, 8, 8, 0, 0, 0, 0, 8, 8, 0, 0, 0, 0, 8, 0, 6, 0, 0, 8, 7, 9, 0, 0, 6, 7, : 7, 7, 7, 8, 10, 10, 7, 6, 9, 8, 11, 8, 8, 8, 7, 8, 8, 6, 6, 6, 9, 5, 8, 7, 9, 10, 8, 9, 8, 8, 9, 8, 8, 8, 8, 8, 6, 8, 7, 9, 6, 7, 
255: 0, 7, 6, 0, 8, 0, 6, 0, 7, 10, 5, 8, 0, 8, 0, 7, 6, 0, 8, 0, 7, 10, 8, 7, 0, 10, 0, 0, 0, 7, 6, 0, 8, 0, 0, 0, 0, 8, 0, 8, 10, 6, 7, 7, 0, 7, 9, 10, 0, 0, 9, 7, 9, 7, 5, 0, 7, 0, 0, 9, 0, 7, 6, 0, 0, 0, 9, 0, 8, 6, 0, 0, 8, 8, 0, 7, 8, 0, 7, 0, : 7, 6, 8, 6, 7, 10, 5, 8, 8, 7, 6, 8, 7, 10, 8, 7, 10, 7, 6, 8, 8, 8, 10, 6, 7, 7, 7, 9, 10, 9, 7, 9, 7, 5, 7, 9, 7, 6, 9, 8, 6, 8, 8, 7, 8, 7, 
567: 7, 0, 0, 0, 0, 8, 8, 8, 0, 0, 0, 8, 0, 0, 8, 9, 0, 0, 6, 0, 0, 0, 6, 0, 7, 7, 10, 5, 10, 0, 8, 0, 0, 0, 0, 5, 0, 0, 0, 10, 9, 0, 0, 0, 9, 0, 9, 5, 0, 6, 0, 8, 0, 9, 7, 7, 0, 7, 0, 0, 9, 7, 0, 0, 8, 0, 0, 0, 0, 9, 0, 6, 0, 0, 9, 0, 0, 0, 0, 6, : 7, 8, 8, 8, 8, 8, 9, 6, 6, 7, 7, 10, 5, 10, 8, 5, 10, 9, 9, 9, 5, 6, 8, 9, 7, 7, 7, 9, 7, 8, 9, 6, 9, 6, 
64: 0, 0, 0, 0, 0, 0, 0, 0, 0, 9, 7, 6, 6, 0, 7, 8, 0, 0, 0, 6, 0, 0, 0, 8, 0, 0, 9, 0, 0, 0, 8, 9, 6, 9, 6, 9, 6, 0, 0, 0, 0, 0, 0, 8, 6, 7, 6, 0, 8, 9, 6, 6, 0, 8, 0, 0, 8, 7, 0, 8, 0, 0, 0, 10, 0, 10, 9, 7, 0, 0, 0, 9, 0, 7, 0, 0, 7, 0, 7, 0, : 9, 7, 6, 6, 7, 8, 6, 8, 9, 8, 9, 6, 9, 6, 9, 6, 8, 6, 7, 6, 8, 9, 6, 6, 8, 8, 7, 8, 10, 10, 9, 7, 9, 7, 7, 7, 
622: 9, 0, 8, 0, 9, 0, 8, 5, 7, 0, 8, 8, 5, 9, 9, 0, 0, 0, 0, 8, 0, 0, 7, 0, 6, 6, 0, 11, 0, 11, 9, 0, 0, 0, 0, 7, 7, 7, 9, 0, 7, 0, 0, 9, 8, 7, 9, 0, 10, 0, 0, 0, 0, 0, 0, 9, 8, 8, 6, 0, 7, 9, 0, 9, 7, 7, 0, 0, 7, 0, 0, 0, 0, 0, 8, 8, 7, 9, 0, 0, : 9, 8, 9, 8, 5, 7, 8, 8, 5, 9, 9, 8, 7, 6, 6, 11, 11, 9, 7, 7, 7, 9, 7, 9, 8, 7, 9, 10, 9, 8, 8, 6, 7, 9, 9, 7, 7, 7, 8, 8, 7, 9, 
140: 8, 0, 7, 5, 0, 0, 7, 10, 0, 6, 7, 0, 7, 11, 8, 6, 6, 0, 0, 5, 8, 0, 0, 0, 7, 7, 8, 0, 8, 8, 0, 0, 0, 0, 0, 0, 10, 7, 0, 8, 0, 11, 8, 0, 6, 8, 0, 0, 6, 0, 0, 7, 7, 0, 5, 0, 0, 0, 0, 7, 7, 6, 0, 8, 0, 0, 8, 8, 8, 9, 0, 0, 0, 0, 0, 0, 7, 8, 6, 7, : 8, 7, 5, 7, 10, 6, 7, 7, 11, 8, 6, 6, 5, 8, 7, 7, 8, 8, 8, 10, 7, 8, 11, 8, 6, 8, 6, 7, 7, 5, 7, 7, 6, 8, 8, 8, 8, 9, 7, 8, 6, 7, 
334: 0, 9, 0, 9, 0, 0, 0, 0, 0, 7, 0, 6, 0, 8, 0, 6, 0, 9, 0, 6, 0, 6, 7, 0, 7, 9, 7, 0, 8, 0, 9, 8, 8, 7, 0, 6, 9, 0, 9, 0, 0, 0, 0, 6, 0, 0, 0, 0, 0, 0, 0, 0, 0, 5, 0, 0, 6, 6, 9, 9, 0, 0, 0, 0, 7, 8, 0, 7, 8, 0, 0, 7, 0, 8, 0, 0, 0, 6, 0, 7, : 9, 9, 7, 6, 8, 6, 9, 6, 6, 7, 7, 9, 7, 8, 9, 8, 8, 7, 6, 9, 9, 6, 5, 6, 6, 9, 9, 7, 8, 7, 8, 7, 8, 6, 7, 
126: 0, 0, 0, 8, 11, 11, 0, 9, 5, 7, 6, 0, 6, 7, 5, 0, 0, 9, 9, 0, 8, 0, 6, 0, 0, 7, 0, 0, 0, 0, 9, 9, 8, 0, 7, 0, 7, 0, 0, 7, 0, 6, 8, 0, 0, 0, 0, 8, 8, 0, 0, 9, 0, 0, 7, 0, 0, 7, 0, 0, 8, 6, 0, 8, 0, 0, 0, 0, 6, 0, 9, 0, 0, 8, 6, 7, 8, 0, 0, 7, : 8, 11, 11, 9, 5, 7, 6, 6, 7, 5, 9, 9, 8, 6, 7, 9, 9, 8, 7, 7, 7, 6, 8, 8, 8, 9, 7, 7, 8, 6, 8, 6, 9, 8, 6, 7, 8, 7, 
777: 0, 6, 0, 8, 8, 0, 0, 0, 5, 9, 6, 0, 9, 8, 8, 7, 9, 11, 0, 0, 7, 0, 7, 0, 0, 8, 0, 0, 6, 7, 0, 0, 0, 8, 0, 0, 9, 0, 0, 0, 0, 0, 0, 10, 0, 8, 8, 0, 0, 0, 8, 0, 0, 0, 0, 7, 0, 8, 0, 8, 10, 7, 0, 8, 0, 7, 0, 6, 0, 6, 8, 0, 8, 7, 0, 7, 8, 0, 0, 0, : 6, 8, 8, 5, 9, 6, 9, 8, 8, 7, 9, 11, 7, 7, 8, 6, 7, 8, 9, 10, 8, 8, 8, 7, 8, 8, 10, 7, 8, 7, 6, 6, 8, 8, 7, 7, 8, 
644: 8, 8, 0, 0, 6, 8, 0, 0, 8, 9, 8, 0, 6, 0, 0, 6, 6, 6, 10, 6, 0, 9, 0, 0, 0, 10, 0, 6, 7, 7, 7, 0, 0, 0, 10, 0, 7, 8, 5, 8, 0, 0, 0, 8, 0, 0, 0, 0, 10, 7, 0, 0, 0, 0, 0, 0, 7, 0, 5, 0, 0, 0, 8, 5, 10, 6, 0, 8, 8, 8, 0, 8, 6, 0, 0, 0, 0, 7, 7, 0, : 8, 8, 6, 8, 8, 9, 8, 6, 6, 6, 6, 10, 6, 9, 10, 6, 7, 7, 7, 10, 7, 8, 5, 8, 8, 10, 7, 7, 5, 8, 5, 10, 6, 8, 8, 8, 8, 6, 7, 7, 
285: 0, 0, 0, 5, 4, 0, 0, 0, 0, 0, 0, 8, 0, 0, 6, 0, 9, 9, 0, 10, 8, 7, 8, 0, 6, 0, 0, 7, 0, 0, 11, 10, 7, 7, 0, 7, 0, 9, 6, 0, 0, 8, 0, 0, 0, 0, 6, 0, 0, 0, 6, 9, 0, 0, 0, 0, 0, 9, 7, 7, 0, 0, 0, 0, 6, 6, 6, 8, 6, 8, 7, 9, 0, 6, 0, 0, 6, 0, 0, 0, : 5, 4, 8, 6, 9, 9, 10, 8, 7, 8, 6, 7, 11, 10, 7, 7, 7, 9, 6, 8, 6, 6, 9, 9, 7, 7, 6, 6, 6, 8, 6, 8, 7, 9, 6, 6, 
133: 7, 0, 7, 0, 9, 0, 8, 0, 7, 8, 9, 9, 6, 0, 0, 0, 0, 0, 0, 0, 6, 6, 0, 9, 0, 0, 8, 0, 7, 0, 0, 5, 0, 9, 0, 0, 9, 0, 0, 6, 8, 8, 9, 8, 0, 9, 0, 0, 0, 0, 8, 0, 0, 11, 5, 5, 0, 0, 0, 9, 5, 9, 0, 0, 0, 5, 0, 0, 9, 9, 6, 0, 0, 9, 0, 0, 7, 8, 0, 0, : 7, 7, 9, 8, 7, 8, 9, 9, 6, 6, 6, 9, 8, 7, 5, 9, 9, 6, 8, 8, 9, 8, 9, 8, 11, 5, 5, 9, 5, 9, 5, 9, 9, 6, 9, 7, 8, 
756: 8, 0, 0, 4, 7, 7, 10, 5, 0, 0, 0, 0, 9, 9, 0, 8, 0, 7, 5, 0, 7, 8, 8, 7, 0, 5, 9, 10, 0, 0, 8, 0, 9, 0, 0, 9, 0, 7, 6, 6, 5, 10, 7, 7, 7, 5, 0, 0, 9, 10, 0, 10, 0, 8, 9, 7, 0, 0, 7, 0, 0, 7, 7, 8, 0, 11, 6, 0, 7, 0, 8, 8, 0, 0, 6, 0, 0, 8, 0, 9, : 8, 4, 7, 7, 10, 5, 9, 9, 8, 7, 5, 7, 8, 8, 7, 5, 9, 10, 8, 9, 9, 7, 6, 6, 5, 10, 7, 7, 7, 5, 9, 10, 10, 8, 9, 7, 7, 7, 7, 8, 11, 6, 7, 8, 8, 6, 8, 9, 
598: 8, 8, 10, 0, 0, 10, 10, 8, 6, 0, 8, 8, 0, 9, 7, 0, 0, 9, 8, 9, 0, 0, 0, 0, 5, 0, 0, 7, 0, 7, 0, 0, 0, 8, 5, 0, 0, 0, 10, 0, 0, 0, 0, 0, 9, 0, 0, 6, 0, 6, 0, 0, 0, 8, 6, 9, 9, 9, 0, 0, 9, 9, 10, 6, 7, 0, 8, 0, 9, 7, 6, 7, 8, 0, 8, 8, 7, 7, 0, 8, : 8, 8, 10, 10, 10, 8, 6, 8, 8, 9, 7, 9, 8, 9, 5, 7, 7, 8, 5, 10, 9, 6, 6, 8, 6, 9, 9, 9, 9, 9, 10, 6, 7, 8, 9, 7, 6, 7, 8, 8, 8, 7, 7, 8, 
467: 0, 0, 8, 8, 0, 0, 7, 7, 9, 7, 9, 0, 8, 0, 9, 9, 0, 6, 0, 0, 6, 0, 9, 0, 0, 0, 8, 8, 0, 0, 0, 0, 7, 9, 0, 8, 7, 0, 5, 0, 8, 8, 0, 0, 0, 9, 8, 8, 0, 0, 0, 8, 0, 0, 0, 0, 0, 0, 7, 7, 10, 8, 10, 0, 11, 0, 0, 0, 0, 0, 9, 0, 0, 9, 7, 6, 0, 0, 0, 8, : 8, 8, 7, 7, 9, 7, 9, 8, 9, 9, 6, 6, 9, 8, 8, 7, 9, 8, 7, 5, 8, 8, 9, 8, 8, 8, 7, 7, 10, 8, 10, 11, 9, 9, 7, 6, 8, 
687: 0, 8, 0, 0, 8, 0, 0, 0, 0, 0, 0, 0, 0, 8, 0, 5, 0, 0, 0, 0, 8, 9, 0, 0, 9, 7, 0, 6, 0, 0, 6, 6, 9, 0, 7, 7, 0, 0, 0, 0, 0, 10, 0, 0, 0, 6, 9, 9, 0, 0, 8, 0, 9, 0, 6, 0, 5, 9, 6, 0, 0, 0, 8, 6, 7, 6, 8, 8, 0, 0, 0, 0, 0, 0, 0, 8, 9, 8, 7, 7, : 8, 8, 8, 5, 8, 9, 9, 7, 6, 6, 6, 9, 7, 7, 10, 6, 9, 9, 8, 9, 6, 5, 9, 6, 8, 6, 7, 6, 8, 8, 8, 9, 8, 7, 7, 
672: 0, 0, 9, 0, 0, 7, 9, 0, 9, 7, 5, 5, 0, 8, 0, 9, 9, 8, 0, 0, 0, 5, 9, 8, 7, 0, 7, 0, 0, 8, 0, 0, 7, 9, 8, 0, 0, 9, 8, 0, 6, 0, 0, 0, 0, 0, 0, 7, 0, 8, 0, 0, 9, 6, 8, 7, 9, 0, 8, 0, 0, 0, 0, 0, 6, 7, 6, 7, 7, 0, 0, 8, 0, 0, 0, 8, 9, 0, 0, 8, : 9, 7, 9, 9, 7, 5, 5, 8, 9, 9, 8, 5, 9, 8, 7, 7, 8, 7, 9, 8, 9, 8, 6, 7, 8, 9, 6, 8, 7, 9, 8, 6, 7, 6, 7, 7, 8, 8, 9, 8, 
659: 8, 8, 8, 6, 8, 4, 7, 0, 0, 0, 10, 0, 7, 0, 0, 0, 0, 7, 6, 0, 8, 0, 0, 0, 0, 0, 0, 10, 7, 0, 0, 0, 0, 10, 0, 6, 9, 0, 9, 5, 0, 7, 8, 0, 5, 0, 10, 8, 6, 0, 8, 0, 6, 5, 9, 6, 7, 7, 7, 0, 0, 0, 7, 11, 0, 7, 9, 6, 0, 0, 0, 7, 0, 0, 7, 8, 0, 7, 8, 9, : 8, 8, 8, 6, 8, 4, 7, 10, 7, 7, 6, 8, 10, 7, 10, 6, 9, 9, 5, 7, 8, 5, 10, 8, 6, 8, 6, 5, 9, 6, 7, 7, 7, 7, 11, 7, 9, 6, 7, 7, 8, 7, 8, 9, 
152: 5, 0, 10, 8, 4, 8, 8, 0, 6, 0, 0, 8, 0, 6, 7, 11, 0, 0, 0, 0, 0, 8, 0, 9, 7, 7, 0, 0, 10, 0, 0, 0, 7, 5, 5, 6, 0, 8, 0, 0, 9, 0, 8, 0, 0, 0, 0, 7, 0, 6, 7, 0, 0, 9, 11, 0, 8, 0, 10, 9, 7, 0, 9, 0, 8, 0, 7, 9, 6, 7, 6, 0, 0, 7, 0, 8, 7, 0, 7, 0, : 5, 10, 8, 4, 8, 8, 6, 8, 6, 7, 11, 8, 9, 7, 7, 10, 7, 5, 5, 6, 8, 9, 8, 7, 6, 7, 9, 11, 8, 10, 9, 7, 9, 8, 7, 9, 6, 7, 6, 7, 8, 7, 7, 
23: 0, 5, 6, 7, 7, 0, 6, 6, 9, 8, 0, 0, 7, 0, 8, 0, 5, 0, 0, 8, 8, 8, 0, 8, 8, 0, 0, 0, 6, 0, 8, 9, 5, 8, 0, 5, 8, 0, 0, 7, 11, 0, 10, 0, 0, 9, 8, 0, 7, 8, 9, 5, 8, 0, 0, 0, 6, 7, 9, 8, 8, 7, 7, 6, 9, 0, 7, 9, 0, 6, 7, 7, 6, 7, 7, 6, 8, 8, 0, 7, : 5, 6, 7, 7, 6, 6, 9, 8, 7, 8, 5, 8, 8, 8, 8, 8, 6, 8, 9, 5, 8, 5, 8, 7, 11, 10, 9, 8, 7, 8, 9, 5, 8, 6, 7, 9, 8, 8, 7, 7, 6, 9, 7, 9, 6, 7, 7, 6, 7, 7, 6, 8, 8, 7, 
127: 6, 6, 7, 6, 0, 7, 0, 0, 0, 6, 0, 9, 8, 7, 11, 7, 0, 0, 5, 0, 0, 8, 7, 0, 0, 0, 10, 8, 0, 7, 0, 7, 0, 0, 9, 8, 6, 5, 0, 7, 4, 7, 6, 6, 7, 8, 7, 0, 8, 0, 0, 5, 0, 7, 0, 9, 6, 0, 0, 5, 0, 8, 7, 0, 0, 7, 0, 6, 0, 8, 9, 8, 0, 0, 0, 7, 0, 0, 0, 8, : 6, 6, 7, 6, 7, 6, 9, 8, 7, 11, 7, 5, 8, 7, 10, 8, 7, 7, 9, 8, 6, 5, 7, 4, 7, 6, 6, 7, 8, 7, 8, 5, 7, 9, 6, 5, 8, 7, 7, 6, 8, 9, 8, 7, 8, 
522: 10, 0, 0, 0, 7, 9, 0, 6, 10, 9, 9, 0, 10, 0, 0, 8, 7, 9, 0, 7, 0, 8, 0, 7, 0, 0, 6, 0, 0, 6, 8, 0, 0, 0, 0, 0, 0, 9, 0, 0, 7, 8, 0, 0, 8, 0, 0, 0, 0, 0, 0, 0, 9, 0, 0, 6, 0, 0, 6, 0, 7, 8, 0, 0, 5, 0, 7, 0, 0, 0, 0, 8, 9, 7, 8, 0, 0, 8, 7, 8, : 10, 7, 9, 6, 10, 9, 9, 10, 8, 7, 9, 7, 8, 7, 6, 6, 8, 9, 7, 8, 8, 9, 6, 6, 7, 8, 5, 7, 8, 9, 7, 8, 8, 7, 8, 
707: 0, 0, 5, 10, 8, 8, 0, 9, 6, 5, 0, 0, 0, 0, 0, 0, 8, 0, 0, 10, 0, 6, 9, 0, 8, 0, 8, 0, 0, 0, 0, 0, 9, 7, 8, 7, 0, 7, 0, 8, 8, 0, 6, 8, 9, 0, 0, 8, 0, 0, 7, 0, 5, 9, 8, 0, 6, 7, 0, 0, 0, 4, 0, 4, 5, 9, 7, 0, 8, 0, 8, 0, 6, 0, 7, 0, 0, 7, 8, 8, : 5, 10, 8, 8, 9, 6, 5, 8, 10, 6, 9, 8, 8, 9, 7, 8, 7, 7, 8, 8, 6, 8, 9, 8, 7, 5, 9, 8, 6, 7, 4, 4, 5, 9, 7, 8, 8, 6, 7, 7, 8, 8, 


61: 0, 0, 7, 0, 8, 10, 7, 6, 9, 9, 0, 0, 0, 10, 0, 0, 0, 7, 0, 9, 7, 0, 9, 0, 0, 0, 0, 8, 0, 0, 6, 9, 7, 7, 0, 0, 0, 0, 0, 8, 0, 0, 0, 9, 0, 0, 0, 0, 0, 0, 7, 8, 0, 8, 0, 9, 0, 5, 0, 11, 10, 0, 0, 7, 0, 0, 6, 0, 0, 8, 0, 0, 0, 7, 8, 8, 7, 7, 0, 0, : 7, 8, 10, 7, 6, 9, 9, 10, 7, 9, 7, 9, 8, 6, 9, 7, 7, 8, 9, 7, 8, 8, 9, 5, 11, 10, 7, 6, 8, 7, 8, 8, 7, 7, 
259: 8, 5, 0, 7, 0, 8, 7, 0, 7, 0, 10, 0, 0, 8, 0, 8, 5, 8, 0, 0, 0, 0, 0, 0, 9, 7, 0, 8, 8, 9, 0, 7, 0, 7, 5, 6, 9, 0, 9, 8, 6, 0, 0, 6, 0, 8, 0, 9, 0, 0, 0, 0, 0, 9, 0, 0, 0, 6, 0, 0, 0, 10, 9, 0, 0, 9, 5, 8, 9, 7, 0, 0, 8, 7, 7, 7, 0, 8, 9, 0, : 8, 5, 7, 8, 7, 7, 10, 8, 8, 5, 8, 9, 7, 8, 8, 9, 7, 7, 5, 6, 9, 9, 8, 6, 6, 8, 9, 9, 6, 10, 9, 9, 5, 8, 9, 7, 8, 7, 7, 7, 8, 9, 
461: 9, 0, 0, 6, 9, 0, 0, 0, 6, 8, 7, 7, 0, 5, 6, 0, 9, 0, 0, 7, 0, 4, 6, 0, 5, 0, 10, 0, 8, 7, 9, 10, 7, 0, 0, 0, 0, 8, 0, 7, 9, 0, 7, 0, 0, 0, 0, 0, 8, 0, 7, 9, 9, 0, 9, 7, 0, 11, 8, 0, 0, 6, 5, 8, 0, 8, 7, 7, 7, 7, 8, 0, 0, 0, 0, 8, 8, 9, 0, 9, : 9, 6, 9, 6, 8, 7, 7, 5, 6, 9, 7, 4, 6, 5, 10, 8, 7, 9, 10, 7, 8, 7, 9, 7, 8, 7, 9, 9, 9, 7, 11, 8, 6, 5, 8, 8, 7, 7, 7, 7, 8, 8, 8, 9, 9, 
210: 8, 5, 8, 0, 0, 0, 7, 7, 8, 0, 0, 0, 6, 0, 0, 5, 0, 0, 4, 6, 0, 9, 6, 8, 8, 7, 0, 7, 5, 6, 8, 0, 0, 5, 6, 0, 0, 11, 8, 0, 0, 0, 0, 7, 8, 0, 7, 0, 0, 0, 9, 0, 5, 7, 10, 6, 0, 9, 10, 0, 5, 5, 7, 9, 0, 0, 0, 7, 0, 9, 0, 0, 0, 6, 0, 7, 9, 0, 0, 8, : 8, 5, 8, 7, 7, 8, 6, 5, 4, 6, 9, 6, 8, 8, 7, 7, 5, 6, 8, 5, 6, 11, 8, 7, 8, 7, 9, 5, 7, 10, 6, 9, 10, 5, 5, 7, 9, 7, 9, 6, 7, 9, 8, 
176: 7, 9, 6, 0, 0, 0, 8, 6, 0, 6, 0, 10, 0, 8, 0, 8, 0, 9, 9, 0, 0, 7, 5, 0, 0, 8, 0, 8, 9, 0, 0, 0, 0, 8, 6, 8, 0, 0, 9, 0, 0, 7, 0, 9, 0, 7, 0, 7, 6, 7, 0, 8, 0, 0, 4, 7, 9, 0, 9, 0, 9, 0, 6, 0, 8, 7, 9, 0, 7, 7, 7, 0, 9, 9, 0, 0, 9, 0, 0, 8, : 7, 9, 6, 8, 6, 6, 10, 8, 8, 9, 9, 7, 5, 8, 8, 9, 8, 6, 8, 9, 7, 9, 7, 7, 6, 7, 8, 4, 7, 9, 9, 9, 6, 8, 7, 9, 7, 7, 7, 9, 9, 9, 8, 
67: 0, 0, 8, 8, 7, 0, 9, 6, 0, 0, 5, 8, 7, 10, 10, 0, 7, 10, 7, 0, 9, 0, 9, 0, 7, 0, 0, 9, 0, 8, 6, 0, 0, 10, 0, 10, 6, 10, 8, 0, 6, 8, 0, 0, 9, 0, 8, 8, 6, 5, 0, 7, 0, 0, 0, 8, 8, 10, 5, 0, 7, 0, 0, 8, 0, 0, 9, 7, 9, 7, 9, 0, 7, 0, 0, 7, 0, 7, 0, 0, : 8, 8, 7, 9, 6, 5, 8, 7, 10, 10, 7, 10, 7, 9, 9, 7, 9, 8, 6, 10, 10, 6, 10, 8, 6, 8, 9, 8, 8, 6, 5, 7, 8, 8, 10, 5, 7, 8, 9, 7, 9, 7, 9, 7, 7, 7, 
230: 0, 9, 0, 0, 0, 0, 8, 10, 0, 5, 9, 7, 8, 0, 0, 0, 0, 0, 8, 10, 0, 0, 7, 9, 9, 8, 7, 8, 0, 0, 6, 9, 0, 5, 0, 0, 10, 6, 0, 9, 8, 6, 0, 0, 8, 0, 6, 7, 0, 0, 7, 5, 6, 0, 0, 0, 9, 8, 6, 0, 0, 0, 0, 9, 9, 0, 0, 0, 0, 8, 0, 0, 9, 7, 9, 0, 0, 0, 8, 0, : 9, 8, 10, 5, 9, 7, 8, 8, 10, 7, 9, 9, 8, 7, 8, 6, 9, 5, 10, 6, 9, 8, 6, 8, 6, 7, 7, 5, 6, 9, 8, 6, 9, 9, 8, 9, 7, 9, 8, 
694: 8, 7, 5, 0, 0, 0, 7, 0, 8, 7, 7, 6, 7, 0, 8, 0, 0, 0, 0, 0, 9, 8, 9, 0, 8, 0, 8, 0, 0, 7, 8, 8, 0, 6, 6, 0, 0, 0, 0, 0, 6, 0, 0, 0, 6, 0, 8, 7, 0, 0, 0, 0, 0, 0, 10, 0, 0, 7, 0, 0, 6, 0, 5, 0, 0, 0, 7, 5, 7, 7, 5, 7, 9, 0, 7, 0, 0, 7, 0, 0, : 8, 7, 5, 7, 8, 7, 7, 6, 7, 8, 9, 8, 9, 8, 8, 7, 8, 8, 6, 6, 6, 6, 8, 7, 10, 7, 6, 5, 7, 5, 7, 7, 5, 7, 9, 7, 7, 
85: 10, 0, 6, 8, 0, 9, 0, 9, 0, 0, 8, 0, 0, 0, 0, 8, 8, 7, 0, 8, 0, 0, 9, 0, 0, 0, 0, 0, 0, 8, 0, 0, 6, 0, 0, 8, 9, 9, 0, 0, 0, 8, 8, 0, 7, 0, 0, 0, 9, 0, 0, 0, 0, 7, 6, 7, 0, 0, 0, 9, 11, 0, 7, 7, 8, 7, 9, 9, 7, 0, 0, 0, 0, 0, 0, 8, 0, 0, 0, 0, : 10, 6, 8, 9, 9, 8, 8, 8, 7, 8, 9, 8, 6, 8, 9, 9, 8, 8, 7, 9, 7, 6, 7, 9, 11, 7, 7, 8, 7, 9, 9, 7, 8, 
561: 8, 0, 7, 0, 6, 0, 0, 0, 0, 7, 0, 10, 4, 0, 9, 9, 7, 0, 6, 9, 8, 8, 6, 0, 0, 0, 0, 0, 9, 0, 7, 8, 0, 6, 0, 6, 6, 5, 7, 0, 9, 8, 0, 0, 0, 7, 0, 10, 7, 0, 0, 9, 8, 7, 11, 0, 9, 0, 6, 9, 0, 0, 0, 6, 0, 0, 8, 0, 0, 0, 0, 0, 0, 9, 0, 0, 0, 0, 0, 7, : 8, 7, 6, 7, 10, 4, 9, 9, 7, 6, 9, 8, 8, 6, 9, 7, 8, 6, 6, 6, 5, 7, 9, 8, 7, 10, 7, 9, 8, 7, 11, 9, 6, 9, 6, 8, 9, 7, 
42: 5, 7, 0, 10, 0, 7, 9, 8, 9, 7, 5, 7, 6, 0, 0, 0, 10, 0, 7, 0, 4, 0, 0, 6, 0, 0, 10, 8, 0, 0, 0, 0, 6, 0, 9, 0, 5, 0, 0, 5, 0, 8, 0, 7, 7, 7, 7, 8, 8, 0, 0, 9, 0, 0, 6, 0, 7, 0, 10, 4, 0, 5, 7, 0, 7, 0, 0, 0, 9, 0, 0, 0, 5, 8, 0, 0, 7, 0, 8, 7, : 5, 7, 10, 7, 9, 8, 9, 7, 5, 7, 6, 10, 7, 4, 6, 10, 8, 6, 9, 5, 5, 8, 7, 7, 7, 7, 8, 8, 9, 6, 7, 10, 4, 5, 7, 7, 9, 5, 8, 7, 8, 7, 
579: 0, 7, 0, 7, 7, 8, 0, 7, 8, 9, 0, 0, 0, 0, 5, 8, 0, 9, 9, 7, 0, 7, 0, 0, 9, 10, 7, 0, 0, 0, 10, 6, 7, 9, 0, 0, 0, 6, 10, 7, 7, 0, 9, 7, 8, 0, 6, 0, 0, 8, 9, 0, 0, 9, 0, 0, 0, 0, 10, 5, 6, 7, 0, 0, 0, 8, 0, 9, 0, 0, 9, 5, 0, 0, 0, 6, 7, 0, 8, 7, : 7, 7, 7, 8, 7, 8, 9, 5, 8, 9, 9, 7, 7, 9, 10, 7, 10, 6, 7, 9, 6, 10, 7, 7, 9, 7, 8, 6, 8, 9, 9, 10, 5, 6, 7, 8, 9, 9, 5, 6, 7, 8, 7, 
624: 0, 9, 0, 10, 0, 0, 5, 7, 6, 0, 0, 7, 0, 0, 8, 0, 0, 0, 9, 7, 0, 7, 10, 0, 0, 0, 8, 0, 5, 0, 8, 0, 7, 10, 5, 10, 7, 0, 9, 8, 0, 0, 0, 7, 6, 0, 0, 0, 0, 6, 9, 0, 6, 0, 0, 4, 0, 0, 0, 7, 0, 0, 9, 0, 6, 0, 0, 0, 0, 0, 0, 8, 0, 0, 8, 7, 7, 8, 9, 0, : 9, 10, 5, 7, 6, 7, 8, 9, 7, 7, 10, 8, 5, 8, 7, 10, 5, 10, 7, 9, 8, 7, 6, 6, 9, 6, 4, 7, 9, 6, 8, 8, 7, 7, 8, 9, 
154: 0, 7, 0, 8, 5, 0, 0, 0, 0, 5, 0, 10, 6, 7, 8, 0, 8, 5, 0, 0, 9, 7, 0, 5, 0, 0, 6, 0, 7, 8, 0, 0, 6, 6, 9, 11, 0, 0, 0, 0, 0, 7, 7, 0, 0, 0, 8, 6, 10, 7, 0, 6, 8, 0, 0, 10, 6, 9, 0, 7, 0, 6, 0, 0, 8, 0, 7, 8, 7, 0, 9, 7, 0, 0, 5, 0, 0, 0, 0, 9, : 7, 8, 5, 5, 10, 6, 7, 8, 8, 5, 9, 7, 5, 6, 7, 8, 6, 6, 9, 11, 7, 7, 8, 6, 10, 7, 6, 8, 10, 6, 9, 7, 6, 8, 7, 8, 7, 9, 7, 5, 9, 
480: 0, 0, 10, 8, 9, 5, 0, 0, 9, 0, 6, 0, 0, 6, 8, 8, 0, 8, 0, 0, 10, 8, 0, 6, 0, 0, 6, 0, 9, 7, 8, 6, 9, 0, 8, 5, 7, 5, 6, 0, 8, 6, 0, 9, 7, 8, 0, 0, 5, 8, 0, 6, 9, 8, 0, 0, 7, 6, 9, 0, 5, 0, 0, 0, 8, 0, 0, 0, 7, 8, 0, 6, 0, 5, 0, 8, 0, 0, 7, 0, : 10, 8, 9, 5, 9, 6, 6, 8, 8, 8, 10, 8, 6, 6, 9, 7, 8, 6, 9, 8, 5, 7, 5, 6, 8, 6, 9, 7, 8, 5, 8, 6, 9, 8, 7, 6, 9, 5, 8, 7, 8, 6, 5, 8, 7, 
400: 7, 0, 7, 0, 0, 7, 6, 5, 0, 10, 0, 9, 9, 9, 10, 0, 0, 4, 5, 9, 7, 7, 6, 10, 0, 9, 6, 0, 8, 6, 0, 6, 0, 0, 8, 0, 0, 0, 0, 7, 6, 0, 7, 6, 0, 0, 0, 6, 8, 0, 6, 0, 8, 7, 0, 0, 8, 0, 0, 6, 7, 9, 8, 5, 0, 6, 0, 0, 7, 0, 8, 7, 6, 0, 9, 7, 7, 7, 9, 7, : 7, 7, 7, 6, 5, 10, 9, 9, 9, 10, 4, 5, 9, 7, 7, 6, 10, 9, 6, 8, 6, 6, 8, 7, 6, 7, 6, 6, 8, 6, 8, 7, 8, 6, 7, 9, 8, 5, 6, 7, 8, 7, 6, 9, 7, 7, 7, 9, 7, 
280: 9, 7, 0, 0, 7, 6, 10, 0, 0, 0, 7, 0, 0, 6, 0, 0, 9, 0, 0, 0, 7, 0, 7, 0, 0, 0, 0, 0, 8, 6, 0, 6, 8, 0, 0, 8, 8, 8, 0, 5, 7, 9, 9, 0, 0, 6, 0, 9, 0, 4, 0, 0, 6, 0, 7, 0, 0, 0, 0, 9, 6, 11, 8, 9, 0, 0, 7, 7, 9, 0, 0, 0, 0, 8, 0, 0, 7, 0, 0, 8, : 9, 7, 7, 6, 10, 7, 6, 9, 7, 7, 8, 6, 6, 8, 8, 8, 8, 5, 7, 9, 9, 6, 9, 4, 6, 7, 9, 6, 11, 8, 9, 7, 7, 9, 8, 7, 8, 
722: 0, 10, 0, 0, 0, 0, 10, 0, 0, 0, 0, 0, 8, 0, 0, 0, 0, 9, 8, 7, 8, 9, 0, 7, 0, 0, 0, 9, 6, 0, 7, 0, 0, 0, 6, 0, 10, 0, 8, 0, 9, 7, 0, 7, 6, 0, 9, 0, 0, 6, 6, 0, 7, 10, 0, 0, 0, 0, 0, 6, 0, 0, 0, 6, 8, 0, 7, 0, 0, 0, 6, 0, 0, 0, 7, 0, 8, 8, 6, 5, : 10, 10, 8, 9, 8, 7, 8, 9, 7, 9, 6, 7, 6, 10, 8, 9, 7, 7, 6, 9, 6, 6, 7, 10, 6, 6, 8, 7, 6, 7, 8, 8, 6, 5, 
317: 0, 0, 9, 9, 0, 7, 0, 8, 0, 0, 9, 0, 0, 8, 9, 6, 0, 8, 0, 0, 8, 8, 0, 6, 0, 0, 0, 6, 0, 0, 0, 0, 10, 0, 9, 10, 5, 6, 9, 9, 7, 8, 0, 7, 7, 0, 6, 7, 9, 7, 0, 9, 0, 4, 0, 0, 9, 4, 0, 11, 0, 7, 10, 0, 8, 8, 0, 9, 8, 0, 7, 0, 0, 7, 0, 9, 8, 8, 7, 0, : 9, 9, 7, 8, 9, 8, 9, 6, 8, 8, 8, 6, 6, 10, 9, 10, 5, 6, 9, 9, 7, 8, 7, 7, 6, 7, 9, 7, 9, 4, 9, 4, 11, 7, 10, 8, 8, 9, 8, 7, 7, 9, 8, 8, 7, 
407: 6, 0, 5, 0, 0, 0, 8, 7, 8, 9, 0, 0, 6, 0, 0, 0, 0, 0, 0, 7, 0, 9, 0, 0, 9, 5, 6, 6, 9, 0, 0, 0, 10, 0, 6, 0, 0, 0, 0, 0, 8, 6, 0, 7, 0, 0, 11, 0, 8, 0, 0, 9, 0, 7, 7, 0, 0, 0, 6, 0, 0, 0, 0, 0, 0, 7, 0, 0, 6, 7, 0, 0, 0, 0, 7, 0, 0, 0, 0, 0, : 6, 5, 8, 7, 8, 9, 6, 7, 9, 9, 5, 6, 6, 9, 10, 6, 8, 6, 7, 11, 8, 9, 7, 7, 6, 7, 6, 7, 7, 
609: 7, 0, 9, 7, 0, 7, 0, 7, 5, 0, 0, 6, 6, 10, 5, 6, 11, 0, 7, 0, 0, 9, 8, 0, 0, 6, 0, 0, 9, 6, 7, 0, 0, 0, 0, 0, 8, 10, 0, 0, 0, 0, 0, 8, 0, 8, 0, 0, 7, 9, 0, 9, 10, 0, 9, 0, 4, 8, 0, 0, 0, 0, 8, 0, 0, 5, 8, 0, 0, 9, 0, 8, 8, 0, 9, 0, 0, 7, 7, 8, : 7, 9, 7, 7, 7, 5, 6, 6, 10, 5, 6, 11, 7, 9, 8, 6, 9, 6, 7, 8, 10, 8, 8, 7, 9, 9, 10, 9, 4, 8, 8, 5, 8, 9, 8, 8, 9, 7, 7, 8, 
120: 0, 0, 8, 0, 9, 0, 0, 8, 0, 0, 0, 9, 0, 8, 0, 0, 0, 0, 10, 9, 0, 0, 4, 9, 6, 0, 0, 0, 8, 0, 5, 7, 0, 9, 0, 6, 5, 10, 0, 10, 7, 0, 9, 0, 8, 6, 0, 7, 0, 10, 0, 0, 10, 0, 8, 6, 0, 7, 11, 7, 0, 0, 0, 5, 0, 0, 7, 0, 0, 0, 0, 9, 0, 9, 8, 0, 8, 7, 0, 0, : 8, 9, 8, 9, 8, 10, 9, 4, 9, 6, 8, 5, 7, 9, 6, 5, 10, 10, 7, 9, 8, 6, 7, 10, 10, 8, 6, 7, 11, 7, 5, 7, 9, 9, 8, 8, 7, 
635: 0, 8, 0, 0, 0, 5, 0, 0, 0, 0, 0, 6, 0, 0, 9, 8, 0, 8, 8, 0, 0, 7, 9, 9, 7, 0, 0, 9, 6, 0, 9, 0, 5, 6, 0, 9, 11, 9, 0, 8, 0, 0, 7, 6, 8, 0, 7, 0, 7, 0, 6, 7, 0, 8, 8, 9, 11, 9, 4, 6, 0, 0, 0, 0, 0, 7, 0, 7, 8, 9, 8, 7, 7, 7, 7, 0, 0, 0, 0, 0, : 8, 5, 6, 9, 8, 8, 8, 7, 9, 9, 7, 9, 6, 9, 5, 6, 9, 11, 9, 8, 7, 6, 8, 7, 7, 6, 7, 8, 8, 9, 11, 9, 4, 6, 7, 7, 8, 9, 8, 7, 7, 7, 7, 
478: 7, 0, 0, 6, 0, 7, 8, 7, 8, 7, 10, 0, 8, 7, 7, 5, 5, 0, 0, 4, 0, 5, 0, 0, 0, 0, 0, 10, 0, 5, 0, 8, 0, 0, 7, 7, 0, 7, 0, 7, 8, 0, 8, 0, 0, 7, 6, 0, 0, 0, 0, 11, 4, 0, 0, 6, 0, 0, 6, 7, 6, 0, 0, 7, 7, 7, 0, 7, 0, 0, 7, 9, 8, 7, 0, 0, 0, 0, 5, 6, : 7, 6, 7, 8, 7, 8, 7, 10, 8, 7, 7, 5, 5, 4, 5, 10, 5, 8, 7, 7, 7, 7, 8, 8, 7, 6, 11, 4, 6, 6, 7, 6, 7, 7, 7, 7, 7, 9, 8, 7, 5, 6, 
528: 0, 7, 0, 5, 5, 0, 6, 0, 5, 0, 0, 6, 10, 6, 10, 5, 7, 0, 10, 0, 8, 10, 5, 0, 0, 9, 5, 0, 0, 0, 7, 6, 0, 0, 0, 8, 0, 5, 9, 0, 0, 9, 6, 8, 0, 7, 8, 0, 6, 0, 4, 0, 0, 0, 0, 10, 0, 0, 7, 10, 0, 0, 5, 0, 7, 7, 0, 7, 0, 0, 0, 0, 0, 0, 8, 9, 0, 0, 0, 0, : 7, 5, 5, 6, 5, 6, 10, 6, 10, 5, 7, 10, 8, 10, 5, 9, 5, 7, 6, 8, 5, 9, 9, 6, 8, 7, 8, 6, 4, 10, 7, 10, 5, 7, 7, 7, 8, 9, 
341: 0, 6, 8, 0, 7, 10, 9, 0, 0, 6, 7, 0, 0, 0, 0, 0, 8, 0, 0, 0, 7, 0, 0, 8, 6, 6, 9, 0, 0, 6, 0, 10, 0, 0, 0, 0, 10, 8, 0, 8, 8, 0, 7, 0, 0, 8, 0, 0, 0, 8, 10, 0, 9, 10, 0, 8, 0, 6, 0, 6, 9, 7, 7, 8, 7, 0, 0, 0, 0, 0, 8, 8, 7, 7, 0, 7, 0, 9, 0, 0, : 6, 8, 7, 10, 9, 6, 7, 8, 7, 8, 6, 6, 9, 6, 10, 10, 8, 8, 8, 7, 8, 8, 10, 9, 10, 8, 6, 6, 9, 7, 7, 8, 7, 8, 8, 7, 7, 7, 9, 
366: 7, 0, 0, 7, 0, 6, 0, 0, 8, 0, 10, 0, 0, 0, 0, 0, 0, 7, 0, 6, 0, 0, 0, 8, 0, 4, 7, 9, 0, 9, 6, 0, 0, 8, 10, 0, 0, 5, 0, 8, 0, 6, 7, 9, 7, 0, 8, 6, 0, 0, 5, 6, 6, 0, 6, 9, 5, 0, 0, 9, 0, 0, 10, 7, 0, 0, 9, 0, 0, 0, 7, 9, 0, 0, 0, 5, 0, 6, 0, 9, : 7, 7, 6, 8, 10, 7, 6, 8, 4, 7, 9, 9, 6, 8, 10, 5, 8, 6, 7, 9, 7, 8, 6, 5, 6, 6, 6, 9, 5, 9, 10, 7, 9, 7, 9, 5, 6, 9, 
431: 0, 0, 0, 7, 8, 7, 0, 0, 0, 0, 7, 0, 7, 9, 7, 10, 0, 0, 6, 0, 7, 0, 0, 0, 0, 0, 0, 0, 8, 0, 0, 0, 9, 0, 11, 6, 0, 0, 9, 8, 0, 0, 9, 0, 8, 7, 6, 0, 0, 9, 11, 0, 0, 4, 0, 5, 6, 0, 7, 0, 6, 10, 0, 0, 8, 9, 0, 0, 7, 7, 7, 7, 7, 0, 0, 0, 7, 0, 0, 7, : 7, 8, 7, 7, 7, 9, 7, 10, 6, 7, 8, 9, 11, 6, 9, 8, 9, 8, 7, 6, 9, 11, 4, 5, 6, 7, 6, 10, 8, 9, 7, 7, 7, 7, 7, 7, 7, 
505: 6, 0, 8, 0, 7, 8, 7, 9, 0, 0, 9, 8, 0, 6, 4, 8, 8, 0, 0, 0, 0, 0, 8, 0, 9, 8, 0, 5, 0, 8, 0, 0, 0, 10, 0, 10, 0, 0, 5, 0, 0, 9, 6, 8, 9, 7, 0, 0, 0, 7, 0, 0, 0, 6, 0, 0, 7, 0, 8, 0, 8, 8, 0, 0, 7, 0, 7, 6, 0, 0, 0, 7, 7, 7, 8, 7, 0, 5, 8, 7, : 6, 8, 7, 8, 7, 9, 9, 8, 6, 4, 8, 8, 8, 9, 8, 5, 8, 10, 10, 5, 9, 6, 8, 9, 7, 7, 6, 7, 8, 8, 8, 7, 7, 6, 7, 7, 7, 8, 7, 5, 8, 7, 
234: 0, 9, 0, 7, 9, 0, 7, 0, 7, 0, 0, 4, 8, 0, 0, 10, 8, 7, 8, 0, 0, 5, 10, 0, 10, 9, 7, 7, 6, 0, 0, 0, 6, 7, 10, 0, 0, 0, 7, 0, 0, 0, 0, 0, 0, 0, 0, 0, 10, 0, 7, 9, 0, 0, 0, 0, 0, 0, 0, 0, 0, 5, 8, 9, 9, 7, 7, 8, 9, 9, 7, 0, 0, 0, 0, 0, 0, 7, 7, 7, : 9, 7, 9, 7, 7, 4, 8, 10, 8, 7, 8, 5, 10, 10, 9, 7, 7, 6, 6, 7, 10, 7, 10, 7, 9, 5, 8, 9, 9, 7, 7, 8, 9, 9, 7, 7, 7, 7, 
481: 5, 7, 7, 0, 0, 0, 0, 8, 6, 0, 6, 6, 9, 0, 6, 6, 0, 0, 0, 8, 0, 0, 0, 9, 9, 10, 0, 5, 0, 8, 6, 10, 10, 0, 0, 0, 6, 0, 0, 0, 7, 0, 8, 0, 0, 9, 8, 0, 8, 0, 8, 0, 7, 0, 7, 0, 0, 0, 9, 0, 0, 7, 10, 8, 6, 0, 8, 9, 8, 5, 0, 7, 0, 8, 0, 0, 0, 0, 7, 7, : 5, 7, 7, 8, 6, 6, 6, 9, 6, 6, 8, 9, 9, 10, 5, 8, 6, 10, 10, 6, 7, 8, 9, 8, 8, 8, 7, 7, 9, 7, 10, 8, 6, 8, 9, 8, 5, 7, 8, 7, 7, 
391: 9, 0, 10, 5, 6, 0, 0, 0, 0, 0, 0, 0, 7, 4, 8, 0, 8, 10, 6, 0, 7, 0, 0, 5, 7, 7, 8, 0, 0, 0, 0, 0, 0, 0, 0, 0, 0, 0, 0, 6, 0, 8, 0, 0, 7, 8, 0, 7, 8, 10, 0, 0, 7, 6, 7, 6, 0, 9, 7, 8, 0, 8, 0, 0, 7, 8, 0, 0, 0, 7, 0, 0, 9, 7, 0, 9, 8, 8, 0, 0, : 9, 10, 5, 6, 7, 4, 8, 8, 10, 6, 7, 5, 7, 7, 8, 6, 8, 7, 8, 7, 8, 10, 7, 6, 7, 6, 9, 7, 8, 8, 7, 8, 7, 9, 7, 9, 8, 8, 
289: 0, 0, 0, 9, 7, 0, 0, 0, 7, 9, 8, 0, 0, 0, 0, 0, 0, 0, 9, 0, 8, 0, 0, 6, 8, 0, 9, 8, 0, 0, 0, 7, 8, 7, 0, 0, 10, 0, 5, 0, 0, 8, 0, 0, 9, 8, 7, 8, 0, 9, 0, 0, 9, 8, 0, 11, 6, 5, 0, 0, 6, 0, 7, 9, 8, 7, 7, 0, 0, 0, 0, 0, 0, 0, 7, 7, 7, 7, 7, 7, : 9, 7, 7, 9, 8, 9, 8, 6, 8, 9, 8, 7, 8, 7, 10, 5, 8, 9, 8, 7, 8, 9, 9, 8, 11, 6, 5, 6, 7, 9, 8, 7, 7, 7, 7, 7, 7, 7, 7, 
497: 0, 8, 8, 0, 7, 0, 0, 0, 8, 8, 0, 0, 11, 0, 7, 0, 6, 9, 0, 9, 0, 9, 0, 0, 5, 7, 0, 0, 6, 8, 0, 7, 6, 6, 6, 0, 0, 9, 0, 8, 0, 6, 8, 0, 0, 0, 8, 7, 0, 11, 6, 6, 0, 8, 0, 0, 0, 7, 7, 0, 8, 0, 0, 0, 5, 10, 0, 0, 0, 0, 7, 0, 8, 8, 0, 9, 0, 9, 7, 0, : 8, 8, 7, 8, 8, 11, 7, 6, 9, 9, 9, 5, 7, 6, 8, 7, 6, 6, 6, 9, 8, 6, 8, 8, 7, 11, 6, 6, 8, 7, 7, 8, 5, 10, 7, 8, 8, 9, 9, 7, 
263: 9, 7, 0, 9, 0, 10, 0, 0, 9, 10, 0, 0, 0, 6, 0, 7, 8, 0, 0, 8, 8, 0, 0, 8, 6, 9, 0, 0, 8, 0, 10, 0, 6, 7, 0, 5, 5, 0, 0, 6, 8, 0, 0, 0, 7, 8, 0, 7, 8, 0, 9, 5, 10, 0, 8, 9, 5, 9, 0, 0, 0, 8, 0, 0, 0, 9, 0, 8, 0, 7, 0, 9, 8, 0, 6, 8, 6, 7, 7, 0, : 9, 7, 9, 10, 9, 10, 6, 7, 8, 8, 8, 8, 6, 9, 8, 10, 6, 7, 5, 5, 6, 8, 7, 8, 7, 8, 9, 5, 10, 8, 9, 5, 9, 8, 9, 8, 7, 9, 8, 6, 8, 6, 7, 7, 
380: 0, 0, 0, 0, 7, 0, 0, 8, 0, 7, 7, 0, 0, 7, 6, 0, 5, 0, 0, 0, 0, 7, 0, 0, 6, 7, 8, 0, 0, 10, 0, 7, 10, 0, 9, 6, 0, 0, 7, 8, 8, 0, 8, 0, 0, 10, 0, 0, 0, 8, 0, 5, 0, 0, 7, 0, 10, 5, 5, 0, 6, 10, 0, 0, 9, 0, 0, 0, 5, 6, 8, 7, 0, 0, 7, 7, 0, 0, 8, 0, : 7, 8, 7, 7, 7, 6, 5, 7, 6, 7, 8, 10, 7, 10, 9, 6, 7, 8, 8, 8, 10, 8, 5, 7, 10, 5, 5, 6, 10, 9, 5, 6, 8, 7, 7, 7, 8, 
382: 8, 8, 7, 0, 10, 8, 0, 0, 0, 5, 0, 8, 0, 0, 0, 10, 0, 8, 0, 0, 6, 0, 8, 5, 7, 0, 0, 6, 0, 9, 0, 5, 0, 11, 6, 0, 0, 0, 7, 0, 0, 9, 6, 7, 0, 0, 8, 9, 0, 6, 9, 0, 0, 0, 10, 0, 7, 10, 0, 0, 10, 9, 0, 8, 0, 6, 0, 7, 7, 8, 7, 7, 7, 0, 0, 0, 7, 0, 0, 8, : 8, 8, 7, 10, 8, 5, 8, 10, 8, 6, 8, 5, 7, 6, 9, 5, 11, 6, 7, 9, 6, 7, 8, 9, 6, 9, 10, 7, 10, 10, 9, 8, 6, 7, 7, 8, 7, 7, 7, 7, 8, 
663: 0, 0, 0, 7, 10, 6, 0, 9, 0, 8, 0, 0, 0, 0, 0, 7, 4, 5, 0, 7, 8, 0, 0, 9, 0, 7, 7, 6, 0, 0, 0, 0, 7, 0, 0, 0, 5, 0, 5, 0, 8, 0, 8, 7, 8, 0, 0, 8, 6, 5, 0, 0, 0, 7, 0, 7, 0, 0, 0, 0, 9, 0, 9, 7, 0, 0, 8, 8, 0, 0, 9, 8, 7, 0, 7, 0, 9, 0, 7, 0, : 7, 10, 6, 9, 8, 7, 4, 5, 7, 8, 9, 7, 7, 6, 7, 5, 5, 8, 8, 7, 8, 8, 6, 5, 7, 7, 9, 9, 7, 8, 8, 9, 8, 7, 7, 9, 7, 
563: 0, 0, 0, 0, 0, 9, 5, 0, 9, 0, 5, 9, 9, 10, 0, 8, 9, 5, 7, 5, 5, 0, 0, 9, 0, 0, 9, 8, 8, 9, 9, 0, 0, 0, 8, 6, 0, 5, 8, 0, 0, 0, 0, 0, 0, 6, 0, 7, 0, 0, 7, 7, 6, 0, 4, 6, 9, 0, 0, 6, 0, 6, 0, 8, 0, 8, 8, 0, 7, 8, 0, 8, 7, 9, 9, 0, 9, 9, 9, 9, : 9, 5, 9, 5, 9, 9, 10, 8, 9, 5, 7, 5, 5, 9, 9, 8, 8, 9, 9, 8, 6, 5, 8, 6, 7, 7, 7, 6, 4, 6, 9, 6, 6, 8, 8, 8, 7, 8, 8, 7, 9, 9, 9, 9, 9, 9, 
526: 7, 8, 7, 0, 0, 0, 7, 8, 0, 8, 8, 7, 8, 0, 0, 0, 0, 7, 7, 8, 0, 0, 9, 8, 0, 7, 7, 0, 0, 0, 8, 8, 0, 0, 0, 5, 8, 8, 5, 0, 0, 7, 6, 9, 0, 8, 8, 0, 6, 0, 8, 0, 0, 10, 6, 0, 8, 0, 0, 7, 10, 6, 5, 0, 0, 0, 0, 7, 0, 0, 7, 0, 7, 8, 7, 0, 5, 0, 0, 0, : 7, 8, 7, 7, 8, 8, 8, 7, 8, 7, 7, 8, 9, 8, 7, 7, 8, 8, 5, 8, 8, 5, 7, 6, 9, 8, 8, 6, 8, 10, 6, 8, 7, 10, 6, 5, 7, 7, 7, 8, 7, 5, 


342: 7, 6, 8, 9, 8, 0, 0, 8, 0, 9, 7, 0, 7, 9, 9, 0, 0, 0, 0, 0, 0, 6, 0, 8, 0, 0, 0, 0, 0, 7, 8, 8, 9, 0, 7, 9, 8, 0, 0, 8, 6, 0, 10, 0, 4, 6, 0, 6, 0, 7, 0, 8, 9, 6, 0, 8, 0, 0, 8, 0, 0, 4, 0, 0, 0, 8, 0, 0, 0, 0, 8, 6, 8, 7, 8, 6, 0, 0, 8, 0, : 7, 6, 8, 9, 8, 8, 9, 7, 7, 9, 9, 6, 8, 7, 8, 8, 9, 7, 9, 8, 8, 6, 10, 4, 6, 6, 7, 8, 9, 6, 8, 8, 4, 8, 8, 6, 8, 7, 8, 6, 8, 
32: 6, 8, 0, 6, 7, 8, 9, 7, 6, 7, 0, 7, 6, 5, 0, 8, 9, 7, 0, 8, 0, 7, 0, 9, 0, 0, 0, 8, 0, 6, 9, 0, 0, 0, 8, 0, 7, 0, 0, 0, 9, 9, 0, 0, 0, 5, 0, 0, 8, 0, 0, 7, 7, 0, 8, 0, 7, 10, 0, 0, 8, 0, 8, 9, 0, 0, 8, 8, 8, 7, 8, 0, 7, 0, 0, 7, 8, 0, 0, 7, : 6, 8, 6, 7, 8, 9, 7, 6, 7, 7, 6, 5, 8, 9, 7, 8, 7, 9, 8, 6, 9, 8, 7, 9, 9, 5, 8, 7, 7, 8, 7, 10, 8, 8, 9, 8, 8, 8, 7, 8, 7, 7, 8, 7, 
138: 0, 0, 7, 6, 0, 0, 8, 0, 9, 0, 8, 10, 7, 7, 0, 0, 0, 0, 9, 8, 0, 7, 0, 0, 4, 0, 10, 0, 6, 8, 0, 6, 7, 0, 0, 9, 8, 0, 6, 0, 5, 0, 8, 10, 6, 0, 5, 0, 0, 7, 8, 0, 0, 7, 7, 8, 0, 7, 0, 8, 0, 8, 0, 7, 11, 0, 8, 0, 0, 0, 0, 0, 8, 0, 0, 7, 0, 7, 0, 0, : 7, 6, 8, 9, 8, 10, 7, 7, 9, 8, 7, 4, 10, 6, 8, 6, 7, 9, 8, 6, 5, 8, 10, 6, 5, 7, 8, 7, 7, 8, 7, 8, 8, 7, 11, 8, 8, 7, 7, 
240: 9, 7, 8, 9, 8, 0, 0, 9, 8, 6, 8, 8, 11, 8, 7, 9, 9, 0, 10, 0, 0, 0, 0, 6, 6, 0, 0, 7, 8, 5, 5, 0, 7, 8, 10, 0, 8, 7, 7, 6, 8, 6, 0, 0, 0, 7, 7, 6, 0, 0, 0, 0, 0, 0, 0, 7, 0, 0, 0, 0, 0, 0, 5, 6, 0, 0, 10, 6, 8, 8, 0, 0, 9, 0, 0, 0, 0, 7, 7, 0, : 9, 7, 8, 9, 8, 9, 8, 6, 8, 8, 11, 8, 7, 9, 9, 10, 6, 6, 7, 8, 5, 5, 7, 8, 10, 8, 7, 7, 6, 8, 6, 7, 7, 6, 7, 5, 6, 10, 6, 8, 8, 9, 7, 7, 
294: 0, 0, 7, 0, 0, 9, 10, 9, 0, 0, 7, 7, 7, 0, 8, 0, 0, 10, 8, 0, 9, 5, 10, 0, 8, 6, 9, 9, 8, 7, 8, 8, 9, 5, 10, 5, 0, 9, 8, 0, 0, 0, 7, 7, 8, 5, 8, 7, 9, 6, 8, 0, 0, 0, 6, 0, 0, 8, 7, 7, 0, 0, 0, 8, 7, 0, 7, 0, 0, 8, 8, 9, 7, 0, 0, 0, 0, 0, 0, 0, : 7, 9, 10, 9, 7, 7, 7, 8, 10, 8, 9, 5, 10, 8, 6, 9, 9, 8, 7, 8, 8, 9, 5, 10, 5, 9, 8, 7, 7, 8, 5, 8, 7, 9, 6, 8, 6, 8, 7, 7, 8, 7, 7, 8, 8, 9, 7, 
21: 0, 0, 0, 0, 0, 5, 0, 9, 0, 10, 0, 11, 7, 8, 0, 0, 0, 0, 7, 7, 5, 8, 0, 7, 8, 8, 0, 0, 6, 8, 0, 0, 0, 0, 0, 0, 0, 0, 0, 0, 9, 0, 6, 0, 10, 9, 8, 0, 9, 0, 8, 7, 0, 8, 8, 7, 7, 7, 8, 0, 10, 8, 0, 9, 8, 7, 0, 0, 0, 7, 8, 7, 8, 8, 0, 0, 0, 0, 0, 8, : 5, 9, 10, 11, 7, 8, 7, 7, 5, 8, 7, 8, 8, 6, 8, 9, 6, 10, 9, 8, 9, 8, 7, 8, 8, 7, 7, 7, 8, 10, 8, 9, 8, 7, 7, 8, 7, 8, 8, 8, 
657: 9, 8, 0, 0, 6, 0, 0, 7, 0, 0, 6, 9, 6, 6, 7, 6, 8, 7, 6, 0, 0, 0, 0, 0, 9, 0, 0, 0, 0, 7, 9, 7, 0, 9, 9, 0, 0, 8, 0, 8, 0, 0, 10, 6, 0, 4, 0, 5, 0, 0, 10, 8, 9, 0, 7, 7, 0, 0, 5, 10, 4, 8, 0, 8, 6, 6, 5, 0, 6, 8, 0, 0, 0, 6, 7, 7, 6, 8, 7, 0, : 9, 8, 6, 7, 6, 9, 6, 6, 7, 6, 8, 7, 6, 9, 7, 9, 7, 9, 9, 8, 8, 10, 6, 4, 5, 10, 8, 9, 7, 7, 5, 10, 4, 8, 8, 6, 6, 5, 6, 8, 6, 7, 7, 6, 8, 7, 
794: 8, 0, 6, 9, 8, 0, 8, 5, 0, 0, 0, 11, 6, 0, 0, 0, 7, 10, 0, 8, 6, 0, 6, 9, 0, 0, 0, 0, 0, 10, 7, 7, 0, 0, 8, 5, 0, 0, 0, 8, 0, 7, 0, 0, 0, 0, 6, 0, 6, 7, 7, 7, 0, 0, 0, 0, 0, 7, 0, 0, 0, 7, 7, 8, 0, 0, 0, 7, 9, 8, 0, 8, 0, 0, 0, 0, 0, 7, 7, 0, : 8, 6, 9, 8, 8, 5, 11, 6, 7, 10, 8, 6, 6, 9, 10, 7, 7, 8, 5, 8, 7, 6, 6, 7, 7, 7, 7, 7, 7, 8, 7, 9, 8, 8, 7, 7, 
118: 0, 7, 5, 0, 0, 0, 7, 0, 0, 0, 0, 7, 0, 0, 9, 0, 0, 8, 0, 0, 0, 0, 4, 7, 9, 8, 9, 0, 0, 0, 7, 9, 0, 4, 5, 0, 0, 6, 0, 7, 8, 9, 9, 7, 0, 0, 0, 10, 9, 5, 0, 0, 9, 0, 8, 0, 6, 0, 8, 7, 8, 8, 8, 0, 7, 8, 0, 6, 7, 0, 0, 0, 8, 5, 7, 0, 0, 0, 0, 7, : 7, 5, 7, 7, 9, 8, 4, 7, 9, 8, 9, 7, 9, 4, 5, 6, 7, 8, 9, 9, 7, 10, 9, 5, 9, 8, 6, 8, 7, 8, 8, 8, 7, 8, 6, 7, 8, 5, 7, 7, 
162: 6, 0, 0, 0, 9, 0, 0, 0, 6, 7, 0, 0, 0, 10, 0, 0, 0, 0, 5, 6, 8, 6, 0, 0, 0, 0, 0, 10, 0, 7, 8, 0, 9, 6, 0, 8, 0, 0, 7, 10, 0, 6, 0, 0, 8, 0, 9, 9, 0, 9, 0, 7, 0, 0, 8, 0, 6, 0, 0, 5, 0, 0, 0, 0, 0, 9, 0, 7, 7, 0, 0, 0, 0, 0, 0, 0, 0, 0, 0, 0, : 6, 9, 6, 7, 10, 5, 6, 8, 6, 10, 7, 8, 9, 6, 8, 7, 10, 6, 8, 9, 9, 9, 7, 8, 6, 5, 9, 7, 7, 
785: 0, 6, 0, 8, 6, 7, 7, 0, 0, 7, 0, 7, 4, 0, 7, 0, 0, 7, 8, 0, 6, 0, 0, 6, 0, 5, 8, 8, 0, 0, 0, 0, 0, 0, 0, 0, 6, 0, 7, 0, 0, 0, 4, 0, 7, 0, 9, 0, 0, 10, 0, 0, 0, 7, 0, 0, 0, 8, 0, 0, 0, 0, 9, 8, 0, 0, 0, 8, 9, 8, 7, 8, 0, 7, 0, 0, 0, 6, 0, 6, : 6, 8, 6, 7, 7, 7, 7, 4, 7, 7, 8, 6, 6, 5, 8, 8, 6, 7, 4, 7, 9, 10, 7, 8, 9, 8, 8, 9, 8, 7, 8, 7, 6, 6, 
686: 0, 0, 9, 8, 8, 0, 6, 9, 0, 0, 0, 7, 9, 0, 8, 7, 0, 0, 8, 0, 9, 0, 0, 8, 8, 9, 10, 8, 9, 0, 0, 0, 0, 8, 0, 5, 0, 7, 8, 7, 0, 7, 7, 0, 6, 0, 6, 0, 0, 0, 0, 9, 0, 5, 8, 0, 0, 0, 6, 8, 0, 8, 8, 6, 10, 0, 9, 0, 8, 9, 5, 7, 0, 0, 7, 0, 0, 8, 7, 0, : 9, 8, 8, 6, 9, 7, 9, 8, 7, 8, 9, 8, 8, 9, 10, 8, 9, 8, 5, 7, 8, 7, 7, 7, 6, 6, 9, 5, 8, 6, 8, 8, 8, 6, 10, 9, 8, 9, 5, 7, 7, 8, 7, 
667: 8, 8, 0, 0, 8, 9, 0, 0, 9, 0, 0, 7, 9, 0, 0, 6, 6, 0, 8, 0, 7, 6, 0, 0, 0, 7, 0, 7, 8, 0, 0, 8, 7, 9, 0, 0, 0, 8, 8, 9, 6, 5, 6, 6, 9, 0, 9, 0, 0, 4, 8, 0, 9, 9, 0, 9, 7, 0, 10, 6, 7, 7, 0, 0, 7, 0, 8, 0, 0, 6, 0, 8, 0, 0, 6, 9, 7, 7, 9, 8, : 8, 8, 8, 9, 9, 7, 9, 6, 6, 8, 7, 6, 7, 7, 8, 8, 7, 9, 8, 8, 9, 6, 5, 6, 6, 9, 9, 4, 8, 9, 9, 9, 7, 10, 6, 7, 7, 7, 8, 6, 8, 6, 9, 7, 7, 9, 8, 
677: 0, 7, 6, 0, 0, 8, 0, 0, 0, 8, 0, 8, 8, 0, 0, 9, 8, 9, 0, 0, 0, 0, 9, 8, 0, 0, 0, 6, 6, 0, 8, 6, 8, 9, 9, 6, 9, 0, 0, 0, 0, 10, 6, 9, 5, 10, 0, 8, 0, 0, 8, 0, 8, 8, 9, 0, 8, 0, 7, 0, 0, 8, 0, 0, 0, 8, 8, 5, 8, 6, 0, 0, 0, 8, 0, 0, 9, 7, 0, 9, : 7, 6, 8, 8, 8, 8, 9, 8, 9, 9, 8, 6, 6, 8, 6, 8, 9, 9, 6, 9, 10, 6, 9, 5, 10, 8, 8, 8, 8, 9, 8, 7, 8, 8, 8, 5, 8, 6, 8, 9, 7, 9, 
216: 9, 0, 0, 5, 9, 8, 5, 7, 9, 7, 0, 8, 0, 7, 0, 0, 0, 9, 0, 0, 6, 0, 8, 0, 10, 5, 8, 8, 0, 0, 0, 7, 0, 7, 0, 0, 6, 0, 0, 7, 5, 9, 0, 0, 0, 0, 6, 10, 6, 8, 0, 0, 0, 8, 0, 7, 9, 6, 8, 0, 0, 5, 0, 0, 0, 8, 8, 8, 8, 0, 7, 0, 0, 9, 6, 7, 9, 6, 0, 8, : 9, 5, 9, 8, 5, 7, 9, 7, 8, 7, 9, 6, 8, 10, 5, 8, 8, 7, 7, 6, 7, 5, 9, 6, 10, 6, 8, 8, 7, 9, 6, 8, 5, 8, 8, 8, 8, 7, 9, 6, 7, 9, 6, 8, 
367: 0, 10, 8, 0, 0, 6, 0, 8, 7, 6, 0, 7, 0, 0, 8, 7, 0, 8, 0, 7, 9, 9, 5, 0, 7, 0, 7, 0, 7, 8, 0, 8, 6, 0, 0, 10, 0, 0, 0, 0, 0, 7, 0, 0, 7, 0, 0, 8, 0, 8, 0, 0, 0, 8, 0, 9, 8, 6, 0, 8, 8, 0, 0, 4, 0, 8, 6, 0, 8, 0, 8, 7, 0, 8, 0, 8, 9, 8, 8, 0, : 10, 8, 6, 8, 7, 6, 7, 8, 7, 8, 7, 9, 9, 5, 7, 7, 7, 8, 8, 6, 10, 7, 7, 8, 8, 8, 9, 8, 6, 8, 8, 4, 8, 6, 8, 8, 7, 8, 8, 9, 8, 8, 
427: 7, 9, 0, 6, 5, 8, 0, 0, 8, 0, 0, 6, 6, 0, 7, 9, 9, 0, 0, 9, 0, 0, 0, 0, 0, 0, 6, 0, 7, 9, 0, 0, 7, 9, 0, 7, 9, 0, 8, 8, 0, 6, 0, 0, 11, 0, 0, 0, 4, 11, 0, 6, 0, 9, 7, 0, 6, 9, 7, 0, 0, 0, 7, 0, 6, 8, 0, 8, 0, 0, 0, 0, 8, 0, 0, 0, 0, 8, 0, 7, : 7, 9, 6, 5, 8, 8, 6, 6, 7, 9, 9, 9, 6, 7, 9, 7, 9, 7, 9, 8, 8, 6, 11, 4, 11, 6, 9, 7, 6, 9, 7, 7, 6, 8, 8, 8, 8, 7, 
778: 0, 0, 0, 7, 0, 0, 0, 0, 5, 0, 0, 0, 9, 0, 6, 0, 7, 0, 9, 0, 0, 7, 6, 0, 8, 8, 0, 7, 7, 0, 0, 0, 9, 0, 0, 0, 9, 0, 0, 6, 0, 0, 0, 8, 0, 0, 10, 0, 0, 7, 0, 0, 7, 8, 0, 7, 7, 8, 10, 9, 8, 0, 9, 0, 0, 6, 0, 0, 0, 0, 8, 0, 5, 7, 0, 7, 8, 0, 0, 6, : 7, 5, 9, 6, 7, 9, 7, 6, 8, 8, 7, 7, 9, 9, 6, 8, 10, 7, 7, 8, 7, 7, 8, 10, 9, 8, 9, 6, 8, 5, 7, 7, 8, 6, 
91: 0, 6, 0, 8, 0, 0, 0, 9, 10, 6, 6, 0, 11, 9, 0, 8, 0, 5, 6, 10, 8, 8, 0, 0, 9, 8, 0, 0, 0, 0, 0, 9, 0, 0, 0, 0, 0, 8, 0, 6, 10, 0, 8, 8, 0, 9, 5, 10, 0, 7, 0, 9, 7, 8, 0, 7, 0, 6, 7, 0, 7, 8, 6, 8, 0, 0, 7, 0, 6, 0, 0, 0, 0, 7, 0, 8, 0, 0, 9, 8, : 6, 8, 9, 10, 6, 6, 11, 9, 8, 5, 6, 10, 8, 8, 9, 8, 9, 8, 6, 10, 8, 8, 9, 5, 10, 7, 9, 7, 8, 7, 6, 7, 7, 8, 6, 8, 7, 6, 7, 8, 9, 8, 
438: 0, 0, 0, 0, 0, 9, 0, 5, 0, 10, 0, 0, 0, 0, 9, 7, 8, 8, 0, 0, 0, 10, 10, 9, 7, 0, 9, 6, 0, 9, 8, 9, 0, 6, 8, 5, 0, 0, 10, 0, 10, 0, 0, 4, 0, 0, 8, 0, 11, 0, 0, 0, 7, 0, 0, 6, 7, 7, 7, 4, 6, 0, 8, 8, 8, 6, 0, 7, 0, 0, 0, 6, 8, 7, 8, 8, 7, 9, 8, 8, : 9, 5, 10, 9, 7, 8, 8, 10, 10, 9, 7, 9, 6, 9, 8, 9, 6, 8, 5, 10, 10, 4, 8, 11, 7, 6, 7, 7, 7, 4, 6, 8, 8, 8, 6, 7, 6, 8, 7, 8, 8, 7, 9, 8, 8, 
236: 8, 6, 9, 8, 0, 8, 0, 0, 0, 0, 8, 0, 0, 7, 5, 8, 0, 0, 9, 8, 0, 8, 6, 5, 6, 0, 0, 0, 9, 8, 8, 0, 9, 7, 0, 0, 9, 6, 7, 7, 7, 6, 0, 0, 0, 0, 11, 0, 0, 0, 7, 8, 0, 0, 0, 10, 8, 7, 0, 8, 0, 8, 0, 0, 6, 0, 6, 0, 0, 0, 9, 0, 0, 0, 0, 8, 8, 0, 8, 7, : 8, 6, 9, 8, 8, 8, 7, 5, 8, 9, 8, 8, 6, 5, 6, 9, 8, 8, 9, 7, 9, 6, 7, 7, 7, 6, 11, 7, 8, 10, 8, 7, 8, 8, 6, 6, 9, 8, 8, 8, 7, 
791: 0, 0, 0, 0, 9, 7, 0, 0, 0, 8, 8, 0, 0, 0, 7, 6, 8, 0, 8, 0, 10, 0, 8, 4, 0, 9, 7, 5, 10, 0, 8, 8, 0, 0, 0, 8, 0, 9, 7, 0, 7, 0, 0, 0, 6, 0, 0, 0, 0, 0, 0, 7, 0, 0, 0, 0, 0, 8, 0, 4, 8, 0, 0, 0, 0, 0, 0, 0, 0, 8, 8, 8, 0, 8, 8, 0, 7, 9, 7, 0, : 9, 7, 8, 8, 7, 6, 8, 8, 10, 8, 4, 9, 7, 5, 10, 8, 8, 8, 9, 7, 7, 6, 7, 8, 4, 8, 8, 8, 8, 8, 8, 7, 9, 7, 
49: 7, 9, 8, 0, 8, 0, 8, 10, 8, 0, 0, 0, 7, 9, 0, 9, 0, 0, 0, 5, 0, 0, 9, 0, 9, 0, 0, 0, 5, 7, 8, 0, 0, 0, 6, 0, 0, 9, 9, 7, 0, 0, 9, 0, 8, 9, 0, 8, 0, 7, 0, 0, 8, 8, 0, 8, 0, 0, 8, 0, 6, 10, 8, 10, 0, 0, 0, 0, 8, 8, 0, 0, 7, 8, 0, 0, 7, 0, 0, 8, : 7, 9, 8, 8, 8, 10, 8, 7, 9, 9, 5, 9, 9, 5, 7, 8, 6, 9, 9, 7, 9, 8, 9, 8, 7, 8, 8, 8, 8, 6, 10, 8, 10, 8, 8, 7, 8, 7, 8, 
17: 7, 7, 7, 8, 6, 0, 7, 8, 0, 0, 7, 7, 0, 6, 0, 0, 6, 0, 5, 7, 10, 5, 0, 10, 0, 9, 8, 0, 8, 0, 7, 0, 6, 5, 0, 0, 0, 8, 0, 7, 0, 7, 7, 9, 0, 0, 0, 0, 5, 6, 5, 5, 0, 0, 9, 0, 7, 0, 8, 0, 0, 6, 0, 0, 0, 0, 0, 9, 7, 7, 0, 8, 0, 8, 0, 8, 7, 0, 0, 6, : 7, 7, 7, 8, 6, 7, 8, 7, 7, 6, 6, 5, 7, 10, 5, 10, 9, 8, 8, 7, 6, 5, 8, 7, 7, 7, 9, 5, 6, 5, 5, 9, 7, 8, 6, 9, 7, 7, 8, 8, 8, 7, 6, 
189: 0, 7, 7, 0, 9, 0, 9, 0, 9, 0, 7, 0, 8, 0, 10, 8, 0, 8, 0, 8, 0, 0, 0, 6, 9, 0, 6, 8, 0, 0, 7, 0, 0, 7, 9, 0, 0, 6, 0, 0, 8, 0, 0, 0, 0, 10, 0, 0, 5, 0, 7, 8, 7, 0, 0, 8, 0, 0, 5, 10, 9, 6, 4, 0, 0, 7, 9, 8, 0, 6, 7, 8, 0, 0, 0, 0, 0, 0, 6, 8, : 7, 7, 9, 9, 9, 7, 8, 10, 8, 8, 8, 6, 9, 6, 8, 7, 7, 9, 6, 8, 10, 5, 7, 8, 7, 8, 5, 10, 9, 6, 4, 7, 9, 8, 6, 7, 8, 6, 8, 
797: 7, 6, 7, 0, 0, 5, 5, 0, 0, 8, 10, 0, 0, 0, 0, 7, 7, 5, 0, 9, 0, 0, 7, 8, 9, 0, 0, 5, 0, 7, 0, 0, 5, 0, 5, 6, 8, 8, 0, 0, 0, 0, 9, 0, 0, 8, 9, 11, 0, 0, 10, 0, 0, 0, 5, 8, 0, 7, 0, 9, 10, 0, 0, 8, 8, 0, 8, 0, 5, 0, 0, 5, 8, 6, 8, 5, 7, 7, 8, 0, : 7, 6, 7, 5, 5, 8, 10, 7, 7, 5, 9, 7, 8, 9, 5, 7, 5, 5, 6, 8, 8, 9, 8, 9, 11, 10, 5, 8, 7, 9, 10, 8, 8, 8, 5, 5, 8, 6, 8, 5, 7, 7, 8, 
63: 0, 0, 9, 10, 0, 5, 7, 8, 7, 0, 0, 0, 0, 6, 8, 0, 0, 6, 0, 8, 0, 9, 0, 9, 8, 8, 0, 0, 0, 7, 0, 0, 0, 10, 0, 9, 8, 0, 7, 0, 6, 0, 0, 7, 9, 8, 4, 0, 0, 0, 8, 0, 7, 0, 0, 0, 0, 8, 0, 0, 10, 10, 8, 0, 9, 6, 0, 0, 8, 0, 7, 7, 8, 9, 0, 9, 8, 0, 6, 0, : 9, 10, 5, 7, 8, 7, 6, 8, 6, 8, 9, 9, 8, 8, 7, 10, 9, 8, 7, 6, 7, 9, 8, 4, 8, 7, 8, 10, 10, 8, 9, 6, 8, 7, 7, 8, 9, 9, 8, 6, 
442: 7, 0, 0, 0, 8, 0, 8, 7, 0, 8, 11, 6, 0, 9, 0, 0, 7, 0, 5, 9, 9, 0, 0, 0, 6, 6, 0, 9, 0, 8, 0, 6, 0, 0, 6, 0, 8, 7, 0, 0, 0, 0, 0, 5, 0, 8, 0, 9, 10, 8, 8, 0, 8, 0, 7, 0, 11, 0, 0, 8, 7, 0, 8, 0, 6, 9, 8, 8, 6, 0, 0, 0, 8, 9, 8, 0, 0, 0, 7, 0, : 7, 8, 8, 7, 8, 11, 6, 9, 7, 5, 9, 9, 6, 6, 9, 8, 6, 6, 8, 7, 5, 8, 9, 10, 8, 8, 8, 7, 11, 8, 7, 8, 6, 9, 8, 8, 6, 8, 9, 8, 7, 
50: 6, 0, 0, 5, 0, 0, 7, 0, 0, 4, 7, 0, 0, 7, 0, 5, 0, 9, 0, 0, 0, 8, 9, 0, 0, 8, 0, 0, 0, 0, 8, 8, 10, 0, 0, 0, 7, 8, 8, 7, 0, 5, 0, 6, 0, 0, 5, 0, 8, 8, 0, 6, 0, 7, 7, 0, 5, 0, 9, 0, 8, 8, 0, 7, 0, 8, 8, 9, 0, 8, 9, 0, 7, 0, 7, 7, 7, 9, 0, 0, : 6, 5, 7, 4, 7, 7, 5, 9, 8, 9, 8, 8, 8, 10, 7, 8, 8, 7, 5, 6, 5, 8, 8, 6, 7, 7, 5, 9, 8, 8, 7, 8, 8, 9, 8, 9, 7, 7, 7, 7, 9, 
527: 7, 0, 8, 7, 0, 9, 0, 0, 0, 11, 10, 6, 7, 7, 6, 0, 0, 0, 0, 0, 8, 0, 8, 0, 0, 0, 7, 0, 10, 5, 0, 0, 9, 0, 0, 0, 8, 7, 7, 7, 9, 8, 6, 0, 8, 5, 10, 0, 8, 8, 8, 7, 6, 8, 8, 0, 0, 0, 0, 7, 0, 0, 8, 10, 0, 6, 0, 6, 0, 0, 0, 7, 0, 8, 9, 0, 6, 0, 8, 0, : 7, 8, 7, 9, 11, 10, 6, 7, 7, 6, 8, 8, 7, 10, 5, 9, 8, 7, 7, 7, 9, 8, 6, 8, 5, 10, 8, 8, 8, 7, 6, 8, 8, 7, 8, 10, 6, 6, 7, 8, 9, 6, 8, 
681: 9, 9, 9, 0, 5, 5, 0, 0, 8, 0, 8, 0, 0, 10, 0, 8, 9, 8, 0, 0, 4, 8, 7, 0, 4, 6, 0, 0, 0, 9, 0, 8, 0, 9, 0, 9, 5, 0, 6, 0, 7, 0, 9, 10, 0, 0, 8, 5, 7, 9, 5, 0, 8, 0, 0, 6, 0, 10, 6, 0, 0, 0, 8, 6, 0, 0, 0, 8, 8, 0, 0, 0, 0, 0, 5, 0, 8, 0, 0, 0, : 9, 9, 9, 5, 5, 8, 8, 10, 8, 9, 8, 4, 8, 7, 4, 6, 9, 8, 9, 9, 5, 6, 7, 9, 10, 8, 5, 7, 9, 5, 8, 6, 10, 6, 8, 6, 8, 8, 5, 8, 
93: 0, 0, 0, 7, 8, 0, 9, 7, 4, 0, 0, 0, 0, 0, 10, 0, 0, 0, 9, 4, 0, 9, 0, 0, 0, 7, 6, 6, 8, 0, 0, 0, 7, 10, 0, 0, 8, 6, 7, 0, 0, 9, 0, 7, 0, 4, 0, 0, 0, 0, 0, 8, 0, 8, 0, 7, 0, 7, 8, 8, 0, 0, 0, 0, 9, 0, 6, 0, 0, 0, 6, 0, 6, 0, 8, 6, 8, 7, 0, 7, : 7, 8, 9, 7, 4, 10, 9, 4, 9, 7, 6, 6, 8, 7, 10, 8, 6, 7, 9, 7, 4, 8, 8, 7, 7, 8, 8, 9, 6, 6, 6, 8, 6, 8, 7, 7, 
727: 7, 7, 0, 7, 0, 8, 9, 0, 9, 0, 6, 4, 6, 6, 0, 0, 6, 0, 7, 5, 8, 7, 7, 0, 0, 9, 8, 8, 0, 0, 0, 9, 0, 9, 7, 8, 8, 0, 0, 8, 8, 9, 5, 10, 6, 0, 0, 6, 6, 0, 7, 8, 8, 9, 6, 0, 8, 7, 0, 8, 8, 0, 0, 0, 8, 5, 8, 0, 0, 0, 6, 8, 7, 0, 7, 9, 0, 6, 0, 7, : 7, 7, 7, 8, 9, 9, 6, 4, 6, 6, 6, 7, 5, 8, 7, 7, 9, 8, 8, 9, 9, 7, 8, 8, 8, 8, 9, 5, 10, 6, 6, 6, 7, 8, 8, 9, 6, 8, 7, 8, 8, 8, 5, 8, 6, 8, 7, 7, 9, 6, 7, 
728: 9, 0, 9, 0, 0, 0, 8, 0, 8, 0, 6, 0, 0, 0, 0, 7, 5, 0, 8, 0, 0, 9, 8, 0, 0, 0, 7, 6, 5, 0, 8, 0, 7, 0, 7, 0, 0, 0, 0, 0, 8, 0, 10, 0, 10, 11, 0, 8, 7, 8, 0, 0, 6, 7, 0, 0, 0, 0, 0, 0, 5, 8, 0, 0, 7, 0, 7, 8, 0, 5, 8, 9, 0, 0, 7, 8, 0, 8, 0, 0, : 9, 9, 8, 8, 6, 7, 5, 8, 9, 8, 7, 6, 5, 8, 7, 7, 8, 10, 10, 11, 8, 7, 8, 6, 7, 5, 8, 7, 7, 8, 5, 8, 9, 7, 8, 8, 
80: 0, 0, 0, 0, 0, 8, 5, 5, 0, 9, 8, 0, 0, 0, 6, 7, 10, 0, 7, 6, 7, 0, 0, 9, 0, 10, 0, 0, 8, 8, 6, 0, 6, 0, 9, 0, 0, 0, 0, 9, 0, 7, 0, 8, 0, 7, 0, 4, 7, 0, 0, 0, 0, 0, 8, 8, 0, 0, 8, 0, 8, 0, 7, 0, 4, 10, 0, 0, 0, 0, 8, 0, 0, 0, 9, 0, 0, 0, 7, 0, : 8, 5, 5, 9, 8, 6, 7, 10, 7, 6, 7, 9, 10, 8, 8, 6, 6, 9, 9, 7, 8, 7, 4, 7, 8, 8, 8, 8, 7, 4, 10, 8, 9, 7, 
352: 0, 8, 0, 8, 8, 0, 0, 6, 7, 7, 4, 0, 0, 0, 0, 0, 8, 6, 0, 10, 0, 0, 0, 8, 0, 0, 0, 0, 0, 0, 0, 8, 5, 0, 5, 9, 6, 7, 9, 8, 0, 0, 0, 8, 0, 0, 0, 8, 0, 0, 0, 10, 0, 0, 8, 7, 7, 0, 0, 0, 0, 0, 0, 7, 8, 0, 0, 0, 8, 9, 0, 0, 0, 8, 0, 0, 0, 0, 9, 0, : 8, 8, 8, 6, 7, 7, 4, 8, 6, 10, 8, 8, 5, 5, 9, 6, 7, 9, 8, 8, 8, 10, 8, 7, 7, 7, 8, 8, 9, 8, 9, 
705: 0, 0, 7, 9, 7, 9, 0, 0, 0, 6, 8, 0, 9, 0, 0, 0, 0, 7, 0, 0, 7, 0, 0, 0, 0, 0, 8, 10, 8, 0, 0, 5, 0, 8, 5, 8, 0, 0, 0, 0, 8, 9, 7, 0, 0, 10, 0, 7, 8, 0, 8, 7, 0, 6, 10, 0, 10, 0, 0, 0, 0, 8, 8, 8, 0, 7, 0, 0, 8, 8, 0, 8, 9, 0, 8, 0, 8, 0, 0, 9, : 7, 9, 7, 9, 6, 8, 9, 7, 7, 8, 10, 8, 5, 8, 5, 8, 8, 9, 7, 10, 7, 8, 8, 7, 6, 10, 10, 8, 8, 8, 7, 8, 8, 8, 9, 8, 8, 9, 
327: 0, 0, 6, 0, 0, 0, 8, 7, 0, 6, 0, 7, 0, 7, 7, 9, 5, 0, 0, 0, 0, 0, 8, 8, 0, 6, 6, 9, 0, 0, 6, 6, 8, 5, 0, 9, 5, 7, 8, 0, 0, 0, 0, 9, 9, 9, 0, 5, 7, 0, 5, 0, 8, 0, 0, 0, 7, 7, 0, 8, 5, 0, 10, 0, 0, 0, 0, 8, 0, 8, 8, 8, 0, 0, 0, 0, 0, 0, 6, 0, : 6, 8, 7, 6, 7, 7, 7, 9, 5, 8, 8, 6, 6, 9, 6, 6, 8, 5, 9, 5, 7, 8, 9, 9, 9, 5, 7, 5, 8, 7, 7, 8, 5, 10, 8, 8, 8, 8, 6, 
246: 7, 0, 0, 0, 0, 0, 0, 0, 7, 0, 0, 0, 0, 7, 0, 0, 8, 6, 8, 0, 6, 8, 7, 0, 0, 0, 6, 0, 0, 0, 7, 0, 0, 0, 8, 7, 0, 9, 0, 0, 0, 9, 0, 0, 7, 6, 7, 0, 10, 0, 8, 8, 5, 0, 0, 6, 0, 0, 0, 0, 0, 7, 6, 5, 9, 0, 6, 8, 0, 0, 7, 0, 6, 0, 8, 8, 0, 8, 0, 7, : 7, 7, 7, 8, 6, 8, 6, 8, 7, 6, 7, 8, 7, 9, 9, 7, 6, 7, 10, 8, 8, 5, 6, 7, 6, 5, 9, 6, 8, 7, 6, 8, 8, 8, 7, 
596: 0, 9, 0, 0, 0, 9, 0, 0, 6, 0, 0, 0, 0, 0, 6, 0, 0, 7, 0, 8, 8, 0, 8, 6, 6, 8, 5, 0, 7, 0, 0, 0, 0, 0, 9, 8, 0, 0, 6, 0, 6, 0, 7, 6, 6, 0, 0, 0, 0, 0, 7, 0, 7, 6, 6, 0, 9, 0, 0, 8, 0, 0, 0, 0, 6, 10, 0, 8, 0, 8, 0, 8, 8, 7, 9, 8, 6, 8, 8, 9, : 9, 9, 6, 6, 7, 8, 8, 8, 6, 6, 8, 5, 7, 9, 8, 6, 6, 7, 6, 6, 7, 7, 6, 6, 9, 8, 6, 10, 8, 8, 8, 8, 7, 9, 8, 6, 8, 8, 9, 


420: 7, 0, 9, 8, 0, 0, 0, 7, 5, 0, 0, 8, 0, 0, 8, 6, 0, 8, 7, 0, 5, 6, 0, 9, 7, 0, 0, 0, 7, 0, 8, 0, 0, 0, 6, 0, 8, 0, 0, 9, 0, 0, 6, 8, 7, 0, 0, 0, 0, 8, 7, 0, 0, 6, 0, 8, 0, 8, 0, 0, 0, 0, 0, 10, 0, 9, 0, 0, 7, 0, 0, 8, 6, 6, 0, 8, 8, 0, 0, 8, : 7, 9, 8, 7, 5, 8, 8, 6, 8, 7, 5, 6, 9, 7, 7, 8, 6, 8, 9, 6, 8, 7, 8, 7, 6, 8, 8, 10, 9, 7, 8, 6, 6, 8, 8, 8, 
752: 8, 0, 8, 0, 0, 8, 10, 7, 0, 0, 0, 0, 0, 0, 0, 0, 0, 0, 9, 8, 0, 10, 0, 0, 0, 7, 8, 5, 9, 0, 0, 0, 0, 7, 10, 8, 0, 7, 8, 0, 8, 5, 0, 7, 0, 8, 0, 0, 0, 7, 9, 0, 0, 0, 0, 8, 6, 9, 0, 6, 8, 0, 8, 9, 0, 7, 0, 0, 7, 7, 8, 8, 7, 8, 0, 0, 9, 6, 9, 0, : 8, 8, 8, 10, 7, 9, 8, 10, 7, 8, 5, 9, 7, 10, 8, 7, 8, 8, 5, 7, 8, 7, 9, 8, 6, 9, 6, 8, 8, 9, 7, 7, 7, 8, 8, 7, 8, 9, 6, 9, 
533: 0, 9, 0, 0, 9, 7, 7, 8, 0, 0, 5, 0, 8, 8, 9, 5, 9, 9, 10, 0, 9, 0, 9, 0, 0, 0, 0, 7, 0, 7, 9, 0, 8, 0, 0, 0, 9, 0, 0, 0, 9, 5, 6, 0, 0, 0, 0, 0, 0, 0, 0, 9, 0, 0, 0, 7, 6, 7, 0, 7, 0, 10, 7, 7, 0, 8, 8, 0, 0, 6, 7, 0, 7, 7, 8, 8, 0, 0, 0, 0, : 9, 9, 7, 7, 8, 5, 8, 8, 9, 5, 9, 9, 10, 9, 9, 7, 7, 9, 8, 9, 9, 5, 6, 9, 7, 6, 7, 7, 10, 7, 7, 8, 8, 6, 7, 7, 7, 8, 8, 
339: 0, 6, 0, 0, 6, 0, 0, 7, 7, 0, 0, 7, 0, 0, 0, 0, 0, 10, 0, 6, 10, 7, 7, 0, 0, 6, 8, 0, 6, 10, 7, 0, 0, 8, 9, 0, 0, 8, 7, 8, 0, 0, 0, 0, 0, 7, 0, 0, 6, 0, 0, 7, 0, 0, 7, 0, 0, 9, 7, 7, 8, 7, 0, 0, 0, 0, 0, 0, 0, 8, 6, 0, 0, 8, 8, 7, 7, 9, 9, 0, : 6, 6, 7, 7, 7, 10, 6, 10, 7, 7, 6, 8, 6, 10, 7, 8, 9, 8, 7, 8, 7, 6, 7, 7, 9, 7, 7, 8, 7, 8, 6, 8, 8, 7, 7, 9, 9, 
186: 0, 0, 0, 7, 0, 0, 0, 5, 0, 11, 0, 0, 10, 8, 6, 0, 8, 0, 9, 10, 5, 6, 10, 0, 0, 0, 0, 8, 8, 8, 4, 10, 0, 0, 4, 0, 6, 9, 8, 7, 0, 0, 8, 10, 9, 8, 7, 0, 7, 0, 7, 0, 7, 0, 7, 0, 0, 5, 0, 7, 0, 8, 0, 8, 0, 0, 9, 0, 8, 6, 0, 0, 7, 0, 0, 8, 0, 8, 7, 0, : 7, 5, 11, 10, 8, 6, 8, 9, 10, 5, 6, 10, 8, 8, 8, 4, 10, 4, 6, 9, 8, 7, 8, 10, 9, 8, 7, 7, 7, 7, 7, 5, 7, 8, 8, 9, 8, 6, 7, 8, 8, 7, 
43: 8, 8, 0, 9, 6, 6, 7, 6, 6, 9, 9, 8, 0, 7, 0, 0, 11, 6, 0, 0, 11, 9, 10, 5, 0, 6, 6, 0, 4, 0, 0, 7, 0, 0, 9, 0, 0, 9, 6, 5, 7, 8, 8, 0, 0, 0, 10, 7, 7, 0, 0, 0, 0, 8, 8, 9, 9, 6, 0, 0, 0, 6, 0, 0, 0, 0, 6, 8, 0, 7, 8, 0, 8, 0, 0, 0, 0, 0, 7, 0, : 8, 8, 9, 6, 6, 7, 6, 6, 9, 9, 8, 7, 11, 6, 11, 9, 10, 5, 6, 6, 4, 7, 9, 9, 6, 5, 7, 8, 8, 10, 7, 7, 8, 8, 9, 9, 6, 6, 6, 8, 7, 8, 8, 7, 
358: 6, 0, 0, 0, 7, 0, 0, 0, 0, 0, 6, 0, 8, 7, 0, 0, 0, 0, 0, 0, 0, 0, 0, 0, 0, 4, 7, 6, 10, 9, 0, 5, 0, 0, 9, 0, 0, 0, 7, 8, 7, 8, 0, 0, 8, 0, 8, 5, 6, 0, 0, 0, 8, 6, 6, 0, 10, 9, 5, 0, 7, 0, 0, 0, 7, 0, 0, 8, 8, 0, 7, 7, 7, 0, 9, 7, 0, 8, 0, 6, : 6, 7, 6, 8, 7, 4, 7, 6, 10, 9, 5, 9, 7, 8, 7, 8, 8, 8, 5, 6, 8, 6, 6, 10, 9, 5, 7, 7, 8, 8, 7, 7, 7, 9, 7, 8, 6, 
402: 7, 6, 0, 0, 5, 0, 10, 0, 0, 7, 0, 7, 7, 0, 7, 8, 0, 10, 8, 5, 0, 0, 8, 9, 0, 0, 9, 9, 0, 4, 7, 0, 0, 0, 0, 10, 0, 0, 8, 8, 0, 8, 6, 0, 0, 0, 0, 7, 8, 0, 9, 7, 9, 0, 7, 9, 7, 0, 7, 0, 8, 0, 0, 7, 0, 0, 0, 8, 7, 0, 0, 6, 6, 7, 0, 0, 8, 0, 6, 0, : 7, 6, 5, 10, 7, 7, 7, 7, 8, 10, 8, 5, 8, 9, 9, 9, 4, 7, 10, 8, 8, 8, 6, 7, 8, 9, 7, 9, 7, 9, 7, 7, 8, 7, 8, 7, 6, 6, 7, 8, 6, 
55: 0, 0, 10, 0, 10, 6, 6, 11, 7, 7, 0, 8, 7, 0, 0, 0, 9, 9, 0, 5, 0, 0, 8, 8, 0, 0, 0, 0, 6, 0, 0, 10, 8, 0, 0, 5, 7, 0, 0, 0, 9, 0, 0, 0, 6, 5, 6, 0, 0, 0, 0, 0, 0, 6, 9, 10, 7, 0, 9, 0, 8, 0, 7, 0, 7, 7, 0, 7, 9, 0, 0, 0, 8, 0, 8, 7, 8, 0, 7, 7, : 10, 10, 6, 6, 11, 7, 7, 8, 7, 9, 9, 5, 8, 8, 6, 10, 8, 5, 7, 9, 6, 5, 6, 6, 9, 10, 7, 9, 8, 7, 7, 7, 7, 9, 8, 8, 7, 8, 7, 7, 
59: 7, 0, 7, 9, 0, 6, 9, 7, 5, 0, 6, 8, 0, 0, 0, 9, 9, 6, 0, 8, 0, 0, 0, 8, 4, 8, 0, 0, 7, 0, 10, 8, 9, 6, 7, 7, 0, 7, 5, 7, 9, 0, 8, 0, 8, 8, 0, 5, 0, 7, 6, 7, 9, 0, 0, 0, 6, 8, 6, 8, 8, 7, 8, 0, 7, 7, 0, 0, 0, 8, 0, 8, 8, 8, 7, 0, 8, 0, 0, 8, : 7, 7, 9, 6, 9, 7, 5, 6, 8, 9, 9, 6, 8, 8, 4, 8, 7, 10, 8, 9, 6, 7, 7, 7, 5, 7, 9, 8, 8, 8, 5, 7, 6, 7, 9, 6, 8, 6, 8, 8, 7, 8, 7, 7, 8, 8, 8, 8, 7, 8, 8, 
587: 0, 0, 0, 9, 0, 5, 0, 8, 0, 7, 0, 0, 5, 0, 0, 0, 0, 0, 0, 5, 8, 0, 0, 9, 0, 7, 0, 8, 6, 0, 0, 9, 4, 0, 0, 7, 6, 0, 8, 8, 7, 9, 0, 0, 6, 8, 9, 7, 0, 0, 6, 0, 10, 0, 6, 9, 0, 0, 0, 6, 8, 0, 5, 0, 0, 9, 0, 0, 0, 0, 8, 0, 0, 0, 8, 8, 0, 0, 8, 7, : 9, 5, 8, 7, 5, 5, 8, 9, 7, 8, 6, 9, 4, 7, 6, 8, 8, 7, 9, 6, 8, 9, 7, 6, 10, 6, 9, 6, 8, 5, 9, 8, 8, 8, 8, 7, 
70: 0, 0, 0, 4, 9, 7, 7, 5, 0, 0, 7, 6, 0, 0, 5, 7, 9, 0, 0, 9, 0, 0, 0, 8, 9, 8, 0, 7, 0, 0, 0, 10, 5, 7, 0, 10, 0, 5, 9, 0, 0, 0, 0, 0, 0, 0, 0, 0, 8, 7, 0, 6, 8, 9, 10, 7, 8, 0, 0, 0, 0, 9, 0, 0, 0, 0, 0, 0, 0, 0, 6, 0, 8, 0, 7, 0, 0, 8, 8, 6, : 4, 9, 7, 7, 5, 7, 6, 5, 7, 9, 9, 8, 9, 8, 7, 10, 5, 7, 10, 5, 9, 8, 7, 6, 8, 9, 10, 7, 8, 9, 6, 8, 7, 8, 8, 6, 
401: 8, 9, 0, 7, 6, 0, 5, 8, 0, 6, 0, 7, 9, 0, 10, 0, 0, 0, 7, 0, 8, 9, 7, 6, 8, 0, 0, 9, 5, 7, 4, 0, 9, 0, 7, 9, 8, 0, 0, 0, 0, 0, 0, 9, 0, 0, 0, 5, 8, 6, 0, 6, 8, 9, 7, 7, 0, 0, 0, 10, 0, 7, 8, 9, 0, 9, 8, 0, 0, 7, 0, 0, 0, 0, 9, 0, 0, 0, 0, 8, : 8, 9, 7, 6, 5, 8, 6, 7, 9, 10, 7, 8, 9, 7, 6, 8, 9, 5, 7, 4, 9, 7, 9, 8, 9, 5, 8, 6, 6, 8, 9, 7, 7, 10, 7, 8, 9, 9, 8, 7, 9, 8, 
381: 0, 7, 8, 5, 0, 0, 0, 6, 8, 0, 0, 8, 0, 9, 7, 8, 0, 0, 8, 8, 8, 4, 7, 0, 10, 0, 8, 11, 0, 7, 0, 8, 9, 0, 0, 0, 0, 8, 9, 0, 0, 0, 0, 5, 0, 11, 0, 0, 0, 8, 6, 0, 0, 10, 6, 0, 7, 7, 8, 0, 0, 7, 9, 0, 9, 0, 0, 8, 8, 0, 8, 0, 6, 0, 0, 0, 7, 6, 0, 0, : 7, 8, 5, 6, 8, 8, 9, 7, 8, 8, 8, 8, 4, 7, 10, 8, 11, 7, 8, 9, 8, 9, 5, 11, 8, 6, 10, 6, 7, 7, 8, 7, 9, 9, 8, 8, 8, 6, 7, 6, 
158: 9, 0, 7, 10, 6, 0, 0, 9, 0, 7, 0, 0, 0, 8, 0, 0, 0, 8, 0, 11, 0, 10, 0, 0, 0, 0, 0, 0, 0, 7, 5, 9, 0, 5, 0, 9, 10, 5, 0, 0, 0, 0, 0, 0, 6, 0, 5, 0, 7, 0, 7, 9, 7, 8, 0, 0, 9, 0, 0, 7, 0, 0, 0, 0, 0, 7, 0, 8, 0, 9, 0, 7, 0, 8, 0, 8, 7, 7, 8, 9, : 9, 7, 10, 6, 9, 7, 8, 8, 11, 10, 7, 5, 9, 5, 9, 10, 5, 6, 5, 7, 7, 9, 7, 8, 9, 7, 7, 8, 9, 7, 8, 8, 7, 7, 8, 9, 
536: 7, 0, 0, 0, 0, 0, 10, 0, 0, 8, 9, 5, 0, 9, 0, 6, 0, 7, 6, 9, 0, 8, 4, 0, 0, 6, 0, 0, 7, 7, 4, 7, 6, 0, 0, 7, 9, 9, 0, 0, 0, 9, 0, 7, 8, 5, 8, 0, 0, 0, 0, 7, 0, 7, 7, 0, 7, 0, 8, 8, 10, 10, 0, 7, 0, 0, 8, 0, 8, 0, 8, 8, 0, 0, 0, 8, 0, 8, 0, 0, : 7, 10, 8, 9, 5, 9, 6, 7, 6, 9, 8, 4, 6, 7, 7, 4, 7, 6, 7, 9, 9, 9, 7, 8, 5, 8, 7, 7, 7, 7, 8, 8, 10, 10, 7, 8, 8, 8, 8, 8, 8, 
14: 7, 0, 0, 0, 0, 5, 6, 0, 6, 9, 11, 7, 5, 6, 0, 0, 6, 0, 0, 4, 8, 7, 0, 0, 8, 0, 0, 0, 0, 0, 7, 7, 10, 6, 0, 7, 9, 0, 0, 8, 8, 7, 0, 0, 9, 7, 0, 0, 0, 0, 8, 7, 0, 0, 0, 8, 0, 7, 7, 0, 7, 0, 0, 6, 0, 7, 0, 8, 6, 0, 8, 0, 9, 8, 8, 7, 8, 8, 8, 0, : 7, 5, 6, 6, 9, 11, 7, 5, 6, 6, 4, 8, 7, 8, 7, 7, 10, 6, 7, 9, 8, 8, 7, 9, 7, 8, 7, 8, 7, 7, 7, 6, 7, 8, 6, 8, 9, 8, 8, 7, 8, 8, 8, 
800: 0, 9, 5, 0, 9, 8, 7, 0, 5, 0, 0, 8, 8, 9, 9, 8, 7, 6, 8, 0, 0, 0, 7, 7, 0, 0, 0, 0, 5, 0, 9, 0, 11, 0, 0, 0, 5, 0, 0, 8, 9, 9, 0, 0, 9, 7, 0, 0, 9, 7, 0, 8, 8, 0, 0, 6, 7, 0, 8, 0, 0, 0, 8, 0, 7, 0, 7, 0, 6, 0, 0, 0, 0, 0, 8, 0, 0, 0, 6, 0, : 9, 5, 9, 8, 7, 5, 8, 8, 9, 9, 8, 7, 6, 8, 7, 7, 5, 9, 11, 5, 8, 9, 9, 9, 7, 9, 7, 8, 8, 6, 7, 8, 8, 7, 7, 6, 8, 6, 
142: 8, 8, 7, 10, 0, 6, 8, 10, 10, 0, 8, 0, 0, 0, 7, 8, 8, 5, 0, 6, 0, 7, 0, 0, 0, 9, 0, 0, 0, 0, 11, 0, 8, 9, 0, 0, 0, 0, 0, 9, 0, 0, 10, 6, 7, 6, 0, 0, 0, 0, 0, 0, 8, 7, 9, 0, 8, 0, 0, 0, 0, 8, 0, 7, 6, 0, 6, 7, 0, 8, 7, 7, 0, 7, 8, 9, 0, 0, 0, 7, : 8, 8, 7, 10, 6, 8, 10, 10, 8, 7, 8, 8, 5, 6, 7, 9, 11, 8, 9, 9, 10, 6, 7, 6, 8, 7, 9, 8, 8, 7, 6, 6, 7, 8, 7, 7, 7, 8, 9, 7, 
464: 9, 8, 0, 10, 0, 9, 8, 0, 11, 0, 10, 0, 0, 0, 6, 8, 7, 0, 8, 0, 8, 8, 6, 0, 0, 8, 8, 8, 9, 0, 8, 0, 4, 10, 0, 0, 5, 7, 9, 0, 0, 0, 0, 9, 0, 0, 8, 0, 0, 6, 10, 8, 6, 6, 0, 0, 0, 7, 9, 9, 0, 0, 6, 7, 7, 0, 8, 0, 8, 9, 8, 8, 0, 0, 0, 0, 7, 8, 0, 0, : 9, 8, 10, 9, 8, 11, 10, 6, 8, 7, 8, 8, 8, 6, 8, 8, 8, 9, 8, 4, 10, 5, 7, 9, 9, 8, 6, 10, 8, 6, 6, 7, 9, 9, 6, 7, 7, 8, 8, 9, 8, 8, 7, 8, 
139: 0, 0, 9, 0, 0, 0, 0, 0, 0, 7, 7, 0, 0, 0, 0, 9, 0, 0, 4, 0, 0, 0, 0, 7, 6, 10, 0, 0, 7, 10, 10, 0, 0, 0, 8, 0, 0, 8, 0, 0, 5, 9, 0, 0, 7, 7, 7, 9, 7, 8, 0, 0, 6, 10, 0, 9, 9, 0, 5, 8, 0, 8, 7, 0, 7, 0, 0, 7, 0, 8, 8, 0, 0, 7, 0, 0, 0, 0, 0, 8, : 9, 7, 7, 9, 4, 7, 6, 10, 7, 10, 10, 8, 8, 5, 9, 7, 7, 7, 9, 7, 8, 6, 10, 9, 9, 5, 8, 8, 7, 7, 7, 8, 8, 7, 8, 
2: 0, 0, 8, 0, 0, 9, 7, 6, 11, 5, 7, 8, 6, 0, 8, 0, 6, 0, 8, 0, 7, 7, 0, 4, 0, 0, 0, 6, 0, 0, 0, 0, 8, 10, 0, 0, 8, 0, 0, 0, 0, 7, 5, 0, 0, 8, 8, 10, 9, 8, 0, 9, 9, 6, 9, 0, 0, 0, 0, 0, 6, 8, 9, 5, 9, 0, 9, 0, 8, 7, 0, 0, 8, 9, 0, 6, 0, 0, 7, 0, : 8, 9, 7, 6, 11, 5, 7, 8, 6, 8, 6, 8, 7, 7, 4, 6, 8, 10, 8, 7, 5, 8, 8, 10, 9, 8, 9, 9, 6, 9, 6, 8, 9, 5, 9, 9, 8, 7, 8, 9, 6, 7, 
503: 9, 7, 5, 8, 0, 7, 0, 10, 0, 7, 0, 9, 7, 5, 0, 7, 7, 7, 9, 0, 0, 8, 7, 6, 7, 9, 0, 0, 0, 8, 0, 9, 0, 9, 10, 0, 7, 7, 8, 8, 9, 0, 7, 8, 0, 8, 0, 10, 0, 0, 8, 0, 0, 0, 0, 0, 0, 0, 0, 0, 0, 6, 0, 7, 7, 6, 0, 9, 9, 0, 7, 0, 8, 8, 0, 8, 6, 7, 8, 0, : 9, 7, 5, 8, 7, 10, 7, 9, 7, 5, 7, 7, 7, 9, 8, 7, 6, 7, 9, 8, 9, 9, 10, 7, 7, 8, 8, 9, 7, 8, 8, 10, 8, 6, 7, 7, 6, 9, 9, 7, 8, 8, 8, 6, 7, 8, 
418: 0, 7, 0, 8, 10, 8, 11, 0, 0, 0, 0, 0, 7, 10, 5, 0, 0, 9, 0, 10, 0, 0, 0, 8, 7, 0, 0, 7, 0, 8, 7, 0, 7, 0, 10, 9, 0, 6, 9, 0, 0, 0, 0, 8, 0, 0, 0, 0, 8, 0, 0, 0, 6, 0, 0, 0, 7, 7, 0, 7, 5, 5, 0, 0, 5, 5, 0, 8, 8, 0, 0, 6, 0, 0, 0, 6, 0, 0, 7, 7, : 7, 8, 10, 8, 11, 7, 10, 5, 9, 10, 8, 7, 7, 8, 7, 7, 10, 9, 6, 9, 8, 8, 6, 7, 7, 7, 5, 5, 5, 5, 8, 8, 6, 6, 7, 7, 
648: 9, 8, 0, 6, 7, 0, 0, 0, 0, 7, 0, 0, 9, 0, 0, 8, 6, 0, 0, 8, 5, 0, 0, 0, 7, 0, 0, 4, 0, 7, 0, 7, 0, 9, 0, 5, 0, 0, 6, 0, 7, 9, 0, 7, 8, 0, 5, 8, 5, 6, 8, 0, 0, 0, 0, 0, 0, 0, 8, 9, 0, 0, 0, 9, 7, 6, 5, 5, 0, 8, 0, 0, 0, 7, 6, 0, 8, 0, 0, 8, : 9, 8, 6, 7, 7, 9, 8, 6, 8, 5, 7, 4, 7, 7, 9, 5, 6, 7, 9, 7, 8, 5, 8, 5, 6, 8, 8, 9, 9, 7, 6, 5, 5, 8, 7, 6, 8, 8, 
226: 0, 0, 9, 0, 0, 8, 7, 11, 7, 7, 0, 5, 7, 5, 0, 0, 0, 0, 5, 0, 10, 6, 0, 9, 0, 0, 11, 0, 8, 4, 0, 4, 0, 9, 0, 7, 0, 9, 0, 0, 6, 0, 8, 8, 5, 0, 10, 0, 9, 0, 8, 0, 0, 7, 0, 0, 0, 7, 0, 0, 7, 0, 5, 0, 0, 0, 0, 0, 0, 7, 8, 0, 0, 0, 8, 9, 6, 6, 0, 0, : 9, 8, 7, 11, 7, 7, 5, 7, 5, 5, 10, 6, 9, 11, 8, 4, 4, 9, 7, 9, 6, 8, 8, 5, 10, 9, 8, 7, 7, 7, 5, 7, 8, 8, 9, 6, 6, 
203: 0, 7, 0, 0, 9, 0, 0, 0, 8, 10, 8, 0, 8, 0, 8, 7, 0, 9, 0, 8, 0, 0, 0, 7, 8, 8, 7, 0, 8, 7, 0, 0, 0, 8, 7, 0, 4, 0, 8, 0, 0, 0, 7, 0, 9, 0, 8, 8, 8, 0, 7, 8, 0, 8, 8, 6, 7, 0, 9, 6, 9, 0, 9, 8, 9, 0, 0, 8, 0, 0, 0, 8, 0, 8, 0, 0, 9, 7, 8, 8, : 7, 9, 8, 10, 8, 8, 8, 7, 9, 8, 7, 8, 8, 7, 8, 7, 8, 7, 4, 8, 7, 9, 8, 8, 8, 7, 8, 8, 8, 6, 7, 9, 6, 9, 9, 8, 9, 8, 8, 8, 9, 7, 8, 8, 
95: 7, 0, 6, 7, 0, 0, 0, 0, 7, 0, 7, 0, 0, 0, 8, 8, 0, 0, 8, 0, 0, 0, 0, 0, 0, 4, 7, 0, 11, 0, 9, 7, 7, 0, 7, 4, 0, 7, 0, 6, 5, 7, 9, 6, 8, 0, 8, 9, 0, 9, 8, 10, 0, 6, 0, 0, 9, 0, 7, 0, 0, 0, 7, 0, 0, 6, 8, 6, 8, 0, 9, 8, 0, 0, 0, 8, 0, 0, 6, 0, : 7, 6, 7, 7, 7, 8, 8, 8, 4, 7, 11, 9, 7, 7, 7, 4, 7, 6, 5, 7, 9, 6, 8, 8, 9, 9, 8, 10, 6, 9, 7, 7, 6, 8, 6, 8, 9, 8, 8, 6, 
90: 0, 9, 7, 0, 0, 0, 8, 6, 0, 11, 0, 0, 0, 6, 0, 0, 9, 0, 0, 7, 0, 5, 6, 7, 0, 0, 8, 0, 0, 0, 0, 0, 7, 0, 7, 8, 0, 9, 0, 0, 9, 9, 9, 0, 7, 0, 8, 8, 8, 9, 7, 5, 0, 8, 0, 0, 7, 0, 7, 8, 6, 5, 6, 9, 7, 9, 6, 0, 0, 0, 6, 9, 0, 8, 0, 0, 0, 0, 0, 8, : 9, 7, 8, 6, 11, 6, 9, 7, 5, 6, 7, 8, 7, 7, 8, 9, 9, 9, 9, 7, 8, 8, 8, 9, 7, 5, 8, 7, 7, 8, 6, 5, 6, 9, 7, 9, 6, 6, 9, 8, 8, 
335: 9, 6, 7, 0, 0, 11, 0, 0, 0, 0, 0, 0, 6, 7, 8, 0, 0, 0, 0, 7, 10, 7, 0, 0, 0, 0, 9, 7, 8, 0, 0, 0, 0, 7, 8, 7, 0, 0, 0, 9, 8, 0, 0, 0, 0, 9, 0, 7, 6, 8, 8, 0, 0, 9, 0, 8, 6, 7, 0, 8, 0, 8, 9, 7, 6, 7, 0, 9, 8, 0, 0, 0, 8, 6, 7, 0, 7, 8, 0, 8, : 9, 6, 7, 11, 6, 7, 8, 7, 10, 7, 9, 7, 8, 7, 8, 7, 9, 8, 9, 7, 6, 8, 8, 9, 8, 6, 7, 8, 8, 9, 7, 6, 7, 9, 8, 8, 6, 7, 7, 8, 8, 
393: 0, 7, 7, 8, 0, 0, 0, 0, 8, 0, 0, 9, 0, 0, 8, 0, 8, 0, 9, 0, 8, 0, 10, 0, 7, 10, 8, 0, 0, 0, 0, 7, 0, 0, 9, 9, 8, 0, 7, 6, 0, 8, 9, 0, 0, 0, 8, 0, 8, 7, 0, 8, 0, 0, 0, 6, 0, 0, 0, 0, 8, 5, 6, 0, 9, 8, 9, 0, 0, 0, 0, 8, 9, 0, 0, 7, 8, 7, 0, 7, : 7, 7, 8, 8, 9, 8, 8, 9, 8, 10, 7, 10, 8, 7, 9, 9, 8, 7, 6, 8, 9, 8, 8, 7, 8, 6, 8, 5, 6, 9, 8, 9, 8, 9, 7, 8, 7, 7, 
466: 0, 9, 0, 7, 8, 9, 0, 0, 7, 7, 7, 0, 7, 7, 0, 7, 5, 7, 6, 9, 0, 0, 0, 0, 8, 0, 0, 0, 0, 4, 7, 0, 0, 10, 6, 0, 0, 8, 8, 0, 6, 7, 0, 6, 0, 9, 7, 8, 0, 0, 6, 0, 0, 0, 7, 7, 0, 7, 0, 0, 0, 0, 9, 9, 0, 10, 8, 7, 0, 8, 0, 0, 0, 0, 6, 0, 7, 0, 8, 8, : 9, 7, 8, 9, 7, 7, 7, 7, 7, 7, 5, 7, 6, 9, 8, 4, 7, 10, 6, 8, 8, 6, 7, 6, 9, 7, 8, 6, 7, 7, 7, 9, 9, 10, 8, 7, 8, 6, 7, 8, 8, 
499: 6, 0, 0, 0, 6, 0, 0, 0, 6, 7, 5, 0, 0, 7, 0, 0, 0, 0, 6, 0, 7, 8, 5, 7, 8, 0, 0, 8, 10, 0, 0, 0, 9, 0, 7, 9, 0, 8, 8, 9, 0, 0, 0, 8, 0, 0, 0, 0, 0, 0, 8, 0, 0, 8, 9, 0, 0, 7, 0, 0, 9, 9, 0, 0, 10, 0, 7, 7, 7, 8, 7, 9, 0, 6, 7, 0, 6, 0, 0, 0, : 6, 6, 6, 7, 5, 7, 6, 7, 8, 5, 7, 8, 8, 10, 9, 7, 9, 8, 8, 9, 8, 8, 8, 9, 7, 9, 9, 10, 7, 7, 7, 8, 7, 9, 6, 7, 6, 
798: 8, 0, 8, 0, 9, 10, 0, 0, 8, 0, 8, 0, 0, 0, 9, 0, 5, 6, 0, 0, 5, 0, 8, 0, 4, 0, 8, 0, 0, 7, 7, 4, 8, 0, 0, 0, 0, 0, 0, 0, 8, 7, 5, 7, 0, 9, 7, 0, 0, 8, 0, 0, 8, 0, 10, 8, 0, 0, 0, 0, 7, 0, 0, 7, 9, 7, 8, 8, 6, 0, 7, 7, 7, 0, 7, 0, 8, 8, 0, 9, : 8, 8, 9, 10, 8, 8, 9, 5, 6, 5, 8, 4, 8, 7, 7, 4, 8, 8, 7, 5, 7, 9, 7, 8, 8, 10, 8, 7, 7, 9, 7, 8, 8, 6, 7, 7, 7, 7, 8, 8, 9, 
577: 0, 0, 0, 8, 5, 0, 0, 0, 0, 0, 6, 0, 9, 0, 5, 5, 7, 9, 0, 0, 6, 8, 7, 0, 10, 7, 7, 6, 0, 8, 0, 11, 0, 6, 0, 0, 8, 0, 0, 0, 0, 7, 8, 9, 0, 0, 7, 7, 0, 9, 0, 9, 5, 0, 6, 0, 0, 0, 9, 0, 7, 10, 0, 0, 0, 9, 8, 0, 7, 0, 0, 0, 0, 0, 0, 7, 0, 9, 7, 0, : 8, 5, 6, 9, 5, 5, 7, 9, 6, 8, 7, 10, 7, 7, 6, 8, 11, 6, 8, 7, 8, 9, 7, 7, 9, 9, 5, 6, 9, 7, 10, 9, 8, 7, 7, 9, 7, 
392: 0, 7, 9, 0, 0, 0, 0, 6, 0, 6, 8, 8, 0, 9, 10, 0, 0, 8, 0, 0, 0, 0, 8, 0, 7, 8, 4, 10, 0, 11, 7, 0, 6, 8, 0, 0, 0, 0, 6, 9, 0, 0, 9, 0, 7, 7, 6, 8, 8, 0, 7, 8, 7, 0, 6, 0, 0, 0, 0, 0, 6, 0, 10, 0, 0, 0, 0, 6, 0, 8, 9, 0, 0, 8, 0, 0, 0, 8, 0, 0, : 7, 9, 6, 6, 8, 8, 9, 10, 8, 8, 7, 8, 4, 10, 11, 7, 6, 8, 6, 9, 9, 7, 7, 6, 8, 8, 7, 8, 7, 6, 6, 10, 6, 8, 9, 8, 8, 
193: 0, 0, 0, 0, 8, 0, 0, 0, 11, 0, 9, 6, 9, 7, 0, 8, 0, 4, 0, 0, 8, 0, 8, 10, 9, 10, 7, 8, 0, 0, 10, 4, 0, 4, 0, 7, 10, 0, 0, 0, 6, 6, 8, 6, 0, 7, 0, 6, 8, 0, 0, 6, 7, 0, 0, 6, 0, 9, 7, 5, 8, 0, 0, 7, 0, 0, 0, 0, 0, 8, 0, 7, 8, 0, 6, 0, 0, 7, 0, 6, : 8, 11, 9, 6, 9, 7, 8, 4, 8, 8, 10, 9, 10, 7, 8, 10, 4, 4, 7, 10, 6, 6, 8, 6, 7, 6, 8, 6, 7, 6, 9, 7, 5, 8, 7, 8, 7, 8, 6, 7, 6, 
749: 6, 5, 0, 5, 0, 0, 6, 7, 0, 0, 7, 10, 0, 9, 0, 7, 8, 7, 0, 7, 0, 10, 8, 8, 0, 7, 6, 0, 0, 0, 0, 7, 0, 5, 0, 0, 9, 6, 6, 6, 8, 6, 8, 0, 5, 0, 0, 0, 0, 8, 0, 0, 6, 0, 6, 6, 8, 8, 8, 8, 0, 0, 0, 5, 8, 7, 8, 8, 0, 7, 0, 6, 0, 0, 0, 8, 8, 0, 0, 7, : 6, 5, 5, 6, 7, 7, 10, 9, 7, 8, 7, 7, 10, 8, 8, 7, 6, 7, 5, 9, 6, 6, 6, 8, 6, 8, 5, 8, 6, 6, 6, 8, 8, 8, 8, 5, 8, 7, 8, 8, 7, 6, 8, 8, 7, 
570: 5, 0, 8, 5, 7, 9, 6, 0, 0, 0, 0, 8, 8, 7, 0, 0, 6, 0, 7, 0, 0, 0, 0, 8, 10, 0, 4, 9, 9, 0, 0, 0, 0, 7, 5, 0, 7, 0, 0, 6, 0, 0, 6, 8, 11, 0, 0, 8, 0, 7, 0, 0, 8, 0, 0, 6, 0, 8, 7, 8, 0, 0, 7, 0, 7, 0, 7, 0, 0, 0, 0, 7, 8, 7, 8, 0, 0, 0, 8, 0, : 5, 8, 5, 7, 9, 6, 8, 8, 7, 6, 7, 8, 10, 4, 9, 9, 7, 5, 7, 6, 6, 8, 11, 8, 7, 8, 6, 8, 7, 8, 7, 7, 7, 7, 8, 7, 8, 8, 
652: 0, 8, 6, 0, 8, 6, 5, 0, 7, 5, 0, 0, 0, 0, 7, 11, 0, 0, 8, 0, 4, 0, 0, 0, 6, 8, 10, 7, 0, 10, 0, 0, 7, 0, 5, 6, 7, 8, 0, 6, 0, 0, 0, 8, 0, 6, 0, 8, 0, 7, 0, 6, 0, 6, 0, 0, 0, 8, 9, 8, 0, 7, 0, 0, 0, 0, 7, 0, 7, 6, 0, 8, 7, 9, 7, 6, 0, 7, 8, 0, : 8, 6, 8, 6, 5, 7, 5, 7, 11, 8, 4, 6, 8, 10, 7, 10, 7, 5, 6, 7, 8, 6, 8, 6, 8, 7, 6, 6, 8, 9, 8, 7, 7, 7, 6, 8, 7, 9, 7, 6, 7, 8, 


774: 9, 0, 9, 0, 6, 0, 0, 8, 0, 8, 0, 9, 10, 0, 6, 0, 0, 0, 0, 0, 0, 5, 8, 0, 0, 7, 0, 10, 10, 0, 8, 0, 8, 6, 6, 0, 5, 0, 8, 0, 0, 0, 0, 0, 4, 0, 0, 8, 6, 8, 7, 6, 7, 7, 8, 0, 0, 0, 0, 6, 9, 8, 0, 0, 0, 0, 0, 8, 0, 0, 0, 8, 0, 0, 0, 7, 0, 8, 8, 0, : 9, 9, 6, 8, 8, 9, 10, 6, 5, 8, 7, 10, 10, 8, 8, 6, 6, 5, 8, 4, 8, 6, 8, 7, 6, 7, 7, 8, 6, 9, 8, 8, 8, 7, 8, 8, 
433: 0, 7, 6, 0, 9, 0, 0, 0, 0, 8, 6, 0, 9, 0, 7, 9, 7, 0, 0, 0, 0, 0, 0, 0, 0, 6, 7, 0, 7, 5, 0, 6, 0, 8, 8, 0, 0, 10, 0, 9, 0, 0, 0, 8, 6, 7, 0, 8, 0, 7, 0, 0, 0, 0, 6, 8, 7, 8, 0, 0, 8, 8, 9, 0, 0, 6, 0, 7, 6, 8, 0, 0, 0, 0, 7, 0, 7, 0, 0, 0, : 7, 6, 9, 8, 6, 9, 7, 9, 7, 6, 7, 7, 5, 6, 8, 8, 10, 9, 8, 6, 7, 8, 7, 6, 8, 7, 8, 8, 8, 9, 6, 7, 6, 8, 7, 7, 
60: 9, 0, 0, 8, 8, 0, 10, 6, 0, 0, 7, 0, 0, 0, 0, 0, 9, 9, 0, 7, 0, 8, 8, 0, 0, 0, 8, 0, 9, 8, 0, 0, 7, 10, 5, 10, 0, 0, 5, 7, 0, 11, 4, 0, 8, 9, 0, 7, 6, 0, 0, 9, 8, 7, 8, 7, 7, 0, 7, 0, 0, 0, 0, 9, 7, 9, 0, 8, 0, 7, 7, 9, 8, 7, 0, 0, 5, 0, 7, 8, : 9, 8, 8, 10, 6, 7, 9, 9, 7, 8, 8, 8, 9, 8, 7, 10, 5, 10, 5, 7, 11, 4, 8, 9, 7, 6, 9, 8, 7, 8, 7, 7, 7, 9, 7, 9, 8, 7, 7, 9, 8, 7, 5, 7, 8, 
455: 0, 0, 7, 7, 0, 7, 7, 0, 8, 7, 0, 6, 8, 0, 0, 0, 9, 6, 9, 0, 8, 8, 0, 0, 4, 0, 0, 8, 9, 0, 10, 7, 8, 7, 0, 0, 6, 0, 0, 0, 5, 0, 0, 0, 9, 0, 0, 9, 7, 0, 0, 0, 0, 0, 6, 0, 0, 0, 0, 0, 0, 0, 8, 7, 8, 7, 0, 8, 8, 7, 0, 8, 8, 8, 0, 8, 0, 0, 0, 0, : 7, 7, 7, 7, 8, 7, 6, 8, 9, 6, 9, 8, 8, 4, 8, 9, 10, 7, 8, 7, 6, 5, 9, 9, 7, 6, 8, 7, 8, 7, 8, 8, 7, 8, 8, 8, 8, 
375: 6, 0, 0, 0, 0, 7, 7, 0, 0, 7, 0, 0, 7, 9, 6, 0, 7, 0, 8, 0, 9, 0, 0, 8, 0, 0, 0, 5, 0, 0, 10, 0, 0, 5, 0, 0, 0, 0, 8, 8, 6, 0, 0, 6, 5, 4, 5, 0, 0, 9, 0, 7, 8, 7, 0, 9, 7, 9, 0, 0, 0, 0, 0, 0, 9, 0, 0, 0, 0, 6, 0, 7, 8, 0, 8, 8, 8, 5, 8, 8, : 6, 7, 7, 7, 7, 9, 6, 7, 8, 9, 8, 5, 10, 5, 8, 8, 6, 6, 5, 4, 5, 9, 7, 8, 7, 9, 7, 9, 9, 6, 7, 8, 8, 8, 8, 5, 8, 8, 
268: 9, 7, 8, 0, 6, 0, 5, 0, 0, 0, 0, 10, 8, 8, 0, 0, 8, 8, 0, 8, 0, 0, 0, 0, 7, 0, 0, 0, 0, 9, 0, 9, 0, 0, 5, 11, 0, 0, 0, 0, 8, 0, 0, 4, 9, 7, 0, 7, 9, 0, 8, 6, 0, 6, 0, 0, 0, 6, 0, 7, 0, 8, 8, 0, 0, 5, 8, 9, 8, 9, 8, 0, 5, 8, 0, 8, 8, 0, 8, 0, : 9, 7, 8, 6, 5, 10, 8, 8, 8, 8, 8, 7, 9, 9, 5, 11, 8, 4, 9, 7, 7, 9, 8, 6, 6, 6, 7, 8, 8, 5, 8, 9, 8, 9, 8, 5, 8, 8, 8, 8, 
729: 7, 0, 0, 7, 0, 7, 7, 0, 0, 0, 9, 7, 0, 0, 7, 0, 0, 0, 9, 8, 8, 8, 0, 6, 9, 0, 10, 0, 0, 7, 4, 0, 0, 5, 6, 0, 0, 6, 0, 7, 9, 0, 10, 0, 0, 9, 7, 6, 0, 0, 0, 0, 4, 7, 9, 9, 0, 7, 7, 9, 0, 0, 8, 8, 4, 0, 8, 0, 0, 0, 6, 8, 0, 8, 8, 8, 0, 0, 7, 6, : 7, 7, 7, 7, 9, 7, 7, 9, 8, 8, 8, 6, 9, 10, 7, 4, 5, 6, 6, 7, 9, 10, 9, 7, 6, 4, 7, 9, 9, 7, 7, 9, 8, 8, 4, 8, 6, 8, 8, 8, 8, 7, 6, 
344: 0, 6, 0, 7, 9, 0, 7, 0, 5, 0, 0, 7, 0, 10, 0, 0, 0, 7, 0, 8, 0, 8, 8, 8, 9, 0, 6, 9, 0, 0, 8, 0, 0, 0, 10, 8, 5, 0, 0, 11, 10, 0, 8, 8, 0, 7, 9, 7, 8, 0, 0, 0, 0, 6, 7, 7, 0, 7, 7, 0, 0, 0, 7, 0, 6, 0, 0, 0, 0, 8, 7, 0, 0, 5, 8, 0, 7, 6, 0, 8, : 6, 7, 9, 7, 5, 7, 10, 7, 8, 8, 8, 8, 9, 6, 9, 8, 10, 8, 5, 11, 10, 8, 8, 7, 9, 7, 8, 6, 7, 7, 7, 7, 7, 6, 8, 7, 5, 8, 7, 6, 8, 
238: 8, 6, 8, 0, 0, 8, 7, 7, 8, 7, 7, 6, 0, 6, 6, 7, 4, 7, 4, 0, 5, 0, 9, 0, 5, 6, 0, 6, 0, 0, 0, 7, 0, 7, 10, 6, 10, 5, 8, 4, 0, 9, 6, 0, 9, 6, 5, 6, 8, 0, 0, 7, 8, 0, 6, 5, 0, 6, 0, 0, 0, 9, 0, 0, 0, 7, 0, 0, 7, 6, 0, 0, 0, 0, 9, 0, 7, 6, 8, 7, : 8, 6, 8, 8, 7, 7, 8, 7, 7, 6, 6, 6, 7, 4, 7, 4, 5, 9, 5, 6, 6, 7, 7, 10, 6, 10, 5, 8, 4, 9, 6, 9, 6, 5, 6, 8, 7, 8, 6, 5, 6, 9, 7, 7, 6, 9, 7, 6, 8, 7, 
683: 6, 8, 7, 0, 7, 0, 11, 0, 0, 8, 0, 5, 0, 7, 7, 0, 0, 8, 6, 6, 5, 9, 0, 8, 0, 0, 0, 5, 0, 0, 0, 7, 0, 9, 0, 0, 0, 10, 0, 8, 0, 5, 9, 0, 0, 0, 9, 0, 0, 0, 7, 9, 0, 0, 0, 7, 7, 7, 0, 0, 6, 7, 7, 0, 8, 0, 0, 5, 0, 0, 0, 0, 0, 0, 0, 6, 0, 0, 0, 6, : 6, 8, 7, 7, 11, 8, 5, 7, 7, 8, 6, 6, 5, 9, 8, 5, 7, 9, 10, 8, 5, 9, 9, 7, 9, 7, 7, 7, 6, 7, 7, 8, 5, 6, 6, 
66: 0, 8, 0, 6, 0, 6, 9, 0, 7, 8, 0, 0, 0, 0, 6, 0, 9, 8, 8, 8, 0, 0, 0, 7, 0, 9, 0, 0, 0, 0, 5, 10, 0, 5, 9, 0, 0, 6, 0, 0, 10, 10, 4, 9, 8, 9, 6, 8, 0, 9, 7, 0, 6, 0, 0, 0, 0, 0, 0, 0, 7, 5, 0, 0, 0, 0, 7, 0, 6, 0, 0, 0, 9, 8, 8, 8, 0, 0, 0, 8, : 8, 6, 6, 9, 7, 8, 6, 9, 8, 8, 8, 7, 9, 5, 10, 5, 9, 6, 10, 10, 4, 9, 8, 9, 6, 8, 9, 7, 6, 7, 5, 7, 6, 9, 8, 8, 8, 8, 
428: 5, 7, 0, 8, 0, 8, 0, 8, 7, 9, 6, 0, 0, 7, 0, 0, 0, 0, 0, 0, 0, 6, 5, 7, 7, 0, 7, 7, 0, 4, 7, 0, 0, 7, 7, 0, 0, 7, 0, 5, 5, 0, 5, 0, 8, 8, 0, 7, 9, 7, 0, 7, 9, 0, 0, 8, 0, 0, 0, 6, 7, 8, 0, 0, 0, 9, 7, 0, 0, 0, 7, 8, 0, 6, 8, 8, 6, 8, 0, 0, : 5, 7, 8, 8, 8, 7, 9, 6, 7, 6, 5, 7, 7, 7, 7, 4, 7, 7, 7, 7, 5, 5, 5, 8, 8, 7, 9, 7, 7, 9, 8, 6, 7, 8, 9, 7, 7, 8, 6, 8, 8, 6, 8, 
779: 0, 9, 0, 0, 0, 0, 0, 7, 8, 0, 10, 7, 6, 0, 7, 0, 9, 9, 0, 9, 0, 8, 0, 7, 10, 5, 0, 7, 0, 6, 9, 9, 5, 7, 9, 0, 7, 7, 0, 0, 9, 0, 10, 0, 0, 6, 0, 0, 7, 7, 9, 10, 8, 9, 8, 0, 0, 0, 0, 0, 0, 8, 8, 8, 7, 8, 8, 0, 9, 0, 0, 8, 0, 0, 8, 6, 6, 0, 5, 0, : 9, 7, 8, 10, 7, 6, 7, 9, 9, 9, 8, 7, 10, 5, 7, 6, 9, 9, 5, 7, 9, 7, 7, 9, 10, 6, 7, 7, 9, 10, 8, 9, 8, 8, 8, 8, 7, 8, 8, 9, 8, 8, 6, 6, 5, 
48: 0, 0, 7, 9, 9, 5, 5, 0, 8, 7, 0, 6, 0, 0, 7, 5, 0, 9, 0, 9, 0, 0, 6, 0, 0, 8, 10, 9, 7, 7, 5, 0, 0, 7, 0, 9, 8, 0, 0, 0, 8, 4, 7, 7, 0, 9, 7, 8, 6, 4, 10, 0, 6, 0, 0, 9, 0, 8, 7, 0, 0, 10, 6, 0, 5, 6, 9, 0, 0, 5, 0, 0, 8, 0, 0, 0, 9, 0, 8, 0, : 7, 9, 9, 5, 5, 8, 7, 6, 7, 5, 9, 9, 6, 8, 10, 9, 7, 7, 5, 7, 9, 8, 8, 4, 7, 7, 9, 7, 8, 6, 4, 10, 6, 9, 8, 7, 10, 6, 5, 6, 9, 5, 8, 9, 8, 
347: 9, 0, 9, 9, 10, 10, 0, 8, 0, 9, 0, 9, 5, 10, 0, 7, 0, 9, 0, 4, 0, 8, 0, 0, 7, 8, 0, 6, 7, 0, 0, 7, 9, 9, 6, 0, 0, 0, 0, 0, 0, 9, 6, 0, 9, 8, 0, 0, 8, 8, 0, 0, 9, 8, 0, 5, 5, 0, 7, 7, 0, 0, 8, 9, 0, 0, 0, 0, 0, 8, 0, 0, 0, 8, 6, 0, 8, 0, 0, 8, : 9, 9, 9, 10, 10, 8, 9, 9, 5, 10, 7, 9, 4, 8, 7, 8, 6, 7, 7, 9, 9, 6, 9, 6, 9, 8, 8, 8, 9, 8, 5, 5, 7, 7, 8, 9, 8, 8, 6, 8, 8, 
750: 0, 0, 0, 6, 0, 10, 0, 0, 0, 0, 0, 6, 0, 0, 5, 8, 0, 0, 0, 0, 6, 7, 9, 7, 9, 0, 0, 0, 0, 7, 0, 0, 8, 0, 0, 0, 5, 7, 7, 6, 7, 7, 5, 0, 10, 0, 0, 5, 0, 6, 7, 8, 0, 7, 0, 7, 0, 8, 0, 7, 0, 0, 0, 0, 0, 5, 0, 0, 7, 8, 0, 9, 0, 0, 0, 8, 0, 0, 9, 0, : 6, 10, 6, 5, 8, 6, 7, 9, 7, 9, 7, 8, 5, 7, 7, 6, 7, 7, 5, 10, 5, 6, 7, 8, 7, 7, 8, 7, 5, 7, 8, 9, 8, 9, 
572: 0, 0, 0, 9, 7, 0, 0, 0, 5, 6, 0, 7, 0, 8, 7, 6, 8, 0, 0, 0, 0, 0, 0, 0, 10, 0, 9, 8, 0, 6, 0, 0, 8, 0, 9, 5, 7, 10, 0, 10, 0, 0, 9, 0, 5, 0, 8, 0, 0, 8, 0, 0, 0, 9, 8, 0, 6, 7, 9, 0, 8, 0, 0, 0, 0, 8, 6, 0, 7, 8, 8, 7, 8, 0, 0, 0, 8, 6, 0, 0, : 9, 7, 5, 6, 7, 8, 7, 6, 8, 10, 9, 8, 6, 8, 9, 5, 7, 10, 10, 9, 5, 8, 8, 9, 8, 6, 7, 9, 8, 8, 6, 7, 8, 8, 7, 8, 8, 6, 
554: 0, 8, 0, 0, 6, 0, 0, 8, 8, 0, 6, 10, 0, 7, 10, 0, 9, 0, 0, 0, 8, 0, 0, 7, 0, 8, 7, 0, 7, 11, 0, 4, 8, 0, 0, 6, 7, 5, 10, 0, 0, 9, 10, 0, 0, 0, 9, 0, 0, 6, 0, 0, 0, 7, 7, 0, 0, 7, 0, 0, 6, 8, 0, 0, 8, 0, 9, 0, 7, 0, 7, 0, 0, 9, 5, 0, 9, 0, 0, 0, : 8, 6, 8, 8, 6, 10, 7, 10, 9, 8, 7, 8, 7, 7, 11, 4, 8, 6, 7, 5, 10, 9, 10, 9, 6, 7, 7, 7, 6, 8, 8, 9, 7, 7, 9, 5, 9, 
535: 0, 0, 6, 6, 0, 0, 7, 7, 7, 8, 0, 8, 0, 0, 0, 8, 0, 0, 7, 9, 0, 0, 6, 0, 0, 7, 0, 0, 7, 0, 0, 0, 5, 10, 9, 9, 10, 8, 6, 0, 10, 0, 10, 8, 6, 0, 8, 0, 7, 0, 6, 0, 7, 0, 0, 0, 7, 5, 9, 9, 10, 10, 0, 0, 8, 8, 9, 8, 0, 0, 9, 0, 0, 6, 0, 6, 0, 8, 0, 0, : 6, 6, 7, 7, 7, 8, 8, 8, 7, 9, 6, 7, 7, 5, 10, 9, 9, 10, 8, 6, 10, 10, 8, 6, 8, 7, 6, 7, 7, 5, 9, 9, 10, 10, 8, 8, 9, 8, 9, 6, 6, 8, 
757: 8, 9, 9, 0, 0, 9, 8, 6, 6, 8, 0, 0, 7, 7, 9, 10, 9, 7, 8, 0, 7, 9, 8, 8, 6, 0, 0, 0, 0, 0, 0, 0, 0, 0, 11, 9, 8, 8, 0, 11, 0, 4, 7, 0, 10, 8, 9, 8, 8, 10, 4, 8, 9, 0, 10, 0, 0, 0, 6, 7, 7, 6, 4, 0, 0, 9, 0, 6, 8, 8, 9, 0, 0, 8, 8, 8, 0, 8, 7, 0, : 8, 9, 9, 9, 8, 6, 6, 8, 7, 7, 9, 10, 9, 7, 8, 7, 9, 8, 8, 6, 11, 9, 8, 8, 11, 4, 7, 10, 8, 9, 8, 8, 10, 4, 8, 9, 10, 6, 7, 7, 6, 4, 9, 6, 8, 8, 9, 8, 8, 8, 8, 7, 
232: 8, 9, 6, 8, 7, 7, 6, 0, 6, 8, 0, 0, 8, 0, 0, 8, 6, 0, 8, 6, 0, 0, 6, 7, 0, 10, 0, 0, 6, 7, 6, 5, 0, 6, 0, 6, 0, 0, 6, 10, 7, 0, 8, 10, 0, 8, 0, 8, 8, 6, 0, 0, 7, 8, 6, 0, 8, 8, 0, 0, 8, 0, 0, 7, 0, 0, 8, 8, 0, 0, 8, 0, 6, 0, 6, 9, 7, 0, 8, 0, : 8, 9, 6, 8, 7, 7, 6, 6, 8, 8, 8, 6, 8, 6, 6, 7, 10, 6, 7, 6, 5, 6, 6, 6, 10, 7, 8, 10, 8, 8, 8, 6, 7, 8, 6, 8, 8, 8, 7, 8, 8, 8, 6, 6, 9, 7, 8, 
520: 0, 0, 8, 4, 0, 0, 0, 0, 0, 7, 0, 5, 0, 0, 0, 0, 0, 0, 0, 9, 11, 8, 5, 0, 0, 9, 8, 10, 11, 0, 6, 0, 0, 0, 0, 0, 0, 7, 0, 0, 0, 7, 0, 0, 0, 0, 8, 10, 0, 10, 6, 0, 0, 0, 9, 0, 9, 8, 0, 8, 0, 4, 8, 0, 6, 0, 0, 0, 0, 0, 8, 8, 8, 7, 0, 9, 0, 0, 8, 7, : 8, 4, 7, 5, 9, 11, 8, 5, 9, 8, 10, 11, 6, 7, 7, 8, 10, 10, 6, 9, 9, 8, 8, 4, 8, 6, 8, 8, 8, 7, 9, 8, 7, 
417: 0, 0, 0, 0, 0, 0, 0, 10, 9, 0, 0, 10, 10, 9, 0, 5, 7, 0, 0, 0, 0, 7, 0, 0, 0, 0, 0, 8, 0, 0, 7, 9, 0, 0, 0, 9, 7, 7, 11, 0, 5, 10, 8, 0, 0, 9, 8, 0, 0, 0, 8, 7, 0, 10, 7, 0, 8, 0, 9, 0, 4, 8, 5, 5, 0, 8, 9, 8, 0, 0, 0, 6, 0, 0, 0, 0, 8, 9, 0, 5, : 10, 9, 10, 10, 9, 5, 7, 7, 8, 7, 9, 9, 7, 7, 11, 5, 10, 8, 9, 8, 8, 7, 10, 7, 8, 9, 4, 8, 5, 5, 8, 9, 8, 6, 8, 9, 5, 
262: 0, 0, 8, 0, 7, 0, 7, 7, 0, 9, 7, 0, 0, 6, 10, 0, 0, 8, 8, 9, 7, 0, 7, 9, 8, 9, 8, 0, 6, 0, 0, 0, 0, 11, 0, 0, 7, 0, 8, 0, 0, 0, 0, 7, 7, 8, 0, 8, 8, 0, 6, 4, 0, 0, 0, 8, 0, 8, 0, 0, 7, 0, 8, 7, 6, 0, 0, 0, 8, 0, 9, 0, 8, 0, 0, 0, 0, 9, 0, 9, : 8, 7, 7, 7, 9, 7, 6, 10, 8, 8, 9, 7, 7, 9, 8, 9, 8, 6, 11, 7, 8, 7, 7, 8, 8, 8, 6, 4, 8, 8, 7, 8, 7, 6, 8, 9, 8, 9, 9, 
591: 7, 0, 0, 8, 8, 5, 0, 8, 0, 6, 8, 0, 7, 8, 0, 0, 6, 5, 8, 0, 8, 0, 0, 0, 9, 0, 0, 0, 8, 0, 0, 7, 8, 0, 0, 7, 7, 0, 6, 5, 4, 6, 0, 0, 0, 0, 6, 6, 6, 0, 8, 0, 7, 0, 8, 7, 7, 0, 8, 0, 9, 0, 8, 7, 0, 7, 0, 0, 0, 8, 8, 5, 6, 0, 0, 0, 0, 0, 0, 0, : 7, 8, 8, 5, 8, 6, 8, 7, 8, 6, 5, 8, 8, 9, 8, 7, 8, 7, 7, 6, 5, 4, 6, 6, 6, 6, 8, 7, 8, 7, 7, 8, 9, 8, 7, 7, 8, 8, 5, 6, 
516: 0, 7, 0, 0, 0, 0, 0, 0, 0, 0, 0, 6, 0, 0, 6, 9, 0, 8, 0, 6, 8, 0, 0, 0, 0, 7, 10, 0, 0, 0, 0, 0, 5, 8, 0, 8, 10, 0, 0, 9, 0, 8, 0, 5, 0, 0, 0, 0, 0, 7, 9, 0, 6, 7, 0, 0, 8, 7, 8, 7, 0, 0, 0, 8, 8, 0, 0, 9, 6, 8, 0, 0, 9, 8, 7, 7, 8, 8, 9, 0, : 7, 6, 6, 9, 8, 6, 8, 7, 10, 5, 8, 8, 10, 9, 8, 5, 7, 9, 6, 7, 8, 7, 8, 7, 8, 8, 9, 6, 8, 9, 8, 7, 7, 8, 8, 9, 
303: 0, 9, 0, 9, 4, 7, 0, 0, 8, 0, 9, 0, 7, 0, 0, 0, 0, 0, 6, 9, 9, 11, 8, 6, 6, 7, 0, 7, 7, 8, 6, 9, 7, 0, 0, 5, 0, 0, 0, 0, 0, 0, 9, 7, 0, 7, 0, 0, 5, 7, 7, 10, 6, 0, 0, 9, 0, 10, 0, 7, 0, 0, 0, 6, 0, 0, 0, 9, 8, 0, 0, 8, 7, 0, 8, 0, 9, 0, 8, 8, : 9, 9, 4, 7, 8, 9, 7, 6, 9, 9, 11, 8, 6, 6, 7, 7, 7, 8, 6, 9, 7, 5, 9, 7, 7, 5, 7, 7, 10, 6, 9, 10, 7, 6, 9, 8, 8, 7, 8, 9, 8, 8, 
180: 0, 5, 0, 0, 8, 7, 7, 8, 6, 0, 0, 10, 6, 0, 0, 0, 0, 6, 0, 7, 0, 6, 0, 0, 0, 0, 5, 5, 11, 10, 0, 6, 0, 8, 0, 6, 0, 9, 5, 0, 8, 9, 0, 8, 0, 0, 8, 0, 8, 9, 0, 0, 0, 0, 0, 0, 7, 0, 6, 7, 0, 0, 0, 11, 9, 0, 5, 8, 9, 0, 0, 0, 0, 0, 0, 0, 8, 7, 0, 6, : 5, 8, 7, 7, 8, 6, 10, 6, 6, 7, 6, 5, 5, 11, 10, 6, 8, 6, 9, 5, 8, 9, 8, 8, 8, 9, 7, 6, 7, 11, 9, 5, 8, 9, 8, 7, 6, 
468: 9, 0, 5, 0, 9, 0, 0, 0, 0, 0, 6, 0, 0, 6, 0, 6, 0, 0, 6, 9, 7, 5, 8, 10, 8, 0, 0, 0, 0, 5, 0, 11, 0, 8, 0, 0, 9, 0, 7, 0, 5, 8, 0, 0, 0, 0, 0, 0, 0, 0, 9, 6, 0, 0, 0, 0, 8, 0, 7, 9, 0, 7, 0, 8, 0, 9, 8, 6, 0, 7, 8, 7, 0, 0, 0, 5, 0, 7, 0, 0, : 9, 5, 9, 6, 6, 6, 6, 9, 7, 5, 8, 10, 8, 5, 11, 8, 9, 7, 5, 8, 9, 6, 8, 7, 9, 7, 8, 9, 8, 6, 7, 8, 7, 5, 7, 
678: 8, 8, 8, 0, 10, 0, 0, 0, 0, 0, 6, 0, 0, 9, 10, 0, 8, 11, 10, 5, 5, 0, 0, 7, 7, 0, 7, 10, 0, 0, 9, 0, 0, 0, 0, 9, 9, 8, 0, 8, 0, 8, 0, 8, 0, 0, 0, 7, 10, 0, 0, 8, 0, 0, 10, 0, 10, 0, 7, 5, 7, 0, 5, 9, 0, 7, 7, 0, 0, 8, 0, 6, 0, 6, 0, 0, 0, 8, 6, 0, : 8, 8, 8, 10, 6, 9, 10, 8, 11, 10, 5, 5, 7, 7, 7, 10, 9, 9, 9, 8, 8, 8, 8, 7, 10, 8, 10, 10, 7, 5, 7, 5, 9, 7, 7, 8, 6, 6, 8, 6, 
745: 6, 9, 7, 8, 7, 0, 0, 0, 0, 8, 0, 0, 10, 0, 7, 8, 0, 7, 0, 0, 0, 8, 0, 10, 7, 7, 0, 0, 0, 7, 10, 8, 11, 0, 8, 9, 0, 0, 8, 0, 7, 0, 0, 0, 8, 5, 9, 0, 0, 0, 0, 6, 0, 7, 0, 9, 6, 0, 0, 0, 10, 8, 0, 6, 0, 0, 8, 7, 0, 0, 8, 0, 6, 7, 9, 0, 0, 0, 0, 9, : 6, 9, 7, 8, 7, 8, 10, 7, 8, 7, 8, 10, 7, 7, 7, 10, 8, 11, 8, 9, 8, 7, 8, 5, 9, 6, 7, 9, 6, 10, 8, 6, 8, 7, 8, 6, 7, 9, 9, 
568: 0, 8, 9, 0, 6, 9, 9, 8, 0, 6, 10, 0, 5, 7, 0, 0, 5, 4, 9, 0, 8, 0, 11, 6, 7, 10, 6, 7, 0, 8, 7, 0, 0, 0, 0, 7, 0, 10, 0, 5, 0, 5, 7, 0, 0, 0, 0, 0, 0, 7, 0, 8, 10, 4, 7, 0, 0, 9, 0, 9, 0, 7, 9, 0, 0, 0, 8, 0, 8, 0, 6, 9, 0, 8, 0, 0, 6, 7, 7, 0, : 8, 9, 6, 9, 9, 8, 6, 10, 5, 7, 5, 4, 9, 8, 11, 6, 7, 10, 6, 7, 8, 7, 7, 10, 5, 5, 7, 7, 8, 10, 4, 7, 9, 9, 7, 9, 8, 8, 6, 9, 8, 6, 7, 7, 
589: 0, 6, 6, 0, 0, 8, 0, 9, 0, 0, 9, 0, 6, 0, 0, 7, 0, 6, 8, 0, 0, 0, 9, 9, 0, 7, 0, 7, 6, 9, 0, 9, 6, 0, 5, 6, 10, 7, 7, 0, 11, 0, 8, 8, 0, 0, 0, 0, 0, 0, 10, 10, 10, 0, 0, 0, 8, 0, 9, 9, 9, 9, 11, 0, 0, 0, 0, 6, 0, 9, 6, 8, 7, 9, 7, 0, 0, 8, 0, 9, : 6, 6, 8, 9, 9, 6, 7, 6, 8, 9, 9, 7, 7, 6, 9, 9, 6, 5, 6, 10, 7, 7, 11, 8, 8, 10, 10, 10, 8, 9, 9, 9, 9, 11, 6, 9, 6, 8, 7, 9, 7, 8, 9, 
799: 6, 8, 0, 9, 0, 7, 6, 10, 8, 0, 8, 8, 7, 10, 0, 6, 10, 0, 0, 0, 7, 0, 9, 0, 0, 0, 0, 0, 0, 9, 0, 0, 7, 0, 0, 0, 0, 0, 10, 0, 0, 8, 0, 10, 6, 0, 7, 0, 8, 0, 0, 8, 7, 7, 7, 8, 0, 0, 0, 0, 0, 6, 0, 8, 8, 10, 5, 7, 5, 0, 0, 0, 9, 8, 0, 0, 0, 8, 8, 8, : 6, 8, 9, 7, 6, 10, 8, 8, 8, 7, 10, 6, 10, 7, 9, 9, 7, 10, 8, 10, 6, 7, 8, 8, 7, 7, 7, 8, 6, 8, 8, 10, 5, 7, 5, 9, 8, 8, 8, 8, 
200: 8, 0, 8, 6, 0, 0, 8, 6, 8, 0, 9, 0, 0, 0, 9, 10, 6, 0, 7, 0, 0, 7, 0, 5, 7, 9, 9, 7, 8, 0, 7, 7, 10, 0, 5, 0, 5, 0, 9, 6, 8, 9, 0, 0, 9, 7, 0, 8, 0, 7, 7, 0, 0, 10, 0, 7, 0, 8, 5, 7, 6, 0, 7, 0, 0, 6, 0, 0, 0, 0, 0, 0, 7, 0, 8, 7, 8, 0, 0, 7, : 8, 8, 6, 8, 6, 8, 9, 9, 10, 6, 7, 7, 5, 7, 9, 9, 7, 8, 7, 7, 10, 5, 5, 9, 6, 8, 9, 9, 7, 8, 7, 7, 10, 7, 8, 5, 7, 6, 7, 6, 7, 8, 7, 8, 7, 
362: 0, 0, 0, 7, 0, 11, 0, 8, 0, 0, 7, 0, 6, 5, 10, 0, 7, 0, 7, 0, 0, 6, 6, 0, 0, 7, 9, 0, 5, 0, 8, 0, 7, 0, 0, 0, 0, 8, 4, 0, 0, 0, 0, 5, 6, 0, 0, 9, 8, 0, 6, 0, 8, 0, 9, 0, 0, 0, 8, 0, 5, 0, 8, 8, 10, 0, 0, 0, 0, 7, 0, 6, 0, 0, 6, 0, 0, 0, 6, 7, : 7, 11, 8, 7, 6, 5, 10, 7, 7, 6, 6, 7, 9, 5, 8, 7, 8, 4, 5, 6, 9, 8, 6, 8, 9, 8, 5, 8, 8, 10, 7, 6, 6, 6, 7, 
625: 7, 0, 0, 0, 0, 0, 9, 6, 9, 0, 9, 0, 0, 0, 0, 10, 0, 0, 9, 0, 10, 0, 7, 0, 8, 4, 5, 0, 9, 7, 8, 7, 10, 7, 7, 0, 0, 0, 0, 8, 0, 0, 0, 9, 0, 0, 7, 0, 0, 0, 9, 0, 0, 0, 4, 7, 8, 0, 0, 0, 8, 0, 0, 7, 8, 0, 8, 8, 8, 0, 5, 8, 0, 9, 9, 0, 0, 8, 0, 0, : 7, 9, 6, 9, 9, 10, 9, 10, 7, 8, 4, 5, 9, 7, 8, 7, 10, 7, 7, 8, 9, 7, 9, 4, 7, 8, 8, 7, 8, 8, 8, 8, 5, 8, 9, 9, 8, 
489: 7, 6, 0, 0, 0, 5, 0, 0, 0, 0, 0, 0, 9, 6, 0, 8, 0, 8, 0, 7, 8, 0, 0, 0, 0, 0, 7, 0, 4, 10, 10, 0, 0, 0, 7, 5, 0, 0, 10, 0, 0, 0, 0, 6, 0, 9, 8, 0, 0, 8, 0, 0, 0, 0, 0, 7, 9, 0, 6, 6, 0, 0, 0, 0, 8, 8, 7, 7, 8, 9, 8, 0, 8, 0, 0, 9, 8, 9, 9, 8, : 7, 6, 5, 9, 6, 8, 8, 7, 8, 7, 4, 10, 10, 7, 5, 10, 6, 9, 8, 8, 7, 9, 6, 6, 8, 8, 7, 7, 8, 9, 8, 8, 9, 8, 9, 9, 8, 
675: 0, 0, 0, 0, 7, 7, 0, 5, 10, 0, 6, 8, 0, 5, 8, 7, 7, 0, 0, 0, 6, 0, 7, 8, 0, 0, 5, 9, 6, 0, 0, 0, 6, 0, 0, 0, 0, 5, 7, 5, 8, 4, 0, 7, 8, 0, 7, 0, 0, 0, 0, 0, 0, 9, 0, 7, 0, 0, 11, 7, 0, 6, 8, 8, 10, 0, 6, 0, 8, 0, 8, 0, 8, 0, 7, 8, 0, 0, 6, 0, : 7, 7, 5, 10, 6, 8, 5, 8, 7, 7, 6, 7, 8, 5, 9, 6, 6, 5, 7, 5, 8, 4, 7, 8, 7, 9, 7, 11, 7, 6, 8, 8, 10, 6, 8, 8, 8, 7, 8, 6, 
300: 8, 0, 9, 9, 0, 0, 8, 0, 9, 6, 5, 0, 9, 0, 0, 6, 0, 0, 5, 7, 0, 8, 0, 0, 0, 0, 7, 0, 0, 0, 0, 6, 7, 0, 8, 0, 8, 0, 0, 8, 0, 0, 0, 10, 0, 0, 0, 0, 0, 0, 0, 6, 0, 8, 0, 0, 8, 7, 7, 11, 9, 0, 0, 4, 7, 8, 0, 8, 9, 6, 0, 7, 7, 7, 0, 7, 0, 7, 0, 8, : 8, 9, 9, 8, 9, 6, 5, 9, 6, 5, 7, 8, 7, 6, 7, 8, 8, 8, 10, 6, 8, 8, 7, 7, 11, 9, 4, 7, 8, 8, 9, 6, 7, 7, 7, 7, 7, 8, 


653: 0, 8, 0, 4, 8, 0, 0, 0, 5, 5, 0, 0, 0, 9, 5, 6, 0, 6, 8, 0, 8, 9, 10, 9, 0, 0, 9, 0, 0, 0, 7, 0, 8, 6, 8, 9, 0, 0, 0, 0, 0, 7, 9, 7, 0, 0, 9, 0, 9, 5, 0, 0, 0, 9, 0, 8, 0, 9, 7, 0, 9, 8, 4, 9, 10, 7, 0, 0, 7, 0, 0, 8, 7, 8, 0, 0, 7, 7, 0, 7, : 8, 4, 8, 5, 5, 9, 5, 6, 6, 8, 8, 9, 10, 9, 9, 7, 8, 6, 8, 9, 7, 9, 7, 9, 9, 5, 9, 8, 9, 7, 9, 8, 4, 9, 10, 7, 7, 8, 7, 8, 7, 7, 7, 
754: 7, 9, 0, 0, 6, 8, 0, 7, 0, 0, 9, 8, 0, 5, 0, 0, 6, 7, 8, 9, 11, 0, 0, 9, 0, 0, 6, 0, 0, 6, 8, 0, 0, 0, 8, 0, 0, 0, 0, 0, 10, 7, 9, 0, 10, 0, 5, 6, 0, 9, 0, 0, 10, 7, 0, 0, 8, 0, 7, 0, 0, 0, 0, 0, 0, 0, 0, 0, 0, 0, 0, 8, 7, 8, 7, 0, 0, 7, 9, 7, : 7, 9, 6, 8, 7, 9, 8, 5, 6, 7, 8, 9, 11, 9, 6, 6, 8, 8, 10, 7, 9, 10, 5, 6, 9, 10, 7, 8, 7, 8, 7, 8, 7, 7, 9, 7, 
508: 8, 0, 0, 7, 0, 0, 0, 8, 7, 0, 0, 0, 0, 6, 0, 0, 0, 0, 8, 0, 0, 6, 0, 0, 9, 0, 0, 0, 0, 0, 0, 0, 7, 9, 9, 10, 0, 11, 8, 0, 6, 0, 0, 0, 0, 10, 0, 0, 0, 0, 5, 0, 7, 0, 0, 7, 0, 0, 0, 0, 4, 0, 7, 7, 8, 0, 5, 8, 0, 0, 8, 0, 8, 0, 7, 0, 7, 7, 0, 0, : 8, 7, 8, 7, 6, 8, 6, 9, 7, 9, 9, 10, 11, 8, 6, 10, 5, 7, 7, 4, 7, 7, 8, 5, 8, 8, 8, 7, 7, 7, 
179: 0, 7, 0, 8, 0, 9, 0, 0, 0, 7, 4, 7, 7, 0, 0, 0, 0, 0, 0, 0, 0, 9, 5, 10, 9, 0, 0, 0, 6, 0, 9, 0, 0, 9, 0, 0, 8, 0, 0, 0, 0, 0, 8, 7, 6, 7, 0, 0, 5, 7, 8, 0, 5, 0, 0, 0, 0, 8, 0, 0, 9, 0, 0, 8, 8, 0, 0, 8, 0, 6, 0, 7, 8, 8, 0, 0, 9, 0, 0, 0, : 7, 8, 9, 7, 4, 7, 7, 9, 5, 10, 9, 6, 9, 9, 8, 8, 7, 6, 7, 5, 7, 8, 5, 8, 9, 8, 8, 8, 6, 7, 8, 8, 9, 
261: 8, 8, 7, 6, 9, 0, 0, 6, 0, 7, 7, 7, 6, 0, 9, 0, 0, 0, 0, 9, 9, 0, 0, 0, 0, 7, 0, 7, 4, 0, 0, 7, 0, 0, 0, 8, 6, 0, 5, 0, 0, 0, 0, 7, 10, 7, 8, 7, 5, 8, 8, 0, 9, 6, 4, 0, 7, 6, 7, 7, 6, 7, 9, 0, 0, 7, 7, 0, 0, 8, 9, 8, 7, 0, 9, 0, 6, 8, 7, 0, : 8, 8, 7, 6, 9, 6, 7, 7, 7, 6, 9, 9, 9, 7, 7, 4, 7, 8, 6, 5, 7, 10, 7, 8, 7, 5, 8, 8, 9, 6, 4, 7, 6, 7, 7, 6, 7, 9, 7, 7, 8, 9, 8, 7, 9, 6, 8, 7, 
208: 0, 5, 8, 8, 7, 6, 10, 9, 8, 0, 0, 11, 9, 0, 6, 0, 4, 7, 0, 5, 0, 0, 8, 0, 0, 0, 0, 7, 0, 0, 9, 7, 0, 0, 0, 8, 7, 7, 0, 0, 0, 7, 8, 8, 0, 7, 0, 0, 0, 0, 6, 10, 6, 0, 0, 0, 0, 7, 7, 9, 9, 0, 7, 11, 0, 0, 0, 0, 0, 0, 6, 7, 6, 0, 7, 0, 0, 8, 8, 0, : 5, 8, 8, 7, 6, 10, 9, 8, 11, 9, 6, 4, 7, 5, 8, 7, 9, 7, 8, 7, 7, 7, 8, 8, 7, 6, 10, 6, 7, 7, 9, 9, 7, 11, 6, 7, 6, 7, 8, 8, 
459: 0, 0, 0, 7, 0, 8, 4, 4, 0, 4, 0, 4, 6, 8, 10, 8, 0, 4, 7, 7, 8, 6, 7, 0, 6, 7, 0, 0, 7, 10, 0, 0, 8, 0, 7, 0, 0, 0, 0, 10, 10, 6, 0, 0, 7, 0, 7, 0, 0, 5, 0, 5, 0, 9, 0, 8, 7, 7, 10, 0, 9, 0, 7, 7, 8, 0, 8, 0, 0, 0, 8, 0, 7, 0, 0, 7, 5, 0, 0, 0, : 7, 8, 4, 4, 4, 4, 6, 8, 10, 8, 4, 7, 7, 8, 6, 7, 6, 7, 7, 10, 8, 7, 10, 10, 6, 7, 7, 5, 5, 9, 8, 7, 7, 10, 9, 7, 7, 8, 8, 8, 7, 7, 5, 
493: 8, 6, 0, 0, 5, 10, 8, 0, 0, 8, 9, 8, 0, 0, 0, 9, 8, 0, 0, 8, 0, 0, 0, 6, 9, 0, 9, 0, 0, 9, 0, 0, 0, 6, 4, 8, 8, 5, 5, 11, 7, 8, 8, 0, 0, 6, 0, 10, 9, 7, 10, 0, 0, 9, 8, 6, 8, 8, 0, 0, 0, 6, 0, 6, 0, 0, 0, 9, 7, 7, 8, 0, 0, 0, 0, 7, 9, 0, 7, 9, : 8, 6, 5, 10, 8, 8, 9, 8, 9, 8, 8, 6, 9, 9, 9, 6, 4, 8, 8, 5, 5, 11, 7, 8, 8, 6, 10, 9, 7, 10, 9, 8, 6, 8, 8, 6, 6, 9, 7, 7, 8, 7, 9, 7, 9, 
47: 0, 0, 7, 0, 0, 0, 8, 0, 9, 0, 0, 0, 8, 8, 0, 7, 0, 0, 0, 6, 0, 0, 0, 10, 0, 10, 0, 0, 10, 0, 0, 8, 9, 0, 9, 0, 7, 0, 5, 10, 8, 5, 10, 8, 6, 0, 0, 0, 5, 0, 0, 5, 10, 0, 8, 7, 0, 0, 0, 7, 0, 4, 0, 8, 0, 0, 0, 0, 6, 0, 5, 8, 0, 0, 0, 7, 0, 0, 0, 0, : 7, 8, 9, 8, 8, 7, 6, 10, 10, 10, 8, 9, 9, 7, 5, 10, 8, 5, 10, 8, 6, 5, 5, 10, 8, 7, 7, 4, 8, 6, 5, 8, 7, 
584: 0, 8, 8, 0, 9, 0, 8, 0, 5, 0, 0, 7, 7, 0, 0, 0, 9, 0, 5, 0, 8, 0, 0, 0, 0, 0, 10, 6, 7, 6, 0, 0, 0, 0, 8, 0, 0, 7, 8, 0, 0, 7, 6, 7, 0, 8, 0, 7, 9, 0, 7, 5, 0, 0, 7, 0, 8, 0, 8, 7, 8, 0, 0, 0, 7, 9, 0, 7, 0, 0, 0, 7, 0, 7, 0, 0, 8, 8, 0, 7, : 8, 8, 9, 8, 5, 7, 7, 9, 5, 8, 10, 6, 7, 6, 8, 7, 8, 7, 6, 7, 8, 7, 9, 7, 5, 7, 8, 8, 7, 8, 7, 9, 7, 7, 7, 8, 8, 7, 
559: 8, 9, 6, 9, 0, 0, 0, 10, 7, 7, 0, 0, 0, 0, 0, 0, 7, 6, 0, 8, 8, 7, 0, 0, 0, 0, 7, 9, 0, 0, 7, 8, 0, 0, 0, 0, 0, 6, 7, 0, 0, 6, 0, 0, 10, 0, 10, 0, 6, 10, 0, 8, 9, 9, 0, 7, 0, 0, 0, 0, 6, 0, 0, 4, 8, 0, 0, 7, 0, 0, 8, 0, 8, 0, 6, 7, 8, 0, 8, 8, : 8, 9, 6, 9, 10, 7, 7, 7, 6, 8, 8, 7, 7, 9, 7, 8, 6, 7, 6, 10, 10, 6, 10, 8, 9, 9, 7, 6, 4, 8, 7, 8, 8, 6, 7, 8, 8, 8, 
269: 0, 0, 0, 0, 0, 6, 0, 0, 0, 9, 8, 0, 0, 9, 6, 9, 10, 0, 0, 0, 0, 0, 6, 0, 9, 0, 0, 6, 6, 6, 6, 0, 0, 4, 5, 0, 10, 7, 4, 0, 8, 0, 6, 0, 7, 0, 7, 0, 10, 9, 8, 0, 0, 0, 9, 7, 0, 0, 0, 0, 8, 8, 9, 0, 0, 8, 0, 8, 9, 0, 8, 0, 8, 9, 7, 0, 7, 5, 0, 9, : 6, 9, 8, 9, 6, 9, 10, 6, 9, 6, 6, 6, 6, 4, 5, 10, 7, 4, 8, 6, 7, 7, 10, 9, 8, 9, 7, 8, 8, 9, 8, 8, 9, 8, 8, 9, 7, 7, 5, 9, 
311: 8, 8, 9, 0, 7, 0, 0, 0, 8, 10, 6, 0, 5, 0, 0, 0, 5, 0, 7, 10, 0, 0, 0, 0, 0, 0, 0, 7, 0, 0, 0, 7, 8, 0, 0, 8, 8, 0, 0, 0, 6, 10, 9, 0, 8, 0, 8, 0, 7, 0, 9, 6, 0, 8, 0, 6, 0, 0, 7, 9, 0, 0, 0, 0, 0, 0, 6, 0, 0, 0, 8, 0, 8, 0, 0, 7, 0, 0, 9, 5, : 8, 8, 9, 7, 8, 10, 6, 5, 5, 7, 10, 7, 7, 8, 8, 8, 6, 10, 9, 8, 8, 7, 9, 6, 8, 6, 7, 9, 6, 8, 8, 7, 9, 5, 
775: 0, 0, 0, 9, 6, 0, 10, 8, 0, 6, 0, 9, 0, 0, 0, 8, 7, 0, 0, 0, 0, 9, 5, 7, 0, 0, 7, 9, 9, 0, 8, 0, 6, 0, 0, 0, 0, 0, 0, 5, 0, 7, 7, 9, 0, 6, 10, 10, 0, 7, 10, 0, 7, 0, 6, 0, 0, 7, 0, 9, 7, 6, 7, 0, 10, 8, 7, 5, 0, 0, 0, 0, 0, 0, 9, 8, 0, 0, 7, 8, : 9, 6, 10, 8, 6, 9, 8, 7, 9, 5, 7, 7, 9, 9, 8, 6, 5, 7, 7, 9, 6, 10, 10, 7, 10, 7, 6, 7, 9, 7, 6, 7, 10, 8, 7, 5, 9, 8, 7, 8, 
708: 7, 0, 6, 0, 0, 5, 0, 8, 7, 7, 8, 9, 0, 11, 7, 7, 0, 8, 6, 0, 0, 0, 6, 7, 7, 5, 7, 0, 0, 0, 0, 0, 0, 0, 0, 7, 0, 9, 11, 0, 6, 7, 0, 0, 7, 6, 0, 0, 0, 8, 10, 7, 0, 0, 0, 0, 9, 0, 0, 0, 0, 0, 0, 4, 0, 0, 0, 7, 7, 8, 0, 7, 0, 0, 0, 0, 9, 8, 0, 8, : 7, 6, 5, 8, 7, 7, 8, 9, 11, 7, 7, 8, 6, 6, 7, 7, 5, 7, 7, 9, 11, 6, 7, 7, 6, 8, 10, 7, 9, 4, 7, 7, 8, 7, 9, 8, 8, 
582: 0, 0, 7, 6, 8, 0, 9, 0, 4, 0, 0, 9, 7, 7, 0, 6, 6, 6, 0, 0, 6, 5, 0, 0, 0, 0, 10, 9, 6, 0, 6, 0, 9, 6, 8, 0, 11, 0, 0, 0, 0, 6, 6, 0, 5, 10, 0, 0, 0, 7, 0, 0, 8, 0, 8, 7, 8, 0, 7, 0, 0, 6, 0, 9, 0, 0, 0, 0, 0, 8, 0, 5, 0, 0, 8, 8, 0, 0, 7, 7, : 7, 6, 8, 9, 4, 9, 7, 7, 6, 6, 6, 6, 5, 10, 9, 6, 6, 9, 6, 8, 11, 6, 6, 5, 10, 7, 8, 8, 7, 8, 7, 6, 9, 8, 5, 8, 8, 7, 7, 
469: 9, 7, 9, 0, 0, 9, 0, 0, 9, 0, 8, 6, 0, 0, 8, 9, 0, 0, 6, 0, 9, 7, 7, 7, 7, 0, 7, 0, 6, 0, 0, 8, 0, 0, 8, 9, 7, 4, 9, 6, 0, 0, 0, 8, 7, 7, 5, 7, 0, 0, 0, 7, 6, 0, 0, 7, 8, 7, 7, 0, 0, 4, 4, 0, 8, 8, 0, 8, 0, 7, 0, 7, 0, 7, 0, 9, 0, 0, 0, 0, : 9, 7, 9, 9, 9, 8, 6, 8, 9, 6, 9, 7, 7, 7, 7, 7, 6, 8, 8, 9, 7, 4, 9, 6, 8, 7, 7, 5, 7, 7, 6, 7, 8, 7, 7, 4, 4, 8, 8, 8, 7, 7, 7, 9, 
129: 8, 0, 4, 0, 4, 9, 9, 0, 0, 6, 6, 7, 7, 6, 0, 5, 8, 0, 0, 0, 0, 5, 9, 7, 0, 9, 5, 6, 0, 7, 9, 7, 8, 7, 5, 0, 0, 5, 6, 9, 0, 7, 0, 8, 0, 0, 7, 9, 0, 9, 0, 10, 0, 5, 0, 8, 8, 0, 0, 0, 8, 7, 0, 5, 0, 0, 7, 0, 0, 9, 7, 7, 0, 0, 0, 7, 7, 9, 8, 0, : 8, 4, 4, 9, 9, 6, 6, 7, 7, 6, 5, 8, 5, 9, 7, 9, 5, 6, 7, 9, 7, 8, 7, 5, 5, 6, 9, 7, 8, 7, 9, 9, 10, 5, 8, 8, 8, 7, 5, 7, 9, 7, 7, 7, 7, 9, 8, 
4: 0, 6, 10, 5, 8, 0, 9, 0, 0, 0, 0, 6, 0, 0, 0, 0, 0, 10, 7, 5, 0, 7, 7, 6, 6, 6, 6, 0, 0, 8, 7, 8, 8, 8, 8, 5, 7, 0, 0, 5, 7, 0, 0, 7, 0, 8, 0, 6, 7, 7, 5, 0, 6, 8, 6, 8, 0, 0, 0, 7, 0, 9, 9, 0, 8, 8, 7, 7, 7, 9, 0, 0, 7, 0, 0, 5, 7, 0, 8, 0, : 6, 10, 5, 8, 9, 6, 10, 7, 5, 7, 7, 6, 6, 6, 6, 8, 7, 8, 8, 8, 8, 5, 7, 5, 7, 7, 8, 6, 7, 7, 5, 6, 8, 6, 8, 7, 9, 9, 8, 8, 7, 7, 7, 9, 7, 5, 7, 8, 
350: 0, 0, 0, 0, 0, 0, 6, 0, 9, 0, 8, 0, 11, 5, 9, 8, 0, 0, 0, 0, 0, 0, 9, 7, 9, 6, 0, 9, 0, 0, 9, 9, 0, 0, 0, 0, 6, 8, 8, 4, 0, 10, 7, 0, 7, 0, 0, 0, 0, 0, 0, 9, 0, 8, 7, 0, 6, 8, 0, 0, 10, 10, 6, 0, 6, 0, 10, 0, 9, 8, 0, 8, 0, 7, 8, 0, 0, 7, 0, 9, : 6, 9, 8, 11, 5, 9, 8, 9, 7, 9, 6, 9, 9, 9, 6, 8, 8, 4, 10, 7, 7, 9, 8, 7, 6, 8, 10, 10, 6, 6, 10, 9, 8, 8, 7, 8, 7, 9, 
264: 0, 0, 0, 0, 0, 0, 0, 9, 9, 0, 10, 8, 0, 10, 7, 0, 11, 9, 0, 7, 0, 0, 0, 10, 0, 0, 8, 0, 10, 0, 0, 0, 0, 8, 7, 10, 8, 6, 0, 7, 8, 8, 8, 0, 0, 10, 0, 11, 0, 0, 7, 7, 0, 0, 8, 0, 9, 0, 0, 8, 0, 11, 6, 7, 6, 0, 7, 0, 7, 0, 0, 0, 9, 0, 8, 8, 0, 0, 0, 0, : 9, 9, 10, 8, 10, 7, 11, 9, 7, 10, 8, 10, 8, 7, 10, 8, 6, 7, 8, 8, 8, 10, 11, 7, 7, 8, 9, 8, 11, 6, 7, 6, 7, 7, 9, 8, 8, 
766: 0, 0, 0, 0, 9, 0, 9, 9, 9, 9, 10, 0, 0, 0, 9, 8, 0, 0, 6, 5, 0, 9, 7, 0, 0, 9, 7, 0, 0, 8, 4, 5, 7, 0, 0, 7, 8, 0, 0, 7, 0, 0, 5, 0, 0, 7, 6, 5, 7, 9, 0, 0, 0, 6, 0, 9, 0, 8, 8, 9, 5, 9, 0, 8, 0, 0, 0, 7, 0, 8, 8, 7, 0, 0, 5, 0, 7, 0, 9, 7, : 9, 9, 9, 9, 9, 10, 9, 8, 6, 5, 9, 7, 9, 7, 8, 4, 5, 7, 7, 8, 7, 5, 7, 6, 5, 7, 9, 6, 9, 8, 8, 9, 5, 9, 8, 7, 8, 8, 7, 5, 7, 9, 7, 
747: 5, 10, 9, 9, 9, 0, 6, 8, 0, 0, 7, 8, 0, 7, 0, 0, 10, 9, 5, 8, 7, 0, 0, 0, 7, 9, 4, 9, 8, 9, 9, 0, 5, 8, 0, 9, 0, 9, 0, 7, 8, 0, 7, 0, 8, 0, 0, 0, 0, 6, 0, 7, 0, 6, 9, 10, 0, 0, 0, 7, 0, 0, 5, 0, 6, 6, 8, 0, 0, 7, 7, 0, 0, 7, 8, 0, 7, 8, 0, 0, : 5, 10, 9, 9, 9, 6, 8, 7, 8, 7, 10, 9, 5, 8, 7, 7, 9, 4, 9, 8, 9, 9, 5, 8, 9, 9, 7, 8, 7, 8, 6, 7, 6, 9, 10, 7, 5, 6, 6, 8, 7, 7, 7, 8, 7, 8, 
369: 6, 8, 0, 8, 0, 0, 6, 0, 8, 0, 7, 0, 9, 0, 0, 7, 5, 8, 0, 6, 0, 9, 0, 0, 0, 10, 10, 6, 9, 7, 0, 0, 0, 0, 8, 5, 0, 0, 0, 8, 0, 10, 0, 10, 10, 0, 0, 8, 7, 0, 8, 0, 0, 0, 8, 0, 8, 0, 5, 0, 7, 9, 0, 8, 0, 8, 9, 7, 6, 0, 7, 0, 5, 8, 8, 0, 8, 7, 0, 0, : 6, 8, 8, 6, 8, 7, 9, 7, 5, 8, 6, 9, 10, 10, 6, 9, 7, 8, 5, 8, 10, 10, 10, 8, 7, 8, 8, 8, 5, 7, 9, 8, 8, 9, 7, 6, 7, 5, 8, 8, 8, 7, 
233: 0, 8, 0, 0, 8, 8, 0, 0, 7, 9, 0, 0, 0, 0, 7, 0, 0, 0, 0, 0, 0, 9, 0, 6, 5, 7, 9, 0, 0, 9, 0, 8, 9, 8, 8, 0, 4, 10, 0, 9, 0, 0, 0, 9, 7, 8, 8, 5, 11, 0, 9, 0, 0, 8, 6, 0, 0, 6, 0, 0, 0, 8, 0, 0, 8, 0, 8, 6, 9, 8, 7, 9, 0, 0, 8, 7, 0, 9, 7, 7, : 8, 8, 8, 7, 9, 7, 9, 6, 5, 7, 9, 9, 8, 9, 8, 8, 4, 10, 9, 9, 7, 8, 8, 5, 11, 9, 8, 6, 6, 8, 8, 8, 6, 9, 8, 7, 9, 8, 7, 9, 7, 7, 
763: 8, 0, 0, 0, 7, 0, 0, 0, 0, 8, 7, 0, 0, 0, 5, 0, 8, 9, 9, 9, 5, 0, 7, 9, 7, 7, 9, 0, 7, 0, 0, 0, 0, 6, 6, 0, 7, 0, 11, 0, 7, 0, 7, 5, 0, 0, 7, 8, 0, 0, 7, 0, 7, 0, 5, 0, 0, 0, 7, 5, 0, 0, 10, 0, 0, 8, 0, 0, 0, 7, 8, 6, 0, 9, 7, 0, 0, 0, 8, 9, : 8, 7, 8, 7, 5, 8, 9, 9, 9, 5, 7, 9, 7, 7, 9, 7, 6, 6, 7, 11, 7, 7, 5, 7, 8, 7, 7, 5, 7, 5, 10, 8, 7, 8, 6, 9, 7, 8, 9, 
614: 0, 0, 8, 8, 7, 7, 7, 0, 0, 7, 0, 0, 9, 8, 9, 9, 0, 0, 9, 8, 5, 0, 9, 0, 7, 6, 0, 0, 9, 8, 0, 0, 7, 0, 0, 0, 0, 0, 0, 0, 7, 0, 0, 0, 0, 9, 10, 5, 0, 0, 7, 5, 0, 0, 7, 8, 7, 7, 7, 6, 0, 0, 6, 9, 0, 10, 8, 8, 8, 0, 0, 0, 7, 6, 0, 9, 0, 0, 6, 0, : 8, 8, 7, 7, 7, 7, 9, 8, 9, 9, 9, 8, 5, 9, 7, 6, 9, 8, 7, 7, 9, 10, 5, 7, 5, 7, 8, 7, 7, 7, 6, 6, 9, 10, 8, 8, 8, 7, 6, 9, 6, 
34: 9, 0, 9, 0, 0, 8, 8, 0, 8, 0, 8, 8, 0, 0, 0, 9, 0, 0, 0, 9, 0, 6, 0, 5, 8, 8, 7, 0, 0, 4, 0, 0, 0, 7, 0, 7, 0, 0, 0, 8, 6, 0, 0, 0, 0, 0, 0, 8, 0, 5, 0, 8, 8, 0, 0, 8, 6, 0, 7, 8, 7, 9, 8, 0, 5, 6, 7, 0, 8, 7, 0, 8, 0, 9, 9, 0, 8, 9, 0, 0, : 9, 9, 8, 8, 8, 8, 8, 9, 9, 6, 5, 8, 8, 7, 4, 7, 7, 8, 6, 8, 5, 8, 8, 8, 6, 7, 8, 7, 9, 8, 5, 6, 7, 8, 7, 8, 9, 9, 8, 9, 
99: 7, 8, 0, 8, 0, 7, 0, 0, 10, 0, 7, 0, 0, 0, 0, 10, 0, 6, 0, 0, 0, 0, 6, 0, 0, 0, 0, 0, 8, 0, 0, 0, 8, 0, 0, 0, 0, 9, 9, 6, 5, 0, 0, 6, 0, 0, 0, 0, 6, 0, 0, 0, 6, 6, 0, 7, 0, 7, 9, 7, 7, 7, 0, 6, 4, 8, 6, 0, 0, 7, 8, 8, 9, 7, 7, 9, 0, 7, 0, 8, : 7, 8, 8, 7, 10, 7, 10, 6, 6, 8, 8, 9, 9, 6, 5, 6, 6, 6, 6, 7, 7, 9, 7, 7, 7, 6, 4, 8, 6, 7, 8, 8, 9, 7, 7, 9, 7, 8, 
664: 0, 0, 0, 7, 0, 0, 7, 7, 8, 7, 6, 0, 0, 8, 9, 0, 0, 8, 4, 4, 0, 11, 8, 0, 0, 9, 0, 0, 9, 8, 8, 0, 0, 9, 6, 0, 9, 0, 7, 0, 0, 0, 0, 0, 0, 8, 7, 10, 9, 0, 6, 11, 0, 0, 0, 0, 8, 0, 0, 5, 0, 0, 9, 8, 9, 0, 8, 0, 8, 8, 0, 8, 0, 7, 8, 0, 0, 0, 7, 0, : 7, 7, 7, 8, 7, 6, 8, 9, 8, 4, 4, 11, 8, 9, 9, 8, 8, 9, 6, 9, 7, 8, 7, 10, 9, 6, 11, 8, 5, 9, 8, 9, 8, 8, 8, 8, 7, 8, 7, 
224: 0, 0, 9, 0, 6, 0, 0, 8, 0, 0, 0, 0, 8, 7, 6, 0, 0, 0, 0, 11, 8, 8, 7, 0, 10, 0, 7, 7, 6, 0, 0, 8, 7, 8, 8, 0, 9, 11, 0, 0, 0, 0, 0, 0, 7, 6, 6, 0, 7, 0, 0, 0, 7, 4, 9, 0, 6, 0, 0, 9, 0, 0, 0, 9, 0, 10, 8, 0, 0, 0, 7, 0, 8, 8, 7, 0, 7, 0, 7, 8, : 9, 6, 8, 8, 7, 6, 11, 8, 8, 7, 10, 7, 7, 6, 8, 7, 8, 8, 9, 11, 7, 6, 6, 7, 7, 4, 9, 6, 9, 9, 10, 8, 7, 8, 8, 7, 7, 7, 8, 
3: 6, 0, 0, 6, 9, 6, 0, 0, 0, 8, 0, 10, 8, 8, 0, 9, 0, 6, 0, 0, 9, 0, 9, 7, 5, 7, 0, 7, 0, 0, 7, 9, 0, 0, 0, 7, 5, 0, 0, 0, 10, 0, 0, 8, 0, 7, 9, 0, 0, 0, 0, 7, 4, 0, 0, 0, 0, 10, 0, 0, 0, 6, 9, 0, 7, 0, 8, 9, 8, 8, 8, 8, 8, 0, 0, 0, 0, 7, 0, 7, : 6, 6, 9, 6, 8, 10, 8, 8, 9, 6, 9, 9, 7, 5, 7, 7, 7, 9, 7, 5, 10, 8, 7, 9, 7, 4, 10, 6, 9, 7, 8, 9, 8, 8, 8, 8, 8, 7, 7, 
547: 0, 0, 8, 0, 0, 9, 7, 8, 7, 0, 0, 0, 0, 0, 0, 0, 0, 6, 10, 7, 7, 8, 0, 0, 7, 4, 0, 10, 9, 0, 0, 8, 0, 0, 10, 4, 0, 7, 9, 8, 0, 8, 7, 7, 7, 8, 0, 0, 9, 10, 0, 10, 9, 0, 8, 0, 0, 6, 0, 9, 7, 0, 0, 0, 0, 0, 0, 0, 7, 0, 0, 0, 0, 0, 0, 0, 9, 7, 5, 7, : 8, 9, 7, 8, 7, 6, 10, 7, 7, 8, 7, 4, 10, 9, 8, 10, 4, 7, 9, 8, 8, 7, 7, 7, 8, 9, 10, 10, 9, 8, 6, 9, 7, 7, 9, 7, 5, 7, 
439: 7, 0, 6, 9, 0, 9, 0, 8, 0, 0, 9, 0, 8, 8, 7, 0, 9, 0, 6, 0, 5, 0, 0, 5, 0, 0, 0, 8, 8, 6, 0, 8, 8, 8, 0, 0, 4, 7, 7, 0, 5, 7, 0, 10, 8, 5, 7, 8, 0, 0, 0, 0, 8, 8, 0, 0, 5, 9, 7, 8, 7, 0, 0, 0, 0, 0, 0, 0, 0, 0, 7, 0, 8, 5, 7, 8, 0, 9, 0, 7, : 7, 6, 9, 9, 8, 9, 8, 8, 7, 9, 6, 5, 5, 8, 8, 6, 8, 8, 8, 4, 7, 7, 5, 7, 10, 8, 5, 7, 8, 8, 8, 5, 9, 7, 8, 7, 7, 8, 5, 7, 8, 9, 7, 
389: 8, 7, 0, 0, 0, 7, 6, 6, 6, 8, 0, 0, 9, 0, 10, 5, 6, 0, 0, 0, 6, 7, 0, 6, 10, 0, 0, 4, 0, 9, 9, 6, 0, 0, 0, 6, 0, 0, 8, 8, 0, 0, 6, 0, 0, 0, 0, 7, 7, 6, 0, 9, 0, 10, 0, 0, 10, 0, 0, 0, 0, 9, 11, 0, 7, 7, 0, 8, 8, 0, 0, 9, 8, 0, 0, 0, 0, 0, 9, 0, : 8, 7, 7, 6, 6, 6, 8, 9, 10, 5, 6, 6, 7, 6, 10, 4, 9, 9, 6, 6, 8, 8, 6, 7, 7, 6, 9, 10, 10, 9, 11, 7, 7, 8, 8, 9, 8, 9, 
35: 0, 9, 8, 8, 10, 8, 8, 7, 0, 10, 0, 0, 0, 5, 5, 5, 6, 9, 9, 9, 8, 6, 0, 0, 6, 0, 0, 9, 6, 7, 7, 8, 0, 8, 0, 8, 0, 0, 8, 9, 9, 10, 0, 6, 6, 0, 0, 0, 9, 0, 9, 0, 0, 8, 0, 0, 0, 7, 9, 0, 0, 0, 8, 10, 0, 8, 8, 6, 8, 7, 0, 0, 0, 7, 0, 6, 8, 6, 0, 0, : 9, 8, 8, 10, 8, 8, 7, 10, 5, 5, 5, 6, 9, 9, 9, 8, 6, 6, 9, 6, 7, 7, 8, 8, 8, 8, 9, 9, 10, 6, 6, 9, 9, 8, 7, 9, 8, 10, 8, 8, 6, 8, 7, 7, 6, 8, 6, 
388: 0, 4, 5, 0, 0, 0, 0, 7, 0, 8, 0, 7, 8, 8, 8, 6, 0, 11, 0, 0, 0, 0, 10, 9, 7, 7, 0, 9, 0, 0, 7, 7, 7, 0, 0, 8, 0, 8, 0, 0, 0, 7, 0, 0, 0, 0, 6, 7, 0, 7, 5, 6, 8, 8, 9, 9, 8, 0, 0, 7, 9, 0, 0, 7, 9, 7, 0, 9, 5, 5, 0, 0, 0, 8, 0, 7, 0, 0, 0, 0, : 4, 5, 7, 8, 7, 8, 8, 8, 6, 11, 10, 9, 7, 7, 9, 7, 7, 7, 8, 8, 7, 6, 7, 7, 5, 6, 8, 8, 9, 9, 8, 7, 9, 7, 9, 7, 9, 5, 5, 8, 7, 
510: 8, 9, 0, 0, 0, 0, 0, 0, 0, 0, 0, 6, 7, 0, 0, 0, 8, 0, 11, 0, 7, 0, 8, 8, 0, 8, 0, 0, 0, 7, 8, 0, 8, 8, 0, 0, 11, 8, 6, 0, 10, 0, 7, 7, 0, 0, 0, 0, 0, 9, 0, 8, 10, 8, 10, 9, 0, 9, 8, 0, 8, 0, 0, 0, 8, 6, 0, 8, 8, 0, 0, 0, 0, 7, 0, 9, 0, 0, 0, 0, : 8, 9, 6, 7, 8, 11, 7, 8, 8, 8, 7, 8, 8, 8, 11, 8, 6, 10, 7, 7, 9, 8, 10, 8, 10, 9, 9, 8, 8, 8, 6, 8, 8, 7, 9, 
734: 9, 0, 7, 9, 8, 4, 5, 8, 0, 0, 0, 5, 4, 0, 8, 0, 8, 10, 9, 0, 9, 7, 0, 0, 0, 0, 6, 0, 0, 8, 6, 7, 7, 8, 10, 7, 0, 6, 9, 6, 7, 0, 0, 6, 7, 0, 8, 6, 6, 0, 6, 0, 0, 0, 0, 4, 0, 6, 7, 7, 0, 7, 0, 0, 0, 7, 8, 0, 0, 8, 0, 0, 0, 0, 0, 8, 0, 7, 7, 6, : 9, 7, 9, 8, 4, 5, 8, 5, 4, 8, 8, 10, 9, 9, 7, 6, 8, 6, 7, 7, 8, 10, 7, 6, 9, 6, 7, 6, 7, 8, 6, 6, 6, 4, 6, 7, 7, 7, 7, 8, 8, 8, 7, 7, 6, 
488: 6, 6, 0, 9, 0, 7, 0, 5, 0, 0, 6, 0, 7, 7, 0, 0, 9, 5, 10, 0, 7, 0, 0, 0, 0, 9, 0, 6, 0, 8, 0, 7, 6, 9, 0, 0, 0, 0, 0, 7, 0, 0, 10, 0, 0, 0, 0, 0, 0, 0, 0, 0, 0, 0, 8, 0, 6, 8, 9, 0, 0, 0, 9, 0, 0, 4, 0, 8, 8, 0, 8, 0, 7, 8, 0, 7, 7, 0, 7, 0, : 6, 6, 9, 7, 5, 6, 7, 7, 9, 5, 10, 7, 9, 6, 8, 7, 6, 9, 7, 10, 8, 6, 8, 9, 9, 4, 8, 8, 8, 7, 8, 7, 7, 7, 


219: 9, 7, 0, 8, 6, 0, 5, 8, 6, 0, 0, 8, 0, 7, 0, 8, 0, 0, 0, 4, 7, 0, 0, 0, 0, 8, 0, 0, 0, 0, 0, 0, 7, 0, 10, 9, 5, 6, 0, 10, 10, 0, 0, 8, 4, 0, 0, 10, 9, 0, 0, 10, 5, 0, 0, 0, 8, 6, 0, 0, 6, 5, 6, 7, 0, 0, 0, 0, 0, 0, 6, 0, 8, 6, 0, 7, 8, 7, 0, 7, : 9, 7, 8, 6, 5, 8, 6, 8, 7, 8, 4, 7, 8, 7, 10, 9, 5, 6, 10, 10, 8, 4, 10, 9, 10, 5, 8, 6, 6, 5, 6, 7, 6, 8, 6, 7, 8, 7, 7, 
669: 7, 0, 0, 0, 9, 7, 0, 7, 7, 9, 0, 9, 0, 0, 9, 0, 7, 6, 10, 10, 7, 9, 6, 0, 9, 10, 0, 0, 7, 0, 0, 6, 0, 0, 5, 10, 9, 6, 10, 0, 6, 0, 0, 6, 9, 8, 8, 7, 0, 10, 6, 0, 5, 8, 0, 0, 0, 9, 0, 7, 0, 7, 0, 8, 7, 8, 7, 0, 8, 7, 7, 7, 0, 0, 5, 0, 0, 0, 0, 8, : 7, 9, 7, 7, 7, 9, 9, 9, 7, 6, 10, 10, 7, 9, 6, 9, 10, 7, 6, 5, 10, 9, 6, 10, 6, 6, 9, 8, 8, 7, 10, 6, 5, 8, 9, 7, 7, 8, 7, 8, 7, 8, 7, 7, 7, 5, 8, 
265: 0, 10, 7, 0, 0, 6, 0, 8, 6, 9, 0, 0, 0, 8, 8, 0, 10, 6, 9, 0, 0, 0, 0, 0, 0, 8, 0, 0, 0, 0, 0, 0, 4, 6, 0, 0, 10, 7, 0, 0, 0, 0, 9, 6, 0, 6, 6, 0, 0, 0, 4, 0, 0, 9, 0, 0, 10, 6, 6, 8, 0, 0, 10, 0, 0, 6, 0, 9, 0, 7, 8, 7, 0, 8, 0, 0, 8, 0, 0, 9, : 10, 7, 6, 8, 6, 9, 8, 8, 10, 6, 9, 8, 4, 6, 10, 7, 9, 6, 6, 6, 4, 9, 10, 6, 6, 8, 10, 6, 9, 7, 8, 7, 8, 8, 9, 
12: 7, 6, 0, 0, 7, 0, 0, 9, 0, 9, 5, 0, 8, 6, 0, 7, 6, 11, 11, 0, 0, 10, 10, 0, 0, 5, 0, 0, 9, 0, 5, 0, 11, 11, 8, 0, 0, 0, 0, 0, 0, 0, 0, 0, 0, 8, 0, 6, 5, 6, 5, 0, 0, 0, 0, 10, 6, 0, 0, 0, 9, 8, 0, 7, 0, 7, 7, 0, 0, 6, 0, 8, 0, 7, 9, 8, 8, 8, 5, 7, : 7, 6, 7, 9, 9, 5, 8, 6, 7, 6, 11, 11, 10, 10, 5, 9, 5, 11, 11, 8, 8, 6, 5, 6, 5, 10, 6, 9, 8, 7, 7, 7, 6, 8, 7, 9, 8, 8, 8, 5, 7, 
458: 0, 9, 0, 6, 7, 0, 0, 5, 7, 0, 9, 7, 6, 7, 0, 0, 0, 0, 0, 0, 0, 10, 0, 0, 8, 7, 8, 7, 7, 0, 9, 8, 0, 0, 6, 6, 5, 0, 6, 6, 6, 0, 0, 5, 0, 8, 7, 6, 8, 0, 5, 7, 0, 0, 6, 8, 0, 9, 0, 0, 7, 6, 7, 0, 8, 0, 8, 7, 8, 8, 0, 0, 0, 9, 8, 8, 8, 0, 0, 8, : 9, 6, 7, 5, 7, 9, 7, 6, 7, 10, 8, 7, 8, 7, 7, 9, 8, 6, 6, 5, 6, 6, 6, 5, 8, 7, 6, 8, 5, 7, 6, 8, 9, 7, 6, 7, 8, 8, 7, 8, 8, 9, 8, 8, 8, 8, 
159: 0, 0, 0, 0, 7, 8, 0, 0, 8, 8, 0, 0, 7, 10, 6, 10, 7, 0, 8, 0, 0, 8, 0, 10, 0, 11, 0, 0, 0, 8, 0, 0, 0, 8, 0, 5, 0, 0, 0, 0, 6, 0, 4, 0, 8, 0, 0, 9, 0, 7, 8, 0, 10, 7, 8, 10, 0, 8, 0, 0, 0, 0, 6, 0, 0, 9, 0, 0, 0, 0, 7, 5, 8, 0, 8, 0, 0, 6, 9, 7, : 7, 8, 8, 8, 7, 10, 6, 10, 7, 8, 8, 10, 11, 8, 8, 5, 6, 4, 8, 9, 7, 8, 10, 7, 8, 10, 8, 6, 9, 7, 5, 8, 8, 6, 9, 7, 
51: 0, 0, 0, 0, 0, 0, 7, 7, 8, 6, 0, 6, 0, 0, 0, 9, 5, 0, 6, 0, 6, 0, 0, 10, 0, 0, 0, 7, 0, 6, 8, 8, 0, 0, 0, 0, 0, 6, 0, 7, 0, 7, 7, 9, 0, 8, 0, 10, 0, 0, 0, 0, 0, 6, 10, 0, 9, 0, 0, 9, 7, 0, 0, 0, 0, 6, 0, 9, 0, 0, 8, 9, 6, 7, 9, 7, 6, 0, 0, 0, : 7, 7, 8, 6, 6, 9, 5, 6, 6, 10, 7, 6, 8, 8, 6, 7, 7, 7, 9, 8, 10, 6, 10, 9, 9, 7, 6, 9, 8, 9, 6, 7, 9, 7, 6, 
172: 0, 0, 10, 11, 0, 8, 10, 8, 0, 0, 7, 7, 0, 0, 0, 8, 0, 8, 6, 0, 8, 7, 5, 0, 0, 0, 6, 6, 0, 8, 0, 0, 0, 8, 0, 0, 0, 0, 5, 0, 0, 0, 7, 9, 0, 5, 7, 0, 0, 0, 10, 0, 0, 9, 10, 7, 10, 0, 0, 6, 0, 9, 0, 10, 0, 0, 6, 0, 6, 7, 8, 0, 0, 8, 0, 0, 5, 0, 8, 7, : 10, 11, 8, 10, 8, 7, 7, 8, 8, 6, 8, 7, 5, 6, 6, 8, 8, 5, 7, 9, 5, 7, 10, 9, 10, 7, 10, 6, 9, 10, 6, 6, 7, 8, 8, 5, 8, 7, 
360: 6, 7, 8, 0, 5, 0, 6, 0, 6, 6, 0, 9, 7, 7, 0, 0, 0, 0, 0, 0, 6, 0, 0, 8, 0, 0, 9, 9, 9, 7, 8, 0, 0, 5, 0, 0, 7, 0, 0, 6, 8, 4, 0, 4, 0, 7, 9, 0, 0, 5, 0, 9, 8, 5, 0, 8, 0, 0, 9, 9, 0, 0, 0, 8, 0, 0, 0, 5, 8, 0, 6, 0, 0, 7, 8, 0, 0, 8, 8, 9, : 6, 7, 8, 5, 6, 6, 6, 9, 7, 7, 6, 8, 9, 9, 9, 7, 8, 5, 7, 6, 8, 4, 4, 7, 9, 5, 9, 8, 5, 8, 9, 9, 8, 5, 8, 6, 7, 8, 8, 8, 9, 
434: 6, 0, 6, 0, 7, 7, 0, 6, 0, 8, 6, 0, 9, 7, 5, 0, 6, 0, 7, 0, 0, 0, 0, 8, 0, 9, 7, 8, 0, 5, 6, 0, 0, 0, 6, 0, 0, 0, 8, 0, 10, 9, 7, 9, 0, 0, 0, 0, 5, 11, 9, 9, 0, 9, 6, 0, 7, 8, 8, 0, 10, 0, 9, 0, 6, 7, 0, 6, 7, 8, 0, 0, 8, 0, 8, 9, 7, 0, 8, 8, : 6, 6, 7, 7, 6, 8, 6, 9, 7, 5, 6, 7, 8, 9, 7, 8, 5, 6, 6, 8, 10, 9, 7, 9, 5, 11, 9, 9, 9, 6, 7, 8, 8, 10, 9, 6, 7, 6, 7, 8, 8, 8, 9, 7, 8, 8, 
641: 0, 0, 6, 5, 8, 10, 0, 9, 9, 6, 0, 0, 0, 7, 0, 0, 0, 8, 0, 8, 0, 5, 0, 7, 10, 0, 0, 8, 6, 0, 5, 0, 0, 6, 0, 5, 9, 6, 8, 0, 0, 0, 6, 0, 0, 0, 7, 0, 9, 6, 0, 0, 8, 8, 5, 0, 7, 0, 0, 0, 7, 0, 6, 6, 0, 0, 7, 7, 0, 7, 7, 8, 0, 0, 0, 8, 0, 7, 9, 0, : 6, 5, 8, 10, 9, 9, 6, 7, 8, 8, 5, 7, 10, 8, 6, 5, 6, 5, 9, 6, 8, 6, 7, 9, 6, 8, 8, 5, 7, 7, 6, 6, 7, 7, 7, 7, 8, 8, 7, 9, 
744: 9, 0, 9, 7, 0, 5, 8, 0, 9, 0, 9, 0, 6, 0, 0, 5, 0, 0, 0, 0, 0, 8, 7, 9, 0, 0, 0, 0, 0, 7, 0, 8, 0, 8, 11, 11, 10, 9, 6, 8, 0, 8, 0, 0, 7, 6, 9, 0, 7, 9, 6, 0, 0, 0, 8, 8, 8, 0, 9, 0, 0, 6, 6, 5, 6, 0, 9, 0, 0, 0, 0, 0, 6, 0, 0, 5, 8, 0, 0, 0, : 9, 9, 7, 5, 8, 9, 9, 6, 5, 8, 7, 9, 7, 8, 8, 11, 11, 10, 9, 6, 8, 8, 7, 6, 9, 7, 9, 6, 8, 8, 8, 9, 6, 6, 5, 6, 9, 6, 5, 8, 
576: 6, 11, 7, 0, 0, 0, 8, 8, 0, 0, 7, 6, 0, 9, 0, 0, 0, 0, 0, 0, 8, 0, 10, 0, 0, 6, 0, 5, 6, 0, 9, 0, 10, 0, 0, 9, 0, 5, 10, 8, 9, 0, 0, 0, 0, 4, 9, 0, 8, 0, 0, 0, 0, 0, 0, 0, 9, 0, 6, 0, 9, 7, 0, 0, 5, 5, 9, 0, 9, 8, 0, 0, 0, 0, 0, 7, 8, 0, 7, 7, : 6, 11, 7, 8, 8, 7, 6, 9, 8, 10, 6, 5, 6, 9, 10, 9, 5, 10, 8, 9, 4, 9, 8, 9, 6, 9, 7, 5, 5, 9, 9, 8, 7, 8, 7, 7, 
419: 0, 11, 0, 7, 0, 8, 0, 6, 0, 0, 0, 0, 9, 0, 0, 7, 0, 5, 5, 10, 0, 6, 9, 7, 0, 8, 10, 0, 7, 0, 0, 9, 6, 8, 0, 0, 6, 9, 10, 0, 6, 0, 9, 0, 0, 7, 7, 9, 8, 5, 10, 8, 0, 0, 0, 7, 6, 8, 7, 6, 6, 0, 0, 0, 0, 11, 6, 9, 0, 0, 0, 0, 7, 0, 6, 9, 7, 0, 0, 0, : 11, 7, 8, 6, 9, 7, 5, 5, 10, 6, 9, 7, 8, 10, 7, 9, 6, 8, 6, 9, 10, 6, 9, 7, 7, 9, 8, 5, 10, 8, 7, 6, 8, 7, 6, 6, 11, 6, 9, 7, 6, 9, 7, 
370: 6, 0, 6, 0, 7, 0, 0, 6, 8, 9, 6, 0, 8, 0, 7, 6, 5, 0, 6, 9, 5, 7, 7, 0, 8, 0, 0, 8, 10, 9, 0, 6, 6, 0, 7, 0, 0, 0, 10, 0, 0, 8, 9, 0, 0, 0, 0, 0, 6, 0, 8, 6, 8, 0, 0, 0, 0, 7, 0, 0, 0, 7, 0, 9, 0, 0, 9, 0, 0, 9, 0, 7, 9, 0, 7, 6, 0, 7, 0, 0, : 6, 6, 7, 6, 8, 9, 6, 8, 7, 6, 5, 6, 9, 5, 7, 7, 8, 8, 10, 9, 6, 6, 7, 10, 8, 9, 6, 8, 6, 8, 7, 7, 9, 9, 9, 7, 9, 7, 6, 7, 
632: 0, 7, 6, 8, 0, 9, 0, 0, 0, 7, 9, 0, 7, 9, 8, 8, 7, 0, 6, 6, 7, 0, 0, 7, 0, 0, 8, 7, 9, 0, 0, 0, 9, 0, 0, 0, 10, 9, 6, 10, 0, 8, 0, 0, 7, 10, 0, 5, 0, 0, 6, 0, 6, 0, 0, 10, 8, 8, 0, 0, 6, 0, 6, 0, 6, 0, 0, 7, 0, 9, 8, 0, 5, 0, 0, 0, 9, 0, 0, 8, : 7, 6, 8, 9, 7, 9, 7, 9, 8, 8, 7, 6, 6, 7, 7, 8, 7, 9, 9, 10, 9, 6, 10, 8, 7, 10, 5, 6, 6, 10, 8, 8, 6, 6, 6, 7, 9, 8, 5, 9, 8, 
619: 0, 0, 0, 0, 8, 0, 0, 0, 0, 0, 8, 0, 7, 0, 0, 0, 0, 0, 8, 0, 6, 0, 5, 6, 6, 0, 5, 7, 6, 9, 6, 0, 7, 7, 7, 0, 10, 0, 0, 8, 8, 9, 6, 0, 8, 0, 7, 7, 6, 0, 0, 6, 10, 6, 5, 0, 0, 7, 7, 0, 0, 7, 0, 6, 8, 6, 0, 7, 0, 0, 9, 8, 7, 0, 8, 8, 7, 8, 0, 0, : 8, 8, 7, 8, 6, 5, 6, 6, 5, 7, 6, 9, 6, 7, 7, 7, 10, 8, 8, 9, 6, 8, 7, 7, 6, 6, 10, 6, 5, 7, 7, 7, 6, 8, 6, 7, 9, 8, 7, 8, 8, 7, 8, 
574: 0, 0, 0, 8, 7, 0, 5, 0, 0, 0, 0, 0, 9, 0, 0, 0, 8, 8, 0, 9, 10, 0, 6, 0, 5, 5, 6, 0, 8, 0, 6, 9, 0, 9, 0, 7, 0, 0, 7, 7, 0, 6, 0, 9, 6, 0, 0, 8, 10, 6, 0, 6, 0, 0, 10, 5, 0, 6, 0, 6, 9, 0, 10, 10, 0, 7, 0, 0, 0, 0, 7, 0, 7, 0, 0, 0, 0, 6, 0, 9, : 8, 7, 5, 9, 8, 8, 9, 10, 6, 5, 5, 6, 8, 6, 9, 9, 7, 7, 7, 6, 9, 6, 8, 10, 6, 6, 10, 5, 6, 6, 9, 10, 10, 7, 7, 7, 6, 9, 
627: 7, 6, 0, 6, 8, 7, 6, 0, 9, 7, 6, 0, 8, 0, 0, 0, 0, 0, 8, 7, 8, 0, 5, 0, 0, 0, 6, 8, 8, 6, 0, 6, 8, 7, 8, 7, 0, 9, 8, 11, 6, 0, 0, 10, 9, 0, 0, 0, 7, 0, 10, 0, 6, 0, 0, 8, 7, 10, 8, 6, 0, 0, 0, 0, 9, 8, 0, 0, 7, 8, 0, 8, 0, 0, 7, 0, 0, 0, 8, 8, : 7, 6, 6, 8, 7, 6, 9, 7, 6, 8, 8, 7, 8, 5, 6, 8, 8, 6, 6, 8, 7, 8, 7, 9, 8, 11, 6, 10, 9, 7, 10, 6, 8, 7, 10, 8, 6, 9, 8, 7, 8, 8, 7, 8, 8, 
83: 9, 0, 0, 6, 6, 0, 0, 10, 0, 0, 6, 7, 0, 0, 9, 0, 11, 0, 7, 0, 6, 5, 8, 0, 8, 6, 7, 8, 0, 0, 7, 10, 0, 0, 9, 5, 6, 0, 7, 5, 0, 9, 0, 7, 10, 10, 10, 9, 10, 9, 0, 0, 0, 8, 0, 0, 0, 5, 6, 10, 6, 0, 7, 0, 9, 6, 8, 0, 7, 0, 0, 8, 0, 9, 7, 0, 0, 7, 8, 0, : 9, 6, 6, 10, 6, 7, 9, 11, 7, 6, 5, 8, 8, 6, 7, 8, 7, 10, 9, 5, 6, 7, 5, 9, 7, 10, 10, 10, 9, 10, 9, 8, 5, 6, 10, 6, 7, 9, 6, 8, 7, 8, 9, 7, 7, 8, 
783: 0, 6, 0, 8, 0, 0, 0, 0, 9, 0, 0, 0, 0, 0, 7, 0, 6, 10, 0, 7, 0, 0, 10, 6, 6, 7, 7, 7, 0, 9, 6, 0, 6, 0, 0, 0, 0, 0, 5, 0, 7, 0, 8, 0, 0, 0, 0, 0, 7, 6, 0, 0, 0, 0, 0, 0, 7, 9, 0, 0, 6, 0, 9, 7, 9, 9, 9, 0, 7, 9, 8, 6, 7, 0, 8, 0, 7, 8, 6, 0, : 6, 8, 9, 7, 6, 10, 7, 10, 6, 6, 7, 7, 7, 9, 6, 6, 5, 7, 8, 7, 6, 7, 9, 6, 9, 7, 9, 9, 9, 7, 9, 8, 6, 7, 8, 7, 8, 6, 
96: 0, 0, 6, 0, 0, 10, 0, 11, 0, 0, 0, 0, 0, 0, 0, 0, 0, 0, 0, 0, 10, 7, 0, 6, 7, 0, 0, 0, 9, 6, 0, 9, 6, 0, 6, 6, 0, 0, 0, 5, 9, 0, 0, 0, 8, 0, 5, 0, 0, 0, 0, 0, 9, 8, 5, 0, 0, 0, 0, 10, 0, 11, 8, 0, 8, 9, 11, 0, 8, 0, 9, 7, 0, 8, 0, 0, 9, 7, 9, 0, : 6, 10, 11, 10, 7, 6, 7, 9, 6, 9, 6, 6, 6, 5, 9, 8, 5, 9, 8, 5, 10, 11, 8, 8, 9, 11, 8, 9, 7, 8, 9, 7, 9, 
685: 8, 8, 6, 0, 0, 0, 9, 7, 7, 0, 10, 4, 0, 9, 7, 7, 10, 0, 10, 0, 10, 7, 0, 0, 7, 0, 8, 11, 5, 0, 8, 0, 0, 7, 0, 0, 7, 10, 0, 0, 0, 7, 0, 0, 7, 7, 0, 8, 0, 0, 0, 0, 8, 0, 0, 10, 0, 0, 10, 0, 10, 0, 0, 0, 0, 0, 8, 8, 8, 6, 0, 8, 0, 7, 8, 8, 0, 8, 0, 0, : 8, 8, 6, 9, 7, 7, 10, 4, 9, 7, 7, 10, 10, 10, 7, 7, 8, 11, 5, 8, 7, 7, 10, 7, 7, 7, 8, 8, 10, 10, 10, 8, 8, 8, 6, 8, 7, 8, 8, 8, 
190: 6, 6, 6, 7, 0, 0, 0, 9, 8, 0, 0, 9, 7, 8, 7, 0, 0, 6, 0, 5, 0, 0, 0, 6, 7, 6, 0, 6, 0, 5, 0, 0, 0, 9, 0, 7, 0, 0, 0, 0, 8, 0, 6, 0, 0, 8, 9, 0, 0, 0, 6, 8, 0, 0, 0, 0, 5, 0, 0, 9, 0, 6, 0, 0, 7, 0, 0, 8, 8, 0, 0, 0, 8, 5, 0, 8, 0, 7, 8, 0, : 6, 6, 6, 7, 9, 8, 9, 7, 8, 7, 6, 5, 6, 7, 6, 6, 5, 9, 7, 8, 6, 8, 9, 6, 8, 5, 9, 6, 7, 8, 8, 8, 5, 8, 7, 8, 
618: 0, 10, 0, 0, 10, 6, 0, 0, 0, 0, 0, 7, 0, 8, 5, 0, 0, 0, 6, 0, 9, 0, 0, 0, 0, 0, 0, 0, 0, 9, 8, 0, 7, 0, 0, 6, 0, 6, 0, 8, 0, 10, 5, 8, 7, 0, 0, 8, 0, 8, 0, 8, 0, 7, 8, 0, 0, 0, 0, 7, 7, 0, 7, 8, 11, 0, 0, 7, 7, 8, 0, 0, 8, 8, 0, 0, 0, 5, 0, 0, : 10, 10, 6, 7, 8, 5, 6, 9, 9, 8, 7, 6, 6, 8, 10, 5, 8, 7, 8, 8, 8, 7, 8, 7, 7, 7, 8, 11, 7, 7, 8, 8, 8, 5, 
544: 6, 0, 8, 0, 0, 0, 0, 5, 7, 0, 0, 0, 0, 0, 0, 7, 6, 8, 4, 0, 6, 5, 0, 5, 10, 0, 5, 0, 8, 0, 7, 0, 9, 8, 0, 10, 7, 6, 0, 0, 0, 8, 10, 0, 8, 0, 0, 0, 0, 9, 8, 0, 7, 6, 0, 6, 0, 0, 7, 0, 0, 6, 0, 7, 0, 0, 0, 10, 0, 0, 6, 0, 0, 7, 7, 0, 0, 0, 8, 8, : 6, 8, 5, 7, 7, 6, 8, 4, 6, 5, 5, 10, 5, 8, 7, 9, 8, 10, 7, 6, 8, 10, 8, 9, 8, 7, 6, 6, 7, 6, 7, 10, 6, 7, 7, 8, 8, 
69: 0, 0, 7, 6, 0, 7, 7, 0, 0, 6, 7, 6, 7, 7, 8, 6, 9, 9, 8, 0, 0, 9, 6, 0, 0, 0, 8, 8, 8, 8, 9, 10, 0, 0, 5, 8, 0, 9, 0, 0, 6, 5, 9, 0, 8, 0, 8, 7, 0, 0, 8, 5, 6, 4, 6, 6, 5, 0, 8, 7, 8, 0, 10, 9, 7, 8, 0, 0, 0, 0, 9, 7, 8, 9, 9, 6, 6, 0, 7, 0, : 7, 6, 7, 7, 6, 7, 6, 7, 7, 8, 6, 9, 9, 8, 9, 6, 8, 8, 8, 8, 9, 10, 5, 8, 9, 6, 5, 9, 8, 8, 7, 8, 5, 6, 4, 6, 6, 5, 8, 7, 8, 10, 9, 7, 8, 9, 7, 8, 9, 9, 6, 6, 7, 
331: 6, 0, 10, 0, 0, 7, 7, 0, 6, 6, 7, 9, 10, 5, 6, 7, 8, 6, 0, 9, 0, 0, 8, 10, 7, 0, 0, 0, 0, 0, 9, 7, 9, 0, 0, 0, 5, 0, 0, 8, 8, 0, 9, 7, 5, 8, 0, 0, 8, 6, 0, 0, 0, 9, 6, 6, 0, 7, 6, 7, 0, 0, 0, 0, 9, 0, 7, 6, 6, 7, 8, 9, 9, 0, 0, 0, 0, 0, 7, 6, : 6, 10, 7, 7, 6, 6, 7, 9, 10, 5, 6, 7, 8, 6, 9, 8, 10, 7, 9, 7, 9, 5, 8, 8, 9, 7, 5, 8, 8, 6, 9, 6, 6, 7, 6, 7, 9, 7, 6, 6, 7, 8, 9, 9, 7, 6, 
357: 9, 7, 8, 10, 6, 6, 7, 0, 0, 9, 7, 0, 0, 0, 0, 0, 9, 7, 0, 0, 0, 0, 7, 8, 0, 0, 7, 6, 0, 0, 0, 0, 0, 0, 8, 0, 6, 0, 0, 10, 0, 0, 0, 0, 8, 0, 6, 7, 5, 8, 0, 4, 0, 0, 0, 0, 0, 6, 8, 0, 10, 7, 8, 0, 0, 0, 0, 0, 0, 6, 7, 6, 0, 8, 0, 0, 0, 0, 0, 7, : 9, 7, 8, 10, 6, 6, 7, 9, 7, 9, 7, 7, 8, 7, 6, 8, 6, 10, 8, 6, 7, 5, 8, 4, 6, 8, 10, 7, 8, 6, 7, 6, 8, 7, 
511: 7, 6, 6, 5, 0, 7, 11, 0, 0, 0, 0, 7, 4, 0, 0, 8, 0, 0, 0, 7, 0, 8, 0, 0, 0, 8, 7, 9, 0, 7, 0, 7, 9, 0, 0, 0, 5, 10, 0, 0, 5, 8, 0, 0, 8, 0, 9, 0, 0, 0, 6, 10, 0, 0, 8, 7, 0, 0, 9, 6, 0, 10, 5, 7, 7, 0, 0, 0, 7, 8, 8, 0, 7, 0, 0, 0, 8, 9, 7, 0, : 7, 6, 6, 5, 7, 11, 7, 4, 8, 7, 8, 8, 7, 9, 7, 7, 9, 5, 10, 5, 8, 8, 9, 6, 10, 8, 7, 9, 6, 10, 5, 7, 7, 7, 8, 8, 7, 8, 9, 7, 
97: 0, 0, 0, 0, 0, 0, 8, 7, 5, 5, 0, 8, 7, 0, 7, 0, 0, 6, 0, 11, 8, 10, 0, 0, 11, 8, 7, 0, 0, 8, 0, 5, 0, 9, 9, 0, 6, 10, 0, 0, 9, 8, 0, 8, 0, 9, 4, 7, 0, 8, 0, 11, 10, 0, 8, 5, 0, 0, 7, 0, 0, 6, 0, 0, 0, 0, 7, 6, 6, 7, 0, 7, 0, 0, 0, 8, 8, 0, 8, 0, : 8, 7, 5, 5, 8, 7, 7, 6, 11, 8, 10, 11, 8, 7, 8, 5, 9, 9, 6, 10, 9, 8, 8, 9, 4, 7, 8, 11, 10, 8, 5, 7, 6, 7, 6, 6, 7, 7, 8, 8, 8, 
530: 0, 8, 0, 0, 7, 0, 0, 6, 10, 0, 8, 9, 0, 0, 0, 0, 0, 6, 0, 7, 10, 0, 0, 10, 8, 0, 10, 9, 7, 0, 0, 8, 0, 0, 9, 6, 9, 0, 0, 5, 0, 0, 8, 6, 9, 0, 8, 8, 6, 0, 7, 6, 10, 0, 0, 0, 0, 9, 0, 0, 7, 6, 0, 9, 6, 0, 6, 0, 9, 0, 0, 8, 8, 0, 8, 0, 0, 0, 6, 0, : 8, 7, 6, 10, 8, 9, 6, 7, 10, 10, 8, 10, 9, 7, 8, 9, 6, 9, 5, 8, 6, 9, 8, 8, 6, 7, 6, 10, 9, 7, 6, 9, 6, 6, 9, 8, 8, 8, 6, 
372: 6, 0, 0, 9, 0, 0, 9, 0, 0, 6, 0, 7, 0, 4, 9, 8, 6, 8, 0, 8, 0, 0, 0, 9, 0, 6, 11, 0, 6, 9, 8, 8, 5, 5, 9, 0, 0, 9, 6, 0, 0, 0, 0, 7, 7, 9, 0, 0, 0, 0, 10, 10, 0, 0, 0, 8, 8, 7, 0, 7, 0, 10, 7, 0, 0, 0, 0, 0, 8, 7, 7, 0, 0, 8, 6, 9, 0, 8, 7, 6, : 6, 9, 9, 6, 7, 4, 9, 8, 6, 8, 8, 9, 6, 11, 6, 9, 8, 8, 5, 5, 9, 9, 6, 7, 7, 9, 10, 10, 8, 8, 7, 7, 10, 7, 8, 7, 7, 8, 6, 9, 8, 7, 6, 
457: 9, 0, 0, 7, 11, 7, 7, 0, 0, 8, 9, 7, 9, 9, 8, 10, 0, 0, 0, 0, 0, 9, 0, 5, 6, 0, 0, 0, 0, 9, 0, 0, 0, 0, 6, 0, 0, 0, 0, 6, 11, 6, 8, 0, 0, 7, 0, 0, 0, 9, 0, 8, 8, 8, 8, 0, 0, 0, 8, 8, 0, 0, 0, 6, 7, 6, 8, 6, 9, 0, 0, 0, 0, 0, 7, 7, 0, 8, 0, 8, : 9, 7, 11, 7, 7, 8, 9, 7, 9, 9, 8, 10, 9, 5, 6, 9, 6, 6, 11, 6, 8, 7, 9, 8, 8, 8, 8, 8, 8, 6, 7, 6, 8, 6, 9, 7, 7, 8, 8, 
556: 0, 6, 7, 0, 0, 0, 6, 0, 0, 0, 0, 0, 7, 6, 10, 5, 0, 9, 0, 8, 4, 7, 9, 7, 7, 0, 8, 0, 0, 8, 9, 0, 8, 7, 0, 9, 9, 5, 10, 8, 8, 6, 0, 0, 0, 8, 7, 0, 7, 0, 0, 0, 0, 10, 0, 5, 9, 0, 6, 0, 7, 10, 0, 6, 6, 0, 0, 8, 0, 0, 0, 9, 9, 8, 0, 0, 9, 8, 0, 0, : 6, 7, 6, 7, 6, 10, 5, 9, 8, 4, 7, 9, 7, 7, 8, 8, 9, 8, 7, 9, 9, 5, 10, 8, 8, 6, 8, 7, 7, 10, 5, 9, 6, 7, 10, 6, 6, 8, 9, 9, 8, 9, 8, 
326: 0, 6, 10, 0, 6, 8, 7, 0, 0, 7, 8, 10, 0, 0, 7, 0, 8, 0, 10, 8, 9, 0, 7, 6, 0, 0, 0, 6, 7, 0, 0, 6, 8, 0, 9, 6, 0, 5, 6, 0, 4, 7, 0, 10, 7, 0, 0, 6, 11, 6, 7, 0, 6, 0, 8, 0, 8, 0, 6, 7, 0, 9, 7, 0, 0, 9, 5, 9, 0, 0, 0, 0, 8, 6, 0, 7, 7, 0, 0, 0, : 6, 10, 6, 8, 7, 7, 8, 10, 7, 8, 10, 8, 9, 7, 6, 6, 7, 6, 8, 9, 6, 5, 6, 4, 7, 10, 7, 6, 11, 6, 7, 6, 8, 8, 6, 7, 9, 7, 9, 5, 9, 8, 6, 7, 7, 
292: 10, 0, 0, 0, 0, 6, 0, 8, 0, 0, 7, 8, 8, 10, 7, 9, 0, 8, 6, 6, 0, 0, 9, 0, 6, 7, 0, 0, 0, 7, 0, 7, 8, 7, 0, 10, 9, 0, 8, 7, 0, 0, 10, 7, 0, 0, 0, 8, 0, 0, 11, 8, 8, 7, 7, 0, 0, 8, 0, 9, 0, 7, 10, 9, 9, 0, 7, 0, 0, 0, 0, 8, 0, 0, 0, 0, 0, 9, 7, 0, : 10, 6, 8, 7, 8, 8, 10, 7, 9, 8, 6, 6, 9, 6, 7, 7, 7, 8, 7, 10, 9, 8, 7, 10, 7, 8, 11, 8, 8, 7, 7, 8, 9, 7, 10, 9, 9, 7, 8, 9, 7, 
46: 0, 7, 11, 10, 9, 0, 10, 0, 0, 8, 0, 0, 0, 7, 0, 9, 8, 0, 9, 5, 0, 6, 9, 0, 0, 8, 0, 0, 0, 0, 8, 5, 0, 9, 0, 8, 0, 0, 6, 0, 0, 0, 0, 0, 0, 0, 8, 0, 0, 10, 0, 5, 8, 10, 10, 0, 6, 0, 0, 0, 0, 0, 0, 0, 0, 7, 0, 8, 0, 0, 0, 0, 0, 0, 0, 7, 7, 0, 0, 5, : 7, 11, 10, 9, 10, 8, 7, 9, 8, 9, 5, 6, 9, 8, 8, 5, 9, 8, 6, 8, 10, 5, 8, 10, 10, 6, 7, 8, 7, 7, 5, 
256: 11, 6, 0, 9, 9, 0, 7, 0, 8, 0, 9, 0, 0, 0, 0, 0, 8, 10, 0, 6, 0, 0, 7, 0, 6, 7, 0, 0, 8, 0, 9, 8, 7, 0, 6, 0, 0, 8, 0, 7, 0, 11, 6, 7, 0, 7, 0, 0, 8, 0, 0, 6, 0, 6, 0, 8, 7, 0, 0, 0, 6, 0, 6, 0, 0, 9, 0, 0, 7, 8, 7, 0, 7, 8, 7, 0, 0, 0, 0, 0, : 11, 6, 9, 9, 7, 8, 9, 8, 10, 6, 7, 6, 7, 8, 9, 8, 7, 6, 8, 7, 11, 6, 7, 7, 8, 6, 6, 8, 7, 6, 6, 9, 7, 8, 7, 7, 8, 7, 
229: 0, 0, 0, 7, 0, 11, 0, 0, 7, 11, 0, 0, 0, 0, 10, 6, 0, 5, 0, 0, 0, 7, 0, 0, 8, 10, 0, 0, 0, 0, 0, 0, 0, 6, 6, 0, 0, 0, 8, 0, 0, 6, 7, 8, 0, 0, 0, 5, 0, 6, 0, 0, 4, 0, 8, 8, 0, 7, 9, 6, 7, 0, 0, 6, 0, 7, 6, 8, 0, 0, 0, 0, 0, 7, 0, 8, 0, 9, 0, 8, : 7, 11, 7, 11, 10, 6, 5, 7, 8, 10, 6, 6, 8, 6, 7, 8, 5, 6, 4, 8, 8, 7, 9, 6, 7, 6, 7, 6, 8, 7, 8, 9, 8, 


765: 6, 0, 7, 9, 7, 8, 0, 0, 0, 0, 0, 0, 6, 0, 0, 0, 0, 8, 0, 0, 7, 0, 7, 8, 9, 0, 0, 0, 0, 9, 0, 0, 7, 8, 7, 0, 0, 0, 0, 0, 7, 8, 0, 0, 0, 0, 0, 6, 6, 6, 0, 7, 0, 0, 6, 0, 6, 0, 10, 0, 7, 6, 6, 7, 0, 5, 0, 0, 7, 8, 0, 9, 0, 0, 0, 0, 0, 0, 7, 7, : 6, 7, 9, 7, 8, 6, 8, 7, 7, 8, 9, 9, 7, 8, 7, 7, 8, 6, 6, 6, 7, 6, 6, 10, 7, 6, 6, 7, 5, 7, 8, 9, 7, 7, 
660: 7, 6, 8, 0, 7, 0, 6, 0, 7, 0, 0, 0, 0, 7, 0, 8, 7, 0, 8, 0, 0, 6, 0, 8, 8, 0, 0, 0, 0, 0, 0, 8, 0, 9, 8, 0, 5, 0, 8, 9, 0, 0, 6, 6, 8, 9, 0, 0, 0, 0, 8, 7, 7, 0, 7, 7, 5, 0, 7, 0, 8, 9, 6, 7, 6, 0, 6, 7, 0, 0, 0, 7, 8, 8, 7, 0, 8, 0, 0, 0, : 7, 6, 8, 7, 6, 7, 7, 8, 7, 8, 6, 8, 8, 8, 9, 8, 5, 8, 9, 6, 6, 8, 9, 8, 7, 7, 7, 7, 5, 7, 8, 9, 6, 7, 6, 6, 7, 7, 8, 8, 7, 8, 
562: 8, 7, 0, 0, 0, 6, 8, 9, 6, 0, 10, 0, 0, 0, 0, 6, 8, 0, 0, 8, 7, 6, 7, 0, 0, 9, 8, 11, 0, 8, 0, 0, 6, 0, 0, 6, 9, 0, 0, 0, 0, 7, 8, 9, 7, 5, 0, 6, 0, 0, 8, 0, 0, 11, 0, 0, 6, 9, 9, 6, 0, 8, 0, 0, 7, 9, 7, 5, 0, 7, 7, 7, 7, 0, 0, 0, 0, 0, 0, 8, : 8, 7, 6, 8, 9, 6, 10, 6, 8, 8, 7, 6, 7, 9, 8, 11, 8, 6, 6, 9, 7, 8, 9, 7, 5, 6, 8, 11, 6, 9, 9, 6, 8, 7, 9, 7, 5, 7, 7, 7, 7, 8, 
116: 7, 0, 0, 0, 0, 0, 0, 0, 0, 0, 0, 7, 0, 11, 10, 8, 0, 8, 0, 7, 0, 11, 0, 0, 6, 9, 4, 6, 0, 0, 0, 6, 0, 6, 0, 0, 5, 9, 0, 0, 5, 6, 9, 0, 10, 9, 0, 9, 0, 0, 0, 9, 9, 7, 0, 0, 0, 0, 0, 0, 0, 0, 6, 0, 8, 0, 0, 7, 0, 0, 0, 0, 0, 8, 0, 9, 0, 0, 8, 0, : 7, 7, 11, 10, 8, 8, 7, 11, 6, 9, 4, 6, 6, 6, 5, 9, 5, 6, 9, 10, 9, 9, 9, 9, 7, 6, 8, 7, 8, 9, 8, 
571: 9, 9, 7, 6, 6, 9, 8, 8, 0, 6, 8, 0, 0, 5, 0, 0, 8, 6, 8, 8, 8, 9, 6, 8, 0, 7, 0, 0, 9, 0, 8, 0, 0, 8, 0, 8, 0, 0, 7, 7, 8, 0, 9, 7, 0, 0, 7, 0, 8, 6, 6, 0, 0, 0, 0, 6, 7, 7, 0, 7, 6, 7, 8, 9, 0, 7, 0, 8, 7, 8, 0, 7, 0, 7, 7, 0, 7, 0, 7, 0, : 9, 9, 7, 6, 6, 9, 8, 8, 6, 8, 5, 8, 6, 8, 8, 8, 9, 6, 8, 7, 9, 8, 8, 8, 7, 7, 8, 9, 7, 7, 8, 6, 6, 6, 7, 7, 7, 6, 7, 8, 9, 7, 8, 7, 8, 7, 7, 7, 7, 7, 
748: 7, 0, 7, 0, 0, 6, 0, 10, 10, 9, 10, 5, 0, 0, 0, 0, 0, 8, 0, 6, 0, 0, 10, 7, 0, 10, 0, 0, 0, 0, 6, 0, 6, 0, 7, 8, 8, 0, 6, 0, 0, 0, 6, 0, 6, 0, 9, 0, 8, 9, 7, 0, 0, 9, 8, 6, 7, 0, 0, 10, 8, 10, 6, 0, 0, 6, 0, 0, 6, 6, 6, 8, 0, 7, 7, 0, 0, 0, 6, 8, : 7, 7, 6, 10, 10, 9, 10, 5, 8, 6, 10, 7, 10, 6, 6, 7, 8, 8, 6, 6, 6, 9, 8, 9, 7, 9, 8, 6, 7, 10, 8, 10, 6, 6, 6, 6, 6, 8, 7, 7, 6, 8, 
132: 0, 0, 0, 0, 0, 0, 0, 0, 0, 6, 7, 5, 5, 9, 0, 0, 7, 0, 0, 8, 10, 7, 9, 0, 0, 0, 7, 6, 6, 8, 9, 0, 10, 0, 0, 8, 10, 0, 7, 9, 6, 0, 0, 0, 0, 0, 0, 0, 11, 0, 8, 0, 9, 7, 9, 8, 6, 0, 0, 7, 9, 9, 0, 0, 0, 0, 8, 0, 0, 8, 0, 8, 0, 0, 0, 0, 8, 8, 0, 0, : 6, 7, 5, 5, 9, 7, 8, 10, 7, 9, 7, 6, 6, 8, 9, 10, 8, 10, 7, 9, 6, 11, 8, 9, 7, 9, 8, 6, 7, 9, 9, 8, 8, 8, 8, 8, 
79: 7, 0, 0, 7, 0, 0, 0, 8, 7, 7, 0, 8, 8, 7, 0, 7, 7, 0, 7, 0, 10, 10, 7, 8, 0, 0, 0, 0, 4, 4, 0, 7, 8, 9, 8, 0, 8, 8, 6, 0, 6, 0, 9, 6, 0, 8, 0, 0, 6, 0, 7, 11, 6, 8, 7, 9, 0, 0, 0, 0, 0, 0, 0, 9, 7, 0, 0, 9, 8, 7, 6, 0, 9, 7, 8, 6, 7, 8, 8, 8, : 7, 7, 8, 7, 7, 8, 8, 7, 7, 7, 7, 10, 10, 7, 8, 4, 4, 7, 8, 9, 8, 8, 8, 6, 6, 9, 6, 8, 6, 7, 11, 6, 8, 7, 9, 9, 7, 9, 8, 7, 6, 9, 7, 8, 6, 7, 8, 8, 8, 
72: 6, 8, 8, 7, 0, 0, 8, 0, 0, 0, 6, 0, 9, 9, 9, 0, 8, 0, 0, 8, 0, 0, 8, 0, 6, 7, 7, 0, 0, 11, 0, 9, 0, 5, 8, 0, 0, 8, 0, 10, 0, 7, 6, 5, 8, 6, 8, 11, 0, 0, 0, 0, 0, 0, 0, 0, 0, 0, 6, 8, 0, 0, 0, 0, 0, 0, 9, 7, 0, 8, 7, 0, 8, 9, 6, 8, 9, 0, 0, 8, : 6, 8, 8, 7, 8, 6, 9, 9, 9, 8, 8, 8, 6, 7, 7, 11, 9, 5, 8, 8, 10, 7, 6, 5, 8, 6, 8, 11, 6, 8, 9, 7, 8, 7, 8, 9, 6, 8, 9, 8, 
9: 7, 0, 6, 8, 0, 7, 9, 0, 9, 0, 9, 8, 0, 0, 0, 0, 7, 0, 5, 7, 0, 0, 6, 7, 11, 6, 0, 6, 5, 0, 6, 0, 0, 0, 5, 0, 0, 0, 9, 0, 0, 7, 7, 8, 8, 10, 11, 0, 7, 0, 0, 0, 0, 0, 0, 0, 0, 7, 0, 0, 0, 0, 8, 0, 7, 8, 5, 0, 8, 8, 0, 0, 7, 0, 8, 7, 8, 6, 7, 0, : 7, 6, 8, 7, 9, 9, 9, 8, 7, 5, 7, 6, 7, 11, 6, 6, 5, 6, 5, 9, 7, 7, 8, 8, 10, 11, 7, 7, 8, 7, 8, 5, 8, 8, 7, 8, 7, 8, 6, 7, 
223: 0, 9, 9, 8, 0, 7, 10, 7, 6, 6, 5, 0, 5, 0, 0, 0, 8, 7, 0, 9, 0, 0, 5, 0, 5, 7, 8, 9, 6, 0, 0, 0, 0, 8, 9, 7, 9, 0, 0, 0, 0, 6, 0, 8, 8, 8, 8, 7, 0, 10, 0, 6, 6, 6, 6, 7, 8, 9, 9, 0, 7, 0, 9, 7, 0, 0, 7, 6, 6, 0, 7, 0, 8, 7, 0, 6, 0, 0, 0, 0, : 9, 9, 8, 7, 10, 7, 6, 6, 5, 5, 8, 7, 9, 5, 5, 7, 8, 9, 6, 8, 9, 7, 9, 6, 8, 8, 8, 8, 7, 10, 6, 6, 6, 6, 7, 8, 9, 9, 7, 9, 7, 7, 6, 6, 7, 8, 7, 6, 
578: 0, 7, 0, 0, 0, 0, 0, 6, 0, 7, 0, 0, 5, 6, 0, 8, 0, 8, 0, 0, 4, 9, 0, 6, 0, 0, 9, 9, 11, 0, 0, 9, 8, 5, 0, 5, 0, 8, 0, 8, 8, 9, 7, 0, 5, 0, 9, 9, 0, 8, 0, 0, 8, 7, 0, 0, 8, 0, 0, 9, 9, 0, 0, 0, 0, 0, 8, 0, 0, 8, 8, 0, 7, 7, 0, 8, 7, 0, 8, 7, : 7, 6, 7, 5, 6, 8, 8, 4, 9, 6, 9, 9, 11, 9, 8, 5, 5, 8, 8, 8, 9, 7, 5, 9, 9, 8, 8, 7, 8, 9, 9, 8, 8, 8, 7, 7, 8, 7, 8, 7, 
450: 0, 8, 7, 0, 0, 8, 0, 7, 0, 10, 0, 0, 6, 6, 8, 0, 8, 0, 0, 4, 0, 9, 0, 0, 7, 0, 6, 0, 6, 0, 9, 9, 7, 0, 0, 0, 0, 7, 8, 6, 0, 0, 0, 0, 0, 10, 5, 9, 8, 8, 6, 0, 7, 0, 7, 8, 9, 6, 0, 0, 5, 0, 0, 0, 7, 8, 0, 0, 0, 0, 0, 7, 6, 0, 0, 8, 8, 9, 8, 7, : 8, 7, 8, 7, 10, 6, 6, 8, 8, 4, 9, 7, 6, 6, 9, 9, 7, 7, 8, 6, 10, 5, 9, 8, 8, 6, 7, 7, 8, 9, 6, 5, 7, 8, 7, 6, 8, 8, 9, 8, 7, 
525: 0, 6, 7, 7, 6, 6, 0, 0, 8, 10, 10, 8, 7, 7, 7, 0, 0, 7, 6, 0, 0, 7, 0, 4, 6, 0, 8, 8, 10, 0, 0, 0, 9, 0, 9, 8, 0, 0, 0, 6, 9, 8, 0, 9, 6, 8, 0, 0, 0, 0, 8, 0, 0, 0, 8, 7, 0, 0, 0, 7, 7, 0, 6, 0, 0, 0, 8, 8, 0, 7, 7, 6, 0, 0, 0, 7, 0, 0, 0, 0, : 6, 7, 7, 6, 6, 8, 10, 10, 8, 7, 7, 7, 7, 6, 7, 4, 6, 8, 8, 10, 9, 9, 8, 6, 9, 8, 9, 6, 8, 8, 8, 7, 7, 7, 6, 8, 8, 7, 7, 6, 7, 
426: 6, 6, 0, 0, 7, 7, 7, 0, 7, 0, 9, 6, 0, 0, 0, 7, 8, 7, 9, 8, 4, 0, 0, 0, 0, 8, 0, 8, 8, 8, 9, 8, 5, 7, 0, 0, 7, 0, 9, 0, 0, 6, 8, 0, 5, 7, 4, 0, 9, 7, 6, 0, 6, 7, 7, 8, 7, 0, 10, 6, 7, 0, 7, 0, 0, 9, 9, 9, 6, 0, 7, 0, 8, 0, 8, 0, 0, 7, 9, 6, : 6, 6, 7, 7, 7, 7, 9, 6, 7, 8, 7, 9, 8, 4, 8, 8, 8, 8, 9, 8, 5, 7, 7, 9, 6, 8, 5, 7, 4, 9, 7, 6, 6, 7, 7, 8, 7, 10, 6, 7, 7, 9, 9, 9, 6, 7, 8, 8, 7, 9, 6, 
732: 9, 8, 8, 5, 8, 0, 7, 7, 0, 8, 6, 9, 0, 9, 7, 0, 0, 0, 0, 0, 0, 6, 9, 10, 0, 8, 0, 4, 7, 0, 8, 0, 0, 0, 8, 8, 0, 8, 7, 0, 0, 0, 0, 0, 10, 0, 8, 6, 0, 0, 0, 0, 0, 6, 0, 6, 0, 0, 0, 0, 0, 7, 0, 11, 0, 9, 0, 0, 9, 0, 0, 8, 8, 8, 0, 8, 6, 0, 0, 8, : 9, 8, 8, 5, 8, 7, 7, 8, 6, 9, 9, 7, 6, 9, 10, 8, 4, 7, 8, 8, 8, 8, 7, 10, 8, 6, 6, 6, 7, 11, 9, 9, 8, 8, 8, 8, 6, 8, 
54: 0, 0, 7, 8, 0, 10, 6, 0, 10, 0, 0, 7, 0, 0, 9, 8, 10, 0, 9, 6, 0, 0, 0, 0, 0, 0, 8, 9, 0, 5, 0, 0, 0, 0, 0, 0, 0, 7, 7, 0, 0, 0, 8, 9, 0, 0, 8, 8, 9, 0, 10, 9, 7, 8, 7, 8, 6, 8, 0, 0, 0, 0, 10, 0, 0, 7, 7, 8, 0, 0, 9, 0, 6, 8, 0, 0, 0, 0, 8, 0, : 7, 8, 10, 6, 10, 7, 9, 8, 10, 9, 6, 8, 9, 5, 7, 7, 8, 9, 8, 8, 9, 10, 9, 7, 8, 7, 8, 6, 8, 10, 7, 7, 8, 9, 6, 8, 8, 
432: 8, 6, 9, 0, 9, 0, 0, 0, 7, 0, 7, 0, 9, 0, 5, 6, 0, 7, 7, 11, 8, 7, 0, 6, 7, 0, 9, 0, 6, 0, 8, 0, 9, 9, 9, 8, 0, 7, 0, 8, 0, 0, 6, 9, 9, 0, 8, 7, 0, 8, 0, 0, 11, 0, 7, 7, 8, 7, 6, 7, 0, 7, 6, 7, 0, 0, 0, 0, 0, 0, 0, 9, 7, 0, 8, 7, 7, 7, 0, 0, : 8, 6, 9, 9, 7, 7, 9, 5, 6, 7, 7, 11, 8, 7, 6, 7, 9, 6, 8, 9, 9, 9, 8, 7, 8, 6, 9, 9, 8, 7, 8, 11, 7, 7, 8, 7, 6, 7, 7, 6, 7, 9, 7, 8, 7, 7, 7, 
199: 6, 0, 6, 6, 5, 0, 9, 0, 7, 0, 0, 7, 6, 5, 0, 0, 8, 0, 0, 0, 6, 6, 0, 0, 7, 0, 6, 7, 0, 0, 5, 0, 0, 0, 8, 0, 5, 0, 9, 7, 8, 0, 8, 0, 9, 7, 0, 0, 0, 6, 0, 6, 0, 0, 0, 0, 0, 7, 0, 6, 0, 9, 0, 8, 5, 0, 7, 0, 0, 7, 0, 6, 0, 6, 0, 0, 0, 0, 9, 8, : 6, 6, 6, 5, 9, 7, 7, 6, 5, 8, 6, 6, 7, 6, 7, 5, 8, 5, 9, 7, 8, 8, 9, 7, 6, 6, 7, 6, 9, 8, 5, 7, 7, 6, 6, 9, 8, 
359: 0, 6, 6, 0, 9, 9, 0, 0, 7, 8, 9, 9, 0, 8, 7, 0, 7, 7, 8, 0, 0, 4, 0, 0, 9, 0, 0, 0, 0, 5, 5, 7, 0, 0, 0, 0, 0, 9, 7, 0, 9, 0, 0, 0, 6, 0, 8, 0, 0, 0, 7, 0, 0, 0, 4, 0, 0, 10, 7, 9, 7, 0, 7, 0, 0, 7, 8, 0, 0, 0, 9, 8, 0, 0, 0, 0, 8, 8, 7, 7, : 6, 6, 9, 9, 7, 8, 9, 9, 8, 7, 7, 7, 8, 4, 9, 5, 5, 7, 9, 7, 9, 6, 8, 7, 4, 10, 7, 9, 7, 7, 7, 8, 9, 8, 8, 8, 7, 7, 
373: 9, 0, 8, 8, 8, 0, 0, 9, 0, 0, 0, 10, 7, 8, 6, 7, 0, 0, 8, 9, 0, 0, 0, 0, 0, 7, 10, 0, 8, 9, 9, 5, 0, 10, 0, 0, 0, 0, 5, 0, 10, 8, 0, 0, 0, 0, 0, 7, 0, 7, 0, 5, 9, 0, 0, 7, 10, 10, 0, 0, 0, 0, 8, 6, 0, 0, 9, 0, 7, 9, 0, 0, 7, 0, 6, 7, 7, 0, 0, 8, : 9, 8, 8, 8, 9, 10, 7, 8, 6, 7, 8, 9, 7, 10, 8, 9, 9, 5, 10, 5, 10, 8, 7, 7, 5, 9, 7, 10, 10, 8, 6, 9, 7, 9, 7, 6, 7, 7, 8, 
252: 0, 0, 0, 6, 6, 0, 0, 8, 0, 0, 0, 0, 0, 0, 0, 6, 8, 0, 0, 0, 0, 0, 6, 0, 6, 7, 0, 0, 0, 9, 10, 9, 0, 8, 0, 0, 9, 0, 0, 7, 0, 0, 0, 0, 0, 0, 8, 6, 0, 0, 0, 6, 8, 0, 0, 0, 8, 0, 6, 11, 0, 0, 9, 0, 10, 10, 0, 6, 8, 0, 8, 7, 0, 7, 0, 9, 9, 8, 0, 7, : 6, 6, 8, 6, 8, 6, 6, 7, 9, 10, 9, 8, 9, 7, 8, 6, 6, 8, 8, 6, 11, 9, 10, 10, 6, 8, 8, 7, 7, 9, 9, 8, 7, 
178: 0, 8, 0, 8, 0, 0, 6, 5, 0, 0, 0, 8, 10, 0, 9, 10, 0, 0, 6, 7, 6, 0, 4, 0, 0, 0, 0, 9, 7, 0, 0, 6, 0, 6, 0, 0, 8, 0, 0, 9, 0, 0, 0, 7, 0, 8, 7, 7, 6, 5, 10, 6, 10, 7, 7, 9, 0, 7, 7, 0, 0, 8, 0, 0, 0, 0, 0, 0, 0, 0, 8, 8, 8, 9, 8, 8, 0, 7, 6, 7, : 8, 8, 6, 5, 8, 10, 9, 10, 6, 7, 6, 4, 9, 7, 6, 6, 8, 9, 7, 8, 7, 7, 6, 5, 10, 6, 10, 7, 7, 9, 7, 7, 8, 8, 8, 8, 9, 8, 8, 7, 6, 7, 
281: 0, 9, 6, 7, 9, 0, 0, 0, 7, 6, 0, 6, 8, 0, 0, 0, 7, 0, 0, 0, 8, 9, 9, 7, 10, 9, 0, 6, 0, 8, 6, 8, 0, 0, 0, 8, 7, 7, 0, 0, 8, 10, 8, 8, 9, 0, 7, 0, 0, 6, 0, 10, 0, 0, 0, 0, 7, 0, 0, 0, 9, 7, 0, 0, 8, 7, 0, 0, 7, 0, 0, 0, 0, 0, 0, 0, 0, 7, 0, 0, : 9, 6, 7, 9, 7, 6, 6, 8, 7, 8, 9, 9, 7, 10, 9, 6, 8, 6, 8, 8, 7, 7, 8, 10, 8, 8, 9, 7, 6, 10, 7, 9, 7, 8, 7, 7, 7, 
776: 0, 0, 0, 0, 9, 9, 0, 7, 7, 7, 0, 6, 0, 0, 7, 0, 0, 6, 0, 6, 9, 0, 11, 11, 0, 0, 0, 0, 0, 9, 7, 0, 0, 0, 10, 0, 0, 8, 0, 8, 0, 5, 6, 9, 0, 0, 7, 8, 0, 0, 6, 6, 0, 7, 0, 0, 0, 6, 0, 5, 0, 6, 9, 0, 0, 7, 0, 9, 8, 9, 0, 0, 0, 0, 0, 8, 6, 7, 0, 9, : 9, 9, 7, 7, 7, 6, 7, 6, 6, 9, 11, 11, 9, 7, 10, 8, 8, 5, 6, 9, 7, 8, 6, 6, 7, 6, 5, 6, 9, 7, 9, 8, 9, 8, 6, 7, 9, 
115: 0, 0, 0, 11, 7, 7, 7, 8, 0, 0, 6, 0, 8, 9, 0, 7, 0, 7, 11, 0, 0, 7, 0, 6, 0, 6, 9, 7, 8, 7, 0, 0, 7, 0, 0, 5, 8, 8, 0, 7, 8, 9, 9, 0, 0, 0, 0, 0, 6, 0, 9, 8, 5, 0, 11, 7, 8, 0, 7, 7, 0, 7, 8, 10, 7, 0, 0, 0, 7, 7, 0, 0, 7, 0, 7, 0, 8, 9, 0, 8, : 11, 7, 7, 7, 8, 6, 8, 9, 7, 7, 11, 7, 6, 6, 9, 7, 8, 7, 7, 5, 8, 8, 7, 8, 9, 9, 6, 9, 8, 5, 11, 7, 8, 7, 7, 7, 8, 10, 7, 7, 7, 7, 7, 8, 9, 8, 
564: 6, 9, 8, 6, 0, 0, 9, 8, 7, 8, 6, 0, 0, 6, 8, 8, 0, 0, 0, 5, 7, 0, 0, 10, 7, 0, 0, 7, 0, 0, 6, 7, 0, 0, 5, 9, 0, 8, 7, 0, 6, 8, 8, 6, 8, 8, 6, 6, 8, 9, 9, 8, 7, 6, 0, 0, 0, 0, 0, 0, 8, 0, 7, 0, 6, 7, 7, 0, 8, 7, 0, 0, 0, 0, 0, 0, 0, 8, 0, 7, : 6, 9, 8, 6, 9, 8, 7, 8, 6, 6, 8, 8, 5, 7, 10, 7, 7, 6, 7, 5, 9, 8, 7, 6, 8, 8, 6, 8, 8, 6, 6, 8, 9, 9, 8, 7, 6, 8, 7, 6, 7, 7, 8, 7, 8, 7, 
218: 8, 8, 0, 0, 8, 0, 9, 0, 0, 0, 8, 0, 0, 0, 7, 9, 7, 0, 7, 0, 0, 7, 0, 5, 0, 0, 7, 8, 0, 7, 8, 5, 8, 7, 0, 0, 0, 0, 8, 9, 0, 9, 9, 9, 0, 8, 6, 8, 7, 0, 8, 0, 0, 9, 0, 6, 0, 6, 0, 0, 8, 0, 0, 8, 7, 0, 7, 8, 0, 0, 8, 0, 0, 0, 0, 8, 0, 0, 0, 0, : 8, 8, 8, 9, 8, 7, 9, 7, 7, 7, 5, 7, 8, 7, 8, 5, 8, 7, 8, 9, 9, 9, 9, 8, 6, 8, 7, 8, 9, 6, 6, 8, 8, 7, 7, 8, 8, 8, 
690: 8, 7, 0, 0, 0, 6, 8, 0, 0, 0, 0, 0, 0, 9, 5, 8, 0, 0, 7, 0, 0, 10, 9, 8, 0, 0, 0, 0, 0, 0, 0, 0, 8, 0, 0, 10, 7, 0, 7, 6, 0, 8, 8, 0, 0, 6, 0, 0, 9, 0, 0, 6, 9, 0, 8, 0, 0, 5, 7, 8, 8, 6, 0, 7, 0, 0, 0, 0, 0, 0, 7, 0, 9, 0, 9, 0, 8, 0, 7, 0, : 8, 7, 6, 8, 9, 5, 8, 7, 10, 9, 8, 8, 10, 7, 7, 6, 8, 8, 6, 9, 6, 9, 8, 5, 7, 8, 8, 6, 7, 7, 9, 9, 8, 7, 
718: 0, 0, 9, 0, 8, 6, 0, 0, 9, 0, 7, 9, 0, 0, 8, 7, 0, 0, 0, 0, 0, 0, 0, 9, 0, 6, 0, 0, 8, 0, 0, 0, 9, 0, 6, 9, 7, 0, 0, 0, 0, 0, 0, 8, 0, 0, 6, 5, 0, 0, 0, 9, 6, 9, 10, 0, 8, 0, 8, 6, 5, 7, 0, 8, 6, 0, 8, 0, 7, 0, 7, 8, 0, 7, 9, 7, 0, 0, 0, 6, : 9, 8, 6, 9, 7, 9, 8, 7, 9, 6, 8, 9, 6, 9, 7, 8, 6, 5, 9, 6, 9, 10, 8, 8, 6, 5, 7, 8, 6, 8, 7, 7, 8, 7, 9, 7, 6, 
163: 8, 0, 0, 0, 7, 0, 6, 0, 6, 8, 0, 0, 0, 6, 7, 7, 0, 8, 7, 9, 7, 0, 8, 9, 0, 5, 7, 0, 0, 6, 5, 0, 6, 0, 0, 10, 0, 6, 9, 6, 9, 9, 0, 0, 0, 7, 0, 8, 7, 5, 0, 8, 7, 0, 0, 8, 0, 7, 0, 0, 0, 0, 0, 8, 9, 0, 7, 7, 9, 0, 7, 0, 8, 0, 8, 0, 7, 7, 7, 0, : 8, 7, 6, 6, 8, 6, 7, 7, 8, 7, 9, 7, 8, 9, 5, 7, 6, 5, 6, 10, 6, 9, 6, 9, 9, 7, 8, 7, 5, 8, 7, 8, 7, 8, 9, 7, 7, 9, 7, 8, 8, 7, 7, 7, 
602: 0, 0, 0, 0, 6, 0, 0, 0, 0, 6, 0, 6, 9, 0, 0, 0, 0, 8, 8, 0, 6, 0, 0, 0, 6, 7, 5, 5, 7, 9, 0, 7, 0, 0, 6, 6, 8, 7, 7, 0, 8, 5, 0, 7, 0, 8, 0, 8, 9, 7, 0, 0, 0, 5, 7, 0, 0, 0, 5, 6, 0, 7, 0, 0, 8, 7, 0, 0, 0, 0, 8, 7, 7, 0, 0, 0, 0, 7, 8, 0, : 6, 6, 6, 9, 8, 8, 6, 6, 7, 5, 5, 7, 9, 7, 6, 6, 8, 7, 7, 8, 5, 7, 8, 8, 9, 7, 5, 7, 5, 6, 7, 8, 7, 8, 7, 7, 7, 8, 
773: 0, 9, 9, 10, 0, 9, 0, 8, 0, 8, 0, 0, 0, 0, 0, 7, 0, 10, 0, 0, 9, 0, 7, 0, 0, 6, 0, 0, 9, 6, 10, 9, 7, 0, 0, 0, 7, 0, 0, 0, 0, 0, 0, 8, 6, 0, 0, 0, 0, 9, 0, 8, 0, 0, 0, 0, 9, 0, 0, 0, 10, 0, 0, 6, 0, 7, 7, 8, 0, 7, 8, 7, 0, 8, 7, 7, 0, 6, 0, 0, : 9, 9, 10, 9, 8, 8, 7, 10, 9, 7, 6, 9, 6, 10, 9, 7, 7, 8, 6, 9, 8, 9, 10, 6, 7, 7, 8, 7, 8, 7, 8, 7, 7, 6, 
267: 10, 8, 0, 0, 11, 8, 0, 7, 0, 7, 6, 0, 0, 7, 8, 0, 0, 5, 0, 9, 6, 9, 0, 0, 0, 0, 9, 0, 9, 0, 0, 9, 7, 7, 0, 0, 7, 9, 9, 0, 9, 0, 0, 6, 0, 5, 0, 0, 8, 0, 6, 0, 0, 0, 8, 0, 0, 10, 9, 0, 0, 8, 0, 6, 0, 0, 0, 0, 8, 0, 0, 8, 7, 6, 7, 0, 8, 0, 0, 0, : 10, 8, 11, 8, 7, 7, 6, 7, 8, 5, 9, 6, 9, 9, 9, 9, 7, 7, 7, 9, 9, 9, 6, 5, 8, 6, 8, 10, 9, 8, 6, 8, 8, 7, 6, 7, 8, 
22: 0, 0, 0, 8, 0, 7, 5, 0, 0, 0, 0, 0, 10, 8, 8, 7, 6, 10, 7, 0, 0, 7, 0, 0, 8, 9, 0, 8, 11, 5, 0, 0, 9, 0, 9, 5, 0, 5, 0, 6, 7, 0, 0, 6, 0, 0, 10, 0, 0, 7, 4, 0, 0, 8, 8, 0, 10, 6, 7, 8, 0, 0, 0, 0, 11, 7, 0, 8, 8, 8, 0, 0, 0, 8, 8, 7, 0, 8, 7, 0, : 8, 7, 5, 10, 8, 8, 7, 6, 10, 7, 7, 8, 9, 8, 11, 5, 9, 9, 5, 5, 6, 7, 6, 10, 7, 4, 8, 8, 10, 6, 7, 8, 11, 7, 8, 8, 8, 8, 8, 7, 8, 7, 
349: 0, 0, 0, 6, 7, 10, 7, 6, 8, 8, 0, 8, 0, 0, 7, 0, 7, 8, 6, 8, 7, 0, 9, 0, 8, 11, 6, 11, 5, 0, 0, 0, 5, 9, 8, 0, 8, 6, 0, 0, 6, 0, 0, 0, 8, 0, 0, 0, 5, 0, 9, 0, 7, 0, 8, 0, 7, 9, 0, 7, 0, 9, 8, 5, 9, 7, 0, 8, 0, 8, 0, 0, 0, 0, 7, 0, 7, 0, 0, 0, : 6, 7, 10, 7, 6, 8, 8, 8, 7, 7, 8, 6, 8, 7, 9, 8, 11, 6, 11, 5, 5, 9, 8, 8, 6, 6, 8, 5, 9, 7, 8, 7, 9, 7, 9, 8, 5, 9, 7, 8, 8, 7, 7, 
472: 0, 0, 0, 9, 0, 5, 0, 6, 0, 0, 7, 0, 8, 8, 0, 0, 0, 0, 0, 0, 10, 0, 4, 0, 8, 0, 11, 0, 0, 0, 9, 9, 0, 8, 5, 7, 8, 7, 8, 7, 7, 6, 5, 0, 0, 5, 0, 0, 0, 10, 0, 0, 0, 0, 0, 10, 0, 0, 7, 0, 9, 0, 0, 9, 0, 8, 0, 8, 7, 0, 8, 0, 0, 8, 0, 0, 7, 7, 0, 7, : 9, 5, 6, 7, 8, 8, 10, 4, 8, 11, 9, 9, 8, 5, 7, 8, 7, 8, 7, 7, 6, 5, 5, 10, 10, 7, 9, 9, 8, 8, 7, 8, 8, 7, 7, 7, 
604: 0, 6, 8, 0, 0, 0, 6, 8, 6, 10, 8, 8, 9, 0, 0, 9, 0, 8, 8, 0, 11, 0, 0, 5, 0, 6, 6, 0, 0, 6, 0, 0, 0, 6, 0, 8, 0, 8, 0, 0, 6, 0, 0, 0, 0, 0, 0, 0, 7, 0, 0, 0, 0, 10, 0, 9, 0, 7, 8, 10, 7, 8, 9, 6, 8, 0, 0, 7, 0, 0, 0, 8, 0, 7, 7, 8, 0, 8, 7, 9, : 6, 8, 6, 8, 6, 10, 8, 8, 9, 9, 8, 8, 11, 5, 6, 6, 6, 6, 8, 8, 6, 7, 10, 9, 7, 8, 10, 7, 8, 9, 6, 8, 7, 8, 7, 7, 8, 8, 7, 9, 
73: 0, 0, 0, 0, 0, 0, 9, 8, 0, 0, 6, 0, 8, 0, 0, 0, 6, 7, 8, 0, 0, 4, 0, 8, 7, 0, 0, 0, 0, 0, 7, 7, 9, 8, 8, 0, 0, 0, 0, 8, 0, 9, 0, 0, 8, 8, 0, 9, 6, 8, 0, 8, 6, 7, 0, 0, 0, 7, 9, 0, 0, 5, 0, 0, 6, 8, 7, 0, 0, 6, 8, 0, 0, 0, 0, 0, 0, 0, 8, 0, : 9, 8, 6, 8, 6, 7, 8, 4, 8, 7, 7, 7, 9, 8, 8, 8, 9, 8, 8, 9, 6, 8, 8, 6, 7, 7, 9, 5, 6, 8, 7, 6, 8, 8, 
679: 8, 0, 0, 0, 0, 0, 0, 0, 9, 5, 0, 10, 7, 0, 8, 0, 8, 0, 0, 7, 0, 0, 9, 0, 9, 0, 0, 6, 0, 11, 0, 6, 0, 7, 7, 7, 0, 0, 0, 7, 0, 0, 0, 0, 6, 0, 0, 0, 0, 9, 8, 7, 0, 6, 0, 7, 0, 0, 6, 0, 6, 0, 7, 6, 8, 0, 9, 7, 9, 7, 0, 7, 8, 8, 8, 7, 0, 8, 8, 0, : 8, 9, 5, 10, 7, 8, 8, 7, 9, 9, 6, 11, 6, 7, 7, 7, 7, 6, 9, 8, 7, 6, 7, 6, 6, 7, 6, 8, 9, 7, 9, 7, 7, 8, 8, 8, 7, 8, 8, 


301: 9, 7, 0, 0, 0, 6, 8, 0, 0, 9, 10, 0, 0, 0, 8, 7, 0, 0, 0, 8, 0, 0, 6, 0, 0, 0, 8, 0, 7, 0, 0, 0, 8, 6, 0, 0, 0, 0, 0, 0, 0, 8, 6, 0, 0, 0, 4, 0, 5, 0, 4, 0, 8, 0, 0, 0, 0, 0, 0, 0, 0, 0, 6, 0, 0, 0, 0, 8, 6, 8, 6, 0, 8, 0, 0, 0, 0, 8, 9, 0, : 9, 7, 6, 8, 9, 10, 8, 7, 8, 6, 8, 7, 8, 6, 8, 6, 4, 5, 4, 8, 6, 8, 6, 8, 6, 8, 8, 9, 
141: 0, 0, 0, 6, 7, 8, 7, 0, 0, 8, 0, 10, 0, 0, 6, 7, 5, 8, 7, 0, 11, 7, 0, 8, 0, 9, 6, 0, 0, 0, 0, 8, 0, 10, 0, 0, 0, 0, 9, 10, 7, 7, 0, 0, 6, 6, 10, 0, 9, 0, 0, 10, 0, 0, 0, 0, 5, 0, 0, 0, 8, 0, 9, 7, 0, 0, 0, 8, 0, 7, 0, 8, 0, 8, 0, 6, 0, 7, 0, 0, : 6, 7, 8, 7, 8, 10, 6, 7, 5, 8, 7, 11, 7, 8, 9, 6, 8, 10, 9, 10, 7, 7, 6, 6, 10, 9, 10, 5, 8, 9, 7, 8, 7, 8, 8, 6, 7, 
274: 0, 10, 7, 0, 0, 9, 6, 0, 0, 0, 0, 0, 0, 0, 0, 0, 8, 5, 0, 10, 11, 6, 0, 7, 6, 0, 0, 9, 6, 0, 9, 4, 0, 0, 10, 8, 0, 0, 0, 8, 0, 0, 8, 7, 0, 0, 0, 7, 8, 0, 0, 7, 6, 0, 0, 0, 9, 0, 0, 0, 0, 0, 0, 0, 8, 0, 0, 0, 0, 0, 7, 8, 0, 0, 8, 0, 8, 8, 5, 0, : 10, 7, 9, 6, 8, 5, 10, 11, 6, 7, 6, 9, 6, 9, 4, 10, 8, 8, 8, 7, 7, 8, 7, 6, 9, 8, 7, 8, 8, 8, 8, 5, 
558: 0, 0, 0, 8, 7, 0, 0, 8, 6, 7, 7, 7, 0, 0, 7, 0, 7, 8, 0, 0, 0, 0, 0, 0, 0, 10, 0, 0, 0, 0, 0, 8, 9, 8, 9, 0, 7, 0, 0, 0, 7, 0, 0, 10, 6, 10, 0, 0, 10, 0, 0, 0, 0, 5, 8, 6, 0, 0, 0, 0, 8, 0, 4, 0, 6, 0, 10, 0, 8, 0, 0, 0, 8, 0, 8, 8, 0, 0, 0, 6, : 8, 7, 8, 6, 7, 7, 7, 7, 7, 8, 10, 8, 9, 8, 9, 7, 7, 10, 6, 10, 10, 5, 8, 6, 8, 4, 6, 10, 8, 8, 8, 8, 6, 
772: 6, 0, 8, 8, 0, 8, 7, 6, 8, 0, 10, 10, 0, 6, 0, 0, 6, 7, 6, 11, 0, 0, 11, 8, 0, 6, 8, 7, 8, 9, 9, 0, 5, 8, 0, 4, 6, 7, 0, 0, 0, 0, 0, 6, 11, 0, 9, 0, 0, 8, 0, 0, 0, 8, 8, 7, 10, 6, 6, 0, 10, 0, 7, 9, 0, 7, 0, 0, 0, 7, 9, 8, 0, 0, 0, 0, 6, 0, 8, 0, : 6, 8, 8, 8, 7, 6, 8, 10, 10, 6, 6, 7, 6, 11, 11, 8, 6, 8, 7, 8, 9, 9, 5, 8, 4, 6, 7, 6, 11, 9, 8, 8, 8, 7, 10, 6, 6, 10, 7, 9, 7, 7, 9, 8, 6, 8, 
553: 0, 7, 8, 8, 0, 7, 5, 5, 10, 8, 9, 0, 0, 11, 0, 10, 0, 6, 10, 8, 10, 4, 7, 8, 6, 0, 6, 6, 9, 8, 9, 0, 0, 0, 8, 9, 8, 0, 8, 0, 0, 8, 8, 0, 7, 6, 8, 6, 8, 0, 7, 8, 0, 8, 8, 0, 0, 7, 0, 0, 0, 0, 0, 8, 0, 0, 0, 0, 8, 0, 8, 7, 0, 0, 0, 7, 8, 6, 7, 0, : 7, 8, 8, 7, 5, 5, 10, 8, 9, 11, 10, 6, 10, 8, 10, 4, 7, 8, 6, 6, 6, 9, 8, 9, 8, 9, 8, 8, 8, 8, 7, 6, 8, 6, 8, 7, 8, 8, 8, 7, 8, 8, 8, 7, 7, 8, 6, 7, 
207: 0, 9, 0, 0, 9, 0, 0, 10, 8, 0, 10, 0, 0, 9, 9, 0, 0, 8, 0, 7, 0, 0, 10, 0, 7, 0, 0, 6, 0, 7, 8, 8, 0, 8, 8, 8, 0, 9, 6, 7, 0, 6, 0, 8, 0, 0, 0, 0, 0, 0, 0, 0, 8, 5, 0, 5, 0, 10, 0, 6, 6, 0, 7, 0, 8, 0, 7, 8, 0, 0, 8, 9, 5, 8, 8, 7, 8, 0, 6, 7, : 9, 9, 10, 8, 10, 9, 9, 8, 7, 10, 7, 6, 7, 8, 8, 8, 8, 8, 9, 6, 7, 6, 8, 8, 5, 5, 10, 6, 6, 7, 8, 7, 8, 8, 9, 5, 8, 8, 7, 8, 6, 7, 
538: 0, 8, 7, 0, 0, 0, 9, 0, 0, 0, 5, 6, 7, 9, 0, 8, 0, 0, 10, 10, 0, 0, 0, 9, 5, 0, 8, 0, 7, 0, 0, 5, 0, 0, 8, 0, 10, 6, 0, 8, 0, 0, 0, 0, 5, 0, 9, 7, 10, 9, 10, 9, 5, 9, 9, 0, 5, 11, 0, 8, 7, 9, 5, 0, 0, 7, 0, 0, 0, 8, 0, 9, 0, 0, 0, 9, 0, 0, 0, 0, : 8, 7, 9, 5, 6, 7, 9, 8, 10, 10, 9, 5, 8, 7, 5, 8, 10, 6, 8, 5, 9, 7, 10, 9, 10, 9, 5, 9, 9, 5, 11, 8, 7, 9, 5, 7, 8, 9, 9, 
201: 0, 0, 0, 7, 0, 0, 0, 0, 0, 0, 7, 6, 0, 0, 7, 7, 7, 0, 7, 7, 8, 6, 0, 7, 5, 6, 0, 8, 5, 0, 0, 7, 0, 6, 10, 10, 0, 5, 8, 7, 8, 0, 7, 7, 10, 9, 7, 11, 0, 0, 0, 9, 8, 0, 5, 0, 9, 8, 10, 6, 9, 6, 0, 0, 0, 8, 9, 7, 0, 0, 8, 8, 6, 0, 6, 8, 0, 8, 0, 7, : 7, 7, 6, 7, 7, 7, 7, 7, 8, 6, 7, 5, 6, 8, 5, 7, 6, 10, 10, 5, 8, 7, 8, 7, 7, 10, 9, 7, 11, 9, 8, 5, 9, 8, 10, 6, 9, 6, 8, 9, 7, 8, 8, 6, 6, 8, 8, 7, 
441: 9, 0, 0, 10, 0, 0, 8, 7, 0, 7, 6, 0, 6, 8, 0, 8, 0, 8, 8, 5, 0, 0, 0, 6, 0, 7, 10, 0, 0, 8, 0, 9, 0, 9, 9, 0, 0, 8, 0, 0, 9, 8, 6, 0, 0, 0, 5, 5, 0, 4, 6, 0, 9, 0, 7, 9, 0, 7, 0, 0, 7, 8, 0, 10, 0, 0, 7, 0, 0, 0, 8, 8, 0, 7, 0, 8, 0, 0, 8, 8, : 9, 10, 8, 7, 7, 6, 6, 8, 8, 8, 8, 5, 6, 7, 10, 8, 9, 9, 9, 8, 9, 8, 6, 5, 5, 4, 6, 9, 7, 9, 7, 7, 8, 10, 7, 8, 8, 7, 8, 8, 8, 
337: 0, 0, 0, 9, 0, 0, 0, 0, 0, 10, 0, 7, 6, 7, 8, 4, 0, 10, 7, 0, 9, 0, 0, 10, 0, 9, 7, 0, 8, 0, 8, 9, 0, 0, 0, 6, 0, 8, 8, 8, 8, 0, 7, 9, 0, 0, 0, 8, 0, 9, 0, 8, 0, 10, 0, 9, 0, 9, 6, 5, 7, 7, 8, 0, 6, 0, 0, 8, 8, 0, 0, 7, 8, 7, 7, 0, 8, 0, 0, 0, : 9, 10, 7, 6, 7, 8, 4, 10, 7, 9, 10, 9, 7, 8, 8, 9, 6, 8, 8, 8, 8, 7, 9, 8, 9, 8, 10, 9, 9, 6, 5, 7, 7, 8, 6, 8, 8, 7, 8, 7, 7, 8, 
288: 5, 0, 6, 7, 8, 9, 5, 7, 0, 7, 7, 7, 8, 0, 0, 9, 5, 0, 0, 0, 6, 7, 0, 0, 8, 0, 5, 7, 0, 0, 0, 0, 0, 0, 0, 0, 0, 8, 0, 0, 0, 0, 5, 10, 0, 6, 0, 8, 7, 0, 9, 8, 0, 0, 9, 9, 7, 7, 8, 0, 0, 9, 0, 0, 9, 6, 0, 7, 7, 0, 0, 0, 0, 7, 0, 8, 8, 8, 7, 0, : 5, 6, 7, 8, 9, 5, 7, 7, 7, 7, 8, 9, 5, 6, 7, 8, 5, 7, 8, 5, 10, 6, 8, 7, 9, 8, 9, 9, 7, 7, 8, 9, 9, 6, 7, 7, 7, 8, 8, 8, 7, 
92: 0, 4, 8, 0, 7, 0, 0, 0, 7, 0, 0, 4, 0, 7, 9, 9, 0, 10, 8, 0, 8, 6, 8, 8, 9, 7, 0, 0, 8, 7, 9, 0, 6, 0, 6, 0, 8, 0, 0, 0, 9, 0, 0, 0, 0, 10, 6, 7, 9, 0, 4, 0, 0, 7, 6, 7, 5, 7, 0, 0, 0, 9, 0, 0, 0, 0, 8, 8, 5, 8, 9, 6, 0, 0, 6, 0, 0, 8, 0, 0, : 4, 8, 7, 7, 4, 7, 9, 9, 10, 8, 8, 6, 8, 8, 9, 7, 8, 7, 9, 6, 6, 8, 9, 10, 6, 7, 9, 4, 7, 6, 7, 5, 7, 9, 8, 8, 5, 8, 9, 6, 6, 8, 
720: 8, 0, 5, 0, 0, 8, 8, 0, 0, 0, 0, 0, 11, 0, 0, 0, 0, 0, 0, 0, 7, 10, 4, 0, 0, 0, 0, 0, 0, 0, 8, 0, 7, 4, 5, 0, 8, 0, 10, 7, 0, 0, 8, 0, 7, 0, 0, 0, 0, 0, 9, 6, 8, 7, 0, 8, 0, 7, 0, 8, 8, 6, 8, 6, 0, 0, 0, 8, 0, 0, 0, 8, 8, 8, 9, 8, 7, 8, 0, 8, : 8, 5, 8, 8, 11, 7, 10, 4, 8, 7, 4, 5, 8, 10, 7, 8, 7, 9, 6, 8, 7, 8, 7, 8, 8, 6, 8, 6, 8, 8, 8, 8, 9, 8, 7, 8, 8, 
539: 7, 0, 0, 4, 9, 5, 0, 0, 0, 0, 0, 7, 0, 0, 8, 0, 11, 0, 0, 0, 0, 9, 0, 0, 0, 7, 10, 7, 0, 0, 6, 7, 0, 0, 6, 4, 0, 8, 0, 6, 0, 0, 0, 0, 0, 0, 9, 0, 0, 0, 0, 10, 6, 8, 5, 9, 0, 0, 10, 9, 0, 0, 0, 6, 8, 8, 4, 5, 0, 8, 0, 7, 7, 9, 0, 8, 0, 6, 8, 0, : 7, 4, 9, 5, 7, 8, 11, 9, 7, 10, 7, 6, 7, 6, 4, 8, 6, 9, 10, 6, 8, 5, 9, 10, 9, 6, 8, 8, 4, 5, 8, 7, 7, 9, 8, 6, 8, 
670: 0, 7, 7, 7, 9, 0, 7, 7, 8, 4, 9, 0, 7, 0, 0, 0, 8, 5, 0, 7, 0, 0, 0, 0, 7, 8, 0, 0, 9, 9, 0, 0, 8, 0, 4, 0, 0, 10, 9, 0, 0, 6, 0, 6, 0, 8, 0, 0, 5, 0, 0, 0, 7, 0, 9, 0, 10, 0, 0, 7, 8, 0, 0, 8, 9, 7, 0, 0, 0, 5, 0, 0, 8, 0, 0, 0, 8, 0, 0, 0, : 7, 7, 7, 9, 7, 7, 8, 4, 9, 7, 8, 5, 7, 7, 8, 9, 9, 8, 4, 10, 9, 6, 6, 8, 5, 7, 9, 10, 7, 8, 8, 9, 7, 5, 8, 8, 
202: 0, 6, 7, 0, 8, 0, 0, 0, 5, 7, 8, 0, 6, 0, 0, 8, 9, 0, 0, 0, 6, 0, 0, 0, 0, 0, 9, 0, 0, 0, 0, 0, 0, 0, 0, 0, 6, 0, 8, 0, 0, 10, 0, 0, 0, 6, 0, 8, 7, 0, 7, 9, 7, 0, 0, 8, 0, 5, 10, 0, 0, 0, 6, 8, 0, 6, 0, 8, 8, 6, 0, 0, 0, 0, 0, 0, 0, 0, 0, 8, : 6, 7, 8, 5, 7, 8, 6, 8, 9, 6, 9, 6, 8, 10, 6, 8, 7, 7, 9, 7, 8, 5, 10, 6, 8, 6, 8, 8, 6, 8, 
131: 8, 0, 8, 0, 0, 9, 0, 8, 0, 0, 0, 0, 8, 8, 0, 0, 8, 0, 8, 0, 0, 0, 9, 0, 0, 0, 0, 9, 0, 0, 0, 6, 0, 7, 8, 0, 5, 0, 7, 0, 7, 7, 0, 7, 9, 6, 9, 9, 0, 11, 0, 0, 10, 8, 9, 0, 0, 0, 7, 8, 10, 8, 0, 6, 0, 0, 8, 0, 7, 0, 0, 7, 9, 0, 8, 8, 0, 0, 0, 8, : 8, 8, 9, 8, 8, 8, 8, 8, 9, 9, 6, 7, 8, 5, 7, 7, 7, 7, 9, 6, 9, 9, 11, 10, 8, 9, 7, 8, 10, 8, 6, 8, 7, 7, 9, 8, 8, 8, 
454: 0, 6, 0, 0, 0, 8, 8, 10, 11, 0, 0, 0, 9, 7, 0, 7, 0, 0, 5, 8, 0, 8, 7, 8, 0, 7, 0, 5, 0, 0, 0, 0, 7, 0, 0, 0, 0, 0, 6, 0, 8, 7, 0, 0, 8, 0, 9, 0, 0, 9, 7, 0, 0, 10, 9, 0, 0, 0, 6, 10, 0, 0, 0, 0, 8, 8, 7, 0, 0, 8, 7, 8, 0, 0, 8, 7, 8, 8, 7, 0, : 6, 8, 8, 10, 11, 9, 7, 7, 5, 8, 8, 7, 8, 7, 5, 7, 6, 8, 7, 8, 9, 9, 7, 10, 9, 6, 10, 8, 8, 7, 8, 7, 8, 8, 7, 8, 8, 7, 
395: 0, 0, 10, 0, 9, 6, 0, 0, 8, 0, 4, 0, 0, 8, 8, 7, 8, 0, 7, 0, 7, 11, 7, 0, 8, 9, 7, 0, 5, 5, 0, 0, 6, 0, 0, 0, 8, 8, 0, 0, 0, 7, 0, 7, 6, 9, 6, 0, 0, 0, 10, 0, 9, 0, 0, 0, 0, 0, 9, 8, 9, 0, 0, 7, 7, 9, 0, 7, 7, 0, 5, 0, 0, 8, 7, 0, 0, 9, 7, 8, : 10, 9, 6, 8, 4, 8, 8, 7, 8, 7, 7, 11, 7, 8, 9, 7, 5, 5, 6, 8, 8, 7, 7, 6, 9, 6, 10, 9, 9, 8, 9, 7, 7, 9, 7, 7, 5, 8, 7, 9, 7, 8, 
94: 8, 9, 7, 8, 7, 0, 6, 0, 11, 0, 5, 5, 10, 9, 0, 0, 0, 10, 0, 8, 7, 9, 10, 0, 7, 7, 0, 0, 9, 8, 7, 0, 0, 0, 8, 0, 0, 0, 0, 10, 7, 8, 7, 0, 8, 8, 8, 0, 7, 10, 10, 0, 10, 6, 0, 0, 7, 0, 0, 8, 0, 9, 8, 10, 0, 8, 0, 8, 0, 8, 8, 0, 0, 0, 0, 0, 9, 0, 0, 8, : 8, 9, 7, 8, 7, 6, 11, 5, 5, 10, 9, 10, 8, 7, 9, 10, 7, 7, 9, 8, 7, 8, 10, 7, 8, 7, 8, 8, 8, 7, 10, 10, 10, 6, 7, 8, 9, 8, 10, 8, 8, 8, 8, 9, 8, 
231: 11, 8, 9, 9, 0, 0, 10, 0, 8, 5, 0, 8, 6, 6, 7, 8, 6, 6, 7, 8, 0, 0, 6, 7, 10, 7, 0, 7, 8, 8, 8, 9, 0, 8, 0, 0, 0, 9, 0, 0, 7, 0, 0, 0, 0, 5, 0, 9, 8, 9, 0, 0, 6, 0, 6, 0, 9, 0, 10, 0, 0, 6, 0, 7, 0, 0, 8, 0, 7, 0, 0, 0, 7, 8, 9, 0, 0, 7, 0, 6, : 11, 8, 9, 9, 10, 8, 5, 8, 6, 6, 7, 8, 6, 6, 7, 8, 6, 7, 10, 7, 7, 8, 8, 8, 9, 8, 9, 7, 5, 9, 8, 9, 6, 6, 9, 10, 6, 7, 8, 7, 7, 8, 9, 7, 6, 
328: 0, 7, 0, 5, 0, 0, 9, 11, 7, 0, 7, 0, 7, 0, 0, 0, 0, 0, 4, 7, 0, 6, 0, 8, 8, 0, 7, 10, 9, 5, 5, 8, 7, 0, 0, 6, 10, 8, 0, 0, 5, 0, 10, 0, 0, 0, 6, 9, 0, 0, 0, 6, 0, 10, 0, 0, 0, 5, 0, 0, 0, 6, 0, 0, 8, 0, 0, 0, 0, 0, 0, 5, 8, 5, 0, 6, 0, 7, 8, 9, : 7, 5, 9, 11, 7, 7, 7, 4, 7, 6, 8, 8, 7, 10, 9, 5, 5, 8, 7, 6, 10, 8, 5, 10, 6, 9, 6, 10, 5, 6, 8, 5, 8, 5, 6, 7, 8, 9, 
519: 0, 0, 0, 0, 4, 8, 6, 8, 0, 8, 0, 9, 7, 0, 0, 6, 5, 0, 10, 7, 6, 0, 0, 0, 0, 0, 7, 0, 0, 8, 7, 7, 0, 0, 0, 8, 0, 0, 0, 8, 8, 6, 0, 9, 7, 8, 9, 10, 8, 7, 0, 5, 0, 5, 0, 5, 6, 5, 6, 7, 0, 11, 11, 4, 10, 9, 0, 0, 0, 7, 8, 0, 9, 0, 0, 0, 7, 0, 8, 9, : 4, 8, 6, 8, 8, 9, 7, 6, 5, 10, 7, 6, 7, 8, 7, 7, 8, 8, 8, 6, 9, 7, 8, 9, 10, 8, 7, 5, 5, 5, 6, 5, 6, 7, 11, 11, 4, 10, 9, 7, 8, 9, 7, 8, 9, 
102: 0, 8, 7, 8, 5, 6, 6, 7, 0, 10, 6, 0, 0, 4, 7, 0, 10, 7, 0, 0, 0, 8, 8, 0, 8, 0, 0, 0, 9, 9, 0, 0, 8, 9, 7, 0, 8, 8, 0, 0, 7, 0, 10, 8, 0, 0, 0, 4, 4, 0, 7, 0, 0, 7, 8, 8, 11, 0, 0, 0, 0, 0, 9, 0, 4, 0, 8, 8, 8, 8, 6, 0, 7, 6, 0, 0, 7, 0, 0, 8, : 8, 7, 8, 5, 6, 6, 7, 10, 6, 4, 7, 10, 7, 8, 8, 8, 9, 9, 8, 9, 7, 8, 8, 7, 10, 8, 4, 4, 7, 7, 8, 8, 11, 9, 4, 8, 8, 8, 8, 6, 7, 6, 7, 8, 
235: 7, 11, 11, 0, 0, 6, 0, 9, 0, 0, 0, 9, 0, 0, 0, 0, 0, 0, 0, 0, 8, 6, 6, 0, 8, 0, 0, 8, 0, 8, 8, 0, 0, 10, 0, 9, 0, 0, 7, 5, 0, 9, 7, 0, 0, 0, 7, 5, 0, 6, 0, 4, 0, 0, 0, 9, 7, 10, 0, 0, 0, 8, 10, 0, 8, 8, 8, 0, 8, 8, 8, 0, 0, 9, 8, 0, 6, 0, 7, 8, : 7, 11, 11, 6, 9, 9, 8, 6, 6, 8, 8, 8, 8, 10, 9, 7, 5, 9, 7, 7, 5, 6, 4, 9, 7, 10, 8, 10, 8, 8, 8, 8, 8, 8, 9, 8, 6, 7, 8, 
257: 8, 0, 0, 10, 6, 0, 0, 5, 0, 0, 0, 8, 0, 0, 6, 9, 0, 8, 7, 0, 8, 0, 9, 9, 0, 5, 5, 5, 5, 0, 8, 0, 0, 7, 0, 9, 0, 0, 6, 0, 0, 0, 7, 9, 0, 7, 6, 0, 8, 5, 0, 0, 5, 7, 0, 5, 7, 7, 8, 0, 0, 8, 7, 0, 7, 8, 8, 0, 0, 8, 8, 7, 8, 6, 0, 8, 7, 5, 6, 0, : 8, 10, 6, 5, 8, 6, 9, 8, 7, 8, 9, 9, 5, 5, 5, 5, 8, 7, 9, 6, 7, 9, 7, 6, 8, 5, 5, 7, 5, 7, 7, 8, 8, 7, 7, 8, 8, 8, 8, 7, 8, 6, 8, 7, 5, 6, 
62: 7, 8, 0, 8, 10, 8, 0, 8, 4, 0, 8, 0, 8, 6, 0, 0, 8, 0, 0, 0, 4, 0, 7, 0, 0, 7, 0, 8, 8, 9, 9, 8, 9, 0, 9, 5, 8, 0, 0, 7, 0, 7, 0, 5, 9, 6, 0, 0, 10, 0, 8, 0, 10, 0, 0, 0, 0, 5, 8, 0, 6, 0, 0, 0, 0, 0, 8, 0, 7, 7, 0, 8, 7, 7, 7, 0, 0, 7, 0, 0, : 7, 8, 8, 10, 8, 8, 4, 8, 8, 6, 8, 4, 7, 7, 8, 8, 9, 9, 8, 9, 9, 5, 8, 7, 7, 5, 9, 6, 10, 8, 10, 5, 8, 6, 8, 7, 7, 8, 7, 7, 7, 7, 
10: 0, 0, 0, 0, 6, 0, 8, 6, 0, 6, 0, 7, 0, 0, 10, 5, 0, 0, 0, 0, 0, 0, 0, 0, 10, 9, 0, 7, 7, 0, 0, 0, 0, 9, 7, 8, 4, 0, 9, 8, 0, 0, 0, 0, 6, 9, 0, 0, 0, 7, 7, 7, 4, 7, 0, 0, 7, 9, 0, 8, 0, 0, 8, 7, 0, 6, 0, 8, 0, 0, 9, 0, 0, 8, 0, 9, 8, 0, 8, 0, : 6, 8, 6, 6, 7, 10, 5, 10, 9, 7, 7, 9, 7, 8, 4, 9, 8, 6, 9, 7, 7, 7, 4, 7, 7, 9, 8, 8, 7, 6, 8, 9, 8, 9, 8, 8, 
692: 8, 0, 0, 0, 10, 0, 10, 8, 5, 7, 7, 0, 8, 8, 0, 7, 8, 8, 0, 0, 0, 0, 0, 0, 8, 0, 9, 0, 0, 8, 0, 0, 8, 0, 0, 9, 0, 9, 8, 8, 0, 10, 7, 0, 6, 5, 0, 0, 0, 0, 0, 0, 8, 0, 0, 8, 6, 0, 0, 9, 0, 7, 8, 8, 8, 0, 0, 6, 0, 7, 0, 0, 0, 0, 8, 7, 7, 0, 0, 7, : 8, 10, 10, 8, 5, 7, 7, 8, 8, 7, 8, 8, 8, 9, 8, 8, 9, 9, 8, 8, 10, 7, 6, 5, 8, 8, 6, 9, 7, 8, 8, 8, 6, 7, 8, 7, 7, 7, 
742: 6, 0, 0, 0, 7, 0, 9, 0, 10, 0, 8, 9, 0, 0, 0, 0, 4, 4, 0, 0, 0, 9, 6, 0, 0, 0, 8, 7, 0, 0, 0, 8, 0, 0, 0, 0, 9, 0, 0, 7, 0, 0, 0, 0, 6, 9, 0, 0, 0, 9, 9, 10, 0, 0, 0, 0, 0, 8, 0, 7, 0, 6, 0, 6, 7, 8, 8, 9, 8, 0, 0, 0, 6, 0, 0, 0, 0, 7, 0, 0, : 6, 7, 9, 10, 8, 9, 4, 4, 9, 6, 8, 7, 8, 9, 7, 6, 9, 9, 9, 10, 8, 7, 6, 6, 7, 8, 8, 9, 8, 6, 7, 
448: 7, 8, 0, 0, 5, 10, 0, 0, 6, 0, 0, 6, 0, 0, 8, 9, 0, 0, 0, 7, 0, 7, 8, 6, 7, 0, 0, 9, 0, 5, 0, 9, 7, 0, 4, 9, 9, 6, 9, 0, 0, 0, 7, 0, 0, 0, 8, 6, 7, 6, 8, 9, 7, 0, 8, 0, 0, 7, 7, 6, 0, 4, 0, 0, 6, 10, 6, 0, 9, 0, 0, 0, 0, 8, 8, 0, 0, 0, 8, 7, : 7, 8, 5, 10, 6, 6, 8, 9, 7, 7, 8, 6, 7, 9, 5, 9, 7, 4, 9, 9, 6, 9, 7, 8, 6, 7, 6, 8, 9, 7, 8, 7, 7, 6, 4, 6, 10, 6, 9, 8, 8, 8, 7, 
717: 6, 8, 4, 0, 9, 0, 0, 0, 0, 10, 0, 10, 4, 7, 0, 8, 0, 0, 0, 0, 0, 8, 6, 7, 0, 10, 10, 8, 0, 0, 8, 7, 10, 8, 8, 9, 0, 0, 7, 8, 10, 4, 10, 8, 9, 0, 8, 0, 5, 6, 0, 8, 0, 0, 7, 9, 0, 0, 0, 0, 7, 0, 7, 0, 0, 8, 0, 0, 8, 8, 7, 6, 0, 0, 0, 7, 0, 0, 0, 0, : 6, 8, 4, 9, 10, 10, 4, 7, 8, 8, 6, 7, 10, 10, 8, 8, 7, 10, 8, 8, 9, 7, 8, 10, 4, 10, 8, 9, 8, 5, 6, 8, 7, 9, 7, 7, 8, 8, 8, 7, 6, 7, 
175: 8, 7, 0, 0, 8, 7, 0, 7, 0, 5, 10, 8, 0, 8, 8, 0, 8, 7, 7, 7, 7, 7, 0, 10, 0, 0, 0, 0, 6, 6, 8, 6, 8, 9, 0, 0, 9, 9, 8, 0, 9, 0, 0, 0, 0, 0, 0, 0, 6, 8, 0, 4, 0, 0, 10, 0, 10, 0, 6, 0, 7, 7, 7, 0, 8, 0, 0, 7, 8, 0, 0, 0, 0, 0, 5, 8, 0, 0, 8, 0, : 8, 7, 8, 7, 7, 5, 10, 8, 8, 8, 8, 7, 7, 7, 7, 7, 10, 6, 6, 8, 6, 8, 9, 9, 9, 8, 9, 6, 8, 4, 10, 10, 6, 7, 7, 7, 8, 7, 8, 5, 8, 8, 
15: 7, 0, 8, 7, 0, 7, 0, 0, 0, 0, 0, 0, 8, 6, 8, 0, 11, 0, 0, 6, 7, 6, 0, 5, 8, 5, 8, 8, 0, 0, 0, 0, 0, 0, 0, 0, 6, 0, 0, 5, 7, 0, 8, 6, 0, 0, 0, 9, 0, 8, 5, 7, 0, 9, 7, 7, 7, 0, 5, 7, 6, 0, 6, 0, 0, 0, 0, 8, 8, 9, 0, 0, 8, 7, 0, 0, 0, 8, 8, 7, : 7, 8, 7, 7, 8, 6, 8, 11, 6, 7, 6, 5, 8, 5, 8, 8, 6, 5, 7, 8, 6, 9, 8, 5, 7, 9, 7, 7, 7, 5, 7, 6, 6, 8, 8, 9, 8, 7, 8, 8, 7, 
364: 0, 7, 0, 7, 0, 0, 0, 0, 9, 9, 0, 0, 7, 7, 7, 0, 8, 8, 9, 9, 7, 0, 8, 0, 6, 0, 0, 0, 8, 8, 7, 0, 7, 8, 6, 7, 4, 9, 0, 0, 6, 8, 6, 6, 9, 0, 0, 0, 0, 8, 9, 0, 0, 0, 0, 10, 0, 10, 8, 0, 8, 7, 0, 8, 0, 7, 7, 0, 8, 7, 0, 0, 8, 8, 7, 5, 0, 0, 8, 5, : 7, 7, 9, 9, 7, 7, 7, 8, 8, 9, 9, 7, 8, 6, 8, 8, 7, 7, 8, 6, 7, 4, 9, 6, 8, 6, 6, 9, 8, 9, 10, 10, 8, 8, 7, 8, 7, 7, 8, 7, 8, 8, 7, 5, 8, 5, 
314: 7, 0, 8, 0, 0, 0, 0, 5, 5, 0, 0, 0, 9, 0, 4, 7, 0, 0, 0, 6, 8, 10, 0, 0, 0, 0, 6, 0, 0, 8, 0, 8, 10, 6, 10, 0, 0, 0, 5, 5, 8, 0, 8, 7, 0, 7, 0, 6, 0, 7, 0, 0, 9, 5, 7, 0, 0, 0, 6, 6, 4, 0, 0, 9, 7, 8, 7, 7, 0, 8, 7, 7, 0, 8, 8, 0, 8, 9, 0, 8, : 7, 8, 5, 5, 9, 4, 7, 6, 8, 10, 6, 8, 8, 10, 6, 10, 5, 5, 8, 8, 7, 7, 6, 7, 9, 5, 7, 6, 6, 4, 9, 7, 8, 7, 7, 8, 7, 7, 8, 8, 8, 9, 8, 
266: 0, 5, 9, 6, 0, 0, 0, 0, 6, 8, 0, 0, 0, 0, 0, 0, 0, 0, 8, 4, 0, 0, 0, 9, 9, 7, 6, 0, 0, 0, 0, 0, 7, 0, 0, 8, 0, 6, 5, 9, 7, 9, 0, 0, 10, 10, 0, 7, 0, 0, 6, 0, 0, 0, 0, 7, 8, 0, 0, 7, 8, 0, 9, 9, 8, 0, 8, 0, 0, 0, 7, 9, 7, 0, 8, 8, 9, 8, 0, 0, : 5, 9, 6, 6, 8, 8, 4, 9, 9, 7, 6, 7, 8, 6, 5, 9, 7, 9, 10, 10, 7, 6, 7, 8, 7, 8, 9, 9, 8, 8, 7, 9, 7, 8, 8, 9, 8, 
406: 8, 0, 0, 8, 0, 9, 0, 0, 8, 10, 7, 0, 8, 9, 9, 0, 0, 9, 7, 0, 0, 0, 7, 4, 0, 0, 0, 0, 0, 7, 4, 9, 4, 6, 0, 7, 8, 5, 7, 9, 0, 7, 0, 9, 0, 0, 7, 0, 0, 0, 8, 6, 0, 0, 0, 0, 0, 0, 7, 0, 0, 0, 0, 0, 0, 4, 8, 0, 0, 0, 7, 0, 8, 8, 0, 0, 8, 8, 0, 8, : 8, 8, 9, 8, 10, 7, 8, 9, 9, 9, 7, 7, 4, 7, 4, 9, 4, 6, 7, 8, 5, 7, 9, 7, 9, 7, 8, 6, 7, 4, 8, 7, 8, 8, 8, 8, 8, 
177: 0, 0, 6, 0, 0, 6, 8, 8, 0, 5, 0, 7, 0, 0, 6, 0, 0, 8, 8, 0, 5, 0, 0, 6, 0, 8, 0, 9, 9, 0, 5, 0, 9, 4, 0, 7, 9, 4, 0, 0, 6, 8, 8, 6, 5, 0, 0, 9, 9, 4, 0, 0, 0, 9, 5, 5, 5, 0, 7, 10, 7, 9, 0, 7, 0, 0, 6, 7, 7, 0, 0, 0, 0, 0, 7, 0, 5, 0, 9, 0, : 6, 6, 8, 8, 5, 7, 6, 8, 8, 5, 6, 8, 9, 9, 5, 9, 4, 7, 9, 4, 6, 8, 8, 6, 5, 9, 9, 4, 9, 5, 5, 5, 7, 10, 7, 9, 7, 6, 7, 7, 7, 5, 9, 


552: 0, 7, 8, 0, 0, 0, 0, 0, 0, 0, 0, 0, 0, 0, 6, 0, 6, 6, 0, 0, 0, 4, 11, 0, 10, 5, 10, 9, 0, 9, 0, 8, 7, 9, 0, 11, 0, 9, 7, 8, 0, 0, 5, 7, 7, 7, 0, 0, 8, 8, 8, 8, 0, 6, 0, 8, 0, 0, 0, 10, 8, 0, 7, 0, 9, 5, 6, 8, 0, 9, 0, 0, 0, 0, 9, 0, 0, 0, 0, 0, : 7, 8, 6, 6, 6, 4, 11, 10, 5, 10, 9, 9, 8, 7, 9, 11, 9, 7, 8, 5, 7, 7, 7, 8, 8, 8, 8, 6, 8, 10, 8, 7, 9, 5, 6, 8, 9, 9, 
654: 7, 9, 7, 0, 7, 0, 0, 7, 0, 8, 6, 0, 0, 7, 8, 0, 8, 0, 6, 7, 0, 0, 0, 0, 5, 9, 0, 0, 7, 0, 7, 8, 10, 8, 0, 9, 0, 6, 0, 0, 0, 7, 0, 9, 10, 0, 6, 9, 6, 7, 0, 0, 7, 0, 8, 9, 5, 0, 10, 0, 0, 0, 7, 5, 7, 5, 0, 0, 0, 0, 9, 0, 0, 8, 0, 8, 0, 7, 6, 6, : 7, 9, 7, 7, 7, 8, 6, 7, 8, 8, 6, 7, 5, 9, 7, 7, 8, 10, 8, 9, 6, 7, 9, 10, 6, 9, 6, 7, 7, 8, 9, 5, 10, 7, 5, 7, 5, 9, 8, 8, 7, 6, 6, 
541: 7, 9, 7, 5, 0, 8, 0, 9, 0, 8, 7, 0, 0, 7, 0, 0, 0, 0, 6, 0, 0, 0, 7, 0, 6, 0, 8, 0, 8, 0, 0, 6, 0, 7, 9, 7, 9, 0, 0, 5, 7, 0, 8, 8, 7, 8, 0, 0, 0, 0, 0, 0, 7, 0, 0, 8, 0, 0, 0, 10, 7, 0, 8, 0, 0, 6, 8, 9, 9, 9, 0, 0, 7, 8, 7, 7, 0, 6, 8, 0, : 7, 9, 7, 5, 8, 9, 8, 7, 7, 6, 7, 6, 8, 8, 6, 7, 9, 7, 9, 5, 7, 8, 8, 7, 8, 7, 8, 10, 7, 8, 6, 8, 9, 9, 9, 7, 8, 7, 7, 6, 8, 
780: 0, 0, 9, 9, 0, 0, 0, 8, 9, 0, 5, 8, 7, 0, 0, 6, 9, 8, 8, 0, 0, 8, 10, 0, 0, 6, 0, 8, 8, 8, 10, 0, 7, 0, 7, 9, 0, 0, 0, 0, 8, 7, 8, 0, 0, 0, 0, 0, 8, 8, 0, 7, 0, 0, 0, 7, 0, 0, 6, 0, 9, 7, 8, 0, 8, 8, 10, 0, 8, 9, 8, 9, 8, 8, 0, 0, 0, 0, 0, 8, : 9, 9, 8, 9, 5, 8, 7, 6, 9, 8, 8, 8, 10, 6, 8, 8, 8, 10, 7, 7, 9, 8, 7, 8, 8, 8, 7, 7, 6, 9, 7, 8, 8, 8, 10, 8, 9, 8, 9, 8, 8, 8, 
130: 0, 9, 0, 0, 0, 0, 8, 0, 0, 8, 0, 0, 11, 0, 8, 0, 0, 11, 0, 0, 0, 6, 10, 6, 9, 6, 6, 6, 0, 10, 0, 0, 0, 7, 0, 5, 0, 7, 5, 0, 0, 6, 7, 0, 0, 9, 0, 5, 0, 5, 0, 0, 0, 0, 9, 7, 10, 7, 8, 9, 0, 7, 0, 0, 0, 10, 0, 0, 0, 0, 0, 7, 7, 0, 0, 7, 0, 0, 5, 8, : 9, 8, 8, 11, 8, 11, 6, 10, 6, 9, 6, 6, 6, 10, 7, 5, 7, 5, 6, 7, 9, 5, 5, 9, 7, 10, 7, 8, 9, 7, 10, 7, 7, 7, 5, 8, 
214: 8, 0, 0, 7, 0, 6, 8, 0, 8, 0, 0, 0, 0, 9, 5, 7, 8, 0, 11, 0, 0, 0, 0, 6, 11, 0, 11, 9, 0, 7, 0, 0, 0, 0, 6, 0, 10, 0, 8, 0, 0, 0, 0, 0, 9, 7, 0, 0, 9, 0, 0, 8, 0, 8, 0, 6, 7, 6, 0, 0, 9, 8, 9, 8, 0, 10, 0, 0, 9, 6, 0, 6, 0, 8, 8, 0, 9, 7, 8, 7, : 8, 7, 6, 8, 8, 9, 5, 7, 8, 11, 6, 11, 11, 9, 7, 6, 10, 8, 9, 7, 9, 8, 8, 6, 7, 6, 9, 8, 9, 8, 10, 9, 6, 6, 8, 8, 9, 7, 8, 7, 
101: 9, 0, 0, 10, 9, 0, 9, 0, 0, 11, 11, 9, 7, 0, 10, 0, 0, 8, 0, 9, 0, 0, 0, 0, 0, 0, 0, 5, 7, 0, 0, 6, 7, 10, 0, 0, 7, 0, 9, 0, 0, 0, 6, 8, 8, 6, 0, 6, 8, 8, 6, 0, 0, 0, 0, 9, 0, 7, 7, 0, 0, 0, 0, 6, 0, 0, 0, 7, 7, 0, 7, 0, 0, 0, 7, 8, 0, 0, 8, 0, : 9, 10, 9, 9, 11, 11, 9, 7, 10, 8, 9, 5, 7, 6, 7, 10, 7, 9, 6, 8, 8, 6, 6, 8, 8, 6, 9, 7, 7, 6, 7, 7, 7, 7, 8, 8, 
248: 0, 8, 6, 5, 0, 0, 0, 0, 0, 6, 7, 0, 10, 0, 6, 0, 8, 6, 0, 8, 0, 0, 0, 6, 0, 8, 0, 7, 10, 0, 6, 0, 8, 6, 0, 0, 10, 8, 0, 5, 0, 0, 0, 0, 9, 0, 9, 0, 6, 0, 8, 0, 7, 6, 0, 0, 6, 7, 7, 10, 9, 0, 0, 9, 8, 0, 7, 6, 0, 0, 9, 0, 0, 0, 7, 0, 8, 0, 0, 0, : 8, 6, 5, 6, 7, 10, 6, 8, 6, 8, 6, 8, 7, 10, 6, 8, 6, 10, 8, 5, 9, 9, 6, 8, 7, 6, 6, 7, 7, 10, 9, 9, 8, 7, 6, 9, 7, 8, 
651: 7, 5, 10, 7, 7, 6, 0, 4, 0, 7, 5, 7, 0, 8, 0, 7, 11, 0, 0, 0, 0, 0, 8, 11, 7, 0, 0, 5, 0, 0, 0, 10, 0, 0, 4, 11, 6, 0, 7, 0, 7, 0, 9, 6, 0, 0, 0, 6, 0, 7, 8, 8, 0, 0, 7, 8, 7, 8, 10, 0, 6, 0, 0, 8, 10, 8, 0, 7, 9, 0, 6, 0, 0, 0, 0, 6, 0, 8, 0, 0, : 7, 5, 10, 7, 7, 6, 4, 7, 5, 7, 8, 7, 11, 8, 11, 7, 5, 10, 4, 11, 6, 7, 7, 9, 6, 6, 7, 8, 8, 7, 8, 7, 8, 10, 6, 8, 10, 8, 7, 9, 6, 6, 8, 
37: 8, 0, 0, 9, 5, 7, 0, 7, 0, 8, 10, 0, 8, 9, 0, 10, 0, 8, 0, 5, 8, 0, 0, 7, 0, 10, 0, 0, 0, 0, 0, 8, 0, 0, 0, 0, 0, 0, 0, 11, 9, 8, 0, 8, 8, 0, 0, 0, 8, 9, 0, 0, 9, 7, 0, 0, 8, 0, 0, 0, 0, 0, 0, 0, 0, 0, 0, 8, 0, 8, 6, 0, 0, 9, 8, 8, 0, 8, 0, 0, : 8, 9, 5, 7, 7, 8, 10, 8, 9, 10, 8, 5, 8, 7, 10, 8, 11, 9, 8, 8, 8, 8, 9, 9, 7, 8, 8, 8, 6, 9, 8, 8, 8, 
111: 7, 8, 7, 0, 0, 0, 7, 6, 5, 0, 0, 0, 7, 0, 9, 6, 0, 0, 0, 0, 0, 10, 0, 0, 10, 0, 0, 0, 8, 0, 0, 8, 8, 11, 0, 0, 0, 0, 5, 0, 5, 0, 6, 7, 0, 7, 0, 8, 0, 0, 0, 0, 0, 0, 0, 5, 0, 0, 0, 7, 9, 8, 0, 7, 0, 7, 8, 0, 0, 7, 7, 0, 0, 5, 0, 7, 7, 0, 8, 0, : 7, 8, 7, 7, 6, 5, 7, 9, 6, 10, 10, 8, 8, 8, 11, 5, 5, 6, 7, 7, 8, 5, 7, 9, 8, 7, 7, 8, 7, 7, 5, 7, 7, 8, 
410: 0, 8, 0, 0, 0, 0, 10, 0, 10, 0, 10, 9, 7, 6, 0, 0, 7, 6, 0, 5, 9, 0, 6, 9, 11, 0, 0, 0, 9, 8, 0, 0, 0, 7, 6, 0, 10, 0, 0, 7, 8, 6, 8, 0, 0, 0, 0, 0, 0, 8, 11, 8, 7, 10, 5, 10, 0, 0, 8, 7, 9, 0, 5, 6, 5, 7, 0, 6, 0, 0, 9, 0, 7, 0, 5, 7, 8, 5, 7, 0, : 8, 10, 10, 10, 9, 7, 6, 7, 6, 5, 9, 6, 9, 11, 9, 8, 7, 6, 10, 7, 8, 6, 8, 8, 11, 8, 7, 10, 5, 10, 8, 7, 9, 5, 6, 5, 7, 6, 9, 7, 5, 7, 8, 5, 7, 
599: 0, 0, 0, 7, 10, 0, 0, 8, 5, 10, 8, 8, 9, 0, 7, 6, 0, 0, 0, 0, 7, 0, 7, 0, 6, 0, 6, 0, 0, 0, 7, 0, 0, 0, 6, 0, 0, 6, 0, 8, 8, 9, 8, 8, 0, 0, 7, 8, 9, 9, 0, 7, 10, 0, 7, 6, 0, 0, 10, 5, 0, 9, 7, 0, 8, 6, 0, 9, 0, 8, 0, 6, 9, 6, 0, 7, 0, 6, 0, 0, : 7, 10, 8, 5, 10, 8, 8, 9, 7, 6, 7, 7, 6, 6, 7, 6, 6, 8, 8, 9, 8, 8, 7, 8, 9, 9, 7, 10, 7, 6, 10, 5, 9, 7, 8, 6, 9, 8, 6, 9, 6, 7, 6, 
583: 0, 6, 0, 0, 0, 0, 7, 10, 0, 7, 0, 0, 0, 0, 6, 0, 0, 0, 8, 8, 9, 7, 0, 11, 0, 0, 9, 8, 9, 8, 8, 10, 0, 0, 5, 9, 11, 0, 0, 8, 0, 8, 0, 7, 0, 11, 0, 6, 0, 0, 0, 5, 0, 7, 0, 0, 0, 9, 6, 0, 0, 9, 9, 9, 0, 10, 0, 9, 0, 0, 7, 0, 0, 7, 0, 0, 0, 8, 0, 7, : 6, 7, 10, 7, 6, 8, 8, 9, 7, 11, 9, 8, 9, 8, 8, 10, 5, 9, 11, 8, 8, 7, 11, 6, 5, 7, 9, 6, 9, 9, 9, 10, 9, 7, 7, 8, 7, 
260: 0, 0, 6, 7, 8, 5, 7, 8, 9, 7, 6, 6, 7, 0, 0, 8, 6, 0, 7, 10, 9, 11, 10, 0, 6, 0, 0, 6, 8, 7, 8, 7, 7, 6, 0, 0, 9, 0, 7, 6, 5, 6, 0, 5, 0, 0, 0, 0, 9, 0, 0, 0, 0, 0, 6, 8, 6, 0, 0, 9, 0, 10, 0, 8, 0, 9, 8, 6, 6, 6, 0, 9, 0, 0, 8, 0, 7, 0, 8, 8, : 6, 7, 8, 5, 7, 8, 9, 7, 6, 6, 7, 8, 6, 7, 10, 9, 11, 10, 6, 6, 8, 7, 8, 7, 7, 6, 9, 7, 6, 5, 6, 5, 9, 6, 8, 6, 9, 10, 8, 9, 8, 6, 6, 6, 9, 8, 7, 8, 8, 
222: 9, 0, 0, 6, 5, 8, 0, 0, 0, 0, 0, 5, 9, 10, 0, 0, 6, 0, 0, 8, 7, 0, 9, 7, 0, 0, 8, 9, 0, 6, 7, 0, 0, 0, 0, 6, 0, 0, 5, 7, 0, 0, 6, 0, 0, 0, 7, 0, 0, 9, 9, 7, 0, 8, 0, 0, 0, 0, 0, 0, 0, 9, 0, 0, 0, 0, 8, 0, 8, 0, 9, 0, 0, 7, 8, 8, 8, 0, 0, 0, : 9, 6, 5, 8, 5, 9, 10, 6, 8, 7, 9, 7, 8, 9, 6, 7, 6, 5, 7, 6, 7, 9, 9, 7, 8, 9, 8, 8, 9, 7, 8, 8, 8, 
633: 6, 6, 0, 0, 0, 0, 0, 0, 7, 0, 6, 7, 0, 6, 7, 0, 8, 0, 8, 0, 0, 0, 10, 9, 0, 0, 0, 8, 0, 7, 0, 0, 0, 8, 11, 0, 0, 0, 0, 0, 9, 8, 0, 0, 7, 7, 0, 6, 8, 6, 0, 0, 0, 9, 0, 7, 0, 8, 0, 0, 0, 5, 6, 0, 0, 0, 8, 0, 5, 0, 6, 7, 5, 0, 7, 9, 8, 8, 0, 8, : 6, 6, 7, 6, 7, 6, 7, 8, 8, 10, 9, 8, 7, 8, 11, 9, 8, 7, 7, 6, 8, 6, 9, 7, 8, 5, 6, 8, 5, 6, 7, 5, 7, 9, 8, 8, 8, 
711: 0, 0, 0, 0, 9, 6, 8, 7, 9, 0, 0, 5, 5, 0, 0, 7, 0, 0, 5, 8, 0, 0, 6, 10, 0, 5, 0, 6, 5, 0, 6, 8, 6, 6, 8, 6, 6, 0, 8, 8, 6, 0, 8, 0, 8, 0, 5, 0, 0, 0, 6, 0, 0, 0, 0, 0, 9, 7, 0, 0, 0, 0, 0, 0, 6, 0, 5, 0, 0, 9, 9, 0, 0, 0, 0, 8, 8, 0, 9, 8, : 9, 6, 8, 7, 9, 5, 5, 7, 5, 8, 6, 10, 5, 6, 5, 6, 8, 6, 6, 8, 6, 6, 8, 8, 6, 8, 8, 5, 6, 9, 7, 6, 5, 9, 9, 8, 8, 9, 8, 
621: 8, 0, 0, 0, 6, 8, 8, 8, 0, 7, 8, 0, 0, 0, 0, 6, 0, 0, 0, 0, 0, 10, 6, 0, 0, 7, 7, 0, 0, 0, 10, 0, 6, 0, 0, 0, 7, 7, 0, 0, 8, 0, 0, 0, 0, 5, 0, 0, 0, 0, 0, 7, 9, 8, 8, 0, 0, 9, 9, 6, 5, 8, 0, 0, 9, 6, 9, 0, 0, 7, 0, 7, 6, 7, 6, 0, 5, 0, 7, 0, : 8, 6, 8, 8, 8, 7, 8, 6, 10, 6, 7, 7, 10, 6, 7, 7, 8, 5, 7, 9, 8, 8, 9, 9, 6, 5, 8, 9, 6, 9, 7, 7, 6, 7, 6, 5, 7, 
560: 0, 10, 0, 5, 0, 9, 8, 7, 6, 7, 8, 7, 9, 0, 7, 7, 8, 0, 9, 0, 8, 0, 0, 0, 0, 5, 0, 0, 9, 9, 6, 0, 0, 6, 0, 0, 0, 8, 8, 0, 0, 0, 8, 5, 7, 0, 0, 8, 0, 5, 7, 0, 7, 0, 0, 6, 6, 8, 0, 7, 5, 6, 9, 5, 8, 0, 0, 7, 0, 0, 0, 9, 0, 0, 8, 0, 0, 7, 8, 0, : 10, 5, 9, 8, 7, 6, 7, 8, 7, 9, 7, 7, 8, 9, 8, 5, 9, 9, 6, 6, 8, 8, 8, 5, 7, 8, 5, 7, 7, 6, 6, 8, 7, 5, 6, 9, 5, 8, 7, 9, 8, 7, 8, 
125: 8, 0, 0, 0, 8, 6, 8, 8, 6, 0, 6, 9, 6, 7, 8, 9, 8, 0, 0, 9, 0, 6, 4, 10, 0, 7, 8, 10, 6, 0, 6, 6, 11, 0, 8, 6, 0, 5, 0, 0, 0, 0, 0, 8, 0, 0, 0, 10, 7, 0, 7, 0, 0, 0, 0, 6, 8, 5, 0, 0, 0, 0, 8, 0, 8, 6, 0, 7, 0, 7, 0, 5, 9, 8, 0, 0, 7, 8, 7, 0, : 8, 8, 6, 8, 8, 6, 6, 9, 6, 7, 8, 9, 8, 9, 6, 4, 10, 7, 8, 10, 6, 6, 6, 11, 8, 6, 5, 8, 10, 7, 7, 6, 8, 5, 8, 8, 6, 7, 7, 5, 9, 8, 7, 8, 7, 
575: 0, 7, 7, 0, 0, 8, 0, 10, 6, 0, 10, 7, 7, 6, 8, 9, 6, 6, 0, 0, 10, 9, 9, 4, 8, 10, 9, 0, 0, 7, 7, 0, 5, 0, 9, 5, 7, 0, 0, 0, 7, 0, 0, 0, 7, 6, 9, 10, 0, 10, 0, 8, 8, 7, 8, 0, 0, 6, 7, 8, 8, 5, 0, 5, 0, 0, 9, 0, 9, 0, 7, 0, 8, 0, 9, 8, 8, 0, 0, 7, : 7, 7, 8, 10, 6, 10, 7, 7, 6, 8, 9, 6, 6, 10, 9, 9, 4, 8, 10, 9, 7, 7, 5, 9, 5, 7, 7, 7, 6, 9, 10, 10, 8, 8, 7, 8, 6, 7, 8, 8, 5, 5, 9, 9, 7, 8, 9, 8, 8, 7, 
617: 0, 8, 0, 8, 7, 8, 8, 6, 0, 5, 7, 8, 0, 0, 7, 10, 9, 6, 10, 0, 0, 6, 6, 7, 0, 7, 8, 0, 8, 0, 0, 7, 0, 0, 0, 7, 0, 0, 8, 6, 0, 9, 0, 9, 6, 6, 0, 7, 10, 7, 7, 0, 6, 7, 8, 8, 0, 0, 7, 0, 6, 0, 0, 9, 0, 0, 7, 0, 0, 0, 0, 0, 0, 0, 8, 9, 0, 0, 0, 0, : 8, 8, 7, 8, 8, 6, 5, 7, 8, 7, 10, 9, 6, 10, 6, 6, 7, 7, 8, 8, 7, 7, 8, 6, 9, 9, 6, 6, 7, 10, 7, 7, 6, 7, 8, 8, 7, 6, 9, 7, 8, 9, 
792: 5, 7, 8, 0, 0, 8, 8, 0, 0, 10, 0, 0, 0, 0, 0, 0, 10, 8, 8, 11, 0, 6, 6, 0, 4, 0, 9, 8, 0, 6, 0, 7, 10, 8, 0, 6, 8, 5, 0, 10, 0, 0, 9, 0, 0, 0, 7, 8, 0, 0, 0, 6, 0, 9, 10, 0, 8, 0, 0, 7, 0, 0, 0, 11, 0, 0, 6, 7, 7, 7, 0, 0, 8, 0, 0, 8, 8, 0, 8, 0, : 5, 7, 8, 8, 8, 10, 10, 8, 8, 11, 6, 6, 4, 9, 8, 6, 7, 10, 8, 6, 8, 5, 10, 9, 7, 8, 6, 9, 10, 8, 7, 11, 6, 7, 7, 7, 8, 8, 8, 8, 
276: 5, 0, 10, 0, 0, 0, 6, 0, 0, 0, 8, 0, 0, 0, 0, 5, 0, 6, 0, 7, 10, 8, 0, 0, 0, 0, 7, 0, 0, 9, 0, 0, 8, 9, 0, 0, 0, 0, 0, 9, 0, 0, 0, 0, 6, 7, 6, 6, 0, 6, 8, 10, 7, 9, 0, 10, 10, 10, 0, 0, 9, 9, 0, 0, 0, 7, 9, 7, 0, 0, 0, 0, 7, 7, 0, 0, 0, 8, 0, 9, : 5, 10, 6, 8, 5, 6, 7, 10, 8, 7, 9, 8, 9, 9, 6, 7, 6, 6, 6, 8, 10, 7, 9, 10, 10, 10, 9, 9, 7, 9, 7, 7, 7, 8, 9, 
671: 7, 7, 7, 0, 0, 10, 0, 6, 0, 5, 0, 0, 0, 0, 9, 0, 0, 0, 6, 7, 5, 0, 0, 0, 9, 0, 0, 6, 0, 9, 10, 0, 0, 0, 7, 0, 6, 0, 0, 0, 8, 9, 0, 9, 0, 9, 9, 8, 0, 8, 0, 0, 9, 0, 7, 0, 0, 0, 5, 7, 9, 8, 5, 5, 11, 0, 8, 0, 8, 8, 0, 9, 8, 7, 0, 0, 8, 0, 8, 8, : 7, 7, 7, 10, 6, 5, 9, 6, 7, 5, 9, 6, 9, 10, 7, 6, 8, 9, 9, 9, 9, 8, 8, 9, 7, 5, 7, 9, 8, 5, 5, 11, 8, 8, 8, 9, 8, 7, 8, 8, 8, 
53: 0, 8, 9, 9, 10, 0, 4, 8, 11, 10, 0, 10, 0, 8, 10, 0, 6, 0, 0, 0, 6, 0, 8, 0, 9, 6, 10, 0, 0, 0, 9, 0, 5, 0, 7, 0, 0, 4, 0, 0, 6, 6, 0, 0, 0, 9, 6, 9, 8, 6, 0, 8, 0, 9, 10, 9, 10, 7, 0, 8, 0, 0, 9, 9, 6, 0, 0, 0, 8, 0, 0, 0, 0, 0, 0, 9, 0, 0, 7, 8, : 8, 9, 9, 10, 4, 8, 11, 10, 10, 8, 10, 6, 6, 8, 9, 6, 10, 9, 5, 7, 4, 6, 6, 9, 6, 9, 8, 6, 8, 9, 10, 9, 10, 7, 8, 9, 9, 6, 8, 9, 7, 8, 
71: 9, 5, 0, 0, 0, 6, 6, 0, 0, 0, 0, 0, 0, 0, 7, 0, 6, 9, 6, 0, 11, 0, 0, 8, 6, 9, 6, 0, 7, 6, 6, 0, 7, 0, 8, 9, 9, 8, 0, 0, 0, 6, 0, 0, 8, 0, 8, 0, 0, 0, 8, 0, 0, 0, 9, 0, 9, 0, 5, 9, 6, 6, 11, 7, 6, 0, 0, 9, 0, 0, 0, 8, 8, 8, 6, 8, 0, 0, 8, 7, : 9, 5, 6, 6, 7, 6, 9, 6, 11, 8, 6, 9, 6, 7, 6, 6, 7, 8, 9, 9, 8, 6, 8, 8, 8, 9, 9, 5, 9, 6, 6, 11, 7, 6, 9, 8, 8, 8, 6, 8, 8, 7, 
58: 0, 6, 7, 7, 0, 7, 0, 7, 5, 0, 0, 11, 8, 0, 9, 9, 0, 8, 11, 7, 5, 9, 0, 5, 5, 0, 0, 8, 5, 0, 8, 10, 10, 8, 0, 0, 0, 9, 7, 7, 0, 0, 0, 0, 6, 9, 7, 6, 7, 0, 6, 0, 4, 0, 6, 0, 0, 10, 0, 0, 0, 7, 0, 0, 5, 8, 6, 0, 7, 7, 8, 7, 8, 0, 7, 0, 6, 0, 0, 0, : 6, 7, 7, 7, 7, 5, 11, 8, 9, 9, 8, 11, 7, 5, 9, 5, 5, 8, 5, 8, 10, 10, 8, 9, 7, 7, 6, 9, 7, 6, 7, 6, 4, 6, 10, 7, 5, 8, 6, 7, 7, 8, 7, 8, 7, 6, 
144: 7, 0, 9, 10, 0, 0, 0, 6, 8, 0, 0, 0, 0, 0, 0, 9, 0, 8, 6, 6, 5, 4, 0, 6, 0, 0, 6, 0, 0, 7, 0, 8, 8, 7, 6, 4, 4, 11, 10, 5, 0, 9, 6, 0, 8, 0, 7, 0, 6, 0, 9, 0, 0, 7, 0, 0, 0, 9, 0, 5, 0, 9, 0, 7, 7, 0, 0, 0, 7, 8, 7, 7, 9, 7, 0, 0, 0, 8, 9, 7, : 7, 9, 10, 6, 8, 9, 8, 6, 6, 5, 4, 6, 6, 7, 8, 8, 7, 6, 4, 4, 11, 10, 5, 9, 6, 8, 7, 6, 9, 7, 9, 5, 9, 7, 7, 7, 8, 7, 7, 9, 7, 8, 9, 7, 
396: 0, 0, 9, 0, 9, 8, 6, 0, 7, 0, 0, 6, 0, 6, 0, 7, 0, 0, 0, 0, 9, 0, 7, 5, 0, 11, 0, 0, 0, 0, 6, 0, 0, 0, 0, 0, 5, 11, 0, 0, 8, 0, 0, 0, 0, 7, 8, 0, 0, 0, 7, 8, 0, 7, 6, 0, 7, 0, 7, 0, 8, 0, 6, 8, 0, 8, 7, 0, 8, 5, 7, 0, 7, 0, 0, 0, 0, 7, 0, 0, : 9, 9, 8, 6, 7, 6, 6, 7, 9, 7, 5, 11, 6, 5, 11, 8, 7, 8, 7, 8, 7, 6, 7, 7, 8, 6, 8, 8, 7, 8, 5, 7, 7, 7, 
597: 7, 0, 7, 7, 6, 0, 0, 0, 0, 0, 0, 0, 0, 9, 0, 0, 0, 7, 0, 9, 6, 0, 6, 0, 0, 10, 5, 9, 7, 5, 0, 0, 0, 0, 0, 7, 5, 8, 7, 0, 9, 0, 8, 0, 6, 7, 7, 0, 0, 0, 0, 10, 0, 7, 0, 0, 0, 0, 6, 0, 7, 5, 5, 0, 6, 0, 0, 8, 0, 0, 0, 9, 8, 0, 0, 0, 7, 7, 0, 8, : 7, 7, 7, 6, 9, 7, 9, 6, 6, 10, 5, 9, 7, 5, 7, 5, 8, 7, 9, 8, 6, 7, 7, 10, 7, 6, 7, 5, 5, 6, 8, 9, 8, 7, 7, 8, 
684: 0, 0, 5, 0, 6, 9, 7, 0, 8, 0, 0, 6, 0, 8, 0, 0, 0, 10, 7, 0, 7, 9, 0, 9, 0, 6, 6, 0, 9, 8, 5, 5, 6, 8, 10, 10, 6, 6, 9, 0, 0, 8, 8, 7, 8, 0, 9, 0, 5, 0, 7, 4, 7, 0, 0, 7, 0, 5, 7, 6, 0, 0, 8, 0, 0, 8, 7, 0, 6, 0, 0, 8, 8, 0, 8, 6, 0, 9, 0, 6, : 5, 6, 9, 7, 8, 6, 8, 10, 7, 7, 9, 9, 6, 6, 9, 8, 5, 5, 6, 8, 10, 10, 6, 6, 9, 8, 8, 7, 8, 9, 5, 7, 4, 7, 7, 5, 7, 6, 8, 8, 7, 6, 8, 8, 8, 6, 9, 6, 
523: 8, 7, 5, 9, 6, 7, 10, 0, 8, 5, 6, 0, 6, 7, 0, 0, 6, 8, 7, 6, 0, 8, 0, 0, 8, 0, 0, 0, 0, 9, 0, 7, 0, 8, 0, 0, 0, 0, 0, 9, 0, 0, 9, 0, 0, 7, 11, 0, 10, 0, 5, 7, 9, 8, 7, 0, 0, 0, 8, 6, 0, 0, 0, 0, 9, 8, 0, 8, 0, 0, 0, 7, 0, 8, 8, 0, 6, 0, 8, 0, : 8, 7, 5, 9, 6, 7, 10, 8, 5, 6, 6, 7, 6, 8, 7, 6, 8, 8, 9, 7, 8, 9, 9, 7, 11, 10, 5, 7, 9, 8, 7, 8, 6, 9, 8, 8, 7, 8, 8, 6, 8, 
768: 0, 0, 0, 0, 0, 0, 0, 0, 0, 9, 0, 5, 7, 7, 0, 8, 6, 0, 0, 0, 0, 0, 0, 0, 0, 0, 0, 6, 0, 0, 0, 5, 0, 0, 0, 0, 0, 8, 11, 7, 0, 8, 0, 6, 0, 9, 7, 9, 5, 9, 5, 0, 7, 0, 9, 0, 7, 0, 8, 0, 8, 0, 0, 8, 0, 0, 7, 0, 7, 0, 9, 0, 0, 8, 0, 0, 7, 0, 0, 8, : 9, 5, 7, 7, 8, 6, 6, 5, 8, 11, 7, 8, 6, 9, 7, 9, 5, 9, 5, 7, 9, 7, 8, 8, 8, 7, 7, 9, 8, 7, 8, 
531: 0, 0, 0, 0, 8, 0, 0, 0, 7, 6, 0, 0, 9, 7, 0, 0, 0, 0, 0, 9, 8, 0, 0, 0, 7, 8, 6, 8, 0, 0, 8, 10, 6, 0, 9, 0, 7, 10, 7, 0, 9, 9, 0, 0, 0, 0, 7, 0, 6, 0, 10, 0, 0, 6, 0, 6, 5, 0, 0, 0, 0, 0, 0, 0, 5, 8, 0, 9, 6, 7, 0, 8, 0, 0, 0, 0, 0, 8, 6, 5, : 8, 7, 6, 9, 7, 9, 8, 7, 8, 6, 8, 8, 10, 6, 9, 7, 10, 7, 9, 9, 7, 6, 10, 6, 6, 5, 5, 8, 9, 6, 7, 8, 8, 6, 5, 
714: 0, 0, 0, 9, 0, 0, 0, 0, 10, 0, 0, 0, 6, 0, 6, 8, 0, 8, 9, 0, 0, 7, 4, 0, 0, 0, 0, 0, 0, 0, 0, 0, 0, 0, 10, 8, 0, 7, 0, 7, 11, 6, 0, 8, 0, 7, 8, 0, 0, 0, 0, 9, 8, 0, 0, 0, 9, 10, 0, 0, 7, 0, 8, 10, 0, 0, 0, 0, 9, 6, 7, 0, 7, 0, 0, 0, 0, 0, 7, 0, : 9, 10, 6, 6, 8, 8, 9, 7, 4, 10, 8, 7, 7, 11, 6, 8, 7, 8, 9, 8, 9, 10, 7, 8, 10, 9, 6, 7, 7, 7, 
114: 9, 0, 0, 7, 9, 0, 0, 10, 6, 0, 9, 9, 5, 7, 0, 6, 8, 6, 0, 5, 6, 7, 0, 6, 6, 9, 0, 0, 6, 5, 0, 0, 0, 0, 9, 0, 8, 0, 6, 8, 6, 7, 8, 9, 0, 0, 0, 7, 0, 0, 0, 7, 8, 5, 6, 0, 6, 5, 9, 0, 0, 7, 0, 0, 0, 0, 0, 5, 0, 8, 5, 8, 0, 9, 0, 5, 8, 8, 0, 8, : 9, 7, 9, 10, 6, 9, 9, 5, 7, 6, 8, 6, 5, 6, 7, 6, 6, 9, 6, 5, 9, 8, 6, 8, 6, 7, 8, 9, 7, 7, 8, 5, 6, 6, 5, 9, 7, 5, 8, 5, 8, 9, 5, 8, 8, 8, 
713: 9, 10, 0, 7, 8, 10, 0, 0, 0, 6, 0, 8, 0, 7, 0, 0, 0, 0, 5, 6, 5, 5, 0, 8, 0, 6, 0, 9, 8, 0, 0, 6, 8, 6, 5, 6, 0, 0, 9, 0, 0, 8, 7, 7, 7, 0, 0, 0, 7, 10, 8, 8, 7, 0, 6, 0, 7, 7, 0, 7, 6, 0, 7, 0, 9, 0, 7, 0, 0, 9, 8, 7, 6, 9, 9, 0, 9, 8, 0, 9, : 9, 10, 7, 8, 10, 6, 8, 7, 5, 6, 5, 5, 8, 6, 9, 8, 6, 8, 6, 5, 6, 9, 8, 7, 7, 7, 7, 10, 8, 8, 7, 6, 7, 7, 7, 6, 7, 9, 7, 9, 8, 7, 6, 9, 9, 9, 8, 9, 
147: 0, 0, 7, 0, 7, 0, 7, 0, 0, 0, 7, 0, 0, 9, 7, 0, 0, 7, 7, 0, 0, 10, 0, 0, 7, 0, 5, 0, 6, 0, 10, 0, 0, 5, 0, 9, 0, 7, 7, 9, 6, 0, 8, 9, 8, 0, 0, 8, 0, 5, 0, 0, 7, 0, 8, 0, 0, 0, 0, 7, 0, 8, 8, 0, 0, 0, 0, 8, 7, 0, 0, 7, 0, 6, 7, 7, 8, 9, 0, 0, : 7, 7, 7, 7, 9, 7, 7, 7, 10, 7, 5, 6, 10, 5, 9, 7, 7, 9, 6, 8, 9, 8, 8, 5, 7, 8, 7, 8, 8, 8, 7, 7, 6, 7, 7, 8, 9, 


726: 8, 0, 0, 8, 5, 0, 0, 10, 0, 7, 8, 8, 0, 0, 7, 0, 0, 7, 0, 9, 7, 0, 0, 0, 0, 8, 0, 9, 0, 6, 0, 8, 0, 8, 5, 11, 0, 8, 0, 0, 0, 0, 8, 8, 8, 0, 7, 7, 8, 0, 5, 8, 0, 0, 0, 7, 8, 5, 5, 0, 0, 0, 0, 0, 0, 0, 8, 8, 0, 9, 6, 0, 7, 7, 0, 7, 7, 8, 0, 7, : 8, 8, 5, 10, 7, 8, 8, 7, 7, 9, 7, 8, 9, 6, 8, 8, 5, 11, 8, 8, 8, 8, 7, 7, 8, 5, 8, 7, 8, 5, 5, 8, 8, 9, 6, 7, 7, 7, 7, 8, 7, 
743: 9, 6, 7, 0, 0, 0, 0, 6, 6, 9, 7, 0, 0, 6, 8, 7, 0, 0, 10, 0, 0, 0, 0, 0, 0, 8, 5, 0, 8, 9, 0, 8, 0, 0, 11, 4, 0, 8, 7, 0, 0, 0, 0, 10, 5, 0, 7, 10, 0, 0, 0, 7, 0, 0, 7, 7, 5, 8, 0, 0, 7, 0, 8, 8, 0, 0, 7, 8, 0, 0, 0, 0, 0, 9, 7, 7, 7, 0, 0, 0, : 9, 6, 7, 6, 6, 9, 7, 6, 8, 7, 10, 8, 5, 8, 9, 8, 11, 4, 8, 7, 10, 5, 7, 10, 7, 7, 7, 5, 8, 7, 8, 8, 7, 8, 9, 7, 7, 7, 
483: 8, 0, 0, 6, 0, 7, 0, 8, 0, 0, 0, 9, 6, 7, 8, 6, 9, 0, 0, 0, 0, 0, 0, 10, 8, 10, 0, 0, 8, 9, 8, 0, 0, 0, 0, 0, 6, 0, 9, 5, 9, 0, 8, 9, 8, 0, 8, 6, 0, 9, 0, 8, 7, 0, 10, 8, 0, 8, 10, 7, 8, 0, 0, 8, 9, 0, 0, 0, 8, 7, 0, 7, 0, 8, 7, 8, 9, 0, 7, 7, : 8, 6, 7, 8, 9, 6, 7, 8, 6, 9, 10, 8, 10, 8, 9, 8, 6, 9, 5, 9, 8, 9, 8, 8, 6, 9, 8, 7, 10, 8, 8, 10, 7, 8, 8, 9, 8, 7, 7, 8, 7, 8, 9, 7, 7, 
733: 0, 0, 0, 10, 7, 0, 7, 4, 0, 10, 0, 8, 0, 0, 0, 7, 9, 9, 0, 8, 7, 0, 0, 10, 7, 0, 8, 10, 0, 0, 0, 0, 6, 0, 0, 5, 0, 0, 8, 7, 0, 0, 9, 0, 0, 10, 0, 0, 0, 0, 8, 0, 8, 0, 7, 6, 5, 0, 0, 7, 0, 9, 8, 0, 5, 9, 0, 0, 0, 7, 9, 0, 0, 7, 5, 0, 0, 0, 5, 8, : 10, 7, 7, 4, 10, 8, 7, 9, 9, 8, 7, 10, 7, 8, 10, 6, 5, 8, 7, 9, 10, 8, 8, 7, 6, 5, 7, 9, 8, 5, 9, 7, 9, 7, 5, 5, 8, 
422: 0, 7, 0, 0, 0, 7, 8, 0, 7, 8, 0, 7, 7, 10, 8, 0, 0, 0, 0, 9, 0, 9, 0, 0, 9, 9, 0, 10, 0, 7, 0, 0, 0, 0, 0, 7, 0, 8, 5, 0, 0, 6, 10, 0, 0, 8, 10, 0, 0, 0, 8, 0, 0, 0, 0, 8, 0, 7, 0, 8, 0, 0, 10, 6, 9, 9, 9, 0, 0, 8, 8, 0, 0, 0, 0, 0, 0, 0, 8, 0, : 7, 7, 8, 7, 8, 7, 7, 10, 8, 9, 9, 9, 9, 10, 7, 7, 8, 5, 6, 10, 8, 10, 8, 8, 7, 8, 10, 6, 9, 9, 9, 8, 8, 8, 
237: 0, 6, 0, 0, 5, 5, 4, 0, 0, 0, 8, 6, 9, 8, 9, 0, 0, 8, 0, 6, 8, 0, 7, 0, 0, 0, 0, 0, 0, 9, 0, 8, 0, 7, 9, 0, 8, 8, 0, 0, 8, 10, 0, 0, 0, 0, 0, 0, 0, 0, 0, 0, 0, 0, 0, 0, 9, 0, 4, 8, 8, 0, 0, 9, 0, 6, 8, 8, 0, 7, 0, 0, 9, 7, 9, 0, 9, 0, 0, 0, : 6, 5, 5, 4, 8, 6, 9, 8, 9, 8, 6, 8, 7, 9, 8, 7, 9, 8, 8, 8, 10, 9, 4, 8, 8, 9, 6, 8, 8, 7, 9, 7, 9, 9, 
736: 0, 0, 0, 0, 6, 0, 0, 0, 11, 9, 5, 0, 0, 5, 5, 8, 6, 6, 7, 0, 0, 5, 0, 9, 0, 7, 0, 0, 0, 7, 8, 0, 0, 0, 8, 10, 0, 0, 0, 9, 9, 7, 0, 8, 0, 4, 0, 7, 0, 0, 9, 10, 6, 0, 7, 0, 0, 11, 8, 0, 7, 0, 0, 0, 0, 0, 7, 0, 8, 0, 8, 7, 7, 0, 0, 0, 0, 6, 0, 8, : 6, 11, 9, 5, 5, 5, 8, 6, 6, 7, 5, 9, 7, 7, 8, 8, 10, 9, 9, 7, 8, 4, 7, 9, 10, 6, 7, 11, 8, 7, 7, 8, 8, 7, 7, 6, 8, 
782: 0, 10, 0, 7, 8, 6, 0, 10, 9, 0, 0, 7, 0, 10, 0, 9, 7, 0, 7, 10, 9, 7, 8, 6, 0, 0, 0, 7, 11, 6, 11, 7, 4, 0, 0, 5, 7, 0, 0, 7, 0, 0, 0, 0, 0, 0, 7, 8, 10, 6, 8, 0, 9, 0, 5, 8, 0, 11, 7, 0, 6, 0, 7, 6, 0, 6, 8, 0, 0, 8, 8, 6, 7, 8, 8, 7, 5, 8, 8, 0, : 10, 7, 8, 6, 10, 9, 7, 10, 9, 7, 7, 10, 9, 7, 8, 6, 7, 11, 6, 11, 7, 4, 5, 7, 7, 7, 8, 10, 6, 8, 9, 5, 8, 11, 7, 6, 7, 6, 6, 8, 8, 8, 6, 7, 8, 8, 7, 5, 8, 8, 
674: 8, 0, 9, 0, 0, 7, 0, 0, 5, 8, 0, 8, 0, 0, 7, 0, 0, 0, 7, 9, 7, 10, 6, 0, 8, 0, 10, 6, 0, 0, 6, 0, 8, 0, 0, 0, 9, 7, 0, 0, 7, 0, 0, 6, 7, 6, 8, 4, 0, 0, 10, 0, 0, 0, 9, 0, 7, 5, 8, 6, 0, 8, 7, 0, 0, 0, 0, 8, 8, 0, 7, 8, 8, 0, 7, 8, 0, 7, 0, 8, : 8, 9, 7, 5, 8, 8, 7, 7, 9, 7, 10, 6, 8, 10, 6, 6, 8, 9, 7, 7, 6, 7, 6, 8, 4, 10, 9, 7, 5, 8, 6, 8, 7, 8, 8, 7, 8, 8, 7, 8, 7, 8, 
573: 9, 0, 0, 10, 0, 0, 0, 0, 0, 8, 0, 0, 0, 9, 10, 0, 0, 8, 0, 0, 0, 8, 0, 0, 0, 9, 7, 8, 7, 0, 0, 8, 0, 0, 6, 9, 8, 8, 0, 0, 0, 6, 6, 9, 8, 5, 4, 8, 8, 0, 8, 0, 6, 0, 8, 0, 5, 0, 0, 0, 0, 8, 0, 0, 7, 0, 8, 0, 8, 8, 7, 0, 8, 9, 8, 0, 7, 7, 0, 0, : 9, 10, 8, 9, 10, 8, 8, 9, 7, 8, 7, 8, 6, 9, 8, 8, 6, 6, 9, 8, 5, 4, 8, 8, 8, 6, 8, 5, 8, 7, 8, 8, 8, 7, 8, 9, 8, 7, 7, 
174: 8, 6, 0, 0, 10, 7, 8, 0, 7, 5, 7, 8, 0, 7, 7, 5, 9, 8, 0, 6, 8, 8, 6, 6, 9, 11, 0, 0, 4, 0, 7, 0, 0, 0, 7, 10, 0, 0, 0, 8, 9, 0, 0, 5, 0, 10, 8, 0, 7, 5, 9, 0, 8, 6, 0, 0, 0, 0, 11, 0, 0, 9, 0, 0, 0, 7, 0, 0, 5, 8, 0, 0, 0, 0, 8, 0, 0, 0, 8, 8, : 8, 6, 10, 7, 8, 7, 5, 7, 8, 7, 7, 5, 9, 8, 6, 8, 8, 6, 6, 9, 11, 4, 7, 7, 10, 8, 9, 5, 10, 8, 7, 5, 9, 8, 6, 11, 9, 7, 5, 8, 8, 8, 8, 
36: 0, 0, 0, 0, 0, 9, 0, 8, 0, 0, 0, 7, 5, 6, 10, 0, 0, 0, 7, 0, 7, 5, 7, 7, 11, 0, 0, 0, 10, 7, 8, 7, 0, 8, 8, 8, 0, 7, 7, 0, 10, 0, 0, 0, 0, 0, 0, 4, 10, 0, 0, 7, 0, 10, 6, 0, 8, 0, 0, 11, 0, 0, 7, 8, 7, 6, 7, 7, 9, 0, 7, 5, 8, 0, 0, 0, 0, 0, 7, 8, : 9, 8, 7, 5, 6, 10, 7, 7, 5, 7, 7, 11, 10, 7, 8, 7, 8, 8, 8, 7, 7, 10, 4, 10, 7, 10, 6, 8, 11, 7, 8, 7, 6, 7, 7, 9, 7, 5, 8, 7, 8, 
506: 8, 6, 7, 11, 0, 0, 7, 11, 0, 7, 8, 8, 9, 10, 9, 7, 6, 0, 8, 0, 0, 8, 8, 7, 0, 5, 4, 0, 0, 0, 5, 0, 8, 0, 9, 0, 11, 0, 6, 5, 9, 0, 0, 0, 9, 0, 0, 0, 9, 7, 7, 0, 8, 0, 0, 0, 0, 8, 0, 6, 0, 0, 0, 0, 0, 6, 0, 8, 8, 6, 8, 0, 0, 7, 0, 0, 7, 7, 0, 0, : 8, 6, 7, 11, 7, 11, 7, 8, 8, 9, 10, 9, 7, 6, 8, 8, 8, 7, 5, 4, 5, 8, 9, 11, 6, 5, 9, 9, 9, 7, 7, 8, 8, 6, 6, 8, 8, 6, 8, 7, 7, 7, 
198: 8, 5, 10, 0, 0, 0, 7, 8, 8, 0, 8, 0, 7, 0, 9, 9, 0, 7, 0, 4, 8, 0, 0, 0, 5, 0, 0, 5, 0, 8, 0, 0, 8, 0, 7, 0, 0, 11, 0, 6, 0, 0, 7, 8, 8, 8, 0, 0, 6, 8, 7, 6, 8, 0, 7, 0, 0, 0, 0, 7, 5, 6, 9, 9, 8, 0, 7, 0, 8, 5, 0, 9, 7, 7, 8, 0, 9, 0, 0, 7, : 8, 5, 10, 7, 8, 8, 8, 7, 9, 9, 7, 4, 8, 5, 5, 8, 8, 7, 11, 6, 7, 8, 8, 8, 6, 8, 7, 6, 8, 7, 7, 5, 6, 9, 9, 8, 7, 8, 5, 9, 7, 7, 8, 9, 7, 
273: 7, 9, 0, 10, 5, 8, 0, 5, 0, 8, 0, 0, 0, 0, 0, 0, 6, 5, 0, 7, 0, 6, 0, 7, 7, 5, 7, 0, 0, 0, 10, 9, 6, 0, 4, 0, 0, 7, 0, 8, 0, 0, 7, 0, 6, 7, 5, 0, 5, 5, 0, 8, 7, 7, 0, 0, 5, 6, 9, 0, 0, 0, 0, 0, 0, 9, 7, 0, 0, 0, 0, 0, 8, 7, 0, 6, 0, 0, 0, 0, : 7, 9, 10, 5, 8, 5, 8, 6, 5, 7, 6, 7, 7, 5, 7, 10, 9, 6, 4, 7, 8, 7, 6, 7, 5, 5, 5, 8, 7, 7, 5, 6, 9, 9, 7, 8, 7, 6, 
336: 0, 0, 0, 0, 10, 7, 9, 6, 7, 0, 5, 0, 0, 0, 0, 8, 8, 6, 0, 0, 0, 0, 10, 0, 8, 8, 8, 0, 6, 0, 0, 0, 0, 8, 0, 0, 8, 0, 7, 7, 4, 7, 0, 7, 0, 0, 10, 8, 0, 8, 0, 7, 10, 0, 0, 0, 7, 7, 9, 6, 0, 5, 5, 5, 0, 7, 0, 7, 0, 0, 0, 0, 0, 0, 6, 8, 8, 0, 9, 7, : 10, 7, 9, 6, 7, 5, 8, 8, 6, 10, 8, 8, 8, 6, 8, 8, 7, 7, 4, 7, 7, 10, 8, 8, 7, 10, 7, 7, 9, 6, 5, 5, 5, 7, 7, 6, 8, 8, 9, 7, 
275: 7, 7, 9, 7, 9, 9, 0, 8, 0, 0, 0, 8, 8, 0, 0, 9, 0, 0, 4, 8, 0, 7, 7, 0, 8, 0, 7, 0, 0, 8, 8, 0, 0, 0, 7, 8, 0, 8, 10, 0, 0, 0, 6, 0, 0, 8, 0, 5, 0, 7, 0, 7, 0, 6, 0, 0, 0, 0, 7, 10, 0, 0, 0, 8, 6, 8, 0, 0, 6, 8, 0, 0, 8, 0, 0, 9, 0, 7, 7, 7, : 7, 7, 9, 7, 9, 9, 8, 8, 8, 9, 4, 8, 7, 7, 8, 7, 8, 8, 7, 8, 8, 10, 6, 8, 5, 7, 7, 6, 7, 10, 8, 6, 8, 6, 8, 8, 9, 7, 7, 7, 
386: 0, 0, 6, 9, 0, 0, 8, 8, 0, 0, 8, 6, 0, 0, 0, 0, 0, 0, 6, 6, 6, 0, 8, 0, 6, 0, 0, 0, 4, 5, 0, 6, 0, 9, 0, 7, 0, 5, 0, 0, 0, 0, 7, 0, 0, 0, 6, 0, 9, 8, 7, 8, 0, 6, 6, 0, 5, 5, 0, 0, 0, 7, 0, 0, 7, 0, 0, 0, 0, 7, 0, 0, 0, 0, 8, 8, 7, 9, 7, 8, : 6, 9, 8, 8, 8, 6, 6, 6, 6, 8, 6, 4, 5, 6, 9, 7, 5, 7, 6, 9, 8, 7, 8, 6, 6, 5, 5, 7, 7, 7, 8, 8, 7, 9, 7, 8, 
586: 7, 0, 0, 0, 0, 0, 5, 0, 6, 0, 9, 0, 0, 0, 6, 9, 6, 8, 9, 7, 0, 0, 0, 0, 9, 8, 7, 6, 0, 0, 6, 8, 8, 9, 0, 0, 8, 0, 7, 0, 8, 6, 0, 9, 10, 8, 0, 0, 0, 0, 0, 8, 0, 0, 6, 0, 10, 5, 0, 0, 7, 0, 6, 8, 0, 8, 0, 8, 8, 0, 5, 7, 0, 8, 8, 0, 6, 5, 8, 7, : 7, 5, 6, 9, 6, 9, 6, 8, 9, 7, 9, 8, 7, 6, 6, 8, 8, 9, 8, 7, 8, 6, 9, 10, 8, 8, 6, 10, 5, 7, 6, 8, 8, 8, 8, 5, 7, 8, 8, 6, 5, 8, 7, 
100: 6, 0, 10, 6, 6, 0, 0, 0, 9, 6, 0, 7, 7, 7, 0, 0, 0, 9, 7, 0, 6, 7, 5, 5, 5, 0, 0, 9, 8, 0, 4, 9, 0, 0, 0, 0, 0, 4, 8, 0, 8, 8, 10, 7, 0, 8, 0, 7, 0, 0, 6, 6, 6, 0, 0, 10, 0, 0, 8, 0, 8, 0, 9, 8, 9, 8, 8, 0, 7, 0, 8, 7, 9, 7, 8, 9, 0, 0, 8, 9, : 6, 10, 6, 6, 9, 6, 7, 7, 7, 9, 7, 6, 7, 5, 5, 5, 9, 8, 4, 9, 4, 8, 8, 8, 10, 7, 8, 7, 6, 6, 6, 10, 8, 8, 9, 8, 9, 8, 8, 7, 8, 7, 9, 7, 8, 9, 8, 9, 
696: 9, 0, 5, 0, 6, 0, 0, 0, 0, 0, 0, 8, 8, 0, 5, 0, 8, 8, 9, 0, 9, 0, 9, 0, 0, 8, 0, 8, 9, 9, 0, 0, 8, 0, 0, 0, 0, 7, 8, 6, 6, 8, 0, 0, 8, 0, 6, 0, 9, 0, 0, 0, 0, 0, 8, 10, 7, 0, 0, 8, 0, 8, 0, 7, 9, 0, 7, 0, 0, 8, 7, 8, 0, 8, 0, 5, 8, 9, 0, 0, : 9, 5, 6, 8, 8, 5, 8, 8, 9, 9, 9, 8, 8, 9, 9, 8, 7, 8, 6, 6, 8, 8, 6, 9, 8, 10, 7, 8, 8, 7, 9, 7, 8, 7, 8, 8, 5, 8, 9, 
84: 0, 0, 6, 9, 0, 0, 8, 0, 0, 6, 6, 0, 0, 9, 0, 0, 0, 0, 0, 0, 9, 8, 0, 6, 9, 0, 0, 4, 7, 8, 0, 7, 8, 7, 0, 0, 0, 10, 9, 10, 0, 7, 7, 5, 0, 0, 5, 6, 0, 0, 0, 8, 8, 0, 0, 0, 0, 9, 7, 0, 9, 8, 0, 7, 9, 0, 0, 7, 0, 0, 0, 9, 0, 0, 0, 8, 8, 7, 7, 0, : 6, 9, 8, 6, 6, 9, 9, 8, 6, 9, 4, 7, 8, 7, 8, 7, 10, 9, 10, 7, 7, 5, 5, 6, 8, 8, 9, 7, 9, 8, 7, 9, 7, 9, 8, 8, 7, 7, 
435: 0, 7, 9, 0, 0, 0, 10, 0, 6, 7, 0, 9, 7, 8, 7, 6, 0, 0, 8, 0, 6, 7, 9, 0, 0, 0, 8, 9, 0, 0, 9, 0, 7, 0, 0, 0, 7, 0, 7, 9, 0, 0, 0, 0, 9, 8, 7, 8, 0, 7, 8, 0, 0, 6, 8, 10, 0, 7, 0, 5, 0, 6, 0, 7, 8, 8, 0, 0, 0, 0, 8, 8, 8, 0, 7, 7, 0, 7, 9, 0, : 7, 9, 10, 6, 7, 9, 7, 8, 7, 6, 8, 6, 7, 9, 8, 9, 9, 7, 7, 7, 9, 9, 8, 7, 8, 7, 8, 6, 8, 10, 7, 5, 6, 7, 8, 8, 8, 8, 8, 7, 7, 7, 9, 
751: 0, 7, 0, 6, 7, 0, 0, 7, 6, 8, 0, 9, 0, 0, 7, 0, 0, 0, 7, 0, 0, 0, 9, 9, 6, 0, 0, 4, 8, 0, 0, 5, 0, 4, 10, 0, 7, 0, 6, 0, 5, 7, 0, 6, 0, 0, 0, 10, 0, 0, 7, 0, 0, 6, 0, 0, 7, 9, 0, 0, 0, 7, 0, 8, 0, 0, 8, 0, 0, 0, 0, 8, 8, 7, 0, 0, 0, 0, 0, 8, : 7, 6, 7, 7, 6, 8, 9, 7, 7, 9, 9, 6, 4, 8, 5, 4, 10, 7, 6, 5, 7, 6, 10, 7, 6, 7, 9, 7, 8, 8, 8, 8, 7, 8, 
688: 6, 0, 0, 5, 10, 7, 7, 0, 9, 0, 0, 0, 7, 6, 0, 10, 6, 0, 0, 0, 0, 6, 0, 0, 6, 0, 8, 0, 0, 0, 0, 0, 10, 8, 0, 0, 7, 7, 8, 0, 6, 0, 0, 0, 9, 5, 8, 9, 7, 0, 0, 0, 8, 8, 6, 0, 11, 5, 7, 0, 8, 0, 6, 0, 0, 0, 0, 7, 7, 0, 0, 0, 0, 0, 0, 7, 8, 0, 0, 5, : 6, 5, 10, 7, 7, 9, 7, 6, 10, 6, 6, 6, 8, 10, 8, 7, 7, 8, 6, 9, 5, 8, 9, 7, 8, 8, 6, 11, 5, 7, 8, 6, 7, 7, 7, 8, 5, 
361: 0, 9, 9, 6, 6, 10, 0, 0, 8, 6, 9, 7, 8, 0, 0, 7, 0, 0, 0, 7, 10, 8, 0, 0, 6, 7, 0, 8, 0, 0, 8, 0, 8, 8, 0, 8, 0, 7, 0, 8, 7, 8, 6, 0, 0, 9, 0, 0, 7, 7, 0, 0, 9, 0, 0, 7, 0, 0, 5, 8, 0, 0, 6, 9, 0, 0, 7, 8, 0, 7, 0, 8, 0, 0, 0, 9, 0, 8, 7, 0, : 9, 9, 6, 6, 10, 8, 6, 9, 7, 8, 7, 7, 10, 8, 6, 7, 8, 8, 8, 8, 8, 7, 8, 7, 8, 6, 9, 7, 7, 9, 7, 5, 8, 6, 9, 7, 8, 7, 8, 9, 8, 7, 
258: 0, 0, 0, 0, 0, 5, 8, 0, 0, 0, 9, 0, 9, 0, 0, 7, 8, 0, 9, 0, 4, 7, 0, 0, 9, 0, 10, 6, 6, 0, 0, 8, 4, 0, 0, 0, 7, 0, 7, 0, 0, 0, 0, 8, 9, 0, 0, 7, 7, 9, 0, 0, 6, 7, 0, 0, 8, 0, 0, 9, 0, 7, 8, 8, 8, 6, 8, 0, 0, 0, 7, 7, 0, 9, 7, 0, 7, 0, 0, 0, : 5, 8, 9, 9, 7, 8, 9, 4, 7, 9, 10, 6, 6, 8, 4, 7, 7, 8, 9, 7, 7, 9, 6, 7, 8, 9, 7, 8, 8, 8, 6, 8, 7, 7, 9, 7, 7, 
590: 0, 9, 0, 0, 9, 0, 0, 0, 0, 0, 0, 0, 4, 0, 0, 8, 0, 0, 0, 10, 0, 8, 5, 0, 0, 8, 0, 7, 0, 7, 7, 0, 0, 7, 0, 7, 0, 0, 9, 7, 7, 7, 8, 0, 5, 10, 11, 0, 4, 6, 0, 0, 0, 9, 7, 0, 0, 0, 0, 0, 7, 8, 0, 0, 7, 0, 0, 0, 8, 0, 0, 7, 5, 0, 9, 0, 0, 0, 0, 7, : 9, 9, 4, 8, 10, 8, 5, 8, 7, 7, 7, 7, 7, 9, 7, 7, 7, 8, 5, 10, 11, 4, 6, 9, 7, 7, 8, 7, 8, 7, 5, 9, 7, 
485: 0, 7, 6, 0, 10, 10, 9, 0, 6, 6, 5, 10, 7, 8, 0, 0, 7, 6, 5, 0, 0, 0, 0, 8, 0, 7, 7, 0, 0, 8, 6, 4, 0, 11, 8, 7, 9, 0, 0, 9, 7, 0, 7, 0, 7, 0, 8, 0, 7, 0, 0, 6, 6, 9, 0, 6, 0, 0, 0, 0, 10, 0, 0, 0, 6, 9, 8, 6, 7, 0, 0, 0, 7, 0, 0, 7, 0, 0, 0, 0, : 7, 6, 10, 10, 9, 6, 6, 5, 10, 7, 8, 7, 6, 5, 8, 7, 7, 8, 6, 4, 11, 8, 7, 9, 9, 7, 7, 7, 8, 7, 6, 6, 9, 6, 10, 6, 9, 8, 6, 7, 7, 7, 
171: 5, 9, 7, 9, 0, 7, 0, 10, 8, 5, 0, 4, 8, 0, 6, 7, 7, 9, 10, 0, 9, 0, 7, 0, 0, 5, 10, 10, 9, 0, 8, 10, 7, 10, 4, 0, 4, 9, 0, 8, 0, 9, 8, 5, 0, 0, 0, 0, 0, 0, 8, 9, 6, 6, 0, 6, 0, 0, 7, 9, 0, 0, 0, 0, 0, 7, 0, 7, 8, 0, 0, 8, 7, 8, 7, 0, 8, 8, 7, 0, : 5, 9, 7, 9, 7, 10, 8, 5, 4, 8, 6, 7, 7, 9, 10, 9, 7, 5, 10, 10, 9, 8, 10, 7, 10, 4, 4, 9, 8, 9, 8, 5, 8, 9, 6, 6, 6, 7, 9, 7, 7, 8, 8, 7, 8, 7, 8, 8, 7, 
150: 0, 0, 5, 5, 6, 9, 8, 8, 0, 0, 0, 0, 0, 0, 9, 0, 7, 7, 8, 7, 5, 10, 0, 9, 0, 0, 0, 0, 7, 6, 0, 8, 0, 7, 7, 7, 5, 0, 5, 0, 0, 7, 5, 8, 8, 6, 10, 0, 7, 7, 0, 6, 0, 9, 0, 11, 6, 8, 0, 6, 8, 0, 8, 9, 0, 0, 6, 8, 0, 7, 8, 0, 9, 6, 0, 0, 8, 7, 0, 9, : 5, 5, 6, 9, 8, 8, 9, 7, 7, 8, 7, 5, 10, 9, 7, 6, 8, 7, 7, 7, 5, 5, 7, 5, 8, 8, 6, 10, 7, 7, 6, 9, 11, 6, 8, 6, 8, 8, 9, 6, 8, 7, 8, 9, 6, 8, 7, 9, 
487: 8, 7, 5, 6, 0, 9, 0, 7, 10, 0, 0, 6, 0, 8, 0, 0, 8, 8, 0, 7, 0, 0, 7, 0, 0, 0, 6, 0, 8, 0, 8, 7, 0, 4, 7, 9, 8, 7, 0, 7, 9, 8, 0, 8, 5, 0, 0, 7, 5, 0, 8, 8, 8, 8, 9, 7, 0, 0, 0, 7, 7, 10, 8, 0, 8, 0, 0, 8, 8, 8, 8, 0, 0, 0, 0, 0, 0, 0, 9, 0, : 8, 7, 5, 6, 9, 7, 10, 6, 8, 8, 8, 7, 7, 6, 8, 8, 7, 4, 7, 9, 8, 7, 7, 9, 8, 8, 5, 7, 5, 8, 8, 8, 8, 9, 7, 7, 7, 10, 8, 8, 8, 8, 8, 8, 9, 
413: 7, 8, 9, 0, 0, 5, 9, 0, 5, 7, 11, 0, 0, 5, 0, 0, 0, 8, 0, 0, 10, 0, 9, 6, 0, 7, 10, 0, 7, 4, 0, 0, 10, 9, 0, 0, 0, 0, 0, 8, 0, 7, 7, 0, 0, 0, 0, 0, 8, 9, 0, 0, 0, 0, 7, 0, 8, 8, 0, 0, 7, 9, 8, 0, 8, 0, 0, 0, 0, 0, 8, 0, 0, 8, 0, 7, 0, 0, 8, 7, : 7, 8, 9, 5, 9, 5, 7, 11, 5, 8, 10, 9, 6, 7, 10, 7, 4, 10, 9, 8, 7, 7, 8, 9, 7, 8, 8, 7, 9, 8, 8, 8, 8, 7, 8, 7, 
123: 0, 0, 9, 0, 10, 0, 10, 8, 0, 9, 6, 0, 0, 0, 0, 5, 9, 6, 0, 0, 0, 9, 7, 0, 8, 8, 0, 0, 0, 11, 0, 9, 8, 0, 8, 9, 10, 0, 0, 0, 8, 10, 0, 0, 9, 7, 5, 0, 0, 0, 0, 0, 0, 8, 10, 6, 0, 0, 9, 0, 8, 5, 6, 0, 0, 9, 7, 8, 0, 0, 0, 8, 7, 0, 7, 0, 7, 9, 0, 0, : 9, 10, 10, 8, 9, 6, 5, 9, 6, 9, 7, 8, 8, 11, 9, 8, 8, 9, 10, 8, 10, 9, 7, 5, 8, 10, 6, 9, 8, 5, 6, 9, 7, 8, 8, 7, 7, 7, 9, 
566: 9, 0, 9, 0, 0, 0, 0, 0, 11, 0, 7, 0, 10, 6, 7, 9, 9, 0, 7, 0, 0, 0, 0, 7, 0, 0, 8, 0, 6, 0, 0, 8, 6, 7, 0, 0, 9, 0, 0, 0, 7, 8, 7, 9, 7, 0, 0, 9, 0, 8, 0, 8, 0, 7, 0, 7, 11, 11, 8, 0, 8, 7, 7, 0, 0, 7, 7, 0, 8, 9, 7, 8, 0, 8, 9, 7, 7, 0, 0, 0, : 9, 9, 11, 7, 10, 6, 7, 9, 9, 7, 7, 8, 6, 8, 6, 7, 9, 7, 8, 7, 9, 7, 9, 8, 8, 7, 7, 11, 11, 8, 8, 7, 7, 7, 7, 8, 9, 7, 8, 8, 9, 7, 7, 
647: 0, 0, 7, 0, 0, 0, 7, 7, 6, 0, 8, 0, 0, 0, 0, 7, 8, 0, 0, 7, 7, 7, 9, 7, 0, 5, 0, 0, 10, 7, 0, 6, 0, 0, 0, 0, 0, 0, 0, 0, 0, 0, 0, 0, 0, 5, 0, 10, 9, 10, 6, 0, 8, 6, 0, 7, 0, 0, 0, 8, 7, 0, 0, 6, 6, 0, 8, 0, 0, 7, 0, 0, 0, 0, 0, 0, 0, 7, 6, 0, : 7, 7, 7, 6, 8, 7, 8, 7, 7, 7, 9, 7, 5, 10, 7, 6, 5, 10, 9, 10, 6, 8, 6, 7, 8, 7, 6, 6, 8, 7, 7, 6, 
181: 0, 8, 0, 9, 0, 0, 0, 5, 0, 11, 7, 0, 0, 7, 0, 0, 0, 9, 7, 7, 8, 0, 0, 9, 0, 0, 0, 10, 0, 9, 7, 0, 6, 5, 9, 0, 0, 0, 7, 0, 0, 9, 8, 8, 0, 10, 0, 10, 0, 10, 8, 7, 0, 7, 7, 7, 7, 0, 5, 5, 0, 7, 8, 0, 0, 8, 0, 5, 7, 8, 9, 8, 7, 5, 0, 0, 0, 8, 0, 6, : 8, 9, 5, 11, 7, 7, 9, 7, 7, 8, 9, 10, 9, 7, 6, 5, 9, 7, 9, 8, 8, 10, 10, 10, 8, 7, 7, 7, 7, 7, 5, 5, 7, 8, 8, 5, 7, 8, 9, 8, 7, 5, 8, 6, 
16: 0, 8, 0, 5, 6, 8, 0, 6, 0, 0, 0, 0, 10, 8, 0, 0, 7, 0, 8, 0, 0, 0, 7, 8, 0, 0, 10, 7, 0, 0, 9, 0, 10, 8, 8, 7, 0, 6, 0, 0, 0, 0, 0, 7, 0, 0, 10, 0, 0, 0, 0, 0, 8, 0, 0, 0, 0, 7, 0, 0, 0, 0, 0, 0, 6, 0, 0, 9, 7, 8, 7, 7, 0, 0, 7, 8, 0, 8, 0, 0, : 8, 5, 6, 8, 6, 10, 8, 7, 8, 7, 8, 10, 7, 9, 10, 8, 8, 7, 6, 7, 10, 8, 7, 6, 9, 7, 8, 7, 7, 7, 8, 8, 
354: 7, 9, 6, 0, 9, 8, 5, 0, 0, 0, 9, 0, 6, 0, 6, 0, 0, 8, 0, 8, 0, 0, 0, 6, 0, 0, 6, 7, 0, 0, 0, 0, 0, 6, 0, 8, 7, 0, 0, 9, 0, 0, 9, 0, 0, 8, 0, 0, 8, 8, 5, 0, 0, 11, 0, 6, 0, 0, 10, 9, 10, 7, 0, 6, 0, 7, 0, 8, 7, 0, 0, 0, 0, 0, 0, 0, 8, 0, 8, 0, : 7, 9, 6, 9, 8, 5, 9, 6, 6, 8, 8, 6, 6, 7, 6, 8, 7, 9, 9, 8, 8, 8, 5, 11, 6, 10, 9, 10, 7, 6, 7, 8, 7, 8, 8, 
746: 6, 0, 0, 6, 0, 0, 6, 0, 0, 0, 0, 0, 8, 0, 0, 0, 0, 0, 0, 8, 0, 0, 0, 8, 6, 7, 4, 0, 7, 0, 7, 0, 10, 0, 8, 4, 5, 8, 10, 7, 7, 5, 0, 0, 5, 0, 0, 0, 0, 6, 8, 8, 0, 8, 10, 6, 11, 0, 6, 0, 5, 9, 9, 0, 8, 0, 0, 7, 0, 0, 0, 0, 6, 0, 0, 8, 0, 8, 7, 9, : 6, 6, 6, 8, 8, 8, 6, 7, 4, 7, 7, 10, 8, 4, 5, 8, 10, 7, 7, 5, 5, 6, 8, 8, 8, 10, 6, 11, 6, 5, 9, 9, 8, 7, 6, 8, 8, 7, 9, 


283: 6, 8, 8, 7, 0, 6, 5, 0, 8, 7, 6, 9, 5, 0, 4, 10, 0, 8, 9, 0, 0, 0, 0, 8, 0, 0, 0, 0, 0, 8, 8, 8, 8, 0, 0, 0, 9, 8, 0, 0, 5, 0, 0, 10, 0, 8, 8, 0, 0, 0, 0, 6, 0, 0, 0, 10, 0, 7, 0, 0, 0, 0, 9, 5, 0, 7, 0, 0, 0, 0, 6, 7, 0, 7, 0, 0, 0, 0, 6, 0, : 6, 8, 8, 7, 6, 5, 8, 7, 6, 9, 5, 4, 10, 8, 9, 8, 8, 8, 8, 8, 9, 8, 5, 10, 8, 8, 6, 10, 7, 9, 5, 7, 6, 7, 7, 6, 
645: 0, 0, 7, 0, 0, 8, 0, 8, 0, 0, 8, 10, 0, 0, 0, 6, 0, 0, 0, 0, 0, 7, 8, 7, 6, 6, 8, 0, 0, 0, 7, 9, 0, 0, 0, 8, 0, 10, 7, 0, 8, 8, 0, 7, 10, 0, 7, 0, 4, 6, 0, 7, 5, 0, 6, 0, 6, 0, 8, 8, 0, 5, 0, 9, 8, 0, 9, 8, 6, 9, 0, 7, 0, 0, 0, 8, 7, 0, 0, 0, : 7, 8, 8, 8, 10, 6, 7, 8, 7, 6, 6, 8, 7, 9, 8, 10, 7, 8, 8, 7, 10, 7, 4, 6, 7, 5, 6, 6, 8, 8, 5, 9, 8, 9, 8, 6, 9, 7, 8, 7, 
631: 0, 9, 10, 0, 11, 10, 0, 0, 0, 11, 0, 7, 9, 8, 0, 9, 0, 8, 8, 0, 8, 9, 0, 0, 0, 9, 10, 0, 0, 7, 0, 0, 0, 8, 8, 0, 7, 0, 0, 0, 9, 8, 0, 6, 0, 6, 0, 8, 5, 0, 0, 0, 0, 8, 0, 7, 0, 6, 0, 0, 0, 0, 0, 0, 0, 5, 0, 0, 0, 0, 0, 8, 8, 8, 9, 7, 0, 6, 7, 8, : 9, 10, 11, 10, 11, 7, 9, 8, 9, 8, 8, 8, 9, 9, 10, 7, 8, 8, 7, 9, 8, 6, 6, 8, 5, 8, 7, 6, 5, 8, 8, 8, 9, 7, 6, 7, 8, 
608: 8, 0, 7, 8, 0, 0, 0, 0, 6, 9, 9, 0, 0, 0, 9, 4, 4, 0, 8, 0, 5, 0, 0, 6, 7, 0, 0, 0, 0, 8, 9, 0, 7, 6, 0, 0, 0, 0, 10, 8, 0, 0, 0, 0, 0, 0, 6, 0, 0, 0, 0, 8, 7, 7, 0, 9, 0, 10, 0, 0, 10, 8, 8, 7, 9, 7, 8, 0, 7, 9, 0, 6, 0, 8, 0, 8, 7, 0, 0, 9, : 8, 7, 8, 6, 9, 9, 9, 4, 4, 8, 5, 6, 7, 8, 9, 7, 6, 10, 8, 6, 8, 7, 7, 9, 10, 10, 8, 8, 7, 9, 7, 8, 7, 9, 6, 8, 8, 7, 9, 
168: 0, 0, 0, 0, 8, 0, 8, 8, 9, 8, 0, 8, 7, 0, 7, 0, 8, 5, 0, 8, 8, 0, 9, 0, 0, 9, 0, 0, 8, 0, 5, 9, 0, 0, 6, 9, 9, 0, 0, 9, 0, 6, 0, 0, 0, 0, 9, 0, 0, 0, 0, 0, 0, 0, 6, 6, 7, 6, 0, 0, 0, 7, 0, 0, 7, 8, 0, 7, 8, 0, 7, 0, 0, 6, 5, 0, 0, 0, 0, 7, : 8, 8, 8, 9, 8, 8, 7, 7, 8, 5, 8, 8, 9, 9, 8, 5, 9, 6, 9, 9, 9, 6, 9, 6, 6, 7, 6, 7, 7, 8, 7, 8, 7, 6, 5, 7, 
306: 9, 0, 0, 6, 0, 0, 8, 0, 0, 0, 0, 0, 7, 8, 8, 0, 10, 5, 0, 0, 0, 0, 8, 7, 9, 0, 11, 0, 0, 0, 7, 0, 0, 7, 0, 0, 0, 0, 0, 6, 0, 0, 0, 6, 0, 0, 0, 9, 9, 9, 0, 6, 8, 0, 0, 0, 0, 0, 0, 0, 8, 10, 0, 0, 8, 9, 7, 0, 0, 0, 0, 0, 8, 6, 0, 7, 0, 0, 5, 0, : 9, 6, 8, 7, 8, 8, 10, 5, 8, 7, 9, 11, 7, 7, 6, 6, 9, 9, 9, 6, 8, 8, 10, 8, 9, 7, 8, 6, 7, 5, 
404: 0, 7, 0, 8, 0, 0, 6, 7, 0, 0, 8, 0, 0, 8, 6, 0, 0, 0, 0, 8, 8, 0, 8, 4, 0, 6, 7, 0, 7, 6, 7, 0, 0, 0, 9, 6, 6, 0, 8, 10, 0, 0, 7, 5, 0, 0, 0, 8, 0, 0, 6, 7, 0, 0, 6, 6, 7, 0, 0, 9, 0, 6, 7, 0, 0, 0, 7, 7, 6, 0, 9, 0, 0, 5, 8, 0, 5, 0, 0, 0, : 7, 8, 6, 7, 8, 8, 6, 8, 8, 8, 4, 6, 7, 7, 6, 7, 9, 6, 6, 8, 10, 7, 5, 8, 6, 7, 6, 6, 7, 9, 6, 7, 7, 7, 6, 9, 5, 8, 5, 
697: 0, 0, 8, 6, 10, 7, 8, 0, 0, 0, 0, 4, 0, 0, 7, 0, 6, 0, 9, 8, 0, 0, 0, 0, 0, 10, 0, 7, 0, 7, 0, 6, 7, 0, 0, 7, 0, 0, 0, 6, 8, 0, 5, 0, 6, 0, 0, 0, 8, 0, 9, 0, 7, 0, 10, 8, 8, 0, 5, 0, 0, 0, 0, 0, 0, 9, 6, 0, 0, 0, 7, 0, 0, 0, 7, 7, 7, 8, 8, 0, : 8, 6, 10, 7, 8, 4, 7, 6, 9, 8, 10, 7, 7, 6, 7, 7, 6, 8, 5, 6, 8, 9, 7, 10, 8, 8, 5, 9, 6, 7, 7, 7, 7, 8, 8, 
291: 9, 0, 7, 8, 0, 0, 0, 6, 0, 0, 7, 0, 0, 0, 9, 0, 0, 5, 8, 5, 8, 7, 7, 7, 9, 6, 9, 0, 10, 0, 6, 7, 0, 0, 0, 0, 7, 0, 0, 6, 0, 0, 0, 0, 0, 8, 8, 8, 8, 8, 0, 0, 0, 0, 9, 0, 0, 0, 0, 8, 6, 0, 0, 0, 0, 0, 0, 9, 0, 0, 0, 0, 7, 9, 6, 0, 8, 0, 0, 7, : 9, 7, 8, 6, 7, 9, 5, 8, 5, 8, 7, 7, 7, 9, 6, 9, 10, 6, 7, 7, 6, 8, 8, 8, 8, 8, 9, 8, 6, 9, 7, 9, 6, 8, 7, 
661: 0, 6, 0, 6, 9, 0, 0, 0, 0, 6, 0, 0, 4, 4, 9, 0, 9, 6, 6, 8, 7, 8, 0, 0, 8, 8, 0, 0, 0, 7, 8, 6, 8, 0, 8, 0, 8, 8, 6, 6, 0, 0, 0, 0, 0, 0, 8, 5, 9, 9, 7, 0, 7, 0, 8, 0, 0, 0, 9, 6, 0, 8, 8, 0, 0, 0, 0, 9, 0, 7, 9, 7, 0, 0, 7, 8, 0, 7, 8, 6, : 6, 6, 9, 6, 4, 4, 9, 9, 6, 6, 8, 7, 8, 8, 8, 7, 8, 6, 8, 8, 8, 8, 6, 6, 8, 5, 9, 9, 7, 7, 8, 9, 6, 8, 8, 9, 7, 9, 7, 7, 8, 7, 8, 6, 
595: 0, 8, 8, 0, 9, 8, 8, 8, 7, 5, 0, 10, 0, 8, 6, 0, 7, 9, 0, 5, 8, 0, 8, 0, 0, 8, 0, 8, 7, 8, 0, 0, 0, 0, 8, 0, 0, 0, 7, 0, 0, 0, 8, 0, 0, 7, 0, 0, 0, 7, 6, 0, 7, 6, 0, 7, 0, 7, 9, 6, 0, 9, 5, 8, 8, 0, 0, 0, 0, 9, 0, 9, 0, 9, 8, 0, 9, 0, 6, 0, : 8, 8, 9, 8, 8, 8, 7, 5, 10, 8, 6, 7, 9, 5, 8, 8, 8, 8, 7, 8, 8, 7, 8, 7, 7, 6, 7, 6, 7, 7, 9, 6, 9, 5, 8, 8, 9, 9, 9, 8, 9, 6, 
492: 6, 0, 6, 8, 6, 7, 7, 0, 7, 0, 10, 0, 0, 6, 0, 0, 0, 8, 5, 0, 8, 8, 0, 9, 0, 8, 0, 9, 8, 11, 0, 0, 0, 0, 0, 6, 6, 0, 8, 0, 9, 0, 0, 0, 5, 10, 8, 0, 6, 0, 0, 0, 0, 10, 0, 0, 8, 0, 7, 0, 10, 0, 0, 7, 5, 7, 0, 7, 8, 0, 9, 8, 0, 0, 0, 9, 9, 0, 8, 0, : 6, 6, 8, 6, 7, 7, 7, 10, 6, 8, 5, 8, 8, 9, 8, 9, 8, 11, 6, 6, 8, 9, 5, 10, 8, 6, 10, 8, 7, 10, 7, 5, 7, 7, 8, 9, 8, 9, 9, 8, 
184: 0, 8, 6, 0, 0, 9, 6, 7, 9, 6, 8, 0, 7, 0, 0, 8, 0, 5, 9, 0, 0, 0, 0, 7, 8, 8, 7, 0, 7, 7, 10, 6, 0, 8, 0, 8, 10, 8, 6, 0, 0, 7, 0, 0, 0, 9, 0, 0, 9, 4, 8, 0, 8, 7, 0, 8, 6, 9, 9, 0, 0, 0, 0, 4, 7, 7, 7, 0, 7, 7, 7, 9, 7, 0, 0, 0, 8, 6, 9, 0, : 8, 6, 9, 6, 7, 9, 6, 8, 7, 8, 5, 9, 7, 8, 8, 7, 7, 7, 10, 6, 8, 8, 10, 8, 6, 7, 9, 9, 4, 8, 8, 7, 8, 6, 9, 9, 4, 7, 7, 7, 7, 7, 7, 9, 7, 8, 6, 9, 
228: 6, 0, 0, 6, 6, 0, 0, 0, 0, 5, 8, 0, 10, 0, 10, 0, 0, 0, 0, 0, 0, 0, 0, 0, 9, 8, 0, 8, 5, 8, 0, 7, 8, 7, 8, 0, 0, 0, 0, 7, 6, 5, 6, 8, 8, 0, 9, 7, 9, 0, 5, 0, 0, 0, 6, 0, 7, 8, 9, 7, 8, 8, 8, 0, 10, 8, 7, 6, 9, 0, 0, 8, 8, 0, 8, 0, 0, 9, 8, 0, : 6, 6, 6, 5, 8, 10, 10, 9, 8, 8, 5, 8, 7, 8, 7, 8, 7, 6, 5, 6, 8, 8, 9, 7, 9, 5, 6, 7, 8, 9, 7, 8, 8, 8, 10, 8, 7, 6, 9, 8, 8, 8, 9, 8, 
302: 6, 10, 6, 0, 7, 0, 10, 0, 7, 0, 9, 7, 0, 5, 0, 8, 0, 0, 0, 0, 0, 7, 7, 7, 0, 7, 5, 7, 9, 0, 0, 9, 6, 9, 0, 0, 0, 9, 0, 0, 9, 0, 8, 6, 6, 7, 0, 0, 6, 0, 0, 0, 0, 0, 8, 5, 10, 9, 0, 7, 0, 0, 8, 9, 6, 0, 6, 7, 0, 0, 0, 0, 0, 0, 7, 0, 0, 0, 0, 7, : 6, 10, 6, 7, 10, 7, 9, 7, 5, 8, 7, 7, 7, 7, 5, 7, 9, 9, 6, 9, 9, 9, 8, 6, 6, 7, 6, 8, 5, 10, 9, 7, 8, 9, 6, 6, 7, 7, 7, 
348: 0, 0, 0, 0, 0, 0, 0, 0, 5, 0, 0, 6, 8, 0, 0, 0, 8, 0, 5, 8, 8, 9, 0, 8, 7, 0, 6, 6, 0, 8, 0, 8, 9, 6, 0, 8, 0, 0, 0, 8, 0, 8, 0, 5, 0, 6, 9, 9, 0, 9, 0, 0, 6, 8, 8, 0, 0, 7, 0, 0, 5, 0, 0, 0, 0, 0, 0, 7, 9, 8, 0, 8, 9, 7, 7, 8, 8, 0, 0, 8, : 5, 6, 8, 8, 5, 8, 8, 9, 8, 7, 6, 6, 8, 8, 9, 6, 8, 8, 8, 5, 6, 9, 9, 9, 6, 8, 8, 7, 5, 7, 9, 8, 8, 9, 7, 7, 8, 8, 8, 
160: 9, 8, 0, 0, 7, 0, 0, 0, 0, 9, 0, 0, 0, 7, 0, 0, 9, 8, 7, 0, 8, 7, 10, 0, 0, 0, 0, 8, 0, 0, 0, 8, 8, 6, 0, 6, 0, 7, 0, 10, 0, 0, 0, 10, 6, 0, 5, 8, 7, 7, 7, 5, 0, 10, 7, 0, 0, 0, 0, 5, 9, 0, 8, 10, 0, 8, 0, 9, 6, 8, 0, 8, 8, 8, 0, 8, 0, 8, 8, 0, : 9, 8, 7, 9, 7, 9, 8, 7, 8, 7, 10, 8, 8, 8, 6, 6, 7, 10, 10, 6, 5, 8, 7, 7, 7, 5, 10, 7, 5, 9, 8, 10, 8, 9, 6, 8, 8, 8, 8, 8, 8, 8, 
421: 0, 0, 9, 7, 7, 9, 0, 9, 7, 7, 0, 0, 4, 10, 0, 8, 6, 0, 8, 8, 0, 0, 0, 8, 0, 9, 0, 6, 0, 0, 8, 0, 6, 7, 0, 8, 9, 7, 0, 0, 6, 8, 8, 9, 6, 8, 9, 0, 0, 0, 0, 10, 7, 6, 8, 0, 0, 0, 6, 5, 9, 0, 10, 6, 0, 0, 7, 0, 0, 0, 8, 6, 8, 0, 9, 8, 0, 0, 0, 0, : 9, 7, 7, 9, 9, 7, 7, 4, 10, 8, 6, 8, 8, 8, 9, 6, 8, 6, 7, 8, 9, 7, 6, 8, 8, 9, 6, 8, 9, 10, 7, 6, 8, 6, 5, 9, 10, 6, 7, 8, 6, 8, 9, 8, 
282: 9, 10, 0, 0, 0, 0, 0, 0, 0, 8, 5, 0, 0, 0, 0, 0, 0, 10, 8, 10, 0, 7, 0, 0, 4, 0, 7, 7, 0, 6, 0, 0, 10, 0, 0, 8, 8, 6, 0, 7, 7, 7, 5, 0, 0, 8, 7, 0, 0, 6, 0, 5, 0, 9, 10, 5, 0, 7, 0, 8, 8, 8, 0, 0, 0, 0, 8, 8, 0, 6, 9, 0, 0, 0, 0, 0, 0, 9, 0, 0, : 9, 10, 8, 5, 10, 8, 10, 7, 4, 7, 7, 6, 10, 8, 8, 6, 7, 7, 7, 5, 8, 7, 6, 5, 9, 10, 5, 7, 8, 8, 8, 8, 8, 6, 9, 9, 
411: 0, 7, 0, 10, 7, 0, 0, 8, 5, 0, 0, 7, 0, 0, 8, 7, 0, 0, 8, 0, 5, 5, 8, 6, 0, 7, 8, 7, 8, 8, 0, 7, 0, 0, 0, 0, 6, 0, 6, 0, 7, 0, 0, 11, 0, 0, 0, 0, 7, 9, 7, 0, 10, 7, 8, 9, 7, 0, 8, 8, 0, 0, 6, 0, 0, 0, 10, 7, 8, 0, 0, 0, 0, 8, 0, 0, 8, 5, 7, 0, : 7, 10, 7, 8, 5, 7, 8, 7, 8, 5, 5, 8, 6, 7, 8, 7, 8, 8, 7, 6, 6, 7, 11, 7, 9, 7, 10, 7, 8, 9, 7, 8, 8, 6, 10, 7, 8, 8, 8, 5, 7, 
324: 8, 0, 0, 0, 0, 7, 7, 0, 6, 0, 0, 0, 0, 0, 9, 6, 8, 0, 0, 9, 0, 5, 7, 0, 7, 0, 0, 0, 8, 0, 0, 8, 0, 7, 0, 0, 0, 8, 9, 8, 0, 6, 6, 8, 9, 0, 0, 0, 5, 9, 0, 7, 0, 0, 4, 0, 0, 0, 9, 8, 7, 9, 0, 0, 7, 8, 0, 0, 7, 0, 8, 7, 0, 0, 0, 7, 0, 0, 0, 0, : 8, 7, 7, 6, 9, 6, 8, 9, 5, 7, 7, 8, 8, 7, 8, 9, 8, 6, 6, 8, 9, 5, 9, 7, 4, 9, 8, 7, 9, 7, 8, 7, 8, 7, 7, 
110: 0, 0, 0, 8, 8, 7, 6, 6, 0, 0, 0, 0, 0, 0, 0, 0, 0, 9, 8, 4, 8, 0, 0, 9, 8, 0, 0, 0, 5, 0, 9, 0, 0, 8, 0, 0, 0, 5, 9, 8, 0, 8, 6, 7, 0, 0, 7, 9, 0, 0, 0, 10, 0, 0, 0, 7, 0, 0, 0, 0, 0, 9, 7, 8, 0, 0, 7, 0, 7, 0, 0, 9, 8, 8, 0, 7, 0, 7, 8, 0, : 8, 8, 7, 6, 6, 9, 8, 4, 8, 9, 8, 5, 9, 8, 5, 9, 8, 8, 6, 7, 7, 9, 10, 7, 9, 7, 8, 7, 7, 9, 8, 8, 7, 7, 8, 
534: 0, 9, 10, 0, 0, 0, 8, 7, 0, 10, 9, 8, 7, 0, 0, 9, 0, 0, 0, 0, 8, 5, 7, 6, 10, 0, 0, 0, 0, 0, 7, 0, 7, 8, 0, 7, 0, 0, 8, 7, 0, 8, 8, 8, 0, 0, 7, 8, 0, 7, 7, 5, 0, 8, 8, 6, 0, 8, 9, 6, 5, 0, 0, 0, 8, 0, 0, 8, 0, 6, 7, 0, 0, 0, 0, 0, 0, 8, 8, 7, : 9, 10, 8, 7, 10, 9, 8, 7, 9, 8, 5, 7, 6, 10, 7, 7, 8, 7, 8, 7, 8, 8, 8, 7, 8, 7, 7, 5, 8, 8, 6, 8, 9, 6, 5, 8, 8, 6, 7, 8, 8, 7, 
447: 0, 0, 0, 7, 6, 8, 9, 7, 0, 8, 0, 4, 7, 10, 0, 0, 0, 0, 4, 0, 8, 8, 9, 0, 7, 0, 0, 11, 0, 0, 0, 6, 0, 8, 6, 8, 5, 0, 0, 0, 0, 0, 8, 0, 0, 0, 0, 6, 7, 0, 10, 10, 7, 6, 0, 7, 0, 7, 0, 0, 6, 0, 0, 7, 7, 6, 7, 0, 8, 7, 5, 0, 7, 8, 0, 0, 8, 7, 0, 8, : 7, 6, 8, 9, 7, 8, 4, 7, 10, 4, 8, 8, 9, 7, 11, 6, 8, 6, 8, 5, 8, 6, 7, 10, 10, 7, 6, 7, 7, 6, 7, 7, 6, 7, 8, 7, 5, 7, 8, 8, 7, 8, 
430: 6, 6, 9, 9, 0, 0, 6, 6, 10, 0, 0, 0, 0, 0, 8, 8, 0, 8, 0, 9, 0, 9, 0, 9, 9, 0, 0, 0, 0, 0, 0, 7, 0, 0, 0, 0, 8, 0, 0, 0, 0, 0, 0, 10, 7, 0, 0, 0, 0, 0, 10, 7, 5, 0, 9, 0, 7, 9, 5, 0, 7, 7, 7, 0, 6, 7, 8, 7, 0, 8, 0, 0, 8, 0, 0, 8, 0, 0, 0, 0, : 6, 6, 9, 9, 6, 6, 10, 8, 8, 8, 9, 9, 9, 9, 7, 8, 10, 7, 10, 7, 5, 9, 7, 9, 5, 7, 7, 7, 6, 7, 8, 7, 8, 8, 8, 
656: 4, 0, 0, 0, 8, 7, 0, 0, 0, 0, 11, 11, 7, 0, 9, 7, 8, 9, 0, 8, 6, 0, 0, 7, 0, 8, 6, 0, 4, 0, 0, 0, 6, 0, 7, 6, 5, 9, 7, 0, 6, 0, 0, 0, 8, 7, 0, 0, 9, 7, 8, 0, 10, 6, 0, 7, 0, 0, 0, 9, 0, 0, 0, 0, 10, 0, 0, 0, 7, 0, 6, 8, 6, 0, 8, 0, 8, 0, 0, 0, : 4, 8, 7, 11, 11, 7, 9, 7, 8, 9, 8, 6, 7, 8, 6, 4, 6, 7, 6, 5, 9, 7, 6, 8, 7, 9, 7, 8, 10, 6, 7, 9, 10, 7, 6, 8, 6, 8, 8, 
415: 10, 0, 0, 0, 0, 7, 0, 0, 8, 0, 7, 0, 7, 6, 0, 0, 8, 0, 0, 0, 0, 0, 8, 8, 0, 0, 7, 8, 8, 10, 9, 0, 0, 10, 0, 0, 0, 0, 7, 0, 8, 7, 0, 0, 7, 10, 0, 8, 8, 0, 0, 0, 5, 0, 0, 0, 8, 0, 0, 9, 8, 0, 0, 10, 0, 0, 6, 0, 0, 0, 0, 8, 0, 0, 8, 7, 0, 8, 0, 8, : 10, 7, 8, 7, 7, 6, 8, 8, 8, 7, 8, 8, 10, 9, 10, 7, 8, 7, 7, 10, 8, 8, 5, 8, 9, 8, 10, 6, 8, 8, 7, 8, 8, 
425: 0, 0, 7, 0, 0, 7, 0, 9, 0, 0, 6, 5, 10, 7, 9, 0, 9, 0, 0, 0, 5, 9, 7, 0, 5, 4, 10, 0, 9, 6, 7, 0, 8, 7, 7, 0, 7, 0, 0, 9, 6, 10, 0, 0, 0, 7, 0, 9, 0, 9, 0, 0, 0, 0, 0, 0, 9, 5, 7, 0, 0, 6, 0, 0, 0, 0, 0, 0, 0, 0, 0, 6, 0, 7, 0, 0, 9, 0, 0, 8, : 7, 7, 9, 6, 5, 10, 7, 9, 9, 5, 9, 7, 5, 4, 10, 9, 6, 7, 8, 7, 7, 7, 9, 6, 10, 7, 9, 9, 9, 5, 7, 6, 6, 7, 9, 8, 
491: 0, 8, 9, 9, 7, 0, 0, 7, 0, 8, 7, 7, 6, 5, 0, 8, 5, 8, 0, 9, 0, 8, 8, 0, 0, 6, 8, 9, 8, 0, 8, 0, 0, 0, 9, 6, 0, 9, 8, 7, 0, 0, 7, 0, 6, 0, 0, 7, 9, 6, 5, 8, 0, 0, 0, 0, 0, 9, 7, 9, 0, 0, 6, 7, 7, 0, 8, 0, 9, 0, 8, 0, 6, 7, 0, 0, 7, 0, 9, 0, : 8, 9, 9, 7, 7, 8, 7, 7, 6, 5, 8, 5, 8, 9, 8, 8, 6, 8, 9, 8, 8, 9, 6, 9, 8, 7, 7, 6, 7, 9, 6, 5, 8, 9, 7, 9, 6, 7, 7, 8, 9, 8, 6, 7, 7, 9, 
104: 0, 4, 9, 10, 0, 9, 9, 0, 0, 0, 8, 0, 0, 7, 7, 8, 8, 0, 0, 0, 0, 0, 8, 0, 0, 0, 0, 0, 0, 0, 0, 0, 8, 8, 6, 0, 7, 8, 0, 0, 0, 0, 11, 7, 0, 10, 4, 7, 0, 0, 7, 10, 0, 4, 0, 0, 0, 8, 8, 7, 8, 7, 10, 0, 8, 8, 0, 0, 0, 0, 0, 0, 0, 7, 0, 9, 7, 8, 7, 8, : 4, 9, 10, 9, 9, 8, 7, 7, 8, 8, 8, 8, 8, 6, 7, 8, 11, 7, 10, 4, 7, 7, 10, 4, 8, 8, 7, 8, 7, 10, 8, 8, 7, 9, 7, 8, 7, 8, 
74: 9, 0, 8, 0, 8, 6, 0, 0, 0, 10, 5, 9, 0, 7, 0, 9, 5, 8, 8, 5, 8, 8, 6, 0, 8, 0, 9, 6, 0, 0, 0, 0, 0, 8, 6, 9, 0, 8, 6, 6, 0, 0, 10, 0, 0, 0, 7, 0, 0, 0, 0, 0, 8, 0, 6, 8, 9, 0, 0, 6, 5, 9, 7, 0, 0, 0, 0, 0, 0, 7, 8, 5, 0, 9, 0, 0, 0, 7, 7, 7, : 9, 8, 8, 6, 10, 5, 9, 7, 9, 5, 8, 8, 5, 8, 8, 6, 8, 9, 6, 8, 6, 9, 8, 6, 6, 10, 7, 8, 6, 8, 9, 6, 5, 9, 7, 7, 8, 5, 9, 7, 7, 7, 
437: 9, 8, 4, 0, 0, 0, 8, 11, 7, 0, 0, 9, 10, 10, 0, 8, 7, 0, 9, 0, 0, 0, 0, 8, 8, 10, 8, 10, 0, 5, 7, 9, 7, 8, 6, 5, 7, 0, 9, 8, 0, 7, 0, 0, 7, 6, 0, 0, 0, 7, 6, 8, 0, 7, 9, 11, 0, 0, 8, 0, 0, 5, 7, 6, 8, 0, 0, 0, 8, 8, 7, 0, 9, 8, 6, 0, 7, 7, 0, 0, : 9, 8, 4, 8, 11, 7, 9, 10, 10, 8, 7, 9, 8, 8, 10, 8, 10, 5, 7, 9, 7, 8, 6, 5, 7, 9, 8, 7, 7, 6, 7, 6, 8, 7, 9, 11, 8, 5, 7, 6, 8, 8, 8, 7, 9, 8, 6, 7, 7, 
453: 7, 6, 0, 0, 4, 0, 9, 0, 8, 0, 0, 7, 8, 8, 5, 0, 0, 7, 0, 8, 8, 0, 0, 9, 8, 0, 4, 8, 0, 8, 8, 7, 6, 0, 9, 0, 8, 0, 0, 0, 11, 11, 0, 9, 0, 4, 9, 6, 9, 0, 7, 0, 9, 0, 0, 8, 6, 9, 6, 0, 8, 0, 0, 8, 5, 7, 0, 0, 7, 7, 8, 0, 7, 7, 0, 5, 0, 0, 0, 8, : 7, 6, 4, 9, 8, 7, 8, 8, 5, 7, 8, 8, 9, 8, 4, 8, 8, 8, 7, 6, 9, 8, 11, 11, 9, 4, 9, 6, 9, 7, 9, 8, 6, 9, 6, 8, 8, 5, 7, 7, 7, 8, 7, 7, 5, 8, 
75: 0, 0, 0, 4, 0, 0, 8, 9, 0, 7, 0, 0, 0, 0, 0, 8, 7, 8, 0, 8, 0, 0, 0, 0, 0, 0, 6, 6, 7, 0, 8, 8, 0, 8, 7, 8, 9, 6, 0, 0, 6, 6, 0, 6, 7, 0, 0, 0, 7, 6, 9, 7, 10, 6, 7, 0, 11, 7, 9, 0, 9, 9, 4, 8, 0, 8, 9, 8, 0, 7, 8, 7, 9, 0, 8, 0, 0, 0, 8, 0, : 4, 8, 9, 7, 8, 7, 8, 8, 6, 6, 7, 8, 8, 8, 7, 8, 9, 6, 6, 6, 6, 7, 7, 6, 9, 7, 10, 6, 7, 11, 7, 9, 9, 9, 4, 8, 8, 9, 8, 7, 8, 7, 9, 8, 8, 
227: 6, 7, 0, 9, 0, 0, 0, 0, 0, 7, 0, 7, 11, 9, 7, 7, 9, 8, 0, 7, 0, 0, 0, 0, 0, 0, 0, 4, 7, 8, 5, 0, 0, 0, 9, 10, 0, 7, 7, 0, 8, 7, 7, 0, 10, 6, 0, 7, 0, 7, 6, 0, 7, 10, 7, 0, 8, 0, 0, 0, 8, 0, 7, 8, 0, 7, 8, 6, 8, 8, 8, 0, 0, 0, 8, 0, 8, 8, 7, 7, : 6, 7, 9, 7, 7, 11, 9, 7, 7, 9, 8, 7, 4, 7, 8, 5, 9, 10, 7, 7, 8, 7, 7, 10, 6, 7, 7, 6, 7, 10, 7, 8, 8, 7, 8, 7, 8, 6, 8, 8, 8, 8, 8, 8, 7, 7, 
738: 0, 6, 6, 6, 8, 6, 0, 8, 9, 6, 8, 0, 0, 8, 0, 0, 0, 0, 0, 0, 0, 8, 0, 0, 0, 0, 0, 9, 6, 7, 0, 0, 8, 0, 8, 0, 0, 9, 9, 8, 0, 0, 7, 0, 8, 0, 7, 0, 9, 0, 10, 9, 7, 0, 0, 0, 0, 0, 6, 0, 0, 0, 8, 0, 8, 0, 8, 8, 0, 8, 0, 9, 8, 8, 9, 0, 0, 8, 0, 9, : 6, 6, 6, 8, 6, 8, 9, 6, 8, 8, 8, 9, 6, 7, 8, 8, 9, 9, 8, 7, 8, 7, 9, 10, 9, 7, 6, 8, 8, 8, 8, 8, 9, 8, 8, 9, 8, 9, 
143: 7, 0, 6, 8, 7, 8, 7, 7, 6, 0, 6, 10, 0, 9, 0, 0, 0, 0, 8, 8, 0, 0, 7, 10, 7, 5, 0, 0, 8, 0, 0, 6, 8, 0, 0, 9, 9, 5, 0, 6, 8, 0, 7, 0, 8, 8, 9, 4, 0, 0, 0, 8, 10, 0, 0, 0, 9, 7, 0, 0, 0, 0, 0, 0, 0, 8, 0, 8, 7, 6, 0, 0, 7, 0, 7, 9, 6, 0, 0, 6, : 7, 6, 8, 7, 8, 7, 7, 6, 6, 10, 9, 8, 8, 7, 10, 7, 5, 8, 6, 8, 9, 9, 5, 6, 8, 7, 8, 8, 9, 4, 8, 10, 9, 7, 8, 8, 7, 6, 7, 7, 9, 6, 6, 
244: 8, 9, 0, 0, 0, 7, 0, 7, 11, 5, 0, 0, 7, 0, 8, 6, 0, 8, 10, 7, 8, 8, 0, 0, 6, 8, 8, 6, 11, 0, 7, 0, 0, 0, 7, 0, 0, 0, 0, 0, 7, 7, 9, 0, 8, 7, 0, 0, 0, 9, 0, 0, 0, 9, 0, 0, 5, 5, 6, 0, 0, 7, 0, 7, 0, 6, 7, 0, 0, 0, 0, 0, 5, 0, 0, 6, 6, 9, 7, 5, : 8, 9, 7, 7, 11, 5, 7, 8, 6, 8, 10, 7, 8, 8, 6, 8, 8, 6, 11, 7, 7, 7, 7, 9, 8, 7, 9, 9, 5, 5, 6, 7, 7, 6, 7, 5, 6, 6, 9, 7, 5, 
436: 8, 6, 0, 0, 7, 0, 0, 5, 7, 8, 0, 0, 0, 0, 0, 0, 9, 0, 0, 0, 10, 0, 5, 0, 0, 0, 6, 0, 0, 0, 0, 0, 6, 0, 8, 8, 0, 6, 8, 0, 8, 7, 8, 7, 7, 0, 7, 8, 0, 9, 10, 7, 0, 10, 0, 7, 7, 0, 0, 10, 0, 6, 0, 8, 8, 0, 0, 6, 0, 8, 0, 0, 7, 0, 7, 6, 0, 7, 0, 8, : 8, 6, 7, 5, 7, 8, 9, 10, 5, 6, 6, 8, 8, 6, 8, 8, 7, 8, 7, 7, 7, 8, 9, 10, 7, 10, 7, 7, 10, 6, 8, 8, 6, 8, 7, 7, 6, 7, 8, 
502: 0, 0, 0, 0, 0, 7, 7, 0, 8, 0, 5, 5, 9, 0, 5, 6, 0, 0, 5, 0, 0, 8, 5, 0, 0, 0, 0, 0, 0, 7, 0, 9, 9, 6, 8, 0, 0, 7, 5, 0, 8, 9, 9, 5, 11, 8, 0, 9, 0, 0, 0, 0, 0, 6, 0, 9, 5, 0, 0, 9, 6, 7, 10, 8, 0, 10, 0, 8, 8, 7, 6, 0, 0, 0, 8, 8, 8, 8, 9, 9, : 7, 7, 8, 5, 5, 9, 5, 6, 5, 8, 5, 7, 9, 9, 6, 8, 7, 5, 8, 9, 9, 5, 11, 8, 9, 6, 9, 5, 9, 6, 7, 10, 8, 10, 8, 8, 7, 6, 8, 8, 8, 8, 9, 9, 


699: 5, 8, 8, 0, 6, 8, 8, 0, 0, 8, 5, 0, 6, 7, 0, 0, 8, 0, 6, 0, 5, 0, 5, 0, 0, 0, 6, 7, 7, 0, 0, 6, 0, 0, 0, 0, 9, 6, 0, 0, 9, 0, 6, 0, 0, 9, 8, 7, 0, 10, 6, 6, 0, 0, 6, 7, 0, 0, 11, 0, 6, 10, 7, 0, 0, 0, 8, 7, 0, 8, 0, 0, 6, 0, 0, 8, 7, 0, 5, 0, : 5, 8, 8, 6, 8, 8, 8, 5, 6, 7, 8, 6, 5, 5, 6, 7, 7, 6, 9, 6, 9, 6, 9, 8, 7, 10, 6, 6, 6, 7, 11, 6, 10, 7, 8, 7, 8, 6, 8, 7, 5, 
136: 0, 0, 5, 0, 0, 9, 6, 6, 0, 0, 10, 0, 8, 7, 8, 7, 7, 0, 0, 10, 10, 0, 0, 9, 0, 0, 5, 7, 6, 6, 0, 0, 0, 7, 0, 0, 0, 0, 0, 6, 6, 0, 0, 10, 8, 0, 0, 8, 10, 7, 0, 0, 8, 0, 0, 0, 11, 0, 6, 7, 8, 0, 8, 7, 6, 0, 9, 9, 0, 5, 9, 0, 8, 6, 5, 0, 8, 0, 8, 0, : 5, 9, 6, 6, 10, 8, 7, 8, 7, 7, 10, 10, 9, 5, 7, 6, 6, 7, 6, 6, 10, 8, 8, 10, 7, 8, 11, 6, 7, 8, 8, 7, 6, 9, 9, 5, 9, 8, 6, 5, 8, 8, 
182: 7, 7, 0, 0, 7, 0, 8, 9, 0, 0, 8, 8, 0, 5, 0, 8, 0, 7, 5, 0, 7, 9, 0, 8, 8, 7, 0, 0, 0, 5, 8, 0, 0, 9, 0, 6, 0, 7, 0, 8, 0, 0, 9, 0, 0, 9, 0, 0, 9, 8, 0, 0, 0, 0, 0, 0, 0, 5, 0, 8, 8, 0, 6, 8, 0, 6, 0, 0, 0, 9, 7, 0, 0, 0, 8, 0, 0, 9, 0, 0, : 7, 7, 7, 8, 9, 8, 8, 5, 8, 7, 5, 7, 9, 8, 8, 7, 5, 8, 9, 6, 7, 8, 9, 9, 9, 8, 5, 8, 8, 6, 8, 6, 9, 7, 8, 9, 
206: 8, 0, 0, 9, 0, 10, 6, 6, 6, 0, 0, 8, 0, 6, 7, 0, 0, 0, 0, 6, 0, 9, 0, 0, 10, 0, 0, 4, 10, 0, 6, 0, 6, 6, 7, 0, 0, 8, 7, 0, 6, 0, 8, 0, 0, 0, 9, 0, 5, 0, 8, 0, 5, 0, 0, 0, 0, 7, 5, 0, 0, 0, 0, 7, 7, 0, 7, 0, 8, 8, 0, 8, 0, 0, 7, 0, 8, 0, 7, 0, : 8, 9, 10, 6, 6, 6, 8, 6, 7, 6, 9, 10, 4, 10, 6, 6, 6, 7, 8, 7, 6, 8, 9, 5, 8, 5, 7, 5, 7, 7, 7, 8, 8, 8, 7, 8, 7, 
197: 6, 0, 0, 0, 0, 0, 8, 0, 0, 0, 8, 9, 7, 8, 7, 0, 0, 0, 7, 10, 9, 0, 5, 0, 0, 0, 9, 7, 0, 0, 0, 10, 8, 0, 9, 0, 0, 0, 0, 0, 7, 0, 0, 6, 10, 0, 0, 5, 0, 4, 0, 0, 0, 0, 8, 0, 0, 7, 8, 7, 0, 8, 0, 0, 0, 7, 6, 0, 8, 8, 0, 0, 0, 9, 0, 0, 0, 0, 7, 0, : 6, 8, 8, 9, 7, 8, 7, 7, 10, 9, 5, 9, 7, 10, 8, 9, 7, 6, 10, 5, 4, 8, 7, 8, 7, 8, 7, 6, 8, 8, 9, 7, 
739: 0, 6, 0, 8, 0, 6, 0, 0, 0, 0, 0, 7, 0, 9, 0, 8, 5, 0, 9, 11, 0, 10, 9, 5, 0, 8, 6, 0, 0, 6, 7, 9, 8, 8, 0, 8, 0, 0, 0, 8, 0, 7, 0, 0, 7, 6, 0, 0, 8, 0, 7, 0, 0, 6, 0, 9, 5, 0, 7, 8, 0, 11, 0, 0, 8, 0, 0, 0, 7, 0, 0, 9, 0, 0, 0, 8, 0, 0, 8, 8, : 6, 8, 6, 7, 9, 8, 5, 9, 11, 10, 9, 5, 8, 6, 6, 7, 9, 8, 8, 8, 8, 7, 7, 6, 8, 7, 6, 9, 5, 7, 8, 11, 8, 7, 9, 8, 8, 8, 
1: 9, 7, 7, 0, 8, 7, 0, 8, 0, 8, 0, 6, 9, 5, 0, 5, 0, 7, 4, 0, 0, 8, 0, 8, 0, 0, 0, 0, 0, 10, 0, 11, 0, 5, 0, 6, 9, 0, 9, 7, 0, 9, 8, 10, 0, 8, 7, 9, 0, 9, 7, 5, 0, 0, 8, 11, 0, 0, 0, 0, 0, 0, 0, 0, 0, 9, 0, 0, 9, 0, 0, 7, 6, 0, 0, 6, 0, 0, 0, 8, : 9, 7, 7, 8, 7, 8, 8, 6, 9, 5, 5, 7, 4, 8, 8, 10, 11, 5, 6, 9, 9, 7, 9, 8, 10, 8, 7, 9, 9, 7, 5, 8, 11, 9, 9, 7, 6, 6, 8, 
741: 0, 0, 7, 0, 0, 0, 0, 5, 6, 5, 0, 0, 8, 9, 8, 0, 0, 9, 0, 0, 9, 9, 9, 0, 0, 8, 8, 10, 8, 0, 0, 9, 10, 7, 8, 0, 0, 10, 0, 0, 10, 8, 0, 8, 5, 0, 0, 10, 0, 8, 0, 0, 8, 8, 9, 7, 8, 0, 0, 0, 7, 0, 0, 9, 7, 7, 0, 0, 0, 9, 6, 8, 8, 8, 0, 0, 0, 0, 0, 0, : 7, 5, 6, 5, 8, 9, 8, 9, 9, 9, 9, 8, 8, 10, 8, 9, 10, 7, 8, 10, 10, 8, 8, 5, 10, 8, 8, 8, 9, 7, 8, 7, 9, 7, 7, 9, 6, 8, 8, 8, 
639: 0, 10, 6, 7, 8, 7, 0, 7, 0, 9, 7, 10, 0, 0, 0, 0, 0, 0, 10, 7, 10, 7, 9, 0, 0, 9, 7, 6, 10, 0, 4, 0, 0, 7, 0, 8, 6, 0, 6, 0, 0, 0, 8, 5, 0, 8, 0, 0, 0, 9, 9, 0, 0, 0, 7, 0, 7, 7, 0, 7, 5, 6, 11, 6, 9, 7, 0, 5, 0, 6, 9, 0, 0, 9, 8, 7, 7, 9, 0, 7, : 10, 6, 7, 8, 7, 7, 9, 7, 10, 10, 7, 10, 7, 9, 9, 7, 6, 10, 4, 7, 8, 6, 6, 8, 5, 8, 9, 9, 7, 7, 7, 7, 5, 6, 11, 6, 9, 7, 5, 6, 9, 9, 8, 7, 7, 9, 7, 
789: 7, 8, 0, 8, 0, 9, 0, 9, 8, 8, 0, 0, 8, 8, 0, 4, 8, 0, 9, 6, 6, 9, 0, 9, 8, 8, 9, 0, 0, 0, 7, 7, 0, 10, 9, 6, 7, 7, 7, 0, 9, 0, 0, 0, 7, 0, 4, 10, 0, 0, 6, 0, 0, 0, 6, 0, 9, 7, 0, 0, 0, 0, 5, 0, 9, 6, 0, 0, 5, 8, 6, 0, 0, 0, 9, 0, 0, 8, 0, 8, : 7, 8, 8, 9, 9, 8, 8, 8, 8, 4, 8, 9, 6, 6, 9, 9, 8, 8, 9, 7, 7, 10, 9, 6, 7, 7, 7, 9, 7, 4, 10, 6, 6, 9, 7, 5, 9, 6, 5, 8, 6, 9, 8, 8, 
479: 7, 0, 8, 9, 6, 0, 6, 0, 10, 0, 8, 0, 0, 0, 7, 0, 5, 9, 0, 0, 0, 0, 8, 6, 7, 10, 7, 0, 0, 7, 7, 0, 7, 8, 0, 0, 6, 7, 0, 8, 0, 8, 0, 7, 5, 0, 8, 6, 0, 6, 0, 9, 0, 0, 8, 0, 0, 0, 0, 8, 5, 0, 0, 0, 7, 0, 0, 7, 0, 0, 0, 0, 0, 0, 0, 8, 8, 7, 0, 5, : 7, 8, 9, 6, 6, 10, 8, 7, 5, 9, 8, 6, 7, 10, 7, 7, 7, 7, 8, 6, 7, 8, 8, 7, 5, 8, 6, 6, 9, 8, 8, 5, 7, 7, 8, 8, 7, 5, 
537: 0, 0, 0, 8, 7, 7, 8, 0, 9, 0, 0, 7, 0, 0, 5, 9, 9, 0, 0, 9, 9, 5, 0, 0, 0, 0, 0, 0, 7, 0, 8, 0, 0, 9, 0, 0, 7, 0, 0, 10, 8, 0, 5, 0, 0, 8, 0, 0, 9, 0, 10, 7, 7, 6, 0, 0, 0, 11, 8, 0, 5, 6, 0, 6, 7, 0, 7, 6, 6, 8, 0, 0, 0, 0, 0, 8, 8, 8, 8, 0, : 8, 7, 7, 8, 9, 7, 5, 9, 9, 9, 9, 5, 7, 8, 9, 7, 10, 8, 5, 8, 9, 10, 7, 7, 6, 11, 8, 5, 6, 6, 7, 7, 6, 6, 8, 8, 8, 8, 8, 
165: 0, 7, 8, 7, 0, 0, 0, 0, 0, 0, 9, 0, 8, 0, 6, 0, 0, 10, 7, 0, 0, 0, 0, 7, 7, 8, 8, 9, 0, 7, 7, 0, 0, 0, 0, 0, 0, 0, 6, 7, 0, 0, 10, 0, 0, 0, 0, 0, 8, 7, 9, 7, 7, 7, 0, 0, 0, 6, 5, 7, 9, 0, 0, 0, 0, 8, 7, 6, 6, 6, 8, 7, 0, 9, 0, 0, 9, 0, 9, 0, : 7, 8, 7, 9, 8, 6, 10, 7, 7, 7, 8, 8, 9, 7, 7, 6, 7, 10, 8, 7, 9, 7, 7, 7, 6, 5, 7, 9, 8, 7, 6, 6, 6, 8, 7, 9, 9, 9, 
323: 0, 0, 5, 0, 9, 0, 6, 0, 8, 9, 6, 0, 7, 0, 8, 8, 0, 7, 9, 0, 0, 8, 7, 7, 9, 0, 0, 0, 0, 0, 10, 7, 6, 8, 5, 8, 7, 9, 6, 6, 10, 7, 0, 0, 0, 0, 6, 0, 0, 7, 8, 6, 8, 0, 0, 0, 0, 0, 0, 6, 8, 9, 8, 0, 8, 0, 7, 9, 7, 7, 8, 0, 8, 6, 8, 8, 0, 8, 7, 0, : 5, 9, 6, 8, 9, 6, 7, 8, 8, 7, 9, 8, 7, 7, 9, 10, 7, 6, 8, 5, 8, 7, 9, 6, 6, 10, 7, 6, 7, 8, 6, 8, 6, 8, 9, 8, 8, 7, 9, 7, 7, 8, 8, 6, 8, 8, 8, 7, 
149: 0, 0, 7, 9, 8, 0, 8, 9, 0, 7, 5, 5, 0, 9, 0, 8, 7, 8, 7, 9, 7, 9, 0, 6, 8, 4, 7, 5, 8, 6, 0, 0, 9, 0, 8, 0, 8, 0, 6, 8, 0, 9, 6, 6, 0, 5, 10, 8, 0, 8, 6, 8, 11, 8, 0, 0, 6, 0, 8, 5, 0, 7, 0, 6, 7, 0, 0, 8, 8, 7, 7, 7, 0, 8, 0, 0, 0, 6, 0, 7, : 7, 9, 8, 8, 9, 7, 5, 5, 9, 8, 7, 8, 7, 9, 7, 9, 6, 8, 4, 7, 5, 8, 6, 9, 8, 8, 6, 8, 9, 6, 6, 5, 10, 8, 8, 6, 8, 11, 8, 6, 8, 5, 7, 6, 7, 8, 8, 7, 7, 7, 8, 6, 7, 
313: 9, 7, 8, 8, 10, 0, 0, 10, 6, 10, 8, 0, 0, 7, 0, 8, 9, 0, 0, 6, 4, 10, 0, 9, 0, 0, 7, 8, 0, 0, 0, 0, 0, 9, 0, 10, 0, 0, 0, 6, 6, 10, 7, 7, 6, 4, 9, 4, 9, 0, 7, 0, 7, 5, 0, 6, 7, 8, 0, 0, 0, 5, 0, 0, 0, 10, 9, 0, 9, 0, 0, 8, 9, 7, 0, 0, 8, 0, 8, 6, : 9, 7, 8, 8, 10, 10, 6, 10, 8, 7, 8, 9, 6, 4, 10, 9, 7, 8, 9, 10, 6, 6, 10, 7, 7, 6, 4, 9, 4, 9, 7, 7, 5, 6, 7, 8, 5, 10, 9, 9, 8, 9, 7, 8, 8, 6, 
585: 0, 5, 9, 8, 8, 0, 0, 8, 10, 0, 0, 0, 7, 0, 8, 0, 8, 0, 0, 5, 5, 0, 10, 0, 6, 0, 0, 0, 0, 9, 0, 0, 7, 0, 0, 7, 10, 0, 0, 0, 7, 0, 7, 0, 0, 0, 0, 7, 8, 9, 0, 7, 0, 5, 0, 7, 7, 7, 8, 0, 9, 7, 0, 0, 0, 0, 0, 7, 8, 7, 8, 0, 8, 0, 7, 9, 0, 8, 9, 0, : 5, 9, 8, 8, 8, 10, 7, 8, 8, 5, 5, 10, 6, 9, 7, 7, 10, 7, 7, 7, 8, 9, 7, 5, 7, 7, 7, 8, 9, 7, 7, 8, 7, 8, 8, 7, 9, 8, 9, 
550: 0, 9, 8, 0, 0, 8, 0, 0, 10, 9, 8, 0, 0, 8, 0, 5, 0, 0, 7, 7, 6, 0, 0, 0, 0, 0, 0, 0, 0, 0, 0, 6, 8, 0, 0, 6, 0, 0, 8, 6, 8, 0, 0, 6, 0, 10, 9, 0, 6, 0, 0, 11, 6, 0, 0, 8, 0, 0, 10, 9, 0, 6, 0, 0, 0, 7, 8, 0, 0, 8, 0, 6, 7, 8, 6, 5, 0, 6, 0, 0, : 9, 8, 8, 10, 9, 8, 8, 5, 7, 7, 6, 6, 8, 6, 8, 6, 8, 6, 10, 9, 6, 11, 6, 8, 10, 9, 6, 7, 8, 8, 6, 7, 8, 6, 5, 6, 
371: 8, 9, 8, 0, 0, 8, 6, 0, 0, 0, 0, 0, 9, 0, 0, 8, 0, 0, 7, 0, 0, 0, 6, 6, 0, 6, 0, 0, 8, 7, 6, 0, 7, 7, 8, 9, 8, 0, 6, 6, 0, 8, 7, 0, 11, 0, 0, 6, 0, 0, 0, 0, 5, 6, 10, 7, 0, 0, 0, 6, 8, 0, 0, 0, 9, 8, 0, 8, 0, 0, 5, 8, 7, 6, 8, 0, 0, 9, 0, 8, : 8, 9, 8, 8, 6, 9, 8, 7, 6, 6, 6, 8, 7, 6, 7, 7, 8, 9, 8, 6, 6, 8, 7, 11, 6, 5, 6, 10, 7, 6, 8, 9, 8, 8, 5, 8, 7, 6, 8, 9, 8, 
623: 8, 6, 0, 0, 0, 5, 8, 6, 5, 0, 0, 9, 0, 0, 8, 0, 0, 7, 0, 0, 7, 4, 0, 0, 8, 0, 0, 0, 9, 9, 0, 0, 0, 6, 0, 7, 0, 10, 0, 0, 0, 0, 8, 8, 10, 0, 5, 0, 6, 0, 0, 6, 9, 0, 8, 7, 7, 0, 0, 8, 0, 5, 0, 7, 0, 9, 6, 0, 7, 0, 0, 0, 8, 0, 7, 6, 0, 8, 7, 8, : 8, 6, 5, 8, 6, 5, 9, 8, 7, 7, 4, 8, 9, 9, 6, 7, 10, 8, 8, 10, 5, 6, 6, 9, 8, 7, 7, 8, 5, 7, 9, 6, 7, 8, 7, 6, 8, 7, 8, 
593: 9, 8, 0, 8, 9, 0, 6, 8, 0, 0, 0, 8, 8, 0, 7, 0, 0, 0, 0, 0, 10, 0, 8, 10, 0, 9, 0, 0, 0, 8, 0, 6, 6, 0, 5, 0, 7, 8, 0, 0, 0, 0, 6, 0, 6, 0, 0, 0, 5, 7, 8, 0, 0, 8, 5, 0, 0, 8, 0, 0, 0, 9, 0, 0, 0, 0, 0, 9, 8, 8, 6, 6, 6, 8, 0, 0, 0, 0, 6, 0, : 9, 8, 8, 9, 6, 8, 8, 8, 7, 10, 8, 10, 9, 8, 6, 6, 5, 7, 8, 6, 6, 5, 7, 8, 8, 5, 8, 9, 9, 8, 8, 6, 6, 6, 8, 6, 
605: 7, 5, 9, 0, 0, 0, 9, 0, 5, 6, 0, 0, 5, 0, 0, 0, 9, 0, 6, 0, 0, 8, 8, 0, 6, 8, 0, 0, 5, 8, 7, 0, 0, 0, 9, 8, 5, 0, 0, 0, 0, 0, 0, 8, 7, 7, 8, 0, 7, 0, 0, 0, 8, 0, 0, 7, 0, 6, 0, 11, 9, 7, 6, 0, 6, 0, 8, 7, 7, 0, 8, 0, 9, 7, 0, 7, 8, 7, 0, 7, : 7, 5, 9, 9, 5, 6, 5, 9, 6, 8, 8, 6, 8, 5, 8, 7, 9, 8, 5, 8, 7, 7, 8, 7, 8, 7, 6, 11, 9, 7, 6, 6, 8, 7, 7, 8, 9, 7, 7, 8, 7, 7, 
387: 0, 8, 9, 0, 0, 8, 8, 6, 0, 0, 0, 7, 0, 0, 0, 0, 7, 9, 0, 9, 9, 10, 0, 7, 5, 6, 8, 7, 0, 10, 0, 6, 7, 8, 7, 0, 8, 0, 0, 10, 0, 6, 10, 8, 0, 9, 0, 0, 9, 8, 0, 0, 0, 7, 8, 7, 8, 5, 8, 0, 7, 0, 0, 0, 0, 8, 0, 7, 0, 0, 8, 8, 0, 8, 9, 0, 0, 0, 0, 9, : 8, 9, 8, 8, 6, 7, 7, 9, 9, 9, 10, 7, 5, 6, 8, 7, 10, 6, 7, 8, 7, 8, 10, 6, 10, 8, 9, 9, 8, 7, 8, 7, 8, 5, 8, 7, 8, 7, 8, 8, 8, 9, 9, 
109: 8, 0, 9, 0, 0, 7, 0, 0, 0, 0, 0, 0, 6, 8, 5, 8, 10, 0, 11, 0, 0, 5, 5, 0, 0, 0, 0, 0, 7, 0, 0, 4, 0, 0, 6, 8, 7, 8, 7, 0, 6, 0, 0, 0, 0, 8, 7, 0, 0, 0, 0, 0, 6, 0, 0, 0, 9, 0, 0, 0, 11, 0, 5, 0, 7, 0, 0, 0, 0, 0, 8, 0, 9, 8, 8, 0, 0, 6, 6, 8, : 8, 9, 7, 6, 8, 5, 8, 10, 11, 5, 5, 7, 4, 6, 8, 7, 8, 7, 6, 8, 7, 6, 9, 11, 5, 7, 8, 9, 8, 8, 6, 6, 8, 
580: 6, 6, 0, 9, 5, 5, 0, 0, 0, 0, 8, 9, 0, 0, 7, 7, 7, 0, 0, 0, 9, 0, 0, 8, 0, 0, 10, 7, 0, 8, 0, 0, 0, 0, 0, 0, 8, 8, 7, 0, 8, 0, 0, 8, 0, 0, 0, 8, 0, 0, 0, 7, 6, 10, 9, 0, 0, 0, 5, 0, 9, 0, 10, 0, 0, 0, 0, 0, 0, 8, 0, 8, 8, 8, 0, 0, 6, 8, 0, 8, : 6, 6, 9, 5, 5, 8, 9, 7, 7, 7, 9, 8, 10, 7, 8, 8, 8, 7, 8, 8, 8, 7, 6, 10, 9, 5, 9, 10, 8, 8, 8, 8, 6, 8, 8, 
220: 0, 0, 0, 5, 0, 0, 0, 0, 0, 0, 7, 0, 0, 0, 9, 0, 0, 4, 0, 8, 0, 0, 9, 7, 5, 0, 7, 9, 7, 0, 7, 8, 7, 0, 7, 0, 0, 6, 7, 0, 0, 6, 8, 0, 8, 8, 0, 0, 0, 0, 0, 8, 0, 0, 7, 6, 5, 7, 6, 0, 0, 8, 6, 0, 9, 7, 7, 0, 0, 0, 0, 0, 5, 0, 0, 8, 0, 8, 8, 0, : 5, 7, 9, 4, 8, 9, 7, 5, 7, 9, 7, 7, 8, 7, 7, 6, 7, 6, 8, 8, 8, 8, 7, 6, 5, 7, 6, 8, 6, 9, 7, 7, 5, 8, 8, 8, 
277: 6, 0, 0, 9, 0, 7, 0, 0, 0, 9, 0, 5, 10, 0, 0, 0, 8, 7, 5, 10, 0, 6, 0, 0, 0, 0, 8, 6, 0, 0, 0, 8, 0, 0, 7, 0, 0, 0, 8, 9, 0, 8, 0, 0, 8, 0, 10, 9, 0, 0, 0, 6, 0, 0, 0, 0, 0, 0, 0, 7, 6, 8, 8, 6, 5, 0, 0, 8, 9, 0, 8, 0, 7, 7, 0, 7, 0, 0, 0, 9, : 6, 9, 7, 9, 5, 10, 8, 7, 5, 10, 6, 8, 6, 8, 7, 8, 9, 8, 8, 10, 9, 6, 7, 6, 8, 8, 6, 5, 8, 9, 8, 7, 7, 7, 9, 
87: 0, 7, 0, 0, 8, 6, 0, 6, 7, 9, 0, 7, 8, 7, 0, 0, 0, 9, 0, 0, 0, 0, 7, 0, 9, 8, 10, 0, 0, 0, 0, 0, 0, 7, 7, 0, 7, 0, 0, 0, 0, 0, 5, 9, 0, 0, 7, 8, 8, 0, 9, 9, 8, 0, 7, 8, 0, 0, 7, 0, 7, 9, 7, 9, 0, 8, 0, 0, 0, 0, 9, 6, 0, 0, 7, 8, 8, 0, 8, 0, : 7, 8, 6, 6, 7, 9, 7, 8, 7, 9, 7, 9, 8, 10, 7, 7, 7, 5, 9, 7, 8, 8, 9, 9, 8, 7, 8, 7, 7, 9, 7, 9, 8, 9, 6, 7, 8, 8, 8, 
607: 0, 0, 6, 7, 8, 0, 0, 0, 8, 7, 0, 5, 0, 0, 5, 0, 0, 8, 0, 6, 0, 0, 0, 8, 7, 8, 4, 0, 7, 7, 0, 8, 0, 0, 7, 7, 0, 9, 0, 0, 0, 0, 8, 7, 8, 9, 0, 0, 0, 0, 8, 0, 0, 11, 7, 0, 0, 0, 8, 10, 10, 0, 10, 8, 0, 0, 7, 8, 0, 0, 0, 5, 0, 0, 0, 6, 0, 5, 0, 9, : 6, 7, 8, 8, 7, 5, 5, 8, 6, 8, 7, 8, 4, 7, 7, 8, 7, 7, 9, 8, 7, 8, 9, 8, 11, 7, 8, 10, 10, 10, 8, 7, 8, 5, 6, 5, 9, 
295: 0, 0, 0, 0, 0, 0, 0, 7, 6, 7, 9, 6, 10, 7, 0, 8, 7, 7, 7, 8, 6, 0, 0, 8, 8, 0, 0, 9, 0, 0, 0, 7, 0, 0, 0, 8, 0, 6, 8, 0, 0, 7, 8, 5, 0, 7, 7, 7, 7, 6, 0, 0, 0, 11, 6, 8, 0, 0, 0, 0, 0, 0, 8, 7, 0, 7, 0, 0, 0, 0, 0, 7, 7, 0, 8, 0, 0, 0, 8, 7, : 7, 6, 7, 9, 6, 10, 7, 8, 7, 7, 7, 8, 6, 8, 8, 9, 7, 8, 6, 8, 7, 8, 5, 7, 7, 7, 7, 6, 11, 6, 8, 8, 7, 7, 7, 7, 8, 8, 7, 
403: 0, 9, 0, 0, 8, 0, 10, 8, 6, 8, 0, 8, 0, 5, 8, 0, 0, 0, 6, 0, 0, 0, 7, 0, 0, 0, 0, 7, 4, 4, 9, 0, 0, 0, 10, 0, 0, 6, 10, 0, 8, 0, 8, 0, 8, 0, 7, 7, 0, 6, 0, 0, 8, 6, 7, 9, 7, 0, 6, 0, 7, 0, 9, 9, 7, 7, 8, 9, 0, 0, 8, 8, 8, 0, 8, 0, 6, 8, 0, 0, : 9, 8, 10, 8, 6, 8, 8, 5, 8, 6, 7, 7, 4, 4, 9, 10, 6, 10, 8, 8, 8, 7, 7, 6, 8, 6, 7, 9, 7, 6, 7, 9, 9, 7, 7, 8, 9, 8, 8, 8, 8, 6, 8, 
676: 8, 0, 9, 5, 0, 8, 0, 0, 7, 5, 5, 0, 0, 0, 0, 7, 0, 6, 8, 0, 0, 0, 0, 0, 0, 0, 0, 0, 0, 0, 11, 9, 0, 0, 8, 0, 8, 7, 0, 7, 7, 8, 0, 0, 0, 7, 0, 0, 0, 8, 6, 0, 0, 6, 0, 0, 7, 0, 11, 5, 0, 0, 0, 0, 10, 0, 6, 0, 0, 9, 7, 0, 0, 0, 6, 7, 7, 0, 9, 0, : 8, 9, 5, 8, 7, 5, 5, 7, 6, 8, 11, 9, 8, 8, 7, 7, 7, 8, 7, 8, 6, 6, 7, 11, 5, 10, 6, 9, 7, 6, 7, 7, 9, 
512: 6, 0, 7, 0, 0, 0, 0, 8, 0, 0, 0, 9, 8, 0, 0, 6, 4, 0, 0, 4, 0, 5, 0, 8, 0, 7, 0, 9, 9, 7, 9, 0, 7, 0, 0, 9, 0, 0, 8, 8, 7, 0, 0, 8, 0, 6, 5, 9, 0, 8, 8, 7, 0, 0, 0, 5, 7, 8, 0, 10, 6, 0, 9, 7, 9, 0, 10, 0, 6, 0, 0, 9, 0, 0, 0, 0, 0, 0, 8, 0, : 6, 7, 8, 9, 8, 6, 4, 4, 5, 8, 7, 9, 9, 7, 9, 7, 9, 8, 8, 7, 8, 6, 5, 9, 8, 8, 7, 5, 7, 8, 10, 6, 9, 7, 9, 10, 6, 9, 8, 
390: 0, 9, 0, 6, 9, 0, 9, 8, 0, 0, 8, 8, 5, 0, 9, 9, 9, 9, 0, 7, 0, 8, 0, 0, 7, 7, 0, 9, 0, 0, 0, 7, 9, 5, 0, 0, 10, 0, 10, 0, 8, 7, 0, 0, 5, 5, 6, 10, 6, 0, 0, 10, 5, 0, 0, 5, 8, 7, 0, 0, 0, 8, 7, 9, 0, 9, 0, 8, 8, 0, 0, 0, 8, 7, 6, 9, 5, 0, 0, 8, : 9, 6, 9, 9, 8, 8, 8, 5, 9, 9, 9, 9, 7, 8, 7, 7, 9, 7, 9, 5, 10, 10, 8, 7, 5, 5, 6, 10, 6, 10, 5, 5, 8, 7, 8, 7, 9, 9, 8, 8, 8, 7, 6, 9, 5, 8, 
611: 0, 0, 0, 6, 8, 0, 8, 0, 7, 10, 8, 0, 8, 0, 0, 0, 7, 0, 10, 0, 0, 0, 9, 0, 0, 9, 8, 9, 9, 7, 7, 9, 10, 0, 8, 8, 0, 7, 0, 6, 0, 5, 0, 8, 0, 6, 10, 7, 8, 9, 4, 0, 8, 8, 0, 0, 0, 8, 0, 0, 0, 0, 0, 0, 6, 8, 0, 0, 0, 7, 8, 0, 0, 8, 8, 8, 6, 8, 0, 6, : 6, 8, 8, 7, 10, 8, 8, 7, 10, 9, 9, 8, 9, 9, 7, 7, 9, 10, 8, 8, 7, 6, 5, 8, 6, 10, 7, 8, 9, 4, 8, 8, 8, 6, 8, 7, 8, 8, 8, 8, 6, 8, 6, 
353: 9, 0, 7, 7, 0, 9, 6, 8, 9, 6, 8, 0, 0, 8, 9, 9, 0, 11, 0, 7, 0, 0, 8, 5, 8, 8, 0, 7, 6, 11, 8, 7, 8, 0, 7, 0, 0, 0, 0, 9, 6, 7, 0, 0, 7, 0, 0, 0, 0, 0, 0, 8, 0, 7, 6, 0, 7, 8, 0, 0, 0, 5, 9, 10, 7, 7, 8, 8, 8, 0, 7, 0, 8, 0, 0, 0, 8, 0, 0, 0, : 9, 7, 7, 9, 6, 8, 9, 6, 8, 8, 9, 9, 11, 7, 8, 5, 8, 8, 7, 6, 11, 8, 7, 8, 7, 9, 6, 7, 7, 8, 7, 6, 7, 8, 5, 9, 10, 7, 7, 8, 8, 8, 7, 8, 8, 
414: 0, 0, 0, 0, 7, 8, 0, 8, 9, 0, 10, 9, 5, 10, 9, 0, 10, 5, 0, 0, 5, 0, 0, 0, 8, 0, 0, 8, 6, 8, 7, 0, 6, 8, 0, 0, 7, 8, 8, 0, 6, 7, 0, 8, 0, 0, 0, 0, 0, 6, 9, 8, 0, 9, 0, 7, 8, 8, 9, 0, 0, 0, 5, 5, 0, 0, 9, 7, 0, 0, 0, 0, 0, 8, 8, 8, 9, 0, 8, 0, : 7, 8, 8, 9, 10, 9, 5, 10, 9, 10, 5, 5, 8, 8, 6, 8, 7, 6, 8, 7, 8, 8, 6, 7, 8, 6, 9, 8, 9, 7, 8, 8, 9, 5, 5, 9, 7, 8, 8, 8, 9, 8, 
691: 10, 9, 0, 0, 0, 0, 0, 0, 0, 5, 0, 0, 0, 0, 0, 9, 0, 0, 10, 5, 7, 6, 7, 9, 8, 7, 7, 0, 10, 0, 0, 6, 8, 0, 8, 7, 0, 6, 0, 0, 0, 8, 0, 0, 8, 0, 0, 0, 9, 0, 7, 9, 0, 9, 11, 11, 0, 0, 7, 5, 0, 6, 6, 7, 0, 0, 8, 7, 8, 0, 0, 8, 0, 5, 0, 9, 7, 7, 6, 0, : 10, 9, 5, 9, 10, 5, 7, 6, 7, 9, 8, 7, 7, 10, 6, 8, 8, 7, 6, 8, 8, 9, 7, 9, 9, 11, 11, 7, 5, 6, 6, 7, 8, 7, 8, 8, 5, 9, 7, 7, 6, 
251: 0, 0, 0, 0, 6, 8, 8, 0, 8, 5, 5, 0, 0, 9, 0, 9, 0, 5, 0, 0, 10, 5, 8, 0, 8, 5, 9, 0, 7, 0, 10, 0, 0, 7, 0, 5, 6, 7, 8, 7, 0, 10, 0, 8, 9, 0, 8, 5, 7, 0, 0, 6, 11, 7, 0, 8, 11, 11, 0, 7, 0, 0, 0, 7, 0, 0, 0, 0, 0, 6, 0, 8, 0, 0, 0, 0, 9, 7, 0, 6, : 6, 8, 8, 8, 5, 5, 9, 9, 5, 10, 5, 8, 8, 5, 9, 7, 10, 7, 5, 6, 7, 8, 7, 10, 8, 9, 8, 5, 7, 6, 11, 7, 8, 11, 11, 7, 7, 6, 8, 9, 7, 6, 
702: 7, 0, 0, 7, 5, 0, 8, 0, 0, 0, 0, 0, 0, 8, 10, 0, 6, 6, 0, 0, 0, 0, 6, 0, 0, 0, 0, 0, 0, 0, 5, 0, 6, 9, 0, 9, 0, 0, 8, 8, 8, 5, 8, 0, 7, 11, 0, 0, 6, 0, 8, 0, 9, 0, 7, 0, 6, 9, 7, 9, 0, 10, 0, 10, 0, 5, 5, 0, 8, 8, 0, 9, 0, 0, 9, 0, 8, 0, 0, 8, : 7, 7, 5, 8, 8, 10, 6, 6, 6, 5, 6, 9, 9, 8, 8, 8, 5, 8, 7, 11, 6, 8, 9, 7, 6, 9, 7, 9, 10, 10, 5, 5, 8, 8, 9, 9, 8, 8, 


759: 8, 0, 0, 9, 9, 7, 8, 6, 9, 0, 0, 8, 5, 9, 0, 8, 6, 0, 0, 10, 8, 7, 0, 6, 0, 7, 6, 0, 0, 0, 6, 8, 0, 6, 0, 7, 0, 7, 0, 0, 8, 10, 8, 0, 7, 5, 4, 6, 6, 8, 0, 8, 0, 8, 9, 0, 0, 0, 0, 0, 0, 8, 0, 0, 7, 0, 0, 7, 7, 0, 0, 7, 7, 7, 7, 7, 0, 7, 0, 0, : 8, 9, 9, 7, 8, 6, 9, 8, 5, 9, 8, 6, 10, 8, 7, 6, 7, 6, 6, 8, 6, 7, 7, 8, 10, 8, 7, 5, 4, 6, 6, 8, 8, 8, 9, 8, 7, 7, 7, 7, 7, 7, 7, 7, 7, 
529: 0, 0, 0, 7, 0, 7, 0, 0, 8, 0, 8, 7, 0, 6, 7, 7, 0, 0, 0, 0, 8, 0, 0, 8, 0, 7, 0, 0, 8, 5, 0, 0, 0, 0, 8, 0, 0, 0, 0, 0, 8, 0, 0, 0, 11, 6, 8, 10, 7, 10, 0, 6, 0, 0, 6, 0, 9, 0, 0, 8, 7, 8, 0, 8, 5, 5, 6, 0, 0, 9, 0, 0, 0, 9, 0, 0, 9, 0, 7, 8, : 7, 7, 8, 8, 7, 6, 7, 7, 8, 8, 7, 8, 5, 8, 8, 11, 6, 8, 10, 7, 10, 6, 6, 9, 8, 7, 8, 8, 5, 5, 6, 9, 9, 9, 7, 8, 
715: 8, 7, 11, 7, 0, 0, 0, 8, 9, 0, 0, 0, 6, 0, 0, 0, 7, 7, 10, 5, 9, 10, 0, 7, 0, 9, 8, 8, 0, 0, 7, 10, 0, 0, 0, 8, 8, 0, 9, 0, 0, 6, 0, 7, 9, 9, 11, 8, 0, 8, 0, 0, 8, 6, 0, 0, 0, 0, 7, 10, 6, 9, 0, 0, 6, 6, 0, 0, 0, 6, 0, 0, 0, 0, 0, 7, 0, 0, 7, 0, : 8, 7, 11, 7, 8, 9, 6, 7, 7, 10, 5, 9, 10, 7, 9, 8, 8, 7, 10, 8, 8, 9, 6, 7, 9, 9, 11, 8, 8, 8, 6, 7, 10, 6, 9, 6, 6, 6, 7, 7, 
698: 0, 7, 0, 0, 0, 8, 7, 8, 0, 6, 7, 0, 0, 0, 9, 8, 7, 6, 9, 0, 5, 8, 6, 0, 0, 7, 0, 7, 0, 0, 0, 9, 0, 7, 7, 7, 0, 7, 7, 7, 0, 0, 0, 0, 0, 0, 0, 7, 7, 0, 0, 9, 0, 0, 0, 7, 8, 9, 0, 0, 0, 0, 8, 0, 10, 10, 8, 0, 9, 0, 0, 7, 7, 0, 0, 7, 0, 8, 0, 0, : 7, 8, 7, 8, 6, 7, 9, 8, 7, 6, 9, 5, 8, 6, 7, 7, 9, 7, 7, 7, 7, 7, 7, 7, 7, 9, 7, 8, 9, 8, 10, 10, 8, 9, 7, 7, 7, 8, 
701: 8, 8, 0, 0, 0, 8, 7, 8, 9, 8, 9, 0, 4, 9, 0, 6, 6, 0, 9, 0, 0, 0, 10, 0, 8, 0, 7, 0, 0, 7, 6, 0, 7, 8, 0, 0, 0, 7, 8, 0, 0, 0, 7, 0, 0, 0, 0, 11, 7, 0, 0, 0, 0, 0, 0, 7, 10, 0, 5, 0, 8, 0, 7, 0, 0, 8, 0, 6, 9, 7, 0, 0, 0, 0, 7, 9, 0, 0, 7, 7, : 8, 8, 8, 7, 8, 9, 8, 9, 4, 9, 6, 6, 9, 10, 8, 7, 7, 6, 7, 8, 7, 8, 7, 11, 7, 7, 10, 5, 8, 7, 8, 6, 9, 7, 7, 9, 7, 7, 
117: 0, 9, 6, 7, 8, 8, 10, 0, 8, 7, 0, 0, 0, 0, 0, 9, 6, 7, 0, 7, 0, 8, 0, 8, 8, 7, 0, 9, 11, 7, 0, 7, 7, 0, 0, 0, 8, 6, 0, 8, 10, 0, 7, 6, 8, 0, 11, 4, 7, 0, 0, 0, 0, 0, 0, 9, 5, 9, 8, 0, 10, 4, 0, 0, 0, 0, 8, 0, 0, 6, 0, 0, 6, 0, 0, 8, 8, 7, 0, 0, : 9, 6, 7, 8, 8, 10, 8, 7, 9, 6, 7, 7, 8, 8, 8, 7, 9, 11, 7, 7, 7, 8, 6, 8, 10, 7, 6, 8, 11, 4, 7, 9, 5, 9, 8, 10, 4, 8, 6, 6, 8, 8, 7, 
408: 7, 9, 0, 4, 0, 0, 0, 0, 0, 9, 7, 9, 8, 9, 7, 0, 6, 8, 0, 8, 8, 0, 0, 0, 0, 0, 0, 0, 0, 0, 0, 10, 0, 6, 0, 0, 0, 0, 0, 9, 0, 0, 10, 0, 7, 0, 9, 8, 7, 7, 0, 7, 0, 0, 7, 10, 9, 5, 0, 6, 0, 0, 10, 8, 7, 0, 0, 0, 0, 0, 7, 8, 9, 7, 0, 8, 0, 0, 0, 0, : 7, 9, 4, 9, 7, 9, 8, 9, 7, 6, 8, 8, 8, 10, 6, 9, 10, 7, 9, 8, 7, 7, 7, 7, 10, 9, 5, 6, 10, 8, 7, 7, 8, 9, 7, 8, 
368: 0, 0, 4, 6, 0, 0, 6, 0, 8, 0, 0, 8, 8, 8, 8, 8, 9, 0, 0, 8, 0, 8, 0, 8, 0, 7, 0, 11, 6, 9, 7, 0, 7, 0, 0, 0, 8, 0, 8, 7, 10, 7, 0, 0, 9, 6, 0, 9, 0, 0, 0, 0, 0, 0, 8, 0, 0, 0, 9, 0, 0, 9, 6, 7, 0, 0, 7, 9, 0, 0, 0, 0, 0, 7, 0, 0, 0, 8, 9, 7, : 4, 6, 6, 8, 8, 8, 8, 8, 8, 9, 8, 8, 8, 7, 11, 6, 9, 7, 7, 8, 8, 7, 10, 7, 9, 6, 9, 8, 9, 9, 6, 7, 7, 9, 7, 8, 9, 7, 
65: 0, 6, 0, 0, 0, 9, 7, 7, 7, 0, 7, 0, 0, 8, 0, 6, 10, 0, 0, 5, 0, 0, 0, 0, 0, 0, 0, 0, 7, 0, 6, 0, 7, 10, 7, 0, 0, 9, 0, 0, 10, 0, 10, 8, 5, 0, 0, 6, 8, 8, 0, 9, 0, 8, 7, 0, 10, 0, 9, 0, 0, 6, 0, 4, 8, 0, 0, 8, 5, 0, 7, 7, 0, 8, 0, 0, 0, 0, 7, 0, : 6, 9, 7, 7, 7, 7, 8, 6, 10, 5, 7, 6, 7, 10, 7, 9, 10, 10, 8, 5, 6, 8, 8, 9, 8, 7, 10, 9, 6, 4, 8, 8, 5, 7, 7, 8, 7, 
284: 0, 0, 0, 0, 0, 5, 0, 6, 6, 6, 0, 6, 0, 7, 8, 0, 6, 10, 9, 8, 0, 0, 0, 0, 10, 9, 0, 8, 7, 9, 8, 5, 9, 0, 6, 10, 6, 0, 9, 10, 9, 0, 0, 6, 7, 8, 7, 11, 10, 7, 0, 0, 5, 0, 10, 6, 0, 9, 0, 8, 0, 0, 5, 0, 9, 6, 7, 8, 0, 8, 8, 8, 0, 7, 7, 0, 0, 0, 7, 0, : 5, 6, 6, 6, 6, 7, 8, 6, 10, 9, 8, 10, 9, 8, 7, 9, 8, 5, 9, 6, 10, 6, 9, 10, 9, 6, 7, 8, 7, 11, 10, 7, 5, 10, 6, 9, 8, 5, 9, 6, 7, 8, 8, 8, 8, 7, 7, 7, 
345: 0, 7, 5, 5, 7, 0, 5, 0, 8, 5, 9, 5, 9, 0, 0, 10, 0, 10, 0, 0, 0, 5, 9, 6, 8, 0, 8, 6, 0, 0, 0, 8, 0, 7, 0, 7, 9, 0, 0, 0, 0, 0, 7, 7, 0, 0, 5, 0, 10, 0, 6, 0, 6, 8, 7, 0, 0, 8, 0, 0, 0, 0, 0, 0, 8, 0, 9, 0, 8, 9, 7, 0, 8, 6, 7, 0, 0, 0, 6, 6, : 7, 5, 5, 7, 5, 8, 5, 9, 5, 9, 10, 10, 5, 9, 6, 8, 8, 6, 8, 7, 7, 9, 7, 7, 5, 10, 6, 6, 8, 7, 8, 8, 9, 8, 9, 7, 8, 6, 7, 6, 6, 
211: 0, 0, 9, 0, 0, 0, 0, 6, 0, 0, 0, 0, 0, 8, 8, 0, 8, 5, 0, 0, 0, 0, 0, 0, 0, 8, 8, 7, 6, 0, 0, 0, 7, 0, 6, 8, 7, 0, 0, 8, 0, 8, 6, 0, 0, 9, 0, 0, 0, 0, 7, 6, 8, 0, 0, 6, 0, 0, 0, 0, 0, 10, 9, 0, 0, 7, 6, 7, 0, 6, 7, 7, 6, 7, 8, 9, 0, 0, 7, 8, : 9, 6, 8, 8, 8, 5, 8, 8, 7, 6, 7, 6, 8, 7, 8, 8, 6, 9, 7, 6, 8, 6, 10, 9, 7, 6, 7, 6, 7, 7, 6, 7, 8, 9, 7, 8, 
482: 8, 0, 0, 0, 0, 9, 0, 9, 0, 0, 6, 0, 8, 8, 0, 0, 11, 0, 0, 0, 0, 0, 0, 0, 6, 0, 7, 0, 0, 0, 8, 8, 8, 0, 7, 0, 4, 9, 0, 7, 0, 8, 0, 0, 0, 4, 0, 6, 0, 11, 0, 0, 0, 9, 11, 5, 6, 0, 8, 0, 0, 8, 9, 0, 0, 7, 7, 0, 0, 0, 0, 7, 0, 0, 6, 0, 7, 0, 8, 8, : 8, 9, 9, 6, 8, 8, 11, 6, 7, 8, 8, 8, 7, 4, 9, 7, 8, 4, 6, 11, 9, 11, 5, 6, 8, 8, 9, 7, 7, 7, 6, 7, 8, 8, 
399: 0, 0, 0, 9, 8, 0, 7, 7, 7, 8, 0, 0, 0, 0, 0, 0, 6, 8, 7, 0, 8, 10, 9, 9, 0, 0, 0, 0, 5, 0, 0, 7, 9, 0, 0, 7, 0, 0, 0, 0, 0, 6, 0, 9, 0, 0, 0, 0, 0, 0, 0, 0, 9, 10, 4, 11, 0, 6, 0, 0, 5, 0, 10, 0, 0, 0, 0, 0, 0, 9, 0, 6, 7, 9, 0, 8, 0, 9, 0, 0, : 9, 8, 7, 7, 7, 8, 6, 8, 7, 8, 10, 9, 9, 5, 7, 9, 7, 6, 9, 9, 10, 4, 11, 6, 5, 10, 9, 6, 7, 9, 8, 9, 
796: 9, 9, 9, 0, 8, 0, 6, 0, 0, 8, 8, 7, 0, 0, 6, 0, 0, 0, 0, 0, 10, 0, 0, 6, 0, 7, 8, 7, 0, 9, 9, 0, 0, 0, 0, 0, 0, 7, 0, 0, 0, 0, 9, 9, 4, 0, 9, 0, 0, 0, 10, 0, 0, 5, 10, 0, 0, 5, 0, 9, 0, 0, 7, 0, 0, 7, 0, 8, 9, 0, 0, 0, 6, 9, 8, 0, 7, 6, 9, 7, : 9, 9, 9, 8, 6, 8, 8, 7, 6, 10, 6, 7, 8, 7, 9, 9, 7, 9, 9, 4, 9, 10, 5, 10, 5, 9, 7, 7, 8, 9, 6, 9, 8, 7, 6, 9, 7, 
270: 5, 7, 9, 10, 5, 0, 0, 0, 0, 0, 0, 8, 0, 6, 8, 0, 6, 0, 0, 0, 7, 0, 7, 0, 7, 0, 0, 0, 0, 8, 0, 0, 0, 0, 5, 8, 9, 0, 0, 8, 6, 0, 0, 0, 5, 0, 0, 6, 0, 9, 8, 8, 9, 0, 0, 0, 10, 8, 6, 5, 8, 0, 0, 0, 8, 9, 9, 7, 0, 7, 9, 7, 0, 6, 0, 6, 0, 6, 8, 0, : 5, 7, 9, 10, 5, 8, 6, 8, 6, 7, 7, 7, 8, 5, 8, 9, 8, 6, 5, 6, 9, 8, 8, 9, 10, 8, 6, 5, 8, 8, 9, 9, 7, 7, 9, 7, 6, 6, 6, 8, 
134: 6, 0, 7, 9, 0, 0, 8, 9, 0, 0, 0, 9, 0, 7, 11, 0, 0, 0, 7, 7, 0, 5, 6, 0, 0, 0, 7, 0, 9, 0, 0, 9, 0, 7, 0, 9, 7, 0, 7, 7, 7, 7, 0, 0, 0, 0, 5, 9, 8, 0, 9, 6, 0, 4, 0, 0, 0, 0, 0, 5, 0, 7, 0, 9, 0, 0, 0, 9, 7, 6, 0, 0, 9, 7, 6, 6, 8, 0, 0, 0, : 6, 7, 9, 8, 9, 9, 7, 11, 7, 7, 5, 6, 7, 9, 9, 7, 9, 7, 7, 7, 7, 7, 5, 9, 8, 9, 6, 4, 5, 7, 9, 9, 7, 6, 9, 7, 6, 6, 8, 
626: 0, 0, 0, 7, 7, 0, 0, 0, 7, 0, 0, 0, 7, 7, 9, 8, 0, 0, 0, 6, 0, 0, 6, 0, 7, 8, 0, 0, 0, 9, 0, 7, 8, 9, 7, 7, 0, 6, 6, 10, 6, 0, 7, 10, 0, 6, 8, 0, 0, 0, 7, 0, 6, 0, 0, 0, 7, 8, 4, 9, 0, 5, 8, 8, 5, 0, 5, 9, 9, 0, 0, 0, 0, 0, 7, 8, 9, 7, 0, 8, : 7, 7, 7, 7, 7, 9, 8, 6, 6, 7, 8, 9, 7, 8, 9, 7, 7, 6, 6, 10, 6, 7, 10, 6, 8, 7, 6, 7, 8, 4, 9, 5, 8, 8, 5, 5, 9, 9, 7, 8, 9, 7, 8, 
338: 8, 0, 8, 0, 8, 9, 7, 7, 9, 0, 9, 8, 0, 7, 8, 7, 0, 0, 7, 7, 0, 0, 5, 7, 8, 6, 7, 0, 0, 6, 8, 0, 6, 9, 0, 0, 6, 6, 0, 0, 7, 7, 0, 8, 0, 5, 0, 0, 5, 0, 7, 0, 6, 7, 0, 0, 0, 7, 8, 0, 9, 5, 0, 0, 0, 0, 8, 0, 6, 0, 9, 0, 0, 0, 6, 9, 0, 0, 0, 6, : 8, 8, 8, 9, 7, 7, 9, 9, 8, 7, 8, 7, 7, 7, 5, 7, 8, 6, 7, 6, 8, 6, 9, 6, 6, 7, 7, 8, 5, 5, 7, 6, 7, 7, 8, 9, 5, 8, 6, 9, 6, 9, 6, 
703: 10, 0, 0, 0, 0, 8, 8, 7, 0, 8, 8, 0, 0, 5, 8, 10, 0, 7, 6, 6, 0, 8, 10, 0, 0, 0, 0, 6, 8, 0, 0, 0, 0, 0, 7, 6, 8, 8, 7, 8, 8, 0, 0, 0, 0, 8, 6, 0, 10, 9, 0, 0, 0, 0, 0, 7, 0, 8, 0, 9, 0, 10, 0, 11, 9, 0, 10, 9, 0, 0, 6, 9, 0, 7, 9, 7, 0, 7, 0, 6, : 10, 8, 8, 7, 8, 8, 5, 8, 10, 7, 6, 6, 8, 10, 6, 8, 7, 6, 8, 8, 7, 8, 8, 8, 6, 10, 9, 7, 8, 9, 10, 11, 9, 10, 9, 6, 9, 7, 9, 7, 7, 6, 
254: 0, 0, 9, 0, 0, 0, 8, 7, 7, 9, 7, 0, 8, 4, 0, 6, 9, 0, 0, 7, 8, 0, 0, 11, 6, 0, 0, 0, 0, 6, 8, 0, 0, 0, 0, 0, 0, 0, 10, 0, 0, 0, 0, 9, 0, 9, 0, 7, 0, 8, 9, 0, 0, 0, 7, 0, 0, 6, 0, 0, 5, 0, 0, 4, 0, 0, 8, 0, 8, 9, 9, 0, 7, 0, 0, 0, 8, 0, 0, 0, : 9, 8, 7, 7, 9, 7, 8, 4, 6, 9, 7, 8, 11, 6, 6, 8, 10, 9, 9, 7, 8, 9, 7, 6, 5, 4, 8, 8, 9, 9, 7, 8, 
7: 0, 0, 0, 0, 6, 0, 0, 6, 0, 8, 0, 0, 8, 0, 0, 0, 0, 6, 0, 10, 5, 7, 8, 0, 5, 5, 10, 7, 7, 0, 0, 0, 10, 10, 0, 0, 7, 7, 0, 0, 0, 7, 0, 0, 8, 10, 0, 0, 6, 5, 7, 9, 0, 0, 0, 0, 0, 0, 9, 0, 9, 0, 4, 0, 0, 9, 8, 7, 7, 0, 6, 0, 7, 7, 9, 9, 7, 0, 9, 7, : 6, 6, 8, 8, 6, 10, 5, 7, 8, 5, 5, 10, 7, 7, 10, 10, 7, 7, 7, 8, 10, 6, 5, 7, 9, 9, 9, 4, 9, 8, 7, 7, 6, 7, 7, 9, 9, 7, 9, 7, 
636: 0, 11, 0, 0, 0, 5, 0, 9, 0, 7, 0, 6, 7, 7, 0, 7, 0, 0, 8, 0, 10, 0, 11, 0, 0, 10, 0, 5, 7, 0, 9, 0, 0, 6, 0, 8, 7, 9, 7, 0, 0, 8, 5, 8, 0, 0, 0, 0, 0, 0, 0, 6, 6, 0, 5, 4, 10, 0, 0, 0, 5, 0, 0, 6, 6, 7, 0, 0, 0, 0, 7, 9, 8, 0, 7, 0, 0, 0, 8, 0, : 11, 5, 9, 7, 6, 7, 7, 7, 8, 10, 11, 10, 5, 7, 9, 6, 8, 7, 9, 7, 8, 5, 8, 6, 6, 5, 4, 10, 5, 6, 6, 7, 7, 9, 8, 7, 8, 
31: 8, 5, 7, 8, 10, 8, 0, 0, 0, 8, 0, 8, 0, 0, 0, 0, 0, 6, 0, 0, 7, 8, 0, 6, 10, 0, 0, 0, 0, 0, 0, 0, 7, 5, 7, 7, 6, 0, 0, 6, 0, 0, 0, 0, 9, 0, 8, 0, 8, 6, 7, 7, 9, 6, 6, 8, 6, 0, 0, 0, 0, 8, 0, 0, 4, 11, 8, 0, 7, 9, 0, 6, 0, 7, 0, 0, 8, 7, 7, 7, : 8, 5, 7, 8, 10, 8, 8, 8, 6, 7, 8, 6, 10, 7, 5, 7, 7, 6, 6, 9, 8, 8, 6, 7, 7, 9, 6, 6, 8, 6, 8, 4, 11, 8, 7, 9, 6, 7, 8, 7, 7, 7, 
695: 0, 5, 0, 6, 6, 0, 0, 0, 0, 0, 0, 0, 9, 0, 0, 5, 8, 10, 6, 8, 0, 0, 0, 0, 0, 0, 0, 0, 0, 7, 0, 7, 9, 0, 8, 0, 8, 0, 8, 0, 0, 0, 8, 0, 0, 0, 0, 7, 9, 0, 9, 8, 7, 6, 9, 0, 0, 6, 10, 9, 0, 7, 0, 9, 0, 8, 0, 0, 0, 0, 0, 0, 0, 0, 0, 6, 7, 6, 0, 9, : 5, 6, 6, 9, 5, 8, 10, 6, 8, 7, 7, 9, 8, 8, 8, 8, 7, 9, 9, 8, 7, 6, 9, 6, 10, 9, 7, 9, 8, 6, 7, 6, 9, 
385: 8, 0, 0, 8, 5, 0, 9, 0, 0, 7, 0, 7, 0, 9, 0, 0, 0, 6, 8, 0, 8, 7, 0, 7, 6, 0, 5, 7, 0, 8, 9, 0, 0, 7, 6, 0, 0, 8, 6, 7, 5, 0, 0, 7, 0, 8, 7, 0, 6, 7, 0, 0, 6, 11, 0, 0, 10, 0, 8, 9, 0, 5, 0, 9, 0, 0, 5, 8, 9, 8, 0, 0, 0, 6, 9, 7, 7, 0, 0, 0, : 8, 8, 5, 9, 7, 7, 9, 6, 8, 8, 7, 7, 6, 5, 7, 8, 9, 7, 6, 8, 6, 7, 5, 7, 8, 7, 6, 7, 6, 11, 10, 8, 9, 5, 9, 5, 8, 9, 8, 6, 9, 7, 7, 
157: 0, 0, 8, 0, 8, 0, 0, 0, 0, 0, 0, 8, 0, 0, 6, 8, 0, 8, 5, 6, 0, 0, 8, 8, 0, 0, 8, 7, 8, 9, 6, 6, 8, 8, 10, 0, 0, 0, 9, 0, 6, 7, 6, 0, 0, 11, 5, 8, 0, 0, 0, 6, 6, 7, 7, 0, 0, 8, 8, 9, 0, 10, 9, 11, 7, 9, 0, 5, 0, 8, 9, 9, 0, 8, 8, 0, 0, 7, 0, 9, : 8, 8, 8, 6, 8, 8, 5, 6, 8, 8, 8, 7, 8, 9, 6, 6, 8, 8, 10, 9, 6, 7, 6, 11, 5, 8, 6, 6, 7, 7, 8, 8, 9, 10, 9, 11, 7, 9, 5, 8, 9, 9, 8, 8, 7, 9, 
761: 0, 7, 7, 8, 0, 9, 0, 0, 0, 10, 0, 8, 0, 9, 0, 0, 6, 6, 9, 0, 7, 6, 0, 0, 0, 8, 6, 0, 6, 0, 0, 0, 0, 7, 0, 8, 8, 6, 7, 5, 9, 0, 0, 9, 0, 4, 10, 0, 0, 0, 6, 9, 6, 0, 0, 0, 5, 4, 11, 4, 7, 9, 0, 8, 0, 5, 0, 0, 0, 0, 8, 0, 7, 0, 0, 0, 9, 9, 6, 7, : 7, 7, 8, 9, 10, 8, 9, 6, 6, 9, 7, 6, 8, 6, 6, 7, 8, 8, 6, 7, 5, 9, 9, 4, 10, 6, 9, 6, 5, 4, 11, 4, 7, 9, 8, 5, 8, 7, 9, 9, 6, 7, 
108: 0, 8, 8, 9, 9, 0, 0, 8, 6, 7, 0, 8, 7, 0, 6, 0, 7, 8, 10, 9, 0, 5, 10, 0, 7, 6, 7, 9, 7, 6, 9, 7, 0, 7, 0, 0, 0, 10, 9, 10, 8, 10, 7, 0, 5, 0, 0, 6, 0, 6, 10, 0, 9, 5, 0, 10, 0, 10, 0, 0, 0, 0, 7, 0, 0, 0, 7, 0, 9, 9, 0, 7, 9, 8, 7, 7, 8, 9, 0, 0, : 8, 8, 9, 9, 8, 6, 7, 8, 7, 6, 7, 8, 10, 9, 5, 10, 7, 6, 7, 9, 7, 6, 9, 7, 7, 10, 9, 10, 8, 10, 7, 5, 6, 6, 10, 9, 5, 10, 10, 7, 7, 9, 9, 7, 9, 8, 7, 7, 8, 9, 
89: 8, 0, 9, 8, 7, 0, 0, 0, 0, 9, 5, 0, 6, 0, 0, 0, 0, 0, 7, 9, 6, 7, 7, 9, 7, 0, 0, 8, 0, 0, 0, 0, 0, 8, 7, 0, 0, 9, 6, 0, 7, 6, 9, 8, 0, 8, 0, 4, 0, 6, 8, 7, 10, 0, 10, 0, 0, 0, 0, 5, 8, 0, 9, 5, 5, 0, 9, 0, 7, 7, 7, 0, 0, 0, 0, 0, 0, 0, 0, 0, : 8, 9, 8, 7, 9, 5, 6, 7, 9, 6, 7, 7, 9, 7, 8, 8, 7, 9, 6, 7, 6, 9, 8, 8, 4, 6, 8, 7, 10, 10, 5, 8, 9, 5, 5, 9, 7, 7, 7, 
28: 7, 0, 5, 9, 9, 0, 6, 0, 5, 0, 4, 0, 9, 0, 0, 5, 9, 0, 0, 0, 0, 0, 0, 7, 10, 8, 7, 0, 10, 8, 9, 6, 7, 0, 10, 0, 0, 0, 0, 0, 0, 0, 7, 0, 8, 0, 0, 0, 11, 0, 0, 0, 9, 0, 0, 5, 5, 0, 6, 0, 5, 0, 5, 0, 0, 4, 6, 6, 0, 7, 0, 0, 0, 0, 7, 0, 9, 8, 6, 0, : 7, 5, 9, 9, 6, 5, 4, 9, 5, 9, 7, 10, 8, 7, 10, 8, 9, 6, 7, 10, 7, 8, 11, 9, 5, 5, 6, 5, 5, 4, 6, 6, 7, 7, 9, 8, 6, 
451: 0, 0, 0, 0, 0, 7, 0, 0, 8, 0, 7, 0, 9, 0, 5, 11, 0, 7, 8, 0, 0, 0, 7, 10, 7, 8, 0, 0, 0, 0, 5, 0, 0, 0, 0, 7, 0, 4, 0, 0, 0, 7, 0, 8, 0, 0, 7, 0, 0, 6, 7, 0, 0, 10, 0, 6, 7, 0, 0, 0, 6, 0, 8, 0, 0, 7, 0, 9, 0, 0, 7, 0, 8, 0, 0, 8, 0, 0, 0, 9, : 7, 8, 7, 9, 5, 11, 7, 8, 7, 10, 7, 8, 5, 7, 4, 7, 8, 7, 6, 7, 10, 6, 7, 6, 8, 7, 9, 7, 8, 8, 9, 
555: 7, 6, 6, 0, 0, 7, 0, 9, 0, 4, 7, 9, 8, 0, 0, 9, 9, 0, 6, 0, 9, 0, 0, 0, 8, 0, 8, 0, 7, 8, 8, 9, 8, 0, 0, 10, 7, 0, 0, 0, 0, 6, 0, 6, 10, 0, 0, 7, 6, 7, 7, 8, 0, 0, 0, 10, 7, 8, 9, 6, 9, 0, 4, 8, 11, 0, 9, 6, 0, 0, 9, 0, 0, 9, 0, 0, 7, 7, 0, 0, : 7, 6, 6, 7, 9, 4, 7, 9, 8, 9, 9, 6, 9, 8, 8, 7, 8, 8, 9, 8, 10, 7, 6, 6, 10, 7, 6, 7, 7, 8, 10, 7, 8, 9, 6, 9, 4, 8, 11, 9, 6, 9, 9, 7, 7, 
122: 0, 7, 7, 0, 8, 7, 8, 9, 7, 0, 8, 8, 0, 0, 0, 0, 8, 0, 6, 0, 5, 5, 5, 5, 0, 0, 0, 7, 0, 0, 0, 0, 8, 0, 9, 8, 0, 0, 6, 6, 0, 0, 0, 7, 7, 6, 0, 0, 0, 5, 7, 0, 0, 0, 0, 9, 0, 7, 0, 9, 9, 0, 8, 5, 0, 9, 0, 0, 6, 7, 0, 7, 7, 0, 9, 0, 6, 0, 8, 8, : 7, 7, 8, 7, 8, 9, 7, 8, 8, 8, 6, 5, 5, 5, 5, 7, 8, 9, 8, 6, 6, 7, 7, 6, 5, 7, 9, 7, 9, 9, 8, 5, 9, 6, 7, 7, 7, 9, 6, 8, 8, 
183: 6, 8, 0, 0, 0, 7, 0, 0, 9, 8, 8, 0, 0, 0, 7, 0, 0, 0, 5, 8, 5, 11, 6, 6, 0, 0, 9, 8, 6, 8, 0, 0, 0, 7, 9, 5, 10, 9, 8, 9, 7, 7, 0, 0, 10, 11, 8, 0, 7, 7, 0, 7, 8, 0, 6, 0, 6, 9, 4, 0, 0, 7, 8, 5, 0, 0, 0, 6, 0, 0, 0, 7, 0, 0, 8, 0, 0, 0, 8, 7, : 6, 8, 7, 9, 8, 8, 7, 5, 8, 5, 11, 6, 6, 9, 8, 6, 8, 7, 9, 5, 10, 9, 8, 9, 7, 7, 10, 11, 8, 7, 7, 7, 8, 6, 6, 9, 4, 7, 8, 5, 6, 7, 8, 8, 7, 
217: 0, 0, 0, 0, 6, 7, 8, 9, 8, 0, 9, 0, 8, 9, 5, 6, 0, 6, 0, 0, 10, 0, 5, 10, 8, 0, 0, 8, 8, 9, 7, 0, 6, 0, 0, 0, 0, 8, 0, 0, 7, 7, 9, 0, 8, 9, 8, 0, 0, 0, 6, 0, 9, 6, 10, 9, 0, 0, 6, 7, 9, 8, 0, 0, 0, 8, 0, 0, 8, 6, 6, 9, 7, 0, 0, 7, 0, 7, 0, 0, : 6, 7, 8, 9, 8, 9, 8, 9, 5, 6, 6, 10, 5, 10, 8, 8, 8, 9, 7, 6, 8, 7, 7, 9, 8, 9, 8, 6, 9, 6, 10, 9, 6, 7, 9, 8, 8, 8, 6, 6, 9, 7, 7, 7, 
155: 7, 7, 0, 0, 7, 7, 9, 0, 0, 0, 0, 0, 8, 0, 8, 0, 0, 10, 0, 0, 0, 7, 8, 0, 7, 7, 7, 0, 0, 0, 0, 7, 7, 7, 0, 0, 10, 0, 0, 0, 6, 9, 7, 4, 0, 0, 0, 0, 0, 0, 5, 6, 0, 7, 6, 0, 7, 0, 0, 0, 0, 0, 0, 0, 7, 0, 0, 0, 8, 0, 0, 8, 9, 9, 0, 7, 7, 8, 0, 9, : 7, 7, 7, 7, 9, 8, 8, 10, 7, 8, 7, 7, 7, 7, 7, 7, 10, 6, 9, 7, 4, 5, 6, 7, 6, 7, 7, 8, 8, 9, 9, 7, 7, 8, 9, 
113: 5, 0, 0, 8, 0, 0, 0, 0, 0, 8, 9, 0, 0, 8, 7, 0, 0, 9, 8, 8, 0, 10, 7, 0, 0, 9, 0, 7, 0, 0, 8, 8, 5, 9, 7, 7, 7, 8, 9, 7, 6, 10, 7, 7, 6, 0, 8, 0, 0, 10, 0, 9, 0, 10, 5, 5, 0, 0, 9, 9, 8, 7, 9, 8, 9, 0, 0, 0, 0, 0, 8, 6, 7, 0, 0, 0, 6, 0, 7, 7, : 5, 8, 8, 9, 8, 7, 9, 8, 8, 10, 7, 9, 7, 8, 8, 5, 9, 7, 7, 7, 8, 9, 7, 6, 10, 7, 7, 6, 8, 10, 9, 10, 5, 5, 9, 9, 8, 7, 9, 8, 9, 8, 6, 7, 6, 7, 7, 
606: 7, 8, 7, 0, 9, 0, 7, 0, 5, 0, 8, 9, 8, 0, 0, 0, 0, 0, 0, 0, 0, 0, 0, 6, 7, 0, 8, 8, 9, 6, 7, 6, 0, 0, 9, 0, 0, 0, 0, 5, 0, 7, 7, 0, 0, 8, 0, 0, 0, 0, 0, 0, 0, 9, 0, 9, 4, 10, 6, 8, 9, 0, 0, 9, 8, 0, 0, 9, 6, 0, 8, 0, 9, 0, 0, 0, 7, 8, 0, 0, : 7, 8, 7, 9, 7, 5, 8, 9, 8, 6, 7, 8, 8, 9, 6, 7, 6, 9, 5, 7, 7, 8, 9, 9, 4, 10, 6, 8, 9, 9, 8, 9, 6, 8, 9, 7, 8, 
769: 10, 9, 9, 6, 0, 8, 9, 5, 0, 0, 0, 4, 0, 0, 9, 6, 0, 0, 0, 8, 7, 8, 0, 0, 0, 7, 9, 0, 8, 6, 0, 6, 0, 0, 8, 6, 0, 0, 4, 6, 0, 0, 7, 7, 7, 0, 6, 10, 5, 0, 8, 9, 8, 8, 0, 7, 9, 0, 0, 6, 8, 0, 0, 8, 11, 8, 0, 7, 6, 7, 6, 9, 0, 0, 8, 0, 6, 9, 9, 0, : 10, 9, 9, 6, 8, 9, 5, 4, 9, 6, 8, 7, 8, 7, 9, 8, 6, 6, 8, 6, 4, 6, 7, 7, 7, 6, 10, 5, 8, 9, 8, 8, 7, 9, 6, 8, 8, 11, 8, 7, 6, 7, 6, 9, 8, 6, 9, 9, 


443: 9, 8, 0, 0, 6, 10, 0, 9, 0, 7, 6, 8, 0, 0, 0, 6, 0, 8, 6, 0, 0, 0, 9, 8, 0, 0, 5, 10, 10, 0, 0, 0, 9, 7, 6, 7, 0, 6, 5, 7, 0, 8, 8, 7, 8, 0, 9, 9, 6, 0, 0, 0, 7, 8, 6, 0, 0, 0, 10, 0, 0, 9, 6, 7, 0, 0, 0, 6, 0, 0, 9, 0, 0, 0, 7, 6, 0, 7, 0, 0, : 9, 8, 6, 10, 9, 7, 6, 8, 6, 8, 6, 9, 8, 5, 10, 10, 9, 7, 6, 7, 6, 5, 7, 8, 8, 7, 8, 9, 9, 6, 7, 8, 6, 10, 9, 6, 7, 6, 9, 7, 6, 7, 
549: 0, 0, 9, 0, 0, 7, 6, 10, 8, 6, 0, 0, 8, 0, 8, 10, 0, 0, 0, 6, 0, 6, 6, 0, 8, 7, 0, 8, 7, 0, 7, 0, 0, 0, 0, 0, 6, 0, 0, 6, 0, 7, 0, 0, 7, 11, 0, 0, 0, 9, 7, 7, 5, 7, 8, 7, 0, 6, 7, 6, 0, 0, 0, 0, 0, 9, 7, 0, 0, 9, 0, 7, 6, 7, 6, 0, 0, 0, 0, 0, : 9, 7, 6, 10, 8, 6, 8, 8, 10, 6, 6, 6, 8, 7, 8, 7, 7, 6, 6, 7, 7, 11, 9, 7, 7, 5, 7, 8, 7, 6, 7, 6, 9, 7, 9, 7, 6, 7, 6, 
124: 0, 9, 0, 0, 9, 0, 0, 0, 0, 7, 0, 8, 6, 9, 5, 8, 9, 0, 7, 4, 9, 0, 0, 0, 7, 0, 0, 7, 6, 10, 0, 7, 7, 0, 5, 0, 0, 10, 0, 0, 10, 7, 0, 0, 9, 8, 0, 9, 6, 7, 8, 0, 0, 0, 0, 0, 8, 0, 0, 10, 7, 0, 8, 0, 0, 0, 5, 9, 0, 0, 0, 0, 5, 7, 0, 6, 8, 0, 0, 0, : 9, 9, 7, 8, 6, 9, 5, 8, 9, 7, 4, 9, 7, 7, 6, 10, 7, 7, 5, 10, 10, 7, 9, 8, 9, 6, 7, 8, 8, 10, 7, 8, 5, 9, 5, 7, 6, 8, 
565: 7, 0, 6, 0, 8, 9, 9, 10, 7, 9, 7, 7, 0, 6, 0, 0, 0, 0, 7, 6, 7, 0, 9, 0, 0, 5, 0, 0, 0, 0, 10, 8, 0, 0, 0, 10, 10, 8, 0, 0, 0, 0, 0, 0, 8, 0, 0, 0, 0, 6, 7, 0, 10, 7, 9, 0, 0, 0, 9, 0, 0, 0, 0, 9, 0, 0, 0, 0, 0, 0, 7, 0, 0, 7, 9, 8, 0, 6, 8, 8, : 7, 6, 8, 9, 9, 10, 7, 9, 7, 7, 6, 7, 6, 7, 9, 5, 10, 8, 10, 10, 8, 8, 6, 7, 10, 7, 9, 9, 9, 7, 7, 9, 8, 6, 8, 8, 
440: 8, 0, 8, 6, 0, 0, 9, 0, 0, 4, 8, 6, 7, 7, 0, 0, 8, 8, 8, 0, 7, 0, 6, 8, 0, 0, 0, 8, 0, 10, 6, 6, 0, 7, 4, 0, 0, 5, 9, 8, 0, 0, 5, 0, 4, 8, 5, 6, 10, 0, 5, 0, 0, 0, 0, 8, 8, 0, 0, 4, 0, 0, 6, 8, 4, 0, 0, 0, 8, 7, 6, 9, 7, 7, 0, 8, 0, 8, 9, 8, : 8, 8, 6, 9, 4, 8, 6, 7, 7, 8, 8, 8, 7, 6, 8, 8, 10, 6, 6, 7, 4, 5, 9, 8, 5, 4, 8, 5, 6, 10, 5, 8, 8, 4, 6, 8, 4, 8, 7, 6, 9, 7, 7, 8, 8, 9, 8, 
507: 5, 8, 0, 8, 9, 0, 0, 0, 0, 0, 9, 0, 5, 0, 10, 10, 9, 7, 0, 5, 11, 0, 0, 9, 7, 0, 0, 0, 9, 0, 0, 0, 0, 0, 6, 6, 7, 9, 7, 0, 0, 0, 0, 0, 0, 0, 11, 10, 7, 0, 0, 9, 7, 0, 8, 0, 7, 6, 0, 0, 0, 6, 0, 0, 6, 6, 9, 8, 6, 0, 7, 8, 0, 0, 9, 7, 7, 7, 8, 7, : 5, 8, 8, 9, 9, 5, 10, 10, 9, 7, 5, 11, 9, 7, 9, 6, 6, 7, 9, 7, 11, 10, 7, 9, 7, 8, 7, 6, 6, 6, 6, 9, 8, 6, 7, 8, 9, 7, 7, 7, 8, 7, 
668: 0, 0, 0, 0, 0, 0, 0, 8, 0, 10, 0, 0, 9, 0, 0, 8, 9, 7, 0, 7, 0, 0, 9, 6, 8, 8, 9, 5, 0, 0, 6, 8, 0, 7, 6, 7, 8, 0, 0, 0, 6, 0, 11, 9, 0, 0, 0, 5, 7, 6, 0, 0, 9, 9, 6, 7, 0, 5, 0, 0, 9, 0, 8, 6, 0, 5, 0, 6, 0, 8, 0, 8, 8, 9, 0, 5, 7, 0, 9, 6, : 8, 10, 9, 8, 9, 7, 7, 9, 6, 8, 8, 9, 5, 6, 8, 7, 6, 7, 8, 6, 11, 9, 5, 7, 6, 9, 9, 6, 7, 5, 9, 8, 6, 5, 6, 8, 8, 8, 9, 5, 7, 9, 6, 
416: 7, 9, 9, 4, 0, 0, 6, 0, 7, 7, 8, 7, 7, 0, 5, 0, 5, 0, 7, 5, 8, 10, 8, 0, 0, 0, 8, 0, 8, 6, 0, 0, 8, 0, 0, 10, 0, 6, 0, 0, 9, 0, 6, 0, 7, 0, 0, 0, 10, 7, 0, 0, 0, 0, 8, 9, 6, 0, 6, 0, 0, 0, 4, 6, 9, 8, 8, 6, 7, 8, 0, 8, 8, 9, 7, 0, 9, 0, 8, 0, : 7, 9, 9, 4, 6, 7, 7, 8, 7, 7, 5, 5, 7, 5, 8, 10, 8, 8, 8, 6, 8, 10, 6, 9, 6, 7, 10, 7, 8, 9, 6, 6, 4, 6, 9, 8, 8, 6, 7, 8, 8, 8, 9, 7, 9, 8, 
332: 8, 5, 6, 0, 6, 0, 0, 0, 0, 0, 10, 0, 0, 5, 6, 0, 9, 5, 4, 8, 8, 0, 7, 0, 9, 0, 0, 0, 0, 0, 8, 7, 0, 8, 8, 0, 0, 0, 0, 0, 0, 7, 6, 7, 0, 4, 8, 0, 10, 6, 10, 8, 6, 0, 0, 5, 0, 7, 0, 0, 7, 10, 0, 7, 7, 0, 0, 0, 9, 0, 5, 7, 0, 0, 0, 0, 8, 8, 0, 7, : 8, 5, 6, 6, 10, 5, 6, 9, 5, 4, 8, 8, 7, 9, 8, 7, 8, 8, 7, 6, 7, 4, 8, 10, 6, 10, 8, 6, 5, 7, 7, 10, 7, 7, 9, 5, 7, 8, 8, 7, 
39: 0, 6, 0, 6, 0, 0, 0, 7, 7, 0, 7, 8, 0, 10, 0, 0, 0, 0, 8, 7, 6, 7, 8, 5, 7, 8, 7, 0, 5, 0, 7, 0, 0, 0, 0, 0, 0, 0, 9, 0, 8, 11, 0, 0, 6, 0, 8, 0, 7, 8, 0, 0, 9, 0, 7, 0, 8, 0, 7, 0, 0, 0, 9, 0, 6, 7, 0, 0, 9, 8, 0, 0, 0, 0, 7, 9, 0, 5, 8, 7, : 6, 6, 7, 7, 7, 8, 10, 8, 7, 6, 7, 8, 5, 7, 8, 7, 5, 7, 9, 8, 11, 6, 8, 7, 8, 9, 7, 8, 7, 9, 6, 7, 9, 8, 7, 9, 5, 8, 7, 
638: 8, 0, 0, 9, 6, 10, 0, 8, 5, 0, 0, 0, 0, 9, 9, 0, 8, 5, 6, 0, 0, 8, 0, 7, 0, 7, 0, 0, 0, 0, 7, 7, 8, 8, 0, 0, 0, 0, 6, 0, 4, 0, 0, 0, 0, 10, 8, 0, 0, 0, 0, 6, 0, 10, 0, 8, 0, 6, 0, 0, 8, 0, 8, 9, 0, 0, 7, 9, 8, 9, 9, 9, 0, 6, 8, 7, 0, 8, 0, 9, : 8, 9, 6, 10, 8, 5, 9, 9, 8, 5, 6, 8, 7, 7, 7, 7, 8, 8, 6, 4, 10, 8, 6, 10, 8, 6, 8, 8, 9, 7, 9, 8, 9, 9, 9, 6, 8, 7, 8, 9, 
515: 0, 9, 0, 5, 8, 0, 8, 0, 7, 7, 10, 10, 10, 0, 0, 0, 0, 6, 0, 0, 0, 0, 7, 0, 5, 6, 0, 8, 0, 0, 5, 7, 8, 0, 11, 10, 10, 0, 0, 8, 0, 0, 6, 0, 10, 9, 8, 0, 0, 0, 8, 6, 7, 9, 0, 7, 5, 0, 0, 8, 0, 10, 8, 0, 7, 0, 0, 0, 0, 0, 0, 8, 8, 8, 0, 9, 0, 0, 7, 0, : 9, 5, 8, 8, 7, 7, 10, 10, 10, 6, 7, 5, 6, 8, 5, 7, 8, 11, 10, 10, 8, 6, 10, 9, 8, 8, 6, 7, 9, 7, 5, 8, 10, 8, 7, 8, 8, 8, 9, 7, 
383: 0, 0, 5, 0, 7, 0, 0, 0, 8, 8, 0, 6, 7, 7, 9, 8, 7, 0, 0, 0, 0, 7, 0, 0, 9, 0, 5, 0, 0, 0, 7, 0, 7, 9, 9, 0, 0, 0, 7, 0, 8, 0, 8, 7, 0, 0, 0, 0, 0, 7, 7, 7, 0, 6, 8, 8, 0, 7, 0, 0, 10, 0, 7, 0, 6, 9, 0, 7, 0, 0, 0, 0, 8, 8, 0, 0, 7, 0, 0, 9, : 5, 7, 8, 8, 6, 7, 7, 9, 8, 7, 7, 9, 5, 7, 7, 9, 9, 7, 8, 8, 7, 7, 7, 7, 6, 8, 8, 7, 10, 7, 6, 9, 7, 8, 8, 7, 9, 
762: 8, 0, 0, 6, 0, 9, 10, 0, 7, 0, 0, 0, 0, 10, 10, 0, 0, 0, 0, 7, 6, 7, 0, 7, 6, 0, 0, 5, 7, 7, 10, 0, 6, 6, 8, 0, 8, 7, 8, 0, 8, 0, 0, 0, 0, 0, 0, 0, 8, 0, 10, 7, 0, 0, 0, 9, 0, 8, 8, 8, 9, 6, 0, 8, 8, 6, 8, 9, 0, 7, 7, 6, 0, 7, 8, 8, 9, 0, 0, 0, : 8, 6, 9, 10, 7, 10, 10, 7, 6, 7, 7, 6, 5, 7, 7, 10, 6, 6, 8, 8, 7, 8, 8, 8, 10, 7, 9, 8, 8, 8, 9, 6, 8, 8, 6, 8, 9, 7, 7, 6, 7, 8, 8, 9, 
8: 5, 0, 0, 0, 0, 7, 0, 0, 0, 9, 0, 9, 7, 0, 0, 4, 0, 0, 0, 0, 0, 0, 0, 0, 9, 0, 10, 7, 7, 7, 0, 9, 0, 0, 0, 0, 9, 6, 0, 0, 10, 0, 9, 11, 8, 8, 0, 7, 7, 7, 0, 7, 0, 6, 5, 0, 8, 0, 7, 7, 0, 9, 9, 0, 8, 8, 10, 0, 7, 9, 0, 0, 0, 7, 7, 0, 8, 8, 0, 7, : 5, 7, 9, 9, 7, 4, 9, 10, 7, 7, 7, 9, 9, 6, 10, 9, 11, 8, 8, 7, 7, 7, 7, 6, 5, 8, 7, 7, 9, 9, 8, 8, 10, 7, 9, 7, 7, 8, 8, 7, 
24: 8, 0, 8, 9, 0, 10, 0, 0, 9, 0, 0, 7, 0, 0, 9, 9, 0, 8, 0, 0, 0, 11, 0, 7, 6, 0, 7, 0, 6, 7, 0, 0, 9, 8, 9, 5, 7, 0, 8, 7, 0, 6, 8, 0, 0, 6, 7, 9, 0, 8, 8, 0, 0, 8, 6, 0, 7, 6, 0, 0, 7, 0, 5, 10, 0, 8, 0, 7, 9, 7, 7, 7, 7, 0, 0, 0, 0, 0, 0, 0, : 8, 8, 9, 10, 9, 7, 9, 9, 8, 11, 7, 6, 7, 6, 7, 9, 8, 9, 5, 7, 8, 7, 6, 8, 6, 7, 9, 8, 8, 8, 6, 7, 6, 7, 5, 10, 8, 7, 9, 7, 7, 7, 7, 
603: 0, 6, 0, 8, 0, 0, 0, 9, 6, 6, 6, 0, 0, 0, 6, 0, 0, 0, 6, 8, 0, 0, 0, 0, 0, 9, 0, 0, 0, 0, 0, 8, 0, 10, 0, 4, 10, 7, 8, 4, 0, 0, 5, 0, 0, 8, 5, 0, 0, 0, 0, 5, 0, 9, 0, 0, 8, 0, 7, 6, 7, 0, 0, 0, 0, 8, 7, 0, 8, 0, 8, 0, 0, 7, 0, 7, 0, 9, 8, 8, : 6, 8, 9, 6, 6, 6, 6, 6, 8, 9, 8, 10, 4, 10, 7, 8, 4, 5, 8, 5, 5, 9, 8, 7, 6, 7, 8, 7, 8, 8, 7, 7, 9, 8, 8, 
642: 0, 8, 0, 0, 5, 0, 6, 7, 0, 0, 0, 0, 0, 0, 0, 8, 0, 9, 0, 8, 8, 6, 8, 8, 0, 0, 0, 9, 7, 7, 7, 8, 5, 6, 9, 0, 5, 9, 10, 8, 5, 10, 0, 6, 0, 6, 0, 8, 0, 0, 0, 0, 0, 6, 0, 6, 0, 10, 0, 10, 0, 0, 0, 0, 8, 0, 0, 7, 7, 7, 8, 8, 8, 0, 7, 0, 7, 0, 8, 0, : 8, 5, 6, 7, 8, 9, 8, 8, 6, 8, 8, 9, 7, 7, 7, 8, 5, 6, 9, 5, 9, 10, 8, 5, 10, 6, 6, 8, 6, 6, 10, 10, 8, 7, 7, 7, 8, 8, 8, 7, 7, 8, 
374: 0, 7, 7, 7, 7, 6, 6, 11, 0, 7, 0, 7, 9, 0, 0, 0, 9, 4, 0, 0, 0, 9, 8, 8, 0, 0, 0, 8, 0, 8, 0, 0, 7, 5, 0, 8, 7, 0, 7, 8, 0, 0, 0, 7, 6, 4, 0, 5, 6, 0, 7, 8, 7, 7, 9, 0, 7, 7, 0, 0, 8, 0, 8, 0, 0, 5, 7, 0, 0, 9, 0, 0, 0, 0, 0, 0, 0, 8, 0, 7, : 7, 7, 7, 7, 6, 6, 11, 7, 7, 9, 9, 4, 9, 8, 8, 8, 8, 7, 5, 8, 7, 7, 8, 7, 6, 4, 5, 6, 7, 8, 7, 7, 9, 7, 7, 8, 8, 5, 7, 9, 8, 7, 
145: 9, 6, 9, 0, 0, 8, 0, 0, 8, 0, 0, 10, 8, 0, 7, 0, 9, 0, 9, 8, 10, 0, 8, 8, 0, 7, 7, 9, 0, 9, 0, 0, 0, 7, 0, 5, 10, 0, 0, 0, 7, 5, 8, 5, 0, 0, 6, 8, 6, 0, 0, 10, 0, 0, 0, 0, 0, 8, 6, 0, 0, 9, 10, 0, 8, 0, 0, 0, 8, 0, 0, 0, 0, 6, 7, 9, 8, 0, 9, 0, : 9, 6, 9, 8, 8, 10, 8, 7, 9, 9, 8, 10, 8, 8, 7, 7, 9, 9, 7, 5, 10, 7, 5, 8, 5, 6, 8, 6, 10, 8, 6, 9, 10, 8, 8, 6, 7, 9, 8, 9, 
26: 0, 8, 9, 0, 0, 6, 10, 6, 10, 8, 8, 8, 7, 0, 7, 7, 0, 0, 0, 9, 0, 6, 0, 6, 9, 9, 5, 5, 8, 0, 9, 6, 9, 0, 4, 0, 0, 8, 9, 8, 7, 8, 7, 6, 0, 0, 6, 0, 0, 0, 6, 6, 7, 7, 8, 0, 0, 7, 0, 6, 0, 0, 0, 0, 8, 8, 0, 0, 0, 0, 0, 0, 9, 0, 0, 8, 0, 7, 7, 6, : 8, 9, 6, 10, 6, 10, 8, 8, 8, 7, 7, 7, 9, 6, 6, 9, 9, 5, 5, 8, 9, 6, 9, 4, 8, 9, 8, 7, 8, 7, 6, 6, 6, 6, 7, 7, 8, 7, 6, 8, 8, 9, 8, 7, 7, 6, 
20: 0, 5, 7, 0, 7, 9, 0, 5, 0, 0, 8, 0, 9, 8, 10, 8, 7, 8, 0, 0, 7, 5, 0, 6, 6, 0, 8, 0, 0, 5, 0, 0, 0, 0, 0, 0, 7, 9, 6, 7, 5, 0, 9, 6, 0, 0, 7, 0, 0, 0, 0, 0, 7, 0, 8, 0, 6, 8, 0, 9, 8, 8, 0, 0, 0, 0, 0, 8, 7, 0, 8, 0, 6, 0, 8, 8, 0, 0, 7, 7, : 5, 7, 7, 9, 5, 8, 9, 8, 10, 8, 7, 8, 7, 5, 6, 6, 8, 5, 7, 9, 6, 7, 5, 9, 6, 7, 7, 8, 6, 8, 9, 8, 8, 8, 7, 8, 6, 8, 8, 7, 7, 
169: 9, 5, 0, 0, 0, 8, 9, 8, 0, 0, 0, 0, 0, 0, 0, 5, 5, 0, 0, 0, 5, 0, 0, 7, 7, 0, 7, 0, 0, 9, 0, 0, 6, 0, 0, 4, 6, 4, 0, 0, 0, 7, 8, 7, 7, 0, 0, 7, 0, 0, 9, 0, 0, 6, 8, 7, 0, 7, 0, 9, 0, 0, 0, 0, 0, 0, 7, 0, 0, 0, 0, 0, 9, 0, 0, 0, 9, 8, 9, 8, : 9, 5, 8, 9, 8, 5, 5, 5, 7, 7, 7, 9, 6, 4, 6, 4, 7, 8, 7, 7, 7, 9, 6, 8, 7, 7, 9, 7, 9, 9, 8, 9, 8, 
330: 0, 6, 0, 0, 7, 6, 0, 0, 6, 6, 7, 0, 0, 0, 7, 8, 7, 10, 0, 0, 8, 7, 6, 0, 0, 6, 0, 7, 7, 7, 9, 7, 0, 9, 0, 9, 0, 0, 0, 8, 8, 8, 0, 0, 0, 7, 0, 7, 0, 0, 7, 0, 9, 9, 10, 6, 10, 0, 0, 7, 0, 9, 0, 6, 0, 0, 8, 7, 9, 8, 0, 7, 0, 9, 0, 0, 7, 0, 0, 0, : 6, 7, 6, 6, 6, 7, 7, 8, 7, 10, 8, 7, 6, 6, 7, 7, 7, 9, 7, 9, 9, 8, 8, 8, 7, 7, 7, 9, 9, 10, 6, 10, 7, 9, 6, 8, 7, 9, 8, 7, 9, 7, 
137: 0, 10, 0, 10, 8, 0, 5, 6, 0, 0, 0, 7, 5, 7, 8, 0, 6, 0, 6, 0, 5, 0, 0, 8, 0, 9, 0, 0, 7, 7, 7, 0, 7, 0, 0, 0, 0, 9, 5, 5, 0, 0, 0, 11, 0, 8, 0, 8, 0, 8, 0, 7, 9, 5, 0, 6, 0, 0, 0, 0, 6, 4, 7, 0, 0, 9, 0, 7, 0, 0, 7, 6, 7, 0, 0, 0, 0, 9, 0, 8, : 10, 10, 8, 5, 6, 7, 5, 7, 8, 6, 6, 5, 8, 9, 7, 7, 7, 7, 9, 5, 5, 11, 8, 8, 8, 7, 9, 5, 6, 6, 4, 7, 9, 7, 7, 6, 7, 9, 8, 
767: 8, 0, 5, 0, 10, 0, 7, 8, 0, 10, 7, 0, 0, 7, 0, 0, 0, 0, 0, 8, 7, 8, 8, 8, 7, 0, 7, 0, 0, 0, 9, 6, 10, 0, 0, 0, 0, 0, 0, 0, 8, 9, 0, 0, 0, 7, 0, 0, 8, 7, 8, 0, 0, 8, 7, 8, 10, 0, 10, 8, 6, 0, 0, 0, 8, 0, 9, 0, 7, 0, 9, 0, 0, 0, 5, 0, 0, 0, 0, 0, : 8, 5, 10, 7, 8, 10, 7, 7, 8, 7, 8, 8, 8, 7, 7, 9, 6, 10, 8, 9, 7, 8, 7, 8, 8, 7, 8, 10, 10, 8, 6, 8, 9, 7, 9, 5, 
245: 0, 8, 9, 9, 0, 0, 0, 0, 0, 0, 0, 0, 0, 0, 0, 7, 0, 8, 9, 0, 0, 0, 0, 0, 0, 0, 0, 7, 8, 0, 7, 0, 0, 9, 9, 7, 0, 0, 8, 0, 8, 8, 0, 8, 0, 9, 10, 6, 7, 6, 6, 0, 7, 0, 0, 8, 9, 0, 8, 10, 0, 7, 0, 0, 0, 0, 8, 6, 0, 0, 0, 0, 7, 0, 8, 7, 8, 0, 5, 0, : 8, 9, 9, 7, 8, 9, 7, 8, 7, 9, 9, 7, 8, 8, 8, 8, 9, 10, 6, 7, 6, 6, 7, 8, 9, 8, 10, 7, 8, 6, 7, 8, 7, 8, 5, 
315: 7, 0, 6, 8, 10, 0, 0, 8, 0, 0, 6, 6, 0, 7, 0, 0, 8, 9, 0, 10, 0, 0, 7, 0, 9, 6, 0, 0, 6, 0, 0, 0, 6, 7, 0, 0, 0, 0, 8, 0, 8, 7, 5, 0, 7, 0, 8, 7, 0, 11, 0, 9, 0, 0, 0, 0, 9, 0, 0, 7, 10, 5, 9, 9, 0, 8, 0, 0, 0, 0, 0, 9, 0, 8, 9, 0, 7, 0, 0, 0, : 7, 6, 8, 10, 8, 6, 6, 7, 8, 9, 10, 7, 9, 6, 6, 6, 7, 8, 8, 7, 5, 7, 8, 7, 11, 9, 9, 7, 10, 5, 9, 9, 8, 9, 8, 9, 7, 
146: 0, 0, 0, 0, 0, 0, 0, 0, 5, 9, 6, 7, 0, 6, 0, 0, 4, 0, 8, 8, 0, 7, 8, 9, 0, 0, 6, 0, 0, 8, 0, 9, 0, 0, 10, 8, 5, 6, 5, 9, 8, 8, 0, 0, 4, 0, 0, 9, 7, 0, 7, 0, 0, 0, 0, 0, 7, 9, 6, 0, 0, 9, 0, 8, 10, 10, 7, 0, 0, 0, 0, 7, 0, 8, 8, 7, 0, 0, 0, 0, : 5, 9, 6, 7, 6, 4, 8, 8, 7, 8, 9, 6, 8, 9, 10, 8, 5, 6, 5, 9, 8, 8, 4, 9, 7, 7, 7, 9, 6, 9, 8, 10, 10, 7, 7, 8, 8, 7, 
470: 6, 0, 0, 6, 0, 6, 8, 6, 0, 8, 8, 7, 0, 8, 7, 9, 0, 7, 5, 0, 7, 7, 8, 0, 8, 0, 0, 9, 0, 0, 0, 0, 5, 0, 7, 8, 0, 0, 0, 10, 6, 0, 0, 7, 0, 9, 4, 0, 0, 0, 6, 0, 0, 0, 0, 7, 0, 10, 0, 7, 6, 7, 10, 9, 6, 0, 0, 8, 0, 7, 6, 0, 9, 0, 8, 8, 0, 6, 6, 0, : 6, 6, 6, 8, 6, 8, 8, 7, 8, 7, 9, 7, 5, 7, 7, 8, 8, 9, 5, 7, 8, 10, 6, 7, 9, 4, 6, 7, 10, 7, 6, 7, 10, 9, 6, 8, 7, 6, 9, 8, 8, 6, 6, 
689: 7, 8, 8, 6, 6, 0, 6, 0, 9, 0, 0, 0, 8, 8, 0, 8, 0, 10, 10, 8, 7, 9, 0, 0, 0, 8, 0, 0, 9, 7, 7, 0, 0, 6, 0, 9, 0, 0, 0, 0, 0, 0, 0, 8, 7, 7, 0, 7, 0, 0, 0, 10, 7, 0, 7, 0, 0, 0, 8, 9, 0, 7, 9, 6, 0, 0, 0, 9, 5, 0, 0, 8, 7, 5, 9, 0, 6, 0, 7, 0, : 7, 8, 8, 6, 6, 6, 9, 8, 8, 8, 10, 10, 8, 7, 9, 8, 9, 7, 7, 6, 9, 8, 7, 7, 7, 10, 7, 7, 8, 9, 7, 9, 6, 9, 5, 8, 7, 5, 9, 6, 7, 
225: 7, 0, 10, 0, 0, 6, 0, 0, 11, 0, 8, 0, 0, 0, 0, 0, 0, 0, 0, 0, 0, 0, 7, 0, 0, 10, 0, 0, 0, 0, 6, 0, 7, 0, 10, 9, 0, 0, 0, 8, 0, 9, 0, 8, 9, 0, 8, 0, 0, 10, 10, 7, 0, 0, 0, 0, 6, 0, 7, 0, 4, 0, 0, 0, 8, 0, 0, 0, 6, 8, 7, 0, 7, 8, 0, 0, 6, 7, 7, 9, : 7, 10, 6, 11, 8, 7, 10, 6, 7, 10, 9, 8, 9, 8, 9, 8, 10, 10, 7, 6, 7, 4, 8, 6, 8, 7, 7, 8, 6, 7, 7, 9, 
56: 0, 0, 10, 9, 10, 7, 6, 5, 6, 8, 0, 0, 8, 7, 8, 0, 8, 6, 8, 7, 7, 0, 8, 0, 0, 7, 8, 7, 0, 7, 9, 9, 0, 0, 0, 0, 10, 0, 0, 10, 0, 5, 7, 9, 11, 8, 8, 0, 0, 0, 6, 7, 0, 7, 0, 10, 7, 0, 7, 0, 9, 0, 6, 0, 10, 7, 8, 9, 7, 6, 8, 9, 7, 0, 0, 7, 8, 0, 6, 0, : 10, 9, 10, 7, 6, 5, 6, 8, 8, 7, 8, 8, 6, 8, 7, 7, 8, 7, 8, 7, 7, 9, 9, 10, 10, 5, 7, 9, 11, 8, 8, 6, 7, 7, 10, 7, 7, 9, 6, 10, 7, 8, 9, 7, 6, 8, 9, 7, 7, 8, 6, 
473: 8, 0, 5, 0, 0, 0, 11, 7, 0, 8, 0, 9, 7, 8, 0, 7, 6, 9, 9, 0, 0, 0, 0, 9, 0, 9, 9, 0, 8, 7, 0, 0, 0, 7, 0, 0, 0, 0, 0, 7, 7, 0, 0, 8, 9, 6, 0, 0, 5, 0, 0, 0, 0, 0, 0, 7, 0, 0, 0, 0, 0, 0, 0, 7, 0, 0, 8, 8, 0, 7, 9, 0, 8, 0, 0, 0, 9, 7, 0, 0, : 8, 5, 11, 7, 8, 9, 7, 8, 7, 6, 9, 9, 9, 9, 9, 8, 7, 7, 7, 7, 8, 9, 6, 5, 7, 7, 8, 8, 7, 9, 8, 9, 7, 
98: 0, 0, 6, 8, 0, 8, 5, 0, 6, 0, 9, 0, 0, 8, 0, 0, 0, 8, 0, 0, 0, 7, 5, 0, 7, 8, 8, 8, 10, 6, 0, 5, 0, 0, 7, 0, 0, 10, 0, 5, 0, 0, 9, 0, 10, 0, 8, 7, 8, 6, 0, 7, 9, 0, 0, 8, 6, 9, 7, 6, 5, 7, 6, 8, 0, 8, 0, 0, 7, 6, 8, 0, 0, 9, 0, 0, 7, 0, 7, 0, : 6, 8, 8, 5, 6, 9, 8, 8, 7, 5, 7, 8, 8, 8, 10, 6, 5, 7, 10, 5, 9, 10, 8, 7, 8, 6, 7, 9, 8, 6, 9, 7, 6, 5, 7, 6, 8, 8, 7, 6, 8, 9, 7, 7, 
241: 0, 0, 0, 0, 9, 0, 6, 0, 0, 0, 7, 0, 0, 8, 7, 0, 0, 0, 8, 11, 0, 0, 0, 8, 8, 0, 9, 0, 8, 7, 7, 7, 10, 10, 0, 7, 0, 9, 0, 0, 0, 5, 0, 5, 0, 0, 0, 8, 0, 6, 0, 7, 8, 0, 0, 0, 0, 7, 9, 6, 9, 8, 7, 8, 8, 0, 0, 0, 8, 5, 7, 7, 0, 8, 6, 0, 0, 7, 7, 0, : 9, 6, 7, 8, 7, 8, 11, 8, 8, 9, 8, 7, 7, 7, 10, 10, 7, 9, 5, 5, 8, 6, 7, 8, 7, 9, 6, 9, 8, 7, 8, 8, 8, 5, 7, 7, 8, 6, 7, 7, 
221: 8, 10, 8, 0, 0, 0, 0, 6, 0, 0, 0, 0, 6, 0, 8, 5, 9, 0, 0, 0, 8, 8, 0, 0, 0, 7, 9, 7, 0, 9, 0, 0, 0, 5, 8, 10, 4, 8, 8, 0, 10, 0, 10, 8, 6, 0, 0, 0, 7, 10, 0, 0, 6, 0, 7, 0, 0, 8, 7, 0, 6, 6, 0, 10, 7, 8, 6, 7, 0, 0, 0, 5, 0, 0, 0, 9, 5, 9, 0, 8, : 8, 10, 8, 6, 6, 8, 5, 9, 8, 8, 7, 9, 7, 9, 5, 8, 10, 4, 8, 8, 10, 10, 8, 6, 7, 10, 6, 7, 8, 7, 6, 6, 10, 7, 8, 6, 7, 5, 9, 5, 9, 8, 
376: 0, 0, 0, 10, 6, 5, 0, 0, 10, 0, 0, 0, 8, 0, 0, 10, 0, 8, 0, 10, 9, 0, 0, 8, 8, 9, 8, 7, 7, 0, 0, 7, 9, 0, 7, 0, 10, 9, 0, 9, 0, 8, 8, 0, 7, 7, 8, 0, 9, 7, 0, 0, 0, 8, 6, 9, 8, 9, 4, 7, 9, 0, 0, 5, 0, 0, 9, 7, 8, 0, 0, 0, 0, 0, 7, 7, 0, 0, 0, 5, : 10, 6, 5, 10, 8, 10, 8, 10, 9, 8, 8, 9, 8, 7, 7, 7, 9, 7, 10, 9, 9, 8, 8, 7, 7, 8, 9, 7, 8, 6, 9, 8, 9, 4, 7, 9, 5, 9, 7, 8, 7, 7, 5, 
253: 8, 0, 0, 10, 6, 6, 9, 6, 8, 6, 0, 8, 9, 0, 0, 5, 8, 0, 11, 0, 0, 8, 0, 0, 0, 5, 0, 0, 0, 0, 0, 10, 0, 9, 0, 0, 6, 5, 8, 8, 0, 7, 7, 0, 0, 0, 8, 8, 9, 0, 8, 10, 7, 0, 0, 0, 0, 0, 10, 0, 0, 7, 0, 0, 0, 6, 6, 0, 0, 8, 8, 7, 0, 0, 0, 0, 0, 7, 0, 9, : 8, 10, 6, 6, 9, 6, 8, 6, 8, 9, 5, 8, 11, 8, 5, 10, 9, 6, 5, 8, 8, 7, 7, 8, 8, 9, 8, 10, 7, 10, 7, 6, 6, 8, 8, 7, 7, 9, 
616: 0, 9, 0, 6, 0, 7, 8, 0, 0, 0, 5, 5, 0, 5, 4, 0, 0, 0, 8, 0, 0, 7, 0, 0, 0, 0, 8, 9, 0, 0, 0, 9, 7, 0, 7, 7, 5, 0, 9, 0, 0, 0, 0, 0, 0, 0, 0, 0, 0, 8, 0, 0, 7, 8, 9, 0, 0, 0, 0, 0, 0, 7, 0, 4, 8, 7, 6, 0, 0, 7, 0, 0, 9, 0, 0, 0, 0, 9, 0, 7, : 9, 6, 7, 8, 5, 5, 5, 4, 8, 7, 8, 9, 9, 7, 7, 7, 5, 9, 8, 7, 8, 9, 7, 4, 8, 7, 6, 7, 9, 9, 7, 


548: 9, 8, 0, 5, 0, 0, 0, 0, 8, 8, 10, 7, 8, 0, 0, 0, 6, 7, 0, 7, 0, 0, 10, 7, 9, 5, 0, 0, 0, 9, 7, 8, 8, 0, 9, 0, 8, 0, 7, 7, 7, 0, 0, 10, 0, 7, 8, 0, 6, 8, 9, 8, 0, 8, 0, 5, 8, 0, 0, 0, 10, 10, 7, 7, 9, 8, 0, 0, 8, 0, 0, 7, 7, 0, 0, 0, 7, 0, 0, 9, : 9, 8, 5, 8, 8, 10, 7, 8, 6, 7, 7, 10, 7, 9, 5, 9, 7, 8, 8, 9, 8, 7, 7, 7, 10, 7, 8, 6, 8, 9, 8, 8, 5, 8, 10, 10, 7, 7, 9, 8, 8, 7, 7, 7, 9, 
170: 0, 0, 0, 5, 0, 8, 8, 0, 7, 0, 0, 10, 7, 7, 0, 8, 8, 6, 10, 0, 7, 8, 9, 8, 0, 0, 8, 0, 6, 0, 7, 0, 9, 8, 8, 5, 0, 9, 7, 0, 8, 9, 0, 9, 0, 0, 0, 7, 6, 0, 10, 9, 0, 0, 8, 0, 0, 6, 8, 9, 0, 5, 6, 9, 0, 8, 0, 7, 7, 7, 9, 7, 9, 7, 7, 0, 7, 0, 0, 0, : 5, 8, 8, 7, 10, 7, 7, 8, 8, 6, 10, 7, 8, 9, 8, 8, 6, 7, 9, 8, 8, 5, 9, 7, 8, 9, 9, 7, 6, 10, 9, 8, 6, 8, 9, 5, 6, 9, 8, 7, 7, 7, 9, 7, 9, 7, 7, 7, 
365: 0, 5, 0, 6, 6, 0, 0, 7, 0, 0, 8, 0, 6, 0, 0, 0, 0, 0, 0, 0, 0, 0, 6, 0, 0, 8, 8, 8, 9, 0, 8, 7, 0, 0, 10, 0, 0, 7, 0, 0, 8, 7, 8, 8, 7, 0, 6, 8, 6, 7, 8, 0, 10, 0, 0, 0, 0, 8, 6, 0, 8, 9, 6, 8, 0, 0, 0, 8, 0, 0, 0, 0, 0, 0, 8, 7, 0, 8, 7, 7, : 5, 6, 6, 7, 8, 6, 6, 8, 8, 8, 9, 8, 7, 10, 7, 8, 7, 8, 8, 7, 6, 8, 6, 7, 8, 10, 8, 6, 8, 9, 6, 8, 8, 8, 7, 8, 7, 7, 
446: 8, 0, 9, 10, 5, 8, 7, 0, 0, 7, 0, 0, 9, 0, 7, 5, 10, 7, 0, 0, 10, 9, 0, 0, 0, 0, 9, 6, 0, 0, 0, 0, 0, 10, 9, 0, 8, 0, 9, 0, 8, 0, 8, 0, 0, 0, 0, 0, 0, 8, 7, 7, 0, 0, 0, 8, 8, 6, 0, 0, 0, 0, 6, 0, 6, 0, 0, 8, 0, 6, 8, 0, 0, 8, 0, 0, 0, 8, 7, 0, : 8, 9, 10, 5, 8, 7, 7, 9, 7, 5, 10, 7, 10, 9, 9, 6, 10, 9, 8, 9, 8, 8, 8, 7, 7, 8, 8, 6, 6, 6, 8, 6, 8, 8, 8, 7, 
655: 9, 6, 0, 7, 8, 7, 8, 0, 8, 0, 6, 0, 0, 10, 7, 8, 7, 0, 0, 7, 0, 0, 7, 6, 0, 0, 0, 5, 7, 0, 6, 4, 9, 7, 0, 5, 5, 0, 7, 0, 6, 0, 10, 0, 9, 0, 7, 0, 0, 9, 6, 0, 0, 0, 8, 8, 0, 8, 10, 0, 5, 7, 0, 6, 0, 6, 0, 0, 0, 0, 0, 7, 0, 0, 9, 0, 9, 0, 7, 8, : 9, 6, 7, 8, 7, 8, 8, 6, 10, 7, 8, 7, 7, 7, 6, 5, 7, 6, 4, 9, 7, 5, 5, 7, 6, 10, 9, 7, 9, 6, 8, 8, 8, 10, 5, 7, 6, 6, 7, 9, 9, 7, 8, 
600: 0, 0, 0, 0, 0, 7, 8, 0, 0, 0, 8, 10, 0, 7, 7, 8, 0, 6, 0, 0, 0, 0, 0, 0, 7, 9, 0, 8, 0, 10, 9, 0, 0, 7, 0, 0, 0, 7, 7, 0, 0, 9, 7, 0, 7, 6, 0, 10, 0, 6, 9, 6, 8, 7, 8, 0, 0, 0, 0, 7, 0, 0, 9, 10, 0, 0, 6, 0, 0, 7, 0, 7, 0, 7, 7, 7, 0, 0, 9, 7, : 7, 8, 8, 10, 7, 7, 8, 6, 7, 9, 8, 10, 9, 7, 7, 7, 9, 7, 7, 6, 10, 6, 9, 6, 8, 7, 8, 7, 9, 10, 6, 7, 7, 7, 7, 7, 9, 7, 
52: 0, 9, 0, 0, 7, 0, 0, 0, 8, 0, 10, 7, 0, 9, 5, 8, 0, 7, 6, 0, 7, 8, 6, 9, 9, 8, 0, 0, 0, 7, 7, 8, 4, 4, 6, 0, 8, 0, 7, 0, 0, 8, 0, 0, 0, 9, 0, 7, 7, 7, 7, 0, 0, 10, 0, 7, 10, 0, 7, 0, 7, 0, 0, 6, 0, 0, 6, 0, 8, 7, 8, 0, 8, 0, 0, 7, 9, 7, 0, 0, : 9, 7, 8, 10, 7, 9, 5, 8, 7, 6, 7, 8, 6, 9, 9, 8, 7, 7, 8, 4, 4, 6, 8, 7, 8, 9, 7, 7, 7, 7, 10, 7, 10, 7, 7, 6, 6, 8, 7, 8, 8, 7, 9, 7, 
192: 8, 7, 0, 6, 5, 6, 7, 8, 6, 0, 8, 5, 7, 8, 10, 7, 0, 0, 6, 0, 9, 8, 0, 0, 9, 0, 7, 8, 0, 0, 9, 9, 7, 7, 0, 0, 0, 8, 6, 0, 0, 0, 0, 0, 8, 7, 0, 5, 7, 0, 0, 7, 0, 6, 6, 0, 0, 10, 5, 0, 0, 0, 0, 0, 0, 0, 0, 8, 0, 0, 7, 0, 0, 7, 7, 0, 7, 0, 0, 0, : 8, 7, 6, 5, 6, 7, 8, 6, 8, 5, 7, 8, 10, 7, 6, 9, 8, 9, 7, 8, 9, 9, 7, 7, 8, 6, 8, 7, 5, 7, 7, 6, 6, 10, 5, 8, 7, 7, 7, 7, 
476: 9, 0, 0, 11, 8, 0, 6, 7, 0, 8, 8, 0, 9, 0, 9, 8, 8, 10, 9, 9, 7, 0, 0, 7, 7, 0, 0, 8, 7, 0, 9, 9, 0, 0, 8, 8, 8, 8, 6, 0, 7, 8, 0, 6, 0, 7, 0, 0, 7, 7, 8, 0, 8, 6, 7, 0, 7, 8, 0, 0, 0, 6, 0, 7, 0, 0, 0, 6, 7, 7, 0, 8, 8, 7, 0, 8, 8, 7, 0, 0, : 9, 11, 8, 6, 7, 8, 8, 9, 9, 8, 8, 10, 9, 9, 7, 7, 7, 8, 7, 9, 9, 8, 8, 8, 8, 6, 7, 8, 6, 7, 7, 7, 8, 8, 6, 7, 7, 8, 6, 7, 6, 7, 7, 8, 8, 7, 8, 8, 7, 
13: 0, 0, 0, 0, 0, 0, 0, 0, 0, 7, 0, 0, 0, 0, 6, 7, 6, 10, 0, 0, 0, 10, 8, 0, 0, 0, 0, 4, 0, 10, 0, 0, 0, 0, 8, 10, 0, 10, 0, 0, 0, 7, 0, 0, 10, 10, 0, 7, 7, 7, 7, 7, 0, 0, 0, 6, 0, 7, 8, 5, 10, 0, 0, 0, 8, 7, 8, 7, 7, 0, 8, 9, 0, 6, 7, 0, 7, 7, 8, 0, : 7, 6, 7, 6, 10, 10, 8, 4, 10, 8, 10, 10, 7, 10, 10, 7, 7, 7, 7, 7, 6, 7, 8, 5, 10, 8, 7, 8, 7, 7, 8, 9, 6, 7, 7, 7, 8, 
106: 7, 8, 9, 0, 8, 0, 8, 10, 0, 5, 0, 0, 8, 0, 0, 0, 0, 0, 7, 0, 0, 7, 6, 0, 7, 10, 0, 0, 0, 5, 0, 10, 0, 0, 0, 8, 0, 9, 7, 5, 7, 0, 6, 0, 0, 7, 9, 10, 7, 7, 0, 0, 0, 9, 9, 7, 0, 0, 0, 8, 0, 7, 0, 0, 0, 0, 6, 0, 0, 7, 0, 0, 7, 0, 8, 0, 0, 0, 7, 7, : 7, 8, 9, 8, 8, 10, 5, 8, 7, 7, 6, 7, 10, 5, 10, 8, 9, 7, 5, 7, 6, 7, 9, 10, 7, 7, 9, 9, 7, 8, 7, 6, 7, 7, 8, 7, 7, 
204: 0, 7, 5, 0, 7, 7, 8, 7, 8, 8, 7, 9, 0, 8, 0, 0, 0, 0, 0, 7, 7, 0, 6, 0, 6, 8, 9, 6, 0, 4, 0, 4, 0, 0, 0, 0, 0, 8, 0, 0, 0, 0, 0, 8, 6, 9, 5, 6, 7, 0, 0, 0, 7, 0, 6, 6, 0, 0, 0, 11, 6, 0, 6, 0, 0, 0, 0, 0, 0, 7, 0, 8, 7, 0, 0, 0, 0, 8, 9, 7, : 7, 5, 7, 7, 8, 7, 8, 8, 7, 9, 8, 7, 7, 6, 6, 8, 9, 6, 4, 4, 8, 8, 6, 9, 5, 6, 7, 7, 6, 6, 11, 6, 6, 7, 8, 7, 8, 9, 7, 
709: 7, 0, 9, 0, 0, 9, 0, 0, 8, 0, 6, 6, 0, 0, 0, 0, 0, 0, 10, 10, 0, 5, 0, 8, 9, 0, 8, 0, 8, 0, 0, 10, 8, 8, 8, 0, 7, 0, 0, 0, 7, 10, 6, 7, 5, 0, 0, 0, 9, 0, 0, 8, 0, 8, 0, 0, 0, 8, 0, 10, 7, 8, 6, 0, 0, 7, 8, 0, 7, 0, 6, 7, 7, 8, 0, 8, 6, 9, 0, 0, : 7, 9, 9, 8, 6, 6, 10, 10, 5, 8, 9, 8, 8, 10, 8, 8, 8, 7, 7, 10, 6, 7, 5, 9, 8, 8, 8, 10, 7, 8, 6, 7, 8, 7, 6, 7, 7, 8, 8, 6, 9, 
77: 7, 0, 7, 9, 11, 0, 7, 0, 10, 0, 0, 0, 9, 0, 0, 0, 0, 7, 6, 6, 0, 4, 10, 0, 0, 0, 10, 8, 0, 7, 0, 9, 0, 0, 4, 0, 0, 8, 0, 9, 0, 0, 6, 0, 0, 0, 0, 7, 0, 9, 0, 0, 0, 5, 0, 9, 8, 0, 0, 0, 0, 0, 0, 0, 7, 0, 0, 8, 0, 0, 0, 0, 0, 0, 0, 7, 7, 7, 0, 0, : 7, 7, 9, 11, 7, 10, 9, 7, 6, 6, 4, 10, 10, 8, 7, 9, 4, 8, 9, 6, 7, 9, 5, 9, 8, 7, 8, 7, 7, 7, 
161: 0, 8, 10, 0, 10, 0, 5, 6, 0, 8, 9, 8, 0, 9, 9, 0, 7, 9, 0, 0, 6, 0, 0, 7, 0, 8, 8, 8, 10, 7, 0, 8, 5, 9, 8, 9, 0, 0, 0, 7, 7, 0, 0, 7, 0, 7, 0, 0, 0, 0, 0, 0, 5, 0, 9, 0, 0, 8, 7, 0, 0, 0, 0, 0, 0, 0, 10, 7, 8, 8, 7, 0, 8, 0, 0, 8, 8, 0, 0, 0, : 8, 10, 10, 5, 6, 8, 9, 8, 9, 9, 7, 9, 6, 7, 8, 8, 8, 10, 7, 8, 5, 9, 8, 9, 7, 7, 7, 7, 5, 9, 8, 7, 10, 7, 8, 8, 7, 8, 8, 8, 
569: 0, 5, 0, 0, 8, 0, 0, 0, 0, 8, 7, 0, 0, 8, 0, 8, 0, 9, 0, 9, 0, 0, 0, 9, 9, 6, 0, 0, 6, 0, 7, 8, 7, 8, 0, 0, 8, 9, 0, 7, 0, 8, 0, 0, 9, 0, 0, 6, 0, 0, 0, 9, 9, 7, 0, 0, 6, 8, 0, 9, 0, 0, 10, 7, 7, 7, 6, 0, 0, 0, 0, 8, 7, 8, 7, 0, 9, 7, 9, 7, : 5, 8, 8, 7, 8, 8, 9, 9, 9, 9, 6, 6, 7, 8, 7, 8, 8, 9, 7, 8, 9, 6, 9, 9, 7, 6, 8, 9, 10, 7, 7, 7, 6, 8, 7, 8, 7, 9, 7, 9, 7, 
474: 0, 0, 10, 0, 8, 9, 0, 0, 6, 6, 6, 8, 0, 0, 0, 5, 9, 8, 8, 0, 10, 0, 0, 0, 8, 0, 8, 8, 0, 6, 0, 0, 0, 8, 6, 8, 0, 6, 9, 9, 0, 0, 8, 0, 6, 0, 0, 0, 0, 0, 6, 0, 0, 0, 0, 0, 0, 0, 7, 0, 0, 0, 10, 6, 6, 0, 7, 0, 0, 0, 7, 0, 0, 0, 9, 9, 0, 9, 0, 8, : 10, 8, 9, 6, 6, 6, 8, 5, 9, 8, 8, 10, 8, 8, 8, 6, 8, 6, 8, 6, 9, 9, 8, 6, 6, 7, 10, 6, 6, 7, 7, 9, 9, 9, 8, 
167: 0, 8, 8, 0, 0, 5, 9, 0, 7, 0, 0, 0, 0, 6, 0, 0, 6, 6, 0, 8, 7, 0, 0, 0, 6, 0, 0, 0, 0, 0, 0, 0, 0, 8, 7, 8, 0, 0, 9, 8, 9, 6, 0, 8, 8, 0, 0, 0, 6, 6, 6, 0, 0, 0, 0, 0, 6, 8, 8, 5, 8, 0, 7, 0, 4, 10, 7, 0, 8, 0, 0, 0, 7, 0, 9, 0, 7, 0, 7, 7, : 8, 8, 5, 9, 7, 6, 6, 6, 8, 7, 6, 8, 7, 8, 9, 8, 9, 6, 8, 8, 6, 6, 6, 6, 8, 8, 5, 8, 7, 4, 10, 7, 8, 7, 9, 7, 7, 7, 
213: 0, 0, 5, 0, 11, 6, 8, 0, 8, 8, 0, 7, 6, 5, 9, 0, 7, 0, 0, 10, 0, 0, 0, 6, 0, 0, 0, 9, 9, 0, 7, 0, 8, 0, 0, 0, 8, 0, 0, 7, 9, 8, 0, 8, 0, 7, 6, 0, 8, 7, 0, 0, 8, 6, 9, 9, 0, 0, 0, 0, 0, 0, 0, 0, 8, 0, 9, 0, 7, 7, 9, 9, 0, 7, 7, 0, 0, 7, 0, 8, : 5, 11, 6, 8, 8, 8, 7, 6, 5, 9, 7, 10, 6, 9, 9, 7, 8, 8, 7, 9, 8, 8, 7, 6, 8, 7, 8, 6, 9, 9, 8, 9, 7, 7, 9, 9, 7, 7, 7, 8, 
501: 8, 0, 0, 8, 6, 0, 0, 8, 6, 0, 0, 0, 0, 9, 0, 0, 0, 6, 8, 6, 6, 10, 0, 8, 0, 0, 8, 8, 9, 0, 8, 8, 0, 4, 5, 5, 6, 0, 8, 7, 0, 6, 0, 7, 9, 5, 10, 8, 7, 7, 7, 8, 0, 0, 7, 7, 10, 7, 8, 8, 0, 8, 0, 0, 10, 9, 0, 8, 0, 0, 0, 0, 7, 9, 8, 0, 8, 9, 0, 7, : 8, 8, 6, 8, 6, 9, 6, 8, 6, 6, 10, 8, 8, 8, 9, 8, 8, 4, 5, 5, 6, 8, 7, 6, 7, 9, 5, 10, 8, 7, 7, 7, 8, 7, 7, 10, 7, 8, 8, 8, 10, 9, 8, 7, 9, 8, 8, 9, 7, 
185: 5, 7, 5, 0, 6, 0, 0, 0, 0, 9, 0, 8, 0, 0, 7, 0, 7, 0, 0, 6, 0, 8, 0, 0, 6, 9, 0, 0, 6, 0, 10, 0, 0, 0, 7, 9, 9, 5, 0, 8, 8, 0, 8, 0, 0, 9, 0, 0, 7, 8, 0, 0, 0, 0, 5, 9, 5, 10, 7, 0, 8, 9, 0, 0, 10, 10, 8, 9, 7, 0, 7, 0, 0, 7, 0, 0, 0, 0, 7, 9, : 5, 7, 5, 6, 9, 8, 7, 7, 6, 8, 6, 9, 6, 10, 7, 9, 9, 5, 8, 8, 8, 9, 7, 8, 5, 9, 5, 10, 7, 8, 9, 10, 10, 8, 9, 7, 7, 7, 7, 9, 
504: 0, 9, 9, 0, 0, 0, 0, 8, 0, 10, 6, 7, 6, 8, 6, 0, 0, 9, 10, 0, 0, 0, 7, 0, 7, 0, 9, 7, 0, 7, 5, 0, 9, 9, 5, 0, 8, 6, 6, 0, 0, 0, 0, 8, 10, 0, 7, 8, 0, 6, 0, 6, 6, 8, 8, 10, 5, 8, 0, 8, 0, 11, 5, 0, 7, 0, 9, 9, 6, 0, 0, 7, 7, 0, 7, 0, 0, 0, 8, 9, : 9, 9, 8, 10, 6, 7, 6, 8, 6, 9, 10, 7, 7, 9, 7, 7, 5, 9, 9, 5, 8, 6, 6, 8, 10, 7, 8, 6, 6, 6, 8, 8, 10, 5, 8, 8, 11, 5, 7, 9, 9, 6, 7, 7, 7, 8, 9, 
540: 9, 0, 0, 0, 0, 0, 0, 8, 10, 0, 0, 0, 0, 0, 0, 0, 7, 0, 6, 0, 4, 0, 8, 0, 8, 7, 6, 0, 8, 7, 7, 0, 0, 0, 0, 0, 0, 6, 0, 0, 8, 7, 8, 5, 0, 0, 0, 9, 0, 9, 0, 7, 0, 0, 0, 0, 0, 0, 8, 0, 7, 10, 0, 8, 0, 10, 0, 0, 0, 7, 0, 6, 9, 0, 7, 0, 0, 8, 7, 0, : 9, 8, 10, 7, 6, 4, 8, 8, 7, 6, 8, 7, 7, 6, 8, 7, 8, 5, 9, 9, 7, 8, 7, 10, 8, 10, 7, 6, 9, 7, 8, 7, 
730: 0, 9, 7, 7, 0, 8, 6, 8, 7, 0, 7, 0, 7, 7, 0, 7, 0, 6, 6, 0, 7, 0, 0, 5, 0, 7, 7, 7, 8, 9, 0, 9, 0, 7, 0, 0, 0, 9, 0, 8, 5, 0, 0, 5, 7, 6, 0, 0, 0, 0, 9, 0, 0, 0, 7, 9, 8, 5, 0, 0, 5, 7, 8, 7, 0, 6, 6, 0, 0, 0, 0, 0, 0, 0, 0, 7, 7, 0, 8, 0, : 9, 7, 7, 8, 6, 8, 7, 7, 7, 7, 7, 6, 6, 7, 5, 7, 7, 7, 8, 9, 9, 7, 9, 8, 5, 5, 7, 6, 9, 7, 9, 8, 5, 5, 7, 8, 7, 6, 6, 7, 7, 8, 
628: 8, 0, 8, 0, 0, 9, 6, 0, 0, 0, 6, 8, 8, 0, 0, 0, 0, 0, 7, 0, 8, 11, 4, 6, 8, 7, 0, 8, 0, 0, 0, 0, 5, 0, 9, 7, 0, 0, 0, 7, 0, 0, 0, 6, 7, 0, 7, 6, 10, 0, 0, 9, 7, 8, 0, 7, 8, 7, 8, 0, 0, 0, 0, 0, 9, 6, 0, 6, 0, 7, 7, 0, 0, 7, 0, 0, 0, 0, 0, 8, : 8, 8, 9, 6, 6, 8, 8, 7, 8, 11, 4, 6, 8, 7, 8, 5, 9, 7, 7, 6, 7, 7, 6, 10, 9, 7, 8, 7, 8, 7, 8, 9, 6, 6, 7, 7, 7, 8, 
787: 8, 0, 9, 6, 6, 0, 0, 8, 0, 0, 0, 0, 8, 0, 0, 0, 8, 8, 7, 10, 5, 0, 0, 0, 0, 9, 6, 0, 7, 0, 0, 7, 7, 5, 0, 7, 10, 7, 0, 6, 0, 6, 8, 0, 0, 0, 0, 0, 0, 0, 0, 6, 0, 0, 0, 0, 7, 0, 0, 0, 0, 0, 0, 7, 0, 7, 0, 0, 7, 8, 0, 8, 0, 8, 0, 7, 0, 0, 8, 0, : 8, 9, 6, 6, 8, 8, 8, 8, 7, 10, 5, 9, 6, 7, 7, 7, 5, 7, 10, 7, 6, 6, 8, 6, 7, 7, 7, 7, 8, 8, 8, 7, 8, 
112: 0, 6, 6, 8, 0, 11, 8, 0, 6, 0, 0, 9, 0, 9, 0, 7, 10, 0, 6, 8, 6, 10, 0, 0, 0, 0, 0, 0, 0, 0, 0, 0, 8, 0, 0, 8, 5, 7, 6, 0, 0, 0, 7, 10, 7, 8, 8, 6, 0, 9, 7, 8, 8, 5, 0, 0, 7, 10, 0, 8, 6, 6, 0, 0, 8, 6, 0, 8, 9, 9, 0, 7, 0, 7, 6, 7, 0, 0, 7, 7, : 6, 6, 8, 11, 8, 6, 9, 9, 7, 10, 6, 8, 6, 10, 8, 8, 5, 7, 6, 7, 10, 7, 8, 8, 6, 9, 7, 8, 8, 5, 7, 10, 8, 6, 6, 8, 6, 8, 9, 9, 7, 7, 6, 7, 7, 7, 
151: 8, 0, 8, 8, 0, 6, 6, 6, 8, 0, 0, 0, 7, 0, 0, 7, 0, 0, 0, 4, 7, 0, 0, 6, 0, 0, 5, 0, 0, 6, 10, 0, 10, 0, 0, 0, 6, 8, 0, 7, 8, 9, 7, 0, 7, 7, 0, 8, 0, 0, 0, 0, 0, 9, 9, 5, 9, 9, 0, 8, 10, 0, 5, 0, 6, 6, 0, 6, 9, 0, 0, 0, 8, 0, 0, 0, 8, 0, 0, 0, : 8, 8, 8, 6, 6, 6, 8, 7, 7, 4, 7, 6, 5, 6, 10, 10, 6, 8, 7, 8, 9, 7, 7, 7, 8, 9, 9, 5, 9, 9, 8, 10, 5, 6, 6, 6, 9, 8, 8, 
719: 0, 0, 0, 0, 0, 0, 0, 5, 0, 8, 0, 6, 0, 8, 8, 7, 9, 0, 0, 5, 0, 7, 9, 8, 0, 0, 5, 0, 0, 7, 0, 7, 4, 9, 0, 8, 0, 0, 9, 9, 0, 0, 5, 0, 0, 8, 0, 0, 0, 0, 0, 8, 7, 9, 0, 0, 0, 0, 0, 7, 6, 0, 0, 0, 0, 0, 7, 7, 0, 7, 0, 0, 6, 0, 7, 0, 7, 8, 7, 6, : 5, 8, 6, 8, 8, 7, 9, 5, 7, 9, 8, 5, 7, 7, 4, 9, 8, 9, 9, 5, 8, 8, 7, 9, 7, 6, 7, 7, 7, 6, 7, 7, 8, 7, 6, 
546: 0, 7, 5, 10, 0, 0, 10, 0, 0, 0, 0, 0, 5, 0, 7, 0, 6, 0, 0, 0, 9, 0, 0, 10, 0, 0, 0, 0, 0, 6, 0, 0, 0, 8, 0, 6, 0, 0, 0, 0, 0, 0, 10, 0, 8, 0, 0, 0, 0, 6, 6, 8, 7, 0, 6, 7, 0, 0, 5, 0, 9, 0, 0, 6, 6, 0, 0, 7, 0, 8, 9, 0, 0, 7, 0, 6, 0, 0, 0, 7, : 7, 5, 10, 10, 5, 7, 6, 9, 10, 6, 8, 6, 10, 8, 6, 6, 8, 7, 6, 7, 5, 9, 6, 6, 7, 8, 9, 7, 6, 7, 
378: 9, 0, 0, 7, 0, 7, 0, 7, 0, 9, 0, 0, 0, 0, 8, 0, 0, 0, 0, 0, 11, 0, 0, 7, 0, 5, 0, 7, 6, 9, 4, 0, 0, 0, 10, 10, 5, 0, 0, 0, 0, 0, 0, 6, 0, 8, 9, 0, 10, 9, 9, 0, 9, 0, 0, 0, 0, 0, 0, 7, 0, 5, 10, 6, 10, 0, 0, 7, 7, 9, 7, 0, 0, 7, 8, 0, 7, 6, 0, 0, : 9, 7, 7, 7, 9, 8, 11, 7, 5, 7, 6, 9, 4, 10, 10, 5, 6, 8, 9, 10, 9, 9, 9, 7, 5, 10, 6, 10, 7, 7, 9, 7, 7, 8, 7, 6, 
194: 6, 0, 7, 0, 0, 0, 0, 9, 0, 0, 0, 0, 8, 6, 8, 8, 0, 0, 0, 8, 0, 0, 8, 0, 8, 8, 8, 0, 8, 0, 0, 6, 8, 10, 0, 0, 7, 8, 0, 9, 8, 5, 8, 0, 0, 0, 9, 10, 10, 8, 9, 9, 9, 9, 8, 8, 5, 5, 0, 7, 6, 6, 8, 9, 8, 0, 8, 0, 7, 0, 0, 0, 0, 0, 0, 9, 0, 7, 0, 8, : 6, 7, 9, 8, 6, 8, 8, 8, 8, 8, 8, 8, 8, 6, 8, 10, 7, 8, 9, 8, 5, 8, 9, 10, 10, 8, 9, 9, 9, 9, 8, 8, 5, 5, 7, 6, 6, 8, 9, 8, 8, 7, 9, 7, 8, 
287: 5, 0, 0, 5, 0, 0, 0, 8, 9, 6, 0, 6, 0, 7, 4, 9, 6, 0, 10, 0, 0, 7, 0, 9, 6, 7, 0, 0, 0, 10, 0, 0, 8, 9, 0, 0, 7, 0, 0, 0, 0, 7, 0, 9, 6, 0, 6, 0, 0, 0, 0, 6, 6, 0, 9, 0, 0, 0, 0, 7, 6, 0, 0, 10, 0, 0, 0, 9, 7, 8, 8, 0, 7, 0, 0, 7, 0, 0, 0, 0, : 5, 5, 8, 9, 6, 6, 7, 4, 9, 6, 10, 7, 9, 6, 7, 10, 8, 9, 7, 7, 9, 6, 6, 6, 6, 9, 7, 6, 10, 9, 7, 8, 8, 7, 7, 
514: 0, 0, 0, 0, 0, 10, 7, 6, 0, 6, 8, 0, 11, 0, 8, 9, 6, 7, 0, 7, 0, 7, 7, 7, 0, 0, 8, 8, 4, 8, 0, 5, 0, 5, 0, 7, 9, 0, 0, 8, 6, 0, 0, 0, 0, 8, 7, 0, 0, 0, 0, 0, 0, 7, 0, 9, 8, 0, 10, 0, 0, 10, 6, 10, 0, 7, 8, 0, 0, 0, 0, 7, 0, 0, 8, 9, 0, 0, 0, 0, : 10, 7, 6, 6, 8, 11, 8, 9, 6, 7, 7, 7, 7, 7, 8, 8, 4, 8, 5, 5, 7, 9, 8, 6, 8, 7, 7, 9, 8, 10, 10, 6, 10, 7, 8, 7, 8, 9, 
310: 7, 0, 0, 7, 9, 7, 8, 7, 0, 6, 6, 0, 0, 5, 8, 0, 10, 6, 7, 0, 0, 6, 8, 0, 6, 7, 0, 0, 0, 0, 6, 7, 0, 0, 7, 8, 10, 0, 6, 7, 0, 0, 8, 0, 0, 0, 9, 0, 7, 0, 0, 0, 8, 0, 5, 7, 7, 0, 9, 7, 8, 0, 0, 7, 6, 8, 7, 0, 0, 0, 7, 9, 8, 0, 0, 7, 8, 7, 8, 0, : 7, 7, 9, 7, 8, 7, 6, 6, 5, 8, 10, 6, 7, 6, 8, 6, 7, 6, 7, 7, 8, 10, 6, 7, 8, 9, 7, 8, 5, 7, 7, 9, 7, 8, 7, 6, 8, 7, 7, 9, 8, 7, 8, 7, 8, 
532: 0, 8, 8, 8, 0, 0, 0, 0, 0, 0, 0, 6, 0, 7, 0, 10, 0, 0, 0, 0, 8, 6, 0, 0, 0, 0, 6, 0, 8, 8, 8, 0, 0, 0, 8, 8, 0, 0, 9, 8, 0, 9, 8, 7, 0, 0, 8, 0, 0, 0, 0, 7, 7, 8, 7, 0, 8, 0, 0, 0, 11, 0, 10, 10, 0, 0, 8, 8, 7, 7, 7, 7, 7, 0, 0, 8, 7, 7, 0, 0, : 8, 8, 8, 6, 7, 10, 8, 6, 6, 8, 8, 8, 8, 8, 9, 8, 9, 8, 7, 8, 7, 7, 8, 7, 8, 11, 10, 10, 8, 8, 7, 7, 7, 7, 7, 8, 7, 7, 
187: 0, 9, 0, 0, 6, 0, 0, 0, 5, 0, 9, 0, 7, 0, 8, 9, 0, 0, 6, 11, 0, 0, 7, 7, 7, 7, 7, 0, 8, 0, 0, 0, 7, 0, 0, 6, 0, 0, 0, 0, 0, 6, 7, 0, 0, 0, 6, 8, 8, 0, 7, 7, 8, 7, 0, 7, 10, 4, 9, 0, 7, 6, 7, 0, 9, 6, 0, 0, 8, 0, 8, 7, 7, 9, 7, 8, 0, 7, 7, 0, : 9, 6, 5, 9, 7, 8, 9, 6, 11, 7, 7, 7, 7, 7, 8, 7, 6, 6, 7, 6, 8, 8, 7, 7, 8, 7, 7, 10, 4, 9, 7, 6, 7, 9, 6, 8, 8, 7, 7, 9, 7, 8, 7, 7, 
397: 0, 9, 0, 0, 6, 8, 0, 0, 0, 8, 7, 8, 7, 0, 9, 0, 0, 7, 0, 6, 9, 6, 10, 10, 0, 6, 0, 0, 0, 0, 0, 0, 9, 0, 0, 0, 0, 5, 7, 0, 10, 7, 0, 0, 8, 6, 10, 7, 0, 0, 7, 0, 8, 0, 0, 0, 0, 0, 4, 7, 0, 7, 7, 0, 6, 8, 0, 0, 0, 9, 7, 8, 0, 9, 0, 7, 0, 0, 0, 7, : 9, 6, 8, 8, 7, 8, 7, 9, 7, 6, 9, 6, 10, 10, 6, 9, 5, 7, 10, 7, 8, 6, 10, 7, 7, 8, 4, 7, 7, 7, 6, 8, 9, 7, 8, 9, 7, 7, 
293: 6, 9, 6, 7, 0, 6, 10, 8, 8, 6, 8, 6, 0, 7, 0, 0, 7, 0, 8, 6, 0, 7, 8, 0, 0, 9, 0, 10, 8, 8, 7, 0, 0, 0, 8, 0, 0, 0, 9, 7, 6, 0, 7, 8, 6, 9, 7, 0, 0, 0, 6, 0, 0, 8, 0, 0, 0, 0, 10, 6, 0, 7, 0, 4, 0, 0, 7, 7, 0, 0, 7, 0, 0, 7, 7, 7, 0, 7, 6, 7, : 6, 9, 6, 7, 6, 10, 8, 8, 6, 8, 6, 7, 7, 8, 6, 7, 8, 9, 10, 8, 8, 7, 8, 9, 7, 6, 7, 8, 6, 9, 7, 6, 8, 10, 6, 7, 4, 7, 7, 7, 7, 7, 7, 7, 6, 7, 
735: 7, 6, 0, 10, 9, 6, 0, 9, 7, 9, 0, 9, 7, 0, 0, 5, 0, 9, 7, 0, 0, 6, 6, 0, 8, 0, 0, 9, 8, 0, 9, 7, 10, 0, 0, 0, 8, 0, 9, 0, 8, 8, 0, 8, 0, 0, 6, 7, 8, 0, 0, 0, 5, 0, 9, 0, 0, 0, 6, 6, 0, 6, 11, 0, 0, 8, 9, 0, 9, 8, 7, 7, 9, 8, 0, 0, 7, 0, 7, 0, : 7, 6, 10, 9, 6, 9, 7, 9, 9, 7, 5, 9, 7, 6, 6, 8, 9, 8, 9, 7, 10, 8, 9, 8, 8, 8, 6, 7, 8, 5, 9, 6, 6, 6, 11, 8, 9, 9, 8, 7, 7, 9, 8, 7, 7, 


81: 7, 6, 9, 0, 0, 6, 8, 9, 0, 8, 0, 0, 7, 0, 6, 0, 0, 0, 5, 6, 8, 0, 8, 10, 0, 9, 0, 0, 0, 0, 7, 8, 7, 0, 0, 5, 0, 0, 0, 7, 10, 7, 9, 6, 0, 0, 9, 0, 8, 0, 5, 9, 8, 9, 10, 6, 0, 9, 7, 0, 0, 9, 0, 0, 8, 7, 8, 0, 0, 0, 0, 0, 0, 7, 7, 0, 0, 7, 9, 0, : 7, 6, 9, 6, 8, 9, 8, 7, 6, 5, 6, 8, 8, 10, 9, 7, 8, 7, 5, 7, 10, 7, 9, 6, 9, 8, 5, 9, 8, 9, 10, 6, 9, 7, 9, 8, 7, 8, 7, 7, 7, 9, 
307: 8, 10, 10, 5, 6, 0, 8, 7, 0, 0, 7, 7, 7, 9, 11, 0, 0, 0, 0, 6, 6, 0, 7, 4, 0, 9, 8, 8, 5, 0, 0, 7, 9, 9, 7, 8, 0, 0, 6, 0, 0, 0, 8, 10, 8, 7, 6, 0, 6, 9, 8, 0, 6, 0, 7, 0, 6, 10, 0, 0, 8, 0, 7, 0, 0, 10, 0, 0, 0, 7, 7, 0, 8, 8, 0, 0, 0, 0, 8, 7, : 8, 10, 10, 5, 6, 8, 7, 7, 7, 7, 9, 11, 6, 6, 7, 4, 9, 8, 8, 5, 7, 9, 9, 7, 8, 6, 8, 10, 8, 7, 6, 6, 9, 8, 6, 7, 6, 10, 8, 7, 10, 7, 7, 8, 8, 8, 7, 
242: 6, 0, 0, 0, 5, 9, 0, 0, 9, 6, 0, 0, 0, 7, 9, 0, 7, 7, 6, 0, 9, 0, 6, 0, 8, 0, 0, 0, 0, 0, 6, 9, 0, 0, 6, 9, 6, 7, 0, 0, 0, 0, 0, 0, 0, 0, 0, 0, 0, 0, 9, 8, 6, 10, 0, 7, 0, 5, 0, 0, 7, 6, 0, 0, 0, 0, 9, 0, 8, 0, 0, 7, 8, 8, 8, 0, 0, 7, 0, 7, : 6, 5, 9, 9, 6, 7, 9, 7, 7, 6, 9, 6, 8, 6, 9, 6, 9, 6, 7, 9, 8, 6, 10, 7, 5, 7, 6, 9, 8, 7, 8, 8, 8, 7, 7, 
278: 0, 9, 0, 7, 0, 0, 7, 0, 7, 0, 9, 9, 6, 6, 0, 6, 0, 0, 0, 8, 0, 0, 8, 0, 6, 8, 6, 7, 0, 8, 0, 0, 8, 0, 0, 0, 0, 0, 7, 0, 0, 0, 8, 9, 9, 10, 9, 9, 0, 7, 4, 0, 5, 0, 0, 0, 7, 0, 0, 0, 8, 0, 9, 7, 8, 0, 8, 0, 8, 9, 0, 0, 8, 8, 7, 0, 7, 0, 7, 7, : 9, 7, 7, 7, 9, 9, 6, 6, 6, 8, 8, 6, 8, 6, 7, 8, 8, 7, 8, 9, 9, 10, 9, 9, 7, 4, 5, 7, 8, 9, 7, 8, 8, 8, 9, 8, 8, 7, 7, 7, 7, 
724: 6, 0, 7, 0, 9, 9, 7, 6, 9, 7, 7, 6, 6, 0, 5, 10, 7, 0, 9, 0, 7, 0, 7, 8, 7, 0, 9, 9, 7, 9, 8, 0, 8, 0, 6, 7, 0, 9, 10, 11, 0, 0, 8, 5, 0, 8, 0, 0, 10, 7, 0, 0, 6, 0, 8, 0, 7, 5, 9, 6, 0, 0, 0, 0, 7, 7, 7, 0, 0, 7, 0, 0, 7, 0, 0, 7, 0, 0, 7, 0, : 6, 7, 9, 9, 7, 6, 9, 7, 7, 6, 6, 5, 10, 7, 9, 7, 7, 8, 7, 9, 9, 7, 9, 8, 8, 6, 7, 9, 10, 11, 8, 5, 8, 10, 7, 6, 8, 7, 5, 9, 6, 7, 7, 7, 7, 7, 7, 7, 
770: 0, 9, 0, 10, 10, 8, 7, 9, 7, 6, 0, 0, 9, 7, 6, 7, 6, 5, 0, 0, 0, 6, 9, 8, 0, 9, 0, 0, 0, 9, 8, 0, 0, 7, 9, 0, 0, 7, 6, 6, 7, 0, 9, 7, 0, 0, 0, 6, 9, 8, 0, 7, 7, 0, 8, 0, 0, 0, 11, 0, 9, 4, 9, 8, 0, 9, 0, 0, 0, 0, 9, 0, 0, 8, 7, 7, 0, 0, 0, 8, : 9, 10, 10, 8, 7, 9, 7, 6, 9, 7, 6, 7, 6, 5, 6, 9, 8, 9, 9, 8, 7, 9, 7, 6, 6, 7, 9, 7, 6, 9, 8, 7, 7, 8, 11, 9, 4, 9, 8, 9, 9, 8, 7, 7, 8, 
286: 0, 7, 6, 0, 0, 0, 9, 0, 6, 9, 0, 6, 7, 0, 0, 7, 8, 6, 8, 0, 0, 8, 0, 0, 0, 0, 0, 8, 10, 0, 0, 7, 0, 9, 0, 0, 9, 6, 0, 0, 8, 0, 8, 7, 0, 5, 6, 7, 7, 7, 0, 0, 0, 5, 6, 0, 9, 0, 6, 9, 0, 5, 0, 11, 7, 8, 9, 9, 0, 0, 9, 0, 8, 0, 7, 8, 7, 8, 8, 8, : 7, 6, 9, 6, 9, 6, 7, 7, 8, 6, 8, 8, 8, 10, 7, 9, 9, 6, 8, 8, 7, 5, 6, 7, 7, 7, 5, 6, 9, 6, 9, 5, 11, 7, 8, 9, 9, 9, 8, 7, 8, 7, 8, 8, 8, 
329: 0, 9, 0, 7, 7, 0, 0, 8, 0, 9, 8, 10, 6, 0, 0, 9, 0, 7, 0, 0, 8, 6, 7, 0, 8, 0, 9, 7, 0, 7, 0, 8, 0, 6, 0, 8, 8, 0, 5, 6, 0, 8, 7, 0, 0, 8, 7, 0, 7, 0, 0, 7, 0, 0, 8, 0, 8, 0, 5, 0, 5, 7, 0, 0, 4, 0, 7, 0, 0, 8, 0, 8, 8, 8, 9, 8, 0, 0, 7, 7, : 9, 7, 7, 8, 9, 8, 10, 6, 9, 7, 8, 6, 7, 8, 9, 7, 7, 8, 6, 8, 8, 5, 6, 8, 7, 8, 7, 7, 7, 8, 8, 5, 5, 7, 4, 7, 8, 8, 8, 8, 9, 8, 7, 7, 
490: 9, 0, 6, 10, 0, 6, 0, 9, 7, 0, 8, 0, 7, 0, 0, 9, 0, 0, 6, 0, 8, 0, 0, 8, 4, 8, 0, 7, 0, 6, 7, 7, 0, 7, 9, 0, 10, 10, 9, 7, 0, 6, 0, 0, 0, 5, 8, 0, 0, 9, 0, 4, 0, 7, 5, 5, 0, 0, 8, 8, 7, 0, 0, 0, 7, 0, 7, 5, 0, 0, 0, 0, 0, 7, 6, 7, 0, 7, 8, 8, : 9, 6, 10, 6, 9, 7, 8, 7, 9, 6, 8, 8, 4, 8, 7, 6, 7, 7, 7, 9, 10, 10, 9, 7, 6, 5, 8, 9, 4, 7, 5, 5, 8, 8, 7, 7, 7, 5, 7, 6, 7, 7, 8, 8, 
755: 10, 0, 5, 0, 0, 0, 0, 8, 0, 0, 5, 0, 0, 0, 9, 0, 0, 0, 8, 0, 0, 8, 8, 5, 5, 0, 4, 0, 8, 6, 7, 0, 0, 0, 0, 0, 8, 0, 0, 9, 7, 0, 0, 6, 0, 0, 0, 8, 7, 9, 7, 6, 7, 0, 8, 6, 10, 9, 0, 9, 0, 7, 7, 4, 0, 0, 0, 6, 8, 7, 0, 7, 0, 6, 7, 0, 0, 0, 8, 7, : 10, 5, 8, 5, 9, 8, 8, 8, 5, 5, 4, 8, 6, 7, 8, 9, 7, 6, 8, 7, 9, 7, 6, 7, 8, 6, 10, 9, 9, 7, 7, 4, 6, 8, 7, 7, 6, 7, 8, 7, 
346: 6, 8, 9, 0, 0, 0, 9, 7, 7, 9, 10, 0, 9, 9, 0, 0, 7, 9, 8, 10, 0, 0, 0, 0, 7, 0, 7, 0, 0, 0, 0, 0, 0, 5, 7, 0, 0, 7, 9, 0, 8, 0, 0, 8, 5, 6, 0, 6, 0, 0, 8, 9, 7, 7, 6, 0, 0, 0, 0, 11, 0, 0, 7, 0, 8, 8, 7, 9, 7, 0, 0, 7, 0, 0, 0, 6, 7, 7, 0, 0, : 6, 8, 9, 9, 7, 7, 9, 10, 9, 9, 7, 9, 8, 10, 7, 7, 5, 7, 7, 9, 8, 8, 5, 6, 6, 8, 9, 7, 7, 6, 11, 7, 8, 8, 7, 9, 7, 7, 6, 7, 7, 
209: 0, 0, 0, 0, 6, 7, 7, 8, 8, 7, 0, 7, 10, 0, 0, 6, 0, 9, 0, 9, 9, 0, 9, 0, 8, 0, 0, 6, 0, 0, 11, 0, 7, 0, 9, 0, 0, 0, 7, 0, 9, 0, 10, 0, 5, 0, 6, 5, 0, 4, 0, 0, 8, 7, 0, 0, 0, 7, 8, 0, 0, 7, 7, 0, 0, 5, 0, 0, 0, 9, 8, 0, 0, 7, 0, 7, 0, 0, 8, 0, : 6, 7, 7, 8, 8, 7, 7, 10, 6, 9, 9, 9, 9, 8, 6, 11, 7, 9, 7, 9, 10, 5, 6, 5, 4, 8, 7, 7, 8, 7, 7, 5, 9, 8, 7, 7, 8, 
250: 0, 8, 6, 0, 0, 6, 7, 0, 0, 7, 0, 7, 0, 7, 10, 0, 0, 6, 0, 0, 7, 0, 7, 8, 9, 4, 0, 0, 9, 11, 0, 0, 8, 0, 0, 6, 7, 0, 7, 0, 0, 0, 6, 9, 7, 0, 7, 10, 0, 9, 7, 8, 0, 9, 0, 7, 0, 10, 7, 11, 0, 0, 8, 0, 0, 0, 0, 7, 0, 0, 0, 7, 0, 0, 8, 7, 0, 8, 0, 0, : 8, 6, 6, 7, 7, 7, 7, 10, 6, 7, 7, 8, 9, 4, 9, 11, 8, 6, 7, 7, 6, 9, 7, 7, 10, 9, 7, 8, 9, 7, 10, 7, 11, 8, 7, 7, 8, 7, 8, 
786: 0, 5, 0, 0, 10, 5, 6, 0, 7, 0, 0, 0, 0, 0, 0, 0, 0, 0, 0, 0, 0, 0, 0, 0, 0, 0, 0, 0, 0, 0, 6, 0, 0, 9, 0, 9, 7, 6, 0, 0, 0, 5, 0, 0, 0, 0, 0, 6, 0, 0, 0, 6, 9, 8, 7, 6, 9, 8, 8, 5, 7, 0, 10, 0, 7, 7, 0, 7, 7, 8, 7, 9, 5, 0, 8, 0, 8, 0, 0, 7, : 5, 10, 5, 6, 7, 6, 9, 9, 7, 6, 5, 6, 6, 9, 8, 7, 6, 9, 8, 8, 5, 7, 10, 7, 7, 7, 7, 8, 7, 9, 5, 8, 8, 7, 
581: 8, 0, 9, 6, 7, 0, 8, 0, 0, 7, 0, 7, 6, 10, 0, 0, 0, 7, 7, 0, 0, 7, 5, 0, 0, 8, 8, 7, 6, 0, 8, 7, 6, 0, 10, 7, 0, 5, 0, 6, 0, 8, 0, 8, 0, 6, 4, 0, 0, 0, 0, 8, 7, 7, 0, 0, 9, 10, 7, 0, 8, 0, 11, 7, 0, 0, 0, 7, 7, 0, 0, 7, 0, 0, 0, 9, 8, 0, 7, 0, : 8, 9, 6, 7, 8, 7, 7, 6, 10, 7, 7, 7, 5, 8, 8, 7, 6, 8, 7, 6, 10, 7, 5, 6, 8, 8, 6, 4, 8, 7, 7, 9, 10, 7, 8, 11, 7, 7, 7, 7, 9, 8, 7, 
494: 0, 0, 0, 0, 9, 8, 0, 0, 9, 8, 7, 0, 0, 0, 8, 7, 11, 0, 0, 8, 0, 9, 0, 0, 0, 0, 4, 0, 0, 0, 0, 6, 6, 9, 0, 0, 0, 8, 0, 9, 7, 7, 8, 0, 6, 0, 7, 0, 0, 0, 6, 6, 0, 0, 9, 9, 0, 6, 9, 8, 8, 10, 0, 0, 0, 7, 0, 9, 9, 0, 0, 7, 0, 7, 0, 7, 8, 0, 0, 0, : 9, 8, 9, 8, 7, 8, 7, 11, 8, 9, 4, 6, 6, 9, 8, 9, 7, 7, 8, 6, 7, 6, 6, 9, 9, 6, 9, 8, 8, 10, 7, 9, 9, 7, 7, 7, 8, 
517: 0, 7, 9, 0, 9, 6, 8, 0, 6, 0, 0, 0, 0, 0, 7, 11, 8, 8, 0, 10, 10, 0, 0, 8, 0, 0, 5, 0, 8, 6, 0, 0, 8, 0, 0, 0, 7, 8, 0, 0, 0, 8, 8, 5, 7, 0, 0, 4, 8, 0, 0, 0, 0, 8, 0, 10, 5, 0, 5, 0, 8, 0, 0, 7, 0, 9, 7, 8, 0, 9, 8, 0, 7, 0, 8, 8, 0, 0, 8, 8, : 7, 9, 9, 6, 8, 6, 7, 11, 8, 8, 10, 10, 8, 5, 8, 6, 8, 7, 8, 8, 8, 5, 7, 4, 8, 8, 10, 5, 5, 8, 7, 9, 7, 8, 9, 8, 7, 8, 8, 8, 8, 
495: 8, 0, 0, 0, 0, 6, 0, 0, 0, 8, 0, 7, 6, 6, 8, 6, 7, 0, 0, 0, 0, 0, 0, 0, 0, 0, 8, 0, 6, 0, 8, 7, 6, 8, 9, 0, 0, 9, 7, 7, 7, 0, 7, 5, 5, 10, 8, 9, 8, 8, 0, 0, 7, 0, 0, 9, 7, 10, 0, 9, 0, 8, 0, 10, 9, 0, 6, 0, 9, 8, 0, 8, 0, 0, 0, 8, 8, 7, 6, 0, : 8, 6, 8, 7, 6, 6, 8, 6, 7, 8, 6, 8, 7, 6, 8, 9, 9, 7, 7, 7, 7, 5, 5, 10, 8, 9, 8, 8, 7, 9, 7, 10, 9, 8, 10, 9, 6, 9, 8, 8, 8, 8, 7, 6, 
445: 9, 0, 0, 0, 0, 9, 0, 6, 7, 0, 0, 0, 7, 0, 8, 0, 9, 11, 10, 7, 5, 0, 8, 7, 0, 0, 0, 8, 6, 6, 9, 8, 9, 7, 8, 0, 9, 6, 0, 5, 0, 0, 0, 9, 0, 0, 7, 0, 9, 0, 9, 0, 0, 7, 9, 6, 6, 0, 0, 5, 8, 0, 0, 0, 10, 0, 0, 0, 7, 8, 8, 9, 9, 0, 0, 8, 8, 9, 0, 7, : 9, 9, 6, 7, 7, 8, 9, 11, 10, 7, 5, 8, 7, 8, 6, 6, 9, 8, 9, 7, 8, 9, 6, 5, 9, 7, 9, 9, 7, 9, 6, 6, 5, 8, 10, 7, 8, 8, 9, 9, 8, 8, 9, 7, 
731: 0, 6, 7, 0, 8, 7, 8, 0, 0, 10, 0, 0, 11, 0, 0, 0, 7, 0, 0, 8, 9, 10, 0, 6, 0, 8, 8, 6, 8, 0, 8, 0, 6, 6, 0, 9, 0, 5, 0, 7, 5, 0, 0, 0, 6, 5, 5, 9, 0, 0, 9, 6, 9, 8, 0, 6, 0, 9, 0, 6, 5, 0, 6, 9, 5, 7, 9, 0, 0, 9, 7, 9, 0, 0, 8, 8, 7, 8, 0, 0, : 6, 7, 8, 7, 8, 10, 11, 7, 8, 9, 10, 6, 8, 8, 6, 8, 8, 6, 6, 9, 5, 7, 5, 6, 5, 5, 9, 9, 6, 9, 8, 6, 9, 6, 5, 6, 9, 5, 7, 9, 9, 7, 9, 8, 8, 7, 8, 
318: 7, 9, 5, 9, 9, 8, 0, 0, 0, 0, 9, 0, 0, 0, 7, 6, 0, 0, 7, 7, 0, 8, 0, 7, 6, 0, 0, 0, 0, 6, 0, 0, 9, 8, 8, 6, 0, 0, 7, 6, 11, 9, 0, 0, 0, 6, 0, 0, 0, 6, 0, 0, 0, 7, 9, 0, 10, 0, 0, 0, 0, 0, 0, 0, 0, 0, 7, 7, 0, 0, 8, 8, 7, 8, 0, 0, 0, 0, 0, 0, : 7, 9, 5, 9, 9, 8, 9, 7, 6, 7, 7, 8, 7, 6, 6, 9, 8, 8, 6, 7, 6, 11, 9, 6, 6, 7, 9, 10, 7, 7, 8, 8, 7, 8, 
444: 0, 6, 0, 0, 0, 0, 7, 7, 8, 0, 0, 6, 10, 0, 7, 8, 0, 10, 0, 7, 8, 5, 9, 9, 0, 5, 9, 6, 7, 0, 0, 0, 9, 0, 7, 7, 0, 0, 0, 0, 0, 5, 5, 9, 7, 0, 6, 0, 9, 0, 0, 0, 0, 8, 0, 0, 6, 5, 0, 0, 0, 6, 9, 7, 0, 6, 7, 0, 6, 0, 8, 5, 7, 0, 0, 8, 7, 0, 0, 0, : 6, 7, 7, 8, 6, 10, 7, 8, 10, 7, 8, 5, 9, 9, 5, 9, 6, 7, 9, 7, 7, 5, 5, 9, 7, 6, 9, 8, 6, 5, 6, 9, 7, 6, 7, 6, 8, 5, 7, 8, 7, 
57: 6, 0, 5, 7, 7, 8, 0, 7, 0, 7, 6, 9, 0, 7, 0, 8, 0, 0, 0, 0, 0, 6, 0, 10, 7, 9, 6, 0, 0, 0, 0, 7, 0, 0, 7, 7, 8, 10, 7, 8, 0, 8, 0, 0, 9, 0, 10, 0, 8, 0, 0, 0, 0, 0, 0, 0, 0, 0, 6, 0, 6, 7, 0, 7, 7, 0, 5, 0, 9, 7, 7, 0, 0, 9, 0, 0, 7, 7, 8, 8, : 6, 5, 7, 7, 8, 7, 7, 6, 9, 7, 8, 6, 10, 7, 9, 6, 7, 7, 7, 8, 10, 7, 8, 8, 9, 10, 8, 6, 6, 7, 7, 7, 5, 9, 7, 7, 9, 7, 7, 8, 8, 
712: 0, 6, 8, 0, 5, 0, 0, 0, 0, 0, 10, 0, 0, 7, 7, 0, 0, 0, 0, 9, 0, 9, 0, 8, 0, 7, 0, 4, 0, 7, 6, 6, 0, 6, 0, 10, 0, 7, 0, 0, 9, 9, 7, 0, 10, 0, 0, 0, 5, 6, 7, 0, 8, 0, 6, 0, 0, 7, 7, 8, 0, 0, 0, 7, 0, 0, 8, 0, 0, 7, 8, 0, 0, 7, 0, 0, 0, 0, 0, 6, : 6, 8, 5, 10, 7, 7, 9, 9, 8, 7, 4, 7, 6, 6, 6, 10, 7, 9, 9, 7, 10, 5, 6, 7, 8, 6, 7, 7, 8, 7, 8, 7, 8, 7, 6, 
610: 0, 0, 8, 8, 5, 8, 0, 0, 0, 9, 7, 11, 9, 0, 0, 0, 0, 6, 0, 8, 6, 0, 0, 7, 9, 5, 0, 6, 6, 0, 0, 0, 0, 0, 0, 0, 0, 0, 5, 0, 0, 0, 5, 0, 0, 8, 0, 8, 0, 7, 0, 0, 0, 0, 0, 0, 0, 0, 5, 0, 0, 0, 7, 0, 7, 7, 7, 0, 0, 7, 7, 0, 8, 0, 7, 0, 8, 8, 8, 0, : 8, 8, 5, 8, 9, 7, 11, 9, 6, 8, 6, 7, 9, 5, 6, 6, 5, 5, 8, 8, 7, 5, 7, 7, 7, 7, 7, 7, 8, 7, 8, 8, 8, 
156: 8, 0, 8, 6, 0, 0, 0, 0, 0, 0, 0, 0, 0, 7, 0, 0, 0, 8, 10, 0, 0, 8, 0, 0, 0, 7, 0, 0, 11, 0, 0, 0, 6, 9, 0, 8, 8, 0, 0, 0, 6, 10, 0, 0, 0, 10, 10, 0, 7, 10, 0, 0, 0, 7, 8, 10, 7, 0, 0, 0, 7, 9, 6, 7, 8, 7, 0, 8, 0, 7, 6, 7, 6, 8, 0, 0, 9, 0, 0, 9, : 8, 8, 6, 7, 8, 10, 8, 7, 11, 6, 9, 8, 8, 6, 10, 10, 10, 7, 10, 7, 8, 10, 7, 7, 9, 6, 7, 8, 7, 8, 7, 6, 7, 6, 8, 9, 9, 
325: 9, 0, 9, 8, 0, 0, 0, 0, 8, 0, 0, 7, 0, 0, 0, 0, 6, 8, 0, 0, 9, 5, 0, 8, 0, 6, 8, 0, 8, 5, 0, 0, 0, 8, 0, 6, 0, 0, 7, 5, 0, 6, 0, 0, 0, 0, 8, 0, 0, 0, 11, 0, 9, 0, 7, 0, 8, 6, 0, 5, 0, 0, 5, 0, 7, 0, 0, 0, 0, 0, 0, 0, 8, 7, 7, 8, 6, 7, 7, 0, : 9, 9, 8, 8, 7, 6, 8, 9, 5, 8, 6, 8, 8, 5, 8, 6, 7, 5, 6, 8, 11, 9, 7, 8, 6, 5, 5, 7, 8, 7, 7, 8, 6, 7, 7, 
496: 8, 0, 0, 9, 0, 0, 0, 0, 0, 7, 7, 7, 7, 0, 8, 0, 6, 8, 6, 0, 5, 9, 9, 0, 7, 6, 0, 8, 5, 8, 7, 0, 0, 6, 7, 0, 7, 8, 0, 0, 0, 9, 0, 7, 8, 9, 8, 0, 4, 5, 8, 0, 0, 0, 5, 8, 10, 0, 0, 0, 0, 7, 7, 6, 0, 7, 9, 7, 7, 0, 0, 8, 7, 0, 0, 0, 0, 8, 7, 0, : 8, 9, 7, 7, 7, 7, 8, 6, 8, 6, 5, 9, 9, 7, 6, 8, 5, 8, 7, 6, 7, 7, 8, 9, 7, 8, 9, 8, 4, 5, 8, 5, 8, 10, 7, 7, 6, 7, 9, 7, 7, 8, 7, 8, 7, 
305: 6, 8, 0, 7, 8, 0, 9, 8, 0, 0, 6, 9, 6, 11, 0, 7, 8, 0, 8, 7, 0, 0, 8, 0, 0, 0, 0, 0, 0, 10, 6, 8, 0, 0, 0, 0, 0, 0, 0, 0, 10, 9, 0, 0, 0, 0, 0, 0, 7, 0, 0, 0, 0, 0, 0, 0, 0, 7, 7, 8, 0, 9, 6, 0, 0, 7, 0, 7, 8, 0, 5, 0, 9, 7, 8, 8, 7, 7, 0, 8, : 6, 8, 7, 8, 9, 8, 6, 9, 6, 11, 7, 8, 8, 7, 8, 10, 6, 8, 10, 9, 7, 7, 7, 8, 9, 6, 7, 7, 8, 5, 9, 7, 8, 8, 7, 7, 8, 
646: 0, 0, 0, 0, 0, 0, 0, 8, 0, 7, 0, 6, 0, 7, 0, 8, 7, 8, 0, 0, 7, 0, 8, 0, 0, 0, 0, 10, 6, 0, 0, 6, 0, 9, 0, 7, 5, 7, 0, 0, 0, 5, 0, 0, 0, 0, 0, 8, 0, 0, 7, 9, 0, 0, 7, 8, 0, 0, 11, 7, 5, 0, 4, 5, 0, 11, 0, 6, 0, 0, 9, 6, 0, 0, 8, 7, 8, 8, 0, 8, : 8, 7, 6, 7, 8, 7, 8, 7, 8, 10, 6, 6, 9, 7, 5, 7, 5, 8, 7, 9, 7, 8, 11, 7, 5, 4, 5, 11, 6, 9, 6, 8, 7, 8, 8, 8, 
521: 0, 6, 0, 8, 0, 0, 5, 0, 8, 0, 6, 6, 0, 0, 7, 6, 0, 7, 9, 5, 0, 8, 6, 0, 0, 9, 10, 0, 10, 7, 9, 0, 0, 0, 6, 0, 8, 9, 10, 10, 6, 0, 0, 7, 10, 0, 0, 7, 9, 8, 6, 11, 10, 5, 0, 8, 0, 8, 8, 7, 11, 9, 0, 9, 11, 4, 0, 0, 0, 0, 0, 8, 7, 8, 7, 0, 0, 8, 0, 8, : 6, 8, 5, 8, 6, 6, 7, 6, 7, 9, 5, 8, 6, 9, 10, 10, 7, 9, 6, 8, 9, 10, 10, 6, 7, 10, 7, 9, 8, 6, 11, 10, 5, 8, 8, 8, 7, 11, 9, 9, 11, 4, 8, 7, 8, 7, 8, 8, 
394: 0, 8, 10, 9, 8, 9, 8, 0, 0, 7, 8, 0, 0, 11, 7, 0, 8, 6, 0, 0, 0, 0, 0, 0, 7, 0, 0, 0, 7, 8, 7, 9, 0, 0, 0, 0, 7, 0, 10, 0, 0, 7, 10, 0, 0, 7, 0, 9, 0, 9, 0, 7, 0, 6, 0, 7, 0, 0, 0, 8, 0, 0, 9, 9, 0, 0, 9, 8, 5, 0, 0, 8, 7, 0, 0, 0, 0, 0, 7, 0, : 8, 10, 9, 8, 9, 8, 7, 8, 11, 7, 8, 6, 7, 7, 8, 7, 9, 7, 10, 7, 10, 7, 9, 9, 7, 6, 7, 8, 9, 9, 9, 8, 5, 8, 7, 7, 
680: 0, 8, 0, 0, 7, 0, 6, 7, 8, 0, 0, 0, 0, 6, 7, 7, 7, 0, 0, 7, 0, 6, 0, 0, 10, 9, 6, 0, 0, 0, 0, 9, 0, 7, 0, 10, 9, 9, 8, 0, 5, 0, 0, 11, 8, 10, 10, 7, 0, 7, 8, 0, 0, 0, 0, 6, 0, 7, 0, 8, 0, 7, 8, 8, 0, 0, 0, 8, 8, 6, 7, 0, 0, 0, 8, 0, 8, 0, 0, 7, : 8, 7, 6, 7, 8, 6, 7, 7, 7, 7, 6, 10, 9, 6, 9, 7, 10, 9, 9, 8, 5, 11, 8, 10, 10, 7, 7, 8, 6, 7, 8, 7, 8, 8, 8, 8, 6, 7, 8, 8, 7, 
321: 0, 0, 0, 9, 0, 0, 0, 0, 9, 0, 0, 0, 0, 6, 0, 0, 8, 0, 8, 0, 0, 0, 7, 7, 6, 9, 7, 9, 0, 8, 7, 7, 9, 6, 5, 0, 0, 0, 0, 0, 9, 0, 7, 0, 0, 7, 0, 0, 8, 0, 9, 7, 10, 6, 0, 8, 5, 5, 0, 6, 0, 0, 0, 0, 7, 8, 0, 0, 7, 0, 0, 0, 9, 7, 0, 0, 7, 7, 7, 7, : 9, 9, 6, 8, 8, 7, 7, 6, 9, 7, 9, 8, 7, 7, 9, 6, 5, 9, 7, 7, 8, 9, 7, 10, 6, 8, 5, 5, 6, 7, 8, 7, 9, 7, 7, 7, 7, 7, 
119: 5, 9, 0, 5, 0, 9, 0, 6, 0, 0, 7, 0, 7, 5, 0, 7, 0, 7, 7, 0, 10, 9, 0, 9, 9, 0, 8, 6, 8, 0, 6, 10, 8, 0, 7, 0, 0, 7, 0, 8, 7, 7, 0, 0, 7, 10, 0, 10, 0, 0, 8, 0, 5, 0, 0, 0, 0, 0, 0, 0, 6, 6, 0, 0, 0, 0, 0, 7, 7, 8, 7, 0, 7, 0, 0, 7, 0, 8, 0, 0, : 5, 9, 5, 9, 6, 7, 7, 5, 7, 7, 7, 10, 9, 9, 9, 8, 6, 8, 6, 10, 8, 7, 7, 8, 7, 7, 7, 10, 10, 8, 5, 6, 6, 7, 7, 8, 7, 7, 7, 8, 
377: 8, 0, 0, 8, 0, 7, 9, 8, 6, 5, 7, 9, 0, 8, 0, 8, 0, 0, 7, 5, 6, 7, 9, 7, 0, 0, 10, 8, 9, 0, 0, 0, 7, 0, 8, 8, 0, 0, 7, 9, 0, 0, 5, 0, 6, 0, 0, 7, 0, 8, 8, 7, 0, 9, 0, 8, 10, 0, 10, 0, 8, 8, 0, 8, 0, 0, 8, 0, 0, 6, 0, 0, 0, 0, 0, 0, 7, 0, 7, 0, : 8, 8, 7, 9, 8, 6, 5, 7, 9, 8, 8, 7, 5, 6, 7, 9, 7, 10, 8, 9, 7, 8, 8, 7, 9, 5, 6, 7, 8, 8, 7, 9, 8, 10, 10, 8, 8, 8, 8, 6, 7, 7, 
68: 0, 0, 0, 5, 7, 9, 0, 6, 0, 7, 9, 7, 0, 6, 7, 7, 7, 7, 7, 7, 0, 10, 0, 0, 9, 8, 0, 0, 0, 0, 9, 7, 0, 9, 0, 8, 5, 0, 9, 10, 7, 10, 9, 0, 0, 0, 0, 0, 0, 0, 0, 8, 9, 0, 0, 0, 0, 0, 0, 6, 0, 11, 0, 7, 9, 0, 0, 9, 6, 8, 0, 0, 0, 0, 0, 0, 8, 8, 0, 0, : 5, 7, 9, 6, 7, 9, 7, 6, 7, 7, 7, 7, 7, 7, 10, 9, 8, 9, 7, 9, 8, 5, 9, 10, 7, 10, 9, 8, 9, 6, 11, 7, 9, 9, 6, 8, 8, 8, 
557: 7, 0, 0, 7, 0, 0, 0, 8, 6, 0, 0, 0, 0, 8, 0, 0, 9, 0, 7, 6, 0, 6, 0, 0, 9, 0, 10, 0, 0, 7, 0, 0, 7, 0, 0, 0, 7, 0, 7, 0, 6, 0, 6, 8, 7, 6, 0, 7, 0, 7, 6, 10, 0, 0, 0, 0, 5, 0, 0, 0, 0, 0, 8, 7, 7, 0, 0, 7, 0, 0, 8, 0, 0, 7, 7, 0, 0, 0, 8, 8, : 7, 7, 8, 6, 8, 9, 7, 6, 6, 9, 10, 7, 7, 7, 7, 6, 6, 8, 7, 6, 7, 7, 6, 10, 5, 8, 7, 7, 7, 8, 7, 7, 8, 8, 
793: 0, 6, 7, 0, 0, 0, 7, 0, 8, 0, 7, 7, 7, 0, 0, 0, 0, 0, 0, 10, 6, 0, 5, 0, 9, 7, 0, 10, 0, 8, 0, 0, 0, 0, 9, 0, 9, 0, 0, 7, 6, 7, 0, 6, 10, 0, 9, 8, 8, 0, 0, 7, 7, 0, 10, 10, 0, 7, 0, 0, 10, 8, 0, 0, 0, 9, 0, 9, 8, 0, 7, 7, 0, 8, 0, 7, 0, 6, 0, 0, : 6, 7, 7, 8, 7, 7, 7, 10, 6, 5, 9, 7, 10, 8, 9, 9, 7, 6, 7, 6, 10, 9, 8, 8, 7, 7, 10, 10, 7, 10, 8, 9, 9, 8, 7, 7, 8, 7, 6, 
405: 9, 0, 7, 0, 8, 0, 0, 8, 0, 0, 0, 0, 0, 0, 6, 0, 7, 0, 7, 0, 7, 0, 0, 6, 0, 0, 0, 10, 0, 8, 0, 7, 7, 0, 6, 5, 6, 0, 0, 7, 0, 0, 0, 8, 10, 7, 0, 0, 6, 0, 0, 0, 0, 10, 7, 0, 6, 0, 6, 0, 9, 0, 0, 0, 7, 0, 6, 0, 9, 5, 0, 8, 0, 0, 8, 0, 0, 0, 0, 0, : 9, 7, 8, 8, 6, 7, 7, 7, 6, 10, 8, 7, 7, 6, 5, 6, 7, 8, 10, 7, 6, 10, 7, 6, 6, 9, 7, 6, 9, 5, 8, 8, 


643: 0, 0, 8, 0, 0, 8, 0, 6, 0, 5, 8, 0, 0, 0, 11, 0, 7, 9, 9, 9, 9, 0, 7, 0, 0, 0, 9, 0, 0, 8, 0, 9, 8, 0, 9, 9, 7, 7, 11, 9, 0, 0, 0, 0, 8, 9, 0, 0, 8, 0, 10, 0, 8, 0, 0, 0, 0, 7, 6, 0, 7, 0, 0, 0, 7, 0, 0, 0, 6, 0, 0, 7, 7, 0, 0, 7, 7, 0, 8, 8, : 8, 8, 6, 5, 8, 11, 7, 9, 9, 9, 9, 7, 9, 8, 9, 8, 9, 9, 7, 7, 11, 9, 8, 9, 8, 10, 8, 7, 6, 7, 7, 6, 7, 7, 7, 7, 8, 8, 
78: 8, 7, 0, 0, 8, 8, 0, 9, 7, 0, 0, 8, 0, 6, 0, 8, 0, 0, 5, 9, 0, 7, 7, 4, 8, 9, 0, 6, 0, 0, 7, 6, 8, 0, 0, 8, 9, 9, 0, 7, 6, 8, 7, 0, 0, 0, 0, 0, 0, 7, 8, 8, 7, 11, 0, 0, 7, 7, 10, 0, 0, 7, 0, 0, 9, 9, 8, 0, 0, 8, 7, 0, 8, 0, 9, 7, 9, 6, 0, 7, : 8, 7, 8, 8, 9, 7, 8, 6, 8, 5, 9, 7, 7, 4, 8, 9, 6, 7, 6, 8, 8, 9, 9, 7, 6, 8, 7, 7, 8, 8, 7, 11, 7, 7, 10, 7, 9, 9, 8, 8, 7, 8, 9, 7, 9, 6, 7, 
682: 7, 0, 6, 8, 0, 0, 7, 0, 8, 10, 0, 10, 0, 0, 0, 6, 6, 7, 7, 0, 5, 7, 0, 0, 0, 7, 7, 0, 7, 8, 0, 0, 0, 0, 8, 0, 0, 0, 9, 0, 6, 6, 0, 0, 0, 11, 10, 0, 4, 10, 0, 8, 0, 0, 10, 8, 0, 10, 0, 10, 5, 7, 7, 0, 8, 0, 0, 8, 7, 0, 0, 7, 7, 8, 0, 0, 8, 7, 7, 7, : 7, 6, 8, 7, 8, 10, 10, 6, 6, 7, 7, 5, 7, 7, 7, 7, 8, 8, 9, 6, 6, 11, 10, 4, 10, 8, 10, 8, 10, 10, 5, 7, 7, 8, 8, 7, 7, 7, 8, 8, 7, 7, 7, 
725: 9, 8, 7, 8, 0, 6, 0, 7, 9, 10, 0, 0, 5, 0, 0, 6, 9, 0, 0, 0, 0, 0, 0, 7, 8, 5, 7, 7, 5, 0, 0, 8, 0, 0, 0, 6, 0, 0, 9, 0, 6, 0, 0, 11, 0, 6, 8, 6, 6, 6, 0, 0, 6, 6, 6, 4, 6, 0, 7, 8, 8, 0, 7, 8, 0, 0, 6, 9, 7, 7, 8, 7, 0, 0, 8, 0, 8, 7, 7, 0, : 9, 8, 7, 8, 6, 7, 9, 10, 5, 6, 9, 7, 8, 5, 7, 7, 5, 8, 6, 9, 6, 11, 6, 8, 6, 6, 6, 6, 6, 6, 4, 6, 7, 8, 8, 7, 8, 6, 9, 7, 7, 8, 7, 8, 8, 7, 7, 
452: 0, 7, 0, 0, 7, 9, 8, 6, 0, 0, 5, 9, 9, 8, 0, 5, 10, 8, 6, 0, 8, 9, 9, 0, 10, 7, 0, 0, 9, 9, 0, 0, 10, 6, 0, 11, 0, 7, 0, 8, 7, 0, 0, 6, 9, 0, 0, 4, 0, 7, 0, 0, 7, 0, 0, 10, 8, 6, 0, 0, 0, 0, 7, 5, 8, 0, 8, 9, 7, 0, 7, 0, 8, 0, 0, 6, 0, 0, 8, 0, : 7, 7, 9, 8, 6, 5, 9, 9, 8, 5, 10, 8, 6, 8, 9, 9, 10, 7, 9, 9, 10, 6, 11, 7, 8, 7, 6, 9, 4, 7, 7, 10, 8, 6, 7, 5, 8, 8, 9, 7, 7, 8, 6, 8, 
195: 0, 7, 0, 8, 0, 0, 9, 0, 10, 0, 6, 9, 10, 0, 0, 0, 0, 0, 0, 0, 0, 8, 0, 6, 8, 0, 7, 7, 6, 5, 8, 11, 0, 8, 6, 0, 0, 0, 0, 7, 10, 8, 0, 8, 0, 8, 0, 0, 0, 0, 7, 9, 0, 0, 8, 6, 0, 0, 0, 0, 0, 8, 0, 8, 0, 7, 7, 6, 0, 8, 0, 7, 6, 0, 0, 0, 0, 0, 0, 0, : 7, 8, 9, 10, 6, 9, 10, 8, 6, 8, 7, 7, 6, 5, 8, 11, 8, 6, 7, 10, 8, 8, 8, 7, 9, 8, 6, 8, 8, 7, 7, 6, 8, 7, 6, 
188: 0, 8, 0, 8, 8, 8, 8, 9, 0, 0, 0, 0, 0, 9, 8, 7, 0, 8, 8, 6, 6, 0, 6, 5, 10, 10, 0, 0, 6, 0, 0, 0, 7, 0, 0, 0, 6, 0, 6, 0, 7, 0, 8, 0, 0, 0, 7, 8, 0, 0, 7, 8, 8, 0, 0, 6, 8, 0, 8, 6, 6, 8, 0, 7, 6, 0, 5, 0, 7, 0, 0, 9, 8, 7, 0, 0, 8, 0, 8, 0, : 8, 8, 8, 8, 8, 9, 9, 8, 7, 8, 8, 6, 6, 6, 5, 10, 10, 6, 7, 6, 6, 7, 8, 7, 8, 7, 8, 8, 6, 8, 8, 6, 6, 8, 7, 6, 5, 7, 9, 8, 7, 8, 8, 
272: 9, 0, 8, 8, 0, 0, 0, 0, 0, 0, 10, 0, 0, 4, 9, 0, 0, 8, 10, 8, 0, 0, 6, 0, 10, 0, 5, 8, 8, 0, 0, 5, 0, 8, 0, 0, 0, 6, 0, 0, 0, 0, 0, 0, 0, 0, 5, 9, 0, 7, 6, 8, 0, 0, 0, 8, 7, 0, 7, 6, 10, 0, 0, 0, 7, 7, 8, 0, 8, 8, 8, 0, 5, 7, 0, 0, 9, 7, 0, 0, : 9, 8, 8, 10, 4, 9, 8, 10, 8, 6, 10, 5, 8, 8, 5, 8, 6, 5, 9, 7, 6, 8, 8, 7, 7, 6, 10, 7, 7, 8, 8, 8, 8, 5, 7, 9, 7, 
128: 7, 0, 7, 8, 7, 10, 0, 0, 0, 9, 10, 0, 9, 6, 0, 0, 0, 0, 7, 10, 0, 9, 10, 8, 0, 0, 0, 0, 0, 7, 0, 9, 0, 0, 7, 7, 6, 0, 8, 6, 8, 7, 6, 0, 10, 0, 0, 0, 0, 6, 6, 0, 10, 11, 4, 4, 0, 4, 10, 0, 8, 9, 0, 8, 8, 8, 0, 0, 0, 8, 0, 0, 0, 0, 0, 0, 0, 7, 9, 5, : 7, 7, 8, 7, 10, 9, 10, 9, 6, 7, 10, 9, 10, 8, 7, 9, 7, 7, 6, 8, 6, 8, 7, 6, 10, 6, 6, 10, 11, 4, 4, 4, 10, 8, 9, 8, 8, 8, 8, 7, 9, 5, 
333: 0, 0, 0, 0, 0, 0, 0, 10, 10, 0, 0, 6, 6, 7, 7, 0, 0, 6, 7, 5, 7, 7, 7, 7, 0, 0, 0, 8, 0, 9, 0, 0, 0, 7, 0, 0, 9, 0, 0, 0, 7, 5, 8, 8, 0, 0, 0, 0, 11, 7, 0, 0, 8, 7, 6, 0, 0, 0, 0, 0, 7, 0, 0, 0, 5, 0, 8, 8, 0, 0, 8, 9, 9, 0, 0, 5, 0, 0, 0, 0, : 10, 10, 6, 6, 7, 7, 6, 7, 5, 7, 7, 7, 7, 8, 9, 7, 9, 7, 5, 8, 8, 11, 7, 8, 7, 6, 7, 5, 8, 8, 8, 9, 9, 5, 
5: 0, 7, 7, 10, 9, 5, 6, 0, 5, 8, 9, 5, 0, 6, 8, 8, 8, 5, 0, 0, 0, 0, 6, 0, 7, 7, 0, 8, 7, 11, 6, 0, 9, 0, 0, 0, 0, 8, 0, 0, 0, 10, 0, 7, 0, 5, 4, 11, 7, 6, 7, 6, 0, 5, 6, 0, 10, 7, 0, 7, 0, 0, 0, 0, 0, 7, 0, 0, 0, 5, 8, 6, 0, 0, 7, 0, 0, 8, 0, 6, : 7, 7, 10, 9, 5, 6, 5, 8, 9, 5, 6, 8, 8, 8, 5, 6, 7, 7, 8, 7, 11, 6, 9, 8, 10, 7, 5, 4, 11, 7, 6, 7, 6, 5, 6, 10, 7, 7, 7, 5, 8, 6, 7, 8, 6, 
518: 8, 8, 7, 7, 8, 9, 7, 7, 0, 0, 9, 5, 6, 0, 0, 0, 0, 7, 0, 8, 0, 8, 0, 7, 6, 0, 7, 0, 0, 8, 8, 0, 0, 7, 0, 8, 9, 0, 0, 6, 0, 11, 7, 0, 0, 8, 11, 8, 7, 0, 9, 6, 0, 5, 0, 0, 6, 6, 0, 8, 7, 7, 9, 0, 0, 9, 7, 0, 9, 8, 0, 0, 0, 8, 7, 7, 7, 0, 0, 0, : 8, 8, 7, 7, 8, 9, 7, 7, 9, 5, 6, 7, 8, 8, 7, 6, 7, 8, 8, 7, 8, 9, 6, 11, 7, 8, 11, 8, 7, 9, 6, 5, 6, 6, 8, 7, 7, 9, 9, 7, 9, 8, 8, 7, 7, 7, 
76: 9, 0, 8, 0, 8, 8, 0, 0, 0, 10, 7, 6, 8, 7, 0, 9, 0, 0, 0, 0, 10, 0, 7, 0, 0, 5, 0, 9, 7, 0, 0, 0, 7, 6, 0, 9, 0, 0, 0, 0, 8, 0, 0, 9, 0, 0, 8, 10, 7, 0, 0, 0, 7, 0, 9, 0, 0, 9, 9, 0, 0, 0, 0, 7, 0, 6, 0, 0, 7, 7, 9, 0, 7, 0, 9, 7, 8, 0, 0, 8, : 9, 8, 8, 8, 10, 7, 6, 8, 7, 9, 10, 7, 5, 9, 7, 7, 6, 9, 8, 9, 8, 10, 7, 7, 9, 9, 9, 7, 6, 7, 7, 9, 7, 9, 7, 8, 8, 
788: 8, 8, 7, 9, 7, 9, 8, 9, 0, 8, 0, 6, 7, 0, 6, 10, 9, 6, 9, 0, 0, 0, 0, 0, 7, 9, 9, 4, 8, 6, 8, 7, 9, 0, 6, 8, 0, 7, 6, 9, 0, 0, 7, 0, 10, 0, 5, 0, 0, 4, 9, 0, 0, 8, 7, 8, 9, 9, 0, 7, 7, 8, 0, 7, 0, 0, 7, 0, 8, 8, 7, 0, 0, 0, 0, 7, 0, 0, 0, 9, : 8, 8, 7, 9, 7, 9, 8, 9, 8, 6, 7, 6, 10, 9, 6, 9, 7, 9, 9, 4, 8, 6, 8, 7, 9, 6, 8, 7, 6, 9, 7, 10, 5, 4, 9, 8, 7, 8, 9, 9, 7, 7, 8, 7, 7, 8, 8, 7, 7, 9, 
166: 8, 7, 0, 7, 0, 8, 0, 0, 5, 5, 9, 7, 0, 0, 7, 0, 0, 0, 6, 5, 8, 0, 0, 7, 9, 0, 0, 7, 10, 10, 7, 0, 6, 0, 0, 7, 0, 0, 6, 0, 0, 7, 6, 0, 7, 0, 4, 0, 9, 0, 0, 0, 9, 5, 0, 0, 0, 0, 0, 8, 0, 0, 9, 8, 0, 0, 0, 0, 0, 0, 8, 9, 7, 0, 7, 0, 5, 8, 0, 8, : 8, 7, 7, 8, 5, 5, 9, 7, 7, 6, 5, 8, 7, 9, 7, 10, 10, 7, 6, 7, 6, 7, 6, 7, 4, 9, 9, 5, 8, 9, 8, 8, 9, 7, 7, 5, 8, 8, 
475: 7, 6, 8, 0, 9, 0, 10, 7, 0, 0, 0, 7, 5, 10, 0, 7, 6, 0, 5, 6, 0, 0, 7, 0, 6, 0, 0, 9, 0, 0, 5, 6, 0, 5, 8, 9, 6, 7, 0, 7, 0, 7, 0, 7, 5, 0, 7, 9, 0, 0, 9, 10, 0, 0, 11, 0, 0, 0, 9, 8, 0, 0, 6, 9, 0, 0, 9, 8, 0, 9, 7, 8, 0, 0, 0, 8, 0, 8, 0, 0, : 7, 6, 8, 9, 10, 7, 7, 5, 10, 7, 6, 5, 6, 7, 6, 9, 5, 6, 5, 8, 9, 6, 7, 7, 7, 7, 5, 7, 9, 9, 10, 11, 9, 8, 6, 9, 9, 8, 9, 7, 8, 8, 8, 
665: 7, 9, 0, 8, 9, 8, 7, 0, 0, 9, 8, 9, 0, 7, 6, 0, 0, 9, 0, 6, 0, 9, 0, 7, 0, 0, 5, 7, 0, 0, 0, 0, 5, 0, 0, 0, 6, 0, 0, 0, 6, 0, 0, 8, 5, 6, 6, 8, 0, 0, 7, 0, 0, 8, 0, 0, 0, 0, 8, 0, 6, 5, 0, 8, 8, 0, 0, 8, 5, 0, 0, 7, 0, 7, 7, 0, 6, 7, 9, 0, : 7, 9, 8, 9, 8, 7, 9, 8, 9, 7, 6, 9, 6, 9, 7, 5, 7, 5, 6, 6, 8, 5, 6, 6, 8, 7, 8, 8, 6, 5, 8, 8, 8, 5, 7, 7, 7, 6, 7, 9, 
784: 0, 8, 8, 0, 0, 0, 6, 9, 0, 0, 5, 0, 6, 7, 0, 0, 0, 0, 0, 7, 8, 0, 9, 11, 7, 9, 9, 0, 0, 0, 7, 7, 0, 0, 8, 0, 0, 0, 0, 0, 10, 0, 0, 7, 7, 8, 10, 0, 0, 0, 0, 7, 0, 7, 6, 4, 4, 8, 7, 0, 0, 0, 7, 0, 0, 7, 0, 0, 7, 0, 0, 8, 8, 7, 0, 0, 8, 0, 0, 0, : 8, 8, 6, 9, 5, 6, 7, 7, 8, 9, 11, 7, 9, 9, 7, 7, 8, 10, 7, 7, 8, 10, 7, 7, 6, 4, 4, 8, 7, 7, 7, 7, 8, 8, 7, 8, 
19: 0, 7, 0, 8, 0, 7, 0, 5, 10, 5, 6, 0, 5, 0, 0, 0, 7, 5, 8, 0, 10, 7, 0, 0, 0, 8, 8, 8, 0, 0, 8, 0, 6, 0, 6, 7, 0, 11, 9, 6, 0, 0, 6, 0, 0, 0, 9, 10, 0, 0, 6, 0, 5, 0, 0, 0, 0, 0, 0, 0, 8, 0, 8, 6, 0, 8, 9, 6, 8, 7, 0, 0, 0, 0, 0, 7, 0, 0, 0, 7, : 7, 8, 7, 5, 10, 5, 6, 5, 7, 5, 8, 10, 7, 8, 8, 8, 8, 6, 6, 7, 11, 9, 6, 6, 9, 10, 6, 5, 8, 8, 6, 8, 9, 6, 8, 7, 7, 7, 
592: 0, 7, 0, 0, 0, 0, 8, 0, 6, 0, 0, 0, 9, 0, 5, 0, 10, 0, 0, 8, 0, 7, 0, 7, 0, 6, 0, 8, 0, 7, 6, 0, 7, 9, 0, 0, 0, 0, 0, 10, 0, 0, 11, 0, 0, 0, 8, 0, 0, 0, 0, 9, 7, 8, 0, 9, 9, 0, 6, 10, 0, 10, 0, 0, 9, 8, 9, 7, 0, 7, 7, 0, 7, 0, 0, 0, 0, 0, 0, 7, : 7, 8, 6, 9, 5, 10, 8, 7, 7, 6, 8, 7, 6, 7, 9, 10, 11, 8, 9, 7, 8, 9, 9, 6, 10, 10, 9, 8, 9, 7, 7, 7, 7, 7, 
637: 7, 0, 7, 7, 0, 7, 0, 6, 7, 0, 0, 0, 9, 8, 0, 7, 7, 7, 0, 0, 0, 7, 0, 0, 4, 8, 0, 0, 10, 8, 8, 0, 0, 0, 7, 0, 7, 6, 7, 8, 0, 8, 0, 0, 0, 0, 11, 0, 0, 7, 0, 0, 7, 0, 4, 7, 7, 5, 0, 9, 0, 0, 5, 0, 0, 0, 8, 7, 8, 0, 0, 0, 0, 5, 5, 0, 0, 7, 7, 8, : 7, 7, 7, 7, 6, 7, 9, 8, 7, 7, 7, 7, 4, 8, 10, 8, 8, 7, 7, 6, 7, 8, 8, 11, 7, 7, 4, 7, 7, 5, 9, 5, 8, 7, 8, 5, 5, 7, 7, 8, 
640: 0, 7, 0, 0, 0, 0, 0, 0, 9, 8, 0, 0, 10, 0, 9, 6, 0, 0, 7, 8, 9, 8, 7, 9, 0, 0, 9, 0, 0, 6, 6, 8, 7, 7, 0, 9, 7, 0, 0, 0, 9, 0, 7, 0, 0, 0, 0, 7, 0, 0, 4, 7, 9, 8, 11, 9, 8, 7, 0, 6, 6, 0, 0, 8, 7, 8, 7, 8, 0, 0, 0, 0, 0, 9, 8, 0, 8, 9, 7, 7, : 7, 9, 8, 10, 9, 6, 7, 8, 9, 8, 7, 9, 9, 6, 6, 8, 7, 7, 9, 7, 9, 7, 7, 4, 7, 9, 8, 11, 9, 8, 7, 6, 6, 8, 7, 8, 7, 8, 9, 8, 8, 9, 7, 7, 
662: 7, 7, 0, 7, 0, 6, 0, 0, 0, 0, 5, 0, 7, 8, 7, 9, 0, 8, 0, 9, 8, 8, 10, 9, 7, 0, 0, 8, 0, 0, 7, 9, 0, 0, 0, 8, 0, 6, 7, 0, 0, 0, 0, 0, 9, 6, 10, 7, 0, 0, 0, 4, 9, 0, 8, 0, 8, 7, 0, 8, 10, 0, 8, 8, 0, 0, 0, 8, 0, 8, 0, 0, 8, 6, 0, 8, 7, 0, 0, 0, : 7, 7, 7, 6, 5, 7, 8, 7, 9, 8, 9, 8, 8, 10, 9, 7, 8, 7, 9, 8, 6, 7, 9, 6, 10, 7, 4, 9, 8, 8, 7, 8, 10, 8, 8, 8, 8, 8, 6, 8, 7, 
424: 6, 0, 8, 6, 7, 8, 0, 0, 8, 0, 0, 0, 0, 0, 8, 0, 0, 0, 7, 0, 9, 0, 0, 0, 0, 0, 8, 0, 0, 6, 10, 0, 0, 6, 10, 0, 8, 8, 6, 6, 10, 6, 0, 0, 0, 0, 5, 0, 7, 9, 8, 0, 0, 10, 9, 0, 0, 0, 7, 0, 0, 9, 0, 7, 0, 9, 0, 8, 0, 0, 0, 5, 0, 7, 8, 0, 9, 7, 0, 8, : 6, 8, 6, 7, 8, 8, 8, 7, 9, 8, 6, 10, 6, 10, 8, 8, 6, 6, 10, 6, 5, 7, 9, 8, 10, 9, 7, 9, 7, 9, 8, 5, 7, 8, 9, 7, 8, 
103: 8, 0, 0, 0, 7, 0, 0, 6, 7, 10, 0, 0, 7, 8, 7, 0, 7, 8, 0, 8, 0, 6, 7, 0, 0, 7, 4, 8, 0, 6, 8, 0, 8, 8, 6, 0, 0, 0, 0, 0, 0, 0, 7, 6, 9, 0, 8, 0, 6, 0, 0, 0, 0, 0, 0, 0, 0, 8, 0, 0, 0, 0, 8, 0, 0, 0, 6, 0, 8, 0, 0, 7, 8, 9, 0, 9, 7, 7, 8, 0, : 8, 7, 6, 7, 10, 7, 8, 7, 7, 8, 8, 6, 7, 7, 4, 8, 6, 8, 8, 8, 6, 7, 6, 9, 8, 6, 8, 8, 6, 8, 7, 8, 9, 9, 7, 7, 8, 
423: 6, 0, 0, 0, 0, 6, 9, 8, 0, 0, 10, 5, 0, 0, 6, 0, 0, 0, 0, 8, 0, 0, 10, 0, 0, 0, 8, 6, 7, 7, 0, 7, 8, 7, 0, 0, 11, 8, 0, 0, 7, 0, 9, 10, 7, 0, 5, 6, 0, 7, 0, 0, 7, 0, 8, 10, 9, 9, 5, 8, 0, 0, 0, 0, 0, 0, 6, 5, 0, 8, 7, 0, 0, 0, 0, 7, 0, 8, 0, 0, : 6, 6, 9, 8, 10, 5, 6, 8, 10, 8, 6, 7, 7, 7, 8, 7, 11, 8, 7, 9, 10, 7, 5, 6, 7, 7, 8, 10, 9, 9, 5, 8, 6, 5, 8, 7, 7, 8, 
322: 0, 0, 0, 0, 0, 0, 7, 7, 0, 5, 0, 0, 0, 9, 0, 0, 0, 9, 0, 0, 6, 8, 0, 7, 0, 9, 0, 0, 8, 0, 0, 6, 0, 8, 7, 0, 0, 0, 0, 0, 0, 0, 7, 0, 0, 5, 0, 5, 0, 8, 7, 5, 0, 0, 0, 7, 7, 0, 7, 9, 0, 8, 8, 0, 0, 5, 0, 8, 0, 7, 0, 0, 7, 0, 7, 8, 0, 0, 7, 8, : 7, 7, 5, 9, 9, 6, 8, 7, 9, 8, 6, 8, 7, 7, 5, 5, 8, 7, 5, 7, 7, 7, 9, 8, 8, 5, 8, 7, 7, 7, 8, 7, 8, 
716: 0, 0, 0, 0, 8, 7, 6, 0, 5, 5, 0, 10, 0, 0, 5, 8, 0, 0, 0, 0, 7, 0, 0, 0, 0, 0, 8, 0, 9, 7, 0, 8, 0, 0, 8, 0, 7, 7, 8, 0, 7, 6, 0, 7, 6, 5, 0, 7, 9, 9, 0, 7, 0, 0, 0, 0, 0, 7, 9, 0, 9, 10, 0, 9, 0, 0, 0, 0, 0, 0, 6, 8, 7, 0, 7, 9, 7, 0, 0, 9, : 8, 7, 6, 5, 5, 10, 5, 8, 7, 8, 9, 7, 8, 8, 7, 7, 8, 7, 6, 7, 6, 5, 7, 9, 9, 7, 7, 9, 9, 10, 9, 6, 8, 7, 7, 9, 7, 9, 
308: 0, 0, 6, 0, 0, 0, 9, 10, 5, 9, 10, 0, 7, 0, 0, 0, 6, 0, 0, 0, 0, 10, 0, 10, 0, 8, 9, 0, 0, 8, 0, 0, 0, 8, 9, 6, 0, 0, 8, 8, 0, 0, 10, 5, 11, 10, 9, 11, 10, 8, 0, 8, 0, 9, 0, 7, 5, 0, 0, 7, 6, 6, 7, 0, 6, 7, 7, 0, 9, 0, 7, 8, 7, 8, 8, 0, 0, 0, 0, 0, : 6, 9, 10, 5, 9, 10, 7, 6, 10, 10, 8, 9, 8, 8, 9, 6, 8, 8, 10, 5, 11, 10, 9, 11, 10, 8, 8, 9, 7, 5, 7, 6, 6, 7, 6, 7, 7, 9, 7, 8, 7, 8, 8, 
740: 7, 0, 7, 7, 9, 0, 8, 0, 5, 0, 0, 0, 0, 5, 7, 5, 6, 7, 8, 0, 0, 0, 0, 0, 0, 10, 0, 0, 8, 0, 6, 0, 0, 8, 0, 5, 0, 7, 7, 5, 0, 7, 0, 0, 5, 10, 0, 0, 8, 7, 0, 0, 7, 6, 0, 0, 4, 0, 0, 7, 8, 6, 0, 0, 6, 0, 8, 0, 7, 7, 9, 0, 0, 8, 0, 8, 7, 0, 7, 7, : 7, 7, 7, 9, 8, 5, 5, 7, 5, 6, 7, 8, 10, 8, 6, 8, 5, 7, 7, 5, 7, 5, 10, 8, 7, 7, 6, 4, 7, 8, 6, 6, 8, 7, 7, 9, 8, 8, 7, 7, 7, 
38: 7, 9, 0, 0, 0, 0, 7, 0, 10, 0, 5, 0, 9, 7, 0, 0, 8, 0, 8, 0, 0, 6, 0, 0, 0, 0, 7, 6, 0, 0, 0, 8, 9, 0, 7, 0, 5, 7, 0, 11, 0, 7, 0, 7, 0, 10, 0, 0, 0, 10, 9, 9, 6, 4, 7, 0, 0, 6, 0, 0, 9, 0, 0, 0, 8, 8, 0, 9, 8, 7, 5, 0, 0, 0, 0, 7, 7, 8, 7, 0, : 7, 9, 7, 10, 5, 9, 7, 8, 8, 6, 7, 6, 8, 9, 7, 5, 7, 11, 7, 7, 10, 10, 9, 9, 6, 4, 7, 6, 9, 8, 8, 9, 8, 7, 5, 7, 7, 8, 7, 
205: 0, 0, 9, 6, 6, 0, 0, 0, 0, 6, 0, 8, 0, 9, 0, 9, 8, 0, 0, 0, 0, 0, 0, 0, 5, 4, 0, 0, 0, 0, 0, 7, 0, 0, 9, 0, 8, 0, 7, 8, 8, 9, 11, 7, 5, 7, 0, 0, 5, 0, 0, 7, 9, 0, 0, 0, 0, 0, 0, 6, 0, 7, 8, 8, 8, 8, 0, 6, 8, 8, 8, 0, 0, 8, 7, 0, 0, 0, 8, 0, : 9, 6, 6, 6, 8, 9, 9, 8, 5, 4, 7, 9, 8, 7, 8, 8, 9, 11, 7, 5, 7, 5, 7, 9, 6, 7, 8, 8, 8, 8, 6, 8, 8, 8, 8, 7, 8, 
340: 0, 0, 8, 0, 0, 6, 9, 0, 9, 7, 0, 9, 9, 0, 0, 0, 0, 0, 8, 10, 0, 0, 8, 10, 6, 0, 0, 0, 8, 6, 0, 8, 7, 0, 8, 7, 8, 9, 7, 7, 7, 7, 8, 0, 11, 9, 0, 0, 7, 10, 7, 7, 0, 7, 0, 10, 0, 0, 8, 0, 7, 7, 8, 6, 0, 8, 9, 7, 8, 0, 8, 7, 0, 8, 0, 0, 0, 0, 5, 0, : 8, 6, 9, 9, 7, 9, 9, 8, 10, 8, 10, 6, 8, 6, 8, 7, 8, 7, 8, 9, 7, 7, 7, 7, 8, 11, 9, 7, 10, 7, 7, 7, 10, 8, 7, 7, 8, 6, 8, 9, 7, 8, 8, 7, 8, 5, 
239: 8, 8, 0, 0, 8, 0, 6, 0, 0, 0, 0, 7, 0, 0, 9, 7, 8, 6, 0, 0, 8, 0, 9, 0, 0, 0, 8, 0, 7, 0, 9, 0, 7, 10, 0, 0, 0, 6, 0, 0, 6, 0, 0, 9, 0, 5, 0, 0, 10, 0, 10, 9, 5, 9, 0, 8, 7, 0, 5, 0, 8, 0, 9, 9, 0, 6, 0, 8, 0, 0, 9, 8, 0, 7, 6, 8, 0, 0, 0, 7, : 8, 8, 8, 6, 7, 9, 7, 8, 6, 8, 9, 8, 7, 9, 7, 10, 6, 6, 9, 5, 10, 10, 9, 5, 9, 8, 7, 5, 8, 9, 9, 6, 8, 9, 8, 7, 6, 8, 7, 
279: 7, 0, 0, 6, 0, 0, 0, 0, 0, 0, 0, 0, 7, 10, 0, 7, 8, 7, 7, 9, 7, 0, 0, 0, 0, 0, 0, 0, 7, 0, 0, 0, 0, 0, 0, 7, 0, 7, 0, 0, 7, 6, 7, 6, 0, 8, 0, 0, 6, 7, 7, 0, 9, 7, 0, 0, 0, 0, 0, 0, 8, 6, 8, 0, 8, 9, 0, 0, 0, 0, 7, 8, 9, 0, 8, 0, 0, 9, 0, 0, : 7, 6, 7, 10, 7, 8, 7, 7, 9, 7, 7, 7, 7, 7, 6, 7, 6, 8, 6, 7, 7, 9, 7, 8, 6, 8, 8, 9, 7, 8, 9, 8, 9, 
215: 0, 0, 8, 7, 0, 0, 5, 8, 9, 8, 5, 9, 0, 0, 7, 0, 5, 0, 9, 6, 8, 0, 5, 9, 0, 6, 7, 10, 6, 0, 6, 0, 0, 7, 6, 6, 8, 0, 0, 9, 0, 7, 7, 0, 0, 0, 0, 5, 11, 0, 0, 8, 0, 0, 5, 7, 0, 8, 8, 0, 0, 8, 0, 0, 9, 0, 0, 0, 0, 0, 0, 7, 0, 9, 8, 8, 0, 8, 8, 9, : 8, 7, 5, 8, 9, 8, 5, 9, 7, 5, 9, 6, 8, 5, 9, 6, 7, 10, 6, 6, 7, 6, 6, 8, 9, 7, 7, 5, 11, 8, 5, 7, 8, 8, 8, 9, 7, 9, 8, 8, 8, 8, 9, 
297: 0, 0, 10, 0, 7, 0, 0, 0, 6, 5, 8, 10, 0, 0, 9, 0, 9, 10, 0, 0, 5, 5, 7, 0, 6, 9, 9, 0, 0, 0, 11, 5, 8, 9, 8, 0, 9, 9, 6, 0, 0, 11, 6, 5, 7, 10, 0, 0, 0, 0, 0, 0, 0, 0, 0, 11, 0, 9, 0, 5, 0, 6, 6, 8, 7, 0, 0, 7, 0, 6, 0, 0, 0, 8, 0, 0, 0, 8, 7, 7, : 10, 7, 6, 5, 8, 10, 9, 9, 10, 5, 5, 7, 6, 9, 9, 11, 5, 8, 9, 8, 9, 9, 6, 11, 6, 5, 7, 10, 11, 9, 5, 6, 6, 8, 7, 7, 6, 8, 8, 7, 7, 
509: 0, 0, 6, 0, 7, 0, 0, 9, 0, 8, 7, 0, 0, 0, 0, 9, 6, 0, 0, 5, 6, 9, 0, 6, 8, 7, 0, 8, 0, 0, 0, 7, 8, 0, 0, 8, 7, 0, 7, 6, 0, 0, 0, 0, 5, 0, 0, 4, 0, 0, 0, 0, 0, 0, 8, 0, 0, 0, 7, 7, 0, 0, 0, 0, 8, 0, 8, 0, 0, 0, 0, 0, 8, 0, 8, 9, 8, 0, 8, 0, : 6, 7, 9, 8, 7, 9, 6, 5, 6, 9, 6, 8, 7, 8, 7, 8, 8, 7, 7, 6, 5, 4, 8, 7, 7, 8, 8, 8, 8, 9, 8, 8, 
379: 0, 7, 0, 0, 6, 0, 0, 7, 0, 0, 8, 0, 0, 0, 0, 7, 0, 10, 0, 0, 6, 0, 6, 6, 9, 0, 0, 0, 0, 8, 9, 9, 0, 10, 7, 0, 7, 8, 8, 7, 8, 7, 5, 6, 6, 4, 0, 6, 6, 8, 7, 0, 0, 9, 10, 0, 10, 0, 0, 0, 0, 8, 8, 6, 0, 6, 0, 0, 0, 0, 0, 8, 0, 7, 7, 0, 0, 5, 6, 8, : 7, 6, 7, 8, 7, 10, 6, 6, 6, 9, 8, 9, 9, 10, 7, 7, 8, 8, 7, 8, 7, 5, 6, 6, 4, 6, 6, 8, 7, 9, 10, 10, 8, 8, 6, 6, 8, 7, 7, 5, 6, 8, 
771: 0, 8, 0, 7, 5, 7, 0, 5, 0, 0, 0, 5, 0, 9, 9, 10, 0, 0, 9, 0, 0, 5, 0, 8, 9, 0, 0, 8, 7, 0, 0, 0, 6, 6, 0, 5, 0, 0, 8, 0, 0, 0, 0, 11, 8, 0, 0, 9, 6, 0, 0, 0, 0, 0, 7, 7, 11, 11, 7, 0, 0, 0, 7, 0, 8, 0, 0, 0, 8, 9, 0, 0, 9, 7, 9, 8, 7, 9, 9, 0, : 8, 7, 5, 7, 5, 5, 9, 9, 10, 9, 5, 8, 9, 8, 7, 6, 6, 5, 8, 11, 8, 9, 6, 7, 7, 11, 11, 7, 7, 8, 8, 9, 9, 7, 9, 8, 7, 9, 9, 


543: 7, 0, 0, 0, 9, 0, 9, 11, 9, 0, 8, 0, 10, 8, 0, 0, 0, 8, 0, 9, 0, 0, 0, 10, 0, 0, 7, 0, 9, 0, 8, 7, 9, 0, 7, 7, 0, 0, 0, 0, 0, 8, 8, 0, 0, 10, 0, 0, 0, 8, 9, 9, 10, 7, 6, 8, 0, 0, 5, 0, 0, 0, 9, 9, 8, 8, 6, 0, 0, 7, 0, 8, 0, 8, 9, 0, 5, 6, 7, 7, : 7, 9, 9, 11, 9, 8, 10, 8, 8, 9, 10, 7, 9, 8, 7, 9, 7, 7, 8, 8, 10, 8, 9, 9, 10, 7, 6, 8, 5, 9, 9, 8, 8, 6, 7, 8, 8, 9, 5, 6, 7, 7, 
105: 0, 0, 6, 0, 0, 0, 7, 6, 9, 8, 10, 0, 7, 7, 9, 9, 6, 6, 0, 9, 7, 0, 8, 0, 9, 9, 9, 0, 8, 8, 8, 9, 0, 7, 10, 0, 0, 6, 0, 7, 0, 0, 0, 8, 0, 0, 0, 9, 9, 7, 8, 9, 0, 0, 0, 0, 0, 0, 7, 8, 8, 0, 4, 0, 0, 0, 9, 7, 8, 0, 0, 0, 8, 0, 0, 0, 8, 7, 0, 0, : 6, 7, 6, 9, 8, 10, 7, 7, 9, 9, 6, 6, 9, 7, 8, 9, 9, 9, 8, 8, 8, 9, 7, 10, 6, 7, 8, 9, 9, 7, 8, 9, 7, 8, 8, 4, 9, 7, 8, 8, 8, 7, 
649: 0, 0, 0, 9, 0, 0, 0, 6, 4, 0, 0, 0, 0, 10, 9, 8, 0, 0, 0, 0, 0, 0, 0, 0, 5, 0, 0, 0, 0, 6, 7, 6, 5, 4, 0, 7, 0, 0, 5, 0, 7, 10, 0, 0, 9, 6, 9, 7, 0, 8, 0, 7, 0, 0, 9, 0, 7, 7, 0, 8, 8, 0, 8, 7, 6, 8, 7, 9, 8, 0, 7, 0, 0, 8, 7, 9, 0, 0, 8, 0, : 9, 6, 4, 10, 9, 8, 5, 6, 7, 6, 5, 4, 7, 5, 7, 10, 9, 6, 9, 7, 8, 7, 9, 7, 7, 8, 8, 8, 7, 6, 8, 7, 9, 8, 7, 8, 7, 9, 8, 
524: 8, 6, 7, 0, 0, 7, 6, 8, 7, 0, 0, 8, 0, 0, 0, 5, 0, 6, 8, 9, 8, 6, 0, 0, 8, 5, 0, 0, 0, 6, 9, 9, 9, 0, 8, 0, 0, 0, 0, 0, 0, 10, 7, 6, 0, 0, 6, 0, 0, 8, 8, 0, 0, 7, 0, 0, 0, 6, 0, 7, 9, 10, 10, 8, 8, 6, 9, 6, 7, 0, 8, 0, 0, 0, 6, 6, 0, 7, 0, 9, : 8, 6, 7, 7, 6, 8, 7, 8, 5, 6, 8, 9, 8, 6, 8, 5, 6, 9, 9, 9, 8, 10, 7, 6, 6, 8, 8, 7, 6, 7, 9, 10, 10, 8, 8, 6, 9, 6, 7, 8, 6, 6, 7, 9, 
634: 0, 7, 8, 0, 0, 0, 0, 0, 0, 0, 7, 0, 6, 9, 9, 0, 8, 0, 0, 6, 9, 8, 10, 0, 9, 0, 8, 9, 0, 9, 8, 0, 8, 10, 9, 0, 0, 0, 0, 0, 8, 0, 6, 0, 6, 0, 0, 8, 8, 0, 8, 8, 0, 0, 7, 0, 9, 0, 7, 7, 0, 0, 0, 9, 9, 0, 0, 0, 0, 0, 7, 0, 0, 0, 0, 7, 0, 9, 0, 0, : 7, 8, 7, 6, 9, 9, 8, 6, 9, 8, 10, 9, 8, 9, 9, 8, 8, 10, 9, 8, 6, 6, 8, 8, 8, 8, 7, 9, 7, 7, 9, 9, 7, 7, 9, 
398: 9, 8, 0, 7, 0, 10, 5, 0, 0, 5, 9, 0, 0, 8, 0, 0, 7, 9, 4, 0, 4, 0, 0, 0, 0, 6, 8, 0, 7, 7, 9, 0, 7, 9, 0, 6, 7, 0, 0, 5, 0, 0, 6, 0, 0, 6, 9, 7, 8, 0, 0, 0, 0, 0, 5, 0, 5, 0, 0, 0, 0, 9, 9, 7, 8, 0, 0, 0, 0, 8, 8, 7, 0, 7, 0, 0, 0, 5, 0, 0, : 9, 8, 7, 10, 5, 5, 9, 8, 7, 9, 4, 4, 6, 8, 7, 7, 9, 7, 9, 6, 7, 5, 6, 6, 9, 7, 8, 5, 5, 9, 9, 7, 8, 8, 8, 7, 7, 5, 
477: 8, 7, 9, 0, 0, 6, 0, 0, 0, 0, 9, 0, 0, 0, 0, 0, 0, 10, 7, 7, 0, 0, 9, 5, 0, 0, 0, 8, 0, 7, 0, 8, 7, 0, 7, 7, 0, 10, 0, 0, 0, 6, 0, 0, 0, 6, 6, 6, 0, 8, 0, 0, 6, 0, 0, 0, 7, 0, 10, 6, 0, 0, 0, 5, 0, 6, 8, 8, 7, 9, 0, 0, 6, 7, 0, 0, 9, 0, 7, 0, : 8, 7, 9, 6, 9, 10, 7, 7, 9, 5, 8, 7, 8, 7, 7, 7, 10, 6, 6, 6, 6, 8, 6, 7, 10, 6, 5, 6, 8, 8, 7, 9, 6, 7, 9, 7, 
11: 8, 8, 7, 6, 8, 0, 11, 6, 0, 8, 9, 6, 4, 0, 7, 0, 0, 0, 0, 7, 0, 8, 5, 0, 6, 0, 4, 0, 0, 0, 7, 0, 8, 8, 9, 0, 10, 0, 0, 0, 0, 9, 7, 7, 7, 0, 0, 0, 8, 8, 9, 0, 0, 0, 0, 6, 8, 0, 8, 0, 4, 0, 8, 6, 6, 8, 8, 7, 0, 6, 0, 6, 6, 7, 9, 8, 8, 0, 6, 8, : 8, 8, 7, 6, 8, 11, 6, 8, 9, 6, 4, 7, 7, 8, 5, 6, 4, 7, 8, 8, 9, 10, 9, 7, 7, 7, 8, 8, 9, 6, 8, 8, 4, 8, 6, 6, 8, 8, 7, 6, 6, 6, 7, 9, 8, 8, 6, 8, 
449: 6, 0, 0, 9, 0, 9, 8, 0, 9, 6, 0, 9, 7, 4, 0, 6, 8, 8, 0, 6, 6, 0, 0, 0, 8, 8, 10, 6, 0, 0, 8, 5, 0, 0, 7, 7, 0, 0, 8, 0, 0, 0, 7, 8, 0, 0, 7, 7, 0, 8, 0, 7, 0, 10, 8, 6, 0, 8, 0, 10, 7, 9, 0, 5, 0, 0, 0, 7, 0, 0, 0, 0, 0, 0, 9, 0, 7, 7, 6, 8, : 6, 9, 9, 8, 9, 6, 9, 7, 4, 6, 8, 8, 6, 6, 8, 8, 10, 6, 8, 5, 7, 7, 8, 7, 8, 7, 7, 8, 7, 10, 8, 6, 8, 10, 7, 9, 5, 7, 9, 7, 7, 6, 8, 
319: 6, 0, 6, 0, 9, 7, 6, 7, 0, 0, 7, 9, 0, 7, 0, 0, 0, 9, 6, 8, 0, 0, 0, 8, 0, 0, 0, 0, 6, 8, 0, 0, 6, 0, 8, 7, 0, 7, 8, 0, 0, 7, 6, 9, 10, 0, 0, 10, 6, 8, 7, 0, 7, 7, 8, 0, 9, 0, 8, 11, 5, 7, 6, 10, 5, 0, 0, 0, 6, 7, 0, 7, 0, 8, 0, 6, 0, 0, 0, 0, : 6, 6, 9, 7, 6, 7, 7, 9, 7, 9, 6, 8, 8, 6, 8, 6, 8, 7, 7, 8, 7, 6, 9, 10, 10, 6, 8, 7, 7, 7, 8, 9, 8, 11, 5, 7, 6, 10, 5, 6, 7, 7, 8, 6, 
612: 0, 0, 0, 8, 9, 0, 0, 9, 0, 0, 6, 0, 7, 0, 7, 0, 0, 0, 9, 0, 9, 0, 8, 0, 0, 0, 0, 6, 0, 0, 0, 0, 7, 8, 0, 0, 0, 7, 0, 7, 0, 6, 0, 0, 0, 7, 9, 0, 0, 0, 10, 7, 9, 0, 0, 0, 0, 7, 5, 0, 7, 5, 0, 8, 7, 6, 0, 0, 0, 0, 0, 8, 8, 0, 8, 6, 9, 0, 0, 0, : 8, 9, 9, 6, 7, 7, 9, 9, 8, 6, 7, 8, 7, 7, 6, 7, 9, 10, 7, 9, 7, 5, 7, 5, 8, 7, 6, 8, 8, 8, 6, 9, 
299: 0, 8, 0, 0, 7, 8, 0, 0, 8, 0, 8, 0, 7, 10, 0, 9, 7, 0, 0, 0, 6, 8, 0, 8, 6, 7, 9, 9, 5, 0, 0, 0, 9, 0, 6, 0, 7, 0, 0, 0, 6, 7, 0, 0, 0, 6, 6, 9, 0, 0, 7, 6, 0, 9, 0, 5, 0, 6, 0, 0, 0, 4, 5, 8, 0, 8, 8, 0, 8, 8, 5, 0, 0, 0, 5, 9, 0, 0, 8, 9, : 8, 7, 8, 8, 8, 7, 10, 9, 7, 6, 8, 8, 6, 7, 9, 9, 5, 9, 6, 7, 6, 7, 6, 6, 9, 7, 6, 9, 5, 6, 4, 5, 8, 8, 8, 8, 8, 5, 5, 9, 8, 9, 
33: 7, 0, 0, 7, 7, 0, 7, 6, 0, 11, 7, 0, 8, 5, 0, 9, 6, 6, 0, 0, 8, 8, 7, 6, 10, 7, 0, 0, 9, 0, 0, 5, 0, 0, 0, 4, 0, 10, 11, 0, 8, 0, 0, 0, 0, 9, 0, 0, 10, 0, 6, 7, 0, 8, 0, 6, 7, 10, 0, 5, 0, 0, 8, 0, 0, 5, 0, 0, 8, 8, 0, 6, 5, 5, 0, 0, 0, 6, 0, 7, : 7, 7, 7, 7, 6, 11, 7, 8, 5, 9, 6, 6, 8, 8, 7, 6, 10, 7, 9, 5, 4, 10, 11, 8, 9, 10, 6, 7, 8, 6, 7, 10, 5, 8, 5, 8, 8, 6, 5, 5, 6, 7, 
29: 9, 0, 0, 0, 6, 7, 6, 0, 9, 0, 0, 7, 0, 4, 4, 6, 0, 0, 0, 4, 6, 9, 8, 7, 0, 0, 0, 0, 0, 0, 0, 8, 0, 6, 8, 7, 6, 0, 7, 9, 7, 6, 7, 0, 0, 7, 10, 7, 0, 6, 0, 0, 0, 6, 0, 0, 0, 0, 5, 0, 0, 0, 7, 0, 9, 8, 8, 0, 0, 0, 0, 8, 8, 0, 0, 5, 0, 8, 0, 0, : 9, 6, 7, 6, 9, 7, 4, 4, 6, 4, 6, 9, 8, 7, 8, 6, 8, 7, 6, 7, 9, 7, 6, 7, 7, 10, 7, 6, 6, 5, 7, 9, 8, 8, 8, 8, 5, 8, 
753: 0, 0, 0, 0, 10, 6, 0, 8, 9, 8, 5, 5, 9, 5, 0, 7, 0, 8, 0, 11, 0, 7, 8, 0, 7, 7, 0, 0, 0, 0, 8, 0, 0, 0, 0, 7, 6, 0, 0, 0, 0, 0, 0, 0, 0, 10, 8, 0, 9, 0, 0, 0, 4, 0, 0, 0, 7, 8, 6, 0, 0, 6, 0, 0, 0, 7, 7, 9, 7, 8, 0, 9, 0, 7, 7, 8, 0, 0, 0, 0, : 10, 6, 8, 9, 8, 5, 5, 9, 5, 7, 8, 11, 7, 8, 7, 7, 8, 7, 6, 10, 8, 9, 4, 7, 8, 6, 6, 7, 7, 9, 7, 8, 9, 7, 7, 8, 
44: 0, 8, 7, 0, 0, 0, 0, 0, 9, 0, 0, 0, 4, 0, 8, 5, 7, 0, 8, 0, 8, 0, 0, 0, 7, 0, 6, 6, 6, 9, 0, 0, 0, 7, 0, 8, 0, 0, 7, 7, 6, 0, 0, 8, 0, 0, 10, 0, 0, 0, 6, 0, 0, 0, 0, 7, 0, 0, 0, 0, 8, 7, 0, 0, 9, 7, 8, 8, 8, 7, 0, 0, 7, 0, 0, 0, 8, 0, 7, 0, : 8, 7, 9, 4, 8, 5, 7, 8, 8, 7, 6, 6, 6, 9, 7, 8, 7, 7, 6, 8, 10, 6, 7, 8, 7, 9, 7, 8, 8, 8, 7, 7, 8, 7, 
542: 8, 0, 0, 9, 0, 0, 9, 6, 0, 7, 6, 7, 7, 0, 0, 0, 0, 0, 9, 0, 0, 8, 7, 7, 7, 7, 0, 0, 0, 6, 0, 8, 0, 8, 4, 0, 7, 9, 6, 0, 0, 8, 8, 0, 0, 6, 0, 0, 7, 0, 8, 0, 7, 0, 0, 0, 0, 0, 0, 7, 8, 0, 0, 8, 0, 9, 0, 6, 9, 7, 9, 0, 7, 0, 0, 0, 7, 8, 8, 0, : 8, 9, 9, 6, 7, 6, 7, 7, 9, 8, 7, 7, 7, 7, 6, 8, 8, 4, 7, 9, 6, 8, 8, 6, 7, 8, 7, 7, 8, 8, 9, 6, 9, 7, 9, 7, 7, 8, 8, 
173: 6, 0, 6, 9, 7, 9, 7, 6, 0, 5, 0, 9, 9, 0, 5, 10, 8, 0, 6, 0, 0, 0, 0, 0, 0, 6, 6, 5, 5, 0, 0, 7, 0, 0, 0, 0, 0, 0, 0, 7, 9, 7, 0, 6, 0, 0, 0, 10, 0, 0, 0, 5, 7, 5, 8, 0, 8, 0, 9, 0, 6, 0, 8, 0, 0, 0, 6, 0, 0, 9, 7, 0, 7, 0, 0, 8, 0, 0, 7, 6, : 6, 6, 9, 7, 9, 7, 6, 5, 9, 9, 5, 10, 8, 6, 6, 6, 5, 5, 7, 7, 9, 7, 6, 10, 5, 7, 5, 8, 8, 9, 6, 8, 6, 9, 7, 7, 8, 7, 6, 
107: 0, 10, 8, 0, 7, 5, 9, 0, 8, 7, 8, 0, 0, 7, 0, 0, 6, 9, 0, 9, 0, 0, 8, 8, 0, 0, 0, 9, 7, 8, 8, 10, 0, 8, 4, 0, 5, 7, 7, 10, 7, 7, 0, 0, 8, 0, 0, 6, 0, 9, 5, 8, 8, 0, 6, 0, 6, 11, 0, 0, 7, 9, 8, 0, 8, 0, 0, 0, 0, 0, 0, 8, 7, 8, 8, 0, 7, 8, 0, 9, : 10, 8, 7, 5, 9, 8, 7, 8, 7, 6, 9, 9, 8, 8, 9, 7, 8, 8, 10, 8, 4, 5, 7, 7, 10, 7, 7, 8, 6, 9, 5, 8, 8, 6, 6, 11, 7, 9, 8, 8, 8, 7, 8, 8, 7, 8, 9, 
693: 8, 7, 7, 7, 9, 6, 8, 9, 6, 8, 0, 10, 0, 6, 0, 4, 7, 0, 7, 6, 11, 7, 6, 9, 8, 8, 8, 10, 9, 8, 6, 8, 0, 0, 0, 0, 9, 0, 9, 7, 0, 0, 10, 9, 7, 0, 0, 0, 7, 0, 0, 7, 7, 7, 6, 7, 9, 5, 8, 0, 8, 0, 0, 0, 9, 0, 0, 5, 7, 0, 0, 0, 0, 8, 0, 7, 0, 0, 0, 0, : 8, 7, 7, 7, 9, 6, 8, 9, 6, 8, 10, 6, 4, 7, 7, 6, 11, 7, 6, 9, 8, 8, 8, 10, 9, 8, 6, 8, 9, 9, 7, 10, 9, 7, 7, 7, 7, 7, 6, 7, 9, 5, 8, 8, 9, 5, 7, 8, 7, 
462: 0, 8, 0, 0, 5, 0, 7, 0, 6, 9, 0, 0, 0, 0, 0, 0, 0, 7, 5, 7, 7, 0, 0, 0, 5, 9, 9, 8, 9, 0, 0, 0, 7, 0, 7, 5, 7, 7, 9, 0, 0, 0, 6, 9, 6, 7, 7, 0, 6, 0, 0, 8, 5, 0, 8, 10, 0, 7, 8, 8, 0, 8, 0, 0, 0, 9, 7, 0, 0, 0, 8, 7, 0, 0, 7, 0, 0, 8, 0, 0, : 8, 5, 7, 6, 9, 7, 5, 7, 7, 5, 9, 9, 8, 9, 7, 7, 5, 7, 7, 9, 6, 9, 6, 7, 7, 6, 8, 5, 8, 10, 7, 8, 8, 8, 9, 7, 8, 7, 7, 8, 
384: 0, 6, 0, 0, 0, 0, 4, 7, 0, 0, 5, 9, 10, 0, 10, 0, 0, 0, 0, 0, 8, 5, 0, 9, 9, 0, 6, 0, 8, 9, 0, 0, 8, 0, 0, 7, 10, 5, 0, 9, 0, 0, 6, 0, 6, 9, 6, 8, 7, 0, 9, 6, 0, 0, 0, 0, 10, 0, 0, 8, 7, 0, 0, 10, 5, 9, 0, 7, 0, 0, 0, 7, 7, 6, 0, 0, 0, 7, 9, 0, : 6, 4, 7, 5, 9, 10, 10, 8, 5, 9, 9, 6, 8, 9, 8, 7, 10, 5, 9, 6, 6, 9, 6, 8, 7, 9, 6, 10, 8, 7, 10, 5, 9, 7, 7, 7, 6, 7, 9, 
271: 8, 6, 0, 7, 0, 0, 9, 9, 0, 7, 0, 0, 0, 0, 0, 10, 9, 9, 0, 0, 0, 9, 6, 0, 6, 10, 0, 0, 0, 0, 0, 0, 0, 0, 8, 9, 0, 4, 0, 5, 9, 0, 0, 0, 0, 9, 7, 6, 0, 7, 0, 0, 10, 0, 0, 7, 0, 7, 0, 0, 0, 8, 6, 0, 0, 0, 6, 6, 0, 7, 7, 8, 0, 9, 9, 0, 6, 0, 0, 9, : 8, 6, 7, 9, 9, 7, 10, 9, 9, 9, 6, 6, 10, 8, 9, 4, 5, 9, 9, 7, 6, 7, 10, 7, 7, 8, 6, 6, 6, 7, 7, 8, 9, 9, 6, 9, 
41: 0, 0, 8, 0, 8, 0, 0, 0, 0, 0, 8, 8, 0, 0, 0, 0, 10, 0, 0, 0, 8, 0, 0, 8, 8, 0, 9, 0, 0, 7, 0, 0, 0, 6, 8, 0, 0, 0, 9, 0, 6, 9, 8, 0, 10, 6, 0, 0, 8, 7, 0, 7, 8, 0, 0, 7, 5, 0, 7, 10, 6, 8, 0, 8, 9, 0, 8, 0, 8, 0, 0, 9, 8, 0, 8, 8, 0, 0, 5, 0, : 8, 8, 8, 8, 10, 8, 8, 8, 9, 7, 6, 8, 9, 6, 9, 8, 10, 6, 8, 7, 7, 8, 7, 5, 7, 10, 6, 8, 8, 9, 8, 8, 9, 8, 8, 8, 5, 
298: 0, 8, 0, 9, 5, 0, 0, 9, 8, 6, 0, 9, 0, 0, 9, 10, 7, 6, 9, 8, 6, 5, 0, 0, 7, 0, 0, 5, 6, 0, 0, 8, 0, 0, 0, 9, 7, 0, 6, 6, 11, 8, 0, 5, 7, 0, 0, 0, 8, 0, 0, 8, 6, 7, 11, 0, 0, 0, 0, 8, 0, 8, 7, 0, 0, 0, 0, 8, 0, 0, 8, 0, 9, 0, 0, 0, 0, 8, 9, 6, : 8, 9, 5, 9, 8, 6, 9, 9, 10, 7, 6, 9, 8, 6, 5, 7, 5, 6, 8, 9, 7, 6, 6, 11, 8, 5, 7, 8, 8, 6, 7, 11, 8, 8, 7, 8, 8, 9, 8, 9, 6, 
312: 0, 0, 0, 5, 0, 0, 9, 9, 6, 0, 0, 6, 0, 9, 10, 6, 0, 11, 8, 0, 8, 7, 7, 0, 0, 9, 0, 0, 0, 0, 6, 10, 0, 0, 8, 0, 0, 0, 7, 0, 6, 8, 0, 9, 0, 5, 0, 0, 8, 9, 6, 8, 9, 0, 7, 8, 6, 10, 7, 0, 8, 5, 8, 8, 0, 0, 0, 0, 0, 7, 9, 0, 0, 0, 8, 7, 0, 0, 0, 0, : 5, 9, 9, 6, 6, 9, 10, 6, 11, 8, 8, 7, 7, 9, 6, 10, 8, 7, 6, 8, 9, 5, 8, 9, 6, 8, 9, 7, 8, 6, 10, 7, 8, 5, 8, 8, 7, 9, 8, 7, 
135: 0, 0, 6, 6, 6, 0, 0, 0, 6, 7, 0, 4, 9, 7, 5, 0, 0, 0, 10, 8, 8, 0, 7, 0, 9, 6, 6, 7, 9, 0, 0, 0, 0, 0, 0, 9, 7, 7, 0, 0, 9, 0, 0, 0, 9, 0, 0, 0, 7, 7, 6, 0, 0, 0, 8, 0, 0, 6, 0, 0, 10, 0, 0, 8, 0, 6, 5, 7, 6, 0, 7, 8, 0, 0, 7, 0, 8, 0, 8, 0, : 6, 6, 6, 6, 7, 4, 9, 7, 5, 10, 8, 8, 7, 9, 6, 6, 7, 9, 9, 7, 7, 9, 9, 7, 7, 6, 8, 6, 10, 8, 6, 5, 7, 6, 7, 8, 7, 8, 8, 
513: 7, 7, 0, 7, 0, 0, 0, 0, 7, 0, 0, 0, 9, 0, 10, 0, 10, 0, 6, 0, 0, 0, 8, 8, 0, 0, 8, 9, 0, 6, 8, 7, 4, 0, 0, 0, 0, 11, 9, 8, 7, 0, 10, 5, 6, 0, 8, 0, 0, 0, 0, 0, 0, 7, 7, 9, 0, 0, 0, 7, 0, 9, 0, 5, 0, 0, 0, 0, 0, 8, 0, 0, 9, 7, 8, 0, 9, 8, 0, 8, : 7, 7, 7, 7, 9, 10, 10, 6, 8, 8, 8, 9, 6, 8, 7, 4, 11, 9, 8, 7, 10, 5, 6, 8, 7, 7, 9, 7, 9, 5, 8, 9, 7, 8, 9, 8, 8, 
6: 0, 7, 7, 10, 0, 9, 9, 0, 0, 0, 0, 6, 0, 9, 5, 8, 0, 6, 0, 6, 0, 0, 6, 10, 0, 9, 7, 0, 0, 0, 0, 8, 0, 7, 7, 0, 9, 6, 0, 0, 7, 6, 7, 7, 6, 9, 0, 0, 0, 0, 8, 0, 0, 10, 0, 7, 6, 0, 7, 8, 0, 8, 0, 7, 0, 7, 0, 9, 0, 5, 0, 0, 9, 8, 6, 0, 6, 0, 8, 5, : 7, 7, 10, 9, 9, 6, 9, 5, 8, 6, 6, 6, 10, 9, 7, 8, 7, 7, 9, 6, 7, 6, 7, 7, 6, 9, 8, 10, 7, 6, 7, 8, 8, 7, 7, 9, 5, 9, 8, 6, 6, 8, 5, 
316: 0, 0, 8, 0, 0, 9, 0, 8, 0, 0, 7, 0, 5, 0, 6, 0, 0, 6, 0, 0, 8, 10, 0, 7, 0, 8, 8, 5, 9, 9, 7, 5, 0, 4, 0, 0, 10, 6, 10, 6, 0, 0, 9, 5, 5, 0, 0, 9, 0, 6, 0, 10, 7, 0, 0, 7, 0, 7, 8, 6, 0, 0, 5, 0, 0, 0, 0, 0, 8, 8, 9, 5, 0, 0, 0, 8, 0, 0, 0, 7, : 8, 9, 8, 7, 5, 6, 6, 8, 10, 7, 8, 8, 5, 9, 9, 7, 5, 4, 10, 6, 10, 6, 9, 5, 5, 9, 6, 10, 7, 7, 7, 8, 6, 5, 8, 8, 9, 5, 8, 7, 
737: 7, 7, 0, 7, 9, 0, 0, 8, 6, 0, 0, 0, 0, 10, 5, 6, 11, 0, 11, 8, 0, 0, 10, 5, 9, 0, 8, 0, 0, 5, 0, 0, 0, 0, 0, 0, 0, 9, 0, 7, 8, 0, 0, 0, 7, 0, 0, 8, 0, 8, 7, 0, 10, 6, 0, 9, 0, 7, 0, 0, 0, 8, 0, 6, 0, 8, 9, 9, 7, 9, 8, 0, 8, 0, 8, 9, 8, 9, 9, 7, : 7, 7, 7, 9, 8, 6, 10, 5, 6, 11, 11, 8, 10, 5, 9, 8, 5, 9, 7, 8, 7, 8, 8, 7, 10, 6, 9, 7, 8, 6, 8, 9, 9, 7, 9, 8, 8, 8, 9, 8, 9, 9, 7, 
673: 0, 0, 0, 6, 6, 7, 0, 0, 11, 8, 0, 0, 0, 10, 0, 0, 8, 4, 9, 0, 0, 9, 0, 6, 7, 0, 0, 8, 0, 8, 0, 0, 10, 8, 0, 7, 9, 7, 0, 11, 0, 0, 0, 0, 0, 0, 7, 0, 6, 8, 7, 0, 0, 4, 9, 0, 0, 7, 0, 6, 0, 0, 0, 0, 8, 0, 0, 8, 8, 0, 0, 7, 8, 9, 0, 8, 0, 7, 7, 0, : 6, 6, 7, 11, 8, 10, 8, 4, 9, 9, 6, 7, 8, 8, 10, 8, 7, 9, 7, 11, 7, 6, 8, 7, 4, 9, 7, 6, 8, 8, 8, 7, 8, 9, 8, 7, 7, 
764: 7, 8, 8, 0, 0, 0, 0, 8, 0, 5, 7, 0, 7, 0, 0, 0, 0, 7, 0, 0, 0, 0, 0, 0, 0, 8, 0, 7, 9, 0, 6, 8, 8, 8, 0, 10, 4, 0, 0, 9, 0, 8, 10, 7, 9, 7, 7, 6, 8, 0, 0, 0, 6, 8, 8, 7, 10, 0, 0, 0, 0, 0, 0, 0, 0, 9, 0, 8, 8, 0, 0, 0, 8, 0, 8, 7, 8, 9, 9, 8, : 7, 8, 8, 8, 5, 7, 7, 7, 8, 7, 9, 6, 8, 8, 8, 10, 4, 9, 8, 10, 7, 9, 7, 7, 6, 8, 6, 8, 8, 7, 10, 9, 8, 8, 8, 8, 7, 8, 9, 9, 8, 
196: 8, 0, 9, 0, 9, 8, 0, 0, 0, 0, 0, 0, 9, 0, 9, 0, 0, 8, 0, 0, 0, 0, 0, 9, 0, 9, 0, 8, 0, 0, 0, 0, 9, 0, 0, 8, 0, 9, 5, 0, 0, 7, 9, 9, 7, 7, 0, 0, 0, 9, 0, 0, 8, 6, 6, 11, 0, 10, 0, 0, 0, 0, 8, 0, 7, 0, 0, 0, 0, 6, 8, 8, 0, 6, 6, 9, 7, 0, 8, 8, : 8, 9, 9, 8, 9, 9, 8, 9, 9, 8, 9, 8, 9, 5, 7, 9, 9, 7, 7, 9, 8, 6, 6, 11, 10, 8, 7, 6, 8, 8, 6, 6, 9, 7, 8, 8, 
212: 7, 0, 7, 9, 6, 7, 0, 0, 0, 8, 0, 7, 0, 0, 0, 9, 4, 0, 0, 0, 0, 9, 5, 0, 0, 0, 0, 8, 0, 0, 9, 7, 0, 0, 0, 9, 10, 9, 7, 7, 6, 0, 7, 10, 9, 10, 0, 6, 0, 5, 0, 9, 0, 9, 0, 0, 7, 8, 6, 5, 0, 8, 10, 0, 4, 0, 0, 8, 5, 0, 0, 0, 0, 0, 7, 7, 9, 8, 6, 0, : 7, 7, 9, 6, 7, 8, 7, 9, 4, 9, 5, 8, 9, 7, 9, 10, 9, 7, 7, 6, 7, 10, 9, 10, 6, 5, 9, 9, 7, 8, 6, 5, 8, 10, 4, 8, 5, 7, 7, 9, 8, 6, 
710: 8, 7, 10, 0, 8, 5, 8, 0, 6, 0, 7, 0, 7, 0, 0, 0, 6, 0, 7, 0, 0, 8, 0, 6, 0, 0, 0, 0, 0, 0, 9, 7, 7, 7, 10, 0, 7, 7, 6, 6, 0, 0, 0, 10, 9, 0, 9, 0, 5, 0, 7, 0, 0, 0, 0, 0, 7, 0, 8, 7, 7, 6, 8, 0, 9, 7, 6, 0, 0, 8, 8, 9, 0, 8, 0, 0, 7, 0, 0, 7, : 8, 7, 10, 8, 5, 8, 6, 7, 7, 6, 7, 8, 6, 9, 7, 7, 7, 10, 7, 7, 6, 6, 10, 9, 9, 5, 7, 7, 8, 7, 7, 6, 8, 9, 7, 6, 8, 8, 9, 8, 7, 7, 
191: 0, 0, 0, 0, 0, 9, 0, 4, 0, 8, 0, 8, 9, 6, 10, 7, 0, 0, 0, 6, 8, 6, 0, 6, 0, 0, 0, 0, 6, 9, 7, 0, 8, 9, 0, 0, 0, 7, 0, 9, 0, 6, 0, 6, 7, 0, 5, 5, 0, 6, 9, 8, 9, 9, 0, 7, 0, 0, 10, 8, 7, 8, 0, 0, 0, 0, 8, 0, 8, 0, 6, 8, 8, 6, 0, 0, 0, 6, 8, 8, : 9, 4, 8, 8, 9, 6, 10, 7, 6, 8, 6, 6, 6, 9, 7, 8, 9, 7, 9, 6, 6, 7, 5, 5, 6, 9, 8, 9, 9, 7, 10, 8, 7, 8, 8, 8, 6, 8, 8, 6, 6, 8, 8, 
795: 0, 0, 7, 0, 0, 0, 0, 0, 0, 9, 9, 9, 0, 0, 6, 0, 6, 0, 6, 0, 7, 0, 0, 8, 0, 7, 9, 8, 9, 9, 0, 0, 8, 9, 6, 10, 7, 0, 7, 8, 8, 0, 0, 0, 0, 0, 6, 9, 7, 0, 0, 0, 7, 8, 6, 0, 9, 5, 0, 0, 0, 0, 0, 0, 0, 9, 8, 0, 0, 0, 6, 0, 0, 9, 0, 8, 6, 0, 0, 6, : 7, 9, 9, 9, 6, 6, 6, 7, 8, 7, 9, 8, 9, 9, 8, 9, 6, 10, 7, 7, 8, 8, 6, 9, 7, 7, 8, 6, 9, 5, 9, 8, 6, 9, 8, 6, 6, 
153: 0, 9, 9, 8, 0, 9, 6, 0, 0, 0, 8, 7, 0, 9, 7, 8, 0, 7, 9, 9, 0, 6, 9, 0, 0, 5, 0, 0, 6, 6, 5, 0, 0, 8, 0, 0, 6, 0, 0, 0, 6, 0, 0, 7, 0, 0, 0, 7, 8, 0, 0, 6, 0, 10, 10, 9, 8, 8, 11, 0, 9, 0, 8, 0, 8, 0, 0, 8, 0, 0, 7, 0, 7, 0, 0, 0, 0, 0, 0, 8, : 9, 9, 8, 9, 6, 8, 7, 9, 7, 8, 7, 9, 9, 6, 9, 5, 6, 6, 5, 8, 6, 6, 7, 7, 8, 6, 10, 10, 9, 8, 8, 11, 9, 8, 8, 8, 7, 7, 8, 
658: 8, 8, 0, 5, 0, 7, 0, 0, 7, 10, 0, 7, 0, 0, 0, 8, 9, 0, 6, 7, 0, 7, 8, 0, 0, 0, 5, 9, 8, 0, 7, 0, 6, 9, 9, 0, 0, 0, 7, 0, 9, 7, 6, 0, 0, 8, 8, 0, 0, 0, 0, 0, 0, 0, 7, 7, 0, 0, 0, 0, 11, 0, 0, 8, 8, 0, 9, 0, 9, 8, 8, 7, 0, 9, 0, 0, 8, 9, 0, 0, : 8, 8, 5, 7, 7, 10, 7, 8, 9, 6, 7, 7, 8, 5, 9, 8, 7, 6, 9, 9, 7, 9, 7, 6, 8, 8, 7, 7, 11, 8, 8, 9, 9, 8, 8, 7, 9, 8, 9, 


758: 8, 7, 0, 0, 0, 6, 0, 0, 8, 4, 7, 9, 0, 9, 0, 8, 9, 8, 0, 9, 8, 0, 9, 0, 0, 7, 9, 0, 0, 7, 6, 0, 7, 0, 0, 6, 0, 8, 0, 9, 0, 0, 0, 0, 10, 0, 0, 0, 0, 0, 0, 0, 10, 7, 5, 0, 9, 8, 11, 0, 10, 0, 10, 7, 7, 0, 6, 0, 0, 0, 0, 0, 0, 0, 8, 0, 8, 0, 8, 0, : 8, 7, 6, 8, 4, 7, 9, 9, 8, 9, 8, 9, 8, 9, 7, 9, 7, 6, 7, 6, 8, 9, 10, 10, 7, 5, 9, 8, 11, 10, 10, 7, 7, 6, 8, 8, 8, 
666: 0, 5, 0, 0, 9, 0, 6, 0, 8, 8, 0, 6, 10, 0, 0, 0, 0, 0, 0, 10, 9, 9, 0, 0, 0, 8, 0, 0, 0, 0, 0, 0, 0, 7, 8, 0, 0, 6, 0, 8, 9, 4, 7, 7, 0, 0, 0, 0, 0, 0, 0, 0, 0, 0, 0, 0, 4, 8, 0, 7, 10, 10, 7, 0, 0, 9, 7, 8, 8, 0, 8, 8, 0, 8, 8, 8, 0, 7, 0, 0, : 5, 9, 6, 8, 8, 6, 10, 10, 9, 9, 8, 7, 8, 6, 8, 9, 4, 7, 7, 4, 8, 7, 10, 10, 7, 9, 7, 8, 8, 8, 8, 8, 8, 8, 7, 
25: 7, 0, 10, 0, 0, 7, 8, 0, 5, 0, 0, 9, 9, 0, 0, 6, 0, 7, 7, 0, 0, 0, 0, 8, 0, 0, 7, 0, 9, 0, 8, 0, 0, 0, 8, 8, 0, 8, 9, 7, 0, 0, 0, 6, 8, 7, 0, 9, 0, 5, 0, 8, 0, 10, 0, 0, 0, 0, 7, 0, 7, 7, 0, 6, 9, 6, 0, 0, 0, 0, 8, 0, 7, 8, 0, 8, 8, 0, 0, 6, : 7, 10, 7, 8, 5, 9, 9, 6, 7, 7, 8, 7, 9, 8, 8, 8, 8, 9, 7, 6, 8, 7, 9, 5, 8, 10, 7, 7, 7, 6, 9, 6, 8, 7, 8, 8, 8, 6, 
45: 8, 0, 7, 7, 7, 8, 0, 0, 8, 8, 0, 6, 9, 10, 7, 9, 6, 0, 0, 0, 0, 9, 6, 0, 7, 0, 0, 8, 9, 0, 0, 9, 0, 9, 0, 7, 0, 0, 6, 0, 0, 8, 0, 0, 7, 0, 0, 7, 9, 6, 7, 9, 0, 0, 7, 0, 0, 0, 0, 10, 0, 0, 7, 0, 7, 0, 8, 0, 8, 6, 0, 0, 8, 6, 0, 0, 0, 7, 7, 0, : 8, 7, 7, 7, 8, 8, 8, 6, 9, 10, 7, 9, 6, 9, 6, 7, 8, 9, 9, 9, 7, 6, 8, 7, 7, 9, 6, 7, 9, 7, 10, 7, 7, 8, 8, 6, 8, 6, 7, 7, 
164: 0, 9, 0, 0, 0, 0, 9, 8, 7, 0, 6, 8, 11, 6, 10, 8, 0, 0, 0, 8, 10, 8, 0, 0, 7, 0, 8, 0, 0, 6, 8, 0, 0, 0, 7, 7, 7, 9, 0, 8, 0, 6, 7, 7, 0, 8, 0, 8, 0, 8, 6, 0, 0, 5, 8, 9, 7, 0, 0, 8, 0, 0, 7, 0, 0, 7, 0, 7, 0, 8, 7, 9, 0, 8, 0, 0, 0, 0, 7, 8, : 9, 9, 8, 7, 6, 8, 11, 6, 10, 8, 8, 10, 8, 7, 8, 6, 8, 7, 7, 7, 9, 8, 6, 7, 7, 8, 8, 8, 6, 5, 8, 9, 7, 8, 7, 7, 7, 8, 7, 9, 8, 7, 8, 
121: 0, 0, 0, 6, 0, 0, 8, 0, 0, 8, 9, 0, 7, 0, 0, 7, 0, 8, 8, 8, 0, 9, 7, 7, 0, 10, 0, 9, 0, 6, 9, 8, 0, 8, 9, 0, 7, 0, 0, 0, 5, 9, 9, 0, 7, 0, 0, 7, 0, 0, 0, 0, 7, 0, 7, 9, 10, 9, 10, 7, 0, 0, 0, 0, 6, 8, 8, 7, 0, 9, 0, 0, 7, 0, 8, 8, 8, 8, 8, 0, : 6, 8, 8, 9, 7, 7, 8, 8, 8, 9, 7, 7, 10, 9, 6, 9, 8, 8, 9, 7, 5, 9, 9, 7, 7, 7, 7, 9, 10, 9, 10, 7, 6, 8, 8, 7, 9, 7, 8, 8, 8, 8, 8, 
551: 0, 7, 8, 10, 0, 0, 0, 7, 0, 7, 0, 0, 8, 0, 0, 0, 9, 8, 0, 0, 8, 0, 0, 0, 7, 0, 8, 0, 0, 0, 0, 8, 8, 0, 7, 8, 6, 8, 8, 5, 0, 0, 0, 9, 7, 8, 7, 0, 7, 0, 6, 6, 10, 0, 0, 0, 0, 9, 0, 7, 8, 7, 0, 9, 0, 0, 0, 7, 7, 7, 0, 0, 8, 7, 0, 8, 8, 0, 7, 0, : 7, 8, 10, 7, 7, 8, 9, 8, 8, 7, 8, 8, 8, 7, 8, 6, 8, 8, 5, 9, 7, 8, 7, 7, 6, 6, 10, 9, 7, 8, 7, 9, 7, 7, 7, 8, 7, 8, 8, 7, 
500: 6, 0, 0, 9, 0, 6, 0, 9, 8, 0, 8, 6, 4, 6, 0, 6, 6, 9, 8, 0, 0, 0, 0, 9, 0, 0, 7, 0, 0, 9, 0, 0, 7, 0, 0, 0, 0, 0, 0, 8, 0, 0, 8, 0, 7, 7, 0, 7, 0, 10, 0, 10, 0, 0, 0, 0, 0, 5, 0, 0, 8, 0, 0, 0, 8, 0, 7, 0, 0, 7, 7, 6, 8, 0, 0, 0, 7, 0, 0, 8, : 6, 9, 6, 9, 8, 8, 6, 4, 6, 6, 6, 9, 8, 9, 7, 9, 7, 8, 8, 7, 7, 7, 10, 10, 5, 8, 8, 7, 7, 7, 6, 8, 7, 8, 
615: 7, 0, 0, 0, 0, 0, 9, 0, 0, 0, 0, 7, 0, 8, 0, 0, 11, 0, 0, 9, 6, 0, 0, 0, 0, 0, 7, 7, 8, 0, 7, 0, 0, 5, 6, 0, 6, 0, 0, 8, 0, 8, 7, 0, 8, 0, 7, 7, 6, 0, 8, 7, 0, 5, 9, 0, 7, 0, 0, 0, 7, 7, 0, 0, 0, 8, 0, 0, 6, 0, 8, 7, 8, 7, 8, 0, 0, 0, 0, 0, : 7, 9, 7, 8, 11, 9, 6, 7, 7, 8, 7, 5, 6, 6, 8, 8, 7, 8, 7, 7, 6, 8, 7, 5, 9, 7, 7, 7, 8, 6, 8, 7, 8, 7, 8, 
249: 5, 0, 7, 5, 6, 6, 0, 0, 5, 0, 0, 5, 0, 0, 9, 0, 0, 0, 9, 6, 0, 9, 0, 9, 0, 9, 6, 7, 0, 0, 0, 0, 9, 6, 9, 0, 6, 0, 0, 8, 7, 0, 9, 0, 7, 0, 7, 0, 0, 0, 10, 5, 8, 0, 0, 9, 0, 0, 0, 8, 8, 0, 0, 0, 7, 7, 0, 9, 0, 7, 0, 8, 7, 8, 0, 0, 0, 8, 0, 7, : 5, 7, 5, 6, 6, 5, 5, 9, 9, 6, 9, 9, 9, 6, 7, 9, 6, 9, 6, 8, 7, 9, 7, 7, 10, 5, 8, 9, 8, 8, 7, 7, 9, 7, 8, 7, 8, 8, 7, 
456: 8, 0, 8, 6, 9, 7, 0, 0, 8, 10, 5, 0, 8, 0, 0, 5, 0, 7, 9, 0, 7, 0, 0, 10, 8, 0, 5, 7, 9, 0, 0, 7, 0, 8, 0, 0, 0, 0, 5, 0, 7, 0, 0, 0, 9, 0, 0, 0, 7, 5, 5, 8, 7, 8, 9, 6, 0, 0, 10, 0, 6, 7, 0, 6, 0, 9, 0, 0, 0, 0, 0, 0, 0, 0, 0, 7, 8, 0, 0, 0, : 8, 8, 6, 9, 7, 8, 10, 5, 8, 5, 7, 9, 7, 10, 8, 5, 7, 9, 7, 8, 5, 7, 9, 7, 5, 5, 8, 7, 8, 9, 6, 10, 6, 7, 6, 9, 7, 8, 
484: 0, 0, 0, 8, 5, 6, 10, 9, 0, 5, 6, 0, 7, 0, 7, 0, 9, 0, 0, 9, 0, 0, 0, 7, 7, 9, 9, 7, 0, 4, 5, 6, 0, 8, 8, 0, 0, 0, 0, 0, 8, 6, 6, 8, 0, 0, 8, 0, 0, 8, 6, 0, 0, 0, 0, 9, 8, 7, 8, 8, 0, 0, 9, 0, 0, 0, 0, 8, 0, 0, 8, 0, 7, 0, 7, 8, 0, 0, 0, 8, : 8, 5, 6, 10, 9, 5, 6, 7, 7, 9, 9, 7, 7, 9, 9, 7, 4, 5, 6, 8, 8, 8, 6, 6, 8, 8, 8, 6, 9, 8, 7, 8, 8, 9, 8, 8, 7, 7, 8, 8, 
88: 0, 8, 4, 8, 8, 0, 0, 6, 0, 0, 0, 0, 0, 9, 0, 0, 0, 8, 8, 7, 7, 7, 0, 7, 0, 0, 7, 8, 8, 6, 0, 8, 10, 7, 0, 0, 9, 8, 0, 5, 8, 8, 0, 0, 0, 8, 7, 8, 8, 5, 0, 0, 0, 0, 0, 0, 0, 7, 5, 11, 0, 0, 0, 10, 6, 0, 0, 0, 0, 0, 8, 0, 0, 0, 0, 0, 7, 8, 7, 8, : 8, 4, 8, 8, 6, 9, 8, 8, 7, 7, 7, 7, 7, 8, 8, 6, 8, 10, 7, 9, 8, 5, 8, 8, 8, 7, 8, 8, 5, 7, 5, 11, 10, 6, 8, 7, 8, 7, 8, 
296: 7, 10, 8, 5, 8, 8, 0, 0, 6, 0, 7, 5, 9, 0, 0, 0, 8, 0, 0, 7, 8, 0, 6, 0, 0, 8, 0, 9, 0, 0, 9, 0, 8, 0, 0, 10, 8, 0, 8, 6, 0, 8, 0, 0, 0, 0, 0, 0, 0, 0, 0, 0, 0, 0, 9, 0, 5, 8, 8, 7, 7, 7, 7, 8, 0, 8, 9, 0, 0, 7, 8, 0, 7, 8, 0, 0, 8, 8, 0, 0, : 7, 10, 8, 5, 8, 8, 6, 7, 5, 9, 8, 7, 8, 6, 8, 9, 9, 8, 10, 8, 8, 6, 8, 9, 5, 8, 8, 7, 7, 7, 7, 8, 8, 9, 7, 8, 7, 8, 8, 8, 
704: 0, 0, 5, 9, 7, 0, 9, 0, 0, 10, 0, 10, 5, 0, 7, 8, 0, 6, 10, 0, 0, 0, 8, 0, 8, 8, 0, 0, 0, 0, 9, 8, 0, 9, 6, 8, 8, 0, 0, 9, 0, 0, 0, 7, 0, 0, 5, 7, 5, 0, 7, 0, 0, 7, 0, 7, 6, 0, 8, 0, 0, 0, 0, 7, 0, 0, 0, 8, 7, 0, 7, 7, 7, 0, 0, 8, 0, 7, 7, 8, : 5, 9, 7, 9, 10, 10, 5, 7, 8, 6, 10, 8, 8, 8, 9, 8, 9, 6, 8, 8, 9, 7, 5, 7, 5, 7, 7, 7, 6, 8, 7, 8, 7, 7, 7, 7, 8, 7, 7, 8, 
355: 8, 0, 0, 0, 8, 0, 7, 5, 0, 0, 0, 9, 0, 0, 8, 0, 0, 8, 0, 8, 7, 0, 9, 7, 8, 0, 0, 0, 0, 8, 0, 6, 0, 0, 0, 0, 8, 8, 9, 0, 0, 8, 0, 0, 9, 7, 7, 9, 7, 0, 8, 0, 5, 6, 10, 10, 0, 8, 0, 10, 5, 0, 0, 0, 7, 6, 0, 8, 8, 8, 7, 0, 0, 7, 7, 7, 8, 0, 8, 0, : 8, 8, 7, 5, 9, 8, 8, 8, 7, 9, 7, 8, 8, 6, 8, 8, 9, 8, 9, 7, 7, 9, 7, 8, 5, 6, 10, 10, 8, 10, 5, 7, 6, 8, 8, 8, 7, 7, 7, 7, 8, 8, 
465: 0, 8, 0, 8, 7, 7, 6, 8, 4, 8, 8, 8, 6, 0, 0, 0, 0, 0, 0, 7, 8, 9, 0, 6, 0, 7, 0, 0, 0, 0, 0, 10, 0, 8, 0, 0, 8, 0, 6, 0, 0, 7, 7, 7, 0, 7, 8, 0, 7, 0, 0, 8, 8, 7, 0, 5, 0, 0, 8, 0, 7, 10, 0, 0, 0, 0, 0, 0, 8, 0, 0, 0, 7, 8, 7, 7, 0, 0, 8, 0, : 8, 8, 7, 7, 6, 8, 4, 8, 8, 8, 6, 7, 8, 9, 6, 7, 10, 8, 8, 6, 7, 7, 7, 7, 8, 7, 8, 8, 7, 5, 8, 7, 10, 8, 7, 8, 7, 7, 8, 
429: 9, 8, 8, 8, 0, 10, 8, 9, 6, 7, 9, 0, 0, 7, 0, 7, 0, 10, 0, 7, 8, 8, 0, 7, 5, 0, 9, 5, 0, 0, 0, 0, 0, 7, 7, 0, 0, 7, 8, 8, 9, 7, 9, 0, 0, 7, 10, 6, 9, 6, 10, 5, 7, 0, 5, 9, 0, 8, 0, 0, 0, 5, 7, 0, 0, 8, 7, 0, 7, 0, 0, 0, 0, 0, 7, 7, 0, 0, 0, 8, : 9, 8, 8, 8, 10, 8, 9, 6, 7, 9, 7, 7, 10, 7, 8, 8, 7, 5, 9, 5, 7, 7, 7, 8, 8, 9, 7, 9, 7, 10, 6, 9, 6, 10, 5, 7, 5, 9, 8, 5, 7, 8, 7, 7, 7, 7, 8, 
18: 0, 8, 8, 0, 7, 8, 0, 9, 9, 0, 0, 8, 0, 8, 5, 0, 5, 7, 0, 6, 0, 8, 0, 5, 0, 6, 7, 8, 0, 0, 0, 0, 6, 7, 8, 6, 0, 7, 8, 0, 7, 9, 0, 0, 8, 0, 0, 0, 7, 9, 6, 9, 6, 0, 9, 0, 0, 5, 7, 6, 0, 6, 0, 0, 9, 0, 6, 8, 8, 0, 0, 0, 0, 7, 0, 8, 0, 8, 8, 0, : 8, 8, 7, 8, 9, 9, 8, 8, 5, 5, 7, 6, 8, 5, 6, 7, 8, 6, 7, 8, 6, 7, 8, 7, 9, 8, 7, 9, 6, 9, 6, 9, 5, 7, 6, 6, 9, 6, 8, 8, 7, 8, 8, 8, 
620: 0, 0, 0, 0, 0, 6, 7, 10, 0, 0, 0, 6, 0, 0, 0, 8, 0, 0, 8, 7, 8, 0, 9, 0, 10, 0, 6, 0, 10, 0, 9, 0, 0, 0, 7, 7, 8, 0, 7, 0, 6, 8, 0, 7, 7, 0, 0, 8, 0, 10, 9, 0, 0, 8, 10, 6, 9, 7, 0, 8, 8, 7, 0, 7, 0, 8, 8, 0, 0, 8, 0, 0, 0, 7, 8, 8, 0, 0, 0, 7, : 6, 7, 10, 6, 8, 8, 7, 8, 9, 10, 6, 10, 9, 7, 7, 8, 7, 6, 8, 7, 7, 8, 10, 9, 8, 10, 6, 9, 7, 8, 8, 7, 7, 8, 8, 8, 7, 8, 8, 7, 
498: 0, 7, 9, 7, 0, 9, 5, 7, 10, 8, 7, 8, 0, 0, 0, 5, 8, 0, 7, 0, 0, 8, 7, 8, 0, 0, 7, 0, 6, 0, 6, 7, 5, 0, 0, 6, 0, 0, 9, 8, 7, 0, 0, 8, 0, 8, 0, 10, 9, 10, 7, 0, 0, 9, 6, 6, 0, 9, 0, 6, 10, 8, 7, 7, 8, 8, 0, 8, 7, 8, 0, 0, 8, 8, 7, 0, 0, 7, 8, 7, : 7, 9, 7, 9, 5, 7, 10, 8, 7, 8, 5, 8, 7, 8, 7, 8, 7, 6, 6, 7, 5, 6, 9, 8, 7, 8, 8, 10, 9, 10, 7, 9, 6, 6, 9, 6, 10, 8, 7, 7, 8, 8, 8, 7, 8, 8, 8, 7, 7, 8, 7, 
471: 0, 8, 7, 0, 7, 0, 8, 0, 0, 0, 8, 0, 8, 0, 8, 0, 0, 8, 7, 0, 0, 7, 7, 0, 7, 9, 0, 0, 0, 9, 0, 0, 8, 0, 0, 0, 0, 7, 0, 6, 10, 0, 0, 0, 0, 7, 7, 0, 8, 0, 5, 0, 10, 6, 7, 0, 9, 8, 0, 0, 6, 10, 0, 10, 9, 0, 0, 6, 0, 8, 0, 0, 7, 0, 8, 0, 7, 0, 7, 8, : 8, 7, 7, 8, 8, 8, 8, 8, 7, 7, 7, 7, 9, 9, 8, 7, 6, 10, 7, 7, 8, 5, 10, 6, 7, 9, 8, 6, 10, 10, 9, 6, 8, 7, 8, 7, 7, 8, 
243: 8, 0, 8, 0, 0, 0, 0, 5, 7, 6, 0, 8, 0, 0, 5, 8, 7, 0, 9, 0, 8, 0, 10, 10, 7, 0, 0, 7, 8, 0, 0, 8, 0, 0, 0, 8, 0, 8, 0, 0, 8, 0, 8, 0, 8, 0, 0, 7, 9, 0, 0, 0, 0, 0, 6, 6, 0, 11, 0, 0, 7, 9, 6, 0, 0, 6, 0, 7, 0, 0, 8, 8, 0, 0, 8, 0, 7, 0, 0, 7, : 8, 8, 5, 7, 6, 8, 5, 8, 7, 9, 8, 10, 10, 7, 7, 8, 8, 8, 8, 8, 8, 8, 7, 9, 6, 6, 11, 7, 9, 6, 6, 7, 8, 8, 8, 7, 7, 
463: 0, 5, 7, 8, 10, 7, 0, 0, 0, 0, 8, 0, 5, 0, 6, 9, 0, 6, 0, 7, 8, 6, 8, 6, 0, 8, 0, 0, 6, 7, 9, 0, 8, 0, 0, 10, 0, 9, 8, 0, 0, 8, 7, 9, 0, 9, 8, 0, 0, 9, 10, 6, 8, 0, 0, 5, 0, 0, 7, 0, 0, 0, 7, 7, 6, 0, 0, 7, 7, 8, 7, 8, 0, 7, 7, 0, 7, 0, 8, 7, : 5, 7, 8, 10, 7, 8, 5, 6, 9, 6, 7, 8, 6, 8, 6, 8, 6, 7, 9, 8, 10, 9, 8, 8, 7, 9, 9, 8, 9, 10, 6, 8, 5, 7, 7, 7, 6, 7, 7, 8, 7, 8, 7, 7, 7, 8, 7, 
781: 7, 0, 7, 0, 8, 7, 6, 0, 0, 8, 10, 0, 0, 5, 8, 0, 6, 8, 0, 8, 0, 5, 9, 8, 0, 0, 0, 7, 7, 0, 10, 6, 0, 0, 0, 0, 9, 0, 7, 0, 9, 7, 8, 0, 0, 6, 8, 0, 8, 7, 0, 0, 5, 8, 0, 0, 6, 6, 8, 0, 0, 7, 5, 0, 0, 6, 7, 0, 8, 0, 7, 0, 8, 0, 8, 0, 0, 0, 0, 0, : 7, 7, 8, 7, 6, 8, 10, 5, 8, 6, 8, 8, 5, 9, 8, 7, 7, 10, 6, 9, 7, 9, 7, 8, 6, 8, 8, 7, 5, 8, 6, 6, 8, 7, 5, 6, 7, 8, 7, 8, 8, 
412: 7, 8, 0, 0, 0, 8, 0, 8, 0, 8, 0, 0, 0, 6, 9, 0, 7, 0, 7, 7, 0, 7, 5, 0, 6, 6, 8, 6, 0, 7, 6, 9, 8, 8, 8, 0, 7, 0, 10, 0, 8, 10, 0, 7, 0, 8, 0, 0, 5, 8, 0, 0, 7, 10, 0, 0, 0, 0, 5, 0, 7, 0, 10, 8, 9, 0, 8, 8, 0, 0, 0, 7, 0, 8, 0, 6, 0, 0, 0, 7, : 7, 8, 8, 8, 8, 6, 9, 7, 7, 7, 7, 5, 6, 6, 8, 6, 7, 6, 9, 8, 8, 8, 7, 10, 8, 10, 7, 8, 5, 8, 7, 10, 5, 7, 10, 8, 9, 8, 8, 7, 8, 6, 7, 
594: 0, 0, 8, 9, 0, 0, 8, 0, 0, 0, 0, 0, 0, 5, 8, 5, 0, 10, 7, 8, 0, 8, 7, 0, 8, 8, 0, 0, 10, 9, 8, 0, 7, 0, 7, 0, 7, 0, 8, 0, 4, 0, 0, 8, 8, 7, 0, 0, 0, 0, 0, 10, 5, 7, 8, 0, 9, 0, 7, 8, 0, 0, 0, 0, 7, 9, 8, 7, 0, 7, 0, 0, 8, 0, 0, 7, 0, 8, 7, 8, : 8, 9, 8, 5, 8, 5, 10, 7, 8, 8, 7, 8, 8, 10, 9, 8, 7, 7, 7, 8, 4, 8, 8, 7, 10, 5, 7, 8, 9, 7, 8, 7, 9, 8, 7, 7, 8, 7, 8, 7, 8, 
40: 0, 8, 0, 0, 9, 0, 0, 4, 0, 0, 8, 8, 6, 8, 6, 0, 0, 6, 7, 0, 0, 7, 5, 9, 0, 6, 0, 0, 6, 10, 6, 0, 0, 7, 0, 0, 9, 6, 0, 0, 0, 0, 0, 9, 0, 0, 6, 6, 7, 0, 0, 0, 8, 9, 0, 7, 0, 0, 7, 0, 8, 7, 0, 0, 8, 0, 0, 8, 0, 8, 0, 7, 0, 7, 6, 7, 8, 0, 8, 0, : 8, 9, 4, 8, 8, 6, 8, 6, 6, 7, 7, 5, 9, 6, 6, 10, 6, 7, 9, 6, 9, 6, 6, 7, 8, 9, 7, 7, 8, 7, 8, 8, 8, 7, 7, 6, 7, 8, 8, 
320: 8, 0, 8, 0, 8, 9, 8, 0, 0, 0, 4, 0, 0, 0, 10, 8, 7, 0, 6, 0, 0, 0, 7, 0, 6, 0, 9, 0, 0, 9, 0, 0, 8, 0, 8, 8, 0, 8, 0, 0, 7, 6, 7, 0, 0, 0, 9, 7, 0, 6, 0, 9, 9, 8, 0, 0, 0, 0, 6, 5, 0, 0, 8, 9, 0, 0, 0, 7, 0, 0, 7, 8, 0, 0, 0, 0, 0, 8, 7, 0, : 8, 8, 8, 9, 8, 4, 10, 8, 7, 6, 7, 6, 9, 9, 8, 8, 8, 8, 7, 6, 7, 9, 7, 6, 9, 9, 8, 6, 5, 8, 9, 7, 7, 8, 8, 7, 
309: 0, 8, 0, 0, 0, 8, 0, 0, 10, 0, 0, 0, 0, 10, 6, 0, 10, 0, 0, 0, 0, 7, 0, 7, 8, 0, 0, 9, 7, 8, 0, 0, 0, 8, 0, 7, 0, 0, 0, 8, 0, 8, 7, 8, 0, 5, 0, 9, 0, 7, 0, 7, 0, 0, 0, 9, 0, 0, 0, 0, 0, 7, 7, 5, 0, 0, 0, 6, 8, 8, 0, 8, 6, 8, 0, 0, 7, 8, 0, 0, : 8, 8, 10, 10, 6, 10, 7, 7, 8, 9, 7, 8, 8, 7, 8, 8, 7, 8, 5, 9, 7, 7, 9, 7, 7, 5, 6, 8, 8, 8, 6, 8, 7, 8, 
30: 0, 7, 0, 7, 7, 0, 0, 9, 8, 0, 8, 0, 0, 5, 0, 8, 6, 6, 9, 8, 7, 0, 9, 7, 0, 5, 0, 7, 8, 0, 7, 6, 8, 0, 0, 0, 9, 6, 0, 7, 0, 0, 0, 0, 0, 9, 6, 8, 0, 7, 0, 7, 9, 9, 0, 9, 0, 7, 0, 8, 0, 0, 7, 0, 0, 0, 8, 0, 0, 6, 7, 0, 8, 0, 0, 8, 8, 0, 0, 8, : 7, 7, 7, 9, 8, 8, 5, 8, 6, 6, 9, 8, 7, 9, 7, 5, 7, 8, 7, 6, 8, 9, 6, 7, 9, 6, 8, 7, 7, 9, 9, 9, 7, 8, 7, 8, 6, 7, 8, 8, 8, 8, 
86: 8, 0, 7, 8, 8, 8, 0, 5, 0, 0, 0, 0, 7, 7, 0, 0, 8, 0, 4, 0, 0, 0, 8, 0, 0, 8, 7, 7, 7, 7, 8, 0, 9, 7, 8, 8, 8, 7, 0, 0, 8, 0, 7, 0, 0, 6, 7, 0, 0, 0, 9, 8, 0, 0, 7, 0, 8, 0, 0, 0, 0, 7, 0, 6, 8, 0, 6, 8, 0, 0, 0, 8, 8, 0, 0, 7, 0, 7, 0, 0, : 8, 7, 8, 8, 8, 5, 7, 7, 8, 4, 8, 8, 7, 7, 7, 7, 8, 9, 7, 8, 8, 8, 7, 8, 7, 6, 7, 9, 8, 7, 8, 7, 6, 8, 6, 8, 8, 8, 7, 7, 
27: 8, 7, 0, 0, 5, 0, 8, 0, 0, 7, 0, 10, 9, 6, 0, 0, 7, 0, 6, 0, 6, 0, 0, 0, 0, 7, 0, 8, 6, 8, 6, 7, 7, 6, 0, 9, 0, 9, 7, 0, 9, 0, 9, 7, 0, 8, 8, 0, 0, 0, 0, 9, 8, 0, 0, 0, 5, 0, 0, 0, 0, 0, 10, 7, 8, 6, 8, 0, 7, 0, 6, 7, 0, 0, 8, 7, 0, 7, 6, 0, : 8, 7, 5, 8, 7, 10, 9, 6, 7, 6, 6, 7, 8, 6, 8, 6, 7, 7, 6, 9, 9, 7, 9, 9, 7, 8, 8, 9, 8, 5, 10, 7, 8, 6, 8, 7, 6, 7, 8, 7, 7, 6, 
290: 0, 0, 0, 0, 0, 0, 0, 0, 0, 8, 10, 0, 8, 0, 9, 0, 8, 6, 0, 0, 8, 0, 0, 0, 0, 7, 0, 0, 6, 6, 0, 5, 0, 0, 0, 6, 0, 6, 6, 10, 0, 7, 0, 4, 0, 0, 9, 0, 7, 0, 9, 6, 0, 0, 0, 0, 5, 4, 0, 7, 0, 0, 0, 7, 0, 0, 8, 0, 6, 0, 9, 0, 8, 0, 7, 0, 0, 8, 0, 0, : 8, 10, 8, 9, 8, 6, 8, 7, 6, 6, 5, 6, 6, 6, 10, 7, 4, 9, 7, 9, 6, 5, 4, 7, 7, 8, 6, 9, 8, 7, 8, 
588: 8, 0, 0, 7, 0, 0, 0, 7, 7, 0, 0, 0, 0, 8, 9, 6, 0, 8, 0, 0, 0, 0, 7, 0, 9, 0, 0, 0, 0, 9, 7, 9, 6, 0, 7, 6, 0, 0, 7, 0, 0, 0, 9, 0, 6, 0, 0, 5, 0, 0, 0, 0, 0, 0, 9, 8, 11, 0, 6, 6, 0, 0, 0, 8, 0, 8, 6, 8, 9, 0, 8, 7, 0, 8, 8, 8, 7, 7, 8, 8, : 8, 7, 7, 7, 8, 9, 6, 8, 7, 9, 9, 7, 9, 6, 7, 6, 7, 9, 6, 5, 9, 8, 11, 6, 6, 8, 8, 6, 8, 9, 8, 7, 8, 8, 8, 7, 7, 8, 8, 
304: 8, 7, 9, 8, 0, 0, 8, 0, 8, 5, 6, 10, 6, 0, 0, 10, 0, 0, 0, 0, 4, 5, 7, 0, 8, 0, 0, 0, 4, 7, 0, 0, 9, 9, 0, 0, 6, 8, 7, 0, 8, 0, 4, 9, 7, 8, 9, 0, 8, 9, 0, 7, 5, 7, 0, 6, 0, 0, 8, 7, 8, 0, 8, 0, 0, 7, 9, 0, 8, 7, 0, 8, 0, 7, 0, 0, 6, 8, 8, 0, : 8, 7, 9, 8, 8, 8, 5, 6, 10, 6, 10, 4, 5, 7, 8, 4, 7, 9, 9, 6, 8, 7, 8, 4, 9, 7, 8, 9, 8, 9, 7, 5, 7, 6, 8, 7, 8, 8, 7, 9, 8, 7, 8, 7, 6, 8, 8, 
630: 7, 0, 0, 7, 0, 0, 6, 8, 0, 0, 6, 0, 0, 9, 0, 10, 0, 0, 6, 0, 0, 0, 0, 0, 7, 0, 9, 9, 7, 0, 0, 0, 7, 8, 6, 8, 8, 0, 0, 6, 0, 0, 8, 0, 4, 0, 7, 7, 0, 9, 7, 0, 0, 6, 7, 0, 9, 6, 7, 0, 7, 8, 7, 7, 6, 9, 8, 0, 0, 7, 0, 7, 0, 0, 7, 0, 8, 7, 0, 8, : 7, 7, 6, 8, 6, 9, 10, 6, 7, 9, 9, 7, 7, 8, 6, 8, 8, 6, 8, 4, 7, 7, 9, 7, 6, 7, 9, 6, 7, 7, 8, 7, 7, 6, 9, 8, 7, 7, 7, 8, 7, 8, 
409: 8, 0, 0, 0, 7, 0, 6, 0, 10, 6, 0, 0, 8, 0, 8, 9, 8, 0, 8, 0, 7, 0, 0, 8, 7, 0, 8, 9, 0, 8, 0, 10, 0, 0, 0, 0, 0, 0, 0, 7, 0, 0, 0, 8, 7, 10, 0, 0, 7, 0, 0, 6, 0, 0, 7, 0, 10, 10, 0, 6, 0, 7, 0, 0, 6, 0, 0, 0, 8, 8, 7, 7, 0, 0, 0, 8, 7, 6, 8, 7, : 8, 7, 6, 10, 6, 8, 8, 9, 8, 8, 7, 8, 7, 8, 9, 8, 10, 7, 8, 7, 10, 7, 6, 7, 10, 10, 6, 7, 6, 8, 8, 7, 7, 8, 7, 6, 8, 7, 
363: 0, 8, 7, 0, 0, 9, 0, 7, 8, 9, 0, 4, 0, 11, 5, 0, 0, 0, 0, 4, 0, 6, 0, 5, 10, 7, 7, 6, 9, 0, 7, 8, 0, 8, 10, 0, 6, 0, 7, 9, 0, 0, 7, 7, 8, 0, 0, 8, 0, 0, 9, 0, 0, 0, 0, 7, 7, 0, 7, 0, 6, 0, 7, 9, 9, 0, 8, 0, 8, 8, 0, 8, 8, 8, 0, 0, 8, 0, 0, 0, : 8, 7, 9, 7, 8, 9, 4, 11, 5, 4, 6, 5, 10, 7, 7, 6, 9, 7, 8, 8, 10, 6, 7, 9, 7, 7, 8, 8, 9, 7, 7, 7, 6, 7, 9, 9, 8, 8, 8, 8, 8, 8, 8, 
721: 0, 7, 0, 0, 0, 0, 0, 10, 0, 10, 10, 0, 0, 7, 0, 0, 5, 6, 0, 0, 8, 8, 0, 0, 0, 7, 0, 0, 0, 0, 0, 5, 5, 0, 6, 7, 0, 7, 0, 0, 6, 8, 0, 8, 8, 0, 0, 0, 10, 6, 6, 0, 8, 8, 5, 8, 6, 0, 0, 0, 0, 7, 7, 0, 0, 7, 0, 0, 7, 0, 8, 7, 0, 0, 8, 0, 0, 8, 0, 7, : 7, 10, 10, 10, 7, 5, 6, 8, 8, 7, 5, 5, 6, 7, 7, 6, 8, 8, 8, 10, 6, 6, 8, 8, 5, 8, 6, 7, 7, 7, 7, 8, 7, 8, 8, 7, 


