
120
600
450
5

250: 9, 9, 7, 8, 0, 0, 0, 0, 0, 0, 9, 0, 8, 0, 8, 7, 7, 0, 0, 0, 0, 0, 9, 0, 9, 6, 9, 8, 0, 11, 7, 0, 7, 0, 8, 9, 0, 8, 0, 0, 8, 8, 7, 0, 9, 0, 0, 0, 0, 10, 10, 5, 0, 8, 6, 0, 0, 0, 8, 9, 0, 8, 0, 0, 0, 0, 0, 0, 0, 0, 8, 0, 6, 9, 6, 7, 0, 0, 6, 7, 7, 0, 7, 0, 0, 8, 0, 8, 0, 0, 8, 0, 0, 7, 0, 0, 0, 6, 7, 8, 9, 8, 8, 0, 0, 7, 6, 8, 10, 0, 9, 0, 0, 0, 9, 0, 7, 7, 8, 0, : 9, 9, 7, 8, 9, 8, 8, 7, 7, 9, 9, 6, 9, 8, 11, 7, 7, 8, 9, 8, 8, 8, 7, 9, 10, 10, 5, 8, 6, 8, 9, 8, 8, 6, 9, 6, 7, 6, 7, 7, 7, 8, 8, 8, 7, 6, 7, 8, 9, 8, 8, 7, 6, 8, 10, 9, 9, 7, 7, 8, 
78: 0, 0, 0, 7, 0, 9, 8, 9, 5, 8, 0, 0, 6, 0, 0, 0, 0, 9, 5, 0, 8, 0, 0, 9, 0, 0, 9, 9, 0, 6, 8, 8, 0, 7, 0, 0, 0, 5, 6, 8, 0, 0, 10, 7, 4, 8, 7, 0, 0, 0, 0, 0, 7, 0, 0, 8, 0, 0, 0, 4, 0, 5, 0, 0, 6, 9, 7, 0, 6, 5, 0, 8, 6, 9, 7, 0, 0, 0, 8, 8, 10, 7, 0, 9, 0, 9, 7, 0, 0, 6, 8, 10, 9, 0, 8, 7, 8, 0, 8, 9, 0, 0, 6, 7, 0, 7, 0, 0, 0, 0, 6, 9, 0, 0, 6, 7, 5, 7, 5, 9, : 7, 9, 8, 9, 5, 8, 6, 9, 5, 8, 9, 9, 9, 6, 8, 8, 7, 5, 6, 8, 10, 7, 4, 8, 7, 7, 8, 4, 5, 6, 9, 7, 6, 5, 8, 6, 9, 7, 8, 8, 10, 7, 9, 9, 7, 6, 8, 10, 9, 8, 7, 8, 8, 9, 6, 7, 7, 6, 9, 6, 7, 5, 7, 5, 9, 
398: 0, 0, 0, 0, 0, 10, 0, 9, 6, 8, 0, 7, 0, 0, 4, 0, 0, 0, 9, 8, 0, 0, 0, 0, 0, 0, 6, 0, 0, 4, 8, 0, 6, 10, 0, 0, 0, 0, 6, 9, 0, 0, 0, 0, 8, 6, 0, 9, 8, 0, 0, 0, 0, 0, 0, 8, 8, 11, 6, 0, 8, 0, 0, 0, 6, 0, 7, 0, 0, 11, 0, 0, 0, 0, 0, 8, 7, 9, 6, 6, 0, 0, 7, 0, 0, 6, 0, 7, 9, 7, 0, 7, 0, 8, 0, 8, 0, 0, 10, 10, 0, 0, 7, 7, 0, 0, 7, 6, 0, 6, 7, 7, 5, 0, 0, 0, 0, 5, 7, 0, : 10, 9, 6, 8, 7, 4, 9, 8, 6, 4, 8, 6, 10, 6, 9, 8, 6, 9, 8, 8, 8, 11, 6, 8, 6, 7, 11, 8, 7, 9, 6, 6, 7, 6, 7, 9, 7, 7, 8, 8, 10, 10, 7, 7, 7, 6, 6, 7, 7, 5, 5, 7, 
360: 0, 4, 0, 0, 7, 0, 8, 8, 0, 5, 9, 0, 0, 7, 0, 0, 0, 5, 0, 0, 8, 7, 9, 0, 0, 0, 9, 6, 0, 9, 0, 0, 0, 9, 10, 0, 7, 0, 8, 0, 0, 0, 8, 0, 0, 0, 7, 0, 6, 0, 7, 6, 0, 0, 0, 8, 6, 0, 6, 6, 0, 0, 0, 7, 7, 9, 5, 0, 9, 7, 11, 6, 0, 0, 8, 10, 0, 9, 7, 7, 7, 7, 10, 0, 0, 5, 0, 0, 0, 8, 6, 0, 5, 0, 6, 9, 9, 9, 7, 5, 5, 0, 0, 0, 0, 10, 0, 0, 0, 10, 0, 5, 9, 8, 0, 7, 0, 4, 0, 8, : 4, 7, 8, 8, 5, 9, 7, 5, 8, 7, 9, 9, 6, 9, 9, 10, 7, 8, 8, 7, 6, 7, 6, 8, 6, 6, 6, 7, 7, 9, 5, 9, 7, 11, 6, 8, 10, 9, 7, 7, 7, 7, 10, 5, 8, 6, 5, 6, 9, 9, 9, 7, 5, 5, 10, 10, 5, 9, 8, 7, 4, 8, 
267: 0, 7, 6, 0, 0, 8, 7, 7, 0, 0, 10, 6, 9, 0, 0, 0, 8, 0, 0, 0, 8, 7, 9, 0, 0, 0, 6, 0, 7, 0, 7, 7, 0, 5, 0, 8, 0, 8, 0, 8, 8, 8, 7, 0, 0, 9, 10, 9, 0, 0, 0, 8, 0, 7, 0, 6, 0, 0, 0, 8, 0, 8, 0, 9, 0, 0, 0, 0, 6, 0, 6, 0, 8, 0, 10, 7, 5, 0, 0, 0, 0, 0, 8, 0, 0, 10, 9, 6, 0, 0, 7, 0, 9, 9, 0, 0, 4, 0, 7, 0, 8, 7, 0, 9, 9, 7, 0, 0, 9, 8, 0, 0, 10, 8, 0, 8, 0, 6, 9, 0, : 7, 6, 8, 7, 7, 10, 6, 9, 8, 8, 7, 9, 6, 7, 7, 7, 5, 8, 8, 8, 8, 8, 7, 9, 10, 9, 8, 7, 6, 8, 8, 9, 6, 6, 8, 10, 7, 5, 8, 10, 9, 6, 7, 9, 9, 4, 7, 8, 7, 9, 9, 7, 9, 8, 10, 8, 8, 6, 9, 
136: 7, 7, 0, 0, 9, 0, 0, 0, 0, 0, 7, 0, 0, 5, 0, 9, 0, 0, 6, 10, 0, 0, 0, 0, 0, 5, 0, 7, 0, 7, 0, 8, 9, 0, 7, 7, 7, 8, 0, 8, 9, 8, 7, 0, 0, 0, 0, 7, 8, 0, 0, 0, 0, 6, 0, 7, 7, 9, 8, 7, 0, 5, 0, 0, 8, 0, 0, 6, 0, 0, 8, 0, 8, 0, 8, 0, 9, 0, 6, 0, 6, 7, 7, 4, 7, 8, 0, 0, 0, 0, 4, 9, 7, 7, 6, 0, 0, 0, 0, 0, 5, 6, 0, 0, 0, 9, 0, 10, 5, 0, 0, 10, 0, 7, 0, 0, 9, 10, 7, 0, : 7, 7, 9, 7, 5, 9, 6, 10, 5, 7, 7, 8, 9, 7, 7, 7, 8, 8, 9, 8, 7, 7, 8, 6, 7, 7, 9, 8, 7, 5, 8, 6, 8, 8, 8, 9, 6, 6, 7, 7, 4, 7, 8, 4, 9, 7, 7, 6, 5, 6, 9, 10, 5, 10, 7, 9, 10, 7, 
133: 8, 0, 6, 8, 0, 5, 0, 8, 0, 8, 7, 0, 0, 0, 7, 0, 8, 8, 4, 6, 8, 8, 0, 0, 9, 8, 0, 9, 0, 0, 0, 8, 0, 0, 0, 8, 9, 0, 0, 0, 10, 0, 0, 0, 8, 8, 0, 7, 8, 8, 10, 6, 0, 6, 0, 5, 6, 0, 6, 0, 8, 8, 0, 0, 0, 9, 0, 0, 0, 7, 6, 8, 10, 0, 0, 6, 0, 0, 0, 8, 10, 0, 9, 0, 0, 9, 0, 0, 10, 10, 0, 0, 0, 0, 6, 0, 0, 6, 0, 9, 0, 0, 7, 7, 7, 0, 0, 0, 0, 0, 7, 8, 8, 8, 0, 0, 7, 10, 6, 10, : 8, 6, 8, 5, 8, 8, 7, 7, 8, 8, 4, 6, 8, 8, 9, 8, 9, 8, 8, 9, 10, 8, 8, 7, 8, 8, 10, 6, 6, 5, 6, 6, 8, 8, 9, 7, 6, 8, 10, 6, 8, 10, 9, 9, 10, 10, 6, 6, 9, 7, 7, 7, 7, 8, 8, 8, 7, 10, 6, 10, 
28: 0, 0, 7, 0, 7, 8, 8, 8, 0, 8, 0, 0, 9, 0, 0, 9, 9, 0, 8, 0, 0, 10, 8, 8, 5, 0, 0, 9, 7, 0, 0, 7, 7, 0, 6, 6, 7, 0, 0, 9, 0, 5, 9, 7, 7, 0, 7, 6, 0, 0, 0, 0, 9, 8, 7, 7, 0, 9, 4, 8, 6, 9, 0, 0, 5, 0, 8, 6, 0, 9, 0, 0, 9, 6, 0, 8, 10, 6, 0, 5, 0, 9, 6, 0, 7, 7, 0, 0, 7, 0, 0, 5, 0, 8, 0, 0, 6, 8, 8, 10, 0, 0, 0, 10, 0, 5, 0, 0, 0, 0, 10, 0, 6, 9, 6, 0, 6, 6, 0, 8, : 7, 7, 8, 8, 8, 8, 9, 9, 9, 8, 10, 8, 8, 5, 9, 7, 7, 7, 6, 6, 7, 9, 5, 9, 7, 7, 7, 6, 9, 8, 7, 7, 9, 4, 8, 6, 9, 5, 8, 6, 9, 9, 6, 8, 10, 6, 5, 9, 6, 7, 7, 7, 5, 8, 6, 8, 8, 10, 10, 5, 10, 6, 9, 6, 6, 6, 8, 
369: 7, 0, 6, 6, 9, 0, 0, 7, 8, 0, 8, 7, 0, 8, 0, 5, 7, 10, 0, 5, 6, 7, 9, 0, 0, 0, 0, 6, 11, 8, 10, 0, 0, 0, 7, 7, 8, 0, 0, 0, 0, 8, 0, 8, 0, 5, 0, 0, 0, 0, 0, 0, 0, 7, 0, 7, 5, 10, 7, 0, 0, 6, 5, 0, 7, 0, 0, 0, 0, 8, 0, 0, 0, 11, 0, 0, 0, 5, 0, 4, 0, 9, 0, 7, 0, 6, 6, 6, 10, 4, 0, 7, 7, 0, 0, 0, 0, 7, 5, 11, 9, 0, 9, 10, 0, 10, 0, 7, 7, 0, 0, 8, 8, 9, 5, 8, 7, 0, 0, 9, : 7, 6, 6, 9, 7, 8, 8, 7, 8, 5, 7, 10, 5, 6, 7, 9, 6, 11, 8, 10, 7, 7, 8, 8, 8, 5, 7, 7, 5, 10, 7, 6, 5, 7, 8, 11, 5, 4, 9, 7, 6, 6, 6, 10, 4, 7, 7, 7, 5, 11, 9, 9, 10, 10, 7, 7, 8, 8, 9, 5, 8, 7, 9, 
371: 8, 8, 0, 0, 0, 0, 9, 8, 0, 5, 0, 0, 7, 0, 0, 0, 8, 0, 8, 8, 0, 0, 7, 8, 8, 8, 0, 9, 0, 5, 10, 0, 10, 7, 0, 0, 0, 0, 10, 0, 0, 0, 0, 8, 0, 8, 0, 0, 9, 10, 0, 0, 5, 9, 9, 8, 0, 7, 0, 8, 0, 0, 6, 0, 0, 9, 6, 0, 0, 7, 6, 5, 8, 0, 0, 0, 8, 8, 7, 6, 0, 10, 7, 8, 9, 0, 0, 6, 5, 4, 7, 0, 0, 0, 7, 6, 0, 0, 0, 7, 0, 0, 8, 0, 0, 6, 6, 9, 10, 0, 0, 0, 0, 8, 8, 0, 10, 6, 9, 0, : 8, 8, 9, 8, 5, 7, 8, 8, 8, 7, 8, 8, 8, 9, 5, 10, 10, 7, 10, 8, 8, 9, 10, 5, 9, 9, 8, 7, 8, 6, 9, 6, 7, 6, 5, 8, 8, 8, 7, 6, 10, 7, 8, 9, 6, 5, 4, 7, 7, 6, 7, 8, 6, 6, 9, 10, 8, 8, 10, 6, 9, 
174: 7, 0, 6, 0, 6, 0, 8, 0, 9, 6, 5, 0, 8, 7, 0, 0, 8, 0, 8, 0, 0, 0, 7, 0, 8, 8, 0, 0, 4, 0, 0, 9, 8, 0, 8, 6, 6, 0, 0, 7, 7, 0, 0, 7, 8, 0, 0, 6, 0, 0, 0, 0, 9, 0, 6, 0, 9, 8, 8, 0, 5, 0, 0, 7, 0, 6, 5, 8, 8, 8, 10, 6, 0, 0, 9, 6, 0, 0, 8, 7, 0, 8, 6, 0, 8, 9, 0, 0, 0, 6, 0, 7, 0, 8, 0, 0, 8, 8, 0, 7, 9, 0, 6, 0, 9, 0, 0, 0, 7, 0, 8, 9, 6, 10, 0, 0, 7, 0, 8, 9, : 7, 6, 6, 8, 9, 6, 5, 8, 7, 8, 8, 7, 8, 8, 4, 9, 8, 8, 6, 6, 7, 7, 7, 8, 6, 9, 6, 9, 8, 8, 5, 7, 6, 5, 8, 8, 8, 10, 6, 9, 6, 8, 7, 8, 6, 8, 9, 6, 7, 8, 8, 8, 7, 9, 6, 9, 7, 8, 9, 6, 10, 7, 8, 9, 
442: 8, 0, 7, 7, 7, 6, 7, 10, 9, 0, 6, 0, 0, 8, 0, 0, 4, 0, 0, 0, 0, 8, 6, 6, 9, 9, 8, 6, 0, 7, 5, 0, 0, 10, 0, 0, 0, 7, 7, 0, 6, 9, 8, 0, 8, 8, 0, 5, 6, 0, 7, 0, 6, 0, 9, 7, 0, 0, 11, 9, 8, 7, 0, 0, 0, 0, 9, 0, 0, 7, 0, 11, 9, 9, 7, 9, 0, 0, 0, 5, 0, 10, 10, 0, 8, 7, 0, 0, 9, 0, 9, 7, 0, 8, 0, 0, 8, 7, 0, 0, 7, 0, 9, 8, 8, 5, 8, 7, 0, 4, 6, 0, 0, 9, 8, 0, 7, 0, 7, 7, : 8, 7, 7, 7, 6, 7, 10, 9, 6, 8, 4, 8, 6, 6, 9, 9, 8, 6, 7, 5, 10, 7, 7, 6, 9, 8, 8, 8, 5, 6, 7, 6, 9, 7, 11, 9, 8, 7, 9, 7, 11, 9, 9, 7, 9, 5, 10, 10, 8, 7, 9, 9, 7, 8, 8, 7, 7, 9, 8, 8, 5, 8, 7, 4, 6, 9, 8, 7, 7, 7, 
238: 0, 0, 0, 0, 0, 0, 0, 8, 0, 7, 0, 0, 10, 5, 8, 0, 0, 7, 0, 0, 10, 9, 0, 6, 0, 0, 8, 4, 8, 0, 9, 0, 7, 0, 8, 7, 0, 0, 8, 7, 0, 6, 8, 0, 0, 6, 0, 0, 0, 7, 9, 7, 0, 8, 0, 10, 0, 6, 8, 5, 7, 0, 0, 6, 0, 0, 0, 0, 0, 7, 0, 0, 6, 8, 6, 0, 7, 9, 0, 7, 5, 7, 8, 0, 0, 6, 0, 0, 0, 0, 0, 0, 0, 0, 0, 7, 5, 6, 0, 7, 0, 9, 0, 0, 6, 0, 8, 6, 8, 0, 7, 0, 0, 7, 0, 6, 0, 0, 5, 9, : 8, 7, 10, 5, 8, 7, 10, 9, 6, 8, 4, 8, 9, 7, 8, 7, 8, 7, 6, 8, 6, 7, 9, 7, 8, 10, 6, 8, 5, 7, 6, 7, 6, 8, 6, 7, 9, 7, 5, 7, 8, 6, 7, 5, 6, 7, 9, 6, 8, 6, 8, 7, 7, 6, 5, 9, 
467: 0, 8, 4, 0, 8, 6, 0, 0, 8, 9, 0, 8, 0, 0, 8, 7, 7, 0, 0, 8, 7, 0, 6, 6, 0, 0, 0, 0, 8, 0, 0, 0, 10, 7, 7, 0, 7, 7, 0, 6, 5, 0, 0, 0, 0, 0, 6, 0, 7, 0, 9, 0, 0, 9, 0, 0, 0, 7, 9, 0, 8, 0, 10, 0, 9, 5, 0, 7, 0, 10, 0, 10, 7, 6, 6, 0, 8, 9, 0, 0, 6, 0, 0, 0, 0, 0, 0, 7, 9, 5, 0, 0, 0, 9, 8, 0, 0, 0, 6, 6, 0, 0, 0, 8, 0, 9, 6, 4, 7, 0, 9, 6, 6, 8, 6, 6, 8, 10, 0, 7, : 8, 4, 8, 6, 8, 9, 8, 8, 7, 7, 8, 7, 6, 6, 8, 10, 7, 7, 7, 7, 6, 5, 6, 7, 9, 9, 7, 9, 8, 10, 9, 5, 7, 10, 10, 7, 6, 6, 8, 9, 6, 7, 9, 5, 9, 8, 6, 6, 8, 9, 6, 4, 7, 9, 6, 6, 8, 6, 6, 8, 10, 7, 
194: 8, 6, 0, 5, 0, 8, 0, 9, 8, 0, 7, 0, 0, 0, 7, 7, 6, 0, 7, 0, 8, 0, 10, 4, 6, 9, 6, 0, 7, 7, 8, 10, 0, 8, 0, 8, 0, 6, 0, 7, 0, 8, 0, 7, 6, 6, 8, 9, 8, 7, 9, 10, 7, 7, 0, 5, 0, 0, 0, 0, 7, 0, 0, 9, 0, 0, 8, 0, 8, 8, 5, 6, 0, 9, 5, 0, 7, 0, 0, 7, 5, 8, 0, 0, 8, 7, 0, 8, 0, 8, 7, 9, 5, 0, 6, 7, 6, 0, 9, 0, 6, 0, 6, 0, 0, 7, 0, 0, 0, 6, 0, 0, 6, 9, 6, 7, 6, 0, 0, 0, : 8, 6, 5, 8, 9, 8, 7, 7, 7, 6, 7, 8, 10, 4, 6, 9, 6, 7, 7, 8, 10, 8, 8, 6, 7, 8, 7, 6, 6, 8, 9, 8, 7, 9, 10, 7, 7, 5, 7, 9, 8, 8, 8, 5, 6, 9, 5, 7, 7, 5, 8, 8, 7, 8, 8, 7, 9, 5, 6, 7, 6, 9, 6, 6, 7, 6, 6, 9, 6, 7, 6, 
561: 7, 9, 9, 8, 0, 0, 0, 0, 8, 8, 6, 9, 0, 7, 0, 10, 0, 8, 8, 8, 0, 0, 0, 0, 5, 0, 0, 0, 8, 6, 7, 0, 0, 7, 0, 0, 7, 0, 0, 7, 8, 0, 0, 9, 0, 0, 0, 10, 0, 0, 10, 8, 5, 0, 0, 0, 0, 6, 7, 0, 7, 0, 9, 0, 0, 0, 10, 6, 0, 0, 0, 7, 0, 6, 7, 5, 8, 8, 7, 0, 0, 0, 0, 6, 0, 0, 5, 7, 8, 9, 8, 0, 0, 7, 7, 0, 0, 8, 0, 0, 0, 7, 8, 8, 4, 0, 7, 0, 0, 10, 0, 0, 0, 0, 0, 0, 7, 7, 0, 6, : 7, 9, 9, 8, 8, 8, 6, 9, 7, 10, 8, 8, 8, 5, 8, 6, 7, 7, 7, 7, 8, 9, 10, 10, 8, 5, 6, 7, 7, 9, 10, 6, 7, 6, 7, 5, 8, 8, 7, 6, 5, 7, 8, 9, 8, 7, 7, 8, 7, 8, 8, 4, 7, 10, 7, 7, 6, 
297: 0, 8, 8, 9, 8, 8, 0, 7, 0, 0, 0, 6, 0, 6, 8, 0, 0, 7, 9, 0, 8, 8, 0, 7, 7, 6, 7, 8, 0, 6, 0, 7, 6, 7, 0, 0, 6, 6, 8, 7, 7, 0, 9, 0, 8, 7, 7, 7, 6, 7, 0, 7, 0, 6, 7, 6, 5, 0, 8, 7, 8, 0, 0, 0, 8, 6, 0, 0, 0, 0, 0, 10, 6, 7, 0, 0, 10, 0, 6, 7, 0, 0, 0, 5, 0, 7, 7, 0, 7, 6, 6, 0, 7, 0, 0, 4, 0, 9, 10, 0, 0, 0, 0, 0, 0, 0, 0, 0, 0, 0, 0, 0, 6, 0, 0, 0, 0, 0, 10, 0, : 8, 8, 9, 8, 8, 7, 6, 6, 8, 7, 9, 8, 8, 7, 7, 6, 7, 8, 6, 7, 6, 7, 6, 6, 8, 7, 7, 9, 8, 7, 7, 7, 6, 7, 7, 6, 7, 6, 5, 8, 7, 8, 8, 6, 10, 6, 7, 10, 6, 7, 5, 7, 7, 7, 6, 6, 7, 4, 9, 10, 6, 10, 
124: 7, 0, 8, 5, 0, 0, 0, 7, 5, 0, 0, 9, 0, 0, 7, 6, 7, 6, 7, 7, 5, 8, 8, 6, 8, 6, 7, 0, 9, 7, 9, 0, 8, 7, 0, 0, 0, 8, 6, 0, 10, 8, 6, 6, 9, 0, 0, 9, 0, 7, 0, 0, 10, 0, 6, 0, 9, 0, 9, 0, 7, 9, 8, 8, 7, 0, 0, 0, 0, 0, 0, 9, 7, 6, 7, 0, 8, 0, 0, 0, 10, 7, 0, 0, 0, 7, 6, 0, 0, 7, 0, 6, 9, 6, 8, 0, 0, 0, 9, 7, 0, 0, 5, 7, 0, 0, 0, 8, 8, 9, 0, 6, 8, 8, 0, 0, 8, 0, 7, 9, : 7, 8, 5, 7, 5, 9, 7, 6, 7, 6, 7, 7, 5, 8, 8, 6, 8, 6, 7, 9, 7, 9, 8, 7, 8, 6, 10, 8, 6, 6, 9, 9, 7, 10, 6, 9, 9, 7, 9, 8, 8, 7, 9, 7, 6, 7, 8, 10, 7, 7, 6, 7, 6, 9, 6, 8, 9, 7, 5, 7, 8, 8, 9, 6, 8, 8, 8, 7, 9, 
169: 0, 5, 9, 0, 0, 5, 0, 0, 7, 0, 0, 7, 7, 0, 0, 0, 8, 0, 9, 4, 0, 0, 9, 0, 9, 5, 6, 7, 0, 8, 7, 10, 0, 7, 7, 8, 0, 8, 9, 8, 0, 10, 8, 5, 0, 0, 0, 0, 6, 7, 0, 0, 8, 0, 0, 0, 8, 10, 10, 6, 10, 0, 0, 8, 7, 7, 9, 6, 7, 9, 0, 6, 10, 0, 0, 8, 9, 0, 8, 0, 7, 8, 8, 6, 9, 0, 0, 8, 0, 0, 0, 0, 8, 0, 9, 0, 0, 0, 9, 9, 5, 8, 0, 7, 5, 7, 8, 0, 9, 8, 0, 7, 10, 0, 0, 9, 6, 0, 0, 0, : 5, 9, 5, 7, 7, 7, 8, 9, 4, 9, 9, 5, 6, 7, 8, 7, 10, 7, 7, 8, 8, 9, 8, 10, 8, 5, 6, 7, 8, 8, 10, 10, 6, 10, 8, 7, 7, 9, 6, 7, 9, 6, 10, 8, 9, 8, 7, 8, 8, 6, 9, 8, 8, 9, 9, 9, 5, 8, 7, 5, 7, 8, 9, 8, 7, 10, 9, 6, 
458: 7, 0, 8, 10, 0, 0, 7, 0, 8, 7, 0, 8, 8, 0, 6, 0, 0, 0, 0, 6, 8, 0, 0, 6, 0, 0, 0, 0, 0, 9, 0, 6, 6, 0, 0, 0, 0, 0, 7, 0, 10, 0, 5, 0, 0, 6, 7, 0, 0, 0, 8, 0, 0, 7, 8, 9, 6, 0, 6, 0, 7, 5, 0, 0, 0, 0, 0, 0, 0, 6, 0, 6, 11, 7, 7, 8, 6, 0, 0, 7, 0, 0, 0, 8, 0, 0, 6, 0, 8, 9, 0, 7, 8, 0, 10, 0, 7, 0, 0, 8, 0, 8, 0, 4, 8, 6, 0, 0, 6, 0, 8, 10, 0, 6, 6, 0, 7, 0, 8, 0, : 7, 8, 10, 7, 8, 7, 8, 8, 6, 6, 8, 6, 9, 6, 6, 7, 10, 5, 6, 7, 8, 7, 8, 9, 6, 6, 7, 5, 6, 6, 11, 7, 7, 8, 6, 7, 8, 6, 8, 9, 7, 8, 10, 7, 8, 8, 4, 8, 6, 6, 8, 10, 6, 6, 7, 8, 
263: 8, 7, 7, 0, 0, 0, 0, 8, 7, 0, 5, 9, 0, 8, 8, 0, 9, 0, 0, 0, 0, 6, 8, 8, 9, 0, 7, 0, 0, 0, 0, 0, 0, 7, 0, 0, 8, 0, 5, 0, 0, 0, 5, 9, 7, 8, 7, 7, 0, 0, 6, 0, 0, 0, 5, 8, 9, 0, 8, 7, 10, 9, 7, 5, 9, 0, 0, 7, 0, 7, 7, 6, 7, 0, 0, 0, 7, 7, 0, 0, 7, 8, 10, 10, 8, 4, 5, 0, 8, 0, 6, 0, 0, 7, 0, 0, 8, 0, 0, 0, 8, 0, 8, 0, 8, 0, 0, 0, 7, 0, 7, 6, 0, 0, 0, 9, 0, 8, 0, 6, : 8, 7, 7, 8, 7, 5, 9, 8, 8, 9, 6, 8, 8, 9, 7, 7, 8, 5, 5, 9, 7, 8, 7, 7, 6, 5, 8, 9, 8, 7, 10, 9, 7, 5, 9, 7, 7, 7, 6, 7, 7, 7, 7, 8, 10, 10, 8, 4, 5, 8, 6, 7, 8, 8, 8, 8, 7, 7, 6, 9, 8, 6, 
399: 0, 11, 0, 8, 0, 8, 0, 7, 0, 0, 0, 0, 0, 0, 9, 0, 9, 0, 6, 7, 0, 6, 6, 0, 5, 0, 0, 0, 0, 0, 6, 5, 5, 0, 0, 0, 7, 0, 0, 6, 0, 8, 0, 7, 0, 5, 7, 7, 6, 5, 8, 0, 0, 5, 0, 0, 0, 0, 0, 0, 0, 0, 6, 7, 6, 0, 0, 0, 9, 0, 8, 0, 6, 0, 8, 0, 7, 0, 8, 0, 5, 9, 4, 8, 0, 0, 8, 6, 0, 0, 9, 9, 8, 0, 0, 0, 8, 0, 10, 9, 0, 0, 8, 0, 0, 0, 0, 5, 11, 0, 6, 0, 8, 0, 8, 4, 8, 0, 0, 7, : 11, 8, 8, 7, 9, 9, 6, 7, 6, 6, 5, 6, 5, 5, 7, 6, 8, 7, 5, 7, 7, 6, 5, 8, 5, 6, 7, 6, 9, 8, 6, 8, 7, 8, 5, 9, 4, 8, 8, 6, 9, 9, 8, 8, 10, 9, 8, 5, 11, 6, 8, 8, 4, 8, 7, 
46: 10, 0, 8, 7, 9, 0, 0, 0, 8, 0, 0, 5, 8, 8, 0, 7, 6, 7, 0, 9, 0, 0, 0, 0, 6, 0, 0, 0, 0, 0, 8, 0, 7, 0, 5, 7, 10, 0, 0, 6, 0, 6, 9, 5, 8, 0, 0, 0, 7, 9, 0, 9, 0, 6, 8, 9, 7, 0, 0, 0, 0, 8, 5, 8, 6, 10, 0, 6, 6, 6, 0, 0, 7, 0, 0, 0, 9, 7, 10, 10, 7, 9, 0, 7, 8, 0, 7, 6, 7, 7, 6, 0, 0, 0, 0, 5, 0, 0, 9, 0, 6, 0, 0, 6, 10, 7, 0, 6, 7, 0, 0, 4, 0, 6, 9, 5, 9, 8, 0, 0, : 10, 8, 7, 9, 8, 5, 8, 8, 7, 6, 7, 9, 6, 8, 7, 5, 7, 10, 6, 6, 9, 5, 8, 7, 9, 9, 6, 8, 9, 7, 8, 5, 8, 6, 10, 6, 6, 6, 7, 9, 7, 10, 10, 7, 9, 7, 8, 7, 6, 7, 7, 6, 5, 9, 6, 6, 10, 7, 6, 7, 4, 6, 9, 5, 9, 8, 
340: 9, 0, 0, 0, 0, 0, 0, 0, 0, 8, 6, 7, 0, 0, 7, 0, 8, 7, 8, 8, 0, 0, 6, 5, 0, 8, 8, 0, 0, 7, 8, 0, 7, 0, 0, 8, 8, 8, 8, 0, 0, 0, 6, 7, 5, 9, 0, 5, 6, 0, 8, 0, 0, 0, 7, 0, 7, 7, 0, 5, 7, 0, 0, 5, 0, 9, 6, 7, 0, 0, 7, 0, 0, 0, 0, 7, 0, 7, 8, 8, 7, 6, 8, 7, 8, 7, 0, 8, 10, 7, 0, 0, 9, 0, 8, 0, 9, 0, 0, 0, 7, 6, 7, 7, 8, 8, 4, 6, 0, 0, 0, 8, 8, 0, 0, 0, 7, 7, 7, 5, : 9, 8, 6, 7, 7, 8, 7, 8, 8, 6, 5, 8, 8, 7, 8, 7, 8, 8, 8, 8, 6, 7, 5, 9, 5, 6, 8, 7, 7, 7, 5, 7, 5, 9, 6, 7, 7, 7, 7, 8, 8, 7, 6, 8, 7, 8, 7, 8, 10, 7, 9, 8, 9, 7, 6, 7, 7, 8, 8, 4, 6, 8, 8, 7, 7, 7, 5, 
489: 7, 7, 0, 5, 7, 0, 8, 6, 0, 9, 9, 8, 8, 7, 0, 8, 0, 0, 6, 8, 7, 10, 0, 9, 7, 0, 4, 0, 0, 0, 0, 0, 6, 0, 0, 7, 7, 5, 0, 7, 8, 8, 8, 6, 8, 8, 0, 0, 5, 0, 0, 6, 6, 0, 8, 0, 0, 10, 9, 8, 9, 5, 5, 5, 0, 8, 7, 0, 7, 0, 11, 0, 0, 0, 7, 0, 0, 8, 0, 9, 8, 0, 0, 0, 8, 0, 0, 0, 7, 6, 6, 0, 0, 7, 9, 8, 7, 0, 6, 8, 7, 7, 0, 10, 0, 5, 0, 0, 0, 7, 8, 9, 7, 0, 10, 10, 0, 0, 7, 6, : 7, 7, 5, 7, 8, 6, 9, 9, 8, 8, 7, 8, 6, 8, 7, 10, 9, 7, 4, 6, 7, 7, 5, 7, 8, 8, 8, 6, 8, 8, 5, 6, 6, 8, 10, 9, 8, 9, 5, 5, 5, 8, 7, 7, 11, 7, 8, 9, 8, 8, 7, 6, 6, 7, 9, 8, 7, 6, 8, 7, 7, 10, 5, 7, 8, 9, 7, 10, 10, 7, 6, 
327: 8, 6, 5, 0, 0, 0, 8, 0, 8, 0, 9, 8, 0, 0, 8, 8, 0, 0, 0, 0, 0, 0, 0, 0, 7, 0, 9, 4, 6, 8, 0, 9, 7, 0, 0, 7, 7, 0, 0, 0, 6, 7, 0, 0, 7, 5, 0, 0, 8, 0, 0, 0, 0, 0, 8, 7, 0, 5, 8, 0, 6, 8, 0, 0, 7, 6, 8, 7, 8, 5, 0, 0, 0, 9, 0, 7, 7, 9, 0, 8, 7, 7, 0, 0, 0, 9, 5, 0, 0, 0, 0, 0, 0, 0, 7, 0, 6, 0, 6, 7, 0, 7, 8, 0, 6, 6, 0, 0, 0, 9, 0, 9, 0, 8, 8, 7, 4, 0, 10, 6, : 8, 6, 5, 8, 8, 9, 8, 8, 8, 7, 9, 4, 6, 8, 9, 7, 7, 7, 6, 7, 7, 5, 8, 8, 7, 5, 8, 6, 8, 7, 6, 8, 7, 8, 5, 9, 7, 7, 9, 8, 7, 7, 9, 5, 7, 6, 6, 7, 7, 8, 6, 6, 9, 9, 8, 8, 7, 4, 10, 6, 
145: 0, 0, 9, 0, 0, 9, 9, 0, 0, 9, 0, 6, 5, 7, 0, 4, 9, 0, 0, 0, 7, 0, 0, 8, 0, 0, 5, 5, 0, 0, 0, 7, 0, 8, 5, 0, 0, 0, 6, 7, 0, 0, 8, 9, 0, 0, 0, 7, 10, 7, 0, 0, 0, 8, 0, 7, 0, 8, 6, 7, 0, 10, 0, 0, 0, 0, 0, 10, 5, 7, 0, 0, 0, 7, 0, 0, 7, 10, 0, 0, 0, 7, 10, 8, 9, 0, 8, 9, 0, 0, 0, 0, 0, 8, 0, 9, 7, 0, 0, 0, 8, 6, 0, 8, 7, 0, 8, 8, 0, 4, 0, 0, 0, 0, 0, 0, 0, 6, 7, 0, : 9, 9, 9, 9, 6, 5, 7, 4, 9, 7, 8, 5, 5, 7, 8, 5, 6, 7, 8, 9, 7, 10, 7, 8, 7, 8, 6, 7, 10, 10, 5, 7, 7, 7, 10, 7, 10, 8, 9, 8, 9, 8, 9, 7, 8, 6, 8, 7, 8, 8, 4, 6, 7, 
162: 0, 7, 0, 4, 0, 0, 8, 0, 7, 7, 9, 7, 0, 7, 0, 8, 8, 8, 0, 0, 5, 0, 6, 0, 0, 8, 8, 0, 0, 0, 10, 0, 7, 8, 0, 0, 0, 6, 0, 0, 0, 0, 7, 0, 7, 8, 0, 0, 8, 0, 0, 7, 10, 0, 6, 0, 0, 9, 7, 0, 5, 0, 0, 7, 5, 7, 0, 0, 6, 8, 9, 8, 0, 6, 0, 0, 0, 0, 0, 7, 0, 7, 7, 8, 0, 0, 0, 5, 6, 9, 0, 9, 8, 10, 9, 0, 0, 6, 0, 0, 7, 0, 6, 0, 0, 0, 7, 0, 0, 0, 8, 8, 0, 0, 8, 0, 0, 8, 6, 8, : 7, 4, 8, 7, 7, 9, 7, 7, 8, 8, 8, 5, 6, 8, 8, 10, 7, 8, 6, 7, 7, 8, 8, 7, 10, 6, 9, 7, 5, 7, 5, 7, 6, 8, 9, 8, 6, 7, 7, 7, 8, 5, 6, 9, 9, 8, 10, 9, 6, 7, 6, 7, 8, 8, 8, 8, 6, 8, 
253: 9, 9, 0, 6, 11, 0, 8, 0, 0, 8, 8, 0, 8, 0, 7, 0, 9, 7, 0, 6, 8, 5, 7, 9, 7, 0, 0, 0, 0, 9, 6, 0, 0, 7, 0, 0, 9, 0, 8, 8, 0, 0, 0, 0, 0, 8, 0, 0, 10, 0, 10, 6, 7, 0, 0, 6, 0, 8, 0, 8, 0, 0, 9, 0, 0, 0, 0, 8, 0, 0, 0, 0, 8, 6, 5, 8, 8, 0, 0, 0, 0, 0, 0, 9, 9, 0, 7, 0, 0, 0, 0, 9, 8, 0, 0, 9, 0, 0, 0, 5, 0, 6, 0, 6, 7, 9, 8, 0, 0, 0, 6, 6, 8, 8, 5, 0, 9, 0, 0, 0, : 9, 9, 6, 11, 8, 8, 8, 8, 7, 9, 7, 6, 8, 5, 7, 9, 7, 9, 6, 7, 9, 8, 8, 8, 10, 10, 6, 7, 6, 8, 8, 9, 8, 8, 6, 5, 8, 8, 9, 9, 7, 9, 8, 9, 5, 6, 6, 7, 9, 8, 6, 6, 8, 8, 5, 9, 
243: 7, 8, 0, 6, 0, 0, 0, 5, 7, 0, 0, 0, 0, 0, 0, 8, 0, 0, 0, 8, 5, 0, 7, 0, 0, 0, 0, 9, 0, 0, 0, 7, 0, 7, 7, 0, 0, 0, 8, 0, 0, 0, 9, 0, 9, 0, 0, 7, 0, 9, 9, 0, 0, 0, 0, 9, 0, 7, 0, 0, 7, 0, 0, 9, 0, 9, 9, 7, 0, 0, 7, 0, 0, 7, 0, 0, 0, 0, 0, 7, 0, 0, 7, 9, 10, 8, 4, 0, 0, 10, 6, 9, 0, 7, 0, 0, 0, 10, 8, 7, 6, 8, 7, 0, 0, 8, 0, 0, 0, 0, 10, 0, 8, 0, 7, 8, 0, 6, 0, 6, : 7, 8, 6, 5, 7, 8, 8, 5, 7, 9, 7, 7, 7, 8, 9, 9, 7, 9, 9, 9, 7, 7, 9, 9, 9, 7, 7, 7, 7, 7, 9, 10, 8, 4, 10, 6, 9, 7, 10, 8, 7, 6, 8, 7, 8, 10, 8, 7, 8, 6, 6, 
481: 0, 0, 7, 7, 8, 0, 9, 0, 9, 0, 0, 0, 0, 8, 7, 8, 8, 7, 6, 0, 7, 0, 0, 0, 0, 0, 11, 11, 0, 0, 0, 0, 8, 5, 7, 0, 0, 0, 8, 0, 9, 0, 7, 0, 8, 8, 0, 0, 9, 8, 0, 9, 8, 0, 0, 6, 0, 9, 9, 0, 6, 0, 6, 0, 0, 0, 0, 7, 7, 0, 0, 7, 6, 6, 5, 7, 6, 7, 0, 0, 0, 0, 0, 0, 0, 0, 7, 0, 9, 0, 7, 8, 9, 6, 0, 6, 6, 7, 6, 7, 0, 8, 10, 6, 7, 0, 6, 10, 8, 7, 5, 8, 7, 0, 9, 8, 5, 6, 7, 0, : 7, 7, 8, 9, 9, 8, 7, 8, 8, 7, 6, 7, 11, 11, 8, 5, 7, 8, 9, 7, 8, 8, 9, 8, 9, 8, 6, 9, 9, 6, 6, 7, 7, 7, 6, 6, 5, 7, 6, 7, 7, 9, 7, 8, 9, 6, 6, 6, 7, 6, 7, 8, 10, 6, 7, 6, 10, 8, 7, 5, 8, 7, 9, 8, 5, 6, 7, 
214: 8, 0, 7, 7, 0, 7, 8, 0, 7, 7, 7, 9, 7, 8, 0, 0, 0, 0, 8, 7, 7, 8, 7, 7, 7, 7, 0, 8, 8, 0, 6, 5, 7, 0, 6, 6, 0, 6, 0, 0, 0, 0, 0, 8, 0, 0, 0, 0, 0, 0, 7, 7, 9, 0, 7, 10, 5, 0, 0, 0, 9, 0, 8, 0, 8, 9, 7, 7, 0, 10, 0, 0, 0, 8, 0, 8, 7, 7, 0, 0, 9, 6, 0, 9, 6, 0, 7, 6, 8, 0, 7, 8, 0, 7, 5, 6, 5, 0, 0, 0, 0, 0, 6, 0, 0, 0, 0, 7, 0, 6, 0, 0, 0, 0, 0, 0, 9, 9, 0, 7, : 8, 7, 7, 7, 8, 7, 7, 7, 9, 7, 8, 8, 7, 7, 8, 7, 7, 7, 7, 8, 8, 6, 5, 7, 6, 6, 6, 8, 7, 7, 9, 7, 10, 5, 9, 8, 8, 9, 7, 7, 10, 8, 8, 7, 7, 9, 6, 9, 6, 7, 6, 8, 7, 8, 7, 5, 6, 5, 6, 7, 6, 9, 9, 7, 
534: 7, 0, 5, 0, 7, 0, 6, 7, 10, 7, 0, 0, 8, 5, 0, 9, 0, 8, 7, 8, 9, 0, 5, 0, 8, 0, 0, 6, 0, 8, 0, 5, 0, 0, 9, 7, 0, 0, 0, 0, 0, 9, 0, 9, 0, 0, 0, 0, 7, 6, 7, 6, 9, 0, 7, 6, 0, 8, 7, 7, 0, 6, 0, 0, 0, 0, 8, 6, 0, 10, 7, 0, 0, 6, 0, 9, 0, 9, 7, 8, 8, 10, 0, 0, 7, 7, 0, 7, 6, 10, 0, 0, 7, 0, 0, 0, 5, 0, 0, 0, 0, 7, 0, 8, 7, 0, 0, 8, 9, 7, 0, 8, 0, 0, 8, 8, 8, 0, 0, 10, : 7, 5, 7, 6, 7, 10, 7, 8, 5, 9, 8, 7, 8, 9, 5, 8, 6, 8, 5, 9, 7, 9, 9, 7, 6, 7, 6, 9, 7, 6, 8, 7, 7, 6, 8, 6, 10, 7, 6, 9, 9, 7, 8, 8, 10, 7, 7, 7, 6, 10, 7, 5, 7, 8, 7, 8, 9, 7, 8, 8, 8, 8, 10, 
304: 7, 7, 0, 0, 0, 8, 10, 0, 9, 0, 0, 4, 7, 0, 7, 8, 0, 0, 7, 0, 0, 0, 10, 0, 7, 7, 0, 7, 0, 6, 0, 0, 10, 0, 0, 0, 0, 8, 0, 8, 7, 0, 0, 8, 7, 8, 8, 0, 7, 6, 0, 8, 6, 5, 0, 6, 8, 0, 7, 7, 0, 5, 0, 9, 0, 0, 7, 0, 0, 0, 0, 0, 9, 7, 0, 5, 8, 6, 0, 0, 7, 7, 5, 0, 0, 0, 0, 0, 6, 0, 0, 0, 0, 9, 0, 0, 8, 9, 8, 8, 0, 5, 0, 9, 0, 0, 7, 0, 8, 0, 10, 0, 0, 6, 0, 8, 0, 9, 9, 5, : 7, 7, 8, 10, 9, 4, 7, 7, 8, 7, 10, 7, 7, 7, 6, 10, 8, 8, 7, 8, 7, 8, 8, 7, 6, 8, 6, 5, 6, 8, 7, 7, 5, 9, 7, 9, 7, 5, 8, 6, 7, 7, 5, 6, 9, 8, 9, 8, 8, 5, 9, 7, 8, 10, 6, 8, 9, 9, 5, 
157: 0, 0, 0, 0, 0, 8, 7, 0, 0, 0, 4, 9, 0, 0, 5, 9, 9, 0, 0, 7, 9, 9, 0, 0, 0, 8, 6, 5, 0, 0, 0, 0, 0, 8, 0, 0, 7, 0, 0, 0, 0, 0, 8, 0, 0, 9, 0, 8, 0, 7, 0, 0, 0, 0, 6, 9, 0, 0, 0, 5, 0, 8, 0, 6, 6, 0, 0, 9, 4, 6, 0, 5, 0, 9, 6, 0, 0, 0, 7, 4, 10, 0, 7, 9, 0, 0, 0, 0, 9, 0, 0, 5, 0, 7, 5, 10, 0, 0, 0, 0, 10, 0, 0, 4, 5, 0, 0, 10, 0, 0, 0, 9, 0, 0, 8, 8, 6, 0, 0, 6, : 8, 7, 4, 9, 5, 9, 9, 7, 9, 9, 8, 6, 5, 8, 7, 8, 9, 8, 7, 6, 9, 5, 8, 6, 6, 9, 4, 6, 5, 9, 6, 7, 4, 10, 7, 9, 9, 5, 7, 5, 10, 10, 4, 5, 10, 9, 8, 8, 6, 6, 
439: 4, 8, 8, 9, 0, 0, 0, 5, 7, 0, 0, 0, 7, 8, 8, 7, 0, 0, 0, 8, 0, 5, 0, 10, 0, 6, 0, 0, 4, 0, 0, 0, 0, 0, 0, 6, 11, 7, 10, 0, 0, 7, 0, 8, 0, 9, 10, 0, 0, 6, 0, 6, 0, 7, 0, 5, 7, 8, 0, 8, 0, 0, 0, 0, 9, 7, 0, 0, 9, 6, 0, 7, 0, 0, 7, 6, 0, 0, 0, 0, 0, 0, 8, 0, 8, 6, 6, 5, 6, 0, 0, 8, 0, 0, 0, 0, 7, 9, 5, 0, 0, 8, 0, 0, 8, 8, 8, 0, 0, 0, 0, 0, 0, 0, 6, 0, 0, 6, 9, 5, : 4, 8, 8, 9, 5, 7, 7, 8, 8, 7, 8, 5, 10, 6, 4, 6, 11, 7, 10, 7, 8, 9, 10, 6, 6, 7, 5, 7, 8, 8, 9, 7, 9, 6, 7, 7, 6, 8, 8, 6, 6, 5, 6, 8, 7, 9, 5, 8, 8, 8, 8, 6, 6, 9, 5, 
260: 0, 0, 7, 7, 0, 0, 9, 0, 0, 0, 7, 0, 7, 0, 7, 0, 8, 4, 6, 7, 7, 8, 5, 0, 7, 11, 9, 8, 9, 8, 9, 0, 0, 8, 0, 7, 8, 9, 0, 0, 0, 6, 0, 0, 9, 0, 6, 0, 0, 7, 7, 0, 0, 0, 0, 7, 7, 0, 0, 0, 0, 7, 8, 7, 0, 9, 9, 6, 7, 0, 0, 7, 0, 8, 9, 9, 6, 0, 8, 0, 0, 6, 8, 8, 6, 0, 0, 0, 8, 7, 0, 0, 7, 0, 9, 6, 10, 0, 7, 0, 0, 7, 0, 7, 10, 7, 0, 8, 7, 0, 0, 0, 7, 0, 9, 0, 0, 7, 0, 0, : 7, 7, 9, 7, 7, 7, 8, 4, 6, 7, 7, 8, 5, 7, 11, 9, 8, 9, 8, 9, 8, 7, 8, 9, 6, 9, 6, 7, 7, 7, 7, 7, 8, 7, 9, 9, 6, 7, 7, 8, 9, 9, 6, 8, 6, 8, 8, 6, 8, 7, 7, 9, 6, 10, 7, 7, 7, 10, 7, 8, 7, 7, 9, 7, 
416: 0, 7, 0, 9, 7, 9, 0, 0, 0, 0, 7, 7, 0, 8, 5, 0, 0, 6, 10, 0, 7, 8, 0, 0, 0, 9, 8, 6, 0, 0, 4, 5, 0, 10, 5, 9, 5, 0, 9, 0, 0, 0, 8, 7, 0, 0, 8, 9, 0, 10, 6, 11, 0, 8, 5, 9, 0, 0, 8, 0, 8, 0, 5, 9, 0, 6, 0, 7, 8, 0, 8, 7, 8, 0, 0, 7, 0, 0, 0, 7, 0, 0, 0, 0, 0, 5, 0, 0, 5, 0, 0, 7, 0, 6, 8, 5, 0, 7, 7, 6, 0, 0, 6, 0, 6, 0, 0, 8, 10, 0, 8, 0, 0, 0, 6, 9, 0, 7, 0, 0, : 7, 9, 7, 9, 7, 7, 8, 5, 6, 10, 7, 8, 9, 8, 6, 4, 5, 10, 5, 9, 5, 9, 8, 7, 8, 9, 10, 6, 11, 8, 5, 9, 8, 8, 5, 9, 6, 7, 8, 8, 7, 8, 7, 7, 5, 5, 7, 6, 8, 5, 7, 7, 6, 6, 6, 8, 10, 8, 6, 9, 7, 
117: 6, 0, 9, 7, 6, 0, 8, 0, 7, 4, 8, 0, 0, 7, 0, 0, 8, 0, 0, 0, 8, 0, 5, 7, 0, 0, 0, 0, 6, 0, 0, 6, 0, 0, 8, 0, 0, 0, 0, 10, 8, 0, 0, 0, 6, 8, 0, 6, 9, 8, 0, 0, 7, 10, 0, 0, 0, 6, 0, 9, 6, 0, 6, 10, 0, 9, 0, 0, 6, 7, 0, 8, 0, 6, 0, 5, 5, 0, 0, 0, 0, 0, 0, 0, 6, 6, 0, 0, 7, 0, 5, 0, 9, 0, 0, 8, 6, 0, 0, 6, 0, 0, 5, 0, 9, 0, 0, 6, 0, 8, 0, 0, 0, 7, 5, 6, 0, 0, 0, 7, : 6, 9, 7, 6, 8, 7, 4, 8, 7, 8, 8, 5, 7, 6, 6, 8, 10, 8, 6, 8, 6, 9, 8, 7, 10, 6, 9, 6, 6, 10, 9, 6, 7, 8, 6, 5, 5, 6, 6, 7, 5, 9, 8, 6, 6, 5, 9, 6, 8, 7, 5, 6, 7, 
247: 0, 0, 8, 0, 7, 9, 6, 0, 8, 0, 9, 8, 6, 0, 0, 0, 0, 8, 0, 0, 0, 6, 0, 0, 0, 0, 0, 0, 8, 0, 7, 0, 0, 7, 7, 10, 7, 9, 0, 0, 0, 6, 5, 0, 0, 0, 0, 0, 0, 8, 10, 10, 0, 0, 8, 7, 7, 0, 5, 0, 0, 8, 7, 10, 8, 7, 0, 0, 6, 8, 0, 9, 0, 0, 9, 7, 7, 0, 8, 6, 6, 7, 0, 0, 5, 0, 9, 0, 8, 7, 0, 7, 0, 8, 0, 7, 7, 0, 6, 0, 8, 0, 0, 9, 0, 0, 0, 0, 7, 7, 7, 0, 0, 6, 0, 8, 5, 0, 0, 0, : 8, 7, 9, 6, 8, 9, 8, 6, 8, 6, 8, 7, 7, 7, 10, 7, 9, 6, 5, 8, 10, 10, 8, 7, 7, 5, 8, 7, 10, 8, 7, 6, 8, 9, 9, 7, 7, 8, 6, 6, 7, 5, 9, 8, 7, 7, 8, 7, 7, 6, 8, 9, 7, 7, 7, 6, 8, 5, 
578: 0, 0, 6, 9, 5, 0, 0, 8, 0, 0, 5, 8, 0, 0, 0, 0, 0, 7, 7, 9, 6, 0, 0, 0, 0, 6, 7, 7, 0, 0, 0, 7, 0, 0, 6, 6, 0, 7, 9, 0, 0, 9, 0, 6, 7, 7, 8, 6, 10, 8, 7, 7, 0, 9, 0, 0, 0, 0, 0, 0, 8, 9, 9, 0, 0, 0, 5, 10, 0, 0, 0, 7, 0, 0, 0, 9, 0, 5, 7, 0, 8, 7, 9, 10, 9, 0, 6, 0, 0, 7, 8, 6, 0, 0, 0, 0, 6, 10, 0, 0, 0, 0, 0, 10, 7, 0, 7, 0, 6, 0, 0, 8, 0, 5, 7, 7, 0, 5, 0, 0, : 6, 9, 5, 8, 5, 8, 7, 7, 9, 6, 6, 7, 7, 7, 6, 6, 7, 9, 9, 6, 7, 7, 8, 6, 10, 8, 7, 7, 9, 8, 9, 9, 5, 10, 7, 9, 5, 7, 8, 7, 9, 10, 9, 6, 7, 8, 6, 6, 10, 10, 7, 7, 6, 8, 5, 7, 7, 5, 
22: 8, 0, 10, 7, 0, 4, 6, 0, 0, 0, 0, 0, 7, 7, 8, 6, 0, 5, 8, 0, 0, 0, 10, 5, 6, 8, 5, 5, 9, 8, 7, 0, 0, 0, 6, 9, 6, 0, 0, 0, 6, 6, 7, 6, 0, 0, 8, 0, 8, 7, 0, 6, 0, 0, 6, 0, 0, 0, 4, 8, 4, 0, 0, 0, 0, 6, 0, 8, 0, 0, 0, 6, 0, 7, 11, 0, 0, 7, 0, 6, 0, 9, 0, 0, 4, 0, 7, 6, 0, 7, 0, 7, 0, 0, 6, 8, 10, 8, 0, 10, 9, 0, 0, 0, 0, 0, 7, 6, 8, 0, 8, 0, 0, 7, 0, 0, 5, 0, 11, 5, : 8, 10, 7, 4, 6, 7, 7, 8, 6, 5, 8, 10, 5, 6, 8, 5, 5, 9, 8, 7, 6, 9, 6, 6, 6, 7, 6, 8, 8, 7, 6, 6, 4, 8, 4, 6, 8, 6, 7, 11, 7, 6, 9, 4, 7, 6, 7, 7, 6, 8, 10, 8, 10, 9, 7, 6, 8, 8, 7, 5, 11, 5, 
501: 0, 8, 8, 7, 0, 0, 7, 0, 0, 0, 8, 0, 7, 8, 7, 0, 8, 7, 8, 0, 0, 8, 8, 0, 8, 8, 8, 0, 5, 6, 8, 0, 8, 6, 0, 10, 5, 0, 8, 9, 6, 0, 6, 8, 0, 0, 7, 0, 0, 8, 0, 0, 0, 7, 11, 0, 7, 0, 9, 7, 8, 0, 0, 0, 0, 6, 7, 7, 8, 7, 5, 7, 0, 7, 0, 0, 0, 0, 9, 7, 0, 8, 6, 8, 8, 0, 0, 10, 0, 0, 6, 8, 0, 10, 9, 7, 0, 5, 0, 0, 8, 7, 8, 8, 0, 0, 8, 0, 7, 6, 9, 8, 0, 9, 0, 0, 7, 7, 0, 8, : 8, 8, 7, 7, 8, 7, 8, 7, 8, 7, 8, 8, 8, 8, 8, 8, 5, 6, 8, 8, 6, 10, 5, 8, 9, 6, 6, 8, 7, 8, 7, 11, 7, 9, 7, 8, 6, 7, 7, 8, 7, 5, 7, 7, 9, 7, 8, 6, 8, 8, 10, 6, 8, 10, 9, 7, 5, 8, 7, 8, 8, 8, 7, 6, 9, 8, 9, 7, 7, 8, 
350: 0, 7, 0, 7, 6, 8, 5, 0, 7, 8, 7, 0, 8, 0, 0, 8, 8, 5, 0, 7, 8, 8, 0, 0, 9, 5, 0, 0, 6, 7, 0, 7, 0, 7, 5, 7, 0, 8, 0, 7, 9, 8, 0, 7, 7, 10, 6, 9, 6, 7, 0, 0, 9, 7, 0, 8, 8, 8, 0, 0, 0, 0, 7, 0, 0, 0, 0, 0, 0, 6, 0, 8, 0, 8, 7, 7, 7, 0, 0, 7, 0, 7, 7, 0, 0, 7, 0, 0, 0, 0, 0, 0, 6, 9, 0, 9, 0, 7, 0, 0, 0, 0, 6, 7, 7, 0, 7, 0, 4, 0, 0, 0, 5, 0, 0, 9, 0, 7, 5, 8, : 7, 7, 6, 8, 5, 7, 8, 7, 8, 8, 8, 5, 7, 8, 8, 9, 5, 6, 7, 7, 7, 5, 7, 8, 7, 9, 8, 7, 7, 10, 6, 9, 6, 7, 9, 7, 8, 8, 8, 7, 6, 8, 8, 7, 7, 7, 7, 7, 7, 7, 6, 9, 9, 7, 6, 7, 7, 7, 4, 5, 9, 7, 5, 8, 
298: 0, 6, 0, 9, 8, 0, 0, 8, 0, 7, 0, 0, 0, 7, 0, 9, 11, 0, 0, 0, 8, 0, 6, 7, 0, 9, 9, 8, 6, 0, 0, 9, 6, 7, 0, 0, 6, 6, 0, 8, 0, 0, 0, 0, 7, 0, 0, 8, 9, 8, 7, 7, 9, 6, 10, 8, 9, 0, 0, 0, 10, 0, 8, 9, 0, 7, 9, 8, 8, 8, 0, 10, 0, 9, 0, 6, 0, 0, 0, 7, 8, 0, 0, 8, 7, 9, 7, 7, 6, 0, 10, 0, 7, 0, 6, 0, 9, 0, 8, 0, 8, 9, 7, 0, 0, 8, 6, 0, 8, 0, 8, 9, 7, 0, 8, 7, 7, 0, 6, 0, : 6, 9, 8, 8, 7, 7, 9, 11, 8, 6, 7, 9, 9, 8, 6, 9, 6, 7, 6, 6, 8, 7, 8, 9, 8, 7, 7, 9, 6, 10, 8, 9, 10, 8, 9, 7, 9, 8, 8, 8, 10, 9, 6, 7, 8, 8, 7, 9, 7, 7, 6, 10, 7, 6, 9, 8, 8, 9, 7, 8, 6, 8, 8, 9, 7, 8, 7, 7, 6, 
219: 0, 9, 0, 0, 0, 0, 6, 10, 0, 7, 7, 6, 6, 0, 8, 6, 7, 8, 7, 10, 8, 7, 8, 0, 9, 0, 6, 10, 8, 0, 8, 9, 0, 7, 0, 0, 6, 0, 7, 6, 5, 7, 0, 9, 0, 0, 8, 5, 10, 0, 0, 0, 6, 11, 0, 7, 9, 7, 5, 8, 0, 7, 10, 0, 0, 0, 0, 0, 0, 0, 6, 5, 0, 0, 0, 6, 6, 0, 0, 8, 0, 0, 0, 0, 0, 0, 6, 0, 0, 8, 9, 0, 0, 9, 0, 7, 0, 0, 6, 7, 4, 9, 7, 0, 0, 5, 5, 7, 8, 8, 6, 8, 6, 0, 7, 6, 0, 0, 0, 7, : 9, 6, 10, 7, 7, 6, 6, 8, 6, 7, 8, 7, 10, 8, 7, 8, 9, 6, 10, 8, 8, 9, 7, 6, 7, 6, 5, 7, 9, 8, 5, 10, 6, 11, 7, 9, 7, 5, 8, 7, 10, 6, 5, 6, 6, 8, 6, 8, 9, 9, 7, 6, 7, 4, 9, 7, 5, 5, 7, 8, 8, 6, 8, 6, 7, 6, 7, 
224: 7, 0, 0, 9, 8, 5, 0, 6, 8, 4, 6, 7, 0, 0, 0, 0, 0, 0, 0, 0, 8, 0, 7, 6, 8, 0, 5, 7, 0, 0, 0, 8, 7, 0, 10, 9, 0, 0, 0, 9, 0, 8, 0, 0, 8, 10, 9, 8, 0, 0, 0, 5, 0, 6, 0, 7, 0, 7, 0, 8, 0, 0, 8, 7, 5, 0, 9, 0, 0, 6, 7, 0, 0, 6, 8, 0, 7, 7, 9, 9, 7, 0, 0, 0, 0, 6, 0, 7, 4, 0, 0, 6, 5, 0, 6, 0, 0, 0, 0, 8, 10, 7, 5, 0, 10, 7, 0, 9, 6, 0, 0, 0, 0, 8, 0, 10, 0, 10, 7, 9, : 7, 9, 8, 5, 6, 8, 4, 6, 7, 8, 7, 6, 8, 5, 7, 8, 7, 10, 9, 9, 8, 8, 10, 9, 8, 5, 6, 7, 7, 8, 8, 7, 5, 9, 6, 7, 6, 8, 7, 7, 9, 9, 7, 6, 7, 4, 6, 5, 6, 8, 10, 7, 5, 10, 7, 9, 6, 8, 10, 10, 7, 9, 
528: 0, 0, 8, 6, 0, 9, 0, 0, 0, 6, 0, 0, 0, 0, 7, 0, 0, 0, 0, 0, 0, 0, 10, 10, 9, 0, 0, 6, 0, 7, 0, 6, 8, 5, 0, 8, 0, 0, 0, 9, 0, 8, 7, 0, 0, 0, 0, 8, 8, 6, 8, 6, 10, 7, 9, 0, 7, 0, 0, 6, 0, 8, 8, 10, 0, 0, 0, 6, 0, 9, 0, 0, 0, 0, 8, 0, 9, 0, 0, 8, 10, 0, 9, 7, 7, 0, 7, 0, 8, 0, 8, 7, 7, 9, 0, 8, 7, 7, 0, 0, 9, 0, 7, 5, 9, 8, 0, 0, 0, 7, 6, 7, 5, 0, 7, 0, 0, 0, 6, 7, : 8, 6, 9, 6, 7, 10, 10, 9, 6, 7, 6, 8, 5, 8, 9, 8, 7, 8, 8, 6, 8, 6, 10, 7, 9, 7, 6, 8, 8, 10, 6, 9, 8, 9, 8, 10, 9, 7, 7, 7, 8, 8, 7, 7, 9, 8, 7, 7, 9, 7, 5, 9, 8, 7, 6, 7, 5, 7, 6, 7, 
387: 9, 7, 8, 8, 9, 8, 0, 8, 8, 8, 0, 0, 8, 8, 8, 7, 7, 0, 7, 7, 8, 7, 0, 4, 0, 8, 0, 7, 9, 0, 0, 0, 0, 10, 0, 7, 5, 0, 0, 0, 0, 6, 0, 0, 6, 0, 0, 8, 9, 0, 0, 0, 8, 7, 9, 7, 0, 7, 7, 0, 8, 10, 0, 7, 9, 0, 10, 0, 6, 0, 0, 7, 11, 6, 9, 5, 7, 7, 7, 7, 0, 0, 0, 6, 0, 6, 0, 0, 10, 0, 9, 6, 8, 9, 0, 0, 0, 0, 7, 0, 7, 0, 0, 8, 0, 0, 0, 6, 0, 0, 0, 0, 0, 5, 0, 10, 0, 7, 0, 6, : 9, 7, 8, 8, 9, 8, 8, 8, 8, 8, 8, 8, 7, 7, 7, 7, 8, 7, 4, 8, 7, 9, 10, 7, 5, 6, 6, 8, 9, 8, 7, 9, 7, 7, 7, 8, 10, 7, 9, 10, 6, 7, 11, 6, 9, 5, 7, 7, 7, 7, 6, 6, 10, 9, 6, 8, 9, 7, 7, 8, 6, 5, 10, 7, 6, 
482: 0, 0, 0, 9, 8, 0, 0, 9, 0, 7, 8, 5, 7, 0, 0, 7, 7, 8, 7, 8, 0, 10, 0, 0, 0, 10, 6, 0, 0, 0, 8, 8, 7, 0, 8, 0, 7, 0, 7, 0, 9, 7, 8, 8, 8, 8, 0, 0, 6, 0, 0, 6, 7, 0, 0, 8, 0, 0, 0, 0, 8, 6, 7, 8, 9, 0, 9, 9, 6, 0, 0, 0, 9, 7, 0, 8, 8, 6, 0, 8, 7, 0, 0, 0, 6, 0, 5, 5, 9, 0, 5, 0, 0, 0, 0, 0, 9, 0, 0, 6, 7, 6, 11, 4, 7, 0, 0, 5, 4, 0, 0, 6, 9, 0, 0, 0, 9, 0, 8, 0, : 9, 8, 9, 7, 8, 5, 7, 7, 7, 8, 7, 8, 10, 10, 6, 8, 8, 7, 8, 7, 7, 9, 7, 8, 8, 8, 8, 6, 6, 7, 8, 8, 6, 7, 8, 9, 9, 9, 6, 9, 7, 8, 8, 6, 8, 7, 6, 5, 5, 9, 5, 9, 6, 7, 6, 11, 4, 7, 5, 4, 6, 9, 9, 8, 
293: 8, 7, 0, 0, 8, 0, 5, 6, 8, 8, 8, 6, 0, 8, 0, 0, 8, 7, 0, 11, 0, 0, 0, 7, 10, 7, 7, 0, 0, 0, 8, 7, 7, 7, 0, 0, 7, 8, 0, 0, 7, 8, 0, 7, 0, 7, 0, 0, 0, 6, 7, 4, 8, 7, 0, 0, 0, 9, 8, 0, 8, 7, 9, 8, 7, 5, 6, 0, 8, 0, 6, 6, 0, 0, 0, 0, 0, 6, 9, 8, 0, 7, 0, 8, 10, 4, 0, 9, 0, 6, 9, 0, 0, 0, 6, 0, 0, 0, 0, 9, 0, 0, 9, 0, 0, 7, 10, 6, 0, 9, 9, 0, 9, 8, 6, 8, 5, 6, 9, 7, : 8, 7, 8, 5, 6, 8, 8, 8, 6, 8, 8, 7, 11, 7, 10, 7, 7, 8, 7, 7, 7, 7, 8, 7, 8, 7, 7, 6, 7, 4, 8, 7, 9, 8, 8, 7, 9, 8, 7, 5, 6, 8, 6, 6, 6, 9, 8, 7, 8, 10, 4, 9, 6, 9, 6, 9, 9, 7, 10, 6, 9, 9, 9, 8, 6, 8, 5, 6, 9, 7, 
51: 7, 0, 0, 0, 8, 7, 0, 5, 7, 6, 0, 0, 9, 0, 8, 5, 9, 8, 0, 7, 0, 5, 7, 0, 0, 0, 7, 9, 8, 9, 0, 6, 8, 0, 6, 5, 0, 0, 7, 10, 0, 0, 6, 0, 0, 6, 0, 8, 0, 0, 7, 7, 7, 9, 6, 0, 0, 5, 0, 10, 0, 0, 0, 0, 0, 9, 0, 0, 8, 0, 8, 9, 0, 0, 0, 0, 0, 0, 0, 0, 0, 0, 7, 5, 0, 5, 7, 0, 0, 0, 0, 0, 7, 8, 0, 0, 0, 9, 0, 8, 8, 0, 0, 0, 7, 8, 0, 0, 0, 6, 0, 0, 9, 6, 9, 0, 0, 7, 6, 0, : 7, 8, 7, 5, 7, 6, 9, 8, 5, 9, 8, 7, 5, 7, 7, 9, 8, 9, 6, 8, 6, 5, 7, 10, 6, 6, 8, 7, 7, 7, 9, 6, 5, 10, 9, 8, 8, 9, 7, 5, 5, 7, 7, 8, 9, 8, 8, 7, 8, 6, 9, 6, 9, 7, 6, 
32: 0, 0, 0, 8, 4, 0, 0, 10, 0, 9, 0, 0, 9, 0, 0, 0, 0, 0, 0, 9, 0, 6, 0, 8, 0, 6, 0, 0, 8, 5, 0, 6, 5, 7, 0, 5, 0, 6, 0, 0, 8, 0, 0, 0, 7, 7, 7, 9, 8, 0, 8, 7, 0, 0, 7, 7, 10, 6, 0, 8, 0, 0, 7, 6, 8, 6, 0, 10, 0, 0, 6, 0, 8, 6, 0, 8, 0, 5, 0, 0, 0, 0, 8, 0, 7, 0, 9, 10, 7, 8, 0, 7, 9, 0, 5, 7, 6, 7, 10, 8, 8, 7, 0, 0, 0, 8, 8, 0, 7, 7, 8, 5, 6, 0, 7, 0, 0, 0, 0, 7, : 8, 4, 10, 9, 9, 9, 6, 8, 6, 8, 5, 6, 5, 7, 5, 6, 8, 7, 7, 7, 9, 8, 8, 7, 7, 7, 10, 6, 8, 7, 6, 8, 6, 10, 6, 8, 6, 8, 5, 8, 7, 9, 10, 7, 8, 7, 9, 5, 7, 6, 7, 10, 8, 8, 7, 8, 8, 7, 7, 8, 5, 6, 7, 7, 
567: 6, 0, 6, 6, 0, 6, 6, 8, 7, 0, 7, 9, 5, 8, 6, 0, 0, 0, 0, 8, 8, 0, 0, 9, 6, 0, 6, 9, 8, 0, 8, 5, 9, 0, 5, 0, 0, 0, 0, 0, 0, 0, 8, 7, 0, 8, 0, 0, 0, 7, 0, 0, 8, 0, 6, 0, 0, 0, 7, 0, 0, 10, 0, 0, 8, 0, 7, 11, 0, 0, 7, 0, 0, 0, 7, 0, 0, 9, 0, 0, 8, 0, 0, 0, 7, 0, 0, 10, 6, 5, 0, 8, 10, 0, 7, 7, 9, 8, 5, 8, 8, 0, 0, 7, 7, 7, 5, 9, 0, 10, 8, 8, 0, 6, 0, 0, 9, 0, 10, 0, : 6, 6, 6, 6, 6, 8, 7, 7, 9, 5, 8, 6, 8, 8, 9, 6, 6, 9, 8, 8, 5, 9, 5, 8, 7, 8, 7, 8, 6, 7, 10, 8, 7, 11, 7, 7, 9, 8, 7, 10, 6, 5, 8, 10, 7, 7, 9, 8, 5, 8, 8, 7, 7, 7, 5, 9, 10, 8, 8, 6, 9, 10, 
518: 7, 6, 9, 7, 10, 8, 0, 0, 6, 9, 8, 8, 7, 7, 0, 7, 5, 9, 0, 8, 0, 8, 7, 7, 0, 0, 0, 0, 8, 0, 0, 0, 0, 0, 8, 7, 0, 7, 6, 0, 9, 7, 0, 0, 7, 0, 0, 0, 8, 6, 0, 9, 6, 0, 0, 7, 0, 0, 0, 5, 0, 0, 7, 9, 0, 0, 6, 0, 0, 0, 9, 0, 0, 8, 0, 7, 0, 8, 0, 0, 9, 9, 0, 0, 0, 0, 0, 0, 0, 6, 0, 0, 9, 0, 0, 9, 0, 0, 7, 6, 8, 0, 7, 0, 0, 0, 6, 6, 8, 9, 0, 6, 8, 0, 7, 6, 0, 0, 9, 0, : 7, 6, 9, 7, 10, 8, 6, 9, 8, 8, 7, 7, 7, 5, 9, 8, 8, 7, 7, 8, 8, 7, 7, 6, 9, 7, 7, 8, 6, 9, 6, 7, 5, 7, 9, 6, 9, 8, 7, 8, 9, 9, 6, 9, 9, 7, 6, 8, 7, 6, 6, 8, 9, 6, 8, 7, 6, 9, 
14: 6, 7, 0, 9, 0, 9, 6, 0, 0, 0, 0, 0, 7, 0, 9, 0, 4, 8, 0, 0, 0, 6, 0, 7, 7, 0, 0, 0, 7, 0, 5, 8, 0, 7, 7, 0, 8, 0, 8, 5, 0, 8, 0, 7, 6, 0, 5, 0, 6, 7, 0, 0, 0, 7, 10, 0, 8, 0, 0, 4, 0, 9, 0, 6, 8, 0, 0, 7, 5, 0, 0, 8, 0, 6, 0, 0, 0, 0, 0, 0, 8, 0, 7, 0, 0, 9, 10, 10, 6, 0, 0, 9, 9, 0, 8, 0, 7, 0, 0, 8, 6, 9, 0, 0, 0, 0, 0, 0, 0, 0, 7, 7, 0, 6, 10, 0, 10, 9, 0, 0, : 6, 7, 9, 9, 6, 7, 9, 4, 8, 6, 7, 7, 7, 5, 8, 7, 7, 8, 8, 5, 8, 7, 6, 5, 6, 7, 7, 10, 8, 4, 9, 6, 8, 7, 5, 8, 6, 8, 7, 9, 10, 10, 6, 9, 9, 8, 7, 8, 6, 9, 7, 7, 6, 10, 10, 9, 
40: 0, 0, 0, 0, 9, 0, 0, 0, 5, 6, 0, 9, 5, 10, 0, 0, 0, 6, 0, 0, 0, 0, 7, 0, 0, 8, 0, 0, 8, 0, 0, 9, 5, 9, 6, 0, 0, 9, 7, 9, 0, 9, 0, 0, 0, 0, 0, 0, 6, 0, 0, 0, 0, 7, 8, 7, 0, 0, 7, 0, 5, 8, 6, 0, 0, 8, 6, 0, 0, 0, 8, 8, 0, 10, 7, 7, 0, 7, 0, 0, 0, 10, 0, 6, 9, 0, 8, 6, 0, 9, 0, 0, 0, 0, 7, 0, 7, 0, 6, 8, 5, 0, 7, 0, 9, 0, 0, 7, 0, 7, 0, 0, 0, 9, 0, 0, 0, 0, 0, 8, : 9, 5, 6, 9, 5, 10, 6, 7, 8, 8, 9, 5, 9, 6, 9, 7, 9, 9, 6, 7, 8, 7, 7, 5, 8, 6, 8, 6, 8, 8, 10, 7, 7, 7, 10, 6, 9, 8, 6, 9, 7, 7, 6, 8, 5, 7, 9, 7, 7, 9, 8, 
503: 5, 8, 0, 0, 8, 8, 0, 0, 0, 8, 0, 0, 0, 8, 0, 8, 8, 0, 6, 8, 0, 0, 0, 5, 0, 7, 9, 0, 6, 9, 0, 7, 0, 8, 0, 8, 0, 6, 0, 5, 7, 0, 0, 8, 6, 0, 0, 0, 10, 0, 0, 0, 0, 7, 0, 6, 8, 0, 0, 0, 0, 0, 7, 0, 0, 5, 0, 9, 8, 6, 0, 8, 8, 7, 0, 0, 0, 8, 0, 7, 8, 0, 5, 0, 0, 0, 0, 0, 0, 7, 8, 8, 0, 8, 0, 0, 0, 0, 0, 7, 0, 0, 0, 5, 5, 0, 10, 7, 8, 7, 0, 0, 0, 7, 7, 0, 0, 9, 0, 0, : 5, 8, 8, 8, 8, 8, 8, 8, 6, 8, 5, 7, 9, 6, 9, 7, 8, 8, 6, 5, 7, 8, 6, 10, 7, 6, 8, 7, 5, 9, 8, 6, 8, 8, 7, 8, 7, 8, 5, 7, 8, 8, 8, 7, 5, 5, 10, 7, 8, 7, 7, 7, 9, 
326: 6, 0, 0, 4, 0, 0, 6, 6, 0, 0, 0, 8, 8, 8, 0, 4, 0, 4, 0, 0, 7, 5, 0, 7, 6, 0, 9, 7, 0, 0, 6, 8, 8, 0, 7, 0, 9, 7, 6, 0, 0, 5, 10, 0, 10, 4, 8, 7, 0, 5, 0, 0, 7, 7, 0, 8, 0, 0, 7, 6, 5, 6, 5, 7, 8, 0, 10, 7, 0, 6, 0, 0, 0, 9, 0, 0, 5, 7, 7, 0, 6, 7, 8, 0, 7, 6, 8, 7, 0, 0, 5, 6, 10, 0, 0, 0, 0, 10, 6, 0, 0, 7, 0, 0, 0, 6, 4, 0, 7, 0, 0, 0, 0, 6, 0, 0, 0, 7, 9, 0, : 6, 4, 6, 6, 8, 8, 8, 4, 4, 7, 5, 7, 6, 9, 7, 6, 8, 8, 7, 9, 7, 6, 5, 10, 10, 4, 8, 7, 5, 7, 7, 8, 7, 6, 5, 6, 5, 7, 8, 10, 7, 6, 9, 5, 7, 7, 6, 7, 8, 7, 6, 8, 7, 5, 6, 10, 10, 6, 7, 6, 4, 7, 6, 7, 9, 
483: 0, 8, 6, 0, 7, 0, 9, 0, 0, 8, 0, 0, 8, 0, 8, 8, 0, 8, 9, 9, 0, 0, 10, 0, 7, 0, 0, 0, 6, 8, 0, 7, 8, 7, 8, 0, 0, 6, 0, 7, 7, 7, 0, 7, 0, 0, 6, 6, 0, 0, 0, 0, 0, 9, 5, 11, 0, 6, 0, 0, 6, 0, 0, 6, 0, 0, 0, 0, 0, 7, 6, 0, 0, 0, 0, 0, 0, 9, 8, 0, 0, 0, 7, 0, 7, 9, 0, 0, 0, 7, 0, 0, 7, 5, 8, 0, 10, 0, 0, 0, 5, 7, 9, 6, 0, 8, 7, 8, 0, 0, 0, 0, 7, 0, 6, 8, 0, 0, 0, 8, : 8, 6, 7, 9, 8, 8, 8, 8, 8, 9, 9, 10, 7, 6, 8, 7, 8, 7, 8, 6, 7, 7, 7, 7, 6, 6, 9, 5, 11, 6, 6, 6, 7, 6, 9, 8, 7, 7, 9, 7, 7, 5, 8, 10, 5, 7, 9, 6, 8, 7, 8, 7, 6, 8, 8, 
173: 0, 7, 8, 0, 9, 7, 8, 9, 8, 0, 0, 0, 0, 0, 0, 9, 7, 7, 0, 0, 11, 4, 0, 7, 0, 9, 0, 9, 7, 8, 0, 0, 0, 8, 0, 0, 9, 0, 8, 0, 6, 0, 0, 6, 7, 7, 8, 7, 8, 0, 0, 9, 0, 0, 9, 9, 0, 0, 5, 8, 7, 0, 0, 7, 0, 0, 0, 0, 0, 0, 7, 0, 0, 0, 8, 7, 0, 8, 0, 9, 0, 0, 8, 7, 7, 0, 6, 0, 5, 9, 0, 9, 0, 0, 8, 0, 10, 9, 6, 0, 6, 0, 0, 7, 9, 8, 7, 0, 7, 0, 0, 0, 0, 0, 8, 0, 0, 0, 0, 0, : 7, 8, 9, 7, 8, 9, 8, 9, 7, 7, 11, 4, 7, 9, 9, 7, 8, 8, 9, 8, 6, 6, 7, 7, 8, 7, 8, 9, 9, 9, 5, 8, 7, 7, 7, 8, 7, 8, 9, 8, 7, 7, 6, 5, 9, 9, 8, 10, 9, 6, 6, 7, 9, 8, 7, 7, 8, 
114: 0, 0, 0, 8, 0, 7, 0, 8, 0, 0, 8, 0, 0, 0, 9, 7, 5, 0, 9, 5, 10, 0, 7, 0, 0, 0, 0, 0, 7, 7, 0, 7, 0, 0, 0, 7, 0, 9, 8, 0, 0, 0, 5, 0, 0, 0, 0, 8, 0, 0, 0, 8, 0, 0, 0, 0, 0, 4, 7, 9, 0, 0, 8, 8, 0, 9, 10, 7, 10, 0, 0, 0, 0, 0, 0, 8, 0, 0, 8, 0, 0, 0, 9, 6, 0, 0, 0, 7, 0, 11, 7, 0, 0, 9, 7, 0, 9, 7, 0, 8, 8, 10, 8, 0, 8, 9, 0, 0, 8, 8, 8, 8, 9, 0, 8, 8, 0, 8, 0, 9, : 8, 7, 8, 8, 9, 7, 5, 9, 5, 10, 7, 7, 7, 7, 7, 9, 8, 5, 8, 8, 4, 7, 9, 8, 8, 9, 10, 7, 10, 8, 8, 9, 6, 7, 11, 7, 9, 7, 9, 7, 8, 8, 10, 8, 8, 9, 8, 8, 8, 8, 9, 8, 8, 8, 9, 
331: 8, 5, 7, 0, 7, 9, 0, 6, 0, 0, 7, 0, 0, 0, 0, 0, 7, 0, 0, 0, 0, 0, 0, 0, 7, 8, 0, 0, 0, 7, 0, 0, 8, 8, 0, 7, 0, 8, 0, 0, 0, 0, 0, 8, 6, 7, 0, 6, 0, 0, 0, 10, 0, 0, 7, 0, 7, 0, 8, 7, 8, 0, 8, 0, 0, 0, 6, 0, 10, 7, 10, 6, 7, 0, 8, 0, 0, 7, 0, 6, 0, 7, 6, 0, 0, 0, 10, 0, 6, 7, 10, 0, 0, 0, 9, 0, 0, 7, 0, 9, 0, 6, 6, 0, 0, 7, 0, 0, 0, 6, 4, 7, 0, 7, 0, 0, 7, 5, 7, 7, : 8, 5, 7, 7, 9, 6, 7, 7, 7, 8, 7, 8, 8, 7, 8, 8, 6, 7, 6, 10, 7, 7, 8, 7, 8, 8, 6, 10, 7, 10, 6, 7, 8, 7, 6, 7, 6, 10, 6, 7, 10, 9, 7, 9, 6, 6, 7, 6, 4, 7, 7, 7, 5, 7, 7, 
307: 0, 0, 8, 0, 0, 6, 6, 8, 0, 0, 8, 0, 7, 8, 0, 0, 0, 6, 0, 0, 0, 8, 0, 0, 6, 0, 8, 0, 0, 0, 7, 6, 0, 8, 8, 7, 9, 0, 9, 6, 0, 0, 9, 6, 0, 0, 0, 0, 7, 0, 6, 0, 0, 0, 0, 0, 7, 8, 0, 0, 8, 0, 6, 0, 9, 6, 0, 5, 0, 0, 8, 0, 5, 8, 0, 0, 7, 0, 7, 0, 6, 0, 9, 10, 7, 7, 9, 9, 0, 8, 0, 0, 6, 8, 9, 0, 0, 7, 7, 7, 0, 8, 0, 9, 0, 9, 0, 0, 0, 0, 0, 8, 0, 9, 0, 7, 0, 8, 0, 0, : 8, 6, 6, 8, 8, 7, 8, 6, 8, 6, 8, 7, 6, 8, 8, 7, 9, 9, 6, 9, 6, 7, 6, 7, 8, 8, 6, 9, 6, 5, 8, 5, 8, 7, 7, 6, 9, 10, 7, 7, 9, 9, 8, 6, 8, 9, 7, 7, 7, 8, 9, 9, 8, 9, 7, 8, 
109: 0, 0, 9, 8, 9, 0, 10, 0, 0, 0, 7, 0, 9, 0, 8, 8, 0, 8, 9, 6, 0, 0, 4, 0, 11, 10, 0, 0, 0, 8, 8, 0, 0, 7, 0, 9, 4, 6, 0, 7, 0, 0, 9, 0, 0, 0, 8, 6, 0, 0, 8, 8, 5, 8, 9, 0, 0, 8, 0, 0, 0, 6, 5, 8, 0, 0, 7, 9, 0, 6, 9, 0, 0, 0, 0, 0, 0, 0, 7, 0, 0, 9, 0, 10, 0, 7, 0, 4, 0, 0, 0, 0, 0, 0, 0, 0, 0, 8, 0, 0, 0, 0, 8, 0, 0, 7, 0, 11, 6, 0, 9, 6, 7, 6, 0, 0, 0, 0, 0, 0, : 9, 8, 9, 10, 7, 9, 8, 8, 8, 9, 6, 4, 11, 10, 8, 8, 7, 9, 4, 6, 7, 9, 8, 6, 8, 8, 5, 8, 9, 8, 6, 5, 8, 7, 9, 6, 9, 7, 9, 10, 7, 4, 8, 8, 7, 11, 6, 9, 6, 7, 6, 
515: 0, 8, 8, 6, 4, 0, 0, 0, 8, 0, 0, 7, 8, 9, 0, 9, 0, 7, 10, 7, 7, 0, 6, 9, 0, 0, 0, 7, 0, 0, 0, 7, 0, 8, 7, 0, 7, 0, 0, 10, 10, 0, 0, 0, 0, 0, 0, 8, 7, 0, 5, 8, 0, 0, 9, 0, 9, 0, 8, 0, 0, 5, 0, 9, 9, 8, 0, 0, 0, 0, 8, 0, 8, 8, 6, 0, 0, 0, 5, 0, 7, 4, 7, 0, 0, 7, 0, 0, 6, 6, 0, 0, 0, 0, 8, 9, 0, 0, 7, 0, 7, 6, 0, 7, 0, 9, 0, 7, 6, 7, 0, 6, 0, 0, 6, 8, 8, 0, 0, 7, : 8, 8, 6, 4, 8, 7, 8, 9, 9, 7, 10, 7, 7, 6, 9, 7, 7, 8, 7, 7, 10, 10, 8, 7, 5, 8, 9, 9, 8, 5, 9, 9, 8, 8, 8, 8, 6, 5, 7, 4, 7, 7, 6, 6, 8, 9, 7, 7, 6, 7, 9, 7, 6, 7, 6, 6, 8, 8, 7, 
33: 0, 0, 0, 7, 6, 6, 6, 4, 0, 8, 0, 8, 0, 5, 8, 6, 0, 0, 6, 0, 0, 6, 0, 0, 0, 7, 0, 7, 0, 8, 0, 7, 7, 0, 9, 0, 8, 0, 6, 0, 0, 0, 7, 8, 7, 8, 6, 6, 0, 10, 0, 0, 9, 7, 0, 4, 6, 8, 0, 0, 0, 8, 0, 0, 7, 5, 5, 0, 0, 5, 8, 0, 6, 6, 0, 6, 6, 0, 6, 0, 8, 8, 0, 0, 6, 7, 10, 7, 9, 6, 7, 8, 0, 7, 0, 0, 0, 8, 0, 8, 9, 0, 0, 0, 8, 8, 9, 0, 5, 11, 8, 0, 9, 6, 0, 0, 0, 9, 0, 6, : 7, 6, 6, 6, 4, 8, 8, 5, 8, 6, 6, 6, 7, 7, 8, 7, 7, 9, 8, 6, 7, 8, 7, 8, 6, 6, 10, 9, 7, 4, 6, 8, 8, 7, 5, 5, 5, 8, 6, 6, 6, 6, 6, 8, 8, 6, 7, 10, 7, 9, 6, 7, 8, 7, 8, 8, 9, 8, 8, 9, 5, 11, 8, 9, 6, 9, 6, 
435: 11, 0, 0, 7, 6, 8, 10, 9, 0, 0, 0, 7, 5, 8, 6, 0, 0, 8, 0, 0, 0, 0, 8, 11, 4, 7, 8, 9, 7, 0, 6, 0, 0, 0, 9, 0, 9, 0, 9, 8, 0, 8, 0, 8, 0, 0, 8, 0, 8, 9, 6, 0, 8, 0, 0, 5, 0, 8, 6, 0, 7, 6, 0, 7, 0, 7, 0, 6, 0, 0, 0, 0, 6, 0, 10, 0, 0, 6, 4, 0, 4, 6, 8, 7, 0, 0, 7, 0, 10, 0, 0, 0, 6, 5, 0, 0, 0, 0, 0, 0, 0, 0, 9, 6, 0, 0, 0, 0, 0, 0, 4, 8, 0, 0, 0, 0, 8, 7, 0, 0, : 11, 7, 6, 8, 10, 9, 7, 5, 8, 6, 8, 8, 11, 4, 7, 8, 9, 7, 6, 9, 9, 9, 8, 8, 8, 8, 8, 9, 6, 8, 5, 8, 6, 7, 6, 7, 7, 6, 6, 10, 6, 4, 4, 6, 8, 7, 7, 10, 6, 5, 9, 6, 4, 8, 8, 7, 
79: 0, 7, 10, 0, 6, 0, 9, 7, 0, 0, 0, 5, 0, 0, 10, 0, 0, 0, 8, 0, 0, 0, 9, 6, 0, 0, 8, 0, 0, 8, 0, 0, 9, 7, 8, 0, 0, 7, 0, 5, 8, 0, 6, 8, 0, 0, 9, 7, 9, 9, 0, 9, 7, 0, 0, 0, 8, 0, 6, 8, 8, 0, 0, 0, 0, 0, 8, 0, 7, 10, 0, 0, 9, 0, 6, 6, 9, 7, 7, 0, 0, 0, 7, 0, 0, 10, 0, 9, 0, 0, 0, 0, 9, 6, 6, 0, 8, 0, 9, 6, 0, 0, 0, 9, 0, 0, 0, 0, 6, 7, 0, 6, 7, 9, 6, 0, 0, 0, 9, 7, : 7, 10, 6, 9, 7, 5, 10, 8, 9, 6, 8, 8, 9, 7, 8, 7, 5, 8, 6, 8, 9, 7, 9, 9, 9, 7, 8, 6, 8, 8, 8, 7, 10, 9, 6, 6, 9, 7, 7, 7, 10, 9, 9, 6, 6, 8, 9, 6, 9, 6, 7, 6, 7, 9, 6, 9, 7, 
248: 0, 7, 0, 0, 0, 0, 0, 0, 4, 0, 0, 8, 8, 9, 0, 7, 7, 0, 5, 7, 0, 0, 0, 0, 0, 0, 0, 7, 8, 7, 0, 9, 0, 9, 7, 8, 0, 7, 0, 7, 0, 6, 0, 9, 0, 0, 8, 6, 6, 0, 8, 0, 8, 8, 8, 9, 0, 5, 0, 7, 7, 0, 10, 7, 0, 6, 6, 8, 0, 0, 0, 8, 0, 0, 0, 5, 9, 4, 0, 9, 0, 0, 0, 7, 5, 0, 8, 0, 0, 7, 6, 0, 0, 5, 0, 0, 0, 7, 10, 6, 0, 0, 0, 0, 6, 4, 0, 8, 6, 6, 6, 0, 7, 0, 0, 0, 7, 8, 0, 6, : 7, 4, 8, 8, 9, 7, 7, 5, 7, 7, 8, 7, 9, 9, 7, 8, 7, 7, 6, 9, 8, 6, 6, 8, 8, 8, 8, 9, 5, 7, 7, 10, 7, 6, 6, 8, 8, 5, 9, 4, 9, 7, 5, 8, 7, 6, 5, 7, 10, 6, 6, 4, 8, 6, 6, 6, 7, 7, 8, 6, 
426: 0, 0, 7, 8, 0, 6, 9, 6, 8, 7, 6, 6, 7, 6, 0, 7, 0, 0, 11, 0, 7, 10, 0, 0, 0, 9, 8, 6, 0, 0, 0, 0, 0, 5, 0, 0, 7, 5, 7, 0, 0, 6, 8, 0, 0, 0, 7, 0, 0, 0, 7, 0, 0, 0, 7, 0, 6, 7, 0, 9, 7, 0, 0, 0, 0, 0, 9, 0, 7, 0, 7, 0, 6, 5, 0, 7, 8, 7, 5, 0, 4, 9, 0, 7, 8, 6, 0, 9, 0, 5, 0, 7, 8, 10, 0, 10, 0, 10, 0, 0, 0, 8, 8, 0, 7, 7, 8, 6, 6, 0, 6, 10, 10, 9, 0, 0, 0, 0, 0, 7, : 7, 8, 6, 9, 6, 8, 7, 6, 6, 7, 6, 7, 11, 7, 10, 9, 8, 6, 5, 7, 5, 7, 6, 8, 7, 7, 7, 6, 7, 9, 7, 9, 7, 7, 6, 5, 7, 8, 7, 5, 4, 9, 7, 8, 6, 9, 5, 7, 8, 10, 10, 10, 8, 8, 7, 7, 8, 6, 6, 6, 10, 10, 9, 7, 
362: 7, 0, 0, 6, 0, 0, 5, 0, 7, 0, 0, 9, 0, 0, 8, 9, 9, 7, 0, 0, 0, 0, 0, 0, 8, 0, 0, 0, 0, 0, 6, 0, 7, 0, 0, 11, 6, 7, 6, 7, 0, 0, 0, 7, 5, 9, 0, 0, 6, 0, 0, 0, 0, 0, 6, 0, 7, 6, 0, 7, 6, 0, 0, 5, 0, 0, 9, 0, 7, 0, 5, 0, 6, 0, 0, 8, 5, 5, 6, 7, 7, 7, 7, 9, 0, 0, 10, 0, 6, 9, 8, 0, 0, 0, 8, 0, 0, 5, 0, 0, 7, 8, 8, 0, 0, 7, 8, 0, 0, 0, 7, 0, 0, 6, 7, 6, 7, 0, 0, 0, : 7, 6, 5, 7, 9, 8, 9, 9, 7, 8, 6, 7, 11, 6, 7, 6, 7, 7, 5, 9, 6, 6, 7, 6, 7, 6, 5, 9, 7, 5, 6, 8, 5, 5, 6, 7, 7, 7, 7, 9, 10, 6, 9, 8, 8, 5, 7, 8, 8, 7, 8, 7, 6, 7, 6, 7, 
522: 8, 0, 7, 0, 0, 8, 0, 0, 0, 0, 7, 0, 0, 0, 7, 7, 7, 7, 9, 0, 7, 6, 0, 7, 0, 0, 8, 4, 8, 8, 7, 0, 7, 8, 0, 0, 0, 7, 7, 0, 0, 8, 8, 8, 0, 0, 0, 0, 8, 0, 6, 0, 7, 0, 0, 7, 0, 0, 0, 0, 0, 8, 0, 0, 7, 0, 5, 0, 6, 0, 7, 0, 5, 0, 0, 8, 7, 7, 8, 0, 8, 0, 9, 0, 0, 0, 0, 0, 5, 0, 8, 9, 0, 6, 0, 6, 0, 7, 5, 0, 0, 8, 0, 5, 6, 0, 8, 10, 0, 6, 0, 0, 0, 5, 0, 0, 8, 9, 0, 7, : 8, 7, 8, 7, 7, 7, 7, 7, 9, 7, 6, 7, 8, 4, 8, 8, 7, 7, 8, 7, 7, 8, 8, 8, 8, 6, 7, 7, 8, 7, 5, 6, 7, 5, 8, 7, 7, 8, 8, 9, 5, 8, 9, 6, 6, 7, 5, 8, 5, 6, 8, 10, 6, 5, 8, 9, 7, 
334: 8, 0, 0, 9, 7, 5, 0, 8, 0, 10, 7, 9, 6, 0, 7, 0, 8, 0, 7, 0, 7, 0, 8, 0, 7, 0, 9, 8, 0, 0, 9, 0, 0, 7, 6, 10, 0, 7, 0, 8, 6, 7, 8, 10, 0, 7, 9, 10, 0, 0, 8, 6, 0, 6, 9, 0, 0, 7, 7, 10, 0, 0, 5, 7, 7, 6, 0, 0, 8, 7, 5, 0, 9, 5, 0, 9, 0, 0, 7, 7, 0, 7, 5, 0, 0, 8, 8, 7, 0, 6, 7, 0, 0, 9, 7, 5, 0, 0, 0, 0, 10, 0, 8, 8, 0, 0, 6, 0, 8, 8, 9, 6, 0, 0, 7, 0, 5, 0, 0, 7, : 8, 9, 7, 5, 8, 10, 7, 9, 6, 7, 8, 7, 7, 8, 7, 9, 8, 9, 7, 6, 10, 7, 8, 6, 7, 8, 10, 7, 9, 10, 8, 6, 6, 9, 7, 7, 10, 5, 7, 7, 6, 8, 7, 5, 9, 5, 9, 7, 7, 7, 5, 8, 8, 7, 6, 7, 9, 7, 5, 10, 8, 8, 6, 8, 8, 9, 6, 7, 5, 7, 
390: 0, 6, 0, 0, 9, 6, 9, 0, 0, 0, 0, 5, 0, 8, 6, 9, 0, 7, 0, 7, 0, 7, 0, 8, 0, 6, 5, 0, 9, 9, 8, 8, 8, 0, 0, 0, 0, 0, 5, 0, 0, 7, 6, 9, 8, 0, 7, 8, 8, 0, 8, 7, 0, 5, 0, 0, 11, 0, 10, 8, 0, 0, 0, 0, 0, 0, 0, 9, 0, 8, 7, 6, 6, 8, 9, 0, 0, 6, 8, 0, 0, 4, 7, 0, 0, 0, 0, 4, 0, 0, 6, 7, 8, 0, 0, 8, 6, 0, 7, 0, 8, 5, 0, 6, 0, 9, 0, 7, 8, 8, 9, 0, 6, 0, 9, 7, 6, 0, 0, 0, : 6, 9, 6, 9, 5, 8, 6, 9, 7, 7, 7, 8, 6, 5, 9, 9, 8, 8, 8, 5, 7, 6, 9, 8, 7, 8, 8, 8, 7, 5, 11, 10, 8, 9, 8, 7, 6, 6, 8, 9, 6, 8, 4, 7, 4, 6, 7, 8, 8, 6, 7, 8, 5, 6, 9, 7, 8, 8, 9, 6, 9, 7, 6, 
137: 0, 7, 6, 0, 0, 9, 0, 7, 8, 9, 6, 8, 0, 6, 0, 8, 0, 6, 7, 0, 10, 0, 0, 0, 0, 0, 0, 0, 9, 7, 7, 9, 6, 0, 8, 0, 0, 5, 0, 8, 0, 5, 0, 0, 8, 6, 6, 0, 0, 8, 7, 8, 5, 0, 0, 0, 0, 7, 0, 0, 5, 0, 7, 0, 6, 0, 5, 0, 8, 0, 0, 6, 0, 6, 0, 0, 0, 8, 7, 6, 7, 0, 5, 10, 5, 0, 6, 6, 0, 0, 8, 0, 0, 8, 0, 8, 7, 0, 7, 0, 0, 0, 7, 0, 6, 0, 0, 7, 7, 0, 0, 0, 0, 0, 0, 8, 10, 0, 6, 0, : 7, 6, 9, 7, 8, 9, 6, 8, 6, 8, 6, 7, 10, 9, 7, 7, 9, 6, 8, 5, 8, 5, 8, 6, 6, 8, 7, 8, 5, 7, 5, 7, 6, 5, 8, 6, 6, 8, 7, 6, 7, 5, 10, 5, 6, 6, 8, 8, 8, 7, 7, 7, 6, 7, 7, 8, 10, 6, 
548: 0, 0, 0, 0, 6, 9, 0, 0, 0, 7, 7, 6, 8, 7, 0, 0, 0, 6, 0, 10, 5, 0, 0, 0, 0, 0, 6, 0, 7, 0, 8, 0, 0, 6, 7, 0, 8, 0, 8, 7, 7, 0, 0, 0, 9, 0, 0, 0, 5, 7, 0, 0, 7, 5, 0, 0, 10, 6, 8, 8, 0, 10, 0, 7, 0, 0, 9, 0, 0, 6, 0, 7, 0, 10, 10, 0, 9, 0, 6, 8, 7, 0, 7, 6, 7, 0, 0, 7, 7, 0, 8, 6, 0, 9, 10, 0, 0, 0, 7, 0, 0, 0, 0, 0, 8, 0, 10, 9, 0, 9, 0, 0, 0, 0, 7, 7, 10, 5, 0, 0, : 6, 9, 7, 7, 6, 8, 7, 6, 10, 5, 6, 7, 8, 6, 7, 8, 8, 7, 7, 9, 5, 7, 7, 5, 10, 6, 8, 8, 10, 7, 9, 6, 7, 10, 10, 9, 6, 8, 7, 7, 6, 7, 7, 7, 8, 6, 9, 10, 7, 8, 10, 9, 9, 7, 7, 10, 5, 
203: 7, 0, 7, 8, 6, 7, 0, 0, 0, 0, 7, 0, 0, 10, 0, 8, 0, 10, 8, 6, 6, 0, 7, 8, 0, 4, 0, 8, 6, 8, 8, 7, 6, 0, 7, 0, 0, 7, 7, 9, 0, 10, 0, 8, 8, 0, 0, 0, 0, 6, 10, 9, 0, 0, 0, 0, 9, 7, 0, 9, 0, 10, 10, 0, 9, 0, 0, 6, 8, 0, 7, 9, 0, 6, 0, 0, 0, 9, 0, 0, 0, 5, 8, 6, 9, 7, 0, 0, 8, 0, 8, 0, 0, 0, 0, 6, 6, 6, 5, 5, 9, 6, 4, 0, 7, 0, 0, 8, 6, 9, 0, 9, 0, 9, 0, 0, 0, 7, 0, 0, : 7, 7, 8, 6, 7, 7, 10, 8, 10, 8, 6, 6, 7, 8, 4, 8, 6, 8, 8, 7, 6, 7, 7, 7, 9, 10, 8, 8, 6, 10, 9, 9, 7, 9, 10, 10, 9, 6, 8, 7, 9, 6, 9, 5, 8, 6, 9, 7, 8, 8, 6, 6, 6, 5, 5, 9, 6, 4, 7, 8, 6, 9, 9, 9, 7, 
597: 0, 7, 8, 0, 0, 7, 0, 0, 0, 0, 0, 8, 0, 0, 8, 0, 10, 9, 0, 6, 8, 0, 0, 9, 8, 0, 0, 0, 0, 8, 0, 0, 7, 7, 0, 8, 7, 0, 0, 0, 6, 8, 7, 0, 0, 0, 9, 6, 7, 0, 8, 0, 10, 0, 7, 0, 6, 0, 0, 0, 8, 8, 0, 0, 0, 9, 9, 5, 0, 7, 0, 0, 7, 0, 7, 0, 0, 8, 0, 7, 0, 8, 0, 0, 9, 10, 7, 7, 0, 10, 7, 9, 0, 8, 8, 0, 7, 0, 7, 5, 7, 8, 8, 6, 9, 6, 8, 0, 0, 5, 0, 8, 7, 9, 0, 0, 0, 0, 6, 0, : 7, 8, 7, 8, 8, 10, 9, 6, 8, 9, 8, 8, 7, 7, 8, 7, 6, 8, 7, 9, 6, 7, 8, 10, 7, 6, 8, 8, 9, 9, 5, 7, 7, 7, 8, 7, 8, 9, 10, 7, 7, 10, 7, 9, 8, 8, 7, 7, 5, 7, 8, 8, 6, 9, 6, 8, 5, 8, 7, 9, 6, 
27: 0, 0, 0, 0, 0, 0, 0, 0, 8, 8, 0, 0, 7, 0, 8, 4, 8, 0, 5, 8, 9, 0, 7, 0, 9, 6, 9, 6, 8, 7, 0, 7, 0, 6, 8, 0, 0, 0, 0, 6, 6, 7, 8, 0, 7, 0, 6, 6, 0, 0, 0, 0, 6, 0, 5, 0, 0, 0, 9, 5, 0, 10, 9, 6, 0, 0, 7, 0, 0, 0, 0, 0, 8, 0, 10, 0, 0, 7, 0, 10, 9, 0, 0, 8, 8, 0, 6, 0, 0, 8, 0, 0, 8, 0, 7, 0, 5, 9, 0, 0, 0, 6, 0, 0, 0, 9, 7, 7, 6, 6, 6, 6, 0, 0, 0, 10, 8, 0, 5, 7, : 8, 8, 7, 8, 4, 8, 5, 8, 9, 7, 9, 6, 9, 6, 8, 7, 7, 6, 8, 6, 6, 7, 8, 7, 6, 6, 6, 5, 9, 5, 10, 9, 6, 7, 8, 10, 7, 10, 9, 8, 8, 6, 8, 8, 7, 5, 9, 6, 9, 7, 7, 6, 6, 6, 6, 10, 8, 5, 7, 
338: 7, 0, 5, 0, 9, 0, 8, 8, 9, 0, 5, 0, 7, 7, 0, 0, 9, 0, 7, 5, 0, 0, 8, 10, 0, 9, 0, 0, 9, 0, 7, 10, 7, 0, 0, 9, 0, 8, 0, 8, 7, 0, 8, 7, 0, 6, 6, 8, 0, 5, 0, 7, 9, 0, 0, 0, 0, 0, 0, 6, 9, 7, 9, 9, 8, 6, 6, 9, 9, 0, 0, 7, 8, 10, 7, 9, 7, 0, 7, 9, 0, 6, 0, 7, 0, 6, 9, 0, 7, 7, 0, 8, 9, 6, 7, 8, 0, 6, 7, 0, 0, 9, 7, 9, 8, 0, 0, 0, 0, 0, 7, 8, 8, 7, 0, 0, 0, 5, 8, 0, : 7, 5, 9, 8, 8, 9, 5, 7, 7, 9, 7, 5, 8, 10, 9, 9, 7, 10, 7, 9, 8, 8, 7, 8, 7, 6, 6, 8, 5, 7, 9, 6, 9, 7, 9, 9, 8, 6, 6, 9, 9, 7, 8, 10, 7, 9, 7, 7, 9, 6, 7, 6, 9, 7, 7, 8, 9, 6, 7, 8, 6, 7, 9, 7, 9, 8, 7, 8, 8, 7, 5, 8, 
177: 9, 0, 0, 0, 0, 0, 0, 8, 0, 0, 0, 10, 0, 7, 6, 0, 0, 9, 6, 7, 5, 0, 10, 0, 0, 0, 0, 7, 6, 0, 0, 0, 0, 0, 7, 0, 0, 0, 8, 10, 0, 0, 7, 0, 8, 0, 8, 8, 8, 6, 6, 10, 0, 0, 8, 0, 7, 0, 0, 10, 0, 5, 5, 0, 9, 6, 8, 5, 0, 6, 7, 0, 6, 7, 0, 5, 0, 0, 0, 0, 7, 0, 6, 0, 0, 7, 7, 0, 0, 0, 7, 8, 8, 0, 9, 0, 7, 0, 0, 9, 9, 8, 0, 9, 0, 11, 0, 8, 0, 0, 7, 6, 7, 5, 7, 6, 0, 0, 7, 0, : 9, 8, 10, 7, 6, 9, 6, 7, 5, 10, 7, 6, 7, 8, 10, 7, 8, 8, 8, 8, 6, 6, 10, 8, 7, 10, 5, 5, 9, 6, 8, 5, 6, 7, 6, 7, 5, 7, 6, 7, 7, 7, 8, 8, 9, 7, 9, 9, 8, 9, 11, 8, 7, 6, 7, 5, 7, 6, 7, 
26: 0, 0, 0, 8, 6, 0, 0, 0, 8, 8, 8, 7, 0, 0, 0, 7, 0, 7, 0, 7, 0, 8, 0, 7, 6, 7, 9, 0, 0, 6, 0, 0, 0, 0, 0, 7, 7, 10, 7, 5, 5, 7, 0, 0, 0, 0, 7, 6, 8, 0, 0, 8, 0, 0, 7, 0, 10, 0, 7, 0, 0, 7, 7, 9, 10, 7, 0, 8, 0, 0, 8, 0, 7, 10, 6, 0, 8, 0, 7, 0, 0, 6, 0, 0, 6, 0, 0, 0, 0, 0, 9, 8, 0, 4, 0, 0, 8, 0, 0, 0, 8, 0, 6, 7, 0, 0, 9, 6, 0, 0, 0, 6, 7, 0, 0, 0, 0, 10, 7, 0, : 8, 6, 8, 8, 8, 7, 7, 7, 7, 8, 7, 6, 7, 9, 6, 7, 7, 10, 7, 5, 5, 7, 7, 6, 8, 8, 7, 10, 7, 7, 7, 9, 10, 7, 8, 8, 7, 10, 6, 8, 7, 6, 6, 9, 8, 4, 8, 8, 6, 7, 9, 6, 6, 7, 10, 7, 
227: 0, 6, 0, 7, 8, 0, 5, 0, 7, 7, 0, 0, 0, 8, 5, 7, 0, 9, 7, 0, 0, 0, 0, 0, 0, 8, 6, 0, 5, 8, 6, 8, 8, 0, 0, 0, 0, 0, 6, 0, 5, 0, 7, 9, 0, 0, 5, 0, 0, 9, 8, 0, 7, 5, 7, 7, 7, 11, 0, 0, 6, 0, 7, 0, 0, 11, 0, 0, 0, 0, 7, 0, 10, 0, 8, 9, 10, 10, 7, 7, 8, 7, 9, 5, 0, 7, 4, 7, 7, 9, 6, 6, 0, 5, 0, 0, 0, 0, 0, 0, 0, 8, 10, 6, 7, 6, 8, 8, 9, 0, 8, 0, 0, 7, 0, 8, 0, 0, 0, 9, : 6, 7, 8, 5, 7, 7, 8, 5, 7, 9, 7, 8, 6, 5, 8, 6, 8, 8, 6, 5, 7, 9, 5, 9, 8, 7, 5, 7, 7, 7, 11, 6, 7, 11, 7, 10, 8, 9, 10, 10, 7, 7, 8, 7, 9, 5, 7, 4, 7, 7, 9, 6, 6, 5, 8, 10, 6, 7, 6, 8, 8, 9, 8, 7, 8, 9, 
313: 6, 6, 9, 8, 0, 6, 9, 8, 6, 7, 0, 7, 9, 0, 0, 0, 6, 0, 0, 0, 7, 7, 0, 9, 7, 7, 0, 0, 0, 0, 0, 6, 8, 0, 0, 0, 0, 0, 8, 6, 0, 0, 8, 6, 0, 8, 7, 0, 5, 5, 0, 0, 6, 0, 7, 9, 0, 0, 0, 0, 0, 0, 0, 0, 8, 0, 0, 0, 8, 0, 0, 6, 0, 0, 9, 0, 0, 0, 0, 0, 7, 0, 10, 0, 0, 0, 6, 10, 11, 0, 6, 7, 8, 6, 5, 7, 7, 6, 0, 0, 7, 0, 9, 8, 0, 0, 6, 0, 0, 0, 6, 0, 8, 8, 6, 6, 5, 0, 0, 0, : 6, 6, 9, 8, 6, 9, 8, 6, 7, 7, 9, 6, 7, 7, 9, 7, 7, 6, 8, 8, 6, 8, 6, 8, 7, 5, 5, 6, 7, 9, 8, 8, 6, 9, 7, 10, 6, 10, 11, 6, 7, 8, 6, 5, 7, 7, 6, 7, 9, 8, 6, 6, 8, 8, 6, 6, 5, 
67: 5, 0, 5, 0, 0, 7, 6, 5, 0, 0, 9, 0, 9, 8, 7, 0, 7, 11, 6, 0, 0, 5, 0, 7, 8, 0, 7, 8, 0, 0, 7, 0, 5, 0, 0, 8, 0, 10, 5, 0, 6, 5, 8, 0, 6, 9, 6, 7, 0, 8, 6, 7, 0, 0, 7, 9, 9, 0, 5, 0, 0, 0, 8, 0, 10, 9, 0, 5, 0, 7, 0, 0, 0, 0, 5, 0, 0, 0, 8, 8, 7, 9, 0, 9, 6, 8, 9, 8, 4, 0, 10, 0, 7, 0, 0, 8, 7, 5, 7, 0, 7, 8, 7, 9, 0, 0, 9, 8, 4, 0, 6, 0, 0, 7, 0, 8, 7, 0, 9, 0, : 5, 5, 7, 6, 5, 9, 9, 8, 7, 7, 11, 6, 5, 7, 8, 7, 8, 7, 5, 8, 10, 5, 6, 5, 8, 6, 9, 6, 7, 8, 6, 7, 7, 9, 9, 5, 8, 10, 9, 5, 7, 5, 8, 8, 7, 9, 9, 6, 8, 9, 8, 4, 10, 7, 8, 7, 5, 7, 7, 8, 7, 9, 9, 8, 4, 6, 7, 8, 7, 9, 
8: 8, 8, 8, 0, 0, 6, 0, 6, 0, 7, 0, 8, 0, 9, 0, 8, 0, 0, 0, 7, 0, 9, 0, 0, 8, 8, 8, 0, 0, 0, 6, 8, 0, 0, 8, 0, 8, 7, 0, 5, 5, 6, 7, 0, 8, 0, 7, 9, 8, 0, 0, 8, 7, 9, 7, 0, 0, 0, 0, 0, 0, 0, 0, 6, 5, 5, 7, 0, 0, 9, 7, 7, 8, 0, 8, 8, 6, 8, 9, 0, 0, 6, 8, 9, 0, 10, 0, 0, 0, 0, 0, 6, 9, 0, 0, 7, 0, 0, 8, 8, 6, 0, 0, 7, 0, 10, 5, 0, 9, 0, 5, 8, 6, 10, 0, 7, 0, 10, 7, 0, : 8, 8, 8, 6, 6, 7, 8, 9, 8, 7, 9, 8, 8, 8, 6, 8, 8, 8, 7, 5, 5, 6, 7, 8, 7, 9, 8, 8, 7, 9, 7, 6, 5, 5, 7, 9, 7, 7, 8, 8, 8, 6, 8, 9, 6, 8, 9, 10, 6, 9, 7, 8, 8, 6, 7, 10, 5, 9, 5, 8, 6, 10, 7, 10, 7, 
345: 0, 0, 0, 7, 0, 6, 7, 0, 6, 0, 0, 0, 8, 0, 0, 5, 7, 8, 0, 0, 9, 7, 0, 7, 0, 0, 7, 7, 9, 0, 7, 7, 0, 8, 0, 7, 6, 11, 0, 0, 5, 6, 0, 0, 0, 0, 0, 0, 6, 10, 6, 6, 7, 7, 0, 0, 7, 0, 0, 11, 0, 8, 0, 0, 7, 0, 0, 0, 6, 10, 10, 7, 8, 5, 6, 0, 0, 0, 4, 0, 9, 0, 8, 0, 0, 0, 10, 6, 0, 0, 7, 6, 0, 0, 7, 10, 0, 6, 0, 0, 0, 0, 0, 0, 6, 0, 0, 0, 0, 0, 7, 7, 6, 7, 7, 7, 10, 0, 0, 7, : 7, 6, 7, 6, 8, 5, 7, 8, 9, 7, 7, 7, 7, 9, 7, 7, 8, 7, 6, 11, 5, 6, 6, 10, 6, 6, 7, 7, 7, 11, 8, 7, 6, 10, 10, 7, 8, 5, 6, 4, 9, 8, 10, 6, 7, 6, 7, 10, 6, 6, 7, 7, 6, 7, 7, 7, 10, 7, 
24: 0, 7, 0, 8, 10, 8, 0, 8, 0, 0, 8, 7, 8, 7, 0, 0, 5, 0, 0, 7, 0, 0, 8, 0, 5, 0, 0, 9, 6, 4, 0, 0, 0, 0, 7, 0, 5, 0, 0, 0, 8, 0, 0, 0, 0, 8, 7, 0, 0, 9, 0, 7, 7, 0, 5, 0, 6, 8, 8, 7, 0, 9, 7, 6, 11, 7, 0, 4, 7, 0, 0, 0, 6, 7, 5, 9, 0, 0, 8, 0, 0, 0, 6, 6, 0, 10, 8, 7, 0, 8, 0, 7, 6, 0, 0, 6, 5, 0, 0, 7, 0, 6, 0, 6, 0, 0, 0, 0, 0, 9, 0, 6, 7, 7, 0, 0, 0, 0, 5, 7, : 7, 8, 10, 8, 8, 8, 7, 8, 7, 5, 7, 8, 5, 9, 6, 4, 7, 5, 8, 8, 7, 9, 7, 7, 5, 6, 8, 8, 7, 9, 7, 6, 11, 7, 4, 7, 6, 7, 5, 9, 8, 6, 6, 10, 8, 7, 8, 7, 6, 6, 5, 7, 6, 6, 9, 6, 7, 7, 5, 7, 
222: 6, 6, 0, 0, 0, 10, 5, 0, 8, 8, 8, 0, 7, 0, 0, 0, 0, 0, 8, 0, 0, 6, 0, 0, 7, 0, 0, 0, 9, 6, 8, 8, 0, 0, 7, 4, 0, 7, 7, 0, 0, 0, 0, 9, 9, 0, 0, 0, 0, 8, 8, 6, 6, 0, 5, 0, 7, 7, 6, 10, 6, 5, 0, 6, 0, 0, 0, 5, 0, 0, 6, 0, 5, 0, 0, 0, 0, 0, 0, 7, 7, 0, 6, 10, 10, 6, 11, 10, 0, 8, 7, 0, 0, 0, 8, 0, 0, 7, 5, 7, 0, 0, 6, 0, 10, 6, 0, 8, 7, 8, 0, 0, 0, 9, 6, 0, 7, 0, 0, 0, : 6, 6, 10, 5, 8, 8, 8, 7, 8, 6, 7, 9, 6, 8, 8, 7, 4, 7, 7, 9, 9, 8, 8, 6, 6, 5, 7, 7, 6, 10, 6, 5, 6, 5, 6, 5, 7, 7, 6, 10, 10, 6, 11, 10, 8, 7, 8, 7, 5, 7, 6, 10, 6, 8, 7, 8, 9, 6, 7, 
223: 8, 9, 0, 0, 9, 0, 0, 0, 8, 0, 0, 0, 0, 6, 0, 0, 4, 6, 0, 8, 6, 8, 0, 8, 0, 6, 5, 0, 4, 0, 0, 0, 10, 0, 7, 6, 0, 9, 8, 0, 10, 9, 0, 7, 0, 0, 0, 8, 0, 0, 0, 0, 0, 9, 0, 0, 0, 10, 0, 0, 5, 0, 8, 0, 8, 8, 0, 8, 0, 0, 0, 6, 0, 0, 10, 9, 6, 9, 7, 0, 0, 0, 0, 6, 0, 7, 0, 0, 0, 10, 10, 9, 6, 7, 0, 5, 9, 10, 7, 0, 0, 9, 0, 0, 0, 0, 10, 0, 0, 7, 7, 0, 6, 0, 7, 7, 7, 8, 0, 8, : 8, 9, 9, 8, 6, 4, 6, 8, 6, 8, 8, 6, 5, 4, 10, 7, 6, 9, 8, 10, 9, 7, 8, 9, 10, 5, 8, 8, 8, 8, 6, 10, 9, 6, 9, 7, 6, 7, 10, 10, 9, 6, 7, 5, 9, 10, 7, 9, 10, 7, 7, 6, 7, 7, 7, 8, 8, 
343: 7, 9, 0, 8, 9, 0, 7, 0, 6, 6, 0, 7, 0, 8, 5, 0, 0, 0, 0, 8, 0, 10, 0, 0, 0, 9, 0, 0, 7, 6, 8, 0, 8, 0, 0, 0, 9, 0, 5, 8, 0, 8, 9, 0, 8, 8, 0, 0, 0, 6, 6, 0, 6, 9, 7, 6, 8, 9, 10, 0, 0, 7, 0, 9, 6, 6, 8, 7, 0, 8, 10, 10, 0, 0, 0, 0, 5, 0, 0, 8, 0, 0, 7, 0, 6, 10, 0, 0, 0, 0, 0, 0, 7, 6, 0, 6, 0, 0, 10, 0, 0, 8, 6, 7, 7, 0, 0, 9, 11, 0, 0, 10, 6, 0, 8, 5, 0, 0, 0, 7, : 7, 9, 8, 9, 7, 6, 6, 7, 8, 5, 8, 10, 9, 7, 6, 8, 8, 9, 5, 8, 8, 9, 8, 8, 6, 6, 6, 9, 7, 6, 8, 9, 10, 7, 9, 6, 6, 8, 7, 8, 10, 10, 5, 8, 7, 6, 10, 7, 6, 6, 10, 8, 6, 7, 7, 9, 11, 10, 6, 8, 5, 7, 
309: 8, 0, 0, 6, 0, 0, 0, 9, 7, 8, 0, 0, 0, 0, 0, 0, 0, 0, 0, 8, 0, 7, 7, 7, 0, 0, 0, 9, 0, 0, 0, 0, 0, 7, 0, 0, 8, 0, 6, 0, 0, 0, 6, 0, 8, 0, 9, 9, 6, 8, 0, 7, 7, 0, 0, 8, 0, 5, 5, 8, 0, 7, 0, 0, 0, 10, 6, 10, 8, 8, 10, 6, 6, 0, 8, 7, 8, 0, 0, 0, 7, 0, 0, 0, 0, 0, 6, 0, 7, 0, 9, 6, 7, 0, 6, 5, 0, 10, 9, 10, 5, 0, 9, 9, 8, 8, 0, 4, 0, 0, 0, 7, 0, 0, 7, 0, 0, 0, 0, 6, : 8, 6, 9, 7, 8, 8, 7, 7, 7, 9, 7, 8, 6, 6, 8, 9, 9, 6, 8, 7, 7, 8, 5, 5, 8, 7, 10, 6, 10, 8, 8, 10, 6, 6, 8, 7, 8, 7, 6, 7, 9, 6, 7, 6, 5, 10, 9, 10, 5, 9, 9, 8, 8, 4, 7, 7, 6, 
351: 0, 7, 10, 0, 0, 6, 8, 7, 8, 8, 0, 8, 0, 0, 0, 8, 6, 0, 5, 0, 0, 7, 8, 6, 0, 0, 0, 0, 7, 0, 5, 0, 0, 0, 0, 0, 6, 8, 9, 8, 0, 0, 0, 0, 7, 0, 6, 7, 0, 0, 5, 8, 7, 0, 0, 0, 0, 4, 10, 6, 0, 6, 8, 10, 6, 8, 6, 5, 0, 6, 6, 0, 0, 0, 8, 0, 7, 0, 8, 0, 8, 6, 4, 5, 10, 0, 6, 0, 0, 0, 0, 4, 6, 0, 7, 9, 0, 9, 7, 6, 0, 0, 0, 0, 7, 7, 9, 7, 0, 8, 0, 0, 0, 7, 0, 0, 8, 0, 0, 0, : 7, 10, 6, 8, 7, 8, 8, 8, 8, 6, 5, 7, 8, 6, 7, 5, 6, 8, 9, 8, 7, 6, 7, 5, 8, 7, 4, 10, 6, 6, 8, 10, 6, 8, 6, 5, 6, 6, 8, 7, 8, 8, 6, 4, 5, 10, 6, 4, 6, 7, 9, 9, 7, 6, 7, 7, 9, 7, 8, 7, 8, 
289: 7, 7, 7, 0, 0, 0, 6, 0, 0, 8, 0, 7, 0, 0, 10, 0, 0, 5, 8, 7, 6, 0, 0, 8, 9, 0, 0, 0, 7, 8, 7, 0, 0, 6, 10, 0, 8, 5, 0, 0, 8, 9, 0, 0, 0, 6, 0, 0, 0, 0, 0, 0, 6, 0, 0, 0, 0, 6, 0, 0, 10, 0, 10, 6, 5, 0, 6, 0, 7, 7, 7, 0, 7, 9, 9, 7, 7, 0, 9, 0, 0, 0, 0, 0, 0, 0, 9, 0, 10, 0, 7, 0, 8, 0, 0, 9, 0, 0, 9, 7, 0, 7, 10, 0, 0, 0, 10, 7, 7, 9, 7, 7, 0, 0, 9, 0, 6, 7, 0, 0, : 7, 7, 7, 6, 8, 7, 10, 5, 8, 7, 6, 8, 9, 7, 8, 7, 6, 10, 8, 5, 8, 9, 6, 6, 6, 10, 10, 6, 5, 6, 7, 7, 7, 7, 9, 9, 7, 7, 9, 9, 10, 7, 8, 9, 9, 7, 7, 10, 10, 7, 7, 9, 7, 7, 9, 6, 7, 
38: 0, 8, 0, 0, 0, 10, 8, 0, 7, 7, 0, 0, 9, 9, 8, 0, 6, 9, 0, 8, 5, 7, 8, 7, 7, 6, 0, 6, 0, 0, 0, 0, 0, 5, 0, 0, 5, 0, 5, 0, 7, 10, 7, 0, 0, 0, 6, 0, 6, 0, 6, 0, 7, 6, 7, 0, 7, 0, 0, 0, 0, 0, 0, 0, 10, 0, 9, 8, 7, 8, 0, 0, 6, 0, 6, 0, 8, 7, 0, 0, 0, 0, 0, 0, 10, 0, 10, 8, 7, 7, 0, 6, 6, 7, 8, 0, 8, 0, 0, 0, 6, 0, 6, 0, 8, 6, 7, 0, 0, 9, 0, 0, 0, 7, 0, 0, 0, 6, 0, 11, : 8, 10, 8, 7, 7, 9, 9, 8, 6, 9, 8, 5, 7, 8, 7, 7, 6, 6, 5, 5, 5, 7, 10, 7, 6, 6, 6, 7, 6, 7, 7, 10, 9, 8, 7, 8, 6, 6, 8, 7, 10, 10, 8, 7, 7, 6, 6, 7, 8, 8, 6, 6, 8, 6, 7, 9, 7, 6, 11, 
197: 0, 8, 0, 0, 7, 0, 8, 8, 0, 7, 0, 0, 6, 0, 8, 0, 5, 0, 7, 7, 6, 7, 0, 0, 0, 8, 0, 6, 0, 0, 8, 0, 6, 0, 8, 8, 7, 0, 9, 0, 8, 5, 8, 0, 0, 7, 8, 0, 0, 7, 5, 0, 0, 7, 0, 0, 0, 0, 0, 0, 0, 0, 5, 8, 7, 8, 0, 0, 6, 7, 7, 8, 5, 9, 0, 10, 8, 0, 8, 0, 0, 0, 0, 8, 6, 0, 0, 7, 0, 0, 9, 8, 6, 0, 10, 0, 0, 0, 0, 5, 0, 5, 7, 6, 0, 10, 5, 5, 0, 8, 8, 0, 7, 0, 6, 7, 0, 0, 0, 8, : 8, 7, 8, 8, 7, 6, 8, 5, 7, 7, 6, 7, 8, 6, 8, 6, 8, 8, 7, 9, 8, 5, 8, 7, 8, 7, 5, 7, 5, 8, 7, 8, 6, 7, 7, 8, 5, 9, 10, 8, 8, 8, 6, 7, 9, 8, 6, 10, 5, 5, 7, 6, 10, 5, 5, 8, 8, 7, 6, 7, 8, 
320: 0, 0, 0, 0, 0, 6, 0, 0, 0, 0, 8, 0, 0, 0, 7, 7, 0, 8, 0, 6, 8, 7, 8, 8, 8, 7, 0, 0, 0, 9, 0, 0, 0, 9, 10, 8, 8, 0, 0, 7, 7, 9, 8, 7, 0, 7, 7, 0, 0, 6, 0, 0, 0, 11, 0, 0, 7, 8, 0, 0, 6, 8, 0, 9, 10, 0, 7, 10, 5, 8, 0, 8, 11, 0, 7, 10, 0, 0, 0, 8, 7, 7, 0, 8, 0, 10, 0, 0, 0, 0, 7, 9, 9, 8, 0, 0, 0, 7, 0, 7, 7, 0, 0, 0, 8, 7, 0, 7, 9, 8, 0, 0, 8, 0, 0, 6, 7, 8, 8, 0, : 6, 8, 7, 7, 8, 6, 8, 7, 8, 8, 8, 7, 9, 9, 10, 8, 8, 7, 7, 9, 8, 7, 7, 7, 6, 11, 7, 8, 6, 8, 9, 10, 7, 10, 5, 8, 8, 11, 7, 10, 8, 7, 7, 8, 10, 7, 9, 9, 8, 7, 7, 7, 8, 7, 7, 9, 8, 8, 6, 7, 8, 8, 
6: 8, 8, 7, 9, 7, 7, 0, 6, 0, 7, 7, 8, 7, 9, 0, 0, 0, 0, 8, 0, 0, 8, 0, 0, 7, 0, 0, 9, 8, 10, 9, 0, 0, 7, 7, 0, 0, 0, 8, 8, 8, 0, 0, 0, 0, 7, 7, 0, 0, 0, 6, 0, 7, 8, 0, 6, 0, 0, 4, 8, 7, 7, 6, 0, 6, 0, 6, 0, 7, 5, 0, 6, 0, 0, 7, 0, 0, 8, 0, 8, 10, 0, 6, 0, 0, 0, 0, 9, 0, 8, 8, 6, 0, 9, 0, 9, 8, 9, 4, 6, 0, 4, 0, 9, 0, 0, 11, 0, 6, 0, 0, 0, 0, 0, 7, 0, 0, 8, 8, 10, : 8, 8, 7, 9, 7, 7, 6, 7, 7, 8, 7, 9, 8, 8, 7, 9, 8, 10, 9, 7, 7, 8, 8, 8, 7, 7, 6, 7, 8, 6, 4, 8, 7, 7, 6, 6, 6, 7, 5, 6, 7, 8, 8, 10, 6, 9, 8, 8, 6, 9, 9, 8, 9, 4, 6, 4, 9, 11, 6, 7, 8, 8, 10, 
485: 7, 8, 0, 0, 0, 0, 8, 10, 7, 0, 0, 0, 0, 7, 0, 7, 0, 0, 0, 0, 0, 8, 7, 0, 9, 0, 0, 6, 8, 0, 9, 7, 6, 5, 0, 7, 0, 0, 0, 0, 8, 7, 0, 0, 6, 7, 8, 0, 0, 0, 8, 7, 0, 10, 7, 0, 6, 0, 0, 6, 0, 6, 9, 0, 9, 9, 7, 0, 6, 10, 6, 0, 5, 0, 0, 10, 0, 0, 0, 7, 7, 6, 6, 9, 10, 9, 0, 7, 7, 9, 7, 0, 0, 6, 9, 7, 8, 8, 0, 0, 11, 5, 7, 0, 6, 6, 7, 0, 6, 6, 9, 6, 0, 0, 0, 10, 0, 0, 0, 0, : 7, 8, 8, 10, 7, 7, 7, 8, 7, 9, 6, 8, 9, 7, 6, 5, 7, 8, 7, 6, 7, 8, 8, 7, 10, 7, 6, 6, 6, 9, 9, 9, 7, 6, 10, 6, 5, 10, 7, 7, 6, 6, 9, 10, 9, 7, 7, 9, 7, 6, 9, 7, 8, 8, 11, 5, 7, 6, 6, 7, 6, 6, 9, 6, 10, 
115: 5, 8, 7, 9, 8, 8, 0, 0, 8, 0, 0, 0, 9, 7, 0, 0, 9, 8, 6, 0, 6, 0, 8, 5, 0, 9, 0, 10, 0, 7, 8, 5, 10, 10, 9, 5, 0, 10, 7, 0, 7, 8, 0, 7, 8, 9, 0, 8, 9, 10, 0, 0, 7, 10, 7, 0, 11, 8, 8, 0, 0, 0, 6, 0, 0, 10, 0, 10, 11, 0, 5, 9, 0, 0, 7, 0, 7, 7, 9, 0, 0, 9, 7, 7, 6, 10, 10, 8, 0, 0, 0, 0, 8, 0, 0, 8, 0, 0, 0, 0, 8, 10, 0, 9, 0, 4, 7, 9, 6, 6, 0, 0, 8, 0, 0, 7, 8, 0, 0, 0, : 5, 8, 7, 9, 8, 8, 8, 9, 7, 9, 8, 6, 6, 8, 5, 9, 10, 7, 8, 5, 10, 10, 9, 5, 10, 7, 7, 8, 7, 8, 9, 8, 9, 10, 7, 10, 7, 11, 8, 8, 6, 10, 10, 11, 5, 9, 7, 7, 7, 9, 9, 7, 7, 6, 10, 10, 8, 8, 8, 8, 10, 9, 4, 7, 9, 6, 6, 8, 7, 8, 
584: 9, 0, 0, 7, 0, 0, 0, 7, 0, 0, 0, 7, 0, 5, 0, 0, 0, 0, 0, 8, 0, 6, 0, 6, 0, 6, 9, 8, 0, 0, 0, 0, 10, 8, 9, 0, 6, 9, 0, 8, 0, 0, 5, 6, 7, 9, 8, 8, 0, 0, 7, 5, 0, 6, 8, 0, 0, 0, 0, 0, 0, 0, 0, 8, 6, 0, 0, 6, 6, 11, 0, 0, 0, 0, 9, 0, 7, 7, 6, 8, 9, 0, 0, 0, 5, 0, 0, 0, 6, 0, 6, 6, 0, 6, 0, 6, 7, 0, 0, 7, 0, 0, 0, 0, 4, 0, 8, 0, 8, 7, 0, 5, 7, 9, 0, 10, 0, 0, 4, 0, : 9, 7, 7, 7, 5, 8, 6, 6, 6, 9, 8, 10, 8, 9, 6, 9, 8, 5, 6, 7, 9, 8, 8, 7, 5, 6, 8, 8, 6, 6, 6, 11, 9, 7, 7, 6, 8, 9, 5, 6, 6, 6, 6, 6, 7, 7, 4, 8, 8, 7, 5, 7, 9, 10, 4, 
361: 0, 0, 0, 0, 0, 6, 0, 7, 0, 0, 8, 7, 8, 7, 0, 8, 0, 7, 8, 0, 8, 0, 6, 8, 7, 0, 7, 0, 0, 9, 8, 7, 0, 8, 7, 5, 9, 7, 7, 8, 6, 0, 0, 7, 8, 5, 0, 8, 0, 0, 9, 0, 7, 0, 0, 6, 9, 0, 8, 0, 11, 7, 9, 6, 5, 6, 0, 8, 7, 0, 7, 0, 5, 0, 0, 5, 0, 0, 0, 10, 7, 0, 0, 7, 9, 8, 6, 0, 6, 7, 0, 6, 7, 5, 8, 0, 7, 4, 0, 6, 0, 0, 8, 7, 0, 0, 9, 8, 0, 6, 6, 0, 5, 7, 9, 0, 0, 0, 7, 7, : 6, 7, 8, 7, 8, 7, 8, 7, 8, 8, 6, 8, 7, 7, 9, 8, 7, 8, 7, 5, 9, 7, 7, 8, 6, 7, 8, 5, 8, 9, 7, 6, 9, 8, 11, 7, 9, 6, 5, 6, 8, 7, 7, 5, 5, 10, 7, 7, 9, 8, 6, 6, 7, 6, 7, 5, 8, 7, 4, 6, 8, 7, 9, 8, 6, 6, 5, 7, 9, 7, 7, 
311: 0, 7, 0, 9, 7, 0, 6, 0, 0, 0, 10, 0, 0, 0, 4, 0, 0, 7, 7, 0, 0, 5, 7, 9, 8, 6, 0, 8, 0, 0, 0, 9, 0, 7, 0, 0, 0, 8, 7, 0, 7, 7, 6, 9, 9, 7, 0, 10, 6, 6, 8, 0, 0, 0, 0, 6, 0, 0, 0, 7, 10, 0, 6, 0, 8, 8, 7, 0, 0, 0, 0, 10, 7, 8, 5, 0, 9, 0, 8, 0, 0, 0, 0, 0, 0, 9, 0, 6, 9, 0, 0, 7, 0, 7, 6, 10, 0, 8, 10, 0, 0, 0, 0, 8, 10, 0, 0, 0, 0, 0, 0, 0, 0, 6, 0, 6, 0, 0, 7, 0, : 7, 9, 7, 6, 10, 4, 7, 7, 5, 7, 9, 8, 6, 8, 9, 7, 8, 7, 7, 7, 6, 9, 9, 7, 10, 6, 6, 8, 6, 7, 10, 6, 8, 8, 7, 10, 7, 8, 5, 9, 8, 9, 6, 9, 7, 7, 6, 10, 8, 10, 8, 10, 6, 6, 7, 
106: 9, 0, 7, 8, 9, 8, 8, 0, 0, 0, 8, 10, 0, 0, 7, 6, 9, 7, 9, 0, 0, 9, 0, 0, 0, 0, 6, 0, 0, 10, 6, 0, 7, 0, 0, 0, 7, 6, 0, 0, 6, 7, 8, 6, 0, 8, 5, 8, 6, 8, 7, 9, 0, 7, 0, 0, 8, 6, 0, 0, 8, 0, 8, 0, 8, 7, 0, 7, 5, 6, 6, 0, 0, 6, 0, 6, 7, 0, 0, 0, 7, 0, 9, 0, 0, 9, 6, 0, 8, 6, 0, 0, 0, 0, 0, 7, 9, 6, 8, 0, 7, 0, 0, 6, 8, 0, 0, 0, 8, 8, 8, 8, 6, 0, 8, 8, 7, 0, 8, 0, : 9, 7, 8, 9, 8, 8, 8, 10, 7, 6, 9, 7, 9, 9, 6, 10, 6, 7, 7, 6, 6, 7, 8, 6, 8, 5, 8, 6, 8, 7, 9, 7, 8, 6, 8, 8, 8, 7, 7, 5, 6, 6, 6, 6, 7, 7, 9, 9, 6, 8, 6, 7, 9, 6, 8, 7, 6, 8, 8, 8, 8, 8, 6, 8, 8, 7, 8, 
443: 0, 7, 0, 0, 0, 0, 0, 8, 7, 7, 8, 0, 0, 8, 7, 7, 0, 0, 7, 0, 7, 0, 6, 0, 0, 0, 10, 0, 9, 6, 0, 0, 8, 0, 10, 8, 8, 0, 0, 6, 8, 7, 0, 0, 0, 8, 0, 0, 0, 9, 0, 0, 9, 0, 0, 8, 0, 9, 10, 0, 0, 7, 0, 5, 6, 6, 9, 0, 11, 9, 8, 7, 0, 7, 0, 0, 0, 0, 7, 0, 0, 8, 0, 0, 0, 0, 0, 7, 0, 9, 0, 7, 7, 0, 8, 5, 9, 6, 0, 0, 0, 7, 0, 0, 7, 8, 0, 9, 0, 0, 0, 8, 9, 0, 0, 8, 9, 0, 7, 5, : 7, 8, 7, 7, 8, 8, 7, 7, 7, 7, 6, 10, 9, 6, 8, 10, 8, 8, 6, 8, 7, 8, 9, 9, 8, 9, 10, 7, 5, 6, 6, 9, 11, 9, 8, 7, 7, 7, 8, 7, 9, 7, 7, 8, 5, 9, 6, 7, 7, 8, 9, 8, 9, 8, 9, 7, 5, 
17: 0, 0, 0, 0, 6, 7, 0, 8, 4, 8, 8, 0, 0, 0, 9, 0, 8, 7, 0, 0, 0, 7, 0, 0, 0, 5, 6, 5, 0, 6, 0, 8, 8, 8, 0, 0, 0, 0, 0, 0, 8, 0, 6, 10, 10, 0, 0, 0, 0, 0, 8, 8, 8, 8, 8, 0, 8, 7, 7, 7, 0, 6, 0, 0, 7, 7, 0, 0, 0, 0, 7, 7, 0, 0, 7, 0, 10, 0, 10, 0, 6, 0, 0, 8, 0, 5, 0, 10, 0, 8, 0, 0, 0, 0, 7, 7, 0, 5, 8, 0, 0, 8, 0, 7, 9, 0, 9, 0, 0, 6, 0, 0, 0, 0, 9, 0, 0, 9, 8, 0, : 6, 7, 8, 4, 8, 8, 9, 8, 7, 7, 5, 6, 5, 6, 8, 8, 8, 8, 6, 10, 10, 8, 8, 8, 8, 8, 8, 7, 7, 7, 6, 7, 7, 7, 7, 7, 10, 10, 6, 8, 5, 10, 8, 7, 7, 5, 8, 8, 7, 9, 9, 6, 9, 9, 8, 
200: 0, 0, 9, 6, 5, 10, 8, 8, 6, 0, 8, 0, 0, 7, 0, 7, 0, 9, 0, 6, 0, 0, 7, 10, 5, 0, 7, 9, 9, 0, 0, 6, 7, 0, 7, 8, 0, 7, 6, 0, 8, 0, 0, 0, 5, 6, 0, 7, 0, 6, 0, 0, 0, 0, 0, 6, 0, 7, 0, 0, 8, 8, 8, 0, 0, 0, 7, 0, 0, 7, 0, 0, 7, 0, 0, 7, 6, 7, 0, 0, 0, 7, 0, 5, 5, 7, 8, 6, 7, 0, 0, 10, 6, 0, 0, 6, 10, 0, 7, 7, 7, 0, 6, 0, 0, 7, 0, 8, 8, 7, 7, 7, 8, 0, 0, 0, 0, 0, 10, 0, : 9, 6, 5, 10, 8, 8, 6, 8, 7, 7, 9, 6, 7, 10, 5, 7, 9, 9, 6, 7, 7, 8, 7, 6, 8, 5, 6, 7, 6, 6, 7, 8, 8, 8, 7, 7, 7, 7, 6, 7, 7, 5, 5, 7, 8, 6, 7, 10, 6, 6, 10, 7, 7, 7, 6, 7, 8, 8, 7, 7, 7, 8, 10, 
303: 0, 0, 8, 0, 8, 6, 7, 0, 0, 8, 0, 5, 5, 9, 8, 0, 0, 0, 0, 7, 8, 8, 5, 7, 6, 9, 0, 8, 0, 5, 11, 0, 0, 0, 0, 6, 9, 5, 8, 7, 7, 0, 0, 0, 5, 5, 6, 0, 0, 0, 5, 7, 0, 6, 8, 0, 5, 0, 0, 0, 0, 8, 9, 5, 7, 7, 0, 8, 0, 0, 0, 8, 0, 0, 0, 0, 0, 0, 9, 8, 7, 0, 0, 9, 6, 0, 9, 5, 0, 0, 6, 0, 7, 8, 0, 8, 0, 0, 0, 8, 8, 6, 0, 0, 0, 8, 6, 0, 8, 7, 6, 0, 6, 7, 9, 8, 0, 0, 0, 0, : 8, 8, 6, 7, 8, 5, 5, 9, 8, 7, 8, 8, 5, 7, 6, 9, 8, 5, 11, 6, 9, 5, 8, 7, 7, 5, 5, 6, 5, 7, 6, 8, 5, 8, 9, 5, 7, 7, 8, 8, 9, 8, 7, 9, 6, 9, 5, 6, 7, 8, 8, 8, 8, 6, 8, 6, 8, 7, 6, 6, 7, 9, 8, 
7: 0, 0, 8, 7, 6, 0, 0, 7, 8, 0, 8, 8, 0, 0, 10, 0, 0, 0, 0, 0, 0, 10, 0, 0, 0, 7, 9, 8, 10, 5, 0, 0, 0, 0, 6, 7, 6, 8, 9, 0, 0, 0, 0, 0, 6, 0, 0, 8, 0, 0, 0, 8, 0, 7, 0, 9, 0, 0, 0, 0, 7, 6, 0, 8, 5, 5, 0, 0, 10, 0, 6, 7, 8, 0, 5, 0, 0, 0, 7, 7, 0, 5, 0, 0, 6, 0, 0, 0, 9, 0, 7, 0, 6, 9, 0, 8, 9, 0, 0, 4, 7, 0, 9, 0, 0, 6, 5, 0, 0, 0, 10, 0, 0, 8, 8, 0, 9, 7, 7, 8, : 8, 7, 6, 7, 8, 8, 8, 10, 10, 7, 9, 8, 10, 5, 6, 7, 6, 8, 9, 6, 8, 8, 7, 9, 7, 6, 8, 5, 5, 10, 6, 7, 8, 5, 7, 7, 5, 6, 9, 7, 6, 9, 8, 9, 4, 7, 9, 6, 5, 10, 8, 8, 9, 7, 7, 8, 
185: 7, 8, 0, 0, 7, 0, 7, 4, 10, 6, 0, 7, 7, 5, 7, 7, 8, 0, 0, 7, 0, 0, 5, 6, 0, 5, 0, 0, 6, 10, 0, 7, 8, 0, 0, 7, 8, 0, 9, 9, 9, 0, 0, 5, 7, 0, 9, 0, 0, 0, 8, 0, 0, 0, 0, 0, 6, 0, 0, 10, 8, 0, 8, 0, 0, 7, 0, 0, 10, 0, 0, 0, 0, 0, 0, 0, 7, 7, 8, 9, 0, 0, 0, 6, 0, 0, 0, 0, 0, 7, 6, 0, 0, 0, 6, 0, 0, 0, 7, 0, 8, 0, 0, 0, 6, 10, 7, 0, 0, 6, 0, 0, 9, 0, 10, 6, 11, 8, 9, 0, : 7, 8, 7, 7, 4, 10, 6, 7, 7, 5, 7, 7, 8, 7, 5, 6, 5, 6, 10, 7, 8, 7, 8, 9, 9, 9, 5, 7, 9, 8, 6, 10, 8, 8, 7, 10, 7, 7, 8, 9, 6, 7, 6, 6, 7, 8, 6, 10, 7, 6, 9, 10, 6, 11, 8, 9, 
57: 8, 0, 6, 5, 7, 7, 0, 0, 0, 0, 0, 0, 0, 0, 0, 9, 0, 9, 10, 0, 7, 0, 0, 10, 0, 9, 9, 0, 5, 7, 7, 0, 0, 0, 0, 9, 0, 7, 8, 5, 0, 9, 9, 0, 8, 7, 7, 0, 9, 7, 0, 8, 7, 0, 0, 9, 7, 7, 7, 4, 0, 0, 0, 0, 7, 0, 0, 9, 9, 0, 0, 0, 0, 0, 0, 9, 0, 7, 0, 8, 8, 8, 0, 5, 0, 5, 0, 11, 6, 0, 0, 0, 7, 7, 0, 8, 0, 7, 0, 0, 6, 0, 0, 7, 0, 0, 0, 6, 0, 0, 0, 6, 8, 0, 7, 6, 0, 8, 5, 0, : 8, 6, 5, 7, 7, 9, 9, 10, 7, 10, 9, 9, 5, 7, 7, 9, 7, 8, 5, 9, 9, 8, 7, 7, 9, 7, 8, 7, 9, 7, 7, 7, 4, 7, 9, 9, 9, 7, 8, 8, 8, 5, 5, 11, 6, 7, 7, 8, 7, 6, 7, 6, 6, 8, 7, 6, 8, 5, 
143: 0, 9, 0, 0, 0, 9, 0, 0, 8, 7, 7, 0, 7, 8, 8, 9, 5, 0, 0, 6, 6, 8, 7, 0, 8, 0, 8, 8, 7, 0, 5, 0, 0, 0, 0, 7, 0, 0, 0, 0, 8, 0, 6, 0, 0, 7, 8, 0, 0, 8, 0, 0, 8, 8, 0, 0, 4, 0, 0, 0, 8, 0, 0, 0, 0, 0, 8, 9, 7, 6, 6, 0, 7, 11, 0, 6, 9, 10, 0, 0, 0, 8, 0, 0, 0, 0, 7, 10, 6, 6, 0, 0, 0, 0, 7, 10, 8, 8, 0, 9, 0, 8, 7, 0, 0, 0, 0, 8, 0, 0, 0, 0, 9, 6, 8, 0, 9, 5, 8, 0, : 9, 9, 8, 7, 7, 7, 8, 8, 9, 5, 6, 6, 8, 7, 8, 8, 8, 7, 5, 7, 8, 6, 7, 8, 8, 8, 8, 4, 8, 8, 9, 7, 6, 6, 7, 11, 6, 9, 10, 8, 7, 10, 6, 6, 7, 10, 8, 8, 9, 8, 7, 8, 9, 6, 8, 9, 5, 8, 
110: 7, 9, 11, 0, 6, 0, 8, 5, 8, 10, 7, 0, 7, 0, 7, 11, 7, 0, 6, 0, 0, 0, 5, 0, 0, 7, 6, 0, 8, 7, 0, 8, 0, 0, 0, 0, 0, 0, 0, 8, 9, 8, 0, 0, 0, 0, 0, 7, 0, 7, 6, 6, 6, 0, 0, 8, 5, 0, 0, 9, 7, 9, 9, 0, 0, 7, 8, 0, 7, 0, 9, 5, 0, 0, 0, 7, 0, 8, 0, 0, 0, 0, 0, 0, 7, 8, 0, 8, 0, 6, 0, 7, 0, 6, 7, 8, 8, 5, 7, 6, 7, 7, 0, 0, 6, 0, 0, 0, 0, 0, 0, 6, 7, 0, 0, 5, 0, 0, 7, 10, : 7, 9, 11, 6, 8, 5, 8, 10, 7, 7, 7, 11, 7, 6, 5, 7, 6, 8, 7, 8, 8, 9, 8, 7, 7, 6, 6, 6, 8, 5, 9, 7, 9, 9, 7, 8, 7, 9, 5, 7, 8, 7, 8, 8, 6, 7, 6, 7, 8, 8, 5, 7, 6, 7, 7, 6, 6, 7, 5, 7, 10, 
132: 7, 9, 5, 11, 0, 0, 7, 6, 0, 5, 0, 0, 8, 0, 0, 0, 7, 8, 8, 9, 9, 9, 0, 8, 10, 9, 6, 8, 0, 0, 7, 10, 8, 0, 9, 0, 10, 0, 0, 7, 0, 0, 0, 7, 0, 0, 8, 0, 6, 0, 8, 7, 6, 0, 7, 0, 8, 5, 7, 6, 0, 8, 7, 7, 6, 0, 9, 8, 7, 7, 0, 7, 10, 6, 7, 0, 6, 5, 9, 0, 9, 8, 6, 0, 7, 6, 10, 7, 0, 8, 9, 0, 5, 8, 9, 0, 7, 7, 8, 0, 0, 11, 8, 0, 6, 0, 0, 0, 0, 9, 0, 0, 0, 0, 7, 0, 6, 7, 8, 0, : 7, 9, 5, 11, 7, 6, 5, 8, 7, 8, 8, 9, 9, 9, 8, 10, 9, 6, 8, 7, 10, 8, 9, 10, 7, 7, 8, 6, 8, 7, 6, 7, 8, 5, 7, 6, 8, 7, 7, 6, 9, 8, 7, 7, 7, 10, 6, 7, 6, 5, 9, 9, 8, 6, 7, 6, 10, 7, 8, 9, 5, 8, 9, 7, 7, 8, 11, 8, 6, 9, 7, 6, 7, 8, 
128: 6, 0, 7, 0, 0, 7, 0, 8, 0, 0, 0, 9, 4, 4, 0, 0, 0, 0, 7, 0, 10, 0, 8, 0, 0, 0, 0, 8, 8, 0, 6, 7, 7, 0, 0, 7, 0, 0, 10, 0, 8, 7, 7, 4, 10, 8, 0, 6, 7, 0, 7, 0, 0, 8, 10, 5, 6, 4, 0, 0, 6, 6, 0, 8, 0, 0, 0, 7, 7, 0, 10, 10, 8, 0, 9, 8, 0, 8, 6, 7, 7, 0, 0, 0, 0, 0, 7, 9, 0, 0, 0, 0, 7, 7, 6, 7, 0, 8, 0, 0, 0, 7, 0, 0, 7, 6, 9, 9, 9, 9, 6, 10, 0, 6, 0, 0, 0, 11, 7, 10, : 6, 7, 7, 8, 9, 4, 4, 7, 10, 8, 8, 8, 6, 7, 7, 7, 10, 8, 7, 7, 4, 10, 8, 6, 7, 7, 8, 10, 5, 6, 4, 6, 6, 8, 7, 7, 10, 10, 8, 9, 8, 8, 6, 7, 7, 7, 9, 7, 7, 6, 7, 8, 7, 7, 6, 9, 9, 9, 9, 6, 10, 6, 11, 7, 10, 
575: 6, 6, 0, 0, 7, 0, 9, 0, 8, 0, 7, 0, 10, 0, 8, 8, 7, 10, 0, 0, 7, 0, 0, 0, 7, 5, 8, 0, 0, 0, 0, 0, 8, 0, 7, 9, 0, 8, 6, 0, 0, 0, 7, 0, 0, 0, 9, 0, 0, 6, 7, 0, 11, 6, 8, 0, 7, 0, 8, 0, 0, 8, 0, 8, 0, 7, 0, 6, 0, 0, 0, 11, 8, 8, 6, 8, 0, 0, 9, 0, 0, 6, 0, 6, 6, 0, 0, 0, 0, 0, 0, 0, 4, 0, 9, 9, 0, 5, 8, 0, 0, 9, 8, 11, 9, 0, 8, 6, 0, 6, 7, 0, 10, 0, 0, 0, 6, 5, 0, 6, : 6, 6, 7, 9, 8, 7, 10, 8, 8, 7, 10, 7, 7, 5, 8, 8, 7, 9, 8, 6, 7, 9, 6, 7, 11, 6, 8, 7, 8, 8, 8, 7, 6, 11, 8, 8, 6, 8, 9, 6, 6, 6, 4, 9, 9, 5, 8, 9, 8, 11, 9, 8, 6, 6, 7, 10, 6, 5, 6, 
417: 9, 10, 0, 0, 8, 0, 7, 0, 0, 8, 8, 7, 6, 7, 8, 5, 0, 6, 0, 6, 4, 9, 8, 8, 8, 0, 0, 0, 0, 8, 0, 0, 0, 7, 8, 0, 0, 8, 0, 5, 7, 0, 0, 5, 7, 10, 0, 0, 0, 8, 5, 8, 0, 6, 6, 0, 0, 8, 6, 8, 9, 0, 0, 0, 0, 9, 0, 8, 8, 5, 0, 0, 6, 5, 0, 0, 0, 8, 8, 9, 0, 7, 10, 4, 7, 0, 6, 0, 6, 7, 10, 0, 6, 7, 0, 6, 0, 0, 0, 0, 0, 7, 7, 0, 7, 0, 6, 0, 9, 6, 8, 0, 8, 0, 0, 6, 9, 9, 6, 6, : 9, 10, 8, 7, 8, 8, 7, 6, 7, 8, 5, 6, 6, 4, 9, 8, 8, 8, 8, 7, 8, 8, 5, 7, 5, 7, 10, 8, 5, 8, 6, 6, 8, 6, 8, 9, 9, 8, 8, 5, 6, 5, 8, 8, 9, 7, 10, 4, 7, 6, 6, 7, 10, 6, 7, 6, 7, 7, 7, 6, 9, 6, 8, 8, 6, 9, 9, 6, 6, 
75: 0, 5, 7, 0, 5, 0, 0, 0, 7, 8, 8, 7, 0, 0, 7, 7, 0, 0, 7, 0, 8, 8, 0, 7, 6, 8, 0, 0, 6, 0, 7, 8, 5, 0, 7, 5, 9, 9, 0, 0, 7, 0, 0, 10, 0, 7, 9, 6, 7, 0, 0, 7, 7, 0, 11, 0, 0, 8, 0, 7, 9, 0, 6, 7, 0, 0, 6, 0, 0, 0, 8, 5, 0, 0, 6, 7, 0, 8, 0, 0, 6, 0, 0, 8, 0, 0, 0, 0, 9, 6, 8, 9, 0, 0, 5, 0, 6, 8, 9, 8, 6, 10, 0, 8, 0, 0, 7, 7, 0, 0, 8, 9, 0, 8, 0, 7, 6, 7, 6, 0, : 5, 7, 5, 7, 8, 8, 7, 7, 7, 7, 8, 8, 7, 6, 8, 6, 7, 8, 5, 7, 5, 9, 9, 7, 10, 7, 9, 6, 7, 7, 7, 11, 8, 7, 9, 6, 7, 6, 8, 5, 6, 7, 8, 6, 8, 9, 6, 8, 9, 5, 6, 8, 9, 8, 6, 10, 8, 7, 7, 8, 9, 8, 7, 6, 7, 6, 
172: 0, 0, 7, 0, 0, 7, 4, 0, 7, 7, 6, 8, 0, 9, 9, 0, 7, 0, 8, 0, 0, 6, 9, 6, 6, 8, 8, 0, 9, 8, 7, 8, 7, 8, 7, 7, 10, 9, 0, 7, 0, 6, 8, 7, 0, 0, 9, 6, 6, 5, 7, 8, 0, 8, 7, 11, 7, 9, 11, 7, 0, 0, 9, 5, 0, 0, 6, 0, 9, 0, 7, 0, 0, 6, 0, 0, 7, 6, 0, 6, 0, 7, 0, 7, 9, 0, 0, 6, 8, 0, 0, 8, 0, 0, 0, 0, 5, 7, 0, 0, 9, 8, 0, 0, 0, 0, 8, 0, 0, 7, 10, 0, 0, 0, 0, 8, 0, 7, 0, 0, : 7, 7, 4, 7, 7, 6, 8, 9, 9, 7, 8, 6, 9, 6, 6, 8, 8, 9, 8, 7, 8, 7, 8, 7, 7, 10, 9, 7, 6, 8, 7, 9, 6, 6, 5, 7, 8, 8, 7, 11, 7, 9, 11, 7, 9, 5, 6, 9, 7, 6, 7, 6, 6, 7, 7, 9, 6, 8, 8, 5, 7, 9, 8, 8, 7, 10, 8, 7, 


588: 0, 10, 9, 0, 0, 7, 0, 0, 7, 0, 0, 7, 6, 6, 0, 0, 0, 8, 0, 0, 8, 9, 0, 7, 0, 7, 9, 0, 0, 0, 7, 10, 0, 6, 0, 8, 0, 0, 4, 10, 0, 0, 4, 0, 0, 6, 0, 8, 0, 7, 0, 0, 0, 7, 0, 0, 8, 8, 10, 8, 0, 0, 0, 0, 7, 0, 7, 9, 6, 7, 10, 8, 0, 0, 0, 0, 7, 6, 0, 0, 0, 6, 8, 0, 0, 0, 5, 0, 6, 10, 7, 0, 0, 0, 11, 5, 0, 0, 0, 0, 6, 0, 0, 0, 0, 7, 7, 0, 5, 8, 5, 0, 4, 0, 7, 8, 9, 4, 5, 8, : 10, 9, 7, 7, 7, 6, 6, 8, 8, 9, 7, 7, 9, 7, 10, 6, 8, 4, 10, 4, 6, 8, 7, 7, 8, 8, 10, 8, 7, 7, 9, 6, 7, 10, 8, 7, 6, 6, 8, 5, 6, 10, 7, 11, 5, 6, 7, 7, 5, 8, 5, 4, 7, 8, 9, 4, 5, 8, 
587: 0, 6, 8, 7, 8, 0, 6, 0, 6, 0, 6, 6, 0, 0, 6, 0, 7, 7, 7, 0, 0, 7, 6, 8, 0, 0, 0, 7, 0, 0, 7, 8, 0, 8, 9, 0, 7, 7, 5, 0, 8, 9, 0, 0, 0, 0, 0, 9, 0, 8, 0, 6, 0, 9, 0, 9, 6, 6, 7, 0, 8, 6, 0, 0, 6, 0, 5, 9, 0, 8, 0, 0, 7, 8, 0, 7, 0, 0, 7, 0, 5, 0, 9, 0, 7, 0, 0, 10, 8, 5, 10, 0, 6, 6, 0, 5, 0, 6, 0, 0, 8, 0, 0, 6, 8, 0, 0, 8, 6, 0, 7, 0, 6, 6, 0, 0, 6, 9, 8, 0, : 6, 8, 7, 8, 6, 6, 6, 6, 6, 7, 7, 7, 7, 6, 8, 7, 7, 8, 8, 9, 7, 7, 5, 8, 9, 9, 8, 6, 9, 9, 6, 6, 7, 8, 6, 6, 5, 9, 8, 7, 8, 7, 7, 5, 9, 7, 10, 8, 5, 10, 6, 6, 5, 6, 8, 6, 8, 8, 6, 7, 6, 6, 6, 9, 8, 
105: 8, 0, 0, 0, 0, 0, 6, 10, 9, 0, 7, 0, 0, 7, 0, 0, 8, 0, 6, 0, 0, 0, 0, 4, 6, 9, 0, 0, 0, 7, 0, 0, 7, 0, 5, 0, 6, 7, 0, 7, 0, 0, 0, 0, 0, 7, 0, 0, 0, 9, 0, 7, 8, 7, 0, 7, 0, 6, 0, 0, 0, 7, 7, 0, 0, 6, 0, 7, 5, 0, 5, 7, 9, 9, 0, 0, 6, 0, 0, 10, 6, 0, 9, 10, 0, 5, 0, 0, 0, 0, 6, 0, 0, 0, 0, 0, 8, 9, 0, 9, 7, 0, 9, 0, 8, 0, 7, 0, 8, 0, 8, 0, 8, 9, 11, 0, 9, 7, 9, 8, : 8, 6, 10, 9, 7, 7, 8, 6, 4, 6, 9, 7, 7, 5, 6, 7, 7, 7, 9, 7, 8, 7, 7, 6, 7, 7, 6, 7, 5, 5, 7, 9, 9, 6, 10, 6, 9, 10, 5, 6, 8, 9, 9, 7, 9, 8, 7, 8, 8, 8, 9, 11, 9, 7, 9, 8, 
488: 8, 0, 10, 0, 7, 7, 10, 9, 6, 0, 7, 0, 0, 0, 7, 9, 0, 0, 6, 9, 8, 0, 6, 0, 5, 0, 9, 8, 8, 0, 6, 8, 0, 5, 0, 6, 0, 7, 0, 0, 0, 0, 8, 8, 0, 5, 0, 6, 0, 0, 0, 0, 0, 0, 7, 0, 0, 9, 0, 0, 8, 6, 0, 0, 0, 10, 7, 10, 6, 0, 0, 0, 8, 0, 7, 7, 8, 6, 8, 0, 0, 0, 0, 0, 0, 5, 7, 6, 0, 7, 8, 0, 0, 7, 7, 7, 8, 0, 9, 0, 7, 9, 7, 10, 0, 0, 0, 0, 0, 9, 9, 10, 0, 0, 9, 0, 0, 0, 9, 0, : 8, 10, 7, 7, 10, 9, 6, 7, 7, 9, 6, 9, 8, 6, 5, 9, 8, 8, 6, 8, 5, 6, 7, 8, 8, 5, 6, 7, 9, 8, 6, 10, 7, 10, 6, 8, 7, 7, 8, 6, 8, 5, 7, 6, 7, 8, 7, 7, 7, 8, 9, 7, 9, 7, 10, 9, 9, 10, 9, 9, 
152: 6, 0, 0, 6, 8, 0, 9, 0, 7, 8, 0, 8, 0, 7, 0, 7, 0, 8, 8, 0, 0, 0, 8, 0, 0, 0, 8, 7, 9, 6, 7, 8, 0, 7, 8, 0, 9, 0, 8, 8, 10, 0, 0, 7, 7, 0, 7, 9, 0, 7, 0, 0, 0, 8, 7, 0, 7, 0, 0, 0, 10, 9, 6, 0, 8, 10, 7, 7, 7, 0, 0, 8, 0, 0, 7, 0, 0, 0, 8, 5, 0, 8, 6, 0, 0, 0, 7, 8, 7, 5, 0, 8, 0, 10, 9, 9, 6, 8, 0, 0, 0, 8, 0, 7, 0, 0, 0, 7, 0, 0, 4, 0, 6, 9, 0, 6, 0, 0, 0, 0, : 6, 6, 8, 9, 7, 8, 8, 7, 7, 8, 8, 8, 8, 7, 9, 6, 7, 8, 7, 8, 9, 8, 8, 10, 7, 7, 7, 9, 7, 8, 7, 7, 10, 9, 6, 8, 10, 7, 7, 7, 8, 7, 8, 5, 8, 6, 7, 8, 7, 5, 8, 10, 9, 9, 6, 8, 8, 7, 7, 4, 6, 9, 6, 
127: 7, 6, 0, 8, 6, 6, 0, 6, 0, 8, 0, 9, 0, 7, 8, 0, 0, 0, 8, 0, 7, 10, 0, 0, 5, 5, 8, 0, 0, 8, 0, 6, 7, 0, 0, 10, 8, 0, 8, 0, 6, 0, 0, 7, 7, 6, 0, 0, 5, 7, 7, 7, 7, 0, 0, 7, 9, 0, 6, 9, 8, 7, 7, 10, 4, 7, 7, 7, 0, 10, 0, 7, 0, 8, 6, 7, 0, 0, 0, 7, 6, 10, 8, 7, 7, 0, 0, 0, 9, 0, 0, 7, 0, 7, 8, 8, 7, 10, 0, 0, 0, 0, 0, 0, 6, 8, 5, 0, 8, 7, 0, 8, 0, 8, 6, 0, 8, 0, 6, 0, : 7, 6, 8, 6, 6, 6, 8, 9, 7, 8, 8, 7, 10, 5, 5, 8, 8, 6, 7, 10, 8, 8, 6, 7, 7, 6, 5, 7, 7, 7, 7, 7, 9, 6, 9, 8, 7, 7, 10, 4, 7, 7, 7, 10, 7, 8, 6, 7, 7, 6, 10, 8, 7, 7, 9, 7, 7, 8, 8, 7, 10, 6, 8, 5, 8, 7, 8, 8, 6, 8, 6, 
393: 0, 7, 8, 10, 8, 8, 0, 0, 0, 0, 0, 9, 7, 7, 6, 0, 0, 7, 7, 0, 0, 0, 7, 0, 0, 7, 0, 7, 5, 0, 7, 7, 8, 0, 4, 9, 0, 0, 0, 8, 0, 8, 8, 0, 0, 0, 0, 0, 9, 8, 0, 4, 5, 8, 9, 9, 0, 6, 0, 0, 0, 0, 10, 0, 7, 0, 0, 9, 8, 0, 8, 0, 7, 9, 8, 0, 7, 8, 0, 0, 7, 0, 0, 9, 7, 6, 6, 0, 0, 0, 8, 9, 4, 8, 8, 0, 0, 10, 0, 0, 0, 8, 6, 8, 8, 0, 0, 0, 7, 0, 4, 0, 9, 0, 0, 5, 8, 8, 0, 0, : 7, 8, 10, 8, 8, 9, 7, 7, 6, 7, 7, 7, 7, 7, 5, 7, 7, 8, 4, 9, 8, 8, 8, 9, 8, 4, 5, 8, 9, 9, 6, 10, 7, 9, 8, 8, 7, 9, 8, 7, 8, 7, 9, 7, 6, 6, 8, 9, 4, 8, 8, 10, 8, 6, 8, 8, 7, 4, 9, 5, 8, 8, 
77: 0, 0, 7, 6, 0, 7, 0, 8, 8, 0, 0, 7, 0, 0, 7, 0, 9, 0, 0, 0, 0, 7, 8, 8, 0, 8, 0, 5, 0, 8, 10, 0, 10, 0, 10, 0, 0, 7, 0, 8, 7, 8, 8, 9, 9, 0, 0, 0, 0, 9, 8, 9, 0, 6, 0, 5, 0, 10, 6, 0, 0, 8, 7, 8, 8, 0, 9, 7, 0, 6, 7, 0, 9, 7, 5, 0, 0, 6, 0, 7, 6, 0, 0, 10, 10, 0, 7, 0, 6, 8, 0, 8, 5, 10, 0, 7, 8, 0, 9, 6, 0, 0, 0, 0, 0, 0, 0, 7, 5, 0, 0, 0, 8, 0, 0, 0, 8, 0, 9, 6, : 7, 6, 7, 8, 8, 7, 7, 9, 7, 8, 8, 8, 5, 8, 10, 10, 10, 7, 8, 7, 8, 8, 9, 9, 9, 8, 9, 6, 5, 10, 6, 8, 7, 8, 8, 9, 7, 6, 7, 9, 7, 5, 6, 7, 6, 10, 10, 7, 6, 8, 8, 5, 10, 7, 8, 9, 6, 7, 5, 8, 8, 9, 6, 
342: 0, 8, 0, 7, 6, 0, 6, 0, 7, 6, 0, 7, 0, 10, 9, 0, 0, 9, 0, 0, 8, 0, 0, 8, 7, 8, 0, 7, 7, 0, 6, 5, 0, 0, 0, 10, 7, 0, 0, 6, 7, 0, 6, 6, 0, 6, 7, 0, 6, 0, 5, 6, 0, 6, 8, 0, 8, 8, 0, 6, 0, 8, 6, 0, 10, 0, 8, 9, 0, 0, 0, 0, 0, 0, 0, 4, 6, 8, 6, 8, 0, 0, 6, 7, 0, 0, 8, 0, 0, 0, 0, 0, 0, 7, 0, 0, 6, 8, 0, 5, 10, 0, 8, 0, 0, 6, 7, 0, 8, 4, 0, 4, 0, 0, 0, 0, 8, 0, 0, 10, : 8, 7, 6, 6, 7, 6, 7, 10, 9, 9, 8, 8, 7, 8, 7, 7, 6, 5, 10, 7, 6, 7, 6, 6, 6, 7, 6, 5, 6, 6, 8, 8, 8, 6, 8, 6, 10, 8, 9, 4, 6, 8, 6, 8, 6, 7, 8, 7, 6, 8, 5, 10, 8, 6, 7, 8, 4, 4, 8, 10, 
312: 8, 7, 7, 0, 0, 7, 0, 8, 0, 0, 0, 0, 0, 8, 8, 5, 5, 7, 0, 6, 0, 0, 0, 0, 8, 8, 0, 0, 9, 0, 0, 0, 7, 0, 0, 7, 0, 6, 6, 0, 7, 7, 8, 0, 0, 0, 0, 0, 0, 0, 0, 7, 0, 0, 0, 0, 0, 8, 0, 8, 0, 5, 0, 8, 0, 0, 8, 7, 9, 0, 7, 7, 0, 8, 8, 0, 7, 0, 8, 0, 0, 0, 0, 0, 5, 0, 8, 0, 0, 4, 7, 8, 9, 5, 0, 9, 0, 7, 0, 8, 7, 0, 8, 6, 0, 0, 8, 0, 0, 6, 7, 0, 0, 0, 6, 7, 0, 0, 6, 4, : 8, 7, 7, 7, 8, 8, 8, 5, 5, 7, 6, 8, 8, 9, 7, 7, 6, 6, 7, 7, 8, 7, 8, 8, 5, 8, 8, 7, 9, 7, 7, 8, 8, 7, 8, 5, 8, 4, 7, 8, 9, 5, 9, 7, 8, 7, 8, 6, 8, 6, 7, 6, 7, 6, 4, 
367: 0, 6, 8, 0, 9, 0, 0, 7, 9, 0, 7, 0, 5, 9, 0, 9, 6, 8, 0, 0, 6, 0, 0, 5, 9, 6, 0, 0, 8, 0, 11, 8, 7, 0, 9, 0, 0, 0, 0, 0, 0, 0, 0, 0, 9, 0, 7, 0, 0, 7, 0, 8, 8, 6, 8, 7, 0, 0, 0, 5, 7, 6, 7, 9, 6, 0, 0, 7, 7, 0, 0, 0, 0, 0, 0, 0, 0, 0, 0, 0, 8, 9, 0, 6, 7, 5, 7, 0, 0, 0, 8, 6, 7, 0, 0, 0, 10, 0, 8, 6, 0, 0, 0, 7, 8, 0, 6, 0, 0, 0, 0, 0, 4, 0, 9, 8, 0, 0, 7, 6, : 6, 8, 9, 7, 9, 7, 5, 9, 9, 6, 8, 6, 5, 9, 6, 8, 11, 8, 7, 9, 9, 7, 7, 8, 8, 6, 8, 7, 5, 7, 6, 7, 9, 6, 7, 7, 8, 9, 6, 7, 5, 7, 8, 6, 7, 10, 8, 6, 7, 8, 6, 4, 9, 8, 7, 6, 
507: 0, 7, 7, 0, 6, 0, 0, 9, 0, 7, 7, 6, 6, 0, 5, 0, 0, 8, 0, 0, 7, 7, 4, 0, 9, 5, 9, 0, 7, 0, 0, 11, 0, 0, 6, 8, 5, 8, 0, 7, 6, 5, 9, 7, 0, 0, 7, 8, 9, 9, 8, 0, 0, 0, 8, 0, 8, 0, 0, 9, 0, 0, 0, 8, 6, 0, 0, 0, 0, 0, 0, 0, 0, 7, 5, 0, 8, 7, 0, 8, 6, 0, 0, 0, 7, 8, 0, 9, 0, 6, 0, 0, 8, 0, 0, 7, 7, 0, 9, 0, 0, 0, 0, 0, 0, 0, 0, 0, 9, 4, 9, 0, 0, 0, 0, 0, 8, 9, 0, 6, : 7, 7, 6, 9, 7, 7, 6, 6, 5, 8, 7, 7, 4, 9, 5, 9, 7, 11, 6, 8, 5, 8, 7, 6, 5, 9, 7, 7, 8, 9, 9, 8, 8, 8, 9, 8, 6, 7, 5, 8, 7, 8, 6, 7, 8, 9, 6, 8, 7, 7, 9, 9, 4, 9, 8, 9, 6, 
577: 0, 9, 7, 7, 7, 6, 7, 8, 9, 8, 9, 7, 0, 0, 0, 0, 6, 0, 9, 0, 0, 0, 9, 0, 8, 10, 7, 0, 0, 7, 8, 0, 9, 6, 0, 7, 0, 7, 0, 0, 0, 0, 9, 0, 9, 5, 0, 7, 9, 11, 7, 6, 0, 0, 0, 7, 0, 0, 6, 0, 5, 8, 8, 0, 9, 0, 5, 5, 0, 7, 0, 0, 9, 0, 8, 0, 0, 0, 7, 0, 0, 0, 0, 0, 10, 7, 5, 8, 9, 10, 10, 7, 8, 5, 6, 0, 7, 7, 7, 9, 6, 0, 6, 0, 7, 0, 0, 6, 8, 0, 8, 0, 8, 0, 0, 8, 7, 0, 0, 0, : 9, 7, 7, 7, 6, 7, 8, 9, 8, 9, 7, 6, 9, 9, 8, 10, 7, 7, 8, 9, 6, 7, 7, 9, 9, 5, 7, 9, 11, 7, 6, 7, 6, 5, 8, 8, 9, 5, 5, 7, 9, 8, 7, 10, 7, 5, 8, 9, 10, 10, 7, 8, 5, 6, 7, 7, 7, 9, 6, 6, 7, 6, 8, 8, 8, 8, 7, 
228: 10, 0, 0, 0, 9, 0, 0, 0, 0, 8, 7, 9, 8, 0, 7, 0, 9, 0, 0, 9, 0, 0, 0, 0, 0, 0, 0, 4, 7, 0, 7, 6, 5, 0, 6, 0, 0, 0, 0, 9, 7, 6, 0, 0, 7, 6, 6, 7, 8, 0, 0, 0, 0, 7, 8, 0, 7, 0, 9, 6, 7, 0, 0, 7, 0, 5, 10, 0, 9, 0, 0, 0, 0, 0, 7, 0, 6, 0, 0, 6, 0, 9, 6, 7, 0, 0, 0, 6, 7, 6, 8, 0, 0, 0, 0, 0, 0, 5, 0, 7, 7, 7, 7, 0, 7, 9, 0, 8, 9, 8, 6, 0, 8, 0, 0, 0, 6, 0, 0, 6, : 10, 9, 8, 7, 9, 8, 7, 9, 9, 4, 7, 7, 6, 5, 6, 9, 7, 6, 7, 6, 6, 7, 8, 7, 8, 7, 9, 6, 7, 7, 5, 10, 9, 7, 6, 6, 9, 6, 7, 6, 7, 6, 8, 5, 7, 7, 7, 7, 7, 9, 8, 9, 8, 6, 8, 6, 6, 
84: 0, 6, 0, 8, 5, 0, 0, 0, 0, 9, 0, 7, 9, 4, 0, 0, 0, 9, 0, 0, 0, 9, 0, 5, 0, 0, 7, 6, 0, 7, 7, 0, 7, 0, 10, 6, 7, 7, 0, 0, 7, 7, 8, 0, 6, 0, 0, 9, 9, 0, 0, 0, 0, 8, 0, 8, 0, 5, 0, 0, 0, 0, 7, 0, 6, 0, 8, 6, 6, 9, 8, 0, 7, 0, 0, 0, 7, 0, 7, 7, 0, 0, 9, 0, 0, 0, 6, 0, 6, 0, 0, 9, 0, 0, 8, 6, 8, 0, 8, 0, 0, 8, 4, 7, 0, 7, 9, 0, 8, 0, 9, 0, 0, 0, 8, 7, 7, 7, 9, 0, : 6, 8, 5, 9, 7, 9, 4, 9, 9, 5, 7, 6, 7, 7, 7, 10, 6, 7, 7, 7, 7, 8, 6, 9, 9, 8, 8, 5, 7, 6, 8, 6, 6, 9, 8, 7, 7, 7, 7, 9, 6, 6, 9, 8, 6, 8, 8, 8, 4, 7, 7, 9, 8, 9, 8, 7, 7, 7, 9, 
10: 8, 0, 6, 9, 7, 9, 0, 0, 0, 0, 7, 6, 0, 5, 5, 0, 0, 0, 0, 4, 8, 0, 8, 7, 0, 0, 6, 0, 0, 0, 9, 0, 8, 8, 0, 8, 0, 9, 8, 0, 6, 0, 7, 0, 0, 7, 0, 7, 7, 8, 0, 9, 7, 7, 8, 0, 6, 7, 8, 0, 0, 0, 5, 10, 0, 6, 7, 0, 0, 8, 7, 0, 0, 8, 9, 0, 0, 0, 9, 0, 0, 0, 6, 7, 0, 0, 0, 0, 5, 9, 8, 9, 7, 7, 0, 11, 0, 0, 6, 10, 0, 0, 0, 5, 6, 0, 0, 8, 0, 0, 0, 9, 0, 10, 0, 5, 8, 4, 0, 7, : 8, 6, 9, 7, 9, 7, 6, 5, 5, 4, 8, 8, 7, 6, 9, 8, 8, 8, 9, 8, 6, 7, 7, 7, 7, 8, 9, 7, 7, 8, 6, 7, 8, 5, 10, 6, 7, 8, 7, 8, 9, 9, 6, 7, 5, 9, 8, 9, 7, 7, 11, 6, 10, 5, 6, 8, 9, 10, 5, 8, 4, 7, 
537: 7, 0, 5, 8, 10, 0, 0, 0, 8, 0, 6, 0, 0, 6, 7, 0, 0, 0, 8, 8, 8, 10, 5, 8, 0, 0, 0, 0, 8, 6, 7, 0, 0, 5, 0, 7, 0, 8, 0, 7, 4, 0, 7, 0, 0, 8, 0, 6, 0, 8, 8, 7, 9, 9, 0, 6, 0, 8, 8, 8, 7, 0, 0, 0, 0, 7, 8, 0, 7, 6, 10, 7, 0, 0, 7, 6, 6, 0, 0, 7, 0, 6, 7, 7, 0, 0, 6, 0, 7, 8, 0, 7, 8, 0, 0, 7, 6, 0, 0, 0, 0, 8, 7, 5, 5, 8, 0, 7, 9, 7, 8, 0, 0, 8, 8, 0, 7, 0, 0, 9, : 7, 5, 8, 10, 8, 6, 6, 7, 8, 8, 8, 10, 5, 8, 8, 6, 7, 5, 7, 8, 7, 4, 7, 8, 6, 8, 8, 7, 9, 9, 6, 8, 8, 8, 7, 7, 8, 7, 6, 10, 7, 7, 6, 6, 7, 6, 7, 7, 6, 7, 8, 7, 8, 7, 6, 8, 7, 5, 5, 8, 7, 9, 7, 8, 8, 8, 7, 9, 
192: 0, 0, 0, 0, 6, 6, 0, 8, 7, 7, 0, 6, 0, 0, 5, 0, 8, 5, 9, 0, 0, 11, 9, 0, 0, 8, 0, 6, 5, 6, 0, 0, 8, 8, 8, 7, 0, 0, 0, 6, 8, 0, 0, 8, 6, 6, 0, 0, 9, 8, 0, 7, 7, 5, 6, 8, 0, 7, 0, 0, 0, 0, 0, 0, 0, 0, 7, 5, 9, 0, 9, 10, 0, 0, 0, 0, 0, 9, 7, 6, 0, 9, 0, 10, 0, 0, 8, 0, 0, 9, 0, 5, 0, 0, 0, 8, 5, 7, 0, 8, 0, 5, 8, 7, 0, 0, 7, 5, 0, 0, 0, 0, 0, 0, 8, 6, 8, 8, 6, 0, : 6, 6, 8, 7, 7, 6, 5, 8, 5, 9, 11, 9, 8, 6, 5, 6, 8, 8, 8, 7, 6, 8, 8, 6, 6, 9, 8, 7, 7, 5, 6, 8, 7, 7, 5, 9, 9, 10, 9, 7, 6, 9, 10, 8, 9, 5, 8, 5, 7, 8, 5, 8, 7, 7, 5, 8, 6, 8, 8, 6, 
249: 9, 8, 8, 0, 0, 0, 0, 8, 0, 0, 6, 8, 9, 0, 0, 6, 0, 0, 0, 0, 8, 8, 0, 0, 0, 9, 0, 0, 0, 0, 9, 0, 7, 0, 8, 0, 9, 0, 5, 7, 6, 0, 6, 5, 0, 0, 0, 6, 7, 7, 8, 6, 9, 0, 7, 8, 0, 9, 5, 0, 0, 7, 7, 7, 0, 8, 0, 0, 7, 0, 0, 0, 0, 0, 7, 8, 7, 0, 0, 6, 9, 0, 8, 0, 7, 9, 9, 0, 0, 7, 4, 0, 6, 8, 0, 8, 0, 0, 0, 6, 7, 6, 10, 8, 10, 9, 9, 7, 0, 5, 0, 8, 9, 0, 0, 0, 0, 9, 9, 8, : 9, 8, 8, 8, 6, 8, 9, 6, 8, 8, 9, 9, 7, 8, 9, 5, 7, 6, 6, 5, 6, 7, 7, 8, 6, 9, 7, 8, 9, 5, 7, 7, 7, 8, 7, 7, 8, 7, 6, 9, 8, 7, 9, 9, 7, 4, 6, 8, 8, 6, 7, 6, 10, 8, 10, 9, 9, 7, 5, 8, 9, 9, 9, 8, 
53: 8, 0, 6, 0, 8, 0, 0, 0, 7, 6, 9, 0, 0, 0, 8, 0, 0, 8, 8, 0, 0, 0, 8, 6, 0, 0, 0, 6, 0, 7, 0, 9, 4, 9, 8, 0, 0, 8, 6, 0, 8, 0, 10, 0, 9, 9, 8, 0, 0, 0, 7, 0, 9, 0, 8, 9, 0, 8, 6, 0, 0, 0, 10, 6, 6, 8, 9, 0, 7, 0, 9, 0, 7, 8, 6, 6, 9, 11, 0, 6, 8, 0, 7, 0, 6, 6, 0, 9, 0, 8, 0, 5, 9, 0, 0, 0, 7, 0, 7, 0, 8, 6, 0, 9, 7, 7, 0, 0, 8, 0, 0, 4, 0, 0, 0, 6, 0, 0, 6, 7, : 8, 6, 8, 7, 6, 9, 8, 8, 8, 8, 6, 6, 7, 9, 4, 9, 8, 8, 6, 8, 10, 9, 9, 8, 7, 9, 8, 9, 8, 6, 10, 6, 6, 8, 9, 7, 9, 7, 8, 6, 6, 9, 11, 6, 8, 7, 6, 6, 9, 8, 5, 9, 7, 7, 8, 6, 9, 7, 7, 8, 4, 6, 6, 7, 
141: 6, 0, 7, 7, 0, 5, 0, 0, 9, 0, 8, 0, 0, 0, 0, 10, 0, 7, 0, 0, 0, 0, 8, 9, 10, 0, 0, 0, 8, 6, 8, 0, 6, 7, 0, 0, 9, 0, 0, 7, 0, 8, 7, 10, 0, 8, 4, 0, 7, 9, 0, 8, 7, 0, 10, 7, 7, 0, 0, 9, 5, 0, 9, 0, 0, 6, 0, 0, 0, 6, 0, 6, 0, 8, 6, 7, 0, 0, 0, 0, 0, 0, 0, 0, 0, 6, 7, 0, 6, 0, 8, 0, 0, 0, 0, 6, 0, 0, 0, 0, 7, 8, 8, 6, 7, 0, 5, 8, 0, 0, 0, 6, 0, 0, 0, 7, 0, 10, 11, 0, : 6, 7, 7, 5, 9, 8, 10, 7, 8, 9, 10, 8, 6, 8, 6, 7, 9, 7, 8, 7, 10, 8, 4, 7, 9, 8, 7, 10, 7, 7, 9, 5, 9, 6, 6, 6, 8, 6, 7, 6, 7, 6, 8, 6, 7, 8, 8, 6, 7, 5, 8, 6, 7, 10, 11, 
259: 0, 7, 0, 9, 0, 9, 0, 0, 7, 5, 5, 7, 0, 0, 7, 0, 0, 0, 8, 0, 0, 6, 0, 8, 0, 0, 0, 0, 0, 10, 0, 8, 7, 9, 0, 0, 0, 0, 0, 8, 5, 0, 0, 0, 0, 0, 0, 0, 0, 6, 7, 7, 0, 8, 8, 10, 0, 6, 0, 0, 8, 0, 5, 10, 0, 0, 8, 0, 0, 0, 8, 8, 0, 0, 9, 8, 7, 0, 0, 0, 0, 0, 0, 0, 6, 0, 0, 0, 0, 0, 9, 0, 0, 8, 6, 8, 0, 0, 0, 0, 0, 0, 9, 0, 7, 7, 0, 0, 0, 7, 0, 5, 6, 0, 8, 0, 5, 9, 7, 0, : 7, 9, 9, 7, 5, 5, 7, 7, 8, 6, 8, 10, 8, 7, 9, 8, 5, 6, 7, 7, 8, 8, 10, 6, 8, 5, 10, 8, 8, 8, 9, 8, 7, 6, 9, 8, 6, 8, 9, 7, 7, 7, 5, 6, 8, 5, 9, 7, 
21: 7, 8, 6, 0, 8, 0, 0, 0, 0, 8, 0, 0, 5, 0, 7, 0, 7, 6, 0, 7, 9, 7, 8, 0, 4, 0, 6, 9, 7, 9, 0, 0, 0, 0, 0, 0, 9, 9, 0, 9, 7, 0, 9, 0, 0, 9, 7, 0, 9, 0, 8, 7, 6, 0, 7, 8, 5, 0, 0, 0, 6, 0, 7, 8, 8, 8, 5, 8, 6, 5, 8, 6, 9, 0, 0, 5, 0, 6, 10, 0, 0, 8, 9, 8, 7, 7, 0, 7, 6, 0, 6, 4, 5, 0, 9, 0, 0, 0, 0, 7, 0, 0, 0, 6, 6, 7, 0, 7, 0, 0, 9, 0, 8, 0, 9, 0, 4, 0, 0, 6, : 7, 8, 6, 8, 8, 5, 7, 7, 6, 7, 9, 7, 8, 4, 6, 9, 7, 9, 9, 9, 9, 7, 9, 9, 7, 9, 8, 7, 6, 7, 8, 5, 6, 7, 8, 8, 8, 5, 8, 6, 5, 8, 6, 9, 5, 6, 10, 8, 9, 8, 7, 7, 7, 6, 6, 4, 5, 9, 7, 6, 6, 7, 7, 9, 8, 9, 4, 6, 
139: 0, 0, 0, 0, 0, 7, 6, 0, 0, 8, 9, 9, 7, 0, 0, 5, 0, 0, 0, 0, 0, 8, 5, 0, 9, 0, 8, 0, 7, 0, 6, 0, 9, 8, 0, 0, 8, 0, 6, 0, 9, 5, 7, 0, 8, 7, 8, 7, 0, 0, 8, 9, 0, 0, 6, 0, 9, 8, 9, 9, 0, 0, 7, 9, 7, 8, 0, 0, 0, 0, 0, 0, 10, 0, 0, 9, 0, 0, 0, 10, 0, 0, 0, 8, 0, 0, 7, 0, 5, 6, 0, 6, 0, 0, 9, 0, 0, 7, 0, 0, 0, 0, 7, 0, 0, 7, 0, 0, 0, 0, 6, 0, 4, 6, 0, 0, 8, 0, 8, 8, : 7, 6, 8, 9, 9, 7, 5, 8, 5, 9, 8, 7, 6, 9, 8, 8, 6, 9, 5, 7, 8, 7, 8, 7, 8, 9, 6, 9, 8, 9, 9, 7, 9, 7, 8, 10, 9, 10, 8, 7, 5, 6, 6, 9, 7, 7, 7, 6, 4, 6, 8, 8, 8, 
112: 0, 8, 9, 9, 0, 8, 8, 0, 0, 0, 0, 0, 8, 8, 9, 5, 9, 0, 9, 7, 0, 0, 8, 0, 7, 9, 7, 6, 0, 7, 9, 8, 0, 7, 6, 0, 8, 8, 10, 0, 8, 0, 0, 5, 8, 9, 9, 8, 0, 0, 9, 0, 7, 0, 8, 7, 8, 9, 7, 9, 0, 0, 0, 0, 5, 7, 0, 6, 9, 0, 9, 7, 0, 0, 0, 6, 7, 0, 11, 0, 7, 7, 10, 8, 0, 0, 8, 6, 10, 0, 0, 0, 0, 0, 0, 10, 0, 0, 8, 9, 0, 0, 8, 7, 0, 7, 7, 7, 0, 0, 0, 0, 8, 4, 0, 0, 0, 7, 9, 9, : 8, 9, 9, 8, 8, 8, 8, 9, 5, 9, 9, 7, 8, 7, 9, 7, 6, 7, 9, 8, 7, 6, 8, 8, 10, 8, 5, 8, 9, 9, 8, 9, 7, 8, 7, 8, 9, 7, 9, 5, 7, 6, 9, 9, 7, 6, 7, 11, 7, 7, 10, 8, 8, 6, 10, 10, 8, 9, 8, 7, 7, 7, 7, 8, 4, 7, 9, 9, 
359: 0, 0, 7, 0, 6, 0, 0, 0, 0, 0, 10, 8, 0, 0, 0, 0, 0, 0, 11, 8, 0, 9, 7, 10, 9, 0, 0, 0, 0, 10, 0, 6, 0, 0, 7, 0, 0, 0, 9, 0, 7, 0, 0, 10, 0, 8, 0, 8, 0, 8, 0, 0, 7, 9, 0, 8, 5, 0, 7, 8, 0, 0, 8, 10, 10, 7, 7, 0, 8, 0, 0, 5, 6, 0, 9, 0, 9, 0, 6, 0, 5, 0, 8, 0, 0, 9, 0, 0, 7, 0, 7, 0, 7, 8, 6, 7, 7, 6, 0, 10, 5, 0, 0, 0, 6, 10, 7, 0, 9, 8, 7, 8, 9, 0, 0, 0, 0, 0, 5, 7, : 7, 6, 10, 8, 11, 8, 9, 7, 10, 9, 10, 6, 7, 9, 7, 10, 8, 8, 8, 7, 9, 8, 5, 7, 8, 8, 10, 10, 7, 7, 8, 5, 6, 9, 9, 6, 5, 8, 9, 7, 7, 7, 8, 6, 7, 7, 6, 10, 5, 6, 10, 7, 9, 8, 7, 8, 9, 5, 7, 
505: 0, 0, 0, 7, 8, 0, 6, 0, 6, 0, 8, 0, 0, 0, 0, 8, 0, 0, 0, 0, 0, 9, 0, 0, 7, 0, 7, 5, 8, 0, 0, 0, 0, 0, 0, 6, 5, 0, 7, 0, 0, 0, 9, 0, 0, 0, 0, 0, 8, 0, 7, 11, 0, 0, 0, 8, 0, 0, 8, 0, 7, 0, 6, 0, 10, 8, 8, 0, 9, 0, 8, 0, 6, 0, 0, 7, 0, 0, 0, 10, 0, 0, 10, 8, 0, 7, 0, 9, 0, 0, 9, 0, 0, 9, 0, 0, 8, 0, 7, 0, 8, 0, 10, 0, 9, 0, 0, 7, 7, 0, 6, 0, 0, 9, 9, 7, 10, 0, 7, 11, : 7, 8, 6, 6, 8, 8, 9, 7, 7, 5, 8, 6, 5, 7, 9, 8, 7, 11, 8, 8, 7, 6, 10, 8, 8, 9, 8, 6, 7, 10, 10, 8, 7, 9, 9, 9, 8, 7, 8, 10, 9, 7, 7, 6, 9, 9, 7, 10, 7, 11, 
295: 0, 0, 0, 0, 0, 0, 7, 7, 10, 5, 0, 0, 8, 10, 8, 0, 8, 8, 10, 0, 8, 8, 7, 9, 5, 0, 9, 8, 0, 0, 9, 0, 6, 7, 0, 8, 10, 0, 0, 7, 0, 8, 9, 0, 7, 0, 9, 8, 8, 0, 0, 0, 8, 0, 0, 0, 7, 0, 0, 7, 0, 5, 0, 0, 5, 0, 0, 0, 6, 8, 6, 8, 10, 0, 9, 0, 8, 0, 6, 8, 7, 9, 7, 9, 0, 0, 8, 9, 7, 0, 0, 0, 9, 10, 7, 8, 5, 0, 7, 0, 0, 10, 8, 0, 8, 0, 0, 0, 5, 0, 8, 4, 0, 9, 0, 0, 8, 0, 0, 6, : 7, 7, 10, 5, 8, 10, 8, 8, 8, 10, 8, 8, 7, 9, 5, 9, 8, 9, 6, 7, 8, 10, 7, 8, 9, 7, 9, 8, 8, 8, 7, 7, 5, 5, 6, 8, 6, 8, 10, 9, 8, 6, 8, 7, 9, 7, 9, 8, 9, 7, 9, 10, 7, 8, 5, 7, 10, 8, 8, 5, 8, 4, 9, 8, 6, 
180: 0, 8, 0, 9, 8, 4, 0, 0, 0, 10, 0, 0, 0, 0, 0, 5, 0, 0, 7, 0, 0, 8, 5, 5, 0, 9, 0, 7, 0, 0, 10, 9, 0, 5, 5, 0, 0, 0, 6, 0, 0, 8, 7, 9, 7, 9, 5, 0, 0, 0, 0, 0, 8, 7, 0, 7, 0, 7, 0, 0, 0, 0, 0, 0, 9, 0, 10, 0, 7, 0, 0, 7, 6, 7, 7, 8, 9, 0, 0, 0, 0, 9, 0, 0, 0, 7, 0, 0, 0, 0, 0, 0, 0, 0, 0, 0, 10, 0, 9, 0, 9, 0, 9, 0, 0, 0, 9, 9, 0, 0, 0, 8, 0, 4, 0, 9, 0, 6, 6, 0, : 8, 9, 8, 4, 10, 5, 7, 8, 5, 5, 9, 7, 10, 9, 5, 5, 6, 8, 7, 9, 7, 9, 5, 8, 7, 7, 7, 9, 10, 7, 7, 6, 7, 7, 8, 9, 9, 7, 10, 9, 9, 9, 9, 9, 8, 4, 9, 6, 6, 
215: 7, 0, 7, 6, 7, 7, 10, 7, 9, 0, 8, 0, 7, 9, 0, 0, 9, 0, 0, 10, 0, 8, 0, 0, 0, 7, 0, 0, 5, 0, 7, 8, 7, 0, 7, 10, 8, 0, 7, 7, 0, 9, 0, 8, 0, 10, 10, 9, 8, 6, 0, 0, 0, 7, 0, 7, 7, 7, 8, 7, 0, 0, 0, 9, 7, 0, 0, 5, 0, 0, 6, 8, 6, 7, 0, 0, 8, 7, 0, 6, 7, 0, 0, 9, 8, 5, 7, 8, 0, 0, 0, 0, 10, 0, 7, 7, 9, 0, 7, 8, 0, 6, 7, 0, 10, 10, 7, 9, 0, 9, 0, 0, 0, 10, 4, 0, 7, 0, 4, 0, : 7, 7, 6, 7, 7, 10, 7, 9, 8, 7, 9, 9, 10, 8, 7, 5, 7, 8, 7, 7, 10, 8, 7, 7, 9, 8, 10, 10, 9, 8, 6, 7, 7, 7, 7, 8, 7, 9, 7, 5, 6, 8, 6, 7, 8, 7, 6, 7, 9, 8, 5, 7, 8, 10, 7, 7, 9, 7, 8, 6, 7, 10, 10, 7, 9, 9, 10, 4, 7, 4, 
568: 6, 5, 0, 0, 0, 0, 0, 6, 9, 8, 0, 0, 6, 0, 0, 0, 0, 9, 0, 7, 0, 0, 7, 7, 0, 0, 8, 0, 0, 0, 0, 7, 0, 0, 7, 7, 7, 8, 9, 0, 6, 9, 0, 0, 0, 7, 8, 5, 8, 8, 0, 0, 8, 8, 6, 0, 0, 0, 8, 8, 0, 0, 0, 6, 7, 6, 8, 7, 0, 10, 5, 0, 4, 0, 10, 6, 8, 7, 6, 0, 4, 0, 6, 8, 8, 7, 7, 7, 0, 0, 7, 8, 9, 6, 0, 0, 0, 0, 8, 4, 7, 7, 0, 0, 7, 4, 0, 0, 0, 8, 8, 0, 0, 7, 0, 0, 0, 6, 0, 0, : 6, 5, 6, 9, 8, 6, 9, 7, 7, 7, 8, 7, 7, 7, 7, 8, 9, 6, 9, 7, 8, 5, 8, 8, 8, 8, 6, 8, 8, 6, 7, 6, 8, 7, 10, 5, 4, 10, 6, 8, 7, 6, 4, 6, 8, 8, 7, 7, 7, 7, 8, 9, 6, 8, 4, 7, 7, 7, 4, 8, 8, 7, 6, 
423: 0, 0, 6, 0, 0, 5, 8, 0, 8, 7, 0, 7, 6, 0, 0, 0, 8, 0, 0, 0, 0, 7, 0, 0, 0, 8, 8, 0, 6, 0, 6, 8, 0, 0, 7, 0, 9, 6, 8, 0, 0, 10, 0, 9, 6, 0, 5, 0, 0, 8, 0, 9, 0, 7, 0, 0, 10, 0, 0, 9, 0, 6, 0, 7, 0, 5, 0, 0, 0, 8, 0, 0, 0, 0, 0, 0, 8, 0, 0, 8, 7, 7, 6, 0, 0, 0, 0, 0, 7, 0, 7, 0, 0, 7, 6, 0, 7, 9, 0, 0, 0, 7, 0, 0, 0, 0, 0, 7, 0, 0, 8, 5, 0, 9, 0, 0, 6, 8, 0, 8, : 6, 5, 8, 8, 7, 7, 6, 8, 7, 8, 8, 6, 6, 8, 7, 9, 6, 8, 10, 9, 6, 5, 8, 9, 7, 10, 9, 6, 7, 5, 8, 8, 8, 7, 7, 6, 7, 7, 7, 6, 7, 9, 7, 7, 8, 5, 9, 6, 8, 8, 
418: 6, 8, 6, 5, 0, 0, 0, 0, 0, 0, 9, 0, 9, 0, 6, 0, 6, 8, 0, 0, 0, 8, 8, 0, 0, 9, 8, 8, 0, 0, 0, 10, 0, 4, 7, 8, 8, 0, 0, 8, 9, 8, 8, 8, 9, 0, 7, 7, 7, 8, 0, 0, 0, 8, 7, 0, 7, 0, 5, 6, 0, 0, 0, 0, 0, 6, 7, 0, 0, 9, 0, 9, 7, 0, 0, 6, 0, 8, 0, 0, 7, 8, 0, 0, 9, 0, 0, 5, 9, 0, 0, 5, 0, 5, 0, 5, 7, 9, 0, 0, 7, 0, 8, 10, 0, 0, 0, 0, 0, 8, 0, 9, 6, 4, 5, 6, 0, 9, 0, 0, : 6, 8, 6, 5, 9, 9, 6, 6, 8, 8, 8, 9, 8, 8, 10, 4, 7, 8, 8, 8, 9, 8, 8, 8, 9, 7, 7, 7, 8, 8, 7, 7, 5, 6, 6, 7, 9, 9, 7, 6, 8, 7, 8, 9, 5, 9, 5, 5, 5, 7, 9, 7, 8, 10, 8, 9, 6, 4, 5, 6, 9, 
284: 8, 0, 0, 0, 4, 10, 8, 9, 0, 8, 6, 0, 7, 9, 0, 0, 0, 10, 0, 0, 0, 5, 0, 9, 8, 0, 0, 6, 8, 0, 7, 0, 7, 8, 5, 0, 7, 0, 0, 0, 7, 0, 10, 5, 0, 5, 0, 0, 8, 0, 0, 0, 9, 8, 0, 0, 0, 5, 0, 7, 9, 5, 0, 9, 0, 0, 7, 8, 9, 0, 0, 0, 0, 4, 7, 0, 0, 6, 9, 0, 0, 7, 0, 6, 0, 0, 0, 0, 9, 8, 8, 7, 7, 8, 7, 0, 0, 0, 6, 7, 7, 0, 0, 0, 7, 6, 7, 9, 8, 6, 0, 0, 9, 0, 7, 9, 11, 0, 0, 5, : 8, 4, 10, 8, 9, 8, 6, 7, 9, 10, 5, 9, 8, 6, 8, 7, 7, 8, 5, 7, 7, 10, 5, 5, 8, 9, 8, 5, 7, 9, 5, 9, 7, 8, 9, 4, 7, 6, 9, 7, 6, 9, 8, 8, 7, 7, 8, 7, 6, 7, 7, 7, 6, 7, 9, 8, 6, 9, 7, 9, 11, 5, 
211: 0, 9, 0, 10, 8, 0, 0, 0, 5, 7, 0, 0, 0, 0, 0, 7, 5, 7, 0, 8, 0, 8, 0, 7, 0, 0, 0, 0, 10, 0, 7, 7, 0, 6, 0, 0, 8, 0, 0, 8, 0, 6, 0, 5, 8, 0, 7, 0, 0, 8, 0, 6, 0, 0, 0, 0, 8, 7, 0, 7, 0, 7, 8, 5, 8, 7, 7, 0, 7, 0, 0, 7, 8, 7, 7, 8, 7, 0, 0, 0, 0, 11, 0, 6, 0, 7, 0, 0, 10, 0, 9, 7, 6, 0, 0, 0, 0, 8, 9, 9, 0, 7, 7, 9, 0, 5, 0, 7, 7, 7, 5, 6, 7, 0, 0, 0, 9, 5, 6, 6, : 9, 10, 8, 5, 7, 7, 5, 7, 8, 8, 7, 10, 7, 7, 6, 8, 8, 6, 5, 8, 7, 8, 6, 8, 7, 7, 7, 8, 5, 8, 7, 7, 7, 7, 8, 7, 7, 8, 7, 11, 6, 7, 10, 9, 7, 6, 8, 9, 9, 7, 7, 9, 5, 7, 7, 7, 5, 6, 7, 9, 5, 6, 6, 
348: 0, 7, 9, 0, 0, 0, 6, 6, 8, 0, 0, 0, 7, 0, 0, 8, 6, 8, 0, 0, 8, 9, 8, 5, 0, 0, 0, 6, 0, 0, 0, 0, 0, 9, 0, 7, 0, 9, 0, 0, 0, 0, 0, 8, 7, 4, 5, 0, 0, 8, 9, 0, 0, 7, 0, 6, 9, 9, 0, 5, 6, 0, 8, 8, 7, 0, 8, 0, 10, 0, 0, 10, 0, 10, 8, 0, 8, 0, 0, 9, 7, 0, 7, 0, 9, 6, 0, 0, 9, 5, 6, 0, 5, 0, 0, 0, 0, 0, 6, 6, 8, 7, 0, 7, 5, 8, 0, 6, 0, 0, 7, 8, 8, 9, 0, 7, 0, 7, 5, 9, : 7, 9, 6, 6, 8, 7, 8, 6, 8, 8, 9, 8, 5, 6, 9, 7, 9, 8, 7, 4, 5, 8, 9, 7, 6, 9, 9, 5, 6, 8, 8, 7, 8, 10, 10, 10, 8, 8, 9, 7, 7, 9, 6, 9, 5, 6, 5, 6, 6, 8, 7, 7, 5, 8, 6, 7, 8, 8, 9, 7, 7, 5, 9, 
182: 8, 0, 0, 10, 0, 7, 0, 0, 5, 7, 8, 9, 7, 0, 8, 8, 8, 7, 0, 5, 0, 0, 4, 0, 7, 0, 0, 0, 7, 0, 0, 0, 0, 0, 6, 7, 0, 0, 0, 9, 0, 0, 0, 0, 0, 8, 0, 6, 7, 8, 6, 8, 0, 0, 7, 7, 7, 0, 11, 0, 7, 0, 0, 0, 7, 0, 0, 7, 0, 9, 0, 6, 0, 0, 10, 0, 6, 6, 0, 0, 8, 0, 8, 0, 9, 8, 0, 0, 7, 5, 7, 0, 0, 0, 0, 5, 0, 8, 0, 0, 7, 0, 7, 10, 7, 6, 0, 9, 7, 10, 0, 0, 0, 6, 9, 6, 0, 7, 0, 0, : 8, 10, 7, 5, 7, 8, 9, 7, 8, 8, 8, 7, 5, 4, 7, 7, 6, 7, 9, 8, 6, 7, 8, 6, 8, 7, 7, 7, 11, 7, 7, 7, 9, 6, 10, 6, 6, 8, 8, 9, 8, 7, 5, 7, 5, 8, 7, 7, 10, 7, 6, 9, 7, 10, 6, 9, 6, 7, 
218: 0, 6, 0, 5, 8, 6, 0, 0, 0, 0, 8, 6, 6, 0, 9, 0, 0, 7, 6, 4, 4, 0, 0, 10, 7, 0, 6, 0, 8, 8, 0, 0, 10, 0, 0, 0, 0, 7, 0, 8, 8, 6, 0, 0, 7, 0, 0, 0, 0, 0, 8, 0, 0, 9, 0, 0, 0, 0, 7, 8, 7, 7, 7, 7, 8, 7, 0, 6, 0, 0, 7, 0, 0, 9, 8, 0, 0, 0, 0, 0, 0, 0, 9, 0, 5, 8, 0, 8, 0, 0, 7, 0, 0, 0, 0, 0, 6, 6, 6, 0, 6, 8, 5, 0, 4, 0, 7, 0, 6, 7, 0, 0, 8, 8, 9, 7, 7, 0, 0, 0, : 6, 5, 8, 6, 8, 6, 6, 9, 7, 6, 4, 4, 10, 7, 6, 8, 8, 10, 7, 8, 8, 6, 7, 8, 9, 7, 8, 7, 7, 7, 7, 8, 7, 6, 7, 9, 8, 9, 5, 8, 8, 7, 6, 6, 6, 6, 8, 5, 4, 7, 6, 7, 8, 8, 9, 7, 7, 
60: 0, 8, 5, 0, 0, 0, 0, 7, 0, 7, 8, 0, 8, 0, 0, 0, 8, 9, 5, 0, 5, 5, 9, 0, 0, 0, 9, 9, 6, 0, 0, 0, 0, 8, 0, 0, 0, 5, 0, 0, 6, 5, 8, 0, 0, 8, 5, 0, 8, 8, 0, 8, 0, 9, 0, 8, 7, 8, 7, 0, 5, 0, 0, 8, 0, 7, 7, 0, 8, 0, 0, 7, 5, 0, 10, 7, 0, 8, 7, 7, 6, 0, 0, 0, 0, 0, 9, 0, 0, 0, 7, 6, 6, 10, 0, 8, 0, 8, 7, 7, 7, 0, 0, 9, 0, 0, 6, 7, 0, 0, 6, 0, 0, 8, 10, 9, 9, 0, 7, 0, : 8, 5, 7, 7, 8, 8, 8, 9, 5, 5, 5, 9, 9, 9, 6, 8, 5, 6, 5, 8, 8, 5, 8, 8, 8, 9, 8, 7, 8, 7, 5, 8, 7, 7, 8, 7, 5, 10, 7, 8, 7, 7, 6, 9, 7, 6, 6, 10, 8, 8, 7, 7, 7, 9, 6, 7, 6, 8, 10, 9, 9, 7, 
195: 6, 0, 0, 7, 0, 6, 6, 7, 0, 0, 9, 8, 0, 7, 0, 9, 0, 0, 0, 7, 0, 7, 0, 9, 0, 9, 4, 0, 0, 6, 9, 0, 8, 0, 7, 0, 5, 0, 0, 0, 0, 0, 9, 6, 6, 7, 0, 9, 0, 0, 0, 0, 7, 7, 9, 9, 0, 6, 9, 0, 5, 0, 6, 0, 10, 6, 8, 0, 0, 5, 8, 0, 10, 5, 0, 0, 6, 7, 6, 0, 9, 0, 8, 7, 0, 0, 7, 0, 8, 5, 0, 5, 0, 0, 0, 0, 8, 0, 0, 6, 6, 0, 6, 8, 5, 6, 0, 0, 0, 0, 0, 10, 0, 0, 0, 0, 6, 0, 6, 6, : 6, 7, 6, 6, 7, 9, 8, 7, 9, 7, 7, 9, 9, 4, 6, 9, 8, 7, 5, 9, 6, 6, 7, 9, 7, 7, 9, 9, 6, 9, 5, 6, 10, 6, 8, 5, 8, 10, 5, 6, 7, 6, 9, 8, 7, 7, 8, 5, 5, 8, 6, 6, 6, 8, 5, 6, 10, 6, 6, 6, 
590: 0, 0, 7, 0, 7, 0, 0, 0, 7, 7, 8, 6, 9, 6, 6, 0, 0, 9, 0, 6, 7, 0, 0, 0, 6, 6, 8, 5, 0, 0, 6, 10, 8, 0, 7, 0, 9, 0, 7, 0, 0, 8, 6, 9, 0, 0, 7, 7, 7, 5, 0, 0, 0, 6, 8, 8, 0, 6, 10, 0, 0, 0, 0, 0, 0, 7, 0, 9, 0, 7, 0, 0, 8, 8, 9, 9, 9, 0, 0, 9, 10, 0, 0, 7, 8, 8, 0, 7, 9, 10, 0, 0, 7, 8, 0, 8, 0, 7, 6, 0, 9, 4, 0, 0, 0, 5, 0, 0, 9, 0, 7, 4, 0, 11, 0, 11, 0, 8, 0, 0, : 7, 7, 7, 7, 8, 6, 9, 6, 6, 9, 6, 7, 6, 6, 8, 5, 6, 10, 8, 7, 9, 7, 8, 6, 9, 7, 7, 7, 5, 6, 8, 8, 6, 10, 7, 9, 7, 8, 8, 9, 9, 9, 9, 10, 7, 8, 8, 7, 9, 10, 7, 8, 8, 7, 6, 9, 4, 5, 9, 7, 4, 11, 11, 8, 
129: 0, 6, 6, 0, 0, 0, 8, 0, 8, 0, 0, 0, 8, 6, 0, 8, 0, 7, 6, 0, 9, 9, 10, 0, 0, 9, 0, 0, 0, 0, 5, 0, 0, 8, 8, 6, 6, 0, 0, 0, 5, 7, 0, 7, 7, 6, 0, 7, 8, 0, 0, 7, 8, 0, 0, 0, 6, 0, 0, 6, 0, 6, 0, 0, 0, 10, 9, 0, 0, 0, 0, 6, 6, 9, 0, 0, 5, 8, 9, 6, 8, 8, 0, 0, 0, 9, 7, 0, 0, 0, 0, 8, 0, 0, 0, 0, 0, 9, 8, 9, 6, 0, 0, 0, 0, 0, 0, 0, 0, 5, 0, 7, 0, 0, 0, 0, 0, 0, 6, 9, : 6, 6, 8, 8, 8, 6, 8, 7, 6, 9, 9, 10, 9, 5, 8, 8, 6, 6, 5, 7, 7, 7, 6, 7, 8, 7, 8, 6, 6, 6, 10, 9, 6, 6, 9, 5, 8, 9, 6, 8, 8, 9, 7, 8, 9, 8, 9, 6, 5, 7, 6, 9, 
262: 8, 0, 6, 0, 0, 8, 0, 8, 0, 6, 0, 0, 7, 0, 8, 0, 10, 10, 8, 0, 0, 7, 7, 0, 0, 9, 0, 0, 0, 8, 0, 8, 9, 9, 6, 6, 6, 0, 6, 8, 0, 7, 0, 6, 0, 0, 9, 0, 0, 0, 7, 0, 7, 8, 7, 4, 5, 7, 6, 10, 7, 8, 10, 0, 0, 7, 0, 7, 7, 0, 0, 0, 0, 0, 0, 0, 0, 7, 5, 0, 9, 5, 5, 9, 0, 7, 5, 0, 0, 6, 10, 0, 5, 7, 5, 0, 0, 7, 0, 0, 0, 0, 0, 8, 0, 7, 9, 8, 7, 0, 8, 8, 0, 9, 0, 0, 0, 0, 0, 9, : 8, 6, 8, 8, 6, 7, 8, 10, 10, 8, 7, 7, 9, 8, 8, 9, 9, 6, 6, 6, 6, 8, 7, 6, 9, 7, 7, 8, 7, 4, 5, 7, 6, 10, 7, 8, 10, 7, 7, 7, 7, 5, 9, 5, 5, 9, 7, 5, 6, 10, 5, 7, 5, 7, 8, 7, 9, 8, 7, 8, 8, 9, 9, 
39: 0, 8, 0, 0, 0, 0, 9, 8, 0, 7, 0, 0, 8, 0, 0, 0, 0, 9, 0, 7, 8, 4, 0, 6, 7, 7, 8, 8, 6, 7, 0, 0, 8, 0, 8, 10, 6, 0, 0, 9, 0, 7, 0, 9, 6, 8, 6, 7, 0, 0, 8, 8, 7, 0, 0, 0, 8, 8, 0, 6, 7, 6, 9, 0, 5, 0, 10, 7, 8, 6, 6, 5, 8, 0, 0, 0, 7, 9, 7, 7, 0, 6, 8, 0, 0, 0, 7, 7, 9, 10, 9, 6, 7, 0, 0, 0, 6, 0, 7, 0, 6, 0, 8, 0, 9, 8, 7, 0, 0, 9, 0, 7, 10, 0, 0, 0, 5, 0, 0, 7, : 8, 9, 8, 7, 8, 9, 7, 8, 4, 6, 7, 7, 8, 8, 6, 7, 8, 8, 10, 6, 9, 7, 9, 6, 8, 6, 7, 8, 8, 7, 8, 8, 6, 7, 6, 9, 5, 10, 7, 8, 6, 6, 5, 8, 7, 9, 7, 7, 6, 8, 7, 7, 9, 10, 9, 6, 7, 6, 7, 6, 8, 9, 8, 7, 9, 7, 10, 5, 7, 
533: 7, 0, 6, 0, 0, 8, 7, 6, 0, 0, 0, 8, 0, 8, 8, 0, 9, 0, 7, 0, 0, 0, 0, 0, 9, 9, 0, 9, 0, 8, 0, 6, 6, 0, 0, 0, 8, 5, 0, 0, 5, 0, 9, 0, 6, 0, 0, 0, 4, 0, 8, 9, 8, 8, 0, 8, 0, 0, 0, 6, 0, 7, 8, 0, 0, 9, 0, 0, 0, 0, 7, 6, 0, 0, 0, 0, 0, 8, 6, 0, 0, 0, 8, 8, 7, 0, 0, 8, 8, 0, 7, 9, 0, 11, 5, 0, 0, 6, 0, 8, 7, 9, 8, 0, 0, 8, 0, 9, 0, 8, 8, 0, 7, 0, 7, 5, 0, 0, 5, 0, : 7, 6, 8, 7, 6, 8, 8, 8, 9, 7, 9, 9, 9, 8, 6, 6, 8, 5, 5, 9, 6, 4, 8, 9, 8, 8, 8, 6, 7, 8, 9, 7, 6, 8, 6, 8, 8, 7, 8, 8, 7, 9, 11, 5, 6, 8, 7, 9, 8, 8, 9, 8, 8, 7, 7, 5, 5, 
366: 0, 0, 8, 0, 0, 0, 0, 7, 8, 0, 10, 0, 0, 9, 0, 0, 0, 0, 0, 9, 0, 0, 0, 7, 10, 0, 9, 6, 8, 9, 0, 0, 0, 5, 7, 5, 10, 4, 7, 9, 0, 0, 0, 0, 9, 0, 0, 9, 0, 7, 7, 5, 6, 0, 7, 6, 6, 0, 6, 6, 0, 6, 8, 0, 0, 0, 0, 8, 0, 0, 8, 8, 6, 0, 0, 0, 6, 7, 9, 0, 0, 0, 0, 0, 8, 0, 0, 7, 8, 6, 5, 8, 0, 8, 5, 6, 8, 7, 7, 0, 7, 8, 7, 7, 0, 0, 10, 0, 9, 0, 9, 8, 0, 8, 0, 0, 9, 8, 8, 0, : 8, 7, 8, 10, 9, 9, 7, 10, 9, 6, 8, 9, 5, 7, 5, 10, 4, 7, 9, 9, 9, 7, 7, 5, 6, 7, 6, 6, 6, 6, 6, 8, 8, 8, 8, 6, 6, 7, 9, 8, 7, 8, 6, 5, 8, 8, 5, 6, 8, 7, 7, 7, 8, 7, 7, 10, 9, 9, 8, 8, 9, 8, 8, 
29: 8, 0, 8, 0, 0, 0, 7, 0, 0, 0, 6, 0, 0, 0, 9, 7, 8, 0, 8, 0, 0, 9, 0, 7, 7, 5, 0, 9, 8, 6, 0, 7, 0, 9, 0, 6, 9, 6, 0, 7, 7, 7, 0, 0, 0, 7, 0, 6, 0, 7, 8, 0, 6, 8, 0, 0, 8, 0, 0, 6, 7, 0, 0, 0, 0, 0, 0, 8, 8, 7, 8, 0, 10, 9, 0, 0, 0, 0, 7, 0, 7, 4, 0, 8, 0, 7, 0, 0, 5, 7, 0, 8, 0, 7, 0, 8, 6, 7, 0, 0, 0, 7, 0, 10, 0, 0, 10, 6, 9, 4, 0, 0, 9, 0, 0, 0, 6, 8, 0, 0, : 8, 8, 7, 6, 9, 7, 8, 8, 9, 7, 7, 5, 9, 8, 6, 7, 9, 6, 9, 6, 7, 7, 7, 7, 6, 7, 8, 6, 8, 8, 6, 7, 8, 8, 7, 8, 10, 9, 7, 7, 4, 8, 7, 5, 7, 8, 7, 8, 6, 7, 7, 10, 10, 6, 9, 4, 9, 6, 8, 
553: 0, 6, 0, 7, 8, 8, 8, 0, 0, 6, 0, 6, 8, 0, 7, 0, 7, 0, 9, 9, 0, 9, 0, 0, 6, 0, 9, 0, 6, 0, 9, 0, 0, 0, 4, 10, 0, 0, 8, 0, 0, 0, 0, 0, 8, 0, 9, 8, 0, 0, 0, 0, 0, 7, 0, 0, 9, 0, 6, 0, 0, 7, 7, 0, 8, 0, 0, 0, 0, 0, 0, 7, 6, 7, 5, 0, 6, 0, 6, 7, 8, 7, 0, 8, 6, 0, 0, 9, 5, 0, 9, 0, 6, 0, 0, 0, 7, 0, 0, 9, 0, 0, 8, 0, 10, 0, 9, 8, 0, 0, 7, 0, 6, 0, 7, 6, 6, 0, 7, 0, : 6, 7, 8, 8, 8, 6, 6, 8, 7, 7, 9, 9, 9, 6, 9, 6, 9, 4, 10, 8, 8, 9, 8, 7, 9, 6, 7, 7, 8, 7, 6, 7, 5, 6, 6, 7, 8, 7, 8, 6, 9, 5, 9, 6, 7, 9, 8, 10, 9, 8, 7, 6, 7, 6, 6, 7, 
19: 8, 7, 0, 0, 0, 0, 0, 9, 0, 0, 0, 6, 7, 0, 0, 0, 0, 7, 0, 0, 8, 0, 0, 0, 8, 5, 7, 7, 8, 0, 6, 10, 0, 0, 0, 0, 7, 0, 0, 0, 0, 0, 0, 7, 0, 10, 0, 6, 0, 0, 0, 0, 0, 0, 0, 8, 7, 9, 0, 8, 6, 5, 8, 0, 0, 6, 8, 10, 0, 8, 0, 0, 0, 7, 0, 8, 9, 5, 0, 6, 6, 7, 0, 0, 0, 0, 0, 7, 0, 7, 8, 0, 7, 9, 7, 5, 0, 5, 6, 0, 9, 7, 0, 0, 0, 0, 0, 6, 0, 0, 0, 0, 0, 9, 0, 9, 0, 0, 0, 7, : 8, 7, 9, 6, 7, 7, 8, 8, 5, 7, 7, 8, 6, 10, 7, 7, 10, 6, 8, 7, 9, 8, 6, 5, 8, 6, 8, 10, 8, 7, 8, 9, 5, 6, 6, 7, 7, 7, 8, 7, 9, 7, 5, 5, 6, 9, 7, 6, 9, 9, 7, 
468: 0, 0, 0, 0, 7, 0, 8, 0, 0, 0, 0, 8, 0, 0, 8, 8, 6, 5, 6, 7, 7, 9, 0, 7, 8, 6, 0, 0, 9, 7, 6, 6, 0, 0, 0, 8, 0, 10, 0, 0, 0, 5, 8, 8, 7, 7, 9, 0, 7, 4, 8, 0, 0, 8, 6, 0, 0, 0, 0, 0, 0, 0, 8, 0, 0, 7, 7, 0, 0, 5, 7, 0, 0, 0, 9, 11, 6, 9, 7, 0, 0, 0, 7, 6, 0, 0, 0, 8, 0, 0, 5, 0, 8, 0, 10, 7, 8, 0, 6, 4, 0, 0, 5, 0, 7, 0, 0, 0, 8, 0, 0, 7, 8, 7, 9, 9, 5, 0, 0, 5, : 7, 8, 8, 8, 8, 6, 5, 6, 7, 7, 9, 7, 8, 6, 9, 7, 6, 6, 8, 10, 5, 8, 8, 7, 7, 9, 7, 4, 8, 8, 6, 8, 7, 7, 5, 7, 9, 11, 6, 9, 7, 7, 6, 8, 5, 8, 10, 7, 8, 6, 4, 5, 7, 8, 7, 8, 7, 9, 9, 5, 5, 
91: 9, 7, 0, 0, 0, 10, 0, 5, 8, 8, 0, 8, 0, 0, 0, 7, 7, 0, 8, 0, 7, 0, 9, 9, 7, 0, 0, 7, 0, 5, 0, 8, 0, 0, 9, 4, 0, 8, 7, 6, 0, 8, 0, 4, 8, 6, 0, 5, 0, 8, 6, 6, 6, 0, 8, 0, 0, 6, 0, 0, 0, 7, 0, 9, 0, 0, 0, 6, 6, 8, 0, 7, 7, 0, 7, 0, 0, 10, 0, 0, 7, 0, 0, 0, 0, 0, 0, 0, 0, 9, 0, 0, 8, 0, 8, 7, 0, 7, 0, 6, 0, 0, 0, 5, 0, 0, 0, 4, 0, 7, 0, 9, 8, 7, 0, 4, 10, 9, 8, 0, : 9, 7, 10, 5, 8, 8, 8, 7, 7, 8, 7, 9, 9, 7, 7, 5, 8, 9, 4, 8, 7, 6, 8, 4, 8, 6, 5, 8, 6, 6, 6, 8, 6, 7, 9, 6, 6, 8, 7, 7, 7, 10, 7, 9, 8, 8, 7, 7, 6, 5, 4, 7, 9, 8, 7, 4, 10, 9, 8, 
251: 8, 0, 0, 7, 7, 0, 7, 8, 0, 0, 7, 0, 0, 0, 8, 6, 0, 0, 8, 0, 0, 5, 7, 6, 9, 7, 0, 9, 8, 7, 0, 5, 0, 0, 7, 7, 7, 8, 8, 9, 7, 0, 0, 0, 0, 8, 11, 8, 5, 0, 0, 0, 0, 0, 0, 8, 0, 7, 7, 0, 8, 10, 5, 7, 4, 0, 8, 7, 7, 0, 7, 0, 0, 0, 0, 6, 5, 0, 7, 0, 9, 6, 0, 0, 8, 0, 6, 0, 0, 7, 0, 9, 0, 8, 8, 0, 7, 8, 9, 7, 0, 0, 9, 7, 0, 0, 0, 0, 8, 9, 0, 0, 8, 7, 0, 6, 0, 0, 0, 7, : 8, 7, 7, 7, 8, 7, 8, 6, 8, 5, 7, 6, 9, 7, 9, 8, 7, 5, 7, 7, 7, 8, 8, 9, 7, 8, 11, 8, 5, 8, 7, 7, 8, 10, 5, 7, 4, 8, 7, 7, 7, 6, 5, 7, 9, 6, 8, 6, 7, 9, 8, 8, 7, 8, 9, 7, 9, 7, 8, 9, 8, 7, 6, 7, 
315: 0, 0, 0, 5, 10, 0, 7, 6, 0, 9, 0, 0, 0, 5, 6, 8, 7, 5, 0, 6, 0, 0, 0, 4, 6, 8, 0, 0, 0, 9, 0, 9, 11, 0, 0, 0, 0, 0, 0, 0, 0, 6, 8, 0, 0, 0, 0, 8, 0, 0, 0, 7, 6, 0, 0, 0, 0, 10, 0, 0, 0, 0, 0, 6, 0, 0, 0, 6, 0, 0, 0, 0, 7, 8, 0, 7, 0, 0, 4, 0, 6, 0, 0, 7, 9, 0, 7, 5, 7, 8, 7, 5, 7, 6, 8, 8, 8, 0, 0, 0, 0, 8, 0, 0, 8, 8, 9, 8, 7, 7, 7, 6, 6, 0, 8, 0, 0, 0, 0, 6, : 5, 10, 7, 6, 9, 5, 6, 8, 7, 5, 6, 4, 6, 8, 9, 9, 11, 6, 8, 8, 7, 6, 10, 6, 6, 7, 8, 7, 4, 6, 7, 9, 7, 5, 7, 8, 7, 5, 7, 6, 8, 8, 8, 8, 8, 8, 9, 8, 7, 7, 7, 6, 6, 8, 6, 
546: 8, 0, 0, 8, 0, 0, 7, 10, 0, 8, 0, 0, 7, 0, 0, 8, 0, 8, 0, 0, 0, 7, 0, 0, 0, 0, 0, 8, 0, 7, 8, 7, 8, 0, 9, 0, 0, 9, 0, 0, 9, 0, 9, 0, 0, 0, 0, 4, 6, 0, 9, 7, 7, 0, 8, 7, 0, 7, 8, 0, 10, 8, 0, 5, 7, 4, 0, 9, 0, 0, 7, 6, 7, 0, 8, 5, 0, 4, 0, 0, 0, 5, 8, 8, 8, 8, 5, 10, 9, 7, 7, 8, 5, 0, 10, 0, 0, 0, 0, 0, 6, 8, 7, 8, 0, 7, 7, 7, 0, 0, 0, 8, 9, 0, 0, 0, 0, 8, 0, 6, : 8, 8, 7, 10, 8, 7, 8, 8, 7, 8, 7, 8, 7, 8, 9, 9, 9, 9, 4, 6, 9, 7, 7, 8, 7, 7, 8, 10, 8, 5, 7, 4, 9, 7, 6, 7, 8, 5, 4, 5, 8, 8, 8, 8, 5, 10, 9, 7, 7, 8, 5, 10, 6, 8, 7, 8, 7, 7, 7, 8, 9, 8, 6, 
36: 6, 0, 6, 0, 0, 0, 6, 9, 7, 9, 8, 0, 0, 7, 8, 0, 0, 6, 10, 7, 0, 0, 6, 0, 0, 0, 0, 0, 0, 10, 0, 0, 7, 6, 0, 0, 0, 6, 7, 8, 8, 0, 0, 0, 0, 7, 0, 0, 0, 7, 0, 0, 7, 0, 0, 0, 10, 0, 0, 5, 9, 9, 0, 0, 0, 0, 7, 8, 0, 0, 0, 0, 0, 0, 9, 0, 0, 8, 8, 7, 0, 7, 0, 0, 5, 7, 7, 0, 8, 7, 7, 0, 0, 0, 7, 8, 0, 7, 9, 6, 6, 0, 0, 8, 0, 8, 0, 8, 0, 0, 0, 0, 0, 0, 8, 0, 6, 8, 7, 6, : 6, 6, 6, 9, 7, 9, 8, 7, 8, 6, 10, 7, 6, 10, 7, 6, 6, 7, 8, 8, 7, 7, 7, 10, 5, 9, 9, 7, 8, 9, 8, 8, 7, 7, 5, 7, 7, 8, 7, 7, 7, 8, 7, 9, 6, 6, 8, 8, 8, 8, 6, 8, 7, 6, 
487: 9, 0, 0, 6, 7, 5, 7, 0, 0, 7, 0, 0, 0, 0, 7, 6, 7, 4, 8, 5, 7, 0, 9, 0, 6, 9, 0, 6, 0, 0, 0, 0, 11, 7, 6, 0, 0, 0, 5, 0, 0, 0, 9, 7, 0, 0, 0, 0, 7, 9, 7, 8, 0, 0, 0, 6, 7, 5, 0, 9, 0, 0, 0, 7, 0, 0, 6, 0, 7, 0, 0, 6, 6, 8, 10, 9, 0, 7, 0, 0, 0, 8, 10, 7, 0, 10, 0, 6, 0, 8, 0, 7, 0, 0, 0, 0, 8, 0, 0, 0, 0, 8, 5, 0, 0, 0, 8, 0, 0, 0, 7, 8, 7, 0, 0, 8, 0, 0, 10, 0, : 9, 6, 7, 5, 7, 7, 7, 6, 7, 4, 8, 5, 7, 9, 6, 9, 6, 11, 7, 6, 5, 9, 7, 7, 9, 7, 8, 6, 7, 5, 9, 7, 6, 7, 6, 6, 8, 10, 9, 7, 8, 10, 7, 10, 6, 8, 7, 8, 8, 5, 8, 7, 8, 7, 8, 10, 
446: 7, 0, 0, 0, 9, 7, 7, 0, 0, 8, 0, 8, 0, 9, 0, 6, 0, 6, 0, 0, 0, 7, 0, 9, 0, 0, 10, 0, 9, 8, 0, 0, 4, 0, 7, 0, 10, 5, 0, 0, 8, 9, 9, 0, 5, 0, 0, 0, 8, 0, 7, 8, 7, 0, 0, 7, 6, 8, 0, 0, 7, 9, 0, 7, 0, 8, 9, 0, 0, 8, 7, 8, 0, 6, 9, 8, 7, 6, 7, 8, 0, 0, 10, 0, 0, 0, 0, 0, 10, 9, 8, 7, 0, 0, 5, 6, 6, 8, 0, 10, 8, 0, 0, 8, 8, 0, 0, 8, 0, 0, 0, 7, 7, 9, 7, 9, 0, 6, 6, 0, : 7, 9, 7, 7, 8, 8, 9, 6, 6, 7, 9, 10, 9, 8, 4, 7, 10, 5, 8, 9, 9, 5, 8, 7, 8, 7, 7, 6, 8, 7, 9, 7, 8, 9, 8, 7, 8, 6, 9, 8, 7, 6, 7, 8, 10, 10, 9, 8, 7, 5, 6, 6, 8, 10, 8, 8, 8, 8, 7, 7, 9, 7, 9, 6, 6, 
20: 0, 7, 10, 0, 7, 6, 6, 0, 7, 6, 0, 0, 6, 7, 0, 0, 0, 0, 0, 0, 9, 0, 5, 0, 0, 7, 0, 0, 0, 0, 0, 0, 0, 7, 7, 7, 0, 0, 8, 6, 7, 0, 0, 0, 5, 0, 6, 8, 9, 0, 6, 6, 9, 0, 4, 7, 8, 0, 0, 6, 9, 10, 9, 6, 0, 0, 9, 8, 0, 0, 0, 7, 0, 0, 7, 0, 0, 6, 6, 7, 0, 7, 0, 0, 7, 0, 0, 0, 0, 6, 8, 0, 0, 6, 8, 6, 6, 0, 0, 8, 9, 0, 6, 7, 0, 0, 0, 10, 0, 0, 0, 0, 0, 7, 7, 6, 6, 7, 0, 0, : 7, 10, 7, 6, 6, 7, 6, 6, 7, 9, 5, 7, 7, 7, 7, 8, 6, 7, 5, 6, 8, 9, 6, 6, 9, 4, 7, 8, 6, 9, 10, 9, 6, 9, 8, 7, 7, 6, 6, 7, 7, 7, 6, 8, 6, 8, 6, 6, 8, 9, 6, 7, 10, 7, 7, 6, 6, 7, 
44: 7, 0, 8, 6, 8, 9, 0, 7, 6, 9, 7, 0, 9, 6, 8, 0, 0, 8, 0, 0, 0, 0, 7, 0, 0, 0, 7, 8, 0, 0, 7, 0, 0, 0, 0, 0, 7, 0, 9, 0, 0, 7, 5, 7, 0, 0, 8, 0, 7, 0, 8, 0, 0, 8, 8, 0, 0, 8, 0, 7, 7, 7, 8, 0, 9, 0, 7, 0, 6, 0, 0, 0, 10, 10, 0, 7, 8, 0, 8, 8, 0, 8, 0, 6, 10, 0, 0, 0, 0, 0, 8, 0, 10, 7, 0, 0, 0, 7, 0, 0, 0, 8, 7, 7, 0, 0, 7, 5, 8, 6, 5, 9, 10, 8, 10, 0, 10, 7, 0, 7, : 7, 8, 6, 8, 9, 7, 6, 9, 7, 9, 6, 8, 8, 7, 7, 8, 7, 7, 9, 7, 5, 7, 8, 7, 8, 8, 8, 8, 7, 7, 7, 8, 9, 7, 6, 10, 10, 7, 8, 8, 8, 8, 6, 10, 8, 10, 7, 7, 8, 7, 7, 7, 5, 8, 6, 5, 9, 10, 8, 10, 10, 7, 7, 
286: 7, 0, 8, 0, 0, 0, 8, 8, 0, 0, 8, 0, 0, 7, 5, 8, 0, 9, 0, 8, 6, 0, 0, 0, 6, 0, 7, 9, 0, 0, 9, 0, 0, 6, 9, 8, 0, 8, 0, 0, 10, 0, 7, 0, 0, 8, 6, 8, 7, 7, 0, 0, 0, 7, 6, 0, 0, 0, 9, 7, 8, 9, 0, 8, 0, 7, 0, 6, 0, 8, 0, 8, 6, 6, 0, 8, 0, 9, 0, 7, 0, 0, 7, 8, 0, 0, 0, 0, 0, 0, 0, 10, 7, 6, 8, 7, 6, 0, 0, 7, 0, 8, 0, 0, 0, 7, 9, 0, 0, 8, 0, 8, 7, 0, 0, 10, 0, 6, 0, 8, : 7, 8, 8, 8, 8, 7, 5, 8, 9, 8, 6, 6, 7, 9, 9, 6, 9, 8, 8, 10, 7, 8, 6, 8, 7, 7, 7, 6, 9, 7, 8, 9, 8, 7, 6, 8, 8, 6, 6, 8, 9, 7, 7, 8, 10, 7, 6, 8, 7, 6, 7, 8, 7, 9, 8, 8, 7, 10, 6, 8, 
347: 0, 9, 8, 9, 0, 9, 0, 0, 6, 0, 6, 9, 0, 7, 0, 8, 7, 0, 0, 8, 0, 0, 0, 8, 6, 0, 0, 0, 0, 10, 0, 0, 0, 7, 0, 0, 0, 0, 10, 6, 8, 0, 0, 6, 7, 8, 8, 0, 0, 0, 6, 6, 8, 0, 6, 0, 0, 9, 0, 8, 10, 6, 0, 8, 0, 0, 6, 0, 5, 0, 0, 8, 8, 7, 8, 0, 0, 0, 9, 8, 0, 8, 0, 0, 0, 7, 6, 0, 7, 0, 0, 6, 0, 0, 0, 0, 0, 5, 8, 0, 6, 6, 0, 6, 0, 0, 5, 9, 9, 9, 0, 8, 9, 5, 0, 0, 6, 0, 0, 10, : 9, 8, 9, 9, 6, 6, 9, 7, 8, 7, 8, 8, 6, 10, 7, 10, 6, 8, 6, 7, 8, 8, 6, 6, 8, 6, 9, 8, 10, 6, 8, 6, 5, 8, 8, 7, 8, 9, 8, 8, 7, 6, 7, 6, 5, 8, 6, 6, 6, 5, 9, 9, 9, 8, 9, 5, 6, 10, 
2: 8, 6, 6, 6, 7, 0, 0, 6, 6, 9, 0, 8, 7, 7, 0, 9, 0, 0, 0, 6, 5, 0, 0, 7, 0, 0, 0, 0, 0, 7, 0, 9, 9, 0, 7, 0, 7, 0, 8, 4, 5, 10, 0, 8, 8, 0, 0, 9, 7, 0, 6, 0, 0, 0, 0, 6, 0, 9, 0, 0, 0, 0, 7, 0, 7, 0, 5, 0, 7, 7, 0, 9, 0, 0, 7, 8, 0, 7, 0, 6, 0, 0, 0, 8, 6, 0, 0, 0, 0, 0, 0, 0, 5, 7, 8, 8, 0, 8, 8, 7, 0, 8, 7, 0, 7, 0, 0, 0, 0, 0, 0, 0, 0, 0, 7, 0, 4, 5, 0, 0, : 8, 6, 6, 6, 7, 6, 6, 9, 8, 7, 7, 9, 6, 5, 7, 7, 9, 9, 7, 7, 8, 4, 5, 10, 8, 8, 9, 7, 6, 6, 9, 7, 7, 5, 7, 7, 9, 7, 8, 7, 6, 8, 6, 5, 7, 8, 8, 8, 8, 7, 8, 7, 7, 7, 4, 5, 
179: 0, 6, 0, 0, 0, 6, 0, 7, 0, 7, 7, 4, 8, 0, 7, 5, 0, 0, 0, 8, 5, 6, 6, 5, 4, 0, 6, 9, 7, 9, 8, 7, 5, 0, 7, 0, 7, 9, 5, 10, 8, 9, 7, 8, 8, 7, 0, 7, 0, 0, 9, 8, 8, 0, 0, 6, 0, 9, 0, 0, 0, 0, 0, 0, 6, 6, 0, 0, 8, 6, 8, 0, 8, 8, 7, 0, 0, 6, 6, 6, 0, 7, 0, 0, 6, 10, 9, 6, 7, 9, 7, 7, 8, 0, 0, 7, 0, 9, 8, 9, 0, 0, 7, 7, 8, 7, 7, 5, 0, 6, 0, 7, 0, 9, 6, 0, 7, 7, 10, 7, : 6, 6, 7, 7, 7, 4, 8, 7, 5, 8, 5, 6, 6, 5, 4, 6, 9, 7, 9, 8, 7, 5, 7, 7, 9, 5, 10, 8, 9, 7, 8, 8, 7, 7, 9, 8, 8, 6, 9, 6, 6, 8, 6, 8, 8, 8, 7, 6, 6, 6, 7, 6, 10, 9, 6, 7, 9, 7, 7, 8, 7, 9, 8, 9, 7, 7, 8, 7, 7, 5, 6, 7, 9, 6, 7, 7, 10, 7, 
151: 7, 8, 0, 6, 0, 6, 10, 0, 10, 0, 0, 8, 7, 0, 6, 0, 7, 8, 10, 4, 8, 5, 8, 7, 0, 4, 6, 6, 0, 5, 0, 0, 0, 7, 7, 6, 9, 0, 8, 4, 0, 0, 0, 9, 0, 0, 9, 0, 6, 5, 6, 8, 9, 0, 0, 0, 9, 9, 0, 6, 6, 0, 0, 0, 0, 0, 0, 8, 0, 6, 9, 0, 7, 7, 6, 0, 8, 0, 0, 0, 0, 8, 0, 5, 0, 9, 0, 6, 8, 0, 0, 7, 0, 9, 7, 6, 0, 0, 10, 6, 0, 8, 0, 0, 7, 8, 8, 8, 7, 0, 0, 9, 7, 0, 9, 6, 0, 0, 8, 0, : 7, 8, 6, 6, 10, 10, 8, 7, 6, 7, 8, 10, 4, 8, 5, 8, 7, 4, 6, 6, 5, 7, 7, 6, 9, 8, 4, 9, 9, 6, 5, 6, 8, 9, 9, 9, 6, 6, 8, 6, 9, 7, 7, 6, 8, 8, 5, 9, 6, 8, 7, 9, 7, 6, 10, 6, 8, 7, 8, 8, 8, 7, 9, 7, 9, 6, 8, 
175: 7, 0, 7, 8, 0, 8, 8, 0, 5, 0, 5, 8, 9, 8, 0, 7, 8, 6, 4, 7, 0, 0, 9, 0, 0, 0, 6, 5, 0, 0, 0, 0, 0, 0, 0, 7, 6, 6, 7, 0, 7, 0, 0, 0, 0, 0, 0, 0, 0, 9, 0, 9, 7, 0, 8, 8, 8, 0, 0, 0, 9, 0, 8, 5, 0, 8, 0, 0, 0, 0, 8, 7, 7, 0, 7, 9, 0, 0, 7, 0, 0, 0, 0, 6, 0, 5, 0, 0, 0, 0, 8, 0, 0, 8, 6, 9, 8, 9, 8, 0, 0, 0, 0, 5, 0, 0, 7, 0, 6, 0, 8, 8, 0, 7, 9, 10, 0, 0, 0, 0, : 7, 7, 8, 8, 8, 5, 5, 8, 9, 8, 7, 8, 6, 4, 7, 9, 6, 5, 7, 6, 6, 7, 7, 9, 9, 7, 8, 8, 8, 9, 8, 5, 8, 8, 7, 7, 7, 9, 7, 6, 5, 8, 8, 6, 9, 8, 9, 8, 5, 7, 6, 8, 8, 7, 9, 10, 
365: 0, 0, 0, 6, 8, 8, 8, 0, 7, 7, 5, 9, 0, 6, 0, 8, 0, 10, 7, 0, 0, 0, 0, 9, 8, 0, 0, 7, 6, 6, 8, 0, 7, 10, 5, 9, 8, 9, 8, 0, 0, 9, 8, 6, 10, 7, 0, 0, 0, 0, 0, 7, 0, 0, 9, 0, 0, 0, 7, 9, 8, 0, 0, 0, 0, 0, 9, 8, 0, 9, 8, 7, 7, 0, 8, 8, 10, 0, 6, 0, 0, 9, 0, 7, 0, 8, 8, 5, 0, 9, 0, 8, 8, 0, 0, 9, 6, 0, 0, 0, 0, 10, 0, 8, 6, 0, 0, 0, 7, 9, 4, 0, 9, 5, 4, 7, 0, 0, 11, 8, : 6, 8, 8, 8, 7, 7, 5, 9, 6, 8, 10, 7, 9, 8, 7, 6, 6, 8, 7, 10, 5, 9, 8, 9, 8, 9, 8, 6, 10, 7, 7, 9, 7, 9, 8, 9, 8, 9, 8, 7, 7, 8, 8, 10, 6, 9, 7, 8, 8, 5, 9, 8, 8, 9, 6, 10, 8, 6, 7, 9, 4, 9, 5, 4, 7, 11, 8, 
497: 7, 0, 0, 8, 0, 0, 7, 0, 0, 0, 0, 0, 0, 5, 0, 0, 9, 0, 0, 7, 0, 0, 9, 0, 8, 0, 5, 0, 6, 9, 6, 0, 0, 9, 7, 0, 0, 8, 0, 6, 0, 8, 0, 0, 6, 0, 10, 9, 0, 9, 0, 7, 8, 6, 0, 0, 0, 0, 6, 0, 9, 8, 0, 0, 8, 0, 0, 0, 8, 0, 8, 0, 5, 10, 7, 0, 8, 8, 0, 8, 8, 6, 6, 8, 8, 0, 9, 8, 7, 5, 6, 0, 9, 5, 7, 0, 0, 5, 10, 0, 8, 6, 0, 5, 0, 7, 7, 9, 0, 0, 8, 0, 0, 0, 10, 0, 8, 5, 9, 5, : 7, 8, 7, 5, 9, 7, 9, 8, 5, 6, 9, 6, 9, 7, 8, 6, 8, 6, 10, 9, 9, 7, 8, 6, 6, 9, 8, 8, 8, 8, 5, 10, 7, 8, 8, 8, 8, 6, 6, 8, 8, 9, 8, 7, 5, 6, 9, 5, 7, 5, 10, 8, 6, 5, 7, 7, 9, 8, 10, 8, 5, 9, 5, 
574: 0, 8, 0, 8, 0, 7, 0, 0, 6, 0, 6, 0, 0, 9, 9, 6, 0, 6, 7, 8, 7, 4, 9, 0, 0, 9, 0, 0, 7, 7, 4, 7, 0, 0, 5, 8, 7, 7, 7, 10, 0, 9, 5, 0, 8, 0, 6, 8, 0, 7, 9, 6, 8, 7, 9, 7, 8, 0, 7, 7, 0, 9, 6, 7, 0, 8, 0, 6, 0, 8, 0, 9, 6, 0, 0, 0, 0, 0, 9, 8, 7, 6, 0, 0, 8, 9, 8, 0, 7, 0, 6, 7, 11, 8, 0, 0, 0, 7, 7, 0, 0, 7, 8, 0, 9, 0, 8, 9, 7, 6, 0, 9, 7, 7, 0, 0, 9, 0, 0, 0, : 8, 8, 7, 6, 6, 9, 9, 6, 6, 7, 8, 7, 4, 9, 9, 7, 7, 4, 7, 5, 8, 7, 7, 7, 10, 9, 5, 8, 6, 8, 7, 9, 6, 8, 7, 9, 7, 8, 7, 7, 9, 6, 7, 8, 6, 8, 9, 6, 9, 8, 7, 6, 8, 9, 8, 7, 6, 7, 11, 8, 7, 7, 7, 8, 9, 8, 9, 7, 6, 9, 7, 7, 9, 
266: 0, 0, 0, 0, 8, 0, 0, 8, 7, 0, 0, 0, 6, 0, 0, 0, 0, 5, 6, 9, 0, 9, 9, 9, 0, 0, 0, 8, 9, 8, 7, 5, 10, 0, 0, 0, 6, 0, 0, 0, 7, 0, 0, 8, 10, 0, 8, 5, 0, 7, 7, 0, 6, 0, 7, 0, 6, 0, 0, 9, 7, 0, 0, 0, 8, 0, 0, 0, 0, 7, 9, 8, 9, 8, 6, 8, 0, 0, 0, 9, 8, 10, 10, 7, 8, 0, 5, 8, 0, 9, 7, 0, 0, 0, 0, 8, 9, 6, 8, 0, 9, 9, 5, 10, 7, 0, 6, 7, 6, 5, 0, 0, 0, 0, 5, 8, 10, 9, 8, 9, : 8, 8, 7, 6, 5, 6, 9, 9, 9, 9, 8, 9, 8, 7, 5, 10, 6, 7, 8, 10, 8, 5, 7, 7, 6, 7, 6, 9, 7, 8, 7, 9, 8, 9, 8, 6, 8, 9, 8, 10, 10, 7, 8, 5, 8, 9, 7, 8, 9, 6, 8, 9, 9, 5, 10, 7, 6, 7, 6, 5, 5, 8, 10, 9, 8, 9, 
388: 7, 0, 0, 0, 0, 6, 7, 5, 0, 0, 0, 6, 8, 7, 0, 0, 7, 0, 6, 6, 9, 9, 4, 0, 0, 0, 9, 9, 5, 0, 7, 5, 0, 7, 8, 7, 7, 0, 0, 0, 7, 8, 8, 0, 0, 9, 0, 0, 9, 6, 8, 0, 0, 0, 0, 0, 9, 0, 6, 0, 0, 0, 9, 0, 10, 9, 6, 5, 10, 0, 0, 0, 8, 0, 0, 0, 7, 0, 0, 0, 7, 0, 0, 5, 8, 8, 0, 7, 7, 7, 0, 0, 9, 0, 8, 0, 0, 6, 4, 8, 0, 7, 0, 8, 0, 0, 8, 0, 8, 7, 8, 7, 9, 0, 0, 0, 0, 10, 0, 0, : 7, 6, 7, 5, 6, 8, 7, 7, 6, 6, 9, 9, 4, 9, 9, 5, 7, 5, 7, 8, 7, 7, 7, 8, 8, 9, 9, 6, 8, 9, 6, 9, 10, 9, 6, 5, 10, 8, 7, 7, 5, 8, 8, 7, 7, 7, 9, 8, 6, 4, 8, 7, 8, 8, 8, 7, 8, 7, 9, 10, 
269: 7, 0, 0, 6, 8, 6, 0, 8, 0, 0, 7, 7, 8, 7, 0, 7, 7, 9, 4, 7, 8, 0, 0, 0, 0, 0, 7, 0, 8, 7, 8, 6, 0, 0, 0, 0, 0, 7, 7, 0, 0, 0, 0, 9, 0, 7, 4, 8, 7, 0, 7, 8, 5, 0, 7, 0, 7, 0, 8, 6, 5, 6, 6, 6, 9, 0, 0, 9, 9, 8, 0, 0, 10, 0, 0, 0, 0, 7, 10, 9, 0, 7, 8, 0, 5, 0, 0, 10, 7, 7, 0, 9, 0, 5, 0, 8, 0, 10, 0, 0, 6, 8, 0, 0, 10, 5, 0, 0, 0, 0, 9, 0, 10, 7, 6, 0, 0, 9, 0, 0, : 7, 6, 8, 6, 8, 7, 7, 8, 7, 7, 7, 9, 4, 7, 8, 7, 8, 7, 8, 6, 7, 7, 9, 7, 4, 8, 7, 7, 8, 5, 7, 7, 8, 6, 5, 6, 6, 6, 9, 9, 9, 8, 10, 7, 10, 9, 7, 8, 5, 10, 7, 7, 9, 5, 8, 10, 6, 8, 10, 5, 9, 10, 7, 6, 9, 
189: 9, 0, 6, 0, 0, 7, 4, 10, 7, 7, 0, 0, 7, 7, 0, 0, 5, 6, 0, 8, 0, 0, 0, 6, 9, 7, 0, 10, 0, 9, 0, 7, 7, 4, 7, 0, 0, 0, 0, 8, 8, 8, 0, 0, 0, 7, 8, 6, 0, 8, 0, 0, 7, 7, 7, 0, 9, 0, 0, 0, 0, 0, 7, 10, 0, 0, 0, 7, 0, 0, 10, 0, 0, 6, 0, 7, 8, 6, 0, 7, 0, 0, 4, 0, 7, 7, 0, 0, 5, 0, 0, 7, 0, 4, 8, 0, 5, 6, 0, 0, 8, 0, 0, 0, 0, 8, 7, 0, 5, 9, 6, 0, 0, 8, 0, 0, 4, 7, 8, 0, : 9, 6, 7, 4, 10, 7, 7, 7, 7, 5, 6, 8, 6, 9, 7, 10, 9, 7, 7, 4, 7, 8, 8, 8, 7, 8, 6, 8, 7, 7, 7, 9, 7, 10, 7, 10, 6, 7, 8, 6, 7, 4, 7, 7, 5, 7, 4, 8, 5, 6, 8, 8, 7, 5, 9, 6, 8, 4, 7, 8, 
244: 0, 10, 8, 9, 7, 0, 0, 0, 6, 9, 6, 0, 0, 7, 7, 7, 0, 0, 0, 8, 0, 6, 0, 0, 9, 6, 6, 9, 9, 0, 0, 7, 0, 0, 0, 8, 0, 0, 9, 0, 0, 0, 0, 0, 0, 6, 0, 0, 0, 0, 0, 7, 0, 8, 0, 6, 0, 8, 0, 0, 7, 8, 9, 8, 7, 0, 6, 7, 0, 0, 7, 0, 7, 0, 8, 0, 5, 8, 7, 11, 8, 0, 7, 8, 7, 0, 7, 8, 8, 8, 5, 0, 0, 6, 0, 6, 8, 0, 0, 0, 0, 0, 0, 0, 0, 0, 0, 7, 0, 8, 0, 9, 7, 0, 10, 0, 0, 0, 7, 7, : 10, 8, 9, 7, 6, 9, 6, 7, 7, 7, 8, 6, 9, 6, 6, 9, 9, 7, 8, 9, 6, 7, 8, 6, 8, 7, 8, 9, 8, 7, 6, 7, 7, 7, 8, 5, 8, 7, 11, 8, 7, 8, 7, 7, 8, 8, 8, 5, 6, 6, 8, 7, 8, 9, 7, 10, 7, 7, 
353: 5, 8, 6, 7, 9, 0, 0, 0, 0, 0, 0, 7, 7, 7, 0, 0, 8, 0, 0, 0, 0, 0, 0, 0, 7, 0, 0, 5, 0, 8, 0, 0, 0, 5, 0, 7, 6, 0, 7, 8, 0, 0, 0, 8, 0, 10, 7, 0, 0, 6, 0, 0, 0, 9, 0, 0, 0, 0, 0, 0, 8, 6, 0, 0, 0, 0, 0, 0, 6, 7, 8, 7, 5, 7, 0, 0, 10, 0, 0, 7, 0, 9, 9, 9, 8, 7, 6, 0, 7, 7, 0, 0, 8, 0, 0, 0, 0, 10, 6, 6, 0, 0, 0, 0, 7, 6, 5, 10, 0, 0, 0, 0, 0, 0, 8, 9, 0, 5, 0, 0, : 5, 8, 6, 7, 9, 7, 7, 7, 8, 7, 5, 8, 5, 7, 6, 7, 8, 8, 10, 7, 6, 9, 8, 6, 6, 7, 8, 7, 5, 7, 10, 7, 9, 9, 9, 8, 7, 6, 7, 7, 8, 10, 6, 6, 7, 6, 5, 10, 8, 9, 5, 
73: 0, 8, 0, 0, 6, 8, 0, 6, 0, 0, 0, 8, 0, 8, 0, 7, 0, 5, 9, 6, 6, 6, 8, 8, 9, 9, 9, 0, 7, 0, 0, 7, 6, 0, 0, 5, 0, 6, 9, 7, 0, 0, 5, 0, 0, 0, 8, 0, 0, 0, 7, 7, 0, 10, 0, 0, 7, 6, 9, 8, 0, 10, 0, 0, 8, 9, 0, 0, 0, 9, 0, 0, 7, 6, 0, 9, 8, 0, 8, 0, 10, 7, 5, 7, 8, 10, 8, 0, 7, 0, 0, 10, 0, 8, 0, 0, 0, 6, 0, 0, 6, 0, 0, 7, 10, 0, 0, 0, 0, 7, 0, 7, 8, 8, 0, 7, 0, 0, 0, 0, : 8, 6, 8, 6, 8, 8, 7, 5, 9, 6, 6, 6, 8, 8, 9, 9, 9, 7, 7, 6, 5, 6, 9, 7, 5, 8, 7, 7, 10, 7, 6, 9, 8, 10, 8, 9, 9, 7, 6, 9, 8, 8, 10, 7, 5, 7, 8, 10, 8, 7, 10, 8, 6, 6, 7, 10, 7, 7, 8, 8, 7, 
513: 6, 8, 5, 6, 0, 9, 8, 0, 0, 8, 9, 0, 6, 0, 0, 8, 8, 8, 0, 7, 5, 0, 0, 9, 0, 0, 7, 0, 0, 0, 0, 8, 0, 0, 0, 0, 0, 0, 0, 8, 0, 0, 7, 0, 5, 0, 0, 0, 0, 0, 0, 0, 7, 7, 6, 0, 9, 6, 0, 0, 0, 0, 0, 8, 0, 0, 0, 0, 0, 0, 0, 6, 8, 0, 8, 8, 0, 8, 7, 9, 0, 7, 7, 6, 7, 7, 10, 0, 10, 0, 0, 6, 9, 0, 0, 0, 0, 0, 8, 0, 4, 0, 0, 0, 0, 6, 8, 8, 7, 9, 9, 0, 0, 6, 5, 0, 0, 7, 9, 7, : 6, 8, 5, 6, 9, 8, 8, 9, 6, 8, 8, 8, 7, 5, 9, 7, 8, 8, 7, 5, 7, 7, 6, 9, 6, 8, 6, 8, 8, 8, 8, 7, 9, 7, 7, 6, 7, 7, 10, 10, 6, 9, 8, 4, 6, 8, 8, 7, 9, 9, 6, 5, 7, 9, 7, 
68: 7, 9, 0, 10, 0, 7, 10, 0, 0, 8, 0, 0, 8, 7, 0, 5, 7, 0, 6, 0, 10, 0, 0, 10, 7, 0, 0, 9, 8, 0, 5, 0, 0, 8, 8, 7, 7, 0, 9, 0, 0, 6, 10, 7, 7, 10, 7, 9, 0, 9, 0, 0, 10, 0, 0, 6, 0, 0, 6, 0, 8, 0, 10, 5, 7, 5, 0, 0, 7, 7, 6, 0, 7, 0, 8, 0, 0, 0, 0, 0, 0, 6, 7, 5, 0, 9, 0, 0, 0, 0, 0, 8, 8, 7, 0, 0, 0, 7, 0, 8, 0, 0, 8, 0, 0, 0, 10, 0, 4, 0, 7, 0, 5, 6, 0, 9, 6, 9, 0, 0, : 7, 9, 10, 7, 10, 8, 8, 7, 5, 7, 6, 10, 10, 7, 9, 8, 5, 8, 8, 7, 7, 9, 6, 10, 7, 7, 10, 7, 9, 9, 10, 6, 6, 8, 10, 5, 7, 5, 7, 7, 6, 7, 8, 6, 7, 5, 9, 8, 8, 7, 7, 8, 8, 10, 4, 7, 5, 6, 9, 6, 9, 
573: 6, 0, 0, 6, 6, 0, 9, 8, 9, 7, 0, 0, 10, 0, 9, 0, 10, 9, 5, 6, 7, 0, 0, 0, 8, 0, 7, 7, 7, 4, 0, 10, 0, 6, 0, 11, 5, 7, 0, 7, 6, 7, 7, 0, 0, 5, 0, 8, 0, 7, 8, 7, 0, 0, 9, 0, 0, 0, 0, 7, 6, 8, 8, 7, 0, 7, 0, 0, 7, 7, 0, 5, 0, 6, 6, 8, 0, 0, 0, 0, 0, 0, 9, 0, 0, 0, 8, 0, 0, 9, 0, 7, 0, 0, 0, 0, 0, 8, 6, 0, 0, 0, 6, 8, 8, 0, 0, 0, 7, 8, 0, 6, 0, 7, 0, 0, 0, 8, 11, 7, : 6, 6, 6, 9, 8, 9, 7, 10, 9, 10, 9, 5, 6, 7, 8, 7, 7, 7, 4, 10, 6, 11, 5, 7, 7, 6, 7, 7, 5, 8, 7, 8, 7, 9, 7, 6, 8, 8, 7, 7, 7, 7, 5, 6, 6, 8, 9, 8, 9, 7, 8, 6, 6, 8, 8, 7, 8, 6, 7, 8, 11, 7, 
462: 0, 0, 0, 8, 0, 10, 0, 0, 8, 0, 5, 8, 0, 0, 8, 5, 7, 0, 7, 9, 0, 0, 9, 0, 0, 8, 0, 6, 10, 0, 0, 0, 5, 0, 7, 9, 5, 8, 0, 7, 7, 0, 9, 0, 8, 0, 0, 0, 11, 0, 6, 0, 7, 9, 8, 7, 9, 0, 0, 0, 0, 7, 0, 0, 7, 7, 6, 7, 10, 8, 7, 6, 8, 8, 0, 0, 9, 8, 0, 0, 8, 0, 8, 0, 0, 0, 9, 0, 0, 0, 0, 0, 9, 0, 6, 0, 0, 5, 0, 6, 8, 7, 9, 0, 0, 8, 0, 0, 9, 0, 9, 4, 4, 0, 7, 9, 5, 0, 8, 11, : 8, 10, 8, 5, 8, 8, 5, 7, 7, 9, 9, 8, 6, 10, 5, 7, 9, 5, 8, 7, 7, 9, 8, 11, 6, 7, 9, 8, 7, 9, 7, 7, 7, 6, 7, 10, 8, 7, 6, 8, 8, 9, 8, 8, 8, 9, 9, 6, 5, 6, 8, 7, 9, 8, 9, 9, 4, 4, 7, 9, 5, 8, 11, 
205: 0, 0, 7, 9, 0, 0, 8, 7, 0, 6, 0, 6, 7, 0, 9, 8, 0, 0, 0, 7, 0, 0, 0, 0, 0, 9, 9, 8, 0, 0, 6, 8, 0, 5, 0, 6, 10, 9, 6, 6, 0, 0, 0, 0, 0, 0, 0, 0, 7, 0, 0, 0, 0, 6, 5, 6, 0, 0, 0, 0, 5, 0, 0, 5, 0, 0, 0, 9, 6, 0, 6, 0, 0, 0, 0, 9, 0, 5, 8, 9, 8, 0, 0, 0, 0, 9, 8, 5, 7, 8, 5, 0, 0, 0, 9, 8, 9, 0, 0, 6, 7, 10, 9, 7, 0, 0, 8, 8, 0, 0, 0, 0, 8, 6, 7, 0, 8, 0, 0, 9, : 7, 9, 8, 7, 6, 6, 7, 9, 8, 7, 9, 9, 8, 6, 8, 5, 6, 10, 9, 6, 6, 7, 6, 5, 6, 5, 5, 9, 6, 6, 9, 5, 8, 9, 8, 9, 8, 5, 7, 8, 5, 9, 8, 9, 6, 7, 10, 9, 7, 8, 8, 8, 6, 7, 8, 9, 
118: 0, 6, 0, 0, 10, 7, 8, 7, 10, 7, 0, 5, 7, 0, 8, 7, 0, 6, 0, 6, 5, 0, 0, 9, 9, 9, 10, 6, 6, 7, 7, 0, 7, 9, 9, 8, 0, 9, 8, 0, 0, 8, 0, 0, 0, 9, 7, 0, 8, 8, 8, 8, 0, 0, 7, 0, 6, 0, 7, 7, 0, 0, 10, 0, 0, 9, 0, 0, 7, 10, 0, 0, 8, 7, 0, 0, 11, 0, 7, 0, 0, 6, 0, 0, 0, 8, 0, 7, 0, 9, 0, 0, 0, 9, 0, 8, 7, 0, 0, 0, 0, 0, 0, 7, 0, 8, 0, 6, 8, 8, 9, 9, 0, 7, 6, 8, 7, 8, 6, 0, : 6, 10, 7, 8, 7, 10, 7, 5, 7, 8, 7, 6, 6, 5, 9, 9, 9, 10, 6, 6, 7, 7, 7, 9, 9, 8, 9, 8, 8, 9, 7, 8, 8, 8, 8, 7, 6, 7, 7, 10, 9, 7, 10, 8, 7, 11, 7, 6, 8, 7, 9, 9, 8, 7, 7, 8, 6, 8, 8, 9, 9, 7, 6, 8, 7, 8, 6, 
349: 0, 0, 8, 0, 0, 0, 0, 9, 0, 0, 0, 8, 9, 0, 0, 0, 5, 7, 0, 0, 9, 7, 0, 9, 10, 0, 0, 0, 8, 0, 0, 0, 0, 0, 7, 0, 6, 8, 6, 8, 9, 0, 7, 7, 8, 0, 7, 7, 0, 6, 0, 0, 0, 0, 8, 0, 6, 7, 8, 0, 8, 0, 0, 0, 8, 9, 0, 0, 7, 7, 0, 7, 0, 8, 0, 0, 4, 8, 5, 0, 0, 7, 0, 0, 0, 0, 0, 5, 0, 0, 0, 0, 7, 0, 10, 0, 0, 10, 7, 0, 0, 6, 0, 0, 8, 7, 4, 0, 8, 0, 9, 0, 0, 8, 7, 0, 0, 0, 8, 0, : 8, 9, 8, 9, 5, 7, 9, 7, 9, 10, 8, 7, 6, 8, 6, 8, 9, 7, 7, 8, 7, 7, 6, 8, 6, 7, 8, 8, 8, 9, 7, 7, 7, 8, 4, 8, 5, 7, 5, 7, 10, 10, 7, 6, 8, 7, 4, 8, 9, 8, 7, 8, 
276: 10, 10, 8, 0, 6, 0, 0, 0, 7, 5, 0, 0, 0, 4, 7, 9, 0, 0, 0, 0, 9, 7, 0, 10, 9, 0, 0, 0, 8, 0, 6, 0, 0, 11, 0, 0, 0, 7, 0, 5, 0, 8, 0, 6, 0, 9, 8, 0, 0, 8, 6, 7, 7, 0, 0, 9, 0, 0, 5, 7, 9, 7, 9, 0, 5, 8, 7, 6, 0, 0, 0, 11, 7, 7, 0, 7, 6, 5, 0, 8, 0, 7, 5, 0, 8, 7, 0, 0, 0, 0, 8, 0, 0, 7, 0, 7, 7, 0, 9, 9, 0, 8, 8, 9, 7, 5, 0, 0, 0, 8, 0, 0, 0, 0, 6, 0, 9, 8, 0, 0, : 10, 10, 8, 6, 7, 5, 4, 7, 9, 9, 7, 10, 9, 8, 6, 11, 7, 5, 8, 6, 9, 8, 8, 6, 7, 7, 9, 5, 7, 9, 7, 9, 5, 8, 7, 6, 11, 7, 7, 7, 6, 5, 8, 7, 5, 8, 7, 8, 7, 7, 7, 9, 9, 8, 8, 9, 7, 5, 8, 6, 9, 8, 
310: 9, 0, 7, 0, 6, 0, 0, 0, 0, 0, 7, 0, 8, 9, 0, 7, 10, 0, 7, 0, 8, 0, 6, 8, 9, 8, 0, 8, 0, 0, 0, 8, 5, 6, 0, 9, 0, 9, 9, 9, 0, 7, 0, 0, 0, 9, 0, 8, 8, 0, 7, 8, 0, 0, 8, 0, 7, 0, 8, 7, 0, 0, 7, 7, 0, 0, 6, 0, 0, 6, 8, 8, 0, 7, 6, 8, 7, 0, 8, 0, 0, 0, 7, 6, 0, 8, 0, 7, 0, 0, 0, 9, 0, 9, 7, 9, 0, 9, 10, 8, 6, 6, 0, 0, 5, 0, 7, 0, 0, 9, 8, 0, 0, 0, 8, 6, 0, 0, 0, 0, : 9, 7, 6, 7, 8, 9, 7, 10, 7, 8, 6, 8, 9, 8, 8, 8, 5, 6, 9, 9, 9, 9, 7, 9, 8, 8, 7, 8, 8, 7, 8, 7, 7, 7, 6, 6, 8, 8, 7, 6, 8, 7, 8, 7, 6, 8, 7, 9, 9, 7, 9, 9, 10, 8, 6, 6, 5, 7, 9, 8, 8, 6, 
25: 5, 0, 10, 0, 0, 8, 0, 8, 0, 0, 8, 0, 6, 8, 0, 0, 9, 6, 8, 0, 7, 0, 8, 0, 0, 0, 0, 9, 0, 0, 6, 0, 6, 5, 0, 0, 0, 6, 0, 0, 9, 7, 6, 8, 8, 0, 9, 0, 8, 7, 6, 8, 0, 8, 7, 8, 8, 0, 9, 0, 6, 0, 6, 8, 7, 0, 0, 0, 0, 0, 6, 5, 0, 0, 0, 10, 0, 8, 0, 7, 9, 9, 0, 0, 6, 8, 10, 9, 0, 10, 7, 0, 8, 0, 8, 7, 8, 9, 7, 0, 8, 0, 6, 6, 9, 6, 0, 0, 0, 10, 0, 0, 9, 0, 6, 8, 8, 7, 7, 7, : 5, 10, 8, 8, 8, 6, 8, 9, 6, 8, 7, 8, 9, 6, 6, 5, 6, 9, 7, 6, 8, 8, 9, 8, 7, 6, 8, 8, 7, 8, 8, 9, 6, 6, 8, 7, 6, 5, 10, 8, 7, 9, 9, 6, 8, 10, 9, 10, 7, 8, 8, 7, 8, 9, 7, 8, 6, 6, 9, 6, 10, 9, 6, 8, 8, 7, 7, 7, 
514: 8, 8, 0, 7, 8, 8, 8, 6, 0, 7, 8, 7, 7, 7, 0, 9, 9, 6, 8, 0, 0, 7, 0, 6, 0, 8, 5, 8, 0, 8, 6, 5, 0, 0, 9, 9, 0, 6, 0, 0, 0, 5, 8, 0, 7, 8, 7, 0, 9, 0, 0, 0, 9, 9, 0, 9, 6, 7, 7, 0, 0, 8, 0, 0, 8, 0, 0, 0, 0, 7, 6, 0, 0, 0, 0, 0, 0, 7, 0, 0, 8, 0, 5, 0, 6, 0, 7, 7, 0, 6, 0, 5, 6, 5, 6, 8, 8, 0, 6, 0, 10, 0, 7, 0, 0, 0, 0, 0, 8, 9, 0, 9, 7, 8, 0, 8, 6, 7, 6, 9, : 8, 8, 7, 8, 8, 8, 6, 7, 8, 7, 7, 7, 9, 9, 6, 8, 7, 6, 8, 5, 8, 8, 6, 5, 9, 9, 6, 5, 8, 7, 8, 7, 9, 9, 9, 9, 6, 7, 7, 8, 8, 7, 6, 7, 8, 5, 6, 7, 7, 6, 5, 6, 5, 6, 8, 8, 6, 10, 7, 8, 9, 9, 7, 8, 8, 6, 7, 6, 9, 
50: 0, 0, 7, 0, 0, 8, 0, 6, 0, 0, 0, 7, 0, 0, 9, 7, 7, 0, 0, 10, 7, 8, 0, 8, 0, 6, 7, 0, 9, 5, 0, 7, 0, 10, 10, 0, 7, 7, 7, 9, 8, 0, 0, 0, 10, 7, 0, 0, 0, 0, 0, 0, 0, 6, 0, 8, 0, 6, 5, 8, 0, 0, 0, 7, 9, 6, 6, 7, 6, 7, 0, 7, 0, 9, 0, 7, 9, 0, 6, 10, 7, 0, 0, 0, 0, 6, 10, 8, 0, 0, 0, 0, 8, 0, 7, 0, 7, 9, 0, 7, 9, 0, 0, 9, 8, 5, 0, 0, 0, 7, 0, 6, 0, 0, 8, 0, 0, 6, 5, 0, : 7, 8, 6, 7, 9, 7, 7, 10, 7, 8, 8, 6, 7, 9, 5, 7, 10, 10, 7, 7, 7, 9, 8, 10, 7, 6, 8, 6, 5, 8, 7, 9, 6, 6, 7, 6, 7, 7, 9, 7, 9, 6, 10, 7, 6, 10, 8, 8, 7, 7, 9, 7, 9, 9, 8, 5, 7, 6, 8, 6, 5, 
448: 7, 7, 9, 0, 7, 6, 7, 0, 8, 8, 7, 5, 0, 8, 0, 8, 6, 6, 0, 11, 4, 8, 8, 0, 0, 8, 8, 8, 0, 0, 10, 0, 8, 5, 0, 0, 0, 0, 8, 9, 0, 8, 0, 9, 7, 0, 0, 7, 8, 0, 8, 8, 8, 0, 6, 0, 0, 0, 9, 0, 0, 7, 6, 7, 6, 0, 6, 7, 6, 7, 7, 9, 0, 0, 0, 0, 5, 6, 0, 6, 9, 6, 0, 0, 5, 7, 0, 8, 0, 0, 6, 8, 7, 8, 5, 0, 0, 8, 8, 6, 5, 0, 0, 8, 5, 9, 0, 0, 9, 8, 8, 7, 9, 0, 0, 0, 0, 0, 0, 0, : 7, 7, 9, 7, 6, 7, 8, 8, 7, 5, 8, 8, 6, 6, 11, 4, 8, 8, 8, 8, 8, 10, 8, 5, 8, 9, 8, 9, 7, 7, 8, 8, 8, 8, 6, 9, 7, 6, 7, 6, 6, 7, 6, 7, 7, 9, 5, 6, 6, 9, 6, 5, 7, 8, 6, 8, 7, 8, 5, 8, 8, 6, 5, 8, 5, 9, 9, 8, 8, 7, 9, 
183: 0, 0, 0, 0, 8, 8, 8, 7, 8, 7, 0, 0, 0, 0, 0, 0, 6, 0, 7, 0, 9, 5, 0, 5, 0, 7, 7, 0, 4, 9, 0, 0, 10, 0, 0, 0, 0, 0, 0, 0, 0, 8, 0, 0, 7, 0, 7, 0, 0, 7, 0, 0, 0, 0, 8, 6, 6, 6, 8, 8, 0, 8, 0, 5, 0, 9, 7, 0, 0, 8, 7, 0, 0, 5, 0, 7, 0, 7, 0, 7, 0, 0, 6, 7, 0, 10, 0, 0, 0, 0, 0, 0, 10, 8, 8, 10, 5, 0, 0, 8, 0, 7, 6, 6, 0, 0, 8, 8, 7, 8, 5, 8, 0, 5, 0, 0, 0, 0, 0, 9, : 8, 8, 8, 7, 8, 7, 6, 7, 9, 5, 5, 7, 7, 4, 9, 10, 8, 7, 7, 7, 8, 6, 6, 6, 8, 8, 8, 5, 9, 7, 8, 7, 5, 7, 7, 7, 6, 7, 10, 10, 8, 8, 10, 5, 8, 7, 6, 6, 8, 8, 7, 8, 5, 8, 5, 9, 
232: 8, 10, 0, 0, 0, 0, 0, 8, 0, 9, 7, 0, 0, 0, 0, 9, 9, 8, 7, 6, 0, 0, 6, 0, 9, 0, 0, 0, 0, 0, 0, 6, 0, 0, 0, 0, 0, 7, 0, 0, 0, 0, 5, 0, 0, 0, 0, 0, 0, 0, 0, 0, 8, 8, 7, 8, 8, 0, 0, 10, 0, 7, 0, 10, 0, 10, 0, 9, 7, 7, 8, 0, 0, 7, 8, 0, 6, 10, 0, 9, 0, 0, 9, 5, 9, 0, 6, 7, 0, 8, 0, 6, 0, 0, 8, 0, 0, 0, 6, 0, 10, 10, 7, 6, 0, 10, 7, 7, 7, 8, 9, 6, 5, 0, 5, 0, 0, 0, 0, 7, : 8, 10, 8, 9, 7, 9, 9, 8, 7, 6, 6, 9, 6, 7, 5, 8, 8, 7, 8, 8, 10, 7, 10, 10, 9, 7, 7, 8, 7, 8, 6, 10, 9, 9, 5, 9, 6, 7, 8, 6, 8, 6, 10, 10, 7, 6, 10, 7, 7, 7, 8, 9, 6, 5, 5, 7, 
31: 8, 6, 7, 8, 0, 9, 6, 7, 0, 6, 0, 0, 0, 7, 8, 0, 0, 0, 0, 9, 5, 0, 0, 8, 0, 7, 0, 0, 10, 0, 6, 0, 7, 9, 6, 0, 9, 8, 9, 0, 9, 9, 0, 10, 0, 0, 0, 7, 0, 7, 0, 0, 0, 0, 0, 0, 7, 0, 0, 0, 0, 0, 5, 9, 0, 7, 0, 0, 7, 0, 5, 6, 6, 0, 0, 9, 0, 0, 8, 0, 0, 0, 0, 9, 7, 0, 6, 9, 7, 8, 8, 0, 0, 9, 7, 8, 9, 0, 0, 8, 0, 0, 0, 0, 0, 9, 0, 0, 8, 4, 0, 0, 7, 0, 0, 0, 0, 0, 0, 0, : 8, 6, 7, 8, 9, 6, 7, 6, 7, 8, 9, 5, 8, 7, 10, 6, 7, 9, 6, 9, 8, 9, 9, 9, 10, 7, 7, 7, 5, 9, 7, 7, 5, 6, 6, 9, 8, 9, 7, 6, 9, 7, 8, 8, 9, 7, 8, 9, 8, 9, 8, 4, 7, 
530: 6, 5, 0, 6, 10, 8, 8, 0, 7, 0, 0, 0, 0, 0, 9, 0, 6, 0, 8, 9, 8, 0, 7, 0, 0, 6, 8, 0, 0, 0, 0, 0, 9, 0, 0, 4, 7, 7, 0, 6, 8, 0, 5, 8, 7, 7, 8, 0, 0, 0, 7, 0, 0, 7, 6, 10, 0, 8, 8, 8, 7, 0, 0, 0, 0, 4, 7, 10, 0, 0, 0, 0, 0, 8, 0, 6, 0, 7, 0, 7, 0, 0, 8, 0, 0, 8, 9, 8, 0, 0, 0, 6, 0, 0, 8, 6, 0, 0, 8, 7, 8, 0, 9, 0, 7, 10, 0, 0, 0, 0, 0, 0, 8, 0, 0, 0, 9, 0, 0, 0, : 6, 5, 6, 10, 8, 8, 7, 9, 6, 8, 9, 8, 7, 6, 8, 9, 4, 7, 7, 6, 8, 5, 8, 7, 7, 8, 7, 7, 6, 10, 8, 8, 8, 7, 4, 7, 10, 8, 6, 7, 7, 8, 8, 9, 8, 6, 8, 6, 8, 7, 8, 9, 7, 10, 8, 9, 
519: 0, 0, 0, 6, 5, 7, 0, 5, 7, 0, 8, 9, 7, 0, 7, 0, 5, 0, 8, 8, 10, 8, 0, 4, 7, 7, 7, 8, 6, 0, 5, 6, 8, 7, 8, 0, 0, 9, 9, 0, 0, 0, 0, 7, 7, 8, 0, 0, 8, 8, 6, 0, 6, 6, 8, 6, 8, 8, 8, 7, 7, 7, 0, 10, 8, 7, 0, 0, 7, 6, 0, 5, 0, 10, 0, 0, 0, 5, 6, 0, 9, 9, 0, 0, 0, 7, 9, 0, 8, 0, 0, 0, 0, 0, 7, 0, 0, 8, 6, 8, 0, 9, 8, 0, 0, 7, 7, 7, 7, 8, 9, 6, 9, 0, 8, 8, 0, 9, 7, 8, : 6, 5, 7, 5, 7, 8, 9, 7, 7, 5, 8, 8, 10, 8, 4, 7, 7, 7, 8, 6, 5, 6, 8, 7, 8, 9, 9, 7, 7, 8, 8, 8, 6, 6, 6, 8, 6, 8, 8, 8, 7, 7, 7, 10, 8, 7, 7, 6, 5, 10, 5, 6, 9, 9, 7, 9, 8, 7, 8, 6, 8, 9, 8, 7, 7, 7, 7, 8, 9, 6, 9, 8, 8, 9, 7, 8, 
83: 9, 0, 0, 7, 6, 0, 6, 6, 0, 7, 0, 0, 4, 0, 7, 9, 9, 0, 9, 0, 0, 0, 0, 0, 8, 8, 6, 7, 0, 7, 0, 7, 7, 0, 0, 6, 0, 0, 7, 10, 0, 7, 5, 7, 7, 0, 9, 0, 0, 8, 0, 0, 6, 0, 0, 6, 0, 0, 0, 7, 0, 0, 10, 6, 9, 0, 0, 8, 6, 10, 7, 0, 0, 6, 8, 0, 7, 0, 0, 4, 6, 10, 0, 6, 0, 8, 9, 7, 0, 7, 0, 0, 9, 0, 9, 7, 0, 0, 8, 7, 9, 9, 7, 8, 7, 8, 0, 0, 6, 7, 6, 9, 0, 0, 8, 0, 0, 0, 0, 0, : 9, 7, 6, 6, 6, 7, 4, 7, 9, 9, 9, 8, 8, 6, 7, 7, 7, 7, 6, 7, 10, 7, 5, 7, 7, 9, 8, 6, 6, 7, 10, 6, 9, 8, 6, 10, 7, 6, 8, 7, 4, 6, 10, 6, 8, 9, 7, 7, 9, 9, 7, 8, 7, 9, 9, 7, 8, 7, 8, 6, 7, 6, 9, 8, 
131: 0, 0, 0, 8, 0, 0, 8, 8, 0, 6, 0, 0, 9, 7, 9, 9, 0, 6, 0, 0, 0, 0, 10, 0, 0, 0, 0, 8, 0, 5, 7, 7, 7, 7, 0, 9, 8, 0, 5, 0, 0, 5, 0, 5, 8, 7, 0, 0, 7, 0, 7, 8, 7, 0, 0, 0, 7, 5, 0, 9, 7, 0, 6, 7, 6, 8, 5, 8, 0, 6, 0, 0, 0, 0, 6, 6, 8, 0, 8, 0, 11, 6, 5, 0, 8, 0, 0, 0, 8, 0, 7, 0, 10, 0, 5, 10, 8, 0, 0, 0, 0, 5, 9, 9, 8, 7, 7, 0, 10, 0, 7, 10, 0, 7, 0, 8, 0, 0, 8, 4, : 8, 8, 8, 6, 9, 7, 9, 9, 6, 10, 8, 5, 7, 7, 7, 7, 9, 8, 5, 5, 5, 8, 7, 7, 7, 8, 7, 7, 5, 9, 7, 6, 7, 6, 8, 5, 8, 6, 6, 6, 8, 8, 11, 6, 5, 8, 8, 7, 10, 5, 10, 8, 5, 9, 9, 8, 7, 7, 10, 7, 10, 7, 8, 8, 4, 
176: 0, 8, 10, 8, 0, 0, 9, 0, 6, 8, 8, 0, 7, 0, 7, 7, 7, 0, 0, 9, 7, 0, 0, 9, 7, 0, 4, 7, 0, 8, 0, 7, 0, 7, 0, 0, 0, 0, 0, 6, 7, 7, 9, 0, 7, 8, 7, 0, 0, 6, 8, 0, 9, 6, 8, 0, 0, 0, 0, 5, 0, 9, 7, 0, 0, 0, 10, 0, 0, 6, 0, 7, 0, 6, 0, 6, 0, 9, 5, 0, 8, 0, 0, 6, 6, 0, 0, 5, 5, 7, 0, 8, 7, 0, 8, 0, 0, 6, 6, 6, 0, 6, 0, 8, 6, 7, 9, 7, 0, 5, 0, 7, 7, 6, 6, 4, 8, 7, 0, 10, : 8, 10, 8, 9, 6, 8, 8, 7, 7, 7, 7, 9, 7, 9, 7, 4, 7, 8, 7, 7, 6, 7, 7, 9, 7, 8, 7, 6, 8, 9, 6, 8, 5, 9, 7, 10, 6, 7, 6, 6, 9, 5, 8, 6, 6, 5, 5, 7, 8, 7, 8, 6, 6, 6, 6, 8, 6, 7, 9, 7, 5, 7, 7, 6, 6, 4, 8, 7, 10, 
420: 0, 7, 0, 0, 6, 9, 0, 0, 0, 0, 0, 7, 0, 9, 9, 0, 0, 0, 0, 0, 10, 8, 6, 0, 0, 9, 5, 9, 8, 8, 0, 5, 0, 8, 0, 0, 8, 0, 8, 8, 9, 0, 7, 9, 8, 6, 7, 7, 7, 7, 0, 6, 0, 7, 0, 8, 0, 7, 7, 0, 7, 0, 0, 0, 0, 7, 9, 0, 0, 0, 7, 0, 0, 0, 0, 0, 9, 0, 6, 0, 0, 0, 0, 7, 0, 0, 7, 7, 8, 0, 10, 0, 0, 0, 6, 0, 0, 8, 5, 6, 10, 7, 5, 4, 8, 10, 9, 9, 5, 8, 8, 8, 0, 6, 0, 0, 9, 0, 8, 0, : 7, 6, 9, 7, 9, 9, 10, 8, 6, 9, 5, 9, 8, 8, 5, 8, 8, 8, 8, 9, 7, 9, 8, 6, 7, 7, 7, 7, 6, 7, 8, 7, 7, 7, 7, 9, 7, 9, 6, 7, 7, 7, 8, 10, 6, 8, 5, 6, 10, 7, 5, 4, 8, 10, 9, 9, 5, 8, 8, 8, 6, 9, 8, 
478: 0, 0, 5, 0, 9, 7, 8, 6, 8, 0, 0, 8, 0, 8, 0, 7, 9, 0, 0, 0, 0, 10, 7, 0, 0, 8, 9, 0, 8, 0, 6, 0, 0, 0, 5, 0, 9, 0, 0, 6, 9, 0, 7, 8, 5, 0, 0, 7, 7, 0, 6, 9, 0, 8, 0, 7, 0, 9, 7, 8, 0, 0, 7, 0, 6, 0, 0, 8, 5, 6, 6, 9, 7, 5, 0, 0, 0, 7, 8, 0, 7, 7, 7, 10, 0, 7, 0, 0, 4, 0, 0, 9, 6, 7, 7, 0, 0, 0, 0, 6, 0, 7, 8, 0, 8, 0, 8, 0, 9, 0, 0, 0, 0, 8, 0, 7, 6, 6, 0, 0, : 5, 9, 7, 8, 6, 8, 8, 8, 7, 9, 10, 7, 8, 9, 8, 6, 5, 9, 6, 9, 7, 8, 5, 7, 7, 6, 9, 8, 7, 9, 7, 8, 7, 6, 8, 5, 6, 6, 9, 7, 5, 7, 8, 7, 7, 7, 10, 7, 4, 9, 6, 7, 7, 6, 7, 8, 8, 8, 9, 8, 7, 6, 6, 
508: 0, 7, 9, 0, 7, 10, 0, 0, 0, 8, 0, 10, 7, 0, 8, 0, 0, 0, 0, 0, 4, 0, 0, 7, 0, 5, 0, 0, 0, 7, 5, 10, 0, 8, 11, 0, 0, 0, 7, 0, 0, 0, 0, 7, 10, 0, 0, 0, 0, 0, 0, 9, 7, 7, 7, 0, 0, 0, 7, 8, 0, 0, 0, 0, 8, 0, 0, 6, 8, 7, 7, 0, 6, 5, 0, 7, 0, 7, 0, 6, 0, 9, 6, 0, 8, 7, 7, 0, 8, 0, 10, 0, 6, 0, 6, 0, 10, 0, 0, 0, 8, 0, 7, 0, 8, 0, 9, 6, 0, 0, 0, 7, 0, 9, 0, 7, 9, 0, 0, 9, : 7, 9, 7, 10, 8, 10, 7, 8, 4, 7, 5, 7, 5, 10, 8, 11, 7, 7, 10, 9, 7, 7, 7, 7, 8, 8, 6, 8, 7, 7, 6, 5, 7, 7, 6, 9, 6, 8, 7, 7, 8, 10, 6, 6, 10, 8, 7, 8, 9, 6, 7, 9, 7, 9, 9, 
198: 7, 0, 7, 0, 7, 7, 0, 6, 0, 0, 7, 0, 0, 0, 9, 0, 7, 0, 9, 0, 0, 0, 10, 8, 4, 0, 0, 8, 0, 7, 6, 6, 5, 9, 0, 9, 0, 10, 9, 7, 0, 0, 7, 0, 0, 0, 9, 8, 7, 7, 7, 9, 0, 0, 0, 0, 0, 0, 0, 0, 0, 7, 0, 0, 0, 6, 0, 0, 7, 0, 7, 8, 8, 7, 0, 8, 8, 0, 0, 0, 5, 6, 0, 0, 0, 8, 7, 0, 9, 7, 5, 0, 6, 7, 0, 0, 8, 0, 5, 0, 7, 8, 10, 0, 0, 0, 0, 0, 0, 8, 6, 0, 0, 10, 9, 8, 0, 4, 7, 0, : 7, 7, 7, 7, 6, 7, 9, 7, 9, 10, 8, 4, 8, 7, 6, 6, 5, 9, 9, 10, 9, 7, 7, 9, 8, 7, 7, 7, 9, 7, 6, 7, 7, 8, 8, 7, 8, 8, 5, 6, 8, 7, 9, 7, 5, 6, 7, 8, 5, 7, 8, 10, 8, 6, 10, 9, 8, 4, 7, 
336: 5, 9, 8, 8, 0, 7, 0, 8, 8, 0, 8, 0, 0, 6, 6, 7, 8, 9, 7, 0, 9, 6, 0, 8, 6, 6, 0, 0, 0, 0, 10, 5, 6, 0, 7, 7, 0, 6, 7, 5, 0, 9, 0, 9, 5, 5, 0, 0, 7, 6, 0, 0, 0, 8, 0, 0, 0, 0, 0, 0, 0, 5, 0, 7, 6, 0, 8, 7, 0, 6, 6, 0, 0, 0, 6, 0, 0, 0, 7, 6, 0, 7, 0, 7, 8, 6, 0, 6, 0, 0, 0, 0, 8, 9, 7, 6, 0, 0, 0, 0, 0, 0, 0, 0, 0, 9, 0, 8, 8, 0, 10, 7, 9, 7, 9, 6, 9, 7, 0, 5, : 5, 9, 8, 8, 7, 8, 8, 8, 6, 6, 7, 8, 9, 7, 9, 6, 8, 6, 6, 10, 5, 6, 7, 7, 6, 7, 5, 9, 9, 5, 5, 7, 6, 8, 5, 7, 6, 8, 7, 6, 6, 6, 7, 6, 7, 7, 8, 6, 6, 8, 9, 7, 6, 9, 8, 8, 10, 7, 9, 7, 9, 6, 9, 7, 5, 
434: 0, 0, 8, 7, 9, 0, 5, 7, 0, 7, 8, 6, 0, 0, 5, 6, 7, 8, 9, 0, 7, 5, 0, 0, 9, 0, 0, 6, 8, 11, 0, 0, 6, 6, 0, 7, 0, 8, 0, 0, 7, 8, 0, 7, 0, 0, 8, 0, 0, 6, 0, 0, 7, 0, 0, 9, 7, 0, 0, 0, 9, 10, 7, 6, 6, 6, 10, 0, 0, 7, 7, 0, 0, 7, 7, 9, 0, 7, 7, 0, 6, 0, 0, 0, 0, 7, 8, 6, 0, 0, 8, 8, 0, 0, 0, 10, 0, 0, 0, 9, 8, 0, 0, 0, 0, 7, 0, 7, 0, 8, 0, 6, 6, 0, 5, 0, 0, 11, 8, 8, : 8, 7, 9, 5, 7, 7, 8, 6, 5, 6, 7, 8, 9, 7, 5, 9, 6, 8, 11, 6, 6, 7, 8, 7, 8, 7, 8, 6, 7, 9, 7, 9, 10, 7, 6, 6, 6, 10, 7, 7, 7, 7, 9, 7, 7, 6, 7, 8, 6, 8, 8, 10, 9, 8, 7, 7, 8, 6, 6, 5, 11, 8, 8, 
571: 0, 0, 9, 0, 6, 0, 7, 0, 0, 0, 6, 8, 8, 0, 0, 0, 8, 0, 7, 8, 0, 0, 0, 8, 0, 9, 8, 0, 7, 7, 0, 0, 9, 0, 0, 7, 0, 0, 0, 7, 7, 8, 0, 8, 0, 0, 0, 6, 0, 5, 0, 0, 0, 0, 6, 0, 0, 0, 0, 0, 7, 8, 7, 7, 0, 0, 7, 7, 10, 8, 11, 10, 0, 0, 0, 7, 0, 0, 6, 9, 8, 0, 8, 0, 0, 0, 0, 0, 7, 8, 7, 10, 0, 0, 0, 8, 0, 0, 6, 0, 5, 7, 0, 0, 0, 8, 8, 0, 0, 0, 0, 0, 7, 7, 7, 4, 0, 6, 9, 0, : 9, 6, 7, 6, 8, 8, 8, 7, 8, 8, 9, 8, 7, 7, 9, 7, 7, 7, 8, 8, 6, 5, 6, 7, 8, 7, 7, 7, 7, 10, 8, 11, 10, 7, 6, 9, 8, 8, 7, 8, 7, 10, 8, 6, 5, 7, 8, 8, 7, 7, 7, 4, 6, 9, 
457: 6, 0, 7, 8, 0, 7, 8, 0, 7, 8, 0, 7, 10, 9, 0, 8, 0, 9, 0, 0, 0, 0, 7, 0, 0, 0, 9, 9, 0, 0, 0, 6, 9, 0, 0, 8, 8, 0, 9, 0, 0, 7, 7, 8, 0, 0, 0, 0, 6, 0, 0, 0, 8, 0, 7, 8, 0, 6, 7, 7, 9, 8, 6, 8, 7, 9, 0, 0, 6, 0, 0, 0, 0, 10, 8, 0, 9, 0, 8, 0, 7, 6, 0, 0, 8, 7, 0, 7, 0, 8, 6, 8, 0, 0, 10, 0, 0, 0, 9, 6, 0, 9, 0, 8, 8, 0, 0, 0, 0, 0, 9, 0, 8, 0, 6, 0, 0, 0, 0, 0, : 6, 7, 8, 7, 8, 7, 8, 7, 10, 9, 8, 9, 7, 9, 9, 6, 9, 8, 8, 9, 7, 7, 8, 6, 8, 7, 8, 6, 7, 7, 9, 8, 6, 8, 7, 9, 6, 10, 8, 9, 8, 7, 6, 8, 7, 7, 8, 6, 8, 10, 9, 6, 9, 8, 8, 9, 8, 6, 
510: 7, 0, 9, 0, 0, 8, 0, 8, 8, 8, 8, 0, 0, 7, 7, 0, 0, 0, 8, 7, 0, 0, 8, 0, 4, 0, 8, 10, 0, 6, 0, 0, 0, 0, 0, 6, 0, 0, 8, 0, 0, 4, 5, 0, 4, 7, 7, 8, 5, 6, 9, 0, 9, 0, 0, 0, 0, 0, 0, 10, 8, 0, 0, 4, 0, 10, 0, 7, 0, 7, 0, 10, 9, 0, 0, 0, 0, 0, 9, 8, 0, 7, 0, 7, 8, 7, 8, 0, 0, 7, 0, 0, 0, 0, 0, 5, 8, 6, 0, 0, 7, 0, 10, 0, 8, 7, 0, 10, 7, 0, 8, 0, 7, 9, 0, 8, 6, 0, 8, 0, : 7, 9, 8, 8, 8, 8, 8, 7, 7, 8, 7, 8, 4, 8, 10, 6, 6, 8, 4, 5, 4, 7, 7, 8, 5, 6, 9, 9, 10, 8, 4, 10, 7, 7, 10, 9, 9, 8, 7, 7, 8, 7, 8, 7, 5, 8, 6, 7, 10, 8, 7, 10, 7, 8, 7, 9, 8, 6, 8, 
4: 6, 10, 0, 7, 0, 0, 7, 0, 8, 0, 9, 0, 9, 7, 9, 8, 6, 7, 0, 9, 0, 0, 0, 7, 8, 0, 6, 0, 0, 0, 10, 0, 6, 10, 0, 0, 7, 8, 0, 6, 8, 8, 0, 0, 0, 0, 9, 11, 9, 0, 0, 8, 0, 7, 7, 0, 7, 8, 0, 0, 0, 9, 6, 7, 7, 8, 0, 7, 0, 7, 8, 0, 0, 7, 5, 0, 0, 0, 8, 5, 9, 0, 5, 5, 0, 0, 0, 0, 0, 7, 0, 6, 0, 0, 0, 0, 7, 0, 10, 7, 0, 5, 0, 8, 5, 7, 6, 0, 8, 0, 0, 0, 0, 0, 0, 0, 0, 9, 9, 0, : 6, 10, 7, 7, 8, 9, 9, 7, 9, 8, 6, 7, 9, 7, 8, 6, 10, 6, 10, 7, 8, 6, 8, 8, 9, 11, 9, 8, 7, 7, 7, 8, 9, 6, 7, 7, 8, 7, 7, 8, 7, 5, 8, 5, 9, 5, 5, 7, 6, 7, 10, 7, 5, 8, 5, 7, 6, 8, 9, 9, 
317: 8, 9, 0, 0, 0, 0, 5, 0, 9, 0, 0, 0, 0, 6, 0, 10, 9, 0, 10, 6, 7, 0, 7, 0, 0, 0, 0, 8, 7, 8, 9, 0, 6, 0, 0, 0, 0, 9, 0, 0, 8, 8, 0, 0, 5, 0, 0, 7, 6, 0, 11, 9, 7, 0, 0, 0, 0, 8, 0, 0, 0, 0, 0, 0, 9, 10, 6, 7, 0, 0, 0, 10, 0, 7, 0, 9, 7, 0, 9, 0, 0, 7, 0, 9, 7, 6, 7, 7, 7, 7, 0, 7, 0, 6, 0, 7, 0, 0, 0, 0, 0, 8, 7, 7, 8, 0, 0, 9, 0, 8, 5, 8, 9, 0, 0, 6, 0, 0, 0, 0, : 8, 9, 5, 9, 6, 10, 9, 10, 6, 7, 7, 8, 7, 8, 9, 6, 9, 8, 8, 5, 7, 6, 11, 9, 7, 8, 9, 10, 6, 7, 10, 7, 9, 7, 9, 7, 9, 7, 6, 7, 7, 7, 7, 7, 6, 7, 8, 7, 7, 8, 9, 8, 5, 8, 9, 6, 
593: 8, 7, 6, 0, 10, 0, 7, 0, 8, 5, 7, 0, 0, 0, 0, 10, 0, 7, 6, 0, 11, 8, 0, 6, 0, 5, 0, 0, 6, 5, 0, 8, 5, 9, 0, 8, 6, 7, 0, 7, 7, 0, 0, 0, 7, 8, 8, 5, 6, 0, 6, 0, 0, 0, 8, 0, 0, 0, 6, 0, 7, 9, 0, 0, 10, 9, 0, 9, 8, 0, 0, 0, 8, 7, 7, 7, 8, 8, 0, 0, 0, 6, 0, 0, 0, 0, 6, 9, 7, 0, 0, 0, 7, 10, 6, 0, 9, 7, 6, 0, 0, 0, 0, 0, 0, 0, 6, 5, 5, 6, 0, 7, 0, 0, 8, 0, 0, 6, 0, 0, : 8, 7, 6, 10, 7, 8, 5, 7, 10, 7, 6, 11, 8, 6, 5, 6, 5, 8, 5, 9, 8, 6, 7, 7, 7, 7, 8, 8, 5, 6, 6, 8, 6, 7, 9, 10, 9, 9, 8, 8, 7, 7, 7, 8, 8, 6, 6, 9, 7, 7, 10, 6, 9, 7, 6, 6, 5, 5, 6, 7, 8, 6, 
100: 0, 7, 0, 0, 6, 0, 8, 8, 8, 0, 7, 0, 9, 8, 0, 9, 0, 6, 4, 7, 8, 6, 0, 6, 0, 9, 7, 0, 7, 0, 0, 5, 0, 0, 0, 0, 4, 7, 8, 6, 8, 0, 8, 7, 9, 0, 7, 8, 8, 0, 4, 6, 4, 7, 7, 0, 6, 0, 5, 0, 6, 7, 6, 8, 8, 7, 0, 0, 9, 9, 8, 6, 6, 0, 0, 10, 0, 9, 0, 0, 9, 0, 6, 0, 0, 0, 0, 0, 0, 7, 0, 10, 7, 0, 7, 0, 6, 0, 4, 0, 0, 7, 0, 8, 0, 0, 7, 7, 0, 8, 4, 9, 0, 5, 7, 8, 0, 8, 0, 8, : 7, 6, 8, 8, 8, 7, 9, 8, 9, 6, 4, 7, 8, 6, 6, 9, 7, 7, 5, 4, 7, 8, 6, 8, 8, 7, 9, 7, 8, 8, 4, 6, 4, 7, 7, 6, 5, 6, 7, 6, 8, 8, 7, 9, 9, 8, 6, 6, 10, 9, 9, 6, 7, 10, 7, 7, 6, 4, 7, 8, 7, 7, 8, 4, 9, 5, 7, 8, 8, 8, 
204: 9, 9, 0, 7, 6, 8, 0, 0, 0, 6, 0, 0, 0, 9, 7, 0, 0, 0, 5, 8, 8, 7, 9, 8, 0, 0, 9, 7, 0, 9, 0, 6, 0, 10, 9, 0, 0, 5, 0, 0, 0, 0, 8, 7, 8, 0, 0, 7, 9, 0, 7, 6, 7, 8, 7, 0, 8, 0, 9, 0, 8, 7, 5, 0, 0, 0, 7, 0, 0, 0, 0, 0, 0, 0, 0, 7, 0, 0, 0, 8, 6, 9, 8, 5, 0, 0, 9, 8, 6, 6, 0, 0, 0, 0, 0, 0, 9, 0, 8, 6, 8, 6, 0, 0, 0, 6, 8, 0, 9, 8, 0, 9, 0, 0, 7, 9, 7, 0, 5, 0, : 9, 9, 7, 6, 8, 6, 9, 7, 5, 8, 8, 7, 9, 8, 9, 7, 9, 6, 10, 9, 5, 8, 7, 8, 7, 9, 7, 6, 7, 8, 7, 8, 9, 8, 7, 5, 7, 7, 8, 6, 9, 8, 5, 9, 8, 6, 6, 9, 8, 6, 8, 6, 6, 8, 9, 8, 9, 7, 9, 7, 5, 
526: 0, 6, 8, 8, 0, 8, 8, 0, 6, 0, 8, 10, 8, 0, 7, 6, 8, 0, 0, 9, 7, 0, 0, 0, 7, 0, 0, 0, 6, 8, 8, 10, 7, 11, 9, 0, 0, 0, 0, 7, 0, 8, 5, 0, 8, 7, 6, 0, 6, 0, 9, 7, 0, 4, 9, 0, 0, 6, 7, 7, 8, 6, 0, 7, 0, 8, 6, 0, 9, 7, 9, 6, 7, 7, 5, 8, 0, 9, 0, 7, 6, 0, 0, 0, 10, 0, 8, 9, 0, 8, 0, 0, 0, 0, 0, 0, 0, 7, 0, 9, 0, 0, 0, 0, 8, 8, 0, 5, 0, 10, 7, 6, 5, 0, 0, 9, 0, 0, 0, 0, : 6, 8, 8, 8, 8, 6, 8, 10, 8, 7, 6, 8, 9, 7, 7, 6, 8, 8, 10, 7, 11, 9, 7, 8, 5, 8, 7, 6, 6, 9, 7, 4, 9, 6, 7, 7, 8, 6, 7, 8, 6, 9, 7, 9, 6, 7, 7, 5, 8, 9, 7, 6, 10, 8, 9, 8, 7, 9, 8, 8, 5, 10, 7, 6, 5, 9, 
257: 0, 5, 10, 10, 0, 0, 8, 9, 0, 0, 0, 0, 7, 9, 7, 0, 5, 0, 7, 0, 7, 8, 9, 0, 9, 8, 8, 0, 9, 9, 0, 0, 0, 8, 10, 8, 0, 0, 0, 0, 8, 0, 5, 0, 0, 8, 8, 8, 0, 9, 0, 8, 9, 0, 9, 9, 8, 0, 8, 0, 0, 0, 8, 6, 0, 0, 0, 0, 9, 8, 0, 9, 8, 6, 0, 5, 0, 0, 0, 8, 0, 0, 7, 9, 7, 8, 0, 7, 6, 7, 6, 7, 9, 0, 6, 0, 9, 9, 0, 0, 0, 0, 0, 8, 6, 0, 5, 0, 0, 0, 9, 7, 0, 5, 5, 0, 0, 6, 8, 7, : 5, 10, 10, 8, 9, 7, 9, 7, 5, 7, 7, 8, 9, 9, 8, 8, 9, 9, 8, 10, 8, 8, 5, 8, 8, 8, 9, 8, 9, 9, 9, 8, 8, 8, 6, 9, 8, 9, 8, 6, 5, 8, 7, 9, 7, 8, 7, 6, 7, 6, 7, 9, 6, 9, 9, 8, 6, 5, 9, 7, 5, 5, 6, 8, 7, 
368: 8, 8, 0, 7, 7, 9, 0, 0, 5, 0, 6, 8, 0, 8, 0, 7, 0, 0, 8, 0, 0, 0, 7, 8, 5, 0, 5, 0, 7, 0, 0, 0, 8, 0, 0, 5, 9, 0, 5, 0, 8, 0, 0, 7, 0, 0, 8, 0, 5, 0, 8, 0, 7, 0, 8, 7, 6, 7, 10, 6, 7, 0, 0, 8, 9, 0, 0, 0, 8, 9, 6, 0, 7, 0, 8, 9, 7, 7, 10, 0, 9, 0, 7, 8, 7, 0, 7, 10, 8, 0, 9, 9, 6, 7, 0, 0, 0, 0, 0, 9, 6, 0, 6, 7, 7, 0, 0, 9, 0, 6, 0, 0, 0, 0, 0, 10, 0, 0, 0, 0, : 8, 8, 7, 7, 9, 5, 6, 8, 8, 7, 8, 7, 8, 5, 5, 7, 8, 5, 9, 5, 8, 7, 8, 5, 8, 7, 8, 7, 6, 7, 10, 6, 7, 8, 9, 8, 9, 6, 7, 8, 9, 7, 7, 10, 9, 7, 8, 7, 7, 10, 8, 9, 9, 6, 7, 9, 6, 6, 7, 7, 9, 6, 10, 
495: 8, 6, 7, 0, 0, 0, 0, 0, 0, 0, 9, 8, 7, 0, 4, 0, 0, 5, 6, 0, 6, 7, 9, 0, 9, 0, 8, 0, 6, 6, 8, 0, 9, 7, 10, 0, 0, 0, 6, 0, 0, 0, 0, 6, 0, 0, 6, 7, 8, 0, 8, 0, 8, 7, 0, 0, 0, 0, 6, 6, 8, 0, 10, 0, 0, 0, 0, 0, 0, 8, 7, 0, 0, 9, 0, 0, 0, 0, 0, 7, 7, 0, 8, 0, 6, 0, 0, 8, 10, 0, 0, 6, 7, 8, 10, 0, 7, 8, 0, 0, 0, 7, 0, 0, 0, 7, 10, 5, 9, 0, 10, 0, 0, 8, 0, 0, 7, 8, 7, 8, : 8, 6, 7, 9, 8, 7, 4, 5, 6, 6, 7, 9, 9, 8, 6, 6, 8, 9, 7, 10, 6, 6, 6, 7, 8, 8, 8, 7, 6, 6, 8, 10, 8, 7, 9, 7, 7, 8, 6, 8, 10, 6, 7, 8, 10, 7, 8, 7, 7, 10, 5, 9, 10, 8, 7, 8, 7, 8, 
386: 0, 0, 0, 0, 0, 0, 6, 8, 8, 0, 8, 8, 0, 8, 10, 0, 7, 0, 7, 9, 7, 7, 8, 9, 0, 4, 0, 0, 0, 0, 0, 0, 0, 0, 8, 8, 0, 7, 7, 7, 0, 7, 7, 10, 0, 0, 6, 0, 0, 5, 9, 0, 0, 6, 0, 0, 7, 0, 7, 0, 8, 0, 0, 0, 0, 7, 0, 0, 5, 0, 5, 9, 0, 5, 0, 6, 0, 10, 8, 0, 8, 7, 7, 0, 7, 7, 0, 5, 0, 0, 7, 8, 7, 7, 0, 0, 0, 0, 7, 10, 8, 9, 0, 0, 0, 0, 7, 7, 0, 0, 8, 0, 4, 7, 7, 7, 0, 7, 4, 0, : 6, 8, 8, 8, 8, 8, 10, 7, 7, 9, 7, 7, 8, 9, 4, 8, 8, 7, 7, 7, 7, 7, 10, 6, 5, 9, 6, 7, 7, 8, 7, 5, 5, 9, 5, 6, 10, 8, 8, 7, 7, 7, 7, 5, 7, 8, 7, 7, 7, 10, 8, 9, 7, 7, 8, 4, 7, 7, 7, 7, 4, 
233: 0, 6, 7, 7, 0, 0, 0, 8, 5, 10, 0, 8, 0, 9, 0, 8, 0, 10, 6, 8, 0, 7, 0, 6, 9, 7, 8, 0, 0, 6, 10, 0, 7, 7, 6, 0, 6, 0, 7, 7, 7, 0, 0, 5, 9, 0, 0, 0, 7, 0, 7, 6, 0, 0, 7, 7, 9, 6, 0, 0, 0, 7, 7, 6, 0, 7, 0, 0, 0, 0, 0, 0, 0, 0, 0, 5, 0, 7, 0, 0, 6, 8, 8, 0, 7, 0, 9, 7, 0, 7, 9, 10, 0, 7, 7, 6, 9, 5, 0, 0, 8, 6, 8, 0, 7, 0, 5, 0, 0, 0, 7, 0, 6, 0, 6, 9, 7, 0, 0, 8, : 6, 7, 7, 8, 5, 10, 8, 9, 8, 10, 6, 8, 7, 6, 9, 7, 8, 6, 10, 7, 7, 6, 6, 7, 7, 7, 5, 9, 7, 7, 6, 7, 7, 9, 6, 7, 7, 6, 7, 5, 7, 6, 8, 8, 7, 9, 7, 7, 9, 10, 7, 7, 6, 9, 5, 8, 6, 8, 7, 5, 7, 6, 6, 9, 7, 8, 
392: 0, 7, 0, 7, 0, 0, 9, 4, 7, 8, 7, 7, 9, 9, 0, 7, 0, 9, 8, 5, 9, 7, 9, 0, 0, 5, 0, 8, 0, 0, 8, 9, 0, 0, 9, 7, 7, 0, 10, 0, 8, 7, 8, 0, 0, 0, 0, 0, 6, 0, 0, 0, 0, 7, 0, 8, 0, 7, 6, 8, 8, 8, 0, 0, 0, 0, 7, 7, 0, 0, 0, 8, 9, 0, 7, 7, 8, 9, 0, 6, 7, 5, 0, 0, 9, 8, 0, 0, 0, 0, 0, 0, 0, 7, 0, 8, 10, 0, 0, 8, 0, 7, 7, 7, 0, 0, 0, 0, 5, 0, 0, 9, 0, 0, 0, 9, 9, 11, 7, 6, : 7, 7, 9, 4, 7, 8, 7, 7, 9, 9, 7, 9, 8, 5, 9, 7, 9, 5, 8, 8, 9, 9, 7, 7, 10, 8, 7, 8, 6, 7, 8, 7, 6, 8, 8, 8, 7, 7, 8, 9, 7, 7, 8, 9, 6, 7, 5, 9, 8, 7, 8, 10, 8, 7, 7, 7, 5, 9, 9, 9, 11, 7, 6, 
415: 0, 6, 0, 7, 7, 0, 0, 0, 0, 7, 7, 7, 0, 7, 0, 0, 0, 0, 0, 9, 7, 5, 7, 0, 5, 10, 0, 0, 9, 0, 0, 8, 8, 7, 0, 0, 8, 5, 0, 8, 8, 5, 6, 0, 0, 8, 7, 8, 0, 9, 0, 0, 7, 8, 0, 0, 0, 11, 9, 0, 0, 9, 0, 0, 7, 0, 9, 0, 0, 0, 0, 6, 0, 8, 7, 0, 7, 0, 0, 0, 0, 8, 8, 9, 0, 6, 7, 7, 0, 0, 8, 0, 0, 7, 8, 0, 5, 0, 9, 8, 9, 5, 7, 0, 0, 10, 0, 0, 7, 0, 0, 0, 0, 7, 0, 7, 0, 6, 0, 8, : 6, 7, 7, 7, 7, 7, 7, 9, 7, 5, 7, 5, 10, 9, 8, 8, 7, 8, 5, 8, 8, 5, 6, 8, 7, 8, 9, 7, 8, 11, 9, 9, 7, 9, 6, 8, 7, 7, 8, 8, 9, 6, 7, 7, 8, 7, 8, 5, 9, 8, 9, 5, 7, 10, 7, 7, 7, 6, 8, 
234: 0, 0, 0, 6, 8, 0, 6, 7, 0, 0, 0, 6, 4, 0, 6, 9, 5, 0, 0, 5, 6, 8, 4, 6, 0, 7, 6, 0, 0, 6, 8, 0, 10, 9, 0, 7, 7, 10, 7, 0, 0, 9, 8, 5, 0, 8, 0, 8, 0, 0, 8, 0, 0, 0, 0, 8, 7, 7, 9, 7, 0, 8, 7, 0, 0, 0, 0, 8, 0, 7, 6, 0, 0, 0, 6, 6, 8, 8, 10, 6, 7, 0, 0, 7, 0, 0, 0, 8, 0, 0, 6, 7, 7, 6, 0, 7, 6, 5, 0, 8, 0, 0, 0, 7, 10, 8, 6, 0, 6, 0, 9, 0, 0, 7, 8, 0, 0, 8, 7, 6, : 6, 8, 6, 7, 6, 4, 6, 9, 5, 5, 6, 8, 4, 6, 7, 6, 6, 8, 10, 9, 7, 7, 10, 7, 9, 8, 5, 8, 8, 8, 8, 7, 7, 9, 7, 8, 7, 8, 7, 6, 6, 6, 8, 8, 10, 6, 7, 7, 8, 6, 7, 7, 6, 7, 6, 5, 8, 7, 10, 8, 6, 6, 9, 7, 8, 8, 7, 6, 
98: 7, 6, 0, 0, 0, 6, 0, 8, 8, 8, 8, 7, 0, 0, 0, 4, 0, 0, 0, 8, 9, 0, 5, 0, 7, 4, 7, 0, 7, 0, 8, 0, 0, 0, 0, 5, 0, 7, 0, 0, 0, 6, 0, 7, 9, 8, 8, 7, 7, 0, 0, 7, 0, 0, 0, 6, 0, 7, 0, 0, 8, 0, 0, 7, 0, 0, 7, 6, 9, 0, 0, 0, 0, 0, 7, 0, 0, 8, 0, 6, 7, 7, 0, 8, 7, 0, 0, 0, 0, 0, 0, 0, 0, 6, 0, 7, 7, 6, 8, 7, 9, 0, 0, 7, 0, 8, 8, 6, 0, 7, 0, 8, 0, 8, 0, 5, 7, 0, 0, 0, : 7, 6, 6, 8, 8, 8, 8, 7, 4, 8, 9, 5, 7, 4, 7, 7, 8, 5, 7, 6, 7, 9, 8, 8, 7, 7, 7, 6, 7, 8, 7, 7, 6, 9, 7, 8, 6, 7, 7, 8, 7, 6, 7, 7, 6, 8, 7, 9, 7, 8, 8, 6, 7, 8, 8, 5, 7, 


80: 0, 9, 0, 8, 0, 6, 7, 6, 9, 10, 0, 0, 6, 0, 0, 7, 7, 7, 0, 8, 8, 8, 9, 0, 5, 0, 7, 6, 0, 7, 7, 5, 9, 9, 0, 0, 9, 6, 8, 6, 8, 7, 5, 11, 0, 7, 8, 0, 6, 7, 0, 0, 0, 4, 8, 7, 9, 6, 7, 0, 0, 0, 0, 7, 9, 10, 0, 8, 0, 0, 0, 0, 6, 8, 7, 0, 8, 0, 5, 6, 0, 7, 6, 9, 7, 6, 0, 8, 0, 0, 0, 0, 0, 0, 8, 0, 0, 0, 0, 8, 0, 8, 0, 8, 7, 9, 0, 6, 0, 0, 10, 7, 6, 6, 6, 9, 0, 0, 8, 0, : 9, 8, 6, 7, 6, 9, 10, 6, 7, 7, 7, 8, 8, 8, 9, 5, 7, 6, 7, 7, 5, 9, 9, 9, 6, 8, 6, 8, 7, 5, 11, 7, 8, 6, 7, 4, 8, 7, 9, 6, 7, 7, 9, 10, 8, 6, 8, 7, 8, 5, 6, 7, 6, 9, 7, 6, 8, 8, 8, 8, 8, 7, 9, 6, 10, 7, 6, 6, 6, 9, 8, 
82: 0, 0, 0, 7, 0, 0, 0, 11, 0, 0, 0, 9, 9, 7, 0, 6, 0, 9, 0, 0, 0, 9, 0, 8, 0, 7, 0, 0, 6, 8, 8, 0, 6, 0, 0, 7, 0, 0, 8, 8, 9, 5, 7, 0, 8, 0, 0, 0, 7, 9, 11, 9, 6, 7, 7, 9, 7, 7, 8, 0, 7, 0, 0, 0, 0, 0, 8, 0, 5, 0, 0, 9, 7, 8, 7, 5, 6, 7, 0, 7, 0, 9, 6, 0, 9, 0, 7, 0, 5, 0, 0, 0, 6, 0, 0, 8, 0, 4, 7, 4, 0, 7, 0, 6, 0, 0, 0, 0, 7, 6, 8, 9, 7, 0, 5, 0, 8, 0, 0, 8, : 7, 11, 9, 9, 7, 6, 9, 9, 8, 7, 6, 8, 8, 6, 7, 8, 8, 9, 5, 7, 8, 7, 9, 11, 9, 6, 7, 7, 9, 7, 7, 8, 7, 8, 5, 9, 7, 8, 7, 5, 6, 7, 7, 9, 6, 9, 7, 5, 6, 8, 4, 7, 4, 7, 6, 7, 6, 8, 9, 7, 5, 8, 8, 
154: 0, 0, 0, 8, 0, 8, 0, 0, 0, 9, 0, 8, 0, 0, 7, 5, 8, 0, 6, 0, 0, 7, 9, 7, 8, 7, 9, 7, 9, 0, 7, 8, 0, 6, 5, 6, 0, 0, 8, 0, 6, 0, 9, 9, 6, 0, 5, 0, 0, 6, 0, 0, 7, 8, 8, 0, 7, 7, 0, 7, 0, 8, 9, 8, 0, 7, 0, 0, 0, 10, 0, 9, 8, 0, 0, 9, 7, 8, 0, 9, 7, 9, 9, 8, 7, 0, 4, 7, 8, 0, 9, 5, 7, 0, 8, 0, 9, 5, 7, 0, 10, 9, 7, 6, 0, 9, 0, 0, 6, 7, 0, 0, 0, 10, 7, 8, 0, 8, 0, 0, : 8, 8, 9, 8, 7, 5, 8, 6, 7, 9, 7, 8, 7, 9, 7, 9, 7, 8, 6, 5, 6, 8, 6, 9, 9, 6, 5, 6, 7, 8, 8, 7, 7, 7, 8, 9, 8, 7, 10, 9, 8, 9, 7, 8, 9, 7, 9, 9, 8, 7, 4, 7, 8, 9, 5, 7, 8, 9, 5, 7, 10, 9, 7, 6, 9, 6, 7, 10, 7, 8, 8, 
242: 0, 10, 7, 0, 6, 0, 0, 10, 0, 0, 9, 7, 8, 0, 0, 7, 0, 0, 10, 7, 7, 8, 0, 7, 6, 0, 8, 6, 6, 8, 0, 0, 8, 0, 9, 0, 9, 0, 0, 0, 7, 0, 0, 7, 7, 0, 0, 0, 0, 6, 7, 6, 8, 0, 0, 0, 0, 0, 0, 8, 8, 7, 7, 7, 7, 0, 5, 6, 6, 0, 0, 7, 7, 0, 8, 7, 0, 0, 5, 7, 0, 9, 0, 0, 10, 0, 0, 10, 8, 0, 0, 9, 0, 8, 7, 0, 8, 0, 0, 0, 8, 0, 6, 6, 0, 0, 0, 9, 0, 0, 9, 8, 0, 0, 0, 5, 0, 0, 7, 8, : 10, 7, 6, 10, 9, 7, 8, 7, 10, 7, 7, 8, 7, 6, 8, 6, 6, 8, 8, 9, 9, 7, 7, 7, 6, 7, 6, 8, 8, 8, 7, 7, 7, 7, 5, 6, 6, 7, 7, 8, 7, 5, 7, 9, 10, 10, 8, 9, 8, 7, 8, 8, 6, 6, 9, 9, 8, 5, 7, 8, 
54: 0, 7, 0, 0, 7, 7, 0, 0, 0, 10, 0, 0, 5, 7, 0, 10, 8, 7, 8, 8, 0, 0, 7, 8, 0, 0, 9, 10, 0, 6, 0, 9, 6, 0, 0, 5, 7, 0, 5, 8, 7, 0, 0, 0, 7, 0, 8, 0, 0, 6, 11, 0, 0, 0, 7, 0, 9, 0, 0, 0, 0, 7, 8, 7, 0, 8, 0, 5, 7, 9, 0, 6, 0, 9, 5, 6, 7, 0, 6, 8, 7, 7, 0, 0, 0, 0, 7, 9, 8, 9, 7, 8, 0, 9, 8, 0, 0, 0, 7, 0, 0, 7, 0, 0, 0, 6, 0, 8, 6, 7, 8, 9, 0, 8, 0, 7, 7, 8, 0, 0, : 7, 7, 7, 10, 5, 7, 10, 8, 7, 8, 8, 7, 8, 9, 10, 6, 9, 6, 5, 7, 5, 8, 7, 7, 8, 6, 11, 7, 9, 7, 8, 7, 8, 5, 7, 9, 6, 9, 5, 6, 7, 6, 8, 7, 7, 7, 9, 8, 9, 7, 8, 9, 8, 7, 7, 6, 8, 6, 7, 8, 9, 8, 7, 7, 8, 
402: 0, 8, 6, 0, 0, 10, 10, 0, 5, 8, 0, 7, 8, 9, 0, 0, 7, 4, 4, 7, 0, 0, 8, 6, 6, 0, 7, 6, 0, 6, 0, 8, 0, 0, 0, 7, 0, 9, 8, 7, 8, 7, 0, 7, 8, 8, 0, 0, 8, 5, 8, 11, 0, 7, 8, 8, 0, 6, 9, 9, 0, 6, 9, 0, 6, 0, 0, 6, 8, 9, 8, 0, 0, 0, 0, 0, 7, 0, 8, 0, 0, 0, 7, 0, 7, 0, 8, 10, 0, 8, 0, 0, 0, 6, 10, 8, 6, 0, 0, 0, 9, 8, 0, 8, 9, 0, 6, 7, 0, 8, 0, 0, 8, 0, 0, 5, 9, 6, 7, 0, : 8, 6, 10, 10, 5, 8, 7, 8, 9, 7, 4, 4, 7, 8, 6, 6, 7, 6, 6, 8, 7, 9, 8, 7, 8, 7, 7, 8, 8, 8, 5, 8, 11, 7, 8, 8, 6, 9, 9, 6, 9, 6, 6, 8, 9, 8, 7, 8, 7, 7, 8, 10, 8, 6, 10, 8, 6, 9, 8, 8, 9, 6, 7, 8, 8, 5, 9, 6, 7, 
406: 6, 0, 5, 0, 0, 0, 8, 5, 0, 0, 10, 6, 0, 6, 5, 0, 0, 5, 0, 7, 0, 0, 0, 8, 0, 0, 9, 9, 7, 5, 0, 0, 0, 8, 0, 0, 8, 0, 0, 8, 0, 0, 7, 0, 7, 0, 5, 8, 0, 0, 9, 6, 6, 9, 0, 0, 0, 0, 0, 9, 0, 6, 0, 8, 8, 9, 6, 10, 0, 5, 8, 0, 6, 9, 0, 7, 0, 0, 0, 7, 6, 9, 0, 9, 0, 7, 9, 10, 0, 10, 0, 0, 6, 8, 8, 5, 0, 6, 0, 8, 6, 0, 8, 0, 11, 7, 8, 0, 0, 0, 0, 0, 7, 6, 8, 8, 0, 0, 7, 0, : 6, 5, 8, 5, 10, 6, 6, 5, 5, 7, 8, 9, 9, 7, 5, 8, 8, 8, 7, 7, 5, 8, 9, 6, 6, 9, 9, 6, 8, 8, 9, 6, 10, 5, 8, 6, 9, 7, 7, 6, 9, 9, 7, 9, 10, 10, 6, 8, 8, 5, 6, 8, 6, 8, 11, 7, 8, 7, 6, 8, 8, 7, 
452: 0, 6, 0, 0, 9, 0, 6, 7, 0, 0, 0, 10, 0, 0, 8, 0, 7, 0, 0, 9, 0, 0, 8, 0, 8, 9, 7, 0, 0, 6, 0, 7, 7, 6, 0, 0, 7, 0, 6, 5, 7, 6, 7, 0, 8, 0, 5, 9, 7, 9, 0, 7, 0, 6, 9, 0, 0, 0, 0, 7, 7, 7, 7, 7, 0, 0, 7, 8, 6, 7, 0, 8, 0, 0, 6, 8, 6, 0, 4, 0, 7, 0, 0, 8, 7, 8, 0, 7, 7, 0, 8, 8, 0, 8, 6, 9, 5, 8, 0, 7, 9, 6, 6, 9, 5, 0, 6, 5, 6, 0, 0, 0, 0, 6, 0, 6, 5, 0, 7, 9, : 6, 9, 6, 7, 10, 8, 7, 9, 8, 8, 9, 7, 6, 7, 7, 6, 7, 6, 5, 7, 6, 7, 8, 5, 9, 7, 9, 7, 6, 9, 7, 7, 7, 7, 7, 7, 8, 6, 7, 8, 6, 8, 6, 4, 7, 8, 7, 8, 7, 7, 8, 8, 8, 6, 9, 5, 8, 7, 9, 6, 6, 9, 5, 6, 5, 6, 6, 6, 5, 7, 9, 
383: 0, 0, 6, 6, 8, 0, 7, 8, 10, 0, 9, 9, 9, 6, 7, 0, 0, 0, 0, 0, 0, 7, 9, 7, 0, 9, 10, 0, 7, 0, 0, 7, 7, 9, 0, 6, 0, 6, 7, 9, 5, 8, 0, 8, 0, 8, 8, 0, 0, 6, 6, 0, 5, 0, 0, 7, 8, 8, 0, 7, 0, 0, 0, 0, 7, 0, 5, 8, 0, 7, 7, 6, 0, 6, 0, 0, 0, 0, 0, 8, 7, 8, 8, 0, 0, 5, 0, 11, 8, 5, 7, 0, 8, 8, 8, 0, 7, 0, 0, 6, 9, 7, 8, 0, 0, 5, 0, 0, 0, 6, 7, 0, 8, 8, 8, 0, 9, 8, 8, 8, : 6, 6, 8, 7, 8, 10, 9, 9, 9, 6, 7, 7, 9, 7, 9, 10, 7, 7, 7, 9, 6, 6, 7, 9, 5, 8, 8, 8, 8, 6, 6, 5, 7, 8, 8, 7, 7, 5, 8, 7, 7, 6, 6, 8, 7, 8, 8, 5, 11, 8, 5, 7, 8, 8, 8, 7, 6, 9, 7, 8, 5, 6, 7, 8, 8, 8, 9, 8, 8, 8, 
594: 0, 7, 0, 9, 0, 8, 0, 0, 0, 5, 0, 0, 0, 0, 9, 7, 5, 8, 0, 0, 7, 7, 0, 0, 0, 7, 0, 0, 0, 7, 7, 6, 0, 0, 9, 0, 0, 6, 7, 8, 0, 0, 8, 0, 0, 0, 0, 6, 0, 0, 0, 9, 5, 7, 0, 8, 8, 0, 7, 7, 0, 6, 7, 11, 0, 0, 0, 0, 0, 7, 0, 0, 6, 0, 8, 9, 0, 9, 7, 8, 0, 0, 0, 5, 0, 0, 7, 4, 10, 7, 0, 0, 0, 0, 9, 0, 0, 0, 0, 8, 9, 7, 0, 0, 0, 0, 7, 8, 0, 0, 0, 7, 8, 0, 0, 0, 0, 8, 7, 0, : 7, 9, 8, 5, 9, 7, 5, 8, 7, 7, 7, 7, 7, 6, 9, 6, 7, 8, 8, 6, 9, 5, 7, 8, 8, 7, 7, 6, 7, 11, 7, 6, 8, 9, 9, 7, 8, 5, 7, 4, 10, 7, 9, 8, 9, 7, 7, 8, 7, 8, 8, 7, 
583: 8, 7, 0, 10, 8, 0, 0, 0, 8, 0, 0, 0, 0, 0, 6, 8, 0, 7, 6, 0, 9, 0, 0, 0, 0, 0, 6, 0, 8, 8, 0, 9, 0, 9, 0, 8, 7, 0, 0, 0, 0, 8, 8, 0, 9, 7, 9, 0, 0, 9, 0, 0, 7, 8, 5, 9, 0, 0, 0, 0, 5, 0, 0, 6, 0, 0, 0, 10, 0, 5, 0, 0, 7, 0, 9, 0, 8, 8, 7, 9, 0, 0, 0, 0, 9, 0, 0, 0, 8, 8, 7, 0, 4, 0, 0, 0, 0, 6, 9, 7, 7, 0, 8, 0, 6, 7, 0, 0, 9, 0, 0, 9, 7, 9, 0, 0, 0, 0, 6, 8, : 8, 7, 10, 8, 8, 6, 8, 7, 6, 9, 6, 8, 8, 9, 9, 8, 7, 8, 8, 9, 7, 9, 9, 7, 8, 5, 9, 5, 6, 10, 5, 7, 9, 8, 8, 7, 9, 9, 8, 8, 7, 4, 6, 9, 7, 7, 8, 6, 7, 9, 9, 7, 9, 6, 8, 
30: 9, 0, 7, 8, 0, 5, 0, 10, 7, 9, 0, 8, 6, 0, 0, 9, 8, 0, 6, 6, 0, 8, 7, 7, 9, 0, 8, 0, 0, 0, 5, 0, 10, 6, 6, 8, 0, 7, 0, 6, 6, 0, 8, 6, 5, 5, 0, 0, 8, 0, 0, 0, 8, 0, 9, 0, 0, 0, 0, 8, 0, 0, 8, 9, 0, 6, 8, 8, 0, 0, 7, 0, 0, 7, 9, 0, 8, 0, 8, 6, 0, 0, 6, 8, 0, 5, 0, 0, 7, 0, 9, 0, 0, 8, 7, 9, 0, 9, 0, 0, 0, 0, 0, 9, 0, 6, 0, 6, 0, 6, 9, 0, 0, 0, 9, 0, 0, 0, 7, 7, : 9, 7, 8, 5, 10, 7, 9, 8, 6, 9, 8, 6, 6, 8, 7, 7, 9, 8, 5, 10, 6, 6, 8, 7, 6, 6, 8, 6, 5, 5, 8, 8, 9, 8, 8, 9, 6, 8, 8, 7, 7, 9, 8, 8, 6, 6, 8, 5, 7, 9, 8, 7, 9, 9, 9, 6, 6, 6, 9, 9, 7, 7, 
299: 7, 5, 0, 6, 0, 10, 0, 8, 0, 5, 8, 7, 11, 10, 0, 0, 0, 7, 0, 0, 0, 7, 0, 0, 7, 0, 0, 9, 10, 0, 0, 0, 8, 0, 0, 0, 0, 0, 8, 7, 7, 0, 0, 9, 0, 9, 8, 8, 9, 0, 0, 7, 0, 0, 8, 11, 7, 7, 0, 0, 7, 0, 0, 8, 6, 6, 8, 0, 7, 6, 6, 8, 9, 0, 0, 0, 4, 8, 5, 6, 0, 0, 0, 0, 9, 8, 0, 0, 0, 6, 0, 0, 0, 0, 0, 7, 7, 0, 9, 7, 0, 7, 0, 6, 7, 0, 0, 0, 0, 7, 0, 10, 8, 0, 6, 9, 0, 0, 0, 0, : 7, 5, 6, 10, 8, 5, 8, 7, 11, 10, 7, 7, 7, 9, 10, 8, 8, 7, 7, 9, 9, 8, 8, 9, 7, 8, 11, 7, 7, 7, 8, 6, 6, 8, 7, 6, 6, 8, 9, 4, 8, 5, 6, 9, 8, 6, 7, 7, 9, 7, 7, 6, 7, 7, 10, 8, 6, 9, 
23: 0, 7, 0, 0, 6, 6, 0, 0, 6, 7, 5, 8, 7, 0, 0, 0, 9, 6, 0, 9, 0, 9, 0, 5, 7, 5, 0, 8, 0, 0, 8, 0, 0, 0, 8, 0, 0, 0, 7, 0, 0, 8, 0, 0, 6, 8, 10, 0, 4, 6, 0, 9, 0, 6, 7, 7, 6, 7, 0, 9, 0, 8, 6, 0, 0, 0, 0, 9, 10, 0, 0, 6, 0, 0, 7, 0, 0, 8, 0, 0, 8, 6, 9, 0, 0, 0, 11, 10, 0, 0, 6, 9, 6, 0, 0, 8, 0, 8, 8, 9, 7, 9, 8, 0, 8, 0, 7, 0, 0, 9, 0, 7, 0, 0, 0, 0, 8, 0, 9, 0, : 7, 6, 6, 6, 7, 5, 8, 7, 9, 6, 9, 9, 5, 7, 5, 8, 8, 8, 7, 8, 6, 8, 10, 4, 6, 9, 6, 7, 7, 6, 7, 9, 8, 6, 9, 10, 6, 7, 8, 8, 6, 9, 11, 10, 6, 9, 6, 8, 8, 8, 9, 7, 9, 8, 8, 7, 9, 7, 8, 9, 
551: 7, 0, 7, 8, 0, 6, 6, 0, 7, 7, 0, 5, 5, 0, 0, 10, 8, 6, 6, 0, 0, 7, 0, 7, 0, 9, 10, 10, 0, 0, 0, 0, 0, 5, 8, 6, 0, 7, 8, 0, 0, 9, 0, 0, 8, 0, 0, 8, 6, 0, 0, 0, 0, 0, 0, 0, 6, 0, 7, 0, 0, 5, 0, 7, 0, 0, 10, 9, 10, 0, 0, 0, 0, 0, 0, 0, 7, 5, 0, 0, 7, 6, 9, 0, 0, 0, 9, 0, 8, 0, 0, 0, 0, 0, 9, 0, 7, 10, 4, 0, 0, 5, 8, 6, 0, 6, 0, 6, 6, 9, 0, 0, 0, 7, 0, 0, 9, 7, 5, 0, : 7, 7, 8, 6, 6, 7, 7, 5, 5, 10, 8, 6, 6, 7, 7, 9, 10, 10, 5, 8, 6, 7, 8, 9, 8, 8, 6, 6, 7, 5, 7, 10, 9, 10, 7, 5, 7, 6, 9, 9, 8, 9, 7, 10, 4, 5, 8, 6, 6, 6, 6, 9, 7, 9, 7, 5, 
76: 7, 7, 0, 0, 0, 8, 0, 6, 7, 0, 0, 8, 0, 0, 5, 0, 0, 0, 0, 0, 0, 0, 0, 7, 0, 0, 5, 0, 6, 0, 0, 0, 0, 0, 0, 6, 0, 0, 0, 0, 6, 9, 7, 0, 11, 0, 0, 9, 8, 0, 6, 0, 0, 9, 0, 0, 5, 0, 0, 6, 0, 8, 0, 9, 0, 0, 7, 0, 8, 6, 0, 7, 0, 7, 0, 8, 8, 7, 0, 0, 0, 0, 0, 0, 9, 7, 5, 7, 0, 6, 6, 7, 0, 10, 7, 6, 8, 8, 0, 10, 0, 0, 0, 0, 9, 6, 6, 7, 0, 9, 8, 0, 10, 0, 8, 7, 6, 5, 6, 0, : 7, 7, 8, 6, 7, 8, 5, 7, 5, 6, 6, 6, 9, 7, 11, 9, 8, 6, 9, 5, 6, 8, 9, 7, 8, 6, 7, 7, 8, 8, 7, 9, 7, 5, 7, 6, 6, 7, 10, 7, 6, 8, 8, 10, 9, 6, 6, 7, 9, 8, 10, 8, 7, 6, 5, 6, 
316: 0, 9, 10, 0, 6, 9, 0, 0, 6, 0, 9, 0, 0, 0, 0, 0, 6, 0, 7, 7, 8, 0, 7, 7, 0, 0, 4, 6, 0, 6, 0, 8, 0, 0, 0, 8, 8, 0, 9, 0, 0, 0, 6, 0, 0, 5, 9, 0, 6, 9, 6, 0, 10, 0, 8, 0, 7, 8, 0, 0, 0, 9, 0, 5, 9, 7, 8, 7, 0, 7, 0, 8, 6, 8, 7, 0, 8, 11, 0, 0, 0, 0, 0, 6, 0, 7, 7, 7, 5, 0, 7, 4, 7, 9, 8, 7, 7, 7, 9, 10, 0, 0, 6, 0, 0, 8, 0, 0, 9, 7, 7, 0, 9, 0, 0, 0, 0, 7, 8, 9, : 9, 10, 6, 9, 6, 9, 6, 7, 7, 8, 7, 7, 4, 6, 6, 8, 8, 8, 9, 6, 5, 9, 6, 9, 6, 10, 8, 7, 8, 9, 5, 9, 7, 8, 7, 7, 8, 6, 8, 7, 8, 11, 6, 7, 7, 7, 5, 7, 4, 7, 9, 8, 7, 7, 7, 9, 10, 6, 8, 9, 7, 7, 9, 7, 8, 9, 
430: 10, 0, 0, 6, 0, 0, 6, 0, 10, 7, 0, 6, 5, 0, 7, 7, 8, 0, 0, 7, 0, 6, 8, 0, 7, 0, 6, 0, 6, 0, 8, 0, 0, 0, 0, 6, 0, 0, 0, 0, 0, 8, 0, 8, 0, 0, 6, 0, 8, 6, 0, 0, 8, 0, 5, 5, 8, 7, 9, 8, 0, 8, 5, 7, 0, 0, 7, 0, 8, 0, 0, 7, 0, 0, 6, 8, 0, 0, 8, 0, 7, 4, 7, 5, 0, 10, 0, 0, 5, 7, 10, 6, 11, 0, 7, 7, 8, 0, 0, 8, 6, 0, 9, 0, 6, 0, 9, 0, 9, 8, 0, 8, 8, 7, 6, 9, 0, 8, 9, 8, : 10, 6, 6, 10, 7, 6, 5, 7, 7, 8, 7, 6, 8, 7, 6, 6, 8, 6, 8, 8, 6, 8, 6, 8, 5, 5, 8, 7, 9, 8, 8, 5, 7, 7, 8, 7, 6, 8, 8, 7, 4, 7, 5, 10, 5, 7, 10, 6, 11, 7, 7, 8, 8, 6, 9, 6, 9, 9, 8, 8, 8, 7, 6, 9, 8, 9, 8, 
166: 0, 8, 0, 7, 0, 7, 0, 0, 6, 8, 6, 6, 8, 7, 11, 0, 8, 8, 0, 5, 7, 6, 0, 9, 8, 0, 6, 0, 7, 8, 0, 7, 0, 0, 7, 9, 0, 8, 7, 0, 6, 0, 5, 0, 7, 9, 8, 7, 7, 8, 5, 8, 5, 0, 9, 0, 7, 10, 0, 0, 0, 5, 0, 6, 0, 9, 0, 7, 9, 0, 8, 6, 8, 0, 0, 5, 0, 8, 9, 9, 0, 0, 0, 0, 0, 0, 10, 0, 7, 0, 6, 9, 8, 8, 7, 8, 9, 0, 0, 0, 7, 9, 0, 0, 0, 8, 8, 8, 5, 0, 0, 7, 5, 0, 0, 0, 0, 0, 0, 0, : 8, 7, 7, 6, 8, 6, 6, 8, 7, 11, 8, 8, 5, 7, 6, 9, 8, 6, 7, 8, 7, 7, 9, 8, 7, 6, 5, 7, 9, 8, 7, 7, 8, 5, 8, 5, 9, 7, 10, 5, 6, 9, 7, 9, 8, 6, 8, 5, 8, 9, 9, 10, 7, 6, 9, 8, 8, 7, 8, 9, 7, 9, 8, 8, 8, 5, 7, 5, 
63: 0, 0, 7, 0, 10, 8, 0, 6, 6, 6, 0, 0, 0, 7, 8, 0, 5, 9, 0, 6, 7, 0, 6, 0, 0, 6, 0, 0, 0, 0, 0, 0, 6, 0, 8, 8, 0, 7, 5, 0, 0, 0, 8, 0, 8, 9, 7, 0, 5, 6, 7, 9, 5, 7, 0, 0, 0, 0, 6, 6, 0, 7, 0, 0, 0, 9, 8, 7, 6, 11, 7, 0, 0, 8, 0, 9, 0, 6, 9, 8, 9, 0, 5, 0, 6, 7, 8, 8, 0, 6, 0, 0, 0, 7, 6, 0, 0, 7, 8, 0, 0, 0, 0, 9, 0, 7, 5, 10, 9, 0, 9, 10, 0, 0, 0, 0, 0, 9, 5, 0, : 7, 10, 8, 6, 6, 6, 7, 8, 5, 9, 6, 7, 6, 6, 6, 8, 8, 7, 5, 8, 8, 9, 7, 5, 6, 7, 9, 5, 7, 6, 6, 7, 9, 8, 7, 6, 11, 7, 8, 9, 6, 9, 8, 9, 5, 6, 7, 8, 8, 6, 7, 6, 7, 8, 9, 7, 5, 10, 9, 9, 10, 9, 5, 
294: 8, 6, 7, 8, 6, 0, 0, 9, 0, 9, 5, 0, 8, 6, 6, 8, 0, 0, 7, 0, 9, 0, 8, 0, 7, 0, 0, 0, 7, 4, 6, 6, 8, 8, 7, 7, 0, 6, 0, 8, 8, 6, 0, 0, 6, 7, 8, 9, 0, 0, 0, 5, 7, 0, 7, 8, 0, 0, 0, 0, 0, 5, 6, 0, 0, 0, 0, 10, 0, 0, 0, 0, 8, 9, 0, 10, 5, 0, 9, 0, 0, 5, 8, 7, 5, 4, 8, 5, 0, 10, 5, 0, 7, 7, 11, 8, 10, 10, 7, 0, 6, 8, 0, 8, 0, 5, 0, 0, 6, 8, 0, 0, 6, 0, 0, 8, 0, 7, 7, 7, : 8, 6, 7, 8, 6, 9, 9, 5, 8, 6, 6, 8, 7, 9, 8, 7, 7, 4, 6, 6, 8, 8, 7, 7, 6, 8, 8, 6, 6, 7, 8, 9, 5, 7, 7, 8, 5, 6, 10, 8, 9, 10, 5, 9, 5, 8, 7, 5, 4, 8, 5, 10, 5, 7, 7, 11, 8, 10, 10, 7, 6, 8, 8, 5, 6, 8, 6, 8, 7, 7, 7, 
335: 8, 7, 0, 6, 8, 6, 9, 5, 0, 10, 6, 0, 0, 0, 6, 6, 0, 0, 0, 9, 0, 0, 0, 0, 0, 0, 0, 7, 10, 7, 0, 0, 0, 0, 9, 0, 0, 8, 0, 0, 0, 0, 8, 5, 8, 10, 0, 4, 0, 7, 0, 5, 7, 0, 0, 0, 0, 7, 8, 7, 9, 0, 0, 0, 0, 0, 0, 6, 0, 8, 0, 10, 8, 8, 9, 8, 8, 0, 0, 7, 0, 0, 6, 8, 0, 0, 7, 0, 0, 8, 5, 7, 7, 9, 0, 0, 0, 0, 9, 0, 0, 9, 7, 0, 9, 0, 0, 0, 0, 0, 0, 0, 0, 9, 7, 7, 0, 0, 8, 5, : 8, 7, 6, 8, 6, 9, 5, 10, 6, 6, 6, 9, 7, 10, 7, 9, 8, 8, 5, 8, 10, 4, 7, 5, 7, 7, 8, 7, 9, 6, 8, 10, 8, 8, 9, 8, 8, 7, 6, 8, 7, 8, 5, 7, 7, 9, 9, 9, 7, 9, 9, 7, 7, 8, 5, 
341: 9, 0, 0, 0, 0, 6, 0, 0, 7, 0, 0, 7, 7, 9, 0, 8, 7, 0, 9, 8, 0, 0, 0, 8, 0, 0, 9, 0, 0, 8, 0, 0, 0, 9, 6, 8, 9, 6, 0, 0, 8, 6, 7, 0, 0, 6, 4, 0, 9, 0, 6, 9, 0, 0, 0, 8, 7, 6, 9, 8, 10, 10, 0, 0, 5, 8, 5, 8, 7, 0, 0, 0, 0, 0, 5, 0, 0, 0, 9, 0, 0, 10, 0, 0, 0, 7, 0, 0, 5, 0, 8, 0, 0, 8, 8, 0, 0, 0, 0, 7, 0, 0, 7, 0, 7, 0, 0, 10, 0, 7, 9, 8, 7, 0, 9, 8, 7, 8, 6, 0, : 9, 6, 7, 7, 7, 9, 8, 7, 9, 8, 8, 9, 8, 9, 6, 8, 9, 6, 8, 6, 7, 6, 4, 9, 6, 9, 8, 7, 6, 9, 8, 10, 10, 5, 8, 5, 8, 7, 5, 9, 10, 7, 5, 8, 8, 8, 7, 7, 7, 10, 7, 9, 8, 7, 9, 8, 7, 8, 6, 
569: 9, 6, 7, 6, 7, 7, 9, 0, 0, 9, 7, 5, 0, 0, 6, 0, 0, 0, 0, 0, 8, 0, 0, 0, 0, 0, 6, 7, 8, 0, 7, 7, 0, 9, 0, 5, 0, 0, 7, 0, 0, 7, 5, 5, 7, 0, 0, 0, 7, 6, 8, 6, 0, 8, 0, 0, 7, 6, 0, 0, 0, 0, 7, 6, 0, 7, 9, 4, 0, 5, 6, 6, 8, 0, 0, 0, 9, 8, 6, 0, 9, 0, 0, 6, 0, 0, 10, 0, 7, 0, 7, 0, 0, 0, 7, 10, 7, 8, 0, 0, 9, 6, 7, 10, 0, 6, 0, 0, 8, 0, 0, 7, 6, 0, 0, 0, 7, 7, 0, 7, : 9, 6, 7, 6, 7, 7, 9, 9, 7, 5, 6, 8, 6, 7, 8, 7, 7, 9, 5, 7, 7, 5, 5, 7, 7, 6, 8, 6, 8, 7, 6, 7, 6, 7, 9, 4, 5, 6, 6, 8, 9, 8, 6, 9, 6, 10, 7, 7, 7, 10, 7, 8, 9, 6, 7, 10, 6, 8, 7, 6, 7, 7, 7, 
333: 0, 0, 8, 6, 10, 6, 0, 6, 5, 0, 0, 0, 7, 8, 0, 9, 8, 0, 6, 4, 7, 0, 5, 5, 0, 0, 7, 0, 0, 7, 0, 0, 9, 8, 9, 9, 0, 7, 10, 0, 6, 0, 7, 0, 0, 6, 8, 0, 7, 0, 0, 9, 9, 0, 7, 9, 0, 0, 0, 0, 0, 7, 8, 0, 7, 0, 9, 0, 5, 0, 0, 7, 0, 0, 0, 0, 0, 8, 0, 0, 0, 9, 7, 7, 0, 0, 0, 8, 7, 7, 0, 0, 0, 10, 0, 6, 0, 0, 0, 0, 0, 0, 10, 11, 7, 0, 7, 0, 7, 9, 6, 5, 9, 6, 5, 0, 0, 0, 0, 0, : 8, 6, 10, 6, 6, 5, 7, 8, 9, 8, 6, 4, 7, 5, 5, 7, 7, 9, 8, 9, 9, 7, 10, 6, 7, 6, 8, 7, 9, 9, 7, 9, 7, 8, 7, 9, 5, 7, 8, 9, 7, 7, 8, 7, 7, 10, 6, 10, 11, 7, 7, 7, 9, 6, 5, 9, 6, 5, 
384: 9, 0, 0, 8, 7, 0, 0, 9, 5, 0, 10, 0, 7, 0, 0, 0, 7, 0, 0, 0, 8, 0, 7, 4, 7, 8, 0, 6, 6, 0, 7, 8, 0, 0, 0, 0, 0, 0, 0, 8, 6, 7, 0, 0, 8, 0, 0, 10, 0, 0, 0, 0, 6, 0, 7, 0, 7, 0, 7, 7, 0, 8, 8, 0, 6, 9, 0, 0, 11, 0, 7, 9, 6, 7, 0, 0, 0, 0, 8, 5, 7, 5, 7, 5, 10, 0, 6, 7, 0, 0, 6, 8, 8, 0, 6, 6, 0, 0, 8, 10, 6, 8, 0, 7, 0, 10, 0, 5, 0, 0, 0, 5, 6, 0, 0, 8, 0, 0, 7, 10, : 9, 8, 7, 9, 5, 10, 7, 7, 8, 7, 4, 7, 8, 6, 6, 7, 8, 8, 6, 7, 8, 10, 6, 7, 7, 7, 7, 8, 8, 6, 9, 11, 7, 9, 6, 7, 8, 5, 7, 5, 7, 5, 10, 6, 7, 6, 8, 8, 6, 6, 8, 10, 6, 8, 7, 10, 5, 5, 6, 8, 7, 10, 
138: 0, 7, 7, 8, 7, 7, 0, 6, 0, 0, 0, 5, 0, 0, 0, 0, 0, 0, 7, 9, 8, 0, 0, 0, 9, 0, 0, 8, 0, 0, 0, 0, 7, 7, 0, 0, 7, 8, 0, 0, 9, 0, 6, 0, 0, 0, 0, 0, 8, 0, 0, 7, 7, 0, 9, 0, 8, 6, 7, 0, 7, 0, 0, 0, 0, 5, 6, 5, 8, 8, 0, 7, 0, 0, 0, 0, 0, 8, 6, 5, 6, 8, 0, 0, 0, 8, 0, 0, 6, 0, 7, 7, 8, 0, 0, 0, 9, 8, 6, 9, 6, 0, 9, 0, 0, 0, 6, 0, 5, 5, 0, 0, 0, 0, 0, 0, 0, 6, 8, 7, : 7, 7, 8, 7, 7, 6, 5, 7, 9, 8, 9, 8, 7, 7, 7, 8, 9, 6, 8, 7, 7, 9, 8, 6, 7, 7, 5, 6, 5, 8, 8, 7, 8, 6, 5, 6, 8, 8, 6, 7, 7, 8, 9, 8, 6, 9, 6, 9, 6, 5, 5, 6, 8, 7, 
592: 8, 0, 0, 8, 0, 9, 0, 0, 0, 9, 8, 0, 0, 5, 7, 0, 9, 10, 8, 8, 0, 9, 0, 9, 9, 4, 9, 10, 5, 7, 0, 0, 7, 0, 9, 0, 0, 0, 0, 0, 8, 9, 0, 8, 6, 0, 0, 6, 6, 8, 0, 0, 6, 0, 0, 8, 0, 7, 0, 0, 10, 0, 0, 0, 5, 9, 0, 8, 0, 0, 0, 0, 0, 0, 8, 5, 6, 0, 0, 8, 0, 0, 8, 0, 7, 0, 0, 0, 8, 0, 7, 6, 7, 8, 8, 6, 0, 0, 0, 9, 10, 8, 0, 7, 9, 6, 0, 9, 0, 0, 0, 0, 6, 0, 7, 0, 0, 0, 0, 8, : 8, 8, 9, 9, 8, 5, 7, 9, 10, 8, 8, 9, 9, 9, 4, 9, 10, 5, 7, 7, 9, 8, 9, 8, 6, 6, 6, 8, 6, 8, 7, 10, 5, 9, 8, 8, 5, 6, 8, 8, 7, 8, 7, 6, 7, 8, 8, 6, 9, 10, 8, 7, 9, 6, 9, 6, 7, 8, 
461: 0, 7, 0, 6, 0, 8, 7, 0, 8, 0, 10, 10, 5, 0, 8, 0, 0, 0, 7, 9, 0, 8, 0, 5, 0, 0, 0, 0, 10, 0, 6, 9, 9, 8, 8, 8, 0, 8, 0, 7, 6, 8, 4, 7, 0, 8, 0, 8, 0, 7, 7, 10, 7, 0, 0, 10, 5, 8, 7, 0, 7, 0, 5, 0, 9, 5, 0, 0, 5, 0, 0, 0, 0, 0, 8, 0, 7, 0, 7, 7, 0, 9, 7, 0, 7, 0, 11, 8, 7, 4, 9, 0, 9, 5, 0, 9, 8, 9, 0, 0, 0, 0, 7, 7, 0, 7, 0, 0, 9, 0, 8, 0, 0, 0, 5, 9, 0, 0, 0, 0, : 7, 6, 8, 7, 8, 10, 10, 5, 8, 7, 9, 8, 5, 10, 6, 9, 9, 8, 8, 8, 8, 7, 6, 8, 4, 7, 8, 8, 7, 7, 10, 7, 10, 5, 8, 7, 7, 5, 9, 5, 5, 8, 7, 7, 7, 9, 7, 7, 11, 8, 7, 4, 9, 9, 5, 9, 8, 9, 7, 7, 7, 9, 8, 5, 9, 
337: 0, 0, 0, 5, 8, 0, 0, 0, 0, 6, 7, 0, 0, 7, 0, 0, 0, 9, 8, 7, 7, 0, 0, 8, 0, 0, 0, 0, 0, 8, 10, 0, 6, 8, 8, 0, 6, 0, 5, 7, 8, 0, 6, 9, 9, 0, 9, 0, 9, 8, 5, 0, 7, 9, 0, 9, 0, 9, 9, 0, 0, 6, 0, 6, 8, 6, 7, 10, 7, 8, 6, 6, 0, 0, 0, 9, 8, 8, 11, 0, 10, 6, 0, 7, 8, 0, 0, 9, 11, 0, 0, 9, 6, 0, 0, 0, 5, 4, 8, 0, 6, 7, 0, 8, 0, 0, 0, 8, 0, 0, 8, 7, 7, 6, 10, 0, 8, 0, 0, 6, : 5, 8, 6, 7, 7, 9, 8, 7, 7, 8, 8, 10, 6, 8, 8, 6, 5, 7, 8, 6, 9, 9, 9, 9, 8, 5, 7, 9, 9, 9, 9, 6, 6, 8, 6, 7, 10, 7, 8, 6, 6, 9, 8, 8, 11, 10, 6, 7, 8, 9, 11, 9, 6, 5, 4, 8, 6, 7, 8, 8, 8, 7, 7, 6, 10, 8, 6, 
236: 0, 0, 6, 0, 6, 7, 7, 8, 0, 0, 7, 0, 0, 0, 0, 8, 0, 6, 9, 7, 10, 9, 0, 0, 0, 8, 7, 0, 0, 0, 0, 0, 7, 9, 9, 7, 8, 0, 7, 0, 0, 0, 0, 7, 7, 6, 0, 9, 0, 0, 8, 0, 6, 9, 5, 0, 7, 6, 0, 7, 7, 0, 9, 0, 8, 7, 0, 0, 10, 7, 7, 0, 5, 0, 0, 7, 7, 9, 0, 8, 0, 7, 10, 0, 0, 0, 7, 7, 0, 0, 0, 0, 0, 8, 0, 8, 0, 8, 0, 0, 0, 0, 0, 7, 5, 8, 7, 6, 7, 0, 0, 9, 5, 9, 0, 0, 0, 7, 0, 0, : 6, 6, 7, 7, 8, 7, 8, 6, 9, 7, 10, 9, 8, 7, 7, 9, 9, 7, 8, 7, 7, 7, 6, 9, 8, 6, 9, 5, 7, 6, 7, 7, 9, 8, 7, 10, 7, 7, 5, 7, 7, 9, 8, 7, 10, 7, 7, 8, 8, 8, 7, 5, 8, 7, 6, 7, 9, 5, 9, 7, 
101: 0, 0, 10, 0, 6, 0, 9, 7, 7, 0, 0, 0, 6, 9, 0, 8, 0, 0, 9, 6, 0, 0, 7, 8, 0, 9, 6, 7, 7, 9, 6, 0, 0, 8, 0, 8, 8, 6, 0, 8, 7, 7, 10, 0, 8, 0, 0, 9, 0, 0, 0, 5, 7, 7, 7, 0, 7, 0, 8, 0, 6, 7, 6, 0, 0, 5, 8, 0, 0, 6, 0, 7, 0, 7, 8, 7, 0, 0, 0, 0, 9, 0, 5, 0, 8, 0, 10, 6, 0, 7, 0, 7, 0, 5, 0, 0, 0, 10, 10, 0, 0, 6, 6, 7, 0, 6, 7, 0, 9, 0, 7, 9, 9, 0, 0, 0, 0, 0, 0, 7, : 10, 6, 9, 7, 7, 6, 9, 8, 9, 6, 7, 8, 9, 6, 7, 7, 9, 6, 8, 8, 8, 6, 8, 7, 7, 10, 8, 9, 5, 7, 7, 7, 7, 8, 6, 7, 6, 5, 8, 6, 7, 7, 8, 7, 9, 5, 8, 10, 6, 7, 7, 5, 10, 10, 6, 6, 7, 6, 7, 9, 7, 9, 9, 7, 
285: 6, 8, 7, 0, 7, 0, 8, 0, 6, 9, 0, 10, 0, 9, 5, 7, 0, 7, 9, 7, 0, 0, 6, 0, 8, 0, 0, 7, 8, 8, 9, 0, 9, 0, 0, 8, 0, 0, 0, 0, 0, 0, 0, 6, 0, 10, 9, 8, 7, 5, 0, 0, 8, 0, 0, 8, 0, 7, 8, 7, 0, 9, 0, 9, 6, 10, 6, 0, 7, 0, 7, 8, 0, 7, 0, 6, 0, 0, 0, 0, 0, 0, 5, 0, 5, 7, 6, 0, 0, 0, 0, 0, 5, 0, 0, 0, 10, 6, 7, 8, 7, 8, 0, 0, 6, 0, 0, 8, 0, 0, 0, 5, 0, 5, 0, 7, 7, 0, 8, 8, : 6, 8, 7, 7, 8, 6, 9, 10, 9, 5, 7, 7, 9, 7, 6, 8, 7, 8, 8, 9, 9, 8, 6, 10, 9, 8, 7, 5, 8, 8, 7, 8, 7, 9, 9, 6, 10, 6, 7, 7, 8, 7, 6, 5, 5, 7, 6, 5, 10, 6, 7, 8, 7, 8, 6, 8, 5, 5, 7, 7, 8, 8, 
559: 6, 8, 0, 0, 0, 7, 0, 0, 9, 5, 0, 0, 7, 0, 0, 9, 5, 0, 0, 7, 5, 8, 6, 0, 0, 6, 6, 6, 0, 0, 0, 9, 0, 0, 8, 0, 9, 7, 6, 7, 9, 8, 8, 8, 0, 0, 10, 6, 0, 0, 9, 0, 7, 0, 0, 8, 0, 0, 8, 7, 0, 9, 0, 10, 0, 0, 0, 8, 6, 8, 8, 0, 0, 9, 7, 8, 8, 7, 5, 0, 0, 0, 8, 8, 0, 0, 7, 6, 0, 6, 0, 0, 8, 6, 0, 0, 8, 0, 0, 8, 0, 0, 0, 4, 7, 0, 9, 0, 0, 7, 10, 0, 0, 7, 6, 0, 9, 0, 7, 7, : 6, 8, 7, 9, 5, 7, 9, 5, 7, 5, 8, 6, 6, 6, 6, 9, 8, 9, 7, 6, 7, 9, 8, 8, 8, 10, 6, 9, 7, 8, 8, 7, 9, 10, 8, 6, 8, 8, 9, 7, 8, 8, 7, 5, 8, 8, 7, 6, 6, 8, 6, 8, 8, 4, 7, 9, 7, 10, 7, 6, 9, 7, 7, 
355: 8, 0, 0, 7, 0, 0, 7, 8, 7, 7, 0, 8, 0, 0, 0, 0, 7, 0, 5, 0, 0, 9, 0, 0, 7, 0, 0, 6, 0, 8, 6, 8, 6, 0, 0, 6, 6, 0, 0, 0, 6, 0, 8, 7, 0, 7, 7, 0, 0, 9, 0, 9, 0, 0, 0, 0, 0, 8, 0, 0, 0, 0, 0, 0, 0, 9, 9, 0, 0, 0, 0, 0, 10, 0, 0, 0, 8, 0, 0, 0, 8, 6, 8, 0, 0, 0, 0, 0, 5, 7, 7, 0, 8, 5, 0, 7, 0, 7, 6, 0, 8, 0, 0, 8, 10, 0, 0, 10, 0, 6, 6, 0, 9, 0, 6, 0, 7, 8, 8, 0, : 8, 7, 7, 8, 7, 7, 8, 7, 5, 9, 7, 6, 8, 6, 8, 6, 6, 6, 6, 8, 7, 7, 7, 9, 9, 8, 9, 9, 10, 8, 8, 6, 8, 5, 7, 7, 8, 5, 7, 7, 6, 8, 8, 10, 10, 6, 6, 9, 6, 7, 8, 8, 
586: 10, 9, 8, 0, 6, 8, 0, 0, 0, 0, 6, 0, 8, 0, 0, 8, 0, 7, 0, 7, 6, 9, 0, 9, 0, 6, 8, 0, 0, 8, 5, 0, 7, 0, 0, 5, 7, 6, 8, 9, 7, 7, 0, 0, 0, 8, 8, 6, 0, 0, 9, 7, 0, 0, 0, 8, 0, 0, 0, 0, 9, 6, 7, 0, 8, 0, 6, 9, 7, 0, 0, 0, 8, 0, 7, 0, 7, 9, 0, 0, 0, 5, 0, 7, 0, 5, 0, 6, 5, 0, 0, 6, 0, 0, 8, 7, 0, 7, 10, 8, 7, 0, 5, 0, 0, 0, 0, 9, 10, 5, 8, 0, 9, 7, 7, 0, 0, 8, 0, 8, : 10, 9, 8, 6, 8, 6, 8, 8, 7, 7, 6, 9, 9, 6, 8, 8, 5, 7, 5, 7, 6, 8, 9, 7, 7, 8, 8, 6, 9, 7, 8, 9, 6, 7, 8, 6, 9, 7, 8, 7, 7, 9, 5, 7, 5, 6, 5, 6, 8, 7, 7, 10, 8, 7, 5, 9, 10, 5, 8, 9, 7, 7, 8, 8, 
55: 6, 0, 6, 6, 0, 0, 8, 0, 7, 0, 6, 8, 5, 6, 0, 7, 0, 6, 0, 0, 8, 0, 0, 8, 0, 9, 0, 0, 8, 0, 0, 7, 0, 8, 0, 9, 0, 0, 8, 0, 0, 0, 8, 5, 0, 7, 0, 7, 0, 0, 8, 0, 0, 0, 6, 7, 0, 0, 0, 10, 8, 0, 0, 7, 9, 0, 6, 4, 8, 9, 5, 6, 0, 7, 0, 5, 0, 0, 0, 7, 0, 9, 0, 5, 6, 0, 0, 0, 10, 0, 0, 0, 7, 0, 0, 7, 0, 6, 0, 0, 0, 0, 7, 8, 7, 0, 0, 0, 7, 0, 0, 0, 0, 7, 6, 6, 5, 0, 7, 0, : 6, 6, 6, 8, 7, 6, 8, 5, 6, 7, 6, 8, 8, 9, 8, 7, 8, 9, 8, 8, 5, 7, 7, 8, 6, 7, 10, 8, 7, 9, 6, 4, 8, 9, 5, 6, 7, 5, 7, 9, 5, 6, 10, 7, 7, 6, 7, 8, 7, 7, 7, 6, 6, 5, 7, 
277: 8, 0, 6, 8, 7, 0, 0, 7, 7, 0, 8, 5, 7, 0, 9, 0, 0, 6, 7, 10, 0, 0, 8, 0, 0, 0, 6, 6, 0, 7, 10, 7, 0, 8, 8, 0, 0, 0, 0, 0, 7, 0, 8, 8, 0, 7, 0, 9, 0, 0, 0, 0, 0, 9, 0, 5, 0, 0, 9, 9, 0, 9, 0, 0, 5, 0, 0, 6, 7, 0, 7, 0, 6, 7, 0, 0, 9, 0, 0, 0, 8, 8, 0, 9, 0, 6, 0, 0, 9, 9, 0, 7, 0, 0, 6, 0, 7, 6, 8, 6, 0, 0, 7, 8, 0, 9, 8, 6, 0, 9, 0, 0, 0, 0, 0, 7, 8, 7, 6, 0, : 8, 6, 8, 7, 7, 7, 8, 5, 7, 9, 6, 7, 10, 8, 6, 6, 7, 10, 7, 8, 8, 7, 8, 8, 7, 9, 9, 5, 9, 9, 9, 5, 6, 7, 7, 6, 7, 9, 8, 8, 9, 6, 9, 9, 7, 6, 7, 6, 8, 6, 7, 8, 9, 8, 6, 9, 7, 8, 7, 6, 
372: 7, 0, 0, 0, 9, 0, 0, 0, 5, 7, 0, 0, 9, 6, 0, 0, 0, 0, 0, 8, 0, 0, 9, 0, 0, 8, 6, 4, 0, 11, 0, 6, 0, 7, 8, 0, 4, 0, 0, 0, 9, 7, 7, 7, 4, 0, 0, 0, 7, 0, 0, 6, 0, 0, 0, 0, 8, 7, 0, 0, 7, 7, 6, 6, 8, 0, 10, 0, 9, 5, 7, 0, 0, 0, 0, 0, 8, 0, 8, 10, 8, 0, 0, 7, 6, 0, 0, 0, 0, 10, 4, 5, 6, 6, 7, 0, 0, 0, 8, 0, 0, 0, 0, 0, 10, 0, 0, 8, 0, 9, 0, 9, 8, 0, 9, 9, 7, 8, 8, 0, : 7, 9, 5, 7, 9, 6, 8, 9, 8, 6, 4, 11, 6, 7, 8, 4, 9, 7, 7, 7, 4, 7, 6, 8, 7, 7, 7, 6, 6, 8, 10, 9, 5, 7, 8, 8, 10, 8, 7, 6, 10, 4, 5, 6, 6, 7, 8, 10, 8, 9, 9, 8, 9, 9, 7, 8, 8, 
178: 9, 0, 0, 0, 0, 0, 6, 0, 0, 5, 0, 0, 0, 0, 5, 9, 0, 7, 7, 0, 4, 7, 0, 0, 4, 6, 8, 6, 0, 8, 0, 8, 8, 6, 0, 0, 0, 6, 0, 6, 11, 7, 0, 7, 0, 0, 0, 7, 6, 9, 0, 0, 0, 8, 0, 7, 0, 7, 0, 10, 9, 0, 9, 0, 4, 8, 7, 8, 7, 9, 0, 8, 6, 7, 6, 0, 9, 8, 0, 0, 8, 0, 5, 0, 0, 0, 0, 0, 0, 6, 0, 0, 0, 0, 0, 8, 8, 8, 6, 7, 0, 9, 0, 8, 0, 6, 7, 0, 10, 0, 0, 0, 8, 8, 0, 0, 0, 9, 0, 7, : 9, 6, 5, 5, 9, 7, 7, 4, 7, 4, 6, 8, 6, 8, 8, 8, 6, 6, 6, 11, 7, 7, 7, 6, 9, 8, 7, 7, 10, 9, 9, 4, 8, 7, 8, 7, 9, 8, 6, 7, 6, 9, 8, 8, 5, 6, 8, 8, 8, 6, 7, 9, 8, 6, 7, 10, 8, 8, 9, 7, 
469: 6, 7, 0, 0, 0, 6, 10, 0, 0, 0, 7, 8, 0, 0, 8, 6, 7, 0, 8, 0, 0, 0, 0, 7, 8, 6, 0, 6, 7, 10, 8, 0, 0, 8, 0, 0, 0, 0, 8, 0, 8, 7, 7, 0, 8, 0, 6, 6, 9, 0, 0, 0, 11, 6, 9, 0, 9, 6, 7, 0, 0, 0, 6, 0, 0, 11, 10, 6, 0, 0, 9, 9, 0, 8, 6, 7, 0, 0, 9, 9, 0, 8, 0, 10, 0, 0, 5, 0, 7, 7, 8, 9, 5, 0, 0, 7, 0, 7, 6, 0, 0, 9, 0, 8, 6, 7, 6, 7, 8, 6, 6, 7, 0, 0, 9, 0, 7, 0, 0, 0, : 6, 7, 6, 10, 7, 8, 8, 6, 7, 8, 7, 8, 6, 6, 7, 10, 8, 8, 8, 8, 7, 7, 8, 6, 6, 9, 11, 6, 9, 9, 6, 7, 6, 11, 10, 6, 9, 9, 8, 6, 7, 9, 9, 8, 10, 5, 7, 7, 8, 9, 5, 7, 7, 6, 9, 8, 6, 7, 6, 7, 8, 6, 6, 7, 9, 7, 
3: 7, 6, 0, 0, 0, 0, 0, 8, 0, 0, 9, 0, 7, 9, 7, 7, 0, 0, 0, 0, 9, 0, 6, 6, 6, 0, 0, 0, 0, 7, 0, 7, 0, 7, 0, 0, 4, 9, 7, 8, 0, 6, 0, 0, 0, 5, 6, 6, 0, 8, 4, 8, 0, 7, 10, 0, 0, 7, 0, 7, 6, 9, 7, 0, 8, 8, 9, 7, 7, 7, 0, 0, 7, 6, 0, 0, 9, 0, 0, 9, 6, 0, 0, 0, 8, 0, 8, 0, 0, 0, 0, 0, 0, 8, 8, 7, 0, 0, 7, 0, 0, 0, 0, 0, 0, 0, 5, 8, 0, 0, 7, 9, 0, 10, 9, 0, 0, 0, 0, 7, : 7, 6, 8, 9, 7, 9, 7, 7, 9, 6, 6, 6, 7, 7, 7, 4, 9, 7, 8, 6, 5, 6, 6, 8, 4, 8, 7, 10, 7, 7, 6, 9, 7, 8, 8, 9, 7, 7, 7, 7, 6, 9, 9, 6, 8, 8, 8, 8, 7, 7, 5, 8, 7, 9, 10, 9, 7, 
589: 0, 0, 0, 9, 0, 0, 6, 8, 0, 0, 0, 0, 6, 6, 0, 0, 6, 0, 0, 10, 7, 0, 0, 7, 7, 0, 10, 6, 0, 0, 9, 8, 0, 0, 8, 7, 0, 7, 8, 0, 7, 7, 7, 8, 6, 7, 6, 10, 6, 6, 0, 0, 0, 0, 0, 6, 8, 0, 4, 8, 0, 0, 9, 8, 0, 0, 7, 8, 10, 6, 0, 0, 9, 5, 6, 0, 10, 0, 7, 5, 0, 0, 6, 0, 0, 6, 0, 0, 0, 9, 9, 4, 0, 8, 8, 0, 0, 0, 10, 0, 0, 0, 8, 8, 6, 5, 0, 0, 0, 0, 8, 8, 0, 0, 6, 6, 7, 0, 0, 0, : 9, 6, 8, 6, 6, 6, 10, 7, 7, 7, 10, 6, 9, 8, 8, 7, 7, 8, 7, 7, 7, 8, 6, 7, 6, 10, 6, 6, 6, 8, 4, 8, 9, 8, 7, 8, 10, 6, 9, 5, 6, 10, 7, 5, 6, 6, 9, 9, 4, 8, 8, 10, 8, 8, 6, 5, 8, 8, 6, 6, 7, 
440: 0, 0, 7, 7, 0, 6, 0, 0, 0, 0, 0, 0, 10, 7, 8, 6, 0, 7, 0, 0, 0, 7, 8, 0, 8, 0, 7, 8, 0, 8, 8, 8, 0, 0, 8, 0, 0, 7, 0, 6, 8, 8, 0, 0, 0, 0, 4, 7, 0, 0, 8, 0, 9, 6, 0, 7, 7, 8, 7, 8, 6, 0, 0, 0, 9, 0, 7, 0, 8, 0, 7, 5, 0, 7, 0, 0, 8, 0, 0, 0, 0, 0, 0, 10, 6, 9, 0, 6, 0, 0, 7, 8, 0, 0, 0, 0, 6, 0, 0, 9, 0, 0, 0, 7, 7, 0, 0, 0, 0, 6, 0, 0, 7, 0, 0, 0, 7, 8, 7, 8, : 7, 7, 6, 10, 7, 8, 6, 7, 7, 8, 8, 7, 8, 8, 8, 8, 8, 7, 6, 8, 8, 4, 7, 8, 9, 6, 7, 7, 8, 7, 8, 6, 9, 7, 8, 7, 5, 7, 8, 10, 6, 9, 6, 7, 8, 6, 9, 7, 7, 6, 7, 7, 8, 7, 8, 
206: 7, 8, 8, 0, 8, 0, 8, 7, 5, 9, 0, 7, 0, 9, 0, 5, 0, 9, 8, 0, 0, 0, 0, 6, 0, 9, 0, 6, 8, 0, 8, 0, 0, 8, 0, 0, 7, 0, 0, 7, 8, 0, 7, 8, 9, 7, 0, 10, 0, 0, 8, 7, 0, 0, 0, 7, 8, 0, 0, 5, 8, 9, 0, 0, 0, 0, 7, 0, 0, 0, 0, 8, 0, 0, 0, 6, 0, 0, 0, 7, 0, 0, 0, 0, 0, 0, 0, 0, 6, 0, 0, 0, 6, 6, 0, 9, 0, 9, 0, 0, 9, 0, 0, 5, 0, 0, 6, 9, 0, 7, 0, 0, 0, 7, 0, 6, 0, 8, 0, 9, : 7, 8, 8, 8, 8, 7, 5, 9, 7, 9, 5, 9, 8, 6, 9, 6, 8, 8, 8, 7, 7, 8, 7, 8, 9, 7, 10, 8, 7, 7, 8, 5, 8, 9, 7, 8, 6, 7, 6, 6, 6, 9, 9, 9, 5, 6, 9, 7, 7, 6, 8, 9, 
120: 8, 6, 0, 8, 0, 0, 6, 8, 8, 0, 7, 6, 7, 6, 0, 0, 0, 8, 9, 0, 9, 0, 0, 7, 9, 0, 0, 0, 7, 0, 0, 0, 7, 8, 5, 0, 9, 0, 0, 0, 0, 8, 8, 8, 0, 8, 0, 5, 6, 0, 8, 8, 11, 11, 6, 0, 0, 0, 9, 0, 0, 0, 8, 5, 5, 0, 11, 0, 0, 7, 0, 0, 0, 6, 0, 0, 0, 7, 0, 8, 8, 0, 9, 10, 0, 0, 6, 0, 6, 8, 0, 7, 0, 8, 0, 0, 0, 0, 0, 9, 7, 0, 0, 7, 6, 0, 6, 0, 6, 0, 8, 6, 8, 9, 0, 5, 5, 0, 7, 5, : 8, 6, 8, 6, 8, 8, 7, 6, 7, 6, 8, 9, 9, 7, 9, 7, 7, 8, 5, 9, 8, 8, 8, 8, 5, 6, 8, 8, 11, 11, 6, 9, 8, 5, 5, 11, 7, 6, 7, 8, 8, 9, 10, 6, 6, 8, 7, 8, 9, 7, 7, 6, 6, 6, 8, 6, 8, 9, 5, 5, 7, 5, 
547: 7, 0, 9, 0, 7, 0, 0, 8, 8, 0, 9, 0, 6, 8, 8, 7, 0, 7, 0, 0, 0, 0, 8, 0, 0, 6, 0, 0, 0, 0, 0, 6, 0, 0, 9, 9, 7, 8, 9, 6, 7, 7, 0, 0, 0, 9, 0, 8, 5, 8, 0, 6, 8, 0, 10, 5, 0, 8, 0, 8, 0, 6, 7, 6, 0, 5, 0, 7, 0, 8, 0, 7, 0, 0, 8, 6, 6, 10, 6, 10, 0, 9, 7, 9, 5, 0, 0, 6, 7, 9, 0, 9, 7, 7, 8, 0, 0, 6, 7, 0, 5, 8, 6, 6, 7, 0, 11, 5, 0, 8, 9, 8, 9, 0, 0, 7, 7, 8, 0, 9, : 7, 9, 7, 8, 8, 9, 6, 8, 8, 7, 7, 8, 6, 6, 9, 9, 7, 8, 9, 6, 7, 7, 9, 8, 5, 8, 6, 8, 10, 5, 8, 8, 6, 7, 6, 5, 7, 8, 7, 8, 6, 6, 10, 6, 10, 9, 7, 9, 5, 6, 7, 9, 9, 7, 7, 8, 6, 7, 5, 8, 6, 6, 7, 11, 5, 8, 9, 8, 9, 7, 7, 8, 9, 
464: 0, 8, 10, 5, 0, 7, 0, 0, 9, 0, 0, 8, 0, 10, 5, 0, 0, 0, 0, 4, 0, 6, 0, 0, 6, 10, 0, 7, 8, 0, 9, 6, 7, 8, 0, 6, 7, 0, 0, 0, 9, 9, 7, 4, 0, 0, 0, 0, 0, 7, 6, 7, 5, 8, 7, 6, 0, 6, 0, 7, 7, 7, 0, 7, 0, 6, 0, 0, 7, 0, 0, 8, 0, 0, 0, 5, 0, 0, 8, 8, 0, 0, 0, 0, 0, 9, 0, 0, 10, 5, 0, 0, 7, 0, 0, 0, 6, 0, 9, 6, 6, 6, 8, 0, 0, 0, 8, 7, 0, 0, 6, 0, 6, 8, 7, 0, 8, 0, 0, 0, : 8, 10, 5, 7, 9, 8, 10, 5, 4, 6, 6, 10, 7, 8, 9, 6, 7, 8, 6, 7, 9, 9, 7, 4, 7, 6, 7, 5, 8, 7, 6, 6, 7, 7, 7, 7, 6, 7, 8, 5, 8, 8, 9, 10, 5, 7, 6, 9, 6, 6, 6, 8, 8, 7, 6, 6, 8, 7, 8, 
500: 9, 0, 7, 0, 7, 8, 6, 9, 0, 9, 9, 0, 6, 8, 0, 7, 0, 0, 0, 0, 6, 9, 0, 0, 0, 9, 0, 0, 9, 9, 0, 0, 0, 0, 8, 0, 9, 0, 0, 8, 0, 7, 0, 10, 0, 4, 0, 6, 5, 0, 6, 5, 8, 0, 0, 7, 0, 0, 0, 8, 0, 0, 7, 0, 8, 6, 0, 0, 0, 0, 8, 0, 8, 0, 0, 0, 6, 6, 6, 0, 0, 0, 0, 0, 8, 9, 6, 0, 9, 5, 0, 0, 9, 0, 0, 0, 0, 9, 0, 9, 0, 5, 0, 0, 0, 0, 6, 7, 0, 0, 6, 0, 7, 6, 7, 6, 0, 8, 0, 0, : 9, 7, 7, 8, 6, 9, 9, 9, 6, 8, 7, 6, 9, 9, 9, 9, 8, 9, 8, 7, 10, 4, 6, 5, 6, 5, 8, 7, 8, 7, 8, 6, 8, 8, 6, 6, 6, 8, 9, 6, 9, 5, 9, 9, 9, 5, 6, 7, 6, 7, 6, 7, 6, 8, 
529: 0, 0, 8, 8, 0, 7, 0, 8, 0, 10, 0, 9, 10, 6, 0, 0, 7, 9, 0, 0, 8, 7, 8, 0, 0, 0, 10, 0, 8, 0, 7, 0, 0, 0, 8, 0, 7, 8, 0, 8, 0, 7, 6, 0, 10, 0, 0, 5, 9, 6, 0, 0, 0, 6, 9, 7, 7, 0, 0, 0, 0, 7, 0, 9, 8, 0, 0, 7, 0, 0, 0, 0, 0, 8, 7, 9, 10, 0, 0, 0, 7, 8, 6, 0, 6, 0, 0, 0, 0, 9, 10, 0, 0, 0, 0, 6, 8, 7, 0, 0, 8, 10, 9, 0, 0, 9, 0, 0, 6, 6, 0, 8, 0, 0, 0, 0, 0, 8, 7, 0, : 8, 8, 7, 8, 10, 9, 10, 6, 7, 9, 8, 7, 8, 10, 8, 7, 8, 7, 8, 8, 7, 6, 10, 5, 9, 6, 6, 9, 7, 7, 7, 9, 8, 7, 8, 7, 9, 10, 7, 8, 6, 6, 9, 10, 6, 8, 7, 8, 10, 9, 9, 6, 6, 8, 8, 7, 
339: 0, 8, 0, 7, 7, 7, 9, 0, 8, 0, 0, 8, 0, 0, 9, 0, 0, 0, 9, 9, 6, 6, 6, 0, 10, 9, 9, 0, 6, 0, 9, 9, 0, 9, 0, 7, 9, 7, 0, 0, 0, 11, 8, 0, 6, 9, 9, 8, 8, 0, 0, 6, 4, 10, 0, 10, 0, 6, 0, 7, 6, 0, 0, 9, 8, 0, 0, 0, 6, 7, 0, 8, 0, 0, 8, 9, 0, 0, 0, 0, 0, 0, 9, 7, 6, 0, 9, 0, 0, 0, 9, 6, 0, 9, 0, 0, 0, 6, 4, 0, 7, 0, 0, 10, 0, 10, 6, 0, 7, 0, 0, 8, 7, 5, 8, 8, 0, 9, 0, 7, : 8, 7, 7, 7, 9, 8, 8, 9, 9, 9, 6, 6, 6, 10, 9, 9, 6, 9, 9, 9, 7, 9, 7, 11, 8, 6, 9, 9, 8, 8, 6, 4, 10, 10, 6, 7, 6, 9, 8, 6, 7, 8, 8, 9, 9, 7, 6, 9, 9, 6, 9, 6, 4, 7, 10, 10, 6, 7, 8, 7, 5, 8, 8, 9, 7, 
11: 0, 0, 0, 7, 0, 7, 8, 0, 8, 0, 7, 7, 0, 0, 0, 0, 7, 7, 0, 0, 7, 0, 8, 0, 0, 0, 9, 9, 7, 0, 0, 6, 8, 0, 6, 0, 7, 7, 0, 8, 0, 7, 0, 0, 0, 7, 0, 8, 0, 8, 6, 0, 9, 7, 0, 9, 7, 7, 9, 0, 0, 0, 0, 8, 7, 0, 7, 0, 0, 7, 6, 7, 9, 6, 7, 0, 0, 7, 0, 0, 6, 0, 9, 6, 7, 0, 8, 0, 0, 8, 8, 0, 0, 0, 0, 7, 0, 0, 5, 0, 0, 9, 6, 0, 0, 0, 0, 0, 0, 0, 0, 0, 0, 0, 0, 0, 8, 0, 0, 7, : 7, 7, 8, 8, 7, 7, 7, 7, 7, 8, 9, 9, 7, 6, 8, 6, 7, 7, 8, 7, 7, 8, 8, 6, 9, 7, 9, 7, 7, 9, 8, 7, 7, 7, 6, 7, 9, 6, 7, 7, 6, 9, 6, 7, 8, 8, 8, 7, 5, 9, 6, 8, 7, 
382: 7, 0, 0, 0, 0, 8, 5, 7, 5, 0, 6, 0, 0, 0, 8, 0, 0, 0, 0, 6, 0, 5, 0, 9, 7, 7, 8, 0, 0, 7, 0, 7, 0, 7, 6, 9, 6, 8, 6, 7, 0, 10, 6, 0, 0, 0, 9, 0, 8, 0, 0, 0, 8, 0, 8, 5, 0, 0, 6, 0, 0, 0, 7, 8, 0, 8, 0, 9, 0, 8, 7, 0, 8, 9, 0, 0, 6, 0, 0, 0, 0, 0, 0, 6, 8, 9, 0, 5, 0, 7, 7, 0, 9, 6, 0, 9, 0, 0, 6, 0, 0, 0, 7, 9, 8, 9, 0, 10, 0, 0, 0, 6, 0, 0, 10, 6, 0, 0, 0, 7, : 7, 8, 5, 7, 5, 6, 8, 6, 5, 9, 7, 7, 8, 7, 7, 7, 6, 9, 6, 8, 6, 7, 10, 6, 9, 8, 8, 8, 5, 6, 7, 8, 8, 9, 8, 7, 8, 9, 6, 6, 8, 9, 5, 7, 7, 9, 6, 9, 6, 7, 9, 8, 9, 10, 6, 10, 6, 7, 
45: 8, 0, 7, 0, 7, 7, 8, 0, 0, 0, 8, 7, 0, 7, 7, 0, 0, 0, 7, 4, 7, 0, 5, 9, 9, 0, 6, 0, 0, 6, 0, 0, 0, 0, 5, 9, 10, 9, 0, 5, 7, 0, 9, 0, 0, 0, 8, 0, 0, 0, 7, 7, 0, 7, 7, 10, 0, 6, 6, 8, 7, 7, 0, 0, 0, 0, 0, 0, 8, 7, 8, 0, 8, 0, 7, 0, 0, 0, 8, 5, 0, 9, 5, 0, 8, 5, 0, 5, 0, 0, 0, 8, 0, 6, 0, 0, 7, 0, 9, 6, 0, 0, 5, 8, 0, 6, 10, 0, 7, 0, 6, 7, 9, 0, 0, 0, 0, 5, 0, 0, : 8, 7, 7, 7, 8, 8, 7, 7, 7, 7, 4, 7, 5, 9, 9, 6, 6, 5, 9, 10, 9, 5, 7, 9, 8, 7, 7, 7, 7, 10, 6, 6, 8, 7, 7, 8, 7, 8, 8, 7, 8, 5, 9, 5, 8, 5, 5, 8, 6, 7, 9, 6, 5, 8, 6, 10, 7, 6, 7, 9, 5, 
344: 6, 0, 9, 0, 0, 0, 7, 0, 0, 7, 0, 6, 7, 6, 0, 8, 0, 8, 8, 0, 0, 4, 0, 7, 10, 10, 0, 0, 0, 0, 7, 0, 8, 6, 7, 0, 7, 9, 7, 0, 0, 9, 0, 7, 6, 8, 8, 8, 5, 10, 0, 6, 0, 5, 0, 7, 0, 0, 0, 0, 0, 0, 0, 0, 0, 0, 0, 0, 0, 10, 9, 6, 9, 8, 10, 7, 7, 0, 0, 8, 7, 7, 8, 0, 0, 10, 0, 8, 0, 0, 0, 0, 0, 0, 0, 7, 6, 9, 10, 0, 7, 8, 0, 0, 0, 7, 0, 10, 8, 7, 7, 0, 5, 9, 10, 0, 8, 0, 6, 0, : 6, 9, 7, 7, 6, 7, 6, 8, 8, 8, 4, 7, 10, 10, 7, 8, 6, 7, 7, 9, 7, 9, 7, 6, 8, 8, 8, 5, 10, 6, 5, 7, 10, 9, 6, 9, 8, 10, 7, 7, 8, 7, 7, 8, 10, 8, 7, 6, 9, 10, 7, 8, 7, 10, 8, 7, 7, 5, 9, 10, 8, 6, 
273: 0, 0, 0, 0, 0, 0, 0, 6, 6, 0, 0, 0, 9, 7, 0, 9, 6, 9, 0, 5, 4, 0, 7, 9, 0, 8, 6, 0, 9, 6, 7, 7, 8, 6, 8, 7, 0, 5, 0, 0, 0, 0, 9, 0, 4, 8, 10, 0, 7, 0, 7, 0, 0, 7, 7, 4, 0, 8, 0, 7, 7, 0, 6, 0, 0, 0, 8, 0, 0, 0, 0, 0, 0, 0, 8, 0, 8, 0, 8, 0, 6, 0, 5, 0, 5, 10, 0, 7, 7, 0, 5, 0, 9, 6, 8, 0, 0, 7, 0, 6, 6, 9, 0, 6, 10, 11, 7, 0, 6, 6, 5, 7, 0, 0, 0, 0, 9, 0, 0, 10, : 6, 6, 9, 7, 9, 6, 9, 5, 4, 7, 9, 8, 6, 9, 6, 7, 7, 8, 6, 8, 7, 5, 9, 4, 8, 10, 7, 7, 7, 7, 4, 8, 7, 7, 6, 8, 8, 8, 8, 6, 5, 5, 10, 7, 7, 5, 9, 6, 8, 7, 6, 6, 9, 6, 10, 11, 7, 6, 6, 5, 7, 9, 10, 
188: 6, 8, 8, 0, 9, 7, 10, 0, 8, 6, 5, 7, 10, 0, 0, 9, 0, 8, 8, 0, 8, 0, 0, 7, 6, 8, 0, 0, 0, 0, 8, 6, 8, 8, 7, 5, 6, 0, 10, 8, 0, 0, 0, 4, 0, 6, 10, 0, 0, 8, 0, 9, 0, 6, 8, 0, 8, 7, 0, 0, 8, 7, 7, 0, 0, 8, 9, 0, 0, 0, 7, 0, 9, 8, 0, 0, 0, 7, 0, 0, 0, 0, 0, 5, 5, 0, 6, 0, 7, 0, 0, 9, 7, 0, 0, 0, 0, 7, 7, 0, 9, 0, 0, 9, 4, 0, 0, 9, 0, 8, 7, 0, 0, 0, 5, 7, 5, 0, 0, 0, : 6, 8, 8, 9, 7, 10, 8, 6, 5, 7, 10, 9, 8, 8, 8, 7, 6, 8, 8, 6, 8, 8, 7, 5, 6, 10, 8, 4, 6, 10, 8, 9, 6, 8, 8, 7, 8, 7, 7, 8, 9, 7, 9, 8, 7, 5, 5, 6, 7, 9, 7, 7, 7, 9, 9, 4, 9, 8, 7, 5, 7, 5, 
493: 0, 0, 8, 0, 0, 0, 7, 0, 0, 0, 6, 0, 5, 7, 0, 0, 9, 6, 4, 0, 6, 7, 9, 0, 7, 0, 0, 8, 0, 0, 0, 5, 0, 7, 0, 0, 7, 6, 7, 7, 7, 0, 0, 7, 0, 9, 6, 6, 7, 5, 9, 8, 0, 8, 0, 7, 6, 0, 8, 0, 7, 7, 10, 8, 9, 0, 9, 8, 9, 7, 0, 0, 8, 0, 0, 8, 0, 0, 6, 6, 9, 0, 0, 8, 0, 6, 8, 6, 8, 0, 0, 0, 9, 6, 7, 0, 9, 9, 6, 7, 4, 7, 7, 0, 8, 0, 9, 5, 0, 7, 0, 5, 8, 0, 0, 9, 8, 7, 0, 7, : 8, 7, 6, 5, 7, 9, 6, 4, 6, 7, 9, 7, 8, 5, 7, 7, 6, 7, 7, 7, 7, 9, 6, 6, 7, 5, 9, 8, 8, 7, 6, 8, 7, 7, 10, 8, 9, 9, 8, 9, 7, 8, 8, 6, 6, 9, 8, 6, 8, 6, 8, 9, 6, 7, 9, 9, 6, 7, 4, 7, 7, 8, 9, 5, 7, 5, 8, 9, 8, 7, 7, 
596: 0, 7, 5, 7, 0, 7, 7, 0, 0, 5, 0, 0, 8, 0, 0, 6, 5, 7, 0, 0, 9, 0, 0, 0, 9, 7, 0, 0, 0, 8, 0, 0, 8, 0, 0, 0, 6, 8, 6, 0, 0, 9, 0, 7, 0, 7, 9, 7, 0, 7, 0, 0, 0, 8, 6, 5, 8, 0, 8, 0, 7, 7, 7, 0, 6, 0, 6, 8, 9, 0, 8, 0, 0, 6, 8, 7, 0, 0, 0, 4, 0, 7, 0, 6, 0, 9, 0, 8, 0, 5, 8, 7, 0, 7, 5, 0, 7, 5, 0, 8, 6, 0, 8, 0, 9, 0, 5, 10, 10, 0, 7, 0, 0, 0, 9, 7, 0, 0, 0, 0, : 7, 5, 7, 7, 7, 5, 8, 6, 5, 7, 9, 9, 7, 8, 8, 6, 8, 6, 9, 7, 7, 9, 7, 7, 8, 6, 5, 8, 8, 7, 7, 7, 6, 6, 8, 9, 8, 6, 8, 7, 4, 7, 6, 9, 8, 5, 8, 7, 7, 5, 7, 5, 8, 6, 8, 9, 5, 10, 10, 7, 9, 7, 
95: 0, 7, 7, 0, 6, 0, 8, 0, 0, 0, 8, 5, 6, 0, 0, 0, 0, 0, 8, 5, 0, 0, 5, 9, 0, 8, 0, 10, 6, 0, 0, 5, 0, 0, 0, 0, 0, 0, 0, 7, 8, 0, 0, 7, 6, 0, 0, 6, 0, 0, 0, 0, 0, 0, 0, 6, 7, 8, 0, 0, 8, 10, 7, 9, 6, 8, 0, 0, 0, 0, 0, 0, 9, 0, 0, 0, 0, 5, 0, 10, 4, 9, 5, 0, 0, 0, 8, 0, 0, 0, 6, 7, 8, 6, 0, 0, 0, 8, 8, 7, 0, 7, 6, 8, 9, 7, 0, 0, 9, 6, 0, 8, 6, 7, 0, 0, 6, 8, 0, 6, : 7, 7, 6, 8, 8, 5, 6, 8, 5, 5, 9, 8, 10, 6, 5, 7, 8, 7, 6, 6, 6, 7, 8, 8, 10, 7, 9, 6, 8, 9, 5, 10, 4, 9, 5, 8, 6, 7, 8, 6, 8, 8, 7, 7, 6, 8, 9, 7, 9, 6, 8, 6, 7, 6, 8, 6, 
235: 6, 0, 0, 0, 7, 0, 0, 6, 9, 7, 9, 9, 8, 7, 7, 8, 10, 0, 0, 0, 8, 9, 0, 7, 0, 6, 6, 0, 0, 6, 0, 8, 9, 6, 0, 7, 6, 0, 6, 8, 0, 7, 0, 9, 0, 0, 0, 0, 8, 0, 0, 0, 8, 8, 5, 0, 8, 8, 0, 6, 0, 9, 0, 0, 0, 9, 0, 0, 0, 9, 6, 0, 7, 6, 5, 7, 6, 9, 0, 0, 7, 0, 9, 8, 0, 9, 9, 0, 6, 8, 0, 6, 0, 8, 0, 6, 8, 0, 0, 0, 0, 6, 10, 6, 8, 0, 7, 0, 5, 8, 0, 5, 7, 0, 9, 6, 6, 0, 0, 6, : 6, 7, 6, 9, 7, 9, 9, 8, 7, 7, 8, 10, 8, 9, 7, 6, 6, 6, 8, 9, 6, 7, 6, 6, 8, 7, 9, 8, 8, 8, 5, 8, 8, 6, 9, 9, 9, 6, 7, 6, 5, 7, 6, 9, 7, 9, 8, 9, 9, 6, 8, 6, 8, 6, 8, 6, 10, 6, 8, 7, 5, 8, 5, 7, 9, 6, 6, 6, 
58: 6, 0, 6, 8, 0, 10, 0, 8, 8, 5, 8, 0, 9, 0, 0, 0, 6, 0, 0, 6, 0, 6, 0, 0, 0, 0, 8, 0, 8, 0, 0, 0, 0, 0, 6, 4, 0, 9, 0, 0, 5, 6, 0, 8, 0, 6, 0, 8, 0, 0, 6, 0, 0, 7, 0, 0, 0, 0, 10, 7, 0, 7, 0, 0, 6, 6, 0, 0, 0, 0, 0, 0, 7, 0, 9, 0, 9, 0, 7, 0, 8, 7, 0, 8, 0, 0, 9, 0, 0, 0, 6, 8, 0, 4, 0, 8, 7, 8, 7, 4, 0, 9, 7, 0, 7, 10, 10, 6, 5, 0, 6, 0, 8, 7, 0, 9, 10, 0, 8, 6, : 6, 6, 8, 10, 8, 8, 5, 8, 9, 6, 6, 6, 8, 8, 6, 4, 9, 5, 6, 8, 6, 8, 6, 7, 10, 7, 7, 6, 6, 7, 9, 9, 7, 8, 7, 8, 9, 6, 8, 4, 8, 7, 8, 7, 4, 9, 7, 7, 10, 10, 6, 5, 6, 8, 7, 9, 10, 8, 6, 
475: 0, 0, 0, 0, 0, 0, 0, 7, 0, 8, 7, 6, 0, 0, 0, 0, 8, 0, 0, 11, 0, 0, 8, 0, 7, 10, 0, 8, 7, 8, 0, 0, 7, 0, 0, 8, 8, 8, 7, 5, 0, 8, 9, 0, 8, 0, 8, 6, 6, 8, 0, 8, 7, 10, 0, 7, 0, 6, 8, 7, 7, 11, 9, 7, 0, 0, 7, 5, 9, 0, 9, 0, 6, 0, 0, 8, 8, 8, 8, 0, 0, 8, 0, 0, 8, 0, 0, 0, 10, 0, 0, 7, 7, 0, 6, 8, 0, 0, 0, 0, 4, 0, 0, 5, 0, 5, 0, 6, 10, 0, 7, 0, 5, 0, 0, 0, 0, 8, 8, 7, : 7, 8, 7, 6, 8, 11, 8, 7, 10, 8, 7, 8, 7, 8, 8, 8, 7, 5, 8, 9, 8, 8, 6, 6, 8, 8, 7, 10, 7, 6, 8, 7, 7, 11, 9, 7, 7, 5, 9, 9, 6, 8, 8, 8, 8, 8, 8, 10, 7, 7, 6, 8, 4, 5, 5, 6, 10, 7, 5, 8, 8, 7, 
511: 8, 10, 6, 7, 0, 0, 0, 0, 9, 7, 0, 0, 0, 5, 9, 0, 7, 0, 7, 8, 0, 0, 0, 8, 9, 0, 5, 6, 0, 8, 0, 0, 8, 7, 6, 8, 7, 7, 0, 7, 0, 7, 0, 0, 0, 9, 0, 8, 0, 7, 9, 0, 9, 0, 6, 7, 0, 10, 7, 7, 8, 0, 5, 9, 7, 0, 0, 9, 0, 0, 7, 0, 0, 7, 7, 6, 0, 0, 5, 7, 0, 0, 0, 9, 9, 6, 0, 8, 0, 0, 0, 8, 0, 0, 4, 0, 0, 0, 8, 8, 9, 0, 0, 0, 8, 6, 0, 0, 7, 6, 0, 10, 0, 9, 7, 7, 8, 0, 0, 8, : 8, 10, 6, 7, 9, 7, 5, 9, 7, 7, 8, 8, 9, 5, 6, 8, 8, 7, 6, 8, 7, 7, 7, 7, 9, 8, 7, 9, 9, 6, 7, 10, 7, 7, 8, 5, 9, 7, 9, 7, 7, 7, 6, 5, 7, 9, 9, 6, 8, 8, 4, 8, 8, 9, 8, 6, 7, 6, 10, 9, 7, 7, 8, 8, 
291: 9, 0, 0, 6, 9, 0, 0, 0, 0, 0, 7, 0, 0, 0, 7, 7, 8, 0, 0, 5, 7, 0, 0, 0, 0, 0, 0, 0, 9, 5, 7, 8, 7, 0, 7, 0, 0, 5, 0, 0, 0, 0, 0, 0, 0, 8, 7, 0, 0, 0, 0, 0, 0, 7, 7, 9, 0, 10, 8, 0, 10, 0, 0, 0, 0, 0, 0, 10, 0, 0, 9, 0, 5, 0, 7, 8, 0, 7, 0, 9, 0, 8, 8, 0, 8, 0, 7, 6, 0, 9, 9, 0, 0, 0, 0, 0, 6, 0, 0, 0, 0, 0, 4, 0, 0, 7, 0, 0, 0, 0, 0, 6, 0, 0, 8, 6, 8, 0, 0, 0, : 9, 6, 9, 7, 7, 7, 8, 5, 7, 9, 5, 7, 8, 7, 7, 5, 8, 7, 7, 7, 9, 10, 8, 10, 10, 9, 5, 7, 8, 7, 9, 8, 8, 8, 7, 6, 9, 9, 6, 4, 7, 6, 8, 6, 8, 
521: 0, 9, 8, 8, 7, 0, 10, 0, 0, 0, 10, 0, 0, 8, 5, 0, 0, 0, 0, 0, 6, 9, 9, 9, 9, 0, 0, 0, 0, 0, 7, 8, 0, 7, 8, 0, 0, 7, 9, 8, 0, 9, 0, 8, 0, 0, 0, 0, 0, 5, 0, 0, 7, 6, 8, 0, 8, 0, 8, 0, 0, 0, 0, 6, 0, 0, 0, 0, 8, 8, 7, 0, 0, 7, 6, 7, 0, 7, 0, 7, 0, 0, 10, 6, 5, 10, 0, 0, 0, 0, 7, 8, 10, 0, 6, 0, 0, 7, 0, 0, 0, 7, 0, 6, 0, 9, 6, 0, 0, 7, 8, 6, 0, 8, 0, 6, 0, 8, 0, 0, : 9, 8, 8, 7, 10, 10, 8, 5, 6, 9, 9, 9, 9, 7, 8, 7, 8, 7, 9, 8, 9, 8, 5, 7, 6, 8, 8, 8, 6, 8, 8, 7, 7, 6, 7, 7, 7, 10, 6, 5, 10, 7, 8, 10, 6, 7, 7, 6, 9, 6, 7, 8, 6, 8, 6, 8, 
42: 0, 0, 0, 0, 6, 0, 6, 10, 5, 8, 0, 9, 0, 7, 7, 0, 0, 10, 0, 0, 0, 0, 9, 8, 0, 7, 0, 5, 7, 6, 0, 8, 9, 0, 0, 0, 10, 0, 0, 9, 9, 0, 0, 0, 9, 0, 7, 0, 0, 10, 6, 9, 10, 7, 9, 0, 5, 0, 0, 7, 8, 0, 5, 0, 6, 7, 0, 7, 8, 0, 0, 9, 0, 5, 0, 8, 9, 0, 0, 0, 10, 0, 6, 0, 6, 6, 6, 6, 0, 0, 0, 0, 0, 7, 4, 0, 0, 0, 0, 6, 11, 6, 0, 8, 0, 0, 0, 0, 0, 10, 10, 7, 10, 0, 8, 0, 0, 5, 5, 9, : 6, 6, 10, 5, 8, 9, 7, 7, 10, 9, 8, 7, 5, 7, 6, 8, 9, 10, 9, 9, 9, 7, 10, 6, 9, 10, 7, 9, 5, 7, 8, 5, 6, 7, 7, 8, 9, 5, 8, 9, 10, 6, 6, 6, 6, 6, 7, 4, 6, 11, 6, 8, 10, 10, 7, 10, 8, 5, 5, 9, 
74: 7, 0, 8, 7, 8, 0, 6, 7, 6, 7, 0, 0, 6, 0, 7, 7, 9, 8, 9, 0, 0, 7, 7, 7, 8, 0, 8, 8, 0, 0, 0, 0, 8, 5, 0, 7, 8, 7, 7, 9, 0, 5, 0, 0, 0, 5, 8, 0, 6, 0, 0, 0, 7, 8, 0, 8, 0, 6, 0, 0, 9, 0, 7, 0, 7, 0, 8, 0, 0, 7, 10, 9, 7, 0, 6, 6, 6, 0, 9, 7, 0, 0, 4, 0, 0, 0, 0, 0, 0, 6, 0, 0, 9, 0, 6, 0, 0, 0, 9, 0, 0, 0, 9, 0, 8, 0, 0, 0, 6, 0, 0, 0, 0, 10, 9, 8, 0, 0, 8, 5, : 7, 8, 7, 8, 6, 7, 6, 7, 6, 7, 7, 9, 8, 9, 7, 7, 7, 8, 8, 8, 8, 5, 7, 8, 7, 7, 9, 5, 5, 8, 6, 7, 8, 8, 6, 9, 7, 7, 8, 7, 10, 9, 7, 6, 6, 6, 9, 7, 4, 6, 9, 6, 9, 9, 8, 6, 10, 9, 8, 8, 5, 
216: 7, 5, 0, 0, 0, 5, 0, 5, 7, 0, 0, 0, 0, 7, 5, 0, 0, 0, 0, 0, 0, 0, 5, 6, 0, 7, 6, 0, 9, 0, 8, 9, 7, 0, 0, 0, 8, 10, 0, 0, 7, 6, 0, 8, 5, 7, 7, 0, 0, 9, 7, 7, 0, 8, 0, 0, 0, 0, 5, 7, 8, 7, 6, 6, 0, 5, 6, 0, 8, 8, 0, 7, 7, 0, 9, 0, 8, 0, 0, 0, 8, 0, 0, 5, 7, 8, 0, 7, 0, 0, 0, 6, 5, 0, 0, 0, 7, 0, 8, 0, 7, 0, 0, 8, 0, 7, 0, 7, 7, 0, 0, 0, 6, 9, 9, 9, 9, 6, 5, 0, : 7, 5, 5, 5, 7, 7, 5, 5, 6, 7, 6, 9, 8, 9, 7, 8, 10, 7, 6, 8, 5, 7, 7, 9, 7, 7, 8, 5, 7, 8, 7, 6, 6, 5, 6, 8, 8, 7, 7, 9, 8, 8, 5, 7, 8, 7, 6, 5, 7, 8, 7, 8, 7, 7, 7, 6, 9, 9, 9, 9, 6, 5, 
459: 7, 9, 7, 0, 7, 7, 8, 0, 0, 0, 7, 6, 0, 11, 7, 7, 0, 0, 7, 0, 0, 9, 0, 9, 5, 9, 0, 0, 0, 0, 7, 0, 7, 8, 8, 0, 0, 0, 6, 10, 0, 0, 8, 0, 0, 0, 0, 0, 0, 0, 4, 0, 7, 7, 6, 6, 0, 9, 0, 0, 0, 7, 0, 0, 8, 0, 9, 0, 0, 7, 9, 0, 6, 0, 7, 8, 7, 0, 9, 9, 5, 0, 10, 0, 6, 7, 0, 8, 6, 7, 0, 9, 5, 6, 0, 0, 9, 8, 9, 5, 0, 0, 0, 8, 0, 0, 9, 0, 0, 8, 9, 0, 0, 0, 0, 0, 0, 7, 0, 10, : 7, 9, 7, 7, 7, 8, 7, 6, 11, 7, 7, 7, 9, 9, 5, 9, 7, 7, 8, 8, 6, 10, 8, 4, 7, 7, 6, 6, 9, 7, 8, 9, 7, 9, 6, 7, 8, 7, 9, 9, 5, 10, 6, 7, 8, 6, 7, 9, 5, 6, 9, 8, 9, 5, 8, 9, 8, 9, 7, 10, 
87: 0, 0, 7, 0, 6, 6, 0, 5, 0, 9, 8, 0, 0, 0, 10, 0, 9, 8, 11, 8, 7, 6, 8, 0, 0, 8, 0, 0, 0, 0, 9, 10, 7, 0, 8, 0, 7, 0, 7, 8, 8, 7, 0, 8, 9, 0, 7, 8, 8, 10, 7, 11, 0, 0, 4, 0, 0, 7, 0, 0, 0, 0, 9, 0, 10, 6, 7, 7, 0, 0, 7, 0, 0, 9, 7, 8, 8, 6, 0, 0, 6, 0, 0, 9, 0, 0, 0, 0, 0, 6, 7, 10, 0, 0, 0, 6, 0, 8, 8, 0, 0, 0, 0, 0, 6, 0, 5, 6, 0, 0, 5, 0, 8, 7, 0, 0, 7, 7, 5, 7, : 7, 6, 6, 5, 9, 8, 10, 9, 8, 11, 8, 7, 6, 8, 8, 9, 10, 7, 8, 7, 7, 8, 8, 7, 8, 9, 7, 8, 8, 10, 7, 11, 4, 7, 9, 10, 6, 7, 7, 7, 9, 7, 8, 8, 6, 6, 9, 6, 7, 10, 6, 8, 8, 6, 5, 6, 5, 8, 7, 7, 7, 5, 7, 
210: 0, 9, 7, 0, 0, 9, 0, 9, 0, 0, 0, 0, 9, 9, 9, 9, 8, 7, 0, 0, 8, 0, 0, 0, 0, 7, 0, 6, 0, 7, 0, 8, 8, 6, 0, 6, 0, 0, 0, 6, 0, 0, 8, 8, 7, 0, 10, 0, 10, 6, 0, 0, 0, 7, 6, 0, 9, 9, 0, 0, 7, 9, 0, 0, 9, 0, 6, 7, 6, 0, 7, 9, 8, 0, 0, 0, 9, 6, 0, 0, 0, 7, 0, 0, 0, 0, 8, 5, 0, 9, 7, 8, 0, 0, 7, 0, 0, 0, 0, 8, 0, 0, 0, 0, 5, 0, 5, 0, 0, 8, 7, 7, 0, 0, 0, 0, 0, 0, 0, 0, : 9, 7, 9, 9, 9, 9, 9, 9, 8, 7, 8, 7, 6, 7, 8, 8, 6, 6, 6, 8, 8, 7, 10, 10, 6, 7, 6, 9, 9, 7, 9, 9, 6, 7, 6, 7, 9, 8, 9, 6, 7, 8, 5, 9, 7, 8, 7, 8, 5, 5, 8, 7, 7, 
274: 0, 0, 9, 6, 7, 8, 8, 6, 8, 7, 10, 6, 7, 7, 9, 6, 7, 6, 0, 0, 7, 0, 7, 9, 0, 9, 10, 0, 0, 7, 7, 7, 8, 0, 0, 8, 8, 0, 6, 0, 5, 0, 8, 8, 7, 6, 6, 9, 0, 11, 6, 7, 0, 0, 7, 0, 0, 0, 0, 5, 6, 0, 10, 0, 0, 0, 9, 7, 0, 6, 0, 6, 0, 0, 5, 9, 0, 6, 0, 6, 8, 0, 9, 6, 0, 7, 8, 7, 0, 0, 0, 0, 7, 7, 8, 0, 8, 10, 6, 0, 0, 0, 9, 0, 0, 0, 7, 0, 0, 7, 6, 6, 6, 0, 0, 0, 8, 0, 0, 0, : 9, 6, 7, 8, 8, 6, 8, 7, 10, 6, 7, 7, 9, 6, 7, 6, 7, 7, 9, 9, 10, 7, 7, 7, 8, 8, 8, 6, 5, 8, 8, 7, 6, 6, 9, 11, 6, 7, 7, 5, 6, 10, 9, 7, 6, 6, 5, 9, 6, 6, 8, 9, 6, 7, 8, 7, 7, 7, 8, 8, 10, 6, 9, 7, 7, 6, 6, 6, 8, 
451: 6, 9, 0, 0, 10, 0, 0, 0, 6, 6, 0, 7, 0, 0, 0, 0, 9, 7, 0, 0, 0, 9, 8, 0, 0, 0, 9, 0, 6, 6, 0, 0, 0, 0, 0, 0, 8, 0, 0, 8, 4, 6, 8, 0, 7, 0, 6, 0, 0, 7, 0, 0, 0, 0, 8, 0, 5, 0, 0, 8, 8, 10, 7, 0, 0, 7, 0, 8, 0, 10, 7, 7, 0, 7, 0, 0, 7, 9, 0, 0, 8, 5, 0, 9, 6, 7, 6, 0, 0, 0, 7, 0, 0, 8, 8, 5, 6, 0, 5, 7, 0, 5, 0, 5, 0, 0, 0, 6, 8, 0, 6, 0, 0, 0, 0, 8, 0, 6, 0, 0, : 6, 9, 10, 6, 6, 7, 9, 7, 9, 8, 9, 6, 6, 8, 8, 4, 6, 8, 7, 6, 7, 8, 5, 8, 8, 10, 7, 7, 8, 10, 7, 7, 7, 7, 9, 8, 5, 9, 6, 7, 6, 7, 8, 8, 5, 6, 5, 7, 5, 5, 6, 8, 6, 8, 6, 
155: 0, 0, 7, 7, 7, 0, 0, 0, 0, 0, 9, 9, 0, 8, 0, 5, 0, 6, 0, 9, 8, 8, 0, 0, 7, 0, 0, 0, 0, 0, 7, 0, 0, 0, 0, 9, 8, 0, 8, 0, 0, 7, 0, 6, 7, 7, 8, 0, 0, 9, 0, 0, 0, 0, 8, 7, 0, 0, 6, 6, 0, 0, 7, 5, 8, 7, 5, 0, 0, 0, 0, 8, 8, 5, 10, 6, 11, 0, 0, 5, 0, 0, 8, 7, 0, 8, 5, 0, 0, 8, 9, 0, 0, 7, 9, 0, 7, 8, 0, 7, 0, 0, 7, 0, 7, 0, 10, 7, 9, 0, 7, 9, 8, 0, 0, 8, 9, 0, 8, 8, : 7, 7, 7, 9, 9, 8, 5, 6, 9, 8, 8, 7, 7, 9, 8, 8, 7, 6, 7, 7, 8, 9, 8, 7, 6, 6, 7, 5, 8, 7, 5, 8, 8, 5, 10, 6, 11, 5, 8, 7, 8, 5, 8, 9, 7, 9, 7, 8, 7, 7, 7, 10, 7, 9, 7, 9, 8, 8, 9, 8, 8, 
414: 0, 0, 0, 0, 0, 8, 10, 5, 0, 6, 5, 0, 7, 0, 9, 0, 0, 7, 6, 0, 8, 6, 0, 8, 0, 6, 7, 9, 0, 10, 0, 7, 7, 0, 0, 0, 9, 7, 0, 0, 5, 8, 0, 9, 6, 0, 9, 0, 8, 7, 0, 0, 0, 0, 7, 0, 6, 4, 7, 8, 0, 5, 0, 4, 9, 8, 7, 8, 0, 0, 8, 0, 0, 0, 10, 0, 0, 0, 8, 0, 7, 0, 0, 11, 0, 5, 7, 5, 0, 0, 7, 10, 0, 0, 5, 7, 0, 0, 0, 0, 0, 0, 7, 11, 0, 0, 10, 0, 10, 6, 0, 6, 6, 0, 0, 6, 0, 0, 0, 0, : 8, 10, 5, 6, 5, 7, 9, 7, 6, 8, 6, 8, 6, 7, 9, 10, 7, 7, 9, 7, 5, 8, 9, 6, 9, 8, 7, 7, 6, 4, 7, 8, 5, 4, 9, 8, 7, 8, 8, 10, 8, 7, 11, 5, 7, 5, 7, 10, 5, 7, 7, 11, 10, 10, 6, 6, 6, 6, 
504: 8, 0, 9, 0, 0, 7, 7, 7, 0, 7, 0, 0, 8, 0, 6, 0, 0, 9, 9, 0, 8, 8, 9, 5, 6, 6, 6, 7, 10, 8, 7, 0, 0, 0, 7, 0, 8, 8, 0, 6, 0, 0, 0, 0, 7, 9, 5, 0, 5, 8, 7, 6, 5, 8, 0, 0, 0, 7, 6, 7, 8, 6, 0, 0, 7, 0, 0, 8, 5, 7, 6, 7, 7, 9, 0, 8, 0, 6, 0, 0, 6, 0, 0, 6, 0, 0, 6, 6, 0, 0, 0, 0, 0, 0, 0, 5, 0, 0, 0, 5, 0, 0, 0, 0, 0, 0, 0, 11, 6, 7, 0, 6, 5, 7, 0, 6, 7, 6, 7, 7, : 8, 9, 7, 7, 7, 7, 8, 6, 9, 9, 8, 8, 9, 5, 6, 6, 6, 7, 10, 8, 7, 7, 8, 8, 6, 7, 9, 5, 5, 8, 7, 6, 5, 8, 7, 6, 7, 8, 6, 7, 8, 5, 7, 6, 7, 7, 9, 8, 6, 6, 6, 6, 6, 5, 5, 11, 6, 7, 6, 5, 7, 6, 7, 6, 7, 7, 
394: 0, 0, 6, 10, 0, 0, 0, 0, 0, 8, 0, 0, 0, 0, 0, 6, 0, 0, 9, 8, 5, 0, 6, 0, 0, 8, 0, 6, 0, 6, 0, 6, 0, 7, 9, 8, 0, 6, 10, 0, 0, 0, 9, 0, 0, 0, 8, 6, 0, 7, 6, 0, 9, 9, 0, 0, 0, 0, 0, 7, 9, 8, 0, 9, 7, 7, 0, 0, 6, 0, 5, 6, 0, 8, 0, 0, 0, 5, 0, 9, 0, 7, 7, 6, 7, 0, 7, 7, 0, 0, 10, 8, 7, 0, 0, 8, 8, 7, 5, 8, 5, 7, 8, 0, 0, 0, 0, 0, 5, 7, 0, 0, 9, 0, 9, 9, 0, 0, 8, 6, : 6, 10, 8, 6, 9, 8, 5, 6, 8, 6, 6, 6, 7, 9, 8, 6, 10, 9, 8, 6, 7, 6, 9, 9, 7, 9, 8, 9, 7, 7, 6, 5, 6, 8, 5, 9, 7, 7, 6, 7, 7, 7, 10, 8, 7, 8, 8, 7, 5, 8, 5, 7, 8, 5, 7, 9, 9, 9, 8, 6, 
241: 5, 7, 0, 10, 7, 0, 0, 0, 0, 10, 10, 9, 0, 5, 0, 0, 0, 8, 0, 7, 0, 0, 0, 7, 0, 0, 10, 8, 8, 8, 8, 0, 6, 10, 0, 0, 8, 6, 8, 5, 0, 8, 0, 6, 9, 0, 7, 0, 0, 0, 9, 9, 7, 8, 0, 6, 0, 0, 0, 0, 7, 7, 6, 5, 8, 0, 9, 0, 9, 6, 0, 7, 7, 5, 7, 0, 0, 8, 0, 9, 0, 0, 0, 0, 6, 10, 9, 9, 6, 7, 0, 7, 8, 7, 0, 0, 0, 0, 0, 0, 8, 0, 5, 0, 0, 5, 5, 0, 0, 8, 0, 9, 0, 0, 8, 0, 7, 0, 9, 0, : 5, 7, 10, 7, 10, 10, 9, 5, 8, 7, 7, 10, 8, 8, 8, 8, 6, 10, 8, 6, 8, 5, 8, 6, 9, 7, 9, 9, 7, 8, 6, 7, 7, 6, 5, 8, 9, 9, 6, 7, 7, 5, 7, 8, 9, 6, 10, 9, 9, 6, 7, 7, 8, 7, 8, 5, 5, 5, 8, 9, 8, 7, 9, 
532: 8, 0, 6, 0, 8, 0, 8, 7, 7, 6, 5, 6, 0, 0, 0, 5, 9, 0, 7, 9, 0, 0, 6, 0, 9, 0, 0, 8, 6, 8, 7, 0, 0, 0, 9, 7, 0, 9, 0, 0, 9, 0, 0, 6, 8, 0, 0, 0, 0, 7, 0, 0, 7, 0, 0, 0, 10, 0, 7, 0, 7, 0, 0, 9, 0, 6, 0, 0, 0, 0, 7, 6, 6, 0, 8, 0, 8, 9, 7, 0, 8, 0, 8, 7, 7, 8, 0, 0, 11, 7, 10, 0, 6, 0, 6, 6, 0, 8, 7, 0, 10, 0, 11, 0, 8, 7, 0, 10, 10, 0, 0, 0, 0, 8, 0, 8, 0, 8, 6, 7, : 8, 6, 8, 8, 7, 7, 6, 5, 6, 5, 9, 7, 9, 6, 9, 8, 6, 8, 7, 9, 7, 9, 9, 6, 8, 7, 7, 10, 7, 7, 9, 6, 7, 6, 6, 8, 8, 9, 7, 8, 8, 7, 7, 8, 11, 7, 10, 6, 6, 6, 8, 7, 10, 11, 8, 7, 10, 10, 8, 8, 8, 6, 7, 
165: 0, 0, 0, 0, 6, 7, 0, 0, 9, 9, 7, 0, 0, 0, 0, 5, 0, 5, 7, 0, 8, 8, 0, 9, 7, 9, 0, 0, 6, 0, 8, 0, 0, 0, 0, 0, 6, 0, 9, 0, 0, 0, 7, 7, 9, 0, 0, 0, 0, 4, 7, 7, 0, 8, 7, 0, 8, 0, 8, 0, 0, 0, 0, 0, 0, 0, 8, 5, 0, 7, 10, 8, 0, 0, 0, 0, 0, 8, 8, 7, 0, 6, 0, 0, 7, 6, 5, 6, 0, 6, 0, 8, 8, 0, 6, 0, 5, 0, 0, 7, 4, 11, 6, 7, 6, 0, 8, 0, 0, 0, 10, 0, 8, 6, 0, 0, 8, 9, 0, 6, : 6, 7, 9, 9, 7, 5, 5, 7, 8, 8, 9, 7, 9, 6, 8, 6, 9, 7, 7, 9, 4, 7, 7, 8, 7, 8, 8, 8, 5, 7, 10, 8, 8, 8, 7, 6, 7, 6, 5, 6, 6, 8, 8, 6, 5, 7, 4, 11, 6, 7, 6, 8, 10, 8, 6, 8, 9, 6, 
408: 0, 0, 7, 7, 8, 7, 0, 0, 0, 0, 0, 0, 0, 8, 8, 0, 7, 0, 9, 7, 6, 0, 0, 0, 8, 9, 0, 8, 0, 0, 7, 0, 0, 8, 6, 0, 0, 7, 8, 9, 8, 8, 0, 7, 7, 0, 6, 0, 0, 6, 0, 5, 10, 0, 0, 7, 9, 8, 9, 0, 0, 0, 0, 0, 0, 0, 8, 0, 0, 0, 7, 0, 7, 0, 0, 0, 8, 0, 0, 8, 6, 7, 0, 7, 0, 0, 10, 0, 0, 9, 10, 9, 8, 0, 9, 0, 0, 0, 0, 0, 7, 4, 6, 0, 0, 0, 6, 0, 6, 8, 5, 0, 7, 8, 0, 0, 6, 6, 0, 6, : 7, 7, 8, 7, 8, 8, 7, 9, 7, 6, 8, 9, 8, 7, 8, 6, 7, 8, 9, 8, 8, 7, 7, 6, 6, 5, 10, 7, 9, 8, 9, 8, 7, 7, 8, 8, 6, 7, 7, 10, 9, 10, 9, 8, 9, 7, 4, 6, 6, 6, 8, 5, 7, 8, 6, 6, 6, 
330: 0, 0, 7, 0, 8, 6, 0, 0, 0, 0, 0, 6, 0, 7, 9, 0, 6, 6, 0, 10, 7, 5, 0, 0, 7, 6, 0, 7, 7, 7, 6, 6, 7, 6, 6, 0, 0, 7, 8, 7, 0, 8, 8, 6, 0, 7, 0, 5, 9, 6, 6, 0, 0, 8, 0, 0, 0, 0, 8, 0, 9, 0, 8, 7, 7, 9, 9, 0, 8, 0, 5, 6, 8, 6, 0, 6, 0, 0, 7, 0, 7, 7, 0, 0, 0, 9, 5, 9, 0, 9, 5, 0, 8, 9, 0, 0, 9, 8, 0, 0, 0, 6, 0, 0, 6, 6, 9, 0, 7, 0, 8, 8, 5, 0, 9, 9, 0, 0, 0, 7, : 7, 8, 6, 6, 7, 9, 6, 6, 10, 7, 5, 7, 6, 7, 7, 7, 6, 6, 7, 6, 6, 7, 8, 7, 8, 8, 6, 7, 5, 9, 6, 6, 8, 8, 9, 8, 7, 7, 9, 9, 8, 5, 6, 8, 6, 6, 7, 7, 7, 9, 5, 9, 9, 5, 8, 9, 9, 8, 6, 6, 6, 9, 7, 8, 8, 5, 9, 9, 7, 
540: 8, 0, 10, 0, 9, 9, 8, 0, 0, 8, 6, 0, 0, 0, 0, 9, 7, 0, 0, 6, 9, 0, 0, 0, 5, 7, 6, 9, 0, 0, 6, 8, 0, 8, 6, 8, 0, 9, 0, 0, 0, 0, 0, 6, 7, 10, 0, 10, 6, 7, 8, 7, 0, 7, 0, 0, 0, 0, 7, 6, 10, 9, 0, 0, 7, 0, 0, 0, 0, 5, 0, 0, 0, 0, 0, 0, 0, 7, 7, 0, 0, 10, 8, 0, 0, 8, 0, 5, 6, 7, 0, 0, 0, 0, 0, 8, 8, 7, 0, 9, 0, 6, 0, 0, 0, 0, 9, 6, 6, 0, 0, 0, 7, 9, 0, 8, 5, 7, 8, 0, : 8, 10, 9, 9, 8, 8, 6, 9, 7, 6, 9, 5, 7, 6, 9, 6, 8, 8, 6, 8, 9, 6, 7, 10, 10, 6, 7, 8, 7, 7, 7, 6, 10, 9, 7, 5, 7, 7, 10, 8, 8, 5, 6, 7, 8, 8, 7, 9, 6, 9, 6, 6, 7, 9, 8, 5, 7, 8, 
598: 6, 6, 0, 0, 0, 0, 0, 7, 0, 9, 9, 0, 9, 0, 8, 7, 0, 10, 9, 0, 0, 10, 0, 0, 0, 0, 0, 8, 0, 7, 0, 0, 0, 0, 8, 6, 7, 7, 6, 0, 8, 0, 0, 0, 9, 9, 5, 9, 10, 0, 10, 0, 7, 5, 8, 0, 0, 8, 7, 0, 8, 0, 7, 0, 11, 6, 0, 0, 8, 0, 8, 0, 7, 8, 8, 0, 0, 0, 5, 0, 10, 5, 9, 0, 9, 5, 0, 8, 0, 0, 0, 6, 7, 9, 8, 0, 8, 0, 0, 0, 0, 0, 9, 0, 0, 8, 0, 7, 0, 0, 7, 0, 0, 7, 0, 7, 0, 0, 0, 6, : 6, 6, 7, 9, 9, 9, 8, 7, 10, 9, 10, 8, 7, 8, 6, 7, 7, 6, 8, 9, 9, 5, 9, 10, 10, 7, 5, 8, 8, 7, 8, 7, 11, 6, 8, 8, 7, 8, 8, 5, 10, 5, 9, 9, 5, 8, 6, 7, 9, 8, 8, 9, 8, 7, 7, 7, 7, 6, 
370: 0, 7, 0, 0, 7, 0, 8, 0, 9, 0, 0, 0, 8, 9, 0, 0, 0, 9, 0, 6, 6, 0, 0, 0, 6, 0, 0, 0, 9, 10, 9, 7, 5, 8, 0, 0, 0, 0, 0, 0, 0, 0, 7, 8, 7, 0, 7, 7, 7, 0, 10, 0, 9, 0, 8, 9, 0, 7, 0, 0, 9, 0, 7, 0, 9, 8, 6, 0, 0, 7, 7, 0, 0, 8, 7, 5, 0, 9, 8, 0, 0, 0, 0, 9, 0, 8, 7, 10, 0, 0, 0, 10, 9, 0, 0, 9, 8, 0, 8, 5, 8, 0, 0, 0, 11, 8, 7, 0, 8, 0, 0, 8, 0, 6, 7, 0, 0, 6, 0, 7, : 7, 7, 8, 9, 8, 9, 9, 6, 6, 6, 9, 10, 9, 7, 5, 8, 7, 8, 7, 7, 7, 7, 10, 9, 8, 9, 7, 9, 7, 9, 8, 6, 7, 7, 8, 7, 5, 9, 8, 9, 8, 7, 10, 10, 9, 9, 8, 8, 5, 8, 11, 8, 7, 8, 8, 6, 7, 6, 7, 
306: 0, 0, 0, 0, 7, 0, 6, 7, 0, 0, 7, 5, 0, 8, 0, 6, 7, 0, 0, 0, 9, 0, 7, 0, 9, 0, 0, 7, 9, 0, 10, 9, 8, 0, 0, 0, 8, 0, 6, 6, 0, 0, 9, 0, 0, 9, 9, 4, 9, 0, 0, 0, 6, 7, 8, 0, 9, 0, 0, 10, 0, 7, 10, 8, 9, 7, 0, 7, 8, 0, 0, 10, 8, 0, 8, 8, 5, 8, 7, 10, 5, 5, 0, 0, 5, 0, 0, 0, 0, 7, 5, 0, 8, 5, 6, 0, 0, 7, 7, 6, 9, 7, 8, 9, 8, 0, 0, 0, 0, 6, 0, 6, 0, 0, 7, 7, 0, 8, 6, 0, : 7, 6, 7, 7, 5, 8, 6, 7, 9, 7, 9, 7, 9, 10, 9, 8, 8, 6, 6, 9, 9, 9, 4, 9, 6, 7, 8, 9, 10, 7, 10, 8, 9, 7, 7, 8, 10, 8, 8, 8, 5, 8, 7, 10, 5, 5, 5, 7, 5, 8, 5, 6, 7, 7, 6, 9, 7, 8, 9, 8, 6, 6, 7, 7, 8, 6, 
321: 6, 0, 9, 0, 0, 0, 6, 8, 6, 0, 10, 6, 6, 0, 0, 0, 0, 8, 4, 0, 0, 0, 7, 0, 9, 6, 0, 0, 6, 7, 0, 0, 0, 0, 8, 7, 0, 8, 0, 7, 7, 6, 0, 0, 0, 7, 5, 5, 6, 9, 9, 0, 0, 5, 0, 0, 7, 9, 9, 0, 7, 8, 0, 8, 0, 0, 0, 8, 0, 0, 8, 5, 7, 0, 8, 0, 0, 7, 8, 0, 5, 0, 0, 8, 5, 0, 9, 0, 8, 0, 8, 10, 0, 8, 7, 7, 9, 7, 0, 0, 0, 0, 0, 0, 6, 9, 0, 0, 0, 9, 0, 9, 0, 5, 0, 7, 0, 7, 7, 9, : 6, 9, 6, 8, 6, 10, 6, 6, 8, 4, 7, 9, 6, 6, 7, 8, 7, 8, 7, 7, 6, 7, 5, 5, 6, 9, 9, 5, 7, 9, 9, 7, 8, 8, 8, 8, 5, 7, 8, 7, 8, 5, 8, 5, 9, 8, 8, 10, 8, 7, 7, 9, 7, 6, 9, 9, 9, 5, 7, 7, 7, 9, 
438: 7, 0, 7, 7, 0, 0, 0, 0, 0, 7, 7, 0, 9, 8, 7, 10, 0, 5, 7, 8, 0, 8, 4, 0, 9, 6, 6, 8, 8, 0, 7, 0, 0, 0, 0, 9, 0, 6, 0, 5, 8, 4, 0, 8, 0, 6, 0, 0, 9, 8, 5, 8, 0, 0, 0, 0, 0, 0, 6, 0, 0, 0, 0, 0, 0, 0, 8, 8, 8, 0, 10, 0, 0, 10, 0, 6, 0, 0, 10, 7, 0, 7, 0, 8, 8, 10, 8, 8, 0, 6, 6, 6, 0, 0, 8, 0, 0, 0, 6, 11, 7, 6, 0, 0, 7, 7, 8, 7, 8, 0, 8, 0, 0, 9, 7, 0, 8, 8, 0, 0, : 7, 7, 7, 7, 7, 9, 8, 7, 10, 5, 7, 8, 8, 4, 9, 6, 6, 8, 8, 7, 9, 6, 5, 8, 4, 8, 6, 9, 8, 5, 8, 6, 8, 8, 8, 10, 10, 6, 10, 7, 7, 8, 8, 10, 8, 8, 6, 6, 6, 8, 6, 11, 7, 6, 7, 7, 8, 7, 8, 8, 9, 7, 8, 8, 
196: 0, 0, 8, 0, 0, 0, 0, 7, 0, 6, 6, 0, 8, 9, 0, 5, 8, 4, 8, 7, 7, 7, 7, 0, 0, 6, 0, 0, 9, 0, 8, 0, 0, 7, 0, 0, 6, 10, 8, 0, 7, 0, 0, 0, 0, 0, 0, 0, 0, 0, 0, 0, 0, 0, 5, 8, 0, 0, 7, 7, 7, 0, 0, 8, 5, 8, 7, 0, 0, 5, 0, 0, 10, 10, 0, 9, 0, 0, 10, 0, 6, 0, 0, 0, 0, 9, 5, 5, 7, 0, 9, 0, 0, 0, 0, 4, 9, 0, 0, 8, 0, 0, 6, 0, 0, 0, 0, 7, 0, 0, 0, 6, 7, 0, 6, 0, 7, 7, 6, 0, : 8, 7, 6, 6, 8, 9, 5, 8, 4, 8, 7, 7, 7, 7, 6, 9, 8, 7, 6, 10, 8, 7, 5, 8, 7, 7, 7, 8, 5, 8, 7, 5, 10, 10, 9, 10, 6, 9, 5, 5, 7, 9, 4, 9, 8, 6, 7, 6, 7, 6, 7, 7, 6, 
231: 8, 6, 0, 0, 8, 0, 6, 9, 7, 9, 7, 0, 7, 0, 8, 0, 0, 6, 9, 0, 7, 7, 9, 8, 9, 7, 9, 9, 0, 6, 10, 0, 0, 0, 9, 0, 0, 7, 0, 8, 0, 8, 0, 8, 0, 0, 0, 6, 0, 0, 9, 0, 0, 0, 0, 6, 7, 0, 7, 0, 0, 0, 7, 0, 0, 8, 0, 5, 0, 6, 0, 8, 0, 7, 7, 8, 9, 10, 0, 0, 6, 0, 0, 7, 7, 7, 0, 0, 7, 6, 0, 7, 0, 7, 0, 7, 11, 0, 6, 0, 0, 8, 6, 0, 6, 0, 6, 0, 7, 0, 0, 0, 0, 0, 0, 6, 0, 9, 0, 0, : 8, 6, 8, 6, 9, 7, 9, 7, 7, 8, 6, 9, 7, 7, 9, 8, 9, 7, 9, 9, 6, 10, 9, 7, 8, 8, 8, 6, 9, 6, 7, 7, 7, 8, 5, 6, 8, 7, 7, 8, 9, 10, 6, 7, 7, 7, 7, 6, 7, 7, 7, 11, 6, 8, 6, 6, 6, 7, 6, 9, 
72: 0, 9, 0, 0, 0, 8, 0, 8, 6, 0, 0, 8, 0, 9, 0, 6, 0, 0, 0, 7, 0, 0, 0, 7, 0, 0, 0, 6, 0, 0, 0, 8, 0, 8, 0, 7, 0, 0, 8, 0, 8, 9, 0, 0, 0, 0, 0, 0, 9, 0, 0, 0, 0, 7, 5, 9, 10, 7, 0, 0, 0, 0, 7, 7, 0, 0, 4, 8, 5, 8, 9, 9, 0, 0, 5, 7, 6, 0, 7, 0, 8, 6, 0, 8, 9, 0, 0, 0, 7, 10, 0, 8, 8, 0, 6, 0, 7, 9, 0, 6, 0, 7, 0, 5, 8, 10, 7, 9, 8, 10, 7, 7, 0, 8, 7, 5, 7, 8, 8, 0, : 9, 8, 8, 6, 8, 9, 6, 7, 7, 6, 8, 8, 7, 8, 8, 9, 9, 7, 5, 9, 10, 7, 7, 7, 4, 8, 5, 8, 9, 9, 5, 7, 6, 7, 8, 6, 8, 9, 7, 10, 8, 8, 6, 7, 9, 6, 7, 5, 8, 10, 7, 9, 8, 10, 7, 7, 8, 7, 5, 7, 8, 8, 
432: 0, 0, 10, 7, 8, 0, 8, 7, 0, 7, 0, 0, 6, 0, 0, 0, 6, 9, 10, 7, 8, 4, 5, 7, 0, 7, 0, 0, 5, 0, 0, 0, 0, 8, 0, 8, 0, 0, 0, 8, 9, 0, 0, 0, 8, 6, 0, 0, 0, 0, 0, 7, 6, 5, 9, 0, 9, 0, 6, 10, 7, 4, 8, 8, 0, 6, 0, 6, 9, 0, 9, 0, 0, 7, 10, 0, 7, 0, 0, 0, 8, 0, 0, 6, 8, 6, 0, 0, 8, 7, 0, 0, 0, 5, 0, 11, 8, 9, 7, 0, 0, 0, 0, 7, 0, 0, 0, 0, 6, 10, 0, 6, 0, 0, 0, 0, 6, 7, 8, 0, : 10, 7, 8, 8, 7, 7, 6, 6, 9, 10, 7, 8, 4, 5, 7, 7, 5, 8, 8, 8, 9, 8, 6, 7, 6, 5, 9, 9, 6, 10, 7, 4, 8, 8, 6, 6, 9, 9, 7, 10, 7, 8, 6, 8, 6, 8, 7, 5, 11, 8, 9, 7, 7, 6, 10, 6, 6, 7, 8, 
97: 0, 6, 0, 0, 0, 5, 0, 0, 0, 6, 0, 0, 0, 0, 8, 7, 0, 0, 5, 0, 0, 0, 7, 0, 9, 9, 9, 8, 6, 0, 0, 0, 6, 0, 7, 0, 0, 0, 0, 0, 0, 0, 8, 0, 0, 9, 0, 0, 4, 0, 6, 0, 9, 0, 0, 7, 0, 0, 7, 0, 8, 0, 0, 0, 0, 9, 8, 10, 5, 8, 0, 0, 7, 9, 8, 6, 6, 5, 7, 7, 10, 9, 0, 0, 0, 8, 10, 0, 7, 8, 8, 5, 0, 8, 7, 0, 8, 0, 0, 0, 0, 5, 0, 7, 7, 0, 0, 6, 0, 0, 0, 8, 0, 7, 9, 0, 0, 9, 0, 9, : 6, 5, 6, 8, 7, 5, 7, 9, 9, 9, 8, 6, 6, 7, 8, 9, 4, 6, 9, 7, 7, 8, 9, 8, 10, 5, 8, 7, 9, 8, 6, 6, 5, 7, 7, 10, 9, 8, 10, 7, 8, 8, 5, 8, 7, 8, 5, 7, 7, 6, 8, 7, 9, 9, 9, 
582: 8, 8, 7, 0, 7, 0, 7, 6, 7, 9, 0, 0, 0, 8, 8, 0, 8, 7, 0, 9, 10, 6, 0, 7, 5, 0, 0, 0, 8, 9, 0, 7, 6, 7, 7, 0, 0, 0, 8, 0, 0, 0, 7, 0, 6, 0, 0, 10, 0, 0, 0, 7, 7, 0, 7, 6, 9, 7, 0, 0, 5, 0, 0, 10, 0, 0, 8, 0, 0, 0, 7, 7, 0, 6, 5, 8, 0, 8, 5, 7, 9, 0, 0, 5, 0, 9, 7, 7, 6, 5, 6, 0, 0, 0, 0, 7, 0, 8, 0, 0, 6, 6, 7, 0, 0, 8, 0, 6, 0, 8, 6, 8, 0, 7, 4, 7, 8, 8, 8, 0, : 8, 8, 7, 7, 7, 6, 7, 9, 8, 8, 8, 7, 9, 10, 6, 7, 5, 8, 9, 7, 6, 7, 7, 8, 7, 6, 10, 7, 7, 7, 6, 9, 7, 5, 10, 8, 7, 7, 6, 5, 8, 8, 5, 7, 9, 5, 9, 7, 7, 6, 5, 6, 7, 8, 6, 6, 7, 8, 6, 8, 6, 8, 7, 4, 7, 8, 8, 8, 
558: 0, 5, 5, 7, 10, 0, 0, 7, 0, 0, 0, 7, 0, 8, 8, 0, 7, 0, 0, 0, 0, 7, 0, 0, 6, 0, 0, 0, 0, 0, 6, 0, 0, 5, 7, 0, 0, 0, 0, 11, 0, 0, 7, 6, 0, 0, 0, 8, 0, 0, 0, 6, 0, 0, 0, 6, 7, 0, 6, 7, 0, 0, 4, 5, 6, 7, 6, 7, 0, 9, 0, 0, 0, 7, 9, 8, 0, 5, 0, 0, 4, 0, 9, 0, 0, 0, 8, 9, 0, 0, 10, 5, 10, 7, 0, 0, 5, 9, 0, 8, 0, 0, 0, 0, 0, 0, 10, 8, 0, 0, 8, 0, 0, 0, 7, 0, 0, 5, 0, 5, : 5, 5, 7, 10, 7, 7, 8, 8, 7, 7, 6, 6, 5, 7, 11, 7, 6, 8, 6, 6, 7, 6, 7, 4, 5, 6, 7, 6, 7, 9, 7, 9, 8, 5, 4, 9, 8, 9, 10, 5, 10, 7, 5, 9, 8, 10, 8, 8, 7, 5, 5, 
212: 8, 7, 7, 6, 0, 0, 7, 0, 10, 7, 0, 9, 0, 0, 0, 5, 0, 0, 7, 7, 0, 11, 6, 0, 0, 0, 7, 0, 0, 8, 6, 0, 0, 7, 6, 9, 0, 9, 8, 9, 0, 0, 0, 8, 8, 0, 8, 7, 0, 6, 0, 9, 8, 11, 0, 0, 0, 0, 7, 9, 7, 0, 0, 6, 9, 0, 0, 6, 5, 7, 5, 5, 6, 0, 0, 0, 0, 0, 9, 6, 0, 8, 8, 0, 5, 8, 0, 8, 9, 10, 0, 0, 0, 0, 0, 9, 0, 0, 9, 7, 6, 9, 6, 0, 0, 5, 0, 5, 8, 5, 8, 6, 0, 9, 0, 0, 8, 0, 0, 7, : 8, 7, 7, 6, 7, 10, 7, 9, 5, 7, 7, 11, 6, 7, 8, 6, 7, 6, 9, 9, 8, 9, 8, 8, 8, 7, 6, 9, 8, 11, 7, 9, 7, 6, 9, 6, 5, 7, 5, 5, 6, 9, 6, 8, 8, 5, 8, 8, 9, 10, 9, 9, 7, 6, 9, 6, 5, 5, 8, 5, 8, 6, 9, 8, 7, 
88: 8, 8, 0, 6, 0, 8, 0, 0, 0, 0, 0, 0, 0, 8, 0, 7, 0, 8, 0, 7, 0, 6, 7, 0, 6, 0, 9, 0, 0, 6, 7, 0, 9, 0, 8, 7, 9, 6, 8, 5, 0, 8, 0, 0, 0, 6, 6, 5, 7, 0, 5, 6, 0, 5, 7, 9, 5, 0, 9, 0, 0, 0, 0, 0, 0, 0, 0, 9, 0, 8, 0, 0, 9, 0, 0, 8, 0, 0, 7, 10, 6, 0, 0, 0, 9, 7, 6, 8, 0, 7, 5, 0, 8, 0, 8, 8, 8, 0, 0, 8, 8, 0, 9, 9, 9, 10, 7, 7, 8, 0, 5, 0, 0, 10, 6, 0, 0, 6, 9, 7, : 8, 8, 6, 8, 8, 7, 8, 7, 6, 7, 6, 9, 6, 7, 9, 8, 7, 9, 6, 8, 5, 8, 6, 6, 5, 7, 5, 6, 5, 7, 9, 5, 9, 9, 8, 9, 8, 7, 10, 6, 9, 7, 6, 8, 7, 5, 8, 8, 8, 8, 8, 8, 9, 9, 9, 10, 7, 7, 8, 5, 10, 6, 6, 9, 7, 
149: 0, 10, 7, 6, 7, 8, 0, 10, 0, 6, 5, 8, 0, 0, 6, 9, 7, 6, 6, 0, 0, 0, 11, 9, 6, 7, 0, 5, 6, 9, 7, 7, 8, 9, 0, 8, 0, 6, 0, 0, 0, 0, 0, 0, 7, 0, 0, 7, 8, 10, 0, 5, 0, 7, 0, 0, 6, 8, 5, 0, 0, 9, 7, 8, 0, 0, 0, 0, 8, 0, 9, 0, 5, 0, 0, 0, 0, 0, 8, 0, 0, 8, 7, 0, 0, 0, 0, 5, 8, 0, 0, 0, 6, 0, 0, 0, 8, 0, 0, 6, 6, 8, 0, 6, 0, 0, 0, 6, 6, 6, 0, 8, 0, 7, 0, 0, 6, 0, 0, 0, : 10, 7, 6, 7, 8, 10, 6, 5, 8, 6, 9, 7, 6, 6, 11, 9, 6, 7, 5, 6, 9, 7, 7, 8, 9, 8, 6, 7, 7, 8, 10, 5, 7, 6, 8, 5, 9, 7, 8, 8, 9, 5, 8, 8, 7, 5, 8, 6, 8, 6, 6, 8, 6, 6, 6, 6, 8, 7, 6, 
502: 0, 9, 0, 7, 0, 6, 8, 8, 7, 0, 6, 8, 0, 5, 6, 0, 9, 0, 8, 9, 5, 0, 9, 0, 8, 0, 0, 0, 0, 8, 8, 6, 5, 7, 9, 0, 5, 0, 5, 7, 5, 0, 0, 0, 8, 0, 0, 8, 0, 0, 8, 0, 0, 0, 8, 8, 0, 7, 0, 0, 0, 8, 0, 0, 0, 9, 5, 0, 0, 9, 8, 0, 6, 10, 0, 0, 8, 9, 6, 0, 0, 10, 6, 7, 8, 7, 9, 8, 8, 0, 0, 7, 0, 7, 0, 5, 6, 0, 6, 6, 8, 0, 0, 0, 0, 7, 9, 9, 0, 10, 8, 0, 0, 7, 0, 8, 6, 0, 7, 0, : 9, 7, 6, 8, 8, 7, 6, 8, 5, 6, 9, 8, 9, 5, 9, 8, 8, 8, 6, 5, 7, 9, 5, 5, 7, 5, 8, 8, 8, 8, 8, 7, 8, 9, 5, 9, 8, 6, 10, 8, 9, 6, 10, 6, 7, 8, 7, 9, 8, 8, 7, 7, 5, 6, 6, 6, 8, 7, 9, 9, 10, 8, 7, 8, 6, 7, 
560: 0, 0, 0, 0, 0, 9, 8, 7, 11, 0, 8, 7, 0, 8, 7, 8, 7, 0, 6, 0, 6, 8, 0, 6, 0, 0, 8, 0, 8, 0, 0, 7, 9, 0, 0, 10, 0, 9, 6, 0, 8, 0, 0, 8, 7, 0, 0, 0, 0, 9, 0, 6, 0, 0, 0, 0, 0, 9, 5, 0, 7, 0, 0, 0, 0, 9, 0, 7, 5, 8, 0, 0, 7, 7, 9, 9, 6, 5, 0, 6, 0, 9, 7, 7, 0, 0, 9, 0, 9, 0, 0, 0, 6, 0, 0, 0, 8, 0, 8, 8, 7, 10, 0, 6, 7, 0, 8, 0, 0, 0, 6, 7, 0, 0, 9, 7, 8, 8, 0, 6, : 9, 8, 7, 11, 8, 7, 8, 7, 8, 7, 6, 6, 8, 6, 8, 8, 7, 9, 10, 9, 6, 8, 8, 7, 9, 6, 9, 5, 7, 9, 7, 5, 8, 7, 7, 9, 9, 6, 5, 6, 9, 7, 7, 9, 9, 6, 8, 8, 8, 7, 10, 6, 7, 8, 6, 7, 9, 7, 8, 8, 6, 
324: 7, 7, 6, 0, 9, 9, 0, 7, 0, 0, 7, 0, 0, 5, 0, 0, 6, 9, 0, 0, 7, 0, 0, 0, 0, 8, 9, 9, 6, 7, 9, 0, 8, 8, 0, 8, 0, 0, 9, 0, 0, 0, 7, 0, 0, 6, 0, 0, 8, 10, 0, 0, 6, 7, 8, 0, 0, 0, 6, 7, 0, 7, 0, 6, 0, 0, 7, 0, 0, 9, 6, 0, 0, 0, 8, 7, 0, 9, 0, 6, 6, 6, 0, 0, 0, 6, 0, 0, 7, 0, 0, 6, 0, 9, 0, 7, 7, 7, 9, 0, 9, 0, 8, 0, 8, 10, 7, 7, 0, 5, 6, 0, 0, 0, 0, 9, 0, 7, 10, 0, : 7, 7, 6, 9, 9, 7, 7, 5, 6, 9, 7, 8, 9, 9, 6, 7, 9, 8, 8, 8, 9, 7, 6, 8, 10, 6, 7, 8, 6, 7, 7, 6, 7, 9, 6, 8, 7, 9, 6, 6, 6, 6, 7, 6, 9, 7, 7, 7, 9, 9, 8, 8, 10, 7, 7, 5, 6, 9, 7, 10, 
187: 0, 0, 0, 0, 0, 5, 7, 0, 0, 0, 7, 0, 9, 0, 6, 0, 8, 0, 0, 0, 0, 9, 7, 0, 10, 6, 4, 0, 0, 0, 0, 0, 8, 0, 7, 9, 7, 0, 0, 10, 0, 0, 8, 7, 0, 8, 8, 0, 10, 0, 9, 10, 0, 0, 0, 0, 8, 0, 7, 8, 0, 0, 9, 10, 0, 0, 0, 0, 0, 0, 7, 7, 0, 7, 6, 7, 7, 6, 0, 7, 0, 8, 0, 0, 7, 0, 0, 0, 0, 0, 0, 0, 0, 9, 9, 0, 0, 7, 8, 4, 6, 6, 0, 0, 0, 6, 7, 6, 0, 0, 8, 0, 7, 0, 7, 8, 7, 0, 8, 0, : 5, 7, 7, 9, 6, 8, 9, 7, 10, 6, 4, 8, 7, 9, 7, 10, 8, 7, 8, 8, 10, 9, 10, 8, 7, 8, 9, 10, 7, 7, 7, 6, 7, 7, 6, 7, 8, 7, 9, 9, 7, 8, 4, 6, 6, 6, 7, 6, 8, 7, 7, 8, 7, 8, 
52: 0, 7, 8, 9, 0, 8, 8, 8, 8, 0, 7, 9, 8, 0, 9, 8, 4, 0, 0, 0, 11, 4, 6, 6, 0, 9, 7, 0, 0, 0, 6, 7, 5, 0, 6, 6, 8, 0, 0, 7, 9, 0, 8, 0, 0, 4, 8, 0, 0, 0, 5, 0, 7, 6, 11, 6, 0, 7, 10, 7, 5, 0, 8, 0, 0, 7, 0, 6, 0, 8, 5, 6, 7, 6, 0, 0, 9, 0, 0, 0, 0, 0, 0, 0, 9, 0, 0, 0, 5, 0, 0, 0, 7, 9, 8, 9, 0, 0, 5, 9, 8, 10, 7, 7, 5, 11, 7, 6, 0, 0, 10, 0, 6, 0, 5, 8, 9, 0, 9, 6, : 7, 8, 9, 8, 8, 8, 8, 7, 9, 8, 9, 8, 4, 11, 4, 6, 6, 9, 7, 6, 7, 5, 6, 6, 8, 7, 9, 8, 4, 8, 5, 7, 6, 11, 6, 7, 10, 7, 5, 8, 7, 6, 8, 5, 6, 7, 6, 9, 9, 5, 7, 9, 8, 9, 5, 9, 8, 10, 7, 7, 5, 11, 7, 6, 10, 6, 5, 8, 9, 9, 6, 
470: 7, 7, 0, 0, 8, 0, 0, 0, 0, 8, 0, 7, 0, 0, 0, 9, 11, 10, 7, 0, 8, 7, 0, 9, 8, 0, 6, 8, 7, 0, 7, 0, 0, 0, 0, 7, 5, 0, 0, 0, 0, 4, 6, 9, 0, 9, 8, 0, 8, 9, 6, 0, 9, 0, 0, 0, 7, 0, 0, 0, 0, 6, 7, 8, 0, 8, 0, 0, 0, 7, 0, 7, 10, 0, 0, 0, 0, 7, 0, 0, 9, 7, 7, 9, 8, 6, 0, 9, 0, 8, 0, 7, 10, 8, 7, 8, 0, 0, 0, 0, 0, 0, 0, 0, 0, 8, 10, 0, 0, 10, 8, 0, 0, 8, 0, 0, 0, 0, 7, 0, : 7, 7, 8, 8, 7, 9, 11, 10, 7, 8, 7, 9, 8, 6, 8, 7, 7, 7, 5, 4, 6, 9, 9, 8, 8, 9, 6, 9, 7, 6, 7, 8, 8, 7, 7, 10, 7, 9, 7, 7, 9, 8, 6, 9, 8, 7, 10, 8, 7, 8, 8, 10, 10, 8, 8, 7, 
90: 7, 0, 0, 8, 0, 0, 5, 6, 9, 0, 0, 0, 0, 0, 5, 0, 0, 0, 0, 9, 0, 8, 8, 9, 8, 0, 6, 9, 8, 9, 7, 7, 0, 8, 8, 0, 6, 7, 6, 0, 9, 7, 0, 0, 9, 0, 9, 0, 11, 0, 7, 8, 9, 10, 0, 0, 8, 8, 0, 0, 6, 7, 0, 6, 0, 7, 0, 0, 0, 6, 7, 10, 0, 0, 0, 0, 0, 7, 8, 9, 0, 6, 9, 0, 0, 0, 0, 0, 4, 5, 0, 0, 0, 9, 0, 6, 0, 0, 6, 7, 0, 4, 9, 0, 0, 5, 0, 6, 6, 0, 7, 0, 10, 6, 8, 0, 0, 0, 7, 8, : 7, 8, 5, 6, 9, 5, 9, 8, 8, 9, 8, 6, 9, 8, 9, 7, 7, 8, 8, 6, 7, 6, 9, 7, 9, 9, 11, 7, 8, 9, 10, 8, 8, 6, 7, 6, 7, 6, 7, 10, 7, 8, 9, 6, 9, 4, 5, 9, 6, 6, 7, 4, 9, 5, 6, 6, 7, 10, 6, 8, 7, 8, 
158: 0, 7, 0, 8, 0, 10, 0, 8, 7, 6, 0, 7, 0, 0, 0, 0, 10, 0, 7, 7, 0, 0, 8, 0, 0, 0, 0, 0, 5, 0, 7, 0, 7, 0, 5, 7, 0, 0, 7, 9, 0, 6, 8, 10, 0, 0, 6, 7, 7, 9, 9, 0, 0, 5, 7, 0, 0, 0, 6, 0, 0, 0, 6, 0, 0, 8, 0, 7, 6, 0, 9, 8, 0, 7, 7, 0, 0, 6, 9, 8, 0, 10, 0, 0, 0, 6, 7, 10, 0, 0, 5, 8, 5, 11, 0, 7, 0, 0, 7, 0, 0, 8, 0, 0, 6, 7, 9, 0, 6, 0, 0, 0, 0, 8, 7, 0, 0, 0, 0, 0, : 7, 8, 10, 8, 7, 6, 7, 10, 7, 7, 8, 5, 7, 7, 5, 7, 7, 9, 6, 8, 10, 6, 7, 7, 9, 9, 5, 7, 6, 6, 8, 7, 6, 9, 8, 7, 7, 6, 9, 8, 10, 6, 7, 10, 5, 8, 5, 11, 7, 7, 8, 6, 7, 9, 6, 8, 7, 
431: 6, 8, 0, 10, 5, 0, 7, 0, 9, 0, 0, 0, 0, 0, 5, 0, 0, 0, 0, 0, 0, 7, 0, 0, 0, 0, 0, 10, 6, 7, 0, 0, 6, 7, 0, 9, 0, 9, 8, 0, 7, 0, 4, 0, 0, 7, 0, 10, 0, 0, 10, 8, 8, 0, 0, 8, 6, 9, 10, 7, 0, 0, 9, 0, 6, 0, 0, 0, 0, 0, 0, 0, 0, 8, 0, 7, 0, 4, 9, 0, 0, 6, 6, 7, 11, 9, 8, 0, 10, 0, 10, 0, 6, 7, 8, 0, 0, 5, 8, 9, 0, 0, 10, 5, 0, 0, 8, 0, 0, 8, 7, 7, 9, 0, 6, 9, 8, 0, 0, 0, : 6, 8, 10, 5, 7, 9, 5, 7, 10, 6, 7, 6, 7, 9, 9, 8, 7, 4, 7, 10, 10, 8, 8, 8, 6, 9, 10, 7, 9, 6, 8, 7, 4, 9, 6, 6, 7, 11, 9, 8, 10, 10, 6, 7, 8, 5, 8, 9, 10, 5, 8, 8, 7, 7, 9, 6, 9, 8, 
103: 6, 0, 0, 0, 7, 9, 0, 0, 0, 0, 5, 0, 9, 0, 9, 0, 0, 0, 6, 7, 7, 7, 0, 0, 0, 0, 8, 0, 10, 0, 6, 0, 0, 8, 0, 0, 7, 0, 0, 5, 7, 0, 0, 0, 7, 6, 0, 0, 0, 0, 0, 0, 0, 9, 9, 8, 6, 9, 0, 0, 0, 8, 0, 6, 6, 0, 0, 0, 5, 0, 7, 9, 0, 8, 0, 7, 0, 8, 0, 0, 0, 8, 10, 0, 0, 0, 0, 7, 8, 8, 7, 6, 0, 7, 9, 0, 7, 0, 0, 0, 7, 0, 7, 7, 0, 9, 0, 10, 10, 6, 0, 0, 0, 5, 0, 0, 0, 10, 0, 9, : 6, 7, 9, 5, 9, 9, 6, 7, 7, 7, 8, 10, 6, 8, 7, 5, 7, 7, 6, 9, 9, 8, 6, 9, 8, 6, 6, 5, 7, 9, 8, 7, 8, 8, 10, 7, 8, 8, 7, 6, 7, 9, 7, 7, 7, 7, 9, 10, 10, 6, 5, 10, 9, 
168: 7, 0, 0, 8, 6, 0, 6, 6, 0, 5, 0, 10, 7, 0, 9, 0, 7, 7, 8, 8, 9, 9, 8, 0, 0, 8, 6, 0, 7, 0, 7, 9, 6, 0, 0, 0, 0, 8, 0, 7, 9, 0, 0, 0, 9, 9, 0, 0, 0, 5, 7, 8, 0, 0, 0, 0, 0, 0, 7, 0, 0, 0, 0, 8, 9, 4, 6, 0, 0, 0, 0, 10, 0, 0, 6, 10, 0, 7, 6, 7, 7, 8, 9, 9, 10, 0, 0, 0, 10, 8, 8, 9, 8, 0, 6, 8, 7, 0, 9, 9, 8, 7, 0, 0, 6, 0, 6, 7, 0, 0, 0, 0, 0, 5, 0, 0, 8, 9, 9, 0, : 7, 8, 6, 6, 6, 5, 10, 7, 9, 7, 7, 8, 8, 9, 9, 8, 8, 6, 7, 7, 9, 6, 8, 7, 9, 9, 9, 5, 7, 8, 7, 8, 9, 4, 6, 10, 6, 10, 7, 6, 7, 7, 8, 9, 9, 10, 10, 8, 8, 9, 8, 6, 8, 7, 9, 9, 8, 7, 6, 6, 7, 5, 8, 9, 9, 
270: 7, 6, 5, 9, 9, 10, 6, 8, 0, 9, 6, 7, 5, 6, 0, 8, 6, 8, 7, 7, 0, 0, 8, 7, 8, 6, 6, 5, 0, 0, 5, 8, 0, 8, 0, 0, 0, 0, 6, 7, 8, 0, 0, 7, 0, 0, 0, 0, 0, 0, 11, 6, 0, 0, 0, 0, 7, 8, 0, 0, 8, 8, 0, 6, 8, 8, 0, 0, 7, 10, 0, 8, 0, 6, 0, 9, 0, 0, 9, 0, 8, 6, 9, 8, 0, 0, 0, 0, 0, 7, 6, 0, 0, 0, 0, 0, 0, 0, 0, 7, 9, 9, 6, 7, 9, 7, 10, 6, 7, 10, 0, 0, 9, 6, 7, 0, 8, 7, 9, 0, : 7, 6, 5, 9, 9, 10, 6, 8, 9, 6, 7, 5, 6, 8, 6, 8, 7, 7, 8, 7, 8, 6, 6, 5, 5, 8, 8, 6, 7, 8, 7, 11, 6, 7, 8, 8, 8, 6, 8, 8, 7, 10, 8, 6, 9, 9, 8, 6, 9, 8, 7, 6, 7, 9, 9, 6, 7, 9, 7, 10, 6, 7, 10, 9, 6, 7, 8, 7, 9, 
230: 6, 7, 0, 10, 0, 0, 8, 8, 9, 0, 0, 0, 7, 9, 0, 11, 0, 0, 0, 0, 8, 0, 9, 8, 0, 0, 0, 7, 8, 0, 0, 6, 5, 5, 8, 9, 8, 0, 8, 0, 0, 0, 0, 8, 0, 0, 0, 0, 7, 0, 0, 0, 6, 0, 0, 8, 0, 7, 0, 5, 8, 7, 7, 0, 6, 0, 0, 0, 7, 7, 0, 9, 0, 6, 0, 7, 9, 0, 0, 6, 8, 0, 7, 7, 9, 0, 0, 10, 8, 11, 0, 6, 0, 0, 10, 6, 4, 0, 0, 0, 9, 0, 9, 0, 7, 6, 0, 0, 7, 7, 8, 0, 0, 8, 6, 7, 8, 0, 0, 0, : 6, 7, 10, 8, 8, 9, 7, 9, 11, 8, 9, 8, 7, 8, 6, 5, 5, 8, 9, 8, 8, 8, 7, 6, 8, 7, 5, 8, 7, 7, 6, 7, 7, 9, 6, 7, 9, 6, 8, 7, 7, 9, 10, 8, 11, 6, 10, 6, 4, 9, 9, 7, 6, 7, 7, 8, 8, 6, 7, 8, 
428: 0, 7, 6, 7, 0, 0, 8, 0, 6, 5, 8, 0, 0, 10, 0, 9, 6, 0, 6, 0, 0, 5, 9, 7, 0, 5, 0, 0, 4, 0, 0, 7, 8, 0, 7, 0, 7, 0, 7, 0, 8, 7, 9, 7, 6, 0, 0, 8, 0, 0, 9, 6, 0, 8, 0, 0, 10, 0, 7, 6, 0, 6, 0, 0, 7, 6, 8, 7, 10, 0, 0, 0, 9, 0, 0, 0, 0, 0, 7, 8, 8, 0, 7, 9, 9, 8, 0, 0, 0, 10, 0, 9, 0, 0, 0, 0, 7, 8, 0, 0, 6, 6, 8, 9, 7, 0, 0, 0, 0, 0, 5, 7, 0, 8, 8, 0, 0, 0, 0, 8, : 7, 6, 7, 8, 6, 5, 8, 10, 9, 6, 6, 5, 9, 7, 5, 4, 7, 8, 7, 7, 7, 8, 7, 9, 7, 6, 8, 9, 6, 8, 10, 7, 6, 6, 7, 6, 8, 7, 10, 9, 7, 8, 8, 7, 9, 9, 8, 10, 9, 7, 8, 6, 6, 8, 9, 7, 5, 7, 8, 8, 8, 
170: 0, 7, 10, 0, 6, 0, 6, 5, 10, 0, 0, 5, 0, 5, 6, 7, 0, 7, 7, 0, 5, 6, 0, 0, 0, 9, 7, 9, 0, 6, 0, 8, 8, 6, 0, 0, 8, 0, 0, 0, 0, 0, 7, 8, 0, 6, 0, 8, 10, 4, 7, 0, 0, 0, 0, 0, 9, 5, 8, 9, 0, 0, 8, 7, 9, 0, 0, 5, 7, 0, 0, 0, 7, 0, 7, 0, 0, 0, 0, 7, 9, 0, 9, 5, 0, 0, 4, 0, 9, 0, 8, 0, 9, 8, 9, 10, 5, 8, 0, 7, 8, 0, 8, 7, 5, 7, 0, 0, 0, 9, 0, 0, 9, 7, 0, 0, 0, 0, 0, 0, : 7, 10, 6, 6, 5, 10, 5, 5, 6, 7, 7, 7, 5, 6, 9, 7, 9, 6, 8, 8, 6, 8, 7, 8, 6, 8, 10, 4, 7, 9, 5, 8, 9, 8, 7, 9, 5, 7, 7, 7, 7, 9, 9, 5, 4, 9, 8, 9, 8, 9, 10, 5, 8, 7, 8, 8, 7, 5, 7, 9, 9, 7, 
18: 0, 6, 8, 7, 0, 0, 0, 10, 6, 6, 5, 7, 6, 0, 9, 7, 0, 0, 7, 0, 7, 0, 8, 8, 7, 0, 0, 9, 9, 0, 0, 0, 9, 0, 7, 0, 0, 0, 0, 0, 0, 8, 6, 0, 9, 0, 0, 8, 0, 0, 8, 9, 0, 0, 7, 7, 0, 0, 7, 9, 6, 0, 0, 9, 7, 0, 7, 0, 0, 0, 0, 0, 9, 10, 0, 0, 5, 8, 0, 4, 9, 5, 7, 8, 0, 0, 0, 8, 8, 0, 0, 7, 8, 0, 0, 7, 0, 5, 0, 0, 9, 5, 5, 9, 8, 0, 9, 8, 8, 6, 0, 0, 7, 8, 7, 10, 9, 0, 0, 7, : 6, 8, 7, 10, 6, 6, 5, 7, 6, 9, 7, 7, 7, 8, 8, 7, 9, 9, 9, 7, 8, 6, 9, 8, 8, 9, 7, 7, 7, 9, 6, 9, 7, 7, 9, 10, 5, 8, 4, 9, 5, 7, 8, 8, 8, 7, 8, 7, 5, 9, 5, 5, 9, 8, 9, 8, 8, 6, 7, 8, 7, 10, 9, 7, 
104: 9, 8, 9, 7, 6, 0, 10, 0, 9, 0, 0, 8, 6, 0, 10, 0, 9, 7, 0, 0, 9, 8, 0, 5, 6, 4, 0, 8, 0, 6, 6, 9, 0, 0, 0, 7, 9, 0, 9, 8, 0, 8, 8, 0, 0, 10, 7, 0, 0, 0, 0, 7, 7, 0, 0, 8, 0, 10, 0, 6, 5, 8, 10, 0, 7, 5, 0, 0, 0, 0, 0, 6, 5, 0, 9, 0, 5, 8, 7, 0, 0, 0, 6, 0, 0, 8, 5, 0, 0, 6, 8, 8, 6, 5, 0, 9, 0, 0, 7, 6, 10, 10, 0, 8, 10, 0, 0, 0, 8, 0, 0, 9, 7, 0, 8, 0, 0, 6, 9, 0, : 9, 8, 9, 7, 6, 10, 9, 8, 6, 10, 9, 7, 9, 8, 5, 6, 4, 8, 6, 6, 9, 7, 9, 9, 8, 8, 8, 10, 7, 7, 7, 8, 10, 6, 5, 8, 10, 7, 5, 6, 5, 9, 5, 8, 7, 6, 8, 5, 6, 8, 8, 6, 5, 9, 7, 6, 10, 10, 8, 10, 8, 9, 7, 8, 6, 9, 
377: 0, 6, 0, 7, 6, 6, 0, 0, 0, 7, 9, 10, 0, 8, 0, 7, 9, 0, 6, 7, 0, 8, 6, 7, 0, 5, 0, 0, 7, 9, 0, 0, 0, 6, 8, 8, 6, 0, 8, 0, 7, 9, 11, 7, 8, 8, 0, 8, 8, 7, 7, 0, 0, 0, 0, 0, 8, 0, 0, 8, 6, 0, 0, 9, 0, 9, 0, 0, 8, 0, 8, 0, 9, 0, 0, 0, 6, 7, 0, 0, 10, 7, 0, 8, 10, 0, 0, 6, 0, 5, 0, 7, 0, 0, 10, 8, 0, 6, 0, 0, 0, 8, 9, 6, 7, 0, 6, 0, 10, 6, 0, 5, 10, 5, 9, 0, 6, 0, 9, 8, : 6, 7, 6, 6, 7, 9, 10, 8, 7, 9, 6, 7, 8, 6, 7, 5, 7, 9, 6, 8, 8, 6, 8, 7, 9, 11, 7, 8, 8, 8, 8, 7, 7, 8, 8, 6, 9, 9, 8, 8, 9, 6, 7, 10, 7, 8, 10, 6, 5, 7, 10, 8, 6, 8, 9, 6, 7, 6, 10, 6, 5, 10, 5, 9, 6, 9, 8, 
193: 8, 0, 0, 6, 0, 0, 5, 0, 0, 7, 0, 9, 9, 5, 10, 7, 8, 8, 9, 0, 0, 0, 0, 0, 0, 8, 8, 7, 0, 0, 9, 8, 0, 0, 0, 0, 0, 8, 0, 0, 0, 0, 0, 0, 0, 0, 5, 0, 0, 0, 0, 5, 7, 0, 6, 0, 7, 0, 0, 0, 7, 6, 9, 0, 0, 8, 7, 0, 0, 7, 0, 7, 0, 8, 0, 9, 0, 8, 7, 0, 5, 9, 0, 0, 8, 5, 6, 9, 0, 0, 7, 0, 0, 0, 7, 8, 6, 6, 7, 0, 5, 8, 8, 0, 0, 8, 5, 0, 0, 0, 8, 0, 0, 7, 7, 7, 8, 7, 0, 0, : 8, 6, 5, 7, 9, 9, 5, 10, 7, 8, 8, 9, 8, 8, 7, 9, 8, 8, 5, 5, 7, 6, 7, 7, 6, 9, 8, 7, 7, 7, 8, 9, 8, 7, 5, 9, 8, 5, 6, 9, 7, 7, 8, 6, 6, 7, 5, 8, 8, 8, 5, 8, 7, 7, 7, 8, 7, 
572: 0, 8, 8, 9, 9, 6, 7, 0, 7, 0, 0, 0, 8, 6, 0, 0, 7, 0, 0, 0, 0, 0, 0, 0, 4, 0, 0, 6, 0, 0, 0, 8, 7, 0, 0, 0, 0, 8, 0, 0, 0, 0, 7, 0, 7, 0, 0, 0, 6, 0, 0, 11, 0, 0, 10, 6, 6, 7, 0, 5, 7, 0, 8, 0, 6, 7, 0, 9, 8, 0, 7, 0, 0, 0, 0, 0, 5, 6, 8, 0, 0, 0, 0, 0, 0, 9, 7, 0, 5, 0, 7, 0, 9, 0, 0, 7, 7, 0, 0, 0, 0, 0, 0, 0, 0, 6, 0, 6, 5, 8, 0, 9, 6, 7, 0, 7, 6, 7, 8, 0, : 8, 8, 9, 9, 6, 7, 7, 8, 6, 7, 4, 6, 8, 7, 8, 7, 7, 6, 11, 10, 6, 6, 7, 5, 7, 8, 6, 7, 9, 8, 7, 5, 6, 8, 9, 7, 5, 7, 9, 7, 7, 6, 6, 5, 8, 9, 6, 7, 7, 6, 7, 8, 
258: 8, 7, 0, 0, 0, 8, 7, 0, 8, 0, 6, 0, 9, 7, 7, 0, 6, 9, 0, 9, 0, 9, 8, 8, 6, 0, 0, 0, 0, 0, 0, 0, 8, 7, 5, 0, 8, 8, 0, 9, 0, 0, 7, 7, 0, 0, 0, 6, 10, 0, 0, 6, 9, 0, 6, 0, 6, 0, 0, 6, 6, 0, 8, 7, 10, 0, 0, 0, 6, 5, 8, 5, 7, 6, 8, 0, 0, 0, 0, 8, 9, 7, 6, 0, 0, 6, 0, 0, 6, 0, 9, 0, 7, 0, 5, 0, 7, 6, 0, 8, 0, 0, 0, 0, 9, 8, 0, 0, 0, 0, 7, 7, 0, 0, 0, 9, 0, 0, 8, 9, : 8, 7, 8, 7, 8, 6, 9, 7, 7, 6, 9, 9, 9, 8, 8, 6, 8, 7, 5, 8, 8, 9, 7, 7, 6, 10, 6, 9, 6, 6, 6, 6, 8, 7, 10, 6, 5, 8, 5, 7, 6, 8, 8, 9, 7, 6, 6, 6, 9, 7, 5, 7, 6, 8, 9, 8, 7, 7, 9, 8, 9, 


357: 8, 0, 9, 0, 7, 7, 0, 0, 0, 7, 0, 7, 0, 0, 0, 0, 0, 0, 7, 0, 0, 7, 0, 0, 8, 0, 0, 0, 8, 0, 0, 0, 0, 0, 0, 0, 0, 8, 7, 9, 7, 9, 9, 6, 7, 0, 0, 0, 8, 7, 5, 7, 4, 0, 6, 0, 0, 7, 5, 0, 0, 0, 7, 7, 7, 7, 8, 6, 9, 7, 7, 7, 0, 0, 9, 9, 8, 6, 9, 8, 8, 9, 0, 6, 5, 0, 7, 6, 0, 7, 0, 9, 0, 0, 0, 6, 8, 0, 7, 0, 0, 5, 0, 0, 5, 8, 0, 6, 7, 7, 7, 7, 8, 0, 8, 0, 6, 0, 8, 8, : 8, 9, 7, 7, 7, 7, 7, 7, 8, 8, 8, 7, 9, 7, 9, 9, 6, 7, 8, 7, 5, 7, 4, 6, 7, 5, 7, 7, 7, 7, 8, 6, 9, 7, 7, 7, 9, 9, 8, 6, 9, 8, 8, 9, 6, 5, 7, 6, 7, 9, 6, 8, 7, 5, 5, 8, 6, 7, 7, 7, 7, 8, 8, 6, 8, 8, 
570: 8, 8, 8, 0, 0, 0, 0, 0, 0, 0, 10, 0, 0, 9, 0, 4, 0, 7, 8, 0, 7, 6, 7, 0, 9, 7, 0, 10, 8, 0, 0, 0, 0, 0, 0, 0, 9, 0, 6, 7, 7, 0, 0, 0, 0, 0, 10, 0, 0, 0, 6, 0, 0, 7, 8, 0, 8, 0, 6, 8, 8, 8, 6, 0, 8, 0, 8, 7, 0, 0, 0, 7, 0, 7, 0, 9, 4, 7, 8, 7, 0, 10, 0, 0, 0, 8, 9, 6, 7, 0, 6, 7, 7, 0, 8, 4, 6, 8, 7, 8, 0, 0, 10, 7, 8, 8, 0, 5, 0, 0, 0, 0, 8, 0, 9, 0, 8, 7, 6, 0, : 8, 8, 8, 10, 9, 4, 7, 8, 7, 6, 7, 9, 7, 10, 8, 9, 6, 7, 7, 10, 6, 7, 8, 8, 6, 8, 8, 8, 6, 8, 8, 7, 7, 7, 9, 4, 7, 8, 7, 10, 8, 9, 6, 7, 6, 7, 7, 8, 4, 6, 8, 7, 8, 10, 7, 8, 8, 5, 8, 9, 8, 7, 6, 
12: 0, 0, 0, 6, 7, 9, 0, 0, 7, 7, 8, 7, 0, 7, 9, 7, 0, 8, 0, 8, 0, 7, 0, 5, 0, 9, 0, 0, 9, 0, 6, 7, 5, 0, 0, 0, 0, 7, 8, 6, 0, 0, 0, 10, 10, 9, 7, 0, 0, 0, 9, 8, 0, 0, 8, 9, 0, 7, 9, 0, 6, 0, 0, 0, 7, 0, 8, 0, 0, 7, 7, 7, 8, 0, 5, 5, 9, 9, 0, 0, 10, 0, 8, 6, 8, 0, 0, 9, 0, 0, 0, 0, 0, 6, 0, 9, 0, 9, 6, 8, 0, 9, 7, 0, 9, 5, 0, 8, 7, 5, 8, 0, 0, 0, 0, 6, 8, 0, 8, 0, : 6, 7, 9, 7, 7, 8, 7, 7, 9, 7, 8, 8, 7, 5, 9, 9, 6, 7, 5, 7, 8, 6, 10, 10, 9, 7, 9, 8, 8, 9, 7, 9, 6, 7, 8, 7, 7, 7, 8, 5, 5, 9, 9, 10, 8, 6, 8, 9, 6, 9, 9, 6, 8, 9, 7, 9, 5, 8, 7, 5, 8, 6, 8, 8, 
565: 0, 9, 0, 6, 0, 0, 8, 0, 7, 6, 0, 8, 7, 8, 5, 6, 11, 4, 7, 8, 0, 8, 0, 0, 8, 0, 0, 0, 0, 0, 0, 0, 5, 0, 0, 8, 0, 0, 5, 0, 5, 10, 6, 9, 7, 0, 0, 0, 8, 0, 0, 0, 0, 0, 0, 7, 9, 0, 6, 0, 0, 9, 0, 0, 9, 0, 0, 0, 6, 0, 7, 9, 0, 5, 0, 0, 0, 0, 9, 0, 7, 7, 9, 0, 0, 4, 7, 0, 7, 9, 7, 0, 0, 4, 7, 4, 0, 0, 0, 0, 8, 8, 8, 0, 9, 0, 4, 0, 8, 9, 0, 0, 7, 0, 0, 8, 6, 0, 7, 0, : 9, 6, 8, 7, 6, 8, 7, 8, 5, 6, 11, 4, 7, 8, 8, 8, 5, 8, 5, 5, 10, 6, 9, 7, 8, 7, 9, 6, 9, 9, 6, 7, 9, 5, 9, 7, 7, 9, 4, 7, 7, 9, 7, 4, 7, 4, 8, 8, 8, 9, 4, 8, 9, 7, 8, 6, 7, 
37: 7, 8, 0, 0, 0, 9, 0, 0, 6, 8, 11, 9, 0, 0, 7, 0, 8, 5, 7, 10, 8, 0, 6, 0, 0, 8, 8, 8, 6, 0, 0, 0, 0, 9, 8, 6, 0, 10, 0, 0, 0, 0, 8, 7, 0, 0, 0, 0, 0, 0, 0, 0, 8, 0, 7, 7, 0, 0, 9, 0, 0, 6, 8, 0, 4, 0, 10, 5, 0, 8, 0, 8, 8, 0, 7, 0, 9, 5, 8, 0, 9, 7, 6, 7, 8, 0, 7, 0, 8, 0, 9, 0, 0, 0, 8, 0, 7, 7, 7, 0, 0, 7, 7, 5, 0, 0, 0, 6, 9, 0, 7, 8, 0, 0, 0, 8, 8, 6, 0, 0, : 7, 8, 9, 6, 8, 11, 9, 7, 8, 5, 7, 10, 8, 6, 8, 8, 8, 6, 9, 8, 6, 10, 8, 7, 8, 7, 7, 9, 6, 8, 4, 10, 5, 8, 8, 8, 7, 9, 5, 8, 9, 7, 6, 7, 8, 7, 8, 9, 8, 7, 7, 7, 7, 7, 5, 6, 9, 7, 8, 8, 8, 6, 
579: 8, 0, 9, 8, 8, 0, 10, 0, 8, 0, 0, 0, 0, 6, 8, 0, 7, 7, 8, 0, 7, 6, 0, 7, 5, 9, 0, 0, 0, 0, 0, 0, 0, 0, 0, 8, 7, 7, 0, 0, 6, 8, 0, 7, 0, 8, 7, 9, 9, 0, 9, 0, 8, 0, 0, 0, 7, 0, 0, 6, 0, 5, 0, 9, 0, 0, 0, 0, 8, 6, 0, 0, 0, 7, 0, 0, 5, 0, 8, 6, 0, 0, 0, 7, 0, 5, 10, 8, 0, 7, 11, 8, 0, 0, 0, 0, 0, 0, 8, 8, 9, 5, 0, 6, 0, 0, 10, 8, 8, 0, 0, 9, 6, 0, 5, 0, 0, 0, 0, 0, : 8, 9, 8, 8, 10, 8, 6, 8, 7, 7, 8, 7, 6, 7, 5, 9, 8, 7, 7, 6, 8, 7, 8, 7, 9, 9, 9, 8, 7, 6, 5, 9, 8, 6, 7, 5, 8, 6, 7, 5, 10, 8, 7, 11, 8, 8, 8, 9, 5, 6, 10, 8, 8, 9, 6, 5, 
159: 0, 7, 0, 8, 9, 6, 0, 0, 11, 0, 0, 8, 0, 0, 0, 0, 0, 8, 7, 0, 0, 9, 9, 6, 0, 0, 7, 7, 0, 8, 0, 7, 8, 8, 10, 6, 0, 7, 0, 0, 0, 7, 0, 0, 0, 8, 8, 0, 0, 9, 0, 0, 9, 8, 8, 0, 6, 0, 0, 0, 7, 10, 6, 0, 0, 6, 6, 0, 0, 0, 0, 0, 0, 9, 7, 0, 7, 0, 0, 0, 0, 9, 0, 7, 0, 7, 0, 0, 0, 8, 0, 0, 10, 0, 9, 0, 8, 8, 8, 0, 9, 0, 8, 0, 0, 0, 0, 0, 0, 7, 0, 7, 8, 6, 8, 5, 0, 8, 5, 0, : 7, 8, 9, 6, 11, 8, 8, 7, 9, 9, 6, 7, 7, 8, 7, 8, 8, 10, 6, 7, 7, 8, 8, 9, 9, 8, 8, 6, 7, 10, 6, 6, 6, 9, 7, 7, 9, 7, 7, 8, 10, 9, 8, 8, 8, 9, 8, 7, 7, 8, 6, 8, 5, 8, 5, 
220: 0, 8, 8, 0, 7, 5, 6, 0, 7, 0, 7, 6, 7, 7, 0, 9, 0, 8, 0, 9, 8, 7, 7, 7, 0, 0, 0, 7, 7, 7, 0, 0, 6, 10, 8, 0, 7, 8, 8, 8, 6, 8, 6, 6, 0, 5, 0, 0, 0, 7, 0, 8, 0, 0, 7, 8, 0, 0, 0, 6, 9, 6, 8, 0, 7, 0, 8, 8, 6, 0, 6, 0, 0, 8, 0, 0, 0, 0, 0, 9, 9, 0, 7, 7, 0, 0, 0, 11, 0, 0, 0, 0, 8, 0, 0, 0, 7, 0, 0, 5, 8, 0, 0, 0, 0, 0, 7, 7, 0, 0, 8, 8, 10, 0, 7, 0, 0, 0, 9, 0, : 8, 8, 7, 5, 6, 7, 7, 6, 7, 7, 9, 8, 9, 8, 7, 7, 7, 7, 7, 7, 6, 10, 8, 7, 8, 8, 8, 6, 8, 6, 6, 5, 7, 8, 7, 8, 6, 9, 6, 8, 7, 8, 8, 6, 6, 8, 9, 9, 7, 7, 11, 8, 7, 5, 8, 7, 7, 8, 8, 10, 7, 9, 
405: 0, 8, 6, 8, 0, 0, 7, 7, 0, 7, 0, 0, 0, 8, 5, 6, 0, 0, 0, 7, 0, 9, 5, 0, 0, 0, 7, 0, 0, 0, 8, 0, 6, 6, 9, 6, 8, 0, 7, 6, 0, 0, 6, 0, 0, 0, 0, 0, 7, 0, 6, 0, 0, 0, 8, 0, 0, 0, 8, 6, 9, 0, 0, 0, 6, 8, 6, 8, 6, 0, 5, 8, 9, 0, 0, 10, 6, 0, 0, 0, 0, 0, 9, 0, 0, 5, 0, 8, 0, 0, 8, 0, 7, 7, 4, 7, 8, 9, 6, 0, 0, 9, 0, 7, 0, 0, 0, 0, 7, 4, 0, 9, 0, 0, 7, 0, 8, 9, 0, 9, : 8, 6, 8, 7, 7, 7, 8, 5, 6, 7, 9, 5, 7, 8, 6, 6, 9, 6, 8, 7, 6, 6, 7, 6, 8, 8, 6, 9, 6, 8, 6, 8, 6, 5, 8, 9, 10, 6, 9, 5, 8, 8, 7, 7, 4, 7, 8, 9, 6, 9, 7, 7, 4, 9, 7, 8, 9, 9, 
252: 8, 7, 0, 0, 0, 0, 5, 7, 0, 4, 8, 5, 6, 0, 6, 0, 7, 0, 0, 0, 8, 0, 0, 7, 0, 7, 7, 10, 0, 0, 0, 5, 9, 10, 7, 0, 0, 8, 9, 7, 0, 0, 7, 0, 0, 8, 0, 0, 0, 7, 0, 0, 7, 9, 7, 7, 8, 0, 0, 0, 0, 0, 0, 0, 7, 7, 0, 5, 7, 8, 8, 8, 7, 9, 7, 7, 8, 0, 6, 7, 0, 8, 0, 0, 0, 0, 0, 0, 6, 4, 0, 0, 4, 5, 0, 8, 8, 0, 0, 8, 8, 0, 0, 8, 0, 8, 0, 9, 0, 0, 4, 0, 6, 7, 0, 9, 0, 9, 10, 7, : 8, 7, 5, 7, 4, 8, 5, 6, 6, 7, 8, 7, 7, 7, 10, 5, 9, 10, 7, 8, 9, 7, 7, 8, 7, 7, 9, 7, 7, 8, 7, 7, 5, 7, 8, 8, 8, 7, 9, 7, 7, 8, 6, 7, 8, 6, 4, 4, 5, 8, 8, 8, 8, 8, 8, 9, 4, 6, 7, 9, 9, 10, 7, 
531: 8, 7, 0, 0, 0, 0, 0, 0, 0, 0, 0, 7, 0, 0, 0, 5, 5, 7, 0, 8, 0, 8, 0, 0, 0, 6, 7, 7, 7, 0, 8, 7, 8, 0, 9, 8, 7, 0, 4, 0, 6, 0, 7, 9, 0, 0, 7, 7, 8, 0, 0, 0, 9, 0, 0, 7, 9, 0, 0, 6, 6, 0, 0, 8, 8, 0, 0, 0, 0, 0, 9, 8, 0, 0, 6, 7, 0, 0, 7, 0, 8, 9, 0, 10, 0, 8, 7, 0, 5, 7, 6, 8, 9, 0, 8, 0, 8, 8, 5, 8, 0, 0, 7, 0, 0, 9, 9, 0, 8, 8, 6, 0, 8, 0, 0, 0, 0, 0, 0, 0, : 8, 7, 7, 5, 5, 7, 8, 8, 6, 7, 7, 7, 8, 7, 8, 9, 8, 7, 4, 6, 7, 9, 7, 7, 8, 9, 7, 9, 6, 6, 8, 8, 9, 8, 6, 7, 7, 8, 9, 10, 8, 7, 5, 7, 6, 8, 9, 8, 8, 8, 5, 8, 7, 9, 9, 8, 8, 6, 8, 
305: 6, 0, 6, 0, 0, 0, 8, 0, 8, 0, 7, 6, 7, 8, 0, 0, 7, 8, 0, 0, 9, 0, 0, 0, 7, 0, 0, 8, 0, 7, 6, 0, 0, 0, 6, 0, 8, 0, 0, 7, 0, 0, 7, 8, 8, 6, 10, 9, 4, 0, 5, 0, 0, 8, 0, 8, 9, 8, 10, 8, 10, 7, 0, 10, 8, 0, 6, 8, 8, 6, 0, 6, 5, 0, 9, 8, 5, 6, 0, 0, 0, 0, 9, 8, 0, 0, 0, 0, 0, 9, 0, 0, 5, 0, 8, 8, 0, 0, 0, 7, 9, 10, 0, 0, 0, 0, 8, 0, 0, 9, 0, 0, 0, 7, 0, 6, 9, 0, 8, 0, : 6, 6, 8, 8, 7, 6, 7, 8, 7, 8, 9, 7, 8, 7, 6, 6, 8, 7, 7, 8, 8, 6, 10, 9, 4, 5, 8, 8, 9, 8, 10, 8, 10, 7, 10, 8, 6, 8, 8, 6, 6, 5, 9, 8, 5, 6, 9, 8, 9, 5, 8, 8, 7, 9, 10, 8, 9, 7, 6, 9, 8, 
325: 6, 7, 9, 6, 0, 10, 0, 8, 0, 10, 8, 0, 9, 6, 7, 8, 0, 5, 0, 5, 0, 8, 0, 9, 0, 8, 8, 5, 0, 9, 0, 0, 9, 8, 6, 7, 5, 0, 0, 7, 0, 0, 0, 0, 0, 9, 0, 0, 0, 6, 0, 7, 7, 6, 6, 0, 7, 0, 0, 5, 9, 0, 7, 0, 7, 7, 0, 7, 0, 5, 8, 8, 8, 0, 8, 9, 0, 8, 0, 0, 9, 6, 0, 0, 6, 0, 7, 0, 7, 5, 0, 7, 5, 10, 0, 0, 9, 8, 0, 9, 0, 6, 5, 5, 0, 0, 6, 6, 0, 9, 0, 0, 0, 8, 0, 0, 0, 6, 0, 0, : 6, 7, 9, 6, 10, 8, 10, 8, 9, 6, 7, 8, 5, 5, 8, 9, 8, 8, 5, 9, 9, 8, 6, 7, 5, 7, 9, 6, 7, 7, 6, 6, 7, 5, 9, 7, 7, 7, 7, 5, 8, 8, 8, 8, 9, 8, 9, 6, 6, 7, 7, 5, 7, 5, 10, 9, 8, 9, 6, 5, 5, 6, 6, 9, 8, 6, 
486: 6, 10, 9, 0, 0, 9, 0, 0, 5, 8, 9, 6, 0, 0, 6, 6, 0, 0, 0, 9, 0, 8, 0, 0, 0, 0, 0, 0, 8, 0, 6, 9, 0, 0, 6, 7, 8, 0, 7, 9, 8, 0, 0, 0, 0, 0, 0, 10, 0, 8, 6, 0, 0, 6, 0, 0, 8, 0, 7, 0, 0, 0, 0, 7, 0, 7, 5, 0, 5, 0, 8, 0, 8, 0, 0, 7, 8, 0, 0, 0, 0, 0, 4, 0, 8, 7, 0, 9, 10, 8, 8, 0, 0, 0, 0, 0, 0, 0, 8, 0, 0, 5, 9, 0, 9, 0, 0, 8, 4, 7, 9, 0, 0, 8, 7, 0, 9, 8, 0, 8, : 6, 10, 9, 9, 5, 8, 9, 6, 6, 6, 9, 8, 8, 6, 9, 6, 7, 8, 7, 9, 8, 10, 8, 6, 6, 8, 7, 7, 7, 5, 5, 8, 8, 7, 8, 4, 8, 7, 9, 10, 8, 8, 8, 5, 9, 9, 8, 4, 7, 9, 8, 7, 9, 8, 8, 
47: 8, 0, 6, 7, 7, 0, 7, 0, 7, 7, 0, 9, 0, 0, 8, 0, 0, 7, 0, 5, 8, 9, 0, 0, 7, 0, 9, 8, 8, 7, 0, 0, 0, 0, 0, 8, 0, 0, 0, 0, 0, 0, 5, 0, 5, 0, 0, 7, 8, 0, 8, 8, 0, 7, 0, 10, 0, 9, 8, 9, 7, 0, 0, 9, 0, 9, 8, 0, 8, 5, 0, 0, 10, 0, 0, 0, 0, 0, 7, 0, 8, 0, 0, 0, 6, 6, 6, 0, 6, 0, 8, 9, 6, 6, 6, 8, 10, 9, 0, 7, 7, 7, 7, 0, 9, 7, 9, 0, 0, 8, 0, 0, 7, 7, 9, 0, 0, 7, 0, 7, : 8, 6, 7, 7, 7, 7, 7, 9, 8, 7, 5, 8, 9, 7, 9, 8, 8, 7, 8, 5, 5, 7, 8, 8, 8, 7, 10, 9, 8, 9, 7, 9, 9, 8, 8, 5, 10, 7, 8, 6, 6, 6, 6, 8, 9, 6, 6, 6, 8, 10, 9, 7, 7, 7, 7, 9, 7, 9, 8, 7, 7, 9, 7, 7, 
411: 7, 0, 6, 6, 0, 0, 7, 0, 0, 8, 0, 0, 9, 11, 8, 0, 0, 8, 0, 4, 0, 0, 7, 7, 5, 0, 8, 0, 7, 9, 8, 0, 7, 8, 7, 0, 0, 0, 9, 5, 8, 0, 0, 6, 0, 0, 0, 0, 9, 8, 8, 0, 6, 8, 6, 0, 6, 0, 6, 0, 7, 9, 8, 7, 6, 0, 0, 0, 0, 0, 5, 8, 11, 0, 0, 8, 0, 0, 9, 0, 0, 7, 0, 8, 0, 8, 8, 7, 0, 8, 5, 5, 0, 8, 7, 5, 0, 0, 9, 7, 8, 5, 0, 0, 6, 8, 8, 0, 0, 6, 0, 0, 7, 0, 7, 8, 8, 0, 7, 0, : 7, 6, 6, 7, 8, 9, 11, 8, 8, 4, 7, 7, 5, 8, 7, 9, 8, 7, 8, 7, 9, 5, 8, 6, 9, 8, 8, 6, 8, 6, 6, 6, 7, 9, 8, 7, 6, 5, 8, 11, 8, 9, 7, 8, 8, 8, 7, 8, 5, 5, 8, 7, 5, 9, 7, 8, 5, 6, 8, 8, 6, 7, 7, 8, 8, 7, 
379: 0, 6, 8, 8, 10, 0, 0, 0, 10, 6, 0, 0, 0, 7, 0, 7, 8, 0, 0, 0, 0, 0, 0, 7, 0, 0, 0, 9, 8, 0, 0, 7, 8, 0, 7, 7, 5, 0, 0, 8, 0, 0, 0, 0, 0, 0, 0, 7, 7, 0, 7, 9, 0, 5, 0, 0, 6, 6, 7, 0, 0, 6, 7, 0, 6, 0, 0, 9, 0, 9, 8, 0, 8, 8, 9, 6, 0, 0, 0, 0, 0, 0, 0, 8, 0, 0, 0, 0, 0, 0, 9, 0, 7, 9, 0, 0, 0, 0, 7, 7, 0, 7, 0, 0, 8, 8, 0, 5, 6, 7, 0, 0, 6, 8, 0, 8, 0, 0, 0, 6, : 6, 8, 8, 10, 10, 6, 7, 7, 8, 7, 9, 8, 7, 8, 7, 7, 5, 8, 7, 7, 7, 9, 5, 6, 6, 7, 6, 7, 6, 9, 9, 8, 8, 8, 9, 6, 8, 9, 7, 9, 7, 7, 7, 8, 8, 5, 6, 7, 6, 8, 8, 6, 
591: 0, 0, 0, 0, 7, 9, 8, 0, 0, 0, 8, 9, 0, 0, 0, 7, 0, 8, 0, 6, 9, 0, 8, 7, 0, 0, 0, 0, 8, 0, 9, 0, 7, 8, 0, 8, 5, 0, 0, 8, 8, 8, 0, 7, 0, 6, 0, 8, 0, 7, 7, 9, 0, 0, 8, 7, 0, 0, 9, 7, 0, 0, 0, 9, 8, 0, 0, 0, 8, 0, 10, 8, 0, 0, 7, 10, 6, 6, 9, 5, 8, 0, 0, 8, 8, 6, 0, 0, 7, 0, 0, 6, 0, 9, 0, 0, 0, 8, 0, 8, 0, 0, 0, 0, 0, 0, 6, 0, 0, 0, 0, 7, 10, 9, 0, 0, 8, 8, 9, 0, : 7, 9, 8, 8, 9, 7, 8, 6, 9, 8, 7, 8, 9, 7, 8, 8, 5, 8, 8, 8, 7, 6, 8, 7, 7, 9, 8, 7, 9, 7, 9, 8, 8, 10, 8, 7, 10, 6, 6, 9, 5, 8, 8, 8, 6, 7, 6, 9, 8, 8, 6, 7, 10, 9, 8, 8, 9, 
283: 0, 0, 6, 6, 0, 6, 6, 9, 0, 0, 0, 6, 7, 0, 0, 7, 4, 6, 9, 7, 8, 7, 9, 0, 0, 7, 9, 5, 7, 0, 0, 10, 0, 7, 9, 9, 0, 0, 8, 10, 0, 6, 10, 0, 0, 9, 9, 0, 0, 0, 5, 7, 0, 0, 0, 8, 9, 7, 6, 7, 7, 0, 0, 8, 9, 8, 0, 0, 0, 0, 5, 0, 0, 0, 10, 8, 0, 0, 8, 7, 0, 6, 11, 0, 0, 7, 0, 7, 6, 6, 9, 7, 0, 6, 0, 9, 0, 8, 0, 0, 0, 0, 0, 0, 8, 8, 0, 9, 0, 0, 5, 6, 6, 0, 8, 8, 0, 9, 8, 0, : 6, 6, 6, 6, 9, 6, 7, 7, 4, 6, 9, 7, 8, 7, 9, 7, 9, 5, 7, 10, 7, 9, 9, 8, 10, 6, 10, 9, 9, 5, 7, 8, 9, 7, 6, 7, 7, 8, 9, 8, 5, 10, 8, 8, 7, 6, 11, 7, 7, 6, 6, 9, 7, 6, 9, 8, 8, 8, 9, 5, 6, 6, 8, 8, 9, 8, 
422: 7, 8, 0, 0, 0, 9, 0, 0, 8, 0, 9, 0, 0, 7, 8, 8, 8, 0, 0, 0, 8, 0, 7, 8, 9, 7, 0, 6, 0, 8, 0, 9, 7, 0, 8, 0, 0, 0, 0, 0, 8, 8, 7, 8, 0, 0, 0, 0, 0, 9, 7, 9, 6, 0, 9, 8, 0, 7, 8, 8, 5, 0, 6, 5, 0, 0, 0, 0, 0, 10, 0, 0, 7, 7, 0, 6, 6, 0, 7, 0, 0, 7, 5, 0, 10, 6, 0, 5, 8, 0, 0, 8, 7, 0, 0, 0, 0, 0, 6, 0, 0, 0, 7, 0, 0, 0, 0, 0, 9, 0, 8, 0, 8, 7, 8, 0, 9, 0, 0, 7, : 7, 8, 9, 8, 9, 7, 8, 8, 8, 8, 7, 8, 9, 7, 6, 8, 9, 7, 8, 8, 8, 7, 8, 9, 7, 9, 6, 9, 8, 7, 8, 8, 5, 6, 5, 10, 7, 7, 6, 6, 7, 7, 5, 10, 6, 5, 8, 8, 7, 6, 7, 9, 8, 8, 7, 8, 9, 7, 
290: 8, 0, 7, 0, 0, 0, 6, 0, 8, 0, 0, 9, 0, 9, 0, 0, 6, 11, 7, 7, 9, 7, 0, 8, 0, 7, 8, 7, 0, 0, 7, 7, 8, 0, 10, 0, 8, 9, 7, 0, 5, 7, 8, 7, 7, 0, 0, 7, 7, 0, 7, 7, 5, 0, 6, 0, 11, 7, 0, 0, 8, 8, 6, 7, 9, 0, 0, 0, 5, 0, 8, 7, 0, 8, 7, 0, 9, 0, 0, 5, 0, 8, 10, 7, 9, 0, 0, 5, 0, 0, 0, 0, 0, 0, 0, 8, 0, 0, 9, 0, 8, 8, 0, 0, 0, 8, 8, 0, 9, 0, 0, 7, 0, 5, 0, 0, 0, 6, 0, 0, : 8, 7, 6, 8, 9, 9, 6, 11, 7, 7, 9, 7, 8, 7, 8, 7, 7, 7, 8, 10, 8, 9, 7, 5, 7, 8, 7, 7, 7, 7, 7, 7, 5, 6, 11, 7, 8, 8, 6, 7, 9, 5, 8, 7, 8, 7, 9, 5, 8, 10, 7, 9, 5, 8, 9, 8, 8, 8, 8, 9, 7, 5, 6, 
385: 0, 8, 0, 8, 0, 9, 5, 7, 9, 6, 0, 8, 9, 0, 6, 0, 8, 0, 0, 8, 6, 0, 0, 5, 8, 8, 7, 0, 7, 7, 0, 6, 0, 0, 0, 7, 0, 10, 8, 5, 0, 9, 0, 0, 0, 0, 6, 6, 0, 7, 0, 8, 0, 8, 8, 0, 6, 0, 0, 0, 6, 0, 0, 6, 8, 5, 0, 0, 7, 0, 0, 0, 0, 0, 0, 0, 7, 9, 0, 0, 10, 10, 0, 7, 8, 0, 0, 0, 0, 0, 9, 0, 8, 0, 0, 7, 0, 7, 0, 0, 8, 10, 7, 0, 0, 7, 0, 8, 8, 0, 0, 0, 9, 6, 0, 0, 0, 0, 8, 0, : 8, 8, 9, 5, 7, 9, 6, 8, 9, 6, 8, 8, 6, 5, 8, 8, 7, 7, 7, 6, 7, 10, 8, 5, 9, 6, 6, 7, 8, 8, 8, 6, 6, 6, 8, 5, 7, 7, 9, 10, 10, 7, 8, 9, 8, 7, 7, 8, 10, 7, 7, 8, 8, 9, 6, 8, 
271: 8, 7, 7, 7, 0, 7, 0, 7, 7, 6, 7, 8, 0, 0, 7, 0, 0, 6, 11, 0, 9, 8, 0, 8, 0, 7, 0, 6, 10, 7, 9, 0, 7, 0, 6, 6, 0, 0, 0, 9, 0, 7, 0, 9, 6, 7, 7, 0, 0, 6, 0, 0, 9, 0, 8, 0, 7, 0, 0, 0, 8, 6, 6, 0, 0, 8, 0, 7, 0, 8, 7, 8, 5, 0, 0, 8, 7, 0, 6, 8, 7, 7, 0, 0, 5, 9, 0, 0, 0, 7, 0, 7, 5, 0, 0, 5, 8, 8, 0, 9, 10, 8, 0, 8, 5, 9, 5, 0, 0, 0, 0, 7, 0, 0, 8, 9, 8, 0, 7, 5, : 8, 7, 7, 7, 7, 7, 7, 6, 7, 8, 7, 6, 11, 9, 8, 8, 7, 6, 10, 7, 9, 7, 6, 6, 9, 7, 9, 6, 7, 7, 6, 9, 8, 7, 8, 6, 6, 8, 7, 8, 7, 8, 5, 8, 7, 6, 8, 7, 7, 5, 9, 7, 7, 5, 5, 8, 8, 9, 10, 8, 8, 5, 9, 5, 7, 8, 9, 8, 7, 5, 
429: 7, 0, 0, 0, 6, 0, 10, 5, 0, 9, 0, 0, 10, 8, 0, 5, 0, 0, 9, 0, 8, 0, 6, 0, 8, 0, 8, 7, 0, 0, 8, 6, 0, 8, 0, 8, 8, 7, 0, 9, 0, 6, 9, 0, 9, 0, 8, 0, 6, 7, 0, 8, 0, 9, 0, 0, 0, 6, 6, 9, 7, 0, 9, 0, 9, 8, 8, 9, 8, 0, 0, 0, 6, 7, 8, 0, 0, 0, 6, 0, 8, 0, 9, 7, 0, 0, 7, 0, 0, 0, 8, 7, 8, 6, 9, 9, 0, 5, 0, 8, 10, 9, 7, 0, 8, 0, 6, 7, 6, 10, 6, 4, 0, 9, 0, 0, 0, 0, 0, 8, : 7, 6, 10, 5, 9, 10, 8, 5, 9, 8, 6, 8, 8, 7, 8, 6, 8, 8, 8, 7, 9, 6, 9, 9, 8, 6, 7, 8, 9, 6, 6, 9, 7, 9, 9, 8, 8, 9, 8, 6, 7, 8, 6, 8, 9, 7, 7, 8, 7, 8, 6, 9, 9, 5, 8, 10, 9, 7, 8, 6, 7, 6, 10, 6, 4, 9, 8, 
484: 0, 7, 8, 7, 0, 0, 0, 8, 0, 0, 0, 7, 0, 7, 0, 0, 8, 7, 6, 9, 0, 8, 0, 0, 8, 9, 6, 0, 0, 0, 0, 8, 8, 7, 0, 0, 7, 7, 8, 6, 9, 0, 5, 5, 0, 8, 6, 9, 6, 9, 0, 10, 0, 0, 0, 0, 0, 6, 5, 0, 7, 0, 0, 7, 0, 8, 0, 7, 0, 8, 0, 0, 0, 0, 0, 8, 0, 8, 0, 10, 7, 8, 7, 0, 0, 0, 0, 0, 0, 7, 0, 0, 7, 11, 4, 6, 0, 0, 0, 6, 0, 7, 0, 0, 0, 0, 7, 8, 6, 8, 0, 0, 0, 9, 7, 9, 8, 7, 0, 0, : 7, 8, 7, 8, 7, 7, 8, 7, 6, 9, 8, 8, 9, 6, 8, 8, 7, 7, 7, 8, 6, 9, 5, 5, 8, 6, 9, 6, 9, 10, 6, 5, 7, 7, 8, 7, 8, 8, 8, 10, 7, 8, 7, 7, 7, 11, 4, 6, 6, 7, 7, 8, 6, 8, 9, 7, 9, 8, 7, 
419: 0, 0, 6, 7, 0, 6, 0, 0, 0, 8, 6, 0, 5, 0, 8, 9, 9, 0, 8, 6, 5, 0, 7, 7, 9, 8, 0, 9, 8, 0, 8, 0, 7, 7, 0, 7, 7, 7, 0, 0, 7, 0, 6, 0, 5, 8, 0, 0, 8, 9, 0, 0, 0, 0, 7, 0, 10, 0, 9, 5, 7, 0, 0, 0, 7, 0, 8, 0, 0, 0, 9, 0, 8, 6, 0, 0, 7, 0, 0, 5, 7, 7, 0, 7, 0, 11, 0, 0, 5, 0, 0, 8, 7, 6, 6, 4, 0, 7, 8, 9, 0, 0, 0, 5, 7, 8, 0, 0, 0, 5, 0, 6, 0, 0, 0, 0, 7, 0, 0, 9, : 6, 7, 6, 8, 6, 5, 8, 9, 9, 8, 6, 5, 7, 7, 9, 8, 9, 8, 8, 7, 7, 7, 7, 7, 7, 6, 5, 8, 8, 9, 7, 10, 9, 5, 7, 7, 8, 9, 8, 6, 7, 5, 7, 7, 7, 11, 5, 8, 7, 6, 6, 4, 7, 8, 9, 5, 7, 8, 5, 6, 7, 9, 
473: 8, 7, 6, 8, 0, 11, 0, 8, 6, 5, 6, 0, 5, 0, 0, 0, 6, 9, 4, 5, 0, 5, 0, 0, 7, 7, 8, 0, 0, 0, 8, 0, 0, 0, 0, 0, 0, 0, 0, 10, 7, 8, 0, 8, 10, 7, 7, 0, 9, 10, 0, 10, 8, 7, 7, 0, 0, 10, 0, 6, 0, 7, 7, 8, 0, 8, 0, 0, 7, 0, 0, 0, 6, 0, 0, 7, 0, 0, 7, 5, 8, 0, 10, 7, 8, 0, 7, 0, 6, 0, 6, 9, 8, 0, 8, 6, 0, 0, 7, 7, 0, 8, 9, 0, 0, 0, 0, 0, 7, 8, 6, 7, 0, 0, 0, 0, 6, 0, 0, 7, : 8, 7, 6, 8, 11, 8, 6, 5, 6, 5, 6, 9, 4, 5, 5, 7, 7, 8, 8, 10, 7, 8, 8, 10, 7, 7, 9, 10, 10, 8, 7, 7, 10, 6, 7, 7, 8, 8, 7, 6, 7, 7, 5, 8, 10, 7, 8, 7, 6, 6, 9, 8, 8, 6, 7, 7, 8, 9, 7, 8, 6, 7, 6, 7, 
403: 0, 6, 8, 7, 7, 0, 0, 5, 9, 0, 5, 0, 8, 0, 0, 7, 9, 7, 0, 10, 0, 0, 6, 7, 5, 0, 0, 0, 8, 0, 0, 0, 7, 8, 0, 0, 8, 0, 9, 6, 0, 6, 7, 6, 6, 0, 5, 9, 0, 7, 5, 0, 7, 9, 0, 6, 7, 0, 6, 0, 0, 10, 0, 0, 0, 8, 5, 0, 0, 0, 0, 0, 0, 0, 0, 9, 0, 0, 0, 7, 0, 8, 5, 7, 7, 7, 8, 0, 7, 6, 0, 8, 0, 10, 0, 7, 0, 0, 0, 0, 6, 7, 0, 0, 7, 9, 8, 0, 0, 0, 0, 5, 6, 6, 7, 5, 7, 0, 0, 0, : 6, 8, 7, 7, 5, 9, 5, 8, 7, 9, 7, 10, 6, 7, 5, 8, 7, 8, 8, 9, 6, 6, 7, 6, 6, 5, 9, 7, 5, 7, 9, 6, 7, 6, 10, 8, 5, 9, 7, 8, 5, 7, 7, 7, 8, 7, 6, 8, 10, 7, 6, 7, 7, 9, 8, 5, 6, 6, 7, 5, 7, 
499: 7, 0, 0, 7, 5, 8, 0, 6, 8, 0, 8, 0, 7, 7, 6, 8, 7, 0, 8, 0, 4, 0, 8, 0, 9, 0, 0, 7, 7, 0, 7, 8, 8, 8, 0, 0, 0, 8, 9, 6, 0, 7, 8, 0, 6, 0, 7, 6, 5, 0, 7, 8, 0, 8, 0, 0, 0, 10, 0, 8, 9, 9, 0, 0, 0, 5, 8, 0, 0, 0, 6, 10, 0, 8, 0, 0, 0, 0, 6, 0, 0, 7, 0, 0, 5, 7, 8, 0, 0, 0, 0, 6, 0, 0, 6, 0, 0, 0, 0, 0, 0, 0, 0, 0, 10, 11, 8, 8, 8, 0, 8, 0, 0, 8, 9, 7, 0, 9, 0, 0, : 7, 7, 5, 8, 6, 8, 8, 7, 7, 6, 8, 7, 8, 4, 8, 9, 7, 7, 7, 8, 8, 8, 8, 9, 6, 7, 8, 6, 7, 6, 5, 7, 8, 8, 10, 8, 9, 9, 5, 8, 6, 10, 8, 6, 7, 5, 7, 8, 6, 6, 10, 11, 8, 8, 8, 8, 8, 9, 7, 9, 
556: 0, 0, 0, 0, 7, 10, 0, 6, 0, 9, 0, 0, 0, 6, 9, 0, 0, 8, 7, 0, 0, 0, 0, 0, 0, 0, 5, 7, 0, 6, 5, 6, 8, 8, 0, 0, 0, 6, 9, 5, 9, 0, 5, 0, 0, 10, 0, 7, 0, 0, 0, 0, 0, 10, 0, 8, 7, 7, 0, 8, 8, 10, 0, 0, 7, 0, 8, 5, 8, 10, 0, 9, 6, 6, 0, 0, 0, 8, 6, 8, 7, 8, 0, 0, 0, 6, 5, 8, 10, 8, 8, 7, 7, 7, 0, 8, 5, 0, 0, 10, 7, 0, 5, 0, 7, 0, 6, 0, 7, 6, 0, 8, 0, 0, 7, 0, 0, 0, 0, 0, : 7, 10, 6, 9, 6, 9, 8, 7, 5, 7, 6, 5, 6, 8, 8, 6, 9, 5, 9, 5, 10, 7, 10, 8, 7, 7, 8, 8, 10, 7, 8, 5, 8, 10, 9, 6, 6, 8, 6, 8, 7, 8, 6, 5, 8, 10, 8, 8, 7, 7, 7, 8, 5, 10, 7, 5, 7, 6, 7, 6, 8, 7, 
404: 6, 0, 10, 0, 5, 7, 0, 7, 0, 0, 0, 7, 0, 0, 7, 8, 0, 0, 0, 9, 0, 10, 8, 6, 5, 10, 7, 10, 0, 0, 9, 0, 0, 0, 0, 0, 0, 6, 0, 0, 7, 7, 5, 8, 0, 0, 9, 9, 0, 0, 8, 9, 5, 9, 0, 7, 0, 0, 0, 7, 0, 0, 7, 0, 0, 9, 0, 0, 7, 6, 0, 7, 0, 0, 0, 0, 0, 7, 7, 9, 9, 5, 7, 8, 10, 8, 6, 0, 6, 0, 6, 0, 0, 0, 0, 9, 9, 0, 7, 8, 7, 0, 6, 10, 4, 0, 4, 8, 6, 7, 0, 0, 8, 9, 0, 7, 9, 0, 0, 0, : 6, 10, 5, 7, 7, 7, 7, 8, 9, 10, 8, 6, 5, 10, 7, 10, 9, 6, 7, 7, 5, 8, 9, 9, 8, 9, 5, 9, 7, 7, 7, 9, 7, 6, 7, 7, 7, 9, 9, 5, 7, 8, 10, 8, 6, 6, 6, 9, 9, 7, 8, 7, 6, 10, 4, 4, 8, 6, 7, 8, 9, 7, 9, 
525: 0, 0, 0, 8, 0, 7, 0, 0, 9, 8, 0, 0, 0, 0, 6, 9, 0, 9, 7, 0, 7, 0, 8, 0, 0, 0, 0, 0, 6, 8, 8, 9, 0, 9, 0, 9, 4, 0, 0, 0, 0, 0, 6, 6, 9, 0, 0, 8, 0, 0, 8, 0, 0, 6, 0, 5, 0, 0, 10, 0, 0, 6, 0, 0, 7, 9, 9, 0, 9, 8, 8, 6, 6, 0, 7, 6, 8, 0, 6, 6, 0, 0, 0, 0, 8, 8, 7, 4, 0, 9, 0, 8, 6, 9, 7, 7, 5, 0, 0, 0, 0, 0, 0, 10, 8, 0, 6, 8, 0, 6, 0, 0, 8, 6, 0, 0, 0, 0, 8, 6, : 8, 7, 9, 8, 6, 9, 9, 7, 7, 8, 6, 8, 8, 9, 9, 9, 4, 6, 6, 9, 8, 8, 6, 5, 10, 6, 7, 9, 9, 9, 8, 8, 6, 6, 7, 6, 8, 6, 6, 8, 8, 7, 4, 9, 8, 6, 9, 7, 7, 5, 10, 8, 6, 8, 6, 8, 6, 8, 6, 
329: 0, 9, 8, 0, 9, 9, 9, 5, 8, 6, 0, 11, 7, 6, 7, 6, 0, 0, 9, 9, 0, 0, 0, 0, 7, 0, 0, 0, 0, 0, 8, 7, 0, 0, 8, 0, 0, 9, 8, 0, 0, 6, 0, 0, 7, 8, 6, 7, 0, 7, 0, 0, 7, 0, 0, 8, 0, 7, 5, 10, 5, 0, 8, 0, 0, 9, 0, 7, 7, 0, 0, 5, 6, 6, 0, 7, 6, 0, 8, 6, 5, 0, 7, 9, 10, 0, 9, 0, 0, 7, 0, 7, 8, 7, 0, 0, 0, 0, 7, 10, 0, 0, 7, 0, 5, 7, 7, 0, 0, 0, 9, 0, 8, 9, 0, 0, 0, 7, 6, 9, : 9, 8, 9, 9, 9, 5, 8, 6, 11, 7, 6, 7, 6, 9, 9, 7, 8, 7, 8, 9, 8, 6, 7, 8, 6, 7, 7, 7, 8, 7, 5, 10, 5, 8, 9, 7, 7, 5, 6, 6, 7, 6, 8, 6, 5, 7, 9, 10, 9, 7, 7, 8, 7, 7, 10, 7, 5, 7, 7, 9, 8, 9, 7, 6, 9, 
466: 8, 0, 0, 9, 10, 0, 0, 0, 0, 7, 9, 6, 7, 7, 0, 0, 0, 0, 0, 8, 0, 8, 0, 0, 0, 8, 9, 0, 7, 7, 0, 7, 8, 6, 7, 0, 0, 0, 0, 0, 9, 7, 0, 7, 9, 8, 0, 0, 7, 0, 9, 0, 0, 0, 0, 0, 0, 8, 11, 0, 0, 7, 9, 8, 0, 0, 5, 6, 0, 6, 0, 0, 0, 0, 8, 6, 0, 5, 0, 0, 6, 6, 8, 5, 7, 8, 8, 9, 7, 7, 0, 5, 8, 0, 5, 8, 8, 5, 0, 0, 0, 0, 0, 9, 0, 0, 9, 0, 0, 7, 7, 8, 0, 6, 7, 7, 0, 0, 8, 5, : 8, 9, 10, 7, 9, 6, 7, 7, 8, 8, 8, 9, 7, 7, 7, 8, 6, 7, 9, 7, 7, 9, 8, 7, 9, 8, 11, 7, 9, 8, 5, 6, 6, 8, 6, 5, 6, 6, 8, 5, 7, 8, 8, 9, 7, 7, 5, 8, 5, 8, 8, 5, 9, 9, 7, 7, 8, 6, 7, 7, 8, 5, 
562: 8, 9, 7, 0, 7, 0, 0, 7, 0, 8, 0, 5, 0, 8, 8, 0, 7, 8, 0, 0, 7, 0, 0, 10, 7, 0, 7, 8, 5, 0, 0, 0, 0, 6, 6, 0, 7, 0, 0, 7, 0, 0, 10, 0, 8, 7, 9, 0, 0, 0, 0, 0, 0, 0, 0, 7, 7, 9, 7, 9, 0, 0, 0, 4, 0, 8, 7, 0, 5, 0, 0, 0, 0, 0, 0, 9, 0, 10, 0, 0, 7, 7, 7, 0, 10, 0, 0, 0, 6, 7, 6, 0, 0, 7, 0, 8, 0, 0, 8, 5, 9, 0, 0, 9, 8, 8, 6, 8, 7, 0, 7, 0, 8, 0, 0, 8, 5, 0, 0, 9, : 8, 9, 7, 7, 7, 8, 5, 8, 8, 7, 8, 7, 10, 7, 7, 8, 5, 6, 6, 7, 7, 10, 8, 7, 9, 7, 7, 9, 7, 9, 4, 8, 7, 5, 9, 10, 7, 7, 7, 10, 6, 7, 6, 7, 8, 8, 5, 9, 9, 8, 8, 6, 8, 7, 7, 8, 8, 5, 9, 
268: 6, 8, 0, 0, 7, 0, 8, 0, 0, 0, 8, 6, 0, 7, 0, 0, 8, 0, 9, 8, 0, 5, 10, 8, 7, 8, 6, 0, 0, 9, 7, 0, 8, 0, 8, 0, 0, 0, 9, 9, 8, 0, 0, 0, 0, 6, 8, 0, 6, 0, 0, 0, 0, 0, 0, 9, 0, 0, 0, 8, 0, 0, 0, 7, 7, 9, 0, 9, 0, 8, 0, 9, 0, 8, 8, 6, 0, 7, 0, 0, 5, 9, 8, 0, 8, 8, 0, 8, 9, 9, 0, 9, 0, 9, 0, 0, 9, 9, 6, 7, 8, 6, 0, 8, 7, 9, 0, 0, 0, 0, 0, 0, 6, 9, 0, 6, 0, 0, 0, 0, : 6, 8, 7, 8, 8, 6, 7, 8, 9, 8, 5, 10, 8, 7, 8, 6, 9, 7, 8, 8, 9, 9, 8, 6, 8, 6, 9, 8, 7, 7, 9, 9, 8, 9, 8, 8, 6, 7, 5, 9, 8, 8, 8, 8, 9, 9, 9, 9, 9, 9, 6, 7, 8, 6, 8, 7, 9, 6, 9, 6, 
240: 8, 0, 0, 0, 0, 6, 9, 7, 0, 0, 0, 7, 0, 9, 8, 9, 0, 8, 0, 0, 0, 0, 0, 8, 7, 0, 8, 0, 9, 0, 0, 8, 0, 0, 0, 10, 0, 0, 9, 0, 0, 6, 0, 9, 0, 0, 0, 0, 0, 5, 0, 9, 6, 8, 9, 0, 9, 4, 0, 8, 0, 7, 10, 5, 0, 0, 0, 7, 0, 0, 6, 0, 10, 0, 9, 0, 0, 8, 6, 8, 0, 6, 0, 5, 6, 8, 9, 8, 0, 0, 0, 8, 0, 9, 10, 8, 7, 8, 8, 0, 0, 9, 9, 9, 0, 8, 0, 9, 0, 0, 0, 0, 7, 7, 0, 7, 8, 9, 9, 0, : 8, 6, 9, 7, 7, 9, 8, 9, 8, 8, 7, 8, 9, 8, 10, 9, 6, 9, 5, 9, 6, 8, 9, 9, 4, 8, 7, 10, 5, 7, 6, 10, 9, 8, 6, 8, 6, 5, 6, 8, 9, 8, 8, 9, 10, 8, 7, 8, 8, 9, 9, 9, 8, 9, 7, 7, 7, 8, 9, 9, 
96: 0, 0, 7, 8, 7, 6, 0, 0, 5, 0, 0, 0, 7, 0, 0, 0, 0, 8, 0, 0, 8, 0, 0, 10, 7, 7, 0, 0, 6, 8, 6, 8, 7, 0, 0, 9, 0, 7, 0, 0, 0, 0, 0, 9, 7, 6, 7, 6, 7, 9, 0, 8, 0, 7, 0, 5, 0, 0, 0, 6, 0, 7, 0, 8, 0, 0, 8, 7, 0, 7, 0, 0, 0, 0, 7, 0, 0, 6, 0, 0, 6, 5, 8, 0, 0, 10, 0, 0, 0, 10, 0, 0, 0, 6, 7, 0, 7, 0, 0, 6, 0, 7, 0, 0, 0, 0, 6, 0, 0, 0, 0, 9, 5, 10, 7, 8, 0, 0, 0, 0, : 7, 8, 7, 6, 5, 7, 8, 8, 10, 7, 7, 6, 8, 6, 8, 7, 9, 7, 9, 7, 6, 7, 6, 7, 9, 8, 7, 5, 6, 7, 8, 8, 7, 7, 7, 6, 6, 5, 8, 10, 10, 6, 7, 7, 6, 7, 6, 9, 5, 10, 7, 8, 
102: 8, 6, 0, 7, 0, 8, 0, 5, 0, 0, 0, 7, 8, 6, 11, 8, 8, 0, 0, 7, 0, 8, 0, 7, 0, 0, 8, 7, 0, 9, 6, 0, 0, 8, 0, 8, 0, 7, 6, 10, 6, 6, 8, 0, 0, 7, 5, 8, 0, 0, 7, 7, 0, 6, 8, 0, 10, 6, 9, 0, 8, 0, 0, 0, 4, 0, 0, 7, 7, 7, 5, 7, 6, 9, 8, 0, 9, 0, 7, 0, 7, 0, 0, 0, 5, 9, 8, 8, 0, 5, 0, 6, 6, 8, 10, 8, 9, 7, 9, 0, 0, 7, 0, 5, 0, 0, 8, 8, 4, 0, 0, 0, 9, 7, 7, 7, 0, 8, 0, 5, : 8, 6, 7, 8, 5, 7, 8, 6, 11, 8, 8, 7, 8, 7, 8, 7, 9, 6, 8, 8, 7, 6, 10, 6, 6, 8, 7, 5, 8, 7, 7, 6, 8, 10, 6, 9, 8, 4, 7, 7, 7, 5, 7, 6, 9, 8, 9, 7, 7, 5, 9, 8, 8, 5, 6, 6, 8, 10, 8, 9, 7, 9, 7, 5, 8, 8, 4, 9, 7, 7, 7, 8, 5, 
356: 0, 6, 6, 9, 0, 8, 0, 0, 7, 8, 0, 0, 8, 0, 7, 8, 9, 4, 6, 8, 0, 7, 0, 6, 0, 7, 0, 0, 7, 6, 6, 8, 0, 8, 0, 0, 10, 7, 0, 8, 0, 0, 0, 0, 8, 8, 0, 6, 0, 7, 0, 0, 7, 7, 0, 0, 6, 10, 0, 8, 0, 9, 5, 0, 0, 6, 0, 8, 0, 9, 0, 8, 6, 5, 0, 0, 7, 0, 0, 0, 0, 0, 0, 9, 0, 0, 8, 0, 0, 0, 7, 11, 8, 7, 0, 0, 7, 7, 0, 0, 0, 0, 9, 8, 7, 7, 0, 7, 9, 0, 6, 0, 9, 0, 0, 7, 0, 4, 0, 7, : 6, 6, 9, 8, 7, 8, 8, 7, 8, 9, 4, 6, 8, 7, 6, 7, 7, 6, 6, 8, 8, 10, 7, 8, 8, 8, 6, 7, 7, 7, 6, 10, 8, 9, 5, 6, 8, 9, 8, 6, 5, 7, 9, 8, 7, 11, 8, 7, 7, 7, 9, 8, 7, 7, 7, 9, 6, 9, 7, 4, 7, 
35: 0, 7, 0, 0, 9, 8, 0, 0, 0, 10, 6, 8, 9, 0, 0, 0, 0, 6, 0, 9, 0, 5, 6, 0, 0, 0, 6, 0, 6, 0, 6, 0, 0, 0, 0, 5, 0, 7, 11, 0, 8, 5, 0, 0, 0, 9, 0, 0, 9, 6, 6, 0, 6, 0, 8, 6, 0, 8, 0, 7, 0, 8, 8, 10, 0, 8, 6, 7, 7, 0, 7, 0, 9, 0, 7, 8, 8, 7, 0, 0, 0, 0, 7, 0, 7, 0, 5, 7, 9, 6, 0, 0, 5, 6, 0, 0, 0, 0, 0, 0, 0, 6, 0, 0, 10, 0, 8, 0, 6, 0, 10, 9, 0, 5, 0, 0, 0, 0, 5, 0, : 7, 9, 8, 10, 6, 8, 9, 6, 9, 5, 6, 6, 6, 6, 5, 7, 11, 8, 5, 9, 9, 6, 6, 6, 8, 6, 8, 7, 8, 8, 10, 8, 6, 7, 7, 7, 9, 7, 8, 8, 7, 7, 7, 5, 7, 9, 6, 5, 6, 6, 10, 8, 6, 10, 9, 5, 5, 
81: 6, 0, 0, 9, 0, 9, 0, 0, 5, 8, 8, 0, 7, 0, 0, 0, 8, 9, 8, 7, 4, 5, 5, 10, 9, 9, 0, 0, 0, 0, 0, 0, 0, 0, 8, 8, 7, 0, 5, 0, 10, 0, 0, 0, 7, 0, 0, 4, 5, 0, 0, 0, 7, 0, 0, 0, 0, 0, 0, 0, 0, 0, 7, 6, 0, 0, 0, 8, 6, 0, 9, 0, 7, 9, 8, 6, 0, 9, 9, 8, 0, 0, 0, 4, 7, 9, 0, 7, 0, 7, 0, 0, 0, 0, 7, 7, 8, 0, 7, 0, 0, 0, 0, 0, 0, 0, 8, 8, 8, 7, 0, 7, 5, 0, 7, 5, 5, 5, 0, 0, : 6, 9, 9, 5, 8, 8, 7, 8, 9, 8, 7, 4, 5, 5, 10, 9, 9, 8, 8, 7, 5, 10, 7, 4, 5, 7, 7, 6, 8, 6, 9, 7, 9, 8, 6, 9, 9, 8, 4, 7, 9, 7, 7, 7, 7, 8, 7, 8, 8, 8, 7, 7, 5, 7, 5, 5, 5, 
164: 6, 6, 8, 8, 7, 0, 7, 0, 10, 7, 0, 0, 10, 8, 7, 8, 8, 0, 0, 0, 0, 0, 5, 9, 6, 0, 0, 8, 0, 6, 9, 7, 0, 5, 0, 0, 0, 7, 6, 7, 9, 6, 6, 0, 9, 0, 0, 7, 7, 0, 9, 0, 0, 0, 0, 0, 4, 0, 0, 0, 5, 9, 5, 0, 6, 0, 7, 6, 6, 0, 0, 8, 8, 5, 0, 6, 8, 0, 0, 0, 0, 5, 8, 6, 0, 9, 0, 8, 0, 0, 0, 7, 7, 7, 0, 0, 5, 8, 8, 7, 0, 10, 9, 0, 8, 0, 8, 6, 11, 0, 8, 6, 0, 6, 10, 0, 6, 9, 0, 6, : 6, 6, 8, 8, 7, 7, 10, 7, 10, 8, 7, 8, 8, 5, 9, 6, 8, 6, 9, 7, 5, 7, 6, 7, 9, 6, 6, 9, 7, 7, 9, 4, 5, 9, 5, 6, 7, 6, 6, 8, 8, 5, 6, 8, 5, 8, 6, 9, 8, 7, 7, 7, 5, 8, 8, 7, 10, 9, 8, 8, 6, 11, 8, 6, 6, 10, 6, 9, 6, 
409: 0, 8, 6, 0, 7, 0, 7, 6, 0, 0, 8, 7, 0, 0, 0, 0, 0, 0, 9, 7, 5, 9, 0, 9, 0, 5, 6, 0, 0, 0, 8, 0, 0, 5, 0, 5, 8, 9, 0, 0, 0, 5, 8, 0, 0, 10, 9, 0, 10, 9, 8, 7, 8, 8, 0, 10, 9, 5, 0, 11, 6, 0, 0, 9, 0, 0, 0, 7, 7, 7, 0, 8, 0, 8, 9, 7, 0, 9, 7, 0, 7, 9, 7, 10, 0, 9, 8, 5, 9, 9, 0, 6, 8, 0, 8, 0, 8, 5, 0, 5, 0, 7, 0, 0, 0, 5, 0, 0, 0, 0, 6, 0, 0, 0, 0, 6, 0, 8, 8, 0, : 8, 6, 7, 7, 6, 8, 7, 9, 7, 5, 9, 9, 5, 6, 8, 5, 5, 8, 9, 5, 8, 10, 9, 10, 9, 8, 7, 8, 8, 10, 9, 5, 11, 6, 9, 7, 7, 7, 8, 8, 9, 7, 9, 7, 7, 9, 7, 10, 9, 8, 5, 9, 9, 6, 8, 8, 8, 5, 5, 7, 5, 6, 6, 8, 8, 
491: 0, 0, 7, 8, 10, 7, 10, 5, 0, 0, 7, 0, 0, 5, 10, 8, 0, 9, 0, 0, 0, 0, 7, 0, 0, 0, 7, 0, 0, 8, 8, 9, 0, 9, 7, 5, 7, 0, 0, 7, 0, 0, 8, 0, 0, 0, 0, 0, 8, 8, 8, 0, 7, 0, 8, 0, 0, 6, 8, 0, 0, 6, 6, 9, 9, 0, 0, 6, 9, 0, 0, 6, 0, 9, 0, 0, 10, 0, 0, 0, 0, 7, 0, 0, 8, 0, 7, 0, 5, 0, 6, 0, 0, 0, 0, 10, 0, 6, 8, 8, 0, 0, 8, 8, 7, 7, 0, 9, 0, 9, 9, 0, 0, 0, 0, 8, 9, 7, 6, 9, : 7, 8, 10, 7, 10, 5, 7, 5, 10, 8, 9, 7, 7, 8, 8, 9, 9, 7, 5, 7, 7, 8, 8, 8, 8, 7, 8, 6, 8, 6, 6, 9, 9, 6, 9, 6, 9, 10, 7, 8, 7, 5, 6, 10, 6, 8, 8, 8, 8, 7, 7, 9, 9, 9, 8, 9, 7, 6, 9, 
147: 7, 9, 0, 6, 9, 7, 6, 6, 0, 0, 7, 0, 7, 8, 0, 7, 0, 0, 6, 8, 8, 0, 9, 5, 8, 0, 0, 7, 0, 9, 6, 0, 0, 9, 8, 0, 0, 0, 10, 0, 5, 5, 0, 6, 6, 10, 0, 0, 6, 0, 8, 0, 0, 8, 8, 8, 0, 0, 7, 0, 7, 7, 0, 0, 8, 7, 0, 0, 6, 5, 0, 0, 9, 0, 0, 9, 9, 9, 0, 9, 8, 0, 0, 0, 7, 8, 6, 0, 5, 9, 10, 0, 0, 9, 8, 7, 0, 8, 0, 10, 0, 0, 9, 0, 0, 4, 9, 0, 8, 0, 9, 0, 8, 7, 8, 0, 9, 6, 0, 8, : 7, 9, 6, 9, 7, 6, 6, 7, 7, 8, 7, 6, 8, 8, 9, 5, 8, 7, 9, 6, 9, 8, 10, 5, 5, 6, 6, 10, 6, 8, 8, 8, 8, 7, 7, 7, 8, 7, 6, 5, 9, 9, 9, 9, 9, 8, 7, 8, 6, 5, 9, 10, 9, 8, 7, 8, 10, 9, 4, 9, 8, 9, 8, 7, 8, 9, 6, 8, 
56: 0, 6, 0, 0, 0, 0, 9, 0, 0, 0, 7, 8, 0, 0, 7, 8, 9, 9, 8, 8, 0, 7, 0, 7, 9, 0, 0, 8, 7, 6, 8, 0, 9, 7, 6, 9, 5, 7, 0, 0, 0, 7, 0, 0, 8, 6, 8, 0, 9, 0, 7, 0, 0, 4, 0, 0, 0, 7, 6, 7, 0, 0, 6, 8, 7, 0, 9, 0, 0, 0, 8, 8, 0, 0, 8, 0, 6, 7, 7, 9, 7, 0, 0, 0, 0, 0, 0, 0, 0, 0, 9, 8, 6, 0, 4, 10, 7, 9, 8, 7, 7, 0, 0, 0, 0, 0, 0, 0, 6, 9, 0, 9, 0, 9, 5, 9, 9, 6, 6, 10, : 6, 9, 7, 8, 7, 8, 9, 9, 8, 8, 7, 7, 9, 8, 7, 6, 8, 9, 7, 6, 9, 5, 7, 7, 8, 6, 8, 9, 7, 4, 7, 6, 7, 6, 8, 7, 9, 8, 8, 8, 6, 7, 7, 9, 7, 9, 8, 6, 4, 10, 7, 9, 8, 7, 7, 6, 9, 9, 9, 5, 9, 9, 6, 6, 10, 
539: 0, 9, 8, 6, 9, 8, 0, 8, 4, 6, 5, 0, 6, 0, 0, 9, 8, 9, 0, 8, 0, 0, 9, 0, 0, 0, 10, 8, 9, 7, 0, 0, 10, 0, 8, 0, 6, 9, 0, 8, 6, 0, 8, 0, 8, 9, 6, 0, 7, 7, 9, 0, 0, 0, 0, 0, 0, 7, 0, 0, 0, 0, 0, 8, 6, 0, 0, 0, 0, 0, 0, 0, 0, 8, 0, 7, 7, 8, 0, 0, 7, 0, 0, 0, 0, 0, 8, 8, 8, 0, 0, 0, 6, 0, 0, 0, 0, 0, 8, 0, 7, 0, 0, 8, 0, 0, 11, 0, 0, 7, 0, 0, 0, 0, 7, 8, 7, 8, 6, 7, : 9, 8, 6, 9, 8, 8, 4, 6, 5, 6, 9, 8, 9, 8, 9, 10, 8, 9, 7, 10, 8, 6, 9, 8, 6, 8, 8, 9, 6, 7, 7, 9, 7, 8, 6, 8, 7, 7, 8, 7, 8, 8, 8, 6, 8, 7, 8, 11, 7, 7, 8, 7, 8, 6, 7, 
581: 0, 7, 9, 0, 0, 0, 8, 0, 7, 0, 8, 0, 8, 7, 9, 0, 0, 0, 0, 0, 7, 0, 8, 8, 0, 0, 5, 0, 0, 0, 0, 7, 9, 0, 0, 0, 6, 0, 7, 0, 0, 8, 7, 0, 7, 6, 0, 10, 0, 0, 9, 8, 6, 0, 0, 6, 0, 6, 0, 10, 9, 0, 8, 9, 7, 0, 0, 7, 0, 8, 0, 0, 0, 7, 9, 8, 0, 0, 0, 0, 0, 0, 0, 7, 8, 0, 8, 0, 8, 7, 0, 7, 0, 0, 5, 8, 6, 0, 0, 0, 5, 8, 8, 8, 0, 7, 0, 8, 8, 0, 9, 0, 0, 0, 0, 9, 0, 0, 10, 4, : 7, 9, 8, 7, 8, 8, 7, 9, 7, 8, 8, 5, 7, 9, 6, 7, 8, 7, 7, 6, 10, 9, 8, 6, 6, 6, 10, 9, 8, 9, 7, 7, 8, 7, 9, 8, 7, 8, 8, 8, 7, 7, 5, 8, 6, 5, 8, 8, 8, 7, 8, 8, 9, 9, 10, 4, 
425: 0, 6, 0, 0, 7, 0, 0, 5, 7, 8, 9, 0, 0, 10, 0, 0, 5, 0, 8, 0, 0, 8, 0, 0, 8, 9, 0, 8, 8, 10, 6, 6, 0, 0, 8, 0, 7, 8, 0, 0, 0, 5, 0, 6, 0, 0, 0, 9, 0, 0, 7, 8, 0, 9, 0, 0, 8, 0, 6, 6, 0, 0, 0, 0, 0, 0, 6, 7, 0, 6, 0, 0, 9, 0, 6, 0, 0, 0, 0, 7, 9, 0, 5, 6, 0, 6, 8, 0, 8, 0, 10, 0, 0, 10, 7, 0, 0, 0, 0, 0, 6, 8, 0, 0, 0, 0, 0, 9, 0, 6, 9, 9, 7, 9, 0, 0, 0, 7, 10, 6, : 6, 7, 5, 7, 8, 9, 10, 5, 8, 8, 8, 9, 8, 8, 10, 6, 6, 8, 7, 8, 5, 6, 9, 7, 8, 9, 8, 6, 6, 6, 7, 6, 9, 6, 7, 9, 5, 6, 6, 8, 8, 10, 10, 7, 6, 8, 9, 6, 9, 9, 7, 9, 7, 10, 6, 
16: 9, 0, 5, 0, 5, 9, 5, 7, 0, 0, 7, 0, 7, 8, 8, 0, 7, 0, 0, 7, 6, 0, 0, 0, 9, 0, 0, 0, 6, 0, 7, 0, 8, 0, 7, 10, 0, 0, 8, 9, 9, 9, 0, 0, 0, 0, 7, 0, 9, 6, 0, 7, 0, 9, 6, 7, 0, 0, 9, 9, 6, 0, 0, 5, 0, 6, 7, 0, 0, 7, 0, 0, 7, 0, 0, 10, 0, 8, 8, 5, 9, 0, 0, 0, 7, 0, 0, 8, 0, 0, 9, 5, 6, 5, 6, 6, 7, 6, 9, 10, 5, 8, 8, 7, 0, 0, 0, 7, 8, 0, 8, 0, 9, 0, 0, 7, 0, 0, 0, 7, : 9, 5, 5, 9, 5, 7, 7, 7, 8, 8, 7, 7, 6, 9, 6, 7, 8, 7, 10, 8, 9, 9, 9, 7, 9, 6, 7, 9, 6, 7, 9, 9, 6, 5, 6, 7, 7, 7, 10, 8, 8, 5, 9, 7, 8, 9, 5, 6, 5, 6, 6, 7, 6, 9, 10, 5, 8, 8, 7, 7, 8, 8, 9, 7, 7, 
282: 8, 0, 0, 7, 7, 0, 5, 0, 7, 0, 9, 6, 9, 0, 0, 5, 6, 0, 0, 7, 0, 0, 9, 7, 0, 0, 7, 0, 10, 5, 9, 7, 6, 0, 8, 0, 8, 11, 7, 9, 8, 5, 0, 6, 0, 0, 0, 5, 0, 7, 0, 0, 7, 8, 6, 7, 7, 8, 0, 0, 8, 0, 0, 0, 0, 6, 0, 8, 0, 9, 8, 0, 0, 8, 0, 0, 5, 8, 0, 0, 5, 6, 6, 0, 6, 8, 0, 0, 0, 8, 7, 8, 0, 0, 0, 7, 8, 7, 0, 0, 8, 0, 7, 8, 7, 6, 6, 9, 0, 6, 8, 9, 7, 6, 6, 0, 9, 0, 6, 8, : 8, 7, 7, 5, 7, 9, 6, 9, 5, 6, 7, 9, 7, 7, 10, 5, 9, 7, 6, 8, 8, 11, 7, 9, 8, 5, 6, 5, 7, 7, 8, 6, 7, 7, 8, 8, 6, 8, 9, 8, 8, 5, 8, 5, 6, 6, 6, 8, 8, 7, 8, 7, 8, 7, 8, 7, 8, 7, 6, 6, 9, 6, 8, 9, 7, 6, 6, 9, 6, 8, 
328: 9, 0, 7, 0, 0, 0, 6, 0, 0, 0, 7, 8, 10, 8, 0, 0, 0, 0, 0, 0, 5, 0, 0, 0, 0, 7, 0, 0, 6, 6, 5, 0, 7, 0, 7, 0, 9, 9, 0, 7, 7, 7, 0, 6, 8, 7, 0, 8, 7, 8, 0, 7, 0, 8, 0, 0, 5, 10, 0, 0, 6, 6, 8, 6, 6, 0, 0, 0, 0, 0, 6, 9, 8, 8, 6, 0, 6, 0, 0, 7, 0, 10, 9, 8, 9, 5, 6, 0, 5, 0, 0, 0, 0, 0, 6, 0, 0, 0, 7, 5, 0, 0, 0, 0, 0, 0, 10, 0, 0, 8, 0, 7, 7, 0, 7, 6, 0, 0, 4, 7, : 9, 7, 6, 7, 8, 10, 8, 5, 7, 6, 6, 5, 7, 7, 9, 9, 7, 7, 7, 6, 8, 7, 8, 7, 8, 7, 8, 5, 10, 6, 6, 8, 6, 6, 6, 9, 8, 8, 6, 6, 7, 10, 9, 8, 9, 5, 6, 5, 6, 7, 5, 10, 8, 7, 7, 7, 6, 4, 7, 
65: 0, 7, 8, 5, 8, 7, 0, 10, 0, 9, 7, 0, 6, 10, 8, 7, 8, 0, 0, 6, 0, 10, 7, 6, 8, 0, 0, 6, 6, 7, 0, 9, 8, 8, 0, 8, 0, 7, 0, 0, 6, 9, 0, 7, 6, 0, 6, 0, 0, 0, 0, 7, 0, 5, 0, 0, 0, 0, 7, 0, 0, 0, 0, 0, 0, 9, 0, 0, 7, 0, 5, 0, 0, 0, 0, 0, 0, 0, 0, 7, 0, 7, 10, 0, 6, 5, 0, 0, 7, 9, 0, 6, 9, 0, 0, 9, 0, 10, 0, 6, 0, 0, 0, 7, 7, 0, 0, 0, 9, 0, 0, 9, 0, 0, 8, 0, 6, 9, 0, 0, : 7, 8, 5, 8, 7, 10, 9, 7, 6, 10, 8, 7, 8, 6, 10, 7, 6, 8, 6, 6, 7, 9, 8, 8, 8, 7, 6, 9, 7, 6, 6, 7, 5, 7, 9, 7, 5, 7, 7, 10, 6, 5, 7, 9, 6, 9, 9, 10, 6, 7, 7, 9, 9, 8, 6, 9, 
43: 7, 8, 8, 0, 7, 0, 0, 0, 10, 6, 6, 8, 0, 7, 5, 9, 0, 0, 5, 7, 8, 0, 0, 9, 0, 0, 0, 9, 8, 0, 0, 6, 9, 9, 10, 8, 0, 0, 7, 11, 10, 0, 9, 0, 0, 10, 9, 7, 7, 6, 9, 8, 7, 10, 0, 0, 0, 7, 6, 8, 9, 0, 0, 0, 0, 5, 0, 0, 0, 8, 0, 6, 9, 6, 6, 0, 8, 0, 0, 0, 0, 0, 7, 8, 0, 0, 11, 0, 7, 7, 0, 0, 9, 0, 0, 8, 0, 8, 7, 8, 7, 0, 8, 7, 6, 8, 0, 10, 8, 0, 0, 0, 0, 6, 8, 8, 8, 7, 9, 0, : 7, 8, 8, 7, 10, 6, 6, 8, 7, 5, 9, 5, 7, 8, 9, 9, 8, 6, 9, 9, 10, 8, 7, 11, 10, 9, 10, 9, 7, 7, 6, 9, 8, 7, 10, 7, 6, 8, 9, 5, 8, 6, 9, 6, 6, 8, 7, 8, 11, 7, 7, 9, 8, 8, 7, 8, 7, 8, 7, 6, 8, 10, 8, 6, 8, 8, 8, 7, 9, 
441: 6, 8, 6, 0, 7, 7, 9, 0, 0, 0, 0, 0, 0, 8, 7, 0, 8, 0, 0, 0, 0, 6, 7, 0, 8, 0, 0, 0, 7, 7, 0, 8, 0, 7, 0, 7, 0, 8, 6, 5, 0, 0, 8, 0, 0, 9, 7, 0, 0, 9, 0, 9, 0, 8, 5, 7, 7, 0, 7, 0, 0, 5, 0, 9, 0, 0, 6, 0, 0, 0, 0, 0, 0, 9, 0, 0, 0, 0, 0, 9, 5, 0, 0, 0, 0, 6, 0, 8, 0, 9, 0, 5, 7, 8, 7, 0, 0, 0, 7, 0, 0, 4, 5, 0, 0, 0, 7, 0, 9, 0, 0, 6, 6, 7, 0, 7, 10, 8, 8, 8, : 6, 8, 6, 7, 7, 9, 8, 7, 8, 6, 7, 8, 7, 7, 8, 7, 7, 8, 6, 5, 8, 9, 7, 9, 9, 8, 5, 7, 7, 7, 5, 9, 6, 9, 9, 5, 6, 8, 9, 5, 7, 8, 7, 7, 4, 5, 7, 9, 6, 6, 7, 7, 10, 8, 8, 8, 
389: 0, 0, 0, 8, 6, 5, 0, 11, 0, 8, 0, 0, 7, 9, 0, 0, 6, 0, 9, 0, 8, 0, 0, 9, 7, 0, 7, 8, 0, 0, 7, 7, 6, 5, 5, 6, 9, 0, 0, 9, 0, 9, 10, 0, 6, 4, 0, 9, 0, 9, 0, 0, 0, 8, 6, 0, 0, 0, 6, 0, 10, 8, 0, 0, 6, 7, 0, 0, 10, 9, 0, 0, 0, 6, 0, 0, 0, 0, 8, 0, 6, 0, 6, 0, 0, 0, 0, 6, 7, 0, 0, 5, 0, 0, 0, 0, 0, 0, 0, 0, 7, 0, 0, 0, 6, 6, 7, 0, 8, 0, 0, 8, 7, 0, 8, 0, 7, 0, 0, 0, : 8, 6, 5, 11, 8, 7, 9, 6, 9, 8, 9, 7, 7, 8, 7, 7, 6, 5, 5, 6, 9, 9, 9, 10, 6, 4, 9, 9, 8, 6, 6, 10, 8, 6, 7, 10, 9, 6, 8, 6, 6, 6, 7, 5, 7, 6, 6, 7, 8, 8, 7, 8, 7, 
15: 8, 0, 7, 0, 8, 7, 0, 6, 5, 0, 0, 8, 0, 0, 7, 0, 0, 8, 0, 0, 7, 7, 0, 10, 0, 8, 4, 6, 0, 7, 0, 0, 0, 6, 10, 8, 0, 0, 10, 6, 0, 0, 0, 0, 5, 9, 0, 0, 5, 0, 7, 0, 0, 7, 0, 8, 10, 7, 9, 7, 10, 8, 9, 0, 0, 0, 0, 0, 0, 0, 6, 7, 5, 0, 0, 0, 6, 0, 0, 7, 9, 0, 9, 6, 6, 9, 10, 6, 0, 0, 0, 7, 0, 7, 8, 0, 6, 8, 0, 5, 5, 0, 6, 0, 9, 7, 0, 4, 7, 5, 7, 0, 8, 8, 7, 0, 0, 0, 0, 8, : 8, 7, 8, 7, 6, 5, 8, 7, 8, 7, 7, 10, 8, 4, 6, 7, 6, 10, 8, 10, 6, 5, 9, 5, 7, 7, 8, 10, 7, 9, 7, 10, 8, 9, 6, 7, 5, 6, 7, 9, 9, 6, 6, 9, 10, 6, 7, 7, 8, 6, 8, 5, 5, 6, 9, 7, 4, 7, 5, 7, 8, 8, 7, 8, 
447: 0, 6, 6, 0, 5, 6, 7, 0, 7, 0, 5, 0, 0, 0, 7, 0, 7, 7, 5, 0, 0, 0, 8, 0, 6, 9, 8, 9, 0, 7, 0, 6, 6, 0, 0, 0, 9, 6, 0, 0, 6, 0, 0, 0, 8, 0, 7, 5, 0, 0, 6, 7, 0, 0, 0, 0, 0, 0, 0, 0, 6, 0, 10, 8, 10, 0, 0, 7, 0, 5, 10, 0, 0, 0, 9, 9, 0, 0, 8, 6, 6, 7, 0, 0, 0, 0, 6, 5, 6, 10, 7, 0, 6, 0, 0, 0, 0, 8, 9, 6, 0, 7, 0, 6, 8, 8, 0, 0, 6, 7, 0, 0, 0, 0, 0, 0, 0, 0, 0, 0, : 6, 6, 5, 6, 7, 7, 5, 7, 7, 7, 5, 8, 6, 9, 8, 9, 7, 6, 6, 9, 6, 6, 8, 7, 5, 6, 7, 6, 10, 8, 10, 7, 5, 10, 9, 9, 8, 6, 6, 7, 6, 5, 6, 10, 7, 6, 8, 9, 6, 7, 6, 8, 8, 6, 7, 
455: 0, 0, 0, 0, 6, 0, 6, 8, 7, 0, 8, 8, 8, 0, 0, 6, 0, 9, 9, 0, 0, 0, 7, 0, 0, 7, 6, 8, 6, 6, 8, 9, 7, 8, 7, 0, 0, 4, 8, 0, 7, 0, 6, 6, 9, 7, 8, 10, 0, 7, 8, 4, 6, 0, 10, 0, 8, 0, 0, 6, 0, 8, 6, 7, 0, 10, 0, 5, 9, 6, 6, 0, 0, 5, 5, 0, 8, 0, 0, 0, 0, 0, 0, 8, 7, 0, 6, 0, 0, 0, 9, 0, 9, 6, 9, 0, 9, 8, 9, 0, 7, 0, 7, 0, 7, 0, 10, 0, 5, 0, 9, 0, 0, 0, 0, 8, 7, 8, 9, 8, : 6, 6, 8, 7, 8, 8, 8, 6, 9, 9, 7, 7, 6, 8, 6, 6, 8, 9, 7, 8, 7, 4, 8, 7, 6, 6, 9, 7, 8, 10, 7, 8, 4, 6, 10, 8, 6, 8, 6, 7, 10, 5, 9, 6, 6, 5, 5, 8, 8, 7, 6, 9, 9, 6, 9, 9, 8, 9, 7, 7, 7, 10, 5, 9, 8, 7, 8, 9, 8, 
465: 7, 0, 9, 0, 0, 7, 0, 9, 0, 5, 5, 0, 0, 8, 10, 9, 5, 0, 0, 0, 9, 8, 8, 0, 0, 8, 7, 0, 0, 0, 0, 0, 0, 0, 0, 0, 9, 0, 0, 0, 0, 0, 0, 0, 9, 8, 10, 8, 0, 0, 6, 0, 9, 0, 8, 0, 6, 0, 10, 0, 6, 9, 4, 7, 9, 0, 0, 10, 8, 8, 0, 5, 7, 9, 5, 0, 0, 0, 0, 7, 0, 5, 0, 0, 0, 0, 0, 0, 0, 0, 8, 9, 5, 7, 0, 0, 0, 0, 10, 7, 0, 0, 7, 0, 7, 8, 5, 6, 8, 0, 7, 0, 0, 0, 0, 0, 0, 7, 6, 0, : 7, 9, 7, 9, 5, 5, 8, 10, 9, 5, 9, 8, 8, 8, 7, 9, 9, 8, 10, 8, 6, 9, 8, 6, 10, 6, 9, 4, 7, 9, 10, 8, 8, 5, 7, 9, 5, 7, 5, 8, 9, 5, 7, 10, 7, 7, 7, 8, 5, 6, 8, 7, 7, 6, 
381: 0, 0, 0, 0, 8, 0, 8, 9, 0, 8, 7, 0, 11, 7, 9, 7, 0, 0, 6, 0, 0, 0, 8, 7, 0, 7, 0, 7, 10, 0, 0, 7, 8, 0, 6, 0, 8, 8, 0, 5, 0, 0, 0, 7, 9, 0, 9, 6, 5, 0, 0, 9, 8, 0, 0, 0, 6, 0, 0, 9, 0, 7, 8, 0, 0, 9, 7, 9, 8, 8, 7, 9, 8, 7, 8, 9, 8, 0, 8, 0, 0, 0, 0, 0, 0, 6, 0, 0, 0, 5, 0, 9, 0, 0, 7, 0, 0, 0, 9, 7, 8, 6, 0, 8, 0, 8, 8, 7, 0, 5, 0, 9, 0, 7, 6, 5, 7, 9, 0, 0, : 8, 8, 9, 8, 7, 11, 7, 9, 7, 6, 8, 7, 7, 7, 10, 7, 8, 6, 8, 8, 5, 7, 9, 9, 6, 5, 9, 8, 6, 9, 7, 8, 9, 7, 9, 8, 8, 7, 9, 8, 7, 8, 9, 8, 8, 6, 5, 9, 7, 9, 7, 8, 6, 8, 8, 8, 7, 5, 9, 7, 6, 5, 7, 9, 
476: 8, 0, 0, 0, 0, 0, 7, 7, 7, 0, 7, 5, 0, 8, 0, 0, 0, 5, 9, 6, 0, 0, 7, 8, 7, 8, 8, 0, 6, 0, 6, 0, 10, 0, 7, 7, 0, 5, 0, 0, 8, 6, 0, 0, 0, 0, 0, 7, 8, 0, 0, 0, 0, 7, 0, 8, 8, 8, 0, 8, 0, 5, 9, 0, 10, 0, 8, 8, 10, 0, 0, 0, 0, 0, 0, 0, 5, 9, 0, 0, 0, 6, 0, 0, 6, 8, 0, 10, 9, 0, 0, 8, 0, 7, 8, 8, 9, 0, 0, 0, 10, 8, 5, 0, 0, 7, 9, 4, 0, 0, 0, 0, 7, 0, 0, 0, 0, 0, 0, 8, : 8, 7, 7, 7, 7, 5, 8, 5, 9, 6, 7, 8, 7, 8, 8, 6, 6, 10, 7, 7, 5, 8, 6, 7, 8, 7, 8, 8, 8, 8, 5, 9, 10, 8, 8, 10, 5, 9, 6, 6, 8, 10, 9, 8, 7, 8, 8, 9, 10, 8, 5, 7, 9, 4, 7, 8, 
207: 0, 0, 0, 9, 0, 8, 0, 8, 0, 6, 0, 0, 0, 0, 9, 7, 0, 6, 0, 0, 6, 6, 5, 5, 0, 7, 0, 7, 0, 8, 0, 6, 6, 7, 8, 0, 5, 0, 0, 9, 0, 9, 8, 7, 0, 0, 8, 7, 0, 9, 9, 6, 0, 0, 9, 7, 0, 7, 8, 0, 8, 0, 9, 0, 0, 0, 5, 0, 0, 8, 8, 6, 6, 6, 6, 0, 6, 0, 6, 8, 0, 5, 0, 11, 10, 8, 5, 6, 0, 0, 5, 0, 7, 7, 10, 8, 0, 0, 8, 0, 9, 0, 5, 5, 8, 9, 0, 0, 0, 0, 0, 0, 0, 7, 9, 4, 0, 8, 0, 6, : 9, 8, 8, 6, 9, 7, 6, 6, 6, 5, 5, 7, 7, 8, 6, 6, 7, 8, 5, 9, 9, 8, 7, 8, 7, 9, 9, 6, 9, 7, 7, 8, 8, 9, 5, 8, 8, 6, 6, 6, 6, 6, 6, 8, 5, 11, 10, 8, 5, 6, 5, 7, 7, 10, 8, 8, 9, 5, 5, 8, 9, 7, 9, 4, 8, 6, 
538: 7, 0, 8, 8, 0, 0, 0, 0, 7, 0, 0, 0, 0, 0, 0, 6, 0, 0, 0, 0, 6, 0, 8, 0, 6, 5, 0, 8, 8, 0, 0, 0, 6, 0, 0, 0, 0, 0, 5, 0, 6, 0, 9, 7, 5, 0, 7, 0, 9, 0, 9, 0, 8, 9, 0, 0, 0, 5, 0, 0, 0, 0, 0, 8, 7, 0, 5, 5, 5, 6, 7, 5, 0, 6, 0, 7, 0, 8, 5, 0, 0, 0, 6, 10, 6, 10, 9, 8, 9, 7, 9, 9, 8, 0, 9, 0, 0, 7, 8, 8, 9, 6, 4, 0, 8, 6, 0, 8, 8, 9, 0, 6, 0, 0, 0, 0, 6, 9, 5, 7, : 7, 8, 8, 7, 6, 6, 8, 6, 5, 8, 8, 6, 5, 6, 9, 7, 5, 7, 9, 9, 8, 9, 5, 8, 7, 5, 5, 5, 6, 7, 5, 6, 7, 8, 5, 6, 10, 6, 10, 9, 8, 9, 7, 9, 9, 8, 9, 7, 8, 8, 9, 6, 4, 8, 6, 8, 8, 9, 6, 6, 9, 5, 7, 
319: 8, 0, 0, 0, 10, 7, 8, 0, 8, 0, 7, 6, 0, 0, 0, 6, 9, 0, 8, 0, 7, 8, 8, 0, 9, 0, 0, 0, 8, 0, 8, 0, 0, 0, 7, 9, 0, 0, 9, 7, 7, 0, 0, 0, 0, 0, 0, 6, 7, 8, 0, 0, 7, 5, 5, 7, 0, 6, 0, 8, 0, 8, 8, 8, 0, 7, 0, 9, 8, 0, 9, 0, 0, 0, 0, 0, 0, 8, 0, 5, 0, 0, 0, 8, 0, 9, 7, 8, 0, 0, 0, 10, 0, 0, 0, 5, 0, 0, 4, 9, 6, 5, 0, 10, 0, 4, 7, 4, 0, 0, 7, 7, 0, 9, 0, 8, 7, 0, 0, 8, : 8, 10, 7, 8, 8, 7, 6, 6, 9, 8, 7, 8, 8, 9, 8, 8, 7, 9, 9, 7, 7, 6, 7, 8, 7, 5, 5, 7, 6, 8, 8, 8, 8, 7, 9, 8, 9, 8, 5, 8, 9, 7, 8, 10, 5, 4, 9, 6, 5, 10, 4, 7, 4, 7, 7, 9, 8, 7, 8, 
41: 0, 0, 9, 0, 6, 8, 6, 0, 0, 7, 0, 9, 0, 0, 9, 8, 0, 0, 0, 0, 7, 0, 0, 6, 8, 6, 0, 0, 0, 8, 8, 8, 0, 0, 7, 0, 5, 0, 5, 0, 0, 0, 0, 7, 0, 0, 8, 0, 7, 0, 7, 7, 8, 0, 8, 7, 0, 6, 0, 0, 0, 8, 0, 0, 0, 0, 0, 0, 6, 0, 0, 0, 6, 0, 8, 8, 0, 6, 6, 8, 0, 8, 0, 6, 0, 0, 8, 0, 0, 5, 0, 0, 9, 0, 10, 0, 6, 0, 8, 0, 4, 9, 0, 10, 0, 0, 6, 0, 0, 7, 7, 0, 0, 9, 6, 0, 0, 6, 7, 0, : 9, 6, 8, 6, 7, 9, 9, 8, 7, 6, 8, 6, 8, 8, 8, 7, 5, 5, 7, 8, 7, 7, 7, 8, 8, 7, 6, 8, 6, 6, 8, 8, 6, 6, 8, 8, 6, 8, 5, 9, 10, 6, 8, 4, 9, 10, 6, 7, 7, 9, 6, 6, 7, 
524: 0, 0, 6, 0, 0, 0, 0, 0, 0, 0, 0, 0, 8, 9, 0, 0, 0, 10, 0, 5, 0, 0, 0, 0, 6, 0, 8, 0, 0, 0, 9, 9, 7, 0, 5, 7, 7, 7, 0, 6, 7, 9, 6, 0, 0, 7, 6, 0, 9, 8, 7, 7, 9, 7, 8, 8, 0, 8, 0, 6, 0, 0, 9, 10, 0, 8, 0, 0, 0, 7, 7, 8, 0, 0, 5, 0, 0, 0, 0, 9, 8, 0, 5, 0, 8, 0, 7, 7, 0, 0, 5, 0, 7, 7, 6, 0, 0, 6, 0, 0, 0, 7, 7, 10, 5, 10, 9, 7, 0, 0, 0, 0, 6, 0, 0, 0, 0, 0, 0, 0, : 6, 8, 9, 10, 5, 6, 8, 9, 9, 7, 5, 7, 7, 7, 6, 7, 9, 6, 7, 6, 9, 8, 7, 7, 9, 7, 8, 8, 8, 6, 9, 10, 8, 7, 7, 8, 5, 9, 8, 5, 8, 7, 7, 5, 7, 7, 6, 6, 7, 7, 10, 5, 10, 9, 7, 6, 
492: 0, 0, 0, 0, 6, 8, 8, 8, 0, 0, 0, 0, 7, 9, 6, 0, 0, 0, 0, 5, 0, 0, 0, 8, 0, 0, 8, 8, 7, 9, 8, 0, 8, 6, 0, 0, 0, 8, 9, 0, 9, 8, 8, 8, 6, 0, 0, 7, 0, 7, 5, 0, 0, 7, 6, 8, 0, 0, 0, 0, 0, 9, 9, 0, 0, 0, 7, 0, 9, 7, 6, 8, 0, 9, 6, 0, 7, 7, 0, 0, 5, 0, 8, 5, 8, 7, 4, 0, 0, 0, 8, 0, 0, 0, 6, 6, 0, 0, 0, 0, 0, 7, 0, 9, 7, 5, 0, 0, 7, 0, 7, 8, 6, 0, 7, 0, 7, 8, 0, 9, : 6, 8, 8, 8, 7, 9, 6, 5, 8, 8, 8, 7, 9, 8, 8, 6, 8, 9, 9, 8, 8, 8, 6, 7, 7, 5, 7, 6, 8, 9, 9, 7, 9, 7, 6, 8, 9, 6, 7, 7, 5, 8, 5, 8, 7, 4, 8, 6, 6, 7, 9, 7, 5, 7, 7, 8, 6, 7, 7, 8, 9, 
113: 6, 0, 0, 7, 0, 5, 6, 0, 8, 0, 9, 0, 8, 0, 8, 8, 9, 0, 0, 6, 6, 0, 8, 7, 0, 0, 6, 0, 0, 0, 0, 8, 0, 7, 8, 7, 6, 9, 9, 0, 0, 9, 10, 9, 0, 7, 7, 0, 7, 0, 9, 4, 0, 8, 7, 0, 0, 0, 8, 0, 0, 0, 9, 6, 0, 7, 9, 0, 0, 8, 0, 0, 0, 9, 6, 5, 0, 7, 6, 0, 0, 9, 7, 6, 4, 5, 0, 7, 0, 9, 0, 9, 0, 9, 9, 0, 0, 0, 0, 0, 5, 9, 8, 7, 9, 0, 8, 7, 8, 0, 0, 6, 0, 0, 0, 0, 7, 5, 7, 0, : 6, 7, 5, 6, 8, 9, 8, 8, 8, 9, 6, 6, 8, 7, 6, 8, 7, 8, 7, 6, 9, 9, 9, 10, 9, 7, 7, 7, 9, 4, 8, 7, 8, 9, 6, 7, 9, 8, 9, 6, 5, 7, 6, 9, 7, 6, 4, 5, 7, 9, 9, 9, 9, 5, 9, 8, 7, 9, 8, 7, 8, 6, 7, 5, 7, 
121: 7, 0, 7, 6, 7, 8, 0, 9, 6, 0, 0, 0, 7, 7, 0, 0, 6, 0, 7, 0, 9, 0, 5, 0, 8, 0, 8, 0, 7, 6, 7, 6, 0, 0, 0, 5, 5, 0, 7, 0, 0, 8, 0, 6, 0, 10, 0, 0, 7, 6, 8, 0, 0, 0, 0, 7, 8, 9, 0, 0, 0, 0, 0, 9, 6, 6, 7, 10, 8, 0, 0, 0, 6, 0, 0, 0, 0, 0, 7, 10, 9, 0, 8, 7, 0, 7, 0, 7, 4, 0, 0, 6, 8, 0, 7, 0, 8, 8, 9, 0, 7, 0, 9, 0, 0, 0, 7, 0, 6, 8, 0, 9, 0, 6, 0, 7, 0, 7, 0, 0, : 7, 7, 6, 7, 8, 9, 6, 7, 7, 6, 7, 9, 5, 8, 8, 7, 6, 7, 6, 5, 5, 7, 8, 6, 10, 7, 6, 8, 7, 8, 9, 9, 6, 6, 7, 10, 8, 6, 7, 10, 9, 8, 7, 7, 7, 4, 6, 8, 7, 8, 8, 9, 7, 9, 7, 6, 8, 9, 6, 7, 7, 
437: 0, 7, 0, 0, 6, 9, 0, 8, 6, 9, 0, 7, 6, 0, 0, 0, 0, 0, 7, 8, 0, 0, 0, 0, 0, 0, 0, 0, 0, 0, 6, 0, 9, 0, 0, 8, 0, 9, 0, 0, 0, 0, 7, 0, 9, 7, 0, 0, 0, 0, 0, 7, 9, 0, 5, 8, 0, 0, 0, 0, 9, 8, 0, 0, 0, 0, 8, 9, 9, 0, 0, 0, 0, 0, 0, 0, 8, 5, 0, 0, 0, 0, 8, 0, 8, 0, 9, 7, 7, 0, 8, 9, 7, 0, 7, 5, 0, 0, 0, 0, 7, 7, 0, 5, 0, 9, 8, 0, 0, 7, 0, 9, 0, 8, 9, 9, 8, 0, 7, 6, : 7, 6, 9, 8, 6, 9, 7, 6, 7, 8, 6, 9, 8, 9, 7, 9, 7, 7, 9, 5, 8, 9, 8, 8, 9, 9, 8, 5, 8, 8, 9, 7, 7, 8, 9, 7, 7, 5, 7, 7, 5, 9, 8, 7, 9, 8, 9, 9, 8, 7, 6, 
89: 0, 8, 0, 0, 8, 8, 9, 6, 8, 6, 5, 8, 0, 5, 0, 0, 0, 0, 8, 0, 8, 9, 6, 0, 0, 8, 8, 0, 0, 0, 0, 0, 0, 7, 0, 6, 0, 8, 0, 7, 0, 0, 7, 0, 9, 0, 9, 8, 7, 9, 0, 6, 9, 0, 0, 0, 0, 7, 0, 9, 10, 6, 8, 0, 0, 8, 9, 0, 9, 7, 8, 11, 0, 0, 10, 0, 8, 0, 0, 6, 5, 8, 9, 0, 8, 0, 6, 0, 0, 0, 0, 0, 10, 0, 7, 0, 0, 0, 0, 0, 9, 7, 9, 7, 0, 0, 0, 7, 9, 9, 0, 6, 0, 7, 6, 5, 0, 9, 0, 6, : 8, 8, 8, 9, 6, 8, 6, 5, 8, 5, 8, 8, 9, 6, 8, 8, 7, 6, 8, 7, 7, 9, 9, 8, 7, 9, 6, 9, 7, 9, 10, 6, 8, 8, 9, 9, 7, 8, 11, 10, 8, 6, 5, 8, 9, 8, 6, 10, 7, 9, 7, 9, 7, 7, 9, 9, 6, 7, 6, 5, 9, 6, 
265: 0, 7, 0, 7, 0, 0, 0, 10, 0, 7, 6, 0, 7, 7, 9, 0, 0, 0, 7, 0, 8, 7, 0, 7, 0, 0, 7, 0, 0, 7, 6, 6, 0, 8, 8, 0, 8, 5, 9, 7, 0, 5, 0, 0, 0, 0, 0, 8, 0, 5, 0, 5, 7, 0, 7, 9, 9, 0, 7, 0, 7, 0, 0, 0, 8, 0, 0, 0, 7, 0, 0, 0, 9, 8, 7, 0, 0, 6, 7, 0, 0, 0, 6, 0, 0, 0, 0, 0, 0, 0, 0, 0, 0, 5, 0, 7, 0, 0, 10, 0, 0, 0, 7, 0, 8, 0, 0, 7, 0, 5, 8, 7, 8, 6, 0, 0, 9, 5, 7, 6, : 7, 7, 10, 7, 6, 7, 7, 9, 7, 8, 7, 7, 7, 7, 6, 6, 8, 8, 8, 5, 9, 7, 5, 8, 5, 5, 7, 7, 9, 9, 7, 7, 8, 7, 9, 8, 7, 6, 7, 6, 5, 7, 10, 7, 8, 7, 5, 8, 7, 8, 6, 9, 5, 7, 6, 
245: 8, 0, 10, 0, 7, 0, 0, 8, 10, 10, 7, 0, 5, 5, 8, 6, 0, 6, 8, 7, 7, 8, 0, 0, 5, 5, 10, 0, 6, 8, 0, 6, 0, 9, 0, 0, 8, 0, 7, 0, 0, 9, 0, 6, 0, 0, 10, 9, 10, 6, 0, 7, 8, 0, 10, 6, 8, 0, 7, 0, 9, 0, 7, 6, 0, 0, 0, 9, 0, 9, 8, 0, 6, 8, 0, 0, 0, 6, 8, 7, 8, 0, 8, 0, 0, 0, 0, 0, 8, 6, 0, 0, 0, 8, 0, 9, 8, 5, 0, 7, 0, 0, 0, 0, 0, 0, 9, 0, 0, 8, 0, 10, 7, 0, 8, 7, 6, 8, 0, 0, : 8, 10, 7, 8, 10, 10, 7, 5, 5, 8, 6, 6, 8, 7, 7, 8, 5, 5, 10, 6, 8, 6, 9, 8, 7, 9, 6, 10, 9, 10, 6, 7, 8, 10, 6, 8, 7, 9, 7, 6, 9, 9, 8, 6, 8, 6, 8, 7, 8, 8, 8, 6, 8, 9, 8, 5, 7, 9, 8, 10, 7, 8, 7, 6, 8, 
427: 7, 0, 0, 0, 0, 0, 0, 7, 6, 7, 9, 0, 0, 8, 7, 0, 0, 0, 0, 6, 7, 8, 0, 0, 7, 0, 0, 0, 0, 7, 0, 0, 0, 0, 0, 0, 7, 8, 7, 6, 0, 6, 7, 7, 6, 6, 8, 7, 5, 9, 6, 8, 0, 0, 8, 8, 0, 6, 6, 0, 0, 8, 0, 8, 0, 0, 0, 7, 0, 9, 0, 0, 7, 7, 0, 0, 7, 0, 5, 9, 0, 0, 0, 5, 0, 0, 7, 0, 0, 0, 6, 0, 0, 0, 0, 0, 9, 0, 8, 0, 5, 0, 6, 0, 0, 0, 0, 0, 0, 7, 7, 0, 0, 0, 0, 8, 7, 0, 8, 5, : 7, 7, 6, 7, 9, 8, 7, 6, 7, 8, 7, 7, 7, 8, 7, 6, 6, 7, 7, 6, 6, 8, 7, 5, 9, 6, 8, 8, 8, 6, 6, 8, 8, 7, 9, 7, 7, 7, 5, 9, 5, 7, 6, 9, 8, 5, 6, 7, 7, 8, 7, 8, 5, 
199: 0, 9, 10, 0, 8, 0, 0, 0, 8, 0, 7, 7, 6, 0, 7, 0, 8, 0, 5, 0, 8, 7, 7, 0, 7, 9, 0, 7, 8, 0, 0, 8, 0, 6, 0, 9, 0, 5, 0, 0, 8, 0, 0, 8, 7, 0, 0, 9, 8, 7, 0, 0, 7, 7, 8, 0, 8, 0, 7, 0, 0, 0, 8, 0, 0, 9, 0, 6, 7, 8, 8, 0, 0, 7, 6, 0, 7, 9, 8, 0, 9, 9, 5, 8, 0, 0, 0, 9, 0, 6, 6, 0, 0, 0, 0, 0, 0, 7, 5, 0, 5, 0, 0, 7, 0, 6, 0, 0, 5, 0, 6, 0, 9, 8, 0, 0, 0, 7, 8, 8, : 9, 10, 8, 8, 7, 7, 6, 7, 8, 5, 8, 7, 7, 7, 9, 7, 8, 8, 6, 9, 5, 8, 8, 7, 9, 8, 7, 7, 7, 8, 8, 7, 8, 9, 6, 7, 8, 8, 7, 6, 7, 9, 8, 9, 9, 5, 8, 9, 6, 6, 7, 5, 5, 7, 6, 5, 6, 9, 8, 7, 8, 8, 
184: 0, 0, 0, 6, 0, 6, 0, 0, 5, 9, 0, 0, 0, 4, 0, 5, 0, 9, 8, 0, 9, 0, 7, 7, 8, 8, 0, 6, 0, 0, 0, 0, 6, 8, 0, 0, 0, 0, 6, 8, 0, 9, 6, 0, 0, 0, 0, 0, 7, 0, 8, 6, 7, 9, 0, 7, 0, 7, 5, 5, 7, 0, 0, 8, 0, 6, 9, 0, 7, 6, 8, 6, 6, 7, 0, 0, 0, 0, 0, 8, 0, 6, 0, 7, 9, 0, 0, 8, 0, 9, 7, 0, 0, 7, 5, 0, 8, 8, 0, 5, 0, 9, 6, 8, 8, 0, 4, 0, 0, 9, 9, 8, 0, 0, 5, 8, 9, 0, 7, 0, : 6, 6, 5, 9, 4, 5, 9, 8, 9, 7, 7, 8, 8, 6, 6, 8, 6, 8, 9, 6, 7, 8, 6, 7, 9, 7, 7, 5, 5, 7, 8, 6, 9, 7, 6, 8, 6, 6, 7, 8, 6, 7, 9, 8, 9, 7, 7, 5, 8, 8, 5, 9, 6, 8, 8, 4, 9, 9, 8, 5, 8, 9, 7, 
600: 5, 0, 0, 0, 0, 7, 0, 0, 0, 9, 9, 9, 7, 9, 0, 8, 0, 0, 7, 0, 0, 0, 0, 0, 0, 7, 9, 0, 8, 0, 0, 0, 5, 7, 5, 0, 7, 7, 0, 8, 0, 0, 0, 0, 0, 0, 0, 0, 0, 0, 0, 6, 7, 8, 0, 0, 0, 0, 10, 0, 10, 6, 0, 0, 0, 0, 0, 8, 0, 0, 0, 0, 0, 0, 0, 5, 6, 9, 7, 0, 0, 0, 0, 9, 0, 0, 0, 5, 0, 0, 9, 0, 0, 0, 0, 0, 8, 7, 0, 9, 0, 0, 8, 9, 0, 0, 0, 9, 9, 0, 8, 6, 8, 6, 9, 0, 6, 0, 6, 0, : 5, 7, 9, 9, 9, 7, 9, 8, 7, 7, 9, 8, 5, 7, 5, 7, 7, 8, 6, 7, 8, 10, 10, 6, 8, 5, 6, 9, 7, 9, 5, 9, 8, 7, 9, 8, 9, 9, 9, 8, 6, 8, 6, 9, 6, 6, 
517: 7, 8, 0, 7, 0, 6, 0, 10, 0, 8, 0, 0, 0, 0, 0, 0, 7, 0, 0, 8, 8, 9, 9, 0, 8, 6, 0, 7, 0, 7, 8, 7, 0, 5, 0, 8, 8, 0, 0, 0, 7, 0, 0, 0, 0, 0, 8, 0, 0, 0, 7, 0, 7, 6, 7, 10, 7, 6, 0, 7, 6, 6, 7, 6, 0, 7, 0, 6, 0, 8, 0, 0, 0, 5, 7, 7, 0, 8, 10, 8, 8, 0, 7, 0, 0, 0, 0, 6, 0, 0, 6, 0, 6, 8, 9, 0, 0, 0, 0, 0, 0, 8, 0, 8, 0, 5, 0, 0, 0, 0, 8, 0, 0, 5, 9, 7, 0, 0, 6, 0, : 7, 8, 7, 6, 10, 8, 7, 8, 8, 9, 9, 8, 6, 7, 7, 8, 7, 5, 8, 8, 7, 8, 7, 7, 6, 7, 10, 7, 6, 7, 6, 6, 7, 6, 7, 6, 8, 5, 7, 7, 8, 10, 8, 8, 7, 6, 6, 6, 8, 9, 8, 8, 5, 8, 5, 9, 7, 6, 
490: 7, 0, 8, 0, 0, 0, 0, 0, 7, 0, 0, 7, 0, 0, 0, 8, 0, 8, 8, 0, 0, 8, 0, 6, 7, 0, 9, 7, 0, 6, 9, 0, 0, 8, 0, 5, 0, 0, 0, 7, 0, 9, 9, 6, 6, 0, 0, 7, 0, 0, 0, 0, 8, 7, 8, 5, 0, 7, 0, 8, 8, 8, 7, 0, 5, 7, 7, 0, 0, 0, 6, 0, 0, 8, 0, 8, 0, 0, 9, 0, 9, 5, 8, 8, 0, 0, 9, 7, 0, 5, 5, 10, 0, 0, 10, 6, 0, 0, 7, 0, 10, 0, 0, 9, 0, 8, 8, 6, 0, 7, 8, 6, 0, 0, 7, 0, 8, 0, 0, 8, : 7, 8, 7, 7, 8, 8, 8, 8, 6, 7, 9, 7, 6, 9, 8, 5, 7, 9, 9, 6, 6, 7, 8, 7, 8, 5, 7, 8, 8, 8, 7, 5, 7, 7, 6, 8, 8, 9, 9, 5, 8, 8, 9, 7, 5, 5, 10, 10, 6, 7, 10, 9, 8, 8, 6, 7, 8, 6, 7, 8, 8, 
374: 0, 8, 6, 0, 0, 8, 7, 5, 6, 5, 0, 4, 0, 0, 9, 5, 9, 0, 5, 9, 9, 7, 0, 0, 0, 7, 10, 0, 0, 8, 7, 8, 7, 0, 8, 5, 0, 9, 6, 6, 0, 0, 8, 0, 0, 8, 5, 0, 7, 9, 0, 0, 0, 0, 7, 9, 0, 10, 0, 0, 0, 0, 0, 0, 8, 0, 0, 7, 0, 0, 8, 7, 0, 6, 0, 7, 0, 0, 8, 9, 7, 6, 10, 0, 0, 0, 0, 0, 7, 0, 5, 8, 9, 0, 0, 0, 7, 7, 8, 8, 0, 6, 7, 0, 10, 0, 0, 9, 0, 0, 6, 6, 6, 7, 0, 0, 6, 8, 9, 0, : 8, 6, 8, 7, 5, 6, 5, 4, 9, 5, 9, 5, 9, 9, 7, 7, 10, 8, 7, 8, 7, 8, 5, 9, 6, 6, 8, 8, 5, 7, 9, 7, 9, 10, 8, 7, 8, 7, 6, 7, 8, 9, 7, 6, 10, 7, 5, 8, 9, 7, 7, 8, 8, 6, 7, 10, 9, 6, 6, 6, 7, 6, 8, 9, 
318: 0, 6, 7, 9, 6, 7, 6, 7, 0, 9, 0, 0, 0, 0, 0, 7, 0, 8, 0, 8, 0, 0, 0, 0, 8, 7, 7, 0, 7, 8, 6, 8, 8, 9, 0, 10, 10, 5, 7, 0, 7, 0, 6, 8, 7, 6, 6, 5, 10, 0, 0, 0, 0, 0, 0, 8, 0, 8, 0, 0, 6, 9, 8, 7, 0, 0, 7, 0, 0, 8, 9, 0, 0, 7, 0, 5, 8, 8, 0, 8, 8, 6, 5, 0, 0, 0, 6, 5, 7, 0, 0, 0, 0, 10, 0, 7, 7, 6, 0, 0, 0, 0, 0, 6, 10, 0, 8, 0, 8, 0, 6, 0, 0, 5, 6, 9, 0, 0, 0, 7, : 6, 7, 9, 6, 7, 6, 7, 9, 7, 8, 8, 8, 7, 7, 7, 8, 6, 8, 8, 9, 10, 10, 5, 7, 7, 6, 8, 7, 6, 6, 5, 10, 8, 8, 6, 9, 8, 7, 7, 8, 9, 7, 5, 8, 8, 8, 8, 6, 5, 6, 5, 7, 10, 7, 7, 6, 6, 10, 8, 8, 6, 5, 6, 9, 7, 
208: 8, 9, 0, 9, 8, 0, 0, 0, 0, 10, 0, 7, 9, 0, 0, 0, 0, 0, 0, 0, 7, 0, 0, 9, 0, 6, 8, 8, 0, 0, 0, 8, 0, 8, 6, 7, 9, 8, 10, 7, 0, 7, 6, 0, 0, 0, 5, 0, 10, 8, 9, 0, 8, 0, 4, 7, 0, 9, 8, 6, 6, 6, 8, 0, 6, 0, 0, 0, 7, 0, 6, 6, 6, 0, 0, 8, 8, 0, 9, 0, 0, 6, 0, 0, 8, 9, 0, 8, 6, 0, 9, 5, 6, 0, 0, 0, 6, 0, 6, 0, 8, 7, 0, 0, 0, 0, 0, 7, 7, 0, 0, 7, 10, 8, 8, 0, 9, 7, 0, 0, : 8, 9, 9, 8, 10, 7, 9, 7, 9, 6, 8, 8, 8, 8, 6, 7, 9, 8, 10, 7, 7, 6, 5, 10, 8, 9, 8, 4, 7, 9, 8, 6, 6, 6, 8, 6, 7, 6, 6, 6, 8, 8, 9, 6, 8, 9, 8, 6, 9, 5, 6, 6, 6, 8, 7, 7, 7, 7, 10, 8, 8, 9, 7, 
550: 0, 8, 7, 9, 9, 0, 0, 6, 5, 0, 7, 7, 7, 9, 0, 0, 8, 0, 9, 8, 8, 7, 7, 0, 0, 0, 7, 8, 8, 8, 7, 8, 9, 0, 9, 0, 8, 0, 6, 8, 9, 8, 0, 6, 0, 6, 4, 6, 0, 8, 0, 0, 7, 0, 5, 8, 7, 0, 7, 7, 6, 0, 0, 0, 8, 7, 8, 7, 7, 5, 8, 9, 8, 10, 0, 0, 8, 8, 0, 8, 8, 5, 5, 9, 0, 7, 8, 6, 7, 0, 0, 9, 0, 0, 9, 10, 0, 7, 0, 0, 0, 0, 0, 7, 0, 0, 6, 6, 0, 0, 6, 7, 5, 7, 0, 10, 0, 0, 8, 0, : 8, 7, 9, 9, 6, 5, 7, 7, 7, 9, 8, 9, 8, 8, 7, 7, 7, 8, 8, 8, 7, 8, 9, 9, 8, 6, 8, 9, 8, 6, 6, 4, 6, 8, 7, 5, 8, 7, 7, 7, 6, 8, 7, 8, 7, 7, 5, 8, 9, 8, 10, 8, 8, 8, 8, 5, 5, 9, 7, 8, 6, 7, 9, 9, 10, 7, 7, 6, 6, 6, 7, 5, 7, 10, 8, 
146: 6, 5, 0, 0, 0, 0, 6, 9, 8, 0, 0, 9, 0, 0, 7, 0, 0, 8, 0, 8, 0, 0, 0, 7, 0, 5, 7, 8, 9, 9, 8, 0, 0, 0, 9, 0, 9, 0, 9, 9, 6, 7, 0, 7, 7, 5, 7, 0, 9, 10, 8, 0, 7, 0, 0, 0, 9, 0, 9, 6, 0, 0, 0, 0, 0, 6, 8, 0, 0, 7, 10, 0, 7, 8, 8, 0, 7, 9, 0, 0, 0, 0, 9, 7, 8, 8, 8, 0, 9, 9, 0, 5, 9, 6, 0, 0, 9, 7, 8, 7, 0, 5, 0, 6, 0, 0, 0, 0, 0, 0, 0, 0, 7, 6, 0, 0, 5, 0, 0, 9, : 6, 5, 6, 9, 8, 9, 7, 8, 8, 7, 5, 7, 8, 9, 9, 8, 9, 9, 9, 9, 6, 7, 7, 7, 5, 7, 9, 10, 8, 7, 9, 9, 6, 6, 8, 7, 10, 7, 8, 8, 7, 9, 9, 7, 8, 8, 8, 9, 9, 5, 9, 6, 9, 7, 8, 7, 5, 6, 7, 6, 5, 9, 
444: 8, 0, 8, 10, 8, 7, 0, 0, 0, 7, 0, 0, 0, 0, 0, 7, 7, 7, 7, 8, 6, 6, 6, 0, 6, 8, 6, 7, 0, 0, 10, 7, 8, 7, 0, 0, 8, 0, 0, 9, 7, 8, 8, 8, 0, 0, 0, 0, 0, 8, 7, 6, 0, 0, 5, 0, 7, 5, 7, 0, 8, 5, 5, 6, 7, 0, 0, 9, 0, 0, 0, 6, 7, 6, 8, 0, 7, 0, 0, 6, 5, 10, 7, 0, 0, 10, 0, 0, 6, 5, 8, 0, 0, 0, 6, 0, 0, 0, 0, 0, 6, 7, 8, 0, 8, 8, 0, 11, 9, 7, 0, 6, 8, 7, 8, 7, 8, 0, 7, 7, : 8, 8, 10, 8, 7, 7, 7, 7, 7, 7, 8, 6, 6, 6, 6, 8, 6, 7, 10, 7, 8, 7, 8, 9, 7, 8, 8, 8, 8, 7, 6, 5, 7, 5, 7, 8, 5, 5, 6, 7, 9, 6, 7, 6, 8, 7, 6, 5, 10, 7, 10, 6, 5, 8, 6, 6, 7, 8, 8, 8, 11, 9, 7, 6, 8, 7, 8, 7, 8, 7, 7, 
161: 10, 7, 7, 9, 0, 0, 8, 9, 0, 11, 0, 0, 0, 6, 0, 8, 0, 0, 10, 0, 0, 7, 7, 0, 7, 8, 8, 7, 0, 0, 9, 7, 6, 0, 0, 0, 10, 7, 0, 0, 9, 7, 9, 6, 7, 0, 7, 7, 8, 0, 9, 0, 7, 9, 8, 6, 0, 8, 0, 0, 6, 0, 0, 0, 0, 5, 0, 6, 5, 7, 0, 8, 6, 7, 9, 8, 6, 0, 7, 0, 0, 9, 0, 9, 6, 0, 0, 7, 9, 8, 5, 0, 0, 0, 0, 7, 6, 7, 0, 7, 0, 0, 0, 7, 8, 9, 0, 7, 0, 9, 6, 0, 6, 8, 9, 0, 5, 9, 8, 0, : 10, 7, 7, 9, 8, 9, 11, 6, 8, 10, 7, 7, 7, 8, 8, 7, 9, 7, 6, 10, 7, 9, 7, 9, 6, 7, 7, 7, 8, 9, 7, 9, 8, 6, 8, 6, 5, 6, 5, 7, 8, 6, 7, 9, 8, 6, 7, 9, 9, 6, 7, 9, 8, 5, 7, 6, 7, 7, 7, 8, 9, 7, 9, 6, 6, 8, 9, 5, 9, 8, 
107: 9, 0, 0, 8, 6, 0, 10, 10, 0, 0, 6, 0, 0, 0, 7, 0, 6, 0, 0, 7, 7, 7, 0, 0, 0, 6, 10, 7, 9, 0, 7, 0, 0, 9, 0, 7, 0, 0, 8, 0, 10, 0, 6, 7, 9, 0, 0, 10, 0, 0, 7, 0, 0, 0, 0, 7, 0, 9, 0, 6, 0, 0, 9, 7, 8, 0, 0, 0, 0, 9, 6, 6, 0, 0, 0, 6, 10, 8, 9, 0, 0, 10, 7, 10, 8, 9, 6, 6, 7, 0, 0, 9, 0, 7, 0, 0, 8, 9, 0, 6, 0, 0, 0, 8, 0, 0, 7, 0, 8, 0, 10, 10, 7, 8, 0, 7, 0, 0, 9, 0, : 9, 8, 6, 10, 10, 6, 7, 6, 7, 7, 7, 6, 10, 7, 9, 7, 9, 7, 8, 10, 6, 7, 9, 10, 7, 7, 9, 6, 9, 7, 8, 9, 6, 6, 6, 10, 8, 9, 10, 7, 10, 8, 9, 6, 6, 7, 9, 7, 8, 9, 6, 8, 7, 8, 10, 10, 7, 8, 7, 9, 
474: 7, 8, 0, 10, 0, 7, 6, 7, 7, 0, 0, 7, 6, 8, 0, 8, 0, 0, 0, 0, 0, 0, 5, 4, 0, 7, 5, 0, 4, 6, 0, 0, 0, 7, 0, 6, 0, 6, 7, 0, 0, 0, 0, 0, 9, 0, 0, 6, 0, 0, 4, 9, 10, 7, 0, 0, 0, 6, 0, 6, 0, 8, 10, 9, 5, 7, 8, 0, 8, 0, 8, 0, 6, 0, 7, 8, 7, 9, 0, 9, 0, 8, 5, 0, 0, 0, 0, 7, 0, 7, 7, 8, 11, 8, 0, 0, 4, 0, 8, 9, 7, 6, 0, 6, 0, 0, 0, 0, 0, 6, 0, 8, 8, 0, 7, 0, 0, 7, 9, 0, : 7, 8, 10, 7, 6, 7, 7, 7, 6, 8, 8, 5, 4, 7, 5, 4, 6, 7, 6, 6, 7, 9, 6, 4, 9, 10, 7, 6, 6, 8, 10, 9, 5, 7, 8, 8, 8, 6, 7, 8, 7, 9, 9, 8, 5, 7, 7, 7, 8, 11, 8, 4, 8, 9, 7, 6, 6, 6, 8, 8, 7, 7, 9, 
62: 8, 0, 0, 7, 6, 0, 7, 0, 0, 8, 0, 0, 8, 6, 0, 7, 0, 8, 0, 4, 0, 8, 8, 6, 6, 0, 7, 0, 7, 6, 0, 6, 0, 0, 7, 0, 0, 5, 0, 7, 7, 0, 9, 0, 8, 7, 0, 10, 9, 7, 8, 8, 5, 0, 10, 0, 0, 9, 8, 6, 8, 0, 0, 7, 0, 0, 8, 0, 9, 10, 0, 7, 6, 7, 7, 0, 0, 7, 0, 0, 6, 0, 0, 0, 0, 6, 0, 0, 0, 6, 9, 0, 9, 0, 0, 0, 0, 0, 10, 0, 7, 10, 0, 0, 0, 7, 9, 0, 0, 6, 0, 0, 7, 0, 5, 0, 0, 0, 7, 7, : 8, 7, 6, 7, 8, 8, 6, 7, 8, 4, 8, 8, 6, 6, 7, 7, 6, 6, 7, 5, 7, 7, 9, 8, 7, 10, 9, 7, 8, 8, 5, 10, 9, 8, 6, 8, 7, 8, 9, 10, 7, 6, 7, 7, 7, 6, 6, 6, 9, 9, 10, 7, 10, 7, 9, 6, 7, 5, 7, 7, 
5: 0, 0, 9, 7, 0, 5, 9, 5, 0, 6, 7, 8, 8, 7, 7, 10, 0, 5, 8, 0, 8, 8, 8, 7, 0, 0, 0, 0, 0, 0, 8, 0, 0, 0, 7, 0, 0, 7, 0, 0, 6, 0, 5, 0, 0, 5, 8, 6, 0, 5, 10, 7, 0, 0, 9, 8, 5, 0, 0, 7, 0, 8, 0, 0, 6, 0, 8, 0, 0, 8, 8, 6, 7, 0, 8, 0, 8, 7, 0, 9, 7, 9, 0, 0, 0, 0, 0, 0, 0, 0, 0, 8, 0, 7, 0, 0, 6, 0, 8, 0, 8, 9, 5, 0, 7, 0, 0, 0, 0, 8, 9, 0, 0, 9, 8, 0, 0, 0, 0, 10, : 9, 7, 5, 9, 5, 6, 7, 8, 8, 7, 7, 10, 5, 8, 8, 8, 8, 7, 8, 7, 7, 6, 5, 5, 8, 6, 5, 10, 7, 9, 8, 5, 7, 8, 6, 8, 8, 8, 6, 7, 8, 8, 7, 9, 7, 9, 8, 7, 6, 8, 8, 9, 5, 7, 8, 9, 9, 8, 10, 
376: 0, 7, 6, 0, 0, 6, 0, 0, 0, 0, 7, 6, 7, 6, 0, 0, 6, 0, 8, 0, 8, 5, 9, 7, 6, 8, 0, 6, 0, 9, 0, 0, 0, 0, 9, 0, 0, 0, 5, 6, 0, 0, 5, 0, 0, 6, 8, 0, 0, 9, 7, 8, 6, 5, 7, 8, 7, 0, 0, 0, 0, 0, 0, 6, 0, 9, 0, 0, 0, 8, 8, 7, 0, 6, 0, 6, 0, 0, 0, 5, 6, 7, 8, 0, 0, 5, 6, 6, 0, 8, 5, 0, 8, 8, 8, 0, 5, 0, 0, 7, 8, 0, 10, 0, 5, 6, 8, 8, 9, 0, 0, 7, 9, 0, 9, 8, 6, 6, 0, 7, : 7, 6, 6, 7, 6, 7, 6, 6, 8, 8, 5, 9, 7, 6, 8, 6, 9, 9, 5, 6, 5, 6, 8, 9, 7, 8, 6, 5, 7, 8, 7, 6, 9, 8, 8, 7, 6, 6, 5, 6, 7, 8, 5, 6, 6, 8, 5, 8, 8, 8, 5, 7, 8, 10, 5, 6, 8, 8, 9, 7, 9, 9, 8, 6, 6, 7, 
512: 0, 7, 0, 5, 6, 0, 8, 6, 7, 0, 11, 0, 0, 0, 0, 9, 6, 9, 0, 0, 0, 0, 0, 8, 0, 0, 0, 6, 0, 0, 0, 6, 0, 0, 7, 0, 0, 9, 6, 0, 5, 10, 0, 8, 7, 9, 0, 0, 5, 0, 0, 6, 7, 6, 0, 0, 0, 11, 9, 6, 0, 7, 0, 7, 8, 9, 0, 0, 8, 0, 9, 6, 7, 0, 0, 9, 0, 0, 0, 7, 8, 0, 10, 6, 8, 0, 0, 0, 0, 8, 8, 6, 0, 0, 7, 8, 0, 4, 6, 0, 0, 0, 8, 7, 7, 5, 0, 6, 0, 0, 7, 0, 0, 7, 7, 0, 0, 9, 7, 0, : 7, 5, 6, 8, 6, 7, 11, 9, 6, 9, 8, 6, 6, 7, 9, 6, 5, 10, 8, 7, 9, 5, 6, 7, 6, 11, 9, 6, 7, 7, 8, 9, 8, 9, 6, 7, 9, 7, 8, 10, 6, 8, 8, 8, 6, 7, 8, 4, 6, 8, 7, 7, 5, 6, 7, 7, 7, 9, 7, 
292: 0, 0, 0, 6, 0, 0, 8, 0, 0, 0, 7, 0, 0, 0, 0, 8, 8, 0, 0, 9, 7, 8, 6, 0, 6, 0, 0, 7, 0, 7, 0, 0, 0, 0, 0, 10, 8, 0, 0, 6, 10, 0, 0, 10, 10, 0, 6, 7, 0, 0, 7, 10, 0, 8, 0, 0, 7, 5, 6, 7, 0, 8, 0, 0, 9, 0, 7, 0, 0, 7, 0, 9, 0, 0, 0, 0, 10, 0, 8, 9, 0, 0, 0, 10, 0, 0, 0, 0, 0, 9, 0, 0, 0, 0, 0, 6, 6, 8, 7, 0, 0, 0, 10, 8, 0, 8, 8, 0, 0, 0, 0, 0, 0, 7, 0, 6, 0, 6, 0, 8, : 6, 8, 7, 8, 8, 9, 7, 8, 6, 6, 7, 7, 10, 8, 6, 10, 10, 10, 6, 7, 7, 10, 8, 7, 5, 6, 7, 8, 9, 7, 7, 9, 10, 8, 9, 10, 9, 6, 6, 8, 7, 10, 8, 8, 8, 7, 6, 6, 8, 
123: 9, 0, 7, 8, 9, 6, 0, 7, 8, 7, 0, 5, 4, 6, 9, 0, 7, 8, 0, 0, 0, 5, 8, 0, 10, 7, 0, 0, 0, 0, 0, 0, 0, 6, 0, 0, 7, 8, 0, 5, 7, 0, 8, 0, 0, 9, 6, 0, 0, 8, 0, 0, 8, 7, 0, 11, 0, 0, 8, 0, 8, 6, 6, 0, 0, 0, 0, 5, 0, 0, 0, 0, 8, 0, 0, 5, 8, 8, 0, 9, 0, 0, 0, 6, 8, 0, 10, 0, 7, 8, 0, 0, 10, 9, 0, 8, 7, 0, 8, 0, 10, 0, 0, 6, 0, 0, 0, 7, 0, 8, 0, 5, 0, 10, 0, 0, 0, 0, 7, 0, : 9, 7, 8, 9, 6, 7, 8, 7, 5, 4, 6, 9, 7, 8, 5, 8, 10, 7, 6, 7, 8, 5, 7, 8, 9, 6, 8, 8, 7, 11, 8, 8, 6, 6, 5, 8, 5, 8, 8, 9, 6, 8, 10, 7, 8, 10, 9, 8, 7, 8, 10, 6, 7, 8, 5, 10, 7, 
122: 0, 8, 9, 0, 0, 0, 6, 8, 0, 7, 0, 0, 8, 0, 9, 0, 0, 0, 9, 0, 5, 0, 0, 7, 7, 0, 0, 0, 0, 6, 0, 8, 0, 7, 0, 6, 6, 0, 7, 0, 9, 0, 0, 6, 6, 0, 0, 9, 0, 0, 0, 7, 0, 0, 7, 0, 8, 0, 0, 6, 0, 0, 6, 8, 9, 8, 0, 0, 8, 0, 6, 8, 8, 0, 0, 6, 8, 8, 5, 0, 0, 6, 0, 0, 5, 7, 0, 10, 8, 0, 6, 0, 8, 7, 8, 7, 8, 0, 9, 7, 7, 0, 8, 0, 0, 9, 0, 7, 0, 8, 0, 0, 0, 10, 6, 0, 0, 7, 0, 7, : 8, 9, 6, 8, 7, 8, 9, 9, 5, 7, 7, 6, 8, 7, 6, 6, 7, 9, 6, 6, 9, 7, 7, 8, 6, 6, 8, 9, 8, 8, 6, 8, 8, 6, 8, 8, 5, 6, 5, 7, 10, 8, 6, 8, 7, 8, 7, 8, 9, 7, 7, 8, 9, 7, 8, 10, 6, 7, 7, 
237: 5, 0, 8, 8, 0, 0, 8, 0, 7, 0, 0, 0, 0, 10, 0, 6, 9, 0, 8, 8, 0, 9, 7, 0, 0, 8, 8, 0, 0, 0, 0, 5, 8, 8, 7, 7, 8, 5, 7, 0, 8, 0, 0, 9, 0, 6, 6, 0, 0, 0, 0, 8, 0, 0, 0, 0, 7, 7, 7, 7, 0, 0, 6, 5, 6, 7, 8, 8, 0, 0, 8, 9, 0, 0, 0, 0, 0, 8, 0, 0, 6, 0, 6, 0, 7, 9, 9, 0, 0, 7, 8, 0, 6, 8, 6, 0, 8, 9, 4, 0, 7, 0, 8, 4, 0, 5, 7, 8, 8, 8, 6, 0, 0, 0, 7, 0, 0, 5, 7, 0, : 5, 8, 8, 8, 7, 10, 6, 9, 8, 8, 9, 7, 8, 8, 5, 8, 8, 7, 7, 8, 5, 7, 8, 9, 6, 6, 8, 7, 7, 7, 7, 6, 5, 6, 7, 8, 8, 8, 9, 8, 6, 6, 7, 9, 9, 7, 8, 6, 8, 6, 8, 9, 4, 7, 8, 4, 5, 7, 8, 8, 8, 6, 7, 5, 7, 
186: 0, 0, 0, 0, 0, 0, 6, 0, 8, 7, 7, 0, 0, 0, 5, 0, 6, 5, 0, 0, 8, 0, 0, 0, 9, 8, 7, 8, 0, 6, 0, 9, 0, 0, 0, 8, 0, 6, 0, 0, 5, 0, 0, 6, 0, 0, 8, 0, 0, 0, 9, 5, 0, 0, 0, 9, 8, 8, 0, 0, 5, 0, 6, 6, 10, 9, 7, 8, 10, 0, 9, 0, 8, 8, 0, 6, 0, 6, 6, 6, 8, 9, 8, 0, 9, 8, 0, 7, 0, 0, 0, 5, 0, 6, 9, 7, 0, 9, 0, 8, 9, 8, 0, 7, 0, 0, 8, 8, 7, 6, 9, 8, 0, 7, 0, 0, 0, 8, 0, 0, : 6, 8, 7, 7, 5, 6, 5, 8, 9, 8, 7, 8, 6, 9, 8, 6, 5, 6, 8, 9, 5, 9, 8, 8, 5, 6, 6, 10, 9, 7, 8, 10, 9, 8, 8, 6, 6, 6, 6, 8, 9, 8, 9, 8, 7, 5, 6, 9, 7, 9, 8, 9, 8, 7, 8, 8, 7, 6, 9, 8, 7, 8, 
352: 7, 0, 0, 7, 0, 0, 9, 9, 0, 8, 9, 7, 8, 0, 9, 0, 8, 6, 6, 0, 0, 0, 7, 0, 0, 0, 8, 6, 9, 6, 6, 8, 0, 0, 0, 0, 0, 0, 0, 7, 0, 0, 8, 10, 7, 9, 0, 5, 0, 7, 0, 9, 0, 6, 7, 0, 7, 0, 0, 10, 0, 0, 0, 8, 8, 0, 8, 0, 0, 0, 0, 0, 0, 8, 0, 0, 11, 0, 6, 7, 9, 0, 0, 8, 0, 0, 7, 8, 5, 0, 0, 0, 0, 7, 8, 0, 9, 0, 0, 0, 0, 0, 6, 8, 9, 6, 0, 8, 0, 0, 8, 9, 0, 0, 0, 0, 8, 6, 0, 7, : 7, 7, 9, 9, 8, 9, 7, 8, 9, 8, 6, 6, 7, 8, 6, 9, 6, 6, 8, 7, 8, 10, 7, 9, 5, 7, 9, 6, 7, 7, 10, 8, 8, 8, 8, 11, 6, 7, 9, 8, 7, 8, 5, 7, 8, 9, 6, 8, 9, 6, 8, 8, 9, 8, 6, 7, 
140: 7, 9, 0, 0, 0, 6, 7, 0, 4, 6, 0, 6, 0, 0, 0, 8, 4, 6, 0, 0, 7, 0, 8, 8, 0, 8, 0, 0, 6, 0, 0, 9, 8, 8, 0, 0, 7, 0, 7, 0, 7, 6, 9, 8, 0, 0, 10, 7, 0, 4, 5, 9, 5, 11, 0, 0, 0, 0, 0, 0, 0, 0, 0, 0, 9, 0, 8, 0, 0, 0, 0, 0, 9, 0, 7, 7, 0, 6, 8, 0, 0, 0, 0, 0, 9, 7, 0, 9, 7, 5, 0, 0, 0, 5, 9, 0, 0, 8, 7, 0, 5, 8, 9, 7, 6, 7, 0, 9, 0, 7, 6, 0, 0, 6, 8, 0, 7, 8, 0, 9, : 7, 9, 6, 7, 4, 6, 6, 8, 4, 6, 7, 8, 8, 8, 6, 9, 8, 8, 7, 7, 7, 6, 9, 8, 10, 7, 4, 5, 9, 5, 11, 9, 8, 9, 7, 7, 6, 8, 9, 7, 9, 7, 5, 5, 9, 8, 7, 5, 8, 9, 7, 6, 7, 9, 7, 6, 6, 8, 7, 8, 9, 
541: 8, 8, 0, 6, 6, 10, 7, 5, 8, 0, 0, 0, 6, 0, 6, 0, 9, 8, 7, 0, 0, 8, 10, 0, 0, 7, 0, 0, 7, 0, 7, 8, 0, 0, 6, 0, 0, 0, 6, 0, 0, 0, 0, 0, 6, 0, 0, 4, 7, 0, 0, 7, 0, 7, 0, 6, 7, 0, 7, 9, 0, 9, 0, 0, 0, 0, 0, 8, 0, 0, 9, 0, 0, 0, 7, 8, 6, 6, 9, 7, 0, 7, 10, 8, 0, 0, 10, 9, 0, 7, 7, 9, 0, 0, 7, 0, 7, 7, 0, 7, 8, 8, 7, 0, 7, 9, 8, 0, 0, 7, 0, 8, 6, 8, 0, 0, 6, 7, 7, 9, : 8, 8, 6, 6, 10, 7, 5, 8, 6, 6, 9, 8, 7, 8, 10, 7, 7, 7, 8, 6, 6, 6, 4, 7, 7, 7, 6, 7, 7, 9, 9, 8, 9, 7, 8, 6, 6, 9, 7, 7, 10, 8, 10, 9, 7, 7, 9, 7, 7, 7, 7, 8, 8, 7, 7, 9, 8, 7, 8, 6, 8, 6, 7, 7, 9, 
190: 0, 7, 5, 0, 0, 0, 6, 10, 0, 0, 0, 0, 5, 0, 6, 8, 0, 7, 0, 8, 10, 0, 7, 7, 9, 0, 7, 6, 0, 0, 0, 0, 0, 0, 0, 0, 0, 0, 0, 7, 5, 0, 0, 9, 0, 0, 0, 8, 0, 0, 0, 0, 9, 0, 7, 0, 8, 0, 0, 0, 6, 0, 7, 0, 9, 7, 0, 8, 7, 0, 7, 5, 8, 6, 7, 0, 0, 8, 7, 0, 0, 8, 0, 8, 0, 0, 6, 9, 9, 0, 0, 6, 5, 0, 0, 9, 9, 6, 0, 9, 0, 0, 9, 0, 0, 8, 0, 0, 6, 0, 0, 9, 9, 0, 0, 8, 0, 0, 0, 5, : 7, 5, 6, 10, 5, 6, 8, 7, 8, 10, 7, 7, 9, 7, 6, 7, 5, 9, 8, 9, 7, 8, 6, 7, 9, 7, 8, 7, 7, 5, 8, 6, 7, 8, 7, 8, 8, 6, 9, 9, 6, 5, 9, 9, 6, 9, 9, 8, 6, 9, 9, 8, 5, 
449: 0, 0, 0, 9, 9, 0, 5, 0, 0, 7, 0, 10, 0, 5, 0, 0, 6, 0, 0, 8, 9, 8, 0, 0, 0, 0, 0, 10, 7, 7, 0, 0, 6, 7, 0, 8, 0, 8, 5, 0, 0, 0, 8, 7, 0, 5, 0, 0, 6, 8, 8, 8, 9, 8, 9, 5, 9, 0, 0, 7, 0, 6, 6, 7, 0, 9, 6, 0, 0, 8, 0, 0, 0, 10, 6, 0, 6, 8, 0, 0, 0, 0, 7, 0, 8, 0, 5, 6, 10, 0, 5, 6, 10, 5, 6, 0, 0, 0, 6, 0, 0, 8, 7, 7, 5, 0, 4, 0, 6, 0, 9, 0, 0, 0, 0, 0, 4, 7, 7, 0, : 9, 9, 5, 7, 10, 5, 6, 8, 9, 8, 10, 7, 7, 6, 7, 8, 8, 5, 8, 7, 5, 6, 8, 8, 8, 9, 8, 9, 5, 9, 7, 6, 6, 7, 9, 6, 8, 10, 6, 6, 8, 7, 8, 5, 6, 10, 5, 6, 10, 5, 6, 6, 8, 7, 7, 5, 4, 6, 9, 4, 7, 7, 
272: 8, 0, 0, 6, 7, 0, 0, 0, 8, 7, 6, 0, 0, 9, 0, 0, 8, 8, 0, 0, 0, 0, 0, 0, 0, 0, 0, 0, 0, 0, 0, 0, 0, 8, 5, 0, 8, 5, 0, 0, 0, 6, 0, 0, 0, 8, 9, 0, 0, 0, 0, 0, 0, 0, 11, 4, 0, 0, 7, 8, 8, 0, 5, 0, 0, 0, 5, 0, 5, 0, 0, 8, 0, 0, 9, 0, 0, 6, 8, 7, 0, 0, 6, 0, 0, 8, 0, 0, 10, 6, 0, 8, 0, 9, 0, 9, 0, 0, 5, 9, 5, 9, 9, 8, 8, 8, 8, 0, 8, 10, 0, 0, 7, 0, 9, 6, 5, 7, 0, 8, : 8, 6, 7, 8, 7, 6, 9, 8, 8, 8, 5, 8, 5, 6, 8, 9, 11, 4, 7, 8, 8, 5, 5, 5, 8, 9, 6, 8, 7, 6, 8, 10, 6, 8, 9, 9, 5, 9, 5, 9, 9, 8, 8, 8, 8, 8, 10, 7, 9, 6, 5, 7, 8, 
279: 0, 0, 0, 0, 0, 6, 9, 0, 0, 6, 0, 7, 9, 0, 6, 9, 9, 4, 0, 8, 0, 0, 6, 0, 0, 0, 0, 8, 7, 8, 6, 8, 6, 6, 8, 0, 0, 0, 0, 0, 9, 0, 0, 8, 8, 6, 6, 0, 7, 0, 0, 0, 8, 7, 0, 9, 0, 0, 6, 9, 0, 0, 10, 9, 0, 7, 9, 0, 8, 7, 6, 7, 0, 0, 8, 7, 0, 5, 5, 8, 7, 0, 0, 5, 6, 0, 7, 9, 8, 0, 0, 5, 0, 7, 8, 0, 0, 9, 0, 9, 0, 0, 7, 10, 0, 0, 0, 0, 7, 0, 5, 7, 0, 0, 0, 8, 0, 9, 0, 0, : 6, 9, 6, 7, 9, 6, 9, 9, 4, 8, 6, 8, 7, 8, 6, 8, 6, 6, 8, 9, 8, 8, 6, 6, 7, 8, 7, 9, 6, 9, 10, 9, 7, 9, 8, 7, 6, 7, 8, 7, 5, 5, 8, 7, 5, 6, 7, 9, 8, 5, 7, 8, 9, 9, 7, 10, 7, 5, 7, 8, 9, 
477: 7, 0, 0, 6, 8, 6, 0, 9, 0, 0, 0, 0, 6, 0, 0, 6, 0, 0, 4, 7, 0, 9, 9, 9, 0, 7, 0, 0, 8, 0, 0, 0, 8, 6, 0, 7, 0, 8, 9, 0, 10, 6, 0, 6, 8, 0, 7, 0, 7, 0, 0, 0, 8, 0, 0, 0, 4, 6, 6, 7, 7, 8, 0, 8, 0, 6, 8, 0, 7, 8, 0, 6, 0, 7, 7, 0, 0, 8, 0, 6, 7, 0, 8, 0, 0, 6, 7, 0, 11, 0, 9, 0, 7, 0, 9, 0, 8, 0, 0, 7, 8, 8, 5, 8, 5, 0, 0, 6, 0, 9, 0, 0, 0, 0, 9, 9, 9, 0, 0, 6, : 7, 6, 8, 6, 9, 6, 6, 4, 7, 9, 9, 9, 7, 8, 8, 6, 7, 8, 9, 10, 6, 6, 8, 7, 7, 8, 4, 6, 6, 7, 7, 8, 8, 6, 8, 7, 8, 6, 7, 7, 8, 6, 7, 8, 6, 7, 11, 9, 7, 9, 8, 7, 8, 8, 5, 8, 5, 6, 9, 9, 9, 9, 6, 
49: 0, 5, 0, 0, 0, 0, 8, 0, 8, 0, 0, 8, 7, 0, 4, 9, 0, 0, 0, 10, 0, 0, 8, 7, 0, 0, 8, 0, 0, 7, 0, 0, 7, 0, 0, 7, 0, 7, 0, 0, 0, 6, 0, 9, 6, 5, 6, 8, 6, 5, 0, 0, 0, 0, 8, 0, 6, 0, 0, 0, 7, 0, 0, 6, 8, 7, 0, 8, 9, 7, 0, 0, 9, 10, 0, 0, 0, 0, 0, 8, 5, 8, 6, 5, 0, 7, 7, 0, 0, 0, 6, 7, 7, 5, 7, 8, 8, 8, 5, 6, 7, 6, 0, 0, 6, 0, 9, 6, 0, 0, 8, 5, 0, 0, 0, 9, 0, 9, 0, 0, : 5, 8, 8, 8, 7, 4, 9, 10, 8, 7, 8, 7, 7, 7, 7, 6, 9, 6, 5, 6, 8, 6, 5, 8, 6, 7, 6, 8, 7, 8, 9, 7, 9, 10, 8, 5, 8, 6, 5, 7, 7, 6, 7, 7, 5, 7, 8, 8, 8, 5, 6, 7, 6, 6, 9, 6, 8, 5, 9, 9, 
391: 9, 6, 6, 0, 0, 0, 0, 8, 0, 0, 8, 10, 0, 0, 0, 0, 0, 9, 10, 0, 9, 6, 0, 6, 8, 8, 0, 7, 0, 0, 9, 0, 8, 0, 6, 7, 0, 6, 7, 8, 7, 8, 9, 0, 9, 0, 0, 0, 0, 0, 8, 0, 7, 0, 0, 8, 0, 7, 7, 6, 0, 8, 8, 6, 7, 0, 0, 7, 0, 0, 0, 0, 7, 0, 7, 7, 0, 8, 8, 0, 7, 8, 0, 9, 5, 0, 0, 7, 7, 0, 9, 0, 0, 10, 0, 8, 0, 8, 0, 7, 0, 7, 0, 0, 0, 7, 6, 0, 4, 8, 0, 9, 0, 0, 0, 0, 0, 0, 0, 9, : 9, 6, 6, 8, 8, 10, 9, 10, 9, 6, 6, 8, 8, 7, 9, 8, 6, 7, 6, 7, 8, 7, 8, 9, 9, 8, 7, 8, 7, 7, 6, 8, 8, 6, 7, 7, 7, 7, 7, 8, 8, 7, 8, 9, 5, 7, 7, 9, 10, 8, 8, 7, 7, 7, 6, 4, 8, 9, 9, 
564: 0, 6, 0, 10, 8, 8, 5, 0, 0, 0, 0, 7, 0, 8, 0, 7, 8, 8, 6, 6, 0, 9, 0, 9, 8, 6, 7, 0, 8, 8, 0, 0, 8, 0, 7, 0, 7, 7, 7, 0, 8, 10, 6, 0, 6, 0, 0, 0, 9, 0, 0, 0, 5, 0, 9, 0, 6, 0, 6, 0, 6, 0, 6, 0, 8, 6, 7, 9, 0, 0, 0, 7, 0, 9, 6, 8, 6, 0, 8, 8, 0, 0, 0, 8, 8, 5, 0, 0, 0, 9, 8, 0, 5, 10, 0, 0, 8, 0, 0, 0, 7, 8, 0, 7, 0, 7, 0, 10, 0, 8, 5, 0, 8, 0, 0, 6, 8, 0, 8, 0, : 6, 10, 8, 8, 5, 7, 8, 7, 8, 8, 6, 6, 9, 9, 8, 6, 7, 8, 8, 8, 7, 7, 7, 7, 8, 10, 6, 6, 9, 5, 9, 6, 6, 6, 6, 8, 6, 7, 9, 7, 9, 6, 8, 6, 8, 8, 8, 8, 5, 9, 8, 5, 10, 8, 7, 8, 7, 7, 10, 8, 5, 8, 6, 8, 8, 
281: 7, 0, 0, 0, 8, 0, 11, 7, 0, 0, 7, 0, 8, 5, 0, 8, 7, 0, 8, 7, 0, 0, 0, 0, 0, 0, 0, 6, 8, 0, 0, 0, 7, 7, 8, 6, 8, 0, 0, 0, 0, 0, 7, 0, 0, 7, 0, 7, 0, 8, 8, 5, 10, 8, 6, 0, 0, 8, 6, 8, 8, 6, 9, 8, 0, 8, 9, 0, 8, 6, 8, 7, 9, 6, 9, 9, 9, 5, 0, 8, 0, 0, 0, 0, 6, 0, 8, 9, 9, 8, 0, 8, 7, 0, 0, 0, 7, 6, 0, 0, 0, 0, 8, 7, 0, 0, 0, 0, 7, 0, 7, 0, 8, 0, 0, 6, 9, 0, 7, 8, : 7, 8, 11, 7, 7, 8, 5, 8, 7, 8, 7, 6, 8, 7, 7, 8, 6, 8, 7, 7, 7, 8, 8, 5, 10, 8, 6, 8, 6, 8, 8, 6, 9, 8, 8, 9, 8, 6, 8, 7, 9, 6, 9, 9, 9, 5, 8, 6, 8, 9, 9, 8, 8, 7, 7, 6, 8, 7, 7, 7, 8, 6, 9, 7, 8, 
410: 0, 9, 0, 0, 0, 7, 10, 7, 9, 0, 9, 8, 7, 0, 7, 0, 0, 9, 0, 0, 10, 0, 0, 8, 7, 0, 0, 0, 0, 7, 6, 0, 5, 0, 5, 0, 0, 8, 0, 8, 0, 0, 0, 9, 7, 0, 8, 0, 0, 7, 9, 0, 0, 0, 0, 0, 9, 9, 0, 0, 8, 7, 0, 0, 7, 9, 7, 8, 0, 0, 7, 0, 0, 0, 8, 0, 7, 0, 0, 0, 0, 0, 7, 0, 7, 0, 0, 7, 0, 0, 10, 0, 9, 0, 0, 9, 5, 5, 0, 0, 8, 0, 10, 5, 7, 0, 0, 0, 7, 0, 0, 6, 9, 0, 4, 9, 8, 0, 7, 0, : 9, 7, 10, 7, 9, 9, 8, 7, 7, 9, 10, 8, 7, 7, 6, 5, 5, 8, 8, 9, 7, 8, 7, 9, 9, 9, 8, 7, 7, 9, 7, 8, 7, 8, 7, 7, 7, 7, 10, 9, 9, 5, 5, 8, 10, 5, 7, 7, 6, 9, 4, 9, 8, 7, 
498: 0, 0, 9, 7, 0, 6, 7, 0, 7, 7, 0, 9, 8, 7, 7, 0, 4, 7, 8, 0, 0, 7, 0, 8, 7, 8, 0, 0, 7, 0, 7, 0, 0, 6, 8, 6, 0, 0, 0, 7, 0, 10, 0, 5, 6, 7, 0, 0, 7, 0, 6, 7, 0, 0, 7, 0, 7, 0, 0, 0, 0, 6, 0, 8, 0, 4, 6, 9, 0, 5, 6, 9, 7, 0, 6, 6, 0, 6, 8, 0, 9, 0, 0, 0, 0, 8, 0, 0, 9, 11, 8, 0, 0, 0, 0, 7, 7, 0, 0, 0, 7, 0, 8, 5, 0, 9, 5, 0, 8, 7, 9, 8, 7, 0, 9, 0, 0, 7, 0, 0, : 9, 7, 6, 7, 7, 7, 9, 8, 7, 7, 4, 7, 8, 7, 8, 7, 8, 7, 7, 6, 8, 6, 7, 10, 5, 6, 7, 7, 6, 7, 7, 7, 6, 8, 4, 6, 9, 5, 6, 9, 7, 6, 6, 6, 8, 9, 8, 9, 11, 8, 7, 7, 7, 8, 5, 9, 5, 8, 7, 9, 8, 7, 9, 7, 
599: 0, 7, 0, 9, 7, 0, 8, 9, 0, 0, 0, 0, 6, 0, 8, 9, 7, 0, 8, 6, 0, 6, 10, 0, 0, 5, 5, 4, 0, 8, 9, 9, 9, 7, 9, 9, 7, 10, 6, 0, 0, 7, 0, 9, 9, 0, 0, 8, 0, 0, 0, 6, 8, 6, 0, 6, 0, 8, 0, 0, 0, 0, 9, 7, 6, 0, 9, 8, 8, 0, 0, 6, 9, 6, 7, 6, 0, 0, 8, 0, 0, 7, 0, 6, 10, 0, 9, 0, 6, 5, 0, 0, 8, 0, 8, 0, 9, 0, 6, 8, 8, 0, 0, 0, 7, 7, 0, 0, 0, 9, 7, 6, 0, 7, 6, 9, 0, 0, 6, 0, : 7, 9, 7, 8, 9, 6, 8, 9, 7, 8, 6, 6, 10, 5, 5, 4, 8, 9, 9, 9, 7, 9, 9, 7, 10, 6, 7, 9, 9, 8, 6, 8, 6, 6, 8, 9, 7, 6, 9, 8, 8, 6, 9, 6, 7, 6, 8, 7, 6, 10, 9, 6, 5, 8, 8, 9, 6, 8, 8, 7, 7, 9, 7, 6, 7, 6, 9, 6, 
125: 0, 6, 5, 0, 6, 0, 0, 7, 0, 0, 5, 7, 0, 0, 0, 0, 0, 0, 6, 8, 6, 0, 7, 8, 9, 0, 7, 0, 6, 8, 7, 0, 0, 8, 6, 0, 8, 0, 0, 0, 0, 9, 8, 10, 0, 7, 0, 8, 9, 7, 0, 0, 0, 0, 8, 8, 5, 0, 9, 0, 9, 10, 0, 0, 7, 0, 10, 7, 0, 8, 0, 9, 0, 0, 9, 0, 0, 0, 0, 0, 7, 0, 0, 8, 7, 0, 0, 7, 0, 0, 5, 0, 10, 0, 8, 8, 4, 8, 0, 8, 0, 0, 0, 0, 9, 6, 0, 8, 0, 0, 9, 6, 0, 0, 0, 9, 6, 0, 5, 9, : 6, 5, 6, 7, 5, 7, 6, 8, 6, 7, 8, 9, 7, 6, 8, 7, 8, 6, 8, 9, 8, 10, 7, 8, 9, 7, 8, 8, 5, 9, 9, 10, 7, 10, 7, 8, 9, 9, 7, 8, 7, 7, 5, 10, 8, 8, 4, 8, 8, 9, 6, 8, 9, 6, 9, 6, 5, 9, 
148: 0, 0, 7, 6, 0, 0, 0, 0, 0, 0, 0, 7, 8, 0, 6, 0, 9, 9, 7, 0, 8, 9, 8, 7, 8, 7, 0, 8, 9, 9, 0, 8, 0, 7, 0, 8, 10, 0, 0, 9, 0, 8, 7, 0, 0, 6, 7, 0, 0, 8, 0, 6, 8, 7, 0, 7, 8, 8, 0, 0, 6, 0, 6, 0, 0, 7, 7, 5, 7, 0, 7, 8, 9, 0, 0, 10, 0, 7, 0, 0, 0, 0, 0, 6, 0, 0, 0, 9, 8, 8, 7, 0, 0, 0, 0, 7, 0, 6, 0, 0, 7, 0, 6, 7, 7, 8, 0, 0, 0, 9, 9, 0, 6, 0, 0, 0, 0, 0, 7, 0, : 7, 6, 7, 8, 6, 9, 9, 7, 8, 9, 8, 7, 8, 7, 8, 9, 9, 8, 7, 8, 10, 9, 8, 7, 6, 7, 8, 6, 8, 7, 7, 8, 8, 6, 6, 7, 7, 5, 7, 7, 8, 9, 10, 7, 6, 9, 8, 8, 7, 7, 6, 7, 6, 7, 7, 8, 9, 9, 6, 7, 
580: 6, 8, 0, 0, 9, 0, 7, 7, 10, 0, 7, 0, 7, 6, 0, 0, 7, 0, 8, 8, 0, 6, 0, 0, 6, 8, 7, 0, 0, 6, 9, 0, 7, 0, 0, 0, 7, 0, 0, 0, 6, 7, 0, 7, 9, 0, 0, 7, 0, 5, 0, 0, 10, 0, 7, 0, 5, 6, 8, 10, 7, 7, 8, 0, 8, 0, 7, 0, 6, 6, 8, 0, 0, 8, 0, 8, 9, 8, 9, 7, 9, 0, 0, 0, 0, 7, 8, 0, 9, 8, 6, 5, 0, 8, 5, 6, 0, 9, 5, 8, 0, 8, 0, 9, 5, 8, 0, 0, 0, 9, 6, 0, 0, 0, 0, 7, 9, 0, 9, 9, : 6, 8, 9, 7, 7, 10, 7, 7, 6, 7, 8, 8, 6, 6, 8, 7, 6, 9, 7, 7, 6, 7, 7, 9, 7, 5, 10, 7, 5, 6, 8, 10, 7, 7, 8, 8, 7, 6, 6, 8, 8, 8, 9, 8, 9, 7, 9, 7, 8, 9, 8, 6, 5, 8, 5, 6, 9, 5, 8, 8, 9, 5, 8, 9, 6, 7, 9, 9, 9, 
563: 9, 8, 9, 6, 0, 7, 0, 8, 6, 4, 9, 10, 0, 7, 6, 9, 9, 7, 5, 0, 7, 0, 8, 8, 0, 0, 0, 10, 0, 7, 0, 6, 0, 0, 0, 8, 0, 0, 0, 0, 5, 7, 7, 0, 6, 7, 0, 7, 6, 0, 0, 7, 0, 6, 0, 5, 0, 0, 8, 7, 0, 5, 7, 6, 0, 7, 7, 0, 8, 9, 0, 0, 0, 0, 7, 0, 7, 0, 6, 8, 0, 10, 6, 9, 0, 7, 5, 10, 7, 0, 8, 10, 0, 8, 0, 8, 0, 8, 0, 0, 0, 0, 5, 0, 9, 0, 0, 9, 6, 7, 5, 6, 5, 9, 9, 9, 0, 0, 8, 7, : 9, 8, 9, 6, 7, 8, 6, 4, 9, 10, 7, 6, 9, 9, 7, 5, 7, 8, 8, 10, 7, 6, 8, 5, 7, 7, 6, 7, 7, 6, 7, 6, 5, 8, 7, 5, 7, 6, 7, 7, 8, 9, 7, 7, 6, 8, 10, 6, 9, 7, 5, 10, 7, 8, 10, 8, 8, 8, 5, 9, 9, 6, 7, 5, 6, 5, 9, 9, 9, 8, 7, 
153: 0, 6, 7, 0, 9, 0, 0, 0, 8, 9, 8, 0, 9, 0, 0, 0, 0, 6, 4, 0, 5, 0, 0, 0, 0, 0, 0, 6, 6, 9, 0, 5, 6, 0, 8, 8, 6, 0, 0, 0, 0, 0, 9, 0, 0, 9, 9, 7, 7, 5, 0, 0, 8, 7, 0, 0, 7, 9, 0, 0, 0, 9, 0, 0, 0, 8, 7, 8, 0, 0, 0, 0, 7, 8, 0, 0, 10, 7, 9, 0, 0, 6, 7, 0, 0, 0, 0, 0, 8, 6, 0, 0, 0, 5, 0, 9, 9, 5, 0, 4, 0, 0, 0, 0, 8, 0, 8, 8, 8, 0, 0, 9, 0, 0, 6, 6, 0, 6, 9, 0, : 6, 7, 9, 8, 9, 8, 9, 6, 4, 5, 6, 6, 9, 5, 6, 8, 8, 6, 9, 9, 9, 7, 7, 5, 8, 7, 7, 9, 9, 8, 7, 8, 7, 8, 10, 7, 9, 6, 7, 8, 6, 5, 9, 9, 5, 4, 8, 8, 8, 8, 9, 6, 6, 6, 9, 
85: 0, 0, 6, 5, 0, 0, 0, 0, 11, 8, 4, 8, 0, 7, 8, 0, 9, 7, 0, 0, 0, 5, 0, 0, 7, 9, 0, 7, 0, 8, 7, 8, 8, 6, 0, 8, 7, 0, 7, 6, 9, 0, 0, 0, 6, 8, 7, 0, 7, 7, 0, 6, 0, 5, 7, 6, 7, 0, 0, 0, 0, 7, 0, 0, 8, 7, 0, 9, 6, 0, 0, 6, 6, 0, 0, 6, 0, 8, 0, 6, 7, 7, 0, 0, 7, 7, 0, 0, 0, 9, 7, 0, 0, 0, 0, 0, 0, 0, 8, 5, 6, 7, 0, 0, 8, 0, 8, 4, 10, 6, 7, 0, 9, 0, 6, 0, 8, 9, 0, 7, : 6, 5, 11, 8, 4, 8, 7, 8, 9, 7, 5, 7, 9, 7, 8, 7, 8, 8, 6, 8, 7, 7, 6, 9, 6, 8, 7, 7, 7, 6, 5, 7, 6, 7, 7, 8, 7, 9, 6, 6, 6, 6, 8, 6, 7, 7, 7, 7, 9, 7, 8, 5, 6, 7, 8, 8, 4, 10, 6, 7, 9, 6, 8, 9, 7, 


395: 0, 0, 8, 0, 0, 8, 8, 8, 7, 7, 0, 0, 8, 0, 0, 0, 9, 7, 0, 0, 0, 7, 0, 9, 7, 7, 7, 0, 9, 7, 9, 6, 8, 0, 0, 7, 6, 5, 9, 0, 7, 0, 8, 8, 9, 10, 7, 0, 7, 7, 7, 0, 0, 0, 0, 8, 6, 6, 8, 6, 7, 0, 0, 0, 0, 0, 6, 0, 0, 0, 0, 0, 7, 6, 8, 0, 0, 0, 0, 7, 7, 0, 9, 0, 0, 9, 0, 7, 0, 0, 9, 7, 6, 0, 6, 6, 7, 8, 0, 8, 0, 9, 6, 0, 7, 9, 0, 8, 7, 0, 9, 9, 0, 6, 0, 8, 0, 7, 7, 0, : 8, 8, 8, 8, 7, 7, 8, 9, 7, 7, 9, 7, 7, 7, 9, 7, 9, 6, 8, 7, 6, 5, 9, 7, 8, 8, 9, 10, 7, 7, 7, 7, 8, 6, 6, 8, 6, 7, 6, 7, 6, 8, 7, 7, 9, 9, 7, 9, 7, 6, 6, 6, 7, 8, 8, 9, 6, 7, 9, 8, 7, 9, 9, 6, 8, 7, 7, 
494: 6, 8, 0, 0, 0, 6, 6, 7, 0, 9, 0, 7, 6, 8, 0, 0, 7, 0, 9, 9, 6, 8, 0, 5, 0, 7, 0, 0, 6, 0, 8, 0, 0, 0, 7, 0, 0, 6, 0, 0, 6, 0, 0, 0, 8, 5, 0, 6, 6, 0, 6, 8, 0, 7, 7, 0, 0, 8, 0, 7, 6, 0, 5, 7, 8, 7, 0, 7, 0, 0, 6, 5, 0, 7, 6, 7, 8, 7, 7, 0, 0, 7, 0, 6, 10, 0, 8, 0, 0, 8, 6, 6, 6, 0, 6, 0, 0, 7, 7, 0, 9, 8, 0, 0, 9, 0, 0, 7, 7, 0, 0, 7, 9, 0, 0, 6, 0, 0, 0, 6, : 6, 8, 6, 6, 7, 9, 7, 6, 8, 7, 9, 9, 6, 8, 5, 7, 6, 8, 7, 6, 6, 8, 5, 6, 6, 6, 8, 7, 7, 8, 7, 6, 5, 7, 8, 7, 7, 6, 5, 7, 6, 7, 8, 7, 7, 7, 6, 10, 8, 8, 6, 6, 6, 6, 7, 7, 9, 8, 9, 7, 7, 7, 9, 6, 6, 
94: 8, 0, 7, 0, 0, 9, 7, 7, 0, 7, 8, 8, 7, 9, 0, 7, 0, 0, 0, 8, 5, 7, 8, 6, 0, 9, 8, 0, 8, 0, 0, 0, 0, 0, 8, 7, 7, 0, 6, 0, 0, 0, 7, 0, 0, 8, 0, 0, 8, 7, 0, 0, 6, 0, 0, 0, 8, 0, 0, 0, 6, 10, 0, 9, 5, 0, 8, 7, 9, 0, 7, 0, 8, 0, 0, 7, 10, 0, 7, 7, 7, 0, 0, 0, 0, 0, 7, 7, 6, 0, 0, 0, 9, 0, 0, 0, 0, 0, 0, 7, 5, 0, 9, 0, 10, 0, 0, 0, 8, 0, 7, 8, 8, 0, 0, 6, 0, 0, 0, 0, : 8, 7, 9, 7, 7, 7, 8, 8, 7, 9, 7, 8, 5, 7, 8, 6, 9, 8, 8, 8, 7, 7, 6, 7, 8, 8, 7, 6, 8, 6, 10, 9, 5, 8, 7, 9, 7, 8, 7, 10, 7, 7, 7, 7, 7, 6, 9, 7, 5, 9, 10, 8, 7, 8, 8, 6, 
108: 7, 6, 7, 6, 8, 0, 7, 6, 0, 6, 9, 0, 8, 9, 7, 9, 9, 0, 7, 7, 6, 0, 0, 0, 8, 9, 0, 0, 7, 8, 7, 0, 0, 8, 6, 0, 6, 0, 0, 0, 0, 0, 0, 6, 8, 0, 9, 10, 7, 8, 8, 0, 7, 0, 0, 0, 0, 7, 5, 7, 8, 0, 6, 0, 9, 0, 10, 6, 0, 7, 9, 6, 9, 5, 0, 9, 0, 0, 5, 0, 0, 9, 6, 7, 0, 9, 0, 0, 6, 8, 0, 0, 0, 11, 0, 7, 0, 0, 0, 7, 0, 6, 0, 5, 9, 0, 5, 6, 6, 9, 0, 0, 0, 0, 0, 6, 8, 0, 7, 0, : 7, 6, 7, 6, 8, 7, 6, 6, 9, 8, 9, 7, 9, 9, 7, 7, 6, 8, 9, 7, 8, 7, 8, 6, 6, 6, 8, 9, 10, 7, 8, 8, 7, 7, 5, 7, 8, 6, 9, 10, 6, 7, 9, 6, 9, 5, 9, 5, 9, 6, 7, 9, 6, 8, 11, 7, 7, 6, 5, 9, 5, 6, 6, 9, 6, 8, 7, 
9: 8, 8, 7, 0, 0, 0, 7, 6, 8, 0, 0, 8, 0, 0, 0, 0, 10, 7, 0, 9, 0, 0, 0, 0, 0, 0, 0, 0, 7, 0, 0, 8, 7, 0, 7, 0, 0, 7, 7, 6, 10, 0, 7, 10, 7, 10, 5, 0, 6, 8, 6, 7, 7, 0, 0, 9, 6, 0, 9, 0, 7, 7, 6, 7, 0, 0, 0, 6, 10, 0, 0, 9, 0, 0, 0, 0, 0, 0, 0, 8, 0, 9, 8, 0, 6, 7, 8, 0, 0, 10, 6, 7, 0, 8, 0, 0, 6, 0, 5, 0, 6, 10, 6, 0, 6, 7, 0, 0, 0, 7, 7, 7, 9, 7, 7, 0, 0, 8, 8, 8, : 8, 8, 7, 7, 6, 8, 8, 10, 7, 9, 7, 8, 7, 7, 7, 7, 6, 10, 7, 10, 7, 10, 5, 6, 8, 6, 7, 7, 9, 6, 9, 7, 7, 6, 7, 6, 10, 9, 8, 9, 8, 6, 7, 8, 10, 6, 7, 8, 6, 5, 6, 10, 6, 6, 7, 7, 7, 7, 9, 7, 7, 8, 8, 8, 
201: 8, 0, 6, 0, 8, 8, 9, 0, 7, 0, 8, 7, 0, 0, 0, 8, 0, 8, 0, 9, 0, 9, 0, 5, 0, 0, 8, 0, 8, 0, 0, 0, 0, 0, 0, 7, 6, 6, 8, 7, 9, 7, 0, 5, 0, 0, 0, 5, 0, 5, 0, 8, 0, 6, 7, 0, 0, 0, 0, 0, 10, 0, 7, 0, 5, 8, 0, 0, 0, 6, 0, 0, 0, 0, 0, 7, 8, 8, 0, 0, 7, 8, 0, 8, 0, 0, 0, 7, 0, 6, 6, 0, 0, 0, 8, 8, 7, 7, 8, 11, 0, 9, 0, 7, 0, 0, 0, 0, 0, 6, 8, 0, 0, 0, 0, 7, 0, 8, 6, 0, : 8, 6, 8, 8, 9, 7, 8, 7, 8, 8, 9, 9, 5, 8, 8, 7, 6, 6, 8, 7, 9, 7, 5, 5, 5, 8, 6, 7, 10, 7, 5, 8, 6, 7, 8, 8, 7, 8, 8, 7, 6, 6, 8, 8, 7, 7, 8, 11, 9, 7, 6, 8, 7, 8, 6, 
460: 8, 9, 7, 0, 0, 0, 0, 0, 6, 0, 4, 8, 0, 6, 0, 0, 0, 0, 10, 0, 0, 0, 7, 8, 9, 0, 0, 7, 7, 0, 7, 6, 9, 7, 6, 0, 7, 0, 6, 0, 9, 7, 10, 8, 6, 0, 6, 0, 8, 0, 0, 7, 9, 0, 0, 7, 0, 7, 8, 0, 0, 7, 10, 6, 0, 0, 0, 0, 8, 7, 6, 0, 6, 6, 6, 0, 0, 0, 7, 0, 8, 5, 0, 8, 0, 0, 6, 8, 8, 7, 0, 8, 0, 0, 0, 0, 0, 9, 0, 7, 5, 0, 0, 7, 9, 7, 9, 0, 0, 0, 0, 8, 0, 7, 5, 0, 0, 0, 7, 0, : 8, 9, 7, 6, 4, 8, 6, 10, 7, 8, 9, 7, 7, 7, 6, 9, 7, 6, 7, 6, 9, 7, 10, 8, 6, 6, 8, 7, 9, 7, 7, 8, 7, 10, 6, 8, 7, 6, 6, 6, 6, 7, 8, 5, 8, 6, 8, 8, 7, 8, 9, 7, 5, 7, 9, 7, 9, 8, 7, 5, 7, 
323: 8, 0, 9, 7, 0, 0, 8, 0, 11, 0, 0, 5, 0, 0, 8, 8, 7, 7, 0, 0, 5, 0, 5, 0, 0, 7, 6, 0, 0, 0, 7, 8, 6, 9, 0, 6, 7, 7, 9, 6, 0, 6, 8, 7, 0, 6, 7, 0, 0, 6, 0, 0, 9, 0, 8, 7, 0, 0, 0, 0, 0, 0, 8, 8, 9, 8, 0, 6, 7, 0, 10, 0, 0, 0, 0, 0, 0, 0, 6, 0, 8, 0, 8, 8, 0, 9, 8, 5, 6, 7, 7, 10, 0, 0, 8, 7, 0, 5, 0, 0, 7, 7, 0, 0, 0, 0, 0, 9, 8, 8, 5, 8, 0, 8, 0, 8, 7, 0, 0, 0, : 8, 9, 7, 8, 11, 5, 8, 8, 7, 7, 5, 5, 7, 6, 7, 8, 6, 9, 6, 7, 7, 9, 6, 6, 8, 7, 6, 7, 6, 9, 8, 7, 8, 8, 9, 8, 6, 7, 10, 6, 8, 8, 8, 9, 8, 5, 6, 7, 7, 10, 8, 7, 5, 7, 7, 9, 8, 8, 5, 8, 8, 8, 7, 
463: 7, 0, 8, 6, 9, 7, 7, 0, 7, 7, 0, 7, 6, 5, 5, 5, 8, 0, 8, 8, 6, 8, 0, 6, 9, 0, 0, 7, 0, 8, 5, 8, 0, 0, 9, 0, 0, 0, 0, 0, 0, 6, 6, 0, 0, 8, 6, 7, 0, 6, 7, 7, 0, 7, 7, 0, 0, 8, 8, 0, 0, 8, 9, 0, 7, 9, 0, 0, 5, 0, 9, 0, 0, 8, 7, 0, 0, 0, 8, 6, 7, 7, 7, 9, 6, 0, 6, 7, 0, 6, 0, 6, 0, 0, 0, 0, 8, 5, 0, 0, 0, 0, 0, 7, 8, 0, 9, 0, 0, 0, 0, 7, 0, 0, 6, 9, 6, 0, 0, 7, : 7, 8, 6, 9, 7, 7, 7, 7, 7, 6, 5, 5, 5, 8, 8, 8, 6, 8, 6, 9, 7, 8, 5, 8, 9, 6, 6, 8, 6, 7, 6, 7, 7, 7, 7, 8, 8, 8, 9, 7, 9, 5, 9, 8, 7, 8, 6, 7, 7, 7, 9, 6, 6, 7, 6, 6, 8, 5, 7, 8, 9, 7, 6, 9, 6, 7, 
167: 0, 6, 0, 0, 0, 0, 0, 7, 8, 0, 9, 0, 9, 0, 0, 6, 0, 6, 7, 0, 0, 0, 9, 0, 0, 0, 7, 8, 6, 0, 8, 0, 7, 0, 0, 0, 0, 7, 8, 0, 6, 7, 6, 6, 7, 9, 8, 5, 10, 6, 0, 0, 7, 9, 8, 0, 8, 9, 0, 6, 0, 0, 9, 0, 0, 6, 0, 0, 9, 0, 6, 0, 7, 0, 9, 0, 8, 0, 0, 5, 9, 0, 6, 8, 6, 8, 0, 7, 10, 0, 0, 0, 0, 0, 0, 5, 11, 4, 0, 0, 0, 7, 5, 0, 0, 9, 0, 0, 0, 0, 8, 0, 0, 7, 10, 0, 0, 7, 0, 0, : 6, 7, 8, 9, 9, 6, 6, 7, 9, 7, 8, 6, 8, 7, 7, 8, 6, 7, 6, 6, 7, 9, 8, 5, 10, 6, 7, 9, 8, 8, 9, 6, 9, 6, 9, 6, 7, 9, 8, 5, 9, 6, 8, 6, 8, 7, 10, 5, 11, 4, 7, 5, 9, 8, 7, 10, 7, 
264: 5, 0, 7, 9, 0, 0, 0, 9, 7, 8, 0, 9, 0, 8, 0, 0, 7, 0, 0, 8, 0, 0, 9, 9, 9, 7, 10, 0, 8, 7, 0, 7, 7, 6, 7, 0, 0, 0, 0, 5, 8, 9, 7, 11, 0, 0, 0, 6, 9, 6, 6, 5, 0, 5, 5, 0, 0, 8, 6, 0, 6, 9, 10, 7, 0, 0, 0, 8, 0, 7, 0, 0, 0, 0, 0, 7, 0, 7, 0, 0, 0, 0, 0, 8, 0, 0, 0, 8, 0, 5, 0, 0, 0, 0, 10, 0, 8, 0, 0, 0, 9, 10, 7, 0, 0, 7, 7, 0, 0, 0, 0, 6, 0, 0, 0, 8, 0, 7, 0, 0, : 5, 7, 9, 9, 7, 8, 9, 8, 7, 8, 9, 9, 9, 7, 10, 8, 7, 7, 7, 6, 7, 5, 8, 9, 7, 11, 6, 9, 6, 6, 5, 5, 5, 8, 6, 6, 9, 10, 7, 8, 7, 7, 7, 8, 8, 5, 10, 8, 9, 10, 7, 7, 7, 6, 8, 7, 
566: 6, 7, 8, 0, 0, 6, 6, 7, 7, 7, 7, 7, 8, 0, 9, 8, 9, 0, 8, 0, 7, 5, 9, 8, 0, 7, 0, 8, 6, 7, 0, 7, 7, 7, 9, 7, 0, 0, 8, 8, 6, 0, 5, 10, 0, 7, 8, 9, 7, 0, 0, 0, 7, 0, 0, 0, 9, 8, 8, 0, 0, 7, 0, 0, 9, 0, 0, 0, 9, 6, 9, 7, 0, 6, 9, 0, 0, 9, 0, 0, 0, 0, 0, 0, 7, 8, 7, 6, 9, 0, 0, 7, 0, 0, 0, 0, 7, 0, 7, 9, 0, 7, 0, 0, 11, 0, 0, 0, 6, 9, 0, 0, 6, 8, 8, 0, 8, 0, 6, 0, : 6, 7, 8, 6, 6, 7, 7, 7, 7, 7, 8, 9, 8, 9, 8, 7, 5, 9, 8, 7, 8, 6, 7, 7, 7, 7, 9, 7, 8, 8, 6, 5, 10, 7, 8, 9, 7, 7, 9, 8, 8, 7, 9, 9, 6, 9, 7, 6, 9, 9, 7, 8, 7, 6, 9, 7, 7, 7, 9, 7, 11, 6, 9, 6, 8, 8, 8, 6, 
256: 7, 7, 0, 6, 0, 8, 8, 6, 0, 8, 0, 7, 0, 9, 8, 0, 8, 7, 0, 0, 9, 6, 7, 0, 5, 0, 7, 0, 8, 0, 0, 0, 6, 9, 0, 7, 0, 0, 8, 9, 0, 8, 7, 4, 0, 0, 0, 0, 0, 0, 6, 0, 0, 10, 6, 5, 8, 0, 0, 6, 0, 0, 7, 9, 9, 8, 0, 0, 7, 0, 11, 8, 0, 9, 0, 0, 0, 0, 0, 0, 7, 0, 5, 0, 0, 7, 0, 8, 0, 8, 0, 0, 9, 0, 9, 0, 11, 0, 0, 0, 8, 0, 0, 6, 7, 0, 9, 7, 0, 10, 0, 0, 0, 7, 0, 0, 0, 0, 6, 0, : 7, 7, 6, 8, 8, 6, 8, 7, 9, 8, 8, 7, 9, 6, 7, 5, 7, 8, 6, 9, 7, 8, 9, 8, 7, 4, 6, 10, 6, 5, 8, 6, 7, 9, 9, 8, 7, 11, 8, 9, 7, 5, 7, 8, 8, 9, 9, 11, 8, 6, 7, 9, 7, 10, 7, 6, 
300: 9, 9, 5, 8, 0, 7, 7, 4, 7, 4, 0, 8, 9, 0, 9, 5, 0, 6, 0, 6, 6, 0, 0, 8, 0, 6, 6, 9, 0, 0, 8, 9, 0, 0, 0, 0, 0, 7, 8, 9, 0, 0, 0, 0, 0, 6, 7, 10, 6, 0, 0, 11, 8, 8, 7, 0, 0, 0, 0, 0, 7, 0, 6, 0, 8, 0, 0, 0, 8, 6, 6, 8, 5, 8, 7, 0, 6, 0, 0, 0, 0, 7, 0, 0, 0, 10, 0, 9, 0, 0, 0, 8, 9, 9, 0, 5, 0, 0, 6, 0, 8, 7, 7, 0, 6, 7, 4, 0, 5, 0, 7, 0, 9, 0, 0, 0, 7, 0, 0, 7, : 9, 9, 5, 8, 7, 7, 4, 7, 4, 8, 9, 9, 5, 6, 6, 6, 8, 6, 6, 9, 8, 9, 7, 8, 9, 6, 7, 10, 6, 11, 8, 8, 7, 7, 6, 8, 8, 6, 6, 8, 5, 8, 7, 6, 7, 10, 9, 8, 9, 9, 5, 6, 8, 7, 7, 6, 7, 4, 5, 7, 9, 7, 7, 
536: 0, 8, 8, 0, 7, 6, 9, 0, 6, 0, 0, 7, 5, 0, 7, 9, 0, 9, 6, 0, 0, 0, 8, 7, 6, 0, 0, 0, 0, 0, 0, 8, 10, 9, 7, 7, 0, 6, 0, 7, 0, 0, 0, 0, 0, 0, 0, 0, 0, 0, 7, 8, 0, 0, 0, 7, 7, 0, 6, 0, 9, 7, 0, 6, 8, 0, 11, 0, 0, 8, 6, 6, 8, 0, 7, 0, 0, 9, 0, 0, 0, 0, 0, 0, 7, 0, 5, 0, 7, 4, 7, 0, 7, 6, 7, 0, 8, 7, 11, 5, 6, 0, 0, 0, 8, 6, 11, 8, 5, 8, 5, 0, 6, 8, 6, 8, 6, 7, 0, 0, : 8, 8, 7, 6, 9, 6, 7, 5, 7, 9, 9, 6, 8, 7, 6, 8, 10, 9, 7, 7, 6, 7, 7, 8, 7, 7, 6, 9, 7, 6, 8, 11, 8, 6, 6, 8, 7, 9, 7, 5, 7, 4, 7, 7, 6, 7, 8, 7, 11, 5, 6, 8, 6, 11, 8, 5, 8, 5, 6, 8, 6, 8, 6, 7, 
509: 8, 8, 7, 7, 0, 0, 0, 0, 10, 8, 7, 0, 0, 8, 8, 0, 7, 9, 0, 0, 7, 0, 0, 0, 0, 0, 6, 0, 0, 6, 7, 9, 0, 0, 8, 0, 0, 0, 5, 0, 6, 10, 0, 9, 6, 0, 8, 0, 8, 8, 0, 0, 8, 0, 0, 9, 0, 8, 0, 0, 7, 8, 0, 7, 6, 9, 8, 0, 0, 7, 0, 9, 0, 8, 0, 0, 6, 9, 0, 0, 0, 0, 0, 0, 0, 7, 0, 6, 6, 6, 0, 0, 8, 8, 0, 9, 0, 8, 0, 10, 0, 8, 9, 7, 8, 7, 0, 8, 0, 0, 8, 0, 0, 0, 0, 0, 0, 0, 0, 0, : 8, 8, 7, 7, 10, 8, 7, 8, 8, 7, 9, 7, 6, 6, 7, 9, 8, 5, 6, 10, 9, 6, 8, 8, 8, 8, 9, 8, 7, 8, 7, 6, 9, 8, 7, 9, 8, 6, 9, 7, 6, 6, 6, 8, 8, 9, 8, 10, 8, 9, 7, 8, 7, 8, 8, 
66: 7, 8, 8, 0, 0, 0, 9, 6, 0, 7, 7, 0, 0, 0, 9, 0, 7, 0, 0, 0, 0, 8, 7, 0, 7, 9, 0, 8, 10, 7, 0, 9, 6, 6, 7, 6, 8, 0, 0, 8, 0, 0, 0, 8, 8, 8, 8, 9, 0, 0, 7, 7, 7, 0, 8, 6, 0, 0, 0, 0, 0, 10, 0, 8, 9, 9, 0, 6, 0, 0, 7, 7, 7, 6, 6, 8, 0, 0, 7, 0, 0, 0, 0, 9, 0, 0, 0, 0, 0, 0, 0, 0, 7, 0, 6, 0, 0, 0, 7, 8, 0, 7, 6, 10, 0, 7, 8, 0, 0, 0, 0, 7, 8, 9, 6, 0, 0, 0, 0, 6, : 7, 8, 8, 9, 6, 7, 7, 9, 7, 8, 7, 7, 9, 8, 10, 7, 9, 6, 6, 7, 6, 8, 8, 8, 8, 8, 8, 9, 7, 7, 7, 8, 6, 10, 8, 9, 9, 6, 7, 7, 7, 6, 6, 8, 7, 9, 7, 6, 7, 8, 7, 6, 10, 7, 8, 7, 8, 9, 6, 6, 
226: 0, 9, 0, 7, 9, 9, 9, 0, 6, 0, 0, 0, 0, 8, 9, 0, 10, 6, 0, 5, 7, 8, 0, 0, 0, 7, 0, 0, 0, 0, 8, 0, 8, 0, 0, 0, 0, 7, 0, 6, 6, 0, 8, 8, 6, 0, 6, 0, 9, 0, 0, 0, 6, 0, 6, 8, 6, 6, 8, 8, 0, 8, 9, 6, 10, 0, 5, 0, 7, 0, 9, 0, 0, 7, 0, 7, 0, 0, 0, 0, 0, 0, 10, 0, 0, 8, 10, 7, 8, 0, 8, 10, 9, 9, 6, 4, 6, 0, 0, 0, 0, 0, 6, 0, 0, 8, 0, 8, 0, 0, 0, 0, 0, 0, 0, 8, 7, 8, 0, 0, : 9, 7, 9, 9, 9, 6, 8, 9, 10, 6, 5, 7, 8, 7, 8, 8, 7, 6, 6, 8, 8, 6, 6, 9, 6, 6, 8, 6, 6, 8, 8, 8, 9, 6, 10, 5, 7, 9, 7, 7, 10, 8, 10, 7, 8, 8, 10, 9, 9, 6, 4, 6, 6, 8, 8, 8, 7, 8, 
314: 6, 7, 7, 5, 7, 0, 0, 0, 0, 0, 0, 0, 0, 0, 0, 10, 8, 6, 10, 6, 0, 6, 0, 0, 0, 9, 0, 9, 6, 5, 0, 0, 8, 7, 7, 0, 7, 0, 0, 0, 5, 0, 0, 7, 7, 0, 0, 0, 7, 7, 0, 0, 0, 0, 7, 0, 8, 0, 9, 0, 0, 0, 6, 6, 0, 0, 10, 8, 0, 8, 6, 6, 6, 0, 0, 0, 0, 6, 0, 7, 8, 0, 7, 0, 7, 7, 6, 0, 9, 0, 0, 6, 0, 0, 9, 10, 7, 9, 0, 0, 9, 0, 0, 0, 0, 4, 5, 7, 0, 8, 7, 10, 0, 0, 0, 0, 8, 9, 8, 0, : 6, 7, 7, 5, 7, 10, 8, 6, 10, 6, 6, 9, 9, 6, 5, 8, 7, 7, 7, 5, 7, 7, 7, 7, 7, 8, 9, 6, 6, 10, 8, 8, 6, 6, 6, 6, 7, 8, 7, 7, 7, 6, 9, 6, 9, 10, 7, 9, 9, 4, 5, 7, 8, 7, 10, 8, 9, 8, 
71: 7, 6, 0, 0, 4, 8, 0, 7, 8, 0, 10, 8, 7, 0, 0, 0, 0, 0, 0, 7, 0, 6, 0, 8, 0, 0, 0, 0, 0, 8, 7, 8, 0, 7, 7, 0, 0, 0, 7, 7, 0, 0, 0, 7, 7, 9, 8, 0, 6, 0, 0, 0, 6, 9, 0, 6, 9, 9, 0, 0, 6, 0, 9, 0, 8, 6, 0, 0, 7, 0, 7, 4, 0, 9, 0, 9, 7, 0, 0, 5, 6, 0, 0, 0, 7, 0, 0, 0, 6, 0, 0, 6, 0, 9, 0, 0, 0, 7, 0, 0, 10, 10, 0, 7, 0, 0, 0, 0, 9, 5, 9, 9, 0, 7, 7, 9, 7, 8, 0, 0, : 7, 6, 4, 8, 7, 8, 10, 8, 7, 7, 6, 8, 8, 7, 8, 7, 7, 7, 7, 7, 7, 9, 8, 6, 6, 9, 6, 9, 9, 6, 9, 8, 6, 7, 7, 4, 9, 9, 7, 5, 6, 7, 6, 6, 9, 7, 10, 10, 7, 9, 5, 9, 9, 7, 7, 9, 7, 8, 
69: 7, 5, 7, 0, 6, 0, 0, 7, 0, 0, 7, 0, 0, 0, 7, 0, 9, 9, 7, 7, 9, 0, 8, 6, 0, 9, 7, 0, 8, 0, 0, 0, 0, 8, 8, 0, 0, 7, 0, 0, 7, 0, 0, 8, 7, 8, 0, 9, 8, 0, 6, 7, 0, 8, 9, 0, 0, 0, 7, 9, 6, 0, 8, 5, 0, 4, 0, 7, 7, 6, 6, 9, 6, 0, 0, 0, 8, 9, 0, 0, 0, 9, 7, 0, 0, 0, 0, 5, 0, 0, 0, 0, 0, 0, 7, 0, 8, 7, 6, 6, 6, 0, 0, 5, 9, 9, 0, 0, 0, 6, 8, 0, 7, 0, 9, 0, 6, 0, 9, 0, : 7, 5, 7, 6, 7, 7, 7, 9, 9, 7, 7, 9, 8, 6, 9, 7, 8, 8, 8, 7, 7, 8, 7, 8, 9, 8, 6, 7, 8, 9, 7, 9, 6, 8, 5, 4, 7, 7, 6, 6, 9, 6, 8, 9, 9, 7, 5, 7, 8, 7, 6, 6, 6, 5, 9, 9, 6, 8, 7, 9, 6, 9, 
454: 0, 0, 0, 8, 7, 8, 8, 8, 0, 6, 7, 9, 8, 0, 0, 0, 0, 8, 0, 0, 0, 0, 0, 0, 9, 8, 6, 7, 6, 0, 6, 0, 0, 0, 0, 0, 8, 7, 0, 8, 8, 10, 7, 0, 0, 0, 6, 0, 6, 0, 0, 7, 0, 0, 8, 7, 6, 0, 8, 7, 8, 6, 9, 9, 8, 0, 0, 8, 0, 8, 7, 8, 10, 0, 7, 0, 0, 6, 9, 0, 7, 0, 8, 5, 8, 9, 7, 0, 0, 0, 8, 6, 9, 7, 0, 5, 4, 0, 5, 6, 0, 0, 8, 0, 0, 0, 8, 10, 6, 8, 6, 6, 7, 0, 0, 7, 7, 8, 7, 9, : 8, 7, 8, 8, 8, 6, 7, 9, 8, 8, 9, 8, 6, 7, 6, 6, 8, 7, 8, 8, 10, 7, 6, 6, 7, 8, 7, 6, 8, 7, 8, 6, 9, 9, 8, 8, 8, 7, 8, 10, 7, 6, 9, 7, 8, 5, 8, 9, 7, 8, 6, 9, 7, 5, 4, 5, 6, 8, 8, 10, 6, 8, 6, 6, 7, 7, 7, 8, 7, 9, 
480: 0, 8, 0, 7, 0, 7, 0, 8, 5, 7, 8, 0, 0, 10, 0, 5, 5, 0, 0, 8, 0, 0, 0, 0, 0, 6, 8, 0, 0, 6, 0, 0, 9, 0, 6, 0, 10, 6, 0, 0, 0, 5, 0, 0, 6, 0, 0, 0, 0, 0, 7, 0, 7, 8, 8, 8, 0, 0, 8, 6, 7, 0, 7, 9, 8, 5, 6, 9, 0, 6, 7, 10, 0, 9, 5, 4, 0, 0, 5, 0, 0, 8, 8, 7, 0, 0, 0, 6, 0, 8, 0, 7, 0, 0, 0, 9, 5, 6, 0, 0, 6, 0, 5, 8, 0, 8, 0, 8, 0, 9, 6, 0, 7, 8, 7, 7, 9, 0, 6, 0, : 8, 7, 7, 8, 5, 7, 8, 10, 5, 5, 8, 6, 8, 6, 9, 6, 10, 6, 5, 6, 7, 7, 8, 8, 8, 8, 6, 7, 7, 9, 8, 5, 6, 9, 6, 7, 10, 9, 5, 4, 5, 8, 8, 7, 6, 8, 7, 9, 5, 6, 6, 5, 8, 8, 8, 9, 6, 7, 8, 7, 7, 9, 6, 
119: 0, 0, 9, 9, 6, 0, 0, 0, 0, 0, 8, 7, 0, 0, 0, 0, 0, 8, 9, 0, 6, 6, 0, 0, 7, 6, 0, 6, 9, 7, 7, 0, 8, 0, 0, 0, 0, 0, 0, 10, 5, 6, 0, 6, 0, 6, 7, 0, 0, 6, 0, 7, 0, 0, 8, 7, 8, 0, 0, 7, 7, 8, 0, 0, 0, 0, 0, 0, 8, 6, 8, 9, 0, 0, 9, 0, 9, 7, 7, 0, 9, 10, 0, 0, 5, 0, 8, 0, 0, 7, 6, 8, 0, 8, 0, 5, 6, 7, 0, 0, 7, 7, 7, 0, 7, 8, 5, 0, 0, 0, 8, 0, 0, 0, 8, 7, 6, 0, 0, 0, : 9, 9, 6, 8, 7, 8, 9, 6, 6, 7, 6, 6, 9, 7, 7, 8, 10, 5, 6, 6, 6, 7, 6, 7, 8, 7, 8, 7, 7, 8, 8, 6, 8, 9, 9, 9, 7, 7, 9, 10, 5, 8, 7, 6, 8, 8, 5, 6, 7, 7, 7, 7, 7, 8, 5, 8, 8, 7, 6, 
134: 0, 0, 8, 6, 9, 8, 0, 7, 0, 0, 8, 0, 7, 7, 10, 0, 6, 7, 8, 0, 6, 8, 0, 6, 0, 9, 0, 9, 0, 0, 0, 0, 7, 0, 8, 0, 0, 9, 7, 0, 0, 7, 7, 0, 8, 5, 0, 8, 8, 0, 0, 0, 6, 0, 0, 7, 0, 7, 7, 8, 8, 0, 8, 7, 8, 4, 8, 5, 7, 0, 0, 9, 0, 6, 0, 8, 0, 8, 0, 7, 0, 0, 9, 0, 9, 6, 9, 0, 7, 0, 0, 10, 0, 0, 0, 0, 0, 0, 9, 6, 0, 9, 0, 6, 0, 0, 7, 8, 0, 8, 5, 0, 7, 10, 0, 7, 9, 6, 8, 9, : 8, 6, 9, 8, 7, 8, 7, 7, 10, 6, 7, 8, 6, 8, 6, 9, 9, 7, 8, 9, 7, 7, 7, 8, 5, 8, 8, 6, 7, 7, 7, 8, 8, 8, 7, 8, 4, 8, 5, 7, 9, 6, 8, 8, 7, 9, 9, 6, 9, 7, 10, 9, 6, 9, 6, 7, 8, 8, 5, 7, 10, 7, 9, 6, 8, 9, 
407: 0, 0, 0, 10, 8, 0, 0, 0, 0, 0, 0, 6, 0, 8, 0, 0, 0, 6, 0, 0, 0, 0, 7, 0, 0, 0, 0, 0, 0, 6, 6, 7, 0, 7, 0, 0, 6, 0, 0, 0, 9, 6, 0, 6, 9, 0, 8, 0, 9, 0, 9, 9, 0, 0, 0, 8, 0, 0, 7, 8, 0, 9, 0, 6, 9, 0, 11, 6, 0, 0, 0, 0, 6, 10, 5, 7, 7, 0, 0, 0, 7, 7, 0, 0, 0, 8, 6, 6, 9, 0, 8, 0, 0, 0, 5, 6, 5, 0, 10, 7, 7, 0, 7, 0, 0, 7, 8, 8, 0, 6, 8, 9, 7, 7, 6, 0, 0, 0, 0, 0, : 10, 8, 6, 8, 6, 7, 6, 6, 7, 7, 6, 9, 6, 6, 9, 8, 9, 9, 9, 8, 7, 8, 9, 6, 9, 11, 6, 6, 10, 5, 7, 7, 7, 7, 8, 6, 6, 9, 8, 5, 6, 5, 10, 7, 7, 7, 7, 8, 8, 6, 8, 9, 7, 7, 6, 
552: 7, 7, 6, 8, 7, 8, 0, 7, 0, 9, 11, 0, 8, 7, 0, 6, 9, 8, 0, 6, 0, 5, 0, 0, 8, 0, 0, 7, 7, 6, 7, 9, 7, 0, 0, 0, 0, 7, 0, 7, 5, 6, 7, 8, 7, 7, 0, 7, 8, 9, 0, 6, 7, 6, 0, 0, 7, 7, 0, 0, 6, 6, 0, 4, 0, 0, 7, 6, 4, 0, 0, 8, 7, 9, 6, 0, 7, 7, 0, 0, 7, 8, 7, 0, 9, 0, 0, 8, 7, 9, 0, 7, 0, 5, 7, 0, 7, 0, 6, 5, 0, 7, 0, 4, 7, 9, 0, 0, 8, 8, 0, 0, 0, 0, 0, 0, 7, 0, 7, 0, : 7, 7, 6, 8, 7, 8, 7, 9, 11, 8, 7, 6, 9, 8, 6, 5, 8, 7, 7, 6, 7, 9, 7, 7, 7, 5, 6, 7, 8, 7, 7, 7, 8, 9, 6, 7, 6, 7, 7, 6, 6, 4, 7, 6, 4, 8, 7, 9, 6, 7, 7, 7, 8, 7, 9, 8, 7, 9, 7, 5, 7, 7, 6, 5, 7, 4, 7, 9, 8, 8, 7, 7, 
471: 6, 6, 7, 9, 5, 7, 0, 7, 0, 8, 0, 8, 7, 0, 6, 7, 8, 0, 0, 9, 9, 8, 8, 0, 0, 8, 8, 0, 0, 0, 9, 6, 0, 0, 0, 7, 0, 0, 7, 0, 0, 0, 0, 0, 0, 0, 0, 0, 6, 0, 0, 0, 8, 0, 9, 0, 0, 9, 0, 7, 0, 0, 0, 0, 7, 5, 8, 0, 0, 0, 7, 0, 7, 6, 7, 0, 0, 0, 0, 8, 7, 7, 8, 0, 7, 0, 0, 8, 0, 6, 0, 0, 0, 0, 9, 10, 0, 0, 6, 6, 10, 0, 7, 7, 0, 8, 0, 0, 0, 0, 0, 0, 0, 0, 8, 5, 0, 0, 0, 8, : 6, 6, 7, 9, 5, 7, 7, 8, 8, 7, 6, 7, 8, 9, 9, 8, 8, 8, 8, 9, 6, 7, 7, 6, 8, 9, 9, 7, 7, 5, 8, 7, 7, 6, 7, 8, 7, 7, 8, 7, 8, 6, 9, 10, 6, 6, 10, 7, 7, 8, 8, 5, 8, 
142: 0, 7, 0, 6, 0, 0, 9, 0, 7, 8, 9, 0, 5, 8, 0, 8, 0, 9, 8, 8, 8, 9, 6, 6, 0, 0, 0, 0, 0, 8, 0, 0, 0, 7, 8, 7, 0, 0, 0, 0, 0, 7, 7, 7, 0, 0, 9, 8, 8, 8, 8, 6, 7, 6, 0, 8, 8, 0, 0, 6, 6, 7, 0, 6, 8, 0, 0, 0, 0, 9, 9, 0, 0, 0, 0, 0, 7, 6, 7, 7, 0, 0, 8, 7, 0, 0, 7, 0, 11, 7, 8, 0, 0, 0, 5, 8, 7, 0, 7, 10, 9, 9, 0, 0, 0, 9, 0, 6, 0, 7, 9, 0, 6, 0, 0, 7, 5, 8, 0, 8, : 7, 6, 9, 7, 8, 9, 5, 8, 8, 9, 8, 8, 8, 9, 6, 6, 8, 7, 8, 7, 7, 7, 7, 9, 8, 8, 8, 8, 6, 7, 6, 8, 8, 6, 6, 7, 6, 8, 9, 9, 7, 6, 7, 7, 8, 7, 7, 11, 7, 8, 5, 8, 7, 7, 10, 9, 9, 9, 6, 7, 9, 6, 7, 5, 8, 8, 
433: 7, 7, 0, 0, 0, 0, 9, 7, 8, 0, 0, 7, 0, 7, 9, 0, 0, 0, 9, 0, 6, 10, 8, 0, 7, 0, 0, 0, 7, 0, 9, 0, 0, 6, 0, 0, 7, 8, 0, 0, 7, 6, 6, 8, 0, 7, 0, 0, 8, 8, 5, 0, 0, 0, 9, 9, 0, 7, 0, 0, 8, 9, 0, 0, 6, 0, 0, 8, 6, 0, 0, 7, 7, 0, 0, 0, 8, 0, 8, 8, 5, 9, 0, 0, 0, 7, 0, 0, 10, 0, 10, 8, 0, 6, 0, 8, 0, 0, 6, 6, 6, 0, 0, 9, 8, 0, 0, 5, 9, 6, 9, 0, 6, 0, 9, 0, 0, 0, 9, 0, : 7, 7, 9, 7, 8, 7, 7, 9, 9, 6, 10, 8, 7, 7, 9, 6, 7, 8, 7, 6, 6, 8, 7, 8, 8, 5, 9, 9, 7, 8, 9, 6, 8, 6, 7, 7, 8, 8, 8, 5, 9, 7, 10, 10, 8, 6, 8, 6, 6, 6, 9, 8, 5, 9, 6, 9, 6, 9, 9, 
278: 9, 7, 0, 6, 8, 6, 0, 5, 8, 7, 0, 0, 8, 7, 6, 0, 0, 7, 0, 0, 7, 9, 7, 0, 7, 7, 0, 7, 0, 0, 0, 0, 8, 8, 10, 8, 0, 8, 8, 0, 11, 0, 6, 9, 0, 0, 8, 0, 0, 0, 6, 7, 0, 0, 7, 0, 6, 8, 6, 9, 8, 6, 8, 7, 0, 10, 8, 0, 0, 7, 9, 11, 0, 7, 0, 0, 0, 0, 0, 0, 8, 6, 0, 5, 7, 5, 7, 0, 7, 0, 0, 6, 0, 8, 5, 5, 5, 0, 5, 0, 0, 7, 0, 7, 6, 0, 0, 5, 7, 6, 0, 0, 0, 9, 0, 0, 0, 0, 0, 6, : 9, 7, 6, 8, 6, 5, 8, 7, 8, 7, 6, 7, 7, 9, 7, 7, 7, 7, 8, 8, 10, 8, 8, 8, 11, 6, 9, 8, 6, 7, 7, 6, 8, 6, 9, 8, 6, 8, 7, 10, 8, 7, 9, 11, 7, 8, 6, 5, 7, 5, 7, 7, 6, 8, 5, 5, 5, 5, 7, 7, 6, 5, 7, 6, 9, 6, 
453: 0, 7, 6, 8, 9, 0, 7, 7, 0, 0, 0, 0, 6, 10, 0, 0, 0, 0, 7, 9, 9, 8, 0, 0, 7, 0, 10, 7, 0, 7, 0, 0, 9, 0, 0, 0, 0, 6, 0, 0, 6, 5, 0, 9, 0, 6, 8, 7, 8, 8, 0, 0, 0, 0, 0, 0, 0, 0, 7, 8, 6, 0, 0, 5, 7, 0, 0, 0, 8, 0, 0, 0, 7, 0, 0, 0, 8, 9, 0, 0, 0, 6, 0, 6, 0, 0, 0, 6, 8, 0, 0, 7, 7, 0, 0, 0, 6, 0, 7, 7, 0, 0, 9, 8, 5, 7, 0, 5, 0, 0, 0, 0, 0, 0, 0, 0, 0, 0, 7, 5, : 7, 6, 8, 9, 7, 7, 6, 10, 7, 9, 9, 8, 7, 10, 7, 7, 9, 6, 6, 5, 9, 6, 8, 7, 8, 8, 7, 8, 6, 5, 7, 8, 7, 8, 9, 6, 6, 6, 8, 7, 7, 6, 7, 7, 9, 8, 5, 7, 5, 7, 5, 
401: 0, 0, 7, 0, 0, 7, 11, 0, 0, 8, 0, 0, 0, 0, 4, 0, 0, 7, 7, 8, 7, 0, 7, 7, 6, 0, 0, 7, 9, 6, 8, 7, 9, 8, 0, 7, 0, 0, 8, 0, 11, 7, 9, 8, 10, 0, 0, 9, 7, 8, 8, 9, 6, 0, 7, 7, 8, 0, 0, 0, 0, 0, 4, 8, 6, 6, 7, 9, 0, 6, 8, 9, 9, 6, 8, 9, 0, 0, 0, 7, 10, 8, 0, 8, 0, 0, 0, 0, 6, 0, 0, 6, 4, 6, 9, 0, 0, 10, 0, 0, 0, 0, 7, 0, 4, 0, 6, 0, 9, 0, 6, 8, 0, 0, 7, 0, 6, 6, 8, 7, : 7, 7, 11, 8, 4, 7, 7, 8, 7, 7, 7, 6, 7, 9, 6, 8, 7, 9, 8, 7, 8, 11, 7, 9, 8, 10, 9, 7, 8, 8, 9, 6, 7, 7, 8, 4, 8, 6, 6, 7, 9, 6, 8, 9, 9, 6, 8, 9, 7, 10, 8, 8, 6, 6, 4, 6, 9, 10, 7, 4, 6, 9, 6, 8, 7, 6, 6, 8, 7, 
255: 0, 7, 6, 7, 7, 7, 7, 0, 8, 0, 0, 0, 0, 0, 0, 0, 6, 0, 7, 5, 8, 0, 5, 0, 6, 0, 6, 0, 0, 0, 7, 0, 0, 0, 8, 7, 8, 7, 0, 6, 5, 0, 0, 0, 9, 5, 0, 0, 6, 7, 7, 0, 0, 8, 0, 0, 8, 6, 8, 0, 0, 6, 8, 0, 0, 9, 0, 0, 0, 8, 0, 7, 7, 0, 8, 9, 8, 7, 0, 0, 6, 0, 7, 8, 0, 8, 0, 0, 8, 0, 6, 9, 8, 8, 10, 5, 0, 7, 8, 6, 0, 7, 9, 0, 0, 0, 0, 9, 9, 0, 0, 8, 0, 0, 0, 0, 7, 0, 0, 8, : 7, 6, 7, 7, 7, 7, 8, 6, 7, 5, 8, 5, 6, 6, 7, 8, 7, 8, 7, 6, 5, 9, 5, 6, 7, 7, 8, 8, 6, 8, 6, 8, 9, 8, 7, 7, 8, 9, 8, 7, 6, 7, 8, 8, 8, 6, 9, 8, 8, 10, 5, 7, 8, 6, 7, 9, 9, 9, 8, 7, 8, 
254: 0, 9, 0, 0, 7, 0, 0, 11, 0, 0, 0, 0, 0, 0, 7, 7, 8, 0, 0, 0, 8, 0, 0, 0, 6, 0, 0, 8, 7, 9, 7, 0, 0, 0, 5, 10, 6, 0, 0, 8, 7, 0, 6, 9, 5, 8, 0, 0, 9, 7, 0, 5, 7, 7, 7, 6, 0, 0, 0, 0, 6, 5, 0, 7, 0, 0, 7, 0, 0, 0, 8, 9, 0, 0, 9, 5, 0, 0, 0, 0, 6, 0, 8, 0, 9, 0, 5, 0, 7, 7, 0, 7, 7, 6, 0, 0, 0, 0, 10, 6, 8, 6, 8, 0, 9, 8, 0, 8, 7, 0, 0, 5, 0, 8, 0, 6, 8, 5, 0, 8, : 9, 7, 11, 7, 7, 8, 8, 6, 8, 7, 9, 7, 5, 10, 6, 8, 7, 6, 9, 5, 8, 9, 7, 5, 7, 7, 7, 6, 6, 5, 7, 7, 8, 9, 9, 5, 6, 8, 9, 5, 7, 7, 7, 7, 6, 10, 6, 8, 6, 8, 9, 8, 8, 7, 5, 8, 6, 8, 5, 8, 
111: 0, 7, 7, 6, 0, 7, 8, 0, 0, 0, 0, 9, 0, 0, 8, 0, 0, 0, 7, 0, 8, 0, 0, 0, 9, 0, 0, 0, 0, 0, 0, 0, 7, 0, 0, 4, 0, 0, 0, 7, 0, 0, 9, 0, 8, 6, 0, 0, 0, 0, 0, 0, 6, 6, 0, 0, 6, 0, 8, 0, 9, 0, 0, 7, 8, 0, 0, 9, 0, 10, 4, 6, 7, 8, 0, 0, 9, 7, 10, 0, 9, 5, 8, 0, 6, 9, 6, 10, 10, 0, 7, 0, 0, 4, 6, 0, 7, 0, 0, 7, 0, 7, 6, 8, 8, 0, 0, 7, 0, 7, 0, 6, 0, 10, 0, 6, 0, 0, 6, 0, : 7, 7, 6, 7, 8, 9, 8, 7, 8, 9, 7, 4, 7, 9, 8, 6, 6, 6, 6, 8, 9, 7, 8, 9, 10, 4, 6, 7, 8, 9, 7, 10, 9, 5, 8, 6, 9, 6, 10, 10, 7, 4, 6, 7, 7, 7, 6, 8, 8, 7, 7, 6, 10, 6, 6, 
225: 8, 0, 0, 0, 0, 0, 0, 8, 6, 0, 5, 0, 5, 8, 7, 5, 0, 0, 8, 0, 8, 10, 8, 0, 0, 10, 0, 0, 8, 0, 0, 0, 7, 6, 8, 7, 7, 9, 0, 5, 7, 0, 0, 6, 0, 6, 0, 6, 0, 8, 0, 7, 0, 0, 6, 0, 8, 0, 8, 0, 9, 0, 8, 0, 0, 8, 9, 0, 0, 10, 7, 9, 6, 6, 6, 7, 0, 8, 0, 0, 0, 7, 8, 0, 0, 8, 6, 9, 0, 0, 7, 0, 6, 0, 7, 8, 0, 0, 9, 7, 0, 7, 10, 0, 0, 0, 0, 7, 9, 0, 0, 9, 0, 8, 0, 6, 7, 0, 0, 8, : 8, 8, 6, 5, 5, 8, 7, 5, 8, 8, 10, 8, 10, 8, 7, 6, 8, 7, 7, 9, 5, 7, 6, 6, 6, 8, 7, 6, 8, 8, 9, 8, 8, 9, 10, 7, 9, 6, 6, 6, 7, 8, 7, 8, 8, 6, 9, 7, 6, 7, 8, 9, 7, 7, 10, 7, 9, 9, 8, 6, 7, 8, 
239: 0, 0, 7, 7, 8, 8, 7, 0, 0, 0, 0, 0, 9, 0, 9, 7, 0, 0, 6, 0, 0, 7, 0, 8, 0, 7, 9, 7, 0, 6, 0, 6, 6, 0, 0, 0, 0, 0, 0, 6, 9, 7, 9, 0, 10, 5, 0, 0, 7, 7, 0, 0, 8, 9, 8, 0, 8, 9, 8, 0, 0, 0, 8, 7, 7, 10, 5, 0, 6, 9, 6, 7, 0, 0, 7, 9, 0, 0, 0, 5, 8, 9, 0, 10, 9, 7, 7, 9, 6, 0, 6, 8, 7, 6, 6, 7, 8, 10, 0, 7, 0, 7, 0, 10, 0, 8, 0, 8, 0, 8, 0, 5, 0, 0, 0, 0, 8, 9, 0, 7, : 7, 7, 8, 8, 7, 9, 9, 7, 6, 7, 8, 7, 9, 7, 6, 6, 6, 6, 9, 7, 9, 10, 5, 7, 7, 8, 9, 8, 8, 9, 8, 8, 7, 7, 10, 5, 6, 9, 6, 7, 7, 9, 5, 8, 9, 10, 9, 7, 7, 9, 6, 6, 8, 7, 6, 6, 7, 8, 10, 7, 7, 10, 8, 8, 8, 5, 8, 9, 7, 
450: 0, 0, 0, 7, 0, 7, 9, 7, 7, 8, 0, 9, 8, 0, 10, 9, 4, 0, 0, 0, 0, 0, 0, 8, 6, 0, 0, 7, 0, 0, 0, 0, 7, 7, 9, 0, 0, 5, 9, 10, 6, 9, 7, 7, 4, 0, 6, 10, 0, 8, 0, 0, 6, 6, 9, 0, 9, 0, 7, 8, 9, 0, 0, 8, 0, 0, 0, 9, 0, 10, 0, 10, 9, 0, 8, 8, 7, 0, 8, 0, 0, 0, 0, 0, 9, 0, 6, 0, 0, 0, 0, 7, 7, 7, 0, 10, 0, 0, 0, 8, 0, 0, 10, 0, 0, 0, 9, 10, 0, 0, 0, 9, 0, 0, 7, 8, 0, 0, 6, 7, : 7, 7, 9, 7, 7, 8, 9, 8, 10, 9, 4, 8, 6, 7, 7, 7, 9, 5, 9, 10, 6, 9, 7, 7, 4, 6, 10, 8, 6, 6, 9, 9, 7, 8, 9, 8, 9, 10, 10, 9, 8, 8, 7, 8, 9, 6, 7, 7, 7, 10, 8, 10, 9, 10, 9, 7, 8, 6, 7, 
544: 8, 9, 7, 0, 0, 9, 5, 0, 9, 6, 0, 0, 6, 0, 0, 0, 0, 7, 7, 7, 9, 6, 8, 9, 0, 7, 8, 6, 0, 7, 0, 8, 0, 6, 0, 8, 6, 8, 0, 0, 6, 0, 0, 6, 0, 7, 10, 5, 0, 0, 8, 7, 8, 8, 0, 5, 8, 9, 0, 0, 0, 7, 8, 0, 0, 7, 0, 0, 6, 9, 0, 9, 7, 9, 5, 5, 7, 6, 0, 6, 0, 10, 8, 9, 8, 0, 9, 7, 0, 0, 0, 0, 6, 7, 5, 10, 7, 8, 0, 0, 0, 6, 0, 9, 6, 0, 9, 7, 8, 0, 6, 7, 10, 0, 9, 0, 0, 6, 0, 8, : 8, 9, 7, 9, 5, 9, 6, 6, 7, 7, 7, 9, 6, 8, 9, 7, 8, 6, 7, 8, 6, 8, 6, 8, 6, 6, 7, 10, 5, 8, 7, 8, 8, 5, 8, 9, 7, 8, 7, 6, 9, 9, 7, 9, 5, 5, 7, 6, 6, 10, 8, 9, 8, 9, 7, 6, 7, 5, 10, 7, 8, 6, 9, 6, 9, 7, 8, 6, 7, 10, 9, 6, 8, 
130: 8, 0, 0, 0, 0, 6, 7, 6, 0, 9, 5, 9, 8, 9, 0, 0, 0, 0, 9, 0, 0, 0, 0, 9, 9, 7, 6, 0, 4, 0, 9, 0, 8, 0, 0, 0, 7, 0, 0, 0, 7, 9, 6, 6, 0, 7, 8, 0, 0, 6, 0, 9, 0, 0, 7, 0, 8, 8, 9, 9, 5, 0, 0, 0, 4, 6, 0, 0, 10, 9, 7, 5, 0, 0, 0, 0, 0, 7, 6, 0, 0, 0, 5, 5, 8, 8, 9, 0, 7, 0, 0, 0, 8, 0, 5, 6, 9, 0, 6, 0, 7, 5, 0, 7, 0, 9, 0, 7, 0, 8, 7, 0, 0, 8, 8, 8, 0, 9, 7, 8, : 8, 6, 7, 6, 9, 5, 9, 8, 9, 9, 9, 9, 7, 6, 4, 9, 8, 7, 7, 9, 6, 6, 7, 8, 6, 9, 7, 8, 8, 9, 9, 5, 4, 6, 10, 9, 7, 5, 7, 6, 5, 5, 8, 8, 9, 7, 8, 5, 6, 9, 6, 7, 5, 7, 9, 7, 8, 7, 8, 8, 8, 9, 7, 8, 
479: 7, 0, 8, 0, 0, 0, 0, 8, 0, 10, 6, 9, 0, 0, 0, 0, 6, 9, 0, 0, 0, 5, 0, 9, 6, 0, 0, 0, 8, 9, 7, 8, 0, 6, 0, 0, 7, 7, 0, 9, 8, 8, 0, 6, 0, 0, 0, 8, 10, 0, 0, 8, 5, 0, 0, 0, 0, 0, 5, 0, 7, 8, 0, 0, 0, 0, 6, 8, 8, 0, 7, 6, 9, 5, 9, 0, 8, 0, 7, 0, 9, 6, 6, 7, 6, 7, 0, 9, 9, 7, 8, 0, 7, 0, 9, 5, 9, 0, 10, 9, 0, 10, 9, 0, 9, 0, 8, 0, 0, 0, 9, 11, 8, 6, 0, 0, 8, 0, 6, 0, : 7, 8, 8, 10, 6, 9, 6, 9, 5, 9, 6, 8, 9, 7, 8, 6, 7, 7, 9, 8, 8, 6, 8, 10, 8, 5, 5, 7, 8, 6, 8, 8, 7, 6, 9, 5, 9, 8, 7, 9, 6, 6, 7, 6, 7, 9, 9, 7, 8, 7, 9, 5, 9, 10, 9, 10, 9, 9, 8, 9, 11, 8, 6, 8, 6, 
13: 0, 0, 6, 5, 0, 7, 0, 5, 8, 7, 7, 6, 0, 0, 0, 0, 7, 6, 0, 9, 7, 6, 8, 0, 7, 6, 8, 8, 5, 6, 5, 7, 8, 0, 6, 6, 0, 0, 0, 0, 8, 0, 0, 0, 8, 6, 0, 0, 9, 0, 8, 0, 6, 7, 0, 0, 0, 7, 9, 8, 0, 0, 7, 0, 0, 0, 7, 8, 8, 0, 0, 0, 5, 0, 0, 9, 7, 0, 6, 0, 7, 7, 0, 6, 8, 0, 0, 11, 0, 7, 8, 0, 0, 0, 6, 0, 0, 6, 10, 0, 0, 6, 7, 0, 0, 0, 0, 0, 0, 8, 0, 0, 0, 6, 0, 0, 0, 0, 8, 8, : 6, 5, 7, 5, 8, 7, 7, 6, 7, 6, 9, 7, 6, 8, 7, 6, 8, 8, 5, 6, 5, 7, 8, 6, 6, 8, 8, 6, 9, 8, 6, 7, 7, 9, 8, 7, 7, 8, 8, 5, 9, 7, 6, 7, 7, 6, 8, 11, 7, 8, 6, 6, 10, 6, 7, 8, 6, 8, 8, 
436: 0, 0, 0, 7, 0, 0, 0, 0, 0, 0, 6, 0, 8, 0, 0, 0, 8, 0, 0, 7, 7, 7, 8, 0, 7, 8, 10, 0, 6, 0, 0, 7, 7, 0, 8, 9, 0, 0, 6, 0, 0, 0, 10, 0, 0, 8, 0, 9, 6, 7, 0, 9, 0, 0, 7, 8, 6, 0, 6, 9, 0, 0, 0, 7, 0, 8, 6, 0, 0, 8, 0, 7, 8, 0, 7, 8, 8, 0, 8, 0, 0, 0, 8, 0, 7, 0, 7, 8, 5, 8, 0, 6, 6, 5, 6, 0, 0, 11, 0, 0, 0, 6, 9, 0, 10, 0, 0, 0, 9, 0, 6, 9, 7, 8, 0, 8, 6, 8, 8, 0, : 7, 6, 8, 8, 7, 7, 7, 8, 7, 8, 10, 6, 7, 7, 8, 9, 6, 10, 8, 9, 6, 7, 9, 7, 8, 6, 6, 9, 7, 8, 6, 8, 7, 8, 7, 8, 8, 8, 8, 7, 7, 8, 5, 8, 6, 6, 5, 6, 11, 6, 9, 10, 9, 6, 9, 7, 8, 8, 6, 8, 8, 
413: 7, 8, 8, 9, 0, 0, 0, 0, 6, 6, 0, 7, 0, 9, 0, 0, 8, 0, 8, 6, 0, 8, 9, 7, 9, 0, 8, 8, 0, 10, 6, 0, 0, 0, 0, 0, 0, 9, 6, 0, 7, 0, 4, 7, 0, 0, 0, 9, 0, 6, 11, 5, 7, 6, 0, 7, 8, 8, 0, 7, 9, 0, 6, 8, 0, 8, 8, 6, 0, 0, 8, 0, 8, 9, 9, 0, 0, 6, 7, 0, 0, 8, 8, 0, 0, 0, 0, 0, 0, 8, 0, 0, 4, 0, 9, 8, 0, 8, 0, 10, 10, 8, 0, 0, 0, 0, 0, 0, 7, 5, 9, 0, 0, 0, 0, 0, 0, 0, 0, 7, : 7, 8, 8, 9, 6, 6, 7, 9, 8, 8, 6, 8, 9, 7, 9, 8, 8, 10, 6, 9, 6, 7, 4, 7, 9, 6, 11, 5, 7, 6, 7, 8, 8, 7, 9, 6, 8, 8, 8, 6, 8, 8, 9, 9, 6, 7, 8, 8, 8, 4, 9, 8, 8, 10, 10, 8, 7, 5, 9, 7, 
545: 0, 0, 6, 7, 0, 0, 0, 9, 8, 0, 0, 0, 0, 0, 6, 0, 10, 0, 8, 8, 0, 5, 6, 9, 7, 6, 8, 8, 8, 0, 0, 0, 0, 0, 8, 0, 0, 0, 0, 0, 0, 5, 6, 0, 7, 0, 6, 6, 0, 6, 0, 0, 8, 6, 6, 0, 0, 7, 7, 8, 0, 4, 0, 8, 0, 6, 6, 0, 4, 5, 10, 0, 0, 7, 0, 9, 6, 8, 0, 7, 0, 8, 8, 0, 0, 7, 0, 8, 9, 9, 7, 8, 11, 8, 0, 0, 0, 0, 8, 8, 0, 0, 0, 0, 8, 0, 7, 8, 0, 0, 9, 0, 11, 7, 8, 0, 0, 0, 8, 0, : 6, 7, 9, 8, 6, 10, 8, 8, 5, 6, 9, 7, 6, 8, 8, 8, 8, 5, 6, 7, 6, 6, 6, 8, 6, 6, 7, 7, 8, 4, 8, 6, 6, 4, 5, 10, 7, 9, 6, 8, 7, 8, 8, 7, 8, 9, 9, 7, 8, 11, 8, 8, 8, 8, 7, 8, 9, 11, 7, 8, 8, 
595: 0, 0, 0, 0, 0, 7, 8, 0, 9, 6, 0, 8, 0, 0, 0, 0, 0, 9, 0, 0, 9, 0, 0, 7, 0, 0, 0, 0, 7, 9, 8, 0, 6, 0, 0, 0, 7, 6, 0, 6, 8, 9, 0, 0, 8, 0, 7, 8, 0, 0, 6, 7, 0, 8, 7, 0, 0, 0, 7, 0, 7, 0, 8, 0, 0, 6, 0, 0, 0, 0, 6, 0, 7, 9, 0, 0, 0, 0, 9, 0, 0, 7, 0, 8, 9, 0, 0, 7, 0, 0, 10, 0, 0, 0, 8, 6, 0, 8, 7, 0, 0, 5, 8, 0, 0, 7, 7, 0, 9, 0, 9, 6, 8, 0, 0, 0, 0, 7, 8, 7, : 7, 8, 9, 6, 8, 9, 9, 7, 7, 9, 8, 6, 7, 6, 6, 8, 9, 8, 7, 8, 6, 7, 8, 7, 7, 7, 8, 6, 6, 7, 9, 9, 7, 8, 9, 7, 10, 8, 6, 8, 7, 5, 8, 7, 7, 9, 9, 6, 8, 7, 8, 7, 
576: 0, 0, 8, 9, 0, 0, 7, 0, 0, 6, 6, 0, 0, 0, 0, 7, 7, 10, 8, 0, 0, 6, 8, 0, 9, 8, 0, 0, 0, 0, 0, 6, 0, 7, 8, 0, 6, 10, 0, 0, 7, 7, 0, 0, 0, 5, 6, 6, 6, 8, 10, 9, 8, 7, 9, 0, 0, 0, 0, 0, 8, 0, 0, 0, 0, 6, 0, 0, 6, 6, 0, 9, 0, 0, 8, 6, 0, 0, 6, 8, 10, 0, 7, 8, 5, 7, 7, 5, 0, 0, 0, 6, 0, 6, 0, 9, 8, 6, 0, 7, 7, 7, 0, 4, 7, 8, 7, 8, 0, 0, 9, 0, 8, 0, 0, 0, 0, 7, 6, 0, : 8, 9, 7, 6, 6, 7, 7, 10, 8, 6, 8, 9, 8, 6, 7, 8, 6, 10, 7, 7, 5, 6, 6, 6, 8, 10, 9, 8, 7, 9, 8, 6, 6, 6, 9, 8, 6, 6, 8, 10, 7, 8, 5, 7, 7, 5, 6, 6, 9, 8, 6, 7, 7, 7, 4, 7, 8, 7, 8, 9, 8, 7, 6, 
93: 0, 7, 0, 7, 9, 10, 0, 0, 6, 10, 7, 0, 0, 8, 5, 0, 8, 4, 6, 0, 5, 0, 6, 0, 8, 8, 8, 9, 8, 0, 0, 7, 0, 6, 8, 8, 8, 0, 0, 6, 0, 0, 0, 0, 10, 0, 0, 9, 0, 0, 0, 8, 0, 7, 0, 0, 6, 0, 0, 7, 0, 6, 0, 7, 5, 7, 6, 7, 8, 7, 7, 0, 9, 0, 7, 7, 7, 0, 9, 0, 0, 8, 7, 0, 0, 0, 0, 0, 0, 0, 0, 0, 7, 9, 7, 0, 0, 7, 6, 10, 8, 9, 0, 0, 0, 5, 0, 0, 8, 0, 0, 0, 7, 9, 8, 7, 6, 0, 7, 7, : 7, 7, 9, 10, 6, 10, 7, 8, 5, 8, 4, 6, 5, 6, 8, 8, 8, 9, 8, 7, 6, 8, 8, 8, 6, 10, 9, 8, 7, 6, 7, 6, 7, 5, 7, 6, 7, 8, 7, 7, 9, 7, 7, 7, 9, 8, 7, 7, 9, 7, 7, 6, 10, 8, 9, 5, 8, 7, 9, 8, 7, 6, 7, 7, 
400: 7, 9, 0, 6, 7, 7, 0, 0, 0, 0, 6, 7, 0, 7, 8, 8, 9, 0, 10, 0, 6, 0, 9, 8, 9, 0, 7, 0, 9, 0, 0, 7, 6, 0, 6, 6, 0, 0, 0, 7, 0, 6, 0, 0, 0, 0, 0, 0, 0, 5, 0, 0, 9, 5, 0, 6, 0, 0, 0, 7, 0, 8, 7, 0, 7, 0, 0, 0, 6, 0, 0, 0, 6, 0, 0, 0, 6, 7, 0, 0, 0, 7, 9, 5, 0, 0, 8, 9, 4, 7, 0, 8, 7, 0, 0, 0, 0, 8, 0, 9, 6, 6, 0, 0, 0, 7, 8, 6, 6, 0, 8, 8, 9, 0, 0, 0, 6, 0, 7, 0, : 7, 9, 6, 7, 7, 6, 7, 7, 8, 8, 9, 10, 6, 9, 8, 9, 7, 9, 7, 6, 6, 6, 7, 6, 5, 9, 5, 6, 7, 8, 7, 7, 6, 6, 6, 7, 7, 9, 5, 8, 9, 4, 7, 8, 7, 8, 9, 6, 6, 7, 8, 6, 6, 8, 8, 9, 6, 7, 
373: 0, 0, 7, 0, 7, 0, 7, 10, 6, 0, 0, 0, 7, 5, 0, 0, 7, 8, 0, 0, 0, 7, 7, 0, 0, 6, 0, 0, 10, 0, 0, 0, 7, 6, 6, 8, 0, 9, 0, 7, 0, 0, 0, 0, 6, 8, 6, 8, 7, 6, 8, 0, 0, 7, 0, 6, 7, 0, 10, 10, 10, 6, 0, 0, 0, 7, 0, 0, 0, 6, 0, 0, 0, 9, 9, 6, 0, 7, 0, 0, 8, 7, 4, 8, 0, 4, 9, 8, 0, 6, 0, 5, 8, 10, 0, 7, 0, 6, 5, 0, 0, 9, 0, 0, 7, 7, 6, 7, 5, 6, 6, 6, 8, 0, 5, 8, 8, 6, 7, 6, : 7, 7, 7, 10, 6, 7, 5, 7, 8, 7, 7, 6, 10, 7, 6, 6, 8, 9, 7, 6, 8, 6, 8, 7, 6, 8, 7, 6, 7, 10, 10, 10, 6, 7, 6, 9, 9, 6, 7, 8, 7, 4, 8, 4, 9, 8, 6, 5, 8, 10, 7, 6, 5, 9, 7, 7, 6, 7, 5, 6, 6, 6, 8, 5, 8, 8, 6, 7, 6, 
412: 0, 0, 0, 10, 0, 7, 0, 0, 0, 0, 8, 7, 0, 10, 7, 0, 8, 9, 5, 8, 0, 7, 8, 0, 0, 0, 5, 0, 0, 6, 9, 6, 8, 0, 0, 0, 10, 8, 10, 6, 9, 0, 0, 8, 5, 6, 0, 8, 0, 0, 7, 6, 0, 0, 6, 0, 7, 8, 0, 0, 4, 6, 0, 0, 0, 0, 8, 6, 0, 4, 0, 0, 0, 6, 0, 8, 0, 0, 0, 0, 0, 0, 0, 0, 0, 0, 8, 0, 8, 6, 7, 9, 10, 0, 8, 0, 0, 7, 0, 0, 6, 0, 0, 5, 7, 7, 5, 7, 7, 0, 0, 6, 0, 0, 0, 0, 6, 6, 7, 8, : 10, 7, 8, 7, 10, 7, 8, 9, 5, 8, 7, 8, 5, 6, 9, 6, 8, 10, 8, 10, 6, 9, 8, 5, 6, 8, 7, 6, 6, 7, 8, 4, 6, 8, 6, 4, 6, 8, 8, 8, 6, 7, 9, 10, 8, 7, 6, 5, 7, 7, 5, 7, 7, 6, 6, 6, 7, 8, 
171: 7, 8, 0, 0, 9, 9, 0, 0, 7, 0, 8, 0, 0, 0, 0, 7, 6, 0, 9, 0, 5, 0, 0, 9, 10, 6, 7, 9, 0, 0, 6, 0, 8, 0, 0, 0, 7, 0, 9, 8, 10, 9, 7, 9, 11, 8, 10, 0, 0, 6, 8, 11, 0, 7, 8, 8, 8, 0, 5, 0, 0, 9, 8, 0, 6, 9, 6, 8, 0, 7, 0, 0, 0, 0, 9, 6, 6, 6, 0, 7, 0, 0, 0, 0, 0, 6, 0, 0, 0, 10, 8, 0, 0, 0, 0, 0, 0, 0, 0, 0, 9, 9, 7, 8, 7, 0, 0, 0, 0, 0, 0, 0, 6, 6, 0, 7, 6, 0, 0, 0, : 7, 8, 9, 9, 7, 8, 7, 6, 9, 5, 9, 10, 6, 7, 9, 6, 8, 7, 9, 8, 10, 9, 7, 9, 11, 8, 10, 6, 8, 11, 7, 8, 8, 8, 5, 9, 8, 6, 9, 6, 8, 7, 9, 6, 6, 6, 7, 6, 10, 8, 9, 9, 7, 8, 7, 6, 6, 7, 6, 
523: 0, 9, 8, 0, 7, 7, 0, 0, 8, 0, 7, 0, 7, 7, 7, 5, 8, 8, 8, 7, 7, 5, 6, 6, 0, 7, 0, 10, 0, 0, 0, 0, 6, 0, 0, 6, 0, 0, 0, 10, 7, 9, 8, 0, 0, 0, 0, 6, 7, 0, 5, 0, 0, 0, 6, 0, 0, 8, 0, 7, 7, 6, 6, 0, 6, 8, 7, 0, 10, 6, 7, 7, 6, 7, 8, 9, 0, 0, 8, 9, 6, 0, 0, 0, 0, 0, 8, 0, 7, 5, 10, 10, 0, 7, 11, 11, 0, 0, 0, 0, 0, 0, 0, 0, 7, 6, 0, 5, 5, 0, 0, 9, 6, 0, 9, 8, 0, 6, 7, 0, : 9, 8, 7, 7, 8, 7, 7, 7, 7, 5, 8, 8, 8, 7, 7, 5, 6, 6, 7, 10, 6, 6, 10, 7, 9, 8, 6, 7, 5, 6, 8, 7, 7, 6, 6, 6, 8, 7, 10, 6, 7, 7, 6, 7, 8, 9, 8, 9, 6, 8, 7, 5, 10, 10, 7, 11, 11, 7, 6, 5, 5, 9, 6, 9, 8, 6, 7, 
542: 8, 0, 0, 7, 0, 9, 6, 8, 0, 8, 7, 8, 9, 6, 0, 7, 6, 0, 6, 7, 6, 7, 0, 0, 8, 0, 8, 0, 7, 6, 7, 8, 8, 11, 8, 6, 0, 0, 6, 9, 8, 0, 0, 8, 0, 8, 7, 0, 6, 0, 0, 6, 0, 8, 8, 6, 9, 5, 0, 0, 9, 0, 7, 0, 8, 8, 10, 10, 0, 0, 7, 0, 10, 0, 0, 10, 0, 0, 0, 0, 7, 9, 0, 7, 7, 7, 7, 0, 0, 10, 0, 9, 0, 0, 8, 9, 5, 0, 7, 0, 7, 0, 0, 6, 10, 0, 0, 5, 8, 0, 0, 0, 0, 0, 7, 0, 0, 7, 0, 7, : 8, 7, 9, 6, 8, 8, 7, 8, 9, 6, 7, 6, 6, 7, 6, 7, 8, 8, 7, 6, 7, 8, 8, 11, 8, 6, 6, 9, 8, 8, 8, 7, 6, 6, 8, 8, 6, 9, 5, 9, 7, 8, 8, 10, 10, 7, 10, 10, 7, 9, 7, 7, 7, 7, 10, 9, 8, 9, 5, 7, 7, 6, 10, 5, 8, 7, 7, 7, 
375: 0, 0, 6, 0, 7, 0, 0, 0, 0, 7, 9, 0, 0, 8, 0, 0, 0, 0, 7, 0, 8, 0, 6, 8, 8, 8, 0, 5, 0, 7, 0, 0, 0, 0, 0, 8, 8, 6, 8, 7, 0, 0, 0, 0, 0, 7, 0, 0, 0, 7, 6, 7, 0, 0, 0, 8, 7, 7, 6, 0, 0, 7, 0, 7, 0, 0, 4, 6, 8, 8, 0, 8, 0, 0, 6, 7, 0, 8, 10, 7, 0, 0, 0, 7, 8, 8, 5, 0, 0, 8, 7, 10, 7, 0, 0, 8, 6, 0, 7, 0, 5, 6, 0, 8, 0, 6, 0, 8, 0, 0, 0, 8, 0, 0, 0, 0, 0, 0, 0, 0, : 6, 7, 7, 9, 8, 7, 8, 6, 8, 8, 8, 5, 7, 8, 8, 6, 8, 7, 7, 7, 6, 7, 8, 7, 7, 6, 7, 7, 4, 6, 8, 8, 8, 6, 7, 8, 10, 7, 7, 8, 8, 5, 8, 7, 10, 7, 8, 6, 7, 5, 6, 8, 6, 8, 8, 
445: 0, 0, 0, 0, 0, 0, 0, 0, 0, 0, 7, 0, 0, 0, 0, 0, 0, 0, 7, 0, 0, 7, 7, 7, 0, 0, 0, 8, 8, 7, 7, 7, 0, 0, 0, 7, 6, 0, 0, 6, 8, 9, 0, 5, 8, 0, 0, 0, 8, 0, 0, 8, 7, 7, 0, 0, 0, 7, 0, 0, 7, 0, 0, 7, 0, 8, 0, 10, 6, 0, 0, 8, 7, 9, 0, 0, 0, 0, 7, 6, 9, 0, 7, 7, 0, 0, 0, 6, 0, 8, 8, 5, 6, 7, 0, 7, 0, 0, 7, 0, 0, 0, 0, 0, 0, 0, 7, 8, 7, 7, 0, 0, 7, 5, 0, 0, 0, 0, 8, 8, : 7, 7, 7, 7, 7, 8, 8, 7, 7, 7, 7, 6, 6, 8, 9, 5, 8, 8, 8, 7, 7, 7, 7, 7, 8, 10, 6, 8, 7, 9, 7, 6, 9, 7, 7, 6, 8, 8, 5, 6, 7, 7, 7, 7, 8, 7, 7, 7, 5, 8, 8, 
520: 7, 0, 8, 7, 0, 0, 0, 0, 8, 5, 0, 0, 0, 9, 0, 7, 0, 0, 0, 8, 0, 6, 0, 7, 5, 0, 0, 9, 7, 0, 6, 7, 5, 8, 6, 0, 8, 9, 0, 8, 6, 7, 0, 0, 9, 9, 6, 0, 0, 0, 7, 7, 9, 0, 0, 0, 0, 0, 0, 8, 7, 0, 9, 0, 0, 0, 0, 10, 7, 0, 0, 0, 0, 7, 7, 8, 10, 9, 0, 7, 0, 0, 0, 0, 8, 8, 0, 5, 0, 6, 5, 0, 0, 7, 7, 0, 9, 5, 8, 0, 7, 0, 0, 7, 0, 8, 7, 7, 9, 5, 9, 8, 6, 0, 6, 10, 0, 7, 9, 8, : 7, 8, 7, 8, 5, 9, 7, 8, 6, 7, 5, 9, 7, 6, 7, 5, 8, 6, 8, 9, 8, 6, 7, 9, 9, 6, 7, 7, 9, 8, 7, 9, 10, 7, 7, 7, 8, 10, 9, 7, 8, 8, 5, 6, 5, 7, 7, 9, 5, 8, 7, 7, 8, 7, 7, 9, 5, 9, 8, 6, 6, 10, 7, 9, 8, 
364: 10, 7, 0, 7, 6, 8, 8, 8, 11, 8, 0, 0, 0, 0, 0, 0, 0, 6, 9, 0, 0, 10, 0, 9, 0, 8, 0, 0, 0, 0, 0, 0, 7, 9, 0, 6, 0, 0, 8, 0, 6, 8, 7, 9, 8, 0, 0, 0, 7, 6, 0, 0, 8, 0, 10, 0, 7, 0, 6, 9, 0, 0, 7, 0, 9, 0, 6, 0, 0, 9, 0, 0, 8, 0, 0, 0, 0, 0, 8, 10, 0, 0, 0, 6, 0, 9, 8, 9, 0, 8, 9, 0, 6, 9, 0, 0, 0, 7, 6, 0, 0, 0, 0, 8, 7, 0, 0, 0, 0, 0, 6, 5, 0, 0, 0, 0, 8, 7, 0, 8, : 10, 7, 7, 6, 8, 8, 8, 11, 8, 6, 9, 10, 9, 8, 7, 9, 6, 8, 6, 8, 7, 9, 8, 7, 6, 8, 10, 7, 6, 9, 7, 9, 6, 9, 8, 8, 10, 6, 9, 8, 9, 8, 9, 6, 9, 7, 6, 8, 7, 6, 5, 8, 7, 8, 
135: 0, 0, 0, 0, 8, 0, 0, 7, 8, 0, 0, 0, 0, 5, 6, 9, 0, 7, 0, 8, 7, 5, 5, 6, 0, 0, 0, 0, 8, 8, 0, 0, 7, 0, 0, 9, 10, 0, 7, 4, 9, 0, 7, 0, 8, 0, 0, 0, 0, 0, 8, 8, 0, 7, 8, 7, 0, 7, 0, 0, 10, 9, 10, 8, 8, 11, 0, 9, 6, 6, 10, 0, 0, 0, 0, 0, 5, 7, 0, 8, 0, 9, 7, 0, 8, 0, 0, 6, 5, 6, 7, 0, 0, 8, 0, 0, 6, 0, 7, 0, 0, 9, 0, 0, 0, 0, 0, 0, 0, 8, 0, 9, 9, 8, 5, 8, 0, 8, 6, 0, : 8, 7, 8, 5, 6, 9, 7, 8, 7, 5, 5, 6, 8, 8, 7, 9, 10, 7, 4, 9, 7, 8, 8, 8, 7, 8, 7, 7, 10, 9, 10, 8, 8, 11, 9, 6, 6, 10, 5, 7, 8, 9, 7, 8, 6, 5, 6, 7, 8, 6, 7, 9, 8, 9, 9, 8, 5, 8, 8, 6, 
163: 7, 0, 0, 0, 6, 0, 0, 0, 7, 0, 7, 7, 8, 0, 0, 0, 0, 0, 7, 7, 0, 0, 6, 8, 0, 0, 0, 8, 7, 0, 0, 7, 0, 0, 7, 9, 9, 6, 9, 8, 10, 0, 0, 10, 10, 10, 10, 0, 0, 0, 6, 6, 7, 8, 9, 9, 9, 8, 6, 7, 8, 6, 0, 7, 6, 11, 7, 6, 0, 0, 0, 0, 7, 9, 7, 8, 0, 9, 0, 5, 8, 5, 7, 5, 8, 7, 7, 6, 9, 5, 6, 0, 0, 0, 0, 8, 0, 0, 0, 0, 6, 0, 7, 0, 8, 10, 0, 0, 0, 0, 6, 8, 0, 6, 8, 0, 0, 0, 8, 9, : 7, 6, 7, 7, 7, 8, 7, 7, 6, 8, 8, 7, 7, 7, 9, 9, 6, 9, 8, 10, 10, 10, 10, 10, 6, 6, 7, 8, 9, 9, 9, 8, 6, 7, 8, 6, 7, 6, 11, 7, 6, 7, 9, 7, 8, 9, 5, 8, 5, 7, 5, 8, 7, 7, 6, 9, 5, 6, 8, 6, 7, 8, 10, 6, 8, 6, 8, 8, 9, 
397: 6, 8, 0, 0, 0, 0, 7, 8, 8, 8, 8, 10, 10, 0, 0, 0, 7, 9, 8, 0, 8, 0, 8, 0, 6, 10, 0, 0, 0, 7, 10, 0, 0, 8, 6, 0, 0, 0, 0, 8, 0, 8, 10, 0, 0, 8, 6, 8, 0, 6, 0, 0, 0, 0, 8, 8, 8, 0, 9, 8, 8, 9, 0, 0, 0, 0, 0, 5, 0, 0, 0, 7, 9, 0, 8, 0, 8, 6, 8, 7, 7, 5, 0, 7, 8, 6, 0, 7, 0, 8, 4, 9, 9, 8, 7, 6, 0, 0, 0, 7, 7, 0, 8, 9, 5, 0, 8, 9, 7, 9, 7, 0, 0, 0, 0, 0, 0, 0, 0, 0, : 6, 8, 7, 8, 8, 8, 8, 10, 10, 7, 9, 8, 8, 8, 6, 10, 7, 10, 8, 6, 8, 8, 10, 8, 6, 8, 6, 8, 8, 8, 9, 8, 8, 9, 5, 7, 9, 8, 8, 6, 8, 7, 7, 5, 7, 8, 6, 7, 8, 4, 9, 9, 8, 7, 6, 7, 7, 8, 9, 5, 8, 9, 7, 9, 7, 
246: 7, 0, 0, 8, 9, 0, 0, 0, 0, 7, 0, 0, 0, 0, 0, 8, 7, 7, 9, 0, 8, 0, 0, 0, 8, 7, 7, 4, 0, 7, 7, 0, 0, 6, 0, 0, 0, 9, 5, 7, 0, 0, 6, 0, 0, 0, 9, 6, 0, 0, 0, 0, 0, 8, 7, 8, 0, 0, 0, 0, 0, 0, 0, 11, 6, 0, 0, 0, 6, 0, 0, 6, 0, 5, 8, 8, 0, 0, 7, 0, 8, 0, 8, 0, 0, 7, 0, 8, 6, 0, 0, 0, 0, 0, 0, 0, 8, 0, 0, 0, 0, 8, 0, 0, 9, 9, 7, 0, 0, 8, 8, 8, 0, 8, 7, 9, 8, 0, 0, 6, : 7, 8, 9, 7, 8, 7, 7, 9, 8, 8, 7, 7, 4, 7, 7, 6, 9, 5, 7, 6, 9, 6, 8, 7, 8, 11, 6, 6, 6, 5, 8, 8, 7, 8, 8, 7, 8, 6, 8, 8, 9, 9, 7, 8, 8, 8, 8, 7, 9, 8, 6, 
527: 5, 0, 9, 0, 6, 7, 4, 7, 9, 6, 0, 0, 6, 8, 0, 0, 0, 9, 5, 0, 0, 0, 0, 0, 6, 0, 7, 8, 0, 0, 0, 0, 9, 7, 7, 6, 9, 0, 7, 0, 6, 10, 0, 0, 6, 0, 0, 0, 0, 6, 6, 0, 6, 9, 0, 0, 0, 8, 6, 0, 8, 0, 7, 5, 0, 7, 5, 11, 0, 0, 0, 6, 0, 7, 0, 7, 0, 7, 6, 0, 7, 0, 8, 10, 9, 9, 8, 0, 8, 0, 0, 0, 9, 7, 0, 0, 5, 0, 7, 9, 0, 0, 0, 0, 7, 8, 0, 0, 6, 7, 0, 0, 8, 0, 0, 0, 7, 0, 0, 8, : 5, 9, 6, 7, 4, 7, 9, 6, 6, 8, 9, 5, 6, 7, 8, 9, 7, 7, 6, 9, 7, 6, 10, 6, 6, 6, 6, 9, 8, 6, 8, 7, 5, 7, 5, 11, 6, 7, 7, 7, 6, 7, 8, 10, 9, 9, 8, 8, 9, 7, 5, 7, 9, 7, 8, 6, 7, 8, 7, 8, 
301: 9, 0, 0, 0, 0, 0, 0, 0, 7, 0, 0, 0, 0, 7, 0, 0, 0, 0, 7, 0, 9, 7, 0, 8, 0, 0, 0, 0, 0, 0, 0, 0, 6, 5, 6, 6, 8, 0, 8, 0, 5, 0, 0, 0, 0, 0, 8, 0, 8, 9, 9, 0, 7, 0, 8, 0, 7, 0, 7, 0, 0, 0, 0, 0, 0, 0, 7, 0, 9, 11, 0, 8, 8, 7, 0, 0, 4, 8, 7, 9, 8, 8, 8, 7, 9, 0, 8, 0, 0, 6, 7, 8, 0, 0, 7, 0, 6, 0, 7, 0, 8, 0, 0, 11, 0, 0, 0, 5, 0, 7, 6, 9, 0, 8, 0, 6, 0, 0, 0, 0, : 9, 7, 7, 7, 9, 7, 8, 6, 5, 6, 6, 8, 8, 5, 8, 8, 9, 9, 7, 8, 7, 7, 7, 9, 11, 8, 8, 7, 4, 8, 7, 9, 8, 8, 8, 7, 9, 8, 6, 7, 8, 7, 6, 7, 8, 11, 5, 7, 6, 9, 8, 6, 
496: 0, 0, 0, 0, 7, 6, 0, 0, 7, 0, 6, 0, 0, 0, 5, 9, 0, 0, 9, 10, 7, 0, 8, 6, 8, 8, 0, 0, 0, 9, 7, 0, 9, 8, 6, 0, 8, 8, 0, 7, 0, 0, 7, 7, 0, 9, 0, 0, 8, 10, 0, 8, 7, 9, 0, 0, 0, 9, 7, 0, 7, 7, 8, 0, 8, 0, 0, 0, 10, 0, 8, 0, 0, 0, 9, 9, 9, 0, 9, 9, 0, 8, 0, 10, 6, 6, 7, 0, 8, 0, 0, 10, 0, 0, 0, 0, 0, 0, 0, 0, 7, 0, 7, 10, 0, 7, 0, 5, 0, 8, 8, 8, 8, 0, 0, 9, 0, 0, 9, 8, : 7, 6, 7, 6, 5, 9, 9, 10, 7, 8, 6, 8, 8, 9, 7, 9, 8, 6, 8, 8, 7, 7, 7, 9, 8, 10, 8, 7, 9, 9, 7, 7, 7, 8, 8, 10, 8, 9, 9, 9, 9, 9, 8, 10, 6, 6, 7, 8, 10, 7, 7, 10, 7, 5, 8, 8, 8, 8, 9, 9, 8, 
144: 9, 0, 0, 0, 7, 9, 6, 0, 8, 8, 0, 0, 0, 9, 8, 8, 6, 5, 6, 0, 7, 8, 0, 10, 0, 8, 0, 0, 0, 9, 7, 0, 8, 8, 8, 0, 0, 0, 7, 0, 0, 0, 0, 0, 6, 0, 0, 8, 0, 0, 6, 0, 9, 7, 0, 7, 8, 0, 9, 7, 7, 6, 0, 10, 0, 8, 0, 6, 0, 0, 0, 7, 0, 7, 8, 0, 0, 0, 7, 9, 7, 8, 9, 9, 0, 6, 9, 0, 7, 0, 0, 0, 0, 0, 9, 0, 0, 5, 0, 5, 0, 0, 6, 0, 8, 5, 0, 9, 7, 0, 8, 0, 8, 6, 0, 7, 0, 7, 7, 7, : 9, 7, 9, 6, 8, 8, 9, 8, 8, 6, 5, 6, 7, 8, 10, 8, 9, 7, 8, 8, 8, 7, 6, 8, 6, 9, 7, 7, 8, 9, 7, 7, 6, 10, 8, 6, 7, 7, 8, 7, 9, 7, 8, 9, 9, 6, 9, 7, 9, 5, 5, 6, 8, 5, 9, 7, 8, 8, 6, 7, 7, 7, 7, 
421: 0, 8, 9, 0, 0, 0, 7, 8, 9, 0, 0, 9, 7, 6, 0, 7, 6, 9, 0, 0, 8, 0, 7, 6, 7, 8, 6, 7, 0, 7, 0, 0, 0, 8, 0, 7, 0, 0, 0, 8, 0, 0, 0, 0, 0, 10, 4, 8, 0, 6, 8, 0, 10, 0, 8, 9, 0, 0, 0, 0, 0, 8, 0, 0, 7, 0, 6, 0, 6, 8, 0, 0, 9, 8, 0, 8, 0, 0, 0, 0, 0, 0, 0, 0, 9, 0, 9, 7, 0, 5, 6, 6, 0, 6, 0, 0, 0, 0, 0, 0, 9, 0, 4, 10, 0, 0, 6, 0, 0, 9, 0, 0, 8, 6, 9, 0, 0, 0, 0, 8, : 8, 9, 7, 8, 9, 9, 7, 6, 7, 6, 9, 8, 7, 6, 7, 8, 6, 7, 7, 8, 7, 8, 10, 4, 8, 6, 8, 10, 8, 9, 8, 7, 6, 6, 8, 9, 8, 8, 9, 9, 7, 5, 6, 6, 6, 9, 4, 10, 6, 9, 8, 6, 9, 8, 
358: 0, 9, 6, 0, 10, 0, 8, 0, 0, 0, 0, 0, 8, 0, 8, 0, 8, 0, 7, 8, 0, 7, 7, 8, 8, 6, 0, 6, 7, 7, 0, 0, 0, 0, 0, 8, 8, 0, 0, 10, 0, 6, 6, 0, 0, 10, 9, 8, 8, 0, 9, 0, 0, 6, 0, 0, 0, 6, 0, 7, 0, 0, 8, 0, 0, 7, 8, 0, 0, 6, 6, 6, 0, 0, 0, 5, 9, 0, 5, 8, 0, 0, 0, 0, 0, 6, 10, 9, 0, 8, 0, 0, 7, 6, 0, 7, 0, 5, 9, 0, 0, 10, 10, 9, 0, 0, 0, 8, 9, 5, 7, 0, 9, 0, 7, 8, 9, 6, 0, 0, : 9, 6, 10, 8, 8, 8, 8, 7, 8, 7, 7, 8, 8, 6, 6, 7, 7, 8, 8, 10, 6, 6, 10, 9, 8, 8, 9, 6, 6, 7, 8, 7, 8, 6, 6, 6, 5, 9, 5, 8, 6, 10, 9, 8, 7, 6, 7, 5, 9, 10, 10, 9, 8, 9, 5, 7, 9, 7, 8, 9, 6, 
456: 0, 8, 9, 0, 6, 4, 6, 0, 0, 0, 7, 0, 6, 0, 6, 8, 0, 0, 0, 9, 0, 0, 10, 7, 0, 0, 7, 7, 0, 0, 0, 8, 8, 0, 9, 0, 0, 8, 11, 0, 0, 0, 0, 0, 0, 0, 10, 7, 0, 0, 0, 9, 7, 8, 7, 6, 8, 6, 0, 7, 0, 6, 7, 9, 7, 8, 8, 7, 6, 0, 0, 7, 11, 7, 10, 6, 0, 0, 4, 4, 7, 8, 8, 6, 0, 9, 0, 8, 0, 0, 6, 0, 0, 0, 0, 0, 8, 9, 7, 0, 0, 0, 0, 0, 6, 0, 10, 0, 0, 7, 0, 6, 7, 8, 0, 6, 7, 6, 0, 8, : 8, 9, 6, 4, 6, 7, 6, 6, 8, 9, 10, 7, 7, 7, 8, 8, 9, 8, 11, 10, 7, 9, 7, 8, 7, 6, 8, 6, 7, 6, 7, 9, 7, 8, 8, 7, 6, 7, 11, 7, 10, 6, 4, 4, 7, 8, 8, 6, 9, 8, 6, 8, 9, 7, 6, 10, 7, 6, 7, 8, 6, 7, 6, 8, 
116: 0, 0, 0, 0, 0, 0, 9, 8, 8, 9, 0, 8, 5, 7, 10, 6, 6, 10, 8, 0, 0, 6, 0, 0, 7, 0, 6, 5, 7, 0, 0, 8, 7, 0, 0, 6, 8, 0, 6, 0, 0, 8, 0, 8, 0, 0, 9, 7, 0, 8, 0, 8, 0, 0, 7, 8, 7, 7, 0, 8, 0, 8, 0, 7, 0, 0, 10, 7, 0, 0, 0, 0, 10, 9, 0, 0, 0, 0, 6, 10, 0, 0, 0, 0, 6, 0, 0, 0, 0, 7, 0, 0, 8, 7, 7, 9, 10, 7, 0, 6, 9, 6, 0, 0, 8, 0, 0, 0, 9, 7, 0, 0, 0, 0, 9, 8, 7, 7, 0, 0, : 9, 8, 8, 9, 8, 5, 7, 10, 6, 6, 10, 8, 6, 7, 6, 5, 7, 8, 7, 6, 8, 6, 8, 8, 9, 7, 8, 8, 7, 8, 7, 7, 8, 8, 7, 10, 7, 10, 9, 6, 10, 6, 7, 8, 7, 7, 9, 10, 7, 6, 9, 6, 8, 9, 7, 9, 8, 7, 7, 
396: 0, 0, 7, 0, 7, 0, 0, 0, 0, 0, 0, 8, 0, 6, 0, 7, 8, 0, 0, 9, 0, 0, 6, 7, 8, 0, 7, 7, 9, 7, 8, 6, 0, 0, 0, 0, 0, 7, 0, 6, 6, 7, 6, 7, 0, 0, 7, 6, 7, 0, 9, 7, 0, 8, 5, 8, 0, 8, 0, 0, 0, 9, 0, 0, 0, 0, 10, 0, 0, 6, 6, 6, 0, 0, 9, 9, 6, 7, 0, 6, 0, 0, 7, 0, 8, 7, 0, 0, 8, 9, 0, 5, 6, 0, 8, 9, 6, 10, 0, 0, 10, 0, 7, 0, 11, 5, 0, 0, 0, 7, 0, 0, 8, 9, 9, 8, 0, 7, 7, 0, : 7, 7, 8, 6, 7, 8, 9, 6, 7, 8, 7, 7, 9, 7, 8, 6, 7, 6, 6, 7, 6, 7, 7, 6, 7, 9, 7, 8, 5, 8, 8, 9, 10, 6, 6, 6, 9, 9, 6, 7, 6, 7, 8, 7, 8, 9, 5, 6, 8, 9, 6, 10, 10, 7, 11, 5, 7, 8, 9, 9, 8, 7, 7, 
126: 7, 0, 0, 7, 7, 5, 0, 0, 0, 8, 0, 0, 0, 5, 0, 9, 0, 0, 7, 7, 9, 7, 0, 6, 0, 0, 0, 10, 0, 0, 0, 7, 7, 8, 0, 9, 0, 6, 7, 5, 0, 0, 0, 0, 0, 8, 7, 0, 6, 7, 6, 0, 0, 0, 0, 0, 0, 7, 7, 0, 0, 8, 6, 0, 0, 0, 6, 8, 0, 0, 0, 7, 5, 10, 7, 0, 0, 0, 7, 7, 6, 0, 0, 8, 8, 0, 6, 0, 0, 0, 0, 9, 0, 7, 6, 0, 9, 10, 0, 8, 7, 9, 0, 6, 0, 0, 8, 0, 0, 7, 0, 0, 0, 0, 7, 0, 8, 7, 8, 7, : 7, 7, 7, 5, 8, 5, 9, 7, 7, 9, 7, 6, 10, 7, 7, 8, 9, 6, 7, 5, 8, 7, 6, 7, 6, 7, 7, 8, 6, 6, 8, 7, 5, 10, 7, 7, 7, 6, 8, 8, 6, 9, 7, 6, 9, 10, 8, 7, 9, 6, 8, 7, 7, 8, 7, 8, 7, 
354: 0, 0, 0, 8, 0, 5, 0, 7, 0, 8, 6, 7, 8, 8, 9, 7, 7, 0, 5, 0, 10, 8, 0, 0, 0, 0, 7, 0, 0, 0, 7, 7, 9, 8, 0, 8, 0, 7, 0, 7, 8, 9, 0, 9, 7, 0, 7, 9, 7, 7, 9, 6, 0, 0, 0, 0, 9, 7, 0, 7, 0, 7, 7, 0, 0, 0, 0, 7, 10, 0, 0, 0, 0, 0, 7, 6, 0, 0, 0, 8, 0, 7, 8, 0, 9, 9, 0, 0, 0, 0, 6, 7, 7, 0, 0, 6, 8, 6, 6, 7, 0, 0, 0, 0, 4, 0, 8, 10, 8, 0, 0, 7, 9, 0, 0, 0, 8, 0, 9, 7, : 8, 5, 7, 8, 6, 7, 8, 8, 9, 7, 7, 5, 10, 8, 7, 7, 7, 9, 8, 8, 7, 7, 8, 9, 9, 7, 7, 9, 7, 7, 9, 6, 9, 7, 7, 7, 7, 7, 10, 7, 6, 8, 7, 8, 9, 9, 6, 7, 7, 6, 8, 6, 6, 7, 4, 8, 10, 8, 7, 9, 8, 9, 7, 
150: 7, 7, 7, 0, 0, 0, 0, 0, 7, 6, 0, 5, 7, 9, 8, 9, 0, 8, 0, 6, 0, 8, 0, 0, 8, 5, 0, 0, 7, 0, 6, 10, 0, 0, 7, 6, 0, 6, 11, 0, 0, 0, 0, 0, 0, 6, 0, 4, 0, 9, 7, 0, 0, 9, 0, 0, 0, 6, 8, 8, 0, 0, 0, 0, 0, 0, 0, 0, 0, 0, 10, 6, 9, 0, 8, 7, 7, 0, 0, 7, 7, 10, 0, 6, 0, 0, 0, 0, 7, 9, 9, 0, 7, 9, 4, 0, 7, 7, 8, 0, 0, 0, 0, 9, 6, 6, 0, 0, 8, 0, 8, 8, 0, 9, 0, 6, 7, 0, 7, 8, : 7, 7, 7, 7, 6, 5, 7, 9, 8, 9, 8, 6, 8, 8, 5, 7, 6, 10, 7, 6, 6, 11, 6, 4, 9, 7, 9, 6, 8, 8, 10, 6, 9, 8, 7, 7, 7, 7, 10, 6, 7, 9, 9, 7, 9, 4, 7, 7, 8, 9, 6, 6, 8, 8, 8, 9, 6, 7, 7, 8, 
202: 7, 0, 7, 0, 0, 0, 0, 0, 8, 8, 7, 7, 0, 0, 7, 9, 0, 6, 0, 7, 0, 0, 0, 0, 0, 0, 7, 0, 6, 9, 0, 10, 8, 8, 9, 8, 7, 7, 0, 11, 8, 5, 0, 0, 7, 0, 5, 0, 6, 9, 8, 0, 0, 10, 6, 0, 0, 0, 5, 7, 0, 8, 5, 8, 7, 8, 7, 0, 0, 0, 7, 7, 0, 0, 0, 8, 5, 0, 7, 7, 0, 0, 0, 0, 0, 7, 0, 0, 7, 8, 10, 0, 8, 0, 0, 0, 0, 0, 7, 0, 6, 7, 0, 0, 0, 0, 7, 0, 8, 0, 0, 8, 8, 7, 7, 9, 0, 6, 0, 0, : 7, 7, 8, 8, 7, 7, 7, 9, 6, 7, 7, 6, 9, 10, 8, 8, 9, 8, 7, 7, 11, 8, 5, 7, 5, 6, 9, 8, 10, 6, 5, 7, 8, 5, 8, 7, 8, 7, 7, 7, 8, 5, 7, 7, 7, 7, 8, 10, 8, 7, 6, 7, 7, 8, 8, 8, 7, 7, 9, 6, 
287: 6, 9, 0, 8, 0, 9, 0, 0, 4, 8, 0, 0, 6, 0, 5, 0, 7, 9, 8, 7, 7, 8, 0, 0, 7, 9, 7, 8, 0, 0, 0, 6, 0, 8, 0, 0, 0, 10, 6, 0, 0, 0, 9, 6, 8, 7, 5, 7, 0, 9, 7, 10, 0, 7, 9, 6, 0, 7, 0, 9, 8, 0, 0, 0, 11, 0, 0, 0, 0, 11, 9, 6, 0, 9, 6, 8, 0, 8, 8, 7, 7, 0, 8, 8, 7, 0, 6, 0, 8, 0, 10, 8, 8, 0, 0, 8, 0, 7, 9, 0, 7, 0, 0, 10, 0, 7, 8, 0, 7, 0, 0, 6, 8, 0, 8, 6, 0, 0, 0, 0, : 6, 9, 8, 9, 4, 8, 6, 5, 7, 9, 8, 7, 7, 8, 7, 9, 7, 8, 6, 8, 10, 6, 9, 6, 8, 7, 5, 7, 9, 7, 10, 7, 9, 6, 7, 9, 8, 11, 11, 9, 6, 9, 6, 8, 8, 8, 7, 7, 8, 8, 7, 6, 8, 10, 8, 8, 8, 7, 9, 7, 10, 7, 8, 7, 6, 8, 8, 6, 
86: 0, 0, 0, 0, 0, 8, 0, 0, 0, 0, 0, 0, 9, 7, 6, 10, 0, 0, 4, 8, 0, 9, 7, 8, 8, 0, 9, 7, 7, 0, 0, 0, 0, 0, 0, 11, 7, 8, 6, 0, 7, 7, 9, 9, 0, 0, 7, 10, 5, 7, 0, 0, 0, 0, 7, 7, 6, 0, 7, 5, 0, 7, 8, 0, 0, 6, 0, 0, 6, 0, 0, 0, 0, 8, 0, 6, 0, 0, 7, 0, 7, 0, 5, 0, 7, 9, 0, 0, 0, 0, 8, 0, 9, 7, 0, 7, 0, 7, 0, 7, 7, 0, 10, 0, 9, 0, 6, 0, 5, 0, 10, 0, 0, 0, 7, 8, 7, 0, 8, 6, : 8, 9, 7, 6, 10, 4, 8, 9, 7, 8, 8, 9, 7, 7, 11, 7, 8, 6, 7, 7, 9, 9, 7, 10, 5, 7, 7, 7, 6, 7, 5, 7, 8, 6, 6, 8, 6, 7, 7, 5, 7, 9, 8, 9, 7, 7, 7, 7, 7, 10, 9, 6, 5, 10, 7, 8, 7, 8, 6, 
506: 0, 0, 0, 0, 0, 0, 6, 0, 0, 7, 0, 0, 7, 7, 0, 10, 0, 6, 0, 8, 0, 9, 10, 6, 7, 0, 8, 0, 6, 0, 7, 8, 8, 7, 7, 0, 7, 0, 7, 0, 0, 6, 0, 0, 0, 10, 6, 7, 0, 10, 8, 9, 0, 0, 8, 8, 0, 0, 0, 0, 9, 8, 0, 6, 5, 7, 6, 9, 7, 8, 0, 0, 0, 9, 0, 0, 9, 10, 7, 7, 0, 7, 0, 0, 8, 0, 0, 9, 0, 8, 8, 0, 0, 0, 0, 8, 9, 8, 0, 7, 0, 0, 8, 7, 7, 0, 7, 6, 10, 0, 0, 0, 0, 8, 8, 0, 0, 9, 6, 7, : 6, 7, 7, 7, 10, 6, 8, 9, 10, 6, 7, 8, 6, 7, 8, 8, 7, 7, 7, 7, 6, 10, 6, 7, 10, 8, 9, 8, 8, 9, 8, 6, 5, 7, 6, 9, 7, 8, 9, 9, 10, 7, 7, 7, 8, 9, 8, 8, 8, 9, 8, 7, 8, 7, 7, 7, 6, 10, 8, 8, 9, 6, 7, 
296: 7, 0, 0, 8, 6, 8, 7, 0, 9, 11, 7, 6, 9, 5, 8, 6, 7, 0, 0, 0, 0, 0, 0, 0, 6, 0, 7, 5, 0, 8, 9, 0, 0, 0, 0, 0, 0, 6, 0, 7, 0, 0, 0, 0, 0, 0, 0, 7, 0, 0, 0, 8, 0, 9, 7, 0, 6, 0, 7, 0, 0, 6, 0, 0, 6, 6, 8, 10, 0, 0, 7, 0, 6, 0, 0, 0, 7, 8, 10, 9, 0, 0, 0, 0, 0, 0, 0, 0, 8, 0, 0, 7, 9, 0, 0, 0, 0, 0, 7, 0, 0, 0, 0, 8, 8, 0, 0, 0, 7, 7, 5, 0, 8, 0, 7, 8, 10, 7, 7, 0, : 7, 8, 6, 8, 7, 9, 11, 7, 6, 9, 5, 8, 6, 7, 6, 7, 5, 8, 9, 6, 7, 7, 8, 9, 7, 6, 7, 6, 6, 6, 8, 10, 7, 6, 7, 8, 10, 9, 8, 7, 9, 7, 8, 8, 7, 7, 5, 8, 7, 8, 10, 7, 7, 
209: 5, 7, 9, 0, 9, 0, 9, 0, 0, 7, 6, 7, 10, 8, 8, 9, 9, 5, 0, 6, 0, 7, 0, 0, 0, 0, 0, 0, 0, 0, 9, 0, 0, 0, 0, 0, 6, 10, 0, 0, 10, 8, 5, 5, 8, 8, 7, 7, 0, 0, 0, 7, 10, 6, 0, 6, 7, 6, 0, 0, 0, 7, 7, 0, 6, 8, 0, 0, 8, 0, 7, 7, 5, 0, 7, 0, 7, 7, 7, 9, 9, 0, 0, 7, 0, 0, 0, 0, 5, 6, 6, 8, 7, 6, 0, 7, 7, 9, 0, 8, 7, 7, 0, 0, 0, 0, 0, 6, 0, 8, 0, 0, 6, 8, 6, 0, 0, 0, 0, 0, : 5, 7, 9, 9, 9, 7, 6, 7, 10, 8, 8, 9, 9, 5, 6, 7, 9, 6, 10, 10, 8, 5, 5, 8, 8, 7, 7, 7, 10, 6, 6, 7, 6, 7, 7, 6, 8, 8, 7, 7, 5, 7, 7, 7, 7, 9, 9, 7, 5, 6, 6, 8, 7, 6, 7, 7, 9, 8, 7, 7, 6, 8, 6, 8, 6, 
275: 7, 0, 0, 0, 0, 0, 5, 11, 7, 0, 6, 0, 9, 7, 8, 0, 0, 6, 6, 7, 7, 0, 5, 8, 0, 0, 0, 7, 8, 8, 0, 6, 11, 0, 5, 8, 0, 0, 8, 7, 7, 0, 0, 0, 0, 0, 9, 0, 0, 7, 0, 0, 7, 0, 0, 0, 0, 0, 0, 0, 0, 0, 7, 0, 0, 0, 9, 6, 0, 0, 0, 0, 0, 7, 0, 8, 7, 7, 0, 5, 0, 6, 0, 0, 5, 0, 9, 0, 0, 0, 0, 0, 0, 7, 0, 8, 6, 7, 0, 7, 0, 0, 7, 0, 8, 6, 10, 8, 10, 0, 6, 8, 0, 8, 0, 0, 8, 0, 0, 7, : 7, 5, 11, 7, 6, 9, 7, 8, 6, 6, 7, 7, 5, 8, 7, 8, 8, 6, 11, 5, 8, 8, 7, 7, 9, 7, 7, 7, 9, 6, 7, 8, 7, 7, 5, 6, 5, 9, 7, 8, 6, 7, 7, 7, 8, 6, 10, 8, 10, 6, 8, 8, 8, 7, 
48: 9, 6, 6, 7, 8, 0, 11, 0, 7, 0, 7, 7, 8, 6, 8, 0, 0, 0, 0, 0, 0, 0, 0, 0, 0, 6, 9, 9, 0, 5, 0, 0, 6, 8, 10, 0, 0, 0, 6, 6, 6, 6, 8, 0, 0, 8, 0, 6, 0, 0, 8, 5, 6, 8, 0, 0, 8, 9, 0, 7, 0, 0, 8, 8, 0, 7, 0, 5, 0, 8, 5, 0, 9, 6, 0, 0, 0, 7, 0, 7, 7, 0, 10, 0, 5, 0, 6, 8, 0, 0, 7, 0, 0, 9, 0, 0, 0, 5, 8, 6, 9, 0, 0, 9, 0, 0, 0, 0, 8, 0, 7, 0, 8, 7, 6, 0, 0, 7, 0, 0, : 9, 6, 6, 7, 8, 11, 7, 7, 7, 8, 6, 8, 6, 9, 9, 5, 6, 8, 10, 6, 6, 6, 6, 8, 8, 6, 8, 5, 6, 8, 8, 9, 7, 8, 8, 7, 5, 8, 5, 9, 6, 7, 7, 7, 10, 5, 6, 8, 7, 9, 5, 8, 6, 9, 9, 8, 7, 8, 7, 6, 7, 
332: 0, 0, 7, 0, 0, 6, 0, 9, 8, 9, 8, 9, 0, 8, 0, 4, 0, 0, 0, 8, 0, 9, 8, 0, 0, 0, 10, 6, 0, 8, 8, 7, 0, 0, 7, 7, 9, 0, 0, 9, 9, 9, 9, 6, 6, 0, 9, 5, 6, 0, 7, 8, 9, 9, 6, 8, 8, 9, 0, 7, 0, 0, 0, 7, 0, 0, 0, 0, 9, 8, 8, 0, 0, 0, 9, 0, 7, 8, 6, 8, 7, 7, 0, 8, 0, 8, 8, 6, 6, 11, 8, 0, 8, 0, 0, 7, 0, 0, 0, 5, 10, 8, 7, 6, 0, 9, 8, 8, 8, 0, 0, 0, 0, 6, 7, 8, 7, 0, 7, 0, : 7, 6, 9, 8, 9, 8, 9, 8, 4, 8, 9, 8, 10, 6, 8, 8, 7, 7, 7, 9, 9, 9, 9, 9, 6, 6, 9, 5, 6, 7, 8, 9, 9, 6, 8, 8, 9, 7, 7, 9, 8, 8, 9, 7, 8, 6, 8, 7, 7, 8, 8, 8, 6, 6, 11, 8, 8, 7, 5, 10, 8, 7, 6, 9, 8, 8, 8, 6, 7, 8, 7, 7, 
346: 0, 7, 7, 7, 5, 0, 8, 7, 7, 0, 8, 0, 8, 9, 7, 0, 9, 0, 9, 7, 0, 0, 0, 10, 10, 7, 0, 7, 0, 0, 7, 7, 0, 0, 6, 0, 6, 7, 9, 0, 0, 8, 6, 0, 0, 7, 5, 6, 0, 0, 0, 0, 0, 8, 0, 6, 0, 5, 0, 7, 8, 6, 0, 0, 7, 5, 7, 4, 7, 0, 0, 0, 7, 6, 5, 0, 0, 8, 0, 7, 9, 0, 10, 9, 8, 0, 0, 7, 0, 6, 0, 0, 5, 9, 7, 0, 0, 0, 0, 0, 7, 0, 5, 0, 6, 8, 9, 7, 9, 6, 4, 5, 0, 6, 0, 0, 0, 9, 0, 0, : 7, 7, 7, 5, 8, 7, 7, 8, 8, 9, 7, 9, 9, 7, 10, 10, 7, 7, 7, 7, 6, 6, 7, 9, 8, 6, 7, 5, 6, 8, 6, 5, 7, 8, 6, 7, 5, 7, 4, 7, 7, 6, 5, 8, 7, 9, 10, 9, 8, 7, 6, 5, 9, 7, 7, 5, 6, 8, 9, 7, 9, 6, 4, 5, 6, 9, 
229: 7, 8, 9, 7, 8, 0, 0, 0, 6, 0, 0, 9, 7, 0, 5, 0, 0, 0, 6, 6, 0, 0, 7, 0, 0, 8, 0, 8, 0, 9, 0, 0, 7, 7, 0, 8, 0, 8, 0, 0, 6, 11, 0, 0, 0, 6, 0, 8, 8, 0, 0, 0, 0, 0, 0, 9, 6, 9, 0, 7, 8, 9, 0, 0, 0, 0, 0, 7, 9, 0, 6, 8, 9, 0, 0, 7, 9, 4, 9, 0, 0, 7, 8, 8, 0, 8, 9, 0, 0, 8, 0, 6, 0, 5, 10, 7, 7, 0, 0, 6, 0, 8, 0, 9, 5, 8, 7, 0, 5, 10, 9, 0, 7, 7, 0, 8, 8, 8, 0, 0, : 7, 8, 9, 7, 8, 6, 9, 7, 5, 6, 6, 7, 8, 8, 9, 7, 7, 8, 8, 6, 11, 6, 8, 8, 9, 6, 9, 7, 8, 9, 7, 9, 6, 8, 9, 7, 9, 4, 9, 7, 8, 8, 8, 9, 8, 6, 5, 10, 7, 7, 6, 8, 9, 5, 8, 7, 5, 10, 9, 7, 7, 8, 8, 8, 
516: 0, 9, 6, 7, 7, 0, 6, 7, 0, 0, 0, 8, 0, 0, 0, 7, 0, 0, 7, 0, 8, 0, 0, 8, 0, 7, 0, 0, 8, 0, 7, 0, 0, 9, 7, 7, 7, 0, 7, 8, 9, 9, 9, 0, 5, 9, 0, 7, 8, 8, 7, 0, 0, 0, 0, 10, 6, 5, 0, 9, 0, 8, 0, 6, 6, 5, 7, 10, 0, 6, 0, 7, 7, 0, 0, 0, 7, 0, 0, 9, 0, 0, 5, 8, 0, 9, 7, 7, 0, 7, 0, 0, 0, 0, 9, 8, 0, 0, 10, 0, 5, 0, 0, 6, 0, 7, 0, 0, 0, 0, 7, 8, 9, 0, 0, 0, 0, 0, 0, 7, : 9, 6, 7, 7, 6, 7, 8, 7, 7, 8, 8, 7, 8, 7, 9, 7, 7, 7, 7, 8, 9, 9, 9, 5, 9, 7, 8, 8, 7, 10, 6, 5, 9, 8, 6, 6, 5, 7, 10, 6, 7, 7, 7, 9, 5, 8, 9, 7, 7, 7, 9, 8, 10, 5, 6, 7, 7, 8, 9, 7, 
378: 0, 10, 0, 8, 0, 0, 7, 6, 0, 7, 0, 6, 0, 0, 0, 0, 0, 0, 6, 7, 0, 0, 6, 6, 8, 8, 8, 7, 0, 9, 0, 8, 0, 0, 6, 7, 9, 0, 0, 0, 7, 7, 0, 9, 0, 0, 0, 8, 7, 0, 8, 0, 8, 6, 8, 0, 0, 7, 0, 0, 0, 0, 0, 0, 0, 0, 0, 0, 9, 0, 0, 0, 8, 0, 9, 0, 7, 8, 0, 9, 0, 7, 6, 9, 0, 9, 7, 4, 6, 0, 8, 0, 10, 8, 0, 0, 5, 7, 9, 0, 0, 6, 0, 7, 0, 7, 0, 0, 0, 9, 0, 6, 0, 7, 0, 7, 0, 7, 8, 7, : 10, 8, 7, 6, 7, 6, 6, 7, 6, 6, 8, 8, 8, 7, 9, 8, 6, 7, 9, 7, 7, 9, 8, 7, 8, 8, 6, 8, 7, 9, 8, 9, 7, 8, 9, 7, 6, 9, 9, 7, 4, 6, 8, 10, 8, 5, 7, 9, 6, 7, 7, 9, 6, 7, 7, 7, 8, 7, 
261: 0, 0, 10, 8, 9, 0, 7, 9, 0, 8, 0, 5, 0, 0, 0, 6, 5, 0, 8, 5, 5, 8, 0, 8, 0, 5, 7, 0, 0, 0, 9, 0, 0, 0, 8, 9, 0, 7, 8, 0, 0, 9, 0, 0, 0, 0, 9, 7, 10, 7, 0, 7, 0, 8, 0, 7, 0, 0, 8, 0, 0, 6, 7, 0, 0, 0, 8, 0, 9, 7, 7, 0, 0, 7, 8, 0, 0, 10, 0, 8, 9, 0, 7, 7, 8, 0, 0, 0, 7, 7, 6, 8, 6, 7, 7, 0, 0, 0, 6, 9, 7, 0, 8, 0, 0, 6, 8, 0, 8, 6, 8, 0, 7, 6, 9, 0, 8, 8, 0, 0, : 10, 8, 9, 7, 9, 8, 5, 6, 5, 8, 5, 5, 8, 8, 5, 7, 9, 8, 9, 7, 8, 9, 9, 7, 10, 7, 7, 8, 7, 8, 6, 7, 8, 9, 7, 7, 7, 8, 10, 8, 9, 7, 7, 8, 7, 7, 6, 8, 6, 7, 7, 6, 9, 7, 8, 6, 8, 8, 6, 8, 7, 6, 9, 8, 8, 
288: 7, 8, 0, 0, 0, 11, 7, 0, 0, 8, 0, 0, 0, 6, 6, 0, 0, 0, 0, 6, 6, 0, 0, 7, 6, 0, 7, 0, 0, 9, 0, 8, 6, 0, 9, 0, 6, 0, 9, 0, 0, 0, 0, 7, 0, 0, 0, 0, 7, 0, 9, 6, 6, 0, 0, 6, 0, 6, 6, 9, 7, 8, 6, 9, 9, 8, 9, 9, 8, 5, 0, 0, 0, 7, 0, 0, 8, 0, 0, 8, 5, 8, 6, 0, 8, 6, 7, 0, 0, 8, 8, 4, 6, 0, 0, 9, 0, 0, 0, 6, 7, 0, 7, 8, 7, 0, 7, 9, 0, 7, 0, 0, 9, 0, 6, 0, 0, 7, 7, 0, : 7, 8, 11, 7, 8, 6, 6, 6, 6, 7, 6, 7, 9, 8, 6, 9, 6, 9, 7, 7, 9, 6, 6, 6, 6, 6, 9, 7, 8, 6, 9, 9, 8, 9, 9, 8, 5, 7, 8, 8, 5, 8, 6, 8, 6, 7, 8, 8, 4, 6, 9, 6, 7, 7, 8, 7, 7, 9, 7, 9, 6, 7, 7, 
61: 7, 7, 0, 8, 10, 8, 0, 0, 0, 0, 8, 0, 6, 0, 0, 0, 0, 0, 9, 0, 0, 0, 8, 10, 6, 0, 5, 9, 0, 0, 0, 0, 0, 9, 0, 0, 0, 8, 6, 6, 10, 6, 11, 0, 0, 0, 5, 0, 0, 7, 0, 8, 8, 6, 7, 0, 0, 7, 8, 8, 0, 0, 5, 0, 8, 0, 6, 0, 0, 10, 7, 0, 6, 7, 4, 0, 6, 7, 9, 7, 0, 0, 10, 10, 7, 8, 9, 0, 0, 0, 0, 0, 0, 8, 0, 0, 7, 0, 6, 10, 0, 0, 7, 0, 7, 8, 0, 7, 6, 5, 8, 7, 6, 8, 0, 8, 9, 8, 10, 0, : 7, 7, 8, 10, 8, 8, 6, 9, 8, 10, 6, 5, 9, 9, 8, 6, 6, 10, 6, 11, 5, 7, 8, 8, 6, 7, 7, 8, 8, 5, 8, 6, 10, 7, 6, 7, 4, 6, 7, 9, 7, 10, 10, 7, 8, 9, 8, 7, 6, 10, 7, 7, 8, 7, 6, 5, 8, 7, 6, 8, 8, 9, 8, 10, 
302: 0, 6, 0, 0, 7, 8, 8, 0, 5, 7, 9, 8, 0, 7, 0, 0, 8, 0, 0, 0, 0, 0, 0, 0, 0, 0, 8, 0, 0, 7, 0, 8, 7, 7, 0, 10, 7, 0, 7, 0, 0, 5, 9, 0, 6, 6, 7, 9, 0, 0, 0, 0, 8, 10, 0, 7, 0, 0, 0, 0, 0, 0, 0, 8, 0, 6, 0, 7, 0, 0, 7, 0, 0, 8, 7, 9, 6, 5, 0, 0, 0, 0, 9, 7, 8, 0, 9, 6, 0, 0, 0, 0, 10, 9, 0, 5, 0, 11, 8, 0, 11, 0, 6, 0, 8, 10, 6, 0, 5, 7, 11, 0, 0, 0, 8, 0, 0, 7, 0, 0, : 6, 7, 8, 8, 5, 7, 9, 8, 7, 8, 8, 7, 8, 7, 7, 10, 7, 7, 5, 9, 6, 6, 7, 9, 8, 10, 7, 8, 6, 7, 7, 8, 7, 9, 6, 5, 9, 7, 8, 9, 6, 10, 9, 5, 11, 8, 11, 6, 8, 10, 6, 5, 7, 11, 8, 7, 
213: 8, 7, 7, 9, 7, 6, 6, 0, 0, 7, 0, 0, 6, 5, 8, 0, 7, 0, 0, 0, 0, 7, 6, 6, 6, 7, 0, 0, 6, 0, 0, 8, 0, 0, 0, 0, 6, 7, 0, 0, 7, 0, 6, 0, 8, 5, 0, 0, 9, 8, 8, 6, 0, 0, 9, 0, 0, 0, 0, 0, 6, 0, 9, 0, 0, 0, 9, 0, 5, 0, 0, 0, 0, 0, 6, 0, 7, 0, 6, 0, 8, 0, 0, 0, 6, 0, 0, 0, 6, 0, 0, 9, 0, 8, 0, 0, 0, 6, 8, 0, 6, 6, 7, 0, 8, 0, 8, 7, 0, 0, 8, 0, 6, 0, 8, 9, 0, 6, 7, 0, : 8, 7, 7, 9, 7, 6, 6, 7, 6, 5, 8, 7, 7, 6, 6, 6, 7, 6, 8, 6, 7, 7, 6, 8, 5, 9, 8, 8, 6, 9, 6, 9, 9, 5, 6, 7, 6, 8, 6, 6, 9, 8, 6, 8, 6, 6, 7, 8, 8, 7, 8, 6, 8, 9, 6, 7, 
585: 0, 6, 6, 7, 7, 0, 0, 0, 0, 0, 0, 0, 8, 0, 7, 6, 6, 0, 0, 0, 0, 0, 7, 0, 0, 8, 7, 0, 9, 7, 0, 0, 6, 7, 8, 0, 7, 0, 0, 6, 0, 6, 9, 6, 0, 6, 9, 7, 0, 7, 8, 0, 7, 0, 0, 0, 0, 0, 8, 7, 7, 7, 0, 7, 11, 0, 0, 0, 0, 6, 0, 7, 7, 0, 0, 0, 9, 5, 0, 0, 0, 4, 0, 7, 9, 5, 0, 8, 0, 0, 8, 0, 0, 0, 9, 8, 0, 7, 0, 0, 8, 9, 6, 4, 7, 4, 8, 0, 8, 5, 0, 0, 0, 0, 7, 0, 7, 7, 0, 0, : 6, 6, 7, 7, 8, 7, 6, 6, 7, 8, 7, 9, 7, 6, 7, 8, 7, 6, 6, 9, 6, 6, 9, 7, 7, 8, 7, 8, 7, 7, 7, 7, 11, 6, 7, 7, 9, 5, 4, 7, 9, 5, 8, 8, 9, 8, 7, 8, 9, 6, 4, 7, 4, 8, 8, 5, 7, 7, 7, 
160: 0, 0, 0, 0, 6, 0, 7, 7, 0, 7, 0, 10, 0, 0, 0, 9, 0, 7, 6, 0, 8, 10, 0, 0, 0, 6, 0, 0, 0, 7, 6, 6, 8, 0, 0, 9, 7, 8, 6, 0, 0, 0, 0, 7, 5, 0, 0, 0, 0, 7, 6, 0, 0, 6, 0, 8, 5, 0, 8, 0, 7, 8, 0, 0, 0, 7, 0, 5, 7, 10, 9, 0, 0, 5, 9, 0, 9, 9, 8, 0, 0, 0, 0, 8, 9, 7, 7, 8, 7, 10, 10, 0, 0, 0, 8, 0, 8, 6, 8, 8, 9, 0, 9, 7, 0, 0, 0, 0, 0, 0, 0, 7, 7, 6, 0, 0, 0, 0, 0, 0, : 6, 7, 7, 7, 10, 9, 7, 6, 8, 10, 6, 7, 6, 6, 8, 9, 7, 8, 6, 7, 5, 7, 6, 6, 8, 5, 8, 7, 8, 7, 5, 7, 10, 9, 5, 9, 9, 9, 8, 8, 9, 7, 7, 8, 7, 10, 10, 8, 8, 6, 8, 8, 9, 9, 7, 7, 7, 6, 
92: 9, 0, 8, 0, 8, 9, 0, 7, 0, 5, 0, 8, 5, 0, 0, 8, 0, 0, 6, 0, 0, 7, 6, 5, 8, 0, 0, 8, 7, 8, 7, 9, 0, 7, 0, 0, 8, 0, 8, 11, 0, 8, 5, 0, 8, 9, 0, 9, 0, 0, 0, 8, 0, 0, 0, 0, 0, 0, 0, 0, 9, 6, 0, 9, 0, 10, 8, 0, 7, 0, 0, 0, 0, 0, 0, 7, 7, 0, 0, 7, 0, 0, 0, 4, 0, 6, 6, 0, 7, 0, 0, 7, 0, 0, 8, 0, 0, 0, 8, 5, 0, 0, 0, 6, 0, 8, 9, 9, 8, 0, 0, 0, 6, 0, 9, 8, 9, 7, 8, 5, : 9, 8, 8, 9, 7, 5, 8, 5, 8, 6, 7, 6, 5, 8, 8, 7, 8, 7, 9, 7, 8, 8, 11, 8, 5, 8, 9, 9, 8, 9, 6, 9, 10, 8, 7, 7, 7, 7, 4, 6, 6, 7, 7, 8, 8, 5, 6, 8, 9, 9, 8, 6, 9, 8, 9, 7, 8, 5, 
221: 0, 5, 0, 0, 7, 0, 0, 9, 5, 0, 6, 6, 0, 7, 8, 6, 0, 8, 0, 7, 0, 8, 0, 5, 6, 0, 0, 0, 0, 0, 8, 7, 0, 6, 8, 8, 0, 0, 6, 0, 0, 0, 6, 9, 9, 8, 0, 6, 0, 0, 0, 0, 6, 0, 0, 8, 6, 8, 8, 7, 7, 0, 0, 8, 10, 6, 8, 7, 10, 0, 6, 8, 0, 0, 6, 8, 0, 0, 8, 7, 0, 0, 8, 6, 7, 7, 6, 7, 0, 0, 9, 7, 8, 9, 0, 0, 0, 0, 7, 9, 6, 5, 10, 8, 0, 6, 0, 8, 5, 0, 0, 0, 8, 0, 0, 0, 8, 10, 9, 0, : 5, 7, 9, 5, 6, 6, 7, 8, 6, 8, 7, 8, 5, 6, 8, 7, 6, 8, 8, 6, 6, 9, 9, 8, 6, 6, 8, 6, 8, 8, 7, 7, 8, 10, 6, 8, 7, 10, 6, 8, 6, 8, 8, 7, 8, 6, 7, 7, 6, 7, 9, 7, 8, 9, 7, 9, 6, 5, 10, 8, 6, 8, 5, 8, 8, 10, 9, 
555: 0, 6, 0, 0, 7, 0, 0, 7, 0, 0, 8, 6, 0, 6, 0, 0, 0, 0, 0, 6, 10, 8, 7, 6, 0, 0, 7, 8, 7, 7, 0, 8, 0, 0, 0, 6, 6, 7, 6, 0, 0, 11, 5, 10, 7, 0, 0, 7, 0, 0, 0, 6, 0, 7, 7, 0, 8, 8, 0, 0, 6, 9, 7, 6, 0, 0, 0, 10, 6, 8, 8, 7, 9, 0, 0, 0, 7, 0, 7, 0, 8, 8, 0, 0, 0, 0, 0, 0, 9, 7, 6, 0, 6, 0, 7, 0, 0, 0, 0, 0, 0, 11, 7, 0, 0, 7, 9, 0, 0, 0, 0, 0, 8, 0, 9, 7, 6, 6, 0, 0, : 6, 7, 7, 8, 6, 6, 6, 10, 8, 7, 6, 7, 8, 7, 7, 8, 6, 6, 7, 6, 11, 5, 10, 7, 7, 6, 7, 7, 8, 8, 6, 9, 7, 6, 10, 6, 8, 8, 7, 9, 7, 7, 8, 8, 9, 7, 6, 6, 7, 11, 7, 7, 9, 8, 9, 7, 6, 6, 
472: 7, 7, 0, 7, 0, 0, 0, 6, 6, 7, 8, 7, 9, 0, 0, 0, 6, 7, 9, 8, 0, 0, 6, 0, 6, 5, 0, 0, 9, 8, 0, 0, 0, 6, 7, 0, 0, 11, 0, 6, 0, 0, 10, 0, 8, 0, 8, 0, 9, 9, 0, 0, 5, 0, 7, 7, 0, 0, 0, 6, 7, 0, 0, 0, 4, 0, 5, 9, 7, 0, 0, 0, 0, 11, 0, 7, 0, 8, 9, 0, 7, 0, 0, 8, 5, 8, 0, 7, 0, 9, 6, 0, 0, 8, 9, 0, 7, 9, 0, 0, 7, 7, 7, 7, 7, 5, 9, 8, 0, 9, 0, 7, 5, 7, 8, 7, 0, 9, 0, 7, : 7, 7, 7, 6, 6, 7, 8, 7, 9, 6, 7, 9, 8, 6, 6, 5, 9, 8, 6, 7, 11, 6, 10, 8, 8, 9, 9, 5, 7, 7, 6, 7, 4, 5, 9, 7, 11, 7, 8, 9, 7, 8, 5, 8, 7, 9, 6, 8, 9, 7, 9, 7, 7, 7, 7, 7, 5, 9, 8, 9, 7, 5, 7, 8, 7, 9, 7, 
70: 9, 5, 0, 0, 0, 0, 8, 0, 0, 8, 9, 0, 7, 0, 0, 8, 6, 8, 0, 0, 0, 5, 7, 0, 8, 0, 0, 0, 0, 6, 9, 0, 8, 7, 0, 0, 0, 8, 0, 7, 0, 0, 8, 8, 9, 0, 0, 8, 0, 0, 7, 0, 0, 0, 0, 0, 9, 0, 7, 0, 0, 0, 0, 8, 6, 7, 0, 8, 0, 8, 0, 0, 0, 0, 0, 9, 0, 0, 6, 8, 0, 0, 0, 0, 8, 0, 0, 0, 7, 6, 8, 0, 0, 0, 8, 0, 0, 9, 0, 8, 5, 7, 8, 7, 0, 5, 7, 0, 6, 7, 0, 7, 0, 0, 0, 7, 8, 8, 0, 0, : 9, 5, 8, 8, 9, 7, 8, 6, 8, 5, 7, 8, 6, 9, 8, 7, 8, 7, 8, 8, 9, 8, 7, 9, 7, 8, 6, 7, 8, 8, 9, 6, 8, 8, 7, 6, 8, 8, 9, 8, 5, 7, 8, 7, 5, 7, 6, 7, 7, 7, 8, 8, 
191: 0, 7, 0, 7, 8, 0, 0, 8, 9, 0, 8, 0, 0, 5, 6, 10, 0, 0, 7, 8, 0, 0, 0, 0, 0, 9, 6, 0, 6, 0, 8, 6, 0, 0, 0, 9, 0, 6, 7, 0, 0, 7, 0, 0, 7, 7, 0, 8, 0, 8, 6, 0, 9, 7, 6, 9, 0, 6, 7, 0, 0, 9, 5, 9, 7, 9, 0, 5, 0, 7, 0, 6, 6, 7, 9, 0, 0, 0, 0, 9, 0, 8, 0, 5, 0, 0, 0, 0, 8, 9, 0, 7, 7, 0, 0, 9, 9, 8, 8, 0, 0, 7, 0, 6, 0, 0, 0, 0, 0, 0, 7, 8, 0, 0, 5, 0, 0, 0, 0, 8, : 7, 7, 8, 8, 9, 8, 5, 6, 10, 7, 8, 9, 6, 6, 8, 6, 9, 6, 7, 7, 7, 7, 8, 8, 6, 9, 7, 6, 9, 6, 7, 9, 5, 9, 7, 9, 5, 7, 6, 6, 7, 9, 9, 8, 5, 8, 9, 7, 7, 9, 9, 8, 8, 7, 6, 7, 8, 5, 8, 
557: 8, 0, 7, 9, 0, 8, 10, 9, 0, 8, 6, 8, 8, 0, 9, 7, 0, 6, 7, 7, 0, 0, 0, 0, 0, 6, 7, 9, 0, 8, 8, 9, 0, 0, 0, 7, 0, 0, 6, 9, 0, 0, 0, 5, 6, 0, 0, 0, 0, 8, 7, 7, 7, 7, 0, 0, 0, 8, 0, 6, 7, 0, 0, 0, 0, 0, 0, 6, 7, 0, 0, 0, 8, 0, 0, 0, 7, 0, 0, 0, 7, 6, 6, 10, 8, 0, 5, 0, 0, 6, 6, 0, 0, 0, 0, 7, 7, 0, 0, 7, 6, 6, 9, 0, 0, 0, 0, 7, 6, 9, 0, 0, 0, 6, 0, 0, 0, 0, 7, 7, : 8, 7, 9, 8, 10, 9, 8, 6, 8, 8, 9, 7, 6, 7, 7, 6, 7, 9, 8, 8, 9, 7, 6, 9, 5, 6, 8, 7, 7, 7, 7, 8, 6, 7, 6, 7, 8, 7, 7, 6, 6, 10, 8, 5, 6, 6, 7, 7, 7, 6, 6, 9, 7, 6, 9, 6, 7, 7, 
181: 8, 0, 6, 0, 0, 0, 0, 9, 0, 6, 0, 5, 6, 8, 0, 7, 7, 5, 0, 8, 9, 9, 10, 0, 0, 0, 7, 8, 0, 7, 0, 0, 8, 9, 0, 0, 8, 6, 0, 0, 0, 0, 0, 7, 5, 9, 7, 0, 6, 0, 0, 0, 8, 0, 0, 0, 0, 0, 0, 0, 8, 0, 9, 0, 8, 9, 5, 7, 0, 0, 7, 0, 0, 0, 0, 6, 9, 0, 0, 0, 7, 9, 8, 0, 0, 0, 0, 8, 7, 9, 7, 5, 5, 7, 5, 6, 0, 0, 0, 0, 0, 0, 8, 6, 0, 8, 7, 0, 7, 7, 8, 8, 6, 9, 6, 6, 0, 0, 0, 0, : 8, 6, 9, 6, 5, 6, 8, 7, 7, 5, 8, 9, 9, 10, 7, 8, 7, 8, 9, 8, 6, 7, 5, 9, 7, 6, 8, 8, 9, 8, 9, 5, 7, 7, 6, 9, 7, 9, 8, 8, 7, 9, 7, 5, 5, 7, 5, 6, 8, 6, 8, 7, 7, 7, 8, 8, 6, 9, 6, 6, 
554: 0, 0, 0, 0, 0, 7, 0, 0, 8, 7, 0, 0, 8, 0, 7, 7, 7, 0, 0, 0, 7, 0, 0, 0, 0, 0, 0, 0, 10, 7, 7, 0, 0, 6, 0, 6, 8, 0, 6, 0, 0, 6, 9, 7, 0, 0, 6, 0, 7, 0, 0, 0, 0, 5, 6, 0, 0, 0, 0, 8, 8, 0, 0, 7, 0, 0, 0, 0, 0, 0, 7, 0, 6, 9, 0, 10, 7, 6, 0, 9, 5, 9, 5, 6, 0, 0, 0, 9, 8, 0, 0, 9, 8, 0, 0, 0, 7, 0, 6, 8, 0, 0, 6, 8, 0, 0, 8, 7, 8, 0, 6, 0, 7, 9, 8, 5, 8, 6, 7, 8, : 7, 8, 7, 8, 7, 7, 7, 7, 10, 7, 7, 6, 6, 8, 6, 6, 9, 7, 6, 7, 5, 6, 8, 8, 7, 7, 6, 9, 10, 7, 6, 9, 5, 9, 5, 6, 9, 8, 9, 8, 7, 6, 8, 6, 8, 8, 7, 8, 6, 7, 9, 8, 5, 8, 6, 7, 8, 
34: 0, 0, 0, 9, 0, 6, 6, 8, 0, 8, 7, 6, 0, 8, 8, 5, 9, 0, 8, 7, 9, 9, 10, 0, 7, 0, 7, 0, 0, 7, 8, 6, 0, 0, 0, 7, 0, 0, 0, 0, 0, 0, 7, 0, 0, 6, 0, 0, 0, 0, 7, 7, 9, 0, 7, 9, 0, 6, 10, 0, 0, 8, 8, 7, 0, 8, 0, 0, 0, 6, 0, 0, 0, 5, 6, 6, 8, 0, 7, 0, 9, 7, 0, 0, 0, 9, 0, 0, 8, 0, 8, 0, 10, 7, 7, 0, 10, 6, 0, 0, 7, 8, 8, 8, 6, 0, 5, 0, 0, 0, 0, 6, 7, 0, 7, 10, 9, 0, 9, 0, : 9, 6, 6, 8, 8, 7, 6, 8, 8, 5, 9, 8, 7, 9, 9, 10, 7, 7, 7, 8, 6, 7, 7, 6, 7, 7, 9, 7, 9, 6, 10, 8, 8, 7, 8, 6, 5, 6, 6, 8, 7, 9, 7, 9, 8, 8, 10, 7, 7, 10, 6, 7, 8, 8, 8, 6, 5, 6, 7, 7, 10, 9, 9, 
549: 7, 7, 0, 8, 0, 6, 0, 6, 0, 0, 6, 7, 9, 9, 0, 0, 0, 0, 0, 10, 8, 0, 0, 0, 0, 0, 9, 0, 0, 0, 6, 7, 0, 7, 7, 8, 0, 10, 10, 8, 0, 0, 8, 0, 0, 0, 0, 0, 0, 9, 0, 0, 0, 0, 9, 7, 6, 0, 0, 0, 0, 7, 9, 8, 9, 0, 0, 7, 8, 0, 9, 6, 6, 0, 7, 0, 0, 7, 0, 0, 7, 0, 9, 7, 0, 0, 8, 9, 0, 0, 0, 0, 10, 0, 0, 0, 0, 8, 8, 6, 0, 7, 0, 0, 7, 0, 5, 0, 7, 0, 7, 0, 7, 6, 7, 9, 0, 8, 7, 0, : 7, 7, 8, 6, 6, 6, 7, 9, 9, 10, 8, 9, 6, 7, 7, 7, 8, 10, 10, 8, 8, 9, 9, 7, 6, 7, 9, 8, 9, 7, 8, 9, 6, 6, 7, 7, 7, 9, 7, 8, 9, 10, 8, 8, 6, 7, 7, 5, 7, 7, 7, 6, 7, 9, 8, 7, 
1: 0, 0, 0, 7, 6, 0, 8, 0, 7, 0, 9, 0, 9, 0, 7, 6, 0, 9, 0, 0, 0, 7, 9, 0, 8, 8, 6, 7, 7, 7, 10, 8, 6, 0, 9, 6, 8, 6, 0, 7, 0, 5, 0, 7, 6, 0, 0, 7, 7, 0, 0, 6, 8, 0, 0, 6, 0, 7, 7, 8, 0, 0, 0, 9, 9, 7, 7, 9, 5, 0, 0, 9, 7, 6, 6, 0, 0, 5, 9, 7, 5, 0, 0, 0, 0, 0, 0, 0, 0, 0, 9, 0, 8, 9, 0, 7, 0, 0, 8, 8, 0, 0, 7, 0, 0, 0, 7, 6, 0, 6, 8, 7, 0, 0, 8, 0, 0, 6, 0, 6, : 7, 6, 8, 7, 9, 9, 7, 6, 9, 7, 9, 8, 8, 6, 7, 7, 7, 10, 8, 6, 9, 6, 8, 6, 7, 5, 7, 6, 7, 7, 6, 8, 6, 7, 7, 8, 9, 9, 7, 7, 9, 5, 9, 7, 6, 6, 5, 9, 7, 5, 9, 8, 9, 7, 8, 8, 7, 7, 6, 6, 8, 7, 8, 6, 6, 
64: 0, 6, 0, 8, 6, 10, 0, 6, 0, 0, 0, 0, 0, 4, 0, 0, 0, 7, 0, 0, 8, 0, 0, 8, 6, 6, 0, 0, 0, 8, 8, 0, 0, 8, 8, 0, 0, 0, 7, 0, 8, 0, 7, 0, 0, 0, 0, 0, 6, 0, 7, 0, 8, 0, 8, 0, 7, 6, 0, 6, 0, 0, 0, 0, 0, 0, 8, 0, 6, 0, 0, 0, 0, 9, 0, 5, 8, 10, 7, 0, 0, 5, 0, 0, 0, 5, 0, 0, 9, 0, 5, 8, 5, 6, 9, 8, 9, 8, 8, 10, 7, 7, 0, 8, 6, 8, 7, 5, 0, 7, 6, 0, 0, 9, 0, 0, 6, 8, 0, 9, : 6, 8, 6, 10, 6, 4, 7, 8, 8, 6, 6, 8, 8, 8, 8, 7, 8, 7, 6, 7, 8, 8, 7, 6, 6, 8, 6, 9, 5, 8, 10, 7, 5, 5, 9, 5, 8, 5, 6, 9, 8, 9, 8, 8, 10, 7, 7, 8, 6, 8, 7, 5, 7, 6, 9, 6, 8, 9, 
543: 7, 0, 9, 0, 8, 7, 7, 0, 0, 0, 5, 7, 0, 0, 6, 6, 0, 0, 0, 0, 5, 0, 8, 0, 8, 0, 0, 6, 7, 0, 7, 6, 0, 0, 8, 8, 11, 7, 7, 0, 0, 0, 0, 7, 10, 4, 0, 0, 6, 8, 8, 0, 0, 7, 0, 6, 8, 0, 6, 6, 0, 0, 8, 0, 0, 5, 8, 0, 0, 0, 7, 0, 0, 8, 8, 7, 0, 8, 9, 8, 0, 6, 0, 0, 4, 7, 0, 8, 0, 0, 7, 0, 0, 0, 0, 8, 6, 0, 7, 8, 10, 5, 7, 0, 0, 0, 6, 10, 0, 0, 0, 0, 6, 8, 0, 7, 9, 0, 7, 6, : 7, 9, 8, 7, 7, 5, 7, 6, 6, 5, 8, 8, 6, 7, 7, 6, 8, 8, 11, 7, 7, 7, 10, 4, 6, 8, 8, 7, 6, 8, 6, 6, 8, 5, 8, 7, 8, 8, 7, 8, 9, 8, 6, 4, 7, 8, 7, 8, 6, 7, 8, 10, 5, 7, 6, 10, 6, 8, 7, 9, 7, 6, 
156: 0, 7, 0, 10, 6, 7, 8, 0, 7, 0, 8, 0, 0, 0, 6, 9, 0, 7, 4, 0, 0, 0, 6, 0, 0, 7, 9, 5, 9, 0, 0, 7, 6, 6, 0, 0, 5, 6, 0, 0, 6, 0, 9, 0, 0, 0, 10, 0, 7, 0, 0, 0, 8, 7, 0, 0, 8, 9, 7, 10, 0, 0, 0, 0, 0, 0, 9, 8, 7, 0, 8, 0, 0, 0, 0, 5, 0, 8, 7, 0, 0, 0, 0, 5, 6, 6, 0, 0, 5, 0, 0, 8, 0, 0, 7, 7, 8, 6, 0, 6, 0, 4, 10, 8, 0, 8, 0, 8, 7, 10, 8, 6, 7, 9, 9, 0, 0, 0, 0, 10, : 7, 10, 6, 7, 8, 7, 8, 6, 9, 7, 4, 6, 7, 9, 5, 9, 7, 6, 6, 5, 6, 6, 9, 10, 7, 8, 7, 8, 9, 7, 10, 9, 8, 7, 8, 5, 8, 7, 5, 6, 6, 5, 8, 7, 7, 8, 6, 6, 4, 10, 8, 8, 8, 7, 10, 8, 6, 7, 9, 9, 10, 
280: 7, 8, 0, 0, 10, 6, 0, 0, 0, 7, 8, 6, 0, 0, 8, 0, 6, 8, 0, 0, 0, 8, 0, 8, 0, 7, 9, 8, 5, 0, 0, 0, 6, 7, 7, 0, 0, 0, 8, 0, 0, 0, 6, 0, 0, 10, 5, 0, 0, 10, 9, 0, 8, 0, 0, 7, 7, 7, 9, 5, 0, 0, 6, 0, 7, 8, 9, 0, 0, 7, 6, 6, 0, 0, 0, 0, 7, 7, 8, 7, 5, 8, 0, 0, 0, 0, 0, 5, 8, 0, 8, 7, 0, 0, 0, 0, 7, 0, 6, 0, 0, 5, 5, 0, 0, 8, 7, 8, 0, 0, 0, 8, 0, 0, 0, 0, 8, 8, 7, 8, : 7, 8, 10, 6, 7, 8, 6, 8, 6, 8, 8, 8, 7, 9, 8, 5, 6, 7, 7, 8, 6, 10, 5, 10, 9, 8, 7, 7, 7, 9, 5, 6, 7, 8, 9, 7, 6, 6, 7, 7, 8, 7, 5, 8, 5, 8, 8, 7, 7, 6, 5, 5, 8, 7, 8, 8, 8, 8, 7, 8, 
99: 0, 0, 7, 0, 0, 0, 6, 0, 0, 0, 0, 8, 7, 8, 7, 8, 0, 8, 0, 7, 8, 0, 9, 7, 9, 0, 5, 6, 0, 0, 6, 9, 0, 10, 0, 8, 8, 0, 8, 0, 9, 9, 7, 0, 0, 0, 0, 8, 0, 0, 0, 8, 6, 0, 0, 9, 7, 10, 8, 8, 6, 7, 0, 0, 0, 0, 0, 7, 0, 7, 8, 7, 6, 0, 0, 6, 0, 7, 7, 6, 5, 7, 0, 8, 7, 0, 8, 0, 6, 10, 0, 0, 6, 5, 7, 6, 0, 0, 0, 6, 0, 0, 9, 0, 8, 10, 6, 8, 0, 8, 7, 7, 5, 0, 0, 0, 9, 0, 0, 8, : 7, 6, 8, 7, 8, 7, 8, 8, 7, 8, 9, 7, 9, 5, 6, 6, 9, 10, 8, 8, 8, 9, 9, 7, 8, 8, 6, 9, 7, 10, 8, 8, 6, 7, 7, 7, 8, 7, 6, 6, 7, 7, 6, 5, 7, 8, 7, 8, 6, 10, 6, 5, 7, 6, 6, 9, 8, 10, 6, 8, 8, 7, 7, 5, 9, 8, 
535: 0, 0, 0, 0, 0, 8, 0, 6, 6, 5, 8, 8, 6, 8, 7, 8, 9, 9, 0, 9, 9, 0, 0, 0, 0, 8, 9, 0, 7, 6, 0, 8, 9, 6, 0, 7, 9, 0, 0, 0, 0, 7, 0, 0, 9, 0, 8, 0, 6, 0, 0, 0, 10, 7, 7, 7, 9, 0, 8, 0, 0, 10, 8, 4, 0, 0, 8, 0, 6, 8, 0, 10, 6, 6, 0, 0, 0, 6, 0, 0, 0, 0, 6, 9, 0, 5, 0, 9, 7, 0, 8, 7, 6, 8, 8, 0, 9, 7, 0, 0, 6, 8, 7, 5, 7, 0, 0, 7, 0, 8, 6, 7, 0, 7, 8, 0, 7, 11, 9, 8, : 8, 6, 6, 5, 8, 8, 6, 8, 7, 8, 9, 9, 9, 9, 8, 9, 7, 6, 8, 9, 6, 7, 9, 7, 9, 8, 6, 10, 7, 7, 7, 9, 8, 10, 8, 4, 8, 6, 8, 10, 6, 6, 6, 6, 9, 5, 9, 7, 8, 7, 6, 8, 8, 9, 7, 6, 8, 7, 5, 7, 7, 8, 6, 7, 7, 8, 7, 11, 9, 8, 
59: 0, 0, 0, 0, 7, 7, 6, 6, 7, 0, 8, 0, 0, 8, 0, 0, 5, 0, 0, 7, 10, 0, 8, 0, 0, 8, 6, 6, 0, 0, 0, 0, 0, 0, 0, 8, 6, 0, 9, 8, 0, 6, 0, 6, 10, 0, 8, 0, 9, 0, 0, 6, 0, 0, 6, 8, 0, 0, 0, 6, 0, 0, 7, 0, 8, 9, 0, 0, 11, 6, 0, 0, 8, 0, 0, 7, 8, 7, 0, 8, 0, 8, 5, 8, 0, 8, 9, 0, 0, 6, 0, 0, 8, 7, 0, 8, 8, 9, 0, 0, 0, 0, 6, 8, 4, 0, 7, 0, 7, 8, 0, 0, 0, 5, 6, 7, 7, 0, 6, 8, : 7, 7, 6, 6, 7, 8, 8, 5, 7, 10, 8, 8, 6, 6, 8, 6, 9, 8, 6, 6, 10, 8, 9, 6, 6, 8, 6, 7, 8, 9, 11, 6, 8, 7, 8, 7, 8, 8, 5, 8, 8, 9, 6, 8, 7, 8, 8, 9, 6, 8, 4, 7, 7, 8, 5, 6, 7, 7, 6, 8, 
308: 0, 0, 0, 6, 0, 0, 0, 6, 0, 0, 0, 7, 0, 0, 9, 5, 8, 6, 0, 0, 0, 0, 0, 7, 0, 0, 7, 7, 9, 0, 0, 7, 0, 8, 8, 7, 0, 8, 0, 9, 6, 8, 9, 0, 4, 5, 0, 0, 0, 0, 0, 6, 0, 7, 0, 0, 6, 0, 0, 6, 6, 0, 7, 9, 6, 0, 0, 7, 6, 10, 0, 8, 6, 0, 0, 0, 0, 0, 0, 0, 9, 0, 8, 0, 0, 0, 7, 0, 0, 0, 0, 6, 0, 7, 5, 9, 0, 9, 0, 0, 0, 0, 0, 0, 0, 0, 0, 0, 8, 7, 0, 7, 0, 7, 0, 0, 7, 8, 8, 0, : 6, 6, 7, 9, 5, 8, 6, 7, 7, 7, 9, 7, 8, 8, 7, 8, 9, 6, 8, 9, 4, 5, 6, 7, 6, 6, 6, 7, 9, 6, 7, 6, 10, 8, 6, 9, 8, 7, 6, 7, 5, 9, 9, 8, 7, 7, 7, 7, 8, 8, 
380: 9, 0, 7, 7, 7, 0, 0, 0, 0, 0, 9, 7, 7, 0, 9, 0, 0, 8, 7, 0, 6, 0, 0, 8, 7, 7, 0, 7, 7, 10, 8, 0, 0, 8, 7, 0, 6, 9, 0, 0, 0, 6, 0, 4, 7, 0, 8, 5, 0, 0, 10, 9, 0, 0, 0, 0, 7, 7, 7, 10, 9, 0, 7, 0, 7, 0, 4, 0, 0, 7, 6, 6, 9, 0, 7, 9, 8, 8, 0, 0, 0, 0, 8, 0, 0, 8, 8, 7, 9, 0, 5, 0, 0, 0, 8, 0, 10, 9, 7, 0, 0, 0, 0, 6, 0, 7, 0, 0, 0, 9, 0, 7, 0, 8, 7, 0, 7, 0, 0, 8, : 9, 7, 7, 7, 9, 7, 7, 9, 8, 7, 6, 8, 7, 7, 7, 7, 10, 8, 8, 7, 6, 9, 6, 4, 7, 8, 5, 10, 9, 7, 7, 7, 10, 9, 7, 7, 4, 7, 6, 6, 9, 7, 9, 8, 8, 8, 8, 8, 7, 9, 5, 8, 10, 9, 7, 6, 7, 9, 7, 8, 7, 7, 8, 
217: 7, 0, 8, 6, 0, 7, 6, 8, 0, 0, 0, 0, 7, 6, 9, 0, 0, 8, 0, 0, 0, 9, 5, 0, 0, 0, 8, 0, 8, 8, 6, 6, 6, 7, 6, 0, 7, 0, 0, 7, 0, 0, 0, 0, 7, 0, 10, 0, 0, 8, 5, 0, 6, 0, 8, 0, 0, 0, 0, 0, 0, 8, 0, 0, 7, 0, 0, 7, 0, 6, 0, 7, 0, 6, 0, 8, 7, 9, 8, 9, 8, 7, 4, 0, 7, 0, 8, 7, 8, 0, 0, 7, 6, 7, 8, 7, 8, 0, 0, 0, 8, 0, 0, 7, 0, 0, 8, 0, 0, 0, 0, 0, 0, 5, 8, 8, 7, 9, 7, 0, : 7, 8, 6, 7, 6, 8, 7, 6, 9, 8, 9, 5, 8, 8, 8, 6, 6, 6, 7, 6, 7, 7, 7, 10, 8, 5, 6, 8, 8, 7, 7, 6, 7, 6, 8, 7, 9, 8, 9, 8, 7, 4, 7, 8, 7, 8, 7, 6, 7, 8, 7, 8, 8, 7, 8, 5, 8, 8, 7, 9, 7, 
363: 8, 7, 9, 0, 8, 0, 7, 9, 9, 0, 0, 6, 7, 0, 6, 9, 9, 6, 0, 0, 0, 0, 0, 9, 0, 10, 0, 8, 6, 8, 7, 0, 0, 0, 0, 0, 8, 6, 6, 7, 5, 0, 0, 0, 0, 10, 0, 0, 0, 8, 7, 0, 0, 0, 0, 9, 0, 8, 9, 5, 7, 5, 0, 8, 7, 6, 0, 0, 8, 0, 0, 0, 0, 6, 8, 0, 6, 6, 8, 0, 8, 7, 0, 0, 0, 0, 7, 0, 0, 6, 0, 8, 0, 5, 8, 0, 7, 6, 8, 8, 6, 0, 0, 10, 7, 11, 8, 0, 10, 0, 0, 6, 6, 6, 9, 7, 0, 0, 7, 7, : 8, 7, 9, 8, 7, 9, 9, 6, 7, 6, 9, 9, 6, 9, 10, 8, 6, 8, 7, 8, 6, 6, 7, 5, 10, 8, 7, 9, 8, 9, 5, 7, 5, 8, 7, 6, 8, 6, 8, 6, 6, 8, 8, 7, 7, 6, 8, 5, 8, 7, 6, 8, 8, 6, 10, 7, 11, 8, 10, 6, 6, 6, 9, 7, 7, 7, 
322: 0, 7, 8, 6, 9, 7, 7, 8, 7, 0, 8, 0, 0, 0, 0, 8, 0, 7, 0, 6, 8, 7, 9, 7, 7, 0, 0, 7, 7, 0, 6, 0, 7, 8, 0, 8, 7, 0, 6, 0, 0, 0, 9, 9, 0, 8, 0, 0, 0, 0, 10, 7, 0, 7, 0, 0, 6, 0, 0, 0, 0, 0, 0, 10, 0, 9, 5, 0, 0, 6, 0, 0, 0, 0, 0, 6, 7, 0, 8, 7, 0, 6, 0, 0, 0, 6, 0, 9, 0, 8, 0, 7, 0, 8, 8, 8, 0, 7, 0, 9, 0, 0, 6, 0, 0, 0, 0, 0, 0, 8, 8, 0, 0, 8, 5, 5, 7, 8, 0, 7, : 7, 8, 6, 9, 7, 7, 8, 7, 8, 8, 7, 6, 8, 7, 9, 7, 7, 7, 7, 6, 7, 8, 8, 7, 6, 9, 9, 8, 10, 7, 7, 6, 10, 9, 5, 6, 6, 7, 8, 7, 6, 6, 9, 8, 7, 8, 8, 8, 7, 9, 6, 8, 8, 8, 5, 5, 7, 8, 7, 
424: 9, 8, 9, 7, 0, 7, 0, 8, 0, 8, 8, 0, 8, 8, 0, 0, 6, 7, 0, 5, 7, 0, 0, 7, 0, 7, 0, 7, 0, 7, 0, 6, 0, 7, 8, 0, 8, 8, 6, 7, 0, 0, 6, 6, 6, 7, 0, 7, 9, 7, 0, 9, 0, 9, 0, 7, 10, 0, 7, 0, 0, 0, 6, 7, 0, 7, 9, 6, 0, 7, 0, 0, 0, 0, 8, 0, 0, 0, 0, 0, 8, 7, 0, 0, 7, 0, 0, 0, 0, 0, 8, 0, 0, 10, 0, 0, 9, 0, 0, 6, 0, 0, 0, 7, 0, 0, 8, 0, 0, 0, 0, 7, 6, 0, 0, 6, 0, 7, 0, 6, : 9, 8, 9, 7, 7, 8, 8, 8, 8, 8, 6, 7, 5, 7, 7, 7, 7, 7, 6, 7, 8, 8, 8, 6, 7, 6, 6, 6, 7, 7, 9, 7, 9, 9, 7, 10, 7, 6, 7, 7, 9, 6, 7, 8, 8, 7, 7, 8, 10, 9, 6, 7, 8, 7, 6, 6, 7, 6, 


