
80
800
300
10

624: 0, 0, 0, 0, 0, 8, 10, 0, 9, 6, 9, 7, 9, 0, 8, 0, 0, 0, 8, 6, 0, 0, 9, 0, 0, 0, 8, 6, 10, 0, 0, 0, 0, 0, 6, 0, 0, 0, 7, 8, 0, 0, 8, 0, 8, 10, 9, 0, 7, 0, 5, 7, 7, 0, 0, 8, 9, 7, 9, 0, 0, 0, 0, 8, 6, 0, 6, 8, 9, 0, 0, 0, 0, 8, 6, 8, 9, 7, 0, 8, : 8, 10, 9, 6, 9, 7, 9, 8, 8, 6, 9, 8, 6, 10, 6, 7, 8, 8, 8, 10, 9, 7, 5, 7, 7, 8, 9, 7, 9, 8, 6, 6, 8, 9, 8, 6, 8, 9, 7, 8, 
264: 6, 0, 0, 6, 0, 0, 0, 0, 0, 0, 9, 0, 0, 0, 0, 6, 0, 9, 0, 8, 0, 6, 0, 8, 0, 0, 6, 8, 0, 0, 7, 0, 0, 7, 8, 7, 0, 10, 10, 9, 0, 9, 0, 10, 8, 0, 0, 0, 0, 7, 10, 0, 0, 8, 7, 0, 0, 11, 0, 0, 0, 9, 0, 6, 0, 8, 8, 0, 0, 0, 0, 0, 6, 8, 0, 0, 9, 0, 0, 0, : 6, 6, 9, 6, 9, 8, 6, 8, 6, 8, 7, 7, 8, 7, 10, 10, 9, 9, 10, 8, 7, 10, 8, 7, 11, 9, 6, 8, 8, 6, 8, 9, 
211: 9, 0, 8, 0, 0, 0, 11, 0, 0, 6, 6, 8, 0, 9, 7, 0, 6, 0, 9, 8, 10, 0, 6, 10, 6, 7, 10, 7, 7, 7, 0, 5, 0, 0, 0, 8, 0, 0, 0, 0, 0, 0, 8, 9, 0, 0, 5, 7, 0, 0, 6, 6, 6, 10, 10, 0, 0, 6, 0, 0, 0, 8, 7, 0, 0, 0, 0, 9, 7, 8, 0, 8, 9, 0, 7, 0, 0, 9, 0, 0, : 9, 8, 11, 6, 6, 8, 9, 7, 6, 9, 8, 10, 6, 10, 6, 7, 10, 7, 7, 7, 5, 8, 8, 9, 5, 7, 6, 6, 6, 10, 10, 6, 8, 7, 9, 7, 8, 8, 9, 7, 9, 
130: 8, 0, 5, 10, 7, 0, 6, 0, 6, 0, 0, 0, 7, 0, 6, 10, 9, 0, 7, 0, 6, 0, 10, 7, 9, 9, 0, 0, 10, 8, 7, 0, 0, 11, 0, 6, 10, 7, 9, 7, 0, 7, 0, 0, 0, 8, 8, 7, 10, 10, 0, 7, 0, 10, 8, 10, 0, 0, 6, 6, 0, 0, 0, 0, 0, 6, 0, 0, 0, 0, 0, 0, 0, 9, 0, 0, 0, 0, 0, 0, : 8, 5, 10, 7, 6, 6, 7, 6, 10, 9, 7, 6, 10, 7, 9, 9, 10, 8, 7, 11, 6, 10, 7, 9, 7, 7, 8, 8, 7, 10, 10, 7, 10, 8, 10, 6, 6, 6, 9, 
451: 8, 0, 10, 0, 11, 0, 9, 0, 0, 0, 7, 6, 8, 0, 7, 7, 10, 6, 0, 0, 8, 8, 10, 0, 8, 0, 0, 0, 0, 0, 6, 10, 8, 0, 9, 0, 10, 0, 0, 8, 0, 10, 0, 0, 8, 0, 0, 8, 0, 10, 9, 4, 7, 5, 10, 5, 6, 0, 7, 0, 6, 8, 0, 0, 7, 8, 8, 8, 0, 0, 9, 6, 6, 7, 0, 0, 7, 0, 7, 0, : 8, 10, 11, 9, 7, 6, 8, 7, 7, 10, 6, 8, 8, 10, 8, 6, 10, 8, 9, 10, 8, 10, 8, 8, 10, 9, 4, 7, 5, 10, 5, 6, 7, 6, 8, 7, 8, 8, 8, 9, 6, 6, 7, 7, 7, 
558: 0, 8, 7, 0, 8, 8, 8, 5, 0, 8, 7, 6, 5, 6, 7, 0, 0, 0, 0, 8, 0, 10, 8, 0, 0, 0, 0, 8, 10, 7, 0, 8, 0, 0, 8, 0, 7, 0, 8, 0, 0, 9, 9, 6, 10, 9, 0, 0, 0, 10, 6, 0, 0, 7, 0, 9, 0, 7, 9, 0, 0, 10, 9, 8, 6, 0, 7, 0, 7, 8, 9, 0, 0, 0, 0, 6, 0, 0, 9, 0, : 8, 7, 8, 8, 8, 5, 8, 7, 6, 5, 6, 7, 8, 10, 8, 8, 10, 7, 8, 8, 7, 8, 9, 9, 6, 10, 9, 10, 6, 7, 9, 7, 9, 10, 9, 8, 6, 7, 7, 8, 9, 6, 9, 
542: 0, 10, 8, 8, 7, 7, 0, 8, 0, 0, 0, 11, 10, 0, 7, 0, 0, 0, 0, 0, 0, 7, 6, 7, 0, 8, 8, 7, 0, 0, 10, 6, 0, 0, 0, 9, 6, 7, 10, 0, 5, 11, 0, 8, 5, 5, 6, 8, 0, 0, 8, 10, 0, 0, 8, 0, 6, 7, 0, 0, 0, 6, 9, 8, 10, 8, 0, 0, 6, 0, 0, 0, 8, 0, 0, 8, 0, 0, 0, 9, : 10, 8, 8, 7, 7, 8, 11, 10, 7, 7, 6, 7, 8, 8, 7, 10, 6, 9, 6, 7, 10, 5, 11, 8, 5, 5, 6, 8, 8, 10, 8, 6, 7, 6, 9, 8, 10, 8, 6, 8, 8, 9, 
89: 6, 8, 10, 0, 11, 5, 0, 10, 10, 0, 0, 0, 0, 0, 0, 0, 7, 9, 0, 5, 7, 0, 0, 7, 6, 9, 0, 0, 7, 0, 7, 6, 0, 0, 8, 6, 9, 7, 6, 11, 9, 9, 0, 0, 0, 0, 10, 7, 7, 0, 9, 8, 8, 10, 0, 7, 9, 0, 0, 0, 0, 10, 0, 9, 9, 9, 8, 8, 7, 9, 6, 7, 0, 0, 7, 9, 0, 0, 0, 0, : 6, 8, 10, 11, 5, 10, 10, 7, 9, 5, 7, 7, 6, 9, 7, 7, 6, 8, 6, 9, 7, 6, 11, 9, 9, 10, 7, 7, 9, 8, 8, 10, 7, 9, 10, 9, 9, 9, 8, 8, 7, 9, 6, 7, 7, 9, 
133: 0, 8, 0, 0, 0, 7, 0, 8, 9, 9, 7, 0, 10, 8, 0, 0, 0, 0, 0, 0, 6, 0, 7, 6, 0, 6, 0, 9, 7, 5, 0, 9, 0, 6, 0, 8, 8, 5, 7, 0, 8, 0, 8, 9, 9, 5, 0, 0, 0, 0, 7, 9, 9, 0, 0, 0, 0, 0, 8, 0, 9, 0, 8, 0, 0, 0, 0, 0, 0, 0, 0, 0, 0, 7, 0, 0, 7, 9, 9, 8, : 8, 7, 8, 9, 9, 7, 10, 8, 6, 7, 6, 6, 9, 7, 5, 9, 6, 8, 8, 5, 7, 8, 8, 9, 9, 5, 7, 9, 9, 8, 9, 8, 7, 7, 9, 9, 8, 
412: 7, 6, 0, 0, 0, 7, 0, 7, 8, 7, 7, 7, 0, 7, 7, 7, 9, 5, 10, 7, 0, 0, 0, 0, 0, 7, 11, 0, 0, 0, 10, 0, 11, 8, 7, 0, 0, 7, 0, 7, 5, 0, 9, 0, 0, 0, 0, 6, 7, 0, 0, 0, 0, 9, 7, 8, 7, 4, 0, 0, 8, 6, 0, 0, 0, 0, 7, 0, 0, 8, 0, 7, 9, 0, 7, 0, 0, 0, 0, 8, : 7, 6, 7, 7, 8, 7, 7, 7, 7, 7, 7, 9, 5, 10, 7, 7, 11, 10, 11, 8, 7, 7, 7, 5, 9, 6, 7, 9, 7, 8, 7, 4, 8, 6, 7, 8, 7, 9, 7, 8, 
622: 0, 0, 0, 0, 8, 10, 0, 0, 7, 9, 5, 6, 0, 6, 0, 7, 0, 0, 7, 0, 9, 0, 0, 0, 7, 8, 0, 0, 0, 6, 0, 0, 0, 0, 0, 0, 6, 7, 9, 0, 7, 9, 0, 0, 7, 0, 0, 0, 0, 8, 0, 0, 0, 8, 0, 0, 0, 0, 0, 8, 0, 0, 7, 5, 8, 0, 8, 8, 0, 7, 0, 7, 0, 0, 0, 9, 0, 7, 0, 0, : 8, 10, 7, 9, 5, 6, 6, 7, 7, 9, 7, 8, 6, 6, 7, 9, 7, 9, 7, 8, 8, 8, 7, 5, 8, 8, 8, 7, 7, 9, 7, 
152: 9, 6, 0, 0, 10, 8, 0, 0, 9, 0, 0, 0, 9, 0, 9, 7, 10, 7, 10, 8, 9, 4, 0, 0, 8, 8, 7, 0, 0, 7, 0, 0, 0, 0, 0, 10, 9, 8, 10, 0, 0, 0, 5, 0, 7, 0, 7, 9, 8, 0, 6, 9, 9, 6, 6, 0, 7, 9, 9, 0, 9, 0, 0, 0, 8, 0, 7, 7, 8, 0, 8, 0, 0, 0, 8, 0, 0, 7, 0, 8, : 9, 6, 10, 8, 9, 9, 9, 7, 10, 7, 10, 8, 9, 4, 8, 8, 7, 7, 10, 9, 8, 10, 5, 7, 7, 9, 8, 6, 9, 9, 6, 6, 7, 9, 9, 9, 8, 7, 7, 8, 8, 8, 7, 8, 
579: 8, 0, 7, 0, 0, 0, 0, 0, 0, 8, 0, 0, 8, 8, 0, 7, 0, 0, 0, 0, 8, 6, 5, 6, 11, 0, 8, 0, 0, 0, 0, 8, 6, 8, 8, 8, 10, 0, 0, 0, 6, 6, 7, 8, 0, 8, 0, 0, 0, 0, 9, 8, 7, 0, 8, 7, 7, 0, 0, 7, 0, 0, 0, 0, 7, 6, 8, 8, 8, 7, 7, 7, 0, 6, 8, 0, 0, 0, 0, 9, : 8, 7, 8, 8, 8, 7, 8, 6, 5, 6, 11, 8, 8, 6, 8, 8, 8, 10, 6, 6, 7, 8, 8, 9, 8, 7, 8, 7, 7, 7, 7, 6, 8, 8, 8, 7, 7, 7, 6, 8, 9, 
255: 7, 8, 7, 0, 0, 0, 0, 9, 8, 8, 8, 7, 0, 0, 0, 9, 0, 0, 0, 8, 0, 8, 0, 7, 0, 0, 0, 0, 0, 7, 7, 10, 7, 6, 11, 0, 9, 0, 0, 0, 9, 0, 8, 0, 0, 8, 5, 10, 6, 6, 0, 6, 0, 6, 9, 7, 8, 10, 0, 8, 6, 8, 6, 0, 0, 0, 9, 7, 0, 9, 8, 0, 0, 0, 7, 0, 6, 7, 0, 6, : 7, 8, 7, 9, 8, 8, 8, 7, 9, 8, 8, 7, 7, 7, 10, 7, 6, 11, 9, 9, 8, 8, 5, 10, 6, 6, 6, 6, 9, 7, 8, 10, 8, 6, 8, 6, 9, 7, 9, 8, 7, 6, 7, 6, 
213: 6, 6, 0, 0, 0, 7, 0, 0, 5, 0, 0, 0, 8, 7, 7, 7, 7, 0, 9, 0, 7, 7, 7, 0, 7, 5, 8, 9, 0, 0, 6, 8, 0, 9, 0, 0, 7, 8, 0, 0, 9, 0, 0, 10, 0, 0, 0, 8, 6, 0, 5, 0, 0, 0, 7, 0, 0, 0, 8, 7, 0, 9, 0, 7, 0, 6, 9, 0, 0, 8, 6, 0, 0, 7, 0, 0, 0, 9, 0, 9, : 6, 6, 7, 5, 8, 7, 7, 7, 7, 9, 7, 7, 7, 7, 5, 8, 9, 6, 8, 9, 7, 8, 9, 10, 8, 6, 5, 7, 8, 7, 9, 7, 6, 9, 8, 6, 7, 9, 9, 
407: 7, 0, 0, 5, 0, 0, 0, 7, 6, 8, 0, 0, 7, 7, 9, 10, 0, 0, 0, 7, 0, 0, 0, 6, 7, 0, 0, 9, 6, 0, 10, 0, 9, 7, 0, 0, 0, 5, 9, 0, 9, 8, 8, 8, 0, 0, 7, 8, 0, 0, 0, 0, 5, 0, 0, 5, 0, 9, 6, 0, 8, 0, 0, 0, 0, 6, 0, 0, 7, 8, 0, 9, 9, 0, 0, 0, 7, 6, 0, 0, : 7, 5, 7, 6, 8, 7, 7, 9, 10, 7, 6, 7, 9, 6, 10, 9, 7, 5, 9, 9, 8, 8, 8, 7, 8, 5, 5, 9, 6, 8, 6, 7, 8, 9, 9, 7, 6, 
700: 0, 5, 7, 7, 9, 10, 0, 8, 0, 0, 0, 0, 0, 0, 7, 0, 0, 9, 0, 8, 0, 0, 9, 7, 0, 0, 0, 4, 0, 7, 0, 8, 6, 6, 0, 0, 0, 10, 0, 7, 0, 8, 0, 0, 0, 0, 0, 10, 0, 6, 8, 5, 0, 8, 0, 7, 0, 7, 11, 6, 8, 0, 7, 0, 11, 7, 7, 0, 0, 9, 0, 0, 7, 7, 8, 6, 9, 0, 7, 9, : 5, 7, 7, 9, 10, 8, 7, 9, 8, 9, 7, 4, 7, 8, 6, 6, 10, 7, 8, 10, 6, 8, 5, 8, 7, 7, 11, 6, 8, 7, 11, 7, 7, 9, 7, 7, 8, 6, 9, 7, 9, 
336: 0, 0, 7, 0, 10, 10, 10, 0, 0, 7, 10, 8, 7, 0, 7, 7, 0, 10, 0, 0, 7, 8, 9, 0, 11, 0, 8, 0, 7, 0, 6, 0, 0, 0, 0, 10, 0, 0, 0, 0, 9, 8, 7, 0, 0, 0, 6, 9, 0, 9, 10, 0, 8, 0, 0, 8, 9, 0, 9, 8, 0, 0, 9, 6, 6, 0, 10, 6, 0, 0, 8, 0, 7, 6, 0, 8, 9, 0, 7, 0, : 7, 10, 10, 10, 7, 10, 8, 7, 7, 7, 10, 7, 8, 9, 11, 8, 7, 6, 10, 9, 8, 7, 6, 9, 9, 10, 8, 8, 9, 9, 8, 9, 6, 6, 10, 6, 8, 7, 6, 8, 9, 7, 
574: 7, 9, 0, 8, 0, 7, 7, 10, 7, 0, 0, 0, 9, 0, 8, 7, 0, 0, 0, 0, 9, 10, 0, 0, 0, 10, 6, 10, 9, 8, 0, 0, 0, 0, 0, 8, 0, 9, 0, 9, 9, 0, 6, 0, 0, 0, 0, 0, 0, 0, 10, 0, 0, 5, 7, 9, 0, 9, 0, 6, 8, 6, 8, 7, 0, 0, 0, 0, 0, 8, 0, 0, 8, 0, 0, 0, 0, 0, 7, 7, : 7, 9, 8, 7, 7, 10, 7, 9, 8, 7, 9, 10, 10, 6, 10, 9, 8, 8, 9, 9, 9, 6, 10, 5, 7, 9, 9, 6, 8, 6, 8, 7, 8, 8, 7, 7, 
295: 0, 0, 0, 0, 7, 0, 8, 10, 5, 0, 0, 9, 0, 0, 10, 0, 0, 10, 6, 6, 5, 0, 0, 7, 8, 0, 0, 0, 7, 0, 0, 0, 7, 9, 7, 8, 0, 0, 8, 0, 0, 0, 0, 0, 5, 0, 0, 0, 7, 9, 6, 0, 0, 0, 7, 10, 8, 6, 0, 8, 0, 9, 0, 8, 6, 6, 8, 0, 0, 6, 8, 8, 7, 6, 9, 7, 7, 0, 8, 9, : 7, 8, 10, 5, 9, 10, 10, 6, 6, 5, 7, 8, 7, 7, 9, 7, 8, 8, 5, 7, 9, 6, 7, 10, 8, 6, 8, 9, 8, 6, 6, 8, 6, 8, 8, 7, 6, 9, 7, 7, 8, 9, 
787: 8, 7, 0, 9, 0, 8, 6, 10, 0, 5, 0, 0, 0, 8, 0, 0, 0, 8, 7, 10, 8, 6, 10, 0, 0, 0, 9, 0, 0, 10, 8, 0, 0, 9, 7, 0, 0, 7, 7, 0, 0, 9, 0, 0, 0, 8, 6, 0, 0, 0, 9, 0, 10, 8, 10, 10, 0, 0, 7, 0, 10, 4, 9, 9, 5, 8, 0, 0, 0, 9, 0, 0, 0, 8, 0, 8, 8, 0, 0, 9, : 8, 7, 9, 8, 6, 10, 5, 8, 8, 7, 10, 8, 6, 10, 9, 10, 8, 9, 7, 7, 7, 9, 8, 6, 9, 10, 8, 10, 10, 7, 10, 4, 9, 9, 5, 8, 9, 8, 8, 8, 9, 
310: 0, 6, 0, 0, 0, 6, 11, 0, 8, 7, 0, 8, 0, 9, 0, 10, 10, 0, 0, 0, 0, 0, 4, 9, 0, 0, 0, 9, 7, 0, 0, 0, 8, 0, 0, 0, 8, 0, 7, 7, 0, 0, 0, 0, 9, 10, 0, 0, 9, 0, 6, 0, 0, 0, 0, 0, 0, 0, 0, 0, 5, 0, 9, 9, 0, 0, 0, 7, 6, 0, 6, 0, 9, 8, 8, 8, 0, 7, 0, 0, : 6, 6, 11, 8, 7, 8, 9, 10, 10, 4, 9, 9, 7, 8, 8, 7, 7, 9, 10, 9, 6, 5, 9, 9, 7, 6, 6, 9, 8, 8, 8, 7, 
106: 0, 9, 10, 0, 0, 10, 0, 9, 0, 0, 7, 0, 7, 0, 8, 0, 7, 0, 0, 0, 0, 0, 0, 0, 0, 8, 8, 8, 0, 7, 0, 7, 7, 8, 6, 10, 6, 0, 0, 10, 7, 0, 6, 7, 0, 8, 0, 6, 10, 8, 0, 9, 0, 9, 0, 0, 8, 8, 0, 0, 6, 8, 7, 0, 6, 0, 0, 0, 0, 6, 0, 0, 0, 7, 0, 0, 0, 0, 6, 0, : 9, 10, 10, 9, 7, 7, 8, 7, 8, 8, 8, 7, 7, 7, 8, 6, 10, 6, 10, 7, 6, 7, 8, 6, 10, 8, 9, 9, 8, 8, 6, 8, 7, 6, 6, 7, 6, 
468: 8, 0, 0, 6, 0, 0, 0, 6, 0, 0, 0, 9, 0, 0, 0, 0, 0, 8, 6, 0, 0, 0, 0, 10, 0, 7, 0, 0, 8, 0, 0, 6, 0, 0, 0, 7, 8, 0, 0, 0, 0, 9, 0, 8, 0, 6, 9, 0, 5, 0, 8, 0, 0, 0, 7, 0, 7, 8, 8, 0, 0, 0, 7, 0, 7, 7, 0, 6, 0, 0, 9, 7, 0, 0, 9, 9, 0, 8, 7, 0, : 8, 6, 6, 9, 8, 6, 10, 7, 8, 6, 7, 8, 9, 8, 6, 9, 5, 8, 7, 7, 8, 8, 7, 7, 7, 6, 9, 7, 9, 9, 8, 7, 
307: 0, 0, 7, 0, 8, 0, 7, 9, 0, 0, 7, 0, 8, 0, 0, 0, 6, 9, 6, 9, 8, 0, 0, 0, 0, 6, 0, 0, 10, 0, 9, 0, 7, 0, 0, 0, 10, 6, 10, 0, 7, 0, 0, 0, 0, 0, 11, 5, 7, 0, 0, 0, 7, 4, 0, 0, 0, 0, 9, 0, 5, 0, 0, 0, 0, 0, 0, 8, 9, 0, 8, 0, 8, 0, 0, 7, 9, 6, 9, 0, : 7, 8, 7, 9, 7, 8, 6, 9, 6, 9, 8, 6, 10, 9, 7, 10, 6, 10, 7, 11, 5, 7, 7, 4, 9, 5, 8, 9, 8, 8, 7, 9, 6, 9, 
447: 0, 0, 0, 0, 0, 5, 8, 0, 9, 8, 0, 10, 0, 0, 0, 0, 0, 7, 0, 0, 0, 9, 8, 0, 7, 0, 0, 0, 0, 10, 7, 8, 9, 0, 10, 0, 0, 7, 0, 6, 10, 6, 0, 8, 9, 0, 6, 0, 7, 0, 0, 8, 0, 5, 0, 0, 0, 0, 0, 7, 6, 0, 0, 0, 0, 0, 0, 8, 8, 8, 0, 0, 8, 8, 0, 0, 8, 0, 8, 7, : 5, 8, 9, 8, 10, 7, 9, 8, 7, 10, 7, 8, 9, 10, 7, 6, 10, 6, 8, 9, 6, 7, 8, 5, 7, 6, 8, 8, 8, 8, 8, 8, 8, 7, 
455: 0, 0, 0, 0, 0, 0, 8, 0, 0, 0, 0, 6, 0, 0, 0, 7, 0, 6, 9, 0, 0, 5, 0, 7, 0, 0, 7, 7, 0, 9, 0, 7, 0, 0, 0, 0, 8, 0, 7, 0, 7, 0, 8, 0, 9, 9, 7, 0, 8, 0, 0, 7, 10, 9, 0, 0, 0, 7, 0, 0, 0, 0, 8, 7, 8, 8, 6, 0, 8, 8, 8, 9, 6, 7, 0, 8, 0, 0, 8, 0, : 8, 6, 7, 6, 9, 5, 7, 7, 7, 9, 7, 8, 7, 7, 8, 9, 9, 7, 8, 7, 10, 9, 7, 8, 7, 8, 8, 6, 8, 8, 8, 9, 6, 7, 8, 8, 
771: 0, 0, 0, 10, 10, 0, 0, 6, 0, 0, 11, 6, 9, 9, 0, 0, 8, 0, 0, 5, 0, 7, 0, 0, 0, 9, 10, 0, 10, 0, 8, 9, 8, 0, 0, 7, 7, 0, 0, 6, 9, 0, 0, 5, 0, 5, 8, 8, 0, 7, 10, 0, 6, 0, 0, 9, 0, 9, 6, 8, 0, 9, 0, 9, 0, 0, 7, 0, 0, 0, 7, 0, 0, 0, 0, 0, 0, 0, 8, 0, : 10, 10, 6, 11, 6, 9, 9, 8, 5, 7, 9, 10, 10, 8, 9, 8, 7, 7, 6, 9, 5, 5, 8, 8, 7, 10, 6, 9, 9, 6, 8, 9, 9, 7, 7, 8, 
281: 0, 0, 0, 0, 8, 0, 0, 0, 8, 0, 7, 0, 0, 0, 8, 7, 9, 7, 9, 8, 6, 10, 6, 0, 0, 0, 0, 6, 7, 0, 10, 7, 6, 0, 9, 7, 7, 0, 7, 0, 0, 9, 8, 0, 0, 0, 0, 0, 0, 7, 0, 8, 0, 0, 6, 0, 0, 0, 0, 0, 10, 8, 0, 0, 7, 7, 8, 0, 0, 8, 8, 8, 8, 0, 8, 0, 0, 7, 0, 7, : 8, 8, 7, 8, 7, 9, 7, 9, 8, 6, 10, 6, 6, 7, 10, 7, 6, 9, 7, 7, 7, 9, 8, 7, 8, 6, 10, 8, 7, 7, 8, 8, 8, 8, 8, 8, 7, 7, 
694: 0, 10, 0, 0, 8, 0, 8, 0, 9, 5, 8, 8, 6, 0, 0, 9, 0, 0, 0, 0, 5, 9, 10, 0, 6, 0, 0, 0, 7, 0, 0, 0, 7, 9, 11, 10, 0, 0, 0, 0, 0, 0, 0, 0, 10, 0, 0, 0, 8, 0, 7, 9, 0, 0, 9, 7, 6, 0, 7, 8, 0, 10, 9, 6, 8, 0, 8, 9, 0, 0, 0, 8, 8, 9, 0, 0, 0, 8, 7, 9, : 10, 8, 8, 9, 5, 8, 8, 6, 9, 5, 9, 10, 6, 7, 7, 9, 11, 10, 10, 8, 7, 9, 9, 7, 6, 7, 8, 10, 9, 6, 8, 8, 9, 8, 8, 9, 8, 7, 9, 
383: 5, 0, 0, 0, 0, 0, 10, 0, 7, 8, 0, 0, 0, 0, 0, 0, 7, 0, 0, 7, 0, 0, 0, 7, 0, 0, 7, 0, 8, 0, 8, 0, 0, 0, 0, 0, 7, 7, 8, 7, 7, 0, 6, 0, 8, 0, 0, 0, 0, 0, 5, 0, 0, 0, 6, 0, 0, 6, 0, 0, 0, 0, 0, 0, 8, 8, 0, 0, 0, 8, 8, 0, 0, 9, 7, 8, 0, 9, 0, 0, : 5, 10, 7, 8, 7, 7, 7, 7, 8, 8, 7, 7, 8, 7, 7, 6, 8, 5, 6, 6, 8, 8, 8, 8, 9, 7, 8, 9, 
467: 0, 0, 0, 0, 6, 8, 5, 0, 0, 11, 10, 0, 0, 0, 8, 0, 7, 6, 10, 7, 0, 8, 0, 7, 0, 6, 0, 6, 0, 7, 8, 0, 0, 0, 9, 0, 9, 10, 0, 9, 8, 0, 8, 0, 5, 0, 8, 0, 0, 8, 0, 8, 5, 0, 9, 9, 7, 7, 0, 10, 0, 10, 6, 0, 0, 8, 0, 7, 7, 8, 0, 6, 9, 9, 9, 0, 9, 8, 9, 8, : 6, 8, 5, 11, 10, 8, 7, 6, 10, 7, 8, 7, 6, 6, 7, 8, 9, 9, 10, 9, 8, 8, 5, 8, 8, 8, 5, 9, 9, 7, 7, 10, 10, 6, 8, 7, 7, 8, 6, 9, 9, 9, 9, 8, 9, 8, 
721: 0, 0, 0, 7, 5, 7, 0, 6, 0, 0, 0, 5, 0, 0, 7, 0, 10, 6, 0, 7, 8, 5, 9, 9, 0, 0, 9, 0, 9, 0, 0, 9, 9, 6, 0, 5, 0, 0, 0, 7, 10, 7, 0, 9, 0, 7, 0, 7, 0, 0, 0, 0, 0, 0, 0, 0, 7, 0, 7, 10, 0, 0, 7, 9, 8, 8, 0, 8, 0, 8, 0, 9, 0, 8, 6, 0, 0, 9, 0, 7, : 7, 5, 7, 6, 5, 7, 10, 6, 7, 8, 5, 9, 9, 9, 9, 9, 9, 6, 5, 7, 10, 7, 9, 7, 7, 7, 7, 10, 7, 9, 8, 8, 8, 8, 9, 8, 6, 9, 7, 
631: 0, 7, 0, 0, 7, 0, 0, 9, 0, 6, 0, 10, 8, 7, 6, 6, 0, 0, 8, 6, 0, 9, 7, 0, 0, 0, 5, 7, 0, 9, 5, 0, 0, 7, 8, 9, 0, 0, 0, 8, 0, 0, 7, 0, 8, 0, 0, 0, 0, 6, 0, 0, 0, 0, 6, 5, 0, 0, 9, 0, 0, 0, 0, 8, 0, 10, 0, 0, 0, 0, 0, 7, 0, 0, 0, 7, 0, 0, 8, 7, : 7, 7, 9, 6, 10, 8, 7, 6, 6, 8, 6, 9, 7, 5, 7, 9, 5, 7, 8, 9, 8, 7, 8, 6, 6, 5, 9, 8, 10, 7, 7, 8, 7, 
311: 0, 8, 7, 11, 7, 8, 0, 7, 0, 0, 10, 0, 7, 7, 0, 7, 6, 0, 9, 0, 0, 0, 7, 4, 9, 0, 0, 0, 0, 0, 7, 0, 9, 8, 5, 0, 7, 0, 6, 0, 7, 0, 8, 8, 0, 11, 0, 0, 0, 6, 10, 0, 0, 0, 0, 6, 7, 9, 0, 0, 0, 0, 8, 6, 7, 0, 0, 8, 8, 7, 8, 8, 8, 7, 0, 0, 0, 0, 0, 0, : 8, 7, 11, 7, 8, 7, 10, 7, 7, 7, 6, 9, 7, 4, 9, 7, 9, 8, 5, 7, 6, 7, 8, 8, 11, 6, 10, 6, 7, 9, 8, 6, 7, 8, 8, 7, 8, 8, 8, 7, 
612: 7, 0, 0, 0, 0, 0, 0, 8, 9, 0, 8, 0, 0, 0, 0, 9, 0, 6, 0, 0, 0, 0, 7, 6, 5, 9, 0, 0, 0, 7, 0, 0, 0, 0, 8, 0, 5, 10, 0, 0, 7, 7, 0, 0, 0, 7, 9, 0, 7, 0, 8, 0, 8, 0, 0, 0, 7, 0, 0, 0, 8, 7, 0, 0, 0, 7, 8, 7, 8, 0, 0, 8, 0, 7, 9, 0, 8, 7, 0, 8, : 7, 8, 9, 8, 9, 6, 7, 6, 5, 9, 7, 8, 5, 10, 7, 7, 7, 9, 7, 8, 8, 7, 8, 7, 7, 8, 7, 8, 8, 7, 9, 8, 7, 8, 
221: 8, 0, 4, 6, 8, 0, 7, 9, 10, 7, 0, 5, 0, 9, 0, 8, 8, 9, 8, 8, 0, 0, 7, 10, 9, 0, 0, 0, 0, 0, 9, 0, 0, 9, 0, 0, 0, 0, 0, 0, 8, 0, 0, 7, 0, 7, 10, 7, 0, 8, 0, 10, 0, 0, 11, 8, 9, 0, 4, 6, 8, 0, 4, 9, 8, 8, 6, 8, 8, 0, 0, 0, 7, 0, 0, 8, 0, 7, 6, 0, : 8, 4, 6, 8, 7, 9, 10, 7, 5, 9, 8, 8, 9, 8, 8, 7, 10, 9, 9, 9, 8, 7, 7, 10, 7, 8, 10, 11, 8, 9, 4, 6, 8, 4, 9, 8, 8, 6, 8, 8, 7, 8, 7, 6, 
482: 9, 11, 0, 0, 0, 0, 5, 9, 8, 0, 7, 7, 6, 0, 0, 0, 0, 10, 9, 0, 0, 0, 8, 11, 8, 0, 6, 10, 0, 0, 6, 6, 6, 0, 0, 0, 0, 6, 10, 0, 8, 9, 0, 8, 8, 8, 0, 7, 0, 0, 0, 7, 7, 8, 0, 0, 0, 0, 0, 6, 0, 8, 7, 7, 0, 0, 0, 8, 6, 0, 8, 0, 7, 8, 7, 0, 6, 8, 0, 0, : 9, 11, 5, 9, 8, 7, 7, 6, 10, 9, 8, 11, 8, 6, 10, 6, 6, 6, 6, 10, 8, 9, 8, 8, 8, 7, 7, 7, 8, 6, 8, 7, 7, 8, 6, 8, 7, 8, 7, 6, 8, 
249: 7, 9, 0, 0, 9, 5, 0, 0, 8, 10, 0, 0, 8, 6, 7, 0, 5, 0, 0, 8, 6, 0, 7, 6, 0, 6, 9, 8, 0, 0, 0, 8, 0, 0, 0, 0, 0, 0, 7, 6, 0, 9, 0, 0, 6, 7, 0, 0, 6, 8, 8, 7, 0, 10, 9, 11, 6, 0, 0, 9, 0, 7, 0, 0, 0, 0, 0, 0, 0, 7, 0, 8, 0, 0, 8, 8, 0, 6, 0, 9, : 7, 9, 9, 5, 8, 10, 8, 6, 7, 5, 8, 6, 7, 6, 6, 9, 8, 8, 7, 6, 9, 6, 7, 6, 8, 8, 7, 10, 9, 11, 6, 9, 7, 7, 8, 8, 8, 6, 9, 
677: 0, 0, 6, 9, 0, 8, 0, 6, 8, 0, 0, 0, 0, 10, 0, 0, 0, 0, 0, 0, 9, 6, 9, 0, 0, 0, 9, 5, 8, 0, 10, 5, 0, 0, 0, 8, 0, 9, 7, 6, 9, 9, 0, 10, 8, 0, 0, 7, 7, 0, 0, 0, 0, 7, 0, 0, 9, 0, 6, 0, 0, 6, 7, 0, 0, 0, 7, 8, 0, 0, 9, 8, 0, 0, 7, 9, 7, 0, 7, 7, : 6, 9, 8, 6, 8, 10, 9, 6, 9, 9, 5, 8, 10, 5, 8, 9, 7, 6, 9, 9, 10, 8, 7, 7, 7, 9, 6, 6, 7, 7, 8, 9, 8, 7, 9, 7, 7, 7, 
294: 5, 8, 7, 0, 0, 0, 9, 5, 5, 0, 0, 7, 6, 0, 0, 0, 7, 0, 9, 0, 0, 0, 0, 0, 7, 0, 0, 6, 8, 6, 0, 0, 0, 0, 0, 0, 9, 7, 7, 10, 0, 0, 7, 0, 0, 0, 0, 0, 0, 0, 9, 9, 0, 0, 0, 0, 0, 0, 8, 8, 9, 6, 6, 7, 0, 8, 8, 9, 9, 0, 0, 9, 0, 7, 0, 0, 6, 0, 7, 0, : 5, 8, 7, 9, 5, 5, 7, 6, 7, 9, 7, 6, 8, 6, 9, 7, 7, 10, 7, 9, 9, 8, 8, 9, 6, 6, 7, 8, 8, 9, 9, 9, 7, 6, 7, 
711: 0, 6, 8, 7, 0, 8, 0, 0, 0, 10, 9, 10, 0, 0, 0, 7, 7, 0, 0, 7, 0, 7, 0, 9, 8, 0, 4, 0, 7, 0, 10, 0, 9, 0, 7, 9, 8, 9, 0, 7, 0, 0, 0, 7, 7, 0, 0, 0, 7, 0, 7, 7, 0, 11, 0, 8, 0, 9, 0, 7, 0, 5, 10, 6, 0, 0, 0, 0, 0, 0, 0, 7, 0, 7, 8, 9, 8, 0, 0, 0, : 6, 8, 7, 8, 10, 9, 10, 7, 7, 7, 7, 9, 8, 4, 7, 10, 9, 7, 9, 8, 9, 7, 7, 7, 7, 7, 7, 11, 8, 9, 7, 5, 10, 6, 7, 7, 8, 9, 8, 
415: 0, 0, 0, 5, 7, 0, 8, 9, 0, 0, 0, 9, 0, 8, 9, 8, 9, 0, 0, 7, 0, 0, 0, 8, 5, 10, 0, 0, 4, 10, 0, 0, 0, 0, 0, 0, 0, 10, 0, 0, 0, 0, 5, 8, 7, 0, 9, 5, 0, 6, 0, 0, 6, 0, 0, 0, 11, 9, 10, 0, 0, 0, 0, 0, 0, 0, 8, 0, 9, 7, 0, 0, 0, 9, 9, 9, 7, 9, 0, 0, : 5, 7, 8, 9, 9, 8, 9, 8, 9, 7, 8, 5, 10, 4, 10, 10, 5, 8, 7, 9, 5, 6, 6, 11, 9, 10, 8, 9, 7, 9, 9, 9, 7, 9, 
184: 0, 7, 8, 4, 10, 8, 5, 0, 6, 0, 5, 8, 0, 0, 0, 0, 6, 0, 7, 0, 8, 10, 7, 6, 9, 7, 0, 0, 0, 5, 0, 0, 10, 9, 5, 5, 0, 0, 8, 0, 5, 0, 8, 6, 0, 6, 7, 8, 0, 9, 0, 0, 8, 0, 0, 6, 9, 8, 0, 7, 8, 7, 0, 0, 9, 8, 0, 6, 0, 7, 8, 8, 0, 0, 6, 0, 7, 7, 6, 0, : 7, 8, 4, 10, 8, 5, 6, 5, 8, 6, 7, 8, 10, 7, 6, 9, 7, 5, 10, 9, 5, 5, 8, 5, 8, 6, 6, 7, 8, 9, 8, 6, 9, 8, 7, 8, 7, 9, 8, 6, 7, 8, 8, 6, 7, 7, 6, 
395: 0, 0, 6, 9, 7, 0, 0, 10, 0, 0, 6, 8, 0, 8, 0, 0, 9, 9, 0, 0, 7, 0, 0, 0, 9, 0, 6, 0, 0, 8, 0, 8, 0, 0, 6, 0, 7, 0, 0, 6, 6, 7, 7, 0, 10, 0, 8, 0, 0, 0, 0, 9, 7, 9, 0, 6, 6, 7, 0, 8, 0, 0, 0, 0, 9, 6, 0, 0, 0, 9, 7, 9, 0, 0, 0, 7, 6, 0, 9, 0, : 6, 9, 7, 10, 6, 8, 8, 9, 9, 7, 9, 6, 8, 8, 6, 7, 6, 6, 7, 7, 10, 8, 9, 7, 9, 6, 6, 7, 8, 9, 6, 9, 7, 9, 7, 6, 9, 
166: 8, 0, 6, 0, 7, 8, 0, 0, 0, 7, 8, 0, 7, 8, 10, 6, 8, 10, 0, 9, 8, 9, 0, 6, 0, 8, 0, 8, 0, 0, 7, 0, 0, 6, 8, 0, 9, 0, 0, 0, 0, 0, 6, 6, 9, 8, 6, 0, 10, 0, 0, 0, 0, 10, 9, 0, 0, 7, 0, 6, 0, 0, 8, 8, 0, 0, 0, 7, 9, 0, 7, 0, 7, 7, 0, 7, 7, 9, 0, 0, : 8, 6, 7, 8, 7, 8, 7, 8, 10, 6, 8, 10, 9, 8, 9, 6, 8, 8, 7, 6, 8, 9, 6, 6, 9, 8, 6, 10, 10, 9, 7, 6, 8, 8, 7, 9, 7, 7, 7, 7, 7, 9, 
645: 6, 7, 9, 0, 0, 0, 9, 8, 8, 7, 9, 0, 6, 9, 10, 0, 0, 9, 10, 0, 0, 9, 9, 0, 8, 9, 6, 0, 0, 0, 0, 0, 9, 8, 0, 0, 0, 0, 0, 9, 0, 0, 0, 8, 0, 0, 9, 9, 0, 0, 0, 0, 0, 7, 8, 9, 8, 0, 0, 8, 7, 8, 0, 7, 8, 0, 8, 0, 8, 0, 0, 8, 7, 0, 0, 7, 8, 0, 8, 8, : 6, 7, 9, 9, 8, 8, 7, 9, 6, 9, 10, 9, 10, 9, 9, 8, 9, 6, 9, 8, 9, 8, 9, 9, 7, 8, 9, 8, 8, 7, 8, 7, 8, 8, 8, 8, 7, 7, 8, 8, 8, 
686: 7, 0, 8, 9, 0, 4, 6, 0, 11, 0, 0, 0, 6, 0, 11, 6, 0, 7, 0, 0, 0, 6, 10, 0, 9, 0, 0, 0, 0, 0, 0, 8, 0, 0, 0, 0, 0, 0, 8, 9, 9, 8, 0, 0, 8, 0, 10, 7, 9, 10, 0, 6, 11, 10, 9, 7, 0, 0, 9, 9, 6, 0, 0, 7, 0, 9, 8, 6, 6, 0, 0, 0, 0, 9, 8, 0, 0, 6, 9, 7, : 7, 8, 9, 4, 6, 11, 6, 11, 6, 7, 6, 10, 9, 8, 8, 9, 9, 8, 8, 10, 7, 9, 10, 6, 11, 10, 9, 7, 9, 9, 6, 7, 9, 8, 6, 6, 9, 8, 6, 9, 7, 
731: 10, 0, 0, 7, 7, 10, 6, 7, 0, 0, 8, 0, 0, 0, 0, 0, 0, 0, 8, 9, 8, 7, 0, 0, 0, 0, 0, 0, 8, 7, 0, 0, 0, 6, 0, 0, 10, 0, 7, 7, 0, 5, 0, 0, 0, 0, 8, 0, 7, 5, 7, 7, 9, 9, 0, 0, 10, 0, 0, 0, 0, 0, 9, 0, 6, 0, 8, 0, 0, 0, 0, 0, 7, 0, 8, 7, 9, 0, 0, 0, : 10, 7, 7, 10, 6, 7, 8, 8, 9, 8, 7, 8, 7, 6, 10, 7, 7, 5, 8, 7, 5, 7, 7, 9, 9, 10, 9, 6, 8, 7, 8, 7, 9, 
478: 8, 0, 8, 7, 0, 8, 9, 0, 7, 7, 7, 0, 0, 0, 8, 0, 0, 0, 6, 0, 0, 7, 0, 0, 0, 9, 9, 0, 11, 7, 0, 6, 0, 6, 0, 7, 0, 9, 9, 7, 0, 0, 6, 9, 0, 8, 9, 0, 0, 7, 0, 0, 9, 0, 0, 0, 5, 0, 7, 5, 0, 8, 11, 7, 0, 7, 0, 0, 7, 0, 0, 0, 0, 0, 0, 0, 0, 0, 0, 0, : 8, 8, 7, 8, 9, 7, 7, 7, 8, 6, 7, 9, 9, 11, 7, 6, 6, 7, 9, 9, 7, 6, 9, 8, 9, 7, 9, 5, 7, 5, 8, 11, 7, 7, 7, 
474: 6, 0, 8, 6, 0, 0, 5, 0, 0, 0, 0, 8, 0, 0, 0, 6, 6, 6, 0, 0, 0, 0, 0, 0, 0, 0, 6, 0, 5, 0, 9, 6, 9, 0, 9, 6, 0, 0, 7, 0, 0, 6, 0, 9, 0, 10, 0, 7, 7, 6, 0, 7, 9, 8, 6, 0, 0, 0, 0, 0, 7, 7, 0, 7, 0, 0, 0, 0, 0, 0, 7, 0, 9, 0, 0, 0, 0, 0, 0, 8, : 6, 8, 6, 5, 8, 6, 6, 6, 6, 5, 9, 6, 9, 9, 6, 7, 6, 9, 10, 7, 7, 6, 7, 9, 8, 6, 7, 7, 7, 7, 9, 8, 
540: 9, 0, 9, 0, 0, 8, 8, 0, 9, 0, 8, 9, 0, 9, 0, 5, 0, 9, 7, 0, 0, 10, 0, 0, 7, 10, 0, 0, 0, 7, 9, 7, 8, 0, 7, 9, 6, 0, 7, 0, 0, 0, 9, 0, 7, 5, 8, 9, 10, 8, 0, 8, 0, 0, 9, 0, 0, 9, 9, 10, 0, 0, 0, 0, 0, 7, 6, 0, 0, 9, 7, 8, 0, 0, 7, 0, 0, 0, 0, 6, : 9, 9, 8, 8, 9, 8, 9, 9, 5, 9, 7, 10, 7, 10, 7, 9, 7, 8, 7, 9, 6, 7, 9, 7, 5, 8, 9, 10, 8, 8, 9, 9, 9, 10, 7, 6, 9, 7, 8, 7, 6, 
647: 0, 10, 0, 6, 0, 9, 0, 0, 7, 9, 8, 8, 0, 0, 0, 7, 0, 7, 7, 0, 0, 0, 6, 0, 0, 0, 0, 7, 6, 0, 8, 9, 11, 0, 6, 0, 0, 7, 0, 7, 7, 0, 0, 8, 0, 9, 0, 8, 8, 6, 8, 7, 10, 0, 0, 0, 0, 0, 9, 0, 6, 0, 0, 11, 0, 0, 0, 6, 7, 0, 8, 0, 0, 8, 9, 0, 8, 8, 7, 9, : 10, 6, 9, 7, 9, 8, 8, 7, 7, 7, 6, 7, 6, 8, 9, 11, 6, 7, 7, 7, 8, 9, 8, 8, 6, 8, 7, 10, 9, 6, 11, 6, 7, 8, 8, 9, 8, 8, 7, 9, 
51: 9, 9, 6, 6, 7, 0, 6, 0, 0, 0, 11, 0, 7, 10, 8, 0, 8, 0, 0, 9, 0, 7, 7, 8, 10, 11, 8, 11, 7, 0, 0, 0, 0, 0, 0, 0, 0, 9, 0, 0, 7, 0, 0, 0, 0, 7, 0, 10, 0, 0, 0, 9, 0, 0, 0, 10, 9, 9, 9, 11, 0, 8, 7, 0, 0, 8, 8, 0, 0, 0, 0, 7, 6, 7, 9, 0, 0, 0, 0, 8, : 9, 9, 6, 6, 7, 6, 11, 7, 10, 8, 8, 9, 7, 7, 8, 10, 11, 8, 11, 7, 9, 7, 7, 10, 9, 10, 9, 9, 9, 11, 8, 7, 8, 8, 7, 6, 7, 9, 8, 
167: 8, 0, 0, 7, 8, 0, 8, 8, 0, 8, 8, 0, 7, 0, 7, 0, 0, 6, 6, 0, 0, 9, 9, 9, 0, 8, 0, 10, 0, 11, 0, 0, 7, 0, 0, 0, 0, 7, 0, 0, 0, 0, 0, 7, 6, 9, 0, 0, 8, 6, 0, 0, 9, 6, 11, 8, 4, 0, 7, 0, 7, 0, 0, 0, 0, 0, 0, 0, 0, 0, 0, 0, 0, 0, 9, 6, 0, 8, 0, 0, : 8, 7, 8, 8, 8, 8, 8, 7, 7, 6, 6, 9, 9, 9, 8, 10, 11, 7, 7, 7, 6, 9, 8, 6, 9, 6, 11, 8, 4, 7, 7, 9, 6, 8, 
320: 0, 7, 0, 0, 0, 0, 0, 0, 6, 0, 7, 0, 0, 7, 0, 9, 0, 8, 0, 11, 11, 0, 0, 0, 8, 6, 0, 7, 0, 0, 8, 6, 0, 6, 7, 0, 0, 6, 11, 0, 8, 7, 10, 0, 5, 7, 7, 8, 5, 0, 0, 0, 0, 7, 5, 6, 10, 8, 8, 0, 0, 6, 0, 0, 8, 0, 0, 9, 0, 9, 7, 0, 7, 8, 0, 8, 0, 8, 0, 7, : 7, 6, 7, 7, 9, 8, 11, 11, 8, 6, 7, 8, 6, 6, 7, 6, 11, 8, 7, 10, 5, 7, 7, 8, 5, 7, 5, 6, 10, 8, 8, 6, 8, 9, 9, 7, 7, 8, 8, 8, 7, 
306: 11, 7, 10, 0, 0, 9, 0, 7, 0, 10, 0, 8, 0, 8, 0, 7, 9, 6, 0, 8, 7, 0, 5, 0, 0, 0, 10, 0, 9, 0, 0, 0, 8, 0, 7, 9, 0, 0, 0, 0, 0, 9, 6, 0, 0, 0, 7, 11, 9, 0, 0, 8, 0, 0, 6, 5, 0, 7, 7, 9, 4, 0, 0, 0, 8, 0, 8, 0, 0, 7, 0, 0, 0, 8, 0, 7, 0, 0, 8, 7, : 11, 7, 10, 9, 7, 10, 8, 8, 7, 9, 6, 8, 7, 5, 10, 9, 8, 7, 9, 9, 6, 7, 11, 9, 8, 6, 5, 7, 7, 9, 4, 8, 8, 7, 8, 7, 8, 7, 
620: 8, 0, 9, 0, 8, 6, 0, 6, 9, 7, 0, 7, 0, 9, 9, 0, 7, 7, 0, 6, 9, 6, 9, 8, 7, 0, 0, 7, 6, 8, 5, 9, 5, 11, 10, 7, 0, 0, 0, 6, 0, 9, 10, 6, 8, 0, 0, 0, 0, 7, 10, 10, 10, 7, 0, 0, 0, 9, 8, 0, 0, 8, 0, 0, 0, 0, 0, 0, 8, 0, 8, 8, 0, 7, 0, 0, 7, 0, 0, 0, : 8, 9, 8, 6, 6, 9, 7, 7, 9, 9, 7, 7, 6, 9, 6, 9, 8, 7, 7, 6, 8, 5, 9, 5, 11, 10, 7, 6, 9, 10, 6, 8, 7, 10, 10, 10, 7, 9, 8, 8, 8, 8, 8, 7, 7, 
469: 9, 0, 0, 7, 6, 0, 0, 0, 0, 0, 0, 8, 0, 6, 6, 0, 7, 6, 0, 8, 8, 0, 0, 6, 8, 0, 0, 0, 0, 0, 0, 10, 9, 5, 0, 5, 0, 0, 0, 10, 0, 0, 6, 0, 5, 5, 7, 10, 0, 7, 0, 0, 0, 0, 6, 8, 10, 9, 8, 4, 0, 0, 0, 0, 9, 8, 7, 0, 0, 6, 6, 7, 0, 6, 0, 0, 8, 0, 8, 7, : 9, 7, 6, 8, 6, 6, 7, 6, 8, 8, 6, 8, 10, 9, 5, 5, 10, 6, 5, 5, 7, 10, 7, 6, 8, 10, 9, 8, 4, 9, 8, 7, 6, 6, 7, 6, 8, 8, 7, 
521: 0, 0, 9, 0, 4, 0, 0, 9, 0, 0, 0, 0, 6, 0, 0, 0, 8, 0, 0, 0, 9, 0, 0, 10, 6, 4, 0, 6, 0, 0, 6, 0, 6, 0, 6, 0, 8, 8, 0, 7, 0, 0, 0, 0, 0, 10, 0, 7, 10, 10, 0, 0, 5, 6, 8, 7, 0, 0, 6, 0, 7, 0, 9, 0, 0, 0, 0, 0, 9, 8, 9, 0, 0, 0, 6, 7, 9, 0, 0, 7, : 9, 4, 9, 6, 8, 9, 10, 6, 4, 6, 6, 6, 6, 8, 8, 7, 10, 7, 10, 10, 5, 6, 8, 7, 6, 7, 9, 9, 8, 9, 6, 7, 9, 7, 
611: 0, 0, 10, 9, 8, 0, 9, 0, 9, 0, 7, 7, 0, 0, 0, 0, 0, 6, 0, 0, 9, 7, 7, 7, 0, 7, 8, 10, 0, 0, 0, 0, 0, 8, 0, 7, 0, 7, 0, 0, 0, 6, 7, 0, 0, 10, 4, 7, 0, 0, 8, 9, 6, 0, 0, 0, 0, 8, 0, 8, 8, 8, 0, 0, 9, 9, 0, 8, 0, 6, 0, 8, 0, 0, 6, 9, 7, 0, 0, 0, : 10, 9, 8, 9, 9, 7, 7, 6, 9, 7, 7, 7, 7, 8, 10, 8, 7, 7, 6, 7, 10, 4, 7, 8, 9, 6, 8, 8, 8, 8, 9, 9, 8, 6, 8, 6, 9, 7, 
665: 8, 0, 6, 9, 7, 0, 7, 0, 7, 6, 0, 10, 10, 6, 0, 0, 0, 9, 9, 0, 0, 0, 6, 10, 0, 7, 0, 0, 0, 0, 0, 8, 6, 7, 0, 0, 6, 8, 7, 0, 0, 0, 9, 0, 8, 0, 0, 0, 0, 0, 8, 0, 7, 0, 5, 0, 0, 8, 6, 7, 0, 9, 8, 7, 6, 0, 8, 8, 7, 7, 7, 0, 8, 0, 7, 9, 0, 7, 0, 6, : 8, 6, 9, 7, 7, 7, 6, 10, 10, 6, 9, 9, 6, 10, 7, 8, 6, 7, 6, 8, 7, 9, 8, 8, 7, 5, 8, 6, 7, 9, 8, 7, 6, 8, 8, 7, 7, 7, 8, 7, 9, 7, 6, 
158: 6, 0, 0, 8, 0, 0, 0, 5, 0, 7, 0, 9, 0, 0, 7, 9, 9, 9, 7, 7, 0, 0, 0, 0, 10, 5, 8, 8, 7, 0, 0, 7, 7, 9, 0, 0, 0, 8, 7, 10, 0, 0, 0, 0, 0, 9, 0, 0, 8, 8, 7, 0, 4, 0, 5, 0, 7, 0, 0, 10, 8, 0, 6, 10, 0, 0, 9, 9, 8, 0, 0, 0, 7, 9, 7, 6, 0, 9, 9, 0, : 6, 8, 5, 7, 9, 7, 9, 9, 9, 7, 7, 10, 5, 8, 8, 7, 7, 7, 9, 8, 7, 10, 9, 8, 8, 7, 4, 5, 7, 10, 8, 6, 10, 9, 9, 8, 7, 9, 7, 6, 9, 9, 
185: 0, 8, 0, 11, 8, 0, 5, 0, 0, 0, 7, 0, 9, 7, 7, 7, 0, 0, 6, 9, 7, 0, 6, 8, 0, 7, 6, 8, 8, 9, 0, 0, 0, 8, 6, 0, 6, 7, 8, 9, 9, 0, 8, 6, 0, 0, 0, 0, 9, 0, 7, 10, 4, 0, 0, 0, 8, 9, 0, 0, 7, 0, 6, 8, 9, 0, 0, 7, 7, 0, 8, 7, 9, 0, 7, 7, 9, 0, 9, 0, : 8, 11, 8, 5, 7, 9, 7, 7, 7, 6, 9, 7, 6, 8, 7, 6, 8, 8, 9, 8, 6, 6, 7, 8, 9, 9, 8, 6, 9, 7, 10, 4, 8, 9, 7, 6, 8, 9, 7, 7, 8, 7, 9, 7, 7, 9, 9, 
95: 7, 5, 6, 0, 0, 0, 0, 0, 0, 7, 0, 0, 10, 0, 6, 8, 6, 7, 6, 7, 0, 7, 0, 0, 0, 0, 8, 7, 7, 9, 0, 7, 7, 0, 9, 8, 0, 0, 0, 0, 0, 7, 0, 9, 6, 8, 0, 0, 6, 6, 0, 0, 9, 6, 10, 9, 0, 0, 8, 9, 0, 0, 8, 9, 0, 8, 6, 0, 0, 7, 7, 6, 0, 0, 7, 0, 7, 8, 7, 7, : 7, 5, 6, 7, 10, 6, 8, 6, 7, 6, 7, 7, 8, 7, 7, 9, 7, 7, 9, 8, 7, 9, 6, 8, 6, 6, 9, 6, 10, 9, 8, 9, 8, 9, 8, 6, 7, 7, 6, 7, 7, 8, 7, 7, 
345: 10, 5, 0, 0, 6, 7, 0, 0, 0, 0, 0, 0, 0, 0, 0, 10, 0, 0, 0, 0, 0, 10, 0, 0, 6, 0, 7, 0, 6, 0, 8, 10, 6, 0, 7, 5, 9, 0, 7, 0, 7, 0, 0, 0, 10, 0, 0, 9, 0, 0, 0, 10, 0, 0, 0, 0, 5, 0, 0, 8, 8, 0, 0, 8, 6, 0, 7, 9, 8, 0, 9, 9, 0, 0, 0, 6, 0, 9, 9, 0, : 10, 5, 6, 7, 10, 10, 6, 7, 6, 8, 10, 6, 7, 5, 9, 7, 7, 10, 9, 10, 5, 8, 8, 8, 6, 7, 9, 8, 9, 9, 6, 9, 9, 
228: 7, 9, 0, 10, 0, 6, 7, 0, 6, 8, 0, 6, 8, 10, 0, 0, 7, 0, 7, 8, 0, 8, 0, 0, 0, 9, 6, 8, 7, 9, 8, 7, 0, 8, 0, 7, 6, 0, 0, 0, 7, 0, 11, 10, 8, 10, 11, 0, 0, 0, 0, 0, 0, 0, 0, 0, 0, 0, 0, 8, 11, 0, 10, 0, 8, 9, 0, 0, 0, 7, 8, 6, 8, 0, 0, 0, 8, 0, 7, 0, : 7, 9, 10, 6, 7, 6, 8, 6, 8, 10, 7, 7, 8, 8, 9, 6, 8, 7, 9, 8, 7, 8, 7, 6, 7, 11, 10, 8, 10, 11, 8, 11, 10, 8, 9, 7, 8, 6, 8, 8, 7, 
756: 10, 7, 0, 10, 0, 0, 0, 6, 6, 8, 0, 0, 6, 6, 8, 0, 6, 9, 8, 10, 0, 7, 0, 8, 0, 0, 0, 7, 0, 8, 0, 0, 7, 0, 0, 10, 0, 0, 8, 0, 0, 6, 7, 7, 11, 0, 5, 0, 0, 0, 6, 0, 8, 0, 8, 0, 5, 6, 0, 7, 9, 7, 6, 9, 0, 6, 9, 8, 8, 8, 0, 0, 7, 0, 8, 0, 8, 6, 9, 8, : 10, 7, 10, 6, 6, 8, 6, 6, 8, 6, 9, 8, 10, 7, 8, 7, 8, 7, 10, 8, 6, 7, 7, 11, 5, 6, 8, 8, 5, 6, 7, 9, 7, 6, 9, 6, 9, 8, 8, 8, 7, 8, 8, 6, 9, 8, 
501: 0, 0, 11, 0, 6, 9, 0, 0, 7, 11, 6, 0, 0, 7, 6, 0, 0, 0, 9, 0, 7, 0, 0, 4, 6, 0, 7, 8, 0, 11, 8, 0, 9, 8, 5, 0, 7, 0, 6, 8, 0, 8, 0, 0, 0, 5, 10, 0, 9, 9, 0, 0, 0, 7, 6, 0, 0, 0, 0, 0, 8, 0, 0, 0, 9, 11, 0, 0, 0, 0, 8, 0, 8, 0, 0, 0, 8, 0, 6, 0, : 11, 6, 9, 7, 11, 6, 7, 6, 9, 7, 4, 6, 7, 8, 11, 8, 9, 8, 5, 7, 6, 8, 8, 5, 10, 9, 9, 7, 6, 8, 9, 11, 8, 8, 8, 6, 
195: 0, 10, 6, 9, 0, 0, 8, 0, 0, 0, 0, 0, 8, 6, 0, 9, 6, 7, 0, 0, 7, 0, 10, 0, 0, 0, 0, 7, 0, 5, 6, 0, 0, 0, 0, 7, 6, 7, 0, 0, 9, 5, 0, 0, 0, 7, 8, 9, 0, 0, 0, 9, 8, 7, 7, 9, 7, 0, 0, 0, 0, 7, 9, 0, 0, 9, 6, 8, 8, 0, 0, 9, 0, 0, 8, 8, 0, 0, 8, 8, : 10, 6, 9, 8, 8, 6, 9, 6, 7, 7, 10, 7, 5, 6, 7, 6, 7, 9, 5, 7, 8, 9, 9, 8, 7, 7, 9, 7, 7, 9, 9, 6, 8, 8, 9, 8, 8, 8, 8, 
293: 0, 0, 0, 7, 5, 11, 9, 8, 0, 9, 0, 8, 10, 7, 9, 8, 6, 0, 7, 0, 7, 0, 7, 0, 0, 9, 0, 0, 0, 5, 10, 9, 8, 8, 0, 8, 0, 0, 5, 8, 6, 0, 9, 0, 0, 0, 0, 10, 0, 10, 0, 7, 0, 0, 0, 0, 9, 0, 6, 6, 0, 5, 7, 0, 0, 0, 0, 7, 9, 0, 0, 0, 8, 7, 0, 0, 7, 7, 8, 8, : 7, 5, 11, 9, 8, 9, 8, 10, 7, 9, 8, 6, 7, 7, 7, 9, 5, 10, 9, 8, 8, 8, 5, 8, 6, 9, 10, 10, 7, 9, 6, 6, 5, 7, 7, 9, 8, 7, 7, 7, 8, 8, 
282: 0, 7, 7, 8, 0, 0, 8, 0, 10, 0, 6, 6, 0, 0, 0, 0, 9, 0, 6, 0, 8, 8, 7, 0, 7, 8, 0, 8, 9, 10, 0, 7, 0, 8, 10, 0, 0, 0, 7, 6, 9, 8, 9, 8, 6, 0, 7, 6, 0, 9, 10, 0, 0, 5, 0, 0, 0, 8, 0, 0, 10, 0, 7, 8, 8, 0, 0, 0, 0, 0, 0, 7, 8, 9, 9, 9, 0, 0, 8, 6, : 7, 7, 8, 8, 10, 6, 6, 9, 6, 8, 8, 7, 7, 8, 8, 9, 10, 7, 8, 10, 7, 6, 9, 8, 9, 8, 6, 7, 6, 9, 10, 5, 8, 10, 7, 8, 8, 7, 8, 9, 9, 9, 8, 6, 
442: 0, 0, 0, 0, 0, 8, 0, 0, 7, 6, 6, 0, 9, 0, 8, 9, 10, 7, 8, 6, 8, 10, 10, 0, 0, 9, 0, 0, 0, 8, 0, 7, 0, 8, 0, 0, 0, 0, 0, 7, 6, 9, 8, 8, 0, 0, 0, 7, 10, 9, 0, 5, 8, 0, 0, 8, 0, 7, 7, 0, 7, 7, 0, 0, 0, 7, 8, 0, 7, 8, 0, 0, 7, 0, 0, 7, 8, 9, 0, 9, : 8, 7, 6, 6, 9, 8, 9, 10, 7, 8, 6, 8, 10, 10, 9, 8, 7, 8, 7, 6, 9, 8, 8, 7, 10, 9, 5, 8, 8, 7, 7, 7, 7, 7, 8, 7, 8, 7, 7, 8, 9, 9, 
199: 0, 6, 0, 6, 0, 7, 10, 11, 0, 6, 0, 0, 8, 7, 0, 9, 0, 0, 0, 0, 0, 0, 0, 10, 7, 0, 8, 9, 0, 0, 6, 0, 0, 9, 0, 6, 8, 0, 7, 7, 10, 7, 9, 6, 0, 0, 0, 0, 7, 0, 7, 0, 0, 0, 0, 8, 10, 5, 0, 0, 6, 0, 0, 8, 0, 0, 8, 8, 0, 0, 7, 8, 9, 0, 0, 7, 9, 8, 0, 6, : 6, 6, 7, 10, 11, 6, 8, 7, 9, 10, 7, 8, 9, 6, 9, 6, 8, 7, 7, 10, 7, 9, 6, 7, 7, 8, 10, 5, 6, 8, 8, 8, 7, 8, 9, 7, 9, 8, 6, 
522: 0, 8, 9, 7, 9, 7, 7, 5, 0, 7, 0, 0, 0, 10, 6, 0, 0, 9, 0, 9, 8, 8, 0, 10, 9, 0, 8, 8, 6, 0, 0, 0, 8, 0, 0, 7, 9, 0, 0, 0, 0, 5, 0, 7, 8, 0, 0, 0, 0, 7, 7, 6, 0, 9, 0, 0, 0, 0, 8, 0, 8, 0, 0, 0, 0, 8, 0, 0, 8, 8, 0, 0, 0, 0, 8, 9, 6, 8, 0, 0, : 8, 9, 7, 9, 7, 7, 5, 7, 10, 6, 9, 9, 8, 8, 10, 9, 8, 8, 6, 8, 7, 9, 5, 7, 8, 7, 7, 6, 9, 8, 8, 8, 8, 8, 8, 9, 6, 8, 
714: 0, 8, 8, 0, 0, 0, 0, 7, 0, 0, 0, 0, 7, 7, 0, 7, 0, 0, 0, 0, 8, 0, 0, 0, 0, 0, 9, 0, 9, 9, 0, 10, 0, 5, 10, 10, 6, 6, 0, 5, 6, 6, 9, 6, 0, 4, 7, 0, 7, 0, 6, 5, 10, 9, 7, 0, 8, 0, 6, 7, 11, 11, 0, 7, 7, 8, 0, 7, 8, 0, 9, 9, 8, 0, 0, 0, 0, 0, 6, 0, : 8, 8, 7, 7, 7, 7, 8, 9, 9, 9, 10, 5, 10, 10, 6, 6, 5, 6, 6, 9, 6, 4, 7, 7, 6, 5, 10, 9, 7, 8, 6, 7, 11, 11, 7, 7, 8, 7, 8, 9, 9, 8, 6, 
234: 8, 8, 0, 9, 7, 0, 0, 0, 0, 9, 0, 0, 0, 6, 6, 9, 0, 0, 6, 8, 7, 0, 0, 0, 4, 7, 9, 0, 8, 6, 5, 0, 5, 0, 8, 0, 0, 10, 0, 9, 0, 7, 0, 9, 8, 0, 8, 5, 8, 7, 0, 0, 0, 9, 8, 0, 0, 0, 9, 0, 9, 9, 0, 0, 9, 0, 0, 8, 7, 0, 0, 0, 0, 0, 0, 8, 0, 7, 8, 0, : 8, 8, 9, 7, 9, 6, 6, 9, 6, 8, 7, 4, 7, 9, 8, 6, 5, 5, 8, 10, 9, 7, 9, 8, 8, 5, 8, 7, 9, 8, 9, 9, 9, 9, 8, 7, 8, 7, 8, 
746: 0, 0, 0, 8, 0, 0, 0, 8, 0, 0, 7, 7, 7, 8, 0, 0, 0, 0, 0, 0, 0, 0, 0, 9, 0, 8, 0, 7, 0, 8, 9, 0, 0, 9, 6, 10, 0, 7, 0, 8, 0, 0, 0, 6, 0, 0, 8, 4, 6, 7, 0, 0, 9, 0, 0, 7, 0, 0, 0, 10, 0, 8, 7, 6, 7, 7, 0, 0, 8, 7, 7, 8, 0, 9, 0, 0, 0, 8, 0, 0, : 8, 8, 7, 7, 7, 8, 9, 8, 7, 8, 9, 9, 6, 10, 7, 8, 6, 8, 4, 6, 7, 9, 7, 10, 8, 7, 6, 7, 7, 8, 7, 7, 8, 9, 8, 
791: 0, 7, 9, 7, 0, 8, 7, 0, 0, 8, 8, 8, 7, 0, 9, 0, 0, 0, 6, 0, 0, 0, 0, 0, 9, 5, 0, 0, 0, 7, 0, 0, 8, 7, 7, 0, 7, 9, 0, 0, 0, 0, 0, 6, 9, 8, 0, 0, 0, 8, 0, 0, 9, 0, 0, 6, 0, 7, 0, 0, 0, 0, 0, 0, 9, 8, 10, 0, 0, 8, 0, 7, 8, 9, 0, 0, 8, 0, 0, 0, : 7, 9, 7, 8, 7, 8, 8, 8, 7, 9, 6, 9, 5, 7, 8, 7, 7, 7, 9, 6, 9, 8, 8, 9, 6, 7, 9, 8, 10, 8, 7, 8, 9, 8, 
113: 0, 10, 7, 0, 9, 0, 0, 5, 7, 0, 9, 0, 0, 8, 0, 0, 9, 0, 8, 8, 8, 0, 0, 0, 9, 9, 8, 0, 8, 6, 7, 9, 8, 8, 9, 7, 0, 7, 5, 0, 0, 7, 0, 0, 7, 9, 0, 0, 8, 0, 8, 0, 6, 6, 0, 8, 10, 5, 0, 0, 9, 0, 8, 9, 0, 0, 0, 9, 8, 0, 8, 0, 8, 8, 9, 0, 0, 8, 7, 0, : 10, 7, 9, 5, 7, 9, 8, 9, 8, 8, 8, 9, 9, 8, 8, 6, 7, 9, 8, 8, 9, 7, 7, 5, 7, 7, 9, 8, 8, 6, 6, 8, 10, 5, 9, 8, 9, 9, 8, 8, 8, 8, 9, 8, 7, 


175: 0, 8, 0, 0, 10, 9, 10, 6, 10, 0, 0, 9, 0, 7, 7, 0, 0, 7, 0, 0, 0, 6, 0, 0, 0, 0, 5, 0, 10, 6, 7, 0, 0, 9, 0, 0, 6, 5, 0, 6, 0, 0, 0, 7, 0, 6, 9, 0, 0, 8, 0, 0, 0, 0, 0, 0, 0, 0, 7, 0, 7, 0, 0, 9, 7, 0, 0, 9, 0, 6, 0, 0, 0, 8, 0, 0, 0, 8, 0, 0, : 8, 10, 9, 10, 6, 10, 9, 7, 7, 7, 6, 5, 10, 6, 7, 9, 6, 5, 6, 7, 6, 9, 8, 7, 7, 9, 7, 9, 6, 8, 8, 
379: 0, 9, 8, 0, 7, 0, 0, 0, 7, 0, 0, 0, 8, 7, 7, 10, 0, 9, 0, 6, 8, 0, 6, 0, 0, 0, 0, 0, 9, 0, 0, 0, 0, 0, 0, 0, 10, 0, 0, 7, 5, 7, 10, 0, 0, 7, 10, 7, 6, 0, 0, 0, 0, 0, 6, 6, 9, 0, 0, 7, 0, 6, 9, 7, 7, 0, 8, 0, 7, 7, 8, 0, 8, 0, 8, 0, 8, 0, 8, 8, : 9, 8, 7, 7, 8, 7, 7, 10, 9, 6, 8, 6, 9, 10, 7, 5, 7, 10, 7, 10, 7, 6, 6, 6, 9, 7, 6, 9, 7, 7, 8, 7, 7, 8, 8, 8, 8, 8, 8, 
371: 7, 8, 8, 0, 0, 8, 0, 8, 0, 6, 0, 9, 8, 0, 9, 0, 8, 0, 6, 0, 0, 8, 7, 0, 0, 10, 7, 5, 0, 0, 0, 0, 0, 0, 7, 0, 0, 7, 0, 9, 0, 0, 9, 10, 8, 0, 0, 0, 0, 7, 6, 7, 0, 9, 0, 6, 0, 9, 0, 7, 0, 9, 7, 7, 8, 6, 9, 8, 7, 0, 8, 8, 0, 9, 0, 8, 0, 0, 9, 0, : 7, 8, 8, 8, 8, 6, 9, 8, 9, 8, 6, 8, 7, 10, 7, 5, 7, 7, 9, 9, 10, 8, 7, 6, 7, 9, 6, 9, 7, 9, 7, 7, 8, 6, 9, 8, 7, 8, 8, 9, 8, 9, 
187: 0, 6, 0, 8, 10, 0, 0, 7, 0, 0, 0, 10, 7, 0, 0, 0, 0, 0, 0, 7, 8, 6, 9, 0, 0, 0, 9, 11, 0, 0, 8, 7, 9, 6, 10, 0, 5, 7, 0, 0, 6, 0, 7, 0, 0, 9, 0, 0, 8, 9, 6, 6, 8, 7, 7, 0, 8, 0, 9, 0, 0, 0, 8, 0, 0, 7, 0, 0, 0, 8, 0, 6, 0, 8, 0, 8, 0, 0, 7, 0, : 6, 8, 10, 7, 10, 7, 7, 8, 6, 9, 9, 11, 8, 7, 9, 6, 10, 5, 7, 6, 7, 9, 8, 9, 6, 6, 8, 7, 7, 8, 9, 8, 7, 8, 6, 8, 8, 7, 
153: 0, 7, 10, 0, 0, 7, 7, 10, 6, 0, 9, 8, 0, 0, 0, 0, 9, 0, 0, 7, 0, 9, 8, 8, 8, 11, 10, 0, 0, 9, 0, 6, 7, 6, 0, 10, 0, 0, 8, 0, 9, 0, 9, 0, 5, 0, 0, 9, 0, 9, 8, 8, 6, 9, 0, 7, 0, 0, 6, 10, 8, 0, 0, 0, 0, 0, 0, 8, 8, 0, 7, 0, 8, 0, 0, 9, 0, 7, 8, 0, : 7, 10, 7, 7, 10, 6, 9, 8, 9, 7, 9, 8, 8, 8, 11, 10, 9, 6, 7, 6, 10, 8, 9, 9, 5, 9, 9, 8, 8, 6, 9, 7, 6, 10, 8, 8, 8, 7, 8, 9, 7, 8, 
713: 0, 8, 5, 8, 8, 0, 8, 6, 0, 0, 0, 6, 8, 8, 0, 0, 10, 6, 4, 0, 0, 8, 6, 9, 5, 6, 0, 0, 8, 0, 0, 0, 0, 0, 0, 7, 8, 0, 0, 9, 8, 9, 8, 0, 10, 0, 7, 0, 8, 9, 8, 6, 8, 0, 8, 0, 8, 0, 0, 9, 8, 0, 0, 0, 7, 7, 6, 9, 0, 8, 0, 8, 8, 0, 9, 0, 0, 6, 6, 0, : 8, 5, 8, 8, 8, 6, 6, 8, 8, 10, 6, 4, 8, 6, 9, 5, 6, 8, 7, 8, 9, 8, 9, 8, 10, 7, 8, 9, 8, 6, 8, 8, 8, 9, 8, 7, 7, 6, 9, 8, 8, 8, 9, 6, 6, 
161: 0, 0, 8, 0, 8, 0, 0, 0, 8, 7, 8, 0, 0, 10, 0, 0, 8, 7, 0, 7, 0, 6, 8, 8, 8, 5, 0, 0, 0, 0, 0, 10, 0, 7, 7, 7, 0, 9, 8, 0, 0, 8, 0, 0, 0, 0, 0, 0, 9, 10, 8, 5, 0, 0, 0, 8, 0, 10, 0, 6, 0, 7, 5, 6, 0, 7, 7, 0, 7, 0, 8, 8, 0, 0, 8, 9, 6, 0, 0, 9, : 8, 8, 8, 7, 8, 10, 8, 7, 7, 6, 8, 8, 8, 5, 10, 7, 7, 7, 9, 8, 8, 9, 10, 8, 5, 8, 10, 6, 7, 5, 6, 7, 7, 7, 8, 8, 8, 9, 6, 9, 
312: 0, 5, 0, 0, 0, 7, 8, 7, 0, 9, 0, 0, 0, 7, 8, 0, 0, 9, 7, 0, 0, 0, 7, 0, 0, 0, 0, 0, 0, 0, 11, 0, 5, 8, 5, 0, 7, 6, 6, 11, 0, 9, 9, 0, 8, 8, 0, 0, 0, 10, 0, 0, 8, 0, 7, 0, 9, 0, 0, 6, 7, 7, 0, 0, 0, 5, 0, 8, 0, 9, 8, 0, 8, 7, 0, 0, 8, 8, 0, 6, : 5, 7, 8, 7, 9, 7, 8, 9, 7, 7, 11, 5, 8, 5, 7, 6, 6, 11, 9, 9, 8, 8, 10, 8, 7, 9, 6, 7, 7, 5, 8, 9, 8, 8, 7, 8, 8, 6, 
614: 8, 0, 0, 7, 0, 0, 0, 6, 6, 0, 0, 7, 7, 0, 0, 6, 0, 0, 8, 7, 0, 8, 0, 6, 7, 7, 0, 6, 9, 8, 0, 0, 9, 10, 0, 5, 10, 0, 9, 10, 0, 0, 7, 8, 10, 7, 0, 0, 0, 0, 0, 8, 0, 0, 7, 0, 8, 0, 0, 9, 6, 0, 8, 7, 0, 6, 0, 0, 0, 8, 0, 0, 0, 8, 9, 0, 0, 8, 0, 0, : 8, 7, 6, 6, 7, 7, 6, 8, 7, 8, 6, 7, 7, 6, 9, 8, 9, 10, 5, 10, 9, 10, 7, 8, 10, 7, 8, 7, 8, 9, 6, 8, 7, 6, 8, 8, 9, 8, 
426: 8, 0, 9, 8, 0, 11, 9, 0, 10, 8, 6, 8, 10, 0, 0, 0, 0, 0, 6, 8, 7, 8, 6, 0, 8, 0, 7, 0, 5, 0, 0, 7, 10, 0, 7, 0, 0, 0, 0, 5, 11, 5, 0, 7, 9, 0, 6, 7, 10, 6, 0, 0, 0, 0, 9, 0, 9, 0, 10, 0, 0, 0, 7, 0, 9, 0, 7, 7, 0, 0, 0, 7, 6, 8, 8, 0, 0, 0, 0, 0, : 8, 9, 8, 11, 9, 10, 8, 6, 8, 10, 6, 8, 7, 8, 6, 8, 7, 5, 7, 10, 7, 5, 11, 5, 7, 9, 6, 7, 10, 6, 9, 9, 10, 7, 9, 7, 7, 7, 6, 8, 8, 
279: 0, 9, 8, 7, 8, 7, 7, 9, 8, 6, 0, 10, 9, 0, 0, 0, 0, 0, 9, 6, 6, 0, 0, 6, 0, 0, 9, 5, 5, 9, 9, 4, 0, 0, 0, 0, 0, 0, 9, 0, 5, 6, 8, 8, 9, 0, 7, 7, 7, 0, 7, 0, 0, 8, 0, 8, 0, 0, 9, 0, 7, 0, 0, 10, 9, 0, 8, 6, 8, 0, 0, 0, 7, 8, 6, 9, 7, 5, 0, 0, : 9, 8, 7, 8, 7, 7, 9, 8, 6, 10, 9, 9, 6, 6, 6, 9, 5, 5, 9, 9, 4, 9, 5, 6, 8, 8, 9, 7, 7, 7, 7, 8, 8, 9, 7, 10, 9, 8, 6, 8, 7, 8, 6, 9, 7, 5, 
753: 0, 0, 0, 0, 5, 5, 0, 0, 0, 0, 0, 0, 0, 8, 0, 9, 10, 6, 0, 0, 6, 9, 8, 0, 11, 0, 10, 5, 9, 7, 0, 8, 9, 0, 5, 0, 0, 8, 0, 0, 0, 0, 6, 9, 0, 5, 0, 0, 6, 5, 0, 7, 9, 6, 9, 7, 0, 9, 0, 0, 8, 8, 9, 0, 0, 0, 0, 8, 0, 0, 8, 8, 9, 0, 9, 0, 0, 0, 8, 6, : 5, 5, 8, 9, 10, 6, 6, 9, 8, 11, 10, 5, 9, 7, 8, 9, 5, 8, 6, 9, 5, 6, 5, 7, 9, 6, 9, 7, 9, 8, 8, 9, 8, 8, 8, 9, 9, 8, 6, 
726: 8, 7, 0, 0, 0, 8, 0, 8, 0, 0, 9, 9, 0, 9, 8, 0, 8, 6, 8, 0, 6, 0, 0, 0, 0, 7, 11, 8, 9, 0, 7, 10, 0, 0, 9, 4, 8, 8, 0, 0, 0, 0, 0, 0, 0, 0, 8, 0, 0, 0, 0, 7, 7, 8, 0, 0, 0, 0, 0, 8, 0, 0, 0, 9, 7, 7, 9, 5, 0, 0, 0, 9, 8, 0, 9, 7, 8, 0, 0, 0, : 8, 7, 8, 8, 9, 9, 9, 8, 8, 6, 8, 6, 7, 11, 8, 9, 7, 10, 9, 4, 8, 8, 8, 7, 7, 8, 8, 9, 7, 7, 9, 5, 9, 8, 9, 7, 8, 
643: 0, 0, 0, 0, 0, 10, 0, 0, 0, 0, 6, 8, 6, 0, 0, 7, 6, 9, 6, 0, 0, 7, 0, 9, 0, 0, 6, 10, 6, 10, 0, 6, 0, 0, 8, 4, 9, 10, 0, 0, 8, 0, 7, 7, 0, 7, 9, 10, 9, 0, 0, 0, 0, 0, 7, 9, 9, 7, 0, 7, 7, 0, 0, 8, 5, 0, 0, 0, 0, 8, 0, 0, 0, 7, 8, 8, 0, 7, 0, 0, : 10, 6, 8, 6, 7, 6, 9, 6, 7, 9, 6, 10, 6, 10, 6, 8, 4, 9, 10, 8, 7, 7, 7, 9, 10, 9, 7, 9, 9, 7, 7, 7, 8, 5, 8, 7, 8, 8, 7, 
81: 7, 0, 0, 7, 9, 5, 8, 0, 0, 0, 6, 0, 6, 9, 7, 8, 0, 0, 9, 6, 0, 0, 0, 10, 0, 0, 0, 0, 8, 7, 8, 9, 0, 0, 8, 9, 0, 9, 0, 0, 0, 0, 0, 0, 0, 8, 10, 0, 0, 7, 0, 0, 0, 9, 0, 6, 0, 0, 9, 7, 7, 0, 0, 0, 0, 0, 0, 8, 7, 0, 0, 0, 9, 0, 7, 6, 8, 0, 0, 9, : 7, 7, 9, 5, 8, 6, 6, 9, 7, 8, 9, 6, 10, 8, 7, 8, 9, 8, 9, 9, 8, 10, 7, 9, 6, 9, 7, 7, 8, 7, 9, 7, 6, 8, 9, 
788: 8, 0, 0, 6, 6, 0, 0, 8, 5, 9, 0, 8, 8, 10, 8, 7, 0, 0, 6, 6, 0, 6, 0, 0, 7, 0, 0, 5, 5, 0, 9, 5, 9, 8, 0, 0, 0, 5, 5, 5, 0, 0, 0, 0, 8, 0, 8, 10, 0, 0, 0, 8, 9, 8, 0, 0, 0, 0, 6, 0, 0, 7, 7, 8, 8, 7, 0, 9, 0, 0, 0, 0, 0, 6, 6, 0, 9, 0, 8, 0, : 8, 6, 6, 8, 5, 9, 8, 8, 10, 8, 7, 6, 6, 6, 7, 5, 5, 9, 5, 9, 8, 5, 5, 5, 8, 8, 10, 8, 9, 8, 6, 7, 7, 8, 8, 7, 9, 6, 6, 9, 8, 
58: 8, 8, 6, 7, 0, 0, 9, 0, 9, 7, 0, 0, 0, 0, 9, 7, 0, 0, 7, 7, 6, 0, 5, 0, 6, 0, 0, 0, 0, 0, 0, 11, 10, 0, 0, 0, 0, 0, 8, 0, 10, 0, 0, 0, 0, 0, 0, 7, 0, 0, 8, 0, 0, 0, 0, 0, 10, 6, 0, 6, 0, 9, 7, 0, 9, 7, 9, 0, 7, 7, 6, 7, 7, 0, 9, 0, 5, 9, 9, 8, : 8, 8, 6, 7, 9, 9, 7, 9, 7, 7, 7, 6, 5, 6, 11, 10, 8, 10, 7, 8, 10, 6, 6, 9, 7, 9, 7, 9, 7, 7, 6, 7, 7, 9, 5, 9, 9, 8, 
668: 0, 0, 0, 0, 8, 9, 0, 8, 7, 0, 0, 0, 0, 10, 0, 0, 0, 0, 0, 0, 0, 0, 4, 0, 8, 7, 0, 9, 7, 0, 0, 0, 7, 9, 0, 9, 0, 6, 0, 0, 0, 8, 0, 9, 0, 5, 0, 5, 0, 0, 0, 8, 8, 0, 7, 0, 8, 0, 8, 0, 0, 7, 6, 8, 7, 0, 0, 0, 0, 9, 0, 0, 0, 0, 9, 0, 9, 0, 0, 7, : 8, 9, 8, 7, 10, 4, 8, 7, 9, 7, 7, 9, 9, 6, 8, 9, 5, 5, 8, 8, 7, 8, 8, 7, 6, 8, 7, 9, 9, 9, 7, 
342: 0, 6, 0, 9, 0, 6, 6, 6, 0, 8, 0, 0, 8, 7, 0, 0, 0, 0, 0, 8, 8, 6, 0, 11, 8, 9, 6, 0, 0, 0, 9, 0, 0, 0, 0, 8, 6, 0, 0, 10, 0, 0, 0, 0, 7, 8, 7, 9, 7, 5, 9, 0, 10, 9, 0, 8, 6, 7, 0, 0, 8, 7, 7, 10, 0, 8, 0, 7, 8, 9, 0, 8, 0, 6, 0, 7, 0, 0, 0, 8, : 6, 9, 6, 6, 6, 8, 8, 7, 8, 8, 6, 11, 8, 9, 6, 9, 8, 6, 10, 7, 8, 7, 9, 7, 5, 9, 10, 9, 8, 6, 7, 8, 7, 7, 10, 8, 7, 8, 9, 8, 6, 7, 8, 
585: 0, 0, 7, 0, 0, 0, 0, 10, 0, 9, 0, 0, 0, 8, 10, 10, 0, 4, 0, 0, 0, 0, 8, 5, 0, 8, 6, 7, 0, 7, 9, 6, 6, 9, 7, 0, 6, 0, 6, 6, 0, 5, 9, 0, 5, 0, 0, 7, 6, 9, 7, 7, 0, 9, 0, 0, 8, 0, 6, 0, 9, 0, 9, 0, 9, 0, 7, 0, 0, 0, 8, 8, 8, 0, 0, 0, 0, 8, 0, 0, : 7, 10, 9, 8, 10, 10, 4, 8, 5, 8, 6, 7, 7, 9, 6, 6, 9, 7, 6, 6, 6, 5, 9, 5, 7, 6, 9, 7, 7, 9, 8, 6, 9, 9, 9, 7, 8, 8, 8, 8, 
155: 9, 0, 9, 0, 9, 0, 0, 0, 9, 0, 0, 0, 0, 0, 0, 0, 7, 7, 10, 6, 5, 0, 0, 8, 6, 0, 6, 6, 6, 0, 8, 4, 11, 0, 0, 6, 0, 8, 10, 0, 0, 7, 0, 9, 9, 0, 5, 0, 0, 0, 0, 7, 7, 9, 9, 0, 0, 8, 6, 0, 0, 6, 0, 0, 0, 6, 0, 0, 0, 7, 0, 9, 0, 0, 0, 0, 8, 0, 7, 8, : 9, 9, 9, 9, 7, 7, 10, 6, 5, 8, 6, 6, 6, 6, 8, 4, 11, 6, 8, 10, 7, 9, 9, 5, 7, 7, 9, 9, 8, 6, 6, 6, 7, 9, 8, 7, 8, 
446: 6, 8, 9, 0, 0, 0, 0, 0, 0, 0, 0, 0, 0, 8, 0, 7, 6, 0, 8, 0, 6, 0, 0, 0, 6, 0, 9, 7, 0, 8, 10, 0, 0, 0, 0, 0, 0, 8, 0, 0, 0, 0, 10, 0, 0, 9, 0, 4, 0, 6, 6, 0, 0, 9, 9, 8, 8, 6, 0, 0, 0, 0, 0, 0, 0, 0, 8, 0, 7, 0, 9, 0, 0, 9, 9, 0, 8, 0, 7, 0, : 6, 8, 9, 8, 7, 6, 8, 6, 6, 9, 7, 8, 10, 8, 10, 9, 4, 6, 6, 9, 9, 8, 8, 6, 8, 7, 9, 9, 9, 8, 7, 
669: 8, 8, 8, 0, 0, 0, 0, 0, 8, 7, 0, 6, 8, 0, 0, 0, 6, 7, 7, 7, 0, 0, 6, 6, 0, 8, 7, 0, 6, 8, 0, 0, 7, 9, 0, 8, 0, 6, 0, 9, 5, 7, 9, 9, 9, 0, 0, 0, 6, 0, 7, 8, 0, 0, 5, 0, 0, 0, 0, 0, 10, 7, 0, 7, 8, 8, 0, 0, 0, 0, 0, 8, 9, 9, 8, 0, 0, 8, 8, 0, : 8, 8, 8, 8, 7, 6, 8, 6, 7, 7, 7, 6, 6, 8, 7, 6, 8, 7, 9, 8, 6, 9, 5, 7, 9, 9, 9, 6, 7, 8, 5, 10, 7, 7, 8, 8, 8, 9, 9, 8, 8, 8, 
108: 7, 9, 0, 0, 10, 5, 10, 7, 6, 0, 8, 5, 0, 8, 0, 0, 9, 0, 9, 7, 0, 10, 0, 6, 6, 0, 8, 9, 7, 10, 0, 9, 8, 0, 8, 8, 0, 9, 0, 0, 9, 0, 7, 9, 0, 8, 0, 0, 9, 8, 0, 0, 8, 0, 0, 0, 0, 0, 8, 0, 0, 5, 8, 0, 0, 0, 0, 0, 8, 9, 8, 8, 0, 0, 0, 0, 0, 6, 0, 0, : 7, 9, 10, 5, 10, 7, 6, 8, 5, 8, 9, 9, 7, 10, 6, 6, 8, 9, 7, 10, 9, 8, 8, 8, 9, 9, 7, 9, 8, 9, 8, 8, 8, 5, 8, 8, 9, 8, 8, 6, 
317: 7, 0, 11, 0, 0, 9, 0, 10, 8, 0, 0, 7, 7, 0, 0, 0, 8, 8, 0, 10, 6, 0, 0, 0, 6, 9, 6, 0, 0, 5, 5, 0, 0, 6, 0, 0, 0, 0, 8, 6, 10, 8, 0, 7, 6, 0, 5, 0, 0, 5, 0, 0, 8, 0, 6, 0, 8, 0, 0, 0, 0, 0, 0, 6, 7, 7, 0, 0, 0, 0, 0, 0, 0, 7, 0, 0, 8, 0, 8, 7, : 7, 11, 9, 10, 8, 7, 7, 8, 8, 10, 6, 6, 9, 6, 5, 5, 6, 8, 6, 10, 8, 7, 6, 5, 5, 8, 6, 8, 6, 7, 7, 7, 8, 8, 7, 
354: 8, 8, 6, 0, 0, 6, 8, 0, 8, 6, 8, 0, 9, 0, 0, 0, 6, 5, 0, 0, 9, 6, 10, 0, 7, 0, 0, 0, 0, 8, 0, 0, 8, 0, 0, 0, 4, 0, 0, 0, 0, 0, 8, 0, 0, 8, 6, 5, 0, 0, 0, 9, 10, 0, 8, 0, 7, 0, 0, 9, 7, 9, 0, 0, 8, 9, 0, 8, 8, 7, 0, 0, 0, 0, 0, 8, 0, 0, 0, 0, : 8, 8, 6, 6, 8, 8, 6, 8, 9, 6, 5, 9, 6, 10, 7, 8, 8, 4, 8, 8, 6, 5, 9, 10, 8, 7, 9, 7, 9, 8, 9, 8, 8, 7, 8, 
65: 10, 0, 9, 0, 7, 0, 10, 0, 0, 0, 9, 9, 9, 7, 0, 0, 0, 0, 7, 9, 9, 0, 6, 0, 0, 6, 10, 0, 10, 6, 0, 0, 0, 0, 0, 0, 9, 9, 8, 0, 0, 10, 0, 9, 5, 0, 8, 9, 0, 0, 0, 10, 0, 9, 8, 6, 0, 0, 0, 5, 6, 9, 0, 0, 0, 0, 8, 0, 0, 0, 7, 9, 0, 9, 6, 0, 8, 9, 8, 5, : 10, 9, 7, 10, 9, 9, 9, 7, 7, 9, 9, 6, 6, 10, 10, 6, 9, 9, 8, 10, 9, 5, 8, 9, 10, 9, 8, 6, 5, 6, 9, 8, 7, 9, 9, 6, 8, 9, 8, 5, 
789: 0, 0, 0, 8, 0, 8, 6, 7, 0, 6, 0, 0, 0, 11, 9, 0, 0, 0, 0, 0, 0, 0, 0, 0, 7, 0, 0, 6, 0, 0, 0, 0, 0, 10, 7, 5, 8, 0, 6, 0, 11, 0, 0, 7, 0, 7, 9, 7, 0, 7, 6, 0, 0, 0, 8, 9, 5, 6, 0, 8, 9, 0, 0, 0, 0, 0, 0, 0, 9, 6, 7, 0, 8, 0, 8, 0, 8, 0, 7, 7, : 8, 8, 6, 7, 6, 11, 9, 7, 6, 10, 7, 5, 8, 6, 11, 7, 7, 9, 7, 7, 6, 8, 9, 5, 6, 8, 9, 9, 6, 7, 8, 8, 8, 7, 7, 
322: 0, 0, 0, 0, 0, 0, 0, 0, 9, 0, 8, 10, 0, 0, 0, 0, 7, 11, 0, 10, 7, 6, 0, 0, 7, 0, 0, 6, 9, 0, 8, 0, 0, 8, 7, 7, 10, 8, 0, 5, 8, 0, 8, 8, 0, 0, 5, 0, 0, 11, 7, 7, 7, 0, 7, 9, 0, 0, 0, 0, 0, 0, 0, 9, 0, 7, 8, 9, 0, 7, 0, 0, 7, 8, 0, 8, 8, 0, 8, 6, : 9, 8, 10, 7, 11, 10, 7, 6, 7, 6, 9, 8, 8, 7, 7, 10, 8, 5, 8, 8, 8, 5, 11, 7, 7, 7, 7, 9, 9, 7, 8, 9, 7, 7, 8, 8, 8, 8, 6, 
136: 0, 0, 0, 10, 0, 10, 6, 0, 7, 0, 0, 0, 0, 0, 0, 7, 11, 0, 0, 0, 0, 7, 9, 0, 0, 6, 7, 9, 0, 0, 8, 8, 0, 4, 0, 6, 0, 0, 0, 8, 6, 9, 7, 0, 0, 9, 0, 9, 9, 8, 0, 0, 8, 9, 7, 0, 7, 0, 8, 0, 6, 0, 8, 7, 9, 0, 0, 0, 0, 0, 0, 0, 8, 0, 7, 0, 0, 9, 8, 6, : 10, 10, 6, 7, 7, 11, 7, 9, 6, 7, 9, 8, 8, 4, 6, 8, 6, 9, 7, 9, 9, 9, 8, 8, 9, 7, 7, 8, 6, 8, 7, 9, 8, 7, 9, 8, 6, 
353: 0, 8, 8, 0, 5, 0, 6, 0, 0, 0, 0, 0, 6, 6, 8, 0, 10, 0, 9, 0, 0, 6, 8, 11, 8, 5, 5, 10, 0, 8, 0, 8, 0, 8, 4, 10, 7, 9, 0, 0, 7, 0, 10, 7, 8, 0, 0, 9, 9, 0, 0, 0, 7, 10, 9, 0, 6, 0, 0, 8, 0, 9, 8, 9, 9, 0, 0, 0, 0, 0, 7, 8, 0, 0, 0, 0, 6, 8, 0, 8, : 8, 8, 5, 6, 6, 6, 8, 10, 9, 6, 8, 11, 8, 5, 5, 10, 8, 8, 8, 4, 10, 7, 9, 7, 10, 7, 8, 9, 9, 7, 10, 9, 6, 8, 9, 8, 9, 9, 7, 8, 6, 8, 8, 
708: 8, 0, 0, 7, 9, 0, 10, 0, 0, 8, 0, 0, 7, 0, 6, 0, 6, 0, 0, 5, 0, 0, 0, 0, 10, 10, 7, 0, 0, 0, 8, 0, 0, 0, 0, 9, 0, 6, 8, 0, 8, 9, 0, 0, 7, 6, 0, 0, 9, 0, 8, 0, 0, 0, 7, 9, 0, 9, 6, 9, 8, 0, 0, 0, 7, 0, 8, 8, 7, 8, 0, 0, 0, 7, 0, 0, 6, 7, 0, 7, : 8, 7, 9, 10, 8, 7, 6, 6, 5, 10, 10, 7, 8, 9, 6, 8, 8, 9, 7, 6, 9, 8, 7, 9, 9, 6, 9, 8, 7, 8, 8, 7, 8, 7, 6, 7, 7, 
176: 6, 6, 0, 11, 9, 5, 0, 0, 6, 0, 7, 0, 11, 11, 0, 0, 5, 7, 8, 9, 0, 7, 0, 0, 0, 0, 0, 11, 0, 0, 7, 0, 10, 0, 9, 0, 7, 0, 0, 10, 5, 7, 7, 0, 10, 0, 0, 5, 0, 5, 0, 9, 0, 7, 8, 11, 0, 8, 6, 0, 0, 6, 0, 0, 8, 8, 0, 0, 0, 8, 9, 0, 0, 8, 8, 0, 0, 0, 0, 8, : 6, 6, 11, 9, 5, 6, 7, 11, 11, 5, 7, 8, 9, 7, 11, 7, 10, 9, 7, 10, 5, 7, 7, 10, 5, 5, 9, 7, 8, 11, 8, 6, 6, 8, 8, 8, 9, 8, 8, 8, 
638: 0, 7, 0, 9, 9, 0, 0, 8, 0, 6, 0, 0, 0, 7, 0, 0, 8, 0, 10, 8, 9, 11, 0, 8, 6, 9, 0, 0, 0, 7, 0, 0, 6, 4, 0, 7, 8, 10, 0, 8, 0, 0, 0, 0, 7, 0, 0, 0, 0, 9, 0, 7, 0, 0, 0, 0, 8, 0, 0, 8, 9, 0, 0, 0, 0, 0, 8, 8, 0, 8, 8, 8, 8, 5, 0, 8, 7, 6, 8, 0, : 7, 9, 9, 8, 6, 7, 8, 10, 8, 9, 11, 8, 6, 9, 7, 6, 4, 7, 8, 10, 8, 7, 9, 7, 8, 8, 9, 8, 8, 8, 8, 8, 8, 5, 8, 7, 6, 8, 
39: 0, 9, 6, 0, 0, 9, 8, 5, 6, 0, 0, 0, 0, 0, 7, 8, 0, 0, 0, 8, 0, 5, 9, 0, 0, 0, 8, 9, 0, 0, 0, 0, 4, 0, 6, 9, 8, 8, 10, 0, 0, 0, 8, 0, 0, 5, 7, 0, 7, 0, 6, 11, 9, 7, 0, 8, 7, 7, 7, 9, 0, 0, 0, 0, 0, 0, 8, 7, 8, 0, 8, 0, 8, 9, 7, 0, 7, 8, 0, 0, : 9, 6, 9, 8, 5, 6, 7, 8, 8, 5, 9, 8, 9, 4, 6, 9, 8, 8, 10, 8, 5, 7, 7, 6, 11, 9, 7, 8, 7, 7, 7, 9, 8, 7, 8, 8, 8, 9, 7, 7, 8, 
44: 10, 0, 8, 0, 5, 0, 0, 0, 0, 7, 0, 0, 0, 0, 4, 10, 9, 7, 0, 0, 0, 7, 8, 0, 0, 0, 0, 6, 4, 7, 6, 0, 8, 0, 6, 7, 0, 0, 8, 0, 0, 0, 0, 6, 0, 0, 0, 0, 0, 0, 6, 0, 8, 0, 7, 8, 7, 8, 0, 0, 0, 8, 9, 6, 0, 8, 0, 0, 0, 8, 8, 0, 8, 7, 0, 7, 8, 8, 6, 0, : 10, 8, 5, 7, 4, 10, 9, 7, 7, 8, 6, 4, 7, 6, 8, 6, 7, 8, 6, 6, 8, 7, 8, 7, 8, 8, 9, 6, 8, 8, 8, 8, 7, 7, 8, 8, 6, 
143: 0, 8, 0, 0, 0, 8, 0, 7, 9, 8, 8, 6, 7, 8, 9, 7, 7, 7, 0, 9, 0, 0, 0, 8, 9, 0, 7, 0, 0, 0, 4, 5, 9, 0, 7, 0, 0, 6, 10, 8, 0, 0, 6, 9, 7, 0, 0, 0, 0, 10, 0, 0, 0, 0, 8, 0, 6, 8, 8, 0, 5, 0, 0, 7, 6, 0, 9, 0, 0, 0, 0, 7, 9, 0, 6, 0, 9, 8, 0, 0, : 8, 8, 7, 9, 8, 8, 6, 7, 8, 9, 7, 7, 7, 9, 8, 9, 7, 4, 5, 9, 7, 6, 10, 8, 6, 9, 7, 10, 8, 6, 8, 8, 5, 7, 6, 9, 7, 9, 6, 9, 8, 
444: 8, 0, 7, 0, 0, 9, 0, 0, 7, 0, 8, 0, 10, 7, 0, 0, 8, 9, 0, 7, 10, 5, 9, 0, 10, 11, 0, 0, 7, 10, 0, 0, 9, 8, 10, 8, 7, 0, 9, 6, 0, 8, 6, 5, 0, 0, 7, 9, 7, 8, 0, 0, 10, 6, 9, 8, 0, 0, 8, 0, 0, 8, 7, 8, 0, 0, 7, 8, 0, 0, 0, 8, 0, 0, 0, 0, 0, 0, 8, 9, : 8, 7, 9, 7, 8, 10, 7, 8, 9, 7, 10, 5, 9, 10, 11, 7, 10, 9, 8, 10, 8, 7, 9, 6, 8, 6, 5, 7, 9, 7, 8, 10, 6, 9, 8, 8, 8, 7, 8, 7, 8, 8, 8, 9, 
226: 0, 11, 0, 5, 9, 0, 5, 9, 0, 0, 0, 7, 7, 0, 9, 7, 6, 8, 9, 0, 7, 9, 0, 0, 11, 8, 0, 8, 8, 0, 0, 11, 9, 6, 0, 10, 0, 0, 8, 0, 0, 0, 0, 0, 0, 0, 10, 0, 4, 10, 7, 0, 8, 5, 0, 8, 0, 7, 7, 8, 8, 0, 10, 0, 6, 9, 0, 0, 9, 8, 8, 0, 7, 0, 0, 0, 0, 0, 0, 9, : 11, 5, 9, 5, 9, 7, 7, 9, 7, 6, 8, 9, 7, 9, 11, 8, 8, 8, 11, 9, 6, 10, 8, 10, 4, 10, 7, 8, 5, 8, 7, 7, 8, 8, 10, 6, 9, 9, 8, 8, 7, 9, 
56: 6, 0, 6, 0, 7, 10, 8, 0, 0, 8, 0, 0, 7, 7, 7, 9, 0, 0, 7, 8, 0, 0, 10, 0, 0, 10, 0, 8, 0, 4, 0, 0, 0, 9, 0, 7, 7, 9, 5, 0, 0, 0, 7, 0, 0, 0, 7, 0, 0, 0, 10, 0, 0, 6, 7, 6, 0, 0, 7, 6, 0, 8, 0, 8, 0, 0, 8, 0, 7, 0, 6, 8, 0, 0, 0, 0, 8, 6, 9, 7, : 6, 6, 7, 10, 8, 8, 7, 7, 7, 9, 7, 8, 10, 10, 8, 4, 9, 7, 7, 9, 5, 7, 7, 10, 6, 7, 6, 7, 6, 8, 8, 8, 7, 6, 8, 8, 6, 9, 7, 
491: 0, 0, 7, 0, 9, 6, 0, 0, 0, 9, 6, 6, 11, 0, 0, 7, 0, 10, 11, 0, 0, 9, 5, 7, 0, 6, 9, 0, 9, 8, 0, 8, 0, 0, 9, 0, 0, 7, 9, 0, 6, 6, 0, 7, 0, 0, 0, 9, 0, 0, 6, 0, 0, 0, 6, 6, 0, 8, 0, 0, 0, 8, 0, 0, 0, 0, 0, 0, 0, 5, 0, 0, 0, 9, 6, 8, 0, 0, 0, 0, : 7, 9, 6, 9, 6, 6, 11, 7, 10, 11, 9, 5, 7, 6, 9, 9, 8, 8, 9, 7, 9, 6, 6, 7, 9, 6, 6, 6, 8, 8, 5, 9, 6, 8, 
263: 0, 7, 0, 9, 0, 0, 8, 0, 6, 0, 7, 8, 6, 0, 7, 0, 0, 0, 9, 8, 0, 7, 0, 0, 6, 0, 6, 8, 0, 0, 10, 0, 9, 0, 0, 7, 10, 7, 0, 0, 9, 10, 0, 0, 0, 9, 4, 0, 6, 10, 5, 7, 0, 7, 0, 8, 0, 8, 0, 0, 0, 7, 9, 7, 9, 0, 0, 0, 9, 0, 8, 8, 6, 0, 0, 8, 0, 9, 0, 0, : 7, 9, 8, 6, 7, 8, 6, 7, 9, 8, 7, 6, 6, 8, 10, 9, 7, 10, 7, 9, 10, 9, 4, 6, 10, 5, 7, 7, 8, 8, 7, 9, 7, 9, 9, 8, 8, 6, 8, 9, 
780: 0, 0, 8, 9, 7, 0, 0, 0, 10, 8, 0, 0, 0, 0, 6, 6, 0, 6, 0, 0, 0, 0, 0, 6, 0, 0, 0, 0, 7, 0, 0, 0, 0, 0, 0, 6, 0, 0, 6, 0, 0, 8, 0, 0, 6, 0, 0, 7, 0, 9, 4, 6, 10, 9, 0, 0, 8, 0, 8, 0, 0, 0, 0, 0, 0, 0, 7, 7, 7, 8, 0, 9, 7, 0, 5, 5, 0, 9, 6, 8, : 8, 9, 7, 10, 8, 6, 6, 6, 6, 7, 6, 6, 8, 6, 7, 9, 4, 6, 10, 9, 8, 8, 7, 7, 7, 8, 9, 7, 5, 5, 9, 6, 8, 
205: 0, 8, 0, 7, 8, 6, 6, 0, 9, 6, 9, 0, 0, 7, 0, 8, 0, 11, 0, 0, 0, 0, 10, 0, 7, 8, 9, 7, 7, 8, 0, 0, 7, 0, 9, 8, 0, 0, 0, 10, 8, 0, 6, 0, 0, 8, 8, 0, 0, 5, 6, 0, 0, 7, 7, 0, 6, 6, 9, 7, 7, 0, 10, 0, 8, 0, 0, 8, 8, 9, 0, 9, 0, 0, 0, 8, 8, 0, 7, 8, : 8, 7, 8, 6, 6, 9, 6, 9, 7, 8, 11, 10, 7, 8, 9, 7, 7, 8, 7, 9, 8, 10, 8, 6, 8, 8, 5, 6, 7, 7, 6, 6, 9, 7, 7, 10, 8, 8, 8, 9, 9, 8, 8, 7, 8, 
740: 7, 0, 0, 0, 0, 6, 10, 0, 0, 0, 8, 8, 0, 0, 0, 8, 7, 6, 0, 0, 7, 9, 0, 9, 0, 0, 8, 0, 0, 0, 6, 10, 6, 8, 9, 0, 0, 5, 0, 6, 0, 7, 0, 0, 0, 9, 0, 7, 7, 6, 0, 5, 7, 9, 0, 0, 0, 6, 9, 9, 0, 0, 9, 0, 0, 0, 8, 7, 7, 0, 8, 0, 7, 7, 0, 8, 0, 0, 8, 0, : 7, 6, 10, 8, 8, 8, 7, 6, 7, 9, 9, 8, 6, 10, 6, 8, 9, 5, 6, 7, 9, 7, 7, 6, 5, 7, 9, 6, 9, 9, 9, 8, 7, 7, 8, 7, 7, 8, 8, 
197: 8, 8, 6, 10, 0, 0, 7, 0, 10, 0, 9, 0, 0, 7, 6, 8, 10, 0, 0, 8, 6, 0, 8, 7, 6, 0, 7, 6, 0, 9, 0, 0, 0, 0, 0, 0, 9, 9, 6, 0, 8, 7, 9, 6, 8, 0, 9, 0, 8, 6, 9, 0, 0, 0, 8, 6, 0, 0, 0, 0, 0, 7, 0, 7, 0, 8, 8, 0, 0, 0, 7, 0, 0, 6, 8, 7, 6, 9, 0, 9, : 8, 8, 6, 10, 7, 10, 9, 7, 6, 8, 10, 8, 6, 8, 7, 6, 7, 6, 9, 9, 9, 6, 8, 7, 9, 6, 8, 9, 8, 6, 9, 8, 6, 7, 7, 8, 8, 7, 6, 8, 7, 6, 9, 9, 
88: 7, 0, 0, 7, 0, 0, 0, 0, 8, 0, 0, 9, 8, 7, 0, 8, 9, 0, 7, 9, 0, 0, 10, 7, 0, 7, 0, 0, 0, 8, 8, 0, 0, 7, 7, 0, 0, 7, 0, 0, 5, 6, 0, 0, 0, 0, 0, 0, 8, 4, 0, 8, 10, 0, 7, 6, 0, 8, 0, 7, 9, 0, 8, 8, 8, 7, 8, 8, 8, 6, 6, 9, 8, 9, 0, 6, 0, 7, 8, 0, : 7, 7, 8, 9, 8, 7, 8, 9, 7, 9, 10, 7, 7, 8, 8, 7, 7, 7, 5, 6, 8, 4, 8, 10, 7, 6, 8, 7, 9, 8, 8, 8, 7, 8, 8, 8, 6, 6, 9, 8, 9, 6, 7, 8, 
1: 9, 0, 0, 8, 0, 5, 8, 8, 10, 7, 9, 0, 0, 0, 6, 11, 0, 0, 0, 0, 10, 10, 0, 0, 0, 0, 0, 8, 5, 0, 4, 0, 6, 0, 0, 7, 9, 0, 0, 0, 7, 0, 0, 0, 8, 7, 9, 10, 0, 8, 0, 0, 0, 7, 0, 10, 0, 0, 0, 0, 10, 7, 0, 0, 7, 0, 7, 8, 0, 0, 0, 0, 8, 0, 0, 9, 0, 8, 0, 0, : 9, 8, 5, 8, 8, 10, 7, 9, 6, 11, 10, 10, 8, 5, 4, 6, 7, 9, 7, 8, 7, 9, 10, 8, 7, 10, 10, 7, 7, 7, 8, 8, 9, 8, 
575: 7, 0, 0, 9, 7, 0, 0, 0, 0, 5, 8, 0, 0, 9, 0, 9, 8, 0, 0, 0, 7, 0, 8, 0, 0, 6, 8, 0, 10, 6, 9, 0, 5, 0, 0, 7, 10, 5, 6, 0, 0, 9, 0, 0, 6, 0, 0, 6, 0, 0, 0, 6, 8, 7, 0, 9, 9, 8, 0, 0, 8, 0, 8, 8, 0, 0, 8, 8, 8, 9, 6, 0, 0, 0, 0, 7, 7, 8, 8, 0, : 7, 9, 7, 5, 8, 9, 9, 8, 7, 8, 6, 8, 10, 6, 9, 5, 7, 10, 5, 6, 9, 6, 6, 6, 8, 7, 9, 9, 8, 8, 8, 8, 8, 8, 8, 9, 6, 7, 7, 8, 8, 
541: 0, 0, 8, 5, 8, 0, 7, 10, 0, 7, 8, 0, 0, 0, 0, 8, 0, 6, 0, 8, 0, 0, 0, 0, 0, 7, 0, 9, 0, 0, 5, 0, 0, 10, 4, 0, 10, 0, 0, 8, 9, 0, 0, 0, 0, 0, 0, 10, 5, 6, 9, 7, 7, 0, 0, 0, 6, 9, 6, 0, 8, 0, 8, 0, 0, 0, 0, 0, 8, 8, 0, 0, 0, 8, 8, 7, 0, 0, 0, 0, : 8, 5, 8, 7, 10, 7, 8, 8, 6, 8, 7, 9, 5, 10, 4, 10, 8, 9, 10, 5, 6, 9, 7, 7, 6, 9, 6, 8, 8, 8, 8, 8, 8, 7, 
50: 8, 8, 0, 0, 0, 0, 0, 0, 0, 0, 6, 0, 9, 6, 0, 11, 0, 0, 6, 7, 0, 0, 0, 8, 9, 0, 0, 0, 0, 0, 7, 8, 0, 7, 10, 8, 0, 0, 0, 9, 0, 0, 0, 0, 6, 0, 0, 8, 9, 0, 0, 9, 7, 0, 0, 0, 8, 7, 6, 8, 6, 0, 8, 8, 7, 9, 8, 0, 7, 0, 9, 9, 5, 0, 8, 0, 8, 0, 0, 6, : 8, 8, 6, 9, 6, 11, 6, 7, 8, 9, 7, 8, 7, 10, 8, 9, 6, 8, 9, 9, 7, 8, 7, 6, 8, 6, 8, 8, 7, 9, 8, 7, 9, 9, 5, 8, 8, 6, 
100: 7, 9, 0, 0, 0, 7, 0, 7, 8, 10, 11, 11, 6, 0, 0, 7, 0, 8, 7, 8, 0, 0, 7, 0, 0, 0, 8, 0, 0, 0, 0, 8, 8, 0, 7, 0, 0, 0, 6, 0, 0, 9, 7, 0, 0, 0, 0, 0, 0, 0, 7, 4, 0, 0, 0, 0, 0, 8, 0, 0, 0, 7, 6, 8, 0, 8, 5, 7, 0, 0, 0, 8, 0, 0, 0, 0, 0, 0, 6, 0, : 7, 9, 7, 7, 8, 10, 11, 11, 6, 7, 8, 7, 8, 7, 8, 8, 8, 7, 6, 9, 7, 7, 4, 8, 7, 6, 8, 8, 5, 7, 8, 6, 
548: 8, 7, 11, 8, 0, 9, 0, 8, 0, 10, 7, 5, 10, 0, 0, 4, 0, 6, 10, 0, 8, 0, 5, 0, 0, 8, 0, 9, 9, 0, 0, 0, 0, 8, 6, 9, 0, 0, 0, 0, 7, 5, 0, 5, 9, 0, 5, 0, 9, 0, 0, 0, 0, 7, 0, 0, 7, 0, 7, 10, 10, 9, 7, 0, 0, 9, 7, 0, 8, 0, 8, 5, 0, 9, 7, 0, 0, 0, 0, 0, : 8, 7, 11, 8, 9, 8, 10, 7, 5, 10, 4, 6, 10, 8, 5, 8, 9, 9, 8, 6, 9, 7, 5, 5, 9, 5, 9, 7, 7, 7, 10, 10, 9, 7, 9, 7, 8, 8, 5, 9, 7, 
220: 0, 6, 0, 5, 5, 7, 0, 5, 7, 6, 6, 7, 6, 0, 11, 0, 9, 7, 11, 0, 0, 0, 0, 7, 0, 0, 0, 0, 10, 6, 8, 0, 0, 0, 8, 0, 0, 0, 6, 8, 0, 8, 6, 9, 0, 0, 0, 0, 9, 0, 0, 0, 6, 0, 0, 7, 9, 0, 9, 8, 8, 10, 8, 0, 8, 8, 0, 7, 0, 0, 0, 0, 0, 8, 8, 0, 0, 0, 8, 8, : 6, 5, 5, 7, 5, 7, 6, 6, 7, 6, 11, 9, 7, 11, 7, 10, 6, 8, 8, 6, 8, 8, 6, 9, 9, 6, 7, 9, 9, 8, 8, 10, 8, 8, 8, 7, 8, 8, 8, 8, 
425: 11, 6, 6, 7, 6, 0, 5, 0, 7, 0, 0, 6, 0, 0, 0, 6, 7, 0, 7, 7, 9, 0, 0, 0, 6, 0, 9, 0, 0, 5, 0, 6, 8, 0, 0, 0, 0, 8, 0, 9, 8, 8, 8, 7, 6, 0, 0, 7, 0, 10, 10, 11, 0, 0, 0, 0, 0, 8, 6, 7, 10, 7, 0, 7, 0, 8, 6, 0, 0, 0, 5, 7, 9, 8, 7, 8, 8, 6, 0, 7, : 11, 6, 6, 7, 6, 5, 7, 6, 6, 7, 7, 7, 9, 6, 9, 5, 6, 8, 8, 9, 8, 8, 8, 7, 6, 7, 10, 10, 11, 8, 6, 7, 10, 7, 7, 8, 6, 5, 7, 9, 8, 7, 8, 8, 6, 7, 
576: 6, 0, 0, 6, 0, 7, 8, 0, 0, 0, 0, 6, 9, 0, 5, 7, 0, 6, 5, 10, 6, 0, 0, 9, 8, 10, 10, 0, 0, 8, 9, 8, 0, 11, 7, 0, 10, 0, 0, 0, 0, 6, 9, 7, 5, 10, 0, 8, 8, 0, 9, 6, 9, 10, 0, 8, 0, 0, 0, 0, 8, 0, 0, 0, 0, 7, 8, 0, 6, 8, 0, 0, 0, 0, 0, 9, 0, 0, 9, 9, : 6, 6, 7, 8, 6, 9, 5, 7, 6, 5, 10, 6, 9, 8, 10, 10, 8, 9, 8, 11, 7, 10, 6, 9, 7, 5, 10, 8, 8, 9, 6, 9, 10, 8, 8, 7, 8, 6, 8, 9, 9, 9, 
748: 8, 0, 7, 9, 8, 0, 0, 10, 0, 7, 0, 0, 5, 0, 7, 0, 0, 0, 0, 0, 0, 0, 0, 10, 0, 6, 7, 6, 0, 0, 6, 7, 8, 7, 8, 0, 0, 0, 0, 0, 6, 9, 8, 0, 0, 0, 0, 7, 9, 0, 0, 10, 0, 8, 8, 0, 0, 8, 9, 6, 0, 0, 0, 7, 0, 9, 0, 0, 5, 8, 9, 0, 0, 0, 0, 0, 0, 0, 0, 0, : 8, 7, 9, 8, 10, 7, 5, 7, 10, 6, 7, 6, 6, 7, 8, 7, 8, 6, 9, 8, 7, 9, 10, 8, 8, 8, 9, 6, 7, 9, 5, 8, 9, 
457: 0, 9, 0, 8, 9, 8, 0, 0, 0, 10, 0, 0, 7, 0, 5, 9, 7, 9, 0, 0, 0, 0, 7, 8, 6, 0, 5, 0, 5, 9, 0, 8, 0, 0, 0, 0, 0, 0, 0, 0, 9, 0, 0, 10, 0, 0, 0, 0, 0, 7, 10, 0, 7, 7, 0, 9, 0, 0, 0, 7, 0, 8, 0, 0, 0, 0, 0, 0, 9, 8, 0, 0, 0, 0, 7, 8, 9, 8, 0, 0, : 9, 8, 9, 8, 10, 7, 5, 9, 7, 9, 7, 8, 6, 5, 5, 9, 8, 9, 10, 7, 10, 7, 7, 9, 7, 8, 9, 8, 7, 8, 9, 8, 
524: 0, 7, 9, 6, 0, 0, 0, 0, 0, 9, 8, 6, 7, 0, 10, 0, 0, 10, 8, 0, 7, 8, 9, 0, 0, 7, 0, 0, 0, 0, 6, 0, 8, 6, 0, 0, 9, 0, 6, 0, 0, 10, 0, 6, 0, 8, 7, 0, 7, 8, 0, 0, 8, 0, 0, 0, 0, 0, 11, 0, 0, 0, 9, 7, 0, 8, 7, 0, 8, 0, 0, 0, 8, 6, 0, 8, 6, 8, 9, 8, : 7, 9, 6, 9, 8, 6, 7, 10, 10, 8, 7, 8, 9, 7, 6, 8, 6, 9, 6, 10, 6, 8, 7, 7, 8, 8, 11, 9, 7, 8, 7, 8, 8, 6, 8, 6, 8, 9, 8, 
519: 0, 8, 0, 8, 0, 0, 8, 0, 0, 0, 7, 0, 9, 0, 8, 0, 7, 0, 0, 0, 8, 10, 0, 10, 0, 0, 0, 6, 7, 8, 0, 8, 7, 9, 9, 0, 0, 10, 0, 7, 9, 6, 7, 0, 8, 0, 0, 0, 0, 9, 0, 0, 0, 7, 10, 0, 7, 6, 0, 7, 0, 7, 0, 9, 8, 0, 0, 0, 8, 7, 8, 6, 0, 0, 9, 8, 9, 0, 0, 0, : 8, 8, 8, 7, 9, 8, 7, 8, 10, 10, 6, 7, 8, 8, 7, 9, 9, 10, 7, 9, 6, 7, 8, 9, 7, 10, 7, 6, 7, 7, 9, 8, 8, 7, 8, 6, 9, 8, 9, 
200: 0, 8, 8, 0, 0, 0, 0, 6, 0, 0, 6, 6, 0, 7, 10, 8, 0, 7, 0, 0, 0, 0, 9, 0, 9, 0, 0, 7, 8, 0, 11, 0, 11, 5, 9, 10, 0, 0, 0, 6, 0, 0, 8, 0, 9, 7, 10, 0, 0, 9, 0, 7, 0, 0, 0, 0, 0, 7, 0, 5, 9, 0, 7, 0, 8, 8, 0, 8, 9, 8, 7, 6, 9, 8, 0, 0, 0, 0, 0, 0, : 8, 8, 6, 6, 6, 7, 10, 8, 7, 9, 9, 7, 8, 11, 11, 5, 9, 10, 6, 8, 9, 7, 10, 9, 7, 7, 5, 9, 7, 8, 8, 8, 9, 8, 7, 6, 9, 8, 
580: 0, 7, 7, 0, 0, 0, 7, 0, 0, 8, 0, 7, 6, 0, 9, 0, 0, 0, 0, 0, 0, 7, 0, 8, 7, 0, 8, 9, 9, 9, 8, 0, 0, 0, 0, 0, 6, 0, 9, 8, 0, 0, 0, 0, 0, 10, 8, 7, 0, 0, 0, 9, 6, 0, 0, 0, 0, 8, 8, 8, 7, 10, 9, 7, 0, 8, 8, 0, 9, 7, 8, 0, 0, 7, 0, 0, 8, 0, 0, 7, : 7, 7, 7, 8, 7, 6, 9, 7, 8, 7, 8, 9, 9, 9, 8, 6, 9, 8, 10, 8, 7, 9, 6, 8, 8, 8, 7, 10, 9, 7, 8, 8, 9, 7, 8, 7, 8, 7, 
300: 0, 0, 0, 6, 11, 7, 0, 0, 0, 8, 6, 7, 0, 9, 0, 9, 0, 0, 0, 0, 0, 0, 0, 7, 10, 9, 0, 0, 0, 0, 0, 9, 0, 9, 7, 0, 5, 10, 9, 6, 0, 8, 5, 8, 0, 7, 0, 0, 0, 0, 0, 0, 0, 0, 0, 8, 8, 6, 8, 8, 0, 0, 9, 8, 9, 9, 8, 0, 0, 8, 0, 8, 8, 0, 0, 9, 0, 8, 7, 0, : 6, 11, 7, 8, 6, 7, 9, 9, 7, 10, 9, 9, 9, 7, 5, 10, 9, 6, 8, 5, 8, 7, 8, 8, 6, 8, 8, 9, 8, 9, 9, 8, 8, 8, 8, 9, 8, 7, 
36: 8, 0, 0, 0, 0, 0, 0, 10, 7, 6, 6, 0, 0, 7, 0, 0, 0, 0, 0, 0, 9, 0, 10, 0, 0, 6, 0, 0, 0, 0, 0, 10, 0, 8, 0, 7, 0, 9, 0, 0, 0, 0, 0, 8, 9, 8, 8, 0, 8, 0, 7, 0, 0, 7, 8, 7, 0, 0, 0, 7, 0, 0, 0, 8, 7, 9, 0, 8, 8, 0, 8, 0, 9, 8, 0, 8, 7, 8, 0, 8, : 8, 10, 7, 6, 6, 7, 9, 10, 6, 10, 8, 7, 9, 8, 9, 8, 8, 8, 7, 7, 8, 7, 7, 8, 7, 9, 8, 8, 8, 9, 8, 8, 7, 8, 8, 
174: 0, 0, 0, 9, 0, 0, 0, 4, 0, 0, 0, 9, 0, 0, 7, 0, 0, 6, 0, 8, 9, 8, 0, 6, 0, 0, 0, 0, 9, 9, 0, 9, 0, 7, 0, 9, 0, 7, 7, 8, 9, 10, 0, 5, 0, 6, 0, 8, 0, 0, 0, 0, 0, 0, 10, 0, 0, 0, 8, 0, 8, 0, 0, 7, 0, 0, 8, 0, 6, 0, 0, 6, 7, 0, 0, 9, 9, 0, 9, 8, : 9, 4, 9, 7, 6, 8, 9, 8, 6, 9, 9, 9, 7, 9, 7, 7, 8, 9, 10, 5, 6, 8, 10, 8, 8, 7, 8, 6, 6, 7, 9, 9, 9, 8, 
373: 0, 6, 0, 0, 5, 0, 8, 0, 0, 8, 5, 0, 0, 0, 0, 0, 0, 7, 0, 0, 7, 0, 0, 0, 0, 9, 0, 9, 9, 0, 0, 8, 8, 0, 0, 0, 0, 0, 10, 0, 0, 0, 0, 8, 0, 9, 8, 0, 0, 0, 0, 8, 0, 7, 9, 6, 7, 0, 0, 0, 9, 5, 5, 0, 8, 0, 0, 0, 0, 0, 8, 0, 0, 0, 0, 6, 0, 0, 8, 8, : 6, 5, 8, 8, 5, 7, 7, 9, 9, 9, 8, 8, 10, 8, 9, 8, 8, 7, 9, 6, 7, 9, 5, 5, 8, 8, 6, 8, 8, 
738: 6, 0, 6, 0, 6, 0, 0, 7, 8, 0, 8, 0, 0, 5, 6, 0, 0, 0, 6, 0, 9, 7, 10, 8, 0, 11, 8, 10, 6, 9, 9, 0, 6, 0, 0, 0, 0, 0, 9, 8, 10, 8, 0, 10, 0, 10, 0, 7, 10, 0, 10, 8, 8, 8, 9, 8, 0, 7, 0, 0, 0, 0, 7, 0, 0, 9, 9, 7, 0, 8, 0, 7, 6, 0, 0, 0, 0, 0, 0, 0, : 6, 6, 6, 7, 8, 8, 5, 6, 6, 9, 7, 10, 8, 11, 8, 10, 6, 9, 9, 6, 9, 8, 10, 8, 10, 10, 7, 10, 10, 8, 8, 8, 9, 8, 7, 7, 9, 9, 7, 8, 7, 6, 
481: 5, 0, 8, 0, 0, 8, 0, 6, 6, 0, 0, 0, 5, 0, 0, 0, 9, 10, 8, 7, 8, 0, 0, 5, 0, 0, 0, 0, 0, 11, 6, 8, 0, 8, 0, 7, 8, 0, 0, 9, 8, 6, 0, 0, 6, 9, 7, 0, 0, 0, 10, 0, 5, 8, 0, 5, 0, 0, 0, 8, 0, 0, 7, 0, 8, 9, 0, 8, 0, 0, 0, 0, 9, 6, 0, 8, 9, 9, 0, 0, : 5, 8, 8, 6, 6, 5, 9, 10, 8, 7, 8, 5, 11, 6, 8, 8, 7, 8, 9, 8, 6, 6, 9, 7, 10, 5, 8, 5, 8, 7, 8, 9, 8, 9, 6, 8, 9, 9, 
18: 0, 7, 8, 0, 7, 0, 7, 9, 8, 9, 8, 9, 0, 6, 0, 0, 0, 10, 7, 0, 7, 10, 6, 8, 0, 6, 11, 0, 0, 0, 10, 0, 0, 11, 0, 0, 7, 11, 8, 9, 0, 0, 0, 8, 9, 0, 9, 10, 7, 0, 0, 11, 6, 4, 0, 7, 0, 8, 8, 0, 6, 0, 0, 0, 0, 0, 0, 8, 0, 8, 0, 8, 6, 8, 0, 6, 0, 7, 0, 0, : 7, 8, 7, 7, 9, 8, 9, 8, 9, 6, 10, 7, 7, 10, 6, 8, 6, 11, 10, 11, 7, 11, 8, 9, 8, 9, 9, 10, 7, 11, 6, 4, 7, 8, 8, 6, 8, 8, 8, 6, 8, 6, 7, 
252: 8, 0, 5, 7, 6, 8, 7, 0, 0, 7, 7, 11, 0, 10, 0, 7, 0, 0, 0, 11, 9, 10, 6, 0, 0, 8, 0, 9, 0, 0, 6, 8, 0, 0, 11, 0, 7, 0, 0, 9, 9, 0, 9, 0, 9, 0, 7, 0, 0, 0, 10, 0, 0, 0, 0, 0, 6, 8, 0, 0, 8, 10, 0, 9, 0, 0, 0, 8, 0, 8, 0, 0, 8, 8, 8, 0, 7, 9, 7, 8, : 8, 5, 7, 6, 8, 7, 7, 7, 11, 10, 7, 11, 9, 10, 6, 8, 9, 6, 8, 11, 7, 9, 9, 9, 9, 7, 10, 6, 8, 8, 10, 9, 8, 8, 8, 8, 8, 7, 9, 7, 8, 
592: 0, 0, 0, 7, 7, 0, 0, 9, 0, 0, 9, 8, 0, 6, 11, 0, 0, 8, 0, 11, 10, 9, 8, 10, 9, 0, 0, 8, 6, 0, 8, 9, 6, 9, 0, 10, 8, 0, 7, 7, 0, 8, 9, 7, 0, 0, 7, 0, 7, 0, 8, 9, 0, 0, 0, 9, 11, 0, 0, 11, 6, 0, 0, 9, 9, 8, 8, 0, 8, 0, 9, 9, 0, 0, 8, 8, 7, 0, 0, 0, : 7, 7, 9, 9, 8, 6, 11, 8, 11, 10, 9, 8, 10, 9, 8, 6, 8, 9, 6, 9, 10, 8, 7, 7, 8, 9, 7, 7, 7, 8, 9, 9, 11, 11, 6, 9, 9, 8, 8, 8, 9, 9, 8, 8, 7, 
545: 9, 6, 9, 9, 0, 10, 8, 0, 0, 0, 0, 0, 0, 5, 9, 0, 4, 0, 5, 0, 10, 0, 0, 4, 0, 8, 0, 0, 9, 0, 0, 6, 8, 0, 9, 0, 9, 8, 5, 6, 9, 0, 0, 0, 8, 8, 0, 0, 0, 0, 10, 10, 5, 7, 0, 9, 6, 0, 6, 0, 6, 8, 7, 0, 0, 0, 8, 9, 8, 0, 9, 8, 6, 8, 0, 6, 0, 8, 0, 9, : 9, 6, 9, 9, 10, 8, 5, 9, 4, 5, 10, 4, 8, 9, 6, 8, 9, 9, 8, 5, 6, 9, 8, 8, 10, 10, 5, 7, 9, 6, 6, 6, 8, 7, 8, 9, 8, 9, 8, 6, 8, 6, 8, 9, 
619: 0, 11, 0, 10, 9, 11, 8, 8, 6, 0, 9, 0, 7, 0, 8, 7, 6, 0, 7, 0, 0, 8, 8, 9, 9, 0, 0, 0, 0, 10, 0, 9, 0, 6, 10, 0, 5, 0, 8, 0, 6, 0, 0, 8, 0, 9, 0, 8, 5, 0, 0, 0, 4, 0, 8, 0, 7, 0, 10, 0, 0, 0, 0, 0, 7, 8, 0, 7, 0, 8, 0, 8, 0, 8, 0, 0, 8, 7, 9, 8, : 11, 10, 9, 11, 8, 8, 6, 9, 7, 8, 7, 6, 7, 8, 8, 9, 9, 10, 9, 6, 10, 5, 8, 6, 8, 9, 8, 5, 4, 8, 7, 10, 7, 8, 7, 8, 8, 8, 8, 7, 9, 8, 
552: 9, 0, 0, 0, 10, 6, 10, 7, 6, 0, 9, 0, 7, 6, 8, 6, 0, 0, 0, 5, 8, 8, 0, 0, 0, 8, 6, 0, 0, 6, 7, 0, 0, 0, 8, 9, 0, 8, 0, 0, 8, 0, 7, 9, 9, 8, 9, 8, 7, 6, 9, 8, 0, 0, 5, 9, 10, 8, 0, 8, 0, 0, 0, 5, 8, 7, 0, 0, 8, 0, 8, 0, 0, 0, 7, 7, 0, 8, 0, 8, : 9, 10, 6, 10, 7, 6, 9, 7, 6, 8, 6, 5, 8, 8, 8, 6, 6, 7, 8, 9, 8, 8, 7, 9, 9, 8, 9, 8, 7, 6, 9, 8, 5, 9, 10, 8, 8, 5, 8, 7, 8, 8, 7, 7, 8, 8, 
733: 0, 0, 0, 0, 0, 0, 9, 0, 8, 7, 0, 0, 0, 6, 7, 5, 0, 10, 10, 0, 0, 0, 8, 6, 11, 5, 0, 0, 0, 8, 0, 0, 5, 0, 0, 0, 0, 5, 0, 0, 6, 0, 0, 6, 8, 8, 9, 8, 10, 0, 10, 6, 0, 0, 7, 0, 7, 6, 0, 9, 0, 9, 7, 7, 7, 7, 0, 6, 0, 0, 0, 0, 8, 0, 8, 0, 8, 0, 8, 0, : 9, 8, 7, 6, 7, 5, 10, 10, 8, 6, 11, 5, 8, 5, 5, 6, 6, 8, 8, 9, 8, 10, 10, 6, 7, 7, 6, 9, 9, 7, 7, 7, 7, 6, 8, 8, 8, 8, 
102: 8, 0, 8, 8, 0, 0, 0, 9, 0, 10, 0, 9, 0, 0, 10, 9, 7, 0, 0, 10, 7, 5, 9, 0, 6, 0, 5, 6, 0, 6, 0, 5, 0, 8, 0, 9, 7, 0, 8, 6, 7, 0, 6, 8, 0, 4, 7, 0, 0, 7, 0, 0, 0, 0, 9, 8, 0, 0, 8, 0, 7, 9, 0, 0, 7, 0, 6, 7, 8, 7, 7, 7, 8, 0, 0, 9, 0, 0, 8, 8, : 8, 8, 8, 9, 10, 9, 10, 9, 7, 10, 7, 5, 9, 6, 5, 6, 6, 5, 8, 9, 7, 8, 6, 7, 6, 8, 4, 7, 7, 9, 8, 8, 7, 9, 7, 6, 7, 8, 7, 7, 7, 8, 9, 8, 8, 
347: 7, 9, 7, 0, 8, 8, 10, 8, 0, 9, 0, 5, 0, 8, 0, 6, 7, 0, 0, 0, 0, 0, 0, 8, 0, 6, 0, 0, 9, 4, 0, 6, 4, 0, 8, 9, 8, 8, 10, 6, 0, 0, 0, 0, 8, 0, 0, 9, 10, 9, 0, 0, 8, 0, 0, 0, 9, 11, 7, 0, 0, 7, 6, 0, 0, 0, 8, 8, 0, 0, 0, 0, 0, 0, 8, 8, 0, 7, 6, 9, : 7, 9, 7, 8, 8, 10, 8, 9, 5, 8, 6, 7, 8, 6, 9, 4, 6, 4, 8, 9, 8, 8, 10, 6, 8, 9, 10, 9, 8, 9, 11, 7, 7, 6, 8, 8, 8, 8, 7, 6, 9, 
387: 7, 0, 9, 6, 0, 10, 4, 7, 10, 0, 10, 7, 9, 9, 6, 0, 7, 10, 7, 0, 6, 0, 0, 6, 9, 0, 10, 7, 11, 0, 0, 0, 0, 5, 0, 0, 0, 0, 0, 8, 0, 9, 5, 8, 8, 9, 9, 6, 7, 0, 9, 0, 0, 6, 0, 0, 0, 8, 9, 8, 0, 7, 0, 8, 0, 8, 8, 7, 0, 7, 0, 7, 0, 8, 8, 0, 9, 8, 9, 8, : 7, 9, 6, 10, 4, 7, 10, 10, 7, 9, 9, 6, 7, 10, 7, 6, 6, 9, 10, 7, 11, 5, 8, 9, 5, 8, 8, 9, 9, 6, 7, 9, 6, 8, 9, 8, 7, 8, 8, 8, 7, 7, 7, 8, 8, 9, 8, 9, 8, 
427: 0, 0, 7, 0, 0, 0, 0, 10, 0, 0, 8, 8, 0, 0, 6, 0, 8, 0, 0, 0, 10, 0, 0, 8, 7, 7, 0, 10, 0, 0, 8, 0, 10, 7, 0, 8, 7, 0, 10, 0, 6, 9, 9, 0, 0, 9, 10, 9, 0, 0, 7, 0, 11, 9, 0, 0, 0, 10, 0, 0, 0, 8, 0, 0, 0, 0, 0, 0, 8, 0, 7, 0, 0, 8, 8, 0, 0, 0, 5, 0, : 7, 10, 8, 8, 6, 8, 10, 8, 7, 7, 10, 8, 10, 7, 8, 7, 10, 6, 9, 9, 9, 10, 9, 7, 11, 9, 10, 8, 8, 7, 8, 8, 5, 
131: 0, 0, 0, 0, 6, 0, 6, 0, 7, 9, 0, 0, 0, 0, 0, 7, 10, 8, 9, 5, 0, 9, 0, 0, 0, 0, 0, 0, 8, 9, 8, 8, 0, 0, 8, 0, 6, 0, 6, 9, 0, 6, 0, 0, 8, 6, 0, 6, 8, 0, 5, 0, 5, 0, 0, 0, 8, 8, 7, 0, 0, 8, 7, 0, 7, 0, 0, 9, 0, 0, 9, 6, 0, 0, 8, 0, 0, 0, 0, 0, : 6, 6, 7, 9, 7, 10, 8, 9, 5, 9, 8, 9, 8, 8, 8, 6, 6, 9, 6, 8, 6, 6, 8, 5, 5, 8, 8, 7, 8, 7, 7, 9, 9, 6, 8, 


219: 9, 0, 0, 0, 0, 9, 7, 8, 0, 9, 0, 0, 8, 0, 0, 0, 0, 7, 0, 0, 0, 0, 0, 0, 10, 8, 0, 0, 5, 8, 8, 0, 0, 8, 0, 5, 0, 0, 8, 8, 0, 0, 7, 10, 0, 0, 9, 0, 0, 6, 9, 0, 0, 8, 8, 6, 10, 0, 0, 0, 9, 0, 7, 0, 0, 0, 0, 8, 8, 8, 0, 0, 0, 0, 9, 0, 8, 8, 0, 7, : 9, 9, 7, 8, 9, 8, 7, 10, 8, 5, 8, 8, 8, 5, 8, 8, 7, 10, 9, 6, 9, 8, 8, 6, 10, 9, 7, 8, 8, 8, 9, 8, 8, 7, 
335: 8, 5, 0, 0, 0, 8, 0, 7, 9, 0, 6, 0, 0, 8, 6, 4, 9, 9, 6, 8, 6, 11, 0, 0, 10, 0, 0, 7, 8, 0, 8, 7, 0, 0, 6, 8, 9, 0, 7, 7, 0, 7, 7, 0, 0, 7, 0, 6, 7, 0, 8, 5, 7, 0, 9, 0, 5, 0, 0, 6, 0, 0, 0, 5, 0, 0, 0, 9, 7, 7, 8, 8, 8, 0, 0, 8, 7, 0, 0, 8, : 8, 5, 8, 7, 9, 6, 8, 6, 4, 9, 9, 6, 8, 6, 11, 10, 7, 8, 8, 7, 6, 8, 9, 7, 7, 7, 7, 7, 6, 7, 8, 5, 7, 9, 5, 6, 5, 9, 7, 7, 8, 8, 8, 8, 7, 8, 
506: 0, 0, 0, 5, 7, 0, 0, 0, 0, 0, 0, 7, 0, 0, 7, 10, 0, 0, 7, 0, 0, 0, 0, 0, 0, 0, 0, 5, 0, 8, 0, 0, 0, 0, 7, 0, 0, 0, 0, 7, 0, 9, 9, 0, 8, 6, 0, 5, 0, 9, 8, 0, 10, 0, 6, 9, 0, 0, 7, 0, 0, 0, 7, 0, 0, 0, 0, 8, 0, 9, 0, 9, 0, 0, 0, 0, 0, 7, 0, 9, : 5, 7, 7, 7, 10, 7, 5, 8, 7, 7, 9, 9, 8, 6, 5, 9, 8, 10, 6, 9, 7, 7, 8, 9, 9, 7, 9, 
241: 0, 10, 8, 7, 8, 7, 0, 9, 10, 8, 5, 6, 8, 0, 4, 6, 0, 6, 10, 7, 0, 0, 0, 0, 0, 0, 0, 7, 0, 0, 8, 0, 0, 0, 0, 0, 8, 7, 0, 0, 0, 0, 0, 0, 10, 8, 0, 8, 0, 7, 8, 0, 0, 6, 10, 0, 6, 11, 0, 0, 8, 0, 7, 0, 8, 9, 9, 0, 7, 8, 9, 0, 0, 0, 0, 0, 7, 8, 0, 0, : 10, 8, 7, 8, 7, 9, 10, 8, 5, 6, 8, 4, 6, 6, 10, 7, 7, 8, 8, 7, 10, 8, 8, 7, 8, 6, 10, 6, 11, 8, 7, 8, 9, 9, 7, 8, 9, 7, 8, 
431: 0, 0, 0, 9, 0, 0, 0, 8, 0, 0, 0, 0, 0, 4, 0, 0, 0, 0, 8, 10, 0, 0, 0, 4, 0, 8, 0, 0, 7, 0, 0, 0, 7, 0, 6, 0, 9, 0, 9, 0, 0, 6, 0, 7, 8, 0, 6, 0, 0, 6, 0, 0, 9, 0, 8, 0, 11, 0, 7, 5, 0, 0, 8, 0, 10, 9, 0, 8, 0, 0, 9, 0, 9, 0, 9, 7, 9, 0, 0, 8, : 9, 8, 4, 8, 10, 4, 8, 7, 7, 6, 9, 9, 6, 7, 8, 6, 6, 9, 8, 11, 7, 5, 8, 10, 9, 8, 9, 9, 9, 7, 9, 8, 
46: 8, 8, 9, 5, 7, 0, 0, 0, 6, 7, 7, 0, 0, 0, 10, 8, 9, 7, 0, 10, 0, 0, 0, 10, 9, 0, 9, 0, 0, 9, 0, 7, 5, 6, 0, 0, 6, 0, 0, 7, 9, 8, 0, 5, 0, 0, 8, 8, 0, 7, 10, 7, 0, 0, 8, 11, 0, 0, 0, 11, 0, 10, 9, 7, 0, 0, 8, 0, 7, 0, 6, 8, 0, 8, 0, 9, 9, 0, 0, 0, : 8, 8, 9, 5, 7, 6, 7, 7, 10, 8, 9, 7, 10, 10, 9, 9, 9, 7, 5, 6, 6, 7, 9, 8, 5, 8, 8, 7, 10, 7, 8, 11, 11, 10, 9, 7, 8, 7, 6, 8, 8, 9, 9, 
328: 7, 10, 10, 7, 0, 0, 0, 0, 6, 0, 0, 7, 8, 0, 7, 0, 0, 0, 7, 0, 0, 5, 0, 8, 6, 10, 8, 0, 6, 4, 10, 9, 9, 7, 8, 7, 7, 8, 6, 7, 0, 7, 8, 0, 0, 9, 0, 0, 8, 0, 6, 8, 8, 8, 0, 0, 5, 7, 5, 0, 0, 0, 7, 0, 0, 0, 8, 0, 0, 5, 0, 0, 8, 0, 7, 9, 8, 6, 0, 8, : 7, 10, 10, 7, 6, 7, 8, 7, 7, 5, 8, 6, 10, 8, 6, 4, 10, 9, 9, 7, 8, 7, 7, 8, 6, 7, 7, 8, 9, 8, 6, 8, 8, 8, 5, 7, 5, 7, 8, 5, 8, 7, 9, 8, 6, 8, 
362: 9, 0, 7, 0, 0, 0, 7, 0, 0, 9, 0, 8, 0, 0, 0, 11, 7, 0, 0, 6, 10, 0, 0, 7, 0, 0, 7, 7, 7, 0, 0, 0, 0, 0, 0, 11, 7, 7, 9, 6, 9, 7, 0, 7, 7, 0, 7, 0, 0, 0, 8, 7, 0, 11, 0, 0, 10, 8, 10, 6, 0, 0, 11, 0, 7, 0, 0, 0, 0, 0, 0, 0, 0, 0, 8, 8, 8, 6, 0, 5, : 9, 7, 7, 9, 8, 11, 7, 6, 10, 7, 7, 7, 7, 11, 7, 7, 9, 6, 9, 7, 7, 7, 7, 8, 7, 11, 10, 8, 10, 6, 11, 7, 8, 8, 8, 6, 5, 
462: 0, 0, 8, 10, 7, 0, 9, 5, 10, 7, 6, 0, 0, 0, 5, 0, 8, 10, 0, 0, 0, 0, 5, 0, 0, 8, 8, 0, 0, 0, 6, 0, 8, 9, 0, 7, 8, 5, 0, 0, 10, 9, 0, 6, 7, 0, 0, 0, 7, 0, 0, 0, 0, 0, 0, 7, 0, 0, 0, 0, 0, 0, 0, 0, 0, 7, 8, 7, 8, 0, 0, 0, 0, 0, 0, 9, 0, 0, 6, 7, : 8, 10, 7, 9, 5, 10, 7, 6, 5, 8, 10, 5, 8, 8, 6, 8, 9, 7, 8, 5, 10, 9, 6, 7, 7, 7, 7, 8, 7, 8, 9, 6, 7, 
688: 8, 0, 0, 0, 7, 8, 0, 8, 0, 0, 0, 8, 7, 0, 0, 0, 0, 0, 0, 0, 0, 0, 10, 0, 0, 8, 0, 0, 0, 11, 0, 0, 0, 0, 0, 0, 8, 8, 0, 10, 0, 0, 0, 9, 0, 0, 0, 0, 6, 0, 0, 0, 0, 0, 0, 0, 0, 4, 0, 0, 0, 5, 9, 9, 0, 0, 8, 8, 0, 0, 7, 0, 0, 0, 0, 0, 6, 0, 8, 9, : 8, 7, 8, 8, 8, 7, 10, 8, 11, 8, 8, 10, 9, 6, 4, 5, 9, 9, 8, 8, 7, 6, 8, 9, 
292: 0, 7, 8, 0, 0, 8, 0, 0, 0, 0, 4, 8, 7, 9, 0, 5, 4, 9, 0, 9, 11, 0, 9, 4, 0, 4, 8, 0, 0, 8, 0, 9, 0, 0, 0, 8, 0, 8, 8, 10, 0, 7, 0, 6, 0, 0, 8, 10, 7, 8, 8, 0, 0, 7, 0, 6, 0, 8, 0, 0, 0, 7, 5, 0, 5, 7, 0, 5, 6, 8, 8, 8, 8, 0, 8, 0, 0, 8, 7, 0, : 7, 8, 8, 4, 8, 7, 9, 5, 4, 9, 9, 11, 9, 4, 4, 8, 8, 9, 8, 8, 8, 10, 7, 6, 8, 10, 7, 8, 8, 7, 6, 8, 7, 5, 5, 7, 5, 6, 8, 8, 8, 8, 8, 8, 7, 
186: 0, 0, 0, 0, 8, 8, 9, 8, 0, 6, 0, 0, 0, 0, 9, 7, 4, 0, 0, 0, 9, 9, 7, 8, 4, 6, 0, 0, 0, 7, 7, 11, 0, 7, 0, 7, 0, 9, 7, 0, 6, 9, 0, 0, 6, 5, 10, 8, 0, 0, 8, 6, 0, 0, 7, 0, 0, 0, 6, 0, 0, 0, 0, 6, 0, 0, 7, 0, 8, 7, 0, 0, 9, 0, 0, 0, 7, 0, 0, 7, : 8, 8, 9, 8, 6, 9, 7, 4, 9, 9, 7, 8, 4, 6, 7, 7, 11, 7, 7, 9, 7, 6, 9, 6, 5, 10, 8, 8, 6, 7, 6, 6, 7, 8, 7, 9, 7, 7, 
602: 0, 0, 0, 0, 9, 8, 9, 0, 8, 0, 10, 0, 5, 0, 10, 0, 0, 9, 0, 7, 9, 7, 0, 0, 0, 0, 0, 0, 0, 0, 7, 6, 6, 8, 8, 6, 0, 0, 0, 9, 0, 8, 0, 6, 7, 8, 0, 7, 8, 6, 0, 0, 5, 8, 6, 7, 9, 0, 0, 8, 9, 0, 9, 0, 8, 0, 7, 0, 0, 8, 0, 0, 8, 8, 0, 9, 0, 8, 0, 0, : 9, 8, 9, 8, 10, 5, 10, 9, 7, 9, 7, 7, 6, 6, 8, 8, 6, 9, 8, 6, 7, 8, 7, 8, 6, 5, 8, 6, 7, 9, 8, 9, 9, 8, 7, 8, 8, 8, 9, 8, 
21: 0, 8, 0, 7, 6, 7, 0, 0, 0, 0, 10, 0, 0, 0, 8, 0, 6, 5, 0, 0, 0, 4, 10, 0, 0, 0, 0, 0, 6, 8, 0, 5, 0, 0, 7, 9, 8, 0, 8, 8, 7, 0, 9, 10, 8, 8, 8, 0, 7, 8, 6, 0, 0, 8, 6, 8, 8, 0, 0, 7, 7, 0, 11, 9, 10, 8, 6, 0, 8, 7, 9, 6, 0, 7, 7, 8, 0, 0, 8, 7, : 8, 7, 6, 7, 10, 8, 6, 5, 4, 10, 6, 8, 5, 7, 9, 8, 8, 8, 7, 9, 10, 8, 8, 8, 7, 8, 6, 8, 6, 8, 8, 7, 7, 11, 9, 10, 8, 6, 8, 7, 9, 6, 7, 7, 8, 8, 7, 
445: 6, 0, 0, 8, 0, 8, 0, 7, 0, 0, 0, 5, 0, 9, 0, 0, 0, 0, 0, 6, 0, 6, 0, 9, 0, 0, 7, 7, 0, 6, 0, 11, 8, 0, 0, 0, 9, 7, 9, 0, 0, 0, 0, 8, 0, 9, 0, 8, 0, 7, 0, 9, 8, 6, 0, 0, 9, 0, 8, 0, 7, 0, 0, 9, 0, 0, 8, 0, 7, 0, 5, 0, 0, 0, 0, 0, 0, 0, 7, 8, : 6, 8, 8, 7, 5, 9, 6, 6, 9, 7, 7, 6, 11, 8, 9, 7, 9, 8, 9, 8, 7, 9, 8, 6, 9, 8, 7, 9, 8, 7, 5, 7, 8, 
329: 6, 6, 0, 9, 7, 0, 8, 0, 5, 0, 7, 7, 0, 9, 0, 9, 7, 0, 8, 7, 10, 8, 9, 10, 10, 7, 0, 0, 7, 0, 6, 6, 7, 0, 8, 10, 0, 7, 7, 0, 9, 0, 6, 0, 0, 0, 7, 0, 7, 0, 7, 0, 8, 0, 0, 0, 4, 6, 0, 9, 6, 0, 5, 6, 6, 0, 0, 9, 0, 0, 7, 0, 0, 8, 5, 8, 0, 7, 0, 0, : 6, 6, 9, 7, 8, 5, 7, 7, 9, 9, 7, 8, 7, 10, 8, 9, 10, 10, 7, 7, 6, 6, 7, 8, 10, 7, 7, 9, 6, 7, 7, 7, 8, 4, 6, 9, 6, 5, 6, 6, 9, 7, 8, 5, 8, 7, 
799: 0, 0, 0, 0, 9, 0, 0, 0, 0, 6, 6, 6, 6, 6, 7, 10, 7, 10, 0, 0, 7, 9, 10, 0, 7, 7, 0, 0, 9, 7, 0, 8, 11, 10, 0, 0, 7, 6, 9, 0, 7, 0, 0, 9, 11, 0, 6, 0, 10, 0, 6, 0, 9, 0, 0, 0, 8, 0, 11, 0, 0, 0, 7, 7, 0, 0, 0, 0, 0, 7, 8, 0, 0, 6, 8, 8, 0, 0, 8, 0, : 9, 6, 6, 6, 6, 6, 7, 10, 7, 10, 7, 9, 10, 7, 7, 9, 7, 8, 11, 10, 7, 6, 9, 7, 9, 11, 6, 10, 6, 9, 8, 11, 7, 7, 7, 8, 6, 8, 8, 8, 
443: 0, 9, 0, 0, 0, 0, 0, 0, 8, 0, 8, 4, 9, 0, 6, 0, 0, 6, 10, 0, 0, 9, 0, 0, 8, 6, 0, 10, 7, 7, 0, 0, 0, 5, 9, 0, 9, 9, 0, 0, 10, 0, 0, 0, 5, 8, 6, 10, 0, 0, 0, 9, 0, 9, 0, 6, 0, 6, 0, 0, 0, 0, 5, 8, 0, 8, 0, 0, 0, 0, 0, 0, 0, 0, 9, 7, 8, 0, 8, 7, : 9, 8, 8, 4, 9, 6, 6, 10, 9, 8, 6, 10, 7, 7, 5, 9, 9, 9, 10, 5, 8, 6, 10, 9, 9, 6, 6, 5, 8, 8, 9, 7, 8, 8, 7, 
286: 0, 7, 0, 6, 7, 0, 9, 7, 7, 8, 0, 0, 0, 8, 8, 0, 10, 10, 0, 0, 0, 0, 9, 0, 5, 0, 0, 9, 0, 0, 0, 7, 0, 6, 8, 0, 8, 0, 6, 7, 0, 6, 11, 7, 0, 0, 0, 10, 0, 0, 0, 8, 7, 7, 7, 11, 0, 11, 0, 0, 0, 8, 0, 0, 8, 0, 5, 9, 0, 8, 0, 0, 9, 0, 0, 0, 7, 0, 0, 0, : 7, 6, 7, 9, 7, 7, 8, 8, 8, 10, 10, 9, 5, 9, 7, 6, 8, 8, 6, 7, 6, 11, 7, 10, 8, 7, 7, 7, 11, 11, 8, 8, 5, 9, 8, 9, 7, 
370: 8, 8, 0, 0, 0, 7, 9, 0, 9, 0, 5, 10, 0, 5, 8, 11, 5, 0, 7, 0, 9, 0, 0, 6, 11, 0, 8, 0, 0, 8, 8, 0, 0, 0, 0, 0, 6, 0, 0, 0, 0, 0, 0, 0, 8, 0, 8, 7, 7, 0, 10, 0, 0, 8, 0, 0, 7, 7, 11, 0, 0, 0, 0, 0, 10, 7, 7, 0, 0, 8, 0, 7, 0, 0, 8, 0, 8, 0, 8, 0, : 8, 8, 7, 9, 9, 5, 10, 5, 8, 11, 5, 7, 9, 6, 11, 8, 8, 8, 6, 8, 8, 7, 7, 10, 8, 7, 7, 11, 10, 7, 7, 8, 7, 8, 8, 8, 
436: 0, 0, 9, 0, 0, 0, 7, 8, 9, 0, 0, 9, 7, 7, 0, 0, 0, 6, 0, 9, 9, 0, 0, 8, 9, 0, 0, 10, 8, 0, 11, 0, 6, 11, 0, 0, 6, 7, 7, 6, 0, 7, 0, 8, 0, 8, 0, 0, 6, 7, 0, 0, 6, 9, 0, 5, 5, 6, 5, 6, 8, 0, 10, 7, 0, 7, 0, 0, 7, 0, 7, 0, 0, 7, 0, 9, 8, 0, 0, 0, : 9, 7, 8, 9, 9, 7, 7, 6, 9, 9, 8, 9, 10, 8, 11, 6, 11, 6, 7, 7, 6, 7, 8, 8, 6, 7, 6, 9, 5, 5, 6, 5, 6, 8, 10, 7, 7, 7, 7, 7, 9, 8, 
718: 0, 0, 6, 0, 0, 0, 0, 6, 0, 0, 10, 0, 0, 0, 0, 7, 8, 7, 6, 0, 0, 10, 0, 9, 4, 10, 6, 0, 7, 0, 11, 0, 0, 0, 0, 0, 0, 0, 0, 7, 9, 7, 0, 0, 0, 9, 8, 7, 0, 0, 6, 10, 0, 10, 0, 0, 0, 5, 0, 8, 0, 0, 6, 7, 8, 0, 8, 0, 7, 0, 0, 0, 0, 0, 0, 8, 7, 8, 0, 0, : 6, 6, 10, 7, 8, 7, 6, 10, 9, 4, 10, 6, 7, 11, 7, 9, 7, 9, 8, 7, 6, 10, 10, 5, 8, 6, 7, 8, 8, 7, 8, 7, 8, 
246: 7, 7, 10, 0, 5, 0, 0, 7, 0, 6, 0, 8, 4, 0, 0, 7, 0, 0, 0, 8, 0, 9, 0, 0, 0, 0, 0, 0, 10, 0, 0, 7, 6, 8, 0, 10, 0, 9, 9, 0, 6, 0, 7, 0, 0, 0, 8, 0, 0, 6, 9, 0, 0, 0, 0, 0, 0, 0, 0, 0, 0, 0, 0, 0, 8, 0, 0, 7, 8, 0, 0, 6, 9, 0, 0, 6, 0, 8, 8, 0, : 7, 7, 10, 5, 7, 6, 8, 4, 7, 8, 9, 10, 7, 6, 8, 10, 9, 9, 6, 7, 8, 6, 9, 8, 7, 8, 6, 9, 6, 8, 8, 
313: 0, 0, 0, 9, 0, 0, 8, 9, 10, 6, 0, 10, 9, 8, 10, 7, 6, 0, 0, 0, 8, 6, 7, 9, 0, 0, 7, 0, 0, 8, 0, 11, 6, 0, 0, 5, 7, 0, 0, 8, 0, 0, 0, 0, 0, 7, 7, 9, 8, 0, 0, 9, 9, 8, 0, 8, 0, 0, 11, 4, 8, 0, 8, 7, 11, 8, 8, 8, 0, 0, 8, 0, 0, 0, 0, 8, 6, 0, 8, 0, : 9, 8, 9, 10, 6, 10, 9, 8, 10, 7, 6, 8, 6, 7, 9, 7, 8, 11, 6, 5, 7, 8, 7, 7, 9, 8, 9, 9, 8, 8, 11, 4, 8, 8, 7, 11, 8, 8, 8, 8, 8, 6, 8, 
551: 8, 8, 0, 6, 0, 5, 0, 4, 9, 0, 0, 0, 0, 0, 8, 0, 0, 0, 10, 8, 6, 0, 0, 6, 7, 4, 0, 0, 8, 0, 9, 0, 0, 0, 8, 0, 9, 8, 0, 0, 0, 0, 0, 8, 8, 0, 10, 0, 0, 0, 0, 0, 5, 0, 0, 0, 0, 9, 0, 0, 6, 8, 0, 0, 8, 8, 0, 8, 0, 0, 8, 0, 9, 9, 8, 7, 0, 9, 0, 8, : 8, 8, 6, 5, 4, 9, 8, 10, 8, 6, 6, 7, 4, 8, 9, 8, 9, 8, 8, 8, 10, 5, 9, 6, 8, 8, 8, 8, 8, 9, 9, 8, 7, 9, 8, 
599: 0, 7, 9, 8, 6, 0, 0, 0, 0, 0, 0, 0, 0, 8, 6, 0, 0, 4, 0, 9, 0, 0, 0, 0, 8, 8, 9, 10, 0, 0, 8, 0, 7, 0, 0, 0, 0, 0, 0, 9, 10, 0, 8, 5, 0, 0, 0, 0, 0, 9, 7, 7, 0, 7, 8, 0, 0, 9, 8, 8, 0, 5, 0, 5, 8, 0, 10, 8, 0, 0, 8, 0, 0, 0, 0, 0, 9, 8, 0, 0, : 7, 9, 8, 6, 8, 6, 4, 9, 8, 8, 9, 10, 8, 7, 9, 10, 8, 5, 9, 7, 7, 7, 8, 9, 8, 8, 5, 5, 8, 10, 8, 8, 9, 8, 
555: 8, 0, 0, 0, 0, 0, 0, 8, 0, 0, 6, 0, 0, 0, 0, 6, 7, 7, 4, 5, 0, 9, 8, 0, 10, 0, 4, 0, 10, 0, 9, 11, 5, 0, 0, 0, 0, 7, 5, 8, 6, 7, 0, 0, 7, 8, 0, 0, 10, 0, 6, 8, 9, 8, 7, 7, 0, 0, 0, 5, 0, 0, 0, 0, 7, 0, 0, 0, 0, 8, 0, 8, 0, 8, 9, 0, 8, 8, 0, 8, : 8, 8, 6, 6, 7, 7, 4, 5, 9, 8, 10, 4, 10, 9, 11, 5, 7, 5, 8, 6, 7, 7, 8, 10, 6, 8, 9, 8, 7, 7, 5, 7, 8, 8, 8, 9, 8, 8, 8, 
327: 0, 0, 0, 0, 5, 0, 8, 0, 0, 8, 0, 6, 0, 0, 0, 0, 8, 10, 0, 0, 10, 0, 8, 0, 0, 0, 9, 8, 7, 0, 0, 0, 0, 0, 10, 0, 7, 0, 8, 6, 0, 0, 6, 9, 0, 8, 7, 0, 7, 6, 5, 7, 6, 6, 0, 0, 10, 8, 10, 0, 10, 7, 0, 0, 0, 7, 0, 0, 9, 9, 8, 8, 9, 0, 8, 0, 0, 9, 0, 8, : 5, 8, 8, 6, 8, 10, 10, 8, 9, 8, 7, 10, 7, 8, 6, 6, 9, 8, 7, 7, 6, 5, 7, 6, 6, 10, 8, 10, 10, 7, 7, 9, 9, 8, 8, 9, 8, 9, 8, 
5: 0, 9, 7, 0, 0, 0, 7, 0, 0, 9, 9, 0, 8, 0, 0, 8, 0, 7, 8, 8, 10, 0, 0, 0, 6, 7, 9, 7, 9, 0, 0, 0, 0, 6, 0, 6, 0, 5, 0, 9, 0, 9, 8, 11, 9, 8, 7, 0, 0, 0, 0, 7, 0, 0, 8, 7, 0, 9, 9, 7, 0, 7, 0, 8, 7, 0, 0, 0, 0, 0, 8, 7, 0, 0, 0, 8, 9, 9, 0, 8, : 9, 7, 7, 9, 9, 8, 8, 7, 8, 8, 10, 6, 7, 9, 7, 9, 6, 6, 5, 9, 9, 8, 11, 9, 8, 7, 7, 8, 7, 9, 9, 7, 7, 8, 7, 8, 7, 8, 9, 9, 8, 
696: 0, 10, 0, 0, 0, 7, 9, 0, 8, 0, 0, 0, 6, 0, 0, 0, 0, 11, 0, 8, 7, 7, 5, 8, 8, 8, 9, 0, 0, 0, 7, 8, 0, 0, 6, 0, 0, 9, 9, 0, 9, 0, 9, 5, 0, 7, 0, 6, 0, 9, 0, 6, 0, 0, 0, 6, 0, 10, 9, 11, 0, 0, 0, 0, 0, 0, 8, 0, 0, 0, 0, 0, 0, 0, 6, 0, 0, 7, 7, 9, : 10, 7, 9, 8, 6, 11, 8, 7, 7, 5, 8, 8, 8, 9, 7, 8, 6, 9, 9, 9, 9, 5, 7, 6, 9, 6, 6, 10, 9, 11, 8, 6, 7, 7, 9, 
667: 8, 10, 0, 0, 0, 0, 10, 7, 6, 0, 0, 7, 6, 6, 8, 8, 0, 9, 0, 9, 6, 8, 9, 8, 0, 9, 0, 4, 10, 7, 0, 0, 7, 0, 0, 8, 0, 0, 10, 9, 0, 6, 0, 7, 9, 0, 0, 7, 7, 0, 7, 0, 0, 7, 9, 0, 8, 0, 9, 0, 5, 5, 0, 0, 9, 0, 7, 8, 7, 7, 7, 8, 8, 7, 7, 9, 0, 8, 8, 0, : 8, 10, 10, 7, 6, 7, 6, 6, 8, 8, 9, 9, 6, 8, 9, 8, 9, 4, 10, 7, 7, 8, 10, 9, 6, 7, 9, 7, 7, 7, 7, 9, 8, 9, 5, 5, 9, 7, 8, 7, 7, 7, 8, 8, 7, 7, 9, 8, 8, 
351: 6, 0, 0, 0, 5, 7, 0, 0, 0, 0, 10, 0, 0, 0, 6, 11, 9, 0, 9, 9, 0, 9, 0, 0, 0, 0, 0, 0, 6, 0, 0, 0, 0, 8, 7, 5, 0, 0, 0, 7, 7, 6, 6, 0, 0, 0, 0, 0, 0, 8, 10, 6, 0, 7, 7, 0, 6, 8, 5, 6, 0, 5, 0, 8, 8, 0, 0, 7, 0, 8, 8, 0, 8, 0, 8, 6, 0, 8, 9, 0, : 6, 5, 7, 10, 6, 11, 9, 9, 9, 9, 6, 8, 7, 5, 7, 7, 6, 6, 8, 10, 6, 7, 7, 6, 8, 5, 6, 5, 8, 8, 7, 8, 8, 8, 8, 6, 8, 9, 
290: 0, 0, 6, 7, 0, 10, 0, 0, 0, 6, 0, 0, 0, 0, 8, 0, 10, 5, 9, 0, 0, 10, 0, 0, 7, 0, 10, 7, 0, 0, 0, 7, 0, 0, 0, 0, 0, 0, 7, 0, 9, 7, 0, 0, 0, 0, 0, 8, 5, 0, 0, 0, 0, 0, 0, 0, 7, 0, 6, 0, 0, 7, 0, 6, 0, 8, 8, 0, 0, 8, 9, 7, 7, 0, 7, 5, 8, 0, 0, 0, : 6, 7, 10, 6, 8, 10, 5, 9, 10, 7, 10, 7, 7, 7, 9, 7, 8, 5, 7, 6, 7, 6, 8, 8, 8, 9, 7, 7, 7, 5, 8, 
57: 0, 8, 0, 0, 0, 10, 0, 0, 6, 0, 8, 0, 0, 7, 0, 0, 7, 0, 0, 0, 7, 6, 0, 9, 0, 5, 7, 8, 9, 0, 0, 7, 0, 0, 8, 8, 9, 0, 0, 0, 0, 5, 5, 0, 11, 0, 0, 8, 0, 10, 9, 0, 0, 0, 8, 10, 9, 7, 8, 0, 0, 10, 0, 9, 0, 9, 0, 0, 0, 0, 0, 0, 0, 5, 9, 0, 7, 0, 0, 0, : 8, 10, 6, 8, 7, 7, 7, 6, 9, 5, 7, 8, 9, 7, 8, 8, 9, 5, 5, 11, 8, 10, 9, 8, 10, 9, 7, 8, 10, 9, 9, 5, 9, 7, 
610: 0, 9, 0, 9, 9, 0, 5, 9, 4, 0, 7, 0, 6, 8, 0, 0, 0, 9, 9, 0, 0, 5, 10, 0, 7, 0, 0, 8, 10, 8, 0, 0, 11, 5, 0, 10, 0, 0, 0, 9, 0, 7, 6, 0, 6, 7, 7, 7, 10, 0, 7, 0, 7, 8, 0, 0, 7, 0, 0, 0, 0, 8, 0, 8, 0, 7, 0, 0, 8, 8, 8, 0, 6, 0, 0, 0, 9, 0, 0, 9, : 9, 9, 9, 5, 9, 4, 7, 6, 8, 9, 9, 5, 10, 7, 8, 10, 8, 11, 5, 10, 9, 7, 6, 6, 7, 7, 7, 10, 7, 7, 8, 7, 8, 8, 7, 8, 8, 8, 6, 9, 9, 
553: 10, 0, 8, 7, 10, 8, 0, 0, 0, 9, 0, 7, 0, 0, 11, 0, 10, 0, 0, 0, 0, 6, 0, 9, 0, 8, 0, 7, 7, 0, 7, 0, 6, 0, 0, 6, 0, 7, 0, 0, 7, 0, 0, 8, 0, 0, 0, 0, 7, 10, 7, 10, 9, 8, 6, 7, 0, 0, 9, 7, 0, 6, 10, 11, 0, 0, 0, 7, 9, 8, 0, 9, 0, 8, 0, 0, 0, 0, 0, 0, : 10, 8, 7, 10, 8, 9, 7, 11, 10, 6, 9, 8, 7, 7, 7, 6, 6, 7, 7, 8, 7, 10, 7, 10, 9, 8, 6, 7, 9, 7, 6, 10, 11, 7, 9, 8, 9, 8, 
80: 8, 6, 7, 0, 8, 8, 5, 8, 6, 8, 0, 10, 7, 7, 0, 0, 8, 7, 0, 0, 0, 0, 4, 8, 7, 8, 4, 0, 6, 7, 10, 0, 9, 11, 7, 0, 8, 9, 0, 0, 0, 0, 9, 0, 0, 0, 0, 0, 7, 9, 0, 6, 6, 0, 11, 0, 0, 0, 6, 0, 8, 11, 7, 0, 0, 8, 0, 8, 7, 9, 8, 8, 0, 7, 0, 7, 0, 0, 0, 0, : 8, 6, 7, 8, 8, 5, 8, 6, 8, 10, 7, 7, 8, 7, 4, 8, 7, 8, 4, 6, 7, 10, 9, 11, 7, 8, 9, 9, 7, 9, 6, 6, 11, 6, 8, 11, 7, 8, 8, 7, 9, 8, 8, 7, 7, 
710: 8, 8, 5, 7, 0, 8, 8, 8, 0, 10, 0, 0, 0, 0, 0, 0, 0, 0, 9, 8, 6, 0, 0, 0, 0, 10, 0, 0, 0, 0, 11, 0, 9, 8, 0, 6, 7, 0, 0, 0, 9, 7, 8, 0, 0, 9, 0, 8, 7, 7, 0, 7, 0, 9, 0, 0, 0, 8, 0, 0, 8, 0, 7, 6, 0, 10, 0, 0, 7, 8, 8, 0, 0, 6, 0, 8, 5, 8, 6, 8, : 8, 8, 5, 7, 8, 8, 8, 10, 9, 8, 6, 10, 11, 9, 8, 6, 7, 9, 7, 8, 9, 8, 7, 7, 7, 9, 8, 8, 7, 6, 10, 7, 8, 8, 6, 8, 5, 8, 6, 8, 
417: 8, 9, 9, 0, 0, 6, 8, 0, 0, 6, 0, 0, 0, 0, 0, 0, 6, 0, 9, 0, 0, 0, 5, 0, 6, 9, 0, 0, 0, 0, 0, 0, 9, 0, 10, 0, 8, 7, 7, 8, 8, 0, 9, 0, 8, 0, 0, 8, 0, 0, 8, 0, 0, 8, 0, 0, 7, 9, 0, 10, 8, 5, 0, 0, 0, 0, 7, 7, 0, 0, 7, 6, 0, 0, 0, 7, 0, 0, 9, 0, : 8, 9, 9, 6, 8, 6, 6, 9, 5, 6, 9, 9, 10, 8, 7, 7, 8, 8, 9, 8, 8, 8, 8, 7, 9, 10, 8, 5, 7, 7, 7, 6, 7, 9, 
302: 8, 6, 10, 0, 0, 0, 5, 7, 0, 10, 0, 7, 8, 0, 0, 0, 9, 0, 10, 0, 0, 10, 7, 6, 0, 0, 0, 0, 9, 0, 0, 8, 11, 8, 0, 10, 0, 0, 8, 0, 7, 8, 7, 0, 0, 0, 9, 7, 0, 0, 0, 7, 0, 0, 0, 8, 0, 0, 0, 0, 0, 6, 9, 10, 7, 8, 9, 0, 9, 7, 9, 0, 8, 0, 7, 7, 0, 0, 9, 0, : 8, 6, 10, 5, 7, 10, 7, 8, 9, 10, 10, 7, 6, 9, 8, 11, 8, 10, 8, 7, 8, 7, 9, 7, 7, 8, 6, 9, 10, 7, 8, 9, 9, 7, 9, 8, 7, 7, 9, 
785: 8, 0, 0, 8, 0, 8, 8, 6, 0, 10, 9, 10, 0, 9, 8, 0, 0, 9, 0, 9, 0, 6, 4, 0, 8, 0, 0, 8, 0, 10, 7, 0, 8, 9, 7, 8, 0, 8, 0, 0, 0, 7, 7, 0, 0, 0, 0, 0, 0, 0, 7, 6, 9, 0, 8, 8, 0, 10, 0, 0, 8, 9, 0, 0, 0, 9, 0, 9, 0, 6, 0, 8, 7, 8, 9, 0, 8, 9, 9, 6, : 8, 8, 8, 8, 6, 10, 9, 10, 9, 8, 9, 9, 6, 4, 8, 8, 10, 7, 8, 9, 7, 8, 8, 7, 7, 7, 6, 9, 8, 8, 10, 8, 9, 9, 9, 6, 8, 7, 8, 9, 8, 9, 9, 6, 
29: 9, 7, 0, 8, 10, 5, 0, 0, 6, 0, 0, 0, 0, 0, 9, 0, 5, 0, 0, 0, 6, 10, 0, 6, 0, 0, 0, 0, 0, 6, 0, 0, 0, 8, 6, 6, 0, 8, 6, 0, 0, 0, 8, 6, 10, 5, 7, 0, 10, 0, 0, 9, 0, 9, 0, 0, 8, 0, 0, 0, 11, 7, 8, 9, 7, 7, 0, 7, 0, 9, 0, 0, 6, 0, 9, 8, 7, 8, 0, 0, : 9, 7, 8, 10, 5, 6, 9, 5, 6, 10, 6, 6, 8, 6, 6, 8, 6, 8, 6, 10, 5, 7, 10, 9, 9, 8, 11, 7, 8, 9, 7, 7, 7, 9, 6, 9, 8, 7, 8, 
150: 9, 0, 9, 10, 7, 0, 0, 7, 0, 10, 0, 9, 0, 0, 0, 0, 0, 0, 0, 9, 0, 0, 8, 8, 0, 7, 10, 6, 0, 11, 7, 7, 0, 6, 0, 8, 0, 6, 7, 8, 0, 0, 8, 8, 8, 5, 9, 7, 9, 9, 0, 0, 0, 0, 7, 9, 0, 0, 0, 0, 5, 0, 7, 0, 9, 7, 8, 9, 0, 0, 0, 9, 7, 0, 7, 0, 0, 7, 0, 0, : 9, 9, 10, 7, 7, 10, 9, 9, 8, 8, 7, 10, 6, 11, 7, 7, 6, 8, 6, 7, 8, 8, 8, 8, 5, 9, 7, 9, 9, 7, 9, 5, 7, 9, 7, 8, 9, 9, 7, 7, 7, 
453: 0, 0, 9, 0, 0, 0, 4, 0, 0, 5, 6, 9, 0, 9, 8, 0, 0, 0, 9, 0, 0, 9, 0, 0, 9, 0, 9, 9, 7, 6, 6, 7, 0, 10, 5, 0, 7, 8, 0, 0, 0, 10, 7, 7, 5, 0, 0, 7, 8, 7, 6, 8, 0, 0, 0, 0, 0, 0, 7, 11, 6, 8, 7, 6, 6, 0, 8, 8, 0, 0, 0, 7, 8, 9, 9, 0, 8, 9, 0, 6, : 9, 4, 5, 6, 9, 9, 8, 9, 9, 9, 9, 9, 7, 6, 6, 7, 10, 5, 7, 8, 10, 7, 7, 5, 7, 8, 7, 6, 8, 7, 11, 6, 8, 7, 6, 6, 8, 8, 7, 8, 9, 9, 8, 9, 6, 
741: 7, 6, 9, 9, 6, 9, 0, 10, 0, 0, 8, 6, 7, 0, 7, 0, 0, 11, 5, 0, 8, 7, 8, 0, 0, 0, 10, 0, 6, 11, 8, 8, 0, 7, 7, 0, 0, 0, 0, 0, 7, 0, 5, 0, 0, 0, 7, 0, 0, 7, 7, 0, 10, 0, 6, 0, 7, 0, 0, 0, 10, 7, 0, 8, 6, 8, 0, 0, 8, 9, 0, 8, 7, 9, 8, 7, 0, 0, 9, 0, : 7, 6, 9, 9, 6, 9, 10, 8, 6, 7, 7, 11, 5, 8, 7, 8, 10, 6, 11, 8, 8, 7, 7, 7, 5, 7, 7, 7, 10, 6, 7, 10, 7, 8, 6, 8, 8, 9, 8, 7, 9, 8, 7, 9, 
201: 0, 0, 0, 0, 8, 0, 8, 0, 6, 0, 0, 0, 6, 6, 0, 0, 10, 7, 9, 7, 0, 0, 0, 0, 0, 9, 6, 7, 0, 7, 0, 0, 8, 0, 8, 11, 0, 9, 0, 0, 7, 8, 0, 5, 0, 0, 0, 9, 0, 0, 0, 0, 0, 8, 0, 8, 0, 0, 8, 6, 5, 8, 0, 0, 0, 0, 6, 8, 8, 0, 0, 8, 7, 7, 0, 0, 7, 0, 9, 8, : 8, 8, 6, 6, 6, 10, 7, 9, 7, 9, 6, 7, 7, 8, 8, 11, 9, 7, 8, 5, 9, 8, 8, 8, 6, 5, 8, 6, 8, 8, 8, 7, 7, 7, 9, 8, 
363: 0, 0, 0, 0, 0, 0, 0, 0, 9, 8, 4, 10, 0, 8, 8, 9, 0, 0, 8, 0, 7, 0, 0, 0, 7, 7, 9, 9, 0, 11, 0, 6, 0, 9, 5, 0, 9, 0, 6, 6, 7, 0, 0, 0, 6, 0, 0, 7, 0, 6, 0, 9, 0, 0, 9, 6, 7, 0, 0, 8, 0, 0, 0, 10, 5, 6, 0, 7, 0, 8, 0, 9, 0, 8, 7, 0, 9, 7, 0, 0, : 9, 8, 4, 10, 8, 8, 9, 8, 7, 7, 7, 9, 9, 11, 6, 9, 5, 9, 6, 6, 7, 6, 7, 6, 9, 9, 6, 7, 8, 10, 5, 6, 7, 8, 9, 8, 7, 9, 7, 
437: 0, 0, 0, 0, 9, 0, 8, 0, 10, 8, 0, 0, 9, 0, 10, 0, 0, 0, 6, 8, 0, 0, 0, 5, 0, 9, 0, 0, 0, 0, 6, 0, 5, 0, 0, 0, 0, 0, 9, 6, 7, 11, 6, 11, 9, 0, 8, 0, 0, 7, 6, 6, 8, 0, 7, 8, 0, 7, 6, 5, 10, 0, 0, 8, 0, 8, 0, 7, 0, 8, 6, 0, 8, 6, 6, 8, 8, 0, 0, 0, : 9, 8, 10, 8, 9, 10, 6, 8, 5, 9, 6, 5, 9, 6, 7, 11, 6, 11, 9, 8, 7, 6, 6, 8, 7, 8, 7, 6, 5, 10, 8, 8, 7, 8, 6, 8, 6, 6, 8, 8, 
768: 0, 8, 0, 0, 5, 8, 8, 7, 9, 0, 0, 0, 10, 0, 0, 7, 5, 0, 5, 0, 7, 0, 8, 0, 0, 0, 0, 0, 8, 8, 0, 0, 0, 6, 0, 9, 0, 7, 6, 7, 7, 9, 10, 8, 0, 7, 5, 0, 0, 0, 0, 8, 10, 7, 0, 7, 0, 6, 0, 7, 0, 0, 0, 7, 7, 0, 10, 0, 0, 0, 8, 0, 7, 8, 0, 0, 7, 7, 0, 0, : 8, 5, 8, 8, 7, 9, 10, 7, 5, 5, 7, 8, 8, 8, 6, 9, 7, 6, 7, 7, 9, 10, 8, 7, 5, 8, 10, 7, 7, 6, 7, 7, 7, 10, 8, 7, 8, 7, 7, 
405: 5, 0, 0, 7, 8, 5, 10, 0, 7, 0, 11, 0, 9, 0, 0, 9, 7, 0, 9, 10, 0, 0, 6, 0, 9, 8, 0, 5, 0, 6, 0, 8, 9, 0, 9, 0, 10, 10, 0, 7, 7, 0, 0, 0, 0, 0, 7, 0, 0, 0, 7, 0, 6, 5, 0, 8, 8, 7, 7, 10, 6, 0, 0, 0, 0, 8, 8, 0, 6, 0, 8, 8, 8, 7, 8, 8, 0, 7, 5, 8, : 5, 7, 8, 5, 10, 7, 11, 9, 9, 7, 9, 10, 6, 9, 8, 5, 6, 8, 9, 9, 10, 10, 7, 7, 7, 7, 6, 5, 8, 8, 7, 7, 10, 6, 8, 8, 6, 8, 8, 8, 7, 8, 8, 7, 5, 8, 
428: 0, 8, 0, 9, 0, 0, 8, 8, 0, 11, 6, 0, 9, 0, 0, 9, 6, 4, 0, 6, 6, 4, 8, 7, 0, 0, 8, 0, 4, 6, 5, 6, 7, 8, 9, 0, 5, 9, 0, 0, 8, 0, 10, 0, 0, 0, 6, 10, 0, 0, 0, 0, 0, 5, 9, 9, 0, 8, 7, 0, 7, 10, 5, 0, 7, 6, 0, 8, 0, 7, 0, 9, 0, 7, 8, 8, 0, 9, 0, 8, : 8, 9, 8, 8, 11, 6, 9, 9, 6, 4, 6, 6, 4, 8, 7, 8, 4, 6, 5, 6, 7, 8, 9, 5, 9, 8, 10, 6, 10, 5, 9, 9, 8, 7, 7, 10, 5, 7, 6, 8, 7, 9, 7, 8, 8, 9, 8, 
792: 6, 6, 7, 10, 8, 0, 0, 0, 7, 0, 0, 0, 8, 7, 0, 0, 0, 6, 8, 9, 6, 0, 0, 0, 0, 8, 0, 9, 9, 0, 8, 8, 6, 0, 0, 7, 9, 0, 8, 0, 7, 0, 6, 0, 8, 0, 0, 0, 0, 0, 0, 6, 7, 0, 0, 8, 7, 0, 0, 11, 7, 9, 0, 0, 0, 9, 0, 7, 9, 0, 0, 8, 0, 9, 6, 6, 0, 7, 7, 8, : 6, 6, 7, 10, 8, 7, 8, 7, 6, 8, 9, 6, 8, 9, 9, 8, 8, 6, 7, 9, 8, 7, 6, 8, 6, 7, 8, 7, 11, 7, 9, 9, 7, 9, 8, 9, 6, 6, 7, 7, 8, 
681: 9, 0, 6, 0, 0, 8, 0, 7, 0, 8, 8, 6, 8, 9, 0, 9, 10, 0, 0, 0, 0, 8, 6, 5, 9, 8, 5, 0, 8, 0, 6, 9, 0, 8, 0, 7, 10, 0, 8, 7, 0, 0, 0, 6, 0, 0, 8, 0, 0, 7, 0, 0, 11, 7, 0, 9, 0, 8, 0, 0, 0, 9, 0, 7, 0, 8, 0, 0, 0, 0, 0, 0, 8, 7, 0, 0, 0, 0, 0, 0, : 9, 6, 8, 7, 8, 8, 6, 8, 9, 9, 10, 8, 6, 5, 9, 8, 5, 8, 6, 9, 8, 7, 10, 8, 7, 6, 8, 7, 11, 7, 9, 8, 9, 7, 8, 8, 7, 
724: 0, 0, 8, 8, 0, 6, 7, 10, 5, 4, 0, 0, 0, 0, 0, 0, 10, 7, 0, 0, 0, 7, 0, 0, 0, 9, 5, 8, 9, 8, 0, 6, 0, 9, 10, 0, 0, 0, 0, 5, 0, 0, 0, 0, 0, 0, 0, 0, 9, 10, 0, 9, 7, 8, 0, 0, 0, 7, 0, 7, 8, 10, 9, 0, 0, 0, 9, 0, 0, 0, 0, 8, 8, 0, 0, 0, 0, 0, 7, 0, : 8, 8, 6, 7, 10, 5, 4, 10, 7, 7, 9, 5, 8, 9, 8, 6, 9, 10, 5, 9, 10, 9, 7, 8, 7, 7, 8, 10, 9, 9, 8, 8, 7, 
207: 7, 0, 9, 0, 0, 8, 0, 5, 11, 0, 8, 7, 8, 10, 9, 0, 0, 6, 0, 8, 9, 11, 0, 9, 8, 0, 9, 0, 0, 0, 8, 0, 10, 0, 6, 0, 0, 0, 6, 0, 7, 0, 0, 0, 6, 10, 0, 9, 7, 0, 8, 0, 9, 0, 7, 7, 10, 0, 0, 0, 0, 0, 7, 0, 0, 0, 0, 8, 8, 0, 0, 7, 5, 8, 0, 0, 0, 0, 8, 0, : 7, 9, 8, 5, 11, 8, 7, 8, 10, 9, 6, 8, 9, 11, 9, 8, 9, 8, 10, 6, 6, 7, 6, 10, 9, 7, 8, 9, 7, 7, 10, 7, 8, 8, 7, 5, 8, 8, 
475: 0, 0, 9, 0, 0, 8, 5, 0, 0, 8, 0, 0, 9, 9, 0, 6, 7, 0, 0, 6, 0, 0, 0, 10, 0, 0, 7, 0, 6, 6, 8, 0, 7, 0, 0, 0, 8, 0, 0, 0, 8, 6, 0, 8, 0, 8, 10, 0, 9, 0, 0, 0, 0, 0, 0, 0, 7, 0, 8, 7, 10, 0, 8, 0, 0, 0, 8, 6, 8, 8, 9, 5, 7, 0, 0, 0, 0, 0, 9, 8, : 9, 8, 5, 8, 9, 9, 6, 7, 6, 10, 7, 6, 6, 8, 7, 8, 8, 6, 8, 8, 10, 9, 7, 8, 7, 10, 8, 8, 6, 8, 8, 9, 5, 7, 9, 8, 
414: 0, 0, 9, 0, 8, 0, 0, 0, 7, 0, 0, 9, 0, 0, 8, 0, 0, 0, 6, 0, 6, 0, 7, 8, 7, 6, 10, 0, 7, 0, 7, 0, 0, 0, 11, 0, 6, 0, 9, 0, 7, 7, 11, 8, 6, 0, 0, 0, 0, 8, 10, 8, 8, 0, 8, 5, 6, 11, 7, 8, 5, 9, 0, 7, 10, 7, 9, 0, 6, 7, 8, 0, 0, 0, 0, 9, 6, 0, 0, 0, : 9, 8, 7, 9, 8, 6, 6, 7, 8, 7, 6, 10, 7, 7, 11, 6, 9, 7, 7, 11, 8, 6, 8, 10, 8, 8, 8, 5, 6, 11, 7, 8, 5, 9, 7, 10, 7, 9, 6, 7, 8, 9, 6, 
655: 0, 8, 8, 0, 7, 5, 0, 0, 7, 5, 0, 0, 7, 6, 0, 8, 9, 0, 10, 9, 0, 0, 0, 7, 10, 7, 6, 0, 0, 0, 9, 5, 0, 8, 7, 0, 0, 0, 9, 0, 0, 0, 0, 0, 9, 0, 0, 8, 0, 0, 0, 7, 8, 10, 8, 0, 9, 7, 0, 8, 8, 0, 7, 0, 7, 0, 0, 7, 7, 6, 0, 0, 9, 0, 8, 8, 0, 0, 0, 0, : 8, 8, 7, 5, 7, 5, 7, 6, 8, 9, 10, 9, 7, 10, 7, 6, 9, 5, 8, 7, 9, 9, 8, 7, 8, 10, 8, 9, 7, 8, 8, 7, 7, 7, 7, 6, 9, 8, 8, 
594: 8, 0, 6, 9, 8, 9, 0, 7, 8, 4, 10, 0, 9, 0, 0, 7, 6, 0, 7, 0, 7, 0, 9, 8, 9, 7, 0, 0, 0, 0, 6, 0, 8, 7, 0, 7, 10, 9, 8, 0, 0, 9, 0, 0, 5, 9, 9, 0, 7, 0, 10, 10, 8, 0, 7, 0, 0, 0, 6, 7, 0, 0, 7, 8, 0, 0, 7, 0, 0, 0, 0, 0, 0, 8, 0, 0, 0, 9, 7, 7, : 8, 6, 9, 8, 9, 7, 8, 4, 10, 9, 7, 6, 7, 7, 9, 8, 9, 7, 6, 8, 7, 7, 10, 9, 8, 9, 5, 9, 9, 7, 10, 10, 8, 7, 6, 7, 7, 8, 7, 8, 9, 7, 7, 
626: 0, 8, 10, 0, 0, 7, 7, 0, 4, 0, 8, 0, 0, 10, 0, 7, 7, 9, 0, 5, 9, 0, 9, 0, 0, 10, 0, 0, 8, 7, 0, 8, 0, 0, 7, 9, 0, 0, 0, 7, 7, 8, 0, 0, 8, 7, 0, 6, 9, 8, 0, 8, 6, 0, 7, 0, 11, 6, 0, 10, 0, 0, 8, 0, 8, 0, 7, 7, 0, 0, 0, 0, 7, 8, 8, 9, 0, 8, 0, 0, : 8, 10, 7, 7, 4, 8, 10, 7, 7, 9, 5, 9, 9, 10, 8, 7, 8, 7, 9, 7, 7, 8, 8, 7, 6, 9, 8, 8, 6, 7, 11, 6, 10, 8, 8, 7, 7, 7, 8, 8, 9, 8, 
421: 7, 0, 0, 9, 0, 10, 0, 0, 11, 7, 10, 10, 0, 7, 8, 0, 9, 0, 8, 7, 8, 0, 8, 0, 4, 7, 8, 9, 9, 0, 0, 0, 8, 10, 0, 0, 6, 0, 8, 0, 7, 0, 8, 0, 0, 5, 7, 0, 0, 7, 10, 8, 0, 0, 10, 8, 11, 6, 0, 9, 0, 0, 0, 6, 0, 0, 7, 0, 8, 0, 7, 8, 0, 9, 0, 7, 9, 0, 0, 0, : 7, 9, 10, 11, 7, 10, 10, 7, 8, 9, 8, 7, 8, 8, 4, 7, 8, 9, 9, 8, 10, 6, 8, 7, 8, 5, 7, 7, 10, 8, 10, 8, 11, 6, 9, 6, 7, 8, 7, 8, 9, 7, 9, 
192: 0, 0, 7, 0, 10, 0, 10, 10, 0, 11, 7, 7, 8, 7, 11, 5, 11, 0, 6, 0, 9, 8, 0, 0, 0, 7, 0, 6, 0, 0, 8, 8, 0, 0, 6, 8, 0, 7, 0, 0, 0, 0, 8, 9, 0, 6, 0, 6, 8, 0, 0, 5, 7, 0, 0, 10, 0, 0, 0, 0, 10, 8, 9, 10, 7, 0, 0, 0, 0, 0, 8, 9, 0, 0, 7, 0, 0, 5, 0, 8, : 7, 10, 10, 10, 11, 7, 7, 8, 7, 11, 5, 11, 6, 9, 8, 7, 6, 8, 8, 6, 8, 7, 8, 9, 6, 6, 8, 5, 7, 10, 10, 8, 9, 10, 7, 8, 9, 7, 5, 8, 
233: 8, 7, 0, 0, 0, 8, 6, 8, 11, 0, 8, 0, 0, 5, 0, 0, 0, 0, 0, 0, 0, 8, 9, 0, 9, 0, 0, 4, 0, 0, 0, 10, 0, 8, 0, 8, 6, 6, 7, 0, 0, 7, 0, 8, 8, 9, 0, 7, 0, 7, 0, 0, 0, 0, 6, 0, 0, 7, 0, 5, 6, 0, 0, 0, 9, 6, 7, 0, 0, 0, 8, 0, 0, 9, 0, 0, 7, 0, 7, 7, : 8, 7, 8, 6, 8, 11, 8, 5, 8, 9, 9, 4, 10, 8, 8, 6, 6, 7, 7, 8, 8, 9, 7, 7, 6, 7, 5, 6, 9, 6, 7, 8, 9, 7, 7, 7, 
640: 0, 8, 9, 8, 0, 0, 5, 0, 0, 0, 0, 0, 0, 0, 8, 6, 0, 9, 0, 0, 5, 0, 5, 10, 8, 0, 0, 6, 8, 0, 0, 0, 9, 6, 0, 0, 8, 0, 0, 6, 7, 0, 7, 0, 7, 0, 0, 8, 7, 8, 9, 9, 7, 8, 10, 4, 8, 0, 5, 0, 0, 7, 0, 7, 7, 0, 0, 0, 0, 0, 8, 0, 0, 9, 0, 7, 8, 0, 7, 0, : 8, 9, 8, 5, 8, 6, 9, 5, 5, 10, 8, 6, 8, 9, 6, 8, 6, 7, 7, 7, 8, 7, 8, 9, 9, 7, 8, 10, 4, 8, 5, 7, 7, 7, 8, 9, 7, 8, 7, 
544: 6, 0, 6, 0, 0, 0, 9, 0, 0, 10, 11, 0, 6, 8, 0, 8, 6, 0, 0, 6, 7, 6, 8, 4, 6, 0, 8, 7, 11, 0, 7, 0, 6, 10, 10, 0, 0, 0, 9, 0, 9, 0, 0, 0, 0, 7, 8, 9, 0, 9, 0, 0, 0, 0, 5, 7, 7, 10, 6, 0, 0, 0, 0, 10, 0, 8, 0, 0, 8, 0, 7, 0, 8, 0, 0, 0, 9, 7, 7, 7, : 6, 6, 9, 10, 11, 6, 8, 8, 6, 6, 7, 6, 8, 4, 6, 8, 7, 11, 7, 6, 10, 10, 9, 9, 7, 8, 9, 9, 5, 7, 7, 10, 6, 10, 8, 8, 7, 8, 9, 7, 7, 7, 
6: 8, 0, 7, 7, 8, 0, 10, 0, 8, 0, 8, 11, 0, 0, 0, 10, 10, 5, 6, 0, 8, 5, 0, 0, 7, 6, 9, 8, 0, 9, 6, 8, 0, 0, 0, 0, 0, 9, 0, 8, 0, 0, 0, 0, 0, 0, 10, 0, 8, 0, 0, 0, 0, 8, 0, 0, 7, 10, 10, 0, 6, 7, 0, 5, 5, 0, 8, 8, 9, 8, 6, 0, 0, 7, 0, 0, 7, 0, 0, 7, : 8, 7, 7, 8, 10, 8, 8, 11, 10, 10, 5, 6, 8, 5, 7, 6, 9, 8, 9, 6, 8, 9, 8, 10, 8, 8, 7, 10, 10, 6, 7, 5, 5, 8, 8, 9, 8, 6, 7, 7, 7, 
45: 7, 0, 7, 10, 9, 0, 0, 9, 0, 6, 9, 0, 9, 7, 0, 0, 0, 0, 9, 7, 9, 0, 0, 9, 0, 0, 0, 9, 0, 7, 7, 6, 0, 5, 8, 7, 0, 0, 0, 0, 6, 0, 0, 0, 0, 10, 8, 0, 7, 0, 0, 0, 8, 10, 0, 0, 0, 0, 10, 9, 0, 0, 0, 7, 8, 0, 8, 0, 0, 7, 0, 0, 0, 0, 0, 0, 8, 0, 0, 9, : 7, 7, 10, 9, 9, 6, 9, 9, 7, 9, 7, 9, 9, 9, 7, 7, 6, 5, 8, 7, 6, 10, 8, 7, 8, 10, 10, 9, 7, 8, 8, 7, 8, 9, 
164: 0, 0, 0, 0, 0, 10, 8, 11, 0, 0, 6, 11, 9, 7, 4, 0, 0, 0, 0, 0, 0, 7, 4, 0, 0, 7, 9, 8, 0, 9, 0, 9, 5, 0, 0, 0, 0, 7, 0, 9, 0, 0, 9, 0, 0, 0, 0, 8, 7, 0, 0, 0, 7, 0, 6, 10, 0, 0, 0, 0, 9, 9, 8, 0, 8, 7, 7, 0, 0, 0, 0, 7, 0, 7, 7, 0, 0, 8, 8, 0, : 10, 8, 11, 6, 11, 9, 7, 4, 7, 4, 7, 9, 8, 9, 9, 5, 7, 9, 9, 8, 7, 7, 6, 10, 9, 9, 8, 8, 7, 7, 7, 7, 7, 8, 8, 
198: 0, 5, 0, 6, 9, 0, 0, 0, 0, 0, 10, 0, 11, 9, 0, 0, 0, 10, 0, 0, 0, 6, 9, 6, 0, 10, 0, 0, 6, 7, 0, 0, 0, 7, 10, 8, 7, 0, 8, 0, 0, 0, 0, 10, 9, 10, 0, 0, 7, 0, 0, 0, 0, 7, 10, 0, 0, 0, 7, 0, 0, 0, 0, 0, 0, 8, 0, 0, 8, 0, 0, 0, 0, 7, 7, 7, 8, 0, 8, 0, : 5, 6, 9, 10, 11, 9, 10, 6, 9, 6, 10, 6, 7, 7, 10, 8, 7, 8, 10, 9, 10, 7, 7, 10, 7, 8, 8, 7, 7, 7, 8, 8, 
393: 9, 6, 5, 6, 0, 0, 0, 0, 0, 0, 0, 6, 0, 10, 8, 8, 0, 7, 0, 10, 8, 0, 0, 11, 0, 0, 0, 0, 0, 0, 7, 8, 9, 8, 10, 0, 0, 0, 0, 9, 0, 0, 0, 10, 8, 9, 0, 7, 10, 8, 7, 0, 0, 7, 7, 8, 0, 7, 8, 8, 7, 7, 0, 0, 0, 0, 0, 7, 0, 7, 7, 9, 7, 0, 0, 0, 0, 0, 8, 7, : 9, 6, 5, 6, 6, 10, 8, 8, 7, 10, 8, 11, 7, 8, 9, 8, 10, 9, 10, 8, 9, 7, 10, 8, 7, 7, 7, 8, 7, 8, 8, 7, 7, 7, 7, 7, 9, 7, 8, 7, 
450: 7, 8, 6, 6, 8, 6, 0, 0, 0, 10, 0, 9, 7, 8, 0, 7, 0, 0, 7, 0, 0, 0, 10, 9, 0, 0, 0, 9, 0, 8, 7, 0, 0, 0, 5, 9, 6, 7, 8, 0, 0, 10, 0, 0, 7, 7, 6, 9, 0, 0, 0, 9, 8, 0, 0, 0, 7, 0, 8, 6, 0, 0, 0, 0, 0, 0, 0, 0, 9, 0, 0, 8, 6, 8, 8, 0, 0, 9, 8, 0, : 7, 8, 6, 6, 8, 6, 10, 9, 7, 8, 7, 7, 10, 9, 9, 8, 7, 5, 9, 6, 7, 8, 10, 7, 7, 6, 9, 9, 8, 7, 8, 6, 9, 8, 6, 8, 8, 9, 8, 
250: 0, 0, 5, 0, 0, 0, 0, 6, 8, 8, 0, 0, 6, 7, 0, 6, 0, 0, 9, 7, 5, 8, 0, 7, 0, 0, 0, 10, 0, 7, 11, 0, 0, 9, 0, 7, 11, 8, 0, 9, 0, 7, 7, 0, 10, 9, 0, 0, 0, 0, 9, 0, 7, 0, 7, 8, 7, 0, 7, 10, 0, 7, 6, 0, 0, 6, 7, 0, 8, 0, 8, 7, 7, 8, 8, 0, 8, 7, 7, 9, : 5, 6, 8, 8, 6, 7, 6, 9, 7, 5, 8, 7, 10, 7, 11, 9, 7, 11, 8, 9, 7, 7, 10, 9, 9, 7, 7, 8, 7, 7, 10, 7, 6, 6, 7, 8, 8, 7, 7, 8, 8, 8, 7, 7, 9, 
225: 0, 9, 0, 9, 9, 9, 0, 10, 0, 0, 0, 7, 0, 8, 0, 0, 11, 0, 7, 0, 0, 9, 9, 0, 8, 0, 6, 7, 0, 0, 0, 9, 0, 0, 0, 0, 0, 0, 0, 8, 0, 7, 0, 8, 0, 10, 10, 0, 7, 10, 8, 9, 0, 0, 9, 0, 7, 0, 0, 8, 8, 8, 6, 10, 0, 11, 8, 0, 8, 8, 0, 7, 8, 9, 8, 0, 8, 8, 8, 6, : 9, 9, 9, 9, 10, 7, 8, 11, 7, 9, 9, 8, 6, 7, 9, 8, 7, 8, 10, 10, 7, 10, 8, 9, 9, 7, 8, 8, 8, 6, 10, 11, 8, 8, 8, 7, 8, 9, 8, 8, 8, 8, 6, 
460: 0, 0, 7, 7, 7, 0, 0, 5, 6, 0, 0, 9, 0, 0, 9, 6, 0, 6, 0, 6, 0, 0, 0, 7, 0, 0, 8, 0, 8, 0, 0, 0, 8, 0, 8, 7, 0, 8, 8, 0, 7, 0, 9, 9, 6, 7, 0, 0, 8, 7, 0, 10, 8, 0, 0, 0, 7, 9, 0, 0, 0, 9, 0, 0, 8, 5, 0, 8, 5, 8, 7, 0, 0, 8, 7, 0, 0, 0, 8, 9, : 7, 7, 7, 5, 6, 9, 9, 6, 6, 6, 7, 8, 8, 8, 8, 7, 8, 8, 7, 9, 9, 6, 7, 8, 7, 10, 8, 7, 9, 9, 8, 5, 8, 5, 8, 7, 8, 7, 8, 9, 
262: 6, 0, 0, 0, 8, 0, 7, 0, 8, 10, 6, 6, 9, 0, 5, 4, 0, 9, 0, 4, 4, 9, 0, 0, 0, 0, 9, 10, 0, 6, 5, 0, 10, 0, 9, 0, 5, 8, 0, 9, 0, 0, 8, 6, 9, 8, 9, 7, 9, 7, 0, 0, 0, 5, 0, 8, 8, 8, 4, 7, 10, 11, 7, 0, 7, 9, 7, 8, 8, 0, 0, 8, 0, 8, 0, 0, 0, 7, 0, 7, : 6, 8, 7, 8, 10, 6, 6, 9, 5, 4, 9, 4, 4, 9, 9, 10, 6, 5, 10, 9, 5, 8, 9, 8, 6, 9, 8, 9, 7, 9, 7, 5, 8, 8, 8, 4, 7, 10, 11, 7, 7, 9, 7, 8, 8, 8, 8, 7, 7, 
73: 8, 8, 6, 6, 0, 0, 0, 6, 8, 0, 7, 4, 7, 0, 6, 7, 0, 0, 7, 10, 9, 0, 6, 0, 0, 0, 0, 0, 8, 10, 0, 6, 0, 0, 6, 9, 0, 9, 0, 0, 6, 10, 8, 6, 0, 7, 7, 0, 0, 7, 6, 0, 6, 0, 0, 0, 0, 5, 8, 9, 0, 6, 0, 0, 10, 6, 0, 6, 9, 8, 0, 0, 0, 0, 0, 7, 0, 6, 6, 0, : 8, 8, 6, 6, 6, 8, 7, 4, 7, 6, 7, 7, 10, 9, 6, 8, 10, 6, 6, 9, 9, 6, 10, 8, 6, 7, 7, 7, 6, 6, 5, 8, 9, 6, 10, 6, 6, 9, 8, 7, 6, 6, 
520: 0, 0, 0, 5, 10, 0, 0, 0, 0, 0, 8, 6, 0, 6, 6, 0, 0, 7, 0, 0, 7, 0, 7, 10, 7, 0, 7, 0, 0, 0, 0, 0, 8, 0, 0, 0, 7, 0, 0, 8, 9, 8, 8, 7, 0, 0, 0, 0, 0, 7, 0, 0, 0, 9, 0, 9, 0, 0, 0, 0, 6, 0, 10, 9, 0, 7, 8, 8, 0, 0, 8, 7, 7, 0, 0, 8, 0, 0, 0, 0, : 5, 10, 8, 6, 6, 6, 7, 7, 7, 10, 7, 7, 8, 7, 8, 9, 8, 8, 7, 7, 9, 9, 6, 10, 9, 7, 8, 8, 8, 7, 7, 8, 
206: 8, 10, 0, 0, 0, 7, 7, 0, 8, 5, 0, 0, 10, 0, 0, 10, 0, 8, 7, 0, 0, 0, 9, 8, 6, 0, 7, 9, 0, 5, 0, 8, 9, 6, 8, 5, 0, 0, 0, 0, 0, 9, 0, 9, 6, 0, 6, 0, 0, 9, 0, 7, 0, 0, 0, 7, 0, 5, 0, 0, 9, 8, 7, 0, 0, 9, 7, 9, 0, 0, 0, 7, 8, 8, 0, 0, 0, 0, 8, 9, : 8, 10, 7, 7, 8, 5, 10, 10, 8, 7, 9, 8, 6, 7, 9, 5, 8, 9, 6, 8, 5, 9, 9, 6, 6, 9, 7, 7, 5, 9, 8, 7, 9, 7, 9, 7, 8, 8, 8, 9, 
503: 10, 8, 0, 9, 8, 8, 9, 10, 0, 6, 0, 0, 0, 11, 9, 8, 0, 10, 0, 0, 0, 0, 0, 0, 0, 0, 6, 9, 0, 8, 0, 0, 0, 5, 0, 0, 0, 8, 0, 9, 9, 0, 5, 0, 7, 6, 0, 6, 6, 0, 0, 0, 7, 6, 8, 0, 0, 0, 11, 0, 6, 0, 0, 8, 6, 0, 0, 9, 8, 9, 0, 8, 8, 0, 8, 0, 0, 0, 9, 8, : 10, 8, 9, 8, 8, 9, 10, 6, 11, 9, 8, 10, 6, 9, 8, 5, 8, 9, 9, 5, 7, 6, 6, 6, 7, 6, 8, 11, 6, 8, 6, 9, 8, 9, 8, 8, 8, 9, 8, 
93: 0, 5, 0, 8, 0, 9, 9, 10, 0, 8, 8, 8, 0, 8, 7, 9, 7, 0, 6, 6, 10, 9, 11, 0, 10, 10, 0, 7, 0, 0, 0, 5, 7, 0, 0, 8, 0, 0, 7, 0, 0, 8, 0, 0, 0, 0, 7, 8, 0, 0, 7, 0, 0, 0, 0, 0, 0, 0, 0, 0, 10, 7, 10, 0, 0, 0, 0, 0, 8, 7, 0, 8, 9, 0, 0, 8, 0, 8, 7, 0, : 5, 8, 9, 9, 10, 8, 8, 8, 8, 7, 9, 7, 6, 6, 10, 9, 11, 10, 10, 7, 5, 7, 8, 7, 8, 7, 8, 7, 10, 7, 10, 8, 7, 8, 9, 8, 8, 7, 


566: 0, 0, 0, 8, 0, 0, 0, 5, 0, 7, 6, 10, 7, 0, 0, 7, 0, 6, 0, 0, 0, 6, 0, 7, 0, 10, 0, 8, 0, 7, 0, 6, 0, 0, 0, 0, 7, 0, 0, 0, 0, 9, 7, 0, 8, 8, 9, 0, 7, 0, 0, 0, 6, 0, 7, 7, 6, 0, 0, 10, 7, 0, 8, 0, 8, 8, 8, 0, 0, 7, 0, 0, 0, 0, 9, 7, 8, 8, 0, 7, : 8, 5, 7, 6, 10, 7, 7, 6, 6, 7, 10, 8, 7, 6, 7, 9, 7, 8, 8, 9, 7, 6, 7, 7, 6, 10, 7, 8, 8, 8, 8, 7, 9, 7, 8, 8, 7, 
37: 8, 0, 9, 0, 0, 11, 0, 8, 0, 7, 7, 7, 0, 10, 7, 7, 0, 0, 0, 0, 0, 9, 8, 0, 0, 6, 0, 6, 0, 10, 7, 0, 8, 0, 5, 5, 9, 7, 7, 0, 0, 0, 0, 7, 7, 0, 9, 11, 0, 7, 8, 0, 9, 0, 0, 8, 10, 0, 0, 0, 0, 0, 7, 7, 0, 9, 0, 0, 8, 0, 7, 7, 0, 7, 0, 0, 0, 0, 0, 8, : 8, 9, 11, 8, 7, 7, 7, 10, 7, 7, 9, 8, 6, 6, 10, 7, 8, 5, 5, 9, 7, 7, 7, 7, 9, 11, 7, 8, 9, 8, 10, 7, 7, 9, 8, 7, 7, 7, 8, 
648: 7, 0, 6, 8, 8, 0, 8, 0, 9, 0, 0, 9, 10, 6, 0, 0, 0, 7, 0, 9, 0, 0, 9, 0, 0, 0, 8, 0, 7, 9, 0, 0, 0, 0, 6, 9, 9, 8, 8, 0, 10, 0, 0, 0, 8, 0, 6, 5, 0, 0, 0, 10, 9, 0, 0, 9, 0, 0, 11, 0, 8, 8, 0, 9, 6, 0, 0, 0, 7, 8, 8, 0, 7, 0, 0, 7, 0, 0, 8, 9, : 7, 6, 8, 8, 8, 9, 9, 10, 6, 7, 9, 9, 8, 7, 9, 6, 9, 9, 8, 8, 10, 8, 6, 5, 10, 9, 9, 11, 8, 8, 9, 6, 7, 8, 8, 7, 7, 8, 9, 
314: 5, 0, 8, 9, 0, 9, 0, 7, 0, 0, 9, 0, 0, 0, 6, 9, 8, 0, 0, 0, 0, 9, 0, 0, 0, 0, 7, 9, 8, 8, 8, 0, 0, 0, 9, 10, 0, 0, 0, 0, 8, 8, 0, 0, 7, 10, 11, 8, 0, 9, 8, 6, 9, 0, 6, 10, 7, 0, 10, 0, 0, 0, 0, 0, 0, 9, 0, 6, 8, 7, 0, 0, 0, 0, 7, 0, 8, 8, 7, 7, : 5, 8, 9, 9, 7, 9, 6, 9, 8, 9, 7, 9, 8, 8, 8, 9, 10, 8, 8, 7, 10, 11, 8, 9, 8, 6, 9, 6, 10, 7, 10, 9, 6, 8, 7, 7, 8, 8, 7, 7, 
376: 0, 8, 9, 0, 9, 0, 4, 6, 7, 8, 0, 10, 8, 0, 11, 8, 7, 0, 0, 5, 0, 0, 0, 0, 0, 7, 0, 0, 6, 8, 7, 0, 0, 6, 9, 0, 0, 8, 7, 9, 0, 9, 0, 10, 0, 0, 0, 10, 6, 9, 9, 8, 7, 9, 5, 0, 9, 7, 10, 6, 7, 0, 5, 0, 6, 0, 0, 8, 8, 7, 8, 8, 8, 9, 8, 0, 0, 6, 0, 7, : 8, 9, 9, 4, 6, 7, 8, 10, 8, 11, 8, 7, 5, 7, 6, 8, 7, 6, 9, 8, 7, 9, 9, 10, 10, 6, 9, 9, 8, 7, 9, 5, 9, 7, 10, 6, 7, 5, 6, 8, 8, 7, 8, 8, 8, 9, 8, 6, 7, 
635: 0, 0, 0, 0, 0, 6, 0, 0, 0, 10, 7, 8, 0, 6, 0, 0, 0, 9, 0, 5, 9, 0, 8, 0, 8, 0, 7, 8, 0, 6, 8, 0, 0, 0, 0, 0, 0, 0, 0, 0, 7, 6, 0, 0, 6, 0, 0, 0, 6, 8, 9, 9, 0, 0, 5, 8, 7, 5, 0, 5, 0, 9, 0, 0, 0, 6, 7, 0, 8, 8, 0, 0, 8, 8, 8, 8, 7, 7, 8, 0, : 6, 10, 7, 8, 6, 9, 5, 9, 8, 8, 7, 8, 6, 8, 7, 6, 6, 6, 8, 9, 9, 5, 8, 7, 5, 5, 9, 6, 7, 8, 8, 8, 8, 8, 8, 7, 7, 8, 
42: 9, 0, 0, 7, 9, 0, 0, 0, 0, 6, 0, 0, 0, 0, 9, 0, 0, 7, 0, 7, 9, 9, 0, 7, 6, 8, 0, 0, 7, 9, 7, 0, 0, 8, 0, 0, 5, 0, 7, 4, 7, 5, 7, 9, 0, 0, 0, 0, 8, 0, 9, 0, 7, 8, 7, 5, 0, 5, 5, 0, 8, 9, 0, 0, 0, 0, 9, 0, 0, 0, 8, 7, 0, 8, 0, 8, 0, 8, 0, 0, : 9, 7, 9, 6, 9, 7, 7, 9, 9, 7, 6, 8, 7, 9, 7, 8, 5, 7, 4, 7, 5, 7, 9, 8, 9, 7, 8, 7, 5, 5, 5, 8, 9, 9, 8, 7, 8, 8, 8, 
754: 7, 0, 7, 0, 0, 0, 0, 0, 7, 7, 0, 0, 9, 7, 7, 7, 0, 0, 0, 6, 7, 0, 0, 0, 0, 7, 7, 0, 9, 0, 8, 0, 0, 0, 6, 8, 7, 0, 0, 0, 10, 0, 8, 0, 7, 9, 0, 0, 9, 0, 0, 0, 0, 0, 9, 7, 0, 0, 4, 0, 0, 0, 0, 5, 0, 8, 8, 0, 8, 7, 0, 0, 8, 8, 0, 0, 0, 7, 8, 0, : 7, 7, 7, 7, 9, 7, 7, 7, 6, 7, 7, 7, 9, 8, 6, 8, 7, 10, 8, 7, 9, 9, 9, 7, 4, 5, 8, 8, 8, 7, 8, 8, 7, 8, 
346: 0, 7, 0, 0, 0, 0, 0, 0, 0, 9, 9, 0, 0, 0, 0, 0, 0, 6, 0, 0, 0, 10, 0, 5, 7, 6, 6, 6, 7, 6, 8, 0, 0, 11, 9, 0, 9, 0, 5, 0, 6, 0, 0, 0, 0, 7, 6, 0, 9, 10, 7, 8, 0, 0, 0, 8, 0, 0, 8, 0, 9, 10, 10, 10, 8, 0, 0, 0, 0, 8, 8, 8, 8, 8, 0, 0, 7, 0, 7, 8, : 7, 9, 9, 6, 10, 5, 7, 6, 6, 6, 7, 6, 8, 11, 9, 9, 5, 6, 7, 6, 9, 10, 7, 8, 8, 8, 9, 10, 10, 10, 8, 8, 8, 8, 8, 8, 7, 7, 8, 
222: 0, 0, 0, 0, 9, 0, 0, 0, 7, 0, 6, 0, 6, 8, 0, 0, 0, 8, 7, 0, 7, 0, 7, 0, 8, 0, 10, 0, 6, 10, 0, 9, 0, 9, 0, 0, 0, 7, 6, 8, 0, 9, 0, 6, 8, 0, 0, 0, 0, 8, 10, 7, 9, 6, 0, 0, 8, 0, 10, 0, 9, 5, 0, 0, 8, 7, 8, 8, 0, 8, 0, 6, 8, 8, 0, 8, 8, 0, 0, 0, : 9, 7, 6, 6, 8, 8, 7, 7, 7, 8, 10, 6, 10, 9, 9, 7, 6, 8, 9, 6, 8, 8, 10, 7, 9, 6, 8, 10, 9, 5, 8, 7, 8, 8, 8, 6, 8, 8, 8, 8, 
163: 0, 9, 0, 8, 9, 0, 8, 0, 9, 8, 0, 7, 0, 0, 8, 0, 0, 10, 0, 0, 0, 0, 0, 6, 0, 7, 0, 9, 0, 9, 7, 0, 6, 0, 0, 0, 0, 7, 0, 0, 0, 0, 10, 0, 0, 7, 0, 0, 6, 0, 0, 10, 8, 0, 0, 9, 0, 0, 7, 8, 0, 10, 0, 0, 8, 0, 8, 0, 8, 6, 7, 7, 9, 0, 8, 0, 0, 0, 0, 0, : 9, 8, 9, 8, 9, 8, 7, 8, 10, 6, 7, 9, 9, 7, 6, 7, 10, 7, 6, 10, 8, 9, 7, 8, 10, 8, 8, 8, 6, 7, 7, 9, 8, 
578: 0, 0, 0, 8, 6, 0, 0, 0, 7, 0, 7, 0, 9, 7, 8, 7, 7, 0, 9, 0, 0, 0, 9, 8, 0, 6, 6, 6, 8, 6, 0, 0, 0, 0, 7, 0, 7, 7, 7, 0, 0, 0, 8, 0, 11, 7, 0, 0, 7, 10, 9, 0, 9, 9, 0, 0, 0, 0, 10, 0, 6, 7, 0, 0, 6, 0, 7, 7, 8, 8, 8, 0, 0, 7, 7, 0, 7, 7, 7, 0, : 8, 6, 7, 7, 9, 7, 8, 7, 7, 9, 9, 8, 6, 6, 6, 8, 6, 7, 7, 7, 7, 8, 11, 7, 7, 10, 9, 9, 9, 10, 6, 7, 6, 7, 7, 8, 8, 8, 7, 7, 7, 7, 7, 
479: 7, 9, 0, 6, 0, 0, 0, 0, 10, 7, 0, 0, 8, 10, 0, 7, 5, 0, 0, 8, 7, 0, 0, 8, 8, 0, 0, 7, 6, 0, 9, 0, 0, 0, 0, 0, 8, 0, 9, 0, 8, 0, 9, 7, 0, 0, 5, 0, 6, 0, 0, 5, 8, 9, 6, 0, 0, 6, 6, 0, 6, 6, 6, 0, 0, 8, 0, 0, 8, 0, 0, 8, 7, 0, 7, 0, 0, 9, 8, 8, : 7, 9, 6, 10, 7, 8, 10, 7, 5, 8, 7, 8, 8, 7, 6, 9, 8, 9, 8, 9, 7, 5, 6, 5, 8, 9, 6, 6, 6, 6, 6, 6, 8, 8, 8, 7, 7, 9, 8, 8, 
332: 9, 5, 9, 0, 0, 7, 6, 0, 0, 0, 0, 0, 0, 10, 10, 0, 0, 0, 7, 7, 0, 0, 8, 6, 0, 0, 9, 0, 0, 0, 0, 7, 8, 0, 8, 0, 6, 0, 0, 0, 8, 7, 0, 9, 8, 0, 0, 0, 0, 0, 0, 0, 0, 0, 0, 0, 0, 0, 9, 10, 10, 0, 6, 10, 0, 8, 8, 0, 0, 0, 7, 9, 0, 0, 7, 8, 8, 8, 0, 0, : 9, 5, 9, 7, 6, 10, 10, 7, 7, 8, 6, 9, 7, 8, 8, 6, 8, 7, 9, 8, 9, 10, 10, 6, 10, 8, 8, 7, 9, 7, 8, 8, 8, 
676: 0, 0, 5, 9, 0, 6, 9, 0, 0, 0, 6, 10, 0, 8, 0, 9, 0, 9, 0, 9, 0, 0, 6, 8, 6, 0, 9, 0, 11, 0, 0, 0, 6, 0, 0, 0, 0, 0, 10, 0, 9, 9, 7, 8, 0, 8, 0, 0, 0, 0, 0, 9, 7, 0, 0, 7, 0, 0, 0, 8, 0, 11, 0, 6, 6, 0, 0, 7, 0, 8, 7, 9, 0, 7, 8, 0, 0, 7, 7, 7, : 5, 9, 6, 9, 6, 10, 8, 9, 9, 9, 6, 8, 6, 9, 11, 6, 10, 9, 9, 7, 8, 8, 9, 7, 7, 8, 11, 6, 6, 7, 8, 7, 9, 7, 8, 7, 7, 7, 
692: 0, 0, 0, 0, 0, 9, 9, 0, 6, 8, 11, 6, 10, 0, 9, 0, 8, 10, 8, 0, 0, 7, 8, 6, 7, 9, 0, 0, 0, 0, 7, 0, 8, 0, 7, 9, 0, 0, 9, 0, 6, 0, 0, 8, 0, 8, 11, 5, 4, 6, 10, 9, 0, 0, 9, 0, 0, 0, 8, 8, 9, 0, 7, 0, 0, 0, 0, 7, 7, 7, 0, 7, 7, 0, 0, 0, 8, 9, 0, 8, : 9, 9, 6, 8, 11, 6, 10, 9, 8, 10, 8, 7, 8, 6, 7, 9, 7, 8, 7, 9, 9, 6, 8, 8, 11, 5, 4, 6, 10, 9, 9, 8, 8, 9, 7, 7, 7, 7, 7, 7, 8, 9, 8, 
586: 0, 0, 9, 0, 8, 0, 10, 0, 6, 0, 7, 9, 0, 7, 0, 0, 0, 0, 8, 0, 10, 8, 8, 0, 0, 8, 0, 0, 6, 0, 6, 11, 0, 6, 7, 0, 8, 6, 0, 0, 0, 8, 8, 7, 9, 0, 0, 0, 7, 0, 8, 6, 0, 0, 8, 7, 0, 10, 0, 0, 0, 8, 0, 6, 0, 8, 7, 8, 7, 0, 9, 0, 0, 0, 9, 0, 0, 7, 7, 0, : 9, 8, 10, 6, 7, 9, 7, 8, 10, 8, 8, 8, 6, 6, 11, 6, 7, 8, 6, 8, 8, 7, 9, 7, 8, 6, 8, 7, 10, 8, 6, 8, 7, 8, 7, 9, 9, 7, 7, 
525: 8, 0, 0, 0, 7, 6, 0, 5, 0, 0, 7, 10, 0, 7, 6, 7, 8, 0, 0, 0, 4, 9, 0, 7, 7, 7, 8, 0, 0, 6, 0, 6, 0, 7, 0, 7, 0, 0, 8, 0, 9, 0, 7, 0, 4, 0, 0, 0, 0, 6, 0, 0, 0, 0, 10, 5, 5, 10, 0, 8, 5, 8, 8, 9, 0, 0, 0, 8, 6, 8, 0, 0, 0, 8, 6, 0, 0, 6, 0, 9, : 8, 7, 6, 5, 7, 10, 7, 6, 7, 8, 4, 9, 7, 7, 7, 8, 6, 6, 7, 7, 8, 9, 7, 4, 6, 10, 5, 5, 10, 8, 5, 8, 8, 9, 8, 6, 8, 8, 6, 6, 9, 
12: 5, 0, 8, 8, 7, 0, 0, 0, 0, 0, 5, 0, 0, 0, 0, 0, 0, 8, 7, 0, 0, 0, 0, 10, 10, 6, 6, 9, 0, 7, 6, 0, 0, 9, 6, 0, 8, 0, 0, 0, 0, 6, 7, 0, 0, 0, 8, 7, 0, 7, 9, 0, 0, 0, 0, 0, 10, 0, 0, 0, 9, 0, 0, 0, 0, 6, 0, 0, 0, 0, 9, 0, 9, 7, 7, 8, 8, 8, 9, 8, : 5, 8, 8, 7, 5, 8, 7, 10, 10, 6, 6, 9, 7, 6, 9, 6, 8, 6, 7, 8, 7, 7, 9, 10, 9, 6, 9, 9, 7, 7, 8, 8, 8, 9, 8, 
690: 0, 7, 0, 0, 0, 10, 8, 0, 5, 0, 9, 0, 0, 0, 0, 0, 7, 8, 6, 0, 0, 9, 0, 8, 7, 0, 9, 8, 0, 0, 0, 0, 9, 0, 9, 0, 0, 0, 0, 7, 0, 0, 9, 11, 7, 0, 0, 6, 0, 0, 0, 9, 0, 6, 8, 6, 9, 6, 0, 8, 0, 0, 0, 0, 0, 0, 0, 8, 0, 0, 8, 0, 6, 0, 9, 8, 0, 0, 8, 0, : 7, 10, 8, 5, 9, 7, 8, 6, 9, 8, 7, 9, 8, 9, 9, 7, 9, 11, 7, 6, 9, 6, 8, 6, 9, 6, 8, 8, 8, 6, 9, 8, 8, 
398: 9, 11, 0, 0, 6, 0, 0, 0, 0, 0, 0, 6, 0, 8, 0, 7, 10, 0, 0, 0, 0, 0, 7, 0, 10, 9, 8, 6, 6, 0, 0, 0, 0, 0, 0, 7, 0, 7, 0, 0, 6, 7, 0, 9, 10, 0, 0, 8, 9, 0, 6, 0, 0, 5, 0, 0, 10, 0, 0, 6, 8, 5, 7, 0, 0, 7, 7, 0, 0, 9, 6, 0, 0, 6, 0, 0, 7, 7, 0, 7, : 9, 11, 6, 6, 8, 7, 10, 7, 10, 9, 8, 6, 6, 7, 7, 6, 7, 9, 10, 8, 9, 6, 5, 10, 6, 8, 5, 7, 7, 7, 9, 6, 6, 7, 7, 7, 
411: 0, 0, 8, 0, 7, 0, 8, 0, 0, 0, 0, 0, 8, 0, 5, 0, 0, 0, 8, 6, 0, 6, 0, 9, 0, 9, 8, 0, 9, 0, 0, 0, 8, 8, 0, 0, 0, 6, 0, 6, 0, 8, 0, 0, 9, 8, 0, 0, 0, 9, 6, 9, 8, 7, 9, 0, 0, 0, 0, 0, 0, 9, 0, 7, 0, 0, 7, 8, 8, 8, 8, 0, 9, 8, 0, 0, 9, 0, 7, 8, : 8, 7, 8, 8, 5, 8, 6, 6, 9, 9, 8, 9, 8, 8, 6, 6, 8, 9, 8, 9, 6, 9, 8, 7, 9, 9, 7, 7, 8, 8, 8, 8, 9, 8, 9, 7, 8, 
239: 8, 0, 0, 5, 7, 6, 0, 0, 6, 0, 0, 0, 0, 9, 0, 9, 7, 0, 9, 0, 8, 5, 8, 0, 0, 0, 0, 7, 0, 6, 0, 8, 0, 0, 0, 0, 6, 7, 0, 9, 0, 7, 5, 0, 0, 0, 8, 5, 10, 7, 0, 7, 0, 9, 0, 0, 6, 0, 0, 0, 9, 6, 0, 7, 0, 0, 8, 7, 0, 0, 0, 9, 7, 8, 0, 0, 0, 0, 0, 7, : 8, 5, 7, 6, 6, 9, 9, 7, 9, 8, 5, 8, 7, 6, 8, 6, 7, 9, 7, 5, 8, 5, 10, 7, 7, 9, 6, 9, 6, 7, 8, 7, 9, 7, 8, 7, 
171: 9, 6, 0, 9, 0, 6, 0, 0, 7, 0, 0, 0, 0, 0, 0, 7, 6, 8, 0, 0, 0, 0, 0, 0, 6, 0, 0, 6, 9, 0, 0, 0, 6, 0, 9, 0, 8, 0, 9, 0, 9, 0, 0, 8, 8, 6, 8, 8, 0, 0, 8, 0, 9, 0, 0, 8, 0, 11, 0, 8, 0, 10, 9, 0, 7, 0, 8, 0, 8, 0, 8, 0, 0, 7, 0, 0, 7, 8, 0, 0, : 9, 6, 9, 6, 7, 7, 6, 8, 6, 6, 9, 6, 9, 8, 9, 9, 8, 8, 6, 8, 8, 8, 9, 8, 11, 8, 10, 9, 7, 8, 8, 8, 7, 7, 8, 
245: 0, 0, 0, 0, 6, 11, 0, 0, 0, 0, 0, 5, 0, 11, 8, 8, 0, 7, 5, 8, 9, 6, 0, 9, 0, 9, 0, 0, 0, 0, 9, 7, 9, 8, 0, 10, 8, 0, 7, 0, 0, 10, 0, 0, 7, 0, 0, 8, 0, 7, 0, 0, 5, 9, 7, 0, 0, 0, 6, 0, 0, 7, 8, 8, 8, 0, 7, 0, 0, 0, 7, 7, 8, 0, 7, 0, 8, 0, 7, 0, : 6, 11, 5, 11, 8, 8, 7, 5, 8, 9, 6, 9, 9, 9, 7, 9, 8, 10, 8, 7, 10, 7, 8, 7, 5, 9, 7, 6, 7, 8, 8, 8, 7, 7, 7, 8, 7, 8, 7, 
47: 7, 0, 0, 0, 8, 0, 6, 5, 8, 0, 10, 7, 0, 9, 0, 10, 0, 0, 7, 6, 6, 6, 0, 9, 7, 9, 0, 0, 0, 7, 0, 8, 6, 8, 6, 0, 0, 8, 8, 7, 0, 0, 6, 6, 7, 8, 0, 0, 7, 6, 9, 0, 0, 0, 0, 0, 0, 0, 8, 7, 0, 7, 0, 6, 0, 7, 0, 9, 0, 0, 7, 0, 0, 9, 7, 8, 0, 0, 8, 0, : 7, 8, 6, 5, 8, 10, 7, 9, 10, 7, 6, 6, 6, 9, 7, 9, 7, 8, 6, 8, 6, 8, 8, 7, 6, 6, 7, 8, 7, 6, 9, 8, 7, 7, 6, 7, 9, 7, 9, 7, 8, 8, 
757: 0, 9, 0, 9, 0, 9, 0, 0, 9, 10, 10, 10, 8, 8, 7, 8, 0, 7, 8, 0, 0, 0, 0, 0, 0, 0, 9, 0, 0, 0, 0, 0, 0, 0, 8, 8, 8, 8, 7, 0, 8, 0, 0, 9, 0, 0, 0, 0, 0, 8, 9, 9, 0, 0, 10, 0, 0, 8, 8, 0, 8, 8, 10, 0, 0, 8, 9, 6, 0, 0, 0, 0, 0, 7, 0, 0, 0, 0, 0, 7, : 9, 9, 9, 9, 10, 10, 10, 8, 8, 7, 8, 7, 8, 9, 8, 8, 8, 8, 7, 8, 9, 8, 9, 9, 10, 8, 8, 8, 8, 10, 8, 9, 6, 7, 7, 
537: 8, 7, 0, 0, 0, 7, 6, 0, 0, 6, 0, 0, 8, 9, 0, 8, 0, 7, 8, 9, 7, 7, 7, 8, 8, 0, 0, 8, 7, 7, 7, 0, 8, 0, 0, 9, 6, 0, 8, 0, 8, 8, 5, 6, 11, 7, 7, 0, 6, 0, 7, 0, 0, 0, 0, 8, 9, 6, 9, 0, 0, 0, 5, 7, 8, 8, 0, 0, 0, 0, 0, 0, 0, 0, 7, 0, 0, 8, 9, 0, : 8, 7, 7, 6, 6, 8, 9, 8, 7, 8, 9, 7, 7, 7, 8, 8, 8, 7, 7, 7, 8, 9, 6, 8, 8, 8, 5, 6, 11, 7, 7, 6, 7, 8, 9, 6, 9, 5, 7, 8, 8, 7, 8, 9, 
440: 10, 7, 8, 8, 7, 0, 0, 8, 0, 0, 0, 0, 0, 8, 0, 0, 0, 8, 7, 0, 0, 9, 0, 9, 0, 0, 0, 0, 9, 0, 0, 7, 8, 0, 0, 7, 6, 0, 7, 0, 6, 8, 0, 0, 0, 0, 6, 6, 7, 0, 6, 0, 10, 0, 9, 7, 0, 0, 0, 4, 0, 0, 8, 6, 0, 0, 6, 0, 0, 8, 0, 0, 7, 7, 0, 6, 0, 0, 7, 7, : 10, 7, 8, 8, 7, 8, 8, 8, 7, 9, 9, 9, 7, 8, 7, 6, 7, 6, 8, 6, 6, 7, 6, 10, 9, 7, 4, 8, 6, 6, 8, 7, 7, 6, 7, 7, 
338: 6, 6, 7, 0, 9, 0, 0, 10, 0, 8, 8, 9, 0, 0, 0, 10, 9, 0, 8, 9, 9, 0, 6, 7, 0, 7, 0, 11, 9, 0, 0, 0, 0, 6, 0, 7, 0, 8, 0, 9, 0, 6, 6, 10, 0, 8, 8, 0, 6, 5, 0, 5, 6, 0, 0, 6, 6, 7, 0, 0, 5, 0, 8, 0, 0, 7, 0, 0, 0, 0, 7, 0, 0, 7, 0, 7, 0, 0, 6, 0, : 6, 6, 7, 9, 10, 8, 8, 9, 10, 9, 8, 9, 9, 6, 7, 7, 11, 9, 6, 7, 8, 9, 6, 6, 10, 8, 8, 6, 5, 5, 6, 6, 6, 7, 5, 8, 7, 7, 7, 7, 6, 
94: 0, 0, 5, 7, 0, 0, 11, 7, 0, 8, 0, 0, 6, 7, 0, 9, 9, 8, 0, 0, 7, 10, 8, 7, 5, 9, 9, 9, 8, 0, 9, 8, 9, 6, 0, 0, 0, 0, 0, 7, 8, 7, 0, 9, 11, 5, 8, 8, 10, 9, 0, 0, 9, 0, 8, 0, 0, 0, 7, 5, 0, 0, 0, 0, 0, 0, 0, 7, 0, 0, 8, 8, 0, 0, 0, 0, 0, 9, 9, 0, : 5, 7, 11, 7, 8, 6, 7, 9, 9, 8, 7, 10, 8, 7, 5, 9, 9, 9, 8, 9, 8, 9, 6, 7, 8, 7, 9, 11, 5, 8, 8, 10, 9, 9, 8, 7, 5, 7, 8, 8, 9, 9, 
209: 9, 0, 9, 6, 4, 8, 8, 0, 10, 0, 8, 8, 8, 0, 9, 0, 0, 0, 0, 9, 6, 8, 0, 0, 0, 0, 0, 0, 10, 0, 7, 6, 0, 0, 6, 0, 7, 0, 6, 0, 7, 10, 0, 7, 0, 10, 0, 0, 0, 8, 6, 0, 0, 10, 8, 0, 0, 0, 7, 8, 0, 0, 10, 8, 9, 7, 9, 7, 0, 0, 0, 0, 0, 9, 0, 9, 6, 0, 0, 6, : 9, 9, 6, 4, 8, 8, 10, 8, 8, 8, 9, 9, 6, 8, 10, 7, 6, 6, 7, 6, 7, 10, 7, 10, 8, 6, 10, 8, 7, 8, 10, 8, 9, 7, 9, 7, 9, 9, 6, 6, 
114: 0, 0, 0, 8, 5, 0, 0, 7, 10, 0, 8, 0, 6, 0, 0, 9, 0, 0, 0, 0, 7, 0, 7, 0, 0, 6, 0, 0, 0, 7, 0, 0, 10, 8, 6, 0, 10, 9, 7, 8, 8, 0, 0, 8, 0, 0, 8, 10, 8, 6, 0, 0, 0, 7, 5, 7, 0, 10, 0, 0, 11, 0, 8, 0, 0, 0, 0, 0, 8, 7, 8, 8, 0, 0, 6, 8, 7, 0, 0, 0, : 8, 5, 7, 10, 8, 6, 9, 7, 7, 6, 7, 10, 8, 6, 10, 9, 7, 8, 8, 8, 8, 10, 8, 6, 7, 5, 7, 10, 11, 8, 8, 7, 8, 8, 6, 8, 7, 
193: 7, 0, 0, 8, 11, 0, 7, 0, 0, 0, 8, 9, 0, 0, 0, 0, 11, 0, 0, 7, 0, 0, 0, 0, 9, 8, 7, 6, 0, 8, 6, 0, 8, 8, 0, 7, 0, 0, 10, 9, 0, 10, 8, 0, 7, 0, 10, 7, 0, 7, 7, 7, 0, 8, 9, 0, 11, 10, 0, 0, 7, 0, 5, 0, 0, 8, 9, 0, 7, 0, 7, 7, 0, 7, 0, 0, 0, 7, 9, 0, : 7, 8, 11, 7, 8, 9, 11, 7, 9, 8, 7, 6, 8, 6, 8, 8, 7, 10, 9, 10, 8, 7, 10, 7, 7, 7, 7, 8, 9, 11, 10, 7, 5, 8, 9, 7, 7, 7, 7, 7, 9, 
375: 0, 5, 0, 0, 8, 8, 5, 0, 0, 0, 8, 0, 8, 0, 0, 0, 7, 0, 0, 0, 10, 0, 0, 0, 0, 0, 8, 8, 7, 6, 0, 7, 6, 7, 0, 0, 8, 8, 0, 10, 6, 8, 7, 0, 0, 8, 0, 0, 8, 0, 9, 0, 0, 0, 9, 0, 10, 6, 11, 0, 0, 0, 0, 0, 8, 0, 8, 0, 0, 7, 8, 0, 7, 0, 8, 0, 7, 0, 0, 0, : 5, 8, 8, 5, 8, 8, 7, 10, 8, 8, 7, 6, 7, 6, 7, 8, 8, 10, 6, 8, 7, 8, 8, 9, 9, 10, 6, 11, 8, 8, 7, 8, 7, 8, 7, 
49: 7, 0, 10, 0, 10, 9, 0, 8, 7, 7, 8, 7, 7, 9, 0, 10, 0, 0, 7, 0, 9, 9, 0, 0, 6, 0, 0, 10, 0, 0, 0, 9, 6, 6, 0, 0, 7, 0, 0, 0, 0, 5, 7, 0, 0, 0, 7, 0, 0, 0, 0, 8, 5, 8, 8, 0, 5, 10, 7, 0, 5, 0, 9, 0, 0, 8, 6, 0, 7, 0, 0, 9, 0, 0, 0, 7, 0, 0, 0, 0, : 7, 10, 10, 9, 8, 7, 7, 8, 7, 7, 9, 10, 7, 9, 9, 6, 10, 9, 6, 6, 7, 5, 7, 7, 8, 5, 8, 8, 5, 10, 7, 5, 9, 8, 6, 7, 9, 7, 
439: 7, 0, 0, 0, 5, 0, 6, 0, 10, 11, 7, 6, 6, 8, 7, 0, 7, 6, 0, 8, 9, 0, 0, 0, 0, 8, 8, 7, 0, 9, 6, 7, 6, 9, 8, 9, 0, 7, 0, 10, 5, 10, 0, 0, 0, 0, 9, 0, 0, 10, 0, 0, 0, 5, 6, 0, 11, 7, 0, 6, 0, 0, 0, 6, 0, 0, 9, 7, 0, 0, 0, 0, 0, 0, 8, 8, 0, 0, 0, 8, : 7, 5, 6, 10, 11, 7, 6, 6, 8, 7, 7, 6, 8, 9, 8, 8, 7, 9, 6, 7, 6, 9, 8, 9, 7, 10, 5, 10, 9, 10, 5, 6, 11, 7, 6, 6, 9, 7, 8, 8, 8, 
466: 9, 0, 7, 0, 8, 0, 8, 0, 8, 0, 6, 0, 0, 0, 0, 7, 6, 0, 0, 0, 8, 0, 6, 9, 9, 8, 0, 0, 0, 0, 0, 7, 0, 6, 7, 0, 0, 0, 0, 0, 0, 0, 0, 0, 0, 0, 8, 0, 0, 0, 5, 9, 0, 0, 8, 8, 0, 9, 0, 0, 0, 0, 9, 0, 7, 0, 8, 8, 0, 0, 9, 7, 7, 0, 0, 9, 7, 9, 0, 7, : 9, 7, 8, 8, 8, 6, 7, 6, 8, 6, 9, 9, 8, 7, 6, 7, 8, 5, 9, 8, 8, 9, 9, 7, 8, 8, 9, 7, 7, 9, 7, 9, 7, 
705: 8, 0, 0, 0, 8, 10, 0, 7, 5, 0, 0, 0, 11, 4, 7, 9, 9, 8, 0, 7, 0, 0, 0, 0, 0, 0, 0, 0, 0, 0, 7, 10, 0, 8, 0, 7, 0, 0, 7, 10, 0, 0, 8, 9, 0, 6, 0, 0, 0, 0, 0, 9, 10, 7, 0, 10, 0, 0, 6, 5, 0, 0, 0, 0, 0, 8, 0, 6, 0, 0, 0, 7, 8, 0, 0, 7, 9, 8, 0, 0, : 8, 8, 10, 7, 5, 11, 4, 7, 9, 9, 8, 7, 7, 10, 8, 7, 7, 10, 8, 9, 6, 9, 10, 7, 10, 6, 5, 8, 6, 7, 8, 7, 9, 8, 
797: 0, 7, 8, 9, 0, 0, 7, 9, 0, 8, 8, 0, 0, 0, 8, 7, 0, 0, 0, 8, 7, 0, 0, 7, 0, 7, 0, 9, 5, 9, 0, 0, 0, 7, 8, 7, 9, 0, 0, 8, 0, 0, 7, 0, 7, 0, 0, 0, 0, 10, 8, 8, 8, 9, 7, 0, 0, 10, 8, 0, 10, 6, 0, 0, 7, 8, 0, 7, 8, 7, 7, 7, 0, 0, 0, 8, 0, 9, 8, 8, : 7, 8, 9, 7, 9, 8, 8, 8, 7, 8, 7, 7, 7, 9, 5, 9, 7, 8, 7, 9, 8, 7, 7, 10, 8, 8, 8, 9, 7, 10, 8, 10, 6, 7, 8, 7, 8, 7, 7, 7, 8, 9, 8, 8, 
508: 0, 0, 7, 0, 6, 9, 0, 0, 0, 7, 10, 0, 0, 0, 0, 0, 7, 0, 6, 9, 7, 0, 0, 7, 0, 8, 0, 7, 9, 7, 0, 0, 0, 7, 9, 8, 0, 0, 0, 0, 0, 0, 0, 7, 7, 11, 8, 6, 0, 6, 0, 9, 9, 9, 0, 9, 8, 11, 0, 0, 0, 0, 7, 5, 7, 8, 7, 7, 0, 8, 7, 0, 7, 8, 8, 0, 7, 7, 7, 9, : 7, 6, 9, 7, 10, 7, 6, 9, 7, 7, 8, 7, 9, 7, 7, 9, 8, 7, 7, 11, 8, 6, 6, 9, 9, 9, 9, 8, 11, 7, 5, 7, 8, 7, 7, 8, 7, 7, 8, 8, 7, 7, 7, 9, 
87: 0, 9, 7, 5, 10, 10, 7, 0, 7, 0, 6, 0, 0, 0, 0, 0, 0, 0, 8, 0, 8, 5, 6, 0, 9, 9, 0, 0, 0, 0, 8, 6, 7, 9, 10, 9, 7, 0, 7, 0, 0, 8, 9, 0, 0, 11, 7, 0, 7, 0, 0, 9, 0, 6, 0, 0, 0, 10, 7, 10, 0, 0, 10, 7, 0, 8, 0, 9, 7, 8, 0, 0, 0, 0, 8, 0, 0, 0, 0, 0, : 9, 7, 5, 10, 10, 7, 7, 6, 8, 8, 5, 6, 9, 9, 8, 6, 7, 9, 10, 9, 7, 7, 8, 9, 11, 7, 7, 9, 6, 10, 7, 10, 10, 7, 8, 9, 7, 8, 8, 
584: 0, 0, 8, 0, 0, 0, 11, 8, 0, 0, 0, 6, 8, 0, 9, 7, 0, 8, 0, 0, 0, 7, 0, 10, 0, 7, 0, 10, 7, 7, 0, 9, 7, 9, 0, 9, 8, 0, 0, 6, 9, 0, 0, 0, 0, 0, 0, 0, 6, 10, 9, 0, 8, 0, 0, 0, 0, 0, 7, 6, 7, 0, 0, 0, 0, 0, 6, 8, 8, 0, 0, 0, 0, 0, 0, 8, 7, 0, 8, 9, : 8, 11, 8, 6, 8, 9, 7, 8, 7, 10, 7, 10, 7, 7, 9, 7, 9, 9, 8, 6, 9, 6, 10, 9, 8, 7, 6, 7, 6, 8, 8, 8, 7, 8, 9, 
492: 0, 8, 8, 0, 0, 0, 8, 0, 8, 8, 6, 0, 0, 8, 7, 6, 0, 0, 6, 7, 0, 0, 0, 7, 0, 5, 0, 6, 0, 0, 0, 9, 9, 6, 0, 0, 0, 8, 0, 0, 0, 9, 0, 0, 7, 0, 7, 0, 0, 8, 6, 0, 6, 6, 8, 0, 0, 0, 7, 0, 0, 9, 9, 0, 8, 0, 0, 0, 0, 6, 0, 7, 9, 8, 0, 7, 0, 0, 0, 7, : 8, 8, 8, 8, 8, 6, 8, 7, 6, 6, 7, 7, 5, 6, 9, 9, 6, 8, 9, 7, 7, 8, 6, 6, 6, 8, 7, 9, 9, 8, 6, 7, 9, 8, 7, 7, 
7: 8, 9, 7, 7, 0, 6, 6, 0, 0, 0, 0, 9, 7, 0, 6, 7, 0, 8, 5, 7, 0, 0, 0, 8, 6, 0, 11, 0, 0, 7, 0, 6, 0, 6, 0, 8, 0, 9, 0, 8, 0, 0, 0, 4, 7, 0, 4, 0, 6, 0, 6, 8, 8, 0, 6, 9, 0, 0, 9, 11, 8, 0, 11, 9, 7, 7, 8, 9, 0, 8, 9, 8, 0, 7, 0, 7, 0, 0, 0, 7, : 8, 9, 7, 7, 6, 6, 9, 7, 6, 7, 8, 5, 7, 8, 6, 11, 7, 6, 6, 8, 9, 8, 4, 7, 4, 6, 6, 8, 8, 6, 9, 9, 11, 8, 11, 9, 7, 7, 8, 9, 8, 9, 8, 7, 7, 7, 
215: 0, 8, 0, 7, 0, 0, 0, 0, 7, 0, 4, 0, 0, 0, 7, 0, 6, 7, 0, 7, 0, 0, 0, 0, 0, 0, 9, 0, 0, 0, 10, 6, 10, 0, 0, 0, 6, 0, 9, 7, 0, 0, 9, 11, 0, 9, 0, 0, 0, 0, 0, 7, 11, 0, 7, 5, 0, 0, 10, 6, 6, 8, 0, 7, 6, 0, 0, 7, 6, 8, 8, 8, 8, 6, 8, 0, 8, 9, 0, 9, : 8, 7, 7, 4, 7, 6, 7, 7, 9, 10, 6, 10, 6, 9, 7, 9, 11, 9, 7, 11, 7, 5, 10, 6, 6, 8, 7, 6, 7, 6, 8, 8, 8, 8, 6, 8, 8, 9, 9, 
512: 8, 8, 9, 9, 0, 0, 8, 8, 0, 8, 0, 0, 0, 0, 9, 0, 0, 9, 10, 0, 0, 0, 10, 0, 10, 0, 7, 9, 6, 0, 0, 0, 6, 0, 9, 7, 0, 0, 0, 6, 7, 0, 7, 0, 0, 7, 7, 7, 0, 7, 0, 0, 8, 0, 9, 6, 0, 6, 0, 0, 7, 7, 6, 0, 0, 0, 0, 0, 8, 0, 0, 8, 0, 0, 0, 8, 8, 0, 0, 7, : 8, 8, 9, 9, 8, 8, 8, 9, 9, 10, 10, 10, 7, 9, 6, 6, 9, 7, 6, 7, 7, 7, 7, 7, 7, 8, 9, 6, 6, 7, 7, 6, 8, 8, 8, 8, 7, 
434: 0, 6, 9, 0, 0, 9, 6, 0, 0, 7, 0, 0, 4, 0, 0, 0, 0, 0, 0, 0, 9, 9, 9, 7, 0, 9, 8, 6, 7, 9, 10, 6, 9, 8, 0, 0, 0, 0, 0, 0, 7, 8, 6, 0, 5, 4, 7, 0, 0, 0, 0, 6, 0, 9, 0, 11, 0, 7, 0, 0, 7, 0, 9, 8, 0, 0, 6, 0, 7, 0, 7, 0, 0, 9, 7, 0, 0, 7, 7, 0, : 6, 9, 9, 6, 7, 4, 9, 9, 9, 7, 9, 8, 6, 7, 9, 10, 6, 9, 8, 7, 8, 6, 5, 4, 7, 6, 9, 11, 7, 7, 9, 8, 6, 7, 7, 9, 7, 7, 7, 
554: 0, 9, 0, 7, 7, 7, 0, 7, 8, 10, 7, 4, 8, 0, 0, 0, 0, 8, 6, 0, 9, 9, 0, 8, 8, 10, 0, 0, 0, 0, 9, 0, 0, 0, 9, 7, 8, 11, 8, 7, 0, 0, 0, 0, 0, 4, 0, 0, 10, 0, 0, 0, 0, 0, 0, 9, 10, 6, 0, 0, 0, 5, 0, 8, 0, 0, 7, 0, 7, 0, 0, 7, 0, 0, 0, 0, 7, 8, 0, 0, : 9, 7, 7, 7, 7, 8, 10, 7, 4, 8, 8, 6, 9, 9, 8, 8, 10, 9, 9, 7, 8, 11, 8, 7, 4, 10, 9, 10, 6, 5, 8, 7, 7, 7, 7, 8, 
464: 7, 8, 9, 8, 0, 0, 0, 0, 0, 0, 0, 0, 0, 0, 0, 9, 7, 8, 0, 0, 0, 7, 0, 0, 10, 0, 0, 0, 7, 8, 0, 7, 9, 9, 0, 10, 0, 0, 6, 6, 8, 0, 0, 0, 9, 9, 0, 0, 0, 5, 0, 0, 0, 9, 8, 0, 6, 9, 5, 0, 0, 9, 0, 8, 0, 0, 0, 8, 0, 9, 8, 0, 8, 8, 0, 0, 0, 8, 0, 8, : 7, 8, 9, 8, 9, 7, 8, 7, 10, 7, 8, 7, 9, 9, 10, 6, 6, 8, 9, 9, 5, 9, 8, 6, 9, 5, 9, 8, 8, 9, 8, 8, 8, 8, 8, 
28: 6, 0, 0, 8, 9, 10, 0, 8, 6, 7, 0, 7, 0, 6, 0, 0, 7, 9, 0, 10, 0, 9, 6, 0, 0, 7, 10, 9, 9, 0, 8, 10, 8, 8, 0, 6, 0, 10, 9, 0, 5, 10, 9, 5, 0, 6, 6, 8, 0, 0, 6, 0, 0, 6, 0, 0, 7, 6, 8, 0, 0, 0, 0, 0, 9, 8, 7, 0, 9, 0, 0, 9, 9, 7, 0, 6, 7, 7, 7, 0, : 6, 8, 9, 10, 8, 6, 7, 7, 6, 7, 9, 10, 9, 6, 7, 10, 9, 9, 8, 10, 8, 8, 6, 10, 9, 5, 10, 9, 5, 6, 6, 8, 6, 6, 7, 6, 8, 9, 8, 7, 9, 9, 9, 7, 6, 7, 7, 7, 
231: 8, 0, 0, 0, 0, 4, 9, 6, 7, 0, 0, 8, 0, 5, 0, 8, 0, 0, 10, 7, 9, 0, 8, 0, 7, 0, 9, 0, 0, 0, 10, 9, 6, 0, 6, 0, 9, 8, 0, 0, 0, 0, 0, 7, 8, 0, 0, 0, 10, 0, 0, 6, 7, 5, 0, 0, 6, 6, 0, 8, 0, 0, 0, 0, 0, 0, 8, 0, 0, 7, 0, 7, 0, 0, 7, 0, 7, 0, 0, 8, : 8, 4, 9, 6, 7, 8, 5, 8, 10, 7, 9, 8, 7, 9, 10, 9, 6, 6, 9, 8, 7, 8, 10, 6, 7, 5, 6, 6, 8, 8, 7, 7, 7, 7, 8, 
365: 0, 10, 7, 0, 6, 0, 7, 6, 8, 7, 8, 0, 7, 7, 7, 0, 6, 7, 0, 6, 0, 7, 9, 6, 0, 0, 6, 9, 6, 0, 0, 8, 7, 7, 9, 7, 8, 8, 0, 9, 0, 7, 0, 7, 0, 0, 0, 0, 10, 0, 9, 10, 9, 0, 8, 9, 0, 9, 11, 0, 0, 10, 6, 0, 0, 0, 0, 8, 0, 9, 9, 0, 8, 7, 0, 7, 0, 0, 7, 0, : 10, 7, 6, 7, 6, 8, 7, 8, 7, 7, 7, 6, 7, 6, 7, 9, 6, 6, 9, 6, 8, 7, 7, 9, 7, 8, 8, 9, 7, 7, 10, 9, 10, 9, 8, 9, 9, 11, 10, 6, 8, 9, 9, 8, 7, 7, 7, 
259: 0, 0, 0, 0, 0, 7, 10, 7, 0, 9, 0, 0, 0, 0, 0, 0, 8, 7, 8, 10, 9, 7, 7, 0, 0, 9, 0, 7, 0, 0, 7, 0, 0, 0, 10, 0, 8, 0, 0, 7, 0, 5, 0, 6, 0, 0, 0, 9, 0, 7, 0, 0, 0, 6, 0, 8, 8, 0, 0, 8, 0, 8, 5, 10, 0, 8, 0, 8, 0, 9, 8, 8, 8, 0, 8, 0, 0, 0, 0, 8, : 7, 10, 7, 9, 8, 7, 8, 10, 9, 7, 7, 9, 7, 7, 10, 8, 7, 5, 6, 9, 7, 6, 8, 8, 8, 8, 5, 10, 8, 8, 9, 8, 8, 8, 8, 8, 
409: 0, 9, 0, 10, 10, 0, 10, 0, 0, 0, 9, 6, 8, 7, 9, 7, 8, 8, 7, 0, 8, 8, 0, 8, 9, 8, 0, 0, 9, 0, 0, 0, 0, 0, 8, 0, 0, 6, 6, 0, 0, 0, 8, 8, 0, 0, 0, 7, 0, 0, 0, 0, 7, 0, 7, 7, 9, 0, 6, 0, 7, 8, 6, 6, 8, 0, 0, 8, 0, 0, 0, 8, 7, 0, 8, 9, 6, 0, 0, 0, : 9, 10, 10, 10, 9, 6, 8, 7, 9, 7, 8, 8, 7, 8, 8, 8, 9, 8, 9, 8, 6, 6, 8, 8, 7, 7, 7, 7, 9, 6, 7, 8, 6, 6, 8, 8, 8, 7, 8, 9, 6, 
90: 0, 0, 0, 9, 0, 7, 9, 10, 0, 10, 9, 9, 0, 9, 7, 0, 8, 0, 9, 9, 6, 0, 0, 8, 7, 0, 0, 8, 0, 8, 7, 0, 0, 0, 8, 0, 8, 0, 0, 8, 9, 0, 11, 0, 11, 8, 0, 4, 5, 0, 0, 0, 0, 0, 0, 0, 0, 0, 5, 0, 0, 0, 0, 0, 7, 8, 0, 8, 7, 0, 7, 0, 8, 0, 0, 0, 0, 7, 9, 7, : 9, 7, 9, 10, 10, 9, 9, 9, 7, 8, 9, 9, 6, 8, 7, 8, 8, 7, 8, 8, 8, 9, 11, 11, 8, 4, 5, 5, 7, 8, 8, 7, 7, 8, 7, 9, 7, 
538: 7, 0, 0, 6, 0, 0, 0, 0, 0, 6, 0, 7, 7, 7, 0, 0, 8, 0, 0, 7, 7, 0, 7, 0, 0, 8, 0, 5, 10, 8, 0, 7, 6, 7, 0, 8, 9, 0, 0, 9, 8, 8, 7, 7, 0, 7, 0, 8, 0, 7, 0, 0, 9, 0, 9, 9, 0, 0, 6, 8, 6, 6, 0, 0, 0, 0, 8, 0, 9, 8, 0, 8, 7, 0, 9, 0, 0, 0, 8, 0, : 7, 6, 6, 7, 7, 7, 8, 7, 7, 7, 8, 5, 10, 8, 7, 6, 7, 8, 9, 9, 8, 8, 7, 7, 7, 8, 7, 9, 9, 9, 6, 8, 6, 6, 8, 9, 8, 8, 7, 9, 8, 
360: 0, 0, 5, 0, 0, 0, 7, 0, 8, 0, 0, 6, 6, 9, 6, 0, 8, 8, 0, 0, 0, 0, 0, 0, 0, 0, 5, 0, 6, 0, 6, 8, 6, 0, 10, 8, 6, 9, 8, 9, 0, 6, 10, 7, 0, 0, 10, 9, 8, 10, 8, 7, 0, 0, 0, 0, 0, 0, 0, 0, 0, 7, 0, 7, 10, 6, 0, 8, 0, 8, 8, 0, 0, 0, 8, 9, 0, 0, 0, 0, : 5, 7, 8, 6, 6, 9, 6, 8, 8, 5, 6, 6, 8, 6, 10, 8, 6, 9, 8, 9, 6, 10, 7, 10, 9, 8, 10, 8, 7, 7, 7, 10, 6, 8, 8, 8, 8, 9, 
119: 0, 0, 10, 8, 0, 0, 0, 8, 0, 0, 0, 0, 8, 6, 8, 7, 10, 0, 7, 7, 0, 4, 8, 0, 7, 0, 0, 0, 0, 0, 6, 0, 9, 0, 0, 0, 0, 0, 0, 9, 0, 0, 5, 0, 7, 6, 7, 7, 0, 0, 7, 0, 0, 8, 0, 0, 6, 6, 0, 0, 0, 0, 10, 0, 0, 0, 8, 0, 7, 7, 6, 9, 0, 0, 7, 0, 8, 0, 0, 8, : 10, 8, 8, 8, 6, 8, 7, 10, 7, 7, 4, 8, 7, 6, 9, 9, 5, 7, 6, 7, 7, 7, 8, 6, 6, 10, 8, 7, 7, 6, 9, 7, 8, 8, 
513: 0, 0, 0, 7, 0, 8, 7, 6, 0, 6, 7, 7, 7, 0, 8, 7, 0, 0, 8, 0, 0, 9, 9, 8, 9, 0, 6, 8, 0, 0, 0, 0, 8, 10, 7, 0, 9, 6, 10, 8, 8, 9, 9, 7, 0, 8, 0, 0, 8, 6, 7, 0, 0, 9, 0, 0, 5, 0, 0, 11, 10, 0, 5, 9, 8, 0, 0, 9, 0, 7, 9, 0, 7, 9, 9, 7, 8, 8, 0, 0, : 7, 8, 7, 6, 6, 7, 7, 7, 8, 7, 8, 9, 9, 8, 9, 6, 8, 8, 10, 7, 9, 6, 10, 8, 8, 9, 9, 7, 8, 8, 6, 7, 9, 5, 11, 10, 5, 9, 8, 9, 7, 9, 7, 9, 9, 7, 8, 8, 
107: 0, 7, 0, 0, 0, 0, 7, 10, 0, 10, 0, 7, 5, 0, 0, 0, 9, 8, 0, 9, 0, 6, 8, 7, 0, 0, 0, 9, 0, 0, 0, 8, 0, 0, 6, 0, 8, 7, 0, 9, 0, 6, 0, 0, 0, 8, 9, 8, 0, 0, 6, 0, 0, 8, 0, 0, 0, 9, 5, 7, 0, 0, 9, 8, 9, 0, 8, 0, 0, 8, 0, 6, 9, 0, 0, 0, 8, 7, 8, 0, : 7, 7, 10, 10, 7, 5, 9, 8, 9, 6, 8, 7, 9, 8, 6, 8, 7, 9, 6, 8, 9, 8, 6, 8, 9, 5, 7, 9, 8, 9, 8, 8, 6, 9, 8, 7, 8, 
178: 0, 6, 0, 0, 6, 8, 7, 0, 0, 0, 0, 0, 7, 8, 0, 6, 7, 8, 9, 6, 0, 0, 7, 0, 7, 0, 9, 0, 7, 8, 6, 9, 9, 0, 8, 0, 0, 0, 9, 0, 0, 8, 0, 0, 0, 7, 7, 6, 6, 8, 0, 0, 5, 8, 5, 0, 0, 0, 0, 6, 6, 0, 0, 0, 0, 8, 0, 9, 8, 0, 8, 0, 0, 7, 0, 7, 8, 0, 0, 6, : 6, 6, 8, 7, 7, 8, 6, 7, 8, 9, 6, 7, 7, 9, 7, 8, 6, 9, 9, 8, 9, 8, 7, 7, 6, 6, 8, 5, 8, 5, 6, 6, 8, 9, 8, 8, 7, 7, 8, 6, 
181: 6, 7, 8, 7, 8, 8, 0, 10, 11, 0, 0, 0, 10, 7, 8, 0, 0, 0, 0, 0, 6, 9, 0, 0, 9, 0, 0, 6, 0, 8, 10, 0, 0, 0, 7, 6, 8, 4, 8, 0, 10, 7, 0, 0, 4, 0, 6, 9, 10, 0, 0, 6, 0, 11, 10, 0, 9, 0, 7, 0, 11, 0, 0, 9, 8, 7, 0, 8, 0, 0, 0, 0, 0, 8, 0, 8, 7, 8, 0, 0, : 6, 7, 8, 7, 8, 8, 10, 11, 10, 7, 8, 6, 9, 9, 6, 8, 10, 7, 6, 8, 4, 8, 10, 7, 4, 6, 9, 10, 6, 11, 10, 9, 7, 11, 9, 8, 7, 8, 8, 8, 7, 8, 
755: 7, 0, 7, 6, 0, 5, 0, 6, 8, 0, 10, 11, 7, 0, 7, 0, 7, 0, 9, 9, 8, 0, 0, 10, 0, 0, 6, 0, 0, 0, 6, 0, 0, 0, 0, 0, 0, 8, 7, 7, 0, 0, 0, 0, 0, 0, 0, 6, 0, 7, 8, 6, 6, 8, 0, 5, 8, 6, 10, 7, 0, 5, 0, 8, 0, 7, 0, 0, 7, 9, 0, 9, 0, 7, 0, 7, 9, 0, 9, 0, : 7, 7, 6, 5, 6, 8, 10, 11, 7, 7, 7, 9, 9, 8, 10, 6, 6, 8, 7, 7, 6, 7, 8, 6, 6, 8, 5, 8, 6, 10, 7, 5, 8, 7, 7, 9, 9, 7, 7, 9, 9, 
334: 9, 8, 5, 0, 0, 8, 8, 7, 8, 6, 0, 0, 0, 7, 0, 0, 0, 0, 9, 8, 0, 9, 9, 0, 0, 10, 9, 0, 0, 9, 0, 0, 0, 7, 0, 7, 0, 8, 0, 6, 0, 0, 0, 0, 0, 0, 0, 8, 0, 0, 6, 0, 7, 0, 8, 0, 8, 5, 0, 0, 8, 5, 8, 0, 10, 0, 8, 0, 7, 0, 0, 8, 0, 0, 0, 7, 0, 8, 0, 0, : 9, 8, 5, 8, 8, 7, 8, 6, 7, 9, 8, 9, 9, 10, 9, 9, 7, 7, 8, 6, 8, 6, 7, 8, 8, 5, 8, 5, 8, 10, 8, 7, 8, 7, 8, 
494: 0, 9, 11, 10, 9, 8, 0, 9, 0, 0, 10, 0, 9, 0, 0, 0, 7, 9, 8, 0, 0, 7, 6, 0, 0, 5, 6, 0, 8, 0, 0, 9, 0, 10, 0, 6, 0, 7, 0, 0, 0, 0, 7, 0, 7, 0, 9, 0, 0, 9, 9, 0, 6, 7, 0, 0, 7, 4, 6, 0, 9, 0, 0, 0, 6, 0, 8, 0, 0, 0, 0, 0, 0, 9, 0, 0, 9, 8, 8, 8, : 9, 11, 10, 9, 8, 9, 10, 9, 7, 9, 8, 7, 6, 5, 6, 8, 9, 10, 6, 7, 7, 7, 9, 9, 9, 6, 7, 7, 4, 6, 9, 6, 8, 9, 9, 8, 8, 8, 
729: 8, 0, 6, 0, 0, 7, 0, 0, 7, 9, 0, 8, 0, 0, 0, 0, 9, 6, 9, 9, 5, 0, 9, 8, 8, 0, 0, 8, 0, 0, 9, 0, 8, 9, 0, 7, 0, 6, 0, 0, 6, 0, 6, 7, 6, 7, 0, 10, 8, 0, 0, 9, 0, 0, 6, 0, 10, 9, 0, 0, 5, 0, 0, 0, 8, 8, 0, 8, 0, 0, 0, 0, 9, 0, 0, 9, 0, 8, 0, 9, : 8, 6, 7, 7, 9, 8, 9, 6, 9, 9, 5, 9, 8, 8, 8, 9, 8, 9, 7, 6, 6, 6, 7, 6, 7, 10, 8, 9, 6, 10, 9, 5, 8, 8, 8, 9, 9, 8, 9, 
641: 0, 0, 8, 5, 0, 0, 7, 10, 0, 11, 0, 0, 9, 7, 7, 0, 9, 0, 0, 9, 8, 0, 0, 9, 7, 0, 0, 8, 10, 7, 7, 7, 0, 6, 0, 0, 0, 10, 0, 5, 0, 0, 0, 8, 0, 11, 0, 9, 6, 7, 0, 6, 0, 10, 0, 6, 7, 10, 0, 10, 0, 0, 0, 0, 9, 6, 8, 9, 7, 8, 0, 0, 0, 8, 0, 8, 0, 0, 8, 8, : 8, 5, 7, 10, 11, 9, 7, 7, 9, 9, 8, 9, 7, 8, 10, 7, 7, 7, 6, 10, 5, 8, 11, 9, 6, 7, 6, 10, 6, 7, 10, 10, 9, 6, 8, 9, 7, 8, 8, 8, 8, 8, 
2: 9, 0, 0, 0, 0, 7, 0, 11, 8, 0, 7, 0, 7, 0, 7, 6, 9, 0, 9, 0, 9, 0, 4, 0, 8, 9, 0, 0, 0, 0, 0, 7, 7, 7, 7, 5, 0, 0, 0, 10, 9, 0, 0, 0, 0, 11, 6, 0, 7, 0, 0, 0, 8, 0, 11, 0, 0, 9, 0, 8, 0, 0, 0, 0, 0, 0, 8, 0, 0, 0, 8, 0, 0, 0, 8, 0, 0, 0, 0, 0, : 9, 7, 11, 8, 7, 7, 7, 6, 9, 9, 9, 4, 8, 9, 7, 7, 7, 7, 5, 10, 9, 11, 6, 7, 8, 11, 9, 8, 8, 8, 8, 
319: 0, 0, 0, 11, 6, 7, 9, 7, 0, 0, 0, 0, 8, 0, 0, 0, 8, 0, 0, 0, 9, 7, 8, 0, 0, 0, 9, 0, 0, 7, 0, 7, 0, 0, 0, 8, 10, 0, 10, 7, 0, 7, 7, 8, 0, 0, 5, 0, 0, 0, 5, 0, 9, 9, 0, 8, 6, 7, 0, 0, 0, 7, 9, 7, 9, 0, 0, 7, 0, 0, 0, 0, 0, 0, 9, 8, 0, 7, 7, 7, : 11, 6, 7, 9, 7, 8, 8, 9, 7, 8, 9, 7, 7, 8, 10, 10, 7, 7, 7, 8, 5, 5, 9, 9, 8, 6, 7, 7, 9, 7, 9, 7, 9, 8, 7, 7, 7, 
556: 0, 7, 5, 10, 0, 9, 0, 10, 0, 7, 0, 0, 0, 10, 6, 0, 7, 0, 7, 0, 0, 0, 9, 0, 0, 0, 6, 6, 0, 9, 6, 9, 0, 0, 0, 8, 9, 9, 7, 7, 0, 0, 0, 0, 8, 0, 8, 11, 0, 0, 8, 8, 0, 0, 0, 0, 8, 0, 0, 8, 8, 0, 0, 9, 7, 7, 0, 0, 0, 8, 7, 8, 7, 0, 0, 0, 0, 0, 8, 0, : 7, 5, 10, 9, 10, 7, 10, 6, 7, 7, 9, 6, 6, 9, 6, 9, 8, 9, 9, 7, 7, 8, 8, 11, 8, 8, 8, 8, 8, 9, 7, 7, 8, 7, 8, 7, 8, 
750: 9, 5, 0, 7, 7, 6, 0, 0, 8, 9, 6, 7, 0, 0, 0, 8, 0, 0, 9, 8, 0, 0, 0, 7, 9, 0, 0, 9, 8, 6, 8, 0, 0, 0, 8, 0, 0, 0, 8, 0, 9, 0, 9, 8, 7, 5, 0, 0, 11, 0, 8, 0, 5, 6, 0, 0, 7, 8, 0, 5, 0, 7, 7, 0, 9, 0, 9, 0, 0, 0, 0, 7, 0, 8, 8, 0, 8, 0, 0, 0, : 9, 5, 7, 7, 6, 8, 9, 6, 7, 8, 9, 8, 7, 9, 9, 8, 6, 8, 8, 8, 9, 9, 8, 7, 5, 11, 8, 5, 6, 7, 8, 5, 7, 7, 9, 9, 7, 8, 8, 8, 
343: 0, 10, 8, 0, 9, 5, 0, 7, 0, 0, 0, 7, 7, 7, 0, 6, 0, 0, 0, 8, 5, 9, 7, 0, 0, 0, 6, 0, 0, 0, 9, 10, 0, 8, 0, 10, 0, 8, 0, 8, 5, 0, 8, 0, 9, 7, 10, 7, 0, 7, 0, 9, 0, 0, 8, 10, 0, 7, 6, 9, 0, 7, 7, 10, 7, 8, 0, 0, 0, 7, 0, 0, 7, 8, 9, 7, 0, 0, 7, 0, : 10, 8, 9, 5, 7, 7, 7, 7, 6, 8, 5, 9, 7, 6, 9, 10, 8, 10, 8, 8, 5, 8, 9, 7, 10, 7, 7, 9, 8, 10, 7, 6, 9, 7, 7, 10, 7, 8, 7, 7, 8, 9, 7, 7, 
663: 0, 9, 8, 8, 0, 7, 0, 9, 0, 6, 0, 8, 0, 8, 6, 0, 7, 0, 7, 0, 0, 0, 0, 0, 7, 0, 7, 0, 8, 0, 0, 7, 6, 7, 10, 0, 6, 9, 0, 0, 7, 0, 0, 8, 8, 0, 9, 6, 10, 0, 0, 0, 0, 8, 7, 7, 6, 0, 0, 9, 0, 0, 0, 0, 0, 9, 7, 8, 8, 0, 0, 7, 7, 0, 7, 7, 0, 9, 0, 7, : 9, 8, 8, 7, 9, 6, 8, 8, 6, 7, 7, 7, 7, 8, 7, 6, 7, 10, 6, 9, 7, 8, 8, 9, 6, 10, 8, 7, 7, 6, 9, 9, 7, 8, 8, 7, 7, 7, 7, 9, 7, 
394: 7, 8, 8, 0, 6, 0, 8, 7, 0, 0, 0, 7, 0, 0, 10, 8, 0, 7, 0, 0, 0, 0, 0, 6, 6, 0, 0, 0, 0, 7, 11, 0, 10, 0, 0, 10, 0, 9, 9, 0, 0, 7, 0, 0, 6, 8, 8, 9, 9, 0, 10, 0, 8, 8, 0, 10, 0, 0, 0, 9, 9, 7, 0, 7, 7, 9, 8, 0, 9, 7, 0, 0, 8, 0, 0, 9, 0, 7, 8, 0, : 7, 8, 8, 6, 8, 7, 7, 10, 8, 7, 6, 6, 7, 11, 10, 10, 9, 9, 7, 6, 8, 8, 9, 9, 10, 8, 8, 10, 9, 9, 7, 7, 7, 9, 8, 9, 7, 8, 9, 7, 8, 
707: 7, 8, 0, 5, 0, 0, 5, 8, 9, 7, 0, 8, 0, 0, 6, 0, 0, 7, 0, 0, 8, 7, 9, 0, 0, 0, 6, 7, 8, 10, 0, 7, 11, 0, 0, 9, 0, 0, 0, 7, 0, 0, 10, 6, 0, 0, 0, 8, 9, 0, 0, 7, 0, 0, 0, 0, 4, 0, 10, 9, 8, 8, 0, 8, 9, 0, 0, 0, 7, 0, 0, 8, 0, 7, 7, 0, 7, 0, 0, 0, : 7, 8, 5, 5, 8, 9, 7, 8, 6, 7, 8, 7, 9, 6, 7, 8, 10, 7, 11, 9, 7, 10, 6, 8, 9, 7, 4, 10, 9, 8, 8, 8, 9, 7, 8, 7, 7, 7, 
83: 7, 8, 0, 0, 0, 0, 0, 7, 7, 6, 0, 8, 0, 0, 9, 0, 0, 9, 7, 0, 0, 0, 0, 9, 7, 7, 9, 0, 0, 8, 8, 6, 0, 0, 0, 0, 0, 0, 8, 0, 10, 0, 0, 0, 8, 0, 8, 10, 0, 8, 0, 5, 0, 0, 0, 7, 10, 0, 0, 11, 10, 8, 7, 7, 0, 7, 0, 7, 9, 0, 7, 7, 8, 0, 0, 7, 8, 7, 9, 0, : 7, 8, 7, 7, 6, 8, 9, 9, 7, 9, 7, 7, 9, 8, 8, 6, 8, 10, 8, 8, 10, 8, 5, 7, 10, 11, 10, 8, 7, 7, 7, 7, 9, 7, 7, 8, 7, 8, 7, 9, 
62: 9, 5, 0, 0, 10, 0, 0, 8, 8, 4, 0, 0, 0, 0, 0, 8, 0, 0, 0, 5, 0, 9, 6, 0, 8, 0, 7, 0, 9, 0, 0, 0, 7, 0, 0, 5, 7, 10, 4, 7, 10, 8, 8, 6, 0, 9, 0, 6, 0, 7, 0, 0, 6, 8, 0, 6, 0, 0, 0, 7, 0, 11, 7, 8, 8, 0, 0, 8, 9, 8, 0, 0, 8, 0, 7, 0, 9, 0, 8, 0, : 9, 5, 10, 8, 8, 4, 8, 5, 9, 6, 8, 7, 9, 7, 5, 7, 10, 4, 7, 10, 8, 8, 6, 9, 6, 7, 6, 8, 6, 7, 11, 7, 8, 8, 8, 9, 8, 8, 7, 9, 8, 
122: 0, 9, 0, 0, 0, 0, 0, 8, 7, 0, 9, 0, 8, 0, 9, 8, 7, 6, 0, 0, 9, 7, 10, 7, 0, 7, 0, 0, 0, 7, 0, 0, 0, 0, 6, 6, 0, 6, 8, 7, 6, 7, 9, 10, 9, 7, 0, 0, 8, 0, 0, 8, 0, 5, 0, 9, 6, 7, 0, 7, 7, 9, 0, 9, 6, 9, 0, 0, 9, 0, 0, 0, 7, 0, 8, 0, 9, 0, 6, 8, : 9, 8, 7, 9, 8, 9, 8, 7, 6, 9, 7, 10, 7, 7, 7, 6, 6, 6, 8, 7, 6, 7, 9, 10, 9, 7, 8, 8, 5, 9, 6, 7, 7, 7, 9, 9, 6, 9, 9, 7, 8, 9, 6, 8, 
101: 9, 7, 8, 0, 10, 0, 10, 0, 7, 5, 7, 7, 10, 6, 10, 6, 0, 6, 8, 10, 6, 7, 9, 0, 8, 6, 0, 0, 6, 0, 0, 0, 0, 9, 7, 0, 0, 6, 0, 0, 8, 0, 0, 0, 0, 0, 0, 10, 0, 9, 0, 7, 0, 0, 0, 0, 0, 0, 0, 0, 5, 0, 9, 9, 8, 9, 0, 0, 8, 0, 0, 8, 6, 9, 7, 9, 9, 0, 7, 9, : 9, 7, 8, 10, 10, 7, 5, 7, 7, 10, 6, 10, 6, 6, 8, 10, 6, 7, 9, 8, 6, 6, 9, 7, 6, 8, 10, 9, 7, 5, 9, 9, 8, 9, 8, 8, 6, 9, 7, 9, 9, 7, 9, 


244: 8, 8, 8, 0, 9, 10, 0, 8, 0, 0, 6, 8, 7, 11, 6, 10, 10, 7, 0, 0, 0, 0, 0, 7, 0, 0, 0, 7, 8, 0, 0, 8, 0, 8, 10, 0, 0, 0, 0, 8, 6, 8, 10, 7, 8, 0, 0, 0, 4, 7, 9, 8, 5, 6, 0, 0, 6, 0, 0, 7, 0, 9, 6, 0, 8, 0, 6, 6, 7, 8, 0, 0, 0, 0, 6, 7, 9, 8, 0, 8, : 8, 8, 8, 9, 10, 8, 6, 8, 7, 11, 6, 10, 10, 7, 7, 7, 8, 8, 8, 10, 8, 6, 8, 10, 7, 8, 4, 7, 9, 8, 5, 6, 6, 7, 9, 6, 8, 6, 6, 7, 8, 6, 7, 9, 8, 8, 
401: 10, 10, 7, 0, 6, 0, 0, 7, 0, 7, 8, 7, 0, 0, 0, 0, 6, 0, 0, 0, 7, 7, 7, 9, 0, 8, 0, 7, 0, 0, 0, 6, 0, 8, 0, 5, 0, 0, 0, 0, 0, 9, 0, 0, 0, 0, 0, 8, 0, 0, 0, 0, 9, 0, 8, 0, 4, 0, 0, 0, 0, 0, 8, 0, 0, 7, 9, 0, 7, 7, 0, 0, 8, 8, 8, 0, 6, 0, 7, 8, : 10, 10, 7, 6, 7, 7, 8, 7, 6, 7, 7, 7, 9, 8, 7, 6, 8, 5, 9, 8, 9, 8, 4, 8, 7, 9, 7, 7, 8, 8, 8, 6, 7, 8, 
391: 8, 0, 6, 0, 0, 0, 7, 6, 7, 0, 0, 9, 6, 0, 0, 0, 0, 0, 0, 0, 0, 0, 6, 7, 8, 0, 0, 7, 0, 9, 9, 0, 7, 8, 6, 0, 0, 7, 8, 0, 0, 6, 0, 7, 9, 10, 0, 4, 0, 0, 9, 9, 10, 11, 8, 7, 6, 0, 8, 0, 7, 0, 6, 0, 7, 7, 0, 6, 0, 0, 8, 0, 7, 0, 8, 6, 9, 6, 8, 8, : 8, 6, 7, 6, 7, 9, 6, 6, 7, 8, 7, 9, 9, 7, 8, 6, 7, 8, 6, 7, 9, 10, 4, 9, 9, 10, 11, 8, 7, 6, 8, 7, 6, 7, 7, 6, 8, 7, 8, 6, 9, 6, 8, 8, 
385: 8, 9, 0, 9, 0, 8, 6, 8, 0, 10, 0, 7, 8, 7, 0, 7, 0, 8, 0, 6, 6, 0, 9, 0, 6, 9, 0, 0, 0, 10, 8, 7, 0, 5, 7, 9, 0, 0, 0, 8, 8, 8, 8, 0, 6, 8, 0, 7, 10, 7, 0, 10, 9, 10, 0, 0, 8, 8, 0, 0, 0, 6, 8, 9, 9, 0, 8, 0, 0, 0, 7, 9, 0, 0, 0, 7, 8, 8, 7, 0, : 8, 9, 9, 8, 6, 8, 10, 7, 8, 7, 7, 8, 6, 6, 9, 6, 9, 10, 8, 7, 5, 7, 9, 8, 8, 8, 8, 6, 8, 7, 10, 7, 10, 9, 10, 8, 8, 6, 8, 9, 9, 8, 7, 9, 7, 8, 8, 7, 
796: 0, 6, 11, 6, 0, 0, 0, 8, 6, 0, 7, 0, 0, 0, 8, 0, 0, 0, 0, 0, 0, 8, 9, 0, 6, 0, 0, 10, 0, 0, 9, 0, 0, 0, 8, 5, 0, 0, 9, 5, 0, 9, 7, 0, 7, 5, 7, 0, 8, 7, 0, 6, 0, 6, 10, 6, 8, 5, 0, 11, 0, 0, 8, 0, 0, 0, 0, 7, 0, 0, 8, 7, 8, 0, 8, 0, 0, 0, 6, 0, : 6, 11, 6, 8, 6, 7, 8, 8, 9, 6, 10, 9, 8, 5, 9, 5, 9, 7, 7, 5, 7, 8, 7, 6, 6, 10, 6, 8, 5, 11, 8, 7, 8, 7, 8, 8, 6, 
374: 7, 8, 6, 0, 6, 0, 0, 0, 0, 8, 0, 0, 9, 0, 9, 8, 0, 8, 0, 10, 8, 9, 0, 0, 0, 0, 9, 8, 9, 7, 7, 0, 8, 6, 9, 8, 0, 10, 0, 0, 11, 0, 9, 0, 7, 8, 6, 7, 0, 6, 0, 0, 0, 6, 7, 0, 8, 6, 0, 0, 0, 0, 0, 8, 8, 7, 0, 8, 6, 7, 9, 0, 0, 0, 7, 0, 7, 0, 7, 0, : 7, 8, 6, 6, 8, 9, 9, 8, 8, 10, 8, 9, 9, 8, 9, 7, 7, 8, 6, 9, 8, 10, 11, 9, 7, 8, 6, 7, 6, 6, 7, 8, 6, 8, 8, 7, 8, 6, 7, 9, 7, 7, 7, 
774: 0, 8, 0, 0, 0, 0, 0, 0, 0, 0, 0, 10, 8, 0, 0, 0, 6, 8, 0, 7, 8, 0, 8, 8, 0, 9, 7, 6, 0, 8, 0, 0, 7, 0, 0, 8, 7, 0, 9, 0, 8, 0, 9, 0, 0, 0, 11, 0, 0, 0, 5, 9, 0, 0, 0, 7, 0, 5, 0, 5, 6, 0, 0, 10, 0, 0, 8, 0, 0, 9, 7, 0, 0, 7, 8, 8, 0, 0, 0, 6, : 8, 10, 8, 6, 8, 7, 8, 8, 8, 9, 7, 6, 8, 7, 8, 7, 9, 8, 9, 11, 5, 9, 7, 5, 5, 6, 10, 8, 9, 7, 7, 8, 8, 6, 
783: 8, 7, 0, 0, 0, 0, 7, 0, 0, 0, 0, 9, 9, 0, 0, 0, 8, 0, 6, 7, 0, 0, 0, 0, 7, 9, 0, 8, 6, 7, 9, 0, 7, 0, 11, 0, 0, 0, 0, 0, 0, 0, 4, 0, 0, 0, 0, 0, 6, 0, 9, 0, 6, 6, 0, 9, 0, 0, 8, 0, 6, 0, 0, 8, 0, 0, 7, 0, 0, 0, 9, 0, 0, 0, 8, 0, 0, 8, 0, 0, : 8, 7, 7, 9, 9, 8, 6, 7, 7, 9, 8, 6, 7, 9, 7, 11, 4, 6, 9, 6, 6, 9, 8, 6, 8, 7, 9, 8, 8, 
179: 6, 7, 8, 10, 0, 0, 9, 8, 0, 8, 7, 6, 7, 0, 0, 8, 9, 0, 9, 6, 6, 8, 0, 7, 7, 0, 0, 7, 0, 10, 0, 9, 0, 0, 9, 0, 0, 7, 0, 9, 0, 7, 0, 6, 0, 11, 0, 0, 0, 0, 0, 9, 0, 8, 0, 0, 0, 0, 9, 9, 5, 0, 7, 6, 8, 0, 7, 0, 8, 0, 7, 0, 7, 0, 0, 9, 0, 0, 0, 7, : 6, 7, 8, 10, 9, 8, 8, 7, 6, 7, 8, 9, 9, 6, 6, 8, 7, 7, 7, 10, 9, 9, 7, 9, 7, 6, 11, 9, 8, 9, 9, 5, 7, 6, 8, 7, 8, 7, 7, 9, 7, 
778: 0, 8, 0, 0, 0, 8, 6, 0, 8, 0, 9, 0, 0, 6, 0, 6, 8, 7, 0, 7, 9, 7, 9, 0, 0, 7, 6, 9, 8, 9, 0, 8, 9, 6, 0, 7, 8, 0, 7, 0, 7, 0, 6, 8, 0, 9, 0, 0, 0, 7, 0, 0, 0, 8, 0, 7, 9, 9, 9, 0, 0, 7, 0, 0, 0, 0, 9, 0, 0, 9, 0, 0, 0, 6, 0, 6, 8, 6, 0, 7, : 8, 8, 6, 8, 9, 6, 6, 8, 7, 7, 9, 7, 9, 7, 6, 9, 8, 9, 8, 9, 6, 7, 8, 7, 7, 6, 8, 9, 7, 8, 7, 9, 9, 9, 7, 9, 9, 6, 6, 8, 6, 7, 
364: 0, 0, 8, 8, 0, 6, 8, 0, 9, 0, 7, 0, 0, 0, 7, 10, 0, 0, 0, 0, 7, 9, 9, 0, 9, 8, 0, 7, 8, 8, 0, 0, 8, 0, 0, 0, 7, 0, 0, 7, 0, 0, 6, 8, 0, 9, 6, 8, 0, 8, 8, 9, 8, 0, 0, 0, 7, 11, 0, 8, 9, 7, 0, 9, 0, 8, 0, 0, 0, 0, 0, 0, 0, 7, 8, 7, 7, 0, 8, 9, : 8, 8, 6, 8, 9, 7, 7, 10, 7, 9, 9, 9, 8, 7, 8, 8, 8, 7, 7, 6, 8, 9, 6, 8, 8, 8, 9, 8, 7, 11, 8, 9, 7, 9, 8, 7, 8, 7, 7, 8, 9, 
539: 0, 8, 0, 0, 6, 8, 9, 0, 0, 0, 0, 10, 10, 5, 7, 7, 0, 0, 0, 10, 7, 7, 0, 0, 6, 0, 7, 0, 6, 0, 0, 9, 0, 0, 8, 7, 5, 0, 6, 0, 8, 0, 0, 0, 0, 0, 10, 10, 0, 0, 6, 7, 8, 5, 0, 6, 0, 0, 10, 7, 7, 7, 0, 0, 0, 6, 8, 0, 0, 8, 9, 6, 9, 8, 6, 0, 7, 0, 8, 6, : 8, 6, 8, 9, 10, 10, 5, 7, 7, 10, 7, 7, 6, 7, 6, 9, 8, 7, 5, 6, 8, 10, 10, 6, 7, 8, 5, 6, 10, 7, 7, 7, 6, 8, 8, 9, 6, 9, 8, 6, 7, 8, 6, 
254: 0, 7, 7, 0, 0, 0, 0, 5, 7, 0, 8, 7, 0, 8, 0, 0, 0, 0, 0, 8, 0, 8, 8, 9, 8, 8, 0, 0, 0, 8, 7, 0, 9, 8, 0, 7, 8, 7, 0, 5, 0, 7, 9, 0, 0, 9, 4, 9, 0, 0, 0, 0, 0, 5, 6, 0, 0, 0, 4, 0, 9, 0, 0, 0, 0, 10, 0, 0, 0, 0, 8, 0, 8, 0, 0, 9, 0, 0, 0, 0, : 7, 7, 5, 7, 8, 7, 8, 8, 8, 8, 9, 8, 8, 8, 7, 9, 8, 7, 8, 7, 5, 7, 9, 9, 4, 9, 5, 6, 4, 9, 10, 8, 8, 9, 
98: 0, 8, 0, 0, 8, 8, 0, 8, 0, 0, 7, 6, 0, 7, 0, 0, 8, 6, 8, 0, 7, 0, 7, 9, 9, 0, 9, 8, 6, 8, 0, 0, 9, 10, 0, 8, 5, 5, 9, 0, 0, 10, 0, 0, 0, 0, 11, 0, 9, 7, 0, 0, 0, 0, 0, 0, 10, 0, 8, 0, 0, 0, 0, 0, 0, 7, 0, 8, 8, 0, 0, 0, 0, 0, 8, 0, 8, 0, 0, 9, : 8, 8, 8, 8, 7, 6, 7, 8, 6, 8, 7, 7, 9, 9, 9, 8, 6, 8, 9, 10, 8, 5, 5, 9, 10, 11, 9, 7, 10, 8, 7, 8, 8, 8, 8, 9, 
685: 0, 0, 7, 8, 5, 0, 9, 0, 5, 0, 5, 0, 0, 9, 0, 0, 7, 8, 5, 0, 8, 0, 0, 0, 9, 0, 9, 10, 0, 0, 0, 8, 6, 0, 0, 0, 0, 11, 7, 8, 0, 8, 0, 0, 8, 0, 7, 7, 0, 0, 8, 9, 9, 0, 7, 9, 9, 7, 0, 8, 0, 10, 11, 0, 8, 0, 8, 7, 8, 0, 0, 7, 0, 0, 8, 8, 0, 7, 0, 7, : 7, 8, 5, 9, 5, 5, 9, 7, 8, 5, 8, 9, 9, 10, 8, 6, 11, 7, 8, 8, 8, 7, 7, 8, 9, 9, 7, 9, 9, 7, 8, 10, 11, 8, 8, 7, 8, 7, 8, 8, 7, 7, 
743: 7, 0, 9, 5, 0, 10, 9, 0, 0, 7, 7, 0, 11, 0, 5, 6, 0, 7, 0, 9, 6, 7, 8, 0, 0, 0, 0, 0, 0, 0, 0, 7, 8, 0, 10, 11, 6, 8, 0, 7, 0, 7, 0, 9, 7, 0, 5, 10, 5, 8, 10, 5, 7, 9, 0, 8, 7, 9, 0, 8, 0, 5, 0, 7, 0, 5, 0, 0, 0, 8, 7, 8, 0, 0, 6, 8, 8, 8, 9, 9, : 7, 9, 5, 10, 9, 7, 7, 11, 5, 6, 7, 9, 6, 7, 8, 7, 8, 10, 11, 6, 8, 7, 7, 9, 7, 5, 10, 5, 8, 10, 5, 7, 9, 8, 7, 9, 8, 5, 7, 5, 8, 7, 8, 6, 8, 8, 8, 9, 9, 
745: 0, 8, 9, 10, 0, 6, 9, 0, 8, 0, 0, 5, 7, 0, 0, 10, 0, 7, 7, 9, 0, 9, 0, 0, 7, 0, 6, 5, 0, 7, 0, 10, 9, 0, 6, 8, 0, 0, 7, 7, 0, 0, 8, 0, 9, 0, 0, 5, 0, 0, 7, 6, 0, 0, 6, 8, 0, 7, 0, 11, 0, 0, 0, 0, 0, 9, 0, 8, 0, 0, 0, 0, 8, 9, 8, 0, 0, 0, 0, 0, : 8, 9, 10, 6, 9, 8, 5, 7, 10, 7, 7, 9, 9, 7, 6, 5, 7, 10, 9, 6, 8, 7, 7, 8, 9, 5, 7, 6, 6, 8, 7, 11, 9, 8, 8, 9, 8, 
660: 7, 0, 6, 7, 0, 0, 0, 0, 9, 10, 7, 0, 7, 0, 0, 0, 7, 0, 0, 0, 0, 0, 0, 8, 8, 0, 0, 9, 0, 0, 9, 8, 0, 0, 4, 0, 9, 5, 0, 7, 0, 0, 5, 0, 0, 8, 0, 0, 9, 9, 7, 0, 8, 0, 0, 6, 0, 0, 8, 10, 6, 0, 0, 7, 7, 10, 8, 7, 9, 0, 7, 0, 0, 8, 0, 0, 8, 0, 7, 8, : 7, 6, 7, 9, 10, 7, 7, 7, 8, 8, 9, 9, 8, 4, 9, 5, 7, 5, 8, 9, 9, 7, 8, 6, 8, 10, 6, 7, 7, 10, 8, 7, 9, 7, 8, 8, 7, 8, 
397: 8, 9, 8, 0, 7, 0, 5, 9, 0, 0, 0, 0, 0, 0, 8, 0, 0, 6, 9, 8, 0, 9, 0, 8, 0, 11, 10, 0, 0, 5, 6, 5, 4, 0, 0, 6, 0, 0, 0, 9, 0, 9, 0, 8, 10, 0, 5, 0, 7, 0, 0, 0, 0, 0, 6, 0, 8, 7, 0, 7, 7, 0, 0, 9, 7, 7, 0, 8, 9, 8, 6, 8, 0, 7, 7, 8, 9, 7, 0, 0, : 8, 9, 8, 7, 5, 9, 8, 6, 9, 8, 9, 8, 11, 10, 5, 6, 5, 4, 6, 9, 9, 8, 10, 5, 7, 6, 8, 7, 7, 7, 9, 7, 7, 8, 9, 8, 6, 8, 7, 7, 8, 9, 7, 
348: 0, 0, 8, 0, 6, 6, 7, 7, 0, 6, 0, 0, 7, 8, 6, 10, 8, 0, 9, 0, 0, 10, 0, 7, 0, 0, 10, 0, 0, 7, 0, 0, 8, 5, 0, 0, 6, 0, 0, 0, 0, 0, 0, 9, 0, 0, 0, 7, 0, 0, 0, 0, 0, 7, 7, 7, 0, 8, 7, 0, 5, 7, 0, 0, 9, 10, 6, 0, 7, 0, 0, 0, 7, 0, 7, 8, 0, 0, 0, 0, : 8, 6, 6, 7, 7, 6, 7, 8, 6, 10, 8, 9, 10, 7, 10, 7, 8, 5, 6, 9, 7, 7, 7, 7, 8, 7, 5, 7, 9, 10, 6, 7, 7, 7, 8, 
504: 9, 6, 10, 0, 0, 10, 0, 9, 8, 10, 0, 0, 0, 8, 0, 8, 9, 0, 7, 6, 0, 0, 0, 11, 0, 6, 8, 10, 0, 0, 5, 0, 8, 5, 8, 4, 9, 8, 6, 6, 6, 8, 6, 0, 9, 9, 0, 6, 11, 0, 7, 0, 7, 0, 8, 0, 6, 10, 0, 9, 6, 0, 0, 0, 0, 7, 0, 7, 7, 0, 6, 7, 9, 0, 0, 8, 0, 8, 0, 0, : 9, 6, 10, 10, 9, 8, 10, 8, 8, 9, 7, 6, 11, 6, 8, 10, 5, 8, 5, 8, 4, 9, 8, 6, 6, 6, 8, 6, 9, 9, 6, 11, 7, 7, 8, 6, 10, 9, 6, 7, 7, 7, 6, 7, 9, 8, 8, 
587: 9, 9, 0, 6, 8, 0, 8, 0, 0, 0, 9, 8, 8, 8, 0, 8, 7, 8, 0, 6, 7, 9, 0, 8, 0, 6, 0, 8, 7, 0, 8, 9, 0, 4, 0, 0, 8, 8, 0, 0, 0, 6, 0, 7, 5, 0, 7, 0, 8, 0, 0, 10, 0, 0, 0, 8, 7, 0, 0, 0, 0, 8, 7, 0, 8, 6, 0, 0, 8, 8, 6, 0, 0, 6, 0, 0, 0, 9, 0, 7, : 9, 9, 6, 8, 8, 9, 8, 8, 8, 8, 7, 8, 6, 7, 9, 8, 6, 8, 7, 8, 9, 4, 8, 8, 6, 7, 5, 7, 8, 10, 8, 7, 8, 7, 8, 6, 8, 8, 6, 6, 9, 7, 
749: 0, 0, 0, 9, 8, 0, 0, 0, 9, 0, 7, 0, 10, 9, 7, 9, 10, 0, 11, 8, 8, 0, 0, 0, 0, 0, 0, 0, 5, 0, 11, 0, 8, 7, 0, 0, 8, 7, 0, 7, 9, 8, 5, 8, 4, 7, 9, 7, 9, 9, 0, 0, 0, 0, 0, 0, 0, 0, 6, 0, 10, 0, 0, 9, 7, 0, 0, 0, 0, 0, 0, 0, 9, 8, 8, 0, 0, 0, 9, 7, : 9, 8, 9, 7, 10, 9, 7, 9, 10, 11, 8, 8, 5, 11, 8, 7, 8, 7, 7, 9, 8, 5, 8, 4, 7, 9, 7, 9, 9, 6, 10, 9, 7, 9, 8, 8, 9, 7, 
546: 0, 0, 0, 9, 0, 7, 0, 8, 0, 10, 8, 7, 0, 0, 0, 0, 7, 0, 7, 6, 0, 9, 0, 0, 11, 7, 8, 0, 7, 0, 9, 6, 0, 0, 0, 8, 0, 0, 0, 9, 0, 7, 10, 0, 7, 8, 7, 0, 6, 0, 7, 10, 0, 8, 0, 6, 8, 0, 0, 0, 10, 0, 0, 8, 0, 7, 0, 0, 0, 0, 8, 7, 9, 9, 0, 0, 9, 0, 8, 0, : 9, 7, 8, 10, 8, 7, 7, 7, 6, 9, 11, 7, 8, 7, 9, 6, 8, 9, 7, 10, 7, 8, 7, 6, 7, 10, 8, 6, 8, 10, 8, 7, 8, 7, 9, 9, 9, 8, 
67: 9, 8, 0, 0, 10, 0, 9, 0, 6, 0, 7, 7, 8, 0, 10, 0, 7, 9, 6, 0, 10, 7, 0, 0, 0, 7, 6, 6, 9, 0, 9, 8, 0, 9, 0, 9, 11, 5, 0, 5, 9, 9, 9, 0, 0, 0, 7, 0, 0, 10, 0, 6, 9, 0, 7, 11, 0, 0, 0, 9, 8, 0, 10, 0, 7, 8, 8, 0, 8, 0, 7, 0, 6, 8, 0, 0, 0, 9, 8, 0, : 9, 8, 10, 9, 6, 7, 7, 8, 10, 7, 9, 6, 10, 7, 7, 6, 6, 9, 9, 8, 9, 9, 11, 5, 5, 9, 9, 9, 7, 10, 6, 9, 7, 11, 9, 8, 10, 7, 8, 8, 8, 7, 6, 8, 9, 8, 
653: 0, 0, 0, 6, 0, 8, 0, 10, 7, 0, 0, 8, 6, 0, 0, 0, 8, 9, 7, 8, 0, 9, 0, 0, 0, 7, 5, 7, 8, 0, 6, 8, 9, 0, 8, 0, 8, 0, 0, 6, 9, 0, 0, 0, 7, 0, 0, 9, 0, 7, 0, 0, 9, 0, 0, 0, 5, 10, 0, 6, 7, 10, 9, 0, 0, 0, 0, 9, 0, 9, 0, 8, 8, 0, 0, 0, 0, 0, 8, 7, : 6, 8, 10, 7, 8, 6, 8, 9, 7, 8, 9, 7, 5, 7, 8, 6, 8, 9, 8, 8, 6, 9, 7, 9, 7, 9, 5, 10, 6, 7, 10, 9, 9, 9, 8, 8, 8, 7, 
48: 7, 0, 0, 7, 0, 10, 8, 0, 11, 0, 7, 8, 0, 7, 0, 7, 0, 5, 0, 0, 0, 0, 8, 6, 0, 0, 9, 0, 10, 0, 9, 0, 0, 8, 7, 8, 10, 0, 0, 0, 8, 7, 0, 7, 0, 0, 7, 0, 0, 5, 8, 0, 7, 5, 10, 7, 0, 0, 0, 0, 7, 0, 6, 0, 7, 0, 7, 8, 0, 8, 0, 8, 0, 0, 0, 0, 8, 8, 0, 0, : 7, 7, 10, 8, 11, 7, 8, 7, 7, 5, 8, 6, 9, 10, 9, 8, 7, 8, 10, 8, 7, 7, 7, 5, 8, 7, 5, 10, 7, 7, 6, 7, 7, 8, 8, 8, 8, 8, 
157: 0, 0, 10, 0, 0, 0, 7, 8, 8, 0, 0, 0, 5, 9, 7, 0, 0, 6, 0, 0, 0, 7, 9, 0, 0, 9, 0, 0, 0, 0, 0, 10, 0, 9, 0, 0, 10, 0, 0, 0, 0, 0, 0, 4, 0, 8, 0, 0, 9, 0, 0, 0, 0, 0, 0, 0, 0, 7, 7, 0, 0, 10, 0, 0, 0, 0, 7, 0, 8, 7, 0, 0, 0, 8, 0, 0, 8, 9, 7, 0, : 10, 7, 8, 8, 5, 9, 7, 6, 7, 9, 9, 10, 9, 10, 4, 8, 9, 7, 7, 10, 7, 8, 7, 8, 8, 9, 7, 
526: 8, 8, 10, 5, 0, 0, 8, 0, 0, 6, 0, 0, 8, 0, 7, 0, 0, 0, 7, 0, 7, 0, 0, 6, 7, 0, 6, 10, 0, 0, 0, 7, 0, 0, 0, 0, 0, 0, 7, 0, 6, 5, 7, 6, 9, 0, 0, 0, 0, 8, 0, 0, 7, 0, 9, 0, 0, 0, 0, 7, 10, 0, 0, 7, 10, 0, 9, 7, 9, 0, 0, 0, 0, 0, 0, 8, 7, 6, 8, 0, : 8, 8, 10, 5, 8, 6, 8, 7, 7, 7, 6, 7, 6, 10, 7, 7, 6, 5, 7, 6, 9, 8, 7, 9, 7, 10, 7, 10, 9, 7, 9, 8, 7, 6, 8, 
19: 0, 7, 0, 0, 0, 0, 10, 0, 0, 7, 0, 0, 6, 0, 8, 0, 0, 0, 0, 0, 0, 10, 0, 0, 0, 7, 7, 9, 7, 8, 6, 0, 0, 0, 0, 0, 0, 7, 7, 0, 0, 0, 0, 0, 8, 0, 0, 7, 0, 6, 7, 0, 0, 0, 6, 7, 0, 6, 0, 9, 0, 0, 0, 9, 0, 0, 0, 0, 0, 7, 9, 0, 0, 8, 7, 6, 8, 7, 9, 0, : 7, 10, 7, 6, 8, 10, 7, 7, 9, 7, 8, 6, 7, 7, 8, 7, 6, 7, 6, 7, 6, 9, 9, 7, 9, 8, 7, 6, 8, 7, 9, 
507: 0, 0, 5, 0, 10, 7, 0, 0, 0, 5, 0, 8, 0, 7, 0, 7, 0, 10, 9, 7, 0, 0, 7, 8, 8, 0, 7, 0, 7, 0, 0, 0, 0, 7, 6, 0, 10, 0, 5, 6, 6, 6, 0, 0, 0, 0, 0, 0, 0, 0, 8, 8, 0, 9, 0, 9, 0, 0, 8, 0, 9, 6, 0, 8, 10, 8, 7, 6, 0, 0, 0, 7, 7, 7, 0, 9, 0, 7, 0, 0, : 5, 10, 7, 5, 8, 7, 7, 10, 9, 7, 7, 8, 8, 7, 7, 7, 6, 10, 5, 6, 6, 6, 8, 8, 9, 9, 8, 9, 6, 8, 10, 8, 7, 6, 7, 7, 7, 9, 7, 
717: 7, 8, 0, 8, 0, 9, 0, 9, 0, 7, 8, 0, 0, 0, 6, 10, 6, 0, 0, 8, 8, 7, 0, 6, 6, 0, 0, 0, 0, 4, 0, 9, 8, 7, 0, 0, 10, 9, 10, 8, 7, 7, 0, 10, 8, 8, 0, 5, 8, 0, 0, 0, 8, 10, 9, 8, 0, 5, 0, 0, 6, 0, 0, 0, 0, 0, 0, 0, 0, 7, 0, 0, 0, 7, 0, 9, 9, 0, 0, 0, : 7, 8, 8, 9, 9, 7, 8, 6, 10, 6, 8, 8, 7, 6, 6, 4, 9, 8, 7, 10, 9, 10, 8, 7, 7, 10, 8, 8, 5, 8, 8, 10, 9, 8, 5, 6, 7, 7, 9, 9, 
127: 0, 8, 0, 10, 9, 0, 0, 0, 8, 6, 7, 0, 7, 9, 0, 0, 9, 0, 9, 7, 9, 8, 6, 9, 8, 9, 10, 0, 0, 11, 9, 6, 0, 10, 6, 0, 9, 9, 0, 6, 0, 0, 0, 0, 0, 9, 0, 0, 0, 0, 11, 7, 8, 7, 7, 0, 0, 8, 0, 5, 11, 11, 0, 7, 0, 0, 0, 7, 0, 0, 8, 8, 9, 0, 7, 0, 0, 6, 0, 0, : 8, 10, 9, 8, 6, 7, 7, 9, 9, 9, 7, 9, 8, 6, 9, 8, 9, 10, 11, 9, 6, 10, 6, 9, 9, 6, 9, 11, 7, 8, 7, 7, 8, 5, 11, 11, 7, 7, 8, 8, 9, 7, 6, 
559: 0, 7, 7, 0, 0, 9, 0, 0, 8, 6, 9, 9, 9, 0, 10, 0, 0, 6, 5, 7, 8, 0, 0, 6, 8, 6, 8, 9, 0, 0, 8, 8, 0, 0, 5, 0, 8, 7, 9, 0, 10, 8, 8, 5, 0, 0, 0, 0, 0, 10, 5, 0, 0, 10, 6, 8, 0, 10, 0, 5, 8, 9, 0, 7, 0, 0, 7, 9, 0, 0, 0, 0, 8, 0, 0, 0, 0, 8, 0, 0, : 7, 7, 9, 8, 6, 9, 9, 9, 10, 6, 5, 7, 8, 6, 8, 6, 8, 9, 8, 8, 5, 8, 7, 9, 10, 8, 8, 5, 10, 5, 10, 6, 8, 10, 5, 8, 9, 7, 7, 9, 8, 8, 
112: 8, 0, 0, 9, 5, 10, 0, 0, 8, 0, 0, 9, 7, 8, 9, 6, 0, 0, 0, 6, 9, 0, 0, 9, 0, 0, 8, 0, 11, 6, 0, 7, 0, 0, 9, 0, 0, 0, 8, 0, 0, 0, 8, 9, 0, 9, 0, 0, 7, 7, 0, 8, 0, 0, 0, 10, 8, 9, 0, 8, 8, 0, 7, 0, 7, 0, 0, 0, 0, 8, 8, 8, 0, 0, 9, 0, 0, 8, 6, 8, : 8, 9, 5, 10, 8, 9, 7, 8, 9, 6, 6, 9, 9, 8, 11, 6, 7, 9, 8, 8, 9, 9, 7, 7, 8, 10, 8, 9, 8, 8, 7, 7, 8, 8, 8, 9, 8, 6, 8, 
568: 7, 0, 0, 8, 0, 0, 7, 8, 0, 9, 8, 9, 0, 11, 9, 8, 5, 0, 0, 8, 0, 0, 6, 0, 6, 7, 0, 0, 7, 8, 0, 0, 10, 6, 0, 7, 0, 9, 8, 0, 9, 0, 0, 10, 0, 7, 6, 7, 0, 10, 0, 7, 8, 7, 0, 0, 0, 0, 7, 6, 8, 0, 7, 0, 0, 8, 0, 0, 8, 8, 0, 6, 6, 0, 8, 8, 0, 8, 8, 0, : 7, 8, 7, 8, 9, 8, 9, 11, 9, 8, 5, 8, 6, 6, 7, 7, 8, 10, 6, 7, 9, 8, 9, 10, 7, 6, 7, 10, 7, 8, 7, 7, 6, 8, 7, 8, 8, 8, 6, 6, 8, 8, 8, 8, 
528: 0, 6, 0, 0, 0, 6, 10, 9, 0, 0, 0, 0, 0, 7, 0, 0, 8, 9, 9, 0, 0, 8, 9, 0, 0, 5, 0, 0, 0, 6, 9, 0, 10, 8, 0, 11, 0, 10, 0, 0, 6, 0, 7, 0, 0, 7, 0, 0, 7, 0, 0, 0, 0, 0, 0, 7, 0, 8, 7, 9, 8, 0, 6, 0, 0, 0, 0, 8, 8, 7, 0, 8, 7, 0, 9, 0, 0, 0, 0, 9, : 6, 6, 10, 9, 7, 8, 9, 9, 8, 9, 5, 6, 9, 10, 8, 11, 10, 6, 7, 7, 7, 7, 8, 7, 9, 8, 6, 8, 8, 7, 8, 7, 9, 9, 
242: 8, 7, 7, 8, 9, 0, 0, 5, 0, 0, 9, 7, 10, 0, 0, 0, 7, 0, 8, 0, 8, 0, 0, 7, 0, 8, 7, 6, 8, 0, 0, 0, 9, 0, 5, 0, 7, 6, 7, 9, 0, 0, 7, 8, 10, 8, 0, 7, 0, 8, 0, 0, 6, 0, 9, 0, 8, 8, 7, 6, 7, 0, 8, 6, 0, 8, 8, 7, 0, 8, 0, 8, 0, 7, 8, 8, 8, 8, 0, 9, : 8, 7, 7, 8, 9, 5, 9, 7, 10, 7, 8, 8, 7, 8, 7, 6, 8, 9, 5, 7, 6, 7, 9, 7, 8, 10, 8, 7, 8, 6, 9, 8, 8, 7, 6, 7, 8, 6, 8, 8, 7, 8, 8, 7, 8, 8, 8, 8, 9, 
236: 0, 7, 0, 9, 9, 0, 0, 0, 8, 0, 7, 7, 8, 10, 0, 9, 0, 8, 10, 10, 0, 0, 0, 0, 0, 0, 0, 0, 0, 0, 0, 4, 7, 0, 8, 0, 0, 6, 10, 0, 7, 0, 0, 0, 0, 0, 0, 6, 11, 0, 0, 0, 9, 0, 0, 7, 7, 7, 0, 7, 10, 8, 6, 10, 0, 0, 8, 0, 0, 8, 0, 8, 7, 9, 8, 7, 6, 0, 7, 0, : 7, 9, 9, 8, 7, 7, 8, 10, 9, 8, 10, 10, 4, 7, 8, 6, 10, 7, 6, 11, 9, 7, 7, 7, 7, 10, 8, 6, 10, 8, 8, 8, 7, 9, 8, 7, 6, 7, 
156: 7, 0, 0, 7, 6, 0, 0, 0, 0, 8, 7, 6, 9, 6, 6, 0, 6, 0, 6, 0, 8, 6, 9, 0, 0, 8, 10, 7, 0, 0, 0, 7, 0, 7, 7, 0, 0, 0, 8, 0, 8, 7, 8, 8, 0, 0, 9, 6, 0, 7, 6, 8, 0, 0, 7, 0, 0, 0, 0, 0, 0, 0, 0, 10, 7, 0, 7, 8, 7, 0, 0, 7, 8, 0, 0, 0, 7, 7, 0, 8, : 7, 7, 6, 8, 7, 6, 9, 6, 6, 6, 6, 8, 6, 9, 8, 10, 7, 7, 7, 7, 8, 8, 7, 8, 8, 9, 6, 7, 6, 8, 7, 10, 7, 7, 8, 7, 7, 8, 7, 7, 8, 
701: 0, 0, 0, 0, 7, 8, 7, 0, 0, 5, 10, 7, 7, 7, 0, 0, 9, 0, 8, 7, 0, 8, 0, 0, 0, 0, 0, 0, 0, 6, 8, 0, 0, 0, 0, 0, 0, 0, 8, 9, 0, 7, 9, 0, 0, 8, 8, 0, 7, 0, 7, 0, 0, 0, 9, 7, 10, 6, 9, 9, 6, 7, 7, 0, 0, 0, 0, 0, 9, 0, 8, 9, 0, 8, 0, 0, 8, 0, 8, 8, : 7, 8, 7, 5, 10, 7, 7, 7, 9, 8, 7, 8, 6, 8, 8, 9, 7, 9, 8, 8, 7, 7, 9, 7, 10, 6, 9, 9, 6, 7, 7, 9, 8, 9, 8, 8, 8, 8, 
74: 0, 7, 6, 0, 0, 0, 0, 9, 8, 8, 0, 7, 0, 7, 7, 0, 0, 0, 0, 0, 0, 0, 7, 0, 10, 8, 0, 8, 9, 6, 0, 0, 8, 8, 7, 7, 6, 7, 0, 9, 7, 8, 0, 0, 0, 0, 9, 0, 0, 9, 10, 0, 6, 0, 0, 8, 0, 0, 9, 0, 0, 7, 7, 0, 10, 9, 7, 9, 8, 0, 8, 0, 0, 0, 0, 0, 0, 0, 0, 8, : 7, 6, 9, 8, 8, 7, 7, 7, 7, 10, 8, 8, 9, 6, 8, 8, 7, 7, 6, 7, 9, 7, 8, 9, 9, 10, 6, 8, 9, 7, 7, 10, 9, 7, 9, 8, 8, 8, 
651: 8, 0, 0, 7, 0, 6, 8, 6, 0, 7, 8, 0, 0, 6, 9, 6, 7, 6, 0, 7, 0, 6, 8, 8, 5, 0, 9, 6, 0, 0, 9, 9, 0, 8, 8, 0, 7, 0, 6, 0, 10, 0, 7, 7, 9, 8, 6, 0, 0, 0, 7, 0, 8, 0, 9, 9, 9, 0, 5, 7, 6, 0, 10, 0, 6, 7, 0, 8, 0, 9, 7, 8, 0, 0, 0, 8, 8, 0, 6, 9, : 8, 7, 6, 8, 6, 7, 8, 6, 9, 6, 7, 6, 7, 6, 8, 8, 5, 9, 6, 9, 9, 8, 8, 7, 6, 10, 7, 7, 9, 8, 6, 7, 8, 9, 9, 9, 5, 7, 6, 10, 6, 7, 8, 9, 7, 8, 8, 8, 6, 9, 
452: 9, 8, 0, 7, 8, 7, 0, 7, 0, 6, 6, 8, 0, 0, 0, 7, 10, 0, 8, 7, 6, 0, 0, 0, 6, 0, 0, 0, 7, 5, 0, 0, 7, 8, 0, 0, 0, 7, 5, 9, 0, 6, 9, 8, 5, 6, 0, 8, 6, 0, 0, 8, 10, 0, 0, 9, 0, 7, 9, 0, 0, 9, 0, 0, 9, 0, 0, 9, 0, 0, 0, 0, 0, 0, 7, 8, 7, 0, 7, 0, : 9, 8, 7, 8, 7, 7, 6, 6, 8, 7, 10, 8, 7, 6, 6, 7, 5, 7, 8, 7, 5, 9, 6, 9, 8, 5, 6, 8, 6, 8, 10, 9, 7, 9, 9, 9, 9, 7, 8, 7, 7, 
486: 0, 0, 0, 7, 8, 7, 0, 5, 0, 0, 0, 0, 0, 0, 7, 9, 0, 9, 0, 10, 7, 6, 9, 7, 0, 7, 0, 6, 7, 0, 7, 0, 7, 0, 6, 0, 0, 9, 9, 8, 5, 0, 0, 7, 10, 0, 9, 0, 7, 6, 7, 8, 0, 9, 9, 9, 0, 7, 0, 0, 0, 5, 10, 7, 0, 0, 0, 8, 6, 7, 0, 0, 0, 0, 0, 0, 0, 0, 0, 0, : 7, 8, 7, 5, 7, 9, 9, 10, 7, 6, 9, 7, 7, 6, 7, 7, 7, 6, 9, 9, 8, 5, 7, 10, 9, 7, 6, 7, 8, 9, 9, 9, 7, 5, 10, 7, 8, 6, 7, 
337: 0, 0, 6, 0, 0, 0, 10, 9, 8, 0, 0, 0, 0, 7, 0, 0, 8, 6, 0, 0, 7, 0, 6, 0, 8, 0, 7, 6, 8, 8, 0, 0, 9, 9, 8, 0, 9, 10, 0, 9, 0, 0, 7, 8, 0, 0, 9, 10, 10, 0, 0, 10, 0, 0, 8, 0, 0, 0, 8, 0, 0, 0, 0, 0, 8, 7, 8, 0, 8, 8, 0, 8, 0, 7, 0, 0, 9, 7, 0, 8, : 6, 10, 9, 8, 7, 8, 6, 7, 6, 8, 7, 6, 8, 8, 9, 9, 8, 9, 10, 9, 7, 8, 9, 10, 10, 10, 8, 8, 8, 7, 8, 8, 8, 8, 7, 9, 7, 8, 
590: 0, 0, 8, 0, 8, 0, 0, 0, 6, 0, 0, 0, 0, 0, 0, 9, 0, 8, 8, 7, 0, 6, 6, 0, 0, 0, 0, 0, 8, 7, 0, 9, 0, 0, 9, 0, 11, 8, 0, 0, 0, 0, 0, 8, 0, 6, 8, 9, 10, 8, 0, 7, 0, 9, 7, 0, 0, 8, 0, 8, 0, 8, 7, 0, 0, 6, 0, 6, 7, 0, 7, 7, 7, 6, 9, 8, 0, 0, 7, 0, : 8, 8, 6, 9, 8, 8, 7, 6, 6, 8, 7, 9, 9, 11, 8, 8, 6, 8, 9, 10, 8, 7, 9, 7, 8, 8, 8, 7, 6, 6, 7, 7, 7, 7, 6, 9, 8, 7, 
630: 0, 0, 6, 0, 6, 0, 10, 7, 7, 0, 8, 0, 0, 9, 5, 0, 0, 9, 7, 0, 8, 0, 7, 0, 0, 0, 7, 9, 0, 9, 7, 7, 0, 0, 0, 0, 0, 0, 8, 0, 7, 0, 0, 9, 8, 5, 10, 11, 7, 7, 0, 0, 11, 8, 8, 0, 0, 0, 0, 0, 0, 0, 0, 0, 0, 0, 0, 0, 8, 7, 7, 0, 0, 0, 9, 9, 8, 0, 0, 7, : 6, 6, 10, 7, 7, 8, 9, 5, 9, 7, 8, 7, 7, 9, 9, 7, 7, 8, 7, 9, 8, 5, 10, 11, 7, 7, 11, 8, 8, 8, 7, 7, 9, 9, 8, 7, 
533: 7, 5, 5, 8, 6, 5, 0, 0, 9, 0, 9, 7, 0, 5, 8, 0, 0, 6, 0, 0, 0, 0, 0, 6, 10, 0, 0, 0, 6, 8, 0, 9, 0, 0, 8, 5, 0, 0, 10, 0, 8, 7, 0, 7, 7, 0, 0, 0, 6, 4, 0, 0, 0, 0, 0, 9, 0, 0, 0, 0, 9, 0, 5, 7, 0, 0, 6, 9, 9, 6, 0, 6, 8, 9, 6, 0, 9, 0, 8, 0, : 7, 5, 5, 8, 6, 5, 9, 9, 7, 5, 8, 6, 6, 10, 6, 8, 9, 8, 5, 10, 8, 7, 7, 7, 6, 4, 9, 9, 5, 7, 6, 9, 9, 6, 6, 8, 9, 6, 9, 8, 
240: 0, 7, 9, 0, 8, 0, 5, 0, 7, 0, 0, 10, 9, 0, 0, 0, 9, 11, 8, 0, 0, 7, 9, 0, 7, 0, 0, 0, 0, 0, 8, 0, 0, 9, 0, 0, 0, 8, 0, 0, 8, 0, 0, 6, 0, 10, 0, 0, 8, 0, 9, 7, 0, 7, 0, 0, 8, 9, 5, 0, 0, 8, 0, 0, 0, 8, 0, 0, 0, 0, 0, 7, 9, 9, 7, 8, 8, 0, 7, 0, : 7, 9, 8, 5, 7, 10, 9, 9, 11, 8, 7, 9, 7, 8, 9, 8, 8, 6, 10, 8, 9, 7, 7, 8, 9, 5, 8, 8, 7, 9, 9, 7, 8, 8, 7, 
715: 0, 0, 8, 8, 0, 0, 0, 10, 9, 0, 0, 7, 0, 0, 8, 0, 0, 11, 8, 8, 10, 0, 0, 10, 0, 0, 0, 0, 0, 8, 0, 0, 0, 0, 7, 0, 0, 0, 0, 0, 0, 0, 0, 0, 0, 0, 7, 7, 0, 11, 10, 5, 8, 0, 0, 0, 6, 0, 10, 0, 8, 0, 10, 8, 6, 0, 8, 8, 8, 8, 0, 6, 7, 0, 9, 0, 0, 8, 0, 0, : 8, 8, 10, 9, 7, 8, 11, 8, 8, 10, 10, 8, 7, 7, 7, 11, 10, 5, 8, 6, 10, 8, 10, 8, 6, 8, 8, 8, 8, 6, 7, 9, 8, 
151: 0, 6, 8, 0, 0, 6, 0, 0, 9, 8, 0, 7, 0, 7, 7, 8, 9, 6, 8, 7, 6, 7, 0, 0, 8, 0, 6, 0, 0, 0, 0, 0, 0, 7, 0, 6, 0, 0, 0, 8, 8, 0, 0, 0, 7, 7, 9, 9, 6, 8, 9, 0, 10, 0, 9, 0, 0, 0, 6, 0, 0, 7, 8, 6, 9, 6, 9, 0, 8, 6, 0, 0, 8, 0, 8, 0, 8, 7, 8, 9, : 6, 8, 6, 9, 8, 7, 7, 7, 8, 9, 6, 8, 7, 6, 7, 8, 6, 7, 6, 8, 8, 7, 7, 9, 9, 6, 8, 9, 10, 9, 6, 7, 8, 6, 9, 6, 9, 8, 6, 8, 8, 8, 7, 8, 9, 
390: 5, 0, 0, 0, 8, 0, 7, 9, 7, 11, 6, 0, 0, 0, 8, 0, 8, 7, 5, 0, 9, 0, 7, 0, 0, 7, 0, 0, 9, 0, 0, 9, 0, 7, 0, 0, 0, 9, 8, 0, 5, 0, 8, 8, 0, 0, 7, 10, 7, 6, 0, 8, 0, 0, 10, 0, 9, 0, 0, 0, 0, 0, 8, 6, 7, 9, 7, 8, 0, 8, 0, 7, 0, 8, 8, 8, 0, 9, 0, 8, : 5, 8, 7, 9, 7, 11, 6, 8, 8, 7, 5, 9, 7, 7, 9, 9, 7, 9, 8, 5, 8, 8, 7, 10, 7, 6, 8, 10, 9, 8, 6, 7, 9, 7, 8, 8, 7, 8, 8, 8, 9, 8, 
777: 0, 9, 0, 5, 0, 0, 5, 8, 0, 8, 0, 4, 6, 0, 0, 0, 9, 7, 9, 0, 7, 10, 7, 0, 0, 0, 0, 8, 9, 0, 5, 0, 8, 9, 0, 10, 0, 0, 0, 0, 0, 8, 0, 7, 5, 0, 0, 7, 7, 7, 7, 0, 6, 9, 7, 4, 9, 4, 7, 8, 0, 7, 9, 0, 6, 0, 0, 0, 7, 0, 8, 0, 9, 0, 0, 0, 0, 0, 6, 7, : 9, 5, 5, 8, 8, 4, 6, 9, 7, 9, 7, 10, 7, 8, 9, 5, 8, 9, 10, 8, 7, 5, 7, 7, 7, 7, 6, 9, 7, 4, 9, 4, 7, 8, 7, 9, 6, 7, 8, 9, 6, 7, 
672: 0, 0, 0, 6, 0, 10, 0, 0, 8, 7, 0, 6, 5, 0, 0, 0, 8, 0, 0, 10, 10, 0, 0, 0, 6, 9, 9, 6, 0, 0, 5, 0, 5, 0, 0, 6, 0, 6, 0, 8, 6, 0, 0, 0, 8, 0, 0, 0, 0, 9, 7, 6, 10, 7, 8, 7, 9, 0, 9, 0, 0, 0, 5, 0, 0, 0, 8, 0, 0, 0, 0, 7, 0, 6, 0, 7, 7, 0, 9, 7, : 6, 10, 8, 7, 6, 5, 8, 10, 10, 6, 9, 9, 6, 5, 5, 6, 6, 8, 6, 8, 9, 7, 6, 10, 7, 8, 7, 9, 9, 5, 8, 7, 6, 7, 7, 9, 7, 
577: 0, 0, 0, 0, 9, 8, 6, 7, 0, 0, 0, 0, 8, 0, 8, 0, 6, 8, 0, 5, 7, 10, 8, 8, 0, 0, 7, 0, 0, 7, 0, 0, 0, 0, 0, 0, 0, 6, 7, 9, 0, 0, 7, 0, 9, 0, 0, 0, 0, 0, 0, 0, 5, 8, 6, 8, 9, 9, 0, 7, 0, 7, 7, 9, 7, 9, 0, 0, 0, 7, 7, 0, 0, 0, 0, 9, 0, 8, 8, 8, : 9, 8, 6, 7, 8, 8, 6, 8, 5, 7, 10, 8, 8, 7, 7, 6, 7, 9, 7, 9, 5, 8, 6, 8, 9, 9, 7, 7, 7, 9, 7, 9, 7, 7, 9, 8, 8, 8, 
509: 0, 0, 0, 11, 6, 0, 6, 9, 0, 9, 6, 8, 0, 7, 9, 6, 6, 0, 9, 0, 0, 0, 8, 8, 0, 8, 0, 0, 7, 9, 0, 8, 0, 8, 8, 8, 7, 0, 10, 0, 9, 0, 0, 0, 0, 0, 4, 0, 0, 0, 8, 0, 0, 5, 0, 8, 7, 9, 8, 0, 0, 0, 0, 9, 7, 0, 0, 0, 0, 0, 0, 0, 6, 8, 0, 0, 0, 7, 0, 0, : 11, 6, 6, 9, 9, 6, 8, 7, 9, 6, 6, 9, 8, 8, 8, 7, 9, 8, 8, 8, 8, 7, 10, 9, 4, 8, 5, 8, 7, 9, 8, 9, 7, 6, 8, 7, 
659: 6, 9, 7, 0, 0, 0, 0, 0, 0, 7, 0, 0, 7, 0, 0, 7, 0, 7, 6, 8, 8, 6, 8, 9, 8, 7, 9, 9, 0, 8, 0, 7, 0, 0, 8, 0, 8, 0, 0, 10, 0, 8, 8, 6, 0, 0, 0, 6, 0, 0, 0, 9, 7, 5, 0, 0, 7, 10, 5, 0, 0, 0, 0, 5, 8, 7, 0, 0, 8, 0, 7, 0, 0, 7, 0, 7, 0, 0, 0, 0, : 6, 9, 7, 7, 7, 7, 7, 6, 8, 8, 6, 8, 9, 8, 7, 9, 9, 8, 7, 8, 8, 10, 8, 8, 6, 6, 9, 7, 5, 7, 10, 5, 5, 8, 7, 8, 7, 7, 7, 
664: 6, 7, 0, 0, 8, 8, 0, 7, 6, 0, 0, 0, 8, 0, 0, 0, 0, 0, 7, 0, 0, 0, 0, 9, 7, 0, 0, 7, 0, 11, 4, 8, 8, 10, 0, 0, 0, 8, 5, 0, 9, 0, 0, 9, 0, 0, 8, 0, 0, 7, 0, 0, 0, 0, 0, 5, 11, 8, 0, 0, 6, 0, 0, 0, 7, 6, 0, 9, 8, 0, 7, 7, 0, 0, 0, 0, 0, 0, 0, 7, : 6, 7, 8, 8, 7, 6, 8, 7, 9, 7, 7, 11, 4, 8, 8, 10, 8, 5, 9, 9, 8, 7, 5, 11, 8, 6, 7, 6, 9, 8, 7, 7, 7, 
531: 0, 7, 0, 0, 0, 0, 8, 0, 7, 7, 8, 0, 8, 0, 7, 0, 0, 0, 7, 7, 0, 0, 0, 9, 6, 0, 0, 0, 4, 0, 8, 9, 8, 0, 0, 7, 8, 8, 11, 10, 0, 7, 8, 10, 7, 8, 7, 0, 0, 0, 0, 0, 6, 0, 0, 0, 7, 0, 11, 0, 0, 0, 5, 10, 8, 8, 0, 7, 0, 6, 9, 9, 0, 0, 8, 7, 0, 8, 0, 8, : 7, 8, 7, 7, 8, 8, 7, 7, 7, 9, 6, 4, 8, 9, 8, 7, 8, 8, 11, 10, 7, 8, 10, 7, 8, 7, 6, 7, 11, 5, 10, 8, 8, 7, 6, 9, 9, 8, 7, 8, 8, 
160: 7, 0, 0, 0, 8, 9, 7, 0, 0, 9, 0, 0, 6, 0, 6, 0, 0, 0, 10, 0, 10, 8, 0, 0, 0, 0, 0, 0, 0, 9, 9, 11, 7, 0, 0, 10, 0, 0, 0, 0, 7, 0, 7, 0, 9, 7, 0, 5, 4, 7, 8, 0, 6, 0, 5, 0, 10, 9, 0, 8, 8, 0, 8, 8, 10, 6, 7, 8, 0, 0, 8, 9, 8, 8, 0, 0, 7, 0, 9, 0, : 7, 8, 9, 7, 9, 6, 6, 10, 10, 8, 9, 9, 11, 7, 10, 7, 7, 9, 7, 5, 4, 7, 8, 6, 5, 10, 9, 8, 8, 8, 8, 10, 6, 7, 8, 8, 9, 8, 8, 7, 9, 
596: 0, 0, 8, 0, 5, 10, 0, 0, 0, 0, 0, 0, 0, 0, 6, 8, 0, 0, 0, 0, 0, 7, 7, 8, 7, 7, 9, 8, 0, 9, 7, 7, 0, 0, 0, 0, 0, 0, 0, 0, 0, 0, 10, 9, 7, 7, 0, 0, 8, 0, 8, 7, 0, 0, 0, 0, 8, 0, 9, 0, 8, 7, 7, 9, 7, 7, 7, 0, 7, 8, 0, 8, 0, 0, 0, 7, 0, 8, 0, 8, : 8, 5, 10, 6, 8, 7, 7, 8, 7, 7, 9, 8, 9, 7, 7, 10, 9, 7, 7, 8, 8, 7, 8, 9, 8, 7, 7, 9, 7, 7, 7, 7, 8, 8, 7, 8, 8, 
146: 9, 10, 7, 9, 0, 8, 7, 0, 8, 0, 0, 0, 0, 0, 0, 0, 0, 0, 0, 9, 8, 0, 9, 8, 8, 8, 8, 0, 0, 8, 8, 0, 0, 0, 8, 7, 0, 0, 5, 5, 7, 9, 7, 0, 0, 0, 8, 8, 7, 0, 9, 8, 9, 9, 0, 10, 8, 0, 7, 0, 0, 7, 0, 0, 6, 8, 9, 0, 9, 8, 6, 0, 7, 7, 0, 7, 0, 9, 0, 0, : 9, 10, 7, 9, 8, 7, 8, 9, 8, 9, 8, 8, 8, 8, 8, 8, 8, 7, 5, 5, 7, 9, 7, 8, 8, 7, 9, 8, 9, 9, 10, 8, 7, 7, 6, 8, 9, 9, 8, 6, 7, 7, 7, 9, 
177: 0, 0, 0, 0, 0, 7, 10, 6, 0, 8, 5, 0, 0, 0, 0, 9, 7, 0, 0, 0, 0, 6, 0, 7, 9, 6, 7, 0, 9, 0, 8, 7, 0, 0, 6, 11, 7, 0, 0, 0, 0, 0, 0, 7, 8, 0, 9, 0, 0, 0, 0, 8, 0, 0, 11, 7, 0, 0, 10, 8, 7, 8, 0, 6, 9, 0, 8, 9, 0, 0, 0, 8, 8, 0, 0, 0, 7, 0, 0, 0, : 7, 10, 6, 8, 5, 9, 7, 6, 7, 9, 6, 7, 9, 8, 7, 6, 11, 7, 7, 8, 9, 8, 11, 7, 10, 8, 7, 8, 6, 9, 8, 9, 8, 8, 7, 
530: 6, 0, 0, 5, 0, 6, 0, 0, 10, 7, 0, 10, 9, 5, 0, 0, 0, 6, 0, 0, 0, 0, 7, 0, 0, 7, 8, 0, 7, 0, 10, 0, 7, 0, 0, 7, 0, 0, 0, 0, 0, 0, 0, 0, 6, 0, 9, 0, 0, 0, 0, 0, 6, 0, 9, 0, 7, 0, 7, 0, 0, 8, 8, 6, 6, 8, 8, 8, 8, 8, 0, 0, 6, 7, 0, 0, 0, 8, 7, 7, : 6, 5, 6, 10, 7, 10, 9, 5, 6, 7, 7, 8, 7, 10, 7, 7, 6, 9, 6, 9, 7, 7, 8, 8, 6, 6, 8, 8, 8, 8, 8, 6, 7, 8, 7, 7, 
600: 0, 0, 8, 0, 0, 0, 0, 0, 0, 9, 9, 10, 0, 7, 0, 8, 8, 0, 0, 8, 0, 8, 10, 0, 0, 0, 6, 8, 0, 0, 7, 0, 0, 10, 7, 9, 8, 9, 7, 9, 0, 0, 0, 0, 0, 9, 0, 11, 9, 0, 0, 7, 5, 9, 0, 0, 10, 0, 0, 0, 0, 8, 9, 7, 0, 8, 9, 0, 0, 0, 0, 0, 8, 0, 0, 6, 8, 0, 8, 0, : 8, 9, 9, 10, 7, 8, 8, 8, 8, 10, 6, 8, 7, 10, 7, 9, 8, 9, 7, 9, 9, 11, 9, 7, 5, 9, 10, 8, 9, 7, 8, 9, 8, 6, 8, 8, 
404: 9, 0, 8, 0, 9, 0, 0, 0, 0, 7, 10, 0, 0, 8, 0, 5, 0, 9, 0, 0, 7, 0, 7, 6, 8, 6, 0, 0, 0, 0, 0, 0, 0, 0, 0, 9, 7, 7, 6, 0, 9, 0, 0, 0, 9, 8, 7, 0, 10, 9, 6, 0, 0, 0, 8, 9, 0, 0, 7, 7, 0, 0, 0, 6, 0, 0, 0, 8, 8, 0, 0, 0, 9, 8, 7, 7, 0, 7, 8, 0, : 9, 8, 9, 7, 10, 8, 5, 9, 7, 7, 6, 8, 6, 9, 7, 7, 6, 9, 9, 8, 7, 10, 9, 6, 8, 9, 7, 7, 6, 8, 8, 9, 8, 7, 7, 7, 8, 
71: 0, 8, 7, 9, 9, 0, 0, 10, 0, 7, 0, 0, 0, 5, 7, 7, 0, 9, 0, 0, 0, 0, 6, 0, 0, 0, 0, 8, 6, 7, 6, 6, 0, 10, 0, 0, 5, 8, 0, 0, 0, 5, 8, 0, 0, 7, 7, 0, 9, 10, 4, 7, 0, 6, 0, 5, 0, 0, 6, 0, 0, 9, 6, 0, 0, 0, 8, 0, 0, 8, 8, 7, 0, 9, 0, 0, 8, 0, 0, 8, : 8, 7, 9, 9, 10, 7, 5, 7, 7, 9, 6, 8, 6, 7, 6, 6, 10, 5, 8, 5, 8, 7, 7, 9, 10, 4, 7, 6, 5, 6, 9, 6, 8, 8, 8, 7, 9, 8, 8, 
736: 7, 0, 0, 11, 0, 0, 6, 7, 6, 0, 7, 8, 0, 0, 7, 0, 0, 7, 0, 0, 8, 0, 5, 7, 10, 9, 0, 6, 0, 0, 0, 6, 9, 0, 0, 8, 7, 0, 6, 10, 9, 0, 8, 0, 0, 7, 7, 10, 6, 0, 8, 8, 0, 8, 0, 0, 6, 0, 0, 7, 7, 0, 6, 0, 0, 0, 0, 7, 6, 9, 0, 8, 7, 8, 7, 8, 0, 7, 9, 0, : 7, 11, 6, 7, 6, 7, 8, 7, 7, 8, 5, 7, 10, 9, 6, 6, 9, 8, 7, 6, 10, 9, 8, 7, 7, 10, 6, 8, 8, 8, 6, 7, 7, 6, 7, 6, 9, 8, 7, 8, 7, 8, 7, 9, 
657: 10, 0, 7, 0, 0, 6, 10, 0, 0, 9, 0, 0, 0, 10, 10, 0, 6, 8, 7, 9, 7, 7, 0, 6, 9, 0, 0, 8, 9, 6, 0, 0, 0, 0, 0, 6, 0, 0, 0, 0, 7, 9, 0, 9, 7, 0, 0, 9, 7, 0, 8, 8, 0, 8, 5, 0, 0, 0, 0, 9, 0, 7, 9, 0, 7, 0, 6, 0, 0, 0, 8, 9, 8, 9, 0, 0, 0, 0, 0, 6, : 10, 7, 6, 10, 9, 10, 10, 6, 8, 7, 9, 7, 7, 6, 9, 8, 9, 6, 6, 7, 9, 9, 7, 9, 7, 8, 8, 8, 5, 9, 7, 9, 7, 6, 8, 9, 8, 9, 6, 
567: 0, 10, 9, 0, 9, 0, 0, 9, 9, 0, 0, 0, 0, 8, 8, 0, 0, 8, 7, 0, 0, 0, 0, 8, 0, 10, 0, 10, 7, 0, 9, 5, 0, 0, 0, 0, 0, 0, 0, 8, 0, 8, 8, 0, 0, 6, 10, 0, 0, 0, 0, 0, 0, 6, 0, 8, 0, 7, 7, 7, 0, 7, 11, 7, 9, 9, 0, 8, 0, 8, 9, 0, 0, 7, 0, 0, 8, 0, 8, 8, : 10, 9, 9, 9, 9, 8, 8, 8, 7, 8, 10, 10, 7, 9, 5, 8, 8, 8, 6, 10, 6, 8, 7, 7, 7, 7, 11, 7, 9, 9, 8, 8, 9, 7, 8, 8, 8, 
269: 8, 0, 0, 0, 10, 8, 8, 0, 7, 9, 0, 0, 0, 0, 0, 0, 0, 0, 0, 0, 0, 8, 0, 7, 8, 0, 8, 0, 11, 0, 0, 0, 9, 0, 8, 0, 6, 0, 8, 6, 0, 0, 8, 6, 0, 4, 9, 0, 0, 5, 0, 5, 0, 10, 8, 0, 7, 6, 0, 0, 8, 10, 7, 0, 0, 0, 0, 0, 7, 0, 9, 8, 0, 0, 0, 0, 6, 8, 8, 8, : 8, 10, 8, 8, 7, 9, 8, 7, 8, 8, 11, 9, 8, 6, 8, 6, 8, 6, 4, 9, 5, 5, 10, 8, 7, 6, 8, 10, 7, 7, 9, 8, 6, 8, 8, 8, 
689: 8, 0, 8, 7, 0, 0, 0, 5, 9, 0, 9, 8, 0, 9, 8, 7, 10, 0, 10, 8, 0, 0, 0, 7, 0, 0, 6, 7, 0, 0, 0, 0, 0, 6, 10, 6, 0, 6, 9, 0, 0, 6, 8, 0, 10, 0, 9, 9, 0, 0, 0, 7, 0, 0, 5, 0, 4, 0, 7, 0, 0, 0, 11, 0, 0, 0, 8, 0, 0, 0, 0, 0, 8, 8, 7, 7, 7, 7, 7, 6, : 8, 8, 7, 5, 9, 9, 8, 9, 8, 7, 10, 10, 8, 7, 6, 7, 6, 10, 6, 6, 9, 6, 8, 10, 9, 9, 7, 5, 4, 7, 11, 8, 8, 8, 7, 7, 7, 7, 7, 6, 
333: 9, 0, 0, 6, 8, 5, 6, 0, 0, 8, 0, 9, 9, 7, 10, 8, 0, 10, 0, 0, 6, 7, 7, 0, 0, 6, 0, 0, 10, 0, 8, 0, 6, 10, 10, 0, 7, 9, 0, 9, 0, 0, 0, 9, 0, 8, 0, 6, 9, 0, 0, 9, 0, 10, 0, 0, 0, 8, 0, 6, 11, 7, 0, 0, 0, 0, 9, 0, 7, 8, 0, 9, 0, 7, 8, 8, 0, 0, 0, 8, : 9, 6, 8, 5, 6, 8, 9, 9, 7, 10, 8, 10, 6, 7, 7, 6, 10, 8, 6, 10, 10, 7, 9, 9, 9, 8, 6, 9, 9, 10, 8, 6, 11, 7, 9, 7, 8, 9, 7, 8, 8, 8, 
277: 0, 8, 0, 6, 8, 0, 9, 0, 9, 0, 0, 0, 7, 10, 0, 6, 0, 0, 0, 0, 0, 0, 0, 0, 0, 8, 0, 0, 10, 0, 0, 0, 8, 0, 10, 10, 5, 0, 0, 0, 8, 8, 0, 8, 8, 9, 0, 0, 0, 8, 0, 0, 6, 0, 9, 0, 0, 0, 0, 0, 8, 0, 0, 0, 0, 9, 0, 8, 0, 0, 8, 0, 0, 8, 0, 9, 0, 0, 9, 0, : 8, 6, 8, 9, 9, 7, 10, 6, 8, 10, 8, 10, 10, 5, 8, 8, 8, 8, 9, 8, 6, 9, 8, 9, 8, 8, 8, 9, 9, 
232: 8, 7, 9, 6, 9, 5, 0, 8, 0, 0, 9, 7, 0, 0, 11, 9, 0, 0, 8, 0, 0, 0, 8, 0, 8, 0, 8, 0, 0, 8, 0, 0, 7, 8, 8, 7, 8, 8, 10, 0, 0, 0, 8, 0, 0, 8, 0, 6, 6, 7, 9, 0, 8, 7, 0, 0, 0, 0, 0, 8, 0, 6, 0, 7, 0, 0, 8, 6, 8, 8, 8, 9, 7, 0, 0, 0, 6, 9, 0, 0, : 8, 7, 9, 6, 9, 5, 8, 9, 7, 11, 9, 8, 8, 8, 8, 8, 7, 8, 8, 7, 8, 8, 10, 8, 8, 6, 6, 7, 9, 8, 7, 8, 6, 7, 8, 6, 8, 8, 8, 9, 7, 6, 9, 
652: 8, 0, 0, 9, 0, 10, 7, 7, 0, 7, 9, 0, 8, 8, 0, 7, 7, 0, 0, 0, 8, 5, 0, 0, 0, 7, 7, 0, 0, 9, 7, 0, 7, 7, 0, 8, 0, 10, 0, 7, 7, 10, 0, 0, 6, 0, 0, 0, 10, 9, 7, 7, 0, 8, 0, 10, 0, 7, 0, 7, 0, 6, 0, 0, 9, 0, 0, 0, 8, 7, 0, 9, 0, 0, 0, 0, 0, 9, 0, 0, : 8, 9, 10, 7, 7, 7, 9, 8, 8, 7, 7, 8, 5, 7, 7, 9, 7, 7, 7, 8, 10, 7, 7, 10, 6, 10, 9, 7, 7, 8, 10, 7, 7, 6, 9, 8, 7, 9, 9, 
613: 0, 0, 0, 0, 11, 6, 0, 7, 6, 0, 0, 0, 6, 0, 0, 7, 7, 0, 6, 0, 0, 0, 10, 0, 0, 0, 0, 0, 8, 0, 7, 0, 0, 7, 0, 10, 6, 6, 0, 6, 8, 11, 0, 0, 0, 0, 0, 10, 0, 10, 8, 0, 9, 0, 0, 0, 0, 7, 9, 0, 8, 6, 0, 8, 0, 10, 0, 8, 6, 0, 9, 0, 7, 0, 9, 8, 0, 0, 0, 0, : 11, 6, 7, 6, 6, 7, 7, 6, 10, 8, 7, 7, 10, 6, 6, 6, 8, 11, 10, 10, 8, 9, 7, 9, 8, 6, 8, 10, 8, 6, 9, 7, 9, 8, 
621: 7, 0, 9, 9, 0, 0, 0, 8, 0, 7, 0, 0, 0, 8, 0, 6, 0, 0, 0, 9, 0, 0, 0, 0, 0, 10, 7, 0, 6, 6, 0, 9, 8, 0, 0, 7, 0, 0, 7, 0, 0, 8, 9, 8, 8, 0, 0, 7, 0, 0, 0, 0, 0, 9, 0, 0, 0, 9, 9, 9, 0, 8, 0, 8, 5, 8, 0, 0, 0, 0, 0, 0, 8, 9, 7, 0, 0, 8, 0, 0, : 7, 9, 9, 8, 7, 8, 6, 9, 10, 7, 6, 6, 9, 8, 7, 7, 8, 9, 8, 8, 7, 9, 9, 9, 9, 8, 8, 5, 8, 8, 9, 7, 8, 
341: 7, 0, 0, 0, 5, 9, 0, 0, 5, 0, 10, 0, 0, 0, 9, 7, 0, 0, 0, 0, 0, 0, 0, 7, 8, 9, 0, 0, 6, 0, 0, 0, 4, 8, 7, 0, 9, 0, 8, 9, 8, 9, 0, 0, 9, 5, 0, 0, 0, 0, 7, 0, 7, 0, 7, 0, 0, 0, 8, 8, 0, 11, 0, 7, 0, 0, 8, 8, 0, 7, 8, 0, 0, 0, 9, 0, 7, 0, 8, 0, : 7, 5, 9, 5, 10, 9, 7, 7, 8, 9, 6, 4, 8, 7, 9, 8, 9, 8, 9, 9, 5, 7, 7, 7, 8, 8, 11, 7, 8, 8, 7, 8, 9, 7, 8, 


84: 9, 0, 8, 0, 0, 10, 0, 0, 9, 0, 8, 8, 0, 7, 0, 6, 6, 0, 0, 0, 0, 11, 0, 0, 9, 0, 6, 8, 9, 0, 0, 5, 0, 0, 0, 8, 0, 0, 9, 0, 11, 5, 0, 0, 9, 0, 0, 6, 0, 0, 8, 0, 0, 0, 9, 0, 9, 0, 8, 8, 0, 4, 0, 9, 0, 6, 9, 7, 8, 6, 8, 9, 9, 5, 8, 0, 7, 0, 8, 8, : 9, 8, 10, 9, 8, 8, 7, 6, 6, 11, 9, 6, 8, 9, 5, 8, 9, 11, 5, 9, 6, 8, 9, 9, 8, 8, 4, 9, 6, 9, 7, 8, 6, 8, 9, 9, 5, 8, 7, 8, 8, 
142: 0, 7, 8, 0, 0, 0, 8, 0, 0, 9, 8, 8, 0, 0, 0, 7, 0, 5, 7, 7, 7, 0, 5, 8, 0, 5, 8, 9, 0, 0, 7, 6, 0, 7, 6, 0, 8, 9, 0, 0, 0, 0, 10, 0, 0, 0, 0, 5, 0, 8, 0, 0, 0, 0, 0, 0, 10, 0, 0, 0, 0, 0, 0, 5, 8, 8, 0, 0, 8, 8, 7, 0, 7, 7, 0, 0, 9, 0, 7, 0, : 7, 8, 8, 9, 8, 8, 7, 5, 7, 7, 7, 5, 8, 5, 8, 9, 7, 6, 7, 6, 8, 9, 10, 5, 8, 10, 5, 8, 8, 8, 8, 7, 7, 7, 9, 7, 
403: 7, 0, 7, 0, 6, 0, 0, 0, 0, 0, 0, 0, 7, 9, 0, 8, 0, 0, 0, 0, 8, 0, 0, 0, 0, 9, 9, 10, 7, 0, 0, 7, 0, 0, 5, 5, 9, 9, 9, 7, 6, 0, 0, 0, 8, 10, 8, 5, 8, 6, 8, 5, 7, 0, 7, 0, 0, 6, 0, 0, 0, 11, 0, 0, 0, 7, 0, 9, 6, 0, 8, 8, 0, 0, 0, 6, 8, 9, 7, 0, : 7, 7, 6, 7, 9, 8, 8, 9, 9, 10, 7, 7, 5, 5, 9, 9, 9, 7, 6, 8, 10, 8, 5, 8, 6, 8, 5, 7, 7, 6, 11, 7, 9, 6, 8, 8, 6, 8, 9, 7, 
496: 8, 7, 0, 6, 0, 10, 7, 9, 0, 5, 0, 0, 0, 10, 0, 10, 0, 9, 8, 9, 0, 6, 7, 0, 0, 8, 10, 8, 8, 0, 0, 0, 10, 0, 6, 0, 0, 0, 6, 0, 0, 8, 0, 8, 0, 8, 0, 7, 8, 0, 0, 0, 9, 0, 0, 8, 0, 9, 0, 0, 7, 6, 0, 0, 8, 0, 7, 0, 0, 8, 0, 0, 0, 0, 0, 0, 0, 8, 0, 9, : 8, 7, 6, 10, 7, 9, 5, 10, 10, 9, 8, 9, 6, 7, 8, 10, 8, 8, 10, 6, 6, 8, 8, 8, 7, 8, 9, 8, 9, 7, 6, 8, 7, 8, 8, 9, 
728: 0, 0, 0, 0, 9, 6, 0, 0, 9, 6, 0, 0, 0, 0, 9, 0, 0, 0, 7, 6, 10, 9, 6, 0, 6, 0, 0, 7, 10, 0, 0, 8, 0, 0, 9, 0, 11, 0, 0, 9, 7, 0, 8, 6, 9, 10, 0, 8, 9, 0, 0, 9, 0, 0, 8, 8, 0, 7, 6, 7, 10, 0, 9, 7, 9, 0, 9, 0, 8, 0, 7, 7, 0, 7, 9, 0, 0, 8, 9, 0, : 9, 6, 9, 6, 9, 7, 6, 10, 9, 6, 6, 7, 10, 8, 9, 11, 9, 7, 8, 6, 9, 10, 8, 9, 9, 8, 8, 7, 6, 7, 10, 9, 7, 9, 9, 8, 7, 7, 7, 9, 8, 9, 
588: 8, 11, 0, 10, 10, 0, 7, 9, 0, 0, 0, 8, 0, 6, 0, 0, 10, 0, 7, 0, 0, 0, 9, 8, 8, 0, 0, 0, 10, 8, 7, 8, 0, 8, 0, 0, 0, 7, 0, 7, 5, 8, 0, 0, 9, 0, 11, 0, 0, 0, 6, 0, 7, 0, 9, 5, 0, 8, 0, 0, 8, 0, 7, 0, 0, 8, 7, 0, 0, 7, 8, 8, 9, 7, 0, 8, 0, 9, 0, 0, : 8, 11, 10, 10, 7, 9, 8, 6, 10, 7, 9, 8, 8, 10, 8, 7, 8, 8, 7, 7, 5, 8, 9, 11, 6, 7, 9, 5, 8, 8, 7, 8, 7, 7, 8, 8, 9, 7, 8, 9, 
14: 8, 0, 0, 8, 0, 8, 7, 0, 7, 5, 0, 10, 0, 0, 10, 0, 6, 0, 8, 0, 8, 8, 0, 9, 8, 0, 0, 0, 0, 0, 0, 0, 0, 8, 0, 8, 7, 0, 0, 0, 0, 0, 0, 0, 0, 8, 7, 0, 0, 7, 5, 0, 8, 0, 0, 7, 0, 10, 0, 8, 0, 0, 7, 0, 0, 0, 0, 0, 9, 0, 0, 7, 9, 6, 8, 0, 7, 0, 0, 0, : 8, 8, 8, 7, 7, 5, 10, 10, 6, 8, 8, 8, 9, 8, 8, 8, 7, 8, 7, 7, 5, 8, 7, 10, 8, 7, 9, 7, 9, 6, 8, 7, 
22: 6, 5, 10, 0, 0, 0, 0, 0, 5, 0, 0, 0, 8, 8, 0, 0, 8, 0, 0, 5, 7, 0, 0, 6, 0, 0, 0, 6, 0, 0, 0, 0, 0, 0, 0, 8, 5, 0, 0, 0, 0, 0, 7, 8, 0, 0, 0, 9, 6, 0, 0, 7, 8, 8, 9, 10, 0, 0, 6, 0, 9, 9, 9, 0, 0, 9, 0, 0, 8, 0, 7, 0, 0, 6, 0, 0, 0, 0, 9, 0, : 6, 5, 10, 5, 8, 8, 8, 5, 7, 6, 6, 8, 5, 7, 8, 9, 6, 7, 8, 8, 9, 10, 6, 9, 9, 9, 9, 8, 7, 6, 9, 
9: 7, 0, 0, 6, 7, 0, 6, 0, 0, 0, 10, 9, 10, 0, 0, 0, 0, 0, 0, 9, 0, 8, 0, 7, 0, 0, 0, 0, 10, 8, 0, 0, 0, 0, 7, 8, 7, 9, 7, 11, 0, 0, 0, 7, 0, 0, 0, 0, 0, 8, 0, 0, 0, 0, 7, 9, 7, 7, 7, 0, 0, 7, 0, 0, 0, 8, 0, 0, 0, 7, 0, 8, 0, 0, 0, 7, 0, 0, 0, 8, : 7, 6, 7, 6, 10, 9, 10, 9, 8, 7, 10, 8, 7, 8, 7, 9, 7, 11, 7, 8, 7, 9, 7, 7, 7, 7, 8, 7, 8, 7, 8, 
33: 0, 6, 0, 0, 5, 6, 5, 0, 9, 7, 0, 0, 6, 0, 9, 0, 0, 0, 10, 0, 0, 0, 8, 0, 7, 0, 0, 0, 5, 0, 0, 7, 0, 0, 0, 0, 0, 7, 0, 8, 0, 0, 5, 0, 6, 0, 6, 0, 0, 0, 0, 0, 9, 7, 0, 0, 8, 0, 0, 9, 9, 8, 5, 0, 7, 9, 9, 7, 0, 0, 0, 0, 0, 8, 8, 8, 0, 0, 9, 7, : 6, 5, 6, 5, 9, 7, 6, 9, 10, 8, 7, 5, 7, 7, 8, 5, 6, 6, 9, 7, 8, 9, 9, 8, 5, 7, 9, 9, 7, 8, 8, 8, 9, 7, 
760: 0, 7, 9, 0, 0, 0, 8, 0, 6, 0, 0, 7, 6, 0, 7, 0, 0, 0, 9, 0, 9, 0, 0, 9, 0, 8, 0, 6, 0, 9, 9, 10, 9, 0, 0, 6, 8, 5, 0, 0, 0, 0, 0, 5, 6, 0, 0, 6, 7, 9, 0, 0, 0, 0, 0, 7, 0, 7, 5, 8, 0, 10, 8, 0, 0, 8, 6, 7, 0, 7, 7, 9, 8, 0, 0, 8, 0, 0, 8, 0, : 7, 9, 8, 6, 7, 6, 7, 9, 9, 9, 8, 6, 9, 9, 10, 9, 6, 8, 5, 5, 6, 6, 7, 9, 7, 7, 5, 8, 10, 8, 8, 6, 7, 7, 7, 9, 8, 8, 8, 
265: 7, 8, 0, 0, 5, 0, 0, 5, 0, 0, 0, 0, 0, 0, 0, 0, 7, 0, 8, 0, 10, 5, 0, 10, 0, 0, 0, 0, 6, 7, 6, 6, 0, 0, 0, 0, 0, 0, 6, 5, 7, 0, 0, 0, 0, 0, 4, 10, 0, 0, 0, 0, 0, 7, 9, 0, 7, 5, 8, 5, 8, 7, 4, 8, 0, 7, 0, 0, 9, 8, 0, 0, 0, 0, 0, 0, 0, 0, 7, 0, : 7, 8, 5, 5, 7, 8, 10, 5, 10, 6, 7, 6, 6, 6, 5, 7, 4, 10, 7, 9, 7, 5, 8, 5, 8, 7, 4, 8, 7, 9, 8, 7, 
598: 0, 6, 0, 0, 7, 8, 9, 0, 10, 0, 0, 6, 0, 0, 0, 0, 8, 5, 8, 0, 0, 0, 8, 7, 7, 9, 9, 0, 0, 6, 7, 10, 9, 0, 0, 7, 7, 0, 6, 0, 7, 8, 11, 8, 7, 6, 9, 0, 10, 8, 6, 7, 0, 0, 5, 0, 0, 8, 0, 0, 8, 8, 0, 0, 5, 6, 0, 8, 8, 0, 8, 9, 0, 0, 6, 7, 0, 9, 0, 0, : 6, 7, 8, 9, 10, 6, 8, 5, 8, 8, 7, 7, 9, 9, 6, 7, 10, 9, 7, 7, 6, 7, 8, 11, 8, 7, 6, 9, 10, 8, 6, 7, 5, 8, 8, 8, 5, 6, 8, 8, 8, 9, 6, 7, 9, 
68: 0, 8, 0, 6, 7, 9, 4, 0, 0, 8, 0, 0, 0, 6, 9, 0, 0, 10, 0, 7, 9, 0, 10, 0, 7, 6, 0, 9, 9, 10, 0, 0, 7, 5, 0, 0, 0, 0, 5, 0, 0, 0, 5, 0, 9, 0, 0, 9, 7, 0, 9, 0, 0, 8, 10, 9, 9, 0, 0, 0, 0, 7, 0, 9, 0, 8, 0, 0, 7, 0, 0, 0, 0, 0, 0, 0, 0, 0, 9, 9, : 8, 6, 7, 9, 4, 8, 6, 9, 10, 7, 9, 10, 7, 6, 9, 9, 10, 7, 5, 5, 5, 9, 9, 7, 9, 8, 10, 9, 9, 7, 9, 8, 7, 9, 9, 
656: 0, 0, 10, 5, 0, 0, 0, 8, 0, 9, 7, 0, 0, 6, 5, 7, 6, 0, 8, 0, 9, 0, 9, 0, 0, 0, 0, 8, 0, 11, 0, 0, 10, 10, 0, 0, 0, 0, 0, 8, 5, 0, 0, 0, 7, 0, 9, 0, 8, 0, 0, 10, 6, 0, 7, 9, 0, 0, 8, 0, 7, 0, 8, 0, 5, 8, 7, 7, 8, 8, 9, 7, 0, 8, 0, 0, 0, 0, 0, 9, : 10, 5, 8, 9, 7, 6, 5, 7, 6, 8, 9, 9, 8, 11, 10, 10, 8, 5, 7, 9, 8, 10, 6, 7, 9, 8, 7, 8, 5, 8, 7, 7, 8, 8, 9, 7, 8, 9, 
64: 0, 0, 7, 0, 8, 0, 9, 7, 0, 0, 5, 0, 0, 0, 8, 8, 0, 10, 10, 0, 7, 0, 0, 0, 0, 5, 7, 9, 10, 0, 0, 0, 11, 10, 0, 0, 0, 0, 0, 0, 7, 7, 0, 9, 6, 0, 0, 0, 0, 8, 5, 5, 0, 0, 0, 0, 8, 0, 10, 0, 0, 0, 0, 5, 9, 0, 0, 7, 8, 8, 9, 0, 0, 0, 0, 0, 0, 7, 0, 0, : 7, 8, 9, 7, 5, 8, 8, 10, 10, 7, 5, 7, 9, 10, 11, 10, 7, 7, 9, 6, 8, 5, 5, 8, 10, 5, 9, 7, 8, 8, 9, 7, 
253: 0, 8, 0, 5, 0, 0, 0, 6, 0, 0, 0, 0, 0, 10, 0, 9, 0, 9, 0, 0, 6, 0, 0, 0, 0, 0, 9, 7, 0, 0, 6, 9, 7, 0, 8, 0, 7, 0, 7, 7, 7, 0, 0, 0, 6, 6, 7, 0, 0, 0, 0, 8, 9, 0, 0, 0, 0, 0, 5, 0, 5, 9, 8, 0, 0, 0, 0, 0, 0, 0, 0, 7, 0, 0, 9, 8, 5, 8, 8, 6, : 8, 5, 6, 10, 9, 9, 6, 9, 7, 6, 9, 7, 8, 7, 7, 7, 7, 6, 6, 7, 8, 9, 5, 5, 9, 8, 7, 9, 8, 5, 8, 8, 6, 
418: 10, 6, 0, 0, 0, 8, 7, 7, 7, 7, 0, 6, 0, 9, 0, 0, 7, 7, 0, 0, 10, 7, 0, 10, 7, 6, 0, 0, 0, 0, 0, 7, 0, 0, 0, 7, 0, 7, 0, 0, 0, 7, 8, 11, 6, 5, 0, 0, 7, 5, 7, 8, 9, 0, 0, 0, 0, 7, 0, 10, 0, 0, 0, 7, 7, 6, 6, 8, 8, 0, 0, 8, 8, 0, 6, 9, 0, 0, 0, 7, : 10, 6, 8, 7, 7, 7, 7, 6, 9, 7, 7, 10, 7, 10, 7, 6, 7, 7, 7, 7, 8, 11, 6, 5, 7, 5, 7, 8, 9, 7, 10, 7, 7, 6, 6, 8, 8, 8, 8, 6, 9, 7, 
410: 5, 0, 6, 11, 7, 9, 0, 0, 9, 0, 7, 0, 6, 9, 5, 0, 0, 8, 6, 0, 0, 8, 4, 6, 8, 9, 6, 7, 0, 0, 0, 5, 6, 5, 0, 9, 0, 11, 0, 0, 0, 6, 6, 10, 0, 7, 0, 0, 0, 8, 8, 0, 0, 0, 6, 6, 9, 9, 7, 0, 0, 0, 6, 0, 5, 0, 0, 0, 8, 0, 8, 0, 7, 0, 0, 8, 9, 0, 0, 0, : 5, 6, 11, 7, 9, 9, 7, 6, 9, 5, 8, 6, 8, 4, 6, 8, 9, 6, 7, 5, 6, 5, 9, 11, 6, 6, 10, 7, 8, 8, 6, 6, 9, 9, 7, 6, 5, 8, 8, 7, 8, 9, 
572: 0, 6, 0, 0, 0, 5, 7, 0, 0, 0, 0, 0, 0, 8, 8, 0, 0, 0, 0, 0, 8, 9, 0, 7, 7, 0, 0, 0, 0, 10, 10, 7, 8, 0, 8, 0, 0, 8, 0, 9, 0, 8, 5, 0, 0, 6, 9, 7, 0, 0, 0, 0, 0, 8, 0, 0, 6, 6, 0, 0, 7, 0, 0, 0, 11, 0, 0, 0, 0, 8, 9, 0, 9, 8, 9, 8, 6, 0, 0, 0, : 6, 5, 7, 8, 8, 8, 9, 7, 7, 10, 10, 7, 8, 8, 8, 9, 8, 5, 6, 9, 7, 8, 6, 6, 7, 11, 8, 9, 9, 8, 9, 8, 6, 
773: 0, 8, 8, 0, 11, 8, 6, 9, 0, 8, 7, 7, 5, 10, 0, 0, 7, 8, 5, 11, 0, 9, 0, 5, 7, 0, 0, 4, 0, 8, 0, 6, 5, 7, 0, 8, 5, 8, 9, 7, 0, 0, 0, 10, 5, 0, 7, 8, 7, 10, 7, 9, 7, 0, 9, 9, 9, 9, 0, 0, 0, 8, 0, 8, 9, 0, 0, 0, 8, 0, 0, 8, 8, 8, 7, 6, 7, 0, 7, 0, : 8, 8, 11, 8, 6, 9, 8, 7, 7, 5, 10, 7, 8, 5, 11, 9, 5, 7, 4, 8, 6, 5, 7, 8, 5, 8, 9, 7, 10, 5, 7, 8, 7, 10, 7, 9, 7, 9, 9, 9, 9, 8, 8, 9, 8, 8, 8, 8, 7, 6, 7, 7, 
224: 0, 0, 6, 0, 0, 0, 0, 0, 0, 0, 0, 6, 9, 10, 0, 0, 0, 0, 5, 0, 0, 0, 0, 0, 9, 0, 8, 9, 0, 0, 11, 8, 0, 7, 0, 0, 8, 0, 0, 0, 9, 7, 8, 8, 0, 0, 0, 7, 8, 0, 8, 10, 8, 9, 7, 0, 8, 0, 9, 7, 0, 0, 7, 8, 8, 8, 7, 8, 8, 8, 0, 6, 8, 8, 8, 0, 7, 7, 0, 8, : 6, 6, 9, 10, 5, 9, 8, 9, 11, 8, 7, 8, 9, 7, 8, 8, 7, 8, 8, 10, 8, 9, 7, 8, 9, 7, 7, 8, 8, 8, 7, 8, 8, 8, 6, 8, 8, 8, 7, 7, 8, 
722: 0, 0, 0, 7, 0, 8, 8, 0, 8, 7, 0, 0, 8, 0, 0, 0, 0, 7, 7, 5, 6, 5, 8, 0, 7, 0, 0, 9, 0, 8, 0, 0, 7, 0, 8, 0, 8, 7, 11, 11, 10, 5, 7, 8, 0, 5, 9, 9, 0, 0, 9, 8, 5, 8, 0, 0, 0, 0, 0, 9, 0, 7, 9, 8, 0, 8, 8, 0, 8, 0, 8, 8, 7, 7, 7, 6, 9, 0, 8, 7, : 7, 8, 8, 8, 7, 8, 7, 7, 5, 6, 5, 8, 7, 9, 8, 7, 8, 8, 7, 11, 11, 10, 5, 7, 8, 5, 9, 9, 9, 8, 5, 8, 9, 7, 9, 8, 8, 8, 8, 8, 8, 7, 7, 7, 6, 9, 8, 7, 
23: 0, 0, 8, 0, 8, 0, 0, 0, 0, 7, 10, 0, 6, 6, 0, 10, 8, 0, 11, 7, 0, 8, 0, 0, 5, 8, 4, 0, 0, 5, 10, 0, 0, 0, 0, 9, 0, 0, 11, 0, 9, 10, 0, 0, 7, 0, 0, 6, 0, 8, 0, 8, 8, 0, 0, 8, 0, 0, 0, 5, 7, 0, 11, 5, 0, 0, 10, 7, 0, 7, 0, 8, 0, 0, 0, 0, 6, 7, 7, 0, : 8, 8, 7, 10, 6, 6, 10, 8, 11, 7, 8, 5, 8, 4, 5, 10, 9, 11, 9, 10, 7, 6, 8, 8, 8, 8, 5, 7, 11, 5, 10, 7, 7, 8, 6, 7, 7, 
695: 7, 0, 0, 5, 5, 5, 0, 8, 7, 8, 9, 0, 6, 0, 11, 0, 10, 0, 10, 7, 6, 0, 10, 0, 0, 0, 0, 8, 0, 0, 7, 7, 5, 7, 10, 7, 9, 0, 0, 9, 0, 0, 0, 0, 11, 9, 0, 8, 6, 0, 0, 0, 0, 8, 0, 0, 0, 8, 8, 0, 8, 0, 0, 5, 8, 9, 0, 7, 0, 0, 0, 8, 8, 6, 0, 0, 9, 0, 0, 0, : 7, 5, 5, 5, 8, 7, 8, 9, 6, 11, 10, 10, 7, 6, 10, 8, 7, 7, 5, 7, 10, 7, 9, 9, 11, 9, 8, 6, 8, 8, 8, 8, 5, 8, 9, 7, 8, 8, 6, 9, 
529: 6, 0, 8, 6, 8, 6, 0, 10, 0, 0, 9, 10, 0, 0, 0, 8, 8, 5, 9, 8, 9, 0, 0, 8, 7, 8, 0, 0, 0, 5, 5, 0, 10, 9, 0, 8, 9, 0, 8, 9, 0, 8, 0, 0, 8, 0, 0, 7, 0, 9, 7, 0, 0, 0, 8, 0, 8, 0, 0, 0, 0, 11, 9, 7, 0, 5, 0, 8, 0, 8, 0, 0, 0, 9, 0, 8, 8, 8, 0, 6, : 6, 8, 6, 8, 6, 10, 9, 10, 8, 8, 5, 9, 8, 9, 8, 7, 8, 5, 5, 10, 9, 8, 9, 8, 9, 8, 8, 7, 9, 7, 8, 8, 11, 9, 7, 5, 8, 8, 9, 8, 8, 8, 6, 
429: 8, 0, 0, 0, 8, 0, 10, 8, 9, 0, 0, 0, 6, 6, 9, 0, 0, 0, 0, 0, 0, 0, 0, 0, 0, 0, 5, 9, 8, 5, 9, 8, 0, 0, 10, 0, 6, 6, 9, 6, 0, 9, 0, 9, 6, 0, 0, 0, 0, 5, 7, 8, 0, 0, 0, 0, 7, 0, 0, 10, 7, 0, 8, 9, 0, 0, 0, 7, 9, 8, 9, 8, 7, 8, 0, 0, 8, 8, 0, 8, : 8, 8, 10, 8, 9, 6, 6, 9, 5, 9, 8, 5, 9, 8, 10, 6, 6, 9, 6, 9, 9, 6, 5, 7, 8, 7, 10, 7, 8, 9, 7, 9, 8, 9, 8, 7, 8, 8, 8, 8, 
189: 7, 0, 6, 0, 8, 8, 0, 0, 0, 10, 7, 6, 0, 0, 0, 0, 9, 9, 0, 4, 5, 0, 8, 6, 0, 0, 6, 6, 7, 7, 7, 8, 0, 9, 10, 0, 0, 10, 0, 0, 9, 11, 8, 0, 0, 6, 6, 0, 0, 9, 0, 0, 8, 10, 0, 0, 8, 0, 0, 0, 7, 8, 6, 0, 0, 0, 9, 9, 6, 0, 5, 0, 0, 8, 0, 7, 0, 8, 8, 0, : 7, 6, 8, 8, 10, 7, 6, 9, 9, 4, 5, 8, 6, 6, 6, 7, 7, 7, 8, 9, 10, 10, 9, 11, 8, 6, 6, 9, 8, 10, 8, 7, 8, 6, 9, 9, 6, 5, 8, 7, 8, 8, 
423: 7, 0, 10, 0, 0, 0, 0, 0, 0, 0, 11, 0, 9, 0, 6, 8, 0, 8, 0, 7, 9, 0, 0, 0, 0, 0, 8, 0, 9, 5, 0, 0, 0, 9, 7, 0, 8, 0, 8, 8, 6, 0, 0, 0, 0, 0, 6, 0, 0, 0, 0, 0, 0, 10, 10, 7, 5, 0, 5, 0, 0, 0, 0, 0, 0, 0, 7, 0, 0, 0, 7, 0, 5, 8, 0, 0, 8, 8, 7, 0, : 7, 10, 11, 9, 6, 8, 8, 7, 9, 8, 9, 5, 9, 7, 8, 8, 8, 6, 6, 10, 10, 7, 5, 5, 7, 7, 5, 8, 8, 8, 7, 
448: 9, 0, 5, 0, 11, 0, 0, 7, 8, 9, 0, 0, 7, 8, 7, 9, 0, 6, 7, 10, 0, 0, 7, 7, 0, 0, 0, 8, 10, 0, 5, 6, 0, 8, 8, 8, 0, 8, 0, 6, 0, 7, 6, 8, 0, 7, 7, 0, 9, 9, 6, 9, 0, 9, 0, 8, 7, 6, 10, 6, 0, 0, 0, 8, 0, 8, 0, 0, 7, 0, 0, 9, 8, 0, 0, 7, 0, 7, 0, 0, : 9, 5, 11, 7, 8, 9, 7, 8, 7, 9, 6, 7, 10, 7, 7, 8, 10, 5, 6, 8, 8, 8, 8, 6, 7, 6, 8, 7, 7, 9, 9, 6, 9, 9, 8, 7, 6, 10, 6, 8, 8, 7, 9, 8, 7, 7, 
765: 8, 7, 8, 7, 0, 0, 7, 0, 0, 0, 0, 0, 0, 6, 0, 9, 0, 8, 6, 0, 0, 0, 0, 5, 8, 10, 0, 0, 0, 7, 10, 6, 6, 11, 6, 9, 0, 9, 7, 0, 8, 0, 0, 0, 9, 0, 0, 10, 0, 7, 5, 8, 9, 7, 0, 0, 0, 0, 8, 0, 0, 0, 5, 0, 8, 0, 0, 0, 0, 0, 8, 7, 0, 7, 0, 0, 8, 7, 6, 7, : 8, 7, 8, 7, 7, 6, 9, 8, 6, 5, 8, 10, 7, 10, 6, 6, 11, 6, 9, 9, 7, 8, 9, 10, 7, 5, 8, 9, 7, 8, 5, 8, 8, 7, 7, 8, 7, 6, 7, 
128: 0, 8, 7, 6, 10, 7, 0, 9, 7, 7, 7, 0, 0, 0, 10, 0, 0, 6, 0, 9, 0, 0, 7, 0, 9, 0, 9, 0, 6, 8, 6, 10, 8, 10, 10, 10, 0, 6, 0, 0, 0, 0, 0, 6, 6, 10, 9, 7, 5, 0, 10, 9, 0, 0, 10, 9, 9, 0, 0, 0, 9, 0, 0, 0, 7, 0, 6, 0, 0, 0, 0, 6, 7, 0, 8, 7, 0, 9, 0, 0, : 8, 7, 6, 10, 7, 9, 7, 7, 7, 10, 6, 9, 7, 9, 9, 6, 8, 6, 10, 8, 10, 10, 10, 6, 6, 6, 10, 9, 7, 5, 10, 9, 10, 9, 9, 9, 7, 6, 6, 7, 8, 7, 9, 
607: 0, 0, 0, 0, 6, 0, 0, 9, 9, 8, 5, 11, 8, 9, 0, 6, 0, 8, 0, 9, 0, 5, 9, 9, 0, 0, 9, 0, 0, 0, 0, 5, 7, 6, 5, 0, 0, 5, 8, 5, 0, 7, 9, 6, 8, 0, 8, 9, 8, 0, 0, 6, 9, 0, 0, 10, 0, 6, 8, 10, 7, 0, 0, 8, 0, 0, 0, 0, 8, 0, 8, 0, 9, 0, 6, 6, 0, 0, 7, 9, : 6, 9, 9, 8, 5, 11, 8, 9, 6, 8, 9, 5, 9, 9, 9, 5, 7, 6, 5, 5, 8, 5, 7, 9, 6, 8, 8, 9, 8, 6, 9, 10, 6, 8, 10, 7, 8, 8, 8, 9, 6, 6, 7, 9, 
159: 7, 5, 7, 9, 5, 0, 0, 0, 0, 0, 9, 7, 11, 8, 0, 0, 4, 0, 0, 6, 8, 7, 9, 9, 0, 9, 8, 0, 0, 8, 0, 8, 9, 0, 8, 0, 11, 9, 0, 0, 8, 6, 0, 0, 0, 4, 8, 0, 0, 0, 8, 9, 0, 0, 0, 0, 7, 0, 0, 8, 0, 8, 0, 0, 10, 0, 8, 0, 0, 0, 0, 0, 0, 0, 8, 0, 8, 9, 0, 5, : 7, 5, 7, 9, 5, 9, 7, 11, 8, 4, 6, 8, 7, 9, 9, 9, 8, 8, 8, 9, 8, 11, 9, 8, 6, 4, 8, 8, 9, 7, 8, 8, 10, 8, 8, 8, 9, 5, 
214: 7, 0, 0, 0, 0, 0, 0, 0, 0, 0, 0, 7, 9, 0, 0, 0, 0, 5, 9, 9, 0, 9, 0, 0, 0, 7, 8, 9, 5, 9, 10, 0, 8, 0, 7, 0, 8, 9, 8, 0, 0, 6, 8, 7, 0, 9, 5, 0, 0, 5, 0, 8, 0, 9, 0, 8, 5, 0, 0, 7, 8, 10, 8, 0, 8, 8, 8, 0, 0, 8, 0, 0, 0, 0, 0, 0, 0, 6, 6, 0, : 7, 7, 9, 5, 9, 9, 9, 7, 8, 9, 5, 9, 10, 8, 7, 8, 9, 8, 6, 8, 7, 9, 5, 5, 8, 9, 8, 5, 7, 8, 10, 8, 8, 8, 8, 8, 6, 6, 
170: 11, 8, 0, 0, 9, 0, 9, 8, 8, 0, 0, 9, 10, 0, 8, 10, 5, 0, 0, 6, 0, 8, 6, 0, 5, 9, 0, 0, 8, 8, 0, 0, 0, 0, 0, 0, 0, 0, 9, 0, 5, 0, 0, 6, 0, 0, 0, 8, 8, 7, 5, 0, 8, 0, 6, 0, 0, 0, 8, 0, 0, 6, 0, 7, 8, 8, 0, 0, 7, 8, 0, 0, 8, 6, 8, 0, 7, 0, 8, 0, : 11, 8, 9, 9, 8, 8, 9, 10, 8, 10, 5, 6, 8, 6, 5, 9, 8, 8, 9, 5, 6, 8, 8, 7, 5, 8, 6, 8, 6, 7, 8, 8, 7, 8, 8, 6, 8, 7, 8, 
573: 0, 0, 0, 0, 0, 11, 9, 10, 9, 7, 0, 0, 0, 0, 7, 6, 0, 0, 0, 7, 0, 0, 6, 8, 0, 8, 0, 7, 8, 0, 6, 9, 0, 0, 0, 0, 0, 0, 9, 0, 8, 10, 5, 0, 8, 6, 5, 0, 8, 7, 0, 0, 0, 0, 7, 0, 7, 0, 8, 0, 6, 0, 0, 8, 5, 7, 7, 0, 0, 9, 7, 9, 6, 8, 0, 9, 0, 8, 0, 8, : 11, 9, 10, 9, 7, 7, 6, 7, 6, 8, 8, 7, 8, 6, 9, 9, 8, 10, 5, 8, 6, 5, 8, 7, 7, 7, 8, 6, 8, 5, 7, 7, 9, 7, 9, 6, 8, 9, 8, 8, 
678: 7, 0, 7, 0, 9, 6, 6, 8, 8, 0, 6, 0, 0, 0, 0, 10, 0, 8, 6, 8, 7, 9, 0, 9, 0, 0, 9, 9, 0, 6, 7, 0, 0, 0, 0, 9, 9, 8, 0, 7, 7, 0, 7, 0, 9, 6, 0, 0, 6, 8, 0, 7, 0, 6, 9, 0, 5, 0, 10, 8, 0, 0, 0, 0, 0, 0, 8, 0, 7, 0, 0, 8, 7, 8, 9, 0, 9, 0, 0, 8, : 7, 7, 9, 6, 6, 8, 8, 6, 10, 8, 6, 8, 7, 9, 9, 9, 9, 6, 7, 9, 9, 8, 7, 7, 7, 9, 6, 6, 8, 7, 6, 9, 5, 10, 8, 8, 7, 8, 7, 8, 9, 9, 8, 
744: 9, 0, 5, 10, 0, 7, 10, 0, 8, 6, 8, 0, 0, 6, 0, 7, 9, 0, 5, 8, 8, 4, 9, 0, 8, 0, 8, 6, 8, 0, 0, 10, 0, 10, 0, 0, 7, 0, 8, 6, 8, 0, 0, 0, 0, 9, 0, 10, 0, 0, 0, 0, 0, 0, 6, 5, 8, 9, 0, 0, 0, 9, 0, 0, 0, 0, 8, 7, 0, 0, 0, 8, 0, 7, 0, 0, 8, 9, 0, 7, : 9, 5, 10, 7, 10, 8, 6, 8, 6, 7, 9, 5, 8, 8, 4, 9, 8, 8, 6, 8, 10, 10, 7, 8, 6, 8, 9, 10, 6, 5, 8, 9, 9, 8, 7, 8, 7, 8, 9, 7, 
116: 0, 0, 0, 0, 6, 0, 8, 0, 7, 0, 8, 8, 0, 0, 6, 6, 6, 0, 8, 5, 0, 0, 7, 0, 9, 8, 0, 0, 6, 0, 0, 8, 9, 0, 6, 0, 0, 0, 0, 0, 6, 0, 10, 0, 0, 0, 0, 7, 6, 0, 0, 8, 8, 0, 0, 0, 0, 0, 0, 11, 0, 0, 0, 0, 0, 0, 7, 0, 0, 8, 0, 8, 0, 9, 0, 9, 0, 7, 8, 0, : 6, 8, 7, 8, 8, 6, 6, 6, 8, 5, 7, 9, 8, 6, 8, 9, 6, 6, 10, 7, 6, 8, 8, 11, 7, 8, 8, 9, 9, 7, 8, 
216: 6, 8, 11, 6, 0, 8, 7, 0, 8, 0, 0, 8, 0, 0, 9, 8, 7, 0, 0, 0, 0, 0, 0, 6, 8, 8, 7, 6, 9, 0, 0, 0, 7, 7, 0, 9, 0, 11, 0, 8, 11, 0, 0, 7, 7, 0, 0, 0, 8, 7, 7, 8, 9, 5, 0, 8, 8, 5, 5, 6, 0, 0, 9, 0, 0, 8, 0, 8, 5, 9, 0, 0, 0, 8, 0, 8, 0, 8, 0, 8, : 6, 8, 11, 6, 8, 7, 8, 8, 9, 8, 7, 6, 8, 8, 7, 6, 9, 7, 7, 9, 11, 8, 11, 7, 7, 8, 7, 7, 8, 9, 5, 8, 8, 5, 5, 6, 9, 8, 8, 5, 9, 8, 8, 8, 8, 
766: 0, 0, 0, 0, 0, 8, 0, 0, 8, 8, 8, 8, 0, 7, 0, 0, 8, 8, 8, 8, 0, 0, 10, 0, 0, 0, 9, 7, 0, 0, 0, 6, 0, 7, 0, 0, 0, 8, 0, 6, 0, 0, 10, 0, 0, 9, 9, 0, 0, 8, 0, 7, 0, 7, 9, 9, 0, 0, 0, 8, 0, 6, 0, 0, 8, 0, 0, 7, 0, 0, 0, 9, 0, 0, 6, 0, 0, 0, 6, 6, : 8, 8, 8, 8, 8, 7, 8, 8, 8, 8, 10, 9, 7, 6, 7, 8, 6, 10, 9, 9, 8, 7, 7, 9, 9, 8, 6, 8, 7, 9, 6, 6, 6, 
154: 0, 0, 0, 8, 0, 0, 8, 7, 8, 0, 0, 8, 9, 0, 0, 7, 0, 0, 6, 7, 0, 0, 9, 8, 0, 10, 0, 10, 4, 0, 0, 0, 9, 7, 9, 0, 9, 8, 9, 8, 8, 5, 7, 0, 0, 6, 8, 0, 0, 0, 9, 0, 7, 9, 6, 7, 0, 5, 7, 0, 10, 5, 0, 0, 0, 0, 0, 8, 0, 0, 9, 0, 8, 9, 7, 8, 8, 0, 0, 0, : 8, 8, 7, 8, 8, 9, 7, 6, 7, 9, 8, 10, 10, 4, 9, 7, 9, 9, 8, 9, 8, 8, 5, 7, 6, 8, 9, 7, 9, 6, 7, 5, 7, 10, 5, 8, 9, 8, 9, 7, 8, 8, 
35: 7, 0, 9, 7, 0, 0, 0, 6, 5, 10, 5, 7, 10, 0, 8, 0, 0, 6, 0, 8, 0, 0, 4, 0, 0, 5, 0, 0, 6, 0, 7, 0, 8, 0, 10, 0, 0, 9, 7, 11, 5, 8, 0, 5, 0, 9, 10, 8, 0, 8, 0, 7, 0, 9, 6, 6, 0, 0, 8, 0, 0, 0, 9, 7, 0, 0, 0, 8, 7, 7, 6, 8, 8, 7, 9, 0, 7, 8, 0, 0, : 7, 9, 7, 6, 5, 10, 5, 7, 10, 8, 6, 8, 4, 5, 6, 7, 8, 10, 9, 7, 11, 5, 8, 5, 9, 10, 8, 8, 7, 9, 6, 6, 8, 9, 7, 8, 7, 7, 6, 8, 8, 7, 9, 7, 8, 
463: 7, 6, 8, 7, 0, 10, 8, 0, 7, 5, 6, 5, 0, 0, 0, 0, 9, 0, 8, 6, 0, 7, 0, 0, 9, 10, 8, 7, 0, 0, 0, 0, 0, 0, 0, 9, 8, 5, 7, 0, 7, 0, 0, 10, 0, 0, 0, 0, 0, 0, 8, 0, 10, 0, 8, 0, 0, 8, 10, 0, 0, 0, 0, 0, 6, 6, 0, 0, 0, 0, 0, 8, 6, 9, 8, 8, 0, 0, 0, 7, : 7, 6, 8, 7, 10, 8, 7, 5, 6, 5, 9, 8, 6, 7, 9, 10, 8, 7, 9, 8, 5, 7, 7, 10, 8, 10, 8, 8, 10, 6, 6, 8, 6, 9, 8, 8, 7, 
359: 0, 0, 6, 0, 0, 0, 0, 0, 0, 0, 5, 0, 0, 10, 10, 0, 0, 8, 0, 0, 7, 0, 0, 9, 7, 6, 7, 0, 0, 8, 0, 0, 10, 8, 0, 9, 0, 7, 0, 6, 0, 10, 6, 0, 0, 9, 8, 5, 7, 0, 9, 0, 0, 0, 0, 7, 6, 0, 0, 0, 0, 8, 0, 0, 0, 8, 7, 0, 0, 0, 0, 0, 9, 0, 0, 0, 7, 5, 0, 0, : 6, 5, 10, 10, 8, 7, 9, 7, 6, 7, 8, 10, 8, 9, 7, 6, 10, 6, 9, 8, 5, 7, 9, 7, 6, 8, 8, 7, 9, 7, 5, 
456: 10, 0, 0, 7, 0, 0, 6, 9, 7, 0, 10, 9, 0, 0, 0, 0, 0, 8, 0, 0, 8, 9, 6, 8, 10, 0, 6, 0, 0, 0, 7, 0, 0, 7, 9, 0, 9, 0, 0, 0, 0, 0, 7, 0, 0, 8, 10, 7, 8, 0, 9, 9, 7, 5, 0, 8, 5, 7, 10, 0, 0, 8, 9, 0, 8, 0, 8, 6, 0, 8, 0, 0, 8, 9, 0, 7, 9, 8, 9, 7, : 10, 7, 6, 9, 7, 10, 9, 8, 8, 9, 6, 8, 10, 6, 7, 7, 9, 9, 7, 8, 10, 7, 8, 9, 9, 7, 5, 8, 5, 7, 10, 8, 9, 8, 8, 6, 8, 8, 9, 7, 9, 8, 9, 7, 
432: 9, 9, 7, 0, 7, 6, 0, 7, 6, 0, 7, 0, 6, 7, 0, 8, 0, 0, 0, 10, 6, 7, 8, 0, 8, 9, 7, 0, 0, 0, 10, 0, 0, 0, 5, 6, 8, 6, 0, 0, 6, 0, 8, 6, 0, 9, 0, 10, 0, 0, 9, 0, 0, 6, 0, 0, 8, 0, 6, 0, 8, 0, 7, 8, 7, 9, 0, 8, 0, 0, 0, 0, 0, 0, 0, 0, 0, 0, 8, 8, : 9, 9, 7, 7, 6, 7, 6, 7, 6, 7, 8, 10, 6, 7, 8, 8, 9, 7, 10, 5, 6, 8, 6, 6, 8, 6, 9, 10, 9, 6, 8, 6, 8, 7, 8, 7, 9, 8, 8, 8, 
367: 8, 7, 8, 0, 8, 6, 0, 0, 6, 9, 0, 0, 7, 8, 6, 0, 6, 8, 0, 0, 6, 0, 0, 0, 9, 0, 0, 0, 8, 6, 0, 10, 0, 9, 0, 0, 8, 5, 0, 0, 10, 0, 9, 6, 10, 0, 6, 0, 6, 7, 0, 0, 0, 7, 0, 0, 0, 0, 5, 0, 8, 0, 0, 6, 8, 9, 0, 0, 0, 8, 7, 0, 7, 0, 9, 0, 9, 0, 5, 8, : 8, 7, 8, 8, 6, 6, 9, 7, 8, 6, 6, 8, 6, 9, 8, 6, 10, 9, 8, 5, 10, 9, 6, 10, 6, 6, 7, 7, 5, 8, 6, 8, 9, 8, 7, 7, 9, 9, 5, 8, 
287: 0, 11, 0, 7, 8, 0, 10, 10, 0, 7, 9, 7, 0, 0, 9, 0, 8, 8, 0, 9, 11, 8, 8, 0, 10, 8, 0, 0, 7, 6, 9, 8, 6, 10, 0, 5, 7, 8, 6, 0, 0, 10, 9, 0, 0, 0, 8, 0, 0, 9, 0, 0, 0, 7, 0, 0, 0, 0, 0, 0, 11, 8, 11, 0, 7, 0, 0, 8, 8, 0, 0, 6, 0, 0, 0, 0, 7, 0, 0, 9, : 11, 7, 8, 10, 10, 7, 9, 7, 9, 8, 8, 9, 11, 8, 8, 10, 8, 7, 6, 9, 8, 6, 10, 5, 7, 8, 6, 10, 9, 8, 9, 7, 11, 8, 11, 7, 8, 8, 6, 7, 9, 
366: 6, 0, 7, 8, 0, 7, 5, 0, 0, 9, 8, 8, 6, 9, 0, 9, 7, 0, 5, 8, 4, 9, 0, 0, 7, 0, 0, 0, 9, 0, 0, 0, 0, 6, 0, 0, 0, 8, 10, 0, 0, 0, 0, 7, 0, 0, 8, 0, 6, 0, 0, 0, 8, 0, 8, 0, 0, 6, 0, 5, 0, 0, 8, 0, 0, 0, 0, 8, 0, 0, 0, 9, 0, 0, 8, 9, 0, 6, 0, 0, : 6, 7, 8, 7, 5, 9, 8, 8, 6, 9, 9, 7, 5, 8, 4, 9, 7, 9, 6, 8, 10, 7, 8, 6, 8, 8, 6, 5, 8, 8, 9, 8, 9, 6, 
739: 0, 10, 0, 0, 0, 0, 8, 8, 0, 0, 6, 6, 9, 0, 0, 0, 0, 0, 9, 6, 0, 0, 8, 0, 0, 0, 10, 5, 0, 0, 0, 0, 8, 0, 7, 8, 0, 0, 5, 7, 0, 7, 11, 0, 0, 10, 0, 0, 9, 9, 0, 0, 9, 7, 8, 0, 8, 0, 0, 9, 8, 7, 7, 0, 0, 7, 0, 8, 7, 0, 9, 0, 0, 0, 0, 0, 8, 0, 0, 6, : 10, 8, 8, 6, 6, 9, 9, 6, 8, 10, 5, 8, 7, 8, 5, 7, 7, 11, 10, 9, 9, 9, 7, 8, 8, 9, 8, 7, 7, 7, 8, 7, 9, 8, 6, 
454: 8, 0, 0, 8, 10, 0, 0, 7, 0, 5, 0, 0, 9, 9, 0, 9, 0, 9, 0, 9, 0, 0, 0, 0, 0, 0, 5, 0, 8, 8, 0, 0, 0, 7, 0, 9, 7, 0, 7, 0, 0, 7, 9, 6, 0, 0, 8, 0, 0, 0, 8, 0, 8, 9, 0, 8, 0, 10, 9, 0, 0, 8, 0, 0, 8, 9, 8, 0, 0, 0, 8, 0, 6, 0, 8, 5, 7, 0, 0, 0, : 8, 8, 10, 7, 5, 9, 9, 9, 9, 9, 5, 8, 8, 7, 9, 7, 7, 7, 9, 6, 8, 8, 8, 9, 8, 10, 9, 8, 8, 9, 8, 8, 6, 8, 5, 7, 
484: 6, 10, 6, 7, 7, 8, 0, 5, 7, 7, 9, 9, 0, 9, 6, 6, 9, 0, 0, 0, 0, 9, 8, 0, 7, 8, 0, 0, 7, 6, 7, 8, 0, 0, 8, 6, 9, 0, 0, 0, 0, 0, 0, 0, 10, 8, 0, 0, 5, 0, 0, 7, 0, 8, 9, 0, 0, 8, 0, 7, 8, 0, 0, 0, 0, 8, 0, 0, 0, 7, 8, 0, 0, 0, 8, 0, 0, 0, 0, 0, : 6, 10, 6, 7, 7, 8, 5, 7, 7, 9, 9, 9, 6, 6, 9, 9, 8, 7, 8, 7, 6, 7, 8, 8, 6, 9, 10, 8, 5, 7, 8, 9, 8, 7, 8, 8, 7, 8, 8, 
499: 0, 6, 0, 10, 0, 8, 0, 0, 7, 7, 0, 0, 10, 0, 8, 0, 10, 10, 0, 0, 4, 6, 0, 8, 9, 0, 0, 0, 0, 10, 6, 0, 0, 0, 0, 0, 0, 0, 7, 10, 0, 7, 0, 0, 10, 0, 0, 7, 0, 0, 0, 0, 9, 6, 0, 6, 8, 0, 0, 0, 8, 0, 9, 8, 8, 0, 0, 8, 0, 8, 6, 5, 9, 9, 7, 0, 0, 7, 0, 8, : 6, 10, 8, 7, 7, 10, 8, 10, 10, 4, 6, 8, 9, 10, 6, 7, 10, 7, 10, 7, 9, 6, 6, 8, 8, 9, 8, 8, 8, 8, 6, 5, 9, 9, 7, 7, 8, 
761: 7, 0, 0, 0, 10, 6, 0, 0, 0, 0, 0, 0, 0, 6, 0, 8, 0, 0, 0, 0, 0, 7, 7, 8, 0, 9, 0, 0, 0, 10, 0, 0, 0, 0, 7, 9, 0, 8, 0, 10, 6, 0, 0, 8, 0, 9, 10, 7, 0, 0, 0, 8, 0, 9, 9, 8, 9, 0, 0, 7, 6, 0, 8, 8, 9, 0, 0, 9, 9, 9, 0, 0, 8, 0, 5, 7, 8, 0, 0, 8, : 7, 10, 6, 6, 8, 7, 7, 8, 9, 10, 7, 9, 8, 10, 6, 8, 9, 10, 7, 8, 9, 9, 8, 9, 7, 6, 8, 8, 9, 9, 9, 9, 8, 5, 7, 8, 8, 
26: 0, 0, 11, 8, 6, 6, 9, 8, 10, 0, 0, 0, 0, 0, 10, 0, 0, 0, 0, 0, 8, 0, 0, 8, 8, 0, 10, 7, 6, 10, 0, 10, 7, 6, 10, 0, 0, 0, 0, 0, 0, 0, 8, 10, 0, 0, 0, 6, 10, 8, 0, 0, 6, 0, 7, 0, 8, 9, 0, 7, 6, 7, 10, 0, 0, 7, 0, 8, 0, 0, 0, 0, 0, 9, 7, 0, 0, 7, 0, 9, : 11, 8, 6, 6, 9, 8, 10, 10, 8, 8, 8, 10, 7, 6, 10, 10, 7, 6, 10, 8, 10, 6, 10, 8, 6, 7, 8, 9, 7, 6, 7, 10, 7, 8, 9, 7, 7, 9, 
17: 8, 9, 0, 0, 0, 6, 0, 0, 0, 0, 7, 10, 0, 0, 5, 7, 0, 0, 0, 0, 0, 0, 9, 6, 0, 7, 0, 0, 0, 10, 6, 0, 0, 5, 5, 0, 0, 0, 8, 6, 0, 10, 0, 0, 8, 5, 0, 0, 0, 9, 8, 0, 0, 6, 0, 0, 0, 8, 0, 7, 6, 9, 0, 9, 0, 8, 9, 0, 8, 0, 0, 0, 0, 0, 8, 0, 8, 0, 7, 0, : 8, 9, 6, 7, 10, 5, 7, 9, 6, 7, 10, 6, 5, 5, 8, 6, 10, 8, 5, 9, 8, 6, 8, 7, 6, 9, 9, 8, 9, 8, 8, 8, 7, 
388: 0, 8, 0, 0, 0, 0, 8, 7, 5, 6, 9, 0, 0, 7, 7, 10, 0, 0, 0, 0, 0, 0, 0, 7, 0, 8, 0, 10, 7, 0, 6, 6, 9, 8, 6, 5, 8, 0, 5, 9, 0, 0, 0, 8, 5, 9, 0, 0, 0, 0, 0, 0, 7, 9, 0, 9, 0, 0, 0, 9, 0, 0, 7, 10, 0, 0, 0, 0, 8, 0, 7, 0, 0, 0, 0, 9, 8, 0, 0, 0, : 8, 8, 7, 5, 6, 9, 7, 7, 10, 7, 8, 10, 7, 6, 6, 9, 8, 6, 5, 8, 5, 9, 8, 5, 9, 7, 9, 9, 9, 7, 10, 8, 7, 9, 8, 
386: 0, 8, 0, 10, 0, 9, 0, 9, 0, 8, 0, 0, 8, 0, 8, 7, 0, 0, 7, 0, 0, 10, 0, 8, 0, 7, 10, 9, 7, 0, 0, 0, 7, 9, 10, 0, 0, 8, 5, 0, 0, 0, 0, 9, 0, 6, 0, 8, 9, 8, 7, 6, 9, 7, 0, 0, 0, 0, 8, 0, 0, 7, 8, 0, 0, 0, 7, 0, 0, 7, 0, 0, 7, 0, 0, 0, 0, 7, 7, 8, : 8, 10, 9, 9, 8, 8, 8, 7, 7, 10, 8, 7, 10, 9, 7, 7, 9, 10, 8, 5, 9, 6, 8, 9, 8, 7, 6, 9, 7, 8, 7, 8, 7, 7, 7, 7, 7, 8, 
605: 0, 10, 0, 6, 0, 8, 0, 0, 0, 7, 0, 6, 8, 7, 8, 0, 7, 7, 0, 0, 0, 0, 5, 0, 0, 7, 0, 5, 9, 0, 0, 0, 7, 5, 8, 0, 0, 0, 0, 0, 7, 0, 0, 0, 0, 9, 6, 0, 9, 9, 0, 8, 0, 9, 7, 0, 0, 0, 8, 0, 7, 0, 0, 10, 9, 6, 9, 0, 0, 0, 8, 7, 0, 8, 0, 0, 0, 6, 0, 0, : 10, 6, 8, 7, 6, 8, 7, 8, 7, 7, 5, 7, 5, 9, 7, 5, 8, 7, 9, 6, 9, 9, 8, 9, 7, 8, 7, 10, 9, 6, 9, 8, 7, 8, 6, 
272: 0, 9, 8, 9, 0, 0, 7, 9, 0, 0, 0, 6, 0, 7, 8, 0, 6, 8, 0, 10, 7, 0, 0, 0, 6, 8, 0, 0, 0, 0, 8, 7, 0, 0, 9, 7, 0, 0, 0, 0, 10, 9, 11, 0, 0, 8, 9, 0, 9, 6, 0, 6, 10, 9, 5, 0, 0, 0, 0, 8, 9, 0, 0, 0, 9, 0, 8, 0, 0, 6, 0, 8, 6, 0, 8, 0, 0, 0, 9, 8, : 9, 8, 9, 7, 9, 6, 7, 8, 6, 8, 10, 7, 6, 8, 8, 7, 9, 7, 10, 9, 11, 8, 9, 9, 6, 6, 10, 9, 5, 8, 9, 9, 8, 6, 8, 6, 8, 9, 8, 
196: 0, 7, 0, 10, 0, 6, 6, 0, 0, 0, 0, 8, 7, 0, 0, 8, 0, 11, 0, 9, 0, 0, 10, 9, 9, 0, 7, 10, 0, 0, 7, 0, 0, 7, 10, 6, 7, 7, 9, 7, 0, 7, 7, 0, 9, 10, 0, 0, 0, 0, 9, 0, 6, 0, 0, 6, 0, 0, 7, 7, 11, 0, 0, 7, 8, 0, 0, 8, 0, 7, 0, 7, 0, 7, 7, 7, 0, 7, 0, 0, : 7, 10, 6, 6, 8, 7, 8, 11, 9, 10, 9, 9, 7, 10, 7, 7, 10, 6, 7, 7, 9, 7, 7, 7, 9, 10, 9, 6, 6, 7, 7, 11, 7, 8, 8, 7, 7, 7, 7, 7, 7, 
470: 0, 10, 10, 0, 0, 0, 0, 7, 0, 9, 0, 0, 0, 0, 5, 0, 10, 10, 7, 9, 7, 8, 8, 0, 0, 0, 0, 0, 0, 0, 0, 0, 10, 8, 0, 0, 6, 0, 6, 7, 11, 0, 0, 9, 0, 8, 9, 9, 10, 0, 9, 8, 0, 0, 0, 9, 9, 9, 8, 0, 8, 6, 0, 7, 0, 8, 0, 9, 0, 9, 8, 7, 8, 0, 0, 0, 8, 9, 8, 0, : 10, 10, 7, 9, 5, 10, 10, 7, 9, 7, 8, 8, 10, 8, 6, 6, 7, 11, 9, 8, 9, 9, 10, 9, 8, 9, 9, 9, 8, 8, 6, 7, 8, 9, 9, 8, 7, 8, 8, 9, 8, 
41: 0, 6, 0, 0, 0, 0, 0, 0, 0, 10, 0, 7, 9, 6, 6, 0, 8, 0, 0, 0, 0, 7, 9, 0, 0, 0, 8, 0, 5, 11, 0, 10, 5, 0, 8, 0, 5, 7, 0, 0, 8, 7, 8, 8, 4, 0, 10, 7, 9, 5, 9, 0, 0, 9, 7, 7, 0, 8, 0, 8, 7, 0, 0, 7, 7, 0, 8, 9, 8, 0, 8, 7, 0, 8, 0, 9, 6, 0, 7, 0, : 6, 10, 7, 9, 6, 6, 8, 7, 9, 8, 5, 11, 10, 5, 8, 5, 7, 8, 7, 8, 8, 4, 10, 7, 9, 5, 9, 9, 7, 7, 8, 8, 7, 7, 7, 8, 9, 8, 8, 7, 8, 9, 6, 7, 
291: 8, 8, 8, 8, 0, 9, 9, 0, 0, 8, 7, 5, 7, 0, 9, 5, 9, 0, 7, 7, 6, 0, 0, 0, 8, 8, 7, 0, 0, 6, 7, 0, 0, 0, 0, 8, 0, 0, 9, 0, 0, 0, 6, 8, 8, 0, 0, 0, 0, 10, 8, 9, 0, 7, 0, 9, 0, 9, 7, 0, 7, 6, 8, 0, 0, 0, 0, 0, 0, 8, 7, 0, 0, 0, 0, 0, 0, 0, 9, 0, : 8, 8, 8, 8, 9, 9, 8, 7, 5, 7, 9, 5, 9, 7, 7, 6, 8, 8, 7, 6, 7, 8, 9, 6, 8, 8, 10, 8, 9, 7, 9, 9, 7, 7, 6, 8, 8, 7, 9, 
751: 0, 0, 0, 0, 0, 0, 9, 6, 10, 10, 8, 0, 0, 0, 0, 9, 8, 0, 0, 0, 0, 9, 9, 7, 0, 8, 8, 0, 0, 0, 0, 0, 0, 0, 0, 11, 9, 7, 0, 5, 0, 6, 8, 7, 8, 0, 6, 6, 9, 0, 0, 0, 7, 9, 0, 0, 0, 0, 9, 5, 0, 9, 0, 0, 6, 5, 7, 7, 9, 5, 0, 0, 0, 0, 7, 8, 8, 0, 0, 8, : 9, 6, 10, 10, 8, 9, 8, 9, 9, 7, 8, 8, 11, 9, 7, 5, 6, 8, 7, 8, 6, 6, 9, 7, 9, 9, 5, 9, 6, 5, 7, 7, 9, 5, 7, 8, 8, 8, 
517: 0, 0, 0, 9, 9, 0, 10, 8, 7, 0, 0, 9, 9, 8, 0, 6, 9, 0, 7, 0, 10, 8, 0, 7, 0, 0, 0, 8, 6, 0, 7, 0, 0, 8, 0, 8, 9, 7, 10, 0, 0, 0, 0, 0, 8, 0, 0, 9, 7, 0, 8, 8, 6, 0, 0, 7, 6, 8, 7, 10, 10, 0, 7, 0, 0, 9, 9, 5, 7, 8, 0, 0, 7, 8, 8, 9, 0, 0, 6, 0, : 9, 9, 10, 8, 7, 9, 9, 8, 6, 9, 7, 10, 8, 7, 8, 6, 7, 8, 8, 9, 7, 10, 8, 9, 7, 8, 8, 6, 7, 6, 8, 7, 10, 10, 7, 9, 9, 5, 7, 8, 7, 8, 8, 9, 6, 
355: 8, 0, 6, 0, 8, 9, 0, 8, 0, 0, 0, 0, 6, 0, 0, 10, 7, 7, 0, 0, 0, 10, 0, 9, 5, 8, 0, 7, 10, 0, 0, 0, 7, 0, 4, 9, 7, 0, 0, 0, 0, 5, 0, 11, 0, 9, 5, 9, 0, 0, 9, 0, 0, 0, 7, 9, 9, 8, 0, 0, 0, 0, 0, 6, 0, 0, 8, 8, 7, 9, 8, 8, 0, 0, 0, 9, 7, 9, 0, 7, : 8, 6, 8, 9, 8, 6, 10, 7, 7, 10, 9, 5, 8, 7, 10, 7, 4, 9, 7, 5, 11, 9, 5, 9, 9, 7, 9, 9, 8, 6, 8, 8, 7, 9, 8, 8, 9, 7, 9, 7, 
204: 0, 7, 0, 9, 0, 8, 7, 7, 8, 8, 8, 0, 8, 7, 0, 6, 0, 9, 8, 8, 0, 4, 0, 8, 0, 6, 0, 0, 8, 8, 0, 5, 6, 0, 0, 0, 0, 0, 0, 0, 6, 10, 8, 0, 0, 7, 0, 0, 0, 9, 0, 8, 0, 8, 0, 0, 8, 9, 0, 8, 0, 7, 7, 8, 8, 0, 7, 7, 7, 7, 8, 0, 8, 0, 9, 0, 0, 0, 0, 9, : 7, 9, 8, 7, 7, 8, 8, 8, 8, 7, 6, 9, 8, 8, 4, 8, 6, 8, 8, 5, 6, 6, 10, 8, 7, 9, 8, 8, 8, 9, 8, 7, 7, 8, 8, 7, 7, 7, 7, 8, 8, 9, 9, 
583: 10, 0, 0, 0, 6, 0, 0, 8, 0, 0, 10, 10, 8, 9, 10, 7, 8, 8, 0, 0, 8, 0, 0, 9, 10, 0, 6, 9, 0, 8, 8, 0, 6, 0, 6, 0, 8, 9, 8, 8, 8, 8, 0, 8, 10, 7, 6, 8, 0, 7, 0, 8, 0, 0, 0, 7, 10, 10, 6, 7, 0, 7, 0, 7, 7, 0, 8, 8, 9, 0, 8, 9, 0, 0, 0, 9, 0, 0, 8, 0, : 10, 6, 8, 10, 10, 8, 9, 10, 7, 8, 8, 8, 9, 10, 6, 9, 8, 8, 6, 6, 8, 9, 8, 8, 8, 8, 8, 10, 7, 6, 8, 7, 8, 7, 10, 10, 6, 7, 7, 7, 7, 8, 8, 9, 8, 9, 9, 8, 
172: 0, 9, 8, 9, 6, 9, 0, 6, 8, 8, 0, 0, 0, 0, 7, 8, 8, 6, 9, 0, 9, 0, 0, 0, 0, 0, 0, 10, 0, 0, 0, 0, 0, 9, 0, 8, 5, 5, 0, 9, 0, 8, 0, 9, 5, 8, 0, 8, 8, 0, 0, 0, 7, 0, 6, 0, 0, 9, 0, 6, 0, 0, 7, 9, 8, 7, 8, 8, 0, 0, 8, 0, 8, 9, 0, 0, 6, 8, 8, 9, : 9, 8, 9, 6, 9, 6, 8, 8, 7, 8, 8, 6, 9, 9, 10, 9, 8, 5, 5, 9, 8, 9, 5, 8, 8, 8, 7, 6, 9, 6, 7, 9, 8, 7, 8, 8, 8, 8, 9, 6, 8, 8, 9, 
78: 0, 8, 0, 0, 10, 0, 10, 4, 7, 9, 7, 0, 0, 5, 6, 0, 6, 0, 0, 0, 0, 9, 6, 0, 8, 7, 0, 0, 7, 9, 5, 11, 10, 0, 0, 7, 9, 0, 7, 5, 8, 8, 0, 0, 6, 0, 10, 0, 8, 8, 9, 0, 0, 6, 10, 5, 7, 7, 7, 0, 6, 9, 0, 0, 7, 0, 8, 0, 8, 9, 6, 6, 8, 8, 0, 8, 9, 0, 8, 0, : 8, 10, 10, 4, 7, 9, 7, 5, 6, 6, 9, 6, 8, 7, 7, 9, 5, 11, 10, 7, 9, 7, 5, 8, 8, 6, 10, 8, 8, 9, 6, 10, 5, 7, 7, 7, 6, 9, 7, 8, 8, 9, 6, 6, 8, 8, 8, 9, 8, 
266: 0, 0, 0, 8, 0, 10, 10, 0, 0, 0, 8, 0, 9, 8, 0, 0, 0, 0, 0, 0, 9, 7, 0, 0, 0, 6, 0, 0, 10, 8, 10, 8, 5, 9, 0, 8, 5, 0, 0, 9, 8, 0, 5, 0, 0, 0, 6, 0, 10, 8, 7, 9, 5, 0, 5, 8, 0, 0, 0, 7, 7, 8, 7, 0, 9, 0, 5, 0, 0, 0, 8, 8, 8, 7, 7, 8, 0, 6, 8, 0, : 8, 10, 10, 8, 9, 8, 9, 7, 6, 10, 8, 10, 8, 5, 9, 8, 5, 9, 8, 5, 6, 10, 8, 7, 9, 5, 5, 8, 7, 7, 8, 7, 9, 5, 8, 8, 8, 7, 7, 8, 6, 8, 
776: 0, 0, 7, 0, 0, 0, 0, 9, 0, 9, 0, 8, 5, 0, 8, 0, 0, 0, 10, 0, 7, 6, 8, 0, 6, 8, 10, 7, 0, 0, 0, 0, 0, 0, 0, 0, 0, 0, 0, 7, 9, 10, 0, 6, 9, 0, 0, 0, 5, 0, 8, 0, 0, 0, 0, 0, 8, 8, 0, 10, 6, 7, 7, 8, 0, 0, 7, 0, 0, 8, 8, 0, 0, 8, 9, 0, 0, 0, 8, 7, : 7, 9, 9, 8, 5, 8, 10, 7, 6, 8, 6, 8, 10, 7, 7, 9, 10, 6, 9, 5, 8, 8, 8, 10, 6, 7, 7, 8, 7, 8, 8, 8, 9, 8, 7, 
549: 9, 0, 0, 6, 8, 0, 6, 0, 0, 0, 0, 7, 0, 0, 0, 5, 0, 5, 10, 0, 0, 0, 8, 0, 0, 0, 8, 0, 0, 0, 8, 0, 0, 0, 8, 6, 0, 0, 0, 9, 0, 0, 0, 0, 10, 0, 0, 0, 0, 8, 0, 7, 8, 0, 8, 0, 0, 5, 10, 0, 0, 0, 5, 9, 0, 10, 8, 8, 0, 0, 0, 0, 0, 0, 7, 0, 8, 8, 8, 0, : 9, 6, 8, 6, 7, 5, 5, 10, 8, 8, 8, 8, 6, 9, 10, 8, 7, 8, 8, 5, 10, 5, 9, 10, 8, 8, 7, 8, 8, 8, 
498: 9, 0, 6, 11, 9, 0, 0, 8, 0, 8, 5, 0, 0, 7, 7, 8, 7, 7, 8, 0, 9, 0, 0, 5, 0, 0, 7, 0, 0, 4, 9, 0, 0, 7, 10, 7, 0, 0, 0, 0, 0, 7, 7, 8, 0, 0, 0, 0, 0, 0, 8, 5, 7, 6, 9, 6, 10, 0, 9, 7, 6, 0, 8, 9, 0, 9, 0, 0, 7, 7, 0, 0, 8, 0, 8, 7, 9, 8, 9, 0, : 9, 6, 11, 9, 8, 8, 5, 7, 7, 8, 7, 7, 8, 9, 5, 7, 4, 9, 7, 10, 7, 7, 7, 8, 8, 5, 7, 6, 9, 6, 10, 9, 7, 6, 8, 9, 9, 7, 7, 8, 8, 7, 9, 8, 9, 
569: 0, 0, 7, 8, 6, 0, 0, 0, 0, 0, 7, 9, 0, 7, 6, 0, 11, 0, 0, 9, 0, 8, 0, 8, 0, 7, 6, 0, 0, 8, 10, 0, 7, 0, 0, 6, 0, 0, 7, 8, 7, 0, 8, 0, 0, 0, 0, 9, 0, 0, 8, 6, 0, 7, 0, 0, 7, 8, 0, 0, 0, 8, 0, 7, 0, 0, 8, 0, 0, 0, 0, 0, 0, 0, 7, 7, 0, 8, 0, 7, : 7, 8, 6, 7, 9, 7, 6, 11, 9, 8, 8, 7, 6, 8, 10, 7, 6, 7, 8, 7, 8, 9, 8, 6, 7, 7, 8, 8, 7, 8, 7, 7, 8, 7, 
682: 6, 7, 7, 0, 0, 8, 0, 0, 8, 0, 10, 0, 6, 0, 0, 5, 0, 9, 7, 8, 8, 9, 8, 9, 0, 0, 0, 0, 0, 0, 11, 11, 7, 0, 0, 0, 0, 10, 8, 0, 10, 8, 7, 0, 8, 0, 0, 0, 0, 6, 0, 0, 8, 0, 8, 9, 0, 0, 10, 7, 0, 7, 0, 8, 0, 8, 0, 8, 8, 6, 8, 0, 9, 8, 0, 8, 0, 9, 0, 8, : 6, 7, 7, 8, 8, 10, 6, 5, 9, 7, 8, 8, 9, 8, 9, 11, 11, 7, 10, 8, 10, 8, 7, 8, 6, 8, 8, 9, 10, 7, 7, 8, 8, 8, 8, 6, 8, 9, 8, 8, 9, 8, 
483: 0, 6, 10, 7, 7, 0, 0, 0, 9, 0, 0, 7, 7, 0, 0, 0, 8, 7, 0, 0, 0, 8, 0, 0, 8, 0, 8, 5, 8, 6, 7, 6, 8, 5, 7, 0, 0, 0, 0, 0, 0, 0, 8, 4, 0, 0, 8, 9, 7, 0, 0, 0, 5, 0, 0, 0, 0, 9, 0, 9, 0, 0, 8, 11, 8, 0, 0, 8, 7, 9, 0, 0, 0, 0, 9, 8, 0, 0, 9, 9, : 6, 10, 7, 7, 9, 7, 7, 8, 7, 8, 8, 8, 5, 8, 6, 7, 6, 8, 5, 7, 8, 4, 8, 9, 7, 5, 9, 9, 8, 11, 8, 8, 7, 9, 9, 8, 9, 9, 


636: 8, 0, 0, 6, 0, 10, 7, 0, 8, 0, 0, 9, 0, 4, 4, 9, 0, 9, 0, 0, 0, 0, 8, 7, 0, 0, 10, 6, 0, 9, 0, 0, 7, 9, 10, 10, 6, 8, 0, 7, 0, 5, 7, 9, 0, 7, 8, 0, 8, 0, 10, 0, 0, 7, 6, 10, 0, 8, 9, 0, 0, 0, 0, 0, 8, 0, 8, 0, 8, 6, 0, 0, 0, 0, 7, 0, 7, 8, 0, 7, : 8, 6, 10, 7, 8, 9, 4, 4, 9, 9, 8, 7, 10, 6, 9, 7, 9, 10, 10, 6, 8, 7, 5, 7, 9, 7, 8, 8, 10, 7, 6, 10, 8, 9, 8, 8, 8, 6, 7, 7, 8, 7, 
191: 0, 8, 0, 0, 6, 6, 0, 5, 0, 0, 8, 0, 0, 10, 0, 0, 9, 0, 0, 0, 9, 0, 6, 9, 0, 10, 0, 5, 0, 10, 0, 0, 7, 0, 7, 0, 8, 8, 0, 9, 0, 0, 0, 7, 8, 8, 8, 9, 0, 8, 0, 0, 7, 0, 9, 8, 0, 9, 0, 6, 7, 0, 9, 0, 0, 8, 0, 7, 0, 0, 0, 0, 0, 7, 9, 0, 0, 0, 0, 5, : 8, 6, 6, 5, 8, 10, 9, 9, 6, 9, 10, 5, 10, 7, 7, 8, 8, 9, 7, 8, 8, 8, 9, 8, 7, 9, 8, 9, 6, 7, 9, 8, 7, 7, 9, 5, 
323: 0, 10, 8, 6, 8, 0, 0, 7, 0, 0, 0, 0, 0, 0, 0, 0, 0, 0, 10, 6, 9, 0, 6, 0, 0, 9, 0, 7, 7, 0, 8, 7, 0, 0, 0, 0, 7, 7, 0, 0, 0, 0, 0, 0, 0, 7, 5, 0, 6, 0, 8, 8, 0, 9, 8, 6, 10, 8, 7, 0, 0, 0, 5, 0, 0, 0, 0, 0, 0, 0, 7, 0, 8, 8, 0, 0, 8, 7, 0, 0, : 10, 8, 6, 8, 7, 10, 6, 9, 6, 9, 7, 7, 8, 7, 7, 7, 7, 5, 6, 8, 8, 9, 8, 6, 10, 8, 7, 5, 7, 8, 8, 8, 7, 
66: 0, 0, 7, 0, 0, 0, 8, 0, 0, 6, 10, 9, 9, 6, 0, 0, 0, 10, 8, 0, 0, 0, 6, 8, 0, 7, 7, 0, 7, 10, 0, 7, 0, 8, 0, 8, 0, 0, 0, 0, 0, 10, 8, 7, 0, 0, 0, 10, 0, 0, 7, 0, 7, 9, 0, 7, 7, 0, 6, 7, 5, 5, 9, 8, 0, 0, 0, 0, 7, 8, 8, 7, 0, 0, 0, 8, 7, 7, 0, 8, : 7, 8, 6, 10, 9, 9, 6, 10, 8, 6, 8, 7, 7, 7, 10, 7, 8, 8, 10, 8, 7, 10, 7, 7, 9, 7, 7, 6, 7, 5, 5, 9, 8, 7, 8, 8, 7, 8, 7, 7, 8, 
61: 0, 0, 8, 0, 8, 9, 0, 8, 7, 6, 8, 6, 0, 7, 7, 0, 0, 0, 0, 0, 10, 0, 10, 0, 0, 5, 0, 8, 9, 0, 0, 6, 0, 7, 0, 9, 0, 7, 0, 6, 8, 7, 7, 0, 0, 8, 10, 0, 7, 0, 7, 0, 8, 7, 6, 8, 0, 0, 5, 0, 0, 8, 8, 0, 6, 0, 0, 0, 0, 5, 7, 0, 7, 0, 0, 9, 0, 0, 8, 0, : 8, 8, 9, 8, 7, 6, 8, 6, 7, 7, 10, 10, 5, 8, 9, 6, 7, 9, 7, 6, 8, 7, 7, 8, 10, 7, 7, 8, 7, 6, 8, 5, 8, 8, 6, 5, 7, 7, 9, 8, 
461: 0, 0, 5, 0, 10, 0, 8, 0, 5, 8, 8, 0, 7, 0, 0, 6, 0, 8, 0, 8, 9, 0, 7, 0, 0, 0, 0, 0, 7, 0, 9, 0, 9, 0, 8, 7, 0, 6, 0, 0, 0, 8, 0, 0, 6, 8, 0, 5, 0, 9, 7, 0, 8, 0, 7, 0, 0, 8, 0, 10, 0, 8, 8, 8, 0, 0, 9, 6, 0, 0, 9, 0, 9, 0, 0, 8, 0, 8, 0, 8, : 5, 10, 8, 5, 8, 8, 7, 6, 8, 8, 9, 7, 7, 9, 9, 8, 7, 6, 8, 6, 8, 5, 9, 7, 8, 7, 8, 10, 8, 8, 8, 9, 6, 9, 9, 8, 8, 8, 
759: 0, 0, 7, 8, 0, 8, 8, 0, 7, 0, 9, 9, 0, 0, 10, 10, 8, 5, 6, 0, 0, 8, 0, 7, 0, 0, 0, 0, 0, 6, 0, 0, 9, 0, 7, 9, 8, 0, 0, 9, 8, 0, 0, 0, 9, 0, 0, 0, 0, 8, 0, 7, 9, 7, 9, 0, 0, 10, 7, 7, 10, 0, 9, 8, 0, 6, 7, 8, 0, 0, 7, 0, 0, 0, 5, 0, 0, 7, 0, 0, : 7, 8, 8, 8, 7, 9, 9, 10, 10, 8, 5, 6, 8, 7, 6, 9, 7, 9, 8, 9, 8, 9, 8, 7, 9, 7, 9, 10, 7, 7, 10, 9, 8, 6, 7, 8, 7, 5, 7, 
550: 7, 9, 0, 0, 0, 0, 0, 8, 0, 0, 7, 0, 8, 8, 0, 0, 0, 6, 8, 7, 6, 0, 0, 0, 5, 0, 7, 0, 7, 9, 6, 0, 7, 6, 0, 0, 0, 0, 6, 0, 0, 9, 0, 0, 6, 7, 8, 0, 5, 0, 0, 10, 0, 9, 0, 0, 0, 6, 0, 0, 7, 0, 0, 7, 8, 8, 7, 8, 0, 8, 0, 0, 8, 7, 0, 9, 8, 8, 8, 0, : 7, 9, 8, 7, 8, 8, 6, 8, 7, 6, 5, 7, 7, 9, 6, 7, 6, 6, 9, 6, 7, 8, 5, 10, 9, 6, 7, 7, 8, 8, 7, 8, 8, 8, 7, 9, 8, 8, 8, 
162: 8, 0, 0, 7, 6, 0, 0, 6, 10, 10, 0, 8, 8, 8, 5, 0, 7, 0, 9, 5, 7, 0, 0, 0, 9, 0, 7, 0, 0, 0, 11, 8, 0, 7, 0, 0, 8, 8, 8, 7, 0, 5, 8, 0, 6, 8, 0, 7, 10, 0, 11, 0, 0, 0, 0, 0, 5, 0, 5, 9, 0, 0, 0, 0, 0, 0, 0, 8, 8, 0, 0, 7, 0, 0, 0, 8, 8, 8, 0, 0, : 8, 7, 6, 6, 10, 10, 8, 8, 8, 5, 7, 9, 5, 7, 9, 7, 11, 8, 7, 8, 8, 8, 7, 5, 8, 6, 8, 7, 10, 11, 5, 5, 9, 8, 8, 7, 8, 8, 8, 
571: 0, 0, 0, 11, 0, 7, 0, 0, 0, 7, 6, 0, 4, 7, 0, 7, 8, 7, 0, 7, 0, 0, 8, 6, 0, 7, 0, 0, 9, 0, 8, 0, 0, 8, 7, 8, 0, 0, 0, 0, 7, 0, 7, 8, 7, 0, 0, 0, 0, 0, 0, 7, 0, 0, 7, 0, 0, 0, 7, 0, 0, 9, 0, 9, 9, 0, 0, 0, 0, 0, 8, 0, 8, 0, 0, 8, 8, 0, 9, 0, : 11, 7, 7, 6, 4, 7, 7, 8, 7, 7, 8, 6, 7, 9, 8, 8, 7, 8, 7, 7, 8, 7, 7, 7, 7, 9, 9, 9, 8, 8, 8, 8, 9, 
703: 8, 0, 0, 0, 0, 10, 0, 8, 0, 10, 8, 0, 8, 7, 0, 7, 0, 0, 0, 0, 0, 9, 0, 0, 7, 4, 9, 7, 0, 7, 0, 0, 6, 0, 7, 5, 0, 0, 0, 8, 8, 6, 0, 11, 0, 8, 8, 8, 6, 0, 9, 8, 11, 0, 0, 0, 7, 0, 0, 8, 8, 5, 7, 0, 0, 7, 0, 8, 0, 0, 0, 9, 0, 0, 0, 0, 0, 7, 8, 0, : 8, 10, 8, 10, 8, 8, 7, 7, 9, 7, 4, 9, 7, 7, 6, 7, 5, 8, 8, 6, 11, 8, 8, 8, 6, 9, 8, 11, 7, 8, 8, 5, 7, 7, 8, 9, 7, 8, 
283: 7, 8, 7, 0, 6, 10, 6, 0, 0, 7, 6, 8, 0, 9, 10, 0, 9, 0, 10, 0, 8, 10, 0, 8, 6, 10, 7, 7, 0, 0, 8, 0, 7, 0, 0, 0, 0, 0, 0, 0, 0, 6, 0, 0, 9, 0, 0, 8, 0, 0, 5, 7, 0, 9, 0, 8, 7, 0, 9, 0, 0, 10, 11, 0, 0, 8, 7, 7, 0, 0, 0, 8, 7, 0, 8, 7, 7, 8, 9, 0, : 7, 8, 7, 6, 10, 6, 7, 6, 8, 9, 10, 9, 10, 8, 10, 8, 6, 10, 7, 7, 8, 7, 6, 9, 8, 5, 7, 9, 8, 7, 9, 10, 11, 8, 7, 7, 8, 7, 8, 7, 7, 8, 9, 
349: 0, 0, 0, 7, 0, 11, 10, 0, 7, 0, 0, 0, 0, 0, 10, 0, 0, 0, 0, 6, 6, 6, 0, 0, 0, 8, 0, 0, 7, 8, 0, 9, 6, 0, 0, 6, 9, 10, 9, 5, 8, 0, 0, 8, 9, 0, 0, 9, 9, 6, 6, 9, 0, 0, 10, 0, 8, 0, 0, 10, 0, 0, 8, 0, 5, 8, 0, 7, 8, 8, 0, 7, 7, 8, 0, 7, 7, 7, 8, 8, : 7, 11, 10, 7, 10, 6, 6, 6, 8, 7, 8, 9, 6, 6, 9, 10, 9, 5, 8, 8, 9, 9, 9, 6, 6, 9, 10, 8, 10, 8, 5, 8, 7, 8, 8, 7, 7, 8, 7, 7, 7, 8, 8, 
273: 8, 0, 10, 5, 0, 8, 7, 0, 0, 0, 0, 0, 5, 11, 0, 0, 0, 0, 0, 6, 0, 0, 0, 6, 0, 0, 9, 0, 0, 10, 0, 0, 9, 0, 7, 0, 0, 6, 0, 8, 10, 7, 0, 0, 0, 0, 0, 0, 8, 0, 0, 0, 0, 0, 8, 6, 0, 0, 5, 0, 5, 10, 0, 6, 0, 7, 0, 0, 0, 0, 0, 5, 7, 7, 0, 0, 8, 7, 0, 0, : 8, 10, 5, 8, 7, 5, 11, 6, 6, 9, 10, 9, 7, 6, 8, 10, 7, 8, 8, 6, 5, 5, 10, 6, 7, 5, 7, 7, 8, 7, 
616: 0, 0, 0, 0, 0, 9, 0, 6, 7, 0, 0, 0, 0, 9, 0, 0, 8, 8, 7, 8, 10, 6, 0, 0, 0, 8, 0, 0, 0, 0, 0, 0, 0, 0, 11, 0, 0, 5, 7, 0, 7, 0, 0, 6, 8, 0, 9, 0, 8, 0, 0, 0, 7, 0, 10, 7, 0, 9, 0, 5, 0, 0, 8, 0, 10, 0, 8, 0, 8, 0, 0, 8, 0, 8, 0, 8, 0, 0, 0, 0, : 9, 6, 7, 9, 8, 8, 7, 8, 10, 6, 8, 11, 5, 7, 7, 6, 8, 9, 8, 7, 10, 7, 9, 5, 8, 10, 8, 8, 8, 8, 8, 
737: 0, 5, 0, 6, 0, 8, 0, 9, 7, 8, 0, 0, 9, 0, 8, 0, 0, 5, 0, 8, 0, 0, 9, 0, 0, 10, 0, 8, 0, 8, 0, 0, 8, 0, 7, 0, 0, 0, 7, 10, 0, 9, 5, 0, 9, 6, 0, 0, 6, 5, 0, 7, 0, 0, 8, 0, 9, 7, 0, 7, 0, 0, 0, 9, 0, 0, 8, 5, 8, 8, 0, 7, 0, 0, 0, 0, 0, 8, 8, 7, : 5, 6, 8, 9, 7, 8, 9, 8, 5, 8, 9, 10, 8, 8, 8, 7, 7, 10, 9, 5, 9, 6, 6, 5, 7, 8, 9, 7, 7, 9, 8, 5, 8, 8, 7, 8, 8, 7, 
644: 8, 0, 0, 8, 6, 0, 0, 8, 0, 0, 0, 8, 7, 0, 7, 9, 6, 0, 0, 8, 6, 10, 0, 0, 0, 6, 0, 7, 0, 0, 0, 0, 0, 9, 0, 7, 8, 9, 0, 7, 0, 0, 6, 0, 0, 0, 9, 0, 0, 0, 0, 11, 6, 10, 0, 10, 0, 7, 0, 0, 0, 0, 0, 0, 5, 7, 0, 0, 0, 0, 8, 8, 8, 0, 8, 0, 7, 0, 0, 8, : 8, 8, 6, 8, 8, 7, 7, 9, 6, 8, 6, 10, 6, 7, 9, 7, 8, 9, 7, 6, 9, 11, 6, 10, 10, 7, 5, 7, 8, 8, 8, 8, 7, 8, 
433: 8, 8, 10, 0, 0, 0, 8, 0, 0, 7, 6, 9, 0, 0, 10, 0, 0, 0, 0, 0, 0, 0, 8, 9, 0, 0, 7, 8, 0, 7, 0, 0, 9, 0, 0, 0, 0, 0, 11, 6, 0, 0, 8, 0, 7, 7, 6, 6, 0, 7, 0, 0, 9, 0, 7, 0, 0, 8, 9, 0, 0, 0, 0, 5, 0, 7, 7, 0, 0, 7, 8, 8, 7, 7, 9, 7, 8, 7, 0, 0, : 8, 8, 10, 8, 7, 6, 9, 10, 8, 9, 7, 8, 7, 9, 11, 6, 8, 7, 7, 6, 6, 7, 9, 7, 8, 9, 5, 7, 7, 7, 8, 8, 7, 7, 9, 7, 8, 7, 
582: 0, 7, 9, 0, 5, 8, 6, 0, 10, 0, 0, 0, 10, 8, 0, 0, 0, 9, 0, 0, 0, 0, 0, 7, 0, 6, 7, 0, 7, 0, 7, 0, 8, 0, 0, 8, 0, 5, 9, 0, 5, 10, 10, 9, 6, 0, 9, 8, 9, 0, 0, 0, 0, 0, 8, 8, 8, 9, 6, 9, 6, 0, 0, 7, 10, 0, 6, 0, 0, 7, 0, 7, 0, 9, 0, 0, 7, 0, 9, 0, : 7, 9, 5, 8, 6, 10, 10, 8, 9, 7, 6, 7, 7, 7, 8, 8, 5, 9, 5, 10, 10, 9, 6, 9, 8, 9, 8, 8, 8, 9, 6, 9, 6, 7, 10, 6, 7, 7, 9, 7, 9, 
149: 0, 10, 0, 0, 7, 5, 9, 0, 7, 7, 0, 0, 9, 9, 0, 6, 9, 8, 8, 0, 0, 5, 0, 7, 9, 0, 0, 8, 5, 0, 8, 0, 7, 7, 7, 8, 0, 11, 0, 0, 0, 0, 7, 10, 0, 0, 7, 6, 5, 0, 0, 0, 7, 8, 7, 0, 0, 5, 0, 9, 0, 0, 0, 0, 6, 6, 0, 7, 0, 0, 0, 8, 8, 0, 7, 0, 7, 0, 8, 0, : 10, 7, 5, 9, 7, 7, 9, 9, 6, 9, 8, 8, 5, 7, 9, 8, 5, 8, 7, 7, 7, 8, 11, 7, 10, 7, 6, 5, 7, 8, 7, 5, 9, 6, 6, 7, 8, 8, 7, 7, 8, 
723: 8, 7, 0, 0, 0, 0, 0, 0, 10, 9, 0, 9, 8, 8, 5, 0, 0, 8, 0, 0, 5, 9, 0, 0, 7, 7, 8, 10, 8, 10, 9, 8, 0, 6, 0, 9, 8, 8, 8, 0, 0, 0, 0, 0, 0, 9, 9, 0, 0, 0, 0, 8, 0, 0, 6, 0, 0, 7, 8, 5, 5, 0, 0, 6, 9, 8, 5, 0, 0, 8, 0, 0, 0, 8, 8, 7, 0, 0, 0, 9, : 8, 7, 10, 9, 9, 8, 8, 5, 8, 5, 9, 7, 7, 8, 10, 8, 10, 9, 8, 6, 9, 8, 8, 8, 9, 9, 8, 6, 7, 8, 5, 5, 6, 9, 8, 5, 8, 8, 8, 7, 9, 
399: 8, 9, 7, 8, 9, 0, 0, 8, 7, 0, 0, 0, 7, 7, 0, 0, 0, 10, 0, 0, 0, 0, 7, 10, 0, 0, 0, 8, 0, 0, 0, 0, 0, 0, 0, 0, 6, 0, 6, 0, 0, 6, 0, 7, 7, 0, 0, 0, 9, 8, 7, 7, 7, 0, 0, 6, 10, 7, 0, 9, 7, 9, 0, 0, 0, 10, 7, 7, 0, 0, 8, 8, 0, 8, 0, 0, 0, 8, 8, 0, : 8, 9, 7, 8, 9, 8, 7, 7, 7, 10, 7, 10, 8, 6, 6, 6, 7, 7, 9, 8, 7, 7, 7, 6, 10, 7, 9, 7, 9, 10, 7, 7, 8, 8, 8, 8, 8, 
563: 9, 5, 0, 8, 0, 0, 8, 0, 8, 5, 0, 8, 8, 8, 0, 0, 0, 0, 10, 0, 0, 9, 9, 0, 6, 8, 9, 9, 5, 7, 0, 11, 0, 0, 8, 8, 0, 8, 0, 0, 0, 7, 0, 6, 0, 10, 0, 0, 10, 9, 0, 8, 5, 11, 0, 8, 0, 6, 5, 0, 9, 8, 0, 0, 6, 7, 0, 0, 7, 8, 0, 8, 0, 0, 7, 0, 0, 8, 8, 0, : 9, 5, 8, 8, 8, 5, 8, 8, 8, 10, 9, 9, 6, 8, 9, 9, 5, 7, 11, 8, 8, 8, 7, 6, 10, 10, 9, 8, 5, 11, 8, 6, 5, 9, 8, 6, 7, 7, 8, 8, 7, 8, 8, 
477: 0, 0, 7, 0, 8, 0, 6, 7, 6, 6, 0, 8, 0, 0, 0, 8, 7, 0, 0, 6, 10, 0, 4, 0, 0, 0, 6, 0, 0, 0, 0, 5, 7, 7, 0, 0, 0, 6, 9, 8, 6, 0, 5, 9, 7, 0, 0, 0, 7, 0, 0, 0, 0, 0, 0, 7, 0, 9, 0, 9, 0, 0, 5, 9, 10, 0, 8, 0, 9, 7, 0, 6, 8, 0, 8, 0, 0, 9, 0, 0, : 7, 8, 6, 7, 6, 6, 8, 8, 7, 6, 10, 4, 6, 5, 7, 7, 6, 9, 8, 6, 5, 9, 7, 7, 7, 9, 9, 5, 9, 10, 8, 9, 7, 6, 8, 8, 9, 
325: 6, 0, 8, 0, 9, 8, 0, 0, 8, 0, 0, 0, 8, 7, 0, 9, 5, 6, 0, 0, 7, 0, 0, 0, 7, 5, 7, 9, 10, 0, 11, 0, 0, 6, 0, 0, 6, 7, 8, 8, 7, 10, 5, 5, 0, 0, 0, 11, 0, 7, 7, 0, 0, 0, 7, 0, 0, 0, 7, 0, 0, 0, 0, 10, 8, 0, 10, 8, 6, 0, 7, 8, 0, 0, 8, 8, 8, 8, 0, 8, : 6, 8, 9, 8, 8, 8, 7, 9, 5, 6, 7, 7, 5, 7, 9, 10, 11, 6, 6, 7, 8, 8, 7, 10, 5, 5, 11, 7, 7, 7, 7, 10, 8, 10, 8, 6, 7, 8, 8, 8, 8, 8, 8, 
510: 7, 0, 0, 0, 0, 7, 0, 10, 0, 8, 0, 0, 9, 0, 0, 0, 0, 0, 0, 10, 10, 6, 0, 6, 0, 0, 10, 7, 0, 7, 0, 0, 0, 0, 0, 7, 8, 0, 7, 9, 0, 0, 9, 0, 8, 10, 7, 0, 0, 8, 0, 0, 6, 0, 0, 0, 7, 7, 0, 0, 9, 0, 0, 6, 6, 0, 8, 0, 0, 0, 8, 8, 0, 9, 8, 8, 0, 9, 0, 7, : 7, 7, 10, 8, 9, 10, 10, 6, 6, 10, 7, 7, 7, 8, 7, 9, 9, 8, 10, 7, 8, 6, 7, 7, 9, 6, 6, 8, 8, 8, 9, 8, 8, 9, 7, 
52: 9, 0, 8, 0, 8, 0, 8, 7, 0, 8, 0, 0, 0, 0, 0, 7, 10, 6, 8, 0, 0, 11, 0, 6, 10, 0, 9, 0, 0, 10, 0, 0, 0, 0, 8, 6, 0, 8, 8, 8, 9, 0, 0, 5, 8, 0, 0, 7, 0, 0, 0, 0, 0, 9, 7, 0, 9, 0, 0, 6, 0, 9, 0, 9, 0, 0, 0, 9, 0, 0, 0, 9, 0, 9, 7, 0, 9, 8, 7, 8, : 9, 8, 8, 8, 7, 8, 7, 10, 6, 8, 11, 6, 10, 9, 10, 8, 6, 8, 8, 8, 9, 5, 8, 7, 9, 7, 9, 6, 9, 9, 9, 9, 9, 7, 9, 8, 7, 8, 
674: 0, 0, 9, 0, 8, 0, 0, 0, 0, 9, 8, 4, 0, 0, 8, 0, 6, 0, 6, 0, 9, 0, 0, 9, 9, 10, 0, 0, 10, 0, 0, 10, 0, 0, 6, 8, 10, 0, 0, 6, 6, 8, 0, 8, 0, 8, 11, 0, 0, 0, 0, 7, 0, 7, 10, 6, 7, 0, 7, 0, 5, 8, 0, 0, 0, 0, 0, 0, 8, 0, 0, 7, 8, 9, 0, 9, 7, 0, 8, 0, : 9, 8, 9, 8, 4, 8, 6, 6, 9, 9, 9, 10, 10, 10, 6, 8, 10, 6, 6, 8, 8, 8, 11, 7, 7, 10, 6, 7, 7, 5, 8, 8, 7, 8, 9, 9, 7, 8, 
601: 0, 0, 0, 0, 0, 8, 0, 0, 10, 7, 0, 0, 0, 5, 0, 7, 10, 7, 0, 9, 0, 0, 9, 9, 0, 0, 7, 4, 9, 0, 6, 0, 0, 0, 0, 0, 0, 0, 0, 9, 9, 0, 7, 7, 10, 0, 0, 10, 0, 7, 0, 0, 6, 10, 0, 7, 8, 0, 0, 7, 8, 8, 0, 0, 0, 0, 0, 0, 7, 8, 0, 0, 0, 0, 8, 8, 8, 0, 0, 8, : 8, 10, 7, 5, 7, 10, 7, 9, 9, 9, 7, 4, 9, 6, 9, 9, 7, 7, 10, 10, 7, 6, 10, 7, 8, 7, 8, 8, 7, 8, 8, 8, 8, 8, 
229: 9, 7, 7, 7, 8, 7, 0, 0, 0, 0, 0, 0, 6, 0, 9, 9, 8, 0, 0, 8, 10, 5, 0, 0, 9, 0, 0, 7, 0, 0, 7, 7, 6, 0, 0, 0, 9, 0, 0, 0, 0, 5, 0, 0, 0, 0, 8, 0, 8, 0, 7, 7, 0, 0, 6, 8, 8, 8, 0, 5, 0, 0, 9, 5, 0, 6, 7, 0, 0, 0, 7, 0, 9, 7, 8, 7, 6, 7, 8, 7, : 9, 7, 7, 7, 8, 7, 6, 9, 9, 8, 8, 10, 5, 9, 7, 7, 7, 6, 9, 5, 8, 8, 7, 7, 6, 8, 8, 8, 5, 9, 5, 6, 7, 7, 9, 7, 8, 7, 6, 7, 8, 7, 
752: 0, 0, 9, 9, 0, 8, 9, 7, 0, 0, 0, 6, 0, 0, 0, 6, 7, 0, 6, 0, 0, 9, 11, 10, 0, 0, 10, 9, 6, 0, 10, 10, 7, 7, 9, 0, 0, 9, 0, 7, 0, 6, 10, 0, 0, 8, 0, 0, 0, 0, 0, 8, 7, 7, 0, 9, 7, 0, 0, 0, 0, 0, 9, 0, 0, 0, 7, 8, 7, 0, 8, 8, 0, 9, 0, 0, 0, 0, 0, 0, : 9, 9, 8, 9, 7, 6, 6, 7, 6, 9, 11, 10, 10, 9, 6, 10, 10, 7, 7, 9, 9, 7, 6, 10, 8, 8, 7, 7, 9, 7, 9, 7, 8, 7, 8, 8, 9, 
165: 8, 8, 0, 6, 9, 8, 7, 7, 10, 0, 0, 0, 7, 6, 0, 11, 9, 9, 9, 0, 6, 0, 0, 10, 0, 0, 8, 0, 6, 0, 0, 8, 0, 0, 9, 0, 0, 7, 0, 6, 6, 7, 0, 0, 0, 0, 8, 9, 9, 0, 7, 0, 0, 0, 5, 8, 9, 0, 5, 0, 0, 9, 7, 8, 6, 0, 7, 0, 0, 0, 0, 8, 0, 0, 0, 0, 0, 0, 0, 7, : 8, 8, 6, 9, 8, 7, 7, 10, 7, 6, 11, 9, 9, 9, 6, 10, 8, 6, 8, 9, 7, 6, 6, 7, 8, 9, 9, 7, 5, 8, 9, 5, 9, 7, 8, 6, 7, 8, 7, 
123: 0, 8, 8, 6, 0, 0, 8, 10, 0, 0, 0, 9, 6, 9, 5, 0, 8, 6, 5, 7, 0, 0, 6, 0, 0, 0, 6, 0, 0, 0, 0, 8, 8, 0, 8, 11, 0, 8, 5, 0, 8, 6, 7, 6, 8, 0, 7, 0, 8, 0, 6, 8, 8, 7, 0, 0, 0, 10, 0, 5, 0, 0, 0, 0, 0, 0, 0, 8, 7, 0, 0, 0, 0, 9, 0, 0, 7, 8, 0, 0, : 8, 8, 6, 8, 10, 9, 6, 9, 5, 8, 6, 5, 7, 6, 6, 8, 8, 8, 11, 8, 5, 8, 6, 7, 6, 8, 7, 8, 6, 8, 8, 7, 10, 5, 8, 7, 9, 7, 8, 
732: 7, 0, 0, 0, 0, 0, 0, 7, 0, 0, 8, 0, 7, 0, 5, 0, 0, 8, 0, 10, 0, 8, 0, 0, 7, 8, 7, 0, 0, 9, 0, 0, 7, 0, 0, 0, 8, 0, 0, 9, 0, 0, 0, 8, 0, 9, 6, 0, 8, 7, 0, 0, 6, 0, 7, 7, 8, 7, 0, 9, 9, 0, 8, 8, 0, 7, 8, 0, 0, 8, 0, 7, 0, 0, 0, 8, 8, 8, 8, 8, : 7, 7, 8, 7, 5, 8, 10, 8, 7, 8, 7, 9, 7, 8, 9, 8, 9, 6, 8, 7, 6, 7, 7, 8, 7, 9, 9, 8, 8, 7, 8, 8, 7, 8, 8, 8, 8, 8, 
516: 0, 7, 0, 9, 0, 0, 0, 7, 6, 5, 7, 0, 0, 9, 0, 0, 7, 0, 8, 0, 9, 6, 0, 9, 0, 7, 0, 8, 0, 0, 0, 8, 0, 0, 10, 10, 0, 7, 0, 0, 7, 0, 11, 7, 0, 8, 0, 0, 7, 8, 0, 7, 5, 9, 9, 0, 6, 0, 10, 0, 9, 0, 0, 9, 0, 0, 8, 0, 0, 8, 7, 0, 0, 7, 0, 8, 0, 0, 8, 8, : 7, 9, 7, 6, 5, 7, 9, 7, 8, 9, 6, 9, 7, 8, 8, 10, 10, 7, 7, 11, 7, 8, 7, 8, 7, 5, 9, 9, 6, 10, 9, 9, 8, 8, 7, 7, 8, 8, 8, 
369: 9, 7, 7, 8, 0, 0, 0, 0, 0, 7, 8, 6, 0, 0, 7, 0, 0, 0, 8, 6, 0, 0, 0, 7, 0, 10, 0, 7, 10, 0, 8, 0, 8, 6, 0, 8, 7, 0, 0, 8, 0, 7, 9, 7, 0, 0, 7, 6, 9, 0, 8, 0, 0, 0, 8, 9, 0, 0, 8, 0, 9, 8, 8, 11, 0, 9, 0, 0, 7, 8, 0, 8, 0, 0, 8, 9, 0, 0, 7, 8, : 9, 7, 7, 8, 7, 8, 6, 7, 8, 6, 7, 10, 7, 10, 8, 8, 6, 8, 7, 8, 7, 9, 7, 7, 6, 9, 8, 8, 9, 8, 9, 8, 8, 11, 9, 7, 8, 8, 8, 9, 7, 8, 
747: 0, 8, 7, 0, 7, 7, 0, 0, 0, 7, 0, 0, 7, 0, 0, 8, 8, 0, 0, 8, 0, 0, 9, 0, 0, 0, 8, 0, 0, 7, 0, 6, 0, 7, 0, 5, 6, 8, 0, 9, 0, 0, 0, 8, 7, 8, 0, 8, 8, 7, 7, 0, 0, 0, 8, 9, 0, 0, 0, 0, 0, 5, 0, 0, 0, 0, 0, 7, 8, 7, 9, 0, 8, 7, 0, 0, 0, 8, 0, 8, : 8, 7, 7, 7, 7, 7, 8, 8, 8, 9, 8, 7, 6, 7, 5, 6, 8, 9, 8, 7, 8, 8, 8, 7, 7, 8, 9, 5, 7, 8, 7, 9, 8, 7, 8, 8, 
422: 8, 8, 0, 0, 7, 7, 0, 9, 0, 11, 0, 6, 10, 11, 7, 7, 7, 0, 8, 10, 0, 10, 7, 0, 7, 6, 0, 9, 7, 0, 0, 0, 0, 10, 6, 0, 8, 0, 0, 0, 0, 8, 8, 8, 0, 0, 7, 0, 0, 10, 8, 6, 0, 0, 0, 0, 0, 0, 10, 6, 0, 5, 0, 8, 0, 10, 9, 0, 0, 0, 9, 0, 7, 8, 0, 0, 0, 8, 0, 0, : 8, 8, 7, 7, 9, 11, 6, 10, 11, 7, 7, 7, 8, 10, 10, 7, 7, 6, 9, 7, 10, 6, 8, 8, 8, 8, 7, 10, 8, 6, 10, 6, 5, 8, 10, 9, 9, 7, 8, 8, 
790: 8, 0, 0, 0, 0, 0, 6, 8, 8, 0, 8, 0, 0, 9, 8, 9, 0, 10, 0, 0, 10, 0, 9, 6, 10, 0, 8, 10, 0, 0, 8, 6, 6, 0, 0, 6, 0, 5, 6, 0, 0, 9, 6, 0, 8, 6, 0, 10, 0, 0, 0, 8, 0, 0, 0, 0, 6, 0, 9, 0, 5, 0, 0, 8, 0, 8, 6, 0, 0, 8, 8, 0, 0, 8, 0, 0, 8, 0, 0, 0, : 8, 6, 8, 8, 8, 9, 8, 9, 10, 10, 9, 6, 10, 8, 10, 8, 6, 6, 6, 5, 6, 9, 6, 8, 6, 10, 8, 6, 9, 5, 8, 8, 6, 8, 8, 8, 8, 
536: 0, 9, 0, 0, 0, 0, 9, 0, 7, 0, 0, 9, 9, 0, 9, 9, 8, 6, 6, 10, 0, 8, 0, 0, 0, 0, 0, 8, 10, 7, 6, 4, 6, 0, 0, 9, 11, 0, 7, 7, 8, 0, 7, 6, 0, 8, 8, 8, 0, 8, 0, 8, 11, 8, 8, 8, 0, 0, 9, 0, 10, 0, 0, 6, 9, 0, 0, 7, 8, 0, 7, 0, 8, 8, 0, 6, 9, 8, 0, 7, : 9, 9, 7, 9, 9, 9, 9, 8, 6, 6, 10, 8, 8, 10, 7, 6, 4, 6, 9, 11, 7, 7, 8, 7, 6, 8, 8, 8, 8, 8, 11, 8, 8, 8, 9, 10, 6, 9, 7, 8, 7, 8, 8, 6, 9, 8, 7, 
712: 8, 0, 0, 0, 11, 8, 0, 6, 0, 0, 8, 0, 0, 0, 0, 0, 0, 0, 0, 5, 10, 0, 7, 0, 7, 0, 10, 8, 0, 0, 9, 11, 9, 0, 10, 6, 0, 8, 8, 0, 8, 0, 0, 0, 5, 0, 11, 0, 7, 8, 0, 8, 9, 7, 0, 7, 0, 0, 11, 8, 9, 7, 0, 10, 8, 0, 6, 0, 8, 0, 9, 0, 8, 8, 0, 0, 0, 0, 7, 0, : 8, 11, 8, 6, 8, 5, 10, 7, 7, 10, 8, 9, 11, 9, 10, 6, 8, 8, 8, 5, 11, 7, 8, 8, 9, 7, 7, 11, 8, 9, 7, 10, 8, 6, 8, 9, 8, 8, 7, 
190: 8, 7, 0, 9, 6, 0, 7, 0, 0, 0, 7, 0, 6, 6, 0, 0, 6, 8, 8, 9, 0, 9, 0, 6, 0, 8, 0, 0, 8, 0, 8, 8, 7, 0, 8, 0, 10, 0, 8, 0, 0, 5, 8, 0, 10, 6, 8, 0, 0, 6, 8, 0, 0, 0, 7, 0, 9, 0, 0, 0, 11, 0, 7, 7, 8, 0, 7, 7, 8, 8, 5, 0, 7, 0, 0, 7, 9, 0, 7, 0, : 8, 7, 9, 6, 7, 7, 6, 6, 6, 8, 8, 9, 9, 6, 8, 8, 8, 8, 7, 8, 10, 8, 5, 8, 10, 6, 8, 6, 8, 7, 9, 11, 7, 7, 8, 7, 7, 8, 8, 5, 7, 7, 9, 7, 
406: 7, 0, 5, 9, 7, 6, 0, 0, 6, 8, 0, 0, 0, 8, 7, 0, 0, 0, 6, 9, 8, 0, 0, 9, 0, 7, 8, 6, 7, 0, 6, 0, 0, 10, 10, 0, 0, 0, 6, 0, 0, 0, 0, 0, 6, 0, 5, 0, 0, 0, 0, 7, 8, 7, 0, 0, 0, 6, 0, 8, 10, 6, 0, 10, 8, 0, 0, 9, 0, 7, 8, 0, 8, 5, 0, 8, 0, 0, 7, 8, : 7, 5, 9, 7, 6, 6, 8, 8, 7, 6, 9, 8, 9, 7, 8, 6, 7, 6, 10, 10, 6, 6, 5, 7, 8, 7, 6, 8, 10, 6, 10, 8, 9, 7, 8, 8, 5, 8, 7, 8, 
182: 0, 8, 0, 7, 10, 7, 0, 7, 0, 0, 9, 0, 8, 0, 7, 6, 0, 0, 7, 0, 7, 6, 7, 0, 7, 7, 8, 0, 0, 7, 9, 0, 0, 9, 0, 0, 5, 7, 0, 0, 0, 0, 6, 0, 10, 0, 7, 0, 0, 8, 0, 0, 9, 0, 0, 8, 0, 0, 0, 0, 0, 0, 6, 5, 0, 9, 8, 8, 7, 7, 0, 7, 0, 0, 7, 0, 0, 9, 5, 9, : 8, 7, 10, 7, 7, 9, 8, 7, 6, 7, 7, 6, 7, 7, 7, 8, 7, 9, 9, 5, 7, 6, 10, 7, 8, 9, 8, 6, 5, 9, 8, 8, 7, 7, 7, 7, 9, 5, 9, 
72: 0, 8, 0, 7, 0, 8, 7, 6, 8, 6, 0, 0, 0, 7, 7, 7, 0, 8, 0, 4, 5, 10, 8, 11, 0, 0, 0, 0, 7, 0, 0, 0, 0, 7, 8, 0, 6, 0, 8, 0, 0, 0, 0, 7, 6, 0, 0, 6, 0, 0, 7, 7, 0, 10, 0, 0, 10, 0, 0, 9, 9, 6, 9, 9, 0, 0, 8, 0, 8, 9, 0, 7, 0, 7, 0, 0, 0, 6, 8, 0, : 8, 7, 8, 7, 6, 8, 6, 7, 7, 7, 8, 4, 5, 10, 8, 11, 7, 7, 8, 6, 8, 7, 6, 6, 7, 7, 10, 10, 9, 9, 6, 9, 9, 8, 8, 9, 7, 7, 6, 8, 
742: 8, 0, 0, 9, 7, 8, 8, 0, 0, 8, 8, 7, 0, 9, 9, 9, 0, 0, 10, 7, 7, 4, 7, 9, 9, 7, 7, 0, 0, 7, 0, 0, 0, 10, 6, 7, 0, 0, 9, 5, 9, 8, 0, 0, 0, 0, 4, 4, 0, 10, 8, 7, 0, 7, 0, 0, 0, 0, 8, 0, 0, 8, 5, 0, 0, 0, 0, 8, 7, 8, 8, 0, 0, 7, 0, 9, 0, 0, 0, 8, : 8, 9, 7, 8, 8, 8, 8, 7, 9, 9, 9, 10, 7, 7, 4, 7, 9, 9, 7, 7, 7, 10, 6, 7, 9, 5, 9, 8, 4, 4, 10, 8, 7, 7, 8, 8, 5, 8, 7, 8, 8, 7, 9, 8, 
633: 0, 0, 0, 0, 8, 0, 8, 8, 0, 0, 0, 8, 0, 0, 6, 10, 9, 7, 6, 0, 5, 8, 0, 7, 0, 0, 0, 9, 0, 8, 10, 0, 0, 8, 9, 0, 0, 0, 10, 5, 8, 7, 0, 0, 10, 0, 8, 8, 0, 8, 7, 0, 0, 0, 0, 0, 0, 7, 9, 0, 10, 10, 7, 0, 8, 0, 8, 7, 8, 0, 8, 0, 0, 8, 0, 0, 0, 0, 7, 7, : 8, 8, 8, 8, 6, 10, 9, 7, 6, 5, 8, 7, 9, 8, 10, 8, 9, 10, 5, 8, 7, 10, 8, 8, 8, 7, 7, 9, 10, 10, 7, 8, 8, 7, 8, 8, 8, 7, 7, 
126: 8, 0, 7, 8, 0, 7, 7, 10, 0, 0, 6, 0, 0, 10, 7, 8, 5, 9, 0, 0, 0, 0, 0, 7, 7, 0, 8, 9, 5, 6, 8, 8, 7, 7, 0, 0, 0, 8, 0, 8, 8, 0, 8, 0, 7, 5, 0, 10, 0, 0, 0, 0, 9, 0, 0, 0, 0, 0, 0, 0, 0, 0, 6, 5, 0, 0, 0, 8, 0, 0, 7, 0, 0, 0, 0, 7, 8, 7, 0, 8, : 8, 7, 8, 7, 7, 10, 6, 10, 7, 8, 5, 9, 7, 7, 8, 9, 5, 6, 8, 8, 7, 7, 8, 8, 8, 8, 7, 5, 10, 9, 6, 5, 8, 7, 7, 8, 7, 8, 
735: 5, 7, 0, 7, 0, 0, 9, 6, 7, 0, 0, 0, 6, 0, 7, 0, 0, 6, 0, 0, 0, 8, 7, 8, 0, 9, 0, 0, 0, 0, 6, 0, 0, 0, 0, 9, 0, 9, 0, 0, 0, 0, 10, 7, 0, 0, 0, 0, 0, 6, 7, 9, 8, 0, 0, 11, 0, 6, 0, 0, 7, 8, 5, 8, 9, 9, 8, 0, 0, 9, 0, 0, 9, 8, 0, 9, 0, 0, 7, 0, : 5, 7, 7, 9, 6, 7, 6, 7, 6, 8, 7, 8, 9, 6, 9, 9, 10, 7, 6, 7, 9, 8, 11, 6, 7, 8, 5, 8, 9, 9, 8, 9, 9, 8, 9, 7, 
330: 7, 0, 8, 0, 8, 7, 8, 0, 0, 7, 9, 8, 7, 9, 0, 7, 0, 8, 5, 6, 0, 8, 8, 8, 0, 8, 0, 8, 0, 9, 4, 7, 8, 5, 0, 0, 0, 10, 0, 7, 5, 10, 7, 8, 6, 0, 9, 9, 8, 0, 0, 0, 0, 7, 0, 7, 0, 0, 0, 7, 6, 0, 0, 0, 11, 8, 0, 8, 8, 7, 8, 0, 0, 7, 9, 8, 7, 8, 9, 8, : 7, 8, 8, 7, 8, 7, 9, 8, 7, 9, 7, 8, 5, 6, 8, 8, 8, 8, 8, 9, 4, 7, 8, 5, 10, 7, 5, 10, 7, 8, 6, 9, 9, 8, 7, 7, 7, 6, 11, 8, 8, 8, 7, 8, 7, 9, 8, 7, 8, 9, 8, 
473: 0, 0, 0, 11, 8, 0, 8, 0, 8, 7, 0, 7, 0, 10, 6, 0, 0, 0, 0, 0, 8, 10, 0, 0, 0, 0, 0, 0, 8, 9, 0, 9, 0, 9, 0, 10, 6, 9, 8, 7, 6, 10, 0, 0, 0, 9, 6, 9, 9, 0, 7, 7, 6, 0, 11, 6, 0, 0, 0, 5, 8, 0, 0, 6, 8, 8, 0, 9, 0, 0, 0, 0, 8, 7, 7, 0, 8, 0, 0, 0, : 11, 8, 8, 8, 7, 7, 10, 6, 8, 10, 8, 9, 9, 9, 10, 6, 9, 8, 7, 6, 10, 9, 6, 9, 9, 7, 7, 6, 11, 6, 5, 8, 6, 8, 8, 9, 8, 7, 7, 8, 
105: 8, 7, 0, 8, 8, 0, 7, 8, 7, 8, 6, 9, 0, 0, 10, 7, 8, 0, 0, 0, 0, 6, 6, 0, 7, 0, 0, 0, 6, 5, 0, 9, 0, 0, 0, 0, 5, 0, 9, 0, 8, 0, 0, 6, 0, 9, 0, 6, 0, 7, 0, 6, 9, 5, 5, 0, 9, 6, 9, 11, 0, 9, 6, 0, 5, 9, 0, 8, 0, 0, 0, 8, 8, 0, 8, 0, 8, 7, 7, 0, : 8, 7, 8, 8, 7, 8, 7, 8, 6, 9, 10, 7, 8, 6, 6, 7, 6, 5, 9, 5, 9, 8, 6, 9, 6, 7, 6, 9, 5, 5, 9, 6, 9, 11, 9, 6, 5, 9, 8, 8, 8, 8, 8, 7, 7, 
358: 0, 6, 0, 7, 0, 8, 0, 0, 0, 0, 8, 6, 0, 7, 0, 6, 0, 9, 0, 0, 0, 8, 0, 9, 8, 10, 5, 10, 0, 5, 7, 5, 0, 10, 0, 6, 0, 7, 8, 7, 8, 8, 0, 8, 9, 7, 7, 0, 0, 6, 0, 0, 9, 7, 9, 5, 0, 10, 7, 8, 8, 0, 6, 0, 0, 0, 0, 0, 9, 7, 7, 7, 7, 0, 0, 0, 0, 0, 0, 8, : 6, 7, 8, 8, 6, 7, 6, 9, 8, 9, 8, 10, 5, 10, 5, 7, 5, 10, 6, 7, 8, 7, 8, 8, 8, 9, 7, 7, 6, 9, 7, 9, 5, 10, 7, 8, 8, 6, 9, 7, 7, 7, 7, 8, 
518: 0, 0, 0, 0, 7, 0, 7, 0, 0, 0, 8, 0, 0, 0, 0, 0, 8, 0, 7, 10, 6, 7, 0, 8, 7, 9, 0, 0, 0, 7, 0, 9, 0, 7, 0, 0, 7, 0, 0, 0, 0, 0, 0, 9, 11, 0, 0, 0, 9, 5, 0, 0, 0, 0, 7, 0, 7, 9, 9, 0, 0, 0, 10, 0, 0, 6, 10, 0, 0, 0, 8, 9, 0, 7, 8, 0, 0, 0, 6, 7, : 7, 7, 8, 8, 7, 10, 6, 7, 8, 7, 9, 7, 9, 7, 7, 9, 11, 9, 5, 7, 7, 9, 9, 10, 6, 10, 8, 9, 7, 8, 6, 7, 
210: 0, 9, 8, 0, 10, 0, 0, 0, 8, 0, 8, 9, 0, 7, 0, 0, 6, 8, 0, 9, 0, 7, 0, 0, 8, 6, 0, 0, 0, 8, 0, 6, 0, 0, 0, 0, 7, 8, 10, 8, 7, 8, 10, 9, 0, 9, 8, 9, 0, 0, 9, 0, 8, 0, 0, 0, 7, 0, 0, 0, 0, 10, 5, 8, 0, 8, 7, 7, 0, 0, 0, 0, 8, 0, 8, 8, 8, 0, 8, 0, : 9, 8, 10, 8, 8, 9, 7, 6, 8, 9, 7, 8, 6, 8, 6, 7, 8, 10, 8, 7, 8, 10, 9, 9, 8, 9, 9, 8, 7, 10, 5, 8, 8, 7, 7, 8, 8, 8, 8, 8, 
309: 0, 0, 7, 0, 0, 0, 0, 8, 0, 0, 0, 10, 9, 0, 11, 8, 8, 0, 0, 10, 0, 0, 0, 0, 0, 0, 0, 8, 8, 0, 9, 7, 10, 7, 9, 7, 9, 6, 0, 0, 0, 0, 7, 0, 0, 8, 0, 0, 0, 10, 0, 0, 0, 8, 0, 7, 0, 8, 0, 9, 0, 0, 10, 0, 8, 0, 0, 0, 0, 9, 0, 0, 9, 0, 9, 0, 9, 0, 8, 0, : 7, 8, 10, 9, 11, 8, 8, 10, 8, 8, 9, 7, 10, 7, 9, 7, 9, 6, 7, 8, 10, 8, 7, 8, 9, 10, 8, 9, 9, 9, 9, 8, 
202: 8, 6, 9, 8, 0, 7, 8, 11, 9, 0, 10, 7, 9, 0, 8, 9, 8, 10, 0, 9, 0, 0, 0, 0, 8, 8, 5, 0, 7, 0, 0, 0, 9, 10, 6, 8, 0, 0, 6, 9, 9, 10, 0, 0, 8, 6, 0, 9, 7, 10, 0, 0, 0, 7, 0, 9, 7, 5, 6, 0, 5, 0, 8, 0, 0, 8, 0, 9, 0, 8, 7, 8, 0, 0, 0, 0, 0, 9, 0, 0, : 8, 6, 9, 8, 7, 8, 11, 9, 10, 7, 9, 8, 9, 8, 10, 9, 8, 8, 5, 7, 9, 10, 6, 8, 6, 9, 9, 10, 8, 6, 9, 7, 10, 7, 9, 7, 5, 6, 5, 8, 8, 9, 8, 7, 8, 9, 
489: 0, 9, 9, 0, 0, 0, 0, 6, 0, 9, 7, 9, 0, 0, 0, 0, 0, 0, 10, 6, 0, 7, 0, 9, 0, 0, 0, 7, 0, 0, 0, 0, 10, 0, 0, 0, 7, 9, 7, 0, 0, 10, 0, 8, 0, 0, 7, 0, 9, 0, 0, 5, 9, 10, 7, 8, 9, 0, 9, 7, 7, 0, 8, 7, 7, 0, 0, 9, 0, 0, 8, 7, 8, 7, 8, 0, 0, 7, 8, 7, : 9, 9, 6, 9, 7, 9, 10, 6, 7, 9, 7, 10, 7, 9, 7, 10, 8, 7, 9, 5, 9, 10, 7, 8, 9, 9, 7, 7, 8, 7, 7, 9, 8, 7, 8, 7, 8, 7, 8, 7, 
642: 8, 0, 8, 6, 0, 0, 0, 0, 0, 0, 8, 0, 0, 0, 9, 6, 0, 9, 7, 0, 7, 8, 6, 6, 4, 0, 8, 0, 0, 0, 8, 0, 6, 7, 10, 8, 7, 0, 0, 8, 0, 8, 0, 0, 9, 10, 10, 7, 8, 7, 0, 11, 6, 5, 0, 0, 6, 0, 0, 0, 0, 7, 8, 0, 8, 8, 9, 0, 5, 0, 0, 9, 7, 0, 8, 0, 0, 7, 0, 9, : 8, 8, 6, 8, 9, 6, 9, 7, 7, 8, 6, 6, 4, 8, 8, 6, 7, 10, 8, 7, 8, 8, 9, 10, 10, 7, 8, 7, 11, 6, 5, 6, 7, 8, 8, 8, 9, 5, 9, 7, 8, 7, 9, 
124: 7, 0, 9, 8, 0, 7, 10, 9, 6, 8, 6, 7, 8, 6, 0, 0, 8, 0, 8, 6, 0, 0, 0, 9, 0, 9, 7, 0, 0, 0, 0, 5, 8, 9, 7, 0, 0, 0, 0, 9, 9, 7, 0, 0, 0, 8, 0, 8, 0, 0, 8, 5, 0, 0, 7, 0, 0, 0, 8, 7, 9, 0, 10, 5, 6, 0, 9, 8, 9, 0, 0, 8, 5, 0, 6, 0, 0, 0, 0, 8, : 7, 9, 8, 7, 10, 9, 6, 8, 6, 7, 8, 6, 8, 8, 6, 9, 9, 7, 5, 8, 9, 7, 9, 9, 7, 8, 8, 8, 5, 7, 8, 7, 9, 10, 5, 6, 9, 8, 9, 8, 5, 6, 8, 
305: 0, 0, 11, 0, 0, 0, 0, 0, 8, 8, 0, 10, 0, 0, 8, 0, 7, 5, 8, 0, 0, 8, 8, 0, 7, 7, 0, 0, 9, 0, 0, 7, 5, 0, 0, 0, 0, 0, 8, 0, 0, 0, 0, 5, 7, 6, 0, 8, 8, 0, 6, 7, 0, 0, 0, 0, 0, 6, 7, 0, 7, 0, 0, 0, 7, 8, 0, 6, 8, 0, 0, 0, 7, 0, 0, 0, 5, 0, 0, 0, : 11, 8, 8, 10, 8, 7, 5, 8, 8, 8, 7, 7, 9, 7, 5, 8, 5, 7, 6, 8, 8, 6, 7, 6, 7, 7, 7, 8, 6, 8, 7, 5, 
352: 0, 8, 8, 0, 0, 0, 9, 7, 0, 0, 0, 0, 5, 0, 6, 7, 7, 9, 6, 0, 0, 0, 6, 8, 8, 7, 7, 0, 0, 10, 0, 0, 0, 0, 8, 7, 0, 0, 7, 0, 0, 0, 0, 0, 0, 0, 0, 5, 0, 0, 8, 0, 9, 6, 0, 0, 10, 9, 9, 0, 8, 8, 0, 0, 0, 0, 0, 8, 8, 0, 0, 8, 0, 0, 8, 8, 0, 0, 7, 0, : 8, 8, 9, 7, 5, 6, 7, 7, 9, 6, 6, 8, 8, 7, 7, 10, 8, 7, 7, 5, 8, 9, 6, 10, 9, 9, 8, 8, 8, 8, 8, 8, 8, 7, 
230: 0, 0, 0, 6, 8, 0, 10, 0, 0, 8, 0, 7, 0, 0, 8, 0, 0, 6, 10, 0, 10, 5, 5, 6, 9, 8, 6, 7, 9, 0, 7, 6, 9, 8, 0, 8, 0, 7, 6, 0, 9, 8, 0, 0, 5, 0, 0, 7, 0, 7, 7, 5, 9, 0, 9, 0, 8, 0, 0, 0, 0, 7, 10, 0, 6, 9, 0, 7, 7, 8, 0, 0, 8, 0, 8, 0, 8, 0, 8, 0, : 6, 8, 10, 8, 7, 8, 6, 10, 10, 5, 5, 6, 9, 8, 6, 7, 9, 7, 6, 9, 8, 8, 7, 6, 9, 8, 5, 7, 7, 7, 5, 9, 9, 8, 7, 10, 6, 9, 7, 7, 8, 8, 8, 8, 8, 
243: 8, 0, 6, 0, 8, 0, 0, 0, 0, 0, 0, 7, 7, 0, 0, 0, 9, 8, 9, 0, 0, 0, 0, 0, 9, 0, 0, 0, 7, 7, 0, 7, 5, 8, 0, 7, 0, 0, 8, 0, 9, 7, 9, 0, 0, 8, 0, 6, 6, 10, 5, 0, 8, 6, 0, 9, 9, 0, 0, 0, 8, 0, 0, 0, 9, 7, 8, 0, 8, 8, 7, 7, 0, 8, 7, 0, 0, 8, 0, 0, : 8, 6, 8, 7, 7, 9, 8, 9, 9, 7, 7, 7, 5, 8, 7, 8, 9, 7, 9, 8, 6, 6, 10, 5, 8, 6, 9, 9, 8, 9, 7, 8, 8, 8, 7, 7, 8, 7, 8, 
144: 6, 0, 8, 5, 0, 5, 8, 8, 0, 0, 8, 6, 0, 0, 8, 0, 0, 7, 6, 0, 0, 0, 0, 6, 7, 0, 0, 0, 8, 7, 0, 0, 0, 0, 0, 0, 0, 0, 0, 8, 9, 0, 0, 0, 0, 4, 0, 6, 0, 0, 8, 0, 0, 6, 0, 9, 5, 0, 8, 0, 0, 7, 9, 6, 0, 8, 0, 8, 8, 0, 7, 8, 9, 0, 8, 7, 0, 0, 0, 8, : 6, 8, 5, 5, 8, 8, 8, 6, 8, 7, 6, 6, 7, 8, 7, 8, 9, 4, 6, 8, 6, 9, 5, 8, 7, 9, 6, 8, 8, 8, 7, 8, 9, 8, 7, 8, 
595: 9, 7, 0, 0, 0, 0, 7, 7, 7, 9, 0, 6, 9, 0, 10, 5, 9, 0, 0, 0, 0, 0, 7, 0, 10, 10, 9, 0, 0, 6, 5, 10, 0, 0, 0, 0, 8, 0, 0, 8, 0, 8, 10, 0, 0, 0, 6, 9, 0, 0, 10, 0, 0, 0, 0, 0, 7, 0, 7, 0, 0, 7, 0, 0, 9, 8, 0, 8, 8, 0, 0, 0, 0, 8, 7, 7, 0, 0, 0, 0, : 9, 7, 7, 7, 7, 9, 6, 9, 10, 5, 9, 7, 10, 10, 9, 6, 5, 10, 8, 8, 8, 10, 6, 9, 10, 7, 7, 7, 9, 8, 8, 8, 8, 7, 7, 
103: 0, 7, 0, 9, 7, 0, 0, 0, 8, 0, 0, 0, 6, 0, 11, 6, 0, 0, 0, 7, 9, 0, 9, 0, 8, 0, 7, 0, 10, 5, 0, 0, 7, 0, 0, 0, 9, 8, 0, 0, 5, 0, 0, 11, 0, 0, 8, 7, 0, 5, 0, 0, 0, 7, 0, 5, 6, 9, 0, 0, 0, 0, 0, 0, 0, 0, 9, 9, 9, 0, 8, 0, 0, 0, 0, 8, 7, 0, 7, 9, : 7, 9, 7, 8, 6, 11, 6, 7, 9, 9, 8, 7, 10, 5, 7, 9, 8, 5, 11, 8, 7, 5, 7, 5, 6, 9, 9, 9, 9, 8, 8, 7, 7, 9, 
303: 0, 0, 0, 0, 8, 7, 9, 0, 0, 0, 10, 8, 0, 0, 6, 0, 7, 0, 0, 0, 0, 0, 9, 0, 9, 0, 0, 7, 0, 6, 9, 8, 0, 8, 7, 7, 0, 0, 7, 8, 8, 0, 0, 10, 7, 0, 0, 0, 7, 0, 9, 9, 7, 0, 0, 0, 0, 8, 0, 10, 8, 7, 7, 6, 8, 0, 0, 0, 0, 9, 0, 0, 7, 8, 8, 7, 0, 0, 7, 8, : 8, 7, 9, 10, 8, 6, 7, 9, 9, 7, 6, 9, 8, 8, 7, 7, 7, 8, 8, 10, 7, 7, 9, 9, 7, 8, 10, 8, 7, 7, 6, 8, 9, 7, 8, 8, 7, 7, 8, 
597: 0, 8, 0, 0, 0, 0, 0, 0, 0, 7, 0, 0, 10, 0, 9, 8, 0, 0, 9, 5, 6, 0, 8, 0, 9, 0, 10, 0, 7, 9, 0, 9, 7, 6, 6, 0, 7, 9, 6, 0, 7, 10, 7, 0, 0, 0, 0, 0, 0, 10, 10, 0, 7, 0, 7, 8, 0, 10, 0, 8, 0, 10, 0, 8, 0, 0, 8, 0, 0, 0, 8, 0, 6, 0, 8, 5, 0, 9, 0, 0, : 8, 7, 10, 9, 8, 9, 5, 6, 8, 9, 10, 7, 9, 9, 7, 6, 6, 7, 9, 6, 7, 10, 7, 10, 10, 7, 7, 8, 10, 8, 10, 8, 8, 8, 6, 8, 5, 9, 
629: 0, 5, 7, 8, 0, 0, 4, 8, 9, 8, 7, 0, 5, 5, 6, 0, 0, 8, 0, 9, 9, 10, 10, 0, 0, 0, 0, 7, 0, 7, 0, 9, 9, 0, 7, 0, 10, 9, 0, 0, 0, 0, 8, 0, 0, 11, 0, 8, 7, 0, 0, 0, 8, 0, 8, 0, 0, 6, 7, 7, 8, 6, 7, 0, 0, 0, 8, 0, 8, 7, 8, 0, 0, 8, 8, 8, 0, 5, 0, 8, : 5, 7, 8, 4, 8, 9, 8, 7, 5, 5, 6, 8, 9, 9, 10, 10, 7, 7, 9, 9, 7, 10, 9, 8, 11, 8, 7, 8, 8, 6, 7, 7, 8, 6, 7, 8, 8, 7, 8, 8, 8, 8, 5, 8, 
763: 8, 10, 0, 0, 10, 7, 7, 9, 7, 0, 8, 8, 0, 9, 0, 10, 0, 10, 0, 0, 10, 8, 0, 4, 7, 0, 0, 0, 0, 8, 8, 6, 10, 0, 0, 9, 0, 0, 8, 0, 0, 0, 9, 0, 8, 5, 9, 0, 0, 0, 0, 9, 0, 0, 9, 7, 7, 0, 8, 6, 8, 8, 0, 0, 8, 0, 0, 0, 0, 8, 0, 8, 7, 6, 0, 0, 9, 0, 0, 7, : 8, 10, 10, 7, 7, 9, 7, 8, 8, 9, 10, 10, 10, 8, 4, 7, 8, 8, 6, 10, 9, 8, 9, 8, 5, 9, 9, 9, 7, 7, 8, 6, 8, 8, 8, 8, 8, 7, 6, 9, 7, 
117: 5, 9, 0, 0, 5, 9, 6, 0, 8, 10, 9, 0, 0, 0, 0, 5, 9, 0, 0, 11, 5, 0, 9, 6, 0, 8, 8, 0, 10, 7, 6, 9, 10, 6, 8, 0, 8, 0, 0, 0, 10, 0, 0, 6, 7, 0, 0, 7, 9, 8, 6, 0, 0, 8, 0, 0, 0, 10, 0, 8, 0, 8, 9, 10, 0, 5, 8, 0, 0, 7, 0, 0, 7, 0, 7, 0, 0, 0, 8, 0, : 5, 9, 5, 9, 6, 8, 10, 9, 5, 9, 11, 5, 9, 6, 8, 8, 10, 7, 6, 9, 10, 6, 8, 8, 10, 6, 7, 7, 9, 8, 6, 8, 10, 8, 8, 9, 10, 5, 8, 7, 7, 7, 8, 
658: 10, 8, 6, 8, 0, 8, 0, 0, 0, 8, 7, 6, 0, 0, 0, 8, 0, 0, 0, 8, 4, 8, 0, 0, 6, 7, 0, 6, 0, 0, 0, 0, 0, 7, 5, 7, 8, 7, 0, 7, 7, 0, 10, 9, 0, 10, 0, 0, 7, 8, 0, 6, 0, 7, 0, 0, 0, 9, 9, 9, 0, 5, 0, 9, 8, 10, 0, 8, 8, 8, 0, 9, 8, 8, 0, 7, 0, 8, 8, 0, : 10, 8, 6, 8, 8, 8, 7, 6, 8, 8, 4, 8, 6, 7, 6, 7, 5, 7, 8, 7, 7, 7, 10, 9, 10, 7, 8, 6, 7, 9, 9, 9, 5, 9, 8, 10, 8, 8, 8, 9, 8, 8, 7, 8, 8, 
589: 7, 7, 9, 9, 7, 8, 0, 0, 8, 0, 4, 7, 8, 0, 0, 0, 7, 7, 7, 0, 8, 0, 0, 0, 6, 8, 0, 8, 7, 7, 9, 8, 0, 6, 6, 8, 8, 0, 0, 0, 9, 0, 8, 8, 8, 0, 0, 0, 0, 9, 9, 10, 0, 8, 0, 0, 6, 7, 0, 9, 8, 8, 0, 0, 7, 8, 0, 9, 7, 0, 8, 8, 9, 0, 9, 7, 8, 8, 8, 0, : 7, 7, 9, 9, 7, 8, 8, 4, 7, 8, 7, 7, 7, 8, 6, 8, 8, 7, 7, 9, 8, 6, 6, 8, 8, 9, 8, 8, 8, 9, 9, 10, 8, 6, 7, 9, 8, 8, 7, 8, 9, 7, 8, 8, 9, 9, 7, 8, 8, 8, 
670: 0, 0, 8, 0, 7, 0, 0, 0, 7, 0, 6, 0, 0, 5, 0, 7, 0, 0, 0, 0, 9, 7, 0, 0, 0, 0, 0, 0, 0, 0, 6, 0, 0, 9, 0, 0, 7, 0, 0, 9, 0, 0, 6, 10, 0, 0, 0, 0, 7, 6, 0, 10, 7, 7, 0, 0, 8, 0, 0, 0, 0, 8, 0, 0, 6, 7, 8, 7, 7, 7, 8, 0, 0, 8, 0, 8, 8, 0, 0, 0, : 8, 7, 7, 6, 5, 7, 9, 7, 6, 9, 7, 9, 6, 10, 7, 6, 10, 7, 7, 8, 8, 6, 7, 8, 7, 7, 7, 8, 8, 8, 8, 
709: 0, 8, 7, 0, 0, 6, 0, 6, 8, 7, 9, 9, 11, 0, 0, 10, 0, 0, 11, 8, 0, 0, 11, 0, 0, 0, 10, 9, 7, 9, 6, 0, 0, 0, 8, 0, 0, 0, 9, 0, 10, 9, 0, 0, 0, 8, 9, 0, 6, 0, 7, 7, 0, 0, 7, 8, 0, 0, 9, 0, 0, 7, 0, 11, 6, 6, 0, 0, 7, 7, 6, 0, 0, 8, 0, 0, 8, 0, 0, 0, : 8, 7, 6, 6, 8, 7, 9, 9, 11, 10, 11, 8, 11, 10, 9, 7, 9, 6, 8, 9, 10, 9, 8, 9, 6, 7, 7, 7, 8, 9, 7, 11, 6, 6, 7, 7, 6, 8, 8, 
82: 7, 0, 5, 9, 0, 0, 0, 0, 0, 7, 9, 0, 0, 7, 0, 7, 6, 0, 5, 0, 0, 6, 7, 0, 0, 0, 4, 0, 7, 0, 9, 0, 10, 7, 6, 0, 7, 0, 8, 11, 0, 0, 0, 7, 0, 7, 7, 0, 10, 6, 10, 9, 8, 8, 0, 0, 9, 0, 0, 8, 0, 0, 0, 0, 0, 0, 7, 0, 0, 8, 0, 0, 0, 0, 7, 0, 8, 0, 8, 8, : 7, 5, 9, 7, 9, 7, 7, 6, 5, 6, 7, 4, 7, 9, 10, 7, 6, 7, 8, 11, 7, 7, 7, 10, 6, 10, 9, 8, 8, 9, 8, 7, 8, 7, 8, 8, 8, 
627: 0, 0, 0, 7, 7, 8, 0, 8, 8, 0, 0, 0, 0, 6, 0, 0, 0, 0, 8, 0, 5, 7, 0, 0, 8, 6, 0, 7, 8, 0, 7, 9, 0, 10, 7, 0, 0, 0, 7, 0, 5, 0, 5, 0, 0, 0, 6, 0, 0, 8, 7, 0, 0, 8, 8, 0, 9, 0, 7, 8, 0, 0, 0, 0, 11, 6, 0, 0, 9, 0, 0, 0, 8, 0, 0, 0, 8, 0, 8, 6, : 7, 7, 8, 8, 8, 6, 8, 5, 7, 8, 6, 7, 8, 7, 9, 10, 7, 7, 5, 5, 6, 8, 7, 8, 8, 9, 7, 8, 11, 6, 9, 8, 8, 8, 6, 
212: 0, 0, 7, 0, 0, 0, 8, 0, 0, 0, 0, 0, 0, 7, 0, 0, 9, 0, 7, 9, 6, 0, 6, 0, 9, 0, 0, 0, 0, 0, 8, 0, 0, 0, 0, 7, 10, 0, 0, 0, 0, 6, 9, 0, 8, 0, 0, 7, 0, 10, 10, 0, 7, 6, 0, 7, 0, 7, 0, 0, 5, 0, 6, 0, 0, 8, 0, 0, 0, 8, 9, 8, 0, 0, 7, 7, 0, 8, 0, 7, : 7, 8, 7, 9, 7, 9, 6, 6, 9, 8, 7, 10, 6, 9, 8, 7, 10, 10, 7, 6, 7, 7, 5, 6, 8, 8, 9, 8, 7, 7, 8, 7, 
680: 0, 8, 0, 10, 8, 0, 0, 10, 8, 9, 0, 8, 10, 0, 0, 0, 0, 7, 0, 0, 0, 0, 10, 8, 8, 0, 0, 8, 9, 0, 6, 0, 0, 0, 7, 7, 8, 8, 8, 0, 0, 0, 6, 0, 0, 6, 0, 0, 6, 0, 0, 0, 0, 0, 8, 9, 6, 7, 0, 0, 8, 9, 8, 0, 0, 0, 7, 0, 0, 9, 8, 0, 0, 0, 7, 8, 7, 0, 0, 8, : 8, 10, 8, 10, 8, 9, 8, 10, 7, 10, 8, 8, 8, 9, 6, 7, 7, 8, 8, 8, 6, 6, 6, 8, 9, 6, 7, 8, 9, 8, 7, 9, 8, 7, 8, 7, 8, 


118: 9, 0, 8, 7, 0, 6, 7, 7, 6, 0, 0, 9, 0, 7, 8, 8, 0, 0, 0, 0, 8, 0, 5, 0, 0, 0, 0, 0, 5, 7, 0, 8, 10, 6, 6, 9, 9, 9, 9, 8, 0, 5, 7, 6, 0, 9, 10, 0, 0, 0, 9, 8, 6, 0, 0, 9, 0, 0, 8, 7, 9, 0, 8, 7, 5, 0, 0, 0, 0, 0, 0, 8, 7, 0, 0, 0, 0, 8, 9, 0, : 9, 8, 7, 6, 7, 7, 6, 9, 7, 8, 8, 8, 5, 5, 7, 8, 10, 6, 6, 9, 9, 9, 9, 8, 5, 7, 6, 9, 10, 9, 8, 6, 9, 8, 7, 9, 8, 7, 5, 8, 7, 8, 9, 
274: 0, 7, 0, 0, 0, 10, 0, 10, 8, 0, 5, 9, 0, 8, 8, 8, 6, 0, 0, 6, 0, 0, 0, 8, 0, 0, 9, 7, 0, 0, 0, 8, 0, 0, 7, 0, 0, 7, 0, 7, 0, 0, 0, 0, 8, 9, 8, 0, 9, 8, 0, 7, 8, 0, 9, 0, 0, 0, 0, 7, 0, 0, 0, 7, 0, 8, 0, 0, 0, 0, 0, 7, 0, 7, 0, 7, 9, 8, 0, 6, : 7, 10, 10, 8, 5, 9, 8, 8, 8, 6, 6, 8, 9, 7, 8, 7, 7, 7, 8, 9, 8, 9, 8, 7, 8, 9, 7, 7, 8, 7, 7, 7, 9, 8, 6, 
625: 8, 0, 0, 7, 0, 0, 0, 8, 8, 6, 0, 0, 6, 8, 0, 0, 8, 6, 0, 0, 8, 0, 0, 7, 6, 7, 7, 7, 0, 7, 0, 7, 7, 7, 9, 0, 7, 10, 10, 0, 0, 7, 6, 7, 0, 0, 0, 9, 8, 8, 7, 0, 8, 8, 0, 0, 7, 6, 0, 9, 0, 9, 0, 0, 8, 6, 8, 0, 0, 8, 0, 7, 0, 0, 8, 7, 0, 8, 8, 7, : 8, 7, 8, 8, 6, 6, 8, 8, 6, 8, 7, 6, 7, 7, 7, 7, 7, 7, 7, 9, 7, 10, 10, 7, 6, 7, 9, 8, 8, 7, 8, 8, 7, 6, 9, 9, 8, 6, 8, 8, 7, 8, 7, 8, 8, 7, 
487: 8, 0, 7, 7, 6, 0, 8, 0, 0, 0, 0, 0, 5, 0, 8, 7, 0, 8, 8, 6, 0, 0, 0, 0, 7, 6, 7, 0, 8, 0, 0, 0, 0, 7, 8, 7, 8, 0, 8, 6, 0, 8, 7, 0, 8, 0, 7, 0, 0, 9, 0, 10, 8, 0, 0, 0, 0, 8, 9, 6, 0, 6, 6, 10, 0, 0, 8, 8, 0, 0, 0, 0, 8, 7, 0, 0, 0, 7, 8, 0, : 8, 7, 7, 6, 8, 5, 8, 7, 8, 8, 6, 7, 6, 7, 8, 7, 8, 7, 8, 8, 6, 8, 7, 8, 7, 9, 10, 8, 8, 9, 6, 6, 6, 10, 8, 8, 8, 7, 7, 8, 
38: 7, 0, 10, 0, 8, 0, 7, 6, 0, 0, 8, 0, 0, 9, 0, 0, 0, 0, 0, 0, 0, 0, 7, 9, 0, 8, 0, 0, 9, 0, 6, 0, 0, 5, 0, 0, 0, 10, 8, 8, 0, 0, 0, 0, 0, 7, 0, 9, 0, 5, 7, 0, 8, 0, 0, 8, 0, 9, 7, 7, 7, 0, 9, 0, 10, 0, 0, 8, 0, 9, 7, 8, 0, 0, 0, 8, 8, 7, 0, 7, : 7, 10, 8, 7, 6, 8, 9, 7, 9, 8, 9, 6, 5, 10, 8, 8, 7, 9, 5, 7, 8, 8, 9, 7, 7, 7, 9, 10, 8, 9, 7, 8, 8, 8, 7, 7, 
223: 0, 0, 7, 0, 0, 7, 0, 9, 10, 9, 9, 6, 0, 0, 0, 8, 0, 8, 7, 0, 0, 0, 0, 0, 0, 10, 0, 0, 0, 0, 8, 7, 6, 7, 9, 7, 0, 0, 8, 7, 8, 0, 8, 0, 0, 0, 0, 6, 0, 7, 0, 0, 0, 0, 6, 8, 0, 7, 0, 0, 0, 0, 0, 9, 8, 0, 0, 0, 0, 0, 0, 0, 0, 0, 0, 8, 8, 0, 0, 0, : 7, 7, 9, 10, 9, 9, 6, 8, 8, 7, 10, 8, 7, 6, 7, 9, 7, 8, 7, 8, 8, 6, 7, 6, 8, 7, 9, 8, 8, 8, 
392: 0, 0, 0, 0, 0, 0, 0, 0, 10, 0, 6, 6, 7, 5, 0, 9, 7, 6, 6, 9, 0, 6, 0, 0, 0, 8, 7, 7, 9, 0, 0, 0, 0, 0, 0, 8, 0, 7, 0, 8, 6, 0, 10, 0, 6, 6, 0, 7, 0, 0, 0, 0, 0, 6, 8, 6, 8, 10, 7, 7, 6, 8, 0, 0, 0, 8, 0, 0, 8, 9, 0, 7, 0, 0, 0, 7, 0, 7, 7, 8, : 10, 6, 6, 7, 5, 9, 7, 6, 6, 9, 6, 8, 7, 7, 9, 8, 7, 8, 6, 10, 6, 6, 7, 6, 8, 6, 8, 10, 7, 7, 6, 8, 8, 8, 9, 7, 7, 7, 7, 8, 
488: 8, 8, 0, 9, 8, 0, 10, 8, 0, 11, 0, 5, 10, 0, 9, 0, 9, 0, 0, 0, 0, 0, 10, 10, 0, 0, 9, 0, 0, 4, 0, 0, 7, 0, 6, 7, 0, 0, 9, 0, 8, 0, 0, 10, 9, 0, 7, 5, 0, 10, 0, 0, 0, 8, 8, 0, 5, 0, 0, 7, 0, 0, 9, 0, 9, 7, 0, 7, 8, 0, 0, 0, 0, 0, 7, 0, 7, 8, 0, 9, : 8, 8, 9, 8, 10, 8, 11, 5, 10, 9, 9, 10, 10, 9, 4, 7, 6, 7, 9, 8, 10, 9, 7, 5, 10, 8, 8, 5, 7, 9, 9, 7, 7, 8, 7, 7, 8, 9, 
331: 0, 10, 0, 0, 8, 8, 0, 0, 6, 0, 9, 0, 0, 0, 0, 10, 8, 11, 0, 9, 0, 0, 0, 6, 0, 9, 0, 0, 6, 6, 7, 8, 8, 0, 0, 0, 0, 0, 7, 0, 7, 0, 8, 10, 0, 6, 10, 0, 0, 8, 0, 0, 8, 0, 9, 9, 0, 0, 0, 0, 0, 0, 10, 0, 0, 7, 7, 0, 7, 0, 0, 8, 0, 7, 9, 8, 0, 7, 0, 0, : 10, 8, 8, 6, 9, 10, 8, 11, 9, 6, 9, 6, 6, 7, 8, 8, 7, 7, 8, 10, 6, 10, 8, 8, 9, 9, 10, 7, 7, 7, 8, 7, 9, 8, 7, 
535: 8, 0, 0, 0, 5, 6, 0, 0, 6, 0, 7, 9, 8, 0, 0, 0, 0, 6, 0, 0, 8, 0, 9, 0, 0, 0, 0, 9, 8, 0, 9, 0, 0, 0, 7, 0, 0, 0, 0, 6, 0, 6, 0, 8, 0, 0, 0, 8, 0, 6, 0, 0, 0, 0, 0, 0, 5, 0, 9, 10, 0, 0, 6, 0, 0, 0, 0, 0, 7, 0, 0, 0, 9, 0, 0, 0, 7, 0, 7, 0, : 8, 5, 6, 6, 7, 9, 8, 6, 8, 9, 9, 8, 9, 7, 6, 6, 8, 8, 6, 5, 9, 10, 6, 7, 9, 7, 7, 
523: 0, 9, 9, 0, 6, 0, 7, 0, 0, 8, 9, 9, 0, 0, 0, 0, 8, 0, 0, 0, 9, 8, 8, 7, 10, 0, 0, 6, 0, 0, 6, 0, 8, 0, 0, 0, 0, 8, 8, 0, 0, 0, 0, 7, 10, 0, 0, 0, 11, 8, 0, 8, 0, 0, 8, 0, 9, 0, 0, 8, 0, 6, 0, 8, 0, 9, 0, 0, 8, 0, 9, 7, 0, 7, 9, 8, 0, 8, 8, 8, : 9, 9, 6, 7, 8, 9, 9, 8, 9, 8, 8, 7, 10, 6, 6, 8, 8, 8, 7, 10, 11, 8, 8, 8, 9, 8, 6, 8, 9, 8, 9, 7, 7, 9, 8, 8, 8, 8, 
547: 0, 9, 0, 0, 7, 7, 0, 7, 0, 8, 5, 0, 0, 9, 8, 8, 10, 10, 9, 9, 8, 0, 11, 0, 0, 7, 0, 0, 5, 9, 0, 6, 7, 0, 0, 7, 0, 0, 9, 8, 0, 0, 8, 0, 7, 0, 7, 0, 0, 0, 0, 8, 0, 0, 0, 8, 0, 10, 9, 0, 8, 9, 0, 7, 7, 0, 8, 0, 7, 8, 0, 0, 8, 0, 8, 0, 8, 0, 0, 7, : 9, 7, 7, 7, 8, 5, 9, 8, 8, 10, 10, 9, 9, 8, 11, 7, 5, 9, 6, 7, 7, 9, 8, 8, 7, 7, 8, 8, 10, 9, 8, 9, 7, 7, 8, 7, 8, 8, 8, 8, 7, 
699: 0, 6, 0, 7, 8, 7, 0, 0, 7, 8, 0, 0, 0, 7, 7, 0, 0, 9, 0, 8, 0, 0, 9, 0, 0, 9, 8, 0, 8, 0, 0, 0, 0, 0, 8, 8, 0, 8, 0, 0, 7, 0, 6, 6, 0, 7, 9, 0, 0, 0, 5, 8, 0, 7, 0, 0, 0, 8, 8, 0, 7, 9, 9, 8, 7, 0, 9, 0, 7, 0, 8, 8, 8, 8, 0, 0, 0, 0, 0, 8, : 6, 7, 8, 7, 7, 8, 7, 7, 9, 8, 9, 9, 8, 8, 8, 8, 8, 7, 6, 6, 7, 9, 5, 8, 7, 8, 8, 7, 9, 9, 8, 7, 9, 7, 8, 8, 8, 8, 8, 
145: 0, 11, 0, 0, 0, 0, 0, 8, 0, 0, 0, 6, 0, 7, 7, 8, 8, 0, 0, 9, 0, 6, 0, 0, 10, 0, 0, 0, 0, 8, 5, 7, 7, 8, 0, 0, 0, 6, 7, 0, 9, 8, 9, 9, 6, 9, 10, 9, 7, 0, 0, 0, 0, 9, 0, 0, 8, 0, 0, 7, 8, 7, 0, 6, 7, 0, 0, 0, 7, 0, 7, 9, 0, 8, 8, 9, 0, 0, 9, 7, : 11, 8, 6, 7, 7, 8, 8, 9, 6, 10, 8, 5, 7, 7, 8, 6, 7, 9, 8, 9, 9, 6, 9, 10, 9, 7, 9, 8, 7, 8, 7, 6, 7, 7, 7, 9, 8, 8, 9, 9, 7, 
608: 0, 0, 0, 0, 5, 0, 0, 8, 0, 5, 0, 0, 0, 8, 5, 0, 0, 0, 0, 7, 0, 0, 7, 0, 5, 8, 8, 6, 8, 6, 9, 6, 0, 9, 6, 6, 0, 0, 0, 7, 0, 11, 10, 0, 0, 0, 9, 0, 8, 0, 7, 7, 0, 0, 8, 9, 10, 8, 8, 0, 0, 6, 0, 6, 0, 0, 7, 8, 0, 0, 0, 8, 7, 0, 0, 7, 0, 0, 8, 9, : 5, 8, 5, 8, 5, 7, 7, 5, 8, 8, 6, 8, 6, 9, 6, 9, 6, 6, 7, 11, 10, 9, 8, 7, 7, 8, 9, 10, 8, 8, 6, 6, 7, 8, 8, 7, 7, 8, 9, 
514: 9, 0, 0, 6, 0, 8, 8, 8, 10, 0, 10, 0, 10, 8, 0, 0, 0, 0, 0, 8, 8, 0, 0, 0, 6, 0, 0, 0, 8, 8, 0, 0, 0, 8, 7, 7, 6, 9, 6, 0, 8, 10, 6, 6, 6, 0, 0, 0, 0, 9, 7, 8, 9, 9, 0, 0, 4, 8, 8, 0, 0, 0, 10, 0, 6, 8, 7, 9, 9, 7, 0, 0, 0, 8, 8, 9, 8, 8, 7, 0, : 9, 6, 8, 8, 8, 10, 10, 10, 8, 8, 8, 6, 8, 8, 8, 7, 7, 6, 9, 6, 8, 10, 6, 6, 6, 9, 7, 8, 9, 9, 4, 8, 8, 10, 6, 8, 7, 9, 9, 7, 8, 8, 9, 8, 8, 7, 
316: 11, 0, 8, 0, 0, 9, 0, 0, 8, 0, 6, 8, 7, 0, 8, 0, 0, 0, 0, 0, 6, 0, 0, 0, 0, 9, 8, 0, 10, 0, 8, 8, 0, 7, 0, 9, 7, 0, 0, 0, 8, 0, 7, 6, 0, 10, 0, 6, 9, 10, 0, 0, 0, 9, 6, 8, 6, 8, 7, 0, 9, 0, 0, 9, 0, 0, 7, 0, 9, 7, 0, 8, 0, 0, 0, 0, 0, 0, 0, 7, : 11, 8, 9, 8, 6, 8, 7, 8, 6, 9, 8, 10, 8, 8, 7, 9, 7, 8, 7, 6, 10, 6, 9, 10, 9, 6, 8, 6, 8, 7, 9, 9, 7, 9, 7, 8, 7, 
54: 0, 0, 0, 0, 0, 0, 10, 0, 0, 10, 6, 9, 0, 5, 10, 7, 0, 0, 9, 0, 0, 0, 10, 9, 8, 8, 5, 0, 0, 6, 0, 0, 0, 0, 0, 7, 0, 7, 0, 8, 0, 9, 0, 0, 0, 6, 0, 0, 7, 7, 9, 6, 0, 0, 0, 0, 7, 8, 0, 0, 7, 7, 0, 6, 0, 0, 0, 0, 9, 0, 0, 0, 0, 0, 0, 0, 0, 7, 7, 0, : 10, 10, 6, 9, 5, 10, 7, 9, 10, 9, 8, 8, 5, 6, 7, 7, 8, 9, 6, 7, 7, 9, 6, 7, 8, 7, 7, 6, 9, 7, 7, 
570: 6, 8, 0, 0, 0, 0, 0, 0, 8, 0, 0, 0, 5, 6, 8, 7, 6, 0, 8, 8, 0, 8, 5, 0, 9, 0, 0, 0, 0, 8, 9, 10, 0, 0, 7, 7, 10, 0, 8, 0, 0, 0, 0, 8, 0, 8, 0, 8, 7, 10, 9, 6, 9, 8, 0, 8, 0, 0, 4, 8, 10, 0, 0, 10, 6, 7, 0, 7, 7, 0, 7, 0, 8, 7, 9, 8, 7, 0, 8, 0, : 6, 8, 8, 5, 6, 8, 7, 6, 8, 8, 8, 5, 9, 8, 9, 10, 7, 7, 10, 8, 8, 8, 8, 7, 10, 9, 6, 9, 8, 8, 4, 8, 10, 10, 6, 7, 7, 7, 7, 8, 7, 9, 8, 7, 8, 
416: 0, 7, 9, 0, 8, 0, 8, 6, 0, 5, 0, 0, 0, 0, 0, 6, 8, 9, 0, 0, 0, 8, 10, 0, 5, 11, 0, 0, 9, 0, 0, 0, 6, 0, 0, 0, 0, 0, 0, 8, 0, 6, 9, 0, 6, 0, 0, 8, 6, 0, 7, 0, 6, 7, 0, 8, 5, 9, 0, 7, 0, 0, 0, 7, 0, 0, 0, 0, 0, 0, 0, 9, 7, 0, 8, 6, 9, 0, 0, 7, : 7, 9, 8, 8, 6, 5, 6, 8, 9, 8, 10, 5, 11, 9, 6, 8, 6, 9, 6, 8, 6, 7, 6, 7, 8, 5, 9, 7, 7, 9, 7, 8, 6, 9, 7, 
400: 8, 8, 9, 8, 9, 7, 0, 0, 0, 0, 5, 0, 8, 9, 8, 0, 0, 0, 7, 0, 0, 6, 7, 0, 9, 0, 9, 0, 0, 7, 0, 0, 0, 7, 7, 0, 0, 6, 7, 6, 0, 7, 6, 6, 0, 8, 6, 7, 0, 0, 7, 0, 0, 9, 0, 0, 0, 0, 8, 6, 0, 0, 0, 6, 9, 7, 6, 0, 8, 8, 0, 0, 8, 8, 0, 8, 8, 8, 0, 0, : 8, 8, 9, 8, 9, 7, 5, 8, 9, 8, 7, 6, 7, 9, 9, 7, 7, 7, 6, 7, 6, 7, 6, 6, 8, 6, 7, 7, 9, 8, 6, 6, 9, 7, 6, 8, 8, 8, 8, 8, 8, 8, 
702: 6, 9, 0, 7, 0, 9, 9, 10, 0, 9, 0, 0, 9, 7, 9, 0, 0, 8, 0, 0, 0, 9, 8, 7, 8, 9, 5, 0, 0, 0, 0, 7, 7, 0, 0, 0, 9, 0, 0, 9, 8, 0, 0, 7, 0, 0, 8, 0, 9, 0, 8, 0, 0, 7, 7, 7, 0, 7, 0, 0, 7, 0, 7, 0, 8, 7, 8, 8, 0, 8, 7, 0, 8, 7, 7, 7, 0, 9, 0, 0, : 6, 9, 7, 9, 9, 10, 9, 9, 7, 9, 8, 9, 8, 7, 8, 9, 5, 7, 7, 9, 9, 8, 7, 8, 9, 8, 7, 7, 7, 7, 7, 7, 8, 7, 8, 8, 8, 7, 8, 7, 7, 7, 9, 
140: 6, 0, 0, 10, 6, 0, 0, 0, 0, 9, 0, 8, 0, 0, 0, 7, 0, 0, 8, 0, 0, 0, 0, 0, 8, 0, 8, 0, 0, 10, 8, 0, 6, 0, 0, 9, 6, 0, 6, 8, 8, 9, 5, 0, 0, 6, 7, 0, 6, 0, 0, 8, 8, 0, 9, 8, 7, 0, 0, 0, 0, 8, 0, 0, 0, 0, 0, 7, 0, 0, 8, 9, 0, 8, 8, 0, 0, 8, 0, 0, : 6, 10, 6, 9, 8, 7, 8, 8, 8, 10, 8, 6, 9, 6, 6, 8, 8, 9, 5, 6, 7, 6, 8, 8, 9, 8, 7, 8, 7, 8, 9, 8, 8, 8, 
10: 0, 0, 9, 0, 0, 7, 4, 11, 8, 9, 9, 0, 8, 7, 0, 0, 7, 8, 0, 6, 7, 0, 0, 7, 8, 8, 8, 0, 8, 9, 0, 0, 0, 8, 8, 7, 0, 0, 0, 0, 0, 8, 0, 8, 7, 0, 0, 8, 9, 0, 9, 0, 0, 6, 10, 4, 9, 10, 0, 10, 8, 8, 0, 8, 0, 9, 8, 8, 0, 7, 0, 0, 0, 9, 8, 0, 7, 7, 7, 9, : 9, 7, 4, 11, 8, 9, 9, 8, 7, 7, 8, 6, 7, 7, 8, 8, 8, 8, 9, 8, 8, 7, 8, 8, 7, 8, 9, 9, 6, 10, 4, 9, 10, 10, 8, 8, 8, 9, 8, 8, 7, 9, 8, 7, 7, 7, 9, 
304: 0, 8, 7, 0, 0, 0, 8, 6, 0, 10, 0, 0, 0, 7, 5, 9, 6, 7, 8, 0, 8, 0, 0, 7, 7, 7, 0, 8, 8, 0, 0, 9, 9, 9, 6, 0, 0, 7, 0, 0, 8, 0, 7, 9, 0, 0, 0, 8, 0, 0, 8, 8, 0, 0, 6, 8, 0, 6, 7, 9, 6, 0, 0, 0, 7, 0, 0, 7, 8, 6, 8, 0, 0, 0, 7, 0, 9, 7, 9, 0, : 8, 7, 8, 6, 10, 7, 5, 9, 6, 7, 8, 8, 7, 7, 7, 8, 8, 9, 9, 9, 6, 7, 8, 7, 9, 8, 8, 8, 6, 8, 6, 7, 9, 6, 7, 7, 8, 6, 8, 7, 9, 7, 9, 
280: 0, 0, 9, 0, 8, 0, 7, 0, 9, 7, 0, 5, 7, 9, 9, 7, 10, 0, 9, 7, 7, 0, 0, 0, 8, 6, 8, 0, 0, 8, 7, 10, 0, 0, 8, 8, 8, 0, 0, 6, 6, 6, 0, 0, 0, 0, 8, 9, 0, 7, 7, 7, 6, 0, 8, 8, 0, 10, 0, 0, 8, 7, 9, 0, 0, 0, 0, 6, 0, 8, 0, 8, 0, 0, 0, 7, 0, 9, 8, 7, : 9, 8, 7, 9, 7, 5, 7, 9, 9, 7, 10, 9, 7, 7, 8, 6, 8, 8, 7, 10, 8, 8, 8, 6, 6, 6, 8, 9, 7, 7, 7, 6, 8, 8, 10, 8, 7, 9, 6, 8, 8, 7, 9, 8, 7, 
764: 0, 7, 0, 8, 0, 0, 8, 0, 0, 0, 9, 7, 10, 0, 0, 0, 0, 0, 7, 8, 0, 0, 0, 0, 0, 0, 0, 0, 0, 0, 0, 0, 0, 0, 8, 0, 0, 9, 9, 7, 5, 0, 0, 8, 8, 0, 6, 7, 0, 7, 0, 0, 7, 0, 0, 0, 7, 7, 8, 8, 9, 9, 0, 7, 9, 8, 7, 8, 9, 9, 7, 7, 6, 0, 7, 7, 0, 7, 7, 0, : 7, 8, 8, 9, 7, 10, 7, 8, 8, 9, 9, 7, 5, 8, 8, 6, 7, 7, 7, 7, 7, 8, 8, 9, 9, 7, 9, 8, 7, 8, 9, 9, 7, 7, 6, 7, 7, 7, 7, 
377: 0, 0, 8, 4, 7, 0, 8, 0, 8, 0, 0, 10, 0, 0, 0, 9, 9, 0, 0, 0, 5, 6, 8, 6, 0, 7, 0, 5, 0, 0, 9, 7, 8, 0, 7, 10, 0, 0, 7, 0, 0, 0, 8, 0, 0, 0, 6, 6, 5, 0, 7, 7, 0, 8, 9, 0, 7, 8, 10, 9, 0, 6, 0, 9, 0, 6, 7, 0, 7, 0, 0, 0, 9, 9, 7, 0, 8, 0, 0, 9, : 8, 4, 7, 8, 8, 10, 9, 9, 5, 6, 8, 6, 7, 5, 9, 7, 8, 7, 10, 7, 8, 6, 6, 5, 7, 7, 8, 9, 7, 8, 10, 9, 6, 9, 6, 7, 7, 9, 9, 7, 8, 9, 
485: 0, 0, 11, 0, 9, 7, 0, 0, 8, 0, 0, 0, 0, 4, 0, 0, 7, 0, 11, 8, 9, 6, 5, 6, 0, 8, 0, 8, 0, 0, 0, 0, 0, 5, 6, 0, 9, 8, 0, 0, 0, 10, 7, 0, 8, 0, 0, 0, 7, 7, 7, 0, 8, 7, 9, 0, 0, 10, 10, 9, 8, 10, 0, 10, 8, 8, 0, 9, 8, 7, 9, 6, 0, 0, 0, 0, 0, 7, 8, 8, : 11, 9, 7, 8, 4, 7, 11, 8, 9, 6, 5, 6, 8, 8, 5, 6, 9, 8, 10, 7, 8, 7, 7, 7, 8, 7, 9, 10, 10, 9, 8, 10, 10, 8, 8, 9, 8, 7, 9, 6, 7, 8, 8, 
382: 9, 0, 0, 10, 7, 6, 9, 7, 9, 0, 5, 0, 6, 8, 7, 0, 8, 8, 0, 7, 0, 0, 0, 0, 8, 0, 0, 10, 8, 0, 9, 0, 0, 0, 8, 0, 0, 8, 9, 0, 7, 0, 8, 9, 0, 9, 0, 0, 0, 6, 8, 0, 0, 9, 8, 6, 9, 0, 0, 7, 7, 0, 0, 6, 7, 0, 8, 7, 0, 0, 8, 0, 9, 0, 0, 0, 0, 7, 0, 8, : 9, 10, 7, 6, 9, 7, 9, 5, 6, 8, 7, 8, 8, 7, 8, 10, 8, 9, 8, 8, 9, 7, 8, 9, 9, 6, 8, 9, 8, 6, 9, 7, 7, 6, 7, 8, 7, 8, 9, 7, 8, 
673: 7, 0, 0, 5, 0, 0, 8, 0, 5, 7, 0, 0, 0, 0, 9, 0, 0, 7, 6, 0, 6, 7, 0, 9, 0, 8, 8, 9, 6, 0, 9, 0, 8, 0, 8, 0, 10, 0, 7, 0, 0, 0, 7, 6, 10, 0, 0, 8, 0, 8, 0, 0, 5, 0, 0, 0, 0, 0, 10, 0, 0, 9, 8, 7, 0, 0, 9, 0, 8, 0, 0, 7, 0, 0, 9, 0, 7, 0, 0, 7, : 7, 5, 8, 5, 7, 9, 7, 6, 6, 7, 9, 8, 8, 9, 6, 9, 8, 8, 10, 7, 7, 6, 10, 8, 8, 5, 10, 9, 8, 7, 9, 8, 7, 9, 7, 7, 
706: 0, 9, 5, 9, 11, 0, 9, 10, 7, 0, 0, 0, 0, 0, 8, 8, 0, 9, 0, 9, 0, 8, 8, 6, 11, 8, 0, 0, 0, 0, 0, 0, 5, 0, 0, 0, 9, 7, 8, 7, 8, 0, 7, 0, 10, 8, 5, 6, 9, 0, 0, 10, 8, 0, 6, 0, 0, 0, 7, 0, 0, 0, 0, 0, 7, 0, 8, 6, 9, 0, 8, 6, 0, 0, 7, 0, 0, 0, 9, 7, : 9, 5, 9, 11, 9, 10, 7, 8, 8, 9, 9, 8, 8, 6, 11, 8, 5, 9, 7, 8, 7, 8, 7, 10, 8, 5, 6, 9, 10, 8, 6, 7, 7, 8, 6, 9, 8, 6, 7, 9, 7, 
55: 0, 0, 10, 0, 7, 0, 6, 10, 0, 0, 0, 0, 11, 0, 0, 8, 7, 0, 10, 7, 9, 9, 7, 0, 7, 0, 0, 9, 0, 0, 0, 0, 7, 8, 8, 0, 8, 0, 7, 0, 8, 6, 0, 0, 7, 7, 0, 0, 6, 0, 8, 8, 8, 0, 8, 0, 0, 0, 6, 10, 8, 7, 7, 0, 8, 7, 0, 0, 0, 7, 0, 0, 7, 0, 7, 0, 7, 0, 7, 0, : 10, 7, 6, 10, 11, 8, 7, 10, 7, 9, 9, 7, 7, 9, 7, 8, 8, 8, 7, 8, 6, 7, 7, 6, 8, 8, 8, 8, 6, 10, 8, 7, 7, 8, 7, 7, 7, 7, 7, 7, 
11: 6, 0, 0, 7, 7, 8, 5, 0, 0, 6, 8, 0, 6, 0, 9, 0, 0, 0, 5, 0, 11, 7, 7, 6, 0, 0, 0, 0, 7, 0, 6, 0, 9, 0, 10, 6, 7, 6, 0, 10, 6, 0, 0, 0, 7, 0, 0, 0, 0, 0, 8, 0, 5, 0, 9, 7, 7, 0, 0, 6, 7, 9, 0, 6, 0, 9, 0, 0, 6, 0, 7, 0, 8, 0, 0, 7, 0, 8, 0, 7, : 6, 7, 7, 8, 5, 6, 8, 6, 9, 5, 11, 7, 7, 6, 7, 6, 9, 10, 6, 7, 6, 10, 6, 7, 8, 5, 9, 7, 7, 6, 7, 9, 6, 9, 6, 7, 8, 7, 8, 7, 
20: 0, 0, 7, 7, 8, 0, 8, 0, 0, 0, 9, 0, 0, 0, 5, 8, 0, 8, 6, 0, 9, 8, 10, 8, 0, 0, 0, 0, 0, 0, 0, 0, 6, 0, 0, 0, 6, 0, 0, 9, 0, 0, 0, 0, 0, 0, 0, 0, 0, 0, 0, 9, 0, 0, 6, 0, 0, 0, 10, 0, 6, 0, 0, 0, 7, 8, 0, 0, 9, 0, 7, 7, 7, 0, 0, 8, 0, 6, 7, 0, : 7, 7, 8, 8, 9, 5, 8, 8, 6, 9, 8, 10, 8, 6, 6, 9, 9, 6, 10, 6, 7, 8, 9, 7, 7, 7, 8, 6, 7, 
378: 9, 5, 0, 0, 0, 9, 8, 0, 8, 0, 0, 0, 10, 0, 0, 0, 8, 8, 0, 0, 0, 9, 7, 0, 0, 5, 5, 8, 9, 6, 6, 0, 9, 0, 0, 0, 0, 0, 0, 9, 0, 8, 0, 0, 0, 8, 6, 0, 0, 8, 6, 0, 8, 0, 8, 6, 0, 0, 0, 9, 9, 9, 5, 0, 6, 8, 8, 7, 8, 9, 8, 9, 0, 7, 0, 7, 0, 0, 7, 8, : 9, 5, 9, 8, 8, 10, 8, 8, 9, 7, 5, 5, 8, 9, 6, 6, 9, 9, 8, 8, 6, 8, 6, 8, 8, 6, 9, 9, 9, 5, 6, 8, 8, 7, 8, 9, 8, 9, 7, 7, 7, 8, 
257: 9, 0, 7, 0, 0, 8, 0, 0, 0, 0, 10, 0, 0, 0, 0, 0, 7, 8, 0, 0, 0, 6, 6, 8, 0, 5, 7, 0, 0, 0, 9, 7, 0, 0, 9, 7, 10, 0, 6, 9, 0, 7, 8, 0, 0, 7, 0, 8, 0, 0, 0, 9, 6, 0, 0, 6, 9, 10, 0, 8, 0, 8, 0, 0, 0, 0, 7, 0, 7, 0, 9, 0, 0, 8, 0, 0, 9, 0, 7, 0, : 9, 7, 8, 10, 7, 8, 6, 6, 8, 5, 7, 9, 7, 9, 7, 10, 6, 9, 7, 8, 7, 8, 9, 6, 6, 9, 10, 8, 8, 7, 7, 9, 8, 9, 7, 
413: 0, 0, 7, 0, 0, 0, 0, 7, 9, 6, 7, 10, 0, 11, 7, 9, 8, 0, 9, 0, 9, 8, 8, 10, 0, 10, 0, 11, 0, 8, 5, 0, 0, 8, 0, 0, 0, 7, 8, 8, 7, 0, 8, 0, 0, 0, 0, 7, 8, 8, 0, 9, 8, 9, 0, 9, 7, 0, 7, 0, 0, 0, 7, 0, 0, 0, 7, 0, 0, 8, 0, 0, 0, 9, 9, 7, 7, 0, 0, 0, : 7, 7, 9, 6, 7, 10, 11, 7, 9, 8, 9, 9, 8, 8, 10, 10, 11, 8, 5, 8, 7, 8, 8, 7, 8, 7, 8, 8, 9, 8, 9, 9, 7, 7, 7, 7, 8, 9, 9, 7, 7, 
357: 7, 0, 8, 0, 9, 0, 6, 0, 0, 0, 9, 0, 0, 0, 9, 0, 9, 8, 9, 0, 6, 0, 0, 6, 0, 0, 0, 0, 9, 0, 7, 6, 0, 7, 0, 0, 0, 0, 9, 8, 10, 9, 0, 6, 0, 7, 6, 0, 0, 0, 0, 0, 0, 0, 0, 6, 0, 0, 9, 8, 0, 6, 7, 9, 6, 8, 9, 7, 0, 0, 0, 0, 0, 7, 7, 0, 0, 0, 0, 0, : 7, 8, 9, 6, 9, 9, 9, 8, 9, 6, 6, 9, 7, 6, 7, 9, 8, 10, 9, 6, 7, 6, 6, 9, 8, 6, 7, 9, 6, 8, 9, 7, 7, 7, 
217: 0, 7, 9, 7, 10, 0, 0, 0, 7, 9, 0, 0, 8, 0, 0, 0, 0, 6, 6, 0, 7, 8, 9, 0, 0, 8, 6, 0, 0, 9, 9, 7, 9, 0, 0, 0, 8, 9, 0, 0, 0, 0, 0, 0, 6, 9, 0, 0, 7, 0, 0, 9, 8, 0, 6, 0, 0, 0, 8, 8, 9, 0, 8, 0, 0, 0, 9, 7, 0, 7, 8, 8, 0, 7, 8, 7, 0, 0, 0, 9, : 7, 9, 7, 10, 7, 9, 8, 6, 6, 7, 8, 9, 8, 6, 9, 9, 7, 9, 8, 9, 6, 9, 7, 9, 8, 6, 8, 8, 9, 8, 9, 7, 7, 8, 8, 7, 8, 7, 9, 
296: 0, 0, 0, 0, 0, 10, 9, 0, 0, 9, 0, 0, 8, 10, 0, 0, 7, 10, 0, 9, 0, 0, 7, 0, 6, 0, 0, 8, 0, 10, 7, 0, 0, 0, 0, 0, 6, 6, 0, 0, 7, 0, 0, 0, 0, 10, 0, 6, 8, 6, 10, 6, 0, 0, 0, 0, 0, 0, 0, 10, 0, 0, 6, 0, 10, 7, 7, 8, 0, 8, 0, 8, 9, 7, 0, 0, 6, 8, 0, 0, : 10, 9, 9, 8, 10, 7, 10, 9, 7, 6, 8, 10, 7, 6, 6, 7, 10, 6, 8, 6, 10, 6, 10, 6, 10, 7, 7, 8, 8, 8, 9, 7, 6, 8, 
782: 10, 0, 0, 0, 0, 0, 6, 0, 0, 0, 6, 0, 0, 0, 0, 0, 0, 0, 0, 9, 5, 0, 0, 0, 7, 0, 6, 7, 5, 0, 0, 7, 6, 6, 7, 0, 7, 0, 0, 6, 9, 0, 0, 0, 5, 0, 7, 9, 0, 0, 0, 0, 10, 9, 0, 0, 7, 6, 0, 0, 0, 0, 0, 0, 0, 0, 0, 0, 8, 0, 9, 0, 9, 7, 7, 0, 0, 8, 0, 8, : 10, 6, 6, 9, 5, 7, 6, 7, 5, 7, 6, 6, 7, 7, 6, 9, 5, 7, 9, 10, 9, 7, 6, 8, 9, 9, 7, 7, 8, 8, 
794: 7, 8, 0, 0, 0, 6, 0, 6, 0, 0, 9, 8, 6, 8, 0, 0, 0, 9, 7, 0, 0, 8, 6, 0, 0, 0, 8, 8, 6, 0, 0, 10, 9, 0, 0, 0, 7, 0, 0, 0, 0, 8, 0, 0, 6, 0, 9, 8, 0, 6, 0, 8, 9, 8, 0, 0, 0, 0, 0, 7, 7, 0, 0, 0, 0, 9, 8, 7, 0, 0, 7, 0, 8, 8, 8, 7, 8, 7, 7, 0, : 7, 8, 6, 6, 9, 8, 6, 8, 9, 7, 8, 6, 8, 8, 6, 10, 9, 7, 8, 6, 9, 8, 6, 8, 9, 8, 7, 7, 9, 8, 7, 7, 8, 8, 8, 7, 8, 7, 7, 
180: 7, 0, 6, 5, 0, 0, 10, 0, 0, 7, 6, 8, 9, 0, 0, 7, 0, 8, 0, 0, 0, 0, 0, 0, 7, 0, 8, 0, 0, 0, 7, 0, 0, 9, 7, 9, 0, 8, 9, 8, 9, 0, 0, 0, 0, 7, 0, 10, 0, 6, 0, 0, 0, 6, 0, 8, 6, 7, 0, 0, 0, 0, 9, 0, 0, 8, 0, 0, 7, 8, 7, 0, 7, 0, 0, 0, 8, 9, 7, 0, : 7, 6, 5, 10, 7, 6, 8, 9, 7, 8, 7, 8, 7, 9, 7, 9, 8, 9, 8, 9, 7, 10, 6, 6, 8, 6, 7, 9, 8, 7, 8, 7, 7, 8, 9, 7, 
129: 7, 9, 7, 11, 0, 8, 0, 9, 10, 0, 0, 0, 9, 0, 9, 8, 0, 8, 8, 6, 0, 0, 0, 8, 7, 8, 9, 0, 0, 9, 0, 0, 10, 0, 7, 6, 8, 0, 0, 0, 0, 8, 0, 0, 0, 0, 8, 0, 10, 0, 0, 7, 0, 9, 10, 9, 8, 0, 7, 0, 0, 6, 0, 0, 8, 0, 0, 8, 7, 7, 0, 0, 0, 0, 0, 7, 0, 7, 0, 8, : 7, 9, 7, 11, 8, 9, 10, 9, 9, 8, 8, 8, 6, 8, 7, 8, 9, 9, 10, 7, 6, 8, 8, 8, 10, 7, 9, 10, 9, 8, 7, 6, 8, 8, 7, 7, 7, 7, 8, 
693: 0, 9, 0, 8, 0, 0, 7, 8, 7, 6, 0, 0, 8, 0, 7, 0, 0, 0, 6, 7, 0, 0, 0, 0, 9, 5, 0, 8, 0, 8, 10, 0, 0, 8, 9, 7, 0, 7, 0, 8, 11, 0, 0, 9, 7, 9, 0, 5, 0, 0, 0, 8, 7, 6, 7, 6, 0, 0, 0, 0, 7, 8, 7, 5, 0, 8, 0, 9, 0, 0, 0, 9, 0, 9, 7, 0, 0, 0, 6, 7, : 9, 8, 7, 8, 7, 6, 8, 7, 6, 7, 9, 5, 8, 8, 10, 8, 9, 7, 7, 8, 11, 9, 7, 9, 5, 8, 7, 6, 7, 6, 7, 8, 7, 5, 8, 9, 9, 9, 7, 6, 7, 
632: 0, 7, 9, 7, 0, 9, 9, 0, 0, 0, 10, 9, 0, 7, 5, 0, 11, 0, 7, 0, 9, 9, 0, 0, 8, 7, 0, 0, 0, 0, 4, 7, 8, 0, 0, 9, 8, 9, 0, 7, 0, 6, 0, 9, 0, 0, 7, 10, 8, 0, 9, 8, 0, 7, 0, 0, 8, 7, 7, 7, 7, 0, 10, 9, 7, 9, 6, 0, 0, 7, 9, 0, 8, 0, 0, 0, 8, 0, 8, 7, : 7, 9, 7, 9, 9, 10, 9, 7, 5, 11, 7, 9, 9, 8, 7, 4, 7, 8, 9, 8, 9, 7, 6, 9, 7, 10, 8, 9, 8, 7, 8, 7, 7, 7, 7, 10, 9, 7, 9, 6, 7, 9, 8, 8, 8, 7, 
408: 8, 7, 7, 0, 0, 0, 0, 7, 10, 6, 5, 7, 0, 6, 0, 10, 0, 0, 7, 0, 0, 0, 0, 9, 0, 0, 0, 5, 8, 9, 10, 0, 0, 8, 0, 8, 0, 8, 6, 0, 0, 8, 0, 10, 9, 0, 7, 0, 6, 7, 0, 0, 0, 7, 0, 0, 0, 6, 0, 8, 8, 0, 0, 0, 0, 0, 0, 0, 7, 0, 0, 0, 7, 0, 0, 8, 0, 0, 7, 7, : 8, 7, 7, 7, 10, 6, 5, 7, 6, 10, 7, 9, 5, 8, 9, 10, 8, 8, 8, 6, 8, 10, 9, 7, 6, 7, 7, 6, 8, 8, 7, 7, 8, 7, 7, 
361: 8, 0, 7, 0, 8, 0, 0, 7, 0, 0, 0, 0, 8, 0, 0, 7, 0, 0, 0, 5, 0, 6, 6, 0, 8, 0, 8, 8, 9, 8, 9, 9, 0, 0, 8, 0, 7, 10, 0, 8, 0, 10, 6, 7, 5, 0, 6, 0, 7, 0, 9, 0, 0, 6, 9, 0, 0, 0, 6, 0, 0, 8, 0, 6, 0, 0, 8, 0, 8, 8, 7, 0, 0, 0, 0, 8, 0, 8, 0, 0, : 8, 7, 8, 7, 8, 7, 5, 6, 6, 8, 8, 8, 9, 8, 9, 9, 8, 7, 10, 8, 10, 6, 7, 5, 6, 7, 9, 6, 9, 6, 8, 6, 8, 8, 8, 7, 8, 8, 
77: 9, 0, 0, 8, 0, 0, 7, 8, 0, 0, 8, 4, 8, 9, 0, 6, 9, 0, 8, 0, 7, 0, 0, 10, 0, 10, 8, 8, 8, 5, 0, 9, 8, 0, 0, 0, 9, 0, 0, 7, 8, 11, 11, 10, 10, 8, 0, 6, 0, 8, 7, 0, 0, 0, 0, 9, 9, 7, 0, 4, 0, 0, 0, 8, 0, 9, 7, 0, 0, 0, 8, 0, 0, 8, 8, 0, 0, 0, 0, 8, : 9, 8, 7, 8, 8, 4, 8, 9, 6, 9, 8, 7, 10, 10, 8, 8, 8, 5, 9, 8, 9, 7, 8, 11, 11, 10, 10, 8, 6, 8, 7, 9, 9, 7, 4, 8, 9, 7, 8, 8, 8, 8, 
350: 9, 6, 0, 0, 9, 0, 0, 0, 0, 6, 10, 0, 9, 0, 0, 0, 0, 0, 8, 7, 0, 9, 10, 8, 10, 7, 0, 9, 0, 8, 10, 0, 0, 10, 7, 7, 0, 7, 5, 10, 0, 0, 0, 0, 9, 0, 10, 0, 6, 0, 9, 0, 0, 0, 7, 9, 0, 0, 0, 7, 9, 0, 5, 10, 0, 0, 0, 8, 8, 0, 7, 0, 9, 8, 6, 9, 9, 8, 0, 0, : 9, 6, 9, 6, 10, 9, 8, 7, 9, 10, 8, 10, 7, 9, 8, 10, 10, 7, 7, 7, 5, 10, 9, 10, 6, 9, 7, 9, 7, 9, 5, 10, 8, 8, 7, 9, 8, 6, 9, 9, 8, 
459: 8, 8, 0, 0, 0, 8, 0, 9, 6, 6, 0, 11, 0, 0, 7, 5, 7, 0, 8, 0, 5, 9, 0, 0, 0, 8, 0, 7, 7, 0, 7, 0, 0, 6, 0, 0, 0, 0, 0, 0, 10, 10, 0, 0, 0, 0, 10, 8, 0, 7, 0, 0, 0, 7, 5, 5, 0, 0, 0, 7, 0, 7, 7, 9, 9, 8, 8, 0, 0, 9, 0, 0, 0, 0, 0, 0, 8, 0, 0, 0, : 8, 8, 8, 9, 6, 6, 11, 7, 5, 7, 8, 5, 9, 8, 7, 7, 7, 6, 10, 10, 10, 8, 7, 7, 5, 5, 7, 7, 7, 9, 9, 8, 8, 9, 8, 
511: 0, 0, 7, 7, 0, 0, 5, 0, 0, 0, 0, 6, 0, 0, 0, 0, 5, 0, 7, 0, 8, 0, 0, 0, 0, 0, 11, 8, 10, 0, 0, 0, 5, 9, 0, 0, 0, 0, 0, 0, 8, 7, 8, 0, 0, 5, 0, 0, 0, 0, 8, 0, 9, 6, 7, 11, 0, 8, 7, 0, 7, 8, 0, 0, 0, 8, 0, 0, 0, 0, 0, 8, 7, 9, 0, 0, 7, 0, 7, 0, : 7, 7, 5, 6, 5, 7, 8, 11, 8, 10, 5, 9, 8, 7, 8, 5, 8, 9, 6, 7, 11, 8, 7, 7, 8, 8, 8, 7, 9, 7, 7, 
285: 0, 9, 7, 8, 0, 9, 8, 8, 9, 0, 0, 9, 0, 8, 8, 0, 0, 0, 0, 9, 0, 9, 0, 7, 0, 9, 9, 0, 0, 8, 0, 0, 8, 8, 7, 8, 0, 7, 0, 0, 6, 0, 10, 9, 8, 6, 10, 0, 0, 8, 7, 0, 7, 0, 9, 10, 8, 0, 7, 8, 0, 0, 10, 8, 9, 0, 0, 9, 0, 7, 0, 0, 0, 0, 7, 7, 0, 0, 0, 0, : 9, 7, 8, 9, 8, 8, 9, 9, 8, 8, 9, 9, 7, 9, 9, 8, 8, 8, 7, 8, 7, 6, 10, 9, 8, 6, 10, 8, 7, 7, 9, 10, 8, 7, 8, 10, 8, 9, 9, 7, 7, 7, 
637: 0, 7, 0, 5, 4, 7, 0, 0, 6, 0, 0, 0, 0, 9, 10, 0, 7, 6, 0, 7, 0, 8, 7, 9, 0, 0, 7, 7, 0, 8, 0, 10, 0, 0, 0, 0, 8, 9, 7, 0, 0, 0, 0, 7, 6, 0, 0, 0, 0, 0, 8, 8, 6, 0, 8, 0, 8, 8, 6, 0, 9, 0, 6, 0, 8, 8, 7, 9, 0, 8, 9, 0, 7, 0, 9, 0, 7, 7, 0, 0, : 7, 5, 4, 7, 6, 9, 10, 7, 6, 7, 8, 7, 9, 7, 7, 8, 10, 8, 9, 7, 7, 6, 8, 8, 6, 8, 8, 8, 6, 9, 6, 8, 8, 7, 9, 8, 9, 7, 9, 7, 7, 
183: 7, 0, 0, 9, 0, 0, 0, 7, 0, 7, 9, 5, 8, 0, 0, 0, 8, 0, 0, 10, 0, 10, 0, 7, 9, 0, 0, 8, 7, 9, 9, 6, 9, 0, 0, 8, 0, 6, 0, 11, 0, 7, 10, 8, 0, 6, 9, 0, 8, 0, 8, 8, 0, 9, 0, 10, 7, 8, 0, 0, 0, 0, 6, 0, 0, 7, 0, 8, 0, 9, 0, 8, 0, 7, 0, 0, 7, 8, 0, 0, : 7, 9, 7, 7, 9, 5, 8, 8, 10, 10, 7, 9, 8, 7, 9, 9, 6, 9, 8, 6, 11, 7, 10, 8, 6, 9, 8, 8, 8, 9, 10, 7, 8, 6, 7, 8, 9, 8, 7, 7, 8, 
762: 0, 7, 9, 9, 0, 0, 0, 0, 6, 0, 0, 0, 0, 9, 0, 0, 8, 6, 9, 5, 7, 0, 0, 7, 6, 5, 5, 0, 0, 0, 9, 0, 0, 7, 9, 0, 0, 7, 7, 8, 0, 6, 0, 0, 0, 5, 6, 0, 9, 0, 0, 0, 7, 8, 10, 0, 8, 10, 0, 0, 0, 0, 8, 0, 0, 8, 7, 8, 0, 9, 0, 7, 0, 0, 8, 7, 0, 0, 9, 0, : 7, 9, 9, 6, 9, 8, 6, 9, 5, 7, 7, 6, 5, 5, 9, 7, 9, 7, 7, 8, 6, 5, 6, 9, 7, 8, 10, 8, 10, 8, 8, 7, 8, 9, 7, 8, 7, 9, 
720: 0, 0, 0, 0, 0, 10, 6, 0, 0, 0, 10, 7, 0, 0, 0, 0, 0, 0, 8, 0, 6, 0, 6, 6, 0, 8, 0, 0, 9, 7, 0, 6, 0, 0, 9, 7, 0, 0, 0, 6, 9, 0, 10, 0, 10, 0, 0, 0, 0, 0, 8, 9, 10, 0, 7, 0, 0, 0, 0, 0, 9, 9, 0, 9, 0, 8, 0, 7, 0, 7, 7, 7, 8, 7, 7, 8, 0, 7, 0, 0, : 10, 6, 10, 7, 8, 6, 6, 6, 8, 9, 7, 6, 9, 7, 6, 9, 10, 10, 8, 9, 10, 7, 9, 9, 9, 8, 7, 7, 7, 7, 8, 7, 7, 8, 7, 
4: 8, 0, 6, 7, 11, 7, 0, 8, 0, 8, 0, 0, 0, 0, 0, 0, 7, 7, 6, 7, 0, 0, 0, 10, 10, 0, 0, 7, 0, 0, 0, 7, 7, 0, 0, 8, 0, 0, 7, 0, 0, 0, 0, 0, 10, 6, 0, 5, 6, 9, 0, 7, 8, 0, 0, 0, 0, 7, 0, 0, 9, 0, 0, 7, 9, 0, 8, 0, 7, 0, 0, 0, 0, 8, 8, 0, 8, 8, 9, 7, : 8, 6, 7, 11, 7, 8, 8, 7, 7, 6, 7, 10, 10, 7, 7, 7, 8, 7, 10, 6, 5, 6, 9, 7, 8, 7, 9, 7, 9, 8, 7, 8, 8, 8, 8, 9, 7, 
109: 7, 10, 0, 0, 7, 0, 0, 8, 5, 7, 7, 9, 0, 0, 9, 9, 0, 0, 7, 0, 10, 6, 8, 7, 7, 0, 7, 0, 0, 8, 7, 7, 0, 6, 0, 0, 0, 9, 10, 0, 0, 7, 0, 10, 0, 0, 8, 0, 0, 0, 7, 0, 0, 8, 6, 10, 9, 0, 0, 0, 0, 0, 8, 0, 0, 0, 0, 7, 0, 0, 0, 0, 6, 0, 7, 8, 8, 0, 0, 8, : 7, 10, 7, 8, 5, 7, 7, 9, 9, 9, 7, 10, 6, 8, 7, 7, 7, 8, 7, 7, 6, 9, 10, 7, 10, 8, 7, 8, 6, 10, 9, 8, 7, 6, 7, 8, 8, 8, 
420: 8, 8, 5, 8, 0, 0, 9, 0, 0, 0, 0, 0, 6, 0, 7, 7, 0, 7, 0, 8, 0, 10, 0, 9, 0, 0, 0, 0, 6, 0, 0, 5, 7, 0, 0, 7, 7, 0, 0, 0, 10, 7, 7, 0, 0, 0, 0, 8, 7, 0, 0, 0, 0, 8, 9, 0, 0, 0, 0, 0, 0, 0, 0, 5, 0, 7, 0, 0, 0, 0, 0, 7, 7, 0, 7, 0, 0, 0, 0, 7, : 8, 8, 5, 8, 9, 6, 7, 7, 7, 8, 10, 9, 6, 5, 7, 7, 7, 10, 7, 7, 8, 7, 8, 9, 5, 7, 7, 7, 7, 7, 
344: 0, 0, 4, 0, 6, 7, 0, 6, 0, 6, 7, 0, 7, 7, 6, 9, 0, 0, 0, 8, 8, 8, 0, 0, 0, 7, 0, 0, 9, 9, 0, 0, 0, 8, 0, 8, 9, 9, 0, 6, 8, 6, 0, 0, 0, 10, 6, 0, 6, 0, 7, 0, 0, 5, 0, 6, 10, 8, 8, 0, 0, 0, 0, 0, 0, 0, 8, 7, 8, 7, 6, 0, 7, 0, 0, 7, 7, 9, 8, 0, : 4, 6, 7, 6, 6, 7, 7, 7, 6, 9, 8, 8, 8, 7, 9, 9, 8, 8, 9, 9, 6, 8, 6, 10, 6, 6, 7, 5, 6, 10, 8, 8, 8, 7, 8, 7, 6, 7, 7, 7, 9, 8, 
16: 0, 7, 8, 0, 9, 7, 8, 10, 0, 6, 7, 7, 0, 0, 0, 8, 7, 8, 0, 0, 0, 0, 0, 0, 0, 0, 0, 8, 7, 0, 0, 9, 0, 9, 0, 0, 6, 6, 0, 0, 0, 7, 8, 8, 6, 7, 8, 0, 0, 6, 10, 7, 0, 0, 5, 0, 8, 0, 0, 0, 7, 0, 10, 6, 10, 0, 8, 0, 7, 9, 9, 8, 0, 6, 0, 0, 8, 0, 0, 0, : 7, 8, 9, 7, 8, 10, 6, 7, 7, 8, 7, 8, 8, 7, 9, 9, 6, 6, 7, 8, 8, 6, 7, 8, 6, 10, 7, 5, 8, 7, 10, 6, 10, 8, 7, 9, 9, 8, 6, 8, 
691: 0, 8, 0, 0, 0, 0, 10, 7, 0, 8, 8, 6, 0, 7, 7, 0, 0, 0, 0, 9, 9, 7, 9, 0, 0, 0, 7, 0, 0, 0, 7, 9, 0, 8, 9, 0, 0, 6, 7, 0, 7, 0, 5, 5, 0, 0, 0, 0, 9, 8, 8, 6, 0, 10, 0, 6, 0, 7, 9, 6, 7, 7, 9, 9, 7, 9, 0, 0, 8, 0, 8, 8, 7, 0, 0, 9, 8, 7, 0, 0, : 8, 10, 7, 8, 8, 6, 7, 7, 9, 9, 7, 9, 7, 7, 9, 8, 9, 6, 7, 7, 5, 5, 9, 8, 8, 6, 10, 6, 7, 9, 6, 7, 7, 9, 9, 7, 9, 8, 8, 8, 7, 9, 8, 7, 
168: 0, 6, 0, 10, 9, 6, 6, 6, 0, 0, 0, 7, 7, 10, 0, 5, 0, 8, 7, 8, 0, 9, 0, 8, 8, 7, 9, 6, 8, 0, 0, 8, 0, 0, 0, 0, 6, 6, 0, 0, 9, 8, 10, 0, 8, 10, 0, 10, 8, 9, 7, 0, 9, 8, 0, 0, 9, 5, 7, 7, 0, 8, 5, 7, 0, 0, 7, 8, 7, 0, 0, 9, 0, 7, 0, 0, 8, 0, 8, 0, : 6, 10, 9, 6, 6, 6, 7, 7, 10, 5, 8, 7, 8, 9, 8, 8, 7, 9, 6, 8, 8, 6, 6, 9, 8, 10, 8, 10, 10, 8, 9, 7, 9, 8, 9, 5, 7, 7, 8, 5, 7, 7, 8, 7, 9, 7, 8, 8, 
288: 0, 0, 6, 0, 6, 4, 9, 4, 8, 7, 0, 8, 0, 9, 0, 0, 7, 0, 0, 7, 9, 0, 8, 7, 8, 0, 10, 6, 0, 7, 0, 0, 7, 0, 7, 0, 8, 0, 10, 0, 0, 0, 9, 8, 0, 6, 0, 11, 0, 7, 0, 7, 0, 8, 0, 0, 10, 0, 0, 0, 10, 10, 0, 0, 6, 0, 0, 9, 0, 0, 0, 7, 8, 8, 0, 0, 0, 0, 7, 0, : 6, 6, 4, 9, 4, 8, 7, 8, 9, 7, 7, 9, 8, 7, 8, 10, 6, 7, 7, 7, 8, 10, 9, 8, 6, 11, 7, 7, 8, 10, 10, 10, 6, 9, 7, 8, 8, 7, 
384: 8, 10, 7, 0, 10, 0, 8, 0, 7, 8, 0, 0, 4, 7, 7, 0, 0, 9, 0, 10, 0, 0, 0, 9, 7, 0, 0, 0, 7, 7, 8, 10, 7, 9, 0, 7, 0, 0, 6, 0, 0, 0, 7, 0, 0, 0, 6, 0, 0, 0, 8, 0, 0, 7, 7, 0, 0, 0, 9, 0, 8, 0, 8, 0, 10, 6, 0, 0, 0, 8, 6, 9, 0, 0, 0, 8, 0, 0, 0, 0, : 8, 10, 7, 10, 8, 7, 8, 4, 7, 7, 9, 10, 9, 7, 7, 7, 8, 10, 7, 9, 7, 6, 7, 6, 8, 7, 7, 9, 8, 8, 10, 6, 8, 6, 9, 8, 
704: 0, 4, 7, 6, 0, 8, 0, 0, 10, 6, 0, 8, 8, 8, 7, 8, 0, 7, 0, 0, 0, 11, 0, 8, 6, 0, 9, 9, 0, 0, 0, 4, 10, 8, 9, 9, 7, 7, 0, 0, 8, 0, 0, 10, 8, 0, 9, 0, 0, 9, 0, 0, 8, 0, 0, 0, 0, 6, 7, 0, 0, 5, 8, 10, 6, 0, 9, 8, 0, 0, 0, 9, 7, 8, 0, 0, 7, 0, 0, 8, : 4, 7, 6, 8, 10, 6, 8, 8, 8, 7, 8, 7, 11, 8, 6, 9, 9, 4, 10, 8, 9, 9, 7, 7, 8, 10, 8, 9, 9, 8, 6, 7, 5, 8, 10, 6, 9, 8, 9, 7, 8, 7, 8, 
662: 8, 0, 0, 9, 8, 0, 0, 7, 0, 10, 8, 8, 11, 6, 0, 0, 6, 0, 8, 0, 6, 7, 0, 0, 9, 8, 0, 7, 0, 7, 0, 6, 0, 7, 0, 9, 8, 0, 0, 8, 6, 7, 0, 0, 6, 6, 0, 6, 10, 0, 0, 8, 0, 0, 0, 7, 9, 7, 0, 8, 0, 0, 0, 8, 0, 0, 0, 0, 0, 8, 0, 0, 7, 0, 0, 0, 0, 0, 0, 0, : 8, 9, 8, 7, 10, 8, 8, 11, 6, 6, 8, 6, 7, 9, 8, 7, 7, 6, 7, 9, 8, 8, 6, 7, 6, 6, 6, 10, 8, 7, 9, 7, 8, 8, 8, 7, 
581: 0, 0, 10, 0, 0, 8, 8, 0, 6, 0, 0, 10, 7, 0, 0, 7, 0, 7, 0, 0, 0, 0, 7, 0, 0, 0, 8, 9, 7, 0, 7, 8, 7, 9, 0, 8, 9, 0, 0, 0, 5, 6, 0, 7, 9, 0, 0, 0, 6, 7, 0, 5, 0, 0, 0, 6, 0, 0, 0, 0, 0, 0, 9, 0, 9, 0, 8, 0, 8, 7, 8, 0, 0, 7, 8, 0, 7, 0, 0, 9, : 10, 8, 8, 6, 10, 7, 7, 7, 7, 8, 9, 7, 7, 8, 7, 9, 8, 9, 5, 6, 7, 9, 6, 7, 5, 6, 9, 9, 8, 8, 7, 8, 7, 8, 7, 9, 
661: 9, 6, 0, 7, 7, 9, 7, 0, 0, 7, 6, 9, 6, 9, 8, 0, 10, 9, 0, 6, 7, 6, 6, 0, 0, 0, 7, 8, 0, 6, 10, 0, 8, 8, 0, 6, 9, 9, 0, 5, 0, 8, 6, 0, 10, 0, 10, 0, 0, 0, 0, 0, 9, 0, 0, 9, 8, 0, 8, 0, 5, 6, 8, 0, 0, 7, 0, 8, 0, 6, 7, 0, 0, 0, 7, 0, 0, 9, 8, 0, : 9, 6, 7, 7, 9, 7, 7, 6, 9, 6, 9, 8, 10, 9, 6, 7, 6, 6, 7, 8, 6, 10, 8, 8, 6, 9, 9, 5, 8, 6, 10, 10, 9, 9, 8, 8, 5, 6, 8, 7, 8, 6, 7, 7, 9, 8, 
59: 4, 8, 7, 0, 0, 0, 0, 0, 7, 0, 0, 0, 8, 6, 8, 7, 0, 0, 9, 8, 8, 0, 8, 0, 0, 7, 0, 9, 0, 8, 0, 9, 8, 8, 0, 10, 0, 0, 0, 0, 0, 0, 0, 9, 8, 9, 0, 9, 0, 10, 0, 8, 0, 0, 0, 0, 0, 4, 0, 0, 0, 8, 7, 0, 0, 0, 0, 7, 7, 7, 7, 7, 9, 0, 0, 7, 8, 9, 7, 7, : 4, 8, 7, 7, 8, 6, 8, 7, 9, 8, 8, 8, 7, 9, 8, 9, 8, 8, 10, 9, 8, 9, 9, 10, 8, 4, 8, 7, 7, 7, 7, 7, 7, 9, 7, 8, 9, 7, 7, 
604: 7, 7, 0, 0, 7, 0, 0, 8, 8, 10, 7, 0, 8, 0, 0, 0, 8, 6, 0, 7, 9, 0, 9, 8, 10, 0, 9, 0, 7, 0, 0, 9, 0, 0, 8, 0, 6, 9, 7, 8, 0, 0, 0, 7, 9, 9, 9, 0, 0, 0, 0, 6, 8, 0, 0, 0, 0, 0, 6, 7, 6, 7, 0, 0, 8, 0, 9, 8, 0, 0, 7, 0, 9, 7, 0, 0, 0, 0, 8, 9, : 7, 7, 7, 8, 8, 10, 7, 8, 8, 6, 7, 9, 9, 8, 10, 9, 7, 9, 8, 6, 9, 7, 8, 7, 9, 9, 9, 6, 8, 6, 7, 6, 7, 8, 9, 8, 7, 9, 7, 8, 9, 
561: 6, 0, 0, 11, 8, 6, 0, 0, 7, 9, 8, 8, 7, 0, 0, 6, 7, 7, 9, 0, 8, 5, 0, 6, 5, 10, 0, 0, 8, 0, 0, 0, 9, 0, 0, 0, 6, 0, 9, 0, 0, 9, 8, 0, 8, 0, 0, 5, 8, 0, 0, 0, 6, 7, 0, 0, 0, 0, 7, 0, 0, 7, 6, 8, 8, 7, 0, 0, 0, 0, 8, 7, 7, 7, 9, 9, 0, 0, 0, 0, : 6, 11, 8, 6, 7, 9, 8, 8, 7, 6, 7, 7, 9, 8, 5, 6, 5, 10, 8, 9, 6, 9, 9, 8, 8, 5, 8, 6, 7, 7, 7, 6, 8, 8, 7, 8, 7, 7, 7, 9, 9, 
767: 0, 0, 0, 7, 0, 9, 0, 0, 7, 0, 0, 8, 0, 0, 0, 7, 7, 0, 9, 9, 0, 10, 0, 0, 6, 0, 0, 0, 0, 8, 7, 0, 9, 8, 0, 8, 0, 0, 9, 0, 0, 0, 0, 6, 8, 0, 5, 9, 6, 7, 6, 0, 10, 9, 8, 0, 0, 0, 7, 8, 0, 7, 9, 0, 0, 7, 8, 8, 0, 0, 8, 7, 8, 8, 0, 9, 0, 0, 8, 8, : 7, 9, 7, 8, 7, 7, 9, 9, 10, 6, 8, 7, 9, 8, 8, 9, 6, 8, 5, 9, 6, 7, 6, 10, 9, 8, 7, 8, 7, 9, 7, 8, 8, 8, 7, 8, 8, 9, 8, 8, 
138: 0, 0, 0, 7, 0, 10, 0, 4, 0, 0, 10, 6, 0, 8, 7, 8, 7, 7, 0, 0, 6, 0, 6, 10, 0, 0, 8, 0, 8, 0, 7, 0, 0, 9, 7, 8, 0, 7, 0, 0, 8, 7, 0, 8, 0, 6, 8, 0, 10, 9, 0, 0, 7, 0, 0, 8, 10, 0, 0, 0, 8, 0, 0, 8, 6, 0, 0, 0, 0, 7, 7, 0, 7, 0, 7, 0, 7, 7, 0, 8, : 7, 10, 4, 10, 6, 8, 7, 8, 7, 7, 6, 6, 10, 8, 8, 7, 9, 7, 8, 7, 8, 7, 8, 6, 8, 10, 9, 7, 8, 10, 8, 8, 6, 7, 7, 7, 7, 7, 7, 8, 
260: 7, 8, 7, 9, 7, 8, 0, 9, 0, 10, 8, 9, 0, 0, 10, 7, 0, 6, 7, 0, 7, 0, 0, 5, 7, 0, 7, 7, 0, 0, 7, 0, 0, 0, 9, 0, 7, 0, 8, 0, 6, 0, 7, 6, 0, 10, 0, 10, 0, 0, 0, 0, 7, 0, 8, 0, 6, 7, 0, 0, 0, 0, 0, 0, 6, 8, 0, 8, 8, 7, 9, 7, 0, 8, 0, 0, 7, 0, 8, 0, : 7, 8, 7, 9, 7, 8, 9, 10, 8, 9, 10, 7, 6, 7, 7, 5, 7, 7, 7, 7, 9, 7, 8, 6, 7, 6, 10, 10, 7, 8, 6, 7, 6, 8, 8, 8, 7, 9, 7, 8, 7, 8, 
490: 0, 6, 0, 0, 8, 8, 0, 0, 0, 0, 0, 0, 7, 8, 0, 7, 0, 7, 0, 8, 9, 9, 8, 0, 0, 0, 0, 6, 8, 8, 0, 0, 9, 8, 8, 7, 7, 0, 8, 0, 7, 0, 0, 5, 0, 9, 0, 7, 8, 8, 8, 7, 8, 9, 0, 9, 0, 8, 0, 0, 0, 8, 7, 0, 9, 7, 7, 0, 7, 0, 0, 7, 0, 9, 8, 9, 9, 0, 7, 7, : 6, 8, 8, 7, 8, 7, 7, 8, 9, 9, 8, 6, 8, 8, 9, 8, 8, 7, 7, 8, 7, 5, 9, 7, 8, 8, 8, 7, 8, 9, 9, 8, 8, 7, 9, 7, 7, 7, 7, 9, 8, 9, 9, 7, 7, 
169: 7, 0, 0, 8, 9, 0, 0, 8, 8, 0, 0, 7, 0, 0, 7, 11, 8, 0, 0, 0, 9, 6, 0, 0, 0, 5, 0, 9, 8, 8, 7, 9, 0, 0, 0, 0, 0, 0, 0, 9, 7, 0, 6, 0, 6, 10, 7, 0, 10, 0, 6, 8, 0, 7, 7, 0, 9, 0, 8, 0, 6, 9, 0, 0, 0, 0, 0, 7, 0, 7, 8, 0, 8, 0, 7, 8, 7, 8, 0, 8, : 7, 8, 9, 8, 8, 7, 7, 11, 8, 9, 6, 5, 9, 8, 8, 7, 9, 9, 7, 6, 6, 10, 7, 10, 6, 8, 7, 7, 9, 8, 6, 9, 7, 7, 8, 8, 7, 8, 7, 8, 8, 
30: 0, 7, 10, 9, 0, 7, 0, 0, 8, 9, 0, 0, 0, 0, 0, 0, 0, 0, 7, 0, 0, 5, 8, 0, 0, 0, 8, 8, 0, 9, 0, 8, 0, 8, 0, 0, 8, 0, 5, 8, 0, 7, 0, 0, 0, 0, 0, 9, 6, 7, 0, 9, 0, 0, 0, 6, 7, 7, 0, 9, 8, 9, 7, 0, 0, 0, 8, 0, 8, 8, 0, 0, 0, 9, 0, 8, 0, 0, 9, 0, : 7, 10, 9, 7, 8, 9, 7, 5, 8, 8, 8, 9, 8, 8, 8, 5, 8, 7, 9, 6, 7, 9, 6, 7, 7, 9, 8, 9, 7, 8, 8, 8, 9, 8, 9, 


27: 0, 10, 9, 8, 7, 0, 8, 0, 9, 8, 0, 0, 0, 0, 0, 0, 7, 5, 10, 11, 7, 10, 0, 0, 9, 0, 0, 0, 0, 4, 0, 0, 0, 7, 6, 0, 0, 0, 10, 6, 0, 5, 0, 9, 0, 0, 0, 0, 0, 9, 7, 0, 10, 9, 0, 0, 11, 0, 6, 0, 0, 0, 8, 0, 8, 0, 0, 8, 8, 0, 0, 6, 0, 0, 0, 8, 0, 0, 8, 0, : 10, 9, 8, 7, 8, 9, 8, 7, 5, 10, 11, 7, 10, 9, 4, 7, 6, 10, 6, 5, 9, 9, 7, 10, 9, 11, 6, 8, 8, 8, 8, 6, 8, 8, 
91: 0, 0, 10, 8, 0, 6, 0, 0, 0, 8, 0, 0, 9, 0, 0, 0, 9, 10, 9, 0, 8, 7, 0, 0, 0, 0, 7, 7, 8, 0, 7, 8, 7, 5, 10, 0, 0, 8, 0, 7, 0, 9, 0, 8, 0, 5, 0, 0, 0, 6, 4, 9, 0, 0, 0, 10, 10, 0, 6, 9, 10, 4, 7, 8, 9, 0, 0, 8, 0, 0, 9, 0, 0, 0, 0, 0, 7, 6, 9, 8, : 10, 8, 6, 8, 9, 9, 10, 9, 8, 7, 7, 7, 8, 7, 8, 7, 5, 10, 8, 7, 9, 8, 5, 6, 4, 9, 10, 10, 6, 9, 10, 4, 7, 8, 9, 8, 9, 7, 6, 9, 8, 
435: 8, 9, 7, 5, 0, 9, 8, 0, 7, 8, 0, 7, 0, 9, 0, 6, 7, 0, 6, 0, 0, 0, 0, 9, 0, 7, 0, 7, 10, 0, 0, 9, 0, 0, 0, 7, 8, 0, 0, 8, 0, 10, 0, 9, 0, 8, 0, 6, 8, 0, 8, 10, 4, 9, 7, 8, 0, 0, 10, 0, 5, 0, 0, 0, 0, 0, 10, 6, 6, 0, 0, 0, 8, 0, 8, 0, 0, 0, 0, 0, : 8, 9, 7, 5, 9, 8, 7, 8, 7, 9, 6, 7, 6, 9, 7, 7, 10, 9, 7, 8, 8, 10, 9, 8, 6, 8, 8, 10, 4, 9, 7, 8, 10, 5, 10, 6, 6, 8, 8, 
687: 0, 0, 0, 0, 7, 7, 0, 7, 0, 9, 8, 0, 9, 0, 0, 0, 5, 0, 8, 8, 0, 0, 6, 0, 0, 0, 0, 0, 10, 5, 8, 11, 7, 10, 0, 0, 0, 10, 0, 0, 0, 0, 0, 6, 0, 0, 9, 5, 6, 0, 10, 0, 7, 7, 0, 9, 11, 7, 0, 0, 0, 5, 6, 0, 0, 6, 0, 0, 7, 7, 0, 7, 0, 9, 7, 8, 0, 8, 0, 0, : 7, 7, 7, 9, 8, 9, 5, 8, 8, 6, 10, 5, 8, 11, 7, 10, 10, 6, 9, 5, 6, 10, 7, 7, 9, 11, 7, 5, 6, 6, 7, 7, 7, 9, 7, 8, 8, 
727: 7, 5, 0, 8, 0, 7, 7, 6, 0, 0, 10, 7, 0, 0, 0, 9, 5, 0, 0, 9, 9, 0, 8, 6, 0, 0, 9, 9, 0, 9, 0, 5, 8, 6, 0, 0, 0, 8, 7, 0, 9, 8, 0, 7, 0, 0, 6, 0, 8, 6, 5, 0, 8, 7, 0, 0, 0, 6, 9, 0, 0, 9, 0, 0, 0, 0, 0, 0, 0, 8, 0, 7, 8, 9, 7, 0, 0, 9, 0, 0, : 7, 5, 8, 7, 7, 6, 10, 7, 9, 5, 9, 9, 8, 6, 9, 9, 9, 5, 8, 6, 8, 7, 9, 8, 7, 6, 8, 6, 5, 8, 7, 6, 9, 9, 8, 7, 8, 9, 7, 9, 
261: 0, 0, 9, 9, 9, 6, 0, 8, 0, 11, 0, 0, 0, 9, 6, 0, 9, 9, 0, 0, 8, 8, 8, 6, 0, 9, 9, 0, 0, 0, 8, 6, 9, 8, 10, 0, 0, 7, 8, 8, 0, 7, 6, 0, 0, 0, 6, 0, 8, 0, 9, 0, 6, 10, 8, 5, 0, 0, 0, 0, 10, 10, 0, 6, 7, 5, 0, 9, 8, 0, 7, 0, 8, 9, 8, 7, 7, 0, 9, 0, : 9, 9, 9, 6, 8, 11, 9, 6, 9, 9, 8, 8, 8, 6, 9, 9, 8, 6, 9, 8, 10, 7, 8, 8, 7, 6, 6, 8, 9, 6, 10, 8, 5, 10, 10, 6, 7, 5, 9, 8, 7, 8, 9, 8, 7, 7, 9, 
775: 0, 7, 6, 6, 0, 6, 8, 7, 0, 10, 9, 8, 0, 0, 7, 9, 0, 7, 0, 0, 0, 0, 8, 0, 0, 0, 9, 0, 0, 6, 0, 9, 6, 7, 0, 0, 6, 10, 0, 11, 7, 6, 0, 7, 0, 0, 0, 7, 9, 0, 0, 8, 8, 8, 0, 0, 8, 0, 0, 0, 0, 0, 0, 10, 0, 6, 0, 8, 0, 6, 7, 7, 6, 7, 0, 7, 8, 9, 7, 9, : 7, 6, 6, 6, 8, 7, 10, 9, 8, 7, 9, 7, 8, 9, 6, 9, 6, 7, 6, 10, 11, 7, 6, 7, 7, 9, 8, 8, 8, 8, 10, 6, 8, 6, 7, 7, 6, 7, 7, 8, 9, 7, 9, 
137: 7, 0, 10, 5, 9, 0, 0, 8, 0, 0, 11, 0, 6, 0, 8, 0, 0, 0, 0, 7, 9, 7, 0, 9, 8, 0, 0, 9, 7, 0, 6, 5, 0, 9, 0, 8, 0, 6, 0, 6, 0, 0, 7, 0, 6, 6, 8, 0, 0, 0, 0, 0, 0, 8, 0, 0, 0, 7, 8, 11, 0, 9, 5, 0, 5, 6, 8, 0, 9, 0, 8, 0, 0, 0, 7, 5, 7, 7, 0, 8, : 7, 10, 5, 9, 8, 11, 6, 8, 7, 9, 7, 9, 8, 9, 7, 6, 5, 9, 8, 6, 6, 7, 6, 6, 8, 8, 7, 8, 11, 9, 5, 5, 6, 8, 9, 8, 7, 5, 7, 7, 8, 
79: 0, 9, 8, 7, 0, 7, 0, 0, 10, 7, 7, 9, 6, 9, 0, 0, 0, 0, 5, 0, 7, 0, 7, 8, 9, 0, 0, 0, 7, 9, 0, 7, 9, 9, 9, 0, 0, 0, 0, 0, 6, 0, 8, 7, 9, 10, 6, 8, 0, 0, 6, 5, 0, 10, 0, 0, 7, 10, 0, 10, 7, 0, 6, 0, 10, 0, 0, 0, 0, 8, 0, 0, 0, 0, 0, 0, 8, 0, 0, 7, : 9, 8, 7, 7, 10, 7, 7, 9, 6, 9, 5, 7, 7, 8, 9, 7, 9, 7, 9, 9, 9, 6, 8, 7, 9, 10, 6, 8, 6, 5, 10, 7, 10, 10, 7, 6, 10, 8, 8, 7, 
424: 0, 0, 8, 6, 0, 8, 7, 0, 0, 0, 0, 0, 8, 0, 0, 0, 0, 5, 0, 8, 0, 0, 8, 5, 0, 0, 10, 6, 9, 8, 0, 0, 6, 10, 0, 5, 0, 0, 10, 10, 9, 0, 8, 8, 8, 0, 0, 0, 0, 6, 0, 0, 7, 0, 0, 0, 8, 11, 7, 5, 0, 0, 0, 0, 0, 0, 0, 0, 8, 8, 6, 8, 7, 0, 0, 9, 0, 7, 0, 0, : 8, 6, 8, 7, 8, 5, 8, 8, 5, 10, 6, 9, 8, 6, 10, 5, 10, 10, 9, 8, 8, 8, 6, 7, 8, 11, 7, 5, 8, 8, 6, 8, 7, 9, 7, 
188: 0, 6, 10, 11, 0, 0, 9, 9, 0, 10, 7, 0, 0, 0, 10, 0, 9, 8, 0, 0, 0, 8, 5, 8, 8, 5, 6, 8, 7, 8, 11, 0, 0, 6, 0, 6, 8, 0, 0, 9, 0, 8, 0, 9, 7, 0, 8, 6, 0, 0, 9, 7, 0, 0, 11, 6, 0, 0, 0, 5, 0, 5, 9, 10, 7, 8, 0, 8, 0, 8, 0, 0, 0, 0, 0, 0, 8, 0, 0, 8, : 6, 10, 11, 9, 9, 10, 7, 10, 9, 8, 8, 5, 8, 8, 5, 6, 8, 7, 8, 11, 6, 6, 8, 9, 8, 9, 7, 8, 6, 9, 7, 11, 6, 5, 5, 9, 10, 7, 8, 8, 8, 8, 8, 
505: 0, 8, 0, 0, 7, 0, 7, 10, 6, 8, 7, 7, 0, 0, 0, 7, 8, 7, 0, 6, 0, 7, 11, 0, 0, 0, 0, 8, 0, 0, 8, 0, 10, 5, 8, 0, 7, 9, 7, 10, 0, 7, 0, 7, 0, 7, 0, 0, 10, 8, 0, 8, 0, 9, 0, 0, 7, 9, 8, 7, 8, 6, 7, 0, 7, 0, 0, 7, 8, 0, 7, 0, 0, 6, 8, 0, 0, 0, 8, 0, : 8, 7, 7, 10, 6, 8, 7, 7, 7, 8, 7, 6, 7, 11, 8, 8, 10, 5, 8, 7, 9, 7, 10, 7, 7, 7, 10, 8, 8, 9, 7, 9, 8, 7, 8, 6, 7, 7, 7, 8, 7, 6, 8, 8, 
298: 0, 0, 8, 0, 0, 0, 8, 0, 8, 7, 7, 8, 8, 5, 7, 11, 9, 0, 8, 0, 0, 7, 7, 0, 0, 0, 0, 0, 0, 10, 6, 9, 0, 5, 0, 7, 10, 0, 0, 8, 0, 0, 8, 0, 0, 0, 0, 0, 0, 0, 6, 6, 0, 0, 0, 11, 0, 0, 8, 6, 0, 0, 0, 5, 0, 0, 9, 0, 8, 8, 0, 0, 0, 8, 0, 0, 0, 0, 6, 9, : 8, 8, 8, 7, 7, 8, 8, 5, 7, 11, 9, 8, 7, 7, 10, 6, 9, 5, 7, 10, 8, 8, 6, 6, 11, 8, 6, 5, 9, 8, 8, 8, 6, 9, 
618: 0, 0, 0, 0, 7, 0, 0, 8, 8, 0, 0, 0, 10, 0, 9, 9, 0, 0, 8, 9, 8, 0, 6, 0, 0, 0, 0, 0, 10, 7, 0, 6, 0, 9, 0, 8, 8, 0, 7, 0, 7, 8, 0, 0, 8, 0, 0, 0, 6, 0, 7, 0, 8, 0, 7, 0, 0, 0, 0, 9, 0, 6, 0, 6, 0, 0, 8, 0, 8, 10, 0, 8, 0, 0, 0, 0, 7, 7, 8, 0, : 7, 8, 8, 10, 9, 9, 8, 9, 8, 6, 10, 7, 6, 9, 8, 8, 7, 7, 8, 8, 6, 7, 8, 7, 9, 6, 6, 8, 8, 10, 8, 7, 7, 8, 
247: 0, 8, 9, 9, 0, 0, 0, 0, 0, 7, 0, 0, 6, 8, 5, 10, 0, 6, 5, 0, 7, 6, 0, 5, 11, 7, 0, 7, 0, 0, 6, 8, 10, 6, 0, 0, 0, 0, 0, 0, 0, 0, 0, 0, 0, 0, 0, 0, 8, 9, 0, 0, 7, 8, 7, 6, 8, 0, 9, 0, 6, 0, 0, 7, 0, 10, 7, 8, 0, 7, 8, 9, 0, 0, 8, 0, 0, 8, 0, 6, : 8, 9, 9, 7, 6, 8, 5, 10, 6, 5, 7, 6, 5, 11, 7, 7, 6, 8, 10, 6, 8, 9, 7, 8, 7, 6, 8, 9, 6, 7, 10, 7, 8, 7, 8, 9, 8, 8, 6, 
326: 0, 0, 0, 9, 9, 0, 0, 5, 11, 0, 6, 0, 9, 0, 0, 0, 0, 0, 0, 8, 0, 8, 0, 0, 7, 0, 0, 0, 0, 6, 0, 8, 5, 8, 8, 0, 0, 0, 0, 0, 7, 0, 9, 0, 7, 0, 0, 0, 0, 0, 7, 8, 7, 7, 8, 0, 8, 0, 7, 0, 7, 10, 7, 7, 0, 7, 0, 7, 8, 9, 0, 0, 8, 0, 7, 9, 7, 0, 0, 0, : 9, 9, 5, 11, 6, 9, 8, 8, 7, 6, 8, 5, 8, 8, 7, 9, 7, 7, 8, 7, 7, 8, 8, 7, 7, 10, 7, 7, 7, 7, 8, 9, 8, 7, 9, 7, 
70: 9, 0, 0, 7, 8, 7, 8, 6, 8, 0, 0, 0, 0, 8, 7, 7, 5, 0, 10, 8, 0, 9, 0, 0, 10, 11, 0, 7, 6, 10, 0, 0, 9, 0, 7, 0, 0, 0, 0, 9, 10, 9, 8, 0, 8, 8, 7, 5, 0, 8, 10, 0, 0, 0, 8, 0, 7, 0, 0, 10, 8, 7, 0, 7, 7, 0, 0, 0, 7, 6, 0, 0, 5, 8, 0, 0, 9, 8, 6, 8, : 9, 7, 8, 7, 8, 6, 8, 8, 7, 7, 5, 10, 8, 9, 10, 11, 7, 6, 10, 9, 7, 9, 10, 9, 8, 8, 8, 7, 5, 8, 10, 8, 7, 10, 8, 7, 7, 7, 7, 6, 5, 8, 9, 8, 6, 8, 
769: 8, 0, 0, 0, 0, 10, 0, 8, 0, 6, 10, 10, 0, 5, 0, 0, 10, 8, 0, 0, 6, 0, 0, 7, 8, 0, 7, 0, 0, 0, 0, 0, 0, 0, 5, 0, 10, 6, 6, 8, 0, 9, 8, 0, 0, 11, 8, 7, 0, 7, 7, 0, 8, 0, 0, 9, 6, 0, 7, 6, 0, 0, 0, 9, 9, 0, 0, 8, 0, 0, 7, 7, 0, 7, 0, 0, 8, 0, 8, 8, : 8, 10, 8, 6, 10, 10, 5, 10, 8, 6, 7, 8, 7, 5, 10, 6, 6, 8, 9, 8, 11, 8, 7, 7, 7, 8, 9, 6, 7, 6, 9, 9, 8, 7, 7, 7, 8, 8, 8, 
683: 0, 0, 0, 0, 8, 0, 5, 8, 8, 7, 0, 0, 8, 0, 11, 0, 0, 9, 8, 0, 0, 10, 8, 8, 8, 0, 0, 0, 0, 0, 10, 7, 8, 0, 0, 8, 0, 9, 9, 0, 0, 9, 0, 0, 0, 0, 0, 5, 8, 8, 8, 0, 0, 7, 0, 0, 0, 9, 9, 0, 6, 9, 10, 9, 0, 7, 6, 8, 9, 0, 7, 0, 0, 0, 0, 0, 0, 8, 0, 0, : 8, 5, 8, 8, 7, 8, 11, 9, 8, 10, 8, 8, 8, 10, 7, 8, 8, 9, 9, 9, 5, 8, 8, 8, 7, 9, 9, 6, 9, 10, 9, 7, 6, 8, 9, 7, 8, 
441: 0, 5, 0, 0, 0, 8, 0, 6, 0, 0, 7, 0, 8, 7, 0, 0, 5, 6, 0, 10, 0, 0, 0, 0, 5, 10, 0, 0, 0, 7, 0, 10, 5, 0, 0, 8, 0, 0, 0, 9, 10, 7, 0, 7, 0, 8, 0, 7, 0, 0, 0, 0, 0, 0, 8, 10, 0, 0, 6, 11, 0, 0, 0, 0, 0, 0, 0, 0, 0, 9, 0, 8, 9, 7, 8, 8, 8, 7, 8, 0, : 5, 8, 6, 7, 8, 7, 5, 6, 10, 5, 10, 7, 10, 5, 8, 9, 10, 7, 7, 8, 7, 8, 10, 6, 11, 9, 8, 9, 7, 8, 8, 8, 7, 8, 
654: 7, 0, 0, 0, 7, 0, 0, 9, 0, 0, 0, 0, 0, 0, 0, 0, 0, 10, 0, 6, 10, 7, 8, 0, 0, 0, 6, 8, 0, 0, 0, 0, 0, 11, 8, 0, 7, 0, 0, 0, 0, 0, 0, 0, 7, 0, 7, 0, 0, 8, 8, 10, 0, 11, 5, 0, 0, 8, 0, 0, 0, 0, 9, 0, 0, 0, 0, 7, 7, 0, 0, 0, 6, 9, 0, 9, 0, 0, 8, 0, : 7, 7, 9, 10, 6, 10, 7, 8, 6, 8, 11, 8, 7, 7, 7, 8, 8, 10, 11, 5, 8, 9, 7, 7, 6, 9, 9, 8, 
60: 5, 0, 8, 9, 8, 0, 0, 0, 0, 8, 0, 7, 0, 7, 0, 8, 0, 6, 8, 6, 0, 7, 0, 0, 9, 0, 0, 0, 0, 6, 0, 0, 0, 0, 6, 9, 0, 0, 10, 0, 9, 0, 7, 5, 7, 0, 8, 7, 0, 0, 7, 9, 0, 0, 10, 0, 0, 9, 0, 0, 0, 0, 6, 0, 0, 0, 0, 6, 8, 0, 0, 8, 7, 0, 8, 7, 8, 0, 9, 9, : 5, 8, 9, 8, 8, 7, 7, 8, 6, 8, 6, 7, 9, 6, 6, 9, 10, 9, 7, 5, 7, 8, 7, 7, 9, 10, 9, 6, 6, 8, 8, 7, 8, 7, 8, 9, 9, 
593: 8, 0, 5, 0, 7, 8, 0, 8, 8, 0, 8, 0, 0, 9, 0, 0, 7, 8, 0, 0, 0, 0, 0, 0, 9, 6, 0, 0, 9, 0, 6, 10, 11, 7, 0, 0, 7, 7, 10, 0, 6, 0, 0, 0, 0, 8, 0, 0, 0, 7, 6, 0, 7, 0, 0, 8, 10, 6, 8, 10, 11, 0, 0, 0, 7, 7, 7, 8, 8, 0, 8, 8, 8, 0, 0, 8, 0, 9, 0, 0, : 8, 5, 7, 8, 8, 8, 8, 9, 7, 8, 9, 6, 9, 6, 10, 11, 7, 7, 7, 10, 6, 8, 7, 6, 7, 8, 10, 6, 8, 10, 11, 7, 7, 7, 8, 8, 8, 8, 8, 8, 9, 
471: 0, 0, 0, 0, 0, 0, 0, 0, 0, 0, 7, 6, 6, 0, 9, 10, 0, 0, 0, 7, 0, 7, 0, 9, 6, 0, 8, 7, 0, 0, 0, 0, 6, 0, 0, 0, 0, 7, 7, 7, 6, 7, 0, 0, 0, 8, 0, 7, 0, 0, 10, 0, 0, 4, 0, 0, 0, 11, 0, 0, 5, 8, 9, 5, 0, 0, 0, 0, 7, 8, 9, 9, 7, 8, 8, 0, 7, 7, 0, 8, : 7, 6, 6, 9, 10, 7, 7, 9, 6, 8, 7, 6, 7, 7, 7, 6, 7, 8, 7, 10, 4, 11, 5, 8, 9, 5, 7, 8, 9, 9, 7, 8, 8, 7, 7, 8, 
31: 8, 0, 8, 6, 7, 0, 0, 0, 0, 0, 9, 0, 8, 10, 8, 0, 8, 8, 7, 0, 6, 0, 0, 0, 0, 7, 0, 11, 7, 0, 9, 0, 7, 0, 0, 5, 0, 0, 0, 7, 0, 0, 0, 9, 9, 8, 0, 8, 0, 8, 9, 9, 6, 0, 9, 0, 7, 8, 6, 9, 9, 0, 7, 0, 6, 0, 0, 0, 0, 0, 9, 0, 8, 8, 7, 0, 0, 8, 0, 0, : 8, 8, 6, 7, 9, 8, 10, 8, 8, 8, 7, 6, 7, 11, 7, 9, 7, 5, 7, 9, 9, 8, 8, 8, 9, 9, 6, 9, 7, 8, 6, 9, 9, 7, 6, 9, 8, 8, 7, 8, 
235: 0, 9, 0, 0, 0, 6, 0, 0, 8, 9, 0, 0, 7, 0, 10, 7, 10, 0, 8, 5, 6, 11, 0, 0, 6, 9, 0, 0, 9, 7, 7, 6, 8, 0, 10, 0, 9, 0, 7, 9, 0, 6, 0, 0, 7, 9, 8, 9, 0, 10, 6, 9, 0, 7, 0, 7, 0, 5, 9, 0, 0, 0, 10, 0, 7, 9, 0, 0, 7, 6, 7, 0, 0, 9, 6, 7, 8, 0, 0, 8, : 9, 6, 8, 9, 7, 10, 7, 10, 8, 5, 6, 11, 6, 9, 9, 7, 7, 6, 8, 10, 9, 7, 9, 6, 7, 9, 8, 9, 10, 6, 9, 7, 7, 5, 9, 10, 7, 9, 7, 6, 7, 9, 6, 7, 8, 8, 
256: 0, 0, 0, 7, 8, 10, 0, 0, 9, 0, 8, 0, 0, 9, 7, 9, 7, 0, 0, 8, 9, 7, 0, 10, 5, 7, 7, 10, 5, 4, 10, 7, 7, 9, 8, 9, 8, 0, 0, 7, 0, 0, 7, 8, 7, 0, 9, 5, 0, 7, 0, 7, 0, 0, 9, 8, 0, 0, 0, 8, 9, 9, 8, 8, 8, 0, 0, 0, 0, 0, 0, 8, 0, 0, 0, 9, 8, 0, 0, 0, : 7, 8, 10, 9, 8, 9, 7, 9, 7, 8, 9, 7, 10, 5, 7, 7, 10, 5, 4, 10, 7, 7, 9, 8, 9, 8, 7, 7, 8, 7, 9, 5, 7, 7, 9, 8, 8, 9, 9, 8, 8, 8, 8, 9, 8, 
237: 6, 8, 0, 8, 0, 0, 8, 6, 6, 7, 0, 10, 0, 0, 6, 9, 0, 0, 0, 9, 0, 0, 9, 0, 9, 6, 8, 0, 6, 0, 0, 0, 0, 0, 5, 0, 0, 8, 0, 8, 0, 7, 0, 0, 0, 0, 10, 5, 6, 7, 0, 6, 7, 7, 6, 0, 0, 6, 9, 0, 6, 6, 0, 0, 0, 0, 0, 8, 0, 7, 0, 8, 8, 0, 7, 0, 7, 8, 0, 0, : 6, 8, 8, 8, 6, 6, 7, 10, 6, 9, 9, 9, 9, 6, 8, 6, 5, 8, 8, 7, 10, 5, 6, 7, 6, 7, 7, 6, 6, 9, 6, 6, 8, 7, 8, 8, 7, 7, 8, 
194: 6, 6, 10, 8, 0, 7, 0, 7, 0, 0, 10, 8, 0, 10, 0, 0, 9, 0, 7, 7, 0, 0, 0, 8, 0, 6, 6, 0, 7, 6, 0, 0, 0, 6, 0, 10, 10, 7, 0, 0, 0, 7, 6, 0, 8, 0, 0, 9, 4, 0, 6, 0, 0, 8, 0, 9, 8, 8, 0, 0, 0, 0, 0, 0, 0, 0, 0, 8, 0, 8, 7, 8, 8, 0, 0, 0, 0, 0, 0, 9, : 6, 6, 10, 8, 7, 7, 10, 8, 10, 9, 7, 7, 8, 6, 6, 7, 6, 6, 10, 10, 7, 7, 6, 8, 9, 4, 6, 8, 9, 8, 8, 8, 8, 7, 8, 8, 9, 
339: 7, 8, 0, 8, 10, 8, 8, 8, 6, 5, 0, 0, 7, 8, 9, 7, 0, 0, 8, 0, 8, 0, 0, 11, 6, 11, 8, 0, 7, 7, 6, 7, 6, 0, 11, 9, 0, 6, 6, 8, 0, 0, 0, 0, 0, 6, 8, 0, 0, 6, 0, 8, 0, 8, 8, 4, 8, 0, 0, 0, 0, 7, 0, 0, 0, 7, 7, 10, 0, 0, 7, 0, 7, 8, 9, 7, 0, 8, 0, 0, : 7, 8, 8, 10, 8, 8, 8, 6, 5, 7, 8, 9, 7, 8, 8, 11, 6, 11, 8, 7, 7, 6, 7, 6, 11, 9, 6, 6, 8, 6, 8, 6, 8, 8, 8, 4, 8, 7, 7, 7, 10, 7, 7, 8, 9, 7, 8, 
147: 0, 8, 10, 6, 7, 7, 0, 9, 0, 0, 0, 8, 0, 6, 6, 0, 0, 0, 0, 0, 10, 0, 0, 6, 0, 8, 6, 0, 5, 10, 0, 0, 0, 0, 0, 7, 6, 7, 0, 0, 0, 0, 9, 8, 7, 8, 0, 0, 7, 10, 0, 0, 0, 0, 0, 6, 0, 9, 0, 9, 8, 0, 8, 0, 0, 10, 8, 0, 0, 0, 0, 0, 0, 0, 0, 8, 0, 7, 7, 0, : 8, 10, 6, 7, 7, 9, 8, 6, 6, 10, 6, 8, 6, 5, 10, 7, 6, 7, 9, 8, 7, 8, 7, 10, 6, 9, 9, 8, 8, 10, 8, 8, 7, 7, 
534: 9, 6, 0, 0, 10, 9, 6, 0, 0, 0, 0, 0, 0, 0, 6, 0, 0, 5, 0, 0, 0, 7, 10, 0, 0, 8, 7, 0, 6, 0, 8, 10, 0, 0, 5, 0, 0, 6, 0, 6, 8, 6, 6, 0, 8, 8, 8, 9, 0, 0, 0, 6, 0, 0, 0, 9, 0, 0, 9, 6, 6, 0, 0, 0, 7, 10, 7, 9, 7, 7, 8, 6, 7, 8, 9, 0, 9, 0, 0, 0, : 9, 6, 10, 9, 6, 6, 5, 7, 10, 8, 7, 6, 8, 10, 5, 6, 6, 8, 6, 6, 8, 8, 8, 9, 6, 9, 9, 6, 6, 7, 10, 7, 9, 7, 7, 8, 6, 7, 8, 9, 9, 
564: 0, 6, 0, 9, 0, 0, 8, 0, 5, 9, 0, 7, 5, 6, 0, 0, 8, 0, 0, 9, 6, 8, 0, 0, 0, 8, 0, 0, 0, 6, 9, 0, 0, 9, 8, 6, 6, 8, 0, 0, 6, 0, 0, 0, 0, 0, 0, 0, 6, 0, 0, 0, 0, 9, 8, 7, 9, 9, 6, 6, 10, 0, 4, 0, 10, 0, 0, 9, 0, 0, 0, 0, 0, 8, 8, 8, 0, 8, 7, 0, : 6, 9, 8, 5, 9, 7, 5, 6, 8, 9, 6, 8, 8, 6, 9, 9, 8, 6, 6, 8, 6, 6, 9, 8, 7, 9, 9, 6, 6, 10, 4, 10, 9, 8, 8, 8, 8, 7, 
268: 9, 0, 0, 9, 6, 0, 10, 7, 5, 0, 7, 0, 0, 10, 0, 7, 9, 0, 0, 0, 8, 9, 0, 5, 0, 0, 0, 0, 7, 6, 0, 0, 5, 9, 0, 0, 10, 10, 6, 6, 8, 0, 0, 0, 0, 8, 0, 9, 0, 7, 8, 0, 0, 7, 8, 0, 7, 0, 7, 0, 9, 0, 10, 0, 6, 0, 8, 8, 5, 0, 9, 0, 0, 7, 8, 0, 0, 0, 0, 0, : 9, 9, 6, 10, 7, 5, 7, 10, 7, 9, 8, 9, 5, 7, 6, 5, 9, 10, 10, 6, 6, 8, 8, 9, 7, 8, 7, 8, 7, 7, 9, 10, 6, 8, 8, 5, 9, 7, 8, 
97: 6, 8, 8, 0, 0, 0, 8, 0, 6, 0, 5, 0, 0, 6, 10, 8, 9, 0, 10, 0, 0, 0, 7, 11, 5, 8, 0, 7, 6, 0, 8, 0, 0, 0, 0, 7, 8, 9, 9, 0, 9, 0, 7, 6, 9, 0, 0, 0, 6, 10, 0, 0, 0, 0, 7, 7, 0, 0, 6, 10, 0, 7, 6, 9, 5, 8, 7, 5, 9, 8, 8, 0, 0, 0, 8, 0, 0, 6, 0, 0, : 6, 8, 8, 8, 6, 5, 6, 10, 8, 9, 10, 7, 11, 5, 8, 7, 6, 8, 7, 8, 9, 9, 9, 7, 6, 9, 6, 10, 7, 7, 6, 10, 7, 6, 9, 5, 8, 7, 5, 9, 8, 8, 8, 6, 
725: 7, 0, 0, 0, 0, 0, 7, 7, 0, 0, 7, 9, 0, 0, 7, 0, 5, 8, 0, 0, 0, 0, 0, 0, 0, 5, 6, 0, 7, 0, 0, 9, 9, 10, 0, 9, 0, 6, 7, 0, 8, 8, 9, 0, 7, 7, 0, 0, 0, 6, 0, 0, 8, 6, 0, 8, 7, 0, 0, 0, 6, 8, 0, 0, 5, 7, 0, 8, 0, 0, 8, 0, 9, 0, 7, 6, 0, 8, 0, 0, : 7, 7, 7, 7, 9, 7, 5, 8, 5, 6, 7, 9, 9, 10, 9, 6, 7, 8, 8, 9, 7, 7, 6, 8, 6, 8, 7, 6, 8, 5, 7, 8, 8, 9, 7, 6, 8, 
13: 6, 6, 8, 0, 6, 8, 7, 9, 0, 5, 0, 6, 0, 8, 9, 6, 10, 0, 0, 8, 0, 0, 0, 7, 8, 9, 9, 0, 0, 0, 7, 8, 9, 0, 0, 0, 6, 10, 9, 7, 6, 9, 8, 0, 0, 9, 9, 0, 5, 0, 8, 9, 0, 6, 0, 8, 0, 7, 0, 0, 9, 0, 0, 7, 0, 0, 0, 9, 0, 9, 0, 7, 7, 0, 8, 0, 0, 9, 0, 8, : 6, 6, 8, 6, 8, 7, 9, 5, 6, 8, 9, 6, 10, 8, 7, 8, 9, 9, 7, 8, 9, 6, 10, 9, 7, 6, 9, 8, 9, 9, 5, 8, 9, 6, 8, 7, 9, 7, 9, 9, 7, 7, 8, 9, 8, 
734: 0, 0, 7, 0, 0, 6, 0, 0, 7, 0, 0, 10, 7, 0, 8, 9, 6, 8, 9, 0, 0, 0, 7, 0, 0, 8, 0, 0, 0, 6, 6, 0, 0, 0, 6, 9, 7, 7, 5, 6, 8, 0, 9, 7, 6, 0, 5, 7, 0, 5, 8, 0, 9, 0, 0, 5, 0, 0, 0, 0, 0, 8, 6, 0, 0, 0, 0, 0, 0, 8, 0, 0, 7, 0, 7, 0, 8, 8, 7, 0, : 7, 6, 7, 10, 7, 8, 9, 6, 8, 9, 7, 8, 6, 6, 6, 9, 7, 7, 5, 6, 8, 9, 7, 6, 5, 7, 5, 8, 9, 5, 8, 6, 8, 7, 7, 8, 8, 7, 
258: 8, 0, 0, 0, 10, 7, 0, 0, 6, 0, 0, 5, 7, 0, 0, 5, 9, 0, 7, 0, 0, 5, 0, 0, 0, 7, 7, 10, 9, 7, 7, 7, 6, 0, 7, 6, 0, 0, 9, 9, 0, 7, 7, 0, 0, 0, 5, 0, 0, 0, 0, 6, 9, 0, 5, 7, 7, 8, 0, 0, 11, 0, 0, 0, 0, 10, 7, 0, 8, 9, 7, 0, 0, 0, 0, 0, 6, 8, 7, 0, : 8, 10, 7, 6, 5, 7, 5, 9, 7, 5, 7, 7, 10, 9, 7, 7, 7, 6, 7, 6, 9, 9, 7, 7, 5, 6, 9, 5, 7, 7, 8, 11, 10, 7, 8, 9, 7, 6, 8, 7, 
639: 0, 0, 9, 6, 8, 0, 10, 10, 0, 5, 0, 8, 7, 0, 0, 10, 7, 0, 8, 8, 9, 8, 7, 0, 8, 9, 0, 0, 8, 0, 0, 7, 0, 0, 0, 0, 7, 0, 8, 0, 9, 0, 9, 9, 5, 0, 0, 0, 0, 4, 9, 0, 6, 9, 0, 11, 7, 0, 0, 10, 9, 5, 8, 6, 0, 8, 0, 6, 0, 0, 8, 0, 9, 8, 0, 8, 0, 0, 0, 0, : 9, 6, 8, 10, 10, 5, 8, 7, 10, 7, 8, 8, 9, 8, 7, 8, 9, 8, 7, 7, 8, 9, 9, 9, 5, 4, 9, 6, 9, 11, 7, 10, 9, 5, 8, 6, 8, 6, 8, 9, 8, 8, 
543: 0, 0, 0, 0, 6, 7, 7, 0, 0, 0, 10, 10, 9, 0, 7, 8, 0, 0, 10, 0, 0, 0, 8, 0, 9, 0, 0, 6, 7, 0, 0, 5, 8, 0, 0, 6, 0, 0, 0, 0, 7, 7, 0, 8, 7, 6, 11, 9, 9, 7, 8, 0, 8, 0, 7, 6, 0, 7, 0, 8, 7, 0, 0, 6, 10, 10, 0, 0, 0, 8, 0, 8, 0, 8, 0, 0, 0, 0, 0, 0, : 6, 7, 7, 10, 10, 9, 7, 8, 10, 8, 9, 6, 7, 5, 8, 6, 7, 7, 8, 7, 6, 11, 9, 9, 7, 8, 8, 7, 6, 7, 8, 7, 6, 10, 10, 8, 8, 8, 
276: 0, 0, 0, 0, 0, 0, 8, 0, 0, 10, 8, 0, 0, 0, 0, 0, 0, 0, 0, 0, 8, 7, 0, 9, 0, 0, 5, 0, 0, 6, 0, 7, 0, 8, 0, 10, 0, 8, 0, 0, 0, 0, 0, 0, 0, 0, 7, 11, 0, 8, 0, 7, 0, 9, 8, 0, 0, 4, 0, 0, 0, 7, 9, 9, 9, 9, 0, 0, 7, 0, 0, 0, 7, 8, 0, 0, 0, 8, 7, 8, : 8, 10, 8, 8, 7, 9, 5, 6, 7, 8, 10, 8, 7, 11, 8, 7, 9, 8, 4, 7, 9, 9, 9, 9, 7, 7, 8, 8, 7, 8, 
24: 9, 7, 0, 8, 0, 0, 0, 0, 7, 7, 0, 9, 9, 0, 0, 8, 0, 0, 0, 6, 8, 0, 0, 0, 0, 0, 10, 6, 0, 0, 9, 0, 0, 0, 5, 0, 0, 0, 0, 0, 0, 9, 0, 6, 9, 0, 0, 0, 8, 0, 0, 4, 0, 7, 10, 0, 0, 9, 0, 0, 0, 9, 0, 7, 7, 0, 8, 0, 7, 9, 9, 8, 8, 8, 8, 0, 8, 5, 0, 0, : 9, 7, 8, 7, 7, 9, 9, 8, 6, 8, 10, 6, 9, 5, 9, 6, 9, 8, 4, 7, 10, 9, 9, 7, 7, 8, 7, 9, 9, 8, 8, 8, 8, 8, 5, 
148: 10, 7, 0, 0, 7, 0, 10, 8, 0, 0, 0, 5, 0, 6, 9, 9, 0, 0, 0, 7, 0, 0, 0, 8, 7, 6, 7, 0, 0, 6, 7, 0, 0, 0, 7, 8, 0, 9, 0, 0, 8, 0, 8, 0, 10, 7, 8, 0, 9, 9, 10, 8, 0, 0, 0, 0, 8, 0, 0, 8, 0, 6, 8, 10, 6, 6, 8, 7, 0, 0, 9, 0, 0, 8, 0, 0, 0, 0, 8, 6, : 10, 7, 7, 10, 8, 5, 6, 9, 9, 7, 8, 7, 6, 7, 6, 7, 7, 8, 9, 8, 8, 10, 7, 8, 9, 9, 10, 8, 8, 8, 6, 8, 10, 6, 6, 8, 7, 9, 8, 8, 6, 
267: 0, 0, 0, 7, 8, 10, 0, 0, 9, 5, 0, 5, 5, 0, 8, 0, 0, 9, 0, 0, 8, 0, 0, 0, 9, 0, 6, 5, 0, 0, 6, 6, 8, 6, 0, 0, 9, 10, 0, 0, 0, 8, 0, 7, 0, 9, 7, 0, 0, 10, 0, 8, 0, 0, 11, 9, 0, 6, 11, 7, 4, 0, 0, 9, 0, 0, 8, 0, 0, 0, 0, 0, 8, 8, 0, 7, 7, 8, 8, 0, : 7, 8, 10, 9, 5, 5, 5, 8, 9, 8, 9, 6, 5, 6, 6, 8, 6, 9, 10, 8, 7, 9, 7, 10, 8, 11, 9, 6, 11, 7, 4, 9, 8, 8, 8, 7, 7, 8, 8, 
719: 5, 7, 8, 7, 6, 0, 0, 0, 0, 0, 0, 0, 0, 0, 0, 8, 6, 9, 8, 0, 8, 8, 8, 7, 0, 6, 0, 8, 11, 11, 0, 0, 9, 6, 0, 0, 0, 7, 8, 9, 0, 0, 4, 9, 0, 9, 0, 0, 10, 0, 8, 0, 7, 0, 0, 8, 6, 7, 5, 0, 5, 7, 0, 8, 10, 0, 0, 0, 9, 8, 8, 0, 8, 5, 0, 0, 8, 0, 8, 7, : 5, 7, 8, 7, 6, 8, 6, 9, 8, 8, 8, 8, 7, 6, 8, 11, 11, 9, 6, 7, 8, 9, 4, 9, 9, 10, 8, 7, 8, 6, 7, 5, 5, 7, 8, 10, 9, 8, 8, 8, 5, 8, 8, 7, 
86: 0, 9, 0, 0, 8, 0, 0, 0, 0, 5, 6, 9, 10, 7, 0, 6, 0, 0, 6, 8, 0, 10, 10, 0, 0, 8, 0, 8, 0, 10, 0, 0, 0, 0, 0, 0, 0, 0, 0, 0, 0, 0, 7, 0, 7, 0, 0, 0, 0, 0, 9, 0, 5, 0, 9, 0, 0, 5, 0, 6, 0, 0, 0, 9, 10, 9, 8, 0, 0, 8, 0, 7, 8, 0, 8, 0, 7, 0, 0, 8, : 9, 8, 5, 6, 9, 10, 7, 6, 6, 8, 10, 10, 8, 8, 10, 7, 7, 9, 5, 9, 5, 6, 9, 10, 9, 8, 8, 7, 8, 8, 7, 8, 
340: 0, 0, 8, 0, 7, 0, 8, 7, 0, 0, 8, 0, 0, 0, 5, 0, 8, 7, 0, 10, 0, 0, 0, 0, 6, 9, 0, 9, 10, 7, 0, 8, 0, 0, 0, 5, 0, 9, 0, 0, 8, 0, 6, 0, 8, 6, 8, 7, 0, 0, 0, 0, 9, 0, 8, 0, 7, 0, 9, 0, 0, 0, 0, 0, 0, 0, 7, 9, 8, 0, 0, 8, 0, 8, 8, 9, 7, 0, 0, 7, : 8, 7, 8, 7, 8, 5, 8, 7, 10, 6, 9, 9, 10, 7, 8, 5, 9, 8, 6, 8, 6, 8, 7, 9, 8, 7, 9, 7, 9, 8, 8, 8, 8, 9, 7, 7, 
786: 0, 8, 9, 7, 10, 0, 0, 0, 0, 0, 6, 0, 6, 0, 0, 0, 6, 0, 0, 0, 0, 9, 9, 8, 0, 0, 9, 6, 0, 0, 0, 0, 0, 0, 6, 0, 7, 0, 6, 8, 0, 8, 9, 8, 0, 6, 5, 8, 0, 0, 8, 0, 8, 9, 0, 0, 9, 7, 6, 9, 0, 9, 0, 10, 0, 0, 10, 0, 0, 0, 0, 9, 0, 0, 0, 8, 8, 7, 7, 0, : 8, 9, 7, 10, 6, 6, 6, 9, 9, 8, 9, 6, 6, 7, 6, 8, 8, 9, 8, 6, 5, 8, 8, 8, 9, 9, 7, 6, 9, 9, 10, 10, 9, 8, 8, 7, 7, 
628: 7, 0, 10, 10, 8, 0, 0, 0, 8, 8, 0, 0, 8, 6, 6, 0, 0, 8, 5, 8, 8, 0, 9, 0, 10, 8, 0, 7, 0, 11, 0, 7, 0, 5, 0, 10, 0, 5, 7, 0, 0, 0, 0, 0, 0, 11, 0, 10, 7, 7, 0, 8, 0, 6, 8, 5, 0, 10, 0, 0, 0, 0, 0, 11, 9, 0, 0, 0, 0, 8, 7, 0, 7, 8, 0, 7, 0, 0, 0, 5, : 7, 10, 10, 8, 8, 8, 8, 6, 6, 8, 5, 8, 8, 9, 10, 8, 7, 11, 7, 5, 10, 5, 7, 11, 10, 7, 7, 8, 6, 8, 5, 10, 11, 9, 8, 7, 7, 8, 7, 5, 
120: 0, 9, 8, 6, 6, 0, 7, 8, 8, 10, 0, 10, 0, 0, 7, 8, 8, 0, 0, 0, 7, 6, 5, 7, 0, 0, 10, 0, 6, 10, 9, 9, 0, 8, 0, 7, 5, 0, 5, 0, 9, 9, 10, 0, 7, 0, 0, 0, 10, 0, 0, 0, 8, 0, 7, 0, 0, 0, 0, 0, 0, 9, 9, 6, 0, 6, 9, 0, 6, 0, 8, 0, 9, 0, 0, 0, 8, 7, 8, 7, : 9, 8, 6, 6, 7, 8, 8, 10, 10, 7, 8, 8, 7, 6, 5, 7, 10, 6, 10, 9, 9, 8, 7, 5, 5, 9, 9, 10, 7, 10, 8, 7, 9, 9, 6, 6, 9, 6, 8, 9, 8, 7, 8, 7, 
779: 8, 7, 0, 0, 0, 0, 7, 0, 10, 0, 9, 8, 10, 0, 0, 0, 0, 5, 9, 0, 6, 0, 7, 0, 0, 9, 0, 0, 0, 0, 7, 0, 0, 0, 6, 0, 7, 0, 5, 0, 0, 7, 8, 6, 0, 6, 9, 8, 8, 9, 5, 0, 0, 9, 0, 0, 5, 0, 0, 6, 4, 0, 0, 7, 0, 9, 0, 7, 0, 8, 7, 0, 8, 0, 8, 8, 0, 0, 8, 7, : 8, 7, 7, 10, 9, 8, 10, 5, 9, 6, 7, 9, 7, 6, 7, 5, 7, 8, 6, 6, 9, 8, 8, 9, 5, 9, 5, 6, 4, 7, 9, 7, 8, 7, 8, 8, 8, 8, 7, 
389: 0, 0, 7, 0, 0, 8, 6, 5, 10, 6, 0, 7, 5, 7, 8, 7, 0, 9, 8, 10, 8, 0, 0, 0, 0, 6, 0, 8, 0, 0, 0, 0, 8, 0, 8, 0, 0, 5, 11, 8, 0, 0, 9, 8, 0, 0, 0, 0, 8, 0, 6, 6, 0, 0, 9, 7, 0, 11, 11, 0, 5, 9, 8, 0, 0, 5, 7, 0, 8, 0, 0, 8, 9, 0, 0, 0, 0, 0, 0, 8, : 7, 8, 6, 5, 10, 6, 7, 5, 7, 8, 7, 9, 8, 10, 8, 6, 8, 8, 8, 5, 11, 8, 9, 8, 8, 6, 6, 9, 7, 11, 11, 5, 9, 8, 5, 7, 8, 8, 9, 8, 
430: 9, 10, 0, 0, 0, 0, 9, 0, 0, 7, 0, 7, 10, 8, 10, 5, 8, 0, 0, 5, 0, 6, 0, 8, 7, 0, 0, 10, 7, 0, 11, 0, 0, 0, 8, 0, 6, 0, 6, 5, 8, 0, 0, 6, 0, 0, 7, 6, 0, 10, 0, 8, 9, 0, 9, 0, 8, 0, 0, 6, 0, 0, 6, 0, 10, 10, 0, 0, 0, 8, 8, 7, 0, 0, 0, 6, 0, 8, 9, 0, : 9, 10, 9, 7, 7, 10, 8, 10, 5, 8, 5, 6, 8, 7, 10, 7, 11, 8, 6, 6, 5, 8, 6, 7, 6, 10, 8, 9, 9, 8, 6, 6, 10, 10, 8, 8, 7, 6, 8, 9, 
99: 7, 0, 0, 0, 7, 10, 0, 0, 7, 9, 8, 0, 0, 6, 0, 9, 0, 0, 5, 0, 0, 0, 0, 0, 8, 0, 0, 7, 6, 8, 11, 0, 5, 10, 0, 10, 0, 0, 0, 6, 0, 0, 7, 7, 0, 7, 11, 0, 8, 0, 8, 8, 0, 8, 8, 0, 0, 6, 7, 0, 0, 0, 0, 0, 6, 7, 0, 7, 0, 7, 8, 7, 8, 0, 0, 7, 0, 0, 7, 9, : 7, 7, 10, 7, 9, 8, 6, 9, 5, 8, 7, 6, 8, 11, 5, 10, 10, 6, 7, 7, 7, 11, 8, 8, 8, 8, 8, 6, 7, 6, 7, 7, 7, 8, 7, 8, 7, 7, 9, 
227: 9, 9, 6, 7, 6, 9, 6, 0, 0, 8, 8, 0, 0, 9, 0, 5, 0, 0, 9, 8, 7, 8, 0, 0, 0, 0, 0, 0, 0, 0, 0, 5, 0, 8, 9, 0, 8, 0, 10, 5, 5, 0, 7, 9, 7, 0, 5, 9, 0, 0, 0, 0, 8, 0, 6, 7, 7, 0, 8, 0, 8, 11, 5, 7, 0, 0, 7, 0, 9, 0, 8, 0, 0, 7, 9, 8, 0, 9, 8, 7, : 9, 9, 6, 7, 6, 9, 6, 8, 8, 9, 5, 9, 8, 7, 8, 5, 8, 9, 8, 10, 5, 5, 7, 9, 7, 5, 9, 8, 6, 7, 7, 8, 8, 11, 5, 7, 7, 9, 8, 7, 9, 8, 9, 8, 7, 
758: 0, 7, 6, 0, 0, 0, 6, 0, 0, 10, 0, 7, 0, 0, 5, 0, 0, 10, 9, 7, 0, 0, 7, 6, 7, 5, 9, 8, 10, 11, 0, 7, 0, 0, 8, 0, 0, 10, 7, 0, 4, 0, 0, 9, 7, 8, 6, 10, 5, 0, 7, 0, 9, 9, 0, 8, 7, 6, 0, 6, 7, 0, 6, 0, 0, 9, 0, 0, 6, 7, 7, 0, 0, 7, 8, 0, 9, 0, 8, 0, : 7, 6, 6, 10, 7, 5, 10, 9, 7, 7, 6, 7, 5, 9, 8, 10, 11, 7, 8, 10, 7, 4, 9, 7, 8, 6, 10, 5, 7, 9, 9, 8, 7, 6, 6, 7, 6, 9, 6, 7, 7, 7, 8, 9, 8, 
289: 10, 0, 0, 0, 7, 9, 0, 8, 0, 0, 9, 10, 0, 10, 6, 0, 0, 7, 8, 0, 8, 0, 7, 0, 0, 0, 11, 0, 0, 7, 0, 0, 0, 0, 9, 8, 0, 0, 8, 0, 0, 0, 0, 0, 8, 0, 8, 0, 0, 0, 0, 8, 9, 0, 7, 9, 9, 0, 0, 0, 0, 0, 7, 0, 7, 0, 8, 8, 8, 0, 0, 0, 0, 9, 0, 0, 8, 0, 0, 0, : 10, 7, 9, 8, 9, 10, 10, 6, 7, 8, 8, 7, 11, 7, 9, 8, 8, 8, 8, 8, 9, 7, 9, 9, 7, 7, 8, 8, 8, 9, 8, 
34: 8, 0, 6, 0, 0, 0, 0, 11, 0, 0, 0, 0, 9, 5, 0, 0, 0, 8, 0, 8, 7, 8, 0, 9, 8, 0, 0, 0, 0, 0, 0, 0, 0, 0, 0, 9, 6, 0, 6, 9, 9, 0, 7, 0, 0, 5, 0, 10, 6, 8, 0, 0, 9, 0, 5, 0, 8, 0, 0, 10, 0, 6, 0, 0, 8, 7, 0, 9, 8, 0, 6, 0, 9, 7, 7, 7, 0, 0, 0, 8, : 8, 6, 11, 9, 5, 8, 8, 7, 8, 9, 8, 9, 6, 6, 9, 9, 7, 5, 10, 6, 8, 9, 5, 8, 10, 6, 8, 7, 9, 8, 6, 9, 7, 7, 7, 8, 
32: 0, 7, 7, 0, 7, 0, 0, 0, 9, 8, 6, 0, 0, 0, 7, 7, 11, 8, 5, 0, 0, 5, 9, 0, 8, 0, 0, 0, 6, 0, 0, 6, 0, 7, 8, 5, 8, 0, 0, 0, 0, 8, 0, 0, 8, 0, 0, 6, 8, 0, 0, 0, 0, 7, 0, 0, 0, 5, 0, 0, 0, 8, 0, 7, 0, 7, 0, 0, 8, 9, 0, 7, 0, 0, 0, 8, 8, 0, 0, 7, : 7, 7, 7, 9, 8, 6, 7, 7, 11, 8, 5, 5, 9, 8, 6, 6, 7, 8, 5, 8, 8, 8, 6, 8, 7, 5, 8, 7, 7, 8, 9, 7, 8, 8, 7, 
697: 8, 8, 0, 0, 0, 7, 10, 9, 6, 9, 7, 7, 0, 10, 0, 0, 0, 7, 7, 0, 0, 0, 7, 8, 0, 0, 8, 8, 0, 0, 4, 0, 0, 0, 0, 0, 0, 9, 0, 8, 8, 6, 0, 0, 8, 0, 0, 0, 0, 0, 0, 0, 0, 0, 8, 7, 0, 9, 7, 8, 10, 0, 10, 9, 6, 7, 7, 0, 8, 0, 0, 7, 7, 7, 7, 8, 0, 8, 7, 0, : 8, 8, 7, 10, 9, 6, 9, 7, 7, 10, 7, 7, 7, 8, 8, 8, 4, 9, 8, 8, 6, 8, 8, 7, 9, 7, 8, 10, 10, 9, 6, 7, 7, 8, 7, 7, 7, 7, 8, 8, 7, 
402: 9, 0, 5, 0, 0, 0, 0, 0, 0, 0, 0, 0, 0, 7, 0, 9, 0, 9, 9, 0, 0, 5, 7, 8, 0, 10, 7, 6, 7, 0, 6, 0, 8, 0, 0, 7, 7, 0, 0, 8, 0, 0, 10, 0, 0, 0, 0, 7, 7, 0, 7, 8, 10, 0, 0, 0, 5, 0, 6, 0, 9, 0, 0, 0, 7, 7, 0, 8, 7, 0, 0, 5, 0, 0, 8, 0, 0, 0, 0, 8, : 9, 5, 7, 9, 9, 9, 5, 7, 8, 10, 7, 6, 7, 6, 8, 7, 7, 8, 10, 7, 7, 7, 8, 10, 5, 6, 9, 7, 7, 8, 7, 5, 8, 8, 
251: 0, 7, 0, 6, 0, 10, 8, 8, 0, 6, 0, 9, 0, 8, 8, 5, 10, 0, 0, 5, 0, 7, 8, 8, 0, 0, 8, 0, 0, 10, 0, 0, 0, 9, 5, 0, 0, 0, 8, 0, 0, 9, 8, 8, 0, 7, 9, 8, 7, 9, 0, 0, 0, 0, 7, 7, 0, 0, 0, 8, 0, 9, 0, 4, 9, 5, 9, 8, 6, 0, 5, 8, 0, 7, 9, 0, 0, 8, 0, 7, : 7, 6, 10, 8, 8, 6, 9, 8, 8, 5, 10, 5, 7, 8, 8, 8, 10, 9, 5, 8, 9, 8, 8, 7, 9, 8, 7, 9, 7, 7, 8, 9, 4, 9, 5, 9, 8, 6, 5, 8, 7, 9, 8, 7, 
646: 7, 10, 0, 0, 0, 0, 7, 0, 5, 8, 7, 0, 0, 0, 0, 0, 5, 0, 10, 9, 8, 10, 0, 0, 5, 6, 9, 0, 0, 8, 0, 0, 9, 7, 9, 9, 5, 0, 0, 0, 8, 9, 0, 0, 0, 8, 0, 8, 8, 0, 10, 7, 8, 0, 6, 0, 9, 0, 0, 0, 7, 6, 0, 0, 9, 0, 8, 0, 0, 0, 8, 8, 7, 0, 8, 8, 7, 0, 0, 7, : 7, 10, 7, 5, 8, 7, 5, 10, 9, 8, 10, 5, 6, 9, 8, 9, 7, 9, 9, 5, 8, 9, 8, 8, 8, 10, 7, 8, 6, 9, 7, 6, 9, 8, 8, 8, 7, 8, 8, 7, 7, 
438: 7, 10, 6, 0, 0, 6, 0, 0, 10, 0, 8, 0, 10, 0, 0, 8, 0, 9, 0, 0, 0, 7, 0, 7, 8, 0, 7, 0, 7, 0, 0, 10, 9, 10, 9, 7, 10, 0, 8, 0, 0, 0, 6, 9, 9, 8, 0, 8, 0, 6, 9, 10, 8, 8, 0, 0, 0, 0, 10, 5, 0, 7, 10, 6, 0, 0, 7, 0, 0, 0, 0, 0, 0, 7, 0, 0, 0, 0, 0, 8, : 7, 10, 6, 6, 10, 8, 10, 8, 9, 7, 7, 8, 7, 7, 10, 9, 10, 9, 7, 10, 8, 6, 9, 9, 8, 8, 6, 9, 10, 8, 8, 10, 5, 7, 10, 6, 7, 7, 8, 
132: 0, 8, 0, 0, 0, 0, 0, 0, 6, 6, 0, 0, 7, 0, 9, 0, 10, 5, 7, 9, 0, 9, 0, 8, 0, 9, 9, 8, 0, 0, 0, 0, 0, 0, 8, 8, 9, 8, 7, 0, 7, 0, 0, 10, 0, 0, 9, 0, 0, 0, 0, 0, 9, 6, 0, 0, 6, 0, 5, 7, 0, 10, 10, 5, 0, 9, 7, 0, 0, 0, 0, 7, 9, 8, 0, 8, 0, 0, 8, 0, : 8, 6, 6, 7, 9, 10, 5, 7, 9, 9, 8, 9, 9, 8, 8, 8, 9, 8, 7, 7, 10, 9, 9, 6, 6, 5, 7, 10, 10, 5, 9, 7, 7, 9, 8, 8, 8, 
606: 7, 0, 0, 9, 0, 6, 7, 8, 0, 0, 5, 0, 0, 7, 0, 0, 6, 0, 0, 0, 0, 0, 10, 8, 0, 7, 0, 8, 7, 0, 9, 0, 6, 0, 0, 0, 9, 0, 0, 0, 0, 4, 0, 0, 0, 0, 5, 0, 0, 0, 0, 0, 0, 5, 0, 0, 11, 0, 11, 5, 10, 0, 5, 8, 0, 0, 0, 7, 0, 7, 0, 9, 0, 0, 0, 8, 0, 7, 0, 8, : 7, 9, 6, 7, 8, 5, 7, 6, 10, 8, 7, 8, 7, 9, 6, 9, 4, 5, 5, 11, 11, 5, 10, 5, 8, 7, 7, 9, 8, 7, 8, 
203: 9, 0, 5, 10, 10, 7, 7, 0, 8, 0, 0, 9, 7, 0, 9, 8, 8, 5, 5, 6, 5, 0, 0, 9, 0, 9, 0, 10, 9, 9, 9, 7, 7, 8, 0, 9, 0, 7, 0, 0, 0, 7, 10, 0, 0, 0, 5, 10, 7, 0, 8, 6, 6, 8, 0, 7, 0, 0, 6, 10, 9, 0, 0, 10, 0, 8, 5, 0, 9, 5, 7, 9, 0, 0, 8, 0, 9, 0, 8, 0, : 9, 5, 10, 10, 7, 7, 8, 9, 7, 9, 8, 8, 5, 5, 6, 5, 9, 9, 10, 9, 9, 9, 7, 7, 8, 9, 7, 7, 10, 5, 10, 7, 8, 6, 6, 8, 7, 6, 10, 9, 10, 8, 5, 9, 5, 7, 9, 8, 9, 8, 
381: 0, 0, 6, 0, 0, 0, 0, 0, 9, 0, 0, 8, 7, 9, 6, 11, 0, 9, 7, 0, 6, 0, 8, 0, 11, 9, 0, 0, 5, 6, 5, 0, 0, 5, 0, 0, 8, 0, 0, 0, 8, 0, 8, 0, 8, 0, 0, 0, 10, 10, 0, 8, 0, 0, 11, 8, 8, 8, 9, 6, 10, 6, 0, 0, 0, 0, 5, 7, 0, 0, 8, 8, 0, 0, 0, 0, 8, 0, 5, 8, : 6, 9, 8, 7, 9, 6, 11, 9, 7, 6, 8, 11, 9, 5, 6, 5, 5, 8, 8, 8, 8, 10, 10, 8, 11, 8, 8, 8, 9, 6, 10, 6, 5, 7, 8, 8, 8, 5, 8, 
248: 8, 0, 7, 6, 6, 7, 10, 9, 0, 7, 6, 5, 0, 0, 0, 0, 8, 10, 0, 5, 8, 0, 7, 7, 6, 8, 8, 10, 0, 7, 7, 0, 6, 0, 8, 0, 10, 6, 8, 6, 0, 0, 9, 8, 0, 8, 0, 0, 6, 9, 0, 5, 0, 7, 0, 8, 0, 0, 0, 7, 7, 10, 7, 9, 6, 7, 8, 0, 0, 6, 0, 0, 8, 6, 0, 7, 9, 0, 7, 7, : 8, 7, 6, 6, 7, 10, 9, 7, 6, 5, 8, 10, 5, 8, 7, 7, 6, 8, 8, 10, 7, 7, 6, 8, 10, 6, 8, 6, 9, 8, 8, 6, 9, 5, 7, 8, 7, 7, 10, 7, 9, 6, 7, 8, 6, 8, 6, 7, 9, 7, 7, 
43: 0, 0, 0, 8, 0, 0, 10, 8, 0, 0, 0, 6, 8, 10, 9, 5, 0, 0, 0, 0, 6, 9, 0, 0, 5, 0, 0, 0, 0, 0, 6, 9, 0, 9, 9, 8, 7, 7, 0, 0, 7, 6, 6, 8, 10, 0, 0, 9, 11, 7, 0, 10, 0, 7, 0, 8, 0, 9, 6, 0, 0, 0, 0, 0, 7, 8, 0, 7, 8, 7, 0, 0, 9, 0, 0, 8, 0, 8, 8, 7, : 8, 10, 8, 6, 8, 10, 9, 5, 6, 9, 5, 6, 9, 9, 9, 8, 7, 7, 7, 6, 6, 8, 10, 9, 11, 7, 10, 7, 8, 9, 6, 7, 8, 7, 8, 7, 9, 8, 8, 8, 7, 
301: 9, 8, 0, 0, 0, 0, 0, 9, 9, 8, 5, 0, 5, 0, 0, 0, 0, 9, 0, 9, 0, 9, 6, 0, 0, 0, 7, 5, 0, 9, 8, 0, 0, 0, 7, 9, 8, 0, 0, 0, 9, 0, 9, 0, 8, 8, 0, 0, 0, 8, 0, 0, 0, 0, 0, 7, 5, 0, 0, 0, 0, 10, 8, 0, 9, 10, 6, 9, 0, 7, 0, 9, 0, 0, 9, 0, 6, 9, 9, 0, : 9, 8, 9, 9, 8, 5, 5, 9, 9, 9, 6, 7, 5, 9, 8, 7, 9, 8, 9, 9, 8, 8, 8, 7, 5, 10, 8, 9, 10, 6, 9, 7, 9, 9, 6, 9, 9, 
527: 0, 0, 0, 0, 7, 8, 0, 0, 0, 0, 8, 8, 0, 7, 0, 0, 0, 0, 8, 0, 11, 0, 8, 11, 8, 0, 0, 9, 0, 0, 8, 0, 0, 0, 8, 7, 7, 0, 9, 0, 8, 9, 0, 0, 0, 7, 0, 0, 0, 0, 0, 7, 8, 8, 0, 11, 7, 0, 0, 0, 0, 7, 0, 0, 0, 7, 9, 0, 0, 0, 0, 9, 0, 0, 7, 8, 0, 7, 0, 8, : 7, 8, 8, 8, 7, 8, 11, 8, 11, 8, 9, 8, 8, 7, 7, 9, 8, 9, 7, 7, 8, 8, 11, 7, 7, 7, 9, 9, 7, 8, 7, 8, 
419: 6, 0, 0, 0, 0, 0, 0, 0, 5, 0, 0, 8, 0, 7, 0, 6, 6, 9, 0, 0, 0, 0, 0, 5, 0, 0, 5, 6, 0, 10, 10, 0, 0, 8, 7, 0, 0, 0, 0, 9, 8, 0, 0, 0, 6, 8, 0, 0, 9, 0, 0, 0, 8, 0, 0, 0, 0, 6, 9, 8, 9, 0, 0, 0, 9, 0, 9, 0, 0, 0, 0, 0, 0, 8, 6, 0, 5, 0, 0, 8, : 6, 5, 8, 7, 6, 6, 9, 5, 5, 6, 10, 10, 8, 7, 9, 8, 6, 8, 9, 8, 6, 9, 8, 9, 9, 9, 8, 6, 5, 8, 
134: 10, 10, 9, 9, 10, 8, 0, 0, 8, 0, 9, 0, 10, 0, 9, 0, 0, 8, 7, 0, 9, 0, 5, 7, 7, 0, 8, 8, 0, 0, 0, 0, 0, 9, 0, 8, 6, 0, 8, 7, 11, 8, 6, 8, 8, 10, 8, 7, 0, 8, 9, 9, 0, 0, 4, 0, 0, 0, 0, 6, 6, 0, 9, 8, 0, 7, 9, 6, 0, 9, 8, 7, 0, 0, 0, 9, 8, 8, 8, 0, : 10, 10, 9, 9, 10, 8, 8, 9, 10, 9, 8, 7, 9, 5, 7, 7, 8, 8, 9, 8, 6, 8, 7, 11, 8, 6, 8, 8, 10, 8, 7, 8, 9, 9, 4, 6, 6, 9, 8, 7, 9, 6, 9, 8, 7, 9, 8, 8, 8, 
560: 0, 9, 7, 7, 0, 0, 0, 8, 8, 0, 0, 0, 8, 0, 0, 0, 8, 7, 0, 8, 5, 8, 9, 0, 9, 0, 6, 0, 10, 0, 0, 8, 9, 0, 0, 0, 0, 6, 0, 9, 7, 0, 0, 8, 0, 0, 9, 0, 10, 6, 0, 8, 6, 0, 7, 0, 0, 10, 0, 0, 0, 0, 9, 8, 0, 0, 8, 0, 0, 0, 0, 9, 7, 0, 0, 0, 0, 7, 0, 0, : 9, 7, 7, 8, 8, 8, 8, 7, 8, 5, 8, 9, 9, 6, 10, 8, 9, 6, 9, 7, 8, 9, 10, 6, 8, 6, 7, 10, 9, 8, 8, 9, 7, 7, 
297: 0, 6, 7, 10, 0, 10, 7, 6, 8, 0, 7, 5, 0, 0, 7, 0, 0, 0, 9, 7, 0, 6, 9, 7, 8, 0, 0, 0, 0, 0, 0, 0, 8, 0, 0, 0, 0, 0, 7, 0, 7, 8, 0, 0, 8, 0, 0, 9, 0, 0, 0, 7, 10, 6, 0, 0, 0, 0, 10, 0, 0, 0, 0, 0, 10, 0, 9, 0, 0, 0, 9, 7, 0, 0, 0, 7, 9, 0, 7, 9, : 6, 7, 10, 10, 7, 6, 8, 7, 5, 7, 9, 7, 6, 9, 7, 8, 8, 7, 7, 8, 8, 9, 7, 10, 6, 10, 10, 9, 9, 7, 7, 9, 7, 9, 
380: 7, 0, 0, 0, 0, 8, 0, 0, 0, 9, 0, 8, 7, 9, 0, 0, 0, 0, 0, 8, 9, 0, 7, 0, 0, 8, 7, 0, 11, 0, 9, 9, 11, 6, 9, 0, 0, 8, 0, 7, 6, 10, 0, 9, 0, 0, 8, 0, 7, 7, 0, 0, 0, 0, 6, 0, 4, 9, 0, 0, 8, 9, 9, 0, 0, 0, 7, 8, 0, 8, 9, 0, 0, 8, 0, 8, 8, 0, 9, 0, : 7, 8, 9, 8, 7, 9, 8, 9, 7, 8, 7, 11, 9, 9, 11, 6, 9, 8, 7, 6, 10, 9, 8, 7, 7, 6, 4, 9, 8, 9, 9, 7, 8, 8, 9, 8, 8, 8, 9, 
476: 0, 5, 0, 0, 0, 6, 6, 6, 0, 0, 0, 0, 9, 5, 0, 0, 0, 0, 0, 0, 0, 0, 0, 7, 0, 0, 0, 7, 0, 0, 6, 11, 7, 0, 0, 7, 0, 8, 9, 7, 0, 0, 0, 5, 7, 5, 10, 9, 8, 0, 0, 0, 0, 0, 0, 0, 10, 7, 0, 0, 0, 7, 0, 0, 0, 0, 8, 7, 8, 7, 0, 0, 7, 7, 5, 8, 8, 8, 8, 8, : 5, 6, 6, 6, 9, 5, 7, 7, 6, 11, 7, 7, 8, 9, 7, 5, 7, 5, 10, 9, 8, 10, 7, 7, 8, 7, 8, 7, 7, 7, 5, 8, 8, 8, 8, 8, 
716: 0, 0, 6, 9, 9, 7, 7, 6, 9, 0, 10, 0, 0, 8, 0, 5, 0, 0, 0, 0, 9, 0, 0, 0, 0, 6, 9, 6, 9, 0, 0, 7, 9, 0, 10, 0, 10, 7, 0, 0, 0, 9, 0, 8, 10, 9, 10, 0, 9, 0, 0, 10, 6, 0, 0, 0, 0, 6, 4, 7, 0, 0, 9, 8, 6, 0, 0, 0, 10, 0, 0, 0, 0, 8, 9, 0, 0, 0, 8, 0, : 6, 9, 9, 7, 7, 6, 9, 10, 8, 5, 9, 6, 9, 6, 9, 7, 9, 10, 10, 7, 9, 8, 10, 9, 10, 9, 10, 6, 6, 4, 7, 9, 8, 6, 10, 8, 9, 8, 


75: 8, 10, 9, 0, 0, 0, 9, 6, 7, 0, 0, 6, 7, 0, 0, 0, 0, 9, 8, 0, 0, 0, 0, 8, 5, 0, 0, 0, 8, 9, 0, 10, 0, 7, 8, 8, 0, 7, 8, 0, 0, 0, 10, 0, 0, 0, 0, 0, 9, 0, 0, 0, 0, 9, 8, 0, 0, 7, 8, 7, 0, 6, 0, 6, 0, 8, 0, 7, 0, 8, 8, 6, 7, 7, 8, 8, 8, 9, 9, 8, : 8, 10, 9, 9, 6, 7, 6, 7, 9, 8, 8, 5, 8, 9, 10, 7, 8, 8, 7, 8, 10, 9, 9, 8, 7, 8, 7, 6, 6, 8, 7, 8, 8, 6, 7, 7, 8, 8, 8, 9, 9, 8, 
679: 0, 0, 9, 8, 0, 6, 0, 0, 0, 0, 0, 0, 7, 5, 0, 6, 9, 8, 6, 8, 5, 0, 8, 6, 10, 9, 0, 0, 0, 9, 6, 0, 10, 0, 9, 8, 0, 0, 6, 0, 0, 6, 10, 0, 9, 7, 0, 9, 0, 0, 0, 8, 0, 9, 8, 0, 7, 0, 9, 0, 0, 0, 7, 0, 6, 7, 8, 0, 0, 0, 0, 7, 0, 0, 0, 7, 7, 7, 7, 0, : 9, 8, 6, 7, 5, 6, 9, 8, 6, 8, 5, 8, 6, 10, 9, 9, 6, 10, 9, 8, 6, 6, 10, 9, 7, 9, 8, 9, 8, 7, 9, 7, 6, 7, 8, 7, 7, 7, 7, 7, 
465: 10, 10, 0, 0, 0, 0, 0, 0, 8, 0, 0, 10, 0, 6, 0, 0, 9, 9, 5, 0, 0, 0, 7, 8, 0, 0, 0, 0, 0, 9, 0, 0, 0, 0, 8, 9, 0, 0, 10, 0, 10, 0, 0, 0, 0, 0, 8, 9, 8, 5, 8, 0, 8, 8, 0, 9, 0, 0, 0, 0, 7, 0, 0, 0, 0, 6, 10, 7, 8, 0, 7, 0, 0, 7, 0, 7, 8, 0, 0, 0, : 10, 10, 8, 10, 6, 9, 9, 5, 7, 8, 9, 8, 9, 10, 10, 8, 9, 8, 5, 8, 8, 8, 9, 7, 6, 10, 7, 8, 7, 7, 7, 8, 
92: 8, 9, 0, 7, 0, 0, 0, 0, 0, 0, 9, 0, 10, 8, 8, 9, 4, 9, 9, 8, 0, 5, 7, 0, 8, 0, 0, 0, 9, 9, 0, 10, 0, 8, 0, 0, 0, 0, 0, 0, 0, 5, 0, 0, 6, 7, 0, 0, 0, 0, 6, 8, 9, 8, 0, 9, 0, 0, 8, 9, 0, 0, 8, 10, 0, 0, 0, 0, 0, 0, 9, 0, 7, 0, 0, 7, 9, 6, 7, 7, : 8, 9, 7, 9, 10, 8, 8, 9, 4, 9, 9, 8, 5, 7, 8, 9, 9, 10, 8, 5, 6, 7, 6, 8, 9, 8, 9, 8, 9, 8, 10, 9, 7, 7, 9, 6, 7, 7, 
271: 5, 0, 0, 6, 10, 9, 8, 9, 0, 0, 0, 6, 0, 0, 0, 7, 6, 6, 7, 7, 0, 0, 5, 9, 0, 0, 6, 0, 9, 0, 8, 0, 5, 0, 8, 0, 8, 8, 9, 8, 0, 8, 0, 5, 6, 0, 0, 9, 7, 0, 0, 9, 0, 0, 0, 6, 0, 0, 0, 7, 0, 0, 7, 8, 0, 8, 0, 8, 8, 8, 0, 8, 8, 7, 8, 8, 8, 0, 0, 8, : 5, 6, 10, 9, 8, 9, 6, 7, 6, 6, 7, 7, 5, 9, 6, 9, 8, 5, 8, 8, 8, 9, 8, 8, 5, 6, 9, 7, 9, 6, 7, 7, 8, 8, 8, 8, 8, 8, 8, 7, 8, 8, 8, 8, 
356: 0, 0, 0, 0, 8, 5, 0, 9, 0, 8, 5, 7, 0, 0, 0, 0, 8, 0, 9, 0, 0, 6, 7, 0, 0, 0, 7, 9, 6, 8, 0, 8, 0, 0, 7, 0, 0, 7, 9, 6, 0, 0, 0, 0, 6, 4, 7, 5, 11, 8, 0, 0, 6, 6, 0, 0, 8, 8, 0, 9, 0, 0, 6, 7, 0, 9, 0, 0, 0, 7, 0, 0, 0, 0, 0, 6, 0, 0, 9, 0, : 8, 5, 9, 8, 5, 7, 8, 9, 6, 7, 7, 9, 6, 8, 8, 7, 7, 9, 6, 6, 4, 7, 5, 11, 8, 6, 6, 8, 8, 9, 6, 7, 9, 7, 6, 9, 
798: 10, 0, 0, 0, 0, 5, 0, 0, 0, 0, 8, 0, 0, 0, 0, 0, 0, 0, 9, 0, 0, 0, 7, 0, 0, 10, 0, 7, 7, 5, 9, 0, 0, 9, 5, 0, 8, 7, 7, 11, 0, 0, 8, 9, 0, 0, 0, 8, 5, 0, 0, 6, 0, 0, 6, 8, 0, 0, 0, 0, 0, 0, 0, 0, 7, 0, 8, 9, 0, 6, 6, 0, 0, 7, 6, 8, 9, 0, 0, 9, : 10, 5, 8, 9, 7, 10, 7, 7, 5, 9, 9, 5, 8, 7, 7, 11, 8, 9, 8, 5, 6, 6, 8, 7, 8, 9, 6, 6, 7, 6, 8, 9, 9, 
684: 8, 0, 9, 0, 10, 0, 9, 8, 9, 9, 10, 5, 0, 10, 0, 0, 9, 0, 0, 0, 0, 10, 8, 10, 9, 9, 7, 0, 0, 8, 7, 0, 9, 6, 7, 0, 8, 8, 7, 8, 9, 10, 0, 0, 5, 0, 9, 11, 0, 0, 0, 5, 0, 6, 0, 0, 8, 0, 8, 7, 0, 0, 8, 7, 0, 0, 9, 8, 0, 7, 0, 0, 7, 0, 0, 0, 0, 8, 0, 0, : 8, 9, 10, 9, 8, 9, 9, 10, 5, 10, 9, 10, 8, 10, 9, 9, 7, 8, 7, 9, 6, 7, 8, 8, 7, 8, 9, 10, 5, 9, 11, 5, 6, 8, 8, 7, 8, 7, 9, 8, 7, 7, 8, 
321: 0, 8, 0, 9, 0, 7, 0, 7, 0, 9, 7, 9, 9, 8, 10, 8, 8, 7, 8, 7, 0, 7, 0, 8, 0, 9, 7, 0, 6, 0, 6, 0, 10, 6, 0, 7, 0, 6, 7, 0, 5, 0, 0, 11, 0, 0, 6, 5, 0, 11, 0, 0, 0, 0, 0, 0, 0, 0, 7, 9, 0, 0, 10, 0, 7, 6, 0, 0, 10, 7, 7, 9, 8, 0, 0, 0, 0, 0, 0, 0, : 8, 9, 7, 7, 9, 7, 9, 9, 8, 10, 8, 8, 7, 8, 7, 7, 8, 9, 7, 6, 6, 10, 6, 7, 6, 7, 5, 11, 6, 5, 11, 7, 9, 10, 7, 6, 10, 7, 7, 9, 8, 
270: 0, 0, 7, 0, 0, 0, 5, 6, 8, 9, 11, 5, 0, 0, 10, 0, 9, 0, 8, 6, 6, 10, 0, 0, 0, 7, 9, 0, 0, 0, 0, 8, 6, 0, 0, 0, 0, 0, 0, 0, 0, 0, 0, 0, 0, 0, 7, 0, 10, 0, 7, 7, 10, 0, 0, 0, 7, 10, 10, 0, 6, 8, 7, 9, 0, 0, 0, 0, 8, 0, 7, 7, 9, 0, 0, 0, 6, 7, 0, 6, : 7, 5, 6, 8, 9, 11, 5, 10, 9, 8, 6, 6, 10, 7, 9, 8, 6, 7, 10, 7, 7, 10, 7, 10, 10, 6, 8, 7, 9, 8, 7, 7, 9, 6, 7, 6, 
472: 0, 7, 0, 0, 0, 10, 0, 7, 7, 6, 0, 8, 6, 0, 0, 8, 6, 0, 0, 0, 0, 0, 0, 6, 0, 0, 9, 6, 0, 0, 10, 0, 9, 6, 0, 9, 9, 0, 0, 7, 0, 0, 0, 11, 8, 10, 0, 0, 9, 7, 9, 6, 0, 0, 6, 8, 7, 7, 7, 0, 7, 0, 0, 0, 0, 8, 8, 7, 0, 0, 0, 0, 0, 6, 7, 0, 0, 0, 0, 8, : 7, 10, 7, 7, 6, 8, 6, 8, 6, 6, 9, 6, 10, 9, 6, 9, 9, 7, 11, 8, 10, 9, 7, 9, 6, 6, 8, 7, 7, 7, 7, 8, 8, 7, 6, 7, 8, 
278: 6, 9, 0, 5, 0, 0, 0, 9, 0, 0, 7, 0, 6, 6, 6, 6, 0, 0, 0, 0, 9, 7, 7, 0, 9, 0, 0, 8, 0, 0, 5, 9, 0, 0, 8, 5, 0, 9, 6, 0, 7, 7, 8, 0, 9, 0, 11, 0, 0, 8, 10, 5, 0, 10, 7, 0, 9, 0, 0, 7, 8, 7, 8, 0, 7, 6, 0, 0, 7, 0, 8, 0, 7, 0, 0, 6, 8, 0, 0, 0, : 6, 9, 5, 9, 7, 6, 6, 6, 6, 9, 7, 7, 9, 8, 5, 9, 8, 5, 9, 6, 7, 7, 8, 9, 11, 8, 10, 5, 10, 7, 9, 7, 8, 7, 8, 7, 6, 7, 8, 7, 6, 8, 
135: 6, 9, 0, 0, 0, 0, 5, 6, 0, 8, 0, 0, 0, 9, 5, 0, 0, 0, 0, 9, 0, 8, 10, 0, 7, 5, 0, 6, 8, 8, 5, 0, 0, 0, 0, 9, 7, 0, 0, 0, 0, 0, 0, 0, 9, 5, 10, 0, 10, 9, 0, 8, 10, 6, 10, 5, 7, 8, 0, 9, 0, 9, 7, 0, 0, 9, 6, 0, 7, 9, 0, 8, 8, 0, 0, 0, 9, 8, 7, 8, : 6, 9, 5, 6, 8, 9, 5, 9, 8, 10, 7, 5, 6, 8, 8, 5, 9, 7, 9, 5, 10, 10, 9, 8, 10, 6, 10, 5, 7, 8, 9, 9, 7, 9, 6, 7, 9, 8, 8, 9, 8, 7, 8, 
650: 7, 6, 0, 0, 0, 8, 9, 10, 5, 0, 7, 0, 7, 7, 0, 4, 0, 0, 0, 0, 0, 0, 7, 7, 0, 5, 8, 9, 0, 10, 9, 0, 7, 5, 5, 8, 0, 7, 6, 0, 0, 10, 8, 0, 0, 6, 0, 7, 8, 0, 7, 8, 8, 6, 0, 0, 6, 6, 8, 7, 9, 7, 9, 8, 10, 6, 9, 8, 8, 7, 9, 9, 8, 8, 0, 0, 0, 9, 7, 8, : 7, 6, 8, 9, 10, 5, 7, 7, 7, 4, 7, 7, 5, 8, 9, 10, 9, 7, 5, 5, 8, 7, 6, 10, 8, 6, 7, 8, 7, 8, 8, 6, 6, 6, 8, 7, 9, 7, 9, 8, 10, 6, 9, 8, 8, 7, 9, 9, 8, 8, 9, 7, 8, 
493: 0, 0, 9, 0, 0, 0, 0, 0, 0, 0, 0, 0, 10, 6, 7, 0, 0, 0, 8, 0, 0, 7, 9, 9, 0, 8, 6, 0, 0, 0, 0, 6, 10, 0, 0, 0, 9, 0, 9, 8, 5, 11, 0, 8, 0, 0, 8, 7, 9, 8, 5, 0, 9, 8, 5, 0, 0, 0, 0, 8, 8, 9, 5, 0, 9, 0, 0, 8, 0, 0, 0, 0, 9, 9, 0, 0, 8, 0, 0, 0, : 9, 10, 6, 7, 8, 7, 9, 9, 8, 6, 6, 10, 9, 9, 8, 5, 11, 8, 8, 7, 9, 8, 5, 9, 8, 5, 8, 8, 9, 5, 9, 8, 9, 9, 8, 
76: 0, 8, 5, 9, 8, 0, 0, 7, 0, 0, 9, 0, 7, 0, 9, 9, 0, 10, 0, 0, 7, 10, 0, 8, 7, 8, 0, 0, 0, 0, 0, 0, 0, 0, 0, 9, 7, 8, 8, 0, 0, 7, 5, 7, 8, 7, 0, 0, 0, 0, 0, 0, 0, 6, 0, 8, 0, 0, 0, 0, 0, 0, 0, 0, 0, 0, 0, 0, 8, 0, 8, 0, 7, 0, 0, 0, 7, 0, 0, 7, : 8, 5, 9, 8, 7, 9, 7, 9, 9, 10, 7, 10, 8, 7, 8, 9, 7, 8, 8, 7, 5, 7, 8, 7, 6, 8, 8, 8, 7, 7, 7, 
368: 0, 0, 0, 8, 9, 8, 7, 6, 0, 5, 6, 0, 0, 6, 0, 5, 6, 0, 0, 0, 0, 10, 0, 0, 0, 10, 9, 0, 0, 0, 0, 7, 0, 8, 0, 0, 0, 0, 11, 6, 0, 0, 9, 10, 0, 0, 0, 0, 8, 7, 0, 0, 9, 5, 0, 0, 8, 10, 0, 9, 6, 9, 0, 8, 6, 10, 0, 9, 0, 9, 7, 8, 0, 8, 0, 8, 0, 0, 8, 9, : 8, 9, 8, 7, 6, 5, 6, 6, 5, 6, 10, 10, 9, 7, 8, 11, 6, 9, 10, 8, 7, 9, 5, 8, 10, 9, 6, 9, 8, 6, 10, 9, 9, 7, 8, 8, 8, 8, 9, 
603: 8, 6, 0, 8, 7, 0, 0, 0, 0, 7, 8, 0, 0, 10, 9, 10, 0, 8, 7, 0, 0, 8, 0, 6, 7, 7, 5, 6, 7, 7, 0, 8, 0, 0, 6, 6, 6, 8, 8, 8, 0, 0, 0, 0, 0, 0, 0, 10, 0, 0, 9, 9, 0, 0, 11, 7, 8, 8, 0, 5, 9, 0, 0, 10, 8, 0, 0, 7, 0, 0, 0, 0, 9, 0, 7, 7, 7, 0, 0, 0, : 8, 6, 8, 7, 7, 8, 10, 9, 10, 8, 7, 8, 6, 7, 7, 5, 6, 7, 7, 8, 6, 6, 6, 8, 8, 8, 10, 9, 9, 11, 7, 8, 8, 5, 9, 10, 8, 7, 9, 7, 7, 7, 
666: 8, 5, 0, 0, 8, 7, 6, 0, 0, 6, 10, 0, 11, 10, 9, 0, 0, 0, 6, 0, 4, 0, 0, 0, 9, 0, 0, 9, 0, 0, 9, 0, 9, 8, 0, 8, 0, 10, 0, 0, 0, 0, 8, 9, 0, 0, 7, 4, 4, 5, 0, 10, 6, 9, 6, 8, 0, 0, 0, 0, 10, 0, 0, 9, 0, 7, 0, 9, 0, 0, 7, 7, 0, 7, 0, 6, 0, 7, 0, 0, : 8, 5, 8, 7, 6, 6, 10, 11, 10, 9, 6, 4, 9, 9, 9, 9, 8, 8, 10, 8, 9, 7, 4, 4, 5, 10, 6, 9, 6, 8, 10, 9, 7, 9, 7, 7, 7, 6, 7, 
53: 0, 8, 0, 5, 8, 0, 9, 11, 0, 7, 0, 0, 10, 10, 0, 10, 9, 9, 7, 7, 0, 10, 0, 8, 6, 6, 0, 5, 0, 0, 7, 0, 0, 9, 0, 0, 5, 0, 0, 7, 0, 10, 0, 9, 0, 0, 0, 0, 0, 8, 6, 7, 0, 7, 7, 0, 0, 0, 0, 0, 0, 0, 0, 0, 9, 0, 0, 9, 6, 0, 0, 0, 8, 7, 0, 8, 0, 0, 7, 0, : 8, 5, 8, 9, 11, 7, 10, 10, 10, 9, 9, 7, 7, 10, 8, 6, 6, 5, 7, 9, 5, 7, 10, 9, 8, 6, 7, 7, 7, 9, 9, 6, 8, 7, 8, 7, 
497: 7, 0, 10, 10, 9, 0, 7, 6, 9, 10, 0, 5, 5, 0, 9, 0, 10, 8, 6, 0, 6, 0, 7, 7, 0, 0, 8, 0, 0, 9, 0, 6, 0, 0, 0, 6, 0, 6, 6, 5, 0, 9, 0, 7, 0, 6, 0, 0, 0, 0, 0, 0, 7, 0, 0, 0, 5, 0, 7, 8, 6, 0, 0, 0, 7, 9, 0, 0, 7, 0, 8, 7, 0, 8, 8, 9, 0, 0, 7, 0, : 7, 10, 10, 9, 7, 6, 9, 10, 5, 5, 9, 10, 8, 6, 6, 7, 7, 8, 9, 6, 6, 6, 6, 5, 9, 7, 6, 7, 5, 7, 8, 6, 7, 9, 7, 8, 7, 8, 8, 9, 7, 
562: 8, 7, 0, 0, 0, 0, 0, 0, 9, 6, 0, 0, 6, 0, 6, 0, 8, 7, 7, 8, 0, 6, 10, 0, 7, 6, 8, 7, 0, 0, 9, 0, 0, 0, 0, 0, 0, 8, 0, 0, 8, 7, 0, 7, 7, 8, 0, 0, 8, 0, 0, 0, 0, 6, 0, 0, 8, 0, 9, 8, 6, 7, 7, 0, 6, 7, 0, 0, 0, 0, 9, 0, 0, 8, 9, 8, 0, 0, 8, 0, : 8, 7, 9, 6, 6, 6, 8, 7, 7, 8, 6, 10, 7, 6, 8, 7, 9, 8, 8, 7, 7, 7, 8, 8, 6, 8, 9, 8, 6, 7, 7, 6, 7, 9, 8, 9, 8, 8, 
104: 0, 9, 9, 7, 0, 0, 8, 10, 0, 0, 6, 5, 5, 10, 0, 0, 0, 0, 10, 0, 0, 0, 0, 6, 10, 6, 6, 0, 10, 0, 8, 9, 0, 7, 0, 0, 0, 6, 0, 0, 7, 0, 7, 6, 7, 8, 0, 0, 6, 0, 0, 6, 8, 0, 6, 0, 0, 0, 7, 7, 0, 0, 8, 0, 0, 8, 7, 7, 0, 8, 9, 0, 9, 0, 8, 9, 0, 8, 7, 0, : 9, 9, 7, 8, 10, 6, 5, 5, 10, 10, 6, 10, 6, 6, 10, 8, 9, 7, 6, 7, 7, 6, 7, 8, 6, 6, 8, 6, 7, 7, 8, 8, 7, 7, 8, 9, 9, 8, 9, 8, 7, 
125: 0, 0, 5, 10, 0, 0, 6, 5, 0, 0, 0, 10, 0, 10, 0, 10, 0, 0, 0, 0, 0, 10, 0, 6, 7, 8, 0, 0, 0, 0, 8, 8, 0, 0, 0, 10, 7, 8, 0, 6, 7, 8, 9, 6, 0, 8, 0, 0, 0, 9, 0, 10, 10, 7, 0, 7, 9, 0, 9, 0, 9, 10, 0, 0, 10, 0, 0, 0, 9, 0, 0, 9, 7, 9, 7, 7, 0, 0, 9, 8, : 5, 10, 6, 5, 10, 10, 10, 10, 6, 7, 8, 8, 8, 10, 7, 8, 6, 7, 8, 9, 6, 8, 9, 10, 10, 7, 7, 9, 9, 9, 10, 10, 9, 9, 7, 9, 7, 7, 9, 8, 
615: 0, 9, 0, 7, 10, 8, 9, 0, 0, 0, 0, 0, 9, 8, 0, 0, 0, 0, 0, 8, 7, 0, 5, 0, 0, 9, 0, 0, 9, 0, 0, 0, 9, 0, 0, 0, 8, 0, 8, 0, 0, 10, 11, 0, 10, 8, 7, 0, 0, 10, 0, 10, 6, 0, 0, 0, 0, 0, 8, 0, 8, 0, 0, 7, 0, 0, 0, 0, 0, 0, 0, 0, 6, 0, 7, 0, 9, 7, 0, 7, : 9, 7, 10, 8, 9, 9, 8, 8, 7, 5, 9, 9, 9, 8, 8, 10, 11, 10, 8, 7, 10, 10, 6, 8, 8, 7, 6, 7, 9, 7, 7, 
8: 0, 0, 7, 0, 5, 0, 7, 7, 0, 0, 6, 0, 0, 0, 6, 9, 8, 5, 10, 7, 11, 6, 10, 10, 8, 0, 7, 9, 0, 0, 8, 8, 7, 0, 10, 0, 0, 7, 8, 9, 0, 5, 7, 7, 4, 8, 0, 10, 8, 8, 0, 7, 0, 9, 6, 0, 7, 7, 0, 0, 0, 10, 0, 0, 8, 0, 9, 8, 6, 0, 0, 0, 8, 9, 9, 0, 0, 0, 8, 0, : 7, 5, 7, 7, 6, 6, 9, 8, 5, 10, 7, 11, 6, 10, 10, 8, 7, 9, 8, 8, 7, 10, 7, 8, 9, 5, 7, 7, 4, 8, 10, 8, 8, 7, 9, 6, 7, 7, 10, 8, 9, 8, 6, 8, 9, 9, 8, 
675: 9, 8, 0, 8, 0, 8, 0, 8, 0, 0, 0, 0, 0, 7, 7, 8, 6, 6, 6, 8, 8, 0, 0, 0, 0, 8, 0, 0, 0, 0, 0, 7, 0, 7, 6, 0, 0, 0, 7, 4, 0, 9, 0, 0, 0, 8, 0, 0, 7, 0, 9, 6, 0, 0, 0, 0, 0, 7, 9, 8, 8, 0, 0, 0, 7, 8, 6, 9, 0, 7, 6, 8, 0, 0, 0, 8, 0, 7, 0, 9, : 9, 8, 8, 8, 8, 7, 7, 8, 6, 6, 6, 8, 8, 8, 7, 7, 6, 7, 4, 9, 8, 7, 9, 6, 7, 9, 8, 8, 7, 8, 6, 9, 7, 6, 8, 8, 7, 9, 
40: 7, 8, 9, 0, 9, 5, 8, 0, 9, 0, 0, 0, 0, 0, 0, 8, 0, 0, 0, 7, 0, 10, 0, 0, 5, 8, 0, 8, 0, 0, 6, 0, 0, 9, 9, 7, 0, 9, 0, 10, 8, 8, 0, 0, 4, 0, 9, 7, 10, 0, 6, 6, 0, 6, 6, 0, 8, 0, 0, 0, 0, 0, 7, 7, 0, 10, 0, 8, 0, 0, 8, 8, 9, 0, 0, 0, 0, 8, 0, 9, : 7, 8, 9, 9, 5, 8, 9, 8, 7, 10, 5, 8, 8, 6, 9, 9, 7, 9, 10, 8, 8, 4, 9, 7, 10, 6, 6, 6, 6, 8, 7, 7, 10, 8, 8, 8, 9, 8, 9, 
208: 0, 0, 0, 10, 9, 11, 0, 8, 9, 11, 0, 9, 9, 0, 0, 0, 6, 6, 0, 5, 8, 9, 8, 10, 10, 0, 0, 0, 7, 9, 8, 8, 0, 0, 0, 0, 8, 0, 0, 9, 0, 0, 10, 0, 9, 0, 0, 7, 8, 7, 6, 0, 6, 0, 0, 6, 9, 7, 7, 0, 7, 5, 10, 0, 0, 6, 8, 0, 0, 7, 10, 7, 6, 8, 0, 0, 8, 0, 8, 0, : 10, 9, 11, 8, 9, 11, 9, 9, 6, 6, 5, 8, 9, 8, 10, 10, 7, 9, 8, 8, 8, 9, 10, 9, 7, 8, 7, 6, 6, 6, 9, 7, 7, 7, 5, 10, 6, 8, 7, 10, 7, 6, 8, 8, 8, 
698: 10, 5, 0, 0, 0, 0, 0, 0, 0, 0, 0, 0, 0, 0, 0, 9, 0, 0, 0, 0, 6, 7, 6, 8, 0, 0, 10, 0, 6, 8, 0, 7, 0, 8, 9, 0, 8, 7, 0, 9, 9, 0, 8, 0, 7, 0, 0, 6, 0, 10, 9, 0, 10, 8, 9, 0, 0, 0, 0, 8, 8, 0, 7, 0, 6, 7, 0, 0, 6, 9, 6, 6, 0, 7, 0, 9, 9, 8, 7, 0, : 10, 5, 9, 6, 7, 6, 8, 10, 6, 8, 7, 8, 9, 8, 7, 9, 9, 8, 7, 6, 10, 9, 10, 8, 9, 8, 8, 7, 6, 7, 6, 9, 6, 6, 7, 9, 9, 8, 7, 
85: 0, 0, 5, 0, 9, 0, 8, 0, 8, 7, 0, 7, 9, 0, 0, 9, 0, 0, 0, 9, 0, 9, 7, 0, 0, 0, 5, 0, 7, 7, 0, 9, 0, 0, 0, 0, 0, 0, 0, 0, 0, 0, 6, 0, 0, 7, 0, 8, 0, 0, 0, 0, 0, 9, 0, 6, 0, 0, 0, 0, 0, 0, 6, 6, 9, 8, 9, 0, 8, 6, 8, 0, 8, 0, 0, 0, 0, 0, 0, 6, : 5, 9, 8, 8, 7, 7, 9, 9, 9, 9, 7, 5, 7, 7, 9, 6, 7, 8, 9, 6, 6, 6, 9, 8, 9, 8, 6, 8, 8, 6, 
139: 8, 9, 0, 0, 0, 7, 10, 7, 10, 5, 0, 0, 7, 8, 0, 6, 8, 0, 6, 0, 8, 0, 0, 0, 0, 6, 6, 0, 8, 9, 0, 0, 8, 5, 0, 0, 9, 0, 0, 7, 8, 6, 0, 0, 11, 0, 7, 0, 9, 9, 10, 0, 0, 0, 0, 11, 0, 10, 0, 8, 6, 6, 0, 0, 8, 0, 7, 0, 0, 9, 0, 0, 8, 0, 0, 0, 7, 8, 0, 0, : 8, 9, 7, 10, 7, 10, 5, 7, 8, 6, 8, 6, 8, 6, 6, 8, 9, 8, 5, 9, 7, 8, 6, 11, 7, 9, 9, 10, 11, 10, 8, 6, 6, 8, 7, 9, 8, 7, 8, 
121: 7, 8, 5, 0, 0, 0, 0, 9, 0, 0, 0, 0, 7, 8, 10, 0, 9, 0, 7, 0, 0, 0, 8, 0, 8, 8, 9, 8, 7, 8, 5, 8, 9, 0, 0, 5, 8, 0, 7, 0, 8, 5, 0, 4, 0, 11, 0, 0, 7, 0, 0, 7, 6, 0, 0, 0, 8, 5, 10, 0, 9, 7, 9, 0, 8, 0, 0, 0, 0, 0, 0, 8, 0, 7, 9, 9, 0, 0, 0, 0, : 7, 8, 5, 9, 7, 8, 10, 9, 7, 8, 8, 8, 9, 8, 7, 8, 5, 8, 9, 5, 8, 7, 8, 5, 4, 11, 7, 7, 6, 8, 5, 10, 9, 7, 9, 8, 8, 7, 9, 9, 
800: 8, 0, 0, 9, 0, 0, 6, 0, 0, 8, 6, 0, 6, 0, 9, 0, 0, 10, 0, 0, 10, 8, 9, 0, 0, 0, 8, 0, 6, 0, 7, 0, 7, 0, 0, 9, 8, 0, 0, 0, 7, 0, 0, 9, 6, 10, 5, 8, 0, 6, 0, 0, 0, 0, 9, 9, 0, 0, 0, 0, 0, 10, 0, 0, 0, 0, 0, 7, 0, 6, 0, 9, 0, 0, 8, 0, 0, 0, 8, 8, : 8, 9, 6, 8, 6, 6, 9, 10, 10, 8, 9, 8, 6, 7, 7, 9, 8, 7, 9, 6, 10, 5, 8, 6, 9, 9, 10, 7, 6, 9, 8, 8, 8, 
299: 10, 0, 7, 0, 0, 10, 0, 9, 0, 7, 10, 0, 0, 0, 0, 0, 8, 8, 0, 0, 10, 0, 0, 0, 8, 0, 0, 8, 5, 0, 0, 0, 8, 8, 0, 7, 6, 8, 0, 0, 8, 5, 10, 7, 0, 6, 11, 0, 0, 9, 8, 9, 0, 0, 9, 0, 0, 7, 0, 0, 0, 9, 7, 9, 8, 0, 7, 7, 8, 0, 0, 7, 0, 0, 0, 0, 6, 0, 0, 8, : 10, 7, 10, 9, 7, 10, 8, 8, 10, 8, 8, 5, 8, 8, 7, 6, 8, 8, 5, 10, 7, 6, 11, 9, 8, 9, 9, 7, 9, 7, 9, 8, 7, 7, 8, 7, 6, 8, 
565: 0, 8, 9, 5, 5, 0, 0, 0, 0, 0, 0, 0, 0, 0, 9, 7, 0, 0, 0, 0, 7, 0, 0, 0, 0, 8, 10, 0, 9, 0, 0, 9, 0, 0, 7, 0, 8, 0, 0, 6, 0, 0, 7, 0, 0, 9, 5, 0, 0, 0, 6, 0, 9, 0, 9, 0, 7, 6, 0, 8, 0, 0, 7, 6, 0, 6, 0, 9, 9, 0, 0, 8, 0, 8, 0, 0, 9, 0, 8, 7, : 8, 9, 5, 5, 9, 7, 7, 8, 10, 9, 9, 7, 8, 6, 7, 9, 5, 6, 9, 9, 7, 6, 8, 7, 6, 6, 9, 9, 8, 8, 9, 8, 7, 
458: 0, 8, 6, 0, 0, 0, 0, 0, 7, 7, 0, 7, 0, 9, 0, 8, 8, 8, 0, 10, 0, 10, 0, 0, 0, 0, 0, 0, 0, 0, 6, 7, 8, 8, 0, 6, 6, 0, 0, 7, 0, 8, 0, 0, 8, 0, 0, 5, 7, 0, 0, 0, 6, 0, 0, 0, 8, 7, 9, 0, 0, 0, 0, 0, 8, 6, 7, 0, 0, 0, 0, 8, 0, 0, 7, 0, 9, 0, 0, 8, : 8, 6, 7, 7, 7, 9, 8, 8, 8, 10, 10, 6, 7, 8, 8, 6, 6, 7, 8, 8, 5, 7, 6, 8, 7, 9, 8, 6, 7, 8, 7, 9, 8, 
495: 7, 0, 0, 0, 5, 7, 0, 7, 0, 0, 0, 0, 0, 0, 6, 0, 6, 0, 0, 6, 10, 8, 0, 9, 9, 9, 0, 7, 8, 0, 6, 0, 0, 0, 8, 0, 0, 0, 7, 0, 0, 6, 0, 0, 9, 9, 6, 0, 0, 5, 9, 10, 7, 6, 9, 8, 9, 8, 8, 0, 0, 7, 6, 8, 9, 0, 0, 0, 0, 8, 0, 0, 7, 6, 9, 8, 7, 7, 0, 7, : 7, 5, 7, 7, 6, 6, 6, 10, 8, 9, 9, 9, 7, 8, 6, 8, 7, 6, 9, 9, 6, 5, 9, 10, 7, 6, 9, 8, 9, 8, 8, 7, 6, 8, 9, 8, 7, 6, 9, 8, 7, 7, 7, 
372: 0, 7, 7, 0, 0, 9, 7, 0, 11, 0, 8, 0, 0, 6, 0, 0, 0, 0, 0, 7, 0, 7, 0, 0, 0, 0, 0, 0, 8, 7, 0, 0, 0, 0, 7, 6, 0, 0, 0, 0, 0, 9, 0, 0, 7, 8, 8, 10, 0, 0, 6, 0, 7, 9, 0, 0, 0, 9, 5, 9, 0, 8, 9, 6, 7, 7, 0, 0, 8, 10, 0, 0, 0, 0, 0, 7, 8, 0, 0, 7, : 7, 7, 9, 7, 11, 8, 6, 7, 7, 8, 7, 7, 6, 9, 7, 8, 8, 10, 6, 7, 9, 9, 5, 9, 8, 9, 6, 7, 7, 8, 10, 7, 8, 7, 
730: 0, 0, 8, 0, 8, 0, 0, 8, 7, 0, 10, 8, 6, 7, 9, 6, 0, 7, 0, 0, 0, 0, 0, 0, 0, 6, 0, 9, 9, 0, 0, 6, 0, 9, 0, 6, 8, 9, 0, 9, 0, 0, 0, 8, 0, 0, 0, 0, 7, 7, 0, 8, 0, 0, 0, 0, 0, 9, 0, 7, 0, 6, 0, 10, 7, 0, 7, 0, 8, 8, 0, 0, 9, 7, 0, 7, 0, 0, 8, 7, : 8, 8, 8, 7, 10, 8, 6, 7, 9, 6, 7, 6, 9, 9, 6, 9, 6, 8, 9, 9, 8, 7, 7, 8, 9, 7, 6, 10, 7, 7, 8, 8, 9, 7, 7, 8, 7, 
96: 9, 0, 5, 5, 6, 0, 8, 9, 5, 5, 6, 0, 0, 0, 0, 0, 0, 9, 9, 9, 0, 0, 0, 0, 0, 0, 0, 7, 0, 0, 0, 0, 0, 0, 0, 9, 6, 0, 0, 0, 0, 0, 0, 10, 6, 9, 9, 0, 7, 0, 6, 0, 6, 7, 9, 5, 0, 9, 7, 0, 9, 0, 0, 0, 0, 8, 8, 0, 7, 7, 0, 9, 0, 0, 9, 0, 9, 8, 6, 9, : 9, 5, 5, 6, 8, 9, 5, 5, 6, 9, 9, 9, 7, 9, 6, 10, 6, 9, 9, 7, 6, 6, 7, 9, 5, 9, 7, 9, 8, 8, 7, 7, 9, 9, 9, 8, 6, 9, 
115: 7, 0, 9, 9, 0, 0, 7, 0, 10, 9, 0, 0, 0, 0, 0, 0, 8, 5, 7, 0, 0, 0, 6, 8, 0, 7, 7, 0, 8, 0, 0, 6, 0, 0, 8, 9, 7, 0, 8, 0, 9, 7, 8, 7, 0, 0, 5, 9, 0, 0, 8, 0, 0, 0, 8, 8, 0, 0, 0, 0, 0, 0, 0, 8, 0, 0, 8, 0, 0, 0, 8, 7, 0, 7, 0, 8, 7, 0, 0, 9, : 7, 9, 9, 7, 10, 9, 8, 5, 7, 6, 8, 7, 7, 8, 6, 8, 9, 7, 8, 9, 7, 8, 7, 5, 9, 8, 8, 8, 8, 8, 8, 7, 7, 8, 7, 9, 
69: 0, 0, 0, 0, 7, 9, 7, 10, 7, 7, 0, 0, 5, 0, 0, 6, 10, 8, 10, 0, 5, 5, 0, 9, 0, 10, 9, 6, 0, 6, 0, 0, 7, 10, 9, 0, 6, 7, 0, 0, 5, 0, 0, 0, 8, 6, 0, 0, 0, 0, 0, 6, 0, 9, 0, 0, 7, 0, 0, 7, 7, 6, 6, 0, 0, 8, 9, 7, 0, 0, 7, 0, 0, 0, 0, 0, 0, 0, 0, 0, : 7, 9, 7, 10, 7, 7, 5, 6, 10, 8, 10, 5, 5, 9, 10, 9, 6, 6, 7, 10, 9, 6, 7, 5, 8, 6, 6, 9, 7, 7, 7, 6, 6, 8, 9, 7, 7, 
515: 0, 9, 9, 0, 0, 0, 0, 0, 7, 9, 0, 6, 0, 8, 0, 0, 0, 0, 0, 9, 7, 0, 8, 6, 7, 0, 0, 0, 9, 0, 0, 8, 5, 6, 0, 0, 0, 0, 0, 0, 0, 7, 0, 7, 0, 11, 0, 6, 5, 5, 8, 0, 0, 0, 0, 6, 8, 0, 0, 6, 8, 0, 0, 10, 0, 0, 7, 7, 0, 0, 9, 7, 0, 8, 7, 7, 7, 7, 7, 0, : 9, 9, 7, 9, 6, 8, 9, 7, 8, 6, 7, 9, 8, 5, 6, 7, 7, 11, 6, 5, 5, 8, 6, 8, 6, 8, 10, 7, 7, 9, 7, 8, 7, 7, 7, 7, 7, 
634: 5, 0, 8, 0, 0, 0, 0, 5, 9, 0, 9, 9, 10, 5, 0, 7, 6, 0, 9, 0, 8, 0, 0, 6, 0, 0, 0, 0, 6, 0, 7, 0, 8, 5, 0, 7, 11, 8, 6, 6, 9, 0, 0, 0, 0, 0, 0, 0, 8, 0, 10, 0, 5, 0, 0, 0, 8, 0, 6, 8, 8, 0, 9, 0, 9, 0, 0, 0, 7, 0, 0, 8, 0, 7, 0, 8, 8, 9, 8, 0, : 5, 8, 5, 9, 9, 9, 10, 5, 7, 6, 9, 8, 6, 6, 7, 8, 5, 7, 11, 8, 6, 6, 9, 8, 10, 5, 8, 6, 8, 8, 9, 9, 7, 8, 7, 8, 8, 9, 8, 
238: 0, 0, 4, 0, 0, 9, 11, 0, 7, 8, 7, 0, 0, 0, 10, 0, 7, 0, 0, 8, 8, 8, 10, 0, 0, 9, 0, 9, 9, 6, 9, 0, 0, 9, 0, 0, 0, 0, 0, 8, 0, 6, 0, 6, 0, 4, 6, 0, 0, 5, 6, 0, 9, 0, 8, 8, 7, 0, 0, 0, 8, 7, 0, 6, 6, 0, 0, 8, 6, 8, 0, 0, 8, 0, 6, 8, 7, 8, 0, 8, : 4, 9, 11, 7, 8, 7, 10, 7, 8, 8, 8, 10, 9, 9, 9, 6, 9, 9, 8, 6, 6, 4, 6, 5, 6, 9, 8, 8, 7, 8, 7, 6, 6, 8, 6, 8, 8, 6, 8, 7, 8, 8, 
63: 0, 8, 7, 11, 5, 8, 0, 0, 0, 9, 0, 8, 0, 8, 8, 8, 9, 0, 0, 8, 0, 0, 0, 0, 0, 6, 0, 0, 0, 9, 9, 0, 8, 0, 0, 8, 0, 0, 8, 0, 6, 8, 6, 8, 9, 0, 0, 9, 6, 8, 8, 0, 0, 7, 0, 7, 6, 7, 0, 7, 0, 8, 0, 0, 0, 0, 0, 0, 8, 0, 0, 8, 0, 0, 0, 6, 7, 9, 8, 0, : 8, 7, 11, 5, 8, 9, 8, 8, 8, 8, 9, 8, 6, 9, 9, 8, 8, 8, 6, 8, 6, 8, 9, 9, 6, 8, 8, 7, 7, 6, 7, 7, 8, 8, 8, 6, 7, 9, 8, 
308: 9, 0, 0, 5, 8, 10, 8, 0, 0, 6, 9, 7, 11, 7, 0, 10, 0, 8, 6, 0, 0, 0, 0, 7, 6, 0, 8, 0, 8, 8, 7, 9, 9, 7, 0, 0, 7, 10, 0, 8, 8, 0, 8, 0, 0, 0, 9, 11, 9, 0, 7, 0, 0, 9, 0, 9, 9, 0, 0, 6, 8, 8, 6, 0, 0, 0, 0, 0, 7, 9, 0, 9, 0, 8, 6, 0, 0, 0, 7, 8, : 9, 5, 8, 10, 8, 6, 9, 7, 11, 7, 10, 8, 6, 7, 6, 8, 8, 8, 7, 9, 9, 7, 7, 10, 8, 8, 8, 9, 11, 9, 7, 9, 9, 9, 6, 8, 8, 6, 7, 9, 9, 8, 6, 7, 8, 
315: 8, 0, 0, 0, 5, 8, 9, 6, 8, 0, 8, 0, 0, 0, 10, 0, 0, 8, 8, 0, 8, 8, 0, 5, 7, 0, 0, 8, 0, 9, 7, 7, 0, 7, 0, 8, 0, 8, 0, 8, 9, 7, 10, 0, 0, 0, 10, 6, 5, 8, 8, 0, 9, 0, 10, 6, 0, 6, 7, 7, 0, 0, 8, 6, 8, 7, 9, 0, 0, 0, 7, 0, 7, 9, 8, 0, 0, 0, 0, 9, : 8, 5, 8, 9, 6, 8, 8, 10, 8, 8, 8, 8, 5, 7, 8, 9, 7, 7, 7, 8, 8, 8, 9, 7, 10, 10, 6, 5, 8, 8, 9, 10, 6, 6, 7, 7, 8, 6, 8, 7, 9, 7, 7, 9, 8, 9, 
671: 8, 8, 0, 0, 6, 8, 9, 0, 9, 0, 0, 0, 0, 0, 0, 0, 0, 6, 0, 0, 0, 0, 0, 0, 9, 10, 8, 6, 9, 0, 0, 0, 7, 0, 7, 8, 8, 6, 8, 0, 9, 8, 6, 6, 0, 0, 0, 0, 8, 0, 5, 9, 0, 0, 0, 0, 6, 0, 0, 0, 7, 7, 0, 0, 8, 8, 8, 0, 8, 8, 0, 0, 7, 9, 0, 0, 6, 8, 8, 0, : 8, 8, 6, 8, 9, 9, 6, 9, 10, 8, 6, 9, 7, 7, 8, 8, 6, 8, 9, 8, 6, 6, 8, 5, 9, 6, 7, 7, 8, 8, 8, 8, 8, 7, 9, 6, 8, 8, 
557: 8, 0, 10, 9, 0, 0, 0, 0, 0, 0, 0, 8, 0, 0, 8, 8, 8, 8, 10, 8, 7, 0, 0, 0, 0, 7, 5, 0, 11, 10, 0, 10, 6, 0, 0, 7, 0, 0, 8, 0, 6, 0, 0, 0, 0, 0, 8, 8, 0, 10, 5, 0, 8, 0, 0, 0, 7, 7, 0, 0, 7, 0, 0, 8, 0, 8, 0, 8, 8, 0, 6, 6, 7, 0, 0, 9, 0, 0, 0, 0, : 8, 10, 9, 8, 8, 8, 8, 8, 10, 8, 7, 7, 5, 11, 10, 10, 6, 7, 8, 6, 8, 8, 10, 5, 8, 7, 7, 7, 8, 8, 8, 8, 6, 6, 7, 9, 
623: 7, 0, 0, 0, 5, 9, 7, 0, 7, 7, 8, 0, 0, 8, 0, 0, 7, 0, 0, 0, 7, 0, 7, 10, 0, 0, 5, 9, 0, 0, 6, 0, 0, 8, 8, 8, 8, 5, 0, 6, 0, 10, 7, 0, 7, 9, 6, 8, 0, 0, 9, 0, 0, 7, 6, 7, 0, 0, 10, 8, 5, 0, 6, 6, 9, 9, 6, 7, 0, 9, 7, 8, 0, 0, 8, 0, 0, 7, 0, 7, : 7, 5, 9, 7, 7, 7, 8, 8, 7, 7, 7, 10, 5, 9, 6, 8, 8, 8, 8, 5, 6, 10, 7, 7, 9, 6, 8, 9, 7, 6, 7, 10, 8, 5, 6, 6, 9, 9, 6, 7, 9, 7, 8, 8, 7, 7, 
770: 5, 0, 0, 9, 0, 5, 6, 0, 7, 0, 7, 7, 0, 6, 8, 0, 5, 9, 0, 0, 8, 0, 0, 0, 0, 0, 8, 8, 7, 0, 9, 7, 0, 8, 0, 0, 0, 8, 7, 0, 0, 0, 10, 7, 9, 0, 0, 0, 0, 0, 8, 7, 8, 9, 7, 0, 0, 9, 8, 0, 0, 0, 0, 0, 0, 9, 0, 6, 9, 8, 7, 0, 8, 8, 0, 0, 7, 6, 7, 0, : 5, 9, 5, 6, 7, 7, 7, 6, 8, 5, 9, 8, 8, 8, 7, 9, 7, 8, 8, 7, 10, 7, 9, 8, 7, 8, 9, 7, 9, 8, 9, 6, 9, 8, 7, 8, 8, 7, 6, 7, 
617: 0, 0, 0, 8, 0, 10, 10, 0, 0, 0, 7, 0, 0, 0, 9, 8, 0, 0, 0, 0, 7, 0, 0, 0, 0, 0, 0, 10, 0, 0, 0, 0, 7, 0, 5, 0, 10, 0, 0, 8, 7, 0, 0, 8, 0, 0, 0, 7, 0, 7, 6, 0, 0, 0, 0, 0, 0, 6, 7, 10, 8, 10, 0, 9, 9, 0, 0, 0, 0, 0, 8, 0, 7, 0, 9, 9, 0, 0, 0, 0, : 8, 10, 10, 7, 9, 8, 7, 10, 7, 5, 10, 8, 7, 8, 7, 7, 6, 6, 7, 10, 8, 10, 9, 9, 8, 7, 9, 9, 
3: 0, 4, 0, 0, 0, 0, 10, 0, 0, 9, 6, 10, 8, 0, 6, 0, 0, 7, 0, 8, 5, 0, 10, 0, 5, 5, 0, 5, 0, 0, 0, 0, 8, 7, 10, 7, 0, 6, 0, 8, 7, 8, 0, 9, 0, 9, 0, 0, 5, 0, 0, 7, 0, 0, 7, 0, 9, 0, 8, 0, 0, 0, 8, 0, 6, 0, 0, 8, 7, 7, 0, 0, 0, 8, 0, 7, 0, 0, 6, 0, : 4, 10, 9, 6, 10, 8, 6, 7, 8, 5, 10, 5, 5, 5, 8, 7, 10, 7, 6, 8, 7, 8, 9, 9, 5, 7, 7, 9, 8, 8, 6, 8, 7, 7, 8, 7, 6, 
795: 0, 0, 5, 9, 11, 0, 0, 0, 8, 0, 0, 6, 5, 7, 0, 8, 0, 0, 5, 10, 0, 5, 0, 0, 0, 0, 8, 5, 0, 0, 0, 0, 8, 0, 0, 0, 0, 0, 0, 0, 7, 0, 5, 0, 0, 0, 7, 0, 11, 9, 0, 0, 0, 7, 7, 9, 0, 7, 8, 9, 0, 7, 9, 7, 8, 0, 6, 7, 0, 7, 8, 7, 0, 0, 0, 7, 8, 0, 0, 6, : 5, 9, 11, 8, 6, 5, 7, 8, 5, 10, 5, 8, 5, 8, 7, 5, 7, 11, 9, 7, 7, 9, 7, 8, 9, 7, 9, 7, 8, 6, 7, 7, 8, 7, 7, 8, 6, 
781: 9, 0, 10, 0, 10, 5, 0, 0, 9, 6, 7, 0, 0, 11, 8, 7, 9, 0, 6, 10, 9, 0, 8, 8, 5, 0, 6, 0, 0, 0, 9, 8, 0, 10, 8, 0, 0, 0, 7, 0, 0, 0, 9, 6, 0, 0, 9, 0, 0, 9, 0, 9, 5, 0, 0, 0, 7, 9, 0, 0, 0, 6, 0, 7, 0, 0, 0, 0, 6, 8, 0, 0, 0, 7, 0, 0, 7, 0, 9, 0, : 9, 10, 10, 5, 9, 6, 7, 11, 8, 7, 9, 6, 10, 9, 8, 8, 5, 6, 9, 8, 10, 8, 7, 9, 6, 9, 9, 9, 5, 7, 9, 6, 7, 6, 8, 7, 7, 9, 
218: 0, 6, 0, 0, 6, 6, 0, 0, 10, 0, 0, 10, 9, 0, 0, 0, 5, 9, 0, 7, 8, 6, 0, 0, 6, 7, 0, 0, 0, 0, 0, 0, 0, 7, 7, 7, 10, 0, 7, 0, 11, 10, 0, 0, 11, 0, 11, 0, 9, 0, 0, 7, 9, 0, 0, 0, 0, 0, 6, 0, 6, 0, 0, 7, 0, 0, 7, 0, 0, 9, 9, 8, 0, 0, 0, 0, 0, 7, 0, 0, : 6, 6, 6, 10, 10, 9, 5, 9, 7, 8, 6, 6, 7, 7, 7, 7, 10, 7, 11, 10, 11, 11, 9, 7, 9, 6, 6, 7, 7, 9, 9, 8, 7, 
609: 9, 0, 8, 5, 8, 8, 10, 0, 0, 9, 0, 7, 0, 0, 8, 0, 0, 6, 0, 0, 6, 0, 5, 7, 8, 7, 9, 8, 0, 0, 0, 0, 7, 6, 8, 0, 0, 0, 9, 9, 8, 0, 0, 9, 10, 0, 8, 4, 0, 7, 0, 0, 6, 8, 9, 8, 9, 9, 0, 7, 9, 0, 0, 7, 0, 9, 0, 7, 0, 0, 8, 9, 7, 9, 7, 8, 7, 8, 9, 0, : 9, 8, 5, 8, 8, 10, 9, 7, 8, 6, 6, 5, 7, 8, 7, 9, 8, 7, 6, 8, 9, 9, 8, 9, 10, 8, 4, 7, 6, 8, 9, 8, 9, 9, 7, 9, 7, 9, 7, 8, 9, 7, 9, 7, 8, 7, 8, 9, 
141: 0, 0, 0, 0, 0, 0, 8, 7, 8, 0, 5, 0, 0, 9, 6, 0, 7, 0, 0, 0, 0, 6, 6, 0, 0, 7, 0, 0, 5, 0, 0, 5, 7, 0, 10, 7, 7, 9, 0, 6, 0, 7, 5, 0, 7, 0, 8, 0, 0, 0, 9, 0, 0, 6, 0, 0, 0, 0, 0, 8, 0, 7, 7, 0, 0, 9, 7, 6, 9, 0, 7, 0, 9, 0, 8, 0, 0, 8, 0, 8, : 8, 7, 8, 5, 9, 6, 7, 6, 6, 7, 5, 5, 7, 10, 7, 7, 9, 6, 7, 5, 7, 8, 9, 6, 8, 7, 7, 9, 7, 6, 9, 7, 9, 8, 8, 8, 
396: 0, 0, 0, 0, 9, 0, 0, 0, 5, 10, 0, 9, 9, 0, 0, 8, 7, 8, 7, 6, 0, 0, 8, 0, 0, 0, 0, 0, 0, 6, 9, 0, 9, 0, 0, 8, 0, 7, 0, 8, 6, 5, 11, 0, 9, 9, 4, 9, 0, 6, 10, 0, 0, 0, 8, 0, 0, 8, 0, 0, 8, 7, 8, 9, 0, 7, 8, 8, 8, 0, 0, 0, 7, 0, 8, 0, 0, 0, 8, 0, : 9, 5, 10, 9, 9, 8, 7, 8, 7, 6, 8, 6, 9, 9, 8, 7, 8, 6, 5, 11, 9, 9, 4, 9, 6, 10, 8, 8, 8, 7, 8, 9, 7, 8, 8, 8, 7, 8, 8, 
772: 6, 0, 8, 8, 0, 8, 0, 5, 0, 10, 0, 7, 11, 0, 10, 0, 0, 0, 0, 0, 9, 8, 6, 0, 0, 0, 10, 0, 0, 8, 8, 5, 10, 8, 9, 8, 0, 10, 0, 7, 0, 0, 9, 0, 7, 0, 9, 0, 0, 0, 0, 0, 8, 9, 5, 0, 6, 7, 7, 0, 0, 0, 9, 0, 6, 0, 0, 0, 0, 8, 0, 0, 6, 0, 7, 0, 9, 8, 0, 0, : 6, 8, 8, 8, 5, 10, 7, 11, 10, 9, 8, 6, 10, 8, 8, 5, 10, 8, 9, 8, 10, 7, 9, 7, 9, 8, 9, 5, 6, 7, 7, 9, 6, 8, 6, 7, 9, 8, 
500: 0, 0, 0, 0, 7, 0, 5, 0, 0, 0, 0, 6, 5, 9, 0, 0, 0, 9, 0, 5, 0, 0, 0, 7, 8, 0, 7, 8, 8, 7, 10, 8, 0, 0, 10, 0, 9, 0, 0, 0, 8, 6, 6, 0, 7, 8, 4, 0, 7, 6, 0, 8, 0, 9, 0, 5, 8, 8, 7, 0, 0, 0, 0, 0, 0, 0, 6, 0, 8, 0, 9, 0, 0, 0, 7, 0, 0, 9, 0, 8, : 7, 5, 6, 5, 9, 9, 5, 7, 8, 7, 8, 8, 7, 10, 8, 10, 9, 8, 6, 6, 7, 8, 4, 7, 6, 8, 9, 5, 8, 8, 7, 6, 8, 9, 7, 9, 8, 
784: 5, 0, 9, 10, 8, 8, 6, 9, 6, 0, 0, 0, 0, 5, 0, 6, 10, 9, 0, 5, 9, 8, 8, 9, 8, 9, 9, 9, 0, 9, 8, 0, 0, 0, 0, 0, 0, 6, 9, 0, 10, 0, 10, 5, 0, 4, 0, 0, 7, 8, 0, 6, 9, 0, 0, 8, 10, 0, 8, 0, 0, 6, 0, 7, 9, 0, 8, 8, 8, 8, 8, 0, 0, 9, 9, 0, 0, 8, 0, 0, : 5, 9, 10, 8, 8, 6, 9, 6, 5, 6, 10, 9, 5, 9, 8, 8, 9, 8, 9, 9, 9, 9, 8, 6, 9, 10, 10, 5, 4, 7, 8, 6, 9, 8, 10, 8, 6, 7, 9, 8, 8, 8, 8, 8, 9, 9, 8, 
649: 9, 8, 9, 8, 9, 0, 0, 0, 7, 0, 0, 9, 9, 0, 6, 0, 0, 0, 10, 11, 0, 7, 7, 10, 0, 0, 8, 6, 0, 8, 0, 7, 6, 0, 7, 9, 0, 0, 10, 11, 6, 0, 0, 10, 6, 0, 0, 9, 8, 10, 8, 8, 0, 0, 0, 8, 10, 8, 0, 0, 0, 9, 9, 0, 0, 0, 6, 0, 0, 0, 0, 8, 0, 9, 7, 0, 0, 9, 6, 0, : 9, 8, 9, 8, 9, 7, 9, 9, 6, 10, 11, 7, 7, 10, 8, 6, 8, 7, 6, 7, 9, 10, 11, 6, 10, 6, 9, 8, 10, 8, 8, 8, 10, 8, 9, 9, 6, 8, 9, 7, 9, 6, 
591: 0, 0, 6, 8, 6, 8, 0, 0, 0, 0, 7, 8, 0, 0, 0, 10, 0, 0, 8, 8, 9, 0, 10, 8, 0, 10, 0, 0, 0, 9, 0, 0, 8, 9, 8, 0, 10, 8, 0, 9, 0, 0, 0, 9, 0, 0, 10, 0, 0, 0, 9, 8, 9, 0, 9, 8, 7, 0, 7, 6, 0, 9, 0, 0, 0, 0, 0, 0, 0, 0, 0, 0, 0, 9, 0, 0, 0, 0, 9, 9, : 6, 8, 6, 8, 7, 8, 10, 8, 8, 9, 10, 8, 10, 9, 8, 9, 8, 10, 8, 9, 9, 10, 9, 8, 9, 9, 8, 7, 7, 6, 9, 9, 9, 9, 
25: 0, 5, 0, 0, 7, 0, 0, 9, 6, 0, 6, 11, 8, 0, 0, 10, 10, 0, 10, 7, 0, 8, 0, 0, 0, 0, 0, 9, 6, 0, 0, 9, 8, 8, 8, 0, 0, 6, 0, 9, 7, 0, 5, 9, 0, 10, 8, 7, 7, 0, 0, 0, 8, 0, 0, 10, 0, 0, 7, 0, 7, 0, 10, 0, 0, 8, 10, 0, 7, 6, 0, 9, 9, 0, 8, 0, 0, 0, 8, 7, : 5, 7, 9, 6, 6, 11, 8, 10, 10, 10, 7, 8, 9, 6, 9, 8, 8, 8, 6, 9, 7, 5, 9, 10, 8, 7, 7, 8, 10, 7, 7, 10, 8, 10, 7, 6, 9, 9, 8, 8, 7, 
318: 0, 0, 0, 8, 0, 8, 6, 0, 0, 0, 0, 0, 0, 7, 8, 7, 0, 0, 8, 9, 0, 0, 8, 8, 0, 7, 7, 0, 0, 0, 8, 9, 5, 8, 0, 0, 0, 8, 5, 0, 0, 0, 0, 8, 11, 9, 0, 0, 0, 10, 0, 6, 0, 7, 8, 0, 5, 8, 0, 8, 0, 9, 0, 0, 0, 0, 9, 8, 0, 7, 9, 0, 0, 8, 8, 0, 8, 7, 0, 6, : 8, 8, 6, 7, 8, 7, 8, 9, 8, 8, 7, 7, 8, 9, 5, 8, 8, 5, 8, 11, 9, 10, 6, 7, 8, 5, 8, 8, 9, 9, 8, 7, 9, 8, 8, 8, 7, 6, 
275: 6, 0, 8, 0, 0, 0, 0, 7, 7, 6, 0, 10, 0, 0, 7, 0, 0, 0, 4, 0, 8, 0, 0, 5, 0, 0, 10, 10, 5, 0, 0, 0, 9, 0, 7, 7, 7, 0, 0, 0, 9, 0, 5, 8, 0, 8, 6, 0, 9, 0, 9, 9, 6, 11, 0, 8, 0, 0, 0, 10, 0, 8, 0, 0, 7, 7, 6, 7, 7, 0, 0, 7, 0, 0, 9, 0, 0, 8, 0, 8, : 6, 8, 7, 7, 6, 10, 7, 4, 8, 5, 10, 10, 5, 9, 7, 7, 7, 9, 5, 8, 8, 6, 9, 9, 9, 6, 11, 8, 10, 8, 7, 7, 6, 7, 7, 7, 9, 8, 8, 
284: 10, 4, 11, 0, 10, 0, 8, 0, 0, 0, 0, 0, 8, 0, 0, 0, 0, 0, 0, 5, 9, 8, 0, 0, 6, 0, 0, 7, 9, 6, 0, 6, 6, 0, 6, 8, 0, 0, 0, 0, 0, 0, 7, 6, 0, 8, 0, 7, 0, 0, 8, 0, 0, 0, 8, 0, 7, 0, 8, 6, 0, 0, 8, 7, 0, 0, 8, 10, 0, 0, 0, 6, 7, 0, 7, 7, 7, 0, 0, 0, : 10, 4, 11, 10, 8, 8, 5, 9, 8, 6, 7, 9, 6, 6, 6, 6, 8, 7, 6, 8, 7, 8, 8, 7, 8, 6, 8, 7, 8, 10, 6, 7, 7, 7, 7, 
110: 0, 0, 8, 5, 8, 0, 0, 8, 0, 7, 9, 6, 0, 0, 6, 0, 0, 9, 0, 8, 7, 7, 8, 0, 8, 0, 9, 8, 8, 8, 8, 9, 0, 0, 0, 9, 0, 0, 0, 9, 0, 8, 5, 0, 0, 6, 8, 0, 0, 0, 0, 0, 0, 0, 0, 8, 11, 8, 6, 6, 9, 0, 0, 0, 7, 8, 0, 9, 7, 8, 0, 0, 0, 7, 7, 0, 6, 6, 0, 0, : 8, 5, 8, 8, 7, 9, 6, 6, 9, 8, 7, 7, 8, 8, 9, 8, 8, 8, 8, 9, 9, 9, 8, 5, 6, 8, 8, 11, 8, 6, 6, 9, 7, 8, 9, 7, 8, 7, 7, 6, 6, 
111: 0, 7, 0, 9, 0, 5, 0, 8, 6, 0, 5, 9, 8, 0, 5, 9, 0, 6, 0, 0, 0, 0, 6, 0, 10, 0, 8, 0, 0, 0, 0, 0, 0, 9, 0, 0, 8, 9, 7, 0, 0, 0, 6, 7, 11, 7, 8, 7, 0, 5, 10, 0, 0, 0, 8, 0, 0, 10, 9, 0, 10, 9, 0, 0, 0, 7, 9, 0, 0, 0, 8, 0, 7, 7, 8, 0, 0, 7, 8, 7, : 7, 9, 5, 8, 6, 5, 9, 8, 5, 9, 6, 6, 10, 8, 9, 8, 9, 7, 6, 7, 11, 7, 8, 7, 5, 10, 8, 10, 9, 10, 9, 7, 9, 8, 7, 7, 8, 7, 8, 7, 
173: 0, 9, 8, 5, 9, 9, 5, 0, 10, 9, 0, 6, 6, 8, 0, 6, 0, 0, 9, 6, 10, 6, 0, 0, 7, 0, 0, 8, 7, 5, 8, 0, 0, 0, 10, 10, 7, 0, 7, 0, 10, 0, 7, 0, 0, 0, 0, 10, 0, 0, 0, 9, 8, 0, 9, 9, 0, 6, 7, 0, 8, 0, 8, 9, 0, 0, 0, 8, 0, 7, 7, 0, 0, 0, 0, 8, 0, 6, 6, 0, : 9, 8, 5, 9, 9, 5, 10, 9, 6, 6, 8, 6, 9, 6, 10, 6, 7, 8, 7, 5, 8, 10, 10, 7, 7, 10, 7, 10, 9, 8, 9, 9, 6, 7, 8, 8, 9, 8, 7, 7, 8, 6, 6, 
793: 0, 6, 10, 0, 0, 8, 0, 0, 7, 0, 8, 11, 0, 0, 8, 6, 0, 8, 0, 7, 9, 8, 0, 7, 0, 6, 9, 9, 9, 7, 0, 5, 0, 8, 5, 0, 0, 0, 9, 6, 0, 0, 0, 0, 0, 0, 9, 10, 5, 0, 7, 0, 7, 6, 6, 8, 0, 10, 0, 9, 9, 8, 0, 6, 9, 9, 0, 8, 7, 9, 0, 0, 0, 8, 8, 7, 8, 9, 8, 0, : 6, 10, 8, 7, 8, 11, 8, 6, 8, 7, 9, 8, 7, 6, 9, 9, 9, 7, 5, 8, 5, 9, 6, 9, 10, 5, 7, 7, 6, 6, 8, 10, 9, 9, 8, 6, 9, 9, 8, 7, 9, 8, 8, 7, 8, 9, 8, 
480: 0, 10, 0, 9, 0, 9, 0, 8, 5, 7, 10, 6, 0, 0, 8, 6, 9, 0, 9, 0, 0, 8, 0, 9, 10, 0, 0, 5, 0, 5, 9, 0, 0, 7, 5, 0, 6, 0, 11, 9, 7, 8, 0, 4, 9, 0, 0, 7, 0, 0, 0, 9, 0, 9, 0, 0, 0, 0, 0, 0, 0, 0, 8, 8, 0, 0, 7, 0, 0, 0, 0, 0, 8, 6, 7, 0, 0, 0, 9, 0, : 10, 9, 9, 8, 5, 7, 10, 6, 8, 6, 9, 9, 8, 9, 10, 5, 5, 9, 7, 5, 6, 11, 9, 7, 8, 4, 9, 7, 9, 9, 8, 8, 7, 8, 6, 7, 9, 
324: 0, 0, 5, 8, 8, 0, 0, 9, 0, 8, 9, 8, 7, 5, 0, 0, 7, 10, 0, 0, 8, 0, 10, 0, 8, 0, 0, 9, 9, 9, 0, 8, 0, 0, 0, 0, 9, 0, 0, 7, 10, 0, 0, 11, 8, 8, 7, 8, 0, 6, 0, 0, 0, 0, 8, 7, 0, 0, 0, 0, 7, 5, 9, 8, 8, 0, 0, 0, 0, 0, 0, 7, 0, 7, 9, 0, 8, 0, 0, 0, : 5, 8, 8, 9, 8, 9, 8, 7, 5, 7, 10, 8, 10, 8, 9, 9, 9, 8, 9, 7, 10, 11, 8, 8, 7, 8, 6, 8, 7, 7, 5, 9, 8, 8, 7, 7, 9, 8, 
449: 0, 7, 0, 4, 0, 0, 10, 0, 0, 0, 0, 9, 0, 8, 5, 0, 0, 0, 0, 10, 0, 6, 9, 0, 6, 10, 0, 10, 8, 7, 0, 6, 7, 0, 8, 8, 7, 7, 8, 8, 0, 0, 7, 0, 6, 0, 0, 0, 0, 8, 0, 10, 7, 0, 0, 7, 0, 0, 0, 0, 0, 8, 0, 9, 8, 0, 0, 6, 9, 7, 6, 7, 0, 0, 6, 7, 8, 9, 8, 7, : 7, 4, 10, 9, 8, 5, 10, 6, 9, 6, 10, 10, 8, 7, 6, 7, 8, 8, 7, 7, 8, 8, 7, 6, 8, 10, 7, 7, 8, 9, 8, 6, 9, 7, 6, 7, 6, 7, 8, 9, 8, 7, 
502: 0, 11, 0, 0, 0, 7, 7, 8, 0, 9, 7, 0, 8, 0, 5, 0, 8, 7, 8, 0, 0, 0, 0, 7, 9, 0, 0, 0, 0, 8, 8, 10, 0, 10, 0, 0, 0, 0, 6, 0, 9, 8, 0, 0, 4, 0, 0, 6, 0, 0, 0, 0, 7, 9, 9, 10, 0, 6, 6, 8, 0, 8, 0, 9, 0, 7, 8, 0, 0, 6, 7, 0, 8, 0, 0, 9, 0, 0, 0, 8, : 11, 7, 7, 8, 9, 7, 8, 5, 8, 7, 8, 7, 9, 8, 8, 10, 10, 6, 9, 8, 4, 6, 7, 9, 9, 10, 6, 6, 8, 8, 9, 7, 8, 6, 7, 8, 9, 8, 
15: 6, 8, 0, 7, 0, 0, 0, 7, 0, 8, 10, 0, 6, 5, 7, 0, 8, 7, 8, 0, 7, 0, 0, 7, 10, 8, 0, 0, 0, 5, 9, 0, 8, 10, 0, 0, 0, 8, 0, 0, 5, 8, 0, 0, 0, 5, 0, 7, 9, 8, 0, 7, 9, 8, 8, 7, 0, 6, 8, 0, 8, 8, 0, 0, 0, 0, 7, 6, 9, 0, 0, 9, 0, 0, 0, 9, 0, 7, 9, 7, : 6, 8, 7, 7, 8, 10, 6, 5, 7, 8, 7, 8, 7, 7, 10, 8, 5, 9, 8, 10, 8, 5, 8, 5, 7, 9, 8, 7, 9, 8, 8, 7, 6, 8, 8, 8, 7, 6, 9, 9, 9, 7, 9, 7, 
532: 9, 9, 8, 10, 5, 5, 0, 0, 7, 7, 7, 0, 8, 10, 0, 8, 0, 4, 0, 9, 0, 0, 8, 8, 8, 0, 0, 0, 0, 6, 0, 0, 6, 0, 10, 0, 6, 11, 6, 0, 6, 10, 7, 0, 0, 10, 0, 0, 0, 9, 0, 0, 0, 0, 6, 9, 0, 0, 0, 0, 7, 0, 7, 6, 6, 0, 8, 0, 9, 8, 8, 7, 9, 0, 0, 9, 0, 8, 7, 0, : 9, 9, 8, 10, 5, 5, 7, 7, 7, 8, 10, 8, 4, 9, 8, 8, 8, 6, 6, 10, 6, 11, 6, 6, 10, 7, 10, 9, 6, 9, 7, 7, 6, 6, 8, 9, 8, 8, 7, 9, 9, 8, 7, 


